username,display_name,post_content,post_date,bio,matched_keyword,gemini_account_type_result,human_account_type_result,gemini_user_status_label,human_user_status_label
bhtnwt,bhtnwt,"不想被認出來才開小帳
我是一個高三生
為了符合社會的規則趨勢
我拋棄興趣和天分選擇相對安全的道路
但我總在窺探被我親手拋棄的未來
我一直在存那些不會用到的升學方式
羨慕地看著那些選擇這條路繼續走下去的人
並常常幻想如果我沒有放棄的另一種結局
想紀錄自己的一些突然的思考或疑問
直到哪天我被社會消磨成合格又無趣的大人
到哪天我不再有那些不合時宜的幼稚",2026-01-29 23:52:00,逐漸向現實妥協的極端夢想家,憂鬱,not_enough_posts,,skipped,
fearmotor,Brad Booker,"憂鬱的人才看得懂這段話
情緒低落、手抖、頭暈、喘不過氣
一次一次，好像想通了，又馬上卡住
以為快撐過去了
卻又被一些破事和爛人拖回原點
那種怎麼努力都緩不過來的感覺…",2026-04-06 13:05:00,"𝙵𝟹𝟸𝟸, 𝙵𝟹𝟹𝟺𝟶 𝙵𝟺𝟷𝟶
, 𝙵𝟺𝟷𝟷,𝙶𝟺𝟽𝟶𝟶 
重鬱症患者的求救空間",憂鬱,pass,,high_depression_risk_user,
fearmotor,Brad Booker,"一個職場
如果能把一個原本開朗、敢講、還對未來有期待的人
一點一點磨到不敢說話、開始懷疑自己
甚至連活著都覺得很累
那這已經不是工作了
是慢性消耗一個人的地方",2026-04-02 14:47:00,"𝙵𝟹𝟸𝟸, 𝙵𝟹𝟹𝟺𝟶 𝙵𝟺𝟷𝟶
, 𝙵𝟺𝟷𝟷,𝙶𝟺𝟽𝟶𝟶 
重鬱症患者的求救空間",憂鬱,pass,,high_depression_risk_user,
fearmotor,Brad Booker,"生病好幾年了
昨天我媽看到我的藥袋，沒有責怪，反而坐下來問我最近是不是又復發了
她說，其實她不太懂憂鬱症，但她知道我一定活的很辛苦
也不是因為我不上班才這樣，而是因為狀態不好，才暫時沒辦法工作
她沒有逼我立刻振作起來，只是跟我說
不用急，先把自己照顧好就好，等你覺得比較OK了，我們再一起想接下來怎麼走
原來被理解一點點，真的就不會那麼想消失了...",2026-03-25 16:06:00,"𝙵𝟹𝟸𝟸, 𝙵𝟹𝟹𝟺𝟶 𝙵𝟺𝟷𝟶
, 𝙵𝟺𝟷𝟷,𝙶𝟺𝟽𝟶𝟶 
重鬱症患者的求救空間",憂鬱,pass,,high_depression_risk_user,
yuansun_piano,圓山鋼琴,"說真的，勸大家不要衝動買鋼琴
每次看到有人為了學琴，頭期款一刷、幾十萬的鋼琴搬回家，結果半年後變成長灰塵的置物架（上面還堆滿衣服），真的會替錢包哭泣
其實一開始「用租的」就好了
彈得下去是興趣，彈不下去就退還，省下來的錢拿去多請幾個好老師不香嗎？
各位家裡的鋼琴現在是拿來彈，還是拿來堆衣服的？歡迎分享慘案",2025-12-27 13:56:00,努力的讓琴聲輕鬆進入每個人的生活,哭泣,not_enough_posts,,skipped,
palnlee,Paln Lee,每次只要聽到要抽骨髓，就很害怕，一早隔壁有一位年輕人在抽骨髓，聽到她一直在喊叫哭泣，感同身受，為什麼要得這種病⋯,2026-03-09 09:27:00,,哭泣,not_enough_posts,,skipped,
adh8680,啊素❤️,"有沒有人跟公婆住以後每天都在哭泣
明明大家都對你很好，但你就是突然好想家，覺得在公婆家一點都不快樂..
難道這已經是產前憂鬱了嗎？
每一個瞬間都可以掉眼淚⋯⋯
最後半個月要生產了才回來跟公婆住.. 一天半就已經快把眼淚哭乾了！
每天都想回家 生完小孩做完月子就想搬離開這裡想回自己家裡🥲",2026-04-02 00:06:00,會吵的小孩有糖吃🍬,哭泣,not_enough_posts,,skipped,
oyeigc,oyeigc,嘲笑愛的人 會為愛哭泣,2025-11-19 22:53:00,這個是拿來分享東西的ㄉ帳號（＾ν＾）,哭泣,not_enough_posts,,skipped,
roger851031,戴郁儕,"#售
2026大港開唱雙日票
因臨時有事無法離開，讓兩票一男一女
以下可分開購買，全包折2000元
［售價］
大港開唱雙日票 4800元，共兩張一男一女
3/21-3/22鳥巢商旅（七賢館）雙人房 3700元
高鐵3/22 左營22:20—南港00:30 1530元，共兩張
［地點］
限台北面交 ，交換證件讓買家可以入場
代替我聽完孤獨搖滾😭😭😭",2026-03-20 09:46:00,,孤獨,not_enough_posts,,skipped,
kweiln_,Louis,當你開始獨自享受大學生活 在大學裡不必害怕一個人吃飯 一個人散步獨處的時光 正是上天給你的禮物 讓你有機會與自己深度對話 看清自己真正的渴望 當你學會享受孤獨 你的內心便開始真正變得強大而富足,2026-03-18 17:13:00,喜歡就好,孤獨,not_enough_posts,,skipped,
kiwidogggggg,轟轟轟宏,"首日懶人包
入場速度：2號>1號>>>3號
排隊時間：東立>木棉>>>角川/長鴻>曼迪>funbox>羚邦
結帳速度：木棉/羚邦>funbox>角川/長鴻>曼迪>東立
今日缺貨：曼迪（孤獨搖滾）>木棉（暗殺教室/非主打ip/滿額贈）>東立（會限）>角川/長鴻（會限）>funbox(櫃檯區會限）>羚邦（滿額贈）",2026-04-03 21:37:00,perfect plan,孤獨,not_enough_posts,,skipped,
carine4hl,Carine,"《集體孤獨》
受傷一個人結疤 劇痛嗌到聲沙
想某個人來抱抱 不遲不早 來互相虛耗
幾百萬人在孤單 沒人願分擔
同樣空間 不一的時間
過得比你慘 過得比誰讚
過得今晚還有個無限
此時此刻的他唱出了自己的心聲～",2026-04-05 17:24:00,活在当下，随遇而安！,孤獨,not_enough_posts,,skipped,
tony1020608,Tony,"越長大越發現
從社群大概可以知道一個人的個性、生活
📍每日限動發的跟螞蟻一樣的：
內心其實很孤獨，有很大的分享欲
📍很喜歡回顧以前的：
通常現在過的不好
📍平常很安靜，突然狂發限動：
生活發生改變（談戀愛、出國、有曖昧對象，想吸引注意）",2026-03-20 18:29:00,社畜一枚🥲,孤獨,not_enough_posts,,skipped,
super71013,葉花花,"我從冰島回來了
非常不可思議的地方
感受在世界的盡頭，感受孤獨又浪漫的地方",2026-04-03 21:56:00,小公主👑,孤獨,not_enough_posts,,skipped,
super71013,葉花花,快閃香港🇭🇰,2026-03-23 01:18:00,小公主👑,孤獨,not_enough_posts,,skipped,
wei_bac,wei_bac,"太搖滾了🎸🎸🎸
孤獨搖滾給我去小巨蛋",2026-03-22 16:31:00,"Holo 動漫 吉伊卡哇
「必死に縋ってもずっと証明を 
        ねえゴーストみたいだ 
   如同鬼魂般 死命的追逐並證明」",孤獨,not_enough_posts,,skipped,
wei_bac,wei_bac,"我愛巧虎 巧虎愛我
去年水果奶奶今年巧虎
我覺得明年香蕉哥哥需要來一下大港開唱",2026-03-21 20:15:00,"Holo 動漫 吉伊卡哇
「必死に縋ってもずっと証明を 
        ねえゴーストみたいだ 
   如同鬼魂般 死命的追逐並證明」",孤獨,not_enough_posts,,skipped,
clairestelleee,clairestelleee,"身高164
體重60
建議施打猛健樂嗎？我真的覺得我這輩子都在減肥痛苦到死⋯很不想要再過著計算熱量跟飲食罪惡感的生活了",2026-03-22 23:44:00,,罪惡感,not_enough_posts,,skipped,
clairestelleee,clairestelleee,強烈需要大家推薦自己覺得好聽的歌給我！！,2026-03-14 23:11:00,,罪惡感,not_enough_posts,,skipped,
summer832,summer832,"風和日麗☀️☀️
天氣爆好
到蘆洲夜市吃飽飽後要去哪裡逛逛呢
不專業實測走路只要4-5分鐘可以到目前蘆洲最大NET逛逛，賣場500坪可以在裡面吹冷氣，一邊消耗吃太飽的罪惡感
店員真的是慢慢走，沒有用歸貨的速度往前衝刺
蘆洲區中山一路163號",2026-03-15 14:27:00,NET小員工,罪惡感,not_enough_posts,,skipped,
summer832,summer832,"📣📣📣最新折扣
5件對折不用，直接下殺4折
紅標男、女、童、配件、家居
1-3樓皆有紅標商品
還不快手刀搶購嗎
蘆洲區中山一路163號",2026-03-15 13:11:00,NET小員工,罪惡感,not_enough_posts,,skipped,
parisinaintw,Parisina❤️,"我是長女，從小就聽她訴說她的苦和委屈，我不是不明白她的苦，只是讓一個孩子從六七歲就開始背著她的情緒，被迫早熟，我現在當了媽媽才懂對孩子的傷害有多大。
她以前從她的童年、婚姻、婆媳問題、經濟困境，任何生活的委屈都會跟年幼的我說。所以即使到現在只要我覺得生活過得比她好一點，就會很有罪惡感、不配得感。我住在國外，我也不敢跟媽媽分享太多我生活的近況，或許聽來奇怪，但我有時候能感受到她的嫉妒。",2025-11-18 23:56:00,,罪惡感,not_enough_posts,,skipped,
joanne_330524,周芷嫻,"優格機是我購入數一數二滿意的商品
因為太太太太愛吃優格了乾脆自己做
超級省錢還很好吃 不會酸！
一台才三四百塊還超簡單倒熱水隔天收成就搞定👍🏻
還可以自己過濾成希臘優格
要多少有多少！！
我還把優格做成巴斯克蛋糕 我超愛⋯
已經做第三顆了🤤
沒罪惡感還蠻好吃 超爽～ 小艾的食譜三百分",2026-03-27 14:38:00,🍬,罪惡感,not_enough_posts,,skipped,
joanne_330524,周芷嫻,"吃了肉圓 雪梅娘還有慶豐牛排的一天
阿璋油泡🥇 北門口脆皮🥇 
而且超級幸運沒排隊就買到雪梅娘 
然後還得到別人的慶豐牛排號碼牌！
到底是誰要授袍了還在亂吃啊😗",2026-03-16 14:52:00,🍬,罪惡感,not_enough_posts,,skipped,
tacobi______,章魚嗶,"欸雖然現在找不到工作有點罪惡感
但我目前是完全不後悔裸辭這個決定",2026-03-26 19:37:00,,罪惡感,not_enough_posts,,skipped,
rocas_english_flow,rocas_english_flow,"「連假第一天，其實你可以不用這麼努力。」
去年四月初，我真的讀不下去了。
那時候我身上掛著兩個行政職，一邊教課，一邊還要跑論文數據跟教授 meeting。
我還記得那天晚餐我坐在一間丼飯店，剛點完一份海南雞飯，心裡只有一個感覺：我的電量見底了 🪫。
於是那個連假我去南投玩了三天，回來後，我決定暫時放下考古題，把剩餘力氣拿去應付行政跟論文。
很多人問：「這樣不會落後嗎？」
說實話，剛開始很有罪惡感，所以中間我嘗試坐回書桌，但發現也只是在放空，所以最後索性先斷開。
沒想到，這兩週的「進度斷食」反而救了我。它讓我換來接下來三個月穩定且靈活的自律。
充飽電後，我不再逼自己坐冷板凳，而是利用每次下課、打掃的 5 到10 分鐘刷 3 題。這份「無壓力的節奏」，反而讓我一路撐到上岸（當然下班後也會固定刷題）。
所以我想跟正在焦慮的老師們說：
「教甄是場耐力賽，撐過每一次的徬徨期，你就是贏家 ✨」
如果這幾天必須掃墓、必須處理家務，請把罪惡感一起埋葬 🪦。
先找回你的節奏，我們才能在終點慶祝上岸。
這個連假，你有安排「充電計畫」嗎？
我們休息後再出發☀️
#教師甄試#教甄#國小英語教甄",2026-04-03 14:28:00,"🥇 Roca | 114國小英語教甄榜首
🚩高效備考、心理調適、教學日常
✏️複試心法➡️不補習複試全攻略撰寫中…
🏋️‍♀️非英語教育本科，行政、教學、論文三頭燒，碩士應屆上岸
🌊所以先別慌，你/妳一定也能游到。",罪惡感,not_enough_posts,,skipped,
elliehelloya,Ellie 璦莉,"因為失業，而有了一段空窗期
但也因為這樣，莫名的開始焦慮
今天被朋友提醒了：
你好不容易站在A點（待業中）
你可以好好享受、利用這段時間
而不是望著C點（就業），
痛苦的掙扎
你最終還是會找到工作，一份你喜歡並理想的工作
而現在的你，要好好地活在這段時間裡。",2026-04-01 23:41:00,正在行動的思想家,焦慮,not_enough_posts,,skipped,
elliehelloya,Ellie 璦莉,"呼叫今天有去竹北遠百的動森居民！
地點：竹北遠百、
時間：3/28星期六
朋友很愛的手作包包在遠百弄丟了！
裡面只有一張信用卡，
目前已掛失～
她有去【旭集、ABC MART】
包包是她自己手縫8小時，
還用彩色縫線，
但真的不知道在何時弄丟了！
希望有流量😭😭",2026-03-28 21:08:00,正在行動的思想家,焦慮,not_enough_posts,,skipped,
geniusbaby._.0812,small yang,"「焦慮是因為你本身就具有完成這件事的能力」
-
-
-
-
-
就像你不會因為造不出原子彈而焦慮
-
-
-
-
-
就像你不會因為造不出原子彈而焦慮",2026-03-17 17:51:00,"這是沒有一個人知道的抱怨小天地
屬於我的地方🥱
我的好朋友們 看到了不要跟我說 你們就當不知道就好 拜託
這樣我真的真的真的會很尷尬的啦😗",焦慮,not_enough_posts,,skipped,
eljiz_secrt_dream_me,secret,"提問！
有誰也會在焦慮的時候瘋狂滑手機
明明就很焦慮 但就是會變焦慮變亂滑手機
甚至自己的都不知道自己在滑什麼",2025-09-11 01:32:00,,焦慮,not_enough_posts,,skipped,
1999o2o8,Mo,"確診焦慮症的第四個年頭-
其實我是到了最近才敢讓身邊人知道我有焦慮症
當別人得知我有焦慮症時的反應都是
『那你是不是很愛亂想、很容易緊張？』
其實 完全沒有 我覺得我每天都很快樂
我也沒什麼壓力 或者煩心事
我甚至都不知道我為什麼會得這種病
我不清楚別人焦慮症發作的反應是什麼
但我個人的反應會是
1.大腦完全死機 放空 無法思考任何事
2.解離症狀-全身發麻 感官延遲 手止不住輕微顫抖
正在觸摸東西時會延遲幾秒才能感受到自己在觸摸東西
3.失眠 淺眠 難以入睡 一點聲音就醒
現階段每天睡前吃兩顆鎮定劑以及一顆安眠藥
也是要躺2.3個小時才能睡著
挺好奇其他焦慮症患者的症狀會是什麼
或者 有成功康復的人可以分享如何讓自己好轉的",2026-03-31 23:26:00,好想把你家賣掉,焦慮,not_enough_posts,,skipped,
sherry.hsuan,Sherry,"今天從台北101搭紅線捷運到台北車站
突然焦慮恐慌發作
在大安站時緊急吞了顆緊急用藥
但狀況還沒有改善 全身開始抖
尤其是雙手不自覺一直發抖
反而覺得吸不太到空氣
很努力的腹式呼吸想讓自己平靜下來
我詢問隔壁的小姐她到哪一站
她回我是士林
我開口詢問：「不好意思，我焦慮恐慌有點發作 我剛剛有吞緊急用藥，現在比較緊張 可以借我抓妳的袖子嗎？」
她馬上回我「可以沒問題」
之後她不再滑手機可能在觀察我的狀況
看到我手抖成那樣，她詢問有沒有需要幫忙什麼
我說「先這樣就可以了 真的很謝謝你」
最後這位姐姐在台北車站跟我一起下車
陪我上樓到出閘口
還不忘跟我說如果還是不舒服，記得要請其他人幫忙
真的很感謝那位小姐對我伸出援手🥹
過一段時間比較平靜之後忍不住流了眼淚
關關難過關關過
焦慮恐慌這關怎麼這麼難過
到底什麼時候才能結束😣
一年多了 每次發病完就會陷入低潮
我希望我可以越來越好
焦慮症發作",2025-01-16 18:24:00,"Don't be a woman that needs a man. 
Be a woman a man needs.",焦慮,not_enough_posts,,skipped,
yubb03,壞兔的豬,你焦慮是因為  你有考上去的能力,2025-10-08 00:12:00,"生處在宇宙中的渺小人類
活在悲觀坐標系的豬，有朝一日要無憂無慮的生活",焦慮,not_enough_posts,,skipped,
mm0317mmm,蛤,"想分享一下這幾年以來恐慌症發作時的心路歷程
我沒有去看過醫生 大概從查找的資料判斷是恐慌症眼前發黑 心跳加速 感覺喘不過氣等等
剛開始不太知道要怎麼緩解 症狀大概就持續幾個小時斷斷續續的 只能先躺著或坐著休息直到感覺消失
後來發現 身體不舒服 空氣悶（尤其坐車）人多的地方更是容易有恐慌的感覺
這幾年下來 總結的方法是
1.先檢查是否是因為自己身體哪裡不適 太熱 太悶 還是胃（自身經驗跟胃不舒服也很有關係）不舒服能不能調整 例如脫外套 喝水 或是換個讓自己舒服一點的姿勢等等的
2.如果發現跟上述有關 也感覺身體有舒服一點 就可以跟自己說：看吧 不舒服的感覺是可以改變的 以此讓自己本來緊張的感覺下降
3.若上述方法都做了依然沒有效果 那就跟自己說 那就這樣吧 不然就昏倒吧 我能怎麼辦
（這個方法莫名有效 因為我發現若是剛好在外面發生時 我最害怕的 好像是會麻煩別人 會被別人看到自己現在這樣的狀態）",2026-03-10 15:28:00,,恐慌,not_enough_posts,,skipped,
cattac_____,Cat,"都說壓力大的時候容易晚睡
抑鬱的時候容易嗜睡
焦慮的時候容易早醒
內耗的時候容易多醒
如果這些都湊在一個人身上的時候
那這個人得有多煎熬",2026-03-30 02:50:00,,壓力,pass,,high_depression_risk_user,
cattac_____,Cat,"原來大家都無法接受自己看錯人
不是不甘心
而是一直原諒不了的是自己
做人就是那麼諷刺
不物質的人也沒得到真心
什麼都不圖的時候 也沒被對得起
從來不是原諒不了別人
是原諒不了 曾經毫無保留的自己",2026-03-27 00:21:00,,壓力,pass,,high_depression_risk_user,
cattac_____,Cat,"長期用意志力和忍耐力去壓抑內心的痛苦和恐懼
可是當痛苦超出身體承受的極限 人就會抑鬱 焦慮
暴躁 具有攻擊性 甚至失去理智",2026-03-25 00:57:00,,壓力,pass,,high_depression_risk_user,
cattac_____,Cat,"在最難過的時候 都會裝的若無其事
￼從小到大都嘴硬
無論什麼事都會裝逞強
但其實不快樂
總是在￼情緒失控後逐漸開始變得情緒平靜
￼甚至覺得自己越來越冷漠
可這樣真的好嗎 我好像快要碎掉了",2026-03-23 22:54:00,,壓力,pass,,high_depression_risk_user,
dijshso,小咩,"點開的人
你2026的 內耗 煩惱 壓力 焦慮 賤人 通通遠離你
你2026的 內耗 煩惱 壓力 焦慮 賤人 通通遠離你",2026-02-14 11:07:00,專發廢文,壓力,not_enough_posts,,skipped,
dijshso,小咩,"真的沒有人覺得
要退擔還發影片說要退擔還取關什麼的很白癡嗎
要退擔還發影片說要退擔還取關什麼的很白癡嗎",2026-02-14 09:06:00,專發廢文,壓力,not_enough_posts,,skipped,
dolp_hin1456,dolp_hin1456,人一有壓力身體或情緒就會出問題,2025-12-25 10:30:00,很有感觸的T人,壓力,not_enough_posts,,skipped,
leevoonyi,李雯仪   注册与执证心理辅导师,"「這些話，請不要對憂鬱症患者說。」
你知道嗎？憂鬱症，不是太敏感、抗壓力低、或心情不好，是一種身心健康的疾病，且不是患者自身想發生的。
隨著憂鬱症越來越盛行，雖然大家都知道什麼是憂鬱症，但不一定真正理解它。
憂鬱症患者所經歷的辛苦，並非我們三言兩語，或一句：加油、放輕鬆、不要想太多，就能好起來。
接下來的12句話，或許是出於關心、鼓勵，也可能只是日常的聊天，但它們無法真正同理，一個正在經歷憂鬱的人。也是我們日後與憂鬱患者互動時，要避開的雷。",2025-12-16 20:19:00,"🧡馬來西亞註冊心理輔導師 (KB;PA)
🎓輔導碩士 Master of Counselling 
🎓心理學學士 Degree in Psychology 
💟IG帳號➡️leevoonyi
⚠️台灣的「諮商」，在馬來西亞的專業名稱是「輔導」。都是專業的助人工作，只是職稱名字不同。",壓力,not_enough_posts,,skipped,
y_wzx09,y_wzx09,"適當的壓力才叫壓力
過度的壓力叫病例
過度的壓力叫病例",2025-12-11 20:33:00,努力活成自己喜歡的樣子,壓力,non_life,,skipped,
y_wzx09,y_wzx09,"傷口會有疤
所以也不能要求心理創傷從心理消失
所以也不能要求心理創傷從心理消失",2025-12-08 23:36:00,努力活成自己喜歡的樣子,壓力,non_life,,skipped,
y_wzx09,y_wzx09,"明天和意外不知道哪個先到
活在當下最重要
活在當下最重要",2025-12-08 23:11:00,努力活成自己喜歡的樣子,壓力,non_life,,skipped,
horse.7629785,horse.7629785,"內容比較負面自己發洩情緒用的。
好迷茫，明明之前每天都很充實，不知道為什麼突然變得好空虛，有的時候沒做什麼事就覺得好累，想要擺爛卻怕成績掉下去，想往上爬去找不到向上的目標。有的時候想找人聊天點開IG或message發現根本沒有好到可以交心的朋友，所有事情都堵在心裡出不來，看到讓別人感到難過的事發現自己根本沒什麼情緒，搞不懂在哭什麼，就連家裡人去世時也沒什麼感覺，彷彿早就料到了一樣，只是偶爾看到嚮往的生活時胸口會悶悶刺刺的，說不上來的感受，或許我真的病了吧…連表達情緒這種事都做不到，我真的好廢物。
好迷茫，明明之前每天都很充實，不知道為什麼突然變得好空虛，有的時候沒做什麼事就覺得好累，想要擺爛卻怕成績掉下去，想往上爬去找不到向上的目標。有的時候想找人聊天點開IG或message發現根本沒有好到可以交心的朋友，所有事情都堵在心裡出不來，看到讓別人感到難過的事發現自己根本沒什麼情緒，搞不懂在哭什麼，就連家裡人去世時也沒什麼感覺，彷彿早就料到了一樣，只是偶爾看到嚮往的生活時胸口會悶悶刺刺的，說不上來的感受，或許我真的病了吧…連表達情緒這種事都做不到，我真的好廢物。",2026-03-29 23:12:00,,空虛,not_enough_posts,,skipped,
_____o720,ᴜ ᴜ,"逐玉追完了好空虛
所以⋯現在下一部要看什麼呢🫪",2026-04-03 03:16:00,淡淡的就會順順的,空虛,not_enough_posts,,skipped,
_____o720,ᴜ ᴜ,"💬
“沒有人可以接住我的沈重，所以在外人眼中我常常是輕盈的”",2026-03-30 05:38:00,淡淡的就會順順的,空虛,not_enough_posts,,skipped,
ollyeliobabes,ollyeliobabes,"已經習慣上班看股票
吃飯配股票
晚上睡覺前滑美股
這放個四天連假
內心好空虛啊😩😩😩",2026-04-03 11:23:00,我本人超級討厭國民黨,空虛,not_enough_posts,,skipped,
ollyeliobabes,ollyeliobabes,"還得是王世堅🤣🤣
記者都笑到美叮美噹",2026-03-30 23:08:00,我本人超級討厭國民黨,空虛,not_enough_posts,,skipped,
vanitas__jeanne3,王維靖,意外的有點早結束，挺空虛的，我以為會嗨到10點,2026-04-04 18:58:00,會出門的臭宅,空虛,not_enough_posts,,skipped,
vanitas__jeanne3,王維靖,還在撐還在撐，不能睡不能睡,2026-04-04 13:26:00,會出門的臭宅,空虛,not_enough_posts,,skipped,
ydoububu.05,Dobby🧦,"有冇人都有追XO KITTY
啱啱一次過煲曬￼XO Kitty S3😭😭😭
睇嘅時候有幾開心，幾爽，宜家就有幾空虛
唔知點解真係有睇住個女大嘅感觸
同埋真係好羡慕Kitty有咁支持佢嘅friends 同family group，睇到好warm同埋全程姨母笑
已經好想睇第四季啊啊啊",2026-04-03 21:42:00,"Dobby is freeeeee 咩都講下咁💭🧦
一個俾我發下up phone嘅地方☎️",空虛,not_enough_posts,,skipped,
ydoububu.05,Dobby🧦,"今日見到個po 純粹有感而發
再一次感嘆做女仔實在太辛苦，
見勁多靚女都會容貌焦慮
但講緊係佢哋已經好靚😭😭😭
係咪要逼死我呢啲普通樣嘅女仔
所以我下世投胎一定要做一個靚仔
膚淺咁講，喺條街人類觀察，
靚仔嘅隔離一定都會係靚女
但靚女身邊嘅唔一定係靚仔😭😭😭
再好老實咁講，覺得女仔真係好似冇咁睇外表，會睇一個人嘅內在多啲
身邊有啲朋友明明自己已經好靚，性格又好但竟然會覺得自己襯唔起佢男朋友😭cls
（仲要好多靚女性格仲要好好
我下世一定要做靚仔😭😭😭）",2026-03-22 00:31:00,"Dobby is freeeeee 咩都講下咁💭🧦
一個俾我發下up phone嘅地方☎️",空虛,not_enough_posts,,skipped,
mooqi_eat,𝐌𝐨𝐨𝐪𝐢吃美食甜點 ´ސު｀𓈒𓂂 台南 高雄 嘉義 台北 旅遊住宿,"\ 20家台南早午餐/ 
這篇放我自己喜歡也蠻推的！
1.後座熟食 ✔️餡餅跟熱煎三明治
2.冬日 ✔️泰式雞腿冷麵好吃
3.和喫 ✔️早午餐 烤餅 鬆餅球
4.熊記 ✔️盲點都好吃
5. lulu&bun ✔️早午餐可續麵包
6.pianopiano ✔️明太子雞腿
7. 島旅 ✔️鴨胸跟班尼迪克蛋
8.別有 ✔️鹹派配菜都好吃
9.李紀商行 ✔️丹麥吐司超讚早午餐普
10.錫鼓 ✔️鬆餅薄餅都超好吃",2024-07-30 21:09:00,"常常發掘𝗧𝗮𝗶𝗻𝗮𝗻寶藏小店𝞋𝞎 .･*
精選動態分類更完整 快去看♡︎ᵎᵎᵎ",空虛,not_enough_posts,,skipped,
guooo_hui,Guooo_HUI,"明天開始沒有선우찬好空虛好捨不得～
榮登我的第一名韓劇！
果然韓劇就是要HE！！！！
不然現實生活都已經很辛苦了韓劇還看得辛苦就太不合理了（？）
第一張蔡鍾協笑的太好看了，必須必須放第一張🥹🥹🥹希望花絮可以來個一小時最好送個全部未公開花絮꒰ ⸝⸝ɞ̴̶̷ ·̮ ɞ̴̶̷⸝⸝꒱",2026-04-03 22:26:00,我愛虎皮蛋糕:D,空虛,not_enough_posts,,skipped,
guooo_hui,Guooo_HUI,"第11集看完直播只有一個感想，那個수진一定有說謊⋯⋯⋯⋯⋯⋯⋯
雖然已經預料到這一集的進度了，但看到還是覺得什麼鬼！！！為什麼大家都在怪선우찬!!!!特別是討厭的수진!!!而且真的只有爺爺什麼都懂ㅠㅠㅠㅠ爺爺榮登本劇MVP，然後全劇最慘선우찬榮登
看了下集預告應該是HE！！！但11集編劇真的有點太過分了哦🙂",2026-03-28 22:18:00,我愛虎皮蛋糕:D,空虛,not_enough_posts,,skipped,
jessica._3661,ᴘ ɪ ɴ ɢ ღ,"好想知道逐玉的曾導還有拍什麼劇🥹
看完逐玉好空虛😭",2026-04-03 16:06:00,"Having the time of my life 
☆ .°🍰 .⁎✨·.° 🍩 ⁕. ✩🍥.· ღ",空虛,pass,,non_depression_risk_user,
jessica._3661,ᴘ ɪ ɴ ɢ ღ,"在線徵二手蘋果電腦
有人有不要的蘋果電腦嗎
可以私訊我！",2026-04-02 07:48:00,"Having the time of my life 
☆ .°🍰 .⁎✨·.° 🍩 ⁕. ✩🍥.· ღ",空虛,pass,,non_depression_risk_user,
jessica._3661,ᴘ ɪ ɴ ɢ ღ,"是我太久沒吃優格了嗎🥹
這個已經少了1/3了吧🫠🫠",2026-03-31 20:23:00,"Having the time of my life 
☆ .°🍰 .⁎✨·.° 🍩 ⁕. ✩🍥.· ღ",空虛,pass,,non_depression_risk_user,
justpeter,Peter Chen,"其實脆有點玩膩了，有點空虛。
最後一語：珊迪、旺宏、群聯 
短期都不會賣，蘇波塞口奇蹟自來。
之後不再更新，下台一鞠躬。
祝大家賺大錢，拜拜。",2026-03-17 22:32:00,"Taipei, Taiwan🇹🇼 
AI廢片王",空虛,pass,,non_depression_risk_user,
justpeter,Peter Chen,"不是只發廢片假嗨，
我還是習慣用行動證明，
大家一起加油，
最後我們都會尋得大秘寶的。
YOLO💪",2026-03-12 22:07:00,"Taipei, Taiwan🇹🇼 
AI廢片王",空虛,pass,,non_depression_risk_user,
justpeter,Peter Chen,"收到信才突然想到我也是半個阿聯酋居民…
希望一切爭端趕快平息，世界和平。
我還是對中東瑞士有信心…..的吧。
尊敬的住戶與投資人：
我們希望這封信件能為您與您所愛的人帶來安康。
我們理解，最近的區域新聞可能讓您對阿聯酋及本地區的整體情勢，以及您在本公司之投資安全產生疑問或擔憂。對於DAMAC而言，讓您安心是我們極為重視的事，因此我們希望藉此機會向您提供說明與保證。
我們有信心地向您分享：阿聯酋與杜拜目前一切運作正常，日常生活、商業活動與各項服務在全境皆順利進行。於DAMAC內部，我們的建築工程、物業管理服務、客服支援、營運及所有與DAMAC相關的功能皆未受干擾，維持全面正常運作。",2026-03-09 22:33:00,"Taipei, Taiwan🇹🇼 
AI廢片王",空虛,pass,,non_depression_risk_user,
justpeter,Peter Chen,"最近對有記憶體的朋友肯定不太好熬…
但…人生就是這樣，
不可能時時順境過年，
有高有低都是人生的滋味，
幾年後回頭都是有趣的戰役跟趣事，
凡殺不死我的，必使我強大（前提是不能被殺死）
也別過度專注在市場，忘記了愛你的人事物
最後務必請記得及時行樂。
湊足小時夢想，牛馬蛙，感謝陪我一起努力的人事物。
只能用一張「馬上牛逼」跟大家一起加油了💪",2026-03-06 15:20:00,"Taipei, Taiwan🇹🇼 
AI廢片王",空虛,pass,,non_depression_risk_user,
kitty0312_luhan,kitty,"剛剛絕望到快哭出來
客運到高鐵站離發車剩三分鐘
機台跟手機都買不到自由座
一路狂奔去售票處問我要到哪裡
就叫我直接到車上補票
工作人員幫我開門然後衝下去月台
在最後一秒上車
從下客運不知道講了多少個靠北
真心謝謝高鐵的工作人員們😭
不然我就要去搭客運凌晨才能到家了",2026-04-05 22:31:00,"南西肯恩ψ(｀∇´)ψ
貝克小姐🥯
P!SCO🐧",絕望,not_enough_posts,,skipped,
kitty0312_luhan,kitty,焦慮小狗好害怕搭不上,2026-04-05 22:02:00,"南西肯恩ψ(｀∇´)ψ
貝克小姐🥯
P!SCO🐧",絕望,not_enough_posts,,skipped,
puppy_love.douwant_tolisten,puppy_love.douwant_tolisten,"最絕望嘅係
你feel到佢對你唔係完全冇feel，但就係好難再進一步
你feel到佢對你唔係完全冇feel，但就係好難再進一步
🫠",2026-01-27 17:41:00,,絕望,not_enough_posts,,skipped,
axis4058,Lucky Vicky,"還不夠絕望 尚可更絕望😭
留給我日後用來形容前面境況😭",2026-04-02 15:15:00,cheap.com,絕望,not_enough_posts,,skipped,
axis4058,Lucky Vicky,Cheap.com搶唔到飛呀！😭😭😭,2026-04-01 11:06:00,cheap.com,絕望,not_enough_posts,,skipped,
three_smallllllll,three_smallllllll,"怎麼辦我真的便秘到好絕望了
我從小就嚴重便秘 一個禮拜拉屎一次的程度
甚至有一段時間換工作變成兩個禮拜拉屎一次。。。直接得痔瘡了
我小時候確實不愛喝水 但是我現在每天都喝1400
以上 一樣便秘🫠 不過月經來前一天倒是必拉屎
然後我試過的方法有：
1.吃一堆水果2.喝去濕茶（中醫說我濕氣重才便秘）
以上兩個方法一開始都超有用讓我每天都拉出爆炸多的屎 持續大約三個月就沒屁用了
我真的好絕望啊 嗚嗚嗚
有沒有人有效果 我不想吃瀉藥",2026-03-12 01:38:00,,絕望,not_enough_posts,,skipped,
bunny364,邦妮🐰Bunny,保母找著找著有時候也是挺絕望了😫,2026-03-27 19:08:00,,絕望,not_enough_posts,,skipped,
ksbbstories,Sweet Love Stories,"似乎好多人已經看了，也不怕劇透一點細節。
有兩個小細節，令我淚水忍不住地流：
Ike 姐弟都在巴士上，但是，爸爸媽媽只認姐姐和姐夫。弟弟其實也是屍骨無存，卻無人知道無人問津。究竟他在哪裏？其實也沒有人關心。🥹
同性戀，喜歡男生，在爸爸媽媽心目中是那麼十惡不赦？真的可以做到至死如果不相往來嗎？🥹
碼頭，那時候，他不過一個人靜靜地在一旁寫生、賣畫，￼慌張中￼要被拘捕，畫作被充公。Ike過身後Andrew去碼頭找他，畫面卻看到碼頭有租衫給自遊行人士的拍照攤，相安無事。🥹
碼頭，那時候，他不過一個人靜靜地在一旁寫生、賣畫，￼慌張中￼要被拘捕，畫作被充公。Ike過身後Andrew去碼頭找他，畫面卻看到碼頭有租衫給自遊行人士的拍照攤，相安無事。🥹
我明白社會有法規，家庭有傳統觀念，但Ike做錯過什麼？他只是極力在社會邊緣做自己想做的、喜歡做的事。原來，就算是沒有傷害過別人，還是無法在社會中生存下去。
我明白社會有法規，家庭有傳統觀念，但Ike做錯過什麼？他只是極力在社會邊緣做自己想做的、喜歡做的事。原來，就算是沒有傷害過別人，還是無法在社會中生存下去。
Ike 和暉卑微地生活著，卻連原本屬於自己的都拿不回來（暉在地盤日夜工作卻沒有糧出、明明借了錢給別人，還是沒有辦法追回來；Ike 用心畫的畫也被充公） 那種絕望和憤怒真的很痛。
謝謝邱導，拍了一部這樣令人深思心痛的電影。🥹",2026-04-05 18:10:00,"愛上你完全不需要理由。
喜歡寫長文",絕望,pass,,non_depression_risk_user,
ksbbstories,Sweet Love Stories,佢哋嘅笑容真係好靚,2026-04-05 01:24:00,"愛上你完全不需要理由。
喜歡寫長文",絕望,pass,,non_depression_risk_user,
ksbbstories,Sweet Love Stories,"今天看了《我們不是什麼》。
今天好像是第一天正式上映，相信很多人還未看，所以也不打算寫太詳盡的內容。
今天好像是第一天正式上映，相信很多人還未看，所以也不打算寫太詳盡的內容。
生活磨人，生活中每件事都不如意，遇上的每一個人都鄙視比他們更低層￼的人。兩個看似沒有前路，在社會上苦苦掙扎求存的人遇上彼此，雖然有愛，卻沒有為對方帶來光。巴士上最後一幕有一個細節本來可以力挽狂瀾（跟AB的姐姐有關），卻因一個微小的決定而無法讓悲劇不要發生。
所有的悲劇都不是單一事件，而是無數壓抑和苦難相扣而成。看著AK和AB這對戀人的經歷，感覺是看著一段必然會發生的可怕宿命，沉重又震撼。
但我無法接受因自己的不幸而讓無辜的人受到傷害這個concept。若要看第二遍也許需要沉澱和勇氣。
演員是令人驚喜的。AK肯定是豁出去演暉仔了；AB完全投入了Ike這角色，沒有自己的影子；客串的李蕙敏只有兩場戲卻震懾人心；而譚耀文，絕對是這部電影的MVP。譚哥每一個表情細節都表現得太好太好，牽動著觀眾追看下去。🥹
導演和各位演員加油，好開心又看到一部出色的香港電影。🥹🥹",2026-04-04 01:32:00,"愛上你完全不需要理由。
喜歡寫長文",絕望,pass,,non_depression_risk_user,
ksbbstories,Sweet Love Stories,"永遠唔會忘記2003年4月1號發生嘅所有事。
記得那天晚上，回家路上，在小巴內，司機開着收音機廣播，電台的DJ沒有說話，不斷播着你的歌聲。
「風繼續吹 不忍遠離」
那天的香港，經歷了淘大沙士疫災、「疫埠」謠言、搶糧、及至黃昏，你離開了我們。
23年了，你在另一個世界，一定好好的。",2026-04-01 10:55:00,"愛上你完全不需要理由。
喜歡寫長文",絕望,pass,,non_depression_risk_user,
pordy_23,敝姓黃,"這一切都是真的😭😭😭 我當時就在東京成田機場，剛看完 WBC 準備回台灣，結果在櫃檯前我整個人徹底崩潰了
我發現我的護照不見了！😭😭😭 當我絕望地癱坐在地上，看著回台的班機即將關門，想到回不了家...我那心愛的多山的小小的台灣，眼淚真的完全止不住地往下掉...
就在這時候，一位路過的日本地勤人員突然停下腳步。盯著我球衣上的「台灣經典賽紀念徽章」。
用顫抖著聲音問我：「Taiwan?」
我哭著點點頭，手裡還緊緊抓著沒乾的應援毛巾。
下一秒，奇蹟發生了！
地勤人員竟然直接對著對講機大喊：「他是來看 WBC 的台灣人！他有台灣隊徽章！」
瞬間，整個登機門的日本球迷、地勤、甚至是旁邊店家的店員，全部停下手中的動作，開始大聲合唱：
「天色漸漸光...」
整個成田機場大廳迴盪著這首島嶼天光，所有日本人都感動到不行，一邊流淚一邊對我大喊：「Taiwan No.1!」空氣都變得好滾燙。😭😭😭
最後，機場主管邊落淚邊跑過來，哽咽著說：「有這枚徽章，請務必上飛機！」
￼我們感動到集體跪地，抱著路過的日本球迷哭著說：謝謝你...謝謝你們喜歡台灣！！！😭😭😭🇹🇼🇯🇵",2026-03-10 17:40:00,鄉巴佬掛點了,絕望,not_enough_posts,,skipped,
giornobananna,giornobananna,"wtf好絕望，
我 lecturer話佢唔睇similarity %，
佢只睇有冇highlight成句，
如果成句比turnitin highlight左就算你1%都好，你都吃得蕉。",2026-04-01 17:57:00,某個神秘小號,絕望,not_enough_posts,,skipped,
giornobananna,giornobananna,超新鮮,2026-03-24 12:28:00,某個神秘小號,絕望,not_enough_posts,,skipped,
yuyin.stagram,Yvonne Liu,"跟老公一起追了幾集逐玉，我看張凌赫，他看田曦薇，兩個人都很開心。
趁他上班的時候我又追了張之前的劇，我兒子終於忍不住了，他說：我有點害怕，因為妳一直看那個影片，我怕你喜歡那個男生就會跟爸爸離婚。
😂😂😂",2026-03-31 07:03:00,"Happy family 👨‍👩‍👧‍👦
Located in 🇺🇸 
From 🇹🇼",害怕,not_enough_posts,,skipped,
wen.__.n,楊景雯,"奧捷匈 12 日自由行（住宿交通總花費 ）
🇦🇹🇨🇿🇭🇺
這次歐洲行交通和住宿意外沒有花太多錢
住宿平均一晚不到 1300 元
（撇除掉夜舖火車）
三個國家交通都很方便🚃
買24或72小時交通卡 
市區電車、地鐵、公車都可以搭乘
看 Google Maps 基本上零誤點
路面電車幾號車、轉乘指示都超清楚，對自由行新手非常友善。
不過出國前壓力大到生理期延遲
因為太害怕遇到小偷、沒搭上車又或是有突發狀況（幸好完全沒有發生 平安回歸）
_
🤍私心最愛的城市：布達佩斯🇭🇺
當地人非常友善🫶🏻 、物價相對便宜 
1、火車階梯太高前面一位年輕人直接幫我扛行李上去（雖然有一度想說會不會拿走行李…
2、找不到住宿房間，當地居民問我需不需要幫忙
3、搭遊船看晚上的國會大廈，因為太晚去排隊沒有位置坐，一對情侶主動示意可以坐在他們對面
p3奧捷匈交通app",2026-04-04 01:46:00,ENFJ,害怕,not_enough_posts,,skipped,
angelsophi_wa,羽辰,"以前超害怕坐到莒光
我永遠不會開這個門",2026-04-06 02:19:00,"單親二寶媽的日常分享
生活｜育兒｜斜槓水晶療癒
🔮 心辰之境・客製手鍊
🎱 生命靈數 × 五行能量🤍💚💙❤️💛
心辰之境IG: instagram.com/healing_beads_love",害怕,business,,skipped,
angelsophi_wa,羽辰,"原生家庭的愛
小時候,每當爸爸牽起我的手 
就會有安心的感覺
撒嬌的哭哭時
爸爸就會抱起我秀秀
長大後也不吝嗇的給我很多的關愛
也因為這樣的感受
我一直不停的討愛
像無限輪迴一樣的討債
最後總都是殘缺的愛~
因為從來都不如預期的被對待
而現在 
學習著感恩自己的內在小孩
不斷的學習 無私的愛
不會因為匱乏，而渴求更多的
而是滿滿的幸福 自然湧現於心中
也無所畏懼的分享愛與付出
放下執念　便掙脫了禁錮
放下傷痛　心將自由飛翔
曾經得過去　是禮物
謝謝這份禮物 
給予我更多的感恩與珍惜
只有感恩
才會遇見天使
才會遇見天使
。",2026-04-06 02:07:00,"單親二寶媽的日常分享
生活｜育兒｜斜槓水晶療癒
🔮 心辰之境・客製手鍊
🎱 生命靈數 × 五行能量🤍💚💙❤️💛
心辰之境IG: instagram.com/healing_beads_love",害怕,business,,skipped,
angelsophi_wa,羽辰,"讓孩子從小就要知道
要離大車遠一點",2026-04-01 12:22:00,"單親二寶媽的日常分享
生活｜育兒｜斜槓水晶療癒
🔮 心辰之境・客製手鍊
🎱 生命靈數 × 五行能量🤍💚💙❤️💛
心辰之境IG: instagram.com/healing_beads_love",害怕,business,,skipped,
angelsophi_wa,羽辰,嗯～好好聽,2026-03-31 08:11:00,"單親二寶媽的日常分享
生活｜育兒｜斜槓水晶療癒
🔮 心辰之境・客製手鍊
🎱 生命靈數 × 五行能量🤍💚💙❤️💛
心辰之境IG: instagram.com/healing_beads_love",害怕,business,,skipped,
moemoe_151,🌼,"提離職了
總是要想一些很委婉的原因
我好害怕阿~~~~~
害怕講出實話(?",2026-03-30 10:55:00,"純屬個人情緒發洩
不喜歡塊陶 謝謝☺️",害怕,not_enough_posts,,skipped,
suicide_loveless,冷泉,孩子們不要害怕，你那個抽菸、喝酒、穿環、染陰陽髮、熬夜、奇裝異服、迷戀二次元、地雷系的親戚姊姊要回家了，我會幫你們擋下所有親戚的攻擊,2026-02-16 20:15:00,蛤,害怕,not_enough_posts,,skipped,
chay_s91304105,隻米,"其實我很困惑彩虹社EN的拍貼是PHOTOISM台灣門市都有嗎
沒看到官方社群平台發文的樣子(",2026-04-02 18:33:00,"隻米/阿雪｜
💐 s91304105@gmail.com
-
🔗通販、委託、其他SNS請見連結",困惑,not_enough_posts,,skipped,
mikeyou01,Mike Yu,"在日本旅行時撿到一個當地人的錢包。
因為不會日文，本來擔心如果送去警局做筆錄，可能會花上不少時間，所以我和朋友討論後決定直接送還失主。從海灘一路走到他家，花了一個多小時，其實走回飯店也差不多要一小時。當時還想著，如果他不在，就把錢包放在信箱或門口就好。
結果剛好在他家停車場遇到本人。兩個不會日文的外國人突然出現在他家，對方一開始有點困惑，但看到錢包後馬上意識過來。我們是怎麼從海灘一路找到這裡的，他應該也覺得很不可思議吧。他不停地鞠躬道謝，還一直說「謝謝台灣」。
更讓人意外的是，他之後特地回家準備謝禮和卡片，又開了二十分鐘的車到飯店再次向我們道謝。
冷知識：在日本開車如果沒有隨身攜帶駕照，是不可以上路的。
真的是一次很特別的體驗，也意外收穫了溫泉限定版的吉伊卡哇。",2026-04-06 08:29:00,海豹在睡覺,困惑,pass,,non_depression_risk_user,
mikeyou01,Mike Yu,"一樣的滑一樣的成癮
你們的9600w呢？",2026-03-27 05:31:00,海豹在睡覺,困惑,pass,,non_depression_risk_user,
mikeyou01,Mike Yu,"不小心拔了網路線
原來今天台股大逃殺
原來是這無路可逃的吶喊
希望媽媽一切都好",2026-03-23 13:25:00,海豹在睡覺,困惑,pass,,non_depression_risk_user,
ot_athena_forkid,小羽 兒童職能治療師,"想問大家都怎麼開品牌合作/業配/團購的價碼呢？
目前IG追蹤2.1萬、總觀看次數破百萬、觸及94萬
單篇貼文最高66萬觀看、10萬互動
單篇reel最高38萬觀看、3萬互動
想問以這樣的效益，通常怎麼開價碼呢？
最近接到不少廠商希望我寫貼文/拍Reel來和價值大約$300-500的產品「互惠」⋯，讓我有點困惑現在市場的行情🧐",2026-03-30 12:50:00,"專業知識都在IG⤴️
這裡是輕鬆隨意的分享🙌
我寫的書在底下連結⤵️
 
合作與講座邀約直接私訊我📩",困惑,business,,skipped,
ot_athena_forkid,小羽 兒童職能治療師,"高敏感，用對地方就是天賦！
長大後發現自己原來是高敏感族
於是就開始「職能治療」自己
我發現
把感覺統合的概念融入到生活中
對高敏人很有幫助！
底下留言「高敏人」
我分享我的感覺統合調節清單給你🙌
#高敏感 #感覺統合 #職能治療 #sensoryintegration",2026-03-24 20:55:00,"專業知識都在IG⤴️
這裡是輕鬆隨意的分享🙌
我寫的書在底下連結⤵️
 
合作與講座邀約直接私訊我📩",困惑,business,,skipped,
ot_athena_forkid,小羽 兒童職能治療師,"兒童治療師選卡通 Ep.2
這次從神經系統的角度
藉由觀察孩子的警醒度狀態
來選擇適合孩子的卡通
🚥紅綠燈觀察法🚥
🟢綠燈：節奏慢、音樂緩、顏色淡，孩子看完卡通後情緒是平靜的，警醒度穩定，可以順利接續下一活動
🟡黃燈：畫面切換快、色彩鮮豔、洗腦神曲，會促進大量多巴胺生成，容易讓孩子警醒度過高感到興奮、感官過載，產生像「視覺/聽覺」中毒的狀況，不想暫停
🔴紅燈：有不適切的行為、暴力動作，會建議家長全程陪同，即時介入引導正確做法
底下分享你會跟孩子看哪些卡通呢？",2026-03-18 21:42:00,"專業知識都在IG⤴️
這裡是輕鬆隨意的分享🙌
我寫的書在底下連結⤵️
 
合作與講座邀約直接私訊我📩",困惑,business,,skipped,
xxzyxxzy,玄玄 Sena,"昨天在明洞買musinsa 
問要不要加購紙袋是BTS我還很困惑???
結果！居然是SWIM
今天又看到七個人機場路的團康外套（亂講）
背後那七個游泳水手跟提袋上的很像！
不知道之後會不會出同款耶！好期待🤤",2026-03-22 21:47:00,♡ ♡ ♡ ♡,困惑,not_enough_posts,,skipped,
unaapu.0715,𝖴𝗇𝖺𝗂𝗂𝗂,"全屋換舖木頭地板
但發現廚房底下這邊沒舖到
問裝潢公司說是
「因為廚具是先做的，所以底下都鋪不進去喔」
這樣是合理的嗎？
充滿困惑
裝潢",2025-02-27 20:40:00,"我是Una ☀️
目前1y7m
媽咪愛喇迪賽",困惑,pass,,non_depression_risk_user,
unaapu.0715,𝖴𝗇𝖺𝗂𝗂𝗂,"妳是獨生女😌
別再做囉 
都市傳說",2025-02-25 21:25:00,"我是Una ☀️
目前1y7m
媽咪愛喇迪賽",困惑,pass,,non_depression_risk_user,
unaapu.0715,𝖴𝗇𝖺𝗂𝗂𝗂,"親餵到一歲半 ☺️
以為斷奶之路很難
沒想到3天就斷成功了 ❤️
母奶",2025-02-25 08:19:00,"我是Una ☀️
目前1y7m
媽咪愛喇迪賽",困惑,pass,,non_depression_risk_user,
hnanasgarden,💐Hana,"無課金玩皮克敏一年多，每天走走種花也賺了不少金幣。
有時看到喜歡的期間限定皮克敏，雖然沒得到，但也不到遺憾，就是覺得有點可惜。
直到這次的下午茶系列，每個都好可愛好喜歡，開始猶豫要不要課金。
聽到我的煩惱，先生超級困惑。
「為什麼不課金？？？為什麼？？？喜歡就買啊！！！妳玩得這麼開心我還以為妳早就是課金戰士了！！！我求妳買！！！」
於是我就課金了。
然後我就後悔怎麼沒有早點課金了！！！！！！
滿滿的下午茶皮克敏、滿滿的精華、滿滿的花瓣、滿滿的空間、滿滿的皮克敏，課金世界多美好啊😍",2026-03-24 22:28:00,,困惑,not_enough_posts,,skipped,
hnanasgarden,💐Hana,"想請問萬能的脆，有沒有從台灣出發，航程6小時內，適合親子旅遊（孩子4歲）的地點呢🥹
目前已去過：
·日本北海道、東北、關東、名古屋、關西、岡山、鳥取、金澤、九州、沖繩
·韓國釜山、濟州島
·越南峴港、順化、惠安
·新加坡
·馬來西亞吉隆坡、檳城
·泰國清邁、曼谷
·美國關島
日本去很多次，暫時不考慮，除非有什麼非常特別的景點（前提是適合幼兒）",2026-03-22 20:10:00,,困惑,not_enough_posts,,skipped,
feed115342,Yumi,"最近在評估中古透天的裝修，有點卡關想請教大家的經驗🙏
目前的困惑是：
屋齡偏高的房子，就算裝修得再漂亮，本質還是老屋，屋齡也只會繼續增加。
所以在預算有限的情況下，到底裝修應該做到什麼程度才是合理的？
如果是你們，會怎麼分配預算？或者有沒有什麼項目是你們做了覺得很值得／很後悔的？",2026-03-27 07:19:00,是吧是吧是吧？,困惑,not_enough_posts,,skipped,
feed115342,Yumi,"從去年的12/31簽約一路到三月中旬
終於要過戶、要核貸以及要交屋了
這三個月以來找了好多間銀行都被拒絕
因為是中古屋加上房子前身是短期買賣
所以到我這手時很多銀行都拒絕⋯
不然就是只給5成的額度，當時是真的滿灰心的
也不斷質疑自己是不是買錯了，所幸上天眷顧
終於有一間銀行願意承作，給的成數也有八成，我真的很感謝🥹 雖然利率有點高2.9% 
但至少成數很漂亮！
接下來就是裝潢的部分了！
再次請問台南人有推薦的
裝潢師傅或設計公司嗎？
裝潢的部分需要注意什麼細節嗎？
（這算是人生第一次遇到裝潢問題）
房子是透天  屋齡38年  建坪56
兩層樓 但希望可以蓋三樓",2026-03-19 18:33:00,是吧是吧是吧？,困惑,not_enough_posts,,skipped,
xyuanfan0911,xyuanfan0911,"想請問有沒有專業算八字的老師
可以再幫我次確認我的 [喜用神]
近期問了2位付費的真人老師+一個簡易付費排盤的網站算八字命盤
女老師+付費網站說我喜用神是火(土)，是從兒格
另一個付費的老師說我喜用神是水木
到底是哪個 ?! 好困惑啊!~~~完全是相反的東西
另外
如果現在可以確認我喜用神是火土
我可以找那位男老師退費嗎?
謝謝幫忙(如果判斷喜用神需要費用，可以付款)
我單純喜歡尊重專業!!謝謝!!",2025-12-24 10:16:00,,困惑,not_enough_posts,,skipped,
kinmenese.ya,太武山下的「祥毓」,"島民困惑🤔
在金門開戶到底有多難？
3/5 中午走進元大
行員：今天開戶排滿了喔
說很多人開門之前就在外面排隊了
3/10 09:02走進銀行，想說開門2分鐘
今天應該可以了吧‼️
行員：你是第五個，大概一個小時一個
快到再打給你
我：？？？
開個戶，原來是半天行程
金門這麼多人要開元大的戶啊😭😭😭",2026-03-10 09:30:00,"💘 為愛搬到金門的女孩 
🏝️金門不遠，而是剛剛好",困惑,pass,,non_depression_risk_user,
kinmenese.ya,太武山下的「祥毓」,"在金門過的第一元宵節
雖然沒有吃到湯圓，好想吃湯圓🥹🥹🥹
但我親手組了一個燈籠 🏮
真的超可愛耶 🐎
今天在路上偶然聽到一位遊客說——
他是「特別來金門過元宵節」的。
昨晚只知道北鎮廟有活動：遊街，聽到煙火聲。
不知道金門的元宵節，
是不是還有什麼特別的習俗呢？
#金門生活 #新島民日常 #元宵節 #儀式感生活 #島嶼日常",2026-03-04 19:30:00,"💘 為愛搬到金門的女孩 
🏝️金門不遠，而是剛剛好",困惑,pass,,non_depression_risk_user,
kinmenese.ya,太武山下的「祥毓」,"阿特真的好可愛 😍
尤其融入在地元素，細節滿滿都是用心。
但公仔只送不賣真的太可惜了啦～
好想收藏一隻 🥲
📍2/27–3/29 在 莒光樓
可以去拍照打卡 📷
再順遊 莒光湖 看燈會
今年用「玉璽馬」當主燈
真的創意滿分 🐎✨
越看越覺得有氣勢！
期待 3/1 點燈儀式。
#金門燈會 #莒光樓 #莒光湖 #新島民日常 #離島生活",2026-02-27 19:00:00,"💘 為愛搬到金門的女孩 
🏝️金門不遠，而是剛剛好",困惑,pass,,non_depression_risk_user,
on9world_hk,on9world_hk,"我有一個好困惑既問題，大家可否解答下我。
我同男朋友目前一齊左4年，但第2年開始佢就已經無主動過，係我主動既情況下先一個月一次，主動左一年，我就無主動了。第3年同第4年先搞左一次。第一年at lease 一個禮拜4次，全部都係佢主動。大家都好夾+開心既個時。
我同佢由識到依家幾乎係同居狀態，差唔多日日都會見面。我同佢既感情非常好，4年黎返工period or 無見面既日子佢都會主動打電話黎講下啲無聊嘢。也都好關心我，以我感受行先，我幾乎搵唔到佢有咩缺點，佢真係對我好好。但當我將我既困惑同我朋友講，我朋友就話佢一定唔愛你啦，佢有第2個啦，blablabla。但我好確信佢係愛我的。但點解佢第2年開始就對我唔感興趣啦？😢
我有問過佢點解唔再同我曳曳，佢咦咦鵝鵝講唔到啲咩出黎。佢係因為怕醜有啲逃避呢個話題，也都有講過佢都唔知點解。
我地床事唔夾？我又唔覺，我係B cup，個樣又唔太差，屬於中上級吧。每次搞大家都開心架。
我好困惑啊。😔",2026-03-13 21:12:00,,困惑,not_enough_posts,,skipped,
jinbohong,夜,"心煩意亂的時候就想發文抒發一下情緒…說不定還能睡個好覺，日子一天天的過，每當到晚上24點的時候我就開始想著今天讀了多少？我到底在幹嘛？
我感覺就像個無頭蒼蠅到處飛沒有方向
聽了女友還有朋友的建議，先把題庫看完再去翻課本跟筆記，申論不懂就先抄，但有的時候感覺很無力
為什麼這答案會是這樣？常會糾結一些題目花很多時間
概念排序都清楚 但就是寫不出來 ，(我申論目前是用抄的)，是不是要多抄腦袋才會清楚啊？
有時候我在想 是不是我還不夠努力，嗯…一定是這樣
有時候會糾結先看題庫還是先翻課本跟筆記在重新背
本身目前還有正職，上班期間休息的時候就是練阿摩…一天24小時根本不夠用 我感覺我每天都好焦慮
看著身邊的朋友都上岸了 我很替他們高興但同時也覺得很孤單….
(夜深人靜時發發牢騷 壓抑的心情也好一點了～
總結：一定是我還不夠努力，我就還是先聽我女友的建議 先把題庫做完然後偶爾抄抄申論甦醒一下我這笨笨的腦袋",2025-09-11 01:22:00,"堅持自己的夢想，朝著目標努力
警特上榜為目標 備考的人生",心煩意亂,not_enough_posts,,skipped,
docockkk,docockkk,"​清明連假回到東港，在沒有冷氣的客廳坐了一會，那種熟悉的悶熱與黏膩感瞬間襲來。我愣了一下，隨即心想：對哦，這就是我印象中的東港。
​這股熱氣，也勾起了國高中讀書時的克難回憶。家裡書房沒冷氣，坐久了總會悶出一身汗，所以那時總往圖書館跑。
選位子也是門學問：離冷氣太遠，讀得心煩意亂；太近了，又會鼻水流個不停，想用力擤乾淨又怕驚擾旁人。那種進退兩難的侷促，如今回想起來，滿是感慨。
​家裡依舊迴盪著爸媽的鬥嘴聲，一個願打，一個願挨；還有長輩那些包裝在責備裡的關心碎念。
記得開學前親戚問我會不會想念家鄉，我那時說：「沒什麼好想念的吧」
此刻坐在這老舊斑駁的屋子裡，我才意識到，那些悶熱與喧囂，早已揉進我十八歲前的青春裡。
​這裡是每過一段時間，我就會想回來看看的地方。",2026-04-04 03:40:00,我直接在這邊發瘋 總以為咪一般難懂的我,心煩意亂,not_enough_posts,,skipped,
lys_ryan423,Lin,"以前心情不好的時候就會唱唱歌
這幾天心煩意亂久違的唱一下😞
「你現在想著誰，有沒有和我相同的感覺。」
很羨慕可以跟著巡的奶味藍們🥺
明天就要換人了 還沒從大巨蛋走出來的大家該出來了（我在跟我自己說話
《無眠》的影片都還沒剪好還在唱歌是怎樣( ･᷄ὢ･᷅ )
聽彩排漏音那天聽到中文歌是這首的時候真的又驚又喜 
真的很喜歡蘇打綠的歌 孩子們也唱的好好😭
（標個標籤免得飄到現生朋友那",2026-03-19 22:52:00,"快樂小狗🐶可以叫我小林～
頭貼是雨琦寶寶啦🍼不是我本人🥺
本人跟舒舒同年 已經不是小寶寶ㄌ🫠
找尋內心的光☀️
我排著隊拿著i-dle號碼牌🏰團粉
2026.03.07親眼見到五小隻了😭
現實i人 網路e人",心煩意亂,not_enough_posts,,skipped,
cn_0416,CN.,"心煩意亂 好像什麼都不在乎了
現在一個人靜靜的看海
真的可以減緩自己的壓力 
好想打回家但怕家人的擔心
只能把這些事吞下去
人都是自私的 
沒有人會站在別人的角度替妳分憂
1+1從來不是完整
只有自己能讓自己更完整
身邊的人都很關心我謝謝他們🥲",2025-11-19 13:56:00,再吵都去死,心煩意亂,not_enough_posts,,skipped,
xx869767,江芊珏,"有人三月開始突然心煩意亂、一直肚子餓想暴食、身體健康狀況多嗎？
真的是能量影響嗎",2026-03-04 11:33:00,,心煩意亂,not_enough_posts,,skipped,
johny5221,Tyrone,心煩意亂-頭快炸掉了🤯,2026-04-05 21:02:00,#等待緣份 #珍惜 #知足,心煩意亂,not_enough_posts,,skipped,
johny5221,Tyrone,腰內肉炸出來了😮‍💨😮‍💨😮‍💨,2026-04-05 09:50:00,#等待緣份 #珍惜 #知足,心煩意亂,not_enough_posts,,skipped,
s821112,🌟凱翔叔叔🌟,"哇勒 前陣子太心煩意亂不小心撞車
撞了才知道原來偉士牌維修要這麼貴🥲🥲
頂一下兩萬就出去了😭😭😭",2025-06-21 13:34:00,🔥住宅裝修、LED燈具、衛浴設備、家庭水電維修、室內配管配線、代客安裝器具🔥,心煩意亂,not_enough_posts,,skipped,
may_spa_7777,May Spa皮膚管理,"男女更年期其實都和「荷爾蒙下降」有關，但表現方式很不一樣：
🔶 女性更年期（約45–55歲）
雌激素快速下降，變化明顯、時間集中
👉 特色：突然、強烈、可被清楚辨識
常見表現：潮熱、盜汗、怕熱、失眠、心悸、掉髮、腦霧、極度疲勞、突然焦慮、腰酸背痛、骨質流失、皮膚乾燥、性慾低下、腹圍增加、月經失調、情緒低落或悲傷…
🔷 男性更年期（約40-50歲後）
睪固酮緩慢下降，變化較不明顯
👉 特色：漸進、溫和、不一定每個人都有
常見表現：疲勞、易怒、怕冷、痠痛、食欲增加、動力下降、肌肉流失、腹部肥胖、情緒低落、睡眠問題、偶爾心悸、性慾降低、體毛減少、集中注意力困難…
一句話重點：
👉 女性是「明顯且劇烈的轉變」，
👉 男性是「慢慢走下坡的變化」。",2026-04-03 21:48:00,"🔆醫美、美容經歷25年以上
🇹🇼國家美容丙、乙技術證
🏥醫美皮膚科、整形外科諮詢師經歷
#採預約制 LINE ：maybloom
E美保養品｜水飛梭｜外秘體｜色玻因｜PDRN ｜海綿微針｜液態皮秒｜類電波波｜睫毛眉毛、頭皮毛囊管理｜腋下淨毛｜小顏按摩｜頭部身體放鬆｜專業泌乳｜美容教學",易怒,not_enough_posts,,skipped,
csy_45147,丸,"來問問大家怎麼想
看到底是我太易怒還是怎樣
昨天去逛金典照舊先去第六市場悠晃
市場攤販一樣很優秀
最喜歡晴天毛巾可愛又認真的小店員
買好浴袍後去B1閒逛
看到b1櫃位編號05（甚至金典官網上還看不到櫃名的多多米）有朋友喜歡的魔女宅急便小黑貓購物袋（大概如下圖）
想說可以來買給朋友當小禮物
但因為沒有展示品
所以詢問店員可不可以打開看一下款式和購物袋大小
店員回應不行因為打開就沒辦法裝回去了
到這裡我都還可以接受
但後面補一句390還要打開看啊⋯⋯
火一整個上來，賣東西難道不是要給客人確認合不合客人期待的樣子購物才不會有糾紛嗎？所以是要怎樣3900還是39000才有資格看商品是不是
怒一個馬上去服務台寫客訴
服務台小姐姐也是很客氣沒錯
但說好的樓管會聯絡我呢？
至今尚未獲得任何一通電話…
金典的在很多的地方都讓我覺得很經典…
總之有緣看到的各位
就不要去b1受氣了吧！",2026-04-01 23:16:00,打雜店小二,易怒,not_enough_posts,,skipped,
seed719,seed719,"有時真的不是厭童，厭的是自以為是的父母情緒勒索…
在機上遇到一對荒謬的父母，媽媽帶著嬰兒自選位，那位爸爸則買在她的後方，第一排三位（每位加價六千多元），自己家人買了兩個自選位，還有一位因此得買在第二排後方的位置(每位加價兩千多元）。
好囉～上機後，那對父母，那個爸爸竟然說要跟家人換位，說我們把他的位置訂走了，我心想「兩千多換六千多的位置，你有沒有搞錯，這是加價購的位置」，回說「沒有要換，我們一樣因你訂走一個位置 所以也就買了一個後方的位置」，沒想到那對父母竟然語帶要脅說「那等下嬰兒哭，我們沒法安撫，你們就得忍耐之類的…」
🙄 嬰兒哭，不會因為你的座位不同，而不會吵到其他人，再者，我訂位時，你們已經買走了一個位置，理應比我更能更早訂到機位才對，是貪便宜的心態吧！還大言不慚語帶威脅。
後來那個嬰兒哭，爸爸也沒什麼功能，還一直很大力晃小孩，甚至還在哭時竟然就放回嬰兒籃，還做出要摀住嬰兒嘴巴讓她不哭的動作，誇張。最後媽媽一直噓噓噓的晃嬰兒，嬰兒是有睡著，但對這一個幼嬰一直噓，看見的是兩個大人帶著小孩完全沒預備，只想佔人家便宜換位置，就可以解決事情。
我不厭童，但厭惡帶個嬰兒就是他們最大的父母。",2026-03-30 15:35:00,"""狗嘴裏吐不出象牙""  記得藏拙✍️
👩🏻‍💻是人，有話可以好好講，除非不是!
「聲音可以多元，不等於用字可以粗俗」
練肖話⭕️，觀點不同⭕️，惡言謾罵❌。",厭惡,not_enough_posts,,skipped,
seed719,seed719,明明就有新成員要介紹，還要用哭搶版面，心機確認100%，到底壓力什麼，還是只有耍心機的能力，哭兩下，不用曬太陽，哭兩下，新人都退到後面去。然後那一天其他成員都只是💩… 還好其他團隊沒有這種人。從改中文字發音開始，就沒再瞧得起台灣人，只有瞧得中誰送的禮物比較貴重，覺得台人自己都很踐踏自己，很不爭氣！,2026-03-26 10:07:00,"""狗嘴裏吐不出象牙""  記得藏拙✍️
👩🏻‍💻是人，有話可以好好講，除非不是!
「聲音可以多元，不等於用字可以粗俗」
練肖話⭕️，觀點不同⭕️，惡言謾罵❌。",厭惡,not_enough_posts,,skipped,
winni5428,Winni慈🌙,"一個人學生時期怎麼做人，
通常就是他長大後的樣子。
從求學期間就開始考試作弊，做一堆檯面下的奸詐操作的人，打從那時就極度厭惡他的齷齪人品。
誠信對某些人來說，從來都只是選項。
現在出來選市議員，嗯……
只能說有些人不是被抹黑，
只是終於被放在陽光下。
不做虧心事的人不怕人說。
不走歪路的人不怕翻車。
請大家睜大眼睛用心感受！",2026-03-02 15:19:00,"儀式主持人
人生的每一場儀式的感動
都值得被用心說出來，並好好被感受♡
.
☪婚禮主持・抓週……各項活動@winni5428@jt.wedding_#winniinwedding",厭惡,not_enough_posts,,skipped,
mr_yellow_hat,黃帽2.0,"求職文
安安各位老闆你好，目前是待業水電工
座標台北，無相關證照
通勤工具150小摩托一台
嚴重閃光建議不要讓我開車
不菸不酒不檳榔（檳榔絕對厭惡）
水電工作從事7年左右
過去待過營造建案及老屋新成屋裝潢場
PS:裝潢場技能可能快點到專精了
預期薪資2500-3000之間
有勞健保補貼
想找可以hold住案場的師傅
可以找我聊聊
「但我依舊找不到私訊在哪？
所以可以先留言，我再給你line 」
感恩喜樂
以下上圖",2026-03-12 14:19:00,記住！打不死我的更強大,厭惡,not_enough_posts,,skipped,
le__sillage1,好耶,"如果你能在別人身上看到勇氣非凡和魅力，說明你的內心深處一定也有同樣的東西，否則你根本看不出來，也就是說你所欣賞的人身上，藏著的是你的品質和志趣。
你所厭惡的人身上，藏著的是你的底線和原則。以前有人跟我說過，你眼中的自己那不是你，別人眼中的你，也不是你，你眼中的別人，才是你自己。正所謂仁者見仁，智者見智，心中有光，萬物明朗。",2026-04-04 05:06:00,"感覺只有知道自己三天後就死了的前兩天是真正的不焦慮
因為人生的分水嶺其實是羊水
夢想是一覺不醒 
世界上有一個特別棒的人正在讀我這句話
人與人的關係永遠是流動跟動態發展～
沒必要精神穩定，該發瘋發瘋！gogogo
複製文bot 沒關係it will pass
旁人的眼光是膀胱。",厭惡,not_enough_posts,,skipped,
ayamei,阿亞梅,真的好厭惡每次上新片時得知編劇朋友辛苦好幾年的案子沒被掛名,2026-04-03 00:31:00,我在這裡玩得很開心。,厭惡,not_enough_posts,,skipped,
cherry_wei_chen,Cherry🍒,"我還真的沒想過有一間店的老闆不會打高爾夫
還標榜專門教高爾夫體適能甚至告訴員工不必學習高爾夫也沒關係
高爾夫是一項非常難運動也非常難聊
你不了解到底怎麼跟高階客戶討論他在打18洞遇到的每一根球桿的問題
甚至你根本聽不懂他在講什麼也不知道他問題出在哪裡
我根本不相信所以還是很認真的去學打球
再找資深高球專項S老師（專門教選手的）學怎麼教這些高球客戶
讓他們有感的進步
看著老闆和那些不學球卻還是幫學生上課的教練
我心裡真的是滿滿的厭惡感
唯一的好處大概就是我愛上打球🏌️也堅持持續下去",2026-04-04 05:15:00,講些廢話,厭惡,not_enough_posts,,skipped,
cherry_wei_chen,Cherry🍒,"原本覺得會在健身工廠當主管一路往上到退休
但因為腦膜瘤開刀只好選擇當自由教練降低上班的時數
保持足夠時間的休息時間、睡眠及降低壓力
就保持身體健康的過了3年
後來在某個機會下去了一個工作室面試
那個工作室是標榜高爾夫體適能
學生都是打高爾夫的不論老手或新手
我想說哇～那我應該沒辦法上班
但老闆說沒關係你不用學會打高爾夫也可以用肌肉的原理去做教學
進去上班後我發現根本沒辦法了解客戶的狀況即便我是很資深的教練
我開始自費去學高爾夫直到現在還是維持一週跟教練上一次課、去室內室外練習場練習
跟著學生一起下場
我才從學習打高爾夫中去摸索到學生身體肌肉的力線及邏輯
同時去找了曾經是高爾夫選手轉行健身教練的S老師
研習運動按摩及高爾夫體適能的相關知識
完全不是老闆說的不會打也沒關係
我不知道他怎麼可以讓整間公司的教練不會打高爾夫的去做專項訓練
包含我只有三個教練在持續學習打球其他教練就是聽老闆的話在做教學
最後當然在總總的理念不合下選擇離職",2026-04-03 20:38:00,講些廢話,厭惡,not_enough_posts,,skipped,
ifhslen,ifhslen,"有時候會一直思考自己選擇的路到底對不對
當MA是很多商科畢業生的選擇
也是一個非常光鮮亮麗的工作
原本我也是想說就去試看看
還記得當初在面試的過程中 我就深刻有個感覺
這樣汲汲營營的生活好像不是我真的想要的
雖然現在工作也是很忙 但做著自己喜歡的事
好像也是蠻開心 蠻有成就感的嗎
只是還是會一直思考 這樣會不會就有點卡在原地
但說真的…還是有點小迷惘
有一點想去盧森堡試看看找金融業的工作
但好像也就只有想 沒有行動
有時候又會蠻厭惡這樣的自己
知道自己已經不是年輕的學生
其實還是會有點慌張…
很想要向前進 但好像那個動力始終沒辦法把自己推出去…",2026-03-08 22:11:00,,厭惡,not_enough_posts,,skipped,
ifhslen,ifhslen,"這幾個月體感覺得自己敢於讓情緒流動了
可能是因為每週諮商讓我練習在日常生活去關注自己的感受吧
最明顯的差異大概是 以前很久很久才會哭一次
每次哭也都是被壓得喘不過氣的時候
現在是看到很多跟愛自己相關的影片或書就會大爆淚
有個感覺就是以前對自己真的好壞好壞
對自己好的第一步應該就是要允許自己可以有這些負面的情緒
這樣應該算有成長吧",2026-03-06 13:32:00,,厭惡,not_enough_posts,,skipped,
_ysanne_23,小冰🧊,"我要講一句超級真心話
當你喜歡一個男生的時候
你真的會聞到他身上的味道
而且你會非常喜歡這個只有你聞得到的味道
其實在很久之前我就體悟了這件事
因為我在跟前男友分手之前的最後一次抱抱
我的內心是厭惡他身上的味道的
覺得怎麼變得這麼臭
不是他真的很臭不洗澡什麼的
而是他再也不是你喜歡的那個味道了。",2024-07-02 04:06:00,Ig:@_ysanne_23,厭惡,not_enough_posts,,skipped,
ynnn_1260,NEI.,"我繁星上了，上了成大，但老實說這幾天滑脆一直看到有人在罵這個制度我其實很難過，不對是超級，我知道繁星這個制度多少有缺漏，但我就是那種長跑型選手，我不是衝刺型選手，能在大考上突然發威的那種，我能慢慢地念唸得很穩，會考那次把我壓得太扁，扁到去社區高中，我努力一直維持著成績遇到討厭的老師討厭的課討厭的作業都硬做，我兩年多的努力就是為了拿到錄取通知的那一刻。
但這些努力，卻能被一句繁星什麼爛制度、那些繁星的人根本沒我高憑什麼上…這種話給全部擊碎，到底為什麼，努力的人錯了嗎😭",2026-03-20 02:12:00,17歲 繁星已上岸 我的小天地,厭惡,not_enough_posts,,skipped,
turtle.4776235,分享日常,"看到那個11歲的女孩被性侵的文章了
我想說 很多人問她為什麼沒有報警或請學校幫忙
可是對於一個剛發生這種事的人來說
不管年紀 其實絕大部分是不會報警的 那種深深的自我厭惡 還有當時噁心的場景一直不斷的在腦海裡重複 這段時間她要獨自承受可能懷孕的風險 她還沒成年 即使懷孕了也需要監護人陪同才能處理
報警請學校幫忙就等於昭告天下 她以後在學校怎麼生活 警察也一定會請家長過來 而她的家庭狀況也不是很好
至於為什麼選擇在網路上說出來 我想是因為只剩網路可以躲藏",2026-02-25 06:23:00,"分享我的日常
偶爾會分享一些好用的東西",厭惡,not_enough_posts,,skipped,
turtle.4776235,分享日常,"今天去南投元宵燈會
我跟馬麻走在前面
想說把拔怎麼不見了
我走回去找他的時候發現他在偷拍我跟馬麻
看到我瞄他手機還馬上心虛收起來
我就假裝不知道
你家也有同款悶騷把拔嗎？
快來跟我分享吧！",2026-02-22 01:18:00,"分享我的日常
偶爾會分享一些好用的東西",厭惡,not_enough_posts,,skipped,
harry1280000,harry1280000,"女生對於搭訕這件事本身是厭惡多一點還是期待多一點？還是有其他想法
看好多人有不同意見",2026-03-30 12:01:00,🤡,厭惡,not_enough_posts,,skipped,
siainthegarden,昕 Sia 🎠,"「不分男女，我對所有的陌生人都有一點微妙的厭惡感呢。」
「不管是男生還是女生，被刀捅下去流出來的血都是紅色的喔。」
好喜歡小本！帶著奇特的客觀冷血，但也很照顧朋友、很體貼、很懂自己。
造型風格也完全是我的菜。
這部劇最棒的地方，就在於用輕巧卻不失深度的方式去描繪每個角色，讓每個人的性格都飽滿又生動，也很容易在他們身上看到與自己相反或相近的地方，並對那些情緒和情況產生共鳴。",2026-04-06 02:24:00,🪞𓍢ִ໋🌷͙֒♡ Film | Music | Art | Fashion,厭惡,not_enough_posts,,skipped,
rhwxxs_,ʜᴀᴏ,"已經不是第一次因為有刺青而感受到別人莫名的厭惡
但是第一次就因為刺青被老師厭惡
看都不看你一眼 不耐煩的口氣
但我還是要為了學分忍耐這種對待",2026-03-27 10:02:00,你要安全感我要穩定 我們可以雙贏,厭惡,not_enough_posts,,skipped,
misha713,shark,"馬年春聯2.0🐴
上一次畫春聯已經是兔年了🫠
一懶 懶兩年 
妄想過年福袋 馬娃比照虎年娃製作
手裡就會抓蘿蔔了吧XD
福袋都比照虎年那樣做一輪多好啊🤣",2026-02-15 20:29:00,"沉迷ちいかわ停不下來･*･:≡(　ε:)
小可愛本命(´▽`ʃ🩷ƪ)""",妄想,not_enough_posts,,skipped,
misha713,shark,"牛仔很忙 兔兔更忙XD
今天是嗚啦善⚡️",2026-02-09 16:40:00,"沉迷ちいかわ停不下來･*･:≡(　ε:)
小可愛本命(´▽`ʃ🩷ƪ)""",妄想,not_enough_posts,,skipped,
zzhang.aji,ZHANGHAO | 장하오 | 짱아지의 Aji醬 💗,「跨越時間，我們定會在約定的地方相見」,2026-03-21 20:29:00,"2199🔬
沒事就造謠",妄想,not_enough_posts,,skipped,
vetanetane,VvvV12-30,存一个直播录屏,2026-03-30 23:46:00,"追心肝，不讲那些
我不想聊政治🫶",妄想,not_enough_posts,,skipped,
amada_0922,amada_0922,"完蛋
還在失眠
03:41",2026-04-07 03:41:00,xhslink.com,失眠,not_enough_posts,,skipped,
amada_0922,amada_0922,"可以把我討厭的人
手機號碼給詐騙集團嗎
讓他們盜
🤣🤣🤣🤣🤣",2026-04-02 15:40:00,xhslink.com,失眠,not_enough_posts,,skipped,
wenxiang8481,Leslie Lee,🥲又失眠了,2026-04-07 03:35:00,前面几天没理你是我太装了，现在我开始上班了我是每天第一个关心你的人，你可以给我讲讲你的原生家庭 情感经历 以及未完成的梦想吗，对不起，我现在秒回(9:00~11:30 13:00~17:30),失眠,not_enough_posts,,skipped,
prudie_chung,Prudie,"很久沒有失眠了。
但是，
這次失眠沒有影響心情，
就只是單純的「訓唔著」。
有人與我一樣，在失眠的路上嗎？",2026-04-07 03:32:00,"Be brave, be humble and be strong.",失眠,not_enough_posts,,skipped,
tina693020,吳妮妮,又失眠睡不著～調不回來了😩😩,2026-04-07 03:22:00,活出自我,失眠,not_enough_posts,,skipped,
s24921468,何欣慈,"大家都失眠嗎 ？誰還沒睡💤
讓我知道 我不孤單😔",2026-03-24 02:46:00,,失眠,pass,,non_depression_risk_user,
s24921468,何欣慈,"分享日常為自己準備的營養早午餐🍳
很愛自己動手下廚的小廚娘",2026-03-23 22:25:00,,失眠,pass,,non_depression_risk_user,
s24921468,何欣慈,"收藏口袋名單已久的 After5 
坐在二樓吹著微風 看著落地窗外的民宅
愜意舒服的又渡過了一天 
結束再接著去外木山看海慢跑 
昨天短跑6Km 今天目標10km",2026-03-15 16:03:00,,失眠,pass,,non_depression_risk_user,
kepler_es,校草🌱,"記錄一下酷酷的助眠小物
不是業配，有興趣ㄉ可以自己去康X美購買
最近每天飽受失眠所苦（非焦慮影響，單純難以入睡的那種）
但很排斥吃安眠藥，因為隔天會累到起不來
爬文之後發現可以透過補充褪黑激素的前驅物（色胺酸）、芝麻素和GABA等營養物質幫助睡眠
這個一次要吃四顆，睡前一小時吃就好
剛剛洗完澡後服用，結果應該才過十分鐘左右
原本精神超好（傍晚有睡過ㄧ覺），瞬間感覺好想睡覺，眼皮又超重的好累XD
真的太酷了，第一次看到效果這麼快產生的營養素🤣
但一罐單價蠻高的（一罐包含25份）
不確定每天服用會不會有耐受性的問題
但如果短期可以見效基本上也不會每天服用
以上供參🫩❤️",2026-03-06 00:30:00,"蚵仔の實驗日常🥼
🩻🔬🩸🧬🦠🧫🧪
以上純屬虛構 若有雷同純屬巧合
🧶 浪花織ㄉ闆娘 ✨🥀 
📷  Nikon FM 🎞️
😺 豆花ㄉ老母 🫧",失眠,not_enough_posts,,skipped,
_xuzyo.o,Y,大失眠 然後很焦慮,2026-04-07 02:39:00,生活不停毆打我我一怒之下變成非常好吃的年糕≥v≤,失眠,not_enough_posts,,skipped,
ruominn,𝐀𝐮𝐝𝐫𝐞𝐲,"失眠真的很痛苦
谁能懂我",2026-04-05 05:45:00,"𝟎𝟏’𝐬 | 𝐌𝐘
𝘚𝘱𝘪𝘤𝘦 𝘢𝘯𝘥 𝘴𝘶𝘨𝘢𝘳 𝘣𝘶𝘵 𝘮𝘰𝘴𝘵𝘭𝘺 𝘴𝘶𝘨𝘢𝘳.",失眠,business,,skipped,
ruominn,𝐀𝐮𝐝𝐫𝐞𝐲,"这几天偏头痛一直反反复复
刚刚睡之前痛到受不了结果还是吃了一颗caffox配paracetamol
头痛是好了
可是因为caffox有咖啡因的关系
结果我到现在还睡不着：）
最近身体很常出问题
真的很心力交瘁
情绪真的很影响身体健康",2026-04-05 05:43:00,"𝟎𝟏’𝐬 | 𝐌𝐘
𝘚𝘱𝘪𝘤𝘦 𝘢𝘯𝘥 𝘴𝘶𝘨𝘢𝘳 𝘣𝘶𝘵 𝘮𝘰𝘴𝘵𝘭𝘺 𝘴𝘶𝘨𝘢𝘳.",失眠,business,,skipped,
ruominn,𝐀𝐮𝐝𝐫𝐞𝐲,"Did I get you looking?
-
Fell in love with the UA Motion Collections that I’m
wearing.It
keeps things light, stretchy, and breathable through every swing. Get comfort, performance, and style in one look. 🙈
@zaloramy
@zaloramy
underarmourmy
#ZALORAGotYouLooking #ZALORATurns14
#UnderArmouronZALORA",2026-03-28 20:09:00,"𝟎𝟏’𝐬 | 𝐌𝐘
𝘚𝘱𝘪𝘤𝘦 𝘢𝘯𝘥 𝘴𝘶𝘨𝘢𝘳 𝘣𝘶𝘵 𝘮𝘰𝘴𝘵𝘭𝘺 𝘴𝘶𝘨𝘢𝘳.",失眠,business,,skipped,
annie.ies,Annie,"不知道是不是受到磁暴的影響，
昨天的睡眠品質真的差 🫠
失眠隔天還需要見客戶 好累",2026-01-20 16:55:00,"Welcome to my life ！
喜歡旅行，分享一切覺得特別的事物。
主要身份是科技業務，但朝著發現生活中的美好、享受生活為目標✨",失眠,pass,,non_depression_risk_user,
annie.ies,Annie,今日妝容重點 ，精神飽滿的眉毛,2026-01-18 17:03:00,"Welcome to my life ！
喜歡旅行，分享一切覺得特別的事物。
主要身份是科技業務，但朝著發現生活中的美好、享受生活為目標✨",失眠,pass,,non_depression_risk_user,
annie.ies,Annie,"最近體驗有感，
面對越強勢的客戶，
態度越溫和、說話越輕柔，他們反而聽得下去🤔",2026-01-09 17:00:00,"Welcome to my life ！
喜歡旅行，分享一切覺得特別的事物。
主要身份是科技業務，但朝著發現生活中的美好、享受生活為目標✨",失眠,pass,,non_depression_risk_user,
sandra1981tw,王美如,發現！好像很多人今天失眠了！！🤭🤭🤭連假休太多天了😂😂😂生理時鐘調不回來了...,2026-04-07 02:41:00,"主業：經營16年👙中大尺碼內衣褲👙
副業兼差：美睫/霧眉/蝦皮yahoo網拍
運動休閒：打了10年羽毛球🏸一樣肥嘟嘟中年婦女！🤪",失眠,business,,skipped,
sandra1981tw,王美如,請老公幫忙曬個衣服，還要用1號賄賂他！....🤣🤣🤣,2026-04-03 14:18:00,"主業：經營16年👙中大尺碼內衣褲👙
副業兼差：美睫/霧眉/蝦皮yahoo網拍
運動休閒：打了10年羽毛球🏸一樣肥嘟嘟中年婦女！🤪",失眠,business,,skipped,
sandra1981tw,王美如,"🎉歡迎加入🎉
🏸全台羽球比賽友誼群🏸
這裡歡迎來自有關「羽球比賽」的大小事~
🚩大小比賽相關資訊
🚩找搭檔
🚩團體賽/友誼賽缺隊友的
🚩靠北羽球（請注意言詞！）
都歡迎發言唷！
📝記事本有即時的比賽、章程連結
歡迎大家可以去參考，有沒有適合自己的羽球比賽
📣本群組沒有任何買賣營利之交易
版主單純幫忙介紹尋找搭檔
私下球友如有借貸，交易之糾紛
本團不介入，也不負任何刑事與民事糾紛
❗注意❗
發言用詞..❌請勿問候人家長輩
三字經/髒話/請理性發言~
如果出現不理性發言
👮管理員將把您請出本群❗
請做個有禮貌的羽球人唷❗
謝謝合作😉
🏸全台羽球比賽友誼群🏸
line.me/ti/g2…",2026-03-30 13:08:00,"主業：經營16年👙中大尺碼內衣褲👙
副業兼差：美睫/霧眉/蝦皮yahoo網拍
運動休閒：打了10年羽毛球🏸一樣肥嘟嘟中年婦女！🤪",失眠,business,,skipped,
vuvu0526,葴,"又是一個失眠的夜⋯
有沒有那種可以快速入睡的方法⋯",2025-12-11 02:28:00,♡都清醒，都獨立。,失眠,not_enough_posts,,skipped,
chigi_hodi,Chi Ho,失眠，完全冇睡意😔,2026-04-06 03:58:00,,失眠,pass,,low_depression_risk_user,
chigi_hodi,Chi Ho,等咗幾2個月，終於到手😑,2026-04-05 17:03:00,,失眠,pass,,low_depression_risk_user,
chigi_hodi,Chi Ho,"出4.0同十三么😍又要出血喇
#最愛嘅僵屍派對
#唯一會抽嘅盲盒
#好可愛",2026-04-03 19:23:00,,失眠,pass,,low_depression_risk_user,
zlk0418,張洛魁,怎麼有那麼多人還沒睡 哈哈哈哈 大家集體失眠了,2026-04-07 04:20:00,,失眠,not_enough_posts,,skipped,
zlk0418,張洛魁,歐哇嗚 現在還沒睡的 跟我說聲早安吧,2026-04-07 04:09:00,,失眠,not_enough_posts,,skipped,
__yttt.09,歪踢´••`,這個時間點有人嗎 失眠怎解⋯,2026-03-02 01:57:00,想留下的自然會留下。,失眠,not_enough_posts,,skipped,
__yttt.09,歪踢´••`,希望我男友不會因為我的脾氣和壞情緒而離開我🫩,2026-03-01 23:46:00,想留下的自然會留下。,失眠,not_enough_posts,,skipped,
dai_wenlin,Summer 🌻,"失眠兩夜了⋯昨晚又都沒睡⋯
想睡個覺都這麼難的嗎？
別吵了好嘛！！",2026-01-21 11:04:00,"如果有人寵那就做個幸福的小女人
如果没有那我就做個堅强的女漢子",失眠,not_enough_posts,,skipped,
airrobot1027,鄭宇宏,"現在還沒睡著還醒著的有嗎！老師說要誠實舉手手喔
現在真的很容易失眠",2026-04-06 04:42:00,簡單的事情就由簡單的人來做！❤️❤️❤️❤️,失眠,pass,,low_depression_risk_user,
airrobot1027,鄭宇宏,〔小短片記錄〕過年期間，朋友開車前往苗栗祈福一日遊!!! #旅行 #travel#Miaoli#自行車隊#民眾黨,2026-04-05 23:12:00,簡單的事情就由簡單的人來做！❤️❤️❤️❤️,失眠,pass,,low_depression_risk_user,
airrobot1027,鄭宇宏,哈哈冤死了 上班提早到 也沒遲到過 但我等忘了看忘了寄打卡時間 今天下班突然被提醒要注意一下時間喔 因為看我都沒上班8小 但⋯⋯⋯⋯我有自信心 我絕無遲到 也沒有早退 都是上好上滿,2026-03-30 02:08:00,簡單的事情就由簡單的人來做！❤️❤️❤️❤️,失眠,pass,,low_depression_risk_user,
nd_47823,nd_47823,失眠,2026-03-27 02:32:00,,失眠,not_enough_posts,,skipped,
sanity.conductor,sanity.conductor,Diu 又失眠,2026-04-07 03:36:00,被social norms擔誤的精神病人,失眠,not_enough_posts,,skipped,
sanity.conductor,sanity.conductor,"有時幾有趣
世界
從某程度是公平
從某角度又是完全不公平",2026-04-06 16:55:00,被social norms擔誤的精神病人,失眠,not_enough_posts,,skipped,
bowei_2235,找到帳號問題了,失眠,2026-04-07 02:31:00,高中生🏐️,失眠,pass,,high_depression_risk_user,
bowei_2235,找到帳號問題了,排球可以還我了嗎 一年級的,2026-03-31 21:17:00,高中生🏐️,失眠,pass,,high_depression_risk_user,
bowei_2235,找到帳號問題了,我覺得我的腳指頭很擠,2026-03-29 09:44:00,高中生🏐️,失眠,pass,,high_depression_risk_user,
bowei_2235,找到帳號問題了,打字一直呃怎麼很躁 話都不會說還要用打字來表示是有什麼障礙,2026-03-27 21:19:00,高中生🏐️,失眠,pass,,high_depression_risk_user,
ziinann10,快樂的F人,💕😝,2026-04-06 15:02:00,,失眠,not_enough_posts,,skipped,
red_hair_ariel_07,紅髮愛麗兒,"失眠蟲快走開😭
我想睡了啦
為什麼睡不著……",2026-04-07 23:31:00,"我是頭髮已經不紅了的愛麗兒
剛被醫生加藥的憂鬱症患者",失眠,pass,,low_depression_risk_user,
red_hair_ariel_07,紅髮愛麗兒,我喜歡就好🥰,2026-04-07 19:36:00,"我是頭髮已經不紅了的愛麗兒
剛被醫生加藥的憂鬱症患者",失眠,pass,,low_depression_risk_user,
red_hair_ariel_07,紅髮愛麗兒,"我在想
如果當你忘記一切的時候
你的「本意」
是否還會記得我？",2026-04-07 10:24:00,"我是頭髮已經不紅了的愛麗兒
剛被醫生加藥的憂鬱症患者",失眠,pass,,low_depression_risk_user,
red_hair_ariel_07,紅髮愛麗兒,一個已經鎖死的暱稱,2026-04-02 00:02:00,"我是頭髮已經不紅了的愛麗兒
剛被醫生加藥的憂鬱症患者",失眠,pass,,low_depression_risk_user,
hei08._.16__,🕷️🕸️,今日全香港集體失眠,2026-04-06 06:11:00,,失眠,pass,,non_depression_risk_user,
hei08._.16__,🕷️🕸️,真係要瞓啦 六點啦🫩🫩🫩,2026-04-06 06:06:00,,失眠,pass,,non_depression_risk_user,
hei08._.16__,🕷️🕸️,cls有冇咁多人未瞓啊😂🫩,2026-04-06 04:26:00,,失眠,pass,,non_depression_risk_user,
clothing0_4,clothing0_4,？今天是什麼集體失眠日,2026-04-06 06:33:00,,失眠,not_enough_posts,,skipped,
clothing0_4,clothing0_4,"兒童節沒送禮物給我
代表你不把我當兒童
既然你不把我當兒童
那我只好當
你爸爸
你爸爸
了",2026-04-04 02:50:00,,失眠,not_enough_posts,,skipped,
aisaniea,艾莎妮亞名床,"睡眠問題串！
大家如果有對於睡眠、床墊、彈簧、軟硬度…等等相關的問題
都可以在下面問我喔
我都會回答ㄛ
不買也可以問喔！",2024-06-24 18:45:00,"中部經營超過30年的老字號床墊商家
在地手工製作 小本經營
每一個細節都是我們的堅持
🔆台中門市-台中市西屯區四川路17號
TEL:04-23167855
🔆南投旗艦店/工廠-南投市彰南路三段320號（請事先預約）
TEL:049-2253167",睡眠問題,not_enough_posts,,skipped,
paula_825oo,許小寶,"我覺得現在大部分的人應該都要去看身心科
我本來因為睡眠問題，所以去看身心科
醫生診斷為自律神經失調
本來超級易怒，動不動就生氣大聲講話
我兒子那陣子超常被我罵哭
吃藥之後
我整個人很和平欸
基本上都沒有生氣的情緒
根本世界大同、美好社會🙏🏻",2026-01-11 18:44:00,"矮肥短南部媽媽
育一子四貓
經常性的處於emo狀態
很會碎唸抱怨滿滿負能量",睡眠問題,not_enough_posts,,skipped,
sammichensq,ᵞᴱᴺ🤸🏼‍♀️,"大家好！我是嬰幼兒睡眠訓練的學生，目前正在尋找實習個案，希望能幫助有睡眠問題的寶寶和媽咪們～
我正在找尋4個月至2歲大的寶寶，而且寶寶有睡眠困擾
『短小睡➡️小睡常常只睡15-30左右、入睡困難、夜醒頻繁、奶睡、哄睡、等』。
 如果您是這樣的媽咪，歡迎聯絡我，一起討論如何改善寶寶的睡眠品質。這是免費的實習服務，我會在專業指導下進行，並確保過程安全和尊重您的意願。
有意願的媽咪，請私訊我或回覆這篇貼文，提供寶寶年齡和簡單睡眠問題描述。謝謝😊
#寶寶#嬰兒#眠訓練 #睡眠問題 #母嬰分享#媽媽分享#夜醒#哄睡#短小睡",2026-03-09 13:16:00,"〥狗狗貓貓我最愛😘
✰愛吃✌︎愛睡✌︎愛幻想✌︎
✡︎不斷突破自我底線😎
✰遇到了就面對吧🏋️‍♀️
遠離智障生活才會更快樂",睡眠問題,not_enough_posts,,skipped,
fantasticabroad,fantasticabroad,"嬰兒「同房不同床」到底是什麼都市傳說？
衛教本上寫「嬰兒要睡嬰兒床」，
但問題是抱搖哄熟睡後，不論隔多久放嬰兒床寶寶都會醒，最長40分鐘一定醒來。
寫衛教本的衛福部專家怎麼只寫了要同房不同床，
卻沒有寫怎麼讓新生兒～3m的嬰兒睡嬰兒床？🥲
為了求生，
開始詢問身邊朋友晚上如何把嬰兒放回嬰兒床睡，
才發現沒有朋友成功，
連外國朋友也是，
甚至連我自己爸媽也失敗。
大家都很不好意思地回説：
其實小孩根本只願意跟自己睡，
嬰兒床最後變裝飾品。
這就如同瘋狂衛教倡導「母奶最好」，
卻沒人教媽媽怎麼順利餵奶滿像的。",2026-03-30 23:53:00,www.instagram.com,睡眠問題,not_enough_posts,,skipped,
tyumi123,𝒀𝒖𝒎𝒊 芳,"大家好，第一次脆上發文不知道能不能徵求到家庭一起合作～
目前我正在就讀好眠寶寶第三屆好眠師認證班，進行嬰幼兒睡眠顧問的專業訓練。為完成認證實習，我希望能與兩組有嬰幼兒睡眠困擾的家庭合作，提供為期兩週、免費的一對一睡眠諮詢與引導服務。
若您的家庭符合以下條件，誠摯邀請您與我聯繫：
1.  寶寶矯正月齡滿四個月以上，且無特殊生理狀況
2.  寶寶有夜醒頻繁、入睡困難、早醒或夜奶等睡眠問題，已影響家長休息或家庭生活
3.  家中有獨立嬰兒床及寶寶監視器的家庭
4.  希望透過調整作息與引導方式，協助孩子與大人找回良好的睡眠品質
如果您或是身邊有親朋好友有遇到相關的寶寶睡眠問題，不妨給我一次服務你們的機會🙏🙏謝謝",2026-02-26 13:50:00,一個不吃小黃瓜、西瓜、木瓜等眾多瓜類的人,睡眠問題,not_enough_posts,,skipped,
evelyn_juyin,Evelyn Ma,"如果你很不舒服很想死絕對不要去「桃園療養院」第三集🌟🌟🌟🌟🌟
桃園療養院的破事在前兩集已經講完了
我後續也被送到榮總桃園分院
一定有病友納悶那可以去哪呢？
❶我個人是蠻推中壢天晟醫院急診室
🌟🌟🌟🌟🌟
他們雖然沒有分類身心科
但該有的藥都有
你只要知道你要打什麼針其實去天晟就可以了
醫護人員都很細心脾氣也很好
❷桃園市中心的病友可以考慮榮總桃園分院🌟🌟🌟
雖然醫師要等上一陣子但也是該有的藥都有（醫護人員我覺得還是天晟的比較好不知道跟公私立醫院有沒有關係）
———以上分享完畢——
願所有病友被這個溫柔的世界擁抱
不再害怕、孤單、妄想等負面情緒
身心科醫師真的要好好找
我本人鋰鹽中毒過才知道不是所有醫師都是好醫師（也許他不是有意的但事情就是發生了我很遺憾）
身心科盡量找要初診預約的
我本人看了11年真的有差🌟🌟🌟🌟🌟
也很推薦桃園市中心一德身心診所
吳威毅院長
他在我最脆弱的時候接住了我
雖然我們還在磨合睡眠問題
但情緒問題已經改善非常多了
我給他看不到半年就有這麼大的改變我很謝謝他
（他也跟我透露一些關於桃園療養院很爛的事情哈哈哈）以上祝福所有病友2026馬上幸福、馬上康復💐",2026-03-01 22:43:00,"高敏感族群 𝑰𝑵𝑭𝑱
為生活注入多一份儀式感與勇氣🫧🪄",睡眠問題,not_enough_posts,,skipped,
_xxyao,Joyce,"身心靈疲累到一個狀態的時候
大家都會做什麼療癒
心靈層面",2026-03-17 22:53:00,"新竹竹北｜國際冠軍霧眉師
——————————————
🏆 骨相設計｜精雕五官比例・擅長打造俐落男士眉
🧬 皮相管理｜中國醫產學 500億外泌體
💎 無針黑科技｜無創無痛・拋光肌底
——————————————
✨ 高訂顏值・千元體驗 (預約制)
諮詢預約傳送門 🔗 mulan.beauty_",疲累,not_enough_posts,,skipped,
zhuang89105,Z,"產後2個月 每天沒日沒夜的專心顧小孩
24小時接住孩子的需要
但誰能接住媽媽的情緒
身上掉下來的一塊肉 我怎麼可能不愛小孩  但總是在深夜獨自崩潰 總覺得早知道我不要結婚就好 早知道我不要生孩子就好
徹底失去自我 我只是希望有人能懂我真正的想法
可以在我育兒很疲累的時候 抱抱我而已
😭💔💔💔",2026-04-04 02:54:00,,疲累,not_enough_posts,,skipped,
zhuang89105,Z,"17歲的我踏入婚姻 有了三個孩子
經營了6年 最後對方第7年之癢離婚收場
後來這幾年與前婆婆變成朋友 也還是把她當作親媽媽一樣看待
雖然很不甘心很遺憾 但也算是很和平
如今26歲再次踏入婚姻 
與先生育有一女 
我只想說 謝謝妳來到我的世界
治癒我破碎的人生 療癒我所有一切
媽媽好愛妳 也好想三個孩子",2026-03-25 15:10:00,,疲累,not_enough_posts,,skipped,
mon122777,夜,"請問大家重訓後會加有氧嗎？或者有氧獨立一天做？
身體太疲累是不是會影響減脂呢？",2026-03-28 22:31:00,提倡血糖減肥法，想健康減肥，請認識血糖跟胰島素，多多認識食材的GI值，學會辨識食材，適當吃零食，減肥長久心態健康。,疲累,not_enough_posts,,skipped,
solofater1717,solofater1717,"自律神經失調今年剛好滿3年了
所以從1月開始就決定一定要先努力調養好
目前都會持續散步.運動.有太陽就出去曬
也都保持只喝水不喝茶類飲料和咖啡類的
睡眠也盡量調整早點睡然後每天至少睡滿8小時
但是目前偶爾還是會有很多不穩定的情況
一直昏.一直疲累想睡.沒精神.眼睛酸澀.沒力
也沒有說到很嚴重心悸.胸痛.呼吸困難.恐慌爆發
但就是整個人感覺很折磨很不舒服🥲
我也就只能一直撐一直忍耐🥹
去閉眼一下躺休息一下都會稍微好轉一點
而且還有最近天氣溫度一降一升更特別容易影響我整體的狀態🫠
我現在是真的很想知道這症狀在調養的時候也都是這麼折磨嗎?我總以為會是一天比一天好
我想知道我目前這樣努力調養是會好起來的嗎🥹
在這裡請教各位大大🥺🙏🏻",2026-02-03 19:49:00,"一個剛出社會的人(?
這裡就是抱怨自己工作的地方",疲累,not_enough_posts,,skipped,
solofater1717,solofater1717,"怎感覺104.1111.小雞都一樣一堆幽靈職缺
很多看起來都不太缺的🫠
我甚至還親自打電話去問了蠻多的
很多回覆都是說之後看過履歷會再回覆
結果後面根本也是連看都沒看啊
不然就是直接說沒缺會馬上關掉的
還要我打過去才會肯關是怎樣
真的好難找一個合適工作只能一直持續待業了😮‍💨",2026-01-22 18:04:00,"一個剛出社會的人(?
這裡就是抱怨自己工作的地方",疲累,not_enough_posts,,skipped,
jennylulu91,jennylulu91,"看到竹中爭取午休離開校園外出買午餐的權利，
忽然發現，原來人年紀大了，想法真的會變……
以前我大概會支持學生，認為「制度設定好，為什麼不可以」。
但出社會之後才理解到，這個世界上存在著
「非常非常非常非常非常非常多奇葩」
這個事實。
這些奇葩是不可能乖乖照著制度走的，
就算你完全佔理，遇到一個奇葩就會浪費你非常多生命去應對各種奇葩狀況。
學生爭取權利沒錯，
但作為一個剛加班結束坐公車回家的疲累社畜，我完全可以理解校方不願意開放的心情….",2026-03-19 19:56:00,"電影、小說、動漫畫心得紀錄
以及其他碎碎念",疲累,not_enough_posts,,skipped,
aboutivf_,aboutivf_,"忍到今天驗孕日
都沒有偷跑！
今天是植入後第9天
希望今天晚上可以有好消息🥰
我除了嗜睡之外都沒有症狀
應該是沒問題的吧～～～
也有大家沒有症狀卻植入成功的嗎🥹",2025-09-03 10:13:00,紀錄備孕到試管的小日記📝,嗜睡,not_enough_posts,,skipped,
aboutivf_,aboutivf_,"有沒有媽媽們也是吃黃體素大便秘的
跟以前便秘的感覺不一樣
不會想上廁所
肚子也沒有很漲
但將近一週都沒有好好上廁所了🥶🥶",2025-08-23 14:40:00,紀錄備孕到試管的小日記📝,嗜睡,not_enough_posts,,skipped,
taipeineuro,臺北神經醫學中心,"📣 別再誤會打瞌睡是偷懶！白天總想睡、突然癱軟，可能是「猝睡症」警訊！🚨
李小姐多年受白天嗜睡困擾，工作疲憊並擔心被誤解。經雙和醫院診斷為第一型猝睡症，藥物和作息調整後已獲控制。
神經內科官怡君醫師說明，猝睡症是因大腦「食慾素」不足引起的罕見疾病，第一型好發於青少年和年輕族群。
典型症狀包括：白天無法控制的睡意、情緒激動時肌肉無力（猝倒）、入睡或睡醒時的幻覺、睡眠癱瘓（鬼壓床）。患者常被誤認為懶惰。李小姐曾因猝睡險發生危險，並有癱軟、幻覺、鬼壓床等症狀。
官醫師指出，雖無法根治，但藥物能有效控制。李小姐透過藥物、規律作息和午睡，生活品質顯著提升。
官醫師提醒，若有白天嗜睡、情緒激動時癱軟、入睡幻覺、睡眠癱瘓等症狀，應及早就醫診斷，排除其他疾病，並積極治療以改善生活。
#猝睡症
#白天嗜睡
#猝倒 
#睡眠癱瘓 
#鬼壓床 
#睡眠醫學 
#衛生福利部雙和醫院 
#臺北神經醫學中心
#退化性神經疾病科
#官怡君主任
#神經內科
文/臺北醫學大學部立雙和醫院
圖/臺北醫學大學部立雙和醫院",2025-05-20 11:54:00,,嗜睡,not_enough_posts,,skipped,
taipeineuro,臺北神經醫學中心,"TNI臺北神經醫學中心週末辦的「開顱手術入路實作工作坊」順利結束啦！
這次來了不少對神外很有熱忱的醫學生，也有專業的醫師來帶領大家實作。
特別感謝陳明德主任及陳淑美醫師費心規劃安排這次的課程，讓學員們能有這麼紮實且豐富的學習機會！
看到這些未來的醫生們這麼認真學習，跟醫師們互動也很積極，覺得台灣醫療真的好棒棒！
這堂課程中，不只讓大家學到很多書本上的知識，更重要的是醫師們分享了很多實戰經驗，相信對這些學生們來說，是很難得的機會。
感謝所有來參與的醫學生，還有辛苦的醫師們和幕後幫忙的朋友！
期待之後可以再辦更多這種能幫助大家學習的活動，一起讓台灣的醫療越來越好！
#臺北神經醫學中心 
#開顱手術入路實作工作
#臺北醫學大學附設醫院 
#神經外科 
#醫學教育 
#實作課程 
#陳明德主任 
#陳淑美醫師",2025-05-19 16:32:00,,嗜睡,not_enough_posts,,skipped,
alicedzenggarden,小熊夢夢｜Alice(郁榕),"大家好，我是Alice
一直以來，我都喜歡畫小熊，一隻愛睡覺的小熊，他叫夢夢
夢夢是一隻得了嗜睡症的小熊
而我，也是一名嗜睡症患者
一路走來，很辛苦
但，總有一些可愛的人，陪在我身邊
感謝所有出現在我生命中的各位
所以才有現在的我，才有夢夢的誕生
之後，我會透過夢夢分享嗜睡症的日常，希望讓大家更了解嗜睡症
不知道大家有聽過嗜睡症嗎？
另外，我有出一本有關嗜睡症的繪本叫《小熊,你怎麼又睡了?》
現正在博客來等通路都有販售喔！
#小熊夢夢 #Alice #小熊你怎麼又睡了 #嗜睡症 #猝睡症 #罕見疾病 #繪本 #療癒插畫 #尋找自己的節奏 #做自己 #插畫 #原創角色 #IP #嗜睡症倡議 #接納自己",2026-04-05 16:23:00,"嗨!我是Alice 👋
也是夢夢的創作者 🐻
夢夢是隻得了嗜睡症的小熊和我一樣
我們想帶大家一起認識嗜睡症
一起在這忙碌的社會中尋找自己的節奏
繪本作家 · 插畫家 · 木器彩繪講師
🌸 療癒插畫 × 嗜睡症倡議
🎵 尋找自己的節奏",嗜睡,not_enough_posts,,skipped,
_luckyvia_,Cheung Sylvia,"37w+3
踏入37w 足月了 明顯感受身體上既變化
好像得了嗜睡症 每天睡10幾個小時
晚上12點睡覺 一個晚上起來3次去廁所 
睡到早上11-12點起來
下午3點再睡 5點或者6點起床
每天不是在吃就是在睡的路上
下樓走一會已經腰酸背痛了
這段期間的bb真的大了很多
連她踢我也是很大力 
還有感覺她在肚子裡面的空間變小了
還有3天再見醫生了 看看這個禮拜bb大了多少
上個禮拜已經2.9kg
能不能撐到預產期真的不敢說🙊
只希望bb健健康康平平安安🍎
加油呀！💪🏻",2026-02-01 19:59:00,沒有你想看的。,嗜睡,not_enough_posts,,skipped,
fannyfy0528,曾楚涵,"#萬事發問脆
孕婦嗜睡有辦法解決嗎？
40Y第一胎，現在26w，前三個月也是瘋狂睡。。。
從年輕時候，休假或生病的時候，就是屬於很好睡，發燒只要讓我睡夠12小時，人就可以恢復精神那種體質！
現在工作偏自由業，所以沒事在家養胎，前陣子精神也有比較好，清醒的時候比較多，最近可能有出去工作或白天都有事外出一整天，連續好幾天，回來吃完晚餐就陷入昏迷叫不醒。。。
今天雨天不用外出，整個白天只有清醒中午起來煮午餐，然後就又莫名睡著。。。
現在老公在跟我檢討，或企圖想規劃我睡覺時段，跟我說我要把自己當正常人，不要說孕婦可以這樣亂睡，還叫我去問醫生，這樣一直睡覺，小孩以後不會生活不規律嗎？
（因為要我規律睡覺，才不會讓婆婆早上九點看到我還在睡，又要唸，她希望我七八點就要起床。。。＞＜）#婆媳問題？",2025-09-23 17:26:00,❤️❤️❤️,嗜睡,not_enough_posts,,skipped,
fannyfy0528,曾楚涵,"孕26w第一天,突然感受到好餓，早上吃完水果餐，中午約一點吃一碗羊肉湯粉加肉，大約兩點等妹妹上廁所的時間，我馬上點一個麥香魚堡吃完，然後差不多三點再吃一串日式醬油丸子，開車回家煮飯，六點半吃完晚餐一碗飯乾煎豆皮，煎排骨，涼筍，麻辣藕片，一碗牛肉湯，再吃幾顆葡萄跟藍莓，八點跟老公吵完架又馬上和好，情緒舒服後的第一句，問我們來吃東西吧！結果泡一杯無糖蘋果醋，開了健康的蝴蝶餅乾吃了半包，滑手機工作一陣子，剛剛睡著夢到想吃泡麵，12點半起來，瞬間又好餓，再吃半根香蕉，我就清醒無法忍受飢餓感，現在蒸了一顆小顆雜糧饅頭，等等進食！
前面孕期大概只有吃過兩三次宵夜，半顆蘋果或是幾塊芭樂就可以回去睡覺，今天竟然完全無法，肚子裡到底是什麼食慾怪獸！！！！！！",2025-09-23 01:40:00,❤️❤️❤️,嗜睡,not_enough_posts,,skipped,
aaaabu_ud,阿布ㄉ減重記事本,"自我介紹一下 我是阿布
我是一個從小胖到大的人
身高165公分 體重目前117.3公斤
最胖到132公斤
在發現自己越來越嗜睡
多囊的情況越來越嚴重 
生理期幾乎不來 只能靠吃藥
會掉髮 時不時就累 身體感覺越來越差
還有其他心理層面的問題
等等因素！
讓現在22歲的我
決定要在25歲以前
（趁代謝功能還可以的時候）
當個BMI正常的人 當個瘦子
目前是以飲食控制的方式進行
歡迎大家推薦你們的方式給我
或是有什麼建議都可以跟我分享！",2025-10-13 20:49:00,"減重🌕/飲控🌗/日常🌑
-
持續紀錄直到瘦到100公斤（小目標）
沒有使用產品 0推銷 放心追🤓
-
巔峰體重132公斤
開始紀錄的體重是117公斤
歡迎大家陪著我一起瘦下去！",嗜睡,not_enough_posts,,skipped,
i_am_not_olivia_,Ophelia,"鮮魚行今次真係殺校我會好開心
啲老師帶頭bully 我嘅場景我仲歷歷在目
再見 我嘅童年噩夢",2026-03-19 22:36:00,,噩夢,pass,,non_depression_risk_user,
i_am_not_olivia_,Ophelia,"話説今日去買bra
咁嗰商場有好多間bra 舖
某間T字頭sales為咗賣bra真係咩都講得出
嗰bra明明完全唔貼
佢夠膽死話洗一次就貼㗎啦
Cls 佢係咪當我弱智",2026-03-17 21:19:00,,噩夢,pass,,non_depression_risk_user,
i_am_not_olivia_,Ophelia,"我一直以為用軟尺攞上手嗰下會睇0係喺邊度係常識
直到早幾日度位黐marking
Cls 好彩我發現到
唔係全部marking錯晒
🤦‍♀️🤦‍♀️🤦‍♀️",2026-03-09 09:44:00,,噩夢,pass,,non_depression_risk_user,
robbie_ins,羅比｜喜劇、電影、追劇,"給千禧世代的觀眾，誰能想到有一天可以在電影院享受暮光之城男主角的演技。
給Z世代的觀眾，這部電影是你們的。面對隨時可能陷入的焦躁困局，一部噩夢般的社死恐怖片。",2026-04-03 13:22:00,過著沒有標準答案的人生,噩夢,non_life,,skipped,
robbie_ins,羅比｜喜劇、電影、追劇,等等這個歌手是不是換人了,2026-04-02 14:47:00,過著沒有標準答案的人生,噩夢,non_life,,skipped,
robbie_ins,羅比｜喜劇、電影、追劇,這個生氣音！沒想到2026周杰倫還能給我驚喜啊,2026-03-25 16:41:00,過著沒有標準答案的人生,噩夢,non_life,,skipped,
robbie_ins,羅比｜喜劇、電影、追劇,周杰倫這一張是以父之名續集嗎,2026-03-25 12:42:00,過著沒有標準答案的人生,噩夢,non_life,,skipped,
rowan_physio,"Rowan Huang, PT, DPT, MS, CSCS","《骨盆底肌不一定是太弱，有時候反而是太緊！》
當大家聽到「骨盆底肌」時，
常常會聯想到漏尿、無力，或是產後相關的問題。
但事實上，骨盆底問題並不只發生在懷孕或產後，
任何性別、任何年齡都可能受到影響。
在臨床上，我們經常看到的狀況，並不是骨盆底肌太弱，
而是肌肉長期過度用力，卻無法好好放鬆。
骨盆底肌過度緊繃，可能表現為：
⚠️ 排尿或排便時解不乾淨
⚠️ 上廁所需要用力憋、用力出
⚠️ 尿流變慢或中斷
⚠️ 骨盆、下腹或尾骨不適
⚠️ 下腹有壓迫感或脹脹的感覺
⚠️ 性行為或婦科檢查時疼痛
⚠️ 性行為後痠痛或不適
⚠️ 使用衛生棉條困難
⚠️ 核心與骨盆區域長期處在「撐住」的狀態
⚠️ 久坐時感到不舒服
⚠️ 髖部、下背或鼠蹊部緊繃不適
但當這些狀況存在時，
解決方式不一定是做更多凱格爾運動。
在許多情況下，骨盆底肌可能同時「又緊又弱」，
代表肌肉需要先學會放鬆，
之後才能重新被訓練、恢復正常功能。
最後一個影片的男性案例也提醒我們：
骨盆底問題真的並不是只有女性才會遇到的事。
🧑🏼‍⚕️透過經腹超音波觀察骨盆底肌在呼吸時的活動度，
是物理治療師評估和訓練介入的好方法！",2025-12-30 06:34:00,,疼痛,not_enough_posts,,skipped,
dr.kevinchen_official,Dr. Kevin Chen｜凱文物理治療師   Taipei Physical Therapist,"《拾壹物理治療所 - 一站式整合治療領導品牌》
提供大安區大台北民眾最完善疼痛解決方案
👉全預約制門診治療 - 陳暐昇 物理治療師
🎉🎉感謝聯合報在內等多家媒體報導👏
udn.com/news…
台北物理治療｜大安物理治療",2025-11-12 22:15:00,"臨床物理治療博士· 生活品質重建專家
📍𝘉𝘢𝘴𝘦𝘥 𝘪𝘯 𝘛𝘢𝘪𝘱𝘦𝘪, 大安信義⮕ 拾壹物理治療所
· 𝘕𝘠𝘊𝘜 𝘋𝘰𝘤𝘵𝘰𝘳 𝘰𝘧 𝘱𝘩𝘺𝘴𝘪𝘰𝘵𝘩𝘦𝘳𝘢𝘱𝘺, 𝘋𝘗𝘛 
預約點連結（𝘽𝙤𝙤𝙠𝙞𝙣𝙜) ⬊",疼痛,not_enough_posts,,skipped,
tracy0724,Tracy  子情 ｜健身教練｜ WNBF PRO ｜Harfez,"我得了 「低腦壓性頭痛」。
脊椎膜在胸椎某個地方破了一個洞，
腦脊髓液一路往下漏，
從 頸椎 C5 到胸椎 T12 的空間都看到有水，
才導致顱內低壓。
—
從來沒想過意外會來得那麼毫無預警。
前一秒我還以為只是太累，
下一秒疼痛直接將我壓垮。
那種痛不是忍一下就好，
是整個人被逼著倒下。
—
原來人不是因為夠堅強才站著，
是因為還沒遇到那個
讓你瞬間倒下的瞬間。🥲",2025-12-07 23:32:00,"📍Taichung 
力宴健身@fitness.harfez952023 WNBF BIKINI PRO
2023 夢想盃新秀168-🥇
2023 IFBB regional bikini class C 🥈
WNBF TW6 新秀165+ 🥇公開167-🥇",頭痛,not_enough_posts,,skipped,
duo__weng,翁朵,"告訴大家一個消息
世界上所有人說的「痛痛飛走了」
實際上都只能飛到大概160公分的高度
痛痛沒有找到下一個宿主就不會消失
所以小孩子跌倒飛走的痛痛
都瀰漫在空氣中 
趁機進入大人的身體裡面
這就是為什麼我們會無緣無故偏頭痛",2026-04-05 14:50:00,"倔強的湯圓
Podcast｜渡邊小姐",偏頭痛,not_enough_posts,,skipped,
duo__weng,翁朵,"我想查一下抱抱杯到底好不好穿
結果搜出來一堆抱抱睡暈船的文章
看到忘記自己原本要幹嘛",2026-03-29 13:53:00,"倔強的湯圓
Podcast｜渡邊小姐",偏頭痛,not_enough_posts,,skipped,
fall2_33,fall2_33,有偏頭痛的人 總是活的好痛苦,2026-03-24 21:56:00,不是假帳號,偏頭痛,not_enough_posts,,skipped,
fall2_33,fall2_33,假如男友平常對你很好，但你生病的時候叫他幫忙裝水拿東西，他還會問你幹嘛不自己拿，也不會幫你買藥帶你去看醫生，這樣的男生值得給他機會嗎（每次我生病他都不會幫我拿東西或是幹嘛幹嘛,2026-03-20 23:14:00,不是假帳號,偏頭痛,not_enough_posts,,skipped,
ericyang830830,楊融,"昨天西雅圖飛回台灣的航班上看到這個阿姨😍
有人知道她在幹嘛嗎？怕睡著還是有什麼拉提效果🙈",2026-03-30 13:31:00,"#處女座A型
#微西拉雅
#電影人🎬",偏頭痛,not_enough_posts,,skipped,
jctk8888,James Cheung,"很多人都說, 周杰倫過得太幸福了.
新歌好聽是好聽, 但總是少了點東西.
不過沒關係, 大女兒快到叛逆期, 可能要開始拍拖了. 周杰倫到時會靈感大爆發了. 已經看到很多在笑新歌的歌名. 那就幫他組合成下一隻大碟吧：
1. 女兒叛逆
2. 不聽爸爸的話
3. 爸我不回來了
4. 聽見心碎的聲音
5. 爸爸偏頭痛
6. 告白个球
7. 下課等著
8. 沒收手機
9. 不準看的電影
10. 以父之名
11. 爸爸泡的茶
12. 他不配
13. 割他的小班鳩
14. 斷了的根
15. 一路向西
16. 愛在墳墓前
17. 他的第七天
18. 七支香
根據先後次序排了, 這樣就已經18首歌了 🤣",2026-04-05 20:55:00,,偏頭痛,not_enough_posts,,skipped,
yuqiiiiiiii_,yuqiiiiiiii_,"今天是入坑的600天 
發一下2024/11/2被翻牌的普通朋友
這個翻牌對我來說非常重要 也許是之前追中國明星從來沒被翻過牌 不管再怎麼努力 三年來從來沒被翻過（沒有譴責的意思）所以這次的翻牌對我來說有特殊的意義
11/2那個週末是我第一次身邊沒有父母的陪伴來到台北 為了拍葉舒華 宋雨琦代言看板 那時我也被自己嚇到了 只為了看一眼你們的看板而從中部來到台北 發了瘋的到處拍看板 拿著娃娃對著看板拍 店員一直看我 路人也一直看我 搞得我很緊張哈哈哈 但也因此我了解到原來愛一個人是什麼樣子 讓我學習到什麼是愛 也知道該怎麼去愛人 之後晚上宋雨琦直播 我也迎來了我的第一次翻牌😍
最後我想說 謝謝你們五個的出道 謝謝你們熬過了那麼多的難關 你們五個的出現帶給我好多力量 渡過的好多低谷的時候 所以我們繼續一輩子在一起 五個永遠走花路 不過24年的演唱會真的好遺憾 父母有搶到票 因為吵架退掉了 25年忘記第幾個月才告訴我 我那時候哭的有夠慘哈哈哈哈",2026-03-13 12:09:00,"08 | ENFJ(跟宋雨琦一樣😆）｜琦刷雙擔
可以叫我菜菜 好多人這樣叫 我也習慣這個綽號
i-dle 全肯定 什麼都嗑 主忙內賴
2026.3.7見過五小隻
你們是我們的光 我們也是你們的向日葵 一起向陽生長",偏頭痛,not_enough_posts,,skipped,
move_light,𝑴𝑶𝑽𝑬 𝑳𝑰𝑮𝑯𝑻. 沐光肌能修復按摩/台中運動按摩,"客人問我：偏頭痛怎麼辦？
思考一秒都是對他的不尊重",2025-12-08 22:30:00,"#運動按摩 #肌能修復
了解身體疼痛的來源，使你動的輕盈
（廢話小編）
▵採預約制
📍沐光南屯店
台中市南屯區文心南五路一段536號
預約請按連結🔗（加入官方line)",偏頭痛,not_enough_posts,,skipped,
gaogaoxiannu,金玉女亭,"問問脆上的神人
偏頭痛有沒有什麼好用的解法
現主時頭痛中😭",2026-03-20 22:11:00,"在脆上網路酒駕的我
夢到哪句就發哪句",偏頭痛,not_enough_posts,,skipped,
ka18yan,ka18yan,"防劇透 噁心勿進
現出售 coffee Hong Kong staff 工作後美足圖
可dm問價",2026-04-05 21:57:00,我是餿掉的柳丁汁和濃湯，我是爬滿蟲卵的玫瑰和百合，我是一個燈火流麗的都市裡明明存在卻沒有人看得到也沒有人需要的北極星。,噁心,not_enough_posts,,skipped,
ka18yan,ka18yan,"嚟西九咖啡節超重心一定係啲狗狗
啲狗狗勁cute 任影唔嬲
全部主人都勁nice
一入到去超多booth 忍唔住買咗個雪糕嚟食
大家無論飲唔飲都要入嚟撚狗狗 （同埋飲咖啡☕️）",2026-04-03 14:04:00,我是餿掉的柳丁汁和濃湯，我是爬滿蟲卵的玫瑰和百合，我是一個燈火流麗的都市裡明明存在卻沒有人看得到也沒有人需要的北極星。,噁心,not_enough_posts,,skipped,
morrow.77777,Karina 的狗,連世誠本性露出實況上噁心韓國妹子,2026-04-03 10:05:00,我想買奔馳,噁心,not_enough_posts,,skipped,
edythauer571,edythauer571,"雖然我在約免費

要我A車錢的

也太噁心了吧！幹

要不你走路來吧雖然我在約免費

要我A車錢的

也太噁心了吧！幹

要不你走路來吧",2026-04-03 20:17:00,,噁心,not_enough_posts,,skipped,
amber_9113656,amber_9113656,"創傷症候群，抓到嫖妓約莫半年。
走在大街上看到每個男人,就開始想，他是不是也去嫖，也有找哪幾位妓女，他們舌吻完再和先生舌吻，不斷體液交流，最後帶回家，我整個一陣好噁心，真的沒辦法像男人說的只是外食而已，沒什麼的。",2026-03-23 21:10:00,,噁心,not_enough_posts,,skipped,
888888_12,888888_12,大家有沒有，突然哪天知道「真相」後，覺得很噁、很想嘔吐，滿滿的厭惡感過？,2025-12-15 12:51:00,🐱🇹🇼,嘔吐,not_enough_posts,,skipped,
ching.chring,吳婧瑄,"浮現祭尋人 
拜託讓我找到錄第一個影片的主人（影片是她Airdrop給我朋友 所以沒有聯絡方式）
第一天的時候我在枕頭大戰跟Joyce對打 打到右肩脫臼倒地不起的時候有一個翹班來看比賽的女生志工衝去醫護站幫忙叫救護人員 後來還幫我拎著嘔吐袋護送我上救護車
我真的好想找到你跟你大道謝 而且還想跟你說你長得好漂亮 希望我那天有娛樂到你（蛤）
拜託萬能的threads了🆘 不然我真的要在浮現祭裡面走不出來了",2026-03-03 01:39:00,亂七八糟,嘔吐,not_enough_posts,,skipped,
ching.chring,吳婧瑄,"（收假的這天用老派約會之必要的假期來作結）
想起去年夏天那趟分別前的屏東旅行，在考到汽車駕照後，很久沒有騎著機車追風了，那次我們從枋寮車站沿著台一線一直騎，然後接上屏鵝公路到達墾丁。
已經想不起來當時候很沈浸其中的心情，但我還記得海水的藍、芒果的甜還有坐墊的滾燙。路途中經過海生館，我們約定好之後要一起來這裡約會⋯然後一切就歸零了。
現在想起來早已經沒有那種遺憾的感覺，但美好的氣息也一併消失了，人生裡的所有感受好像都會隨著時間漸漸淡去，就像外婆離世之後的千百萬個感受，好像也都在佛經裡面慢慢消散。
我也不是很確定我到底想不想永遠記得這些感受，但回想起那些曾經的時候，只能注視畫面而不能身歷其境的感覺很矛盾，我並不想懷疑我是否真實存在在那裡。
有點久沒騎車了，也許需要在東部的風裡找尋某部分的自己。",2026-02-23 00:01:00,亂七八糟,嘔吐,not_enough_posts,,skipped,
angelala0529,Angela🎈柔柔,"即將35歲了
身邊不是沒有異性
而是出現的剛好都是
他喜歡我 而我不喜歡
我喜歡的 剛好不喜歡我
幸福晚到一點沒關係
但人生只有一次
千萬別委屈自己",2026-04-05 02:19:00,"ENTP
唱歌🎤 感情🤍 羽球🏸 貓咪🐱
#心情抒發 #認真就輸了",嘔吐,not_enough_posts,,skipped,
cc__hen,cc__hen,"懷孕七周日記
📌常頭暈反胃噁心（尚未嘔吐）
脆友推薦檸檬汁讚讚
📌走一下感覺手軟腳軟低血糖
📌有飢餓感吃幾口又不想吃了
吃完馬上暈碳需要床
📌嗅覺靈敏度不確定
一直聞到廁所味道不太舒服
📌持續漲奶中
目前以水果、越南河粉比較吃得下
飯基本上沒辦法😢
3/18要去聽心跳💗希望一切順利
小寶貝要乖乖長大🫶🏻🫶🏻🫶🏻",2026-03-15 19:56:00,新手媽媽❤️,嘔吐,not_enough_posts,,skipped,
cc__hen,cc__hen,各位媽咪們有推薦屏東市區的月中嗎🥺,2026-03-15 18:21:00,新手媽媽❤️,嘔吐,not_enough_posts,,skipped,
cathylinlin887,Cathy,"昨天失眠腦袋昏沉
被主管問一個來求助脆友們🥹
我們是時尚類品牌
有人知道這些時尚類媒體的窗口怎在哪嗎~
以及大概行情價 感謝🥲
也想詢問如果想讓品牌置入節目有沒有什麼建議跟管道！
Vogue Taiwan
ELLE
BELLA
BAZAAR哈潑時尚
Marie Claire美麗佳人
POPBEE
BEAUTY美人圈
女人我最大",2026-04-07 10:08:00,"新竹人
活動主持人找我🧐",昏沉,not_enough_posts,,skipped,
timotheewww,道森,"【第六年嘅五日禪修營】啱啱完成咗 HKU 佛學研究中心五日禪修營。
今次師父將「觀呼吸」細分成九個步驟慢慢教。頭一兩日，平時積落嘅疲勞發晒出嚟，個人散亂、周身痛、昏沉。但到第三日，啲攰發走哂，狀態開始平穩。可以喺唔刻意控制下，自然觀察到輕輕嘅腹式呼吸，放輕念頭，保持「壁上觀」。
今年盤膝嘅腳痛少咗！以前去到第三日，坐10分鐘就痛到頂唔順；今次可以安穩坐半個鐘，稍微鬆腳唞3、4分鐘就能夠繼續落去。
對師父教嘅禪修￼技巧亦掌握得好咗，每次聽完 debrief，都有滿滿嘅熱誠想坐多一支香。
好感恩親愛嘅衍空法師（師父大人）￼，無論同學仔咩背景同根性，都好有熱誠同耐性咁教導，無言感激。亦好開心見到親愛嘅衍隱法師身體康復，再次於上座帶領我哋。
感恩！🙏",2026-04-07 21:20:00,和 好,昏沉,pass,,non_depression_risk_user,
timotheewww,道森,嘩，35年前！黎明真係好靚仔，套戲裏面咁嘅款咁嘅性格，而家都睇返都覺得心心眼！,2026-03-31 00:05:00,和 好,昏沉,pass,,non_depression_risk_user,
timotheewww,道森,"是你嗎？ 手執鮮花的一個
你我曾在夢裡 暗中相約在這夏
承諾站在夕照後 斜陽別你漸離去
亦會不歸家 期待我嗎？",2026-03-30 01:48:00,和 好,昏沉,pass,,non_depression_risk_user,
jielin1130,Jie Lin,"有人看完邪降後回去有不舒服的嗎？
我看完後會到家整個大頭暈 
暈到噁心想吐的那種不舒服",2026-03-23 06:34:00,🅙🅘🅔 🅛🅘🅝,頭暈,not_enough_posts,,skipped,
nini___liao,雲林霓霓,"今天狀態差到懷疑人生
頭暈、心悸、情緒起伏超大
剛看到磁暴示警⚡️
才發現
我真的被影響到了
拜託說你們也有🥲",2026-03-21 18:04:00,名字與個性不符的小霓子,頭暈,business,,skipped,
websiteurio,Kiki 莉婷,"最近真的在找好用的貓砂🥲
有沒有脆友可以推薦一下…
希望是凝結力夠、除臭也要有感的那種
之前試過那種很香的礦砂（就不考慮了）
整個房間都是人工香味，待久真的有點頭暈😵‍💫
現在用小米砂混豆腐砂，本來以為會比較清爽
結果反而時不時飄出一股味道…而且還是那種很像水溝的😭
已經有點撐不住了
想換一款真的能壓味道的
有沒有用過覺得很可以的拜託分享一下🙏",2026-04-07 14:37:00,領取票請點選下方連結處,頭暈,business,,skipped,
websiteurio,Kiki 莉婷,"有沒有人家裡的貓，一到晚上就像開外掛一樣開始暴衝？😅
我家那隻也是，前一秒還在發呆，下一秒直接衝刺，還會故意停在轉角等我，看我靠近又立刻消失，最後只剩一截尾巴在那邊晃…真的很欠追
以前會覺得很莫名，甚至有點煩，想說到底在幹嘛
後來才發現，牠其實是在我一起玩
那種跑給人追、又躲起來的行為，其實是牠在模擬狩獵，而且把當成可以一起玩的人，才會這樣鬧
所以現在只要牠開始暴衝，我反而會陪牠跑一下
有時候覺得很累，但也蠻好笑
貓不是在亂，是在用牠的方式找人互動而已",2026-04-06 14:53:00,領取票請點選下方連結處,頭暈,business,,skipped,
websiteurio,Kiki 莉婷,"我是標準貓奴 
但心裡總有個小小願望 想多養一隻狗狗
有時候難過的時候 我會想抱著狗狗 感受那種有人愛我的溫暖
家裡那隻笨貓每次在我難過需要安慰的時候
只會躺在旁邊懶洋洋地搖尾巴  眼神充滿憐憫（或不屑？）
看著我好像在說：喔~又在演哪齣？",2026-04-05 16:38:00,領取票請點選下方連結處,頭暈,business,,skipped,
websiteurio,Kiki 莉婷,"最近開始認真玩脆
真的有點意外…長粉速度比想像中快很多😳
我每天都會發我家小王子的日常
有時候笨到很好笑，有時候又可愛到不行🐱
如果妳也是貓派的
可以來互相追一下
順便一起被貓療癒一下 🫶
不玩套路、不亂退
就單純想多認識一些喜歡貓的人✨",2026-04-04 13:17:00,領取票請點選下方連結處,頭暈,business,,skipped,
luvedan424,Ting Yee Lee,"頭暈咗足足一年，搵唔到原因，今次終於睇啱醫生
自己都估唔到頭暈係因為焦慮症
而家食咗藥好返好多，冇再暈，鬆晒安心晒
起碼唔係生理，身體健康有問題
#焦慮症 
#頭暈",2025-03-04 16:12:00,ウウワワウワ、ウワワタークタク、チャーオ。,頭暈,not_enough_posts,,skipped,
etsdog311,Good Dogdog,"呢排主人好鍾意突然高速抽插
到佢feel到我高潮前嗰種就到就到嘅感覺時
佢又會突然拔出
呢個時候我就會不停抽搐
個腦會大叫：做咩唔比埋我
主人有幾個做法
1.用得戚樣：哎喲～好辛苦呀
再摸摸頭
然後再舉起我對腳高速抽插
2.停哂所有動作，冷眼旁觀我抽搐
再哄埋嚟錫我
然後再舉起我對腳高高速抽插
3.仲抽搐緊嗰陣落下面狂奶
然後再舉起我對腳高高速抽插
反反覆覆之後再嚟無限高潮
我都唔知比主人高速插咗幾耐
淨係知係咁嚟，好爽🤭🤭
我死了，但主人仲未射
呢個外星人咩構造👽👽👽",2026-03-31 02:15:00,記低個腦閃出嚟嘅嘢,抽搐,not_enough_posts,,skipped,
fujinaniee,fujinaniee,"說他簽售看臉卡顏讓我覺得最不舒服的事情是這不只質疑他本人同時也傷了很多粉絲的心啊⋯⋯一而再再而三的提起只會讓大家開始擔心曾和他共有的時光是不是其實沒有那麼美好、開始在雞蛋裡挑骨頭、甚至陷入嚴重的比較心態和焦慮。
當下幸福滿足的回憶在自我懷疑下變得黯然失色的感覺真的很無力，不知道有沒有人看過守護甜心，但我感覺跟守護蛋變成黑色的心情很像。
也不要說什麼真的吃得好的人哪有那麼容易被影響，每次簽售都有人是初見面，怎麼可能一下就成為其他人口中的吃很好😬大家都是這樣一點點慢慢地和對方熟稔起來的，如果我第一次簽售就開始自我懷疑真的會留下陰影，也再也不會想簽了。
和喜歡的人相處的每分每秒都很珍貴，尤其建立在偶像粉絲這種關係上，說白一點也都是真金實銀地在流逝。也許不是每一次都完美，但是我認為當下自己的感受是最重要也是最能反映簽售情況的。不在意其他言論很難，但是事後不斷質疑自己也質疑他、親手抹滅自己的幸福更痛苦。",2026-04-07 13:20:00,"豬的觀察日誌📝
個人使用 歡迎大家參觀小豬園(ㆀ･з･)",自我懷疑,non_life,,skipped,
fujinaniee,fujinaniee,"最喜歡這張 好乖啊小天使🫳🏻
光影簡直完美了",2026-04-06 23:21:00,"豬的觀察日誌📝
個人使用 歡迎大家參觀小豬園(ㆀ･з･)",自我懷疑,non_life,,skipped,
fujinaniee,fujinaniee,小哥哥你告訴我你胸前掛這兩顆是沐浴球嗎。,2026-04-05 23:05:00,"豬的觀察日誌📝
個人使用 歡迎大家參觀小豬園(ㆀ･з･)",自我懷疑,non_life,,skipped,
alan_0825_,Zhang Alan,"吵架的態度最能看清男人
不愛你的男人吵架都是不哄不道歉 還喜歡冷暴力 如果一個男人明知道你在哭 在難過的睡不著 而他卻視而不見 保持沈默 理也不理你 建議你還是別談了
兩個人在一起產生矛盾很正常 哪對情侶不產生點摩擦和分歧 但是不負責任的男人 會把所有的問題都甩給你 把你自己扔在那兒 讓你自我消耗自我懷疑 失眠痛苦甚至抑鬱 翻來覆去思考這段感情到底值不值得 
真正愛你的男人 他一定會面對問題分析問題 解決問題 避免問題 而不是無視問題逃避問題甚至推卸責任 真正愛你的男人 他能包容你的小任性 也能容忍你的壞脾氣 你的感受永遠是在第一位
不愛你的男人吵架都是不哄不道歉 還喜歡冷暴力 如果一個男人明知道你在哭 在難過的睡不著 而他卻視而不見 保持沈默 理也不理你 建議你還是別談了
兩個人在一起產生矛盾很正常 哪對情侶不產生點摩擦和分歧 但是不負責任的男人 會把所有的問題都甩給你 把你自己扔在那兒 讓你自我消耗自我懷疑 失眠痛苦甚至抑鬱 翻來覆去思考這段感情到底值不值得 
真正愛你的男人 他一定會面對問題分析問題 解決問題 避免問題 而不是無視問題逃避問題甚至推卸責任 真正愛你的男人 他能包容你的小任性 也能容忍你的壞脾氣 你的感受永遠是在第一位
女生可以停下看看 這是對男生吵架時他的態度是否愛你最全面的說法",2025-12-13 17:14:00,躺著,自我懷疑,not_enough_posts,,skipped,
alan_0825_,Zhang Alan,"愛一個人是慢慢瞭解 不是什麼都懂
我覺得兩個人在一起談戀愛就應該是真誠的是不需要畏手畏腳的 愛就要大大方方的表達喜歡什麼要說 討厭什麼也要說 為什麼生氣要說 為什麼吃醋也要說 開口才能得到鮮花或者一句道歉 可以膽小 但絕對不可以彆扭 不是什麼事都可以一直拖延著靠時間來解決的 戀愛沒有上帝視角 愛和委屈都要大聲說出來 不要猜來猜去 不要陰陽怪氣 不要口是心非 相愛的時間太寶貴了 不能在奇奇怪怪的問題上消磨愛意 戀愛的意義在於 彼此照亮 成為彼此的避風港和精神寄託 讓本就平淡的生活感到一絲美好 在每個情緒低落的夜裡能有個依靠同行的路上 我們互相救贖彼此依靠 成為對方的靠山 真誠的溝通才是最好的愛 對愛的人要好好說話 兩個人長久的愛就是有話就說 沒有隱瞞 雙方都不是各自肚子里的蛔蟲 不能一秒就能猜對對方的心思 兩個人之間有問題要說出來共同解決 一直去猜只會讓對方覺得不懂彼此
我覺得兩個人在一起談戀愛就應該是真誠的是不需要畏手畏腳的 愛就要大大方方的表達喜歡什麼要說 討厭什麼也要說 為什麼生氣要說 為什麼吃醋也要說 開口才能得到鮮花或者一句道歉 可以膽小 但絕對不可以彆扭 不是什麼事都可以一直拖延著靠時間來解決的 戀愛沒有上帝視角 愛和委屈都要大聲說出來 不要猜來猜去 不要陰陽怪氣 不要口是心非 相愛的時間太寶貴了 不能在奇奇怪怪的問題上消磨愛意 戀愛的意義在於 彼此照亮 成為彼此的避風港和精神寄託 讓本就平淡的生活感到一絲美好 在每個情緒低落的夜裡能有個依靠同行的路上 我們互相救贖彼此依靠 成為對方的靠山 真誠的溝通才是最好的愛 對愛的人要好好說話 兩個人長久的愛就是有話就說 沒有隱瞞 雙方都不是各自肚子里的蛔蟲 不能一秒就能猜對對方的心思 兩個人之間有問題要說出來共同解決 一直去猜只會讓對方覺得不懂彼此
送給你們 希望脆友們能懂",2025-12-11 15:28:00,躺著,自我懷疑,not_enough_posts,,skipped,
yagamikai828,八神海,"陰鬱吃醋男的精髓就在於：他越喜歡你，越會覺得自己不配，於是把醋意轉化成更強烈的自我懷疑＋淡淡的占有欲。
因此他的醋意不會轉化成攻擊性行為，反而會退縮，比如突然回訊息更慢、說話更克制，甚至主動提醒你「我這種人沒什麼值得期待的」。
嗯⋯日車律師⋯我在說你。
（留給自己看和太太們讀懂老公的心⋯）",2026-04-06 22:37:00,咒術腦洞放置區,自我懷疑,not_enough_posts,,skipped,
yagamikai828,八神海,"常常滑一滑脆看到其他太太/夢女們對自推的愛就覺得很自卑。我好像很愛他但周邊買的沒人多、周邊照也不會拍的很美、自己和推角合照也不上相、文也寫不出來又不會畫畫，我就只是很愛很愛這個角色而已，但我的愛在其他太太面前彷彿相形失色、矮了一截，甚至暗自認為如果是OO也不會選我吧⋯⋯
好了！看到這篇的太太們！不要再這樣想了！
有錢你開心就多買立牌娃娃！
你喜歡幫他們拍照記錄就多拍！
你覺得今天穿的很可愛幻想和他約會合照就照！
你腦袋裡有很多腦洞亂七八糟劇情不要管你文筆不要管別人愛不愛看就寫！
你愛畫畫就畫！塗鴉也很可愛！
就算什麼都做不來當個只會傻笑的夢女也很棒很幸福！請大聲說我是夢女他是我老公！
這些閃閃發亮的行為不用和他人比較、你很棒，每個努力愛著的人都是最閃耀的！
你的推都很愛你的( ̀⌄ ́)♡",2026-04-05 23:19:00,咒術腦洞放置區,自我懷疑,not_enough_posts,,skipped,
willy__0928,JYUN HUA,"《冬日的什麼呀 春日的什麼呢》
.
在昨天完結了
從畫面、台詞、服裝、美術 
只能用美來形容
想推薦 但好像又不知道從何說起
不是傳統的愛情電視劇 也不知道該如何定義
整部劇節奏很慢很慢
許多日常的對話 停頓 留白 甚至尷尬
輕輕的撫過 但也留下了一些什麼
慢慢的 看見了自己 
這些似曾相似 感受卻很深刻
.
在安靜的時光流逝中 
體會到了生命中那些模糊、難以言說的美好
有時候心空空的 不知道該用什麼來填平
藉由喜歡別人來確認自我的存在
太多的自我懷疑不確定性 
產生了自我保護的枷鎖
.
好像有時候顧慮、思緒太多
做出了錯誤或無法做出某些事情
但是事情的本質沒變 只是觀察的角度不同 
觀點也隨之改變
.
蠻吃頻率的一部日劇 總之推薦給大家",2026-04-04 16:50:00,#97S,自我懷疑,not_enough_posts,,skipped,
shenn.10,shenn.10,"從7月開始準備了大半年的考試
無數個夜晚都讀到焦慮萬分
考完補習班模擬考在路邊崩潰大哭的場景至今記憶都還烙印在腦海裡
考完當下大概就知道結果可能不太理想
但得知今天成大放榜連備取都沒有
更陷入無限的自我懷疑當中
事實上我的能力還很不足
研究所考試總是幾家歡樂幾家愁
勉勵自己繼續找到方向 持續努力
上天有這種安排應該是希望我走其他路的 對吧
至少我用盡全力，為自己努力過了",2026-02-27 22:25:00,,自我懷疑,not_enough_posts,,skipped,
pikmin_rich,Rich💰 今天也在種皮克敏！,"玩了兩個禮拜皮克敏我最有感的改變：
1. 會為了走路，午休時間到立刻停下工作，也會為了種花，去我以前不會探索的地方
2. 和父母有了固定的話題。本來沒事不會聯繫，現在每天都要寄明信片、互相炫一下今天種出什麼皮克敏
3. 與許多朋友重新建立了連結，好久不見的高中同學、前職場的同事… 在這單純且沒有抱怨的世界玩得很開心
4. 有了很多threads上的皮友，大I人的我覺得加皮友沒負擔，每次打菇和收到明信片都覺得很有愛
5. 每天寫日記，找好看的照片紀錄心情，抱怨工作的時間明顯變少了
6. 多了想看看世界的想法，覺得好多地方好漂亮我都還沒去過，有些地方在我家附近我從來沒有覺察過
7. 每次開地圖都有一種不管走到哪，都是花路的感覺，儘管很枯燥的通勤，都會覺得這是花路的過程，而不是終點
8. 看到光溜溜的皮皮，累積到四愛心，回到出生地拿屬於自己的飾品覺得很感動。
有時候生活讓我們覺得自己很貧瘠，偶爾會產生付出愛、努力、時間都是浪費的自我懷疑，但屬於我們的天賦皇冠一直都在最初的地方。時間到了，我們就會變成更棒的樣子！
🍀 附上早上收到的高中同學的明信片，今天依然是被皮克敏治癒的一天！",2025-12-21 11:04:00,"自從玩了皮克敏，每日都在走花路🪻🌼🌸🍀 
在這佛系分享可愛皮皮的日常
歡迎+好友揪我打菇、分享明信片🫶
邀請碼：LSCCOOCSK
🆔️ 219748930427 （加完可以跟我說）",自我懷疑,not_enough_posts,,skipped,
youchen_bb,Danny宥辰,"小演員的辛酸與自我懷疑
有時候會覺得自己很不重要
會覺得自己被排除在外
因為不是主要角色
所以沒人記得
或是感覺自己應該算蠻重要
但其實根本沒人覺得？
但大環境就是這樣
只能說不是主要角色
就只能接受現實
調整自己的心情
繼續努力💪🏻
然後還是很謝謝
在茫茫人海中有一個願意看見自己的人",2026-03-29 08:28:00,"大家好，我們是宥辰宥霏👋🏻
一個10歲一個8歲的兄妹☻
這邊紀錄了我與妹妹們的日常生活點滴❤️
有喜歡的歡迎追蹤我們
廣告/戲劇/平面/電影🎬
工作需求請聯絡
💌pudding60222@gmail.com
🆔pudding60222
宥辰IG是@youchen_bb
宥霏IG是@youfei_bb",自我懷疑,not_enough_posts,,skipped,
e_laine1997,Elaine👀,為什麼偏偏是妳？你真的會不知道嗎？因為你跟她在一起的時候就知道她大概每個月要輸血一次，然後你讓她懷孕前沒有帶她做過孕前檢查，懷孕期間她更嚴重了每兩週輸一次血，接著她還剖腹生產，結果你讓她月子中心只住14天，接著，她日復一日的顧小孩沒睡飽，你下班只會去打球打牌，或者是洗完澡馬上睡著，連陪她談心的時間都不斷減少，妳讓她每天都會自我懷疑難過的一直莫名奇妙流淚，姊姊每天最期待的事就是等你一起吃個晚餐，結果你真的讓他等了又等，等到最後她對我說的最後一句話是「不要急救」，因為她真的好不快樂,2026-02-23 11:25:00,"北漂in台北 ｜ 狗子共居 🏠
💻資安工程師by day 
📷狗子限動導演by night
👉🏻身為過來人，我建議你別過來👈🏻
但如果你真的來了，至少帶點幽默感😎
-
我的姊姊
人生被張先生當代理孕母在用
希望喆鳴長大不要像他爸一樣😮‍💨",自我懷疑,not_enough_posts,,skipped,
_imyour_bing,BingBing 🌙,"如果一個人在相處中，不願意把“不舒服”變成“可討論的議題”，那無論對象是誰，關係都會以“突然的結論”結束。
不是因為問題有多大，而是因為問題從來沒有被放到桌面上。
有些人面對不適，會選擇忍，忍到某一天，給你一個完整、冷靜、不可協商的結論：——“我們不合適。”
可你回頭看，會發現那些所謂的“不合適”，其實是節奏、距離、表達方式、溝通習慣。
它們不是不能調整，只是從未被允許討論。
真正讓我意識到：
小時候的我
「發現問題 → 解決人→ 繼續往前走」
現在的我
「發現問題 → 一起調整 → 繼續往前走」
而有些人是「積累不適 → 自行消化 → 直接退出」。
願不願意討論不舒服，比合不合適更重要。
能把感受說出來的人，才有機會走得久。",2026-01-05 18:13:00,INTJA🤍,意識到,not_enough_posts,,skipped,
xuan__co,xuan,"好自責為什麼我媽幫你洗籠子的時候
我居然相信她有扣好
我居然沒有再確認一次⋯
就這樣讓你飛走了⋯⋯
最難過的別離莫過於不告而別吧
隨著時間一天天的過
我知道找回來的機率越來越低
但還是期待那一個奇蹟可以降臨在我身上⋯
我真的好想你😭
卻只能在這抒發自己的心情
什麼也做不了⋯😭😭😭😭",2026-04-07 20:51:00,"🦜持續協尋：和尚鸚鵡（補啾）
🌍位置：新竹區
📅日期：3/18竹北中正國小飛失 
3/19最後蹤跡在竹北自強南路糖村",自責,not_enough_posts,,skipped,
xuan__co,xuan,"🦜補啾逃家第21天
默默的就這樣算著日子⋯
PO遍了所有能po的地方
遇到這種留言也不想忍了！
不知道哪隻眼睛看到我沒綁就帶他出去！
我補啾如果是可憐的孩子
那真正幸福的孩子還有幾個（？
沒有看到別人的用心就任意評判
真的很沒水準
若沒同理心，可以閉嘴就好
附上七年前的補啾（毛都沒長齊",2026-04-07 09:44:00,"🦜持續協尋：和尚鸚鵡（補啾）
🌍位置：新竹區
📅日期：3/18竹北中正國小飛失 
3/19最後蹤跡在竹北自強南路糖村",自責,not_enough_posts,,skipped,
hsin1.y,Cindy ¨̮,"圭真的熱衷於戳雲腰
第三天又默默戳了一次😻
戳完後那個笑也是沒在收斂的
但這次雲看起來不太舒服
圭一發現雲不舒服
表情馬上就變了 然後默默走掉🥺
雲看起來也是注意到失落自責小狗
馬上跟上去貼很近
小手摸上圭的手臂 然後一路滑到背上
最後才依依不捨（？）的放開
我自己的感受是有種在安撫的意味🥹🫳🏻
一個看到對方不舒服馬上變臉
一個怕對方自責馬上貼上去安撫
兩人在彼此心裡的份量不言而喻
他們之間輕輕的一個小動作
都能讓我們看到愛中最美好的模樣
總是看不得你痛、看不得你難過🥺
-
BTW圭真的有夠愛雲敏感的腰
然後也喜歡雲的脖子、額頭⋯⋯
不好意思我就想問一下
你哥哪個部分你不愛😻？？？",2026-04-07 12:00:00,"主擔雲圭特☁️🐧👼🏻💙
這裡是CP腦的圭雲小天地（ෆ` ˘ ´ෆ）
圭雲83赫海在我心裡都已鎖死不可拆謝謝💝
記錄藍人記錄我的CP記錄追星的我(ง˙∇˙)ว",自責,not_enough_posts,,skipped,
tcoppazhaoguo,江 肇國,"實在忍不住要把教育局長趕出去！！
針對台中棒球隊教練性侵案，今天詢問局長到底掌握的受害者有幾名？局長竟然回答：43名！
明明檢方已經追加第二波、第三波起訴，累積受害人數，以及￼犯刑次數不斷增加，教育局竟然還完全狀況外！是連新聞都沒在看嗎？￼
如果連受害人數都無法掌握，那市政府說的輔導機制，法律協助根本是￼空談！
更離譜的是，去年四月教育局長表示，針對本案已經自請處分，今天我追問才知道，原來市府完全沒有給局長任何處分！
￼
盧秀燕市長你真的冷血至此，決心包庇教育局到底嗎？
￼司法調查跟行政調查是雙軌並行，教育局該負的責任，應該推動的制度改革，都是市長的責任，不容妳繼續躲在背後！
我想￼建議盧秀燕市長仔細去看看起訴書跟判決書，我相信看完妳會心疼自責，無地自容！",2026-04-07 14:22:00,"臺中市議員｜江肇國
真心實做，用心做好每件事",自責,business,,skipped,
tcoppazhaoguo,江 肇國,"農業部宣布台灣重返非洲豬瘟的非疫國！
猜猜明天盧市長在市政會議上會不會收割一波？
看她在清零解封前￼就自誇市府￼「即時拆彈，化解危機」，甚至支字未感謝中央進駐協助。
明天不知道會吹牛吹到什麼程度？",2026-04-06 18:30:00,"臺中市議員｜江肇國
真心實做，用心做好每件事",自責,business,,skipped,
tcoppazhaoguo,江 肇國,"阿國叔叔祝福孩子們兒童節快樂！
在你們專屬的日子裡，趁著假期好好休息、放電。
爸爸媽媽們也辛苦了，在今天，重溫赤子之心，一起享受自由自在！",2026-04-04 12:29:00,"臺中市議員｜江肇國
真心實做，用心做好每件事",自責,business,,skipped,
annie_manchunghan,Annie Man 文頌嫻,"悲痛、愧疚、自責、憤怒……
 — 蘇麗慈 —
今晚8:30《正義女神》翡翠台首播",2026-03-30 17:21:00,,自責,business,,skipped,
annie_manchunghan,Annie Man 文頌嫻,"推介一部好作品《正義女神》比大家👍
我都好耐冇追劇嘞，真心值得追住睇👩🏼‍🦱
非常開心可以再同好姊妹
@charmaine_sheh
@charmaine_sheh
合作🤝
謝謝鍾澍佳總監製邀請演出
@tvb77atelier
@tvb77atelier
🙏
*第一集有我出場😜*
「正義女神」3月30日晚上8:30翡翠台首播
#longtimenosee #drama",2026-03-29 21:46:00,,自責,business,,skipped,
annie_manchunghan,Annie Man 文頌嫻,"路過來一杯吧☕️
#coffetime#sundaymood #relax #goodafternoon",2026-03-22 15:17:00,,自責,business,,skipped,
hunghsin.lai,賴虹心,"小孩真的一秒都不能離開視線
我帶小孩出去玩都會一直在他們旁邊看著他們
一來是怕他們做危險動作
二來是怕他們去用別的小孩或是別的小孩用他們時
媽媽沒在他們身邊替他們主持公道
或是受傷時媽媽沒第一時間看到
這樣媽媽會很神經質嗎？
有媽媽跟我一樣的症頭嗎？
保佑小妹妹平安健康 渡過這次難關
身為媽媽的我很能理解媽媽會有多自責",2026-04-07 12:51:00,"✧育有一女一男的全職二寶媽
✧兼職紋繡師、熱蠟美肌師
✧斜槓快電商賺私房錢
不做不會怎樣 做了會很不一樣
育兒日記｜美容師｜愛分享",自責,not_enough_posts,,skipped,
leej1ng_,Jing,"東野圭吾在《惡意》里有段話說的特別好
有些人的恨是沒有原因的，他們平庸，沒有天分，碌碌無為，於是你的優秀，你的天賦，
你的善良和幸福都是原罪。
有些人的恨是沒有原因的，他們平庸，沒有天分，碌碌無為，於是你的優秀，你的天賦，
你的善良和幸福都是原罪。",2026-04-04 00:30:00,2001,恨,not_enough_posts,,skipped,
leej1ng_,Jing,小角落🏠🌟,2026-03-26 22:40:00,2001,恨,not_enough_posts,,skipped,
apikajichuu,apikajichuu,lmk我恨你我真的恨你,2026-04-03 14:10:00,"leejen_o_423
yawnzzn
🐶🐰🐻🐹",恨,not_enough_posts,,skipped,
apikajichuu,apikajichuu,齁我一直刷到這個,2026-04-03 12:23:00,"leejen_o_423
yawnzzn
🐶🐰🐻🐹",恨,not_enough_posts,,skipped,
gary2152001,徐昊 醫師,"陸劇「琢玉 」真的很紅，對於這點我有強烈感受，它甚至讓我有點不爽了🥹
一位定期會來找我的美女顧客，她對我說：徐醫師 以前你是我的男神，但是 現在我已經變心了喔😏
我：怎麼說🧐
她：現在我的男神是琢玉的張凌赫❤️
#我恨琢玉🥹🥹🥹",2026-04-04 13:26:00,"昀漾美學診所 院長
金線獎埋線拉提冠軍
瑞絲朗 原廠教學醫師
双美膠原蛋白 原廠教學醫師
提美拉/美特拉 埋線教學醫師
藍鑽魚骨線 埋線教學醫師
緹奧希 原廠教學醫師
昀漾美學診所大墩店 - 台中市大墩路945號
昀漾美學診所福星店 - 台中市福星路5號",恨,not_enough_posts,,skipped,
musicrealennon,musicrealenno,"今日分享
场次：2019.8.25 JRI Blue 北京鸟巢
这场盛夏光年应该也是挺著名的片段了
你决定不恨了 
哥哥这个不恨了～唱的真好听",2026-04-07 13:18:00,音乐就该音乐,恨,non_life,,skipped,
musicrealennon,musicrealenno,"今日考古发现
场次：2019.8.24 JRI Blue 北京鸟巢
内场+大屏双视角
生而为人无罪 诶↗️➡️↘️➡️↗️
哥哥腹语超绝转音
考古史料备注：顺便一提，直到三好台南场之前，玫瑰少年的现场从来没有全开麦过，而在台南之后，下一次全开麦就到了23年香港4.21",2026-04-06 22:31:00,音乐就该音乐,恨,non_life,,skipped,
musicrealennon,musicrealenno,"今日更新—三好最新考古发现哥哥的麦还真是开着，他如果是假唱，怎么会有声？
场次：2023三好上海（所谓风暴的起点）混剪
没错，哥哥麦一直开着！所以法律上和上海文旅还真不能判定假唱，当然开了多少音量那就只有他们自己知道了。而且一到唱歌的段落音准宛如调音器一样完全在线，声音丝滑无比，连未来某年某月某日这段在2023上海从没有口胡过。不过哥哥为什么love那段不像公司或者5525一样带全场喊麦呢，而且麦收音那么强，怎么话筒放在石头怪兽的声嘴边也听不到他们的声音呢？",2026-04-06 07:46:00,音乐就该音乐,恨,non_life,,skipped,
uaonni.i,uoanni,nctnation好像真的要在5.16开了 我根本去不了。。我真的要纯恨nct了 但凡往后两个月呢 为什么,2026-04-07 21:12:00,is me 淡脆中,恨,pass,,non_depression_risk_user,
uaonni.i,uoanni,原来托托名称由来是因为托奶 我还以为是嘲笑他长得像托马斯小火车。。,2026-04-07 20:13:00,is me 淡脆中,恨,pass,,non_depression_risk_user,
uaonni.i,uoanni,我要建两个新号一个号发美女照片在脆上当女明星一个号发丑人照片当女明星看哪个先被骂😋,2026-04-07 16:32:00,is me 淡脆中,恨,pass,,non_depression_risk_user,
kiii6ee,kiii6e,大家別以為我是男的 我是女的,2025-12-24 19:41:00,,討厭,not_enough_posts,,skipped,
7aznt._,7aznt._,"啊不是討厭她
不是說她很婊？
不是說她很雙面？
不是說她很靠背？
不是說她很賤？
啊又玩的那麼好喔 腦癱",2025-12-02 18:05:00,可悲高三,討厭,pass,,non_depression_risk_user,
7aznt._,7aznt._,？是不是覺得自己特別可愛,2025-11-19 20:45:00,可悲高三,討厭,pass,,non_depression_risk_user,
7aznt._,7aznt._,幹你娘是在瞪三小,2025-11-19 20:45:00,可悲高三,討厭,pass,,non_depression_risk_user,
7aznt._,7aznt._,死裝姐,2025-11-18 23:13:00,可悲高三,討厭,pass,,non_depression_risk_user,
nwnsusuhd,nwnsusuhd,"我真的覺得
你討厭一個人你就自己討厭
沒必要大肆宣傳你討厭那個人
然後到處拉攏別人一起討厭一起罵他欸",2025-06-19 14:11:00,,討厭,not_enough_posts,,skipped,
nwnsusuhd,nwnsusuhd,畢業了還是沒跟你拍到照⋯,2025-06-06 01:50:00,,討厭,not_enough_posts,,skipped,
yiiiii_shin,欣｜🅗🅢🅘🅝🖤,"不知道大家懂不懂那種感覺？！
討厭一個人可以反感到
看到她出現在視線內就心情不好
一聽到她聲音就覺得很厭惡
看到她出現在視線內就心情不好
一聽到她聲音就覺得很厭惡",2025-12-30 13:25:00,"欣宅生活實錄♡自娛自樂玩家♡快樂證據♡
Daily life𖤐 Trip𖤐 Photography𖤐 
歡迎來到我的亂七八糟小星球🪐
2025年一個小楊桃降落在生命中👶",討厭,not_enough_posts,,skipped,
h.___17422,h.___17422,"對不起
但
我真的很討厭朋友被別人搶走啊
我真的很討厭朋友被別人搶走啊",2025-11-04 22:59:00,,討厭,not_enough_posts,,skipped,
h.___17422,h.___17422,"其實我
出生
出生
的時候 自閉了一年
我一整年都沒有講話",2025-10-22 00:05:00,,討厭,not_enough_posts,,skipped,
07lxyzxf_,雞蛋布丁,"明天去告白
失敗叫
雞蛋豆腐
雞蛋豆腐
成功叫
雞蛋布丁
雞蛋布丁",2025-12-27 15:40:00,,失敗,not_enough_posts,,skipped,
seina0.1,南蠻炸雞飯👀,"我要去表白啦
成功叫南蠻炸雞飯
失敗叫咖喱豬扒飯
我要去表白啦
成功叫南蠻炸雞飯
失敗叫咖喱豬扒飯",2026-04-02 11:20:00,"世紀大I人
目標200 followers",失敗,not_enough_posts,,skipped,
inincathy1990,inincathy,請問大家都有做ERA監測嗎？下次第二次植入，今天開獎失敗，還有大家都間隔多久才第二次植入,2026-04-07 14:25:00,,失敗,pass,,non_depression_risk_user,
inincathy1990,inincathy,請問有推薦新竹市東區女教練教開車上路嗎？有駕照多年，但之前只有有人陪上路練習幾次，路邊停車倒車入庫山路等沒什麼練習，希望有耐心的好教練，因為我方向感跟反應力不是很好很快😅，然後可以練習多次，謝謝,2026-04-07 09:41:00,,失敗,pass,,non_depression_risk_user,
winnnvvv,艾咪,"最近在減脂真的不是跑好市多就是全聯，有過來人可以推薦全聯最好買的減脂商品是什麼嗎？
1、即時雞胸肉
2、水煮鮪魚
3、希臘優格
4、無糖玉米罐頭
5、豆腐、豆漿
減肥好難喔，不會備料就只有一直走在失敗的路上。該試的都試了，飯前吃綠金葛花、飯後走社區運動、每天2000 CC的水、超過7:30就不吃了！！還有哪裡需要改進的？",2026-04-07 21:11:00,立志當水妹妹💦,失敗,business,,skipped,
winnnvvv,艾咪,"想聽聽看，大家為了抗發炎會做什麼事？
我（黑咖啡+橄欖油+檸檬原汁）
每天早上空腹喝，沒想到還會掉秤🤭
飯後補1顆green gold 雙艙薑黃,不知道劑量夠不夠。",2026-04-07 21:03:00,立志當水妹妹💦,失敗,business,,skipped,
winnnvvv,艾咪,"你們知道這個炸馬桶乳酸飲嗎？
韓國got bium 乳酸菌飲👇🏻
（蘋果奇異果口味、黑棗口味）
-
今天喝一瓶黑棗，大概一個小時就超炸馬桶🚽
然後喝完才看到報導說這個韓國爆紅乳酸飲其實就是瀉藥😭😭 發現一瓶中有34克以上的山梨醇，一般人腸胃耐受度大概只有10克左右。
一瓶含34.6公克山梨醇，劑量其實算非常大！！
我實在傻眼🙄 還是乖乖吃green gold高纖維粉包，正常順順排便就好～～～ 如果是便秘嚴重者倒是可以試試☹️
 #炸馬桶神器 ▶️我是炸馬桶到生氣💢💢",2026-04-07 20:55:00,立志當水妹妹💦,失敗,business,,skipped,
winnnvvv,艾咪,"清明連假直接四天起跳
我們家已經預約要衝去高雄看恐龍展🦖
小孩超興奮
爸媽開始焦慮（體力的部分🙂）
-
有人推薦高雄衛武營之外的其他景點嗎？
看完恐龍不曉得要去哪裡逛？！
☑️駁二
☑️美麗島
☑️大立空中樂園
☑️棧貳庫大港倉
以前連假是怕無聊
現在連假是怕累倒🤣
每次連續出門 回到家都要恢復超久
比上班還累真的不是開玩笑…
我出門先來顆green gold B群補充體力先🫣
- 今天先來睡飽飽補充能量‼️",2026-04-02 21:23:00,立志當水妹妹💦,失敗,business,,skipped,
liz__0307,𝙇𝙞𝙯 栗子,"男友：妳真的要拍嗎，好多人…
我：不拍我會後悔，一年才一次꒰ ✪ㅅ✪꒱
失敗好多次｡ °(°´ᯅ`°)° ｡",2026-04-05 15:08:00,"海上月是天上月，眼前人是心上人。
｡.ꕤ………………………………………..ꕤ.｡",失敗,not_enough_posts,,skipped,
liz__0307,𝙇𝙞𝙯 栗子,"好消息：收到進擊的巨人明信片
壞消息：皮岩擋到了😭😭",2026-04-04 10:56:00,"海上月是天上月，眼前人是心上人。
｡.ꕤ………………………………………..ꕤ.｡",失敗,not_enough_posts,,skipped,
sage093075,狂買鴻海的柴汪,"每天發鴻海帳面直到得到自由，還有打贏官司跟遠離職場毒瘤同事為止 Day203
今天收盤192元，不意外的話，我猜今年消費智能的新機種，應該就是摺疊機了。最近看了一部舊的劇「財閥家的小兒子」，有句話說得不錯，一時的失利並不是真正的失敗，真正的投資人不會因為短期虧損而失去投資的信心，只要懂得如何放長線，並培養耐心，等到時機成熟、水到渠成的那天到來，更大的利益就會伴隨而來。
不過，重點是我長得不像宋仲基，家裡也沒有順洋集團可以繼承，所以我的每一張2317都是我的逆天改命，誰都別想勸我提早下車！
免責聲明：本版僅供參考，不代表投資建議，投資有風險，請謹慎評估",2026-04-07 14:38:00,"興趣使然的鴻海投資人~
我不會主動私訊人
私訊你的柴一律都是詐騙
這邊只是紀錄我的經歷
而且我只買鴻海
不會有領三小飆股的問題
這樣還能被騙就去填海吧！
免責聲明：本版僅供參考，不代表投資建議，投資有風險，請謹慎評估",失敗,not_enough_posts,,skipped,
sage093075,狂買鴻海的柴汪,反詐宣導一下，又有詐騙集團在那邊仿冒我，有被這詐騙私訊到的，請自己小心，因為我都在上班，才沒空私訊人~,2026-04-06 20:48:00,"興趣使然的鴻海投資人~
我不會主動私訊人
私訊你的柴一律都是詐騙
這邊只是紀錄我的經歷
而且我只買鴻海
不會有領三小飆股的問題
這樣還能被騙就去填海吧！
免責聲明：本版僅供參考，不代表投資建議，投資有風險，請謹慎評估",失敗,not_enough_posts,,skipped,
london.hkgirl,Ally,"12/2015 我嫲肺癌走左
08/2016 我爸發現喉癌三期
02/2017 我爸化療電療完，公院醫生話佢好返晒
03/2017 我爸抖氣好辛苦送左入私院，發現原來多左4種癌症，包括肺癌，末期，一星期後就走左，終年59歲
12/2018 我家姐發現胃癌三期，佢當時35歲，要切晒成個胃同部分食道
01/2019 家姐手術失敗影響左個肺，要急救，好彩救返即入icu，3個鐘後我阿婆突然走左
03/2019 家姐住左兩個月icu先出得院，出院時行都差啲行唔到，野唔太食到，佢自己沖唔到涼，覺得自己係廢人，係咁喊，睇左中醫個幾月先開始有力，但要一直拎住拐󠄆杖
09/2024 足足5年幾，家姐先可以唔用拐󠄆杖自己行路
中間仲有好多唔方便公開講，人黑起嚟真係有條路㗎，我同時連工作都由天堂直跌落地獄
但經歷呢啲事，我好努力學習點樣以苦為師，點樣面對它接受它處理它放下它，接受生老病死係一種定律，同時令自己變得更堅強
如果你睇開我threads都應該感受到我現在生活好開心，我嘅經歷亦幫助到身邊喪親嘅朋友，希望都幫到大家",2025-04-20 07:42:00,"80後銀行尤帶住隻貓移民倫敦做返本行🇬🇧
倫敦生活｜食記｜抵買野｜好去處
INFJ",失敗,not_enough_posts,,skipped,
inincathy1990,inincathy,請問大家都是藥物週期還是自然週期植入呢?第一次藥物週期植入失敗，醫生說都看我選擇,2026-04-07 15:06:00,,失敗,pass,,non_depression_risk_user,
blue0marine,🐋🐢🐵,"🇹🇼今天又是不知不覺拖到深夜才來寫小日記🌙
明天就是台北插畫博覽會的最後一天了✨
真的真的已經開始超級捨不得大家了🥺💘
今天一整天都有好多好溫暖的你們來找我☺️🤍
這是我第二次來台灣，每次都被大家這麼熱情地歡迎，真的好感動…！
被你們這樣寵著真的可以嗎🥹🥹（好幸福）
想到明天就是最後一天，真的好不想結束…
晚上收攤後跑去西門吃了我一直很想吃的大腸麵線！
完全命中我的口味！！
在台灣吃東西真的沒有失敗過耶～全部都好好吃🤓🎶
睡前一邊想著明天要怎麼好好收尾
🇰🇷所以決定準備一點小小的驚喜給大家🎁✨
① 部分商品會有小小折扣！
② 跟我說「我是看threads來的！」
就會送你們我準備的小貼紙💝✨
拜託大家多多來找我玩🥹🤍
我們明天一定要見面打招呼喔🍀✨
大家晚安～今天也真的很謝謝你們的出現💫
祝大家有個暖暖又舒服的夜晚✨
P.S. 因為大家的愛，藍色包包已經完售了🥹💙真的非常感謝！！
白色包包也剩不多囉！是柔軟的牛仔布材質，又耐用又好洗🤍
喜歡的朋友記得快來帶它回家🌿🌸
🦭B-414",2026-04-05 00:19:00,learning by doing🪸✨ theater for young peple🫧,失敗,not_enough_posts,,skipped,
blue0marine,🐋🐢🐵,"大家晚安呀～🌙✨
不知不覺一天又結束了，現在已經是深夜了呢🥺
今天也真的真的很謝謝所有來到我們攤位的你們💛
還有和我們對到眼、偷偷打招呼的朋友們也都沒有忘記喔👀💫
在外面等了那麼久才進來一定很辛苦吧🥹
謝謝你們用閃閃發亮的眼睛看著我們的作品🍀
真的讓我們感動到眼眶都濕濕的了🥹🥹
（真的不是因為下雨啦🤣🤣）
因為大家的喜愛，我們用心準備的周邊們
現在都一個一個去到新的主人身邊了🩵✨
明天也要再來找我們玩喔～我們會等你們的🥰🌿
包包套組現在只剩下20組了！謝謝大家這麼喜歡💙
這些包包都是我們親自挑選布料、親手做出來的喔✨
是為了台灣的朋友們準備的小小心意🎁
還會一起送上貼紙和徽章，所以一定要來看看我們呀～🎶💕
另外＜隨機包＞也幫大家準備得滿滿滿🥳
而且這是台北限定的小活動喔！請多多關注💗
今天因為有你們閃閃發光的眼神和笑容✨
讓我們在台北也能帶著幸福的心情入睡了🎶🌿
這是我們第二次來到台灣，真的覺得「來對了！」🌝✨
明天也會元氣滿滿地開攤等你們喔💪💛
大家晚安～做個甜甜的夢吧🩵🩵🩵
📍B-414 Shinkiru
@shinkiru.official
@shinkiru.official",2026-04-04 00:27:00,learning by doing🪸✨ theater for young peple🫧,失敗,not_enough_posts,,skipped,
anne_gu_23,Gu🌸,"分享一段故事
很多女生，只要男友跟別人聊騷、搞曖昧，第一反應都是生氣、吃醋、難過，開始懷疑自己是不是不夠好
但老實說，完全不是這種感覺。 我只覺得很丟臉 
以前我跟前男友一起參加朋友聚會，他對著別的女生侃侃而談，笑得特別用力，整個人像孔雀開屏一樣 ，我當下心裡沒有一點吃醋，也沒有難過，只有一個念頭： 這也太丟人了吧
那種感覺不是他要不要別人，而是他這個人本身就很廉價
像一條隨便有人勾勾手指就能被牽走的狗，完全沒有分寸，也沒有邊界 ，他的行為不是在背叛我，而是在當眾告訴所有人，我正在跟一個上不了檯面、沒見過世面、只要有人多看他一眼就開始膨脹的人交往
那一刻最刺的不是感情，是臉面 
我不是在為他跟誰講話不爽，我是在想，別人會怎麼看我，會不會覺得我眼光很差，會不會覺得我怎麼會選這種人，會不會覺得我這個人本身就很沒水準
所以我真的很想讓他有多遠滾多遠 
不要因為愛得太深，也不是因為捨不得。 而是因為我突然意識到，他站在我身邊，本身就是在拖低我 
有些男人搞曖昧，你會心痛。 有些男人搞曖昧，你只會清醒 
當你連吃醋都懶得吃的時候，其實答案已經很明顯了
不是他多搶手，是他配不上你站在同一個畫面裡",2026-03-07 17:11:00,"熱愛生活
成為更美好的自己🫶",懷疑,not_enough_posts,,skipped,
cph0114_,cph0114_,"懷疑有飛人亂咁種花
有兩朵白花被兩個玩家種出黎
D花苞唔係咁種的…
等睇又一堆人話飛人先唔會飛本地搶菇/種花🙊",2026-04-07 17:14:00,,懷疑,pass,,non_depression_risk_user,
cph0114_,cph0114_,"今日用白色油菜花種左4個花苞
有3個都變異左做黃色油菜花
個變異率實在太高
好彩夠做任🤣
依家搞到有好多黃色油菜花🤣🤣🤣",2026-04-04 19:17:00,,懷疑,pass,,non_depression_risk_user,
cph0114_,cph0114_,"灣仔演藝學院都當係戲院
開曬Mario圖鑑收工lu",2026-04-02 22:38:00,,懷疑,pass,,non_depression_risk_user,
dse.manci.chinese,文辭中文｜小班私補｜中文補習,"2025 dse 閱讀79%（5**cutoff 72～）
📖 DSE中文卷一 時間分配
⏱ 時間分配（總長1小時30分）
▫️ 實用文：20-22分鐘
▫️ 文言文：15-20分鐘
▫️ 白話文：最少留50分鐘
⚡️ 答題順序
1️⃣ 先做實用文 → 靠記憶，暖機最快
2️⃣ 再做文言文 → 全港平均得6/15，搞掂呢 part 先唔使心慌
3️⃣ 最後先做白話文 → 最需要判斷力，信自己直覺，唔好懷疑
📌 開考前必做
✅ 加紙（寫多過預期就唔使怕）
✅ Check 卷有冇印漏
✅ 準備三支螢光筆 + 兩支原子筆
✅ 自定時間表，控制節奏
💪 如果卷一感覺差
可能係份卷太難 / 你要求太高。
穩住，卷二可以反勝！
記住：審題 → 拆題 → 扣題
🔥 最後最後
頂硬上！加油 💯",2026-04-07 17:48:00,"#拔尖 #補底 #dse 
2025 dse 中文5** 
❤️‍🔥閱讀79 % 文言文 14/15 實力保證
❤️‍🔥白話文 32/41 遠超全港平均分
❤️‍🔥長文 74分 表達結構皆達8分
🗣️中大語言學
🫶🏻荔枝角教室 ｜小組教學 ｜ 技巧為先
👇🏻中四五小組課堂報名👇🏻",懷疑,not_enough_posts,,skipped,
dse.manci.chinese,文辭中文｜小班私補｜中文補習,"文筆系列
第二十八天
在這次百感交集的聚餐，我無法立刻割捨離別時的悲傷，也無法立刻摒棄忽然說再見的酸澀。可那糖醋排骨的甜卻真真實實的存在我們的腦海當中，當我們有天逆溯回憶，走過現實的森林，會尋到曾經無比甜美的漿果，讓我們堅定地走下去。或許飯桌上的菜式不是每一道都是甜美，不是每一個宴席的菜都是如我們心願，或如糖醋排骨的酸甜，或是紫菜湯的黯淡。可到最後，我們總會迎來宴席的終場，那時候掩藏在我們心間的是什麼滋味呢？是執著於平常的酸澀，是耽溺於晦暗的苦楚，還是留著餐桌上的一些善美？正如人生中不乏善美光影，也不缺悲離歡合，我們又會選擇承載著什麼呢？或許，還是回憶的甜，跨越時空的愛意吧。在掙扎與歡樂並存的餐桌上留下一抹微笑，這或許就是這百感交集的聚餐，也是五味雜陳的人生的意義。
在這次百感交集的聚餐，我無法立刻割捨離別時的悲傷，也無法立刻摒棄忽然說再見的酸澀。可那糖醋排骨的甜卻真真實實的存在我們的腦海當中，當我們有天逆溯回憶，走過現實的森林，會尋到曾經無比甜美的漿果，讓我們堅定地走下去。或許飯桌上的菜式不是每一道都是甜美，不是每一個宴席的菜都是如我們心願，或如糖醋排骨的酸甜，或是紫菜湯的黯淡。可到最後，我們總會迎來宴席的終場，那時候掩藏在我們心間的是什麼滋味呢？是執著於平常的酸澀，是耽溺於晦暗的苦楚，還是留著餐桌上的一些善美？正如人生中不乏善美光影，也不缺悲離歡合，我們又會選擇承載著什麼呢？或許，還是回憶的甜，跨越時空的愛意吧。在掙扎與歡樂並存的餐桌上留下一抹微笑，這或許就是這百感交集的聚餐，也是五味雜陳的人生的意義。
三尺白練搖灑風中，飄蕩的記憶是雪白純真的。空氣中迴旋的，不再是糖醋排骨的酸，我細細咬下一小口，品嚐那回憶裡的那一點蜜。
三尺白練搖灑風中，飄蕩的記憶是雪白純真的。空氣中迴旋的，不再是糖醋排骨的酸，我細細咬下一小口，品嚐那回憶裡的那一點蜜。
一次百感交集的聚餐——立意
一次百感交集的聚餐——立意",2026-04-07 11:06:00,"#拔尖 #補底 #dse 
2025 dse 中文5** 
❤️‍🔥閱讀79 % 文言文 14/15 實力保證
❤️‍🔥白話文 32/41 遠超全港平均分
❤️‍🔥長文 74分 表達結構皆達8分
🗣️中大語言學
🫶🏻荔枝角教室 ｜小組教學 ｜ 技巧為先
👇🏻中四五小組課堂報名👇🏻",懷疑,not_enough_posts,,skipped,
lin_hash_browns,Patricia Lin,"先說
我的人生第一場演唱會是星街的Supernova reboot
星街我位子山頂，你不站就是別想看，前後左右都有拿螢光棒跟拍手，讓我對演唱會的印象就固定在這了
這場tuki. 的我是人生的第二場，我整個人問號，音響前面把人聲壓下去就不說了，我印象最深的就是人生讚歌原本應該我們來唱的地方
她自己唱了！
她自己唱了！！
她自己唱了！！！
哇靠勒人家第一場國外巡演+第一次出國也是第一次來台灣就要這樣喔
原本我在脆上滑到說：喔tuki. 有些歌曲會給觀眾唱要記得背一下喔
啊我怎麼看到特區很多人屁股黏在椅子欸（2D正下方很嗨我有看到，基本全區都在互動）
我沒開玩笑，晚餐歌結束我聽到的掌聲是最大的，我第一個想法是羞愧
：台灣粉絲給人的印象是只認識晚餐歌嗎？
快氣炸鍋了，希望女高中生還可以來台灣開演唱會好嗎
另外那個售票系統能不能把特區單獨出來給大家抽啊，感覺一堆全區票想混個800的混到特區了",2026-04-04 22:32:00,,羞愧,not_enough_posts,,skipped,
lin_hash_browns,Patricia Lin,這邊評價是夯爆了,2026-03-28 11:57:00,,羞愧,not_enough_posts,,skipped,
poltronafood,poltronafood,"今天楓星應該會爆炸吧
最近槁木死灰、心情冷冷的，好像天塌了也無所謂。
跟Artale有關的全部帳號、IG、DC，都只限於Artale
我覺得很羞愧的是一個成年人還讓Artale 教我很多事情。
無論是對遊戲的克制、社交、遊戲中的經濟學，都只說明了現實生活跟工作還是太安逸了。曾經認識、很熟、超級熟的人們，有緣的話會在那裏見到本人
如果你有玩、我也有玩的話... 這次肯定不牢而且無課：)
除了紙娃娃跟必要WC",2026-03-30 12:26:00,"-Mar. 2nd, 2026",羞愧,pass,,low_depression_risk_user,
poltronafood,poltronafood,"都封鎖 mw_seller 跟 淘寶nicon遊戲店 這兩個噁心帳號了
紙娃娃屋還是會出現這兩個的DC浮水印紙娃娃
免費區都變成垃圾區，有什麼辦法可以下架這些人嗎?",2026-03-28 19:59:00,"-Mar. 2nd, 2026",羞愧,pass,,low_depression_risk_user,
poltronafood,poltronafood,"首先感謝刀寶們厚愛，討論熱度高得有點猝不及防
關於致命「30」的傷害排序我再次澄清：
""不間斷""打整套4下 > 手速快、微間斷打整套4下 > 壓著只打前3下 > 手速不夠快、間斷打整套4下
(致命20不適用)
以上是我原文要說明的，這裡重作一次說明，希望有清楚一點。
---
因為不只一位朋朋反應打4下傷害會比較高，我也深刻反省可能是我表達不夠清楚。
「在不需要位移的情況下，打整套4下肯定比較高」--我也同意!
這是毫無爭議的，也是我直接不測寒霜冰龍只打前3下的原因，我只測了瞬步30、致命20與致命30的差距。
---
真正需要實驗的是：沒煙、不能碰Boss、持續打上7場炎魔、中途有小怪產生的戰鬥環境。
我當然也可以擷取出需要位移、打4下傷害比較高的數據，那正是我可以驕傲(?)的部分，手速快、注意力集中、狀態良好，只取好的16%血量，DPS可以到5萬2千多，但維持不了多久。拉長至25%血量時，DPS已經掉到4萬8千多，40%血量則掉到4萬5千。
相對的，昨天又測一顆魚頭，無腦壓著打前三下，打掉40%的血量，DPS平均都還有4萬7千多，是非常穩定的。",2026-03-17 19:07:00,"-Mar. 2nd, 2026",羞愧,pass,,low_depression_risk_user,
gigi76857685,周訓宇,"不用謝，我要跟你們說對不起，是我不好，我覺得很羞愧，因為我的提案一直沒受到重視，又讓大家受災了，這場水災，是天災也是人禍。
要嘛事前做好預防工作，改善排水系統，但總以經費困難、受限地勢、技術或權責問題等為由，不了了之。
既然不願投資預防工作，那麼投資一點經費做災後復原總可以吧？我們有錢每年調漲或巧立名目發各種老人禮金，但卻連一台抽水機都不肯買，怎麼幫助鄉親做災後復原？
#這場雨就是一面照妖鏡",2026-04-04 17:45:00,"頭份市民代表
清大公共政策與管理碩士
竹科管理師",羞愧,non_life,,skipped,
gigi76857685,周訓宇,"昨天庄裡很照顧我的阿姨好心勸我做事不要當出頭鳥，吃力不討好又容易得罪人，我跟阿姨說其實很多時候我也為難吶。
看吧，今天仁愛里民大會，里民反映ㄧ件會得罪人的事，大會主席煒哥里長當場裁示交我去辦理，我倒吸一口涼氣，騎虎難下哭笑不得😅
我很感謝阿姨的關心叮嚀，也謝謝煒哥里長給我表現的機會，把苦差事交給我，我盡力吧...",2026-03-30 21:49:00,"頭份市民代表
清大公共政策與管理碩士
竹科管理師",羞愧,non_life,,skipped,
gigi76857685,周訓宇,"之前申請頭份里武聖街/武昌街設置智慧號誌，這兩天已送電啟用，謝謝縣政府和陳光軒議員。
拜託大家行經此處務必減速並查看側方車況，您不減速一直衝，不但危險，我還得替您承擔附近居民們的不滿情緒，拜託別相害，祝行車平安。",2026-03-27 18:10:00,"頭份市民代表
清大公共政策與管理碩士
竹科管理師",羞愧,non_life,,skipped,
mi.blue.lan,藍之江,"一直覺得男友有ADHD或過動，
還誇他：
那你好厲害喔！這樣還能通過國考，當醫生。
強迫他做測驗，想知道嚴重程度。
測驗結果0，他只是很純很純的那種白目",2025-12-10 19:04:00,,ADHD,not_enough_posts,,skipped,
__c.z.h_,__c.z.h_,創傷不是你的錯，但復原是自己的責任。,2026-04-02 00:43:00,,創傷,not_enough_posts,,skipped,
ida_aa1118,Happy Wang,"台中市政府 & 性侵犯 
真的該下地獄 ！",2026-04-07 17:17:00,選對的人 走對的路 ✌️✌️✌️,侵犯,non_life,,skipped,
ida_aa1118,Happy Wang,提名誰就挺誰！,2026-04-04 22:57:00,選對的人 走對的路 ✌️✌️✌️,侵犯,non_life,,skipped,
ida_aa1118,Happy Wang,這雙陳節目真的少看！,2026-04-04 08:52:00,選對的人 走對的路 ✌️✌️✌️,侵犯,non_life,,skipped,
ida_aa1118,Happy Wang,貪這麼多 判這麼輕,2026-03-26 16:40:00,選對的人 走對的路 ✌️✌️✌️,侵犯,non_life,,skipped,
jolin.huang.31,Jolin Huang,"這幾天看到關於性侵受害者的報導，還有台中棒球教練性侵小隊員的新聞，心裡覺得這些加害者最好去勢或去死。
人生有兩次讓我不舒服的騷擾，活到40歲及記到40歲，更何況是被性侵的孩子，這一輩子都活在痛苦裡。
小學時幾乎每天都在補習，因為跨縣市補習，媽媽有時會看完浪漫滿屋才來接我，常常一樓只剩我一個人在等家長。
某次管理員伯伯坐我旁邊跟我聊天，越聊越靠近，最後說「妹妹好可愛，伯伯抱抱你」後，我就被他抱了一會，只記得當時不知所措不知如何是好不知拒絕，現在看來其實跑出門口就沒事了。
小學某次和媽媽的乾媽一家人在餐廳吃飯，一個哥哥和我相鄰在大圓桌吃飯，哥哥吃完就地躺在圓椅上，伸手來回摸我大腿（其他人看不到桌下他的動作），我生氣問他「你在幹嘛」，他卻回我「被我摸是你的榮幸欸」，但我就算生氣也沒有跟家人說及做其他反應。
每每想起這兩個人都覺得噁心，也會覺得當初為何自己沒有做反抗，哪怕一點也好，只是選擇放在心裡。
現在當媽，非常注重給女兒的性教育跟身體紅綠燈，以及與人保持距離，只希望在我能力範圍保護好我的孩子。",2026-04-07 23:29:00,,侵犯,not_enough_posts,,skipped,
gigichanngg,Gigi Chang,"有感而發，真的看不下去了。
根據世界衛生組織與聯合國統計，全球三分之一的成人女性（約8.4億名）曾遭遇性暴力，包括肢體性侵犯，言語性騷擾、強迫性行為等等。這還是嚴重低估的數量，因為多數的性騷擾案件並不會被通報。
我身邊幾乎每一位女性友人都曾受過一定程度上的騷擾、暴力與侵犯。可有些男人還是能笑笑的說出：「沒那麼嚴重吧」、「隨便說兩句就不舒服喔？太脆弱了吧」、「女拳自助餐」這樣的話。
女性主義的訴求從來不是要更多的權益及權利，我們只是在追求真正意義上的平等。追求一個沒有人會因為性別被剝削與侵犯的世界。
性別平等還有很長很長的路要走，男生女生都一樣，我們都有可能在不注意之下成為加害者。願你我能一起喚起關注，為下一代創造出更加平等的社會，共勉之。
peace and love, G x",2026-01-26 18:23:00,"拿相機，說故事，獨自在世界流浪
住在非洲的第四年｜現正進行式",侵犯,not_enough_posts,,skipped,
gigichanngg,Gigi Chang,"有些男人好像不開黃腔活不下去
看到女生，看到住在非洲，滿腦子想的全是性 lol",2026-01-24 22:05:00,"拿相機，說故事，獨自在世界流浪
住在非洲的第四年｜現正進行式",侵犯,not_enough_posts,,skipped,
eczht_tw,Eczht __^,"喜歡棒球⚾️的女生不該受歧視
喜歡棒球⚾️的男孩不該受侵犯
盧秀燕，
只會在自己城市球隊封王時蹭遊行
卻無視這些喜愛棒球
但無力抵抗的孩子們受苦
說自己是媽媽市長，
結果是踩著孩子傷痛往上爬的假媽媽😡",2026-04-07 20:36:00,"一生摯愛科學麵⛰️🩵
「走傱」人生小海苔🌊
🟰cháu-chông🏃🏻‍♀️💦",侵犯,not_enough_posts,,skipped,
eczht_tw,Eczht __^,"雖然我爪一直輸球⚾️很傷心💔
不過謝謝蔡其昌會長重視此事
任何性別的人都可以愛棒球的💛
然後我想贏球可是我不想平野桑走🥺",2026-04-07 08:24:00,"一生摯愛科學麵⛰️🩵
「走傱」人生小海苔🌊
🟰cháu-chông🏃🏻‍♀️💦",侵犯,not_enough_posts,,skipped,
cyan.o745,小阿青,"有些人意見不合就一直翻別人個資很噁，尤其還是男的，論述就論述一直提到別人現實，還講別人厭男，你就是別人厭男的原因啊😊
是沒人教嗎？有夠噁，騷擾都當家常便飯完全不能自己察覺，感覺放個活動區域就會跑來搞跟蹤，根本預備犯",2026-04-08 01:27:00,總而言之，先寫點東西再去思考我想怎麼做。,騷擾,not_enough_posts,,skipped,
cyan.o745,小阿青,"認同平的想法，同問
到底要怎麼問某人的聯絡方式？",2026-03-27 18:54:00,總而言之，先寫點東西再去思考我想怎麼做。,騷擾,not_enough_posts,,skipped,
taichou777,瑞塔Rita,"頭份儷馨診所醫師性騷擾的影片我真的看到頭皮發麻⋯
好難過這種地獄是某些人的日常🥲🥲🥲",2026-03-30 20:14:00,"║ 25歲的動漫迷🍮🥣 愛黑髮男𛰙᭜𖫴𖫰𖫱𖫳𖫲𖫲𖫳𖫴𖫰𖫱꛰ ᭜𖫴𖫰𖫱𖫳𖫲𖫲𖫳𖫴𖫰𖫱꛰ಣ✧·♪ 
📝 坑多雜食、愛買周邊 & BL漫畫、去咖啡廳║🎀
*.❤︎‪𓂃🤍ྀི‬‧✧̣̥̇‧❅ *+ Welcome +* ❅‧✧̣̥̇‧🤍ྀི‬‪𓂃❤︎.*",騷擾,not_enough_posts,,skipped,
taichou777,瑞塔Rita,月島螢（開玩笑,2026-03-28 16:53:00,"║ 25歲的動漫迷🍮🥣 愛黑髮男𛰙᭜𖫴𖫰𖫱𖫳𖫲𖫲𖫳𖫴𖫰𖫱꛰ ᭜𖫴𖫰𖫱𖫳𖫲𖫲𖫳𖫴𖫰𖫱꛰ಣ✧·♪ 
📝 坑多雜食、愛買周邊 & BL漫畫、去咖啡廳║🎀
*.❤︎‪𓂃🤍ྀི‬‧✧̣̥̇‧❅ *+ Welcome +* ❅‧✧̣̥̇‧🤍ྀི‬‪𓂃❤︎.*",騷擾,not_enough_posts,,skipped,
hsuanhsuan3232,霸王花🌺萱萱,"結婚容易 離婚難
同感+1😮‍💨",2026-04-07 13:13:00,"兩個公主👧🏻👶🏻的媽媽👩🏻
正在用輕資產創業打造自由人生
陪妳一起從0開始，找到自己的力量💫
用力綻放屬於自己的人生✨
想了解輕資產創業、增加額外收入，私訊我🤍",離婚,not_enough_posts,,skipped,
hsuanhsuan3232,霸王花🌺萱萱,"我是萱萱 💖準培訓講師
現在正在累積 100 位臉部撥筋作品✨
直接講重點👇
👉 首波開放 10 位「臉部撥筋免費體驗」名額
📍台中
💰 完全免費（需配合拍照紀錄）
我會幫妳做：
✨卸妝 洗臉
✨3種面膜體驗
✨臉部撥筋（放鬆＋氣色提升）
很多人做完第一句話都是：
「早知道就早點來了…」
如果妳最近覺得
臉看起來很累、很腫、沒精神
可以留言+1
想預約直接私訊我
（名額很少，我不會一直開）",2026-04-05 15:24:00,"兩個公主👧🏻👶🏻的媽媽👩🏻
正在用輕資產創業打造自由人生
陪妳一起從0開始，找到自己的力量💫
用力綻放屬於自己的人生✨
想了解輕資產創業、增加額外收入，私訊我🤍",離婚,not_enough_posts,,skipped,
resia_rpxuix0914,何夢慈,"大家！恭喜我離婚了～
2026年我要把之前一直想做的事情都做完
要去做指甲睫毛打電波
要去台南看澳洲猛男秀
要去合掌村看點燈
要去把一直捨不得換掉的手機換成i17pro
要去報空中瑜珈皮拉提斯課程
要去學韓國三個月語言學校
感覺有點太貪心
但總之我會把之前沒辦法做的都做完
並且此生我再也不會進入婚姻
想幹嘛就幹嘛",2026-02-24 11:21:00,,離婚,not_enough_posts,,skipped,
rodneyware3653,ghjytjft,"自我介紹一下^_^

41歲離婚單身

有一家小蛋糕店🍰
高雄人

不嫌棄的來認識一下😊",2026-04-08 11:38:00,,離婚,non_life,,skipped,
rodneyware3653,ghjytjft,"徵友

我單身，離過婚

一個人的生活無趣又無聊

不嫌棄的認識一下",2026-04-07 23:01:00,,離婚,non_life,,skipped,
rodneyware3653,ghjytjft,"41歲的單親媽媽 
想找一個愛自己的很難 同頻的更難
現在都流行聊到自己失蹤 消失的..
只有愛自己 讓自己變得更好 
合適的自然會出現的",2026-04-07 11:35:00,,離婚,non_life,,skipped,
bai623bai,白白,"結婚的第5400天
我們簽下了 離婚書這張紙
不難過是騙人的
但有很多事情 是沒辦法抹滅的痛處
那我們好好擔任小孩的父母角色吧
各自安好 越來越好
你好啊 
白小姐
好好愛自己 
好好生活
好好工作",2026-04-07 10:43:00,"地瓜球闆娘兼小妹！
努力減肥中，請勿拍打餵食
不要莫名其妙私訊就一定要回😤
脆的詐騙多，煩餒，真的很不喜歡浪費時間！！",離婚,pass,,low_depression_risk_user,
bai623bai,白白,"#看圖說故事
快來救救他們
已經曬了兩小時了
有人能救救他們嗎….
都腦充血了😭",2026-04-02 18:26:00,"地瓜球闆娘兼小妹！
努力減肥中，請勿拍打餵食
不要莫名其妙私訊就一定要回😤
脆的詐騙多，煩餒，真的很不喜歡浪費時間！！",離婚,pass,,low_depression_risk_user,
bai623bai,白白,"照騙啊照騙🤣
最近太忙心累累
沒有心力在好好收拾自己
下一階段即將來臨
不知道是否一定順利
但這個選擇 我不後悔
想要好好再活一次",2026-03-29 11:35:00,"地瓜球闆娘兼小妹！
努力減肥中，請勿拍打餵食
不要莫名其妙私訊就一定要回😤
脆的詐騙多，煩餒，真的很不喜歡浪費時間！！",離婚,pass,,low_depression_risk_user,
bai623bai,白白,👏👏👏期待期待😍,2026-03-26 08:25:00,"地瓜球闆娘兼小妹！
努力減肥中，請勿拍打餵食
不要莫名其妙私訊就一定要回😤
脆的詐騙多，煩餒，真的很不喜歡浪費時間！！",離婚,pass,,low_depression_risk_user,
gtokevin.tw,GTOKevin 小商人,嘉義縣市現在看起來沒意外是蔡易餘對上吳容輝、王美惠對上張啟楷，坐等賭盤開盤。,2026-04-07 16:54:00,原本的Threads因為發戀童犯看板照片跟文章被檢舉到刪，救不回來，小弟我絕對保持初衷，繼續靠北到底，刪了一個我再弄更多個。洛杉磯與台灣夜遊資訊，台灣政治評論分析，同好歡迎再歡迎，小妹需要海外工作諮詢歡迎私信，隱私第一。,意外,business,,skipped,
gtokevin.tw,GTOKevin 小商人,今年嘉義市選舉滿有趣的，派出大咖跟一堆立委出來幫忙拼初選，兩邊搶破頭拼第二，怎麼好像在2024看過。,2026-04-03 17:38:00,原本的Threads因為發戀童犯看板照片跟文章被檢舉到刪，救不回來，小弟我絕對保持初衷，繼續靠北到底，刪了一個我再弄更多個。洛杉磯與台灣夜遊資訊，台灣政治評論分析，同好歡迎再歡迎，小妹需要海外工作諮詢歡迎私信，隱私第一。,意外,business,,skipped,
gtokevin.tw,GTOKevin 小商人,這幾天都在看帳，生意量不比疫情前，成本也提高了不少，利潤大約是疫情前的7成，損友說可以導入Ai，我自己是沒頭緒，總不能叫Ai幫你吹吧。,2026-04-02 20:22:00,原本的Threads因為發戀童犯看板照片跟文章被檢舉到刪，救不回來，小弟我絕對保持初衷，繼續靠北到底，刪了一個我再弄更多個。洛杉磯與台灣夜遊資訊，台灣政治評論分析，同好歡迎再歡迎，小妹需要海外工作諮詢歡迎私信，隱私第一。,意外,business,,skipped,
gtokevin.tw,GTOKevin 小商人,看來有機會能把雲林翻掉的，就屬鄭麗文這波參訪了。,2026-03-31 19:27:00,原本的Threads因為發戀童犯看板照片跟文章被檢舉到刪，救不回來，小弟我絕對保持初衷，繼續靠北到底，刪了一個我再弄更多個。洛杉磯與台灣夜遊資訊，台灣政治評論分析，同好歡迎再歡迎，小妹需要海外工作諮詢歡迎私信，隱私第一。,意外,business,,skipped,
artzee.hk,香港插畫👩🏻‍🎨,"好意外上次畫嘅牙Tom Ig Story Highlights封面有咁多人鍾意🙈
今次畫埋睇完套戲好鍾意嘅King George同Loaf🦫 唔知有冇人同我一樣都好鍾意佢地? 🤣
(之後應該會整wallpaper! 大家可以留意下😆)
✨注意圖片不能商用，只能自用~",2026-03-31 18:31:00,,意外,not_enough_posts,,skipped,
kyu_elf_23118,리티 · 曺圭賢的蘋果肌ෆ,"關於《維特》包場～
目前應該確定4/26（日）下午場（沒意外的話
至於是欣欣秀泰還是大巨蛋秀泰還要跟影城談～
💰價錢跟開演時間的部分也是
因為連假大家都去放假了😆
📣有確定談好後會再公告
脆跟限動都會！！！
到時候也會先說好報名的注意事項
再開放報名～
報名後也會拉群組讓大家加入
感謝大家🥰💙
⚠️之前填的那個表單只是看看人數夠不夠 所以沒填到也沒關係 填了也不代表正式報名 之後會有正式報名表單 以那個為主喔！！！謝謝⚠️
⚠️不能確定是否真的能成團 若流團也請見諒⚠️",2026-04-06 16:14:00,"這裡不是ᴊᴜsᴛ ғᴏʀ superjunior
這裡什麼都會有
玻璃心不要來 真的拜託
🇹🇼🇹🇼🇹🇼🇹🇼🇹🇼🇹🇼🇹🇼🇹🇼🇹🇼",意外,not_enough_posts,,skipped,
yeonsa170,Sabrina,"去年 休學 
因為吃藥副作用 
背長很多痘痘 復健
今年 復學 持續復健 針灸 
 生病意外 瘦了15kg
健身 皮拉提斯 游泳 
我真的很努力 哭也是…
頭上有洞 大腦開3次 小腦1次
因為這樣 頭髮全剃
跟我的刺蝟頭 還有病魔抗爭
去年昏迷指數三  到現在……
我是奇蹟 謝謝自己",2026-04-03 16:57:00,170.7｜紀錄鏡頭下的我跟真實的我,意外,not_enough_posts,,skipped,
kevin__0414,H,"徵求資深南山人壽業務
對於癌症、意外、各式理賠
熟悉的大大們🥹
有事想請教專業🥹🥹",2026-04-07 18:00:00,"徐（24）🇹🇼
NTUB📚
陸軍招募員🪖
國軍各班隊歡迎諮詢
不限軍種 報名找我🤝 
Sony a7c2📸
📸 syccc__studio 
以下是匿名留言🎫",意外,not_enough_posts,,skipped,
noisy_starsss,시끄러운 사람들이♡,"話說前日喺建大call uber去Kspo
遇到個中意吹水嘅的士司機，對I人嚟講已經係一種酷刑，再加上要用韓文對答就更加煎熬😀😀
由我哋去睇邊個演唱會到香港冇靚仔偶像比我哋追，韓國啲多數都有整容/醫美，再到以前啲香港演員好靚仔（例如：張國榮
再兜到去香港冇櫻花 冇雪 冇啲乜咁
最後佢問咗個好荒唐嘅問題～
大叔🧔🏻‍♂️ 我☺️
🧔🏻‍♂️ 你哋係屬於中國定英國㗎？
☺️ 我係屬於香港嘅，香港人
🧔🏻‍♂️ 咁你哋嘅血係屬於中國？
☺️ 都可以咁講嘅，但我係香港人（心諗咪再問啦～國安法啦
🧔🏻‍♂️ 香港係有警察同軍隊㗎嗎？
☺️ 我哋冇軍隊㗎，得警察
🧔🏻‍♂️ 咁萬一打仗個陣點算啊？冇軍隊
☺️ ummmm 그냥 죽어요….이 선택 밖에 없어요…(翻譯：咁咪等死囉 都冇得揀㗎啦）
（（講真我仲可以點呢 唔通我祈求香港突然有隊復仇者聯盟出現咩 點答啊））
然後阿大叔聽到我個答案之後就笑到癲咗，係咁重複我句죽어요 再不斷大笑😂😂😂😂
最後呢程車就喺一片笑聲中完結了🤣🤣",2026-04-06 18:49:00,"追星分享帳💙💜💚
隨心出po 主要係發癲用的🙈🥰
.
追逐一班見到名字已經覺到嘈吵的男人們",酷刑,not_enough_posts,,skipped,
zebra.358658,zebra.358658,"歐美系辣妹健身必做三件事：
1.拍照記錄體態(自信的來源
2.喝杯高蛋白補充能量，營養好喝下次還喝
3.抽根小菸正式宣佈酷刑結束
1.拍照記錄體態(自信的來源
2.喝杯高蛋白補充能量，營養好喝下次還喝
3.抽根小菸正式宣佈酷刑結束
以上環環相扣，完美健身三部曲
以上環環相扣，完美健身三部曲",2026-03-13 19:40:00,,酷刑,not_enough_posts,,skipped,
zebra.358658,zebra.358658,"我原本以為詐保的都是集團  手法很複雜  結果林浤澤這案子讓我大開眼界
簡簡單單兩人就搞定  短期保單  虛假就診  詐領理賠
這不是鼓勵大家照樣學嗎? 
呼籲大家  看到類似詐欺線索  勇敢檢舉!!!",2026-02-28 18:24:00,,酷刑,not_enough_posts,,skipped,
irene_takahashi_ts,Irene Takahashi,"在日本逃逸勞工的排名：目前的排名順序大致為：越南、泰國、中國、菲律賓、印度尼西亞，接著是 台灣。
自己都愛跳機了，還一天到晚用逃逸勞工的理由去針對勞工。
這麼不愛移工就不要只會幹代工跟代購的活，連自動駕駛、機器人都發展不起來的地方還馬不知臉長，不知道自己沒有移工就會變的跟一坨屎一樣。
移工願意去台灣跟大家一起吸髒空氣、喝髒水、忍受食安、爛教育體系、每天上演酷刑的交通、可能會被中國打的風險，是台灣人應該要感謝才是吧？！
不爽就不要只會代工跟代購啊。
台灣人有夠沒有人格🫩",2026-04-07 20:48:00,⬜︎,酷刑,not_enough_posts,,skipped,
rashomon.law,業餘法學生的碎碎唸,"西元2030年，某個東方島國因為犯罪組織利用AI，詐騙案件層出不窮，法院、檢察署以及監獄都瀕臨崩潰，於是有人想到了，對於這些犯罪者極其合理的處置方式：讓他們成為書記官吧！去協助消化數以萬計的案件，同時解決書記官缺人和監獄爆滿的問題。
所有的懲罰書記官都住在集中宿舍，用一些倒閉大專院校改造而成，出勤則是用法務部的囚車載送。為了防止他們脫逃，會給受刑人戴上電子腳鐐。時薪是一百元，並且優先用於賠償受害者。
為了避免被認定為兩公約中的酷刑，受書記官刑的人，還有週休二日跟病假，並且未成年人不會被判處書記官刑。",2026-03-30 01:52:00,"27歲才開始唸法律
想和年輕學生一樣
分享一些很青澀的課堂感想(⊙ω⊙)
或偷偷黑特",酷刑,not_enough_posts,,skipped,
elainexching,elainexching,"跟朋友聊著大哥新專的歌單
第一首歌是Self Cruxifixion
Crucifixion 意指被釘在十字架上的古代酷刑
最具代表性的，就是耶穌被釘十字架
代世人贖罪而死繼而復活
那就是受難日和復活節的起源
4月3日新專發佈日就是受難日…
所以這代表大哥把自己釘在十字架上贖罪
現在就像救世主一樣要重生嗎？
如果是這個意思
大哥你真的太厲害了
好愛這種思想深度
太讓人期待了！",2026-03-27 08:54:00,매일밤은 삐딱하게,酷刑,not_enough_posts,,skipped,
yissy_nail.148,Yissy｜台中中區｜美甲工作室,"今天感受到了！！！
美甲師的十大酷刑
客人說上一個美甲師照燈的時候真的是十大酷刑 
超燙！！
我跟他說 卸這個甲對美甲師來說也是十大酷刑🤣
歐麥嘎 我投降🫠🫠
我還跟客人說你應該回去讓他卸的
這樣說很壞嗎🫠
.
客人要的後建構是這樣的嗎？🥺",2025-12-13 01:23:00,"需要深夜美甲找我🙋‍♀️
預約麻煩點擊連結加入官方賴
你的御用I人美甲師",酷刑,not_enough_posts,,skipped,
yum.m.m.my,PULO級美食大作戰,"勸大家私生活一定要乾淨一點，還沒到18歲的我
因為私生活亂，沒做好對應防衛措施，加上天氣使然，不小心染上了「SLEEP」，每次症狀發作就是數小時，嚴重甚至一整天，非常痛苦。
沒多久又惡性感染「LAZY」，現在交叉感染「POOR」⋯⋯大家潔身自愛吧，我現在發作完全沒辦法上課、早起⋯⋯",2026-04-06 23:19:00,,痛苦,not_enough_posts,,skipped,
yum.m.m.my,PULO級美食大作戰,腳麻了怎麼走啊⋯⋯,2026-04-03 13:54:00,,痛苦,not_enough_posts,,skipped,
yyyyy.215,公分,"喜歡上直女不算什麼
更痛苦的是
喜歡上自己最好的朋友
喜歡上自己最好的朋友",2026-03-02 22:58:00,爛,痛苦,not_enough_posts,,skipped,
wwinter1_1,WwwOoo,"誠可私
追星後知道沒票很痛苦所以來讓票了
計畫趕不上變化碰到上班無法請假有多票
票不多因為我不是🐮 不需要靠賣票為生，也不是什麼英雄救世主，只是一位普通平凡的追星人
真的想看真的粉絲歡迎私訊
目前讓票紀錄
鄧紫棋➡️4/10*2（原價已讓出）
itzy ➡️6/27*1 （原價已讓出）
ive➡️9/12 *1 紅2 C區（未讓出可私）
aespa東京➡️4/25*1、4/26*1，未升艙
單一張原價讓，2張一起帶優惠價，本人會到可面交（未讓出可私）
🎫票的詳細資訊私訊後附圖",2026-04-05 07:55:00,"一個追星帳號
æspa MY～⭐️💙🌙🦋
🇰🇷最愛김민정～윈터❄️炡的很漂亮
To see the blue永遠站在旼炡這邊
🇹🇭喜歡Orm ออม開啟我追星之路的小金毛
都是吃可愛和善良長大的孩子🥰",痛苦,not_enough_posts,,skipped,
zytxweb,章魚同學Nikki,"打仗=股市崩盤？2026年告訴你這個公式過時了
戰爭爆發，股市暴漲。
不是世界瘋了，是規則變了。
去年踏空的基金經理被開除了一批，
今年沒人敢不跟。
川普說撤軍 → 期貨反跌
伊朗要收海峽過路費 → 油價起飛
交易員兩頭下注 → 自己都不知道方向
現在的股市，漲跌靠的不是基本面，漲一點觸發自動買盤，越買越漲，越漲越買。
65%的人賭停火。
剩下35%在等著收割他們。",2026-04-02 17:45:00,"非財經博主，視頻分享內容不構成投資建議
社群入口、領取研報，請點擊下面：⬇️",戰爭,not_enough_posts,,skipped,
zytxweb,章魚同學Nikki,"全網都在喊比特幣要完了
Google量子電腦9分鐘破解BTC？真相讓你意外
Google發布量子晶片Willow，5分鐘完成超級電腦要算10的25次方年的計算。全網都在喊比特幣要完了，但真相是: 量子電腦擅長的題目和破解比特幣根本不是同一回事。",2026-04-01 19:06:00,"非財經博主，視頻分享內容不構成投資建議
社群入口、領取研報，請點擊下面：⬇️",戰爭,not_enough_posts,,skipped,
kabuchino1906,卡布☕ |新竹×高雄x台北美食,"關於俄羅斯
大家現在的印象或許大多與戰爭掛鉤
的確，選擇戰爭是不對的
但很多時候人民並沒有選擇
在台灣
我們常掛在嘴邊的是「台日友好」
但大家可能忘了…
1999 年 921 大地震
時任俄羅斯總理的普丁
迅速下令派遣救難隊來台救災
在當時台俄雙方並無邦交也無航空協定情況下
救難隊必須克服許多困難遠行而來
那時，俄羅斯帶隊官與搜救犬在瓦礫堆中穿梭
其中一段最動人的緣分
是搜救隊員在災區救出了一名台灣小女孩
這份情誼默默延續了 20 年
他一直資助女孩讀書
這段故事後來在 2021 年還被改編成台劇 《20年的約定》
除了救人
俄羅斯濱海省當時更代表人民捐贈了 3,000 立方公尺的原木
實質幫助災後的重建工作
——————
寫下這些，我並沒有要袒護誰
只是單純論述這段真實存在過的歷史
政權會更迭，立場會對立，但這份跨越國界、純粹的人性光輝，不應該被抹滅…",2026-03-03 18:27:00,"🇹🇼台湾のグルメ🇹🇼
➪美食/旅遊/景點ദ്ദി₍ ..̮ ₎
➪台俄情侶✨",戰爭,pass,,non_depression_risk_user,
kabuchino1906,卡布☕ |新竹×高雄x台北美食,"Episode 2: Arrived in Moscow. 🇷🇺
在俄羅斯見家長的第一天✨
✔️杜拜轉機 ➔ 莫斯科 ✈️
✔️男友爸爸驚喜的花籃 💐
✔️兄弟檔的廚房時光：經典俄式魚子醬麵包
✔️還有一個因為時差快睡著的我 🤣",2026-03-02 20:59:00,"🇹🇼台湾のグルメ🇹🇼
➪美食/旅遊/景點ദ്ദി₍ ..̮ ₎
➪台俄情侶✨",戰爭,pass,,non_depression_risk_user,
kabuchino1906,卡布☕ |新竹×高雄x台北美食,"✈️ 台灣 ➔ 杜拜 ➔ 莫斯科
飛越 7,400 公里，開啟這段特別的旅程 
這次去俄羅斯見男友家人～🇷🇺
出發前精心挑選了好多台灣禮物：
茶、酒、香水…還有滿滿的心意 🎁
長途飛行真的不容易
在飛機上就是無限循環：
吃飯、看電影
看旁邊忙著打遊戲的某人🤣、再吃飯...
（明明是兩個人出國，我怎麼覺得他在網咖？）
中間在杜拜轉機
腳踏實地的感覺真好👣",2026-02-28 21:31:00,"🇹🇼台湾のグルメ🇹🇼
➪美食/旅遊/景點ദ്ദി₍ ..̮ ₎
➪台俄情侶✨",戰爭,pass,,non_depression_risk_user,
kabuchino1906,卡布☕ |新竹×高雄x台北美食,"營業到凌晨12點的深夜日式食堂～🌙
內用提供味噌湯跟紅豆紫米甜湯無限續
✔️有兒童餐椅",2026-02-27 20:58:00,"🇹🇼台湾のグルメ🇹🇼
➪美食/旅遊/景點ദ്ദി₍ ..̮ ₎
➪台俄情侶✨",戰爭,pass,,non_depression_risk_user,
____4wyy,躛㦌,"我越來越依賴你 常在想你離開了我要怎麼辦
我越來越依賴你 常在想你離開了我要怎麼辦",2026-01-17 16:28:00,"可以留言跟我聊聊天！
這裡都發最近的想法！",離開,not_enough_posts,,skipped,
cn_.0103,cn_.0103,"離開我 你更幸福 那也值得
離開我 你更幸福 那也值得",2026-02-28 13:23:00,曾經 我也很愛你 為了你 我放棄很多人,離開,not_enough_posts,,skipped,
cn_.0103,cn_.0103,"開學了
終於看到你了
終於看到你了",2026-02-23 18:55:00,曾經 我也很愛你 為了你 我放棄很多人,離開,not_enough_posts,,skipped,
an_diary.9,予安,"我是一個很容易「捨不得」的一個人
捨不得丟掉陪伴很久的玩偶
捨不得丟掉放了很久卻沒有在用的東西
捨不得離開陪伴在身邊的人
捨不得離開一個待很久的地方
可是天下沒有不散的筵席
也沒有放了很久永遠不會壞的東西
更沒有會一輩子陪著你的人",2026-04-02 06:32:00,快被生活折磨瘋的girl。,離開,not_enough_posts,,skipped,
yidinghuixingfude,yidinghuixingfude,你在計劃和我分手的時候 而我卻在準備送給你的禮物,2026-02-15 20:14:00,,分手,not_enough_posts,,skipped,
mind.pieces.out,mind.pieces.out,"分手day 96
應該就讓分手日記停在這裡了。
最近一個人過得很快樂。
覺得一個人自由自在，想約會就去約會，想一個人窩在家裡就看書點蠟燭窩在沙發上，不用再有某個人掛在心上，真的很輕鬆。
謝謝所有陪伴我分手的大家。
想跟每一個正在經歷分手痛苦的人說，你會好起來的，好好照顧自己，療癒自己，有一天你會發現好自由好快樂的。
這個帳號要變成生活小帳了，祝大家幸福！",2025-12-04 14:21:00,說話寫字,分手,pass,,non_depression_risk_user,
mind.pieces.out,mind.pieces.out,"分手day 91
分手後對愛情的狀態大概是
看到別人幸福的愛情故事已經不再相信了
不再相信人可以這麼幸福
這麽適合彼此
這麽願意為彼此調整
這麼輕鬆
不能再相信誓言了
曾經我也以為可以走一輩子
為了走一輩子我努力的撐著調整自己
現在回想真的覺得好辛苦喔",2025-11-29 14:13:00,說話寫字,分手,pass,,non_depression_risk_user,
mind.pieces.out,mind.pieces.out,"分手Day 86
我在一個陌生的城市走著
這裡沒有你生活過的痕跡
也沒有我曾經存在的證明
我獨自在這裡旅行
感受一個人到底是什麼感覺
夜晚的街燈下我默默想起了你
不知道你現在生活過的如何
對你不再生氣
也沒有遺憾
你成為了我記憶裡的一個好朋友
偶爾想捎個問候
知道你也很好就足夠
當想念變成想起
好像終於往前走了一步",2025-11-24 15:36:00,說話寫字,分手,pass,,non_depression_risk_user,
xi.o157_,c,我想談一個那種我說分手吧 他回我分你媽的那種,2026-03-04 02:18:00,看什麼看 我們沒有以後了,分手,not_enough_posts,,skipped,
ga_yz717,진²²,"分手
通常都是先表白的那個人提的
通常都是先表白的那個人提的
提
提
復合
的人通常都是提分手的拜託的
的人通常都是提分手的拜託的
不同意復合的
都是那時候死活不同意分手的
不同意復合的
都是那時候死活不同意分手的
遲遲
遲遲
放不下
的人都是先提分手的
的人都是先提分手的",2026-03-15 15:38:00,":⁠-⁠|
超級無敵大I人",分手,pass,,non_depression_risk_user,
ga_yz717,진²²,"真的覺得很矛盾
提分開的人是你
但看到我開始過自己的生活 慢慢往前走
卻又說我不在乎你的感受
好像到最後
變成是我做錯了什麼
但是很多事情
其實早就不是原本的樣子了",2026-03-14 17:01:00,":⁠-⁠|
超級無敵大I人",分手,pass,,non_depression_risk_user,
ga_yz717,진²²,"人不是突然離開的
是一次一次失望之後
終於學會往前
人不是突然離開的
是一次一次失望之後
終於學會往前",2026-03-07 22:26:00,":⁠-⁠|
超級無敵大I人",分手,pass,,non_depression_risk_user,
ysza_12,𝙇𝙮𝙨𝙯𝙖⁸,"”
一輩子這麼長 幹嘛急著在十幾歲找到真愛
一輩子這麼長 幹嘛急著在十幾歲找到真愛
”",2026-03-11 20:02:00,別找了 姐姐在這裡,分手,not_enough_posts,,skipped,
for.our.c513,for.our.c513,"昨天電話裡
我問她
現在妳想和我分手的程度1～10
有幾分
她想了幾秒 答
如果你現在跟我說分手
我會馬上答應",2025-12-12 17:39:00,"男的
有一個我愛的女朋友
但…我還不想分手",分手,not_enough_posts,,skipped,
lee__02__09,李健維,"剛剛發現之前和平分手交往近5年的前女友退追我ig了，雖然這沒有什麼
只是剛剛在一瞬間突然很難過，腦海中只有這個感覺：
「原來我在她生活裡真的消失了」
「原來我在她生活裡真的消失了」",2026-03-17 11:41:00,"台中來的假澎湖人
有一隻寵物白柴ice cream
108級海運系🏊end",分手,not_enough_posts,,skipped,
jll._.07,최소..,可不可以當我的最後一任 不要再離開我了,2025-05-11 17:32:00,"這裡是我的文案專區 嘻嘻
還有我的小小世界
我的腦袋最適合拿來想文案了",分手,not_enough_posts,,skipped,
pol_ly3333,pol_ly3333,成年人的分手真的就是在最後一次的見面/電話/訊息結束後，曾經每天聯絡的人就這樣瞬間消失在彼此生命中了嗎,2026-02-24 18:03:00,始まりは終わりの始まり,分手,not_enough_posts,,skipped,
zzi_6828,荃爺👺｜（1788）命理企業🔮,"分手只有簡單的兩條路
1.復合
2.拒絕任何往來",2026-01-02 06:12:00,這可以幹嘛,分手,not_enough_posts,,skipped,
1nxrou_,小涵涵涵涵⁺₊𐙚ྀ,"情侶吵架是在經歷磨合期
你們男生可不可以不要輕易就說分手",2024-05-10 18:21:00,美樂蒂！,分手,pass,,non_depression_risk_user,
1nxrou_,小涵涵涵涵⁺₊𐙚ྀ,真的很討厭我常常因為一些小事情就和自己愛的人吵架,2024-05-07 23:50:00,美樂蒂！,分手,pass,,non_depression_risk_user,
1nxrou_,小涵涵涵涵⁺₊𐙚ྀ,"欸 你們可不可以好好談一段戀愛或好好曖昧
不要幾天聊天沒感覺之後就去找別人啊
不要一直釣別的女生啦
超可憐耖❤️",2024-05-07 18:44:00,美樂蒂！,分手,pass,,non_depression_risk_user,
guhaichenfu8,股海沉浮,"幹！
最被忽視的華東（8110），4/3沒看到70塊，我請所有粉絲喝手搖飲🥤",2026-03-24 21:40:00,以認知盈利，用耐心換收益,忽視,not_enough_posts,,skipped,
ying.cosmeticslab,小應Lab,"這一次，換陪伴台灣市場 25 年的 Burt’s Bees 小蜜蜂爺爺要離開了。
不是愚人節，台灣代理 Burt’s Bees 的 PH SHOP 平珩家已於昨日（4/1）公告，將結束品牌代理，官網則是現貨售完為止。
說到 Burt’s Bees，這幾年產品線其實變化不少。
我印象最深的，反而不是蜂蠟護唇膏，也不是神奇積雪草本修護霜（它的舊版是神奇紫草霜），而是那瓶含有 0.75% 水楊酸的清痘夫調理精華露。後來它停產了，改由含有乳酸、葡萄糖酸內酯與柳樹皮來源水楊酸的清荳夫調理化妝水，接手酸類代謝的角色。
而臉部抗老系列，也從原本蜂王乳搭配多種植萃為主，逐漸轉向以補骨脂酚為核心發展，甚至在美國官網上，還能看到專門提供給皮膚科醫師參考的產品臨床實驗結果專區，品牌走向其實變很多。
如果你記憶中的 Burt’s Bees，還停留在養蜂人暨共同創辦人 Burt Shavitz 仍健在、甚至曾數度來台巡迴的時期，那麼應該有聽過：
「在變化快速、充滿高科技的文化之中，也不要忽視人與自然之間的關係。」
有些品牌的離開，不一定會喧鬧，而是讓人回首發現，它們相信的價值早已成為生活的一部分。",2026-04-02 19:46:00,我是配方師小應，生科背景、在化妝品公司研發部實習滿 4 年，現為化妝品研發（目前正好滿 4 年），喜歡從化妝品的集團專利、理念、相關文獻、使用感來多角度的解構，希望帶給你不同視角的化妝品使用心得。,忽視,not_enough_posts,,skipped,
leonyen,謝昕諺,"本身有過焦慮、憂鬱病史
想知道晚上睡不著覺到底有什麼方法比較助眠
近期睡眠品質很差，整個心情煩躁的要死
已經試過白噪音、跟吃Gaba 效果好像微乎其微…🫠🫠🫠",2026-03-28 13:17:00,FB:Leonyen 吃貨、貓奴、電影咖、聽團初學者,煩躁,not_enough_posts,,skipped,
leonyen,謝昕諺,"藥品有百憂解、萬憂停
中間的千又是什麼名字？",2026-03-27 13:00:00,FB:Leonyen 吃貨、貓奴、電影咖、聽團初學者,煩躁,not_enough_posts,,skipped,
snowoyang,歐陽雪,"《穿越地獄之門》最大的問題是，
很難看。
音樂刺耳，情節推進薄弱，
角色動機不足，
最後的震撼更像情緒強迫。
當一部電影讓本宮全程在想
「我還要忍多久？」
這就不是藝術電影了，
是對我做耐心測試🪓
末日可以有很多種類的詮釋，
但末日加難聽音樂，只剩煩躁。
早知道就看國王的蛋糕或是驚聲尖叫7🪓",2026-03-04 05:05:00,姥姥地下電台📻,煩躁,not_enough_posts,,skipped,
justyeeat,𝗦𝗛.,"我要瘋了
推播一堆衛武營恐龍的文
都是小朋友亂摸恐龍的影片
好討厭 好煩躁
真的不是這個社會對小孩不友善
是這些父母養出的小孩不懂規矩要讓社會教....",2026-04-04 12:52:00,,煩躁,pass,,non_depression_risk_user,
justyeeat,𝗦𝗛.,"去看台偶的演唱會
有幾個感覺好不同
1. 開場VCR後沒有尖叫聲
2. 兩邊螢幕會放歌名和歌詞
3. 主畫面可能會是放MV
4. 讚歎美術 有些歌主畫面會放歌詞 但都有特別設計過
5. 下班路還來Hi Touch
目前樣本數不多
只是一點小感想XD",2026-03-28 23:59:00,,煩躁,pass,,non_depression_risk_user,
justyeeat,𝗦𝗛.,"上一秒：哇 模仿的也太像了吧
下一秒：欸不對 這是龍鬚糖小哥本人😂😂😂",2026-03-23 21:03:00,,煩躁,pass,,non_depression_risk_user,
justyeeat,𝗦𝗛.,"我都八點半後去買
只要20😋
不過八點半後就都沒看過三明治了😂",2026-03-23 20:02:00,,煩躁,pass,,non_depression_risk_user,
moorechao1208,鄉下灶桶的吃喝行腳,"2026/04/03，台中國家歌劇院，
東野圭吾《嫌疑犯X的獻身》舞台劇
感謝好友的邀約
從有記憶以來，看過的舞台劇大概只有…
紙風車劇團在各地的免費公演，所以這次算是舞台劇的初體驗。
原本很害怕沒看過原著小說跟電影會看不懂
卻意外的親民。
日劇般的浮誇情緒，穿插一點台式幽默
3個小時的長時間演出卻不枯燥🥰
讓我想買小說來看了🥹🥹
惟場地的音響讓人有點煩躁，
有些地方兩支麥克風同時輸出讓人聽不太清楚台詞。
留點遺憾，下次才能更圓滿
整體體驗上好棒，期待下一次有類似的演出。",2026-04-04 08:08:00,"NSYSU畢業
努力成為快樂乾飯人
真誠感謝好心人，
Jazz🥁 , Wine 🍷 , Sushi 🍣",煩躁,not_enough_posts,,skipped,
moorechao1208,鄉下灶桶的吃喝行腳,"2026/03/28，中壢樂魚料亭。
依舊完美，除了喝醉跑去台北。",2026-04-04 07:48:00,"NSYSU畢業
努力成為快樂乾飯人
真誠感謝好心人，
Jazz🥁 , Wine 🍷 , Sushi 🍣",煩躁,not_enough_posts,,skipped,
liyan20260818,Liyan Liu,"樓上鄰居到現在快2點了還沒睡。
一直走來走去、開關門、放東西很大聲、拖拉搬動物品、掉落東西的聲音夾雜。雖然感覺起來都是生活噪音，但是在安靜的半夜聽起來就會特別大聲！很讓人煩躁完全睡不著～～～～😭😭😭
大概每週都會有一次這種狀況。有什麼解方嗎？😟怕請管理員上去他們會變本加厲，因為之前就有聽說樓上鄰居會跟別人吵架不好惹⋯每天都在焦慮他們今晚會不會又很吵，感覺快瘋了。",2026-03-20 02:02:00,,煩躁,not_enough_posts,,skipped,
maggielin2182,Maggie Lin,"20260405
電影《抓馬戀人》完食心得
我覺得會是一部評價很兩極的電影。
需要事後在腦袋裡run過一遍，或是跟別人討論過，才會比較懂電影到底要表達什麼，是一部很吃個人經驗跟電波的電影。太年輕或人生幸福順遂到爆的觀眾，應該看不懂。
溫馨提醒，如果因為劇名期待抓馬而買票的觀眾，應該會失望，整體沒有到很抓馬，不是那種八點檔等級的，已經買票的話，請降低期待值。
但我很推薦「準備要結婚」的情侶看，然後看完要至少討論30分鐘以上，可以當作是婚前三觀健檢。
不暴雷的話，我要稱讚電影的敘述方式，採用插敘法，但是配合電影的轉折點，本來插敘是現實的回憶片段，後面會插敘想像片段，導致觀影過程會一度被帶偏，懷疑自己看到的是真實還是想像，這是我覺得電影很高明的地方。
大讚羅伯派汀森的演技，明明頂著一張帥臉，但還是把男主的廢孬感跟鑽牛角尖到偏執的煩躁，演得像是本人一樣，會導致那張臉的帥度自動下降70%
贊達亞則是把女主強烈的不安感表達的很好，但派汀森太強了，而且劇情裡男主的情緒比較複雜，可以發揮的空間更大，導致女方的表演微平面，但這是我個人淺見，歡迎各位進戲院自行品味",2026-04-06 02:46:00,常年潛水於各大社群平台，已經一個人看書、劇跟電影還有玩電玩大約10年了，苦於沒人可以交流心得，又懶得找同好，所以決定浮出水面抒發心得～（應該會以電影為主）,煩躁,non_life,,skipped,
maggielin2182,Maggie Lin,"20260401
日劇《REBOOT》完食心得
本劇大推!!!!
劇情一翻再翻不間斷地翻，翻到會懷疑人生、懷疑自己、懷疑編劇的腦袋還好嗎？
「REBOOT」的設定很優秀，而且貫穿全劇，劇情非常緊湊，集集有危機、集集有反轉，採一個全員惡人的設定。因為反派陣營到處都有放間諜，基本上除了主角可以信任之外，其他角色都不可信用，最嚴重的時候我連小配角都會懷疑。
非常不建議放空看，因為會跟不上，也不建議猜劇情，因為腦袋會炸掉。不過有些劇情設定我覺得收尾的有點草率，感覺是為了圓設定最後才補的，但暇不掩瑜，如果日本本土收視率好的話，電影版或第二季機會很大
另外一定要誇讚主角鈴木亮平演技真的很好，一人分飾兩角，完全表現出不同角色的氣質跟風格。我目前基本上有鈴木亮平的劇都會看，劇本不會差到哪裡去，品質保證👍
LINE TV跟friday影音都可以收看喔",2026-04-01 12:27:00,常年潛水於各大社群平台，已經一個人看書、劇跟電影還有玩電玩大約10年了，苦於沒人可以交流心得，又懶得找同好，所以決定浮出水面抒發心得～（應該會以電影為主）,煩躁,non_life,,skipped,
maggielin2182,Maggie Lin,"20260329
電影《貍想世界》完食心得
比我想像中好看
整體故事比《路卡的夏天》、《青春養成記》來的有趣，比較吸引人，但是蜥蜴的出場時數超少（迪士尼為了宣傳，真的榨乾蜥蜴的每一滴價值）如果是要來看蜥蜴的話會失望。
喬治國王很可愛😍 
阿廢也很可愛😍
黛安也很可愛😍
召集議會時各個國王出場的排場很浮誇，鳥類站在電線桿那邊有可怕
不過女主角梅寶整部電影看下來無敵燥，又固執激進，完全不進行有效率的討論，自己想怎樣就怎樣，一定要把事情搞得亂七八糟、無法收拾，才願意面對自己的所做所為，要不是市長後面願意放下成見，梅寶高機率到最後什麼都做不成。
撇掉女主不討喜，其他角色都還不錯，劇情整體完整，結局也很美好，如果可以我好想也想抱抱喬治國王",2026-03-29 18:19:00,常年潛水於各大社群平台，已經一個人看書、劇跟電影還有玩電玩大約10年了，苦於沒人可以交流心得，又懶得找同好，所以決定浮出水面抒發心得～（應該會以電影為主）,煩躁,non_life,,skipped,
nachan0048,Rofea48,"一直都有玩動森
但我的機台是switch lite
然後看到前陣子動森出二代版本
研究半天找不到哪裡可以下載升級
今天鼓起勇氣到任天堂專賣店問了很有耐心的女店員
幫我解答後
隨即更煩惱
我到底要不要買Switch 2
好煩躁...！！！",2026-04-04 21:50:00,"寫在前面
藍白粉、小草、蔥粉不要追蹤我
不然我還要花時間刪很累！
台日友好🇹🇼🇯🇵
如果改日文名應該會是 林 佳苗（はなし　かなえ）
貓派🐈
巨蟹座🦀
還是繼續許願當廢文帳…😹",煩躁,not_enough_posts,,skipped,
nachan0048,Rofea48,"被邁邁按愛心了
好快樂
可惜我不是高雄人
暫時也無法搬到高雄
邁邁能來台北嗎？😹",2026-04-04 13:10:00,"寫在前面
藍白粉、小草、蔥粉不要追蹤我
不然我還要花時間刪很累！
台日友好🇹🇼🇯🇵
如果改日文名應該會是 林 佳苗（はなし　かなえ）
貓派🐈
巨蟹座🦀
還是繼續許願當廢文帳…😹",煩躁,not_enough_posts,,skipped,
husbandgotodie,husbandgotodie,"看到老公就煩躁-2
每到過年跟清明節就是我最煩躁痛苦的時候
掃墓的時間總是依公婆決定，時間也都很晚才告知，也不管我們是不是有自己的行程，這樣就算了
這次掃墓完已經中午快一點了，大家要一起去一家常去的老餐廳吃飯，我們都開到門口了，餐廳也有位置，親戚一家才在說吃膩了想改別的餐廳，又要在開30分鐘才到餐廳
到底為什麼不能提早說！！！！！
自私的一家人
凸",2026-04-07 15:21:00,,煩躁,pass,,non_depression_risk_user,
husbandgotodie,husbandgotodie,"看到老公就煩躁-1
他東西嘴巴都不閉起來咬
那個咀嚼聲渣渣渣的！！超煩！！
上次好不容易老公吃完飯想說終於安靜一點了
接著婆婆跟小叔坐下來吃發出來渣渣合唱
我真的要發瘋！！！！
以前交往都不覺得有問題
現在覺得一家人都吵死了
嘴巴閉起來吃飯到底有什麼困難的！！",2026-03-30 20:18:00,,煩躁,pass,,non_depression_risk_user,
husbandgotodie,husbandgotodie,"今天騙他我要上班
自己跑來吃鼎泰豐
嗚嗚好好吃，我好快樂～～～～～",2026-03-27 11:53:00,,煩躁,pass,,non_depression_risk_user,
husbandgotodie,husbandgotodie,"跟老公因為生活的摩擦，現在看到他只想叫他去死（因為孩子而且需要他的錢，所以沒有要離婚
因為有些動態想發又不想被他看到
所以用了這個小天地✌🏼",2026-03-27 11:52:00,,煩躁,pass,,non_depression_risk_user,
yuru23855,俞如,"我每個星期一到星期四晚上7:30都會去練桌球 ,
幾乎只是一直練習 練習 正手拉球
我忍不住抱怨，練球好枯燥，我不想再練正手了，想當然，就是被師父狂唸。
我的資質很差嗎？那個比我晚到球場的球友都快要超越我了，我很焦慮煩躁，我希望能有突破性進展。
我不想輸給他們，這是我練球的動力來源。",2026-03-27 10:18:00,,煩躁,pass,,non_depression_risk_user,
yuru23855,俞如,"試著行銷我們的活動中心
功能性蠻強的。
除了打桌球外，還有其他消遣",2026-03-23 10:35:00,,煩躁,pass,,non_depression_risk_user,
yuru23855,俞如,"我想感受到乒乓球對自由的嚮往，
所以我把球打出臺。
我想拷問乒乓球的靈魂，所以我常常讓球掛網
（∩▽∩）",2026-03-18 16:16:00,,煩躁,pass,,non_depression_risk_user,
bbb_010266,BiYao,"我毫無條件信任你
但如果你選擇了欺騙我
你就必須承擔接下來的我
敏感焦慮
沒安全感
愛胡思亂想
情緒起伏大
重要的是你說的每一句話，
我都會抱著懷疑去思考。
敏感焦慮
沒安全感
愛胡思亂想
情緒起伏大
重要的是你說的每一句話，
我都會抱著懷疑去思考。",2026-03-18 23:35:00,幸福,難以信任,not_enough_posts,,skipped,
colbiechang,Colbie Chang,"#網貸 #谷底
我碰了網貸，負債200萬多⋯
很好笑的是，一開始的用途很單純，想說借兩筆度過一段時間就好，但卻沒想到是個萬劫不復的深淵⋯⋯
一個洞補一個，越來越多，被追著跑⋯
想盡各種辦法，洞怎樣都補不上。
後來家人知道，生氣憤怒、不理解、傷心難過，願意出手幫忙⋯但因為金額過於龐大，我不敢一次講清楚，反而變得更糟⋯
親情也快耗盡了，家也要散了⋯
我真的想脫離，一直找辦法⋯但外面的不是騙人小額，就是無法承作⋯
心真的很累⋯",2026-02-19 18:02:00,,憤怒,not_enough_posts,,skipped,
yeesiu,🦄,"很多男生有一種僥倖心理：「雖然她現在不開心，但她還在，所以問題不大。」
他們習慣了用「解決眼前的爭吵」來逃避「長遠的裂痕」。
直到女生真的提著行李走的那一刻，他們才會像被雷劈到一樣驚醒，說出那句最經典的廢話：「為什麼妳不早點認真跟我說？」（但事實是妳已經說了一萬遍，只是他一直覺得那不嚴重）。",2026-03-18 15:22:00,I run the red lights just to see how it feels,爭吵,not_enough_posts,,skipped,
heymissbre,Miss Bre,"有些人可以不停的換對象、無縫接軌。真相是：他/她不是找到更好的人，他只是在找「戀愛感」。
很多人常在分手或後快速進入下一段戀情，其實不是下一個人更好，而只是比較簡單。They did not find someone better, they just found someone easier.
對逃避責任的人(尤其逃避型跟自戀型傾向的人） 來說：他們會以為在尋找真愛，但其實只是在找尋新鮮感。因為新的人，不會跟他討論過去的爭吵，不會要求他承擔情感責任，更不會讓他面對自己的問題。
但新鮮感不等於更好，新鮮感只是比較”容易” ，因為真正的愛，需要努力、需要承諾、需要每一天的經營。而他選擇逃避這一切，去追逐短暫的刺激。
所以他們會不斷複製同一個模式：逃避 → 分手→ 新鮮感 → 厭倦 → 再逃避→ 分手。然後抱怨一直遇不到對的人。
他們以為他在找尋真愛，其實只是找一個不會看穿他的人。但真正的愛，不會只是舒服，而是一起成長；一個可以輕易放棄你的人，也會輕易放棄別人。",2025-08-04 19:14:00,"Certified Relationship Coach | MBA
Relationship | Attachment Styles 
美國註冊情感教練：依附人格｜ 伴侶關係 ｜分手成長
1 on 1 輔導：Soulbloomspace.com",爭吵,not_enough_posts,,skipped,
karta2025719,KATA,"結局的餘韻仍在心中餘波蕩漾。
最後那段對話：「我們能不能再重新認識一次？」得到的回應卻是：「我不認為自己還想多了解你了。」那種真實感非常強烈。有些關係的結束，並不需要激烈的爭吵，只需要一份再也接不住的「真心話」就足夠了。
我很喜歡整體的視覺設計與服裝巧思，特別是劇中對於情感「灰色地帶」的細膩處理。雖然理性上還是無法接受文菜在情感裡的任性，但回頭想想，自己也曾有過那樣自私與任性的時刻。",2026-04-04 10:12:00,「生活紀錄美好、美好記錄生活」,爭吵,not_enough_posts,,skipped,
world.hiphop.rdo,world.hiphop.rdo,"嘻哈酒吧 SUNSET CUBE 日落俱樂部坐落於桃園中壢，最近疑似糾紛不斷，
甚至在世紀帝國樓下發生咆哮爭吵 
究竟是為什麼而引起爭端，留言告訴我",2026-03-31 19:48:00,"WORLD HIPHOP RDO®
TW HIPHOP中文饒舌情報站
—————————————————
專注分享中文饒舌
歡迎大家投稿推薦
—————————————————
📹服務項目：推歌 宣傳 廣告 
合作直接私訊IG 請先標註來意
EMAIL:worldhiphoprdo@gmail
⬇️",爭吵,business,,skipped,
world.hiphop.rdo,world.hiphop.rdo,"饒舌歌手Gambler 因涉嫌販賣2級毒品 持有等罪嫌
去年被移送地檢署偵辦並收押禁見
今年2月法院提出判決 
判刑有期徒刑7年6個月",2026-03-20 11:50:00,"WORLD HIPHOP RDO®
TW HIPHOP中文饒舌情報站
—————————————————
專注分享中文饒舌
歡迎大家投稿推薦
—————————————————
📹服務項目：推歌 宣傳 廣告 
合作直接私訊IG 請先標註來意
EMAIL:worldhiphoprdo@gmail
⬇️",爭吵,business,,skipped,
world.hiphop.rdo,world.hiphop.rdo,"以一首 「去北極忘記你」炸出圈
你最喜歡他的哪首歌曲呢
Gareth. T（本名湯令山，Gareth Tong Ling Shan）是香港當代具代表性的 R&B 創作歌手與唱片製作人。他於 1999 年 12 月 30 日出生，畢業於波士頓伯克利音樂學院（Berklee College of Music）",2026-03-19 14:16:00,"WORLD HIPHOP RDO®
TW HIPHOP中文饒舌情報站
—————————————————
專注分享中文饒舌
歡迎大家投稿推薦
—————————————————
📹服務項目：推歌 宣傳 廣告 
合作直接私訊IG 請先標註來意
EMAIL:worldhiphoprdo@gmail
⬇️",爭吵,business,,skipped,
world.hiphop.rdo,world.hiphop.rdo,禁藥王 Asiaboy 於 2026 年 3 月 17 日發行首張個人專輯《猛虎下山》，共收錄 14 首歌曲。此專輯為他與栗子單飛後的首發作品，反映街頭法則、反思欲望，並包含與 Soft Lipa 合作的〈絕地重生〉等曲目。專輯發行派對將於 4 月 3 日在 Legacy Taipei 舉行,2026-03-18 16:35:00,"WORLD HIPHOP RDO®
TW HIPHOP中文饒舌情報站
—————————————————
專注分享中文饒舌
歡迎大家投稿推薦
—————————————————
📹服務項目：推歌 宣傳 廣告 
合作直接私訊IG 請先標註來意
EMAIL:worldhiphoprdo@gmail
⬇️",爭吵,business,,skipped,
anuiugyu,BeomZzz,我就放一只鼠在这里然后什么都不说,2026-03-20 09:51:00,"我妈是崔杋圭和崔英宰 我爸是谁看心情吧
直关就是喜欢你",孤立,not_enough_posts,,skipped,
leung_ichigo_ichie,Leung Ichigo Ichie,"［挑戰動畫短片 Day 2。理想混蛋 Rainy Day] 🌧☔️🌧
［創作背後］
每天打開［理想混蛋］的黑色雨傘，拎著傘在香港的街道上穿梭游走
撐著傘抬起頭，每次看到傘裡面印著［理想混蛋］的四個字，黑傘背後是橙黃的陽光粉藍的天空，
併合著密密麻麻香港的高樓大廈，那個畫面，一直都覺得很奇妙！！
［漂雨。打不打傘呢？］
早前天氣轉，突然下起綿綿的雨粉，我這個小混蛋猶豫了一下.....竟然唔捨得打開傘😂😂😂，有沒有粉絲都會好似我一樣
因為唔想弄濕自己喜愛的週邊的雨傘.....才會有的奇葩想法吧！🫠（還有八號風球 黑雨黃雨都唔會打開週邊雨傘 🤣🤣🤣）
動畫創作容許腦裡面的［幻想］具像化地走出來，讓原本只是想畫［理想混蛋］的電傘，現在加入了雨中亂飛的紙飛機和香港的路牌 🤣
你們喜歡這個創作嗎？
你們會喜歡畫畫還是動畫的創作呢？
歡迎來看🥰
按讚及留言分享😍
#理想混蛋",2026-04-03 19:44:00,"跳出框架的人生
獨立是釋放靈魂自由的鑰匙
藉電影、音樂、文字
沉溺 思考人生 
INFPおばあさん
發瘋 Live Concert 
理想混蛋。盧廣仲。林家謙
洪佩瑜。米津玄師",混蛋,not_enough_posts,,skipped,
chun_take_a_photo,chun_take_a_photo,"這次發上過字幕的夏夜煙火
也是我去理想混蛋演唱會然後深深變成小混蛋的契機！！！
附上一張我自己拍的夏夜煙火",2026-04-06 15:27:00,"雖然不是資深的小混蛋
但到未來一直都會是！！！",混蛋,pass,,non_depression_risk_user,
chun_take_a_photo,chun_take_a_photo,"《2026.3.21 香港-今天星期六》
可沛在摸哪裡！！！",2026-04-04 17:18:00,"雖然不是資深的小混蛋
但到未來一直都會是！！！",混蛋,pass,,non_depression_risk_user,
chun_take_a_photo,chun_take_a_photo,"清明連假複習一下廣東話猜歌詞🤣
阿哲是有去海底撈上班過嗎
怎麼做到秒變臉的🤣🤣🤣",2026-04-03 17:29:00,"雖然不是資深的小混蛋
但到未來一直都會是！！！",混蛋,pass,,non_depression_risk_user,
chun_take_a_photo,chun_take_a_photo,今天終於記得翻面年曆了！,2026-04-02 22:48:00,"雖然不是資深的小混蛋
但到未來一直都會是！！！",混蛋,pass,,non_depression_risk_user,
sscbaz,sscbaz,"客人尾牙請了理想混蛋
離場時剛好跟他們搭同一部電梯
因為本人身高很矮
剛好團員背著樂器的高度恰恰好跟我的頭差不多高😂😂
主唱雞丁全程手護著樂器 防止敲到矮子的頭🤣🤣🤣
好貼心啊啊啊啊啊🥰
直接被圈粉 超級親民~~~🥰",2026-02-06 22:46:00,社畜生活的廢文天地,混蛋,not_enough_posts,,skipped,
wang.evan,Evan Wang,"理想混蛋-不是因為天氣晴朗才見面@香港
雖然整體工作時間對大家來說都偏tight
但從導演組到技術組到演出的大家
其實也都偏tight的厲害
所以還是很順🫣🫣🫣
這次第一次和可沛嘗試共用同一套鼓組
沒想到配置非常順暢沒什麼卡手的部分
也把小鼓調到一個自己覺得蠻平衡的音色
Show前drum tech秀中session
台上打鼓台下技師，表情控制要再加強
其實真的蠻好玩的😆😆😆
謝謝理想混蛋的大家～謝謝可沛🫶🫶🫶
期待下一趟再去更多地方一起玩耍
#理想混蛋 #理想混蛋bestards #不是因為天氣晴朗才見面 
zildjian_taiwan remo_taiwan
@backbone329
@backbone329",2026-04-05 22:30:00,Drummer&musician &traveler,混蛋,not_enough_posts,,skipped,
leung_ichigo_ichie,Leung Ichigo Ichie,"［挑戰動畫短片 Day 3。理想混蛋］
趁著難得的長假期，不斷嘗試自學動畫，今次揀了大混蛋有點Oversize 的潮服作為試點
想了很久還是沒有畫上五官，你們覺得這個留白好看嗎？有型格嗎？
還是覺得要畫上臉孔呢？🤔
想聽下大家的意見🤗
謝謝來看的！謝按讚及留言分享的🥰🫶
#理想混蛋",2026-04-04 21:12:00,"跳出框架的人生
獨立是釋放靈魂自由的鑰匙
藉電影、音樂、文字
沉溺 思考人生 
INFPおばあさん
發瘋 Live Concert 
理想混蛋。盧廣仲。林家謙
洪佩瑜。米津玄師",混蛋,not_enough_posts,,skipped,
9612.1155,嘉琪 가기 ɴɪᴄᴏ,"可愛到不行😆😆😆
🎵 理想混蛋 - 不是因為天氣晴朗才愛你",2026-03-29 19:41:00,🎵🎵🎵,混蛋,not_enough_posts,,skipped,
nuoaszr,nuoaszr,遇到很多很善良又溫暖的小混蛋也是我為什麼那麼喜歡理想混蛋的其中一個原因🥰,2026-03-27 21:47:00,"在小帳脆分享理想混蛋🫠🫠
不然我不敢發在大帳 也沒人聽我分享",混蛋,not_enough_posts,,skipped,
nuoaszr,nuoaszr,？！沒想到我跟紫色毛巾有這個緣份 期待收到🥰,2026-03-26 17:30:00,"在小帳脆分享理想混蛋🫠🫠
不然我不敢發在大帳 也沒人聽我分享",混蛋,not_enough_posts,,skipped,
sdevil002,郭博文,"連續兩天在香港的演出
第一天演出開始前其實狀況很多
或許大混蛋們早已身經百戰
或許是放長假後的首演還有滿滿的鬆弛感
完全感覺不到緊張與不安
謝謝大混蛋們每年都帶我回香港走走
謝謝樂手老師音響組老師及導演組的幫忙
謝謝允安，May，金剛
#理想混蛋 
#不是因為天氣晴朗才見面 
#吃到很多懷念的好滋味",2026-04-01 21:30:00,"Work hard•Play hard•Eat hard
nothing_but_r2d2 R2收藏帳號追起來～",混蛋,not_enough_posts,,skipped,
sdevil002,郭博文,"從農曆初三開始密集的收到檔案
緊接著精實的練團然後到北京再繼續練
不斷地調整修改新增檔案
這麼大的場地準備時間這麼短真的很挑戰
謝謝建騏老師帶我解鎖鳥巢
謝謝band leader 阿達，所有的樂手老師跟音響組的老師
雖然我演出時都在後面的小帳篷裡沒有8萬人場地的實感
但這次的演出仍然會是個難忘的經驗",2026-04-01 20:59:00,"Work hard•Play hard•Eat hard
nothing_but_r2d2 R2收藏帳號追起來～",混蛋,not_enough_posts,,skipped,
lo.ol._.0125,lingorm,"我發現好多les都喜歡160以上，
Damn我才150(四捨五入😵‍💫)......😣🫠
Damn我才150(四捨五入😵‍💫)......😣🫠
真的沒人會鍾意矮過160嗎.....😭🥲🥲",2026-03-13 16:53:00,"🖤🩷🐿 😈🐈‍⬛
les 🇭🇰🏳️‍🌈",Damn,not_enough_posts,,skipped,
lo.ol._.0125,lingorm,"懂的就懂😭😭😭
第一日：🩸🩸🩸🩸
第二日：🩸🩸🩸🩸🩸
第三日：🩸🩸🩸🩸
第四日：🩸🩸🩸
第五日：🩸🩸
第六日：🈚️
第七日：🩸🩸🩸🩸🩸
月經小姐你在玩我嗎😵‍💫😵
第一日：🩸🩸🩸🩸
第二日：🩸🩸🩸🩸🩸
第三日：🩸🩸🩸🩸
第四日：🩸🩸🩸
第五日：🩸🩸
第六日：🈚️
第七日：🩸🩸🩸🩸🩸
月經小姐你在玩我嗎😵‍💫😵",2026-03-08 19:33:00,"🖤🩷🐿 😈🐈‍⬛
les 🇭🇰🏳️‍🌈",Damn,not_enough_posts,,skipped,
hsinnnnnnnnnnnyuuuuu,寶貝♡,今年的三月爛透了,2026-04-06 01:13:00,,爛透了,not_enough_posts,,skipped,
abc308882828,abc308882828,之前只要我買東西都會把乾淨的塑膠袋收拾起來，以防以後有不時之需可以有塑膠袋使用，結果那時候被同事嫌棄我是拾荒老人，結果今天她們跟我說我撿的那袋垃圾袋現在很值錢😂,2026-03-31 16:08:00,,垃圾,pass,,non_depression_risk_user,
abc308882828,abc308882828,"《超級瑪利歐銀河電影版》
粉色星星換黃色星星爆米花桶
地點：台南or高雄",2026-03-29 00:57:00,,垃圾,pass,,non_depression_risk_user,
abc308882828,abc308882828,"去大遠百幫家人買被告知沒有黃色星星了🌟
但家人想要黃色的,不知道有沒有能願意換
家人可面交地點：台南、高雄",2026-03-28 23:16:00,,垃圾,pass,,non_depression_risk_user,
irene.hu.516,Irene💕,"該翻車得翻車
有夠噁心、垃圾
滿口假仁義道德",2026-04-07 11:37:00,"討論股市或是美食💖旅行✈️
最近想找新手羽球友善和聽書會✨",垃圾,pass,,non_depression_risk_user,
irene.hu.516,Irene💕,"溫和、有禮、浪漫、大方、穩定、專情的愛我
不賭博、檳榔、K菸、大麻、約砲、夜店、酒店
不菸癮、賭癮、言語暴力、情緒勒索、過度抱怨
遇到事情有能力解決問題
願意瞭解自身、瞭解彼此
簡單的交友圈、透明的行程
健康的身體、好的理財大腦
乾淨的外表、開車出門遊玩
能夠一起培養彼此興趣
有能力一起出國到處走走
好溝通、能溝通（如果能夠深度對話超加分）
沒有父母親出來插手介入感情
不要遠距離（或是一個禮拜見兩次）
如果你/我工作很忙，我們一起努力
不會矯情抱怨不陪伴或是互找麻煩
以上，我全部都做的到
也希望遇到這樣的對象
（彼此是戀人，是朋友更是夥伴）
沒有一定要徵友，純粹紀錄
告訴自己、告訴宇宙
未來的另一半絕對會符合以上這些特質",2026-03-30 08:11:00,"討論股市或是美食💖旅行✈️
最近想找新手羽球友善和聽書會✨",垃圾,pass,,non_depression_risk_user,
irene.hu.516,Irene💕,"今天帶小朋友去新光A11吃飯
順道去寶可夢中心，排隊超久
買了可愛的30週年皮卡丘
跟一組加值組合忍者飛旋
沒想到！！！！居然被我開出了✨✨✨✨",2026-03-29 20:41:00,"討論股市或是美食💖旅行✈️
最近想找新手羽球友善和聽書會✨",垃圾,pass,,non_depression_risk_user,
ying.7032,Ying Ying,性侵兒童的垃圾！看起來像哪個部落的,2026-04-07 15:54:00,可以戰敗，不許投降,垃圾,not_enough_posts,,skipped,
ying.7032,Ying Ying,在這極深綠的台南，我家是少數嚴重深藍的家庭，每次放假回老家，電視好像只剩下中視能看，只要電視播政治，天啊～那不知道從哪來的天馬行空的政治評論就開始，曾經有好幾次我直接推翻他們的政治理念，他們就認定我被民進黨洗腦，這次回家我看到電視就唸：電視只剩下中視能看嗎？其他台都壞掉了嗎！我就直接換台，到了吃飯時……家人又說鄭麗文去中國幫我們台灣談判，幹！談屁啊！我：她什麼事都做不了！去中國也是她的器官可以用。然後～我們就認真的吃完飯,2026-04-04 09:44:00,可以戰敗，不許投降,垃圾,not_enough_posts,,skipped,
caper.chen,Meg Chen,"最近新北的垃圾袋是大缺貨嗎？
居然都買不到14公升的垃圾袋
大傻眼😱",2026-04-07 16:06:00,努力在銀行奮鬥的小員工🥰,垃圾,pass,,low_depression_risk_user,
caper.chen,Meg Chen,逛街時看到好大一顆小籠包啊🤣,2026-04-06 14:54:00,努力在銀行奮鬥的小員工🥰,垃圾,pass,,low_depression_risk_user,
caper.chen,Meg Chen,"終於又有勇氣走在曾經一起去過的地方
用新的記憶去取代原有的回憶
真正的放下不是刻意的遺忘
而是就算想起過往的回憶
也不會再為此隱隱作痛",2026-04-05 17:50:00,努力在銀行奮鬥的小員工🥰,垃圾,pass,,low_depression_risk_user,
caper.chen,Meg Chen,"一個人吃飯
一個人看電影
一個人去醫院看醫生
很多事情都是獨自面對生活
恢復單身後
一個人哭了很久很久
但是也慢慢復原了
原來這就是屬於女人的堅強啊",2026-04-04 16:08:00,努力在銀行奮鬥的小員工🥰,垃圾,pass,,low_depression_risk_user,
siangsiangsyu,Siang Jyun Syu,"新北市專用垃圾袋
5公升、14公升都買不到欸
太扯了吧 = = 所以是要怎麼倒垃圾？？？",2026-04-03 20:31:00,"我是來自台灣🇹🇼的一寶媽👶
育養2隻狐獴@dodocute0928不定時分享美食/ 餐廳 / 寵物/ 育兒 / 生活日常
合作邀約 👉 IG私訊小盒子",垃圾,not_enough_posts,,skipped,
siangsiangsyu,Siang Jyun Syu,"一樣是0-6歲兒童醫療補助
設籍台北市10個月以上就可以辦理
設籍新北市卻只補助中低收、特殊個案和0-12歲罕病兒童
什麼福利都比台北市爛還差一截🙄",2026-03-22 10:25:00,"我是來自台灣🇹🇼的一寶媽👶
育養2隻狐獴@dodocute0928不定時分享美食/ 餐廳 / 寵物/ 育兒 / 生活日常
合作邀約 👉 IG私訊小盒子",垃圾,not_enough_posts,,skipped,
sharon.catcat,陳宣任,"來名古屋玩，飯店備品長這樣
垃圾國旅，笑死
低能兒",2026-04-02 17:21:00,"陳任任
🌞藥廠分析研究員 
🌞Skoda Kamiq 
🌞想要躺平過人生(●°u°●)​ 」",垃圾,pass,,non_depression_risk_user,
sharon.catcat,陳宣任,我是大人，我課金👌,2026-03-29 11:55:00,"陳任任
🌞藥廠分析研究員 
🌞Skoda Kamiq 
🌞想要躺平過人生(●°u°●)​ 」",垃圾,pass,,non_depression_risk_user,
sharon.catcat,陳宣任,第一輪集滿，也是人品爆炸🫨,2026-03-27 08:48:00,"陳任任
🌞藥廠分析研究員 
🌞Skoda Kamiq 
🌞想要躺平過人生(●°u°●)​ 」",垃圾,pass,,non_depression_risk_user,
sharon.catcat,陳宣任,是RUN AWAY😭😭😭😭,2026-03-20 22:07:00,"陳任任
🌞藥廠分析研究員 
🌞Skoda Kamiq 
🌞想要躺平過人生(●°u°●)​ 」",垃圾,pass,,non_depression_risk_user,
pinky_yan_,pinky_yan_,"最近去澳門多人到～
塞路，勁迫￼🤯🤯～
冇咩事我都係去搵個垃圾站🫣￼匿埋
不過無可否認澳門嘅垃圾站真係好靚￼🥹
完全唔覺得似係垃圾站～",2026-04-07 00:37:00,"天黑之後會日出
日出之後會天黑",垃圾,pass,,non_depression_risk_user,
pinky_yan_,pinky_yan_,"😳😳😳😳
見唔俾我喺Sanrio 見到？￼
我嘅童年回憶返晒嚟～",2026-04-02 20:41:00,"天黑之後會日出
日出之後會天黑",垃圾,pass,,non_depression_risk_user,
pinky_yan_,pinky_yan_,"最近有人對我作出唔實嘅指控同誤解，甚至將我嘅言行斷章取義，以上係我經歷完之後嘅感受
我一直認為，支持一位偶像，應該建基於尊重同和平，而唔係佔有或攻擊唔同意見嘅人
呢段說話唔係針對任何偶像，只係想講，追星嘅方式有好多種，我揀尊重。追星本來應該係開心嘅事，希望大家都可以回歸初心，彼此尊重，減少互相傷害",2026-04-01 22:37:00,"天黑之後會日出
日出之後會天黑",垃圾,pass,,non_depression_risk_user,
lovelove_paris,Hannah Cheng,"有冇靚女用過呢隻wakemake胭脂
係咪真係靚？
我唔想再買垃圾返屋企擺🥲🥲",2026-04-02 21:31:00,,垃圾,not_enough_posts,,skipped,
eusigner,金 Eugene,"這是連續三小時的暴雨慘況⋯ 
也是當天新竹縣降雨量排名第一的「五指山（外坪）」
地下生活污水與大量雨水
從地板、馬桶、浴缸不停湧出 
最後我家門前地下排水撐不住爆開 
更多的水從地底往上衝 
屋內瞬間變成一條河！
導致我家地基被掏空 
房屋地面已傾斜 2～3 度！
令人生氣的是
我們村長長期不住在村裡 
而是住在竹東鎮
暴雨發生當下根本不在村裡
甚至連五指山的國家級警報都沒收到
我們第一時間就傳訊通知他 
但直到雨停、水退了才來到現場 
勘災不到 10 分鐘就離開，至今仍毫無回應
更無力的是 
這不是第一次發生
兩年前就反映過完全相同的問題 
從村長、鄉公所到縣政府都沒有實質處理
難道要讓我們每天住得如此膽戰心驚嗎？
這幾天大雨一來都會怕了⋯
相比苗栗等其他地區 
災情一發生就能看到緊急處理與新聞關注
但五指山像二等公民一樣
（btw甚至連垃圾車、自來水都沒有）
災後已經第四天了
到底還要等多久縣府才願意出手幫忙？
五指山假日遊客不少 
除了著名的五指山  還有森窯
難道不能給居民與遊客一個安全的環境嗎？",2026-04-07 20:22:00,Pokemon GO 訓練家のmurmur,垃圾,not_enough_posts,,skipped,
notetoself_journal_,notetoself_journal_,"我真的很喜歡事事有回應的人。
「我洗好澡了。」 
「我吃完飯了。」 
「我到家了。」 
「剛剛沒看手機，抱歉。」 
「今天發生了一件超好笑的事，你想聽嗎？」 
「你在幹嘛？」 
「我好想你啊。」
這些話看起來平凡， 
卻讓人覺得被在意、被放在心上。
因為那不是隨口的回覆， 
而是一種「我有在聽你說」的溫度。
真正讓人上癮的， 
不是對話的內容， 
而是那種有始有終、 
不被敷衍、能被回應的感覺。
分享欲不是天生的， 
是被一個又一個認真回覆養出來的。
我說一堆廢話， 
不是想講故事， 
只是想被你聽見。
讓我開心的， 
不是那些話， 
而是你。
#notetoself_journal_ 
#分享欲 
#情感共鳴 
#有回應的關係 
#溫柔提醒 
#清醒愛情 
#心靈共鳴 
#懂得回應的人 
#自我成長 
#成熟思考",2025-11-08 11:02:00,"記錄人生成功失敗覺悟
追蹤我Thread IG 
一齊走過好與不好的日子",廢話,not_enough_posts,,skipped,
impatty.__,Patty,先生到底什麼時候才不會問廢話==,2026-03-24 17:20:00,,廢話,pass,,non_depression_risk_user,
impatty.__,Patty,"昨天無意間錄到的
聽到他說最後一句的時候
有點感動
這個影片我會一直存著
希望你永遠會記得愛自己
也希望我們不管到幾歲都能夠記得🥹",2026-03-16 12:59:00,,廢話,pass,,non_depression_risk_user,
impatty.__,Patty,"認真發文
閱讀器推薦的牌子
原本想買Kobo
但一直沒有白色等好久
後來看人家說白色看久眼睛會不舒服
所以再想要改買黑色
但又遇到一個問題是翻頁閃屏問題
朋友說文石不會有
有人可以認真解惑嗎🥲😭",2026-03-16 00:01:00,,廢話,pass,,non_depression_risk_user,
wzb_1221,Wata_17,"気持ちは変わりません。 
10人のことをこれからも応援し続けていきます。
以上。",2026-03-25 11:27:00,"(INTJ)發洩情緒的帳號
也是咖啡男友的討論區（箱推し、主Bomi🌸）",廢話,not_enough_posts,,skipped,
qbjrfff,林雅婷（飆股日誌）,"今天，是教女兒學股票的第 1天（內容簡單到連小學生都能聽懂）。
早上醒來太驚訝了，很感謝這麼多人喜歡 🙏
廢話不多說，趁現在把「新手教學」再重新整理一次——
只要照著這個邏輯看下去，不知不覺中，你也能看懂盤勢。",2026-04-06 07:08:00,"我喜歡炒股，也嫁給了一個在台積電上班的老公。
我看 K 線，一個看趨勢，
他看機台。一個顧良率。",廢話,not_enough_posts,,skipped,
anchi0912,Cheng An chi （Ann),"誠徵一位自由接案的剪輯師～
有酬（廢話）
拜託來私訊我 感恩的心哦",2026-04-07 01:49:00,"一個牙科人
諮詢師。
分享心情、解惑牙科問題🙋‍♀️
僅代表個人立場 無關任何診所！！",廢話,business,,skipped,
anchi0912,Cheng An chi （Ann),"請問有沒有任推薦大直徑的隱形眼鏡呢
之前戴GEO
想換換口味
如果有大直徑+散光的那就太太太太好了🥹
網路自售的先不要 謝謝🙏",2026-03-31 23:36:00,"一個牙科人
諮詢師。
分享心情、解惑牙科問題🙋‍♀️
僅代表個人立場 無關任何診所！！",廢話,business,,skipped,
anchi0912,Cheng An chi （Ann),乖乖上班 有飯吃、有禮物💝,2026-03-29 00:24:00,"一個牙科人
諮詢師。
分享心情、解惑牙科問題🙋‍♀️
僅代表個人立場 無關任何診所！！",廢話,business,,skipped,
yczzl.24,⠀,"朋友看片被妹妹看到
妹：哥哥那些人怎麼沒穿衣服
他：
網路不好還沒跑出來
網路不好還沒跑出來
幹我快笑死",2025-10-29 19:06:00,男朋友是什麼超可愛生物,幹,not_enough_posts,,skipped,
_9lnyixu,_9lnyixu,"女生喜歡一個人：
話少 不主動 不敢對視
話少 不主動 不敢對視
-
-
-
女生不喜歡一個人：
幹話多 什麼都能講 智障
幹話多 什麼都能講 智障",2025-10-26 00:01:00,,幹,not_enough_posts,,skipped,
liyicheng9610,超好笑,"幹你知道我們男生其實還喜歡
愛說幹話的女生
愛說幹話的女生",2025-10-14 08:56:00,,幹,pass,,non_depression_risk_user,
liyicheng9610,超好笑,"身邊一定有哪種
正到靠北然後整天容貌焦慮的人
正到靠北然後整天容貌焦慮的人",2025-10-13 13:12:00,,幹,pass,,non_depression_risk_user,
liyicheng9610,超好笑,一直內耗好像沒有不好,2025-10-12 20:11:00,,幹,pass,,non_depression_risk_user,
_koi7._,忄斤,"幹
真的好心疼那個騎士
真的好心疼那個騎士
超級無辜
超級無辜",2025-12-20 00:08:00,,幹,not_enough_posts,,skipped,
_koi7._,忄斤,🎄,2025-12-11 20:25:00,,幹,not_enough_posts,,skipped,
vbd2rbuf929u,陳淫憨,"來玩看看好了
ngl.link/five1…",2026-01-13 19:45:00,脆這程式就是用來亂發言的@fert5648小帳,幹,not_enough_posts,,skipped,
_7zzcz,✞,"身邊一定有那種一本正經講幹話的朋友
身邊一定有那種一本正經講幹話的朋友",2026-02-12 13:54:00,願2026非常順✌🏻,幹,not_enough_posts,,skipped,
_7zzcz,✞,你惯着我的小脾气 我也暗暗发誓要陪你很久很久,2026-01-31 21:13:00,願2026非常順✌🏻,幹,not_enough_posts,,skipped,
rebekarocha536,rebekarocha536,"幹 一定要挑戰成功
跟100個脆友約🏃
目前成功3個🫣🫣
被放鳥5次😅😅
第4個在哪裡唷😍😍😍台灣",2026-03-05 01:02:00,"要追蹤密我唷 不然看不見
line：0525801
喜歡大叔 有大叔嗎",幹,non_life,,skipped,
rebekarocha536,rebekarocha536,"幹 一定要挑戰成功
跟100個脆友約🏃
目前成功3個🫣🫣
被放鳥5次😅😅
第4個在哪裡唷😍😍😍台灣",2026-03-03 23:33:00,"要追蹤密我唷 不然看不見
line：0525801
喜歡大叔 有大叔嗎",幹,non_life,,skipped,
rebekarocha536,rebekarocha536,"幹 一定要挑戰成功
跟100個脆友約🏃
目前成功3個🫣🫣
被放鳥5次😅😅
第4個在哪裡唷😍😍😍台灣",2026-03-03 12:12:00,"要追蹤密我唷 不然看不見
line：0525801
喜歡大叔 有大叔嗎",幹,non_life,,skipped,
rebekarocha536,rebekarocha536,"要不是缺錢誰會做餒
（已離職）
很乾淨
一個人住
追蹤密我來約",2026-03-02 23:19:00,"要追蹤密我唷 不然看不見
line：0525801
喜歡大叔 有大叔嗎",幹,non_life,,skipped,
qeeenjeeepqeen,Sjopog,"以前：怎麼隱瞞我是女同
現在：幹怎麼不動聲色讓大家知道我是女同",2026-04-07 18:30:00,,幹,pass,,non_depression_risk_user,
qeeenjeeepqeen,Sjopog,我不會隨便叫女孩子寶寶。畢竟我是彎的。,2026-03-28 18:54:00,,幹,pass,,non_depression_risk_user,
qeeenjeeepqeen,Sjopog,不覺得把女朋友弄到害羞很好玩嗎,2026-03-25 11:34:00,,幹,pass,,non_depression_risk_user,
quack0822,佑威,"現在滑到林口人我都要再三確認是不是我認識的
幹 林口真的很小",2026-04-07 20:04:00,別他嗎來我這狗叫 操你嗎的,幹,not_enough_posts,,skipped,
jia.0108_,𝓙𝓲𝓪 🐼,幹那個警察也太帥,2026-04-07 16:20:00,為什麼是公開的,幹,pass,,non_depression_risk_user,
jia.0108_,𝓙𝓲𝓪 🐼,"怕胖聽到後面在泛淚
和喜歡同一個團體的各位
一起享受音樂的盛宴
我真的快樂了 謝謝台灣祭🥲",2026-04-04 23:43:00,為什麼是公開的,幹,pass,,non_depression_risk_user,
jia.0108_,𝓙𝓲𝓪 🐼,「我現在好像正在喜歡上他」,2026-03-25 20:22:00,為什麼是公開的,幹,pass,,non_depression_risk_user,
sss_33421,小西瓜🍉,"出發 大鵬灣見！
四個字送給對手 
幹死你們😏",2026-04-02 16:38:00,💍,幹,not_enough_posts,,skipped,
sss_33421,小西瓜🍉,"Stage 2 +
#625whp #80kg 
快不快不知道 試了才知道
大鵬灣0-3見👍",2026-03-23 14:23:00,💍,幹,not_enough_posts,,skipped,
yu._.en630,歪恩.ᐟ.ᐟ,"很多女生一定幹過的事
-
原本沒幹嘛半夜突然大爆哭
原本沒幹嘛半夜突然大爆哭",2026-04-06 10:43:00,,幹,not_enough_posts,,skipped,
kimberly2466319,kimberly2466319,"在八德
幹 微胖身材
還有人吃得下嗎？",2026-04-07 20:48:00,,幹,not_enough_posts,,skipped,
kimberly2466319,kimberly2466319,"在八德
幹 微胖身材
還有人吃得下嗎？",2026-04-06 23:07:00,,幹,not_enough_posts,,skipped,
yeh0.222,𝔂𝓮𝓱,幹 還是越想越氣 到底為什麼要出軌啊 不理解欸真的 有這麼好的女朋友不珍惜 跑去跟別人曖昧 我看沒有你,2026-04-03 01:53:00,,幹,not_enough_posts,,skipped,
yeh0.222,𝔂𝓮𝓱,幹 滾輪別搞,2026-04-01 20:20:00,,幹,not_enough_posts,,skipped,
_1xcyen,_1xcyen,"體育生會喜歡的兩種女生
同樣是練體育的女生
正到靠北的普通班女生",2025-06-12 17:32:00,,靠北,not_enough_posts,,skipped,
jerry530256,翁煜傑,"高雄神綺匹克球場
✓ 室內不用曬太陽
✓ 打球還有冷氣吹 老闆開23度超涼
✓ 冷門時段臨打100元/3小時
✓ 除了一面完整的場地 還有個小場可以練丁克
俗擱大碗 這價位真的便宜到靠北
全對",2026-04-01 13:28:00,,靠北,not_enough_posts,,skipped,
jerry530256,翁煜傑,"最近打匹克球的煩惱是拍面的磨損，
之前買的joola pro 4 跟 Luzz加農砲，
打了四五個月，甜蜜點附近的摩擦已經跟原本有很大的差異！（不論貴的還是便宜的球拍都磨好快）
不像網球拍重穿個線就跟新的一樣（？
看來匹克球只能定期買新拍了！ （絕對不是在為亂花錢找藉口 XD）",2026-03-27 12:32:00,,靠北,not_enough_posts,,skipped,
sherlie52315,Chia-Wen Hsieh,真的有差欸！,2026-03-20 12:00:00,"💗自信勇敢、信賴台灣💗
🇹🇼 We are Team Taiwan 🇹🇼 
「名字一旦被奪走了，就會找不到回家的路。」
我們再也不要忘記自己國家的名字了，好嗎？
#TeamTaiwan",靠北,not_enough_posts,,skipped,
youkai_0321,陳宥愷,八十分鐘寫100題題目還出靠北難是有什麼心事嗎,2026-03-31 16:21:00,社區高中墊神,靠北,not_enough_posts,,skipped,
youkai_0321,陳宥愷,遙遙每次都說段考很簡單😭😭😭😭😭,2026-03-30 16:23:00,社區高中墊神,靠北,not_enough_posts,,skipped,
brain.chao,brain.chao,"靠北
我車內載了一位90幾歲要去看醫生的老奶奶
我還不能直接把煞車踩死
反應慢個1秒就要出大事
一早驚出我一身冷汗",2025-08-01 10:25:00,鐵齒金不換，誠實可靠小郎君,靠北,not_enough_posts,,skipped,
18.04im,貓耳朵,"靠北！別下車啦…
明天華邦電，南亞科不漲
我穿比基尼去101熱舞！！（全程直播）",2026-03-30 21:48:00,,靠北,pass,,non_depression_risk_user,
18.04im,貓耳朵,旺宏昨天130出，今天139又接回來了，期待明天再吃一根,2026-03-18 22:49:00,,靠北,pass,,non_depression_risk_user,
18.04im,貓耳朵,"昨天不該同事聽劝我出清旺宏，今天又一根漲停
明天還可以接回來嗎，求各位股神指教",2026-03-17 22:07:00,,靠北,pass,,non_depression_risk_user,
mr.ban_chang,你各位啊,"剛剛地震
我：「欸欸幹地震 超搖 好扯喔」
朋友：「媽的我直接被搖醒 你那邊大嗎？」
我：「大概17」
朋友：「？？？」
我：「？？？」",2026-04-05 01:27:00,"你各位啊
給我好好笑
好好讀書 將來才能人頭落地",媽的,not_enough_posts,,skipped,
hsinneedsher3hrs,葉欣 HSIN Yee,"看完「媽的多重宇宙」了
不知道在演什麼就一直沒點進去看
但Netflix 不斷跳出推薦 
想說好吧劇荒無聊來看看
前面一個半小時真的滿頭問號
想說媽的勒到底是在演什麼😃😃😃
-
Part1結束後按了暫停本來想棄片
過了兩天後太想知道為什麼可以拿奧斯卡
結果Part2開始後哭到不行 哇靠
-
我懂了！我接受！
後面半小時直接把前面的莫名其妙全部串起來了
而且居然都是有意義的 
用前衛特別怪異的方式呈現故事很創新
很有深度！而且感性！
推薦給有時間跟耐心(?)一口氣看到底的人😂
會重新思考人生！！",2026-02-25 13:46:00,,媽的,not_enough_posts,,skipped,
hsinneedsher3hrs,葉欣 HSIN Yee,"🫶🏻又被好電影上了一課
Netflix 電影《生命清單》
媽媽留給女兒一份用來篩選「真愛」或「理想伴侶」的四個關鍵問題
1.他善良嗎？
：評估對方是否正直 有同理心
2.你能跟他分享所有心事嗎？
：確認彼此是否能自在溝通
3.他能幫助你成為更好的自己嗎？
：確認伴侶間是否能共同成長
4.他能成為孩子們的好父親/母親嗎？
：評估對方是否有穩定的情緒與承擔責任的能力",2026-02-15 11:36:00,,媽的,not_enough_posts,,skipped,
impnuesam17zz,燊,"協尋！！！
高鐵車次0676  8車1號門 綠色衣服的男生
媽的你偷放屁 臭的要死 密閉空間閉氣也沒用 直接吸一口大的🤮
媽的你偷放屁 臭的要死 密閉空間閉氣也沒用 直接吸一口大的🤮",2026-04-06 20:16:00,,媽的,pass,,non_depression_risk_user,
impnuesam17zz,燊,童榮地,2026-04-02 14:27:00,,媽的,pass,,non_depression_risk_user,
impnuesam17zz,燊,"人生第二次騎到離合器線斷掉
第一次在鹿野高台 第二次就在剛剛
教大家如果遇到的話 
先立中柱 勾空檔 然後開始推 推到一個下坡之後 馬上跳上車 踩一檔直接催 就可以騎去機車行了
如果有朋友在後面推更好",2026-03-27 00:04:00,,媽的,pass,,non_depression_risk_user,
bu._.zzzzz1012,高翊傑,"媽的搞得好像做備審老子二階穩上一樣 
媽的教育部搞這種東西要搞死誰",2026-04-06 21:52:00,算了隨便,媽的,pass,,low_depression_risk_user,
bu._.zzzzz1012,高翊傑,怎麼感覺連假大部分都在做學習歷程,2026-04-06 18:47:00,算了隨便,媽的,pass,,low_depression_risk_user,
bu._.zzzzz1012,高翊傑,明天好像要段考但我睡不著,2026-03-30 01:47:00,算了隨便,媽的,pass,,low_depression_risk_user,
zizi23050,Ari,"媽的演算法不要再推什麼迴避型人格還三小了
沒擔當就是沒擔當
愛冷戰就是愛冷戰
抗壓性差就是抗壓性差
不會溝通就是不會溝通
自私自利就是自私自利
愛逃避就是愛逃避
誰活到這個歲數沒有點創傷？？
誰沒有在愛情裡受過傷？？
不要以為打得像文言文或是專有名詞
就可以完美包裝這一切！！！",2026-01-30 18:44:00,金牛女跟處女男的戰爭,媽的,pass,,non_depression_risk_user,
zizi23050,Ari,"Ok 
我宣佈這是一場金牛女跟處女男的戰爭
看誰比較會忍
反正上次先忍不住的是他
開放下注",2026-01-23 13:26:00,金牛女跟處女男的戰爭,媽的,pass,,non_depression_risk_user,
zizi23050,Ari,"沒招了
：我喜歡妳
：我也喜歡你
：但我真的還沒辦法進入一段感情
？？？？？？？
那你他媽幹嘛跟我說
救命",2026-01-23 07:35:00,金牛女跟處女男的戰爭,媽的,pass,,non_depression_risk_user,
n.s_chung,n.s_chung,"媽的你就是欠發過年前按到現在媽的人呢？
@12.24_baby
@12.24_baby",2026-04-07 10:18:00,"𝟏𝟕🫧
- 
-
-
-𝐋𝐢𝐯𝐞 𝐚 𝐠𝐨𝐨𝐝 𝐥𝐢𝐟𝐞 𝐦𝐞𝐞𝐭 𝐬𝐥𝐨𝐰𝐥𝐲
——————————————————
.
.
.
@17_nuo_shen_17 
.
.",媽的,business,,skipped,
n.s_chung,n.s_chung,"🚗【2021 Altis｜只跑8萬｜開價40.8】🔥
買車找小隻，安心又超值
這台我直接講重點👇 
✔ 2021 年（新款外型） 
✔ 里程 8 萬（正常使用）
👉 價格直接幫你壓下來
如果你在找👇 
🔹 省油耐開的代步車 
🔹 空間夠、好養不麻煩 
🔹 預算40左右想買新一點
👉 這台 Altis 很可以
Toyota 的穩定不用多說 
👉 好開、好養、又保值
我是「啊碩中古車」 
✔ 車況透明 
✔ 價格實在
📩 私訊我：「Altis」 
我直接給你底價＋月付試算
👉 買車找小隻，安心又超值
#啊碩中古車 #Altis #代步神車 #省油首選",2026-03-24 11:07:00,"𝟏𝟕🫧
- 
-
-
-𝐋𝐢𝐯𝐞 𝐚 𝐠𝐨𝐨𝐝 𝐥𝐢𝐟𝐞 𝐦𝐞𝐞𝐭 𝐬𝐥𝐨𝐰𝐥𝐲
——————————————————
.
.
.
@17_nuo_shen_17 
.
.",媽的,business,,skipped,
n.s_chung,n.s_chung,"🚗【2016 Audi A1｜開價不用40萬】🔥
先講重點 
  如果你是那種： 
✔ 想開進口車但預算有限 
✔ 想要品牌＋質感 
✔ 不在意小瑕疵，重CP值
👉 這台真的很適合你
Audi 的質感不用多說 
👉 內裝、操控、品牌都有感
但不是每個人都需要「完美車」 
👉 有些人更適合「划算的車」
我是「啊碩中古車」 
✔ 有整理我會講 
✔ 有狀況我不隱瞞
📩 私訊我：「A1」 
我直接給你底價＋貸款試算
👉 這種價格的進口車 
👉 通常都被秒走
#啊碩中古車 #AudiA1 #撿便宜 #高CP值 #進口車入門 #買車找小隻",2026-03-24 11:01:00,"𝟏𝟕🫧
- 
-
-
-𝐋𝐢𝐯𝐞 𝐚 𝐠𝐨𝐨𝐝 𝐥𝐢𝐟𝐞 𝐦𝐞𝐞𝐭 𝐬𝐥𝐨𝐰𝐥𝐲
——————————————————
.
.
.
@17_nuo_shen_17 
.
.",媽的,business,,skipped,
yiunn33,Y🐰,男生真的看不出來誰是婊子嗎？,2025-01-17 15:18:00,💭,婊子,not_enough_posts,,skipped,
kkyc_0713,kkyc_0713,"「喜歡一個人 就是」
＂
永遠都覺得他很可愛
永遠都覺得他很可愛
＂",2025-11-20 19:45:00,,婊子,not_enough_posts,,skipped,
yzxh_3,yzxh_3,"為什麼在學校
比較會裝
比較會裝
的女生人緣都比較好啊幹",2026-02-19 01:50:00,不是人設 真就那麼可憐,婊子,not_enough_posts,,skipped,
keirah66n,为成雄骂过死人,放个帅圈在这里一枪崩了贱人。,2026-04-02 19:38:00,掀翻一盆牛河炒全额你只能得到进入垃圾桶的机会。,婊子,not_enough_posts,,skipped,
yzn_0214,婗,"幹到底誰想開學啊
-
-
-
不想見到一堆婊子跟死裝哥
不想見到一堆婊子跟死裝哥",2026-02-21 23:39:00,,婊子,pass,,non_depression_risk_user,
yzn_0214,婗,"此刻狀態：
寒假作業沒寫完
寒假作業沒寫完",2026-02-21 23:18:00,,婊子,pass,,non_depression_risk_user,
yzn_0214,婗,"你們都有妹控哥哥
-
-
-
就我連哥哥都沒有
就我連哥哥都沒有",2026-02-20 08:56:00,,婊子,pass,,non_depression_risk_user,
chefchen0113,lil William,明天大聲喊我的婊子是假 Alright,2026-03-10 21:14:00,🗣️,婊子,not_enough_posts,,skipped,
_918miniiiii,_Mini_,"男友發我幫他拍的訓練成果照～
結果有女生自己貼上來私訊他～
請問各位廣大的網友，誰能告訴我這女的要幹嘛？
（如果主題不對我會換主題謝謝🙏）
#男友說有個健身網紅有追蹤應該不是詐騙",2026-04-06 18:40:00,持續不穩定的運動愛好者🥴,婊子,not_enough_posts,,skipped,
kuromiiiiii.__,呵哈哈哈,女朋友覺得另一半身邊的女生是婊子有100%真的是婊子。,2026-01-06 10:05:00,,婊子,not_enough_posts,,skipped,
wjddl710,wjddl,没有比边伯贤再好的爱豆😭,2026-03-21 19:37:00,只对我哥哥温良,婊子,not_enough_posts,,skipped,
lyx.__moa0704,lyx.__moa0704,我不會逼你們喜歡NewJeans但是我希望你們可以不要用婊子這種詞或是一些很難聽的話去罵她們 她們也是Bunnies的寶貝 他們很漂亮 不喜歡就不喜歡 不要人身攻擊 拜託,2025-11-13 23:55:00,,婊子,not_enough_posts,,skipped,
lyx.__moa0704,lyx.__moa0704,MOA們拜託去投票吧 希望你們也麻煩自己的朋友們幫忙投票一下吧🥹🥹,2025-11-10 22:25:00,,婊子,not_enough_posts,,skipped,
lzlcx__,lzlcx__,"今天下午在逢甲附近的路易莎。
我在看著我該死的多益題庫 突然有一個外國人拿著❤️🇹🇼出現在我面前。
我問了他：「多少錢？」
他回覆：「Ten cents」
我沒聽清楚，又問一次。
他就稍微大聲一點說：
「Ten cents !」
這時候在我旁邊的其他人突然抬頭，看著我小聲說：
「Ten cents ... Ten cents….」
下一秒
外國大叔居然口音含糊的唱出：
「天色漸漸光～😭🌞」
整間路易莎愣了一秒，然後大家突然很有默契地接上：
「遮五幾陣郎～✋😭😭😭🤚」
沖咖啡的、讀書的、談保險的，全都跟著唱。
最後大家唱完，啊兜仔還對我比了一個讚說：
「Taiwanese song  I love it ，窩哀台灣」
那一刻我感慨說出——
謝謝你們喜歡台灣。✋😭🤚",2026-03-27 16:47:00,,該死,not_enough_posts,,skipped,
sephiroth_kai,蔡方凱,"久違的短漫展
久違的4點起床
久違的排隊地獄
久違的包盒買複數
該死的真的是回憶…
最後還抽到隱藏，真的是好滿足的一天
正確答案或憤怒希望可以換輕視（被隱藏頂掉）",2026-04-03 15:11:00,"陸軍17年在線招募員，成功嶺新訓班長出身，曾拍過一小段新兵日記（獨立畫面大概就五秒）
曾經是宅宅，現在是會出門的叔叔宅",該死,not_enough_posts,,skipped,
sephiroth_kai,蔡方凱,"致敬我超過十年的回憶（圖一）
卡片一套達成，相卡我放棄根本抽不齊，隨機立牌滿滿的老師我其實應該開心，至少八款最後有湊到一半（圖二）
重複的卡片跟相片，還有兩個殺老師立牌，一個被朋友收編了，在想要動漫展第一天拿去拼交換還是售出（圖三）",2026-03-30 15:45:00,"陸軍17年在線招募員，成功嶺新訓班長出身，曾拍過一小段新兵日記（獨立畫面大概就五秒）
曾經是宅宅，現在是會出門的叔叔宅",該死,not_enough_posts,,skipped,
0814._.angla,瑞,誰來把這該死的妮虹刪一刪,2026-04-07 02:33:00,"可以叫我瑞伊 頭貼是自己畫ㄉ(`･∀･)
我是個罪人
吃了食物這麼久，從未考慮過食物有沒有吃飽，像我只在乎今晚的飯要吃什麼，而未考慮澳洲的袋鼠今晚有沒有烤雞米堡能吃。（烤雞米堡真的很好吃）",該死,not_enough_posts,,skipped,
0814._.angla,瑞,幹很好笑,2026-04-05 10:13:00,"可以叫我瑞伊 頭貼是自己畫ㄉ(`･∀･)
我是個罪人
吃了食物這麼久，從未考慮過食物有沒有吃飽，像我只在乎今晚的飯要吃什麼，而未考慮澳洲的袋鼠今晚有沒有烤雞米堡能吃。（烤雞米堡真的很好吃）",該死,not_enough_posts,,skipped,
stephanie_tyl,𝑺𝒕𝒆𝒑𝒉𝒂𝒏𝒊𝒆,"該死的拖延症🫨
想上班但懶得找工作是怎麼一回事",2026-04-07 09:11:00,,該死,not_enough_posts,,skipped,
loseitall__broke,loseitall__broke,是不是在某些人眼中即便完美如蜘蛛俠還是過不了那該死的180標準,2026-03-19 01:03:00,"一個紀錄心碎的帳號
經歷過的人會懂",該死,not_enough_posts,,skipped,
yooooo_supercool,yooooo_supercool,"想了解自己睡眠的人走過路過不要錯過！
我是中原大學心理系研究生王冠婷，
目前在詹雅雯老師指導下進行碩士論文研究。
📄實驗流程及參與方式：
填寫此報名表單
forms.gle/7eZSD…
，將盡快與您聯絡進行實驗的時間。
1️⃣第一階段：進行臨床睡眠晤談約30分鐘（可選擇實體或線上方式）並填寫線上問卷。隨後開始配戴活動腕錶及填寫睡眠日誌連續七天。
2️⃣第二階段：前往中原大學科學館進行注意力實驗，實驗時長為20分鐘。
🎁回饋方式
完成所有階段之參與者可獲得客觀睡眠評估報告，及以下**擇一回饋**
1. 超商商品卡一百元
2. 由專業資深臨床心理師督導、實習臨床心理師帶領之失眠認知行為治療團體六週
📄研究材料保存期限、運用及機密性：
研究人員將依法把任何可辨識身份之紀錄與個人隱私之資料視同機密處理。
📄研究之退出方式及處理：
您可自由決定是否參加本研究，研究過程中不需要任何理由，可隨時撤回同意或退出研究。
中原大學心理系臨床心理學組 研究生 王冠婷
電話 : 0902-257-527
E-mail : g11164003@cycu.edu.tw",2026-03-23 13:19:00,歡迎大家來了解自己的睡眠，順便救救甘苦研究生,心理治療,not_enough_posts,,skipped,
psyyangyang,楊楊心理治療所,"!世界自閉症關懷日就是今天!
4/2 是每年的WAAD，在這個神經多樣性各自表態的時代，每個不同的族群都需要被尊重、被看見。
一起來複習一下自閉症的診斷、教養與介入吧!
多一些同理與了解，讓每個星星兒與家長的成長之路，有更多的正向支持。
#waad #asd #自閉症 
#楊楊心理治療所 
#兒童心理治療 
#早期療育",2026-04-02 20:18:00,"👩🏻‍⚕️家長的好幫手🧒🏻孩子的好朋友🧑🏻
🔆自我探索與成長的專業陪跑員
✏️兒童心理治療 親職教養諮詢
✏️ASD, ADHD, 情緒議題
✏️第一型糖尿病心理適應
🇹🇼📍高雄市三民區興安街58號2樓
🌐www.yypsy.com.tw
官方Line：@yypsy
☎️07-9623141",心理治療,not_enough_posts,,skipped,
kkkcy._.929,郭晉佑,"嚴重求救 因為鼻過敏人快身亡了
有人有推薦的藥或沒那麼刺激的鼻噴劑嗎
需要抗組織胺那種 或是有推薦台中的醫師嗎
鼻塞到快憂鬱了",2026-04-06 18:57:00,tcfsh 退休老人 半個音樂人,抗憂鬱劑,business,,skipped,
kkkcy._.929,郭晉佑,神片 各位要去看 記得感謝我,2026-04-06 00:06:00,tcfsh 退休老人 半個音樂人,抗憂鬱劑,business,,skipped,
kkkcy._.929,郭晉佑,"剛開始變好滿一個月的郭晉佑
（但忘記拍一開始的比對照 一週後才想起來）
自從分手後才發現沒有好好照顧自己
那時候說要變好以為說說的
不過做著做著也就做到現在了
忙起來就沒有什麼好想的了
我會繼續變好的
繼續抓人聽我唱歌 可能偶爾丟上來爽一下
可能邊學個音樂製作
繼續慢慢學牌 賺點外快
繼續學習 目前可以教高英數 國中理英數
（雖然我找不到人只能蹲補習班也不敢發）
繼續斜方肌代償 一個月後見 我說過我會發的",2026-03-29 22:14:00,tcfsh 退休老人 半個音樂人,抗憂鬱劑,business,,skipped,
yuhanlin_psych,身心醫學 林鈺涵醫師,"《憂鬱症的治療目標是預防復發，而不是停藥》
在憂鬱症的療程中，身心科醫師通常會建議個案在症狀改善後繼續服用一段時間的抗憂鬱劑，或針對每次減藥後便再度復發的個案應繼續服用更長的時間。
這是因為每一次鬱期的復發都會導致腦部神經元再一次受傷，使得：
❗️認知功能進一步減退
❗️再度復發風險增加
❗️慢性化風險上升
也就是說伴隨每次的復發，受傷的大腦都會導致未來受憂鬱症的影響更加嚴重、治療更加困難。
因此，就像我們對於三高的治療也不是把目標放在停藥，而是長久控制數值盡可能減少對器官的損害。憂鬱症的治療目標，同樣是把目標放在「減少症狀對日常生活的影響」以及「避免復發影響長遠預後」。
誠然，要持續的服藥對每個人來說都是一件困難的事，既麻煩又讓人覺得無法擺脫病人的角色。但說實在的，即使現代醫學如此發達，除了感染症，多數疾病都是慢性，即使經過治療也無法百分之百確定不會復發的。
遵從醫囑服藥並不是依賴，也不代表自己沒有進步，而是在充分了解利弊後後做對自己最有利但不容易的選擇。
我認為這樣的人是一個十分勇敢、有智慧，而且懂得溫柔照顧自己的人。",2026-03-22 21:32:00,"辰寧身心醫學診所 院長
太陽雨信義身心診所 駐診醫師
🎓 精神科/身心科專科
🎓 兒童青少年心智科
🏠 台北榮總精神醫學部
🏠 國立陽明大學醫學系",抗憂鬱劑,not_enough_posts,,skipped,
yuhanlin_psych,身心醫學 林鈺涵醫師,"🎓 ADHD和一般人都適用的生活小技巧
注意力難以持續、無法按照計劃做事是很多成人或青少年ADHD個案共同的困難。
「我有試著安排過工作/讀書計畫，但每次都很快就發現自己沒辦法照著執行，到後來就不了了之了」
這種困擾在診間很常見。
可以試著從兩個方面著手:
✅ 不要訂本來就高機率做不到的計劃:
為了發憤圖強在隔天早上一口氣排了三件事情，結果只要其中一件的進行不如預期就覺得自己又失敗了，於是再度放棄。
制定計劃應該從安排「一定做得完」的工作開始，哪怕只是一早上先讀30分鐘的書都沒關係。進行一段時間發現確實沒問題，可以慢慢增加一個時段能做的事。
✅ 標上任務的優先順序：
大致了解自己處理每件事情要花的時間後，當不得不面對多個任務時，可以試著將任務分級。
例如（A) 今天必須完成、（B)重要但還有時間、(C)沒到那麼重要也不太急
之後把這些工作依序排進工作表中，先做優先度最高的A，做完仍有餘裕，就可以接著做B甚至C。
怎麼把事情做好沒有標準答案，每個人做事的方式也都不同。
就算跟別人很不一樣也沒關係，重要的是找到自己的大腦最佳的使用方式。",2026-03-14 13:47:00,"辰寧身心醫學診所 院長
太陽雨信義身心診所 駐診醫師
🎓 精神科/身心科專科
🎓 兒童青少年心智科
🏠 台北榮總精神醫學部
🏠 國立陽明大學醫學系",抗憂鬱劑,not_enough_posts,,skipped,
andy69722,家賢,"吃了鋰鹽以及抗憂鬱劑
真的要多喝水、要多喝水、要多喝水
尤其又有嚴重自律神經失調
不然
真的會像我
這兩天一樣
差點無法自主呼吸
差點無法自主呼吸
喘得像剛運動完一樣
喘得像剛運動完一樣
需要自我呼吸調節
需要自我呼吸調節",2026-04-06 15:47:00,"有中度精神疾病(焦慮、第二型躁鬱症)以及腦性麻痺(看不出來)引起下肢肢體障礙，我很特別，歡迎來訪問我，我會給你很精彩的故事，來信：andy32202@gmail.com
專精占卜與療癒的旅人。以溫柔且堅定的力量，協助你看見你的答案之門、心靈之門。讓每一次的相遇，都會提高你身體的能量",抗憂鬱劑,not_enough_posts,,skipped,
andy69722,家賢,謝謝宮崎步老師，我是聽了您的歌長大的身障者，26年了，這期間老師的歌給了我勇氣、希望、純真，讓我度過到今天。為了宮崎步老師，我願意冒著大雨、可能跌倒的風險，拿著拐杖到台北，聽你演唱，真的很榮幸可以在昨天見到您，我圓夢了。,2026-04-06 04:03:00,"有中度精神疾病(焦慮、第二型躁鬱症)以及腦性麻痺(看不出來)引起下肢肢體障礙，我很特別，歡迎來訪問我，我會給你很精彩的故事，來信：andy32202@gmail.com
專精占卜與療癒的旅人。以溫柔且堅定的力量，協助你看見你的答案之門、心靈之門。讓每一次的相遇，都會提高你身體的能量",抗憂鬱劑,not_enough_posts,,skipped,
xiu_488217,薏琇,"想請問一下南高雄有沒有推薦的兒科醫師？幾乎我的小孩感冒頻率兩三個月一次就中獎，家中備用藥也準備很多，但是！！小孩終究還是得「黴漿菌」，長期以來都是阮x合看診吃藥，每次醫生說住院治療比較好，這次又住院了，媽咪我感到無奈，後來有人告知我可以換一家醫院看看，不可能單純感冒症狀加上黴漿菌就要病人住院治療，我想要的是有效果的醫生，吃有效的藥物～
南高雄為主！！",2026-04-06 15:17:00,🫧生活儀式感,藥物,not_enough_posts,,skipped,
yoxoiiky.19,yoxoiiky.19,吃到藥物女神的鬆餅了🥞😻,2026-03-18 14:16:00,"喵⸝⸝‪⸝♡
哀居94_9_30",藥物,not_enough_posts,,skipped,
psywit,我要聽妳說｜王耀霆醫師,"精神科水不深_38
在診所工作這幾年，
常會遇到一些患者，
呈現不典型的憂鬱症狀，
這類患者也許是屬於immunometabolic depression（免疫代謝型憂鬱）。
此類憂鬱症可能同時和「發炎反應 + 代謝系統」有關。
---
臨床上常見的症狀組合包括：
🔺fatigue（疲倦、沒力）
🔺low motivation（動機低落）
🔺anhedonia（喜樂不能）
🔺appetite ↑（食慾增加）
🔺weight gain（體重增加）
抽血可能會發現CRP （≥ 2–3 mg/L）、IL-6、TNF-α 等發炎指標偏高，也常合併肥胖或代謝症候群。
---
在藥物治療發現，此類患者對 SSRI 類抗憂鬱藥 的反應可能較差，對NDRI（如威克倦）比較有效。
但這個效果目前並不一致，也不夠強，還不能用來做臨床決策，但我自己常常會考慮到這點就是了👍",2026-04-04 08:38:00,"- 台北內湖身心精神科診所院長
- I人醫生三寶爸
- 合作請私訊或 psywit@gmail.com",SSRI,not_enough_posts,,skipped,
dream02161023,從黑洞爬出的女孩,"一個再平凡無奇的雙薪家庭，兩個國小的孩子，一切從今年3月開始說起，正當我們準備要出國前夕，先生頭痛了起來，想著是簡單的頭痛（宿醉），卻莫名的痛了一週，我直覺不太對勁，也心想著要出國了先看好來總是好的，中間有去耳鼻喉科診所拿藥，依然無法緩解
於是掛了急診，到了醫院我和醫生說
我：請幫我先生安排檢查，他痛了一週我覺得很奇怪
醫生：你是他的誰，你希望做怎樣的檢查？
我：我不知道醫生您安排￼
醫生：那就先照個腦部超音波
（醫生給我感覺就是覺得我很大驚小怪）￼
後來一出來，醫生馬上變了一個臉
他說：你可能要有心理準備，有腦出血的狀況，必須先打凝血。我：（愣住了，是做夢？）
醫生：會打顯影劑再進去做一次檢查。
這時老公說：ㄨㄚˊ那我不能去了，那只好你們出國就好了。（他知道我為了這次的家族旅遊計劃了大半年。）
我：我不可能放下你！不要說那些
接著醫院又再推我老公進去做檢查
出來的時候，醫生跟我說
醫生：你有打算在這邊治療嗎？
我：現在是什麼狀況？
醫生：你先生的狀況不太好，腦部裡面有東西，而且這個東西還不小，看起來是不好的。
（當下我真的覺得所有的事情都變成黑白的）
我：什麼意思？？
Part1",2025-12-25 02:32:00,"以為只是頭痛，一檢查發現是腦瘤
一連串..未知數",百憂解,not_enough_posts,,skipped,
xu_xu_xu_xuk4b4,堯 ʏᴀᴏ,"各位兄弟，我必須鄭重警告大家，戒色真的有非常嚴重的「副作用」：
• ​精神好到離譜：以前下班只想癱在床上，現在精力旺盛到半夜想爬起來去跑馬拉松，順便幫鄰居重新粉刷外牆
• ​時間多到發慌：省下那些找片、快轉和事後空虛的時間，突然發現一天居然真的有 24 小時！多出來的時間拿去重訓跟看書，我都怕自己再這樣優秀下去會沒朋友
• ​氣場莫名變強：把浪費在衛生紙上的能量守住後，現在走在路上覺得自己就是基努李維，連路邊的野狗看我的眼神都多了幾分敬意
​把精力和多巴胺留在體內，你根本就是超級英雄
​不說了，我現在精神太好，準備去把家裡的地板刷到發亮了",2026-03-31 08:07:00,"人體能量實驗室 🧪
​不說教 只紀錄
那些讓身心變強的 微小習慣
​靜下來 能量就回來了",副作用,not_enough_posts,,skipped,
she_owns_the_night,Princess,"想詢問有跟我一樣打‼️太平洋紫杉醇、卡鉑‼️組合的朋友嗎？
想知道你們打了幾次？然後有什麼副作用？
非常感激🙏🏻🙏🏻🙏🏻",2026-04-03 20:42:00,目前對抗胸腔大腫瘤當中，我不是癌症，但還是要接受電療+化療，雙管齊下一起讓腫瘤變小，然後才能開刀移除這個毒瘤，我的功課是電療33次，化療5～7次，正在努力中，目前已經完成16+3了哦！我要當那20%的奇蹟！,副作用,not_enough_posts,,skipped,
she_owns_the_night,Princess,"昨天回診約下次化療時間，要迎接第三次了，然後我真的很在乎頭髮的問題，醫生說那下星期休息一次好不好？我們頻率先不要那麼快，但電療還是每天都要來做哦！
然後化療的時候要戴冰帽減少掉髮的機率，第一次化療我有戴過一次冰帽，真的很凍超凍，整顆頭像放在冷凍庫一樣，戴沒三分鐘我就投降了，下次我一定會戴好戴滿！！！
我對醫生真的比較抱歉，因為對頭髮這一塊我真的是在乎爆掉，每次回診都說我不要掉頭髮，我不要........一直騷擾醫生，現在哪裡能做善事，哪裡有神佛可以拜拜我就做就拜。
謝謝每天關心我的好閨蜜、每天載我來回的媽媽、藥局的藥師推薦我罐罐、我姐姐給我的日本頭髮神社御守、朋友送我一疊白沙屯媽祖壓轎金、每一個關心我的人以及陌生人。",2026-03-31 13:29:00,目前對抗胸腔大腫瘤當中，我不是癌症，但還是要接受電療+化療，雙管齊下一起讓腫瘤變小，然後才能開刀移除這個毒瘤，我的功課是電療33次，化療5～7次，正在努力中，目前已經完成16+3了哦！我要當那20%的奇蹟！,副作用,not_enough_posts,,skipped,
_lliyyjji,_lliyyjji,"約了4/9早上8點打第一次2.5猛健樂
會不會有什麼副作用
現在是160/63 想在暑假前瘦到54！
目前有在健身！不知道這樣會不會瘦更快",2026-03-28 15:13:00,,副作用,not_enough_posts,,skipped,
_lliyyjji,_lliyyjji,早安，這立即將會是我記錄猛健樂的地方,2026-03-27 19:03:00,,副作用,not_enough_posts,,skipped,
otree_child,治療師當媽｜兒童職能治療·早期療育·親子育兒,"不懂就問Threads
有孕媽咪打RSV疫苗了嗎？想詢問大家施打的價格？有副作用嗎？☺️",2026-03-24 13:25:00,這裡寫治療師媽咪的育兒、生活、工作紀錄🎈,副作用,not_enough_posts,,skipped,
zyuuu_n,只只,"我現在施打猛健樂第三週，每次打2.5mg
結果都沒有掉體重😭
副作用有，會想吐跟拉肚子
本來以為這麼不舒服了會瘦
但站上體重計心還是很涼🥲
也有飲食控制+
每天喝2000cc的水+早睡
(只差沒有運動
不曉得問題出在哪裡…
(之前抽血報告醫師說我的數值看起來 打針是會有效果的🥹",2026-03-26 13:03:00,,副作用,not_enough_posts,,skipped,
qwe981223,qwe981223,"家人住院 回娘家照顧兩天 
我老公知道我無聊會看監視器
結果看到這一幕🤣
在可愛幾點的啦🫶🏻",2025-04-03 12:37:00,,住院,not_enough_posts,,skipped,
nini___liao,雲林霓霓,"很多人都有實支實付
但真的夠用嗎？
全球人壽🌏這張「超人XHD」有點猛👇
✔ 沒年度上限
✔ 最高40萬
✔ 住院＋雜費一起算
✔ 門診手術也賠（227、3343）
✔ 還能當第二家
缺點也很現實：
⚠️比較貴
但我只想問一題👇
你要的是「便宜」
還是「出事真的有用」？",2026-03-26 21:09:00,名字與個性不符的小霓子,住院,business,,skipped,
nini___liao,雲林霓霓,"1995的請舉手🙋🏻‍♀️
怎麼有人已經二寶媽
有人還在想晚餐要吃什麼😆
差距是不是有點大🤣
我自己還在過自由人生😆
那你是哪一派？",2026-03-25 02:00:00,名字與個性不符的小霓子,住院,business,,skipped,
nini___liao,雲林霓霓,"最近才發現
我其實一直都被很多貴人照顧著
每次一有事
就會有人剛剛好出現
你們有這種感覺嗎？",2026-03-23 21:42:00,名字與個性不符的小霓子,住院,business,,skipped,
26.04_baby,養樂多,"滿38週來報到住院催生
不知道今天會不會就見到養樂多
加油加油💪祝我順產💪",2026-04-07 08:56:00,養樂多養成記,住院,not_enough_posts,,skipped,
26.04_baby,養樂多,"有第一胎還未入盆打催生自然產的經驗嗎
可以分享嗎～",2026-03-29 16:57:00,養樂多養成記,住院,not_enough_posts,,skipped,
huan8249,依尚宸,"送給正在低潮、憂鬱或壓力大的你。
有時候，我們不是需要更多努力，
而是需要一個能「讓大腦回到平靜」的空間。
我一直覺得，閱讀最有價值的，
不是看完一本書，而是去實踐裡面的內容。
最近在讀《神經可塑性》，裡面提到——
當壓力太大時，接觸大自然，是讓大腦重新運作的方式。
在綠色植物環繞的環境中，
大腦會降低交感神經活性，進入副交感修復狀態。
風聲、水聲、鳥鳴，會幫助腦波變慢，
讓焦慮、壓力感、過度思考慢慢安靜下來。
同時，曬太陽、走山路、接觸泥土，
也會自然提升多巴胺與血清素的分泌。
大自然不是逃避生活，
而是幫助大腦恢復運作的空間。
今天，健身完趁著陽光明媚，
我就把自己丟進山裡，
不為了什麼目標，只是想讓大腦喘口氣，
也讓思緒變得更清晰。
我們都需要一個，能讓情緒降噪的地方。
#神經可塑性 #情緒修復 #身心平衡 #大自然的療癒力 #自律生活 #低潮日記 #大腦重啟",2025-05-02 18:20:00,"Self Discipline | Dad Life | Daily Growth
自律是一種自愛
Movement • Nutrition • Mindset
沒有使用交友軟體",血清素,not_enough_posts,,skipped,
daily.1kee1,daily.1kee1,唔好意思 我要提醒自己 置頂置頂,2026-01-22 03:54:00,"戀愛腦重度患者
ᕱ⑅ᕱ ♡ ๋࣭ ⭑⚝‧₊˚ ✩
(๑•ᴗ• )づ__∧ ₊˚⊹ ˳
(つ　 /( •́‧̫•̀ ｡) ♡
しーＪ (nnノ) ⋆",血清素,not_enough_posts,,skipped,
liocttxz30,ovo,"我的治癒方式：
1. 疲憊 → 多巴胺 → 打炮
2. 壓力 → 皮質醇 → 打炮
3. 失眠 → 褪黑激素 → 打炮
4. 焦慮 → GABA → 打炮
5. 憤怒 → 血清素 → 打兩炮
6. 懶惰 → 腎上腺素 →打炮
7. 恐懼 → 腎上腺素 → 打炮
8. 拖延症 → 多巴胺 → 打炮
9. 內耗 → 自我覺察 → 打三炮
10. 疼痛 → 內啡肽 → 打炮
11. 悲傷 → 血清素 → 打到昏倒",2025-01-07 14:37:00,我有躁郁症,血清素,not_enough_posts,,skipped,
ijenking0619,Johannes Chen,"你以為你離不開高爾夫，是因為某一顆突如其來的好球。 其實不是。
背後可能是一場精密的生理補償： 練習場（血清素）：提供高壓後的穩定。 球場（多巴胺）：提供職場缺失的冒險。 擊球（內啡肽）：瞬間清空肩頸壓力。
但真正讓你一直回來的，是催產素。
是有人看你開球歪掉說沒事， 是有人在你打出一顆好球時，比你還興奮。
當然你可以說這只是打球。
但那18洞走完，
你知道不只是這樣。",2026-04-07 20:35:00,"-I do golf ⛳️with my wife
-TPC Govt. Program Coordinator 
-Hague Academy of International Law/ SCU LLB, LLM東吳法律",血清素,pass,,non_depression_risk_user,
ijenking0619,Johannes Chen,"高爾夫迷人的地方，在於它的「主線任務感」。
練習場是日常。
在重複的揮桿中，安靜地磨練心志，一如在遊戲中累積經驗值，緩慢而紮實。練習場的每一球，都是在替某一個洞、某一個旗桿、某一個還沒發生的時刻做準備。
而真正上場的那天，你會知道那些練習去了哪裡。
球場是副本。
每一場球都是一次未知的冒險，在草地與風聲之間，檢驗那些獨自練球的清晨與傍晚。練習場沒有風，沒有坡，沒有同伴的眼神。
但你揮的每一桿，都悄悄地存進某個地方。
等你站上第一洞發球台的那個早晨，
它們會在那裡。
我喜歡這種感覺。
不是征服什麼，
只是知道自己沒有空手走來。
高爾夫最迷人的地方，其實是那份「日常累積」帶來的底氣。
那些獨自練功的清晨與傍晚，都是為了在下一次解鎖新地圖時，遇見更從容的自己。
我們不斷地刷裝備、練技能，
只為了在下一場遠行副本中，遇見更從容的自己。
那是屬於大人的沉浸式遊戲、大人的心智重整。不管你原本是什麼狀態，在小白球面前都得從基本功練起。
#高爾夫 #golf",2026-04-02 19:56:00,"-I do golf ⛳️with my wife
-TPC Govt. Program Coordinator 
-Hague Academy of International Law/ SCU LLB, LLM東吳法律",血清素,pass,,non_depression_risk_user,
ijenking0619,Johannes Chen,小夫妻最近的新身分真的很妙，是高爾夫的球友，也是好同學！在這極度挑戰「自尊心？！」跟「控制欲？！」的活動求生存，真的是最新鮮的事了，因為根本玩不完。自我精進再配上儀式感的佐調，看來這源自不想認輸的共同興趣，還可以有更多的火花！,2026-04-02 07:45:00,"-I do golf ⛳️with my wife
-TPC Govt. Program Coordinator 
-Hague Academy of International Law/ SCU LLB, LLM東吳法律",血清素,pass,,non_depression_risk_user,
