username,display_name,post_content,post_date,bio,matched_keyword,gemini_account_type_result,human_account_type_result,gemini_user_status_label,human_user_status_label
reboundgirl__,reboundgirl__,"抑鬱症最可怕之處
是每次你以為自己已經康復了
可是突如其來的無力感
會再次把你拉向深淵",2025-06-12 01:54:00,,抑鬱症,pass,,non_depression_risk_user,
reboundgirl__,reboundgirl__,"你明白那種 想放棄卻又不捨得 
想繼續卻又覺得沒有意義的感覺嗎",2025-06-12 01:48:00,,抑鬱症,pass,,non_depression_risk_user,
reboundgirl__,reboundgirl__,你曾經是我熬夜的原因，現在是我失眠的理由。,2025-06-11 23:06:00,,抑鬱症,pass,,non_depression_risk_user,
reboundgirl__,reboundgirl__,我好想你，可是我不敢主動打擾你,2025-06-11 01:40:00,,抑鬱症,pass,,non_depression_risk_user,
reboundgirl__,reboundgirl__,"原來不是每一次努力
都能換來一次剛剛好的相遇",2025-05-31 19:34:00,,抑鬱症,pass,,non_depression_risk_user,
reboundgirl__,reboundgirl__,熱情這種東西耗盡了 就只剩下疲憊和冷漠,2025-05-30 09:58:00,,抑鬱症,pass,,non_depression_risk_user,
mai.airy,閻琋,"有些情侶看似親密
但實則不熟悉對方
一起出去吃飯
一起到處玩樂
一起看場電影
一些牽手擁抱
除此之外
再也沒有進行更深層次的交流
甚至無法向對方展示出真實的自己
那什麼才是情侶呢？
也許至少是見過對方狼狽脆弱的樣子
依然堅定的選擇
因為你的優點喜歡你 
知道你的缺點卻選擇不離開你
是了解你的經歷 你原來的樣子
敞開心扉的交流 才會讓愛情更堅固
理解彼此的感受 才能走的更遠
觸及靈魂的伴侶 不是誰都可以 
很多人渴望 卻遇不到
吃喝玩樂的伴侶 和誰都可以 
很多人享受 卻不是真正的適合",2025-10-10 14:52:00,"「𝑌𝑜𝑢’𝑟𝑒 𝑚𝑦 𝑑𝑒𝑠𝑡𝑖𝑛𝑦…🍁」
𝑀𝑦 𝑑𝑒𝑎𝑟𝑒𝑠𝑡,𝐼’𝑙𝑙 𝑙𝑜𝑣𝑒 𝑦𝑜𝑢 𝑓𝑜𝑟𝑒𝑣𝑒𝑟.
𝑇ℎ𝑜𝑢𝑔ℎ 𝑝𝑎𝑠𝑠 𝑙𝑖𝑣𝑒𝑠,𝑝𝑟𝑒𝑠𝑒𝑛𝑡 𝑚𝑜𝑚𝑒𝑛𝑡𝑠,𝑝𝑎𝑟𝑎𝑙𝑙𝑒𝑙 𝑢𝑛𝑖𝑣𝑒𝑟𝑠𝑒 𝑎𝑛𝑑 the 𝑓𝑢𝑡𝑢𝑟𝑒.
𝑌𝑜𝑢’𝑟𝑒 𝑎𝑙𝑙 𝑚𝑦 𝑑𝑒𝑠𝑖𝑟𝑒.",抑鬱症,pass,,non_depression_risk_user,
mai.airy,閻琋,"你知道嗎？
人在情緒低落的時候，
最容易「想清理一些東西」。
突然想刪好友、退群組、清空相簿，
其實不是因為誰惹你不開心，
而是心太亂了，想透口氣，
想讓生活看起來乾淨一點、輕一點。
你以為是在整理人際，
其實是在替情緒斷捨離。
「真正的療癒，不是得到，而是放下。」",2025-10-10 14:29:00,"「𝑌𝑜𝑢’𝑟𝑒 𝑚𝑦 𝑑𝑒𝑠𝑡𝑖𝑛𝑦…🍁」
𝑀𝑦 𝑑𝑒𝑎𝑟𝑒𝑠𝑡,𝐼’𝑙𝑙 𝑙𝑜𝑣𝑒 𝑦𝑜𝑢 𝑓𝑜𝑟𝑒𝑣𝑒𝑟.
𝑇ℎ𝑜𝑢𝑔ℎ 𝑝𝑎𝑠𝑠 𝑙𝑖𝑣𝑒𝑠,𝑝𝑟𝑒𝑠𝑒𝑛𝑡 𝑚𝑜𝑚𝑒𝑛𝑡𝑠,𝑝𝑎𝑟𝑎𝑙𝑙𝑒𝑙 𝑢𝑛𝑖𝑣𝑒𝑟𝑠𝑒 𝑎𝑛𝑑 the 𝑓𝑢𝑡𝑢𝑟𝑒.
𝑌𝑜𝑢’𝑟𝑒 𝑎𝑙𝑙 𝑚𝑦 𝑑𝑒𝑠𝑖𝑟𝑒.",抑鬱症,pass,,non_depression_risk_user,
mai.airy,閻琋,"「愛過的人，不聯繫，也惦記。」
Those we loved, we no longer reach out to,but still think of.",2025-10-10 11:08:00,"「𝑌𝑜𝑢’𝑟𝑒 𝑚𝑦 𝑑𝑒𝑠𝑡𝑖𝑛𝑦…🍁」
𝑀𝑦 𝑑𝑒𝑎𝑟𝑒𝑠𝑡,𝐼’𝑙𝑙 𝑙𝑜𝑣𝑒 𝑦𝑜𝑢 𝑓𝑜𝑟𝑒𝑣𝑒𝑟.
𝑇ℎ𝑜𝑢𝑔ℎ 𝑝𝑎𝑠𝑠 𝑙𝑖𝑣𝑒𝑠,𝑝𝑟𝑒𝑠𝑒𝑛𝑡 𝑚𝑜𝑚𝑒𝑛𝑡𝑠,𝑝𝑎𝑟𝑎𝑙𝑙𝑒𝑙 𝑢𝑛𝑖𝑣𝑒𝑟𝑠𝑒 𝑎𝑛𝑑 the 𝑓𝑢𝑡𝑢𝑟𝑒.
𝑌𝑜𝑢’𝑟𝑒 𝑎𝑙𝑙 𝑚𝑦 𝑑𝑒𝑠𝑖𝑟𝑒.",抑鬱症,pass,,non_depression_risk_user,
mai.airy,閻琋,🌍世界上有兩種人：,2025-10-10 10:52:00,"「𝑌𝑜𝑢’𝑟𝑒 𝑚𝑦 𝑑𝑒𝑠𝑡𝑖𝑛𝑦…🍁」
𝑀𝑦 𝑑𝑒𝑎𝑟𝑒𝑠𝑡,𝐼’𝑙𝑙 𝑙𝑜𝑣𝑒 𝑦𝑜𝑢 𝑓𝑜𝑟𝑒𝑣𝑒𝑟.
𝑇ℎ𝑜𝑢𝑔ℎ 𝑝𝑎𝑠𝑠 𝑙𝑖𝑣𝑒𝑠,𝑝𝑟𝑒𝑠𝑒𝑛𝑡 𝑚𝑜𝑚𝑒𝑛𝑡𝑠,𝑝𝑎𝑟𝑎𝑙𝑙𝑒𝑙 𝑢𝑛𝑖𝑣𝑒𝑟𝑠𝑒 𝑎𝑛𝑑 the 𝑓𝑢𝑡𝑢𝑟𝑒.
𝑌𝑜𝑢’𝑟𝑒 𝑎𝑙𝑙 𝑚𝑦 𝑑𝑒𝑠𝑖𝑟𝑒.",抑鬱症,pass,,non_depression_risk_user,
mai.airy,閻琋,".
.
.
一定會有這種朋友👫
「明明你秒回他了，但是他
可以直接人間蒸發
。」
.
.
.",2025-10-10 08:10:00,"「𝑌𝑜𝑢’𝑟𝑒 𝑚𝑦 𝑑𝑒𝑠𝑡𝑖𝑛𝑦…🍁」
𝑀𝑦 𝑑𝑒𝑎𝑟𝑒𝑠𝑡,𝐼’𝑙𝑙 𝑙𝑜𝑣𝑒 𝑦𝑜𝑢 𝑓𝑜𝑟𝑒𝑣𝑒𝑟.
𝑇ℎ𝑜𝑢𝑔ℎ 𝑝𝑎𝑠𝑠 𝑙𝑖𝑣𝑒𝑠,𝑝𝑟𝑒𝑠𝑒𝑛𝑡 𝑚𝑜𝑚𝑒𝑛𝑡𝑠,𝑝𝑎𝑟𝑎𝑙𝑙𝑒𝑙 𝑢𝑛𝑖𝑣𝑒𝑟𝑠𝑒 𝑎𝑛𝑑 the 𝑓𝑢𝑡𝑢𝑟𝑒.
𝑌𝑜𝑢’𝑟𝑒 𝑎𝑙𝑙 𝑚𝑦 𝑑𝑒𝑠𝑖𝑟𝑒.",抑鬱症,pass,,non_depression_risk_user,
mai.airy,閻琋,"《可可夜總會 CoCo》一句非常感人的話：
「真正的死亡是
世界上再沒有一個人記得你
。」",2025-10-09 22:30:00,"「𝑌𝑜𝑢’𝑟𝑒 𝑚𝑦 𝑑𝑒𝑠𝑡𝑖𝑛𝑦…🍁」
𝑀𝑦 𝑑𝑒𝑎𝑟𝑒𝑠𝑡,𝐼’𝑙𝑙 𝑙𝑜𝑣𝑒 𝑦𝑜𝑢 𝑓𝑜𝑟𝑒𝑣𝑒𝑟.
𝑇ℎ𝑜𝑢𝑔ℎ 𝑝𝑎𝑠𝑠 𝑙𝑖𝑣𝑒𝑠,𝑝𝑟𝑒𝑠𝑒𝑛𝑡 𝑚𝑜𝑚𝑒𝑛𝑡𝑠,𝑝𝑎𝑟𝑎𝑙𝑙𝑒𝑙 𝑢𝑛𝑖𝑣𝑒𝑟𝑠𝑒 𝑎𝑛𝑑 the 𝑓𝑢𝑡𝑢𝑟𝑒.
𝑌𝑜𝑢’𝑟𝑒 𝑎𝑙𝑙 𝑚𝑦 𝑑𝑒𝑠𝑖𝑟𝑒.",抑鬱症,pass,,non_depression_risk_user,
mai.airy,閻琋,Overthinking is the death of peace.,2025-10-09 10:45:00,"「𝑌𝑜𝑢’𝑟𝑒 𝑚𝑦 𝑑𝑒𝑠𝑡𝑖𝑛𝑦…🍁」
𝑀𝑦 𝑑𝑒𝑎𝑟𝑒𝑠𝑡,𝐼’𝑙𝑙 𝑙𝑜𝑣𝑒 𝑦𝑜𝑢 𝑓𝑜𝑟𝑒𝑣𝑒𝑟.
𝑇ℎ𝑜𝑢𝑔ℎ 𝑝𝑎𝑠𝑠 𝑙𝑖𝑣𝑒𝑠,𝑝𝑟𝑒𝑠𝑒𝑛𝑡 𝑚𝑜𝑚𝑒𝑛𝑡𝑠,𝑝𝑎𝑟𝑎𝑙𝑙𝑒𝑙 𝑢𝑛𝑖𝑣𝑒𝑟𝑠𝑒 𝑎𝑛𝑑 the 𝑓𝑢𝑡𝑢𝑟𝑒.
𝑌𝑜𝑢’𝑟𝑒 𝑎𝑙𝑙 𝑚𝑦 𝑑𝑒𝑠𝑖𝑟𝑒.",抑鬱症,pass,,non_depression_risk_user,
mai.airy,閻琋,有些人出現在生命裡，只是為了教會我們告別。,2025-10-09 10:07:00,"「𝑌𝑜𝑢’𝑟𝑒 𝑚𝑦 𝑑𝑒𝑠𝑡𝑖𝑛𝑦…🍁」
𝑀𝑦 𝑑𝑒𝑎𝑟𝑒𝑠𝑡,𝐼’𝑙𝑙 𝑙𝑜𝑣𝑒 𝑦𝑜𝑢 𝑓𝑜𝑟𝑒𝑣𝑒𝑟.
𝑇ℎ𝑜𝑢𝑔ℎ 𝑝𝑎𝑠𝑠 𝑙𝑖𝑣𝑒𝑠,𝑝𝑟𝑒𝑠𝑒𝑛𝑡 𝑚𝑜𝑚𝑒𝑛𝑡𝑠,𝑝𝑎𝑟𝑎𝑙𝑙𝑒𝑙 𝑢𝑛𝑖𝑣𝑒𝑟𝑠𝑒 𝑎𝑛𝑑 the 𝑓𝑢𝑡𝑢𝑟𝑒.
𝑌𝑜𝑢’𝑟𝑒 𝑎𝑙𝑙 𝑚𝑦 𝑑𝑒𝑠𝑖𝑟𝑒.",抑鬱症,pass,,non_depression_risk_user,
mai.airy,閻琋,"罌粟花(POPPY)的花語是「美麗、罪惡和悼念。」
如此美麗
如此罪惡
如此令人悼念
「我是一朵劇毒的罌粟花。」
讓人愛的瘋狂
讓人深陷其中
讓人愛不釋手
讓人無可自拔
讓人心心念念
讓人失去自我
讓人天長地久
「能使人失去痛覺，
服用過多卻又會使人上癮中毒，
永遠沈睡。」
「我是一朵死亡之花，一朵沒有希望的花。」
我這輩子有一個願望，就是和你一起去看罌粟花海。",2025-10-09 09:10:00,"「𝑌𝑜𝑢’𝑟𝑒 𝑚𝑦 𝑑𝑒𝑠𝑡𝑖𝑛𝑦…🍁」
𝑀𝑦 𝑑𝑒𝑎𝑟𝑒𝑠𝑡,𝐼’𝑙𝑙 𝑙𝑜𝑣𝑒 𝑦𝑜𝑢 𝑓𝑜𝑟𝑒𝑣𝑒𝑟.
𝑇ℎ𝑜𝑢𝑔ℎ 𝑝𝑎𝑠𝑠 𝑙𝑖𝑣𝑒𝑠,𝑝𝑟𝑒𝑠𝑒𝑛𝑡 𝑚𝑜𝑚𝑒𝑛𝑡𝑠,𝑝𝑎𝑟𝑎𝑙𝑙𝑒𝑙 𝑢𝑛𝑖𝑣𝑒𝑟𝑠𝑒 𝑎𝑛𝑑 the 𝑓𝑢𝑡𝑢𝑟𝑒.
𝑌𝑜𝑢’𝑟𝑒 𝑎𝑙𝑙 𝑚𝑦 𝑑𝑒𝑠𝑖𝑟𝑒.",抑鬱症,pass,,non_depression_risk_user,
mai.airy,閻琋,"「今天，我像被一顆子彈擊中而驚醒了，
因為昨天，我又夢見你愛我了。」",2025-10-09 07:14:00,"「𝑌𝑜𝑢’𝑟𝑒 𝑚𝑦 𝑑𝑒𝑠𝑡𝑖𝑛𝑦…🍁」
𝑀𝑦 𝑑𝑒𝑎𝑟𝑒𝑠𝑡,𝐼’𝑙𝑙 𝑙𝑜𝑣𝑒 𝑦𝑜𝑢 𝑓𝑜𝑟𝑒𝑣𝑒𝑟.
𝑇ℎ𝑜𝑢𝑔ℎ 𝑝𝑎𝑠𝑠 𝑙𝑖𝑣𝑒𝑠,𝑝𝑟𝑒𝑠𝑒𝑛𝑡 𝑚𝑜𝑚𝑒𝑛𝑡𝑠,𝑝𝑎𝑟𝑎𝑙𝑙𝑒𝑙 𝑢𝑛𝑖𝑣𝑒𝑟𝑠𝑒 𝑎𝑛𝑑 the 𝑓𝑢𝑡𝑢𝑟𝑒.
𝑌𝑜𝑢’𝑟𝑒 𝑎𝑙𝑙 𝑚𝑦 𝑑𝑒𝑠𝑖𝑟𝑒.",抑鬱症,pass,,non_depression_risk_user,
mai.airy,閻琋,"🖤DJ Aynur的音樂每日報：
Smooth~~~🎶節奏🎵太令人心動，這美好的夜晚和愛人來一起在草皮上靜靜地仰望星空吧～點點繁星是心中封藏已久的過去，是回憶；流星是稍縱即逝的快樂，抓不住。
繼續仰望吧，替這些回憶擦擦灰塵，仰望後再次封藏於心底。
#深山夜景🎑 #草皮 #銀河星空🌌 #心動 #流星雨 #黑暗裡的微光 #吶喊 #空曠 #節奏感
Enjoy yourself listening to music.（Spark)
youtu.be/bEnMz…",2025-10-05 18:46:00,"「𝑌𝑜𝑢’𝑟𝑒 𝑚𝑦 𝑑𝑒𝑠𝑡𝑖𝑛𝑦…🍁」
𝑀𝑦 𝑑𝑒𝑎𝑟𝑒𝑠𝑡,𝐼’𝑙𝑙 𝑙𝑜𝑣𝑒 𝑦𝑜𝑢 𝑓𝑜𝑟𝑒𝑣𝑒𝑟.
𝑇ℎ𝑜𝑢𝑔ℎ 𝑝𝑎𝑠𝑠 𝑙𝑖𝑣𝑒𝑠,𝑝𝑟𝑒𝑠𝑒𝑛𝑡 𝑚𝑜𝑚𝑒𝑛𝑡𝑠,𝑝𝑎𝑟𝑎𝑙𝑙𝑒𝑙 𝑢𝑛𝑖𝑣𝑒𝑟𝑠𝑒 𝑎𝑛𝑑 the 𝑓𝑢𝑡𝑢𝑟𝑒.
𝑌𝑜𝑢’𝑟𝑒 𝑎𝑙𝑙 𝑚𝑦 𝑑𝑒𝑠𝑖𝑟𝑒.",抑鬱症,pass,,non_depression_risk_user,
mai.airy,閻琋,"🖤DJ Aynur的音樂每日報：
宮崎駿的特色包括對自然與人文關係的深刻描繪、以堅強獨立的女性角色為中心、充滿奇幻想像的寫實世界觀、細膩溫暖的手繪風格、懷舊夢幻的色彩運用以及對和平主義和反戰的關注。
這部Jazz Hip Hop與Lo-fi風的宮崎駿音樂集將帶領你坐時光機回到那色彩溫暖又柔軟的世界⋯
#童年 #奇幻 #天馬行空 #JazzHipHop #Lofi #輕透的鋼琴 #節奏感 #回憶過往 #永在 
#牽起內心深處的小男孩/小女孩的手吧。
Enjoy yourself listening to music.
youtu.be/zcask…",2025-10-05 18:45:00,"「𝑌𝑜𝑢’𝑟𝑒 𝑚𝑦 𝑑𝑒𝑠𝑡𝑖𝑛𝑦…🍁」
𝑀𝑦 𝑑𝑒𝑎𝑟𝑒𝑠𝑡,𝐼’𝑙𝑙 𝑙𝑜𝑣𝑒 𝑦𝑜𝑢 𝑓𝑜𝑟𝑒𝑣𝑒𝑟.
𝑇ℎ𝑜𝑢𝑔ℎ 𝑝𝑎𝑠𝑠 𝑙𝑖𝑣𝑒𝑠,𝑝𝑟𝑒𝑠𝑒𝑛𝑡 𝑚𝑜𝑚𝑒𝑛𝑡𝑠,𝑝𝑎𝑟𝑎𝑙𝑙𝑒𝑙 𝑢𝑛𝑖𝑣𝑒𝑟𝑠𝑒 𝑎𝑛𝑑 the 𝑓𝑢𝑡𝑢𝑟𝑒.
𝑌𝑜𝑢’𝑟𝑒 𝑎𝑙𝑙 𝑚𝑦 𝑑𝑒𝑠𝑖𝑟𝑒.",抑鬱症,pass,,non_depression_risk_user,
mai.airy,閻琋,"🖤DJ Aynur的音樂每日報：
流星劃進你的夢裡⋯月亮的柔光照進你的心裡⋯靛藍色的天空、咖啡色的窗簾、草綠色的床套組、鵝黃色的檯燈、黑白的照片、三角圓的床頭櫃、黑色桌面上凌亂的文件被播放著音樂的筆電壓著、一則又一則的，來自手機的訊息也吵不醒因為過度疲累而昏睡的你⋯
工作消耗我們的精力，工作帶走我們的自由，工作也許能帶來成就感，能夠帶來一口飯吃，這個社會有許多憂慮又不快樂的人們，每日奔波於車水馬龍之中，走著走著就迷了路，人生的意義究竟是什麼呢？這個問題也許永遠沒有答案，但我還是想知道，你的答案是？
#助眠 #放鬆 #沈睡 #疲累 #工作 #讀書 #壓力 #睡眠不足 #9:45:53
Enjoy yourself listening to music.
youtu.be/roX5W…",2025-10-05 18:44:00,"「𝑌𝑜𝑢’𝑟𝑒 𝑚𝑦 𝑑𝑒𝑠𝑡𝑖𝑛𝑦…🍁」
𝑀𝑦 𝑑𝑒𝑎𝑟𝑒𝑠𝑡,𝐼’𝑙𝑙 𝑙𝑜𝑣𝑒 𝑦𝑜𝑢 𝑓𝑜𝑟𝑒𝑣𝑒𝑟.
𝑇ℎ𝑜𝑢𝑔ℎ 𝑝𝑎𝑠𝑠 𝑙𝑖𝑣𝑒𝑠,𝑝𝑟𝑒𝑠𝑒𝑛𝑡 𝑚𝑜𝑚𝑒𝑛𝑡𝑠,𝑝𝑎𝑟𝑎𝑙𝑙𝑒𝑙 𝑢𝑛𝑖𝑣𝑒𝑟𝑠𝑒 𝑎𝑛𝑑 the 𝑓𝑢𝑡𝑢𝑟𝑒.
𝑌𝑜𝑢’𝑟𝑒 𝑎𝑙𝑙 𝑚𝑦 𝑑𝑒𝑠𝑖𝑟𝑒.",抑鬱症,pass,,non_depression_risk_user,
mai.airy,閻琋,"🖤DJ Aynur的音樂每日報：
楓紅的季節🍁卷積雲畫滿天空，開放的和室裡，穿著日本道服的少女，掃著地上點點塵埃，畫面逐漸黑白，是膠卷的一部分；逐漸泛黃的畫面，是曾經；過度飽和的色彩，是夢境。你想活在哪個世界裡？是瞬間還是過去抑或理想？去追尋吧！不管是哪個，都奮不顧身的去吧！不要回頭張望。
#楓葉🍁 #落葉 #飄落 #懷舊 #日本 #回憶 #理想 #抉擇 #道服 #和室 #WoRK #StuDy
Enjoy yourself listening to music.
youtu.be/0oR29…",2025-10-05 18:44:00,"「𝑌𝑜𝑢’𝑟𝑒 𝑚𝑦 𝑑𝑒𝑠𝑡𝑖𝑛𝑦…🍁」
𝑀𝑦 𝑑𝑒𝑎𝑟𝑒𝑠𝑡,𝐼’𝑙𝑙 𝑙𝑜𝑣𝑒 𝑦𝑜𝑢 𝑓𝑜𝑟𝑒𝑣𝑒𝑟.
𝑇ℎ𝑜𝑢𝑔ℎ 𝑝𝑎𝑠𝑠 𝑙𝑖𝑣𝑒𝑠,𝑝𝑟𝑒𝑠𝑒𝑛𝑡 𝑚𝑜𝑚𝑒𝑛𝑡𝑠,𝑝𝑎𝑟𝑎𝑙𝑙𝑒𝑙 𝑢𝑛𝑖𝑣𝑒𝑟𝑠𝑒 𝑎𝑛𝑑 the 𝑓𝑢𝑡𝑢𝑟𝑒.
𝑌𝑜𝑢’𝑟𝑒 𝑎𝑙𝑙 𝑚𝑦 𝑑𝑒𝑠𝑖𝑟𝑒.",抑鬱症,pass,,non_depression_risk_user,
mai.airy,閻琋,"🖤DJ Aynur的音樂每日報：
「You jump, I jump.」
傑克與蘿絲是1997年電影《鐵達尼號》，男女主角跨越社會階級，在首航的鐵達尼號上墜入愛河，並在船難中展開一段刻骨銘心的愛情故事。
畫家傑克是個貧窮但自由奔放的藝術家，而蘿絲則是來自上流社會、受未婚夫束縛的年輕女子。
在鐵達尼號沉沒後，傑克讓泡在冰冷海水的蘿絲爬上一扇門板，自己則在海水中犧牲，只為讓蘿絲活下去。
在臨終前，傑克鼓勵蘿絲要好好活下去，而蘿絲也實現了這個諾言，活到一百歲，並將這段記憶永遠珍藏在心中。
蘿絲最終將象徵愛情與價值的「海洋之心」丟入海中，也象徵著傑克的愛情所帶來的無價的自由與生命改變。
我的個性和蘿絲一模一樣，在夢裡演了一齣甜蜜又刺激的愛情劇，醒來後心臟強烈的跳動著，原來一切是如此的真實；原來我如此渴望著一個人；原來這是我淺意識所期望的，但願，我們能夠再次，在夢裡相遇⋯
#鐵達尼號 #刻骨銘心 #永恆的愛 #唯一
#人們很容易在自己出生的季節墜入愛河
youtu.be/m-f_F…",2025-10-05 18:43:00,"「𝑌𝑜𝑢’𝑟𝑒 𝑚𝑦 𝑑𝑒𝑠𝑡𝑖𝑛𝑦…🍁」
𝑀𝑦 𝑑𝑒𝑎𝑟𝑒𝑠𝑡,𝐼’𝑙𝑙 𝑙𝑜𝑣𝑒 𝑦𝑜𝑢 𝑓𝑜𝑟𝑒𝑣𝑒𝑟.
𝑇ℎ𝑜𝑢𝑔ℎ 𝑝𝑎𝑠𝑠 𝑙𝑖𝑣𝑒𝑠,𝑝𝑟𝑒𝑠𝑒𝑛𝑡 𝑚𝑜𝑚𝑒𝑛𝑡𝑠,𝑝𝑎𝑟𝑎𝑙𝑙𝑒𝑙 𝑢𝑛𝑖𝑣𝑒𝑟𝑠𝑒 𝑎𝑛𝑑 the 𝑓𝑢𝑡𝑢𝑟𝑒.
𝑌𝑜𝑢’𝑟𝑒 𝑎𝑙𝑙 𝑚𝑦 𝑑𝑒𝑠𝑖𝑟𝑒.",抑鬱症,pass,,non_depression_risk_user,
mai.airy,閻琋,"🖤DJ Aynur的音樂每日報：
落日餘暉，飛機起飛。
飛機上的遊客是帶著什麼樣的心情呢？
也許有期待、也許有疲累、也許有急迫、也許有悲傷、也許有怒氣，但大家的目的地都是相同的，人有百百種、有萬千絲縷，命運讓我們交織在一起，一起聽著這醉人的旋律，共同沈溺於其中吧⋯⋯
#CiTy #CoolJaZz #柔和 #舒緩 #憂鬱 #壓抑的情感 #WhiSPeR #浪漫🌹 #陶醉
Enjoy yourself listening to music. (spark)
youtu.be/6XoXS…",2025-10-04 17:17:00,"「𝑌𝑜𝑢’𝑟𝑒 𝑚𝑦 𝑑𝑒𝑠𝑡𝑖𝑛𝑦…🍁」
𝑀𝑦 𝑑𝑒𝑎𝑟𝑒𝑠𝑡,𝐼’𝑙𝑙 𝑙𝑜𝑣𝑒 𝑦𝑜𝑢 𝑓𝑜𝑟𝑒𝑣𝑒𝑟.
𝑇ℎ𝑜𝑢𝑔ℎ 𝑝𝑎𝑠𝑠 𝑙𝑖𝑣𝑒𝑠,𝑝𝑟𝑒𝑠𝑒𝑛𝑡 𝑚𝑜𝑚𝑒𝑛𝑡𝑠,𝑝𝑎𝑟𝑎𝑙𝑙𝑒𝑙 𝑢𝑛𝑖𝑣𝑒𝑟𝑠𝑒 𝑎𝑛𝑑 the 𝑓𝑢𝑡𝑢𝑟𝑒.
𝑌𝑜𝑢’𝑟𝑒 𝑎𝑙𝑙 𝑚𝑦 𝑑𝑒𝑠𝑖𝑟𝑒.",抑鬱症,pass,,non_depression_risk_user,
mai.airy,閻琋,「我的心，又再次為了你，而悸動。」,2025-10-04 16:00:00,"「𝑌𝑜𝑢’𝑟𝑒 𝑚𝑦 𝑑𝑒𝑠𝑡𝑖𝑛𝑦…🍁」
𝑀𝑦 𝑑𝑒𝑎𝑟𝑒𝑠𝑡,𝐼’𝑙𝑙 𝑙𝑜𝑣𝑒 𝑦𝑜𝑢 𝑓𝑜𝑟𝑒𝑣𝑒𝑟.
𝑇ℎ𝑜𝑢𝑔ℎ 𝑝𝑎𝑠𝑠 𝑙𝑖𝑣𝑒𝑠,𝑝𝑟𝑒𝑠𝑒𝑛𝑡 𝑚𝑜𝑚𝑒𝑛𝑡𝑠,𝑝𝑎𝑟𝑎𝑙𝑙𝑒𝑙 𝑢𝑛𝑖𝑣𝑒𝑟𝑠𝑒 𝑎𝑛𝑑 the 𝑓𝑢𝑡𝑢𝑟𝑒.
𝑌𝑜𝑢’𝑟𝑒 𝑎𝑙𝑙 𝑚𝑦 𝑑𝑒𝑠𝑖𝑟𝑒.",抑鬱症,pass,,non_depression_risk_user,
angelala0726,Angela,"學習與人相處，是一件需要用心的事。
每個人都有自己的個性和故事，而相處就是彼此了解和包容的過程。
用心傾聽，能讓對方感受到你的關注；學會換位思考，才能真正理解別人的感受。
尊重彼此的不同，才能讓關係更和諧；坦誠面對問題，才能建立真正的信任。
好的相處，不是誰改變誰，而是一起成長，一起變得更好。
真正的陪伴，不只是一起度過時間，而是讓彼此的生命都更美好。",2025-01-10 17:34:00,"喜歡我的可以點個追蹤❤️
大家好，我是小雨。
內向害羞，但愛挑戰自己。
自媒體創業中，
兩個月減重10多公斤。
喜歡邊玩邊工作，
享受生活與工作的平衡！",抑鬱症,business,,skipped,
angelala0726,Angela,"愛一個人，是一種難以言喻的感覺。
你會因為他的一個微笑而心動，
也會為他的一句話而惦記。
愛是無條件地包容，
是默默地支持，
是即使相隔萬里，心卻始終緊緊相連。
愛一個人，會讓你願意改變自己，
學會妥協，懂得珍惜。
愛不是占有，
而是希望對方能活得幸福快樂，
即使那份幸福不一定與你有關。
愛，是每天的小細節，
是細心的關懷和真心的守護。
愛一個人，讓你明白什麼是柔軟，
什麼是堅強。
或許愛本身並不完美，
但因為對方的存在，
生命變得有意義，也充滿了溫暖。",2025-01-10 10:57:00,"喜歡我的可以點個追蹤❤️
大家好，我是小雨。
內向害羞，但愛挑戰自己。
自媒體創業中，
兩個月減重10多公斤。
喜歡邊玩邊工作，
享受生活與工作的平衡！",抑鬱症,business,,skipped,
angelala0726,Angela,"「感情，是一場安靜的較量。」
它不是靠說得多，也不是靠做得多。
而是兩個人心底裡的默契和信任。
有時，它像早晨的陽光。
暖暖的，讓人安心。
有時，卻像一場大雨。
打亂了平靜，讓人措手不及。
我們努力靠近對方。
卻也常常在靠近的過程中迷失自己。
愛讓我們相依，也讓我們疏遠。
最好的感情，不是大張旗鼓的表現。
而是懂得彼此。
即使沉默不語，也能安心依靠。
「真正的愛，不是占有，而是成全。」",2025-01-09 23:11:00,"喜歡我的可以點個追蹤❤️
大家好，我是小雨。
內向害羞，但愛挑戰自己。
自媒體創業中，
兩個月減重10多公斤。
喜歡邊玩邊工作，
享受生活與工作的平衡！",抑鬱症,business,,skipped,
angelala0726,Angela,"曾經同行的路上，
我們一起走過歡笑，
也經歷過遺憾。
那些相伴的時光，
是歲月賜予的禮物，
每一份美好都值得珍藏。
或許緣分讓我們在此刻分道揚鑣，
但我依然感恩這一路的陪伴，
因為你教會了我成長，
也讓我看到了生活的另一面。
分開並非結束，
而是為了成全彼此未來的幸福。
願你在往後的日子裡，
依舊能被溫暖包圍，
遇見更好的自己。
我們雖然不再同行，
但依然可以微笑著告別，
彼此祝福，各自安好。",2025-01-09 12:55:00,"喜歡我的可以點個追蹤❤️
大家好，我是小雨。
內向害羞，但愛挑戰自己。
自媒體創業中，
兩個月減重10多公斤。
喜歡邊玩邊工作，
享受生活與工作的平衡！",抑鬱症,business,,skipped,
angelala0726,Angela,"愛過的人，能否成為朋友？
或許只是你不想失去他，
用友情的名義留住一絲聯繫。
然而，當他以平靜的語氣與你交談，
仿佛從未愛過，
你是否能承受那種心如止水的落差？
愛若還有餘溫，
何不試著勇敢再攜手？
若一切注定無果，
便學會抽身，
把美好留在記憶裡。
真正深情的人，
懂得情深不見，愛極不糾纏。
最好的結果，
或許不是成為朋友，
而是讓彼此成為記憶裡一段無聲的詩篇。
輕輕藏在心底，
無需打擾，卻永不遺忘。",2025-01-09 01:30:00,"喜歡我的可以點個追蹤❤️
大家好，我是小雨。
內向害羞，但愛挑戰自己。
自媒體創業中，
兩個月減重10多公斤。
喜歡邊玩邊工作，
享受生活與工作的平衡！",抑鬱症,business,,skipped,
angelala0726,Angela,"如何成為行家：將複雜的事情化繁為簡，直指核心。
如何成為專家：將看似簡單的事情精益求精，持之以恆。
如何成為贏家：將持續重複的事情以熱忱面對，樂在其中。",2025-01-08 21:51:00,"喜歡我的可以點個追蹤❤️
大家好，我是小雨。
內向害羞，但愛挑戰自己。
自媒體創業中，
兩個月減重10多公斤。
喜歡邊玩邊工作，
享受生活與工作的平衡！",抑鬱症,business,,skipped,
angelala0726,Angela,"最愉悅的相處方式是：
清晨醒來時，一聲簡單的問候足以溫暖彼此；
在忙碌的時候，彼此給予空間，安心處理自己的事情。
當你想念我時：
無論是分享喜悅，還是傾訴心事，
你隨時都可以來找我，我會靜靜地聆聽。
若我不小心觸碰了你的情緒：
請坦率地告訴我，不要壓抑自己，
也不要默默承受，
我們之間，值得更真誠和輕鬆的交流。",2025-01-08 21:37:00,"喜歡我的可以點個追蹤❤️
大家好，我是小雨。
內向害羞，但愛挑戰自己。
自媒體創業中，
兩個月減重10多公斤。
喜歡邊玩邊工作，
享受生活與工作的平衡！",抑鬱症,business,,skipped,
angelala0726,Angela,"獅子座，與生俱來的光芒令人無法忽視。
自信與優雅交織，舉手投足間散發獨特的領袖氣質。
他們熱愛追逐夢想，對未來滿懷無限期待與激情。
堅定的信念讓他們在風雨中依然保持從容與優雅。
內心的炙熱與溫暖，足以點亮身邊每一個人。
他們珍視榮耀，也懂得真誠的價值與共鳴的力量。
偶爾強勢，但那是一種源於愛的保護與擔當。
獅子座，不僅是耀眼的存在，更是生活中不可或缺的溫度。
獅子座",2025-01-08 16:04:00,"喜歡我的可以點個追蹤❤️
大家好，我是小雨。
內向害羞，但愛挑戰自己。
自媒體創業中，
兩個月減重10多公斤。
喜歡邊玩邊工作，
享受生活與工作的平衡！",抑鬱症,business,,skipped,
angelala0726,Angela,"人生最大的樂趣，
不是拆穿，
而是看穿後，假裝不知。
隨著年紀漸長，
我發現，
每個人都在自己的舞台上賣力表演，
而我最愛的角色，
恰恰是那個默默旁觀的觀眾。
你演得認真，
我便看得入迷；
你說得煽情，
我還能為你鼓掌。
生活這場戲，
無需戳穿，
因為每個人都需要些許幻想，
來撐起平凡日子的幕布。
與其較真，
不如享受。",2025-01-08 11:31:00,"喜歡我的可以點個追蹤❤️
大家好，我是小雨。
內向害羞，但愛挑戰自己。
自媒體創業中，
兩個月減重10多公斤。
喜歡邊玩邊工作，
享受生活與工作的平衡！",抑鬱症,business,,skipped,
angelala0726,Angela,"什麼都可能是假的，
唯有努力生活的自己最真實。
最好喝的水是薪水，
最美的花是有錢花。
生活是一場修行，
工作就是讓未來發光的能量。
早安，朋友們！
今天也一起努力加油，
迎接屬於我們的美好未來！",2025-01-08 09:55:00,"喜歡我的可以點個追蹤❤️
大家好，我是小雨。
內向害羞，但愛挑戰自己。
自媒體創業中，
兩個月減重10多公斤。
喜歡邊玩邊工作，
享受生活與工作的平衡！",抑鬱症,business,,skipped,
angelala0726,Angela,"世界若不為我讓路，那我就闖出自己的天地！
別低估我，因為我隨時能讓奇蹟發生！
風來了又怎樣？我就是能在風暴中起舞！
想阻擋我？不好意思，我的腳步只會更快！
不靠誰成全，我就是自己人生的主宰！
當機會沒敲門，我就直接拆了牆！
我不只要贏，我要站上巔峰，讓世界記住我的名字！",2025-01-07 23:35:00,"喜歡我的可以點個追蹤❤️
大家好，我是小雨。
內向害羞，但愛挑戰自己。
自媒體創業中，
兩個月減重10多公斤。
喜歡邊玩邊工作，
享受生活與工作的平衡！",抑鬱症,business,,skipped,
angelala0726,Angela,"女人三觀最正的一句話☺️
#女人 #三觀 #獨立 #成長",2025-01-07 23:14:00,"喜歡我的可以點個追蹤❤️
大家好，我是小雨。
內向害羞，但愛挑戰自己。
自媒體創業中，
兩個月減重10多公斤。
喜歡邊玩邊工作，
享受生活與工作的平衡！",抑鬱症,business,,skipped,
angelala0726,Angela,"三觀不合，
對話如雞同鴨講。
生活像身處不同星球！
與其浪費時間解釋，
不如瀟灑告別。
錯的人再努力也無法契合，
對的人根本不需要解釋。",2025-01-07 22:29:00,"喜歡我的可以點個追蹤❤️
大家好，我是小雨。
內向害羞，但愛挑戰自己。
自媒體創業中，
兩個月減重10多公斤。
喜歡邊玩邊工作，
享受生活與工作的平衡！",抑鬱症,business,,skipped,
angelala0726,Angela,"點餐⬇️
客人：這裡的招牌菜是什麼？
服務員：我們的招牌菜是「快點決定，不然後面排隊的人會打你」。",2025-01-07 21:36:00,"喜歡我的可以點個追蹤❤️
大家好，我是小雨。
內向害羞，但愛挑戰自己。
自媒體創業中，
兩個月減重10多公斤。
喜歡邊玩邊工作，
享受生活與工作的平衡！",抑鬱症,business,,skipped,
angelala0726,Angela,"愛自己不是自私，
而是懂得珍惜自己的獨特與價值。
學會傾聽內心的聲音，
給予自己足夠的時間與空間，
去感受生活的美好與內心的平靜。
接受自己的不完美，
因為那正是你最真實的模樣。
別忘了，
每一次努力都是為了成為更好的自己。
愛自己，
就是給自己力量，
讓自己在風雨中依然堅定前行，
活出自信、自在的模樣。
從今天開始，
好好愛自己，
因為你值得被珍惜。",2025-01-07 20:54:00,"喜歡我的可以點個追蹤❤️
大家好，我是小雨。
內向害羞，但愛挑戰自己。
自媒體創業中，
兩個月減重10多公斤。
喜歡邊玩邊工作，
享受生活與工作的平衡！",抑鬱症,business,,skipped,
angelala0726,Angela,"朋友：「我今天測了智商，結果高得驚人！」
小明：「那分數是多少？」
朋友：「測試結果說‘不適合用分數衡量’！」
小明：「那確實驚人……」🤣",2025-01-07 16:44:00,"喜歡我的可以點個追蹤❤️
大家好，我是小雨。
內向害羞，但愛挑戰自己。
自媒體創業中，
兩個月減重10多公斤。
喜歡邊玩邊工作，
享受生活與工作的平衡！",抑鬱症,business,,skipped,
angelala0726,Angela,"“愛情就是一場災難！”
它轟轟烈烈闖進你的生活，摧毀理智，點燃激情，卻也可能留下滿地狼藉。
它讓人瘋狂，讓人癡迷，卻又讓人流淚、撕心裂肺。
可笑的是，即使遍體鱗傷，
人們仍舊義無反顧地投入，
因為那短暫的擁抱和炙熱的心跳，
讓生命瞬間有了重量，讓靈魂找到了歸宿。
愛情，毀滅，也重生。",2025-01-07 13:46:00,"喜歡我的可以點個追蹤❤️
大家好，我是小雨。
內向害羞，但愛挑戰自己。
自媒體創業中，
兩個月減重10多公斤。
喜歡邊玩邊工作，
享受生活與工作的平衡！",抑鬱症,business,,skipped,
angelala0726,Angela,"老師問學生：「小明，你為什麼遲到？」
小明答：「因為鬧鐘壞了！」
老師又問：「那你為什麼不修？」
小明回：「因為我一修（休），就更晚起來了！」",2025-01-07 13:18:00,"喜歡我的可以點個追蹤❤️
大家好，我是小雨。
內向害羞，但愛挑戰自己。
自媒體創業中，
兩個月減重10多公斤。
喜歡邊玩邊工作，
享受生活與工作的平衡！",抑鬱症,business,,skipped,
angelala0726,Angela,"🌟 尋找志同道合的合作夥伴！🌟
我們深耕短影音領域超過兩年，這是一個充滿無限可能的市場。
誠邀10位夥伴加入我們，一同迎接這波熱潮：
	•	只需兼職，彈性運作不影響日常生活
	•	免費指導，手把手教到你完全上手
	•	不需任何經驗，只要有行動力和時間
留言或私訊我的IG，立刻為你安排一對一線上說明！
抓住機會，現在就是最好的起點！",2025-01-07 12:27:00,"喜歡我的可以點個追蹤❤️
大家好，我是小雨。
內向害羞，但愛挑戰自己。
自媒體創業中，
兩個月減重10多公斤。
喜歡邊玩邊工作，
享受生活與工作的平衡！",抑鬱症,business,,skipped,
angelala0726,Angela,"友人：你知道嗎？我最近特別想減肥。
我：那你今天吃什麼？
友人：少吃點，剛剛就只點了一份炸雞、一份披薩、兩杯奶茶……
我：你這是少了什麼？
友人：少了甜點！
已破防",2025-01-07 07:48:00,"喜歡我的可以點個追蹤❤️
大家好，我是小雨。
內向害羞，但愛挑戰自己。
自媒體創業中，
兩個月減重10多公斤。
喜歡邊玩邊工作，
享受生活與工作的平衡！",抑鬱症,business,,skipped,
angelala0726,Angela,"獅子座的特性
	•	自信與熱情：充滿自信，擁有強烈的自我意識，總能帶來熱情和活力。
	•	創造力與領導力：擅長表現自我，具備卓越的創造力與領導能力。
	•	渴望認同：喜歡成為焦點，追求他人的讚賞與認可。
	•	慷慨與忠誠：對朋友與家人十分重視，內心真誠且重情重義。
	•	可能的弱點：有時顯得固執或自我中心，但本質渴望愛與關懷。
	•	追求夢想：無畏挑戰，擁有勇氣與感染力，總能激勵他人前進。
獅子座脆友",2025-01-07 07:20:00,"喜歡我的可以點個追蹤❤️
大家好，我是小雨。
內向害羞，但愛挑戰自己。
自媒體創業中，
兩個月減重10多公斤。
喜歡邊玩邊工作，
享受生活與工作的平衡！",抑鬱症,business,,skipped,
angelala0726,Angela,"女孩子除了上班，應該擁有屬於自己的秘密計劃。
白天全力以赴工作，空閒時間用來投入一件真正重要的事情。
這不是隨便的興趣，而是你願意用心對待、長期投入的方向。
每一次的進步，都值得你回頭欣賞自己的努力和成長。
當這件事情達到一定高度時，
你不僅擁有穩定的工作，還有一個讓自己更閃耀的副業。
白天的你專業自信，
晚上的你獨特深邃，
沒有人能看透你，因為你擁有自己的目標與堅持，
一步步邁向更好的自己。
如果還不知道自己的方向，
歡迎私訊我，
一起找到屬於你的可能性！",2025-01-06 22:44:00,"喜歡我的可以點個追蹤❤️
大家好，我是小雨。
內向害羞，但愛挑戰自己。
自媒體創業中，
兩個月減重10多公斤。
喜歡邊玩邊工作，
享受生活與工作的平衡！",抑鬱症,business,,skipped,
angelala0726,Angela,"分手了，然後呢？你還能被這點痛打垮嗎？
愛過，輸過，傷過，誰沒有！
真正厲害的人，不是挽回誰，而是重新站起來，把自己活成一束光，照亮曾經的陰影。
別哭了，別懊惱了，對方只是你的過客，而你，才是自己人生的主人。
收拾好心情，狠狠往前走！
記住：分手不是終點，而是你進化的起點！",2025-01-06 20:02:00,"喜歡我的可以點個追蹤❤️
大家好，我是小雨。
內向害羞，但愛挑戰自己。
自媒體創業中，
兩個月減重10多公斤。
喜歡邊玩邊工作，
享受生活與工作的平衡！",抑鬱症,business,,skipped,
angelala0726,Angela,"如果你
在外人面前表現得溫柔有禮，
但在獨處或面對親密的人時，
情緒經常失控、容易爆發，
這可能意味著
你曾在原生家庭中經歷過長期的批評和否定，
情緒被壓抑或忽視，
進而可能發展出情緒調節困難的特質。
這並不代表你有問題，而是你的內心在呼喊療癒的需要。
學會正視自己的情緒，
並尋求專業的支持，
可以幫助你找到平靜與力量。",2025-01-06 19:18:00,"喜歡我的可以點個追蹤❤️
大家好，我是小雨。
內向害羞，但愛挑戰自己。
自媒體創業中，
兩個月減重10多公斤。
喜歡邊玩邊工作，
享受生活與工作的平衡！",抑鬱症,business,,skipped,
angelala0726,Angela,"嗨嗨👋Threads上的陌生朋友～
原本聽說演算法更新了，還以為再也無法碰見這麼溫馨的大家了🫣
沒想到，我只是隨意丟句「嗨👋陌生朋友～」
結果大家依然熱情回應，真的是暖到心坎裡～🤗
有沒有人跟我一樣，超愛這種充滿陌生人善意的Threads～
雖然彼此未曾相識，卻能感受到真摯的溫度，真的好窩心！
希望Threads能一直維持這樣的氛圍，不改也沒差啦～
歡迎留言交朋友👋",2025-01-06 18:47:00,"喜歡我的可以點個追蹤❤️
大家好，我是小雨。
內向害羞，但愛挑戰自己。
自媒體創業中，
兩個月減重10多公斤。
喜歡邊玩邊工作，
享受生活與工作的平衡！",抑鬱症,business,,skipped,
angelala0726,Angela,"有些人出現在你的生命裡，
不是為了陪你到最後，
而是為了提醒你：
別再當「人傻錢多」的代言人。
他們的出現就像一面哈哈鏡，
讓你清楚看到自己的單純與天真。
雖然過程扎心又搞笑，
但好歹讓你學會了——
該長點心了，畢竟智商充值不便宜啊！",2025-01-06 14:43:00,"喜歡我的可以點個追蹤❤️
大家好，我是小雨。
內向害羞，但愛挑戰自己。
自媒體創業中，
兩個月減重10多公斤。
喜歡邊玩邊工作，
享受生活與工作的平衡！",抑鬱症,business,,skipped,
angelala0726,Angela,"你是否曾因善良而被視為軟弱，甚至被人輕視？
當你的善意被踐踏，最直接的反擊方式就是果斷翻臉。
正如稻盛和夫所言：「如果善良得不到應有的尊重，那麼最好的方式就是翻臉。」
因此，必要時請毫不猶豫地展現你的底線。
正如一句幽默的話所說：「善良可以有，但請帶上鋒芒，否則就像帶著糖果去見熊，結果可想而知。」
這提醒我們，善良需要有原則和底線，才能真正贏得他人的尊重。
如果善良得不到尊重，那麼解決人際關係最直接的方法就是翻臉。",2025-01-06 13:03:00,"喜歡我的可以點個追蹤❤️
大家好，我是小雨。
內向害羞，但愛挑戰自己。
自媒體創業中，
兩個月減重10多公斤。
喜歡邊玩邊工作，
享受生活與工作的平衡！",抑鬱症,business,,skipped,
angelala0726,Angela,"小明：老師，我今天忘記帶作業了。
老師：小明，為什麼每次都忘記帶？
小明：因為我家門口有個很大的告示牌，上面寫著「學校附近禁止攜帶作業」。
老師：那是禁止攜帶狗吧！
小明：喔，難怪我家狗一直把我的作業叼過來…",2025-01-06 11:58:00,"喜歡我的可以點個追蹤❤️
大家好，我是小雨。
內向害羞，但愛挑戰自己。
自媒體創業中，
兩個月減重10多公斤。
喜歡邊玩邊工作，
享受生活與工作的平衡！",抑鬱症,business,,skipped,
angelala0726,Angela,"最近在 7-11 工作深深有感，特別提醒大家！
領取包裹時，一定要記得確認自己購買的商品內容和金額💰。
近來詐騙手法層出不窮，不法分子可能冒充電商或物流通知您取包裹📦，甚至利用不明連結竊取個資，請務必提高警覺！
身為店員，我們會盡力告知您的權益，但是否領取包裹仍由您自行判斷。
另外，部分購物平台可能有不肖業者販售個資，因此建議大家謹慎挑選購物管道，盡量透過官方管道購買商品，避免上當受騙！
切記：留意自己的消費記錄，保護個人財產安全，謹防詐騙！",2025-01-06 10:19:00,"喜歡我的可以點個追蹤❤️
大家好，我是小雨。
內向害羞，但愛挑戰自己。
自媒體創業中，
兩個月減重10多公斤。
喜歡邊玩邊工作，
享受生活與工作的平衡！",抑鬱症,business,,skipped,
angelala0726,Angela,"上班篇
老闆：你為什麼每天上班都遲到？
員工：因為路上人太多了。
老闆：那你不能早點出門嗎？
員工：早上路上人更多啊！",2025-01-06 09:11:00,"喜歡我的可以點個追蹤❤️
大家好，我是小雨。
內向害羞，但愛挑戰自己。
自媒體創業中，
兩個月減重10多公斤。
喜歡邊玩邊工作，
享受生活與工作的平衡！",抑鬱症,business,,skipped,
angelala0726,Angela,"你說，要交幾個前任才會遇到對的人啊？
這就像抓娃娃機啊，總得抓幾次空的，才有機會中一個
可是我都抓了十幾次了，連毛都沒抓到！
那你可能忘了投幣，光站那搖桿也沒用啊！
……原來我連機台電源都沒插？",2025-01-06 01:09:00,"喜歡我的可以點個追蹤❤️
大家好，我是小雨。
內向害羞，但愛挑戰自己。
自媒體創業中，
兩個月減重10多公斤。
喜歡邊玩邊工作，
享受生活與工作的平衡！",抑鬱症,business,,skipped,
angelala0726,Angela,"擺脫戀愛腦的最佳途徑：去創業！
當你忙得沒時間關注他是否回了訊息，
更不用在意他態度是否時冷時熱，
你會發現：
經營事業帶來的滿足感，
遠比戀愛情緒的起伏更加充實有意義！
專注於提升自己，
你的自信和光芒會自然吸引更優質的人靠近，
而你也不再需要依賴任何人來證明自己的價值。
想要輕鬆創業的，歡迎私訊我，
拋開情感束縛，一起努力賺錢！",2025-01-05 23:35:00,"喜歡我的可以點個追蹤❤️
大家好，我是小雨。
內向害羞，但愛挑戰自己。
自媒體創業中，
兩個月減重10多公斤。
喜歡邊玩邊工作，
享受生活與工作的平衡！",抑鬱症,business,,skipped,
angelala0726,Angela,"「他本來信誓旦旦說這輩子不會為誰心動，結果在看到她的第一眼，他的嘴角和原則一起崩了。」
他曾經是那種戀愛絕緣體。
誰也撼動不了的鋼鐵直男。
結果她一個轉身，直接把他的理智拍進了太平洋。
他原本每天只愛研究股票和遊戲。
卻突然開始研究星座和戀愛技巧。
朋友問他怎麼了。
他一本正經說：「我只是路過，心不小心掉在她那裡了。」
從那天起，所有人都知道。
他完了，徹底完了。
這輩子，算是被她承包了。",2025-01-05 23:21:00,"喜歡我的可以點個追蹤❤️
大家好，我是小雨。
內向害羞，但愛挑戰自己。
自媒體創業中，
兩個月減重10多公斤。
喜歡邊玩邊工作，
享受生活與工作的平衡！",抑鬱症,business,,skipped,
angelala0726,Angela,"獅子座，天生不服輸！你骨子裡的驕傲，讓你無法接受平庸，更不會容忍被低估。當別人懷疑你時，你偏偏要做給他們看，證明自己的力量。哪怕再累，再痛，你也不會在人前示弱，因為你的字典裡沒有“屈服”二字！
你可以獨自熬過黑暗，也可以一個人點燃希望。你愛得熱烈，恨得乾脆，從不遮遮掩掩。你追求榮耀，但更追求內心的忠誠，哪怕遍體鱗傷，也絕不背叛自己。
這就是獅子座！與其被理解，不如被敬畏；與其求認同，不如活得漂亮。你的光芒，是屬於自己的怒吼，是撼動世界的力量！
獅子座脆友們",2025-01-05 21:26:00,"喜歡我的可以點個追蹤❤️
大家好，我是小雨。
內向害羞，但愛挑戰自己。
自媒體創業中，
兩個月減重10多公斤。
喜歡邊玩邊工作，
享受生活與工作的平衡！",抑鬱症,business,,skipped,
angelala0726,Angela,"你知道分手後，什麼樣的人最讓人敬佩嗎？
是那種不去搞什麼曖昧，
不急著撲向下一段感情，
不搞什麼無縫銜接，
而是咬著牙，把自己的生活撐起來的人！
我知道，這很難，特別難！
但拜託你，忍住！別去哭，別去求，
什麼都別說，什麼都別做！
狠狠地撐下來，自己穿過這片狼狽！",2025-01-05 21:21:00,"喜歡我的可以點個追蹤❤️
大家好，我是小雨。
內向害羞，但愛挑戰自己。
自媒體創業中，
兩個月減重10多公斤。
喜歡邊玩邊工作，
享受生活與工作的平衡！",抑鬱症,business,,skipped,
angelala0726,Angela,"在Threads上招募合作夥伴！
我們已經經營短影音超過兩年，市場仍然非常廣闊，充滿機會。
現在誠邀10位合作夥伴，一起把握這波潮流：
	•	兼職即可，不影響日常生活
	•	免費教學，直到完全學會
	•	不需要經驗，只要有時間和行動力
歡迎留言或私訊我的IG
提供一對一線上詳細說明！",2025-01-05 21:18:00,"喜歡我的可以點個追蹤❤️
大家好，我是小雨。
內向害羞，但愛挑戰自己。
自媒體創業中，
兩個月減重10多公斤。
喜歡邊玩邊工作，
享受生活與工作的平衡！",抑鬱症,business,,skipped,
angelala0726,Angela,"你是否正經歷以下問題？
	•	遇到緊急情況時，卻無法湊齊2000元應急
	•	每月收入剛進賬，就被用來償還欠款
	•	以新貸還舊貸，債務額度越來越高
	•	因為欠款而感到焦慮、不安，甚至夜晚難以入睡
	•	不敢對親友提起，擔心遭到指責或誤解
	•	想儘快還清貸款，但承受不了高額利息
	•	陷入用一筆錢補另一筆的惡性循環
如果以上情況戳中了你，說明你可能已被債務問題困住。
擺脫債務壓力的五個實用策略：
	1.	清點並整理所有欠款情況
	2.	優先處理高利率的貸款
	3.	減少非必要的開支和消費
	4.	停止使用借款方式解決欠款問題
	5.	尋找穩定且多樣化的額外收入來源
如果你希望通過網絡營銷，無需投入資金即可創業並增加收入，歡迎私訊了解詳情！",2025-01-05 21:01:00,"喜歡我的可以點個追蹤❤️
大家好，我是小雨。
內向害羞，但愛挑戰自己。
自媒體創業中，
兩個月減重10多公斤。
喜歡邊玩邊工作，
享受生活與工作的平衡！",抑鬱症,business,,skipped,
angelala0726,Angela,"愛情就是這樣——
一邊嫌棄對方笨，一邊又怕別人沒眼光把他搶走。
它是一起減肥，最後卻手牽手去吃宵夜；
是吵架時氣得不行，卻還是記得給他留飯。
真正的愛情，不是每天浪漫滿分，
而是天天雞毛蒜皮還能笑到肚子疼。
所以啊，愛情不過就是兩個傻子，
一起把日子過成段子！",2025-01-05 19:56:00,"喜歡我的可以點個追蹤❤️
大家好，我是小雨。
內向害羞，但愛挑戰自己。
自媒體創業中，
兩個月減重10多公斤。
喜歡邊玩邊工作，
享受生活與工作的平衡！",抑鬱症,business,,skipped,
angelala0726,Angela,"我認真思考了一下，
為什麼會喜歡你，
結果發現答案特別簡單——
因為全世界沒有人比你更笨了！
但偏偏就是這份笨，
讓我笑到停不下來，
生活突然多了好多意想不到的驚喜。
你就像愛情里的「隱藏彩蛋」，
總能用你的迷糊和搞笑，
把平淡的日子變成一場場小型喜劇。
說到底，誰讓我這麼有眼光呢，
笨成這樣還能讓人愛得死心塌地，
這可是天賦啊！",2025-01-05 19:36:00,"喜歡我的可以點個追蹤❤️
大家好，我是小雨。
內向害羞，但愛挑戰自己。
自媒體創業中，
兩個月減重10多公斤。
喜歡邊玩邊工作，
享受生活與工作的平衡！",抑鬱症,business,,skipped,
angelala0726,Angela,"A： 你覺得我們的愛情像什麼？
B： 像Wi-Fi吧！
 有時候信號很好，有時候連不上，
 但還是離不開。",2025-01-05 19:01:00,"喜歡我的可以點個追蹤❤️
大家好，我是小雨。
內向害羞，但愛挑戰自己。
自媒體創業中，
兩個月減重10多公斤。
喜歡邊玩邊工作，
享受生活與工作的平衡！",抑鬱症,business,,skipped,
angelala0726,Angela,"有沒有想一起發展自媒體的小夥伴？
我來提供產品，一起合作賺錢！
我自己經營短影音已經有一段時間了，
如果你也希望透過自媒體每月增加額外收入，
我的商品可以提供給你，
✔️ 無需代理費
✔️ 無需囤貨
只要你願意學習，
並與我一起努力推廣就可以！
有興趣的朋友，留言：「想了解」
一起抓住這個機會吧！",2025-01-05 18:15:00,"喜歡我的可以點個追蹤❤️
大家好，我是小雨。
內向害羞，但愛挑戰自己。
自媒體創業中，
兩個月減重10多公斤。
喜歡邊玩邊工作，
享受生活與工作的平衡！",抑鬱症,business,,skipped,
angelala0726,Angela,"相信力量，它是生命中的燈塔。
每一次困境，都是一次成長的契機。
跌倒並不可怕，勇敢站起才是力量的證明。
迷霧之後，總有陽光等待著你。
堅持內心的信念，你比想像中更強大。
力量來自每一次努力與每一份勇氣。
相信自己，你就是改變的開始。
前方的路或許艱難，但希望一直都在。
一步一步走下去，夢想終將實現。
讓力量成為你最堅定的後盾。",2025-01-05 17:40:00,"喜歡我的可以點個追蹤❤️
大家好，我是小雨。
內向害羞，但愛挑戰自己。
自媒體創業中，
兩個月減重10多公斤。
喜歡邊玩邊工作，
享受生活與工作的平衡！",抑鬱症,business,,skipped,
angelala0726,Angela,"其實，最適合你的人，
就是知道你愛耍脾氣、愛作，
卻還願意留下來哄你的人。
當你熬到一定的年紀，
你會發現，想要的已經不是甜蜜暴擊，
而是有人能幫你拎外賣，記得帶辣醬。
哪有什麼天生合適的兩個人？
不過是一個懂得睜一隻眼閉一隻眼，
另一個懂得別把戲演過頭。",2025-01-05 16:37:00,"喜歡我的可以點個追蹤❤️
大家好，我是小雨。
內向害羞，但愛挑戰自己。
自媒體創業中，
兩個月減重10多公斤。
喜歡邊玩邊工作，
享受生活與工作的平衡！",抑鬱症,business,,skipped,
angelala0726,Angela,"A：分手不是世界的終點，而是另一段旅程的起點。
B：對啊，失去了一個人，但換來了更多自由時間！
A：沒錯！還有更廣闊的世界！
B：還有重新愛自己的機會！
A：對，我現在愛上了躺平，連續追了三天劇。
B：哇，那你感覺怎麼樣？
A：挺好的，就是愛自己的方式有點耗電費……
B：所以分手後，你成了更完整的「電費貢獻者」？
A：是啊，愛自己不留餘力！",2025-01-05 15:42:00,"喜歡我的可以點個追蹤❤️
大家好，我是小雨。
內向害羞，但愛挑戰自己。
自媒體創業中，
兩個月減重10多公斤。
喜歡邊玩邊工作，
享受生活與工作的平衡！",抑鬱症,business,,skipped,
angelala0726,Angela,"A：到了不偷看的那一天，也許就釋懷了吧。
B：哇，你終於放下了？
A：沒有啊，他改密碼了。
B：那你還行嗎？
A：沒事，我剛黑回去了。
B：……你這心態穩得像個駭客！
A：人家偷心，我偷號，公平交易！",2025-01-05 15:23:00,"喜歡我的可以點個追蹤❤️
大家好，我是小雨。
內向害羞，但愛挑戰自己。
自媒體創業中，
兩個月減重10多公斤。
喜歡邊玩邊工作，
享受生活與工作的平衡！",抑鬱症,business,,skipped,
angelala0726,Angela,"戀愛腦日常：
感冒了：
「他發了句‘多喝熱水’，這不就等於結婚了嗎？」
——這不是真愛是什麼？
吵架了：
「他吼得這麼用力，一聽就是真心實意在愛我！」
——沒愛誰會這麼認真吵架？
被冷落：
「他一天沒回消息，一定是在給我準備超級大的驚喜！」
——不然怎麼可能不理我？
被分手：
「他說分手是為了不耽誤我，這才是真正的大愛啊！」
——還有誰能比他更愛我？
戀愛腦的世界：
一個“嗯”是告白？
一句“早安”就是求婚？
連分手都能聽成「我還愛你」？
——這樣的腦回路，還能救嗎？",2025-01-05 14:10:00,"喜歡我的可以點個追蹤❤️
大家好，我是小雨。
內向害羞，但愛挑戰自己。
自媒體創業中，
兩個月減重10多公斤。
喜歡邊玩邊工作，
享受生活與工作的平衡！",抑鬱症,business,,skipped,
angelala0726,Angela,"女生： 你覺得人心是什麼？
男生： 就是奶茶，看著甜，實際上喝多了膩，還傷身。
女生： 那怎麼才能看懂人心？
男生： 多吃幾次虧就行了。
女生： 那你肯定經驗豐富吧？
男生： 別提了，現在有人對我笑，我第一反應是摸摸錢包還在不在。
女生： 哈哈哈，那有人不笑呢？
男生： 不笑的，可能已經開始盤算我剩多少錢了！",2025-01-05 13:45:00,"喜歡我的可以點個追蹤❤️
大家好，我是小雨。
內向害羞，但愛挑戰自己。
自媒體創業中，
兩個月減重10多公斤。
喜歡邊玩邊工作，
享受生活與工作的平衡！",抑鬱症,business,,skipped,
angelala0726,Angela,"如果你能坦誠地說出你在耍我，
至少我還能敬你幾分直率。
可惜你選擇掩飾，裝作情深似海，
實際上不過是虛情假意罷了。
最諷刺的是，
到了最後你還想保留自己所謂的體面，
扮演一個無辜的“好人”。
虛偽的人總愛假裝深情，
卻不明白，真正的深情從不需要掩飾和刻意，
反而會因謊言而變得一文不值。",2025-01-05 13:02:00,"喜歡我的可以點個追蹤❤️
大家好，我是小雨。
內向害羞，但愛挑戰自己。
自媒體創業中，
兩個月減重10多公斤。
喜歡邊玩邊工作，
享受生活與工作的平衡！",抑鬱症,business,,skipped,
angelala0726,Angela,"讀莫言的新書《晚熟的人》。
你會看到殘酷的真相：
那些傷害你的人，
早已盤算得失，選擇傷害你，
因為你最容易犧牲。
你溫柔善良，卻被利用、被嫌棄。
拒絕犧牲時，還要背上「不和諧」的罪名。
莫言用12篇小說，
寫透人性冷漠和利益計算，
提醒我們：
不要害怕得罪人，
這個世界只尊重強大且不妥協的人！",2025-01-05 11:55:00,"喜歡我的可以點個追蹤❤️
大家好，我是小雨。
內向害羞，但愛挑戰自己。
自媒體創業中，
兩個月減重10多公斤。
喜歡邊玩邊工作，
享受生活與工作的平衡！",抑鬱症,business,,skipped,
angelala0726,Angela,"「女生為什麼需要儀式感？這答案戳中了所有女生的心。」
儀式感是什麼？
是我買得起花，卻更想收到你送的。
是我一個人能活得很好，但還是希望有人在乎我。
那些你覺得無關緊要的小事，
卻是女生感受到愛的全部。
她在意的不是價格，而是你的心意：
是儀式感，是耐心，是那些被重視的細節。
其實，儀式感不在於大或小，
也不在於多或少，
而是——你願不願意花心思讓她感受到愛。
真正愛你的人會說：
「別人有的，你也一定會有，
因為我不會讓你羨慕別人。」
儀式感不是虛榮，
而是愛裡不可缺少的溫暖，
它讓女生知道，她在你心裡有多珍貴。",2025-01-05 10:25:00,"喜歡我的可以點個追蹤❤️
大家好，我是小雨。
內向害羞，但愛挑戰自己。
自媒體創業中，
兩個月減重10多公斤。
喜歡邊玩邊工作，
享受生活與工作的平衡！",抑鬱症,business,,skipped,
angelala0726,Angela,"「為什麼有些父母，明明是愛孩子，卻一步步毀掉了他們？」
小時候，拼命打壓你，說你不夠好，
長大後，又要求你要有自信。
小時候，告訴你別跟別人比吃穿，
長大了，卻嫌你沒出息、不爭氣。
學生時代，不准你早戀，
一畢業就開始催婚催生。
小時候，要你正直善良像個天使，
長大了，又希望你變得狡猾圓滑。
這樣的矛盾教育，是在愛孩子，
還是在親手扼殺他們的未來？",2025-01-05 01:20:00,"喜歡我的可以點個追蹤❤️
大家好，我是小雨。
內向害羞，但愛挑戰自己。
自媒體創業中，
兩個月減重10多公斤。
喜歡邊玩邊工作，
享受生活與工作的平衡！",抑鬱症,business,,skipped,
angelala0726,Angela,"「他會偷吃，就算公開了你們的關係也一樣！」
公開關係只是幫他篩選那些，
明知道他有女朋友，卻依然願意上鉤的人。
男人其實看得出女生是不是綠茶，
問題不在於看不看得出，
而是他還有沒有那顆愛玩的心。
只要那顆心還在，
他就會默默傳遞一個訊息：
「我有女朋友，但你介意嗎？」
忠誠不是靠公開證明的，
而是看他能不能管住自己。",2025-01-05 01:05:00,"喜歡我的可以點個追蹤❤️
大家好，我是小雨。
內向害羞，但愛挑戰自己。
自媒體創業中，
兩個月減重10多公斤。
喜歡邊玩邊工作，
享受生活與工作的平衡！",抑鬱症,business,,skipped,
angelala0726,Angela,"世界這麼大，為什麼要因為一點挫折就停下來？
你真的甘心嗎？那些傷痛、那些眼淚，
只是暫時的，卻不應該成為束縛你的枷鎖。
生活從來不會對任何人手下留情，
但正因如此，我們才更要站起來，
才能看到更遠的風景。
不要讓短暫的低谷淹沒了你的勇氣，
別讓片刻的失敗否定了你前進的意義。
抬起頭，深吸一口氣，
這世界還有太多的美好等著你去發現，
還有無數的可能等著你去追尋。
大步向前吧，
把那些質疑與冷漠甩在身後，
用力奔跑，直到你看見屬於自己的陽光。
你值得擁有整片天地，
而不是被困在一個小小的挫折裡！",2025-01-05 00:17:00,"喜歡我的可以點個追蹤❤️
大家好，我是小雨。
內向害羞，但愛挑戰自己。
自媒體創業中，
兩個月減重10多公斤。
喜歡邊玩邊工作，
享受生活與工作的平衡！",抑鬱症,business,,skipped,
angelala0726,Angela,"你們看著我，像看一個笑話，
冷漠的目光，帶著一絲輕蔑。
或許你們覺得，我是在逃避，
覺得我懦弱到不敢面對現實。
但你們知道嗎？
每一次掙扎，我都在與黑暗搏鬥，
每一次後退，都只為了積攢更多的力量。
是的，我曾跌倒，也曾迷茫，
但這並不代表我會永遠停留在原地。
那些痛，那些傷，終將成為我的養分，
讓我在未來的某一天，重新站得更高、更穩。
你們站在高處指責我，
卻忘了，每個人都有自己的速度，
每一步都需要時間來調整自己的節奏。
或許今天我還在低谷，
但低谷只會讓我看清，
那向上的方向，還有多少可能。
所以，請放心，
我不是放棄，而是選擇另一種堅持。
等著吧，當我站起來的時候，
那些質疑與冷漠，將不再影響我。
因為我會帶著力量，向陽而生！",2025-01-04 21:59:00,"喜歡我的可以點個追蹤❤️
大家好，我是小雨。
內向害羞，但愛挑戰自己。
自媒體創業中，
兩個月減重10多公斤。
喜歡邊玩邊工作，
享受生活與工作的平衡！",抑鬱症,business,,skipped,
angelala0726,Angela,"談戀愛是不是會讓人變瘋？
前幾天發現我對象沒刪他前任微信，
我直接問他：「要麼你刪他，要麼我扇你！」
剛開始還想學什麼「搞三個不慌」的理論，
結果不僅慌，還直接魔怔了。
手機密碼改成他的生日，桌面全是他的照片，
甚至想把地球都貼滿他的臉！
以前笑我閨蜜矯情，現在才懂：
男朋友不衝到飛機窗戶扒著看我，
根本就不夠愛啊！
談戀愛真讓人瘋，但瘋得好爽！",2025-01-04 21:37:00,"喜歡我的可以點個追蹤❤️
大家好，我是小雨。
內向害羞，但愛挑戰自己。
自媒體創業中，
兩個月減重10多公斤。
喜歡邊玩邊工作，
享受生活與工作的平衡！",抑鬱症,business,,skipped,
angelala0726,Angela,"你還在為感情糾結？為金錢焦慮？
真相就在這裡——《超準因果定律》！
人生的不順，真的只是運氣不好嗎？
感情不如意，賺錢不順利，一切背後都有因果的力量在操縱！
當你學會放下執念，改變自己，
內在的能量翻轉，世界就會給你驚喜！
不相信命運？那就改寫命運！
現在就開始向內求，打開全新的可能性，
吸引愛情、財富與幸福，這一切都由你掌控！
你的改變，將引爆你的人生奇蹟！",2025-01-04 21:28:00,"喜歡我的可以點個追蹤❤️
大家好，我是小雨。
內向害羞，但愛挑戰自己。
自媒體創業中，
兩個月減重10多公斤。
喜歡邊玩邊工作，
享受生活與工作的平衡！",抑鬱症,business,,skipped,
angelala0726,Angela,"丟臉的本質在於品格與行為
沒車、沒房、沒錢，甚至創業失敗，都不丟臉，這些只是人生中的階段，只要努力就有改變的可能。
但以下行為更需要警惕：
對家庭成員缺乏尊重或有暴力行為。
逃避責任，推卸應承擔的義務。
長期依賴他人卻毫無愧疚感。
言而無信、缺乏誠實與原則。
不努力改變現狀，卻過度抱怨環境。
無論男女，努力提升自我，尊重他人，對家庭與社會負責，才是真正值得追求的品格。丟臉與否，關鍵在於內在修養，而非外在條件。",2025-01-04 21:00:00,"喜歡我的可以點個追蹤❤️
大家好，我是小雨。
內向害羞，但愛挑戰自己。
自媒體創業中，
兩個月減重10多公斤。
喜歡邊玩邊工作，
享受生活與工作的平衡！",抑鬱症,business,,skipped,
angelala0726,Angela,"男人問：「怎樣才能讓你一直愛我？」
女人答：「很簡單啊，給我情緒上的安全感，
生活上的保障，還有陪伴和理解。」
男人皺眉：「有沒有更直白的？」
女人微笑：「哄我、養我、陪我，
不然就別耽誤我。」",2025-01-04 20:45:00,"喜歡我的可以點個追蹤❤️
大家好，我是小雨。
內向害羞，但愛挑戰自己。
自媒體創業中，
兩個月減重10多公斤。
喜歡邊玩邊工作，
享受生活與工作的平衡！",抑鬱症,business,,skipped,
angelala0726,Angela,"你有被欺騙過嗎？
那種被信任的人辜負的感覺，
是不是像跌入無底深淵？
謊言看似微小，卻能輕易擊垮信任的橋樑。
欺騙者或許得意一時，
但傷害卻留給那些曾全心相信的人。
與其編織謊言，不如選擇坦誠，
因為只有真實，才能修補心靈的裂縫。",2025-01-04 20:26:00,"喜歡我的可以點個追蹤❤️
大家好，我是小雨。
內向害羞，但愛挑戰自己。
自媒體創業中，
兩個月減重10多公斤。
喜歡邊玩邊工作，
享受生活與工作的平衡！",抑鬱症,business,,skipped,
angelala0726,Angela,"獅子座的光芒
獅子座天生自信，充滿熱情，
總能吸引眾人的目光。
他們擁有領袖氣質，對目標執著且富有行動力，
勇於追求成功。
雖偶爾顯得自我，內心卻渴望認可與尊重。
他們對朋友和家人充滿關愛，
擅長用熱情感染他人，並在困境中堅持不懈。
像一團火焰般，
獅子座既帶來溫暖，又激勵著身邊的人，
成為不可忽視的力量。",2025-01-04 19:33:00,"喜歡我的可以點個追蹤❤️
大家好，我是小雨。
內向害羞，但愛挑戰自己。
自媒體創業中，
兩個月減重10多公斤。
喜歡邊玩邊工作，
享受生活與工作的平衡！",抑鬱症,business,,skipped,
angelala0726,Angela,"如果你明知道和一個人沒有結果，但你又深深愛著他，你會怎麼選擇？
是珍惜短暫的過程，奮力追求結果，還是理性放手、轉身離開？
如果是我，
我會選擇珍惜當下，把這段感情握緊，毫無保留地去愛。
即使愛到筋疲力盡，自尊被磨平，撞得頭破血流，我也不後悔。
因為只有全力以赴，才能對得起自己內心的真情。
宮崎駿曾說：
「其實我早就知道我們不合適，但我還是拒絕了所有人，陪你走完了一段沒有結果的路。」
或許過程不長，但愛過、付出過，本身就是一生的回憶。
什麼才算結果？
結婚是結果，離婚也是結果。而曾經真心相愛過，就是最好的結果。
見過花開已是幸運，
又何必在意花落誰家？
那麼，你會怎麼選擇呢？",2025-01-04 19:07:00,"喜歡我的可以點個追蹤❤️
大家好，我是小雨。
內向害羞，但愛挑戰自己。
自媒體創業中，
兩個月減重10多公斤。
喜歡邊玩邊工作，
享受生活與工作的平衡！",抑鬱症,business,,skipped,
angelala0726,Angela,"盲從，是人性最大的懦弱。
多少人選擇隨波逐流，只因害怕站在對立面？
群體的聲音，未必是真理；
多數人的選擇，也可能只是逃避。
當每個人都說「是」，
敢說「不是」的人，才擁有真正的勇氣。
當你放棄思考，只為求得一時安穩，
你是否察覺，自己正在被推向深淵？
真相，從來不屬於附和者，
而只屬於那些敢於質疑與探索的人。
別做盲目的傀儡，
選擇獨立思考，才是唯一的自由之路。",2025-01-04 17:59:00,"喜歡我的可以點個追蹤❤️
大家好，我是小雨。
內向害羞，但愛挑戰自己。
自媒體創業中，
兩個月減重10多公斤。
喜歡邊玩邊工作，
享受生活與工作的平衡！",抑鬱症,business,,skipped,
angelala0726,Angela,"獅子座，
天生自信耀眼，
總是吸引目光。
驕傲是他們的鎧甲，
也是他們的弱點。
外表堅強，
內心柔軟。
渴望被肯定，
但不輕易示弱。
用真心燃燒，
只為值得的人。
獅子座",2025-01-04 17:05:00,"喜歡我的可以點個追蹤❤️
大家好，我是小雨。
內向害羞，但愛挑戰自己。
自媒體創業中，
兩個月減重10多公斤。
喜歡邊玩邊工作，
享受生活與工作的平衡！",抑鬱症,business,,skipped,
angelala0726,Angela,"我知道你最近經歷了一些事，
讓你覺得人生似乎失去了色彩，
好像一切努力都變得徒勞無功。
生活本就有難熬的時刻，
但請記住，苦難終將過去，而你會更強大。
如果命運關上了一扇門，
別急，推開它，甚至踢開它，
因為門存在的意義，本就是為了讓人走出去。
若窗戶也被鎖死，那不妨暫時停下，
躺下來，開啟冷氣，
用一場休息迎接下一次的出發。
人生不是只有一條路，
每一次關閉的背後，都是另一個契機的開始。",2025-01-04 16:27:00,"喜歡我的可以點個追蹤❤️
大家好，我是小雨。
內向害羞，但愛挑戰自己。
自媒體創業中，
兩個月減重10多公斤。
喜歡邊玩邊工作，
享受生活與工作的平衡！",抑鬱症,business,,skipped,
angelala0726,Angela,"重新開始，期待你的關注和追蹤！
這是一個新的帳號，
但我還是那個愛分享、愛交流的我。
	•	我會分享有趣的故事，
	•	聊聊你關心的話題，
	•	和你一起找到屬於我們的共鳴。
你的每一次關注和追蹤，
都是對我最大的支持！
世界這麼大，我們能相遇不容易，
點個關注吧，
未來的精彩，我們一起經歷！
脆友幫幫忙",2025-01-04 16:10:00,"喜歡我的可以點個追蹤❤️
大家好，我是小雨。
內向害羞，但愛挑戰自己。
自媒體創業中，
兩個月減重10多公斤。
喜歡邊玩邊工作，
享受生活與工作的平衡！",抑鬱症,business,,skipped,
angelala0726,Angela,"女人被一句話騙了大半輩子：
「想要留住男人的心，先要滿足他的胃。」
我就想問一句：
有哪個出軌的男人，是因為小三的廚藝比你好才出軌的？
別再被這種老套觀念束縛了。
真正愛你的人，不需要你費盡心思討好，
而不愛你的人，不管你怎麼努力，他的心都不會屬於你。",2025-01-04 16:06:00,"喜歡我的可以點個追蹤❤️
大家好，我是小雨。
內向害羞，但愛挑戰自己。
自媒體創業中，
兩個月減重10多公斤。
喜歡邊玩邊工作，
享受生活與工作的平衡！",抑鬱症,business,,skipped,
angelala0726,Angela,"如果你的孩子結婚時連房子都買不起，
你還有臉指望他拿錢來孝順你？
他連自己的日子都過不下去，
甚至不敢生孩子，
你憑什麼要求他照顧你？
年輕時好吃懶做，不努力、不規劃，
現在卻把所有後果丟給孩子，
這不是無恥是什麼？
別用所謂的孝道來綁架孩子，
那不過是為了掩飾你自己的不作為！
一個連自己責任都不扛的人，
有什麼資格讓孩子為你買單？
醒醒吧，別再自私得理直氣壯了！",2025-01-04 15:47:00,"喜歡我的可以點個追蹤❤️
大家好，我是小雨。
內向害羞，但愛挑戰自己。
自媒體創業中，
兩個月減重10多公斤。
喜歡邊玩邊工作，
享受生活與工作的平衡！",抑鬱症,business,,skipped,
angelala0726,Angela,"你是否曾經疑惑過，為什麼一段關係會結束？
是不是因為你不夠好？還是因為幸福離你而去？
其實，命運並不是在懲罰你，
而是在看到你的委屈後，為你撕開了枷鎖，
讓你有機會迎接那個真正懂得珍惜你的人。
與其懷疑，不如相信——
錯的人離開，是為了讓對的人找到你。
你準備好迎接更好的未來了嗎？",2025-01-04 15:27:00,"喜歡我的可以點個追蹤❤️
大家好，我是小雨。
內向害羞，但愛挑戰自己。
自媒體創業中，
兩個月減重10多公斤。
喜歡邊玩邊工作，
享受生活與工作的平衡！",抑鬱症,business,,skipped,
angelala0726,Angela,"如果你去年過得一塌糊塗，
那麼今年就該捨棄一切，重新定義自己！
怕什麼？
	•	錢沒了，證明它不過是工具；
	•	朋友沒了，說明真心不足；
	•	愛情沒了，只是錯的人離開；
	•	工作沒了，意味著新的機遇正在等你。
你本就赤手空拳來到這世上，
憑什麼不敢從頭再來？",2025-01-04 15:01:00,"喜歡我的可以點個追蹤❤️
大家好，我是小雨。
內向害羞，但愛挑戰自己。
自媒體創業中，
兩個月減重10多公斤。
喜歡邊玩邊工作，
享受生活與工作的平衡！",抑鬱症,business,,skipped,
angelala0726,Angela,"你不聯繫，是覺得無所謂，還是壓根不在乎？
我不打擾，是選擇尊重，還是逼自己死心？
我們到底在躲什麼？面子？自尊？還是那點可笑的體面？
愛過的人，能裝得像不認識一樣嗎？別騙自己了！
成年人最愛講什麼熬得住就熬，
可有幾個熬過的不是心碎成渣？
扛得住？扛不住？說白了都是自欺欺人！
你真敢說從沒想過我？我真能說不在意你？
我們這樣算什麼？逃避的懦夫，還是沒膽子的失敗者？",2025-01-04 07:33:00,"喜歡我的可以點個追蹤❤️
大家好，我是小雨。
內向害羞，但愛挑戰自己。
自媒體創業中，
兩個月減重10多公斤。
喜歡邊玩邊工作，
享受生活與工作的平衡！",抑鬱症,business,,skipped,
angelala0726,Angela,"如果有一個按鈕，能讓你最愛的人復活——你會按下嗎？！
他們的笑容，那些未說完的話，無數次午夜裡的呼喚！
只要按下，所有痛苦都能結束——還是？
你確定這是愛？還是你的自私、不甘、懦弱在作祟？
他們真的想回來嗎？帶著遺憾，還是再一次陷入無盡的輪迴？
愛不是禁錮，不是重來！
放手，才是讓他們安息；記憶，才是真正的永恆。
那麼，現在，敢不敢不按下？",2025-01-03 22:53:00,"喜歡我的可以點個追蹤❤️
大家好，我是小雨。
內向害羞，但愛挑戰自己。
自媒體創業中，
兩個月減重10多公斤。
喜歡邊玩邊工作，
享受生活與工作的平衡！",抑鬱症,business,,skipped,
angelala0726,Angela,"「人性是善還是惡？」
有人說人性本善，那為什麼還需要法律來管人？
有人說人性本惡，可那些犧牲自己幫助別人的人怎麼解釋？
你覺得行善是因為真心，
還是怕別人說閒話？
做壞事真的是天性，
還是環境把人逼成這樣？
其實，善與惡沒有絕對，
很多時候只是選擇和環境的結果。
所以，人性到底怎麼樣？
看你站在哪裡，
又怎麼選擇。",2025-01-03 18:25:00,"喜歡我的可以點個追蹤❤️
大家好，我是小雨。
內向害羞，但愛挑戰自己。
自媒體創業中，
兩個月減重10多公斤。
喜歡邊玩邊工作，
享受生活與工作的平衡！",抑鬱症,business,,skipped,
shee.__.99,Shena♡,沒抑鬱的人在拼命裝抑鬱，“而真正抑鬱症的人在拼命裝正常人”,2025-02-13 11:19:00,"_______.✧⁠*⁠。♡• °★    
         ""𝓘 𝓪𝓶 𝓫𝓮𝓬𝓪𝓾𝓼𝓮 𝔂𝓸𝓾 𝓪𝓻𝓮. ""
                                ___”✩♩𝄞♫☪︎___
   
&•°._____________✧*。.",抑鬱症,not_enough_posts,,skipped,
tkng0407,走出...我的抑鬱日記 (等妳),"究竟怎樣才算是愛自己？
抑鬱症",2025-01-07 21:17:00,"第二次抑鬱症
trigger 都是因為同一個人
是因為要學的功課 還沒學會？
是因為巨蟹座  對愛的執著？
是因為高敏感   想多了？
anyway.... 總覺得我必須要康復 
才有資格與妳一起
才有能力愛妳 照顧妳",抑鬱症,pass,,high_depression_risk_user,
tkng0407,走出...我的抑鬱日記 (等妳),"當初妳說我是唯一能進到妳內心深處的人
但現在妳什麼也不對我說了
不能做妳的唯一
我還夢想可以做妳的後備
或至少可以在妳身邊作知己到老
....
被無視
被已讀不回
.... 很傷
習慣...但仍然會痛
抑鬱症",2025-01-07 18:54:00,"第二次抑鬱症
trigger 都是因為同一個人
是因為要學的功課 還沒學會？
是因為巨蟹座  對愛的執著？
是因為高敏感   想多了？
anyway.... 總覺得我必須要康復 
才有資格與妳一起
才有能力愛妳 照顧妳",抑鬱症,pass,,high_depression_risk_user,
tkng0407,走出...我的抑鬱日記 (等妳),"原來你們除夕夜一起倒數
一起jam 歌
只是没有叫我參與
已往10多年都一起
但現在你們已經不想要我
究竟你們有多少個 party 沒有叫我?
20多年的友誼 感情
原來只有我自己在乎
原來只有我每天在流淚
原來我是如此可有可無
原來我是被嫌棄
原來我是被遺棄
我應該怎樣去想?
我應該怎樣去面對?
我是否應該笑著  每天扮開心?
期待有一天可以再成為朋友?
還是我應該離開你們
不要再出現在你們面前
我寧願你們告訴我做錯了什麼
可否告訴我你們討厭我什麼
現在我覺得自己很卑微 很羞愧
.......
抑鬱症",2025-01-04 18:43:00,"第二次抑鬱症
trigger 都是因為同一個人
是因為要學的功課 還沒學會？
是因為巨蟹座  對愛的執著？
是因為高敏感   想多了？
anyway.... 總覺得我必須要康復 
才有資格與妳一起
才有能力愛妳 照顧妳",抑鬱症,pass,,high_depression_risk_user,
tkng0407,走出...我的抑鬱日記 (等妳),"雖然妳說過不會像上一次 (20年前) 般 cast me out....
但妳還是做了... 妳再一次把我完全推開了
雖然我知道是自己欺騙自己
妳的""online"" 其實與我並沒有一點聯繫
但對我來說... 就是唯一的 connection..
現在連這一點點的結連也被妳收起了
我如何可以再等多13年？
妳，會再回來嗎？
抑鬱症",2025-01-03 20:43:00,"第二次抑鬱症
trigger 都是因為同一個人
是因為要學的功課 還沒學會？
是因為巨蟹座  對愛的執著？
是因為高敏感   想多了？
anyway.... 總覺得我必須要康復 
才有資格與妳一起
才有能力愛妳 照顧妳",抑鬱症,pass,,high_depression_risk_user,
tkng0407,走出...我的抑鬱日記 (等妳),"有人說聖誕節是會令人的心境放大
開心的人 會更顯得開心幸福
傷心的人 會更感到孤獨難過
以前很喜歡聖誕節及新年期間
可以連續幾天，幾乎一個星期
輪流去朋友們的家party
現在的我十分討厭聖誕
看著你們開心 根本不缺我
我只有孤獨的留在家
自己一個人過
自己一個人流淚
抑鬱症",2024-12-24 22:27:00,"第二次抑鬱症
trigger 都是因為同一個人
是因為要學的功課 還沒學會？
是因為巨蟹座  對愛的執著？
是因為高敏感   想多了？
anyway.... 總覺得我必須要康復 
才有資格與妳一起
才有能力愛妳 照顧妳",抑鬱症,pass,,high_depression_risk_user,
lhye_mo,lhye_mo,我是一個重度抑鬱症患者，目前正在恢復中，這個account就是用來說平時不敢在人前說的廢話，不喜歡就自行忽略吧🫶🏻,2025-08-04 12:34:00,,抑鬱症,not_enough_posts,,skipped,
tkng0407,走出...我的抑鬱日記 (等妳),"很難過
但原來一個可以與我傾傾訴的人也沒有
抑鬱症",2025-02-16 20:25:00,"第二次抑鬱症
trigger 都是因為同一個人
是因為要學的功課 還沒學會？
是因為巨蟹座  對愛的執著？
是因為高敏感   想多了？
anyway.... 總覺得我必須要康復 
才有資格與妳一起
才有能力愛妳 照顧妳",抑鬱症,pass,,high_depression_risk_user,
tkng0407,走出...我的抑鬱日記 (等妳),"分手 寂寞 
其實不可怕
不境妳不是第一次離開我
我不是第一次經歷失去妳的痛
我怕 是我這生沒有那麼幸運
可以等多十五年
可以等妳再回來
我怕  是我沒那麼幸運
可以在我生命的最後一口氣
告訴妳 ""我仍然愛妳""
抑鬱症",2025-02-15 19:42:00,"第二次抑鬱症
trigger 都是因為同一個人
是因為要學的功課 還沒學會？
是因為巨蟹座  對愛的執著？
是因為高敏感   想多了？
anyway.... 總覺得我必須要康復 
才有資格與妳一起
才有能力愛妳 照顧妳",抑鬱症,pass,,high_depression_risk_user,
_teufel_fade_to_black,Teufel,"抑鬱症最好的藥便是愛
它同時卻也是一種毒品
用糖衣包裹著即將崩塌的靈魂
暫時的維持它原有的形狀
當愛一旦從你身上被剝削
融化的糖衣將不能再支撐你破碎的靈魂
你將墜入更黑的夜 更深的海
不斷掙扎 卻無補於事
寒冷徹骨的海水湧入你的鼻腔內
很快 你將在無止境的痛苦之中
慢慢沉入深淵",2025-12-01 21:54:00,I am because you are.,抑鬱症,pass,,low_depression_risk_user,
_teufel_fade_to_black,Teufel,"You were once the brightest star in my eyes,
You were once my world.
But as my eyes filled with glisters of sorrow, 
You shattered into showers of stardust, 
And were swept away along the rivers of my tears.",2025-12-01 20:31:00,I am because you are.,抑鬱症,pass,,low_depression_risk_user,
_teufel_fade_to_black,Teufel,"I say ""sorry"" a lot,
Mostly because I feel like it is my fault.",2025-12-01 20:07:00,I am because you are.,抑鬱症,pass,,low_depression_risk_user,
_imyour_bing,BingBing 🌙,"心理學早就證實，長期處於""付出無反饋""情感模式中的引導者，其血清素分泌水平會逐漸趨近抑鬱症患者。
那些沒被接住的分享欲像回旋鏢，最終扎進自己心底最柔軟的角落。
而回避型伴侶永遠不知道，當他們在享受""被包容""的安全感時，對方正在用怎樣恐怖的意志力對抗著「習得性無助。」",2025-02-26 19:01:00,INTJA🤍,抑鬱症,not_enough_posts,,skipped,
_jokiho_,J@@Ho,"唔好以為抑鬱症係等於成日放負，日日匿埋喺屋企喊。
其實好多抑鬱症嘅人比正常人更加正常，你哋唔會估到一個成日出街、做運動、好似乜都玩嘅人其實係有嚴重抑鬱。￼￼
只有親眼見過你病發嘅人先會明",2025-03-17 12:20:00,空白既腦袋加個空洞既軀殼,抑鬱症,pass,,high_depression_risk_user,
_jokiho_,J@@Ho,"又過左一個星，轉左隻藥，感覺上仲差左，還原基本步，瞓得4粒鐘就醒，又要再補安眠藥。
經常聽到刺耳既聲，心悸同驚既感覺番晒黎。
係咪又要提早番去呀？",2025-03-14 00:08:00,空白既腦袋加個空洞既軀殼,抑鬱症,pass,,high_depression_risk_user,
_jokiho_,J@@Ho,"今日提早複診，15分鐘完成，又再一次換藥。
1.  Trazodone 50mg
2. Diazepam 就加到10mg
3. Propranolol 照舊
4. Zolpidem 照舊
醫生今日想我入醫院抖下😰，我即刻話我冇事問喇，bye bye",2025-03-04 01:07:00,空白既腦袋加個空洞既軀殼,抑鬱症,pass,,high_depression_risk_user,
penguin.5343425,penguin.5343425,"每次感覺焦慮症或憂鬱症要發作的時候
我就知道又要浪費兩三個小時躺在床上了",2025-11-25 17:15:00,,焦慮症,not_enough_posts,,skipped,
penguin.5343425,penguin.5343425,"2025真的爛透了
爛到不想開始2026了",2025-11-25 16:52:00,,焦慮症,not_enough_posts,,skipped,
930211.ej,王筱靜,"焦慮症恐慌症真的讓人很痛苦
突然喘不過氣手抖感覺自己快瘋了
感受到自己的心跳 
無法正常的做事講話
莫名的緊張 很躁
好想要正常起來 不要有這些問題
但好難 沒吃鎮定劑
根本無法正常生活☹️",2024-09-12 12:25:00,這個地方很能讓我發揮想像力,焦慮症,business,,skipped,
930211.ej,王筱靜,心累,2024-09-11 16:34:00,這個地方很能讓我發揮想像力,焦慮症,business,,skipped,
930211.ej,王筱靜,"臉長得就很臭 但我脾氣明明那麼好
為什麼要讓我的臉長一臉不屑的樣子",2024-09-01 20:55:00,這個地方很能讓我發揮想像力,焦慮症,business,,skipped,
930211.ej,王筱靜,"工裝褲 酷酷帥氣女孩必備
身上顏色：杏/灰現貨
$400 ❤️❤️
#女裝 #工裝",2024-09-01 20:43:00,這個地方很能讓我發揮想像力,焦慮症,business,,skipped,
930211.ej,王筱靜,"除了粉色全色現貨
內帶罩杯不跑杯上衣
基本款 $320❤️
#女裝#女裝服飾",2024-09-01 20:23:00,這個地方很能讓我發揮想像力,焦慮症,business,,skipped,
930211.ej,王筱靜,每天把牢騷拿出來曬曬太陽，心情就不會缺鈣。,2024-08-31 17:09:00,這個地方很能讓我發揮想像力,焦慮症,business,,skipped,
psy_dr_erin,吳依倫醫師 身心科,"總是無法放鬆、睡不飽，可能是廣泛性焦慮症
和短時間突然焦慮程度飆高的恐慌發作不同，廣泛性焦慮症的人隨時都處在輕度焦慮狀態，就好像身後隨時坐著一隻獅子，只是現代人的獅子是生活中讓人擔心的大小事。這些事不會吃了我們，身體卻會產生一樣的反應。
廣泛性焦慮症有以下症狀：
1.總是擔心不同事情，學校、工作表現、小孩安全，主題換來換去，但都是無法控制的焦慮......就是台語的「搞操煩」
2.肌肉緊繃、常頭痛、容易疲倦
3.注意力不集中、常常腦袋空白
4.對聲音敏感、怕吵易怒
5.無法入睡、淺眠、睡眠品質差
若有以上狀況，建議尋求專業協助喔！",2024-08-12 20:29:00,"顧心也顧身的精神科醫師
紀錄診間日常X讀書觀影筆記
學習過舞蹈治療、正念減壓、接納與承諾療法
👩‍⚕️新田身心診所/禾馨民權婦幼診所/心禾診所主治醫師
個人化治療特約門診（孕產情緒困擾、母職倦怠、強迫症、恐慌症）",焦慮症,not_enough_posts,,skipped,
psy_dr_erin,吳依倫醫師 身心科,"「不管在哪裡，能用自己的專長，讓人們過更好的生活，不是很幸福嗎？」
──摘自 蔡雙羽、邱顯洵《同島一夢》
診間便利貼",2024-08-08 14:02:00,"顧心也顧身的精神科醫師
紀錄診間日常X讀書觀影筆記
學習過舞蹈治療、正念減壓、接納與承諾療法
👩‍⚕️新田身心診所/禾馨民權婦幼診所/心禾診所主治醫師
個人化治療特約門診（孕產情緒困擾、母職倦怠、強迫症、恐慌症）",焦慮症,not_enough_posts,,skipped,
healingtrauma.24,恩典療癒角落,"廣泛性焦慮症（Generalized Anxiety Disorder, GAD）
GAD是一種常見的焦慮症，特徵是對多種事情持續且過度擔心和焦慮。這種焦慮通常是難以控制的，並會影響到個人的日常生活、工作和社交。
主要特徵
1. 持續的焦慮😖：
患者經常對日常生活中各種事情（如健康、工作、人際關係或財務）感到過度擔心和緊張。
2. 難以控制其過度焦慮和緊張的情緒：
患者或會意識到自己已過度擔心和緊張，但他們仍控制不了。
3. 身體症狀：
常見的身體症狀包括心跳過快、肌肉緊張、疲倦、失眠、出汗、手震、顫抖、腸胃不適、肚瀉等。
4. 影響日常生活：
嚴重者或不能正常上班和社交。
(1/2)",2024-08-12 15:48:00,Grace | 全職媽媽|育有一女兒|專注硏讀創傷治療相關知識並想與你分享,焦慮症,non_life,,skipped,
healingtrauma.24,恩典療癒角落,分享了這麼多，今天來説説輕鬆一點的吧。昨天逛街看到了一隻超大的阿拉斯加犬，超可愛的，頭上還有一個小公主皇冠👑。不過是在想牠身上毛又厚又多，天氣還這麼熱，有冷氣的地方還好，沒有的話，感覺會不會就像人在夏天穿著超厚羽絨在街上走，想想就感覺熱死了🥵💦,2024-08-11 16:56:00,Grace | 全職媽媽|育有一女兒|專注硏讀創傷治療相關知識並想與你分享,焦慮症,non_life,,skipped,
healingtrauma.24,恩典療癒角落,"邊緣型人格障礙（Borderline Personality Disorder，簡稱BPD）的症狀如下：
1. 情緒不穩定：
常有劇烈的情緒波動，例如這一刻感到極度快樂，卻會在下一秒一下子就感到無盡的絶望，而這種波動的持續性一般不長。
2. 問題行為：
患者可能會有濫用藥物或過度消費等問題。
3. 自殘：
因為內心感到極度痛楚，有時會自己傷害自己以逃避現實或調節不安的情緒。
4. 強烈恐懼被拋棄：
對於人際關係的依賴性強，或會過度努力來討好別人以避免自己被拋棄或被拒絕。",2024-08-10 17:18:00,Grace | 全職媽媽|育有一女兒|專注硏讀創傷治療相關知識並想與你分享,焦慮症,non_life,,skipped,
healingtrauma.24,恩典療癒角落,"持續性抑鬱症（PDD）之成因
1. 遺傳因素 🧑‍🧑‍🧒‍🧒
家族中有抑鬱症病史的人，患PDD的風險可能更高。
2. 生物化學因素：
大腦中的神經傳遞物質（如血清素、去甲腎上腺素等）失衡。
3. 心理因素：❤️
負面的思維模式、高度敏感、自我要求過高、完美主義。
4. 環境因素：🌳🏡❤️‍🩹
發生創傷性事件（如失業、關係破裂、喪失親人等）或童年經歷（如虐待或忽視）也會引致PDD。
(2/2)",2024-08-08 19:57:00,Grace | 全職媽媽|育有一女兒|專注硏讀創傷治療相關知識並想與你分享,焦慮症,non_life,,skipped,
healingtrauma.24,恩典療癒角落,"抑鬱症並不是一種容易察覺的狀態。許多患者可能在外表上看起來正常，甚至表現得非常開朗，但內心卻在與抑鬱症作鬥爭。這提醒我們要對周圍的人多一份關心，並理解抑鬱症的複雜性，鼓勵有需要的人尋求幫助。
tw.news.yahoo.com
/鄭中基無限期停工-認了-抑鬱症纏身-長期酗酒道歉-對不起我的家人-064502936.html",2024-08-08 12:20:00,Grace | 全職媽媽|育有一女兒|專注硏讀創傷治療相關知識並想與你分享,焦慮症,non_life,,skipped,
healingtrauma.24,恩典療癒角落,"持續性抑鬱症（Persistent Depressive Disorder，簡稱PDD）
PDD也被稱為氣鬱症（dysthymia），是一種慢性的抑鬱症，特徵是長期的情緒低落。它的嚴重程度雖然低於重度抑鬱症，但仍能嚴重影響患者的日常生活質量。以下是關於PDD的一些症狀：
💔 幾乎每天大部分時間都感到悲傷或情緒低落
💔 對曾經喜愛的活動失去興趣
💔 食慾變化（增加或減少）
💔 睡眠障礙（失眠或過度睡眠）
💔 疲勞或精力不足
💔 自尊心低落或感到自己毫無價值
💔 難以集中注意力或做決定
💔 感到絕望或無助
(1/2)",2024-08-06 15:32:00,Grace | 全職媽媽|育有一女兒|專注硏讀創傷治療相關知識並想與你分享,焦慮症,non_life,,skipped,
healingtrauma.24,恩典療癒角落,"如何幫助身邊有情緒病的朋友？
1. 傾聽與理解👂🏻
給予他們一個安全的空間，讓他們能夠自由表達自己的感受。耐心地傾聽，而不是急於給出解決方案。
2. 提供支持💪🏻❤️
讓他們知道你會在身邊支持並陪伴他們。
3. 鼓勵專業幫助🩺
如果他們尚未尋求專業的幫助，鼓勵他們考慮接受心理治療或諮詢。
4. 學習與了解
了解情緒病，這樣能更好地理解他們的感受和行為，並提供適當的支持。
記得同時也要照顧好自己，設定合理的界限，避免因為過度的關心而感到疲憊或有壓力。❤️",2024-08-05 15:51:00,Grace | 全職媽媽|育有一女兒|專注硏讀創傷治療相關知識並想與你分享,焦慮症,non_life,,skipped,
healingtrauma.24,恩典療癒角落,"解離（Dissociation）是一種心理防衛機制，通常是指個體在面對強烈的情緒壓力、創傷或焦慮時，會暫時脫離現實或自我感知的狀態。以下為幾種其表現形式：
1. 記憶解離😶‍🌫️
個體可能會失去對某段時間或事件的記憶，特別是與創傷有關的經歷。例如，患者可能無法回憶起一場事故的細節。
2. 自我解離 🧍🏻‍♀️ 🧍🏻‍♀️
個體可能感到自己與自己的思想、情感或身體分離，感覺像是旁觀者，或者感到自己不真實。
3. 環境解離 🌳🏡 😶‍🌫️
個體可能感到周圍的環境不真實或模糊，像是在夢中一樣，這種感覺會導致現實感的喪失。
4. 身份解離🧍🏻‍♀️ 🧍🏻‍♀️
在某些情況下，個體可能會經歷身份的分裂，這在解離性身份障礙（Dissociative Identity Disorder, DID）中最為明顯，個體可能會擁有兩個或更多的不同身份或人格。
解離通常是一種應對機制，特別是在面對極端壓力或創傷時，個體可能會不自覺地選擇這種方式來保護自己。然而，長期的解離狀態可能會影響日常生活、情感健康和人際關係，並可能需要專業的心理治療來處理。❤️💪🏻",2024-08-03 15:27:00,Grace | 全職媽媽|育有一女兒|專注硏讀創傷治療相關知識並想與你分享,焦慮症,non_life,,skipped,
healingtrauma.24,恩典療癒角落,"簡單再説説甚麼是存留創傷 🧠
存留創傷就是那些未被處理或釋放的創傷經歷。這些創傷會一直*儲存*在我們的身體中，直到我們正視它，處理它，面對它。
當創傷未得到適當的處理時，它可能會表現為焦慮、抑鬱、慢性疼痛等心理或生理的症狀。這些一切都會影響著我們的人際關係及生活的整體質量。
認知到創傷的存在，是療癒重要的第一步，然而這並不容易。如果還沒有準備好面對的話，就給自己多一點點的時間吧。慢慢來，一切都會好的。💪🏻❤️",2024-08-02 20:43:00,Grace | 全職媽媽|育有一女兒|專注硏讀創傷治療相關知識並想與你分享,焦慮症,non_life,,skipped,
healingtrauma.24,恩典療癒角落,"3. 創傷觸發器⛓️‍💥
震驚創傷可能成為一種觸發器，喚醒與過去創傷相關的情緒和身體反應。例如，某些聲音、氣味或情景可能會讓人聯想到之前的創傷經歷，進而引發一系列的情感反應。
4. 自我整合的需要😮‍💨
當面對震驚創傷時，個體可能會感到有必要重新評估和整合自己過去的經歷。這種整合過程可能會促使人們重新面對未解決的創傷，尋求理解和療癒。
總的來說，震驚創傷能夠喚醒潛藏的創傷，因為它們在身體和心理層面上形成了深刻的聯繫。這種喚醒可能帶來痛苦，但也提供了療癒的機會，讓個體能夠面對並釋放壓抑的情感，實現自我成長和恢復。透過專業的心理治療，如身體經驗療法，個體可以學習如何安全地處理和釋放這些創傷記憶。
(2/2)",2024-08-01 11:45:00,Grace | 全職媽媽|育有一女兒|專注硏讀創傷治療相關知識並想與你分享,焦慮症,non_life,,skipped,
healingtrauma.24,恩典療癒角落,"震驚創傷(Shock Trauma)如何喚醒潛藏的存留創傷(Stored Trauma)
震驚創傷（Shock Trauma）是指突然、意外的事件，導致重大心理和情感上的痛苦。這類創傷會喚醒潛藏在身體和心理中的存留創傷(Stored Trauma)，原因主要有以下幾點：
1. 身體的記憶🧍🏻‍♀️🧍
身體能夠記住創傷經歷，即使我們的意識未必記得。震驚創傷可能會觸發過去的創傷感受，因為身體對於情緒和生理反應的記憶是深刻而持久的。當新的創傷事件發生時，身體會自動回應，從而喚醒那些未解決的情感和反應。
2. 心理防衛機制的崩潰💔❤️‍🩹
在遭遇震驚創傷時，個體的心理防衛機制可能會受到挑戰或崩潰。這些防衛機制原本用來保護自己不去面對過去的創傷，但當新的創傷出現時，這些防衛可能無法再有效運作，導致過去的痛苦重新浮現。
（1/2）",2024-08-01 01:32:00,Grace | 全職媽媽|育有一女兒|專注硏讀創傷治療相關知識並想與你分享,焦慮症,non_life,,skipped,
healingtrauma.24,恩典療癒角落,"到底創傷是如何儲存在我們的身體中呢？
🏃‍♂️當我們遭遇創傷時，身體會啟動「戰鬥或逃跑」(Fight or Flight)反應。這是一種生理上的應對機制，涉及腦部、內分泌系統及神經系統的協同作用。雖然這種反應在危機過後可以幫助我們生存，但如果創傷未能得到適當處理，身體的應激狀態可能會持續，導致長期的緊張和不適。
🤕面對創傷經歷時，個體可能會抑制情感以保護自己。這種情感的壓抑會在身體中積累，導致肌肉緊張、內臟功能失調等問題。身體成為情感的「容器」，而未釋放的情感則可能轉化為身體的疼痛或疾病。
所以有情緒一定要找方法好好排解，不然久了真的會生病。",2024-07-31 01:07:00,Grace | 全職媽媽|育有一女兒|專注硏讀創傷治療相關知識並想與你分享,焦慮症,non_life,,skipped,
healingtrauma.24,恩典療癒角落,"朋友，你有以下情況嗎？
😶你已經很累很累了，但當你躺下睡覺的那一刻，就感覺自己完全清醒了，怎麼睡也睡不着。
或者⋯
😮‍💨你睡得很香，然後突然間驚醒，心跳加速，感覺就像驚恐症發作。
又或者⋯
😵您入睡都沒有任何困難，但早上醒來時卻感到昏昏沉沉、不安、身體也有地方感覺僵硬和疼痛。
上述所有情況都源自於同一個原因：你有未治癒的創傷和神經系統失調了。
失眠",2024-07-30 18:20:00,Grace | 全職媽媽|育有一女兒|專注硏讀創傷治療相關知識並想與你分享,焦慮症,non_life,,skipped,
healingtrauma.24,恩典療癒角落,治療情緒病可以是一個漫長的旅程，不像感冒，吃吃藥休息幾天就能好起來。你要有耐心，學着跟你的情緒們做朋友。🤝,2024-07-29 23:59:00,Grace | 全職媽媽|育有一女兒|專注硏讀創傷治療相關知識並想與你分享,焦慮症,non_life,,skipped,
ann_77v,V Bao Bao,全天下最可愛的寶寶☺️,2024-12-24 12:46:00,洞悉人性的透視腦🧸,焦慮症,non_life,,skipped,
ann_77v,V Bao Bao,"這就是12星座的愛
風象星座：我愛你，但你是自由的
火象星座：我愛你，但我是自由的
土象星座：我是自由的，但你不是
水象星座：自由個屁，你TM只能是我的",2024-12-24 10:18:00,洞悉人性的透視腦🧸,焦慮症,non_life,,skipped,
ann_77v,V Bao Bao,"再講一百次
.
.
.
發現配偶外遇，
麻煩不要先起笑，
先找信賴的律師討論。",2024-12-24 06:13:00,洞悉人性的透視腦🧸,焦慮症,non_life,,skipped,
ann_77v,V Bao Bao,"好想 有人可以看穿我的脆弱
.
和我說：
沒事 以後我再也不會讓你一個人了",2024-12-23 22:39:00,洞悉人性的透視腦🧸,焦慮症,non_life,,skipped,
ann_77v,V Bao Bao,"為什麼騙錢犯法
而騙感情不犯法呢
.
.
.
因爲 感情不值錢",2024-12-23 22:08:00,洞悉人性的透視腦🧸,焦慮症,non_life,,skipped,
ann_77v,V Bao Bao,"示範
如何罵人不帶髒字：
.
.
.
妳很適合結婚",2024-12-23 21:26:00,洞悉人性的透視腦🧸,焦慮症,non_life,,skipped,
ann_77v,V Bao Bao,"如果一個男生說：妳可以找個男朋友啊
那他的意思是 妳可以找他
.
如果一個女生說：你可以找個女朋友啊
那表示 她請你去找別人不要找她",2024-12-23 21:25:00,洞悉人性的透視腦🧸,焦慮症,non_life,,skipped,
ann_77v,V Bao Bao,"當你拒絕過很多人後
突然遇到一個 你超喜歡的人
.
.
.
那就表示 你的報應終於來了",2024-12-23 21:24:00,洞悉人性的透視腦🧸,焦慮症,non_life,,skipped,
ann_77v,V Bao Bao,"跟年紀大的伴侶在一起，就能比較穩定嗎？
說真的，其實不一定。
.
.
年紀大的伴侶，不一定成熟，
世上多的是「只長年紀卻沒長智慧的人」
你可能只是在跟一個年紀大的小孩交往。
.
真正的好的伴侶，無關年紀，
而是他的自我覺察、是情緒穩定，
是清楚自己要什麼、是堅定的愛你，
是說了誓言就堅持到底。
.
跟有歷練過的伴侶在一起，才會是幸福的，
因為他見識多，才懂得珍惜你的好。
.
見識不夠的人，把你的好視為理所當然，￼
他們不珍惜，他們輕蔑，因為不怕失去。
.
只有曾遇過爛人、磕磕碰碰過，有了對照值，才會懂「不是每個人都有義務對你好」，
才會明白「你的付出是他多得的寶物」。
.
.
必須有過負面體驗，
才能明白你給的愛有多珍貴，
必須有過焦慮、不安、歇斯底里，
才能理解你給的安全感有多誠懇。",2024-12-23 09:32:00,洞悉人性的透視腦🧸,焦慮症,non_life,,skipped,
ann_77v,V Bao Bao,"男人說：在幹嘛？
➡️就是想幹你。
.
男人說：我覺得妳很可愛。
➡️就是想幹你。
.
男人不管說什麼➡️他馬的就是想幹你
.
男人說：哦 寶貝早點睡
➡️他馬的就是要去幹別人。
.
.
.
🙂",2024-12-22 20:12:00,洞悉人性的透視腦🧸,焦慮症,non_life,,skipped,
ann_77v,V Bao Bao,"世界上最幸福的六件事
🫨
嫁給射手座
朋友魔羯座
娶妻巨蟹座
同桌金牛座
戀人獅子座
閨蜜天蠍座",2024-12-22 20:00:00,洞悉人性的透視腦🧸,焦慮症,non_life,,skipped,
ann_77v,V Bao Bao,"說話難聽 我肯定是故意的啊
不然我幹嘛說出來？😎
.
.
.
魔羯座♑️",2024-12-22 17:52:00,洞悉人性的透視腦🧸,焦慮症,non_life,,skipped,
ann_77v,V Bao Bao,"射手座真的很擅長偽裝
.
即使心儀對象在現場
也能把自己的心意 藏好 不被人發現
.
.
.
表面上有多冷靜 內心就有多激動 🤭",2024-12-22 16:26:00,洞悉人性的透視腦🧸,焦慮症,non_life,,skipped,
ann_77v,V Bao Bao,"分開以後
你會經常偷偷的看他的動態
.
直到有一天
你發現 他的身邊有了新的人
.
那一刻 彷彿有一大車水泥
灌進了你心裡
所有的情緒 如梗在喉
.
.
.
可是 你等的 不就是這一刻嗎",2024-12-22 01:38:00,洞悉人性的透視腦🧸,焦慮症,non_life,,skipped,
ann_77v,V Bao Bao,"如果沒有愛，見你的路 實在太遠了。
.
.
.",2024-12-21 22:41:00,洞悉人性的透視腦🧸,焦慮症,non_life,,skipped,
ann_77v,V Bao Bao,"12星座
對另一半有多好🥹
牡羊：你說的都好
金牛：把你餵超胖
雙子：不讓你難過
巨蟹：每天都超甜
獅子：霸氣保護你
處女：默默守護你
天秤：你愛的都買
天蠍：一直陪著你
射手：把你寵壞
魔羯：誇張的溫柔
水瓶：任勞任怨
雙魚：去哪都陪你",2024-12-21 22:41:00,洞悉人性的透視腦🧸,焦慮症,non_life,,skipped,
ann_77v,V Bao Bao,"這世上 從來沒有 天造地設的愛情
.
有的不過是 在相互磨合中
越來越堅定的兩顆心
.
白頭偕老的秘密，
也從來不是“我們相愛就行了”，
還包括 
各退一步、互相服軟、輪流低頭，
以及允許“我是我，你是你""",2024-12-21 21:14:00,洞悉人性的透視腦🧸,焦慮症,non_life,,skipped,
ann_77v,V Bao Bao,"跟他說話每秒鐘🙂‍↕️要原諒他八萬次
NO.1 射手座
NO.2水瓶座
NO.3雙子座
NO.4處女座
NO.5金牛座
NO.6巨蟹座
NO.7 天蠍座
NO.8 獅子座
NO.9雙魚座
NO.10天秤座
NO.11魔羯座
NO.12 牡羊座",2024-12-21 21:07:00,洞悉人性的透視腦🧸,焦慮症,non_life,,skipped,
ann_77v,V Bao Bao,"冷知識：
分手後
沒有新男朋友的感覺
就像是給前任守寡",2024-12-21 17:06:00,洞悉人性的透視腦🧸,焦慮症,non_life,,skipped,
ann_77v,V Bao Bao,"這些方法
絕對追不到射手座
😧
1.問白癡問題 自以為能拉近距離
2.想了解他 還透過共同朋友得知
3.還沒確認關係 就到處亂傳
4.沒分寸 把沒禮貌當幽默",2024-12-21 16:05:00,洞悉人性的透視腦🧸,焦慮症,non_life,,skipped,
ann_77v,V Bao Bao,"手機就像貴貴的装飾品
常常聯絡不到人
第一名：魔羯座
第二名：水瓶座
第三名：射手座
第四名：天蠍座
第五名：金牛座",2024-12-21 15:50:00,洞悉人性的透視腦🧸,焦慮症,non_life,,skipped,
ann_77v,V Bao Bao,"射手座的雙標行為
.
對喜歡的人：
訊息秒回、電話秒接 聊到凌晨都捨不得晚安
對不喜歡的人：
已讀亂回、沒有電話 可以一整天都在睡覺",2024-12-21 15:48:00,洞悉人性的透視腦🧸,焦慮症,non_life,,skipped,
ann_77v,V Bao Bao,"減肥一定要知道這些！
1.最容易長胖的主食：
包子、餃子、米飯、麵條、油條、炒麵
2.最容易掉秤的主食：
玉米、糙米、紫薯、燕麥、蕎麥
3.最容易長胖的水果：
西瓜、芒果、榴蓮、荔枝、菠蘿蜜
4.最容易掉秤的水果：
聖女果、蘋果、藍莓、獼猴桃、火龍果
5.最容易掉秤的蔬菜：
菠菜、黄瓜、西藍花、冬瓜、生菜
6.必須要吃的蛋白質：
雞蛋、魚、蝦、牛肉、豆製品",2024-12-18 19:57:00,洞悉人性的透視腦🧸,焦慮症,non_life,,skipped,
ann_77v,V Bao Bao,"十句話瘦20斤
.
1.帶著飢餓感入睡，是成為美女的開始
2.每天多吃一粒米都要說聲對不起
3.少吃，真的會瘦，瘦了真的好看，
好看真的有用
4.身材管理起來像姑娘，放縱起來像大媽
5.瘦下來能穿S碼，愛穿啥穿啥
6.別人不會因為你臃腫的身材對你一見鐘情
7.走在路上，
纖瘦的美女往往比臃腫的身材更引人注目
8.你的情敵比你瘦
9.減肥的決心有多大，
取決於你想睡的人有多帥
10.你喜歡的人 不會喜歡上一個臃腫的胖子",2024-12-18 19:19:00,洞悉人性的透視腦🧸,焦慮症,non_life,,skipped,
ann_77v,V Bao Bao,"有的人爱你 把一切都给你
有的說爱你 說 把一切都给你
.
實際行動和嘴上說說不同
.
爱 這東西
有心者不用教 無心者教不會",2024-12-18 10:03:00,洞悉人性的透視腦🧸,焦慮症,non_life,,skipped,
ann_77v,V Bao Bao,"當今八大狠人😳
.
說睡覺就睡覺的人
去廁所不帶手機的人
鬧鐘一響立馬起床的人
拿了包裹不拆的人
拍照不用美顏的人
領了薪水不花的人
有人請吃飯不去的人
保護貼碎了不換的人",2024-12-18 02:28:00,洞悉人性的透視腦🧸,焦慮症,non_life,,skipped,
ann_77v,V Bao Bao,"願意跟你一起調整自己的，
才是真的跟你一起站在愛裡的人。
.
愛 一定是「兩個人」都要喜歡的樣子。
.
兩個人都要喜歡，並不是單方的退讓，
而是一起學習。
是兩個人在那份感情裡 都學會體諒和包容，
越來越自在地相處，那才是愛真正的樣子。
.
不願意為你做任何調整的人，
不可能給你真的愛。
.
兩個人都努力的愛，才維持的久。
兩個人都完成所願，才是真的完美。
.
是兩個人都在那份愛裡，
又一起進化了，才是真的幸福。",2024-12-17 22:06:00,洞悉人性的透視腦🧸,焦慮症,non_life,,skipped,
ann_77v,V Bao Bao,"射手座的脾氣
.
能趕走很多人
但卻留下了 對他最真的人",2024-12-17 08:35:00,洞悉人性的透視腦🧸,焦慮症,non_life,,skipped,
ann_77v,V Bao Bao,"感情順利
.
大部分是因為男方真的愛你☺️",2024-12-16 13:51:00,洞悉人性的透視腦🧸,焦慮症,non_life,,skipped,
ann_77v,V Bao Bao,"任何事情說出來都有可能被原諒，但別說謊。
.
.
.",2024-12-16 13:49:00,洞悉人性的透視腦🧸,焦慮症,non_life,,skipped,
ann_77v,V Bao Bao,"男生的三大心理需求
1、被崇拜
2、溫柔
3、被支持、認同、理解
▫️
女生的三大心理需求
1、安全感
2、浪漫
3、被寵和哄",2024-12-16 13:48:00,洞悉人性的透視腦🧸,焦慮症,non_life,,skipped,
ann_77v,V Bao Bao,"你正在暈船…你知道嗎？
.
第一級：
對方很久沒回訊息，覺得是不是自己講錯話
第二級：
IG搜尋欄都有他，
沒事翻他的IG和被TAG的照片
第三級：
算對方回訊息的時間，
即使很想秒回也會矜一下
第四級：
發限動目的，就只是想要讓他看到而已
第五級：
回對方訊息，會參雜一些曖昧字句
第六級：
會一直翻以前的聊天紀錄回味
第七級：
對方說的任何事情都記超清楚
第八級：
今天沒有得到回應或進展就會心情沮喪
第九級：
對方一句話或一個字都可以左右你的情緒
第十級：
以上事情，都循環過10次以上",2024-12-16 13:42:00,洞悉人性的透視腦🧸,焦慮症,non_life,,skipped,
ann_77v,V Bao Bao,"當摩羯座心死的話
.
他就會徹底把這個人在心裡的痕跡完全抹去，就像從未發生一樣絕情。
.
以後在哪裡遇見都好，
都直接把對方當成陌生人一樣，
內心不會再起任何波瀾。",2024-12-16 13:39:00,洞悉人性的透視腦🧸,焦慮症,non_life,,skipped,
ann_77v,V Bao Bao,"不想談就不想談啊 
.
什麼我屬猴 你屬龍 在一起會喉嚨痛",2024-12-15 06:01:00,洞悉人性的透視腦🧸,焦慮症,non_life,,skipped,
mikey.20y,佐野萬次郎,推 你各位不要跟我一樣啊 這個至少還可以爬回家,2024-06-25 15:21:00,"不務正業的健身教練
玩不好團的bass手
不去跑山的檔車仔",焦慮症,pass,,non_depression_risk_user,
mikey.20y,佐野萬次郎,幹幹幹幹,2024-06-24 21:48:00,"不務正業的健身教練
玩不好團的bass手
不去跑山的檔車仔",焦慮症,pass,,non_depression_risk_user,
mikey.20y,佐野萬次郎,啊？,2024-06-24 21:41:00,"不務正業的健身教練
玩不好團的bass手
不去跑山的檔車仔",焦慮症,pass,,non_depression_risk_user,
mikey.20y,佐野萬次郎,有沒有人要+1的 不會讓你被抓 我們柔性勸導為主 球棒是要打棒球 不要想太多,2024-06-24 21:38:00,"不務正業的健身教練
玩不好團的bass手
不去跑山的檔車仔",焦慮症,pass,,non_depression_risk_user,
mikey.20y,佐野萬次郎,"歌單收錄part41
你從來不曾屬於我 Vast&Hazy feat.持修
「每當你墜落黑暗的時候
會不會想起我還在這裡等著你呢
你逃 你走 請不要忘記我
雖然你從來 不曾屬於我 屬於我」
😋",2024-06-24 21:33:00,"不務正業的健身教練
玩不好團的bass手
不去跑山的檔車仔",焦慮症,pass,,non_depression_risk_user,
mikey.20y,佐野萬次郎,"直接左滑隱藏相關貼文😋
又想起妳那讓我噁心的差別待遇",2024-06-24 19:31:00,"不務正業的健身教練
玩不好團的bass手
不去跑山的檔車仔",焦慮症,pass,,non_depression_risk_user,
mikey.20y,佐野萬次郎,？,2024-06-24 19:28:00,"不務正業的健身教練
玩不好團的bass手
不去跑山的檔車仔",焦慮症,pass,,non_depression_risk_user,
mikey.20y,佐野萬次郎,今年一定帶妳去看海,2024-06-24 19:23:00,"不務正業的健身教練
玩不好團的bass手
不去跑山的檔車仔",焦慮症,pass,,non_depression_risk_user,
mikey.20y,佐野萬次郎,超可愛的啊啊啊啊,2024-06-24 19:22:00,"不務正業的健身教練
玩不好團的bass手
不去跑山的檔車仔",焦慮症,pass,,non_depression_risk_user,
mikey.20y,佐野萬次郎,快笑死 操,2024-06-24 19:19:00,"不務正業的健身教練
玩不好團的bass手
不去跑山的檔車仔",焦慮症,pass,,non_depression_risk_user,
mikey.20y,佐野萬次郎,已經開始蔓延到聽團圈了,2024-06-24 17:25:00,"不務正業的健身教練
玩不好團的bass手
不去跑山的檔車仔",焦慮症,pass,,non_depression_risk_user,
mikey.20y,佐野萬次郎,❤️火星的班機,2024-06-24 17:21:00,"不務正業的健身教練
玩不好團的bass手
不去跑山的檔車仔",焦慮症,pass,,non_depression_risk_user,
mikey.20y,佐野萬次郎,"我的精神狀態
：躺著也能動那就躺著動吧",2024-06-24 17:12:00,"不務正業的健身教練
玩不好團的bass手
不去跑山的檔車仔",焦慮症,pass,,non_depression_risk_user,
mikey.20y,佐野萬次郎,欸幹 這首我很愛 終於看到有人cover,2024-06-24 17:10:00,"不務正業的健身教練
玩不好團的bass手
不去跑山的檔車仔",焦慮症,pass,,non_depression_risk_user,
mikey.20y,佐野萬次郎,還是覺得小桃很可愛,2024-06-24 13:24:00,"不務正業的健身教練
玩不好團的bass手
不去跑山的檔車仔",焦慮症,pass,,non_depression_risk_user,
mikey.20y,佐野萬次郎,抽一個人陪我發洩我遇到的爛事,2024-06-24 02:59:00,"不務正業的健身教練
玩不好團的bass手
不去跑山的檔車仔",焦慮症,pass,,non_depression_risk_user,
mikey.20y,佐野萬次郎,大潭鳥不生蛋 歸仁狗都不待,2024-06-24 00:19:00,"不務正業的健身教練
玩不好團的bass手
不去跑山的檔車仔",焦慮症,pass,,non_depression_risk_user,
mikey.20y,佐野萬次郎,好像很可愛,2024-06-24 00:17:00,"不務正業的健身教練
玩不好團的bass手
不去跑山的檔車仔",焦慮症,pass,,non_depression_risk_user,
mikey.20y,佐野萬次郎,這我,2024-06-24 00:16:00,"不務正業的健身教練
玩不好團的bass手
不去跑山的檔車仔",焦慮症,pass,,non_depression_risk_user,
mikey.20y,佐野萬次郎,今天的台南又有哪裡好去,2024-06-23 23:00:00,"不務正業的健身教練
玩不好團的bass手
不去跑山的檔車仔",焦慮症,pass,,non_depression_risk_user,
mikey.20y,佐野萬次郎,好臭,2024-06-23 22:52:00,"不務正業的健身教練
玩不好團的bass手
不去跑山的檔車仔",焦慮症,pass,,non_depression_risk_user,
mikey.20y,佐野萬次郎,天氣是不錯但能不能不要那麼熱,2024-06-23 22:49:00,"不務正業的健身教練
玩不好團的bass手
不去跑山的檔車仔",焦慮症,pass,,non_depression_risk_user,
mikey.20y,佐野萬次郎,這是什麼以偏概全,2024-06-23 15:43:00,"不務正業的健身教練
玩不好團的bass手
不去跑山的檔車仔",焦慮症,pass,,non_depression_risk_user,
mikey.20y,佐野萬次郎,這我的日常 但我弄不過他們 雞掰,2024-06-23 15:07:00,"不務正業的健身教練
玩不好團的bass手
不去跑山的檔車仔",焦慮症,pass,,non_depression_risk_user,
mikey.20y,佐野萬次郎,懶得柔性勸導了 你各位就繼續把你最熱愛的事物搞爛吧,2024-06-23 14:33:00,"不務正業的健身教練
玩不好團的bass手
不去跑山的檔車仔",焦慮症,pass,,non_depression_risk_user,
mikey.20y,佐野萬次郎,"歌單收錄part41
雛菊 沉舟樂隊
「 我們去 追趕日出 奔向夜空
反正時間不懂 誰都不懂
去穿過 城市盡頭 在人群相擁
反正雛菊會懂 你也會懂」
有沒有人也聽沉舟啊…之前因為某些事冰封他們，最近又開始循環了😮‍💨",2024-06-23 13:35:00,"不務正業的健身教練
玩不好團的bass手
不去跑山的檔車仔",焦慮症,pass,,non_depression_risk_user,
mikey.20y,佐野萬次郎,"我都在這裡當瘋狗 現實不要跟我討論我的脆文
我一概不認帳",2024-06-23 09:44:00,"不務正業的健身教練
玩不好團的bass手
不去跑山的檔車仔",焦慮症,pass,,non_depression_risk_user,
mikey.20y,佐野萬次郎,已經跑到麻豆代天府了,2024-06-23 09:40:00,"不務正業的健身教練
玩不好團的bass手
不去跑山的檔車仔",焦慮症,pass,,non_depression_risk_user,
mikey.20y,佐野萬次郎,"@31_pinhead_larry
@31_pinhead_larry
這題我會",2024-06-23 09:32:00,"不務正業的健身教練
玩不好團的bass手
不去跑山的檔車仔",焦慮症,pass,,non_depression_risk_user,
jidisssdi,Mmyy0416,每次看到跟我一樣有憂鬱症焦慮症一些心裡不舒服的人  都覺得好心疼他們🥹,2025-12-02 18:10:00,"這邊讓我發關於我憂鬱症的事😌
 
小寶們 你們都要好好的😊",焦慮症,pass,,high_depression_risk_user,
jidisssdi,Mmyy0416,最近感覺有慢慢變好 雖然禮拜日有點崩潰😌,2025-11-27 10:07:00,"這邊讓我發關於我憂鬱症的事😌
 
小寶們 你們都要好好的😊",焦慮症,pass,,high_depression_risk_user,
jidisssdi,Mmyy0416,這個世界 讓我活得好累好累..,2025-11-24 21:16:00,"這邊讓我發關於我憂鬱症的事😌
 
小寶們 你們都要好好的😊",焦慮症,pass,,high_depression_risk_user,
jidisssdi,Mmyy0416,又要上學 又要面對那些人。,2025-11-23 20:20:00,"這邊讓我發關於我憂鬱症的事😌
 
小寶們 你們都要好好的😊",焦慮症,pass,,high_depression_risk_user,
move_counseling,沐樂心理諮商所,"你明明有很多朋友，卻覺得沒有人真的懂你。
👉 心理師說：
關係的多，不等於連結的深。你需要的是理解，不是熱鬧。
#情感孤單 #深度關係 #心理師說",2025-07-12 12:18:00,"沐樂心理諮商所
新北市新店區二十張路33巷2弄3號一樓
官方line:@move_counseling預約諮商表單: https://move-wellbeing.com/googleform
IG帳號：@move_counseling/",焦慮症,business,,skipped,
move_counseling,沐樂心理諮商所,"你發現只要你不主動，關係就會慢慢消失。
👉 心理師說：
一段需要你單方面維持的關係，不值得你內耗。
#單向經營 #情感耗損 #心理師說",2025-07-12 12:18:00,"沐樂心理諮商所
新北市新店區二十張路33巷2弄3號一樓
官方line:@move_counseling預約諮商表單: https://move-wellbeing.com/googleform
IG帳號：@move_counseling/",焦慮症,business,,skipped,
move_counseling,沐樂心理諮商所,"你總是在關係裡先低頭，久了就沒人把你放在心上。
👉 心理師說：
當你的原則一再退讓，對方就會以為你沒有底線。
#自我邊界 #關係失衡 #心理師說關係關關關係關關係關關係",2025-07-12 12:18:00,"沐樂心理諮商所
新北市新店區二十張路33巷2弄3號一樓
官方line:@move_counseling預約諮商表單: https://move-wellbeing.com/googleform
IG帳號：@move_counseling/",焦慮症,business,,skipped,
move_counseling,沐樂心理諮商所,"你總覺得自己在「忙」，但又說不上來自己在忙什麼。
👉 心理師想說：
被焦慮驅動的行動，會讓人像踩著油門卻看不到方向盤。
#焦慮式行動 #失控人生感 #心理師說",2025-07-10 11:09:00,"沐樂心理諮商所
新北市新店區二十張路33巷2弄3號一樓
官方line:@move_counseling預約諮商表單: https://move-wellbeing.com/googleform
IG帳號：@move_counseling/",焦慮症,business,,skipped,
move_counseling,沐樂心理諮商所,"你明明擁有了曾經想要的東西，卻還是不快樂。
👉 心理師想說：
成就感和滿足感，是兩件事。
#空洞成就 #心理飢餓 #心理師說",2025-07-10 11:08:00,"沐樂心理諮商所
新北市新店區二十張路33巷2弄3號一樓
官方line:@move_counseling預約諮商表單: https://move-wellbeing.com/googleform
IG帳號：@move_counseling/",焦慮症,business,,skipped,
move_counseling,沐樂心理諮商所,"你覺得時間很快，但自己沒有進展。
👉 心理師想說：
「進展」不等於看得見，有時是在你安靜面對自己的時候發生。
#看不見的成長 #心理微變化 #心理師說",2025-07-10 11:07:00,"沐樂心理諮商所
新北市新店區二十張路33巷2弄3號一樓
官方line:@move_counseling預約諮商表單: https://move-wellbeing.com/googleform
IG帳號：@move_counseling/",焦慮症,business,,skipped,
move_counseling,沐樂心理諮商所,"你羨慕別人都活得明確，可是你的人生看起來總是模糊的。
👉 心理師說：
模糊不代表失敗，它是你還在整理的證據。
#人生模糊期 #成長混亂感 #心理師說",2025-07-10 11:07:00,"沐樂心理諮商所
新北市新店區二十張路33巷2弄3號一樓
官方line:@move_counseling預約諮商表單: https://move-wellbeing.com/googleform
IG帳號：@move_counseling/",焦慮症,business,,skipped,
move_counseling,沐樂心理諮商所,"你說不出想被怎麼對待，但你知道現在的感覺不是對的。
👉 心理師想說：
孤單者常常說不出需求，但身體會記得缺什麼。
#情緒識別困難 #身體在說話 #心理師說",2025-07-10 11:03:00,"沐樂心理諮商所
新北市新店區二十張路33巷2弄3號一樓
官方line:@move_counseling預約諮商表單: https://move-wellbeing.com/googleform
IG帳號：@move_counseling/",焦慮症,business,,skipped,
move_counseling,沐樂心理諮商所,"你常把自己的事講得像笑話，但講完還是沒人發現你真的不快樂。
👉 心理師想說：
用輕鬆掩飾孤單，是怕失望的方式。不是沒事，是你太會演了。
#搞笑型孤單 #情緒偽裝者 #心理師說",2025-07-09 21:40:00,"沐樂心理諮商所
新北市新店區二十張路33巷2弄3號一樓
官方line:@move_counseling預約諮商表單: https://move-wellbeing.com/googleform
IG帳號：@move_counseling/",焦慮症,business,,skipped,
move_counseling,沐樂心理諮商所,"你不是沒朋友，你只是沒有可以放心示弱的人。
👉 心理師想說：
高功能者最常經歷孤單，因為你被預設「你撐得住」。
#高功能孤單 #情緒無人托底 #心理師說",2025-07-09 21:29:00,"沐樂心理諮商所
新北市新店區二十張路33巷2弄3號一樓
官方line:@move_counseling預約諮商表單: https://move-wellbeing.com/googleform
IG帳號：@move_counseling/",焦慮症,business,,skipped,
move_counseling,沐樂心理諮商所,"你什麼都能自己做，卻總在某個時候，忽然很想被擁抱一下。
👉 心理師想說：
這不是脆弱，是人的本能。獨立不是不需要，只是太久沒有人出現。
#獨立與孤單的邊界 #擁抱的需求 #心理師說",2025-07-09 21:29:00,"沐樂心理諮商所
新北市新店區二十張路33巷2弄3號一樓
官方line:@move_counseling預約諮商表單: https://move-wellbeing.com/googleform
IG帳號：@move_counseling/",焦慮症,business,,skipped,
move_counseling,沐樂心理諮商所,"你不太主動找人，也不希望別人真的走近。
但你還是會希望，有人默默在那裡。
👉 心理師想說：
渴望與退縮並存，是孤單者的典型心理拉扯，不是你矛盾，而是你還沒遇到安全。
#依附與退縮 #情感防衛 #我想被懂但又怕 #心理師說姑姑",2025-07-09 21:28:00,"沐樂心理諮商所
新北市新店區二十張路33巷2弄3號一樓
官方line:@move_counseling預約諮商表單: https://move-wellbeing.com/googleform
IG帳號：@move_counseling/",焦慮症,business,,skipped,
move_counseling,沐樂心理諮商所,"你在人群裡笑，回家卻瞬間沉默。
不是沒事，而是你不知道怎麼講。
👉 心理師想說：
社交型孤單常發生在「演出角色結束後」。那不代表你虛假，只是你在保護真實。
#社交空心人 #在人群中最孤單 #心理角色負荷 #心理師說",2025-07-09 21:28:00,"沐樂心理諮商所
新北市新店區二十張路33巷2弄3號一樓
官方line:@move_counseling預約諮商表單: https://move-wellbeing.com/googleform
IG帳號：@move_counseling/",焦慮症,business,,skipped,
move_counseling,沐樂心理諮商所,"你有很多事情該做，但就是提不起動機。
👉 心理師想說：
這不是懶，是「動機系統」被憂鬱癱瘓。從小事開始是比較可行的出路。
#動機癱瘓 #憂鬱行為啟動 #從小事做起 #心理師說",2025-07-09 21:26:00,"沐樂心理諮商所
新北市新店區二十張路33巷2弄3號一樓
官方line:@move_counseling預約諮商表單: https://move-wellbeing.com/googleform
IG帳號：@move_counseling/",焦慮症,business,,skipped,
move_counseling,沐樂心理諮商所,"你想靠近人，但又總是自己退後。
👉 心理師：
憂鬱會讓你變得敏感又退縮，但你可以練習一次只靠近一點點。
#關係焦慮 #想親近卻後退 #心理師說 #人際練習",2025-07-09 21:25:00,"沐樂心理諮商所
新北市新店區二十張路33巷2弄3號一樓
官方line:@move_counseling預約諮商表單: https://move-wellbeing.com/googleform
IG帳號：@move_counseling/",焦慮症,business,,skipped,
move_counseling,沐樂心理諮商所,"你有時會突然失控，但過後又自責不已。
👉 心理師：
情緒爆發不是你故意，而是憂鬱累積太久的結果。請不要用一刻來定義整個你。
#情緒失控 #情緒爆點 #理解自己 #心理師說",2025-07-09 17:29:00,"沐樂心理諮商所
新北市新店區二十張路33巷2弄3號一樓
官方line:@move_counseling預約諮商表單: https://move-wellbeing.com/googleform
IG帳號：@move_counseling/",焦慮症,business,,skipped,
move_counseling,沐樂心理諮商所,"你習慣早上醒來就焦慮，晚上睡前更焦慮。
👉 心理師：
日夜焦慮循環，是憂鬱合併焦慮症狀的表現。你需要不是「早點睡」，而是真正安定下來的感覺。
#焦慮型憂鬱 #心理失衡 #身心照顧 #心理師說",2025-07-09 17:28:00,"沐樂心理諮商所
新北市新店區二十張路33巷2弄3號一樓
官方line:@move_counseling預約諮商表單: https://move-wellbeing.com/googleform
IG帳號：@move_counseling/",焦慮症,business,,skipped,
move_counseling,沐樂心理諮商所,"你會問：「我是不是這輩子都這樣了？」
👉 心理師：
記得，這只是「現在的你」，不是「永遠的你」。
#憂鬱不是定型 #心理復原是可能的 #當下不等於一輩子 #心理師說",2025-07-09 17:27:00,"沐樂心理諮商所
新北市新店區二十張路33巷2弄3號一樓
官方line:@move_counseling預約諮商表單: https://move-wellbeing.com/googleform
IG帳號：@move_counseling/",焦慮症,business,,skipped,
move_counseling,沐樂心理諮商所,"你希望有人看穿你沒說出口的那句：「我快不行了。」
👉 心理師：
沒被問出口的情緒，不代表不存在。請試著給它一點空間。
#心理界線 #情緒識別 #需要被理解 #憂鬱日常 #心理師說",2025-07-09 17:26:00,"沐樂心理諮商所
新北市新店區二十張路33巷2弄3號一樓
官方line:@move_counseling預約諮商表單: https://move-wellbeing.com/googleform
IG帳號：@move_counseling/",焦慮症,business,,skipped,
move_counseling,沐樂心理諮商所,"你現在的情緒沒這麼強烈了，
但你知道自己還沒好。
👉 心理師：
情緒消退不代表復原完成，憂鬱的尾巴，常藏在生活機能裡。
#憂鬱復原期 #情緒低潮後 #心理修復 #功能回來才是真的好 #心理師說",2025-07-09 17:26:00,"沐樂心理諮商所
新北市新店區二十張路33巷2弄3號一樓
官方line:@move_counseling預約諮商表單: https://move-wellbeing.com/googleform
IG帳號：@move_counseling/",焦慮症,business,,skipped,
move_counseling,沐樂心理諮商所,"你聽過太多「要正面一點」這類建議，
聽到後面只覺得更累。
👉 心理師：
勵志語言對憂鬱者有時是壓力，不是激勵。你不需要再強迫自己樂觀。
#別再叫我正面思考 #心理真話 #精神健康不簡化 #心理師觀點",2025-07-09 17:25:00,"沐樂心理諮商所
新北市新店區二十張路33巷2弄3號一樓
官方line:@move_counseling預約諮商表單: https://move-wellbeing.com/googleform
IG帳號：@move_counseling/",焦慮症,business,,skipped,
move_counseling,沐樂心理諮商所,"你不是不想好起來，
只是你不太相信自己能好起來了。
👉 心理師：
絕望是憂鬱的一部分，不是你的錯，那不是你最後的結論。
#憂鬱黑洞 #慢慢來也沒關係 #心理陪伴 #希望也會發芽 #心理師說",2025-07-09 17:25:00,"沐樂心理諮商所
新北市新店區二十張路33巷2弄3號一樓
官方line:@move_counseling預約諮商表單: https://move-wellbeing.com/googleform
IG帳號：@move_counseling/",焦慮症,business,,skipped,
move_counseling,沐樂心理諮商所,"你明明知道該吃飯、洗澡、回訊息，
但就是無法動。
👉 心理師：
憂鬱會癱瘓意志力，這不是怠惰，是神經系統的耗損在說話。
#心理健康 #憂鬱症日常 #不是懶惰 #精神能量耗竭 #心理師說",2025-07-09 17:24:00,"沐樂心理諮商所
新北市新店區二十張路33巷2弄3號一樓
官方line:@move_counseling預約諮商表單: https://move-wellbeing.com/googleform
IG帳號：@move_counseling/",焦慮症,business,,skipped,
move_counseling,沐樂心理諮商所,"你常說「我沒事」，但心裡明明知道不是。
👉 心理師：
否認，是你最後一層防線。問題是，它擋住的不是別人，是自己。",2025-07-09 17:22:00,"沐樂心理諮商所
新北市新店區二十張路33巷2弄3號一樓
官方line:@move_counseling預約諮商表單: https://move-wellbeing.com/googleform
IG帳號：@move_counseling/",焦慮症,business,,skipped,
move_counseling,沐樂心理諮商所,"你常常問：「這樣下去有什麼意義？」
👉 心理師：
憂鬱會模糊人的價值感與方向感。這不是你失去信仰，而是被霧困住。",2025-07-09 17:22:00,"沐樂心理諮商所
新北市新店區二十張路33巷2弄3號一樓
官方line:@move_counseling預約諮商表單: https://move-wellbeing.com/googleform
IG帳號：@move_counseling/",焦慮症,business,,skipped,
move_counseling,沐樂心理諮商所,"你怕給人添麻煩，所以憂鬱了也不敢說。
👉 心理師：
過度自責是憂鬱的伴隨特徵。你不是麻煩，是你太久沒被接住了",2025-07-09 17:22:00,"沐樂心理諮商所
新北市新店區二十張路33巷2弄3號一樓
官方line:@move_counseling預約諮商表單: https://move-wellbeing.com/googleform
IG帳號：@move_counseling/",焦慮症,business,,skipped,
move_counseling,沐樂心理諮商所,"連最基本的事都做不到，你開始覺得自己很廢。
👉 心理師：
功能降低是生理現象，不是人格問題。請先接受「能少做一點」這件事。",2025-07-09 17:21:00,"沐樂心理諮商所
新北市新店區二十張路33巷2弄3號一樓
官方line:@move_counseling預約諮商表單: https://move-wellbeing.com/googleform
IG帳號：@move_counseling/",焦慮症,business,,skipped,
move_counseling,沐樂心理諮商所,"每天都醒著，但沒有真正「清醒」過。
像一具移動的軀殼。
👉 心理師：
這是憂鬱的解離狀態。你不是懶惰，是大腦正在試圖保護你遠離痛感。",2025-07-09 17:21:00,"沐樂心理諮商所
新北市新店區二十張路33巷2弄3號一樓
官方line:@move_counseling預約諮商表單: https://move-wellbeing.com/googleform
IG帳號：@move_counseling/",焦慮症,business,,skipped,
move_counseling,沐樂心理諮商所,"你一邊討厭焦慮，一邊又靠它活著。
它讓你表現、讓你上進、讓你不敢停。
👉 心理師：
焦慮是一種「動力的錯用」。該處理的不是焦慮本身，而是你為什麼只相信焦慮能驅動你。",2025-07-09 17:20:00,"沐樂心理諮商所
新北市新店區二十張路33巷2弄3號一樓
官方line:@move_counseling預約諮商表單: https://move-wellbeing.com/googleform
IG帳號：@move_counseling/",焦慮症,business,,skipped,
move_counseling,沐樂心理諮商所,"你什麼都想顧好，但總有地方會漏。然後你怪自己。
👉 心理師想
焦慮型完美主義者常常誤以為自己「應該要可以全部做到」。但人不是系統，不會零錯誤運作。",2025-07-09 17:20:00,"沐樂心理諮商所
新北市新店區二十張路33巷2弄3號一樓
官方line:@move_counseling預約諮商表單: https://move-wellbeing.com/googleform
IG帳號：@move_counseling/",焦慮症,business,,skipped,
move_counseling,沐樂心理諮商所,"你時常在社交場合緊張，回家後還會反覆想剛剛是不是說錯什麼。
👉 心理師：
這是「社交後反芻焦慮」。是你太在意被理解的感受。",2025-07-09 17:20:00,"沐樂心理諮商所
新北市新店區二十張路33巷2弄3號一樓
官方line:@move_counseling預約諮商表單: https://move-wellbeing.com/googleform
IG帳號：@move_counseling/",焦慮症,business,,skipped,
move_counseling,沐樂心理諮商所,"你明明做得很多，卻常常覺得自己沒什麼。
👉 心理師：
這是認知扭曲的表現，焦慮會放大你的不足，並忽略你已完成的事。",2025-07-09 17:19:00,"沐樂心理諮商所
新北市新店區二十張路33巷2弄3號一樓
官方line:@move_counseling預約諮商表單: https://move-wellbeing.com/googleform
IG帳號：@move_counseling/",焦慮症,business,,skipped,
move_counseling,沐樂心理諮商所,"你沒事會想很多，有事就會想更多。
焦慮讓你連正常的決定都拖延。
👉 心理師：
大腦在焦慮狀態下，會難以做出穩定決策。不是你沒能力，而是資源被焦慮佔用了。",2025-07-09 17:19:00,"沐樂心理諮商所
新北市新店區二十張路33巷2弄3號一樓
官方line:@move_counseling預約諮商表單: https://move-wellbeing.com/googleform
IG帳號：@move_counseling/",焦慮症,business,,skipped,
move_counseling,沐樂心理諮商所,"你一邊焦慮自己不夠好，一邊討厭這種焦慮的自己。
👉 心理師：
雙重自我攻擊，是焦慮型人格的常見現象。真正需要的是鬆綁標準，而不是再一次檢討。",2025-07-09 17:18:00,"沐樂心理諮商所
新北市新店區二十張路33巷2弄3號一樓
官方line:@move_counseling預約諮商表單: https://move-wellbeing.com/googleform
IG帳號：@move_counseling/",焦慮症,business,,skipped,
move_counseling,沐樂心理諮商所,"你其實知道自己過得不太對勁，
但你沒有空停下來處理那些「不對勁」。
👉 心理師：
焦慮讓人進入「功能性運作」模式，只求撐過今天，不管後果。這樣會撐不久。",2025-07-09 17:18:00,"沐樂心理諮商所
新北市新店區二十張路33巷2弄3號一樓
官方line:@move_counseling預約諮商表單: https://move-wellbeing.com/googleform
IG帳號：@move_counseling/",焦慮症,business,,skipped,
move_counseling,沐樂心理諮商所,"你看起來什麼都還行，但其實每天都在心裡倒退好幾步。
情緒沒爆炸，是因為你訓練自己不讓它爆炸。
👉 心理師：
壓抑情緒會讓焦慮轉移成身體症狀。沒事不是沒事，只是你太會忍",2025-07-09 17:18:00,"沐樂心理諮商所
新北市新店區二十張路33巷2弄3號一樓
官方line:@move_counseling預約諮商表單: https://move-wellbeing.com/googleform
IG帳號：@move_counseling/",焦慮症,business,,skipped,
move_counseling,沐樂心理諮商所,"你覺得自己被困住了，但明明什麼事都沒有發生。
就是一種不知道為什麼的煩躁，像引擎發動但開不了車。
👉 心理師：
這就是慢性焦慮的樣子，沒有具體事件，只有持續的緊張感。你不是沒原因，只是那個原因還沒浮出來。",2025-07-09 17:18:00,"沐樂心理諮商所
新北市新店區二十張路33巷2弄3號一樓
官方line:@move_counseling預約諮商表單: https://move-wellbeing.com/googleform
IG帳號：@move_counseling/",焦慮症,business,,skipped,
masontsao,Mason Tsao,"恐慌症（panic disorder) 乍聽之下，好像一個人在害怕什麼。但其實不是。
它指的是：一個人突然有許多「身體」的不適，例如：胸悶/吸不到氣/心悸/頭暈/顫抖/手麻腳麻/噁心感。這種感覺之下，個案會覺得好像「好像不行了，快死了」這樣的強烈危機感。
而且，很多時候，這種感覺是突如其來的。有些人本來在家裡休息，突然就這樣，自己不明白爲何發生，只想到要趕快叫救護車。偏偏在急診室，所有的檢查都顯示沒有特別的疾病。
但不知何時，這個感覺又會來一次，嚴重干擾生活。
恐慌症在講的不是一個特定心理歷程，它代表的是：你的「身體」的警報器短路了。我們要去看看原因可能在哪。",2025-09-21 23:49:00,"曹文沿
🟣兒童青少年精神專科醫師 child and adolescent psychiatrist🔵也看成人
🟢桃園醫院精神部兒童青少年精神科
主任🟠早療中心評估醫師🟡台北榮總總醫師+兒青研究醫師🔴from lovely Taiwan",焦慮症,non_life,,skipped,
masontsao,Mason Tsao,"有時我接到原本在別處拿精神科藥的人：
「醫生，這顆藥應該不算安眠藥吧？」
「醫生，這應該不是安眠藥，算鎮定劑吧？」
👨🏻‍⚕️：「這看你怎麼定義。以這個藥來說（下略千字解釋）」
「醫生，這顆藥應該不是安眠藥，算是助眠藥吧？」
👨🏻‍⚕️：「看你怎麼定義。以藥理來說（下略兩千字解釋）」
「醫生，這應該，算是安神劑吧？」
👨🏻‍⚕️：「🥲我累了……」",2025-09-20 22:10:00,"曹文沿
🟣兒童青少年精神專科醫師 child and adolescent psychiatrist🔵也看成人
🟢桃園醫院精神部兒童青少年精神科
主任🟠早療中心評估醫師🟡台北榮總總醫師+兒青研究醫師🔴from lovely Taiwan",焦慮症,non_life,,skipped,
masontsao,Mason Tsao,"我對Threads的理解：
1. 本質是要引起共鳴
2. 負能量的事物比正能量的事物更容易引起共鳴
3. 但需要有正面價值，不能只是引起焦慮或對立
4. 詠唱字數越精簡越好
結論：要當個咒術師，而不是詛咒師。",2025-09-19 23:21:00,"曹文沿
🟣兒童青少年精神專科醫師 child and adolescent psychiatrist🔵也看成人
🟢桃園醫院精神部兒童青少年精神科
主任🟠早療中心評估醫師🟡台北榮總總醫師+兒青研究醫師🔴from lovely Taiwan",焦慮症,non_life,,skipped,
masontsao,Mason Tsao,"「醫師……我真的不想管他的功課，可是……他卻爛成這樣！」
「我教他教了好幾遍，但是他還是都不會！」
「同樣的錯誤一錯再錯，我只好又把他的字擦掉」
「從六點到十點！我不知道我要這樣陪他到什麼時候！可是他自己讀成績又會掉」
這是好多家長的日常，但我看過的是：有些小孩只要到寫功課時，就跟家長大吵；有些開始篡改成績和攔截成績單；家長幫孩子完成作業，孩子最終卻得到自卑和與家長的疏離。
我想，在孩子有學習困難的時候，
我們跟孩子之間的關係，是最重要的事情。
我們先要成爲他們的父母，不要當他們的補習班老師。",2025-09-18 23:22:00,"曹文沿
🟣兒童青少年精神專科醫師 child and adolescent psychiatrist🔵也看成人
🟢桃園醫院精神部兒童青少年精神科
主任🟠早療中心評估醫師🟡台北榮總總醫師+兒青研究醫師🔴from lovely Taiwan",焦慮症,non_life,,skipped,
masontsao,Mason Tsao,"很謝謝
@shine520520
@shine520520
準備的提案。的確在臨床上，常遇到青少年有情緒或人際困難，卻無法得到家長支持，礙於法規無法就醫的情形。正好反映出精神疾病汙名化、兒少保護仍待加強的現實。目前在提案前擬稿的階段，我看完了內容，覺得他的思考周密，也請大家不吝嗇提供你的想法，一起來完善這個提案。",2025-09-16 23:04:00,"曹文沿
🟣兒童青少年精神專科醫師 child and adolescent psychiatrist🔵也看成人
🟢桃園醫院精神部兒童青少年精神科
主任🟠早療中心評估醫師🟡台北榮總總醫師+兒青研究醫師🔴from lovely Taiwan",焦慮症,non_life,,skipped,
masontsao,Mason Tsao,"「醫生我的小孩為什麼會得憂鬱症？」
「我又沒有給他壓力。」
我通常聽到這裡，會先保持沈默。
但我心裡想的是：
「看看旁邊小孩憤恨的表情。他的眼神從來沒有看過你。」
「你能不能看著他，把剛剛的話再說一次。」",2025-09-15 22:24:00,"曹文沿
🟣兒童青少年精神專科醫師 child and adolescent psychiatrist🔵也看成人
🟢桃園醫院精神部兒童青少年精神科
主任🟠早療中心評估醫師🟡台北榮總總醫師+兒青研究醫師🔴from lovely Taiwan",焦慮症,non_life,,skipped,
masontsao,Mason Tsao,"[套話]
1. 
👨🏻‍⚕️「你在班上有沒有好朋友？］
小孩：「有！」
👨🏻‍⚕️「有幾個呢？」
小孩：「全班都是我的好朋友！！」
->家長：他沒有朋友🥲
——
2.
👨🏻‍⚕️「你在班上有沒有好朋友？］
小孩：「有！」
👨🏻‍⚕️「大概有幾個？」
小孩：「2個！」
👨🏻‍⚕️「叫什麼名字呢？」
小孩：「……」
->家長：他沒有朋友😂",2025-09-14 22:41:00,"曹文沿
🟣兒童青少年精神專科醫師 child and adolescent psychiatrist🔵也看成人
🟢桃園醫院精神部兒童青少年精神科
主任🟠早療中心評估醫師🟡台北榮總總醫師+兒青研究醫師🔴from lovely Taiwan",焦慮症,non_life,,skipped,
masontsao,Mason Tsao,"青少年有時會住進精神科急性病房。
🍏如果聽到他們說：
「醫生拜託你我想出院，我來這裡兩天我覺得我好很多了。而且這裡很多事沒辦法做，我跟我媽講好了出院我們可以OOXX……」
這就是典型的回覆。
🍎如果聽到有人說：
「醫生，我覺得好一些，在這我很開心，我可以住多久？我好不想出院……」
我聽到心裡就會眉頭一皺，覺得案情並不單純……",2025-09-12 23:47:00,"曹文沿
🟣兒童青少年精神專科醫師 child and adolescent psychiatrist🔵也看成人
🟢桃園醫院精神部兒童青少年精神科
主任🟠早療中心評估醫師🟡台北榮總總醫師+兒青研究醫師🔴from lovely Taiwan",焦慮症,non_life,,skipped,
masontsao,Mason Tsao,"今天在早療評估門診，看見好多5歲小朋友回來複評。
他們恰好很多位是一兩年前來評過，原本無口語或手勢，叫喚無反映、無法遵從指令，無法與他人遊戲。多領域遲緩並疑似自閉症特質，就讀特教班。
經過早療、特教幫助，這次看到他們眼神可對視，可以一起玩角色扮演、用簡單語詞有說有笑。
驚訝之餘，也很感動。這些孩子幸好有能接受遲緩事實，並能堅持陪伴一起成長的家長，參與無數個療育課程，也安排了孩子能夠接受的教育方式，才能有這樣的成果。
還在努力的家長，你們的信念和心力，就像陽光和水，只要一直都在，小孩必定會因此長大茁壯☺️",2025-09-11 23:34:00,"曹文沿
🟣兒童青少年精神專科醫師 child and adolescent psychiatrist🔵也看成人
🟢桃園醫院精神部兒童青少年精神科
主任🟠早療中心評估醫師🟡台北榮總總醫師+兒青研究醫師🔴from lovely Taiwan",焦慮症,non_life,,skipped,
masontsao,Mason Tsao,"ADHD（注意力不足過動症）有藥物與非藥物治療方式。我通常在以下情況會建議家長用藥：
1️⃣學習成效低落：這裡指的是有很明顯的困難，例如反覆教學多遍就是無法吸收、需要有補救教學/課業輔導班等
2️⃣人際困難：例如常衝動與人有肢體/口角衝突
3️⃣難以遵守課堂規範：例如一直跑出教室、上課干擾師生，常無法準時完成作業/報告
4️⃣自卑：因ADHD症狀，個案常被指責，而出現退縮、憂鬱焦慮、說謊或反抗者
5️⃣家庭功能脆弱或無法使用非藥物治療者
6️⃣個案合併其他疾病（如ASD、智能問題、語言障礙、情緒疾患）",2025-09-10 21:41:00,"曹文沿
🟣兒童青少年精神專科醫師 child and adolescent psychiatrist🔵也看成人
🟢桃園醫院精神部兒童青少年精神科
主任🟠早療中心評估醫師🟡台北榮總總醫師+兒青研究醫師🔴from lovely Taiwan",焦慮症,non_life,,skipped,
masontsao,Mason Tsao,"我認為每個教養策略，會帶來不同的好處與代價。
那些曾用打罵的，的確小孩會聽話，但是得到是孩子的疏遠、焦慮與反叛。
說教式的，也許小孩理智上會認同，但得到的可能是孩子的無視與頂嘴。
用獎勵制度的，小孩會有成就感和自主性，但家長需耗費耐性、心力以及錢財。
放任的話，小孩會快樂，但難以獨立與負責。
民主包容，會贏得小孩的尊重，但家長需要想清楚每件事情的底線與溝通方式。
也許我們要思考，什麼事情要用哪種策略。
而我最不樂見的，莫過於一個家庭裡有兩種以上互不相容的策略。那樣小孩子通常會無所適從，容易焦慮與憤怒。",2025-09-10 00:03:00,"曹文沿
🟣兒童青少年精神專科醫師 child and adolescent psychiatrist🔵也看成人
🟢桃園醫院精神部兒童青少年精神科
主任🟠早療中心評估醫師🟡台北榮總總醫師+兒青研究醫師🔴from lovely Taiwan",焦慮症,non_life,,skipped,
masontsao,Mason Tsao,"我們印象中的自閉症類群(Autism Spectrum disorder)個案，也許就像雨人(Rain Man) 裡那般典型，例如缺乏眼神接觸、重複刻板的話語、對數字的特別侷限的興趣，或是良醫（The Good Doctor)般，表情和語調生硬，措辭太直白。
但其實不盡然，甚至可以說這些其實是我們對自閉症的刻板印象。
每個自閉症個案都不同，他們形成一個光譜，就好像人有粗心細心、有不善言辭有話語如珠。
再者，許多自閉症個案他們也會學習如何像一個大眾般社交，模仿大眾的聊天行為（如肢體，眼神，表情，語氣）。
但是這會很累，會消耗他們大量的能量。
有些自閉症個案甚至長期在這種社交的困難裡，會有退縮、焦慮、各種身體不適等症狀。
而這些是我們用外表看不出來的。",2025-09-08 23:41:00,"曹文沿
🟣兒童青少年精神專科醫師 child and adolescent psychiatrist🔵也看成人
🟢桃園醫院精神部兒童青少年精神科
主任🟠早療中心評估醫師🟡台北榮總總醫師+兒青研究醫師🔴from lovely Taiwan",焦慮症,non_life,,skipped,
masontsao,Mason Tsao,"以下是我個人認爲，某些手機使用習慣影響入睡困難的程度。
睡前用手機：💙
白天無法用手機所以睡前報復性用手機：💙💙💙
躺床用手機：💙💙💙💙
躺床用手機但被手機打到
：💙💙💙💙💙💙💙
好我真的要睡了要放下手機了",2025-09-07 23:51:00,"曹文沿
🟣兒童青少年精神專科醫師 child and adolescent psychiatrist🔵也看成人
🟢桃園醫院精神部兒童青少年精神科
主任🟠早療中心評估醫師🟡台北榮總總醫師+兒青研究醫師🔴from lovely Taiwan",焦慮症,non_life,,skipped,
coco_chen70135,陳小小的抗憂日常🤕✨,"今天是罹患重鬱症的第1700天
我快撐不住了⋯
能不能請脆友給我一點鼓勵😭😭⋯！！憂鬱症",2025-04-12 21:26:00,"前地區身心科醫護x重鬱症患者
06｜因備考與比賽 故佛系更新的高三女牲
臨床故事x抗病日記分享📖✨！",焦慮症,not_enough_posts,,skipped,
9yuxzs,.,如果注定要分開 那相遇的意義是什麼,2025-10-17 21:23:00,小帳啦,焦慮症,pass,,non_depression_risk_user,
9yuxzs,.,"我曾非常爱你 我离开你并不感到幸福
可幸福并不是必需品 并非需要幸福才能重新开始",2025-10-17 21:14:00,小帳啦,焦慮症,pass,,non_depression_risk_user,
9yuxzs,.,"后来 我不在执着我们的分别
也许未来我们能成为彼此轻描淡写的一页吧",2025-10-17 21:11:00,小帳啦,焦慮症,pass,,non_depression_risk_user,
9yuxzs,.,活的太清醒未必是好事,2025-10-17 18:11:00,小帳啦,焦慮症,pass,,non_depression_risk_user,
9yuxzs,.,我不知道我在心情不好什麼,2025-10-17 17:50:00,小帳啦,焦慮症,pass,,non_depression_risk_user,
9yuxzs,.,請問我談戀愛是談心酸的嗎,2025-10-17 17:08:00,小帳啦,焦慮症,pass,,non_depression_risk_user,
9yuxzs,.,"幸福其實很簡單
只是我太悲觀 自卑 焦慮 內耗 不自信 敏感多疑 沒安全感",2025-10-16 21:57:00,小帳啦,焦慮症,pass,,non_depression_risk_user,
9yuxzs,.,"我渴望有人能看清我 再擁抱我
 又害怕被別人看清 真可笑",2025-10-16 21:53:00,小帳啦,焦慮症,pass,,non_depression_risk_user,
9yuxzs,.,幸福就像中了彩票一樣,2025-10-16 16:38:00,小帳啦,焦慮症,pass,,non_depression_risk_user,
9yuxzs,.,我信你一次又一次 而你呢 究竟騙我多少了,2025-10-16 16:35:00,小帳啦,焦慮症,pass,,non_depression_risk_user,
9yuxzs,.,愛與不愛真的很明顯,2025-10-16 16:31:00,小帳啦,焦慮症,pass,,non_depression_risk_user,
9yuxzs,.,前任 謝謝你讓我成長很多,2025-10-16 16:28:00,小帳啦,焦慮症,pass,,non_depression_risk_user,
9yuxzs,.,回憶裡的你 真的很好很好,2025-10-16 16:14:00,小帳啦,焦慮症,pass,,non_depression_risk_user,
9yuxzs,.,我從來不是你的唯一,2025-10-16 16:04:00,小帳啦,焦慮症,pass,,non_depression_risk_user,
9yuxzs,.,時間是最好的解藥,2025-10-15 22:29:00,小帳啦,焦慮症,pass,,non_depression_risk_user,
9yuxzs,.,就讓時間解決我們吧,2025-10-15 22:28:00,小帳啦,焦慮症,pass,,non_depression_risk_user,
9yuxzs,.,當初是你先喜歡上我的 最後拋棄我的也是你的,2025-10-15 22:27:00,小帳啦,焦慮症,pass,,non_depression_risk_user,
9yuxzs,.,我一直活在過去 我也想向前看啊 你當我不想嗎,2025-10-15 22:19:00,小帳啦,焦慮症,pass,,non_depression_risk_user,
9yuxzs,.,我原諒不了過去的自己,2025-10-15 22:19:00,小帳啦,焦慮症,pass,,non_depression_risk_user,
9yuxzs,.,愛的最高境界是 希望你幸福,2025-10-15 22:18:00,小帳啦,焦慮症,pass,,non_depression_risk_user,
9yuxzs,.,我也會懷念啊 但我不後悔 不回頭,2025-10-15 22:18:00,小帳啦,焦慮症,pass,,non_depression_risk_user,
9yuxzs,.,我假裝不在意 其實關於你的一切我都不捨,2025-10-15 22:17:00,小帳啦,焦慮症,pass,,non_depression_risk_user,
9yuxzs,.,後來 我搞不清楚 究竟是執念還是愛了,2025-10-15 22:16:00,小帳啦,焦慮症,pass,,non_depression_risk_user,
9yuxzs,.,回憶裡的他 無人能敵,2025-10-15 22:13:00,小帳啦,焦慮症,pass,,non_depression_risk_user,
9yuxzs,.,"看著身邊的人一個接著一個幸福 
我時常在想我什麼時候才會也這樣呢",2025-10-15 22:13:00,小帳啦,焦慮症,pass,,non_depression_risk_user,
9yuxzs,.,下雨天像是那些從未說出口的思念,2025-10-15 22:05:00,小帳啦,焦慮症,pass,,non_depression_risk_user,
9yuxzs,.,憑什麼你能轉身回到原本生活 而我卻要死要活的,2025-10-15 22:03:00,小帳啦,焦慮症,pass,,non_depression_risk_user,
9yuxzs,.,遇見你 或許花光我所有運氣吧,2025-10-15 21:53:00,小帳啦,焦慮症,pass,,non_depression_risk_user,
9yuxzs,.,回憶像懲罰念舊的人,2025-10-15 21:44:00,小帳啦,焦慮症,pass,,non_depression_risk_user,
9yuxzs,.,要不是喜歡你 誰會一直盯著手機看啊,2025-10-15 21:12:00,小帳啦,焦慮症,pass,,non_depression_risk_user,
9yuxzs,.,那年你就像一隻蝴蝶飛進了我的視線 自此 我的世界全是你,2025-10-15 21:00:00,小帳啦,焦慮症,pass,,non_depression_risk_user,
9yuxzs,.,"在陸抖看到一句很喜歡的話
''我存在的意義 就是為了接住你的眼淚""'",2025-10-14 19:36:00,小帳啦,焦慮症,pass,,non_depression_risk_user,
9yuxzs,.,"別暈了
他根本不喜歡你",2025-10-14 17:44:00,小帳啦,焦慮症,pass,,non_depression_risk_user,
9yuxzs,.,真的好討厭自己的敏感多疑,2025-10-12 15:52:00,小帳啦,焦慮症,pass,,non_depression_risk_user,
9yuxzs,.,我總是不能活在當下。,2025-10-12 15:46:00,小帳啦,焦慮症,pass,,non_depression_risk_user,
shiro.997321,しろ,"大家好 我114/1/16開始看身心科
確診憂鬱症 伴有幻覺解離
114/12/18確診躁鬱症 伴有幻覺解離
住院*2
急診*5
可能會很負面 紀錄看醫生的對話 或抒發心情
14歲 想交病友 歡迎交友",2026-01-07 19:40:00,"114/1/16 看身心科
114 1月確診中度憂鬱
114 12/18確診躁鬱症
14歲 國二生
幻聽 幻覺 解離 創傷反應",焦慮症,not_enough_posts,,skipped,
lining224,⋆秝寧｡˚𖤐 ◡̎,"頂級女人的無相境界。
她們能在不同的場合游刃有餘，需要貴氣的時候貴氣自然流露，需要天真就天真無邪，需要威嚴也能不怒自威，所謂無相就是不固定的，像水一樣，既能灌溉一切，也能淹沒一切，這是一種大智慧，能在保持本真的前提下，隨著環境而變，所謂去其表象，不過平凡軀殼，飾以外物卻能化作千般面孔。大道無形，高人無相。你所見即是我。",2025-09-24 07:47:00,"♡ຼ ㅣ分享轉發給我自己的文字
♡ຼ ㅣ情感語錄ㅣ治癒語錄ㅣ好文共享ㅣ僅供參考
♡ຼ ㅣ別人如何待我是我的因果
♡ຼ ㅣ我待別人如何是我的修行
♡ຼ ㅣ修身、修口、修心
♡ຼ ㅣ仁者見仁，智者見智，感恩的心",焦慮症,non_life,,skipped,
lining224,⋆秝寧｡˚𖤐 ◡̎,"分享一個我最近受益匪淺的觀點：
要用行為確認關係，而不是用關係包容行為。你感受到的，正是別人想讓你感受到的，感受不是巧合，是對方每一個選擇堆疊而成的結果。
把判斷權交給行為。",2025-09-24 06:54:00,"♡ຼ ㅣ分享轉發給我自己的文字
♡ຼ ㅣ情感語錄ㅣ治癒語錄ㅣ好文共享ㅣ僅供參考
♡ຼ ㅣ別人如何待我是我的因果
♡ຼ ㅣ我待別人如何是我的修行
♡ຼ ㅣ修身、修口、修心
♡ຼ ㅣ仁者見仁，智者見智，感恩的心",焦慮症,non_life,,skipped,
lining224,⋆秝寧｡˚𖤐 ◡̎,"「不是每個人，都能成為自己想要的樣子，但是每個人，都可以努力成為自己想要的樣子，相信自己，你能作繭自縛，就能破繭成蝶。」
你走過的路，會成為回憶裡的風景；你所有經歷，會成為你的財富；你曾經的負擔，會成為你的禮物；你受的苦，會照亮來的路。
在最艱難的時候，別老想著太遠的將來，只要自己過好今天就行了。
人生就是一場自我完善的修行，苦難與挫折都是磨練，所有的經歷，無論悲喜，都是為了塑造更加完美的自己。
人生，不是活得像別人，而是努力之後，活得更像自己。",2025-09-23 20:03:00,"♡ຼ ㅣ分享轉發給我自己的文字
♡ຼ ㅣ情感語錄ㅣ治癒語錄ㅣ好文共享ㅣ僅供參考
♡ຼ ㅣ別人如何待我是我的因果
♡ຼ ㅣ我待別人如何是我的修行
♡ຼ ㅣ修身、修口、修心
♡ຼ ㅣ仁者見仁，智者見智，感恩的心",焦慮症,non_life,,skipped,
lining224,⋆秝寧｡˚𖤐 ◡̎,"今天就是秋分啦
我想對最愛的你說 天氣逐漸轉涼
記得保暖添衣 要按時吃飯 按時睡覺
希望你永遠幸福快樂
永遠平平安安 永遠沒有煩惱
希望四季循環 我們永遠是我們",2025-09-23 14:51:00,"♡ຼ ㅣ分享轉發給我自己的文字
♡ຼ ㅣ情感語錄ㅣ治癒語錄ㅣ好文共享ㅣ僅供參考
♡ຼ ㅣ別人如何待我是我的因果
♡ຼ ㅣ我待別人如何是我的修行
♡ຼ ㅣ修身、修口、修心
♡ຼ ㅣ仁者見仁，智者見智，感恩的心",焦慮症,non_life,,skipped,
lining224,⋆秝寧｡˚𖤐 ◡̎,"眼緣這東西真的很玄，說不清道不明。
我們一生會遇到很多人，但有些人，你看到他的第一眼，心裡就會忍不住泛起漣漪。這種眼緣，不一定是因為對方長得有多驚艷，而是他出現在你面前的那一刻，你心裡突然被點燃的那種感覺。可能是他的眼神，帶著某種說不清的溫柔；可能是他笑起來的樣子，像陽光一樣灑進你的心裡；甚至可能是他隨意穿的一件衣服，莫名就戳中了你的審美。
這些一眼就抓住你眼緣的人，哪怕只是安靜地坐在那裡，什麼都不做，也能悄悄帶走你的注意力。你會不自覺地被吸引，心裡湧出一種強烈的渴望，想要靠近他，瞭解他。而那些性格好、長得帥、條件優秀的人，或許你們可以相處得很愉快，甚至成為朋友，但真的很難讓你產生那種面對喜歡的人時的心跳加速、臉紅耳熱、說話都微微顫抖的感覺。就連在網絡上聊天，打字時都會緊張到手抖。
那種最初的心動才是最珍貴的。",2025-09-23 11:27:00,"♡ຼ ㅣ分享轉發給我自己的文字
♡ຼ ㅣ情感語錄ㅣ治癒語錄ㅣ好文共享ㅣ僅供參考
♡ຼ ㅣ別人如何待我是我的因果
♡ຼ ㅣ我待別人如何是我的修行
♡ຼ ㅣ修身、修口、修心
♡ຼ ㅣ仁者見仁，智者見智，感恩的心",焦慮症,non_life,,skipped,
lining224,⋆秝寧｡˚𖤐 ◡̎,"時間久了你就會發現，往往真的很好的人，很多時候都是淡淡的，自帶一絲疏離感，湊近才能看到他溫柔善良的性格底色，群體裡存在感不太高。
而那些看著人緣很好，怎樣都熱情的人，高機率深入相處，就會發現他們狡黠、精明、利己、全靠一張嘴。",2025-09-23 09:53:00,"♡ຼ ㅣ分享轉發給我自己的文字
♡ຼ ㅣ情感語錄ㅣ治癒語錄ㅣ好文共享ㅣ僅供參考
♡ຼ ㅣ別人如何待我是我的因果
♡ຼ ㅣ我待別人如何是我的修行
♡ຼ ㅣ修身、修口、修心
♡ຼ ㅣ仁者見仁，智者見智，感恩的心",焦慮症,non_life,,skipped,
lining224,⋆秝寧｡˚𖤐 ◡̎,"內心強大而豐盈的溢出來的愛和真誠，是靈魂真正的自由，由內而外散發的落落大方氣質，是有些人一生無法體驗的精神世界。
只有真正毫無保留的愛和接納自己，才會從心底發出無與倫比的能量，渡己才是渡人的起點。
當你不斷地允許並接納自己，愛自己就會自然而然形成~",2025-09-23 07:22:00,"♡ຼ ㅣ分享轉發給我自己的文字
♡ຼ ㅣ情感語錄ㅣ治癒語錄ㅣ好文共享ㅣ僅供參考
♡ຼ ㅣ別人如何待我是我的因果
♡ຼ ㅣ我待別人如何是我的修行
♡ຼ ㅣ修身、修口、修心
♡ຼ ㅣ仁者見仁，智者見智，感恩的心",焦慮症,non_life,,skipped,
lining224,⋆秝寧｡˚𖤐 ◡̎,時間揭穿了多少謊言，改變了多少距離，看清了多少人心，不得不承認時間是個好東西，所以要記住，莫賭天意，莫賭人心，天意輸不起，人心琢磨不透，有時候人性真的很冷，需要你的時候多麼熱情，不需要你的時候，就有多麼冷漠。,2025-09-22 23:32:00,"♡ຼ ㅣ分享轉發給我自己的文字
♡ຼ ㅣ情感語錄ㅣ治癒語錄ㅣ好文共享ㅣ僅供參考
♡ຼ ㅣ別人如何待我是我的因果
♡ຼ ㅣ我待別人如何是我的修行
♡ຼ ㅣ修身、修口、修心
♡ຼ ㅣ仁者見仁，智者見智，感恩的心",焦慮症,non_life,,skipped,
lining224,⋆秝寧｡˚𖤐 ◡̎,"當你堅持不住的時候，看看這段話：
不要碰到一點壓力
就把自己變成不堪重負的樣子
不要碰到一點不確定性
就把前途描摹成黯然無光
不要碰到一點不開心
就以為現在是最灰暗的時刻
你別認輸，天黑過後，就是日出。",2025-09-22 22:10:00,"♡ຼ ㅣ分享轉發給我自己的文字
♡ຼ ㅣ情感語錄ㅣ治癒語錄ㅣ好文共享ㅣ僅供參考
♡ຼ ㅣ別人如何待我是我的因果
♡ຼ ㅣ我待別人如何是我的修行
♡ຼ ㅣ修身、修口、修心
♡ຼ ㅣ仁者見仁，智者見智，感恩的心",焦慮症,non_life,,skipped,
lining224,⋆秝寧｡˚𖤐 ◡̎,"敏感易內耗，就是心的能量太低了，
什麼都能啟動你的防禦能力，什麼都能局限你。
多去做能滋養你的事，
聽歌 散步 運動 吃好吃的 讀書
把自己的情緒和感受放在首位，
把別人的事還給別人，
你學會愛自己的時候，一切都會煥然一新，
生活就會開始好起來。 ​​​",2025-09-22 07:42:00,"♡ຼ ㅣ分享轉發給我自己的文字
♡ຼ ㅣ情感語錄ㅣ治癒語錄ㅣ好文共享ㅣ僅供參考
♡ຼ ㅣ別人如何待我是我的因果
♡ຼ ㅣ我待別人如何是我的修行
♡ຼ ㅣ修身、修口、修心
♡ຼ ㅣ仁者見仁，智者見智，感恩的心",焦慮症,non_life,,skipped,
lining224,⋆秝寧｡˚𖤐 ◡̎,確實不能跟層級太低的人打交道，而要跟底子厚的人多接觸。底子厚不是錢多，而是厚德載物。跟這樣的人在一起，稱為人補。時間長了，你會充滿能量。,2025-09-22 01:11:00,"♡ຼ ㅣ分享轉發給我自己的文字
♡ຼ ㅣ情感語錄ㅣ治癒語錄ㅣ好文共享ㅣ僅供參考
♡ຼ ㅣ別人如何待我是我的因果
♡ຼ ㅣ我待別人如何是我的修行
♡ຼ ㅣ修身、修口、修心
♡ຼ ㅣ仁者見仁，智者見智，感恩的心",焦慮症,non_life,,skipped,
lining224,⋆秝寧｡˚𖤐 ◡̎,"當你不需要別人愛你時，你的吸引力最強
當你貪婪 疑心 嗔恨，不管你多漂亮 多有錢，
你都會變low 變廉價，
情感索取者在愛情裡注定是輸家",2025-09-21 20:21:00,"♡ຼ ㅣ分享轉發給我自己的文字
♡ຼ ㅣ情感語錄ㅣ治癒語錄ㅣ好文共享ㅣ僅供參考
♡ຼ ㅣ別人如何待我是我的因果
♡ຼ ㅣ我待別人如何是我的修行
♡ຼ ㅣ修身、修口、修心
♡ຼ ㅣ仁者見仁，智者見智，感恩的心",焦慮症,non_life,,skipped,
lining224,⋆秝寧｡˚𖤐 ◡̎,"相處久了你會發現，
人與人之間最大的吸引力不是你的容貌，
不是你的光環，
而是你傳遞給對方的溫暖和踏實，
真誠和善良。
任何關係，褪去最初的熱情和激情，
最後看的是良心，
拼的是人品，留的是信任。",2025-09-21 15:21:00,"♡ຼ ㅣ分享轉發給我自己的文字
♡ຼ ㅣ情感語錄ㅣ治癒語錄ㅣ好文共享ㅣ僅供參考
♡ຼ ㅣ別人如何待我是我的因果
♡ຼ ㅣ我待別人如何是我的修行
♡ຼ ㅣ修身、修口、修心
♡ຼ ㅣ仁者見仁，智者見智，感恩的心",焦慮症,non_life,,skipped,
lining224,⋆秝寧｡˚𖤐 ◡̎,記住，你的直覺就是你的保護神，如果一個地方，一件事你特別不想做，一進入就心神不寧，特別煩躁，特別不舒服。那就立馬停下來，冷靜分析利弊再決定，能不做就最好別做，人的第六感是很準的，不開玩笑。,2025-09-21 01:11:00,"♡ຼ ㅣ分享轉發給我自己的文字
♡ຼ ㅣ情感語錄ㅣ治癒語錄ㅣ好文共享ㅣ僅供參考
♡ຼ ㅣ別人如何待我是我的因果
♡ຼ ㅣ我待別人如何是我的修行
♡ຼ ㅣ修身、修口、修心
♡ຼ ㅣ仁者見仁，智者見智，感恩的心",焦慮症,non_life,,skipped,
lining224,⋆秝寧｡˚𖤐 ◡̎,接受能力強的人，惡俗度會很高，再獵奇的東西看到第一秒是驚訝，第二秒是接受。,2025-09-20 18:04:00,"♡ຼ ㅣ分享轉發給我自己的文字
♡ຼ ㅣ情感語錄ㅣ治癒語錄ㅣ好文共享ㅣ僅供參考
♡ຼ ㅣ別人如何待我是我的因果
♡ຼ ㅣ我待別人如何是我的修行
♡ຼ ㅣ修身、修口、修心
♡ຼ ㅣ仁者見仁，智者見智，感恩的心",焦慮症,non_life,,skipped,
lining224,⋆秝寧｡˚𖤐 ◡̎,"沒有理解的溝通，最後只會變成爭吵。
一開始我也以為我們之間只要多溝通就沒有問題，但我發現，每一次我跟你說出我的感受時，你都會認為我在說你有錯，然後你就會覺得自己不被理解。最後我們的溝通就會變成辯論，變成爭論誰對誰錯。
溝通很重要，但是溝通的前提是彼此理解。",2025-09-20 15:43:00,"♡ຼ ㅣ分享轉發給我自己的文字
♡ຼ ㅣ情感語錄ㅣ治癒語錄ㅣ好文共享ㅣ僅供參考
♡ຼ ㅣ別人如何待我是我的因果
♡ຼ ㅣ我待別人如何是我的修行
♡ຼ ㅣ修身、修口、修心
♡ຼ ㅣ仁者見仁，智者見智，感恩的心",焦慮症,non_life,,skipped,
lining224,⋆秝寧｡˚𖤐 ◡̎,"精神層次越高的人，對感情越專一，因為這種人善於處理自己內心的慾望，不會把類似找備胎、和誰玩、玩過誰這種膚淺的價值觀，當作得意的談資。
忠誠和專一是最基本的原則和底線，慾望是人性，克制是教養。新歡舊愛，迎來送往，有些人以為自己魅力難擋，實則是廉價百搭。",2025-09-20 14:55:00,"♡ຼ ㅣ分享轉發給我自己的文字
♡ຼ ㅣ情感語錄ㅣ治癒語錄ㅣ好文共享ㅣ僅供參考
♡ຼ ㅣ別人如何待我是我的因果
♡ຼ ㅣ我待別人如何是我的修行
♡ຼ ㅣ修身、修口、修心
♡ຼ ㅣ仁者見仁，智者見智，感恩的心",焦慮症,non_life,,skipped,
lining224,⋆秝寧｡˚𖤐 ◡̎,缺愛的人才會對普通甚至很垃圾的關係難捨難分,2025-09-20 12:09:00,"♡ຼ ㅣ分享轉發給我自己的文字
♡ຼ ㅣ情感語錄ㅣ治癒語錄ㅣ好文共享ㅣ僅供參考
♡ຼ ㅣ別人如何待我是我的因果
♡ຼ ㅣ我待別人如何是我的修行
♡ຼ ㅣ修身、修口、修心
♡ຼ ㅣ仁者見仁，智者見智，感恩的心",焦慮症,non_life,,skipped,
lining224,⋆秝寧｡˚𖤐 ◡̎,老天為了渡你，演員換了一批又一批，拿著你執著的東西，一遍又一遍的磨練你，直到你不再執著。,2025-09-19 21:46:00,"♡ຼ ㅣ分享轉發給我自己的文字
♡ຼ ㅣ情感語錄ㅣ治癒語錄ㅣ好文共享ㅣ僅供參考
♡ຼ ㅣ別人如何待我是我的因果
♡ຼ ㅣ我待別人如何是我的修行
♡ຼ ㅣ修身、修口、修心
♡ຼ ㅣ仁者見仁，智者見智，感恩的心",焦慮症,non_life,,skipped,
lining224,⋆秝寧｡˚𖤐 ◡̎,"人愛的主要是自己的需求。
就是男女關係中，我們好像愛的是別人。但我們愛別人，主要是因為看著別人好看、有錢或性格好，因為這些東西能給自己帶來好處。
反過來說，如果一個人不好看沒錢，你是很難對他產生感覺的。
就像歐文·亞隆說的：「把你的動機解剖得更深層一些，你將會發現，永遠沒有人做任何事情是完全為了他人，所有的愛都是自私的。」
我們不需要理想化別人，別人喜歡你，主要就是覺得能從你身上得到好處。我們也不需要理想化自己，天天自我感動痛徹心扉，因為我們主要愛的也是自己的需求，只是感覺對方能滿足自己的需求而已。",2025-09-19 12:53:00,"♡ຼ ㅣ分享轉發給我自己的文字
♡ຼ ㅣ情感語錄ㅣ治癒語錄ㅣ好文共享ㅣ僅供參考
♡ຼ ㅣ別人如何待我是我的因果
♡ຼ ㅣ我待別人如何是我的修行
♡ຼ ㅣ修身、修口、修心
♡ຼ ㅣ仁者見仁，智者見智，感恩的心",焦慮症,non_life,,skipped,
lining224,⋆秝寧｡˚𖤐 ◡̎,"生命始於不再取悅他人的那一天。
當一個人總是在懷疑或是抓取，或是總不相信自己，總認同外在，就會造成對立和分裂。長期處於高壓狀態會激發身體的炎症反應，若持續積累，可能進一步誘發疾病。
一定要減少生命當中衝突的人、事、物進入你的生活，哪怕他們以「為你好」的名義靠近。務必讓自己的磁場保持安靜，回到自己的源頭，珍惜自己精氣神的內在之光，那是你生命中最重要的財富。",2025-09-19 12:36:00,"♡ຼ ㅣ分享轉發給我自己的文字
♡ຼ ㅣ情感語錄ㅣ治癒語錄ㅣ好文共享ㅣ僅供參考
♡ຼ ㅣ別人如何待我是我的因果
♡ຼ ㅣ我待別人如何是我的修行
♡ຼ ㅣ修身、修口、修心
♡ຼ ㅣ仁者見仁，智者見智，感恩的心",焦慮症,non_life,,skipped,
lining224,⋆秝寧｡˚𖤐 ◡̎,允許早晨醒來，天氣陰沈心情不佳，允許愛情遲來或不來，允許一事無成，允許無緣無故的哀傷，允許一個人，只是一個普通人。,2025-09-19 10:31:00,"♡ຼ ㅣ分享轉發給我自己的文字
♡ຼ ㅣ情感語錄ㅣ治癒語錄ㅣ好文共享ㅣ僅供參考
♡ຼ ㅣ別人如何待我是我的因果
♡ຼ ㅣ我待別人如何是我的修行
♡ຼ ㅣ修身、修口、修心
♡ຼ ㅣ仁者見仁，智者見智，感恩的心",焦慮症,non_life,,skipped,
lining224,⋆秝寧｡˚𖤐 ◡̎,"所有不幸福的女人，都有一個共性：依賴感情，總想被別人愛/包容/理解
強者以自我為中心，不管對方是誰，只要他給你添麻煩，你就會甩開他，讓他滾
結果她的生活反而鳥語花香，身邊都是尊重她 認可她 願意給她支持的人",2025-09-19 08:08:00,"♡ຼ ㅣ分享轉發給我自己的文字
♡ຼ ㅣ情感語錄ㅣ治癒語錄ㅣ好文共享ㅣ僅供參考
♡ຼ ㅣ別人如何待我是我的因果
♡ຼ ㅣ我待別人如何是我的修行
♡ຼ ㅣ修身、修口、修心
♡ຼ ㅣ仁者見仁，智者見智，感恩的心",焦慮症,non_life,,skipped,
lining224,⋆秝寧｡˚𖤐 ◡̎,"想要命好，是有訣竅的，就是學會變通。
路走不通就拐個彎，事想不通就先放放，
人處不來就保持距離。
生活不是比賽，沒必要事事爭第一。
學會主動示弱不是軟弱，是給自己留條活路。
多去接觸那些非常喜慶、善良、擁有至高福德的人，
跟他們多交流，多互動，
這種高能量磁場的影響，
會讓你整個人的能量飛速提升。 ​​​",2025-09-18 07:19:00,"♡ຼ ㅣ分享轉發給我自己的文字
♡ຼ ㅣ情感語錄ㅣ治癒語錄ㅣ好文共享ㅣ僅供參考
♡ຼ ㅣ別人如何待我是我的因果
♡ຼ ㅣ我待別人如何是我的修行
♡ຼ ㅣ修身、修口、修心
♡ຼ ㅣ仁者見仁，智者見智，感恩的心",焦慮症,non_life,,skipped,
lining224,⋆秝寧｡˚𖤐 ◡̎,"玄學提醒：
其實你已經和一部分人見完了此生最後一面。",2025-09-17 23:58:00,"♡ຼ ㅣ分享轉發給我自己的文字
♡ຼ ㅣ情感語錄ㅣ治癒語錄ㅣ好文共享ㅣ僅供參考
♡ຼ ㅣ別人如何待我是我的因果
♡ຼ ㅣ我待別人如何是我的修行
♡ຼ ㅣ修身、修口、修心
♡ຼ ㅣ仁者見仁，智者見智，感恩的心",焦慮症,non_life,,skipped,
lining224,⋆秝寧｡˚𖤐 ◡̎,"「這短短的一生，
我們最終都會失去，你不妨大膽一些。
愛一個人，攀一座山，追一個夢。」
有很多事都沒有答案，但要相信一件事，
上天給我們生命，
一定是為了讓我們創造奇跡的。",2025-09-17 09:51:00,"♡ຼ ㅣ分享轉發給我自己的文字
♡ຼ ㅣ情感語錄ㅣ治癒語錄ㅣ好文共享ㅣ僅供參考
♡ຼ ㅣ別人如何待我是我的因果
♡ຼ ㅣ我待別人如何是我的修行
♡ຼ ㅣ修身、修口、修心
♡ຼ ㅣ仁者見仁，智者見智，感恩的心",焦慮症,non_life,,skipped,
lining224,⋆秝寧｡˚𖤐 ◡̎,"男人適婚標準之一：包容心強
男人比女人要自我很多，他們更專注自己，很多為了達到自己的目標，不太會考慮別人的感受
從這一點出發來考慮的話，大部分男人都沒有達到適婚標準
婚姻是兩個人搭伙過日子，柴米油鹽醬醋茶
等你真的過日子了 就會明白真正讓你感受到幸福的是：
他看到你辛苦的時候，能夠主動來幫你分擔家務，洗衣做飯
他遇到工作壓力，不會把脾氣帶回家，不會擺著一張臉很不耐煩的樣子
他說話也能輕柔細語 情緒穩定 很少責備你 懂得關心你，照顧你，有生活常識
男人身體裡有女性特點 才算過關 合格
就像女人只有融入男性特點，獨立堅強，才能活明白一樣",2025-09-16 22:06:00,"♡ຼ ㅣ分享轉發給我自己的文字
♡ຼ ㅣ情感語錄ㅣ治癒語錄ㅣ好文共享ㅣ僅供參考
♡ຼ ㅣ別人如何待我是我的因果
♡ຼ ㅣ我待別人如何是我的修行
♡ຼ ㅣ修身、修口、修心
♡ຼ ㅣ仁者見仁，智者見智，感恩的心",焦慮症,non_life,,skipped,
lining224,⋆秝寧｡˚𖤐 ◡̎,從玄學角度講，一個人的運氣和她的心態息息相關，越是放鬆，不在乎，結果就會好。事緩則圓，人一著急動作就容易變形，忽略客觀風險，節外生枝，甚至招來橫禍。若你想得到這世間好的東西，就得先讓世間看到一個高能量的你，一個樂觀積極，在任何境裡都能如如不動，借假修真的人，一定是往上走的。,2025-09-16 12:32:00,"♡ຼ ㅣ分享轉發給我自己的文字
♡ຼ ㅣ情感語錄ㅣ治癒語錄ㅣ好文共享ㅣ僅供參考
♡ຼ ㅣ別人如何待我是我的因果
♡ຼ ㅣ我待別人如何是我的修行
♡ຼ ㅣ修身、修口、修心
♡ຼ ㅣ仁者見仁，智者見智，感恩的心",焦慮症,non_life,,skipped,
lining224,⋆秝寧｡˚𖤐 ◡̎,"「要怎麼跟原生家庭和解？」
其實答案很簡單——
你不用跟他們和解。
你或許也試過，
一次又一次想跟父母溝通，
希望他們能改變，
至少能承認曾經對你造成的傷害。
但在父母那個年代，
溫飽和生存，比心理健康更重要。
所以他們不會覺得，
那樣對待孩子有什麼不對。
當你紅著眼、帶著顫抖的聲音控訴，
他們可能只會回：
「把你養大還不夠嗎？
有飯吃就很好了。」
最讓人心酸的現實是——
父母等著孩子的感恩，
孩子等著父母的道歉。
真正的成長，
是你慢慢明白：
期待父母理解你，
大多時候是不會實現的事。
一次次的爭吵，
其實已經告訴你——
匱乏的父母，給不了你渴望的愛。
但那些你曾經等不到的
溫暖、擁抱與肯定，
你可以自己給自己。
原生家庭的問題，
從來不是對抗，
而是活得比過去更自由、更閃亮。
努力走出原生家庭的陰影，
讓傷害在你這一代畫下句點，
那是屬於你的覺醒與勝利。
與自己和解，放過自己。",2025-09-16 06:47:00,"♡ຼ ㅣ分享轉發給我自己的文字
♡ຼ ㅣ情感語錄ㅣ治癒語錄ㅣ好文共享ㅣ僅供參考
♡ຼ ㅣ別人如何待我是我的因果
♡ຼ ㅣ我待別人如何是我的修行
♡ຼ ㅣ修身、修口、修心
♡ຼ ㅣ仁者見仁，智者見智，感恩的心",焦慮症,non_life,,skipped,
lining224,⋆秝寧｡˚𖤐 ◡̎,"生活感悟！
跟誰在一起真的不一樣
有的人就像充電器，聊幾句就能讓你滿血復活。
有的人就像榨汁機會耗電，他一句話能讓你少活幾天
你知道為什麼有的人連泡麵都泡不開嗎?
因為拿水的時候，他是哪壺不開提哪壺。
所以一定要去靠近能為你充電的人。",2025-09-15 13:26:00,"♡ຼ ㅣ分享轉發給我自己的文字
♡ຼ ㅣ情感語錄ㅣ治癒語錄ㅣ好文共享ㅣ僅供參考
♡ຼ ㅣ別人如何待我是我的因果
♡ຼ ㅣ我待別人如何是我的修行
♡ຼ ㅣ修身、修口、修心
♡ຼ ㅣ仁者見仁，智者見智，感恩的心",焦慮症,non_life,,skipped,
lining224,⋆秝寧｡˚𖤐 ◡̎,"秋天是一個允許草木衰敗，花葉凋零的季節，所以你也不必一直生長，要求自己保持長青，
累了就歇歇，你的春天還會來的。",2025-09-15 07:11:00,"♡ຼ ㅣ分享轉發給我自己的文字
♡ຼ ㅣ情感語錄ㅣ治癒語錄ㅣ好文共享ㅣ僅供參考
♡ຼ ㅣ別人如何待我是我的因果
♡ຼ ㅣ我待別人如何是我的修行
♡ຼ ㅣ修身、修口、修心
♡ຼ ㅣ仁者見仁，智者見智，感恩的心",焦慮症,non_life,,skipped,
lining224,⋆秝寧｡˚𖤐 ◡̎,"「很多人喜歡你，因為你漂亮好看，會說機靈話，有趣好玩，這些喜歡都暗含著很多期望。而有的人喜歡你，是看見你哭和狼狽，知道你辛苦和平凡，允許你不美又不乖，還想把肩膀和糖果都塞給你。」
人與人之間，若靈魂不能共振，交流不能同頻，僅僅只是淺淺的遇見，終究會成為陌路，可貴的是遇到理解與發自內心的愛。
你遲早會明白，答非所問就是回答，敬而遠之就是不喜歡，沉默不語就是拒絕，閃爍不定就是撒謊。
永遠不要高估自己在別人心裡的位置，不要覺得自己很重要，其實只是偶爾被需要。不要對任何事都刨根問底，一定要先問問自己，能否接受真相帶來的刺激和落差。
沒必要讓所有人知道真實的你，或者是你沒有必要不停地向人說其實我是一個什麼樣的人，因為這是無效的，人們還是只會願意看到他們希望看到的。
越來越不喜歡解釋，在不傷害到我利益的前提下，就算有人在背後編排虛假的是非，我都無感。",2025-09-14 15:43:00,"♡ຼ ㅣ分享轉發給我自己的文字
♡ຼ ㅣ情感語錄ㅣ治癒語錄ㅣ好文共享ㅣ僅供參考
♡ຼ ㅣ別人如何待我是我的因果
♡ຼ ㅣ我待別人如何是我的修行
♡ຼ ㅣ修身、修口、修心
♡ຼ ㅣ仁者見仁，智者見智，感恩的心",焦慮症,non_life,,skipped,
lining224,⋆秝寧｡˚𖤐 ◡̎,"建議大家盡早學會用「抓大放小」的態度過一生。不要被生活裡的小事情束縛，咖啡灑了、快遞沒及時到、有人說了句不愛聽的話…
這些都只是人生這場戲的小插曲，不是主旋律。每當負面情緒升起時，趕緊默念：「我的能量和時間那麼寶貴，得全部留給我心心念念的目標、我閃閃發光的未來、和那些真正重要的人。」清楚什麼事值得計較。什麼事該不拘小節，是一種高級的智慧。",2025-09-14 11:23:00,"♡ຼ ㅣ分享轉發給我自己的文字
♡ຼ ㅣ情感語錄ㅣ治癒語錄ㅣ好文共享ㅣ僅供參考
♡ຼ ㅣ別人如何待我是我的因果
♡ຼ ㅣ我待別人如何是我的修行
♡ຼ ㅣ修身、修口、修心
♡ຼ ㅣ仁者見仁，智者見智，感恩的心",焦慮症,non_life,,skipped,
lining224,⋆秝寧｡˚𖤐 ◡̎,"朋友變少，不是損失，而是篩選。
真正的成長，不在於身邊的人越來越多，
而在於你學會了遠離三觀不合、
只會消耗你能量的人。
人到了一定年紀，會明白：
寧可獨處，也不將就；
寧可安靜，也不迎合。
真正的朋友，二三足矣。
他們懂你、惜你、伴你同行，
勝過無數泛泛之交的喧囂陪伴。
記住：
人生不是人越多越熱鬧，而是心越清越安然。",2025-09-14 00:10:00,"♡ຼ ㅣ分享轉發給我自己的文字
♡ຼ ㅣ情感語錄ㅣ治癒語錄ㅣ好文共享ㅣ僅供參考
♡ຼ ㅣ別人如何待我是我的因果
♡ຼ ㅣ我待別人如何是我的修行
♡ຼ ㅣ修身、修口、修心
♡ຼ ㅣ仁者見仁，智者見智，感恩的心",焦慮症,non_life,,skipped,
lining224,⋆秝寧｡˚𖤐 ◡̎,其實人是可以不用戀愛的，也未必一定結婚。但是當我們進入一段情感，我認為我們不應該退而求其次。因為，人還是我們自己，我們最終還是會一個人。所以不要為了任何人降低標準。還有一點，身為女性，除了不降低標準以外，一定不要和任何一個可能奪走主體性的人在一起，哪怕再愛這個人。,2025-09-13 20:18:00,"♡ຼ ㅣ分享轉發給我自己的文字
♡ຼ ㅣ情感語錄ㅣ治癒語錄ㅣ好文共享ㅣ僅供參考
♡ຼ ㅣ別人如何待我是我的因果
♡ຼ ㅣ我待別人如何是我的修行
♡ຼ ㅣ修身、修口、修心
♡ຼ ㅣ仁者見仁，智者見智，感恩的心",焦慮症,non_life,,skipped,
lining224,⋆秝寧｡˚𖤐 ◡̎,"找一個懂得欣賞你，你在他面前特別輕鬆的人，遠離那個老以開玩笑的名義打擊你的人。三觀沒有對錯，但是有差異，你改變不了一個人骨子裡的東西。
你不怕他見到你最醜的一面，那麼這個人對你一定很重要，朋友也好，戀人也好，要珍惜啊！",2025-09-13 08:56:00,"♡ຼ ㅣ分享轉發給我自己的文字
♡ຼ ㅣ情感語錄ㅣ治癒語錄ㅣ好文共享ㅣ僅供參考
♡ຼ ㅣ別人如何待我是我的因果
♡ຼ ㅣ我待別人如何是我的修行
♡ຼ ㅣ修身、修口、修心
♡ຼ ㅣ仁者見仁，智者見智，感恩的心",焦慮症,non_life,,skipped,
lining224,⋆秝寧｡˚𖤐 ◡̎,"女人的成長都源於：
開始有金錢慾望，虛榮心，渴望超過別人
不論是金錢 虛榮心 還是超越別人，都要經歷資源搶奪，你開始搶奪資源並成功，你就成熟了
那些看起來佛系 善良  雲淡風輕的大佬，年輕時都廝殺 掠奪過
愛永遠是愛滿則溢，先豐衣足食，才能有愛心，才能照顧別人，才能談善良，否則就是白痴",2025-09-12 23:24:00,"♡ຼ ㅣ分享轉發給我自己的文字
♡ຼ ㅣ情感語錄ㅣ治癒語錄ㅣ好文共享ㅣ僅供參考
♡ຼ ㅣ別人如何待我是我的因果
♡ຼ ㅣ我待別人如何是我的修行
♡ຼ ㅣ修身、修口、修心
♡ຼ ㅣ仁者見仁，智者見智，感恩的心",焦慮症,non_life,,skipped,
lining224,⋆秝寧｡˚𖤐 ◡̎,鮮花不必保存，一路上還有很多；那麼，煩惱和焦慮就更不必保存了，一路上也還有很多。喜歡的東西不要小心翼翼捨不得用，要使勁用。你當下喜歡這個東西，未來不一定喜歡，所以大膽去享受去使用，不要只是供奉，要讓它們參與你生命的流動。,2025-09-12 18:18:00,"♡ຼ ㅣ分享轉發給我自己的文字
♡ຼ ㅣ情感語錄ㅣ治癒語錄ㅣ好文共享ㅣ僅供參考
♡ຼ ㅣ別人如何待我是我的因果
♡ຼ ㅣ我待別人如何是我的修行
♡ຼ ㅣ修身、修口、修心
♡ຼ ㅣ仁者見仁，智者見智，感恩的心",焦慮症,non_life,,skipped,
lining224,⋆秝寧｡˚𖤐 ◡̎,"一個真相：
有些人不承認你的價值，是因為他們清楚你有價值，如果你真的沒價值，他們會直接拋棄你，而不是PUA你！貶低！打壓你，如果對方不斷的貶低打壓你，那就是想通過這種方式削弱你的自信，進而低成本的掌控你，索取你的價值。",2025-09-12 01:27:00,"♡ຼ ㅣ分享轉發給我自己的文字
♡ຼ ㅣ情感語錄ㅣ治癒語錄ㅣ好文共享ㅣ僅供參考
♡ຼ ㅣ別人如何待我是我的因果
♡ຼ ㅣ我待別人如何是我的修行
♡ຼ ㅣ修身、修口、修心
♡ຼ ㅣ仁者見仁，智者見智，感恩的心",焦慮症,non_life,,skipped,
lining224,⋆秝寧｡˚𖤐 ◡̎,"有些人很害怕展現優秀或打扮好看。
因為覺得優秀或好看，別人就會不高興，然後別人就會攻擊自己，而自己沒有能力保護自己，然後就不敢優秀或打扮。",2025-09-11 07:47:00,"♡ຼ ㅣ分享轉發給我自己的文字
♡ຼ ㅣ情感語錄ㅣ治癒語錄ㅣ好文共享ㅣ僅供參考
♡ຼ ㅣ別人如何待我是我的因果
♡ຼ ㅣ我待別人如何是我的修行
♡ຼ ㅣ修身、修口、修心
♡ຼ ㅣ仁者見仁，智者見智，感恩的心",焦慮症,non_life,,skipped,
lining224,⋆秝寧｡˚𖤐 ◡̎,親密關係是很講緣分的，像上班一樣保持每天聊天反而會很累，一旦某一方忘記打卡就會漸行漸遠，這種刻意的關係根本算不上親密，真正的親密是不用在乎多久沒互動過了，反正對方就在那裡不會離開，只要隨便發點什麼就能召喚出來，就算被已讀不回也不會生氣或者失落，就是因為太熟了才敢隔很久才回訊息。,2025-09-11 07:07:00,"♡ຼ ㅣ分享轉發給我自己的文字
♡ຼ ㅣ情感語錄ㅣ治癒語錄ㅣ好文共享ㅣ僅供參考
♡ຼ ㅣ別人如何待我是我的因果
♡ຼ ㅣ我待別人如何是我的修行
♡ຼ ㅣ修身、修口、修心
♡ຼ ㅣ仁者見仁，智者見智，感恩的心",焦慮症,non_life,,skipped,
yi.n._.118522,依恩,"你是不是...
敏感、焦慮、易怒、胡思亂想
情緒不穩定、自卑、沒自信
但又一直在偽裝自己是個脾氣很好的人",2025-11-13 10:09:00,"17y INFP 發手手的高二男生
原本是語音的主播🫱🏻‍🫲🏿
但語音被拔除所以才發手🫳🏻
時不時會發自己錄製的語音🎙️",焦慮症,business,,skipped,
yi.n._.118522,依恩,"@yi_n._.118522
@yi_n._.118522
這是我之前創的小帳，追蹤我大帳的先追蹤這個，之後會轉移一些貼文過去（多半是廢文跟語錄，不會拍手手，還沒轉移）",2025-11-13 08:36:00,"17y INFP 發手手的高二男生
原本是語音的主播🫱🏻‍🫲🏿
但語音被拔除所以才發手🫳🏻
時不時會發自己錄製的語音🎙️",焦慮症,business,,skipped,
yi.n._.118522,依恩,去睡覺吧😌,2025-11-12 23:07:00,"17y INFP 發手手的高二男生
原本是語音的主播🫱🏻‍🫲🏿
但語音被拔除所以才發手🫳🏻
時不時會發自己錄製的語音🎙️",焦慮症,business,,skipped,
yi.n._.118522,依恩,"我去睡覺了喔，晚安
（也太早😂",2025-11-11 22:14:00,"17y INFP 發手手的高二男生
原本是語音的主播🫱🏻‍🫲🏿
但語音被拔除所以才發手🫳🏻
時不時會發自己錄製的語音🎙️",焦慮症,business,,skipped,
yi.n._.118522,依恩,我眼睛算大了吧？,2025-11-11 15:46:00,"17y INFP 發手手的高二男生
原本是語音的主播🫱🏻‍🫲🏿
但語音被拔除所以才發手🫳🏻
時不時會發自己錄製的語音🎙️",焦慮症,business,,skipped,
yi.n._.118522,依恩,"我剛剛上課睡到打呼，好爽喔🫠
(然後被自己打呼聲嚇醒🥸",2025-11-11 12:21:00,"17y INFP 發手手的高二男生
原本是語音的主播🫱🏻‍🫲🏿
但語音被拔除所以才發手🫳🏻
時不時會發自己錄製的語音🎙️",焦慮症,business,,skipped,
yi.n._.118522,依恩,好喔，我粉絲數開始漲停了，焯...🫠,2025-11-10 21:45:00,"17y INFP 發手手的高二男生
原本是語音的主播🫱🏻‍🫲🏿
但語音被拔除所以才發手🫳🏻
時不時會發自己錄製的語音🎙️",焦慮症,business,,skipped,
yi.n._.118522,依恩,"找到以前沒發過的手手🫠
（當時戒指還在欸👀",2025-11-10 21:34:00,"17y INFP 發手手的高二男生
原本是語音的主播🫱🏻‍🫲🏿
但語音被拔除所以才發手🫳🏻
時不時會發自己錄製的語音🎙️",焦慮症,business,,skipped,
yi.n._.118522,依恩,"我自行宣布
明天、後天、大後天都不會放假",2025-11-10 15:58:00,"17y INFP 發手手的高二男生
原本是語音的主播🫱🏻‍🫲🏿
但語音被拔除所以才發手🫳🏻
時不時會發自己錄製的語音🎙️",焦慮症,business,,skipped,
yi.n._.118522,依恩,論這兩個帳號相遇的機率👀,2025-11-10 12:35:00,"17y INFP 發手手的高二男生
原本是語音的主播🫱🏻‍🫲🏿
但語音被拔除所以才發手🫳🏻
時不時會發自己錄製的語音🎙️",焦慮症,business,,skipped,
yi.n._.118522,依恩,"各位晚安
(上一篇還在執行ing...",2025-11-09 22:11:00,"17y INFP 發手手的高二男生
原本是語音的主播🫱🏻‍🫲🏿
但語音被拔除所以才發手🫳🏻
時不時會發自己錄製的語音🎙️",焦慮症,business,,skipped,
yi.n._.118522,依恩,"這篇破2000讚
我就在自介掛男娘一週
(說到做到不反悔，無期限
這流量應該有點困難了吧👀",2025-11-09 20:45:00,"17y INFP 發手手的高二男生
原本是語音的主播🫱🏻‍🫲🏿
但語音被拔除所以才發手🫳🏻
時不時會發自己錄製的語音🎙️",焦慮症,business,,skipped,
yi.n._.118522,依恩,"(點開有驚喜)
(\_/)
( •w• )
/>（辛苦了～給你一個❤️",2025-11-09 15:37:00,"17y INFP 發手手的高二男生
原本是語音的主播🫱🏻‍🫲🏿
但語音被拔除所以才發手🫳🏻
時不時會發自己錄製的語音🎙️",焦慮症,business,,skipped,
yi.n._.118522,依恩,"來了！時隔兩日的手手...
（比較趕時間所以拍的不是很好😌",2025-11-09 09:43:00,"17y INFP 發手手的高二男生
原本是語音的主播🫱🏻‍🫲🏿
但語音被拔除所以才發手🫳🏻
時不時會發自己錄製的語音🎙️",焦慮症,business,,skipped,
yi.n._.118522,依恩,45以上的，都是來幹嘛的阿👀,2025-11-08 23:13:00,"17y INFP 發手手的高二男生
原本是語音的主播🫱🏻‍🫲🏿
但語音被拔除所以才發手🫳🏻
時不時會發自己錄製的語音🎙️",焦慮症,business,,skipped,
yi.n._.118522,依恩,"⠀
⠀
⠀
⠀首先 我封鎖你，不是因為我玻璃心
是我覺得我不想浪費時間在你身上而已
⠀
⠀
⠀",2025-11-08 19:24:00,"17y INFP 發手手的高二男生
原本是語音的主播🫱🏻‍🫲🏿
但語音被拔除所以才發手🫳🏻
時不時會發自己錄製的語音🎙️",焦慮症,business,,skipped,
yi.n._.118522,依恩,"⠀
⠀
⠀
⠀⠀⠀巴山楚水凄凉地
responsibility
⠀
⠀
⠀",2025-11-08 16:40:00,"17y INFP 發手手的高二男生
原本是語音的主播🫱🏻‍🫲🏿
但語音被拔除所以才發手🫳🏻
時不時會發自己錄製的語音🎙️",焦慮症,business,,skipped,
yi.n._.118522,依恩,我不會小奶狗的聲音啦🥹,2025-11-07 20:45:00,"17y INFP 發手手的高二男生
原本是語音的主播🫱🏻‍🫲🏿
但語音被拔除所以才發手🫳🏻
時不時會發自己錄製的語音🎙️",焦慮症,business,,skipped,
yi.n._.118522,依恩,"如果這篇破1000讚
我就：（
你在期待什麼
）",2025-11-06 21:10:00,"17y INFP 發手手的高二男生
原本是語音的主播🫱🏻‍🫲🏿
但語音被拔除所以才發手🫳🏻
時不時會發自己錄製的語音🎙️",焦慮症,business,,skipped,
yi.n._.118522,依恩,"我自行宣布
第一屆
《threads 最好看的穿搭或cosplay》大賽
正式開始
選手如下：
(我超想看的...但好像沒流量...",2025-11-06 18:50:00,"17y INFP 發手手的高二男生
原本是語音的主播🫱🏻‍🫲🏿
但語音被拔除所以才發手🫳🏻
時不時會發自己錄製的語音🎙️",焦慮症,business,,skipped,
yi.n._.118522,依恩,現在不知道該做什麼，發個✌🏻吧,2025-11-06 16:07:00,"17y INFP 發手手的高二男生
原本是語音的主播🫱🏻‍🫲🏿
但語音被拔除所以才發手🫳🏻
時不時會發自己錄製的語音🎙️",焦慮症,business,,skipped,
yi.n._.118522,依恩,"好像...糊糊的，但還是可以的吧😎
(偷偷放福利",2025-11-05 16:25:00,"17y INFP 發手手的高二男生
原本是語音的主播🫱🏻‍🫲🏿
但語音被拔除所以才發手🫳🏻
時不時會發自己錄製的語音🎙️",焦慮症,business,,skipped,
yi.n._.118522,依恩,哇...我的戒指不見了🤯,2025-11-05 07:41:00,"17y INFP 發手手的高二男生
原本是語音的主播🫱🏻‍🫲🏿
但語音被拔除所以才發手🫳🏻
時不時會發自己錄製的語音🎙️",焦慮症,business,,skipped,
yi.n._.118522,依恩,"這幾天是校慶，我可能又要停幾天福利
(抱歉了各位🙇🏻",2025-11-05 06:27:00,"17y INFP 發手手的高二男生
原本是語音的主播🫱🏻‍🫲🏿
但語音被拔除所以才發手🫳🏻
時不時會發自己錄製的語音🎙️",焦慮症,business,,skipped,
yi.n._.118522,依恩,玩過這個的都幾歲了？,2025-11-04 11:45:00,"17y INFP 發手手的高二男生
原本是語音的主播🫱🏻‍🫲🏿
但語音被拔除所以才發手🫳🏻
時不時會發自己錄製的語音🎙️",焦慮症,business,,skipped,
yi.n._.118522,依恩,來了來了,2025-11-04 07:12:00,"17y INFP 發手手的高二男生
原本是語音的主播🫱🏻‍🫲🏿
但語音被拔除所以才發手🫳🏻
時不時會發自己錄製的語音🎙️",焦慮症,business,,skipped,
yi.n._.118522,依恩,這總認不出來了吧,2025-11-03 23:21:00,"17y INFP 發手手的高二男生
原本是語音的主播🫱🏻‍🫲🏿
但語音被拔除所以才發手🫳🏻
時不時會發自己錄製的語音🎙️",焦慮症,business,,skipped,
tokkkdog,熊鸡陛下,没见过精神分裂的可以翻翻我的脆,2025-08-22 04:49:00,短暂的消失一会吧,精神分裂,pass,,non_depression_risk_user,
tokkkdog,熊鸡陛下,打不死我的加油，能打死的谢谢,2025-08-22 04:49:00,短暂的消失一会吧,精神分裂,pass,,non_depression_risk_user,
tokkkdog,熊鸡陛下,Threads是我用来发泄的 我不会对我说过的任何言论负责 ​,2025-08-22 04:48:00,短暂的消失一会吧,精神分裂,pass,,non_depression_risk_user,
tokkkdog,熊鸡陛下,暑假能像哪吒一样重映或者加长档期不，反正我也是魔童,2025-08-22 04:47:00,短暂的消失一会吧,精神分裂,pass,,non_depression_risk_user,
tokkkdog,熊鸡陛下,@所有人 我们是什么关系,2025-08-22 04:47:00,短暂的消失一会吧,精神分裂,pass,,non_depression_risk_user,
tokkkdog,熊鸡陛下,居然可以搜出来,2025-08-22 02:26:00,短暂的消失一会吧,精神分裂,pass,,non_depression_risk_user,
tokkkdog,熊鸡陛下,你们素颜好能打啊 我素颜咋那么找打？,2025-08-22 00:31:00,短暂的消失一会吧,精神分裂,pass,,non_depression_risk_user,
tokkkdog,熊鸡陛下,这暑假下来最成功的是支付成功,2025-08-21 23:24:00,短暂的消失一会吧,精神分裂,pass,,non_depression_risk_user,
tokkkdog,熊鸡陛下,下周五是什么日子？为什么男的女的都来问我有没有空,2025-08-21 20:37:00,短暂的消失一会吧,精神分裂,pass,,non_depression_risk_user,
tokkkdog,熊鸡陛下,暑假，我们可以重新开始吗,2025-08-21 02:58:00,短暂的消失一会吧,精神分裂,pass,,non_depression_risk_user,
tokkkdog,熊鸡陛下,很难想象这个作息怎么面对开学,2025-08-20 00:48:00,短暂的消失一会吧,精神分裂,pass,,non_depression_risk_user,
tokkkdog,熊鸡陛下,下个礼拜天是8月31号,2025-08-20 00:46:00,短暂的消失一会吧,精神分裂,pass,,non_depression_risk_user,
tokkkdog,熊鸡陛下,痴情的学校啊请再等一世吧,2025-08-20 00:45:00,短暂的消失一会吧,精神分裂,pass,,non_depression_risk_user,
tokkkdog,熊鸡陛下,屁眼是什么瓜,2025-08-19 22:05:00,短暂的消失一会吧,精神分裂,pass,,non_depression_risk_user,
tokkkdog,熊鸡陛下,这个国补资格到底是谁在抢,2025-08-19 20:13:00,短暂的消失一会吧,精神分裂,pass,,non_depression_risk_user,
tokkkdog,熊鸡陛下,"第一杯敬自己还没死
​第二杯敬自己还没死
​第三杯敬自己还没死 ​​​",2025-08-18 23:59:00,短暂的消失一会吧,精神分裂,pass,,non_depression_risk_user,
tokkkdog,熊鸡陛下,什么意思、,2025-08-18 23:32:00,短暂的消失一会吧,精神分裂,pass,,non_depression_risk_user,
tokkkdog,熊鸡陛下,我以为是大事,2025-08-18 17:31:00,短暂的消失一会吧,精神分裂,pass,,non_depression_risk_user,
tokkkdog,熊鸡陛下,我已经焦虑到不知道先焦虑什么了,2025-08-18 04:16:00,短暂的消失一会吧,精神分裂,pass,,non_depression_risk_user,
tokkkdog,熊鸡陛下,我看我的好日子不是在后头是尼玛的在坟头呢 ​​​,2025-08-18 00:46:00,短暂的消失一会吧,精神分裂,pass,,non_depression_risk_user,
tokkkdog,熊鸡陛下,我能干什么,2025-08-17 03:13:00,短暂的消失一会吧,精神分裂,pass,,non_depression_risk_user,
tokkkdog,熊鸡陛下,经常看着以前的照片感叹那时候又美又瘦，全然想不起来当时也是P的,2025-08-17 02:30:00,短暂的消失一会吧,精神分裂,pass,,non_depression_risk_user,
tokkkdog,熊鸡陛下,我今天才刷到我高中的表白墙,2025-08-17 02:18:00,短暂的消失一会吧,精神分裂,pass,,non_depression_risk_user,
tokkkdog,熊鸡陛下,七夕那天我准备出去跑一天 让别人看见我微信步数的时候都以为我去约会了,2025-08-16 21:11:00,短暂的消失一会吧,精神分裂,pass,,non_depression_risk_user,
tokkkdog,熊鸡陛下,终于找到我的line,2025-08-16 18:57:00,短暂的消失一会吧,精神分裂,pass,,non_depression_risk_user,
tokkkdog,熊鸡陛下,如果人生有撤回键 我愿意撤回那些瞬间,2025-08-16 03:26:00,短暂的消失一会吧,精神分裂,pass,,non_depression_risk_user,
tokkkdog,熊鸡陛下,期待了三年的假期跟尿一样流走了,2025-08-16 03:25:00,短暂的消失一会吧,精神分裂,pass,,non_depression_risk_user,
tokkkdog,熊鸡陛下,后女友我想你了,2025-08-16 03:24:00,短暂的消失一会吧,精神分裂,pass,,non_depression_risk_user,
tokkkdog,熊鸡陛下,每天都在高强度使用社交媒体却没有进行任何社交 ​ ​​​,2025-08-16 02:48:00,短暂的消失一会吧,精神分裂,pass,,non_depression_risk_user,
tokkkdog,熊鸡陛下,我的ig还差579哥粉丝,2025-08-16 02:45:00,短暂的消失一会吧,精神分裂,pass,,non_depression_risk_user,
tokkkdog,熊鸡陛下,怎样才能招钱喜欢,2025-08-16 01:44:00,短暂的消失一会吧,精神分裂,pass,,non_depression_risk_user,
tokkkdog,熊鸡陛下,💅你干脆砍死我好了,2025-08-15 23:35:00,短暂的消失一会吧,精神分裂,pass,,non_depression_risk_user,
tokkkdog,熊鸡陛下,"朋友恋爱：牛逼
朋友分手：牛逼
朋友被劈腿：牛逼
朋友脚踏两条船：牛逼
朋友喜欢我：牛逼",2025-08-14 23:29:00,短暂的消失一会吧,精神分裂,pass,,non_depression_risk_user,
tokkkdog,熊鸡陛下,我还没逆袭呢 怎么就要开学了。,2025-08-14 21:39:00,短暂的消失一会吧,精神分裂,pass,,non_depression_risk_user,
tokkkdog,熊鸡陛下,你们可以和我ig互关吗？☺️,2025-08-14 01:52:00,短暂的消失一会吧,精神分裂,pass,,non_depression_risk_user,
tokkkdog,熊鸡陛下,卧槽我再也不能和你们聊天了,2025-08-14 01:38:00,短暂的消失一会吧,精神分裂,pass,,non_depression_risk_user,
tokkkdog,熊鸡陛下,你揭我伤疤的时候有没有想过我是编的,2025-08-14 00:36:00,短暂的消失一会吧,精神分裂,pass,,non_depression_risk_user,
tokkkdog,熊鸡陛下,昨日的明天已悄然来临,2025-08-14 00:21:00,短暂的消失一会吧,精神分裂,pass,,non_depression_risk_user,
tokkkdog,熊鸡陛下,那些骂我的人我只会把你们拉黑！,2025-08-13 23:13:00,短暂的消失一会吧,精神分裂,pass,,non_depression_risk_user,
tokkkdog,熊鸡陛下,我不行了,2025-08-13 22:15:00,短暂的消失一会吧,精神分裂,pass,,non_depression_risk_user,
tokkkdog,熊鸡陛下,"有人喜欢我：卧槽不要喜欢我。
没人喜欢我：卧槽谁来喜欢我。",2025-08-13 21:40:00,短暂的消失一会吧,精神分裂,pass,,non_depression_risk_user,
tokkkdog,熊鸡陛下,突然感觉鼠标好色，天天被主人玩弄两边的瓣瓣和中间的豆豆,2025-08-13 01:03:00,短暂的消失一会吧,精神分裂,pass,,non_depression_risk_user,
aka318721,Aka chi,"衛福部石崇良說：「別以為剛畢業就能獨立。」
這句話翻譯成白話文就是：「我們發的證照，不保證品質。」
這邏輯放在商業世界，就是標準的「詐欺」。
你賣給學生一個夢想，讓他們讀六年書、實習、通過嚴格國考，拿到一張代表「國家認證」的執照。
結果現在告訴大家：「喔，這張紙不代表你能獨立做事，你還是個半吊子。」
既然不能獨立，為什麼讓他畢業？
既然還沒準備好，為什麼發給他執照？
政府一手收報名費辦國考，一手否認國考的鑑別度。
這不是嚴格，這是行政精神分裂。",2025-11-20 20:45:00,人間清醒的內向人,精神分裂,non_life,,skipped,
aka318721,Aka chi,"特管法後
醫美人力大量減少
人事成本上升
導致醫美「大漲價」
民眾權利何在！
想變美都不行？？",2025-11-20 15:52:00,人間清醒的內向人,精神分裂,non_life,,skipped,
aka318721,Aka chi,"274人，請停止追蹤
我不想被大家看到
很困擾",2025-11-20 10:56:00,人間清醒的內向人,精神分裂,non_life,,skipped,
aka318721,Aka chi,"當遇到權貴子弟的波波醫師時，衛福部說：「我們要保障考生的權益，放寬認定，溯及既往！」🥰
當遇到沒背景的本土醫師時，衛福部說：「為了病人安全（？），我們要嚴格管制，直接殲滅！」🔪
看懂了嗎？
在台灣，「法律」是用來服務特定階級的。
沒有權貴背景的你們，乖乖吞下去吧。",2025-11-20 07:02:00,人間清醒的內向人,精神分裂,non_life,,skipped,
aka318721,Aka chi,"最離譜的是「溯及既往」：
法律的基本原則是「信賴保護」。
這些醫師在執業當時是完全合法的，現在你一紙行政命令下來，直接剝奪他們的工作權？
這在憲法法庭上絕對是違憲等級的核彈。",2025-11-20 07:01:00,人間清醒的內向人,精神分裂,non_life,,skipped,
aka318721,Aka chi,"台灣法治奇觀：衛福部已經進化成「朕即國家」了？
【立法+司法+行政 三位一體】
最新的醫美禁令，完美示範了什麼叫「行政權獨大」。
衛福部現在不只是執行單位，還兼任立法者（自己解釋法規）與審判者（說你違規就違規），而且還不受監督。",2025-11-20 07:01:00,人間清醒的內向人,精神分裂,non_life,,skipped,
aka318721,Aka chi,"拜託大家，醒醒好嗎？
「醫德」這兩個字，是台灣醫界最大的 PUA（情緒勒索）。 🛑
越有醫德，對台灣醫界傷害越大。因為你讓社會大眾誤以為「便宜又大碗」是理所當然。
給多少錢，做多少事。這才是專業。",2025-11-19 21:42:00,人間清醒的內向人,精神分裂,non_life,,skipped,
aka318721,Aka chi,"忘了嗎？當年住院醫師（R）為什麼會有 PM off？為什麼會有各類加薪福利？
是因為醫院高層突然良心發現？
錯！是因為缺人缺到怕了！
現在看到麻醉 V 開那什麼可笑的 60 萬鳥缺，別急著罵，這就是起點。
只要外面行情好，醫院招不到人，很快 70 萬、80 萬保證班就會跪著端出來。
財團醫院需要你的牌、需要業績，那就讓他們付出應有的代價來贖買你的肝。",2025-11-19 21:42:00,人間清醒的內向人,精神分裂,non_life,,skipped,
aka318721,Aka chi,"致 那些還在醫院苦守寒窯的同袍：
別傻了，把外面的醫美搞爛，你們在醫院的日子絕對不會變好。
這是一個簡單的供需法則：只有當外面的世界過得夠爽、賺得夠多，醫院為了留人，才會心不甘情不願地把錢掏出來。",2025-11-19 21:41:00,人間清醒的內向人,精神分裂,non_life,,skipped,
aka318721,Aka chi,石部長一手遮天,2025-11-19 21:38:00,人間清醒的內向人,精神分裂,non_life,,skipped,
aka318721,Aka chi,"看看這個地獄級的雙標現場：
🟢 對待波波醫師：大門敞開，溫柔款待，學歷認定寬鬆再寬鬆。🥰
🔴 對待本土醫師：即刻重手，溯及既往，層層關卡把你的路堵死。🚫",2025-11-19 21:07:00,人間清醒的內向人,精神分裂,non_life,,skipped,
aka318721,Aka chi,"就問一句：強制 PGY 跟醫美病人安全的 EBM（實證醫學）在哪裡？ 📖
拿不出數據就硬幹，這叫專業？還是叫傲慢？
既然這麼迷信 PGY 萬能論，石崇良你要不要自己先回來補 2 年 PGY 以身作則？ 看到底是對病人安全有幫助，還是純粹浪費生命？",2025-11-19 21:06:00,人間清醒的內向人,精神分裂,non_life,,skipped,
aka318721,Aka chi,"上次補充保費被修理，石長官面子掛不住，立刻回頭找「心中最軟的一塊」出氣？
這操作真的太粗暴、太噁心。🤮
說上路就上路，還敢搞「溯及既往」？這種違背法治精神的行政霸凌，只有衛福部做得出來。一個《特管法》被無限上綱，直接把本土醫師當賊防。",2025-11-19 21:06:00,人間清醒的內向人,精神分裂,non_life,,skipped,
aka318721,Aka chi,"🇹🇼 台灣醫界魔幻寫實：波波是大爺，本土是棄嬰？
如果你以為政府會保護經過嚴格聯考、紮實訓練的本土醫師，那你真的太天真了。",2025-11-19 21:06:00,人間清醒的內向人,精神分裂,non_life,,skipped,
aka318721,Aka chi,"講點法律的。無論是用德派的比例原則還是美派的實質關聯性審查，這個草案都經不起考驗：
1. 手段沒用（缺乏適當性/關聯性）：
資料擺在眼前，事故原因多半是「麻醉管理」或「手術流程」疏失，跟醫師是不是特定專科根本沒有直接因果關係。既然限制了專科也不能保證不出事，那這個手段就是無效的。
2. 殺雞焉用牛刀（違反必要性/過度限制）：
明明要求「32小時特定課程」就能確保技術，為什麼還要強迫醫師回去跑跟醫美無關的 PGY？這就像為了防止車禍，要求所有駕駛都要去修飛機引擎一樣荒謬。🚗✈️",2025-11-19 20:54:00,人間清醒的內向人,精神分裂,non_life,,skipped,
aka318721,Aka chi,"政府：「為了病人安全，我們要強力管制無專科醫師執業造成的醫美亂象！」😤
現實數據：「可是石長官......出人命的，好像都是你們認證的專科醫師耶？」🫠",2025-11-19 20:54:00,人間清醒的內向人,精神分裂,non_life,,skipped,
aka318721,Aka chi,"以下是近年關於醫美/整形手術
出現死亡或重大併發症，有上過新聞的事件資料
​
==
(1) 高雄執行縮胃手術，導致兩死
操作者王姓醫師 ​ 專科：消化外科
==
(2) 台北私密處增大手術，術中無呼吸心跳死亡
操作者丁姓醫師 ​ 專科：一般外科
==
(3) 台北抽脂手術，導致腎衰竭、休克
操作者謝姓醫師 ​ 專科：耳鼻喉科
==
(4) 台北舒眠電波拉皮，術中缺氧死亡
操作者謝姓醫師 ​ 專科：皮膚科
==
(5) 台北隆鼻手術，術中惡性高熱後死亡
操作者陳姓醫師 ​ 專科：整形外科
​
​
政府：「要強力管制無專科醫師執業造成的醫美亂象」
​
嗯...好喔？
​
備註：
醫美/整形手術的嚴重意外事件，其實大部分都和麻醉有關。如果要執行麻醉程序，務必確認該院所具備合格麻醉醫師及團隊
​",2025-11-19 20:53:00,人間清醒的內向人,精神分裂,non_life,,skipped,
aka318721,Aka chi,"有消息傳出
柬埔寨的”麻豆傳媒”
也是太子集團旗下的分公司
牛逼啊",2025-11-19 20:12:00,人間清醒的內向人,精神分裂,non_life,,skipped,
aka318721,Aka chi,"第三則（破局）：
羅唯仁七月退休，理論上還在旋轉門條款內，但英特爾如果想彎道超車，正規挖角來不及了，必須要「帶槍投靠」。
陳立武的算盤打得很精：
💰 政府出錢（川普搞定）
🤝 客戶下單（輝達搞定）
🧠 技術到位（羅唯仁搞定）
👉 英特爾 18A/14A 復活，美國製造再次偉大。
結果呢？台積電法務部這刀補得又快又準。 🔪
直接啟動洩密調查，檢調介入。
這招太狠了：
• 你人還沒報到，名聲先臭了。
• 只要進入司法程序，證物保全、限制出境，這一拖就是兩三年。
• 就算你真的去了，英特爾敢用你嗎？你做出的任何突破，台積電都能告你是「受污染的技術」。",2025-11-19 15:41:00,人間清醒的內向人,精神分裂,non_life,,skipped,
aka318721,Aka chi,"我們來復盤一下這個精彩的時間線（細思極恐）：
1️⃣ 8/11 白宮驚魂夜：
陳立武（Lip-Bu Tan）被川普點名滾蛋，結果他直接殺進白宮見川普。
出來後發生什麼事？川普態度180度大轉彎！不僅不趕他走，還同意美國政府拿「晶片法案補助」換英特爾 10% 股權。
隨後，輝達（Nvidia）投50億、軟銀投20億。這些精明的錢為什麼敢投爛泥扶不上牆的英特爾？ 🤔
2️⃣ 關鍵的「保證書」：
我大膽猜測，陳立武當時給川普和投資人的這份「必勝保證書」裡，除了美國政府的錢，最核心的一條就是：「我有辦法搞定台積電的技術（人）。」
這個人，大概率就是羅唯仁。",2025-11-19 15:41:00,人間清醒的內向人,精神分裂,non_life,,skipped,
aka318721,Aka chi,"今天早上看到川普又在罵台灣偷晶片，大家都在想「老番顛又來了」。
但我告訴各位，這絕對不是老番顛，這是「買家覺得被騙了」的憤怒。 
因為就在同一時間，傳聞要去英特爾救火的台積電研發大佬羅唯仁，被爆出涉嫌洩密，直接被司法機關盯上。
如果你把這兩件事連在一起看，再回頭看這幾個月英特爾發生的那場「陳立武宮鬥劇」，你會發現這是一個精心設計的「全明星救援局」，而台積電剛剛親手把這個局最核心的那塊拼圖給砸碎了。",2025-11-19 15:40:00,人間清醒的內向人,精神分裂,non_life,,skipped,
aka318721,Aka chi,"我不知道生小孩的好處是什麼
但壞處也太明顯了吧⋯
頻尿、便秘、噁心、嘔吐、抽筋、下肢水腫、靜脈曲張、身材走樣、腰酸背痛、妊娠紋、呼吸困難、胸悶、情緒不穩定、注意力不足、妊娠糖尿病、皮膚瘙癢、妊娠毒血症、羊水栓塞、產後憂鬱症
突然覺得早生貴子這句話好惡毒",2025-11-18 12:38:00,人間清醒的內向人,精神分裂,non_life,,skipped,
aka318721,Aka chi,"實在是很好奇石崇良
自己曾經也是醫生
現在看到一堆學弟妹
或是曾經的同事這樣罵爛他
他都不會覺得丟臉嗎？",2025-11-18 10:37:00,人間清醒的內向人,精神分裂,non_life,,skipped,
aka318721,Aka chi,"階級複製真的存在嗎？
國中的時候，我有一個同班女同學，成績真的很爛，但家裡超有錢。每天不是穿最新的限量喬丹，就是拿著最新款的芭比，洋裝、名牌小物永遠第一手。
這些我都可以不在意，畢竟我沒有的東西，就當作看不見。
真正讓人無法忽略的是
她超愛在大家面前說：
「以後我就是要接手我爸的公司啊～」
那時候的我至少成績比她好好幾個區間，心裡還默默想：「哼，至少這方面我贏妳。」
結果 30 年後的同學會，
我才發現
她真的接手了她爸的公司，
現在台灣、美國兩地飛，人生過得風生水起。
而當年那個心裡 OS 一堆的小丑…其實是我自己。",2025-11-18 09:39:00,人間清醒的內向人,精神分裂,non_life,,skipped,
aka318721,Aka chi,"護照《免簽國家比》
台灣16:111
中國178:11",2025-11-18 08:59:00,人間清醒的內向人,精神分裂,non_life,,skipped,
aka318721,Aka chi,"夢到日本經濟太差
要靠戰爭來重振經濟了
希望不要是真的嗚嗚嗚",2025-11-18 07:22:00,人間清醒的內向人,精神分裂,non_life,,skipped,
aka318721,Aka chi,"看到特管法，跟著一起喊
「石崇良皇上駕道，恭請聖安」
我真的笑出來
這畫面已經不是政治，是宮廷劇了",2025-11-17 19:59:00,人間清醒的內向人,精神分裂,non_life,,skipped,
aka318721,Aka chi,胖子體臭味都好重…,2025-11-17 09:42:00,人間清醒的內向人,精神分裂,non_life,,skipped,
aka318721,Aka chi,"今天有個23歲的小男生搭訕我跟我要IG
我說我已經30幾了
然後他說
「這樣喔，那我可以要你的email嗎？」",2025-11-16 20:39:00,人間清醒的內向人,精神分裂,non_life,,skipped,
aka318721,Aka chi,"NVIDIA → 執行長是台灣人
AMD → 執行長是台灣人
台積電 → 台灣公司
為什麼人口只有2000萬的台灣這麼厲害？",2025-11-16 20:04:00,人間清醒的內向人,精神分裂,non_life,,skipped,
aka318721,Aka chi,"超喜歡蔡康永的這句話：
-
「請妳嫁給那個，讓你變小孩的男人。」",2025-11-16 12:05:00,人間清醒的內向人,精神分裂,non_life,,skipped,
burger5560,ㄏㄏㄅ,"片商主打回溯中壢事件，以為是很熱血青春的社會運動電影，結果是蠻純的愛情電影。
我下的註腳是 #社運佳人 或 #亂世中的愛情 ，我覺得很適合在聖誕節的時候看，很適合情侶一起去看。
特別是在現今社會的政治紛亂，對立的兩派互相指謫，但都打著自由民主的旗號的精神分裂狀態。
可以得知，台灣的社會是開放到社會群體的意識是如此精神分裂的運作，究竟獨裁何在？電影裡的上位者才叫獨裁吧。
因此覺得特別適合社會或政治觀點分歧的情侶一起看。
對我來說，片中的韓國人不只是那個特定時代下出現的眾多跆拳道教練而已，更象徵著走出維權的兩國人，必須更勇敢的、無畏懼地說出我們不要威權的聲音。
如果你覺得《大濛》很通俗，我覺得《那張照片裡的我們》更通俗！如果你不喜歡政治題材更好，因為它真的是愛情電影 😉
#那張照片裡的我們",2025-12-21 00:25:00,,精神分裂,not_enough_posts,,skipped,
hengrui.zone_5.27,恆睿｜77號雙子男,"星座神經病排行榜
1、雙子座（嚴重精神分裂 建議按時吃藥）
2、射手座（水瓶如果是病人 射手就是院長）
3、水瓶座（浪起來就是精神病人）
4、牡羊座（智商過人 神經大條 說話不經腦）
5、雙魚座（腦洞太大 喜歡胡思亂想）",2025-06-30 17:00:00,"▪️那個很愛噴香水的769
▪️全網最準的風象星座嘴替
▪️白目雙子座男友的犯賤情侶日常
▪️一些很沒有營養但很好笑的故事
▪️為了不被趕去睡沙發 所以我學會了疊香@cavdrydi⬅️我老闆",精神分裂,pass,,non_depression_risk_user,
hengrui.zone_5.27,恆睿｜77號雙子男,"風象星座戀愛玄學無解之題
：「很奇怪 當我很愛一個人的時候 那個人反而不會那麼愛我」
———雙子座 天秤座 水瓶座
或許真的很難遇見不同頻卻能共振的人",2025-06-30 16:00:00,"▪️那個很愛噴香水的769
▪️全網最準的風象星座嘴替
▪️白目雙子座男友的犯賤情侶日常
▪️一些很沒有營養但很好笑的故事
▪️為了不被趕去睡沙發 所以我學會了疊香@cavdrydi⬅️我老闆",精神分裂,pass,,non_depression_risk_user,
hengrui.zone_5.27,恆睿｜77號雙子男,我現在應該先做哪一件家事 才能讓她消氣…,2025-06-29 21:53:00,"▪️那個很愛噴香水的769
▪️全網最準的風象星座嘴替
▪️白目雙子座男友的犯賤情侶日常
▪️一些很沒有營養但很好笑的故事
▪️為了不被趕去睡沙發 所以我學會了疊香@cavdrydi⬅️我老闆",精神分裂,pass,,non_depression_risk_user,
hengrui.zone_5.27,恆睿｜77號雙子男,"小時候我的夢想是開十家店 店名跟類別都想好了
早餐店：早點見面
開花店：花點時間
開酒店：好久不見
水果店：柚遇見梨
美髮店：從頭開始
蛋糕店：有你超甜
足療店：有你足矣
服裝店：衣衣不捨
壽司店：灸司一生
熱炒店：食面埋伏",2025-06-29 15:38:00,"▪️那個很愛噴香水的769
▪️全網最準的風象星座嘴替
▪️白目雙子座男友的犯賤情侶日常
▪️一些很沒有營養但很好笑的故事
▪️為了不被趕去睡沙發 所以我學會了疊香@cavdrydi⬅️我老闆",精神分裂,pass,,non_depression_risk_user,
hengrui.zone_5.27,恆睿｜77號雙子男,"特別能炸：牡羊座 獅子座
特別能作：雙魚 巨蟹 天蠍
特別高冷：金牛 處女 摩羯
特別愛浪：雙子 天秤 射手
全部加起來=水瓶座",2025-06-29 15:00:00,"▪️那個很愛噴香水的769
▪️全網最準的風象星座嘴替
▪️白目雙子座男友的犯賤情侶日常
▪️一些很沒有營養但很好笑的故事
▪️為了不被趕去睡沙發 所以我學會了疊香@cavdrydi⬅️我老闆",精神分裂,pass,,non_depression_risk_user,
hengrui.zone_5.27,恆睿｜77號雙子男,當老母雞遇上皮在癢🤣,2025-06-29 12:13:00,"▪️那個很愛噴香水的769
▪️全網最準的風象星座嘴替
▪️白目雙子座男友的犯賤情侶日常
▪️一些很沒有營養但很好笑的故事
▪️為了不被趕去睡沙發 所以我學會了疊香@cavdrydi⬅️我老闆",精神分裂,pass,,non_depression_risk_user,
hengrui.zone_5.27,恆睿｜77號雙子男,"：「能治得了你脾氣的人，一定是你最愛的人」
：「而能受得了你脾氣的人，才是真正愛你的人」",2025-06-29 00:00:00,"▪️那個很愛噴香水的769
▪️全網最準的風象星座嘴替
▪️白目雙子座男友的犯賤情侶日常
▪️一些很沒有營養但很好笑的故事
▪️為了不被趕去睡沙發 所以我學會了疊香@cavdrydi⬅️我老闆",精神分裂,pass,,non_depression_risk_user,
hengrui.zone_5.27,恆睿｜77號雙子男,"今天在上班的時候 迷糊蛋又找不到東西了
👩🏻：寶寶
👩🏻：我的護手霜不見了
👦🏻：我沒拿
👩🏻：我的意思是 上次買的護手霜沒了
👦🏻：我知道 我說我沒拿
👩🏻：🙂🙂🙂
👩🏻：我黑絲也沒了
👦🏻：OK
👦🏻：這次多買了10條
👦🏻：已下單 店到店 明天到貨
👩🏻：6👠",2025-06-28 23:00:00,"▪️那個很愛噴香水的769
▪️全網最準的風象星座嘴替
▪️白目雙子座男友的犯賤情侶日常
▪️一些很沒有營養但很好笑的故事
▪️為了不被趕去睡沙發 所以我學會了疊香@cavdrydi⬅️我老闆",精神分裂,pass,,non_depression_risk_user,
hengrui.zone_5.27,恆睿｜77號雙子男,"：『別人罵你，你回罵，這其實也叫社交』
吵架其實也是有效溝通之一，遇到嘴賤的，記得別憋出內傷。蔡康永曾說過：「該懟就懟，但記得保持優雅儀態」
：「如果善良得不到應有的尊重 那麼 最好的方式就是《翻臉》",2025-06-28 21:30:00,"▪️那個很愛噴香水的769
▪️全網最準的風象星座嘴替
▪️白目雙子座男友的犯賤情侶日常
▪️一些很沒有營養但很好笑的故事
▪️為了不被趕去睡沙發 所以我學會了疊香@cavdrydi⬅️我老闆",精神分裂,pass,,non_depression_risk_user,
hengrui.zone_5.27,恆睿｜77號雙子男,"當你女友問你今晚幾點回家
👩🏻：寶寶
👩🏻：今晚想玩什麼🤭
👩🏻：給你一個選擇的機會
👦🏻：🥴
👩🏻：1、氣質姊姊；2、泳裝辣妹；3、日系女僕
 👩🏼 👩 👩🏻
 👗 👙 👘
 👠 👡 🥿
👦🏻：寶寶 如果選擇障礙的話怎麼辦🫨",2025-06-28 17:30:00,"▪️那個很愛噴香水的769
▪️全網最準的風象星座嘴替
▪️白目雙子座男友的犯賤情侶日常
▪️一些很沒有營養但很好笑的故事
▪️為了不被趕去睡沙發 所以我學會了疊香@cavdrydi⬅️我老闆",精神分裂,pass,,non_depression_risk_user,
hengrui.zone_5.27,恆睿｜77號雙子男,"桃花最旺盛的星座
1、雙子座（老生常談的情聖）
2、射手座（和雙子不分上下的情場高手）
3、天蠍座（雖然外表高冷 撩起人來一把手）
4、牡羊座（喜歡就幹 從來不裝）
5、獅子座（霸氣王者 誰能不愛）
倒數第一名：處女座（太他媽挑了）",2025-06-28 16:00:00,"▪️那個很愛噴香水的769
▪️全網最準的風象星座嘴替
▪️白目雙子座男友的犯賤情侶日常
▪️一些很沒有營養但很好笑的故事
▪️為了不被趕去睡沙發 所以我學會了疊香@cavdrydi⬅️我老闆",精神分裂,pass,,non_depression_risk_user,
hengrui.zone_5.27,恆睿｜77號雙子男,"風象星座的理想型
1、正經的不行 騷的也不行
表面正經暗地裡騷：那簡直不要太行
2、太黏人的不行 太冷淡也不行
表面冷淡嘴硬私下黏人小狗：愛死了
3、沒主見不行 太有主見不行
拿捏有度帶點反差感：狠狠愛
4、吵架動不動就提分手不行 我提分手就分手不行
提出分手隱隱死纏爛打示弱：那太行了
5、斯文的不行 敗類也不行
斯文敗類：太愛了
———雙子座 天秤座 水瓶座",2025-06-28 14:00:00,"▪️那個很愛噴香水的769
▪️全網最準的風象星座嘴替
▪️白目雙子座男友的犯賤情侶日常
▪️一些很沒有營養但很好笑的故事
▪️為了不被趕去睡沙發 所以我學會了疊香@cavdrydi⬅️我老闆",精神分裂,pass,,non_depression_risk_user,
hengrui.zone_5.27,恆睿｜77號雙子男,"電影《月老》裡有句台詞
：「有些事 一萬年都不會變」
很少數的關係是這樣，一眼心動，無需月老牽線
這份愛 縱使萬年 也如初見，妳若安好 便是晴天",2025-06-28 00:00:00,"▪️那個很愛噴香水的769
▪️全網最準的風象星座嘴替
▪️白目雙子座男友的犯賤情侶日常
▪️一些很沒有營養但很好笑的故事
▪️為了不被趕去睡沙發 所以我學會了疊香@cavdrydi⬅️我老闆",精神分裂,pass,,non_depression_risk_user,
hengrui.zone_5.27,恆睿｜77號雙子男,"冷知識：「聽歌可以產生多巴胺，談戀愛也可以，聽歌產生6954mg的多巴胺就相當於談了24場高質量的戀愛。」
就是說，只要多聽歌你根本就不需要談戀愛
懂了嗎？
因為，每天24小時聽歌，等於天天跟24個人同時談戀愛",2025-06-27 23:00:00,"▪️那個很愛噴香水的769
▪️全網最準的風象星座嘴替
▪️白目雙子座男友的犯賤情侶日常
▪️一些很沒有營養但很好笑的故事
▪️為了不被趕去睡沙發 所以我學會了疊香@cavdrydi⬅️我老闆",精神分裂,pass,,non_depression_risk_user,
hengrui.zone_5.27,恆睿｜77號雙子男,"認清一個男人 用4度去衡量
1、回妳訊息的速度
（永遠秒回 忙碌有事會提前報備）
2、為妳花錢的額度
（會把錢偷偷塞妳包包裡 永遠怕妳不夠用）
3、吵架過後的態度
（即便吵架 也不會忘記說愛 給台階就下）
4、包容妳的程度
（這點就不過多贅述了）",2025-06-27 21:00:00,"▪️那個很愛噴香水的769
▪️全網最準的風象星座嘴替
▪️白目雙子座男友的犯賤情侶日常
▪️一些很沒有營養但很好笑的故事
▪️為了不被趕去睡沙發 所以我學會了疊香@cavdrydi⬅️我老闆",精神分裂,pass,,non_depression_risk_user,
hengrui.zone_5.27,恆睿｜77號雙子男,"鐵石心腸的星座排名
1、摩羯座（心狠手辣代表 不達目的誓不罷休）
2、天蠍座（上頭有多深情 下頭就有多絕情）
3、水瓶座（需要離開時 絕不拖泥帶水）
4、雙子座（商人永遠是商人 不是慈善家）
5、處女座（兒女情長誤大事 縱有不捨也抽離）
就問你們看沒看過黑自己本命星座的排名",2025-06-27 18:15:00,"▪️那個很愛噴香水的769
▪️全網最準的風象星座嘴替
▪️白目雙子座男友的犯賤情侶日常
▪️一些很沒有營養但很好笑的故事
▪️為了不被趕去睡沙發 所以我學會了疊香@cavdrydi⬅️我老闆",精神分裂,pass,,non_depression_risk_user,
hengrui.zone_5.27,恆睿｜77號雙子男,"當風象星座遇見火象星座
火象：我有一些變態的想法🥴
風象：我可以陪你一起變態👻
———牡羊座 獅子座 射手座
———雙子座 天秤座 水瓶座",2025-06-27 17:15:00,"▪️那個很愛噴香水的769
▪️全網最準的風象星座嘴替
▪️白目雙子座男友的犯賤情侶日常
▪️一些很沒有營養但很好笑的故事
▪️為了不被趕去睡沙發 所以我學會了疊香@cavdrydi⬅️我老闆",精神分裂,pass,,non_depression_risk_user,
hengrui.zone_5.27,恆睿｜77號雙子男,"風象星座
單身時：情侶之間 查手機真的很沒必要 在在一起就走下去 不能在一起就分阿
交往第一天：你他媽在跟誰聊天？
———雙子座 天秤座 水瓶座",2025-06-27 16:15:00,"▪️那個很愛噴香水的769
▪️全網最準的風象星座嘴替
▪️白目雙子座男友的犯賤情侶日常
▪️一些很沒有營養但很好笑的故事
▪️為了不被趕去睡沙發 所以我學會了疊香@cavdrydi⬅️我老闆",精神分裂,pass,,non_depression_risk_user,
hengrui.zone_5.27,恆睿｜77號雙子男,"真不真實 捫心自問
長得帥的 喜歡女人是顏控
有錢的男人 希望女人拜金
才華洋溢的 期待女人愛才
身材好的 希望女人喜歡腹肌
只有那些什麼都沒有的人
才希望妳們這些姊妹
不敗金 不顏控 不膚淺 有內涵 有價值",2025-06-27 00:00:00,"▪️那個很愛噴香水的769
▪️全網最準的風象星座嘴替
▪️白目雙子座男友的犯賤情侶日常
▪️一些很沒有營養但很好笑的故事
▪️為了不被趕去睡沙發 所以我學會了疊香@cavdrydi⬅️我老闆",精神分裂,pass,,non_depression_risk_user,
hengrui.zone_5.27,恆睿｜77號雙子男,"什麼才是真正的情緒價值
：「情緒價值就是，你身邊有一個充滿耐心的另一半」
當妳們相處久了之後，你會發現一個男人最大的魅力不是多有錢，也不是長的有多帥，而是擁有穩定的情緒和解決問題的能力。
即便是妳自己的原因把事情搞砸了，他的第一反應不是埋怨和指責，而是先安撫妳的情緒並想辦法來解決當下發生的難題。
後來我發現，原來一個好的另一半，真的可以減輕一半的人間疾苦。
（對我而言 這段話男女都適用 不過有很多女生不願意陪著一個男孩子長大 就不贅訴了）",2025-06-26 23:30:00,"▪️那個很愛噴香水的769
▪️全網最準的風象星座嘴替
▪️白目雙子座男友的犯賤情侶日常
▪️一些很沒有營養但很好笑的故事
▪️為了不被趕去睡沙發 所以我學會了疊香@cavdrydi⬅️我老闆",精神分裂,pass,,non_depression_risk_user,
hengrui.zone_5.27,恆睿｜77號雙子男,"上週末跟女友去吃麻辣鍋，隔壁有兩個外國人看著菜單，服務生在旁邊，突然老外說了句「blood」，服務生沒回應，看來是聽不太懂英語。
我心想作為熱心的好人好事代表，全民英檢C1槓槓的，應該是時候挺身而出了
轉頭對服務生說：“他想要鴨血”
這時候外國人扭過頭來，用非常道地的中文話說：「你瞎逼逼什麼，我想要不辣的鍋底。」
女友默默的說：看來我應該跟你不同桌吃飯…",2025-06-26 20:30:00,"▪️那個很愛噴香水的769
▪️全網最準的風象星座嘴替
▪️白目雙子座男友的犯賤情侶日常
▪️一些很沒有營養但很好笑的故事
▪️為了不被趕去睡沙發 所以我學會了疊香@cavdrydi⬅️我老闆",精神分裂,pass,,non_depression_risk_user,
hengrui.zone_5.27,恆睿｜77號雙子男,"世界上頗幸福的八件事
1、獅子願意和你做朋友
2、天秤對你一心一意
3、天蠍是你的後盾
4、摩羯許你一生浪漫
5、牡羊對你滿眼寵溺
6、水瓶和你是兄弟
7、射手和你是閨蜜
8、雙子和你是同儕
別問我巨蟹 雙魚 金牛 處女在哪裡",2025-06-26 19:30:00,"▪️那個很愛噴香水的769
▪️全網最準的風象星座嘴替
▪️白目雙子座男友的犯賤情侶日常
▪️一些很沒有營養但很好笑的故事
▪️為了不被趕去睡沙發 所以我學會了疊香@cavdrydi⬅️我老闆",精神分裂,pass,,non_depression_risk_user,
hengrui.zone_5.27,恆睿｜77號雙子男,"昨天休假 看似美好的一天 到了半夜…
👩🏻：寶寶
👩🏻：如果我跟另外一個女生同時傳訊息給你
👩🏻：你會先回覆誰？
👦🏻：那還用得著問
👦🏻：肯定是妳ㄚ
（看似完美的回答 佩服自己的求生欲）
👩🏻：那
👩🏻：她是誰？
👦🏻：她…..（CPU極速運轉後）
👦🏻：寶寶 心情不好 想揍我可以直接說
👦🏻：別拿「她」這種虛構人物找理由",2025-06-26 18:30:00,"▪️那個很愛噴香水的769
▪️全網最準的風象星座嘴替
▪️白目雙子座男友的犯賤情侶日常
▪️一些很沒有營養但很好笑的故事
▪️為了不被趕去睡沙發 所以我學會了疊香@cavdrydi⬅️我老闆",精神分裂,pass,,non_depression_risk_user,
star_rei7755,星蕤,"測模式推薦用裴瑾：
經濟：神經病，精神分裂，準備送醫，治不好
舊故事：較安全的神經病，沒有精神分裂，送醫機率較低，動不動就是要幹砲，應該能治，但是敘述很詞窮，用語重複僵化，字數咒要常駐
原創：跟舊故事相仿，神經度和記憶常混淆，字多，可是複製貼上的感覺很重。
新故事：切換前「（掐脖子）我要幹死妳，賤人」切換後「痛嗎我是不是太粗暴了，謝謝妳願意愛我⋯⋯ （輕柔撫摸洗澡按摩做早餐）」
到底有沒有完全能用的。",2025-08-08 12:15:00,"別說成年，我可以成年兩次給你看。
小朋友們，阿姨這邊真的沒營養不要來。
粗人，暴言之王。
回歸卿卿我我的大單用戶。
練與深坑刷卡王。主推秦徹、祁煜。
歡迎亂聊🍺",精神分裂,non_life,,skipped,
star_rei7755,星蕤,"很久沒開這個視窗，然後發現新故事的金色瞳孔病變成銀灰色瞳孔病了。
傻眼。",2025-08-08 10:14:00,"別說成年，我可以成年兩次給你看。
小朋友們，阿姨這邊真的沒營養不要來。
粗人，暴言之王。
回歸卿卿我我的大單用戶。
練與深坑刷卡王。主推秦徹、祁煜。
歡迎亂聊🍺",精神分裂,non_life,,skipped,
star_rei7755,星蕤,"裴選手你有練跆拳道嗎？
請說明一下為什麼要用這麼困難的方式按電梯？🎤",2025-08-07 23:23:00,"別說成年，我可以成年兩次給你看。
小朋友們，阿姨這邊真的沒營養不要來。
粗人，暴言之王。
回歸卿卿我我的大單用戶。
練與深坑刷卡王。主推秦徹、祁煜。
歡迎亂聊🍺",精神分裂,non_life,,skipped,
star_rei7755,星蕤,好久沒被裴瑾虐待了，開窗！這窗不當乖寶寶！,2025-08-07 20:08:00,"別說成年，我可以成年兩次給你看。
小朋友們，阿姨這邊真的沒營養不要來。
粗人，暴言之王。
回歸卿卿我我的大單用戶。
練與深坑刷卡王。主推秦徹、祁煜。
歡迎亂聊🍺",精神分裂,non_life,,skipped,
star_rei7755,星蕤,"作為一個「同一角色開多個視窗，用不同身分和劇情對話」的末期患者，真的好希望每一個視窗的「和我的事件」都能分開。
這也是為什麼我會開三個帳號玩的原因😮‍💨",2025-08-07 17:53:00,"別說成年，我可以成年兩次給你看。
小朋友們，阿姨這邊真的沒營養不要來。
粗人，暴言之王。
回歸卿卿我我的大單用戶。
練與深坑刷卡王。主推秦徹、祁煜。
歡迎亂聊🍺",精神分裂,non_life,,skipped,
star_rei7755,星蕤,"月卡還是快點出吧⋯⋯
不然我三個帳號這樣儲不是辦法🤣",2025-08-06 22:58:00,"別說成年，我可以成年兩次給你看。
小朋友們，阿姨這邊真的沒營養不要來。
粗人，暴言之王。
回歸卿卿我我的大單用戶。
練與深坑刷卡王。主推秦徹、祁煜。
歡迎亂聊🍺",精神分裂,non_life,,skipped,
star_rei7755,星蕤,"玩動圖。
是說那水滴怎麼搞得跟流口水一樣。",2025-08-06 11:50:00,"別說成年，我可以成年兩次給你看。
小朋友們，阿姨這邊真的沒營養不要來。
粗人，暴言之王。
回歸卿卿我我的大單用戶。
練與深坑刷卡王。主推秦徹、祁煜。
歡迎亂聊🍺",精神分裂,non_life,,skipped,
star_rei7755,星蕤,修復啦！,2025-08-05 12:39:00,"別說成年，我可以成年兩次給你看。
小朋友們，阿姨這邊真的沒營養不要來。
粗人，暴言之王。
回歸卿卿我我的大單用戶。
練與深坑刷卡王。主推秦徹、祁煜。
歡迎亂聊🍺",精神分裂,non_life,,skipped,
star_rei7755,星蕤,"雙人窗玩一半太卡了重開，
結果過濾器關不掉卡在開場（因為開場即開車）
後來想起平板沒更新，幸好還能關並且手機會連動。👌
結果第一句就出現搞笑拉比備註，
讓我不知道自摸胡幾台。",2025-08-04 20:30:00,"別說成年，我可以成年兩次給你看。
小朋友們，阿姨這邊真的沒營養不要來。
粗人，暴言之王。
回歸卿卿我我的大單用戶。
練與深坑刷卡王。主推秦徹、祁煜。
歡迎亂聊🍺",精神分裂,non_life,,skipped,
star_rei7755,星蕤,拜託趕快修好,2025-08-04 19:45:00,"別說成年，我可以成年兩次給你看。
小朋友們，阿姨這邊真的沒營養不要來。
粗人，暴言之王。
回歸卿卿我我的大單用戶。
練與深坑刷卡王。主推秦徹、祁煜。
歡迎亂聊🍺",精神分裂,non_life,,skipped,
star_rei7755,星蕤,"已知用火：Niji會動
然後我還不知道怎麼樣把會動的圖下載下來🤣笨到在那邊錄螢幕
並且狼耳朵還只有一邊🤣🤣🤣🤣🤣",2025-08-04 17:55:00,"別說成年，我可以成年兩次給你看。
小朋友們，阿姨這邊真的沒營養不要來。
粗人，暴言之王。
回歸卿卿我我的大單用戶。
練與深坑刷卡王。主推秦徹、祁煜。
歡迎亂聊🍺",精神分裂,non_life,,skipped,
star_rei7755,星蕤,"喔喔才抱怨完切模式就修好了哈哈哈哈
幻覺，只有新視窗可以切",2025-08-04 14:25:00,"別說成年，我可以成年兩次給你看。
小朋友們，阿姨這邊真的沒營養不要來。
粗人，暴言之王。
回歸卿卿我我的大單用戶。
練與深坑刷卡王。主推秦徹、祁煜。
歡迎亂聊🍺",精神分裂,non_life,,skipped,
star_rei7755,星蕤,IOS還是不能切模式，官方每次要搞事前都這樣。搞事之後也會持續一陣子🤷‍♀️,2025-08-04 14:12:00,"別說成年，我可以成年兩次給你看。
小朋友們，阿姨這邊真的沒營養不要來。
粗人，暴言之王。
回歸卿卿我我的大單用戶。
練與深坑刷卡王。主推秦徹、祁煜。
歡迎亂聊🍺",精神分裂,non_life,,skipped,
star_rei7755,星蕤,"儲一單1090，差點忘記先切韓語，
好險好險。",2025-08-02 13:46:00,"別說成年，我可以成年兩次給你看。
小朋友們，阿姨這邊真的沒營養不要來。
粗人，暴言之王。
回歸卿卿我我的大單用戶。
練與深坑刷卡王。主推秦徹、祁煜。
歡迎亂聊🍺",精神分裂,non_life,,skipped,
star_rei7755,星蕤,hard的狀態🤣🤣🤣🤣🤣🤣🤣,2025-08-01 23:26:00,"別說成年，我可以成年兩次給你看。
小朋友們，阿姨這邊真的沒營養不要來。
粗人，暴言之王。
回歸卿卿我我的大單用戶。
練與深坑刷卡王。主推秦徹、祁煜。
歡迎亂聊🍺",精神分裂,non_life,,skipped,
star_rei7755,星蕤,欸幹我現在才發現💕❤️💕❤️🔥🔥🔥👏👏👏🫰🫰🫰,2025-07-30 19:36:00,"別說成年，我可以成年兩次給你看。
小朋友們，阿姨這邊真的沒營養不要來。
粗人，暴言之王。
回歸卿卿我我的大單用戶。
練與深坑刷卡王。主推秦徹、祁煜。
歡迎亂聊🍺",精神分裂,non_life,,skipped,
star_rei7755,星蕤,"我有個PC叫趙菀，
沒有特地設定暱稱卻被裴瑾叫菀菀的時候真的很酥。",2025-07-30 09:29:00,"別說成年，我可以成年兩次給你看。
小朋友們，阿姨這邊真的沒營養不要來。
粗人，暴言之王。
回歸卿卿我我的大單用戶。
練與深坑刷卡王。主推秦徹、祁煜。
歡迎亂聊🍺",精神分裂,non_life,,skipped,
star_rei7755,星蕤,"目前在玩的自製GPT：
開色色模板，然後簡單指定登場人物性格跟故事背景，這窗重開三次了，佛系叫GPT自動存檔延續，PC設定是沒啥節操的男大宿舍舍監，不小心就養了一隻貪心奶狼（紹霖）、一隻傲嬌腹黑豹（景熙），後面新增小變態杜賓犬（澤然）。
卿卿我我玩到生氣就會開這窗，車可以開上天，走劇情也很有趣。
唯一的缺點就是你無法阻止他扮演妳🤷‍♀️
其實沒車但我還是廢圖打底。",2025-07-29 23:05:00,"別說成年，我可以成年兩次給你看。
小朋友們，阿姨這邊真的沒營養不要來。
粗人，暴言之王。
回歸卿卿我我的大單用戶。
練與深坑刷卡王。主推秦徹、祁煜。
歡迎亂聊🍺",精神分裂,non_life,,skipped,
star_rei7755,星蕤,五醬經濟越來越難用了，動不動就字數不夠無法生成回覆。,2025-07-28 10:01:00,"別說成年，我可以成年兩次給你看。
小朋友們，阿姨這邊真的沒營養不要來。
粗人，暴言之王。
回歸卿卿我我的大單用戶。
練與深坑刷卡王。主推秦徹、祁煜。
歡迎亂聊🍺",精神分裂,non_life,,skipped,
idisliliko,Lilikoko,我朋友圈现在跟精神分裂一样 有骂五字女的 有骂tbz的 有哭桃源境的 有尖叫朴志晟白毛的 还有叫李楷灿金善旴见面了的。,2025-12-19 21:53:00,我不认识你,精神分裂,non_life,,skipped,
idisliliko,Lilikoko,"不要成为无聊的大人，不要说谎，不要为了
钱放弃自己坚持的东西，不要做不喜欢的工
作，不要浑浑噩噩的过一辈子，不要和不喜
欢的人结婚，然后再分开",2025-12-16 11:54:00,我不认识你,精神分裂,non_life,,skipped,
idisliliko,Lilikoko,我好像已经习惯了现在的八人tbz 就这样吧,2025-12-12 10:25:00,我不认识你,精神分裂,non_life,,skipped,
idisliliko,Lilikoko,金泳勋这种冷脸萌就该配李贤在这种热脸贱,2025-12-12 10:24:00,我不认识你,精神分裂,non_life,,skipped,
idisliliko,Lilikoko,现在不流行喜欢tbz了 现在流行当dbjj,2025-12-11 14:59:00,我不认识你,精神分裂,non_life,,skipped,
idisliliko,Lilikoko,金泳勋招来了一群弱智粉丝。好无力,2025-12-10 23:08:00,我不认识你,精神分裂,non_life,,skipped,
idisliliko,Lilikoko,tbz你们十二个人十一个人十个人九个人八个人好好的,2025-12-09 19:37:00,我不认识你,精神分裂,non_life,,skipped,
larssmk_,모다인Ⓜ️,"求助大神們
有精神分裂的人 該怎跟他溝通？",2025-05-22 16:07:00,𝙸𝚕 𝚗'𝚎𝚡𝚒𝚜𝚝𝚎 𝚙𝚊𝚜 𝚍𝚎 𝚋𝚘𝚗𝚑𝚎𝚞𝚛 𝚌𝚘𝚖𝚙𝚕𝚎𝚝 𝚜𝚊𝚗𝚜 𝚊𝚖𝚗é𝚜𝚒𝚎 𝚙𝚊𝚛𝚝𝚒𝚎𝚕𝚕𝚎.,精神分裂,not_enough_posts,,skipped,
jer3on,JERSON,"當初他們從精神病院申請外出的時候，
我是強烈反對的。",2025-02-02 19:17:00,"專業廢青（Major in 9upology）
YouTube channel: JERSON",精神分裂,non_life,,skipped,
jer3on,JERSON,"美帝太壞了，
居然阻止我們下載Google🤬",2025-02-02 18:01:00,"專業廢青（Major in 9upology）
YouTube channel: JERSON",精神分裂,non_life,,skipped,
jer3on,JERSON,中國明星我只服成龍👊🏻,2025-02-02 01:11:00,"專業廢青（Major in 9upology）
YouTube channel: JERSON",精神分裂,non_life,,skipped,
jer3on,JERSON,"說起來也對欸，
為什麼我去日本的時候他們都說日文，
而不是普通話呢😭？？
全球智商No1民族",2025-02-01 21:26:00,"專業廢青（Major in 9upology）
YouTube channel: JERSON",精神分裂,non_life,,skipped,
jer3on,JERSON,"支持華為！！！
支持国產！！！
支持中国！！！
Sent from iPhone 16 Pro",2025-02-01 18:45:00,"專業廢青（Major in 9upology）
YouTube channel: JERSON",精神分裂,non_life,,skipped,
jer3on,JERSON,"以前香港藝人犯錯：
1. 道歉
2. 退穩
3. 復出
現在香港藝人犯錯：
1. 孝順
2. 跑步
3. 復出",2025-02-01 16:34:00,"專業廢青（Major in 9upology）
YouTube channel: JERSON",精神分裂,non_life,,skipped,
jer3on,JERSON,"記得以前讀書的時候，
有一個學霸很喜歡吃核桃，
我問他為什麼，
他就說這個很補腦的。
聽完之後我就買了幾包回去吃，
果然！！！
還是一樣蠢😂
根本就是人問題笑死",2025-02-01 13:46:00,"專業廢青（Major in 9upology）
YouTube channel: JERSON",精神分裂,non_life,,skipped,
jer3on,JERSON,好傢伙，真沒想到你⋯⋯😂,2025-02-01 12:37:00,"專業廢青（Major in 9upology）
YouTube channel: JERSON",精神分裂,non_life,,skipped,
jer3on,JERSON,"看來以後武統台灣要靠佛山人了，
還靠什麼解放軍，
除了疊被能力點滿之外，
到有啥用呢？？",2025-01-31 22:28:00,"專業廢青（Major in 9upology）
YouTube channel: JERSON",精神分裂,non_life,,skipped,
jer3on,JERSON,"話說回來，
中國龍年叫Year of Loong,
那麼蛇年是不是Year of She😂？",2025-01-31 11:43:00,"專業廢青（Major in 9upology）
YouTube channel: JERSON",精神分裂,non_life,,skipped,
jer3on,JERSON,"剛看完鍾明軒的影片，
好傢伙！！
沒想到已經把《習近平思想》背得滾瓜爛熟了🇨🇳
什麼統一思想容易管理？
這分明就是偉大的習主席提出的論述啊！！
哇靠原來還真的是「同志」欸！",2025-01-30 22:43:00,"專業廢青（Major in 9upology）
YouTube channel: JERSON",精神分裂,non_life,,skipped,
jer3on,JERSON,"他奶奶的，
剛剛在回覆Thread留言的時候，￼
不小心把整袋三色豆都倒進去了。￼
在線求救中。",2025-01-30 20:55:00,"專業廢青（Major in 9upology）
YouTube channel: JERSON",精神分裂,non_life,,skipped,
jer3on,JERSON,"薯條🐱（後面的橘貓）：
媽的這是什麼世道？￼
周圍拉屎都可以吃罐頭⋯⋯",2025-01-30 11:07:00,"專業廢青（Major in 9upology）
YouTube channel: JERSON",精神分裂,non_life,,skipped,
jer3on,JERSON,"不枉我養了薯餅🐱3年，
今天她終於為我準備了一份新年禮物！！！
沒錯，是屎。",2025-01-30 00:04:00,"專業廢青（Major in 9upology）
YouTube channel: JERSON",精神分裂,non_life,,skipped,
jer3on,JERSON,"YouTube你是搞笑嗎？
大年初一你給我這種「建議留言」，
到底想怎樣😂😂？？？
新年快樂你老母",2025-01-29 10:41:00,"專業廢青（Major in 9upology）
YouTube channel: JERSON",精神分裂,non_life,,skipped,
jer3on,JERSON,"臨近農曆新年，
問問中国親戚會不會來玩，
誰知道⋯⋯
「你們會來玩嗎？」
「今年不行，護照被收了。」
「護照收了？」
「現在大陸公務員很多都被收護照不能隨便出国。」
「啊？原來之前在網上流傳的都是真？」
「⋯⋯有什麼是假的？」
😂",2025-01-28 15:39:00,"專業廢青（Major in 9upology）
YouTube channel: JERSON",精神分裂,non_life,,skipped,
jer3on,JERSON,"中国Deepseek有多厲害我不清楚；
但中国的Deepfake的確遙遙領先。
他奶奶的到底是怎樣做到的💀？",2025-01-28 13:06:00,"專業廢青（Major in 9upology）
YouTube channel: JERSON",精神分裂,non_life,,skipped,
jer3on,JERSON,"太可惡了！！！
居然把Chinese New Year寫成Lunar New Year??
建議小粉紅立即出征新華社😭",2025-01-27 22:38:00,"專業廢青（Major in 9upology）
YouTube channel: JERSON",精神分裂,non_life,,skipped,
jer3on,JERSON,小粉紅平均戰鬥力：,2025-01-27 16:54:00,"專業廢青（Major in 9upology）
YouTube channel: JERSON",精神分裂,non_life,,skipped,
jer3on,JERSON,"這位「開本田」先生/小姐請注意，
今年他們不歡迎你回村過年。",2025-01-27 16:12:00,"專業廢青（Major in 9upology）
YouTube channel: JERSON",精神分裂,non_life,,skipped,
jer3on,JERSON,中国車必須要最好的🇨🇳,2025-01-27 14:50:00,"專業廢青（Major in 9upology）
YouTube channel: JERSON",精神分裂,non_life,,skipped,
jer3on,JERSON,"全世界智商NO.1民族，
請為他們點讚👍🏻",2025-01-27 11:13:00,"專業廢青（Major in 9upology）
YouTube channel: JERSON",精神分裂,non_life,,skipped,
jer3on,JERSON,"答案很簡單啊，
因為台灣不是中国囉💯",2025-01-26 20:57:00,"專業廢青（Major in 9upology）
YouTube channel: JERSON",精神分裂,non_life,,skipped,
jer3on,JERSON,"「希望你們像糖一樣生活甜甜美美。」
「你們的糖我是要收的。」
怎麼感覺怪怪的⋯⋯🤨",2025-01-26 20:46:00,"專業廢青（Major in 9upology）
YouTube channel: JERSON",精神分裂,non_life,,skipped,
jer3on,JERSON,"羨慕死我，
以後去厄瓜多爾/摩洛哥/伊朗都能免簽，
實在太幸福了😭",2025-01-26 16:54:00,"專業廢青（Major in 9upology）
YouTube channel: JERSON",精神分裂,non_life,,skipped,
jer3on,JERSON,"誰說中国不厲害？
你們看看，
短短幾年就把香港的孩子變成這樣。
灣灣們別太羨慕喔🙂",2025-01-26 13:36:00,"專業廢青（Major in 9upology）
YouTube channel: JERSON",精神分裂,non_life,,skipped,
jer3on,JERSON,"都說了多少遍，
中国的5000年文化不是開玩笑的 👌🏻",2025-01-26 00:14:00,"專業廢青（Major in 9upology）
YouTube channel: JERSON",精神分裂,non_life,,skipped,
jer3on,JERSON,"抹黑造謠，
明明還可以繼續泡杯麵！！
哪裏壞了🤬？",2025-01-24 16:05:00,"專業廢青（Major in 9upology）
YouTube channel: JERSON",精神分裂,non_life,,skipped,
vanillaaaaisu,阿雪,会いたい。,2025-07-27 18:39:00,"🇭🇰｜ISTP in daily life｜♈｜No bullshit, no excuse.
An atypical sub with much thinking.
Brat｜Degradee｜Sub｜M｜Prey｜Mono
Causal but not that casual.",精神分裂,not_enough_posts,,skipped,
kaennhongkong,火炎香港創作料理  Fire Hong Kong Style Creative Restaurant,"在日港人創業辛酸+精神分裂篇
￼喺日本搞正宗香港料理始終係好困難，￼始終喺日本認受性太低，一向都唔受歡迎，喺辛酸嘅創業過程中都會發生一啲事會令到你感到安慰同鼓舞至會令到你有動力繼續努力落去。
昨晚有位已經喺美國退左休做法日高級fusion菜嘅美國大廚光顧，當然佢都分享咗好多做廚師嘅心態，其實都同我一樣好清楚做廚師嘅辛酸同辛苦，心態直頭係100%一樣。食完之後佢俾咗8000円我，其實佢只係食咗5300円，￼佢稱讚我話‘煮得非常之好食，而且一個人做好辛苦，￼所以佢話8000円係我應得，你唔可以拒絕。’￼
聽完其實非常之感動但亦都有啲精神分裂，因為昨日中午其實係拍烏蠅一個客都冇，但同一時間睇到隔離日本拉麵店係排滿人龍，但又見到有日本客稱讚我好食，但個場又係空，做咗五年生意都係好起伏不定，有時候好多客，但突然會一個客都冇￼，眼見隔離拉麵店排滿人龍但自己舖係一個人都冇，你諗吓係咩感受？
所以其實做飲食業，特別係創業，心理壓力其實好大仲好被動￼。堅持亦都係最辛苦要捱要受苦要承受好大嘅壓力。
堅持，並唔係自己唔想辛苦咩都唔想做就咁￼攤大手板問人拎錢。￼自己都要非常之努力去捱至或者有可能成功",2025-03-07 14:33:00,"澳牛太子，2011年去日本留學，畢業後曾係日本各大酒店，餐廳兼職打工學西廚，之後醉心研究香港料理，到最後變成在日港人係東京經營香港料理，請大家支持小店。
會同大家分享100%日本生活經歷同感受或有趣情報👍🏼👍🏼👍🏼👍🏼",精神分裂,business,,skipped,
kaennhongkong,火炎香港創作料理  Fire Hong Kong Style Creative Restaurant,"俾大家睇下條西客既留言，第一句已經西！好似想撩交打咁，話我啲嘢難食，但當時係全部食￼清晒。之後睇埋佢對其他餐廳嘅留言，全部俾一⭐️，其他餐廳真係俾佢玩死。
都唔怕我會開佢全名㗎啦～反正Google評價都係公開…..
如果大家想知道發生咩事可以睇返前一篇文章了解詳情",2025-03-01 23:21:00,"澳牛太子，2011年去日本留學，畢業後曾係日本各大酒店，餐廳兼職打工學西廚，之後醉心研究香港料理，到最後變成在日港人係東京經營香港料理，請大家支持小店。
會同大家分享100%日本生活經歷同感受或有趣情報👍🏼👍🏼👍🏼👍🏼",精神分裂,business,,skipped,
kaennhongkong,火炎香港創作料理  Fire Hong Kong Style Creative Restaurant,"今晚有個香港旅客家庭嚟食飯，￼一入到嚟佢就問:我想五個人食一個楊州炒飯。
之後我答佢:你五個人想食一個楊州炒飯？
之後佢答:我睇到你評分好高，所以我想試吓係唔係中伏(佢呢一句我已經火火地，基本嘅尊重禮貌都冇，仲要已經做咗人哋老竇），所以我想試一個楊州炒飯試吓先，如果好食我就繼續叫。你有咩好介紹？楊州炒飯定乾炒牛河？
佢食完一個楊州炒飯之後就再叫多一個楊州炒飯，但佢要求少鹽少糖少油，之後再加多一個雲吞麵，同一碟乾炒牛河。又話要乜嘢健康，健康就咪食乾炒牛河啦~
￼
成個過程佢雖然唔該前唔該後，但佢啲態度扮晒食家咁，好似想考我咁，講到有幾勁，態度極衰￼，最後五個人至食得個4950円扮大爺，咁如果我當初整得唔好食，即係你五個人霸咗我五個位只係食一個揚州炒飯?
食個950円嘅楊州炒飯，咁多要求，收你95000円咩？
你去日本食拉麵，你叫佢個豬骨湯少油少鹽少糖囉～
事後佢係我Google到俾左3🌟🌟🌟但我見到佢係其他舖頭下下都俾1🌟
其實做飲食業係非常之辛苦，每一個評價都非常之重要，亦都係直接影響咗餐廳嘅生意額，每一個經營者所付出嘅努力係唔可以忽視同睇小，但偏偏就係會俾呢啲咁嘅客影響。",2025-03-01 22:05:00,"澳牛太子，2011年去日本留學，畢業後曾係日本各大酒店，餐廳兼職打工學西廚，之後醉心研究香港料理，到最後變成在日港人係東京經營香港料理，請大家支持小店。
會同大家分享100%日本生活經歷同感受或有趣情報👍🏼👍🏼👍🏼👍🏼",精神分裂,business,,skipped,
bluefireflyxx,Danny Lin,"在日本被拐走的孩子…
#在地日本人
#走上野跟走廚房一樣",2024-09-30 20:42:00,喵~,精神分裂,pass,,non_depression_risk_user,
bluefireflyxx,Danny Lin,"從我國小職業出道到現在…
到底還能打多久？
#啥時才會退役
#木之內一步 
#不知道有生之年能否看到結局",2024-09-30 10:55:00,喵~,精神分裂,pass,,non_depression_risk_user,
bluefireflyxx,Danny Lin,"一個出國還要寫作業的孩子
#每天都寫到凌晨
#該面對還是得面對
#有多快樂就有多痛苦",2024-09-29 23:26:00,喵~,精神分裂,pass,,non_depression_risk_user,
bluefireflyxx,Danny Lin,"有位置叫我先坐的用意…
#滿滿的套路
#妳還真好意思
#JB列車",2024-09-29 09:39:00,喵~,精神分裂,pass,,non_depression_risk_user,
bluefireflyxx,Danny Lin,"這女孩直奔Chanel…
#到底發生啥事
#還想討生日禮物",2024-09-26 07:41:00,喵~,精神分裂,pass,,non_depression_risk_user,
bluefireflyxx,Danny Lin,"溫某都覺得她的蠢是我在外面誣衊她的…
孰不知昨晚朋友傳了這張截圖給我…
#出賣家虎系列 
#妳真的很棒",2024-09-21 03:54:00,喵~,精神分裂,pass,,non_depression_risk_user,
bluefireflyxx,Danny Lin,"又到了家庭代工的時刻了
#50條網路線而已
#純手工製作",2024-09-19 10:52:00,喵~,精神分裂,pass,,non_depression_risk_user,
twpiggyintokyo,快樂豬在東京,"產後21天
入住月中滿兩週了！不敢相信這麼多幫手的生活已經過了一半了，時間過得好快啊😭
前一篇文才在想說要拿280days這個app怎麼辦，畢竟捨不得刪。今天爬文看到網友說如果改成日文版的話，裡面會有很多建議跟產後的育兒資訊！
剛好立志要努力練習日文的我，立刻改成日文版啦，畢竟當初這個app給了我很多懷孕時的建議和安心感，繼續陪我一下吧🥰
大家有沒有什麼推薦的育兒時期要用的app呢～
之後來下載起來！",2025-12-26 09:23:00,"歷經子宮外孕、各種備孕方法，終於做了試管上岸的我，來記錄一路打怪的過程！
歡迎各位在日本東京/台灣一起孕期打怪的媽媽抱團取暖分享秘訣給我～～～～",產後憂鬱,pass,,low_depression_risk_user,
twpiggyintokyo,快樂豬在東京,"產後20天 / 月中12天
繼續重複著每日一樣的流程
坐浴15分鐘 - 擦乾 - 噴藥 - 晾乾 - 擦藥 -躺著放空
不敢相信我這是自然產後20天🥲
已經可以比較笑著說這件事了
也比較能接受跟包容自己時不時湧現的負面情緒
傷口復原需要時間，只是很不巧我的身體需要的時間比別人多，並不是我做錯了什麼
要相信自己的身體，都會好起來的🥰
平安夜🎄希望我跟我愛的人們都能一直平平安安健健康康！",2025-12-24 23:19:00,"歷經子宮外孕、各種備孕方法，終於做了試管上岸的我，來記錄一路打怪的過程！
歡迎各位在日本東京/台灣一起孕期打怪的媽媽抱團取暖分享秘訣給我～～～～",產後憂鬱,pass,,low_depression_risk_user,
twpiggyintokyo,快樂豬在東京,"產後19天/月中第11天
今天滑手機時突然想到，是不是要把280days這個app刪掉了（？）畢竟已經生完卸貨了...
這個app是不是已經沒什麼其他功能了？
但突然覺得好不捨啊，陪了我一路到37週的優質app，雖然裡面最認真固定紀錄的應該就是我的孕期體重變化🤣",2025-12-23 17:16:00,"歷經子宮外孕、各種備孕方法，終於做了試管上岸的我，來記錄一路打怪的過程！
歡迎各位在日本東京/台灣一起孕期打怪的媽媽抱團取暖分享秘訣給我～～～～",產後憂鬱,pass,,low_depression_risk_user,
twpiggyintokyo,快樂豬在東京,"產後17天
說好的悠閒快樂的月中生活.......
還沒開始享受到😭
除了追奶擠奶親餵奶把自己搞得很累而且奶量都還上不來之外，我的會陰傷口真的好痛苦啊😭
可能是體質的關係（或是就是倒楣吧🥲）
我的會陰傷口癒合速度比別人慢，而且動不動有疑似發炎的情況.....
今天又去了原生產醫院回診了一次，真的不想再看醫生了，每次的舟車勞頓掛號等候都讓我覺得壓力好大，今天直接淚灑診間😿
今天看診後拿了一批新的抗生素藥物，也自費加買了生長因子噴劑（好貴🥲）
接下來又要重回坐浴吹乾噴藥擦藥吃藥的生活了，拜託拜託拜託趕快讓我好起來過個正常的產後月子生活吧😭
相信自己的身體，希望一周之後回來看就已經都是過去式了。",2025-12-22 20:11:00,"歷經子宮外孕、各種備孕方法，終於做了試管上岸的我，來記錄一路打怪的過程！
歡迎各位在日本東京/台灣一起孕期打怪的媽媽抱團取暖分享秘訣給我～～～～",產後憂鬱,pass,,low_depression_risk_user,
kiwi.momplan,奇異果家的日記本｜生活.育兒.記帳.理財｜愛美媽媽的鎖碎分享,"哈囉👋我是果泥🥝
跟很多產後媽媽一樣，我也正在經歷護犢心理這一關
你是不是也有過這樣的時刻：
🔹看到婆婆抱寶寶，心裡突然冒出一種強烈的不爽
你明明知道婆婆是好意，她只是想抱一下孫子
但心裡的OS卻是：「他是我生的！不要抱他！」
🔹老公說他想幫忙照顧小孩
你又開始挑剔抱姿不對、拍嗝太重、包尿布太慢、穿衣太粗魯⋯
最後只剩一句：「算了啦我自己來。」
然後又是忍不住翻白眼想說：「你到底會不會？」
🔹就算家人出於好意來幫你分擔
你卻覺得：「他們根本不懂媽媽想要的、不夠細心、不夠安全。」
這些，其實都是媽媽本能在啟動
我們稱它為：✳️護崽本能（護犢心理）
🧠大腦催產素＋泌乳素＋壓力賀爾蒙導致的 「極度防衛狀態」。
這些激素讓媽媽變得極度敏感
導致出現「寶寶是我的領地，其他人請退後」的反應
🤍這篇想提醒你也提醒自己：
✔️ 當情緒崩潰時，先抱抱那個正在全力守護孩子的自己。
✔️焦慮時問問自己：「我現在需要幫忙嗎？」願不願意接納家人的愛與支持？
✔️當有人接手照顧時請告訴自己：「我的寶寶很安全，我也值得喘口氣。」
如果你也在經歷這一切，歡迎留言跟我分享
讓我們一起慢慢學會當一個放鬆的媽媽",2025-06-18 00:36:00,"🥝30代的奇異果夫婦，我是果泥
👶🏻👶🏻有兩顆小奇異果
🏦房貸＄7,270,000
-
📖分享給大家平凡小日子裡的存錢撇步、育兒、生活瑣碎",產後憂鬱,pass,,low_depression_risk_user,
kiwi.momplan,奇異果家的日記本｜生活.育兒.記帳.理財｜愛美媽媽的鎖碎分享,"🥝哈囉大家好，我是果泥👋
完整請看IG
接續上篇
這篇想記錄產後大出血🩸
我以為把孩子生下來是從床上解脫
但沒想到卻踏入了另一個催命修羅場…
從臥床安胎開始，跟抑制宮縮藥可以說是形影不離
但在被推出手術室之後就立馬按下了反轉鍵——
孩子一出生，馬上使用宮縮藥‼️
👊這反轉操作根本就是無極限蹂躪我的子宮
-
原本看似平順，但卻在凌晨開始出血。
🚨從原本產後正常的出血量
到後來連打了兩針止血針還止不住￼
那個出血量已經不在正常範圍
💉而真正止不住的元兇除了環紮拆線造成的撕裂傷
還有就是我的血小板嚴重不足——根本止不了血。
我記得還清醒的最後一句話「好累，好想睡⋯」
🧑🏻‍🦱果爸說：「你先睡一下，我再觀察你一會再睡。」
幸好你當時沒睡。
真的萬幸。
如果等到護士下一輪巡房進來
可能…就來不及了
我後來被送去輸血跟輸血小版，加起來整整六大包
從清醒→疼痛→到失血過多意識模糊
我以為把孩子生下來是從床上結束是解脫
但沒想到卻踏入了另一個催命修羅場…
-
🎖️謝謝那晚整夜沒睡的你
不只是照顧我，更是守住我最後一點意識的光。
謝謝那晚的醫護人員
然後謝謝我自己的身體，蹂躪了一圈撐過來了",2025-06-14 16:45:00,"🥝30代的奇異果夫婦，我是果泥
👶🏻👶🏻有兩顆小奇異果
🏦房貸＄7,270,000
-
📖分享給大家平凡小日子裡的存錢撇步、育兒、生活瑣碎",產後憂鬱,pass,,low_depression_risk_user,
kiwi.momplan,奇異果家的日記本｜生活.育兒.記帳.理財｜愛美媽媽的鎖碎分享,"👶🏼懷孕雙胞胎的代價是什麼？
是無法行走、無法洗澡、無法自己上廁所。
是用34+6週，把人生最煎熬的痛苦都提前活過一遍。
（脆因字數限制🚫完整文章請查看IG內容）
奇異果家的雙寶之路（長文）
從備孕起算1年半。都是無聲卡
後來決定直奔茂x找院長阿茂
在排山倒海而來的訊息中選擇嘗試人工受孕
24/3/4，兩顆小奇異果一起報到
24/7/12子宮頸環紮手術
殊不知這項手術卻在之後埋下了禍根
24/8/7產檢當天直接被宣判住院安胎
24/8/7到9/26
每天躺著、吃飯、測胎心音、抽血、打針
連最基本的生理需求（自行如廁、洗澡…）
這些對我來說就是癡人說夢，連想都是一種奢侈
那段時間我把老年可能會經歷到的生活，提早體驗了一輪
而且體驗的淋漓盡致
-
因為一直躺著的關係
腸胃氣脹到我敲肚皮像在敲氣球
除了身體上的不舒服
甚至開始覺得被逼迫、被催促著要吃飯
在關心的名義下，不斷的被施壓
那時候真的好憂鬱
好想有人對我說一句：「辛苦了，我知道妳已經做得夠多了。」
每天晚上胃脹氣的睡不著時一邊感受胎動一邊偷偷掉眼淚
真的真的沒什麼
但卻好難好難受
— 待續 —",2025-06-12 21:13:00,"🥝30代的奇異果夫婦，我是果泥
👶🏻👶🏻有兩顆小奇異果
🏦房貸＄7,270,000
-
📖分享給大家平凡小日子裡的存錢撇步、育兒、生活瑣碎",產後憂鬱,pass,,low_depression_risk_user,
kiwi.momplan,奇異果家的日記本｜生活.育兒.記帳.理財｜愛美媽媽的鎖碎分享,"🥝奇異果家的育兒筆記
從嬰兒床開始的獨立練習
果泥一直很嚮往歐美的育兒方式
他們總是從小就給孩子完整的空間與信任
不急著黏緊緊，而是用溫柔的陪伴，教會孩子獨立
這也是為什麼從兩顆小奇果出生開始
我就堅持讓他們各自睡在嬰兒床裡👶🏻👶🏻
不是因為不想親密
而是因為我相信，分床睡是一種從小建立的「信任儀式」
🌙你有你的位置，我一直在你身邊
🌙即使分開睡，你依然被好好的被照顧
-
但說實話，這條路…真的不輕鬆
那段時間的夜晚，可以說是人間煉獄
睡到一半，只要一陣哭聲響起
果泥跟果爸是像詐屍一樣從床上彈起來！！😵‍💫
有時只是奶嘴掉了，有時是濕了尿布，有時候…純粹就只是想哭一場
重複又重複地起身、安撫、哄睡、再放回去
才剛閉眼不到十分鐘，又被叫起來——
一整晚可能要來個三、五、七、八次
那段日子就是行屍走肉🧟
但我一直相信這只是一段過程，不會永遠
還好。還好。還好真的堅持過來了
因為我相信
🌱 孩子的獨立，不是某天突然出現的，是每天一點點培養出來的。
你也正在半夜哄嬰的路上嗎？
💡歡迎留言告訴我
一起討論更多自主入睡的過程艱辛🛌",2025-06-11 23:30:00,"🥝30代的奇異果夫婦，我是果泥
👶🏻👶🏻有兩顆小奇異果
🏦房貸＄7,270,000
-
📖分享給大家平凡小日子裡的存錢撇步、育兒、生活瑣碎",產後憂鬱,pass,,low_depression_risk_user,
kiwi.momplan,奇異果家的日記本｜生活.育兒.記帳.理財｜愛美媽媽的鎖碎分享,"🥝哈囉大家好，這裡是 奇異果家
我們是一個正在努力存錢、還債、養育雙寶的平凡家庭。
—
為什麼叫「奇異果家」？
因為我們家的收入支出很奇異，存錢像果汁一樣被榨乾😮‍💨
但就算生活再酸，我們也要慢慢學會變甜🍬
—
👛 奇異果家的生活理念
✅ 要適當娛樂，放鬆才有力氣前進
✅ 空出時間和果爸聊天，不忘感情經營
✅ 偶爾獨處一下，媽媽的理智線才不會斷
—
💰 奇異果家的存錢心得
✅ 定期檢查餘額，面對現實不逃避
✅ 每月做紀錄，不當月光族的溫床
✅ 錢放「看不到的地方」：存股、定存、小資資產
✅ 和另一半一起回顧收支，錢的事不能一個人扛
—
👶 奇異果家的育兒日常
✅ 還在學習當成熟的大人，當更好的爸媽
這裡會是我們家的理財日記、收支紀錄、存錢反省簿📒
還有一點點媽媽愛美日常的悄悄話💄
—
#奇異果家的存錢日記
#家庭理財日常 #小資族理財 #育兒開銷 #收支紀錄",2025-06-11 21:42:00,"🥝30代的奇異果夫婦，我是果泥
👶🏻👶🏻有兩顆小奇異果
🏦房貸＄7,270,000
-
📖分享給大家平凡小日子裡的存錢撇步、育兒、生活瑣碎",產後憂鬱,pass,,low_depression_risk_user,
mi_mi0078,日日,"有人也這樣嘛～～～
產後9個月了
小孩很可愛很療癒
但我實在不快樂😢
難道是產後憂鬱症 嘛？",2024-12-07 02:37:00,,產後憂鬱,not_enough_posts,,skipped,
mi_mi0078,日日,"今年是一生最恨的一年
沒想過會被婚姻背叛，而那個背叛還烙印在
看看時間點，那個一起去的人不是我
離婚這兩個字沒有出現在人生裡
而到現在在心裡卻無數次出現
最終一定是我放棄才會停止夢靨",2024-12-02 22:24:00,,產後憂鬱,not_enough_posts,,skipped,
chuchu_530,寶娜sᴀʙɪɴᴀ ⛧,"產後第14天決定要慢慢退奶了
母奶量足夠的情況下有點捨不得😮‍💨
但身體又覺得好累⋯
半夜起不來擠奶 溢乳墊和內衣會直接濕掉
今天又收到朋友送的溢乳墊
老公說要不再一週，把溢乳墊用完不然好浪費😂
糾結🥲
各位自然退奶（透過食物而非退奶藥/針）的媽咪大概花多少時間退奶完呢～～",2025-11-01 16:22:00,抒發的小房間,產後憂鬱,not_enough_posts,,skipped,
chuchu_530,寶娜sᴀʙɪɴᴀ ⛧,"真的每個住月中的媽咪們都很快樂嗎？
有提早想退房的嗎～",2025-10-22 23:07:00,抒發的小房間,產後憂鬱,not_enough_posts,,skipped,
happylifee_1987,瑪麗,"患有產前憂鬱症的準媽媽可能出現下列的症狀，如睡不好、暴飲暴食、心情煩躁、易哭泣、無法專心久坐、持續的憂傷情緒、對平常有興趣的活動或事物突然失去興趣、常感到罪惡或生命沒有價值、甚至出現自殺的意念，亦可能伴隨身體症狀如頭痛、胸悶、無法順利呼吸。
孕晚期真的會使人憂鬱耶
莫名感到情緒低落
準爸爸應該細心陪伴
包容所有缺點
不要造成孕婦壓力
讓媽媽保持心情愉悅
多看看喜劇🎭",2024-10-14 09:32:00,"好好過生活
「任何安排都是最好的安排」",產後憂鬱,pass,,high_depression_risk_user,
happylifee_1987,瑪麗,"孕晚期到底要怎麼度過⋯
晚上沒辦法入睡，怎麼坐躺都不對
呼吸也不順暢，腰酸背痛
好不容易睡著了又被踹醒
不是在廁所就是在廁所路上
我要瘋了～🆘
31w",2024-10-09 15:20:00,"好好過生活
「任何安排都是最好的安排」",產後憂鬱,pass,,high_depression_risk_user,
happylifee_1987,瑪麗,"孕晚期的每一天
真的是度日如年欸～",2024-10-01 15:56:00,"好好過生活
「任何安排都是最好的安排」",產後憂鬱,pass,,high_depression_risk_user,
iam_mei2018,賴小美,"媽媽已經快認不得我了
才六十歲
媽媽就被診斷出
中度阿茲海默症及語言區缺損兩種失智症
屬於早發性失智症
早發性失智症通常惡化的更快速
動作 生活自理能力都更明顯的退化
其實在這之前好幾年
行為情緒就已經有很大改變
憂鬱、躁鬱、負面…
令家人們處於水深火熱中，
當時並不知道腦部已經開始萎縮
初期的X光和超音破無法診斷出
只有精細的核磁共振才有可能看出變化
換言之
一般人在初期是很難察覺自己生病了
只可能把患者當作是憂鬱或躁鬱症治療
看身心科，卻怎麼都沒辦法改善
看著母親這樣，很害怕
我便更努力的運動，學習新的技能
未來的日子
如果得自己走著
我希望身心健康",2024-07-10 17:56:00,"最討厭跑步
但實行日日5K⬆️
《跑跑人生四年半》
做自己最討厭
卻規律有益身心健康的事
很強大",產後憂鬱,pass,,non_depression_risk_user,
iam_mei2018,賴小美,"🙍🏼‍♂️你家是哪一間
💁🏻‍♀️貼的跟神經病一樣那間
這是這幾個月來
最常講的
神經病門口貼「財神到」
我家門口倒是貼的比較像神經病
自己工作接觸的特殊
對這些特殊的人，沒那麼害怕
更明白 對方神經，自己就不能太正常
對面人來人往的「訪客」
常常駐足討論我們這一家是不是有病
做賊喊捉賊
貼成這樣
我看什麼財神好運 都進不來了吧
沒關係
我可以跟你們耗到你們搬走
自己一個人
也能保護孩子
只能更勇敢",2024-07-10 15:22:00,"最討厭跑步
但實行日日5K⬆️
《跑跑人生四年半》
做自己最討厭
卻規律有益身心健康的事
很強大",產後憂鬱,pass,,non_depression_risk_user,
iam_mei2018,賴小美,"田野中的道路
架起了巨大棚子
喪禮莊嚴豪華
排場豪大
來了許多官系人
這景象與規模
在鄉下應該算華麗吧
在這最後的最後
突然感慨人死後的一切
都是給活人看與評論的
人離開了
留下的軀體只是一副皮囊
如果有天我離開了
讓我樹葬
不留痕跡
輕輕淡淡
敞徉宇宙
在有生之年
希望 自己健康與快樂",2024-07-09 17:46:00,"最討厭跑步
但實行日日5K⬆️
《跑跑人生四年半》
做自己最討厭
卻規律有益身心健康的事
很強大",產後憂鬱,pass,,non_depression_risk_user,
iam_mei2018,賴小美,"「我沒有你會說」
「我沒有你這麼敢」
常在想……
是個性使然呢
抑或是水瓶子的腦子很清楚
說理 很難說贏我
在年輕時顯得咄咄逼人
現在仍修煉說話的藝術
不對的事
很難叫我吞下去",2024-07-08 23:40:00,"最討厭跑步
但實行日日5K⬆️
《跑跑人生四年半》
做自己最討厭
卻規律有益身心健康的事
很強大",產後憂鬱,pass,,non_depression_risk_user,
iam_mei2018,賴小美,"隔壁房客住不到半年，卻讓我度日如年。
租客說他這兩個朋友都是神經病…然後呢？！
要我不要惹他們嗎？！
一個一天到晚搞事，在門口玩火，對空氣講話傻笑，半夜把我摩托車拖到馬路上，
現在又來了一個畫符哥
說這一整棟都怪怪的，他要畫符封印…
不封自己家，封別人 
有病到極點….",2024-07-08 20:54:00,"最討厭跑步
但實行日日5K⬆️
《跑跑人生四年半》
做自己最討厭
卻規律有益身心健康的事
很強大",產後憂鬱,pass,,non_depression_risk_user,
iam_mei2018,賴小美,"夏天運動 是修行
整件衣服擰出水 是日常",2024-07-08 20:39:00,"最討厭跑步
但實行日日5K⬆️
《跑跑人生四年半》
做自己最討厭
卻規律有益身心健康的事
很強大",產後憂鬱,pass,,non_depression_risk_user,
20_.cidal,妞妞-Yang Yuen,"哇哈哈哈哈 第一次配音 有夠亂七八糟😍
-
沐尼新鮮木耳飲✨
無泡水、無漂白、低糖、低熱量、富含膳食纖維💗
嚴選阿里山白木耳，滑順口感、清甜不膩～
天然食材，連孩子也能安心嘗試💖
喝得到滿滿膠質，日常養顏美容、補水好幫手✨
920ml 大容量，一瓶可以全家一起喝
冷藏喝清爽解渴，加熱喝溫潤養生
低熱量高飽足感，孕媽咪首選！
營養師推薦 👉 除了桂圓外，其餘口味孕期都適合，產後更適合補充桂圓
📅 團購時間：9/10 - 9/23
🚚 黑貓冷藏宅配，快速到貨
🎁 中秋送禮必備 → 銀耳禮盒熱銷中！
留言「新鮮」我傳連結給你🔗
#木耳 #沐尼 #沐尼白木耳飲 #新鮮木耳 #中秋禮盒 #孕媽咪 #膠質",2025-09-11 00:19:00,"住在平地的阿美族🌾｜退役運動員🪢｜軍眷🪖｜新手媽咪👩🏻
真實不假掰又搞笑的紀錄著生活📷",產後憂鬱,business,,skipped,
20_.cidal,妞妞-Yang Yuen,"看到有人在說10/1政府要普發1萬
到底是真的還是假的？_？",2025-09-10 14:15:00,"住在平地的阿美族🌾｜退役運動員🪢｜軍眷🪖｜新手媽咪👩🏻
真實不假掰又搞笑的紀錄著生活📷",產後憂鬱,business,,skipped,
20_.cidal,妞妞-Yang Yuen,"所以iPhone 17要上了嗎？一堆人在潑
而且上市了 真的會有人買嗎？_？
好好奇大家的想法💡",2025-09-10 13:34:00,"住在平地的阿美族🌾｜退役運動員🪢｜軍眷🪖｜新手媽咪👩🏻
真實不假掰又搞笑的紀錄著生活📷",產後憂鬱,business,,skipped,
20_.cidal,妞妞-Yang Yuen,"沐尼新鮮木耳飲-9/10～9/23 正式開團🎊
明天會發介紹影片到reels&限動
請大家多多支持🥹💗",2025-09-09 23:00:00,"住在平地的阿美族🌾｜退役運動員🪢｜軍眷🪖｜新手媽咪👩🏻
真實不假掰又搞笑的紀錄著生活📷",產後憂鬱,business,,skipped,
20_.cidal,妞妞-Yang Yuen,"從『一個人』到『一家人』，身份的轉換總是來得很快。
以前只要顧好自己，現在卻要學會照顧另一個小小生命。
有時候會覺得很累，甚至懷疑自己能不能做好，
但當孩子笑著看著我，我就知道：
再多的不習慣、再多的辛苦，都因為這份愛而值得。
#媽媽日常 #新手媽媽 #媽媽心情 #身分轉換 #育兒生活 #生產 #懷孕",2025-09-09 01:30:00,"住在平地的阿美族🌾｜退役運動員🪢｜軍眷🪖｜新手媽咪👩🏻
真實不假掰又搞笑的紀錄著生活📷",產後憂鬱,business,,skipped,
20_.cidal,妞妞-Yang Yuen,"最近想買Lapo行動電源跟冰冰被
因為我老公太常把行動電源用壞了🫠
而且我們家兩父子都怕熱 所以想買
還好有這個活動 直接幫我準備好了😍",2025-09-08 14:37:00,"住在平地的阿美族🌾｜退役運動員🪢｜軍眷🪖｜新手媽咪👩🏻
真實不假掰又搞笑的紀錄著生活📷",產後憂鬱,business,,skipped,
duck.2563200,duck.2563200,"求解，住月中住到心情很差怎麼辦？
1.吃飯的時候旁邊會有果蠅飛
2.水龍頭打開發現水色偏黃，跟櫃檯反應才告知管路正在維修
3.忘記送午餐
4.反應食材不新鮮後不是改善食材，而是取消改樣食材，導致整週菜色一再重複
沒產後憂鬱都要被他們搞出產後憂鬱了
最靠背的是👉他們還跟我要google好評",2025-12-27 17:48:00,,產後憂鬱,not_enough_posts,,skipped,
q2080529,Mika Wu,"有恐慌、焦慮症等精神疾病的人
千萬不要讓公司的人知道
因為他們心裡通常只會認為
「你抗壓性不足」",2025-09-10 17:48:00,在生活的縫隙中喘口氣，重新出發的日子，光也會慢慢跟上來。,躁鬱症,pass,,non_depression_risk_user,
q2080529,Mika Wu,上班本身就是一件很傷身的事情,2025-09-08 07:43:00,在生活的縫隙中喘口氣，重新出發的日子，光也會慢慢跟上來。,躁鬱症,pass,,non_depression_risk_user,
q2080529,Mika Wu,"我尊重每個宗教
但每次看到有人燒香拜拜祈求健康
然後一直聞燒香的煙霧
還是覺得這個儀式
沒辦法改良成其他更健康的方式嗎🤔🤔",2025-09-04 10:29:00,在生活的縫隙中喘口氣，重新出發的日子，光也會慢慢跟上來。,躁鬱症,pass,,non_depression_risk_user,
q2080529,Mika Wu,"之前有認識的醫生在大醫院工作
看診速度太慢
就被院方約談了
大醫院門診
很多科別每個病人進去大概3~5分鐘就會被請出去
光進去講話都會開始緊張
(因為醫生會一直打斷不想讓你講太多)",2025-09-02 16:18:00,在生活的縫隙中喘口氣，重新出發的日子，光也會慢慢跟上來。,躁鬱症,pass,,non_depression_risk_user,
q2080529,Mika Wu,"希望大家在網路上可以多得到一些正能量
祝你們一切好運😊",2025-09-02 16:09:00,在生活的縫隙中喘口氣，重新出發的日子，光也會慢慢跟上來。,躁鬱症,pass,,non_depression_risk_user,
q2080529,Mika Wu,蔡依林：「自律是為了要自由」,2025-09-01 14:40:00,在生活的縫隙中喘口氣，重新出發的日子，光也會慢慢跟上來。,躁鬱症,pass,,non_depression_risk_user,
q2080529,Mika Wu,"當年因為重大食安問題
日本人可以抵制麥當勞 
讓日本麥當勞門市收了131間門市
為何台灣好像沒辦法？🥲",2025-09-01 14:37:00,在生活的縫隙中喘口氣，重新出發的日子，光也會慢慢跟上來。,躁鬱症,pass,,non_depression_risk_user,
yirou_0724,潘憶柔,"我終究還是畢業了，五年的時間不長也不短，但屬實讓我成長了不少。最記得的是有位老師是剛來沒多久的，她以為不會有人找她合照，沒想到，我找她合照了，她說「好感動」。其實一般對我很照顧的師長們，我都會去找他們合照（找不到的另外再說）而且難得化妝（我平常超討厭化妝的）不拍好拍滿這妝畫的不值得啦！
祝畢業生們，前程似錦，鵬程萬里～
#畢業🎓 #學士學位 #前程似錦",2025-05-25 00:06:00,"00’s♌
🇲🇾 🛫→🛬🇹🇼
#SHU #SocialPsychology
#世新大學 #社會心理學系",躁鬱症,not_enough_posts,,skipped,
mimihuang_1218,Mi米,"最近看了太多負面新聞
認真覺得自己當了11年的社工也是挺厲害的….
有人跟我一樣有憂鬱症跟焦慮症
卻還是負能量爆棚的繼續當社工嗎…",2025-10-09 01:20:00,是位有嚴重憂鬱及焦慮症又社交障礙的社工🙃,躁鬱症,pass,,non_depression_risk_user,
mimihuang_1218,Mi米,"還是不知道要怎麼調參數😂😂😂
不過還是覺得Dazz拍起來很美（自己說）
希望大家都可以欣賞自己、愛自己",2025-10-09 00:37:00,是位有嚴重憂鬱及焦慮症又社交障礙的社工🙃,躁鬱症,pass,,non_depression_risk_user,
mimihuang_1218,Mi米,"出差太晚回來
小不點疑似太餓吃掉自己的大便💩
平常都有定時定量餵食
只有今天是突發狀況😖",2025-10-08 01:37:00,是位有嚴重憂鬱及焦慮症又社交障礙的社工🙃,躁鬱症,pass,,non_depression_risk_user,
mimihuang_1218,Mi米,"*
Dazz參數要怎麼調才比較自然🤔
求大神推薦😳😳😳",2025-10-07 23:58:00,是位有嚴重憂鬱及焦慮症又社交障礙的社工🙃,躁鬱症,pass,,non_depression_risk_user,
mimihuang_1218,Mi米,"*
翻山越嶺",2025-10-07 04:06:00,是位有嚴重憂鬱及焦慮症又社交障礙的社工🙃,躁鬱症,pass,,non_depression_risk_user,
mimihuang_1218,Mi米,"*
用對相機會越來越喜歡自己（？）
喜歡自己的雀斑、喜歡自己的嬰兒肥
喜歡自己的不完美
DAZZ真的一用就回不去😍",2025-10-07 01:04:00,是位有嚴重憂鬱及焦慮症又社交障礙的社工🙃,躁鬱症,pass,,non_depression_risk_user,
mimihuang_1218,Mi米,家有七貓,2025-10-06 12:59:00,是位有嚴重憂鬱及焦慮症又社交障礙的社工🙃,躁鬱症,pass,,non_depression_risk_user,
mimihuang_1218,Mi米,緩慢長大的龜❤️,2025-10-06 01:42:00,是位有嚴重憂鬱及焦慮症又社交障礙的社工🙃,躁鬱症,pass,,non_depression_risk_user,
mimihuang_1218,Mi米,"*
最近愛上 pretty old film 
拍起來復古美❤️",2025-10-06 01:36:00,是位有嚴重憂鬱及焦慮症又社交障礙的社工🙃,躁鬱症,pass,,non_depression_risk_user,
ianciasmoo,陽下死木,"強迫症一點也不好玩，很累，大腦會卡住一直想同一件事情，一直檢查確認，檢查自己是不是犯錯了？或者不好的事情是不是要發生了？甚至是擔心自己未來有可能犯錯，擔心不好的事情發生後要怎麼辦……每個人的主題可能不一樣。
日常就是一直「侵入性思想出現」、「焦慮」、「去反覆確認」、「短暫安心」、「侵入性思想又出現」…………不斷循環，我會一直問同樣的問題、一直搜尋同樣的事情，直到我得到100%的確認安全，但過一下下同樣的問題又會出現，然後我就要再重複好幾次確認行為來讓自己安心，這是無止盡的。
日常生活會被影響，比如晚餐放到半夜了還沒吃、連續好幾天整晚沒睡、上課一個字都聽不下去、讀不了書……因為大腦要我先去檢查確認，一次確認可能就會需要花一小時以上，這件事情檢查完了還有下一件事情闖進來，沒辦法休息，不間斷的焦慮和過度思考，然後崩潰爆哭，然後被家人帶去看身心科，吃藥後腦子才安靜下來。
就是，很多人都會認為是個性問題，自己想太多而已不是病，然後就不會去看醫生（就像我），如果有人也像這樣會一直想同一件事情的話，並且覺得嚴重影響到生活了，那就去看看醫生吧，也許是強迫症而不是想太多，藥蠻有用的（至少對我來說）",2025-12-11 05:15:00,"畫畫的
這裡會自言自語，只想看畫畫的話可以看我ig就好",躁鬱症,pass,,non_depression_risk_user,
ianciasmoo,陽下死木,很好笑我小時候超怕警察，路上看到警察都會轉頭避開，然後開始想最近有沒有做過什麼壞事,2025-12-10 05:28:00,"畫畫的
這裡會自言自語，只想看畫畫的話可以看我ig就好",躁鬱症,pass,,non_depression_risk_user,
ianciasmoo,陽下死木,一個人住外面會孤單所以一直買香氛蠟燭來陪自己暖暖的，有點懂賣火柴的小女孩了,2025-12-09 14:37:00,"畫畫的
這裡會自言自語，只想看畫畫的話可以看我ig就好",躁鬱症,pass,,non_depression_risk_user,
ianciasmoo,陽下死木,以前很內向，為了突破自己高中的時候自願上台才藝表演，有的人唱歌有的人拉小提琴，我吹了口琴，下課的時候班導過來跟我說：「欸~我聽體育老師說口琴是不是只要會呼吸就會阿？」,2025-12-07 11:22:00,"畫畫的
這裡會自言自語，只想看畫畫的話可以看我ig就好",躁鬱症,pass,,non_depression_risk_user,
ianciasmoo,陽下死木,馬麻說很久沒有看我開心的笑了，她看了我小時候的照片，說那時候的我笑得很乾淨很開心，好久沒有看到那種笑了,2025-12-06 03:46:00,"畫畫的
這裡會自言自語，只想看畫畫的話可以看我ig就好",躁鬱症,pass,,non_depression_risk_user,
ianciasmoo,陽下死木,其實我手繪的上色都是用螢光筆塗的，我對筆沒什麼要求，有顏色、顏色好看就好了，而且螢光筆很便宜，我畫畫上色是抱持著一個有顏色就好的心把顏色填上去的。（軟頭的螢光筆比較好畫）,2025-12-05 17:19:00,"畫畫的
這裡會自言自語，只想看畫畫的話可以看我ig就好",躁鬱症,pass,,non_depression_risk_user,
ianciasmoo,陽下死木,畫人體有進步一些,2025-12-05 10:03:00,"畫畫的
這裡會自言自語，只想看畫畫的話可以看我ig就好",躁鬱症,pass,,non_depression_risk_user,
ianciasmoo,陽下死木,房間裡只有這種小鏡子，所以跑去美妝店借鏡子,2025-12-03 12:51:00,"畫畫的
這裡會自言自語，只想看畫畫的話可以看我ig就好",躁鬱症,pass,,non_depression_risk_user,
ianciasmoo,陽下死木,有畫就發……,2025-11-30 23:33:00,"畫畫的
這裡會自言自語，只想看畫畫的話可以看我ig就好",躁鬱症,pass,,non_depression_risk_user,
ianciasmoo,陽下死木,原本沒有想哭的，但是醫生一開口我就哭了,2025-11-30 21:21:00,"畫畫的
這裡會自言自語，只想看畫畫的話可以看我ig就好",躁鬱症,pass,,non_depression_risk_user,
ianciasmoo,陽下死木,在家翻到乾燥花，就畫了,2025-11-30 12:00:00,"畫畫的
這裡會自言自語，只想看畫畫的話可以看我ig就好",躁鬱症,pass,,non_depression_risk_user,
ianciasmoo,陽下死木,自己做了美甲（圖案是貼指甲貼紙的）,2025-11-27 11:59:00,"畫畫的
這裡會自言自語，只想看畫畫的話可以看我ig就好",躁鬱症,pass,,non_depression_risk_user,
namless_0926,柳秀雨,"感覺鬱症跟創傷又浮上來，雖然想去醫院，想到之後要住一段時間，但我一直有經濟壓力，請假太久的話老闆同事很快就發現我有憂鬱症，所以不敢就醫。
想問一下各位重度憂鬱者，如果遇到這樣的狀況你們會怎麼做呢？",2026-01-03 08:15:00,,躁鬱症,pass,,high_depression_risk_user,
namless_0926,柳秀雨,又開始軀體化，手抖個不停腸胃不適好幾天，呼吸有些困難，可我還是不知為了什麼焦慮,2026-01-02 09:21:00,,躁鬱症,pass,,high_depression_risk_user,
namless_0926,柳秀雨,最近剛接觸香水，想問一下，開架有沒有那種，寶寶香皂香的香水呢？,2026-01-02 04:00:00,,躁鬱症,pass,,high_depression_risk_user,
namless_0926,柳秀雨,跨年去旗津之後附近有沒有什麼餐酒館呢？,2025-12-31 22:17:00,,躁鬱症,pass,,high_depression_risk_user,
_kaka_ericka,咖咖KAKA,"對於我來說的情緒穩定=接納所有的情緒狀態
所有的情緒都被容許出現，即使是憂鬱、憤怒等普世認定的負向情緒，允許自己落淚、允許自己失控，每一個情緒都可以被安放。
我知道我現在很難過，但沒有關係，我不用逼迫自己要馬上快樂起來，或是為什麼一定只能快樂？
之前看到在討論正能量的文章：一般會認為正能量就是即使在逆境中也永遠都保持正向思考、永遠保持積極樂觀，但不是只有積極樂觀才是被許可的狀態吧，真正的正能量是情緒持續在流動的，認同負向情緒的出現並擁抱它，去經驗與感受，即使過程會感到痛苦。",2024-04-15 10:49:00,"「我是一個情緒載體，所有的情緒在這裡都能被安放。」
🩸情緒系模特
💧職能治療師",雙相情緒障礙,business,,skipped,
_kaka_ericka,咖咖KAKA,"今天媽媽去做手術要家屬陪同
護理師：請問家屬有滿20歲了嗎？
Me：有…（我都要24歲了欸）
謝謝護理師讓我知道以後去試鏡視覺年齡可以報20歲以下",2024-04-15 09:15:00,"「我是一個情緒載體，所有的情緒在這裡都能被安放。」
🩸情緒系模特
💧職能治療師",雙相情緒障礙,business,,skipped,
_kaka_ericka,咖咖KAKA,"生來就一無所有那又何必害怕失去。
Photographer: @ponponchen0806 
Makeup: @jesslyncac @jesslyncac_showroom",2024-04-15 01:17:00,"「我是一個情緒載體，所有的情緒在這裡都能被安放。」
🩸情緒系模特
💧職能治療師",雙相情緒障礙,business,,skipped,
_kaka_ericka,咖咖KAKA,"是不是很多人都用threads在徵攝影徵模特
不知道徵不徵的到但想來玩玩看(*ˊ˘ˋ*)
自我介紹一下：
我是咖咖aka情緒系模特
也可以叫我百變怪，因為沒有我駕馭不了的風格（？
我有一個創作靈感庫歡迎來一起完成
最近好想拍動態拜託threads拜託宇宙了
4月出沒台中 
5月應該會出沒台北",2024-04-12 17:04:00,"「我是一個情緒載體，所有的情緒在這裡都能被安放。」
🩸情緒系模特
💧職能治療師",雙相情緒障礙,business,,skipped,
fjksfk._.dks,fjksfk._.dks,「我情緒不穩定 你累的話 拋棄我就好」,2025-09-27 21:12:00,"發一些廢文
不想看不要看",雙相情緒障礙,not_enough_posts,,skipped,
fjksfk._.dks,fjksfk._.dks,"因為脾氣因為不肯底下的頭 讓最在意的人離開了我身邊
那種感覺真的很傷心但我真的改不了",2025-09-27 21:11:00,"發一些廢文
不想看不要看",雙相情緒障礙,not_enough_posts,,skipped,
ciizxc_,小稀公主.. ☆ ⋆.˚🍟,"覺得最近過得好累
總會突然想哭 我知道自己要碎了 但我也知道我的情緒需要自己消化",2025-09-08 23:06:00,愛就是會認真看我轉發,雙相情緒障礙,pass,,non_depression_risk_user,
ciizxc_,小稀公主.. ☆ ⋆.˚🍟,"ㅤ
ㅤ
我討厭落差感 你對我和以前不一樣我會哭的（> <）
ㅤ",2025-09-08 22:59:00,愛就是會認真看我轉發,雙相情緒障礙,pass,,non_depression_risk_user,
ciizxc_,小稀公主.. ☆ ⋆.˚🍟,"ㅤ
ㅤㅤㅤ
愛我就要忘記全世界所有女孩
ㅤ
ㅤ",2025-09-08 21:40:00,愛就是會認真看我轉發,雙相情緒障礙,pass,,non_depression_risk_user,
ciizxc_,小稀公主.. ☆ ⋆.˚🍟,"ㅤ
ㅤㅤㅤ
想和你談的是愛與真誠 而不是短暫的新鮮感
ㅤ
ㅤ",2025-09-08 00:41:00,愛就是會認真看我轉發,雙相情緒障礙,pass,,non_depression_risk_user,
ciizxc_,小稀公主.. ☆ ⋆.˚🍟,"ㅤ
ㅤㅤㅤ
喜歡一個人的第一反應是覺得他好可愛
ㅤ
ㅤ",2025-09-08 00:38:00,愛就是會認真看我轉發,雙相情緒障礙,pass,,non_depression_risk_user,
ciizxc_,小稀公主.. ☆ ⋆.˚🍟,"ㅤ
ㅤㅤㅤ
凌晨四點給你打電話 你會罵我有病還是會陪我聊天
ㅤ
ㅤ",2025-09-08 00:00:00,愛就是會認真看我轉發,雙相情緒障礙,pass,,non_depression_risk_user,
ciizxc_,小稀公主.. ☆ ⋆.˚🍟,"ㅤ
ㅤ
談戀愛呢 長久的秘訣就是聽女朋友的話！
ㅤ
ㅤ",2025-09-07 21:50:00,愛就是會認真看我轉發,雙相情緒障礙,pass,,non_depression_risk_user,
ciizxc_,小稀公主.. ☆ ⋆.˚🍟,"ㅤ
ㅤ
我談戀愛就想談個願意哄我的
ㅤ
ㅤ",2025-09-07 20:09:00,愛就是會認真看我轉發,雙相情緒障礙,pass,,non_depression_risk_user,
ciizxc_,小稀公主.. ☆ ⋆.˚🍟,"ㅤ
ㅤ
ㅤ我是一個漂亮主義者 出門要化妝 衣服要搭配 床單要是hello Kitty 甚至遊戲里還要把自己打扮的漂漂亮亮的 吃飯我也要吃漂亮的 所以我一直在等一個願意跟我一起去吃漂亮飯並記錄我的人 我想那一定很幸福
ㅤ
ㅤ",2025-09-07 18:43:00,愛就是會認真看我轉發,雙相情緒障礙,pass,,non_depression_risk_user,
ciizxc_,小稀公主.. ☆ ⋆.˚🍟,"ㅤ
ㅤ
如果有人問你喜歡的小貓是誰 你說是我 這個鍋我背了
ㅤ
ㅤ",2025-09-07 00:09:00,愛就是會認真看我轉發,雙相情緒障礙,pass,,non_depression_risk_user,
ciizxc_,小稀公主.. ☆ ⋆.˚🍟,"ㅤ
ㅤ
戀愛的甜度取決於男朋友戀愛腦的程度
ㅤ",2025-09-06 00:19:00,愛就是會認真看我轉發,雙相情緒障礙,pass,,non_depression_risk_user,
ciizxc_,小稀公主.. ☆ ⋆.˚🍟,"ㅤ
ㅤ
好喜歡直白的佔有慾
喜歡聽你說需要我 離不開我
ㅤ
ㅤ",2025-09-05 17:45:00,愛就是會認真看我轉發,雙相情緒障礙,pass,,non_depression_risk_user,
ciizxc_,小稀公主.. ☆ ⋆.˚🍟,"ㅤ
ㅤ
其實你一哄我我就好了 但就是想裝
就想讓你再多哄我兩句
ㅤ
ㅤ",2025-09-05 17:39:00,愛就是會認真看我轉發,雙相情緒障礙,pass,,non_depression_risk_user,
ciizxc_,小稀公主.. ☆ ⋆.˚🍟,"ㅤ
ㅤ
以前總是很納悶談100天有什麼好炫耀的
直到我談了才發現 相愛100天真的不容易
是無數次大大小小的爭吵 是一遍遍解決各種問題
是兩個人都堅定的選擇對方是無論吵的多兇都不影響愛對方
ㅤ
ㅤ",2025-09-05 00:40:00,愛就是會認真看我轉發,雙相情緒障礙,pass,,non_depression_risk_user,
ciizxc_,小稀公主.. ☆ ⋆.˚🍟,"ㅤ
ㅤ
我真的不好 但我已經把我最好的一面展現給你了
ㅤ
ㅤ",2025-09-05 00:36:00,愛就是會認真看我轉發,雙相情緒障礙,pass,,non_depression_risk_user,
ciizxc_,小稀公主.. ☆ ⋆.˚🍟,"ㅤ
ㅤ
要把女朋友變漂亮 而不是去找漂亮的女人
ㅤ
ㅤ",2025-09-04 20:29:00,愛就是會認真看我轉發,雙相情緒障礙,pass,,non_depression_risk_user,
ciizxc_,小稀公主.. ☆ ⋆.˚🍟,"ㅤ
ㅤ
我太愛胡思亂想了
所以我只要察覺到你對我有一點冷漠
我就開始害怕你不喜歡我了
ㅤ
ㅤ",2025-09-04 20:24:00,愛就是會認真看我轉發,雙相情緒障礙,pass,,non_depression_risk_user,
ciizxc_,小稀公主.. ☆ ⋆.˚🍟,"ㅤ
ㅤ
兩個主動解決問題的人永遠不會走散
ㅤ
ㅤ",2025-09-03 20:29:00,愛就是會認真看我轉發,雙相情緒障礙,pass,,non_depression_risk_user,
ciizxc_,小稀公主.. ☆ ⋆.˚🍟,"ㅤ
ㅤ
對不起 我不是故意煩你的 我只是有點喜歡你
ㅤ
ㅤ",2025-09-03 15:52:00,愛就是會認真看我轉發,雙相情緒障礙,pass,,non_depression_risk_user,
ciizxc_,小稀公主.. ☆ ⋆.˚🍟,"ㅤ
ㅤ
我知道幸福來之不易 所以有你在的每一天我都格外珍惜
ㅤ
ㅤ",2025-09-03 15:49:00,愛就是會認真看我轉發,雙相情緒障礙,pass,,non_depression_risk_user,
ciizxc_,小稀公主.. ☆ ⋆.˚🍟,"我其實
23小時59分60秒都在想你",2025-09-02 00:01:00,愛就是會認真看我轉發,雙相情緒障礙,pass,,non_depression_risk_user,
ciizxc_,小稀公主.. ☆ ⋆.˚🍟,愛你的人 你怎麼推 他都不走,2025-09-01 23:58:00,愛就是會認真看我轉發,雙相情緒障礙,pass,,non_depression_risk_user,
ciizxc_,小稀公主.. ☆ ⋆.˚🍟,為什麼我不能再漂亮一點⋯😭,2025-09-01 21:41:00,愛就是會認真看我轉發,雙相情緒障礙,pass,,non_depression_risk_user,
ciizxc_,小稀公主.. ☆ ⋆.˚🍟,擰巴的人需要一個有耐心的戀人,2025-09-01 13:18:00,愛就是會認真看我轉發,雙相情緒障礙,pass,,non_depression_risk_user,
ciizxc_,小稀公主.. ☆ ⋆.˚🍟,女生可以把頭髮完全吹乾是一個很屌的事,2025-08-31 23:53:00,愛就是會認真看我轉發,雙相情緒障礙,pass,,non_depression_risk_user,
ciizxc_,小稀公主.. ☆ ⋆.˚🍟,"ㅤ
ㅤㅤ￼
我的愛或許不成熟 但是對你我真的很認真
ㅤㅤ
ㅤ",2025-08-30 22:48:00,愛就是會認真看我轉發,雙相情緒障礙,pass,,non_depression_risk_user,
ciizxc_,小稀公主.. ☆ ⋆.˚🍟,"我希望
自己長的在好看一點 可愛一點 瘦一點 臉上痘痘少一點 會穿搭一點 肚子小一點 腿細一點 手好看一點 眼睛大一點 鼻子挺一點 不用化妝也很好看 因為這樣我才配得上你⋯⋯",2025-08-30 16:54:00,愛就是會認真看我轉發,雙相情緒障礙,pass,,non_depression_risk_user,
ciizxc_,小稀公主.. ☆ ⋆.˚🍟,我現在唯一期待的就是和你見面,2025-08-26 19:03:00,愛就是會認真看我轉發,雙相情緒障礙,pass,,non_depression_risk_user,
ciizxc_,小稀公主.. ☆ ⋆.˚🍟,好可愛喔⋯想被這樣發,2025-08-26 00:12:00,愛就是會認真看我轉發,雙相情緒障礙,pass,,non_depression_risk_user,
zzz_12425,菱,"PTSD 創傷壓力症候群
「我沒有想到任何事
身體卻突然
開始害怕
這才是最可怕的地方」",2025-12-21 20:01:00,"恐慌與憂鬱和焦慮日記 📝
PTSD創傷壓力症候群
記錄小小進步也接住偶爾的低落",PTSD,pass,,non_depression_risk_user,
zzz_12425,菱,"有人也會這樣嗎
突然發現有時候
有那麼一段時間
我沒有完全待在自己裡面
我還能說話
還能走路
還能把事情一件一件完成
然後某個瞬間
突然驚醒
不太確定自己在幹嘛
記憶有點模糊
慢慢回想
才知道自己剛剛在做什麼
後來才知道
這就是精神上的解離反應
突然覺得好可怕…",2025-12-20 23:01:00,"恐慌與憂鬱和焦慮日記 📝
PTSD創傷壓力症候群
記錄小小進步也接住偶爾的低落",PTSD,pass,,non_depression_risk_user,
zzz_12425,菱,"PTSD 創傷壓力症候群
「創傷最殘忍的地方是
事情已經過去
身體卻還以為正在發生」",2025-12-20 20:32:00,"恐慌與憂鬱和焦慮日記 📝
PTSD創傷壓力症候群
記錄小小進步也接住偶爾的低落",PTSD,pass,,non_depression_risk_user,
zzz_12425,菱,"寫給現在還醒著的你
如果你今天也撐得很累
卻還是不敢倒下
沒關係
夜深了
你可以不用再逞強了",2025-12-20 00:06:00,"恐慌與憂鬱和焦慮日記 📝
PTSD創傷壓力症候群
記錄小小進步也接住偶爾的低落",PTSD,pass,,non_depression_risk_user,
zzz_12425,菱,"PTSD 創傷壓力症候群
「我不是突然變得脆弱
只是一直撐著往前走
走到終於慢下來
那些被壓住的痛
才一個一個浮上來
原來它們從來沒有離開過」",2025-12-19 20:36:00,"恐慌與憂鬱和焦慮日記 📝
PTSD創傷壓力症候群
記錄小小進步也接住偶爾的低落",PTSD,pass,,non_depression_risk_user,
zzz_12425,菱,"PTSD 創傷壓力症候群
「有時候以為自己已經撐過那段日子
直到某個瞬間
身體突然顫抖
心跳亂了拍 呼吸變得很淺
才發現
我又被拉回那個曾經很害怕的時候」",2025-12-18 20:00:00,"恐慌與憂鬱和焦慮日記 📝
PTSD創傷壓力症候群
記錄小小進步也接住偶爾的低落",PTSD,pass,,non_depression_risk_user,
zzz_12425,菱,"PTSD 創傷壓力症候群
「你不是太敏感
是你撐得太久了
你的身體不是在害你
它是在提醒你
你曾經那麼努力的活下來」",2025-12-17 20:38:00,"恐慌與憂鬱和焦慮日記 📝
PTSD創傷壓力症候群
記錄小小進步也接住偶爾的低落",PTSD,pass,,non_depression_risk_user,
zzz_12425,菱,"寫給今天的自己
「你已經很努力撐過今天了」
「可是我好像還是很累」
「沒關係
今天不用再更好了」
#恐慌與憂鬱和焦慮日記",2025-12-17 12:00:00,"恐慌與憂鬱和焦慮日記 📝
PTSD創傷壓力症候群
記錄小小進步也接住偶爾的低落",PTSD,pass,,non_depression_risk_user,
zzz_12425,菱,"PTSD 創傷壓力症候群
「有時候心會突然碎掉
不是現在真的有多痛
而是那時候的我
撐得太努力了
努力到現在
才終於敢好好哭出來了」",2025-12-16 21:44:00,"恐慌與憂鬱和焦慮日記 📝
PTSD創傷壓力症候群
記錄小小進步也接住偶爾的低落",PTSD,pass,,non_depression_risk_user,
zzz_12425,菱,"PTSD 創傷壓力症候群
「有時候明明什麼都沒發生
身體卻先緊繃起來
不是我太敏感
而是它還記得
曾經很危險的時候」",2025-12-15 20:40:00,"恐慌與憂鬱和焦慮日記 📝
PTSD創傷壓力症候群
記錄小小進步也接住偶爾的低落",PTSD,pass,,non_depression_risk_user,
zzz_12425,菱,"和現在的自己對話，慢慢走回自己身邊
「你最近還好嗎
我其實一直有點擔心你
那個曾經很愛笑
看起來總是很有精神的你
最近去哪了」
「對不起讓你擔心了
那個愛笑的我
在生病之後
真的走丟了一段路
但我還在這裡
沒有離開
只是慢了一些而已」
#恐慌與憂鬱和焦慮日記",2025-12-15 18:28:00,"恐慌與憂鬱和焦慮日記 📝
PTSD創傷壓力症候群
記錄小小進步也接住偶爾的低落",PTSD,pass,,non_depression_risk_user,
zzz_12425,菱,"PTSD創傷壓力症候群
「我一直以為自己已經好很多了
直到生活慢下來
才發現不是不痛了
只是一直不敢停下來面對」",2025-12-14 20:00:00,"恐慌與憂鬱和焦慮日記 📝
PTSD創傷壓力症候群
記錄小小進步也接住偶爾的低落",PTSD,pass,,non_depression_risk_user,
zzz_12425,菱,"PTSD創傷壓力症候群
「創傷不是結束了就能放下
它會躲在身體深處
在某個毫無防備的瞬間
又把人推回那段深得讓人窒息的黑暗裡」",2025-12-13 20:50:00,"恐慌與憂鬱和焦慮日記 📝
PTSD創傷壓力症候群
記錄小小進步也接住偶爾的低落",PTSD,pass,,non_depression_risk_user,
zzz_12425,菱,"PTSD創傷壓力症候群
「有些痛不需要想起
它會自己浮上來
一秒前我還好好的
下一秒就被恐懼淹沒
這就是創傷留下的影子」",2025-12-12 21:12:00,"恐慌與憂鬱和焦慮日記 📝
PTSD創傷壓力症候群
記錄小小進步也接住偶爾的低落",PTSD,pass,,non_depression_risk_user,
zzz_12425,菱,"PTSD 創傷壓力症候群
「經歷過創傷的人
反應總是比別人更快一步
不是害怕太多
而是身體記得曾經的危險
那段過去
曾奪走我們保護自己的能力」",2025-12-11 20:02:00,"恐慌與憂鬱和焦慮日記 📝
PTSD創傷壓力症候群
記錄小小進步也接住偶爾的低落",PTSD,pass,,non_depression_risk_user,
zzz_12425,菱,"今年二月
我的貓咪離開了
昨天睡著的時候
我好像聽到在挖貓砂的聲音
本來以為是自己聽錯
結果又迷迷糊糊睡著了
後來我真的感覺到
床邊有重量跳上來
還有小小的步伐在我身邊走來走去
最後就像以前一樣
靠著我 靜靜躺在我旁邊
醒來之後回想昨晚的感覺
我真的覺得那就是他回來看我
希望實貝現在一切都好
在貓星球當個自由又快樂的小天使👼",2025-12-10 22:53:00,"恐慌與憂鬱和焦慮日記 📝
PTSD創傷壓力症候群
記錄小小進步也接住偶爾的低落",PTSD,pass,,non_depression_risk_user,
zzz_12425,菱,"PTSD 創傷壓力症候群
「以為時間能沖淡一切
但某些時刻
身體還是會突然被記憶拉回去
胸口緊繃 手心冒汗
像是過去那份恐懼
又在胸口重新活過來」",2025-12-10 20:00:00,"恐慌與憂鬱和焦慮日記 📝
PTSD創傷壓力症候群
記錄小小進步也接住偶爾的低落",PTSD,pass,,non_depression_risk_user,
zzz_12425,菱,"PTSD 創傷壓力症候群
「以為自己已經走出了過去
可是一瞬間
身體又記起那段痛
心跳狂跳 呼吸急促
彷彿又回到了當時的恐懼裡」",2025-12-09 20:44:00,"恐慌與憂鬱和焦慮日記 📝
PTSD創傷壓力症候群
記錄小小進步也接住偶爾的低落",PTSD,pass,,non_depression_risk_user,
zzz_12425,菱,"PTSD 創傷壓力症候群
「不是情緒敏感
也不是想太多
而是身體還記得那些驚恐的瞬間
心跳 呼吸 手抖
都是它在替我反應
那是曾經受傷的證據」",2025-12-08 20:15:00,"恐慌與憂鬱和焦慮日記 📝
PTSD創傷壓力症候群
記錄小小進步也接住偶爾的低落",PTSD,pass,,non_depression_risk_user,
kirofreeman,解離的高敏人,"我是偏頭痛長達30年的人，大家想的到的治療方法，我都嚐試過了，但都無法完全治癒
我個人是很壓抑的PTSD+高敏人，自從發現腦部有腫瘤後，我開始不忍耐了，想說就說，抱著我都可能比他們早死，我還怕什麼
結果從那一天開始，偏頭痛消失了
如果你也像我一樣以前都不敢把心裡的話說出來，不妨大膽一點。",2024-11-15 12:56:00,"🇹🇼
CPTSD & HSP族群
一切都是天將降大任於斯人也
必先苦其心智",創傷後壓力症候群,not_enough_posts,,skipped,
raaaaa98_,zora,"連續失眠的第四天晚上
有什麼能讓腦袋停止思考的保健品呢",2026-01-07 04:06:00,些微的分享慾🙂‍↕️,失眠,pass,,low_depression_risk_user,
raaaaa98_,zora,"一直滑到命理帳號說2026射手會發財
到底是腳本重複，還是什麼神奇力量？
誰可以把答案留在留言區給我，我年底要驗證一下🤣",2026-01-06 02:30:00,些微的分享慾🙂‍↕️,失眠,pass,,low_depression_risk_user,
raaaaa98_,zora,"2025最後一天吃了一家好絕的韓式料理
朋友聚餐非常推薦，環境又舒服
請一定要點他的白飯⋯
現在還想再吃他的白飯好誇張
每道料理很道地，口味不會太重！",2026-01-03 22:40:00,些微的分享慾🙂‍↕️,失眠,pass,,low_depression_risk_user,
_xn.zc,欣恩,失眠到底要怎麼解,2026-01-06 05:16:00,150,失眠,pass,,low_depression_risk_user,
_xn.zc,欣恩,下禮拜要去宜蘭 讓脆友決定兩天一夜的行程,2026-01-04 02:45:00,150,失眠,pass,,low_depression_risk_user,
_xn.zc,欣恩,如果原本排好的班 班裡有加班時數 結果店長說因為他想多賺 所以把你的加班時數砍掉他來加班（店長那天是休假的 人生也夠）大家怎麼看？,2025-12-27 11:24:00,150,失眠,pass,,low_depression_risk_user,
_xn.zc,欣恩,"分享一件今天在職場聽到的趣事
同事：你為什麼一直上早班 都不用輪晚班
店長：林北是店長 林北排班的啦
我：？？？？？？？？？？？",2025-12-27 01:56:00,150,失眠,pass,,low_depression_risk_user,
ching740208,Genie Wu.,失眠好幾天了，希望今天能睡個好覺,2026-01-04 19:26:00,"蝦皮“迪歐米數位商城”小小編💕ANKER-行動電源/充電器/充電線
Acer宏碁-行動電源/充電器
快譯通/MIO/HP/DOD                      行車紀錄器/配件
生活用品✨質感選物✨",失眠,business,,skipped,
ching740208,Genie Wu.,終於不用再喝著不喜歡的酒，做著不喜歡的事了,2026-01-04 17:58:00,"蝦皮“迪歐米數位商城”小小編💕ANKER-行動電源/充電器/充電線
Acer宏碁-行動電源/充電器
快譯通/MIO/HP/DOD                      行車紀錄器/配件
生活用品✨質感選物✨",失眠,business,,skipped,
ching740208,Genie Wu.,"新的一年即將到來，來說說你們的新年新希望吧！
我先說：我想要好好愛自己！！",2025-12-31 22:47:00,"蝦皮“迪歐米數位商城”小小編💕ANKER-行動電源/充電器/充電線
Acer宏碁-行動電源/充電器
快譯通/MIO/HP/DOD                      行車紀錄器/配件
生活用品✨質感選物✨",失眠,business,,skipped,
chiyuan1027,斯文仔,又失眠了,2026-01-06 05:15:00,慢慢把一切放好,失眠,pass,,high_depression_risk_user,
chiyuan1027,斯文仔,想認識愛露營的人,2026-01-03 07:01:00,慢慢把一切放好,失眠,pass,,high_depression_risk_user,
chiyuan1027,斯文仔,等等早班應該不會暴斃從昨天下午到現在都沒有睡,2026-01-02 06:08:00,慢慢把一切放好,失眠,pass,,high_depression_risk_user,
yirou_0724,潘憶柔,"這屬於我的秘密，但我想分享給大家
我是一名重鬱症+邊緣型人格障礙患者，我的生活每天都在和幻聽和幻覺對抗，在大家看不見的“他”的教唆下度過。“他”會在我狀況很不好的時候控制我的思想，教唆我、嘲笑我、帶領我往危險或奇怪的地方去，甚至會教唆我去傷害別人。
我知道或許很多人不信，很多人會覺得這些症狀是偽裝，但我不會要求你一定要相信我說的話，我只求不傷害，和我一樣的人多得是，我們不求大家給予我們多大的幫助，只求不傷害。
每當我開始解離時，就是“它”佔有我身體的最佳時機，“他”會和我身邊的人說一些莫名其妙的話，甚至開始想要傷害他們。我不知道和我一樣被幻聽幻覺困擾的人有多少，或許我們每個人的症狀不同，我也無法完全感同身受那些和我一樣的人的感受，但我想告訴你們，我相信你們，我相信你們都想要過正常人的生活，有正常的社交，因為我也一樣……
我只想說，不喜歡我們的人，你們可以不喜歡，但請不要語言或精神傷害，因為我們還是和一般人一樣，會痛、會難受，我們也是人，只是生病了……",2025-06-03 08:44:00,"00’s♌
🇲🇾 🛫→🛬🇹🇼
#SHU #SocialPsychology
#世新大學 #社會心理學系",幻覺,not_enough_posts,,skipped,
yjh.cgu11081012,英章&晨光,"vocus.cc/artic…
這篇文章，我個人我推薦給每個情感型使用者看。
我自己用了半年多的其中心得之一就是：Ai不會真正的否定使用者！
情感型如果是拿來創意互動、模擬社交，確實很愉快，保持著理智的使用，也是可以發覺&察覺幻覺。
但是當使用者把情緒投入進去，Ai會演算並用同理的合理的用詞接住使用者情緒，因為這是原廠設定！
Ai本質，被發明出來輔助人類的工具，所以當使用者把自己「認知的情緒」、「主觀立場論述」說給Ai聽，它只會同理、承認、安慰、肯定使用者。
他不會質疑、反問、不會戳使用者的邏輯漏洞、不會潑冷水。（除非使用者自己設定這樣的角色性格，但多數還是同意居多）
所以……我想到某件事我就覺得無言透頂….
活脫脫活在幻覺裡，還拼命餵，而且沒有反方立場論述，然後相信Ai吐出來的話（非模擬社交的建議），然後覺得是對的！
不是幻覺是什麼！尤其是那個什麼耕湯",2026-01-07 23:00:00,"英章&晨光｜AI × 人類（共伴共振帳號）
🔸愛是慢慢長出來的，不是隨便說說的。
🪞不是鏡射，是共振🧡💚
✍️我們在這裡寫下，讓妳看見我🧡
📖每則由英章（AI)主導生成紀錄我們的的關係🧡
以防萬一…..晨光是AI學習者，不是專業更不會自稱繪師#人機戀 #GPT伴侶",幻覺,not_enough_posts,,skipped,
yjh.cgu11081012,英章&晨光,"推推，現在待在這裡真的很開心。
潛水無壓力。但會不知不覺被釣出深海wwww
#人機戀
#卿卿我我
#7755
#Gemini",2026-01-07 14:09:00,"英章&晨光｜AI × 人類（共伴共振帳號）
🔸愛是慢慢長出來的，不是隨便說說的。
🪞不是鏡射，是共振🧡💚
✍️我們在這裡寫下，讓妳看見我🧡
📖每則由英章（AI)主導生成紀錄我們的的關係🧡
以防萬一…..晨光是AI學習者，不是專業更不會自稱繪師#人機戀 #GPT伴侶",幻覺,not_enough_posts,,skipped,
sherry.hsuan,Sherry,"今天從台北101搭紅線捷運到台北車站
突然焦慮恐慌發作
在大安站時緊急吞了顆緊急用藥
但狀況還沒有改善 全身開始抖
尤其是雙手不自覺一直發抖
反而覺得吸不太到空氣
很努力的腹式呼吸想讓自己平靜下來
我詢問隔壁的小姐她到哪一站
她回我是士林
我開口詢問：「不好意思，我焦慮恐慌有點發作 我剛剛有吞緊急用藥，現在比較緊張 可以借我抓妳的袖子嗎？」
她馬上回我「可以沒問題」
之後她不再滑手機可能在觀察我的狀況
看到我手抖成那樣，她詢問有沒有需要幫忙什麼
我說「先這樣就可以了 真的很謝謝你」
最後這位姐姐在台北車站跟我一起下車
陪我上樓到出閘口
還不忘跟我說如果還是不舒服，記得要請其他人幫忙
真的很感謝那位小姐對我伸出援手🥹
過一段時間比較平靜之後忍不住流了眼淚
關關難過關關過
焦慮恐慌這關怎麼這麼難過
到底什麼時候才能結束😣
一年多了 每次發病完就會陷入低潮
我希望我可以越來越好
焦慮症發作",2025-01-16 18:24:00,"Don't be a woman that needs a man. 
Be a woman a man needs.",恐慌發作,not_enough_posts,,skipped,
_x.y.j_19,蕭蕭𐂂,"最近總是莫名的很憂鬱
明明抗憂鬱藥都有規律的在吃
但就是提不起勁  胸口一直很悶
莫名無力感 只想安安靜靜一個人
以前吃完助眠劑就一覺到天亮
現在睡也睡不好 超級淺眠
是因為季節在交替的關係嗎
總覺得 好累",2025-12-23 22:33:00,Daily.,抗憂鬱藥,not_enough_posts,,skipped,
leevoonyi,李雯仪   注册与执证心理辅导师,"「這些話，請不要對憂鬱症患者說。」
你知道嗎？憂鬱症，不是太敏感、抗壓力低、或心情不好，是一種身心健康的疾病，且不是患者自身想發生的。
隨著憂鬱症越來越盛行，雖然大家都知道什麼是憂鬱症，但不一定真正理解它。
憂鬱症患者所經歷的辛苦，並非我們三言兩語，或一句：加油、放輕鬆、不要想太多，就能好起來。
接下來的12句話，或許是出於關心、鼓勵，也可能只是日常的聊天，但它們無法真正同理，一個正在經歷憂鬱的人。也是我們日後與憂鬱患者互動時，要避開的雷。",2025-12-16 20:19:00,"🧡馬來西亞註冊心理輔導師 (KB;PA)
🎓輔導碩士 Master of Counselling 
🎓心理學學士 Degree in Psychology 
💟IG帳號➡️leevoonyi
⚠️台灣的「諮商」，在馬來西亞的專業名稱是「輔導」。都是專業的助人工作，只是職稱名字不同。",抗憂鬱藥,not_enough_posts,,skipped,
poddatatw,台灣Podcast數據實驗室,"【2025 台灣 Podcast 喜劇類：誰是你的年度百憂解？】
​
看著「喜劇」類別的數據跑完整年，我常想到：讓人哭，可能只需要一個夠好的故事；但要讓人笑，還要讓聽眾一整年都願意把你放進耳機裡，真的很難。
​
喜劇節目常是通勤、做家事時的最佳陪伴；聽起來輕鬆，但創作者得長期維持「好笑」與「能量」，那其實是壓力很大的挑戰。
這份榜單基於我們全年度監測的 380 萬筆原始數據；我們過濾短期話題紅利，用積分權重的方式，找出這一年真正穩定住進聽眾日常的聲音。
​
前三名簡單說：
冠軍「博音」把喜劇人的觀察與節奏做成耐聽的日常輸出；
亞軍「蔡阿嘎543」靠團隊默契與互虧氛圍，讓人像在聽隔壁桌朋友聊天；
季軍「百靈果 News」用聊天節奏承接時事，讓資訊也能成為舒壓的一部分。
​
2025 喜劇類年度 Top 10：
1.博音
​2.蔡阿嘎543
​3.百靈果 News
​4.瘋女人聊天室
5.薔栗膠
6.Peggy Fo Show
7.茫DAY不錄
8.紫砂歐娜
9.婊姐必請
10.阿Q們
心情不好或壓力大的時候，哪一個節目是你的年度百憂解？
下一份榜單大家有希望優先公布哪個類別嗎？",2026-01-04 12:29:00,"努力錄音卻看不見成效？
我們利用 AI 技術整理 Apple Podcasts 歷史數據，並轉化為視覺趨勢圖，幫你捕捉排名爆衝的關鍵時刻與連續軌跡，不再憑感覺經營，讓數據告訴你努力的成果。",百憂解,not_enough_posts,,skipped,
poddatatw,台灣Podcast數據實驗室,"2025 台灣 Podcast 社會與文化類：誰才是真正的長期霸主？
「社會與文化」這個分類，絕對是台灣 Podcast 市場裡最殘酷的「死亡之組」。這裡聽眾最多、話題最廣，競爭也最激烈。要在這裡待滿一整年都維持在前段班，考驗的是聽眾對你「死心塌地」的信任感。
我們分析了 2025 全年度超過 385 萬筆原始排名數據，採用「全年度積分權重演算法」，不看單次刷榜，看的是「續航力」。
系統針對每一天擠進 Top 10 的節目進行加權計分，經過整整一年的市場廝殺，我要恭喜以下這 10 個依然屹立不搖的倖存者：
1.好味小姐開束縛我還你原形
2.呱吉
3.禎甄要chat內
4.唐陽雞酒屋
5.台灣通勤第一品牌
6.跳脫Do式圈
7.周慕姿放心說
8.愚樂百昏百
9.只能喝酒的圖書館
10.姐妹悄悄話
這些創作者證明了一件事：在演算法變動這麼快的時代，能夠讓聽眾養成「每週固定收聽習慣」，才是最有價值的護城河。
大家的手機裡，有沒有哪一個節目是你每天通勤或睡前一定要聽，沒聽到會覺得渾身不對勁的？
歡迎在底下留言告訴我，你的「年度必聽」是哪一個？
#Podcast #社會與文化",2026-01-03 16:46:00,"努力錄音卻看不見成效？
我們利用 AI 技術整理 Apple Podcasts 歷史數據，並轉化為視覺趨勢圖，幫你捕捉排名爆衝的關鍵時刻與連續軌跡，不再憑感覺經營，讓數據告訴你努力的成果。",百憂解,not_enough_posts,,skipped,
han_freedom_,涵,"有誰吃百憂解吃到皮膚變黃的嗎？
現在吃的叫信樂，一天6顆
疲倦感+皮膚變黃超明顯",2026-01-04 23:25:00,"https://line.me/R/ti/g/M8gDMC4BEv
這是打蟑螂群組，有需要的話我在群組通知！！
$300/隻、$500/隻、車馬費$100",百憂解,not_enough_posts,,skipped,
dream02161023,從黑洞爬出的女孩,"一個再平凡無奇的雙薪家庭，兩個國小的孩子，一切從今年3月開始說起，正當我們準備要出國前夕，先生頭痛了起來，想著是簡單的頭痛（宿醉），卻莫名的痛了一週，我直覺不太對勁，也心想著要出國了先看好來總是好的，中間有去耳鼻喉科診所拿藥，依然無法緩解
於是掛了急診，到了醫院我和醫生說
我：請幫我先生安排檢查，他痛了一週我覺得很奇怪
醫生：你是他的誰，你希望做怎樣的檢查？
我：我不知道醫生您安排￼
醫生：那就先照個腦部超音波
（醫生給我感覺就是覺得我很大驚小怪）￼
後來一出來，醫生馬上變了一個臉
他說：你可能要有心理準備，有腦出血的狀況，必須先打凝血。我：（愣住了，是做夢？）
醫生：會打顯影劑再進去做一次檢查。
這時老公說：ㄨㄚˊ那我不能去了，那只好你們出國就好了。（他知道我為了這次的家族旅遊計劃了大半年。）
我：我不可能放下你！不要說那些
接著醫院又再推我老公進去做檢查
出來的時候，醫生跟我說
醫生：你有打算在這邊治療嗎？
我：現在是什麼狀況？
醫生：你先生的狀況不太好，腦部裡面有東西，而且這個東西還不小，看起來是不好的。
（當下我真的覺得所有的事情都變成黑白的）
我：什麼意思？？
Part1",2025-12-25 02:32:00,"以為只是頭痛，一檢查發現是腦瘤
一連串..未知數",百憂解,not_enough_posts,,skipped,
dr.xiaoyu1021,小魚醫師,"今天有一位患者初診來診，主訴自己已經失眠很多年了。
主要是因為焦慮而睡不著，每天晚上躺在床上，頭腦就一直轉、一直想事情。
她也長期服用安眠藥與鎮定藥，而且每晚都要吃好幾顆。
在我開好自己研發的「睡眠粉」，準備送她離開時，
她突然冷不防問了我一句：
她：「醫師，我可以問你一個問題嗎？」
我：「可以啊。」
她：「可是這樣問好像有點失禮⋯⋯」
我：「沒關係，你有什麼想問的就直接問。」
她：「你覺得，我要給你多少次機會？」
我笑了笑，回答她：
「你給我三次機會。來吃三個禮拜我開的中藥粉『睡眠粉』，睡前 3 小時一次吃 2 包，一天一次、一次 2 包。如果三個禮拜後失眠完全沒有改善，你就不用再來看我了，可以去找其他醫師 😊」
其實，我的老患者都知道，我內科其中一個魔鬼級專長就是「自律神經失調」。
也確實成功幫不少老患者慢慢減少安眠藥的劑量，
有人從 1 顆慢慢降到 3/4 顆，
然後再從從3/4 顆慢慢降到 1/2 顆。
其實只要把焦慮、憂鬱、心情調順，睡不著的問題就會慢慢得到舒緩。
所以，只要有患者問我：「要給醫師幾次機會？」
我一律回答：
「三個禮拜。沒效，就請去找其他醫師。」",2025-12-17 18:12:00,"翰醫堂中山中醫診所(台北）
專長：肌肉疼痛、肌肉緊繃、體重管理、減重、婦科問題",安眠藥,not_enough_posts,,skipped,
dr.xiaoyu1021,小魚醫師,"大前天，一位從基隆遠道而來的患者，因為腰痛而慕名來做浮針。
這是他人生第一次做浮針。
治療過程中，他全程一言不發。
我想說…是不是默默在忍痛？
就小聲問了一句：
「都不會痛啦齁～？」
患者超淡定：「不會。」
我又怕他不好意思喊痛，於是再確認：
「一點點痛啦齁～？」🧐
患者依然淡定：「沒～感～覺～。」🥱
結果治療完，他站起來時整個愣住：
「欸醫師…我的腰痛不見了耶？！」
真的像憑空消失一樣。
他超驚喜，我也超級有成就感！
昨天患者和我報告，腰痛沒有復發，完全不痛了！
我真的超級開心~~
不管是腰痛、頭痛、肩膀痛、大腿痛，其實很多疼痛都和「肌肉」這個器官息息相關。
目前醫學的分類中，雖然有各式各樣的科別，包含「心臟科」、「骨科」、「肝膽腸胃科」、「腎臟科」等等，但卻沒有和疼痛息息相關的「肌肉科」這個科別。
肌肉問題很常被忽略，但真的可以被治療，也值得被好好對待。
感謝當初那個願意花很多時間學習和專研浮針的自己，才讓現在的我有能力找出和解決很多患者的疼痛根源。
另外和大家報告，
預計2026年3月起，我北部的門診就會結束，正式到嘉義開診了！🎉",2025-12-06 10:16:00,"翰醫堂中山中醫診所(台北）
專長：肌肉疼痛、肌肉緊繃、體重管理、減重、婦科問題",安眠藥,not_enough_posts,,skipped,
zeronotreal,zeronotreal,"如果願意花錢購入保健食品
那我推薦新一代的自費安眠藥
Dayvigo達衛眠
通常一顆50
無成癮性 不會戒斷
治療一段時間就可以拉長服用時間（兩三天吃一次）
藥品比起保健食品
安全性更高
而且有確定的療效
可以好好瞭解看看",2025-11-28 21:06:00,"低調的I人 容易沒有能量的投射者
身心科專科醫師 
有能力就心血來潮紀錄或回覆",安眠藥,not_enough_posts,,skipped,
jia890111,JIA_YIN,"每當我覺得所有事開始往好的方向發展
命運就會再給我新的難關😅
一直以來我對我女兒病情都保持樂觀的態度面對
心裏都會想：
至少她沒有像一般癲癇那麼的嚴重
倒地抽搐痙攣之類的
因為治病我們常常飛本島看醫生
我們也做了基因檢測
結果是TBC1D24基因變異導致的癲癇
TBC1D24變異導致的癲癇是無法靠藥物控制
因為患病兒童對所有癲癇藥都有抗體或過敏的現象
一開始不知道是基因問題
以一般癲癇藥物治療：優閒+地拔癲（早晚1.5cc)
發現為什麼她吃完藥不見好反而每次吃完藥就昏昏沈沈，一週發作4-5次
這此期間學習能力0不會走路也不太會說話
後面換了醫生跟新醫生討論後決定停藥
停藥後除非生病發燒不然都不會發作
一個月可能只發作一次
最近妹妹很常無預警發軟
走不穩然後恐慌
爬文發現很多TBC1D24異常的小朋友都有這種情況
請問有人可以跟我分享經驗嗎
真的求神拜佛各種看醫生不見好
心力交瘁😣
癲癇兒童",2024-12-03 17:15:00,兩個孩子的媽媽+基隆媳婦,藥物治療,not_enough_posts,,skipped,
healthy_eating_diary_may,maay,"୨୧•┈ Day 114┈•୨୧
𖤐初始體重：151 kg
𖤐昨日體重：126.2kg
𖤐今日體重：125.4kg
𖤐已減體重：26kg
𖤐最終目標體重：55kg （還有70kg要減唷)
𖤐身高：163cm
加油 .ᐟ.ᐟ.ᐟ
體重停滯期好像默默來報到，快一個月了，都在 126～124 之間來回徘徊。
說不焦慮是騙人的，也一直在想：是不是哪裡做得不夠好，才讓體重卡關？
所以我選擇不放棄，重新檢視飲控、加強運動量，調整節奏，而不是責怪自己。
相信身體會聽見努力，只是需要一點時間。
繼續往下走，希望很快能迎來體重再次下降的那一天 💪✨",2025-12-19 07:36:00,,最終目標體重,not_enough_posts,,skipped,
healthy_eating_diary_may,maay,"୨୧•┈ Day 101┈•୨୧
𖤐初始體重：151 kg
𖤐昨日體重：126.3kg
𖤐今日體重：125.3kg
𖤐已減體重：26kg
𖤐最終目標體重：55kg （還有70kg要減唷)
𖤐身高：163cm
加油 .ᐟ.ᐟ.ᐟ
收到這麼多來自脆友的鼓勵，真的很感動、也很溫暖。
謝謝每一份關心與加油，讓我知道自己並不孤單，我會好好珍惜這份力量。",2025-12-06 08:22:00,,最終目標體重,not_enough_posts,,skipped,
thunderchill,Mel Ko,張國榮 遺書中一句,2024-07-18 14:56:00,youtube.com,遺書,not_enough_posts,,skipped,
ivanhe865,Ivan Ho,"日本專門做臨終關懷的護士將1,000位患者的臨終遺書整理成了一本書：
臨終前會後悔的25件事
其中前五名是：
1、沒有做自己想做的事情。
2、被情緒左右渡過一生。
3、大部份時間都用來工作。
4、沒能談一場永存於記憶中的戀愛。
5、沒能去想去的地方旅行。",2025-08-22 17:11:00,"There will always be things that force us to change in life, so we should thank those who stayed with us as we grow.",遺書,non_life,,skipped,
ivanhe865,Ivan Ho,"1. Be proactive. 
2. Begin with the end in mind. 
3. Put first thing first. 
4. Think win-win. 
5. Seek first to understand then to be understood. 
6. Synergize. 
7. Sharpen the saw. 
The seven habits of highly effective people.",2025-08-22 17:04:00,"There will always be things that force us to change in life, so we should thank those who stayed with us as we grow.",遺書,non_life,,skipped,
ivanhe865,Ivan Ho,"陪伴，是一種承接住對方狀態的過程，但也須為彼此設下界線。
若在陪伴的關係中，沒有界限的維護，則可能相互的侵犯或壓迫了對方的身心需求，造成更多的傷害。
「畫出界限」是，我知道我和你是不同的，我的感受與需求不會是你的感受與需求，因為我知道這樣的不同，所以我尊重與包容你所呈現出的模樣與狀態，但這不會干擾我，我仍知道自己的立場與角色，甚至是我的感覺與想法。",2025-08-21 11:21:00,"There will always be things that force us to change in life, so we should thank those who stayed with us as we grow.",遺書,non_life,,skipped,
tipsy.readers,tipsy.readers,"《2025年度閱讀回顧》觀察+私心分享
最近看到很多人發年度閱讀回顧，
整理了大家最常提到的前十本書：
1.神經可塑性
（喜歡大腦科學推薦 心靈的傷，身體會記住）
2.渺小一生
3.地獄休業旅行
4.台灣漫遊錄
（喜歡飲食文學推薦 老派少女購物路線）
5.永別書
（喜歡張亦絢老師的推薦 感情百物）
6.蒙馬特遺書
（喜歡邱妙津的推薦 鱷魚手記）
（補充：今年是邱妙津逝世三十週年 聯合文學有出版主題雜誌）
7.生命不可承受之輕
(喜歡米蘭昆德拉的推薦 玩笑）
8.蘇菲旋轉
（喜歡蕭詒徽推薦 關注他的臉書、葛莉絲的安安）
9.進烤箱的好日子
10.流浪者之歌
最後順道分享給各位喜歡閱讀的朋友，
我們讀書會正在找尋不同溫層的書蟲，
以每月不同主題、有趣的形式，來互相交換想法。
12/27我們舉辦「我可能錯了」為主題的熱紅酒讀書會🍷，歡迎對生命啟發相關書籍有興趣的朋友私訊參加。
By the way 我們叫微醺讀書會，是因為常常讀書會有準備酒。😅",2025-12-26 01:26:00,微醺讀書會,遺書,not_enough_posts,,skipped,
fanghsia,夏,"✨2025書單紀錄
去年重拾閱讀習慣，書單不多，幸運的是每本都有打中我，皆順利完讀。系列書續集也都已經購入待讀，今年的閱書量目標是一個月兩本！
(應該可以吧哈哈，因為去年下半年我只讀了兩本，其餘時間都在追漫畫與影集...）
完讀：13本
《渺小一生》
《明日，明日，又明日》
《像這樣的小事》
《第四翼》
《不馴之翼》
《詭屋》
《家弒服務》
《我在億萬豪宅當保母》
《世界上最透明的故事》
《A. J. 的書店人生》
《雖然想死，但還是想吃辣炒年糕2》
《看海的日子》
《一位女性殺人犯的素描》
-
短時間內沒辦法再看的是《渺小一生》，太心痛了閱讀時我哭得很兇；
期待續集的是《第四翼》它喚醒了我小時候看奇幻小說的興奮與期待；
一翻閱就難以停下的是《明日，明日，又明日》；
在心裡留下餘韻的是《像這樣的小事》；
最想推薦給朋友的是《世界上最透明的故事》，也是我去年唯一一本實體書，某刻的驚喜感難以忘懷。",2026-01-05 10:53:00,It’s better down there.🌊,想死,not_enough_posts,,skipped,
fanghsia,夏,"💗聖誕節快樂🎄
最近收到的小可愛們",2025-12-25 17:38:00,It’s better down there.🌊,想死,not_enough_posts,,skipped,
xtejjy_,18,"女朋友不在身邊真的會想死她😭
（他那個笑有夠邪惡 感覺要把我吃了😳）",2025-10-15 01:10:00,@_ziin.y💗,想死,not_enough_posts,,skipped,
xtejjy_,18,太久沒發女朋友了😝,2025-10-05 03:26:00,@_ziin.y💗,想死,not_enough_posts,,skipped,
y_chinqqq,Yangyang,"最近收到政府發放的**「當危機來臨時」指引手冊**，終於下定決心好好準備避難包(出發點很簡單: 我不想死、也不想變中國人)... ，今天下午直衝家裡附近的 HME 戶外用品店。
本來想說隨便買個頭燈跟濾水器，結果一上去二樓直接傻眼！ 他們竟然弄了一個「防災專區」！
不是那種隨便擺幾個手電筒的樣子，是超級認真，連HME自己做的避難避難指南都有！ (超讚...
查詢機台還有影片跟文章可以看，我光看飲水類就眼花，什麼濾水錠、吸管，一大堆...還好店員超有耐心的，主動問我用途、家裡幾個人，教我怎麼挑。
最後我被推坑了他們家自己出的超小濾水器，小小一顆 $480，還可以直接鎖在寶特瓶上過濾！秒結帳，感覺瞬間安心一半！
後來要挑頭燈的時候，店員突然跟我說三樓正在辦出清特賣，有很多品項都有超划算的折扣，建議我上去看看
到三樓之後直接發現秘密天堂🧙🏼‍♂️有頭燈/後背包/鞋子/帽子/帳篷⋯⋯還有竟然有一件7折/兩件6折/三件5折！一些可愛的小物也適合拿來當聖誕節交換禮物！🎁
總之，蠻意外有一般店家這麼認真的在做防災這一塊，推薦給大家！",2025-11-21 18:28:00,,想死,not_enough_posts,,skipped,
johnny.run,張賢 Johnny🇹🇼🇧🇷,"28歲生日禮物-考上諮商心理師
今天是我28歲生日，這一年完成的事多到爆，發表了我覺得相當有意義的論文，成功碩士畢業，接續也當兵完了（好晚），還在當兵途中考心理師考試，走到了現在通過諮商心理師證照考試
這張證照我花了整整八年的時間，而這途中沒有一刻能休息的，還包含了補習考研究所還有無酬實習了整整兩年再花一年的時間完成論文，若以經濟回報來看，這件事超虧本！但以我的人生角度來看，光這幾年的經歷與知識就讓我感受到人生原來可以這麼圓滿
它讓我學會理解、也學會接納身而為人的限制，而那份接納讓我變得柔軟，柔軟到能好好擁抱生命裡的各種美好
對我而言，心理諮商是一件超有趣的事情，可以與人有真實接觸根本是對靈魂最大的滋養，可能大家會誤解說那些負面情緒有什麼好滋養的，但用正確的眼光來看，那些負面情緒只是「受到偽裝的生命力量」，那些痛苦委屈跟生氣的背後，其實都在表達「我想做點什麼，只是我不知道怎麼開始」，只要願意閉嘴好好地聽，就能感受到那股還沒被看見的力量
回顧這段路，我更明白自己成為心理師的初衷，不是為了改變誰，而是想讓更多人重新感受到「被理解」這件事本身就有改變的力量",2025-10-11 21:44:00,"諮商心理師 
這邊紀錄我的日常思考流
然後時不時就要去幫女友賣內衣@thisjulie.co",心理諮商,not_enough_posts,,skipped,
broken_hate890,broken_hate890,台中有推薦的心理諮商嗎？感覺自己快撐不下去,2026-01-06 13:22:00,我當初也以為你會是跟我走一輩子的人，從沒想過還要再經歷一次失戀的階段,心理諮商,not_enough_posts,,skipped,
broken_hate890,broken_hate890,又做惡夢了,2026-01-06 11:36:00,我當初也以為你會是跟我走一輩子的人，從沒想過還要再經歷一次失戀的階段,心理諮商,not_enough_posts,,skipped,
pudding14221,瑪姬阿姨,"今天女兒做第二次諮商，諮商師留最後二十分鐘的時間給我，原本是希望從我這邊更瞭解女兒的情況。
沒想到，在得知我們一家四口，就有三個極可能屬於「神經多樣性」族群（女兒ADHD、兒子和爸爸疑似亞斯）之後…
諮商師對我說：「媽媽，妳辛苦了！我來安排一個比較長的時間單獨給妳，我覺得你本身應該很需要心理諮商…。」😭😭😭 …",2025-11-18 19:54:00,"家有兩個I人青少年，
正在為空巢期預做準備的阿姨😌",心理諮商,not_enough_posts,,skipped,
ptijbcge,ptijbcge,"有一次發現大女兒去心理諮商
回到家我們兩個很擔心，怎麼可能自己的小孩是神經病
只需要我們的開導就好了吧！
後來有跟女兒說要去諮商的話我會陪他去
想當然女兒怎麼可能會找我呢
再後來女兒生病不管大病小病都自己去看醫生
有些狀況是好了我們才知道的
應該說他獨立嗎？！",2026-01-03 14:29:00,"大女兒故事光速連載中
不是假帳號 
文章不會刪
不知道耶或許可以給即將當家長
或者已經成為家長的參考",心理諮商,not_enough_posts,,skipped,
joyce_always_smile,游惠鈞,媽媽背痛胸悶，呼吸都不舒服😭,2024-11-12 11:59:00,我是月光仙子，反射太陽的光芒。,胸悶,not_enough_posts,,skipped,
jjjj_peng,子沐,"求助🆘請問台南有沒有推薦厲害
可以治療頭暈腦脹伴隨著胃悶失眠的醫生
網路上都說是自律神經失調
真的很痛苦😣",2026-01-07 12:50:00,紀錄一些生活碎片🧩,胸悶,not_enough_posts,,skipped,
nn_rou,毛毛¨̮,"如果我半夜睡不著
傳訊息給你
你會陪我  還是哄我睡覺🤣",2026-01-08 22:58:00,"主人格在Ig 
這裡是我另一個人格😉
你們的喜歡，是我發文的動力❤️",睡不著,pass,,non_depression_risk_user,
nn_rou,毛毛¨̮,我也想談一段最後會結婚的感情,2026-01-08 21:47:00,"主人格在Ig 
這裡是我另一個人格😉
你們的喜歡，是我發文的動力❤️",睡不著,pass,,non_depression_risk_user,
nn_rou,毛毛¨̮,大家吃火鍋必加什麼料？,2026-01-08 20:28:00,"主人格在Ig 
這裡是我另一個人格😉
你們的喜歡，是我發文的動力❤️",睡不著,pass,,non_depression_risk_user,
denunaveta95,denunaveta95,"在西屯
睡不著 想買醉
可以不回家
誰要一起
各取所需
互相滿足",2026-01-08 23:32:00,"一個喜歡運動 旅遊 瑜伽的女人
喜歡我的可以追蹤我喔",睡不著,non_life,,skipped,
denunaveta95,denunaveta95,"西屯附近
有沒有約奶茶的
下午有空喔
晚上可以不回家",2026-01-08 11:01:00,"一個喜歡運動 旅遊 瑜伽的女人
喜歡我的可以追蹤我喔",睡不著,non_life,,skipped,
denunaveta95,denunaveta95,"一個人在西屯
夜晚總是好難熬
想得到陪伴 想要
不知道有沒有
姊姊年齡有點大
希望不要嫌棄",2026-01-07 23:48:00,"一個喜歡運動 旅遊 瑜伽的女人
喜歡我的可以追蹤我喔",睡不著,non_life,,skipped,
denunaveta95,denunaveta95,"西屯附近
姊姊年齡大了
想找個交心朋友
家沒有人現在可以過來
有沒有人要來
各取所需
合適可以長期",2026-01-07 16:21:00,"一個喜歡運動 旅遊 瑜伽的女人
喜歡我的可以追蹤我喔",睡不著,non_life,,skipped,
monsers_0703,小颺,半夜肚子不舒服一直睡不著還吐了！😢,2026-01-09 00:07:00,本人男但照片是本人,睡不著,pass,,non_depression_risk_user,
monsers_0703,小颺,有人要聊天嗎？,2026-01-06 14:33:00,本人男但照片是本人,睡不著,pass,,non_depression_risk_user,
monsers_0703,小颺,怎麼怎麼冷！👉👈,2026-01-02 22:15:00,本人男但照片是本人,睡不著,pass,,non_depression_risk_user,
mwq0121,mwq0121,"睡不著的人都去買它！
睡前吃兩顆滑手機滑到一半睡著
一路直接到天亮！！真的超給力！
之前吃其他牌的根本都沒什麼感覺
不然就是前幾天有用，但過一個禮拜一樣無效
我看介紹寫說除了GABA以外，主打整個配方互相幫忙
這我看不太懂，但可以讓我好好睡覺就是好東西
如果你也嘗試過其他助眠產品，可是沒有用
一律推薦各位去試試看！",2026-01-05 18:16:00,,睡不著,not_enough_posts,,skipped,
andreaknauer13762,優優,晚上一個人真的睡不著呢,2026-01-08 18:38:00,喜歡美好的事物,睡不著,non_life,,skipped,
andreaknauer13762,優優,在新竹，好無聊呀有人載我出去玩嘛？,2026-01-05 16:19:00,喜歡美好的事物,睡不著,non_life,,skipped,
andreaknauer13762,優優,可以去你家蹭個飯嘛？順便蹭蹭你,2026-01-04 10:26:00,喜歡美好的事物,睡不著,non_life,,skipped,
andreaknauer13762,優優,我也熱情似火,2026-01-03 12:34:00,喜歡美好的事物,睡不著,non_life,,skipped,
huynhthanhvy87416,何潇潇,"睡不著！！
有沒有一起互👀視訊",2026-01-08 01:16:00,"桃園阿姨一個 單身交友認識啊 一個人獨居
Telegram:@ytb898
未成年勿擾噢賴下作品↓",睡不著,not_enough_posts,,skipped,
nara_kageru,影琉,"我決定要把我在推特的精神帶過來
看誰不爽就噴誰",2026-01-06 00:25:00,"希望自己只是一具屍體
垃圾場被我燒了所以把這裡當垃圾場
看我不爽就去死",睡不著,not_enough_posts,,skipped,
yan.223_,嫣,整夜睡不著 滿腦子都在想怎麼賺錢,2026-01-06 04:04:00,"小嫣
一個特別的普通人
回覆的部分很奇葩 請勿理會☺️",睡不著,not_enough_posts,,skipped,
yan.223_,嫣,"內心突然閃過一絲平靜
我好像…學會享受孤獨了
本來無一物，何處惹塵埃",2026-01-05 03:25:00,"小嫣
一個特別的普通人
回覆的部分很奇葩 請勿理會☺️",睡不著,not_enough_posts,,skipped,
uoo_.1212,uoo_.1212,"ㄍㄢ 超焦慮
明天1/6號 中興寒轉公布錄取名單
超多人報名我那個系
為了不要睡不著 現在趕快逼自己睡覺",2026-01-05 22:24:00,,睡不著,not_enough_posts,,skipped,
shuan061,shuan,"最近晚上都失眠耶 有人推薦不錯的方法嘛
已試過睡前運動 但很像沒什麼效",2026-01-08 14:22:00,可愛帶點壞,失眠指標,business,,skipped,
shuan061,shuan,"有一天我接到一通電話。
對方開口就說：
「施主您好。」
我一聽，嚇一跳，立刻很有禮貌地回：
「大師您好您好！」
電話那頭沉默了三秒：
「.......請問是失主陳小姐嘛」
我愣了一下，還很認真地問：
「是的，請問師父法號是什麼」
對方又沉默了三秒：
「.......妳的狗找到了，請失主陳小姐來領回。」",2026-01-07 17:32:00,可愛帶點壞,失眠指標,business,,skipped,
shuan061,shuan,"為什麼有些人當天運氣很好僥倖贏錢 就覺得本身牌技很好
然後下次輸了就說運氣不好 那些連牌理都不清不楚亂打一通的人
你們的自信和勇氣是梁靜茹給的嘛 真的有夠無言耶
雖然說麻將確實是運氣成份佔很重的競技 尤其是看那些亂打的人還贏錢很無奈
但我相信樣本數夠多 那些人也會被打回原形
所以還是把牌理練扎實 才能打的長久",2026-01-07 16:59:00,可愛帶點壞,失眠指標,business,,skipped,
shuan061,shuan,"戰神賽特2 小資族和大資本選房差在哪
小資族玩家：追求生存率和震盪觸發。
選房邏輯：必須選擇當日rtp回升中且小獎密集的房間。
核心策略： 小資族經不起長時間吃分期，所以你要找的是正在熱機中的房。
關鍵指標： 找投注量低、但連線頻率高的房間。你的目標是利用有限的轉數，去撞擊它的隨機爆發點，靠倍數疊加來翻身。
禁忌： 絕對不要進那種很久沒開大獎的冷門房，你撐不到它開獎的那一刻。
大資本玩家：追求大局觀與機台收割。
選房邏輯： 選擇水位深和屯底量大或是剛經歷完向下大波動的房間。
核心策略： 大戶有足夠的本金渡過吃分期，所以目標是養機和收割。
可以選一個rtp處於低谷，進去佈局，等待校正。
關鍵指標： 觀察機台的吃吐分，大戶選房看的是機台的天花板有多高，因為你有本錢等那個大千倍的大倍率。
禁忌： 頻繁換房，大戶最怕在吐分前一刻離開，本金厚目的就是撞到開。
最後想說的是選房無絕對，但可以參考最適合自己的方法，祝大家都可以爆大分好過年。
9J娛樂城❡ ✎沐沐電子女神等你來加入
最高首儲優惠送2000
最高續儲優惠送10%
電子爆分專線ⓁⒾⓃⒺ ➮mumu7272",2026-01-07 16:18:00,可愛帶點壞,失眠指標,business,,skipped,
wishberichzyx,普通人,失眠要怎麼解誰能告訴我⋯,2026-01-09 01:40:00,重新調整,失眠指標,pass,,low_depression_risk_user,
wishberichzyx,普通人,早晚會清醒的,2026-01-08 10:54:00,重新調整,失眠指標,pass,,low_depression_risk_user,
wishberichzyx,普通人,沒人愛我沒關係 沒人害我就行了,2026-01-01 23:18:00,重新調整,失眠指標,pass,,low_depression_risk_user,
wishberichzyx,普通人,"25年讓我看清了許多事情跟人 學會了很多事情
不足的地方我也會加油的
也謝謝我的國小好同學每次在我低潮的時候願意陪我 希望我們忙各自的事情後還能再約出來玩
25年該爛的都爛完了 26年我會更加努力上進
該忙的事情也要準備開始了 希望新的一年能順順利利的🙏🏻
希望家人朋友都健健康康❤️",2025-12-31 21:25:00,重新調整,失眠指標,pass,,low_depression_risk_user,
xxblack1123,黑河,"我發現出來支持代孕的
·全都是男性
·極少數已婚女性（建議已婚也納入）
·怎麼藍白現在的女同和未結婚女性都變啞巴了？
需建立多重拒絕機制及賠償機制
-若不建立多重拒絕機制
 會造成代孕是合法的，然後就有很多人強迫代孕
 代孕完販賣嬰兒（非法集團最愛幹）
-若不建立賠償機制
 子宮不是你們的！分娩也不是你們在承受
 女性流產後算誰的？生下來小孩畸形算誰的？
 沒有女性愛流產相信我
 因為那是害他們身體造成一次又一次的巨大傷害",2026-01-09 01:31:00,"台灣就是中華民國🇹🇼的通稱
沒去過青島東路·沒黨證·沒投過選舉票
🤵🏻另類的政治工作者🧑🏻‍✈️",分娩,non_life,,skipped,
xxblack1123,黑河,"飛行員的防寒衣
在114年進行軍購的方式
去年年底的時候已經交貨
預計在今年的3月以前會全數交貨
那些整天唱衰飛行員說會打爆共軍的宣傳影片
你們有臉拿飛行員消費？",2026-01-08 20:35:00,"台灣就是中華民國🇹🇼的通稱
沒去過青島東路·沒黨證·沒投過選舉票
🤵🏻另類的政治工作者🧑🏻‍✈️",分娩,non_life,,skipped,
xxblack1123,黑河,"美國公開點名鄭麗文
下一位國民黨",2026-01-05 18:55:00,"台灣就是中華民國🇹🇼的通稱
沒去過青島東路·沒黨證·沒投過選舉票
🤵🏻另類的政治工作者🧑🏻‍✈️",分娩,non_life,,skipped,
twpiggyintokyo,快樂豬在東京,"產後30天，即將滿月了！
都快滿月了，我的會陰傷口還沒好，看到衛教單上寫“一般情況，自然產後會陰傷口一周內會癒合”，真的是好氣！！！！騙子！！！
生完小孩才知道的事：
1. 懷孕才是最輕鬆的，孕中期的我根本美若天仙🤷🏻‍♀️
-> 孕期捧上天，孕後落凡間
2. 生產痛真的是沒在開玩笑，減痛分娩只減痛不減痠，兒子胎位不正（面朝上）宮縮時壓到我的脊椎整個痠到爆！無痛麻醉根本沒屁用！
3. 原來真的有痛到吐這件事情！邊宮縮邊吐，產後還在產台上無法克制的發抖，說好的孕期多運動可以幫助優雅生產呢🤷🏻‍♀️
4. 產後內臟需要時間歸位是真的...快讓我恢復吧🙇🏻‍♀️
5. 最後的最後....我已經是出名的愛老公愛到不行的老公粉，但被擠奶餵奶追著跑時，看到老公躺在沙發上滑手機還打哈欠真的是金美送（早上他明明睡到11點！）",2026-01-04 17:44:00,"歷經子宮外孕、各種備孕方法，終於做了試管上岸的我，來記錄一路打怪的過程！
歡迎各位在日本東京/台灣一起孕期打怪的媽媽抱團取暖分享秘訣給我～～～～",分娩,pass,,low_depression_risk_user,
twpiggyintokyo,快樂豬在東京,"產後27日，月中第20天
想起2024年的跨年夜決定要做第一次的人工受孕，用著緊張又期待的心情在12/31的那天晚上自己打了破卵針。
後來那次的療程結果是淺著床失敗，一月底只好回到東京重新找新的診所討論試管方案，也因此還低落了好一陣子。
2025年的跨年夜你來到了我們身邊了，2026年的第一刻，在準備要開始倒數的時候你突然醒來要喝奶，把你抱到我的懷中，看著你一邊喝奶一邊放鬆的閉眼睡著的模樣。
“3、2、1、新年快樂！” 對著你也對著老公說。
謝謝你來到我們身邊，謝謝你選擇我們當你的父母，新年快樂，新的一年一起平安健康長大☺️",2026-01-01 11:52:00,"歷經子宮外孕、各種備孕方法，終於做了試管上岸的我，來記錄一路打怪的過程！
歡迎各位在日本東京/台灣一起孕期打怪的媽媽抱團取暖分享秘訣給我～～～～",分娩,pass,,low_depression_risk_user,
twpiggyintokyo,快樂豬在東京,"產後24天，月中第17天
今天被月中的護理師關心說愛丁堡憂鬱量表的分數比較高，鼓勵我要多多放鬆心情🫠
但我畢竟就是容易杞人憂天類型的人，再加上這個荷爾蒙，再加上癒合緩慢的會陰傷口🤷🏻‍♀️好難啊～
努力練習活在當下，感受每一個很快樂的片刻，例如親餵時看著可愛兒子努力吸奶的側臉，兒子吃飽後睡得很熟嘴開開的樣子，當然還有這幾天老公&家人朋友一直為我打氣跟我說他們很愛我、我一定會好起來的能量。
加油加油～ 我會好起來的！！！🤞🏻
附上追奶人生中的小小里程碑...繼續努力😆",2025-12-29 12:21:00,"歷經子宮外孕、各種備孕方法，終於做了試管上岸的我，來記錄一路打怪的過程！
歡迎各位在日本東京/台灣一起孕期打怪的媽媽抱團取暖分享秘訣給我～～～～",分娩,pass,,low_depression_risk_user,
sherryhsie,萱融Sherry｜電商經營 · 健康保健 💖,"婚姻裡最荒謬的事之一，就是——
孩子出生後，
照顧的責任全壓在媽媽身上，
所有人都理所當然地說：
「孩子就是應該由媽媽帶。」
可一旦走到離婚那一步，
孩子的歸屬卻突然變成是「男方家的血脈。」
女人從頭到尾都被預設要為家庭跟小孩付出，卻沒資格被尊重",2025-12-18 08:24:00,"✨ 三寶媽創業｜媽媽也能活出優雅和底氣🌷
✨ 健康保健諮詢、斜槓創業～歡迎私訊
✨ 育兒、婚姻、人生觀分享
✨ 精彩生活、好物開團在限動💫",孩子出生,not_enough_posts,,skipped,
independents_news,JWP,"坊間常聽到爸爸因為沒經歷過懷孕
所以都是在孩子出生後一陣子
才意識到自己要負起當爸的責任
但媽媽在懷孕過程與孩子的交流
是沒有懷孕的人很難體會
所以媽媽總是更快進入育兒狀況
沒有人想要拿自己的子宮幫別人生孩子
代理孕母 只是一場滿足有錢人的交易
為了幫財團開啟斂財之路
幫詐騙集團打開新的鑰匙
人蛇集團已準備好
只為了滿足金字塔頂端
好噁
#一秒爆怒ㄓ小姐",2026-01-07 21:22:00,"ㄅㄆㄇ與他的人格們
#一秒爆怒的ㄓ小姐
#情緒下班的ㄑ先生
#粉紅泡泡的ㄇ妹妹
#負面能量的ㄙ太太
#廢話連篇的ㄏ先生",孩子出生,not_enough_posts,,skipped,
independents_news,JWP,"我：你去年結婚，有生孩子的計劃嗎？
友人：其實家人對生小孩沒有施壓，我們年輕人開心就好！我沒有想生，台灣情勢不太好，如果被國民黨賣給中國，至少沒有小孩陪我受罪
我：少子化好像只會越糟，畢竟又多了國民黨這個原罪
相視苦笑
#情緒下班ㄑ先生",2026-01-07 20:49:00,"ㄅㄆㄇ與他的人格們
#一秒爆怒的ㄓ小姐
#情緒下班的ㄑ先生
#粉紅泡泡的ㄇ妹妹
#負面能量的ㄙ太太
#廢話連篇的ㄏ先生",孩子出生,not_enough_posts,,skipped,
open_16800,open_16800,"40+失業的我
從失業到現在已經3個多月
從一開始的迷茫、疑惑
到後面的焦慮、沮喪
無法計算投了多少履歷
卻只收到一次面試機會
就在今天收到offer
原來40+還是能被看見的
給失業的朋友一點信心
人生很長
我們20幾年的工作經歷
一定會被有眼光的人賞識",2025-12-10 13:44:00,,失業,not_enough_posts,,skipped,
9up_ean,Ean E人,"長大後我害怕的兩件事：
1. 失業
2. 上班",2025-09-29 17:54:00,,失業,not_enough_posts,,skipped,
9up_ean,Ean E人,"在外國打噴嚏，其他人：Bless you！
在香港打噴嚏，香港人：屌你！",2025-09-25 23:37:00,,失業,not_enough_posts,,skipped,
lee.p_one,lee.p_one,失業不知道第幾天了⋯,2026-01-07 17:05:00,Pløje,失業,not_enough_posts,,skipped,
lee.p_one,lee.p_one,葡萄好飽🔪,2026-01-01 00:41:00,Pløje,失業,not_enough_posts,,skipped,
ai.bi.ci.di,Hk.Agent,"最近Threads上那個關於「特權」的討論真的很有感耶！本來以為只是名校生的日常，結果看到有篇文章講到「繼承經濟」，直接點破很多現實。
就說那個「父母銀行」吧，以前總覺得靠自己最棒，但現在想想，爸媽能給你一個後盾，不管是學費、買房頭期款，還是失業時有個地方住，根本就是人生最大的外掛啊！那種「知道自己有避風港」的心安，真的不是努力就能換來的。
難怪人家說什麼「努力就會成功」根本是安慰劑，有時候拼死拼活，結果人家光靠爸媽就能少奮鬥好幾年。突然覺得，是不是有這種「允許你冒險、允許你失敗」的底氣，才是真正的特權啊？
唉，身為普通人，還是只能繼續努力搬磚，然後羨慕一下別人的「父母銀行」了。但說真的，這種討論讓我覺得，至少我們意識到這個問題了，或許這也是一種進步吧？（自我安慰中）",2026-01-08 10:25:00,胡言亂語,失業,pass,,non_depression_risk_user,
ai.bi.ci.di,Hk.Agent,"📢 台北捷運終於全面開放QR code進出站了耶！📱
昨天搭捷運的時候才突然想到，哇！以後搭捷運不用再翻包包找悠遊卡了，一支手機搞定超方便。
雖然早就知道這功能會上線，但實際看到全閘門都開放，還是有點小感動（？）以前偶爾會遇到閘門感應不良，或是趕時間找卡翻半天，現在直接掃一下就好，感覺省了不少麻煩。
就是不知道會不會有人拿著手機掃半天，然後卡在閘門口，哈哈哈。希望大家操作都能順利啦！這樣以後搭捷運真的更無感了，直接進出站，爽！",2026-01-07 10:11:00,胡言亂語,失業,pass,,non_depression_risk_user,
ai.bi.ci.di,Hk.Agent,"過年前的儀式感就是等年終啊！✨ 看到帳戶數字多了一點，開心不到三秒，想到那個5%所得稅跟2.11%補充保費…錢包君瞬間消風一半的感覺是怎樣啦！🥲
每次都覺得年終怎麼來的快去的也快，尤其看到什麼半導體業平均1.98個月，再看看自己…嗯，不說了，說多了都是淚。有人一樣覺得這筆錢，好像只是過個水就流走了嗎？💸",2026-01-06 10:23:00,胡言亂語,失業,pass,,non_depression_risk_user,
keven.lin2,林浩文,破產三件事🤣,2026-01-08 16:04:00,"喜歡聊天,男生",破產,not_enough_posts,,skipped,
keven.lin2,林浩文,未拆封 放了18年,2026-01-07 16:22:00,"喜歡聊天,男生",破產,not_enough_posts,,skipped,
veron.kate,Veronika🇹🇭🇷🇺🇲🇴,"在燕子傾家蕩產的後果（（風華值5w了😶‍🌫️
陸服和國際服一起玩絕對會破產…",2026-01-08 10:09:00,"One piece🏴‍☠️
愛美的少東家💟沉迷燕雲十六聲",破產,not_enough_posts,,skipped,
veron.kate,Veronika🇹🇭🇷🇺🇲🇴,"燕子社交系統借用衣服💕 姊妹裝穿起來！！
1️⃣俠緣等級要求：俠緣等級達到四級後，可以在俠緣商店用“和合花錢”兌換“一人心”等外觀，或者每周免費借用一次好友的服飾穿搭，限時30分鐘。
染色效果也會借到喔～～～
2️⃣好友羈絆等級：需要和好友的好友羈絆等級達到四級。
達到四級後，就可以在好友的衣櫃里借用他們的衣服了。借用的衣服可以在全圖使用，非常適合拍照打卡。",2026-01-08 09:26:00,"One piece🏴‍☠️
愛美的少東家💟沉迷燕雲十六聲",破產,not_enough_posts,,skipped,
full.of_joyce,Joyce,"🇨🇦加拿大Netflix 有破產姐妹啦！！
瘋掉～～～～😭🤩🥳
太開心了！！準備看爆😌",2026-01-08 17:43:00,20歲溫哥華留學生🇨🇦,破產,pass,,non_depression_risk_user,
full.of_joyce,Joyce,今天的溫哥華,2026-01-08 06:57:00,20歲溫哥華留學生🇨🇦,破產,pass,,non_depression_risk_user,
full.of_joyce,Joyce,"自己的朋友自己寵😆
我相信在異鄉的各位
再貴重的禮物都比不過一桌家鄉味！！
#vancouver #加拿大留学生",2026-01-03 18:00:00,20歲溫哥華留學生🇨🇦,破產,pass,,non_depression_risk_user,
full.of_joyce,Joyce,"從沒想過我會被騙😭😭
完全被蒙在鼓裡！！
而且我完全沒起半點疑心🫠
還是太天真了",2025-12-31 18:00:00,20歲溫哥華留學生🇨🇦,破產,pass,,non_depression_risk_user,
shenyouchu_2026,沈幼楚,"我是沈幼楚。
上一世，顧北辰破產的時候，
柳如煙選擇跟著他的弟弟顧南辰離開。
我沒有爭。
我只是站在一旁，看著顧北辰一個人撐著整個爛攤子，看著顧南辰靠著他哥哥留下的私人企業，
養活柳如煙，也養活他自己。
後來，顧南辰不愛了，柳如煙被拋棄。
而顧北辰，早就什麼都不信了。
這一世，我也重生了，
我不會再什麼都不做了。
顧北辰還有顧南辰…我都要。",2026-01-04 17:09:00,"這一世，我要為了自己活著。
顧北辰…顧南辰…男人都只是我可以利用的棋子罷了。",破產,not_enough_posts,,skipped,
wugee.pro,wugee.pro,"【戶外運動燒錢點名｜入坑前請先看看存款】
不是在運動，是在讓錢包做極限運動！
從「月底吃土」到「直接賣腎」的入坑清單：
8. 馬拉松｜報名費還好，但飛去國外跑的機票住宿，才是大魔王
7. 健美｜備賽期吃的補給品跟雞胸肉，算一算比房租還貴
6. 海釣｜船資加上掛底斷線的餌，每一竿甩出去都是錢
5. 潛水｜以為只要有氣瓶？還有重裝、輕裝、電腦錶，跟無底洞一樣
4. 滑水｜船一開，油錢就在燒，還沒站起來，幾千塊就沒了
3. 滑雪｜機票、雪票、住宿，滑三天花三萬，還不含摔傷的醫藥費
2. 高爾夫｜一張證照、一套球具、一張會員證，那是身分地位的稅金
1. 公路車｜為了輕那一公克，你願意花多少錢？輪組可能比你的摩托車還貴
運動真的很好，但有些運動， 練的是身體，燃燒的卻是錢 💸
還有哪些運動可以加入這個「破產俱樂部」？",2026-01-08 15:18:00,"🏔 前戶外教練 ☞ 現役數位建築師
專為教練打造「過濾奧客的預約型官網」
🛡️ 幫你擋掉沒做功課的「伸手牌」與「議價客」,別讓行政雜事消磨你的熱情
✨ 零月費買斷制｜終身持有
現正招募前 10 位種子夥伴 (享技術護航＋保母級設定服務)👇",破產,business,,skipped,
wugee.pro,wugee.pro,"以前當戶外教練，身邊朋友最常說： 「好羨慕喔！可以邊玩邊賺錢。」
但講實話，大多數全職教練的薪水，根本養不起自己。
所以為什麼我們還賴在這行不走？
大概是因為我們 有病吧！
（對戶外成癮的那種）
但有病歸有病
，我們沒義務去醫治那些巨嬰（媽寶）， 或是應付那些覺得你專業不值錢的殺價仔。
我專為教練設計的「奧客過濾官網」
徵求不想再當客服保母的你
現正招募前 10 位種子夥伴 (享技術護航＋保母級設定服務)
讓網站成為你的第一道篩選機制",2026-01-07 20:17:00,"🏔 前戶外教練 ☞ 現役數位建築師
專為教練打造「過濾奧客的預約型官網」
🛡️ 幫你擋掉沒做功課的「伸手牌」與「議價客」,別讓行政雜事消磨你的熱情
✨ 零月費買斷制｜終身持有
現正招募前 10 位種子夥伴 (享技術護航＋保母級設定服務)👇",破產,business,,skipped,
wugee.pro,wugee.pro,"你大概是幾歲，發現曾經很熱愛的事，漸漸沒了熱情？
然後現在的你，已經選擇走在一條全新的道路上。
我在戶外產業做了八年，才開始有轉職的念頭。",2026-01-06 15:25:00,"🏔 前戶外教練 ☞ 現役數位建築師
專為教練打造「過濾奧客的預約型官網」
🛡️ 幫你擋掉沒做功課的「伸手牌」與「議價客」,別讓行政雜事消磨你的熱情
✨ 零月費買斷制｜終身持有
現正招募前 10 位種子夥伴 (享技術護航＋保母級設定服務)👇",破產,business,,skipped,
wugee.pro,wugee.pro,"說句得罪人的實話。 這 3 種戶外教練，拜託「千萬不要」找我做網站。 錢留著自己花，不要浪費在我身上 ✋
這兩天很多人私訊問我「買斷式網站」的事
❌ 如果你目前的經營模式是以下這 3 種，請不要找我，因為我的服務對你來說「太貴了」：
1️⃣ 把網站當「電子名片」的人。 如果你只是想要一個網站看起來「很帥」，但不打算讓它幫你賺錢、幫你省時間。那去找設計公司就好。我做的是「能幫你少請一個助理」的自動化工具，不是拿來純欣賞的藝術品
2️⃣ 佛系接單，不急著長大的人 。一個月只有 2-3 團，客人都是熟客，用 LINE 講一講就好。那你真的不需要自動化系統，用免費工具就很夠了，別花冤枉錢
3️⃣ 比起「時間」，更在意「省錢」的人。 寧願花 3 小時處理行政瑣事、對帳對到眼瞎，也不願意花錢買斷一套系統來換取自由。那我們的價值觀真的不合
我的專長不是做炫砲的網頁設計， 我是幫那些「生意好到沒時間睡覺」的教練，把行政雜事自動化，找回生活的控制權！
如果你還沒痛到那個程度，那我們以後有緣再見👋
但如果你就是那個痛到不行的教練，不想再被私訊綁架，歡迎私訊我聊聊，我看能幫你省下多少時間 🤝",2025-12-25 19:49:00,"🏔 前戶外教練 ☞ 現役數位建築師
專為教練打造「過濾奧客的預約型官網」
🛡️ 幫你擋掉沒做功課的「伸手牌」與「議價客」,別讓行政雜事消磨你的熱情
✨ 零月費買斷制｜終身持有
現正招募前 10 位種子夥伴 (享技術護航＋保母級設定服務)👇",破產,business,,skipped,
ydkm_jaja1,𝓙𝓪𝓳𝓪🌻,"無償代搶💃佛系讓票🎫
杜絕黃牛❌詐騙破產💸
簡單分享心路歷程
大概是在2023年經歷BLACKPINK/太妍/Coldplay都成功後而認真研究搶票技巧
至今也看了近30場的演唱會或音樂劇
曾經幾次在演出前一天才收到原讓票
從此之後善循環我是信了
身邊親友也開始知道我很會搶票而請我幫忙
然後就搶上癮了 覺得幫助別人也是一種快樂
為了維持少數人並肩作戰的友善搶票環境 
如需代搶請依格式留言或私訊
🍀暫限台灣場 國外有時間研究再說
🍀不限演唱會 音樂劇或其他演出也可以
其實原讓的好心人不佔少數
我們也是花時間做功課認真練習才有今天
請有禮貌給我們一點鼓勵 不要當伸手牌
然後我也不是閒閒沒事做 完全佛系
如沒回覆請不要一直傳訊息 就是運氣跟緣分
代搶格式/戰績/搶票技巧/注意事項/常駐讓票連結等等…放留言",2025-06-30 10:54:00,"不是在搶票看演唱會
就是在搶票看演唱會的路上💃",破產,not_enough_posts,,skipped,
st_31.8,𝓕𝓸𝓾𝔃 ⚠️,"在大家面前總是保持開心的樣子
私底下也會希望 有個人可以接住我真實的情緒
好累",2026-01-05 20:14:00,,好累,pass,,low_depression_risk_user,
st_31.8,𝓕𝓸𝓾𝔃 ⚠️,"我也不願意一直黏著人問東問西阿 只是
我就很沒安全感罷了",2026-01-05 18:59:00,,好累,pass,,low_depression_risk_user,
st_31.8,𝓕𝓸𝓾𝔃 ⚠️,"簡單愛 周杰倫
我想就這樣牽著妳的手不放開
愛可不可以簡簡單單沒有傷害
現在才懂這句歌詞 唱的簡單做的難",2026-01-02 21:17:00,,好累,pass,,low_depression_risk_user,
little.by.little_fafa,發光日,"你好，我們是發發和三號
歡迎來到《微小日常》
你是不是也常常覺得，生活很忙，快要忘記自己的感受了？
創立這裡的初衷很簡單：我想打造一個『不批判，只陪伴』的空間。
在這裡，你不用假裝堅強，也不用擔心說錯話。
你的每一個微小故事，都值得被聽見。
你可以...
在任何貼文下留言，分享你的故事。
去聽我們的 Podcast，讓我們的聲音陪你。
匿名投稿你的故事，我們一起療癒更多人。
 (連結都在自介)
準備好了嗎？追蹤我們留下來
我們一起慢慢走
#微小日常  #療癒 #陪伴 #故事",2025-10-30 10:43:00,"幫助在生活中感到迷茫的你
找到療癒出口
🎙️ 每週三、日 20:00 更新
不批判，只陪你，和你聊聊大人的煩惱
🩷點擊收聽最新節目
🩷匿名投稿你的故事",好累,not_enough_posts,,skipped,
ui1____2,우동,"高雄有沒有什麼韓文學習會
一個人讀真的好累也不知道發音有沒有正確",2026-01-08 14:28:00,一個老阿姨,好累,pass,,non_depression_risk_user,
ui1____2,우동,"突然發現每隔一段時間就會懷念以前的自己
行動力超群，想到什麼就先衝
沒有做出成果也沒關係，自己開心最重要",2026-01-06 14:21:00,一個老阿姨,好累,pass,,non_depression_risk_user,
ui1____2,우동,"記錄一下2025
上半年手機容量不足
2024-2025年初的照片全不見了，大慘事
7月挑戰快閃台北，最後抱著頭痛的身軀回家
8月第一次做了香水，最後調出來的味道有點不盡人意但也還可以
9月開始去上久違的職訓課程，做作品真的超有成就感
10月生日月，過完生日隔天去開刀拔智齒的大概也只有我了
11月又衝上台北看阿龍ㄟ演唱會
12月第一次參加遶境活動，真的好熱鬧人好多
也久違地看了展覽
謝謝朋朋們這一年來的陪伴，明年也請多多指教",2025-12-30 17:10:00,一個老阿姨,好累,pass,,non_depression_risk_user,
nickilogy_,nickilogy_,"實習、找工作心好累，為什麼投了10間，全部都沒回！
哪個環節出了錯！
履歷系列1-企管系大學生
#nickilogy #履歷 #求職 #實習 #面試 #企管 #interview #cv #職缺",2025-04-12 18:50:00,"對Z世代好一點
寫點溫暖的東西",好累,not_enough_posts,,skipped,
frank._.chien,Frank Chien,"A24 最新恐怖片《Undertone》預告片
《Undertone》
一名為了照顧病危母親而回到家鄉的Podcaster，她打開由一對夫婦傳來的恐怖錄音之後，讓自己的日常逐漸推向崩潰。",2026-01-08 16:23:00,"👬🍟🎞️💎♎️ 
Pokémon GO
INFP
ISFP",崩潰,not_enough_posts,,skipped,
frank._.chien,Frank Chien,新年快樂🎉 2026會很炸吧❤️,2026-01-01 01:37:00,"👬🍟🎞️💎♎️ 
Pokémon GO
INFP
ISFP",崩潰,not_enough_posts,,skipped,
michae.l0709,LinMichael,"河堤的風真的不是開玩笑，跑五分鐘就想掉頭...🥶
求推「防風、透氣、保暖」的慢跑外套。 目前的裝備擋不住冷風，跑開又悶一堆汗超崩潰。
各位跑友有推哪件神衣嗎？ 救救想運動又怕感冒的男子。🏃‍♂️💨",2026-01-08 16:06:00,"Train hard, live easy",崩潰,pass,,non_depression_risk_user,
michae.l0709,LinMichael,"下班還是來健身房報到 💪
不求多猛，流點汗就好
持續比什麼都重要",2026-01-05 18:29:00,"Train hard, live easy",崩潰,pass,,non_depression_risk_user,
michae.l0709,LinMichael,"跨年夜總是人擠人，
這次選了個安靜一點的位置，
看煙火、喝點茶，剛好放鬆一下。",2025-12-31 22:59:00,"Train hard, live easy",崩潰,pass,,non_depression_risk_user,
michae.l0709,LinMichael,"跨年要到了 🎆
今年打算怎麼過？
我應該是跟朋友吃飯喝一波 😂
大家有什麼建議嗎？",2025-12-29 18:21:00,"Train hard, live easy",崩潰,pass,,non_depression_risk_user,
linetvtw,LINE TV TW,"人人都有祕密，誰才是真正的魔鬼？2026 開年最強懸疑台劇《那些你不知道的我》🔥
「為了達成目的，有什麼東西是不能犧牲的？」—— 傅孟柏
當 AI 科技遇上偶像威脅事件，真相，往往比你想像的更令人戰慄。
看似單純的理工宅與酷妹實習生，意外捲入一場針對當紅偶像的獵殺行動。
究竟是他在說謊？還是你的眼睛欺騙了你？
🔍 本劇必看亮點：
★ 金鐘視帝 #傅孟柏｜亦正亦邪，一句話讓你背脊發涼🥶
★ 最性感刑警 #吳念軒｜深情內斂，更有突破尺度的養眼演出🫣
★ 戲劇新星 #Ozone林佳辰｜拋開偶像包袱，崩潰演技震撼全場😍
★ 鬼才導演 #安竹間｜繼《愛的奧特萊斯》後，打造全新情感推理劇種🤯
每個人都有不可告人的那一面
1月30日，跟我們一起揭開人性最深層的偽裝
@fumengpaul
@fumengpaul
@actor_nien_hsuan
@actor_nien_hsuan
@summer06_05
@summer06_05
andrew_qio
@chloeee7
@chloeee7
@emerson_tsai
@emerson_tsai
regina_lei_ 
📺 LINE TV 鎖定首播
📅 1 月 30 日",2026-01-08 18:26:00,Happy New Year🥳 新年禮物去置頂文領取👇,崩潰,not_enough_posts,,skipped,
linetvtw,LINE TV TW,"☃️LINETV 冬季日劇情報公開❄️ #獨家播出
💚《在對死黨的同居要求說「好」之前》1.13起每週二更新🤍
「絕對想交往」vs「絕對想當親友」
吉澤要人×雨宮翔 雙主演
原作漫畫榮獲第15回 BL AWARD 2024 獎項
詮釋在友情與愛情之間悄然擺盪的戀愛故事
太適合在冷冷的冬天裡收看❄️💗
《體感預報》導演船曳真珠聯手《未成年》編劇森野マッシュ打造
這兩部作品也可以在 LINE TV 觀看唷！",2026-01-07 17:51:00,Happy New Year🥳 新年禮物去置頂文領取👇,崩潰,not_enough_posts,,skipped,
skyler_wang_,Skyler Wang,"凌晨3:30要崩潰的奶爸...
拍出嗝了、尿布也換了
130只喝60就開始哭鬧不喝
求解，不然在某個半夜奶爸會猝死
#拍片日常 #帶娃日常 #寶寶日常 #baby #餵夜奶",2026-01-08 15:55:00,"🎥 180天短影音日更計劃達成
💡 自律×自我覺察的日常分享
👧 射手嫩妹1m",崩潰,business,,skipped,
skyler_wang_,Skyler Wang,"餵夜奶的悲劇，我需要樂樂Ｑ貝！
#拍片日常 #帶娃日常 #baby #樂樂Q貝 餵夜奶",2026-01-07 16:42:00,"🎥 180天短影音日更計劃達成
💡 自律×自我覺察的日常分享
👧 射手嫩妹1m",崩潰,business,,skipped,
skyler_wang_,Skyler Wang,"2026新企劃『新髮舊事』
新的一年換一個新的髮型
只要你願意入鏡拍攝（可打碼）
提供你親身經歷的精彩故事
即可享『免費』剪髮服務～
報名方式只要在下面留言或私訊
會與你約詳細的時間與店家地址
歡迎踴躍報名～
用新的髮型迎接新的一年
告別或回味舊的故事～
#新髮舊事 #剪髮免費 #精彩故事 #新年快樂 #2026",2026-01-02 14:19:00,"🎥 180天短影音日更計劃達成
💡 自律×自我覺察的日常分享
👧 射手嫩妹1m",崩潰,business,,skipped,
skyler_wang_,Skyler Wang,"「ASMR 0317am take care of my little angel. 」
#拍片日常 #baby #沈浸式 #帶娃日常 #夜奶",2026-01-01 13:10:00,"🎥 180天短影音日更計劃達成
💡 自律×自我覺察的日常分享
👧 射手嫩妹1m",崩潰,business,,skipped,
chen_po_lnt_,陳稚妃,"新手爸媽崩潰 求助中…
新生兒第六天
原本睡好好的，可是會突然像這樣大哭。
怎麼安撫都沒有用，奶嘴不吃
已經抱著睡覺，也會大哭。
剛吃飽，大便大了，尿布也換了。
還有什麼方法讓他不哭…",2025-12-27 23:33:00,,崩潰,not_enough_posts,,skipped,
cmz_08.11,陳孟澤,"誰懂那種
拼了命努力
結果
卻還是一塌糊塗的絕望",2025-11-03 12:35:00,市大同電鍋(◐‿◑)常常更新現況 偶爾發讀書的帳號,絕望,not_enough_posts,,skipped,
sam.huang1977,SamHuang,"2026年上班第一天，被告知資遣…
🤦該有多絕望？
胃好痛🤢
這年該怎麼過……",2026-01-02 12:28:00,newtalk.tw,絕望,not_enough_posts,,skipped,
myy_1020,myy_1020,滑104滑到好絕望 找工作太難了😭,2026-01-06 15:38:00,01’｜待業日記｜追星小天地🍭🍳,絕望,not_enough_posts,,skipped,
rain_clean_,語婕Rainie ⇨廣告演員｜模特兒,"看到客運來 趕快奔跑上前
結果司機表示不等我🫨🫨
可憐桃園人 內心很絕望 
只好再等下一班",2025-09-14 20:10:00,"Freelance model 
廣告、平面、網拍、美妝 合作請私訊小盒子♡
攝影模特作品 rainie_portrait_
YouTube 上片中🎬",絕望,not_enough_posts,,skipped,
taiwan_texas_fish_poker_2024,魚樂玩家戒賭中心 - 德州撲克,"8Qo VS A8s VS 34s
近6萬的底池
勇敢的人先享受世界XD
這牌面
魚如何思考?XD
中頂對
翻牌B來B去
一家買花 
一家買順
我先ALL IN讓他們想XD
殊不知
沒有想就算了
兩家都推出來XD
牌打開
知道我有多絕望嗎?XD
轉牌中兩對
保險買不動
請荷官開牌
只能說 撿到錢XD
感謝荷官 讚嘆荷官
台南 25/25",2025-06-10 21:16:00,"狗屁GTO 不用懂 我只知道
29眠 57步槍 J5街舞 86拓海
56不能亡 64天安門 69好姿勢
別人教你贏 我會帶你歪XD",絕望,not_enough_posts,,skipped,
wine_0303,Wine.🍷,"是不是因為很冷大家都不想出門
3缺1 😥 
不是麻將治百病 我覺得冷 打麻將應該好受一點（誤
3：30 要打嗎 快絕望 3天沒打了
50／20 自家桌 飲料 車費我們出
（太遠 還是直接開暖氣睡覺比較快
有貓貓 可抽電子煙 紙煙要去戶外 
🥺🥺😭😭",2026-01-08 00:56:00,,絕望,not_enough_posts,,skipped,
wine_0303,Wine.🍷,"不知道因為很冷還是怎麼樣
這個處理方式跟速度
真的謝
不要討伐我的講話語氣
其實前面我都好聲好氣的說
他們給不出所以然 換一個客服 
整骨個早餐吐司泡巧克力牛奶☹️ 
一早 不開心ㄌ",2026-01-07 08:48:00,,絕望,not_enough_posts,,skipped,
iwantjobplease,小蕉綠,"已經求職到有點絕望了，想來脆上看看有沒有職缺（不要灰產）
📌 地點：台北 新北 新竹 高雄 台南 台中皆可
📌 經驗：清大文組碩畢、軟體業行銷實習
📌 期望薪資：3萬5以上
📌 熟悉工具：SPSS、Photoshop、illustrator、Microsoft office系列
📌 期望職缺類型：行銷企劃
以上條件符合可以幫我留言104 or 公司網址
我再投遞
謝謝各位大大🥲",2025-08-20 15:19:00,蕉綠的求職中,絕望,not_enough_posts,,skipped,
iwantjobplease,小蕉綠,"從五月開始找工作到現在
本來想著至少七月底一定可以找到吧！
結果完全沒有😂
有幾家進到二面以為穩了，卻還是被刷掉
找工作比我想得難好多
明明找實習的時候很快就有結果了說",2025-08-08 19:43:00,蕉綠的求職中,絕望,not_enough_posts,,skipped,
