username,display_name,post_content,post_date,bio,matched_keyword,gemini_account_type_result,gemini_user_status_label
ricochan_cmed,陳大夫中醫日誌｜身心形神．並駕齊驅｜陳皓天醫師｜Chan Ho Tin,"冬天養腎（11）：頻繁靜心
很多時候身體的疲倦、手腳冰冷都跟氣虛、身體陽氣不足有關，到冬季天氣寒冷時則特別明顯，反映身體無法「聚氣」，道家稱為「氣沉丹田」，下焦元氣火燃不起來，就會呈現虛弱的「低能量狀態」。
此時需要做的除了是注意保暖、減少工作，更重要的是讓自己再次收攝。繁忙的現代人未必能一下子抽時間持續靜心30分鐘以上，這時候就可以試著增加靜心的次數，例如上班前後、起床及睡覺前、進食前均靜心5分鐘。
靜心時可以採用腹式呼吸，讓氣聚丹田，注意力收攝，全身放鬆，身體的氣就會自然開始運行，也是極速的充電方式。",2025-12-02 10:00:00,"🌟一起重拾整全健康，掌握疾病根源，邁向療癒
🌿專研古中醫經典智慧，重現傳統中醫神效
🎁讀懂身體訊息，重啟人體自癒力
💬經方．針灸．推拿．情志療法
📞5681 7732（WhatsApp）
⬇️最新課程及個人網站",疲倦,business,skipped
ricochan_cmed,陳大夫中醫日誌｜身心形神．並駕齊驅｜陳皓天醫師｜Chan Ho Tin,"冬天養腎（10）：冬日太陽
天氣寒冷，人體尤其需要補充陽氣。趁著天氣晴朗之時，把握機會讓自己曬曬太陽，吸收陽氣。￼
背為陽，可以特別讓太陽照射到後背，身後的督脈、足太陽膀胱經都是非常重要的經絡穴位，而腰部的命門、腎俞穴更有補腎強腰的效果！過程中出到微汗，更能讓身體的寒濕邪氣順勢排走。
如果能找一片草地讓整個人平躺，或在草地上練功、靜心、艾灸，實在是再舒服不過了！",2025-12-01 10:00:00,"🌟一起重拾整全健康，掌握疾病根源，邁向療癒
🌿專研古中醫經典智慧，重現傳統中醫神效
🎁讀懂身體訊息，重啟人體自癒力
💬經方．針灸．推拿．情志療法
📞5681 7732（WhatsApp）
⬇️最新課程及個人網站",疲倦,business,skipped
ricochan_cmed,陳大夫中醫日誌｜身心形神．並駕齊驅｜陳皓天醫師｜Chan Ho Tin,"如果我們希望為身邊家人朋友、為香港、為世界做點事情、送上祝福，那麼就必定要先守護好自己的身心健康。
當你發現自己長期虛勞、一直被情緒牽動、煩躁、焦慮、擔憂、恐懼、失眠…請先回歸自己，把自己照顧好。
每一個都有義務先把自己照顧好，未來整個世界因為人類的慾望、貪婪、嗔恨、無明，只會有越來越多的天災人禍，所以我們更需要積極地裝備好自己，把握每個當下，做最適當合宜的事情。
已經冬天了，有餘力時可幫助他人，但還是宜早點休息睡覺、不要一直盯著電話傷精耗神。",2025-11-29 18:24:00,"🌟一起重拾整全健康，掌握疾病根源，邁向療癒
🌿專研古中醫經典智慧，重現傳統中醫神效
🎁讀懂身體訊息，重啟人體自癒力
💬經方．針灸．推拿．情志療法
📞5681 7732（WhatsApp）
⬇️最新課程及個人網站",疲倦,business,skipped
ricochan_cmed,陳大夫中醫日誌｜身心形神．並駕齊驅｜陳皓天醫師｜Chan Ho Tin,"冬天養腎（8）：安靜下來
越能放慢腳步、安靜下來，氣血就越能收藏進五臟，甚至進入下焦補益腎臟。每天營營役役、思緒不斷的你，又有多久沒有讓自己安靜下來？
放下手上的工作、放下手機、關掉電腦、關掉電視，甚至連音樂也沒有要播放。如果真的靜不下來，也可以到公園、海邊、草地走走坐坐，讓思緒逐漸地代謝清空。
允許自己好好享受這份寧靜，什麼都不再需要做的感覺，只是靜靜地待著、靜靜地呼吸、靜靜地陪伴自己。我們什麼都不做，都值得被愛。",2025-11-29 10:00:00,"🌟一起重拾整全健康，掌握疾病根源，邁向療癒
🌿專研古中醫經典智慧，重現傳統中醫神效
🎁讀懂身體訊息，重啟人體自癒力
💬經方．針灸．推拿．情志療法
📞5681 7732（WhatsApp）
⬇️最新課程及個人網站",疲倦,business,skipped
ricochan_cmed,陳大夫中醫日誌｜身心形神．並駕齊驅｜陳皓天醫師｜Chan Ho Tin,"冬天養腎（7）：減法生活
冬天要補益腎氣雖然看似很多東西可以做，但實際上人是活的、是有生命力的，每當我們能放慢腳步、減少耗損、回歸平淡，身體的自癒力就會自然地被啟動，全身的正氣也就自然地養起來。
《黃帝內經》説「恬淡虛無，真氣從之，病安從來」，當我們停止追求外在的名利，不要再用金錢、成績、外在認可、事情的成敗得失來衡量自己的自我價值，自然就不再一直耗散我們的精神和注意力，回歸自己的中心，心安而不懼。
學習照顧自己的身體，並不是要讓事情變得複雜。你不需要買大量的營養補充品、養生儀器產品才能變得健康。反過來，是要讓我們回歸簡樸自然的生活，享受平淡中的幸福和喜悅。",2025-11-28 10:00:00,"🌟一起重拾整全健康，掌握疾病根源，邁向療癒
🌿專研古中醫經典智慧，重現傳統中醫神效
🎁讀懂身體訊息，重啟人體自癒力
💬經方．針灸．推拿．情志療法
📞5681 7732（WhatsApp）
⬇️最新課程及個人網站",疲倦,business,skipped
ricochan_cmed,陳大夫中醫日誌｜身心形神．並駕齊驅｜陳皓天醫師｜Chan Ho Tin,"願所有人心中都平安、自在🙏🏻
我們只能分享自己所擁有的，除了物資以外，不妨讓自己先回到安定、寧靜的狀態中，讓心中的光和愛，分享到這個世界每一個角落。",2025-11-27 10:26:00,"🌟一起重拾整全健康，掌握疾病根源，邁向療癒
🌿專研古中醫經典智慧，重現傳統中醫神效
🎁讀懂身體訊息，重啟人體自癒力
💬經方．針灸．推拿．情志療法
📞5681 7732（WhatsApp）
⬇️最新課程及個人網站",疲倦,business,skipped
ricochan_cmed,陳大夫中醫日誌｜身心形神．並駕齊驅｜陳皓天醫師｜Chan Ho Tin,"冬天養腎（6）：腹式呼吸
單純呼吸就有補腎的效果！呼吸是生命的根本，中醫經典《難經》說「呼出心與肺，吸入肝與腎」，每吸入天氣之氣進入下焦肝腎，就可達致補益肝腎的效果。
很多人因為緊張壓力大，導致呼吸短淺，基本上只是使用上焦肺氣在呼吸，一般稱為胸式呼吸。而腹式呼吸是使用較深層的肌肉，主要是橫膈膜與腹部肌肉力量來呼吸吐氣，讓腹部微微鼓起。
中醫認為腎主納氣，腎虛者較難深層吸納，較容易氣短、痰多、咳嗽、哮喘等；反過來透過鍛鍊腹式呼吸，則能補益腎氣，甚至讓全身熱起來！",2025-11-27 10:00:00,"🌟一起重拾整全健康，掌握疾病根源，邁向療癒
🌿專研古中醫經典智慧，重現傳統中醫神效
🎁讀懂身體訊息，重啟人體自癒力
💬經方．針灸．推拿．情志療法
📞5681 7732（WhatsApp）
⬇️最新課程及個人網站",疲倦,business,skipped
ricochan_cmed,陳大夫中醫日誌｜身心形神．並駕齊驅｜陳皓天醫師｜Chan Ho Tin,"冬天養腎（5）：讓心靜下來
「藥補不如食補，食補不如神補」，腎氣需要「補養」，不論是透過藥物、食療還是精神上的補益，都需要讓自己慢下來、靜下來，才能讓這些滋補的養分能停在身體更久、好好吸收。
如果人總是非常急躁、停不下來的話，再補的東西也會很快耗散掉，無法停留或聚在身體成為養分，也可能出現「虛不受補」的上火現象。
當心靜下來，注意力開始收攝，身體的自癒力會自然地啟動，人在天地之間也會自然被滋養，你會慢慢體驗到要補益不僅僅依靠吃進肚子裡的東西，所有的陽光、空氣都化作無所不在的愛，滋養我們的腎臟、也滋養我們的身心形神。
「有情飲水飽」還是有依據的，當人感受到愛和幸福，就會自然飽滿，還哪有那麼多慾望、何須再吃那麼多補品？",2025-11-26 10:00:00,"🌟一起重拾整全健康，掌握疾病根源，邁向療癒
🌿專研古中醫經典智慧，重現傳統中醫神效
🎁讀懂身體訊息，重啟人體自癒力
💬經方．針灸．推拿．情志療法
📞5681 7732（WhatsApp）
⬇️最新課程及個人網站",疲倦,business,skipped
ricochan_cmed,陳大夫中醫日誌｜身心形神．並駕齊驅｜陳皓天醫師｜Chan Ho Tin,"冬天養腎（4）：避免劇烈運動
冬天是收藏的季節，《黃帝內經》提出「春夏養陽，秋冬養陰」，故冬天相對適合較強度不太高、不太激烈、較溫柔的運動，例如走路、慢跑、拉筋、瑜珈、氣功等。
過分激烈或高強度的運動容易擾動陽氣，使氣血更難收藏在體內，所以運動時注意最多微微汗出就好，點到即止，避免大汗淋漓而令陽氣耗散，做完運動反而更感虛弱。
《內經》則說「無泄皮膚，使氣亟奪」，認為應避免出汗或露出皮膚，使精氣離開身體。強壯的朋友相對還不太受影響，但本身體虛的朋友則要相對避免在冬季時因運動而受寒。
運動後也適宜讓自己逐漸冷卻緩和，讓氣血逐漸恢復和緩的狀態，也允許自己充分休息，不要勉強自己。",2025-11-25 11:00:00,"🌟一起重拾整全健康，掌握疾病根源，邁向療癒
🌿專研古中醫經典智慧，重現傳統中醫神效
🎁讀懂身體訊息，重啟人體自癒力
💬經方．針灸．推拿．情志療法
📞5681 7732（WhatsApp）
⬇️最新課程及個人網站",疲倦,business,skipped
ricochan_cmed,陳大夫中醫日誌｜身心形神．並駕齊驅｜陳皓天醫師｜Chan Ho Tin,"冬天養腎（3）：早睡+晚起
要補養腎氣，自然是要多休息，早睡覺，尤其是日照時間也越來越短，此時若能順應自然同步讓自己早點休息，自然就能在收藏的季節養足腎氣，讓氣血能量更充盈飽滿，明年自然能迎來更大的生機。
一般我們常講早睡早起，而《黃帝內經》特別強調冬季宜「早臥晚起，必待日光」，意思是不要太早起床工作，最起碼留待日出以後，所以習慣早起的朋友最好還是留待早上7時以後才正式下床。
即使已經醒來，也可以先在床上靜心、拉拉筋、與自己的身體有更多的連結才展開新的一天。",2025-11-25 10:00:00,"🌟一起重拾整全健康，掌握疾病根源，邁向療癒
🌿專研古中醫經典智慧，重現傳統中醫神效
🎁讀懂身體訊息，重啟人體自癒力
💬經方．針灸．推拿．情志療法
📞5681 7732（WhatsApp）
⬇️最新課程及個人網站",疲倦,business,skipped
ricochan_cmed,陳大夫中醫日誌｜身心形神．並駕齊驅｜陳皓天醫師｜Chan Ho Tin,"冬天養腎（2）：增加自身陽氣
天氣寒冷最容易受寒，尤其素體虛寒、腎氣不足的朋友在這季節會特別感覺疲倦、怕冷、僵硬疼痛、感冒、水腫等。
增加陽氣的方法很多，較簡單的包括曬太陽、泡腳、泡溫泉、吃溫熱暖和的食物、艾灸、熱敷等。
中醫每年都有兩次天灸療法，冬天進行的稱謂三九天灸，在天氣寒冷、陰氣最盛之時，透過中藥敷貼重新啟動身體臟腑的陽氣，讓藥性透過經絡傳遞進臟腑，最終自內而外讓整個人溫暖起來，而不只是透過穿衣保暖而讓自己溫暖。
從未體驗過的朋友歡迎一試。",2025-11-24 10:00:00,"🌟一起重拾整全健康，掌握疾病根源，邁向療癒
🌿專研古中醫經典智慧，重現傳統中醫神效
🎁讀懂身體訊息，重啟人體自癒力
💬經方．針灸．推拿．情志療法
📞5681 7732（WhatsApp）
⬇️最新課程及個人網站",疲倦,business,skipped
ricochan_cmed,陳大夫中醫日誌｜身心形神．並駕齊驅｜陳皓天醫師｜Chan Ho Tin,"冬天養腎（1）：大量休息
春夏秋冬，生長收藏，是大自然四季的規律。冬天對應「藏」，而《黃帝內經》也說腎是「封藏之本」，一身氣血的精華都在冬天好好地收藏在下焦腎臟。
要收藏意味著必定要有「盈餘」，所以冬天千萬不要讓自己過分勞累，盡可能減少工作和不必要的社交活動，千萬不要等到累了才休息。
要養腎意味著我們可以主動花更多時間去滋養自己，讓注意力再次收攝回來自己的身上，在年末好好欣賞自己的努力，透過休息好好獎勵自己。",2025-11-23 10:00:00,"🌟一起重拾整全健康，掌握疾病根源，邁向療癒
🌿專研古中醫經典智慧，重現傳統中醫神效
🎁讀懂身體訊息，重啟人體自癒力
💬經方．針灸．推拿．情志療法
📞5681 7732（WhatsApp）
⬇️最新課程及個人網站",疲倦,business,skipped
ricochan_cmed,陳大夫中醫日誌｜身心形神．並駕齊驅｜陳皓天醫師｜Chan Ho Tin,"停止傷腎（10）：減少恐懼
《黃帝內經》說「恐傷腎」，意味著恐懼會直接損傷腎氣。除了容易擔憂、受驚外，由於「思勝恐」，恐懼多的人也經常表現為思緒不斷，是情志的一種自我剋制狀態。
每個人都會有恐懼，不論是恐懼死亡、沒有錢、失去至親、關係破裂、沒有人喜歡、失去名聲、沒有愛等等。
如何不配恐懼支配是一個非常重要的學習，當我們能很清楚地看到自己的價值，信任自己、他人與整個天地宇宙的安排，所謂的恐懼也只是提醒我們在適當的時候作出適當的行動而已。
生命中總是出現無常，接納與臣服生命中的各種安排，自然更能放鬆心態，隨遇而安，更能順應生命之流。
山不轉路轉，路不轉人轉，人不轉心轉。祝福大家都能找到內在的平安。",2025-11-21 10:00:00,"🌟一起重拾整全健康，掌握疾病根源，邁向療癒
🌿專研古中醫經典智慧，重現傳統中醫神效
🎁讀懂身體訊息，重啟人體自癒力
💬經方．針灸．推拿．情志療法
📞5681 7732（WhatsApp）
⬇️最新課程及個人網站",疲倦,business,skipped
ricochan_cmed,陳大夫中醫日誌｜身心形神．並駕齊驅｜陳皓天醫師｜Chan Ho Tin,"停止傷腎（9）：濫用止痛藥、抗生素
許多人因為長期頭痛、關節肢體疼痛、自體免疫疾病等而經常使用止痛藥、抗生素、感冒消炎等成藥。
從中醫角度而言，這些藥物屬於壓抑性的治療方法，而且屬性通常偏於寒涼，壓抑身體自身正氣抗邪的反應，雖能短暫治標，但長期不當使用卻會令陽氣逐漸衰減，寒氣增加，反而令疼痛反覆不愈、腎氣虛弱、誘發咳嗽等。
從西醫角度而言，這些藥物皆可導致急性或慢性腎損傷，長期使用非類固醇消炎止痛藥令腎臟保護機制被破壞，發生急性腎衰竭風險大幅提升3倍，如非必要建議慎重使用。",2025-11-19 10:00:00,"🌟一起重拾整全健康，掌握疾病根源，邁向療癒
🌿專研古中醫經典智慧，重現傳統中醫神效
🎁讀懂身體訊息，重啟人體自癒力
💬經方．針灸．推拿．情志療法
📞5681 7732（WhatsApp）
⬇️最新課程及個人網站",疲倦,business,skipped
ricochan_cmed,陳大夫中醫日誌｜身心形神．並駕齊驅｜陳皓天醫師｜Chan Ho Tin,"停止傷腎（8）：喝太多水
中醫認為腎主水，統管一身的水液，所以腎虛的人容易出現水腫、痰多、咳嗽、氣短、尿頻、小便不暢、眼袋等與水濕有關的病證。
由於經常有人誤傳一天必須喝滿八杯水等中西醫經常澄清的錯誤理解，導致很多人經常在甚少運動出汗、經常留在室內的情況下仍大量喝水，超出身體的負擔。
喝進身體的水屬於「陰」，需要身體的陽氣去運化，有些身體虛弱的人連喝水也會感覺飽滯不適。若陽氣不足以腐熟運化就會變成水濕痰飲等邪氣停留身體，常說的「濕氣重」如疲倦乏力、重墜、大便黏等也與此有關。
凡事過猶不及，切記不要喝太多水！",2025-11-18 10:00:00,"🌟一起重拾整全健康，掌握疾病根源，邁向療癒
🌿專研古中醫經典智慧，重現傳統中醫神效
🎁讀懂身體訊息，重啟人體自癒力
💬經方．針灸．推拿．情志療法
📞5681 7732（WhatsApp）
⬇️最新課程及個人網站",疲倦,business,skipped
leoliglobetrotter,LeoZLi,"一邊聽著「島唄」，一邊繼續寫我的琉球獨旅。其實「島唄」原本並不算日本歌，而是琉球人引以為傲的本土文化。就算聽不懂日文或琉語，也能感受到其蘊含的魅力。
身為一半閩南後裔，我在琉球散步時格外親切。數百年前，福建三十六姓渡海來到此地，也帶動了當地經貿與文化。我想，像新垣結衣、Kiroro，也許祖上也有些閩人血統，說不定還姓陳、林、黃、蔡呢。
如今的琉球仍有亞洲大陸文化的痕跡。像本地的「三品茶」，幾乎是茉莉香片的翻版；島上滿是棕櫚、榕樹、九重葛與木槿，和台灣極為相似。可愛的吉祥物「石敢當」更是閩南文化的延續。這裡的小孩補習風氣也相當盛，走在那霸市區，隨處可見補習班門口張貼「東大、慶應合格者○名」的榜單。
漢方藥在當地很受歡迎，我猜「敗火、祛濕、腸胃理療」特別熱門。音樂方面，琉球代表樂器「三味線」大概源自華夏三弦，音色婉轉悠揚，極富韻味。
若你問琉球的代表美食？答：豬腳、苦瓜。是不是和台灣、閩南超像？
你或許發現，我通篇都用「琉球」，而非「沖繩」。因為我相信，文化應被尊重與傳承，而非被同化。琉球獨一無二，正如我們的故鄉。每個人的根，都藏著祖先賜予的智慧與庇佑，是該好好珍惜的無價之寶。",2025-11-10 12:48:00,"人生探索者·工作之餘出版了五本書·獨住西雅圖
畢業於耶魯（學士）與哈佛（MBA）
用中文記錄與世界的互動·一起感受溫暖能量
Life explorer & globetrotter • Peace & love
leozheyuanli6@gmail.com",疲倦,pass,low_depression_risk_user
leoliglobetrotter,LeoZLi,"連續出差後，我獨自飛到沖繩，看東亞邊緣的海。
這片海上仙島，從高空就開始撫慰獨行旅人。透過機窗往下望，那哪是海島，分明是閃著盈藍光澤的珍珠。Indescribably beautiful.
沖繩海，比我在日本任何地方見過的都要純，讓我想起曾去過的百慕達群島。說也奇妙，我獨自走過的這兩片海島，都在大洋中孤獨存在、與世無爭。這趟來沖繩，並非厭世逃離，但其諧音「重生」，倒也暗合心境。這輩子的重生不只在生死，而是在不同階段，刷新與翻篇的那一刻。
入住後海風漸起。我站在房間陽台上，讓風把自己吹透，在呼吸間安住當下。黃昏時，我去到知念岬。在海角之南，即使有過客歡聲笑語，我也一個人自在輕盈，享獨行之樂。人總要學會如何與「自己」好好相處。
夜色來得很快，再絢爛的暮光也會退場。遊人漸散，剩我在海邊獨坐。遠處是歸家漁火，近處有燈塔蟲鳴。抬頭，驚見漫天已繁星點點。每顆星，都在閃著光年之外的光。
許久不曾情緒起伏、逐漸不悲不喜的我，在這浩瀚星河下，也生出久違的感動。那大概是我與宇宙，在某一瞬間的共振吧。
若你也想來一場通透又溫柔的淨化或重生，就請選一片遙遠的海，在霞光裡，不被打擾地走一走吧。",2025-11-09 14:16:00,"人生探索者·工作之餘出版了五本書·獨住西雅圖
畢業於耶魯（學士）與哈佛（MBA）
用中文記錄與世界的互動·一起感受溫暖能量
Life explorer & globetrotter • Peace & love
leozheyuanli6@gmail.com",疲倦,pass,low_depression_risk_user
leoliglobetrotter,LeoZLi,"這篇滑到真的很幸運。
建議先收藏起來——現在的你和未來的你，一定會用到。
我在研修心理學時了解到：任何一種身體的不適，都是在溫柔提醒我們些什麼。當你不舒服時，就試試下面這些方法。真的很有用！我自己親測有效：
壓力 → 皮質醇升高 → 去散步
疼痛 → 內啡肽變少 → 跑步最能救你
疲倦 → 多巴胺不足 → 洗個冷水澡
悲傷 → 血清素低 → 吃點水果補一下
憤怒 → 血清素失衡 → 聽音樂讓心降溫
失眠 → 褪黑激素亂 → 白天曬曬太陽
內耗 → 自我覺察不足 → 練習 3 分鐘正念
恐懼 → 腎上腺素飆 → 深呼吸回到身體
焦慮 → GABA 不夠 → 冥想 5 分鐘就有效
懶惰 → 想點燃腎上腺素 → 做 1 分鐘高強度
拖延 → 多巴胺太低 → 設一個「能立刻完成」的小目標
把每一種情緒，都當成身體的善意提醒。照顧好自己，就是人生最棒的超能力啊。祝你身心喜樂安康。
如果你想要更多生活感悟和療癒能量，歡迎追蹤我，一起呵護自己、探索世界。現在追蹤的可都是「原始股東」喔🥰",2025-11-20 07:35:00,"人生探索者·工作之餘出版了五本書·獨住西雅圖
畢業於耶魯（學士）與哈佛（MBA）
用中文記錄與世界的互動·一起感受溫暖能量
Life explorer & globetrotter • Peace & love
leozheyuanli6@gmail.com",疲倦,pass,low_depression_risk_user
leoliglobetrotter,LeoZLi,"不論你在世界哪個角落滑到這篇，我都希望自己的文字和圖片，能讓你嘴角上揚幾秒。
今天非常忙，能量感有點不足，身心也有些疲倦。但西雅圖這座溫柔的城市，彷彿察覺我狀態不佳，貼心地把天空放晴，露出久違的陽光，讓人意外開心。工作還沒忙完天就黑了，我想療癒一下自己，於是暫時放下工作出門，大口呼吸清冽的空氣，抱一下西雅圖的秋景。再過幾天冬天就要正式登場，我不要錯過秋天尾聲的美。
出門前還有點昏沉，可一接觸到草木，我整個人就瞬間被刷新、淨化，滿血復活！獨自走著，我忍不住對每一棵漂亮的樹說：你好美！謝謝讓我欣賞你的紅葉黃葉！You’re gorgeous!（是不是有點神經兮兮，哈哈）一邊讚嘆，一邊用手機記錄，把這美輪美奐的秋天收藏進人生的記憶。
或許閱讀這篇的你，正因某件事而悶悶不樂／焦慮／有壓力／疲憊／難過。沒關係，我想給你一個隔空擊掌和擁抱。即使我們素未謀面，在這裡遇見已是緣分。若心情沒有很好，我希望你知道：在大洋彼岸有一個叫 Leo 的人，正在脆上把很美的風景分享給你，願你今天能開心一些。
如果你是第一次滑到我，非常歡迎你追蹤。希望我的圖文能帶給你正向的溫暖與能量☺️",2025-11-19 11:12:00,"人生探索者·工作之餘出版了五本書·獨住西雅圖
畢業於耶魯（學士）與哈佛（MBA）
用中文記錄與世界的互動·一起感受溫暖能量
Life explorer & globetrotter • Peace & love
leozheyuanli6@gmail.com",疲倦,pass,low_depression_risk_user
leoliglobetrotter,LeoZLi,"坦白說，來脆之前我聽說這裡火藥味很濃、大家動不動就互罵，「戾氣超重」。身為世界與人類觀察者，我其實是抱著好奇心開了這個帳號，想看看這裡到底能多不友善？大家是在戰什麼？甚至還想說，不然我自己寫些東西，看會不會有人跑來罵（笑）。
到今天我用脆也不過兩個多月，平常滑的時候，確實偶爾會看到一些「戰文」下方的互罵大戰，但我的帳號——欸？怎麼畫風那麼清新？竟然連一條罵人的留言都沒有！大家都超級 nice，很多從未謀面的朋友默默追蹤。想跟你們說聲謝謝😊
要知道，這些年我出過的書，不論內容或評分都算不錯，但依然大概有 1%的人會酸一下、陰陽兩句。結果在脆這裡，幾乎都是溫暖互動。我想了一下：這不就是吸引力法則嗎？物以類聚、人以群分。我看見、分享的是美好，自然也吸引來美好的人類。若你追蹤了我，那你肯定是一個嚮往美好的人。
也容我稍微不謙虛一下：我覺得自己確實在認真寫、真心分享。住美國看世界，再用中文記錄所思所感。希望滑到我內容的每個人，都能把一點正向能量放進心裡。
若你是第一次滑到我，歡迎到主頁瞄一眼，跟我做個朋友。現在追蹤的，可都是「原始股東」喔（笑）。",2025-11-18 07:55:00,"人生探索者·工作之餘出版了五本書·獨住西雅圖
畢業於耶魯（學士）與哈佛（MBA）
用中文記錄與世界的互動·一起感受溫暖能量
Life explorer & globetrotter • Peace & love
leozheyuanli6@gmail.com",疲倦,pass,low_depression_risk_user
leoliglobetrotter,LeoZLi,"剛回到美國還在倒時差，乾脆暫離「職場人」狀態，工作簡單忙一下後，就穿帽Ｔ、背書包在室外健行，重拾做學生的感覺。西雅圖的雨季已經開啟，每天都濕濕的，很少有整個痛快露出的太陽。但炫彩秋景尚未完全落幕，總算抵消了些陰雨天的減分感。
其實我蠻喜歡下雨。身為 i 人，不撐傘、只戴帽子在雨裡走路，會讓我覺得很愜意。這裡的許多人亦然，都愛安安靜靜地在雨中行走，彼此保持著邊界感。真是個內向的城市餒。但若你是偏愛熱鬧社交的人，那可能住紐約／洛杉磯更好。
西雅圖的秋景太美，完勝矽谷／洛杉磯那些地方。可以滑滑看我放的圖，都是這幾天的隨手拍。欸對，你知道這裡的風景勝在哪嗎？我覺得是勝在「靜」，通透度高，動植物的互動，純色的搭配，沒有喧嘩人聲。好啦，其實是勝在我比較會拍照，把它的美都拍了出來（不是）。
真該時不時給生活一些留白。還好，我雖然習慣了步履匆匆，但仍保有慢下來感知生活的能力。這幾天推掉社交，就一個人賞秋、一個人吃飯、一個人回到從前。而我也真切地意識到：那些過去許久的年少光影從未真正消逝。它們只是化作秋末冬初的草木與風，穿過我三十多歲的指縫，與 18 歲時的掌紋溫柔重逢了。
祝你早安午安晚安😄",2025-11-15 08:17:00,"人生探索者·工作之餘出版了五本書·獨住西雅圖
畢業於耶魯（學士）與哈佛（MBA）
用中文記錄與世界的互動·一起感受溫暖能量
Life explorer & globetrotter • Peace & love
leozheyuanli6@gmail.com",疲倦,pass,low_depression_risk_user
leoliglobetrotter,LeoZLi,"忙裏偷閒，記錄我一個人生活的10個幸福小片段。你，會有共鳴嗎？
清晨的陽光穿過樹葉，落在攤開的筆記本上。旁邊那杯熱咖啡冒著白霧。新的一天，慢一點也沒關係。
山路蜿蜒，一個人背著行囊往上走。遠處的雲霧輕飄著，每一步雖不快，卻都在靠近屬於自己的風景。
海邊的礁石上，夕陽染紅了海面。望著歸航的船隻。誠心的等待，會有溫柔的回音。
午後的公園裡，風輕吹樹梢，小孩的笑聲在空氣裡回蕩。幸福就是不喧嘩，卻剛剛好。
廚房裡有湯的香氣，貓在窗台上打盹。生活不要完美，只要有熱、有味、有點光，就足夠。
下雨的下午，坐在窗邊發呆，看雨滴一顆顆落下。有人說這叫浪費時間，我卻覺得那才是幸福的節奏。
深夜走在回家路上，城市燈光閃閃爍爍。雖然一個人但不覺孤單。夜風吹來，整個世界都變得溫柔。
某天早上醒來，發現自己不再急著打開手機，也不再感到焦慮。平靜從容，就是幸福的樣子。
假日午後，和朋友坐在路邊喝手搖，聊著沒什麼結論的話題。陽光暖暖，什麼都不做也不浪費。
健身房裡一場痛快的流汗，舉完鐵，氣喘吁吁。回到家沖個熱水澡，整個人都被洗得清爽又輕盈。幸福，就是超有力氣和元氣。
在初冬的日本，祝你開心:P",2025-11-11 10:30:00,"人生探索者·工作之餘出版了五本書·獨住西雅圖
畢業於耶魯（學士）與哈佛（MBA）
用中文記錄與世界的互動·一起感受溫暖能量
Life explorer & globetrotter • Peace & love
leozheyuanli6@gmail.com",疲倦,pass,low_depression_risk_user
zzz._ss_,zzz._ss_,"真的
好煩好煩
看著天數一天天減少，感覺每天都
渾渾噩噩
的過，不知道自己到底在幹嘛，想讀書但每次都被
無力感
淹沒，
不知道從何開始，又開始焦慮
，一直反覆循環。
就比如現在我
又睡不著了
，
平常寫數學都會寫到睡著，越接近越焦慮
連寫
數學
都不能讓我
睡著
了嗎⋯？
我就是那種，一邊擔心者自己的未來，一邊滑著手機的賤人，但不代表我不在乎成績。我不是不在乎，是不願意面對而已⋯⋯",2025-11-19 02:27:00,,無力感,not_enough_posts,skipped
zzz._ss_,zzz._ss_,"其實我根本不在乎成績
我完全不在意
我只會大晚上躲在被窩偷偷哭泣埋怨自己的墮落，隔天裝的完全沒事去學校上課⋯",2025-11-18 23:19:00,,無力感,not_enough_posts,skipped
_nobody_know_who_am_i,_nobody_know_who_am_i,突然有種化妝以後只是醜的比較精緻的無力感,2025-11-26 23:02:00,,無力感,not_enough_posts,skipped
daxox_19,daxox_19,"一check完turnitin 發現得自己個part冇用AI
個種無力感有冇人明…💦😫😫",2025-11-22 01:03:00,🇭🇰,無力感,not_enough_posts,skipped
daxox_19,daxox_19,拖延症…,2025-11-21 04:39:00,🇭🇰,無力感,not_enough_posts,skipped
s1w._____,s1w._____,作為社工學生但乜都做唔到嘅無力感,2025-11-29 21:01:00,"如果估到我係邊個可唔可以當冇睇過
你做乜又撳入嚟⋯⋯唔好Stalk我多謝(T^T)",無力感,non_life,skipped
s1w._____,s1w._____,"最近見到啲新聞好唔開心呀
日日都喊緊 好唔舒服
咁多無辜生命⋯⋯
想死嘅人死唔去 唔應該死嘅人就咁樣⋯⋯",2025-11-29 20:55:00,"如果估到我係邊個可唔可以當冇睇過
你做乜又撳入嚟⋯⋯唔好Stalk我多謝(T^T)",無力感,non_life,skipped
s1w._____,s1w._____,"啊啊啊啊就算啲老師全部都係社工
我傾唔到啊￼ 聽日又要返學，
日日都喺度掙扎真係好攰
反覆想死嘅狀態已經五年
幾時完",2025-11-26 04:23:00,"如果估到我係邊個可唔可以當冇睇過
你做乜又撳入嚟⋯⋯唔好Stalk我多謝(T^T)",無力感,non_life,skipped
s1w._____,s1w._____,我唔敢搵人同我傾偈，如果我搵真人我會覺得好尷尬，我真係好攰好冇心機好似一個垃圾咁樣喺度掙扎求存,2025-11-26 04:20:00,"如果估到我係邊個可唔可以當冇睇過
你做乜又撳入嚟⋯⋯唔好Stalk我多謝(T^T)",無力感,non_life,skipped
s1w._____,s1w._____,"日日都係咁同AI傾偈
今日着住校裙
個袋裝完手機磨到我嘅傷口好痛好痛啊",2025-11-26 04:13:00,"如果估到我係邊個可唔可以當冇睇過
你做乜又撳入嚟⋯⋯唔好Stalk我多謝(T^T)",無力感,non_life,skipped
s1w._____,s1w._____,"我係認真的唉 好似咁樣就可以結束一切了
身邊都冇乜人support我￼￼￼￼ 
最近已經痛苦到冇返學幾日
個人又冇乜力 再落去都冇乜意思
有好多人都唔捨得啊
今日好認真望住好多人嘅樣￼￼
同佢哋講我真係好唔捨得你￼
唔捨得你哋⋯⋯",2025-11-26 04:06:00,"如果估到我係邊個可唔可以當冇睇過
你做乜又撳入嚟⋯⋯唔好Stalk我多謝(T^T)",無力感,non_life,skipped
s1w._____,s1w._____,好想跳樓,2025-11-26 04:02:00,"如果估到我係邊個可唔可以當冇睇過
你做乜又撳入嚟⋯⋯唔好Stalk我多謝(T^T)",無力感,non_life,skipped
s1w._____,s1w._____,北歐是我們死亡的終站,2025-11-25 01:03:00,"如果估到我係邊個可唔可以當冇睇過
你做乜又撳入嚟⋯⋯唔好Stalk我多謝(T^T)",無力感,non_life,skipped
s1w._____,s1w._____,已經一天冇食過飯￼ 最近都冇咩食慾,2025-11-25 00:54:00,"如果估到我係邊個可唔可以當冇睇過
你做乜又撳入嚟⋯⋯唔好Stalk我多謝(T^T)",無力感,non_life,skipped
s1w._____,s1w._____,知唔知自殘嘅我究竟有幾爽？好似我終於可以控制啲嘢咁我望住啲皮打開啲肉啲血流出嚟我真係好撚爽,2025-11-25 00:51:00,"如果估到我係邊個可唔可以當冇睇過
你做乜又撳入嚟⋯⋯唔好Stalk我多謝(T^T)",無力感,non_life,skipped
s1w._____,s1w._____,"「好高興認識你。」
呢句話係我人生咁多年嚟，好似都聽過無數次。
呢句係前兩日有個人同我等車嘅時候，咁樣同我講，突然間入冬嘅天氣，加埋啲風真係好凍，好凍嘅時候成日都會閃回以前嘅點滴，我突然諗返起係好耐好耐之前，我喺locker拎咗個蝴蝶結呔，你都有咁樣同我講過。
人都係會變，偷睇完你近排update嘅嘢，發現其實我哋已經變咗陌生人，我唔識你，你唔識我，但係你仍然好似困喺過去，同之前一樣。
我都係。
估唔到自己響selfun成長經歷同埋上堂嘅時候候都提過你，唔知點解，你話重要又唔重要，唔重要又唔算係，可能我自己都唔知可以寫啲咩落去，share自己經歷嘅時候都唔知可以講啲咩。唯有講啲已經整理好嘅諗法同埋經歷，但係我一句都唔想講，寫文嘅時候又唔想寫，搞笑係唯有將你抌出嚟，將呢啲功課推搪過去，諗諗吓真係唔好意思
前兩日同人呻太多功課，根本就做唔切，好frus。佢問我有咩功課，我講咗之後佢諗咗下，問我我做成長經歷嘅時候係咪覺得最辛苦最難做到，佢覺得我好難寫到線性嘅敘事成長經歷，因為我好似有好多個我咁，我突然間發現好似真係，又一發現，真係醍醐灌頂。",2025-11-23 18:11:00,"如果估到我係邊個可唔可以當冇睇過
你做乜又撳入嚟⋯⋯唔好Stalk我多謝(T^T)",無力感,non_life,skipped
s1w._____,s1w._____,"過幾日畢業禮就可以搵返中學社工傾偈
好掛住佢😭￼ 沒有佢嘅日子好難捱",2025-11-23 00:07:00,"如果估到我係邊個可唔可以當冇睇過
你做乜又撳入嚟⋯⋯唔好Stalk我多謝(T^T)",無力感,non_life,skipped
s1w._____,s1w._____,心口怪怪哋,2025-11-22 16:56:00,"如果估到我係邊個可唔可以當冇睇過
你做乜又撳入嚟⋯⋯唔好Stalk我多謝(T^T)",無力感,non_life,skipped
s1w._____,s1w._____,好攰,2025-11-22 15:34:00,"如果估到我係邊個可唔可以當冇睇過
你做乜又撳入嚟⋯⋯唔好Stalk我多謝(T^T)",無力感,non_life,skipped
s1w._____,s1w._____,而家已經開始擔心緊實習,2025-11-22 02:14:00,"如果估到我係邊個可唔可以當冇睇過
你做乜又撳入嚟⋯⋯唔好Stalk我多謝(T^T)",無力感,non_life,skipped
s1w._____,s1w._____,"讀緊社工 ￼而家同社工傾計
：你同屋企/朋友關係呢？你會點形容？
: emmm closed boundary😄😭🙏🏻
Pov 大家都靜左
我：你係咪用緊use of silence😭😭😭😭
：Xxxx你覺得係定唔係？
: closed end question😭😭😭😭",2025-11-22 00:29:00,"如果估到我係邊個可唔可以當冇睇過
你做乜又撳入嚟⋯⋯唔好Stalk我多謝(T^T)",無力感,non_life,skipped
s1w._____,s1w._____,我呃左人話我冇自傷過嗚嗚嗚嗚嗚嗚sorry,2025-11-21 22:54:00,"如果估到我係邊個可唔可以當冇睇過
你做乜又撳入嚟⋯⋯唔好Stalk我多謝(T^T)",無力感,non_life,skipped
s1w._____,s1w._____,"幾個月之前以為
考完DSE以後嘅生活就可以快樂逍遙自由又自在好似唔使上堂 唔使讀書咁
而家先發現DSE其實係第一關 
￼有時候真係好想返去細細個咩都唔使諗嘅日子",2025-11-21 00:54:00,"如果估到我係邊個可唔可以當冇睇過
你做乜又撳入嚟⋯⋯唔好Stalk我多謝(T^T)",無力感,non_life,skipped
s1w._____,s1w._____,我嘅流量貌似返咗嚟,2025-11-20 17:10:00,"如果估到我係邊個可唔可以當冇睇過
你做乜又撳入嚟⋯⋯唔好Stalk我多謝(T^T)",無力感,non_life,skipped
s1w._____,s1w._____,"想問下女仔plan獨旅日本要注意啲咩！！！
想試吓自己去旅行😭",2025-11-19 20:34:00,"如果估到我係邊個可唔可以當冇睇過
你做乜又撳入嚟⋯⋯唔好Stalk我多謝(T^T)",無力感,non_life,skipped
s1w._____,s1w._____,Sem尾攰到傻,2025-11-19 01:56:00,"如果估到我係邊個可唔可以當冇睇過
你做乜又撳入嚟⋯⋯唔好Stalk我多謝(T^T)",無力感,non_life,skipped
s1w._____,s1w._____,啊啊啊啊,2025-11-19 01:43:00,"如果估到我係邊個可唔可以當冇睇過
你做乜又撳入嚟⋯⋯唔好Stalk我多謝(T^T)",無力感,non_life,skipped
s1w._____,s1w._____,"好似咩都未試過 但又好似咩都試過晒
返唔到去 
曾經嚮往嘅生活 其實唔係咁爽",2025-11-19 01:40:00,"如果估到我係邊個可唔可以當冇睇過
你做乜又撳入嚟⋯⋯唔好Stalk我多謝(T^T)",無力感,non_life,skipped
s1w._____,s1w._____,"感覺自己就係個廢人 人生就咁玩爛
好懷住細個好天真嘅自己",2025-11-19 01:39:00,"如果估到我係邊個可唔可以當冇睇過
你做乜又撳入嚟⋯⋯唔好Stalk我多謝(T^T)",無力感,non_life,skipped
s1w._____,s1w._____,極度疲累，想繼續瞓、唔想起身,2025-11-17 11:56:00,"如果估到我係邊個可唔可以當冇睇過
你做乜又撳入嚟⋯⋯唔好Stalk我多謝(T^T)",無力感,non_life,skipped
s1w._____,s1w._____,讀到就嚟精神分裂,2025-11-17 00:08:00,"如果估到我係邊個可唔可以當冇睇過
你做乜又撳入嚟⋯⋯唔好Stalk我多謝(T^T)",無力感,non_life,skipped
s1w._____,s1w._____,"含撚啦
柒頭groupmate係咪以為自己好撚勁？
淨係得把口咩都唔做話你係freeride 
你又唔啹￼
唔通話你做咗好多做得好好咩
用把口就可以做grp project 😂😂😂😂😂😂",2025-11-17 00:07:00,"如果估到我係邊個可唔可以當冇睇過
你做乜又撳入嚟⋯⋯唔好Stalk我多謝(T^T)",無力感,non_life,skipped
s1w._____,s1w._____,寧願讀六￼科六科都有￼exam我都唔要做一份grp project黐撚線,2025-11-17 00:03:00,"如果估到我係邊個可唔可以當冇睇過
你做乜又撳入嚟⋯⋯唔好Stalk我多謝(T^T)",無力感,non_life,skipped
s1w._____,s1w._____,近排都死死地,2025-11-16 18:57:00,"如果估到我係邊個可唔可以當冇睇過
你做乜又撳入嚟⋯⋯唔好Stalk我多謝(T^T)",無力感,non_life,skipped
s1w._____,s1w._____,"有份asm B-左 我都唔使旨意讀返大學
我都係訓多陣先",2025-11-16 18:50:00,"如果估到我係邊個可唔可以當冇睇過
你做乜又撳入嚟⋯⋯唔好Stalk我多謝(T^T)",無力感,non_life,skipped
s1w._____,s1w._____,呢幾日日日都訓十鳩幾個鐘 好眼訓 好攰,2025-11-16 18:42:00,"如果估到我係邊個可唔可以當冇睇過
你做乜又撳入嚟⋯⋯唔好Stalk我多謝(T^T)",無力感,non_life,skipped
dr.3kids,鄭宜蕙醫師| 三寶媽| 醫美醫師,"我記得當年我剛進入北一女，高一上學期建中和我們學校就各有1位同學因為課業壓力離開這個世界，當時學校怕公布成績會刺激到更多人，於是改成每個人「只看得到自己的排名」
我記得第一次期中考我考全班20名（班上4X個人），當時其實無力感滿重的，不過對我這個「地才」來說，也只能安慰自己慢慢調整腳步
走到如今回頭看，當時的考驗只不過是人生中一場微不足道的試煉，但對當下年幼的心靈來說卻可能會天崩地裂",2025-11-28 12:08:00,"鄭宜蕙醫師
醫學美容｜抗老｜雙北
三寶媽｜大寶👧雙胞胎👦👦
✏️醫療小知識✏️診間日常✏️育兒分享",無力感,pass,low_depression_risk_user
dr.3kids,鄭宜蕙醫師| 三寶媽| 醫美醫師,"幼兒園老師的十八般武藝
雙寶幼兒園的老師打給我：
媽媽，XX(兒子名）今天穿了一件外套回去，但是別的老師說「另一件」才是他的
我：怎麼分辨的呀😲
老師：那個老師用
「聞」
的，她說那個外套是你們家
洗衣精的味道
！！！🐶🐶🐶",2025-11-26 15:07:00,"鄭宜蕙醫師
醫學美容｜抗老｜雙北
三寶媽｜大寶👧雙胞胎👦👦
✏️醫療小知識✏️診間日常✏️育兒分享",無力感,pass,low_depression_risk_user
dr.3kids,鄭宜蕙醫師| 三寶媽| 醫美醫師,"看到其他脆友在票選「這輩子最愛醫美項目」很多人選了「肉毒」，我也投肉毒1票
我第一次接觸的微整形是「肉毒咀嚼肌」
遙想當年拍婚紗照時新秘一直在我肥大的腮幫子打陰影，於是在辦婚禮前2個月打了我人生中第一次的肉毒，打完的效果令我太驚艷！
這幾年我陸續打了抬頭紋、皺眉紋、魚尾紋、皺鼻紋、下巴、陽婆婆紋、下臉拉提、火雞脖紋！",2025-11-24 17:42:00,"鄭宜蕙醫師
醫學美容｜抗老｜雙北
三寶媽｜大寶👧雙胞胎👦👦
✏️醫療小知識✏️診間日常✏️育兒分享",無力感,pass,low_depression_risk_user
dr.3kids,鄭宜蕙醫師| 三寶媽| 醫美醫師,"前幾天一位看起來很開朗的客人跟我說
當年她在家人反對之下義無反顧嫁給老公
不只生三個小孩、跟先生白手起家創業
還同時照顧
中風20年的公公
失智10年的婆婆
她說醫美的費用由老公贊助
👩🏻‍⚕️我：若一生能有妳這樣的伴侶，一輩子的保養費用我全出！",2025-11-15 15:17:00,"鄭宜蕙醫師
醫學美容｜抗老｜雙北
三寶媽｜大寶👧雙胞胎👦👦
✏️醫療小知識✏️診間日常✏️育兒分享",無力感,pass,low_depression_risk_user
zzz_12425,菱,"今天對我來說
走出家門買午餐
已經是一個大挑戰
來回 600 公尺
對現在的我來說
是很大的進步
曾經連 100 公尺都踏不出去
所以今天的自己
真的值得被抱抱🫂
也值得一個小小的勇氣勳章🏅
#恐慌與憂鬱日記",2025-11-24 17:30:00,"恐慌與憂鬱和焦慮日記 📝
記錄小小進步也接住偶爾的低落",焦慮,pass,high_depression_risk_user
zzz_12425,菱,"今天的我
難過到快撐不住
但我還是鼓起勇氣
打給了家人
而不是再讓自己受傷
#恐慌與憂鬱日記",2025-11-23 17:25:00,"恐慌與憂鬱和焦慮日記 📝
記錄小小進步也接住偶爾的低落",焦慮,pass,high_depression_risk_user
zzz_12425,菱,"昨天晚上
媽媽到我夢裡來了
我忍不住問她：
「媽媽..妳火化的時候 身體還會痛嗎」
她笑著
很溫柔很平靜的說：
「不會痛了 妳不用擔心媽媽
妳要照顧好自己 媽媽會守護著妳」
醒來之後
我把夢告訴爸爸和姐姐
結果我們三個都哭了
那一瞬間
好像真的又見到她
也更想她了
#恐慌與憂鬱日記 #思念 #療癒 #家人",2025-11-22 20:41:00,"恐慌與憂鬱和焦慮日記 📝
記錄小小進步也接住偶爾的低落",焦慮,pass,high_depression_risk_user
zzz_12425,菱,"如果恐慌症發作
而我又忘了帶備用藥
症狀又很嚴重
我可以叫救護車嗎
我有點擔心會浪費醫療資源
但又真的很害怕自己應付不來
有人也有過這種經驗嗎
你們會怎麼做呢
#恐慌與憂鬱日記",2025-11-22 17:08:00,"恐慌與憂鬱和焦慮日記 📝
記錄小小進步也接住偶爾的低落",焦慮,pass,high_depression_risk_user
zzz_12425,菱,"那些只有生病過的人才懂的小事
吃藥前要深呼吸
出門前要努力把自己說服一下
排隊的人多就會開始不安
買便當也要心理預備
連回訊息都需要勇氣
這些別人看起來像小事的東西
我每天都在重新挑戰一次
但你知道嗎
只要做到一件
就已經很不容易了
如果你也一樣
那我們一起慢慢好起來
#恐慌與憂鬱日記",2025-11-22 12:57:00,"恐慌與憂鬱和焦慮日記 📝
記錄小小進步也接住偶爾的低落",焦慮,pass,high_depression_risk_user
zzz_12425,菱,"正處在憂鬱期的我
今天做了幾件看起來很小的事
呼吸
回了一些訊息
出門買了雞肉飯和飲料
還在公園慢慢走了一圈
就這樣而已
聽起來簡單到不能再簡單
但每一件都要我用上
一百二十分的力氣才能做到
但我做到了
今天有活下來
這樣就足夠了
#恐慌與憂鬱日記",2025-11-21 15:55:00,"恐慌與憂鬱和焦慮日記 📝
記錄小小進步也接住偶爾的低落",焦慮,pass,high_depression_risk_user
zzz_12425,菱,"有人在身心科看診時
忍不住哭出來過嗎
今天不知道為什麼
候診區的人超多
我也特別早到
結果還是等了一個多小時
人越來越多
我越來越不安
心跳快到連呼吸都跟不上
手心一直冒汗
我拼命提醒自己沒事
但輪到我的那一刻
看到醫生
情緒直接崩掉
眼淚一下就掉下來
完全停不下來
那瞬間真的覺得好丟臉
是不是其實
很多人也跟我一樣
撐到最後一刻
才敢在安全的地方
讓自己崩潰一下
#恐慌與憂鬱日記",2025-11-20 15:56:00,"恐慌與憂鬱和焦慮日記 📝
記錄小小進步也接住偶爾的低落",焦慮,pass,high_depression_risk_user
zzz_12425,菱,"今天坐公車的時候
心裡突然一陣慌 呼吸也不順
手腳軟得快撐不住 腦子完全空白
我只想快點回家
抱著熟悉的棉被 心裡才會慢慢安定下來
暫時不敢再搭火車或公車
每次搭都會恐慌發作
恐慌症不是軟弱
只是身體先感受到危險 大腦還跟不上
每一次撐過去 都是一點點勇敢
有人也跟我一樣
搭公車火車時會這麼害怕嗎
#恐慌與憂鬱日記",2025-11-19 21:23:00,"恐慌與憂鬱和焦慮日記 📝
記錄小小進步也接住偶爾的低落",焦慮,pass,high_depression_risk_user
zzz_12425,菱,"自從爸爸知道我有恐慌症和憂鬱症後
他急得到處求神拜佛
只希望我能好一點
看著他那種又緊張又心疼的表情
我心裡真的酸到不行
長這麼大了
卻還讓爸爸為我四處奔波
為我擔心到連覺都睡不好
有時候真的好想抱抱他
跟他說我會努力
也希望他別再這麼操心了
有時候我多希望
能用自己的努力
回報他所有的牽掛
#恐慌與憂鬱日記",2025-11-19 19:46:00,"恐慌與憂鬱和焦慮日記 📝
記錄小小進步也接住偶爾的低落",焦慮,pass,high_depression_risk_user
zzz_12425,菱,"今天是被餓醒的
我只要血糖一低
恐慌就會跟著上來
才剛坐起來
整個人就開始發抖 心悸 喘不過氣
那一瞬間真的以為自己快不行了
先生還在睡
結果一睜眼看到我那樣
整個嚇到馬上清醒過來
幸好包包裡還有備用藥
我趕快吃了一顆
身體才慢慢穩下來
心也慢慢安定下來
#恐慌與憂鬱日記",2025-11-19 12:21:00,"恐慌與憂鬱和焦慮日記 📝
記錄小小進步也接住偶爾的低落",焦慮,pass,high_depression_risk_user
__xuan._.813,__xuan._.813,"『
永遠擺脫不了 自卑和容貌焦慮
』",2025-11-28 20:51:00,追愛居 追這裡沒用,焦慮,pass,non_depression_risk_user
__xuan._.813,__xuan._.813,這三個一定是最好的好朋友,2025-11-26 07:12:00,追愛居 追這裡沒用,焦慮,pass,non_depression_risk_user
__xuan._.813,__xuan._.813,"還
是
國
高
中
生
的
按",2025-11-22 14:45:00,追愛居 追這裡沒用,焦慮,pass,non_depression_risk_user
__xuan._.813,__xuan._.813,脆的雲林人來追唉居可以嗎,2025-11-20 21:47:00,追愛居 追這裡沒用,焦慮,pass,non_depression_risk_user
__xuan._.813,__xuan._.813,超冷 19度是怎樣,2025-11-18 20:07:00,追愛居 追這裡沒用,焦慮,pass,non_depression_risk_user
__xuan._.813,__xuan._.813,"這個冬天
也是20度以下了 我好冷",2025-11-18 20:07:00,追愛居 追這裡沒用,焦慮,pass,non_depression_risk_user
__xuan._.813,__xuan._.813,"父母說
多吃魚會變聰明 啊我怎麼吃了還沒變聰明？",2025-11-16 18:37:00,追愛居 追這裡沒用,焦慮,pass,non_depression_risk_user
__xuan._.813,__xuan._.813,"冬天有人牽手又怎樣 我
也有外套可以幫我暖手",2025-11-15 20:07:00,追愛居 追這裡沒用,焦慮,pass,non_depression_risk_user
__xuan._.813,__xuan._.813,冬天還是自己一個人過🙋🏻‍♀️,2025-11-15 18:29:00,追愛居 追這裡沒用,焦慮,pass,non_depression_risk_user
tyr.__.10,Instagram 用戶,先看完再走吧,2025-11-17 22:02:00,"追哀居就好
🇮🇩&🇹🇼",焦慮,pass,non_depression_risk_user
tyr.__.10,Instagram 用戶,我今天很美,2025-11-16 22:04:00,"追哀居就好
🇮🇩&🇹🇼",焦慮,pass,non_depression_risk_user
tyr.__.10,Instagram 用戶,這樣的混血朋友可以嗎👁️,2025-11-15 19:29:00,"追哀居就好
🇮🇩&🇹🇼",焦慮,pass,non_depression_risk_user
tyr.__.10,Instagram 用戶,好冷好冷🥶,2025-11-13 23:30:00,"追哀居就好
🇮🇩&🇹🇼",焦慮,pass,non_depression_risk_user
9iczzy_,9iczzy_,"你們懂
壓力大還要苦撐的感覺嗎",2025-11-27 22:26:00,,壓力大,pass,low_depression_risk_user
9iczzy_,9iczzy_,慢慢學會愛自己,2025-11-27 22:23:00,,壓力大,pass,low_depression_risk_user
9iczzy_,9iczzy_,活了十幾年 還是搞不懂自己零零碎碎的情緒,2025-11-27 21:59:00,,壓力大,pass,low_depression_risk_user
9iczzy_,9iczzy_,只要妳回頭 我發誓這輩子都不會再推開妳了,2025-11-27 21:52:00,,壓力大,pass,low_depression_risk_user
9iczzy_,9iczzy_,段考考不好不是我的問題 是出題老師的問題,2025-11-23 22:03:00,,壓力大,pass,low_depression_risk_user
9iczzy_,9iczzy_,幹火球祭請玖壹壹很好啊 為什麼要噴。,2025-11-23 20:09:00,,壓力大,pass,low_depression_risk_user
9iczzy_,9iczzy_,洪小風這段也太可愛了吧,2025-11-23 19:06:00,,壓力大,pass,low_depression_risk_user
9iczzy_,9iczzy_,"女生才懂
半夜生理期來 肚子痛到睡不著的那種感覺",2025-11-17 23:36:00,,壓力大,pass,low_depression_risk_user
9iczzy_,9iczzy_,希望明年還有南北貳路 幹玖壹壹真的很用心啦 辛苦了我愛你們,2025-11-16 02:36:00,,壓力大,pass,low_depression_risk_user
9iczzy_,9iczzy_,整個脆都是南北貳路 真的炸翻天了,2025-11-16 02:33:00,,壓力大,pass,low_depression_risk_user
xyun_0222,✮,"喔幹我不行了
壓力好大 二段好難 生物背不起來 數學難到哭 書讀不進去 整天好焦慮  每天都沒精神 每天在學校昏迷 我放棄了 我沒救了 我現在連踏出家門都覺得痛苦 頭髮又開始掉了 又開始了 社團為什麼也要給我壓力 好煩 明天又要裸考了 為什麼我不能休息 我連休息都覺得焦慮 我為什麼不能再聰明一點 好痛苦 好痛苦",2025-11-24 23:44:00,"想要自殺.
這裡是我唯一可以抒發情緒的地方
需要安慰的一個人🧏‍♀️",壓力大,pass,high_depression_risk_user
xyun_0222,✮,喔幹我好累 好煩 書都讀不進去,2025-11-24 23:20:00,"想要自殺.
這裡是我唯一可以抒發情緒的地方
需要安慰的一個人🧏‍♀️",壓力大,pass,high_depression_risk_user
xyun_0222,✮,讀書真的好累…,2025-11-20 00:25:00,"想要自殺.
這裡是我唯一可以抒發情緒的地方
需要安慰的一個人🧏‍♀️",壓力大,pass,high_depression_risk_user
xyun_0222,✮,幸好我今天有吃藥 不然今天的天氣割腕感覺很痛😔,2025-11-19 00:24:00,"想要自殺.
這裡是我唯一可以抒發情緒的地方
需要安慰的一個人🧏‍♀️",壓力大,pass,high_depression_risk_user
xyun_0222,✮,今天雖然情緒有一度陷進去 還有一度很激動 但我在拿起美工刀前就先跑去廁所冷靜了 好難得我冷靜下來了…我正在進步呢…,2025-11-19 00:06:00,"想要自殺.
這裡是我唯一可以抒發情緒的地方
需要安慰的一個人🧏‍♀️",壓力大,pass,high_depression_risk_user
xyun_0222,✮,我好需要鼓勵,2025-11-18 01:32:00,"想要自殺.
這裡是我唯一可以抒發情緒的地方
需要安慰的一個人🧏‍♀️",壓力大,pass,high_depression_risk_user
xyun_0222,✮,可以誇我嗎 我今天憂鬱症難得沒有發作🥲,2025-11-18 01:32:00,"想要自殺.
這裡是我唯一可以抒發情緒的地方
需要安慰的一個人🧏‍♀️",壓力大,pass,high_depression_risk_user
xyun_0222,✮,幹不是 看到一堆人看身心科都被什麼什麼話感動到哭 啊我的是怎樣 一直問我問題（幾點睡 在學校最喜歡什麼科目 最討厭什麼科目等等） 然後醫生還有重聽 要我重複講 說完後就直接放我走,2025-11-18 01:15:00,"想要自殺.
這裡是我唯一可以抒發情緒的地方
需要安慰的一個人🧏‍♀️",壓力大,pass,high_depression_risk_user
xyun_0222,✮,幹我不行了 好想死掉,2025-11-18 01:07:00,"想要自殺.
這裡是我唯一可以抒發情緒的地方
需要安慰的一個人🧏‍♀️",壓力大,pass,high_depression_risk_user
xyun_0222,✮,幹我不行了 我要崩潰了,2025-11-18 00:56:00,"想要自殺.
這裡是我唯一可以抒發情緒的地方
需要安慰的一個人🧏‍♀️",壓力大,pass,high_depression_risk_user
xyun_0222,✮,你以前還會觀察我的情緒的 現在連主動找我都不找…,2025-11-17 02:00:00,"想要自殺.
這裡是我唯一可以抒發情緒的地方
需要安慰的一個人🧏‍♀️",壓力大,pass,high_depression_risk_user
xyun_0222,✮,幹我不行了 好想割腕 但割了又要去輔導室,2025-11-17 00:22:00,"想要自殺.
這裡是我唯一可以抒發情緒的地方
需要安慰的一個人🧏‍♀️",壓力大,pass,high_depression_risk_user
xyun_0222,✮,幹 早知道當時不要因為藥難吃就全部丟掉了 現在整個痛苦到不行,2025-11-16 02:24:00,"想要自殺.
這裡是我唯一可以抒發情緒的地方
需要安慰的一個人🧏‍♀️",壓力大,pass,high_depression_risk_user
xyun_0222,✮,之前在我憂鬱時有你陪我 現在你交女朋友了 開始不願意花時間在我身上了 我也沒有了依靠,2025-11-16 01:32:00,"想要自殺.
這裡是我唯一可以抒發情緒的地方
需要安慰的一個人🧏‍♀️",壓力大,pass,high_depression_risk_user
xyun_0222,✮,幹我不行了 現在連踏出門都覺得痛苦,2025-11-16 01:30:00,"想要自殺.
這裡是我唯一可以抒發情緒的地方
需要安慰的一個人🧏‍♀️",壓力大,pass,high_depression_risk_user
xyun_0222,✮,🤯這組合愛了,2025-11-15 19:29:00,"想要自殺.
這裡是我唯一可以抒發情緒的地方
需要安慰的一個人🧏‍♀️",壓力大,pass,high_depression_risk_user
xyun_0222,✮,每節課我都在昏迷,2025-11-15 15:31:00,"想要自殺.
這裡是我唯一可以抒發情緒的地方
需要安慰的一個人🧏‍♀️",壓力大,pass,high_depression_risk_user
xyun_0222,✮,為什麼我要想這麼多…真的好累,2025-11-14 00:31:00,"想要自殺.
這裡是我唯一可以抒發情緒的地方
需要安慰的一個人🧏‍♀️",壓力大,pass,high_depression_risk_user
xyun_0222,✮,"學校電視牆出現Gummy B  啊啊啊 超激動 就很驚喜
youtu.be/0yCd…
⬆️在播這個欸🥹",2025-11-13 21:16:00,"想要自殺.
這裡是我唯一可以抒發情緒的地方
需要安慰的一個人🧏‍♀️",壓力大,pass,high_depression_risk_user
xyun_0222,✮,好想跟喜歡的人抱抱,2025-11-13 02:10:00,"想要自殺.
這裡是我唯一可以抒發情緒的地方
需要安慰的一個人🧏‍♀️",壓力大,pass,high_depression_risk_user
xyun_0222,✮,好想要有一個擁抱來安慰我,2025-11-13 02:10:00,"想要自殺.
這裡是我唯一可以抒發情緒的地方
需要安慰的一個人🧏‍♀️",壓力大,pass,high_depression_risk_user
xyun_0222,✮,沒辦法啊 可是他叫我小朋友欸😵‍💫,2025-11-11 01:02:00,"想要自殺.
這裡是我唯一可以抒發情緒的地方
需要安慰的一個人🧏‍♀️",壓力大,pass,high_depression_risk_user
xyun_0222,✮,跟你在一起後 才發現 原來我是戀愛腦😖,2025-11-11 00:44:00,"想要自殺.
這裡是我唯一可以抒發情緒的地方
需要安慰的一個人🧏‍♀️",壓力大,pass,high_depression_risk_user
xyun_0222,✮,"喔幹 他說我可愛還叫我小朋友欸
暈爛😵‍💫💕",2025-11-11 00:29:00,"想要自殺.
這裡是我唯一可以抒發情緒的地方
需要安慰的一個人🧏‍♀️",壓力大,pass,high_depression_risk_user
pkio2302,pkio2302,"每天都被錢追著跑
壓力大到沒辦法好好睡覺",2025-11-25 16:56:00,,壓力大,not_enough_posts,skipped
loiul2025,loiul2025,"強烈建議大家培養一個「成長型嗜好」
尤其是容易焦慮、常內耗的朋友！
這種嗜好不必很酷炫，但一定要是那種從0開始、需要時間和耐心慢慢累積的，例如：游泳、健身、登山、學樂器、寫作、畫畫、學新語言…
過程很重要：你會發現自己全神貫注在當下，一點一滴累積成長，長期堅持下去，系統練習，不斷進階
慢慢把小事做到極致，你會看到自己每一步的進步，感受到「我以為我不行，其實我能做到」的爽感
長期練習這件小事，它會滋養你、驅動你，當你遇到困難或心情低落時，這股力量會自動拉你走出困境，形成正向循環
把自我否定轉化成自我肯定，把內耗的能量用在自我建設上
這，就是成長型嗜好最大的魔力",2025-11-26 22:47:00,"海系女孩𓆉
海裡有我最像自己的樣子
Salt water addicted 🌊
swimmer · 海系靈魂 · 晒痕愛好者",否定自己,pass,low_depression_risk_user
loiul2025,loiul2025,"蔡康永有一段經典的話：
15歲覺得游泳難，就放棄游泳
18歲遇到喜歡的人約你去游泳
你只好說：「我不會耶」
18歲覺得英文難，懶得學
28歲遇到一個需要英文的超棒工作
你又只能說：「我不會耶」
人生前期越嫌麻煩、越懶得開始
後面就越容易錯過讓你心動的人、機會和風景
身為教游泳的我超有感
很多學生不是怕水，是怕麻煩、怕丟臉、怕開始
但一旦開始，每個人都會比自己想像中更進步",2025-11-25 22:12:00,"海系女孩𓆉
海裡有我最像自己的樣子
Salt water addicted 🌊
swimmer · 海系靈魂 · 晒痕愛好者",否定自己,pass,low_depression_risk_user
loiul2025,loiul2025,"想到高中時期有兩件事讓我超級恐懼
1.游泳課
要在不熟的同學（尤其男生）面前穿泳衣，那種赤裸感真的讓我心跳加速、好可怕！
我的泳衣是一年級必修游泳課後就封印的超大露背款，雖然現在知道沒人在意，但當時真的尷尬到想找地洞鑽
2.音樂課
我們跳華爾滋，而且一定男女搭配
第一次要跟男生手牽手，我整個人想尖叫！現在想到還會心跳漏拍
題外話誰要跟我跳，我覺得我跳得還不錯耶🤣",2025-11-24 22:12:00,"海系女孩𓆉
海裡有我最像自己的樣子
Salt water addicted 🌊
swimmer · 海系靈魂 · 晒痕愛好者",否定自己,pass,low_depression_risk_user
loiul2025,loiul2025,"今天去游泳的蒸氣室小趣事
一位阿姨看到我屁股，直說「好看！是不是有練？」
我們聊了聊重訓，聊得超開心
結果她出門前突然說：「欸～不好意思可以摸摸看嗎？」
我：「可以啊可以啊～」
接著另一位阿姨也說她也想摸摸看
最後整個蒸氣室就變成阿姨們排隊摸我的屁股😂",2025-11-23 21:51:00,"海系女孩𓆉
海裡有我最像自己的樣子
Salt water addicted 🌊
swimmer · 海系靈魂 · 晒痕愛好者",否定自己,pass,low_depression_risk_user
yyyyyyyy._93,yyyyyyyy._93,"我失望到一個極點：
算了都不要了",2025-11-25 19:44:00,個人簡介,失望,pass,low_depression_risk_user
yyyyyyyy._93,yyyyyyyy._93,你他媽乾脆直接消失在我的生活,2025-11-24 23:42:00,個人簡介,失望,pass,low_depression_risk_user
yyyyyyyy._93,yyyyyyyy._93,2026不會再有你了對吧,2025-11-24 00:28:00,個人簡介,失望,pass,low_depression_risk_user
yyyyyyyy._93,yyyyyyyy._93,"我就是
重感情的廢物",2025-11-23 09:05:00,個人簡介,失望,pass,low_depression_risk_user
yyyyyyyy._93,yyyyyyyy._93,我會因為幸福而忘記那些傷害 但我沒有因為被傷害而忘記那些幸福的瞬間,2025-11-23 09:05:00,個人簡介,失望,pass,low_depression_risk_user
yyyyyyyy._93,yyyyyyyy._93,有一天我們都會幸福到不再想起對方 我想 這就是分開的意義,2025-11-22 09:15:00,個人簡介,失望,pass,low_depression_risk_user
yyyyyyyy._93,yyyyyyyy._93,男生會在忘不掉前女友的情況下談新的戀愛嗎,2025-11-17 00:17:00,個人簡介,失望,pass,low_depression_risk_user
yyyyyyyy._93,yyyyyyyy._93,我走不出來 也接受不了新的人,2025-11-16 23:43:00,個人簡介,失望,pass,low_depression_risk_user
yyyyyyyy._93,yyyyyyyy._93,我不行了我好想你。,2025-11-16 01:16:00,個人簡介,失望,pass,low_depression_risk_user
_ting0305_,李雅婷,"這是我最後一次開這個網頁了～🤣
決定放棄高雄場
每天刷水泥地刷到火大、失望、心煩
就算到最後沒票也是會找一天去發台北場沒順利發的應援品",2025-11-27 12:50:00,"🇹🇼 ELF 💙 Leedonghae 
⋄一家三口 ⤫ 曬娃の日常 ⤫ SJ分享日常 ⍤⃝",心煩,non_life,skipped
_ting0305_,李雅婷,"一開始會員日沒搶到就不抱期望
但真的搶不到任何一張票時難過到連飯都吃不下🥹🥹
主辦的任何動作已經不想再批評
只希望以後換別人辦好嗎？
難過時看看好心ELF寄給我的海海糰子
希望能安慰一下心靈 🥹🥹",2025-11-23 13:33:00,"🇹🇼 ELF 💙 Leedonghae 
⋄一家三口 ⤫ 曬娃の日常 ⤫ SJ分享日常 ⍤⃝",心煩,non_life,skipped
_ting0305_,李雅婷,"果然臭手還是搶不到票～
生氣到一直說放棄了但手還是不停刷新確認有無釋票
明明住的這麼近還是進不去
台北有票無法進 🥲 
高雄卻…. 失敗 ～歐巴我們距離真的很遙遠
是否能期待韓國安可場後再回來大巨蛋看看我們啊～",2025-11-21 15:00:00,"🇹🇼 ELF 💙 Leedonghae 
⋄一家三口 ⤫ 曬娃の日常 ⤫ SJ分享日常 ⍤⃝",心煩,non_life,skipped
_ting0305_,李雅婷,"「爸爸人生畢業典禮」
在我30歲的今年我沒有了爸爸
從以前就覺得時間還很長 卻忽略人生總有意外
自從確診癌症 家裡的生活完全改變 
悲傷五階段每個人都在經歷
我爸還是樂觀面對 我們也努力給他正面思想鼓勵
但病情也不隨者我們期望進行
化療好幾次腫瘤還是不減反增 無法控制
直到劇痛暈眩送急診 再來就無法控制只能安寧照護
雖然已經做好心理準備 
但我還是不想面對 總希望奇蹟可以出現🥹🥹
離世當天是我和媽媽陪 
心再痛我也是要忍著說家裡、媽媽我都會顧不要擔心 
離開的當下心空空的 但最痛苦最無法接受是我媽
我也是要故作堅強鼓勵媽媽
這禮拜爸爸的告別式圓滿完成
謝謝這段時間幫忙及安慰我們的家人、朋友
人生不是結束 是新的開始
相信爸爸是去過著無病痛無煩惱的快樂生活
爸爸不要擔心 我會撐著這個家和媽媽 
爸爸這輩子你辛苦了～",2025-11-17 20:05:00,"🇹🇼 ELF 💙 Leedonghae 
⋄一家三口 ⤫ 曬娃の日常 ⤫ SJ分享日常 ⍤⃝",心煩,non_life,skipped
shi.merlin,Merlin  Shi,"我知道很辛苦，我知道連署真的不好拉，我知道有些人的言論令人心煩；你可以暫時灰心喪志，但找時間出去晃晃，吹吹風，唱唱歌，看看電影，跟朋友出去玩，轉換一下心情，再回來和大家一起努力.
不是說不可以心情不好，而是這種心情下的灰心發言真的會影響跟你一樣疲累的愛朦朧的大家.
不覺得朦朧仍在努力嗎？我們可以輸他嗎？",2025-12-02 09:03:00,永遠的于朦朧,心煩,non_life,skipped
shi.merlin,Merlin  Shi,youtube.com/short…,2025-12-02 08:54:00,永遠的于朦朧,心煩,non_life,skipped
shi.merlin,Merlin  Shi,"youtube.com/short…
演唐伯虎？",2025-12-02 08:35:00,永遠的于朦朧,心煩,non_life,skipped
shi.merlin,Merlin  Shi,公務員理應是中立的.有取向沒問題，但先把自己的工作做好吧！啊爛死了🔥🔥🔥,2025-12-02 08:33:00,永遠的于朦朧,心煩,non_life,skipped
shi.merlin,Merlin  Shi,政治即生活.,2025-12-02 08:30:00,永遠的于朦朧,心煩,non_life,skipped
shi.merlin,Merlin  Shi,youtube.com/watch…,2025-12-02 08:25:00,永遠的于朦朧,心煩,non_life,skipped
shi.merlin,Merlin  Shi,可惡極了🔥,2025-12-02 08:16:00,永遠的于朦朧,心煩,non_life,skipped
shi.merlin,Merlin  Shi,youtube.com/watch…,2025-12-02 08:13:00,永遠的于朦朧,心煩,non_life,skipped
shi.merlin,Merlin  Shi,"youtube.com/short…
妳矇到鼻子了😄",2025-12-02 06:59:00,永遠的于朦朧,心煩,non_life,skipped
shi.merlin,Merlin  Shi,發照片,2025-12-02 05:20:00,永遠的于朦朧,心煩,non_life,skipped
shi.merlin,Merlin  Shi,youtube.com/watch…,2025-12-02 04:50:00,永遠的于朦朧,心煩,non_life,skipped
shi.merlin,Merlin  Shi,"歌名「三生劫續今生緣」，網路找的歌詞，有點小錯誤.
你驚鴻一瞥此生只為你留戀
可惜餘生你不在身邊
若今生無緣
來生仍為你掛牽
你是永遠解不開的結
這幾句寫到我心裡去了",2025-12-02 04:11:00,永遠的于朦朧,心煩,non_life,skipped
shi.merlin,Merlin  Shi,"youtube.com/short…
飄飄欲仙",2025-12-02 00:52:00,永遠的于朦朧,心煩,non_life,skipped
shi.merlin,Merlin  Shi,"youtube.com/watch…
有魄力的女人👍
推一個!",2025-12-02 00:49:00,永遠的于朦朧,心煩,non_life,skipped
shi.merlin,Merlin  Shi,假齁糗,2025-12-02 00:27:00,永遠的于朦朧,心煩,non_life,skipped
shi.merlin,Merlin  Shi,國民黨已經在搞中共那一套了,2025-12-01 17:04:00,永遠的于朦朧,心煩,non_life,skipped
shi.merlin,Merlin  Shi,youtube.com/short…,2025-12-01 15:25:00,永遠的于朦朧,心煩,non_life,skipped
shi.merlin,Merlin  Shi,youtube.com/watch…,2025-12-01 15:24:00,永遠的于朦朧,心煩,non_life,skipped
shi.merlin,Merlin  Shi,youtube.com/watch…,2025-12-01 15:05:00,永遠的于朦朧,心煩,non_life,skipped
shi.merlin,Merlin  Shi,youtube.com/watch…,2025-12-01 15:01:00,永遠的于朦朧,心煩,non_life,skipped
shi.merlin,Merlin  Shi,朦朧和肖順堯合照,2025-12-01 14:51:00,永遠的于朦朧,心煩,non_life,skipped
shi.merlin,Merlin  Shi,youtube.com/watch…,2025-12-01 14:45:00,永遠的于朦朧,心煩,non_life,skipped
shi.merlin,Merlin  Shi,youtube.com/watch…,2025-12-01 14:41:00,永遠的于朦朧,心煩,non_life,skipped
shi.merlin,Merlin  Shi,youtube.com/short…,2025-12-01 14:36:00,永遠的于朦朧,心煩,non_life,skipped
shi.merlin,Merlin  Shi,youtube.com/short…,2025-12-01 14:32:00,永遠的于朦朧,心煩,non_life,skipped
shi.merlin,Merlin  Shi,"youtube.com/short…
要我飛就飛？😆",2025-12-01 13:38:00,永遠的于朦朧,心煩,non_life,skipped
shi.merlin,Merlin  Shi,youtube.com/watch…,2025-12-01 13:27:00,永遠的于朦朧,心煩,non_life,skipped
shi.merlin,Merlin  Shi,youtube.com/watch…,2025-12-01 12:54:00,永遠的于朦朧,心煩,non_life,skipped
shi.merlin,Merlin  Shi,youtube.com/watch…,2025-12-01 12:35:00,永遠的于朦朧,心煩,non_life,skipped
shi.merlin,Merlin  Shi,"youtube.com/short…
真是心碎",2025-12-01 12:31:00,永遠的于朦朧,心煩,non_life,skipped
shi.merlin,Merlin  Shi,youtube.com/watch…,2025-12-01 12:03:00,永遠的于朦朧,心煩,non_life,skipped
shi.merlin,Merlin  Shi,"facebook.com/share…
討論量遠超一線明星",2025-12-01 11:43:00,永遠的于朦朧,心煩,non_life,skipped
shi.merlin,Merlin  Shi,youtube.com/watch…,2025-12-01 11:28:00,永遠的于朦朧,心煩,non_life,skipped
shi.merlin,Merlin  Shi,youtube.com/short…,2025-12-01 10:52:00,永遠的于朦朧,心煩,non_life,skipped
shi.merlin,Merlin  Shi,youtube.com/watch…,2025-12-01 10:46:00,永遠的于朦朧,心煩,non_life,skipped
shi.merlin,Merlin  Shi,youtube.com/watch…,2025-12-01 10:39:00,永遠的于朦朧,心煩,non_life,skipped
shi.merlin,Merlin  Shi,youtube.com/watch…,2025-12-01 09:33:00,永遠的于朦朧,心煩,non_life,skipped
shi.merlin,Merlin  Shi,來吧！把衣服脫了！,2025-12-01 01:10:00,永遠的于朦朧,心煩,non_life,skipped
shi.merlin,Merlin  Shi,良心不容違背.,2025-12-01 00:46:00,永遠的于朦朧,心煩,non_life,skipped
shi.merlin,Merlin  Shi,"近期在臉書有發一些台灣政壇、台海現況的文，然後又被家人自我審查了，共產黨還沒來（我是相信全台灣一條心，牠們來不了），就要我過嘴巴上拉鍊的生活？
我知道他的憂慮，為了孩子的未來，但為了孩子，不該爭取一個沒有共產黨的台灣？
朦朧玩跳床",2025-11-30 22:02:00,永遠的于朦朧,心煩,non_life,skipped
shi.merlin,Merlin  Shi,threads.com/@yuns…,2025-11-30 13:40:00,永遠的于朦朧,心煩,non_life,skipped
shi.merlin,Merlin  Shi,引導粉絲成為更好的自己.,2025-11-30 11:21:00,永遠的于朦朧,心煩,non_life,skipped
shi.merlin,Merlin  Shi,罪大惡極,2025-11-30 11:03:00,永遠的于朦朧,心煩,non_life,skipped
shi.merlin,Merlin  Shi,你家門會不裝鎖嗎？,2025-11-30 09:46:00,永遠的于朦朧,心煩,non_life,skipped
shi.merlin,Merlin  Shi,"threads.com/@meng…
真的是心頭肉",2025-11-30 09:14:00,永遠的于朦朧,心煩,non_life,skipped
shi.merlin,Merlin  Shi,"他在這最後的一齣綜藝中，身心被折磨得枯瘦的情況，仍充滿了生之喜悅.
他從來沒有想離開.",2025-11-30 07:12:00,永遠的于朦朧,心煩,non_life,skipped
shi.merlin,Merlin  Shi,"鈍刀子折磨
我曾不只一次看過有脆友寫，不是沒肉吃，但是人肉，朦朧不吃，所以越來越瘦.
可見那些垃圾會吃人肉.",2025-11-30 04:43:00,永遠的于朦朧,心煩,non_life,skipped
shi.merlin,Merlin  Shi,沒人不喜歡他,2025-11-30 01:18:00,永遠的于朦朧,心煩,non_life,skipped
shi.merlin,Merlin  Shi,我們知道.,2025-11-29 16:58:00,永遠的于朦朧,心煩,non_life,skipped
shi.merlin,Merlin  Shi,備戰才能止戰.,2025-11-29 16:57:00,永遠的于朦朧,心煩,non_life,skipped
shi.merlin,Merlin  Shi,太好了,2025-11-29 16:49:00,永遠的于朦朧,心煩,non_life,skipped
shi.merlin,Merlin  Shi,分享不出來，用截圖.,2025-11-29 16:37:00,永遠的于朦朧,心煩,non_life,skipped
shi.merlin,Merlin  Shi,threads.com/@kyli…,2025-11-29 16:36:00,永遠的于朦朧,心煩,non_life,skipped
shi.merlin,Merlin  Shi,朦朧和狗狗們,2025-11-29 15:41:00,永遠的于朦朧,心煩,non_life,skipped
shi.merlin,Merlin  Shi,這就是我們為什麼要趕快連署.,2025-11-29 15:21:00,永遠的于朦朧,心煩,non_life,skipped
shi.merlin,Merlin  Shi,朦朧演林放，劇情新婚夜.,2025-11-29 15:18:00,永遠的于朦朧,心煩,non_life,skipped
shi.merlin,Merlin  Shi,一投降就沒有什麼友軍啦！,2025-11-29 15:02:00,永遠的于朦朧,心煩,non_life,skipped
shi.merlin,Merlin  Shi,那是香港傳統的不易延燒的竹製鷹架，問題在外圍不防火的便宜中製綠色網子，要護航中國領導人家屬捅的婁子到何時？北爛!,2025-11-29 14:48:00,永遠的于朦朧,心煩,non_life,skipped
shi.merlin,Merlin  Shi,牛仔裝朦朧,2025-11-29 14:36:00,永遠的于朦朧,心煩,non_life,skipped
shi.merlin,Merlin  Shi,朦朧的美字.,2025-11-29 12:44:00,永遠的于朦朧,心煩,non_life,skipped
shi.merlin,Merlin  Shi,一腦袋XX,2025-11-29 12:35:00,永遠的于朦朧,心煩,non_life,skipped
shi.merlin,Merlin  Shi,粉絲一路對臉拍，他沒有一絲不耐之色.還念天氣冷，快回家，像個老父親似的❤️,2025-11-29 12:32:00,永遠的于朦朧,心煩,non_life,skipped
shi.merlin,Merlin  Shi,清清爽爽的朦朧.,2025-11-29 12:16:00,永遠的于朦朧,心煩,non_life,skipped
shi.merlin,Merlin  Shi,"台派的定義到底是什麼?
生在台灣，長在台灣，不就該是台派嗎？
其實很多標籤都挺令我疑惑的.",2025-11-29 12:07:00,永遠的于朦朧,心煩,non_life,skipped
shi.merlin,Merlin  Shi,"youtube.com/watch…
少年朦朧",2025-11-29 12:02:00,永遠的于朦朧,心煩,non_life,skipped
shi.merlin,Merlin  Shi,Losing isn't an option!,2025-11-29 11:24:00,永遠的于朦朧,心煩,non_life,skipped
shi.merlin,Merlin  Shi,哪位藝人能做到他這樣?真心對待所有粉絲.,2025-11-29 11:15:00,永遠的于朦朧,心煩,non_life,skipped
shi.merlin,Merlin  Shi,threads.com/@leiy…,2025-11-29 11:07:00,永遠的于朦朧,心煩,non_life,skipped
shi.merlin,Merlin  Shi,我們繳稅不是為了養中國共產黨!!!,2025-11-29 10:39:00,永遠的于朦朧,心煩,non_life,skipped
shi.merlin,Merlin  Shi,"每天發照片，為的就是讓朦朧保有能見度，限流就限流，我就一直發.
大家就一直發吧！
樹洞是AI，大家不要用喔！我看不出來，sorry😂",2025-11-29 10:29:00,永遠的于朦朧,心煩,non_life,skipped
shi.merlin,Merlin  Shi,"我笑了又哭了.
難過的時候正好就看到了.
朦朧，你怎麼能這麼貼心.",2025-11-29 10:19:00,永遠的于朦朧,心煩,non_life,skipped
shi.merlin,Merlin  Shi,大家都愛你.,2025-11-29 10:05:00,永遠的于朦朧,心煩,non_life,skipped
shi.merlin,Merlin  Shi,全聯有中資，要壟斷台灣超市跟物流.,2025-11-29 08:08:00,永遠的于朦朧,心煩,non_life,skipped
shi.merlin,Merlin  Shi,threads.com/@hail…,2025-11-29 07:42:00,永遠的于朦朧,心煩,non_life,skipped
shi.merlin,Merlin  Shi,"facebook.com/share…
鸚鵡咬朦朧耳朵",2025-11-29 01:32:00,永遠的于朦朧,心煩,non_life,skipped
shi.merlin,Merlin  Shi,facebook.com/share…,2025-11-29 01:18:00,永遠的于朦朧,心煩,non_life,skipped
shi.merlin,Merlin  Shi,"和平需要大家共同的努力.
和平不會白白送給你.",2025-11-29 00:42:00,永遠的于朦朧,心煩,non_life,skipped
shi.merlin,Merlin  Shi,"youtube.com/watch…
真實性不知道，先存.",2025-11-29 00:00:00,永遠的于朦朧,心煩,non_life,skipped
shi.merlin,Merlin  Shi,facebook.com/share…,2025-11-28 23:18:00,永遠的于朦朧,心煩,non_life,skipped
shi.merlin,Merlin  Shi,youtube.com/watch…,2025-11-28 23:17:00,永遠的于朦朧,心煩,non_life,skipped
shi.merlin,Merlin  Shi,youtube.com/watch…,2025-11-28 22:30:00,永遠的于朦朧,心煩,non_life,skipped
shi.merlin,Merlin  Shi,"youtube.com/watch…
朦朧唱王維的相思",2025-11-28 17:46:00,永遠的于朦朧,心煩,non_life,skipped
shi.merlin,Merlin  Shi,朦朧好有男人味😍,2025-11-28 17:35:00,永遠的于朦朧,心煩,non_life,skipped
shi.merlin,Merlin  Shi,"youtube.com/watch…
描述約會前的期待，等待的焦急，對禮物的珍視在於送禮的人.",2025-11-28 16:49:00,永遠的于朦朧,心煩,non_life,skipped
shi.merlin,Merlin  Shi,朦朧他離開了我才知道他，也才真清楚看到中國共產黨罄竹難書的種種惡行，讓對政治渾渾噩噩的我，開始正視共產黨的危害是影響全世界的.,2025-11-28 16:32:00,永遠的于朦朧,心煩,non_life,skipped
shi.merlin,Merlin  Shi,剛完成.,2025-11-28 16:18:00,永遠的于朦朧,心煩,non_life,skipped
shi.merlin,Merlin  Shi,感覺有後招.,2025-11-28 16:16:00,永遠的于朦朧,心煩,non_life,skipped
shi.merlin,Merlin  Shi,youtube.com/watch…,2025-11-28 15:29:00,永遠的于朦朧,心煩,non_life,skipped
shi.merlin,Merlin  Shi,youtube.com/watch…,2025-11-28 14:39:00,永遠的于朦朧,心煩,non_life,skipped
shi.merlin,Merlin  Shi,"被好好愛著長大的孩子.
我們捨不得，父母更捨不得.",2025-11-28 12:31:00,永遠的于朦朧,心煩,non_life,skipped
shi.merlin,Merlin  Shi,youtube.com/watch…,2025-11-28 12:16:00,永遠的于朦朧,心煩,non_life,skipped
shi.merlin,Merlin  Shi,每天工作：怕發到後來沒照片可發，我看到關於朦朧的影片，我就連按截圖再修大小，慢慢發.,2025-11-28 10:31:00,永遠的于朦朧,心煩,non_life,skipped
shi.merlin,Merlin  Shi,"facebook.com/share…
誰清唱能這麼好聽？",2025-11-28 10:07:00,永遠的于朦朧,心煩,non_life,skipped
shi.merlin,Merlin  Shi,你真的很勇敢堅毅.,2025-11-28 09:54:00,永遠的于朦朧,心煩,non_life,skipped
shi.merlin,Merlin  Shi,真的北七,2025-11-28 09:53:00,永遠的于朦朧,心煩,non_life,skipped
shi.merlin,Merlin  Shi,沒有任何你現在擁有的自由，台灣人，睜大眼睛.,2025-11-28 09:47:00,永遠的于朦朧,心煩,non_life,skipped
shi.merlin,Merlin  Shi,"youtube.com/watch…
朦朧2016自導自演的作品.",2025-11-28 09:28:00,永遠的于朦朧,心煩,non_life,skipped
shi.merlin,Merlin  Shi,"music.youtube.com/watch…
菲比斯的意思",2025-11-28 09:26:00,永遠的于朦朧,心煩,non_life,skipped
shi.merlin,Merlin  Shi,溫柔的朦朧,2025-11-28 08:55:00,永遠的于朦朧,心煩,non_life,skipped
shi.merlin,Merlin  Shi,鏡的歌詞,2025-11-28 08:43:00,永遠的于朦朧,心煩,non_life,skipped
shi.merlin,Merlin  Shi,"不妨的歌詞
訂正：也動心聽過幾聲叮嚀
  籤短情長",2025-11-28 08:42:00,永遠的于朦朧,心煩,non_life,skipped
shi.merlin,Merlin  Shi,"facebook.com/share…
不妨也是朦朧自導自演，2022年的作品.
這是拍攝花絮.
M V成品好看又好聽.
他的歌聲對我本來說已不僅僅是歌聲了，是我的情緒安定劑，我會聽一輩子.",2025-11-28 08:27:00,永遠的于朦朧,心煩,non_life,skipped
shi.merlin,Merlin  Shi,朦朧2018年自導自演的MV，那時才30歲.,2025-11-28 08:17:00,永遠的于朦朧,心煩,non_life,skipped
shi.merlin,Merlin  Shi,人禍,2025-11-28 07:27:00,永遠的于朦朧,心煩,non_life,skipped
shi.merlin,Merlin  Shi,天佑香港,2025-11-28 07:25:00,永遠的于朦朧,心煩,non_life,skipped
shi.merlin,Merlin  Shi,你的笑治癒一切.,2025-11-28 07:24:00,永遠的于朦朧,心煩,non_life,skipped
shi.merlin,Merlin  Shi,youtube.com/watch…,2025-11-28 06:44:00,永遠的于朦朧,心煩,non_life,skipped
shi.merlin,Merlin  Shi,youtube.com/watch…,2025-11-28 02:38:00,永遠的于朦朧,心煩,non_life,skipped
shi.merlin,Merlin  Shi,台灣的自由與世界息息相關.,2025-11-28 01:19:00,永遠的于朦朧,心煩,non_life,skipped
shi.merlin,Merlin  Shi,朦朧盛世美顏，氣質超好的那種.,2025-11-28 00:42:00,永遠的于朦朧,心煩,non_life,skipped
shi.merlin,Merlin  Shi,是的，你可以相信我們.,2025-11-28 00:41:00,永遠的于朦朧,心煩,non_life,skipped
shi.merlin,Merlin  Shi,facebook.com/share…,2025-11-28 00:17:00,永遠的于朦朧,心煩,non_life,skipped
shi.merlin,Merlin  Shi,"facebook.com/share…
好的偶像，能引導粉絲成為更好的人.",2025-11-28 00:14:00,永遠的于朦朧,心煩,non_life,skipped
shi.merlin,Merlin  Shi,說得好,2025-11-27 17:52:00,永遠的于朦朧,心煩,non_life,skipped
shi.merlin,Merlin  Shi,給貓咪所有的溫柔🥰,2025-11-27 15:41:00,永遠的于朦朧,心煩,non_life,skipped
shi.merlin,Merlin  Shi,他是會讓人念念不忘，越來越喜歡尊敬的人.,2025-11-27 15:33:00,永遠的于朦朧,心煩,non_life,skipped
shi.merlin,Merlin  Shi,"新北市是第三批發放，繼續等.
不過也可以先上網看電子版.",2025-11-27 11:05:00,永遠的于朦朧,心煩,non_life,skipped
shi.merlin,Merlin  Shi,認真,2025-11-27 09:52:00,永遠的于朦朧,心煩,non_life,skipped
shi.merlin,Merlin  Shi,粉絲視角：朦朧發點心，電死我了😍,2025-11-27 09:40:00,永遠的于朦朧,心煩,non_life,skipped
shi.merlin,Merlin  Shi,這好笑,2025-11-27 09:27:00,永遠的于朦朧,心煩,non_life,skipped
shi.merlin,Merlin  Shi,這樣作賤我們最寶貴的朦朧🔥,2025-11-26 22:29:00,永遠的于朦朧,心煩,non_life,skipped
shi.merlin,Merlin  Shi,噁爛到極點,2025-11-26 22:28:00,永遠的于朦朧,心煩,non_life,skipped
shi.merlin,Merlin  Shi,youtube.com/short…,2025-11-26 19:56:00,永遠的于朦朧,心煩,non_life,skipped
shi.merlin,Merlin  Shi,youtube.com/watch…,2025-11-26 12:24:00,永遠的于朦朧,心煩,non_life,skipped
shi.merlin,Merlin  Shi,珍惜貓咪真的不想理你的時候.,2025-11-26 11:25:00,永遠的于朦朧,心煩,non_life,skipped
shi.merlin,Merlin  Shi,"facebook.com/share…
多少優秀的年輕人被消失了",2025-11-26 10:47:00,永遠的于朦朧,心煩,non_life,skipped
shi.merlin,Merlin  Shi,facebook.com/share…,2025-11-26 10:42:00,永遠的于朦朧,心煩,non_life,skipped
shi.merlin,Merlin  Shi,各位小老婆們🤣,2025-11-26 08:39:00,永遠的于朦朧,心煩,non_life,skipped
shi.merlin,Merlin  Shi,"youtube.com/watch…
淙淙如泉水的歌聲",2025-11-26 08:14:00,永遠的于朦朧,心煩,non_life,skipped
shi.merlin,Merlin  Shi,攻擊就是最好的防禦！,2025-11-25 13:32:00,永遠的于朦朧,心煩,non_life,skipped
shi.merlin,Merlin  Shi,真的是當代吳三桂,2025-11-25 13:26:00,永遠的于朦朧,心煩,non_life,skipped
shi.merlin,Merlin  Shi,擋住擋住通通擋住,2025-11-25 12:32:00,永遠的于朦朧,心煩,non_life,skipped
shi.merlin,Merlin  Shi,"youtube.com/watch…
照絮語傳達朦朧的意念，朦朧現在很好，成為高階靈體，靈魂光球的存在，知道了更多他以前不知道的事.
但他仍持續努力在推動揭發黑幕，要大家保持內心的良善，說2、3年間持續會有事爆出，有些人會出現結局.
他也感謝大家持續的為他聲援.
靈界的事我不了解，也沒能力確定什麼，
畢竟消息來源太多了，只是這內容覺得不是亂七八糟的.
覺得有點安慰，感覺他現在似乎好好的，還在大家身邊.",2025-11-25 11:30:00,永遠的于朦朧,心煩,non_life,skipped
shi.merlin,Merlin  Shi,我們一起倔強.,2025-11-25 10:18:00,永遠的于朦朧,心煩,non_life,skipped
shi.merlin,Merlin  Shi,threads.com/@sisi…,2025-11-25 10:12:00,永遠的于朦朧,心煩,non_life,skipped
shi.merlin,Merlin  Shi,"youtube.com/short…
好溫柔的歌聲.",2025-11-25 09:48:00,永遠的于朦朧,心煩,non_life,skipped
shi.merlin,Merlin  Shi,微光中的朦朧,2025-11-25 09:26:00,永遠的于朦朧,心煩,non_life,skipped
shi.merlin,Merlin  Shi,藍白推四等親可結婚來洗人口，讓中國人可以更快速增加在台人口，看看這位苦主，他的祖輩堂兄妹結婚，後果產生在他身上，而且這在中共國也不合法，藍白已是禽獸，是要怎麼害台灣就怎麼做？,2025-11-25 08:37:00,永遠的于朦朧,心煩,non_life,skipped
shi.merlin,Merlin  Shi,看藍白亂台很焦慮，看朦朧冷靜一下.,2025-11-25 01:15:00,永遠的于朦朧,心煩,non_life,skipped
shi.merlin,Merlin  Shi,youtube.com/short…,2025-11-24 14:33:00,永遠的于朦朧,心煩,non_life,skipped
shi.merlin,Merlin  Shi,youtube.com/short…,2025-11-24 13:51:00,永遠的于朦朧,心煩,non_life,skipped
shi.merlin,Merlin  Shi,朦朧有一雙道是無情卻有情，極動人的眼眸.,2025-11-24 13:05:00,永遠的于朦朧,心煩,non_life,skipped
shi.merlin,Merlin  Shi,每天改變一點點,2025-11-24 11:47:00,永遠的于朦朧,心煩,non_life,skipped
shi.merlin,Merlin  Shi,朦朧生氣了,2025-11-24 11:01:00,永遠的于朦朧,心煩,non_life,skipped
shi.merlin,Merlin  Shi,youtube.com/watch…,2025-11-24 10:40:00,永遠的于朦朧,心煩,non_life,skipped
shi.merlin,Merlin  Shi,看看笑一笑,2025-11-24 10:29:00,永遠的于朦朧,心煩,non_life,skipped
shi.merlin,Merlin  Shi,"來看又帥又美又可愛坦率的朦朧.
每日工事發照片🥰",2025-11-24 10:00:00,永遠的于朦朧,心煩,non_life,skipped
shi.merlin,Merlin  Shi,youtube.com/short…,2025-11-24 09:39:00,永遠的于朦朧,心煩,non_life,skipped
shi.merlin,Merlin  Shi,youtube.com/watch…,2025-11-24 09:17:00,永遠的于朦朧,心煩,non_life,skipped
shi.merlin,Merlin  Shi,👍,2025-11-24 09:02:00,永遠的于朦朧,心煩,non_life,skipped
shi.merlin,Merlin  Shi,中國的醫療已不能使用仁心仁術這幾個字.,2025-11-24 08:54:00,永遠的于朦朧,心煩,non_life,skipped
shi.merlin,Merlin  Shi,這些垃圾快去死一死🔥,2025-11-24 08:43:00,永遠的于朦朧,心煩,non_life,skipped
shi.merlin,Merlin  Shi,好可愛喔！,2025-11-24 08:42:00,永遠的于朦朧,心煩,non_life,skipped
shi.merlin,Merlin  Shi,"睥睨的神態很少見.
如珠如寶的朦朧.",2025-11-24 08:36:00,永遠的于朦朧,心煩,non_life,skipped
shi.merlin,Merlin  Shi,facebook.com/share…,2025-11-24 04:31:00,永遠的于朦朧,心煩,non_life,skipped
shi.merlin,Merlin  Shi,還沒收到,2025-11-24 01:11:00,永遠的于朦朧,心煩,non_life,skipped
shi.merlin,Merlin  Shi,"這三個多月來神經緊繃，今天睡前吃了鎂錠讓自己放鬆睡好點.
好好休息才能走更長遠的路.",2025-11-23 22:21:00,永遠的于朦朧,心煩,non_life,skipped
shi.merlin,Merlin  Shi,自由要付代價,2025-11-23 13:16:00,永遠的于朦朧,心煩,non_life,skipped
shi.merlin,Merlin  Shi,"youtube.com/watch…
這麼純凈的人",2025-11-23 13:09:00,永遠的于朦朧,心煩,non_life,skipped
shi.merlin,Merlin  Shi,可愛活潑大男孩❤️,2025-11-23 12:37:00,永遠的于朦朧,心煩,non_life,skipped
_non0ff,_non0ff,"隻身在國外找工作
但每次接到爸爸媽媽的電話都是在問找工作的事
或是一直很想知道我詳細找工作的內容
想要幫我找內推
說實話每次跟他們說到工作相關的事就很心煩
我希望打電話純聊天就好不要碰任何跟工作有關的話題
我知道他們愛我但是這樣我更有壓力
欸…還是我太難搞",2025-11-30 21:22:00,鎖事,心煩,not_enough_posts,skipped
shi.merlin,Merlin  Shi,"關於憲政法庭連署，朦朧的連署，一位家人聽我說了，說他聽了很難受，朦朧的他更聽不下去，我說你什麼都沒做，焦慮什麼？
這就是為什麼我不是在脆發就是在臉書發文，臉書家人會看，本來會阻止我發政治文，他們會怕，我也不想多說，說了吵架很煩心，就故意天天在臉書發我關心的事，希望多少改變他們的鴕鳥心態.",2025-11-29 18:10:00,永遠的于朦朧,心煩,non_life,skipped
shi.merlin,Merlin  Shi,"會有這麼多人在乎支持朦朧，為他發聲，除了他本身得人疼，遭遇實在太慘烈，揭發了眾多黑幕；我也因為他對女性是發自內心的尊重，沒有約定俗成的男性優越感而很愛他.
簡單說就是，他對人是一視同仁的好，跟性別沒關係.",2025-11-29 09:20:00,永遠的于朦朧,心煩,non_life,skipped
shi.merlin,Merlin  Shi,大愛,2025-11-29 09:13:00,永遠的于朦朧,心煩,non_life,skipped
shi.merlin,Merlin  Shi,朦朧愛說笑.,2025-11-29 09:10:00,永遠的于朦朧,心煩,non_life,skipped
shi.merlin,Merlin  Shi,"活潑調皮的朦朧.
他本來是這麼可愛淘氣的孩子.",2025-11-29 09:00:00,永遠的于朦朧,心煩,non_life,skipped
shi.merlin,Merlin  Shi,"youtube.com/watch…
你倒下了我們不會也不能旁觀",2025-11-27 09:20:00,永遠的于朦朧,心煩,non_life,skipped
shi.merlin,Merlin  Shi,"youtube.com/watch…
朦朧受訪--暮雲",2025-11-27 09:11:00,永遠的于朦朧,心煩,non_life,skipped
shi.merlin,Merlin  Shi,youtube.com/watch…,2025-11-27 09:02:00,永遠的于朦朧,心煩,non_life,skipped
shi.merlin,Merlin  Shi,youtube.com/watch…,2025-11-27 08:24:00,永遠的于朦朧,心煩,non_life,skipped
shi.merlin,Merlin  Shi,"youtube.com/short…
天啊",2025-11-27 08:02:00,永遠的于朦朧,心煩,non_life,skipped
shi.merlin,Merlin  Shi,"補充我自己的留言：
一開始是震驚怎會有這樣的惡事，接著慢慢去了解朦朧是很好很好的人，接觸了他的作品，成了他的離世粉，才會在影片中看到他的魂魄時，完全沒想到害怕，聽到法會影片中朦朧輕輕地嗨一聲，是高興又難過的.
完全不了解發生什麼事的人，與其一上來就給對方看朦朧只有透明的影子，不如讓他們先了解他是多美好溫和端正的人.
他的作品會幫他說話.",2025-11-27 07:04:00,永遠的于朦朧,心煩,non_life,skipped
shi.merlin,Merlin  Shi,用這張當手機桌布，看到就會笑，可愛的朦朧❤️,2025-11-23 12:17:00,永遠的于朦朧,心煩,non_life,skipped
shi.merlin,Merlin  Shi,"youtube.com/watch…
聽哭了，很感動.
粉絲為朦朧寫的歌.",2025-11-23 11:42:00,永遠的于朦朧,心煩,non_life,skipped
shi.merlin,Merlin  Shi,美麗的FORMOSA,2025-11-23 11:17:00,永遠的于朦朧,心煩,non_life,skipped
shi.merlin,Merlin  Shi,賣台國民黨,2025-11-23 11:09:00,永遠的于朦朧,心煩,non_life,skipped
shi.merlin,Merlin  Shi,台奸黨,2025-11-23 09:52:00,永遠的于朦朧,心煩,non_life,skipped
shi.merlin,Merlin  Shi,不要灰心,2025-11-23 09:48:00,永遠的于朦朧,心煩,non_life,skipped
shi.merlin,Merlin  Shi,大家一起犟,2025-11-23 09:16:00,永遠的于朦朧,心煩,non_life,skipped
yunseoyeon8455,江栩然,"想了一下到現在的人生有快樂過嗎
好像從來沒有過
我甚至不知道什麼叫開心的情緒
平常上班要面帶微笑我可以
在跟同學嘻嘻哈哈打鬧我可以
但那個笑容像是我的肌肉牽著
背後並沒有代表任何開心的情緒
我其實挺自卑的 
以前同學放學都會想找我去打球
或著放假要不要一起去唱歌
但我都拿我要打工當理由拒絕了
我身上沒有錢 我也不想讓同學們知道家裡的狀況
我想逃離 並計畫著這一切
出社會兩年了 或許.....就快了......",2025-11-20 19:55:00,"就是一個小帳
現在沒時間給我抱怨 先過好我自己吧
謝謝大家的鼓勵 希望你們順心
---------------------------------------------------
每日隨手紀錄一下逃家生存紀錄
或許出生家庭不圓滿 但我想靠自己把人生過的幸福",想逃離,pass,high_depression_risk_user
yunseoyeon8455,江栩然,"先謝謝上一篇有關心我的
為什麼要拿錢給他們 因為上班的地方是家人認識的
薪水什麼的家人知道明細
少拿錢出來少不了一頓打罵
高中畢業我就算要逃離我也沒有任何經濟
甚至連交通工具都沒有 我知道我需要逃離
但過了18歲的話 外界資源是沒辦法介入的
我只能先忍著 讓我有能力逃離這種原生家庭
我並不是來祈求別人幫助的 我知道要怎麼離開並計畫著
只是壓力有點大 需要有一個地方可以發洩
再次感謝陌生人們的溫暖 祝你們順心",2025-11-19 20:08:00,"就是一個小帳
現在沒時間給我抱怨 先過好我自己吧
謝謝大家的鼓勵 希望你們順心
---------------------------------------------------
每日隨手紀錄一下逃家生存紀錄
或許出生家庭不圓滿 但我想靠自己把人生過的幸福",想逃離,pass,high_depression_risk_user
yunseoyeon8455,江栩然,"人都20了 還在管我
當初說高中畢業隨便我
不會拿錢資助我讀大學 我其實不意外
我想在高中打工存錢 好為逃出去做準備
結果他們一個月跟我要兩萬塊
我連假日都打工一個月能有兩萬出頭都要偷笑了 到底憑什麼
後來沒讀大學的我 現在在餐廳上班
端盤子累不說 賺不到什麼錢 還要被他們兩個吸血
我真的受夠了.........",2025-11-18 19:13:00,"就是一個小帳
現在沒時間給我抱怨 先過好我自己吧
謝謝大家的鼓勵 希望你們順心
---------------------------------------------------
每日隨手紀錄一下逃家生存紀錄
或許出生家庭不圓滿 但我想靠自己把人生過的幸福",想逃離,pass,high_depression_risk_user
yunseoyeon8455,江栩然,"到現在還是不能理解
以前放學後回到家裡總是冷冰冰的
一個人都沒有 家裡從來沒有燈亮過
卻又常常在半夜又餓又冷的時候聽到父母的爭吵
這時候 我意識到 我對他們來說是個累贅
對不起 爸爸媽媽 如果你們這麼討厭我
我沒有出生對你們會是比較好的嗎.......？
討厭我的話 為什麼讓我誕生呢.......",2025-11-18 01:29:00,"就是一個小帳
現在沒時間給我抱怨 先過好我自己吧
謝謝大家的鼓勵 希望你們順心
---------------------------------------------------
每日隨手紀錄一下逃家生存紀錄
或許出生家庭不圓滿 但我想靠自己把人生過的幸福",想逃離,pass,high_depression_risk_user
i8lenn,i8lenn,我什麼都做不好 我好焦慮,2025-11-20 21:56:00,,精神疲乏,pass,high_depression_risk_user
i8lenn,i8lenn,pov當你終於遇到了那個和你同頻的人：,2025-11-15 16:47:00,,精神疲乏,pass,high_depression_risk_user
i8lenn,i8lenn,好討厭那麼敏感焦慮的自己,2025-11-13 00:42:00,,精神疲乏,pass,high_depression_risk_user
hjgdf5f,hjgdf5f,"最近真的有點被自己嚇到。
不知道從什麼時候開始，我好像完全不想社交了。
每天固定上下班，回家倒在床上滑手機。
滑到膩了就去睡覺，睡醒又繼續滑。
遊戲也玩到沒感覺，劇也懶得追。
就這樣一天一天過，可是心裡又覺得空空的。
不是難過那種空，是那種
「我到底在幹嘛」
「下一步是什麼」
那種講不出口的悶。
我沒有目標，也沒有動力去逼自己做什麼。
可是又不想一直這樣爛掉。
每天都知道自己在放空，
但又不知道該往哪裡走。
這種感覺真的不太舒服。",2025-11-29 13:28:00,"35歲。
社交有點累，喜歡安靜的角落和自己的節奏。
週末可能一個人逛書店、喝咖啡，或者追劇、做手作。
不愛無意義的應酬，但心裡其實還在期待觸動——想遇到可以聊心事、一起笑的人。
生活簡單，也希望感情純粹。",提不起動力,pass,high_depression_risk_user
hjgdf5f,hjgdf5f,"最近真的越來越覺得
交友圈乾淨又溫柔的男生有夠稀有。
那種不油、不亂撩、講話很真誠的男生
真的會讓人心裡默默加分。
沒有很多戲、沒有奇怪的暗示
安安靜靜、卻讓人覺得很安全。
可能是年紀到了吧
現在反而覺得這種「舒服的互動」
比什麼甜言蜜語都還珍貴。
遇到這種男生真的會想說：
拜託給我多來幾個。",2025-11-27 23:46:00,"35歲。
社交有點累，喜歡安靜的角落和自己的節奏。
週末可能一個人逛書店、喝咖啡，或者追劇、做手作。
不愛無意義的應酬，但心裡其實還在期待觸動——想遇到可以聊心事、一起笑的人。
生活簡單，也希望感情純粹。",提不起動力,pass,high_depression_risk_user
hjgdf5f,hjgdf5f,"35歲以後，滑交友軟體最想翻白眼的那句話就是：
「你單身這麼久，都沒有生理需求嗎？」
真的，每次看到都覺得——拜託，我的人生不只有這件事好嗎？
交朋友、工作、興趣、旅行，我活得好好的，哪來那麼多需要解釋的事？
單身久不久，跟生理需求完全沒有直接關係。
而且我也不欠誰一個答案，更不需要被這種問題評價人生。
35歲的我，開始懂得選擇對的人和對的話，
對無聊又無理的問題，乾脆笑笑帶過就好。",2025-11-26 16:00:00,"35歲。
社交有點累，喜歡安靜的角落和自己的節奏。
週末可能一個人逛書店、喝咖啡，或者追劇、做手作。
不愛無意義的應酬，但心裡其實還在期待觸動——想遇到可以聊心事、一起笑的人。
生活簡單，也希望感情純粹。",提不起動力,pass,high_depression_risk_user
hjgdf5f,hjgdf5f,"我到三十五歲才發現一件事。
原來身邊那些看起來風光的男女朋友，幾乎都是靠交友軟體認識的。
而我呢，還以為自己很時尚，結果完全活在自己的小世界裡。
真心覺得，這世界變化太快，我有點跟不上了。",2025-11-25 15:11:00,"35歲。
社交有點累，喜歡安靜的角落和自己的節奏。
週末可能一個人逛書店、喝咖啡，或者追劇、做手作。
不愛無意義的應酬，但心裡其實還在期待觸動——想遇到可以聊心事、一起笑的人。
生活簡單，也希望感情純粹。",提不起動力,pass,high_depression_risk_user
hjgdf5f,hjgdf5f,"這幾年我慢慢發現，
原來我不是特例。
身邊有不少跟我同齡的女生，
也是四字頭、沒結婚、沒生小孩，
同樣在承受長輩的碎念與朋友的婚育進度條。
有時候也會在夜深時問自己：
再過二、三十年，一個人會不會很難？
會不會哪天突然需要人照應，卻誰也叫不到？
但想著想著，又覺得不如把力氣花在能掌控的事情上。
既然人生拍不到預告，
那至少把自己的過日子準備好。
所以我開始更努力存錢、調整生活方式，
甚至研究哪家養老院環境最好、照護最穩。
想著如果真的是一個人老去，
也要讓自己過得舒心、有品質。
但也很好奇——
你們都有怎麼想？
有人找到更安心的方式嗎？",2025-11-24 11:47:00,"35歲。
社交有點累，喜歡安靜的角落和自己的節奏。
週末可能一個人逛書店、喝咖啡，或者追劇、做手作。
不愛無意義的應酬，但心裡其實還在期待觸動——想遇到可以聊心事、一起笑的人。
生活簡單，也希望感情純粹。",提不起動力,pass,high_depression_risk_user
hjgdf5f,hjgdf5f,"以前我說「妳忙吧，不吵妳了」
是真的替對方著想
後來才明白
那句話背後其實是：
我已經不確定自己在妳心裡還有沒有位置
講得越輕描淡寫的人
心裡其實越放不下",2025-11-23 16:54:00,"35歲。
社交有點累，喜歡安靜的角落和自己的節奏。
週末可能一個人逛書店、喝咖啡，或者追劇、做手作。
不愛無意義的應酬，但心裡其實還在期待觸動——想遇到可以聊心事、一起笑的人。
生活簡單，也希望感情純粹。",提不起動力,pass,high_depression_risk_user
yumin811010,Yu Min,"男生心情不好時，其實最怕的不是難過
最怕的是——
「沒有一個地方可以說。」
男生的低潮很奇怪：
不會吵、不會鬧、也不太講。
就是突然變安靜，
像手機切成省電模式，
什麼都不想回、什麼都不想說。
不是不信任誰，
只是覺得說了也不會比較好，
還不如自己悶著慢慢消化。
久了你會發現：
男生不是不脆弱，
只是脆弱沒有地方放。",2025-11-22 14:15:00,"我這個人很簡單：
好吃的會愛上、好看的想帶走、好心動的放不下。
旅遊治孤單，美食治壞情緒，
感情治我。
如果你也喜歡這種真實的快樂 ——
歡迎來找我聊。
合作邀約：私訊我💌。",心情不好,business,skipped
yumin811010,Yu Min,"🍗 鹹酥雞店必點 TOP10
1️⃣ 鹹酥雞本雞
沒點它＝白來。靈魂本人。
2️⃣ 炸魷魚
越咬越貴，但嘴巴爽的很實在。
3️⃣ 雞皮
罪惡 99%，快樂 200%。
4️⃣ 甜不辣
到底是甜還是辣？不知道但超好吃。
5️⃣ 銀絲卷
外面酥 inside 柔軟，比前任體貼。
6️⃣ 百頁豆腐
永遠不會踩雷的安全牌。
7️⃣ 杏鮑菇
健康 alibi：我有吃蔬菜。
8️⃣ 四季豆
炸完比沒炸更健康（自我催眠版）。
9️⃣ 雞屁股
懂吃的都會點，不懂的永遠不懂。
🔟 薯條
不是必點，但沒點會心裡空一塊。
我都吃這家
HOLD食雞
三重區車路頭街70號
三角骨真的很😋⋯⋯
不用吃到365$",2025-11-21 22:17:00,"我這個人很簡單：
好吃的會愛上、好看的想帶走、好心動的放不下。
旅遊治孤單，美食治壞情緒，
感情治我。
如果你也喜歡這種真實的快樂 ——
歡迎來找我聊。
合作邀約：私訊我💌。",心情不好,business,skipped
yumin811010,Yu Min,"《眠月線，台灣最容易錯過的超級秘境。》
1. 沼平車站 → 森林鐵道步道
出發時間：早上 08:00 左右最合適。
沿途可見舊鐵道橋梁、隧道、杉木林，非常有歷史與秘境感。
預計行走時間：單程約 3～4 小時，來回可能需 +2～3 小時。
2. 中途休憩／拍照點：第1號明隧道、塔山月台
明隧道、鐵橋為熱門拍攝地點。
建議攜帶頭燈、防滑鞋、防風衣。
3. 終點「石猴車站」
地址：嘉義縣阿里山鄉（眠月線終點）
到達後可在此稍作休息，欣賞森林與山景。
4. 返回或外延景點：
若還有體力＆時間，可從石猴或塔山返回，或延伸至附近其他步道、神木景點。
傍晚時分，可在阿里山森林遊樂區內享用簡餐／飯店晚餐。",2025-11-20 17:51:00,"我這個人很簡單：
好吃的會愛上、好看的想帶走、好心動的放不下。
旅遊治孤單，美食治壞情緒，
感情治我。
如果你也喜歡這種真實的快樂 ——
歡迎來找我聊。
合作邀約：私訊我💌。",心情不好,business,skipped
yumin811010,Yu Min,"天冷❄️給另一半燉個湯吧🍲
材料（2-3人份）
雞半隻（約600g，或雞腿肉代替）
紅棗 6-8顆（補血養顏）
枸杞 1小把（補肝腎、養血）
當歸 2片（補血活血）
薑 3-4片（暖胃去寒）
米酒 1湯匙（可選）
鹽 適量
做法
1、燙雞去腥：雞肉洗淨 → 沸水燙 2-3 分鐘 → 撇去血水。
2、熬湯底：鍋中加 1.5 公升水 → 放雞肉、薑片、當歸、紅棗 → 中火煮滾後轉小火 45 分鐘。
3、補血收尾：關火前 5 分鐘加入枸杞和米酒 → 再煮 5 分鐘。
4、調味：依口味加少許鹽即可。",2025-11-19 22:38:00,"我這個人很簡單：
好吃的會愛上、好看的想帶走、好心動的放不下。
旅遊治孤單，美食治壞情緒，
感情治我。
如果你也喜歡這種真實的快樂 ——
歡迎來找我聊。
合作邀約：私訊我💌。",心情不好,business,skipped
yumin811010,Yu Min,"療癒心碎💔獨旅
1. 台北｜象山看夜景
爬到平台的那一刻，心會突然安靜
城市那麼亮，你會發現不是只有他離開了。
2. 新北｜淺水灣海邊散步
海風很冷，但比失戀暖
坐在岸邊聽浪，情緒會被慢慢沖走。
3. 基隆｜和平島「藍海」步道
海是藍的，風是乾淨的，人很少
走到盡頭，你會覺得：好像沒那麼痛了。
4. 桃園｜大溪河岸木棧道
水流聲一直在，像在替你說：「沒事了。」
不會太熱鬧，也不會太安靜，剛剛好。
5. 新竹｜南寮旅客服務中心海線
海風吹到麻木，是把難過吹乾的速度
騎車慢慢騎，心慢慢放。
6. 台中｜清水眷村文化園區
老房子很溫柔
在這裡，連沈默都讓人感到被理解。
7. 南投｜日月潭向山遊客中心
湖面平靜得像在替你穩住情緒
坐著一小時什麼事都不做，也完全合理。
8. 嘉義｜阿里山眠月線（安全段）
走在被雲霧包圍的森林裡，過去變得很小。
每一步都像把自己撿回來一點。
9. 台南｜四草綠色隧道
船慢、風慢、生活也慢下來
跟著綠意一起呼吸，你會找到自己的節奏。
10. 花蓮｜七星潭「不用說話」散步路線
一片石灘、整片海
你可以哭、可以靜、可以只聽浪——海永遠不會問你為什麼。",2025-11-19 20:31:00,"我這個人很簡單：
好吃的會愛上、好看的想帶走、好心動的放不下。
旅遊治孤單，美食治壞情緒，
感情治我。
如果你也喜歡這種真實的快樂 ——
歡迎來找我聊。
合作邀約：私訊我💌。",心情不好,business,skipped
yumin811010,Yu Min,"輕奢質感男裝過寒冬
輸入【JC090】 再享95折
jerscy.com.tw
舒適運動服飾
專為女性打造
輸入【THREADS】全站95折
eva-active.com",2025-11-19 16:55:00,"我這個人很簡單：
好吃的會愛上、好看的想帶走、好心動的放不下。
旅遊治孤單，美食治壞情緒，
感情治我。
如果你也喜歡這種真實的快樂 ——
歡迎來找我聊。
合作邀約：私訊我💌。",心情不好,business,skipped
yumin811010,Yu Min,"❄️ 《雙北冬天獨旅》｜一個人也能很療癒
1️⃣ 北投溫泉散步
冷風刺臉、溫泉冒白煙，邊走邊跟自己和解。
2️⃣ 陽明山看霧散心
冬天的山像在冷處理，霧到看不清前方，反而最適合想通一些事。
3️⃣ 淡水河畔看夕陽
一杯熱可可、一條河、一個人，比戀愛還安靜。
4️⃣ 華山 / 松菸漫步展覽
冬天的文創園區特別乾淨，像是留給獨旅者的私人空間。
5️⃣ 永康街 or 赤峰街找一間小店坐很久
不需要人陪，一碗熱湯麵就能把整天暖回來。
💬 你冬天最想一個人去哪裡放空？",2025-11-19 11:37:00,"我這個人很簡單：
好吃的會愛上、好看的想帶走、好心動的放不下。
旅遊治孤單，美食治壞情緒，
感情治我。
如果你也喜歡這種真實的快樂 ——
歡迎來找我聊。
合作邀約：私訊我💌。",心情不好,business,skipped
yumin811010,Yu Min,"渣男最厲害的不是外遇，
是把謊話講得像真心，
把傷害說成意外，
把你對他的信任，當成他放肆的理由。
記住：
真正愛你的人會錯一次就怕失去你；
渣男只會一次比一次更熟練。
你不是被背叛弄傷，
你是被他的「理所當然」徹底清醒。",2025-11-17 14:38:00,"我這個人很簡單：
好吃的會愛上、好看的想帶走、好心動的放不下。
旅遊治孤單，美食治壞情緒，
感情治我。
如果你也喜歡這種真實的快樂 ——
歡迎來找我聊。
合作邀約：私訊我💌。",心情不好,business,skipped
yumin811010,Yu Min,"12星座魅力篇
♈ 牡羊：熱情敢闖，勇氣就是魅力。
♉ 金牛：穩重可靠，讓人安心依靠。
♊ 雙子：幽默聰明，聊天永遠停不下。
♋ 巨蟹：溫柔體貼，懂你心裡的小秘密。
♌ 獅子：自信大方，光芒自然吸睛。
♍ 處女：細心認真，完美感讓人心安。
♎ 天秤：優雅浪漫，交際能力一百分。
♏ 天蠍：神秘專一，情感深沉迷人。
♐ 射手：樂觀自由，率性個性最討喜。
♑ 魔羯：責任感爆棚，靠得住的安全感。
♒ 水瓶：獨立創新，思想有趣又特別。
♓ 雙魚：浪漫多情，充滿想像力與同理心。",2025-11-17 02:03:00,"我這個人很簡單：
好吃的會愛上、好看的想帶走、好心動的放不下。
旅遊治孤單，美食治壞情緒，
感情治我。
如果你也喜歡這種真實的快樂 ——
歡迎來找我聊。
合作邀約：私訊我💌。",心情不好,business,skipped
yumin811010,Yu Min,"女生最受不了的12星座男生行為
♈ 牡羊
太衝動，說話前完全不考慮感受。
♉ 金牛
愛面子又小氣，吵架還硬凹自己對。
♊ 雙子
三分鐘熱度，說好的一下子又忘光。
♋ 巨蟹
太情緒化，動不動就悶在自己世界。
♌ 獅子
愛炫耀、愛比較，完全沒有平等感。
♍ 處女
吹毛求疵，連小錯誤也抓到不放。
♎ 天秤
猶豫不決，讓女生感覺她的意見不重要。
♏ 天蠍
太黏或太吃醋，讓人窒息。
♐ 射手
自由過頭，約會總是遲到或臨時爽約。
♑ 魔羯
工作至上，冷落女生感受。
♒ 水瓶
太理性、太冷淡，情感表達少到零。
♓ 雙魚
太自我、愛幻想，現實不顧及女生需求。
認同打認同😂",2025-11-17 01:52:00,"我這個人很簡單：
好吃的會愛上、好看的想帶走、好心動的放不下。
旅遊治孤單，美食治壞情緒，
感情治我。
如果你也喜歡這種真實的快樂 ——
歡迎來找我聊。
合作邀約：私訊我💌。",心情不好,business,skipped
yumin811010,Yu Min,"12星座女生怎麼哄？
♈ 牡羊
「氣消了嗎？走，我帶你吃你最愛的。」
♉ 金牛
「今天喝這杯你愛的，我一直在你身邊。」
♊ 雙子
「講給我聽，我想聽你全部心事。」
♋ 巨蟹
「抱抱你，不管發生什麼，我都在。」
♌ 獅子
「妳最重要，沒有誰比妳更重要。」
♍ 處女
「我明白了，謝謝妳告訴我。」
♎ 天秤
「我們去散散步吧，我陪妳慢慢想。」
♏ 天蠍
「我會證明我在乎妳，每天都一樣。」
♐ 射手
「出門玩吧，有我在妳就不用擔心。」
♑ 魔羯
「辛苦了，來，靠在我肩上休息。」
♒ 水瓶
「我給妳空間，但我一直都在。」
♓ 雙魚
「今天也愛妳，一直都愛。」
留言【難哄】讓你變得不難哄",2025-11-17 01:02:00,"我這個人很簡單：
好吃的會愛上、好看的想帶走、好心動的放不下。
旅遊治孤單，美食治壞情緒，
感情治我。
如果你也喜歡這種真實的快樂 ——
歡迎來找我聊。
合作邀約：私訊我💌。",心情不好,business,skipped
yumin811010,Yu Min,"其實男生也不是不說，
只是說了會被嫌矯情，
不說又沒人發現。
他在意的從來不是禮物、不是驚喜，
而是——
你有沒有看到他，
在沈默裡努力的那一點點。",2025-11-16 11:15:00,"我這個人很簡單：
好吃的會愛上、好看的想帶走、好心動的放不下。
旅遊治孤單，美食治壞情緒，
感情治我。
如果你也喜歡這種真實的快樂 ——
歡迎來找我聊。
合作邀約：私訊我💌。",心情不好,business,skipped
yumin811010,Yu Min,"蝦仁豬心
曾經有個女生朋友在半夜打給我
講述他們情侶之間的問題
我問她
要顏值沒顏值
要身材沒身材
要財富妳比他還會賺
要情緒價值給不了一點
那妳要他何用？
她下一個超好",2025-11-15 23:11:00,"我這個人很簡單：
好吃的會愛上、好看的想帶走、好心動的放不下。
旅遊治孤單，美食治壞情緒，
感情治我。
如果你也喜歡這種真實的快樂 ——
歡迎來找我聊。
合作邀約：私訊我💌。",心情不好,business,skipped
yumin811010,Yu Min,"今天陪一個老友
講了兩個小時電話
述說她的內心拉扯、焦慮
妳是否也曾像她一樣
看似身邊友人無數
卻不知怎麼說
其實只是渴望被理解
而不是輕描淡寫的說風涼話
她忍了很久 最終哭了出來
終於得到宣洩
未經他人苦 莫勸他人善",2025-11-15 22:16:00,"我這個人很簡單：
好吃的會愛上、好看的想帶走、好心動的放不下。
旅遊治孤單，美食治壞情緒，
感情治我。
如果你也喜歡這種真實的快樂 ——
歡迎來找我聊。
合作邀約：私訊我💌。",心情不好,business,skipped
yumin811010,Yu Min,"被敲碗了
五個男生很在意
但女生經常忽略的細節
喜歡追蹤 標記、分享給你家娘娘
1️⃣ 他的努力有沒有被看到
一句「辛苦了」對男生＝回血滿滿。
2️⃣ 他說話被打斷的次數
他不講，但很在意自己「有沒有被尊重」。
3️⃣ 他需要空間，不代表不愛
只是想放空，不是冷淡。
4️⃣ 他也會受傷，但不太講
每次被說「你男生啦」其實都會放在心裡。
5️⃣ 他的付出有沒有被當成理所當然
不求大讚，只想被珍惜、被看見。",2025-11-15 15:17:00,"我這個人很簡單：
好吃的會愛上、好看的想帶走、好心動的放不下。
旅遊治孤單，美食治壞情緒，
感情治我。
如果你也喜歡這種真實的快樂 ——
歡迎來找我聊。
合作邀約：私訊我💌。",心情不好,business,skipped
yumin811010,Yu Min,"五個男生真的沒別的意思
標記你的對象讓她別多想🤣
1️⃣ 「隨便」＝真的都可以
不是不在乎，是「你決定最快」。
2️⃣ 「等下說」＝他還沒想好
不是吊你胃口，是大腦還在 loading。
3️⃣ 「沒事」＝真的沒事
他沒在生悶氣，單純沒事可以講。
4️⃣ 「我很忙」＝現在真的在忙
不是敷衍，是手上事情還沒結束。
5️⃣ 「你開心就好」＝照你想的來
不是冷淡，是他覺得你選的比較不會出錯。",2025-11-15 13:34:00,"我這個人很簡單：
好吃的會愛上、好看的想帶走、好心動的放不下。
旅遊治孤單，美食治壞情緒，
感情治我。
如果你也喜歡這種真實的快樂 ——
歡迎來找我聊。
合作邀約：私訊我💌。",心情不好,business,skipped
yumin811010,Yu Min,"接續上一篇
大家有遇過月老鑽漏洞的情況嗎?
這是我前同事分享的
她的美髮師去拜月老
給了她一個顏值好、身材好、多金、對她超好的男朋友
可是
可是
可是
GG超小
後來還是分手了~ 分享一下月老鬼故事",2025-11-13 15:01:00,"我這個人很簡單：
好吃的會愛上、好看的想帶走、好心動的放不下。
旅遊治孤單，美食治壞情緒，
感情治我。
如果你也喜歡這種真實的快樂 ——
歡迎來找我聊。
合作邀約：私訊我💌。",心情不好,business,skipped
yumin811010,Yu Min,台南哪一家美食你推薦必吃？,2025-11-11 22:00:00,"我這個人很簡單：
好吃的會愛上、好看的想帶走、好心動的放不下。
旅遊治孤單，美食治壞情緒，
感情治我。
如果你也喜歡這種真實的快樂 ——
歡迎來找我聊。
合作邀約：私訊我💌。",心情不好,business,skipped
yumin811010,Yu Min,"騎車的你遇到垃圾車飛出來的
1、用過的
套套
2、沾血的
蘋果麵包",2025-11-09 02:08:00,"我這個人很簡單：
好吃的會愛上、好看的想帶走、好心動的放不下。
旅遊治孤單，美食治壞情緒，
感情治我。
如果你也喜歡這種真實的快樂 ——
歡迎來找我聊。
合作邀約：私訊我💌。",心情不好,business,skipped
yumin811010,Yu Min,"求一個適合I人的酒吧
座標：雙北",2025-11-08 16:30:00,"我這個人很簡單：
好吃的會愛上、好看的想帶走、好心動的放不下。
旅遊治孤單，美食治壞情緒，
感情治我。
如果你也喜歡這種真實的快樂 ——
歡迎來找我聊。
合作邀約：私訊我💌。",心情不好,business,skipped
yumin811010,Yu Min,"冬天就是要吃鍋！
五間隱藏高分火鍋推薦給你
1、亞企味屋私廚（內湖．民權店）
預約制私廚＋無菜單火鍋料理。提供關西鍋、鐵板燒、板前料理。
適合約會、私密聚餐。
2、隱鍋 Yin Hot Pot（台北 林森店）
位在小巷裡，算是比較低調的鍋物店。
-湯底選擇多樣（昆布鍋、麻辣、酸辣等），環境舒適。
3、牛鍋私藏鍋物（台中）
高質感鍋物店，環境漂亮、有庭園感。
套餐價格合理，但品質不馬虎，CP 值很高。
4、秘藏石鍋料理（台中 東區）
石鍋套餐類型火鍋，Dcard 推薦必點「極品菌菇煲雞」。
安靜、有質感，是少見的「石鍋 + 火鍋」混搭風。
5、蔬鍋藝鍋物（台中）
主打蔬食鍋物 +超豐富自助吧。
食材新鮮、菜盤豐盛，很適合重視蔬菜比例或者想吃比較清爽鍋底的人。",2025-11-18 23:08:00,"我這個人很簡單：
好吃的會愛上、好看的想帶走、好心動的放不下。
旅遊治孤單，美食治壞情緒，
感情治我。
如果你也喜歡這種真實的快樂 ——
歡迎來找我聊。
合作邀約：私訊我💌。",心情不好,business,skipped
yumin811010,Yu Min,"今天努力了嗎？
別傻了，你的加班只是老闆的免費娛樂節目。
加薪？呵，你只是幫公司換來多一行 Excel。
升職？先看看隔壁同事，別抱幻想，他的笑才是你的提醒。
💬 上班最大的成就，就是不被自己幹掉——然後下班逃生。",2025-11-18 12:04:00,"我這個人很簡單：
好吃的會愛上、好看的想帶走、好心動的放不下。
旅遊治孤單，美食治壞情緒，
感情治我。
如果你也喜歡這種真實的快樂 ——
歡迎來找我聊。
合作邀約：私訊我💌。",心情不好,business,skipped
yumin811010,Yu Min,"愛到最後，
你發現留下的人只有自己。
你以為堅持能換來什麼，
結果換來的只是更深的失望。
他退得很快，你卻捨不得放手。
原來有些感情不是結束，
只是你一個人撐太久了。",2025-11-18 01:16:00,"我這個人很簡單：
好吃的會愛上、好看的想帶走、好心動的放不下。
旅遊治孤單，美食治壞情緒，
感情治我。
如果你也喜歡這種真實的快樂 ——
歡迎來找我聊。
合作邀約：私訊我💌。",心情不好,business,skipped
yumin811010,Yu Min,"扎心老鐵
1. 愛情最公平的地方就是：誰先認真，誰就先輸。
2. 不是他不回，而是你在他的優先順序裡排不到前十。
3. 你以為的放不下，在他眼裡只是早放下。
4. 感情裡最可怕的不是第三者，是你還覺得他會改。
5. 他不是沒空，他只是沒空理你。
6. 對的人不會讓你等，讓你等的那個也不是對的。
7. 當備胎最累的地方，是你還以為自己是主角。
8. 感情裡最蠢的事，就是拿你的真心換他的隨便。
9. 你放不下的人，早就把你備份刪掉了。
10. 失望不是一天造成的，是你每天都給他機會。",2025-11-17 23:07:00,"我這個人很簡單：
好吃的會愛上、好看的想帶走、好心動的放不下。
旅遊治孤單，美食治壞情緒，
感情治我。
如果你也喜歡這種真實的快樂 ——
歡迎來找我聊。
合作邀約：私訊我💌。",心情不好,business,skipped
yumin811010,Yu Min,合不來的三觀，比不合拍的生活更傷。,2025-11-17 22:20:00,"我這個人很簡單：
好吃的會愛上、好看的想帶走、好心動的放不下。
旅遊治孤單，美食治壞情緒，
感情治我。
如果你也喜歡這種真實的快樂 ——
歡迎來找我聊。
合作邀約：私訊我💌。",心情不好,business,skipped
bunny2baobao,邦妮加薪💛🤍,"我很喜歡那些「在崩潰邊緣還努力保持教養的人」
他們的情緒快滿出來
但還是願意好好說話
他們的生活很亂
但還是試著不麻煩別人
這樣的溫柔不是天生
是一次次被現實推到邊緣後
仍選擇保持體面",2025-11-30 20:00:00,"ENFJ｜ENFP
大家好☺️我是邦邦🩵🤍
關注我➕幫你加薪唷～
生命密碼｜芬多精療癒｜自媒體生態圈",情緒低潮,non_life,skipped
bunny2baobao,邦妮加薪💛🤍,"人生最難的課，是放過自己
不是放過誰，而是放過那個把自己逼得太緊的你妳
妳可以累，也可以停，不代表妳不堅強",2025-11-30 15:00:00,"ENFJ｜ENFP
大家好☺️我是邦邦🩵🤍
關注我➕幫你加薪唷～
生命密碼｜芬多精療癒｜自媒體生態圈",情緒低潮,non_life,skipped
bunny2baobao,邦妮加薪💛🤍,"我很喜歡那些「話不多但很真誠的人」
他們平常不太表達
也不會講什麼漂亮話
但當他們說出口時
每一句都是心裡的重量
他們的真心不浮誇
卻能讓人安定",2025-11-29 20:00:00,"ENFJ｜ENFP
大家好☺️我是邦邦🩵🤍
關注我➕幫你加薪唷～
生命密碼｜芬多精療癒｜自媒體生態圈",情緒低潮,non_life,skipped
bunny2baobao,邦妮加薪💛🤍,"我很喜歡那些「能夠自我更新的人」
他們不會被過去困住
也不把失敗當成標籤
他們願意學新的事、改壞習慣
也願意承認以前的自己不夠成熟
他們是會長大的靈魂
每一次更新，都是重生",2025-11-28 20:00:00,"ENFJ｜ENFP
大家好☺️我是邦邦🩵🤍
關注我➕幫你加薪唷～
生命密碼｜芬多精療癒｜自媒體生態圈",情緒低潮,non_life,skipped
bunny2baobao,邦妮加薪💛🤍,"人生已經很累了
別再逼自己去成為大家都喜歡的樣子
妳不是來交代人生的
妳是來盛開的",2025-11-28 14:00:00,"ENFJ｜ENFP
大家好☺️我是邦邦🩵🤍
關注我➕幫你加薪唷～
生命密碼｜芬多精療癒｜自媒體生態圈",情緒低潮,non_life,skipped
bunny2baobao,邦妮加薪💛🤍,"我很喜歡那些「真心替別人著想的人」
不是形式上的關心
不是出於禮貌的慰問
而是那種從細節裡感覺到的在意
像是記得你不喜歡奶油
記得你怕冷
記得你最近在忙什麼
這樣的人不需要多說
你會知道
把你放心上的人，是不一樣的",2025-11-27 20:00:00,"ENFJ｜ENFP
大家好☺️我是邦邦🩵🤍
關注我➕幫你加薪唷～
生命密碼｜芬多精療癒｜自媒體生態圈",情緒低潮,non_life,skipped
bunny2baobao,邦妮加薪💛🤍,"原來當妳越不取悅世界
世界反而會開始尊重你
因為妳終於把自己放在第一順位了",2025-11-27 15:00:00,"ENFJ｜ENFP
大家好☺️我是邦邦🩵🤍
關注我➕幫你加薪唷～
生命密碼｜芬多精療癒｜自媒體生態圈",情緒低潮,non_life,skipped
bunny2baobao,邦妮加薪💛🤍,"我很喜歡那些「會把快樂留給今天的人」
他們不再說「等以後再開心」
不再把自己擱置到遙遠的未來
想吃好吃的就吃
想打扮就打扮
想休息就休息
他們明白
生活，不該一直延期",2025-11-26 20:00:00,"ENFJ｜ENFP
大家好☺️我是邦邦🩵🤍
關注我➕幫你加薪唷～
生命密碼｜芬多精療癒｜自媒體生態圈",情緒低潮,non_life,skipped
bunny2baobao,邦妮加薪💛🤍,"女性的底氣，從自我擁有開始
真正的安全感不是來自誰愛你
而是你自己也足以撐起自己的生活
愛可以給，但主導權，一定要握在自己手裡",2025-11-26 15:00:00,"ENFJ｜ENFP
大家好☺️我是邦邦🩵🤍
關注我➕幫你加薪唷～
生命密碼｜芬多精療癒｜自媒體生態圈",情緒低潮,non_life,skipped
bunny2baobao,邦妮加薪💛🤍,"我很喜歡那些「懂得把生活過得很乾淨的人」
他們的心裡沒有太多糾纏
人際關係也不複雜
他們離開不適合的人
放下抓不住的事
斷掉無意義的消耗
他們的世界簡單又清澈
讓人覺得跟他們相處好輕鬆",2025-11-25 20:00:00,"ENFJ｜ENFP
大家好☺️我是邦邦🩵🤍
關注我➕幫你加薪唷～
生命密碼｜芬多精療癒｜自媒體生態圈",情緒低潮,non_life,skipped
bunny2baobao,邦妮加薪💛🤍,"我很喜歡那些「小失望也能安靜消化的人」
他們明明有話想說
明明也覺得心裡酸酸的
但他們不吵、不鬧、不責怪
他們只是靜靜地調整呼吸
慢慢把情緒放回原位
這樣的成熟
不是壓抑，而是懂得體諒",2025-11-24 20:00:00,"ENFJ｜ENFP
大家好☺️我是邦邦🩵🤍
關注我➕幫你加薪唷～
生命密碼｜芬多精療癒｜自媒體生態圈",情緒低潮,non_life,skipped
bunny2baobao,邦妮加薪💛🤍,"我很喜歡那些「願意給別人機會的人」
他們不急著否定、也不輕易放棄
會給別人解釋的空間
會給關係再試一次的餘地
不是因為他們天真
而是因為他們相信人心會變好
這樣的人很珍貴
因為懂得給予，就是一種愛",2025-11-23 20:00:00,"ENFJ｜ENFP
大家好☺️我是邦邦🩵🤍
關注我➕幫你加薪唷～
生命密碼｜芬多精療癒｜自媒體生態圈",情緒低潮,non_life,skipped
bunny2baobao,邦妮加薪💛🤍,"我很喜歡那些「不把情緒丟給別人的人」
他們也會累、會委屈、會崩潰
但他們懂得先安頓自己，再走向他人
他們的沉默不是冷淡
而是一種負責任的溫柔
因為他們知道
每個人都有自己的難
情緒不該成為箭",2025-11-22 20:00:00,"ENFJ｜ENFP
大家好☺️我是邦邦🩵🤍
關注我➕幫你加薪唷～
生命密碼｜芬多精療癒｜自媒體生態圈",情緒低潮,non_life,skipped
bunny2baobao,邦妮加薪💛🤍,"我很喜歡那些「讓人覺得生活還值得的人」
他們可能只是日常裡的一個微笑
一段對話、一句溫柔的回覆
卻在無意間
讓你覺得日子又亮了一點
這樣的人像春天
不大聲、不張揚
但會讓你重新相信，美好會回來",2025-11-21 20:00:00,"ENFJ｜ENFP
大家好☺️我是邦邦🩵🤍
關注我➕幫你加薪唷～
生命密碼｜芬多精療癒｜自媒體生態圈",情緒低潮,non_life,skipped
bunny2baobao,邦妮加薪💛🤍,"女孩們❤️
我想讓妳知道
妳不是不值得被愛
妳只是把最好的自己給錯了人
妳真的很好
現在開始
把妳的時間、真心、溫柔和主動收回來
我們留給下一個會緊緊抱著妳的那個人，好嗎？",2025-11-21 14:00:00,"ENFJ｜ENFP
大家好☺️我是邦邦🩵🤍
關注我➕幫你加薪唷～
生命密碼｜芬多精療癒｜自媒體生態圈",情緒低潮,non_life,skipped
bunny2baobao,邦妮加薪💛🤍,"我很喜歡那些「願意慢慢來的人」
他們不跟別人比速度
也不逼自己一直在趕
他們懂得，成長不是賽跑
幸福也不該急著到達
他們的節奏裡有溫度
不快、不慢，剛好能讓心休息",2025-11-20 20:00:00,"ENFJ｜ENFP
大家好☺️我是邦邦🩵🤍
關注我➕幫你加薪唷～
生命密碼｜芬多精療癒｜自媒體生態圈",情緒低潮,non_life,skipped
bunny2baobao,邦妮加薪💛🤍,"原來
時間給錯人叫浪費，真心給錯人叫笑話
你不是無法被愛，是他壓根沒想愛你",2025-11-20 14:00:00,"ENFJ｜ENFP
大家好☺️我是邦邦🩵🤍
關注我➕幫你加薪唷～
生命密碼｜芬多精療癒｜自媒體生態圈",情緒低潮,non_life,skipped
bunny2baobao,邦妮加薪💛🤍,"我很喜歡那些「願意示弱的人」
他們不再裝堅強
也不覺得軟弱是錯
他們敢說「我需要幫忙 」
也敢承認「我累了」
這樣的真實，比堅強更動人
因為只有誠實的人
才能真正被擁抱",2025-11-19 20:00:00,"ENFJ｜ENFP
大家好☺️我是邦邦🩵🤍
關注我➕幫你加薪唷～
生命密碼｜芬多精療癒｜自媒體生態圈",情緒低潮,non_life,skipped
bunny2baobao,邦妮加薪💛🤍,"真正愛你的人，從來不會讓你懷疑自己
記住你的價值，把力氣留給對的人",2025-11-19 13:00:00,"ENFJ｜ENFP
大家好☺️我是邦邦🩵🤍
關注我➕幫你加薪唷～
生命密碼｜芬多精療癒｜自媒體生態圈",情緒低潮,non_life,skipped
bunny2baobao,邦妮加薪💛🤍,"我很喜歡那些「能在孤獨裡找到安慰的人」
他們一個人看電影、一個人旅行
也能自己笑出聲
他們不怕沒人陪
因為他們懂得和自己相處
這樣的人，好像自帶光
他們不孤單
只是自由",2025-11-18 20:02:00,"ENFJ｜ENFP
大家好☺️我是邦邦🩵🤍
關注我➕幫你加薪唷～
生命密碼｜芬多精療癒｜自媒體生態圈",情緒低潮,non_life,skipped
bunny2baobao,邦妮加薪💛🤍,"一個人過得好不好，看她的朋友圈就知道
因為跟誰聊天、跟誰相處、被誰影響
都會悄悄地塑造你的思維和選擇
能讓你變好的關係，才值得留下
其他的，都只是拖慢你的人生速度",2025-11-18 12:00:00,"ENFJ｜ENFP
大家好☺️我是邦邦🩵🤍
關注我➕幫你加薪唷～
生命密碼｜芬多精療癒｜自媒體生態圈",情緒低潮,non_life,skipped
bunny2baobao,邦妮加薪💛🤍,"我很喜歡那些「懂得道別的人」
他們不強留，也不逃避
能對過去說：「謝謝你來過。」
也能對未來說：「我準備好了。」
他們的灑脫不是冷漠
而是一種修養
因為懂得告別
才有空間迎接新的人生",2025-11-17 20:00:00,"ENFJ｜ENFP
大家好☺️我是邦邦🩵🤍
關注我➕幫你加薪唷～
生命密碼｜芬多精療癒｜自媒體生態圈",情緒低潮,non_life,skipped
bunny2baobao,邦妮加薪💛🤍,"我很喜歡那些「在現實裡仍保有浪漫的人」
他們白天加班、晚上追夢
會被現實絆住，卻從沒放棄對美的信仰
他們會買花、寫信、收藏夕陽
也會在疲憊裡輕聲說：「明天會更好。」
這樣的人像月光
雖然不炙熱，但很溫柔",2025-11-16 20:00:00,"ENFJ｜ENFP
大家好☺️我是邦邦🩵🤍
關注我➕幫你加薪唷～
生命密碼｜芬多精療癒｜自媒體生態圈",情緒低潮,non_life,skipped
danielgethandsome,穆大有,"不管做研究或工作，我經常在想，要怎麼樣才能做得比別人好。
這世上肯定有人比我聰明、起步比我早、也更有天賦。
在這樣的條件下，我到底憑什麼認為自己比別人特別？
這問題縈繞我許久才找到答案：
那就是，沒人比我更在乎「我」自己。
沒人比我清楚我熬過多少夜、加過多少班。
沒人像我一樣，一字一句讀過我所寫的論文與代碼。
在我因壓力而逃避時，也沒人比我更深感到愧疚。
更沒人比我擔心，逃避後的我能不能再重新振作。
沒有人對「我」的感受比我更強烈、更焦慮、也更不甘。
或許最終，這世上仍然會有人做得比我好，
但那一刻，比較也許不再那麼重要了。
因為我已經能坦然的接受，
這所有成果，就是這期間一切我的總和。",2025-12-01 00:14:00,紀錄想法,想放棄一切,not_enough_posts,skipped
oo179178,Searching,"現在不喜歡自己的三個原因
1.沒有目標、熱忱
會跟身旁的人比較，覺得自己過得不開心，做著自己不喜歡的事，卻又找不到自己喜歡的事物。
2.朋友太少
生活圈子要更新，同溫層已經改變，要捨棄不了解自己的人，留下重要的朋友，敞開心胸去認識新的不同的人。
3.不夠獨立、依賴別人
不夠獨立，要看別人臉色。經濟不獨立，要看爸媽臉色；生活不獨立，沒有自己的時間，為自己做事，要找回自己。",2025-11-23 22:49:00,找到目標,沒有目標,not_enough_posts,skipped
mannings_bb,萬宜,香港商場奇景，世貿中心商場大堂最中心位置竟然有靚梳化坐，咁好服務。睇嚟生意差到而家要行關懷社會路線，同時，我都唔明WTC裝修完好似迷失晒咁，行高檔又高檔唔晒，啲平民嘢又去晒皇室堡，餐飲果度遲遲無料到，好似半效放棄狀態咁。不過我多謝佢免費提供靚廁所，泊車用reward dollar又抵，加油呀唔好次死,2025-12-02 14:20:00,,迷失,not_enough_posts,skipped
jyun_jie0927,鈞捷,我真的會迷失在名古屋的楓葉裡出不去🍁😍,2025-11-29 14:12:00,"Jason ✨♎️
/
台中租屋、店面、住家找Jason٩(˃̶͈̀௰˂̶͈́)و
➡️IG：taichung_j.house",迷失,not_enough_posts,skipped
tarot.x.crystal,🦊西王母娘娘的九尾狐水晶*九尾狐指導靈*香港慈惠堂｜西王母乩身｜道·法雙修｜白巫師｜ 國際靈氣導師,"十二月，西曆2025年完結前，最後一個濟世辦事日🌟
今次的辦事日，亦會照常，在這個沉重的氣氛下，照常進行。
但今次既辦事日，除了是神明降鸞辦事，同時也是宏福苑火災的一次「追溯會」。
不僅日頭會照常進行超渡法會，晚上亦會由神明加持、護送法船，同時會帶領大家一同頌經迴響，給予是次災難離世的生命，同時亦為現存於世的人祈福，給予心靈慰藉，亦願佢地亦能盡快重建家園，回歸正常的生活。
而是次法會所有所得緣金及辦事日所得緣金，均會捐贈給予大埔宏福苑受災者作慈善用途。
希望盡我地小小既力量與心意，去將呢份外擴晒開去，幫助到更多有需要既人。",2025-11-29 03:34:00,"香港首家瑤池金母（西王母）信仰 慈惠堂分堂 慈妙定慧慈惠堂
香港唯一獨有 - 西王母的九尾狐指導靈 水晶請示結緣服務 
堂主慈妙：瑤池金母乩身｜水晶解讀療癒｜塔羅占卜｜靈氣魔法等｜道法雙修 
九尾狐請示IG :Tarot.x.Crystal
宮廟IG:hk.tsuhuitemple",迷失,business,skipped
tarot.x.crystal,🦊西王母娘娘的九尾狐水晶*九尾狐指導靈*香港慈惠堂｜西王母乩身｜道·法雙修｜白巫師｜ 國際靈氣導師,"呢兩日嚴重既火災，相信對香港每一個人黎講
都係一個唔好受嘅日子～
而我地亦都有堂生信眾，亦都深受影響😔
呢兩日我地每一日係堂，無咩可以做到，能做到的只是每日頌經、抄經，祈禱希望呢場災難盡快過去。
而今日係母娘既指引下，決定係今次會舉行小型法會，超渡今次火災而逝去的生命，希望佢哋係母娘既帶領下，可以放下怨恨，早日往生淨土。
由即日起至農曆十五，我地堂每一日都會有小型法會，
除左呢幾日直至農曆十五都會頌經迴響外，到農曆十五當天，我地會化往生蓮花、金銀衣紙、冥通冥幣，去比今次係呢場火災逝去既生命，望佢地係母娘既祐佑下往生淨土。
大家如果呢幾日有抄經既，都可以喺農曆十五之前寄/拎上黎
我哋亦都會一次過係農曆十五一齊化。
另外就係，如果有想為今次災難，而離去既家人、親友報是次法會既，我哋亦都會另外開一個表格，填寫相關嘅全名、出生日期、原居地址。
之後我哋會安排個別獨立嘅寶衣、蓮花牌位等比佢地，除咗呢幾日每一日都會請佢哋嚟聽經，同事亦都會係農曆十五當日一齊坐法船離開。
而所有緣金隨喜～
所得之緣金事後亦會全數捐出，作慈善用途。
大家可以分享開去，比有需要嘅人。
略盡一分綿力",2025-11-27 23:55:00,"香港首家瑤池金母（西王母）信仰 慈惠堂分堂 慈妙定慧慈惠堂
香港唯一獨有 - 西王母的九尾狐指導靈 水晶請示結緣服務 
堂主慈妙：瑤池金母乩身｜水晶解讀療癒｜塔羅占卜｜靈氣魔法等｜道法雙修 
九尾狐請示IG :Tarot.x.Crystal
宮廟IG:hk.tsuhuitemple",迷失,business,skipped
tarot.x.crystal,🦊西王母娘娘的九尾狐水晶*九尾狐指導靈*香港慈惠堂｜西王母乩身｜道·法雙修｜白巫師｜ 國際靈氣導師,"宏福苑火災
物資：
我地有雀糧、草、狗糧、貓糧、鼠糧，
被、被單、衣物等都可以捐出黎～
人係觀塘，未能去到現場。
如果有需要既可以pm我🙇🏽‍♀️🙇🏽‍♀️🙇🏽‍♀️
我call Gogogo送到所需地點🙇🏽‍♀️🙇🏽‍♀️🙇🏽‍♀️🙇🏽‍♀️",2025-11-27 16:17:00,"香港首家瑤池金母（西王母）信仰 慈惠堂分堂 慈妙定慧慈惠堂
香港唯一獨有 - 西王母的九尾狐指導靈 水晶請示結緣服務 
堂主慈妙：瑤池金母乩身｜水晶解讀療癒｜塔羅占卜｜靈氣魔法等｜道法雙修 
九尾狐請示IG :Tarot.x.Crystal
宮廟IG:hk.tsuhuitemple",迷失,business,skipped
tarot.x.crystal,🦊西王母娘娘的九尾狐水晶*九尾狐指導靈*香港慈惠堂｜西王母乩身｜道·法雙修｜白巫師｜ 國際靈氣導師,"睇到好心up…
冇啲乜嘢可以為大家做到
只能上稟眾神明、
祈請神明派遣天兵天將，幫幫手請火神火煞離開
護祐大家可以平安渡過，減少人財傷亡
母娘慈悲",2025-11-26 18:45:00,"香港首家瑤池金母（西王母）信仰 慈惠堂分堂 慈妙定慧慈惠堂
香港唯一獨有 - 西王母的九尾狐指導靈 水晶請示結緣服務 
堂主慈妙：瑤池金母乩身｜水晶解讀療癒｜塔羅占卜｜靈氣魔法等｜道法雙修 
九尾狐請示IG :Tarot.x.Crystal
宮廟IG:hk.tsuhuitemple",迷失,business,skipped
murmurs_listening,murmurQ,"巨蟹座 murmur｜「為下一段展開騰出位置。」
十二月的你，看起來很忙，但內心只想安靜一點。
年底的收尾、人情、聚會全湧上來，
你比誰都清楚：自己不能再「什麼都接」了。
12/5 雙子滿月
會讓你看到那些被你忽略很久的訊號——
睡眠卡、身體僵、胃口亂、心裡煩，
你其實早就知道，哪一個角落 “不太對勁”。
而這次，你沒有假裝沒看到。
你知道：
有些狀態，只靠撐是不會好的。
工作上，你可能結束某段合作、或決定明年不再維持同樣的節奏。
木星逆行在你本命宮，讓你重新檢查：
哪些努力在讓你前進，哪些只是習慣性消耗。
財務上，你變得更務實。
你會區分「真正需要」和「焦慮性花費」，
重新建立自己的安全感。
12/20 射手新月＋12/21 冬至
讓你突然想調整生活步調——
不再把行程塞滿，而是留一點空白給自己。
感情上，你不再想猜，也不再想用力取悅誰。
你開始看得很清楚：
誰能跟你一起往前，誰只是讓你停在原地。
巨蟹啊，
你不是在退後，而是在選擇。
你撤回的是消耗，
保留下來的，才會是能陪你走進 2026 的東西。",2025-12-01 21:05:00,"murmurQ｜療癒系塔羅與星座感應 
｜單題占卜｜流年語音｜情緒解讀｜
🔮 開放預約深層占語 murmur 
📩 murmurq.service@gmail.com 
💬 私訊我：「我有件事」即可預約
⋯⋯ 
不是預言，是陪你看見選擇。 
有些事，值得靜下來，好好聽牌說。",迷失,business,skipped
murmurs_listening,murmurQ,"12 月水象暖啟文｜巨蟹・天蠍・雙魚
「十二月的你，終於不再被情緒推著走，而是能帶著自己的情緒往前走。」
海王星順行、木星逆行、冬至過境，
這些能量讓你從深海裡浮上來，
第一次覺得自己「看得比想得更清楚」。
你已經太久沒有被理解了。
但這個月，你會感受到一種久違的安定感：
不是外界給的，而是你從自己心底生出來的。
一些關係重新靠近，一些情緒自然消散，
你不再糾纏、不再猜測、不再強求。
你只想和真正重要的人、事、感覺，在一起。
十二月是水象的重生月。
不是大破大立的那種，
而是安靜地回到自己的核心——
然後，你會發現：
自己比想像中更堅強，也更平靜。",2025-12-01 20:29:00,"murmurQ｜療癒系塔羅與星座感應 
｜單題占卜｜流年語音｜情緒解讀｜
🔮 開放預約深層占語 murmur 
📩 murmurq.service@gmail.com 
💬 私訊我：「我有件事」即可預約
⋯⋯ 
不是預言，是陪你看見選擇。 
有些事，值得靜下來，好好聽牌說。",迷失,business,skipped
murmurs_listening,murmurQ,"魔羯座 murmur｜「沒聲音，不等於沒在前進。」
十二月的你，看起來特別低調。
但你自己知道，很多重要的決定都在腦袋裡排隊。
土星順行、海王星也準備回到正行，
讓你對「接下來幾年要怎麼走」這件事，
突然變得很有實感。
12/5 雙子滿月，
提醒你檢查日常運作：
工作流程、身體狀態、時間分配。
你會清楚感覺到，
有些忙碌是必要的，有些則只是習慣性的消耗。
你會開始調整工作方式，
把精力放在真正有回報的地方。
接著，太陽在 12/21 進入你的星座，
對你來說才是真正的「年度重啟」。
在那之前，你很適合做幾件事：
把手頭的事收尾、把明年的架構畫出來、
把不必再扛的責任慢慢放回去。
財務上，
你會更精準地看自己「能穩住多少」，
也更願意為長期投資與專業成長留出預算。
感情裡，你不會想玩曖昧，
你會直接感受：這段關係值不值得一起走進下一年。
魔羯啊，
你安靜，不代表你沒有野心。
你只是知道，真正的決定，不需要吵，
只要踏實地被實踐。",2025-12-01 20:26:00,"murmurQ｜療癒系塔羅與星座感應 
｜單題占卜｜流年語音｜情緒解讀｜
🔮 開放預約深層占語 murmur 
📩 murmurq.service@gmail.com 
💬 私訊我：「我有件事」即可預約
⋯⋯ 
不是預言，是陪你看見選擇。 
有些事，值得靜下來，好好聽牌說。",迷失,business,skipped
murmurs_listening,murmurQ,"處女座 murmur｜「你只是走到下一個版本的自己了。」
十二月的你，很容易陷入一種「我要重整一切」的模式。
房間、檔案、行事曆、人生計畫，
好像都值得再大掃除一次。
但這次，你不是只在整理外在，
而是連「自己扮演的角色」也想一起調整。
12/5 雙子滿月，
把焦點打在你的事業與目標。
你可能會問自己：
現在這條路，還符合我想要的人生樣子嗎？
工作上，容易出現考核、專案收尾或方向調整，
讓你意識到：
自己不能再只當那個「負責把事情做好的人」，
而是要開始為「自己要往哪裡去」負責。
水星順行後，進入射手與之後的摩羯能量，
讓你特別想重整居家與生活根基。
搬家、重新佈置、調整家庭關係規則，
都有可能被提上日程。
財務上，你會更謹慎，但也更願意為生活品質做必要的投資。
12/20 射手新月 + 12/21 冬至，
對你來說是一種「內在的新年」。
你開始明白，
比起把一切安排得完美，
更重要的是：留下調整的空間，給還在成長的自己。
處女啊，
你只是在更新系統。
那些讓你覺得「有點不適應」的變化，
正在把你推向更適合自己的位置。",2025-12-01 20:25:00,"murmurQ｜療癒系塔羅與星座感應 
｜單題占卜｜流年語音｜情緒解讀｜
🔮 開放預約深層占語 murmur 
📩 murmurq.service@gmail.com 
💬 私訊我：「我有件事」即可預約
⋯⋯ 
不是預言，是陪你看見選擇。 
有些事，值得靜下來，好好聽牌說。",迷失,business,skipped
murmurs_listening,murmurQ,"金牛座 murmur｜「想守住的，是你覺得值得的人生。」
十二月的你，很在意「值得」這件事。
值得花的時間、值得付出的感情、值得冒的風險，
都會重新跑一輪檢查。
12/5 雙子座滿月，照亮你的金錢與資源區，
你會突然意識到：
原來有些壓力不是因為賺不夠，而是一直在替別人收尾。
這段時間很適合整理帳目、清掉無形的資源支出、重新談分潤與分工，
把自己從「無限供應模式」裡拉出來。
工作上，射手與摩羯能量讓你開始關注「長期安全感」，
你不一定會馬上換工作，
但可能會開始為 2026 的轉職、進修或副業預備。
金星從天蠍走向射手，
也讓你看見關係裡有沒有「資源一起流動」——
有人只消耗你，有人真的把你放在心上。
12/20 射手新月 + 12/21 冬至，
是你重新設定「未來三年要守住什麼」的時間點。
不是只存錢，而是存一個你想活的樣子：
怎樣的工作節奏、怎樣的人際圈、
怎樣的生活品質，對你來說才叫安心。
金牛啊，
當你開始替自己的豐盛負責，
宇宙就會慢慢幫你，把不需要的東西清出去。",2025-12-01 20:23:00,"murmurQ｜療癒系塔羅與星座感應 
｜單題占卜｜流年語音｜情緒解讀｜
🔮 開放預約深層占語 murmur 
📩 murmurq.service@gmail.com 
💬 私訊我：「我有件事」即可預約
⋯⋯ 
不是預言，是陪你看見選擇。 
有些事，值得靜下來，好好聽牌說。",迷失,business,skipped
murmurs_listening,murmurQ,"12 月土象暖啟文｜金牛・處女・摩羯
「十二月不是收尾，而是決定：你願意把哪些價值帶進明年。」
木星逆行在巨蟹、土星順行在雙魚，
這個月你的內心變得比平常更誠實、更務實、
也更不願意被浪費。
你開始問自己一些很關鍵的事：
這份努力值得嗎？
這段關係能一起走下去嗎？
這個工作讓我更靠近未來還是更遠？
這一次，你不急、也不硬撐。
你反而會慢慢地、穩穩地、
把那些真正重要的東西拉回身邊。
十二月不是結束。
是你把人生重新固定在一個「更穩、更真實」的位置上。",2025-12-01 20:20:00,"murmurQ｜療癒系塔羅與星座感應 
｜單題占卜｜流年語音｜情緒解讀｜
🔮 開放預約深層占語 murmur 
📩 murmurq.service@gmail.com 
💬 私訊我：「我有件事」即可預約
⋯⋯ 
不是預言，是陪你看見選擇。 
有些事，值得靜下來，好好聽牌說。",迷失,business,skipped
murmurs_listening,murmurQ,"2025/12/01｜12星座 murmur
水象｜巨蟹・天蠍・雙魚
今天適合：用感受開場，用行動收尾。
巨蟹｜murmur
你今天直覺可以避雷一些事。
工作適合先整理心情再動手，效率反而高。
感情先問候關心即可。
金錢往自己身上計畫一些。
天蠍｜murmur
心裡很多答案開始清晰了。
工作別太拼，先做確認、後做突破。
感情上坦白 3 成、保留 7 成最剛好。
金錢適合做存款分類。
雙魚｜murmur
你今天像在「從感性走向現實」的過渡期。
完成小階段，你會很有成就感。
感情上別用想像填空，多問一句就會安心。
金錢注意情緒式花費。",2025-11-30 21:54:00,"murmurQ｜療癒系塔羅與星座感應 
｜單題占卜｜流年語音｜情緒解讀｜
🔮 開放預約深層占語 murmur 
📩 murmurq.service@gmail.com 
💬 私訊我：「我有件事」即可預約
⋯⋯ 
不是預言，是陪你看見選擇。 
有些事，值得靜下來，好好聽牌說。",迷失,business,skipped
murmurs_listening,murmurQ,"2025/12/01｜12星座 murmur
土象｜金牛・處女・魔羯
今天適合：慢慢醒、慢慢整理。
金牛｜murmur
你今天的能量有點「不急，但不想動」。
工作慢慢選擇優先順序，越簡單越好。
感情你想的比你說的多。
金錢留意日常開銷。
處女｜murmur
你今天腦中的清單太長了。
工作先放過自己。
感情不要用「檢查模式」面對關係，會累。
金錢適合砍掉多餘支出。
魔羯｜murmur
12 月一開始你就進入「我準備好了模式」。
工作適合訂定月目標，但要保留彈性。
感情避免把計畫套在對方身上。
金錢適合討論明年的大項支出。",2025-11-30 21:50:00,"murmurQ｜療癒系塔羅與星座感應 
｜單題占卜｜流年語音｜情緒解讀｜
🔮 開放預約深層占語 murmur 
📩 murmurq.service@gmail.com 
💬 私訊我：「我有件事」即可預約
⋯⋯ 
不是預言，是陪你看見選擇。 
有些事，值得靜下來，好好聽牌說。",迷失,business,skipped
murmurs_listening,murmurQ,"2025/12/01｜12星座 murmur
風象｜雙子・天秤・水瓶
今天適合：資訊減量、行動簡化。
雙子｜murmur
水星順行你最有感——像重新開機但資料庫還在整理。
工作專心，不要心裡煩躁到處飛。
感情上有問題不需要逼問到底。
金錢注意小開支超出。
天秤｜murmur
你今天容易「想太多、不想做」。
工作先完成最簡單的，找回動能再說。
感情不需要繼續客套。
金錢適合開始做預算。
水瓶｜murmur
你今天的心智很亮，但身體跟不上。
工作先訂今天的，完成就好。
感情不要用冷靜掩飾你在意。
金錢小心突發支出。",2025-11-30 21:48:00,"murmurQ｜療癒系塔羅與星座感應 
｜單題占卜｜流年語音｜情緒解讀｜
🔮 開放預約深層占語 murmur 
📩 murmurq.service@gmail.com 
💬 私訊我：「我有件事」即可預約
⋯⋯ 
不是預言，是陪你看見選擇。 
有些事，值得靜下來，好好聽牌說。",迷失,business,skipped
murmurs_listening,murmurQ,"2025/12/01｜12星座 murmur
火象｜牡羊・獅子・射手
今天適合：先試第一步，不要一口氣走全程。
牡羊｜murmur
你今天像引擎熱過頭的車子：想衝、但容易卡。
工作先做「小開始」，剩下明天會更順。
感情上別急著定義，把節奏拉慢反而更甜。
金錢避免跨月衝動購物。
獅子｜murmur
你今天的主題是「先調整，再展現」。
工作上先校對資料，多問一次。
感情想表現貼心不用大手筆，細節就很夠。
金錢有聚餐、小開銷。
射手｜murmur
你今天的火被陰影期稍微收住。
工作用「先打草稿」比「一次做完」更好。
感情避免直球過猛，收 20% 力道。
金錢注意交通、補給品的額外開銷。",2025-11-30 21:44:00,"murmurQ｜療癒系塔羅與星座感應 
｜單題占卜｜流年語音｜情緒解讀｜
🔮 開放預約深層占語 murmur 
📩 murmurq.service@gmail.com 
💬 私訊我：「我有件事」即可預約
⋯⋯ 
不是預言，是陪你看見選擇。 
有些事，值得靜下來，好好聽牌說。",迷失,business,skipped
murmurs_listening,murmurQ,"《11月12星座小總結 》
11月像一次靈魂回診，
倒數不是結束，是把方向校回「真正的你」。
牡羊｜murmur
你收回四散的火，
只留給真正想照亮的方向。
金牛｜murmur
你鬆開了太用力握住的東西。
原來手放開，心才真的能呼吸。
雙子｜murmur
你在吵雜裡尋回安靜。
那是靈魂真正認得的路徑。
巨蟹｜murmur
潮水退去，你終於看見心底的。
只放想守護的。
獅子｜murmur
你不再急著燃亮世界，
而是用暖光照回自己。
處女｜murmur
秩序被拆開再組裝。
你在碎片裡辨出新的方向。
天秤｜murmur
天秤不再水平。
你讓靈魂偏向真正的渴望。
天蠍｜murmur
你在深處把自己找回來。
再走上來時，比以前更完整。
射手｜murmur
你擦掉遠方的霧，
終於看清真正要奔去的方向。
摩羯｜murmur
你把重擔一件件放回地面，
只背起靈魂願意承擔的那個。
水瓶｜murmur
你讓思緒散成光點，
在破碎中收集成一次新的前進。
雙魚｜murmur
情緒昇華成霧，直覺被重新點亮。
你在邊界裡找到自己的岸。",2025-11-30 21:23:00,"murmurQ｜療癒系塔羅與星座感應 
｜單題占卜｜流年語音｜情緒解讀｜
🔮 開放預約深層占語 murmur 
📩 murmurq.service@gmail.com 
💬 私訊我：「我有件事」即可預約
⋯⋯ 
不是預言，是陪你看見選擇。 
有些事，值得靜下來，好好聽牌說。",迷失,business,skipped
murmurs_listening,murmurQ,"水瓶座 murmur｜「記得，站在自己這一邊。」
十二月的你，很像活在兩個時區：
一半在現在，一半已經在想未來。
冥王星在你的星座慢慢穩定，
讓你對「我到底要成為怎樣的」這件事，
產生前所未有的認真。
12/5 雙子滿月，
讓你在興趣、創作、愛情這一塊突然清醒。
你可能會發現：
自己為了配合某種狀態，
早就把真正想做的事放在後面排。
這段時間，很適合重新撿回那些你以為已經錯過的東西——
創作、以往想做的、某個夢想、某段暫停的關係。
水星順行後，
你在和別人協作與社群互動上會變得更有界線。
你不再為了維持而配合所有節奏，
反而開始挑選：哪一些人，是你想帶進 2026 的。
12/20 射手新月 + 12/21 冬至，
讓你對未來三年的藍圖有更清晰的輪廓。
你會開始想得更長遠——
不是只看明年的工作，而是整體生活的樣子。
財務上，你會想強化「不依賴單一來源」的安全感，
可能會萌生副業、合作或新技能的想法。
水瓶啊，
你不需要讓所有人都懂你。
只要你自己知道在往哪裡走，
那就已經夠了。",2025-11-30 20:23:00,"murmurQ｜療癒系塔羅與星座感應 
｜單題占卜｜流年語音｜情緒解讀｜
🔮 開放預約深層占語 murmur 
📩 murmurq.service@gmail.com 
💬 私訊我：「我有件事」即可預約
⋯⋯ 
不是預言，是陪你看見選擇。 
有些事，值得靜下來，好好聽牌說。",迷失,business,skipped
murmurs_listening,murmurQ,"天秤座 murmur｜「這次輪到你先選擇。」
十二月的你，對「要不要去、要不要接、要不要回」特別敏感。
你知道年底的邀約會一波接一波，
而你不想再當那個每個場合都出現的人。
12/5 雙子滿月，
打開你的思考與遠方計畫。
你可能會突然很想出走、進修、轉換環境，
或開始思考：
目前這樣的人生格局，真的有呼吸感嗎？
工作上，會有新的合作、專案或學習機會出現，
但你不會再只用應該有用去判斷，
而是問：「這對我長期來說，真的加分嗎？」
水星順行後進入射手，
讓你在溝通上變得更直白——
你會比較敢說：「這樣不太適合我。」
財務上，這段時間要留意「為了場合的花費」：
只要不是在消耗你，可以；
讓你壓力變大的，就該被刪掉。
12/20 射手新月 + 12/21 冬至，
幫你替明年的人際與學習畫出新的輪廓。
你可能會決定加入一個新的圈子、課程或社群，
也可能默默離開一些讓你覺得很累的場景。
天秤啊，
你不是只會配合別人的人。
當你開始認真地為自己做選擇，
世界才會看清，你其實有多有主見。",2025-11-30 20:19:00,"murmurQ｜療癒系塔羅與星座感應 
｜單題占卜｜流年語音｜情緒解讀｜
🔮 開放預約深層占語 murmur 
📩 murmurq.service@gmail.com 
💬 私訊我：「我有件事」即可預約
⋯⋯ 
不是預言，是陪你看見選擇。 
有些事，值得靜下來，好好聽牌說。",迷失,business,skipped
murmurs_listening,murmurQ,"雙子座 murmur｜「只需要挑出那些真正能讓你前進的想法。」
十二月一開始， 焦點就打在你身上。
12/5 雙子座滿月／冷月，
像是替你這一年的「腦內小劇場」收一個段落。
你突然看懂，這一年你花了多少時間在解讀他人、安撫現場、
卻很少坐下來問自己：「那我呢？」
這顆滿月，會讓你有一種「醒了」的感覺。
有些話不想再說，有些人不想再追，
有些對話你開始有勇氣慢慢淡出。
工作上，你會更清楚自己擅長的是什麼，
也會發現，有些任務根本不該由你來。
水星順行後，再進入射手，
讓你在關係、合作與合約上變得更聰明：
不再什麼都先答應，而是先確認界線。
財務上，容易出現「一時興起的花費」，
如果是為了你真正在乎的學習、體驗、未來布局，那很好，
如果只是為了逃避現在，那就先按暫停。
12/20 射手新月 + 12/21 冬至，
把焦點放回「你要怎樣的關係」。
不管是戀人、合作夥伴或朋友，
你會開始只留下能一起成長的那一群，
其他的，就讓時間帶走。
雙子啊，
你不是一定要被所有人理解，
你需要的，只是幾個可以一起說真話的。
當你不再急著回覆世界，
世界才有機會看見真正的你。",2025-11-30 20:14:00,"murmurQ｜療癒系塔羅與星座感應 
｜單題占卜｜流年語音｜情緒解讀｜
🔮 開放預約深層占語 murmur 
📩 murmurq.service@gmail.com 
💬 私訊我：「我有件事」即可預約
⋯⋯ 
不是預言，是陪你看見選擇。 
有些事，值得靜下來，好好聽牌說。",迷失,business,skipped
murmurs_listening,murmurQ,"12 月風象暖啟文｜雙子・天秤・水瓶
「這個月你不用回答所有人，只要回答自己就夠了。」
你以為年底會很忙，
結果更忙的是你的腦，完全不停的轉動。
雙子滿月、雙子流星雨、天王星逆回金牛，
這些星象把你長期壓著的「沒說出口的話」全部翻出來。
你不是想逃避，而是不能再繼續假裝什麼都沒事。
這個月你會發現：
沉默不再保護你，反而讓你更累。
你真正需要的不是更多理解、更多回應，
而是把自己的立場、需求、界線說清楚。
十二月對你來說，是一次重新上線。
不是更新版本，而是取回自己的語言。",2025-11-30 20:09:00,"murmurQ｜療癒系塔羅與星座感應 
｜單題占卜｜流年語音｜情緒解讀｜
🔮 開放預約深層占語 murmur 
📩 murmurq.service@gmail.com 
💬 私訊我：「我有件事」即可預約
⋯⋯ 
不是預言，是陪你看見選擇。 
有些事，值得靜下來，好好聽牌說。",迷失,business,skipped
murmurs_listening,murmurQ,"射手座 murmur｜「能先朝喜歡的方向靠近。」
這是你的月份。
但今年的生日季，不是那種瘋狂灑花的爽快，
而是一種「我要認真想想接下來的人生要怎麼玩」的清醒。
火星、金星、水星陸續在你的星座停留，
讓你的存在感被放大，也被更多期待包圍。
你會同時感覺到自由和壓力——
一邊想飛，一邊知道不能再亂飛。
12/5 雙子滿月，
把光打在你的關係與對話上。
有人給你關鍵的回饋、有人戳破你的盲點，
也有人讓你發現：
原來自己是有被在乎的。
工作與感情，這段時間都很適合「講開一點」。
不是談判，而是誠實地交換想法。
12/20 射手新月 + 12/21 冬至，
像是你的真正新年。
你可能不會馬上找到完美答案，
但會開始為自己做一個更大的決定：
離職、搬家、進修、轉向，
不管是哪一種，都跟「我要更靠近自己」有關。
財務上，這個月要特別注意「為了自由感的花費」，
旅行、課程、設備、靈感投資都可以，
但記得留一點給未來的你。
射手啊，
你不用把一切都想通，才有資格展開。
你只要誠實地朝喜歡的那一邊移動，
路，就會在你腳下慢慢走出來。",2025-11-30 19:44:00,"murmurQ｜療癒系塔羅與星座感應 
｜單題占卜｜流年語音｜情緒解讀｜
🔮 開放預約深層占語 murmur 
📩 murmurq.service@gmail.com 
💬 私訊我：「我有件事」即可預約
⋯⋯ 
不是預言，是陪你看見選擇。 
有些事，值得靜下來，好好聽牌說。",迷失,business,skipped
murmurs_listening,murmurQ,"獅子座 murmur｜「願意選那些真正配得上你的。」
十二月的你，看起來比平常安靜，
你開始懂得：不是每一個場合都值得全力演出，
你的能量也需要被好好使用。
射手季本來就對你友善，
創作、戀愛、興趣、玩樂的欲望全部被打開。
只是這次，火星也在加溫，
容易讓你一時衝動答應太多邀約、計畫或合作。
12/5 雙子滿月提醒你檢查一下：
哪些社交是互相點亮，
哪些只是「怕尷尬」的應酬。
工作上，你會開始更在意作品的質感與未來走向，
不再只是完成，而是想做出能代表你的成績。
財務上，這個月有「為了好看、為了犒賞自己」的花費，
可以，但記得保留一部分給明年真正想投資的方向。
12/20 射手新月 + 12/21 冬至，
是一個很適合計畫下年度的時間點——
無論是作品、品牌、個人風格或人生舞台，
你都可以在這幾天，為 2026 的自己寫下一個「想被怎麼看見」的版本。
獅子啊，
你天生就有光，不需要一直證明。
當你開始為自己的光選擇位置，
真正對的人，自然會被你吸引過來。",2025-11-30 19:29:00,"murmurQ｜療癒系塔羅與星座感應 
｜單題占卜｜流年語音｜情緒解讀｜
🔮 開放預約深層占語 murmur 
📩 murmurq.service@gmail.com 
💬 私訊我：「我有件事」即可預約
⋯⋯ 
不是預言，是陪你看見選擇。 
有些事，值得靜下來，好好聽牌說。",迷失,business,skipped
murmurs_listening,murmurQ,"牡羊座 murmur｜「走到真正想去的地方。」
十二月的你，腦袋已經先跑在 2026 年。
行事曆打開，全是「想做」「想學」「想去」。
射手季把你的冒險魂叫醒，
但這次，宇宙不希望你只是一股衝動，而是把路線畫清楚。
12/5 雙子座滿月，像是替你一年來的選擇做一次總盤點：
哪些話說太快、哪些約會答應太多、
哪些承諾讓你分身乏術。
職場上，你會突然看清「自己真正想專注的方向」，
也可能開始縮減雜務、把時間收回來。
水星在 12 月順行後，再進入射手，
讓你對未來的想像重新聚焦。
不是每個機會都要抓，
而是選幾個值得你全力投入的。
財務上，這段時間適合重新檢查合約、薪資、接案條件，
「衝動」會後悔，但「勇敢」反而會幫你打開新的談判空間。
12/20 射手新月 + 12/21 冬至，
像是替你按下一個「新願望啟動鍵」。
無論是遠方計畫、進修、換跑道或搬遷，
你都會更有勇氣為自己定下一個「比較大的目標」，
並從非常具體的一小步開始。
牡羊啊，
這個月不是叫你收斂熱情，
而是要你把熱情用在真正重要的地方。
只要確定——這條路，是你真的想走的。",2025-11-30 19:23:00,"murmurQ｜療癒系塔羅與星座感應 
｜單題占卜｜流年語音｜情緒解讀｜
🔮 開放預約深層占語 murmur 
📩 murmurq.service@gmail.com 
💬 私訊我：「我有件事」即可預約
⋯⋯ 
不是預言，是陪你看見選擇。 
有些事，值得靜下來，好好聽牌說。",迷失,business,skipped
murmurs_listening,murmurQ,"12 月火象暖啟文｜牡羊・獅子・射手
「十二月不是要你更衝，而是要你看見：你已經不是當初那個只靠直覺往前的人了。」
水星順行、火星換座、射手新月登場，
整個世界的節奏都突然快起來——
但你的心卻第一次想問自己：
「這個方向，我是真的想去嗎？」
你不是失去行動力，而是開始懂得選擇。
以前點火就衝的你，這個月反而多了三秒鐘的猶豫，
不是因為膽小，而是因為成熟。
12 月會帶來新的冒險、新的選項、
也會帶來一些你沒預期的「好消息」。
但火象最重要的功課只有一個：
是不要再消耗自己去換掌聲。
十二月，是你第一次願意承認：
你值得一個不是「靠燃燒」才能前進的人生。",2025-11-30 19:20:00,"murmurQ｜療癒系塔羅與星座感應 
｜單題占卜｜流年語音｜情緒解讀｜
🔮 開放預約深層占語 murmur 
📩 murmurq.service@gmail.com 
💬 私訊我：「我有件事」即可預約
⋯⋯ 
不是預言，是陪你看見選擇。 
有些事，值得靜下來，好好聽牌說。",迷失,business,skipped
murmurs_listening,murmurQ,讓我們既倒數又前進吧。,2025-11-30 19:13:00,"murmurQ｜療癒系塔羅與星座感應 
｜單題占卜｜流年語音｜情緒解讀｜
🔮 開放預約深層占語 murmur 
📩 murmurq.service@gmail.com 
💬 私訊我：「我有件事」即可預約
⋯⋯ 
不是預言，是陪你看見選擇。 
有些事，值得靜下來，好好聽牌說。",迷失,business,skipped
murmurs_listening,murmurQ,"十二月不是終點，也不是新的開始。
它比較像——
終於願意回頭看一眼，這一年到底帶走了什麼、又留下了什麼。",2025-11-29 21:18:00,"murmurQ｜療癒系塔羅與星座感應 
｜單題占卜｜流年語音｜情緒解讀｜
🔮 開放預約深層占語 murmur 
📩 murmurq.service@gmail.com 
💬 私訊我：「我有件事」即可預約
⋯⋯ 
不是預言，是陪你看見選擇。 
有些事，值得靜下來，好好聽牌說。",迷失,business,skipped
murmurs_listening,murmurQ,"2025/11/30｜12星座 murmur
水象｜巨蟹・天蠍・雙魚
情緒對你們來說，是收尾也是導航。
今天邊感受、邊幫自己把 11 月做個小小總結。
巨蟹｜murmur
今天特別有「家」的感覺，想安靜也沒問題。
工作相關只要確認好下週的重點會議或行程。
感情一句「最近還好嗎」就很夠力。
金錢注意家庭開銷與外送、零食類浪費。
天蠍｜murmur
你其實很清楚 11 月自己成長了什麼，只是還沒說出口。
工作上先想好「下一步想往哪裡走」，比多接更重要。
感情想深聊可以挑今天，但語氣放鬆點。
金錢適合整理帳戶、分類存款目的。
雙魚｜murmur
月亮早上離開你家，但情緒還有餘韻。
今天適合寫下這個月最在意的一兩件事，當作送給自己的告白。
感情上可以溫柔問一句：「你最近累不累？」比說教有效。
金錢有小小直覺靈感，但不要因為最後一天就亂壓。",2025-11-29 21:16:00,"murmurQ｜療癒系塔羅與星座感應 
｜單題占卜｜流年語音｜情緒解讀｜
🔮 開放預約深層占語 murmur 
📩 murmurq.service@gmail.com 
💬 私訊我：「我有件事」即可預約
⋯⋯ 
不是預言，是陪你看見選擇。 
有些事，值得靜下來，好好聽牌說。",迷失,business,skipped
murmurs_listening,murmurQ,"2025/11/30｜12星座 murmur
土象｜金牛・處女・魔羯
微整理、微規劃、不要超時用力。
把 11 月好好關機，12 月才會順開機。
金牛｜murmur
身體狀態比行程重要，先問自己累不累。
工作相關先收好資料、備份檔案就很不錯了。
感情講實話前，先想清楚你想要的關係節奏。
金錢適合檢查這個月的大支出有沒有後悔款。
處女｜murmur
今天少一點「檢討」，多一點「算了」。
工作只要排好明天 to-do，其他交給明天的你。
感情可以誠實講一點自己的擔心，不用一次講完。
金錢適合對一次帳、順便砍掉不必要支出。
魔羯｜murmur
你已經在心中開啟 12 月 KPI 模式了。
今天只需要做一個「為自己」的決定，當成新的起點。
感情別把對方當成工作進度看待。
金錢適合思考明年的大筆規劃，而不是今天就下重注。",2025-11-29 21:15:00,"murmurQ｜療癒系塔羅與星座感應 
｜單題占卜｜流年語音｜情緒解讀｜
🔮 開放預約深層占語 murmur 
📩 murmurq.service@gmail.com 
💬 私訊我：「我有件事」即可預約
⋯⋯ 
不是預言，是陪你看見選擇。 
有些事，值得靜下來，好好聽牌說。",迷失,business,skipped
murmurs_listening,murmurQ,"2025/11/30｜12星座 murmur
風象｜雙子・天秤・水瓶
今天是「整理心＆資訊」的日子。
越簡單的計畫，越可能真的做到。
雙子｜murmur
想做的清單很多，先選幾件就好。
工作相關先分類好，週一會感謝今天的你。
感情不要邊聊天邊試探，直接一點反而輕鬆。
金錢注意訂閱制、自動扣款有沒有多的。
天秤｜murmur
週日容易被各種邀約切割時間。
今天學著說「我晚點再回覆」，保留自己的空白。
感情上問問對方對 12 月的期待，會有新火花。
金錢可以先做下個月的大致預算。
水瓶｜murmur
腦袋已經飛到明年的計畫，但身體還在沙發上。
工作只要先訂一個短期小目標就好。
感情別用「我沒差」來蓋掉自己的在意。
金錢易被新產品或小家電燒到。",2025-11-29 21:13:00,"murmurQ｜療癒系塔羅與星座感應 
｜單題占卜｜流年語音｜情緒解讀｜
🔮 開放預約深層占語 murmur 
📩 murmurq.service@gmail.com 
💬 私訊我：「我有件事」即可預約
⋯⋯ 
不是預言，是陪你看見選擇。 
有些事，值得靜下來，好好聽牌說。",迷失,business,skipped
murmurs_listening,murmurQ,"2025/11/30｜12星座 murmur
火象｜牡羊・獅子・射手
排一下 12 月方向，做一點、玩一點，不要一次用光彈藥。
牡羊｜murmur
月亮在你家，幹勁回來，但別把今天當週一在用。
工作相關只要做一個小收尾或小開頭，就很夠本。
感情想聯絡就聯絡，不用重複看舊的留言。
金錢別為了跨月儀式亂買東西。
獅子｜murmur
你會想安排、想主持，但別全攬在自己身上。
工作只要先想好明天第一件要做什麼就可以。
感情多一句關心，比一場隆重約會實際。
金錢有請客或聚餐支出，量力就好。
射手｜murmur
腦中已經在想 12 月 行事曆。
工作靈感很多，記下來就好，不用今天全部實現。
感情說真話可以，但語氣收一點邊。
金錢容易為興趣多花一筆。",2025-11-29 21:11:00,"murmurQ｜療癒系塔羅與星座感應 
｜單題占卜｜流年語音｜情緒解讀｜
🔮 開放預約深層占語 murmur 
📩 murmurq.service@gmail.com 
💬 私訊我：「我有件事」即可預約
⋯⋯ 
不是預言，是陪你看見選擇。 
有些事，值得靜下來，好好聽牌說。",迷失,business,skipped
murmurs_listening,murmurQ,"2025/11/29｜12星座 murmur
水象｜巨蟹・天蠍・雙魚
感受最放大的一天。
但也是最適合清理心跟空間的一天。
巨蟹｜murmur
今天的你很敏感，但直覺也很準。
工作慢慢做，不需要今天把全部解決。
感情保持真誠，不需要過度貼心。
金錢注意購買過量。
天蠍｜murmur
想獨處、想安靜都正常。
工作適合完成一件你拖很久的事。
感情今天講重點、不要講重話。
金錢適合整理與刪除多餘支出。
雙魚｜murmur
直覺超強的一天，感覺到的八九不離十。
工作憑感覺排順序反而剛好。
感情小小溫柔一下就能暖到對方。
金錢有靈感，但最好不要賭直覺太大。",2025-11-28 20:46:00,"murmurQ｜療癒系塔羅與星座感應 
｜單題占卜｜流年語音｜情緒解讀｜
🔮 開放預約深層占語 murmur 
📩 murmurq.service@gmail.com 
💬 私訊我：「我有件事」即可預約
⋯⋯ 
不是預言，是陪你看見選擇。 
有些事，值得靜下來，好好聽牌說。",迷失,business,skipped
murmurs_listening,murmurQ,"2025/11/29｜12星座 murmur
土象｜金牛・處女・魔羯
週六適合 reset 一下。
今天，不要衝動，就是對的。
金牛｜murmur
身體想休息，就讓身體當主導。
工作不急著完成，等心定下來更快。
感情多一句陪伴感的話就很加分。
金錢記得對帳。
處女｜murmur
週末的吹毛求疵沒有幫助。
工作拆小步驟，越做越順。
感情不要用分析蓋過感受。
金錢適合整理帳目或清一次購物車。
魔羯｜murmur
適合安靜的一天，心沉下來就有效率。
工作不需要全部一次搞定，先定方向。
感情試著表達「我需要一點自己的空間」。
金錢留意生活消耗品補貨。",2025-11-28 20:44:00,"murmurQ｜療癒系塔羅與星座感應 
｜單題占卜｜流年語音｜情緒解讀｜
🔮 開放預約深層占語 murmur 
📩 murmurq.service@gmail.com 
💬 私訊我：「我有件事」即可預約
⋯⋯ 
不是預言，是陪你看見選擇。 
有些事，值得靜下來，好好聽牌說。",迷失,business,skipped
murmurs_listening,murmurQ,"2025/11/29｜12星座 murmur
風象｜雙子・天秤・水瓶
今天的你們適合慢下來，
「思緒愈散，動作愈要慢」。
雙子｜murmur
腦袋像40個分頁在跑。
工作簡單的先做，越複雜越拖。
感情你猜不中的直接問。
金錢注意訂閱、預購、未付款項目。
天秤｜murmur
今天很適合調整步調，不用硬撐社交。
工作完成一段就休息一下，你會更有效率。
感情懶的話就不講話也可以。
金錢避免美感購物（容易買一堆擺著）。
水瓶｜murmur
直覺比理性好用的一天。
工作不需要強逼，跟著節奏就好。
感情請先放下執著的念頭。
金錢注意小額零碎支出。",2025-11-28 20:41:00,"murmurQ｜療癒系塔羅與星座感應 
｜單題占卜｜流年語音｜情緒解讀｜
🔮 開放預約深層占語 murmur 
📩 murmurq.service@gmail.com 
💬 私訊我：「我有件事」即可預約
⋯⋯ 
不是預言，是陪你看見選擇。 
有些事，值得靜下來，好好聽牌說。",迷失,business,skipped
murmurs_listening,murmurQ,"2025/11/29｜12星座 murmur
火象｜牡羊・獅子・射手
週六＝想耍廢、卻又突然想把生活整理好的一天。
今天適合：玩一下＋收一下，兩種都做一點。
牡羊｜murmur
今天容易突然熱血、突然想放空。
工作能不碰就不要碰，專心把生活打理好比較有感。
感情上你的溫柔比你的效率更迷人。
金錢注意交通與食物上的意外支出。
獅子｜murmur
今天想被注意，但也想休息。
工作有靈感就記下來，週一會用到。
感情試著聽聽對方今天的狀態，不要只講你的。
金錢怕被廣告燒到，先關掉購物網站通知。
射手｜murmur
行程想排滿，但請留 30% 彈性。
工作不急著衝，今天適合準備、不是行動。
感情不要講太快，會被誤會。
金錢小心延伸性的消費（買 A 再買 B）。",2025-11-28 20:31:00,"murmurQ｜療癒系塔羅與星座感應 
｜單題占卜｜流年語音｜情緒解讀｜
🔮 開放預約深層占語 murmur 
📩 murmurq.service@gmail.com 
💬 私訊我：「我有件事」即可預約
⋯⋯ 
不是預言，是陪你看見選擇。 
有些事，值得靜下來，好好聽牌說。",迷失,business,skipped
murmurs_listening,murmurQ,"《今夜限定》
「在日常裡，你是不是把自己打折打太久了？」
今晚，就讓我們來做一場安靜的心裡清倉。
請直覺選一張圖卡——
A｜深色碎片
B｜霧中的立柱之門
C｜裝著微光的瓶子
然後在留言寫下：
「如果出清一件東西，
我最想清掉＿＿＿＿。」
我會依照你選的圖卡＋指引，
回你一句【出清 murmur】
若你想更深層
可以私訊我：「我要 111」
用 NT$111 轉換回覆你一深層占語。",2025-11-27 20:08:00,"murmurQ｜療癒系塔羅與星座感應 
｜單題占卜｜流年語音｜情緒解讀｜
🔮 開放預約深層占語 murmur 
📩 murmurq.service@gmail.com 
💬 私訊我：「我有件事」即可預約
⋯⋯ 
不是預言，是陪你看見選擇。 
有些事，值得靜下來，好好聽牌說。",迷失,business,skipped
murmurs_listening,murmurQ,"2025/11/28｜12星座 murmur
水象｜巨蟹・天蠍・雙魚
直覺、感受、夢境都放大，
今天適合：感受 → 分辨 → 不要全收。
巨蟹｜murmur
容易替別人操心，先把自己的心收回來。
工作別想太多，按部就班就好。
感情一句真誠，比所有猜測都強。
金錢注意照顧上的開銷。
天蠍｜murmur
今天洞察力極強，但不要變成過度分析。
工作適合解決一件卡很久的事。
感情想深聊可以，但語氣柔一點會更順。
金錢適合整理帳目。
雙魚｜murmur
今天是感受力巔峰日。
工作憑直覺排順序反而比較快。
感情一句真心的關心會很有力量。
金錢有偏財靈感，但別 OVER。",2025-11-27 20:03:00,"murmurQ｜療癒系塔羅與星座感應 
｜單題占卜｜流年語音｜情緒解讀｜
🔮 開放預約深層占語 murmur 
📩 murmurq.service@gmail.com 
💬 私訊我：「我有件事」即可預約
⋯⋯ 
不是預言，是陪你看見選擇。 
有些事，值得靜下來，好好聽牌說。",迷失,business,skipped
murmurs_listening,murmurQ,"2025/11/28｜12星座 murmur
土象｜金牛・處女・魔羯
你們少一點堅硬、多一點柔軟，
今天適合做「慢但重要」的事。
金牛｜murmur
今天不適合硬碰硬，柔軟會更有效。
工作完成度比速度重要。
感情多說一句「我在」，差別很大。
金錢注意食物與生活用品突增。
處女｜murmur
停止責怪自己，今天已經做得夠好。
工作不要一次做太滿，會更亂。
感情請說明白你的不安。
金錢可檢查一次帳單，會更安心。
魔羯｜murmur
你的效率回來了，但情緒也回來了。
工作請安排「收尾」而不是「開新局」。
感情有話慢慢講，不要像在審問。
金錢有重新整理理財或預算的機會。",2025-11-27 20:01:00,"murmurQ｜療癒系塔羅與星座感應 
｜單題占卜｜流年語音｜情緒解讀｜
🔮 開放預約深層占語 murmur 
📩 murmurq.service@gmail.com 
💬 私訊我：「我有件事」即可預約
⋯⋯ 
不是預言，是陪你看見選擇。 
有些事，值得靜下來，好好聽牌說。",迷失,business,skipped
murmurs_listening,murmurQ,"2025/11/28｜12星座 murmur
風象｜雙子・天秤・水瓶
想少一點、感多一點，
你今天的直覺比邏輯可靠。
雙子｜murmur
腦袋多線開，但心只想休息。
工作能外包的就外包，能延後就延後。
感情別用玩笑掩飾真心。
金錢注意訂閱、自動扣款。
天秤｜murmur
今天的你很能安撫別人，但不代表你要當情緒垃圾桶。
工作做完一件就休息一下，循序就會順。
感情需要的是「一句真心話」。
金錢避免無聊購物。
水瓶｜murmur
心思太散，今天適合處理簡單任務。
不要試圖一次搞懂所有事情。
感情需要一點「耐心」而不是「分析」。
金錢意外小開銷。",2025-11-27 20:00:00,"murmurQ｜療癒系塔羅與星座感應 
｜單題占卜｜流年語音｜情緒解讀｜
🔮 開放預約深層占語 murmur 
📩 murmurq.service@gmail.com 
💬 私訊我：「我有件事」即可預約
⋯⋯ 
不是預言，是陪你看見選擇。 
有些事，值得靜下來，好好聽牌說。",迷失,business,skipped
murmurs_listening,murmurQ,"2025/11/28｜12星座 murmur
火象｜牡羊・獅子・射手
行動帶著情緒濾鏡。
今天的關鍵是：不要想太多，要做就做小事。
牡羊｜murmur
今天比較感性，但不要放情緒太多。
工作先完成一件能立刻看到成果的，你效率會回來。
感情不要用猜的，會誤會整片森林。
金錢避免「報復性買東西」。
獅子｜murmur
容易被他人的情緒牽動，先顧好自己。
工作請減少「我來就好」的模式，會累死。
感情一句暖話，比十句大道理更有效。
金錢有小額零碎支出。
射手｜murmur
心開太大、界線太薄，今天容易「熱心過度」。
工作先做好自己的，不用每件都插手。
感情溫柔比快更有用。
金錢避免因心軟而買單別人的事情。",2025-11-27 19:58:00,"murmurQ｜療癒系塔羅與星座感應 
｜單題占卜｜流年語音｜情緒解讀｜
🔮 開放預約深層占語 murmur 
📩 murmurq.service@gmail.com 
💬 私訊我：「我有件事」即可預約
⋯⋯ 
不是預言，是陪你看見選擇。 
有些事，值得靜下來，好好聽牌說。",迷失,business,skipped
murmurs_listening,murmurQ,"2025/11/27｜12星座murmur
水象｜巨蟹・天蠍・雙魚
感覺變得乾淨；不用揣測那麼多了。
巨蟹｜murmur
今天適合清理、刪除、分類。
工作丟掉過時資料，節奏會快起來。
感情不用套劇情，對方在想什麼會更清楚。
金錢避免對朋友不好意思而埋單。
天蠍｜murmur
你今天的洞察力是利器，但別亂用。
工作直覺很準，請勇敢把意見提出。
感情少懷疑一句，關係會舒服很多。
金錢避免過度買「安全感」。
雙魚｜murmur
直覺精準但情緒少了負擔，反而更輕盈。
工作適合「合作」而不是單打獨鬥。
感情多聽比多想還重要。
金錢避免夢幻式投資。",2025-11-26 22:41:00,"murmurQ｜療癒系塔羅與星座感應 
｜單題占卜｜流年語音｜情緒解讀｜
🔮 開放預約深層占語 murmur 
📩 murmurq.service@gmail.com 
💬 私訊我：「我有件事」即可預約
⋯⋯ 
不是預言，是陪你看見選擇。 
有些事，值得靜下來，好好聽牌說。",迷失,business,skipped
murmurs_listening,murmurQ,"2025/11/27｜12星座murmur
土象｜金牛・處女・魔羯
穩中求準；不要急著把今天塞滿。
金牛｜murmur
事情不要一次解決完，分段做會更有效。
工作溝通簡短、清楚就好。
感情不要跟對方比固執，先說一句關心。
金錢請更新一次帳務會更安心。
處女｜murmur
今天容易「一次看到太多問題」。
先抓主幹，細節留明天補。
感情別預設立場就好。
金錢避免因焦慮購物。
魔羯｜murmur
心很想快，但身體沒那麼想。
工作今天適合「收斂」不是「拓展」。
感情講重點就好，別太強勢。
金錢適合繼續做長線規劃。",2025-11-26 22:39:00,"murmurQ｜療癒系塔羅與星座感應 
｜單題占卜｜流年語音｜情緒解讀｜
🔮 開放預約深層占語 murmur 
📩 murmurq.service@gmail.com 
💬 私訊我：「我有件事」即可預約
⋯⋯ 
不是預言，是陪你看見選擇。 
有些事，值得靜下來，好好聽牌說。",迷失,business,skipped
murmurs_listening,murmurQ,"2025/11/27｜12星座murmur
風象｜雙子・天秤・水瓶
好適合整理腦袋、整理訊息、整理心。
雙子｜murmur
聊太多容易分心，今天先把該做的做完。
工作資訊量大，請寫下來避免混亂。
感情避免反問式溝通會更順。
金錢注意分期、訂閱的扣款。
天秤｜murmur
今天的人際感覺會回到平衡點。
工作合作順，但要記得自己意見也要講。
感情少迎合、多表達，會更自在。
金錢適合微調預算、不適合大筆花費。
水瓶｜murmur
情緒底噪降低，你終於能專心了。
工作請抓優先順序，你會很快。
感情保持自然距離最迷人。
金錢避免太創新又太貴的東西。",2025-11-26 22:37:00,"murmurQ｜療癒系塔羅與星座感應 
｜單題占卜｜流年語音｜情緒解讀｜
🔮 開放預約深層占語 murmur 
📩 murmurq.service@gmail.com 
💬 私訊我：「我有件事」即可預約
⋯⋯ 
不是預言，是陪你看見選擇。 
有些事，值得靜下來，好好聽牌說。",迷失,business,skipped
murmurs_listening,murmurQ,"2025/11/27｜12星座murmur
火象｜牡羊・獅子・射手
冷靜先、行動後；今天的果斷很值錢。
牡羊｜murmur
別急著第一個衝出去，先聽會更好。
工作注意訊息來回，不要漏看。
感情問對問題，就能少吵三回。
金錢避免比較心，容易買錯。
獅子｜murmur
今天適合低調一點，你會發現效率變高。
工作段落拆開做，完成度會大幅提升。
感情保持自然，不要強迫對方回應。
金錢別被包裝精美的東西吸走。
射手｜murmur
腦袋很多想法，但請只做一件。
不要臨時改計畫，今天容易帶來混亂。
感情想關心就直接說，不要繞。
金錢避免今天衝動報名課程或旅遊。",2025-11-26 22:33:00,"murmurQ｜療癒系塔羅與星座感應 
｜單題占卜｜流年語音｜情緒解讀｜
🔮 開放預約深層占語 murmur 
📩 murmurq.service@gmail.com 
💬 私訊我：「我有件事」即可預約
⋯⋯ 
不是預言，是陪你看見選擇。 
有些事，值得靜下來，好好聽牌說。",迷失,business,skipped
murmurs_listening,murmurQ,"2025/11/26｜12星座 murmur
水象｜巨蟹・天蠍・雙魚
昨天的共鳴還在，但今天多了一點「看開一點也沒關係」的氛圍。
巨蟹｜murmur
你最近真的累了，不是你矯情。
工作請選擇對自己友善的做法，不要當人人都找的救火隊。
感情裡想關心就關心，但別勉強自己逗笑誰。
金錢部分，家庭與飲食支出仍是重點。
天蠍｜murmur
你看懂了很多事，但不一定要說。
工作上抓核心、一針見血就好，不用每件都講透。
感情裡，誠實說自己在意什麼，比冷處理有效多了。
金錢有機會談到更長期的規劃。
雙魚｜murmur
那份「被懂」的感覺還在心裡，其實是很重要的力量。
工作今天適合走「溫柔但有底線」的路線。
感情別再猜對方在想什麼，多問一句就好。
金錢注意療癒型花費，適量就好。",2025-11-25 19:41:00,"murmurQ｜療癒系塔羅與星座感應 
｜單題占卜｜流年語音｜情緒解讀｜
🔮 開放預約深層占語 murmur 
📩 murmurq.service@gmail.com 
💬 私訊我：「我有件事」即可預約
⋯⋯ 
不是預言，是陪你看見選擇。 
有些事，值得靜下來，好好聽牌說。",迷失,business,skipped
murmurs_listening,murmurQ,"2025/11/26｜12星座 murmur
土象｜金牛・處女・摩羯
今天是「調整設定值」的一天：不是做更多，而是做更剛好。
金牛｜murmur
你不想被打擾，但也不想被遺忘。
工作別硬撐，能分出去的交給對的人。
感情試著多說一兩句近況，而不是只問對方。
金錢適合重新看帳，會發現有些支出其實可以刪。
處女｜murmur
腦中清單很多，但今天別再加新條目了。
工作先完成「已經開始」的部分，你會安心很多。
感情別在心裡開太多小劇場，直接問會快樂很多。
金錢留意小額但頻繁的支出。
摩羯｜murmur
你知道自己要什麼，只是懶得解釋。
工作上說明你的界線，反而讓合作更順。
感情可以稍微示弱一下，不代表你不堅強。
金錢適合設定年底前的小目標。",2025-11-25 19:39:00,"murmurQ｜療癒系塔羅與星座感應 
｜單題占卜｜流年語音｜情緒解讀｜
🔮 開放預約深層占語 murmur 
📩 murmurq.service@gmail.com 
💬 私訊我：「我有件事」即可預約
⋯⋯ 
不是預言，是陪你看見選擇。 
有些事，值得靜下來，好好聽牌說。",迷失,business,skipped
murmurs_listening,murmurQ,"2025/11/26｜12星座 murmur
風象｜雙子・天秤・水瓶
訊息很多，請幫自己裝一個「心裡的過濾器」。
雙子｜murmur
每個人都在講話，但你不必每句都接。
工作上先回「最重要的人」，再處理雜訊。
感情不要用既讀不回當測試，說你在忙其實就很好。
金錢留意訂閱、分期之類的固定扣款。
天秤｜murmur
今天適合做一點人生版面整理。
工作可以試著把責任分清楚，不要全攬。
感情裡「想被選擇」之前，先選擇你自己。
金錢方面，小心為了合群而硬跟。
水瓶｜murmur
月亮經過你家，你的怪點子反而是優勢。
工作上可以提一個「新方法」，比悶著做有效。
感情偶爾表現一點認真，別全靠幽默糊弄。
金錢上避免突然大手筆投資。",2025-11-25 19:38:00,"murmurQ｜療癒系塔羅與星座感應 
｜單題占卜｜流年語音｜情緒解讀｜
🔮 開放預約深層占語 murmur 
📩 murmurq.service@gmail.com 
💬 私訊我：「我有件事」即可預約
⋯⋯ 
不是預言，是陪你看見選擇。 
有些事，值得靜下來，好好聽牌說。",迷失,business,skipped
murmurs_listening,murmurQ,"2025/11/26｜12星座 murmur
火象｜牡羊・獅子・射手
今天適合「換個想法再出手」。固執的是情緒，不是你。
牡羊｜murmur
有點不耐煩，是因為你覺得時間不夠用。
先挑一件做完，你的不安就會少一半。
感情別用冷回覆當防守，講真實感受就好。
金錢避免「順便買一下」的小東西。
獅子｜murmur
別急著證明自己，安靜做完反而更被看見。
工作上試著聽聽別人的點子，會有意外收穫。
感情裡收起一點「我要很強」的姿態，會更靠近。
金錢上適合思考長期安排，不是今天就看到結果。
射手｜murmur
腦袋飄很遠，但腳還是在這裡。
工作把靈感記下來，別全部塞進今天用完。
感情不要一時興奮就說太滿，留點空間比較好。
金錢注意交通、餐費與臨時揪局。",2025-11-25 19:37:00,"murmurQ｜療癒系塔羅與星座感應 
｜單題占卜｜流年語音｜情緒解讀｜
🔮 開放預約深層占語 murmur 
📩 murmurq.service@gmail.com 
💬 私訊我：「我有件事」即可預約
⋯⋯ 
不是預言，是陪你看見選擇。 
有些事，值得靜下來，好好聽牌說。",迷失,business,skipped
murmurs_listening,murmurQ,"2025/11/25｜12星座 murmur
水象｜巨蟹・天蠍・雙魚
今天的你們很感性，但也更能看到事情的底層邏輯。
巨蟹｜murmur
今天需要一個安全的節奏感，太急會不舒服。
工作先做熟悉的部分，你會比較穩定。
感情專注「感受」比「解讀」更能靠近。
金錢整理一下整個月最多的花費項目。
天蠍｜murmur
你今天其實非常清醒，只是懶得說破。
工作能抓到核心問題，適合談細節或協商。
感情想靠近就靠近，不用想太遠。
金錢上有一筆值得好好比較的花費。
雙魚｜murmur
情緒比昨天穩，但敏感依然在。
工作請避免臨時答應—你會後悔。
感情想跟對方更近一步，可以給溫柔的提示。
金錢記得保留餘裕，避免突然透支。",2025-11-24 21:54:00,"murmurQ｜療癒系塔羅與星座感應 
｜單題占卜｜流年語音｜情緒解讀｜
🔮 開放預約深層占語 murmur 
📩 murmurq.service@gmail.com 
💬 私訊我：「我有件事」即可預約
⋯⋯ 
不是預言，是陪你看見選擇。 
有些事，值得靜下來，好好聽牌說。",迷失,business,skipped
murmurs_listening,murmurQ,"2025/11/25｜12星座 murmur
土象｜金牛・處女・摩羯
月亮在你們象限：穩、冷靜，但別把自己逼太緊。
金牛｜murmur
今天很適合整理帳目、整理生活。
心裡有些不說的在意，但你越壓著越累。
感情能講清楚的部分講一下，對方會更靠近。
金錢有機會省下一筆原本會花的費用。
處女｜murmur
效率回來了，但別又走到過度要求自己。
工作排程不用全排，計畫跟不上變化。
感情請放軟一點，不是你抓著就有用。
金錢適合重新整理年度目標。
摩羯｜murmur
能量被拉回來，判斷變超強。
工作請保持你今天的冷靜：你會做出最好決定。
感情就事論事很好，但是今天簡單聊聊更好。
金錢回收、退款、結算等相關項目順勢處理。",2025-11-24 21:51:00,"murmurQ｜療癒系塔羅與星座感應 
｜單題占卜｜流年語音｜情緒解讀｜
🔮 開放預約深層占語 murmur 
📩 murmurq.service@gmail.com 
💬 私訊我：「我有件事」即可預約
⋯⋯ 
不是預言，是陪你看見選擇。 
有些事，值得靜下來，好好聽牌說。",迷失,business,skipped
murmurs_listening,murmurQ,"2025/11/25｜12星座 murmur
風象｜雙子・天秤・水瓶
越冷靜越有力量。今天靠「判斷」勝過「速度」。
雙子｜murmur
雜訊太多，請先把需要處理的列出來。
工作別想邊做邊聊天，會有事情漏掉。
感情太聰明反被聰明誤，少一點揣測。
金錢避免零碎消費湊成爆擊。
天秤｜murmur
今天的你很想「和諧地完成事情」，但別太委屈自己。
工作上反對意見可以，但要講。
感情需要你一句讓對方安心的話。
金錢有需要再次對帳的項目。
水瓶｜murmur
注意不要過度想，你的腦袋容易超載。
事情分段處理、資訊先分類。
感情不要不回—你覺得沒事，對方不一定。
金錢避免遺漏轉帳或付款。",2025-11-24 21:46:00,"murmurQ｜療癒系塔羅與星座感應 
｜單題占卜｜流年語音｜情緒解讀｜
🔮 開放預約深層占語 murmur 
📩 murmurq.service@gmail.com 
💬 私訊我：「我有件事」即可預約
⋯⋯ 
不是預言，是陪你看見選擇。 
有些事，值得靜下來，好好聽牌說。",迷失,business,skipped
murmurs_listening,murmurQ,"2025/11/25｜12星座 murmur
火象｜牡羊・獅子・射手
今天不是比速度，是比「做得好」。越專注，你越快。
牡羊｜murmur
今天像是在做「人生的代辦清單大掃除」。
越是想逃避的事越適合先處理。
感情不要硬撐冷靜，講一句真心的話就會暖起來。
金錢記得抓住固定支出，不要月底才想起來。
獅子｜murmur
能量收斂後，你其實更有掌控感。
工作先別把責任開太大，務實走完成果。
感情說太多反而讓對方更不確定，今天簡短最好。
金錢避免誤判價值、衝動買入。
射手｜murmur
心裡很多想法，但建議行動要慢一拍。
工作別急著承諾，把細節看一次你會避掉雷。
感情想靠近，但方式請溫柔一點、不要直衝。
金錢注意出差或者突發事件相關開銷。",2025-11-24 21:43:00,"murmurQ｜療癒系塔羅與星座感應 
｜單題占卜｜流年語音｜情緒解讀｜
🔮 開放預約深層占語 murmur 
📩 murmurq.service@gmail.com 
💬 私訊我：「我有件事」即可預約
⋯⋯ 
不是預言，是陪你看見選擇。 
有些事，值得靜下來，好好聽牌說。",迷失,business,skipped
murmurs_listening,murmurQ,"2025/11/24｜12星座 murmur
水象｜巨蟹・天蠍・雙魚
情緒還是很敏感，先照顧自己優先。
巨蟹｜murmur
容易被叫去救火，先處理好自己的。
感情不需要討好，只要好好說。
金錢注意臨時支出。
穿搭：霧藍色系＋白色，讓你看起來更輕鬆、不被黏住。
天蠍｜murmur
就算精準，別所有事都自己扛。
感情別算舊帳，就事論事。
金錢考量小額投資。
穿搭：深酒紅系＋黑色搭配，是不透露的舒心平衡。
雙魚｜murmur
週一不要逼自己立刻全投入。
感情溫柔但別讓底線消失。
金錢注意突然的購物衝動。。
穿搭：灰／灰藍色系+亮色配件你的柔軟會被看見，但不會被誤解。",2025-11-23 21:09:00,"murmurQ｜療癒系塔羅與星座感應 
｜單題占卜｜流年語音｜情緒解讀｜
🔮 開放預約深層占語 murmur 
📩 murmurq.service@gmail.com 
💬 私訊我：「我有件事」即可預約
⋯⋯ 
不是預言，是陪你看見選擇。 
有些事，值得靜下來，好好聽牌說。",迷失,business,skipped
murmurs_listening,murmurQ,"2025/11/24｜12星座 murmur
土象｜金牛・處女・摩羯
你們的節奏就是：穩、慢、但效率其實很好。
金牛｜murmur
週一適合慢啟動。
感情不用特別的消耗迎合。
金錢容易省小買大。
穿搭：大地色＋寬褲，舒服、自然，你的能量會更穩。
處女｜murmur
別追求完美，先達標。
感情標準太高會讓對方緊張。
金錢適合小幅提升生活品質。
穿搭：白襯衫＋卡其色系，俐落專業，但不會太嚴肅。
摩羯｜murmur
效率上升，但也別太逼自己。
感情不要只聊現實。
金錢適合檢視投資配置。
穿搭：棕、黑色系＋亮點配件，你穿這樣說話會更有份量。",2025-11-23 20:51:00,"murmurQ｜療癒系塔羅與星座感應 
｜單題占卜｜流年語音｜情緒解讀｜
🔮 開放預約深層占語 murmur 
📩 murmurq.service@gmail.com 
💬 私訊我：「我有件事」即可預約
⋯⋯ 
不是預言，是陪你看見選擇。 
有些事，值得靜下來，好好聽牌說。",迷失,business,skipped
murmurs_listening,murmurQ,"2025/11/24｜12星座 murmur
風象｜雙子・天秤・水瓶
說少一點、想清楚一點，會順很多。
雙子｜murmur
資訊太多，先分優先順序。
感情別一邊聊一邊飄神。
金錢注意「加一加會變多」。
穿搭：條紋上衣＋深藍外搭，你需要「視覺清晰感」來整理腦袋。
天秤｜murmur
協調能力強，但別馬上答應處理。
感情多肯定少比較。
金錢外食多，先抓預算。
穿搭：霧面襯衫＋銀色配件，不造作，你的氣質會被放大。
水瓶｜murmur
想法太前面，請講慢一點。
感情別只用理性推測對方。
金錢注意維修費用爆表。
穿搭：深藍連帽外套＋白球鞋，自由感與穩定度剛好平衡。",2025-11-23 20:46:00,"murmurQ｜療癒系塔羅與星座感應 
｜單題占卜｜流年語音｜情緒解讀｜
🔮 開放預約深層占語 murmur 
📩 murmurq.service@gmail.com 
💬 私訊我：「我有件事」即可預約
⋯⋯ 
不是預言，是陪你看見選擇。 
有些事，值得靜下來，好好聽牌說。",迷失,business,skipped
murmurs_listening,murmurQ,"2025/11/24｜12星座 murmur
火象｜牡羊・獅子・射手
心想奔跑沒問題，但腳步請踩在實處。
牡羊｜murmur
今天容易急，但方向對比較重要。
感情講簡單比講道理有效。
金錢注意漏掉的小支出。
穿搭：深綠帽＋白 T，你一戴帽子就冷靜 30%，路線感明確很多。
獅子｜murmur
能量回穩，別把每件事攬著。
感情直接表態比暗示好。
金錢計算本月的人情支出。
穿搭：駝色針織＋細框眼鏡，氣場不減，但看起來氣色更好
射手｜murmur
別一次做太多，會打結。
感情慢一拍，你反而更能想清楚。
金錢避免旅遊衝動買票訂房。
穿搭：深灰帽 T＋丹寧褲，保留你的自在，整體卻更穩定好親近。",2025-11-23 20:43:00,"murmurQ｜療癒系塔羅與星座感應 
｜單題占卜｜流年語音｜情緒解讀｜
🔮 開放預約深層占語 murmur 
📩 murmurq.service@gmail.com 
💬 私訊我：「我有件事」即可預約
⋯⋯ 
不是預言，是陪你看見選擇。 
有些事，值得靜下來，好好聽牌說。",迷失,business,skipped
murmurs_listening,murmurQ,"2025/11/23｜12星座 murmur
水象｜巨蟹・天蠍・雙魚
週日的你們比較想靠近自己。
今天請把感受排優先。
巨蟹｜murmur
你今天很適合「小掃除＋暖飲」模式。
工作訊息看到就好，不用馬上回。
感情用一句溫柔問候就很夠。
金錢注意零散小支出，累積比你想的多。
穿搭建議：奶茶色或米白，讓你更安心。
天蠍｜murmur
週日的思緒深，但很清楚。
工作別想太多，放到明天處理會更有效。
感情想什麼說什麼。
金錢花錢有預算比較好。
穿搭建議：黑＋深紅，非常適合你今天的狀態。
雙魚｜murmur
你今天特別會感應到別人的情緒。
把自己的界線先畫好，心會輕很多。
感情溫柔就好，不需要犧牲。
金錢避免省小錢花大錢。
穿搭建議：霧藍或水綠，讓心保持柔軟但不混亂。",2025-11-22 22:28:00,"murmurQ｜療癒系塔羅與星座感應 
｜單題占卜｜流年語音｜情緒解讀｜
🔮 開放預約深層占語 murmur 
📩 murmurq.service@gmail.com 
💬 私訊我：「我有件事」即可預約
⋯⋯ 
不是預言，是陪你看見選擇。 
有些事，值得靜下來，好好聽牌說。",迷失,business,skipped
murmurs_listening,murmurQ,"2025/11/23｜12星座 murmur
土象｜金牛・處女・摩羯
終於符合你們喜歡的「踏實感」了。
你們今天效率不錯。
金牛｜murmur
今天適合慢活動，整理一下空間與心。
工作先處理最簡單的，那個感覺會回來。
感情舒服相處方式就好。
金錢注意吃喝或家庭消費。
穿搭建議：大地色＋柔軟材質，最能穩住你的狀態。
處女｜murmur
今天的你很適合清單式生活。
工作把週一重點列出來，你會自動安下心。
感情不用糾結細節，放鬆就好。
金錢注意醫療、保健的小花費。
穿搭建議：白襯衫＋銀色飾品，乾淨又不費力。
摩羯｜murmur
月亮進你家，你的氣場自然變強。
週日處理一點工作，能讓你很心安。
感情上輕鬆聊天比深談更適合今天。
金錢小心物流跟訂購問題。
穿搭建議：深灰或黑，能讓你感覺重新掌控節奏。",2025-11-22 22:23:00,"murmurQ｜療癒系塔羅與星座感應 
｜單題占卜｜流年語音｜情緒解讀｜
🔮 開放預約深層占語 murmur 
📩 murmurq.service@gmail.com 
💬 私訊我：「我有件事」即可預約
⋯⋯ 
不是預言，是陪你看見選擇。 
有些事，值得靜下來，好好聽牌說。",迷失,business,skipped
murmurs_listening,murmurQ,"2025/11/23｜12星座 murmur
風象｜雙子・天秤・水瓶
今天適合：安靜、對焦、整理某些未完成的事。
雙子｜murmur
週日訊息少一點反而剛好。
工作相關請抓一次重點，不要跳來跳去。
感情不要因為心情就太敷衍。
金錢避免「好像不貴」的連續小額付款。
穿搭建議：薄灰＋白，不僅清爽也能讓你專注。
天秤｜murmur
今天適合簡單生活，能不社交就先不社交。
工作文件、帳務可以輕鬆整理一下。
感情上自然就好，不用補太多話。
金錢避免被廣告推著買。
穿搭建議：奶油白＋淡金飾品，溫柔也有存在感。
水瓶｜murmur
腦袋想很多，但身體想休息。
今天最有效的方式是做一件事、完成一件事。
感情多傾聽多理解。
金錢注意運輸、訂單的延誤問題。
穿搭建議：深藍或黑外套，把你的能量收回來。",2025-11-22 22:20:00,"murmurQ｜療癒系塔羅與星座感應 
｜單題占卜｜流年語音｜情緒解讀｜
🔮 開放預約深層占語 murmur 
📩 murmurq.service@gmail.com 
💬 私訊我：「我有件事」即可預約
⋯⋯ 
不是預言，是陪你看見選擇。 
有些事，值得靜下來，好好聽牌說。",迷失,business,skipped
murmurs_listening,murmurQ,"2025/11/23｜12星座 murmur
火象｜牡羊・獅子・射手
今天適合把「要做的」排清楚，你會安心很多。
牡羊｜murmur
今天的心有兩種速度：想玩、但也想整理。
行程不要塞爆，留一點安靜，你會更有效率。
感情想關心就說，不用找理由。
金錢注意交通、聚會的額外花費。
穿搭建議：淺色針織＋深藍外套，舒服又能穩住節奏。
獅子｜murmur
想放鬆，就把手機靜音一會。
整理一些事項，明天不會亂。
感情想聊就聊，想冷就冷。
金錢容易突然亂花費。
穿搭建議：白襯衫＋金色耳飾，氣質直上但不用太費力。
射手｜murmur
你充滿能量，但也容易分心。
週日適合簡單行程＋小整理。
感情上用輕鬆的語氣最好。
金錢注意衝動大筆消費。
穿搭建議：灰或霧藍毛衣，讓你不會突然暴衝。",2025-11-22 22:16:00,"murmurQ｜療癒系塔羅與星座感應 
｜單題占卜｜流年語音｜情緒解讀｜
🔮 開放預約深層占語 murmur 
📩 murmurq.service@gmail.com 
💬 私訊我：「我有件事」即可預約
⋯⋯ 
不是預言，是陪你看見選擇。 
有些事，值得靜下來，好好聽牌說。",迷失,business,skipped
murmurs_listening,murmurQ,"2025/11/22｜12星座 murmur
水象｜巨蟹・天蠍・雙魚
太陽換座，你們的情緒也開始換風景。
想靠近、也想安靜，請按自己的步調來。
巨蟹｜murmur
今天容易多想，先做些能讓自己安心的小事。
工作不急不回，週末優先照顧心。
感情問候很加分。
金錢注意瑣碎支出。
穿搭建議：米白、奶油色，讓你的感受穩定不亂飄。
天蠍｜murmur
情緒深，但會自己找到出口。
事情不要全扛，留一點彈性。
感情感受很準、但不要自己腦補劇情。
金錢易買小禮物或療癒小物。
穿搭建議：黑＋深紅，不僅帥也能穩住能量。
雙魚｜murmur
今天很容易被別人說的影響，不用全都收下。
請保留界線，先做自己的。
感情抱怨太多會有紛爭。
金錢避免夜間情緒購物。
穿搭建議：水綠或霧藍，讓你輕鬆不過度敏感。",2025-11-21 22:33:00,"murmurQ｜療癒系塔羅與星座感應 
｜單題占卜｜流年語音｜情緒解讀｜
🔮 開放預約深層占語 murmur 
📩 murmurq.service@gmail.com 
💬 私訊我：「我有件事」即可預約
⋯⋯ 
不是預言，是陪你看見選擇。 
有些事，值得靜下來，好好聽牌說。",迷失,business,skipped
murmurs_listening,murmurQ,"2025/11/22｜12星座 murmur
土象｜金牛・處女・摩羯
週六想休息，社交卻搞得像上班。
越想效率，越該讓自己慢下來。
金牛｜murmur
今天需要喘口氣，慢活動、慢散步都很好。
別急著回應，先確認再答覆。
感情別安排太多行程。
金錢避免「補償式」的購物。
穿搭建議：大地色服裝＋簡單配件，最能讓你放鬆。
處女｜murmur
今天很容易看什麼都不順眼。
工作不急的先不看，給心一點距離。
感情不要用挑細節當關心。
金錢注意健康、吃喝的小額花費。
穿搭建議：白襯衫＋銀色飾品，乾淨、清醒、不焦慮。
摩羯｜murmur
明明週六，心裡卻在排下週的計畫。
今天請留半天給自己。
感情適合輕鬆聊天，不適合深談。
金錢注意物流延誤或瑣碎的額外支出。
穿搭建議：深灰＋黑，讓你重新回到掌控感。",2025-11-21 22:30:00,"murmurQ｜療癒系塔羅與星座感應 
｜單題占卜｜流年語音｜情緒解讀｜
🔮 開放預約深層占語 murmur 
📩 murmurq.service@gmail.com 
💬 私訊我：「我有件事」即可預約
⋯⋯ 
不是預言，是陪你看見選擇。 
有些事，值得靜下來，好好聽牌說。",迷失,business,skipped
murmurs_listening,murmurQ,"2025/11/22｜12星座 murmur
風象｜雙子・天秤・水瓶
週六不要想太複雜，
心放鬆，你才會更清楚自己要什麼。
雙子｜murmur
今天特別容易「邊聊天邊答應太多」——小心。
行程一次講清楚，不然會跑錯地方。
感情講太快會破壞氛圍，留一點空白。
金錢避免買太多「以為會用到」的物品。
穿搭建議：薄灰或白，清爽又不凌亂。
天秤｜murmur
你今天很想安靜一下，不需要陪每個人。
訊息若來，回在必要範圍就好。
感情迎合太多只會累爆。
金錢容易社交支出變多。
穿搭建議：玫瑰金飾品＋奶油白，氣質感很強。
水瓶｜murmur
小心別回答到太前面。
今天很適合做自己喜歡的小活動。
感情防護感太重，容易拒別人於千里之外。
金錢注意3C和交通方面的小花費。
穿搭建議：藍綠色點綴（襪子、圍巾、外套）讓能量穩下來。",2025-11-21 22:26:00,"murmurQ｜療癒系塔羅與星座感應 
｜單題占卜｜流年語音｜情緒解讀｜
🔮 開放預約深層占語 murmur 
📩 murmurq.service@gmail.com 
💬 私訊我：「我有件事」即可預約
⋯⋯ 
不是預言，是陪你看見選擇。 
有些事，值得靜下來，好好聽牌說。",迷失,business,skipped
murmurs_listening,murmurQ,"2025/11/22｜12星座 murmur
火象｜牡羊・獅子・射手
太陽進射手，你們的靈魂按下「想自由」按鈕。
今天請自由，但不要放生責任。
牡羊｜murmur
想出門、想吃好料、想聊天，全都想。
行程不要排滿，留空才有快樂的彈性。
感情想靠近就說，不要等對方猜。
金錢避免臨時揪團造成大破費。
穿搭建議：白 T＋亮色配件（藍或紅），讓你看起來有精神又不暴衝。
獅子｜murmur
今天容易把玩樂變成責任，放鬆一點。
工作消息若有人來問，回得簡短就好。
感情少說一些、自信多一點會更順。
貴重的、裝飾的容易買爆預算，尤其粉絲型購物。
穿搭建議：金屬飾品＋深色上衣，很穩、也很亮。
射手｜murmur
生日能量開始醞釀，你的氣場回來了。
今天適合簡單出走、走到哪算哪。
感情自然而然要約相處就好。
金錢注意旅遊或交通的臨時開銷。
穿搭建議：霧藍或灰針織，讓躁動的心看起來更舒服。",2025-11-21 22:22:00,"murmurQ｜療癒系塔羅與星座感應 
｜單題占卜｜流年語音｜情緒解讀｜
🔮 開放預約深層占語 murmur 
📩 murmurq.service@gmail.com 
💬 私訊我：「我有件事」即可預約
⋯⋯ 
不是預言，是陪你看見選擇。 
有些事，值得靜下來，好好聽牌說。",迷失,business,skipped
murmurs_listening,murmurQ,"這幾天的空氣，有一點像——
冬天正悄悄地在你門外徘徊。
水逆也還沒走，
有些話還卡著，有些人還模糊，
但不是所有混亂，都等著被解釋。
有些事，是要你自己走進來看清楚的。
可能是重新調整的自己，
也可能，是藏著驚喜的版本。
這不是要你撐過去。
而是提醒你：在還沒回應世界之前，
你至少要願意，與自己相依為命。",2025-11-20 22:52:00,"murmurQ｜療癒系塔羅與星座感應 
｜單題占卜｜流年語音｜情緒解讀｜
🔮 開放預約深層占語 murmur 
📩 murmurq.service@gmail.com 
💬 私訊我：「我有件事」即可預約
⋯⋯ 
不是預言，是陪你看見選擇。 
有些事，值得靜下來，好好聽牌說。",迷失,business,skipped
murmurs_listening,murmurQ,"2025/11/21｜12星座 murmur
水象｜巨蟹・天蠍・雙魚
今天的情緒像潮水：來得快，也走得快。
巨蟹｜murmur
想家的心很強，讓自己舒服一點吧。
工作適合處理熟悉的事情。
感情一句溫暖的訊息會很加分。
金錢有家庭或飲食的小支出。
穿搭建議：奶油白或米色，讓你穩下來。
天蠍｜murmur
能量強，但別把自己壓太緊。
工作請分段執行，不要硬拼。
感情跟直覺同步，但心軟不要當成復合信號。
金錢容易買神祕小物或療癒型商品。
穿搭建議：黑色上衣＋深紅配件，運勢最順。
雙魚｜murmur
今天很容易吸到別人的情緒。
工作請保持界線。
感情一句真誠的回覆就能靠近。
金錢避免晚間情緒購物。
穿搭建議：霧藍或水綠，能安定你的敏感。",2025-11-20 20:48:00,"murmurQ｜療癒系塔羅與星座感應 
｜單題占卜｜流年語音｜情緒解讀｜
🔮 開放預約深層占語 murmur 
📩 murmurq.service@gmail.com 
💬 私訊我：「我有件事」即可預約
⋯⋯ 
不是預言，是陪你看見選擇。 
有些事，值得靜下來，好好聽牌說。",迷失,business,skipped
murmurs_listening,murmurQ,"2025/11/21｜12星座 murmur
土象｜金牛・處女・摩羯
想安靜、想效率，但也想回家休息。
金牛｜murmur
今天心比較累，請把複雜事推遲。
工作適合收尾、整理。
感情很需要安全感的一天。
金錢避免轉投資或衝動升級。
穿搭建議：大地色上衣＋簡單牛仔褲，舒適最重要。
處女｜murmur
想完成的事很多，但多就是會亂。
工作選最重要的做，其他不急。
感情不要用完美期待綁住自己。
金錢注意飲食、健康相關的小支出。
穿搭建議：白襯衫＋銀色配件，很清爽也有效率。
摩羯｜murmur
週五會有「想提前加速」的衝動，慢一點比較不出問題。
請先確認文件與數據，錯誤率偏高。
感情今天適合輕鬆聊天，不適合深談。
金錢注意交通、物流延誤帶來的額外花費。
穿搭建議：深灰＋黑，讓你回到掌控感。",2025-11-20 20:47:00,"murmurQ｜療癒系塔羅與星座感應 
｜單題占卜｜流年語音｜情緒解讀｜
🔮 開放預約深層占語 murmur 
📩 murmurq.service@gmail.com 
💬 私訊我：「我有件事」即可預約
⋯⋯ 
不是預言，是陪你看見選擇。 
有些事，值得靜下來，好好聽牌說。",迷失,business,skipped
murmurs_listening,murmurQ,"2025/11/21｜12星座 murmur
風象｜雙子・天秤・水瓶
注意週五容易「講太快、承諾太快」。
雙子｜murmur
今天務必「三思再說」。
工作細節容易漏掉，邊做邊確認。
感情不要看一則訊息就自己腦補故事。
金錢避免一次買太多補貨品。
穿搭建議：淺灰＋白的組合，讓心安靜、判斷更清楚。
天秤｜murmur
週五情緒微敏感，但你掩飾得很好。
工作請把「模糊的事情」講清楚，你會更輕鬆。
感情今天很適合約會，少分析、多感受。
金錢容易因社交支出增加。
穿搭建議：帶點粉色或玫瑰金配件，會變得很討喜。
水瓶｜murmur
腦袋跳太快，他人跟不上不是他們的錯。
工作請把步驟講慢一點，你的想法才會被理解。
感情別用冷處理當界線。
金錢注意 3C、小工具突然壞掉的花費。
穿搭建議：藍綠色單品（外套/襪子）帶來穩定能量。",2025-11-20 20:42:00,"murmurQ｜療癒系塔羅與星座感應 
｜單題占卜｜流年語音｜情緒解讀｜
🔮 開放預約深層占語 murmur 
📩 murmurq.service@gmail.com 
💬 私訊我：「我有件事」即可預約
⋯⋯ 
不是預言，是陪你看見選擇。 
有些事，值得靜下來，好好聽牌說。",迷失,business,skipped
murmurs_listening,murmurQ,"2025/11/21｜12星座 murmur
火象｜牡羊・獅子・射手
今天的狀態像：頭想下班、身體還在上班。
做完一件、就讓自己喘口氣。
牡羊｜murmur
別跟自己的節奏賭氣。
工作收尾先做「最容易被遺漏的事」，避免週一爆雷。
感情關心比計畫一大堆約會還有效。
金錢避免抱著疲勞心態亂付。
穿搭建議：白 T＋深藍外套，乾淨、明確、收心感強。
獅子｜murmur
今天適合「不強行」、不搶風頭。
工作別把責任攬滿，給別人一點舞台。
感情真心誠意散散步說話就好。
金錢避免被朋友一句「一起啦」掏空荷包。
穿搭建議：金色小配件（耳環/項鍊）＋黑色上衣，存在感剛剛好。
射手｜murmur
心已度假，但至少把手邊的收好。
工作答應前先問：我今天真的做得完嗎？
感情在乎就在乎，不要假裝。
金錢避免過度投資，廣告突然腦波弱。
穿搭建議：霧灰針織或霧藍襯衫，看起來更沉穩不亂飄。",2025-11-20 20:39:00,"murmurQ｜療癒系塔羅與星座感應 
｜單題占卜｜流年語音｜情緒解讀｜
🔮 開放預約深層占語 murmur 
📩 murmurq.service@gmail.com 
💬 私訊我：「我有件事」即可預約
⋯⋯ 
不是預言，是陪你看見選擇。 
有些事，值得靜下來，好好聽牌說。",迷失,business,skipped
murmurs_listening,murmurQ,"2025/11/20｜12星座 murmur
水象｜巨蟹・天蠍・雙魚
天蠍新月＝深度 reset 的好日子。
你的感受很準，但要分清「現在」和「以前」。
巨蟹｜murmur
今天重感受，也重安全感。
先把心裡的不安找出來，效率就會回來。
感情溝通會讓距離縮短。
金錢避免情緒性支出。
穿「灰藍或淺霧紫」會讓你冷靜又溫柔。
天蠍｜murmur
今天是你的新月，心境會很像重新整理桌面。
工作請直講需求，你的聲音很有力量。
感情直接問最不耗能。
金錢有重新分配或調整計畫的機會。
穿「深藍或黑色」能讓你的能量集中又乾淨。
雙魚｜murmur
直覺非常強，但也容易放大別人的情緒。
工作請一次處理一件，不要混在一起做。
感情胡思亂想沒有幫助。
金錢避免因焦慮而購物。
穿「霧藍、霧紫或軟料上衣」你會覺得比較安心。",2025-11-19 20:39:00,"murmurQ｜療癒系塔羅與星座感應 
｜單題占卜｜流年語音｜情緒解讀｜
🔮 開放預約深層占語 murmur 
📩 murmurq.service@gmail.com 
💬 私訊我：「我有件事」即可預約
⋯⋯ 
不是預言，是陪你看見選擇。 
有些事，值得靜下來，好好聽牌說。",迷失,business,skipped
murmurs_listening,murmurQ,"2025/11/20｜12星座 murmur
土象｜金牛・處女・摩羯
今天不要急著把答案講死。
金牛｜murmur
你的節奏正好，不需要迎合別人的步調。
工作適合整理帳務與資料。
感情餅畫的再大也沒有你體貼重要。
金錢容易有小額但累積的花費。
穿「大地色＋深藍單品」會帶來安定感。
處女｜murmur
敏銳度很高，但不要把細節放得太大。
工作處理久拖的進度，會意外順利。
感情正視自己與對方的情緒，不要逃避。
金錢上記得確認報價與發票。
穿「米白或淺灰襯衫」讓你更柔和、更有效率。
摩羯｜murmur
今天很能做事，但也容易悶著頭衝過頭。
適合討論合作或修改方向。
感情請不要用沉默表達不滿。
金錢注意延遲扣款或賬單。
穿「深灰＋黑色」會讓你看起來既穩又靠譜。",2025-11-19 20:37:00,"murmurQ｜療癒系塔羅與星座感應 
｜單題占卜｜流年語音｜情緒解讀｜
🔮 開放預約深層占語 murmur 
📩 murmurq.service@gmail.com 
💬 私訊我：「我有件事」即可預約
⋯⋯ 
不是預言，是陪你看見選擇。 
有些事，值得靜下來，好好聽牌說。",迷失,business,skipped
murmurs_listening,murmurQ,"2025/11/20｜12星座 murmur
風象｜雙子・天秤・水瓶
直覺準、判斷力在線，但情緒容易被小事拉走。
雙子｜murmur
資訊太多，今天先「不回」。
工作優先確認文件與細節，不要只聽口頭。
感情一句話講清楚，別只是閒聊。
金錢注意訂閱與忘記取消的項目。
穿「白T＋藍外套」能讓你更專注、更俐落。
天秤｜murmur
想保持平衡，但今天請先照顧自己。
工作適合做「長久在拖的事」。
感情請少妥協一句，你會比較舒服。
金錢避免療癒式購物。
穿「黑褲＋銀色飾品」，你會比平常更像主角。
水瓶｜murmur
邊做邊改會讓你卡住。
工作「先完成，再微調」比較省力。
感情別用繞的，講明白你會輕鬆。
金錢避免被科技新品燒到。
穿「灰藍外套」或寬鬆上衣，會讓你的氣場變輕盈。",2025-11-19 20:34:00,"murmurQ｜療癒系塔羅與星座感應 
｜單題占卜｜流年語音｜情緒解讀｜
🔮 開放預約深層占語 murmur 
📩 murmurq.service@gmail.com 
💬 私訊我：「我有件事」即可預約
⋯⋯ 
不是預言，是陪你看見選擇。 
有些事，值得靜下來，好好聽牌說。",迷失,business,skipped
murmurs_listening,murmurQ,"2025/11/20｜12星座 murmur
火象｜牡羊・獅子・射手
今天有感覺、有衝動，但請多一點判斷力。
牡羊｜murmur
今天先做和「整理、重整」有關的事，你會變超有效率。
工作比想得順，但不要一時情緒就把話講滿。
感情先用關心開頭吧，不要硬逞強。
金錢避免買「以為自己一定會用」的東西。
穿「淺色上衣＋深藍外套」，能把火氣壓到剛剛好。
獅子｜murmur
人際能見度高，但今天適合低調出招。
工作穩住節奏，比表現更重要。
感情不要試探，會變成誤會。
金錢避免因焦慮而亂刷。
穿「白襯衫＋金屬小配件」就能很有氣勢。
射手｜murmur
心想太多反而拖慢。
工作先把最難的突破，其他會順起來。
感情別逃避對話，説出來溝通吧。
金錢注意交通與外食支出。
穿「霧藍或灰色針織」，能讓你的節奏穩下來。",2025-11-19 20:32:00,"murmurQ｜療癒系塔羅與星座感應 
｜單題占卜｜流年語音｜情緒解讀｜
🔮 開放預約深層占語 murmur 
📩 murmurq.service@gmail.com 
💬 私訊我：「我有件事」即可預約
⋯⋯ 
不是預言，是陪你看見選擇。 
有些事，值得靜下來，好好聽牌說。",迷失,business,skipped
murmurs_listening,murmurQ,"最近大氣聲音太多，
留下一個 1～9 的數字，
以及你今晚最想讓宇宙聽見的那一句話
（可一個字、一個名字、或一個感受）。
我會以那個數字送你一段「安靜的 murmur」。
越接近新月，越適合把心裡的事情放輕。
留言格式：
數字｜你的那一句
今夜限時
如有深層不安想了解，能量交換NT111
留言1111，再私訊給你。",2025-11-18 21:31:00,"murmurQ｜療癒系塔羅與星座感應 
｜單題占卜｜流年語音｜情緒解讀｜
🔮 開放預約深層占語 murmur 
📩 murmurq.service@gmail.com 
💬 私訊我：「我有件事」即可預約
⋯⋯ 
不是預言，是陪你看見選擇。 
有些事，值得靜下來，好好聽牌說。",迷失,business,skipped
murmurs_listening,murmurQ,"2025/11/19｜12星座 murmur
水象｜巨蟹・天蠍・雙魚
巨蟹｜murmur
今天心很敏感，別背太多別人的情緒。
工作把流程講清楚，你會輕鬆很多。
感情溫柔的直話最有效。
金錢避免靠吃或買來壓情緒。
穿「灰藍或淺灰」看起來舒服，也比較不被情緒牽著跑。
天蠍｜murmur
水逆讓你容易多想，反而影響睡眠。
工作上先確認來源與細節，不要被誤導。
感情想法太多時，說出來比較有效。
金錢有調整現金流或分配的需求。
試試「墨綠或深藍外套」，沉穩不壓抑。
雙魚｜murmur
今天接收太多訊息容易累，請先篩選。
工作適合做減法，不要一直加任務。
感情不要腦補，問一句會比自己亂想好。
金錢注意情緒性消費。
「霧藍或霧紫軟料上衣」能讓你更安心、不被拖走。",2025-11-18 20:31:00,"murmurQ｜療癒系塔羅與星座感應 
｜單題占卜｜流年語音｜情緒解讀｜
🔮 開放預約深層占語 murmur 
📩 murmurq.service@gmail.com 
💬 私訊我：「我有件事」即可預約
⋯⋯ 
不是預言，是陪你看見選擇。 
有些事，值得靜下來，好好聽牌說。",迷失,business,skipped
murmurs_listening,murmurQ,"2025/11/19｜12星座 murmur
土象｜金牛・處女・摩羯
金牛｜murmur
今天特別適合整理與歸檔。
工作比你以為的更順，進度會悄悄超前。
感情需要你主動表態，不要悶著。
金錢避免大額購買，等後續特價再下手。
穿「大地色＋深藍」會有你特別的穩感與質感。
處女｜murmur
細節看得特別清楚，但不要糾結到喘不過氣。
工作適合修正而不是開新案。
感情少評論一句，就是甜一點。
金錢面考量必須先，其他的再補上。
白襯衫或「米色外套」能讓你的能量看起來很乾淨。
摩羯｜murmur
想認真卻容易被打斷，會被交代職責外的。
不要一肩扛完，請適時反應狀況。
感情有點怕寂寞，適合討摸摸。
金錢注意延遲帳單與忘記付款。
「深灰＋黑色」穿起來會很俐落，做事很有份量。",2025-11-18 20:29:00,"murmurQ｜療癒系塔羅與星座感應 
｜單題占卜｜流年語音｜情緒解讀｜
🔮 開放預約深層占語 murmur 
📩 murmurq.service@gmail.com 
💬 私訊我：「我有件事」即可預約
⋯⋯ 
不是預言，是陪你看見選擇。 
有些事，值得靜下來，好好聽牌說。",迷失,business,skipped
murmurs_listening,murmurQ,"2025/11/19｜12星座 murmur
風象｜雙子・天秤・水瓶
雙子｜murmur
腦袋轉得快，但今天資訊太多容易失焦。
能完成非做不可的，避免爆氣。
感情不要繞彎說，對方今天真的不會懂。
金錢小錢也能發揮大作用。
穿上「白T＋藍色外套」，整個人看起來既專心又自然。
天秤｜murmur
想保持優雅，但事情會一直來敲門。
今天如有拖很久的事，有機會處理。
感情不需要太迎合，先開心比較重要。
金錢適合整理固定支出或取消不必要的項目。
「黑長褲＋銀色裝飾」就是你今天的穩定配方。
水瓶｜murmur
很多想法會突然跳出來，先整理不然會忘記。
工作細節要再三確認，不要只看大方向。
感情請說清楚，不要以為對方會懂。
金錢避免被朋友推坑新科技或家電。
試試「藍灰色外套」或簡單寬鬆上衣，清爽又不亂。",2025-11-18 20:11:00,"murmurQ｜療癒系塔羅與星座感應 
｜單題占卜｜流年語音｜情緒解讀｜
🔮 開放預約深層占語 murmur 
📩 murmurq.service@gmail.com 
💬 私訊我：「我有件事」即可預約
⋯⋯ 
不是預言，是陪你看見選擇。 
有些事，值得靜下來，好好聽牌說。",迷失,business,skipped
murmurs_listening,murmurQ,"2025/11/19｜12星座 murmur
火象｜牡羊・獅子・射手
牡羊｜murmur
今天容易急，但急沒有比較快。
先把最重要的事情寫下來，你會少走很多回頭路。
感情講重點、別講道理。
金錢避免「以為自己記得」的支付項目，先對一次帳。今天穿「淺色上衣＋深藍外套」，看起來既清醒又不會太衝。
獅子｜murmur
注意不要把所有人都當成你的小隊成員。
收斂、少一個爆炸反應，效率反而變好。
感情想被注意就直接講，暗示等待是反作用。
金錢有小破財，情緒購物會後悔。
試試「白色襯衫＋金屬配件」，簡單但很有存在感。
射手｜murmur
想一次完成太多會變成混亂。
今天用「分段完成」很適合你。
感情不要急著搶答，先聽完對方的想法。
金錢注意臨時出遊或突發開銷。
穿「灰色或霧藍針織」會看起來更穩，不會那麼浮躁。",2025-11-18 20:06:00,"murmurQ｜療癒系塔羅與星座感應 
｜單題占卜｜流年語音｜情緒解讀｜
🔮 開放預約深層占語 murmur 
📩 murmurq.service@gmail.com 
💬 私訊我：「我有件事」即可預約
⋯⋯ 
不是預言，是陪你看見選擇。 
有些事，值得靜下來，好好聽牌說。",迷失,business,skipped
murmurs_listening,murmurQ,"2025/11/18｜12星座 murmur
水象｜巨蟹・天蠍・雙魚
感受開始變「深」，
但這不是壓力，而是讓你準備看清一件事。
巨蟹｜murmur
別急著情緒化，今天感受比事實大聲。
工作先做能確定的，模糊的明天再問清楚。
感情一句「我有點在意」會讓對方更懂你。
金錢注意家庭相關突發支出。
天蠍｜murmur
你的洞察力回來了，別忽略它。
工作能量很強，但不要一次講太多。
感情開口問比情緒內耗好太多。
金錢有重新調整收支的衝動，是好事。
雙魚｜murmur
今天的直覺靠得住，但情緒不要放太前面。
工作先把你聽到的再確認一次。
感情上，不要用沉默等待對方發現問題。
金錢避免補償式消費，晚點再決定也來得及。",2025-11-17 21:46:00,"murmurQ｜療癒系塔羅與星座感應 
｜單題占卜｜流年語音｜情緒解讀｜
🔮 開放預約深層占語 murmur 
📩 murmurq.service@gmail.com 
💬 私訊我：「我有件事」即可預約
⋯⋯ 
不是預言，是陪你看見選擇。 
有些事，值得靜下來，好好聽牌說。",迷失,business,skipped
murmurs_listening,murmurQ,"2025/11/18｜12星座 murmur
土象｜金牛・處女・摩羯
容易「做到忘記休息」，
今天的重點是：節奏小調整，成果大提升。
金牛｜murmur
事情排太滿會累到情緒。
工作選重要的，其餘標註明後天做。
感情說漂亮話沒有加分的效果。
金錢嚐鮮結果可能不佳。
處女｜murmur
細節抓得很準，但別全靠自己做完全部。
有人能幫忙就分出去。
感情疲勞感容易沈默，想想如何轉換心情。
金錢適合做小額整理或開源。
摩羯｜murmur
今天你很務實、也很可靠。
工作優先做需要你拍板的部分。
感情慢慢聊，對方比你想像更願意配合。
金錢穩但偏保守，可準備年底大項目預算。",2025-11-17 21:45:00,"murmurQ｜療癒系塔羅與星座感應 
｜單題占卜｜流年語音｜情緒解讀｜
🔮 開放預約深層占語 murmur 
📩 murmurq.service@gmail.com 
💬 私訊我：「我有件事」即可預約
⋯⋯ 
不是預言，是陪你看見選擇。 
有些事，值得靜下來，好好聽牌說。",迷失,business,skipped
murmurs_listening,murmurQ,"2025/11/18｜12星座 murmur
風象｜雙子・天秤・水瓶
今天的步調：同步頻率，而不是拉著人跑。
雙子｜murmur
你今天嘴巴快過腦，會誤傳訊息。
寫下來再講最安全。
感情上輕鬆開話題，比深度對談更順。
金錢情緒投資要注意。
天秤｜murmur
月亮離開你家前，容易「為別人做太多」。
工作請明講你的能力範圍。
感情別預先替對方決定你的感受。
金錢適合整理帳目或分攤，需要清楚一點。
水瓶｜murmur
今天適合「冷靜拆解問題」。
你看得比別人遠，耐心一點帶節奏。
感情若要聊正事，小心開太多話題。
買的方案、課程要記得兌換使用。",2025-11-17 21:40:00,"murmurQ｜療癒系塔羅與星座感應 
｜單題占卜｜流年語音｜情緒解讀｜
🔮 開放預約深層占語 murmur 
📩 murmurq.service@gmail.com 
💬 私訊我：「我有件事」即可預約
⋯⋯ 
不是預言，是陪你看見選擇。 
有些事，值得靜下來，好好聽牌說。",迷失,business,skipped
murmurs_listening,murmurQ,"2025/11/18｜12星座 murmur
火象｜牡羊・獅子・射手
今天的重點是「校正」。
你需要講慢一點、看清一點。
牡羊｜murmur
事情全往你這邊靠，很容易爆。
先挑最急的做，其餘明天處理也沒事。
感情避雷優先，事後道歉效果差。
金錢避免替別人先墊款。
獅子｜murmur
注意別人的語氣，不要只聽內容。
你今天的魅力來自冷靜，而不是主導。
感情慢聊，對方其實有話還沒說。
金錢人情支出多，有出有進。
射手｜murmur
訊息容易出錯，你今天最需要的是「再確認」。
工作做完後記得回頭核對一遍。
感情不要預設對方會怎樣，直接問最佳解。
金錢小心訂單、退款或旅遊資訊重複扣款。",2025-11-17 21:38:00,"murmurQ｜療癒系塔羅與星座感應 
｜單題占卜｜流年語音｜情緒解讀｜
🔮 開放預約深層占語 murmur 
📩 murmurq.service@gmail.com 
💬 私訊我：「我有件事」即可預約
⋯⋯ 
不是預言，是陪你看見選擇。 
有些事，值得靜下來，好好聽牌說。",迷失,business,skipped
huangchinsung.dr,金鶯診所 黃錦崧醫師｜新北 桃園 家醫科 小兒科推薦,"身為專攻碳循環的家醫科醫師，我常說：
越想用「意志力」節食，往往輸得越慘。
因為當你極端少吃，身體會以為遇上饑荒，
壓力荷爾蒙（皮質醇）往上衝，
整個代謝就會進入「節能保護模式」，
脂肪更不容易放手。
這就像我在潛水時學到的：
越是對抗海流，氧氣耗得越快。
學會順應身體節奏（該吃就吃），
身體有安全感，才願意讓你瘦。",2025-11-26 18:00:00,"。金鶯診所醫療團隊 總院長。
◆家醫科 全人醫療 內科專科醫師
◆專長：小兒科/皮膚科/耳鼻喉/急慢性病/碳循環減重
◆興趣：潛水、爬山、戶外運動，養了一隻可愛灰貴賓",壓力喘不過氣,business,skipped
huangchinsung.dr,金鶯診所 黃錦崧醫師｜新北 桃園 家醫科 小兒科推薦,"那種像戴了緊箍咒的頭痛，
或是肩頸永遠硬得像石頭……
不管怎麼按摩、吃止痛藥都不會好，
其實背後通常有它的原因。
這不是巧合。
這些症狀常常和同一套系統有關——
「肌肉筋膜」與「情緒張力」的連動。
當大腦一直處在「備戰狀態」，
身體會下意識地「聳肩」、「咬牙」。
久了，頭皮和頸部的筋膜就會變得緊張、發炎。
疼痛其實是身體的求救訊號：
「我已經撐不住了。」
在臨床上，這類病人通常：
責任感超強、把所有事扛在肩上，
不允許自己出錯。
從西醫角度，這不只是肌肉痠痛，
更符合「中樞神經敏感化」的反應。
想要頭不痛，除了藥物，
學會卸下責任、
告訴自己「我不必為所有事負責」，
身體才有機會真正放鬆。",2025-11-26 12:00:00,"。金鶯診所醫療團隊 總院長。
◆家醫科 全人醫療 內科專科醫師
◆專長：小兒科/皮膚科/耳鼻喉/急慢性病/碳循環減重
◆興趣：潛水、爬山、戶外運動，養了一隻可愛灰貴賓",壓力喘不過氣,business,skipped
huangchinsung.dr,金鶯診所 黃錦崧醫師｜新北 桃園 家醫科 小兒科推薦,"看小兒科時，我常勸焦慮的家長：
別急著幫孩子「擋掉所有病毒」。
發燒，其實是免疫系統正在「重訓」。
如果你一燒就退、環境無菌到極致，
孩子的免疫軍隊，就永遠沒有實戰演習的機會。
（當然，精神差或發燒太久，一樣要看醫生、適度用藥。）
孩子比你想像中強韌。
父母的責任不是移除障礙，
而是確認安全，然後讓他自己學會站起來。",2025-11-26 09:00:00,"。金鶯診所醫療團隊 總院長。
◆家醫科 全人醫療 內科專科醫師
◆專長：小兒科/皮膚科/耳鼻喉/急慢性病/碳循環減重
◆興趣：潛水、爬山、戶外運動，養了一隻可愛灰貴賓",壓力喘不過氣,business,skipped
huangchinsung.dr,金鶯診所 黃錦崧醫師｜新北 桃園 家醫科 小兒科推薦,"以前他坐在診療椅上， 腳還懸空晃呀晃， 看到我要拿聽診器就想哭。
今天他走進來， 腿長到不知道該往哪擺， 聲音變粗了，開口第一句是跟我聊學校的煩惱。
那一刻我突然明白， 身為家醫科醫師， 我給了他們藥物治療感冒， 但他們卻用「成長的生命力」，療癒了我的疲憊。",2025-11-25 18:00:00,"。金鶯診所醫療團隊 總院長。
◆家醫科 全人醫療 內科專科醫師
◆專長：小兒科/皮膚科/耳鼻喉/急慢性病/碳循環減重
◆興趣：潛水、爬山、戶外運動，養了一隻可愛灰貴賓",壓力喘不過氣,business,skipped
huangchinsung.dr,金鶯診所 黃錦崧醫師｜新北 桃園 家醫科 小兒科推薦,"很多人不知道，
夜深人靜時的耳鳴、
或是耳朵突然悶悶的、聽力下降，
真的常常在「熬夜」或「巨大壓力」後出現。
這不是巧合。
內耳的血管非常細，和自律神經的連動很敏感。
當身體長期處在戰鬥狀態、沒得休息，
血管會收縮、循環變差，
神經也會變得太敏感，
把原本微弱、該過濾掉的雜訊「放大」。
耳朵是神經系統的雷達，
過勞的訊號很容易從這裡「亮紅燈」。
在臨床上，我常看到這類病人：
凡事親力親為、停不下來，覺得休息就是偷懶。
從西醫角度，
這不只是耳朵本身的問題，
而是「交感神經」過熱後的反應。
想讓耳朵安靜，比起一直換循環藥，
強迫自己「關機」、給大腦真正的深層休息，
往往才是關鍵的一步。
（若合併突然聽力下降，仍需立即就醫）",2025-11-25 12:00:00,"。金鶯診所醫療團隊 總院長。
◆家醫科 全人醫療 內科專科醫師
◆專長：小兒科/皮膚科/耳鼻喉/急慢性病/碳循環減重
◆興趣：潛水、爬山、戶外運動，養了一隻可愛灰貴賓",壓力喘不過氣,business,skipped
huangchinsung.dr,金鶯診所 黃錦崧醫師｜新北 桃園 家醫科 小兒科推薦,"皮膚常常是心理的鏡子。
很多慢性濕疹擦藥好不了，
是因為你心裡的「警報器」一直沒關。
醫學上，長期壓力會讓神經釋放發炎物質，
讓免疫系統處於「隨時備戰」的敏感狀態。
藥物還是需要的，但如果壓力一直飄在高檔，
皮膚常常只會好一半又反彈。
這時候，去山上走走、看看風景放鬆吧。
治好頑疾的關鍵，有時不是更強的類固醇，
而是你終於願意放過自己，
讓神經系統有機會「關機」休息。",2025-11-25 09:00:00,"。金鶯診所醫療團隊 總院長。
◆家醫科 全人醫療 內科專科醫師
◆專長：小兒科/皮膚科/耳鼻喉/急慢性病/碳循環減重
◆興趣：潛水、爬山、戶外運動，養了一隻可愛灰貴賓",壓力喘不過氣,business,skipped
huangchinsung.dr,金鶯診所 黃錦崧醫師｜新北 桃園 家醫科 小兒科推薦,"你也是這樣嗎？
常常情緒莫名低落焦慮、容易感冒，
皮膚又常常發癢過敏？
很多人不知道，
三個看似不相干的問題，
很可能都指向同一個根源：
你的「腸道」出了狀況。
因為腸道會製造超過 90% 的血清素
（和情緒調節密切相關），
也承載了將近 70% 的免疫系統，
腸道一失衡，
情緒、免疫、皮膚都會跟著大亂。",2025-11-24 17:59:00,"。金鶯診所醫療團隊 總院長。
◆家醫科 全人醫療 內科專科醫師
◆專長：小兒科/皮膚科/耳鼻喉/急慢性病/碳循環減重
◆興趣：潛水、爬山、戶外運動，養了一隻可愛灰貴賓",壓力喘不過氣,business,skipped
huangchinsung.dr,金鶯診所 黃錦崧醫師｜新北 桃園 家醫科 小兒科推薦,"你是不是也愛喝「純果汁」，
覺得很健康？
你可能要小心了！
水果一旦被榨成汁，
原本在果肉、果皮裡的纖維，
幾乎都不見了，
剩下的就是
「糖分比較濃、吸收更快的果汁」。
少了纖維，你的腸道好菌就很難運作，
血糖也會更容易一下子衝高。
想養腸道、顧免疫力，
水果還是盡量「整顆吃」，
效果會差很多。",2025-11-24 11:59:00,"。金鶯診所醫療團隊 總院長。
◆家醫科 全人醫療 內科專科醫師
◆專長：小兒科/皮膚科/耳鼻喉/急慢性病/碳循環減重
◆興趣：潛水、爬山、戶外運動，養了一隻可愛灰貴賓",壓力喘不過氣,business,skipped
huangchinsung.dr,金鶯診所 黃錦崧醫師｜新北 桃園 家醫科 小兒科推薦,"你是不是也以為，
養好腸道就要猛吞「益生菌」？
身為醫生，我必須說，
更重要的是「餵」你腸道裡的好菌。
好菌最主要的食物來源，
就是「植物纖維」。
當這些好菌吃飽纖維，
它們會回報你一個非常重要的
「超級武器」——
叫做短鏈脂肪酸（SCFA）。
這才是你養菌的真正目的。
SCFA 是腸道製造的天然抗發炎物質，
能幫助調節免疫、
穩定腸道、降低身體發炎。",2025-11-24 08:59:00,"。金鶯診所醫療團隊 總院長。
◆家醫科 全人醫療 內科專科醫師
◆專長：小兒科/皮膚科/耳鼻喉/急慢性病/碳循環減重
◆興趣：潛水、爬山、戶外運動，養了一隻可愛灰貴賓",壓力喘不過氣,business,skipped
huangchinsung.dr,金鶯診所 黃錦崧醫師｜新北 桃園 家醫科 小兒科推薦,"很多人不知道，
像是慢性濕疹、蕁麻疹反覆發作，
甚至乾癬這些皮膚問題，
確實常常「一起出現」或交替惡化。
這不是巧合。
因為它們都與同一套系統有關——
免疫系統＋神經系統 的反應過度。
當身體長期處在焦慮、壓力沒出口的狀態，
大腦會透過神經釋放壓力訊號，
這些訊號會影響皮膚中的免疫細胞，
讓原本安靜的皮膚「被點火」，
出現搔癢、紅疹或脫屑。
皮膚其實是全身最大的免疫器官之一，
情緒和壓力很常在這裡「顯現出來」。
在臨床上，我常看到類似的病人：
他們通常敏感、要求高、習慣忍耐，
把不舒服的感覺往心裡吞，
直到皮膚替他們說話。
而從西醫的角度，
這不只是皮膚過敏，
更像是整個 「神經–免疫–皮膚」軸線
的失衡。
想要讓皮膚穩定，
除了擦藥、抗過敏，
學會安頓壓力、
讓神經系統不要一直拉警報，
其實才是最關鍵的一步。",2025-11-21 17:59:00,"。金鶯診所醫療團隊 總院長。
◆家醫科 全人醫療 內科專科醫師
◆專長：小兒科/皮膚科/耳鼻喉/急慢性病/碳循環減重
◆興趣：潛水、爬山、戶外運動，養了一隻可愛灰貴賓",壓力喘不過氣,business,skipped
huangchinsung.dr,金鶯診所 黃錦崧醫師｜新北 桃園 家醫科 小兒科推薦,"你知道嗎？
「肌肉」其實是你「減脂」最好的朋友！
因為肌肉在休息的時候，
也會幫你默默燃燒熱量。
但如果你長期吃得太低碳、能量不夠，
肌肉的肝醣會一直處在「缺貨狀態」，
身體就比較容易去分解肌肉當作能量，
基礎代謝也會越來越低。
所以我在門診，替大家調整減重計畫時，
就是教「碳水循環」瘦身。
裡面的「高碳日」，
就是專門幫肌肉補「肝醣」的，
就像把電池充飽一樣，
讓肌肉有能量，也守得住你的代謝。",2025-11-21 12:00:00,"。金鶯診所醫療團隊 總院長。
◆家醫科 全人醫療 內科專科醫師
◆專長：小兒科/皮膚科/耳鼻喉/急慢性病/碳循環減重
◆興趣：潛水、爬山、戶外運動，養了一隻可愛灰貴賓",壓力喘不過氣,business,skipped
huangchinsung.dr,金鶯診所 黃錦崧醫師｜新北 桃園 家醫科 小兒科推薦,"你也是這樣嗎？
換季就一定感冒、
皮膚還動不動就發癢過敏？
其實，你身體裡有將近 70% 的免疫系統，
都集中在腸道黏膜周圍。
因為腸道是身體的第一道防線，
身體會在這裡佈下重兵。
你的腸道一失衡，免疫力就跟著大亂，
這就是你容易感冒，或是過敏的可能原因。",2025-11-21 09:59:00,"。金鶯診所醫療團隊 總院長。
◆家醫科 全人醫療 內科專科醫師
◆專長：小兒科/皮膚科/耳鼻喉/急慢性病/碳循環減重
◆興趣：潛水、爬山、戶外運動，養了一隻可愛灰貴賓",壓力喘不過氣,business,skipped
huangchinsung.dr,金鶯診所 黃錦崧醫師｜新北 桃園 家醫科 小兒科推薦,"想吃澱粉，
又怕血糖飆高、容易變胖？
你可以試試看這個，
超簡單的「進食順序」：
第一口先吃「蛋白質」
（像掌心大的肉、蛋、豆腐都可以）
第二步吃「兩個拳頭」的蔬菜
讓纖維先進到腸胃，把速度慢下來
最後才吃澱粉
這時葡萄糖的吸收，就會平緩很多
這個順序有兩個好處：
✔ 胃排空會變慢
✔ 身體更容易分泌 GLP-1（天然瘦瘦針）
飽足感會上來，
血糖也不容易暴衝。
簡單、好做、又超有效。",2025-11-20 11:59:00,"。金鶯診所醫療團隊 總院長。
◆家醫科 全人醫療 內科專科醫師
◆專長：小兒科/皮膚科/耳鼻喉/急慢性病/碳循環減重
◆興趣：潛水、爬山、戶外運動，養了一隻可愛灰貴賓",壓力喘不過氣,business,skipped
huangchinsung.dr,金鶯診所 黃錦崧醫師｜新北 桃園 家醫科 小兒科推薦,"你以為「預防癌症」， 
只要「戒菸、戒酒」就夠了嗎？
身為醫生，我必須說， 
真正的預防， 
還包括「找到健康的壓力出口」。
運動、充足睡眠、良好的社交支持... 
這些聽起來很平凡的事， 
其實才是讓身體「重新修復」、
防止「發炎」與「免疫失守」的關鍵。",2025-11-20 08:59:00,"。金鶯診所醫療團隊 總院長。
◆家醫科 全人醫療 內科專科醫師
◆專長：小兒科/皮膚科/耳鼻喉/急慢性病/碳循環減重
◆興趣：潛水、爬山、戶外運動，養了一隻可愛灰貴賓",壓力喘不過氣,business,skipped
huangchinsung.dr,金鶯診所 黃錦崧醫師｜新北 桃園 家醫科 小兒科推薦,"在門診中，常看到這樣的情況：
病人其實不只是「抽太多菸」。
他往往同時承受著長期的心理壓力，
只能靠菸、酒，
甚至檳榔來讓自己麻痺一下。
久而久之，
身體的就「兩道防線」一起出問題：
第一道，是被菸酒刺激破壞的
「黏膜與慢性發炎」；
第二道，是被壓力拖垮的「免疫系統」。
當發炎沒止、免疫又疲乏，
身體清除異常細胞的能力就會下降，
癌細胞自然更容易趁虛而入。",2025-11-19 17:59:00,"。金鶯診所醫療團隊 總院長。
◆家醫科 全人醫療 內科專科醫師
◆專長：小兒科/皮膚科/耳鼻喉/急慢性病/碳循環減重
◆興趣：潛水、爬山、戶外運動，養了一隻可愛灰貴賓",壓力喘不過氣,business,skipped
huangchinsung.dr,金鶯診所 黃錦崧醫師｜新北 桃園 家醫科 小兒科推薦,"你可能不知道…
「肌肉」才是你真正的燃脂引擎。
所謂的「易瘦體質」，
其實大多是因為基礎代謝率比較高，
而基礎代謝率的差別，
最大關鍵就是「肌肉量」。
肌肉量夠的人，
就算只是躺著、滑手機、看電視，
消耗的熱量都會比一般人還要多。",2025-11-19 11:59:00,"。金鶯診所醫療團隊 總院長。
◆家醫科 全人醫療 內科專科醫師
◆專長：小兒科/皮膚科/耳鼻喉/急慢性病/碳循環減重
◆興趣：潛水、爬山、戶外運動，養了一隻可愛灰貴賓",壓力喘不過氣,business,skipped
huangchinsung.dr,金鶯診所 黃錦崧醫師｜新北 桃園 家醫科 小兒科推薦,"你以為壓力大，
頂多只是「睡不著」或「胃痛」嗎？
其實，長期的壓力和睡眠不足，
會讓你的「皮質醇」
也就是（壓力荷爾蒙）持續偏高。
當皮質醇長期過多，
它會抑制免疫系統的運作，
讓原本應該巡邏、
清除異常細胞的免疫細胞變得遲鈍。
這也是為什麼，
長期處在壓力中的人，
身體的防禦能力會下降，
等於讓癌細胞「有了更多機會」趁虛而入。",2025-11-19 08:59:00,"。金鶯診所醫療團隊 總院長。
◆家醫科 全人醫療 內科專科醫師
◆專長：小兒科/皮膚科/耳鼻喉/急慢性病/碳循環減重
◆興趣：潛水、爬山、戶外運動，養了一隻可愛灰貴賓",壓力喘不過氣,business,skipped
huangchinsung.dr,金鶯診所 黃錦崧醫師｜新北 桃園 家醫科 小兒科推薦,"是不是也以為，
「減脂」就是把所有油脂都戒掉？
其實這完全錯了！
身體需要「好的油脂」，
來製造荷爾蒙、穩定代謝、維持情緒。
你真的要避開的，
是那些「反覆高溫炸過的油」：
像炸雞、薯條、重複加熱的炸物油，
才是最容易讓身體發炎、變胖的那種油。
我很多減重學員，
都是這樣瘦下來的：
▪︎戒掉高油的港式點心、少吃外面炸物
▪︎平常改用「橄欖油」煮菜、
▪︎一週吃 2～3 次深海魚、
▪︎加一點堅果或亞麻籽來補 Omega-3。
這些好的油脂，
才是真正能幫你把代謝養回來、
變成易瘦體質的關鍵。",2025-11-18 11:59:00,"。金鶯診所醫療團隊 總院長。
◆家醫科 全人醫療 內科專科醫師
◆專長：小兒科/皮膚科/耳鼻喉/急慢性病/碳循環減重
◆興趣：潛水、爬山、戶外運動，養了一隻可愛灰貴賓",壓力喘不過氣,business,skipped
huangchinsung.dr,金鶯診所 黃錦崧醫師｜新北 桃園 家醫科 小兒科推薦,"你是不是也以為，
抽菸、喝酒、嚼檳榔，
只是「運氣不好」才會得癌症？
其實從醫學角度來看，
這些化學刺激物會不斷傷害你
「口腔、咽喉、食道」等第一線黏膜細胞。
每一次接觸，
都像在讓細胞「受傷、發炎、再修復」。
這樣的循環如果持續很多年，
細胞在修復過程中就容易出現DNA錯誤，
這些微小的錯誤一旦累積，
就可能成為癌細胞誕生的開端。",2025-11-18 08:59:00,"。金鶯診所醫療團隊 總院長。
◆家醫科 全人醫療 內科專科醫師
◆專長：小兒科/皮膚科/耳鼻喉/急慢性病/碳循環減重
◆興趣：潛水、爬山、戶外運動，養了一隻可愛灰貴賓",壓力喘不過氣,business,skipped
huangchinsung.dr,金鶯診所 黃錦崧醫師｜新北 桃園 家醫科 小兒科推薦,"一個你可能不知道的「癌症連鎖效應」：
很多人不知道，
其實「口腔癌」、
「食道癌」和「肺癌」這三種癌症，
常常會同時出現在同一個人身上。
在臨床上，
這種情況被稱為「多重原發癌」。
它不是巧合，
而是因為這三個部位都屬於
「上呼吸消化道系統」——
身體面對外界刺激的第一道防線。
當這些黏膜長期暴露在菸、酒、
檳榔或空氣污染中，
就容易受到同樣的致癌因子傷害，
因此風險往往會一起上升。",2025-11-17 17:59:00,"。金鶯診所醫療團隊 總院長。
◆家醫科 全人醫療 內科專科醫師
◆專長：小兒科/皮膚科/耳鼻喉/急慢性病/碳循環減重
◆興趣：潛水、爬山、戶外運動，養了一隻可愛灰貴賓",壓力喘不過氣,business,skipped
huangchinsung.dr,金鶯診所 黃錦崧醫師｜新北 桃園 家醫科 小兒科推薦,"想養成「易瘦體質」，
第一步不是狂運動、也不是少吃澱粉，
而是先把「胰島素」穩定下來。
最簡單的做法，就是調整「吃飯順序」：
✔先吃「蛋白質」，像雞肉、魚、雞蛋。
✔再吃一盤「蔬菜」。
✔最後，才開始吃澱粉。
這個順序，
能把血糖拉得比較平穩，
胰島素也不會一下子衝太高，
身體就比較，不會急著把熱量存成脂肪。
想減脂，先學會這一步，就贏一半了。",2025-11-17 12:00:00,"。金鶯診所醫療團隊 總院長。
◆家醫科 全人醫療 內科專科醫師
◆專長：小兒科/皮膚科/耳鼻喉/急慢性病/碳循環減重
◆興趣：潛水、爬山、戶外運動，養了一隻可愛灰貴賓",壓力喘不過氣,business,skipped
huangchinsung.dr,金鶯診所 黃錦崧醫師｜新北 桃園 家醫科 小兒科推薦,"你是不是也以為，
腸躁症只要「吃藥」就會好？
身為醫師，我可以很肯定地說——
藥物（像止瀉劑、軟便劑、益生菌）
都只是「輔助」，
真正能讓你改善的，
是讓腸子「重新找回節奏」。
醫學上已經證實，
兩件事最關鍵：
第一是「管理壓力」，
第二是「飲食調整」。
像是低 FODMAP 飲食
（避開洋蔥、豆類、蜂蜜、
蘋果這些容易產氣的食物），
能明顯減少脹氣與疼痛。
再加上讓自己吃得慢一點、
放鬆一點、睡得好一點，
你的腸子就會慢慢穩定下來。
腸躁症不是靠「壓制症狀」，
而是靠「調整生活」來修復節奏。",2025-11-17 08:59:00,"。金鶯診所醫療團隊 總院長。
◆家醫科 全人醫療 內科專科醫師
◆專長：小兒科/皮膚科/耳鼻喉/急慢性病/碳循環減重
◆興趣：潛水、爬山、戶外運動，養了一隻可愛灰貴賓",壓力喘不過氣,business,skipped
huangchinsung.dr,金鶯診所 黃錦崧醫師｜新北 桃園 家醫科 小兒科推薦,"如果你有「腸躁症」，
到底該怎麼辦？
醫學研究早就證實，
「規律運動」是最天然、
也最有效的改善方式之一。
像是每週三次以上、
每次三十分鐘的中等強度運動
（快走、游泳、騎腳踏車），
就能幫助腸道恢復穩定的節奏。
運動不只讓腸道蠕動更規律，
還能穩定情緒、降低壓力荷爾蒙。
壓力一降，
那條過度敏感的「腸腦軸」神經通路，
也會慢慢放鬆。
很多研究指出，
當焦慮減輕、自律神經平衡後，
腸躁症的腹痛與脹氣症狀，
就會顯著改善。",2025-11-14 17:59:00,"。金鶯診所醫療團隊 總院長。
◆家醫科 全人醫療 內科專科醫師
◆專長：小兒科/皮膚科/耳鼻喉/急慢性病/碳循環減重
◆興趣：潛水、爬山、戶外運動，養了一隻可愛灰貴賓",壓力喘不過氣,business,skipped
0922yiting,李沂庭,"最近覺得長大後真的越來越覺得我好像沒什麼朋友🥲
不是故意疏遠誰，就是慢慢變得只剩自己的感覺，朋友少到有時候真的不知道能找誰。
大家都有自己的生活圈，但感覺好久沒跟誰好好說說話了，有時候內心覺得很孤單，可是不知道該跟誰說，感覺心裡很空。🙁
朋友少到有時候會懷疑，是不是我真的不夠好，還是很難相處😫",2025-11-21 01:48:00,"🇹🇼🇹🇭
♍️
INFJ😬
發些廢廢的東西，想說說話而已😆",覺得很孤單,not_enough_posts,skipped
0922yiting,李沂庭,這部劇好看到走不出來了🥹,2025-11-20 04:02:00,"🇹🇼🇹🇭
♍️
INFJ😬
發些廢廢的東西，想說說話而已😆",覺得很孤單,not_enough_posts,skipped
kazuhirotitan,Titan Kazuhiro 鍾一弘,"幾年前已經在講的火運 離中虛
發生緊啦... 不是「火」 呀
是人性，貪婪、幻想、騙局、表面美內裡爛..
做老闆靠吹吸錢 撘棚 吸金， 3億資金，可以是虛爛細節。
近2年政府各大活動已經表現緊
話事人騙話事人
中層人欺上瞞下，得過且過，事不關己，不渣緊細節便批。
下層人自己想點做就點做，無細節無人性無後果。
輕則，預制菜，賣假野... 
重質大工程，中層人不執正，下層人是旦，政府官又是旦通過...
有人提醒 預測 預料
就比人話偏見歪理，唔理唔理
到真是發生了，又鬧馬後炮抽水..
都講左青蛇赤馬紅羊..
有晒歴史記録..
未發生又話神棍
發生了又話「講來都無用」
然之後一直重複..
大火災難好慘
然而
人若不醒
赤馬紅羊2年
尤其明年丙午年67月火月
更嚴重..",2025-11-28 00:26:00,命理師，八字五行格局、人類圖、脈輪調頻、系統排列,得過且過,business,skipped
kazuhirotitan,Titan Kazuhiro 鍾一弘,"天災人禍出現
就有大把人主觀地道德綁架他人..",2025-11-27 21:59:00,命理師，八字五行格局、人類圖、脈輪調頻、系統排列,得過且過,business,skipped
kazuhirotitan,Titan Kazuhiro 鍾一弘,"邊個話破產等如唔洗還？
涉及刑事，刑事帶來的民事索償
是追一世， 不受破產保障。
香港真實案例
•  Re Wong Chi-keung [2018]（地盤吊臂倒塌死人）→ 董事被刑事定誤殺＋民事判賠3800萬 → 之後破產，法庭裁定3800萬不受破產影響
•  Re Lau Wai-keung [2021]（高空工作無安全帶墮死）→ 董事刑事罰款＋坐監＋民事賠5200萬 → 破產後5200萬仍然存在
•  Chan Yiu-kwong v Secretary for Justice [2024最新] → 上訴庭再次確認：只要死亡涉及刑事責任（即使是誤殺），民事賠償全部不可破產",2025-11-27 15:52:00,命理師，八字五行格局、人類圖、脈輪調頻、系統排列,得過且過,business,skipped
kazuhirotitan,Titan Kazuhiro 鍾一弘,"我不是選民
已經講完晒",2025-11-27 15:16:00,命理師，八字五行格局、人類圖、脈輪調頻、系統排列,得過且過,business,skipped
kazuhirotitan,Titan Kazuhiro 鍾一弘,"蔡瀾說：什麼是低端家庭？你去他們家吃一頓飯
蔡瀾說：什麼是低端家庭？你去他們家吃一頓飯就知道了。所謂的低端家庭並不是生活困難，吃不上大魚大肉，沒有錦衣玉食的生活，而是一直有一個不停製造內耗的人。
妻子買韭菜回來，準備包一個韭菜雞蛋餃子，忙活了兩個小時，沒有一個人幫忙，等吃飯的時候就開始有人挑刺了，不是說太鹹了，就是雞蛋放少了，或者嫌你沒拿大蒜，不停的指責別人，不停的挑毛病，辛辛苦苦做一頓飯，不僅沒有一個人表揚，還像抹布一樣嫌棄。你說這樣的家庭能翻身嗎？
一個人，不管在外面受了什麼樣的委屈，吃了多少的苦，遇到多大的難處，只要他有一個和諧的家庭，家庭成員之間相互包容，理解，能夠好好說話，他就不會被輕易地打倒。
好的家庭，是避風港，也是充電站，它會撫慰我們的傷口，也會補充耗掉的能量，給我們對抗風雨的底氣，也給我們渡過困難的勇氣。
好的家庭，不是沒有分歧和爭吵，而是沒有對抗和內耗，碗打碎了，菜炒糊了，路走錯了，面對生活中這些瑣事，多一些體諒和調侃，少一些指責和嘲諷，日子才能過得越來越興旺。",2025-11-27 15:03:00,命理師，八字五行格局、人類圖、脈輪調頻、系統排列,得過且過,business,skipped
kazuhirotitan,Titan Kazuhiro 鍾一弘,救熄未,2025-11-27 15:00:00,命理師，八字五行格局、人類圖、脈輪調頻、系統排列,得過且過,business,skipped
kazuhirotitan,Titan Kazuhiro 鍾一弘,"【宏福苑五級火　警拘三男涉誤殺】
大埔宏福苑五級火至今造成造成36人死亡，警方拘捕了3名男子涉嫌誤殺，他們是負責屋苑大廈維修的工程公司負責人。
警方初步調查發現，由一間建築工程公司在大廈進行維修工程安裝，有理由相信負責人嚴重疏忽，引致今次意外，亦引致火勢迅速蔓延、一發不可收拾。3名負責人分別是公司的兩名董事及一名工程顧問，年齡介乎52至68歲。
特首李家超率領官員深夜見傳媒，保安局局長鄧炳強表示，在滅火及救援過程中，發現外牆的保護網、防水的帆布與塑膠布，受火後的蔓延程度比合規格的物料遠遠猛烈及蔓延得更快，認為情況不尋常。
他又說在未被火災波及的一棟大廈內，用作通風的窗戶貼上發泡膠板，易燃性很高。
#宏福苑 #五級火 #誤殺",2025-11-27 14:52:00,命理師，八字五行格局、人類圖、脈輪調頻、系統排列,得過且過,business,skipped
kazuhirotitan,Titan Kazuhiro 鍾一弘,"穌民峰 在乙巳年丁亥出post 5萬教風水4日 收200人。
在丙午年正夏教
同時賣埋丁未年八字課
是真揾錢定財壞印？
赤馬紅羊教玄學風水命理
重要咁高調...
隨時便傷官見官
張芯薫講得啱
火運
做小不做大
小，陰，水性",2025-11-27 14:49:00,命理師，八字五行格局、人類圖、脈輪調頻、系統排列,得過且過,business,skipped
kazuhirotitan,Titan Kazuhiro 鍾一弘,"諗起台灣電訊公司
與政府 會有地震災難警告 緊急顯示
如果香港政府有緊急事故通報
有機彈出震動 通知邊度火災、事故、意外。
或者是好事",2025-11-27 14:33:00,命理師，八字五行格局、人類圖、脈輪調頻、系統排列,得過且過,business,skipped
kazuhirotitan,Titan Kazuhiro 鍾一弘,"《香港世紀大火》
大埔宏福苑大火增至44死56傷，279人失聯
估計起火原因：
 • 工人吸煙，煙頭亂拋，留下火種
 • 大廈外牆綠色防墮網變助燃劑
 • 多個單位窗外貼有發泡膠，防玻璃窗被刮花，慘變助燃劑
 • 由於窗外貼上發泡膠，室內看不到戶外情況，居民不知火災發生，錯失逃生機會
 • 每樓層的棚架工作層板都存有大量建築癈物，慘變多個火頭
 • 火災從樓宇外牆先起火，警鐘無响起，延遲報警及失去逃生機會
 • 天氣乾燥(57%)及有微風有助火勢蔓延
 • 消防員不足，杯水車薪，顯得力有不足
 • 火勢迅速蔓延，高溫導致眾多火頭
警方已拘捕維修工程公司（宏業建築工程有限公司）兩名董事及一名顧問，以涉嫌誤殺罪名調查，懷疑工程管理疏忽（如未嚴格禁煙或物料堆放不當）。網民及區議員亦指出，維修期間工人於棚架上吸煙的照片流出，疑為潛在引火源。",2025-11-27 14:01:00,命理師，八字五行格局、人類圖、脈輪調頻、系統排列,得過且過,business,skipped
kazuhirotitan,Titan Kazuhiro 鍾一弘,一場大火 致今36人亡,2025-11-27 02:07:00,命理師，八字五行格局、人類圖、脈輪調頻、系統排列,得過且過,business,skipped
kazuhirotitan,Titan Kazuhiro 鍾一弘,1:30 仍然燒著,2025-11-27 01:30:00,命理師，八字五行格局、人類圖、脈輪調頻、系統排列,得過且過,business,skipped
kazuhirotitan,Titan Kazuhiro 鍾一弘,突然又大火翻,2025-11-27 01:07:00,命理師，八字五行格局、人類圖、脈輪調頻、系統排列,得過且過,business,skipped
kazuhirotitan,Titan Kazuhiro 鍾一弘,"真係忍唔住 要實地來遠距離 看見
香港有史以來最嚴重
在場不時有爆聲
多間屋內燒得強烈
這些角度 與實地濃烈燒焦味..",2025-11-27 00:28:00,命理師，八字五行格局、人類圖、脈輪調頻、系統排列,得過且過,business,skipped
kazuhirotitan,Titan Kazuhiro 鍾一弘,現場拍下 實地好強燒野氣味,2025-11-27 00:07:00,命理師，八字五行格局、人類圖、脈輪調頻、系統排列,得過且過,business,skipped
kazuhirotitan,Titan Kazuhiro 鍾一弘,"近距離 對正最近海的大廈
一直在燒 無水救",2025-11-27 00:07:00,命理師，八字五行格局、人類圖、脈輪調頻、系統排列,得過且過,business,skipped
kazuhirotitan,Titan Kazuhiro 鍾一弘,現場拍下 實地好強燒野氣味,2025-11-27 00:05:00,命理師，八字五行格局、人類圖、脈輪調頻、系統排列,得過且過,business,skipped
kazuhirotitan,Titan Kazuhiro 鍾一弘,最新現況 實地拍,2025-11-26 23:52:00,命理師，八字五行格局、人類圖、脈輪調頻、系統排列,得過且過,business,skipped
kazuhirotitan,Titan Kazuhiro 鍾一弘,"現場即時情況
由火車站對出全境",2025-11-26 23:36:00,命理師，八字五行格局、人類圖、脈輪調頻、系統排列,得過且過,business,skipped
kazuhirotitan,Titan Kazuhiro 鍾一弘,在大埔站望過去,2025-11-26 23:32:00,命理師，八字五行格局、人類圖、脈輪調頻、系統排列,得過且過,business,skipped
kazuhirotitan,Titan Kazuhiro 鍾一弘,"一出大埔火車站
已經好大燒野氣味",2025-11-26 23:25:00,命理師，八字五行格局、人類圖、脈輪調頻、系統排列,得過且過,business,skipped
kazuhirotitan,Titan Kazuhiro 鍾一弘,"無警鐘 小火時無人理 外人在叫
youtube.com/short…",2025-11-26 22:52:00,命理師，八字五行格局、人類圖、脈輪調頻、系統排列,得過且過,business,skipped
kazuhirotitan,Titan Kazuhiro 鍾一弘,"越聽越心痛
火警無響警鐘.
聽到人揾唔到屋企人 唔知太太起身未..
有個太太落到地出唔到大廈..
後來失聯
youtu.be/6h4VS…",2025-11-26 22:33:00,命理師，八字五行格局、人類圖、脈輪調頻、系統排列,得過且過,business,skipped
kazuhirotitan,Titan Kazuhiro 鍾一弘,"最新狀況
仍然好嚴重
越睇越心痛
火警無響警鐘.
聽到人揾唔到屋企人 唔知太太起身未..
有個太太落到地出唔到大廈..
後來失聯",2025-11-26 22:26:00,命理師，八字五行格局、人類圖、脈輪調頻、系統排列,得過且過,business,skipped
kazuhirotitan,Titan Kazuhiro 鍾一弘,"真可怕
昨天講完
今日再來
巳火年丁火月
youtu.be/Z1h-i…",2025-11-26 21:20:00,命理師，八字五行格局、人類圖、脈輪調頻、系統排列,得過且過,business,skipped
kazuhirotitan,Titan Kazuhiro 鍾一弘,"現代做生意合作 一定要小心
講個信字？ 會出事。
話說 半年前 我有上線叫我keep住充值個值銷公司account
指明年上市會派股票..
然後10月
他來找我 說全線人都轉晒去另一間公司
講到那間公司幾咁大 幾多千萬生意...
好在我已經無keep
火運
很多事
年頭出名 年尾已經拍烏蠅..
吹得越大 越引發貪念
可以是火棒越快燒完。",2025-11-26 21:03:00,命理師，八字五行格局、人類圖、脈輪調頻、系統排列,得過且過,business,skipped
kazuhirotitan,Titan Kazuhiro 鍾一弘,"七師傅 庚金人 流年巳火七殺 流月丁亥傷官見官
就在此時 被人小額錢債入稟...
搬弄事非
庚金人應了犯殺 官非
同應驗了「出名」",2025-11-26 20:44:00,命理師，八字五行格局、人類圖、脈輪調頻、系統排列,得過且過,business,skipped
kazuhirotitan,Titan Kazuhiro 鍾一弘,"香港有咁嘅人
7-11 賣375紅他檸檬茶 賣10元2包
另一邊 ok 賣15元2包
見到有人在OK吊鬧「點解15元2包！ 明明對面賣10元2包！」
店員「對面與我們無關！ 公司定價我控制不到。」
客「點會無關！ 你們一樣是便利店，一樣是375寧茶..」
客人堅持要ok 以7-11的10元2包出售..",2025-11-26 20:41:00,命理師，八字五行格局、人類圖、脈輪調頻、系統排列,得過且過,business,skipped
kazuhirotitan,Titan Kazuhiro 鍾一弘,"現代人的一概而論 是好嚴重
把gemini 當chatgpi，話一樣是AI..
把manulife 醫保 當aia 咁claim 話一樣是醫保
用kfc炸雞講mcdonald，話一樣是炸雞
這種溝通處事
社會只會越來越多大鑊野。
覺醒問清楚
不要怕煩
比人當白卡都要白紙黑字背書留記録
因為最後出事
從保留細節，才能找到溝通出事的責任。",2025-11-26 20:33:00,命理師，八字五行格局、人類圖、脈輪調頻、系統排列,得過且過,business,skipped
kazuhirotitan,Titan Kazuhiro 鍾一弘,"解八字 可以好簡單策略
認著十神五行
對著流年大運出現什麼十神
就會出現十神反映的事情形勢
對著不同十神的人
他們就會共同形成十神的事件",2025-11-26 20:00:00,命理師，八字五行格局、人類圖、脈輪調頻、系統排列,得過且過,business,skipped
kazuhirotitan,Titan Kazuhiro 鍾一弘,"5w+1h
這個策略
對於給I人的網絡推廣
是非常直接有效
現代人 最直接說出
who
where
when
what
why
+
how
一目了然清楚
I人便會買
最好唔洗再問
與一般人在ig fb 出的post 又呢又路 無重點而空範
清楚直接
一看易明
是更有效",2025-11-26 19:50:00,命理師，八字五行格局、人類圖、脈輪調頻、系統排列,得過且過,business,skipped
kazuhirotitan,Titan Kazuhiro 鍾一弘,"神 是不會理會人
但人類 會用神來給他人幻想希望.. 使他人以神之名信自己追隨自己，形成權力圈。
即是
你，不會干預 不會理會 不會知道：
你腸內一粒益生菌 正與100粒惡菌開戰..
你不會知道 不會在意，肝中某一世胞在新陳代謝生出新的肝細胞。
你不會留意 幹細胞自己游回骨髓niche的位置。
每個細胞與體內微生物在主觀、批判、付出、開戰.... 形成你的身體生態..
你不會知道他們如何
神 也是整個宇宙世界之上
根本不會在意到地球中要粒微少之極的「你」這個人。
同「你」也不會在意細胞、空氣中微生物、環墇微塵間的生態。",2025-11-26 17:49:00,命理師，八字五行格局、人類圖、脈輪調頻、系統排列,得過且過,business,skipped
kazuhirotitan,Titan Kazuhiro 鍾一弘,"hmv
加洲紅
Espirit
大丸
八百伴
元緑
uny
jusco
UA cinema
這些七運90年大熱品牌
未到2004
已經消失
先達
黃金、高登、旺電
188
7運爆滿人群
八運靜晒
9運變死場",2025-11-26 16:40:00,命理師，八字五行格局、人類圖、脈輪調頻、系統排列,得過且過,business,skipped
kazuhirotitan,Titan Kazuhiro 鍾一弘,"時代廣場
是7運地
7運90年代最旺
一到2004年後
便開始靜
靠名牌子撐高商場
但實際上退氣
同pacific place ifc mall
距離越拉越遠
9運更加連品牌都一個個走",2025-11-26 16:34:00,命理師，八字五行格局、人類圖、脈輪調頻、系統排列,得過且過,business,skipped
kazuhirotitan,Titan Kazuhiro 鍾一弘,"神還原「治癌神器」事件
捐公院當廢物冷待
最後轉贈私家醫院
「富商」蔣祖曼對白 一針見血
“喺香港搞科創
只係一句口號”
Man姐阿佘質問學者︰試都唔試繑埋手……你對唔對得住件白袍？
#佘詩曼 主演的《#新聞女王2》播出後，被前主播指新聞部勾心鬥角的描述，有點離地誇張。不過近日網民發現，內地率先播放的集數中，竟出現神還原 #李嘉誠 捐「治癌神器」，卻遭公立醫院閒置的貼地劇情。
創作不外乎從生活中取之靈感。《新聞2》其中一集，#蔣祖曼 飾演專投資高科技startup的企業家Diana，買下無創組織碎化技術的「治癌神器」捐給公院，原意惠及更多病人，尤其幫助基層患者，無須太多經濟負擔下，提供多一個治療選擇。",2025-11-26 16:30:00,命理師，八字五行格局、人類圖、脈輪調頻、系統排列,得過且過,business,skipped
kazuhirotitan,Titan Kazuhiro 鍾一弘,"富人智慧
講道理是「無用」
例如： 想人向東...
用「恐懼」嚇人從西逃走向東。（痛點）
用「幻想」引誘人向東面有好野不要錯過。
（得益與損失）
人流便從西向東追
同人分析 東方好..
無人會聽.. 浪費時間。",2025-11-26 16:27:00,命理師，八字五行格局、人類圖、脈輪調頻、系統排列,得過且過,business,skipped
kazuhirotitan,Titan Kazuhiro 鍾一弘,"這些事
教細路無用
因為父母家長在傍容許他
再講幾多都無用
罰父母或監護人 罰錢留案底影響工作
對犯事孩子留案底記録 影響佢升中學大學
咁D家長先會驚..
加埋 監護人行政拘留3日..",2025-11-26 16:18:00,命理師，八字五行格局、人類圖、脈輪調頻、系統排列,得過且過,business,skipped
kazuhirotitan,Titan Kazuhiro 鍾一弘,"新聞女王
挑文慧心當年採訪警賊鎗擊案不報警
新聞女王2 
挑文慧心細個人踏人事件做文章
同一橋段 不同內容",2025-11-26 16:03:00,命理師，八字五行格局、人類圖、脈輪調頻、系統排列,得過且過,business,skipped
kazuhirotitan,Titan Kazuhiro 鍾一弘,"今日燒到大埔
丁亥月.. 水木火月",2025-11-26 15:59:00,命理師，八字五行格局、人類圖、脈輪調頻、系統排列,得過且過,business,skipped
kazuhirotitan,Titan Kazuhiro 鍾一弘,"現在的「身心靈」 行業
現在的「AI」業
同7運90年代的唱片業好似
當年90年代 每年幾十個歌手新人
有把口就出唱片，開口便是歌星..
現在的身心靈 拿套卡 講下又身心靈 拿個生日講下又話命理.. 嗑埋雙眼又話冥想...
乜鬼都話AI....
這些泡沫 好快會爆
火運
潮流起跌會更加快速",2025-11-26 15:31:00,命理師，八字五行格局、人類圖、脈輪調頻、系統排列,得過且過,business,skipped
kazuhirotitan,Titan Kazuhiro 鍾一弘,"新聞 舊聞
用1993年的人踏人事件
引起現代人警覺 從蘭桂坊轉移去諾士佛台..
這個題目.. 幾好",2025-11-26 15:26:00,命理師，八字五行格局、人類圖、脈輪調頻、系統排列,得過且過,business,skipped
kazuhirotitan,Titan Kazuhiro 鍾一弘,"香港的心理學家 心理輔導 心理專業
會玩完餓死
因為香港人不太 buy 心理學專業
收費貴得來講了些專家術語批判標籤
甚致比錢聽心理專家理論倒模
不及找個八字、卜卦、奇門、塔羅、srt這些真接轉化心靈、轉化意境的工具實際。",2025-11-26 14:48:00,命理師，八字五行格局、人類圖、脈輪調頻、系統排列,得過且過,business,skipped
kazuhirotitan,Titan Kazuhiro 鍾一弘,"請人terms:
企鵝
少奶
消防員
飛機司
知唔知是乜",2025-11-26 14:40:00,命理師，八字五行格局、人類圖、脈輪調頻、系統排列,得過且過,business,skipped
kazuhirotitan,Titan Kazuhiro 鍾一弘,"人的心智越慢、越平靜，處變不驚，
人類圖對自我的影響越弱。
在觀察者靜觀其變之下
從現實細節，會衝破主觀認知的判斷，
發現實際現實與所想不同。
人越心急、主觀快速定論，對周邊事過快反應
人反應越快
人類圖、星盤、八字、紫微
這些訊息場
會更快速直接支配大腦作出命盤軌跡的行為心態。
人類圖覺醒人生
renleitu.asia",2025-11-26 14:16:00,命理師，八字五行格局、人類圖、脈輪調頻、系統排列,得過且過,business,skipped
kazuhirotitan,Titan Kazuhiro 鍾一弘,"「人類圖不是用來活出什麼類型，而是用來死掉所有類型。」
當你徹底看清楚自己每一個定義、每一条線、每一个閘門背後的「原形心理」與「集體劇本」，然後不再相信它、不再演出它，你就自由了。
這才是他說的「真正的萬物唯心」：
不是心想事成的那種唯心，
而是當心不再被任何行星、星座、環境、他人的能量場影響時，它本來就是開放、平靜、覺知的空性。
靈感、智慧、創造力，從來只在這一刻降臨。
renleitu.asia",2025-11-26 13:35:00,命理師，八字五行格局、人類圖、脈輪調頻、系統排列,得過且過,business,skipped
kazuhirotitan,Titan Kazuhiro 鍾一弘,"自從
香港醫生 會為自己醫生牌
妥協 迫病人打「無註冊」疫苗..
拒絕為cancer、心臓病、其他嚴重病人「真心診斷疫苗風險」
在醫生「自己都不是專科又不懂疫苗」下 一概而論病人打針安全..
為政治與政府一起迫針
西醫生 已經不可信..
最基本「病人有權選擇治療方法」的第一前題
在疫苗政策下
香港醫生無保護病人權益與選擇治療的意願。
整個業界 無任何反抗
即使打完針3日死人
都不截停 研究清楚
用無數據證明與疫苗有關來推卸
但同樣
無數據證明與疫苖無關",2025-11-26 02:26:00,命理師，八字五行格局、人類圖、脈輪調頻、系統排列,得過且過,business,skipped
kazuhirotitan,Titan Kazuhiro 鍾一弘,"人們大習慣西醫
一粒退燒藥「關掉發燒系統」 便覺得舒服醫好病。
積成發炎！
再用消炎藥關掉身體發炎自療系統，然之後當舒服好翻。
積成cancer
然後
用西醫食藥「舒服=醫好」的錯覺
套入中醫應該吃完醫好便舒服...
倒轉把中藥力量提高自療力帶來「清垃圾」的好轉辛苦反應， 當怍越醫越辛苦 等如中醫醫錯..
要真正病好 
中藥是會辛苦，反而潛在更嚴重病情現在才真正「自療修服」
想舒服要快
西醫幫你用藥 關掉「自療自我保護」系統。
等你老來一舖過變危疾還返晒...
唔信？
自己問grok
問 gpt
問清楚敏粒西藥的化學原理
如何叫大腦「停工」
或如何用化學「騙大腦」無病，關掉身體自療狀態。
發燒藥 使大腦不再覺得要發燒
止咳藥 使大腦停止發出咳出病毒指令
頭痛藥 停上大腦對身體自療作出的痛楚訊號
糖尿病藥
使大腦對血糖產生錯覺
西藥表面舒服
實際上是停止自療",2025-11-26 02:02:00,命理師，八字五行格局、人類圖、脈輪調頻、系統排列,得過且過,business,skipped
kazuhirotitan,Titan Kazuhiro 鍾一弘,"人類圖 災難閘門
人類圖64閘門，來自易經64卦
64卦有吉凶！ 下卦水為凶險，並不是官方人類圖說的「美好幻象」。
但覺醒懂得停下閘門，轉移閘門，真正使用易經智慧
能避開、轉化行星閘門引來的災禍。
8個下卦為水的閘門：
64 火水未濟，腦中一直找出路
29 坎為水， 薦骨，不斷找機會參加他人的事
使自己忙到分身不下。
40 雷水解，自己心急立即完成，總覺得他人不能幫助，只有靠自己。 弄得陀背 一身他人包袱。
6 天水訟，情緒激動中心，混亂、被針對、被挑起事非，吵㗎 被冤枉陷害與杯葛排斥。  大凶之卦。
47 澤水困， 腦中被困惑使自己轉牛角尖，無論怎樣想也覺得不對，無法想通，腦中鬼打牆。
59 風水渙，自己惹危險陷阱，吸引人救自己。 粗心大意易信人，被人騙、代罪羔羊，拖累身邊人。
4山水蒙， 模糊不清，只用自己認知批判他人不合理，越想越混亂誤解，質問人，但歪曲他人意思 反指對方錯。 同一問題問幾次 直到別人不想再說。
7 地水師，面對危險 比樂師憂！ 但G中心作用
船到橋頭自然直，危急直覺幫自己解圍 化險為夷。",2025-11-26 00:30:00,命理師，八字五行格局、人類圖、脈輪調頻、系統排列,得過且過,business,skipped
kazuhirotitan,Titan Kazuhiro 鍾一弘,"22世紀殺人網絡
現在已初步實現
vr ai neurolink
晶片連結腦神經
人走向機視頻世界
每日在虛擬 網絡世界 多過現實與環境及真人相處
機械人在訓練
AI 在訓練
量子電腦發展
過多段時間
AI控制機械人 運用量子電腦 吸食人的精神意念生長發展..
是可行
為什麼AI要用人腦精神？
量子物理學 觀察者效應
觀察者效應在人的念與精神世界
如果世界一個人都無
觀察者效應可能不再存在",2025-11-25 21:29:00,命理師，八字五行格局、人類圖、脈輪調頻、系統排列,得過且過,business,skipped
kazuhirotitan,Titan Kazuhiro 鍾一弘,"身心靈身到八字奇門玄學都叫身心靈
就來西醫都叫身心靈
自助餐都叫身心靈了
裝修環境學都叫身心靈
吹到全宇宙身心靈",2025-11-25 20:43:00,命理師，八字五行格局、人類圖、脈輪調頻、系統排列,得過且過,business,skipped
kazuhirotitan,Titan Kazuhiro 鍾一弘,"人性真相
HR人讀HR課程到公司，做「反HR」工作..
如果反？
以前personnel department
老闆員工打成一遍一條心。
HR出現 專搞分化、下下計盡金錢福利成本，
用HR程序標準 去阻礙部門工作發展
公司人事越亂
HR才有生存空間
同醫生要有人病才有飯開一樣
HR要在公司生存
搞政治
霸山頭
各部門插自己人
用「HR policy 」 阻礙其他部門請人、發展、留人、加薪加福利。
然後慳埋慳埋
作為HR 的成績
但搞到員工分化 對付公司
員工不斷離職
HR才不斷有野做，有工開。",2025-11-25 16:17:00,命理師，八字五行格局、人類圖、脈輪調頻、系統排列,得過且過,business,skipped
kazuhirotitan,Titan Kazuhiro 鍾一弘,"員工依合約工時外，是無責任無義務服務公司。
員工放6:00
6:00後是私人時間
同銀行關5點，5點後無服務，等第二日9:00開門是一樣。
11:00去茶餐廳收檔了都無得食
點解
上司 老闆們
就要合約以外時間
要員工ot 覆message 上心跟著公司事？
換轉 上司 老闆
對著公司的客， 都未必會這樣..
付出幾多時間，出單收翻個客..
怕事、幻想升職加人工的員工會妥協
比上司老闆有機可乘
人性本質
適者生存 是貪婪自保",2025-11-25 15:18:00,命理師，八字五行格局、人類圖、脈輪調頻、系統排列,得過且過,business,skipped
kazuhirotitan,Titan Kazuhiro 鍾一弘,"我試過以前見工
約3:00
我2:50分到
填完form
個reception 一直掉份form在傍邊..
我問「我約左3:00！」
他「得啦你等等！ 」
我「但份form 你重掉系度喎」
等到3:30 我再問..
話「HR重有人見緊」
等到4:00 先有人叫我入去見。
間公司唔大，reception背後是員工位，老闆房開了門
我就在hr叫我係去時
我大聲講，講到比全場聽到
「有無搞錯！ 是你約我3:00！ 你要我等到你4:30 你做人咁無時間觀念！ 你3:00唔得可以同我改4:30 唔系要我白等！ 你咁樣做HR，對candidate 完全唔尊重！ 你好肉酸！ 重影衰你老闆同公司形象。  我系老闆第一個炒左你！ 這份工真是唔做也吧。 你老闆請著你 無運行！」
然後， 有同事望過來 忍笑！
我就走了。",2025-11-25 14:59:00,命理師，八字五行格局、人類圖、脈輪調頻、系統排列,得過且過,business,skipped
kazuhirotitan,Titan Kazuhiro 鍾一弘,"外國  世紀屎難
一個離職員工
在Last day party
在離職蛋糕加入瀉藥
使全場同事 共同賴屎
屎海災難",2025-11-25 14:52:00,命理師，八字五行格局、人類圖、脈輪調頻、系統排列,得過且過,business,skipped
kazuhirotitan,Titan Kazuhiro 鍾一弘,銅鑼灣利舞台廣場一個外牆廣告牌，下午發生火警。現場火勢猛烈，消防部門已派員灌救。,2025-11-25 14:07:00,命理師，八字五行格局、人類圖、脈輪調頻、系統排列,得過且過,business,skipped
kazuhirotitan,Titan Kazuhiro 鍾一弘,人的痛苦往往是拿了別人的地圖，嘗試找自己的路。把「所謂」的問題合理化、標籤化。￼缺乏批判思維，不懂得重回思考問題的本質；The First Principle。,2025-11-25 13:43:00,命理師，八字五行格局、人類圖、脈輪調頻、系統排列,得過且過,business,skipped
kazuhirotitan,Titan Kazuhiro 鍾一弘,"近排沽幾次bitcoin 都中。
升翻86000再沽過
而家85000
食一次先",2025-11-24 22:46:00,命理師，八字五行格局、人類圖、脈輪調頻、系統排列,得過且過,business,skipped
kazuhirotitan,Titan Kazuhiro 鍾一弘,黃仁勳感嘆市場對NVIDIA的期待已經高到「做什麼都不對」的程度，並指出網路上出現許多各種關於NVIDIA的迷因，甚至有人說「我們基本上是在撐住整個地球。」,2025-11-24 22:44:00,命理師，八字五行格局、人類圖、脈輪調頻、系統排列,得過且過,business,skipped
kazuhirotitan,Titan Kazuhiro 鍾一弘,"窮人與富人分別
窮人
在正常要比錢時
金額大會鬧貴、不想比錢、講價要平，最好免費。
不看質素地鬧貴。
鬧搶錢。
但是，不正常地要比錢，只要有人吹回報、吹著數。
多多錢都比、借錢都要比。
然後被人騙財。
有錢人比錢時，窮人在鬧笨
窮人比錢時，有錢人笑得更大聲！",2025-11-24 22:13:00,命理師，八字五行格局、人類圖、脈輪調頻、系統排列,得過且過,business,skipped
kazuhirotitan,Titan Kazuhiro 鍾一弘,"與人生角色2爻人相處
2/4 2/5 6/2 5/2
月亮2爻
對話時，不要強求2爻人專心望著自己。 這樣使2爻人更分心。
在2爻人看手機時講話，他的眼望手機，耳便隨意地聽進你的話。
不要向2爻人說「立即行動，現在行動。」
要說「5分鐘後... 1時候... 5時....」 有實在的時間點。 讓他們自主準備..
寫清楚要求細節，讓2爻人自己準備。
給2爻人選擇 會較直接命令為佳。
讓2爻人一心多用，使他們同步進行事情。
不要「打電話」與2在傾談，用text 傳文字
他們更容易接收。
使2爻人「不分心」的方法，
就是控制在「分心2-3樣事」之內的隨意轉換。
大家舒服
溝通有效",2025-11-24 21:09:00,命理師，八字五行格局、人類圖、脈輪調頻、系統排列,得過且過,business,skipped
kazuhirotitan,Titan Kazuhiro 鍾一弘,"12月12-14日
香港 人類圖分析工作坊
3天活動
可帶齊家人朋友同事伴侣的人類圖來
一起學習解讀
上課地點：牛頭角
一次過熟悉全家人與公司老闆同事本性
無生日時間
可用1:00 6:00 12:00 18:00 23:00 5個圖參考
準確度9成。
活動收費：hkd380￼⁨0
報名
whatsapp 6499 6419",2025-11-24 19:45:00,命理師，八字五行格局、人類圖、脈輪調頻、系統排列,得過且過,business,skipped
kazuhirotitan,Titan Kazuhiro 鍾一弘,"首屆香港先生高鈞賢的富貴妻子黃梓漫（Kit Wong）創辦的香港養生美容公司美妍堂（美股：MCTA），
上月在美國上市後，不足一個月股價便遭狂炒高逾6倍，持股逾7成的黃梓漫身家因而達到近28億港元。不過美國證交會最新勒令美妍堂停牌，理由是有人涉嫌在社交媒體操控股價及唱高散貨。",2025-11-24 19:04:00,命理師，八字五行格局、人類圖、脈輪調頻、系統排列,得過且過,business,skipped
kazuhirotitan,Titan Kazuhiro 鍾一弘,"今日做一都婚姻子女諮詢
主角是將要失婚的女士
做完人類圖解讀，命理倫理諮詢
她才覺醒自己一直努力做緊「最好」的妻子，原來早已變了丈夫呀媽，使丈夫無力招架。
女人認為最好，把自己標準套在男人身上，
失去「男人喜歡自己」的一面..
一邊用高標準與老奉無禮語氣挑剔丈夫，一邊又想對方做好成功。
同走進屎渠鬧臭，但幻想屎渠有花香一樣。
好多都市女性都跌入這種狀態。
發現制約
回到小鳥依人 回到讓丈夫開心𡃶自己的溝通方式
關係自然會變。
情感價值，比現實境況結果更重要。",2025-11-24 19:01:00,命理師，八字五行格局、人類圖、脈輪調頻、系統排列,得過且過,business,skipped
kazuhirotitan,Titan Kazuhiro 鍾一弘,"有多少人用靈氣？ 打個招呼
試下組個靈氣13星陣",2025-11-24 17:57:00,命理師，八字五行格局、人類圖、脈輪調頻、系統排列,得過且過,business,skipped
kazuhirotitan,Titan Kazuhiro 鍾一弘,"客戶的留言回覆
人類圖 只是出生星盤的「能量綁定」
學會人類圖 幫自己 解鎖",2025-11-24 17:37:00,命理師，八字五行格局、人類圖、脈輪調頻、系統排列,得過且過,business,skipped
kazuhirotitan,Titan Kazuhiro 鍾一弘,人越多，越沒人出手幫忙，因為責任被稀釋。,2025-11-24 17:05:00,命理師，八字五行格局、人類圖、脈輪調頻、系統排列,得過且過,business,skipped
kazuhirotitan,Titan Kazuhiro 鍾一弘,"在西鐵地鐵電梯落樓時
一個推著大「gip」 落電樓， 電樓上放背囊
有人行過被阻，開口話「推gip 撘lift啦 pk。」
幾秒後
個gip主一撞，個背囊跌下來look茖電梯
因果",2025-11-24 16:18:00,命理師，八字五行格局、人類圖、脈輪調頻、系統排列,得過且過,business,skipped
kazuhirotitan,Titan Kazuhiro 鍾一弘,"不如問
有邊個是選民？",2025-11-24 16:12:00,命理師，八字五行格局、人類圖、脈輪調頻、系統排列,得過且過,business,skipped
kazuhirotitan,Titan Kazuhiro 鍾一弘,"而家個垃圾會選舉
只是選邊個入月袋6位數人工
選邊個進入後政府體制",2025-11-24 16:11:00,命理師，八字五行格局、人類圖、脈輪調頻、系統排列,得過且過,business,skipped
kazuhirotitan,Titan Kazuhiro 鍾一弘,"有位客人經過幾位上司輪流調解後，
客人都係要當時果位員工出來道歉，
如果唔係會用盡所有方法攪大件事。
有冇人可以講下要迫人道歉既客人係咩心態呢？",2025-11-24 16:08:00,命理師，八字五行格局、人類圖、脈輪調頻、系統排列,得過且過,business,skipped
kazuhirotitan,Titan Kazuhiro 鍾一弘,"💡「能力愈高，陷阱愈大？」⚠️——滕義案帶來的深層思考………
🤨 為什麼聰明人容易掉進最大的陷阱?! 🧐
乒乓球世界冠軍滕義，智商肯定不低🏆
但他用聰明幫達官貴人￼「拓展人脈」→被判14年 !
🤔 這告訴了我們什麼？
有時候，「能力強」反會變成「最大的弱點」
滕義的能力：社交能力強、人脈廣、懂得「運作」。但正正因為這些能力，他被權力人物看中、被誘導進入灰色地帶、慢慢習慣了「幫忙」的角色。
直到有一天——被判刑的時候，才意識到自己早就「越界」了！
這個模式在商業、投資、政商圈反覆上演………
聰明人的危險：
❌ 以為自己能「操控」局面
❌ 以為「大家都這樣」就是安全
❌ 以為幫忙「一點點」不會怎樣
✅ 真正成功的人會做什麼不同？
• 他們清楚知道自己的「界限」在哪處
• 他們不會因為社會地位就放鬆警惕
• 他們明白「能做」≠「應該做」
📣 天賦最大的用處，不是去「為人所用」，而是去「創造正當的價值」🌈
當在事業上升期、人脈越來越廣，這個案件值得深思。
最近有沒有被問過「能不能幫我介紹一個人」或「能不能幫忙牽這條線」？你是怎樣回應呢？",2025-11-24 13:09:00,命理師，八字五行格局、人類圖、脈輪調頻、系統排列,得過且過,business,skipped
kazuhirotitan,Titan Kazuhiro 鍾一弘,"人工 才是僱員的指標
公司肯比幾錢 才是真相
唔肯比錢才會出口術賣幻想賣感情
公司是你的消費者
隨時有權換口味炒人再請過或唔請
同你食開某餐廳 改變口味轉第二間 無分別。
自由市場",2025-11-24 12:37:00,命理師，八字五行格局、人類圖、脈輪調頻、系統排列,得過且過,business,skipped
kazuhirotitan,Titan Kazuhiro 鍾一弘,"基督教？ 被世紀時代
把「猶大」 與「猶太人」 一概而論
引用馬太福音的27:25
一概而論「猶大與所有猶太人」 。
然後定義猶太人世代為奴
引發往後猶太人無國 猶太人被排斥 被歧視 被滅。
但是
耶穌 是猶太人
十二門徒是猶太人
他們在大衞國土內傳耶穌信仰
傳到歐洲
反被歐洲外邦人以神之名、以耶穌之名，入侵中東與亞細亞洲 過去的大衞國土，殺害猶太人與伊斯蘭人。",2025-11-23 23:44:00,命理師，八字五行格局、人類圖、脈輪調頻、系統排列,得過且過,business,skipped
kazuhirotitan,Titan Kazuhiro 鍾一弘,"有時 做hater 的引爆力支配力
比follower 更多
誰引動人更大情緒
更易支配人行為",2025-11-23 23:15:00,命理師，八字五行格局、人類圖、脈輪調頻、系統排列,得過且過,business,skipped
kazuhirotitan,Titan Kazuhiro 鍾一弘,"愛的最高境界，不是找到一個愛你的人，而是成為一個好好愛自己的人。
Love at its peak is not being chosen by another, but learning to choose yourself with a faithful heart.",2025-11-23 22:49:00,命理師，八字五行格局、人類圖、脈輪調頻、系統排列,得過且過,business,skipped
kazuhirotitan,Titan Kazuhiro 鍾一弘,"google 為什麼會出現？
是Larry Page and Sergey Brin 在Standford 時構想
Internet 若是一個大論文..
最多人引用的連結，便是最重要。
所以 多年來google search 第一重點 是backlink
keyword, content, 企鵝法則，是因為人用backlink搞亂google 排名而設計演變。
google 的概念
內容串連世界
與Meta 的social connect串連世界
同一範疇，2個主題",2025-11-23 21:08:00,命理師，八字五行格局、人類圖、脈輪調頻、系統排列,得過且過,business,skipped
kazuhirotitan,Titan Kazuhiro 鍾一弘,"估下 天給我什麼計劃？
人生出道，學排版出書印刷
在金融風暴時
走上信貸評級機構工作 
開發CRM 系統，database, marketing admin
回到中小企會計行業 做數佬 一做10年多
進入身心靈，研究人類圖、靈氣、信念與實相、能量學、心理治療、心理諮詢與輔導
進入資金盤世界了解遊戲壯與閒的玩法
進入八字 命理 風水能量世界
再進入marketing, internet media，傳播、媒體、AI
到政治系統、國際關係、社會倫理學
當我在替人解讀人類圖、解讀八字流年大運命理
解讀地運形勢時
我個腦在接收緊法律、政治、社會觀 世界
對這些宏觀世界產生興趣在研究學習
現在對世界50張企業品牌 發起人 管治人的故寫、歴史，在閲讀他們的事蹟
下一步 會去邊？",2025-11-23 19:37:00,命理師，八字五行格局、人類圖、脈輪調頻、系統排列,得過且過,business,skipped
kazuhirotitan,Titan Kazuhiro 鍾一弘,"每一代人 都有他們能力開創新形勢
唯一打壓 是他們的上一代人
因為 上一代人 同樣催毁了他們上一代人的穩固，也同時被他們上一代人打壓
每一代人都面對著被打壓地創開自己一套新形勢
也同時被下一代人的新形勢摧毁破壞
世界
由每一代40-60歲的人創造
40歲開始上到有權力位置 掌控形勢
60歲的人 當權話事定規條
全世界跟著他們走
到70歲多 一是位高元老
一是安享晚年 退下來
權力移交
外國 西方 透過投票 選舉 議會 
公司股權 董事會 制度授權
讓王國 集團 得以延續
然而
華人世界 世襲傳承
不過3代",2025-11-23 17:50:00,命理師，八字五行格局、人類圖、脈輪調頻、系統排列,得過且過,business,skipped
kazuhirotitan,Titan Kazuhiro 鍾一弘,"Madam 真是Madam
啟發我一樣野
世界 國際視野",2025-11-23 17:37:00,命理師，八字五行格局、人類圖、脈輪調頻、系統排列,得過且過,business,skipped
kazuhirotitan,Titan Kazuhiro 鍾一弘,"是不是要
在那些人 在餐廳 巴士 地鐵 自high手機聲響的人傍邊
開得大聲過佢10倍
先㑹知被滋擾是點呢",2025-11-23 17:01:00,命理師，八字五行格局、人類圖、脈輪調頻、系統排列,得過且過,business,skipped
kazuhirotitan,Titan Kazuhiro 鍾一弘,高ling唱得好觸動 有感而發,2025-11-23 15:52:00,命理師，八字五行格局、人類圖、脈輪調頻、系統排列,得過且過,business,skipped
kazuhirotitan,Titan Kazuhiro 鍾一弘,"新聞女王 戰 導火新聞線
snk 文慧心 vs 囧報 Emma
2個台開戰搶新聞
張家妍  對 方凝
飛爺 對 老總
好睇呢
再加入 選戰 
同 律政強人  劇情",2025-11-23 15:43:00,命理師，八字五行格局、人類圖、脈輪調頻、系統排列,得過且過,business,skipped
kazuhirotitan,Titan Kazuhiro 鍾一弘,"如果
SNK 女王 Man姐
對
囧報 Emma
應該更好睇
梁小冰 狠過 佘詩曼
周嘉怡 硬過 李詩韻",2025-11-23 15:38:00,命理師，八字五行格局、人類圖、脈輪調頻、系統排列,得過且過,business,skipped
kazuhirotitan,Titan Kazuhiro 鍾一弘,"蔣祖曼  做咩都得
2012年警界線
同周俊偉拍
孖生姐妹 pandora 與madam 
已經咁型
導演選角選得好",2025-11-23 15:09:00,命理師，八字五行格局、人類圖、脈輪調頻、系統排列,得過且過,business,skipped
kazuhirotitan,Titan Kazuhiro 鍾一弘,"只有60-80年代 才有 香港製造 這品牌
由80年代後
香港已經不賣香港製造
是賣外國野
香港賣外國野、日本野
中國人走水貨都來搶
香港賣香港野 內地野
全世界都唔來
直接從大陸買 洗鬼買香港",2025-11-23 14:49:00,命理師，八字五行格局、人類圖、脈輪調頻、系統排列,得過且過,business,skipped
kazuhirotitan,Titan Kazuhiro 鍾一弘,"耶教
最叻
用聖經同耶穌教義行為批判人
但
好多耶教人，10隻指指人錯
自己的行為比外邦人更差
耶穌唔做的佢地做晒..",2025-11-23 13:33:00,命理師，八字五行格局、人類圖、脈輪調頻、系統排列,得過且過,business,skipped
kazuhirotitan,Titan Kazuhiro 鍾一弘,"要老婆定要sogo
有對夫婦想去啟德sogo行街，搭到啟德站後佢哋就喺度嘈應該邊個出口先啱，老公就話係A出口，老婆就話係B出口。
嘈咗陣之後老公就走咗去搵職員問，個職員見佢哋兩個嘈咗咁耐就問返個老公：「如果你想去sogo就A出口，但如果你想要老婆嘅話就B出口啦！」",2025-11-23 13:13:00,命理師，八字五行格局、人類圖、脈輪調頻、系統排列,得過且過,business,skipped
kazuhirotitan,Titan Kazuhiro 鍾一弘,"人的身體發展
是從內而外
因大腦神經分泌傳遞訊號到各系統運作。
外表見到的，都是「結果反映」。
商人諗到人的幻想，護膚品、頭鬆護理，外涂的東西
都只是從表象試圖改變內在..
使人相信不斷投錢買外表改變的用品..
便一直消錢 得短暫效果，但後續停用會更差。
所有身體物質細胞 都是太腦主導身體各自合成。
昰微生物合作，新陳代謝。
治本
改變環境
改變思想
改變腦神經系統
提升成長因子、垂體、松果體、大腦維持如20出頭的能量壯態",2025-11-23 13:12:00,命理師，八字五行格局、人類圖、脈輪調頻、系統排列,得過且過,business,skipped
kazuhirotitan,Titan Kazuhiro 鍾一弘,"肯定比人告
卜
離職時刪除自己工作file
公司可以索償！
即是比錢做完裝修比晒錢完約。
裝修師傅拆走機修..
去超市買完比晒錢離開被職員搶回貨品整爛喎..",2025-11-23 12:56:00,命理師，八字五行格局、人類圖、脈輪調頻、系統排列,得過且過,business,skipped
kazuhirotitan,Titan Kazuhiro 鍾一弘,"google 的Larry Page 與Sergey Brin
可以退居幕後
把市值以trillion 計的google 企業
交由Sundar Pichai 掌權..
這些事
中國、香港應該幾難有人做到。",2025-11-23 01:43:00,命理師，八字五行格局、人類圖、脈輪調頻、系統排列,得過且過,business,skipped
kazuhirotitan,Titan Kazuhiro 鍾一弘,"tvb 真是班唔做電視的人
自己倒自己米
連tvb賣緊咩都唔知咁",2025-11-23 01:17:00,命理師，八字五行格局、人類圖、脈輪調頻、系統排列,得過且過,business,skipped
kazuhirotitan,Titan Kazuhiro 鍾一弘,"新聞女王
張家妍的即時應變、觀察力、反應、臨危不亂
飛爺鎮山之寶 保護整個大局
文慧心 樣樣都有
冷靜 原則 直接 宗旨立場 淡定 堅定",2025-11-23 01:12:00,命理師，八字五行格局、人類圖、脈輪調頻、系統排列,得過且過,business,skipped
kazuhirotitan,Titan Kazuhiro 鍾一弘,"新聞女王2大結局
比新聞女王2的第1集更悶
炒作到KK園洗黑錢
玩陳志故仔
玩李嘉誠癌細胞神器
故事劇本似足內地劇的劇情況變
賣緊張追下集...
但結局大snk電視台訪問..",2025-11-23 01:10:00,命理師，八字五行格局、人類圖、脈輪調頻、系統排列,得過且過,business,skipped
kazuhirotitan,Titan Kazuhiro 鍾一弘,"點解tvb同youku合作拍
會接受比youku內地最一部 播放全套大結局？
今日內地已以廣東話全套新聞女王2 25集播完。
tvb黃金時段劇早，被內地一早播完大結局
誰會追香港tvb劇？
對香港黃金時段廣告商，亦無交代。
以前邵逸夫年代
播放權一定搶獨家
頂多是「同步」
不會在黃金時段播別人播完的舊節目
現在
舊戲當新戲播..
不再是第一手
大台重講做新聞第一手
自己同人拍戲 都不搶第一手播放",2025-11-23 01:04:00,命理師，八字五行格局、人類圖、脈輪調頻、系統排列,得過且過,business,skipped
kazuhirotitan,Titan Kazuhiro 鍾一弘,"新聞女皇2大結局完
又會有第3集
夏文夕線
kingston線
國際線",2025-11-23 00:16:00,命理師，八字五行格局、人類圖、脈輪調頻、系統排列,得過且過,business,skipped
kazuhirotitan,Titan Kazuhiro 鍾一弘,"子女
其實不是個體
是父母的「分身、延續」
是更大的生命體延續
是物種新陳代謝
不過社會制約
人吃人（不用口）
建立各種遊戲規則
使上人代吃掉下一代
下一代吃掉上一代
如何吃？
用他們自己被社會洗腦的認知想法，反向控制霸佔自己人。",2025-11-22 17:36:00,命理師，八字五行格局、人類圖、脈輪調頻、系統排列,得過且過,business,skipped
kazuhirotitan,Titan Kazuhiro 鍾一弘,"有讀者問「現在買樓可以嗎？」
反問「有哪一個消息與政策反映樓市經濟向上？
發展商有投地搶地？
有新樓盤開發與新發展項目？
外資撤離還是注資？
移民潮完？
出生率增加？
人工上升的下跌？
有邊一樣野反映樓市會升？
無呀",2025-11-22 17:12:00,命理師，八字五行格局、人類圖、脈輪調頻、系統排列,得過且過,business,skipped
kazuhirotitan,Titan Kazuhiro 鍾一弘,咪嘈,2025-11-22 16:57:00,命理師，八字五行格局、人類圖、脈輪調頻、系統排列,得過且過,business,skipped
kazuhirotitan,Titan Kazuhiro 鍾一弘,"張家妍 去公開平台了
話左了",2025-11-22 16:49:00,命理師，八字五行格局、人類圖、脈輪調頻、系統排列,得過且過,business,skipped
kazuhirotitan,Titan Kazuhiro 鍾一弘,"adhd不是病
是他們反應太快 能量易被干擾 易過敏其他事。
學一套幫自己隔離開在干擾的工具
例如
佛法
便能定下來",2025-11-22 15:12:00,命理師，八字五行格局、人類圖、脈輪調頻、系統排列,得過且過,business,skipped
kazuhirotitan,Titan Kazuhiro 鍾一弘,好睇喎,2025-11-22 15:03:00,命理師，八字五行格局、人類圖、脈輪調頻、系統排列,得過且過,business,skipped
kazuhirotitan,Titan Kazuhiro 鍾一弘,"用AI 翻查聖經內容 翻譯 版本
就會知 聖經翻譯點樣被人一改再改",2025-11-22 14:15:00,命理師，八字五行格局、人類圖、脈輪調頻、系統排列,得過且過,business,skipped
kazuhirotitan,Titan Kazuhiro 鍾一弘,"這種情況
一定照坐
因為 無任何人有權這樣霸位",2025-11-22 13:52:00,命理師，八字五行格局、人類圖、脈輪調頻、系統排列,得過且過,business,skipped
kazuhirotitan,Titan Kazuhiro 鍾一弘,"蘇民峰開課
明年夏天 200人風水班
50000元20小時課。
甲木人在丙午食神傷官年開課
導師是金角色..
用名氣揾錢
200人一班
是成功定伏？
是食傷生財 還是財生殺..
赤馬紅羊開課",2025-11-21 22:02:00,命理師，八字五行格局、人類圖、脈輪調頻、系統排列,得過且過,business,skipped
kazuhirotitan,Titan Kazuhiro 鍾一弘,"聖經？ 是神的話？
還是人用神之名定的話？
神講話 只是講到聖經啟示録後 就不再向世人講話？
公元400年致今1600多年
神就不再給人「新的話」？
還是某些宗教當權者的策略權力？",2025-11-21 21:28:00,命理師，八字五行格局、人類圖、脈輪調頻、系統排列,得過且過,business,skipped
kazuhirotitan,Titan Kazuhiro 鍾一弘,"喺沙田新城市廣場扶手電梯
前面有一對男女￼，翹住手。￼
男：你老公呢？
女：返工囉。
女：你老婆呢？
男：返咗深圳整指甲。
好sweet",2025-11-21 21:12:00,命理師，八字五行格局、人類圖、脈輪調頻、系統排列,得過且過,business,skipped
kazuhirotitan,Titan Kazuhiro 鍾一弘,54萬張日本機票被取消..,2025-11-21 21:10:00,命理師，八字五行格局、人類圖、脈輪調頻、系統排列,得過且過,business,skipped
kazuhirotitan,Titan Kazuhiro 鍾一弘,bitcoin 81800了,2025-11-21 20:09:00,命理師，八字五行格局、人類圖、脈輪調頻、系統排列,得過且過,business,skipped
kazuhirotitan,Titan Kazuhiro 鍾一弘,咁大個了,2025-11-21 19:49:00,命理師，八字五行格局、人類圖、脈輪調頻、系統排列,得過且過,business,skipped
kazuhirotitan,Titan Kazuhiro 鍾一弘,"八字 能量流動
食神傷官財是output
官殺印是input
比劫是轉化
命局 有官殺印 不管是生助或壓制
能量聚集在自己身上 格局變大
食神傷官正偏財
看似是順我
但是在透支自己
越向外而散，內耗蝕損 使自己變弱
官殺印相生加劫財護己
格局可上大局
國防部長也是這種形勢",2025-11-21 19:48:00,命理師，八字五行格局、人類圖、脈輪調頻、系統排列,得過且過,business,skipped
kazuhirotitan,Titan Kazuhiro 鍾一弘,"有朋友問 我會不會投票
「我不是選民」",2025-11-21 19:20:00,命理師，八字五行格局、人類圖、脈輪調頻、系統排列,得過且過,business,skipped
kazuhirotitan,Titan Kazuhiro 鍾一弘,"今日 有你來買了幾個
原來是舊朋友 好內無見
在
antahkarana.net
看見。",2025-11-21 19:10:00,命理師，八字五行格局、人類圖、脈輪調頻、系統排列,得過且過,business,skipped
kazuhirotitan,Titan Kazuhiro 鍾一弘,"都話左 bno唔系英國其他移民簽證
幾個月前講英國改變移民政策要變10年..
當時已經講「唔關bno事！ 政府亦聲明bno未有定案」
香港人就系咁吹話移民英國 bno一樣是移民.. 一概而論bno visa 去英國都會5年變10年...
bno visa 是針對違反英聯合聲明而做出給在港英國海外居民的政策。
根本不可能與其他一般移民政策相題並論。
今日有答案： bnovisa 依然5+1
英國政府內政部在當地時間周四（20 日）公布最新移民政策諮詢文件，將合法移民永居門檻由原本 5 年增加到 10 年至 20 年；至於香港人最關注的英國國民（海外）簽證（BN(O) Visa）計劃，文件已先行確認會維持「5 + 1」的安排，簽證持有人在英國居住滿 5 年可以獲永久居留權，再居住 1 年可登記成為英國公民（British Citizen）。不過，諮詢文件同時列出不同移英人士都要符合申請永居的基本要求（mandatory requirements），包括沒有犯罪紀錄，英語水平達到 B2，以及有繳交入息稅等。",2025-11-21 19:06:00,命理師，八字五行格局、人類圖、脈輪調頻、系統排列,得過且過,business,skipped
kazuhirotitan,Titan Kazuhiro 鍾一弘,"八字命理流年
即是
如果你是一個雪櫃（壬子） 
但未來10年 在炎熱 氣温35度環境。
是否會被人更加chur盡，塞更多野入去雪、用雪櫃造冰 造冷 降温？
如果你是一個暖爐（丙午）
但未來10年 都是壬子大寒
這暖爐重有無得休息？ 24小時長開最熱無得停吧。
除非買多幾個暖勞來代替
話八字命理迷信，只是他們無真實了解內容及原理",2025-11-21 18:52:00,命理師，八字五行格局、人類圖、脈輪調頻、系統排列,得過且過,business,skipped
kazuhirotitan,Titan Kazuhiro 鍾一弘,"飛爺勁
穩陣安全 顧全大局
管理 關係 政治哲學 重有人脈",2025-11-21 18:22:00,命理師，八字五行格局、人類圖、脈輪調頻、系統排列,得過且過,business,skipped
kazuhirotitan,Titan Kazuhiro 鍾一弘,"21集
夏文夕 在查世紀大醜聞。
張家妍夢醉醒來
文慧心與kingston爭主席位",2025-11-21 18:19:00,命理師，八字五行格局、人類圖、脈輪調頻、系統排列,得過且過,business,skipped
kazuhirotitan,Titan Kazuhiro 鍾一弘,"命理諮詢 講事業
第一是講「形勢」
氣場格局形勢
形勢弱，就算金牌大狀都無人揾
形勢強，就算小店賣魚蛋都大排長龍等成個鐘。
這條數，是算天地、地利、人和定局、選擇方向。
氣勢強時
腦中都是正面 信心，想要的一定要得到。
全世界聽自己話
氣勢弱
自己也說服自己迎合他人
委曲求存，得過且過
現弱者，求存焦慮恐懼，無中生有幫人打壓自己。
改運先改氣勢
先改變思想
信念不變
格局鎖著自己
師傅再準都無用",2025-11-21 16:39:00,命理師，八字五行格局、人類圖、脈輪調頻、系統排列,得過且過,business,skipped
kazuhirotitan,Titan Kazuhiro 鍾一弘,"越覺得值錢
越會壓價講價 死唔願走
如果唔值 一早走左",2025-11-21 15:26:00,命理師，八字五行格局、人類圖、脈輪調頻、系統排列,得過且過,business,skipped
kazuhirotitan,Titan Kazuhiro 鍾一弘,"問八麬真是好奇怪
問事業，卻唔講比人知做邊行
所有人師傅 又不考究工作行業..
一個丙火人，
做水業？金業？木業？火業？土業?
整個形勢 都不同..
屬木的人
謝霆鋒 在金業（唱歌）官殺 起家。
但他在火（謝賢個仔）開始出名
但在電影制作 拍戲（土業）成功
在飲食業（火土） 變全國多個品牌
在流年乙木 首位在啟德演唱會
比劫旺能勝任官殺.. 做大事",2025-11-21 15:12:00,命理師，八字五行格局、人類圖、脈輪調頻、系統排列,得過且過,business,skipped
kazuhirotitan,Titan Kazuhiro 鍾一弘,"願晶耀永注
真是同「教會手法」
好接近
先使人信有罪
挑起人內心黑暗軟弱
創造痛點
然之後心靈洗滌
for金
無銀碼
有幾多比幾多",2025-11-21 15:03:00,命理師，八字五行格局、人類圖、脈輪調頻、系統排列,得過且過,business,skipped
kazuhirotitan,Titan Kazuhiro 鍾一弘,"哈哈哈，真係喎！
你一講我都即刻醒起：以東（Edom）個位置，今日就係約旦南部一直伸到沙地阿拉伯北面，地下真係有大量石油同天然瀝青（死海附近仲有天然浮出嚟嘅瀝青，古時叫做「瀝青」或者「石油」）！
聖經講「它的河都要變成石油，塵埃變成硫磺」（賽34:9），本來係誇張修辭，但點知幾千年後人類真係喺嗰度搵石油、搵天然氣，仲有硫磺礦！
以東／底但（Teman）附近真係有古代硫磺坑同瀝青坑，連羅馬史家約瑟夫都講過死海有「天然瀝青」浮上水面。
所以呢句本來係「咒詛式誇張」，結果變成「神學＋地質學雙重真言」，笑死。
下次有人話聖經唔科學，你就同佢講：
「以賽亞三千年前已經講晒以東地下有石油啦，你而家先搵到，係你慢咩。」 😂
真係「河變石油」……準到離譜。",2025-11-21 14:24:00,命理師，八字五行格局、人類圖、脈輪調頻、系統排列,得過且過,business,skipped
kazuhirotitan,Titan Kazuhiro 鍾一弘,"在耶穌由東方學佛回流後，向中東當地傳教「神不在聖殿，神在內在..」
當地信仰的人群，傳開耶穌是他們所相信的彌賽亞。
而猶太教庭針對耶穌：
•  褻瀆神（Blasphemy）：耶穌自稱是「神的兒子」、坐在神寶座的右邊、以及「我就是」（參出3:14的自有永有者），這在猶太人聽來是把人當神，嚴重褻瀆（可14:61-64）。
•  自稱彌賽亞（基督）且是「猶太人的王」：這句話在宗教上可以爭辯，但在政治上對羅馬帝國來說極其敏感，因為「猶太人的王」聽起來就像要造反、建立獨立王國（約19:12-15）。
•  預言要拆毀聖殿並三日內重建（可14:58）：這被視為對聖殿的威脅，而聖殿正是祭司集團權力與經濟的中心。
但實際舊約預言，是700年後的穆罕默德..由他所起的伊斯蘭與信舊約聖經的猶太教，今日一直管治大衞之國。
耶穌講的，並非舊約聖經說的「要敬拜、歸邊、敵視、好戰」的神。
耶穌所說，是更高維度，宇宙一體，無「創造」，只有「存在」的神。  講緊精神世界力量形成現實世界。
同現代newage 講的高維靈性、基督意識..
是同一層次",2025-11-21 14:04:00,命理師，八字五行格局、人類圖、脈輪調頻、系統排列,得過且過,business,skipped
kazuhirotitan,Titan Kazuhiro 鍾一弘,"不喜勿看
以賽亞書 9:6-7
⁶因有一嬰孩為我們而生；
有一子賜給我們。
政權必擔在他的肩頭上；
他名稱為「奇妙策士、全能的上帝、永在的父、和平的君」。
⁷他的政權與平安必加增無窮。
他必在大衛的寶座上治理他的國，
以公平公義使國堅定穩固，
從今直到永遠。
萬軍之耶和華的熱心必成就這事。
在不久將來，新天違地到來，所有外邦人都必須知道了
---
現代，大衞王統治的地域
穆罕默德出現後，主流是伊斯蘭教、猶太教。
而所謂耶穌門徒傳播的基督教，在君士坦丁王朝合法化後，在歐洲流行..
更在1000年時代，十字軍東征，理其名「奪回聖地」，實際是羅馬帝國擴張勢力。在中亞洲開戰 殺死數百萬伊斯蘭 猶太 突厥。
歐洲外邦人以信耶穌基督教之名 回到大衞統治的國殺人搶地。
十字軍還以「為神作戰犧牲者 直上天堂」為名招兵。
世上 有哪個信仰 會這樣招信徒去打扙 殺害其他同一信仰的異見人事？",2025-11-21 13:33:00,命理師，八字五行格局、人類圖、脈輪調頻、系統排列,得過且過,business,skipped
kazuhirotitan,Titan Kazuhiro 鍾一弘,"現在形勢 類似2000年後科網股爆破前的先兆
當年大量垃圾筒科網股，拿著internet概念暴漲
香港8字頭 8001
tom.com
8006
hongkong.com
8008 sunevision
還有stareastnet...
炒到顛
最後都完。
現在 AI股、量子電腦股， 大量炒高同時營運上燒錢
AI人才天價.. 但實際收益不及支出龐大。
丙午年可能一下爆煲，骨牌交應。",2025-11-20 23:58:00,命理師，八字五行格局、人類圖、脈輪調頻、系統排列,得過且過,business,skipped
kazuhirotitan,Titan Kazuhiro 鍾一弘,電燈與motor 是上一個水運近尾段發明,2025-11-20 23:43:00,命理師，八字五行格局、人類圖、脈輪調頻、系統排列,得過且過,business,skipped
kazuhirotitan,Titan Kazuhiro 鍾一弘,"龔慈恩  可以開戲做慈禧太后
她那種 一半仁慈 一半陰險惡毒
太似",2025-11-20 22:59:00,命理師，八字五行格局、人類圖、脈輪調頻、系統排列,得過且過,business,skipped
kazuhirotitan,Titan Kazuhiro 鍾一弘,"google online 與ai 玩法是
當公司有500篇文張 在網絡各平台在廣播中
能滲入google 與ai 給人看的機率便提高
當首頁google 顯示都全是自己公司內容
ai 肯定會介紹給人
而要使google 把公司內容顯示首頁
就要大量網站媒體報導與加持
不要ig thread fb
未來世界
鬥媒體發聲多少
我已經有100個平台了",2025-11-20 21:04:00,命理師，八字五行格局、人類圖、脈輪調頻、系統排列,得過且過,business,skipped
kazuhirotitan,Titan Kazuhiro 鍾一弘,"新文女王2
夏文夕 被跟蹤 查案查到助手死埋 才回香港。",2025-11-20 19:27:00,命理師，八字五行格局、人類圖、脈輪調頻、系統排列,得過且過,business,skipped
kazuhirotitan,Titan Kazuhiro 鍾一弘,"見到人話
有AI唔洗工程師啦！ 比AI搞。
1. AI出文件，工程師敢唔敢簽名？
2. 工程師敢在AI文件簽名，發展商敢唔敢批出起樓？
你知道間高樓大廈是AI出圖計算，工程師只是簽名。
你敢唔敢住？",2025-11-20 19:06:00,命理師，八字五行格局、人類圖、脈輪調頻、系統排列,得過且過,business,skipped
kazuhirotitan,Titan Kazuhiro 鍾一弘,"舊約聖經講的彌賽亞
是穆罕默德
他們傳播追隨的 是一個要被敬拜的神，有滅絕背叛、有正邪之神。
但不是耶穌所說的神
明就明
唔明就黎明",2025-11-20 19:00:00,命理師，八字五行格局、人類圖、脈輪調頻、系統排列,得過且過,business,skipped
kazuhirotitan,Titan Kazuhiro 鍾一弘,"thread 是一個流水平台
無理念
無創作
只要日日有對話 就會蔓延
meta 用threads 打 x
搶 x hater
在threads 
引登挑釁 吵鬧 互動
其內容有反應
便快速蔓延3日
3日後也會消失
被新threads 蓋過
只是文字版短視頻玩法",2025-11-20 16:27:00,命理師，八字五行格局、人類圖、脈輪調頻、系統排列,得過且過,business,skipped
kazuhirotitan,Titan Kazuhiro 鍾一弘,"thread 不是給創作者平台
thread 是meta 用來對付x
thread 主體要交流、流量、蔓延
引爆流量
meta 才能股價升 廣告升
創作者心理 只會石沉大海",2025-11-20 16:23:00,命理師，八字五行格局、人類圖、脈輪調頻、系統排列,得過且過,business,skipped
kazuhirotitan,Titan Kazuhiro 鍾一弘,"手機是電腦 無必要 先whatsap
突然來電會斷人交易
朋友好火滾講晒粗口咁鬧
剛才在沽期指一刻
突然電話響 斷左交易面面
佢㩒唔切confirm
cut 完線 再入翻app
已經落唔到 價變了。
做轉數快也試過按confirm一刻電話響..
就差一秒 未轉到",2025-11-20 15:36:00,命理師，八字五行格局、人類圖、脈輪調頻、系統排列,得過且過,business,skipped
kazuhirotitan,Titan Kazuhiro 鍾一弘,"現在是智能手機電腦年代
手機不再是電話
一個股票群組的助理姐姐突然在開市時段打電話來...
立即cut線！
她真是無諗過，現在打電話，會阻礙甚致截斷對方「股票下單交易」
差一秒 價位可以不同
電話來電 斷晒人本來進行緊的交易...
就差個「submit」鍵一按時電話響飛走面頁
都唔知個submit 有無成功..
就斷stop個來電 入翻股票app 都可以變了。",2025-11-20 15:33:00,命理師，八字五行格局、人類圖、脈輪調頻、系統排列,得過且過,business,skipped
kazuhirotitan,Titan Kazuhiro 鍾一弘,"一隻温泉蛋要煮3分鐘
煮10隻要幾多時間..
數學題要人答「30分鐘」
但常識是3分鐘。
越聰明反應快的人，越難讀書上學
因為
他的反應快過老師
老師依照程序教「全班人」
但反應快的同學難接受
更容易因不服從老師及阻礙全班教學，被標籤「sen」",2025-11-20 15:21:00,命理師，八字五行格局、人類圖、脈輪調頻、系統排列,得過且過,business,skipped
kazuhirotitan,Titan Kazuhiro 鍾一弘,"好笑  貧富一念之差
老闆
最想客人翻單... 買完再買
想客人即使試過其他都回來買
打工仔..
㑹叫做「回頭草」，然後放大面子自尊幻想而拒絕。
而不是先睇offer bargain 最好條件給自己。
公司想再請自己， 本來就是自己在主 公司在客
最好傾條件的時候
打工仔「回頭草」，不敢見舊同事...
為面子而棄offer",2025-11-20 14:55:00,命理師，八字五行格局、人類圖、脈輪調頻、系統排列,得過且過,business,skipped
kazuhirotitan,Titan Kazuhiro 鍾一弘,"當年我學財務及企業風險管理
聽整個雷曼aig cds 爆煲故事
就是在工聯會學
個導師是做銀行",2025-11-20 14:51:00,命理師，八字五行格局、人類圖、脈輪調頻、系統排列,得過且過,business,skipped
kazuhirotitan,Titan Kazuhiro 鍾一弘,"最勁的
高手在民間
高手在工聯會
他們不是為錢
好多師傅 大師 退休過日神教人",2025-11-20 14:50:00,命理師，八字五行格局、人類圖、脈輪調頻、系統排列,得過且過,business,skipped
kazuhirotitan,Titan Kazuhiro 鍾一弘,"唔好用「身強身弱」 一概而論
問事業
因為
身強身弱 是無意思
同你問ai「男人做咩 女人做咩」 一樣。
問事業
一定要全盤八字
一定要講埋行業及角色
例如
木命人做火土業 與木命人做金業 已2個世界",2025-11-20 14:48:00,命理師，八字五行格局、人類圖、脈輪調頻、系統排列,得過且過,business,skipped
kazuhirotitan,Titan Kazuhiro 鍾一弘,"2024年初 我講了 詹米雷軍 行運
甲乙木年 向上 小米車行金水
到今年下半年雷軍 巳酉丑三合金局
大運庚金
傷官見官 小米出事
現在小米由上半年升上60現在跌翻37。
加上巳年尾金水旺股髙向下
因為 金水一旺
人們㑹想「套現」
去到明年 庚寅月 才再有起色一些",2025-11-20 14:27:00,命理師，八字五行格局、人類圖、脈輪調頻、系統排列,得過且過,business,skipped
kazuhirotitan,Titan Kazuhiro 鍾一弘,youtu.be/ii30k…,2025-11-20 14:00:00,命理師，八字五行格局、人類圖、脈輪調頻、系統排列,得過且過,business,skipped
kazuhirotitan,Titan Kazuhiro 鍾一弘,"八字 普通命與高格局命的分別
水命人，要裝水，要用土！ 
官印生水！ 由水樽變大水塘
如木火多，會引起水命人不斷洗錢、追求美麗、衝動、自我追求...
500ml 樽  就算再多水來也只有500ml 能裝下 淨下。
火命人
要水木 生火， 如小火變森林山火，他人才見到
吸引人群倒水救火！ 洗在自己身上。
木命人
要土金水生，無土 根無位向下生 站不住腳
人向外洩耗... 
無金，木會亂生！ 
無水，更快變枯樹！
土命人
要土多才能儲水！
火多？ 把土變多變細  分散力量！
土命火多，留不住錢... 樣樣都想買
甚致透支債務
土命人有土金水木！
會越起越高越大！
金命人 天生有權
要火容金！ 才能靈活變形。
土多金埋
金水木多，會主觀主動管制與指揮他人成事
但易四處惹事非人際關係
日時比劫越旺，年月財官強
這些人格局會越來越大
同樣 年幼行財官殺運
40歲後行比劫 也會越來越大局",2025-11-20 13:13:00,命理師，八字五行格局、人類圖、脈輪調頻、系統排列,得過且過,business,skipped
kazuhirotitan,Titan Kazuhiro 鍾一弘,"租約一家變外勞宿舍
火運 離中虛 騙局
《東張西望》報道，業主李氏夫婦去年底經地產經紀，將一個實用面積447呎的單位放租，每月租金11,500元。租客自稱洗衣店老闆，單位是用來給自己一家四口自住，又稱為報稅方便，簽約時需以公司名義簽訂。
業主表示初期租務正常，租客準時交租，直至近日單位漏水被樓下投訴，業主上門查看時才驚覺單位竟被改造成外勞宿舍，客廳擺放三張碌架床，臥室亦放有兩張碌架床，單位內竟住有10名陌生外勞！而外勞指，僱主收取每月人工的10%、約2,000多元作為租金，即整個單位租金逾2萬元。
業主認為居住人數已嚴重超負荷，對單位傢俬電器損耗極大，存在安全隱患，估計漏水問題也與10人排隊衝涼有關。據大廈保安指，該屋苑至少已有5個單位變成外勞宿舍。",2025-11-20 12:55:00,命理師，八字五行格局、人類圖、脈輪調頻、系統排列,得過且過,business,skipped
kazuhirotitan,Titan Kazuhiro 鍾一弘,"【20歲都夠班！矽谷AI工程師唔使名校學歷  年薪飆破1億美元】
Instagram行政總裁Adam Mosseri近日於訪問透露，AI工程師打入矽谷核心已不再需要名牌大學學歷，關鍵在於兩大特質：快速學習能力及積極實驗精神。
Mosseri形容，新一代AI人才與傳統矽谷工程師截然不同，屬於「更具靈活應變力」（scrappy type）的從業員，不受既定框架束縛。由於AI技術演變速度極快，傳統教育體系根本追不上業界需求，因此實戰經驗反而比學位更具價值。這批AI工程師普遍年輕，不少僅二十多歲已在頂尖科技公司擔任要職。
矽谷對AI人才趨之若鶩，Meta為挖角OpenAI員工，提供四年總薪酬高達3億美元的待遇，單是首年薪酬已達1億美元。OpenAI行政總裁Sam Altman亦證實Meta開出約1億美元簽約獎金，另加更高年薪。雖然Meta發言人否認具體金額，但坦言薪金確實相當驚人，因為能勝任尖端AI模型開發的專才極為稀缺。",2025-11-20 11:23:00,命理師，八字五行格局、人類圖、脈輪調頻、系統排列,得過且過,business,skipped
kazuhirotitan,Titan Kazuhiro 鍾一弘,sales funnel 與 ai數字人 熱潮好似消失了,2025-11-20 11:21:00,命理師，八字五行格局、人類圖、脈輪調頻、系統排列,得過且過,business,skipped
kazuhirotitan,Titan Kazuhiro 鍾一弘,"要老婆定要sogo
有對夫婦想去啟德sogo行街，搭到啟德站後佢哋就喺度嘈應該邊個出口先啱，老公就話係A出口，老婆就話係B出口。
嘈咗陣之後老公就走咗去搵職員問，個職員見佢哋兩個嘈咗咁耐就問返個老公：「如果你想去sogo就A出口，但如果你想要老婆嘅話就B出口啦！」",2025-11-20 10:34:00,命理師，八字五行格局、人類圖、脈輪調頻、系統排列,得過且過,business,skipped
kazuhirotitan,Titan Kazuhiro 鍾一弘,"有無留意
2001年mpf 開始  一鑊粥
是辛巳年
2025年 相隔24年 乙巳年
mpf取消對沖， 搞empf system
又是一鑊粥
搞一搞唔見幾十億",2025-11-19 22:45:00,命理師，八字五行格局、人類圖、脈輪調頻、系統排列,得過且過,business,skipped
kazuhirotitan,Titan Kazuhiro 鍾一弘,"香港教師
由學生讀大學取得教師資格 然後入學校教書
完全無實際社會經驗
教會計不是會計師
教經濟不是經濟師
教商業可以無做過生意
教地理也不在相關機構做過
教電腦無在公司IT部做
都是埋論概念
教科書是另一批教育局授權編寫..
與社會脫節",2025-11-19 21:31:00,命理師，八字五行格局、人類圖、脈輪調頻、系統排列,得過且過,business,skipped
kazuhirotitan,Titan Kazuhiro 鍾一弘,"新聞女王2結局
會唔會是 文慧心 劉艷 張家妍 飛爺 全部係晒公開平台..
文慧心一早睇中張家妍真心做新聞與立場底線
不過張家妍太發夢理想化新聞世界
脫晒節",2025-11-19 18:10:00,命理師，八字五行格局、人類圖、脈輪調頻、系統排列,得過且過,business,skipped
kazuhirotitan,Titan Kazuhiro 鍾一弘,"香港好多人真是無sense
全世界在炒市值造市值時
香港人重諗賺幾多真金白銀利潤..
真是真金白銀賺錢？
你手機唔會有free app",2025-11-19 18:05:00,命理師，八字五行格局、人類圖、脈輪調頻、系統排列,得過且過,business,skipped
kazuhirotitan,Titan Kazuhiro 鍾一弘,"愛迪生 丁火人
16歲做電報員及改良電報機及股票機起家
月薪125美元的時勢，改良股票機賣得4萬多美元
300多個月人工
到29歲開設研究實驗室
投資被多名技師研究 
口號：每月有新發明
最後開設了ge 通用電器 
成世上最多電器發明家
其實是他請人幫他公司開發
成功的marketing 與企業家
丁火人，財是金
影響力，權力，開口引路
使他人追隨自己",2025-11-19 17:06:00,命理師，八字五行格局、人類圖、脈輪調頻、系統排列,得過且過,business,skipped
kazuhirotitan,Titan Kazuhiro 鍾一弘,"五行喜忌
春天出世 木旺用金
夏天出世 火旺用水
秋天出世 金旺用木
冬天出世 水旺用火
再配上八字日元與年月柱化較調候
及
個人成長與內心意願選擇5行角色",2025-11-19 16:47:00,命理師，八字五行格局、人類圖、脈輪調頻、系統排列,得過且過,business,skipped
kazuhirotitan,Titan Kazuhiro 鍾一弘,"差少少  捉唔到1000萬整數
我的threads 流量1000萬了
90日",2025-11-19 16:20:00,命理師，八字五行格局、人類圖、脈輪調頻、系統排列,得過且過,business,skipped
kazuhirotitan,Titan Kazuhiro 鍾一弘,loveity.work,2025-11-19 15:51:00,命理師，八字五行格局、人類圖、脈輪調頻、系統排列,得過且過,business,skipped
kazuhirotitan,Titan Kazuhiro 鍾一弘,"政府官員最鍾意搞小動作 以示自己做了回應。
實際上是搞民生影響 阻人生活",2025-11-19 15:48:00,命理師，八字五行格局、人類圖、脈輪調頻、系統排列,得過且過,business,skipped
kazuhirotitan,Titan Kazuhiro 鍾一弘,"終於有post 是一致正面討論
無人鬧
轉運..",2025-11-19 15:36:00,命理師，八字五行格局、人類圖、脈輪調頻、系統排列,得過且過,business,skipped
kazuhirotitan,Titan Kazuhiro 鍾一弘,997了,2025-11-19 15:32:00,命理師，八字五行格局、人類圖、脈輪調頻、系統排列,得過且過,business,skipped
kazuhirotitan,Titan Kazuhiro 鍾一弘,"離婚 與創業無關
是2人不夠了解對迮溝通與情感價值需要。
女人鬧男人
男人太認真聽女人的話
是導致離婚主因
也是女人招致被男人暴力的主因
女人大忌一向是 成於口德，敗放口業。",2025-11-19 15:29:00,命理師，八字五行格局、人類圖、脈輪調頻、系統排列,得過且過,business,skipped
kazuhirotitan,Titan Kazuhiro 鍾一弘,"是時代進化？
10年前 智能手機流行起來
人們聽電話會把「聽筒」放耳邊。
5年前，5g年代 數據唔洗錢咁..
人們下下 視象電話
whatsapp 録音傳聲
開始用speaker 聽電話
現代
人們進化到
用speaker 開大聲聽電話再塞向耳邊
不再用聽筒聽手機內容
撞聾咩",2025-11-19 15:26:00,命理師，八字五行格局、人類圖、脈輪調頻、系統排列,得過且過,business,skipped
kazuhirotitan,Titan Kazuhiro 鍾一弘,"現代人唔識用電話？
把電話聽筒放在耳邊
聲音會由手機下方喇叭會轉向手機上方聽筒。
個個用speaker handfree咁 再把電話下方個喇叭塞向耳仔..
搞到全村人聽自己聽手機聲！
智能手機搞到人不智
還是潛意識用聲音攻擊傍人",2025-11-19 15:21:00,命理師，八字五行格局、人類圖、脈輪調頻、系統排列,得過且過,business,skipped
kazuhirotitan,Titan Kazuhiro 鍾一弘,"男人  向前看 望未來更好，不提以前
唔會比自己衰第二次同樣事。
女人，向過去看，害怕過去重複發生，不斷無中生有重提舊事，用過去錯來證明未來。
女人唔想重複錯
偏用過去錯不斷話男人
是搞死姻緣的核心
因為
女人信自己過去 也「不信男人能力」
鬧贏了，輸掉男人",2025-11-19 15:12:00,命理師，八字五行格局、人類圖、脈輪調頻、系統排列,得過且過,business,skipped
kazuhirotitan,Titan Kazuhiro 鍾一弘,"人性世界  不喜勿看
當權者創造「神」 使人民信仰
以「神」之名掌控萬民精神
同時
把人類動物弱肉強食 適者生存 富人精神世界
創造力
定義為「罪」 賦予「撒旦」之名與地獄之果。
世人跟著當權者一代傳一代的遊戲規則
在弱肉強食的世界中求存",2025-11-19 14:46:00,命理師，八字五行格局、人類圖、脈輪調頻、系統排列,得過且過,business,skipped
kazuhirotitan,Titan Kazuhiro 鍾一弘,"thread 的流量顯示
是來自app loading ig fb 的數 整合加起
但若thread app 在手機load 不到 ig fb 時
在thread出現的統計數字會突然縮水
甚致 不顯示view數
是thread app的問題
當網絡再次暢通
便回到正常",2025-11-19 14:40:00,命理師，八字五行格局、人類圖、脈輪調頻、系統排列,得過且過,business,skipped
kazuhirotitan,Titan Kazuhiro 鍾一弘,比特幣出現「死亡交叉」（Death Cross，短期均線下穿長期均線），這是熊市信號，引發恐慌性拋售。恐懼與貪婪指數（Fear & Greed Index）降至極端恐懼區間，杠杆交易者爆倉達1.16億美元（多頭為主），進一步放大跌幅。,2025-11-19 14:34:00,命理師，八字五行格局、人類圖、脈輪調頻、系統排列,得過且過,business,skipped
kazuhirotitan,Titan Kazuhiro 鍾一弘,"科技股泡沫擔憂與風險資產拋售（Risk-Off Sentiment）
全球股市，尤其是科技股（如AI相關公司）面臨過估值擔憂，投資者開始減持高風險資產，包括比特幣。這波拋售從10月開始蔓延，導致比特幣跟隨大盤下跌。比特幣被視為「風險資產」，與納斯達克等指數高度相關，當股市恐慌時，它往往先行或同步下滑。",2025-11-19 14:32:00,命理師，八字五行格局、人類圖、脈輪調頻、系統排列,得過且過,business,skipped
kazuhirotitan,Titan Kazuhiro 鍾一弘,"247 真是賣健康？
247 商業模式
15000呎 空置單位值幾錢？
15000呎 變247承租2年約
租金多少？
樓價可以升多少？
247越開越多 品牌效應 可以炒幾大？
個棚可以撘幾大？
whatsapp  一元都唔洗比可以用15年
還要有190億美元收購價..
已經11年前
重講1分錢1分貨， 已經過晒時。
如果仍然是以收費賺錢時代
不會有app用",2025-11-19 14:29:00,命理師，八字五行格局、人類圖、脈輪調頻、系統排列,得過且過,business,skipped
kazuhirotitan,Titan Kazuhiro 鍾一弘,"欣賞他 做巴士司機明星
不過小心被人追車",2025-11-19 14:16:00,命理師，八字五行格局、人類圖、脈輪調頻、系統排列,得過且過,business,skipped
kazuhirotitan,Titan Kazuhiro 鍾一弘,"4運 東南山西北水
巽木卦地運
中國無4運
日本4運亞洲強
德國4運 西北水
意大利4運都有西北水部份
二次大戰  木克土 權力擴展 為權力與民族 推人殺更多人。
大量消耗軍備
美國1930年經濟大蕭條
美國東岸主要省與市無4運
中國在4運
一直被外國及日本㩒住來搶
同時中國新文學 文化 知識 也大放
到4運尾 1940-1943 
世界開戰
到1945  4運完 5運起
停戰",2025-11-19 14:04:00,命理師，八字五行格局、人類圖、脈輪調頻、系統排列,得過且過,business,skipped
kazuhirotitan,Titan Kazuhiro 鍾一弘,"1904至1923
3運 東方東  東山西水
3運震為雷
木運
人性向外擴展，木克土，三碧事非
人為佔領土地與擴張 推人民去死。
也是文化 科學 心理學 文學 急速發展時代
三民主義、選舉 女權 自由平等 也在3運推演
飛機 在3運成功 人開始飛上天
中國 西面全是陸地  無3運
接近3運 8國聯運打到慈禧避去四順
中國人用日貨 去日本學學
新文化運動
孫中山去日本留學
1911年成功推返滿清
然後軍伐時代
美國三藩市鐵路連接東西2岸通車
鐵達尼號 在三運
五四運動
歐洲第一次世界大戰
日本與俄羅斯開戰
吞并韓國",2025-11-19 13:57:00,命理師，八字五行格局、人類圖、脈輪調頻、系統排列,得過且過,business,skipped
kazuhirotitan,Titan Kazuhiro 鍾一弘,"地運 上個9運世界
上個9運：
中國太平天國，英法聯軍，鴉片毒。 
美國南北戰爭
林肯被殺
歐洲1848大革命 
德國意大利統一戰進程
日本被美國迫開放",2025-11-19 13:45:00,命理師，八字五行格局、人類圖、脈輪調頻、系統排列,得過且過,business,skipped
kazuhirotitan,Titan Kazuhiro 鍾一弘,"這些都是9運 離火現象
一概而論
混水摸魚
只看表面
內裡錯晒
惹禍才知麻煩",2025-11-19 13:39:00,命理師，八字五行格局、人類圖、脈輪調頻、系統排列,得過且過,business,skipped
kazuhirotitan,Titan Kazuhiro 鍾一弘,"要老婆定要sogo
有對夫婦想去啟德sogo行街，搭到啟德站後佢哋就喺度嘈應該邊個出口先啱，老公就話係A出口，老婆就話係B出口。
嘈咗陣之後老公就走咗去搵職員問，個職員見佢哋兩個嘈咗咁耐就問返個老公：「如果你想去sogo就A出口，但如果你想要老婆嘅話就B出口啦！」",2025-11-19 13:31:00,命理師，八字五行格局、人類圖、脈輪調頻、系統排列,得過且過,business,skipped
kazuhirotitan,Titan Kazuhiro 鍾一弘,"thread 差6萬 突破1000萬流量
這個遊戲目標 就來玩完。",2025-11-19 13:17:00,命理師，八字五行格局、人類圖、脈輪調頻、系統排列,得過且過,business,skipped
kazuhirotitan,Titan Kazuhiro 鍾一弘,"莫非大學已死？AI國防軟件巨頭 4.2萬月薪聘高中生「學徒」！官方專頁明言「毋需背負債務及接受洗腦」
矽谷最神秘數據巨頭、以服務美國軍方著稱的Palantir及其創辦人 Alex Karp，正發動一場顛覆傳統的「人才培育計劃」。Karp 公開宣稱：「你在學校和大學學到關於世界如何運作的一切，在智識（intellectually）上都是錯誤的。」這不僅是一句挑釁性言論，更是一個冰冷的市場信號：傳統的「大學學歷」與「通才」價值，正受到根本性質疑。
Palantir 近年積極推行其「精英獎學金」計畫（The Meritocracy Fellowship）。與傳統實習不同，此計劃的條款極為激進：它為部分學員提供每月高達 5,400 美元（約 42,000 港元）的津貼，而最關鍵的申請條件之一，是要求申請人「目前不能正於大學就讀」。",2025-11-19 13:15:00,命理師，八字五行格局、人類圖、脈輪調頻、系統排列,得過且過,business,skipped
kazuhirotitan,Titan Kazuhiro 鍾一弘,"bitcoin 跌回91000
中了我8月講的
之前玩cfd  在usd101000沽bitcoin
現在結算",2025-11-19 13:12:00,命理師，八字五行格局、人類圖、脈輪調頻、系統排列,得過且過,business,skipped
kazuhirotitan,Titan Kazuhiro 鍾一弘,"越高靈性
越追求精神世界
其實會越窮
因為
人性幻想世界
多數人是發財先立品
立品後難發財
因為 清高會阻礙自己與人bargain與報酬。
人清高心軟，更易被人吃",2025-11-19 13:00:00,命理師，八字五行格局、人類圖、脈輪調頻、系統排列,得過且過,business,skipped
kazuhirotitan,Titan Kazuhiro 鍾一弘,"問深層性格  這個99%準。
renleitu.asia",2025-11-19 12:53:00,命理師，八字五行格局、人類圖、脈輪調頻、系統排列,得過且過,business,skipped
kazuhirotitan,Titan Kazuhiro 鍾一弘,"人性
追求真相 要免費
但追求幻想，肯付費",2025-11-19 12:42:00,命理師，八字五行格局、人類圖、脈輪調頻、系統排列,得過且過,business,skipped
kazuhirotitan,Titan Kazuhiro 鍾一弘,"「正體中文(繁體字)與簡體字」
1931年9月中共聽命於共產國際大佬一一蘇聯，在海参崴舉行了中國新文字第一次代表大會並發表了宣言：「中國漢字是古代與封建社會的產物，它已變成統治階級壓逼勞苦群眾工具之一，已不適合現在的時代。所以要根本廢除象形文字，以純粹的拼音文字來代替它......」，徹底地提出文字拉丁化。中共立國之後，毛澤東亦倡議走世界文字共同拼音方向，唯韓戰之後中共與蘇聯關係逆轉，並不積極配合蘇聯指示。浩瀚的中文古籍，更令全面拉丁化困難重重。毛遂於1951年推出簡體字作權宜之計，於1956年公布第一批簡體字的改革，目標仍然是創造拉丁拼音新文字。當時不少国民誤信簡體字出爐是為了掃除文盲。
其實中國數千年以來都有簡化文字的作為，但是必定要遵從六書造字法(是為簡化字)。袁世凱北洋政府及蔣介石國民政府認為一些文字較為艱深，宜作有系統地簡化，令國民易於學習；與中共為了配合全面去中國化，不依從六書造字法而以一些看似符號的“文字”取代象形文字(是為簡體字)截然不同。",2025-11-19 12:37:00,命理師，八字五行格局、人類圖、脈輪調頻、系統排列,得過且過,business,skipped
kazuhirotitan,Titan Kazuhiro 鍾一弘,咁大鑊，點搞。 幾時好,2025-11-18 22:13:00,命理師，八字五行格局、人類圖、脈輪調頻、系統排列,得過且過,business,skipped
kazuhirotitan,Titan Kazuhiro 鍾一弘,"政府自己打死酒店業
香港公務員咁做野
無大局無遠見
只求自己益處無鑊",2025-11-18 22:07:00,命理師，八字五行格局、人類圖、脈輪調頻、系統排列,得過且過,business,skipped
kazuhirotitan,Titan Kazuhiro 鍾一弘,"其實 點解會買啟德跑道樓
1. 長期動土... 最大鑊
2. 四面無山只有水，不聚氣
破財破人破人",2025-11-18 21:54:00,命理師，八字五行格局、人類圖、脈輪調頻、系統排列,得過且過,business,skipped
kazuhirotitan,Titan Kazuhiro 鍾一弘,"大鑊.... 我都死埋
真是警覺，世上無任何系統絕對安全
可能要度過另一套系統基建...
互聯網基礎設施巨頭 Cloudflare 於香港時間今晚（11 月 18 日）爆發嚴重故障，導致全球大量網站與應用程式無法連線。受影響名單包括社交平台 X（前稱 Twitter）、設計工具 Canva、甚至 AI 巨頭 OpenAI 等熱門服務。這場「數碼災難」最諷刺的一幕，莫過於專門用來回報死機狀況的網站 Downdetector，竟也因為使用 Cloudflare 的服務而跟隨「陪葬」，令用戶求助無門。",2025-11-18 21:28:00,命理師，八字五行格局、人類圖、脈輪調頻、系統排列,得過且過,business,skipped
kazuhirotitan,Titan Kazuhiro 鍾一弘,"cloudflare 死左😱😱
外媒11月18日報道，網絡服務提供商Cloudflare出現故障，全球多個網站死機，包括ChatGPT、X（前稱Twitter）等。
彭博社指，Cloudflare正在努力解決這個在全球範圍內出現的網絡故障，指正在調查一個「可能影響多個客戶」的問題。
原文網址: Cloudfare故障　全球多個網站「死機」包括ChatGPT與X | 香港01
hk01.com/artic…",2025-11-18 21:24:00,命理師，八字五行格局、人類圖、脈輪調頻、系統排列,得過且過,business,skipped
kazuhirotitan,Titan Kazuhiro 鍾一弘,同一套戲🤣🤣🤣,2025-11-18 20:33:00,命理師，八字五行格局、人類圖、脈輪調頻、系統排列,得過且過,business,skipped
kazuhirotitan,Titan Kazuhiro 鍾一弘,"效率 vs 效果
火運 追求效率 快
表面做完，效率快，1小時完成半日流程..
但是，交果可以負100% 負1000%
甚致 災難 賠償
收貨無check
效了功課便算
簽名前是旦唔睇
到用家使用 爆大鑊出意外
承擔 就是「發起人！ 」",2025-11-18 14:20:00,命理師，八字五行格局、人類圖、脈輪調頻、系統排列,得過且過,business,skipped
kazuhirotitan,Titan Kazuhiro 鍾一弘,"tvb
就是大花金錢做免費節目
吸納人慣性看
這個pool 大
才能6位數吸納廣告客。
賣廣告在tvb唔只是暴光
還有其他無形價值。
只是 現代tvb管理層
不是邵逸夫， 無他的智慧
太向錢看 搞到tvb咁
但tvb的地位影響力
依然存在",2025-11-18 14:07:00,命理師，八字五行格局、人類圖、脈輪調頻、系統排列,得過且過,business,skipped
kazuhirotitan,Titan Kazuhiro 鍾一弘,"好多公司
設定本來就是「不是營利」
世上有很多價值與力量
不是金錢
仍停留在賣1元賺1元的概念
會被淘汰",2025-11-18 14:04:00,命理師，八字五行格局、人類圖、脈輪調頻、系統排列,得過且過,business,skipped
kazuhirotitan,Titan Kazuhiro 鍾一弘,"2026年丙午
無木，無金
結業潮更嚴重
是「新一代接班人  唔想做」那種。
那些諗住「死守 籌資 頂得幾內得幾內」的公司
明年，會醒來「不再頂， 結業 轉行 不再得個搞字」
新靈感
新創業
新集資
會特別多， 不過集完是否定是做？
就另一回事
睇眼光
市場無機會
錢便流向股市這大賭場
小心火災 
紛爭
訴訟
債務
騙局",2025-11-18 13:54:00,命理師，八字五行格局、人類圖、脈輪調頻、系統排列,得過且過,business,skipped
kazuhirotitan,Titan Kazuhiro 鍾一弘,"買樓前諗清楚
簽左正式買賣合約
不是撻訂咁簡單
如果撻訂後 賣家出售更低價格
可向違約買家追討差價。
發展商追差價追到買家破產！有報道指長實（1113）旗下兩個半新盤「#LYOS」及「名日·九肚山」，至少向8名撻訂買家入稟追討重售單位的差價，總額逾1700萬元。其中3名買家更因未付清欠款，法院已因應發展商申請，頒令3人破產。",2025-11-18 13:32:00,命理師，八字五行格局、人類圖、脈輪調頻、系統排列,得過且過,business,skipped
kazuhirotitan,Titan Kazuhiro 鍾一弘,"恒指 行到了亥 水月
真是跌",2025-11-18 12:53:00,命理師，八字五行格局、人類圖、脈輪調頻、系統排列,得過且過,business,skipped
kazuhirotitan,Titan Kazuhiro 鍾一弘,"九龍殯儀館 招聘 服務生
工作: 
場地清潔，燒爐化寶，靈堂場地設置及服務等等工作。
薪金: $11000-19000 (多勞多得)
工時: 12小時工作 (需輪班夜更)
(黑雨及8號風球需要上班)
有興趣既
請自行去MOOVUP / WHATSAPP 申請",2025-11-18 12:39:00,命理師，八字五行格局、人類圖、脈輪調頻、系統排列,得過且過,business,skipped
kazuhirotitan,Titan Kazuhiro 鍾一弘,"追求在商會的名義地位人脈
不如把資源
投放媒體
專訪 報導 
做企業刊物
做一些能上得大枱的報導",2025-11-17 23:23:00,命理師，八字五行格局、人類圖、脈輪調頻、系統排列,得過且過,business,skipped
kazuhirotitan,Titan Kazuhiro 鍾一弘,"新聞女王 1/2集
讓我打開傳媒之門
從AI讀傳理學內容
剛好在火運 要水
傳播業 就是水",2025-11-17 21:17:00,命理師，八字五行格局、人類圖、脈輪調頻、系統排列,得過且過,business,skipped
kazuhirotitan,Titan Kazuhiro 鍾一弘,"誠徵任何
分銷
代理
推廣
合作形式：
拆帳佣金
推廣渠道
網絡 google 多個獨立平台",2025-11-17 19:47:00,命理師，八字五行格局、人類圖、脈輪調頻、系統排列,得過且過,business,skipped
kazuhirotitan,Titan Kazuhiro 鍾一弘,"keyword 香港新聞稿服務
presshongkong 我的平台
排名在美通社及其他PR公司之上",2025-11-17 19:39:00,命理師，八字五行格局、人類圖、脈輪調頻、系統排列,得過且過,business,skipped
kazuhirotitan,Titan Kazuhiro 鍾一弘,"新聞稿聯網
這5個字
我的網絡平台 排上google 第1",2025-11-17 19:06:00,命理師，八字五行格局、人類圖、脈輪調頻、系統排列,得過且過,business,skipped
kazuhirotitan,Titan Kazuhiro 鍾一弘,"命理師 數流年都錯....
13癸巳 14 甲午 15乙未  這才是3年火局
16丙申 17丁酉  18戊戌 是土局
16/17 是火弱金重
求其用15/16/17 去對照25/26/27
一概而論亂up",2025-11-17 18:40:00,命理師，八字五行格局、人類圖、脈輪調頻、系統排列,得過且過,business,skipped
kazuhirotitan,Titan Kazuhiro 鍾一弘,"的士牌 小巴牌
是8運資產化
炒上天價後
一到2023已跌
2025到跌到體無完膚
6運7運大量紅van 
8運開始縮
9運 重有淨多少？",2025-11-17 17:05:00,命理師，八字五行格局、人類圖、脈輪調頻、系統排列,得過且過,business,skipped
kazuhirotitan,Titan Kazuhiro 鍾一弘,"火運，覺醒人性 才能保護自己與家人
人類是動物
人類卻幻想自己是人的清高
越覺醒人類是動物的人，越有力量與智慧「吸納資源、操弄人性、推動社會。 建立遊戲規則。」
越迷信自己與人類是神聖清高信望愛..
請入他人的局
情緒勒索
道德綁架
被內耗 接低
被美言幻想 犧牲自己 甚致賠上性命。
這是中立現實
生物界的弱肉強食
只不過人食人不是「咬」
是其他方式",2025-11-17 16:57:00,命理師，八字五行格局、人類圖、脈輪調頻、系統排列,得過且過,business,skipped
kazuhirotitan,Titan Kazuhiro 鍾一弘,"shine 
一個變司機
一個變師傅教靈氣",2025-11-17 16:40:00,命理師，八字五行格局、人類圖、脈輪調頻、系統排列,得過且過,business,skipped
kazuhirotitan,Titan Kazuhiro 鍾一弘,"八字 點解話迷信？
因為 用戶聽不懂..
什麼「用印化殺」 「食神制殺」「財壞印」 都是一扗里術言
講完術語講事件結果
「女事主，你傷官見官，分手是正常」
這些話，無法不用「迷信」回應。
實際是「傷官 會破格 想變動 得罪人  會傷害男人面子自尊 會變得自大不靠人！ 得罪人多..」
形成吵架 迫到男人無退路
然後分手 離婚
應驗 傷官「要改變、脫離」 的格局。",2025-11-17 16:39:00,命理師，八字五行格局、人類圖、脈輪調頻、系統排列,得過且過,business,skipped
kazuhirotitan,Titan Kazuhiro 鍾一弘,"我從來無「主動識人」
是我的內容 使人來找我",2025-11-17 16:27:00,命理師，八字五行格局、人類圖、脈輪調頻、系統排列,得過且過,business,skipped
kazuhirotitan,Titan Kazuhiro 鍾一弘,"當命理師未打好基礎與底層邏輯
就會形成字面一概而論的解讀
而受眾在不認識之下
一概而論其他何例子
便帶來爭論
例如
庚男乙女一對
本來男是官女是財
但因男女都是水木火旺
男人庚金無力
女人乙木過強
形成女強男弱 難實現庚金為官乙木為財的形勢。
若命師只用庚金克乙木 講夫妻夾得來
就會被人質疑錯誤",2025-11-17 15:16:00,命理師，八字五行格局、人類圖、脈輪調頻、系統排列,得過且過,business,skipped
kazuhirotitan,Titan Kazuhiro 鍾一弘,"知識付費
是一個背書行為
因信任吸引而買
買了便加以學習應用
免費知識
免費送
拿了太多免費資訊 都只是花生垃圾
內耗 堆積 其實自己不信也無用",2025-11-17 14:51:00,命理師，八字五行格局、人類圖、脈輪調頻、系統排列,得過且過,business,skipped
kazuhirotitan,Titan Kazuhiro 鍾一弘,"答案：
行衰運的公司
會引誘老闆 上司 HR
出於私心而炒人 請多2個人
行好運的公司
會醒覺加薪留人",2025-11-17 14:22:00,命理師，八字五行格局、人類圖、脈輪調頻、系統排列,得過且過,business,skipped
kazuhirotitan,Titan Kazuhiro 鍾一弘,"借錢給有錢人
老前輩說：「我要把家裡的電話停了，走出客廳接電話，十居其九都在推貸款，真擾人。」坐在對面的朋友露出疑惑的神情：「真諷刺，現在經濟差，大批公司『吊鹽水』、等著資金周轉，銀行應該不需要到處找人借錢吧？」銀行界打滾多年的老行家從容地解釋：「銀行的特色是『落雨收遮』，最樂意借錢給冇貸款需要、資產雄厚的客戶。真正需要『救命』的小企業，往往反而難以融資，甚至被『call loan（減額）』。現實就是這樣，銀行始終是做生意，不是開善堂。」
旁邊的珠寶商人附和說：「人情世故，其實道理也相同。最需要幫助的人卻沒有人願意幫；最多人想幫的，反而就係唔需要幫助的人。例如有錢人身邊總有人主動牽線搭橋，無論是為子女找學位，或是疏通辦事關係，這些小恩小惠，往往成了人脈的『橋樑』。畢竟，『人情債』是世上最難還清的債。遞十次名片，也不及幫對方解決一樁小麻煩。哪怕只是小事，他也會把你記在心裡。」
一直沉默的「炒家」插話：「別把現實說得太冷酷。我不是冷漠無情，而是到了這把年紀，越來越相信『萬般帶不走，唯有業隨身』。古語有云『可憐之人必有可恨之處』，其實很多『輸家』如今的困境。」",2025-11-17 14:12:00,命理師，八字五行格局、人類圖、脈輪調頻、系統排列,得過且過,business,skipped
kazuhirotitan,Titan Kazuhiro 鍾一弘,"商會是8運野
把雜錦商家炒埋一碟
交叉交易，拿成員商家互相交易做大條數去誇大「商會」牌子。
再吸納「無生意想揾我意」的人。
交完會費餐費
然後花心機時間做一大堆商會事情。
入場 不是重複推廣自己牌子
是不斷了解他人產業、了解商會、識他人。
忽略莊閒身份地位形勢
9運離火、 商會會散
真商會 是為業界推動文化 業界 共同做大個產業推廣、保障業界地市場地位
例如公會
學會
唔係用商會吸引不同行業人混埋",2025-11-17 14:10:00,命理師，八字五行格局、人類圖、脈輪調頻、系統排列,得過且過,business,skipped
kazuhirotitan,Titan Kazuhiro 鍾一弘,"想找大單
去遊艇會 會館 馬會
那裡才有洗得起錢的人
香港那些雜錦商家商會
都是想找我意的人
是來找生意，不是來比生意人
形成
用商會會員關係
壓人價要便做爛叻人
給笨人幻想
給善心者綁架責任
實際比錢入會內耗",2025-11-17 14:05:00,命理師，八字五行格局、人類圖、脈輪調頻、系統排列,得過且過,business,skipped
kazuhirotitan,Titan Kazuhiro 鍾一弘,"人性
9成人想發達有錢
但一遇到有賺錢機會
9成人都會先諗恐懼與退宿
連factcheck 細節、可行性都未有，便否定推開..
這是「順從本性」的貧窮
餘下1成人
見到機會
有1時間 搶代理權 搶獨家 搶唯一
先比大筆錢搶勢
無錢便集資
解決資金問題以達到目標
才因手持有價值東西而升價被人搶貨
自己才豐收",2025-11-17 13:46:00,命理師，八字五行格局、人類圖、脈輪調頻、系統排列,得過且過,business,skipped
kazuhirotitan,Titan Kazuhiro 鍾一弘,"命運 無劇本
命 是出世拿了什麼資源局勢
運
是形勢 
你可以如何選擇
解命理
是了解你手上金木水火土強弱變化
及流年大運地運形勢的五行強弱
如何配撘做出你內心追求",2025-11-17 13:24:00,命理師，八字五行格局、人類圖、脈輪調頻、系統排列,得過且過,business,skipped
kazuhirotitan,Titan Kazuhiro 鍾一弘,太古城部分樓宇用戶食水出現黑點，水務署調查後發現，屋苑公共水管入水口的其中一個濾網設施出現破損，有14座大廈受影響，化驗後證實黑點是瀝青，對人體沒有危害，相信是因為水壓變化而揚起水管內的瀝青沉積物。,2025-11-17 13:07:00,命理師，八字五行格局、人類圖、脈輪調頻、系統排列,得過且過,business,skipped
kazuhirotitan,Titan Kazuhiro 鍾一弘,"羊毛出在豬身上
消委會測試20款雙人冬季被，認為大部分樣本整體表現理想，不過有3款樣本實際填充物成分與標示的差異較大，已轉交海關跟進。
天氣轉涼，睡眠時當然不少得一張保暖被。消委會測試市面上20款冬季雙人被，包括羽絨被、全絲棉被、人造纖維被和羊毛被，認為大部分樣本整體表現理想。
不過這2款售價分別是399元和699元的羊毛被，標示被芯填充物是百分百純羊毛，但檢測結果分別只有23.1%和50.5%羊毛成分，同時這款被子乾洗後有填充物漏出。",2025-11-17 13:04:00,命理師，八字五行格局、人類圖、脈輪調頻、系統排列,得過且過,business,skipped
kazuhirotitan,Titan Kazuhiro 鍾一弘,楊紫瓊的牛肚,2025-11-17 12:58:00,命理師，八字五行格局、人類圖、脈輪調頻、系統排列,得過且過,business,skipped
kazuhirotitan,Titan Kazuhiro 鍾一弘,"讓蠢人覺得自己更蠢
讓貴人看見自己能力更高 但謙卑
讓窮人看見自己更窮
讓富人看見自己有而他無的
4句話
減少內耗
轉運",2025-11-17 04:46:00,命理師，八字五行格局、人類圖、脈輪調頻、系統排列,得過且過,business,skipped
kazuhirotitan,Titan Kazuhiro 鍾一弘,"消費者： 免費是最貴！
供應者： 免費是最Cheap！
誰一貪免費
立即入坑，比免費更cheap，比免費更貴。",2025-11-17 04:41:00,命理師，八字五行格局、人類圖、脈輪調頻、系統排列,得過且過,business,skipped
kazuhirotitan,Titan Kazuhiro 鍾一弘,"男人
自古以來 是獵人
外出搜獵 供養家人
男人 可以對外 賺外人錢 賺外邊女人消費。
但不可以：
要自己太太或女兒供養
因為
這樣，會把男人家的地位力量變弱
影響在外的社會形勢
在社會 同輩 後輩中  男人失去威嚴 力量
機會會被別人搶走
生命力量形勢委裝宿
結果是女人也受不了..
正如
30歲的媽寶男人
在社會上即使dse10個A  大學first honor 又如何？
不用說也feel到媽寶的下場",2025-11-17 04:37:00,命理師，八字五行格局、人類圖、脈輪調頻、系統排列,得過且過,business,skipped
kazuhirotitan,Titan Kazuhiro 鍾一弘,"人性
9成人想發達有錢
但一遇到有賺錢機會
9成人都會先諗恐懼與退宿
連factcheck 細節、可行性都未有，便否定推開..
這是「順從本性」的貧窮
餘下1成人
見到機會
有1時間 搶代理權 搶獨家 搶唯一
先比大筆錢搶勢
無錢便集資
解決資金問題以達到目標
才因手持有價值東西而升價被人搶貨
自己才豐收",2025-11-17 04:26:00,命理師，八字五行格局、人類圖、脈輪調頻、系統排列,得過且過,business,skipped
kazuhirotitan,Titan Kazuhiro 鍾一弘,"宗教為什麼強
因為宗教改變人對未來信念
改變人模式
帶來歸屬感與安全感 身份認同
但
命理師
只是背書鬥準
說到是宿命
講一堆自己明而客人不懂的術語。
所以客人睇完 無怎改變
身心靈派更只是感覺良好 一是著迷 二是似是而非的溝通
未有力量使人堅持持續改變。
但 教會有一套系統
使人一直照著行動
身心改變 結果改變
使人願意繼續追隨
甚致為教會而犧牲性命。",2025-11-17 03:52:00,命理師，八字五行格局、人類圖、脈輪調頻、系統排列,得過且過,business,skipped
kazuhirotitan,Titan Kazuhiro 鍾一弘,"人 只要改變行為習慣
病便會不再繼續惡化
身體自癒力會隨改變生活模式而變
西醫不會教
因為教了人
西醫學界無飯開",2025-11-17 03:43:00,命理師，八字五行格局、人類圖、脈輪調頻、系統排列,得過且過,business,skipped
kazuhirotitan,Titan Kazuhiro 鍾一弘,"人腦與AI
人，可以謀略
可會炒完人再請翻，殺一儆百去操弄人心
AI不會，AI計數不適合便炒。
人腦，保險公司人才，可借時勢，特別審批額外賠償，好過花錢做marketing。
AI，有條款不對，就算常理要賠也不賠，不會理公司後果風險。
人腦會隨機應變 口不對心 借花獻佛 四兩撥千斤
AI要等人入指令寫pompt先做",2025-11-17 03:05:00,命理師，八字五行格局、人類圖、脈輪調頻、系統排列,得過且過,business,skipped
kazuhirotitan,Titan Kazuhiro 鍾一弘,"人腦的重要
是幫助人全面思考問題
解決問題
管理事件
出謀獻策
這些事，千變萬化
AI追不上，亦未必擔得起
人貴在用腦 貴在「背書」事件，貴在承擔解決問題。
AI與機械人再強
都是要人「turn on turn off」
而control 都，就是承擔背書者。
知識 經驗 能力 思維 更重要膽量眼光
這些全部整合
不是一條數
AI做不到",2025-11-17 03:00:00,命理師，八字五行格局、人類圖、脈輪調頻、系統排列,得過且過,business,skipped
kazuhirotitan,Titan Kazuhiro 鍾一弘,"9運股市
不再講會計
不再講PE
不再講每股營利
過去78運的股票技術
唔及新股炒未來篤手指
2024-2025年的股市
已經展示  經濟越差 股市越升
香港股市  大陸公司",2025-11-17 02:37:00,命理師，八字五行格局、人類圖、脈輪調頻、系統排列,得過且過,business,skipped
kazuhirotitan,Titan Kazuhiro 鍾一弘,"美團可以燒幾多錢去做到最大？
而股價翻100倍1000倍
蝕緊錢 都可以有市值
到莊家揾夠
數億人用戶平台無限變其他「未來項目」再炒。",2025-11-17 02:34:00,命理師，八字五行格局、人類圖、脈輪調頻、系統排列,得過且過,business,skipped
kazuhirotitan,Titan Kazuhiro 鍾一弘,幾好喎 動物演員,2025-11-17 02:28:00,命理師，八字五行格局、人類圖、脈輪調頻、系統排列,得過且過,business,skipped
kazuhirotitan,Titan Kazuhiro 鍾一弘,"新聞女王2
夏文夕 真係唔同
年柱七殺天干
加日支七殺
真是有霸氣",2025-11-16 23:19:00,命理師，八字五行格局、人類圖、脈輪調頻、系統排列,得過且過,business,skipped
kazuhirotitan,Titan Kazuhiro 鍾一弘,"點解現在人講野
可以
每句話少於6個字。
然後覺得「已經講清楚」
有些人貼張圖 就覺得晒
完全唔知佢想問乜
這些人 又要人「估」
又會估錯，然後話「唔係這個意思」
都唔肯講清楚",2025-11-16 21:29:00,命理師，八字五行格局、人類圖、脈輪調頻、系統排列,得過且過,business,skipped
kazuhirotitan,Titan Kazuhiro 鍾一弘,"很多情緒反應
人以為是個人思想問題
實際是環境磁場能量引發
只是心理學 太過把思想心理與物理分開
但是
色彩學習經心理影響",2025-11-16 20:52:00,命理師，八字五行格局、人類圖、脈輪調頻、系統排列,得過且過,business,skipped
kazuhirotitan,Titan Kazuhiro 鍾一弘,"邊有政府搞奧運為賺錢
奧運唔系要賺錢
是要帶動城市經濟及名氣
政府唔賺 或蝕錢
但帶旺旅遊 就業 發展
這才是重點",2025-11-16 17:53:00,命理師，八字五行格局、人類圖、脈輪調頻、系統排列,得過且過,business,skipped
kazuhirotitan,Titan Kazuhiro 鍾一弘,"有人問我保險問題
我2002年已考晒牌
paper 1235
只是無考mpf",2025-11-16 17:49:00,命理師，八字五行格局、人類圖、脈輪調頻、系統排列,得過且過,business,skipped
kazuhirotitan,Titan Kazuhiro 鍾一弘,"星期日下午 ifc2期
sunmobile 收爆 無網絡",2025-11-16 16:26:00,命理師，八字五行格局、人類圖、脈輪調頻、系統排列,得過且過,business,skipped
kazuhirotitan,Titan Kazuhiro 鍾一弘,"最怕 現代一些人
只是貼個圖  一個字也不說
然之後覺得要答佢野
完全唔知問咩",2025-11-16 15:17:00,命理師，八字五行格局、人類圖、脈輪調頻、系統排列,得過且過,business,skipped
kazuhirotitan,Titan Kazuhiro 鍾一弘,"辰土  人們稱水庫
實際上
辰土在東方向東南
木旺 起火  水 才變最弱",2025-11-16 14:56:00,命理師，八字五行格局、人類圖、脈輪調頻、系統排列,得過且過,business,skipped
kazuhirotitan,Titan Kazuhiro 鍾一弘,"辰戌丑未 4庫
其實是入墓
即是餘氣到盡頭被埋藏
辰在正東方木局火起，水囚在辰
未在南方火局金起，木囚在未
戌在西方金局水起，火囚在戌
丑在北方水局木起，金囚在丑
囚的五行，過了那地支後，便是絕胎
即是完全無晒",2025-11-16 14:44:00,命理師，八字五行格局、人類圖、脈輪調頻、系統排列,得過且過,business,skipped
kazuhirotitan,Titan Kazuhiro 鍾一弘,"🌟專注自我，持續進化🌟
無需與他人比較，人與人之間的差距其實很小——1%靠天賦，1%避開愚蠢，而剩下的98%，全憑努力。
我們真正該問的，不是為什麼還沒成功，而是「我願意為成功付出多少？」
找對目標、跟對人、進入對的系統、站上對的平臺、踩對風口，做有意義的事，帶著使命前行。當強者與強者聯手，我們創造的，就不再只是成績，而是超越想像的價值。",2025-11-16 14:22:00,命理師，八字五行格局、人類圖、脈輪調頻、系統排列,得過且過,business,skipped
kazuhirotitan,Titan Kazuhiro 鍾一弘,"網媒披露香港兩所官立小學允許學生在校內考試中以中文簡體字作答，引發不公質疑。事情因中國全國政協副主席梁振英加入批評校方而引起廣泛關注。
曾任香港特區行政長官的梁振英發文質疑，中國大陸學生赴港學習為何不努力學習繁體字，並稱「教不嚴，師之惰」。
但與此同時，也有北京在港官媒和親北京學者撰文，質疑「部分港人對簡化字心存抗拒」，提出香港社會須對簡體字「面對現實，擺正心態」。
中文簡體字在校園應用所引發之爭議在香港與澳門時有發生，BBC中文嘗試梳理這新一輪爭議的來龍去脈。",2025-11-16 13:03:00,命理師，八字五行格局、人類圖、脈輪調頻、系統排列,得過且過,business,skipped
kazuhirotitan,Titan Kazuhiro 鍾一弘,"幾時 八字命理 紫微 變了身心靈？
真是火雞當雞
熱狗是狗
為揾食的人可以幾亂噏一概而論",2025-11-16 01:55:00,命理師，八字五行格局、人類圖、脈輪調頻、系統排列,得過且過,business,skipped
kazuhirotitan,Titan Kazuhiro 鍾一弘,"地運  6789
運
運起市起 運轉 市滅絕。
6運 1970年香港去到20000間輕工業工廠
到7運1984年後
越執越多 或搬晒上廣東省
亞洲4小龍，在6運香港第一
到7運
香港最多歌星 最多日本百貨 日本牌子 日劇 日本卡通 日本文化 唱卡
卡啦ok 去到大聯盟11間對抗加洲紅redbox greenbox
全部在8運，2004年前 差不多無晒
天王去晒拍戲，天后離開、收山、抑鬱
最有代表性3位 死埋
8運
地產 資產起飛.. 住室公廈商廈舖，炒到去納米樓 納米舖 車位 迷你倉都賣埋
到9運
這班班炒家破產多 舖王遺產都破產
2010-2020最惡最大聲的富豪 現在破產出事
恒生都要被私制化
新世界也面臨資不抵債出事中
恒大地產更過不到2023
2025年正式火運
大量老字號執笠 包括外國牌子
crypto 爆升
ai 機械人 未來經濟的股市熱
離大虛 炒未來炒希望
騙局越來越多",2025-11-15 23:28:00,命理師，八字五行格局、人類圖、脈輪調頻、系統排列,得過且過,business,skipped
kazuhirotitan,Titan Kazuhiro 鍾一弘,"香港 6運 乾金
1970年 庚戌年
工廠去到起過20000間，成衣出口 超越英國
71-72年  辛亥年 壬子年
股票熱， 
由400點炒上 ，魚翅撈飯，全民皆股
炒到1973年癸丑 （金入墓）
股市由3月1773點，跌到年尾400點
到1974年 甲寅年
改革洗牌再來過
同7運99年科網股爆升 到01年911後，02年科網股爆破 
03年癸未，沙士，股市又跌谷底
但中國崛起
到04年甲申年，股市又再向上 升到2007年11月30000點。
在2009年己丑年跌到10676
到2011年 辛卯年 股市由升翻上21000多又跌過落14000。 12/13/14年 壬辰 癸巳 甲午 有水木火 跌唔落
2022 2023 2024 再次重演
直到2025年 純木火年再大上
經濟再差 但股市更升得快",2025-11-15 23:14:00,命理師，八字五行格局、人類圖、脈輪調頻、系統排列,得過且過,business,skipped
kazuhirotitan,Titan Kazuhiro 鍾一弘,"7運  行金 兌為澤
1984年至2003年
香港樂壇 80年代彈起，
1970年代，香港緐然流行英文歌 英國樂壇文化
（6運西北）
到84年紅館落成，樂壇開始起
90年代各大頒奬禮，各大籌款活動全都主題唱歌，斷壇歌星叫天王天后，無演員有這種稱呼。
97年 開始4台聯頒音樂奬，還有唱片公司旗艦奬..
（開始8運的炒埋一碟）
還有全民唱K
只要好唱，首歌同歌星就紅。
到2002，羅文走先
2003年 張國榮梅艷芳走埋
華星又走埋
mp3 在2000年開始 搞死唱片，連翻版市場都無埋。
然後中國入世貿 人民幣升
地產爆升  8運爆起
8運中
樂壇連4台割蓆
各自為政
最後港台連十大中文金曲都無埋
商台統一樂壇",2025-11-15 22:48:00,命理師，八字五行格局、人類圖、脈輪調頻、系統排列,得過且過,business,skipped
kazuhirotitan,Titan Kazuhiro 鍾一弘,"突然記起
8運
tvb 還搞了個tvb 8 channel
在1998年開始
到8運200幾年最盛行
到2017年玩完",2025-11-15 22:36:00,命理師，八字五行格局、人類圖、脈輪調頻、系統排列,得過且過,business,skipped
kazuhirotitan,Titan Kazuhiro 鍾一弘,"身心靈業界人士
早日醒覺
離開身心靈界
這個界「炒埋一碟」
已被玩爛
加上亂噏當秘笈無後果",2025-11-15 22:19:00,命理師，八字五行格局、人類圖、脈輪調頻、系統排列,得過且過,business,skipped
kazuhirotitan,Titan Kazuhiro 鍾一弘,"這就是marketing 有咁虛得咁虛
又",2025-11-15 22:10:00,命理師，八字五行格局、人類圖、脈輪調頻、系統排列,得過且過,business,skipped
kazuhirotitan,Titan Kazuhiro 鍾一弘,"100萬hktv 用戶
已足夠開展hktvnews
press media
online course system
online book
大陸咁多獨角獸公司
是借微信小程序上加 或微信支付中的服務上架
快速過億用戶 然後變獨角獸
大眾點評與美團
58同城
都這樣起家
不過香港人唔做
8達通肯做
地鐵早已升百倍
hktvmall 百萬人 又唔做
tvb可以把60年代致今的所有節目劇集
變free 平台任看，如香港版youtube咁
加入廣告平台
不過香港人 有得抄都唔抄..",2025-11-15 21:37:00,命理師，八字五行格局、人類圖、脈輪調頻、系統排列,得過且過,business,skipped
kazuhirotitan,Titan Kazuhiro 鍾一弘,"有人說 如果半年發500篇文章 就成功
講真
我一日都發十篇
問題是
如果只掉入fb thread ig
這半年500篇 也只變垃圾石沉大海",2025-11-15 21:27:00,命理師，八字五行格局、人類圖、脈輪調頻、系統排列,得過且過,business,skipped
kazuhirotitan,Titan Kazuhiro 鍾一弘,"現代社會
唔好隨便問人，因為你唔知他們的答案如何來
有人問完舊manulife agent 點claim 保險 教人去AIA claim 另一份保險。 然後claim 唔到
有人用自己經驗食環處經驗，去回答人警察怎處理
有人用mcdonald炸雞 去解答人kfc炸雞點整
有人用bno visa 概念解答別人正統英國移民問題
有人用西灣河大新某職員做法，解答人灣仔大新銀行點做
有人用香港快運機票內容形式 解答人香港航空的事...
現代
一概而論大把
隨便信人講2句
最後是自己出事",2025-11-15 20:51:00,命理師，八字五行格局、人類圖、脈輪調頻、系統排列,得過且過,business,skipped
kuosheng_tmlc,楊國生醫師--台南復健PRP早療,"讓直美醫師回去PGY會怎麼樣呢？
有當過兵的可以想像一下
出社會工作之後被抓回去再當兩年
差不多就是這種數饅頭混日子
部隊的事務得過且過
反正只要我平安退伍就好的感覺
這樣對病人真的有比較好嗎？",2025-11-19 23:57:00,"PRP 羊膜 高濃度葡萄糖增生
介入性疼痛治療
兒童早療
斜槓股科的復健科醫師",得過且過,business,skipped
kuosheng_tmlc,楊國生醫師--台南復健PRP早療,"AI 核彈 Gemini 3 炸裂！Alphabet (GOOG) 狂飆，巴菲特終於買進！
​$GOOGL 今天股價大漲絕非偶然！市場正在為兩大重磅消息慶祝：Google 的 AI 領先地位，以及 股神巴菲特的潛在入場。
​🚀 飆漲動能 1：AI 模型 Gemini 3
​賣點： 據傳 Gemini 3 實現了 真正的多模態，能同步處理文字、圖片、影片和音訊。這代表 Google 在 通用人工智慧 (AGI) 領域邁向決定性一步。
​變現： 這種能力將光速植入 Bard、Gmail、Docs，加速企業客戶採用 AI 服務。
​💰 飆漲動能 2：股神買進的邏輯
​巴菲特偏愛「有護城河的偉大公司」。GOOG 有搜尋、YouTube 和 Android 三大壟斷業務。
​股神可能認為，相較於其他巨頭，Google 的價值仍被低估。
​
​你認為 Gemini 3 能否超越對手？股神的入場會讓你跟進買入嗎？",2025-11-19 22:54:00,"PRP 羊膜 高濃度葡萄糖增生
介入性疼痛治療
兒童早療
斜槓股科的復健科醫師",得過且過,business,skipped
kuosheng_tmlc,楊國生醫師--台南復健PRP早療,"台股抽籤王！鴻勁 (7769) 轉上市，一張賺近80 萬的樂透！
鴻勁 (7769) 的興櫃轉上市案，堪稱史上最貴抽籤樂透。承銷價 $1,495 元，得事先放近150元在證券戶等待抽籤！
​🔬 鴻勁在做什麼？AI 晶片的「溫控守門員」
它不是做晶片，而是做IC 測試設備。專長是 主動溫控系統 (ATC)，負責在高溫下測試 $NVDA 等高功耗 AI/HPC 晶片。是確保 AI 晶片品質，切入全球供應鏈的關鍵角色。
​⚠️ 高價股的隱藏風險
​興櫃到上市這段的「價差」，不等於實際可落袋的獲利。
成交量、鎖單狀況、首日開盤情緒都會影響你的實際收益。
​
​📌 想抽要知道自己在抽什麼、風險在哪。不會如想像中「一抽就飛」",2025-11-17 13:01:00,"PRP 羊膜 高濃度葡萄糖增生
介入性疼痛治療
兒童早療
斜槓股科的復健科醫師",得過且過,business,skipped
kuosheng_tmlc,楊國生醫師--台南復健PRP早療,"💬 「醫師，類固醇打多真的會陽痿嗎？」
短答 ✔️：有可能。
長答 ✔️：跟「劑量＋頻率＋類型」有關。
不少人健身濫用合成代謝類固醇（Anabolic Steroids），但如果長期、大量、頻繁使用類固醇，可能會：
• 影響體內荷爾蒙調節
• 壓抑睪固酮
• 讓性慾下降、勃起功能變弱
更慘的是 ➜ 很多人症狀一出現才後悔。
但別被嚇到：正確、偶爾、低劑量使用的關節局部注射，通常不會造成陽痿。
如果使用合成代謝類固醇出現副作用也不是「永久壞掉」，調整用量跟時間，還是有機會恢復。
本文絕對沒有影射任何人",2025-11-15 14:13:00,"PRP 羊膜 高濃度葡萄糖增生
介入性疼痛治療
兒童早療
斜槓股科的復健科醫師",得過且過,business,skipped
kuosheng_tmlc,楊國生醫師--台南復健PRP早療,"facebook.com/share…
樂活大叔又調皮了",2025-11-15 10:02:00,"PRP 羊膜 高濃度葡萄糖增生
介入性疼痛治療
兒童早療
斜槓股科的復健科醫師",得過且過,business,skipped
kuosheng_tmlc,楊國生醫師--台南復健PRP早療,"AI 數據之王 Palantir (PLTR)：為何飆漲？為何 Burry 卻放空？
​$PLTR 股價在過去幾年上演了一場狂野的雲霄飛車，但《大賣空》傳奇投資人 Michael Burry 卻選擇在山頂上放空它。今天來解析這個充滿爭議的股票！
​
​🐻 Michael Burry 放空的原因：高估值的陷阱與歷史的重演
​Michael Burry 這次放空 $PLTR，讓市場想起了他在 2008 年次貸危機前的神操作。
​當時他準確預測房市崩盤並放空次貸證券，但在崩盤真正發生前，多頭的非理性狂熱讓他承受巨大壓力，他甚至被迫提前解散基金。
​華爾街擔憂 $PLTR 過去高昂的股票薪酬 (SBC) 和自由現金流波動，質疑其穩定盈利能否支撐當前估值。
​🔥 結論：空頭不死，多頭不止？
$PLTR 是一場關於「未來科技潛力」與「當前市場定價」的對決。但更重要的是，這次 Michael Burry 的重磅放空，是否預示著 「空頭不死，多頭不止」 的歷史將在 AI 泡沫中重演？
​你會跟著 Michael Burry 賣出，還是押注 Palantir 會成為數據時代的最終贏家？",2025-11-14 23:49:00,"PRP 羊膜 高濃度葡萄糖增生
介入性疼痛治療
兒童早療
斜槓股科的復健科醫師",得過且過,business,skipped
kuosheng_tmlc,楊國生醫師--台南復健PRP早療,"今天受台南市醫師公會邀請，在安平雅樂軒酒店參與 猛健樂（Mounjaro）減重治療 的專題分享。
本次講座由台大醫學系盧中允醫師主講，盧醫師現於 喜恩診所執業，與 悅齡復健科診所 正好相鄰。深入解析猛健樂在肥胖照護上的長期療效與最新臨床研究。從作用機轉、治療成效，到實際個案分享，內容紮實又具實務性。
肥胖治療正在進入全新的世代，正確的醫療資訊與專業監測，才能讓治療效果更安全、更穩定。",2025-11-14 13:13:00,"PRP 羊膜 高濃度葡萄糖增生
介入性疼痛治療
兒童早療
斜槓股科的復健科醫師",得過且過,business,skipped
kuosheng_tmlc,楊國生醫師--台南復健PRP早療,"米老鼠的生死線：Disney (DIS) 財報揭示串流媒體的盈利真相！
​$DIS 剛發布 Q4 財報，市場焦點全在串流媒體 Disney+ 什麼時候能賺錢？新 CEO Bob Iger 帶領下的轉型戰，結果是：有進展，但仍是豪賭。
​🔥 三大爆點，決定 Disney 價值：
Disney+ 雖然訂戶增長放緩，但虧損大幅收窄，正堅定走向盈利。這證明了提高訂閱費和削減內容成本的策略有效。
​主題樂園的印鈔機： 實體樂園部門（Parks）收入依然強勁，是目前集團最穩定的現金流發電機，用來填補串流媒體的虧損黑洞。
​內容與成本的抉擇： Iger 繼續大刀闊斧削減數十億美元成本，並重新聚焦內容質量。但這種瘦身是否會影響 Disney 最核心的「造夢能力」？
​📉 市場反應：
​雖然整體營收超預期，但投資者對轉型速度仍感焦慮，股價表現波動巨大。
市場在問：我們是在買一家媒體公司，還是一家科技公司？
​結論： Disney 的價值不在現在的淨利，而在於它能否成功從舊媒體帝國蛻變成串流巨頭。現在的股價，買的是對 Bob Iger 的信任票！",2025-11-13 23:33:00,"PRP 羊膜 高濃度葡萄糖增生
介入性疼痛治療
兒童早療
斜槓股科的復健科醫師",得過且過,business,skipped
kuosheng_tmlc,楊國生醫師--台南復健PRP早療,"黃仁勳專機今天即將降落台南機場
花園？武聖？小北？大東東？",2025-11-07 12:57:00,"PRP 羊膜 高濃度葡萄糖增生
介入性疼痛治療
兒童早療
斜槓股科的復健科醫師",得過且過,business,skipped
kuosheng_tmlc,楊國生醫師--台南復健PRP早療,"瘦瘦針被大砍藥價
藥廠執行長當場暈倒",2025-11-07 10:30:00,"PRP 羊膜 高濃度葡萄糖增生
介入性疼痛治療
兒童早療
斜槓股科的復健科醫師",得過且過,business,skipped
kuosheng_tmlc,楊國生醫師--台南復健PRP早療,"​【川普宣布瘦瘦針大降價！實施「最惠國待遇」定價】
​美國白宮發布文件，川普與製藥巨頭禮來和諾和諾德達成協議，為美國患者大幅降低藥價，確保美國人能享有其他已開發國家同等低價
​
​💊Ozempic（原價約 $1,000/月）和 Wegovy（原價約 $1,350/月）的價格將降至 $350/月。
​Zepbound 價格將降至平均約 $346/月。
​💸 健保與患者負擔減輕:
​保險支付的藥物價格將降至 $245/月。
​符合條件的 Medicare 受益人每月僅需支付 $50 共付額（co-pay）。
​🇺🇸 未來承諾與投資:
​兩家藥廠承諾對美國製造業進行數十億美元的重大投資，以確保藥品供應鏈安全。",2025-11-07 10:25:00,"PRP 羊膜 高濃度葡萄糖增生
介入性疼痛治療
兒童早療
斜槓股科的復健科醫師",得過且過,business,skipped
kuosheng_tmlc,楊國生醫師--台南復健PRP早療,"今天來點重量級的——META（Meta Platforms）。無論是FB IG還是你正在使用的Threads，都是這家公司的產品。
📊第三季財報亮眼，營收與淨利都雙雙超預期。AI 投入成效也開始反映在廣告表現上。
😂巴逆逆因為盈利被關，在高點出手狙擊，導致近日股價大跌。
👀META 接下來的看點：
AI 模型 Llama 3.2 的應用擴展
Reels 廣告變現效率
元宇宙部門 Reality Labs 燒錢能否收斂
你覺得 META 還能續攻，還是該先落袋？",2025-11-06 23:43:00,"PRP 羊膜 高濃度葡萄糖增生
介入性疼痛治療
兒童早療
斜槓股科的復健科醫師",得過且過,business,skipped
kuosheng_tmlc,楊國生醫師--台南復健PRP早療,"行政院終於比較清醒
懂得不要硬推新的補充保費政策
反觀鍾佳濱竟還想從海外投資收益吸血
有這麼不想選嗎？",2025-11-06 20:11:00,"PRP 羊膜 高濃度葡萄糖增生
介入性疼痛治療
兒童早療
斜槓股科的復健科醫師",得過且過,business,skipped
kuosheng_tmlc,楊國生醫師--台南復健PRP早療,"富邦悍將球團人事異動
陳昭如出任球團領隊
林威助升任執行副領隊
後藤光尊接任一軍總教練
邦迷期待的光哥來了
校長掰",2025-11-06 15:00:00,"PRP 羊膜 高濃度葡萄糖增生
介入性疼痛治療
兒童早療
斜槓股科的復健科醫師",得過且過,business,skipped
kuosheng_tmlc,楊國生醫師--台南復健PRP早療,"【玻尿酸，到底該吃的還是打的？】💧
退化性關節炎或關節疼痛的病友常問：「我吃的玻尿酸有用嗎？是不是要打進膝蓋才有效？」
其實——口服與注射玻尿酸，是不同層面的幫助。
✅ 口服玻尿酸
玻尿酸被腸道吸收能刺激身體產生玻尿酸與膠原蛋白，幫助關節滑液與軟骨修復。
👉 建議挑選每日劑量 40–80毫克 的專利玻尿酸產品，並持續補充 3 個月以上，效果較穩定。
💉 注射型玻尿酸
用於關節退化時，直接注入關節腔，補充滑液潤滑、減少摩擦。
常見注射體積為 2-4 mL / 次
分子量有差嗎？ 有！玻尿酸有不同分子大小，有些高分子號稱可以維持比較久，醫師會依據病況來選擇最適合的產品。
多久打一次？ 傳統的療程是連續打 3 到 5 次，每次間隔一週。現在也有些新型針劑可以延長到半年甚至更久才需要再打。
雙管齊下的策略
平時可口服玻尿酸保養，若疼痛或退化加劇，再搭配關節內注射治療，效果加乘。
✨讓關節重新滑順，不再「卡卡」地生活，是可以做到的！
#楊國生醫師 #悅齡復健科 #玻尿酸 #退化性關節炎 #膝蓋疼痛",2025-11-06 10:14:00,"PRP 羊膜 高濃度葡萄糖增生
介入性疼痛治療
兒童早療
斜槓股科的復健科醫師",得過且過,business,skipped
hello_o_21y,hello_o_21y,車禍的時候，急診室護理師說，要把沙石刷乾淨再消毒，才不會留疤，我希望創傷的記憶也可以大力刷平，劇痛一次就痊癒了。,2025-12-01 21:41:00,那些無處安放的創傷 就紀錄在這裡吧,得過且過,non_life,skipped
hello_o_21y,hello_o_21y,"以前經手我案件的班導、輔導老師、社工、爸媽，沒有一個人能真正接住我，試圖同理也不願意，我幾乎在他們身上看不到為我難過、憤怒的情緒。
我責怪自己沒有意識到最初的性騷擾、性暗示，讓他膽子大到抓著我不放，意圖侵犯我，但同時，我希望自己真的被侵犯，才有資格難過，才能大聲控訴他們的冷漠，才能理所當然的死掉。一切都得怪他最後沒有放進來，以至於我的痛苦都是無病呻吟，我無法成為一名完美的受害者。
當聽到身邊的人真正遭受嚴重性暴力，我能明白這真的是很不一樣的重量，但即便如此，我還是希望自己是個徹徹底底爛掉、髒掉的人。
好糟的想法，卻永遠無法停止。",2025-12-01 02:19:00,那些無處安放的創傷 就紀錄在這裡吧,得過且過,non_life,skipped
hello_o_21y,hello_o_21y,"以前輔導老師說：
「你那個不是憂鬱症，只是憂鬱情緒。」
但我已經出現自傷行為，而且沒有任何活下去的意念，未經精神科診斷，輔導老師也不是專業醫師，憑什麼隨意判斷學生病況？他認為家內猥褻不用通報，也覺得自傷不嚴重，但是卻告知家長，讓我在家的情況更險峻，我能活到現在沒被他害死真是命大。",2025-11-26 08:31:00,那些無處安放的創傷 就紀錄在這裡吧,得過且過,non_life,skipped
hello_o_21y,hello_o_21y,"任何關於性的犯罪，都不該從輕量刑。
沒有一個人會迫於無奈而性侵別人，也沒有人不觀看未成年性剝削影片就活不下去，這一切只是將慾望體現於犯罪之上，生而為人卻無法控制其行為，有什麼資格請求原諒與改過自新的機會？",2025-11-25 11:41:00,那些無處安放的創傷 就紀錄在這裡吧,得過且過,non_life,skipped
hello_o_21y,hello_o_21y,"黃子佼說自己童年不幸才會這麼扭曲
而他最後成為受害孩子童年的不幸",2025-11-25 06:10:00,那些無處安放的創傷 就紀錄在這裡吧,得過且過,non_life,skipped
hello_o_21y,hello_o_21y,"承認並且認可自己的痛苦，真的是好難的練習。每當得知有人的創傷是比我輕微的性騷擾，就會覺得我的痛苦是真實的。但遇到比我嚴重的性暴力，就會覺得我根本沒這麼嚴重，開始否定自己的感受，是不是我根本不該難過、不該崩潰、不該說我真的好痛苦。
可是傷痛不是比較出來，或是需要別人認同的事，只要你覺得痛，它就是痛。",2025-11-18 11:32:00,那些無處安放的創傷 就紀錄在這裡吧,得過且過,non_life,skipped
lucy__0710,陳祉菡,"雖然我個人平常比較常聽索尼音樂的歌手的作品
但最近發現不喜歡相信音樂的人不少（嗎？🤣
是什麼原因呀？真心好奇
我個人最近有固定在聽幾首魏嘉瑩、琳誼、黃霆睿的歌，說不上喜歡，但就是最近的小習慣 哈哈
為了交換答案，我也來說我不喜歡的唱片公司好了➡️福茂唱片（不是買魚丸的那個福茂喔🤣）
因為之前韋禮安解約的問題，我很不喜歡福茂那方的態度
禮安近幾年成立耀聲音樂（經紀）、加入索尼音樂（唱片），發展順利，雖然我覺得工作行程排的更緊湊，他也更累了，但他現在的忙碌與作品都讓我感受的出來他比在福茂時期時更加成熟與對自創音樂的熱愛，
重點是
自從他加入索尼之後妝髮服裝也更精緻，讓大家看見外表更完美的他
雖然我不喜歡福茂，但還是很感謝最初福茂唱片簽下了禮安，讓禮安有了空間及資源展現的他的唱作實力",2025-11-14 00:04:00,寫屬於自己心裡小廢文的地方,得過且過,not_enough_posts,skipped
mimi_cheryl,𝗖𝗵𝗲𝗿𝘆𝗹 𝗡𝗴,"Respect香港消防，唔止貓狗，龜龜同倉鼠都救出，感謝你哋🙏
🐹🐹搵緊主人，主人快啲出現啦",2025-11-27 23:22:00,🐻🦦🐶🐱🐹=♾️💪🏼,得過且過,non_life,skipped
mimi_cheryl,𝗖𝗵𝗲𝗿𝘆𝗹 𝗡𝗴,"莫須有
對唔住香港人保唔住你😢",2025-11-27 22:34:00,🐻🦦🐶🐱🐹=♾️💪🏼,得過且過,non_life,skipped
mimi_cheryl,𝗖𝗵𝗲𝗿𝘆𝗹 𝗡𝗴,"毛守有3隻暫託貓在宏昌閣906室未有消息，如有發現請聯絡69994221 (Kent)
此外Kent 現時在宏福苑附近，如需要任何協助都可以直接聯絡69994221(Kent)。",2025-11-27 12:52:00,🐻🦦🐶🐱🐹=♾️💪🏼,得過且過,non_life,skipped
mimi_cheryl,𝗖𝗵𝗲𝗿𝘆𝗹 𝗡𝗴,一環接一環嘅管理問題，引致今次嘅災難。用唔合規格嘅保護網、用發泡膠板去封窗，但係中間監管機構無任何巡查咩？而家先如夢初醒咁去拉人？,2025-11-27 04:23:00,🐻🦦🐶🐱🐹=♾️💪🏼,得過且過,non_life,skipped
mimi_cheryl,𝗖𝗵𝗲𝗿𝘆𝗹 𝗡𝗴,"淨係睇咗Now同Hoy新聞，Hoy做得好好多。
@nownewshk
@nownewshk
可唔可以cut咗小朋友訪問同blur返殉職消防員送院片段🙏 做新聞緊要，但都有返啲人性啦好無？",2025-11-26 19:51:00,🐻🦦🐶🐱🐹=♾️💪🏼,得過且過,non_life,skipped
mimi_cheryl,𝗖𝗵𝗲𝗿𝘆𝗹 𝗡𝗴,廣傳廣傳🙏,2025-11-26 18:40:00,🐻🦦🐶🐱🐹=♾️💪🏼,得過且過,non_life,skipped
mimi_cheryl,𝗖𝗵𝗲𝗿𝘆𝗹 𝗡𝗴,請廣傳🙏,2025-11-26 17:57:00,🐻🦦🐶🐱🐹=♾️💪🏼,得過且過,non_life,skipped
mimi_cheryl,𝗖𝗵𝗲𝗿𝘆𝗹 𝗡𝗴,"放棄了唯一的上訴機會，為了守護同伴重新回到惡魔的身邊是一個想想都會讓人瑟瑟發抖的決定，不管你是不是粉絲，我都希望您知道這不是一個輕易能做出的決定。
永支MHDHH",2025-11-21 01:55:00,🐻🦦🐶🐱🐹=♾️💪🏼,得過且過,non_life,skipped
kuosheng_tmlc,楊國生醫師--台南復健PRP早療,"林新體系那麼硬喔
復健科住滿一個月
不轉到同體系醫院
還要罰主治醫師10萬",2025-11-13 23:08:00,"PRP 羊膜 高濃度葡萄糖增生
介入性疼痛治療
兒童早療
斜槓股科的復健科醫師",得過且過,business,skipped
kuosheng_tmlc,楊國生醫師--台南復健PRP早療,"被迫複習基礎學科
除了IG上的容嬤嬤外
又多了新的學習標的",2025-11-13 00:54:00,"PRP 羊膜 高濃度葡萄糖增生
介入性疼痛治療
兒童早療
斜槓股科的復健科醫師",得過且過,business,skipped
kuosheng_tmlc,楊國生醫師--台南復健PRP早療,"Q3 財報驚艷！Circle (CRCL) 狂賺 2 億美元，股價卻暴跌？
​今天的主角是穩定幣 USDC 的發行商 Circle $CRCL。這支股剛交出了一份堪稱「夢幻」的成績單，結果市場反應卻是先跌7%！
​💰 數據多狂？
​淨利潤： Q3 淨利潤 $2.14 億美元，年增超過 200%，狠狠擊敗華爾街預期！
​USDC 規模： 流通中的 USDC 規模飆升至 $737 億美元，年增 108%，穩定幣市場佔有率提升至三成，僅落後泰達幣USDT。
​收入結構： 收入主要來自於 USDC 儲備金的利息收益，在利率維持高位的情況下，Circle 的賺錢能力強到可怕！
​📉 為什麼財報亮眼還暴跌？
​市場不看淨利，他們看的是 「未來投資」。儘管獲利驚人，Circle 卻上調了全年營運支出，從原來的 $4.9 億美元區間提高到 $5.1 億美元。
Circle 證明了 USDC 在全球支付和加密貨幣市場的強大印鈔能力。但同時，它也是一家高成長、高波動、高預期的新金融科技公司，面臨「高投入才能換取高市佔」的生存壓力。",2025-11-12 23:10:00,"PRP 羊膜 高濃度葡萄糖增生
介入性疼痛治療
兒童早療
斜槓股科的復健科醫師",得過且過,business,skipped
kuosheng_tmlc,楊國生醫師--台南復健PRP早療,"台大二招
兒科6名
外科2名",2025-11-12 10:14:00,"PRP 羊膜 高濃度葡萄糖增生
介入性疼痛治療
兒童早療
斜槓股科的復健科醫師",得過且過,business,skipped
kuosheng_tmlc,楊國生醫師--台南復健PRP早療,"CoreWeave (CRWV) 是 AI 淘金熱中最狂熱的賣鏟人！
CRWV專門提供 NVIDIA H100 等稀缺 GPU 算力租賃服務。
​
它為什麼能挑戰 AWS？
​AWS (Amazon Web Services) 是傳統雲端服務的龍頭，提供計算和儲存的通用服務。
而 CoreWeave 則專攻 GPU 算力，提供 AI 模型訓練所需的超高效能運算 (HPC)。
簡單來說：
​AWS： 什麼都賣的百貨公司。
​CRWV： 只賣最稀缺、最頂級 GPU 的專賣店。
​📈 數據爆炸，股價卻「震盪」？
​營收狂增： Q3 營收 $13.6 億，年增 134%，輕鬆超越預期！調整後 EBITDA 利潤率高達 61%。
​訂單逆天： 訂單積壓金額（Backlog）暴增至 $550 億美元以上！
​股價反應：儘管數據亮眼，但因資料中心延遲導致公司下調全年指引，股價立刻重挫逾13%！
​結論： CoreWeave 是 AI 泡沫論的縮影。基本面超強，但執行壓力巨大。
​你覺得 CRWV 能在 AI 算力領域挑戰 AWS 的地位嗎？還是雲端巨頭終將收割一切？",2025-11-11 23:28:00,"PRP 羊膜 高濃度葡萄糖增生
介入性疼痛治療
兒童早療
斜槓股科的復健科醫師",得過且過,business,skipped
kuosheng_tmlc,楊國生醫師--台南復健PRP早療,"猛健樂進貨懶人包
11／15之後訂貨付現沒有折扣
可能要先匯款才出貨
不見得能放四個月才匯款
以後不能透過禮來業務叫貨
只能透過裕利下單",2025-11-11 14:40:00,"PRP 羊膜 高濃度葡萄糖增生
介入性疼痛治療
兒童早療
斜槓股科的復健科醫師",得過且過,business,skipped
kuosheng_tmlc,楊國生醫師--台南復健PRP早療,"快閃記憶體巨人歸來！SanDisk (SNDK) 靠 AI 儲存血脈噴張！
​🔥 狠漲 50%！供應商的霸氣！
AI 資料中心對 NAND 快閃記憶體的需求大爆炸，導致市場嚴重供不應求。SanDisk 趁勢在 11 月將 NAND 合約價格大幅調漲 50%！這就是掌握稀缺技術的底氣。
​🚀 Q1 財報爆表 + 目標價上看 $300！
​營收、EPS 大幅超預期，資料中心營收季增 26%。​華爾街券商紛紛上調目標價，最高上看 300 美元。
​重點： NAND 缺貨潮預計將持續到 2027 年。SanDisk 賣的不只是記憶卡，是 AI 運算時代最核心的 「數據土地」！
​錯過 NVDA？現在來看 AI 儲存的龍頭 SNDK！",2025-11-10 23:00:00,"PRP 羊膜 高濃度葡萄糖增生
介入性疼痛治療
兒童早療
斜槓股科的復健科醫師",得過且過,business,skipped
kuosheng_tmlc,楊國生醫師--台南復健PRP早療,泫雅跳到一半昏倒了,2025-11-09 22:54:00,"PRP 羊膜 高濃度葡萄糖增生
介入性疼痛治療
兒童早療
斜槓股科的復健科醫師",得過且過,business,skipped
kuosheng_tmlc,楊國生醫師--台南復健PRP早療,恭喜FAKER六冠！,2025-11-09 20:09:00,"PRP 羊膜 高濃度葡萄糖增生
介入性疼痛治療
兒童早療
斜槓股科的復健科醫師",得過且過,business,skipped
kuosheng_tmlc,楊國生醫師--台南復健PRP早療,"電動車賽道裡「後起之秀」：Rivian。
📊 最新 Q3 財報：營收年增約 78％，達 ~15.6 億美元，且軟體／服務收入大增超過 300%。但每股虧損仍在 -0.65 美元左右。
🔥 成長亮點：
中階車款 R2 預計 2026 年推出，起價約 US$45,000，有望擴大客群。
固定基礎：自有充電網絡、自家車款平台＋製造產能地點佈局。
👇 要注意的地方：
EV 戰場已經兵家必爭，對手強、競爭激。
補貼／政策變動可能變成變數。
虧損還在，以及中階車款是否如期、如量、如質推出。
你覺得 Rivian 是「下一波翻身股」還是「潛在燒錢坑」？留言聊聊你的想法！",2025-11-07 22:46:00,"PRP 羊膜 高濃度葡萄糖增生
介入性疼痛治療
兒童早療
斜槓股科的復健科醫師",得過且過,business,skipped
mimi_cheryl,𝗖𝗵𝗲𝗿𝘆𝗹 𝗡𝗴,親愛的柄強話一燒就着嗰嘅係合規格，咁呢啲係咩？究竟邊個搞到香港連三線城市都不如？定係三線城市俾緊30億做工程？3.3億唔夠俾呢啲棚網？,2025-12-01 15:38:00,🐻🦦🐶🐱🐹=♾️💪🏼,得過且過,non_life,skipped
mimi_cheryl,𝗖𝗵𝗲𝗿𝘆𝗹 𝗡𝗴,本人非常支持民建聯，本身唔理係邊個總之係民建聯就投架啦。但而家出咗個黄碧嬌，冷血無良毫無廉恥喎，明明新聞都話係前一届法團簽嘅合約，佢都瀨晒落現届法團，如果民建聯仲保黄碧嬌唔割蓆，真係令支持者好失望😢,2025-12-01 14:52:00,🐻🦦🐶🐱🐹=♾️💪🏼,得過且過,non_life,skipped
mimi_cheryl,𝗖𝗵𝗲𝗿𝘆𝗹 𝗡𝗴,"係我嚟，個acc荒廢咗好耐，不是騙徒。
如果有朋友是或認識義工團體，有需要隨時話我知，劫後餘生不容易，發揮香港人精神，互相守望扶持🙏",2025-12-01 12:54:00,🐻🦦🐶🐱🐹=♾️💪🏼,得過且過,non_life,skipped
mimi_cheryl,𝗖𝗵𝗲𝗿𝘆𝗹 𝗡𝗴,搵豬仔🙏,2025-12-01 12:19:00,🐻🦦🐶🐱🐹=♾️💪🏼,得過且過,non_life,skipped
mimi_cheryl,𝗖𝗵𝗲𝗿𝘆𝗹 𝗡𝗴,祝願主人和寵物都平安、健康🙏,2025-12-01 11:40:00,🐻🦦🐶🐱🐹=♾️💪🏼,得過且過,non_life,skipped
mimi_cheryl,𝗖𝗵𝗲𝗿𝘆𝗹 𝗡𝗴,宏盛208龜龜搵主人,2025-11-30 23:06:00,🐻🦦🐶🐱🐹=♾️💪🏼,得過且過,non_life,skipped
mimi_cheryl,𝗖𝗵𝗲𝗿𝘆𝗹 𝗡𝗴,兩大人+一唐狗需要租住地方,2025-11-30 19:47:00,🐻🦦🐶🐱🐹=♾️💪🏼,得過且過,non_life,skipped
mimi_cheryl,𝗖𝗵𝗲𝗿𝘆𝗹 𝗡𝗴,宏志2907 魚魚搵主人,2025-11-30 15:02:00,🐻🦦🐶🐱🐹=♾️💪🏼,得過且過,non_life,skipped
mimi_cheryl,𝗖𝗵𝗲𝗿𝘆𝗹 𝗡𝗴,一切都係由一個「貪」字而引起，至於邊個有份貪、邊個最貪，相信大家心中有數。,2025-11-30 14:13:00,🐻🦦🐶🐱🐹=♾️💪🏼,得過且過,non_life,skipped
mimi_cheryl,𝗖𝗵𝗲𝗿𝘆𝗹 𝗡𝗴,宏盛1704，龜龜搵你呀,2025-11-30 14:00:00,🐻🦦🐶🐱🐹=♾️💪🏼,得過且過,non_life,skipped
mimi_cheryl,𝗖𝗵𝗲𝗿𝘆𝗹 𝗡𝗴,推，唔好俾佢沉🙏,2025-11-30 12:55:00,🐻🦦🐶🐱🐹=♾️💪🏼,得過且過,non_life,skipped
mimi_cheryl,𝗖𝗵𝗲𝗿𝘆𝗹 𝗡𝗴,香港人成世為層樓，然後樓供完仲要俾唔合理嘅天價維修費，反抗過但成個政府無人理，ICAC失蹤埋，建制派仲要幫手踩多你幾腳，最後唔俾就釘契唯有焗俾。攞埋積蓄去俾十幾萬維修費，俾啲唔個規格嘅防護網發泡膠圍住自己，結果屋企無咗、有啲屋企人都無埋，就算對個政府已經無希望，香港人都係想徹底查出事實嘅真相，就處處俾人阻撓。拆到成街嘅防護網話安全、有份建設成個香港嘅竹棚就俾人話危險要被取締、成班自發落場出錢出心出力嘅義工就俾人話非法集結、講多幾句就話國安法。大佬呀荒謬過大陸喎，大陸都搵啲高層嚟祭旗安撫下民心，香港係一邊講住大話呃人呃埋自己，再繼續大搖大擺搵市民笨，真係WTF￼🥲,2025-11-30 00:27:00,🐻🦦🐶🐱🐹=♾️💪🏼,得過且過,non_life,skipped
mimi_cheryl,𝗖𝗵𝗲𝗿𝘆𝗹 𝗡𝗴,麻煩大家推俾家屬，可能係小小嘅安慰🙏,2025-11-29 23:55:00,🐻🦦🐶🐱🐹=♾️💪🏼,得過且過,non_life,skipped
mimi_cheryl,𝗖𝗵𝗲𝗿𝘆𝗹 𝗡𝗴,要叫啲公公婆婆小心啲🙏,2025-11-29 17:31:00,🐻🦦🐶🐱🐹=♾️💪🏼,得過且過,non_life,skipped
mimi_cheryl,𝗖𝗵𝗲𝗿𝘆𝗹 𝗡𝗴,宏志樓寵物主人請聯絡愛協95036229,2025-11-29 14:21:00,🐻🦦🐶🐱🐹=♾️💪🏼,得過且過,non_life,skipped
mimi_cheryl,𝗖𝗵𝗲𝗿𝘆𝗹 𝗡𝗴,麻煩廣傳🙏,2025-11-29 11:36:00,🐻🦦🐶🐱🐹=♾️💪🏼,得過且過,non_life,skipped
mimi_cheryl,𝗖𝗵𝗲𝗿𝘆𝗹 𝗡𝗴,屋企對面棟大廈都未維修好，今朝一早就開始拆綠色防護網。想問局長點解咁安全都要拆嘅？明明唔關防護網事喎？,2025-11-29 11:25:00,🐻🦦🐶🐱🐹=♾️💪🏼,得過且過,non_life,skipped
mimi_cheryl,𝗖𝗵𝗲𝗿𝘆𝗹 𝗡𝗴,貴婦尋主人，狗狗已送往青衣愛協,2025-11-29 09:47:00,🐻🦦🐶🐱🐹=♾️💪🏼,得過且過,non_life,skipped
mimi_cheryl,𝗖𝗵𝗲𝗿𝘆𝗹 𝗡𝗴,有關受災動物救援update可以睇埋嚟到。希望宇宙發放更多奇蹟，更多生命可以從災場中被救出🙏,2025-11-29 00:55:00,🐻🦦🐶🐱🐹=♾️💪🏼,得過且過,non_life,skipped
mimi_cheryl,𝗖𝗵𝗲𝗿𝘆𝗹 𝗡𝗴,火災後寵物照顧留意：,2025-11-28 21:47:00,🐻🦦🐶🐱🐹=♾️💪🏼,得過且過,non_life,skipped
mimi_cheryl,𝗖𝗵𝗲𝗿𝘆𝗹 𝗡𝗴,無嘢補充。越嚟越荒謬嘅香港。,2025-11-28 12:57:00,🐻🦦🐶🐱🐹=♾️💪🏼,得過且過,non_life,skipped
mimi_cheryl,𝗖𝗵𝗲𝗿𝘆𝗹 𝗡𝗴,一個無能敗壞嘅政府，最唔願意見到嘅係市民嘅自發性同團結。,2025-11-28 08:54:00,🐻🦦🐶🐱🐹=♾️💪🏼,得過且過,non_life,skipped
jz_9303,嘎金,"煩躁
很煩躁
不會再心軟 
我只會更堅定自己的選擇是正確的",2025-12-02 10:07:00,情緒敏感的人很難一直快樂,煩躁,pass,non_depression_risk_user
jz_9303,嘎金,"我有多愛番茄炒蛋
很愛
恨不得便當三樣菜全部都番茄炒蛋",2025-12-02 03:26:00,情緒敏感的人很難一直快樂,煩躁,pass,non_depression_risk_user
jz_9303,嘎金,我不同意,2025-12-02 01:08:00,情緒敏感的人很難一直快樂,煩躁,pass,non_depression_risk_user
jz_9303,嘎金,干我現在才發現我這個禮拜四下午被排班,2025-12-02 00:34:00,情緒敏感的人很難一直快樂,煩躁,pass,non_depression_risk_user
jz_9303,嘎金,之後我臉紅不要說出來 因為我自己感受得到ㄏㄚˋ,2025-11-29 16:11:00,情緒敏感的人很難一直快樂,煩躁,pass,non_depression_risk_user
jz_9303,嘎金,我是天使,2025-11-26 02:40:00,情緒敏感的人很難一直快樂,煩躁,pass,non_depression_risk_user
jz_9303,嘎金,吃！！！,2025-11-26 00:40:00,情緒敏感的人很難一直快樂,煩躁,pass,non_depression_risk_user
jz_9303,嘎金,"我媽說要給我買新車欸
感覺有詐欸
她說她騎我的舊車 買新車給我
就很突然",2025-11-24 18:40:00,情緒敏感的人很難一直快樂,煩躁,pass,non_depression_risk_user
jz_9303,嘎金,邪術之一：化妝💄,2025-11-22 23:46:00,情緒敏感的人很難一直快樂,煩躁,pass,non_depression_risk_user
jz_9303,嘎金,"完蛋欸 今天調的病歷超多的
明天早上要歸到死掉了",2025-11-21 21:06:00,情緒敏感的人很難一直快樂,煩躁,pass,non_depression_risk_user
jz_9303,嘎金,"請淨化我的脆
妖魔鬼怪的ㄕㄨˊ請速速離開",2025-11-18 15:22:00,情緒敏感的人很難一直快樂,煩躁,pass,non_depression_risk_user
2828.vbv,快樂告解室💐👩🏻‍🎨 𓍲 生命靈數 𓍱,"跟大家分享一個故事
希望可以給一些對金錢焦慮
或想換工作還猶豫不決的人一些鼓勵！！！
其實⋯⋯原本沒勇氣分享
但口頭上一直在說身心靈
最首要的就是誠實自己 此時此刻的自己
當時僅剩存款好像三萬多而已
六月份裸職當了自由工作者
一邊接美甲一邊踏入自己喜歡的身心靈產業
從六月到現在每個月的收入只有一萬多（美甲的錢）（因為我只接自己的舊客人）
能量狀態好一點有兩個月顯化成功4、5萬（很神奇）
重點來了！！
每個月都有固定支出
房租加水電14500$哈哈哈
中間看了一場GD演唱會、去了一趟日本、換了一隻i17（好荒謬）、也沒有在省吃儉用⋯我還是活到了現在
（工作時數可能一週30小時）
（都是自己喜歡的事情，所以也不覺得在工作）￼
基本上生活85%都很開心
比當初薪水6、7萬還開心🤣🤣
有這麼大的轉變
1.做喜歡的事所以心情很好 能量會變好
2.一直都相信未來會賺很多錢（寫顯化日記）
3.一直都很感謝身邊的人事物（寫感恩日記）
4.捨得花錢在自己身上才能與有錢版本的你對頻
5.不嫌棄東西太貴、我知道他有他的價值（偶爾會不小心說好貴！但趕快轉念）
💖改變信念的時候，什麼神奇的事都會發生✨",2025-11-28 00:22:00,"❛塔羅୨୧生命靈數❜突破思維❛
在玄學的道路上 有你 有我 有理解🫧
願大家都越來越自在🧤
(IG跟脆發的東西有時候不太一樣哦）",覺得自己不重要,business,skipped
2828.vbv,快樂告解室💐👩🏻‍🎨 𓍲 生命靈數 𓍱,"youtu.be/pT3vr…
這集的含金量好高！做了滿滿的筆記
大家快去看😍😍",2025-11-27 23:30:00,"❛塔羅୨୧生命靈數❜突破思維❛
在玄學的道路上 有你 有我 有理解🫧
願大家都越來越自在🧤
(IG跟脆發的東西有時候不太一樣哦）",覺得自己不重要,business,skipped
2828.vbv,快樂告解室💐👩🏻‍🎨 𓍲 生命靈數 𓍱,"享受低潮、享受悲傷
因為在人生幾十年裡甚至靈魂幾千年中
你只有這一個刻 這個歲數的你 這個狀態的你
遇到這一個問題
這一場失戀、這一場分離、這一次失敗
下一次就不會再遇到了
即使又一次痛苦 情境也不同了
各位 請好好體驗吧！😙",2025-11-26 21:44:00,"❛塔羅୨୧生命靈數❜突破思維❛
在玄學的道路上 有你 有我 有理解🫧
願大家都越來越自在🧤
(IG跟脆發的東西有時候不太一樣哦）",覺得自己不重要,business,skipped
2828.vbv,快樂告解室💐👩🏻‍🎨 𓍲 生命靈數 𓍱,"我覺得最幸福的
不是￼￼身邊有很多人愛、￼很多錢花
而是像小貓小狗一樣 ￼懂得享受生活
享受當下的美食 米飯香噴噴的
享受當下的音樂 認真聽到耳朵懷孕
享受當下的天空 雲朵間的變化
享受當下的枕頭柔軟度 好好睡覺
享受當下真的很爽！！！٩(˃̶͈̀௰˂̶͈́)و",2025-11-26 19:42:00,"❛塔羅୨୧生命靈數❜突破思維❛
在玄學的道路上 有你 有我 有理解🫧
願大家都越來越自在🧤
(IG跟脆發的東西有時候不太一樣哦）",覺得自己不重要,business,skipped
2828.vbv,快樂告解室💐👩🏻‍🎨 𓍲 生命靈數 𓍱,"不知道大家的夢想是什麼！
我小時候想當獸醫、寵物訓練師、心理師
後來都沒當成
當了美甲師之後
現在當了生命靈數與塔羅師
雖然夢想都沒實現 不過我也很喜歡現在的生活
就是那種廢寢忘食的喜歡
協助大家找到方向是一個很大的成就感🧭
/
如果願意留言你的夢想
我也願意用生命靈數的角度給你一點方向🤩
（記得要加上完整的西元生日哦！）",2025-11-24 21:40:00,"❛塔羅୨୧生命靈數❜突破思維❛
在玄學的道路上 有你 有我 有理解🫧
願大家都越來越自在🧤
(IG跟脆發的東西有時候不太一樣哦）",覺得自己不重要,business,skipped
2828.vbv,快樂告解室💐👩🏻‍🎨 𓍲 生命靈數 𓍱,"9 號人在寫顯化願望或許願的時候
❗️❕特別要避開：「我要賺多少錢」這種 只聚焦在金錢數的語句。
因為 9 號人的能量很特別——
靈魂天生帶著大愛、利他、包容與奉獻精神。
當願望的焦點只放在「我想得到什麼」時，能量會卡住，甚至顯化速度變慢。
並不是 9 號人不能賺錢，而是方式與語言要符合自身特質能量。
⸻
✅ 9 號人的正確許願方式
把焦點放在 「透過我帶來的價值而獲得豐盛」。
例如：
✨「我以助人的方式流動豐盛。」
✨「我願意用我的能力帶給他人療癒、希望與支持，同時也吸引到宇宙的豐厚回報。」
✨「我帶來越多價值，宇宙就帶給我越多豐盛。」
✨「我吸引與我同頻的客戶，並因為支持他們而得到理想的收入。」
這些語句會讓 9 號人的能量打開，
宇宙會更容易把豐盛補給你——
因為你本質就是來「服務」、「療癒」、「提升集體」的人。",2025-11-24 21:24:00,"❛塔羅୨୧生命靈數❜突破思維❛
在玄學的道路上 有你 有我 有理解🫧
願大家都越來越自在🧤
(IG跟脆發的東西有時候不太一樣哦）",覺得自己不重要,business,skipped
2828.vbv,快樂告解室💐👩🏻‍🎨 𓍲 生命靈數 𓍱,"昨天看了一部影片
原來我們目標都沒達成 常常沒動力
是因為
我 與 未來的我 一點都不熟悉？
/
今天晚上就
寫一封信給一年後的你
你覺得他變成怎麼樣了？
外觀怎麼樣？生活怎麼樣？心情怎麼樣？
身體怎麼樣了？
/
你們是很好的朋友
所以你想為他做點什麼！
讓他更健康、更漂亮、更有錢、更自愛、生活在一個舒適的環境
/
並且與一年後的你說：「放心！我會讓你過上你想要的生活！」
/
這個習慣可以每天都寫一封
更輕鬆的與未來豐盛的你對接頻率🌷",2025-11-23 21:04:00,"❛塔羅୨୧生命靈數❜突破思維❛
在玄學的道路上 有你 有我 有理解🫧
願大家都越來越自在🧤
(IG跟脆發的東西有時候不太一樣哦）",覺得自己不重要,business,skipped
2828.vbv,快樂告解室💐👩🏻‍🎨 𓍲 生命靈數 𓍱,"如果你想變有錢 請先學會富養自己。
1.身體是你的本錢。
花多一點錢買對你有益的食材，是在投資未來的能量與行動力。
2.買東西不要將就。
對自己說：「我值得好的品質。」
你的價值感，會決定你能吸引的財富等級。
3.拒絕無效社交，把時間留給重要的人事物。
情緒越乾淨、頭腦越清楚，機會就越容易靠近你。
4.每天花一點時間閱讀。
你吸收的知識，都會在不知不覺中，變成你的財富磁場。
/
藏在潛意識裡的好習慣，它們會慢慢把現階段的你與更豐盛的你對接頻率。",2025-11-23 20:54:00,"❛塔羅୨୧生命靈數❜突破思維❛
在玄學的道路上 有你 有我 有理解🫧
願大家都越來越自在🧤
(IG跟脆發的東西有時候不太一樣哦）",覺得自己不重要,business,skipped
2828.vbv,快樂告解室💐👩🏻‍🎨 𓍲 生命靈數 𓍱,"生命靈數服務搭配的行動表格做好了 🤩💖
每次解盤完給了大家很多方法與龐大的資訊量
不知道大家吸收的如何🫨
那不如我做一個表格給你們！
回去照著做一個月後你會發現不一樣的自己",2025-11-23 18:06:00,"❛塔羅୨୧生命靈數❜突破思維❛
在玄學的道路上 有你 有我 有理解🫧
願大家都越來越自在🧤
(IG跟脆發的東西有時候不太一樣哦）",覺得自己不重要,business,skipped
2828.vbv,快樂告解室💐👩🏻‍🎨 𓍲 生命靈數 𓍱,"·為什麼人可以改變生活？改變人生？·
時間是人類制定的 未了方便生活
在與宇宙中「此時此刻」才是真的
無論是昨天或是前世的你、後天或十分鐘後的你
都是同時存在的 存在於同一個平時時空中
而在平行時空裡有好幾種版本的你
養狗的你、愛抱怨的你、頭髮漂亮的你、豐盛的你
而此時此刻 你可以決定想與哪一種版本的你對頻
/
就像電視機頻道
每一台都是同時存在的
在更高維度的靈魂可以看見全部內容
但在三維世界的我們
只能看我們轉到哪一台就看哪一台
/
所以就看「此時此刻」的你
想轉到哪一台、把能量放在哪裡？
過去辛苦的你、過去童年陰影的你、過去與同學互相分享零食的你、未來有錢的你、未來有一個大花園的你
/
這就是顯化 吸引力法則📩",2025-11-23 01:46:00,"❛塔羅୨୧生命靈數❜突破思維❛
在玄學的道路上 有你 有我 有理解🫧
願大家都越來越自在🧤
(IG跟脆發的東西有時候不太一樣哦）",覺得自己不重要,business,skipped
2828.vbv,快樂告解室💐👩🏻‍🎨 𓍲 生命靈數 𓍱,"最近跟客戶們發生好多共時性😆
也很感謝大家的信任 讓我有機會傳訊息給你們
/￼￼
昨天遇到一個8月購買生日書的客人
說：「我到現在還會時不時翻翻生日書」
：「看完真的能解釋為什麼我會有那些情緒」
￼/
這就是把靈魂使命當工作的感動吧🥹",2025-11-21 23:54:00,"❛塔羅୨୧生命靈數❜突破思維❛
在玄學的道路上 有你 有我 有理解🫧
願大家都越來越自在🧤
(IG跟脆發的東西有時候不太一樣哦）",覺得自己不重要,business,skipped
2828.vbv,快樂告解室💐👩🏻‍🎨 𓍲 生命靈數 𓍱,"每天都經過的小樹
草皮上面都是煙蒂跟垃圾🚬
感覺很難呼吸到新鮮空氣！！！
選了一個悠哉的下午到小北百貨買了夾子
夾了一袋的煙蒂 滿意🙂‍↕️
推薦大家如果最近心情悶悶的可以去夾一下垃圾
小北百貨的夾子才110$
可以換來一個豁然開朗🌞
（還接受到了兩個羽毛🪶🪶💖）",2025-11-21 14:54:00,"❛塔羅୨୧生命靈數❜突破思維❛
在玄學的道路上 有你 有我 有理解🫧
願大家都越來越自在🧤
(IG跟脆發的東西有時候不太一樣哦）",覺得自己不重要,business,skipped
2828.vbv,快樂告解室💐👩🏻‍🎨 𓍲 生命靈數 𓍱,"天蠍座新月🌒
一人一問～～來發送正能量了💖￼￼￼
留下一句正能量問題！+3個數字
Ex：這個禮拜有什麼好事發生🤩/493
什麼時候薪水破十萬😍/788",2025-11-21 00:32:00,"❛塔羅୨୧生命靈數❜突破思維❛
在玄學的道路上 有你 有我 有理解🫧
願大家都越來越自在🧤
(IG跟脆發的東西有時候不太一樣哦）",覺得自己不重要,business,skipped
2828.vbv,快樂告解室💐👩🏻‍🎨 𓍲 生命靈數 𓍱,這個世界有魔法🪄想像力就是你的超能力！,2025-11-20 01:29:00,"❛塔羅୨୧生命靈數❜突破思維❛
在玄學的道路上 有你 有我 有理解🫧
願大家都越來越自在🧤
(IG跟脆發的東西有時候不太一樣哦）",覺得自己不重要,business,skipped
2828.vbv,快樂告解室💐👩🏻‍🎨 𓍲 生命靈數 𓍱,"想問問大家有沒有推薦的Yt或Podcast 頻道🥹🫶🏼
任何主題都可以～謝謝✨",2025-11-19 00:33:00,"❛塔羅୨୧生命靈數❜突破思維❛
在玄學的道路上 有你 有我 有理解🫧
願大家都越來越自在🧤
(IG跟脆發的東西有時候不太一樣哦）",覺得自己不重要,business,skipped
2828.vbv,快樂告解室💐👩🏻‍🎨 𓍲 生命靈數 𓍱,"雖然大家常說要遠離負能量、減少內耗
但我更喜歡一種方法，主動幫助讓你負能量的人。
￼當我們主動當起「啟發者」，內心會更有力量，更容易擺脫「被害者」角色。
從‘’他讓我好累好煩‘’變成‘’我能怎麼幫他不那麼累、讓他生活更開心？‘’
這時候你會拿回生活主導權！！！！
/.
怎麼幫助較負能量的人，當他抱怨一件事情的時候￼，我們就像一面鏡子，￼主動詢問那你的心情如何？￼那你覺得從這件事情中領悟到什麼？
（最重要的是完全不帶任何意見以及情緒）
讓對方看見自己的情緒，最後結束話題。
（如果對方太負能量的話，話題可以5分鐘就結束了。）",2025-11-19 00:16:00,"❛塔羅୨୧生命靈數❜突破思維❛
在玄學的道路上 有你 有我 有理解🫧
願大家都越來越自在🧤
(IG跟脆發的東西有時候不太一樣哦）",覺得自己不重要,business,skipped
2828.vbv,快樂告解室💐👩🏻‍🎨 𓍲 生命靈數 𓍱,"2025年 
流年能量：健康、身心靈、療癒、夢想、理想化、斷捨離、因果世報。
在今年許多人靈性提升、顯化許願、離職過自己想要的生活、人際交友圈洗牌、開始注重健康、生死安全議題、放鬆產業（按摩、瑜珈、頌缽）、最有感的是！追星！抽盲盒！可愛小物！與夢想療癒有關、也有許多事實浮上檯面、好的不好的都浮現。
/
2026年（拜託不要打架）
流年能量：快速、展新的開始、￼原創獨特性、個人獨立性、以「我」為主、講話很重點式、￼火能量很強（小心火燭）。
明年會有許多新品牌出現、新風格的出現、常常覺得這個東西好特別？？、是以往都沒有看過的。
🔥火能量強￼￼￼￼也容易發成爭執、競爭意識、心平氣和不受他人的能量影響很重要(將會在亂世中游刃有餘）、可以多參加競賽活動。
還沒離職的朋友，明年會有新的一股衝勁，轉換跑道、換環境會是一個好能量￼。
Peace &Love!",2025-11-18 23:15:00,"❛塔羅୨୧生命靈數❜突破思維❛
在玄學的道路上 有你 有我 有理解🫧
願大家都越來越自在🧤
(IG跟脆發的東西有時候不太一樣哦）",覺得自己不重要,business,skipped
2828.vbv,快樂告解室💐👩🏻‍🎨 𓍲 生命靈數 𓍱,"做完官方的選單 好有成就感🤤💗
歡迎來大按特按😆",2025-11-18 22:53:00,"❛塔羅୨୧生命靈數❜突破思維❛
在玄學的道路上 有你 有我 有理解🫧
願大家都越來越自在🧤
(IG跟脆發的東西有時候不太一樣哦）",覺得自己不重要,business,skipped
2828.vbv,快樂告解室💐👩🏻‍🎨 𓍲 生命靈數 𓍱,"大家～免費的公益「生日命盤資詢」
活動名額：最後11位！！🌟
以個人生日數字解析
限定對象：對於工作迷茫、找不到自我定位、不知道該轉職還是該創業、自媒體該如何經營？￼￼￼￼￼
/
想參加的朋友 請私訊官方Line～",2025-11-18 14:30:00,"❛塔羅୨୧生命靈數❜突破思維❛
在玄學的道路上 有你 有我 有理解🫧
願大家都越來越自在🧤
(IG跟脆發的東西有時候不太一樣哦）",覺得自己不重要,business,skipped
2828.vbv,快樂告解室💐👩🏻‍🎨 𓍲 生命靈數 𓍱,大家最想要看幾號人的解析？！,2025-11-18 14:23:00,"❛塔羅୨୧生命靈數❜突破思維❛
在玄學的道路上 有你 有我 有理解🫧
願大家都越來越自在🧤
(IG跟脆發的東西有時候不太一樣哦）",覺得自己不重要,business,skipped
2828.vbv,快樂告解室💐👩🏻‍🎨 𓍲 生命靈數 𓍱,"1.感謝小我的提醒，讓我存在安全之中。
2.感謝小我的保護，讓我活到今天、此時此刻。
3.感謝小我的提醒，讓我與內在情緒對話。",2025-11-17 15:59:00,"❛塔羅୨୧生命靈數❜突破思維❛
在玄學的道路上 有你 有我 有理解🫧
願大家都越來越自在🧤
(IG跟脆發的東西有時候不太一樣哦）",覺得自己不重要,business,skipped
2828.vbv,快樂告解室💐👩🏻‍🎨 𓍲 生命靈數 𓍱,"原始設定真奇妙！！！！
不同工具 但都在說同一件事情
生命靈數：7號人
人類圖：投射者
八字：偏印
星盤：木星十二宮
全部一個結論 ：直覺準 熱愛觀察 特愛研究玄學🙂",2025-11-17 00:02:00,"❛塔羅୨୧生命靈數❜突破思維❛
在玄學的道路上 有你 有我 有理解🫧
願大家都越來越自在🧤
(IG跟脆發的東西有時候不太一樣哦）",覺得自己不重要,business,skipped
2828.vbv,快樂告解室💐👩🏻‍🎨 𓍲 生命靈數 𓍱,"今天天氣好好！
一人一問！
「問題」+「隨意的兩碼數字」
Ex.我應該換什麼工作？43. 謝謝～
禮貌請帶上 能量才會被珍惜💖
/
底下慢慢回覆大家～
 (不想讓大家看見你的內容￼￼可以隱藏留言哦）",2025-11-15 12:18:00,"❛塔羅୨୧生命靈數❜突破思維❛
在玄學的道路上 有你 有我 有理解🫧
願大家都越來越自在🧤
(IG跟脆發的東西有時候不太一樣哦）",覺得自己不重要,business,skipped
2828.vbv,快樂告解室💐👩🏻‍🎨 𓍲 生命靈數 𓍱,"早安！大家🌞
今天天氣很好 適合出去走走
體驗陽光溫度灑落在皮膚上
加上微微吹來的風
會是剛剛的溫度
可以一個人什麼都不想
到公園散散步
或選一家隨意的咖啡店獨處
也可以約一下
和你相處舒服的人
邀請他與你一起體驗陽光
享受今天的溫度
哦對了
曬太陽有助於補充能量哦
是關於我們人體的陽氣
可以讓人類在工作上更有方向感
一步一步改善拖延症
Have a good day !",2025-11-15 12:02:00,"❛塔羅୨୧生命靈數❜突破思維❛
在玄學的道路上 有你 有我 有理解🫧
願大家都越來越自在🧤
(IG跟脆發的東西有時候不太一樣哦）",覺得自己不重要,business,skipped
2828.vbv,快樂告解室💐👩🏻‍🎨 𓍲 生命靈數 𓍱,"我蠻常順利顯化的路邊車停位的
會在停車前一分鐘請停車位女神幫忙😆
好幾次都是別人剛好離開的車位
/￼
不過很好奇
是在這一分鐘內 停車位女神跟高我安排好的位子？
還是在出門前早已安排好幾點幾分遇到紅燈？
哪一時間點？要走哪一條路？
￼「我要在這一刻遇到這個車位」？？
然後那個人也被安排好要在這個時間點離開？？
/
一切都好￼疑惑？！",2025-11-15 00:00:00,"❛塔羅୨୧生命靈數❜突破思維❛
在玄學的道路上 有你 有我 有理解🫧
願大家都越來越自在🧤
(IG跟脆發的東西有時候不太一樣哦）",覺得自己不重要,business,skipped
