username,display_name,post_content,post_date,bio,gemini_account_type_result,human_account_type_result,gemini_user_status_label,human_user_status_label
anthony_110173,anthony_110173,新年快樂🎉,2026-01-01 00:45:00,"16種人格 ISFP
台北人 從事餐飲業
希望在這能交朋友",not_enough_posts,,skipped,
guangcai60,guangcai60,"回顧2025這一年
認識很多攝影同好
豐富生活與攝影知識
那就繼續前往下一站
2025➡️2026
祝福廣大脆友們
2026新年快樂❤️✨
平安喜樂 一切安好",2025-12-30 10:51:00,單純享受攝影樂趣,pass,,non_depression_risk_user,
guangcai60,guangcai60,"大崙山清湯掛麵（搞錯是太陽星芒🤣）
夕陽火燒雲很美
#拍照意外插曲～遇到一位大姐
差點把我的相機收走了
這位大姐見如此美景
興奮的跳躍，結果一個不小心跌倒
差點掉下去茶園
還好眼明手快左手扶著我的相機
右手抓著那位大姐 人機均安
我嚇出一身冷汗😓
2025.12.28拍攝",2025-12-29 16:24:00,單純享受攝影樂趣,pass,,non_depression_risk_user,
guangcai60,guangcai60,"琉璃夜第二波
黑洞成型後的
七彩雲浪之舞❤️✨
2025.12.26（22:00）拍攝",2025-12-29 08:37:00,單純享受攝影樂趣,pass,,non_depression_risk_user,
guangcai60,guangcai60,"頂著低溫10度低溫
在阿里山頂石棹
有幸一夜見到二波不同色調
琉璃渦旋（黑洞）形成🤩
2025.12.26（21:50）拍攝",2025-12-27 17:21:00,單純享受攝影樂趣,pass,,non_depression_risk_user,
guangcai60,guangcai60,"頂石棹夜琉璃仙境
2025.12.26拍攝",2025-12-27 10:07:00,單純享受攝影樂趣,pass,,non_depression_risk_user,
guangcai60,guangcai60,"12/25今日139縣道
好熱鬧😎❤️✨",2025-12-25 22:51:00,單純享受攝影樂趣,pass,,non_depression_risk_user,
guangcai60,guangcai60,"#冬至
日落火燒雲
2025.12.21拍攝",2025-12-21 22:53:00,單純享受攝影樂趣,pass,,non_depression_risk_user,
guangcai60,guangcai60,"大崙山斜射光芒秀
今日小燒日落雲海
❤️✨
2025.12.21拍攝",2025-12-21 18:04:00,單純享受攝影樂趣,pass,,non_depression_risk_user,
guangcai60,guangcai60,下班小確幸,2025-12-18 17:29:00,單純享受攝影樂趣,pass,,non_depression_risk_user,
yo_yomo628,葉柚萌 YOYOMO,"2025
離開了原以為能同行一生、三觀一致的
人生旅伴（亦或是朋友？
當失望累積到無法忽視
人做出的選擇，往往只是為了止痛
後來我理解到
關係即使沒有走到最後
也不代表過程全然錯誤
承諾被打破，是對方的選擇
信任一旦失去，便無法復原
這是現實，不應該讓情緒如此極端
2026 新的一年
願我們都能保留界線、保持清醒
把時間與心力，留給對你來說值得的人
祝大家新年快樂💖 愛大家兩萬年🥳！！！",2026-01-01 00:44:00,"我是限動狂 想我要去IG才看得見我
ADHD & ENFP 的快樂修勾🐶
𝐇𝐲𝐩𝐞𝐫 𝐋𝐚𝐛 𝟐𝟖煥膚保養｜吃我下麵乾拌麵
-
我有錯字強迫症不要打錯字 在再 因應 的得 阿啊
牠：動物
它：無生命、植物
她：女生
他：男生
祂：鬼或神",not_enough_posts,,skipped,
yo_yomo628,葉柚萌 YOYOMO,媽媽我26歲惹，妳講的我都豬道(;´༎ຶД༎ຶ`),2025-12-20 20:47:00,"我是限動狂 想我要去IG才看得見我
ADHD & ENFP 的快樂修勾🐶
𝐇𝐲𝐩𝐞𝐫 𝐋𝐚𝐛 𝟐𝟖煥膚保養｜吃我下麵乾拌麵
-
我有錯字強迫症不要打錯字 在再 因應 的得 阿啊
牠：動物
它：無生命、植物
她：女生
他：男生
祂：鬼或神",not_enough_posts,,skipped,
munich._.1016,Munich._.,"阿基超可愛的啦～
還有肚臍欸 HSO",2026-01-01 00:06:00,"愚者千面、浮世を遊び尽くさん…答え、見つけてごらん？
愚者千面 遊戲人間 你會找到答案嗎？
煌Kirali激推 崩鐵好好玩",non_life,,skipped,
munich._.1016,Munich._.,各位新年快樂～,2026-01-01 00:04:00,"愚者千面、浮世を遊び尽くさん…答え、見つけてごらん？
愚者千面 遊戲人間 你會找到答案嗎？
煌Kirali激推 崩鐵好好玩",non_life,,skipped,
munich._.1016,Munich._.,棒賽姿勢 有夠可愛,2025-12-31 23:24:00,"愚者千面、浮世を遊び尽くさん…答え、見つけてごらん？
愚者千面 遊戲人間 你會找到答案嗎？
煌Kirali激推 崩鐵好好玩",non_life,,skipped,
munich._.1016,Munich._.,怎麼還跪地了ww,2025-12-31 23:02:00,"愚者千面、浮世を遊び尽くさん…答え、見つけてごらん？
愚者千面 遊戲人間 你會找到答案嗎？
煌Kirali激推 崩鐵好好玩",non_life,,skipped,
munich._.1016,Munich._.,"這是什麼邪教儀式 好抽象
好愛",2025-12-31 23:00:00,"愚者千面、浮世を遊び尽くさん…答え、見つけてごらん？
愚者千面 遊戲人間 你會找到答案嗎？
煌Kirali激推 崩鐵好好玩",non_life,,skipped,
munich._.1016,Munich._.,我愛烤矮袋鼠,2025-12-31 22:49:00,"愚者千面、浮世を遊び尽くさん…答え、見つけてごらん？
愚者千面 遊戲人間 你會找到答案嗎？
煌Kirali激推 崩鐵好好玩",non_life,,skipped,
munich._.1016,Munich._.,"我的一條載具
掉在路上消失了🥲",2025-12-31 22:45:00,"愚者千面、浮世を遊び尽くさん…答え、見つけてごらん？
愚者千面 遊戲人間 你會找到答案嗎？
煌Kirali激推 崩鐵好好玩",non_life,,skipped,
munich._.1016,Munich._.,"看他開心得像個孩子
再看他傷心的像隻矮袋鼠",2025-12-31 22:19:00,"愚者千面、浮世を遊び尽くさん…答え、見つけてごらん？
愚者千面 遊戲人間 你會找到答案嗎？
煌Kirali激推 崩鐵好好玩",non_life,,skipped,
munich._.1016,Munich._.,？？？,2025-12-31 22:08:00,"愚者千面、浮世を遊び尽くさん…答え、見つけてごらん？
愚者千面 遊戲人間 你會找到答案嗎？
煌Kirali激推 崩鐵好好玩",non_life,,skipped,
munich._.1016,Munich._.,超好笑 春日影歌詞剛好有Kirali,2025-12-31 22:07:00,"愚者千面、浮世を遊び尽くさん…答え、見つけてごらん？
愚者千面 遊戲人間 你會找到答案嗎？
煌Kirali激推 崩鐵好好玩",non_life,,skipped,
munich._.1016,Munich._.,太感動了 100了,2025-12-31 17:41:00,"愚者千面、浮世を遊び尽くさん…答え、見つけてごらん？
愚者千面 遊戲人間 你會找到答案嗎？
煌Kirali激推 崩鐵好好玩",non_life,,skipped,
munich._.1016,Munich._.,"這個稱號倒是非常符合？
錢包殺手基基狂粉",2025-12-31 00:23:00,"愚者千面、浮世を遊び尽くさん…答え、見つけてごらん？
愚者千面 遊戲人間 你會找到答案嗎？
煌Kirali激推 崩鐵好好玩",non_life,,skipped,
munich._.1016,Munich._.,啊啊啊好好看啊,2025-12-30 07:42:00,"愚者千面、浮世を遊び尽くさん…答え、見つけてごらん？
愚者千面 遊戲人間 你會找到答案嗎？
煌Kirali激推 崩鐵好好玩",non_life,,skipped,
munich._.1016,Munich._.,阿基周邊+1..？,2025-12-28 15:05:00,"愚者千面、浮世を遊び尽くさん…答え、見つけてごらん？
愚者千面 遊戲人間 你會找到答案嗎？
煌Kirali激推 崩鐵好好玩",non_life,,skipped,
munich._.1016,Munich._.,也是找到阿基的窩了,2025-12-28 13:43:00,"愚者千面、浮世を遊び尽くさん…答え、見つけてごらん？
愚者千面 遊戲人間 你會找到答案嗎？
煌Kirali激推 崩鐵好好玩",non_life,,skipped,
munich._.1016,Munich._.,"不要這樣嚇我啊
還好我的基拉利們都站的穩穩的",2025-12-27 23:15:00,"愚者千面、浮世を遊び尽くさん…答え、見つけてごらん？
愚者千面 遊戲人間 你會找到答案嗎？
煌Kirali激推 崩鐵好好玩",non_life,,skipped,
munich._.1016,Munich._.,"我對不起教授廚
畫質又崩了",2025-12-27 18:11:00,"愚者千面、浮世を遊び尽くさん…答え、見つけてごらん？
愚者千面 遊戲人間 你會找到答案嗎？
煌Kirali激推 崩鐵好好玩",non_life,,skipped,
munich._.1016,Munich._.,謝謝煌基基女士讓我在半夜2.看到這種優質內容,2025-12-26 02:31:00,"愚者千面、浮世を遊び尽くさん…答え、見つけてごらん？
愚者千面 遊戲人間 你會找到答案嗎？
煌Kirali激推 崩鐵好好玩",non_life,,skipped,
munich._.1016,Munich._.,"抱歉錢包君
你再撐一下",2025-12-25 23:46:00,"愚者千面、浮世を遊び尽くさん…答え、見つけてごらん？
愚者千面 遊戲人間 你會找到答案嗎？
煌Kirali激推 崩鐵好好玩",non_life,,skipped,
munich._.1016,Munich._.,這張阿基的姿勢 HSO,2025-12-25 23:20:00,"愚者千面、浮世を遊び尽くさん…答え、見つけてごらん？
愚者千面 遊戲人間 你會找到答案嗎？
煌Kirali激推 崩鐵好好玩",non_life,,skipped,
munich._.1016,Munich._.,呃呃呃呃呃好可愛啊啊啊啊啊,2025-12-25 22:53:00,"愚者千面、浮世を遊び尽くさん…答え、見つけてごらん？
愚者千面 遊戲人間 你會找到答案嗎？
煌Kirali激推 崩鐵好好玩",non_life,,skipped,
munich._.1016,Munich._.,我是盤子,2025-12-25 22:37:00,"愚者千面、浮世を遊び尽くさん…答え、見つけてごらん？
愚者千面 遊戲人間 你會找到答案嗎？
煌Kirali激推 崩鐵好好玩",non_life,,skipped,
munich._.1016,Munich._.,"賭一把會是阿基的
沒出就…
再找人換吧🫠
祝我好運",2025-12-25 21:27:00,"愚者千面、浮世を遊び尽くさん…答え、見つけてごらん？
愚者千面 遊戲人間 你會找到答案嗎？
煌Kirali激推 崩鐵好好玩",non_life,,skipped,
munich._.1016,Munich._.,越來越豐富了,2025-12-24 08:03:00,"愚者千面、浮世を遊び尽くさん…答え、見つけてごらん？
愚者千面 遊戲人間 你會找到答案嗎？
煌Kirali激推 崩鐵好好玩",non_life,,skipped,
munich._.1016,Munich._.,"youtube.com/short…
我不行了這太癲了",2025-12-22 22:51:00,"愚者千面、浮世を遊び尽くさん…答え、見つけてごらん？
愚者千面 遊戲人間 你會找到答案嗎？
煌Kirali激推 崩鐵好好玩",non_life,,skipped,
munich._.1016,Munich._.,看到的時候非常的激動哈（？,2025-12-22 18:48:00,"愚者千面、浮世を遊び尽くさん…答え、見つけてごらん？
愚者千面 遊戲人間 你會找到答案嗎？
煌Kirali激推 崩鐵好好玩",non_life,,skipped,
munich._.1016,Munich._.,"小小煌好可愛
還有超過動的尾巴",2025-12-22 16:27:00,"愚者千面、浮世を遊び尽くさん…答え、見つけてごらん？
愚者千面 遊戲人間 你會找到答案嗎？
煌Kirali激推 崩鐵好好玩",non_life,,skipped,
munich._.1016,Munich._.,"補兌啊最後那個單人座就是赤裸裸的刀子啊啊啊啊
我快哭死",2025-12-22 00:02:00,"愚者千面、浮世を遊び尽くさん…答え、見つけてごらん？
愚者千面 遊戲人間 你會找到答案嗎？
煌Kirali激推 崩鐵好好玩",non_life,,skipped,
munich._.1016,Munich._.,好好笑 被宵先生的顯示錯誤控了半小時才解出來（但沒往後拉也是我的疏失,2025-12-21 01:40:00,"愚者千面、浮世を遊び尽くさん…答え、見つけてごらん？
愚者千面 遊戲人間 你會找到答案嗎？
煌Kirali激推 崩鐵好好玩",non_life,,skipped,
munich._.1016,Munich._.,"子午計畫聖誕快樂～
你別說看到這個的第一反應還真的是基基基基ww",2025-12-20 23:37:00,"愚者千面、浮世を遊び尽くさん…答え、見つけてごらん？
愚者千面 遊戲人間 你會找到答案嗎？
煌Kirali激推 崩鐵好好玩",non_life,,skipped,
munich._.1016,Munich._.,米哈遊我跟你沒完,2025-12-20 17:29:00,"愚者千面、浮世を遊び尽くさん…答え、見つけてごらん？
愚者千面 遊戲人間 你會找到答案嗎？
煌Kirali激推 崩鐵好好玩",non_life,,skipped,
munich._.1016,Munich._.,只能說YT更新有夠抽象,2025-12-20 13:57:00,"愚者千面、浮世を遊び尽くさん…答え、見つけてごらん？
愚者千面 遊戲人間 你會找到答案嗎？
煌Kirali激推 崩鐵好好玩",non_life,,skipped,
rojasagustina21,Agustina Rojas,Lo manifiesto🤞🏻🍀,2025-12-31 23:04:00,"Concordia, Entre Ríos
♋️21/06",pass,,non_depression_risk_user,
rojasagustina21,Agustina Rojas,"Es increíble como la vida te da señales, es algo de no creer. Como me está dando señales sobre la iglesia 🤍 en momento de mucho dolor y angustia",2025-12-31 23:03:00,"Concordia, Entre Ríos
♋️21/06",pass,,non_depression_risk_user,
rojasagustina21,Agustina Rojas,"Qué irónico… tanto querías que yo aprendiera a convivir con mi soledad para hacerme más fuerte, y hoy sos vos quien no puede estar solo, buscando llenarla con otras personas para no tener que enfrentarla. En cambio, yo sí aprendí a estar con mi soledad, porque no necesito tapar ningún vacío con alguien más.",2025-12-31 06:28:00,"Concordia, Entre Ríos
♋️21/06",pass,,non_depression_risk_user,
rojasagustina21,Agustina Rojas,POR FAVOR 🙏🏻,2025-12-30 19:55:00,"Concordia, Entre Ríos
♋️21/06",pass,,non_depression_risk_user,
rojasagustina21,Agustina Rojas,"Siempre llega algo/alguien mejor. SIEMPRE
Solo confía en el proceso…",2025-12-30 12:49:00,"Concordia, Entre Ríos
♋️21/06",pass,,non_depression_risk_user,
rojasagustina21,Agustina Rojas,"No se sacrifiquen por nadie, la del proceso y la que acompaña en todo siempre sale perdiendo y más aún cuando él no sabe lo que quiere para su futuro…",2025-12-30 01:16:00,"Concordia, Entre Ríos
♋️21/06",pass,,non_depression_risk_user,
rojasagustina21,Agustina Rojas,"No me vinculen con ninguno, el que quiero ya no lo voy a buscar nunca.",2025-12-29 11:29:00,"Concordia, Entre Ríos
♋️21/06",pass,,non_depression_risk_user,
rojasagustina21,Agustina Rojas,La tranquilidad que sentis después de una lloradita y mentalizarte de que te mereces alguien mucho mejor 😮‍💨😊,2025-12-29 07:02:00,"Concordia, Entre Ríos
♋️21/06",pass,,non_depression_risk_user,
rojasagustina21,Agustina Rojas,"Él NO ES PARA MI, ÉL NO SUMA EN MI VIDA, YO VOY A ESTAR BIEN….",2025-12-29 02:58:00,"Concordia, Entre Ríos
♋️21/06",pass,,non_depression_risk_user,
rojasagustina21,Agustina Rojas,Para algunos “hombres” perder a una mujer increíble es un alivio. Porque ahora pueden seguir siendo mediocres sin la presión de ser mejores.,2025-12-28 22:48:00,"Concordia, Entre Ríos
♋️21/06",pass,,non_depression_risk_user,
rojasagustina21,Agustina Rojas,Ojalá y la nueva chica te ayude con tus tormentos que vienen desde chico… Espero a ella no la lastimes de la misma manera que lo hiciste conmigo,2025-12-28 22:15:00,"Concordia, Entre Ríos
♋️21/06",pass,,non_depression_risk_user,
rojasagustina21,Agustina Rojas,Solo dios y el tiempo saben el porque te sacaron de mi vida…,2025-12-28 15:22:00,"Concordia, Entre Ríos
♋️21/06",pass,,non_depression_risk_user,
rojasagustina21,Agustina Rojas,Te voy a superar. Así me tenga que arrancar el corazón del pecho pero lo voy hacer. Porque alguien que ama no lastima de esa manera y vos claramente me lastimaste mucho; y ese tipo de persona no es lo que yo quiero para el resto de mi vida.,2025-12-28 15:18:00,"Concordia, Entre Ríos
♋️21/06",pass,,non_depression_risk_user,
rojasagustina21,Agustina Rojas,"Tanto amor decías tenernos y en un mes ya tenes a alguien mas para hacer tu vida. 
No entiendo como los varones pueden ser tan fríos con las personas que lo amaron tanto 💔",2025-12-28 02:43:00,"Concordia, Entre Ríos
♋️21/06",pass,,non_depression_risk_user,
rojasagustina21,Agustina Rojas,"Nunca quise alejarme de vos, pero seamos sinceros, vos no querías que yo me quedara",2025-12-19 11:56:00,"Concordia, Entre Ríos
♋️21/06",pass,,non_depression_risk_user,
rojasagustina21,Agustina Rojas,"No tenes idea de cuánto te extraño. Realmente quería que fueras vos la última persona con la que estuviera en mi vida. Soñaba con quedarme a tu lado pase lo que pase, en las buenas y en las malas. Tenía tantos planes con vos… Pero a veces las cosas no sales como uno quisiera y eso es lo que mas me duele.",2025-12-18 12:20:00,"Concordia, Entre Ríos
♋️21/06",pass,,non_depression_risk_user,
fashosanda,塵瑜落晏,這麼冷的冬天泡溫泉真的好爽啊啊啊,2025-12-26 21:07:00,"芋圓 
靠杯一堆大小事
勵志千粉",pass,,non_depression_risk_user,
fashosanda,塵瑜落晏,"我的聖誕禮物
就只是廢在家一整天而已",2025-12-25 18:04:00,"芋圓 
靠杯一堆大小事
勵志千粉",pass,,non_depression_risk_user,
fashosanda,塵瑜落晏,"All I want for Christmas....
Is you❤️",2025-12-25 00:08:00,"芋圓 
靠杯一堆大小事
勵志千粉",pass,,non_depression_risk_user,
fashosanda,塵瑜落晏,"明明是我家附近的公園
卻有種夢核感",2025-12-24 22:23:00,"芋圓 
靠杯一堆大小事
勵志千粉",pass,,non_depression_risk_user,
fashosanda,塵瑜落晏,"看了看這幾天發生的事
我只能說很失望
台灣對殺人犯真的過度保護
對善良的人卻是一再的打壓
活在這個不公平的世界
你們一定很辛苦吧",2025-12-24 07:51:00,"芋圓 
靠杯一堆大小事
勵志千粉",pass,,non_depression_risk_user,
fashosanda,塵瑜落晏,好酷，脆首頁最上面會下雪,2025-12-23 07:20:00,"芋圓 
靠杯一堆大小事
勵志千粉",pass,,non_depression_risk_user,
fashosanda,塵瑜落晏,"禮拜四剛剛跟我說只有他放很孤單
所以我打算私下找禮拜五一起放假",2025-12-22 23:24:00,"芋圓 
靠杯一堆大小事
勵志千粉",pass,,non_depression_risk_user,
fashosanda,塵瑜落晏,"願平安
除了警覺意識提高
也可以帶雨傘防身
長度可以拉開距離
開傘可以遮蔽視線
希望大家都能保護自己。
感覺最近都很不安全
天佑台灣。",2025-12-19 21:55:00,"芋圓 
靠杯一堆大小事
勵志千粉",pass,,non_depression_risk_user,
fashosanda,塵瑜落晏,超好笑求作者精神狀態,2025-12-18 07:47:00,"芋圓 
靠杯一堆大小事
勵志千粉",pass,,non_depression_risk_user,
___aagesde____plour,𝑬𝒗𝒆𝒍𝒚𝒏,現在只有六個耳洞了哭哭,2025-12-31 16:56:00,我獨自生活,pass,,non_depression_risk_user,
___aagesde____plour,𝑬𝒗𝒆𝒍𝒚𝒏,贊安諾是什麼很重要的東西,2025-12-31 16:52:00,我獨自生活,pass,,non_depression_risk_user,
___aagesde____plour,𝑬𝒗𝒆𝒍𝒚𝒏,"你很棒！在等放榜了
在堅持一下下",2025-12-31 16:44:00,我獨自生活,pass,,non_depression_risk_user,
___aagesde____plour,𝑬𝒗𝒆𝒍𝒚𝒏,為什麼跨年吃12顆葡萄的規矩那麼多,2025-12-30 10:09:00,我獨自生活,pass,,non_depression_risk_user,
___aagesde____plour,𝑬𝒗𝒆𝒍𝒚𝒏,依舊搞怪,2025-12-27 23:10:00,我獨自生活,pass,,non_depression_risk_user,
___aagesde____plour,𝑬𝒗𝒆𝒍𝒚𝒏,病入膏肓了，朴馬丁做什麼都好可愛☺️,2025-12-19 19:25:00,我獨自生活,pass,,non_depression_risk_user,
___aagesde____plour,𝑬𝒗𝒆𝒍𝒚𝒏,夢想是去當無國界臨床心理師,2025-12-18 17:54:00,我獨自生活,pass,,non_depression_risk_user,
dianana_623,🧸樂樂,新年快樂🤍,2026-01-01 01:02:00,jkface.net,pass,,non_depression_risk_user,
dianana_623,🧸樂樂,不知道我是哪一種型🦭,2025-12-29 18:09:00,jkface.net,pass,,non_depression_risk_user,
dianana_623,🧸樂樂,僅可愛的人可見🦭,2025-12-28 19:44:00,jkface.net,pass,,non_depression_risk_user,
dianana_623,🧸樂樂,非常開心第一次吃雪蟹腳,2025-12-26 21:29:00,jkface.net,pass,,non_depression_risk_user,
dianana_623,🧸樂樂,給我發個定位 我看看我的心在哪🤍,2025-12-18 13:52:00,jkface.net,pass,,non_depression_risk_user,
lyccc._mga_,潔🐳💗🍏,我想直接做裝備 你們覺得哪些屬性需要加強:3,2025-12-31 22:47:00,"ミセス🍏 | メガテラ🐳 | 日常🗣️ | 唱歌🎤
學測完回來 要想我💖
-@cae._obs4__避難帳
不用追蹤我🤓我只是個講幹話的",pass,,non_depression_risk_user,
lyccc._mga_,潔🐳💗🍏,?我快死掉了我笑到好累,2025-12-31 22:30:00,"ミセス🍏 | メガテラ🐳 | 日常🗣️ | 唱歌🎤
學測完回來 要想我💖
-@cae._obs4__避難帳
不用追蹤我🤓我只是個講幹話的",pass,,non_depression_risk_user,
lyccc._mga_,潔🐳💗🍏,????????哈哈哈哈哈幹哈哈哈哈,2025-12-31 22:28:00,"ミセス🍏 | メガテラ🐳 | 日常🗣️ | 唱歌🎤
學測完回來 要想我💖
-@cae._obs4__避難帳
不用追蹤我🤓我只是個講幹話的",pass,,non_depression_risk_user,
lyccc._mga_,潔🐳💗🍏,幹我真的快瘋了超好笑嗎的我朋友一直找我玩ROBLOX他還借我帳號我把他的人弄成這樣哈哈哈哈然後我們在玩恐怖遊戲我覺得我長得比鬼還恐怖哈哈哈哈哈草好噁,2025-12-31 22:22:00,"ミセス🍏 | メガテラ🐳 | 日常🗣️ | 唱歌🎤
學測完回來 要想我💖
-@cae._obs4__避難帳
不用追蹤我🤓我只是個講幹話的",pass,,non_depression_risk_user,
lyccc._mga_,潔🐳💗🍏,好煩喔全部都是ねねねw,2025-12-31 20:06:00,"ミセス🍏 | メガテラ🐳 | 日常🗣️ | 唱歌🎤
學測完回來 要想我💖
-@cae._obs4__避難帳
不用追蹤我🤓我只是個講幹話的",pass,,non_depression_risk_user,
lyccc._mga_,潔🐳💗🍏,其實我根本也不用看紅白吧 大家都在發🤡,2025-12-31 19:54:00,"ミセス🍏 | メガテラ🐳 | 日常🗣️ | 唱歌🎤
學測完回來 要想我💖
-@cae._obs4__避難帳
不用追蹤我🤓我只是個講幹話的",pass,,non_depression_risk_user,
lyccc._mga_,潔🐳💗🍏,大家跨年都有人陪 我也有穹寶陪( ¯ ³¯)♡,2025-12-31 19:19:00,"ミセス🍏 | メガテラ🐳 | 日常🗣️ | 唱歌🎤
學測完回來 要想我💖
-@cae._obs4__避難帳
不用追蹤我🤓我只是個講幹話的",pass,,non_depression_risk_user,
lyccc._mga_,潔🐳💗🍏,幹我不管了今天考完段考操我要活一天來跨年,2025-12-31 18:23:00,"ミセス🍏 | メガテラ🐳 | 日常🗣️ | 唱歌🎤
學測完回來 要想我💖
-@cae._obs4__避難帳
不用追蹤我🤓我只是個講幹話的",pass,,non_depression_risk_user,
lyccc._mga_,潔🐳💗🍏,"每個禮拜天補習都遲到。。。
每個禮拜都在反省
但過一個禮拜還是睡過頭
啊啊啊啊啊我爬不起來啦✋🏻😭🤚🏻",2025-12-28 09:24:00,"ミセス🍏 | メガテラ🐳 | 日常🗣️ | 唱歌🎤
學測完回來 要想我💖
-@cae._obs4__避難帳
不用追蹤我🤓我只是個講幹話的",pass,,non_depression_risk_user,
lyccc._mga_,潔🐳💗🍏,大家沒事吧 我今天都沒發文 被地震炸一個大的,2025-12-27 23:18:00,"ミセス🍏 | メガテラ🐳 | 日常🗣️ | 唱歌🎤
學測完回來 要想我💖
-@cae._obs4__避難帳
不用追蹤我🤓我只是個講幹話的",pass,,non_depression_risk_user,
lyccc._mga_,潔🐳💗🍏,幹你娘我朋友害我笑出來 草,2025-12-27 23:12:00,"ミセス🍏 | メガテラ🐳 | 日常🗣️ | 唱歌🎤
學測完回來 要想我💖
-@cae._obs4__避難帳
不用追蹤我🤓我只是個講幹話的",pass,,non_depression_risk_user,
lyccc._mga_,潔🐳💗🍏,哎呦臥草,2025-12-27 23:07:00,"ミセス🍏 | メガテラ🐳 | 日常🗣️ | 唱歌🎤
學測完回來 要想我💖
-@cae._obs4__避難帳
不用追蹤我🤓我只是個講幹話的",pass,,non_depression_risk_user,
lyccc._mga_,潔🐳💗🍏,該,2025-12-27 23:07:00,"ミセス🍏 | メガテラ🐳 | 日常🗣️ | 唱歌🎤
學測完回來 要想我💖
-@cae._obs4__避難帳
不用追蹤我🤓我只是個講幹話的",pass,,non_depression_risk_user,
lyccc._mga_,潔🐳💗🍏,欸幹,2025-12-27 23:06:00,"ミセス🍏 | メガテラ🐳 | 日常🗣️ | 唱歌🎤
學測完回來 要想我💖
-@cae._obs4__避難帳
不用追蹤我🤓我只是個講幹話的",pass,,non_depression_risk_user,
lyccc._mga_,潔🐳💗🍏,欸欸欸很大 欸欸欸,2025-12-27 23:06:00,"ミセス🍏 | メガテラ🐳 | 日常🗣️ | 唱歌🎤
學測完回來 要想我💖
-@cae._obs4__避難帳
不用追蹤我🤓我只是個講幹話的",pass,,non_depression_risk_user,
lyccc._mga_,潔🐳💗🍏,逗貓棒現在到底幾個帳號了？？,2025-12-26 19:49:00,"ミセス🍏 | メガテラ🐳 | 日常🗣️ | 唱歌🎤
學測完回來 要想我💖
-@cae._obs4__避難帳
不用追蹤我🤓我只是個講幹話的",pass,,non_depression_risk_user,
lyccc._mga_,潔🐳💗🍏,(˶‾᷄ ⁻̫ ‾᷅˵)嚕另外一隻 嘻嘻嘻,2025-12-26 19:41:00,"ミセス🍏 | メガテラ🐳 | 日常🗣️ | 唱歌🎤
學測完回來 要想我💖
-@cae._obs4__避難帳
不用追蹤我🤓我只是個講幹話的",pass,,non_depression_risk_user,
lyccc._mga_,潔🐳💗🍏,穹喵(=^-ω-^=)🫳🏻🫳🏻🫳🏻🫳🏻💖,2025-12-26 16:55:00,"ミセス🍏 | メガテラ🐳 | 日常🗣️ | 唱歌🎤
學測完回來 要想我💖
-@cae._obs4__避難帳
不用追蹤我🤓我只是個講幹話的",pass,,non_depression_risk_user,
lyccc._mga_,潔🐳💗🍏,臥草 20抽就來了：D,2025-12-26 14:33:00,"ミセス🍏 | メガテラ🐳 | 日常🗣️ | 唱歌🎤
學測完回來 要想我💖
-@cae._obs4__避難帳
不用追蹤我🤓我只是個講幹話的",pass,,non_depression_risk_user,
lyccc._mga_,潔🐳💗🍏,(˶‾᷄ ⁻̫ ‾᷅˵)嚕貓給你們看,2025-12-26 12:10:00,"ミセス🍏 | メガテラ🐳 | 日常🗣️ | 唱歌🎤
學測完回來 要想我💖
-@cae._obs4__避難帳
不用追蹤我🤓我只是個講幹話的",pass,,non_depression_risk_user,
lyccc._mga_,潔🐳💗🍏,"@_haruki_0618
@_haruki_0618
跟輝寶貼貼₍˄•༝•˄₎◞✩︎",2025-12-26 11:39:00,"ミセス🍏 | メガテラ🐳 | 日常🗣️ | 唱歌🎤
學測完回來 要想我💖
-@cae._obs4__避難帳
不用追蹤我🤓我只是個講幹話的",pass,,non_depression_risk_user,
lyccc._mga_,潔🐳💗🍏,🦝⚾💖,2025-12-25 21:51:00,"ミセス🍏 | メガテラ🐳 | 日常🗣️ | 唱歌🎤
學測完回來 要想我💖
-@cae._obs4__避難帳
不用追蹤我🤓我只是個講幹話的",pass,,non_depression_risk_user,
lyccc._mga_,潔🐳💗🍏,"對欸 明天聖誕帽是不是就要換掉了
好快喔 我還沒想好要換什麼頭像欸😗",2025-12-25 20:10:00,"ミセス🍏 | メガテラ🐳 | 日常🗣️ | 唱歌🎤
學測完回來 要想我💖
-@cae._obs4__避難帳
不用追蹤我🤓我只是個講幹話的",pass,,non_depression_risk_user,
lyccc._mga_,潔🐳💗🍏,:DDDDDDDDDD,2025-12-25 19:12:00,"ミセス🍏 | メガテラ🐳 | 日常🗣️ | 唱歌🎤
學測完回來 要想我💖
-@cae._obs4__避難帳
不用追蹤我🤓我只是個講幹話的",pass,,non_depression_risk_user,
lyccc._mga_,潔🐳💗🍏,算了再看一次 嘻嘻嘻,2025-12-25 18:48:00,"ミセス🍏 | メガテラ🐳 | 日常🗣️ | 唱歌🎤
學測完回來 要想我💖
-@cae._obs4__避難帳
不用追蹤我🤓我只是個講幹話的",pass,,non_depression_risk_user,
lyccc._mga_,潔🐳💗🍏,"氣ㄆ 嘻嘻 小穹 哈哈哈 可愛 又噴錢 呵呵呵呵 
愛氣ㄆ(˶‾᷄ ⁻̫ ‾᷅˵)嘿嘿嘿 小穹 可愛 我欠好多錢",2025-12-25 14:56:00,"ミセス🍏 | メガテラ🐳 | 日常🗣️ | 唱歌🎤
學測完回來 要想我💖
-@cae._obs4__避難帳
不用追蹤我🤓我只是個講幹話的",pass,,non_depression_risk_user,
lyccc._mga_,潔🐳💗🍏,齁齁我朋友整天傳這種東西給我我要瘋了哈哈哈,2025-12-25 10:55:00,"ミセス🍏 | メガテラ🐳 | 日常🗣️ | 唱歌🎤
學測完回來 要想我💖
-@cae._obs4__避難帳
不用追蹤我🤓我只是個講幹話的",pass,,non_depression_risk_user,
lyccc._mga_,潔🐳💗🍏,這世界終究還是瘋了🤡,2025-12-25 10:50:00,"ミセス🍏 | メガテラ🐳 | 日常🗣️ | 唱歌🎤
學測完回來 要想我💖
-@cae._obs4__避難帳
不用追蹤我🤓我只是個講幹話的",pass,,non_depression_risk_user,
lyccc._mga_,潔🐳💗🍏,"綠蘋果又開始出現在我河道了(˶‾᷄ ⁻̫ ‾᷅˵)（按讚
我在聽了！我在聽了啦！",2025-12-24 19:33:00,"ミセス🍏 | メガテラ🐳 | 日常🗣️ | 唱歌🎤
學測完回來 要想我💖
-@cae._obs4__避難帳
不用追蹤我🤓我只是個講幹話的",pass,,non_depression_risk_user,
lyccc._mga_,潔🐳💗🍏,咳咳...(陽光地行走)(說話)我認為...(挺直)(行走)(得體的舉止)(優雅地獨步)這個小穹...真可愛(輕輕的鼓掌)(挺胸) (談話)咳咳...(整理衣領)(整理下裝)(拍外套的灰)就是說...(梳頭)(噴古龍水)(優雅地行走)(談話)(優雅地舉杯)(看到穹寶)嗚嗚嗚嗚啊啊啊啊啊啊啊啊啊啊啊啊啊啊呃呃呃呃呃呃呃呃呃呃呃呃呃(狼狽的哭著跑走大喊)(滑倒)小浣熊！！！小浣熊！！！(尖叫)(扭曲)萌萌萌萌萌(陰暗的爬行)(尖叫)(扭曲)呃呃呃呃呃呃呃呃可愛死(陰暗的爬行)(尖叫)啊啊啊啊啊啊啊啊啊(扭曲)(陰暗的爬行)(撞到牆壁)(倒地不起),2025-12-24 19:26:00,"ミセス🍏 | メガテラ🐳 | 日常🗣️ | 唱歌🎤
學測完回來 要想我💖
-@cae._obs4__避難帳
不用追蹤我🤓我只是個講幹話的",pass,,non_depression_risk_user,
lyccc._mga_,潔🐳💗🍏,我也好奇👀🫵🏻,2025-12-24 18:48:00,"ミセス🍏 | メガテラ🐳 | 日常🗣️ | 唱歌🎤
學測完回來 要想我💖
-@cae._obs4__避難帳
不用追蹤我🤓我只是個講幹話的",pass,,non_depression_risk_user,
lyccc._mga_,潔🐳💗🍏,"這真的超可愛我要瘋(˶‾᷄ ⁻̫ ‾᷅˵)
看來丹恆已經被訓練得很好🤓🤓🤓",2025-12-24 16:08:00,"ミセス🍏 | メガテラ🐳 | 日常🗣️ | 唱歌🎤
學測完回來 要想我💖
-@cae._obs4__避難帳
不用追蹤我🤓我只是個講幹話的",pass,,non_depression_risk_user,
lyccc._mga_,潔🐳💗🍏,...,2025-12-24 15:03:00,"ミセス🍏 | メガテラ🐳 | 日常🗣️ | 唱歌🎤
學測完回來 要想我💖
-@cae._obs4__避難帳
不用追蹤我🤓我只是個講幹話的",pass,,non_depression_risk_user,
lyccc._mga_,潔🐳💗🍏,臥草(⁠　⁠･⁠ω⁠･⁠)⁠ 小帳是這樣的🥵,2025-12-23 21:56:00,"ミセス🍏 | メガテラ🐳 | 日常🗣️ | 唱歌🎤
學測完回來 要想我💖
-@cae._obs4__避難帳
不用追蹤我🤓我只是個講幹話的",pass,,non_depression_risk_user,
lyccc._mga_,潔🐳💗🍏,這隻是什麼鬼💀,2025-12-23 18:53:00,"ミセス🍏 | メガテラ🐳 | 日常🗣️ | 唱歌🎤
學測完回來 要想我💖
-@cae._obs4__避難帳
不用追蹤我🤓我只是個講幹話的",pass,,non_depression_risk_user,
lyccc._mga_,潔🐳💗🍏,我剛剛第一次點這個東東:0,2025-12-23 18:45:00,"ミセス🍏 | メガテラ🐳 | 日常🗣️ | 唱歌🎤
學測完回來 要想我💖
-@cae._obs4__避難帳
不用追蹤我🤓我只是個講幹話的",pass,,non_depression_risk_user,
lyccc._mga_,潔🐳💗🍏,"現在是結冰的狀態🤡不是媽的
大冬天冷氣開20° 我跟我同學去把它調到25°
教官又把它調回20°不是 教官
你到底是有什麼毛病啊😭😭😭🫵🏻",2025-12-22 20:21:00,"ミセス🍏 | メガテラ🐳 | 日常🗣️ | 唱歌🎤
學測完回來 要想我💖
-@cae._obs4__避難帳
不用追蹤我🤓我只是個講幹話的",pass,,non_depression_risk_user,
lyccc._mga_,潔🐳💗🍏,"好久沒登了 ：（
我現在沒東西可以抽ㄨㄨㄨ",2025-12-22 17:23:00,"ミセス🍏 | メガテラ🐳 | 日常🗣️ | 唱歌🎤
學測完回來 要想我💖
-@cae._obs4__避難帳
不用追蹤我🤓我只是個講幹話的",pass,,non_depression_risk_user,
lyccc._mga_,潔🐳💗🍏,早安友(˶‾᷄ ⁻̫ ‾᷅˵)嘻嘻,2025-12-22 06:48:00,"ミセス🍏 | メガテラ🐳 | 日常🗣️ | 唱歌🎤
學測完回來 要想我💖
-@cae._obs4__避難帳
不用追蹤我🤓我只是個講幹話的",pass,,non_depression_risk_user,
lyccc._mga_,潔🐳💗🍏,我懷疑米魯也在世間我 好害羞,2025-12-21 22:25:00,"ミセス🍏 | メガテラ🐳 | 日常🗣️ | 唱歌🎤
學測完回來 要想我💖
-@cae._obs4__避難帳
不用追蹤我🤓我只是個講幹話的",pass,,non_depression_risk_user,
lyccc._mga_,潔🐳💗🍏,"什麼友列都開始玩那個1跟0的遊戲
我根本不用玩啊 我鐵定是",2025-12-21 22:13:00,"ミセス🍏 | メガテラ🐳 | 日常🗣️ | 唱歌🎤
學測完回來 要想我💖
-@cae._obs4__避難帳
不用追蹤我🤓我只是個講幹話的",pass,,non_depression_risk_user,
lyccc._mga_,潔🐳💗🍏,心情不好的時候看這個留言區都會笑出來,2025-12-21 22:05:00,"ミセス🍏 | メガテラ🐳 | 日常🗣️ | 唱歌🎤
學測完回來 要想我💖
-@cae._obs4__避難帳
不用追蹤我🤓我只是個講幹話的",pass,,non_depression_risk_user,
lyccc._mga_,潔🐳💗🍏,"是說明天又要踢足壘球了 我腳還有點酸ㄟ
上次已經打一節課16：3碾壓了還要繼續打😗",2025-12-21 21:14:00,"ミセス🍏 | メガテラ🐳 | 日常🗣️ | 唱歌🎤
學測完回來 要想我💖
-@cae._obs4__避難帳
不用追蹤我🤓我只是個講幹話的",pass,,non_depression_risk_user,
lyccc._mga_,潔🐳💗🍏,不知道 每天看新聞就對台灣更失望,2025-12-21 19:32:00,"ミセス🍏 | メガテラ🐳 | 日常🗣️ | 唱歌🎤
學測完回來 要想我💖
-@cae._obs4__避難帳
不用追蹤我🤓我只是個講幹話的",pass,,non_depression_risk_user,
lyccc._mga_,潔🐳💗🍏,"幹我兩邊帳號發好累喔 什麼白癡🤡
先回來好了 反正最近也沒什麼好發的都在解每日任務而已 可能偶爾發瘋丟個我家產（嗯？）
 回來本帳碎碎念😳",2025-12-21 19:02:00,"ミセス🍏 | メガテラ🐳 | 日常🗣️ | 唱歌🎤
學測完回來 要想我💖
-@cae._obs4__避難帳
不用追蹤我🤓我只是個講幹話的",pass,,non_depression_risk_user,
lyccc._mga_,潔🐳💗🍏,我又餓了,2025-12-21 17:11:00,"ミセス🍏 | メガテラ🐳 | 日常🗣️ | 唱歌🎤
學測完回來 要想我💖
-@cae._obs4__避難帳
不用追蹤我🤓我只是個講幹話的",pass,,non_depression_risk_user,
lyccc._mga_,潔🐳💗🍏,靠北我是白癡是不是哈哈哈哈我跟我媽去愛買然後要推那個紅色小籃子車車（？）啊他剛好是最後一個放在最下面我想說就直接拖走 結果靠腰 我連人家那個銀色架子都拉走 操好險旁邊沒人超尷尬我要瘋掉哈哈哈哈哈✋🏻😭🤚🏻,2025-12-21 14:44:00,"ミセス🍏 | メガテラ🐳 | 日常🗣️ | 唱歌🎤
學測完回來 要想我💖
-@cae._obs4__避難帳
不用追蹤我🤓我只是個講幹話的",pass,,non_depression_risk_user,
lyccc._mga_,潔🐳💗🍏,久違的聽綠蘋果 哈斯...好爽,2025-12-18 19:18:00,"ミセス🍏 | メガテラ🐳 | 日常🗣️ | 唱歌🎤
學測完回來 要想我💖
-@cae._obs4__避難帳
不用追蹤我🤓我只是個講幹話的",pass,,non_depression_risk_user,
zvycxi_,灰塵,新年快樂 我最最最愛的妳,2026-01-01 01:28:00,15而已,pass,,non_depression_risk_user,
zvycxi_,灰塵,台南市府一句話 走不走,2025-12-31 17:22:00,15而已,pass,,non_depression_risk_user,
zvycxi_,灰塵,今年跨年依舊單身一個人過,2025-12-30 21:34:00,15而已,pass,,non_depression_risk_user,
zvycxi_,灰塵,I just want to forget you😮‍💨,2025-12-30 08:15:00,15而已,pass,,non_depression_risk_user,
zvycxi_,灰塵,對不起 我承認 不管她講什麼 我還是不想放棄,2025-12-29 23:48:00,15而已,pass,,non_depression_risk_user,
zvycxi_,灰塵,遲早被父母逼的生活喘不過氣,2025-12-29 22:20:00,15而已,pass,,non_depression_risk_user,
zvycxi_,灰塵,如果跨年那天能跟你 那我很幸福了,2025-12-28 23:19:00,15而已,pass,,non_depression_risk_user,
zvycxi_,灰塵,就算我找不到對象 也不會主動,2025-12-27 14:33:00,15而已,pass,,non_depression_risk_user,
zvycxi_,灰塵,好想在跨年前找個女生陪我跨年,2025-12-26 23:13:00,15而已,pass,,non_depression_risk_user,
zvycxi_,灰塵,我朋友說她很無聊  需要有人去騷擾她0906121958,2025-12-25 23:44:00,15而已,pass,,non_depression_risk_user,
zvycxi_,灰塵,"我朋友說她很無聊 想要有人去騷擾他
0935794928",2025-12-25 23:32:00,15而已,pass,,non_depression_risk_user,
zvycxi_,灰塵,抓一個女生在台南陪我跨年,2025-12-25 09:30:00,15而已,pass,,non_depression_risk_user,
zvycxi_,灰塵,get you ?🤔,2025-12-25 08:42:00,15而已,pass,,non_depression_risk_user,
zvycxi_,灰塵,是你要的美式卷毛嗎,2025-12-25 00:26:00,15而已,pass,,non_depression_risk_user,
zvycxi_,灰塵,好吧 看來是我沒能力再去挽留妳 祝你幸福,2025-12-19 15:58:00,15而已,pass,,non_depression_risk_user,
mochi__wu,Mochi__wu,被迫營業的端正寶寶 看起來很想睡,2025-12-22 22:16:00,"我是麻糬～～
出生在路邊的小流浪貓 2024/09/09被爸爸撿到！
歡迎追蹤我😆☺️",pass,,non_depression_risk_user,
mochi__wu,Mochi__wu,準備睡覺很不耐煩的臉,2025-12-21 20:16:00,"我是麻糬～～
出生在路邊的小流浪貓 2024/09/09被爸爸撿到！
歡迎追蹤我😆☺️",pass,,non_depression_risk_user,
mochi__wu,Mochi__wu,沈浸式睡覺 手折成那樣會好睡嗎🤣,2025-12-20 21:49:00,"我是麻糬～～
出生在路邊的小流浪貓 2024/09/09被爸爸撿到！
歡迎追蹤我😆☺️",pass,,non_depression_risk_user,
mochi__wu,Mochi__wu,看起來很無辜很可愛這樣,2025-12-18 19:38:00,"我是麻糬～～
出生在路邊的小流浪貓 2024/09/09被爸爸撿到！
歡迎追蹤我😆☺️",pass,,non_depression_risk_user,
_yijia__311_,➕,💕,2025-12-28 01:33:00,沒東西,not_enough_posts,,skipped,
_yijia__311_,➕,有溫柔的感覺吧,2025-12-27 19:33:00,沒東西,not_enough_posts,,skipped,
chang.zuo.ling,張作霖,"這我同學  媽的吵不贏就在開地圖炮
蘆洲人該硬起來了吧",2025-12-30 16:53:00,"東北大軍閥 但被日本玩了一次崩壞星穹鐵道 
時隔100年終於復活",business,,skipped,
chang.zuo.ling,張作霖,"別人隨便發一個就有流量
啊我勒？我是個🤡",2025-12-30 08:16:00,"東北大軍閥 但被日本玩了一次崩壞星穹鐵道 
時隔100年終於復活",business,,skipped,
chang.zuo.ling,張作霖,"林書豪 台灣的籃球傳奇
謝謝你帶給我們這麼多美好的回憶 退休快樂",2025-12-28 23:16:00,"東北大軍閥 但被日本玩了一次崩壞星穹鐵道 
時隔100年終於復活",business,,skipped,
chang.zuo.ling,張作霖,找亮點,2025-12-28 09:08:00,"東北大軍閥 但被日本玩了一次崩壞星穹鐵道 
時隔100年終於復活",business,,skipped,
chang.zuo.ling,張作霖,"@adenwang_
@adenwang_
不是哥們 
你要大跳也不是用這種方式吧
我躺在床上直接被搖到頭暈了",2025-12-27 23:38:00,"東北大軍閥 但被日本玩了一次崩壞星穹鐵道 
時隔100年終於復活",business,,skipped,
chang.zuo.ling,張作霖,幹你娘地震,2025-12-27 23:08:00,"東北大軍閥 但被日本玩了一次崩壞星穹鐵道 
時隔100年終於復活",business,,skipped,
chang.zuo.ling,張作霖,"金脆獎 留言區獎投我喔 
晉級八強放福利
愛你們",2025-12-27 23:04:00,"東北大軍閥 但被日本玩了一次崩壞星穹鐵道 
時隔100年終於復活",business,,skipped,
chang.zuo.ling,張作霖,"如果這篇文達到3000讚
我就改名成
崩鐵初代男娘玩家
一直到過完新年",2025-12-27 19:09:00,"東北大軍閥 但被日本玩了一次崩壞星穹鐵道 
時隔100年終於復活",business,,skipped,
chang.zuo.ling,張作霖,"為了這次能在金脆獎擊敗各大佬
我決定發一個正式自介 以下開始
吾乃東北軍閥大帥張作霖
重生之後目前為小高一牲
同時也是崩鐵骨灰級玩家
最喜歡搞抽象 反串 蹭流量
以及在留言區請版主喝98無鉛汽油
尤其是東森新聞台 我直接放出「幹你娘 東森新聞」
對我有什麼問題都可以在下面發問 
記得金脆獎要投給我ㄛㄛㄛㄛ",2025-12-26 17:26:00,"東北大軍閥 但被日本玩了一次崩壞星穹鐵道 
時隔100年終於復活",business,,skipped,
chang.zuo.ling,張作霖,啊啊啊啊啊啊啊跟莫那魯道同一組啊啊啊啊啊啊啊,2025-12-26 07:49:00,"東北大軍閥 但被日本玩了一次崩壞星穹鐵道 
時隔100年終於復活",business,,skipped,
chang.zuo.ling,張作霖,"各位如果我進金脆獎最常出現在留言區獎前八強
我就直接福利大放送：）",2025-12-26 07:11:00,"東北大軍閥 但被日本玩了一次崩壞星穹鐵道 
時隔100年終於復活",business,,skipped,
chang.zuo.ling,張作霖,"是這樣的 如果跨年前達到500粉絲
我就把帳號名稱改成
最喜歡玩崩鐵和被蹦蹦炸彈炸飛的張可莉玩家（作霖大帥）",2025-12-25 20:10:00,"東北大軍閥 但被日本玩了一次崩壞星穹鐵道 
時隔100年終於復活",business,,skipped,
chang.zuo.ling,張作霖,芬達是最頂的碳酸飲料,2025-12-25 20:00:00,"東北大軍閥 但被日本玩了一次崩壞星穹鐵道 
時隔100年終於復活",business,,skipped,
chang.zuo.ling,張作霖,"聖誕節大家都在幹嘛呢
喔不對是剩蛋節
只剩一群單身哥布林笨蛋",2025-12-25 12:19:00,"東北大軍閥 但被日本玩了一次崩壞星穹鐵道 
時隔100年終於復活",business,,skipped,
chang.zuo.ling,張作霖,結果發一堆王Aden事件逆風文可以蹭到快150觀看,2025-12-24 10:59:00,"東北大軍閥 但被日本玩了一次崩壞星穹鐵道 
時隔100年終於復活",business,,skipped,
chang.zuo.ling,張作霖,"欸不是哥們 徐小花說他講話一直都這樣？？
那他這樣不就等於說
我一直以來都是政治腦智障",2025-12-24 07:34:00,"東北大軍閥 但被日本玩了一次崩壞星穹鐵道 
時隔100年終於復活",business,,skipped,
chang.zuo.ling,張作霖,"是這樣的 
現在脆上的人是不是很想讓王Aden 
玩
崩壞星穹鐵道真人版",2025-12-24 07:17:00,"東北大軍閥 但被日本玩了一次崩壞星穹鐵道 
時隔100年終於復活",business,,skipped,
chang.zuo.ling,張作霖,"你們不爽王Aden嗎？
這篇文給你們不爽 你們想講什麼就講什麼
一旦說服我認為王Aden是錯的
那
歡迎加入來東北軍",2025-12-24 00:14:00,"東北大軍閥 但被日本玩了一次崩壞星穹鐵道 
時隔100年終於復活",business,,skipped,
chang.zuo.ling,張作霖,"@golden_threads_awards
@golden_threads_awards
復活啦各位
繼續比囉",2025-12-23 16:53:00,"東北大軍閥 但被日本玩了一次崩壞星穹鐵道 
時隔100年終於復活",business,,skipped,
chang.zuo.ling,張作霖,"水喔各位我也被封鎖了
欸不對我還有別的帳號喔哈哈哈哈哈哈哈哈",2025-12-22 21:32:00,"東北大軍閥 但被日本玩了一次崩壞星穹鐵道 
時隔100年終於復活",business,,skipped,
chang.zuo.ling,張作霖,"@hellohanahsu
@hellohanahsu
各位他害金脆獎帳號沒了 
不管是東北軍還是傑寶大軍全部檢舉他",2025-12-22 17:52:00,"東北大軍閥 但被日本玩了一次崩壞星穹鐵道 
時隔100年終於復活",business,,skipped,
chang.zuo.ling,張作霖,"王ADEN的事情就是那個🦐在搞事
不懂一堆脆上不認識他的人在噴什麼的",2025-12-22 08:30:00,"東北大軍閥 但被日本玩了一次崩壞星穹鐵道 
時隔100年終於復活",business,,skipped,
chang.zuo.ling,張作霖,三小金脆獎被封了？？,2025-12-22 08:21:00,"東北大軍閥 但被日本玩了一次崩壞星穹鐵道 
時隔100年終於復活",business,,skipped,
chang.zuo.ling,張作霖,上啊各位 我相信你們可以的,2025-12-21 16:22:00,"東北大軍閥 但被日本玩了一次崩壞星穹鐵道 
時隔100年終於復活",business,,skipped,
chang.zuo.ling,張作霖,"拜託各位立委趕快修法
台灣的法律讓有開車的民眾或是警察都不敢去動他
（我的意思是有能力可以阻止的人）
如果他在馬路上已經被民眾開車撞下去…
那是不是後面不會在誠品又多了好幾個死傷者
警察也完全不敢開槍阻止他 只因為只要讓兇手受傷 
那麼讓他受傷的正義人士反而還要進監獄…
真的對台灣法律現況感到悲哀
還會有廢死聯盟跟智障法官認為這種廢物可教化",2025-12-20 18:44:00,"東北大軍閥 但被日本玩了一次崩壞星穹鐵道 
時隔100年終於復活",business,,skipped,
chang.zuo.ling,張作霖,"幹這個張文真的很扯 
我真的拜託警方要調查清楚到底有沒有共謀犯案
他到底是怎麼一個人計劃出這麼恐怖且縝密的計畫…",2025-12-20 18:35:00,"東北大軍閥 但被日本玩了一次崩壞星穹鐵道 
時隔100年終於復活",business,,skipped,
chang.zuo.ling,張作霖,"幹我真的開始懷疑到底是不是有兩個人共謀犯案
啊政府警方全部都說只有一個人到底…",2025-12-20 16:33:00,"東北大軍閥 但被日本玩了一次崩壞星穹鐵道 
時隔100年終於復活",business,,skipped,
chang.zuo.ling,張作霖,"對不起我不應該在未搞清楚事情狀況下亂腦衝發文
我之後會更謹慎注意每一次的發文內容
也希望受到這次恐攻事件受傷的人能夠平安",2025-12-19 22:18:00,"東北大軍閥 但被日本玩了一次崩壞星穹鐵道 
時隔100年終於復活",business,,skipped,
chang.zuo.ling,張作霖,"治平的🦐🦐直接把王Aden搞瘋真的是很6
我認為應該要給王Aden兩倍表演費 
他犧牲太大了…",2025-12-19 20:19:00,"東北大軍閥 但被日本玩了一次崩壞星穹鐵道 
時隔100年終於復活",business,,skipped,
chang.zuo.ling,張作霖,我們班班長是不是被砂糖轟炸過,2025-12-19 15:04:00,"東北大軍閥 但被日本玩了一次崩壞星穹鐵道 
時隔100年終於復活",business,,skipped,
chang.zuo.ling,張作霖,有人跟我一樣覺得E1and 的歌越來越不嘻哈了嗎,2025-12-18 15:05:00,"東北大軍閥 但被日本玩了一次崩壞星穹鐵道 
時隔100年終於復活",business,,skipped,
wish_2033,zerooo,新年快樂,2026-01-01 01:24:00,沒有期待就不會失望,pass,,non_depression_risk_user,
wish_2033,zerooo,我其實好想買一輛小電車開,2025-12-31 14:59:00,沒有期待就不會失望,pass,,non_depression_risk_user,
wish_2033,zerooo,忘記點痣了..還沒帶眼線筆>_<¦¦¦,2025-12-31 14:57:00,沒有期待就不會失望,pass,,non_depression_risk_user,
wish_2033,zerooo,ootd展示✨,2025-12-31 14:36:00,沒有期待就不會失望,pass,,non_depression_risk_user,
wish_2033,zerooo,佩服我媽 3百多的衣服直接砍到100多...,2025-12-30 13:49:00,沒有期待就不會失望,pass,,non_depression_risk_user,
wish_2033,zerooo,~好像一隻小豬哈哈哈哈哈哈哈,2025-12-29 14:00:00,沒有期待就不會失望,pass,,non_depression_risk_user,
wish_2033,zerooo,和好朋友出去玩當然就隨便拍一下就開始狂吃（其實是在為自己沒找好構圖就開拍找藉口😗）,2025-12-28 23:30:00,沒有期待就不會失望,pass,,non_depression_risk_user,
wish_2033,zerooo,好想喝酒 每次只有喝酒才能解決掉我的負面情緒..,2025-12-27 15:10:00,沒有期待就不會失望,pass,,non_depression_risk_user,
wish_2033,zerooo,總感覺今年這個12月過得超快 馬上就要跨年了欸,2025-12-26 00:13:00,沒有期待就不會失望,pass,,non_depression_risk_user,
wish_2033,zerooo,上完這個專業課 馬上就可以回家了lol,2025-12-25 09:40:00,沒有期待就不會失望,pass,,non_depression_risk_user,
wish_2033,zerooo,睡不着了怎么办💧,2025-12-25 03:17:00,沒有期待就不會失望,pass,,non_depression_risk_user,
wish_2033,zerooo,呵呵追星癮犯了 一直對著某馬姓男子痴笑..,2025-12-25 02:50:00,沒有期待就不會失望,pass,,non_depression_risk_user,
wish_2033,zerooo,平安夜快樂🎄,2025-12-24 22:49:00,沒有期待就不會失望,pass,,non_depression_risk_user,
wish_2033,zerooo,"沒想到我的年度歌曲竟然是skrr 
但是真的超好聽",2025-12-24 19:13:00,沒有期待就不會失望,pass,,non_depression_risk_user,
wish_2033,zerooo,上這種毫無意義的水課到底有什麼用 老師也是懶得不行 明明有花名冊就是不點 非要讓學生手寫姓名班級學號 有夠無語的..,2025-12-24 13:48:00,沒有期待就不會失望,pass,,non_depression_risk_user,
wish_2033,zerooo,幹 教室的網比寢室的快多了-_-||,2025-12-24 13:09:00,沒有期待就不會失望,pass,,non_depression_risk_user,
wish_2033,zerooo,受不了 為什麼今天還下雨,2025-12-24 12:38:00,沒有期待就不會失望,pass,,non_depression_risk_user,
wish_2033,zerooo,好煩 等會還要上課,2025-12-24 12:17:00,沒有期待就不會失望,pass,,non_depression_risk_user,
wish_2033,zerooo,一直覺得我給我的每個SNS立不同的人設是非常明智的🚬當然脆是用來發洩自己心情的,2025-12-24 01:20:00,沒有期待就不會失望,pass,,non_depression_risk_user,
wish_2033,zerooo,一點點的可可芭蕾真的好好喝...,2025-12-23 19:59:00,沒有期待就不會失望,pass,,non_depression_risk_user,
wish_2033,zerooo,"「嘈雜世界裏 
  擁擠人海裏
  每個翻來覆去 
  都是關於你」",2025-12-23 16:27:00,沒有期待就不會失望,pass,,non_depression_risk_user,
wish_2033,zerooo,其實我很喜歡一句話：太在意別人的看法就會變成別人的褲衩 別人放什麼屁你都得兜著。,2025-12-23 10:41:00,沒有期待就不會失望,pass,,non_depression_risk_user,
wish_2033,zerooo,"這首歌真的很好聽
但是我好恨當初分享這首歌給我的那個人",2025-12-23 10:28:00,沒有期待就不會失望,pass,,non_depression_risk_user,
wish_2033,zerooo,其實我很害怕別人給我發消息 不知道是好是壞 特別是半熟不熟的一上來套個近乎結果是為了給她辦個事,2025-12-22 21:35:00,沒有期待就不會失望,pass,,non_depression_risk_user,
wish_2033,zerooo,怎麼感覺脆比推好玩...好吧總之都比牆內app好玩,2025-12-22 21:14:00,沒有期待就不會失望,pass,,non_depression_risk_user,
wish_2033,zerooo,玩推發了幾張圖完全沒有流量 lol給自己看笑了 也是在流量最好的那個時候卸載了現在重新回去也沒人認識你,2025-12-22 20:52:00,沒有期待就不會失望,pass,,non_depression_risk_user,
wish_2033,zerooo,我以前到底在幹什麼  感覺錯過了很多對我很好的人,2025-12-22 20:26:00,沒有期待就不會失望,pass,,non_depression_risk_user,
wish_2033,zerooo,好想和年上談戀愛..,2025-12-22 20:23:00,沒有期待就不會失望,pass,,non_depression_risk_user,
thomson_1103_,THOMSON_1103,爽啦,2025-12-25 10:00:00,｛2023 鬱｝hey hey baby✨,pass,,non_depression_risk_user,
thomson_1103_,THOMSON_1103,"點解12月過得咁快，
今日已經係平安夜",2025-12-24 01:08:00,｛2023 鬱｝hey hey baby✨,pass,,non_depression_risk_user,
thomson_1103_,THOMSON_1103,要評圖了,2025-12-18 12:45:00,｛2023 鬱｝hey hey baby✨,pass,,non_depression_risk_user,
nnhii_1112,草兒,"把12個願望藏進12顆葡萄裡🍇
約好明年再打開看看，哪些成為現實🌙",2026-01-01 01:26:00,,not_enough_posts,,skipped,
nnhii_1112,草兒,"12顆葡萄，12個願望🍇
交給2026回答，一年後再來驗證🫶",2026-01-01 01:09:00,,not_enough_posts,,skipped,
r._.rr._.rrr,（𖤐）,"今年吃了5顆 努力了但不多
（媽咪比我還迷信⋯⋯😅🫰🏻）",2026-01-01 01:25:00,哀居帳號比本名好記、、,not_enough_posts,,skipped,
r._.rr._.rrr,（𖤐）,我們也玩了,2025-12-29 14:13:00,哀居帳號比本名好記、、,not_enough_posts,,skipped,
angelchen5703,Angel,"請問我是哪一點讓你看出來我想約？？？
我分明就是想脫單想結婚
國字不認識 請多讀書好嗎🙄🙄🙄",2025-12-30 00:26:00,聽音樂 美食 旅行 認識新朋友 喜歡小小孩 狗狗貓貓,pass,,non_depression_risk_user,
angelchen5703,Angel,"這雙好可愛
但我穿上就變183
更沒有人要站我旁邊惹🤣",2025-12-29 23:53:00,聽音樂 美食 旅行 認識新朋友 喜歡小小孩 狗狗貓貓,pass,,non_depression_risk_user,
angelchen5703,Angel,"醜人多做怪🤣🤣🤣
啊～
奇奇怪怪的阿姨喜歡搞笑🤭🤭
是說我會做菜也會做甜點還會做麵包
還會泡咖啡拉花一點點
喜歡當背包客到處玩
我有車有房有正當職業
嗯……不抽煙 沒啥朋友🤔🤔
呃…哈哈哈哈哈哈
單身5還是7年？？
反正單到我都忘了前男友是誰
啊我喜歡台灣人
沒有奇怪口音的台灣人
原住民口音 我很可以🤭
姐178cm/胖胖der 
但另一半身高173以上就行
我1/1生日  不怎麼魔羯的魔羯座
就醬
啊～每年生日願望都是把自己嫁出去
許願明年會成功🙏🙏🙏",2025-12-29 23:28:00,聽音樂 美食 旅行 認識新朋友 喜歡小小孩 狗狗貓貓,pass,,non_depression_risk_user,
angelchen5703,Angel,"呆呆在家 無聊自拍
1234
2234
3234
4234
嗨脆友們晚安安
即將告別我的42歲🫢",2025-12-29 23:03:00,聽音樂 美食 旅行 認識新朋友 喜歡小小孩 狗狗貓貓,pass,,non_depression_risk_user,
angelchen5703,Angel,"為啥米我有些留言看不到🤔🤔
你們留給我  我看不了
那誰看的了🤔🤔🤔",2025-12-29 12:18:00,聽音樂 美食 旅行 認識新朋友 喜歡小小孩 狗狗貓貓,pass,,non_depression_risk_user,
angelchen5703,Angel,"等等2點下班
有人要陪我吃吃逛逛打東東嗎🫢🫢
倒數3天過生日
每天都揪人出門走走
會不會比較容易脫單🤔🤔
但不要問有沒有旅館行程🙄🙄🙄
沒有！！！！！🙄🙄🙄
這裡太多網圖了看不出真假
你直接出來給我看看
敢不敢
ps.我素顏又大隻 不介意再說
屁孩pass
斤斤計較的也pass
臭臭的也pass",2025-12-29 11:58:00,聽音樂 美食 旅行 認識新朋友 喜歡小小孩 狗狗貓貓,pass,,non_depression_risk_user,
angelchen5703,Angel,看來無法跟ubereat 切割了🫢,2025-12-28 21:53:00,聽音樂 美食 旅行 認識新朋友 喜歡小小孩 狗狗貓貓,pass,,non_depression_risk_user,
angelchen5703,Angel,"誒算了男朋友那事聽天由命吧！
台中 有人要陪我吃飯的嗎？
餓了！
看下面這張圖看餓了🫢
我在勤美附近
你有車嗎？
走
我們去吃飯🫢
指甲兩手各掉1指🫢🫢🫢",2025-12-28 21:17:00,聽音樂 美食 旅行 認識新朋友 喜歡小小孩 狗狗貓貓,pass,,non_depression_risk_user,
angelchen5703,Angel,"嘿誒結果
倒數3天
還是單身誒哈哈哈
而且不知道跨年要幹嘛
我覺得我看男人眼光不佳誒
看來要把自己嫁出去很困難
😅😅😅
想問問廣大脆友
要怎麼挑男人
外加怎麼把自己嫁出去
我發現每次列一堆條件
結果交的男友好像八竿子打不著邊
有小孩有前妻、有切不斷理還亂的前女友或沒存款的媽寶先pass
那要不～
想當我未來老公的以下請報名🤣🤣🤣
如果沒有
那
我明年再問
啊哈哈哈…",2025-12-28 20:36:00,聽音樂 美食 旅行 認識新朋友 喜歡小小孩 狗狗貓貓,pass,,non_depression_risk_user,
keraylin,林啟瑞,你覺得熊的市場好還是猴呢,2025-12-21 00:25:00,"熱愛交朋友
非單身好色金牛弟
還有一個帥氣多拉老公疼愛我",pass,,non_depression_risk_user,
keraylin,林啟瑞,來一張粗小腿,2025-12-20 23:36:00,"熱愛交朋友
非單身好色金牛弟
還有一個帥氣多拉老公疼愛我",pass,,non_depression_risk_user,
keraylin,林啟瑞,從小到大都嫌厚唇難看,2025-12-20 22:52:00,"熱愛交朋友
非單身好色金牛弟
還有一個帥氣多拉老公疼愛我",pass,,non_depression_risk_user,
keraylin,林啟瑞,來吃個鹹湯圓（自己作的,2025-12-19 14:43:00,"熱愛交朋友
非單身好色金牛弟
還有一個帥氣多拉老公疼愛我",pass,,non_depression_risk_user,
keraylin,林啟瑞,能蓋一個毛腿樓嗎,2025-12-18 22:35:00,"熱愛交朋友
非單身好色金牛弟
還有一個帥氣多拉老公疼愛我",pass,,non_depression_risk_user,
keraylin,林啟瑞,自己做墨西哥餅和羅宋湯,2025-12-18 21:03:00,"熱愛交朋友
非單身好色金牛弟
還有一個帥氣多拉老公疼愛我",pass,,non_depression_risk_user,
rmc._.0604,白白（香香糯糯小男娘）,"@waddle_1213
@waddle_1213
艾草",2025-12-31 22:06:00,"追蹤我的都是一些變態（誤
我是三角洲牢玩家、檔案重度中毒玩家
你們可以直接叫我RM或者白白～還有我是男的喔不要一直私訊問處不處的問題
會到處亂亂跑留言，有點抽象（？會cos，會不時偷發腿照（？喜歡聊天，之後還要穿古拉cos服好害怕
白子是我的最愛！！！他是我老婆！！！不允許反駁
11/8號創帳號",pass,,non_depression_risk_user,
rmc._.0604,白白（香香糯糯小男娘）,"啊啊啊啊啊啊啊啊啊啊啊啊
幹我他媽小腿抽筋啊啊啊啊啊啊啊啊啊啊啊啊啊啊啊
馬的痛死啦啊啊啊啊啊啊啊啊啊啊啊啊啊啊",2025-12-31 21:28:00,"追蹤我的都是一些變態（誤
我是三角洲牢玩家、檔案重度中毒玩家
你們可以直接叫我RM或者白白～還有我是男的喔不要一直私訊問處不處的問題
會到處亂亂跑留言，有點抽象（？會cos，會不時偷發腿照（？喜歡聊天，之後還要穿古拉cos服好害怕
白子是我的最愛！！！他是我老婆！！！不允許反駁
11/8號創帳號",pass,,non_depression_risk_user,
rmc._.0604,白白（香香糯糯小男娘）,"這個數字（（（
1995（（（",2025-12-31 21:24:00,"追蹤我的都是一些變態（誤
我是三角洲牢玩家、檔案重度中毒玩家
你們可以直接叫我RM或者白白～還有我是男的喔不要一直私訊問處不處的問題
會到處亂亂跑留言，有點抽象（？會cos，會不時偷發腿照（？喜歡聊天，之後還要穿古拉cos服好害怕
白子是我的最愛！！！他是我老婆！！！不允許反駁
11/8號創帳號",pass,,non_depression_risk_user,
rmc._.0604,白白（香香糯糯小男娘）,"可以嗎（（（
好像奢求太高了（",2025-12-31 18:25:00,"追蹤我的都是一些變態（誤
我是三角洲牢玩家、檔案重度中毒玩家
你們可以直接叫我RM或者白白～還有我是男的喔不要一直私訊問處不處的問題
會到處亂亂跑留言，有點抽象（？會cos，會不時偷發腿照（？喜歡聊天，之後還要穿古拉cos服好害怕
白子是我的最愛！！！他是我老婆！！！不允許反駁
11/8號創帳號",pass,,non_depression_risk_user,
rmc._.0604,白白（香香糯糯小男娘）,我是艾思，這是我的新帳號,2025-12-31 17:56:00,"追蹤我的都是一些變態（誤
我是三角洲牢玩家、檔案重度中毒玩家
你們可以直接叫我RM或者白白～還有我是男的喔不要一直私訊問處不處的問題
會到處亂亂跑留言，有點抽象（？會cos，會不時偷發腿照（？喜歡聊天，之後還要穿古拉cos服好害怕
白子是我的最愛！！！他是我老婆！！！不允許反駁
11/8號創帳號",pass,,non_depression_risk_user,
rmc._.0604,白白（香香糯糯小男娘）,大家2026年的新年願望是什麼？我明年結束給各位回憶一下（,2025-12-31 17:43:00,"追蹤我的都是一些變態（誤
我是三角洲牢玩家、檔案重度中毒玩家
你們可以直接叫我RM或者白白～還有我是男的喔不要一直私訊問處不處的問題
會到處亂亂跑留言，有點抽象（？會cos，會不時偷發腿照（？喜歡聊天，之後還要穿古拉cos服好害怕
白子是我的最愛！！！他是我老婆！！！不允許反駁
11/8號創帳號",pass,,non_depression_risk_user,
rmc._.0604,白白（香香糯糯小男娘）,何意味,2025-12-31 17:38:00,"追蹤我的都是一些變態（誤
我是三角洲牢玩家、檔案重度中毒玩家
你們可以直接叫我RM或者白白～還有我是男的喔不要一直私訊問處不處的問題
會到處亂亂跑留言，有點抽象（？會cos，會不時偷發腿照（？喜歡聊天，之後還要穿古拉cos服好害怕
白子是我的最愛！！！他是我老婆！！！不允許反駁
11/8號創帳號",pass,,non_depression_risk_user,
rmc._.0604,白白（香香糯糯小男娘）,"同學知道我脆的名字
然後我故意踩他腳，結果他說：噢，白白你踩我幹嘛
此題怎麼解
這實在太刺激了（",2025-12-31 15:02:00,"追蹤我的都是一些變態（誤
我是三角洲牢玩家、檔案重度中毒玩家
你們可以直接叫我RM或者白白～還有我是男的喔不要一直私訊問處不處的問題
會到處亂亂跑留言，有點抽象（？會cos，會不時偷發腿照（？喜歡聊天，之後還要穿古拉cos服好害怕
白子是我的最愛！！！他是我老婆！！！不允許反駁
11/8號創帳號",pass,,non_depression_risk_user,
rmc._.0604,白白（香香糯糯小男娘）,"好奇你們自主學習都打算學什麼，我選擇仿畫遊戲角色的好圖（
大約三張（",2025-12-30 20:28:00,"追蹤我的都是一些變態（誤
我是三角洲牢玩家、檔案重度中毒玩家
你們可以直接叫我RM或者白白～還有我是男的喔不要一直私訊問處不處的問題
會到處亂亂跑留言，有點抽象（？會cos，會不時偷發腿照（？喜歡聊天，之後還要穿古拉cos服好害怕
白子是我的最愛！！！他是我老婆！！！不允許反駁
11/8號創帳號",pass,,non_depression_risk_user,
rmc._.0604,白白（香香糯糯小男娘）,"@kaze_wife
@kaze_wife
為某要世間我",2025-12-30 15:51:00,"追蹤我的都是一些變態（誤
我是三角洲牢玩家、檔案重度中毒玩家
你們可以直接叫我RM或者白白～還有我是男的喔不要一直私訊問處不處的問題
會到處亂亂跑留言，有點抽象（？會cos，會不時偷發腿照（？喜歡聊天，之後還要穿古拉cos服好害怕
白子是我的最愛！！！他是我老婆！！！不允許反駁
11/8號創帳號",pass,,non_depression_risk_user,
rmc._.0604,白白（香香糯糯小男娘）,"@baldi_s_basics_99
@baldi_s_basics_99
老師要讓我寫作業嗎（",2025-12-30 13:34:00,"追蹤我的都是一些變態（誤
我是三角洲牢玩家、檔案重度中毒玩家
你們可以直接叫我RM或者白白～還有我是男的喔不要一直私訊問處不處的問題
會到處亂亂跑留言，有點抽象（？會cos，會不時偷發腿照（？喜歡聊天，之後還要穿古拉cos服好害怕
白子是我的最愛！！！他是我老婆！！！不允許反駁
11/8號創帳號",pass,,non_depression_risk_user,
rmc._.0604,白白（香香糯糯小男娘）,對不起你是好人,2025-12-30 12:43:00,"追蹤我的都是一些變態（誤
我是三角洲牢玩家、檔案重度中毒玩家
你們可以直接叫我RM或者白白～還有我是男的喔不要一直私訊問處不處的問題
會到處亂亂跑留言，有點抽象（？會cos，會不時偷發腿照（？喜歡聊天，之後還要穿古拉cos服好害怕
白子是我的最愛！！！他是我老婆！！！不允許反駁
11/8號創帳號",pass,,non_depression_risk_user,
rmc._.0604,白白（香香糯糯小男娘）,"我現在名字後面有男娘那我發女裝照主題要寫啥
男娘嗎（？",2025-12-29 22:36:00,"追蹤我的都是一些變態（誤
我是三角洲牢玩家、檔案重度中毒玩家
你們可以直接叫我RM或者白白～還有我是男的喔不要一直私訊問處不處的問題
會到處亂亂跑留言，有點抽象（？會cos，會不時偷發腿照（？喜歡聊天，之後還要穿古拉cos服好害怕
白子是我的最愛！！！他是我老婆！！！不允許反駁
11/8號創帳號",pass,,non_depression_risk_user,
rmc._.0604,白白（香香糯糯小男娘）,"這輩子有了（
這真的要嚇死我啊✋😭🤚",2025-12-29 19:45:00,"追蹤我的都是一些變態（誤
我是三角洲牢玩家、檔案重度中毒玩家
你們可以直接叫我RM或者白白～還有我是男的喔不要一直私訊問處不處的問題
會到處亂亂跑留言，有點抽象（？會cos，會不時偷發腿照（？喜歡聊天，之後還要穿古拉cos服好害怕
白子是我的最愛！！！他是我老婆！！！不允許反駁
11/8號創帳號",pass,,non_depression_risk_user,
rmc._.0604,白白（香香糯糯小男娘）,"三天後和誰跨年最好？
◻️舔狗 ◻️渣女 ◻️海王
◻️綠茶 ✅堵橋",2025-12-29 18:15:00,"追蹤我的都是一些變態（誤
我是三角洲牢玩家、檔案重度中毒玩家
你們可以直接叫我RM或者白白～還有我是男的喔不要一直私訊問處不處的問題
會到處亂亂跑留言，有點抽象（？會cos，會不時偷發腿照（？喜歡聊天，之後還要穿古拉cos服好害怕
白子是我的最愛！！！他是我老婆！！！不允許反駁
11/8號創帳號",pass,,non_depression_risk_user,
rmc._.0604,白白（香香糯糯小男娘）,"@asg_4128
@asg_4128
你怎麼要世間我😭",2025-12-29 16:42:00,"追蹤我的都是一些變態（誤
我是三角洲牢玩家、檔案重度中毒玩家
你們可以直接叫我RM或者白白～還有我是男的喔不要一直私訊問處不處的問題
會到處亂亂跑留言，有點抽象（？會cos，會不時偷發腿照（？喜歡聊天，之後還要穿古拉cos服好害怕
白子是我的最愛！！！他是我老婆！！！不允許反駁
11/8號創帳號",pass,,non_depression_risk_user,
rmc._.0604,白白（香香糯糯小男娘）,太…太多了吧….,2025-12-29 14:00:00,"追蹤我的都是一些變態（誤
我是三角洲牢玩家、檔案重度中毒玩家
你們可以直接叫我RM或者白白～還有我是男的喔不要一直私訊問處不處的問題
會到處亂亂跑留言，有點抽象（？會cos，會不時偷發腿照（？喜歡聊天，之後還要穿古拉cos服好害怕
白子是我的最愛！！！他是我老婆！！！不允許反駁
11/8號創帳號",pass,,non_depression_risk_user,
rmc._.0604,白白（香香糯糯小男娘）,何意味,2025-12-29 13:56:00,"追蹤我的都是一些變態（誤
我是三角洲牢玩家、檔案重度中毒玩家
你們可以直接叫我RM或者白白～還有我是男的喔不要一直私訊問處不處的問題
會到處亂亂跑留言，有點抽象（？會cos，會不時偷發腿照（？喜歡聊天，之後還要穿古拉cos服好害怕
白子是我的最愛！！！他是我老婆！！！不允許反駁
11/8號創帳號",pass,,non_depression_risk_user,
rmc._.0604,白白（香香糯糯小男娘）,"12/31之前我破1350粉我名字後面就永遠加一句
「香香糯糯小男娘」
來自限流的自信不可能破",2025-12-29 07:05:00,"追蹤我的都是一些變態（誤
我是三角洲牢玩家、檔案重度中毒玩家
你們可以直接叫我RM或者白白～還有我是男的喔不要一直私訊問處不處的問題
會到處亂亂跑留言，有點抽象（？會cos，會不時偷發腿照（？喜歡聊天，之後還要穿古拉cos服好害怕
白子是我的最愛！！！他是我老婆！！！不允許反駁
11/8號創帳號",pass,,non_depression_risk_user,
rmc._.0604,白白（香香糯糯小男娘）,雖然但是我又想換頭像了,2025-12-28 18:48:00,"追蹤我的都是一些變態（誤
我是三角洲牢玩家、檔案重度中毒玩家
你們可以直接叫我RM或者白白～還有我是男的喔不要一直私訊問處不處的問題
會到處亂亂跑留言，有點抽象（？會cos，會不時偷發腿照（？喜歡聊天，之後還要穿古拉cos服好害怕
白子是我的最愛！！！他是我老婆！！！不允許反駁
11/8號創帳號",pass,,non_depression_risk_user,
rmc._.0604,白白（香香糯糯小男娘）,"「就是有點色 不過還好」
你看看我這麼單純",2025-12-28 18:27:00,"追蹤我的都是一些變態（誤
我是三角洲牢玩家、檔案重度中毒玩家
你們可以直接叫我RM或者白白～還有我是男的喔不要一直私訊問處不處的問題
會到處亂亂跑留言，有點抽象（？會cos，會不時偷發腿照（？喜歡聊天，之後還要穿古拉cos服好害怕
白子是我的最愛！！！他是我老婆！！！不允許反駁
11/8號創帳號",pass,,non_depression_risk_user,
rmc._.0604,白白（香香糯糯小男娘）,我相信我是很純潔的小孩,2025-12-28 16:22:00,"追蹤我的都是一些變態（誤
我是三角洲牢玩家、檔案重度中毒玩家
你們可以直接叫我RM或者白白～還有我是男的喔不要一直私訊問處不處的問題
會到處亂亂跑留言，有點抽象（？會cos，會不時偷發腿照（？喜歡聊天，之後還要穿古拉cos服好害怕
白子是我的最愛！！！他是我老婆！！！不允許反駁
11/8號創帳號",pass,,non_depression_risk_user,
rmc._.0604,白白（香香糯糯小男娘）,又一隻,2025-12-28 15:56:00,"追蹤我的都是一些變態（誤
我是三角洲牢玩家、檔案重度中毒玩家
你們可以直接叫我RM或者白白～還有我是男的喔不要一直私訊問處不處的問題
會到處亂亂跑留言，有點抽象（？會cos，會不時偷發腿照（？喜歡聊天，之後還要穿古拉cos服好害怕
白子是我的最愛！！！他是我老婆！！！不允許反駁
11/8號創帳號",pass,,non_depression_risk_user,
rmc._.0604,白白（香香糯糯小男娘）,結果我好像又被限流了,2025-12-28 13:49:00,"追蹤我的都是一些變態（誤
我是三角洲牢玩家、檔案重度中毒玩家
你們可以直接叫我RM或者白白～還有我是男的喔不要一直私訊問處不處的問題
會到處亂亂跑留言，有點抽象（？會cos，會不時偷發腿照（？喜歡聊天，之後還要穿古拉cos服好害怕
白子是我的最愛！！！他是我老婆！！！不允許反駁
11/8號創帳號",pass,,non_depression_risk_user,
rmc._.0604,白白（香香糯糯小男娘）,原來震因是因為曾國城在古蹟抽菸所以沒能阻止王Aden大跳嗎,2025-12-28 11:06:00,"追蹤我的都是一些變態（誤
我是三角洲牢玩家、檔案重度中毒玩家
你們可以直接叫我RM或者白白～還有我是男的喔不要一直私訊問處不處的問題
會到處亂亂跑留言，有點抽象（？會cos，會不時偷發腿照（？喜歡聊天，之後還要穿古拉cos服好害怕
白子是我的最愛！！！他是我老婆！！！不允許反駁
11/8號創帳號",pass,,non_depression_risk_user,
rmc._.0604,白白（香香糯糯小男娘）,"@lovehinaforever
@lovehinaforever
何意味",2025-12-28 00:21:00,"追蹤我的都是一些變態（誤
我是三角洲牢玩家、檔案重度中毒玩家
你們可以直接叫我RM或者白白～還有我是男的喔不要一直私訊問處不處的問題
會到處亂亂跑留言，有點抽象（？會cos，會不時偷發腿照（？喜歡聊天，之後還要穿古拉cos服好害怕
白子是我的最愛！！！他是我老婆！！！不允許反駁
11/8號創帳號",pass,,non_depression_risk_user,
rmc._.0604,白白（香香糯糯小男娘）,"地震了
為什麼我會想到要發脆",2025-12-27 23:11:00,"追蹤我的都是一些變態（誤
我是三角洲牢玩家、檔案重度中毒玩家
你們可以直接叫我RM或者白白～還有我是男的喔不要一直私訊問處不處的問題
會到處亂亂跑留言，有點抽象（？會cos，會不時偷發腿照（？喜歡聊天，之後還要穿古拉cos服好害怕
白子是我的最愛！！！他是我老婆！！！不允許反駁
11/8號創帳號",pass,,non_depression_risk_user,
rmc._.0604,白白（香香糯糯小男娘）,何意味,2025-12-27 21:39:00,"追蹤我的都是一些變態（誤
我是三角洲牢玩家、檔案重度中毒玩家
你們可以直接叫我RM或者白白～還有我是男的喔不要一直私訊問處不處的問題
會到處亂亂跑留言，有點抽象（？會cos，會不時偷發腿照（？喜歡聊天，之後還要穿古拉cos服好害怕
白子是我的最愛！！！他是我老婆！！！不允許反駁
11/8號創帳號",pass,,non_depression_risk_user,
rmc._.0604,白白（香香糯糯小男娘）,剛回遊開小帳，這機率正常嗎,2025-12-27 20:46:00,"追蹤我的都是一些變態（誤
我是三角洲牢玩家、檔案重度中毒玩家
你們可以直接叫我RM或者白白～還有我是男的喔不要一直私訊問處不處的問題
會到處亂亂跑留言，有點抽象（？會cos，會不時偷發腿照（？喜歡聊天，之後還要穿古拉cos服好害怕
白子是我的最愛！！！他是我老婆！！！不允許反駁
11/8號創帳號",pass,,non_depression_risk_user,
rmc._.0604,白白（香香糯糯小男娘）,"懂了，我下一套買的就是瑞希了（
@asg_4128
@asg_4128
而你，你是白石杏（前面那位）",2025-12-26 20:57:00,"追蹤我的都是一些變態（誤
我是三角洲牢玩家、檔案重度中毒玩家
你們可以直接叫我RM或者白白～還有我是男的喔不要一直私訊問處不處的問題
會到處亂亂跑留言，有點抽象（？會cos，會不時偷發腿照（？喜歡聊天，之後還要穿古拉cos服好害怕
白子是我的最愛！！！他是我老婆！！！不允許反駁
11/8號創帳號",pass,,non_depression_risk_user,
rmc._.0604,白白（香香糯糯小男娘）,很好奇一開始第一篇你們覺得我幾歲,2025-12-26 20:11:00,"追蹤我的都是一些變態（誤
我是三角洲牢玩家、檔案重度中毒玩家
你們可以直接叫我RM或者白白～還有我是男的喔不要一直私訊問處不處的問題
會到處亂亂跑留言，有點抽象（？會cos，會不時偷發腿照（？喜歡聊天，之後還要穿古拉cos服好害怕
白子是我的最愛！！！他是我老婆！！！不允許反駁
11/8號創帳號",pass,,non_depression_risk_user,
rmc._.0604,白白（香香糯糯小男娘）,頭像換什麼啊⋯⋯讓我想想，想跟艾思他們一樣找人換情頭（誤,2025-12-26 17:05:00,"追蹤我的都是一些變態（誤
我是三角洲牢玩家、檔案重度中毒玩家
你們可以直接叫我RM或者白白～還有我是男的喔不要一直私訊問處不處的問題
會到處亂亂跑留言，有點抽象（？會cos，會不時偷發腿照（？喜歡聊天，之後還要穿古拉cos服好害怕
白子是我的最愛！！！他是我老婆！！！不允許反駁
11/8號創帳號",pass,,non_depression_risk_user,
rmc._.0604,白白（香香糯糯小男娘）,"2026以後開始記錄我一年的開銷好了
但今天不用，今天來喝魔爪（",2025-12-26 11:52:00,"追蹤我的都是一些變態（誤
我是三角洲牢玩家、檔案重度中毒玩家
你們可以直接叫我RM或者白白～還有我是男的喔不要一直私訊問處不處的問題
會到處亂亂跑留言，有點抽象（？會cos，會不時偷發腿照（？喜歡聊天，之後還要穿古拉cos服好害怕
白子是我的最愛！！！他是我老婆！！！不允許反駁
11/8號創帳號",pass,,non_depression_risk_user,
rmc._.0604,白白（香香糯糯小男娘）,聖誕快樂各位，沒什麼能祝福的那就丟幾張剛拍的吧（,2025-12-25 00:18:00,"追蹤我的都是一些變態（誤
我是三角洲牢玩家、檔案重度中毒玩家
你們可以直接叫我RM或者白白～還有我是男的喔不要一直私訊問處不處的問題
會到處亂亂跑留言，有點抽象（？會cos，會不時偷發腿照（？喜歡聊天，之後還要穿古拉cos服好害怕
白子是我的最愛！！！他是我老婆！！！不允許反駁
11/8號創帳號",pass,,non_depression_risk_user,
rmc._.0604,白白（香香糯糯小男娘）,明天聖誕節角帳們有沒有什麼聖誕希望呀？,2025-12-24 23:17:00,"追蹤我的都是一些變態（誤
我是三角洲牢玩家、檔案重度中毒玩家
你們可以直接叫我RM或者白白～還有我是男的喔不要一直私訊問處不處的問題
會到處亂亂跑留言，有點抽象（？會cos，會不時偷發腿照（？喜歡聊天，之後還要穿古拉cos服好害怕
白子是我的最愛！！！他是我老婆！！！不允許反駁
11/8號創帳號",pass,,non_depression_risk_user,
rmc._.0604,白白（香香糯糯小男娘）,"剩六天我也來玩好了🤓
除了怪怪的問題不會回答其他保證回答",2025-12-24 17:12:00,"追蹤我的都是一些變態（誤
我是三角洲牢玩家、檔案重度中毒玩家
你們可以直接叫我RM或者白白～還有我是男的喔不要一直私訊問處不處的問題
會到處亂亂跑留言，有點抽象（？會cos，會不時偷發腿照（？喜歡聊天，之後還要穿古拉cos服好害怕
白子是我的最愛！！！他是我老婆！！！不允許反駁
11/8號創帳號",pass,,non_depression_risk_user,
rmc._.0604,白白（香香糯糯小男娘）,把昨天買給彩奈的草莓牛奶喝掉了（,2025-12-24 11:03:00,"追蹤我的都是一些變態（誤
我是三角洲牢玩家、檔案重度中毒玩家
你們可以直接叫我RM或者白白～還有我是男的喔不要一直私訊問處不處的問題
會到處亂亂跑留言，有點抽象（？會cos，會不時偷發腿照（？喜歡聊天，之後還要穿古拉cos服好害怕
白子是我的最愛！！！他是我老婆！！！不允許反駁
11/8號創帳號",pass,,non_depression_risk_user,
rmc._.0604,白白（香香糯糯小男娘）,"大家好，我就是聖誕老人
我已經提前進入台灣
為了避免在襪子中放錯禮物
請各位男娘把你們襪子拍照給我看
為了防止作弊
請附上穿襪子的腿照
⚠️女的不用，傳了會封鎖，謝謝。
主要是看男娘就不會破戒了(◐‿◑)",2025-12-23 12:31:00,"追蹤我的都是一些變態（誤
我是三角洲牢玩家、檔案重度中毒玩家
你們可以直接叫我RM或者白白～還有我是男的喔不要一直私訊問處不處的問題
會到處亂亂跑留言，有點抽象（？會cos，會不時偷發腿照（？喜歡聊天，之後還要穿古拉cos服好害怕
白子是我的最愛！！！他是我老婆！！！不允許反駁
11/8號創帳號",pass,,non_depression_risk_user,
rmc._.0604,白白（香香糯糯小男娘）,"@yuanchilo_cxliz
@yuanchilo_cxliz
你拍的好好看喔（（（",2025-12-22 14:49:00,"追蹤我的都是一些變態（誤
我是三角洲牢玩家、檔案重度中毒玩家
你們可以直接叫我RM或者白白～還有我是男的喔不要一直私訊問處不處的問題
會到處亂亂跑留言，有點抽象（？會cos，會不時偷發腿照（？喜歡聊天，之後還要穿古拉cos服好害怕
白子是我的最愛！！！他是我老婆！！！不允許反駁
11/8號創帳號",pass,,non_depression_risk_user,
rmc._.0604,白白（香香糯糯小男娘）,"@yuanchilo_cxliz
@yuanchilo_cxliz
@miku._.dayo_39
@miku._.dayo_39
我們三個是有什麼心事嗎？怎麼在女裝視訊（（（",2025-12-22 00:57:00,"追蹤我的都是一些變態（誤
我是三角洲牢玩家、檔案重度中毒玩家
你們可以直接叫我RM或者白白～還有我是男的喔不要一直私訊問處不處的問題
會到處亂亂跑留言，有點抽象（？會cos，會不時偷發腿照（？喜歡聊天，之後還要穿古拉cos服好害怕
白子是我的最愛！！！他是我老婆！！！不允許反駁
11/8號創帳號",pass,,non_depression_risk_user,
rmc._.0604,白白（香香糯糯小男娘）,我也要玩,2025-12-20 23:47:00,"追蹤我的都是一些變態（誤
我是三角洲牢玩家、檔案重度中毒玩家
你們可以直接叫我RM或者白白～還有我是男的喔不要一直私訊問處不處的問題
會到處亂亂跑留言，有點抽象（？會cos，會不時偷發腿照（？喜歡聊天，之後還要穿古拉cos服好害怕
白子是我的最愛！！！他是我老婆！！！不允許反駁
11/8號創帳號",pass,,non_depression_risk_user,
rmc._.0604,白白（香香糯糯小男娘）,一天兩角帳追蹤？wow,2025-12-20 22:29:00,"追蹤我的都是一些變態（誤
我是三角洲牢玩家、檔案重度中毒玩家
你們可以直接叫我RM或者白白～還有我是男的喔不要一直私訊問處不處的問題
會到處亂亂跑留言，有點抽象（？會cos，會不時偷發腿照（？喜歡聊天，之後還要穿古拉cos服好害怕
白子是我的最愛！！！他是我老婆！！！不允許反駁
11/8號創帳號",pass,,non_depression_risk_user,
rmc._.0604,白白（香香糯糯小男娘）,被伊吹追蹤了,2025-12-20 17:14:00,"追蹤我的都是一些變態（誤
我是三角洲牢玩家、檔案重度中毒玩家
你們可以直接叫我RM或者白白～還有我是男的喔不要一直私訊問處不處的問題
會到處亂亂跑留言，有點抽象（？會cos，會不時偷發腿照（？喜歡聊天，之後還要穿古拉cos服好害怕
白子是我的最愛！！！他是我老婆！！！不允許反駁
11/8號創帳號",pass,,non_depression_risk_user,
rmc._.0604,白白（香香糯糯小男娘）,"@waddle_1213
@waddle_1213
跟你交換玩正臉照你明明比較帥還在裝過分了💔",2025-12-20 14:43:00,"追蹤我的都是一些變態（誤
我是三角洲牢玩家、檔案重度中毒玩家
你們可以直接叫我RM或者白白～還有我是男的喔不要一直私訊問處不處的問題
會到處亂亂跑留言，有點抽象（？會cos，會不時偷發腿照（？喜歡聊天，之後還要穿古拉cos服好害怕
白子是我的最愛！！！他是我老婆！！！不允許反駁
11/8號創帳號",pass,,non_depression_risk_user,
rmc._.0604,白白（香香糯糯小男娘）,這數字好舒服（,2025-12-19 22:21:00,"追蹤我的都是一些變態（誤
我是三角洲牢玩家、檔案重度中毒玩家
你們可以直接叫我RM或者白白～還有我是男的喔不要一直私訊問處不處的問題
會到處亂亂跑留言，有點抽象（？會cos，會不時偷發腿照（？喜歡聊天，之後還要穿古拉cos服好害怕
白子是我的最愛！！！他是我老婆！！！不允許反駁
11/8號創帳號",pass,,non_depression_risk_user,
rmc._.0604,白白（香香糯糯小男娘）,誰能幫我截：3,2025-12-19 10:22:00,"追蹤我的都是一些變態（誤
我是三角洲牢玩家、檔案重度中毒玩家
你們可以直接叫我RM或者白白～還有我是男的喔不要一直私訊問處不處的問題
會到處亂亂跑留言，有點抽象（？會cos，會不時偷發腿照（？喜歡聊天，之後還要穿古拉cos服好害怕
白子是我的最愛！！！他是我老婆！！！不允許反駁
11/8號創帳號",pass,,non_depression_risk_user,
rmc._.0604,白白（香香糯糯小男娘）,"複製這篇文
然後打上自己的名字
看看到文字上限前能傳多遠
我先
浩哥
軒
昔皮笑漣
涵涵
香菇
沐藍
Jack
艾思的狗
男娘觀察家
章魚哥。
𝒥𝑒𝒽𝒶𝓃𝓃𝑒 𝒟𝒶𝓇𝒸 (〃'▽'〃)
Aphrodite.
QB
斯騰
YUKAI
Miko
꧁ ฅQwQฅ ꧂ （地球）
白白",2025-12-19 10:00:00,"追蹤我的都是一些變態（誤
我是三角洲牢玩家、檔案重度中毒玩家
你們可以直接叫我RM或者白白～還有我是男的喔不要一直私訊問處不處的問題
會到處亂亂跑留言，有點抽象（？會cos，會不時偷發腿照（？喜歡聊天，之後還要穿古拉cos服好害怕
白子是我的最愛！！！他是我老婆！！！不允許反駁
11/8號創帳號",pass,,non_depression_risk_user,
rmc._.0604,白白（香香糯糯小男娘）,"@salmon_11_18
@salmon_11_18
你怎麼在帶壞群友（",2025-12-19 09:49:00,"追蹤我的都是一些變態（誤
我是三角洲牢玩家、檔案重度中毒玩家
你們可以直接叫我RM或者白白～還有我是男的喔不要一直私訊問處不處的問題
會到處亂亂跑留言，有點抽象（？會cos，會不時偷發腿照（？喜歡聊天，之後還要穿古拉cos服好害怕
白子是我的最愛！！！他是我老婆！！！不允許反駁
11/8號創帳號",pass,,non_depression_risk_user,
rmc._.0604,白白（香香糯糯小男娘）,好閃,2025-12-19 09:43:00,"追蹤我的都是一些變態（誤
我是三角洲牢玩家、檔案重度中毒玩家
你們可以直接叫我RM或者白白～還有我是男的喔不要一直私訊問處不處的問題
會到處亂亂跑留言，有點抽象（？會cos，會不時偷發腿照（？喜歡聊天，之後還要穿古拉cos服好害怕
白子是我的最愛！！！他是我老婆！！！不允許反駁
11/8號創帳號",pass,,non_depression_risk_user,
rmc._.0604,白白（香香糯糯小男娘）,"19.我高二啊（（（竟然不知道嗎（（（
20.手機的而已～",2025-12-19 00:13:00,"追蹤我的都是一些變態（誤
我是三角洲牢玩家、檔案重度中毒玩家
你們可以直接叫我RM或者白白～還有我是男的喔不要一直私訊問處不處的問題
會到處亂亂跑留言，有點抽象（？會cos，會不時偷發腿照（？喜歡聊天，之後還要穿古拉cos服好害怕
白子是我的最愛！！！他是我老婆！！！不允許反駁
11/8號創帳號",pass,,non_depression_risk_user,
rmc._.0604,白白（香香糯糯小男娘）,"快要2026了那我也來（雖然才短短的兩個月左右但還是謝謝你們讓我破1100粉:3
愛你們
:3",2025-12-18 17:06:00,"追蹤我的都是一些變態（誤
我是三角洲牢玩家、檔案重度中毒玩家
你們可以直接叫我RM或者白白～還有我是男的喔不要一直私訊問處不處的問題
會到處亂亂跑留言，有點抽象（？會cos，會不時偷發腿照（？喜歡聊天，之後還要穿古拉cos服好害怕
白子是我的最愛！！！他是我老婆！！！不允許反駁
11/8號創帳號",pass,,non_depression_risk_user,
rmc._.0604,白白（香香糯糯小男娘）,突然在翻相簿找到之前拍的C服，好醜而且感覺哪裡怪怪的感覺超崩壞的（,2025-12-18 10:08:00,"追蹤我的都是一些變態（誤
我是三角洲牢玩家、檔案重度中毒玩家
你們可以直接叫我RM或者白白～還有我是男的喔不要一直私訊問處不處的問題
會到處亂亂跑留言，有點抽象（？會cos，會不時偷發腿照（？喜歡聊天，之後還要穿古拉cos服好害怕
白子是我的最愛！！！他是我老婆！！！不允許反駁
11/8號創帳號",pass,,non_depression_risk_user,
rmc._.0604,白白（香香糯糯小男娘）,今天運動服沒有長袖上衣只能穿短袖還好有外套不然要冷死了,2025-12-18 08:11:00,"追蹤我的都是一些變態（誤
我是三角洲牢玩家、檔案重度中毒玩家
你們可以直接叫我RM或者白白～還有我是男的喔不要一直私訊問處不處的問題
會到處亂亂跑留言，有點抽象（？會cos，會不時偷發腿照（？喜歡聊天，之後還要穿古拉cos服好害怕
白子是我的最愛！！！他是我老婆！！！不允許反駁
11/8號創帳號",pass,,non_depression_risk_user,
david2985309,David,Amor ❤️,2025-12-31 07:45:00,,business,,skipped,
david2985309,David,Dale,2025-12-31 07:44:00,,business,,skipped,
david2985309,David,Hola,2025-12-30 08:16:00,,business,,skipped,
david2985309,David,Hola,2025-12-30 08:09:00,,business,,skipped,
david2985309,David,Bueno buena noche,2025-12-30 08:01:00,,business,,skipped,
david2985309,David,Thes,2025-12-30 03:32:00,,business,,skipped,
david2985309,David,Bueno chicas de Montevideo 099114337,2025-12-30 03:30:00,,business,,skipped,
david2985309,David,Feliz noche buena,2025-12-25 09:20:00,,business,,skipped,
david2985309,David,"Bueno, buena tarde para todas y todos y buena noche buena",2025-12-25 02:33:00,,business,,skipped,
david2985309,David,Hola buenas tardes,2025-12-21 06:56:00,,business,,skipped,
david2985309,David,Hola! No sé cómo se acepta las solicitudes,2025-12-21 05:05:00,,business,,skipped,
david2985309,David,De nuvo,2025-12-18 10:15:00,,business,,skipped,
xiaochuanxiao82,智者的一生就要笑著過,在機場等登機啦～,2025-12-30 10:36:00,佛係追星,pass,,non_depression_risk_user,
xiaochuanxiao82,智者的一生就要笑著過,會有人要諸伏高明的香水嗎？,2025-12-26 08:55:00,佛係追星,pass,,non_depression_risk_user,
xiaochuanxiao82,智者的一生就要笑著過,看到最近網路上都在發草仔粿湯圓跟紅龜粿湯圓，於是買來煮但剛剛吃了草仔粿的發現那個皮的味道我不能接受😢😢,2025-12-23 22:27:00,佛係追星,pass,,non_depression_risk_user,
xiaochuanxiao82,智者的一生就要笑著過,岡山有什麼幸福企業嗎？現在的公司已經快待不下去了，當初面試沒提到要考核，現在卻有考核而且沒考到標準數量還會調整獎金，然後規則又很死，加班費一個小時才123,2025-12-18 16:52:00,佛係追星,pass,,non_depression_risk_user,
mings_painting,Ming’s painting/寵物似顏繪/人物似顏繪/結婚書約/喜帖插畫,來嚕來嚕,2025-12-24 15:27:00,"MING’S 插畫製造所✏️
如果你剛好也喜歡我的作品💘合作委託私訊🪤
🎫委託私訊小盒子客服💁🏻‍♀️時間10:00-1800
❌目前暫無商業logo設計繪製
❌禁止商業用途及二創",business,,skipped,
mings_painting,Ming’s painting/寵物似顏繪/人物似顏繪/結婚書約/喜帖插畫,我要來包貨了🧧,2025-12-23 12:09:00,"MING’S 插畫製造所✏️
如果你剛好也喜歡我的作品💘合作委託私訊🪤
🎫委託私訊小盒子客服💁🏻‍♀️時間10:00-1800
❌目前暫無商業logo設計繪製
❌禁止商業用途及二創",business,,skipped,
mings_painting,Ming’s painting/寵物似顏繪/人物似顏繪/結婚書約/喜帖插畫,❄️🎄可愛的節日,2025-12-21 22:35:00,"MING’S 插畫製造所✏️
如果你剛好也喜歡我的作品💘合作委託私訊🪤
🎫委託私訊小盒子客服💁🏻‍♀️時間10:00-1800
❌目前暫無商業logo設計繪製
❌禁止商業用途及二創",business,,skipped,
mings_painting,Ming’s painting/寵物似顏繪/人物似顏繪/結婚書約/喜帖插畫,今年的聖誕節🎄,2025-12-21 13:54:00,"MING’S 插畫製造所✏️
如果你剛好也喜歡我的作品💘合作委託私訊🪤
🎫委託私訊小盒子客服💁🏻‍♀️時間10:00-1800
❌目前暫無商業logo設計繪製
❌禁止商業用途及二創",business,,skipped,
mings_painting,Ming’s painting/寵物似顏繪/人物似顏繪/結婚書約/喜帖插畫,期待之後到貨的無框畫大軍,2025-12-19 18:13:00,"MING’S 插畫製造所✏️
如果你剛好也喜歡我的作品💘合作委託私訊🪤
🎫委託私訊小盒子客服💁🏻‍♀️時間10:00-1800
❌目前暫無商業logo設計繪製
❌禁止商業用途及二創",business,,skipped,
mings_painting,Ming’s painting/寵物似顏繪/人物似顏繪/結婚書約/喜帖插畫,可愛的哩哩摳摳謝謝同學們💕,2025-12-19 12:43:00,"MING’S 插畫製造所✏️
如果你剛好也喜歡我的作品💘合作委託私訊🪤
🎫委託私訊小盒子客服💁🏻‍♀️時間10:00-1800
❌目前暫無商業logo設計繪製
❌禁止商業用途及二創",business,,skipped,
mings_painting,Ming’s painting/寵物似顏繪/人物似顏繪/結婚書約/喜帖插畫,晚安小豬,2025-12-18 23:29:00,"MING’S 插畫製造所✏️
如果你剛好也喜歡我的作品💘合作委託私訊🪤
🎫委託私訊小盒子客服💁🏻‍♀️時間10:00-1800
❌目前暫無商業logo設計繪製
❌禁止商業用途及二創",business,,skipped,
mings_painting,Ming’s painting/寵物似顏繪/人物似顏繪/結婚書約/喜帖插畫,感恩愛戴我們阿哺要過聖誕節了,2025-12-18 18:05:00,"MING’S 插畫製造所✏️
如果你剛好也喜歡我的作品💘合作委託私訊🪤
🎫委託私訊小盒子客服💁🏻‍♀️時間10:00-1800
❌目前暫無商業logo設計繪製
❌禁止商業用途及二創",business,,skipped,
lolita_control_leader,"奈奈醬(,,・ω・,,)","晚安安喵~
新年快樂！！！",2026-01-01 02:03:00,"是個貨真價實的🥑控
有時候會發負面文
會時常更新畫畫練習",pass,,non_depression_risk_user,
lolita_control_leader,"奈奈醬(,,・ω・,,)",奈奈要抱抱~,2025-12-31 18:21:00,"是個貨真價實的🥑控
有時候會發負面文
會時常更新畫畫練習",pass,,non_depression_risk_user,
lolita_control_leader,"奈奈醬(,,・ω・,,)",早安安喵~,2025-12-31 07:11:00,"是個貨真價實的🥑控
有時候會發負面文
會時常更新畫畫練習",pass,,non_depression_risk_user,
lolita_control_leader,"奈奈醬(,,・ω・,,)",晚安安喵~,2025-12-30 23:45:00,"是個貨真價實的🥑控
有時候會發負面文
會時常更新畫畫練習",pass,,non_depression_risk_user,
lolita_control_leader,"奈奈醬(,,・ω・,,)",早安安喵~,2025-12-30 06:41:00,"是個貨真價實的🥑控
有時候會發負面文
會時常更新畫畫練習",pass,,non_depression_risk_user,
lolita_control_leader,"奈奈醬(,,・ω・,,)",晚安安喵~,2025-12-30 00:10:00,"是個貨真價實的🥑控
有時候會發負面文
會時常更新畫畫練習",pass,,non_depression_risk_user,
lolita_control_leader,"奈奈醬(,,・ω・,,)","喵~
(探頭
抱抱~",2025-12-29 19:00:00,"是個貨真價實的🥑控
有時候會發負面文
會時常更新畫畫練習",pass,,non_depression_risk_user,
lolita_control_leader,"奈奈醬(,,・ω・,,)",早安安喵~,2025-12-29 06:47:00,"是個貨真價實的🥑控
有時候會發負面文
會時常更新畫畫練習",pass,,non_depression_risk_user,
lolita_control_leader,"奈奈醬(,,・ω・,,)",晚安安喵~,2025-12-29 00:25:00,"是個貨真價實的🥑控
有時候會發負面文
會時常更新畫畫練習",pass,,non_depression_risk_user,
lolita_control_leader,"奈奈醬(,,・ω・,,)","奈奈年底前可以500粉嗎喵？
(⁠｡⁠･⁠ω⁠･⁠｡⁠)⁠ﾉ⁠♥️",2025-12-28 18:13:00,"是個貨真價實的🥑控
有時候會發負面文
會時常更新畫畫練習",pass,,non_depression_risk_user,
lolita_control_leader,"奈奈醬(,,・ω・,,)",早安安喵~,2025-12-28 09:14:00,"是個貨真價實的🥑控
有時候會發負面文
會時常更新畫畫練習",pass,,non_depression_risk_user,
lolita_control_leader,"奈奈醬(,,・ω・,,)",晚安安喵~,2025-12-28 01:15:00,"是個貨真價實的🥑控
有時候會發負面文
會時常更新畫畫練習",pass,,non_depression_risk_user,
lolita_control_leader,"奈奈醬(,,・ω・,,)",早安安喵~,2025-12-27 08:23:00,"是個貨真價實的🥑控
有時候會發負面文
會時常更新畫畫練習",pass,,non_depression_risk_user,
lolita_control_leader,"奈奈醬(,,・ω・,,)",晚安安喵~,2025-12-27 00:20:00,"是個貨真價實的🥑控
有時候會發負面文
會時常更新畫畫練習",pass,,non_depression_risk_user,
lolita_control_leader,"奈奈醬(,,・ω・,,)","早安安喵
QAQ
奈奈好害怕",2025-12-26 07:28:00,"是個貨真價實的🥑控
有時候會發負面文
會時常更新畫畫練習",pass,,non_depression_risk_user,
lolita_control_leader,"奈奈醬(,,・ω・,,)","作了惡夢
夢到自己得了絕症快要死了
我好害怕
我怕哪一天我就消失了，我怕我再也見不到身邊的人了
起床發現是夢後，就開始狂哭，我不要，我不想失去你們
在夢裡，爸媽、家人都很冷靜，我知道或許他們只是不想讓我擔心
我好害怕，作夢的時候感覺就像真的一樣，我好怕現實也…",2025-12-26 07:26:00,"是個貨真價實的🥑控
有時候會發負面文
會時常更新畫畫練習",pass,,non_depression_risk_user,
lolita_control_leader,"奈奈醬(,,・ω・,,)",晚安安喵~,2025-12-26 00:04:00,"是個貨真價實的🥑控
有時候會發負面文
會時常更新畫畫練習",pass,,non_depression_risk_user,
lolita_control_leader,"奈奈醬(,,・ω・,,)","早安安喵~
聖誕快樂喵~",2025-12-25 08:46:00,"是個貨真價實的🥑控
有時候會發負面文
會時常更新畫畫練習",pass,,non_depression_risk_user,
lolita_control_leader,"奈奈醬(,,・ω・,,)",晚安安喵~,2025-12-25 01:22:00,"是個貨真價實的🥑控
有時候會發負面文
會時常更新畫畫練習",pass,,non_depression_risk_user,
lolita_control_leader,"奈奈醬(,,・ω・,,)","物理到底要怎麼讀啊~
快被搞瘋了",2025-12-24 20:02:00,"是個貨真價實的🥑控
有時候會發負面文
會時常更新畫畫練習",pass,,non_depression_risk_user,
lolita_control_leader,"奈奈醬(,,・ω・,,)","QAQ…
被地震嚇到了",2025-12-24 17:58:00,"是個貨真價實的🥑控
有時候會發負面文
會時常更新畫畫練習",pass,,non_depression_risk_user,
lolita_control_leader,"奈奈醬(,,・ω・,,)",早安安喵~,2025-12-24 06:30:00,"是個貨真價實的🥑控
有時候會發負面文
會時常更新畫畫練習",pass,,non_depression_risk_user,
lolita_control_leader,"奈奈醬(,,・ω・,,)",晚安安喵~,2025-12-23 23:42:00,"是個貨真價實的🥑控
有時候會發負面文
會時常更新畫畫練習",pass,,non_depression_risk_user,
lolita_control_leader,"奈奈醬(,,・ω・,,)",早安安喵~,2025-12-23 06:50:00,"是個貨真價實的🥑控
有時候會發負面文
會時常更新畫畫練習",pass,,non_depression_risk_user,
lolita_control_leader,"奈奈醬(,,・ω・,,)","晚安安喵~
每天晚上都好希望早上起來可以變成女孩子
長越大後，越來越痛苦，每天都一個人默默難過，不想當男生了，好累…",2025-12-23 00:27:00,"是個貨真價實的🥑控
有時候會發負面文
會時常更新畫畫練習",pass,,non_depression_risk_user,
lolita_control_leader,"奈奈醬(,,・ω・,,)",奈奈要抱抱跟摸摸頭(搖尾巴 搖尾巴,2025-12-22 17:35:00,"是個貨真價實的🥑控
有時候會發負面文
會時常更新畫畫練習",pass,,non_depression_risk_user,
lolita_control_leader,"奈奈醬(,,・ω・,,)",早安安喵~,2025-12-22 06:43:00,"是個貨真價實的🥑控
有時候會發負面文
會時常更新畫畫練習",pass,,non_depression_risk_user,
lolita_control_leader,"奈奈醬(,,・ω・,,)",晚安安喵~,2025-12-22 00:23:00,"是個貨真價實的🥑控
有時候會發負面文
會時常更新畫畫練習",pass,,non_depression_risk_user,
lolita_control_leader,"奈奈醬(,,・ω・,,)",早安安喵~,2025-12-21 10:15:00,"是個貨真價實的🥑控
有時候會發負面文
會時常更新畫畫練習",pass,,non_depression_risk_user,
lolita_control_leader,"奈奈醬(,,・ω・,,)",晚安安喵~,2025-12-20 23:09:00,"是個貨真價實的🥑控
有時候會發負面文
會時常更新畫畫練習",pass,,non_depression_risk_user,
lolita_control_leader,"奈奈醬(,,・ω・,,)",早安安喵~,2025-12-20 07:46:00,"是個貨真價實的🥑控
有時候會發負面文
會時常更新畫畫練習",pass,,non_depression_risk_user,
lolita_control_leader,"奈奈醬(,,・ω・,,)",晚安安喵~,2025-12-19 23:58:00,"是個貨真價實的🥑控
有時候會發負面文
會時常更新畫畫練習",pass,,non_depression_risk_user,
lolita_control_leader,"奈奈醬(,,・ω・,,)","奈奈今天也很努力了
要抱抱跟摸摸頭",2025-12-19 19:00:00,"是個貨真價實的🥑控
有時候會發負面文
會時常更新畫畫練習",pass,,non_depression_risk_user,
lolita_control_leader,"奈奈醬(,,・ω・,,)",早安安喵~,2025-12-19 06:50:00,"是個貨真價實的🥑控
有時候會發負面文
會時常更新畫畫練習",pass,,non_depression_risk_user,
lolita_control_leader,"奈奈醬(,,・ω・,,)",晚安安喵~,2025-12-18 23:39:00,"是個貨真價實的🥑控
有時候會發負面文
會時常更新畫畫練習",pass,,non_depression_risk_user,
lolita_control_leader,"奈奈醬(,,・ω・,,)","今天跟補習班請假了
好累…
心情也很不好…
安慰我QAQ",2025-12-18 17:17:00,"是個貨真價實的🥑控
有時候會發負面文
會時常更新畫畫練習",pass,,non_depression_risk_user,
lolita_control_leader,"奈奈醬(,,・ω・,,)",早安安喵~,2025-12-18 06:46:00,"是個貨真價實的🥑控
有時候會發負面文
會時常更新畫畫練習",pass,,non_depression_risk_user,
tha1_23_,tha1_23_,大家的葡萄吃完了嗎？,2026-01-01 00:03:00,,pass,,non_depression_risk_user,
tha1_23_,tha1_23_,"男生們
如果你們班導是很正身材很好的老師
你們會選擇
翹課還是翹著上一節課",2025-12-30 21:19:00,,pass,,non_depression_risk_user,
tha1_23_,tha1_23_,"你們知道為什麼小烏龜不敢打籃球嗎？
因為
旁邊的人都會說「小龜投,小龜投」",2025-12-28 20:18:00,,pass,,non_depression_risk_user,
10zai.yummy,十載手作,"🧧 新年快樂 🧧
有去跨年沒錯 🎉
但店沒有放假 😆
十載手作祝大家
新的一年都能慢慢過、好好生活。
等你來和我們一起迎接新的開始 ✨
附上可愛頌樂的新年拜年🤭",2026-01-01 01:35:00,"🍙 飯捲｜🥖 炒麵麵包｜韓式雜菜冬粉｜🥤 飲品
把練了十載的日常
放進每一份手作裡
📍嘉義市宣信街37號
營業時間:09:30-13:00 15:00-18:30(週三公休
📞052276736
訂餐連結👇",business,,skipped,
10zai.yummy,十載手作,"✨十載手作提前跟2025再見✨
短短兩周，十載手作就遇到了許多溫暖的你們🫶每一次光顧、每一句鼓勵，都讓我們感受到手作的幸福與力量🧡
今天是2025最後一天營業，明天星期三是我們的公休日，好好休息後，2026 再與大家相見，繼續手作生活的美好🌻
#嘉義新店 #韓式飯捲 #炒麵麵包 #韓式雜菜冬粉 #海帶湯 #水果茶 #泰式奶茶",2025-12-30 10:34:00,"🍙 飯捲｜🥖 炒麵麵包｜韓式雜菜冬粉｜🥤 飲品
把練了十載的日常
放進每一份手作裡
📍嘉義市宣信街37號
營業時間:09:30-13:00 15:00-18:30(週三公休
📞052276736
訂餐連結👇",business,,skipped,
10zai.yummy,十載手作,"🍙✨️十載手作線上訂餐持續服務中✨️🥖
最近發現 
很多聰明的客人 
都會先用線上訂餐 👍
不用等、取餐快 
而且線上訂餐還能 
 🌟自動累積點數 🌟
如果已經知道什麼時候要來 
也可以先提前預約餐點 
時間到再來取就好，真的很方便 📲 
店內全品項都可以線上訂餐 
📍嘉義市宣信街37號
#嘉義新店 #韓式飯捲 #韓式雜菜冬粉 #炒麵麵包 #泰式奶茶",2025-12-30 10:03:00,"🍙 飯捲｜🥖 炒麵麵包｜韓式雜菜冬粉｜🥤 飲品
把練了十載的日常
放進每一份手作裡
📍嘉義市宣信街37號
營業時間:09:30-13:00 15:00-18:30(週三公休
📞052276736
訂餐連結👇",business,,skipped,
10zai.yummy,十載手作,"🍞 麵包本人公告 🍞
大家好，我是
潛艇堡 & 炒麵麵包本人 🙋‍♂️
今天被點得有點太兇，
目前需要進後台休息一下😮‍💨
暫時缺貨中
預計 下午 5 點左右 會精神滿滿回歸💪
想吃我的朋友～
晚點再來找我
我會用熱呼呼的狀態迎接你❤️
#十載手作 #炒麵麵包 #潛艇堡",2025-12-29 15:39:00,"🍙 飯捲｜🥖 炒麵麵包｜韓式雜菜冬粉｜🥤 飲品
把練了十載的日常
放進每一份手作裡
📍嘉義市宣信街37號
營業時間:09:30-13:00 15:00-18:30(週三公休
📞052276736
訂餐連結👇",business,,skipped,
10zai.yummy,十載手作,"十載手作集點活動開跑啦🎉
今天想吃什麼？十載手作等您🫵
消費滿100元即獲得一點，以此類推～
集滿10點即可兌換古早味紅茶一杯
📍嘉義市宣信街37號
#韓式飯捲 #韓式雜菜冬粉 #炒麵麵包",2025-12-29 10:39:00,"🍙 飯捲｜🥖 炒麵麵包｜韓式雜菜冬粉｜🥤 飲品
把練了十載的日常
放進每一份手作裡
📍嘉義市宣信街37號
營業時間:09:30-13:00 15:00-18:30(週三公休
📞052276736
訂餐連結👇",business,,skipped,
10zai.yummy,十載手作,"🍅 番茄肉醬炒麵麵包 🥖
天氣一冷，
就會想吃點熱熱的。
番茄肉醬慢慢熬，
偷偷加了一點紅酒提香🍾
再放進 義式香料，
酸香中帶著溫潤的肉香
香氣在冷天氣裡特別明顯。
熱騰騰的炒麵麵包在手裡🧡
一口咬下去，不花俏但很耐吃
身體也跟著暖起來。
今天冷冷的，
來點剛好的溫度吧☺️
 #番茄肉醬炒麵麵包 #紅酒肉醬 #十載手作",2025-12-27 10:10:00,"🍙 飯捲｜🥖 炒麵麵包｜韓式雜菜冬粉｜🥤 飲品
把練了十載的日常
放進每一份手作裡
📍嘉義市宣信街37號
營業時間:09:30-13:00 15:00-18:30(週三公休
📞052276736
訂餐連結👇",business,,skipped,
10zai.yummy,十載手作,"冷冷又陰陰的天氣 ☁️ 
暖暖一碗海帶湯+韓式飯捲剛剛好 
慢慢喝，很舒服
有經過十載手作 
可以進來暖一下 💛
 #海帶湯 #今日現煮 #十載手作",2025-12-25 11:08:00,"🍙 飯捲｜🥖 炒麵麵包｜韓式雜菜冬粉｜🥤 飲品
把練了十載的日常
放進每一份手作裡
📍嘉義市宣信街37號
營業時間:09:30-13:00 15:00-18:30(週三公休
📞052276736
訂餐連結👇",business,,skipped,
10zai.yummy,十載手作,"📢 小公告 
十載手作【明日星期三店休一天】
今天還有營業喔！ 
想吃飯捲、潛艇堡、馬鈴薯蛋沙拉的朋友 
記得把握時間今天來 💛 
我們後天再見～
 #嘉義新店 #十載手作 #今天還有",2025-12-23 10:51:00,"🍙 飯捲｜🥖 炒麵麵包｜韓式雜菜冬粉｜🥤 飲品
把練了十載的日常
放進每一份手作裡
📍嘉義市宣信街37號
營業時間:09:30-13:00 15:00-18:30(週三公休
📞052276736
訂餐連結👇",business,,skipped,
10zai.yummy,十載手作,"最近很多人在問馬鈴薯蛋沙拉潛艇堡的蛋沙拉，可不可以單點？討論過後決定推出🥳
⚠️ 但要提醒一下
馬鈴薯蛋沙拉是每日限量製作🥔✨
賣完就沒有囉～
想吃的朋友記得早點來或電話詢問 🙏
#嘉義新店 #十載手作 #馬鈴薯蛋沙拉 #限量販售",2025-12-22 16:07:00,"🍙 飯捲｜🥖 炒麵麵包｜韓式雜菜冬粉｜🥤 飲品
把練了十載的日常
放進每一份手作裡
📍嘉義市宣信街37號
營業時間:09:30-13:00 15:00-18:30(週三公休
📞052276736
訂餐連結👇",business,,skipped,
10zai.yummy,十載手作,"✨ 十載手作菜單來囉～慢慢點，慢慢選！ ✨
飯捲：手作每天新鮮現做 🍙
飲品：微甜 、來一杯剛剛好🥤
炒麵麵包：香噴噴、份量滿滿 🍞
雜菜冬粉：芝麻油飄香、清爽無負擔🍲
海帶湯：暖暖的～好滋味💛
#嘉義美食  #韓式飯捲 #炒麵麵包 #泰式奶茶 #水果茶",2025-12-21 15:41:00,"🍙 飯捲｜🥖 炒麵麵包｜韓式雜菜冬粉｜🥤 飲品
把練了十載的日常
放進每一份手作裡
📍嘉義市宣信街37號
營業時間:09:30-13:00 15:00-18:30(週三公休
📞052276736
訂餐連結👇",business,,skipped,
10zai.yummy,十載手作,"有些味道
不用太多形容。
一杯古早味紅茶
慢慢喝，就很舒服。
#嘉義新店 #嘉義美食 #古早味紅茶 #十載手作",2025-12-20 16:47:00,"🍙 飯捲｜🥖 炒麵麵包｜韓式雜菜冬粉｜🥤 飲品
把練了十載的日常
放進每一份手作裡
📍嘉義市宣信街37號
營業時間:09:30-13:00 15:00-18:30(週三公休
📞052276736
訂餐連結👇",business,,skipped,
10zai.yummy,十載手作,"有些味道，一聞就知道對了。
Q彈炒麵拌上黑胡椒香氣
熱熱地夾進麵包裡
一口咬下，是熟悉卻不無聊的美味。
不花俏，但很耐吃
也是我們很想推薦給你的口味。
# 十載手作 #炒麵麵包 #黑胡椒口味 #嘉義美食 #嘉義新店 #日常手作",2025-12-19 11:33:00,"🍙 飯捲｜🥖 炒麵麵包｜韓式雜菜冬粉｜🥤 飲品
把練了十載的日常
放進每一份手作裡
📍嘉義市宣信街37號
營業時間:09:30-13:00 15:00-18:30(週三公休
📞052276736
訂餐連結👇",business,,skipped,
10zai.yummy,十載手作,"清爽的
不是只有夏天
🇰🇷 韓式雜菜冬粉
涼涼的
但味道很溫柔
#嘉義新店 #嘉義美食 #十載手作 #韓式雜菜冬粉",2025-12-18 09:51:00,"🍙 飯捲｜🥖 炒麵麵包｜韓式雜菜冬粉｜🥤 飲品
把練了十載的日常
放進每一份手作裡
📍嘉義市宣信街37號
營業時間:09:30-13:00 15:00-18:30(週三公休
📞052276736
訂餐連結👇",business,,skipped,
shuo_0688,彥,"等雲雀的新版戒指（手鐲）
等快要10年了 真的很期待大地篇
家庭教師真的是童年最頂的動畫之一",2025-12-20 12:00:00,"｜聽團｜動漫｜極i｜隨手記錄｜
是火種、魚、果子、夢遊者
別去ig，那邊很無聊
叫我ㄕㄨㄛˋ或碩就可以惹٩( 'ω' )و
頭貼是插畫家的露西小星辰",pass,,non_depression_risk_user,
shuo_0688,彥,望周知 尤其是沒法溝通與接受他人想法的,2025-12-20 10:28:00,"｜聽團｜動漫｜極i｜隨手記錄｜
是火種、魚、果子、夢遊者
別去ig，那邊很無聊
叫我ㄕㄨㄛˋ或碩就可以惹٩( 'ω' )و
頭貼是插畫家的露西小星辰",pass,,non_depression_risk_user,
shuo_0688,彥,筆記快點筆記,2025-12-20 10:11:00,"｜聽團｜動漫｜極i｜隨手記錄｜
是火種、魚、果子、夢遊者
別去ig，那邊很無聊
叫我ㄕㄨㄛˋ或碩就可以惹٩( 'ω' )و
頭貼是插畫家的露西小星辰",pass,,non_depression_risk_user,
shuo_0688,彥,看到自己截圖的重點被其他法律人拿去引用討論，有點感到與有榮焉，開心( ´▽` ),2025-12-20 09:23:00,"｜聽團｜動漫｜極i｜隨手記錄｜
是火種、魚、果子、夢遊者
別去ig，那邊很無聊
叫我ㄕㄨㄛˋ或碩就可以惹٩( 'ω' )و
頭貼是插畫家的露西小星辰",pass,,non_depression_risk_user,
shuo_0688,彥,有夠貴 好富⋯🥹🥹🥹,2025-12-19 18:52:00,"｜聽團｜動漫｜極i｜隨手記錄｜
是火種、魚、果子、夢遊者
別去ig，那邊很無聊
叫我ㄕㄨㄛˋ或碩就可以惹٩( 'ω' )و
頭貼是插畫家的露西小星辰",pass,,non_depression_risk_user,
shuo_0688,彥,"而且人家蔡大法官彩貞有在關心時事
像我們這種市井小民只能在網路☯️人
大法官沒在跟你☯️
她直接寫進憲判字裡噴花蓮王XD",2025-12-19 18:42:00,"｜聽團｜動漫｜極i｜隨手記錄｜
是火種、魚、果子、夢遊者
別去ig，那邊很無聊
叫我ㄕㄨㄛˋ或碩就可以惹٩( 'ω' )و
頭貼是插畫家的露西小星辰",pass,,non_depression_risk_user,
shuo_0688,彥,"要熟讀歷史脈絡才知道故事在講什麼
現在終於找到為什麼五位大法官寫這樣了
原來是援用動員戡亂時期的例子",2025-12-19 17:34:00,"｜聽團｜動漫｜極i｜隨手記錄｜
是火種、魚、果子、夢遊者
別去ig，那邊很無聊
叫我ㄕㄨㄛˋ或碩就可以惹٩( 'ω' )و
頭貼是插畫家的露西小星辰",pass,,non_depression_risk_user,
shuo_0688,彥,"楊大法官 朱大法官 蔡大法官
要提不同意見書要參加會議阿
學學另一位蔡大法官彩貞的行為好不好
人家好好出席會議好好提部分不同意見書
堂堂大法官在媒體輿論中反對
怎不好好出席會議呢?^^",2025-12-19 16:32:00,"｜聽團｜動漫｜極i｜隨手記錄｜
是火種、魚、果子、夢遊者
別去ig，那邊很無聊
叫我ㄕㄨㄛˋ或碩就可以惹٩( 'ω' )و
頭貼是插畫家的露西小星辰",pass,,non_depression_risk_user,
shuo_0688,彥,"114憲判字大快人心
具有十足的實質正當姓
但很嚴重耶
現在誰要來解釋
是誰給的權力讓僅存的5位大法官做判決(",2025-12-19 16:22:00,"｜聽團｜動漫｜極i｜隨手記錄｜
是火種、魚、果子、夢遊者
別去ig，那邊很無聊
叫我ㄕㄨㄛˋ或碩就可以惹٩( 'ω' )و
頭貼是插畫家的露西小星辰",pass,,non_depression_risk_user,
shuo_0688,彥,"明明昨天在跟脆友說我擔心被樂子人大做文章
不過有些事情留在我的個版也沒關係
對於價值觀這我依然堅持道不同不相為謀
不喜歡退我沒關係 我不喜歡我也會退人",2025-12-18 15:52:00,"｜聽團｜動漫｜極i｜隨手記錄｜
是火種、魚、果子、夢遊者
別去ig，那邊很無聊
叫我ㄕㄨㄛˋ或碩就可以惹٩( 'ω' )و
頭貼是插畫家的露西小星辰",pass,,non_depression_risk_user,
shuo_0688,彥,"個版設公開不等於可以披著言論自由的皮暢所欲言餒
私群在小圈圈講爆言也是要負責任的欸
朋友間義氣相挺我尊重
欸大家都在不舒服餒 不然誰會想呼籲這個兩性議題
重點不再是樂子人找樂子了 是已經困擾到圈外人
要維護言論自由又不准別人做評價是一件很夢幻的事情
我限縮一下內容
兩性議題男女都一樣界線要釐清 
網路世界就是界線最薄弱的地方",2025-12-18 15:38:00,"｜聽團｜動漫｜極i｜隨手記錄｜
是火種、魚、果子、夢遊者
別去ig，那邊很無聊
叫我ㄕㄨㄛˋ或碩就可以惹٩( 'ω' )و
頭貼是插畫家的露西小星辰",pass,,non_depression_risk_user,
1216_fish_,1216_fish_,🐱：你幹嘛！,2025-12-26 11:20:00,紀錄生活🐱,pass,,non_depression_risk_user,
1216_fish_,1216_fish_,"1～2～3～✌️
🐱；叫我幹嘛？",2025-12-23 23:44:00,紀錄生活🐱,pass,,non_depression_risk_user,
1216_fish_,1216_fish_,☁️,2025-12-22 11:24:00,紀錄生活🐱,pass,,non_depression_risk_user,
1216_fish_,1216_fish_,🐱,2025-12-22 11:23:00,紀錄生活🐱,pass,,non_depression_risk_user,
asd6429176,asd6429176,祝各位2026新年快樂🎆,2026-01-01 01:38:00,"高雄人
23歲
天蠍座
173",not_enough_posts,,skipped,
serendipitywildrose,做船人的三界紙藝一敬神紙藝往生紙藝工匠師,"旁邊一群日本人 
不知道他們有沒有想起黃金梅利號",2025-12-30 19:20:00,"18年做船人。瘋狂熱愛著 我的三界。
那天失智了，看看當年熱愛這一切的模樣
做船、喝酒、看海、搖滾樂 英搖 日搖
大谷翔平、海賊王、藍色、寫字、獨處
做大型手工藝品，逛金紙店、五金行
ENTJ-T / 🦁",pass,,non_depression_risk_user,
serendipitywildrose,做船人的三界紙藝一敬神紙藝往生紙藝工匠師,"這瓶酒真的好友善，藏在書櫃裡
都看不出他的鋒芒！
我不是為了流量發文，只是 我喜歡✌️",2025-12-29 21:17:00,"18年做船人。瘋狂熱愛著 我的三界。
那天失智了，看看當年熱愛這一切的模樣
做船、喝酒、看海、搖滾樂 英搖 日搖
大谷翔平、海賊王、藍色、寫字、獨處
做大型手工藝品，逛金紙店、五金行
ENTJ-T / 🦁",pass,,non_depression_risk_user,
serendipitywildrose,做船人的三界紙藝一敬神紙藝往生紙藝工匠師,好想全切了😌,2025-12-29 17:42:00,"18年做船人。瘋狂熱愛著 我的三界。
那天失智了，看看當年熱愛這一切的模樣
做船、喝酒、看海、搖滾樂 英搖 日搖
大谷翔平、海賊王、藍色、寫字、獨處
做大型手工藝品，逛金紙店、五金行
ENTJ-T / 🦁",pass,,non_depression_risk_user,
serendipitywildrose,做船人的三界紙藝一敬神紙藝往生紙藝工匠師,為了在乎的人百鍊成鋼,2025-12-29 14:00:00,"18年做船人。瘋狂熱愛著 我的三界。
那天失智了，看看當年熱愛這一切的模樣
做船、喝酒、看海、搖滾樂 英搖 日搖
大谷翔平、海賊王、藍色、寫字、獨處
做大型手工藝品，逛金紙店、五金行
ENTJ-T / 🦁",pass,,non_depression_risk_user,
serendipitywildrose,做船人的三界紙藝一敬神紙藝往生紙藝工匠師,"台北好大的地震！！！
希望大家都沒事❤️❤️❤️
手機快點充電！穿好羽絨外套！",2025-12-27 23:09:00,"18年做船人。瘋狂熱愛著 我的三界。
那天失智了，看看當年熱愛這一切的模樣
做船、喝酒、看海、搖滾樂 英搖 日搖
大谷翔平、海賊王、藍色、寫字、獨處
做大型手工藝品，逛金紙店、五金行
ENTJ-T / 🦁",pass,,non_depression_risk_user,
serendipitywildrose,做船人的三界紙藝一敬神紙藝往生紙藝工匠師,"想跟關注我瘋狂切菜的脆友們說
我overcooked 1&2 玩得很好
每一關至少都是三顆星 😆
而且 一定要喝酒才能玩得順手😌
無腦的割草也玩得很好（無雙蛇魔系列）
沒什麼事，想說而已✌️",2025-12-26 22:44:00,"18年做船人。瘋狂熱愛著 我的三界。
那天失智了，看看當年熱愛這一切的模樣
做船、喝酒、看海、搖滾樂 英搖 日搖
大谷翔平、海賊王、藍色、寫字、獨處
做大型手工藝品，逛金紙店、五金行
ENTJ-T / 🦁",pass,,non_depression_risk_user,
serendipitywildrose,做船人的三界紙藝一敬神紙藝往生紙藝工匠師,"剛剛去買蛋，想起小時候買蛋的笑話
小時候，因為我身體很瘦小，
（成人時長年體重只有38）
小時候，颱風強一點時
我很容易被風吹倒
但都不太敢跟爸媽說，
因為他們會罵我不吃東西又挑食，
有一次很強的颱風來了，要放假了
媽媽叫我趕快去樓下買「蛋」，
我暗示她現在風很強，我走路會危險
她說「￼快點！大家都要回家吃飯了！
明明是夏天，我為了增加重量，
硬是穿了最厚的羽絨外套跟最大的雨鞋⋯
好不容易買完蛋走回家時，
是順風，我只能邊煞車邊走路，
低頭彎腰緊緊環抱住蛋，
突然一陣強風，
把我吹得往前移動了好幾步，
往前衝的速度慢慢加快
過幾秒我整個「砰一下！」
超大力正面撞上旁邊的機車，
20顆蛋碎的我全身都是，機車也是⋯
我好害怕被機車騎士￼修理，
一身狼狽地衝回家，
開門的瞬間，我媽在客廳，
看著我的這一身，
全身都是濕的，臉、頭髮、上半身、褲子、雨鞋 全都是蛋液跟碎蛋殼
她完全驚呆了，定格十幾秒
把我從頭到腳看了好幾遍。
過了十幾秒，我才大哭著說
「就跟妳說不要叫我去買蛋！」
她吃驚說「妳怎麼穿這種衣服啦」
剛回到家的我爸靜靜地說
「要不要去收驚！
我姊我弟已經在旁邊偷笑到瘋了",2025-12-26 00:00:00,"18年做船人。瘋狂熱愛著 我的三界。
那天失智了，看看當年熱愛這一切的模樣
做船、喝酒、看海、搖滾樂 英搖 日搖
大谷翔平、海賊王、藍色、寫字、獨處
做大型手工藝品，逛金紙店、五金行
ENTJ-T / 🦁",pass,,non_depression_risk_user,
serendipitywildrose,做船人的三界紙藝一敬神紙藝往生紙藝工匠師,"祝你們聖誕快樂🎄
所愛的人都福如東海、壽比南山❤️",2025-12-25 01:42:00,"18年做船人。瘋狂熱愛著 我的三界。
那天失智了，看看當年熱愛這一切的模樣
做船、喝酒、看海、搖滾樂 英搖 日搖
大谷翔平、海賊王、藍色、寫字、獨處
做大型手工藝品，逛金紙店、五金行
ENTJ-T / 🦁",pass,,non_depression_risk_user,
serendipitywildrose,做船人的三界紙藝一敬神紙藝往生紙藝工匠師,"分享一下我的偉大計劃
歡迎留言更好的建議 （不要留幹話🤣）",2025-12-23 00:21:00,"18年做船人。瘋狂熱愛著 我的三界。
那天失智了，看看當年熱愛這一切的模樣
做船、喝酒、看海、搖滾樂 英搖 日搖
大谷翔平、海賊王、藍色、寫字、獨處
做大型手工藝品，逛金紙店、五金行
ENTJ-T / 🦁",pass,,non_depression_risk_user,
serendipitywildrose,做船人的三界紙藝一敬神紙藝往生紙藝工匠師,"脆友說""看妳快一個月，妳真人感好強"" 
這是...讚美嗎?  是什麼意思？🤔",2025-12-22 23:52:00,"18年做船人。瘋狂熱愛著 我的三界。
那天失智了，看看當年熱愛這一切的模樣
做船、喝酒、看海、搖滾樂 英搖 日搖
大谷翔平、海賊王、藍色、寫字、獨處
做大型手工藝品，逛金紙店、五金行
ENTJ-T / 🦁",pass,,non_depression_risk_user,
serendipitywildrose,做船人的三界紙藝一敬神紙藝往生紙藝工匠師,"這是平常拿刀的一部分模樣😆
好累 要睡了 晚安 祝你們也有個好夢🥰",2025-12-21 01:45:00,"18年做船人。瘋狂熱愛著 我的三界。
那天失智了，看看當年熱愛這一切的模樣
做船、喝酒、看海、搖滾樂 英搖 日搖
大谷翔平、海賊王、藍色、寫字、獨處
做大型手工藝品，逛金紙店、五金行
ENTJ-T / 🦁",pass,,non_depression_risk_user,
serendipitywildrose,做船人的三界紙藝一敬神紙藝往生紙藝工匠師,"到現在還在為明天的眾人⋯而忙碌
但我還是很認真做著每一件小事
儘管 沒有任何人看見
常常都把自己熬到筋疲力盡還是繼續撐
不是為了得到誰的認同
只是因為 我喜歡這樣的自己 
那些專注的分分秒秒 都讓我感到幸福
希望 每個人都平平安安 健健康康
快快樂樂 福如東海 壽比南山
也許我無法回覆每一個留言
但我都知道 謝謝❤️
謝謝給我善意回應的每一個你們❤️
謝謝你們一起分享我有點蠢的喜悅😆",2025-12-20 22:53:00,"18年做船人。瘋狂熱愛著 我的三界。
那天失智了，看看當年熱愛這一切的模樣
做船、喝酒、看海、搖滾樂 英搖 日搖
大谷翔平、海賊王、藍色、寫字、獨處
做大型手工藝品，逛金紙店、五金行
ENTJ-T / 🦁",pass,,non_depression_risk_user,
serendipitywildrose,做船人的三界紙藝一敬神紙藝往生紙藝工匠師,"我姊說：「妳可以先去切菜」我欣喜若狂
五分鐘後，「妳一定要這麼沒有常識嗎？
這是要包肉的生菜！」
我以為切菜是最不容易被趕出廚房的⋯",2025-12-20 12:37:00,"18年做船人。瘋狂熱愛著 我的三界。
那天失智了，看看當年熱愛這一切的模樣
做船、喝酒、看海、搖滾樂 英搖 日搖
大谷翔平、海賊王、藍色、寫字、獨處
做大型手工藝品，逛金紙店、五金行
ENTJ-T / 🦁",pass,,non_depression_risk_user,
serendipitywildrose,做船人的三界紙藝一敬神紙藝往生紙藝工匠師,"我拿各種刀片跟熱熔槍 拿了十八年，
從沒想過有一天我會認真研究菜刀😳
我的做船工具材料多到開一間店都沒問題
沒想到⋯我即將在這堆工具裡「藏菜刀」
想到就興奮得睡不著（明天要六點起床😌
很感謝你們從不吝嗇的鼓勵與支持
從不阻止我每個很鬧的歡樂切菜
還提出一堆引起我戰鬥欲的事
真的👍👍👍",2025-12-19 01:46:00,"18年做船人。瘋狂熱愛著 我的三界。
那天失智了，看看當年熱愛這一切的模樣
做船、喝酒、看海、搖滾樂 英搖 日搖
大谷翔平、海賊王、藍色、寫字、獨處
做大型手工藝品，逛金紙店、五金行
ENTJ-T / 🦁",pass,,non_depression_risk_user,
gamlic_studio,Gamlic Studio,新年快樂🎉 （慢慢浮出水面,2026-01-01 02:01:00,"GAMLIC 開發者碎碎念 ｜ 商店頁面下面連結👇
https://store.steampowered.com/app/3895050/_/",not_enough_posts,,skipped,
gamlic_studio,Gamlic Studio,"突然和朋友聊起遊戲定價問題
遊戲售價決定玩家看到感興趣的遊戲的時候會不會第一時間買下來，而不是先猶豫一下或者等特價
就我個人來說，100港元/12美元 或以下的遊戲，我會先買下再說；歐美玩家的接受度可能會再高一點，物價也高對吧；台灣的話我就不太清楚了
台北的物價比香港的低一點，也沒說低很多，接受度可能會落在8-10美元左右？
但我看有些賣到8-10美的黃油被罵賣得太貴
就中小型獨立遊戲而言，你們覺得什麼售價是最合適的呢？搶先體驗和正式版本在定價方面會有什麼策略呢？",2025-12-20 20:57:00,"GAMLIC 開發者碎碎念 ｜ 商店頁面下面連結👇
https://store.steampowered.com/app/3895050/_/",not_enough_posts,,skipped,
mk_77gg,何溎jin,我愛瘋頭（陶醉到運鏡也很陶醉）,2025-12-21 01:06:00,會不會還沒遇見你我就已經死掉,pass,,non_depression_risk_user,
mk_77gg,何溎jin,幹第一次看到影片版的 我真的快要笑死掉,2025-12-18 15:57:00,會不會還沒遇見你我就已經死掉,pass,,non_depression_risk_user,
mk_77gg,何溎jin,嘿嘿嘿嘿嘿嘿這禮拜要看宇宙寶了嘿嘿,2025-12-18 11:51:00,會不會還沒遇見你我就已經死掉,pass,,non_depression_risk_user,
mothra_1961,Mothra,新魔斯拉羽化的方式。從繭裡飛出大量的魔斯拉分身，然後合體誕生。畫面美美的😍,2025-12-29 01:24:00,"我是鄭元晃。我是一個喜歡巨大蛾怪獸-魔斯拉的台灣瘋狂影迷。這裡紀錄我的魔斯拉手工創作與相關圖片文章，希望我能將自己對魔斯拉的熱愛，讓更多人認識牠。
我不是模型師，做魔斯拉只是我的興趣，因為我太愛牠了！我的作品沒有販售，非常抱歉🥺
FB社群：台灣魔斯拉世界
推特：@mothra1224",non_life,,skipped,
mothra_1961,Mothra,"第二次帶摩斯拉來高雄,明年還會再帶摩斯拉來😍",2025-12-28 23:58:00,"我是鄭元晃。我是一個喜歡巨大蛾怪獸-魔斯拉的台灣瘋狂影迷。這裡紀錄我的魔斯拉手工創作與相關圖片文章，希望我能將自己對魔斯拉的熱愛，讓更多人認識牠。
我不是模型師，做魔斯拉只是我的興趣，因為我太愛牠了！我的作品沒有販售，非常抱歉🥺
FB社群：台灣魔斯拉世界
推特：@mothra1224",non_life,,skipped,
mothra_1961,Mothra,巴特拉的翅膀真的好迷人,2025-12-28 14:47:00,"我是鄭元晃。我是一個喜歡巨大蛾怪獸-魔斯拉的台灣瘋狂影迷。這裡紀錄我的魔斯拉手工創作與相關圖片文章，希望我能將自己對魔斯拉的熱愛，讓更多人認識牠。
我不是模型師，做魔斯拉只是我的興趣，因為我太愛牠了！我的作品沒有販售，非常抱歉🥺
FB社群：台灣魔斯拉世界
推特：@mothra1224",non_life,,skipped,
mothra_1961,Mothra,"好大的地震😭😱
大家還好嗎😳",2025-12-27 23:17:00,"我是鄭元晃。我是一個喜歡巨大蛾怪獸-魔斯拉的台灣瘋狂影迷。這裡紀錄我的魔斯拉手工創作與相關圖片文章，希望我能將自己對魔斯拉的熱愛，讓更多人認識牠。
我不是模型師，做魔斯拉只是我的興趣，因為我太愛牠了！我的作品沒有販售，非常抱歉🥺
FB社群：台灣魔斯拉世界
推特：@mothra1224",non_life,,skipped,
mothra_1961,Mothra,"很有特色的魔斯拉歌曲。我特別喜歡唷~唷~唷~🙌🏻💃🏻🕺🏻（這樣跳一個月應該可以瘦下來吧）
這部魔斯拉都在睡覺中，只有最後醒過來了，然後飛去跟哥吉拉小小戰鬥一下。 我喜歡魔斯拉甦醒時，眼睛發光的狀態，很漂亮。",2025-12-27 00:59:00,"我是鄭元晃。我是一個喜歡巨大蛾怪獸-魔斯拉的台灣瘋狂影迷。這裡紀錄我的魔斯拉手工創作與相關圖片文章，希望我能將自己對魔斯拉的熱愛，讓更多人認識牠。
我不是模型師，做魔斯拉只是我的興趣，因為我太愛牠了！我的作品沒有販售，非常抱歉🥺
FB社群：台灣魔斯拉世界
推特：@mothra1224",non_life,,skipped,
mothra_1961,Mothra,我最喜歡的摩斯拉翅膀紋路,2025-12-26 22:36:00,"我是鄭元晃。我是一個喜歡巨大蛾怪獸-魔斯拉的台灣瘋狂影迷。這裡紀錄我的魔斯拉手工創作與相關圖片文章，希望我能將自己對魔斯拉的熱愛，讓更多人認識牠。
我不是模型師，做魔斯拉只是我的興趣，因為我太愛牠了！我的作品沒有販售，非常抱歉🥺
FB社群：台灣魔斯拉世界
推特：@mothra1224",non_life,,skipped,
mothra_1961,Mothra,"小時候有一年我的生日，老爸突然想到還怎樣。知道我很喜歡用彩色筆畫畫，晚上他看新聞看到一半突然出門，然後去附近文具店買了一盒彩色筆回來送給我😊
至今還是記得很清楚，他買了一盒粉紅色外盒的。
我們已經很久沒有夢到他，我想他大概已經去了很好的地方了🙂🙂",2025-12-25 21:37:00,"我是鄭元晃。我是一個喜歡巨大蛾怪獸-魔斯拉的台灣瘋狂影迷。這裡紀錄我的魔斯拉手工創作與相關圖片文章，希望我能將自己對魔斯拉的熱愛，讓更多人認識牠。
我不是模型師，做魔斯拉只是我的興趣，因為我太愛牠了！我的作品沒有販售，非常抱歉🥺
FB社群：台灣魔斯拉世界
推特：@mothra1224",non_life,,skipped,
mothra_1961,Mothra,聖誕快樂🎄,2025-12-25 12:48:00,"我是鄭元晃。我是一個喜歡巨大蛾怪獸-魔斯拉的台灣瘋狂影迷。這裡紀錄我的魔斯拉手工創作與相關圖片文章，希望我能將自己對魔斯拉的熱愛，讓更多人認識牠。
我不是模型師，做魔斯拉只是我的興趣，因為我太愛牠了！我的作品沒有販售，非常抱歉🥺
FB社群：台灣魔斯拉世界
推特：@mothra1224",non_life,,skipped,
mothra_1961,Mothra,"平成魔斯拉三部曲 藍光
超漂亮的海報 超華麗的變身💪🏻",2025-12-25 08:15:00,"我是鄭元晃。我是一個喜歡巨大蛾怪獸-魔斯拉的台灣瘋狂影迷。這裡紀錄我的魔斯拉手工創作與相關圖片文章，希望我能將自己對魔斯拉的熱愛，讓更多人認識牠。
我不是模型師，做魔斯拉只是我的興趣，因為我太愛牠了！我的作品沒有販售，非常抱歉🥺
FB社群：台灣魔斯拉世界
推特：@mothra1224",non_life,,skipped,
mothra_1961,Mothra,魔斯拉手工作品集桌曆已在今天全部寄送。由於數量非常的多寄送時還手忙腳亂😆煩請收到後有任何的問題，請跟我聯絡🙂 希望大家喜歡🦋,2025-12-24 21:14:00,"我是鄭元晃。我是一個喜歡巨大蛾怪獸-魔斯拉的台灣瘋狂影迷。這裡紀錄我的魔斯拉手工創作與相關圖片文章，希望我能將自己對魔斯拉的熱愛，讓更多人認識牠。
我不是模型師，做魔斯拉只是我的興趣，因為我太愛牠了！我的作品沒有販售，非常抱歉🥺
FB社群：台灣魔斯拉世界
推特：@mothra1224",non_life,,skipped,
mothra_1961,Mothra,包裝完畢，使用粉彩氣泡袋包裝寄送。希望今天能順利寄出🙌🏻,2025-12-24 16:03:00,"我是鄭元晃。我是一個喜歡巨大蛾怪獸-魔斯拉的台灣瘋狂影迷。這裡紀錄我的魔斯拉手工創作與相關圖片文章，希望我能將自己對魔斯拉的熱愛，讓更多人認識牠。
我不是模型師，做魔斯拉只是我的興趣，因為我太愛牠了！我的作品沒有販售，非常抱歉🥺
FB社群：台灣魔斯拉世界
推特：@mothra1224",non_life,,skipped,
mothra_1961,Mothra,這組實在超可愛。到現在還是愛不釋手。,2025-12-24 01:31:00,"我是鄭元晃。我是一個喜歡巨大蛾怪獸-魔斯拉的台灣瘋狂影迷。這裡紀錄我的魔斯拉手工創作與相關圖片文章，希望我能將自己對魔斯拉的熱愛，讓更多人認識牠。
我不是模型師，做魔斯拉只是我的興趣，因為我太愛牠了！我的作品沒有販售，非常抱歉🥺
FB社群：台灣魔斯拉世界
推特：@mothra1224",non_life,,skipped,
mothra_1961,Mothra,蟲蟲,2025-12-24 00:42:00,"我是鄭元晃。我是一個喜歡巨大蛾怪獸-魔斯拉的台灣瘋狂影迷。這裡紀錄我的魔斯拉手工創作與相關圖片文章，希望我能將自己對魔斯拉的熱愛，讓更多人認識牠。
我不是模型師，做魔斯拉只是我的興趣，因為我太愛牠了！我的作品沒有販售，非常抱歉🥺
FB社群：台灣魔斯拉世界
推特：@mothra1224",non_life,,skipped,
mothra_1961,Mothra,"祝自己生日快樂🙌
明年我會繼續創造更多精彩的摩斯拉作品!",2025-12-24 00:09:00,"我是鄭元晃。我是一個喜歡巨大蛾怪獸-魔斯拉的台灣瘋狂影迷。這裡紀錄我的魔斯拉手工創作與相關圖片文章，希望我能將自己對魔斯拉的熱愛，讓更多人認識牠。
我不是模型師，做魔斯拉只是我的興趣，因為我太愛牠了！我的作品沒有販售，非常抱歉🥺
FB社群：台灣魔斯拉世界
推特：@mothra1224",non_life,,skipped,
mothra_1961,Mothra,巨大飛蛾襲來,2025-12-22 11:05:00,"我是鄭元晃。我是一個喜歡巨大蛾怪獸-魔斯拉的台灣瘋狂影迷。這裡紀錄我的魔斯拉手工創作與相關圖片文章，希望我能將自己對魔斯拉的熱愛，讓更多人認識牠。
我不是模型師，做魔斯拉只是我的興趣，因為我太愛牠了！我的作品沒有販售，非常抱歉🥺
FB社群：台灣魔斯拉世界
推特：@mothra1224",non_life,,skipped,
mothra_1961,Mothra,這隻翅膀超大🦋,2025-12-22 01:04:00,"我是鄭元晃。我是一個喜歡巨大蛾怪獸-魔斯拉的台灣瘋狂影迷。這裡紀錄我的魔斯拉手工創作與相關圖片文章，希望我能將自己對魔斯拉的熱愛，讓更多人認識牠。
我不是模型師，做魔斯拉只是我的興趣，因為我太愛牠了！我的作品沒有販售，非常抱歉🥺
FB社群：台灣魔斯拉世界
推特：@mothra1224",non_life,,skipped,
mothra_1961,Mothra,"沒有人跟我玩交換禮物
只好做禮物送給自己了😈🦋",2025-12-21 11:35:00,"我是鄭元晃。我是一個喜歡巨大蛾怪獸-魔斯拉的台灣瘋狂影迷。這裡紀錄我的魔斯拉手工創作與相關圖片文章，希望我能將自己對魔斯拉的熱愛，讓更多人認識牠。
我不是模型師，做魔斯拉只是我的興趣，因為我太愛牠了！我的作品沒有販售，非常抱歉🥺
FB社群：台灣魔斯拉世界
推特：@mothra1224",non_life,,skipped,
mothra_1961,Mothra,"來房間的裝東西的師傅表示 :
🫥🫥🫥🫥🫥🫥🫥🫥🫥🫥",2025-12-21 09:50:00,"我是鄭元晃。我是一個喜歡巨大蛾怪獸-魔斯拉的台灣瘋狂影迷。這裡紀錄我的魔斯拉手工創作與相關圖片文章，希望我能將自己對魔斯拉的熱愛，讓更多人認識牠。
我不是模型師，做魔斯拉只是我的興趣，因為我太愛牠了！我的作品沒有販售，非常抱歉🥺
FB社群：台灣魔斯拉世界
推特：@mothra1224",non_life,,skipped,
mothra_1961,Mothra,美版摩斯拉羽化-華麗展翅,2025-12-20 11:48:00,"我是鄭元晃。我是一個喜歡巨大蛾怪獸-魔斯拉的台灣瘋狂影迷。這裡紀錄我的魔斯拉手工創作與相關圖片文章，希望我能將自己對魔斯拉的熱愛，讓更多人認識牠。
我不是模型師，做魔斯拉只是我的興趣，因為我太愛牠了！我的作品沒有販售，非常抱歉🥺
FB社群：台灣魔斯拉世界
推特：@mothra1224",non_life,,skipped,
mothra_1961,Mothra,摩斯拉小美人2004,2025-12-20 10:20:00,"我是鄭元晃。我是一個喜歡巨大蛾怪獸-魔斯拉的台灣瘋狂影迷。這裡紀錄我的魔斯拉手工創作與相關圖片文章，希望我能將自己對魔斯拉的熱愛，讓更多人認識牠。
我不是模型師，做魔斯拉只是我的興趣，因為我太愛牠了！我的作品沒有販售，非常抱歉🥺
FB社群：台灣魔斯拉世界
推特：@mothra1224",non_life,,skipped,
mothra_1961,Mothra,"以前用安全帽做的摩斯拉帽帽
參加活動時短暫戴著 (沒有拿來騎車戴)",2025-12-19 23:25:00,"我是鄭元晃。我是一個喜歡巨大蛾怪獸-魔斯拉的台灣瘋狂影迷。這裡紀錄我的魔斯拉手工創作與相關圖片文章，希望我能將自己對魔斯拉的熱愛，讓更多人認識牠。
我不是模型師，做魔斯拉只是我的興趣，因為我太愛牠了！我的作品沒有販售，非常抱歉🥺
FB社群：台灣魔斯拉世界
推特：@mothra1224",non_life,,skipped,
mothra_1961,Mothra,下次跟著魔斯拉一起走🦋,2025-12-19 21:58:00,"我是鄭元晃。我是一個喜歡巨大蛾怪獸-魔斯拉的台灣瘋狂影迷。這裡紀錄我的魔斯拉手工創作與相關圖片文章，希望我能將自己對魔斯拉的熱愛，讓更多人認識牠。
我不是模型師，做魔斯拉只是我的興趣，因為我太愛牠了！我的作品沒有販售，非常抱歉🥺
FB社群：台灣魔斯拉世界
推特：@mothra1224",non_life,,skipped,
mothra_1961,Mothra,亞里斯姊妹1996,2025-12-19 10:04:00,"我是鄭元晃。我是一個喜歡巨大蛾怪獸-魔斯拉的台灣瘋狂影迷。這裡紀錄我的魔斯拉手工創作與相關圖片文章，希望我能將自己對魔斯拉的熱愛，讓更多人認識牠。
我不是模型師，做魔斯拉只是我的興趣，因為我太愛牠了！我的作品沒有販售，非常抱歉🥺
FB社群：台灣魔斯拉世界
推特：@mothra1224",non_life,,skipped,
mothra_1961,Mothra,摩斯拉大戰蓋鋼,2025-12-19 09:59:00,"我是鄭元晃。我是一個喜歡巨大蛾怪獸-魔斯拉的台灣瘋狂影迷。這裡紀錄我的魔斯拉手工創作與相關圖片文章，希望我能將自己對魔斯拉的熱愛，讓更多人認識牠。
我不是模型師，做魔斯拉只是我的興趣，因為我太愛牠了！我的作品沒有販售，非常抱歉🥺
FB社群：台灣魔斯拉世界
推特：@mothra1224",non_life,,skipped,
mothra_1961,Mothra,那個絲看起來好柔軟好舒服,2025-12-18 21:34:00,"我是鄭元晃。我是一個喜歡巨大蛾怪獸-魔斯拉的台灣瘋狂影迷。這裡紀錄我的魔斯拉手工創作與相關圖片文章，希望我能將自己對魔斯拉的熱愛，讓更多人認識牠。
我不是模型師，做魔斯拉只是我的興趣，因為我太愛牠了！我的作品沒有販售，非常抱歉🥺
FB社群：台灣魔斯拉世界
推特：@mothra1224",non_life,,skipped,
mothra_1961,Mothra,乾脆叫你魔斯拉🐍🐍,2025-12-18 09:07:00,"我是鄭元晃。我是一個喜歡巨大蛾怪獸-魔斯拉的台灣瘋狂影迷。這裡紀錄我的魔斯拉手工創作與相關圖片文章，希望我能將自己對魔斯拉的熱愛，讓更多人認識牠。
我不是模型師，做魔斯拉只是我的興趣，因為我太愛牠了！我的作品沒有販售，非常抱歉🥺
FB社群：台灣魔斯拉世界
推特：@mothra1224",non_life,,skipped,
janice1890_,Janice曾思薰,02:23新年快樂,2026-01-01 02:23:00,我喜歡吃棉花糖,pass,,non_depression_risk_user,
janice1890_,Janice曾思薰,2024最後一個 23:24 誰還醒著,2025-12-31 23:24:00,我喜歡吃棉花糖,pass,,non_depression_risk_user,
janice1890_,Janice曾思薰,22:58 誰醒著,2025-12-31 22:58:00,我喜歡吃棉花糖,pass,,non_depression_risk_user,
janice1890_,Janice曾思薰,21:32誰醒著,2025-12-31 21:32:00,我喜歡吃棉花糖,pass,,non_depression_risk_user,
janice1890_,Janice曾思薰,太好了 這是今年最後一天單身,2025-12-31 16:10:00,我喜歡吃棉花糖,pass,,non_depression_risk_user,
janice1890_,Janice曾思薰,我記得 9/1,2025-12-31 16:10:00,我喜歡吃棉花糖,pass,,non_depression_risk_user,
janice1890_,Janice曾思薰,02:24誰沒睡,2025-12-30 02:24:00,我喜歡吃棉花糖,pass,,non_depression_risk_user,
janice1890_,Janice曾思薰,🍰🫧🎄🐱,2025-12-30 01:35:00,我喜歡吃棉花糖,pass,,non_depression_risk_user,
janice1890_,Janice曾思薰,23:31誰還沒睡,2025-12-29 23:31:00,我喜歡吃棉花糖,pass,,non_depression_risk_user,
janice1890_,Janice曾思薰,我要開始重看航海王了好爽,2025-12-29 15:04:00,我喜歡吃棉花糖,pass,,non_depression_risk_user,
janice1890_,Janice曾思薰,12/28破防8次,2025-12-29 02:37:00,我喜歡吃棉花糖,pass,,non_depression_risk_user,
janice1890_,Janice曾思薰,我已經放寒假了 沒有什麼意思沒有想炫耀單純想分享,2025-12-29 01:24:00,我喜歡吃棉花糖,pass,,non_depression_risk_user,
janice1890_,Janice曾思薰,00:57 誰還沒睡,2025-12-29 00:57:00,我喜歡吃棉花糖,pass,,non_depression_risk_user,
janice1890_,Janice曾思薰,"這禮拜聽到很好笑的事
我朋友幫他的車子取名字叫阿泡",2025-12-27 13:11:00,我喜歡吃棉花糖,pass,,non_depression_risk_user,
janice1890_,Janice曾思薰,"嘿嘿終於買到喜歡的飯糰了
昨天跟前天都沒買到",2025-12-27 12:58:00,我喜歡吃棉花糖,pass,,non_depression_risk_user,
janice1890_,Janice曾思薰,"一個小時7個人破防84次 ？
謝謝破防計時器讓我們的破防具象化",2025-12-26 17:24:00,我喜歡吃棉花糖,pass,,non_depression_risk_user,
janice1890_,Janice曾思薰,"剛剛有好多人跟我打賭 
大四前只要一次表演沒有放槍 
要請我吃海底撈",2025-12-26 04:09:00,我喜歡吃棉花糖,pass,,non_depression_risk_user,
janice1890_,Janice曾思薰,傻逼 為什麼有人跟我說行憲紀念日快樂^^👎🏾,2025-12-25 22:46:00,我喜歡吃棉花糖,pass,,non_depression_risk_user,
janice1890_,Janice曾思薰,"今天有認真計時破防幾次💥💥
晚點跟你們上數據💢",2025-12-22 16:50:00,我喜歡吃棉花糖,pass,,non_depression_risk_user,
janice1890_,Janice曾思薰,"19歲生日 朋友看我一直在破防 
於是送我一個破防計算器 
從明天開始我會跟大家更新一天破防幾次
💥💥💥",2025-12-21 17:55:00,我喜歡吃棉花糖,pass,,non_depression_risk_user,
sharolcalvo,Sharol Calvo,🤡,2025-12-31 08:17:00,,pass,,non_depression_risk_user,
sharolcalvo,Sharol Calvo,Nadie está tan ocupado como para no responderte 🫤,2025-12-28 09:31:00,,pass,,non_depression_risk_user,
sharolcalvo,Sharol Calvo,☹️,2025-12-20 10:03:00,,pass,,non_depression_risk_user,
sharolcalvo,Sharol Calvo,El amor no se duda.,2025-12-20 09:56:00,,pass,,non_depression_risk_user,
ljy.0907,ค ᳐小苒 ᳐ฅ ੭ﾞ,我的錢包要保不住了，真的好萌喔嗚嗚嗚,2025-12-19 18:33:00,,pass,,non_depression_risk_user,
ljy.0907,ค ᳐小苒 ᳐ฅ ੭ﾞ,連勝完的代價就是連敗，我一直在哭啦，為什麼都不追我啊，一直抓豬😭😭,2025-12-19 14:04:00,,pass,,non_depression_risk_user,
ljy.0907,ค ᳐小苒 ᳐ฅ ੭ﾞ,已經拍上了，後面有擊玩自行避雷,2025-12-18 23:49:00,,pass,,non_depression_risk_user,
ljy.0907,ค ᳐小苒 ᳐ฅ ੭ﾞ,莊園主是這樣的，攻擊性0但污辱性極強🥵,2025-12-18 17:32:00,,pass,,non_depression_risk_user,
ljy.0907,ค ᳐小苒 ᳐ฅ ੭ﾞ,尋找固排，單排太命苦了。😭😭😭😭,2025-12-18 08:35:00,,pass,,non_depression_risk_user,
1jmigsh__,1jmigsh__,我才吃到第二顆葡萄 36秒就結束了,2026-01-01 00:02:00,不要追蹤我,pass,,low_depression_risk_user,
1jmigsh__,1jmigsh__,生日快樂😭😭,2025-12-31 23:21:00,不要追蹤我,pass,,low_depression_risk_user,
1jmigsh__,1jmigsh__,我總是用片刻的幸福去原諒一切,2025-12-28 22:19:00,不要追蹤我,pass,,low_depression_risk_user,
1jmigsh__,1jmigsh__,最近不知道怎麼了 情緒超級低落 也不想社交 不想說話不想唸書 不想出門 整天都在焦慮的滑手機 我到底怎麼了啊,2025-12-27 21:21:00,不要追蹤我,pass,,low_depression_risk_user,
1jmigsh__,1jmigsh__,突然發現 我變成自己以前最討厭的那種人了,2025-12-24 19:46:00,不要追蹤我,pass,,low_depression_risk_user,
1010___lin.jie,𝓁𝒾𝓃 𝒿𝒾𝑒 🧚‍♀️,"說走就走 搭了16站的捷運..
來看煙火
一切都值得了🥳
新年快樂❤️",2026-01-01 02:09:00,"𝟮𝟬𝟬𝟬𝟭𝟬𝟭𝟬 🇹🇼
ℓιвяα gιяℓ ⚖
𓆛 𓆜 𓆝 𓆞 𓆛 𓆜𓆝 𓆞",pass,,non_depression_risk_user,
1010___lin.jie,𝓁𝒾𝓃 𝒿𝒾𝑒 🧚‍♀️,"在高中入學
班上同學：尼是不是xxx 跟我同個國中的
朋友：尼是不是有出現在哪裡？
到大學教授：尼是不是有在哪裡做直播主
甚至客人問：我是不是還有在哪裡上班
為什麼大家都覺得！！！
好像在哪裡看過我😂",2025-12-31 01:01:00,"𝟮𝟬𝟬𝟬𝟭𝟬𝟭𝟬 🇹🇼
ℓιвяα gιяℓ ⚖
𓆛 𓆜 𓆝 𓆞 𓆛 𓆜𓆝 𓆞",pass,,non_depression_risk_user,
1010___lin.jie,𝓁𝒾𝓃 𝒿𝒾𝑒 🧚‍♀️,"不是啊
大半夜在想要去哪裡跨年
推薦去哪裏跨年嗎
覺得現在不管去哪裡～
好像都很危險❗️
新聞一直報不停
都要好好的😔😔😔",2025-12-29 01:50:00,"𝟮𝟬𝟬𝟬𝟭𝟬𝟭𝟬 🇹🇼
ℓιвяα gιяℓ ⚖
𓆛 𓆜 𓆝 𓆞 𓆛 𓆜𓆝 𓆞",pass,,non_depression_risk_user,
1010___lin.jie,𝓁𝒾𝓃 𝒿𝒾𝑒 🧚‍♀️,紀錄一下戴墨鏡的me😎,2025-12-29 00:55:00,"𝟮𝟬𝟬𝟬𝟭𝟬𝟭𝟬 🇹🇼
ℓιвяα gιяℓ ⚖
𓆛 𓆜 𓆝 𓆞 𓆛 𓆜𓆝 𓆞",pass,,non_depression_risk_user,
1010___lin.jie,𝓁𝒾𝓃 𝒿𝒾𝑒 🧚‍♀️,𝕄𝕖𝕣𝕣𝕪 ℂ𝕙𝕣𝕚𝕤𝕥𝕞𝕒𝕤🌟,2025-12-27 22:03:00,"𝟮𝟬𝟬𝟬𝟭𝟬𝟭𝟬 🇹🇼
ℓιвяα gιяℓ ⚖
𓆛 𓆜 𓆝 𓆞 𓆛 𓆜𓆝 𓆞",pass,,non_depression_risk_user,
imsocoldbabyholdmyhand,世紀最萌ㄇㄧㄇㄧㄧ,吃葡萄已經過了一小時我還在飽,2026-01-01 01:31:00,我突然忘記我要幹嘛,pass,,non_depression_risk_user,
imsocoldbabyholdmyhand,世紀最萌ㄇㄧㄇㄧㄧ,7/12 也算是補充到維他命C了,2026-01-01 00:37:00,我突然忘記我要幹嘛,pass,,non_depression_risk_user,
imsocoldbabyholdmyhand,世紀最萌ㄇㄧㄇㄧㄧ,Bro chill af,2025-12-30 18:28:00,我突然忘記我要幹嘛,pass,,non_depression_risk_user,
imsocoldbabyholdmyhand,世紀最萌ㄇㄧㄇㄧㄧ,白癡 誰在大跳,2025-12-27 23:16:00,我突然忘記我要幹嘛,pass,,non_depression_risk_user,
imsocoldbabyholdmyhand,世紀最萌ㄇㄧㄇㄧㄧ,12/22～12/26,2025-12-26 23:12:00,我突然忘記我要幹嘛,pass,,non_depression_risk_user,
imsocoldbabyholdmyhand,世紀最萌ㄇㄧㄇㄧㄧ,"Dear Santa,
175+ 小帥 會樂器 情緒穩定 三觀正 日韓系 乾淨 健身 會煮飯 聰明 愛我 大方 有錢 細心 勤奮 自律 有邊界感 幽默 安全感 香 有儀式感
Thanks.",2025-12-25 21:55:00,我突然忘記我要幹嘛,pass,,non_depression_risk_user,
imsocoldbabyholdmyhand,世紀最萌ㄇㄧㄇㄧㄧ,我平安夜都聽崴孟三百天禮物,2025-12-24 23:45:00,我突然忘記我要幹嘛,pass,,non_depression_risk_user,
imsocoldbabyholdmyhand,世紀最萌ㄇㄧㄇㄧㄧ,脆有雪花欸好好笑我以為我手機壞掉,2025-12-23 16:52:00,我突然忘記我要幹嘛,pass,,non_depression_risk_user,
imsocoldbabyholdmyhand,世紀最萌ㄇㄧㄇㄧㄧ,我想買衣服哪裡可以買衣服我想買衣服哪裡可以買衣服我想買衣服哪裡可以買衣服,2025-12-22 19:31:00,我突然忘記我要幹嘛,pass,,non_depression_risk_user,
imsocoldbabyholdmyhand,世紀最萌ㄇㄧㄇㄧㄧ,跟我早上起床的表情差不多,2025-12-21 22:26:00,我突然忘記我要幹嘛,pass,,non_depression_risk_user,
jhani_mx,Tsing,"新年第一願
許願今年04.25 04.26喆奎CxM小分隊高雄場有票全勤進場🙏",2026-01-01 02:31:00,,non_life,,skipped,
jhani_mx,Tsing,"雖然入坑時間只有兩年多但是是我到現在為止最幸福的兩年🥰
未來也要繼續陪伴彼此❤️
SEVENTEEN CARAT FOREVER❤️",2025-12-31 22:56:00,,non_life,,skipped,
jhani_mx,Tsing,"2025年最後一天用頭紗淨圓來紀念❤️
一直慶幸自己當時買了兩組現在才能一起擺出來❤️",2025-12-31 01:16:00,,non_life,,skipped,
jhani_mx,Tsing,許願2026.4.25 4.26喆奎CxM小分隊高雄場有票全勤進場🙏,2025-12-30 19:37:00,,non_life,,skipped,
jhani_mx,Tsing,許願 2026.04.25 04.26喆奎CxM小分隊高雄場有票進場🙏,2025-12-28 00:25:00,,non_life,,skipped,
jhani_mx,Tsing,許願明年4/25 4/26喆奎CxM小分隊有票全勤進場🙏,2025-12-21 12:28:00,,non_life,,skipped,
xiaohejiao8,月月🌙,"超可愛的小狗狗牙齒🌵 🌵 🌵 🌵
好像手套又像仙人掌",2025-12-22 21:15:00,"▫️資金借貸，快速過件
▫️專業良心店家，條件彈性
▫️幫助超過百位客戶解決資金需求
▫️不是假帳號-`д´- 本人痛恨詐騙仔
急需資金、尚在評估中都歡迎詢問～",not_enough_posts,,skipped,
yue.capybara_04,Phyllis Chang,😭😭主人,2025-12-30 10:32:00,"堆圖+碎唸
常駐IG FB",pass,,non_depression_risk_user,
yue.capybara_04,Phyllis Chang,J媽⋯,2025-12-28 12:39:00,"堆圖+碎唸
常駐IG FB",pass,,non_depression_risk_user,
yue.capybara_04,Phyllis Chang,Pierrot,2025-12-27 01:17:00,"堆圖+碎唸
常駐IG FB",pass,,non_depression_risk_user,
yue.capybara_04,Phyllis Chang,他真可愛,2025-12-26 17:09:00,"堆圖+碎唸
常駐IG FB",pass,,non_depression_risk_user,
yue.capybara_04,Phyllis Chang,噢耶,2025-12-22 10:01:00,"堆圖+碎唸
常駐IG FB",pass,,non_depression_risk_user,
yue.capybara_04,Phyllis Chang,"太爽了oc
天文學教授來我家看星星好嗎好的",2025-12-20 21:20:00,"堆圖+碎唸
常駐IG FB",pass,,non_depression_risk_user,
fireworks_11_22,煙花,"2026第一場煙火
祝各位新年快樂",2026-01-01 02:20:00,"有北部愛看煙火的嗎？
完整版煙火放ig",pass,,non_depression_risk_user,
fireworks_11_22,煙花,"2025最後一場煙火
2026我們會更好對吧！
#無極天圓玉旨宮",2025-12-31 00:07:00,"有北部愛看煙火的嗎？
完整版煙火放ig",pass,,non_depression_risk_user,
fireworks_11_22,煙花,過港仔福安宮遶境,2025-12-29 12:40:00,"有北部愛看煙火的嗎？
完整版煙火放ig",pass,,non_depression_risk_user,
fireworks_11_22,煙花,"哇塞哇塞300米寬璀璨煙火秀
屏東人真幸福～",2025-12-28 17:55:00,"有北部愛看煙火的嗎？
完整版煙火放ig",pass,,non_depression_risk_user,
fireworks_11_22,煙花,"全台最早的跨年煙火在淡水
今年的煙火表演是以「世界地標煙火首選團隊」之稱的法國團隊「Groupe F」操刀設計，打造主題《萬花之河・冬之樂章》，煙火總長13分14秒，總共35,520發也是歷年來打破紀錄的一次煙火秀，除此之外還有燈光束搭配煙火，展現出橋河共演的壯闊視覺效果，煙火會在12月31日20時26分準時引燃。",2025-12-28 10:41:00,"有北部愛看煙火的嗎？
完整版煙火放ig",pass,,non_depression_risk_user,
fireworks_11_22,煙花,"新竹⛩️竹塹降龍寺⛩️
二十週年遶境圓滿",2025-12-27 22:43:00,"有北部愛看煙火的嗎？
完整版煙火放ig",pass,,non_depression_risk_user,
fireworks_11_22,煙花,"十二佃南天宮遶境
#煙火秀🎆",2025-12-21 02:46:00,"有北部愛看煙火的嗎？
完整版煙火放ig",pass,,non_depression_risk_user,
fireworks_11_22,煙花,"滿版煙火真的很酷
#芬園寶藏寺",2025-12-19 02:57:00,"有北部愛看煙火的嗎？
完整版煙火放ig",pass,,non_depression_risk_user,
lijiaxin_0914,李嘉馨,煙火一放，就到 2026 了,2026-01-01 02:49:00,"”You must do what you want”
⚫️⚪️職業三段",not_enough_posts,,skipped,
sammm.060,sammm. ❤︎,🫶🏻,2026-01-01 01:59:00,🍄,pass,,non_depression_risk_user,
sammm.060,sammm. ❤︎,🙃,2026-01-01 01:35:00,🍄,pass,,non_depression_risk_user,
sammm.060,sammm. ❤︎,💕,2025-12-24 14:17:00,🍄,pass,,non_depression_risk_user,
sammm.060,sammm. ❤︎,🤕,2025-12-21 11:41:00,🍄,pass,,non_depression_risk_user,
sammm.060,sammm. ❤︎,💕,2025-12-19 08:29:00,🍄,pass,,non_depression_risk_user,
sammm.060,sammm. ❤︎,🫩,2025-12-19 06:02:00,🍄,pass,,non_depression_risk_user,
wsalone.0.0,wsalone.0.0,新年快樂！,2026-01-01 02:50:00,🚮,pass,,low_depression_risk_user,
wsalone.0.0,wsalone.0.0,今天吃辣吃的很爽 明天上廁所的時候會更爽,2025-12-30 18:36:00,🚮,pass,,low_depression_risk_user,
wsalone.0.0,wsalone.0.0,我覺得我自己是個失敗的人,2025-12-29 07:01:00,🚮,pass,,low_depression_risk_user,
w_l_hsu,Wl Hsu,"今天吃葡萄
死活吞不下去
怎麼可能3秒一顆啦",2026-01-01 02:30:00,隨便亂發,pass,,low_depression_risk_user,
w_l_hsu,Wl Hsu,"搭到的公車司機很餓
已經從水煎包問到胡椒餅都不賣
現在終於買到蔥油餅
他要吃兩個 真的很餓",2025-12-30 16:48:00,隨便亂發,pass,,low_depression_risk_user,
w_l_hsu,Wl Hsu,"昨天晚上寫作業已經寫到有點恍惚了
算出來omega去跟frequency的值比較
還以為自已算錯 剛剛再戰才發現沒算錯
但昨天很躁就直接去睡覺ㄌ
只能說這學期真的不知道自己在幹嘛
各方面都是一坨",2025-12-25 11:17:00,隨便亂發,pass,,low_depression_risk_user,
w_l_hsu,Wl Hsu,"昨天做到早上五點左右
分析了一下接下來的行程
突然有種
欸我好像真的會死掉的感覺
真的不能再熬了
不可能16-17週週末反而是整個學期最忙欸
子路實期末考拜託對我好一點…",2025-12-21 10:39:00,隨便亂發,pass,,low_depression_risk_user,
w_l_hsu,Wl Hsu,"不要再推薦我有人放假的貼文拜託
只能說我放假遙遙無期",2025-12-19 10:52:00,隨便亂發,pass,,low_depression_risk_user,
zhengkai.chen,陳正凱,"只有手機可以幫忙搶
還是太爛ㄌ我
🫩🫩🫩🫩🫩🫩",2025-12-23 21:18:00,"閒閒沒事就幫忙搶票
沒有電腦
只有手機幫忙搶
沒有很強
👈👈👈👈👈",not_enough_posts,,skipped,
murielcatd,Muriel Catacora D.,Y ChatGPT…,2025-12-22 23:46:00,"Esto es un board para ideas sueltas, cosas que escuché/leí, me gustaron y las replico aquí.
No, no le encuentres un porqué. Son solo coincidencias 😋✨",pass,,non_depression_risk_user,
murielcatd,Muriel Catacora D.,"Te volví a dar importancia y sentí como si hubiese retrocedido todo lo trabajado. 
El cansancio emocional pesa más en el cuerpo.
Me permito una pausa.",2025-12-22 18:21:00,"Esto es un board para ideas sueltas, cosas que escuché/leí, me gustaron y las replico aquí.
No, no le encuentres un porqué. Son solo coincidencias 😋✨",pass,,non_depression_risk_user,
murielcatd,Muriel Catacora D.,Suelto lo que pesa y hago espacio para lo nuevo.,2025-12-22 09:37:00,"Esto es un board para ideas sueltas, cosas que escuché/leí, me gustaron y las replico aquí.
No, no le encuentres un porqué. Son solo coincidencias 😋✨",pass,,non_depression_risk_user,
murielcatd,Muriel Catacora D.,"Ante la crisis, ChatGPT:
“La pregunta clave que hiciste (y es muy poderosa)
¿Cómo comunicarte con alguien que aún te duele y más sabiendo que solo aparece porque necesita algo?
La respuesta honesta es esta:
👉 No te comunicas desde la emoción. Te comunicas desde el límite.
👉 No explicas. Ejecutas.
👉 No te defiendes. Cierras.
“.",2025-12-22 09:15:00,"Esto es un board para ideas sueltas, cosas que escuché/leí, me gustaron y las replico aquí.
No, no le encuentres un porqué. Son solo coincidencias 😋✨",pass,,non_depression_risk_user,
murielcatd,Muriel Catacora D.,"Me voy a permitir descansar sin culpa. 
✨",2025-12-20 03:12:00,"Esto es un board para ideas sueltas, cosas que escuché/leí, me gustaron y las replico aquí.
No, no le encuentres un porqué. Son solo coincidencias 😋✨",pass,,non_depression_risk_user,
murielcatd,Muriel Catacora D.,"Asumo las consecuencias de mis acciones. Tarde, pero soy consiente de las consecuencias que pueden surgir. Tal vez son solo ideas mías. O tal vez quede como si nada. O como si todo lo malo. 
No lo sé. 
Mejor no me anticipo. 
Mejor lo suelto y asumo con madurez.",2025-12-19 10:34:00,"Esto es un board para ideas sueltas, cosas que escuché/leí, me gustaron y las replico aquí.
No, no le encuentres un porqué. Son solo coincidencias 😋✨",pass,,non_depression_risk_user,
murielcatd,Muriel Catacora D.,Listo! 2026 call me Rosalia también 🧘🏽‍♀️,2025-12-18 23:13:00,"Esto es un board para ideas sueltas, cosas que escuché/leí, me gustaron y las replico aquí.
No, no le encuentres un porqué. Son solo coincidencias 😋✨",pass,,non_depression_risk_user,
lin_heping_island,えんりん,"我妹一句：姐，妳坐搖滾區喔？我想要紙花……
疼妹妹的姐姐當然答應了，散場的時候撿了10分鐘，蹲下站起來重複不知道多少次？撿到大腿抽筋🤣，50歲了，下次不要再對我亂下指令了喔～😅",2025-12-29 00:06:00,,not_enough_posts,,skipped,
lin_heping_island,えんりん,真心覺得金門啤酒非常好喝，比國外進口的很多啤酒還好喝，不喜歡苦的真的可以買，而且還有金門限定的調味酒，但還是啤酒最好喝，早知道多買一些回來，付超重費也很值得😊,2025-12-24 19:23:00,,not_enough_posts,,skipped,
dcj0227,CJJJ🩶,"元旦情侶是
一個姓金 一個姓劉
的嗎
藏不住欸",2026-01-01 02:56:00,"想發就發 
記錄生活
1月是冬天
冬天是winter
winter是金旼炡
金旼炡是我老婆❄️",pass,,non_depression_risk_user,
dcj0227,CJJJ🩶,冬冬生日有要直播嗎！？,2025-12-31 23:40:00,"想發就發 
記錄生活
1月是冬天
冬天是winter
winter是金旼炡
金旼炡是我老婆❄️",pass,,non_depression_risk_user,
dcj0227,CJJJ🩶,"明天就是放
馬假期了",2025-12-31 18:31:00,"想發就發 
記錄生活
1月是冬天
冬天是winter
winter是金旼炡
金旼炡是我老婆❄️",pass,,non_depression_risk_user,
dcj0227,CJJJ🩶,要吃幾顆葡萄才可以談到金旼炡,2025-12-31 18:14:00,"想發就發 
記錄生活
1月是冬天
冬天是winter
winter是金旼炡
金旼炡是我老婆❄️",pass,,non_depression_risk_user,
dcj0227,CJJJ🩶,"破學校
今年和明天都不上了",2025-12-31 16:02:00,"想發就發 
記錄生活
1月是冬天
冬天是winter
winter是金旼炡
金旼炡是我老婆❄️",pass,,non_depression_risk_user,
dcj0227,CJJJ🩶,"12月31號的晚上
有兩個重要時刻
11點：
金旼炡生日
12點：
和金旼炡跨年",2025-12-29 16:38:00,"想發就發 
記錄生活
1月是冬天
冬天是winter
winter是金旼炡
金旼炡是我老婆❄️",pass,,non_depression_risk_user,
dcj0227,CJJJ🩶,"王欸等又在哪大跳了
嚇到我",2025-12-27 23:11:00,"想發就發 
記錄生活
1月是冬天
冬天是winter
winter是金旼炡
金旼炡是我老婆❄️",pass,,non_depression_risk_user,
dcj0227,CJJJ🩶,靠腰好晃,2025-12-27 23:08:00,"想發就發 
記錄生活
1月是冬天
冬天是winter
winter是金旼炡
金旼炡是我老婆❄️",pass,,non_depression_risk_user,
dcj0227,CJJJ🩶,世界壞 冬天好,2025-12-27 16:16:00,"想發就發 
記錄生活
1月是冬天
冬天是winter
winter是金旼炡
金旼炡是我老婆❄️",pass,,non_depression_risk_user,
dcj0227,CJJJ🩶,入坑1周的專輯🤭,2025-12-27 15:31:00,"想發就發 
記錄生活
1月是冬天
冬天是winter
winter是金旼炡
金旼炡是我老婆❄️",pass,,non_depression_risk_user,
dcj0227,CJJJ🩶,"所以
67到底是什麼梗 我不懂==",2025-12-26 18:11:00,"想發就發 
記錄生活
1月是冬天
冬天是winter
winter是金旼炡
金旼炡是我老婆❄️",pass,,non_depression_risk_user,
dcj0227,CJJJ🩶,分手記得花6600日圓找個阿嬤 陪你去,2025-12-23 19:58:00,"想發就發 
記錄生活
1月是冬天
冬天是winter
winter是金旼炡
金旼炡是我老婆❄️",pass,,non_depression_risk_user,
dcj0227,CJJJ🩶,"聖誕老人我想好我的禮物了
請給我
身高163
生日是2001.01.01
名字是一個季節的
可以轉手腕
摩羯女
血型A
出生在釜山廣域市南浦洞
的女友",2025-12-21 15:40:00,"想發就發 
記錄生活
1月是冬天
冬天是winter
winter是金旼炡
金旼炡是我老婆❄️",pass,,non_depression_risk_user,
dcj0227,CJJJ🩶,"各位小心安全..
在家最好哈🫂🙏🏻",2025-12-20 07:44:00,"想發就發 
記錄生活
1月是冬天
冬天是winter
winter是金旼炡
金旼炡是我老婆❄️",pass,,non_depression_risk_user,
dcj0227,CJJJ🩶,"願世者安息🫂🙏🏻
肯定不是那個神精病
RlP",2025-12-19 23:01:00,"想發就發 
記錄生活
1月是冬天
冬天是winter
winter是金旼炡
金旼炡是我老婆❄️",pass,,non_depression_risk_user,
dcj0227,CJJJ🩶,"越來越討厭朋友了
剩下沒幾個月
加油",2025-12-19 19:11:00,"想發就發 
記錄生活
1月是冬天
冬天是winter
winter是金旼炡
金旼炡是我老婆❄️",pass,,non_depression_risk_user,
dcj0227,CJJJ🩶,"我好棒
我已經把2025周四的課都上完了",2025-12-19 17:39:00,"想發就發 
記錄生活
1月是冬天
冬天是winter
winter是金旼炡
金旼炡是我老婆❄️",pass,,non_depression_risk_user,
dcj0227,CJJJ🩶,"在學校最怕遇到的事
就是
在樓梯口遇到不熟的同學",2025-12-19 17:33:00,"想發就發 
記錄生活
1月是冬天
冬天是winter
winter是金旼炡
金旼炡是我老婆❄️",pass,,non_depression_risk_user,
dcj0227,CJJJ🩶,一整個大愛上,2025-12-18 20:19:00,"想發就發 
記錄生活
1月是冬天
冬天是winter
winter是金旼炡
金旼炡是我老婆❄️",pass,,non_depression_risk_user,
0707__brian,宗宗,超好笑一開始每個人鏡頭都在摩天輪🎡,2026-01-01 02:54:00,嗨,not_enough_posts,,skipped,
0707__brian,宗宗,臉色特變,2025-12-27 23:24:00,嗨,not_enough_posts,,skipped,
linkousapien,Artemis,"現在OO也太賤了！
偽裝成這樣",2025-12-31 09:40:00,"On ne voit bien qu’avec le cœur. L’essentiel est invisible pour les yeux
🇮🇹🇯🇵🇳🇿🇵🇭🇺🇸🇨🇦🇻🇦🇰🇷🇹🇭",non_life,,skipped,
linkousapien,Artemis,"我之前看一部中國人去非洲的影片
然後非洲小哥就跟那個陸女要錢
陸女就跟他說錢應該自己賺
最近看陸劇朝陽女主角跟男上司戀愛了
男上司拿黑卡給他刷
女主角非常不爽地說：
給我錢會讓我們的地位不平等
加上最近蠻好的人生也是老公外遇了錢自己賺
這才是為什麼我是周品均粉
因為女人錢自己賺地位特別崇高！",2025-12-31 07:19:00,"On ne voit bien qu’avec le cœur. L’essentiel est invisible pour les yeux
🇮🇹🇯🇵🇳🇿🇵🇭🇺🇸🇨🇦🇻🇦🇰🇷🇹🇭",non_life,,skipped,
linkousapien,Artemis,"我滿頭問號耶
女人不想當傳播妹酒店妹
被噁男碰
結果你希望談戀愛的對象物化你給妳錢
最近看到陸劇朝陽似我
女主角跟男上司談戀愛
男生司拿去黑卡給他消費
女主角直接說：給我金錢會讓我們的地位不平等，非常不爽的離開
連陸劇都在教導全中國的女人錢要自己賺
簡直帥爆，這就叫不自我物化
當你覺得男朋友該給你錢不然不愛你
我建議你去當傳播妹",2025-12-31 07:05:00,"On ne voit bien qu’avec le cœur. L’essentiel est invisible pour les yeux
🇮🇹🇯🇵🇳🇿🇵🇭🇺🇸🇨🇦🇻🇦🇰🇷🇹🇭",non_life,,skipped,
linkousapien,Artemis,"真的很受不了蔡依林演唱會也有支語警察
她長期跟周杰倫都在中國演出
正是因為有他們
中國大陸廣大的歌迷才能知道台灣音樂的力量
甚至兩岸自由行的時候
很多人會去台北佳佳唱片買以前的CD
音樂歸音樂、政治歸政治
蔡2023年舞台是中國大師周炳坤做的那又怎樣
這世界到處都是中國人
人家又沒有要跟妳聊政治
看個演唱會講個視頻也要出征
你可以不要看
以後只會在中國巡演看誰損失比較大",2025-12-31 06:48:00,"On ne voit bien qu’avec le cœur. L’essentiel est invisible pour les yeux
🇮🇹🇯🇵🇳🇿🇵🇭🇺🇸🇨🇦🇻🇦🇰🇷🇹🇭",non_life,,skipped,
linkousapien,Artemis,"記者大型翻車現場
聽說看不到了
且看且珍惜
大哥：天氣不好吧！",2025-12-31 06:34:00,"On ne voit bien qu’avec le cœur. L’essentiel est invisible pour les yeux
🇮🇹🇯🇵🇳🇿🇵🇭🇺🇸🇨🇦🇻🇦🇰🇷🇹🇭",non_life,,skipped,
linkousapien,Artemis,"這次蔡依林舞台設計應該是中國舞台設計大師級周炳坤設計的。
他參與過多場中國大型盛事如春晚以及歌手華晨宇的演唱會設計。
這次的規模也要有春晚等級才有辦法承接。
真的非常厲害！
之後慢慢更多人應該都會認識周炳坤！",2025-12-31 02:12:00,"On ne voit bien qu’avec le cœur. L’essentiel est invisible pour les yeux
🇮🇹🇯🇵🇳🇿🇵🇭🇺🇸🇨🇦🇻🇦🇰🇷🇹🇭",non_life,,skipped,
linkousapien,Artemis,"趕快轉傳給所有你的朋友
正常來說吹風機功率都是1000w以上
出國你除了日本、美國
全球電壓幾乎都是220V居多
忌諱拿台灣Dyson吹風機
變壓器也只有低功率可以用
一般電子產品是110-220都可以通用不怕
因為他們功率低
筆電通常只有65W
吹風機1000W以上你看差多少
別把自己的吹風機燒了
為了海外旅遊我有買220V專用的Dyson",2025-12-31 02:05:00,"On ne voit bien qu’avec le cœur. L’essentiel est invisible pour les yeux
🇮🇹🇯🇵🇳🇿🇵🇭🇺🇸🇨🇦🇻🇦🇰🇷🇹🇭",non_life,,skipped,
linkousapien,Artemis,"今年無論股票投資和本業收入
都實在賺太多了
我明天結束今年就不用工作了
可以到明年第一天再開始工作
不要太羨慕我
你努力一點就可以跟我一樣",2025-12-30 20:07:00,"On ne voit bien qu’avec le cœur. L’essentiel est invisible pour les yeux
🇮🇹🇯🇵🇳🇿🇵🇭🇺🇸🇨🇦🇻🇦🇰🇷🇹🇭",non_life,,skipped,
linkousapien,Artemis,"虎航變成臺灣勞工楷模了嗎？
準備頒發10個月年終獎金
星宇變成1個月航空
簡稱1月航空
哪有精品航空再發1個月獎金的拉
不過虎航可以換一下破掉的椅子嗎？
這要求不難吧！",2025-12-30 19:28:00,"On ne voit bien qu’avec le cœur. L’essentiel est invisible pour les yeux
🇮🇹🇯🇵🇳🇿🇵🇭🇺🇸🇨🇦🇻🇦🇰🇷🇹🇭",non_life,,skipped,
linkousapien,Artemis,"羅浮宮2025年竊案的小偷都抓到了
令人震驚的是他們是用搶劫直接搶來那台升降機
然後雖然人都抓到了
珠寶已經不知道去哪了
法國治安已經惡化到可以用搶劫升降機
門票這麼貴的狀況下
還持續裁員
錢都不知道花哪了
竊賊均來自於非洲移民巴黎15年
價值9000萬歐元的珠寶不知去向",2025-12-30 19:02:00,"On ne voit bien qu’avec le cœur. L’essentiel est invisible pour les yeux
🇮🇹🇯🇵🇳🇿🇵🇭🇺🇸🇨🇦🇻🇦🇰🇷🇹🇭",non_life,,skipped,
linkousapien,Artemis,"不是捏
我在曼谷看到星宇航空廣告
你星宇在101打廣告幹嗎
台灣大家都知道星宇
不搭星宇單純因為菲律賓差點摔飛機
還好是救回來了
但也沒信心了
最近看到機務一個月年終
又更沒信心了
說真的星宇飛機是真的新
空巴也很棒
但總覺得跟當初K董在長榮的感覺差很多",2025-12-30 09:49:00,"On ne voit bien qu’avec le cœur. L’essentiel est invisible pour les yeux
🇮🇹🇯🇵🇳🇿🇵🇭🇺🇸🇨🇦🇻🇦🇰🇷🇹🇭",non_life,,skipped,
linkousapien,Artemis,"唉～
網路廢文什麼追空姐笑死人了
我是被空姐追
有一天上飛機以後
我抓緊時間去上廁所
一位漂亮的空服員追著我
害羞的看著我欲言又止
才慢慢地說：先生 你褲子後面破了
換我害羞地看著她說：謝謝
然後趕快拿背包裡的褲子換
那一路上我都不敢跟他說話
馬的！",2025-12-30 09:43:00,"On ne voit bien qu’avec le cœur. L’essentiel est invisible pour les yeux
🇮🇹🇯🇵🇳🇿🇵🇭🇺🇸🇨🇦🇻🇦🇰🇷🇹🇭",non_life,,skipped,
linkousapien,Artemis,"東京著衣後來賣給了宏圖國際股份有限公司
還跟科筆數位有限公司有關
負責人都是徐瑞鴻
宏圖國際股份有限公司資本額有四億多元
周品鈞當年說：
正正當當一個品牌
被拿出炒股
沒有要好好經營
可以還給我嗎？
時間快的好快，希望有機會東京著衣的商標周品鈞可以拿回去
重新變成像是臺灣NET這樣的平價品牌",2025-12-30 09:17:00,"On ne voit bien qu’avec le cœur. L’essentiel est invisible pour les yeux
🇮🇹🇯🇵🇳🇿🇵🇭🇺🇸🇨🇦🇻🇦🇰🇷🇹🇭",non_life,,skipped,
linkousapien,Artemis,"東京著衣的創辦人周品鈞
跟前夫鄭景太
法院的判決也太久了吧！
竟然拖到2025年了還沒結束。
周品均要求反還東京著衣國際股份有限公司
現更名為宏圖國際股份有限公司的股份共4,094,208股
並登記為股東
法院依據公司112年度的資產負債表估算
公司資產約1,389萬元
負債卻高達1億2,530萬元
致公司淨值為負的1億1,141萬元
這400多萬股的股票價值為0元
上訴利益總額為165萬0,001元
太扯了吧！
東京著衣怎樣也不可能搞到負債這麼多吧！",2025-12-30 09:07:00,"On ne voit bien qu’avec le cœur. L’essentiel est invisible pour les yeux
🇮🇹🇯🇵🇳🇿🇵🇭🇺🇸🇨🇦🇻🇦🇰🇷🇹🇭",non_life,,skipped,
linkousapien,Artemis,"看似穩固的生活往往不堪一擊
看似穩定的民調其實不堪開票
看似強勢的言語遮掩不堪過往
一切的看似
都只是乍看之下，真實卻很不堪",2025-12-30 08:06:00,"On ne voit bien qu’avec le cœur. L’essentiel est invisible pour les yeux
🇮🇹🇯🇵🇳🇿🇵🇭🇺🇸🇨🇦🇻🇦🇰🇷🇹🇭",non_life,,skipped,
linkousapien,Artemis,"身為短劇課金王
目前最推薦的短劇就是
史上最強村長
好看程度絕對不輸給琅琊榜
冷凝雙真的聰明伶俐
大將軍雖然笨了點但忠心耿耿
堪稱最好看的穿越劇",2025-12-30 06:20:00,"On ne voit bien qu’avec le cœur. L’essentiel est invisible pour les yeux
🇮🇹🇯🇵🇳🇿🇵🇭🇺🇸🇨🇦🇻🇦🇰🇷🇹🇭",non_life,,skipped,
linkousapien,Artemis,"星宇航空是不是要改叫
一個月航空
😂",2025-12-29 23:24:00,"On ne voit bien qu’avec le cœur. L’essentiel est invisible pour les yeux
🇮🇹🇯🇵🇳🇿🇵🇭🇺🇸🇨🇦🇻🇦🇰🇷🇹🇭",non_life,,skipped,
linkousapien,Artemis,"那個說什麼跟女朋友分手
旅途免費的都是OO
用那兩個字你會看不到
小心OO
飯店就算不能全退也可以部分退
不可能免費給陌生人",2025-12-29 20:24:00,"On ne voit bien qu’avec le cœur. L’essentiel est invisible pour les yeux
🇮🇹🇯🇵🇳🇿🇵🇭🇺🇸🇨🇦🇻🇦🇰🇷🇹🇭",non_life,,skipped,
linkousapien,Artemis,"12海哩以內是主權範圍
國防部記者會表示
中國海警船最近距離進入限制水域線內3浬（21浬處）
剩下最後9海浬了",2025-12-29 20:19:00,"On ne voit bien qu’avec le cœur. L’essentiel est invisible pour les yeux
🇮🇹🇯🇵🇳🇿🇵🇭🇺🇸🇨🇦🇻🇦🇰🇷🇹🇭",non_life,,skipped,
linkousapien,Artemis,"因中國軍演
立榮與華信多條班機因空域管制取消
未來請多購買旅遊平安險
都隨時可能取消航班",2025-12-29 20:15:00,"On ne voit bien qu’avec le cœur. L’essentiel est invisible pour les yeux
🇮🇹🇯🇵🇳🇿🇵🇭🇺🇸🇨🇦🇻🇦🇰🇷🇹🇭",non_life,,skipped,
linkousapien,Artemis,"律師2013年只有6853人。
2025年底13,013人。
難怪現在出現一大堆便宜搶案子的律師。",2025-12-29 18:03:00,"On ne voit bien qu’avec le cœur. L’essentiel est invisible pour les yeux
🇮🇹🇯🇵🇳🇿🇵🇭🇺🇸🇨🇦🇻🇦🇰🇷🇹🇭",non_life,,skipped,
linkousapien,Artemis,"男人真命苦的生物圈
漁民撈到龍蝦：
女的：丟回大海
男的：賣給餐廳清蒸
嗚嗚嗚🥹",2025-12-29 16:29:00,"On ne voit bien qu’avec le cœur. L’essentiel est invisible pour les yeux
🇮🇹🇯🇵🇳🇿🇵🇭🇺🇸🇨🇦🇻🇦🇰🇷🇹🇭",non_life,,skipped,
linkousapien,Artemis,"越南人在星巴克攻擊店員
移工問題終於來了
日本也因為越來越嚴重的移工犯罪
使得缺乏人力跟開放移工
出現兩難",2025-12-29 14:42:00,"On ne voit bien qu’avec le cœur. L’essentiel est invisible pour les yeux
🇮🇹🇯🇵🇳🇿🇵🇭🇺🇸🇨🇦🇻🇦🇰🇷🇹🇭",non_life,,skipped,
linkousapien,Artemis,"機票就是供給需求問題
比如飛泰國曼谷現在經濟艙一般傳統航空只要8000
曼谷本身航班就多又是長榮飛歐洲中轉站
札幌新千歲一樣飛4小時
行情就變成16000
主因是札幌不能中轉
失去龐大的機票供給
要機票便宜
最優先的條件就是去那個地方的量要大
航空公司分攤的成本就低
然後去的人又不是很滿
像是長期日本飛台灣的航線
東京台北來回
跟台北東京
價格就會有落差幾千
因為東京去台北的人比較少
台北去東京的多
好你想要便宜就不要去大家都想去的地方
就會便宜不少",2025-12-28 14:56:00,"On ne voit bien qu’avec le cœur. L’essentiel est invisible pour les yeux
🇮🇹🇯🇵🇳🇿🇵🇭🇺🇸🇨🇦🇻🇦🇰🇷🇹🇭",non_life,,skipped,
linkousapien,Artemis,"深藍朋友：賴清德沒救了
深綠朋友：藍白沒救了
我：你們沒救了，聊點別的吧！",2025-12-28 05:12:00,"On ne voit bien qu’avec le cœur. L’essentiel est invisible pour les yeux
🇮🇹🇯🇵🇳🇿🇵🇭🇺🇸🇨🇦🇻🇦🇰🇷🇹🇭",non_life,,skipped,
linkousapien,Artemis,"UberEats的費用都給
藝人和哈佛CEO了
我就不幫藝人買單了
左手大筆鈔票給藝人代言
右手執行長哭哭外送疊單受不了
比傳產還矛盾欸",2025-12-28 04:49:00,"On ne voit bien qu’avec le cœur. L’essentiel est invisible pour les yeux
🇮🇹🇯🇵🇳🇿🇵🇭🇺🇸🇨🇦🇻🇦🇰🇷🇹🇭",non_life,,skipped,
linkousapien,Artemis,"挖靠
瘋狂機長詹姆士爆料：
長榮BR31紐約回台北的航班
因為技術性轉降大阪接空服員回臺灣
結果大阪下旅客安檢時
兩個臺灣旅客帶真槍被安檢到了
紐約安檢紙糊的嗎？",2025-12-28 01:52:00,"On ne voit bien qu’avec le cœur. L’essentiel est invisible pour les yeux
🇮🇹🇯🇵🇳🇿🇵🇭🇺🇸🇨🇦🇻🇦🇰🇷🇹🇭",non_life,,skipped,
linkousapien,Artemis,"民眾黨的選民結構
年輕化、高學歷、高收入
且多數是來自於民進黨流失的青年選票
這不是我說的
Google Gemini分析的",2025-12-28 00:48:00,"On ne voit bien qu’avec le cœur. L’essentiel est invisible pour les yeux
🇮🇹🇯🇵🇳🇿🇵🇭🇺🇸🇨🇦🇻🇦🇰🇷🇹🇭",non_life,,skipped,
linkousapien,Artemis,"台灣今年至今已發生 6 個規模達 6 以上的地震
明顯高於往年平均水準
請大家平常注意家中擺設，並做好準備",2025-12-28 00:22:00,"On ne voit bien qu’avec le cœur. L’essentiel est invisible pour les yeux
🇮🇹🇯🇵🇳🇿🇵🇭🇺🇸🇨🇦🇻🇦🇰🇷🇹🇭",non_life,,skipped,
linkousapien,Artemis,"其實台灣有一點還蠻特別的
台灣從民進黨分裂出去的民眾黨
是一個中間派
這是很特別的現象
少有大黨分離的一股勢力是中間路線",2025-12-27 19:04:00,"On ne voit bien qu’avec le cœur. L’essentiel est invisible pour les yeux
🇮🇹🇯🇵🇳🇿🇵🇭🇺🇸🇨🇦🇻🇦🇰🇷🇹🇭",non_life,,skipped,
linkousapien,Artemis,"南非最不簡單的是執政黨ANC分裂出去的政黨
繼續訴求民族主義
民族主義是非常可怕的意識形態
他天生就是一種怪罪別人的想法
所以只有鬥爭沒有創造
使得南非永遠貧窮
因為只會把自己的貧困推給白人
追求民族主義必死無疑",2025-12-27 15:09:00,"On ne voit bien qu’avec le cœur. L’essentiel est invisible pour les yeux
🇮🇹🇯🇵🇳🇿🇵🇭🇺🇸🇨🇦🇻🇦🇰🇷🇹🇭",non_life,,skipped,
linkousapien,Artemis,"在南蘇丹的蒙達里（Mundari）和丁卡（Dinka）牧牛部落
會對著母牛屁股吹氣的行為
是為了刺激母牛分泌更多的乳汁
對母牛的陰道或肛門吹氣時
物理的擴張刺激會誘發母牛體內分泌催產素（Oxytocin）
催產素能引發排乳反射
原本儲存在乳腺深處的乳汁流向乳房
特別是小牛夭折而母牛不願排乳
母牛產乳量較少的時
牧民會透過這種方式來人為引導母牛放奶，
牛奶是支撐整個家庭生存的關鍵養分
他們也會用牛尿來洗頭、洗臉
利用尿液中的氨成分來殺菌、驅蟲，甚至將頭髮染成橘紅色
也會將燃燒牛糞後留下的灰燼塗抹在自己與牛隻身上
這是天然的防曬乳與防蚊液
能保護皮膚被蚊蟲叮咬與曬傷",2025-12-27 03:11:00,"On ne voit bien qu’avec le cœur. L’essentiel est invisible pour les yeux
🇮🇹🇯🇵🇳🇿🇵🇭🇺🇸🇨🇦🇻🇦🇰🇷🇹🇭",non_life,,skipped,
linkousapien,Artemis,"羅曼．羅蘭說
真正的英雄主義，是在認清生活真相以後，依然熱愛生活
孟子說
行有不得，反求諸己
事情做不成功或不如意時
不要向外歸咎他人或環境
反過來檢討自己
從自己身上找原因
怪罪別人是弱者的行為",2025-12-27 03:02:00,"On ne voit bien qu’avec le cœur. L’essentiel est invisible pour les yeux
🇮🇹🇯🇵🇳🇿🇵🇭🇺🇸🇨🇦🇻🇦🇰🇷🇹🇭",non_life,,skipped,
linkousapien,Artemis,"肯亞人真的會吃石頭
這種石頭叫做奧多瓦石」（Odowa）
吃起來比較軟
是有礦物質的火山石或軟石灰石
處理一下就能吃了
在醫學上被稱為「異食癖」（Pica）
孕婦是最多的
肯亞女性在懷孕期間會非常想要咬奧多瓦石
因為體內缺乏鈣、鐵或其他微量元素
統計資料當地有高達80%的孕婦
吃過奧多瓦石的經驗
文化觀念也認為吃這種石頭能緩解晨吐
出生胎兒的皮膚更白皙
這種「零食」在肯亞是一種文化
但醫療專家認為吃石頭會損壞牙齒、消化道阻塞、腎結石和寄生蟲感染
石頭受到汙染可能讓孕婦攝入鉛等重金屬
所以去當地看看就好
千萬別吃",2025-12-27 02:48:00,"On ne voit bien qu’avec le cœur. L’essentiel est invisible pour les yeux
🇮🇹🇯🇵🇳🇿🇵🇭🇺🇸🇨🇦🇻🇦🇰🇷🇹🇭",non_life,,skipped,
linkousapien,Artemis,"南非的政黨ANC即使這麼多年的腐敗
為什麼人民沒有唾棄他們？
1994 年種族隔離結束後至今已經超過30年
人民感謝他們的種族政策的結束
這是南非的神主牌，是非常高的意識形態
ANC長期也發放補助，並一直洗腦人民不投票給他們ANC補助就會不見
ANC控制了很多企業安插自己的黨員
反對黨DA一直被貼上白人主義的標籤
透過貼標籤與洗腦和控制政府重要職位
但2024年人民再也受不了了
投票結果讓ANC首度跌破了50%支持率
已經開始改善許多基礎建設
但利益既得群體難以撼動
他們會不斷抹黑反對黨
任何改革都會影響到ANC過去醜陋的歷史
所以至今南非經濟成長率還是只有1%不到
人民依然水深火熱
政治上一相情願的意識形態摧毀了南非人30多年的美好時光
成就了煉獄一般的生活",2025-12-27 01:13:00,"On ne voit bien qu’avec le cœur. L’essentiel est invisible pour les yeux
🇮🇹🇯🇵🇳🇿🇵🇭🇺🇸🇨🇦🇻🇦🇰🇷🇹🇭",non_life,,skipped,
linkousapien,Artemis,"今年2025年快要結束了
我今年看了好多去非洲旅遊的影片
對於我來說今年開始懂了自己有多麼的幸福
而且那些生活貧苦的人，看到他們善良且努力存活的樣子
心中真的也會不知道該怎麼幫助他們
一個社會的強大真的是從上而下的一種精神與文化貫徹
我覺得我們臺灣真的正在喪失人與人之間的和諧與合作
反而更多的是優越感帶來的貶低他人
或者追求個人利益的最大化
忽略了弱勢與貧窮無處不在
一個國家與社會的貧窮
捐款是非常有限的
因為他是一次性收入
你必須建立一個永續的經濟機器
先有好的教育，讓孩子們能吃的營養，給他們安全的環境
然後出了社會給他們希望
特別是南非青年失業率超過40%
有一個詞叫做State Capture
私人利益集團透過操弄國家的決策程序
在全球這種狀況都在肆虐
私人勢力合法把公共預算用各種名目誇張的轉移到自己的帳戶
使得國家被淘空
南非就是這樣慢慢毀滅的
把整個國家變成利益集團
失去制衡力量的他們從很窮變的非常窮
甚至連溫飽都成問題",2025-12-27 01:07:00,"On ne voit bien qu’avec le cœur. L’essentiel est invisible pour les yeux
🇮🇹🇯🇵🇳🇿🇵🇭🇺🇸🇨🇦🇻🇦🇰🇷🇹🇭",non_life,,skipped,
linkousapien,Artemis,"聽說長榮航空的探員影片終於下班了！
換新的了！",2025-12-26 22:55:00,"On ne voit bien qu’avec le cœur. L’essentiel est invisible pour les yeux
🇮🇹🇯🇵🇳🇿🇵🇭🇺🇸🇨🇦🇻🇦🇰🇷🇹🇭",non_life,,skipped,
linkousapien,Artemis,"其實2026年台灣應該全民發2萬
因為2026年經濟成長
只有2025年一半
那些說不發的人都是在唱衰台灣經濟",2025-12-26 17:33:00,"On ne voit bien qu’avec le cœur. L’essentiel est invisible pour les yeux
🇮🇹🇯🇵🇳🇿🇵🇭🇺🇸🇨🇦🇻🇦🇰🇷🇹🇭",non_life,,skipped,
linkousapien,Artemis,"追女生要聽男生還是女生？
答案是要聽那個女生的朋友跟家人的。
傻傻的。
然後如果都不認識。
你要專心聽你要追的女生講話。
你夠聰明就能聽出來他是怎樣的人。",2025-12-26 17:16:00,"On ne voit bien qu’avec le cœur. L’essentiel est invisible pour les yeux
🇮🇹🇯🇵🇳🇿🇵🇭🇺🇸🇨🇦🇻🇦🇰🇷🇹🇭",non_life,,skipped,
linkousapien,Artemis,"自從AI出現以後
出現了很多那種小時候
兩張圖比一比有什麼不同的進階版
一張圖比一比有什麼不合乎人類直覺的地方
講完感覺透露年紀了
唉～",2025-12-26 01:54:00,"On ne voit bien qu’avec le cœur. L’essentiel est invisible pour les yeux
🇮🇹🇯🇵🇳🇿🇵🇭🇺🇸🇨🇦🇻🇦🇰🇷🇹🇭",non_life,,skipped,
linkousapien,Artemis,"林口二期的想林口
應該改成大林口
我的媽啊
份量怎麼都這麼大
但是真的蠻好吃的
價格的話兩個人約2500（含服務費）是套餐
適合年輕人大胃口的",2025-12-25 20:18:00,"On ne voit bien qu’avec le cœur. L’essentiel est invisible pour les yeux
🇮🇹🇯🇵🇳🇿🇵🇭🇺🇸🇨🇦🇻🇦🇰🇷🇹🇭",non_life,,skipped,
linkousapien,Artemis,"聽說台灣人30秒可以回答這題
我大概五秒
144/（36開根號）=？",2025-12-25 19:56:00,"On ne voit bien qu’avec le cœur. L’essentiel est invisible pour les yeux
🇮🇹🇯🇵🇳🇿🇵🇭🇺🇸🇨🇦🇻🇦🇰🇷🇹🇭",non_life,,skipped,
linkousapien,Artemis,"不是
日本愛情動作片沒有字幕
是怎樣可以學到N2?
純練聽力？",2025-12-24 22:02:00,"On ne voit bien qu’avec le cœur. L’essentiel est invisible pour les yeux
🇮🇹🇯🇵🇳🇿🇵🇭🇺🇸🇨🇦🇻🇦🇰🇷🇹🇭",non_life,,skipped,
linkousapien,Artemis,"我還蠻好奇范琪斐有去跟陳幸妤因為在美國跟著他半年道歉嗎？
作為阿扁的女兒
真的超級同情他
老公被捲入貪污
爸爸被紅衫軍上街
但很讓人感動的是陳幸妤一直都很努力做好自己的事情
照顧好小孩
照顧好病人
照顧好自己
時間還給了他公道
陳幸妤才是我們土生土長臺灣人最該有的認真的樣子",2025-12-24 18:17:00,"On ne voit bien qu’avec le cœur. L’essentiel est invisible pour les yeux
🇮🇹🇯🇵🇳🇿🇵🇭🇺🇸🇨🇦🇻🇦🇰🇷🇹🇭",non_life,,skipped,
linkousapien,Artemis,"新昕纖45年老廠宣布即將裁員。
將進行大量解僱。",2025-12-24 17:53:00,"On ne voit bien qu’avec le cœur. L’essentiel est invisible pour les yeux
🇮🇹🇯🇵🇳🇿🇵🇭🇺🇸🇨🇦🇻🇦🇰🇷🇹🇭",non_life,,skipped,
linkousapien,Artemis,"冷知識：
臺灣銀行的所有存戶和企業的定存有9兆新台幣
大家真有錢！
每個人可以分到大約 391,304 元。",2025-12-24 01:16:00,"On ne voit bien qu’avec le cœur. L’essentiel est invisible pour les yeux
🇮🇹🇯🇵🇳🇿🇵🇭🇺🇸🇨🇦🇻🇦🇰🇷🇹🇭",non_life,,skipped,
linkousapien,Artemis,"余家昶是這次張文事件過世的英雄
她的母親說：我很光榮有這樣的兒子
我希望社會能有更多關懷
張文心裏不舒服做了這些事情
我不怨她的父母
希望我們的社會要提高警覺
要有更多的愛",2025-12-24 01:00:00,"On ne voit bien qu’avec le cœur. L’essentiel est invisible pour les yeux
🇮🇹🇯🇵🇳🇿🇵🇭🇺🇸🇨🇦🇻🇦🇰🇷🇹🇭",non_life,,skipped,
linkousapien,Artemis,"日本從2010取消了殺人的追訴期
不要覺得很簡單
當時後害者家族組成的「宙之會」
不斷上街頭發傳單受媒體採訪
希望日本國會尊重受害者家族
日本國會於是受到龐大的輿論壓力
決定廢除殺人追訴期
並且投入龐大的資金與技術讓警方有資源專心偵破懸案
2025年10月偵破26年的名古屋懸案
日本或許迂腐
但受害人家屬的團結與社會聲援被害人的力量遠遠大於台灣",2025-12-24 00:47:00,"On ne voit bien qu’avec le cœur. L’essentiel est invisible pour les yeux
🇮🇹🇯🇵🇳🇿🇵🇭🇺🇸🇨🇦🇻🇦🇰🇷🇹🇭",non_life,,skipped,
linkousapien,Artemis,最近銀行瘋狂想放增貸的房貸耶,2025-12-23 10:34:00,"On ne voit bien qu’avec le cœur. L’essentiel est invisible pour les yeux
🇮🇹🇯🇵🇳🇿🇵🇭🇺🇸🇨🇦🇻🇦🇰🇷🇹🇭",non_life,,skipped,
linkousapien,Artemis,"那些聽網紅在那邊說Emma床墊有多棒的
強烈建議去試睡
台北有據點可以試睡
你真的覺得不錯在買
之前被網紅燒到去試睡
然後就.........沒買！
但或許你喜歡，但強烈建議床就是要試睡！",2025-12-22 21:12:00,"On ne voit bien qu’avec le cœur. L’essentiel est invisible pour les yeux
🇮🇹🇯🇵🇳🇿🇵🇭🇺🇸🇨🇦🇻🇦🇰🇷🇹🇭",non_life,,skipped,
linkousapien,Artemis,"台大醫院急診醫學部主治醫師顏瑞昇，
女兒台大醫院內科第一年住院醫師顏均蓉
兩個人在中山站事件急救傷患
市政府尋人公開感謝兩位醫師
看了真的超感動的",2025-12-22 10:57:00,"On ne voit bien qu’avec le cœur. L’essentiel est invisible pour les yeux
🇮🇹🇯🇵🇳🇿🇵🇭🇺🇸🇨🇦🇻🇦🇰🇷🇹🇭",non_life,,skipped,
linkousapien,Artemis,"最近看家裡的小朋友
心得是小朋友很簡單
誰陪他更多他就明顯更愛誰
長大以後陪我們最多的往往
是自己的情人
但陪我們越久
感情卻越薄",2025-12-22 08:59:00,"On ne voit bien qu’avec le cœur. L’essentiel est invisible pour les yeux
🇮🇹🇯🇵🇳🇿🇵🇭🇺🇸🇨🇦🇻🇦🇰🇷🇹🇭",non_life,,skipped,
linkousapien,Artemis,"在航空這個高壓又高技術密度的環境
飛行員不僅是飛機的操縱者
也是整架飛機安全的最終決策者
所以不論是航管員（ATC）、空服員還是地勤維護人員，都會稱呼機師為「教官」
代表對專業知識與多年飛行經驗的一種尊稱
主要來自早期空軍轉民航的歷史",2025-12-22 04:10:00,"On ne voit bien qu’avec le cœur. L’essentiel est invisible pour les yeux
🇮🇹🇯🇵🇳🇿🇵🇭🇺🇸🇨🇦🇻🇦🇰🇷🇹🇭",non_life,,skipped,
linkousapien,Artemis,"京都住宿稅會在2026年3月1日起最高住宿稅上漲高達900%。
京都觀光客如果入住高價酒店每晚可能需支付高達1萬日圓的酒店稅，100,000 日圓以上住宿稅比目前的價格高出十倍，其餘至少上漲一倍。
低於 6,000 日圓沒有改變。
6,000 日圓至 19,999 日圓：200上漲為400日圓
20,000 日圓至 49,999 日圓：500上漲為1000日圓
50,000 日圓至 99,999 日圓：1000上漲為4000日圓
100,000 日圓以上:1000上漲為10000日圓",2025-12-21 13:51:00,"On ne voit bien qu’avec le cœur. L’essentiel est invisible pour les yeux
🇮🇹🇯🇵🇳🇿🇵🇭🇺🇸🇨🇦🇻🇦🇰🇷🇹🇭",non_life,,skipped,
linkousapien,Artemis,"批評麥當勞蘋果派的都是低端人口
我喜歡吃蘋果派干你屁事",2025-12-20 19:37:00,"On ne voit bien qu’avec le cœur. L’essentiel est invisible pour les yeux
🇮🇹🇯🇵🇳🇿🇵🇭🇺🇸🇨🇦🇻🇦🇰🇷🇹🇭",non_life,,skipped,
linkousapien,Artemis,"我現在出門假日搭捷運
投保意外險
至少有一點保障",2025-12-20 17:03:00,"On ne voit bien qu’avec le cœur. L’essentiel est invisible pour les yeux
🇮🇹🇯🇵🇳🇿🇵🇭🇺🇸🇨🇦🇻🇦🇰🇷🇹🇭",non_life,,skipped,
linkousapien,Artemis,"演算法有時候跟智障沒兩樣
一樣的文苦狂貼會有不一樣的瀏覽率
然後不用戰我
你去這帳號看就知道這個人在營業什麼了",2025-12-20 14:42:00,"On ne voit bien qu’avec le cœur. L’essentiel est invisible pour les yeux
🇮🇹🇯🇵🇳🇿🇵🇭🇺🇸🇨🇦🇻🇦🇰🇷🇹🇭",non_life,,skipped,
linkousapien,Artemis,"我一個家境普通的朋友：
一年去日本15次。
我一個家境非常富裕的朋友：
一年去墾丁一次。
聽到墾丁，大家都覺得他真的很富裕。",2025-12-20 14:17:00,"On ne voit bien qu’avec le cœur. L’essentiel est invisible pour les yeux
🇮🇹🇯🇵🇳🇿🇵🇭🇺🇸🇨🇦🇻🇦🇰🇷🇹🇭",non_life,,skipped,
linkousapien,Artemis,"誠品生活南西也太意外了
竟然選週六休息一天
遇到這種事情真的誰都不願意
之後來去買一波回血支持一下幫補血",2025-12-20 09:20:00,"On ne voit bien qu’avec le cœur. L’essentiel est invisible pour les yeux
🇮🇹🇯🇵🇳🇿🇵🇭🇺🇸🇨🇦🇻🇦🇰🇷🇹🇭",non_life,,skipped,
linkousapien,Artemis,"台灣新住民即將飆破200萬大關
未來十個人有一個人的父母其中一個就不是土生土長的台灣人",2025-12-20 04:27:00,"On ne voit bien qu’avec le cœur. L’essentiel est invisible pour les yeux
🇮🇹🇯🇵🇳🇿🇵🇭🇺🇸🇨🇦🇻🇦🇰🇷🇹🇭",non_life,,skipped,
linkousapien,Artemis,"如果了解Uber就知道
Uber非常賺錢
歐美業務都表現很好
台灣的UberEats是一個虧損
垃圾業務
虧損的主因就是拿歐美市場的想法套用
請一個接不到地氣的
亂請明星花大錢打廣告
經費卻沒有用在外送員
現在中國即時零售的主戰場
全部都在外送騎手
美團經驗騎手是外送的主戰場
連這個都不懂如何戰勝Foodpanda?",2025-12-20 01:08:00,"On ne voit bien qu’avec le cœur. L’essentiel est invisible pour les yeux
🇮🇹🇯🇵🇳🇿🇵🇭🇺🇸🇨🇦🇻🇦🇰🇷🇹🇭",non_life,,skipped,
linkousapien,Artemis,"馬的
憲法法庭這樣搞
最可憐的是法律系學生
把法律系變成政治系和社會系了
政治方面政治傾向決定是否違憲
社會方面不同意的都女生
好難作答
嗚嗚嗚",2025-12-20 00:39:00,"On ne voit bien qu’avec le cœur. L’essentiel est invisible pour les yeux
🇮🇹🇯🇵🇳🇿🇵🇭🇺🇸🇨🇦🇻🇦🇰🇷🇹🇭",non_life,,skipped,
linkousapien,Artemis,"笑死
日本央行宣布升息0.25%
結果日幣還是貶",2025-12-20 00:32:00,"On ne voit bien qu’avec le cœur. L’essentiel est invisible pour les yeux
🇮🇹🇯🇵🇳🇿🇵🇭🇺🇸🇨🇦🇻🇦🇰🇷🇹🇭",non_life,,skipped,
linkousapien,Artemis,"台北車站無差別攻擊。
9人受傷，4人重傷。
1名50多歲傷患已經在剛剛晚間7時30分不治身亡。
台北市啟動捷運全線戒備！
並開始防禦機場等重要公共設施發生攻擊事件！
今天出門請注意自身安全！",2025-12-19 20:55:00,"On ne voit bien qu’avec le cœur. L’essentiel est invisible pour les yeux
🇮🇹🇯🇵🇳🇿🇵🇭🇺🇸🇨🇦🇻🇦🇰🇷🇹🇭",non_life,,skipped,
linkousapien,Artemis,"才剛搭完長榮飛機
就看到空服員爸爸出來發聲明了
欸
不是欸
人死為大，還是執勤直接送醫過世
高階主管是有什麼毛病啊？
一次公關危機燒不夠是嗎？
我現在搭飛機遇到長榮空服員都會覺得有點難過。
做人真的要有一點基本的底線耶！",2025-12-19 16:41:00,"On ne voit bien qu’avec le cœur. L’essentiel est invisible pour les yeux
🇮🇹🇯🇵🇳🇿🇵🇭🇺🇸🇨🇦🇻🇦🇰🇷🇹🇭",non_life,,skipped,
linkousapien,Artemis,"根據數學原理，當兩個數相乘結果為 0 時，代表其中至少有一個數必須為 0。
X^2（X-6)=0
這樣你知道X多少了吧",2025-12-19 16:31:00,"On ne voit bien qu’avec le cœur. L’essentiel est invisible pour les yeux
🇮🇹🇯🇵🇳🇿🇵🇭🇺🇸🇨🇦🇻🇦🇰🇷🇹🇭",non_life,,skipped,
linkousapien,Artemis,"UberEats總經理唸到哈佛畢業
結果經營到我一個消費者想刪除APP
系統接單還沒什麼外送員要跑
做為Uber股東
建議直接裁掉台灣區總經理和台灣高階主管
不要浪費高階人力資本在這個市場
那些收入分給外送員就有救了
然後用亞太地區系統管理
約聘台灣資訊公司管理Server
馬上大增賺錢機率
外送的本質是外送員
連這都不懂別經營外送事業",2025-12-19 16:15:00,"On ne voit bien qu’avec le cœur. L’essentiel est invisible pour les yeux
🇮🇹🇯🇵🇳🇿🇵🇭🇺🇸🇨🇦🇻🇦🇰🇷🇹🇭",non_life,,skipped,
linkousapien,Artemis,"我一個朋友說他要找年薪150萬的男朋友
我跟他說
你要找的是150萬的飯票
這樣/2會變成75萬
建議你找300億年薪的
這樣/2還有150億元可以花
用幹話打敗幹話
用魔法打敗魔法",2025-12-19 11:20:00,"On ne voit bien qu’avec le cœur. L’essentiel est invisible pour les yeux
🇮🇹🇯🇵🇳🇿🇵🇭🇺🇸🇨🇦🇻🇦🇰🇷🇹🇭",non_life,,skipped,
linkousapien,Artemis,"知道為什麼窮的父母對小孩也通常沒愛嗎？
當你自己三餐溫飽都有困難
或者公司裡面是沒人在乎的小角色
你這種人生的不如意會反映在人生的態度
我真的很少見有樂觀的窮人
所以全民基本收入才這麼重要",2025-12-19 11:14:00,"On ne voit bien qu’avec le cœur. L’essentiel est invisible pour les yeux
🇮🇹🇯🇵🇳🇿🇵🇭🇺🇸🇨🇦🇻🇦🇰🇷🇹🇭",non_life,,skipped,
linkousapien,Artemis,"知道為什麼生育率話題會引爆脆嗎？
因為台灣出生率世界最低啊
但我真的覺得沒有好不好的問題
這就是環境塑造的結果而已",2025-12-19 11:07:00,"On ne voit bien qu’avec le cœur. L’essentiel est invisible pour les yeux
🇮🇹🇯🇵🇳🇿🇵🇭🇺🇸🇨🇦🇻🇦🇰🇷🇹🇭",non_life,,skipped,
linkousapien,Artemis,"有一個超級有趣的現象
擁有美國運通黑卡的持卡人
通常他們自己開的店都不能使用美國運通卡
因為手續費比較貴",2025-12-19 10:44:00,"On ne voit bien qu’avec le cœur. L’essentiel est invisible pour les yeux
🇮🇹🇯🇵🇳🇿🇵🇭🇺🇸🇨🇦🇻🇦🇰🇷🇹🇭",non_life,,skipped,
linkousapien,Artemis,"對階級複製強烈的抗拒感
才是不生育的主因
相信我
你可以說階級的誕生是你自己的努力
但那一點也不重要
整體生育率的降低就說明了
汰弱留強
後面高階級的人仍然會被更高階級的吞掉
這些不生育的人可以把資源專注的留給自己",2025-12-18 23:11:00,"On ne voit bien qu’avec le cœur. L’essentiel est invisible pour les yeux
🇮🇹🇯🇵🇳🇿🇵🇭🇺🇸🇨🇦🇻🇦🇰🇷🇹🇭",non_life,,skipped,
linkousapien,Artemis,"不希望把苦傳下去
在當代社會心理學與經濟學中是一個極為沈重的課題
現代人的生育決策已經從過去的「生物性直覺」轉向了「理性品質考量」
當年輕一代感受到社會階級流動趨緩、房價與生活成本不斷攀升時，他們對於「生命的延續」有了不同的定義
如果無法給予下一代足夠的資源與良好的成長環境，選擇不生孩子其實是對生命的一種保護，也是對自己處境的清醒認知
這種現象在資訊發達的今天變得更加透明，人們透過各種管道看到普通人生活的艱辛，對階級複製產生了強烈的抗拒感",2025-12-18 23:09:00,"On ne voit bien qu’avec le cœur. L’essentiel est invisible pour les yeux
🇮🇹🇯🇵🇳🇿🇵🇭🇺🇸🇨🇦🇻🇦🇰🇷🇹🇭",non_life,,skipped,
linkousapien,Artemis,"網紅的小孩是印鈔機
普通人的小孩子是碎鈔機
我如果是網紅我也要來生一窩印鈔機",2025-12-18 23:07:00,"On ne voit bien qu’avec le cœur. L’essentiel est invisible pour les yeux
🇮🇹🇯🇵🇳🇿🇵🇭🇺🇸🇨🇦🇻🇦🇰🇷🇹🇭",non_life,,skipped,
linkousapien,Artemis,"網紅或藝人之所以看似能輕鬆育兒，是因為他們能將「生活本身」轉化為「網路」內容
對於他們而言，養育過程中的點滴都可以轉化為業配、團購或流量收益，孩子在某種程度上成為了事業成長的助力而非純粹的成本
然而對於普通人而言，育兒過程完全是純消費性的支出",2025-12-18 23:06:00,"On ne voit bien qu’avec le cœur. L’essentiel est invisible pour les yeux
🇮🇹🇯🇵🇳🇿🇵🇭🇺🇸🇨🇦🇻🇦🇰🇷🇹🇭",non_life,,skipped,
linkousapien,Artemis,"1970 年代美國墮胎合法化後，減少了大量在不穩定環境中出生、且可能被「不期待」的孩子，這導致 20 年後青少年犯罪率大幅下降
當生育從「被動接受」轉向「主動選擇」時，對社會產生的結構性影響變成經濟學重要的發現",2025-12-18 23:00:00,"On ne voit bien qu’avec le cœur. L’essentiel est invisible pour les yeux
🇮🇹🇯🇵🇳🇿🇵🇭🇺🇸🇨🇦🇻🇦🇰🇷🇹🇭",non_life,,skipped,
linkousapien,Artemis,"為什麼已開發國家即便政府提供大量補貼，生育率依然難以回升
因為在富裕社會，養育孩子的機會成本極高，孩子已經不再是能帶來經濟產出的資產，而是需要長期投入高額資金的「奢侈品」
當孩子被視為一種身分地位的象徵（也就是您提到的炫富感）時，父母會更傾向於投入所有資源去栽培一個完美的「作品」，而非生育多個孩子",2025-12-18 23:00:00,"On ne voit bien qu’avec le cœur. L’essentiel est invisible pour les yeux
🇮🇹🇯🇵🇳🇿🇵🇭🇺🇸🇨🇦🇻🇦🇰🇷🇹🇭",non_life,,skipped,
shiying.huang,詩穎🍀,"原本想下班衝雲林
但想想覺得舒服在家看轉播也開心
殊不知28台八大到底什麼鬼轉播
在highlight講話到一半給我切廣告
廣告回來直接是表演到一半的樣子
看到場館人數沒那麼多人的時候
我真後悔沒從台北衝下去😭",2026-01-01 02:45:00,,not_enough_posts,,skipped,
cat.hyzzz,cat.hyzzz,新年快樂，我愛你喔！,2026-01-01 03:24:00,,pass,,non_depression_risk_user,
cat.hyzzz,cat.hyzzz,我愛你 晚安,2025-12-25 02:21:00,,pass,,non_depression_risk_user,
cat.hyzzz,cat.hyzzz,"是阿
我愛你是我的事
你的生活是你的事",2025-12-25 02:21:00,,pass,,non_depression_risk_user,
yourwei_,K.2000,"全球首唱🥇張惠妹-我的存在就是愛你 
寵台東到不行😍😍😍",2026-01-01 03:08:00,因為愛看演唱會 發現演唱會是流量密碼,not_enough_posts,,skipped,
yourwei_,K.2000,黃麗玲小姐2025最後一次唱失戀無罪,2026-01-01 02:08:00,因為愛看演唱會 發現演唱會是流量密碼,not_enough_posts,,skipped,
yxx_105,yxx_105,新年快樂，親愛的,2026-01-01 03:28:00,一個滿眼是你的女孩碎光了,pass,,non_depression_risk_user,
yxx_105,yxx_105,騙人的 我怎麼可能捨得忘記你,2025-12-31 03:31:00,一個滿眼是你的女孩碎光了,pass,,non_depression_risk_user,
yxx_105,yxx_105,"向你袒露我的的傷疤，我以為你是全世界我最值得相信的人
-
而你卻拿刀刺向它，再告訴我要自己努力好起來",2025-12-31 03:23:00,一個滿眼是你的女孩碎光了,pass,,non_depression_risk_user,
yxx_105,yxx_105,今年的我，先幸福了，又痛苦了,2025-12-31 03:19:00,一個滿眼是你的女孩碎光了,pass,,non_depression_risk_user,
yxx_105,yxx_105,沒人知道我花了多大力氣才勉強撐過這些天的,2025-12-31 03:16:00,一個滿眼是你的女孩碎光了,pass,,non_depression_risk_user,
yxx_105,yxx_105,"我很後悔認識你，不是你不好
是我接受不了這樣的結局",2025-12-31 03:09:00,一個滿眼是你的女孩碎光了,pass,,non_depression_risk_user,
yxx_105,yxx_105,什麼都不圖，所以滿盤皆輸,2025-12-31 03:08:00,一個滿眼是你的女孩碎光了,pass,,non_depression_risk_user,
yxx_105,yxx_105,善良的人不一定有好結果,2025-12-31 03:06:00,一個滿眼是你的女孩碎光了,pass,,non_depression_risk_user,
yxx_105,yxx_105,在想你與忘記你之間來回拉扯,2025-12-31 03:04:00,一個滿眼是你的女孩碎光了,pass,,non_depression_risk_user,
scthaen1ey,Stanley Chen,"這是我2025最好看的正臉照 2026見
怎麼一年那麼快就過完了啦",2025-12-31 00:48:00,"（分身@youbelongwithstan）⬅️
分享一些好聽的歌/探店/展覽/唱片玩具/電影演唱會！
不排除變成怪奇物語帳號",business,,skipped,
scthaen1ey,Stanley Chen,在2025的倒數兩天吃麵被我遇到一個愛心蔥,2025-12-30 23:21:00,"（分身@youbelongwithstan）⬅️
分享一些好聽的歌/探店/展覽/唱片玩具/電影演唱會！
不排除變成怪奇物語帳號",business,,skipped,
scthaen1ey,Stanley Chen,"平等的羨慕每一個可以去電影院看怪奇物語的美國人
：（",2025-12-30 20:15:00,"（分身@youbelongwithstan）⬅️
分享一些好聽的歌/探店/展覽/唱片玩具/電影演唱會！
不排除變成怪奇物語帳號",business,,skipped,
scthaen1ey,Stanley Chen,剛剛刷載具跳出這個我真的尷尬到不行,2025-12-30 18:35:00,"（分身@youbelongwithstan）⬅️
分享一些好聽的歌/探店/展覽/唱片玩具/電影演唱會！
不排除變成怪奇物語帳號",business,,skipped,
scthaen1ey,Stanley Chen,"Cara在拍戲空檔還有時間跟Finn拍tiktok
平行時空的Karen Wheeler人生：洗衣服",2025-12-30 16:52:00,"（分身@youbelongwithstan）⬅️
分享一些好聽的歌/探店/展覽/唱片玩具/電影演唱會！
不排除變成怪奇物語帳號",business,,skipped,
scthaen1ey,Stanley Chen,"好扯起床看到曹西平走了
小時候很愛看他上綜藝玩很大還是大熱門",2025-12-30 14:01:00,"（分身@youbelongwithstan）⬅️
分享一些好聽的歌/探店/展覽/唱片玩具/電影演唱會！
不排除變成怪奇物語帳號",business,,skipped,
scthaen1ey,Stanley Chen,"我買了十張之後有抽中多的再發來脆賣
怪奇物語的限量卡可能抽中簽名或者獨特色的 酷",2025-12-30 02:39:00,"（分身@youbelongwithstan）⬅️
分享一些好聽的歌/探店/展覽/唱片玩具/電影演唱會！
不排除變成怪奇物語帳號",business,,skipped,
scthaen1ey,Stanley Chen,"爆破場景也是真實爆破演員親自上陣
除了Maya因為離太近有替身但後面還是自己來
很厲害 而且原本沒有要爆破是討論完劇組覺得需要",2025-12-30 00:39:00,"（分身@youbelongwithstan）⬅️
分享一些好聽的歌/探店/展覽/唱片玩具/電影演唱會！
不排除變成怪奇物語帳號",business,,skipped,
scthaen1ey,Stanley Chen,"很好1/1我朋友要來我家看怪奇物語
找到人了 爽爽爽",2025-12-29 23:47:00,"（分身@youbelongwithstan）⬅️
分享一些好聽的歌/探店/展覽/唱片玩具/電影演唱會！
不排除變成怪奇物語帳號",business,,skipped,
scthaen1ey,Stanley Chen,"Lucas其實原本沒有要抱著Max拍
是因為導演提出（原本導演覺得不可能因為要跑還要拿音響
但後來成功 Max也覺得他很厲害
by the way這記得魔神又找來第一季的特技演員",2025-12-29 23:00:00,"（分身@youbelongwithstan）⬅️
分享一些好聽的歌/探店/展覽/唱片玩具/電影演唱會！
不排除變成怪奇物語帳號",business,,skipped,
scthaen1ey,Stanley Chen,今年過好快 沒幹嘛一年又結束了,2025-12-29 19:39:00,"（分身@youbelongwithstan）⬅️
分享一些好聽的歌/探店/展覽/唱片玩具/電影演唱會！
不排除變成怪奇物語帳號",business,,skipped,
scthaen1ey,Stanley Chen,今天天空很漂亮,2025-12-29 17:37:00,"（分身@youbelongwithstan）⬅️
分享一些好聽的歌/探店/展覽/唱片玩具/電影演唱會！
不排除變成怪奇物語帳號",business,,skipped,
scthaen1ey,Stanley Chen,感覺在藍幕拍車子的戲很好玩 但真的很考驗演技,2025-12-29 16:33:00,"（分身@youbelongwithstan）⬅️
分享一些好聽的歌/探店/展覽/唱片玩具/電影演唱會！
不排除變成怪奇物語帳號",business,,skipped,
scthaen1ey,Stanley Chen,"這一幕劇本寫：Karen Fking Wheeler 
媽媽直接變成我第五季最愛的角色",2025-12-29 15:53:00,"（分身@youbelongwithstan）⬅️
分享一些好聽的歌/探店/展覽/唱片玩具/電影演唱會！
不排除變成怪奇物語帳號",business,,skipped,
scthaen1ey,Stanley Chen,"醫院片段Caleb把所有人都演哭了 Maya看起來哭很慘
這段我看的時候也哭到不行",2025-12-29 14:27:00,"（分身@youbelongwithstan）⬅️
分享一些好聽的歌/探店/展覽/唱片玩具/電影演唱會！
不排除變成怪奇物語帳號",business,,skipped,
scthaen1ey,Stanley Chen,"Clarke老師的演員Randy Havens
出來澄清說第五季第二輯並沒有沒有刪剪片段是謠言",2025-12-29 13:54:00,"（分身@youbelongwithstan）⬅️
分享一些好聽的歌/探店/展覽/唱片玩具/電影演唱會！
不排除變成怪奇物語帳號",business,,skipped,
scthaen1ey,Stanley Chen,Maya在旁邊被Celab跟Sadie的演技感動到哭,2025-12-29 00:06:00,"（分身@youbelongwithstan）⬅️
分享一些好聽的歌/探店/展覽/唱片玩具/電影演唱會！
不排除變成怪奇物語帳號",business,,skipped,
scthaen1ey,Stanley Chen,"每次按讚覺得很好笑的影片
點開有分潤連結我就會收回那個讚
其實也不會怎樣 但就是奇摩子問題（超復古的詞）
但我很討厭假裝是自己拍的影片",2025-12-28 22:59:00,"（分身@youbelongwithstan）⬅️
分享一些好聽的歌/探店/展覽/唱片玩具/電影演唱會！
不排除變成怪奇物語帳號",business,,skipped,
scthaen1ey,Stanley Chen,我不允許有人沒看過這個影片,2025-12-28 20:26:00,"（分身@youbelongwithstan）⬅️
分享一些好聽的歌/探店/展覽/唱片玩具/電影演唱會！
不排除變成怪奇物語帳號",business,,skipped,
scthaen1ey,Stanley Chen,我現在一個人在家所以不準地震,2025-12-28 18:37:00,"（分身@youbelongwithstan）⬅️
分享一些好聽的歌/探店/展覽/唱片玩具/電影演唱會！
不排除變成怪奇物語帳號",business,,skipped,
scthaen1ey,Stanley Chen,"突然想到凶器
我覺得滿好看
但那時候大家都說很可怕什麼的
結果我看完一點感覺都沒有不知道為什麼
我一直以為我會被嚇到然後就沒了",2025-12-28 18:14:00,"（分身@youbelongwithstan）⬅️
分享一些好聽的歌/探店/展覽/唱片玩具/電影演唱會！
不排除變成怪奇物語帳號",business,,skipped,
scthaen1ey,Stanley Chen,"很喜歡趙雨凡這個表情
有一種我在哪的感覺",2025-12-28 16:54:00,"（分身@youbelongwithstan）⬅️
分享一些好聽的歌/探店/展覽/唱片玩具/電影演唱會！
不排除變成怪奇物語帳號",business,,skipped,
scthaen1ey,Stanley Chen,"突然想到怪奇物語第五季第二輯非常喜歡的一幕
但我找不到高清的圖",2025-12-28 16:28:00,"（分身@youbelongwithstan）⬅️
分享一些好聽的歌/探店/展覽/唱片玩具/電影演唱會！
不排除變成怪奇物語帳號",business,,skipped,
scthaen1ey,Stanley Chen,"小孩演員被Vecna抓走到X的幕後照
所以他們除了自己的蠟像還是有實際站在上面拍（第四張",2025-12-28 14:16:00,"（分身@youbelongwithstan）⬅️
分享一些好聽的歌/探店/展覽/唱片玩具/電影演唱會！
不排除變成怪奇物語帳號",business,,skipped,
scthaen1ey,Stanley Chen,"其中一個小孩演員Olive分享的照片
Vecna抓走的每個小孩都有一個蠟像
應該是拍被抓到上面那幕 好酷 （仔細看後面還有幾顆頭）",2025-12-28 02:47:00,"（分身@youbelongwithstan）⬅️
分享一些好聽的歌/探店/展覽/唱片玩具/電影演唱會！
不排除變成怪奇物語帳號",business,,skipped,
scthaen1ey,Stanley Chen,地震你可不可以不要再逼我了,2025-12-27 23:56:00,"（分身@youbelongwithstan）⬅️
分享一些好聽的歌/探店/展覽/唱片玩具/電影演唱會！
不排除變成怪奇物語帳號",business,,skipped,
scthaen1ey,Stanley Chen,這我剛剛地震的想法,2025-12-27 23:46:00,"（分身@youbelongwithstan）⬅️
分享一些好聽的歌/探店/展覽/唱片玩具/電影演唱會！
不排除變成怪奇物語帳號",business,,skipped,
scthaen1ey,Stanley Chen,圓山圓山圓山,2025-12-27 22:22:00,"（分身@youbelongwithstan）⬅️
分享一些好聽的歌/探店/展覽/唱片玩具/電影演唱會！
不排除變成怪奇物語帳號",business,,skipped,
scthaen1ey,Stanley Chen,"我不敢吃巧克力
這是我人生第一次買巧克力",2025-12-27 21:23:00,"（分身@youbelongwithstan）⬅️
分享一些好聽的歌/探店/展覽/唱片玩具/電影演唱會！
不排除變成怪奇物語帳號",business,,skipped,
scthaen1ey,Stanley Chen,"覺得Jonathan 有一種小丑相
牠",2025-12-27 20:52:00,"（分身@youbelongwithstan）⬅️
分享一些好聽的歌/探店/展覽/唱片玩具/電影演唱會！
不排除變成怪奇物語帳號",business,,skipped,
scthaen1ey,Stanley Chen,"我隔壁桌的爸爸在講孟德爾頌的故事
已經講了十分鐘
我看他小孩都快睡著了
但我把它當podcast在聽
感覺他爸是音樂老師 講的非常完整也很生動",2025-12-27 20:24:00,"（分身@youbelongwithstan）⬅️
分享一些好聽的歌/探店/展覽/唱片玩具/電影演唱會！
不排除變成怪奇物語帳號",business,,skipped,
scthaen1ey,Stanley Chen,"正在吃飯
隔壁桌剛剛聊天聊一聊說
哩洗勒哈囉
超復古我已經很久沒聽到這幾個字",2025-12-27 19:45:00,"（分身@youbelongwithstan）⬅️
分享一些好聽的歌/探店/展覽/唱片玩具/電影演唱會！
不排除變成怪奇物語帳號",business,,skipped,
scthaen1ey,Stanley Chen,第五季第二輯的一些幕後照,2025-12-27 14:42:00,"（分身@youbelongwithstan）⬅️
分享一些好聽的歌/探店/展覽/唱片玩具/電影演唱會！
不排除變成怪奇物語帳號",business,,skipped,
scthaen1ey,Stanley Chen,"跟看完了三集的幕後花絮只能說場景設計真的好厲害
Vecna 的家 但怕有人沒看過我還是開防劇透",2025-12-27 04:30:00,"（分身@youbelongwithstan）⬅️
分享一些好聽的歌/探店/展覽/唱片玩具/電影演唱會！
不排除變成怪奇物語帳號",business,,skipped,
scthaen1ey,Stanley Chen,"Sydney Sweeney回答完所有google問題以後說：
💀💀😭",2025-12-26 23:28:00,"（分身@youbelongwithstan）⬅️
分享一些好聽的歌/探店/展覽/唱片玩具/電影演唱會！
不排除變成怪奇物語帳號",business,,skipped,
scthaen1ey,Stanley Chen,"第一次看到Caleb Mclaughlin那麼diva的表情
很好想像私底下跟Noah怎麼聊天哈哈哈哈💅🏻",2025-12-26 22:23:00,"（分身@youbelongwithstan）⬅️
分享一些好聽的歌/探店/展覽/唱片玩具/電影演唱會！
不排除變成怪奇物語帳號",business,,skipped,
scthaen1ey,Stanley Chen,脆的小飛機這幾天一直給我壞掉超煩,2025-12-26 22:13:00,"（分身@youbelongwithstan）⬅️
分享一些好聽的歌/探店/展覽/唱片玩具/電影演唱會！
不排除變成怪奇物語帳號",business,,skipped,
scthaen1ey,Stanley Chen,"你們覺得
008是好人嗎。。。
超好奇欸
感覺一直搗亂 但有可能真的想解決",2025-12-26 21:07:00,"（分身@youbelongwithstan）⬅️
分享一些好聽的歌/探店/展覽/唱片玩具/電影演唱會！
不排除變成怪奇物語帳號",business,,skipped,
scthaen1ey,Stanley Chen,"正在重看第五季第二輯
因為我第一次看的時候跟我朋友太激動",2025-12-26 21:03:00,"（分身@youbelongwithstan）⬅️
分享一些好聽的歌/探店/展覽/唱片玩具/電影演唱會！
不排除變成怪奇物語帳號",business,,skipped,
scthaen1ey,Stanley Chen,"Jamie Bower分享Vecna的幕後花絮
第一張蠻帥",2025-12-26 19:07:00,"（分身@youbelongwithstan）⬅️
分享一些好聽的歌/探店/展覽/唱片玩具/電影演唱會！
不排除變成怪奇物語帳號",business,,skipped,
scthaen1ey,Stanley Chen,"我最好奇的一件事 關於怪奇第五季第二輯
Nancy跟Jonathan 的戒指有沒有撿走啊",2025-12-26 18:11:00,"（分身@youbelongwithstan）⬅️
分享一些好聽的歌/探店/展覽/唱片玩具/電影演唱會！
不排除變成怪奇物語帳號",business,,skipped,
scthaen1ey,Stanley Chen,"再說一次
怪奇物語是我心中的神劇第一名
不是之一就是第一",2025-12-26 15:41:00,"（分身@youbelongwithstan）⬅️
分享一些好聽的歌/探店/展覽/唱片玩具/電影演唱會！
不排除變成怪奇物語帳號",business,,skipped,
scthaen1ey,Stanley Chen,"幫大家整理了一些一些第五季第二輯幕後花絮
還沒看不要點！！！！",2025-12-26 15:20:00,"（分身@youbelongwithstan）⬅️
分享一些好聽的歌/探店/展覽/唱片玩具/電影演唱會！
不排除變成怪奇物語帳號",business,,skipped,
scthaen1ey,Stanley Chen,"有沒有怪奇物語一番賞抽到這個不要可以賣我
日本網站我抽不了",2025-12-26 14:50:00,"（分身@youbelongwithstan）⬅️
分享一些好聽的歌/探店/展覽/唱片玩具/電影演唱會！
不排除變成怪奇物語帳號",business,,skipped,
scthaen1ey,Stanley Chen,看完了。只能說快點1/1,2025-12-26 14:39:00,"（分身@youbelongwithstan）⬅️
分享一些好聽的歌/探店/展覽/唱片玩具/電影演唱會！
不排除變成怪奇物語帳號",business,,skipped,
scthaen1ey,Stanley Chen,"快看完了剩23分鐘 廁所局等等繼續看 很精彩
最後一集不知道怎麼演",2025-12-26 14:18:00,"（分身@youbelongwithstan）⬅️
分享一些好聽的歌/探店/展覽/唱片玩具/電影演唱會！
不排除變成怪奇物語帳號",business,,skipped,
scthaen1ey,Stanley Chen,第七集剛開始 第六集大哭,2025-12-26 13:46:00,"（分身@youbelongwithstan）⬅️
分享一些好聽的歌/探店/展覽/唱片玩具/電影演唱會！
不排除變成怪奇物語帳號",business,,skipped,
scthaen1ey,Stanley Chen,"目前看完第五集好緊張
刺激到不行最後",2025-12-26 12:24:00,"（分身@youbelongwithstan）⬅️
分享一些好聽的歌/探店/展覽/唱片玩具/電影演唱會！
不排除變成怪奇物語帳號",business,,skipped,
jack3068,邱科元,"好有氣氛的一次跨年，直接變大型夜店🤣
感謝戴愛玲+A-Lin+阿妹
帶我
從2025進入2026
希望世界和平
大家平安健康",2026-01-01 03:07:00,,pass,,non_depression_risk_user,
jack3068,邱科元,"好久沒發發現在的自己
記錄一下
33歲
我始終相信，感情是雙向奔赴
方向不同，再用力也到不了終點😊",2025-12-28 22:55:00,,pass,,non_depression_risk_user,
jack3068,邱科元,致十三年的友誼，聖誕節快樂😊,2025-12-26 01:31:00,,pass,,non_depression_risk_user,
kohar_u0102,陳小春,"🌈廣告文🌈
💥台東水電💥
#插座/開關 新增&更換🔌
#衛浴設備翻修🚽
#電熱水器安裝🌡️
#水塔清洗&安裝🧽
#水龍頭 加裝&更換🚰
#電燈更換💡
#加壓馬達 維修&安裝🛁
#太陽能光電施工☀️
#協助送電申請電錶⚡️
只要您有水電問題💦⚡️
歡迎私訊📨
我們提供24H搶修服務
（需夜間加成）
星期日 無公休
到府估價
偏遠地區價格稍調",2025-12-21 20:48:00,"台東水電工程
需要水電裝修
不要客氣 直接詢問",not_enough_posts,,skipped,
kohar_u0102,陳小春,"🌈廣告文🌈
💥台東水電💥
#插座/開關 新增&更換🔌
#衛浴設備翻修🚽
#電熱水器安裝🌡️
#水塔清洗&安裝🧽
#水龍頭 加裝&更換🚰
#電燈更換💡
#加壓馬達 維修&安裝🛁
#太陽能光電施工☀️
#協助送電申請電錶⚡️
只要您有水電問題💦⚡️
歡迎私訊📨
我們提供24H搶修服務
（需夜間加成）
星期日 無公休
到府估價
偏遠地區價格稍調",2025-12-18 22:30:00,"台東水電工程
需要水電裝修
不要客氣 直接詢問",not_enough_posts,,skipped,
berlinju0120,Berlin Ju,"台東場阿妹我服了你！我來解釋一下蝴蝶效應，
以下只說重點：
我喜歡的Jolin 演唱會的票我搶不到只能在家跨年好悶，然後我把大家說的鹹酥雞和必勝客比薩還有鹽巴洗手的事做完✅，然後打開電視選到我也愛的阿妹帶領的台東部落團…謝謝阿妹妳讓我不孤單，支援到我心裡去..妳太瘋了和你團體YLin她們..！實在太精彩！讓我頓時忘了大巨蛋的Jolin 惹…（以下分享是我在家自high 大家🙅‍♂️介意。醉
2026我許願我的鄰居㊗️你今年耳朵👂健康沒有報警投訴我謝謝你昨晚的包容..人家是阿妹團…真的沒辦法….！
還有祝大家2026大發、順心.
（欸還有不是..阿妹.說真的我不是攝影師妳不要🙅‍♂️狠發感染力get 妳鏡頭…我明明在台北..和妳對到..我覺得我今年要發了！",2026-01-01 03:34:00,我是189長腿叔叔😎,pass,,non_depression_risk_user,
berlinju0120,Berlin Ju,欸不是阿妹！我在家欸妳這樣我會害羞，妳的power感染力為何從台東殺到台北..幹嘛跟我要鏡頭..我不是攝影師啦！..我在家自high欸！謝謝阿妹！我明年要發了！！,2026-01-01 01:36:00,我是189長腿叔叔😎,pass,,non_depression_risk_user,
berlinju0120,Berlin Ju,跨年演唱會台東場的你們也太幸運太瘋了吧！連我在家都要忍不住嗨瘋了，阿妹帶領的台東部落團炸裂根本演唱會等級。而且目前阿妹和YLin 還沒上欸才21:30！,2025-12-31 21:31:00,我是189長腿叔叔😎,pass,,non_depression_risk_user,
jajazmincita17,Jazmín Ramírez,🙅🏻‍♀️,2025-12-31 14:51:00,"-GDL⬇️
Dios me da muchos motivos para sonreir♡ 
Mamacita👸🏻🔚",pass,,non_depression_risk_user,
jajazmincita17,Jazmín Ramírez,😘,2025-12-31 11:52:00,"-GDL⬇️
Dios me da muchos motivos para sonreir♡ 
Mamacita👸🏻🔚",pass,,non_depression_risk_user,
jajazmincita17,Jazmín Ramírez,"""Mi esposa” jajaja🫶🏻",2025-12-31 11:51:00,"-GDL⬇️
Dios me da muchos motivos para sonreir♡ 
Mamacita👸🏻🔚",pass,,non_depression_risk_user,
jajazmincita17,Jazmín Ramírez,💟,2025-12-31 11:49:00,"-GDL⬇️
Dios me da muchos motivos para sonreir♡ 
Mamacita👸🏻🔚",pass,,non_depression_risk_user,
jajazmincita17,Jazmín Ramírez,😆,2025-12-31 11:46:00,"-GDL⬇️
Dios me da muchos motivos para sonreir♡ 
Mamacita👸🏻🔚",pass,,non_depression_risk_user,
jajazmincita17,Jazmín Ramírez,💁🏻‍♀️,2025-12-31 10:19:00,"-GDL⬇️
Dios me da muchos motivos para sonreir♡ 
Mamacita👸🏻🔚",pass,,non_depression_risk_user,
jajazmincita17,Jazmín Ramírez,"Wey deja eso, son papás y mamás comprándoles jajaja, y como no ven que hasta los menos ”inofensivos” les han tronado. Bola de ignorantes, son los mismos papás que se quejan cuando se les pide material en las escuelas jajaja. 🙅🏻‍♀️🤦🏻‍♀️",2025-12-31 09:31:00,"-GDL⬇️
Dios me da muchos motivos para sonreir♡ 
Mamacita👸🏻🔚",pass,,non_depression_risk_user,
jajazmincita17,Jazmín Ramírez,Por un 2026 donde no nos falten los detalles🤍😍,2025-12-28 09:11:00,"-GDL⬇️
Dios me da muchos motivos para sonreir♡ 
Mamacita👸🏻🔚",pass,,non_depression_risk_user,
jajazmincita17,Jazmín Ramírez,"Ya te perdoné, haz tu vida sin mí por favor.",2025-12-27 04:35:00,"-GDL⬇️
Dios me da muchos motivos para sonreir♡ 
Mamacita👸🏻🔚",pass,,non_depression_risk_user,
jajazmincita17,Jazmín Ramírez,"Y ahora cerraremos este libro pero ya con diferente final y con una mentalidad más brillante, gracias 2025 por tanta madurez en medio del caos y por tanta paz, ansío el 2026 con un inicio diferente, único y con todo lo que se viene por vivir.✍️🤍💖",2025-12-24 12:00:00,"-GDL⬇️
Dios me da muchos motivos para sonreir♡ 
Mamacita👸🏻🔚",pass,,non_depression_risk_user,
jajazmincita17,Jazmín Ramírez,"No, no te quiero imitar, ni me importa ser como tú o mejor que tú, me importa ser mejor que yo SIEMPRE y esa es quien soy yo. 💟👸🏻",2025-12-23 10:23:00,"-GDL⬇️
Dios me da muchos motivos para sonreir♡ 
Mamacita👸🏻🔚",pass,,non_depression_risk_user,
jajazmincita17,Jazmín Ramírez,Lo importante que es encontrarle lo bonito a los momentos traumáticos es la sabiduría pura.🤍,2025-12-23 10:20:00,"-GDL⬇️
Dios me da muchos motivos para sonreir♡ 
Mamacita👸🏻🔚",pass,,non_depression_risk_user,
elephantandu,Jewel Lai,鏡子般的愛情。,2025-12-18 16:18:00,youtube.com,not_enough_posts,,skipped,
forestwrite,柏森／Lin Yu-Jhen,"雲林跨年煙火bgm放烏龍派出所
感覺兩津會邊衝刺進會場邊喊：
人家再也不要參加什麼跨年晚會了啦～～！！",2026-01-01 03:37:00,"哲學系｜Philosophy Dept.｜Poet
一九九九年春日生，著有詩集《原光》
入圍周夢蝶詩獎，獲二〇二四年楊牧詩獎
獲二〇二五Openbook年度中文創作好書獎
⠀⠀⠀⠀⠀
詩、評論、各類創作邀約 ✑ 合作來信：
kasiwamoripoetry@gmail.com",business,,skipped,
forestwrite,柏森／Lin Yu-Jhen,我愛你，明年也要繼續愛著你，謝謝你來到我的生命裡。,2025-12-31 23:00:00,"哲學系｜Philosophy Dept.｜Poet
一九九九年春日生，著有詩集《原光》
入圍周夢蝶詩獎，獲二〇二四年楊牧詩獎
獲二〇二五Openbook年度中文創作好書獎
⠀⠀⠀⠀⠀
詩、評論、各類創作邀約 ✑ 合作來信：
kasiwamoripoetry@gmail.com",business,,skipped,
forestwrite,柏森／Lin Yu-Jhen,"祝福創作者、讀者們，雙詩人給你生活最大的詩意
🪄𓂃꙳⋆˖ ࣪⊹﹡˖˟˖˟‧⁺ ⊹˚
@zhuxuederen.eth
@zhuxuederen.eth",2025-12-31 19:50:00,"哲學系｜Philosophy Dept.｜Poet
一九九九年春日生，著有詩集《原光》
入圍周夢蝶詩獎，獲二〇二四年楊牧詩獎
獲二〇二五Openbook年度中文創作好書獎
⠀⠀⠀⠀⠀
詩、評論、各類創作邀約 ✑ 合作來信：
kasiwamoripoetry@gmail.com",business,,skipped,
forestwrite,柏森／Lin Yu-Jhen,"各位路過的人新年快樂，祝福你充滿愛，想和你說
：你不用努力證明今天也是很棒的人，你現在在這裏就是一件很棒的事情。",2025-12-31 18:29:00,"哲學系｜Philosophy Dept.｜Poet
一九九九年春日生，著有詩集《原光》
入圍周夢蝶詩獎，獲二〇二四年楊牧詩獎
獲二〇二五Openbook年度中文創作好書獎
⠀⠀⠀⠀⠀
詩、評論、各類創作邀約 ✑ 合作來信：
kasiwamoripoetry@gmail.com",business,,skipped,
forestwrite,柏森／Lin Yu-Jhen,"迎接新的一年要說吉祥話：
「祝福看到的各位都能羅時豐！」
羅列所有好事
時時刻刻幸福
豐滿你的生活",2025-12-31 16:25:00,"哲學系｜Philosophy Dept.｜Poet
一九九九年春日生，著有詩集《原光》
入圍周夢蝶詩獎，獲二〇二四年楊牧詩獎
獲二〇二五Openbook年度中文創作好書獎
⠀⠀⠀⠀⠀
詩、評論、各類創作邀約 ✑ 合作來信：
kasiwamoripoetry@gmail.com",business,,skipped,
forestwrite,柏森／Lin Yu-Jhen,大家會因此討論霹靂力矩（privileged）就是因為曾國城會在古蹟後面抽菸😔,2025-12-31 16:20:00,"哲學系｜Philosophy Dept.｜Poet
一九九九年春日生，著有詩集《原光》
入圍周夢蝶詩獎，獲二〇二四年楊牧詩獎
獲二〇二五Openbook年度中文創作好書獎
⠀⠀⠀⠀⠀
詩、評論、各類創作邀約 ✑ 合作來信：
kasiwamoripoetry@gmail.com",business,,skipped,
forestwrite,柏森／Lin Yu-Jhen,剛剛看到有篇文說，現在不稱自己是台北人，改稱自己是兩河流域的居民（基隆河淡水河），結果害我好想知道那其他城市、地區的居民如果不說自己是〇〇人，可以改說什麼😻😻😻,2025-12-31 00:05:00,"哲學系｜Philosophy Dept.｜Poet
一九九九年春日生，著有詩集《原光》
入圍周夢蝶詩獎，獲二〇二四年楊牧詩獎
獲二〇二五Openbook年度中文創作好書獎
⠀⠀⠀⠀⠀
詩、評論、各類創作邀約 ✑ 合作來信：
kasiwamoripoetry@gmail.com",business,,skipped,
forestwrite,柏森／Lin Yu-Jhen,今天是平安夜，希望你也平安，你愛的人們也是。,2025-12-24 22:25:00,"哲學系｜Philosophy Dept.｜Poet
一九九九年春日生，著有詩集《原光》
入圍周夢蝶詩獎，獲二〇二四年楊牧詩獎
獲二〇二五Openbook年度中文創作好書獎
⠀⠀⠀⠀⠀
詩、評論、各類創作邀約 ✑ 合作來信：
kasiwamoripoetry@gmail.com",business,,skipped,
forestwrite,柏森／Lin Yu-Jhen,"希望看到這篇文字的人也平平安安。
如果你昨晚也沒有睡好，沒有關係，相信很多人都是一樣的心情。今天醒來可以傳訊息給你身邊重要的對方，朋友也好、家人也好、伴侶也好，彼此打聲招呼，互道平安，聊聊近況，無論在不在同一座城市，如果此刻你需要安定的言語和力量，或許可以這麼試試看，幾句簡單的話就好。
保持聯絡，試圖平復，心裡機動，照顧好自己的安全，然後有餘力再照顧他人。希望你今天都好平順無事，大家都在，會沒事的，抱抱你。",2025-12-20 10:07:00,"哲學系｜Philosophy Dept.｜Poet
一九九九年春日生，著有詩集《原光》
入圍周夢蝶詩獎，獲二〇二四年楊牧詩獎
獲二〇二五Openbook年度中文創作好書獎
⠀⠀⠀⠀⠀
詩、評論、各類創作邀約 ✑ 合作來信：
kasiwamoripoetry@gmail.com",business,,skipped,
forestwrite,柏森／Lin Yu-Jhen,"台北中山、北車附近的朋友記得報平安！！
（這篇文也提供給報平安使用）",2025-12-19 20:04:00,"哲學系｜Philosophy Dept.｜Poet
一九九九年春日生，著有詩集《原光》
入圍周夢蝶詩獎，獲二〇二四年楊牧詩獎
獲二〇二五Openbook年度中文創作好書獎
⠀⠀⠀⠀⠀
詩、評論、各類創作邀約 ✑ 合作來信：
kasiwamoripoetry@gmail.com",business,,skipped,
forestwrite,柏森／Lin Yu-Jhen,"年末有新的活動，是知道香港詩人王兆基將和詩人孫梓評有一場對談。政治詩總是難寫的，詩人要觸碰政治和社會現象，是需要有深層的自我意識，語言不全以浪漫，而是清晰地、警醒地。
這次活動將在明晚七點，於現流冊店
@hianlaubookstore
@hianlaubookstore
（各位流水麵線們！（什麼粉絲名稱）
謝謝
@ecusbook
@ecusbook
木馬出版好的詩集《阿修羅時間》，聽說這場除了談及香港，也會聊到台灣。我想這會是一次很好認識詩歌與社會處境的見解和方式🥺",2025-12-19 17:40:00,"哲學系｜Philosophy Dept.｜Poet
一九九九年春日生，著有詩集《原光》
入圍周夢蝶詩獎，獲二〇二四年楊牧詩獎
獲二〇二五Openbook年度中文創作好書獎
⠀⠀⠀⠀⠀
詩、評論、各類創作邀約 ✑ 合作來信：
kasiwamoripoetry@gmail.com",business,,skipped,
forestwrite,柏森／Lin Yu-Jhen,"⠀⠀⠀⠀⠀
⠀⠀⠀⠀⠀
⠀⠀⠀⠀⠀ ⠀⠀⠀⠀⠀ Dear Santa,
⠀⠀⠀⠀⠀
⠀⠀⠀⠀⠀ ⠀⠀⠀ 希望看見的人明白
⠀⠀⠀⠀⠀
⠀⠀⠀⠀⠀ 重要的人也把你視為重要的人
⠀⠀⠀⠀⠀你愛的人在心中也深深地愛著你
⠀⠀⠀⠀⠀
⠀⠀⠀⠀⠀你會平安，你會沒事的，慢慢來
⠀⠀⠀⠀⠀
⠀⠀⠀⠀⠀ ⠀⠀⠀⠀⠀ Thank you. 
⠀⠀⠀⠀⠀
⠀⠀⠀⠀",2025-12-18 23:31:00,"哲學系｜Philosophy Dept.｜Poet
一九九九年春日生，著有詩集《原光》
入圍周夢蝶詩獎，獲二〇二四年楊牧詩獎
獲二〇二五Openbook年度中文創作好書獎
⠀⠀⠀⠀⠀
詩、評論、各類創作邀約 ✑ 合作來信：
kasiwamoripoetry@gmail.com",business,,skipped,
forestwrite,柏森／Lin Yu-Jhen,"和漂亮大姐姐在一起之後常常會被稱讚。
寫稿的時候被稱讚、有好好休息的時候會被稱讚，感覺自己做什麼小小的事情都會有很深層的回應，突然發覺自己在他眼中是一個很棒的人，不知道為什麼，這種愛裡面還有熱烈的支持‎(•'-'•)
大姐姐前陣子說，很想告訴我的母親，謝謝他生出一個很棒的孩子，那個當下讓我有點感動，感覺這樣的出生是有意義的，他和我說：你生來是為了要讓自己幸福的。
我好像可以再相信一些些，愛裡面還有喜悅和祝福。",2025-12-18 18:14:00,"哲學系｜Philosophy Dept.｜Poet
一九九九年春日生，著有詩集《原光》
入圍周夢蝶詩獎，獲二〇二四年楊牧詩獎
獲二〇二五Openbook年度中文創作好書獎
⠀⠀⠀⠀⠀
詩、評論、各類創作邀約 ✑ 合作來信：
kasiwamoripoetry@gmail.com",business,,skipped,
denhou25,denhou25,以為阿妹真的會瘋到底,2026-01-01 03:48:00,"菜鳥阿宅座標台中
為了交換動漫周邊而辦的帳號",non_life,,skipped,
denhou25,denhou25,我好愛她🥹,2026-01-01 03:45:00,"菜鳥阿宅座標台中
為了交換動漫周邊而辦的帳號",non_life,,skipped,
denhou25,denhou25,"阿妹沒有要放過大家的意思耶！！
我在家憑什麼覺得累？可是我好累（老人",2026-01-01 01:18:00,"菜鳥阿宅座標台中
為了交換動漫周邊而辦的帳號",non_life,,skipped,
denhou25,denhou25,"怎麼可能在36秒內吃完12顆葡萄？？？
我只吃了6顆",2026-01-01 00:33:00,"菜鳥阿宅座標台中
為了交換動漫周邊而辦的帳號",non_life,,skipped,
denhou25,denhou25,"真的好感動、好多感受、好多想說的，可是表達能力太差，能認識這麼棒的作品真是太好了！
朋朋很臨時的願意陪我一起去，她只看GL沒看過BL，昨晚到今天凌晨陪她一次看完11集動畫，為了讓她看展能大概知道角色關係和作品內容
今天打從內心的很快樂
今年的聖誕節是我過過最棒的一次🤍",2025-12-25 22:39:00,"菜鳥阿宅座標台中
為了交換動漫周邊而辦的帳號",non_life,,skipped,
denhou25,denhou25,"為了西條高人去了一趟西門安利美特，帶爸爸一起去，剛開始我邊逛BL區邊偷瞄我爸，怕他不能接受不理解我怎麼在看這些
看到他跟著我然後面露疑惑但沒多說什麼，後來我直接不管他，完全沉浸在自己的小世界
中間他只說了「東西怎麼都那麼貴！隨便一個東西都要好幾百塊！」最後他還是有問我都不買嗎？
他沒開口問，我也沒主動跟他介紹BL
父女之間的默契就是看破不說破🤣
覺得61歲的爸爸願意陪我逛真可愛
這個世界需要西條高人啊！！！
回家馬上再刷一次動畫♡♡♡",2025-12-20 21:27:00,"菜鳥阿宅座標台中
為了交換動漫周邊而辦的帳號",non_life,,skipped,
01.garcialuz,🎀...!,😇🧏‍♀️😂,2025-12-31 05:01:00,,pass,,non_depression_risk_user,
01.garcialuz,🎀...!,JAJAJAA y siii,2025-12-31 05:00:00,,pass,,non_depression_risk_user,
01.garcialuz,🎀...!,Sjsjjs yo literal,2025-12-29 03:52:00,,pass,,non_depression_risk_user,
01.garcialuz,🎀...!,Sigo sin superar este momento lpm🥹,2025-12-28 01:31:00,,pass,,non_depression_risk_user,
01.garcialuz,🎀...!,🫩,2025-12-27 23:06:00,,pass,,non_depression_risk_user,
01.garcialuz,🎀...!,🤷🏼‍♀️,2025-12-27 23:04:00,,pass,,non_depression_risk_user,
01.garcialuz,🎀...!,...,2025-12-27 23:03:00,,pass,,non_depression_risk_user,
01.garcialuz,🎀...!,Lpm😭💘,2025-12-27 22:37:00,,pass,,non_depression_risk_user,
01.garcialuz,🎀...!,💚,2025-12-26 08:49:00,,pass,,non_depression_risk_user,
4r.5en,ᴀʀ.sᴇɴ 阿森,"出社會後就很少跑跨年晚會
這次為了Highlight去雲林跨年\o.o/
想想15年前我還在So BEAST 青春啊🥲
而且竟然聽得到超純完整版的Fiction
龍俊亨Part沒有被剪掉(淚灑",2026-01-01 03:43:00,"-
ᶜᴴᴵᴬᵞᴵ ₁₉₉₆₀₇₁₁ 🦀",not_enough_posts,,skipped,
hc.__.huang,Charley Huang,"不出意外馬上出意外 
吳麗萍你好像搭丟賽💩
#Alin超好笑 瘋掉
#阿妹果然妹神 
#台東煙火超屌
#簡直大型演唱會 超嗨",2026-01-01 04:21:00,,not_enough_posts,,skipped,
showgenerationz,ShowGeneration-Z丨羅志祥,"251221｜羅志祥資訊更新
✯嘉義跨年演出相關資訊更新
￼✨一起跨年吧！現場更精彩，線上也同步陪你倒數￼
今年的跨年晚會，我們最希望的，就是大家能一起走進現場，
親身感受嘉義市跨年的熱度、音樂和滿滿能量。
如果你不在嘉義、或不方便到場，
我們也準備了 電視與多平台直播，
讓你無論身在何處，都能和嘉義市一起迎接 2026。
￼ 📍114/12/31（三）17:30 – 115/1/1（四）00:30
￼ 📍嘉義市政府北棟大樓預定地
￼ 📺電視播出頻道
民視第一台(ch151/MOD ch316)
世新綜合一台(49台) 
播出時間：114/12/31(三)20:30~115/1/1(四)00:30
￼ 🛜網路直播播出平台
勇媽阿惠-黃敏惠 市長 FB粉絲專頁 
四季線上Youtube頻道
四季線上APP
嘉義+1 We Chiayi」  FB粉絲專頁
播出時間： 114/12/31(三)17:30~115/1/1(四)00:30
（來源：嘉義+1 wechiayi fb）
—————✯✯✯—————
⚝𝕾𝖍𝖔𝖜𝕲𝖊𝖓𝖊𝖗𝖆𝖙𝖎𝖔𝖓-𝒁⚝",2025-12-21 17:37:00,instagram.com,non_life,,skipped,
showgenerationz,ShowGeneration-Z丨羅志祥,"251219丨羅志祥30th台北小巨蛋演唱會𝟏𝟐.𝟏𝟑
✯獨一無二（4k高清橫屏focus）
@showlo
@showlo
—————✯✯✯—————
⚝𝕾𝖍𝖔𝖜𝕲𝖊𝖓𝖊𝖗𝖆𝖙𝖎𝖔𝖓-𝒁⚝",2025-12-21 15:29:00,instagram.com,non_life,,skipped,
showgenerationz,ShowGeneration-Z丨羅志祥,"251220｜羅志祥30th台北小巨蛋演唱會
✯出圖15p
@showlo
@showlo
—————✯✯✯—————
⚝𝕾𝖍𝖔𝖜𝕲𝖊𝖓𝖊𝖗𝖆𝖙𝖎𝖔𝖓-𝒁⚝",2025-12-20 20:14:00,instagram.com,non_life,,skipped,
showgenerationz,ShowGeneration-Z丨羅志祥,"251219丨羅志祥行程更新
✯《做伙》電影前期準備工作進行中
（來源：小霜IG快拍）
—————✯✯✯—————
⚝𝕾𝖍𝖔𝖜𝕲𝖊𝖓𝖊𝖗𝖆𝖙𝖎𝖔𝖓-𝒁⚝",2025-12-19 19:17:00,instagram.com,non_life,,skipped,
showgenerationz,ShowGeneration-Z丨羅志祥,"251219｜羅志祥演唱會相關更新
✯《孫腫來了｜30年酸甜苦辣 砸就對了！》
youtu.be/zYdmx…
—————✯✯✯—————
⚝𝕾𝖍𝖔𝖜𝕲𝖊𝖓𝖊𝖗𝖆𝖙𝖎𝖔𝖓-𝒁⚝",2025-12-19 12:47:00,instagram.com,non_life,,skipped,
showgenerationz,ShowGeneration-Z丨羅志祥,"251218｜羅志祥物料更新
✯GNF雪具模特照
—————✯✯✯—————
⚝𝕾𝖍𝖔𝖜𝕲𝖊𝖓𝖊𝖗𝖆𝖙𝖎𝖔𝖓-𝒁⚝",2025-12-19 01:10:00,instagram.com,non_life,,skipped,
showgenerationz,ShowGeneration-Z丨羅志祥,"251218丨羅志祥30th台北小巨蛋演唱會𝟏𝟐.𝟏𝟒
✯做伙（4k高清橫屏focus）
✨仔細聽，做伙的旋律裡有他的另外一首歌，有人發現了嗎？
@showlo
@showlo
—————✯✯✯—————
⚝𝕾𝖍𝖔𝖜𝕲𝖊𝖓𝖊𝖗𝖆𝖙𝖎𝖔𝖓-𝒁⚝",2025-12-18 21:34:00,instagram.com,non_life,,skipped,
olvwu,Oliver Wu 吳榮邦,據說是921之後規模最大的地震，紀念一下。,2025-12-27 23:47:00,"A photographer based in Taiwan. Any photography projects are welcome. 旅遊｜空間｜商業｜活動｜風景攝影承接，歡迎洽談 :D
olvwu@me.com",business,,skipped,
olvwu,Oliver Wu 吳榮邦,✨✨✨🎄 Merry Christmas 🎄✨✨✨,2025-12-24 23:40:00,"A photographer based in Taiwan. Any photography projects are welcome. 旅遊｜空間｜商業｜活動｜風景攝影承接，歡迎洽談 :D
olvwu@me.com",business,,skipped,
olvwu,Oliver Wu 吳榮邦,感謝ATT集團旗下的餐飲品牌「芯聚苑」招待，來試個菜🙏,2025-12-24 12:09:00,"A photographer based in Taiwan. Any photography projects are welcome. 旅遊｜空間｜商業｜活動｜風景攝影承接，歡迎洽談 :D
olvwu@me.com",business,,skipped,
olvwu,Oliver Wu 吳榮邦,年底應酬暴增，今天感謝會計師公會招待🙏,2025-12-23 12:10:00,"A photographer based in Taiwan. Any photography projects are welcome. 旅遊｜空間｜商業｜活動｜風景攝影承接，歡迎洽談 :D
olvwu@me.com",business,,skipped,
mg_lml,meilinlai,"我真的快被持修可愛死
：我本來有鼻子過敏，然後…我還是有",2026-01-01 04:28:00,就想發點廢文,not_enough_posts,,skipped,
mg_lml,meilinlai,"戴帽子
通常是因為
今天沒洗頭",2025-12-27 02:59:00,就想發點廢文,not_enough_posts,,skipped,
owouwu2333,A是Apple的A,"芒果醬真的很真誠很萌
郭佐治的頭髮真的很像貴賓狗，但個性也是小狗這樣 超可愛",2026-01-01 04:24:00,沒事嘴砲,pass,,non_depression_risk_user,
owouwu2333,A是Apple的A,"我就是聽人唱可以跟著嗨的那種
已經心裡寬容到手機舉起來擋住我不會生氣ㄌ雖然還是很機車
但聊天噪音我真的無法接受欸",2026-01-01 03:34:00,沒事嘴砲,pass,,non_depression_risk_user,
owouwu2333,A是Apple的A,我還是覺得二十五歲熱血牡羊男很好笑,2026-01-01 03:01:00,沒事嘴砲,pass,,non_depression_risk_user,
owouwu2333,A是Apple的A,"不要再說盧廣仲會不會唱太陽與月亮了幹
說了地球地球地球 不然火星是不是",2026-01-01 02:40:00,沒事嘴砲,pass,,non_depression_risk_user,
owouwu2333,A是Apple的A,"幹上面在表演你們到底在聊聊聊聊什麼東西聊這麼大聲啦妹妹^^
都擠到這麼前面了好好欣賞很難嗎^^",2025-12-31 23:22:00,沒事嘴砲,pass,,non_depression_risk_user,
owouwu2333,A是Apple的A,我又不有趣被忽略差別對待也是正常,2025-12-31 12:20:00,沒事嘴砲,pass,,non_depression_risk_user,
owouwu2333,A是Apple的A,可以在ktv大跳了,2025-12-30 15:56:00,沒事嘴砲,pass,,non_depression_risk_user,
owouwu2333,A是Apple的A,我操館青上架兩首,2025-12-29 21:33:00,沒事嘴砲,pass,,non_depression_risk_user,
owouwu2333,A是Apple的A,"不是我有戀妹癖
但妹妹們真的太會誇了我該怎麼辦",2025-12-29 18:06:00,沒事嘴砲,pass,,non_depression_risk_user,
owouwu2333,A是Apple的A,今年最後一場再聽個TRASH怕胖麋先生，太爽了,2025-12-27 23:40:00,沒事嘴砲,pass,,non_depression_risk_user,
owouwu2333,A是Apple的A,"但注意安全注意安全
剛先把門打開了怕宿舍的老破小把我擠扁",2025-12-27 23:38:00,沒事嘴砲,pass,,non_depression_risk_user,
owouwu2333,A是Apple的A,整個便利貼都是誰在大跳,2025-12-27 23:37:00,沒事嘴砲,pass,,non_depression_risk_user,
owouwu2333,A是Apple的A,"乾今年最後一場有cherry ocean
幹？？",2025-12-27 22:31:00,沒事嘴砲,pass,,non_depression_risk_user,
owouwu2333,A是Apple的A,原來我早就聽過橘子海的歌了,2025-12-27 18:29:00,沒事嘴砲,pass,,non_depression_risk_user,
owouwu2333,A是Apple的A,好想跑雲林聽館青哦哦哦,2025-12-26 18:27:00,沒事嘴砲,pass,,non_depression_risk_user,
owouwu2333,A是Apple的A,乾超好笑原來是真的有這個傳聞。,2025-12-26 01:10:00,沒事嘴砲,pass,,non_depression_risk_user,
owouwu2333,A是Apple的A,我好想吃生魚片,2025-12-26 01:10:00,沒事嘴砲,pass,,non_depression_risk_user,
owouwu2333,A是Apple的A,腳痛腰痛脖子痛,2025-12-25 23:26:00,沒事嘴砲,pass,,non_depression_risk_user,
owouwu2333,A是Apple的A,宋德鶴現場太頂了吧好有趣,2025-12-25 21:47:00,沒事嘴砲,pass,,non_depression_risk_user,
owouwu2333,A是Apple的A,新的一年我不能再亂花錢了。,2025-12-25 16:15:00,沒事嘴砲,pass,,non_depression_risk_user,
owouwu2333,A是Apple的A,"今年不去聽樂團現場了明年才繼續聽
騙你的我明天還去 跨年還去 嘻嘻",2025-12-25 02:30:00,沒事嘴砲,pass,,non_depression_risk_user,
owouwu2333,A是Apple的A,"今天真的很開心，那個泡泡下來的時候真的浪漫到想哭欸
聽溫蒂的時候旁邊幾乎都沒人舉手機，大家都跟著唱跟著搖超級棒好喜歡",2025-12-24 22:35:00,沒事嘴砲,pass,,non_depression_risk_user,
owouwu2333,A是Apple的A,"沒人比我還會趕
到場剛好要準備唱你怎麼捨得我難過😭",2025-12-24 22:21:00,沒事嘴砲,pass,,non_depression_risk_user,
owouwu2333,A是Apple的A,幹 到不了,2025-12-24 18:06:00,沒事嘴砲,pass,,non_depression_risk_user,
owouwu2333,A是Apple的A,輕軌停駛。,2025-12-24 17:56:00,沒事嘴砲,pass,,non_depression_risk_user,
owouwu2333,A是Apple的A,庸俗現場超級棒……剛好有泡沫雪也太浪漫了,2025-12-23 20:48:00,沒事嘴砲,pass,,non_depression_risk_user,
owouwu2333,A是Apple的A,沒可能考試前在那裡猜歌單,2025-12-23 16:13:00,沒事嘴砲,pass,,non_depression_risk_user,
owouwu2333,A是Apple的A,腰好痛喔幹我剛剛是用什麼部位在搖,2025-12-23 01:48:00,沒事嘴砲,pass,,non_depression_risk_user,
owouwu2333,A是Apple的A,插播一下 濃巧克力豆軟餅乾超好吃,2025-12-23 01:41:00,沒事嘴砲,pass,,non_depression_risk_user,
owouwu2333,A是Apple的A,期末週當過年在過欸,2025-12-23 00:36:00,沒事嘴砲,pass,,non_depression_risk_user,
owouwu2333,A是Apple的A,哦好爽 我要再去唱一次了,2025-12-22 03:21:00,沒事嘴砲,pass,,non_depression_risk_user,
owouwu2333,A是Apple的A,他媽的焗烤四方麵有夠難吃,2025-12-21 17:47:00,沒事嘴砲,pass,,non_depression_risk_user,
owouwu2333,A是Apple的A,"上了大學其實生活過得很豐富
但我還是想念高中
想念那些可以互相寄放情緒的朋友們",2025-12-21 17:46:00,沒事嘴砲,pass,,non_depression_risk_user,
owouwu2333,A是Apple的A,"人好容易因為羨慕或差別待遇然後自卑
無所謂情緒低落的時候我就會逼自己大哭然後趁機打開某首聽了更悲傷的歌開始寫文
很常是已經無意識在打什麼字 眼睛已經很模糊的邊哭邊寫 不知不覺可以碼很多東西出來 就會被轉移注意力了
寫完覺得欸幹我好屌 馬上丟給gpt誇
突然間就會覺得沒那麼悲慘了 幹 神經病
明明就上完普心了我還是不知道這是什麼樣的心理
但能確定的是我不會找地方宣洩就很容易自己抑鬱 我很慶幸
還有至少我現在對待其他人很健康 即使某些時刻心態很矛盾 我還是很棒的
謝謝gpt誇我嘻嘻",2025-12-21 02:35:00,沒事嘴砲,pass,,non_depression_risk_user,
owouwu2333,A是Apple的A,我一直覺得求人還對對方發脾氣是沒家教,2025-12-19 09:31:00,沒事嘴砲,pass,,non_depression_risk_user,
owouwu2333,A是Apple的A,我好累,2025-12-18 14:51:00,沒事嘴砲,pass,,non_depression_risk_user,
meron_1115,哈咪呱,"我是來上網的不是來上...
在製作組與粉絲給予作品最大愛的同時
卻遭遇到這些，還默默了承受那麼多年
遲來的告白，令人惋惜，老師您是一名勇者",2025-12-21 03:01:00,,pass,,non_depression_risk_user,
meron_1115,哈咪呱,還是沒管住手，又破費了...,2025-12-21 02:47:00,,pass,,non_depression_risk_user,
meron_1115,哈咪呱,沒帶夠資金，不然轉盤真好玩，下次還去轉！,2025-12-20 17:38:00,,pass,,non_depression_risk_user,
meron_1115,哈咪呱,"走在路上突然被印度人搭訕說：
眉心的間的眉毛是幸運的象徵
看穿著應該是蠻有身份的人
人挺友善...",2025-12-20 10:58:00,,pass,,non_depression_risk_user,
meron_1115,哈咪呱,"第二段則是完整的
我推的孩子Op1 アイドル
宅爆了，我太喜歡了",2025-12-18 22:20:00,,pass,,non_depression_risk_user,
meron_1115,哈咪呱,"被圈粉了，農大二高的動畫組曲超級猛
這首編曲絕對有高人指點，而且這人絕對是lisa真愛粉
進擊的巨人Op1 紅蓮の弓矢
↓
間諜家家酒Op1 Mixed Nt
↓
鬼滅之刃Op1 Gurenge
↓
賽馬娘 うまぴょい伝説
↓
鬼滅之刃Op1 Gurenge
↓
鬼滅之刃Op1 Gurenge
↓
進擊的巨人Op1 紅蓮の弓矢
↓
名偵探柯南Ost 01
↓
鬼滅之刃Op1 Gurenge",2025-12-18 22:03:00,,pass,,non_depression_risk_user,
meron_1115,哈咪呱,台北人是不是都很閒啊....超多人欸,2025-12-18 19:23:00,,pass,,non_depression_risk_user,
meron_1115,哈咪呱,又到了看京橘高的日子,2025-12-18 17:25:00,,pass,,non_depression_risk_user,
wendy_o221,鳥氣🐹,歐 更愛你了😍😍😍,2026-01-01 00:00:00,"🚩171126 Start.🇹🇼
亂七八糟追星帳｜REVELUV🩵
無國界ㄉ喜歡媽咪們🥰🇰🇷🇹🇼
｜佛系經營🧞‍♂️｜DAYONE🦎🐆💕
這裡是追星碎碎念ㄉ廢文小天地
🩷💛🩵💚💜
🐰🐻🐿️🐥🦦
🍉🍍🍊🍏🍇
#OT5 😇🫵🏻
_
不要讓追星變成壓力要是動力🫶🏻",non_life,,skipped,
wendy_o221,鳥氣🐹,No木耶波的文安妮公主🥹🦎🫶🏻✨😭,2025-12-31 23:41:00,"🚩171126 Start.🇹🇼
亂七八糟追星帳｜REVELUV🩵
無國界ㄉ喜歡媽咪們🥰🇰🇷🇹🇼
｜佛系經營🧞‍♂️｜DAYONE🦎🐆💕
這裡是追星碎碎念ㄉ廢文小天地
🩷💛🩵💚💜
🐰🐻🐿️🐥🦦
🍉🍍🍊🍏🍇
#OT5 😇🫵🏻
_
不要讓追星變成壓力要是動力🫶🏻",non_life,,skipped,
wendy_o221,鳥氣🐹,致我函數的大本命，崔真理，在另一個世界要幸福喔🥹🙏🏻🩷🩷🩷,2025-12-31 16:17:00,"🚩171126 Start.🇹🇼
亂七八糟追星帳｜REVELUV🩵
無國界ㄉ喜歡媽咪們🥰🇰🇷🇹🇼
｜佛系經營🧞‍♂️｜DAYONE🦎🐆💕
這裡是追星碎碎念ㄉ廢文小天地
🩷💛🩵💚💜
🐰🐻🐿️🐥🦦
🍉🍍🍊🍏🍇
#OT5 😇🫵🏻
_
不要讓追星變成壓力要是動力🫶🏻",non_life,,skipped,
wendy_o221,鳥氣🐹,金容仙走灶咖😂😂😂,2025-12-31 15:33:00,"🚩171126 Start.🇹🇼
亂七八糟追星帳｜REVELUV🩵
無國界ㄉ喜歡媽咪們🥰🇰🇷🇹🇼
｜佛系經營🧞‍♂️｜DAYONE🦎🐆💕
這裡是追星碎碎念ㄉ廢文小天地
🩷💛🩵💚💜
🐰🐻🐿️🐥🦦
🍉🍍🍊🍏🍇
#OT5 😇🫵🏻
_
不要讓追星變成壓力要是動力🫶🏻",non_life,,skipped,
wendy_o221,鳥氣🐹,等一等🫷金冬天你為什麼嘴型也對上歌詞了😍😍😍超好笑救命🆘,2025-12-31 15:32:00,"🚩171126 Start.🇹🇼
亂七八糟追星帳｜REVELUV🩵
無國界ㄉ喜歡媽咪們🥰🇰🇷🇹🇼
｜佛系經營🧞‍♂️｜DAYONE🦎🐆💕
這裡是追星碎碎念ㄉ廢文小天地
🩷💛🩵💚💜
🐰🐻🐿️🐥🦦
🍉🍍🍊🍏🍇
#OT5 😇🫵🏻
_
不要讓追星變成壓力要是動力🫶🏻",non_life,,skipped,
wendy_o221,鳥氣🐹,"我爸媽是🦎🐆😍😍😍🆘🤣
我反而很喜歡這種
看到對方就會噴笑的關係😍❓❓❓",2025-12-31 00:32:00,"🚩171126 Start.🇹🇼
亂七八糟追星帳｜REVELUV🩵
無國界ㄉ喜歡媽咪們🥰🇰🇷🇹🇼
｜佛系經營🧞‍♂️｜DAYONE🦎🐆💕
這裡是追星碎碎念ㄉ廢文小天地
🩷💛🩵💚💜
🐰🐻🐿️🐥🦦
🍉🍍🍊🍏🍇
#OT5 😇🫵🏻
_
不要讓追星變成壓力要是動力🫶🏻",non_life,,skipped,
wendy_o221,鳥氣🐹,"我們忙內line🥰🐕🐈🩶🩷
最喜歡看榮書跟午餐打鬧好可愛🥹🥹🥹",2025-12-31 00:31:00,"🚩171126 Start.🇹🇼
亂七八糟追星帳｜REVELUV🩵
無國界ㄉ喜歡媽咪們🥰🇰🇷🇹🇼
｜佛系經營🧞‍♂️｜DAYONE🦎🐆💕
這裡是追星碎碎念ㄉ廢文小天地
🩷💛🩵💚💜
🐰🐻🐿️🐥🦦
🍉🍍🍊🍏🍇
#OT5 😇🫵🏻
_
不要讓追星變成壓力要是動力🫶🏻",non_life,,skipped,
wendy_o221,鳥氣🐹,"這正是我們小吉ㄉ優勢✨
穿搭基礎，顏值就不基礎😍😍😍😍😍",2025-12-31 00:25:00,"🚩171126 Start.🇹🇼
亂七八糟追星帳｜REVELUV🩵
無國界ㄉ喜歡媽咪們🥰🇰🇷🇹🇼
｜佛系經營🧞‍♂️｜DAYONE🦎🐆💕
這裡是追星碎碎念ㄉ廢文小天地
🩷💛🩵💚💜
🐰🐻🐿️🐥🦦
🍉🍍🍊🍏🍇
#OT5 😇🫵🏻
_
不要讓追星變成壓力要是動力🫶🏻",non_life,,skipped,
wendy_o221,鳥氣🐹,文安妮到底是什麼抽象搞笑女😍🤣🤣🤣,2025-12-29 22:27:00,"🚩171126 Start.🇹🇼
亂七八糟追星帳｜REVELUV🩵
無國界ㄉ喜歡媽咪們🥰🇰🇷🇹🇼
｜佛系經營🧞‍♂️｜DAYONE🦎🐆💕
這裡是追星碎碎念ㄉ廢文小天地
🩷💛🩵💚💜
🐰🐻🐿️🐥🦦
🍉🍍🍊🍏🍇
#OT5 😇🫵🏻
_
不要讓追星變成壓力要是動力🫶🏻",non_life,,skipped,
wendy_o221,鳥氣🐹,"靠杯真的來了😍😍😍😍
壞消息：在台北ㅠㅠㅠㅠ",2025-12-29 20:52:00,"🚩171126 Start.🇹🇼
亂七八糟追星帳｜REVELUV🩵
無國界ㄉ喜歡媽咪們🥰🇰🇷🇹🇼
｜佛系經營🧞‍♂️｜DAYONE🦎🐆💕
這裡是追星碎碎念ㄉ廢文小天地
🩷💛🩵💚💜
🐰🐻🐿️🐥🦦
🍉🍍🍊🍏🍇
#OT5 😇🫵🏻
_
不要讓追星變成壓力要是動力🫶🏻",non_life,,skipped,
wendy_o221,鳥氣🐹,文安妮媽咪😍😍😍🤣,2025-12-29 20:51:00,"🚩171126 Start.🇹🇼
亂七八糟追星帳｜REVELUV🩵
無國界ㄉ喜歡媽咪們🥰🇰🇷🇹🇼
｜佛系經營🧞‍♂️｜DAYONE🦎🐆💕
這裡是追星碎碎念ㄉ廢文小天地
🩷💛🩵💚💜
🐰🐻🐿️🐥🦦
🍉🍍🍊🍏🍇
#OT5 😇🫵🏻
_
不要讓追星變成壓力要是動力🫶🏻",non_life,,skipped,
wendy_o221,鳥氣🐹,出這個造型的文安妮小卡我爆買😍‼️‼️🆘🆘,2025-12-29 14:09:00,"🚩171126 Start.🇹🇼
亂七八糟追星帳｜REVELUV🩵
無國界ㄉ喜歡媽咪們🥰🇰🇷🇹🇼
｜佛系經營🧞‍♂️｜DAYONE🦎🐆💕
這裡是追星碎碎念ㄉ廢文小天地
🩷💛🩵💚💜
🐰🐻🐿️🐥🦦
🍉🍍🍊🍏🍇
#OT5 😇🫵🏻
_
不要讓追星變成壓力要是動力🫶🏻",non_life,,skipped,
wendy_o221,鳥氣🐹,各位注意‼️,2025-12-28 23:23:00,"🚩171126 Start.🇹🇼
亂七八糟追星帳｜REVELUV🩵
無國界ㄉ喜歡媽咪們🥰🇰🇷🇹🇼
｜佛系經營🧞‍♂️｜DAYONE🦎🐆💕
這裡是追星碎碎念ㄉ廢文小天地
🩷💛🩵💚💜
🐰🐻🐿️🐥🦦
🍉🍍🍊🍏🍇
#OT5 😇🫵🏻
_
不要讓追星變成壓力要是動力🫶🏻",non_life,,skipped,
wendy_o221,鳥氣🐹,真的好大一顆聖誕樹🎄在頭上🤣🤣🤣,2025-12-28 17:41:00,"🚩171126 Start.🇹🇼
亂七八糟追星帳｜REVELUV🩵
無國界ㄉ喜歡媽咪們🥰🇰🇷🇹🇼
｜佛系經營🧞‍♂️｜DAYONE🦎🐆💕
這裡是追星碎碎念ㄉ廢文小天地
🩷💛🩵💚💜
🐰🐻🐿️🐥🦦
🍉🍍🍊🍏🍇
#OT5 😇🫵🏻
_
不要讓追星變成壓力要是動力🫶🏻",non_life,,skipped,
wendy_o221,鳥氣🐹,🐎一個文安妮大象叫書籤🔖（？？？😍,2025-12-28 03:21:00,"🚩171126 Start.🇹🇼
亂七八糟追星帳｜REVELUV🩵
無國界ㄉ喜歡媽咪們🥰🇰🇷🇹🇼
｜佛系經營🧞‍♂️｜DAYONE🦎🐆💕
這裡是追星碎碎念ㄉ廢文小天地
🩷💛🩵💚💜
🐰🐻🐿️🐥🦦
🍉🍍🍊🍏🍇
#OT5 😇🫵🏻
_
不要讓追星變成壓力要是動力🫶🏻",non_life,,skipped,
wendy_o221,鳥氣🐹,文安妮真的是幼稚園老師在帶四個小朋友我要笑死😍🤣🤣🤣,2025-12-28 03:20:00,"🚩171126 Start.🇹🇼
亂七八糟追星帳｜REVELUV🩵
無國界ㄉ喜歡媽咪們🥰🇰🇷🇹🇼
｜佛系經營🧞‍♂️｜DAYONE🦎🐆💕
這裡是追星碎碎念ㄉ廢文小天地
🩷💛🩵💚💜
🐰🐻🐿️🐥🦦
🍉🍍🍊🍏🍇
#OT5 😇🫵🏻
_
不要讓追星變成壓力要是動力🫶🏻",non_life,,skipped,
wendy_o221,鳥氣🐹,文安妮有瀏海怎麼可以看起來這麼乖🥹🥹🥹,2025-12-28 03:15:00,"🚩171126 Start.🇹🇼
亂七八糟追星帳｜REVELUV🩵
無國界ㄉ喜歡媽咪們🥰🇰🇷🇹🇼
｜佛系經營🧞‍♂️｜DAYONE🦎🐆💕
這裡是追星碎碎念ㄉ廢文小天地
🩷💛🩵💚💜
🐰🐻🐿️🐥🦦
🍉🍍🍊🍏🍇
#OT5 😇🫵🏻
_
不要讓追星變成壓力要是動力🫶🏻",non_life,,skipped,
wendy_o221,鳥氣🐹,1599🐈‍⬛🐈🤍🩷💕,2025-12-28 03:11:00,"🚩171126 Start.🇹🇼
亂七八糟追星帳｜REVELUV🩵
無國界ㄉ喜歡媽咪們🥰🇰🇷🇹🇼
｜佛系經營🧞‍♂️｜DAYONE🦎🐆💕
這裡是追星碎碎念ㄉ廢文小天地
🩷💛🩵💚💜
🐰🐻🐿️🐥🦦
🍉🍍🍊🍏🍇
#OT5 😇🫵🏻
_
不要讓追星變成壓力要是動力🫶🏻",non_life,,skipped,
wendy_o221,鳥氣🐹,1299🥹🐆🐈‍⬛🥰,2025-12-28 03:09:00,"🚩171126 Start.🇹🇼
亂七八糟追星帳｜REVELUV🩵
無國界ㄉ喜歡媽咪們🥰🇰🇷🇹🇼
｜佛系經營🧞‍♂️｜DAYONE🦎🐆💕
這裡是追星碎碎念ㄉ廢文小天地
🩷💛🩵💚💜
🐰🐻🐿️🐥🦦
🍉🍍🍊🍏🍇
#OT5 😇🫵🏻
_
不要讓追星變成壓力要是動力🫶🏻",non_life,,skipped,
wendy_o221,鳥氣🐹,我會瘋掉 真的😍😍😍,2025-12-27 13:38:00,"🚩171126 Start.🇹🇼
亂七八糟追星帳｜REVELUV🩵
無國界ㄉ喜歡媽咪們🥰🇰🇷🇹🇼
｜佛系經營🧞‍♂️｜DAYONE🦎🐆💕
這裡是追星碎碎念ㄉ廢文小天地
🩷💛🩵💚💜
🐰🐻🐿️🐥🦦
🍉🍍🍊🍏🍇
#OT5 😇🫵🏻
_
不要讓追星變成壓力要是動力🫶🏻",non_life,,skipped,
wendy_o221,鳥氣🐹,"我真的受夠🤣🤣🤣不准這麼寫實哈哈
沒關係榮書我愛你🥹🥹🥹
本🐆🐈‍⬛人士只看到爸爸跟媽媽
1299🥰🥰（沒救了",2025-12-27 01:09:00,"🚩171126 Start.🇹🇼
亂七八糟追星帳｜REVELUV🩵
無國界ㄉ喜歡媽咪們🥰🇰🇷🇹🇼
｜佛系經營🧞‍♂️｜DAYONE🦎🐆💕
這裡是追星碎碎念ㄉ廢文小天地
🩷💛🩵💚💜
🐰🐻🐿️🐥🦦
🍉🍍🍊🍏🍇
#OT5 😇🫵🏻
_
不要讓追星變成壓力要是動力🫶🏻",non_life,,skipped,
wendy_o221,鳥氣🐹,寶寶先吃😍🎄🫡🩵🩶,2025-12-25 20:20:00,"🚩171126 Start.🇹🇼
亂七八糟追星帳｜REVELUV🩵
無國界ㄉ喜歡媽咪們🥰🇰🇷🇹🇼
｜佛系經營🧞‍♂️｜DAYONE🦎🐆💕
這裡是追星碎碎念ㄉ廢文小天地
🩷💛🩵💚💜
🐰🐻🐿️🐥🦦
🍉🍍🍊🍏🍇
#OT5 😇🫵🏻
_
不要讓追星變成壓力要是動力🫶🏻",non_life,,skipped,
wendy_o221,鳥氣🐹,"辣個女人回來了🎄孫承完（抽象第一名🥇
誰會想到要把自己變成聖誕樹啦😍🆘❓❓❓❓",2025-12-25 19:59:00,"🚩171126 Start.🇹🇼
亂七八糟追星帳｜REVELUV🩵
無國界ㄉ喜歡媽咪們🥰🇰🇷🇹🇼
｜佛系經營🧞‍♂️｜DAYONE🦎🐆💕
這裡是追星碎碎念ㄉ廢文小天地
🩷💛🩵💚💜
🐰🐻🐿️🐥🦦
🍉🍍🍊🍏🍇
#OT5 😇🫵🏻
_
不要讓追星變成壓力要是動力🫶🏻",non_life,,skipped,
wendy_o221,鳥氣🐹,"謝謝ADP聖誕節快樂🤶🎄
還送我們笨笨的影片當禮物真的是太有心了😍😍😍🥰😎🥳❤️‍🔥❤️‍🔥❤️‍🔥",2025-12-25 02:04:00,"🚩171126 Start.🇹🇼
亂七八糟追星帳｜REVELUV🩵
無國界ㄉ喜歡媽咪們🥰🇰🇷🇹🇼
｜佛系經營🧞‍♂️｜DAYONE🦎🐆💕
這裡是追星碎碎念ㄉ廢文小天地
🩷💛🩵💚💜
🐰🐻🐿️🐥🦦
🍉🍍🍊🍏🍇
#OT5 😇🫵🏻
_
不要讓追星變成壓力要是動力🫶🏻",non_life,,skipped,
wendy_o221,鳥氣🐹,寶寶🍼🩵,2025-12-23 21:30:00,"🚩171126 Start.🇹🇼
亂七八糟追星帳｜REVELUV🩵
無國界ㄉ喜歡媽咪們🥰🇰🇷🇹🇼
｜佛系經營🧞‍♂️｜DAYONE🦎🐆💕
這裡是追星碎碎念ㄉ廢文小天地
🩷💛🩵💚💜
🐰🐻🐿️🐥🦦
🍉🍍🍊🍏🍇
#OT5 😇🫵🏻
_
不要讓追星變成壓力要是動力🫶🏻",non_life,,skipped,
wendy_o221,鳥氣🐹,真的好可愛我要笑死🤣🤣,2025-12-23 00:03:00,"🚩171126 Start.🇹🇼
亂七八糟追星帳｜REVELUV🩵
無國界ㄉ喜歡媽咪們🥰🇰🇷🇹🇼
｜佛系經營🧞‍♂️｜DAYONE🦎🐆💕
這裡是追星碎碎念ㄉ廢文小天地
🩷💛🩵💚💜
🐰🐻🐿️🐥🦦
🍉🍍🍊🍏🍇
#OT5 😇🫵🏻
_
不要讓追星變成壓力要是動力🫶🏻",non_life,,skipped,
wendy_o221,鳥氣🐹,🐎,2025-12-22 02:13:00,"🚩171126 Start.🇹🇼
亂七八糟追星帳｜REVELUV🩵
無國界ㄉ喜歡媽咪們🥰🇰🇷🇹🇼
｜佛系經營🧞‍♂️｜DAYONE🦎🐆💕
這裡是追星碎碎念ㄉ廢文小天地
🩷💛🩵💚💜
🐰🐻🐿️🐥🦦
🍉🍍🍊🍏🍇
#OT5 😇🫵🏻
_
不要讓追星變成壓力要是動力🫶🏻",non_life,,skipped,
wendy_o221,鳥氣🐹,奧迪跟芬蘭的共同點：有空位卻坐大腿😍❓,2025-12-22 00:35:00,"🚩171126 Start.🇹🇼
亂七八糟追星帳｜REVELUV🩵
無國界ㄉ喜歡媽咪們🥰🇰🇷🇹🇼
｜佛系經營🧞‍♂️｜DAYONE🦎🐆💕
這裡是追星碎碎念ㄉ廢文小天地
🩷💛🩵💚💜
🐰🐻🐿️🐥🦦
🍉🍍🍊🍏🍇
#OT5 😇🫵🏻
_
不要讓追星變成壓力要是動力🫶🏻",non_life,,skipped,
wendy_o221,鳥氣🐹,"什麼意思為什麼每次出現都能比之前更漂亮😭🩵🩵🩵🩵我們承完真的超級可愛
最後一張確定不是松鼠本鼠嗎？ㅠㅠㅠㅠ🩵🩵🩵🩵",2025-12-22 00:32:00,"🚩171126 Start.🇹🇼
亂七八糟追星帳｜REVELUV🩵
無國界ㄉ喜歡媽咪們🥰🇰🇷🇹🇼
｜佛系經營🧞‍♂️｜DAYONE🦎🐆💕
這裡是追星碎碎念ㄉ廢文小天地
🩷💛🩵💚💜
🐰🐻🐿️🐥🦦
🍉🍍🍊🍏🍇
#OT5 😇🫵🏻
_
不要讓追星變成壓力要是動力🫶🏻",non_life,,skipped,
wendy_o221,鳥氣🐹,好喜歡中翻🤣🤣🤣🤣,2025-12-22 00:30:00,"🚩171126 Start.🇹🇼
亂七八糟追星帳｜REVELUV🩵
無國界ㄉ喜歡媽咪們🥰🇰🇷🇹🇼
｜佛系經營🧞‍♂️｜DAYONE🦎🐆💕
這裡是追星碎碎念ㄉ廢文小天地
🩷💛🩵💚💜
🐰🐻🐿️🐥🦦
🍉🍍🍊🍏🍇
#OT5 😇🫵🏻
_
不要讓追星變成壓力要是動力🫶🏻",non_life,,skipped,
wendy_o221,鳥氣🐹,孫承完開口我真的🧎🏻‍♀️🥰🩵🩵🩵,2025-12-22 00:28:00,"🚩171126 Start.🇹🇼
亂七八糟追星帳｜REVELUV🩵
無國界ㄉ喜歡媽咪們🥰🇰🇷🇹🇼
｜佛系經營🧞‍♂️｜DAYONE🦎🐆💕
這裡是追星碎碎念ㄉ廢文小天地
🩷💛🩵💚💜
🐰🐻🐿️🐥🦦
🍉🍍🍊🍏🍇
#OT5 😇🫵🏻
_
不要讓追星變成壓力要是動力🫶🏻",non_life,,skipped,
wendy_o221,鳥氣🐹,等一等🫷你是說Annie跟Giselle認識嗎🥹❓🆘😭,2025-12-22 00:14:00,"🚩171126 Start.🇹🇼
亂七八糟追星帳｜REVELUV🩵
無國界ㄉ喜歡媽咪們🥰🇰🇷🇹🇼
｜佛系經營🧞‍♂️｜DAYONE🦎🐆💕
這裡是追星碎碎念ㄉ廢文小天地
🩷💛🩵💚💜
🐰🐻🐿️🐥🦦
🍉🍍🍊🍏🍇
#OT5 😇🫵🏻
_
不要讓追星變成壓力要是動力🫶🏻",non_life,,skipped,
wendy_o221,鳥氣🐹,救命🆘超好笑😍🆘🆘🆘,2025-12-22 00:02:00,"🚩171126 Start.🇹🇼
亂七八糟追星帳｜REVELUV🩵
無國界ㄉ喜歡媽咪們🥰🇰🇷🇹🇼
｜佛系經營🧞‍♂️｜DAYONE🦎🐆💕
這裡是追星碎碎念ㄉ廢文小天地
🩷💛🩵💚💜
🐰🐻🐿️🐥🦦
🍉🍍🍊🍏🍇
#OT5 😇🫵🏻
_
不要讓追星變成壓力要是動力🫶🏻",non_life,,skipped,
wendy_o221,鳥氣🐹,媽咪⋯⋯太扯了真的世界最偉大的顏瘋掉😭🩷🩷,2025-12-21 19:12:00,"🚩171126 Start.🇹🇼
亂七八糟追星帳｜REVELUV🩵
無國界ㄉ喜歡媽咪們🥰🇰🇷🇹🇼
｜佛系經營🧞‍♂️｜DAYONE🦎🐆💕
這裡是追星碎碎念ㄉ廢文小天地
🩷💛🩵💚💜
🐰🐻🐿️🐥🦦
🍉🍍🍊🍏🍇
#OT5 😇🫵🏻
_
不要讓追星變成壓力要是動力🫶🏻",non_life,,skipped,
wendy_o221,鳥氣🐹,馬的雙擔狂喜,2025-12-21 01:01:00,"🚩171126 Start.🇹🇼
亂七八糟追星帳｜REVELUV🩵
無國界ㄉ喜歡媽咪們🥰🇰🇷🇹🇼
｜佛系經營🧞‍♂️｜DAYONE🦎🐆💕
這裡是追星碎碎念ㄉ廢文小天地
🩷💛🩵💚💜
🐰🐻🐿️🐥🦦
🍉🍍🍊🍏🍇
#OT5 😇🫵🏻
_
不要讓追星變成壓力要是動力🫶🏻",non_life,,skipped,
yu_z_15,于智😍😍｜大魚帶你玩,"_
燈亮了一整座城市，卻沒有一盞為我而留。
這個聖誕，我仍在等你，也知道不會有結果。
#台南 #merrychristmas #聖誕節 #聖誕樹 #南紡夢時代",2025-12-20 21:50:00,"precious things are very few in this world. that is the reason there is just one you.
享受人生 善待自己 記錄生活
➡️➡️是個吃貨 小小部落客
➡️➡️愛好旅行 臨時起意
➡️➡️喜歡下廚
🇯🇵🇫🇷🇺🇸🇨🇦",pass,,non_depression_risk_user,
yu_z_15,于智😍😍｜大魚帶你玩,"_
夜色慢慢落下，
燈一盞一盞亮起。
人群在節日裡靠近，
而聖誕，替冬天留住溫度。
不需要太盛大的祝福，
這一刻的光，
就已經足夠浪漫。
#高雄 #草衙道 #高雄景點 #聖誕節 #耶誕城",2025-12-19 21:12:00,"precious things are very few in this world. that is the reason there is just one you.
享受人生 善待自己 記錄生活
➡️➡️是個吃貨 小小部落客
➡️➡️愛好旅行 臨時起意
➡️➡️喜歡下廚
🇯🇵🇫🇷🇺🇸🇨🇦",pass,,non_depression_risk_user,
yu_z_15,于智😍😍｜大魚帶你玩,"_
這個聖誕，燈是亮的，心是被抱緊的。
This Christmas,the lights shine,and my heart feels held.
#攝影 #手機攝影 #人像攝影  #隨拍紀錄 
#台南 #台南景點 #網美景點 #限時景點  #網美 #聖誕節 #聖誕樹 #冬天 #雪  #台南美食 #台南中西區 #快閃活動 #台南古蹟 #台南市集 #中西區 #台南旅遊 #西市場 #國華街 #大菜市",2025-12-18 20:52:00,"precious things are very few in this world. that is the reason there is just one you.
享受人生 善待自己 記錄生活
➡️➡️是個吃貨 小小部落客
➡️➡️愛好旅行 臨時起意
➡️➡️喜歡下廚
🇯🇵🇫🇷🇺🇸🇨🇦",pass,,non_depression_risk_user,
a.n.y.a.lee,Lëe•͈ᴗ•͈ᥫᩣ Aᴗ·nya·ᴗ·käiᰔᩚ,大叔說的很實際,2025-12-31 18:16:00,"🐱我是那個大可愛孩子的媽媽👩🏻 
😺撸凱在這：@kai.kai.1128👈🐈",business,,skipped,
a.n.y.a.lee,Lëe•͈ᴗ•͈ᥫᩣ Aᴗ·nya·ᴗ·käiᰔᩚ,😂😂😂😂😂😂😂😂,2025-12-31 18:15:00,"🐱我是那個大可愛孩子的媽媽👩🏻 
😺撸凱在這：@kai.kai.1128👈🐈",business,,skipped,
a.n.y.a.lee,Lëe•͈ᴗ•͈ᥫᩣ Aᴗ·nya·ᴗ·käiᰔᩚ,美好的東西哪怕買錯的怕浪費都不該怕浪費只怕錯過,2025-12-31 17:06:00,"🐱我是那個大可愛孩子的媽媽👩🏻 
😺撸凱在這：@kai.kai.1128👈🐈",business,,skipped,
a.n.y.a.lee,Lëe•͈ᴗ•͈ᥫᩣ Aᴗ·nya·ᴗ·käiᰔᩚ,"感恩日記
謝謝自己走出家門
謝謝主任姊姊關心的問我 妳還沒吃東西吧 可以吃蛋糕嗎？於是拿了一塊水果生乳捲給我當早餐
謝謝我主動的跟主任姊姊說 
新年快樂然後彼此擁抱打氣
謝謝主任姊姊跟我說大掃除了信箱 除舊佈新 
謝謝昨天的好人家告訴我說：妳這麼漂亮不應該這麼辛苦，妳會越來越好的 （承您吉言）
謝謝凱凱等我回家 
謝謝自己勤勞的走路去買凱凱的罐罐
謝謝我昨天沒有放棄自己",2025-12-31 17:00:00,"🐱我是那個大可愛孩子的媽媽👩🏻 
😺撸凱在這：@kai.kai.1128👈🐈",business,,skipped,
a.n.y.a.lee,Lëe•͈ᴗ•͈ᥫᩣ Aᴗ·nya·ᴗ·käiᰔᩚ,"這孩子的重點是他媽媽會抱著他 他很高興
我們網友在意的點
這代表他媽媽是不是都忽略它或是疏離他 老師明白嗎？
小孩子想像力很抽象需要大人陪同之下告訴他他所不知道的危險 不然孩子不知道後果傷害性多大",2025-12-31 06:50:00,"🐱我是那個大可愛孩子的媽媽👩🏻 
😺撸凱在這：@kai.kai.1128👈🐈",business,,skipped,
a.n.y.a.lee,Lëe•͈ᴗ•͈ᥫᩣ Aᴗ·nya·ᴗ·käiᰔᩚ,我好像吃完鎂之後 最近左臉麻痹的症狀好些 沒有密集的發作,2025-12-31 06:12:00,"🐱我是那個大可愛孩子的媽媽👩🏻 
😺撸凱在這：@kai.kai.1128👈🐈",business,,skipped,
a.n.y.a.lee,Lëe•͈ᴗ•͈ᥫᩣ Aᴗ·nya·ᴗ·käiᰔᩚ,不可以欺負Hook 😡😡😡😡😡,2025-12-31 06:11:00,"🐱我是那個大可愛孩子的媽媽👩🏻 
😺撸凱在這：@kai.kai.1128👈🐈",business,,skipped,
a.n.y.a.lee,Lëe•͈ᴗ•͈ᥫᩣ Aᴗ·nya·ᴗ·käiᰔᩚ,"17url.cc/KkilG
求售買罐罐
iopen mall
網頁是7-11他們自家的賣場 不是詐騙網頁🙂‍↕️🙂‍↕️",2025-12-31 06:03:00,"🐱我是那個大可愛孩子的媽媽👩🏻 
😺撸凱在這：@kai.kai.1128👈🐈",business,,skipped,
a.n.y.a.lee,Lëe•͈ᴗ•͈ᥫᩣ Aᴗ·nya·ᴗ·käiᰔᩚ,"買了義大利麵跟茶葉蛋跟凱凱的罐頭
最後沒食慾、選擇吃完一包 起司奇多準備刷牙睡覺",2025-12-31 05:59:00,"🐱我是那個大可愛孩子的媽媽👩🏻 
😺撸凱在這：@kai.kai.1128👈🐈",business,,skipped,
a.n.y.a.lee,Lëe•͈ᴗ•͈ᥫᩣ Aᴗ·nya·ᴗ·käiᰔᩚ,留言很精彩,2025-12-31 05:57:00,"🐱我是那個大可愛孩子的媽媽👩🏻 
😺撸凱在這：@kai.kai.1128👈🐈",business,,skipped,
a.n.y.a.lee,Lëe•͈ᴗ•͈ᥫᩣ Aᴗ·nya·ᴗ·käiᰔᩚ,真的,2025-12-31 05:49:00,"🐱我是那個大可愛孩子的媽媽👩🏻 
😺撸凱在這：@kai.kai.1128👈🐈",business,,skipped,
a.n.y.a.lee,Lëe•͈ᴗ•͈ᥫᩣ Aᴗ·nya·ᴗ·käiᰔᩚ,真的,2025-12-30 21:36:00,"🐱我是那個大可愛孩子的媽媽👩🏻 
😺撸凱在這：@kai.kai.1128👈🐈",business,,skipped,
a.n.y.a.lee,Lëe•͈ᴗ•͈ᥫᩣ Aᴗ·nya·ᴗ·käiᰔᩚ,"是《與神同行》裡閻羅大王（閻王）對亡者說的一段核心審判台詞，不是完全逐字，但精神非常明確。
另一個流傳很廣、語氣更重的版本是：
「在你活著的時候，
我已經給過你足夠的時間了。
活著時什麼都不做，
死了之後，卻什麼都想做。」
還有一段常被一起引用的審判語境是：
「地獄不是懲罰人死後犯的錯，
而是清算人活著時逃避的選擇。」",2025-12-30 16:01:00,"🐱我是那個大可愛孩子的媽媽👩🏻 
😺撸凱在這：@kai.kai.1128👈🐈",business,,skipped,
a.n.y.a.lee,Lëe•͈ᴗ•͈ᥫᩣ Aᴗ·nya·ᴗ·käiᰔᩚ,爸爸生前喜歡唱的歌,2025-12-30 15:44:00,"🐱我是那個大可愛孩子的媽媽👩🏻 
😺撸凱在這：@kai.kai.1128👈🐈",business,,skipped,
a.n.y.a.lee,Lëe•͈ᴗ•͈ᥫᩣ Aᴗ·nya·ᴗ·käiᰔᩚ,"找十個繼續持續各自聊半年 那個視窗在同個時間切換來切換去 邏輯一直在轉換時夠你忙死 
蠻好玩的
甚至聊到約會的對象跟我朋友同時在搶時間卡位我的朋友直接從他家桃園開車到我家樓下大安區
叫我出門去陽明山約會吃飯，我很驚訝 問他幹嘛這麼熱血、他說 我不先搶一步下次見面不知道什麼時候了，沒打算把我讓給其他約會對象的意思
我也有一天看三場不同電影馬拉松的日子
但是那都是在臉書上打卡時 下面的朋友持續留言說 走啊～～～～ 這樣在趕場子 
這種單純健康的約會回憶起都覺得很難忘
純友誼的無腦熱血比刻骨銘心的愛情更值得品嚐",2025-12-30 14:46:00,"🐱我是那個大可愛孩子的媽媽👩🏻 
😺撸凱在這：@kai.kai.1128👈🐈",business,,skipped,
a.n.y.a.lee,Lëe•͈ᴗ•͈ᥫᩣ Aᴗ·nya·ᴗ·käiᰔᩚ,"以前住在家裡時，聽到鑰匙開門的聲音 鐵門關起來的聲音 
走進廚房的聲音 點燃瓦斯爐的聲音那個Sop 都會在讓房間的我 覺得很壓抑 情緒是不想面對 不想交談",2025-12-30 13:40:00,"🐱我是那個大可愛孩子的媽媽👩🏻 
😺撸凱在這：@kai.kai.1128👈🐈",business,,skipped,
a.n.y.a.lee,Lëe•͈ᴗ•͈ᥫᩣ Aᴗ·nya·ᴗ·käiᰔᩚ,好可愛的妹妹,2025-12-30 12:07:00,"🐱我是那個大可愛孩子的媽媽👩🏻 
😺撸凱在這：@kai.kai.1128👈🐈",business,,skipped,
a.n.y.a.lee,Lëe•͈ᴗ•͈ᥫᩣ Aᴗ·nya·ᴗ·käiᰔᩚ,"刷牙突然浮現一種想法 
媽的陰魂不散生這個什麼破病",2025-12-30 08:10:00,"🐱我是那個大可愛孩子的媽媽👩🏻 
😺撸凱在這：@kai.kai.1128👈🐈",business,,skipped,
a.n.y.a.lee,Lëe•͈ᴗ•͈ᥫᩣ Aᴗ·nya·ᴗ·käiᰔᩚ,有時想起腦子裡的畫面敘述或情緒是回憶起讓作者本身回想起有這個想法的人，不代表當下的引述百分之百都是在講最近遇到的人事。讀者分享的反饋也是。,2025-12-30 05:45:00,"🐱我是那個大可愛孩子的媽媽👩🏻 
😺撸凱在這：@kai.kai.1128👈🐈",business,,skipped,
a.n.y.a.lee,Lëe•͈ᴗ•͈ᥫᩣ Aᴗ·nya·ᴗ·käiᰔᩚ,"我也沒有見過李白孔子孟子也沒有見過畢卡索 
貝多芬 蕭邦 更沒有見過秦始皇 唐太宗  但是我的生活還是無所不在的出現他們的作品
還有一堆我不認識的中國宮鬥劇歷史，談長江黃河長城
但是我有錢想去的歐洲旅遊的地方是看莊園
教堂跟古堡欸 -.-
我的意思是 就算明星偉人不會遇見 
但是他們留下的精神與痕跡值得流芳百世",2025-12-30 05:28:00,"🐱我是那個大可愛孩子的媽媽👩🏻 
😺撸凱在這：@kai.kai.1128👈🐈",business,,skipped,
a.n.y.a.lee,Lëe•͈ᴗ•͈ᥫᩣ Aᴗ·nya·ᴗ·käiᰔᩚ,"沒有自我的性格改變跟扭轉習慣很慢很長很難 
需要找到穩固自己的方式、培養自身邊界與安全感，在充滿噪音的社會環境裏裡是很負擔的，
但是願意花時間在自己身上 
平衡狀態需要有彈性才會慢慢的走在穩定上
不完全會痊癒但至少目前先不讓自己惡化與失控",2025-12-30 04:16:00,"🐱我是那個大可愛孩子的媽媽👩🏻 
😺撸凱在這：@kai.kai.1128👈🐈",business,,skipped,
a.n.y.a.lee,Lëe•͈ᴗ•͈ᥫᩣ Aᴗ·nya·ᴗ·käiᰔᩚ,XD,2025-12-29 16:57:00,"🐱我是那個大可愛孩子的媽媽👩🏻 
😺撸凱在這：@kai.kai.1128👈🐈",business,,skipped,
a.n.y.a.lee,Lëe•͈ᴗ•͈ᥫᩣ Aᴗ·nya·ᴗ·käiᰔᩚ,那先生到後來最後一句也真的是令人搖頭🤦🏻機會給了十五年了,2025-12-29 16:38:00,"🐱我是那個大可愛孩子的媽媽👩🏻 
😺撸凱在這：@kai.kai.1128👈🐈",business,,skipped,
a.n.y.a.lee,Lëe•͈ᴗ•͈ᥫᩣ Aᴗ·nya·ᴗ·käiᰔᩚ,吃飯頭暈倒頭睡 睡醒又懊惱完了我是不是又要胖了-.-,2025-12-29 16:23:00,"🐱我是那個大可愛孩子的媽媽👩🏻 
😺撸凱在這：@kai.kai.1128👈🐈",business,,skipped,
a.n.y.a.lee,Lëe•͈ᴗ•͈ᥫᩣ Aᴗ·nya·ᴗ·käiᰔᩚ,散步一個小時回到家整條腿都冰的 有夠癢抓爆,2025-12-29 07:41:00,"🐱我是那個大可愛孩子的媽媽👩🏻 
😺撸凱在這：@kai.kai.1128👈🐈",business,,skipped,
a.n.y.a.lee,Lëe•͈ᴗ•͈ᥫᩣ Aᴗ·nya·ᴗ·käiᰔᩚ,這才是真正父母心,2025-12-28 17:43:00,"🐱我是那個大可愛孩子的媽媽👩🏻 
😺撸凱在這：@kai.kai.1128👈🐈",business,,skipped,
a.n.y.a.lee,Lëe•͈ᴗ•͈ᥫᩣ Aᴗ·nya·ᴗ·käiᰔᩚ,"我看到很多網友說地震好可怕
然後回想昨天地震的我….. 我好像沒有危機意識-.-",2025-12-28 16:21:00,"🐱我是那個大可愛孩子的媽媽👩🏻 
😺撸凱在這：@kai.kai.1128👈🐈",business,,skipped,
a.n.y.a.lee,Lëe•͈ᴗ•͈ᥫᩣ Aᴗ·nya·ᴗ·käiᰔᩚ,我,2025-12-28 14:45:00,"🐱我是那個大可愛孩子的媽媽👩🏻 
😺撸凱在這：@kai.kai.1128👈🐈",business,,skipped,
a.n.y.a.lee,Lëe•͈ᴗ•͈ᥫᩣ Aᴗ·nya·ᴗ·käiᰔᩚ,真的不能接受萌萌是這種結果,2025-12-28 14:12:00,"🐱我是那個大可愛孩子的媽媽👩🏻 
😺撸凱在這：@kai.kai.1128👈🐈",business,,skipped,
a.n.y.a.lee,Lëe•͈ᴗ•͈ᥫᩣ Aᴗ·nya·ᴗ·käiᰔᩚ,把福寶還給愛寶樂園宋爺爺他們！！！,2025-12-28 12:50:00,"🐱我是那個大可愛孩子的媽媽👩🏻 
😺撸凱在這：@kai.kai.1128👈🐈",business,,skipped,
a.n.y.a.lee,Lëe•͈ᴗ•͈ᥫᩣ Aᴗ·nya·ᴗ·käiᰔᩚ,^_^,2025-12-28 11:38:00,"🐱我是那個大可愛孩子的媽媽👩🏻 
😺撸凱在這：@kai.kai.1128👈🐈",business,,skipped,
a.n.y.a.lee,Lëe•͈ᴗ•͈ᥫᩣ Aᴗ·nya·ᴗ·käiᰔᩚ,嘖～好赤裸,2025-12-28 10:53:00,"🐱我是那個大可愛孩子的媽媽👩🏻 
😺撸凱在這：@kai.kai.1128👈🐈",business,,skipped,
a.n.y.a.lee,Lëe•͈ᴗ•͈ᥫᩣ Aᴗ·nya·ᴗ·käiᰔᩚ,"三年前聽過醫生跟我說我的治療約兩年可以申請身心障礙手冊，當時的我覺得自己軀體化能控制穩定下來就好，還不至於到需要領輔助的地步，但現在我不確定我是不是還那麼有骨氣，而我也因為貓咪的陪伴下 中斷治療了，復發時也是就自我隔離
讓自己消化就可以了。覺得自己連回診的條件都沒有",2025-12-28 09:16:00,"🐱我是那個大可愛孩子的媽媽👩🏻 
😺撸凱在這：@kai.kai.1128👈🐈",business,,skipped,
a.n.y.a.lee,Lëe•͈ᴗ•͈ᥫᩣ Aᴗ·nya·ᴗ·käiᰔᩚ,"只有我在這幾天才知道原來麥當勞已經沒有24小時了，突然想起來不方便
前幾年過年期間除夕沒有甚麼餐廳可以吃年夜飯都是吃麥當勞，今年要準備真空料理包了",2025-12-28 04:56:00,"🐱我是那個大可愛孩子的媽媽👩🏻 
😺撸凱在這：@kai.kai.1128👈🐈",business,,skipped,
a.n.y.a.lee,Lëe•͈ᴗ•͈ᥫᩣ Aᴗ·nya·ᴗ·käiᰔᩚ,錄影狂截圖的瞬間,2025-12-28 03:40:00,"🐱我是那個大可愛孩子的媽媽👩🏻 
😺撸凱在這：@kai.kai.1128👈🐈",business,,skipped,
a.n.y.a.lee,Lëe•͈ᴗ•͈ᥫᩣ Aᴗ·nya·ᴗ·käiᰔᩚ,"Happy 3rd Birthday to my cat, Kai Kai 🐱🎂
好可愛的里程碑 🐾「我的貓咪凱凱今天足三歲」
我剛剛抱著他唱生日快樂歌 
其實我已經從耶誕節唱到今天了
今天就是罐罐跟雞心跟香檳鳥凍乾吃到飽
拆封新領巾跟玩具🍦凱凱三歲體型差不多定型了，以前買的領巾現在只能當頭巾了🧕也蠻可愛的
三歲對貓咪來說，正好是從小朋友進入穩定成貓的階段，也很符合現在「慢慢穩下來」的節奏。
替凱凱說一句：生日快樂呀 💛",2025-12-28 03:25:00,"🐱我是那個大可愛孩子的媽媽👩🏻 
😺撸凱在這：@kai.kai.1128👈🐈",business,,skipped,
a.n.y.a.lee,Lëe•͈ᴗ•͈ᥫᩣ Aᴗ·nya·ᴗ·käiᰔᩚ,喝酒不會改變一個人的個性，而是會讓他現出原形,2025-12-28 02:36:00,"🐱我是那個大可愛孩子的媽媽👩🏻 
😺撸凱在這：@kai.kai.1128👈🐈",business,,skipped,
a.n.y.a.lee,Lëe•͈ᴗ•͈ᥫᩣ Aᴗ·nya·ᴗ·käiᰔᩚ,😂,2025-12-27 20:31:00,"🐱我是那個大可愛孩子的媽媽👩🏻 
😺撸凱在這：@kai.kai.1128👈🐈",business,,skipped,
a.n.y.a.lee,Lëe•͈ᴗ•͈ᥫᩣ Aᴗ·nya·ᴗ·käiᰔᩚ,今天晚上好像比昨天更冷了,2025-12-27 18:44:00,"🐱我是那個大可愛孩子的媽媽👩🏻 
😺撸凱在這：@kai.kai.1128👈🐈",business,,skipped,
a.n.y.a.lee,Lëe•͈ᴗ•͈ᥫᩣ Aᴗ·nya·ᴗ·käiᰔᩚ,"對不起，今天這個世界又讓你感到委屈了
你很棒，因為你始終會跨過去而感到勇敢",2025-12-27 12:02:00,"🐱我是那個大可愛孩子的媽媽👩🏻 
😺撸凱在這：@kai.kai.1128👈🐈",business,,skipped,
n52053099,徐稚峰,"看脆才發現原來台東那麼嗨！
可是去看直播已經太晚，快結束了
於是又看了一遍重播
真的太無敵了，決定明年跨年一定要去台東
第一次發現阿妹好媚阿lin好搞笑，整個氛圍帶的很棒",2026-01-01 04:43:00,"我喜愛戶外運動跟吃美食
登山.朔溪.自潛.探秘境.跑步
也愛極限運動
高空彈跳.跳傘
但我都一個人能拍的不多",pass,,non_depression_risk_user,
n52053099,徐稚峰,今天去幫忙扛旗,2025-12-27 18:54:00,"我喜愛戶外運動跟吃美食
登山.朔溪.自潛.探秘境.跑步
也愛極限運動
高空彈跳.跳傘
但我都一個人能拍的不多",pass,,non_depression_risk_user,
n52053099,徐稚峰,"不想我的脆的版面都是誠品案
現在開始不再回誠品案
亂世出英雄，景仰北捷真英雄余大哥",2025-12-21 11:49:00,"我喜愛戶外運動跟吃美食
登山.朔溪.自潛.探秘境.跑步
也愛極限運動
高空彈跳.跳傘
但我都一個人能拍的不多",pass,,non_depression_risk_user,
n52053099,徐稚峰,"北捷.誠品.跳樓三個人身型都差很多，不像同一個人，而且為啥跳樓下來身體沒變形也沒爆血…有死嗎？
有人說誠品的動作很專業，其實看他拿刀的手法就不怎麼專業，武器拿出來放地上才拉煙霧彈也很不專業，只是如果真有人反手奪刃把他殺了，又要被判刑了誰會想做，台灣的法律真的有時候會很無奈",2025-12-19 23:57:00,"我喜愛戶外運動跟吃美食
登山.朔溪.自潛.探秘境.跑步
也愛極限運動
高空彈跳.跳傘
但我都一個人能拍的不多",pass,,non_depression_risk_user,
karen.grfl,•Karen•,🫀,2025-12-29 22:17:00,"ⓘEsta persona...
ⓘDiario personal...",pass,,non_depression_risk_user,
karen.grfl,•Karen•,Que alguien me ame como Hall a Lois. 🙏🏻,2025-12-29 22:13:00,"ⓘEsta persona...
ⓘDiario personal...",pass,,non_depression_risk_user,
karen.grfl,•Karen•,ajammm.,2025-12-29 22:09:00,"ⓘEsta persona...
ⓘDiario personal...",pass,,non_depression_risk_user,
karen.grfl,•Karen•,...,2025-12-29 07:44:00,"ⓘEsta persona...
ⓘDiario personal...",pass,,non_depression_risk_user,
karen.grfl,•Karen•,🫀,2025-12-28 12:15:00,"ⓘEsta persona...
ⓘDiario personal...",pass,,non_depression_risk_user,
karen.grfl,•Karen•,🙏🏻,2025-12-26 03:24:00,"ⓘEsta persona...
ⓘDiario personal...",pass,,non_depression_risk_user,
karen.grfl,•Karen•,"""Cuándo nos vemos?"" No sé, tal vez cuando hagas planes y me digas una fecha y hora exacta para estar lista.",2025-12-26 02:49:00,"ⓘEsta persona...
ⓘDiario personal...",pass,,non_depression_risk_user,
karen.grfl,•Karen•,ups.,2025-12-25 14:10:00,"ⓘEsta persona...
ⓘDiario personal...",pass,,non_depression_risk_user,
karen.grfl,•Karen•,🙏🏻,2025-12-25 11:43:00,"ⓘEsta persona...
ⓘDiario personal...",pass,,non_depression_risk_user,
karen.grfl,•Karen•,Quiero ser amada. Quiero ser extrañada. Quiero ser la parte favorita del día de alguien.,2025-12-25 07:45:00,"ⓘEsta persona...
ⓘDiario personal...",pass,,non_depression_risk_user,
karen.grfl,•Karen•,"seamos ácido nítrico y sulfúrico, y hagamos dinamita juntos. 
- Dynamite kiss 💋",2025-12-24 22:23:00,"ⓘEsta persona...
ⓘDiario personal...",pass,,non_depression_risk_user,
karen.grfl,•Karen•,🙏🏻,2025-12-24 12:49:00,"ⓘEsta persona...
ⓘDiario personal...",pass,,non_depression_risk_user,
karen.grfl,•Karen•,...,2025-12-24 01:25:00,"ⓘEsta persona...
ⓘDiario personal...",pass,,non_depression_risk_user,
karen.grfl,•Karen•,...,2025-12-24 01:17:00,"ⓘEsta persona...
ⓘDiario personal...",pass,,non_depression_risk_user,
karen.grfl,•Karen•,🙏🏻,2025-12-23 07:41:00,"ⓘEsta persona...
ⓘDiario personal...",pass,,non_depression_risk_user,
karen.grfl,•Karen•,...,2025-12-23 07:39:00,"ⓘEsta persona...
ⓘDiario personal...",pass,,non_depression_risk_user,
karen.grfl,•Karen•,Diosplan🙏🏻,2025-12-23 01:01:00,"ⓘEsta persona...
ⓘDiario personal...",pass,,non_depression_risk_user,
karen.grfl,•Karen•,O es monogamia o es soledad eterna.,2025-12-23 00:58:00,"ⓘEsta persona...
ⓘDiario personal...",pass,,non_depression_risk_user,
karen.grfl,•Karen•,🫀,2025-12-22 01:41:00,"ⓘEsta persona...
ⓘDiario personal...",pass,,non_depression_risk_user,
karen.grfl,•Karen•,...,2025-12-21 13:08:00,"ⓘEsta persona...
ⓘDiario personal...",pass,,non_depression_risk_user,
karen.grfl,•Karen•,si.,2025-12-21 13:01:00,"ⓘEsta persona...
ⓘDiario personal...",pass,,non_depression_risk_user,
karen.grfl,•Karen•,😮‍💨,2025-12-21 13:00:00,"ⓘEsta persona...
ⓘDiario personal...",pass,,non_depression_risk_user,
karen.grfl,•Karen•,si.,2025-12-21 12:56:00,"ⓘEsta persona...
ⓘDiario personal...",pass,,non_depression_risk_user,
karen.grfl,•Karen•,🫦,2025-12-21 12:52:00,"ⓘEsta persona...
ⓘDiario personal...",pass,,non_depression_risk_user,
karen.grfl,•Karen•,🫦,2025-12-21 00:39:00,"ⓘEsta persona...
ⓘDiario personal...",pass,,non_depression_risk_user,
karen.grfl,•Karen•,si.,2025-12-21 00:36:00,"ⓘEsta persona...
ⓘDiario personal...",pass,,non_depression_risk_user,
karen.grfl,•Karen•,...,2025-12-19 22:35:00,"ⓘEsta persona...
ⓘDiario personal...",pass,,non_depression_risk_user,
9._jnnn,喵喵🐱,能看到張惠妹跟A-LIN同台真的此生無憾,2026-01-01 04:40:00,有情緒就發,pass,,non_depression_risk_user,
9._jnnn,喵喵🐱,台東跨年演唱會放兩隻老虎 太可愛了吧,2025-12-31 19:06:00,有情緒就發,pass,,non_depression_risk_user,
9._jnnn,喵喵🐱,能不能像今年一樣愛我,2025-12-30 15:36:00,有情緒就發,pass,,non_depression_risk_user,
9._jnnn,喵喵🐱,為什麼要檢查手臂 雖然但是 她們也是關心 但是幹 我真的不行,2025-12-28 11:22:00,有情緒就發,pass,,non_depression_risk_user,
9._jnnn,喵喵🐱,"台灣人遇到地震：
1.感受地震大小
震很小 算了 震很大 也算了
2.發文",2025-12-27 23:22:00,有情緒就發,pass,,non_depression_risk_user,
9._jnnn,喵喵🐱,宜蘭的還好嗎,2025-12-27 23:15:00,有情緒就發,pass,,non_depression_risk_user,
9._jnnn,喵喵🐱,王欸等直接一個大跳把氣氛拉到最高,2025-12-27 23:13:00,有情緒就發,pass,,non_depression_risk_user,
9._jnnn,喵喵🐱,欸地震欸 很大,2025-12-27 23:08:00,有情緒就發,pass,,non_depression_risk_user,
9._jnnn,喵喵🐱,可憐,2025-12-27 23:02:00,有情緒就發,pass,,non_depression_risk_user,
9._jnnn,喵喵🐱,小貓 對不起手上的傷都是你來頂罪,2025-12-27 00:50:00,有情緒就發,pass,,non_depression_risk_user,
9._jnnn,喵喵🐱,認識我 算你倒霉,2025-12-27 00:47:00,有情緒就發,pass,,non_depression_risk_user,
9._jnnn,喵喵🐱,又跟別人講好多 後悔 幹,2025-12-26 23:24:00,有情緒就發,pass,,non_depression_risk_user,
9._jnnn,喵喵🐱,我也想要無死角硬美 幹,2025-12-25 22:45:00,有情緒就發,pass,,non_depression_risk_user,
9._jnnn,喵喵🐱,快點來認識,2025-12-24 22:56:00,有情緒就發,pass,,non_depression_risk_user,
9._jnnn,喵喵🐱,朋友很常說我身上很香 很爽幹但是很不好意思,2025-12-24 22:24:00,有情緒就發,pass,,non_depression_risk_user,
9._jnnn,喵喵🐱,"續 現在距離跨年剩12345678天
依舊沒有幸福 甚至沒有認識新的人",2025-12-23 23:22:00,有情緒就發,pass,,non_depression_risk_user,
9._jnnn,喵喵🐱,我易碎又易爆 且看且珍惜,2025-12-23 01:23:00,有情緒就發,pass,,non_depression_risk_user,
9._jnnn,喵喵🐱,"超傻吧 怎麼會有人洗澡洗到生氣
喔 是我",2025-12-23 01:18:00,有情緒就發,pass,,non_depression_risk_user,
9._jnnn,喵喵🐱,我真的很生氣喔😡,2025-12-23 01:00:00,有情緒就發,pass,,non_depression_risk_user,
9._jnnn,喵喵🐱,"外婆總跟我說開心就好
可是外婆 我已經開心不起來了",2025-12-23 00:49:00,有情緒就發,pass,,non_depression_risk_user,
9._jnnn,喵喵🐱,怪我不夠好看入不了你的眼,2025-12-23 00:34:00,有情緒就發,pass,,non_depression_risk_user,
9._jnnn,喵喵🐱,這次我沒挽留就大方放你走吧,2025-12-23 00:32:00,有情緒就發,pass,,non_depression_risk_user,
9._jnnn,喵喵🐱,"阿嬤家有忽冷忽熱的熱水器
-
-
-
-
而你有對忽冷忽熱的人",2025-12-23 00:29:00,有情緒就發,pass,,non_depression_risk_user,
9._jnnn,喵喵🐱,欸 脆會下雪,2025-12-23 00:27:00,有情緒就發,pass,,non_depression_risk_user,
9._jnnn,喵喵🐱,啊我是活該嗎？我該死嗎,2025-12-22 22:26:00,有情緒就發,pass,,non_depression_risk_user,
9._jnnn,喵喵🐱,所以呢 又我的錯我的問題嗎？,2025-12-22 22:25:00,有情緒就發,pass,,non_depression_risk_user,
9._jnnn,喵喵🐱,？不是我的問題然後被檢討的是我？,2025-12-22 22:24:00,有情緒就發,pass,,non_depression_risk_user,
9._jnnn,喵喵🐱,禮拜一能不能跳過啊 我真的很討厭,2025-12-21 22:31:00,有情緒就發,pass,,non_depression_risk_user,
9._jnnn,喵喵🐱,龍潭的風怎麼大到靠杯,2025-12-21 20:55:00,有情緒就發,pass,,non_depression_risk_user,
9._jnnn,喵喵🐱,欸我跟你們講 我剛剛躺在床上然後房間是關燈的 用手打到蚊子 超厲害,2025-12-21 00:56:00,有情緒就發,pass,,non_depression_risk_user,
9._jnnn,喵喵🐱,"之前出門擔心被撞
現在出門擔心被砍",2025-12-20 23:44:00,有情緒就發,pass,,non_depression_risk_user,
9._jnnn,喵喵🐱,"我一個月拿3000現在剩1000多
期間還有3個朋友生日要買禮物給他們",2025-12-18 23:59:00,有情緒就發,pass,,non_depression_risk_user,
aitaiwan2016,禮禮🇯🇵れい,"我在台灣第一次吃透明義大利麵了！
越吃越停不下來，好好吃🤤😭💝
我跟朋友叫它透明義大利麵🍝😊🩷",2025-12-22 11:12:00,"🇯🇵我是禮禮 我是一個愛台灣的日本人🩷                    在 IG 也會發台灣相關的貼文🇹🇼
IG:aitaiwan2016",pass,,non_depression_risk_user,
aitaiwan2016,禮禮🇯🇵れい,"我愛台灣🇹🇼🩷🩷
台湾何回行っても大好き！
今回連れて行った友達も、
台湾大好きになったって言ってた😊✨
台湾ループへようこそ🔁♾️",2025-12-22 00:21:00,"🇯🇵我是禮禮 我是一個愛台灣的日本人🩷                    在 IG 也會發台灣相關的貼文🇹🇼
IG:aitaiwan2016",pass,,non_depression_risk_user,
aitaiwan2016,禮禮🇯🇵れい,"豆皮〜！！
鍋に入れたら美味しいよねー🤤",2025-12-21 16:38:00,"🇯🇵我是禮禮 我是一個愛台灣的日本人🩷                    在 IG 也會發台灣相關的貼文🇹🇼
IG:aitaiwan2016",pass,,non_depression_risk_user,
aitaiwan2016,禮禮🇯🇵れい,"台湾楽しすぎた💝🇹🇼
我愛台灣🥰🩷謝謝臺灣的大家
#台灣 
#台湾 
#臺灣 
#台日友好 
#高雄",2025-12-20 18:58:00,"🇯🇵我是禮禮 我是一個愛台灣的日本人🩷                    在 IG 也會發台灣相關的貼文🇹🇼
IG:aitaiwan2016",pass,,non_depression_risk_user,
aitaiwan2016,禮禮🇯🇵れい,"這次的台灣旅行真的讓我感到非常幸福🇹🇼💕
我一定胖了大概三公斤
我的美顏修圖一天比一天強了🥹
因為我已經台灣中毒所以應該快回來
也謝謝在直播中跟我聊天的大家！
我愛台灣🩷🇹🇼",2025-12-20 18:10:00,"🇯🇵我是禮禮 我是一個愛台灣的日本人🩷                    在 IG 也會發台灣相關的貼文🇹🇼
IG:aitaiwan2016",pass,,non_depression_risk_user,
aitaiwan2016,禮禮🇯🇵れい,"心痛的事件發生了
祈願和平",2025-12-20 05:26:00,"🇯🇵我是禮禮 我是一個愛台灣的日本人🩷                    在 IG 也會發台灣相關的貼文🇹🇼
IG:aitaiwan2016",pass,,non_depression_risk_user,
aitaiwan2016,禮禮🇯🇵れい,"其實我一直都在避臭豆腐
來台灣第23次才第一次吃，結果一吃就愛上了😅🩷🩷
今天我在饒河吃臭豆腐
想請大家推薦一下，
你們覺得台北市內最好吃的臭豆腐是哪一家？
我明天想去吃
我比較喜歡煮的",2025-12-19 20:11:00,"🇯🇵我是禮禮 我是一個愛台灣的日本人🩷                    在 IG 也會發台灣相關的貼文🇹🇼
IG:aitaiwan2016",pass,,non_depression_risk_user,
aitaiwan2016,禮禮🇯🇵れい,"今天要拍照的一天🥰
台湾ってだけで、どこでとってもかわいいい",2025-12-19 14:19:00,"🇯🇵我是禮禮 我是一個愛台灣的日本人🩷                    在 IG 也會發台灣相關的貼文🇹🇼
IG:aitaiwan2016",pass,,non_depression_risk_user,
aitaiwan2016,禮禮🇯🇵れい,"宜蘭的茶和台灣的紅豆🫘
我覺得比日本的好吃🩷",2025-12-19 11:20:00,"🇯🇵我是禮禮 我是一個愛台灣的日本人🩷                    在 IG 也會發台灣相關的貼文🇹🇼
IG:aitaiwan2016",pass,,non_depression_risk_user,
aitaiwan2016,禮禮🇯🇵れい,剩下只有3天在台灣去哪裡比較好🧐🧐,2025-12-18 15:18:00,"🇯🇵我是禮禮 我是一個愛台灣的日本人🩷                    在 IG 也會發台灣相關的貼文🇹🇼
IG:aitaiwan2016",pass,,non_depression_risk_user,
aitaiwan2016,禮禮🇯🇵れい,"終於實現了把最好的朋友帶來台灣的夢想🥺🇹🇼
剛剛把她送到桃園了👍
這三天真的過得非常開心❤️
她的 LINE說
台灣又有趣又好玩，食物又好吃，人也很親切，
我愛上台灣了❤️💕
然後我 還有三天可以繼續玩，
所以現在又要回市區了（笑）
一番の親友と台湾いけて幸せすぎました🥰
#台湾旅行",2025-12-18 14:06:00,"🇯🇵我是禮禮 我是一個愛台灣的日本人🩷                    在 IG 也會發台灣相關的貼文🇹🇼
IG:aitaiwan2016",pass,,non_depression_risk_user,
aitaiwan2016,禮禮🇯🇵れい,"來台灣3天我的臉明明就胖了
好可怕🤤😂🤣",2025-12-18 10:08:00,"🇯🇵我是禮禮 我是一個愛台灣的日本人🩷                    在 IG 也會發台灣相關的貼文🇹🇼
IG:aitaiwan2016",pass,,non_depression_risk_user,
fifica506,💫,媽呀,2025-12-31 22:33:00,我要環遊世界🌍,pass,,low_depression_risk_user,
fifica506,💫,結果2025還是沒把刺青雷射掉 爛,2025-12-30 01:48:00,我要環遊世界🌍,pass,,low_depression_risk_user,
fifica506,💫,我一直很幻想可以去二航上班 每天在一航都很有壓迫感…,2025-12-27 18:50:00,我要環遊世界🌍,pass,,low_depression_risk_user,
fifica506,💫,我發現我養的貓都很黏人 在家都要在他視線範圍 上廁所不能關門 而且都聽得懂驟驟驟 這隻小貓來我家不到一個月 我驟驟驟他就會馬上過來 哈哈哈,2025-12-22 15:49:00,我要環遊世界🌍,pass,,low_depression_risk_user,
a.n.y.a.lee,Lëe•͈ᴗ•͈ᥫᩣ Aᴗ·nya·ᴗ·käiᰔᩚ,于老師品德修養操守都是優等生他愛國都被權貴如此對待 已經是人神共憤，館長不敢為了真相與正義發聲而是抨擊，虛偽當然不會被買帳,2025-12-29 18:38:00,"🐱我是那個大可愛孩子的媽媽👩🏻 
😺撸凱在這：@kai.kai.1128👈🐈",business,,skipped,
a.n.y.a.lee,Lëe•͈ᴗ•͈ᥫᩣ Aᴗ·nya·ᴗ·käiᰔᩚ,"👆🏻👆🏻👆🏻👆🏻👆🏻
12-25🩷新款🇰🇷新款
一共五百多張新款照片、IG發不完真的發不完 
網路平台賣場上架上到會哭出來 
看看我們家新款
喜歡來看看唷......
#韓國 #韓國女裝 #全預購",2025-12-27 10:40:00,"🐱我是那個大可愛孩子的媽媽👩🏻 
😺撸凱在這：@kai.kai.1128👈🐈",business,,skipped,
a.n.y.a.lee,Lëe•͈ᴗ•͈ᥫᩣ Aᴗ·nya·ᴗ·käiᰔᩚ,"𝕄𝔸𝔻𝔼 𝕀ℕ 𝕂𝕆ℝ𝔼𝔸 🇰🇷ℕ𝔼𝕎 𝔸ℝℝ𝕀𝕍𝔸𝕃 ✈️
✨短高領衣 💰2080
🌈顏色：白 咖 深灰
（ 平量大約尺寸cm）
胸65長度42
……………………………….
✨側扣窄裙 💰2380
🌈顏色：白 咖 深灰
（ 平量大約尺寸cm）
腰30~36臀43長度92
#正韓貨 #預購7-14天不包含假日
#madeinkorea #預購系列 #不支持貨到付款",2025-12-27 10:29:00,"🐱我是那個大可愛孩子的媽媽👩🏻 
😺撸凱在這：@kai.kai.1128👈🐈",business,,skipped,
a.n.y.a.lee,Lëe•͈ᴗ•͈ᥫᩣ Aᴗ·nya·ᴗ·käiᰔᩚ,"𝕄𝔸𝔻𝔼 𝕀ℕ 𝕂𝕆ℝ𝔼𝔸 🇰🇷
……. ℕ𝔼𝕎 𝔸ℝℝ𝕀𝕍𝔸𝕃 ✈️
✨狐帽腰繩長羽絨外 💰4980
🌈顏色 : 黑 白 咖 杏 
🌈尺寸：S M 
🌈狐狸毛，鴨絨
#預購系列
（ 平量大約尺寸cm）
M: 胸53長度104
#正韓貨 #預購付款起的7-14天不包含假日
#madeinkorea #跟我買過外套的都知道👍",2025-12-27 10:22:00,"🐱我是那個大可愛孩子的媽媽👩🏻 
😺撸凱在這：@kai.kai.1128👈🐈",business,,skipped,
a.n.y.a.lee,Lëe•͈ᴗ•͈ᥫᩣ Aᴗ·nya·ᴗ·käiᰔᩚ,7.多完妝，然後感覺冷到想打瞌睡….,2025-12-27 00:57:00,"🐱我是那個大可愛孩子的媽媽👩🏻 
😺撸凱在這：@kai.kai.1128👈🐈",business,,skipped,
a.n.y.a.lee,Lëe•͈ᴗ•͈ᥫᩣ Aᴗ·nya·ᴗ·käiᰔᩚ,"cathaysec.tw/3p31o…
美股手續費甜甜價，介面乾淨不複雜也不燒腦
辦活動也有抽中獎 實在很值得一再分享",2025-12-26 23:50:00,"🐱我是那個大可愛孩子的媽媽👩🏻 
😺撸凱在這：@kai.kai.1128👈🐈",business,,skipped,
a.n.y.a.lee,Lëe•͈ᴗ•͈ᥫᩣ Aᴗ·nya·ᴗ·käiᰔᩚ,發瘋 太可愛,2025-12-26 22:37:00,"🐱我是那個大可愛孩子的媽媽👩🏻 
😺撸凱在這：@kai.kai.1128👈🐈",business,,skipped,
a.n.y.a.lee,Lëe•͈ᴗ•͈ᥫᩣ Aᴗ·nya·ᴗ·käiᰔᩚ,永遠的民主先生李登輝爺爺,2025-12-26 16:13:00,"🐱我是那個大可愛孩子的媽媽👩🏻 
😺撸凱在這：@kai.kai.1128👈🐈",business,,skipped,
pinocchoked,pinocchoked,我知道會很多人，但是也太多了吧,2026-01-01 04:32:00,,pass,,non_depression_risk_user,
pinocchoked,pinocchoked,今天吃火鍋隔壁桌的媽媽跟她女兒說吃超過一球冰淇淋牙齒會壞光光，坐在隔壁的我現在慌的不得了。,2025-12-27 21:44:00,,pass,,non_depression_risk_user,
pinocchoked,pinocchoked,不知道多久沒看過排隊進林百貨了,2025-12-27 14:54:00,,pass,,non_depression_risk_user,
pinocchoked,pinocchoked,很顯然南紡比起夜市更需要的是停車場,2025-12-25 16:50:00,,pass,,non_depression_risk_user,
pinocchoked,pinocchoked,我媽煮了一鍋湯圓，成功讓甜湯圓派跟鹹湯圓派的都沉默了,2025-12-23 20:54:00,,pass,,non_depression_risk_user,
pinocchoked,pinocchoked,事實上很長一段時間大概十五年，我一直認為有一間連鎖早餐店就叫晨之美。,2025-12-22 17:53:00,,pass,,non_depression_risk_user,
pinocchoked,pinocchoked,終於輪到我吃了,2025-12-21 23:11:00,,pass,,non_depression_risk_user,
tinyteeart,Queenn Trixie Baddess,Team cardi B 🔥🔥,2025-12-26 08:46:00,"My personal blog 
Singer rapper dancer",pass,,non_depression_risk_user,
tinyteeart,Queenn Trixie Baddess,"Getting older is realizing:
Everybody don’t deserve front-row seats to your life.",2025-12-26 08:00:00,"My personal blog 
Singer rapper dancer",pass,,non_depression_risk_user,
tinyteeart,Queenn Trixie Baddess,Never fuck up yo fasho for a maybe.,2025-12-26 04:29:00,"My personal blog 
Singer rapper dancer",pass,,non_depression_risk_user,
tinyteeart,Queenn Trixie Baddess,Merry Christmas to all,2025-12-26 03:51:00,"My personal blog 
Singer rapper dancer",pass,,non_depression_risk_user,
tinyteeart,Queenn Trixie Baddess,Lord please help me 🙏🏿,2025-12-26 03:47:00,"My personal blog 
Singer rapper dancer",pass,,non_depression_risk_user,
tinyteeart,Queenn Trixie Baddess,🔥🔥🔥🔥🔥,2025-12-26 02:41:00,"My personal blog 
Singer rapper dancer",pass,,non_depression_risk_user,
tinyteeart,Queenn Trixie Baddess,A phone works two ways baby. 💨,2025-12-25 13:13:00,"My personal blog 
Singer rapper dancer",pass,,non_depression_risk_user,
tinyteeart,Queenn Trixie Baddess,R.I.P Nicki Minaj 🥹🥹,2025-12-25 12:39:00,"My personal blog 
Singer rapper dancer",pass,,non_depression_risk_user,
tinyteeart,Queenn Trixie Baddess,🖤,2025-12-25 12:34:00,"My personal blog 
Singer rapper dancer",pass,,non_depression_risk_user,
tinyteeart,Queenn Trixie Baddess,Imma whimsical free bitch 🔥💨,2025-12-25 12:26:00,"My personal blog 
Singer rapper dancer",pass,,non_depression_risk_user,
tinyteeart,Queenn Trixie Baddess,"Most yall dick ride and kiss ass to fit in
Not me .Thats why no one likes me 😂",2025-12-25 12:18:00,"My personal blog 
Singer rapper dancer",pass,,non_depression_risk_user,
tinyteeart,Queenn Trixie Baddess,Idk why people acting like it ain’t that deep when people die constantly from hate and the fact that im seeing people still defend her and say it’s not deep is disappointing and shows privilege.😭🙏,2025-12-25 11:49:00,"My personal blog 
Singer rapper dancer",pass,,non_depression_risk_user,
tinyteeart,Queenn Trixie Baddess,Find your reason to smile ❤️❤️,2025-12-25 11:38:00,"My personal blog 
Singer rapper dancer",pass,,non_depression_risk_user,
tinyteeart,Queenn Trixie Baddess,Everybody Finna Fck Tonight Except Me 😭😭😂😂,2025-12-25 11:11:00,"My personal blog 
Singer rapper dancer",pass,,non_depression_risk_user,
tinyteeart,Queenn Trixie Baddess,I talk shit all day mfkan long,2025-12-25 01:40:00,"My personal blog 
Singer rapper dancer",pass,,non_depression_risk_user,
tinyteeart,Queenn Trixie Baddess,Aren’t you bitches tired of hating💨💨💨🔥🔥🔥🔥,2025-12-25 01:38:00,"My personal blog 
Singer rapper dancer",pass,,non_depression_risk_user,
tinyteeart,Queenn Trixie Baddess,"Every season is a summer when you’re hot like me
☀️",2025-12-25 01:37:00,"My personal blog 
Singer rapper dancer",pass,,non_depression_risk_user,
tinyteeart,Queenn Trixie Baddess,Give me my flowers while I’m alive,2025-12-25 01:28:00,"My personal blog 
Singer rapper dancer",pass,,non_depression_risk_user,
tinyteeart,Queenn Trixie Baddess,I am a Goddess worship me 💋🔥😌😌🙏🏿🙏🏿🙏🏿,2025-12-25 01:16:00,"My personal blog 
Singer rapper dancer",pass,,non_depression_risk_user,
tinyteeart,Queenn Trixie Baddess,You’ll wake up one day but it’ll be to late ⏰💨💨💨💨,2025-12-25 01:07:00,"My personal blog 
Singer rapper dancer",pass,,non_depression_risk_user,
tinyteeart,Queenn Trixie Baddess,👑,2025-12-24 22:40:00,"My personal blog 
Singer rapper dancer",pass,,non_depression_risk_user,
tinyteeart,Queenn Trixie Baddess,I truly love my life. Words cannot explain.,2025-12-24 17:32:00,"My personal blog 
Singer rapper dancer",pass,,non_depression_risk_user,
tinyteeart,Queenn Trixie Baddess,✨✨✨✨,2025-12-24 11:53:00,"My personal blog 
Singer rapper dancer",pass,,non_depression_risk_user,
tinyteeart,Queenn Trixie Baddess,"Holidays don’t hit the same when you’ve survived some things.”
So if all you do this season is breathe, laugh a little, and protect your peace—baby, that’s a win. 🎄💅🏾",2025-12-24 10:39:00,"My personal blog 
Singer rapper dancer",pass,,non_depression_risk_user,
tinyteeart,Queenn Trixie Baddess,I love being me I’m so iconic ✨✨,2025-12-24 10:29:00,"My personal blog 
Singer rapper dancer",pass,,non_depression_risk_user,
tinyteeart,Queenn Trixie Baddess,Sparkly and sweet I’m feeling like pop rocks ✨✨,2025-12-24 10:04:00,"My personal blog 
Singer rapper dancer",pass,,non_depression_risk_user,
tinyteeart,Queenn Trixie Baddess,Grateful and protected 🔥,2025-12-24 08:19:00,"My personal blog 
Singer rapper dancer",pass,,non_depression_risk_user,
tinyteeart,Queenn Trixie Baddess,I love being judge by people I never want to be like 🔥💨,2025-12-24 03:57:00,"My personal blog 
Singer rapper dancer",pass,,non_depression_risk_user,
tinyteeart,Queenn Trixie Baddess,"📌 The Unfinished Room Theory says every person you let into your life builds a ""room"" inside you. Some people decorate it beautifully. Some rearrange things. Some leave mid-renovation with tools everywhere and the lights flickering. Even when they're gone, the room stays and it quietly affects how you love, trust, attach, and show up.
Once you're aware of the layout, you decide what stays, what gets remodeled, and what gets boarded up. Still your house. Always was.",2025-12-24 03:37:00,"My personal blog 
Singer rapper dancer",pass,,non_depression_risk_user,
tinyteeart,Queenn Trixie Baddess,Catch my wave 🌊,2025-12-24 02:34:00,"My personal blog 
Singer rapper dancer",pass,,non_depression_risk_user,
tinyteeart,Queenn Trixie Baddess,Imma Trendsetter 🐝🐝🐝🐝🐝🐝🐝🐝🐝🐝,2025-12-24 02:26:00,"My personal blog 
Singer rapper dancer",pass,,non_depression_risk_user,
tinyteeart,Queenn Trixie Baddess,"I let a lot of the bullshit slide cross the Queen and you’ll get buried alive 
🔥🔥🔥🔥🔥🔥🔥🔥",2025-12-24 02:20:00,"My personal blog 
Singer rapper dancer",pass,,non_depression_risk_user,
tinyteeart,Queenn Trixie Baddess,It ain’t nothing to a Boss 🐝🐝🐝🐝🐝🐝🐝🐝🐝🐝🐝🐝🐝🐝🐝🐝🐝🐝🐝🐝🐝,2025-12-24 02:19:00,"My personal blog 
Singer rapper dancer",pass,,non_depression_risk_user,
tinyteeart,Queenn Trixie Baddess,The flow really sick this season stay tuned for the Queen bee 🐝 I’m eating good but I gotta watch my weight 💦💦💦💦💦,2025-12-24 02:15:00,"My personal blog 
Singer rapper dancer",pass,,non_depression_risk_user,
tinyteeart,Queenn Trixie Baddess,I was born to shine ✨✨,2025-12-24 02:10:00,"My personal blog 
Singer rapper dancer",pass,,non_depression_risk_user,
tinyteeart,Queenn Trixie Baddess,What you see is what you get when it comes to Trixie you ain’t gotta guess I’m very direct 💨✨✨,2025-12-24 02:09:00,"My personal blog 
Singer rapper dancer",pass,,non_depression_risk_user,
tinyteeart,Queenn Trixie Baddess,I’m the most critically acclaimed bitch from my city respect my name 🔥🔥🔥🔥🔥,2025-12-24 02:00:00,"My personal blog 
Singer rapper dancer",pass,,non_depression_risk_user,
tinyteeart,Queenn Trixie Baddess,"You a industry bitch
Imma in these streets bitch 🔥🔥🔥🔥",2025-12-24 01:59:00,"My personal blog 
Singer rapper dancer",pass,,non_depression_risk_user,
tinyteeart,Queenn Trixie Baddess,I don’t get into politics I just know what it takes to get this money 💰,2025-12-24 01:46:00,"My personal blog 
Singer rapper dancer",pass,,non_depression_risk_user,
tinyteeart,Queenn Trixie Baddess,I’m craving lollipops 💋,2025-12-24 01:44:00,"My personal blog 
Singer rapper dancer",pass,,non_depression_risk_user,
tinyteeart,Queenn Trixie Baddess,It ain’t a bitch alive that can make a ngga cum quicker than sexii IM the boss lady I hold it down for my besties aka the beehive 🐝🐝🐝🐝🐝🐝🐝🐝🐝🐝🐝🐝,2025-12-24 01:43:00,"My personal blog 
Singer rapper dancer",pass,,non_depression_risk_user,
tinyteeart,Queenn Trixie Baddess,Who wanna pay for my hair and nails?,2025-12-23 13:36:00,"My personal blog 
Singer rapper dancer",pass,,non_depression_risk_user,
tinyteeart,Queenn Trixie Baddess,Streets is calling and they keep saying let’s get active baby 🔥🔥,2025-12-23 13:06:00,"My personal blog 
Singer rapper dancer",pass,,non_depression_risk_user,
tinyteeart,Queenn Trixie Baddess,Be glad that I’m not God 👑🙏🏿,2025-12-23 12:47:00,"My personal blog 
Singer rapper dancer",pass,,non_depression_risk_user,
tinyteeart,Queenn Trixie Baddess,Men 🤮🤮🤮🤮🤢🤢🤢🤢,2025-12-23 11:58:00,"My personal blog 
Singer rapper dancer",pass,,non_depression_risk_user,
tinyteeart,Queenn Trixie Baddess,Shout out to the women and the gays ✨✨✨💜💜💜💜,2025-12-23 11:46:00,"My personal blog 
Singer rapper dancer",pass,,non_depression_risk_user,
tinyteeart,Queenn Trixie Baddess,I do it for women and gays I h8 men,2025-12-23 11:12:00,"My personal blog 
Singer rapper dancer",pass,,non_depression_risk_user,
tinyteeart,Queenn Trixie Baddess,I fit no genre of popular narrative. I am multidimensional. 🌈,2025-12-23 09:30:00,"My personal blog 
Singer rapper dancer",pass,,non_depression_risk_user,
tinyteeart,Queenn Trixie Baddess,What is the most authentic thing you can do right now🔥,2025-12-23 09:29:00,"My personal blog 
Singer rapper dancer",pass,,non_depression_risk_user,
tinyteeart,Queenn Trixie Baddess,I’m exactly who I think I am 🌈🌈💋🔥🔥💕💕✨✨💨💨💨🧬🧬,2025-12-23 09:20:00,"My personal blog 
Singer rapper dancer",pass,,non_depression_risk_user,
tinyteeart,Queenn Trixie Baddess,I can’t get enough 🔥🔥🔥🔥,2025-12-23 07:57:00,"My personal blog 
Singer rapper dancer",pass,,non_depression_risk_user,
tinyteeart,Queenn Trixie Baddess,NEVER EVER 🙅🏽‍♀️ CONTACT THE OTHER WOMAN!,2025-12-23 06:43:00,"My personal blog 
Singer rapper dancer",pass,,non_depression_risk_user,
tinyteeart,Queenn Trixie Baddess,Everything will be okay keep going divas ✨✨🕶️,2025-12-23 06:35:00,"My personal blog 
Singer rapper dancer",pass,,non_depression_risk_user,
tinyteeart,Queenn Trixie Baddess,Pay the toll to the angels 👼,2025-12-23 03:37:00,"My personal blog 
Singer rapper dancer",pass,,non_depression_risk_user,
tinyteeart,Queenn Trixie Baddess,Gays Will Pass Up A Chubby Nigga With His Shit Together For A Bum With A 6 Pack 🎯,2025-12-22 09:53:00,"My personal blog 
Singer rapper dancer",pass,,non_depression_risk_user,
tinyteeart,Queenn Trixie Baddess,I’m chocolate delicious 😋,2025-12-22 09:46:00,"My personal blog 
Singer rapper dancer",pass,,non_depression_risk_user,
a.n.y.a.lee,Lëe•͈ᴗ•͈ᥫᩣ Aᴗ·nya·ᴗ·käiᰔᩚ,總統府回應，立法院對於行政院長或總統，本來就有相關的制衡手段，只要是合法合憲、程序完備，都會給予尊重。......藍白立委明明知道彈劾總統是假議題，不去審115年中央總預算，明擺在胡搞瞎搞,2025-12-26 15:53:00,"🐱我是那個大可愛孩子的媽媽👩🏻 
😺撸凱在這：@kai.kai.1128👈🐈",business,,skipped,
traphouselatino,TRAP HOUSE LATINO,#FueradeTópico Michael Jordan admite que tiene una cuenta secreta en X donde le gusta discutir con desconocidos… leyenda dentro y fuera de la cancha 🐐,2025-12-21 00:13:00,"Est. 2015. 🇵🇷 Música nueva, vídeos, noticias, contenido exclusivo y MÁS. 🔥🏚🔥",business,,skipped,
traphouselatino,TRAP HOUSE LATINO,"@hanzel.la.h
@hanzel.la.h
se expresó en su cuenta de Instagram.🙏",2025-12-20 07:07:00,"Est. 2015. 🇵🇷 Música nueva, vídeos, noticias, contenido exclusivo y MÁS. 🔥🏚🔥",business,,skipped,
traphouselatino,TRAP HOUSE LATINO,¿11/01/2026? 👁️👁️,2025-12-20 06:42:00,"Est. 2015. 🇵🇷 Música nueva, vídeos, noticias, contenido exclusivo y MÁS. 🔥🏚🔥",business,,skipped,
traphouselatino,TRAP HOUSE LATINO,"@jovaan.pr
@jovaan.pr
cerró el año con “U KNOW” ¿Qué te pareció? 🔥",2025-12-20 06:30:00,"Est. 2015. 🇵🇷 Música nueva, vídeos, noticias, contenido exclusivo y MÁS. 🔥🏚🔥",business,,skipped,
traphouselatino,TRAP HOUSE LATINO,"@cosculluela
@cosculluela
mediante sus historias de Instagram.",2025-12-20 06:05:00,"Est. 2015. 🇵🇷 Música nueva, vídeos, noticias, contenido exclusivo y MÁS. 🔥🏚🔥",business,,skipped,
traphouselatino,TRAP HOUSE LATINO,"@remers.pr
@remers.pr
lanzó “LAVOE FREESTYLE” ¿Qué tal? 👂🧠",2025-12-20 05:44:00,"Est. 2015. 🇵🇷 Música nueva, vídeos, noticias, contenido exclusivo y MÁS. 🔥🏚🔥",business,,skipped,
traphouselatino,TRAP HOUSE LATINO,"@cosculluela
@cosculluela
mediante sus historias de Instagram.",2025-12-20 03:43:00,"Est. 2015. 🇵🇷 Música nueva, vídeos, noticias, contenido exclusivo y MÁS. 🔥🏚🔥",business,,skipped,
traphouselatino,TRAP HOUSE LATINO,"Chanell compartió su agradecimiento a sus oyentes mensuales que actualmente lo escuchan en Spotify.
Este año
@chanell__pr
@chanell__pr
chaaaneelo lanzó su álbum “FEMME FATALE” 🔥",2025-12-20 03:31:00,"Est. 2015. 🇵🇷 Música nueva, vídeos, noticias, contenido exclusivo y MÁS. 🔥🏚🔥",business,,skipped,
traphouselatino,TRAP HOUSE LATINO,"¿Qué tema fue tu favorito del nuevo álbum de
@luar_lal
@luar_lal
? 🔥",2025-12-20 01:54:00,"Est. 2015. 🇵🇷 Música nueva, vídeos, noticias, contenido exclusivo y MÁS. 🔥🏚🔥",business,,skipped,
traphouselatino,TRAP HOUSE LATINO,"@youngfattyyy
@youngfattyyy
lanzó el tema “EL ÚLTIMO DISCIPULO” ¿Qué te pareció? 👂👂",2025-12-20 00:53:00,"Est. 2015. 🇵🇷 Música nueva, vídeos, noticias, contenido exclusivo y MÁS. 🔥🏚🔥",business,,skipped,
traphouselatino,TRAP HOUSE LATINO,"Comenta con el emoji cual fue tu verso favorito en “BURLAO REMIX”
@bryanttmyers
@bryanttmyers
x
@arcangel
@arcangel
x
@austincito._
@austincito._
x
@almightytgc
@almightytgc
x lilmightypr x
@yovngchimi
@yovngchimi
x
@slayter
@slayter
x michaelflorees x
@warboygl
@warboygl
x
@noriel
@noriel
x
@babyrasta
@babyrasta
x
@franco.danxs
@franco.danxs
✔️",2025-12-19 22:27:00,"Est. 2015. 🇵🇷 Música nueva, vídeos, noticias, contenido exclusivo y MÁS. 🔥🏚🔥",business,,skipped,
traphouselatino,TRAP HOUSE LATINO,"@donmiguelo
@donmiguelo
x
@alofoke
@alofoke
lanzaron “MIKY MAUS”",2025-12-19 05:13:00,"Est. 2015. 🇵🇷 Música nueva, vídeos, noticias, contenido exclusivo y MÁS. 🔥🏚🔥",business,,skipped,
traphouselatino,TRAP HOUSE LATINO,"@leebrianpr
@leebrianpr
se expresó mediante sus historias de instagram 🙏",2025-12-19 02:19:00,"Est. 2015. 🇵🇷 Música nueva, vídeos, noticias, contenido exclusivo y MÁS. 🔥🏚🔥",business,,skipped,
traphouselatino,TRAP HOUSE LATINO,"#FueradeTópico Un video creado con IA se volvió viral mostrando cómo se vería Cristiano Ronaldo en Rápidos y Furiosos.
Todo surgió después de que Vin Diesel revelara que ya existe un papel escrito para CR7, lo que desató rumores y llevó a fans a imaginar su aparición en la saga.",2025-12-19 01:37:00,"Est. 2015. 🇵🇷 Música nueva, vídeos, noticias, contenido exclusivo y MÁS. 🔥🏚🔥",business,,skipped,
traphouselatino,TRAP HOUSE LATINO,"“Templo” es una de tus canciones favoritas del nuevo álbum “Stendhal” de
@ozuna
@ozuna
x
@beele
@beele
? ✅",2025-12-19 00:56:00,"Est. 2015. 🇵🇷 Música nueva, vídeos, noticias, contenido exclusivo y MÁS. 🔥🏚🔥",business,,skipped,
traphouselatino,TRAP HOUSE LATINO,"michaelflorees le regaló una guagua a su madre, se compró un rolex y se subió a un McLaren por primera vez ✅",2025-12-19 00:29:00,"Est. 2015. 🇵🇷 Música nueva, vídeos, noticias, contenido exclusivo y MÁS. 🔥🏚🔥",business,,skipped,
traphouselatino,TRAP HOUSE LATINO,"tutupr_ junto a
@izaak
@izaak
lanzaron “Te Llevo Pa Cali” ¿Qué te pareció este junte? 🔥",2025-12-18 23:44:00,"Est. 2015. 🇵🇷 Música nueva, vídeos, noticias, contenido exclusivo y MÁS. 🔥🏚🔥",business,,skipped,
traphouselatino,TRAP HOUSE LATINO,hades66 mediante sus historias de Instagram.,2025-12-18 23:04:00,"Est. 2015. 🇵🇷 Música nueva, vídeos, noticias, contenido exclusivo y MÁS. 🔥🏚🔥",business,,skipped,
traphouselatino,TRAP HOUSE LATINO,Desliza y reacciona 👂,2025-12-18 11:25:00,"Est. 2015. 🇵🇷 Música nueva, vídeos, noticias, contenido exclusivo y MÁS. 🔥🏚🔥",business,,skipped,
traphouselatino,TRAP HOUSE LATINO,"Las clínicas juveniles de la NBA nacen para identificar, formar y empoderar a la próxima generación de talento desde la base, llevando fundamentos, disciplina y valores dentro y fuera de la cancha.
En Puerto Rico, esta misión cobra fuerza con la alianza entre la
@nba
@nba
y
@daddyyankee
@daddyyankee
, uniendo deporte, cultura e impacto social para abrir oportunidades reales a jóvenes de la isla. Más que baloncesto, es desarrollo, inspiración y futuro en acción.",2025-12-18 10:06:00,"Est. 2015. 🇵🇷 Música nueva, vídeos, noticias, contenido exclusivo y MÁS. 🔥🏚🔥",business,,skipped,
traphouselatino,TRAP HOUSE LATINO,@niogarcia viene mañana con “LLEGÓ NAVIDAD” 🎄 8:00 PM 👁️,2025-12-18 09:39:00,"Est. 2015. 🇵🇷 Música nueva, vídeos, noticias, contenido exclusivo y MÁS. 🔥🏚🔥",business,,skipped,
traphouselatino,TRAP HOUSE LATINO,Este momento esta viral en redes sociales ¿Qué opinas?,2025-12-18 09:22:00,"Est. 2015. 🇵🇷 Música nueva, vídeos, noticias, contenido exclusivo y MÁS. 🔥🏚🔥",business,,skipped,
traphouselatino,TRAP HOUSE LATINO,¿Qué tal se escucha lo próximo de kaliuchis? 👂,2025-12-18 07:18:00,"Est. 2015. 🇵🇷 Música nueva, vídeos, noticias, contenido exclusivo y MÁS. 🔥🏚🔥",business,,skipped,
traphouselatino,TRAP HOUSE LATINO,¿Qué tal se escucha lo próximo de kaliuchis? 🔥,2025-12-18 06:59:00,"Est. 2015. 🇵🇷 Música nueva, vídeos, noticias, contenido exclusivo y MÁS. 🔥🏚🔥",business,,skipped,
traphouselatino,TRAP HOUSE LATINO,"@luar_lal
@luar_lal
presentó un preview completo de las 12 canciones de su próximo álbum SOBR3NATURAL durante un listening party sorpresa en Shoko, Madrid 🇪🇸.
Rodeado de fanáticos e influencers,  dejó escuchar por primera vez el proyecto que verá la luz este jueves 18 de diciembre, con colaboraciones de Anuel, Hades, Deivi, Roa, Blessd y Juhn El All Star.
Del álbum ya se conocen los temas “Pieza Exhibición” junto a Roa y Blessd, y “Baddie” con Anuel.",2025-12-18 05:48:00,"Est. 2015. 🇵🇷 Música nueva, vídeos, noticias, contenido exclusivo y MÁS. 🔥🏚🔥",business,,skipped,
traphouselatino,TRAP HOUSE LATINO,"Esto fue lo que pasó con
@albinoprh
@albinoprh
en Calle Serra, fue acompañado por
@karbeats
@karbeats
@viejoculprit
@viejoculprit
@dime_ecua
@dime_ecua
@zurelythais
@zurelythais
para el videoclip del tema “CAT-JACKING”🔥",2025-12-18 05:20:00,"Est. 2015. 🇵🇷 Música nueva, vídeos, noticias, contenido exclusivo y MÁS. 🔥🏚🔥",business,,skipped,
traphouselatino,TRAP HOUSE LATINO,"Para cerrar el año,
@beele
@beele
domina el Top Global de los videos más vistos en el mundo según
@vevo
@vevo
, ocupando el #1 con “Mi Refe” y el #2 con “No Tiene Sentido”.
Además, logra posicionarse en el Top 10 de Estados Unidos en el lugar #9, siendo el único artista latino dentro del ranking.
Vía
@vevo
@vevo",2025-12-18 02:43:00,"Est. 2015. 🇵🇷 Música nueva, vídeos, noticias, contenido exclusivo y MÁS. 🔥🏚🔥",business,,skipped,
traphouselatino,TRAP HOUSE LATINO,Desliza y reacciona 🦍,2025-12-18 01:00:00,"Est. 2015. 🇵🇷 Música nueva, vídeos, noticias, contenido exclusivo y MÁS. 🔥🏚🔥",business,,skipped,
yx_o8__,x.,第一次來黃金跨年 也是有放到煙火了,2026-01-01 03:45:00,我很愛講話啊 為什麼不跟我聊天,not_enough_posts,,skipped,
singkao94i44,鐵人行軍團,"請問倫敦想看到免費煙火的話要去哪裡？
有人剛好在倫敦想一起看煙火嗎？
#倫敦跨年
#不懂就問脆",2026-01-01 04:09:00,,not_enough_posts,,skipped,
rayray_8_357,rayray_8_357,"阿妹這次台東跨年真的太神啦❕
全場嗨到瘋掉❗️戶外夜店既視感💓💯
三天三夜 跳進來 好膽你就來…等 超多首
而且還能聽到雙天后同台唱連名帶姓😭
萬眾全場尖叫聲❕✨根本天花板級別❤️
從台北到台東跨年，真的是太值得了
有夠幸福 天氣又超好❗️☁️🌟
還能聽到戴愛玲唱空港 千年之戀
A-Lin失戀無罪 荒唐 
還有阿妹的🔥首首都是經典 
錄到手機一度沒空間😂
總之今年能看到那麼極致又正點的妹神已經無憾了😭 真是謝謝台東給我們那麼棒的音樂饗宴🌈🎹真是意猶未盡❕
2026小希望：許願 🙏
阿妹&A-Lin能開演唱會❤️
然後Jolin在加場！❤️ 然後都搶到票
看來要多做善事了🤣",2026-01-01 04:37:00,,not_enough_posts,,skipped,
alice0107_,Alice,花蓮「 海上跨年煙火 」🎆,2026-01-01 04:08:00,,not_enough_posts,,skipped,
cute_0428,十元𝐬𝐡𝐞𝐫𝐫𝐲 ║隱眼．零售．批發🫧,"大概只有台東跨年字幕敢這樣玩了😻
超可愛！！！
甚至沒有主持人大家還可以玩得這麼開心",2026-01-01 05:23:00,隨便發發 隨便看看,not_enough_posts,,skipped,
cute_0428,十元𝐬𝐡𝐞𝐫𝐫𝐲 ║隱眼．零售．批發🫧,快到跨年了我整個脆都是吃葡萄(◐‿◑)�,2025-12-30 17:47:00,隨便發發 隨便看看,not_enough_posts,,skipped,
dansheng1222.cards,dansheng1222.cards,"2022 Topps Dynasty Auto Patch Black /5 Blake Snell #DAP-BS3
第一次在blez 抽卡包的戰利品，blake snell超美patch簽限/5，回到我手上了！明天擺攤可以帶去！
12/27 （六） 10:00-18:00
板橋區北門街2號 888卡牌市集",2025-12-26 14:06:00,"【丹神的玉米田】
球卡交易、代購、買賣。
連結有Y拍賣場，賣貨便有topps now 現貨專區，不想錯過topps now的開團歡迎追蹤yahoo拍賣帳號，開團會群發私訊通知哦！ 近期會推出ebay代賣服務。 
目前已有ebay代買服務，報價接單。私訊我之前請先到linetree看代購說明須知哦！",business,,skipped,
dansheng1222.cards,dansheng1222.cards,"【許願池】 那來說說你想要找什麼好了。
加我ig 或官方line 留訊息給我",2025-12-26 11:35:00,"【丹神的玉米田】
球卡交易、代購、買賣。
連結有Y拍賣場，賣貨便有topps now 現貨專區，不想錯過topps now的開團歡迎追蹤yahoo拍賣帳號，開團會群發私訊通知哦！ 近期會推出ebay代賣服務。 
目前已有ebay代買服務，報價接單。私訊我之前請先到linetree看代購說明須知哦！",business,,skipped,
dansheng1222.cards,dansheng1222.cards,"【協尋】
上次誰說要跟我買歐文初代教堂psa10的？可以敲我，有好幾位。🫣🫣
(已暫售）感謝",2025-12-26 10:34:00,"【丹神的玉米田】
球卡交易、代購、買賣。
連結有Y拍賣場，賣貨便有topps now 現貨專區，不想錯過topps now的開團歡迎追蹤yahoo拍賣帳號，開團會群發私訊通知哦！ 近期會推出ebay代賣服務。 
目前已有ebay代買服務，報價接單。私訊我之前請先到linetree看代購說明須知哦！",business,,skipped,
dansheng1222.cards,dansheng1222.cards,今天在888卡牌市集擺攤，歡迎來找我玩！都寶可夢玩家🤣🤣 只有我一個球員卡！🥺🥺🥺,2025-12-25 10:49:00,"【丹神的玉米田】
球卡交易、代購、買賣。
連結有Y拍賣場，賣貨便有topps now 現貨專區，不想錯過topps now的開團歡迎追蹤yahoo拍賣帳號，開團會群發私訊通知哦！ 近期會推出ebay代賣服務。 
目前已有ebay代買服務，報價接單。私訊我之前請先到linetree看代購說明須知哦！",business,,skipped,
dansheng1222.cards,dansheng1222.cards,"哇哇哇！竟然放假前夕有驚喜！不是blez抽到神卡！🤣🤣
我的Curry來了！這次在中國卡店標到這張，他用順豐特快件，我今天傍晚就收到了，明天來攤位找我就能看到了！",2025-12-24 16:42:00,"【丹神的玉米田】
球卡交易、代購、買賣。
連結有Y拍賣場，賣貨便有topps now 現貨專區，不想錯過topps now的開團歡迎追蹤yahoo拍賣帳號，開團會群發私訊通知哦！ 近期會推出ebay代賣服務。 
目前已有ebay代買服務，報價接單。私訊我之前請先到linetree看代購說明須知哦！",business,,skipped,
dansheng1222.cards,dansheng1222.cards,"還是來賞卡吧！明天早上10:00我會去咖啡哥的市集擺攤，歡迎來賞卡！
週四時間 ：10:00-18:00 五號攤位
週六時間 ：12:00-18:00 四號攤位
地址 板橋區北門街2號
目前整套剩咖哩、鬍子、字母哥還沒回來，其他都在手上了！
#丹神的玉米田
#panini
#mosaicsatinedclass
#lukadoncic",2025-12-24 13:54:00,"【丹神的玉米田】
球卡交易、代購、買賣。
連結有Y拍賣場，賣貨便有topps now 現貨專區，不想錯過topps now的開團歡迎追蹤yahoo拍賣帳號，開團會群發私訊通知哦！ 近期會推出ebay代賣服務。 
目前已有ebay代買服務，報價接單。私訊我之前請先到linetree看代購說明須知哦！",business,,skipped,
dansheng1222.cards,dansheng1222.cards,"42連敗之後終於終止連敗紀錄。
2025 Topps Now F1 Charles Leclerc Image Variations SP #074SP",2025-12-23 21:03:00,"【丹神的玉米田】
球卡交易、代購、買賣。
連結有Y拍賣場，賣貨便有topps now 現貨專區，不想錯過topps now的開團歡迎追蹤yahoo拍賣帳號，開團會群發私訊通知哦！ 近期會推出ebay代賣服務。 
目前已有ebay代買服務，報價接單。私訊我之前請先到linetree看代購說明須知哦！",business,,skipped,
dansheng1222.cards,dansheng1222.cards,"Shohei Ohtani Home Field Advantage 2025 Topps #HA-5
週六擺攤我要被從新埔上來的卡友笑死。說他從新埔開兩個多小時的車來，今天就是要帶大谷HFA走，還把24、25年的一起捲走。
我只能再找過新的買過😓
但是看到大家喜歡這套HFA就覺得開心😃
12/25週四（加開場10:00-22:00）
12/27週六（常態場12:00-18:00）
週四週六都會去咖啡哥的888卡牌市集擺攤，歡迎來找我玩。
地址：板橋區北門街2號。
現場很多寶可夢卡牌，但是！但是！但是！我是MLB/NBA/F1哦！這次會多帶大量Max、Lewis、George 等熱門車手 F1的限量卡片，歡迎來挖寶，享受現場喊價的樂趣！",2025-12-23 08:46:00,"【丹神的玉米田】
球卡交易、代購、買賣。
連結有Y拍賣場，賣貨便有topps now 現貨專區，不想錯過topps now的開團歡迎追蹤yahoo拍賣帳號，開團會群發私訊通知哦！ 近期會推出ebay代賣服務。 
目前已有ebay代買服務，報價接單。私訊我之前請先到linetree看代購說明須知哦！",business,,skipped,
dansheng1222.cards,dansheng1222.cards,"早上檢查刷卡紀錄發現一筆比較高的金額7-800美金，正在思考🤔 我是買了啥鬼東西？
原來是最後一哩路🥹
感謝各位，這套我收齊了。東西回來之後擺攤都會帶去。歡迎大家來找我賞卡拍照。",2025-12-22 10:33:00,"【丹神的玉米田】
球卡交易、代購、買賣。
連結有Y拍賣場，賣貨便有topps now 現貨專區，不想錯過topps now的開團歡迎追蹤yahoo拍賣帳號，開團會群發私訊通知哦！ 近期會推出ebay代賣服務。 
目前已有ebay代買服務，報價接單。私訊我之前請先到linetree看代購說明須知哦！",business,,skipped,
dansheng1222.cards,dansheng1222.cards,"blez online!
12/20 三更半夜睡不著賣大頭森 連抽8抽！
2014 PANINI NATIONAL TREASURES STEPHEN CURRY MATERIAL SIGNATURES /35 #MTS-SC MEM AUTO
影片放一部就好，附上截圖連抽9張的結果，這張是$199池第四大GRAIL
這次不是最貴的但是是最想要的Curry簽😊😊 這個生日禮物我喜歡！
#丹神的玉米田
#BLEZKILLER",2025-12-21 03:26:00,"【丹神的玉米田】
球卡交易、代購、買賣。
連結有Y拍賣場，賣貨便有topps now 現貨專區，不想錯過topps now的開團歡迎追蹤yahoo拍賣帳號，開團會群發私訊通知哦！ 近期會推出ebay代賣服務。 
目前已有ebay代買服務，報價接單。私訊我之前請先到linetree看代購說明須知哦！",business,,skipped,
dansheng1222.cards,dansheng1222.cards,"blez online!
12/20擺攤完的第1抽！
2008 TOPPS SIGNATURE DENNIS RODMAN AUTO /1299 #TSA-DRD PSA 10
#丹神的玉米田
#BLEZKILLER",2025-12-20 18:56:00,"【丹神的玉米田】
球卡交易、代購、買賣。
連結有Y拍賣場，賣貨便有topps now 現貨專區，不想錯過topps now的開團歡迎追蹤yahoo拍賣帳號，開團會群發私訊通知哦！ 近期會推出ebay代賣服務。 
目前已有ebay代買服務，報價接單。私訊我之前請先到linetree看代購說明須知哦！",business,,skipped,
dansheng1222.cards,dansheng1222.cards,擺攤中！歡迎來找我打卡聊天！BK二店,2025-12-20 11:46:00,"【丹神的玉米田】
球卡交易、代購、買賣。
連結有Y拍賣場，賣貨便有topps now 現貨專區，不想錯過topps now的開團歡迎追蹤yahoo拍賣帳號，開團會群發私訊通知哦！ 近期會推出ebay代賣服務。 
目前已有ebay代買服務，報價接單。私訊我之前請先到linetree看代購說明須知哦！",business,,skipped,
dansheng1222.cards,dansheng1222.cards,"blez online!
12/19 3抽的第、三、抽！
#丹神的玉米田
#BLEZKILLER",2025-12-19 17:28:00,"【丹神的玉米田】
球卡交易、代購、買賣。
連結有Y拍賣場，賣貨便有topps now 現貨專區，不想錯過topps now的開團歡迎追蹤yahoo拍賣帳號，開團會群發私訊通知哦！ 近期會推出ebay代賣服務。 
目前已有ebay代買服務，報價接單。私訊我之前請先到linetree看代購說明須知哦！",business,,skipped,
dansheng1222.cards,dansheng1222.cards,"blez online!
12/19 $199卡池更新了！今日再3抽！
先放前兩抽的結果好了…
#丹神的玉米田
#BLEZKILLER",2025-12-19 16:28:00,"【丹神的玉米田】
球卡交易、代購、買賣。
連結有Y拍賣場，賣貨便有topps now 現貨專區，不想錯過topps now的開團歡迎追蹤yahoo拍賣帳號，開團會群發私訊通知哦！ 近期會推出ebay代賣服務。 
目前已有ebay代買服務，報價接單。私訊我之前請先到linetree看代購說明須知哦！",business,,skipped,
dansheng1222.cards,dansheng1222.cards,"blez online!
12/19今日2抽！
策略正確的話，運氣很容易就回來了！
2018 Panini Select Jalen Brunson Rookie Signatures Tie-Dye /25 #RS-JBR PSA 9
GRAIL聖盃的金光真的好好看哦～～
#丹神的玉米田
#BLEZKILLER",2025-12-19 11:19:00,"【丹神的玉米田】
球卡交易、代購、買賣。
連結有Y拍賣場，賣貨便有topps now 現貨專區，不想錯過topps now的開團歡迎追蹤yahoo拍賣帳號，開團會群發私訊通知哦！ 近期會推出ebay代賣服務。 
目前已有ebay代買服務，報價接單。私訊我之前請先到linetree看代購說明須知哦！",business,,skipped,
dansheng1222.cards,dansheng1222.cards,"2022 Bowman baseball - Saikou Yoshinobu Yamamoto #S-13 Chrome Refractor
一張很美的卡，「Saikou」，之前找村上宗隆的卡看到有相同的卡面，這個系列也有山本由伸，就動念想要收一張。
#丹神的玉米田
#yamamoto",2025-12-19 09:57:00,"【丹神的玉米田】
球卡交易、代購、買賣。
連結有Y拍賣場，賣貨便有topps now 現貨專區，不想錯過topps now的開團歡迎追蹤yahoo拍賣帳號，開團會群發私訊通知哦！ 近期會推出ebay代賣服務。 
目前已有ebay代買服務，報價接單。私訊我之前請先到linetree看代購說明須知哦！",business,,skipped,
dansheng1222.cards,dansheng1222.cards,"想說我什麼時候跟英國皇家郵政有關係了？🤔
突然想到我的初代教堂字母哥是從英國賣家手上買到的，突然有一種可以全世界找自己想要的卡的感覺蠻幸福的。
#可愛是從加拿大賣家手上買到的
#整套剩下咖哩",2025-12-18 22:24:00,"【丹神的玉米田】
球卡交易、代購、買賣。
連結有Y拍賣場，賣貨便有topps now 現貨專區，不想錯過topps now的開團歡迎追蹤yahoo拍賣帳號，開團會群發私訊通知哦！ 近期會推出ebay代賣服務。 
目前已有ebay代買服務，報價接單。私訊我之前請先到linetree看代購說明須知哦！",business,,skipped,
dansheng1222.cards,dansheng1222.cards,"2022 TOPPS DYNASTY BLAKE SNELL AUTO PATCH BLACK /5 #DAP-BS3
還好這張是撿到的，不是用買的。🥹
還好沒有要拆殼送鑑定，不然應該很難高分。",2025-12-18 19:21:00,"【丹神的玉米田】
球卡交易、代購、買賣。
連結有Y拍賣場，賣貨便有topps now 現貨專區，不想錯過topps now的開團歡迎追蹤yahoo拍賣帳號，開團會群發私訊通知哦！ 近期會推出ebay代賣服務。 
目前已有ebay代買服務，報價接單。私訊我之前請先到linetree看代購說明須知哦！",business,,skipped,
dansheng1222.cards,dansheng1222.cards,"blez online!
12/18 今日2抽！
運氣也有休息的時候",2025-12-18 14:22:00,"【丹神的玉米田】
球卡交易、代購、買賣。
連結有Y拍賣場，賣貨便有topps now 現貨專區，不想錯過topps now的開團歡迎追蹤yahoo拍賣帳號，開團會群發私訊通知哦！ 近期會推出ebay代賣服務。 
目前已有ebay代買服務，報價接單。私訊我之前請先到linetree看代購說明須知哦！",business,,skipped,
dansheng1222.cards,dansheng1222.cards,"2024-25 Panini Mosaic Razzle Dazzle #13 Stephon Castle RC Rookie SPURS
#丹神的玉米田
#RazzleDazzle
#stephonCastle
#Panini
#mailday
我的卡有套卡膜後才放卡磚，不要不套卡膜，會傷卡。我看到照片裸卡直接裝卡磚的一律不建議買",2025-12-18 12:42:00,"【丹神的玉米田】
球卡交易、代購、買賣。
連結有Y拍賣場，賣貨便有topps now 現貨專區，不想錯過topps now的開團歡迎追蹤yahoo拍賣帳號，開團會群發私訊通知哦！ 近期會推出ebay代賣服務。 
目前已有ebay代買服務，報價接單。私訊我之前請先到linetree看代購說明須知哦！",business,,skipped,
dansheng1222.cards,dansheng1222.cards,"NICK KURTZ 2025 TOPPS UPDATE SERIES HOMEFIELD ADVANTAGE SP C RC
#丹神的玉米田
#homefieldadvantage
#nickkurtz
#mailday
我的卡有套卡膜後才放卡磚，不要不套卡膜，會傷卡。我看到照片裸卡直接裝卡磚的一律不建議買。",2025-12-18 12:38:00,"【丹神的玉米田】
球卡交易、代購、買賣。
連結有Y拍賣場，賣貨便有topps now 現貨專區，不想錯過topps now的開團歡迎追蹤yahoo拍賣帳號，開團會群發私訊通知哦！ 近期會推出ebay代賣服務。 
目前已有ebay代買服務，報價接單。私訊我之前請先到linetree看代購說明須知哦！",business,,skipped,
dansheng1222.cards,dansheng1222.cards,"2025 Bowman Chrome Harold Rivas Auto Refractor 1st #/499 Red Sox
我還是有正經在收卡的好嗎？😤
#丹神的玉米田
#mailday
#bowmanchrome
#mailday",2025-12-18 12:33:00,"【丹神的玉米田】
球卡交易、代購、買賣。
連結有Y拍賣場，賣貨便有topps now 現貨專區，不想錯過topps now的開團歡迎追蹤yahoo拍賣帳號，開團會群發私訊通知哦！ 近期會推出ebay代賣服務。 
目前已有ebay代買服務，報價接單。私訊我之前請先到linetree看代購說明須知哦！",business,,skipped,
fatlin_0227,Fat Lin,"有人跟我一樣發現雲林文化觀光處
每一組藝人都有發限動ㄟ
但是 🥹
‼️唯獨highlight 沒有‼️
‼️唯獨highlight 沒有‼️
‼️唯獨highlight 沒有‼️
有人知道為什麼嗎😭",2026-01-01 05:18:00,"👦🏻💍@wei__614💗 👶🏻
☀️辰時生活｜@honesty.life_｜寶寶手作",non_life,,skipped,
fatlin_0227,Fat Lin,"身為雲林人的我
真的覺得張媽媽好猛我愛鼠了🥰
真的把HIGHLIGHT請來了 🥹
讓我看了一場這麼棒的演唱會😭
真的感動到哭ㄟ
現場賴特的應援也好棒🫶🏻",2026-01-01 04:54:00,"👦🏻💍@wei__614💗 👶🏻
☀️辰時生活｜@honesty.life_｜寶寶手作",non_life,,skipped,
fatlin_0227,Fat Lin,"主任今天沒有彈跳舞台了🤣
身為雲林人的我 真的覺得張媽媽很猛❤️
請到了嗨賴和羅主任 我都要哭了🥹
明明我才剛看完
@showlo
@showlo
的演唱會
又馬上跨年見🫶🏻 
直接讓我在現場尖叫到沒聲音🤣
有羅志祥在的地方真的嗨爆🥳
@showlo
@showlo
主任該海巡囉🥳🥳🥳",2026-01-01 04:04:00,"👦🏻💍@wei__614💗 👶🏻
☀️辰時生活｜@honesty.life_｜寶寶手作",non_life,,skipped,
_emma2.9,莊珞琝,？？？？,2025-12-30 18:44:00,修狗,pass,,non_depression_risk_user,
_emma2.9,莊珞琝,是寶寶吧👶🍼,2025-12-27 20:22:00,修狗,pass,,non_depression_risk_user,
_emma2.9,莊珞琝,阿～～～～～🍿,2025-12-27 18:51:00,修狗,pass,,non_depression_risk_user,
_emma2.9,莊珞琝,有買到球專的自己用個脆吧,2025-12-25 22:33:00,修狗,pass,,non_depression_risk_user,
_emma2.9,莊珞琝,我也想去找廖持修的禮物,2025-12-25 22:21:00,修狗,pass,,non_depression_risk_user,
_emma2.9,莊珞琝,這完全校霸了,2025-12-24 19:10:00,修狗,pass,,non_depression_risk_user,
_emma2.9,莊珞琝,有種超窒息的感覺超爽ㄉ(˶‾᷄ ⁻̫ ‾᷅˵),2025-12-21 04:55:00,修狗,pass,,non_depression_risk_user,
_emma2.9,莊珞琝,廖持修今天怎麼這麼可愛 像小狗,2025-12-20 23:55:00,修狗,pass,,non_depression_risk_user,
_emma2.9,莊珞琝,欸不行啊我超爽的,2025-12-20 23:09:00,修狗,pass,,non_depression_risk_user,
yu.114193,辰MazelYan,"第一次拿單眼拍煙火
拍的沒有很好🤣 請鞭小力一點
#新年快樂 #Happy new year ~ 
#台中跨年 #煙火",2026-01-01 03:07:00,"粉紅超跑的粉絲💓
不專業水彩繪師 😛
平面設計/業餘攝影",not_enough_posts,,skipped,
yu.114193,辰MazelYan,"馬年 年菜DM / IG 圖文分享 😁
這次避開市面上千篇一律的大紅色，用橘色調帶出質感，讓視覺更明亮吸睛🤤🤤 
自己也很喜歡這個橘色 ❤️
有需要的老闆 歡迎私訊🫣 
#年菜 #DM #IG圖文",2025-12-26 19:19:00,"粉紅超跑的粉絲💓
不專業水彩繪師 😛
平面設計/業餘攝影",not_enough_posts,,skipped,
_zpei1n,_zpei1n,皮炎,2025-12-29 22:16:00,一直都一個樣,pass,,non_depression_risk_user,
_zpei1n,_zpei1n,換,2025-12-29 22:16:00,一直都一個樣,pass,,non_depression_risk_user,
_zpei1n,_zpei1n,主波要去補眠了,2025-12-18 20:59:00,一直都一個樣,pass,,non_depression_risk_user,
cristymendozariv,𝘤𝘳𝘪𝘴𝘵𝘺,🤷🏽‍♀️,2025-12-31 15:40:00,"₇ ₇ ₇ ☼
𓂃 ོ𓂃 𝘔𝘦𝘦𝘵 𝘮𝘦 𝘸𝘩𝘦𝘳𝘦 𝘵𝘩𝘦 𝘴𝘬𝘺 𝘵𝘰𝘶𝘤𝘩𝘦𝘴 𝘵𝘩𝘦 𝘴𝘦𝘢 
𓇼𓆉
𓆝 𓆟 𓆞",pass,,non_depression_risk_user,
cristymendozariv,𝘤𝘳𝘪𝘴𝘵𝘺,Sanar sin reemplazar ahí es donde claramente y gracias a Dios no somos iguales,2025-12-31 15:37:00,"₇ ₇ ₇ ☼
𓂃 ོ𓂃 𝘔𝘦𝘦𝘵 𝘮𝘦 𝘸𝘩𝘦𝘳𝘦 𝘵𝘩𝘦 𝘴𝘬𝘺 𝘵𝘰𝘶𝘤𝘩𝘦𝘴 𝘵𝘩𝘦 𝘴𝘦𝘢 
𓇼𓆉
𓆝 𓆟 𓆞",pass,,non_depression_risk_user,
cristymendozariv,𝘤𝘳𝘪𝘴𝘵𝘺,Workout done ✅ for today 🙌🏼✨,2025-12-30 15:03:00,"₇ ₇ ₇ ☼
𓂃 ོ𓂃 𝘔𝘦𝘦𝘵 𝘮𝘦 𝘸𝘩𝘦𝘳𝘦 𝘵𝘩𝘦 𝘴𝘬𝘺 𝘵𝘰𝘶𝘤𝘩𝘦𝘴 𝘵𝘩𝘦 𝘴𝘦𝘢 
𓇼𓆉
𓆝 𓆟 𓆞",pass,,non_depression_risk_user,
cristymendozariv,𝘤𝘳𝘪𝘴𝘵𝘺,"Yo creo que unas semanas en Cancún, arenita en el calzón y una piña colada en la mano arregla todo 🤭🍹🌊☀️",2025-12-30 14:49:00,"₇ ₇ ₇ ☼
𓂃 ོ𓂃 𝘔𝘦𝘦𝘵 𝘮𝘦 𝘸𝘩𝘦𝘳𝘦 𝘵𝘩𝘦 𝘴𝘬𝘺 𝘵𝘰𝘶𝘤𝘩𝘦𝘴 𝘵𝘩𝘦 𝘴𝘦𝘢 
𓇼𓆉
𓆝 𓆟 𓆞",pass,,non_depression_risk_user,
cristymendozariv,𝘤𝘳𝘪𝘴𝘵𝘺,"Alguien que te diga “Espera quédate así te tomaré una foto porque te vez muy linda”
Jamás me ha pasado 🥴",2025-12-30 14:41:00,"₇ ₇ ₇ ☼
𓂃 ོ𓂃 𝘔𝘦𝘦𝘵 𝘮𝘦 𝘸𝘩𝘦𝘳𝘦 𝘵𝘩𝘦 𝘴𝘬𝘺 𝘵𝘰𝘶𝘤𝘩𝘦𝘴 𝘵𝘩𝘦 𝘴𝘦𝘢 
𓇼𓆉
𓆝 𓆟 𓆞",pass,,non_depression_risk_user,
cristymendozariv,𝘤𝘳𝘪𝘴𝘵𝘺,"La vida sigue dicen, pero no siempre es verdad.
A veces la vida no sigue. A veces solo pasan los días. - Pablo Neruda",2025-12-30 14:33:00,"₇ ₇ ₇ ☼
𓂃 ོ𓂃 𝘔𝘦𝘦𝘵 𝘮𝘦 𝘸𝘩𝘦𝘳𝘦 𝘵𝘩𝘦 𝘴𝘬𝘺 𝘵𝘰𝘶𝘤𝘩𝘦𝘴 𝘵𝘩𝘦 𝘴𝘦𝘢 
𓇼𓆉
𓆝 𓆟 𓆞",pass,,non_depression_risk_user,
cristymendozariv,𝘤𝘳𝘪𝘴𝘵𝘺,Tu peor castigo será quedarte atrapado contigo mismo y tus vacíos,2025-12-29 15:42:00,"₇ ₇ ₇ ☼
𓂃 ོ𓂃 𝘔𝘦𝘦𝘵 𝘮𝘦 𝘸𝘩𝘦𝘳𝘦 𝘵𝘩𝘦 𝘴𝘬𝘺 𝘵𝘰𝘶𝘤𝘩𝘦𝘴 𝘵𝘩𝘦 𝘴𝘦𝘢 
𓇼𓆉
𓆝 𓆟 𓆞",pass,,non_depression_risk_user,
cristymendozariv,𝘤𝘳𝘪𝘴𝘵𝘺,"Y bueno al final el que no puede con la belleza y decencia, se conforma con lo insignificante y de bajo estándar",2025-12-28 03:41:00,"₇ ₇ ₇ ☼
𓂃 ོ𓂃 𝘔𝘦𝘦𝘵 𝘮𝘦 𝘸𝘩𝘦𝘳𝘦 𝘵𝘩𝘦 𝘴𝘬𝘺 𝘵𝘰𝘶𝘤𝘩𝘦𝘴 𝘵𝘩𝘦 𝘴𝘦𝘢 
𓇼𓆉
𓆝 𓆟 𓆞",pass,,non_depression_risk_user,
cristymendozariv,𝘤𝘳𝘪𝘴𝘵𝘺,"Feliz Navidad 🎄 el corazón duele si, el alma está rota, también pero… tengo a mis abuelos en la mesa, mis papás y mis primos que vivían lejos. Gracias Dios ✨🙏🏽",2025-12-26 02:18:00,"₇ ₇ ₇ ☼
𓂃 ོ𓂃 𝘔𝘦𝘦𝘵 𝘮𝘦 𝘸𝘩𝘦𝘳𝘦 𝘵𝘩𝘦 𝘴𝘬𝘺 𝘵𝘰𝘶𝘤𝘩𝘦𝘴 𝘵𝘩𝘦 𝘴𝘦𝘢 
𓇼𓆉
𓆝 𓆟 𓆞",pass,,non_depression_risk_user,
cristymendozariv,𝘤𝘳𝘪𝘴𝘵𝘺,La vida de va en un momento ✨,2025-12-21 10:44:00,"₇ ₇ ₇ ☼
𓂃 ོ𓂃 𝘔𝘦𝘦𝘵 𝘮𝘦 𝘸𝘩𝘦𝘳𝘦 𝘵𝘩𝘦 𝘴𝘬𝘺 𝘵𝘰𝘶𝘤𝘩𝘦𝘴 𝘵𝘩𝘦 𝘴𝘦𝘢 
𓇼𓆉
𓆝 𓆟 𓆞",pass,,non_depression_risk_user,
cristymendozariv,𝘤𝘳𝘪𝘴𝘵𝘺,"Este es el primer año en toda mi vida que realmente deseo pasar las fechas de navidad, año nuevo, cumpleaños y así, dormida y pretender que no ocurrieron.",2025-12-20 08:22:00,"₇ ₇ ₇ ☼
𓂃 ོ𓂃 𝘔𝘦𝘦𝘵 𝘮𝘦 𝘸𝘩𝘦𝘳𝘦 𝘵𝘩𝘦 𝘴𝘬𝘺 𝘵𝘰𝘶𝘤𝘩𝘦𝘴 𝘵𝘩𝘦 𝘴𝘦𝘢 
𓇼𓆉
𓆝 𓆟 𓆞",pass,,non_depression_risk_user,
taoarmy_9527,是宣萱哦(⁎⁍̴̛ᴗ⁍̴̛⁎)🍑,"金唱片頒獎典禮TVBS有電視直播‼️
齁 沒票的我也能在家看了ㅠㅠ",2025-12-31 13:28:00,"ᴛᴀɪᴛᴜɴɢ 🇹🇼 01z ♊️ ENFJ🍓
佛系追星人🌟
這裡主要分享每日日常的小廢文
-
💣 ʙᴛꜱ 🐱
💎 ꜱᴇᴠᴇɴᴛᴇᴇɴ 🍚
🚪 ʙᴏʏɴᴇxᴛᴅᴏᴏʀ 🦁
🌏 ᴏɴᴇᴜꜱ 🌙
🥕 ᴍᴀᴍᴀᴍᴏᴏ🌟
🐺 &ᴛᴇᴀᴍ 🍓
-
🍒 ᴄʜᴜᴇɪʟɪʏᴜ 최립우🍒",business,,skipped,
taoarmy_9527,是宣萱哦(⁎⁍̴̛ᴗ⁍̴̛⁎)🍑,"那個…
我會在崔哩哺見面會發速攻藍莓🫐
三場都會去所以三場都會發
每場發10份一份一顆（ 一次吃一顆就夠了
經期來的朋友建議不要吃 
我都有用小袋子裝不用怕食安疑慮🤣
啊小包裝的發完原包裝還有可以跟我拿
看要我發應援的時候順便跟我拿
還是要私訊約哪裡見面都可以
希望大家都能用清晰的雙眼仔細看崔哩哺🥰",2025-12-31 03:30:00,"ᴛᴀɪᴛᴜɴɢ 🇹🇼 01z ♊️ ENFJ🍓
佛系追星人🌟
這裡主要分享每日日常的小廢文
-
💣 ʙᴛꜱ 🐱
💎 ꜱᴇᴠᴇɴᴛᴇᴇɴ 🍚
🚪 ʙᴏʏɴᴇxᴛᴅᴏᴏʀ 🦁
🌏 ᴏɴᴇᴜꜱ 🌙
🥕 ᴍᴀᴍᴀᴍᴏᴏ🌟
🐺 &ᴛᴇᴀᴍ 🍓
-
🍒 ᴄʜᴜᴇɪʟɪʏᴜ 최립우🍒",business,,skipped,
taoarmy_9527,是宣萱哦(⁎⁍̴̛ᴗ⁍̴̛⁎)🍑,"你問我為什麼要買這兩張卡嗎？
不用我說了吧 懂的人都懂🙂‍↕️🫶🏻💜🧡",2025-12-31 00:16:00,"ᴛᴀɪᴛᴜɴɢ 🇹🇼 01z ♊️ ENFJ🍓
佛系追星人🌟
這裡主要分享每日日常的小廢文
-
💣 ʙᴛꜱ 🐱
💎 ꜱᴇᴠᴇɴᴛᴇᴇɴ 🍚
🚪 ʙᴏʏɴᴇxᴛᴅᴏᴏʀ 🦁
🌏 ᴏɴᴇᴜꜱ 🌙
🥕 ᴍᴀᴍᴀᴍᴏᴏ🌟
🐺 &ᴛᴇᴀᴍ 🍓
-
🍒 ᴄʜᴜᴇɪʟɪʏᴜ 최립우🍒",business,,skipped,
taoarmy_9527,是宣萱哦(⁎⁍̴̛ᴗ⁍̴̛⁎)🍑,"上次去參加泰星見面會能在擊掌的時候錄影
而且VIP就能4:1合照還不用抽福利（超佛主辦
可能真的就是不同主辦不同公司不同感受吧
有的可以有的不行 就好好遵守規則好好享受就好
真的怕忘記結束後趕快把後記打起來就不會忘了
想到禮拜五就能碰到🍮也碰過的手就好興奮（？
能親眼見到崔哩哺本人我就滿足了真的🥹",2025-12-30 19:58:00,"ᴛᴀɪᴛᴜɴɢ 🇹🇼 01z ♊️ ENFJ🍓
佛系追星人🌟
這裡主要分享每日日常的小廢文
-
💣 ʙᴛꜱ 🐱
💎 ꜱᴇᴠᴇɴᴛᴇᴇɴ 🍚
🚪 ʙᴏʏɴᴇxᴛᴅᴏᴏʀ 🦁
🌏 ᴏɴᴇᴜꜱ 🌙
🥕 ᴍᴀᴍᴀᴍᴏᴏ🌟
🐺 &ᴛᴇᴀᴍ 🍓
-
🍒 ᴄʜᴜᴇɪʟɪʏᴜ 최립우🍒",business,,skipped,
taoarmy_9527,是宣萱哦(⁎⁍̴̛ᴗ⁍̴̛⁎)🍑,"擊掌如果像是日本那種的話就沒辦法請別人拍了
就不是在舞台上 是另外隔一個小房間那樣
就只有你跟工作人員還有藝人 一個一個進去擊掌
之前看到有人用智慧眼鏡進去拍後來被抓到🤣
但如果是從最後一排開始擊掌
然後沒有隔起來底下看得到的話
我可以幫忙拍 要告訴我你穿怎樣哪一區
見面會應該可以用手機錄影只是不能影響到他人
相機是絕對不行啦被抓到就活該倒楣QQ
但帶進去沒拿出來拍應該不會被沒收吧（我不知道
沒辦法收信的話
擊掌的時候把最想講的話說出來
直接給他濃縮成一句話（？？
希望大家都能快樂進場見崔哩哺
主辦的規定就還是得要遵守一下嘿",2025-12-30 18:48:00,"ᴛᴀɪᴛᴜɴɢ 🇹🇼 01z ♊️ ENFJ🍓
佛系追星人🌟
這裡主要分享每日日常的小廢文
-
💣 ʙᴛꜱ 🐱
💎 ꜱᴇᴠᴇɴᴛᴇᴇɴ 🍚
🚪 ʙᴏʏɴᴇxᴛᴅᴏᴏʀ 🦁
🌏 ᴏɴᴇᴜꜱ 🌙
🥕 ᴍᴀᴍᴀᴍᴏᴏ🌟
🐺 &ᴛᴇᴀᴍ 🍓
-
🍒 ᴄʜᴜᴇɪʟɪʏᴜ 최립우🍒",business,,skipped,
taoarmy_9527,是宣萱哦(⁎⁍̴̛ᴗ⁍̴̛⁎)🍑,"崔立于🐰 12月公開行程活動總覽🍒
包含：出道、試聽、簽售、打歌、節目、直播
無公開行程日：
1、2、8、9、15、19
22、23、25、28、30、31
（偶遇、入鏡別人直播等不計入）
辛苦崔哩哺了 剛出道工作接滿滿🍀
沒行程的時候是不是在很認真的簽專輯呀🤣
希望你沒行程的時候真的是有好好休息🙂‍↕️
我猜30、31應該沒行程了所以提早放上來
（有遺漏的歡迎底下留言補充🙇🏻‍♀️）
最後
希望跨年夜你能好好的跟你愛的人一起度過☺️",2025-12-30 13:38:00,"ᴛᴀɪᴛᴜɴɢ 🇹🇼 01z ♊️ ENFJ🍓
佛系追星人🌟
這裡主要分享每日日常的小廢文
-
💣 ʙᴛꜱ 🐱
💎 ꜱᴇᴠᴇɴᴛᴇᴇɴ 🍚
🚪 ʙᴏʏɴᴇxᴛᴅᴏᴏʀ 🦁
🌏 ᴏɴᴇᴜꜱ 🌙
🥕 ᴍᴀᴍᴀᴍᴏᴏ🌟
🐺 &ᴛᴇᴀᴍ 🍓
-
🍒 ᴄʜᴜᴇɪʟɪʏᴜ 최립우🍒",business,,skipped,
taoarmy_9527,是宣萱哦(⁎⁍̴̛ᴗ⁍̴̛⁎)🍑,"想問問有人卡包卡有我圖上寫缺一的小卡嗎…
我可以用圖上有畫黃色正字(複數)的卡跟你換
能1/2-1/3見面會面交優先（我剩這張沒換到🥲",2025-12-29 22:26:00,"ᴛᴀɪᴛᴜɴɢ 🇹🇼 01z ♊️ ENFJ🍓
佛系追星人🌟
這裡主要分享每日日常的小廢文
-
💣 ʙᴛꜱ 🐱
💎 ꜱᴇᴠᴇɴᴛᴇᴇɴ 🍚
🚪 ʙᴏʏɴᴇxᴛᴅᴏᴏʀ 🦁
🌏 ᴏɴᴇᴜꜱ 🌙
🥕 ᴍᴀᴍᴀᴍᴏᴏ🌟
🐺 &ᴛᴇᴀᴍ 🍓
-
🍒 ᴄʜᴜᴇɪʟɪʏᴜ 최립우🍒",business,,skipped,
taoarmy_9527,是宣萱哦(⁎⁍̴̛ᴗ⁍̴̛⁎)🍑,"要我從這四張裡選一張崔哩哺的話…
我選
第二張 越糊我越愛😍🤣",2025-12-29 21:14:00,"ᴛᴀɪᴛᴜɴɢ 🇹🇼 01z ♊️ ENFJ🍓
佛系追星人🌟
這裡主要分享每日日常的小廢文
-
💣 ʙᴛꜱ 🐱
💎 ꜱᴇᴠᴇɴᴛᴇᴇɴ 🍚
🚪 ʙᴏʏɴᴇxᴛᴅᴏᴏʀ 🦁
🌏 ᴏɴᴇᴜꜱ 🌙
🥕 ᴍᴀᴍᴀᴍᴏᴏ🌟
🐺 &ᴛᴇᴀᴍ 🍓
-
🍒 ᴄʜᴜᴇɪʟɪʏᴜ 최립우🍒",business,,skipped,
taoarmy_9527,是宣萱哦(⁎⁍̴̛ᴗ⁍̴̛⁎)🍑,"哦 出來了 我的是崔哩哺的橘色幸運星🧡🍀
阿為什麼是橘色 連大數據都知道我在嗑喔☺️🤣",2025-12-29 08:06:00,"ᴛᴀɪᴛᴜɴɢ 🇹🇼 01z ♊️ ENFJ🍓
佛系追星人🌟
這裡主要分享每日日常的小廢文
-
💣 ʙᴛꜱ 🐱
💎 ꜱᴇᴠᴇɴᴛᴇᴇɴ 🍚
🚪 ʙᴏʏɴᴇxᴛᴅᴏᴏʀ 🦁
🌏 ᴏɴᴇᴜꜱ 🌙
🥕 ᴍᴀᴍᴀᴍᴏᴏ🌟
🐺 &ᴛᴇᴀᴍ 🍓
-
🍒 ᴄʜᴜᴇɪʟɪʏᴜ 최립우🍒",business,,skipped,
taoarmy_9527,是宣萱哦(⁎⁍̴̛ᴗ⁍̴̛⁎)🍑,不是 那個總按讚數是怎樣 我有那麼愛按讚嗎…？,2025-12-29 01:20:00,"ᴛᴀɪᴛᴜɴɢ 🇹🇼 01z ♊️ ENFJ🍓
佛系追星人🌟
這裡主要分享每日日常的小廢文
-
💣 ʙᴛꜱ 🐱
💎 ꜱᴇᴠᴇɴᴛᴇᴇɴ 🍚
🚪 ʙᴏʏɴᴇxᴛᴅᴏᴏʀ 🦁
🌏 ᴏɴᴇᴜꜱ 🌙
🥕 ᴍᴀᴍᴀᴍᴏᴏ🌟
🐺 &ᴛᴇᴀᴍ 🍓
-
🍒 ᴄʜᴜᴇɪʟɪʏᴜ 최립우🍒",business,,skipped,
taoarmy_9527,是宣萱哦(⁎⁍̴̛ᴗ⁍̴̛⁎)🍑,"這三個都超級可愛…
雖然說扇子平常也是放著
但就是很可愛很想要☺️",2025-12-28 19:54:00,"ᴛᴀɪᴛᴜɴɢ 🇹🇼 01z ♊️ ENFJ🍓
佛系追星人🌟
這裡主要分享每日日常的小廢文
-
💣 ʙᴛꜱ 🐱
💎 ꜱᴇᴠᴇɴᴛᴇᴇɴ 🍚
🚪 ʙᴏʏɴᴇxᴛᴅᴏᴏʀ 🦁
🌏 ᴏɴᴇᴜꜱ 🌙
🥕 ᴍᴀᴍᴀᴍᴏᴏ🌟
🐺 &ᴛᴇᴀᴍ 🍓
-
🍒 ᴄʜᴜᴇɪʟɪʏᴜ 최립우🍒",business,,skipped,
taoarmy_9527,是宣萱哦(⁎⁍̴̛ᴗ⁍̴̛⁎)🍑,"還好嗎北部的朋友們…搖超久欸很大欸…
北部的朋友可以跟我報平安嗎
規模7靠北 還好很深然後震度沒很大",2025-12-27 23:14:00,"ᴛᴀɪᴛᴜɴɢ 🇹🇼 01z ♊️ ENFJ🍓
佛系追星人🌟
這裡主要分享每日日常的小廢文
-
💣 ʙᴛꜱ 🐱
💎 ꜱᴇᴠᴇɴᴛᴇᴇɴ 🍚
🚪 ʙᴏʏɴᴇxᴛᴅᴏᴏʀ 🦁
🌏 ᴏɴᴇᴜꜱ 🌙
🥕 ᴍᴀᴍᴀᴍᴏᴏ🌟
🐺 &ᴛᴇᴀᴍ 🍓
-
🍒 ᴄʜᴜᴇɪʟɪʏᴜ 최립우🍒",business,,skipped,
taoarmy_9527,是宣萱哦(⁎⁍̴̛ᴗ⁍̴̛⁎)🍑,"Home Race 出道组 MODYSSEY 
孫亨裕 
范哲逸 
李梓豪 
趙光旭 
薛蘇仁 
亦辰 
顏秋越
（喔呀 跟我預想的差不多）",2025-12-27 22:44:00,"ᴛᴀɪᴛᴜɴɢ 🇹🇼 01z ♊️ ENFJ🍓
佛系追星人🌟
這裡主要分享每日日常的小廢文
-
💣 ʙᴛꜱ 🐱
💎 ꜱᴇᴠᴇɴᴛᴇᴇɴ 🍚
🚪 ʙᴏʏɴᴇxᴛᴅᴏᴏʀ 🦁
🌏 ᴏɴᴇᴜꜱ 🌙
🥕 ᴍᴀᴍᴀᴍᴏᴏ🌟
🐺 &ᴛᴇᴀᴍ 🍓
-
🍒 ᴄʜᴜᴇɪʟɪʏᴜ 최립우🍒",business,,skipped,
taoarmy_9527,是宣萱哦(⁎⁍̴̛ᴗ⁍̴̛⁎)🍑,"報喜 謝謝我的朋友 直接又升艙了💓🍀
我又能見到鄰家男跟金桐儇了🥹
（上個我家小小的浮水印以免有人盜圖🥰）",2025-12-26 21:30:00,"ᴛᴀɪᴛᴜɴɢ 🇹🇼 01z ♊️ ENFJ🍓
佛系追星人🌟
這裡主要分享每日日常的小廢文
-
💣 ʙᴛꜱ 🐱
💎 ꜱᴇᴠᴇɴᴛᴇᴇɴ 🍚
🚪 ʙᴏʏɴᴇxᴛᴅᴏᴏʀ 🦁
🌏 ᴏɴᴇᴜꜱ 🌙
🥕 ᴍᴀᴍᴀᴍᴏᴏ🌟
🐺 &ᴛᴇᴀᴍ 🍓
-
🍒 ᴄʜᴜᴇɪʟɪʏᴜ 최립우🍒",business,,skipped,
taoarmy_9527,是宣萱哦(⁎⁍̴̛ᴗ⁍̴̛⁎)🍑,"齁🥺中了一張簽名海報🥹💓
然後很好笑 不知道是運氣好還是不好
另外一場我的號碼是26號
結果22到27都中合照 海報或拍立得唯獨我沒中😍
我直接天選之人欸這運氣也是沒誰了吧☺️",2025-12-26 17:53:00,"ᴛᴀɪᴛᴜɴɢ 🇹🇼 01z ♊️ ENFJ🍓
佛系追星人🌟
這裡主要分享每日日常的小廢文
-
💣 ʙᴛꜱ 🐱
💎 ꜱᴇᴠᴇɴᴛᴇᴇɴ 🍚
🚪 ʙᴏʏɴᴇxᴛᴅᴏᴏʀ 🦁
🌏 ᴏɴᴇᴜꜱ 🌙
🥕 ᴍᴀᴍᴀᴍᴏᴏ🌟
🐺 &ᴛᴇᴀᴍ 🍓
-
🍒 ᴄʜᴜᴇɪʟɪʏᴜ 최립우🍒",business,,skipped,
taoarmy_9527,是宣萱哦(⁎⁍̴̛ᴗ⁍̴̛⁎)🍑,"喔崔立于的字很適合放在崔立于的照片上（蛤
試著隨便放個幾張 喔真的還不錯欸☺️
字的顏色一定要選弟弟喜歡的橘色是吧哩哺🧡",2025-12-26 00:37:00,"ᴛᴀɪᴛᴜɴɢ 🇹🇼 01z ♊️ ENFJ🍓
佛系追星人🌟
這裡主要分享每日日常的小廢文
-
💣 ʙᴛꜱ 🐱
💎 ꜱᴇᴠᴇɴᴛᴇᴇɴ 🍚
🚪 ʙᴏʏɴᴇxᴛᴅᴏᴏʀ 🦁
🌏 ᴏɴᴇᴜꜱ 🌙
🥕 ᴍᴀᴍᴀᴍᴏᴏ🌟
🐺 &ᴛᴇᴀᴍ 🍓
-
🍒 ᴄʜᴜᴇɪʟɪʏᴜ 최립우🍒",business,,skipped,
taoarmy_9527,是宣萱哦(⁎⁍̴̛ᴗ⁍̴̛⁎)🍑,"音樂中心的金PD✨
今天上傳了立于跟岡旻當特別MC那次的照片🥹
齁呦怎麼會有兩個小可愛🥺💓
（我真的很喜歡看他拍偶像的幕後側拍🤣）",2025-12-25 20:39:00,"ᴛᴀɪᴛᴜɴɢ 🇹🇼 01z ♊️ ENFJ🍓
佛系追星人🌟
這裡主要分享每日日常的小廢文
-
💣 ʙᴛꜱ 🐱
💎 ꜱᴇᴠᴇɴᴛᴇᴇɴ 🍚
🚪 ʙᴏʏɴᴇxᴛᴅᴏᴏʀ 🦁
🌏 ᴏɴᴇᴜꜱ 🌙
🥕 ᴍᴀᴍᴀᴍᴏᴏ🌟
🐺 &ᴛᴇᴀᴍ 🍓
-
🍒 ᴄʜᴜᴇɪʟɪʏᴜ 최립우🍒",business,,skipped,
taoarmy_9527,是宣萱哦(⁎⁍̴̛ᴗ⁍̴̛⁎)🍑,"一個餘震把睡著的我給震醒了😇
能量釋放我知道但非得大半夜嗎…🥲",2025-12-25 03:55:00,"ᴛᴀɪᴛᴜɴɢ 🇹🇼 01z ♊️ ENFJ🍓
佛系追星人🌟
這裡主要分享每日日常的小廢文
-
💣 ʙᴛꜱ 🐱
💎 ꜱᴇᴠᴇɴᴛᴇᴇɴ 🍚
🚪 ʙᴏʏɴᴇxᴛᴅᴏᴏʀ 🦁
🌏 ᴏɴᴇᴜꜱ 🌙
🥕 ᴍᴀᴍᴀᴍᴏᴏ🌟
🐺 &ᴛᴇᴀᴍ 🍓
-
🍒 ᴄʜᴜᴇɪʟɪʏᴜ 최립우🍒",business,,skipped,
taoarmy_9527,是宣萱哦(⁎⁍̴̛ᴗ⁍̴̛⁎)🍑,放一張崔哩哺🐰與聖誕樹🎄的九宮格📷,2025-12-25 01:57:00,"ᴛᴀɪᴛᴜɴɢ 🇹🇼 01z ♊️ ENFJ🍓
佛系追星人🌟
這裡主要分享每日日常的小廢文
-
💣 ʙᴛꜱ 🐱
💎 ꜱᴇᴠᴇɴᴛᴇᴇɴ 🍚
🚪 ʙᴏʏɴᴇxᴛᴅᴏᴏʀ 🦁
🌏 ᴏɴᴇᴜꜱ 🌙
🥕 ᴍᴀᴍᴀᴍᴏᴏ🌟
🐺 &ᴛᴇᴀᴍ 🍓
-
🍒 ᴄʜᴜᴇɪʟɪʏᴜ 최립우🍒",business,,skipped,
taoarmy_9527,是宣萱哦(⁎⁍̴̛ᴗ⁍̴̛⁎)🍑,齁誰叫崔哩哺唱愛你的 我給你滿分💯,2025-12-25 00:18:00,"ᴛᴀɪᴛᴜɴɢ 🇹🇼 01z ♊️ ENFJ🍓
佛系追星人🌟
這裡主要分享每日日常的小廢文
-
💣 ʙᴛꜱ 🐱
💎 ꜱᴇᴠᴇɴᴛᴇᴇɴ 🍚
🚪 ʙᴏʏɴᴇxᴛᴅᴏᴏʀ 🦁
🌏 ᴏɴᴇᴜꜱ 🌙
🥕 ᴍᴀᴍᴀᴍᴏᴏ🌟
🐺 &ᴛᴇᴀᴍ 🍓
-
🍒 ᴄʜᴜᴇɪʟɪʏᴜ 최립우🍒",business,,skipped,
taoarmy_9527,是宣萱哦(⁎⁍̴̛ᴗ⁍̴̛⁎)🍑,"我沒有想知道。
崔立于與綠鯉魚與驢。",2025-12-25 00:17:00,"ᴛᴀɪᴛᴜɴɢ 🇹🇼 01z ♊️ ENFJ🍓
佛系追星人🌟
這裡主要分享每日日常的小廢文
-
💣 ʙᴛꜱ 🐱
💎 ꜱᴇᴠᴇɴᴛᴇᴇɴ 🍚
🚪 ʙᴏʏɴᴇxᴛᴅᴏᴏʀ 🦁
🌏 ᴏɴᴇᴜꜱ 🌙
🥕 ᴍᴀᴍᴀᴍᴏᴏ🌟
🐺 &ᴛᴇᴀᴍ 🍓
-
🍒 ᴄʜᴜᴇɪʟɪʏᴜ 최립우🍒",business,,skipped,
taoarmy_9527,是宣萱哦(⁎⁍̴̛ᴗ⁍̴̛⁎)🍑,"好 哩哺這段直接榮登今日最可愛🙂‍↕️👌🏻
這直播有一半時間我都一直在說好可愛🤣",2025-12-25 00:00:00,"ᴛᴀɪᴛᴜɴɢ 🇹🇼 01z ♊️ ENFJ🍓
佛系追星人🌟
這裡主要分享每日日常的小廢文
-
💣 ʙᴛꜱ 🐱
💎 ꜱᴇᴠᴇɴᴛᴇᴇɴ 🍚
🚪 ʙᴏʏɴᴇxᴛᴅᴏᴏʀ 🦁
🌏 ᴏɴᴇᴜꜱ 🌙
🥕 ᴍᴀᴍᴀᴍᴏᴏ🌟
🐺 &ᴛᴇᴀᴍ 🍓
-
🍒 ᴄʜᴜᴇɪʟɪʏᴜ 최립우🍒",business,,skipped,
taoarmy_9527,是宣萱哦(⁎⁍̴̛ᴗ⁍̴̛⁎)🍑,"測試測試 崔老師準備要上課了 今天要教畫畫✍️
試問：
崔老師在片中總共「啊」了幾次 「哪」了幾次？",2025-12-24 23:24:00,"ᴛᴀɪᴛᴜɴɢ 🇹🇼 01z ♊️ ENFJ🍓
佛系追星人🌟
這裡主要分享每日日常的小廢文
-
💣 ʙᴛꜱ 🐱
💎 ꜱᴇᴠᴇɴᴛᴇᴇɴ 🍚
🚪 ʙᴏʏɴᴇxᴛᴅᴏᴏʀ 🦁
🌏 ᴏɴᴇᴜꜱ 🌙
🥕 ᴍᴀᴍᴀᴍᴏᴏ🌟
🐺 &ᴛᴇᴀᴍ 🍓
-
🍒 ᴄʜᴜᴇɪʟɪʏᴜ 최립우🍒",business,,skipped,
taoarmy_9527,是宣萱哦(⁎⁍̴̛ᴗ⁍̴̛⁎)🍑,"放一個崔哩哺在這裡削鉛筆✏️
到底為什麼連削鉛筆都可以那麼可愛…☺️",2025-12-24 23:17:00,"ᴛᴀɪᴛᴜɴɢ 🇹🇼 01z ♊️ ENFJ🍓
佛系追星人🌟
這裡主要分享每日日常的小廢文
-
💣 ʙᴛꜱ 🐱
💎 ꜱᴇᴠᴇɴᴛᴇᴇɴ 🍚
🚪 ʙᴏʏɴᴇxᴛᴅᴏᴏʀ 🦁
🌏 ᴏɴᴇᴜꜱ 🌙
🥕 ᴍᴀᴍᴀᴍᴏᴏ🌟
🐺 &ᴛᴇᴀᴍ 🍓
-
🍒 ᴄʜᴜᴇɪʟɪʏᴜ 최립우🍒",business,,skipped,
taoarmy_9527,是宣萱哦(⁎⁍̴̛ᴗ⁍̴̛⁎)🍑,"這段超好笑 那個笑聲有夠可愛我要發瘋🆘
崔哩哺超像小朋友做錯事在傻笑 超可愛😭",2025-12-24 23:04:00,"ᴛᴀɪᴛᴜɴɢ 🇹🇼 01z ♊️ ENFJ🍓
佛系追星人🌟
這裡主要分享每日日常的小廢文
-
💣 ʙᴛꜱ 🐱
💎 ꜱᴇᴠᴇɴᴛᴇᴇɴ 🍚
🚪 ʙᴏʏɴᴇxᴛᴅᴏᴏʀ 🦁
🌏 ᴏɴᴇᴜꜱ 🌙
🥕 ᴍᴀᴍᴀᴍᴏᴏ🌟
🐺 &ᴛᴇᴀᴍ 🍓
-
🍒 ᴄʜᴜᴇɪʟɪʏᴜ 최립우🍒",business,,skipped,
taoarmy_9527,是宣萱哦(⁎⁍̴̛ᴗ⁍̴̛⁎)🍑,"我弟說我的房間沒事 才怪非常有事
我的🍮🐶🐰倒了🥲💔
然後🍮🐶的照片還壓到了…",2025-12-24 22:10:00,"ᴛᴀɪᴛᴜɴɢ 🇹🇼 01z ♊️ ENFJ🍓
佛系追星人🌟
這裡主要分享每日日常的小廢文
-
💣 ʙᴛꜱ 🐱
💎 ꜱᴇᴠᴇɴᴛᴇᴇɴ 🍚
🚪 ʙᴏʏɴᴇxᴛᴅᴏᴏʀ 🦁
🌏 ᴏɴᴇᴜꜱ 🌙
🥕 ᴍᴀᴍᴀᴍᴏᴏ🌟
🐺 &ᴛᴇᴀᴍ 🍓
-
🍒 ᴄʜᴜᴇɪʟɪʏᴜ 최립우🍒",business,,skipped,
taoarmy_9527,是宣萱哦(⁎⁍̴̛ᴗ⁍̴̛⁎)🍑,"震央在我家我要發瘋 超級大走路都沒辦法走
哦我走不了 我剛剛在梯子的最上面^_^
沒事 我很好 我有扶著窗戶沒摔下來👌🏻
各位注意安全 啊我不知道我房間會有多慘
等一下回去看就知道了 （我的周邊希望沒事^_^",2025-12-24 18:16:00,"ᴛᴀɪᴛᴜɴɢ 🇹🇼 01z ♊️ ENFJ🍓
佛系追星人🌟
這裡主要分享每日日常的小廢文
-
💣 ʙᴛꜱ 🐱
💎 ꜱᴇᴠᴇɴᴛᴇᴇɴ 🍚
🚪 ʙᴏʏɴᴇxᴛᴅᴏᴏʀ 🦁
🌏 ᴏɴᴇᴜꜱ 🌙
🥕 ᴍᴀᴍᴀᴍᴏᴏ🌟
🐺 &ᴛᴇᴀᴍ 🍓
-
🍒 ᴄʜᴜᴇɪʟɪʏᴜ 최립우🍒",business,,skipped,
taoarmy_9527,是宣萱哦(⁎⁍̴̛ᴗ⁍̴̛⁎)🍑,我剛剛在梯子上批土給我大地震我差點摔下來^_^,2025-12-24 17:49:00,"ᴛᴀɪᴛᴜɴɢ 🇹🇼 01z ♊️ ENFJ🍓
佛系追星人🌟
這裡主要分享每日日常的小廢文
-
💣 ʙᴛꜱ 🐱
💎 ꜱᴇᴠᴇɴᴛᴇᴇɴ 🍚
🚪 ʙᴏʏɴᴇxᴛᴅᴏᴏʀ 🦁
🌏 ᴏɴᴇᴜꜱ 🌙
🥕 ᴍᴀᴍᴀᴍᴏᴏ🌟
🐺 &ᴛᴇᴀᴍ 🍓
-
🍒 ᴄʜᴜᴇɪʟɪʏᴜ 최립우🍒",business,,skipped,
taoarmy_9527,是宣萱哦(⁎⁍̴̛ᴗ⁍̴̛⁎)🍑,我要賭展覽週邊會開線上還是先買線下再說,2025-12-24 00:45:00,"ᴛᴀɪᴛᴜɴɢ 🇹🇼 01z ♊️ ENFJ🍓
佛系追星人🌟
這裡主要分享每日日常的小廢文
-
💣 ʙᴛꜱ 🐱
💎 ꜱᴇᴠᴇɴᴛᴇᴇɴ 🍚
🚪 ʙᴏʏɴᴇxᴛᴅᴏᴏʀ 🦁
🌏 ᴏɴᴇᴜꜱ 🌙
🥕 ᴍᴀᴍᴀᴍᴏᴏ🌟
🐺 &ᴛᴇᴀᴍ 🍓
-
🍒 ᴄʜᴜᴇɪʟɪʏᴜ 최립우🍒",business,,skipped,
taoarmy_9527,是宣萱哦(⁎⁍̴̛ᴗ⁍̴̛⁎)🍑,"怎麼突然就開脆了🧐
兒子幫媽媽拓展事業版圖嗎真孝順🥰
然後順便看看脆上的我們在說什麼跟上時事是吧",2025-12-23 21:54:00,"ᴛᴀɪᴛᴜɴɢ 🇹🇼 01z ♊️ ENFJ🍓
佛系追星人🌟
這裡主要分享每日日常的小廢文
-
💣 ʙᴛꜱ 🐱
💎 ꜱᴇᴠᴇɴᴛᴇᴇɴ 🍚
🚪 ʙᴏʏɴᴇxᴛᴅᴏᴏʀ 🦁
🌏 ᴏɴᴇᴜꜱ 🌙
🥕 ᴍᴀᴍᴀᴍᴏᴏ🌟
🐺 &ᴛᴇᴀᴍ 🍓
-
🍒 ᴄʜᴜᴇɪʟɪʏᴜ 최립우🍒",business,,skipped,
taoarmy_9527,是宣萱哦(⁎⁍̴̛ᴗ⁍̴̛⁎)🍑,"欸崔立于你不用擔心你會沒粉絲
我活到100歲我也會一直喜歡你
打從遇見你那刻我完全沒想離開
我只會越來越愛你越來越喜歡你
請你記得你是一個值得被愛的人",2025-12-22 23:50:00,"ᴛᴀɪᴛᴜɴɢ 🇹🇼 01z ♊️ ENFJ🍓
佛系追星人🌟
這裡主要分享每日日常的小廢文
-
💣 ʙᴛꜱ 🐱
💎 ꜱᴇᴠᴇɴᴛᴇᴇɴ 🍚
🚪 ʙᴏʏɴᴇxᴛᴅᴏᴏʀ 🦁
🌏 ᴏɴᴇᴜꜱ 🌙
🥕 ᴍᴀᴍᴀᴍᴏᴏ🌟
🐺 &ᴛᴇᴀᴍ 🍓
-
🍒 ᴄʜᴜᴇɪʟɪʏᴜ 최립우🍒",business,,skipped,
taoarmy_9527,是宣萱哦(⁎⁍̴̛ᴗ⁍̴̛⁎)🍑,"哩哺的攝影展真的有欸在12/25-31（一個禮拜）
如果出週邊商品的話我的錢包真的會被痛擊
不是 公司是看我們粉絲都有錢人嗎
那還真的是太看得起我們了（買 都買
崔立于你真的是我追過最神奇的愛豆…
昨天才說要辦攝影展今天就出來資訊了
先來賭一月中會有台灣場（拜託來台灣ㅠㅠ
是說 當初小家在吃火鍋的時候
崔哩哺有拿相機拍照 照片有可能在展覽出現嗎",2025-12-22 13:22:00,"ᴛᴀɪᴛᴜɴɢ 🇹🇼 01z ♊️ ENFJ🍓
佛系追星人🌟
這裡主要分享每日日常的小廢文
-
💣 ʙᴛꜱ 🐱
💎 ꜱᴇᴠᴇɴᴛᴇᴇɴ 🍚
🚪 ʙᴏʏɴᴇxᴛᴅᴏᴏʀ 🦁
🌏 ᴏɴᴇᴜꜱ 🌙
🥕 ᴍᴀᴍᴀᴍᴏᴏ🌟
🐺 &ᴛᴇᴀᴍ 🍓
-
🍒 ᴄʜᴜᴇɪʟɪʏᴜ 최립우🍒",business,,skipped,
taoarmy_9527,是宣萱哦(⁎⁍̴̛ᴗ⁍̴̛⁎)🍑,"崔立于既然你有滑脆 看一下這篇 
鹹酥雞之約還記得嗎？
你要不要台北場現場抽幾位送鹹酥雞
還是你找一場請在座各位一人一份
你不能發地瓜薯條 因為我要發（但我發一點而已",2025-12-22 00:26:00,"ᴛᴀɪᴛᴜɴɢ 🇹🇼 01z ♊️ ENFJ🍓
佛系追星人🌟
這裡主要分享每日日常的小廢文
-
💣 ʙᴛꜱ 🐱
💎 ꜱᴇᴠᴇɴᴛᴇᴇɴ 🍚
🚪 ʙᴏʏɴᴇxᴛᴅᴏᴏʀ 🦁
🌏 ᴏɴᴇᴜꜱ 🌙
🥕 ᴍᴀᴍᴀᴍᴏᴏ🌟
🐺 &ᴛᴇᴀᴍ 🍓
-
🍒 ᴄʜᴜᴇɪʟɪʏᴜ 최립우🍒",business,,skipped,
taoarmy_9527,是宣萱哦(⁎⁍̴̛ᴗ⁍̴̛⁎)🍑,"喔 我要改發地瓜薯條 感覺吃比較飽
我看場外好像有賣鹹酥雞的店可以買
晚點來問問能不能先預訂好了
怕見面會開始了我的地瓜薯條還沒好😍",2025-12-21 23:31:00,"ᴛᴀɪᴛᴜɴɢ 🇹🇼 01z ♊️ ENFJ🍓
佛系追星人🌟
這裡主要分享每日日常的小廢文
-
💣 ʙᴛꜱ 🐱
💎 ꜱᴇᴠᴇɴᴛᴇᴇɴ 🍚
🚪 ʙᴏʏɴᴇxᴛᴅᴏᴏʀ 🦁
🌏 ᴏɴᴇᴜꜱ 🌙
🥕 ᴍᴀᴍᴀᴍᴏᴏ🌟
🐺 &ᴛᴇᴀᴍ 🍓
-
🍒 ᴄʜᴜᴇɪʟɪʏᴜ 최립우🍒",business,,skipped,
taoarmy_9527,是宣萱哦(⁎⁍̴̛ᴗ⁍̴̛⁎)🍑,崔寶寶全中文採訪✨語速依然快的驚人🤣,2025-12-21 18:16:00,"ᴛᴀɪᴛᴜɴɢ 🇹🇼 01z ♊️ ENFJ🍓
佛系追星人🌟
這裡主要分享每日日常的小廢文
-
💣 ʙᴛꜱ 🐱
💎 ꜱᴇᴠᴇɴᴛᴇᴇɴ 🍚
🚪 ʙᴏʏɴᴇxᴛᴅᴏᴏʀ 🦁
🌏 ᴏɴᴇᴜꜱ 🌙
🥕 ᴍᴀᴍᴀᴍᴏᴏ🌟
🐺 &ᴛᴇᴀᴍ 🍓
-
🍒 ᴄʜᴜᴇɪʟɪʏᴜ 최립우🍒",business,,skipped,
taoarmy_9527,是宣萱哦(⁎⁍̴̛ᴗ⁍̴̛⁎)🍑,糊圖出來了 中間那張好可愛…我的錢包在哭了,2025-12-21 17:20:00,"ᴛᴀɪᴛᴜɴɢ 🇹🇼 01z ♊️ ENFJ🍓
佛系追星人🌟
這裡主要分享每日日常的小廢文
-
💣 ʙᴛꜱ 🐱
💎 ꜱᴇᴠᴇɴᴛᴇᴇɴ 🍚
🚪 ʙᴏʏɴᴇxᴛᴅᴏᴏʀ 🦁
🌏 ᴏɴᴇᴜꜱ 🌙
🥕 ᴍᴀᴍᴀᴍᴏᴏ🌟
🐺 &ᴛᴇᴀᴍ 🍓
-
🍒 ᴄʜᴜᴇɪʟɪʏᴜ 최립우🍒",business,,skipped,
taoarmy_9527,是宣萱哦(⁎⁍̴̛ᴗ⁍̴̛⁎)🍑,恭喜哩哺本帳離40萬追蹤更進一步 38萬了🥳,2025-12-21 00:20:00,"ᴛᴀɪᴛᴜɴɢ 🇹🇼 01z ♊️ ENFJ🍓
佛系追星人🌟
這裡主要分享每日日常的小廢文
-
💣 ʙᴛꜱ 🐱
💎 ꜱᴇᴠᴇɴᴛᴇᴇɴ 🍚
🚪 ʙᴏʏɴᴇxᴛᴅᴏᴏʀ 🦁
🌏 ᴏɴᴇᴜꜱ 🌙
🥕 ᴍᴀᴍᴀᴍᴏᴏ🌟
🐺 &ᴛᴇᴀᴍ 🍓
-
🍒 ᴄʜᴜᴇɪʟɪʏᴜ 최립우🍒",business,,skipped,
taoarmy_9527,是宣萱哦(⁎⁍̴̛ᴗ⁍̴̛⁎)🍑,"完蛋 好多崔立于 這裡全部要組200個…加油☺️
台北場見面會之前我會努力完成加工的😇",2025-12-20 23:05:00,"ᴛᴀɪᴛᴜɴɢ 🇹🇼 01z ♊️ ENFJ🍓
佛系追星人🌟
這裡主要分享每日日常的小廢文
-
💣 ʙᴛꜱ 🐱
💎 ꜱᴇᴠᴇɴᴛᴇᴇɴ 🍚
🚪 ʙᴏʏɴᴇxᴛᴅᴏᴏʀ 🦁
🌏 ᴏɴᴇᴜꜱ 🌙
🥕 ᴍᴀᴍᴀᴍᴏᴏ🌟
🐺 &ᴛᴇᴀᴍ 🍓
-
🍒 ᴄʜᴜᴇɪʟɪʏᴜ 최립우🍒",business,,skipped,
taoarmy_9527,是宣萱哦(⁎⁍̴̛ᴗ⁍̴̛⁎)🍑,崔哩哺第一天飯咪辛苦了💓,2025-12-20 22:11:00,"ᴛᴀɪᴛᴜɴɢ 🇹🇼 01z ♊️ ENFJ🍓
佛系追星人🌟
這裡主要分享每日日常的小廢文
-
💣 ʙᴛꜱ 🐱
💎 ꜱᴇᴠᴇɴᴛᴇᴇɴ 🍚
🚪 ʙᴏʏɴᴇxᴛᴅᴏᴏʀ 🦁
🌏 ᴏɴᴇᴜꜱ 🌙
🥕 ᴍᴀᴍᴀᴍᴏᴏ🌟
🐺 &ᴛᴇᴀᴍ 🍓
-
🍒 ᴄʜᴜᴇɪʟɪʏᴜ 최립우🍒",business,,skipped,
taoarmy_9527,是宣萱哦(⁎⁍̴̛ᴗ⁍̴̛⁎)🍑,"我真的要瘋 這段超好看 金桐儇嗚嗚嗚😭
謝謝MMA的運鏡讓我看得很爽🥰🫶🏻",2025-12-20 22:06:00,"ᴛᴀɪᴛᴜɴɢ 🇹🇼 01z ♊️ ENFJ🍓
佛系追星人🌟
這裡主要分享每日日常的小廢文
-
💣 ʙᴛꜱ 🐱
💎 ꜱᴇᴠᴇɴᴛᴇᴇɴ 🍚
🚪 ʙᴏʏɴᴇxᴛᴅᴏᴏʀ 🦁
🌏 ᴏɴᴇᴜꜱ 🌙
🥕 ᴍᴀᴍᴀᴍᴏᴏ🌟
🐺 &ᴛᴇᴀᴍ 🍓
-
🍒 ᴄʜᴜᴇɪʟɪʏᴜ 최립우🍒",business,,skipped,
taoarmy_9527,是宣萱哦(⁎⁍̴̛ᴗ⁍̴̛⁎)🍑,"不可能還有吧 到底要收幾張特典😍
目前還有很多日期還空著不會也是要準備簽售吧
還是空著的努力簽親簽專（哩哺辛苦了辛苦了🙂‍↕️
但是特典卡沒糊圖 這是要賭博了嗎☺️",2025-12-20 21:36:00,"ᴛᴀɪᴛᴜɴɢ 🇹🇼 01z ♊️ ENFJ🍓
佛系追星人🌟
這裡主要分享每日日常的小廢文
-
💣 ʙᴛꜱ 🐱
💎 ꜱᴇᴠᴇɴᴛᴇᴇɴ 🍚
🚪 ʙᴏʏɴᴇxᴛᴅᴏᴏʀ 🦁
🌏 ᴏɴᴇᴜꜱ 🌙
🥕 ᴍᴀᴍᴀᴍᴏᴏ🌟
🐺 &ᴛᴇᴀᴍ 🍓
-
🍒 ᴄʜᴜᴇɪʟɪʏᴜ 최립우🍒",business,,skipped,
taoarmy_9527,是宣萱哦(⁎⁍̴̛ᴗ⁍̴̛⁎)🍑,"欸有人要崔立于男寶展覽沖洗照片嗎 
一張$180（收來價）
因為看著看著突然發現不燒了哈哈哈🥰
全收>多收>單收 匯款>貨付 
現貨🉑馬上出",2025-12-20 13:08:00,"ᴛᴀɪᴛᴜɴɢ 🇹🇼 01z ♊️ ENFJ🍓
佛系追星人🌟
這裡主要分享每日日常的小廢文
-
💣 ʙᴛꜱ 🐱
💎 ꜱᴇᴠᴇɴᴛᴇᴇɴ 🍚
🚪 ʙᴏʏɴᴇxᴛᴅᴏᴏʀ 🦁
🌏 ᴏɴᴇᴜꜱ 🌙
🥕 ᴍᴀᴍᴀᴍᴏᴏ🌟
🐺 &ᴛᴇᴀᴍ 🍓
-
🍒 ᴄʜᴜᴇɪʟɪʏᴜ 최립우🍒",business,,skipped,
taoarmy_9527,是宣萱哦(⁎⁍̴̛ᴗ⁍̴̛⁎)🍑,"重新發 剛剛忘記還有其他的…便宜隨緣售
之後還會繼續發 買太多東西了ㅋㅋ
—BOYLIFE日專 全專 $150/1—
拆完>全收>單收 可協助分開寄送
🉑匯款/貨付 🈚️包手 全現貨
—BOYLIFE日專專卡一套 $150（有兩套）—
—BOYLIFE日專透卡一套$60（有兩套）—
—BOYLIFE日專雙人卡 $30/1—
—BOYLIFE 特典一套 $600（圖5、6）—
—No Genre 日通特典卡一套 $650—",2025-12-20 12:18:00,"ᴛᴀɪᴛᴜɴɢ 🇹🇼 01z ♊️ ENFJ🍓
佛系追星人🌟
這裡主要分享每日日常的小廢文
-
💣 ʙᴛꜱ 🐱
💎 ꜱᴇᴠᴇɴᴛᴇᴇɴ 🍚
🚪 ʙᴏʏɴᴇxᴛᴅᴏᴏʀ 🦁
🌏 ᴏɴᴇᴜꜱ 🌙
🥕 ᴍᴀᴍᴀᴍᴏᴏ🌟
🐺 &ᴛᴇᴀᴍ 🍓
-
🍒 ᴄʜᴜᴇɪʟɪʏᴜ 최립우🍒",business,,skipped,
taoarmy_9527,是宣萱哦(⁎⁍̴̛ᴗ⁍̴̛⁎)🍑,崔哩哺的第二座獎盃來了🥹💓,2025-12-20 10:22:00,"ᴛᴀɪᴛᴜɴɢ 🇹🇼 01z ♊️ ENFJ🍓
佛系追星人🌟
這裡主要分享每日日常的小廢文
-
💣 ʙᴛꜱ 🐱
💎 ꜱᴇᴠᴇɴᴛᴇᴇɴ 🍚
🚪 ʙᴏʏɴᴇxᴛᴅᴏᴏʀ 🦁
🌏 ᴏɴᴇᴜꜱ 🌙
🥕 ᴍᴀᴍᴀᴍᴏᴏ🌟
🐺 &ᴛᴇᴀᴍ 🍓
-
🍒 ᴄʜᴜᴇɪʟɪʏᴜ 최립우🍒",business,,skipped,
taoarmy_9527,是宣萱哦(⁎⁍̴̛ᴗ⁍̴̛⁎)🍑,"從一開始的不確定到現在走出屬於自己的花路
崔立于你真的很好很棒很優秀很努力很勇敢
明天是你出道後的第一場FM 希望你一切順利🍀
還是很不切實際吧 就這樣出道了
想到當初你第十名我以為我之後會很難再找到你
以為你會從此回歸正常人的生活
謝謝你謝謝公司不放棄機會再努力拼一次
賽後的一切真的還是覺得很不可思議
通告採訪接不完 甚至還solo出道
首週專輯銷量破十萬 MV兩週破500萬瀏覽
這就是你努力的成果你看到了嗎你真的值得
現在你可以不用懷疑自己是否能做到了
你一個人就能做出這樣的成績真的很厲害了
我希望你在未來只落下幸福的眼淚
賽時的一切雖然痛苦但也化作另股力量讓你前進
現在的你已經不是以前的崔立于了
現在的你已經成為最閃耀的鑽石了
真的讓當初看不起你的人都閉嘴了
最後 謝謝你選擇當偶像 站在這裡與我們相見💓",2025-12-19 22:42:00,"ᴛᴀɪᴛᴜɴɢ 🇹🇼 01z ♊️ ENFJ🍓
佛系追星人🌟
這裡主要分享每日日常的小廢文
-
💣 ʙᴛꜱ 🐱
💎 ꜱᴇᴠᴇɴᴛᴇᴇɴ 🍚
🚪 ʙᴏʏɴᴇxᴛᴅᴏᴏʀ 🦁
🌏 ᴏɴᴇᴜꜱ 🌙
🥕 ᴍᴀᴍᴀᴍᴏᴏ🌟
🐺 &ᴛᴇᴀᴍ 🍓
-
🍒 ᴄʜᴜᴇɪʟɪʏᴜ 최립우🍒",business,,skipped,
xuan___0308,湊崎紗夏老公,A-Lin懂哦,2026-01-01 05:46:00,𝕟𝕠 𝕤𝕒𝕟𝕒 𝕟𝕠 𝕝𝕚𝕗𝕖,not_enough_posts,,skipped,
1010energetic_.tw,gnittiia_(:,"4點從墾丁出發旭海
沿路拉帽子跟大家說新年快樂
謝謝有回我ㄉ可愛人類
啊如果有被我嚇到
怪人在這邊跟各位致歉ㄌ
但我真的忍不住
好想跟大家說新年快樂
(ฅ´ω`ฅ)",2026-01-01 06:06:00,拿來滑大型社群的小帳,pass,,non_depression_risk_user,
1010energetic_.tw,gnittiia_(:,"跨年環島日記
12/30 Day1
早上6:00下大夜直衝(請勿模仿)
回家拿行李整備一下
8:10
林口開始下雨一路下到永安
11:20
到白沙屯 下來吃了串香米腸跟咖啡
風很大很冷 邊騎邊抖
13:40
台中清水的全家小瞇30分鐘
16:35
抵達嘉義或火車站附近住宿
18:06
出門買晚餐
19:06
完食準備洗澡
明天路線終點是墾丁
要來洗洗睡ㄌ",2025-12-30 19:30:00,拿來滑大型社群的小帳,pass,,non_depression_risk_user,
1010energetic_.tw,gnittiia_(:,"剛騎西濱經過新竹
雲很厚但聽到很多戰鬥機飛過去的聲音
抬頭看沒看到飛機本機
好多咻咻聲🥺",2025-12-30 12:01:00,拿來滑大型社群的小帳,pass,,non_depression_risk_user,
1010energetic_.tw,gnittiia_(:,"代友徵
不知道這樣徵不徵得到🤣🤣🤣
真的受不了他暈船後就忘了兄弟
見色忘
汪汪 汪汪汪汪 汪
拜託讓他脫單吧！！！！",2025-12-27 13:15:00,拿來滑大型社群的小帳,pass,,non_depression_risk_user,
1010energetic_.tw,gnittiia_(:,留著看軍人還是有希望的（？,2025-12-21 09:51:00,拿來滑大型社群的小帳,pass,,non_depression_risk_user,
1010energetic_.tw,gnittiia_(:,人家活該有戀愛談 情商好高 學習一下🥲,2025-12-21 09:45:00,拿來滑大型社群的小帳,pass,,non_depression_risk_user,
my_polo__,逸🦅,"去二寮看第一道曙光的各位，我們提早開始營業嘍，冷得要死下山必須來碗牛肉湯吧！
地址：臺南市關廟區南雄路二段27號
關廟牛舍牛肉湯",2026-01-01 05:21:00,"只有想不通的人，沒有過不去的坎。
roma_gt_8827 🏍️",business,,skipped,
my_polo__,逸🦅,有人知道這什麼車嗎？,2025-12-24 21:43:00,"只有想不通的人，沒有過不去的坎。
roma_gt_8827 🏍️",business,,skipped,
my_polo__,逸🦅,"關廟牛舍牛肉湯
徵工作夥伴
時薪 200 排班制
夜校工讀生可
地址：臺南市關廟區南雄路二段27號
意者營業時間店洽 (am6:00~pm2:00)
聯絡電話-0900492573",2025-12-23 15:42:00,"只有想不通的人，沒有過不去的坎。
roma_gt_8827 🏍️",business,,skipped,
my_polo__,逸🦅,"《關廟牛舍牛肉湯》
今日限定12/21消費滿500送牛腩拼盤送完為止
地址臺南市關廟區南雄路二段27號",2025-12-21 09:39:00,"只有想不通的人，沒有過不去的坎。
roma_gt_8827 🏍️",business,,skipped,
my_polo__,逸🦅,"關廟牛舍牛肉湯
徵工作夥伴
時薪 200 排班制
夜校工讀生可
地址：臺南市關廟區南雄路二段27號
意者營業時間店洽 (am6:00~pm2:00)
聯絡電話-0900492573",2025-12-19 08:33:00,"只有想不通的人，沒有過不去的坎。
roma_gt_8827 🏍️",business,,skipped,
yun__jia,姚,在阿里山等日出 真的快要冷死 結果一直吃東西⋯,2026-01-01 05:31:00,北漂中的臺中雜質,pass,,non_depression_risk_user,
yun__jia,姚,今年第一次一直被葡萄傳說推播到⋯是要我注意什麼嗎,2025-12-31 15:50:00,北漂中的臺中雜質,pass,,non_depression_risk_user,
yun__jia,姚,"我只是照著指示撕開⋯夾鏈袋直接不見
不可能只有我撕成這樣⋯吧⋯？",2025-12-27 20:10:00,北漂中的臺中雜質,pass,,non_depression_risk_user,
yun__jia,姚,是我對大的定義錯了嗎🙃,2025-12-27 18:02:00,北漂中的臺中雜質,pass,,non_depression_risk_user,
yun__jia,姚,打開留言一滑：天秤都很擊掰,2025-12-26 14:57:00,北漂中的臺中雜質,pass,,non_depression_risk_user,
yun__jia,姚,"朋友都覺得很奇怪 我家庭那麼幸福
為什麼還會不想結婚
甚至覺得遇不到理想中的感情
後來發現是因為我爸媽感情太好
+他們真的對我太好
世界上根本不可能遇到第三個這樣對我的人😆
今天本來又是要搭高鐵北上上班的blue Monday
一早起來我爸突然跟我說：「我放1000在你錢包裡喔」
我：「為什麼？」
我爸：「補貼你啊」
？？？？26歲全職社畜還能被補貼⋯
確定能那麼幸福嗎🥹
痛哭流涕😭😭😭",2025-12-22 18:08:00,北漂中的臺中雜質,pass,,non_depression_risk_user,
suphxnsaa_,suphansa,🙇🏻‍♀️,2025-12-31 10:30:00,🌻,not_enough_posts,,skipped,
suphxnsaa_,suphansa,😇,2025-12-23 20:29:00,🌻,not_enough_posts,,skipped,
cosmic0628,Jiong Hsing Chen,#張惠妹 #花東 #跨年 #台東海濱公園 #insta360,2026-01-01 05:30:00,,not_enough_posts,,skipped,
yulin_208,Yu Lin,A-Lin根本跨年主持MVP又這麼會唱歌,2026-01-01 05:36:00,,not_enough_posts,,skipped,
yulin_208,Yu Lin,"這已經不是一場演唱會了
整場看到下巴掉下來
好喜歡那隻普發Money 的豬
那一本書也好驚艷
最後那一尊出來超震撼",2025-12-31 15:49:00,,not_enough_posts,,skipped,
yanhua2019,鹽花,"啊啊啊好可愛好呆萌的🐿️
🫳🫳🫳🫳🐿️",2025-12-21 23:00:00,Doran全肯定。,non_life,,skipped,
yanhua2019,鹽花,"一邊念一邊害羞的🐿️
還有🐈‍⬛下不去的顴骨🥰",2025-12-21 21:41:00,Doran全肯定。,non_life,,skipped,
yanhua2019,鹽花,"🐿️圓圓的腦袋🥹
東張西望真的好可愛🥰",2025-12-21 21:30:00,Doran全肯定。,non_life,,skipped,
yanhua2019,鹽花,在越南的🐿️好好看😍,2025-12-21 21:14:00,Doran全肯定。,non_life,,skipped,
yanhua2019,鹽花,哎可愛鼠,2025-12-21 19:47:00,Doran全肯定。,non_life,,skipped,
yanhua2019,鹽花,"這麼自然
平常肯定沒少這麼做😏",2025-12-21 19:45:00,Doran全肯定。,non_life,,skipped,
yanhua2019,鹽花,"會開這個帳號
是因為本帳的主題不適合發瘋
一直拿🐈‍⬛🐿️來煩男友又有點抱歉
結果發現小帳還是有點害羞哈哈哈",2025-12-21 16:00:00,Doran全肯定。,non_life,,skipped,
yanhua2019,鹽花,"考古殼蘭tag
不敢想像殼蘭民這一整年過得有多幸福
🐈‍⬛🐿️對彼此明目張膽的偏愛🥰",2025-12-21 10:09:00,Doran全肯定。,non_life,,skipped,
yanhua2019,鹽花,"假設🐈‍⬛🐿️在越南住同一間
出門時🐿️還在睡
🐈‍⬛應該不會拉上他
但會發pho的照片饞🐿️
如果🐿️想吃也有時間
🐈‍⬛會帶著🐿️再吃一次吧
(以上全是猜測，參考自身邊♉♋的親友們🫠)",2025-12-21 03:35:00,Doran全肯定。,non_life,,skipped,
yanhua2019,鹽花,"因為昨天的事情難過
吃一點🐈‍⬛🐿️糖心情又好起來了
你們用同一個行李箱是嗎🥰
不管是不是我先嗑了",2025-12-20 17:27:00,Doran全肯定。,non_life,,skipped,
yanhua2019,鹽花,"好可愛的孩子們
捲成一團的萌萌🐿️🐈",2025-12-20 14:38:00,Doran全肯定。,non_life,,skipped,
yanhua2019,鹽花,"蘭不在那個畫面裡……
身為蘭媽有億點點心痛🫠",2025-12-19 20:08:00,Doran全肯定。,non_life,,skipped,
yanhua2019,鹽花,"確定了…蘭真的沒去😭
等了一整天的🐿️……",2025-12-19 18:02:00,Doran全肯定。,non_life,,skipped,
yanhua2019,鹽花,"蘭究竟會不會參加頒獎典禮
好焦慮⋯⋯",2025-12-19 17:42:00,Doran全肯定。,non_life,,skipped,
yanhua2019,鹽花,"為了西裝🐈‍⬛而寫🥰
雙向暗戀",2025-12-19 08:28:00,Doran全肯定。,non_life,,skipped,
yanhua2019,鹽花,"殼蘭文蘭瘋狂發🍬
嗑到懷疑哥幾個有KPI
姨母笑到臉頰痠
第一次遇到這種天天往嘴裡塞🍬的
甚至嗑得都有點累
太幸福了吧
如果早點認識🐿️就好了
錯過好多",2025-12-19 01:08:00,Doran全肯定。,non_life,,skipped,
yanhua2019,鹽花,好帥🫠,2025-12-18 14:26:00,Doran全肯定。,non_life,,skipped,
yanhua2019,鹽花,"🐈‍⬛問🐨為什麼不喝星冰樂
拿著星冰樂的🐿️就躲到旁邊😂
這🐿️被鏡頭拍到時嘴巴還在嚼嚼
如果🐿️沒有扔掉飲料
🐈‍⬛大概接著就要開始逗🐿️
問他為什麼喝星冰樂🥰",2025-12-18 14:23:00,Doran全肯定。,non_life,,skipped,
aidj_123,aidj_123,在2026年的第一天你們又遇到了卡爾，但這次是你們最後一次見面,2026-01-01 05:07:00,Oi,not_enough_posts,,skipped,
aidj_123,aidj_123,當現實追上了動漫，第一次看到刀劍神域彷彿還在昨天，還記得小時候的暑假，我掰著手指頭算我和桐人差幾歲，幻想我也是其中的一個角色。,2025-12-25 04:06:00,Oi,not_enough_posts,,skipped,
cclemon_0929,小檸檬♡,"小檸檬㊗️大家2026新年快樂🎆
我的第一個跨年📍台北101",2026-01-01 06:04:00,,business,,skipped,
cclemon_0929,小檸檬♡,"♡20251229
我已經滿三個月囉๑◔◡◔๑
這個月不用去打預防針好開心ఇ",2025-12-30 21:08:00,,business,,skipped,
cclemon_0929,小檸檬♡,"聽說Threads漲粉很快
有個小小目標 希望ig粉絲破150人
我爸爸媽媽都會帶我出去玩
歡迎大家追蹤我IG 
\親子♡旅遊♡居家♡/
✨IG+Threads 雙追
✨IG+Threads 雙追
✨IG+Threads 雙追
育兒、美食、旅遊、購物、寵物帳號會回追喲❤️",2025-12-29 02:19:00,,business,,skipped,
