username,display_name,post_content,post_date,bio,gemini_account_type_result,human_account_type_result,gemini_user_status_label,human_user_status_label
lovelyhome____,可愛小舖傢飾傢俱生活館,"缺貨已久的升級款粉白電競椅已到貨
台中實體門市現貨 可以試坐 官網可以下單💕",2025/12/19 09:00,"💫好康ㄟ家居產品隆底加
💫台中有實體門市歡迎來逛逛
📍實體門市：台中市大雅區中山路179號
🕙營業時間：週一～週六10:00～18:00
（週日休息 不要撲空唷）😆",business,,skipped,
lovelyhome____,可愛小舖傢飾傢俱生活館,"深夜福利出清 台中實體門市現貨👍基本售完就不會補囉 剛好需要沙發的各位朋友們參考看看 💕
沙發兩款 塑膠椅一款 數量皆都剩不多
皆為箱裝全新品",2025/12/18 22:47,"💫好康ㄟ家居產品隆底加
💫台中有實體門市歡迎來逛逛
📍實體門市：台中市大雅區中山路179號
🕙營業時間：週一～週六10:00～18:00
（週日休息 不要撲空唷）😆",business,,skipped,
lovelyhome____,可愛小舖傢飾傢俱生活館,"要買就買大加大款的120*186 門市價2300
兩色都有現貨 兩人坐不擁擠 點主頁看更多💕",2025/12/18 10:37,"💫好康ㄟ家居產品隆底加
💫台中有實體門市歡迎來逛逛
📍實體門市：台中市大雅區中山路179號
🕙營業時間：週一～週六10:00～18:00
（週日休息 不要撲空唷）😆",business,,skipped,
lovelyhome____,可愛小舖傢飾傢俱生活館,"這些門市皆有現貨 12/25號 門市正常營業💕
各式居家商品 需要的朋友們參考看看👍",2025/12/18 10:24,"💫好康ㄟ家居產品隆底加
💫台中有實體門市歡迎來逛逛
📍實體門市：台中市大雅區中山路179號
🕙營業時間：週一～週六10:00～18:00
（週日休息 不要撲空唷）😆",business,,skipped,
lovelyhome____,可愛小舖傢飾傢俱生活館,鞋櫃兩色目前現貨 台中實體門市今天營業到六點唷💕,2025/12/18 09:46,"💫好康ㄟ家居產品隆底加
💫台中有實體門市歡迎來逛逛
📍實體門市：台中市大雅區中山路179號
🕙營業時間：週一～週六10:00～18:00
（週日休息 不要撲空唷）😆",business,,skipped,
lovelyhome____,可愛小舖傢飾傢俱生活館,"台中實體門市現貨 鞋櫃三層洗衣籃皆有現貨
今天門市營業到到六點唷👍",2025/12/18 08:43,"💫好康ㄟ家居產品隆底加
💫台中有實體門市歡迎來逛逛
📍實體門市：台中市大雅區中山路179號
🕙營業時間：週一～週六10:00～18:00
（週日休息 不要撲空唷）😆",business,,skipped,
lovelyhome____,可愛小舖傢飾傢俱生活館,台中實體門市現貨 現場可試坐👍官網可下單,2025/12/17 17:47,"💫好康ㄟ家居產品隆底加
💫台中有實體門市歡迎來逛逛
📍實體門市：台中市大雅區中山路179號
🕙營業時間：週一～週六10:00～18:00
（週日休息 不要撲空唷）😆",business,,skipped,
lovelyhome____,可愛小舖傢飾傢俱生活館,請問脆的陌生訊息 電腦版沒辦法直接做回覆嗎,2025/12/17 14:03,"💫好康ㄟ家居產品隆底加
💫台中有實體門市歡迎來逛逛
📍實體門市：台中市大雅區中山路179號
🕙營業時間：週一～週六10:00～18:00
（週日休息 不要撲空唷）😆",business,,skipped,
lovelyhome____,可愛小舖傢飾傢俱生活館,"找書桌升降桌的朋友們參考這裡看看 💕
款式多 台中實體門市現貨 👍 現場看完取貨或官網下單宅配都可以 下單後一律都是當天寄出👍",2025/12/17 10:11,"💫好康ㄟ家居產品隆底加
💫台中有實體門市歡迎來逛逛
📍實體門市：台中市大雅區中山路179號
🕙營業時間：週一～週六10:00～18:00
（週日休息 不要撲空唷）😆",business,,skipped,
lovelyhome____,可愛小舖傢飾傢俱生活館,"陽台戶外木紋地板 台中實體門市大量現貨👍
需要的朋友們參考看看現貨現貨💕",2025/12/17 10:05,"💫好康ㄟ家居產品隆底加
💫台中有實體門市歡迎來逛逛
📍實體門市：台中市大雅區中山路179號
🕙營業時間：週一～週六10:00～18:00
（週日休息 不要撲空唷）😆",business,,skipped,
lovelyhome____,可愛小舖傢飾傢俱生活館,"門市資訊請參考主頁😊提醒詐騙猖獗 有不少圖文皆被盜用 請認定我們只有這個五萬粉+藍勾勾帳號 其它都不是唷💕
門市週一到週六皆正常營業 任何購買都可以直接截圖私IG都會盡快回覆👍",2025/12/17 09:57,"💫好康ㄟ家居產品隆底加
💫台中有實體門市歡迎來逛逛
📍實體門市：台中市大雅區中山路179號
🕙營業時間：週一～週六10:00～18:00
（週日休息 不要撲空唷）😆",business,,skipped,
lovelyhome____,可愛小舖傢飾傢俱生活館,"熱銷款的粉白色賽車款電競椅只要1千多 全新坐墊有感加厚升級 粉白預計週五就要到貨 其餘顏色台中實體門市皆有現貨 此款賽車電競椅 一律免運費宅配寄送 購買直接私訊即可💕
黑紅 黑灰麻布 粉白 一共三色👍",2025/12/17 09:55,"💫好康ㄟ家居產品隆底加
💫台中有實體門市歡迎來逛逛
📍實體門市：台中市大雅區中山路179號
🕙營業時間：週一～週六10:00～18:00
（週日休息 不要撲空唷）😆",business,,skipped,
lovelyhome____,可愛小舖傢飾傢俱生活館,"目前鞋櫃 洗衣籃皆為現貨 電競椅現貨
台中實體門市今天正常營業 今天營業到六點
官網 下單皆為現貨今日寄出 👍",2025/12/17 09:47,"💫好康ㄟ家居產品隆底加
💫台中有實體門市歡迎來逛逛
📍實體門市：台中市大雅區中山路179號
🕙營業時間：週一～週六10:00～18:00
（週日休息 不要撲空唷）😆",business,,skipped,
lovelyhome____,可愛小舖傢飾傢俱生活館,"居家質感提升不需要花大錢 花冤枉錢 💕
電動式升降桌 感應式垃圾桶 目前門市超熱銷
電動沙發 毛毛蟲沙發 人體工學椅 皆有現貨",2025/12/16 18:43,"💫好康ㄟ家居產品隆底加
💫台中有實體門市歡迎來逛逛
📍實體門市：台中市大雅區中山路179號
🕙營業時間：週一～週六10:00～18:00
（週日休息 不要撲空唷）😆",business,,skipped,
lovelyhome____,可愛小舖傢飾傢俱生活館,"現在做生意已經不容易　還要面對各種詐騙😞
台灣人真的全是長不大的小孩嗎．．．",2025/12/16 16:43,"💫好康ㄟ家居產品隆底加
💫台中有實體門市歡迎來逛逛
📍實體門市：台中市大雅區中山路179號
🕙營業時間：週一～週六10:00～18:00
（週日休息 不要撲空唷）😆",business,,skipped,
lovelyhome____,可愛小舖傢飾傢俱生活館,電競桌 秒開鐵架 台中實體門市現貨💕,2025/12/16 16:05,"💫好康ㄟ家居產品隆底加
💫台中有實體門市歡迎來逛逛
📍實體門市：台中市大雅區中山路179號
🕙營業時間：週一～週六10:00～18:00
（週日休息 不要撲空唷）😆",business,,skipped,
lovelyhome____,可愛小舖傢飾傢俱生活館,"帶燈款公仔櫃黑色 奶油色 兩色現貨 💕
購物拉車 電腦椅 露營桌 餐櫃 升降桌 地板貼
今天門市營業到六點唷👍",2025/12/16 12:40,"💫好康ㄟ家居產品隆底加
💫台中有實體門市歡迎來逛逛
📍實體門市：台中市大雅區中山路179號
🕙營業時間：週一～週六10:00～18:00
（週日休息 不要撲空唷）😆",business,,skipped,
lovelyhome____,可愛小舖傢飾傢俱生活館,"找居家好物的朋友們看一下這裡👍👍
沙發床 公仔櫃 電腦椅 四門收納櫃 電競桌
穿鞋椅 購物拉車 電動沙發 現場皆有展示 💕
官網下單一律當天寄出😊",2025/12/16 12:26,"💫好康ㄟ家居產品隆底加
💫台中有實體門市歡迎來逛逛
📍實體門市：台中市大雅區中山路179號
🕙營業時間：週一～週六10:00～18:00
（週日休息 不要撲空唷）😆",business,,skipped,
lovelyhome____,可愛小舖傢飾傢俱生活館,"護腰坐墊990？？不用 直接對折再低就能買到
高級舒適的老闆椅 台中實體門市現貨 皆可試坐 還有穿鞋椅 各式公仔櫃 電競椅 點我主頁有網站唷👍",2025/12/16 11:53,"💫好康ㄟ家居產品隆底加
💫台中有實體門市歡迎來逛逛
📍實體門市：台中市大雅區中山路179號
🕙營業時間：週一～週六10:00～18:00
（週日休息 不要撲空唷）😆",business,,skipped,
lovelyhome____,可愛小舖傢飾傢俱生活館,"書桌 電競桌 皆已到貨 台中實體門市現貨👍
今天營業到六點唷💕",2025/12/16 11:43,"💫好康ㄟ家居產品隆底加
💫台中有實體門市歡迎來逛逛
📍實體門市：台中市大雅區中山路179號
🕙營業時間：週一～週六10:00～18:00
（週日休息 不要撲空唷）😆",business,,skipped,
lovelyhome____,可愛小舖傢飾傢俱生活館,"免安裝摺疊鐵架 沙漠玫瑰色明天到貨💕
上批熱銷完售 這次三個尺寸皆有補貨到 👍
三層358 四層490 五層599 現貨自取價
宅配寄送一律都有運費唷☺️",2025/12/15 14:19,"💫好康ㄟ家居產品隆底加
💫台中有實體門市歡迎來逛逛
📍實體門市：台中市大雅區中山路179號
🕙營業時間：週一～週六10:00～18:00
（週日休息 不要撲空唷）😆",business,,skipped,
lovelyhome____,可愛小舖傢飾傢俱生活館,現貨現在是兩門兩抽的 參考看看 今天營業到六點 💕,2025/12/15 13:04,"💫好康ㄟ家居產品隆底加
💫台中有實體門市歡迎來逛逛
📍實體門市：台中市大雅區中山路179號
🕙營業時間：週一～週六10:00～18:00
（週日休息 不要撲空唷）😆",business,,skipped,
lovelyhome____,可愛小舖傢飾傢俱生活館,"官網全部設置完畢 可線上結單 當日寄出
需要的朋友們都直接私IG 感謝各位💕💕
訊息有遺漏的再多傳幾次下感謝唷👍
粉絲數後面也有🔗可以直接點過去👌",2025/12/15 12:38,"💫好康ㄟ家居產品隆底加
💫台中有實體門市歡迎來逛逛
📍實體門市：台中市大雅區中山路179號
🕙營業時間：週一～週六10:00～18:00
（週日休息 不要撲空唷）😆",business,,skipped,
lovelyhome____,可愛小舖傢飾傢俱生活館,"陽台戶外木紋地板 台中實體門市大量現貨 
需要的朋友們參考看看 都是可以剪裁的👍",2025/12/15 12:33,"💫好康ㄟ家居產品隆底加
💫台中有實體門市歡迎來逛逛
📍實體門市：台中市大雅區中山路179號
🕙營業時間：週一～週六10:00～18:00
（週日休息 不要撲空唷）😆",business,,skipped,
lovelyhome____,可愛小舖傢飾傢俱生活館,"岩板餐櫃目前現貨唷 上下座的 一套45公斤
台中實體門市現貨 需要的朋友們參考看看",2025/12/15 12:24,"💫好康ㄟ家居產品隆底加
💫台中有實體門市歡迎來逛逛
📍實體門市：台中市大雅區中山路179號
🕙營業時間：週一～週六10:00～18:00
（週日休息 不要撲空唷）😆",business,,skipped,
lovelyhome____,可愛小舖傢飾傢俱生活館,"大L貓抓板 附玩具鈴鐺 現貨已到貨 💕
大型購物拉車 75L 可斜拉有置杯架 可折疊 
兩色現貨 門市週一到週六皆正常營業👍",2025/12/15 12:10,"💫好康ㄟ家居產品隆底加
💫台中有實體門市歡迎來逛逛
📍實體門市：台中市大雅區中山路179號
🕙營業時間：週一～週六10:00～18:00
（週日休息 不要撲空唷）😆",business,,skipped,
lovelyhome____,可愛小舖傢飾傢俱生活館,"三合一衣架明天到貨 需要的朋友們參考看看
護腰電腦椅990已快完售 懶人沙發床599
各式居家實用好商品 右滑參考看看💕",2025/12/15 12:00,"💫好康ㄟ家居產品隆底加
💫台中有實體門市歡迎來逛逛
📍實體門市：台中市大雅區中山路179號
🕙營業時間：週一～週六10:00～18:00
（週日休息 不要撲空唷）😆",business,,skipped,
lovelyhome____,可愛小舖傢飾傢俱生活館,"台中實體門市 週一到週六 皆有營業唷💕
各式電競椅 鞋櫃 岩板餐櫃 收納櫃籃 現貨",2025/12/15 11:51,"💫好康ㄟ家居產品隆底加
💫台中有實體門市歡迎來逛逛
📍實體門市：台中市大雅區中山路179號
🕙營業時間：週一～週六10:00～18:00
（週日休息 不要撲空唷）😆",business,,skipped,
lovelyhome____,可愛小舖傢飾傢俱生活館,這是詐騙 我們只有這個5.3萬粉加藍勾勾的帳號 其餘一率都不是 也不會主動私訊客戶 請勿受騙🙏 我們有自己的官網 或 蝦皮 需要的朋友們都可以私訊我們 👍 有些朋友要貨到付款的也可以 都可以直接私訊我們,2025/12/15 11:35,"💫好康ㄟ家居產品隆底加
💫台中有實體門市歡迎來逛逛
📍實體門市：台中市大雅區中山路179號
🕙營業時間：週一～週六10:00～18:00
（週日休息 不要撲空唷）😆",business,,skipped,
lovelyhome____,可愛小舖傢飾傢俱生活館,"目前私訊已經盡快回覆中 感謝各位支持 🙏
提醒詐騙猖獗 有不少圖文皆被盜用 我們只有一個5.3萬藍勾勾的帳號 IG2.4萬 請各位要留意一下唷👍",2025/12/14 11:51,"💫好康ㄟ家居產品隆底加
💫台中有實體門市歡迎來逛逛
📍實體門市：台中市大雅區中山路179號
🕙營業時間：週一～週六10:00～18:00
（週日休息 不要撲空唷）😆",business,,skipped,
lovelyhome____,可愛小舖傢飾傢俱生活館,"塑膠的也有 一片28元 一箱40片1050自取價
寄送1100含運 台中實體門市現貨💕💕",2025/12/13 15:57,"💫好康ㄟ家居產品隆底加
💫台中有實體門市歡迎來逛逛
📍實體門市：台中市大雅區中山路179號
🕙營業時間：週一～週六10:00～18:00
（週日休息 不要撲空唷）😆",business,,skipped,
lovelyhome____,可愛小舖傢飾傢俱生活館,"免花大錢就能擁有超質感的感應垃圾桶 / 人體工學電腦椅 電競椅 老闆椅 台中實體門市現貨 
線上下單也可以 通通都可以宅配👍👍👍",2025/12/13 15:37,"💫好康ㄟ家居產品隆底加
💫台中有實體門市歡迎來逛逛
📍實體門市：台中市大雅區中山路179號
🕙營業時間：週一～週六10:00～18:00
（週日休息 不要撲空唷）😆",business,,skipped,
lovelyhome____,可愛小舖傢飾傢俱生活館,"木地板今天已經有人來一箱一箱的載了唷💕
雙層的沙發移動邊桌 整體穩固 床上桌都有現貨 ➡️滑看看 今天營業到六點唷👍",2025/12/13 12:32,"💫好康ㄟ家居產品隆底加
💫台中有實體門市歡迎來逛逛
📍實體門市：台中市大雅區中山路179號
🕙營業時間：週一～週六10:00～18:00
（週日休息 不要撲空唷）😆",business,,skipped,
lovelyhome____,可愛小舖傢飾傢俱生活館,"戶外陽台木紋地板 需要的朋友們參考看看
台中實體門市現貨💕 週一到週六皆有營業唷",2025/12/13 10:33,"💫好康ㄟ家居產品隆底加
💫台中有實體門市歡迎來逛逛
📍實體門市：台中市大雅區中山路179號
🕙營業時間：週一～週六10:00～18:00
（週日休息 不要撲空唷）😆",business,,skipped,
lovelyhome____,可愛小舖傢飾傢俱生活館,"床上桌 40*60大款 已到貨 台中實體門市現貨
今天營業到六點唷💕",2025/12/13 09:52,"💫好康ㄟ家居產品隆底加
💫台中有實體門市歡迎來逛逛
📍實體門市：台中市大雅區中山路179號
🕙營業時間：週一～週六10:00～18:00
（週日休息 不要撲空唷）😆",business,,skipped,
lovelyhome____,可愛小舖傢飾傢俱生活館,"圖一剩一套 是可以平躺當沙發床的 👍
圖三也剩一套 需要的朋友們看看出清 
台中大雅可自取 急可直接傳IG感謝 🙏",2025/12/12 16:45,"💫好康ㄟ家居產品隆底加
💫台中有實體門市歡迎來逛逛
📍實體門市：台中市大雅區中山路179號
🕙營業時間：週一～週六10:00～18:00
（週日休息 不要撲空唷）😆",business,,skipped,
lovelyhome____,可愛小舖傢飾傢俱生活館,電競椅 改動三點式扶手加厚升級 台中實體門市現貨 黑紅皮革 黑灰麻布 更多資訊請參考主頁💕,2025/12/12 15:37,"💫好康ㄟ家居產品隆底加
💫台中有實體門市歡迎來逛逛
📍實體門市：台中市大雅區中山路179號
🕙營業時間：週一～週六10:00～18:00
（週日休息 不要撲空唷）😆",business,,skipped,
lovelyhome____,可愛小舖傢飾傢俱生活館,"隨便看看 居家門市一角 公仔櫃 鞋櫃
置物櫃 穿鞋椅 升降桌 電腦椅 三層推車 電動升降桌 門市週一到週六皆有營業♥️",2025/12/11 18:48,"💫好康ㄟ家居產品隆底加
💫台中有實體門市歡迎來逛逛
📍實體門市：台中市大雅區中山路179號
🕙營業時間：週一～週六10:00～18:00
（週日休息 不要撲空唷）😆",business,,skipped,
lovelyhome____,可愛小舖傢飾傢俱生活館,"店內一角 各式居家收納用品 超高CP值
任何問題 可以私訊我們IG唷😆",2025/12/11 18:46,"💫好康ㄟ家居產品隆底加
💫台中有實體門市歡迎來逛逛
📍實體門市：台中市大雅區中山路179號
🕙營業時間：週一～週六10:00～18:00
（週日休息 不要撲空唷）😆",business,,skipped,
lovelyhome____,可愛小舖傢飾傢俱生活館,店內一角 參考看看 台中實體門市現貨,2025/12/11 18:44,"💫好康ㄟ家居產品隆底加
💫台中有實體門市歡迎來逛逛
📍實體門市：台中市大雅區中山路179號
🕙營業時間：週一～週六10:00～18:00
（週日休息 不要撲空唷）😆",business,,skipped,
lovelyhome____,可愛小舖傢飾傢俱生活館,"無線手持吸塵器 檢驗合格 禮盒包裝 台中實體門市現貨 最後一張有車上實用整體非常好用
也可以超取寄送唷 💕",2025/12/11 16:32,"💫好康ㄟ家居產品隆底加
💫台中有實體門市歡迎來逛逛
📍實體門市：台中市大雅區中山路179號
🕙營業時間：週一～週六10:00～18:00
（週日休息 不要撲空唷）😆",business,,skipped,
lovelyhome____,可愛小舖傢飾傢俱生活館,"有人要找人體工學電腦椅 賽車款電競椅嗎 
台中實體門市現貨 私訊IG皆免運費寄送 👍",2025/12/11 12:21,"💫好康ㄟ家居產品隆底加
💫台中有實體門市歡迎來逛逛
📍實體門市：台中市大雅區中山路179號
🕙營業時間：週一～週六10:00～18:00
（週日休息 不要撲空唷）😆",business,,skipped,
lovelyhome____,可愛小舖傢飾傢俱生活館,"四門鞋櫃全轉現貨啦 👍 門市資訊請參考主頁😊提醒詐騙猖獗 有不少圖文皆被盜用 請認定我們只有這個五萬粉+藍勾勾帳號 其它都不是唷💕
門市週一到週六皆正常營業 任何購買都可以直接截圖私IG都會盡快回覆👍",2025/12/11 11:56,"💫好康ㄟ家居產品隆底加
💫台中有實體門市歡迎來逛逛
📍實體門市：台中市大雅區中山路179號
🕙營業時間：週一～週六10:00～18:00
（週日休息 不要撲空唷）😆",business,,skipped,
lovelyhome____,可愛小舖傢飾傢俱生活館,"轉角水杯架550 台中實體門市今天正常營業唷
主頁有更多商品歡迎點選看看 💕",2025/12/11 11:52,"💫好康ㄟ家居產品隆底加
💫台中有實體門市歡迎來逛逛
📍實體門市：台中市大雅區中山路179號
🕙營業時間：週一～週六10:00～18:00
（週日休息 不要撲空唷）😆",business,,skipped,
lovelyhome____,可愛小舖傢飾傢俱生活館,"三層洗衣籃 簡約式摺疊書桌 還加書架 超熱賣
各式電腦椅重700多到4000多都有 💕
歡迎門市現場試坐 頂天立地衣架 各式推車
私訊儘速回覆中 🙏",2025/12/11 09:34,"💫好康ㄟ家居產品隆底加
💫台中有實體門市歡迎來逛逛
📍實體門市：台中市大雅區中山路179號
🕙營業時間：週一～週六10:00～18:00
（週日休息 不要撲空唷）😆",business,,skipped,
lovelyhome____,可愛小舖傢飾傢俱生活館,"台中實體門市今天正常營業 👍 
貓抓板 購物拉車 皆有現貨 歡迎來逛逛唷",2025/12/11 09:28,"💫好康ㄟ家居產品隆底加
💫台中有實體門市歡迎來逛逛
📍實體門市：台中市大雅區中山路179號
🕙營業時間：週一～週六10:00～18:00
（週日休息 不要撲空唷）😆",business,,skipped,
lovelyhome____,可愛小舖傢飾傢俱生活館,"最近這款公仔盒 超級熱賣 超取可以四個一單
各式公仔櫃 台中實體門市現貨 點我主頁看更多👍",2025/12/10 18:12,"💫好康ㄟ家居產品隆底加
💫台中有實體門市歡迎來逛逛
📍實體門市：台中市大雅區中山路179號
🕙營業時間：週一～週六10:00～18:00
（週日休息 不要撲空唷）😆",business,,skipped,
lovelyhome____,可愛小舖傢飾傢俱生活館,"專業級 電動升降桌 帶律動燈條 桌深75公分
台中實體門市現貨 還有黑色碳纖維桌面款
實品非常有質感 找桌子的朋友們可以參考看看💕",2025/12/10 13:02,"💫好康ㄟ家居產品隆底加
💫台中有實體門市歡迎來逛逛
📍實體門市：台中市大雅區中山路179號
🕙營業時間：週一～週六10:00～18:00
（週日休息 不要撲空唷）😆",business,,skipped,
lovelyhome____,可愛小舖傢飾傢俱生活館,居家用全鐵三層推車 台中實體門市週一到週六皆有營業 任何商品皆可截圖詢問 或私我們有官網 各式電腦椅 沙發床 購物車 鞋盒都是現貨,2025/12/10 12:24,"💫好康ㄟ家居產品隆底加
💫台中有實體門市歡迎來逛逛
📍實體門市：台中市大雅區中山路179號
🕙營業時間：週一～週六10:00～18:00
（週日休息 不要撲空唷）😆",business,,skipped,
lovelyhome____,可愛小舖傢飾傢俱生活館,"鞋櫃系列 雙門款990 開放式六層款399 
私訊陸續回覆中 請稍等唷🙏 主頁有實體門市資訊💕",2025/12/10 09:09,"💫好康ㄟ家居產品隆底加
💫台中有實體門市歡迎來逛逛
📍實體門市：台中市大雅區中山路179號
🕙營業時間：週一～週六10:00～18:00
（週日休息 不要撲空唷）😆",business,,skipped,
lovelyhome____,可愛小舖傢飾傢俱生活館,"雙電機帶律動燈條款電動升降桌全面現貨💕
整體重約50幾公斤 穩固 桌面深度75公分
規格款式多種可選 台中實體門市現貨👍",2025/12/10 08:53,"💫好康ㄟ家居產品隆底加
💫台中有實體門市歡迎來逛逛
📍實體門市：台中市大雅區中山路179號
🕙營業時間：週一～週六10:00～18:00
（週日休息 不要撲空唷）😆",business,,skipped,
lovelyhome____,可愛小舖傢飾傢俱生活館,"沙發組最後出清 圖一剩三套 圖二剩最後兩套
沙發組皆為出清商品 木板若有輕微掉漆等 均為正常 實體門市營業資訊請參考主頁💕",2025/12/10 08:43,"💫好康ㄟ家居產品隆底加
💫台中有實體門市歡迎來逛逛
📍實體門市：台中市大雅區中山路179號
🕙營業時間：週一～週六10:00～18:00
（週日休息 不要撲空唷）😆",business,,skipped,
lovelyhome____,可愛小舖傢飾傢俱生活館,新款感應垃圾桶 高質感 已到台中實體門市👍,2025/12/10 08:39,"💫好康ㄟ家居產品隆底加
💫台中有實體門市歡迎來逛逛
📍實體門市：台中市大雅區中山路179號
🕙營業時間：週一～週六10:00～18:00
（週日休息 不要撲空唷）😆",business,,skipped,
lovelyhome____,可愛小舖傢飾傢俱生活館,"最熱銷款的公仔櫃皆已到貨 鞋櫃 穿鞋椅 
多款置物櫃 都是現貨 主頁有實體門市資訊💕",2025/12/10 08:37,"💫好康ㄟ家居產品隆底加
💫台中有實體門市歡迎來逛逛
📍實體門市：台中市大雅區中山路179號
🕙營業時間：週一～週六10:00～18:00
（週日休息 不要撲空唷）😆",business,,skipped,
lovelyhome____,可愛小舖傢飾傢俱生活館,"此款老闆椅 目前現貨 實品質感非常好 很好坐
目前維持2399 預計明年開始會微調價格唷
想入手的朋友們可以參考看看👍",2025/12/10 08:33,"💫好康ㄟ家居產品隆底加
💫台中有實體門市歡迎來逛逛
📍實體門市：台中市大雅區中山路179號
🕙營業時間：週一～週六10:00～18:00
（週日休息 不要撲空唷）😆",business,,skipped,
lovelyhome____,可愛小舖傢飾傢俱生活館,"熱銷款的粉白色賽車款電競椅只要1千多 全新坐墊有感加厚升級 粉白預計20幾號到貨 其餘顏色台中實體門市皆有現貨 此款賽車電競椅 一律免運費宅配寄送 購買直接私訊即可💕
黑紅 黑灰麻布 粉白 一共三色👍",2025/12/10 08:24,"💫好康ㄟ家居產品隆底加
💫台中有實體門市歡迎來逛逛
📍實體門市：台中市大雅區中山路179號
🕙營業時間：週一～週六10:00～18:00
（週日休息 不要撲空唷）😆",business,,skipped,
hong.wanzhen62,洪琬甄,彰化市街頭巷尾亂亂走,2025/12/11 13:56,,pass,,non_depression_risk_user,
hong.wanzhen62,洪琬甄,"陽光下
喝咖啡
別有一番滋味👍",2025/12/10 14:42,,pass,,non_depression_risk_user,
hong.wanzhen62,洪琬甄,"雪藏綠豆糕
包裝很美
糕點很香很醇",2025/12/9 20:49,,pass,,non_depression_risk_user,
a8312090,王文琳,"GOODBAI 店面開始在佈置上新品
櫥窗有好大的Goommy 還有棒球Goodees也出現啦～
12/20 上線喔😊
*分享自小🍠：Vivivivien",2025/12/18 23:48,,non_life,,skipped,
a8312090,王文琳,"恭喜《難哄》在#網易雲音樂2025年度音樂獎#中，榮獲三個獎項🏆
其實每一首歌都好好聽，我到現在
劇都收官多久了，還是每天都在聽😆😆",2025/12/18 17:38,,non_life,,skipped,
a8312090,王文琳,"這不同時間的笑容怎麼這麼像
一個是溫以凡，一個是章若楠
還是都是章若楠🤭🤭
圖一上面是以凡，摩天輪之吻後回家，收到桑延發給她兩人的合照，就甜甜的笑了。
下面是若楠，6-26參加Ahkah珠寶在上海的活動結束後在酒店。本來在挑選BGM,後來不知道（誰）發了信息和照片吧！她也露出了甜蜜的笑容😆
同一天，小白也在上海參加LV的活動
小白發視頻BGM是「零距離的思念」
你們說甜不甜呀～
*視頻分享自🧣：飄信惠 /蘇打水的阿姨",2025/12/18 17:07,,non_life,,skipped,
a8312090,王文琳,"大家真的要做有素質的粉絲
我後來才知道那天南京卡地亞
為什麼短短的距離要搭車，不坐車後果恐怕很難想像😰搞不好還會發生踩踏！還在場外，人在車上喔，粉絲還爆衝，到底想幹嘛！😡
若楠的也是，那個男的是怎樣（不確定是不是粉絲），是推她還是巴她！未免太大力了吧！皮在癢！欠揍👊😡
那場活動後來還被迫中斷
*視頻分享自小🍠：等雨亭
*tiktok: chuvinvin",2025/12/18 15:23,,non_life,,skipped,
a8312090,王文琳,"每一個摸臉的畫面（瞬間）
我突然覺得香港那個晚上，互相捏臉
那段（以凡說是摸一下🤣），這段兩個人的表情神韻有點像🤭
💙🩵🍃❄️💕",2025/12/18 08:00,,non_life,,skipped,
a8312090,王文琳,"GOODBAI 鞋子又有新品
這速度真的有點可怕😅
小白真的很愛芭蕾舞鞋（瑪莉珍鞋）
懂～🤭
設計概念在圖三。",2025/12/17 20:11,,non_life,,skipped,
a8312090,王文琳,"小白慰勞劇組，今天請大家吃肯德基
白老師也辛苦了，頂頂好，很溫暖
有禮貌的人。🥰
也是很盡責又貼心的品牌代言人👍
*分享自小🍠：明亮
（明亮是風華正茂劇組裡的演員副導演，就是像家豪那樣的職務）",2025/12/17 17:54,,non_life,,skipped,
a8312090,王文琳,"發現一段沒看過的視頻🤭
連男生看到小白都會緊張😆都說他帥
握手還捨不得洗手了🤣🤣
我查了發著視頻的時間是2022年12月，當時他們在宣傳天際摸高挑戰。
原來之前小白就剪過這個髮型（是不是跟好六劇宣時很像）好帥呀！
運動的男生真的很帥氣👍👍
PS.題外話，視頻最後那位小姐姐，
好像是會火那位主持人（像不？）
*分享自🧣：八角亭郵差",2025/12/17 12:37,,non_life,,skipped,
a8312090,王文琳,"昨天才分享過北京國貿地鐵站
整個廊道（兩側）全是小白肯悅咖啡的廣告。
今天就有消息說，從12/22起，在很多城市的廣場外側都會有大頻廣告喔
部份地鐵站也會有LED的廣告。
肯悅咖啡真的太給力了，給大家滿滿的小白，小白真的太權威👍👍 
一方面解解大家對小白的想念😊
內地粉絲好幸福～
（下方大頻圖片是模擬圖）
*分享自小🍠：小欣（见过白敬亭版）",2025/12/17 11:02,,non_life,,skipped,
a8312090,王文琳,"看完這個視頻，我可以肯定你真的
很！愛！吃！🤣
光是聽你說的語氣，以及對美食的讚嘆
就讓人很上頭，你可以考慮偶爾吃播一下嗎？
*視頻分享自小🍠：笺悟.",2025/12/17 08:40,,non_life,,skipped,
a8312090,王文琳,"今天真是好日子！！
除了官宣三品牌聯名之外
塔羅老師Vi來翻牌了😄😆
你們看看這牌！是不是讓人很開心🎉
*小🍠： Vi",2025/12/16 23:19,,non_life,,skipped,
a8312090,王文琳,"啊！！！ 這段視頻好近又好清楚
太好看了👀真的眼裡都要流出蜜了
甜死人，好看😍 忍不住想分享
（拜託你們放大看😆）
*🧣：愛瓜瓜的小蟹",2025/12/16 12:38,,non_life,,skipped,
a8312090,王文琳,"這個朋友拍得很完整呢！
再分享一次😊
蠻驚人的吧！跟他現在一樣
紅紅火火👍
*分享或轉發請註明出處
小🍠：是阿薇啊",2025/12/16 09:18,,non_life,,skipped,
a8312090,王文琳,"北京地鐵站，小白肯悅咖啡的廣告
這個排場也太驚人了吧！
整個通道都是他，想不認識他都很難吧！
*小紅書：熊是是",2025/12/16 08:23,,non_life,,skipped,
a8312090,王文琳,"這兩段我也感受到滿滿的幸福🥰
第一段視頻真的好像新婚夫婦住新房
兩個人嘴角都是掩不住的喜悅和甜蜜
第二段以凡終於跟桑延成為一家人
全家福的畫面太美好了💙🩵🍀❄️💕
*分享自🫘：跳跳糖少女 /🧣：Lyra星愿",2025/12/15 23:25,,non_life,,skipped,
a8312090,王文琳,"劇組的同事謝謝小白請大家喝飲料
小白是體貼又暖心的人👍😊
*分享自小🍠：w满眼都是笑",2025/12/15 22:45,,non_life,,skipped,
a8312090,王文琳,"原來小白在2019年演過微電影！
雖然只是其中一小段，但我覺得能受邀參與演出，就表示受肯定（只放小白的部份喔），演啥像啥，真的很不怕吃苦👍
**（沒有任何政治立場喔）
微電影《頭條裡的青春中國》
白敬亭飾演楊祥國—--中國人民解放軍西藏軍區某邊防團二連班長，上士軍階。
*視頻分享自小🍠：Harriet",2025/12/15 20:23,,non_life,,skipped,
a8312090,王文琳,"現在就出發這節目，現在真的少了小白不行驚嘆號！！每一集家族成員對他都唸唸叨叨的，不知道他在東北拍戲耳朵有沒有很癢 🤭
大喜說沒她好不習慣，希望他趕快回來
小胡呢幫大家買禮物時，也不忘白哥給他挑了個大肌肉舉鐵小鴨🐤😆
小白每一集都有不同笑點，就像節目組說的，他現在不是放開了，是放飛了！
綜藝效果頂頂好👍👍👍
*視頻分享自小🍠：蓝鸟的海洋 /騰訊視頻/榴莲味的露比~",2025/12/15 16:00,,non_life,,skipped,
a8312090,王文琳,"若楠助理號剛剛更新～
從開拍第一刻哭到最後一刻的一天 
下班兒咯#請看這章#
是夜戲下班了嗎？辛苦了楠楠🥲
敢快回去好好休息",2025/12/15 07:18,,non_life,,skipped,
a8312090,王文琳,"今日凌晨，若楠空降超話～
跟大家閒聊幾句，並且跟大家說拍攝已經換到第二現場囉，看到一顆很大的聖誕樹🎄分享給大家。（圖一）
重點她有強調，自己有保重身體，也沒熬夜，除非是拍夜戲，要大家別擔心。
真的是很疼愛粉絲🩵💕💕
真的要好好照顧自己🥹
祝拍攝順利💪",2025/12/15 06:48,,non_life,,skipped,
a8312090,王文琳,"吃個飯戲這麼多，真的很愛逗以凡笑
這裏不是桑延，是小白😆
第二個視頻是我想分享小白不是一直對粵語不是很自信嗎？但這一段粉絲提問，小白的回答還有語氣太逗趣了
應該增加了一點自信吧🤭🤭
*視頻分享自小🍠：落栀 /樱桃核🍒",2025/12/14 22:21,,non_life,,skipped,
a8312090,王文琳,有沒有覺得他倆難哄前和難哄後都長大、變成熟了😊,2025/12/14 19:38,,non_life,,skipped,
a8312090,王文琳,"若楠助理號更新視頻～
哈哈哈哈哈哈哈
～～～～～～～～～～～～～
嚇我一大跳（真的是嚇一跳）太黑了啦
自己說完話還笑場🤣🤣🤣
希望你像第二個視頻一樣，要一直快樂，一直美美的😍 
(第二個視頻分享自小🍠：심장)",2025/12/14 18:32,,non_life,,skipped,
a8312090,王文琳,"瞿導又來了，什麼「色心」的看著他
難怪若楠害羞看機器了🤭🤣
說真的我沒看出小白演出色心的樣子
還是挺正人君子的👍
不過回家之後那段，真的就乾柴烈火了，好看，很浪漫😊
裤裤子探班bot",2025/12/14 15:59,,non_life,,skipped,
a8312090,王文琳,"看看這位喜氣洋洋的端水大師小白
如何創作，將飾演過的角色融入虎年春聯🤭😆。
這視頻是當時拍攝卿卿日常，因無法回鄉，所以頭一次在外地過年
當時爸媽也去到橫店跟他一起過年🧧
話說這圖是真的畫得挺好看的對吧
*視頻分享自小🍠：兔兔白又白",2025/12/14 08:39,,non_life,,skipped,
a8312090,王文琳,"今年跨年晚會，因為小白在拍戲
所以不會出席喔～～
大家不要難過，小白有空一定會發發新物料給我們的🥹我們就乖乖等待吧",2025/12/14 01:09,,non_life,,skipped,
a8312090,王文琳,"經常看還是會發現一些可愛的點😄
第一個視頻我一直注意桑延的表情和眼神，小心思挺多的故意裝酷酷的
結果以凡雙手扒他胸前，桑延表情和眼神驚慌了一下🤭（仔細放大看）
第二個視頻，一開始桑延還表情很嚴肅的眼神直直盯著以凡眼睛（放大看，真的很正經八百🤭），我看才一秒他就撐不住破功，馬上害羞笑了。
第三個視頻，導演要他抱抱看能不能抱起來（拜託！小白胳膊很壯的），
小白輕鬆抱起，放下也輕輕的放下（好溫柔，貼心），以凡轉身看向桑延時，眼神和笑容好甜😍😍
*視頻分享自小🍠：落梔 /水煮魚. 
*🧣：影視劇難哄",2025/12/13 23:58,,non_life,,skipped,
a8312090,王文琳,"這兩位的哭戲都是我的媽呀😭😭
真的都好會演，天生就是要吃演員飯
看完真的太難受了
*分享自🫘：經典酷劇場 /sweet smile•",2025/12/13 21:41,,non_life,,skipped,
a8312090,王文琳,"這次現在就出發3義大利🇮🇹篇
因為騰哥和冰哥在古董市集給小白
買了禮物，因此造成了一些話題。
不僅僅是媒體有報導，也因此證明了人與人之間的美好。
人與人之間真的是有緣份存在的
之前騰哥上微博之夜，有個抽禮物環節，就抽到小白的禮物（視頻1），但騰哥更想要GOODBAI, 之後真的也穿上衣服，還戴了帽子(P4,5,6)
騰哥在義大利當時禮物都買好了
還想著該給小白買過「有意義」的禮物
但已經走到市集盡頭，於是又在逛了一下，尋思著送啥好，後來找到小印「章」，還特別說空「白的章」，小白一定會喜歡☺️🤭（視頻2、3）
真的很愛現在出發家族像一家人的感情，惺惺相惜💕💕
*視頻分享自小🍠：八花的果汁不加糖 /挑食小鬼 / 騰訊視頻",2025/12/13 15:15,,non_life,,skipped,
a8312090,王文琳,"今天是中國國家公祭日，（所以是禁娛日），因此他倆應該不會發什麼新物料，我們自己找找樂子唄～
好像不管多大年紀，看到下雪還是會很開心，甚至展露出童真的那一面
小白在橫店拍戲看到下雪很欣喜呢！
若楠就變成淘氣小女孩了，雪地打滾😄😄
突然看到有一張若楠穿古裝站在樹旁
讓我突然想到南來北往裡，小白也有類似的畫面，於是就找出來把它拼在一起😆兩個人真的不管怎樣都有東西可拼💙🩵🍃❄️💕
*視頻分享自小🍠： 延永ㄧ /榆木南枝",2025/12/13 12:36,,non_life,,skipped,
a8312090,王文琳,"若楠參與演出的古裝武俠劇「雨霖鈴」今日過審下證囉～
由正午陽光製作，共37集，優酷和騰訊待播！（預計12月下旬播出）
主演：楊洋、章若楠、方逸倫、張予曦 等
*圖片分享自微博：會火",2025/12/11 12:52,,non_life,,skipped,
a8312090,王文琳,"小白代言的肯悅咖啡新口味廣告來囉
*肯德基KFC 小紅書更新～
藏在冬日的驚喜，白店長想馬上告诉你
肯悅红蘋果家族來新朋友啦~
蘋果黄油風味拿鐵全新上市!
(好特別口味🤭好想喝喝看！黃油耶）",2025/12/11 12:26,,non_life,,skipped,
a8312090,王文琳,"難哄劇宣期，經典視頻包含若楠穿著禮服和小白兩人在樓裡奔跑🏃🏾🏃🏻‍♀️
然後會合牽手笑著奔向幸福💙🩵
但我沒看過小白奔跑前有幾秒花絮
的視頻😆不知道大家有看過嗎？ 
我突然發現走到手扶梯出現的那幕
是不是跟不眠日很像？
*視頻分享自小🍠：Happy2603
（視頻後面是作者剪輯過喔😊）",2025/12/11 09:45,,non_life,,skipped,
a8312090,王文琳,"還記得難哄的第一支預告片嗎？
在2024-6-27 戲ㄧ殺青，劇組馬上
在影視劇難哄官微放上了（片花）預告片，現在再回頭看，好有感覺…..
一看就是一場轟轟烈烈，彼此爆裂相愛的愛情故事😭
「既然沒法愛上任何人，那就窮極這一生，去愛那個死磕一輩子都還是想擁有的人」",2025/12/10 23:35,,non_life,,skipped,
a8312090,王文琳,"小白因為前幾天跳了LE SSERAFIM 的SPAGHETTI 結果上了熱搜
#白敬亭原來是韓娛弟# 
#白敬亭就这么跳遍韩娱四大社# 
於是就有了下面的視頻🤭🤭
喜歡就多跳，我們也喜歡看👀
*第三，四個視頻分享自🧣：@•池枣枣•",2025/12/10 17:45,,non_life,,skipped,
a8312090,王文琳,"導演～您說話太直白了🤣🤣🤣
但事實證明您有眼光，選人選對了
小白確實撐起了汪新這個角色。
不論是情感方面的，輕鬆微幽默的
他都詮釋的很棒👍得獎是實至名歸
第二個視頻，他先分享自己的理解和認知，溝通之後正式開拍，哇！真的會跟著他掉淚。
第三個視頻就很逗，看他演帶點輕鬆幽默的劇真的是很享受，再加上他很努力學東北話（邢導說，小白的東北話已經是以假亂真的程度）
第四視頻，分享一下南來北往定妝花絮😊
*視頻分享自🧣：@搜狐娱乐 
小🍠：白鴿愛白哥 /怀柔敬亭 /屿魚",2025/12/10 13:03,,non_life,,skipped,
a8312090,王文琳,"讓白rap陪伴你的上班路
小白真的很愛音樂🎵，愛唱歌🎤
愛唸rap, 看他最後挑眉的樣子，看來對自己這首歌的表現挺滿意的😁😁",2025/12/10 08:12,,non_life,,skipped,
a8312090,王文琳,"老闆娘你不要亂想啦！把桑延都整害羞了☺️ 我們桑延和以凡可是兩個純愛的小人，桑延只想好好守在以凡身邊保護她。☺️
其實在見到以凡的第一眼開始，桑延就已經一見鍾情，想引起對方注意，還要故意裝酷，臭屁的指路🤭
後來成為了彼此的白月光，桑延還要假借搭同路公車，每天陪伴以凡上學，還幫忙佔位置。後來一起經歷了很多事情，桑延認定以凡是他要陪伴一輩子的人。
於是兩人約定了，要一起考上南蕪大學。
他們高一到高二這段時間，真的是可可愛愛，甜甜蜜蜜的小戀人。
大家高中時期，是否也有出現一個屬於你的「桑延」☺️💙🩵🍃❄️💕
*視頻分享自🫘：@花生小剧灯 /@影视剧难哄 /@喵喵的阳光 /@爱与雅 /",2025/12/9 23:49,,non_life,,skipped,
a8312090,王文琳,"若楠尖叫之夜那天戴的耳環和項鍊
都是緞帶🎀+珍珠喔
緞帶是表示兩個人是彼此最珍貴禮物🎁
😊😊💙🩵❄️🍃💕
* MIKIMOTO上海恆隆店小🍠",2025/12/9 17:51,,non_life,,skipped,
a8312090,王文琳,"我昨天才知道，原來當時李宇春錄完「是你」，有在微博發了這段視頻🤭
這次李宇春重慶演唱會，「是你」這首歌是城市限定，只有重慶場才唱呢
是不是滿滿的回憶都在腦子裡。
現場歌迷一起跟著唱，好大聲呀～
看來真的很多人喜愛難哄💕
*第二個視頻分享自小🍠：yanae紫栩",2025/12/9 13:20,,non_life,,skipped,
a8312090,王文琳,"我現在哭點超低，動不動就想哭
這幕當奶奶說：「別叫媽，叫奶奶，
奶奶這回不糊塗了」
若楠哽咽說：好～奶奶。
我噴淚😭😭😭😭大噴淚！憋不住
那個哽咽的點好戳心，我好怕這種戲
但是又很愛看
*視頻分享自小🍠：扬媒文化",2025/12/9 11:54,,non_life,,skipped,
bala_o6_,bala_o6_,"新堀江這間糖葫蘆也太好吃了吧⋯
糖衣很脆不粘牙  草莓也很甜🍓
而且五顆都是草莓₍ˆ⠒̫ˆ◝₎੭⸒⸒",2025/12/23 00:47,碎碎念的活網仔,pass,,non_depression_risk_user,
bala_o6_,bala_o6_,不行真的太好笑了我快笑死哈哈哈哈哈哈哈,2025/12/22 23:02,碎碎念的活網仔,pass,,non_depression_risk_user,
bala_o6_,bala_o6_,"平常不會選隔日到貨
除非很急加上實體門市找不到才會用
12/13下單的 今天都還沒收到
蝦皮你猜猜我為什麼選隔日到貨🥲",2025/12/22 21:10,碎碎念的活網仔,pass,,non_depression_risk_user,
bala_o6_,bala_o6_,"買了脆上很火的止咳神器清心綠+紅
結果超澀 超級澀 喝沒兩口就倒掉了好可惜QQ
所以我根本不知道有沒有止咳的作用哈哈…",2025/12/19 21:17,碎碎念的活網仔,pass,,non_depression_risk_user,
bala_o6_,bala_o6_,"今天起床喉嚨整個怪怪的😵‍💫
狂流鼻水打噴嚏 每次換季都會大過敏🤧
但今天開始有保薪
希望表現不要太差嗚嗚
會不會狀態太差一直被卡🥺🥺",2025/12/16 20:12,碎碎念的活網仔,pass,,non_depression_risk_user,
bala_o6_,bala_o6_,"剛睡醒來記錄一下
第一天上班真的超級緊張😓
今天坐了三桌
坐第一桌的時候
我和客人說我第一天上班他不相信
麥克風就在桌上我還問學姊麥克風在哪
學姊抱歉 我真的眼殘 而且她真的超正🥹🥹
後來客人說我蠻笨的 真的第一天上班
然後就開始教我一些事情 🎉
第二桌的客人只有一個
他叫了兩大鍋火鍋來給妹妹吃
我一進去真的嚇到 還以為是這邊賣的
結果是他請少爺去外面買來的⋯
人很客氣的叫大家坐下吃飽一點
屬實沒想到上班還能吃到火鍋🍲
加上我也蠻餓的 所以我吃的很開心🥳
而且他叫了五個妹 其中一個醉倒他也沒說什麼
幹部進來說要幫他換他也說不用
而且他沒有喝酒 他喝綠茶
然後他很會唱粵語歌👏🏻
第三桌有兩個客人 前面有去其他地方喝酒
但看起來都超醉了
我一坐下客人就開始睡覺 他朋友還叫不醒
睡到我快下班才起來😂
三桌都從頭坐到尾都沒休息
一整天只喝了半杯啤酒
紀錄一下第一天就變成流水帳日記了🥺",2025/12/13 16:12,碎碎念的活網仔,pass,,non_depression_risk_user,
sksy._.0901,兪見尼眞好,嗚嗚嗚好棒第三個😭🫳🏻,2025/12/20 17:56,"我是兪見尼眞好🤡
因為原帳被鎖私帳
所以先暫時換成這支帳號
yujin 유진",non_life,,skipped,
sksy._.0901,兪見尼眞好,"今天第二個獎😭六寶真的很棒
後面有一隻安小狗🤣",2025/12/20 17:44,"我是兪見尼眞好🤡
因為原帳被鎖私帳
所以先暫時換成這支帳號
yujin 유진",non_life,,skipped,
sksy._.0901,兪見尼眞好,"台下的人到底有多幸運
可以看著六寶從面前經過😭
六個腿真的超長超級漂亮😭",2025/12/20 16:09,"我是兪見尼眞好🤡
因為原帳被鎖私帳
所以先暫時換成這支帳號
yujin 유진",non_life,,skipped,
sksy._.0901,兪見尼眞好,這段真的超級好笑六個都超可愛,2025/12/20 16:04,"我是兪見尼眞好🤡
因為原帳被鎖私帳
所以先暫時換成這支帳號
yujin 유진",non_life,,skipped,
sksy._.0901,兪見尼眞好,好多笨蛋安小狗😍🐶 好可愛我沒了😵‍💫,2025/12/19 16:40,"我是兪見尼眞好🤡
因為原帳被鎖私帳
所以先暫時換成這支帳號
yujin 유진",non_life,,skipped,
sksy._.0901,兪見尼眞好,好呆好萌的狗狗,2025/12/15 23:52,"我是兪見尼眞好🤡
因為原帳被鎖私帳
所以先暫時換成這支帳號
yujin 유진",non_life,,skipped,
sksy._.0901,兪見尼眞好,"秋天這邊真的超級可愛🫳🏻
要好好保護嗓子🙂‍↕️",2025/12/15 23:38,"我是兪見尼眞好🤡
因為原帳被鎖私帳
所以先暫時換成這支帳號
yujin 유진",non_life,,skipped,
sksy._.0901,兪見尼眞好,"超美畫面。
還有安安的臉頰肉😍🤏🏻",2025/12/15 23:28,"我是兪見尼眞好🤡
因為原帳被鎖私帳
所以先暫時換成這支帳號
yujin 유진",non_life,,skipped,
sksy._.0901,兪見尼眞好,超漂亮🫳🏻連兩天都發文😭😭,2025/12/14 12:51,"我是兪見尼眞好🤡
因為原帳被鎖私帳
所以先暫時換成這支帳號
yujin 유진",non_life,,skipped,
sksy._.0901,兪見尼眞好,從這段眼神看出很多故事...,2025/12/13 20:34,"我是兪見尼眞好🤡
因為原帳被鎖私帳
所以先暫時換成這支帳號
yujin 유진",non_life,,skipped,
sksy._.0901,兪見尼眞好,"兪眞尼你要可愛死我嗎😵‍💫
練球完看到很幸福",2025/12/13 12:27,"我是兪見尼眞好🤡
因為原帳被鎖私帳
所以先暫時換成這支帳號
yujin 유진",non_life,,skipped,
sksy._.0901,兪見尼眞好,狗狗的辮子雙馬尾很可愛🐶🫳🏻,2025/12/12 19:56,"我是兪見尼眞好🤡
因為原帳被鎖私帳
所以先暫時換成這支帳號
yujin 유진",non_life,,skipped,
sksy._.0901,兪見尼眞好,"大家好我是兪見尼眞好
@sy._.7082
@sy._.7082
因為原本的帳號被鎖私帳
所以先換成用這隻帳號來發六寶
希望這隻帳號不要有事",2025/12/12 12:45,"我是兪見尼眞好🤡
因為原帳被鎖私帳
所以先暫時換成這支帳號
yujin 유진",non_life,,skipped,
japantaiwanwater,八田與一,靠北我剛剛把王 ADEN講成王阿丹,2025/12/23 11:02,修建嘉南大圳的人 就是我八田與一 台灣水利之父 抽象已久,pass,,non_depression_risk_user,
japantaiwanwater,八田與一,如果盤子再辦一次的話 我只參加盤子再辦的金脆獎 或者他支持或指定的獎,2025/12/23 09:16,修建嘉南大圳的人 就是我八田與一 台灣水利之父 抽象已久,pass,,non_depression_risk_user,
japantaiwanwater,八田與一,我操是大佬,2025/12/23 01:59,修建嘉南大圳的人 就是我八田與一 台灣水利之父 抽象已久,pass,,non_depression_risk_user,
japantaiwanwater,八田與一,哇有雪花飄下來的聖誕特效,2025/12/23 00:16,修建嘉南大圳的人 就是我八田與一 台灣水利之父 抽象已久,pass,,non_depression_risk_user,
japantaiwanwater,八田與一,跟大家講晚安,2025/12/22 23:35,修建嘉南大圳的人 就是我八田與一 台灣水利之父 抽象已久,pass,,non_depression_risk_user,
japantaiwanwater,八田與一,給友看福利,2025/12/22 20:57,修建嘉南大圳的人 就是我八田與一 台灣水利之父 抽象已久,pass,,non_depression_risk_user,
japantaiwanwater,八田與一,<長文慎入>,2025/12/22 19:48,修建嘉南大圳的人 就是我八田與一 台灣水利之父 抽象已久,pass,,non_depression_risk_user,
japantaiwanwater,八田與一,剛剛打完 不小心刪到了啦😭,2025/12/22 18:22,修建嘉南大圳的人 就是我八田與一 台灣水利之父 抽象已久,pass,,non_depression_risk_user,
japantaiwanwater,八田與一,晚點有篇長文 闡述一下心聲,2025/12/22 18:02,修建嘉南大圳的人 就是我八田與一 台灣水利之父 抽象已久,pass,,non_depression_risk_user,
japantaiwanwater,八田與一,"每天講自己名字 Day90
八田與一",2025/12/22 15:01,修建嘉南大圳的人 就是我八田與一 台灣水利之父 抽象已久,pass,,non_depression_risk_user,
japantaiwanwater,八田與一,一聽到ㄅㄚˋ相關的字就說一聲欸不要叫不要叫爸的人 其實蠻智障的,2025/12/22 15:01,修建嘉南大圳的人 就是我八田與一 台灣水利之父 抽象已久,pass,,non_depression_risk_user,
japantaiwanwater,八田與一,中工那點歌 聽到我喜歡你跟never gonna give you up 真讚不絕口👍🏾,2025/12/22 12:34,修建嘉南大圳的人 就是我八田與一 台灣水利之父 抽象已久,pass,,non_depression_risk_user,
japantaiwanwater,八田與一,回到學校第一餐一定要吃吐司加紅茶吧！紅茶也太讓人腸道舒暢了吧！好學校（我俗辣怕約談,2025/12/22 10:00,修建嘉南大圳的人 就是我八田與一 台灣水利之父 抽象已久,pass,,non_depression_risk_user,
japantaiwanwater,八田與一,"這不是盤子（前學良角帳）辦的吧！
如果是的話應該要追蹤盤子 盤子也要追蹤吧",2025/12/22 09:39,修建嘉南大圳的人 就是我八田與一 台灣水利之父 抽象已久,pass,,non_depression_risk_user,
japantaiwanwater,八田與一,不是金脆獎沒有政治立場也沒要你的的地址 就這樣被用掉了？,2025/12/22 06:31,修建嘉南大圳的人 就是我八田與一 台灣水利之父 抽象已久,pass,,non_depression_risk_user,
japantaiwanwater,八田與一,等等認真欸 白襪 我差點以為mlbonfax,2025/12/21 23:29,修建嘉南大圳的人 就是我八田與一 台灣水利之父 抽象已久,pass,,non_depression_risk_user,
japantaiwanwater,八田與一,"對了我應該是有很多報最佳角帳獎 
雖然我不是最好的
但大家至少讓我在票選拿到6%
輸也要贏過宋楚瑜1%",2025/12/21 23:17,修建嘉南大圳的人 就是我八田與一 台灣水利之父 抽象已久,pass,,non_depression_risk_user,
japantaiwanwater,八田與一,來 請脆友喝韓國男茶,2025/12/21 21:58,修建嘉南大圳的人 就是我八田與一 台灣水利之父 抽象已久,pass,,non_depression_risk_user,
japantaiwanwater,八田與一,看一下總統任職前的節目,2025/12/21 19:38,修建嘉南大圳的人 就是我八田與一 台灣水利之父 抽象已久,pass,,non_depression_risk_user,
japantaiwanwater,八田與一,靠北剛剛洗澡想說學一下陳冠偉高壓式投球 差點把登峰造極打破,2025/12/21 18:59,修建嘉南大圳的人 就是我八田與一 台灣水利之父 抽象已久,pass,,non_depression_risk_user,
japantaiwanwater,八田與一,幼稚園一定用過的東西,2025/12/21 11:43,修建嘉南大圳的人 就是我八田與一 台灣水利之父 抽象已久,pass,,non_depression_risk_user,
japantaiwanwater,八田與一,"每天講自己名字 Day89
八田與一",2025/12/21 07:59,修建嘉南大圳的人 就是我八田與一 台灣水利之父 抽象已久,pass,,non_depression_risk_user,
japantaiwanwater,八田與一,來個中工日常 我們班導講了個冷笑話 為什麼9=10 因為石班台語是九班 瞬間穿起了外套 都在尬笑,2025/12/20 23:17,修建嘉南大圳的人 就是我八田與一 台灣水利之父 抽象已久,pass,,non_depression_risk_user,
japantaiwanwater,八田與一,老哥你怎麼還在,2025/12/20 20:17,修建嘉南大圳的人 就是我八田與一 台灣水利之父 抽象已久,pass,,non_depression_risk_user,
japantaiwanwater,八田與一,佩服我媽得知新聞的能力 她現在才知道昨天發生什麼事,2025/12/20 19:18,修建嘉南大圳的人 就是我八田與一 台灣水利之父 抽象已久,pass,,non_depression_risk_user,
japantaiwanwater,八田與一,差一個 2300😀,2025/12/20 11:40,修建嘉南大圳的人 就是我八田與一 台灣水利之父 抽象已久,pass,,non_depression_risk_user,
japantaiwanwater,八田與一,雅賢粉你們該站出來了吧！,2025/12/20 09:44,修建嘉南大圳的人 就是我八田與一 台灣水利之父 抽象已久,pass,,non_depression_risk_user,
japantaiwanwater,八田與一,"先暫時不活網了 負能量快爆表
畢竟我這帳就是想一些東西來帶給大家笑容",2025/12/19 22:52,修建嘉南大圳的人 就是我八田與一 台灣水利之父 抽象已久,pass,,non_depression_risk_user,
japantaiwanwater,八田與一,不是啊！什麼都要扯政治 你們是沒有政治就不能過活是不是 如果是發生在你們支持的黨派市長所在地 看你們會不會出來扯啦,2025/12/19 22:08,修建嘉南大圳的人 就是我八田與一 台灣水利之父 抽象已久,pass,,non_depression_risk_user,
japantaiwanwater,八田與一,看到治平高中直接上台跳舞的那個女的 就想到這個,2025/12/19 20:01,修建嘉南大圳的人 就是我八田與一 台灣水利之父 抽象已久,pass,,non_depression_risk_user,
japantaiwanwater,八田與一,台北的脆友 你們還好吧！,2025/12/19 19:35,修建嘉南大圳的人 就是我八田與一 台灣水利之父 抽象已久,pass,,non_depression_risk_user,
japantaiwanwater,八田與一,"每天講自己名字 Day88
八田與一",2025/12/19 19:14,修建嘉南大圳的人 就是我八田與一 台灣水利之父 抽象已久,pass,,non_depression_risk_user,
japantaiwanwater,八田與一,今天中工是每一個科主任都扮聖誕老人嗎？,2025/12/19 18:30,修建嘉南大圳的人 就是我八田與一 台灣水利之父 抽象已久,pass,,non_depression_risk_user,
japantaiwanwater,八田與一,幫邦迷朋友問一下 哪個人走比較難過？,2025/12/19 16:20,修建嘉南大圳的人 就是我八田與一 台灣水利之父 抽象已久,pass,,non_depression_risk_user,
japantaiwanwater,八田與一,浸泡了一天的樂高禮物盒吊飾,2025/12/19 10:16,修建嘉南大圳的人 就是我八田與一 台灣水利之父 抽象已久,pass,,non_depression_risk_user,
japantaiwanwater,八田與一,"請脆友祝她生日快樂
@ytuicy
@ytuicy",2025/12/19 09:10,修建嘉南大圳的人 就是我八田與一 台灣水利之父 抽象已久,pass,,non_depression_risk_user,
japantaiwanwater,八田與一,下次主題日邦迷看不到慶baby露肌肉了,2025/12/19 08:56,修建嘉南大圳的人 就是我八田與一 台灣水利之父 抽象已久,pass,,non_depression_risk_user,
japantaiwanwater,八田與一,"每天講自己名字 Day87
八田與一",2025/12/18 22:03,修建嘉南大圳的人 就是我八田與一 台灣水利之父 抽象已久,pass,,non_depression_risk_user,
japantaiwanwater,八田與一,突然想到明年的元旦是2020後的第一個馬假期,2025/12/18 21:25,修建嘉南大圳的人 就是我八田與一 台灣水利之父 抽象已久,pass,,non_depression_risk_user,
japantaiwanwater,八田與一,"如何判斷你今天衰嗎？
投販賣機鋁箔包沒吸管",2025/12/18 16:54,修建嘉南大圳的人 就是我八田與一 台灣水利之父 抽象已久,pass,,non_depression_risk_user,
japantaiwanwater,八田與一,他 終於回歸了,2025/12/18 12:38,修建嘉南大圳的人 就是我八田與一 台灣水利之父 抽象已久,pass,,non_depression_risk_user,
japantaiwanwater,八田與一,早餐店筷子發現裡面才一根 而且沒開封 看來他注定單身,2025/12/18 10:04,修建嘉南大圳的人 就是我八田與一 台灣水利之父 抽象已久,pass,,non_depression_risk_user,
japantaiwanwater,八田與一,問個問題 羅傑角帳你們應該不會吵架吧！你們都意外的團結 真的不會吵架嗎？,2025/12/18 07:36,修建嘉南大圳的人 就是我八田與一 台灣水利之父 抽象已久,pass,,non_depression_risk_user,
japantaiwanwater,八田與一,我們班真的是讚不絕口🤙🏾🤙🏾🤙🏾第八節人數不夠就不開課了 簡直到了登峰造極,2025/12/17 20:03,修建嘉南大圳的人 就是我八田與一 台灣水利之父 抽象已久,pass,,non_depression_risk_user,
japantaiwanwater,八田與一,"台灣人看到怪影片的第一個反應 
👉🏾
留友看
✅",2025/12/17 16:30,修建嘉南大圳的人 就是我八田與一 台灣水利之父 抽象已久,pass,,non_depression_risk_user,
japantaiwanwater,八田與一,"每天講自己名字 Day86
八田與一",2025/12/17 13:08,修建嘉南大圳的人 就是我八田與一 台灣水利之父 抽象已久,pass,,non_depression_risk_user,
japantaiwanwater,八田與一,台灣午餐特色 第一口就喝到珠珠了呢！,2025/12/17 12:24,修建嘉南大圳的人 就是我八田與一 台灣水利之父 抽象已久,pass,,non_depression_risk_user,
japantaiwanwater,八田與一,好我放到了很高的地方 應該沒人用的下來,2025/12/17 09:00,修建嘉南大圳的人 就是我八田與一 台灣水利之父 抽象已久,pass,,non_depression_risk_user,
japantaiwanwater,八田與一,不愧我打那麼久,2025/12/17 07:36,修建嘉南大圳的人 就是我八田與一 台灣水利之父 抽象已久,pass,,non_depression_risk_user,
japantaiwanwater,八田與一,台中高工 🧐我這禮拜一定要在福利社對面那牆壁留言,2025/12/16 22:46,修建嘉南大圳的人 就是我八田與一 台灣水利之父 抽象已久,pass,,non_depression_risk_user,
japantaiwanwater,八田與一,"謝謝劉皇叔讓大哥留下
原本爪迷 我覺得都快被台鋼吸引過去了 台鋼明年真的很有希望",2025/12/16 17:20,修建嘉南大圳的人 就是我八田與一 台灣水利之父 抽象已久,pass,,non_depression_risk_user,
japantaiwanwater,八田與一,"現在的脆：
1.柏智和玉姿
2. nba球員諧音梗 
3.羅傑角帳
4.
@charles_leclerc
@charles_leclerc",2025/12/16 11:06,修建嘉南大圳的人 就是我八田與一 台灣水利之父 抽象已久,pass,,non_depression_risk_user,
japantaiwanwater,八田與一,"今天很冷 來個冷笑話
為什麼大象和獅子玩躲貓貓 獅子當鬼會找不到大象？
因為大象躲得好",2025/12/16 11:03,修建嘉南大圳的人 就是我八田與一 台灣水利之父 抽象已久,pass,,non_depression_risk_user,
japantaiwanwater,八田與一,我不是gay,2025/12/15 22:16,修建嘉南大圳的人 就是我八田與一 台灣水利之父 抽象已久,pass,,non_depression_risk_user,
japantaiwanwater,八田與一,"每天講自己名字 Day85
八田與一",2025/12/15 19:32,修建嘉南大圳的人 就是我八田與一 台灣水利之父 抽象已久,pass,,non_depression_risk_user,
japantaiwanwater,八田與一,福利社的優格有草莓顆粒欸 堪稱中工幸福崴孟優格,2025/12/15 12:41,修建嘉南大圳的人 就是我八田與一 台灣水利之父 抽象已久,pass,,non_depression_risk_user,
japantaiwanwater,八田與一,不是 那隻是麥當勞叔叔吧！怎麼會在燒臘店,2025/12/15 12:14,修建嘉南大圳的人 就是我八田與一 台灣水利之父 抽象已久,pass,,non_depression_risk_user,
japantaiwanwater,八田與一,今天出企玩 母單的我去勤美🤡後面還有可愛的狗勾,2025/12/14 22:44,修建嘉南大圳的人 就是我八田與一 台灣水利之父 抽象已久,pass,,non_depression_risk_user,
japantaiwanwater,八田與一,我朋友住北屯 他第一次坐BRT問說要招手嗎？,2025/12/14 14:30,修建嘉南大圳的人 就是我八田與一 台灣水利之父 抽象已久,pass,,non_depression_risk_user,
japantaiwanwater,八田與一,在台中公車玩switch 2k25贏過多少人,2025/12/14 12:38,修建嘉南大圳的人 就是我八田與一 台灣水利之父 抽象已久,pass,,non_depression_risk_user,
japantaiwanwater,八田與一,海線人準備進城,2025/12/14 11:32,修建嘉南大圳的人 就是我八田與一 台灣水利之父 抽象已久,pass,,non_depression_risk_user,
japantaiwanwater,八田與一,放張情侶照閃死你們,2025/12/14 00:10,修建嘉南大圳的人 就是我八田與一 台灣水利之父 抽象已久,pass,,non_depression_risk_user,
japantaiwanwater,八田與一,現在才發現他今天生日 祝他生日快樂,2025/12/13 23:22,修建嘉南大圳的人 就是我八田與一 台灣水利之父 抽象已久,pass,,non_depression_risk_user,
japantaiwanwater,八田與一,現在連女生都不敢去認識的我 真是失敗,2025/12/13 23:11,修建嘉南大圳的人 就是我八田與一 台灣水利之父 抽象已久,pass,,non_depression_risk_user,
japantaiwanwater,八田與一,無聊來這個,2025/12/13 18:44,修建嘉南大圳的人 就是我八田與一 台灣水利之父 抽象已久,pass,,non_depression_risk_user,
japantaiwanwater,八田與一,"每天講自己名字 Day84
八田與一",2025/12/13 09:35,修建嘉南大圳的人 就是我八田與一 台灣水利之父 抽象已久,pass,,non_depression_risk_user,
japantaiwanwater,八田與一,蝦皮這句話 我聽到都破防了 這不是我之前的心聲嗎😭,2025/12/12 21:52,修建嘉南大圳的人 就是我八田與一 台灣水利之父 抽象已久,pass,,non_depression_risk_user,
japantaiwanwater,八田與一,看到這篇的跟你們說聲：喔~更愛你了,2025/12/12 20:42,修建嘉南大圳的人 就是我八田與一 台灣水利之父 抽象已久,pass,,non_depression_risk_user,
japantaiwanwater,八田與一,高中看朋友探探發現自己同學該怎麼辦才好？,2025/12/12 15:55,修建嘉南大圳的人 就是我八田與一 台灣水利之父 抽象已久,pass,,non_depression_risk_user,
japantaiwanwater,八田與一,脆變成了柏智的心裡話述說來源了,2025/12/12 14:31,修建嘉南大圳的人 就是我八田與一 台灣水利之父 抽象已久,pass,,non_depression_risk_user,
japantaiwanwater,八田與一,POV:當朋友叫你做你不想做的事的時候,2025/12/12 12:12,修建嘉南大圳的人 就是我八田與一 台灣水利之父 抽象已久,pass,,non_depression_risk_user,
japantaiwanwater,八田與一,"每天講自己名字 Day83
八田與一",2025/12/12 11:08,修建嘉南大圳的人 就是我八田與一 台灣水利之父 抽象已久,pass,,non_depression_risk_user,
japantaiwanwater,八田與一,好想超市🥵,2025/12/11 22:17,修建嘉南大圳的人 就是我八田與一 台灣水利之父 抽象已久,pass,,non_depression_risk_user,
japantaiwanwater,八田與一,"想知道聖誕節交換禮物該買什麼給另一半嗎？👇🏾
你又沒有 你點開幹嘛 你只看到螢幕前的那個小丑",2025/12/11 21:36,修建嘉南大圳的人 就是我八田與一 台灣水利之父 抽象已久,pass,,non_depression_risk_user,
japantaiwanwater,八田與一,吃了四碗飯,2025/12/11 19:43,修建嘉南大圳的人 就是我八田與一 台灣水利之父 抽象已久,pass,,non_depression_risk_user,
japantaiwanwater,八田與一,我加權平均才66😭 這次段考完蛋了,2025/12/11 17:50,修建嘉南大圳的人 就是我八田與一 台灣水利之父 抽象已久,pass,,non_depression_risk_user,
japantaiwanwater,八田與一,"每天講自己名字 Day82
八田與一",2025/12/11 15:09,修建嘉南大圳的人 就是我八田與一 台灣水利之父 抽象已久,pass,,non_depression_risk_user,
japantaiwanwater,八田與一,國文81致敬自己—八田與一,2025/12/11 09:41,修建嘉南大圳的人 就是我八田與一 台灣水利之父 抽象已久,pass,,non_depression_risk_user,
japantaiwanwater,八田與一,今天 美式👍🏾,2025/12/10 19:16,修建嘉南大圳的人 就是我八田與一 台灣水利之父 抽象已久,pass,,non_depression_risk_user,
japantaiwanwater,八田與一,"每天講自己名字 Day81
八田與一 
終於到了我的代表數字",2025/12/10 16:18,修建嘉南大圳的人 就是我八田與一 台灣水利之父 抽象已久,pass,,non_depression_risk_user,
japantaiwanwater,八田與一,"今天穿這套出門，竟然被工人說 穿這麼帥是要幹嘛🤣
我問號❓隨便穿餒😳",2025/12/10 14:35,修建嘉南大圳的人 就是我八田與一 台灣水利之父 抽象已久,pass,,non_depression_risk_user,
june_wu626,于君,很冷還是要冰美式（眼睛好腫）,2025/12/22 18:53,年末要當個漂漂亮亮的人！,not_enough_posts,,skipped,
xuin_64,xuin..,沒有特殊節日 男朋友還是會買蛋糕給我,2025/12/22 17:19,,pass,,non_depression_risk_user,
xuin_64,xuin..,自從你的出現我很開心每天都過的很充實也不會感到無聊謝謝你讓我的生活有了許多色彩讓我感受到滿滿的幸福,2025/12/19 01:51,,pass,,non_depression_risk_user,
xuin_64,xuin..,幸福,2025/12/12 19:07,,pass,,non_depression_risk_user,
io_612,鳳,好像不該給你貓草的….,2025/12/17 11:02,ᝰ,pass,,non_depression_risk_user,
io_612,鳳,"在跟阿嬤一起取暖的貓孫
Ps:已開窗 防火措施有做好✨",2025/12/16 21:00,ᝰ,pass,,non_depression_risk_user,
io_612,鳳,胖虎：下班的各位在幹嘛,2025/12/16 20:33,ᝰ,pass,,non_depression_risk_user,
io_612,鳳,看到我化妝驚訝的胖虎😑,2025/12/16 14:21,ᝰ,pass,,non_depression_risk_user,
io_612,鳳,胖虎：好開心姐姐跟阿嬤都在摸我,2025/12/16 11:13,ᝰ,pass,,non_depression_risk_user,
io_612,鳳,貓咪太黏阿嬤怎麼辦…,2025/12/15 13:22,ᝰ,pass,,non_depression_risk_user,
io_612,鳳,我知道你會很急但先別急,2025/12/15 11:41,ᝰ,pass,,non_depression_risk_user,
io_612,鳳,超好笑的特效 很適合去偷東西,2025/12/14 20:16,ᝰ,pass,,non_depression_risk_user,
io_612,鳳,"對了我還是想說一下 我沒有住在阿嬤家 所以胖虎的題材會比較重複一點 但我還是會每天發 謝謝你們喜歡胖虎
( ´▽` )ﾉ❤️ 附上眼睛發光的胖虎",2025/12/14 14:44,ᝰ,pass,,non_depression_risk_user,
io_612,鳳,那麼兇幹嘛！,2025/12/14 12:00,ᝰ,pass,,non_depression_risk_user,
io_612,鳳,當我不在家時爸爸也有照顧好胖虎,2025/12/14 09:23,ᝰ,pass,,non_depression_risk_user,
io_612,鳳,阿嬤在吃花生看豬哥亮 還不忘哄貓孫,2025/12/14 07:13,ᝰ,pass,,non_depression_risk_user,
io_612,鳳,"其實我不懂為什麼人要為難人 
沒辦法站別人角度去看待 只會以他看到的為準就來說  甚至直接怪 就算後面他知道他錯怪了 也沒有道歉 
多這幾千 只是心理治療費而已還不如不要",2025/12/13 18:11,ᝰ,pass,,non_depression_risk_user,
io_612,鳳,可以讓給我一點點位置嗎😑,2025/12/13 15:15,ᝰ,pass,,non_depression_risk_user,
io_612,鳳,胖虎：摸屁,2025/12/13 11:02,ᝰ,pass,,non_depression_risk_user,
io_612,鳳,看完胖虎跟阿嬤 要回去上班了 捨不得胖虎🥲,2025/12/12 21:24,ᝰ,pass,,non_depression_risk_user,
io_612,鳳,“從今往後的聖誕節也在一起吧”,2025/12/12 16:06,ᝰ,pass,,non_depression_risk_user,
io_612,鳳,胖虎：這不是肥肉 這是阿嬤的愛,2025/12/12 11:01,ᝰ,pass,,non_depression_risk_user,
io_612,鳳,喜歡被阿嬤拍屁屁的胖虎,2025/12/11 11:00,ᝰ,pass,,non_depression_risk_user,
io_612,鳳,胖虎以為我要咬耳朵了 主動湊過來,2025/12/10 16:41,ᝰ,pass,,non_depression_risk_user,
io_612,鳳,還沒按開始你那麼急幹嘛！,2025/12/10 10:00,ᝰ,pass,,non_depression_risk_user,
io_612,鳳,恐龍虎wink✨,2025/12/9 19:51,ᝰ,pass,,non_depression_risk_user,
_uuu_uuu_x,_uuu_uuu_x,想聽小夜曲,2025/12/20 23:06,"追星帳🐰🐰持續賣卡…@_yuyu0318沒人理我我會自己畫圈圈的💃🏻
下方連結賣場都可以直接下單
koca下單滿1000$免包手",business,,skipped,
_uuu_uuu_x,_uuu_uuu_x,我愛年末,2025/12/15 19:15,"追星帳🐰🐰持續賣卡…@_yuyu0318沒人理我我會自己畫圈圈的💃🏻
下方連結賣場都可以直接下單
koca下單滿1000$免包手",business,,skipped,
_uuu_uuu_x,_uuu_uuu_x,"芒叉的小卡好佛🥹感覺一千就可以買很多張
金桐儇一張就要一千😶‍🌫️",2025/12/14 01:41,"追星帳🐰🐰持續賣卡…@_yuyu0318沒人理我我會自己畫圈圈的💃🏻
下方連結賣場都可以直接下單
koca下單滿1000$免包手",business,,skipped,
_uuu_uuu_x,_uuu_uuu_x,金桐儇今天是小捲毛,2025/12/13 23:46,"追星帳🐰🐰持續賣卡…@_yuyu0318沒人理我我會自己畫圈圈的💃🏻
下方連結賣場都可以直接下單
koca下單滿1000$免包手",business,,skipped,
_uuu_uuu_x,_uuu_uuu_x,"現在是只有我的312是裸體嗎..
每個人的娃都穿的很好看欸",2025/12/12 23:55,"追星帳🐰🐰持續賣卡…@_yuyu0318沒人理我我會自己畫圈圈的💃🏻
下方連結賣場都可以直接下單
koca下單滿1000$免包手",business,,skipped,
_uuu_uuu_x,_uuu_uuu_x,daydream我會🙋🏻‍♀️,2025/12/11 09:31,"追星帳🐰🐰持續賣卡…@_yuyu0318沒人理我我會自己畫圈圈的💃🏻
下方連結賣場都可以直接下單
koca下單滿1000$免包手",business,,skipped,
_uuu_uuu_x,_uuu_uuu_x,"雖然我沒追有用泡泡的團 可是泡泡的東西不是就說不能外流了 怎麼一堆人還自己加浮水印就覺得沒問題
還是其實這樣是可以的？？？？",2025/12/10 00:43,"追星帳🐰🐰持續賣卡…@_yuyu0318沒人理我我會自己畫圈圈的💃🏻
下方連結賣場都可以直接下單
koca下單滿1000$免包手",business,,skipped,
_uuu_uuu_x,_uuu_uuu_x,"好看😭😭😭
但這雜誌也太薄了..花了我五百多
有時間再來讀雜誌上的東西",2025/12/9 22:04,"追星帳🐰🐰持續賣卡…@_yuyu0318沒人理我我會自己畫圈圈的💃🏻
下方連結賣場都可以直接下單
koca下單滿1000$免包手",business,,skipped,
_uuu_uuu_x,_uuu_uuu_x,愛上大叔了😭😭😭,2025/12/9 17:17,"追星帳🐰🐰持續賣卡…@_yuyu0318沒人理我我會自己畫圈圈的💃🏻
下方連結賣場都可以直接下單
koca下單滿1000$免包手",business,,skipped,
york.nothing,York Tam🙂,「出口，你找到了嗎？」,2025/12/16 13:25,按下快門是為了留住過去,pass,,non_depression_risk_user,
york.nothing,York Tam🙂,「誰不想每天都無憂無慮。」,2025/12/16 10:09,按下快門是為了留住過去,pass,,non_depression_risk_user,
york.nothing,York Tam🙂,"「除了
睇日落
，其他什麼都不想做🫠」",2025/12/15 20:25,按下快門是為了留住過去,pass,,non_depression_risk_user,
york.nothing,York Tam🙂,"「兩年前的今天。」
放一個流星趁熱鬧😄",2025/12/15 00:31,按下快門是為了留住過去,pass,,non_depression_risk_user,
york.nothing,York Tam🙂,「朝霞就像那千辛萬苦追到的女朋友，晚霞就在像辛勞一天後回到家慰勞你的妻子。」,2025/12/14 19:24,按下快門是為了留住過去,pass,,non_depression_risk_user,
york.nothing,York Tam🙂,"「不知不覺就日出了😳。」
在你熟睡之間，我已經幫你拍好今早的日出😀",2025/12/14 15:08,按下快門是為了留住過去,pass,,non_depression_risk_user,
york.nothing,York Tam🙂,「能約你一起去看日出嗎😳？」,2025/12/14 12:08,按下快門是為了留住過去,pass,,non_depression_risk_user,
york.nothing,York Tam🙂,「星期日，水平日出小確幸😳。」,2025/12/14 09:15,按下快門是為了留住過去,pass,,non_depression_risk_user,
york.nothing,York Tam🙂,"「你和我都逃不過的，
誰能夠走進來未看完日落就離開
？」",2025/12/13 23:33,按下快門是為了留住過去,pass,,non_depression_risk_user,
york.nothing,York Tam🙂,「山上的晨光第一線總覺得有點不一樣。」,2025/12/13 19:42,按下快門是為了留住過去,pass,,non_depression_risk_user,
york.nothing,York Tam🙂,「我時常都在想念香港美麗的一面。」,2025/12/13 12:31,按下快門是為了留住過去,pass,,non_depression_risk_user,
york.nothing,York Tam🙂,「人生中有歡喜，難免亦常有淚。」,2025/12/12 20:24,按下快門是為了留住過去,pass,,non_depression_risk_user,
york.nothing,York Tam🙂,「想和你一起看的景色😳。」,2025/12/12 00:07,按下快門是為了留住過去,pass,,non_depression_risk_user,
york.nothing,York Tam🙂,「不同的季節都會盛放不同的天空。」,2025/12/11 21:38,按下快門是為了留住過去,pass,,non_depression_risk_user,
york.nothing,York Tam🙂,「天空之鏡。」,2025/12/10 22:52,按下快門是為了留住過去,pass,,non_depression_risk_user,
misyeela,Mich 🍃,🥹,2025/12/23 00:33,🍃,pass,,non_depression_risk_user,
misyeela,Mich 🍃,Main character energy 💖,2025/12/15 10:47,🍃,pass,,non_depression_risk_user,
misyeela,Mich 🍃,"📍Quingtiangang, Grassland",2025/12/10 12:49,🍃,pass,,non_depression_risk_user,
moon_discovery,茵茵,甚至寶寶的衣服+聖誕套裝都收好了⋯⋯⋯😌（好想去汗蒸幕,2025/12/21 23:08,"自言自語、長篇廢言用，自稱奶奶
《Google是大家的好朋友🫶🏻》
在自己的小世界裡當赫ㄕㄡ專門戶（不唯
妄想跟現實分得很清楚，就只是在妄想的人
赫宰兔兔觀察學系
⬇️⬇️售物 各種週邊、小卡",business,,skipped,
moon_discovery,茵茵,2025還沒過完，我的行程就已經排到明年四月了◔_◔,2025/12/20 16:21,"自言自語、長篇廢言用，自稱奶奶
《Google是大家的好朋友🫶🏻》
在自己的小世界裡當赫ㄕㄡ專門戶（不唯
妄想跟現實分得很清楚，就只是在妄想的人
赫宰兔兔觀察學系
⬇️⬇️售物 各種週邊、小卡",business,,skipped,
moon_discovery,茵茵,手動轉發,2025/12/20 13:46,"自言自語、長篇廢言用，自稱奶奶
《Google是大家的好朋友🫶🏻》
在自己的小世界裡當赫ㄕㄡ專門戶（不唯
妄想跟現實分得很清楚，就只是在妄想的人
赫宰兔兔觀察學系
⬇️⬇️售物 各種週邊、小卡",business,,skipped,
moon_discovery,茵茵,你們怎麼這麼喜歡星期天,2025/12/18 18:03,"自言自語、長篇廢言用，自稱奶奶
《Google是大家的好朋友🫶🏻》
在自己的小世界裡當赫ㄕㄡ專門戶（不唯
妄想跟現實分得很清楚，就只是在妄想的人
赫宰兔兔觀察學系
⬇️⬇️售物 各種週邊、小卡",business,,skipped,
moon_discovery,茵茵,寶寶⋯⋯衣服有洗嗎⋯⋯（重點居然是這個,2025/12/18 13:10,"自言自語、長篇廢言用，自稱奶奶
《Google是大家的好朋友🫶🏻》
在自己的小世界裡當赫ㄕㄡ專門戶（不唯
妄想跟現實分得很清楚，就只是在妄想的人
赫宰兔兔觀察學系
⬇️⬇️售物 各種週邊、小卡",business,,skipped,
moon_discovery,茵茵,久久沒聽這首歌了🥹,2025/12/17 19:35,"自言自語、長篇廢言用，自稱奶奶
《Google是大家的好朋友🫶🏻》
在自己的小世界裡當赫ㄕㄡ專門戶（不唯
妄想跟現實分得很清楚，就只是在妄想的人
赫宰兔兔觀察學系
⬇️⬇️售物 各種週邊、小卡",business,,skipped,
moon_discovery,茵茵,奶奶帶寶寶去喝咖啡🐰☕️,2025/12/17 17:42,"自言自語、長篇廢言用，自稱奶奶
《Google是大家的好朋友🫶🏻》
在自己的小世界裡當赫ㄕㄡ專門戶（不唯
妄想跟現實分得很清楚，就只是在妄想的人
赫宰兔兔觀察學系
⬇️⬇️售物 各種週邊、小卡",business,,skipped,
moon_discovery,茵茵,至親 love,2025/12/16 17:29,"自言自語、長篇廢言用，自稱奶奶
《Google是大家的好朋友🫶🏻》
在自己的小世界裡當赫ㄕㄡ專門戶（不唯
妄想跟現實分得很清楚，就只是在妄想的人
赫宰兔兔觀察學系
⬇️⬇️售物 各種週邊、小卡",business,,skipped,
moon_discovery,茵茵,原來是去香港機場參加獵人考試？？😮（看留言,2025/12/14 22:02,"自言自語、長篇廢言用，自稱奶奶
《Google是大家的好朋友🫶🏻》
在自己的小世界裡當赫ㄕㄡ專門戶（不唯
妄想跟現實分得很清楚，就只是在妄想的人
赫宰兔兔觀察學系
⬇️⬇️售物 各種週邊、小卡",business,,skipped,
moon_discovery,茵茵,"總覺得這兩天名古屋各種硬體上的問題😵‍💫
昨天厲旭的麥克風最誇張⋯⋯",2025/12/14 18:36,"自言自語、長篇廢言用，自稱奶奶
《Google是大家的好朋友🫶🏻》
在自己的小世界裡當赫ㄕㄡ專門戶（不唯
妄想跟現實分得很清楚，就只是在妄想的人
赫宰兔兔觀察學系
⬇️⬇️售物 各種週邊、小卡",business,,skipped,
moon_discovery,茵茵,線下滿額卡都超級可愛⋯⋯⋯🥲,2025/12/13 13:02,"自言自語、長篇廢言用，自稱奶奶
《Google是大家的好朋友🫶🏻》
在自己的小世界裡當赫ㄕㄡ專門戶（不唯
妄想跟現實分得很清楚，就只是在妄想的人
赫宰兔兔觀察學系
⬇️⬇️售物 各種週邊、小卡",business,,skipped,
moon_discovery,茵茵,繼上次車車變成麋鹿之後，今天寶寶直接進化整個人就是顆聖誕樹🎄???,2025/12/12 11:42,"自言自語、長篇廢言用，自稱奶奶
《Google是大家的好朋友🫶🏻》
在自己的小世界裡當赫ㄕㄡ專門戶（不唯
妄想跟現實分得很清楚，就只是在妄想的人
赫宰兔兔觀察學系
⬇️⬇️售物 各種週邊、小卡",business,,skipped,
moon_discovery,茵茵,"2025’1117
Fanme sign event
✍️🐰
寶寶可愛，希澈看寶寶的表情也很有愛(˵ˊᯅˋ˵",2025/12/12 01:04,"自言自語、長篇廢言用，自稱奶奶
《Google是大家的好朋友🫶🏻》
在自己的小世界裡當赫ㄕㄡ專門戶（不唯
妄想跟現實分得很清楚，就只是在妄想的人
赫宰兔兔觀察學系
⬇️⬇️售物 各種週邊、小卡",business,,skipped,
moon_discovery,茵茵,"最近的奶奶就是處於一個牛的狀態。
沒事就在反芻大巨蛋⋯
然後發現11/15這天東海被寶寶抓住了(?)",2025/12/9 16:04,"自言自語、長篇廢言用，自稱奶奶
《Google是大家的好朋友🫶🏻》
在自己的小世界裡當赫ㄕㄡ專門戶（不唯
妄想跟現實分得很清楚，就只是在妄想的人
赫宰兔兔觀察學系
⬇️⬇️售物 各種週邊、小卡",business,,skipped,
remidododo,Remi Dododo,"啊啊啊啊啊啊～💙
今天真的是oppa  oppa沒完🫣
浪漫的朋友真的要來了～哦～浪漫🌹
可以當日快閃嗎我？當過期兩天的生日禮物🎁
（講的好像已經買到票…）",2025/12/18 18:12,"無法完美過活才是Real life😌
現在跳進SUJU坑底出不來
雙向奔赴的感情太美
認識我的就靜靜看我發瘋沒關係🤣",non_life,,skipped,
remidododo,Remi Dododo,"總算可以開箱了～💙💙💙
真的總會在最適合的時間點到貨耶🫶
開完心情大好🤩🤩🤩
我想需要規劃家裡一個冷靜角給Oppa惹
雖然我對小卡沒有執著（目前應該沒有）
但打開卡包會心跳加速💓是正常的嗎🫣",2025/12/18 14:48,"無法完美過活才是Real life😌
現在跳進SUJU坑底出不來
雙向奔赴的感情太美
認識我的就靜靜看我發瘋沒關係🤣",non_life,,skipped,
remidododo,Remi Dododo,"其實蠻久沒買思夢樂的中大童裝
之前覺得只有嬰幼兒的很可愛💙
中大童的…嗯…有些流行元素但感覺low🤣
聽說新開的有四層樓覺得可以來開箱逛逛
昨天太忙來不及朝聖新開幕的中山北店
今天來逛真的有嚇一跳 很會欸…
難怪適合的尺寸幾乎掃空也守住了👛君
（我提了兩袋出去🤣）
成人的部份我逛了一圈只有覺得這件外套可以帶
長度適中不會拉低比例、有做收腰鬆緊帶、背面底部圓弧也有修飾效果，穿起來不會像米其林寶寶🤣才$990再打8折‼️好適合騎車穿🏍️
～12/23前🈵$2000送一個保溫瓶（每日限量100個）",2025/12/18 11:29,"無法完美過活才是Real life😌
現在跳進SUJU坑底出不來
雙向奔赴的感情太美
認識我的就靜靜看我發瘋沒關係🤣",non_life,,skipped,
remidododo,Remi Dododo,"奇怪欸…學校就是社會很難懂？
老師提醒🔔還要被覺得沒耐心？不會教？
一而再再而三去無差別的弄別人還認為小孩小不懂事，打鬧難免？
中班聽的懂人話了好嗎？
重點是他弄其他人就是事實
我人就在現場看著…也拉開了很多次
不想處理沒能力處理尋求專業很難？
如果認為在別的地方上才藝課上其他課都很專注
那要不要考慮轉走？不要把家裡習慣帶來學校撒野很難？況且還一直說在家沒有這樣那你就帶回家啊⋯⋯幼兒園不是義務教育
到底為什麼我都遇到這麼多雷包…",2025/12/18 09:45,"無法完美過活才是Real life😌
現在跳進SUJU坑底出不來
雙向奔赴的感情太美
認識我的就靜靜看我發瘋沒關係🤣",non_life,,skipped,
remidododo,Remi Dododo,"🙏朋朋提醒🔔我有會員禮趕快買七來💙
點進去👀E.L.F三個字直接👋被控制腦袋空白
等我回神後我已經結帳完成☑️
自從認真追星之後…我覺得最大的轉變大概就是…
閉著👀刷💳😳 那個運費… 
 （以前沒免運不買東西或是硬要湊免運）
還有問就是買！
買了後悔一秒！不買後悔一年！🤣
然後兩小時前才跟朋說我覺得我超級冷靜不亂買",2025/12/17 15:29,"無法完美過活才是Real life😌
現在跳進SUJU坑底出不來
雙向奔赴的感情太美
認識我的就靜靜看我發瘋沒關係🤣",non_life,,skipped,
remidododo,Remi Dododo,"原來是去打針💉的那天啊❗️
看了當然覺得那個積年累月的職災很可憐🥺
但…我想他真的很熱愛歌手這個職業生涯
才會想盡辦法全力以赴的🫶
不然說真的他不跳舞坐著我想大家也還是會買單吧❓
那聲～「吼🐯～有夠可愛☺️」
FIGHTING 💪💪💪",2025/12/16 21:55,"無法完美過活才是Real life😌
現在跳進SUJU坑底出不來
雙向奔赴的感情太美
認識我的就靜靜看我發瘋沒關係🤣",non_life,,skipped,
remidododo,Remi Dododo,"完
全
開
心
不
起
來
欸
🫠
雖然知道一定還是會秒殺🫩",2025/12/16 12:46,"無法完美過活才是Real life😌
現在跳進SUJU坑底出不來
雙向奔赴的感情太美
認識我的就靜靜看我發瘋沒關係🤣",non_life,,skipped,
remidododo,Remi Dododo,"欸噗們打開你的錢包👛
S.M.L.XL四個尺寸都上架預購中🤣
50-shop.com/produ…",2025/12/16 10:03,"無法完美過活才是Real life😌
現在跳進SUJU坑底出不來
雙向奔赴的感情太美
認識我的就靜靜看我發瘋沒關係🤣",non_life,,skipped,
remidododo,Remi Dododo,"前面沒參與到的10+年
只好用現在未來補回來💙💙💙
恭喜🎉14週年快樂
期待15週年🫶🫶🫶
在那之前應該要先好好生出💰才能走下去🤣
看有沒有缺家庭代工的可以看看我🫣",2025/12/15 23:53,"無法完美過活才是Real life😌
現在跳進SUJU坑底出不來
雙向奔赴的感情太美
認識我的就靜靜看我發瘋沒關係🤣",non_life,,skipped,
remidododo,Remi Dododo,"證實了我愛上藍人們是正確的選擇💙
今天帶兒子上音樂治療課結束
一如往常的大概聊一下上課狀況後
我問了老師近期遇到的育兒困難點
然後也現場遇上兒子情緒牙起來…
老師給了我一些建議及現場演示後
👩‍🏫：難怪聯評後會建議媽媽妳也找諮商上課
👩🏻：（不爭的落淚😢）
可能因為老師講中了我最深處的無奈
因為真的身心維持疲憊的狀態有9年了吧…
就在此時👦🏻突然抓我的包包上的🦥海跟娃包
👩‍🏫…這個是SuperJunior嗎？
妳該不會也有去看演唱會吧！
👩🏻：對～我去看三天🤩
👩‍🏫哇…好厲害喔！居然搶到三天票！
媽媽妳做的很棒！就是要這樣好好先照顧自己
才有辦法繼續當孩子們的依靠🫶
歐巴們事業做很大…巡演、綜藝、帶貨之餘還兼心理療癒師💙💙💙",2025/12/15 20:21,"無法完美過活才是Real life😌
現在跳進SUJU坑底出不來
雙向奔赴的感情太美
認識我的就靜靜看我發瘋沒關係🤣",non_life,,skipped,
remidododo,Remi Dododo,"不枉我常常跑圖書館📚借書…
感覺換門票🎫很賺🫶
會不會是因為演唱會後遺症…看到票就想換😆",2025/12/15 14:44,"無法完美過活才是Real life😌
現在跳進SUJU坑底出不來
雙向奔赴的感情太美
認識我的就靜靜看我發瘋沒關係🤣",non_life,,skipped,
remidododo,Remi Dododo,"帶貨王的珍奶🧋T也來咧💙
快樂星期一🫶🫶🫶
官網XS.S沒買到沒關係
M號直接當長版穿也好看",2025/12/15 12:17,"無法完美過活才是Real life😌
現在跳進SUJU坑底出不來
雙向奔赴的感情太美
認識我的就靜靜看我發瘋沒關係🤣",non_life,,skipped,
remidododo,Remi Dododo,"河道上看到他今天愛知演出跟大家逼阿餒🙇‍♂️
再看到🫧🫧說的那些話+剛剛直播上他一直發出那種苦惱的聲音
聽了真的覺得他很努力想給大家完整盡力的演出
你難道不知道你已經做的很棒了嗎？
跟你最後這個👍一樣棒的💙💙💙
每次都在提醒大家🔔要保持身體健康要運動
你才真的要好好做到健康好咩🫶🫶🫶",2025/12/13 23:27,"無法完美過活才是Real life😌
現在跳進SUJU坑底出不來
雙向奔赴的感情太美
認識我的就靜靜看我發瘋沒關係🤣",non_life,,skipped,
remidododo,Remi Dododo,"成功召喚？才說想念你就出現了🤣🤣🤣
莫名的激勵人心💙💙💙",2025/12/11 10:59,"無法完美過活才是Real life😌
現在跳進SUJU坑底出不來
雙向奔赴的感情太美
認識我的就靜靜看我發瘋沒關係🤣",non_life,,skipped,
remidododo,Remi Dododo,"其實才結束還未滿一個月…但又在想念…
有人跟我一樣的嗎？🥺",2025/12/11 09:49,"無法完美過活才是Real life😌
現在跳進SUJU坑底出不來
雙向奔赴的感情太美
認識我的就靜靜看我發瘋沒關係🤣",non_life,,skipped,
yingchen_1222,ying寶善存,我要公審他（友善） 沒禮貌！！！！,2025/12/22 22:38,"suju本命藝旭☁️🦒 脆是發瘋小天地
不定時開啟火箭炮模式🚀💣 
豆漿豆花一生推✌🏻",non_life,,skipped,
yingchen_1222,ying寶善存,天靈靈地靈靈 最好的生日禮物就是我晚上搶到票,2025/12/22 17:17,"suju本命藝旭☁️🦒 脆是發瘋小天地
不定時開啟火箭炮模式🚀💣 
豆漿豆花一生推✌🏻",non_life,,skipped,
yingchen_1222,ying寶善存,"民意調查？
預計ss10高雄場發的應援
要做立牌（厚的無底座）還是鑰匙圈比較好",2025/12/22 16:25,"suju本命藝旭☁️🦒 脆是發瘋小天地
不定時開啟火箭炮模式🚀💣 
豆漿豆花一生推✌🏻",non_life,,skipped,
yingchen_1222,ying寶善存,"21歲🔚 
22歲start 
希望明年能多去幾次首爾",2025/12/22 00:14,"suju本命藝旭☁️🦒 脆是發瘋小天地
不定時開啟火箭炮模式🚀💣 
豆漿豆花一生推✌🏻",non_life,,skipped,
yingchen_1222,ying寶善存,"圭賢的把拔請粉絲吃飯！！！
cr.小紅書 Teukki-",2025/12/21 23:45,"suju本命藝旭☁️🦒 脆是發瘋小天地
不定時開啟火箭炮模式🚀💣 
豆漿豆花一生推✌🏻",non_life,,skipped,
yingchen_1222,ying寶善存,好想去kspo玩尋寶遊戲,2025/12/20 23:31,"suju本命藝旭☁️🦒 脆是發瘋小天地
不定時開啟火箭炮模式🚀💣 
豆漿豆花一生推✌🏻",non_life,,skipped,
yingchen_1222,ying寶善存,哥用的美顏相機 snow 拍阿圭哈哈哈哈,2025/12/20 23:30,"suju本命藝旭☁️🦒 脆是發瘋小天地
不定時開啟火箭炮模式🚀💣 
豆漿豆花一生推✌🏻",non_life,,skipped,
yingchen_1222,ying寶善存,"這禮拜經歷了包裹驚魂記
星期一寄給朋友的包裹然後想說他怎麼星期三還沒說有收到，打開貨態查詢一看還停留在寄件門市已收貨，直接嚇爛!!!生怕那個包裹不見，結果去超商跟店員問了兩次（中午一次說有載走讓我聯絡賣貨便客服，但客服根本打不進去🙂）不死心晚上11點又去問一次（這次店員有留電話說會讓賣貨便那邊聯繫我），隔天看的時候就有新的配送資訊了😭
那個包裹不見我真的會死，因為裡面有一整套的賽車赫海、海手燈套、海糰、小手燈（這個包裹是因為含海量太高所以自由奔放了嗎？）（我的小心臟承受不住啊啊啊）",2025/12/20 17:34,"suju本命藝旭☁️🦒 脆是發瘋小天地
不定時開啟火箭炮模式🚀💣 
豆漿豆花一生推✌🏻",non_life,,skipped,
yingchen_1222,ying寶善存,12/25有點想去吃吃客家廚房跟真珠聯名的菜品,2025/12/20 16:50,"suju本命藝旭☁️🦒 脆是發瘋小天地
不定時開啟火箭炮模式🚀💣 
豆漿豆花一生推✌🏻",non_life,,skipped,
yingchen_1222,ying寶善存,"明年一定要去看圭圭演的死亡筆記本
二月要過年 掰掰 
三四月櫻花季偏貴 掰掰
五月我希望能看到
好像死亡筆記本只到五月而已🥹",2025/12/20 03:57,"suju本命藝旭☁️🦒 脆是發瘋小天地
不定時開啟火箭炮模式🚀💣 
豆漿豆花一生推✌🏻",non_life,,skipped,
yingchen_1222,ying寶善存,"煩死了 好想去首爾嗚嗚嗚嗚
明年一定",2025/12/20 00:53,"suju本命藝旭☁️🦒 脆是發瘋小天地
不定時開啟火箭炮模式🚀💣 
豆漿豆花一生推✌🏻",non_life,,skipped,
yingchen_1222,ying寶善存,"櫻花季的舞台區域規劃出來囉
詳情請見
ticket.ibon.com.tw/Activ…",2025/12/19 18:10,"suju本命藝旭☁️🦒 脆是發瘋小天地
不定時開啟火箭炮模式🚀💣 
豆漿豆花一生推✌🏻",non_life,,skipped,
yingchen_1222,ying寶善存,"帶源糰糰到耶穌歐巴面前禱告？
然後再配上大巨蛋禱告的那段聲音🤣",2025/12/19 10:12,"suju本命藝旭☁️🦒 脆是發瘋小天地
不定時開啟火箭炮模式🚀💣 
豆漿豆花一生推✌🏻",non_life,,skipped,
yingchen_1222,ying寶善存,成功讓siwon歐巴跟耶穌歐巴合照,2025/12/18 14:05,"suju本命藝旭☁️🦒 脆是發瘋小天地
不定時開啟火箭炮模式🚀💣 
豆漿豆花一生推✌🏻",non_life,,skipped,
yingchen_1222,ying寶善存,"今年快樂的事之一
收了一堆金髮厲旭 就差圖二那張特典🥹
有沒有人有那張可以賣我",2025/12/18 00:44,"suju本命藝旭☁️🦒 脆是發瘋小天地
不定時開啟火箭炮模式🚀💣 
豆漿豆花一生推✌🏻",non_life,,skipped,
yingchen_1222,ying寶善存,"有沒有人要一起幫糰子寶寶買衣服的
先說是從拼多多或微店買的，介意的話不建議跟",2025/12/17 21:53,"suju本命藝旭☁️🦒 脆是發瘋小天地
不定時開啟火箭炮模式🚀💣 
豆漿豆花一生推✌🏻",non_life,,skipped,
yingchen_1222,ying寶善存,今天換拉手手跟澈跟聖誕樹拍照,2025/12/17 20:06,"suju本命藝旭☁️🦒 脆是發瘋小天地
不定時開啟火箭炮模式🚀💣 
豆漿豆花一生推✌🏻",non_life,,skipped,
yingchen_1222,ying寶善存,"超好笑 怎麼會有人可以那麼迅速
看到耶穌歐巴直接約要帶崔始源去拍照",2025/12/17 18:22,"suju本命藝旭☁️🦒 脆是發瘋小天地
不定時開啟火箭炮模式🚀💣 
豆漿豆花一生推✌🏻",non_life,,skipped,
yingchen_1222,ying寶善存,"所以說為什麼我會連兩年生日週都在搶票
去年搶耶鬆順利搶到TICC 2樓
今年搶SS10… 搶看看A好了，沒搶到就算了反正我本來就佛系搶加場",2025/12/16 12:17,"suju本命藝旭☁️🦒 脆是發瘋小天地
不定時開啟火箭炮模式🚀💣 
豆漿豆花一生推✌🏻",non_life,,skipped,
yingchen_1222,ying寶善存,"ss10名古屋P席入場禮價格是越來越癲了
脆看到有人出一整套那價格根本無痛入場
8000什麼鬼😍",2025/12/15 01:35,"suju本命藝旭☁️🦒 脆是發瘋小天地
不定時開啟火箭炮模式🚀💣 
豆漿豆花一生推✌🏻",non_life,,skipped,
yingchen_1222,ying寶善存,"今天的p席入場小卡 
金康熏你為什麼那麼可愛！！！（但我沒有要收）等待雜誌跟聖誕周邊中
圖源：
letao.com.tw/jpsho…",2025/12/14 14:23,"suju本命藝旭☁️🦒 脆是發瘋小天地
不定時開啟火箭炮模式🚀💣 
豆漿豆花一生推✌🏻",non_life,,skipped,
yingchen_1222,ying寶善存,"又到了花錢的日子了
這次Oat的雜誌封面是康熏～
聖誕新年刊12/20中午12:00上線
期待😍😍😍",2025/12/14 13:44,"suju本命藝旭☁️🦒 脆是發瘋小天地
不定時開啟火箭炮模式🚀💣 
豆漿豆花一生推✌🏻",non_life,,skipped,
yingchen_1222,ying寶善存,"大家是不是忘了聖誕節快到了 
所以聖誕周邊快出來了😍又到了賭博時間
所以不用花大錢去收入場特典啦
（當然要收我也沒有要阻止）
以上僅代表本人看完日拍後立場 
沒有特別針對誰",2025/12/14 00:31,"suju本命藝旭☁️🦒 脆是發瘋小天地
不定時開啟火箭炮模式🚀💣 
豆漿豆花一生推✌🏻",non_life,,skipped,
yingchen_1222,ying寶善存,金厲旭日巡 金康熏也有日專 我明年要飛幾次日韓呢😍,2025/12/13 19:33,"suju本命藝旭☁️🦒 脆是發瘋小天地
不定時開啟火箭炮模式🚀💣 
豆漿豆花一生推✌🏻",non_life,,skipped,
yingchen_1222,ying寶善存,"強迫還沒滿月的小孩跟我一起等專題報告
：麻麻 他們在說什麼
（旭糰看起來是是真的一臉聽不懂",2025/12/13 14:36,"suju本命藝旭☁️🦒 脆是發瘋小天地
不定時開啟火箭炮模式🚀💣 
豆漿豆花一生推✌🏻",non_life,,skipped,
yingchen_1222,ying寶善存,"等到哪天我黑春跟金厲旭旭電話卡都收齊
我就來獻祭（出）我的糰子",2025/12/13 01:37,"suju本命藝旭☁️🦒 脆是發瘋小天地
不定時開啟火箭炮模式🚀💣 
豆漿豆花一生推✌🏻",non_life,,skipped,
yingchen_1222,ying寶善存,"經過6月的ss10打地鼠大戰跟昨天小旭的打地鼠大戰後親辜的總結
：你適合搶melon（難道以後我都要飛韓場
我連大巨蛋的票都是朋友丟我進去的？？？幾萬人的場搶不到結果600人的場，欸嘿點到了？？？",2025/12/12 09:47,"suju本命藝旭☁️🦒 脆是發瘋小天地
不定時開啟火箭炮模式🚀💣 
豆漿豆花一生推✌🏻",non_life,,skipped,
yingchen_1222,ying寶善存,之後會有一張赫宰水獺卡（如果交換沒被跑）我有可能換到金厲旭的電話卡嗎👀,2025/12/11 21:14,"suju本命藝旭☁️🦒 脆是發瘋小天地
不定時開啟火箭炮模式🚀💣 
豆漿豆花一生推✌🏻",non_life,,skipped,
yingchen_1222,ying寶善存,"紀念一下自己今天自己搶到金厲旭的票
12/27的P排18號，但我放掉了
或許有人刷到我放掉的這張嗎哈哈哈
明年solo我一定去！！！",2025/12/11 20:52,"suju本命藝旭☁️🦒 脆是發瘋小天地
不定時開啟火箭炮模式🚀💣 
豆漿豆花一生推✌🏻",non_life,,skipped,
yingchen_1222,ying寶善存,我真的會笑爛,2025/12/10 23:39,"suju本命藝旭☁️🦒 脆是發瘋小天地
不定時開啟火箭炮模式🚀💣 
豆漿豆花一生推✌🏻",non_life,,skipped,
yingchen_1222,ying寶善存,"湊一下我學士服的人生四格
希望能達成🥹
（首爾場領巾感謝同為商學院的方塊贊助）",2025/12/9 20:22,"suju本命藝旭☁️🦒 脆是發瘋小天地
不定時開啟火箭炮模式🚀💣 
豆漿豆花一生推✌🏻",non_life,,skipped,
_momentss,moments,"Winter in Edinburgh, Scotland 😍🌨️❄️",2025/12/16 06:45,"Pogradec🏡🇦🇱
🌆 Urban & Nature Aesthetics
🍁 Capturing cities & seasons worldwide
✉️ Collabs → dm",business,,skipped,
_momentss,moments,Snowy Weather in New York 🏙️🌨️💫,2025/12/16 05:12,"Pogradec🏡🇦🇱
🌆 Urban & Nature Aesthetics
🍁 Capturing cities & seasons worldwide
✉️ Collabs → dm",business,,skipped,
_momentss,moments,First Snow in New York 🏙️🌨️❄️,2025/12/15 18:56,"Pogradec🏡🇦🇱
🌆 Urban & Nature Aesthetics
🍁 Capturing cities & seasons worldwide
✉️ Collabs → dm",business,,skipped,
_momentss,moments,Winter in New York 🏙️❄️,2025/12/15 05:52,"Pogradec🏡🇦🇱
🌆 Urban & Nature Aesthetics
🍁 Capturing cities & seasons worldwide
✉️ Collabs → dm",business,,skipped,
_momentss,moments,"Winter Days in British Columbia, Canada 🌨️❄️",2025/12/14 23:32,"Pogradec🏡🇦🇱
🌆 Urban & Nature Aesthetics
🍁 Capturing cities & seasons worldwide
✉️ Collabs → dm",business,,skipped,
_momentss,moments,Chicago 🇺🇸🌨️❄️,2025/12/14 04:36,"Pogradec🏡🇦🇱
🌆 Urban & Nature Aesthetics
🍁 Capturing cities & seasons worldwide
✉️ Collabs → dm",business,,skipped,
_momentss,moments,Magical Winter Nights in Canada 🌨️❄️,2025/12/12 22:44,"Pogradec🏡🇦🇱
🌆 Urban & Nature Aesthetics
🍁 Capturing cities & seasons worldwide
✉️ Collabs → dm",business,,skipped,
_momentss,moments,Beautiful Winter in Boston 🇺🇸🌨️☃️❄️,2025/12/12 07:51,"Pogradec🏡🇦🇱
🌆 Urban & Nature Aesthetics
🍁 Capturing cities & seasons worldwide
✉️ Collabs → dm",business,,skipped,
_momentss,moments,"Beautiful Winter in Boston, USA 🇺🇸🌨️❄️",2025/12/11 17:40,"Pogradec🏡🇦🇱
🌆 Urban & Nature Aesthetics
🍁 Capturing cities & seasons worldwide
✉️ Collabs → dm",business,,skipped,
_momentss,moments,Winter Nights in Canada 🌨️❄️,2025/12/11 05:08,"Pogradec🏡🇦🇱
🌆 Urban & Nature Aesthetics
🍁 Capturing cities & seasons worldwide
✉️ Collabs → dm",business,,skipped,
_momentss,moments,Sunset in the snow🌕❄️ Norway...,2025/12/10 03:53,"Pogradec🏡🇦🇱
🌆 Urban & Nature Aesthetics
🍁 Capturing cities & seasons worldwide
✉️ Collabs → dm",business,,skipped,
fifteen_ticket,拾伍◝☆演唱會門票｜現票｜代搶｜撿漏｜,"❤️‍🔥高雄櫻花季 公售 🈶接🈶接❤️‍🔥
3999票面  代搶單8800 / 單張
（⬆️已包含代搶費用以及票面⬆️）
極限接單，老客人自己沒刷到票，回來問有沒有現票，直接給他現刷、現下車❤️‍🔥❤️‍🔥
還沒有票的客人，把握機會下代搶！
❌現票的價格已經在起飛🛫❌
❌拾伍本人不是很推現票！！❌",2025/12/23 13:49,"𝓕𝓘𝓕𝓣𝓔𝓔𝓝 ❁拾伍委託室❁ 𝓣𝓘𝓒𝓚𝓔𝓣
⸝⸝꙳Line:@052kmbiq⸝⸝꙳
⸝⸝꙳台幣報價⸝⸝꙳
ꉂ
Θ各國演唱會｜藝文活動｜
Θ體育賽事 ｜ 明星見面會｜
ꉂ
#演唱會代搶｜#演唱會現票
#演唱會門票｜#演唱會票務
ꉂ
︎︎.ᐟ未成年謹慎交易.ᐟ
︎︎.ᐟ誠信交易｜諮詢請有禮貌.ᐟ",business,,skipped,
fifteen_ticket,拾伍◝☆演唱會門票｜現票｜代搶｜撿漏｜,"❤️‍🔥赫海 聖誕🎄FM  前排好位🈶❤️‍🔥
❤️‍🔥過戶票🈶  BCK區好位🈶❤️‍🔥
❤️‍🔥現在價格穩定，歡迎詢問報價❤️‍🔥
❤️‍🔥🉑入群自己查看表格、下單❤️‍🔥
💟拾伍專屬一手台幣報價表格💟
❤️‍🔥社群網址❤️‍🔥
reurl.cc/k8p3x…",2025/12/23 12:09,"𝓕𝓘𝓕𝓣𝓔𝓔𝓝 ❁拾伍委託室❁ 𝓣𝓘𝓒𝓚𝓔𝓣
⸝⸝꙳Line:@052kmbiq⸝⸝꙳
⸝⸝꙳台幣報價⸝⸝꙳
ꉂ
Θ各國演唱會｜藝文活動｜
Θ體育賽事 ｜ 明星見面會｜
ꉂ
#演唱會代搶｜#演唱會現票
#演唱會門票｜#演唱會票務
ꉂ
︎︎.ᐟ未成年謹慎交易.ᐟ
︎︎.ᐟ誠信交易｜諮詢請有禮貌.ᐟ",business,,skipped,
fifteen_ticket,拾伍◝☆演唱會門票｜現票｜代搶｜撿漏｜,"❤️‍🔥ZB1 安可首爾場 會接❤️‍🔥
❤️‍🔥先進群來蹲蹲 ❤️‍🔥
❤️‍🔥第一手消息會在群內❤️‍🔥
❤️‍🔥社群網址❤️‍🔥
reurl.cc/k8p3x…",2025/12/23 11:50,"𝓕𝓘𝓕𝓣𝓔𝓔𝓝 ❁拾伍委託室❁ 𝓣𝓘𝓒𝓚𝓔𝓣
⸝⸝꙳Line:@052kmbiq⸝⸝꙳
⸝⸝꙳台幣報價⸝⸝꙳
ꉂ
Θ各國演唱會｜藝文活動｜
Θ體育賽事 ｜ 明星見面會｜
ꉂ
#演唱會代搶｜#演唱會現票
#演唱會門票｜#演唱會票務
ꉂ
︎︎.ᐟ未成年謹慎交易.ᐟ
︎︎.ᐟ誠信交易｜諮詢請有禮貌.ᐟ",business,,skipped,
fifteen_ticket,拾伍◝☆演唱會門票｜現票｜代搶｜撿漏｜,"❤️‍🔥Ateez  吉隆坡場 現票🈶❤️‍🔥
❤️‍🔥ATINY 前排🈶  需要🈶預算❤️‍🔥
❤️‍🔥歡迎入群自己查看表格、下單❤️‍🔥
💟拾伍專屬一手台幣報價表格💟
❤️‍🔥社群網址❤️‍🔥
reurl.cc/k8p3x…",2025/12/23 08:14,"𝓕𝓘𝓕𝓣𝓔𝓔𝓝 ❁拾伍委託室❁ 𝓣𝓘𝓒𝓚𝓔𝓣
⸝⸝꙳Line:@052kmbiq⸝⸝꙳
⸝⸝꙳台幣報價⸝⸝꙳
ꉂ
Θ各國演唱會｜藝文活動｜
Θ體育賽事 ｜ 明星見面會｜
ꉂ
#演唱會代搶｜#演唱會現票
#演唱會門票｜#演唱會票務
ꉂ
︎︎.ᐟ未成年謹慎交易.ᐟ
︎︎.ᐟ誠信交易｜諮詢請有禮貌.ᐟ",business,,skipped,
fifteen_ticket,拾伍◝☆演唱會門票｜現票｜代搶｜撿漏｜,"❤️‍🔥音樂緣計劃2 澳門場 現票🈶❤️‍🔥
❤️‍🔥歡迎私訊詢問報價唷！！❤️‍🔥",2025/12/23 02:07,"𝓕𝓘𝓕𝓣𝓔𝓔𝓝 ❁拾伍委託室❁ 𝓣𝓘𝓒𝓚𝓔𝓣
⸝⸝꙳Line:@052kmbiq⸝⸝꙳
⸝⸝꙳台幣報價⸝⸝꙳
ꉂ
Θ各國演唱會｜藝文活動｜
Θ體育賽事 ｜ 明星見面會｜
ꉂ
#演唱會代搶｜#演唱會現票
#演唱會門票｜#演唱會票務
ꉂ
︎︎.ᐟ未成年謹慎交易.ᐟ
︎︎.ᐟ誠信交易｜諮詢請有禮貌.ᐟ",business,,skipped,
fifteen_ticket,拾伍◝☆演唱會門票｜現票｜代搶｜撿漏｜,"❤️‍🔥fromis_9 首爾 代搶接單中❤️‍🔥
⏰開票日期：12.26
❤️‍🔥報價皆會包含原始票面❤️‍🔥
內場一排(備選前三）
內場前三
內場前五
內場前十
內場隨機
看台前五
看台隨機
加購選區+1500 （至少3個）
⚠️刷到不退不換 刷不中全退",2025/12/22 22:13,"𝓕𝓘𝓕𝓣𝓔𝓔𝓝 ❁拾伍委託室❁ 𝓣𝓘𝓒𝓚𝓔𝓣
⸝⸝꙳Line:@052kmbiq⸝⸝꙳
⸝⸝꙳台幣報價⸝⸝꙳
ꉂ
Θ各國演唱會｜藝文活動｜
Θ體育賽事 ｜ 明星見面會｜
ꉂ
#演唱會代搶｜#演唱會現票
#演唱會門票｜#演唱會票務
ꉂ
︎︎.ᐟ未成年謹慎交易.ᐟ
︎︎.ᐟ誠信交易｜諮詢請有禮貌.ᐟ",business,,skipped,
fifteen_ticket,拾伍◝☆演唱會門票｜現票｜代搶｜撿漏｜,❤️‍🔥休假一天❤️‍🔥,2025/12/22 22:07,"𝓕𝓘𝓕𝓣𝓔𝓔𝓝 ❁拾伍委託室❁ 𝓣𝓘𝓒𝓚𝓔𝓣
⸝⸝꙳Line:@052kmbiq⸝⸝꙳
⸝⸝꙳台幣報價⸝⸝꙳
ꉂ
Θ各國演唱會｜藝文活動｜
Θ體育賽事 ｜ 明星見面會｜
ꉂ
#演唱會代搶｜#演唱會現票
#演唱會門票｜#演唱會票務
ꉂ
︎︎.ᐟ未成年謹慎交易.ᐟ
︎︎.ᐟ誠信交易｜諮詢請有禮貌.ᐟ",business,,skipped,
fifteen_ticket,拾伍◝☆演唱會門票｜現票｜代搶｜撿漏｜,"❤️‍🔥MeAndThee 終映會代搶接單中❤️‍🔥
❤️‍🔥帶預算私訊詢問報價！❤️‍🔥
💰報價皆會包含原始票面💰
A2/3前三排
A2/3前五排
A2/3隨機
4500前三排
4500前五排
4500隨機
B3前三排
B3前五排
B3隨機
4000前三排
4000前五排
4000隨機
⚠️刷到不退不換 刷不到全額退款",2025/12/22 14:11,"𝓕𝓘𝓕𝓣𝓔𝓔𝓝 ❁拾伍委託室❁ 𝓣𝓘𝓒𝓚𝓔𝓣
⸝⸝꙳Line:@052kmbiq⸝⸝꙳
⸝⸝꙳台幣報價⸝⸝꙳
ꉂ
Θ各國演唱會｜藝文活動｜
Θ體育賽事 ｜ 明星見面會｜
ꉂ
#演唱會代搶｜#演唱會現票
#演唱會門票｜#演唱會票務
ꉂ
︎︎.ᐟ未成年謹慎交易.ᐟ
︎︎.ᐟ誠信交易｜諮詢請有禮貌.ᐟ",business,,skipped,
fifteen_ticket,拾伍◝☆演唱會門票｜現票｜代搶｜撿漏｜,"⚠️櫻花季接單只接到今天！⚠️
⚠️不接急單、不接回流！！⚠️
想要知道代搶報價的，入群看吧！
❤️‍🔥歡迎入群自己查看表格、下單❤️‍🔥
💟拾伍專屬一手台幣報價表格💟
❤️‍🔥社群網址❤️‍🔥
reurl.cc/k8p3x…",2025/12/22 13:37,"𝓕𝓘𝓕𝓣𝓔𝓔𝓝 ❁拾伍委託室❁ 𝓣𝓘𝓒𝓚𝓔𝓣
⸝⸝꙳Line:@052kmbiq⸝⸝꙳
⸝⸝꙳台幣報價⸝⸝꙳
ꉂ
Θ各國演唱會｜藝文活動｜
Θ體育賽事 ｜ 明星見面會｜
ꉂ
#演唱會代搶｜#演唱會現票
#演唱會門票｜#演唱會票務
ꉂ
︎︎.ᐟ未成年謹慎交易.ᐟ
︎︎.ᐟ誠信交易｜諮詢請有禮貌.ᐟ",business,,skipped,
fifteen_ticket,拾伍◝☆演唱會門票｜現票｜代搶｜撿漏｜,"❤️‍🔥金冬天生日會 客返照❤️‍🔥
❤️‍🔥客人是第一次找拾伍購票❤️‍🔥
客人第一次代搶、過戶，都交給拾伍
謝謝對拾伍的信任❤️‍🔥❤️‍🔥",2025/12/22 13:35,"𝓕𝓘𝓕𝓣𝓔𝓔𝓝 ❁拾伍委託室❁ 𝓣𝓘𝓒𝓚𝓔𝓣
⸝⸝꙳Line:@052kmbiq⸝⸝꙳
⸝⸝꙳台幣報價⸝⸝꙳
ꉂ
Θ各國演唱會｜藝文活動｜
Θ體育賽事 ｜ 明星見面會｜
ꉂ
#演唱會代搶｜#演唱會現票
#演唱會門票｜#演唱會票務
ꉂ
︎︎.ᐟ未成年謹慎交易.ᐟ
︎︎.ᐟ誠信交易｜諮詢請有禮貌.ᐟ",business,,skipped,
fifteen_ticket,拾伍◝☆演唱會門票｜現票｜代搶｜撿漏｜,"❤️‍🔥GMM 運動會 客返照❤️‍🔥
❤️‍🔥客人的位置視野真的好好啊❤️‍🔥
❤️‍🔥客人第一次找代搶就給拾伍❤️‍🔥
❤️‍🔥真的謝謝對拾伍的信任～❤️‍🔥
💟拾伍專屬一手台幣報價表格💟
❤️‍🔥歡迎入群自己查看表格、下單❤️‍🔥
❤️‍🔥社群網址❤️‍🔥
reurl.cc/k8p3x…",2025/12/22 13:29,"𝓕𝓘𝓕𝓣𝓔𝓔𝓝 ❁拾伍委託室❁ 𝓣𝓘𝓒𝓚𝓔𝓣
⸝⸝꙳Line:@052kmbiq⸝⸝꙳
⸝⸝꙳台幣報價⸝⸝꙳
ꉂ
Θ各國演唱會｜藝文活動｜
Θ體育賽事 ｜ 明星見面會｜
ꉂ
#演唱會代搶｜#演唱會現票
#演唱會門票｜#演唱會票務
ꉂ
︎︎.ᐟ未成年謹慎交易.ᐟ
︎︎.ᐟ誠信交易｜諮詢請有禮貌.ᐟ",business,,skipped,
fifteen_ticket,拾伍◝☆演唱會門票｜現票｜代搶｜撿漏｜,"❤️‍🔥靈魂重生 現票🈶❤️‍🔥
❤️‍🔥歡迎入群自己查看表格、下單❤️‍🔥
💟拾伍專屬一手台幣報價表格💟
❤️‍🔥社群網址❤️‍🔥
reurl.cc/k8p3x…",2025/12/21 15:32,"𝓕𝓘𝓕𝓣𝓔𝓔𝓝 ❁拾伍委託室❁ 𝓣𝓘𝓒𝓚𝓔𝓣
⸝⸝꙳Line:@052kmbiq⸝⸝꙳
⸝⸝꙳台幣報價⸝⸝꙳
ꉂ
Θ各國演唱會｜藝文活動｜
Θ體育賽事 ｜ 明星見面會｜
ꉂ
#演唱會代搶｜#演唱會現票
#演唱會門票｜#演唱會票務
ꉂ
︎︎.ᐟ未成年謹慎交易.ᐟ
︎︎.ᐟ誠信交易｜諮詢請有禮貌.ᐟ",business,,skipped,
fifteen_ticket,拾伍◝☆演唱會門票｜現票｜代搶｜撿漏｜,"❤️‍🔥李棟旭臺北見面會 現票🈶❤️‍🔥
❤️‍🔥歡迎入群自己查看表格、下單❤️‍🔥
💟拾伍專屬一手台幣報價表格💟
❤️‍🔥社群網址❤️‍🔥
reurl.cc/k8p3x…",2025/12/21 15:31,"𝓕𝓘𝓕𝓣𝓔𝓔𝓝 ❁拾伍委託室❁ 𝓣𝓘𝓒𝓚𝓔𝓣
⸝⸝꙳Line:@052kmbiq⸝⸝꙳
⸝⸝꙳台幣報價⸝⸝꙳
ꉂ
Θ各國演唱會｜藝文活動｜
Θ體育賽事 ｜ 明星見面會｜
ꉂ
#演唱會代搶｜#演唱會現票
#演唱會門票｜#演唱會票務
ꉂ
︎︎.ᐟ未成年謹慎交易.ᐟ
︎︎.ᐟ誠信交易｜諮詢請有禮貌.ᐟ",business,,skipped,
fifteen_ticket,拾伍◝☆演唱會門票｜現票｜代搶｜撿漏｜,"❤️‍🔥Ateez 過戶票 🈶現票❤️‍🔥
❤️‍🔥歡迎入群自己查看表格、下單❤️‍🔥
💟拾伍專屬一手台幣報價表格💟
❤️‍🔥社群網址❤️‍🔥
reurl.cc/k8p3x…",2025/12/21 15:30,"𝓕𝓘𝓕𝓣𝓔𝓔𝓝 ❁拾伍委託室❁ 𝓣𝓘𝓒𝓚𝓔𝓣
⸝⸝꙳Line:@052kmbiq⸝⸝꙳
⸝⸝꙳台幣報價⸝⸝꙳
ꉂ
Θ各國演唱會｜藝文活動｜
Θ體育賽事 ｜ 明星見面會｜
ꉂ
#演唱會代搶｜#演唱會現票
#演唱會門票｜#演唱會票務
ꉂ
︎︎.ᐟ未成年謹慎交易.ᐟ
︎︎.ᐟ誠信交易｜諮詢請有禮貌.ᐟ",business,,skipped,
fifteen_ticket,拾伍◝☆演唱會門票｜現票｜代搶｜撿漏｜,"❤️‍🔥歡迎入群自己查看表格、下單❤️‍🔥
💟拾伍專屬一手台幣報價表格💟
❤️‍🔥社群網址❤️‍🔥
reurl.cc/k8p3x…",2025/12/21 15:29,"𝓕𝓘𝓕𝓣𝓔𝓔𝓝 ❁拾伍委託室❁ 𝓣𝓘𝓒𝓚𝓔𝓣
⸝⸝꙳Line:@052kmbiq⸝⸝꙳
⸝⸝꙳台幣報價⸝⸝꙳
ꉂ
Θ各國演唱會｜藝文活動｜
Θ體育賽事 ｜ 明星見面會｜
ꉂ
#演唱會代搶｜#演唱會現票
#演唱會門票｜#演唱會票務
ꉂ
︎︎.ᐟ未成年謹慎交易.ᐟ
︎︎.ᐟ誠信交易｜諮詢請有禮貌.ᐟ",business,,skipped,
fifteen_ticket,拾伍◝☆演唱會門票｜現票｜代搶｜撿漏｜,"🔥Day6 配送票 穩穩交票🔥
❤️‍🔥拾伍出票，誠信安心❤️‍🔥
❤️‍🔥有空趕緊來做出單照，不然又要囤起來了⋯❤️‍🔥",2025/12/21 15:18,"𝓕𝓘𝓕𝓣𝓔𝓔𝓝 ❁拾伍委託室❁ 𝓣𝓘𝓒𝓚𝓔𝓣
⸝⸝꙳Line:@052kmbiq⸝⸝꙳
⸝⸝꙳台幣報價⸝⸝꙳
ꉂ
Θ各國演唱會｜藝文活動｜
Θ體育賽事 ｜ 明星見面會｜
ꉂ
#演唱會代搶｜#演唱會現票
#演唱會門票｜#演唱會票務
ꉂ
︎︎.ᐟ未成年謹慎交易.ᐟ
︎︎.ᐟ誠信交易｜諮詢請有禮貌.ᐟ",business,,skipped,
fifteen_ticket,拾伍◝☆演唱會門票｜現票｜代搶｜撿漏｜,"🔥PPW 終映會 代搶更新中🔥
⏰12.27開售
🔥帶預算私訊詢問報價唷！🔥
💰報價皆會包含原始票面我
4500隨機
4500指定A2/A3隨機
4500前五/貼舞台5座內（17號🈵）
4000隨機
4000指定B3隨機
3500隨機
3000隨機
2500隨機
2000隨機
1500隨機
⚠️刷到不退不換 刷不到全額退款",2025/12/21 13:38,"𝓕𝓘𝓕𝓣𝓔𝓔𝓝 ❁拾伍委託室❁ 𝓣𝓘𝓒𝓚𝓔𝓣
⸝⸝꙳Line:@052kmbiq⸝⸝꙳
⸝⸝꙳台幣報價⸝⸝꙳
ꉂ
Θ各國演唱會｜藝文活動｜
Θ體育賽事 ｜ 明星見面會｜
ꉂ
#演唱會代搶｜#演唱會現票
#演唱會門票｜#演唱會票務
ꉂ
︎︎.ᐟ未成年謹慎交易.ᐟ
︎︎.ᐟ誠信交易｜諮詢請有禮貌.ᐟ",business,,skipped,
fifteen_ticket,拾伍◝☆演唱會門票｜現票｜代搶｜撿漏｜,"🔥櫻花季 高雄 代搶接單中🔥
⏰12/23 ibon開票
🍖
🔥代搶費「不包含」票面🔥
3499票面隨機 代搶費4500元
2499票面隨機 代搶費4000元
1999票面隨機 代搶費3500元
999  票面隨機 代搶費3000元
⚠️刷到不退不換 刷不到全額退款
⚠️可從中信優先購開始搶",2025/12/21 12:22,"𝓕𝓘𝓕𝓣𝓔𝓔𝓝 ❁拾伍委託室❁ 𝓣𝓘𝓒𝓚𝓔𝓣
⸝⸝꙳Line:@052kmbiq⸝⸝꙳
⸝⸝꙳台幣報價⸝⸝꙳
ꉂ
Θ各國演唱會｜藝文活動｜
Θ體育賽事 ｜ 明星見面會｜
ꉂ
#演唱會代搶｜#演唱會現票
#演唱會門票｜#演唱會票務
ꉂ
︎︎.ᐟ未成年謹慎交易.ᐟ
︎︎.ᐟ誠信交易｜諮詢請有禮貌.ᐟ",business,,skipped,
fifteen_ticket,拾伍◝☆演唱會門票｜現票｜代搶｜撿漏｜,"🔥櫻花季門票 代搶接單中🔥
🐟
⏰12/23 ibon開票
🔥報價已包含票面🔥
3499座前五排-13000
3499座隨機-9500
2499隨機-8800
1999隨機-6500
999隨機-4000
❗️注意事項❗️
⚠️ 買到後不退不換 演出取消退票錢 演出延期不退款",2025/12/21 12:22,"𝓕𝓘𝓕𝓣𝓔𝓔𝓝 ❁拾伍委託室❁ 𝓣𝓘𝓒𝓚𝓔𝓣
⸝⸝꙳Line:@052kmbiq⸝⸝꙳
⸝⸝꙳台幣報價⸝⸝꙳
ꉂ
Θ各國演唱會｜藝文活動｜
Θ體育賽事 ｜ 明星見面會｜
ꉂ
#演唱會代搶｜#演唱會現票
#演唱會門票｜#演唱會票務
ꉂ
︎︎.ᐟ未成年謹慎交易.ᐟ
︎︎.ᐟ誠信交易｜諮詢請有禮貌.ᐟ",business,,skipped,
fifteen_ticket,拾伍◝☆演唱會門票｜現票｜代搶｜撿漏｜,"🔥SUPERJUNIOR高雄加場 代搶接單中🔥
⏰開票時間：12.22
❤️‍🔥Twice & SJ 前排全繳單的代刷老師❤️‍🔥
❤️‍🔥以下報價含票面🎟️
A1/A2區前五排
A1/A2區前十排
A1/A2區隨機-
A3/A4區前五排
A3/A4區前十排 
A3/A4區隨機
6680TWD隨機
6280TWD隨機
5680TWD前五
5680TWD隨機
4680TWD隨機
3680TWD隨機
2680TWD隨機
⚠️實名制沒有事後的現票
⚠️刷中不退不換，刷不中全退
⚠️需要提供拓元帳號密碼，不能接受的繞道",2025/12/21 12:21,"𝓕𝓘𝓕𝓣𝓔𝓔𝓝 ❁拾伍委託室❁ 𝓣𝓘𝓒𝓚𝓔𝓣
⸝⸝꙳Line:@052kmbiq⸝⸝꙳
⸝⸝꙳台幣報價⸝⸝꙳
ꉂ
Θ各國演唱會｜藝文活動｜
Θ體育賽事 ｜ 明星見面會｜
ꉂ
#演唱會代搶｜#演唱會現票
#演唱會門票｜#演唱會票務
ꉂ
︎︎.ᐟ未成年謹慎交易.ᐟ
︎︎.ᐟ誠信交易｜諮詢請有禮貌.ᐟ",business,,skipped,
fifteen_ticket,拾伍◝☆演唱會門票｜現票｜代搶｜撿漏｜,"❤️‍🔥蔡依林 台北場 限時優惠 ❤️‍🔥
❤️‍🔥6990內場/看台隨機 ❤️‍🔥
🔥一張 8980台幣🔥
許多人問完都說再想想，
再想想的下一瞬就是售完啦！！
這個價格不拿真的瘋掉～
客人都雙連、四連⋯直接帶！！
剩餘的組數只有這些～❤️‍🔥
私訊來下單吧！！
私訊官方line 下單
lin.ee/TSFuQ…",2025/12/21 12:18,"𝓕𝓘𝓕𝓣𝓔𝓔𝓝 ❁拾伍委託室❁ 𝓣𝓘𝓒𝓚𝓔𝓣
⸝⸝꙳Line:@052kmbiq⸝⸝꙳
⸝⸝꙳台幣報價⸝⸝꙳
ꉂ
Θ各國演唱會｜藝文活動｜
Θ體育賽事 ｜ 明星見面會｜
ꉂ
#演唱會代搶｜#演唱會現票
#演唱會門票｜#演唱會票務
ꉂ
︎︎.ᐟ未成年謹慎交易.ᐟ
︎︎.ᐟ誠信交易｜諮詢請有禮貌.ᐟ",business,,skipped,
fifteen_ticket,拾伍◝☆演唱會門票｜現票｜代搶｜撿漏｜,"❤️‍🔥GMM Riser 現票 🈶❤️‍🔥
❤️‍🔥帶區域、預算來詢問在！！❤️‍🔥",2025/12/21 11:56,"𝓕𝓘𝓕𝓣𝓔𝓔𝓝 ❁拾伍委託室❁ 𝓣𝓘𝓒𝓚𝓔𝓣
⸝⸝꙳Line:@052kmbiq⸝⸝꙳
⸝⸝꙳台幣報價⸝⸝꙳
ꉂ
Θ各國演唱會｜藝文活動｜
Θ體育賽事 ｜ 明星見面會｜
ꉂ
#演唱會代搶｜#演唱會現票
#演唱會門票｜#演唱會票務
ꉂ
︎︎.ᐟ未成年謹慎交易.ᐟ
︎︎.ᐟ誠信交易｜諮詢請有禮貌.ᐟ",business,,skipped,
fifteen_ticket,拾伍◝☆演唱會門票｜現票｜代搶｜撿漏｜,"❤️‍🔥蔡依林 台北場 限時優惠 ❤️‍🔥
❤️‍🔥6990內場/看台隨機 ❤️‍🔥
🔥一張 8980台幣🔥
許多人問完都說再想想，
再想想的下一瞬就是售完啦！！
這個價格不拿真的瘋掉～
客人都雙連、四連⋯直接帶！！
剩餘的組數只有這些～❤️‍🔥
私訊來下單吧！！
私訊官方line 下單
lin.ee/TSFuQ…",2025/12/21 00:03,"𝓕𝓘𝓕𝓣𝓔𝓔𝓝 ❁拾伍委託室❁ 𝓣𝓘𝓒𝓚𝓔𝓣
⸝⸝꙳Line:@052kmbiq⸝⸝꙳
⸝⸝꙳台幣報價⸝⸝꙳
ꉂ
Θ各國演唱會｜藝文活動｜
Θ體育賽事 ｜ 明星見面會｜
ꉂ
#演唱會代搶｜#演唱會現票
#演唱會門票｜#演唱會票務
ꉂ
︎︎.ᐟ未成年謹慎交易.ᐟ
︎︎.ᐟ誠信交易｜諮詢請有禮貌.ᐟ",business,,skipped,
fifteen_ticket,拾伍◝☆演唱會門票｜現票｜代搶｜撿漏｜,"PROXIE 1st FANCON 台北 代搶接單中
⏰開票日期：1.9
❤️‍🔥價格為總價包含票面❤️‍🔥
A1/A2 前三排
A1/A2 前五排
A1/A2 隨機
B1/B2 隨機
C1/C2 隨機
D1/D2隨機
⚠️自備認證好的會員帳號
⚠️搶到不退不換 搶不到全額退
⚠️演出延期保留 取消僅退票面",2025/12/20 22:14,"𝓕𝓘𝓕𝓣𝓔𝓔𝓝 ❁拾伍委託室❁ 𝓣𝓘𝓒𝓚𝓔𝓣
⸝⸝꙳Line:@052kmbiq⸝⸝꙳
⸝⸝꙳台幣報價⸝⸝꙳
ꉂ
Θ各國演唱會｜藝文活動｜
Θ體育賽事 ｜ 明星見面會｜
ꉂ
#演唱會代搶｜#演唱會現票
#演唱會門票｜#演唱會票務
ꉂ
︎︎.ᐟ未成年謹慎交易.ᐟ
︎︎.ᐟ誠信交易｜諮詢請有禮貌.ᐟ",business,,skipped,
fifteen_ticket,拾伍◝☆演唱會門票｜現票｜代搶｜撿漏｜,"❤️‍🔥Ateez 首爾 過戶票❤️‍🔥
❤️‍🔥內場/看台 都🈶 ，入群看報價❤️‍🔥
❤️‍🔥萬出頭把內場代走，不甜嗎❤️‍🔥
❤️‍🔥有符合預算的，私訊官方Line 下單❤️‍🔥
拾伍委託室 🔥官方line
lin.ee/TSFuQ…",2025/12/20 14:31,"𝓕𝓘𝓕𝓣𝓔𝓔𝓝 ❁拾伍委託室❁ 𝓣𝓘𝓒𝓚𝓔𝓣
⸝⸝꙳Line:@052kmbiq⸝⸝꙳
⸝⸝꙳台幣報價⸝⸝꙳
ꉂ
Θ各國演唱會｜藝文活動｜
Θ體育賽事 ｜ 明星見面會｜
ꉂ
#演唱會代搶｜#演唱會現票
#演唱會門票｜#演唱會票務
ꉂ
︎︎.ᐟ未成年謹慎交易.ᐟ
︎︎.ᐟ誠信交易｜諮詢請有禮貌.ᐟ",business,,skipped,
fifteen_ticket,拾伍◝☆演唱會門票｜現票｜代搶｜撿漏｜,"❤️‍🔥2026 新加坡跨年場  現票🈶❤️‍🔥
❤️‍🔥歡迎私訊詢問報價啦！！❤️‍🔥",2025/12/19 23:10,"𝓕𝓘𝓕𝓣𝓔𝓔𝓝 ❁拾伍委託室❁ 𝓣𝓘𝓒𝓚𝓔𝓣
⸝⸝꙳Line:@052kmbiq⸝⸝꙳
⸝⸝꙳台幣報價⸝⸝꙳
ꉂ
Θ各國演唱會｜藝文活動｜
Θ體育賽事 ｜ 明星見面會｜
ꉂ
#演唱會代搶｜#演唱會現票
#演唱會門票｜#演唱會票務
ꉂ
︎︎.ᐟ未成年謹慎交易.ᐟ
︎︎.ᐟ誠信交易｜諮詢請有禮貌.ᐟ",business,,skipped,
fifteen_ticket,拾伍◝☆演唱會門票｜現票｜代搶｜撿漏｜,"❤️‍🔥Super junior 澳門 現票🈶❤️‍🔥
❤️‍🔥給日期、區域，帶預算詢問❤️‍🔥",2025/12/19 23:08,"𝓕𝓘𝓕𝓣𝓔𝓔𝓝 ❁拾伍委託室❁ 𝓣𝓘𝓒𝓚𝓔𝓣
⸝⸝꙳Line:@052kmbiq⸝⸝꙳
⸝⸝꙳台幣報價⸝⸝꙳
ꉂ
Θ各國演唱會｜藝文活動｜
Θ體育賽事 ｜ 明星見面會｜
ꉂ
#演唱會代搶｜#演唱會現票
#演唱會門票｜#演唱會票務
ꉂ
︎︎.ᐟ未成年謹慎交易.ᐟ
︎︎.ᐟ誠信交易｜諮詢請有禮貌.ᐟ",business,,skipped,
fifteen_ticket,拾伍◝☆演唱會門票｜現票｜代搶｜撿漏｜,"❤️‍🔥Seventeen 新加坡 現票🈶❤️‍🔥
❤️‍🔥帶預算私訊詢問報價唷❤️‍🔥",2025/12/19 23:07,"𝓕𝓘𝓕𝓣𝓔𝓔𝓝 ❁拾伍委託室❁ 𝓣𝓘𝓒𝓚𝓔𝓣
⸝⸝꙳Line:@052kmbiq⸝⸝꙳
⸝⸝꙳台幣報價⸝⸝꙳
ꉂ
Θ各國演唱會｜藝文活動｜
Θ體育賽事 ｜ 明星見面會｜
ꉂ
#演唱會代搶｜#演唱會現票
#演唱會門票｜#演唱會票務
ꉂ
︎︎.ᐟ未成年謹慎交易.ᐟ
︎︎.ᐟ誠信交易｜諮詢請有禮貌.ᐟ",business,,skipped,
fifteen_ticket,拾伍◝☆演唱會門票｜現票｜代搶｜撿漏｜,"🔥櫻花季 高雄 代搶接單中🔥
⏰12/23 ibon開票
❤️‍🔥帶預算詢問，私訊給報價❤️‍🔥
🔥報價已包含票面🔥
3499座前三 
3499座前五
3499座隨機
2499座前三
2499座前五
2499座隨機
1999隨機
999隨機
⚠️刷到不退不換 刷不到全額退款
⚠️ 中信卡友優先購或許需提供卡號（待定），一般公售不用",2025/12/19 21:17,"𝓕𝓘𝓕𝓣𝓔𝓔𝓝 ❁拾伍委託室❁ 𝓣𝓘𝓒𝓚𝓔𝓣
⸝⸝꙳Line:@052kmbiq⸝⸝꙳
⸝⸝꙳台幣報價⸝⸝꙳
ꉂ
Θ各國演唱會｜藝文活動｜
Θ體育賽事 ｜ 明星見面會｜
ꉂ
#演唱會代搶｜#演唱會現票
#演唱會門票｜#演唱會票務
ꉂ
︎︎.ᐟ未成年謹慎交易.ᐟ
︎︎.ᐟ誠信交易｜諮詢請有禮貌.ᐟ",business,,skipped,
fifteen_ticket,拾伍◝☆演唱會門票｜現票｜代搶｜撿漏｜,"❤️‍🔥Ateez 見面會 過戶票🈶❤️‍🔥
❤️‍🔥帶預算私訊詢問唷！！❤️‍🔥",2025/12/19 21:08,"𝓕𝓘𝓕𝓣𝓔𝓔𝓝 ❁拾伍委託室❁ 𝓣𝓘𝓒𝓚𝓔𝓣
⸝⸝꙳Line:@052kmbiq⸝⸝꙳
⸝⸝꙳台幣報價⸝⸝꙳
ꉂ
Θ各國演唱會｜藝文活動｜
Θ體育賽事 ｜ 明星見面會｜
ꉂ
#演唱會代搶｜#演唱會現票
#演唱會門票｜#演唱會票務
ꉂ
︎︎.ᐟ未成年謹慎交易.ᐟ
︎︎.ᐟ誠信交易｜諮詢請有禮貌.ᐟ",business,,skipped,
fifteen_ticket,拾伍◝☆演唱會門票｜現票｜代搶｜撿漏｜,"🔥櫻花季 高雄 代搶接單中🔥
⏰12/23 ibon開票
🔥代搶費「不包含」票面🔥
3499票面 代搶費4500元
2499票面 代搶費4000元
1999票面 代搶費3500元
999  票面 代搶費3000元
⚠️刷到不退不換 刷不到全額退款
⚠️可從中信優先購開始搶",2025/12/19 19:57,"𝓕𝓘𝓕𝓣𝓔𝓔𝓝 ❁拾伍委託室❁ 𝓣𝓘𝓒𝓚𝓔𝓣
⸝⸝꙳Line:@052kmbiq⸝⸝꙳
⸝⸝꙳台幣報價⸝⸝꙳
ꉂ
Θ各國演唱會｜藝文活動｜
Θ體育賽事 ｜ 明星見面會｜
ꉂ
#演唱會代搶｜#演唱會現票
#演唱會門票｜#演唱會票務
ꉂ
︎︎.ᐟ未成年謹慎交易.ᐟ
︎︎.ᐟ誠信交易｜諮詢請有禮貌.ᐟ",business,,skipped,
fifteen_ticket,拾伍◝☆演唱會門票｜現票｜代搶｜撿漏｜,"❤️‍🔥小英雄 過戶票 成交❤️‍🔥
❤️‍🔥小英雄現在價格好，可以詢問❤️‍🔥",2025/12/19 19:08,"𝓕𝓘𝓕𝓣𝓔𝓔𝓝 ❁拾伍委託室❁ 𝓣𝓘𝓒𝓚𝓔𝓣
⸝⸝꙳Line:@052kmbiq⸝⸝꙳
⸝⸝꙳台幣報價⸝⸝꙳
ꉂ
Θ各國演唱會｜藝文活動｜
Θ體育賽事 ｜ 明星見面會｜
ꉂ
#演唱會代搶｜#演唱會現票
#演唱會門票｜#演唱會票務
ꉂ
︎︎.ᐟ未成年謹慎交易.ᐟ
︎︎.ᐟ誠信交易｜諮詢請有禮貌.ᐟ",business,,skipped,
fifteen_ticket,拾伍◝☆演唱會門票｜現票｜代搶｜撿漏｜,"❤️‍🔥李俊昊 代搶成交 ❤️‍🔥
❤️‍🔥抓個空檔發個成交紀錄❤️‍🔥",2025/12/19 18:41,"𝓕𝓘𝓕𝓣𝓔𝓔𝓝 ❁拾伍委託室❁ 𝓣𝓘𝓒𝓚𝓔𝓣
⸝⸝꙳Line:@052kmbiq⸝⸝꙳
⸝⸝꙳台幣報價⸝⸝꙳
ꉂ
Θ各國演唱會｜藝文活動｜
Θ體育賽事 ｜ 明星見面會｜
ꉂ
#演唱會代搶｜#演唱會現票
#演唱會門票｜#演唱會票務
ꉂ
︎︎.ᐟ未成年謹慎交易.ᐟ
︎︎.ᐟ誠信交易｜諮詢請有禮貌.ᐟ",business,,skipped,
fifteen_ticket,拾伍◝☆演唱會門票｜現票｜代搶｜撿漏｜,"❤️‍🔥權志龍 首爾場  交票紀錄❤️‍🔥
❤️‍🔥拾伍比較喜歡賣過戶票，一來是因為到現場客人比較不會焦慮，二來是福利、周邊都會享有❤️‍🔥
❤️‍🔥這次客人都有穩穩入場，開心❤️‍🔥",2025/12/19 18:40,"𝓕𝓘𝓕𝓣𝓔𝓔𝓝 ❁拾伍委託室❁ 𝓣𝓘𝓒𝓚𝓔𝓣
⸝⸝꙳Line:@052kmbiq⸝⸝꙳
⸝⸝꙳台幣報價⸝⸝꙳
ꉂ
Θ各國演唱會｜藝文活動｜
Θ體育賽事 ｜ 明星見面會｜
ꉂ
#演唱會代搶｜#演唱會現票
#演唱會門票｜#演唱會票務
ꉂ
︎︎.ᐟ未成年謹慎交易.ᐟ
︎︎.ᐟ誠信交易｜諮詢請有禮貌.ᐟ",business,,skipped,
fifteen_ticket,拾伍◝☆演唱會門票｜現票｜代搶｜撿漏｜,"❤️‍🔥金唱片 代搶成交記錄❤️‍🔥
❤️‍🔥一開代搶價格，跟清票都是一樣價格都是一樣的，不會說清票就比較便宜！❤️‍🔥
⚠️實名制場次，想要自己搶當然沒問題，搶不到的話，事後是不會有現票，這個風險也需要考慮進去！⚠️",2025/12/19 18:39,"𝓕𝓘𝓕𝓣𝓔𝓔𝓝 ❁拾伍委託室❁ 𝓣𝓘𝓒𝓚𝓔𝓣
⸝⸝꙳Line:@052kmbiq⸝⸝꙳
⸝⸝꙳台幣報價⸝⸝꙳
ꉂ
Θ各國演唱會｜藝文活動｜
Θ體育賽事 ｜ 明星見面會｜
ꉂ
#演唱會代搶｜#演唱會現票
#演唱會門票｜#演唱會票務
ꉂ
︎︎.ᐟ未成年謹慎交易.ᐟ
︎︎.ᐟ誠信交易｜諮詢請有禮貌.ᐟ",business,,skipped,
fifteen_ticket,拾伍◝☆演唱會門票｜現票｜代搶｜撿漏｜,"❤️‍🔥最近的出單記錄 淺放幾張❤️‍🔥
❤️‍🔥這陣子比較忙，之後有空再好好整理❤️‍🔥",2025/12/19 18:21,"𝓕𝓘𝓕𝓣𝓔𝓔𝓝 ❁拾伍委託室❁ 𝓣𝓘𝓒𝓚𝓔𝓣
⸝⸝꙳Line:@052kmbiq⸝⸝꙳
⸝⸝꙳台幣報價⸝⸝꙳
ꉂ
Θ各國演唱會｜藝文活動｜
Θ體育賽事 ｜ 明星見面會｜
ꉂ
#演唱會代搶｜#演唱會現票
#演唱會門票｜#演唱會票務
ꉂ
︎︎.ᐟ未成年謹慎交易.ᐟ
︎︎.ᐟ誠信交易｜諮詢請有禮貌.ᐟ",business,,skipped,
fifteen_ticket,拾伍◝☆演唱會門票｜現票｜代搶｜撿漏｜,"🔥FTISLAND台北 代搶接單中🔥
以下報價含票面🎟
A2第一排（需備選前三）
A2前三排
A2前五排
6980第一排
6980前三排
6980前五排
6980隨機
⚠️刷到不退不換 刷不到全額退款",2025/12/19 13:51,"𝓕𝓘𝓕𝓣𝓔𝓔𝓝 ❁拾伍委託室❁ 𝓣𝓘𝓒𝓚𝓔𝓣
⸝⸝꙳Line:@052kmbiq⸝⸝꙳
⸝⸝꙳台幣報價⸝⸝꙳
ꉂ
Θ各國演唱會｜藝文活動｜
Θ體育賽事 ｜ 明星見面會｜
ꉂ
#演唱會代搶｜#演唱會現票
#演唱會門票｜#演唱會票務
ꉂ
︎︎.ᐟ未成年謹慎交易.ᐟ
︎︎.ᐟ誠信交易｜諮詢請有禮貌.ᐟ",business,,skipped,
fifteen_ticket,拾伍◝☆演唱會門票｜現票｜代搶｜撿漏｜,"🔥TWS高雄加場  代搶接單中🔥
⏰12.28 ｜tixcraft開票
報價含票面🎟
特2/3區前五排（需備選）
特2/3區前十排
特2/3區隨機
特1/4區前十排 
特1/4區隨機
5980TWD看台前五
5980TWD隨機
4680TWD隨機
3480TWD 隨機
⚠️刷到不退不換 刷不到全額退款
⚠️需提供拓元帳號
官方line 私訊下單
lin.ee/TSFuQ…",2025/12/19 13:26,"𝓕𝓘𝓕𝓣𝓔𝓔𝓝 ❁拾伍委託室❁ 𝓣𝓘𝓒𝓚𝓔𝓣
⸝⸝꙳Line:@052kmbiq⸝⸝꙳
⸝⸝꙳台幣報價⸝⸝꙳
ꉂ
Θ各國演唱會｜藝文活動｜
Θ體育賽事 ｜ 明星見面會｜
ꉂ
#演唱會代搶｜#演唱會現票
#演唱會門票｜#演唱會票務
ꉂ
︎︎.ᐟ未成年謹慎交易.ᐟ
︎︎.ᐟ誠信交易｜諮詢請有禮貌.ᐟ",business,,skipped,
fifteen_ticket,拾伍◝☆演唱會門票｜現票｜代搶｜撿漏｜,"🔥蔡依林台北場 現票🈶🔥
🔥萬元初至萬元以內拿下內場🔥
🔥可以挑選想要的區域排數🔥
❤️‍🔥入群看報價、私訊官方Line下單❤️‍🔥",2025/12/19 07:39,"𝓕𝓘𝓕𝓣𝓔𝓔𝓝 ❁拾伍委託室❁ 𝓣𝓘𝓒𝓚𝓔𝓣
⸝⸝꙳Line:@052kmbiq⸝⸝꙳
⸝⸝꙳台幣報價⸝⸝꙳
ꉂ
Θ各國演唱會｜藝文活動｜
Θ體育賽事 ｜ 明星見面會｜
ꉂ
#演唱會代搶｜#演唱會現票
#演唱會門票｜#演唱會票務
ꉂ
︎︎.ᐟ未成年謹慎交易.ᐟ
︎︎.ᐟ誠信交易｜諮詢請有禮貌.ᐟ",business,,skipped,
fifteen_ticket,拾伍◝☆演唱會門票｜現票｜代搶｜撿漏｜,"❤️‍🔥LE SSERAFIM 過戶票 超甜價❤️‍🔥
🔥內場只要1萬出頭有找！！🔥
🔥看台萬元以內就可以入手！！🔥
❤️‍🔥而且是！！過戶票！！ 不用經歷手環票之亂～❤️‍🔥
😘加入社群查看報價，私訊下單！",2025/12/19 00:05,"𝓕𝓘𝓕𝓣𝓔𝓔𝓝 ❁拾伍委託室❁ 𝓣𝓘𝓒𝓚𝓔𝓣
⸝⸝꙳Line:@052kmbiq⸝⸝꙳
⸝⸝꙳台幣報價⸝⸝꙳
ꉂ
Θ各國演唱會｜藝文活動｜
Θ體育賽事 ｜ 明星見面會｜
ꉂ
#演唱會代搶｜#演唱會現票
#演唱會門票｜#演唱會票務
ꉂ
︎︎.ᐟ未成年謹慎交易.ᐟ
︎︎.ᐟ誠信交易｜諮詢請有禮貌.ᐟ",business,,skipped,
fifteen_ticket,拾伍◝☆演唱會門票｜現票｜代搶｜撿漏｜,"🔥Day6 過戶票 🔥
🔥下單後秒過戶🔥
⚠️可選20號 21號⚠️
內場隨機 💰12000
首層看台隨機 💰11000
❤️‍🔥想要過戶票的，選這個❤️‍🔥",2025/12/18 22:04,"𝓕𝓘𝓕𝓣𝓔𝓔𝓝 ❁拾伍委託室❁ 𝓣𝓘𝓒𝓚𝓔𝓣
⸝⸝꙳Line:@052kmbiq⸝⸝꙳
⸝⸝꙳台幣報價⸝⸝꙳
ꉂ
Θ各國演唱會｜藝文活動｜
Θ體育賽事 ｜ 明星見面會｜
ꉂ
#演唱會代搶｜#演唱會現票
#演唱會門票｜#演唱會票務
ꉂ
︎︎.ᐟ未成年謹慎交易.ᐟ
︎︎.ᐟ誠信交易｜諮詢請有禮貌.ᐟ",business,,skipped,
fifteen_ticket,拾伍◝☆演唱會門票｜現票｜代搶｜撿漏｜,"🔥Xdinary Heroes 撿漏接單中🔥
🔥報價皆已包含原始票面🔥
內場隨機 💰8000
看台隨機 💰7000
🔥刷中不退不換，刷不中全退🔥
｡oＯo｡.:♥:.｡oＯo｡.:♥:.｡oＯo｡.:♥
⚠️撿漏遵守須知⚠️
1️⃣撤單需提前報備，當天12點統一下機，不能隨時停
2️⃣下單日隔日起算，掛滿48-72小時，中途不撤單。
🚫剛完成過戶、以及票夾內有票的請勿下單撿漏！
🚫請勿找多個代刷老師進行撿漏，如有頂號、造成掉票，不退還任何費用。",2025/12/18 10:07,"𝓕𝓘𝓕𝓣𝓔𝓔𝓝 ❁拾伍委託室❁ 𝓣𝓘𝓒𝓚𝓔𝓣
⸝⸝꙳Line:@052kmbiq⸝⸝꙳
⸝⸝꙳台幣報價⸝⸝꙳
ꉂ
Θ各國演唱會｜藝文活動｜
Θ體育賽事 ｜ 明星見面會｜
ꉂ
#演唱會代搶｜#演唱會現票
#演唱會門票｜#演唱會票務
ꉂ
︎︎.ᐟ未成年謹慎交易.ᐟ
︎︎.ᐟ誠信交易｜諮詢請有禮貌.ᐟ",business,,skipped,
fifteen_ticket,拾伍◝☆演唱會門票｜現票｜代搶｜撿漏｜,"🔥 赫海 FM 首爾 撿漏接單中🔥
🔥報價皆已包含原始票面🔥
內場BCFGK區隨機 💰9500
全場隨機 💰7500
🔥刷中不退不換，刷不中全退🔥
｡oＯo｡.:♥:.｡oＯo｡.:♥:.｡oＯo｡.:♥
⚠️撿漏遵守須知⚠️
1️⃣撤單需提前報備，當天12點統一下機，不能隨時停
2️⃣下單日隔日起算，掛滿48-72小時，中途不撤單。
🚫剛完成過戶、以及票夾內有票的請勿下單撿漏！
🚫請勿找多個代刷老師進行撿漏，如有頂號、造成掉票，不退還任何費用。",2025/12/18 10:06,"𝓕𝓘𝓕𝓣𝓔𝓔𝓝 ❁拾伍委託室❁ 𝓣𝓘𝓒𝓚𝓔𝓣
⸝⸝꙳Line:@052kmbiq⸝⸝꙳
⸝⸝꙳台幣報價⸝⸝꙳
ꉂ
Θ各國演唱會｜藝文活動｜
Θ體育賽事 ｜ 明星見面會｜
ꉂ
#演唱會代搶｜#演唱會現票
#演唱會門票｜#演唱會票務
ꉂ
︎︎.ᐟ未成年謹慎交易.ᐟ
︎︎.ᐟ誠信交易｜諮詢請有禮貌.ᐟ",business,,skipped,
fifteen_ticket,拾伍◝☆演唱會門票｜現票｜代搶｜撿漏｜,"🔥 Lesserafim 首爾 撿漏接單中🔥
🔥報價皆已包含原始票面🔥
內場隨機 💰10000
一層看台隨機💰9000
全場隨機 💰8500
🔥刷中不退不換，刷不中全退🔥
｡oＯo｡.:♥:.｡oＯo｡.:♥:.｡oＯo｡.:♥
⚠️撿漏遵守須知⚠️
1️⃣撤單需提前報備，當天12點統一下機，不能隨時停
2️⃣下單日隔日起算，掛滿48-72小時，中途不撤單。
🚫剛完成過戶、以及票夾內有票的請勿下單撿漏！
🚫請勿找多個代刷老師進行撿漏，如有頂號、造成掉票，不退還任何費用。",2025/12/18 10:05,"𝓕𝓘𝓕𝓣𝓔𝓔𝓝 ❁拾伍委託室❁ 𝓣𝓘𝓒𝓚𝓔𝓣
⸝⸝꙳Line:@052kmbiq⸝⸝꙳
⸝⸝꙳台幣報價⸝⸝꙳
ꉂ
Θ各國演唱會｜藝文活動｜
Θ體育賽事 ｜ 明星見面會｜
ꉂ
#演唱會代搶｜#演唱會現票
#演唱會門票｜#演唱會票務
ꉂ
︎︎.ᐟ未成年謹慎交易.ᐟ
︎︎.ᐟ誠信交易｜諮詢請有禮貌.ᐟ",business,,skipped,
fifteen_ticket,拾伍◝☆演唱會門票｜現票｜代搶｜撿漏｜,"🔥 CxM小分隊 仁川 撿漏接單中🔥
🔥報價皆已包含原始票面🔥
內場隨機  💰13000
一層看台隨機 💰10500
二層看台隨機 💰9000
🔥刷中不退不換，刷不中全退🔥
｡oＯo｡.:♥:.｡oＯo｡.:♥:.｡oＯo｡.:♥
⚠️撿漏遵守須知⚠️
1️⃣撤單需提前報備，當天12點統一下機，不能隨時停
2️⃣下單日隔日起算，掛滿48-72小時，中途不撤單。
🚫剛完成過戶、以及票夾內有票的請勿下單撿漏！
🚫請勿找多個代刷老師進行撿漏，如有頂號、造成掉票，不退還任何費用。",2025/12/18 10:03,"𝓕𝓘𝓕𝓣𝓔𝓔𝓝 ❁拾伍委託室❁ 𝓣𝓘𝓒𝓚𝓔𝓣
⸝⸝꙳Line:@052kmbiq⸝⸝꙳
⸝⸝꙳台幣報價⸝⸝꙳
ꉂ
Θ各國演唱會｜藝文活動｜
Θ體育賽事 ｜ 明星見面會｜
ꉂ
#演唱會代搶｜#演唱會現票
#演唱會門票｜#演唱會票務
ꉂ
︎︎.ᐟ未成年謹慎交易.ᐟ
︎︎.ᐟ誠信交易｜諮詢請有禮貌.ᐟ",business,,skipped,
fifteen_ticket,拾伍◝☆演唱會門票｜現票｜代搶｜撿漏｜,"🔥 idle首爾 撿漏接單中🔥
🔥報價皆已包含原始票面🔥
內場隨機 💰9600
vip看台隨機 💰9000
一層普通看台隨機 💰8000
二層看台前三 💰8000
二層看台前五 💰7500
🔥刷中不退不換，刷不中全退🔥
｡oＯo｡.:♥:.｡oＯo｡.:♥:.｡oＯo｡.:♥
⚠️撿漏遵守須知⚠️
1️⃣撤單需提前報備，當天12點統一下機，不能隨時停
2️⃣下單日隔日起算，掛滿48-72小時，中途不撤單。
🚫剛完成過戶、以及票夾內有票的請勿下單撿漏！
🚫請勿找多個代刷老師進行撿漏，如有頂號、造成掉票，不退還任何費用。",2025/12/18 10:01,"𝓕𝓘𝓕𝓣𝓔𝓔𝓝 ❁拾伍委託室❁ 𝓣𝓘𝓒𝓚𝓔𝓣
⸝⸝꙳Line:@052kmbiq⸝⸝꙳
⸝⸝꙳台幣報價⸝⸝꙳
ꉂ
Θ各國演唱會｜藝文活動｜
Θ體育賽事 ｜ 明星見面會｜
ꉂ
#演唱會代搶｜#演唱會現票
#演唱會門票｜#演唱會票務
ꉂ
︎︎.ᐟ未成年謹慎交易.ᐟ
︎︎.ᐟ誠信交易｜諮詢請有禮貌.ᐟ",business,,skipped,
fifteen_ticket,拾伍◝☆演唱會門票｜現票｜代搶｜撿漏｜,"❤️‍🔥李棟旭台北見面會 代搶接單中❤️‍🔥
⏰12.19KKTIX開票
🔥報價皆會包含票面🎟️
SVIP第一排
SVIP前三排
SVIP前五排
SVIP前十排
SVIP隨機
⚠️刷到不退不換 刷不到全額退款",2025/12/18 07:03,"𝓕𝓘𝓕𝓣𝓔𝓔𝓝 ❁拾伍委託室❁ 𝓣𝓘𝓒𝓚𝓔𝓣
⸝⸝꙳Line:@052kmbiq⸝⸝꙳
⸝⸝꙳台幣報價⸝⸝꙳
ꉂ
Θ各國演唱會｜藝文活動｜
Θ體育賽事 ｜ 明星見面會｜
ꉂ
#演唱會代搶｜#演唱會現票
#演唱會門票｜#演唱會票務
ꉂ
︎︎.ᐟ未成年謹慎交易.ᐟ
︎︎.ᐟ誠信交易｜諮詢請有禮貌.ᐟ",business,,skipped,
fifteen_ticket,拾伍◝☆演唱會門票｜現票｜代搶｜撿漏｜,"❤️‍🔥上海見面會 代搶接單❤️‍🔥
🔥報價會包含票面🔥
🈶 VIP 
🈶 SVIP
❤️‍🔥私訊詢問報價
⚠️刷中不退不換，不中全退
⚠️下單提供想要的檔位+數量+姓名+台胞證號+手機+收貨地",2025/12/17 22:38,"𝓕𝓘𝓕𝓣𝓔𝓔𝓝 ❁拾伍委託室❁ 𝓣𝓘𝓒𝓚𝓔𝓣
⸝⸝꙳Line:@052kmbiq⸝⸝꙳
⸝⸝꙳台幣報價⸝⸝꙳
ꉂ
Θ各國演唱會｜藝文活動｜
Θ體育賽事 ｜ 明星見面會｜
ꉂ
#演唱會代搶｜#演唱會現票
#演唱會門票｜#演唱會票務
ꉂ
︎︎.ᐟ未成年謹慎交易.ᐟ
︎︎.ᐟ誠信交易｜諮詢請有禮貌.ᐟ",business,,skipped,
fifteen_ticket,拾伍◝☆演唱會門票｜現票｜代搶｜撿漏｜,"❤️‍🔥ATEEZ FM 首爾 代搶接單中❤️‍🔥
⏰itp 12.19開票
💰報價皆會包含原始票面💰
內場第一排（備選前三）
內場前三
內場前五
內場前十
內場隨機
看台隨機
🉑加購選區+1500，至少2個
⚠️自備好會員碼認證
⚠️刷到不退不換，刷不到全退",2025/12/17 08:44,"𝓕𝓘𝓕𝓣𝓔𝓔𝓝 ❁拾伍委託室❁ 𝓣𝓘𝓒𝓚𝓔𝓣
⸝⸝꙳Line:@052kmbiq⸝⸝꙳
⸝⸝꙳台幣報價⸝⸝꙳
ꉂ
Θ各國演唱會｜藝文活動｜
Θ體育賽事 ｜ 明星見面會｜
ꉂ
#演唱會代搶｜#演唱會現票
#演唱會門票｜#演唱會票務
ꉂ
︎︎.ᐟ未成年謹慎交易.ᐟ
︎︎.ᐟ誠信交易｜諮詢請有禮貌.ᐟ",business,,skipped,
fifteen_ticket,拾伍◝☆演唱會門票｜現票｜代搶｜撿漏｜,"❤️‍🔥Super junior 高雄場 實名制❤️‍🔥
🔥代搶持續接單中 不要錯過了🔥
⚠️再次強調！實名制沒有事後票⚠️
⚠️現在覺得代搶價格高，事後收票被詐騙騙，更得不償失！！⚠️",2025/12/17 00:12,"𝓕𝓘𝓕𝓣𝓔𝓔𝓝 ❁拾伍委託室❁ 𝓣𝓘𝓒𝓚𝓔𝓣
⸝⸝꙳Line:@052kmbiq⸝⸝꙳
⸝⸝꙳台幣報價⸝⸝꙳
ꉂ
Θ各國演唱會｜藝文活動｜
Θ體育賽事 ｜ 明星見面會｜
ꉂ
#演唱會代搶｜#演唱會現票
#演唱會門票｜#演唱會票務
ꉂ
︎︎.ᐟ未成年謹慎交易.ᐟ
︎︎.ᐟ誠信交易｜諮詢請有禮貌.ᐟ",business,,skipped,
fifteen_ticket,拾伍◝☆演唱會門票｜現票｜代搶｜撿漏｜,"❤️‍🔥Cnblue 台北場 代搶接單中❤️‍🔥
❤️‍🔥歡迎入群自己查看代搶價格❤️‍🔥
💟拾伍專屬社群一手台幣報價💟",2025/12/17 00:08,"𝓕𝓘𝓕𝓣𝓔𝓔𝓝 ❁拾伍委託室❁ 𝓣𝓘𝓒𝓚𝓔𝓣
⸝⸝꙳Line:@052kmbiq⸝⸝꙳
⸝⸝꙳台幣報價⸝⸝꙳
ꉂ
Θ各國演唱會｜藝文活動｜
Θ體育賽事 ｜ 明星見面會｜
ꉂ
#演唱會代搶｜#演唱會現票
#演唱會門票｜#演唱會票務
ꉂ
︎︎.ᐟ未成年謹慎交易.ᐟ
︎︎.ᐟ誠信交易｜諮詢請有禮貌.ᐟ",business,,skipped,
fifteen_ticket,拾伍◝☆演唱會門票｜現票｜代搶｜撿漏｜,"❤️‍🔥 台北場 代搶接單中❤️‍🔥
❤️‍🔥歡迎私訊詢問報價唷❤️‍🔥
❤️‍🔥歡迎入群自己查看代搶價格❤️‍🔥
💟拾伍專屬社群一手台幣報價💟",2025/12/17 00:07,"𝓕𝓘𝓕𝓣𝓔𝓔𝓝 ❁拾伍委託室❁ 𝓣𝓘𝓒𝓚𝓔𝓣
⸝⸝꙳Line:@052kmbiq⸝⸝꙳
⸝⸝꙳台幣報價⸝⸝꙳
ꉂ
Θ各國演唱會｜藝文活動｜
Θ體育賽事 ｜ 明星見面會｜
ꉂ
#演唱會代搶｜#演唱會現票
#演唱會門票｜#演唱會票務
ꉂ
︎︎.ᐟ未成年謹慎交易.ᐟ
︎︎.ᐟ誠信交易｜諮詢請有禮貌.ᐟ",business,,skipped,
fifteen_ticket,拾伍◝☆演唱會門票｜現票｜代搶｜撿漏｜,"❤️‍🔥寶怪台北場 清票代搶接單中❤️‍🔥
❤️‍🔥現票也有整理好的表格可以參考❤️‍🔥
❤️‍🔥歡迎入群自己查看表格、下單❤️‍🔥
💟拾伍專屬一手台幣報價表格💟",2025/12/17 00:04,"𝓕𝓘𝓕𝓣𝓔𝓔𝓝 ❁拾伍委託室❁ 𝓣𝓘𝓒𝓚𝓔𝓣
⸝⸝꙳Line:@052kmbiq⸝⸝꙳
⸝⸝꙳台幣報價⸝⸝꙳
ꉂ
Θ各國演唱會｜藝文活動｜
Θ體育賽事 ｜ 明星見面會｜
ꉂ
#演唱會代搶｜#演唱會現票
#演唱會門票｜#演唱會票務
ꉂ
︎︎.ᐟ未成年謹慎交易.ᐟ
︎︎.ᐟ誠信交易｜諮詢請有禮貌.ᐟ",business,,skipped,
fifteen_ticket,拾伍◝☆演唱會門票｜現票｜代搶｜撿漏｜,"❤️‍🔥蔡依林 台北陪你跨年 🈶餘票❤️‍🔥
❤️‍🔥歡迎入群自己查看表格、下單❤️‍🔥
💟拾伍專屬一手台幣報價表格💟",2025/12/17 00:03,"𝓕𝓘𝓕𝓣𝓔𝓔𝓝 ❁拾伍委託室❁ 𝓣𝓘𝓒𝓚𝓔𝓣
⸝⸝꙳Line:@052kmbiq⸝⸝꙳
⸝⸝꙳台幣報價⸝⸝꙳
ꉂ
Θ各國演唱會｜藝文活動｜
Θ體育賽事 ｜ 明星見面會｜
ꉂ
#演唱會代搶｜#演唱會現票
#演唱會門票｜#演唱會票務
ꉂ
︎︎.ᐟ未成年謹慎交易.ᐟ
︎︎.ᐟ誠信交易｜諮詢請有禮貌.ᐟ",business,,skipped,
fifteen_ticket,拾伍◝☆演唱會門票｜現票｜代搶｜撿漏｜,"🔥五月天台中陪你跨年 🈶餘票🔥
❤️‍🔥帶預算詢問想要的區域❤️‍🔥
❤️‍🔥或入群蹲表格，會陸續更新❤️‍🔥",2025/12/17 00:02,"𝓕𝓘𝓕𝓣𝓔𝓔𝓝 ❁拾伍委託室❁ 𝓣𝓘𝓒𝓚𝓔𝓣
⸝⸝꙳Line:@052kmbiq⸝⸝꙳
⸝⸝꙳台幣報價⸝⸝꙳
ꉂ
Θ各國演唱會｜藝文活動｜
Θ體育賽事 ｜ 明星見面會｜
ꉂ
#演唱會代搶｜#演唱會現票
#演唱會門票｜#演唱會票務
ꉂ
︎︎.ᐟ未成年謹慎交易.ᐟ
︎︎.ᐟ誠信交易｜諮詢請有禮貌.ᐟ",business,,skipped,
fifteen_ticket,拾伍◝☆演唱會門票｜現票｜代搶｜撿漏｜,"🔥靈魂重生 曼谷場 現票🈶🔥
❤️‍🔥明天會更新表格，可進群蹲❤️‍🔥
🔥或帶預算詢問想要的區域🔥",2025/12/17 00:01,"𝓕𝓘𝓕𝓣𝓔𝓔𝓝 ❁拾伍委託室❁ 𝓣𝓘𝓒𝓚𝓔𝓣
⸝⸝꙳Line:@052kmbiq⸝⸝꙳
⸝⸝꙳台幣報價⸝⸝꙳
ꉂ
Θ各國演唱會｜藝文活動｜
Θ體育賽事 ｜ 明星見面會｜
ꉂ
#演唱會代搶｜#演唱會現票
#演唱會門票｜#演唱會票務
ꉂ
︎︎.ᐟ未成年謹慎交易.ᐟ
︎︎.ᐟ誠信交易｜諮詢請有禮貌.ᐟ",business,,skipped,
fifteen_ticket,拾伍◝☆演唱會門票｜現票｜代搶｜撿漏｜,"❤️‍🔥李泰容TAEYONG首爾 代搶接單❤️‍🔥
Melon開票|時間：12月22日
🔥報價皆會包含原始票面🔥
VIP前50 （備選前100）
VIP前100 
VIP前100 
VIP前200 
VIP隨機 
看台前五
看台隨機
🉑選區+1500（至少2個）
⚠️MELON強項選手，中率高
⚠️開票後2小時內出結果
⚠️搶到不退不換，沒搶到全退",2025/12/16 23:58,"𝓕𝓘𝓕𝓣𝓔𝓔𝓝 ❁拾伍委託室❁ 𝓣𝓘𝓒𝓚𝓔𝓣
⸝⸝꙳Line:@052kmbiq⸝⸝꙳
⸝⸝꙳台幣報價⸝⸝꙳
ꉂ
Θ各國演唱會｜藝文活動｜
Θ體育賽事 ｜ 明星見面會｜
ꉂ
#演唱會代搶｜#演唱會現票
#演唱會門票｜#演唱會票務
ꉂ
︎︎.ᐟ未成年謹慎交易.ᐟ
︎︎.ᐟ誠信交易｜諮詢請有禮貌.ᐟ",business,,skipped,
fifteen_ticket,拾伍◝☆演唱會門票｜現票｜代搶｜撿漏｜,"🔥ONEW 溫流 首爾 代搶接單中❤️‍🔥
Melone 開票 | 日期：12月19日
❤️‍🔥報價皆包涵原始票面❤️‍🔥
內場一排 (備選前三) 
內場前三 
內場前五 
內場隨機 
看台前五
🉑選區+1500（至少選2個）
⚠️MELON強項選手，中率高
⚠️開票後2小時內出結果",2025/12/16 23:55,"𝓕𝓘𝓕𝓣𝓔𝓔𝓝 ❁拾伍委託室❁ 𝓣𝓘𝓒𝓚𝓔𝓣
⸝⸝꙳Line:@052kmbiq⸝⸝꙳
⸝⸝꙳台幣報價⸝⸝꙳
ꉂ
Θ各國演唱會｜藝文活動｜
Θ體育賽事 ｜ 明星見面會｜
ꉂ
#演唱會代搶｜#演唱會現票
#演唱會門票｜#演唱會票務
ꉂ
︎︎.ᐟ未成年謹慎交易.ᐟ
︎︎.ᐟ誠信交易｜諮詢請有禮貌.ᐟ",business,,skipped,
fifteen_ticket,拾伍◝☆演唱會門票｜現票｜代搶｜撿漏｜,"🔥I-dle 首爾場 過戶票🈶🔥
🔥不想經歷手環之亂，選過戶票是最穩妥的選擇！！🔥
❤️‍🔥歡迎入群自己查看表格、下單❤️‍🔥
💟拾伍專屬一手台幣報價表格💟
入群後，有找到符合預算的票券，
想要下單的話，麻煩您+官方line
lin.ee/TSFuQ…",2025/12/16 22:18,"𝓕𝓘𝓕𝓣𝓔𝓔𝓝 ❁拾伍委託室❁ 𝓣𝓘𝓒𝓚𝓔𝓣
⸝⸝꙳Line:@052kmbiq⸝⸝꙳
⸝⸝꙳台幣報價⸝⸝꙳
ꉂ
Θ各國演唱會｜藝文活動｜
Θ體育賽事 ｜ 明星見面會｜
ꉂ
#演唱會代搶｜#演唱會現票
#演唱會門票｜#演唱會票務
ꉂ
︎︎.ᐟ未成年謹慎交易.ᐟ
︎︎.ᐟ誠信交易｜諮詢請有禮貌.ᐟ",business,,skipped,
fifteen_ticket,拾伍◝☆演唱會門票｜現票｜代搶｜撿漏｜,"❤️‍🔥Le sserafim 首爾場 現票🈶❤️‍🔥
❤️‍🔥大家想要的MG 位也都🈶 ❤️‍🔥
❤️‍🔥帶預算私訊官方Line 詢問❤️‍🔥
➡️
lin.ee/TSFuQ…",2025/12/16 22:16,"𝓕𝓘𝓕𝓣𝓔𝓔𝓝 ❁拾伍委託室❁ 𝓣𝓘𝓒𝓚𝓔𝓣
⸝⸝꙳Line:@052kmbiq⸝⸝꙳
⸝⸝꙳台幣報價⸝⸝꙳
ꉂ
Θ各國演唱會｜藝文活動｜
Θ體育賽事 ｜ 明星見面會｜
ꉂ
#演唱會代搶｜#演唱會現票
#演唱會門票｜#演唱會票務
ꉂ
︎︎.ᐟ未成年謹慎交易.ᐟ
︎︎.ᐟ誠信交易｜諮詢請有禮貌.ᐟ",business,,skipped,
fifteen_ticket,拾伍◝☆演唱會門票｜現票｜代搶｜撿漏｜,"❤️‍🔥Day 6 聖誕場 餘票釋出❤️‍🔥
❤️‍🔥配送/ 過戶 餘票非常少❤️‍🔥
❤️‍🔥歡迎入群自己查看表格、下單❤️‍🔥
💟拾伍專屬一手台幣報價表格💟
lin.ee/TSFuQ…",2025/12/16 22:13,"𝓕𝓘𝓕𝓣𝓔𝓔𝓝 ❁拾伍委託室❁ 𝓣𝓘𝓒𝓚𝓔𝓣
⸝⸝꙳Line:@052kmbiq⸝⸝꙳
⸝⸝꙳台幣報價⸝⸝꙳
ꉂ
Θ各國演唱會｜藝文活動｜
Θ體育賽事 ｜ 明星見面會｜
ꉂ
#演唱會代搶｜#演唱會現票
#演唱會門票｜#演唱會票務
ꉂ
︎︎.ᐟ未成年謹慎交易.ᐟ
︎︎.ᐟ誠信交易｜諮詢請有禮貌.ᐟ",business,,skipped,
fifteen_ticket,拾伍◝☆演唱會門票｜現票｜代搶｜撿漏｜,"🔥CxM 小分隊 過戶票 更新🔥
❤️‍🔥歡迎入群自己查看表格、下單❤️‍🔥
💟拾伍專屬一手台幣報價表格💟
入群後，有找到符合預算的票券，
想要下單的話，麻煩您+官方line
那邊會提供後續相關匯款資訊❤️‍🔥
lin.ee/TSFuQ…",2025/12/16 18:53,"𝓕𝓘𝓕𝓣𝓔𝓔𝓝 ❁拾伍委託室❁ 𝓣𝓘𝓒𝓚𝓔𝓣
⸝⸝꙳Line:@052kmbiq⸝⸝꙳
⸝⸝꙳台幣報價⸝⸝꙳
ꉂ
Θ各國演唱會｜藝文活動｜
Θ體育賽事 ｜ 明星見面會｜
ꉂ
#演唱會代搶｜#演唱會現票
#演唱會門票｜#演唱會票務
ꉂ
︎︎.ᐟ未成年謹慎交易.ᐟ
︎︎.ᐟ誠信交易｜諮詢請有禮貌.ᐟ",business,,skipped,
fifteen_ticket,拾伍◝☆演唱會門票｜現票｜代搶｜撿漏｜,"🔥汪蘇瀧 新加坡 代刷 高中率🔥
⏰12.17 tmsg預售
💰報價皆以包含原始票面💰
PA1/PC1/PB2第一排
PA1/PC1/PB2前三排
PA1/PC1/PB2前五排
PA1/PC1/PB2隨機
PA2/PC2第一排
PA2/PC2前三排
PA2/PC2前五排
PA2/PC2隨機
CAT2第一排
CAT2前三排
CAT2前五排
CAT2隨機
選區+1500，至少4個
⚠️刷中不退不換、刷不中全退
⚠️PDF 電子檔交付",2025/12/16 14:30,"𝓕𝓘𝓕𝓣𝓔𝓔𝓝 ❁拾伍委託室❁ 𝓣𝓘𝓒𝓚𝓔𝓣
⸝⸝꙳Line:@052kmbiq⸝⸝꙳
⸝⸝꙳台幣報價⸝⸝꙳
ꉂ
Θ各國演唱會｜藝文活動｜
Θ體育賽事 ｜ 明星見面會｜
ꉂ
#演唱會代搶｜#演唱會現票
#演唱會門票｜#演唱會票務
ꉂ
︎︎.ᐟ未成年謹慎交易.ᐟ
︎︎.ᐟ誠信交易｜諮詢請有禮貌.ᐟ",business,,skipped,
yi_lee1020,하늘⛰️,有人要櫻花季一般區的票嗎，多搶到,2025/12/23 13:55,🐠🐠,not_enough_posts,,skipped,
chyntiacps,Chyntia,Do you wanna build a snowman? ⛄️ ☃️,2025/12/18 14:49,"🌸 Created with AI, completed with love
🎨 Just me having fun with imagination 
🌷 Feel free to save
🪽 Tag me if you repost, it means a lot! 💕",pass,,non_depression_risk_user,
chyntiacps,Chyntia,"Night silence, self-care moment ✨🌙",2025/12/17 19:30,"🌸 Created with AI, completed with love
🎨 Just me having fun with imagination 
🌷 Feel free to save
🪽 Tag me if you repost, it means a lot! 💕",pass,,non_depression_risk_user,
chyntiacps,Chyntia,"New Wallpaper Energy Unlocked
💖 Serenity lives in every prayer 💖",2025/12/17 19:13,"🌸 Created with AI, completed with love
🎨 Just me having fun with imagination 
🌷 Feel free to save
🪽 Tag me if you repost, it means a lot! 💕",pass,,non_depression_risk_user,
chyntiacps,Chyntia,"New Wallpaper Energy Unlocked
✨ Snowflakes falling, worries melting ✨",2025/12/17 16:57,"🌸 Created with AI, completed with love
🎨 Just me having fun with imagination 
🌷 Feel free to save
🪽 Tag me if you repost, it means a lot! 💕",pass,,non_depression_risk_user,
chyntiacps,Chyntia,"New Wallpaper Energy Unlocked
✨Midnight Trip✨",2025/12/16 21:25,"🌸 Created with AI, completed with love
🎨 Just me having fun with imagination 
🌷 Feel free to save
🪽 Tag me if you repost, it means a lot! 💕",pass,,non_depression_risk_user,
chyntiacps,Chyntia,Me time ✨🫶🏻,2025/12/16 13:25,"🌸 Created with AI, completed with love
🎨 Just me having fun with imagination 
🌷 Feel free to save
🪽 Tag me if you repost, it means a lot! 💕",pass,,non_depression_risk_user,
chyntiacps,Chyntia,New Wallpaper Energy Unlocked ✨,2025/12/14 09:29,"🌸 Created with AI, completed with love
🎨 Just me having fun with imagination 
🌷 Feel free to save
🪽 Tag me if you repost, it means a lot! 💕",pass,,non_depression_risk_user,
chyntiacps,Chyntia,Morning ⛅️☕️,2025/12/14 09:19,"🌸 Created with AI, completed with love
🎨 Just me having fun with imagination 
🌷 Feel free to save
🪽 Tag me if you repost, it means a lot! 💕",pass,,non_depression_risk_user,
chyntiacps,Chyntia,New Story 💖,2025/12/13 18:00,"🌸 Created with AI, completed with love
🎨 Just me having fun with imagination 
🌷 Feel free to save
🪽 Tag me if you repost, it means a lot! 💕",pass,,non_depression_risk_user,
chyntiacps,Chyntia,"New Wallpaper Energy Unlocked
✨home✨",2025/12/11 19:39,"🌸 Created with AI, completed with love
🎨 Just me having fun with imagination 
🌷 Feel free to save
🪽 Tag me if you repost, it means a lot! 💕",pass,,non_depression_risk_user,
tomtravis44,Tom Travis,Bring it oN Atmospheric River🌧 😱💨💀🌫🤘🌩🌀⚡️☠️💭⛈️🥶🌧☁️🌪,2025/12/22 23:17,"i Love the outdoors, adventures,,Nice People,Animals, Music, Concerts, i'm a pro flooring installer & some carpentry, paint,construction/ Ranch work.",pass,,non_depression_risk_user,
tomtravis44,Tom Travis,I m,2025/12/19 06:07,"i Love the outdoors, adventures,,Nice People,Animals, Music, Concerts, i'm a pro flooring installer & some carpentry, paint,construction/ Ranch work.",pass,,non_depression_risk_user,
tomtravis44,Tom Travis,I hate guitarz ... go stick them up your fuckN ass.  TOM T....merry Xmas 😀,2025/12/19 04:35,"i Love the outdoors, adventures,,Nice People,Animals, Music, Concerts, i'm a pro flooring installer & some carpentry, paint,construction/ Ranch work.",pass,,non_depression_risk_user,
tomtravis44,Tom Travis,..i'm so blessed i have extensioN cords....all around me ..beware my people i just might be plugging into YOU agaiN  ha ha 🤣🤣🤘❤️🌹,2025/12/18 15:39,"i Love the outdoors, adventures,,Nice People,Animals, Music, Concerts, i'm a pro flooring installer & some carpentry, paint,construction/ Ranch work.",pass,,non_depression_risk_user,
tomtravis44,Tom Travis,Kelley Williams,2025/12/18 15:19,"i Love the outdoors, adventures,,Nice People,Animals, Music, Concerts, i'm a pro flooring installer & some carpentry, paint,construction/ Ranch work.",pass,,non_depression_risk_user,
tomtravis44,Tom Travis,"I am Not there for your past , i'm with you Kelley Williams  for our future Honey ❤️💋🤘⚡️",2025/12/18 15:16,"i Love the outdoors, adventures,,Nice People,Animals, Music, Concerts, i'm a pro flooring installer & some carpentry, paint,construction/ Ranch work.",pass,,non_depression_risk_user,
tomtravis44,Tom Travis,♡ Love is a Never ending road & love is at your Heart and Soul ♡,2025/12/18 14:28,"i Love the outdoors, adventures,,Nice People,Animals, Music, Concerts, i'm a pro flooring installer & some carpentry, paint,construction/ Ranch work.",pass,,non_depression_risk_user,
tomtravis44,Tom Travis,"Hacker Ho's go f**k your owN nose ...dirty ugly filthy jo's...jo mamma bots . .get the f**k out of my FB space, ""scammers""...you're are the worst scumbags on planet earth",2025/12/18 13:39,"i Love the outdoors, adventures,,Nice People,Animals, Music, Concerts, i'm a pro flooring installer & some carpentry, paint,construction/ Ranch work.",pass,,non_depression_risk_user,
tomtravis44,Tom Travis,Ha ha...my little Stingray is feeling froggy 🤣🤘💋,2025/12/18 13:29,"i Love the outdoors, adventures,,Nice People,Animals, Music, Concerts, i'm a pro flooring installer & some carpentry, paint,construction/ Ranch work.",pass,,non_depression_risk_user,
tomtravis44,Tom Travis,I'm Head Over Heels for YOU Kelley Williams ...ok my country girlfrieNd... this is my metal song for you this Xmas...i love you ...i love you Kelley Williams 🌹❤️💋🤘🤘🤘🤘🤘🤘🤘,2025/12/18 13:10,"i Love the outdoors, adventures,,Nice People,Animals, Music, Concerts, i'm a pro flooring installer & some carpentry, paint,construction/ Ranch work.",pass,,non_depression_risk_user,
tomtravis44,Tom Travis,..God i love You Kelley Williams,2025/12/18 13:05,"i Love the outdoors, adventures,,Nice People,Animals, Music, Concerts, i'm a pro flooring installer & some carpentry, paint,construction/ Ranch work.",pass,,non_depression_risk_user,
tomtravis44,Tom Travis,◇ My light is like MLK...i will drive out the darkness for my children .. ASAP...Now..look closely that is my children with my therapist ..i have fought for years to see . I went in and we had a nice visit.  TOM T.,2025/12/18 03:45,"i Love the outdoors, adventures,,Nice People,Animals, Music, Concerts, i'm a pro flooring installer & some carpentry, paint,construction/ Ranch work.",pass,,non_depression_risk_user,
tomtravis44,Tom Travis,Love is everything iN this Whole Wide World...Good will alway's overpower the evil....Motley Crue: ....let that siNk iN....Deep,2025/12/18 03:34,"i Love the outdoors, adventures,,Nice People,Animals, Music, Concerts, i'm a pro flooring installer & some carpentry, paint,construction/ Ranch work.",pass,,non_depression_risk_user,
tomtravis44,Tom Travis,My Little Seal is hungry for your Love too....Kelley!!! 💋❤️💋❤️❤️💋.. .see ya Soon....this time we are rolling my way to see my people.  Ok please 🙏❤️💋❤️💋,2025/12/18 03:30,"i Love the outdoors, adventures,,Nice People,Animals, Music, Concerts, i'm a pro flooring installer & some carpentry, paint,construction/ Ranch work.",pass,,non_depression_risk_user,
tomtravis44,Tom Travis,My Beautiful Mom with my Two Beautiful daughters ....a few years back 🙂...Merry Xmas🌲,2025/12/18 02:04,"i Love the outdoors, adventures,,Nice People,Animals, Music, Concerts, i'm a pro flooring installer & some carpentry, paint,construction/ Ranch work.",pass,,non_depression_risk_user,
tomtravis44,Tom Travis,◇ Happy Birthday to my Older Sister Candace Travis Wali who will hit every decade before me 🤣...i love you Happy Birthday Sis 🎂🍰🎈🌹🫶🤩,2025/12/18 00:24,"i Love the outdoors, adventures,,Nice People,Animals, Music, Concerts, i'm a pro flooring installer & some carpentry, paint,construction/ Ranch work.",pass,,non_depression_risk_user,
tomtravis44,Tom Travis,◇ There is always some madness iN love..but there is always some reasoN in madNess...🌹❤️🌹Kelley 🤣🌹💋😎,2025/12/17 14:13,"i Love the outdoors, adventures,,Nice People,Animals, Music, Concerts, i'm a pro flooring installer & some carpentry, paint,construction/ Ranch work.",pass,,non_depression_risk_user,
tomtravis44,Tom Travis,Kelley Williams you are my Christmas Magic... i caN't wait to kiss you 💋,2025/12/17 12:32,"i Love the outdoors, adventures,,Nice People,Animals, Music, Concerts, i'm a pro flooring installer & some carpentry, paint,construction/ Ranch work.",pass,,non_depression_risk_user,
tomtravis44,Tom Travis,"Winning a womans heart doesn't make me a maN...treasuring her love inside me and loving her right back 
  for life ...that's what makes Me A MaN....i love you Kelley Williams",2025/12/17 12:26,"i Love the outdoors, adventures,,Nice People,Animals, Music, Concerts, i'm a pro flooring installer & some carpentry, paint,construction/ Ranch work.",pass,,non_depression_risk_user,
tomtravis44,Tom Travis,◇ Trust AgaiN ◇,2025/12/17 12:21,"i Love the outdoors, adventures,,Nice People,Animals, Music, Concerts, i'm a pro flooring installer & some carpentry, paint,construction/ Ranch work.",pass,,non_depression_risk_user,
tomtravis44,Tom Travis,"Ha ha...i gotcha Kelley Williams ....i'm choosing this over ""Peaches and Cream""  that are guaranteed the Nightlife.",2025/12/17 12:12,"i Love the outdoors, adventures,,Nice People,Animals, Music, Concerts, i'm a pro flooring installer & some carpentry, paint,construction/ Ranch work.",pass,,non_depression_risk_user,
tomtravis44,Tom Travis,◇ From the MooN.. ..Good RiddaNce to Everyone iN the room ◇ ....Tom T.,2025/12/17 11:47,"i Love the outdoors, adventures,,Nice People,Animals, Music, Concerts, i'm a pro flooring installer & some carpentry, paint,construction/ Ranch work.",pass,,non_depression_risk_user,
tomtravis44,Tom Travis,I never ever thought this song would come true iN my life.....thank you Kelley Williams,2025/12/17 10:26,"i Love the outdoors, adventures,,Nice People,Animals, Music, Concerts, i'm a pro flooring installer & some carpentry, paint,construction/ Ranch work.",pass,,non_depression_risk_user,
tomtravis44,Tom Travis,I can't wait to get my sweet loving Country Girl's Name tattooed oN me..i Love You my Soul Mate .this is only the beginning Kelley Williams ....We are gonna do this right. ♥️🙏,2025/12/17 10:24,"i Love the outdoors, adventures,,Nice People,Animals, Music, Concerts, i'm a pro flooring installer & some carpentry, paint,construction/ Ranch work.",pass,,non_depression_risk_user,
tomtravis44,Tom Travis,◇ i love it ◇,2025/12/17 02:49,"i Love the outdoors, adventures,,Nice People,Animals, Music, Concerts, i'm a pro flooring installer & some carpentry, paint,construction/ Ranch work.",pass,,non_depression_risk_user,
tomtravis44,Tom Travis,"Dec. 16th ◇ Happy Birthday Spike ◇.....""My Partner iN crime"" 😎 ❤️ 🤣",2025/12/16 19:45,"i Love the outdoors, adventures,,Nice People,Animals, Music, Concerts, i'm a pro flooring installer & some carpentry, paint,construction/ Ranch work.",pass,,non_depression_risk_user,
tomtravis44,Tom Travis,"Kelley Williams if the sun refused to shine, i'd still be Loving You ❤️💋🤘🌹⚡️♥️💋",2025/12/16 14:06,"i Love the outdoors, adventures,,Nice People,Animals, Music, Concerts, i'm a pro flooring installer & some carpentry, paint,construction/ Ranch work.",pass,,non_depression_risk_user,
tomtravis44,Tom Travis,R.i.P. Paul Nicolosi 🙏,2025/12/16 01:36,"i Love the outdoors, adventures,,Nice People,Animals, Music, Concerts, i'm a pro flooring installer & some carpentry, paint,construction/ Ranch work.",pass,,non_depression_risk_user,
tomtravis44,Tom Travis,◇ IF YOU DRINK TOO MUCH FIREBALL WHISKEY YOU'LL WRAP UP IN A CINNAMON BLANKET 🤣 ◇,2025/12/15 23:59,"i Love the outdoors, adventures,,Nice People,Animals, Music, Concerts, i'm a pro flooring installer & some carpentry, paint,construction/ Ranch work.",pass,,non_depression_risk_user,
tomtravis44,Tom Travis,I might Not be your cup of tea but i'm Somebody's Double Shot of Fireball 🔥⚡️☄️,2025/12/15 23:56,"i Love the outdoors, adventures,,Nice People,Animals, Music, Concerts, i'm a pro flooring installer & some carpentry, paint,construction/ Ranch work.",pass,,non_depression_risk_user,
tomtravis44,Tom Travis,"To be honest
Ya ok ...i raised my kids.. Now i just waNt You Kelley Williams  You",2025/12/14 07:14,"i Love the outdoors, adventures,,Nice People,Animals, Music, Concerts, i'm a pro flooring installer & some carpentry, paint,construction/ Ranch work.",pass,,non_depression_risk_user,
tomtravis44,Tom Travis,I waNt the Whole  World or get lost,2025/12/14 06:40,"i Love the outdoors, adventures,,Nice People,Animals, Music, Concerts, i'm a pro flooring installer & some carpentry, paint,construction/ Ranch work.",pass,,non_depression_risk_user,
tomtravis44,Tom Travis,◇ You dn't know Me,2025/12/14 06:36,"i Love the outdoors, adventures,,Nice People,Animals, Music, Concerts, i'm a pro flooring installer & some carpentry, paint,construction/ Ranch work.",pass,,non_depression_risk_user,
tomtravis44,Tom Travis,"I don""t give a fuck about Nothing",2025/12/14 06:35,"i Love the outdoors, adventures,,Nice People,Animals, Music, Concerts, i'm a pro flooring installer & some carpentry, paint,construction/ Ranch work.",pass,,non_depression_risk_user,
tomtravis44,Tom Travis,Oh My God.. i caN't stop Grinding my teeth...I Love You Kelley Williams  1❤️🌹👄🌹👄,2025/12/14 05:59,"i Love the outdoors, adventures,,Nice People,Animals, Music, Concerts, i'm a pro flooring installer & some carpentry, paint,construction/ Ranch work.",pass,,non_depression_risk_user,
tomtravis44,Tom Travis,Fuck yA!  Happy Saturday!!!,2025/12/14 05:22,"i Love the outdoors, adventures,,Nice People,Animals, Music, Concerts, i'm a pro flooring installer & some carpentry, paint,construction/ Ranch work.",pass,,non_depression_risk_user,
tomtravis44,Tom Travis,"◇ I absolutely love this guy ,  every defense attorney iN the world should be like him ◇  he can spot and pick apart a liar on the stand and make them eat shit and look pathetic as F**k.  Ha ha 🤣🤣🤣🤣🤣🤣🤣🤣🤣🤣🤣🤣🤣🤣🤣🤣🤣🤣",2025/12/13 06:24,"i Love the outdoors, adventures,,Nice People,Animals, Music, Concerts, i'm a pro flooring installer & some carpentry, paint,construction/ Ranch work.",pass,,non_depression_risk_user,
tomtravis44,Tom Travis,Ha Ha ...i got sme some double jeopardy planned out for the Po Po courts...you caN't keep some good guy's dowN....justice takes time ...Blow me 😎🫶☠️💪🌹👄💋🫶❤️‍🩹❤️🤩🤘🌲🌲🌲🌲merry Xmas ya Dickhead Punks with a badge. . See ya . WE WOULDN'T WANT TO BE YA ....see ya until neXt year ya dumb f*ks! ...and be sure to pay that tax payer money cuz i'm gonna eat it up loud and proud bitches!!,2025/12/13 05:52,"i Love the outdoors, adventures,,Nice People,Animals, Music, Concerts, i'm a pro flooring installer & some carpentry, paint,construction/ Ranch work.",pass,,non_depression_risk_user,
tomtravis44,Tom Travis,"If you ain't got A NFL tool box,  then shut your mouth 🤣😜😎💪☠️⚡️",2025/12/13 03:31,"i Love the outdoors, adventures,,Nice People,Animals, Music, Concerts, i'm a pro flooring installer & some carpentry, paint,construction/ Ranch work.",pass,,non_depression_risk_user,
tomtravis44,Tom Travis,Their Passion became inflamed and their carnal disires raN wild ◇,2025/12/12 23:11,"i Love the outdoors, adventures,,Nice People,Animals, Music, Concerts, i'm a pro flooring installer & some carpentry, paint,construction/ Ranch work.",pass,,non_depression_risk_user,
tomtravis44,Tom Travis,"My Beautiful Sister Cindi and her family up in Washington are safe from the NorthwesterN Flooding, they have overcome The World ...🤣....😎🌹❤️🫶⚡️🤘💪",2025/12/12 21:49,"i Love the outdoors, adventures,,Nice People,Animals, Music, Concerts, i'm a pro flooring installer & some carpentry, paint,construction/ Ranch work.",pass,,non_depression_risk_user,
tomtravis44,Tom Travis,Wow!  I'm the hero Dad one day ...and i file for divorce over ireconcilable differences and all the sudden i'm a scary Monster Dad that they all fear....Quack!,2025/12/12 02:26,"i Love the outdoors, adventures,,Nice People,Animals, Music, Concerts, i'm a pro flooring installer & some carpentry, paint,construction/ Ranch work.",pass,,non_depression_risk_user,
tomtravis44,Tom Travis,◇ SCORPIONS 🦂 China White ◇,2025/12/11 10:54,"i Love the outdoors, adventures,,Nice People,Animals, Music, Concerts, i'm a pro flooring installer & some carpentry, paint,construction/ Ranch work.",pass,,non_depression_risk_user,
tomtravis44,Tom Travis,◇ SPIKERS ◇,2025/12/11 09:00,"i Love the outdoors, adventures,,Nice People,Animals, Music, Concerts, i'm a pro flooring installer & some carpentry, paint,construction/ Ranch work.",pass,,non_depression_risk_user,
tomtravis44,Tom Travis,Ha Ha ..so funny...take two coming up,2025/12/11 07:36,"i Love the outdoors, adventures,,Nice People,Animals, Music, Concerts, i'm a pro flooring installer & some carpentry, paint,construction/ Ranch work.",pass,,non_depression_risk_user,
tomtravis44,Tom Travis,◇ My Beautiful Garden Bike 💪🍁🤘😃🍀🤩🌻◇,2025/12/11 07:33,"i Love the outdoors, adventures,,Nice People,Animals, Music, Concerts, i'm a pro flooring installer & some carpentry, paint,construction/ Ranch work.",pass,,non_depression_risk_user,
tomtravis44,Tom Travis,"I don't need to see all the commercials this Christmas, i don't want disappointing gifts, i'm not listening to repetitive music...you can turn that shit off.  I'm not going in debt buying ya'all freakiN gifts, ya get it.  I don't waNt stress , No family Conflict and you're Not forcing me to Cheer...I'm not getting Holiday Exhaustion, No Drama..So if you got High expectations...i ain't that guy...HA Ha 🤣🤣🌲🙏🌲♥️🌲🤣🤣....i'm Kidding Lmao 🤣",2025/12/11 02:25,"i Love the outdoors, adventures,,Nice People,Animals, Music, Concerts, i'm a pro flooring installer & some carpentry, paint,construction/ Ranch work.",pass,,non_depression_risk_user,
tomtravis44,Tom Travis,◇ Kelley Williams Honey i'm coming Home ❤️ ◇,2025/12/11 01:46,"i Love the outdoors, adventures,,Nice People,Animals, Music, Concerts, i'm a pro flooring installer & some carpentry, paint,construction/ Ranch work.",pass,,non_depression_risk_user,
tomtravis44,Tom Travis,"Antioch Babe Ruth League ...""AugustiNe Insurance"" ....i was so stoned 🤣🤣🤣....we would burn down the boy's room between innings ...i'm not lying 😎😃",2025/12/11 01:32,"i Love the outdoors, adventures,,Nice People,Animals, Music, Concerts, i'm a pro flooring installer & some carpentry, paint,construction/ Ranch work.",pass,,non_depression_risk_user,
tomtravis44,Tom Travis,MERRY SILVER AND BLACK CHRISTMAS,2025/12/10 22:33,"i Love the outdoors, adventures,,Nice People,Animals, Music, Concerts, i'm a pro flooring installer & some carpentry, paint,construction/ Ranch work.",pass,,non_depression_risk_user,
tomtravis44,Tom Travis,"I got a great idea 🙂 Let's buy a property that borders a river. We build a canal and make the river change course to where we gain a billion acres of land.  Your Skills , My Vision, We WiN...Period...it's a solid plaN...you iN? 😎",2025/12/10 22:03,"i Love the outdoors, adventures,,Nice People,Animals, Music, Concerts, i'm a pro flooring installer & some carpentry, paint,construction/ Ranch work.",pass,,non_depression_risk_user,
tomtravis44,Tom Travis,♡ Kelley Williams i can't get enough !! ♡,2025/12/10 16:33,"i Love the outdoors, adventures,,Nice People,Animals, Music, Concerts, i'm a pro flooring installer & some carpentry, paint,construction/ Ranch work.",pass,,non_depression_risk_user,
tomtravis44,Tom Travis,Oh heck ya!,2025/12/8 23:54,"i Love the outdoors, adventures,,Nice People,Animals, Music, Concerts, i'm a pro flooring installer & some carpentry, paint,construction/ Ranch work.",pass,,non_depression_risk_user,
tomtravis44,Tom Travis,I don't need No Stinking McDonald's 🤣,2025/12/8 23:53,"i Love the outdoors, adventures,,Nice People,Animals, Music, Concerts, i'm a pro flooring installer & some carpentry, paint,construction/ Ranch work.",pass,,non_depression_risk_user,
fivegrasses,曾行的日常攝影,一些 “ 澳門 街景 ”,2025/12/23 13:54,"//我眼中的世界😉
//📷GR3X + sony a6700",pass,,non_depression_risk_user,
fivegrasses,曾行的日常攝影,一些 “ 澳門  當下 ”,2025/12/21 13:21,"//我眼中的世界😉
//📷GR3X + sony a6700",pass,,non_depression_risk_user,
fivegrasses,曾行的日常攝影,一些 “ 澳門 夜生活 ”,2025/12/19 12:02,"//我眼中的世界😉
//📷GR3X + sony a6700",pass,,non_depression_risk_user,
fivegrasses,曾行的日常攝影,一些 “ 澳門 片段 ”,2025/12/17 12:49,"//我眼中的世界😉
//📷GR3X + sony a6700",pass,,non_depression_risk_user,
fivegrasses,曾行的日常攝影,"一些 "" 澳門 生活 """,2025/12/15 17:40,"//我眼中的世界😉
//📷GR3X + sony a6700",pass,,non_depression_risk_user,
fivegrasses,曾行的日常攝影,一些 “ 澳門 日常 ”,2025/12/13 11:17,"//我眼中的世界😉
//📷GR3X + sony a6700",pass,,non_depression_risk_user,
_momentss,moments,Winter Nights 💙🌨️❄️,2025/12/23 01:56,"Pogradec🏡🇦🇱
🌆 Urban & Nature Aesthetics
🍁 Capturing cities & seasons worldwide
✉️ Collabs → dm",business,,skipped,
_momentss,moments,Best place for winter vacation 🥰,2025/12/23 01:53,"Pogradec🏡🇦🇱
🌆 Urban & Nature Aesthetics
🍁 Capturing cities & seasons worldwide
✉️ Collabs → dm",business,,skipped,
_momentss,moments,Snowy Winter in Edinburgh 🏴󠁧󠁢󠁳󠁣󠁴󠁿🌨️❄️,2025/12/21 20:21,"Pogradec🏡🇦🇱
🌆 Urban & Nature Aesthetics
🍁 Capturing cities & seasons worldwide
✉️ Collabs → dm",business,,skipped,
_momentss,moments,Snowy Day in New York 🏙️🌨️❄️,2025/12/20 01:50,"Pogradec🏡🇦🇱
🌆 Urban & Nature Aesthetics
🍁 Capturing cities & seasons worldwide
✉️ Collabs → dm",business,,skipped,
_momentss,moments,Winter in New York City 🏙️🌨️❄️,2025/12/19 05:22,"Pogradec🏡🇦🇱
🌆 Urban & Nature Aesthetics
🍁 Capturing cities & seasons worldwide
✉️ Collabs → dm",business,,skipped,
_momentss,moments,Snowy Winter in Germany 🌨️❄️,2025/12/18 20:28,"Pogradec🏡🇦🇱
🌆 Urban & Nature Aesthetics
🍁 Capturing cities & seasons worldwide
✉️ Collabs → dm",business,,skipped,
_momentss,moments,Winter Nights in New York 🌨️❄️,2025/12/18 02:59,"Pogradec🏡🇦🇱
🌆 Urban & Nature Aesthetics
🍁 Capturing cities & seasons worldwide
✉️ Collabs → dm",business,,skipped,
_momentss,moments,"Winter in Boston, Massachusetts 🌨️❄️",2025/12/17 21:39,"Pogradec🏡🇦🇱
🌆 Urban & Nature Aesthetics
🍁 Capturing cities & seasons worldwide
✉️ Collabs → dm",business,,skipped,
_momentss,moments,Winter Nights in Canada 🏙️🌨️❄️,2025/12/17 04:47,"Pogradec🏡🇦🇱
🌆 Urban & Nature Aesthetics
🍁 Capturing cities & seasons worldwide
✉️ Collabs → dm",business,,skipped,
_momentss,moments,Winter Nights 🌌🌨️❄️,2025/12/17 01:40,"Pogradec🏡🇦🇱
🌆 Urban & Nature Aesthetics
🍁 Capturing cities & seasons worldwide
✉️ Collabs → dm",business,,skipped,
hyunin_625,레니🤨,我準備好了,2025/12/18 17:14,"台灣人在韓菸酒生 現 • 新設洞居民 
1999 INTJ 脾氣不好
但不會跟你吵架因為我根本不回訊息
-
홍익대 • 패션대학원",pass,,non_depression_risk_user,
hyunin_625,레니🤨,好扯超級可愛我要死了,2025/12/18 03:42,"台灣人在韓菸酒生 現 • 新設洞居民 
1999 INTJ 脾氣不好
但不會跟你吵架因為我根本不回訊息
-
홍익대 • 패션대학원",pass,,non_depression_risk_user,
hyunin_625,레니🤨,真的。。。。。,2025/12/18 03:35,"台灣人在韓菸酒生 現 • 新設洞居民 
1999 INTJ 脾氣不好
但不會跟你吵架因為我根本不回訊息
-
홍익대 • 패션대학원",pass,,non_depression_risk_user,
hyunin_625,레니🤨,😍,2025/12/14 13:09,"台灣人在韓菸酒生 現 • 新設洞居民 
1999 INTJ 脾氣不好
但不會跟你吵架因為我根本不回訊息
-
홍익대 • 패션대학원",pass,,non_depression_risk_user,
hyunin_625,레니🤨,🥹💓,2025/12/13 23:41,"台灣人在韓菸酒生 現 • 新設洞居民 
1999 INTJ 脾氣不好
但不會跟你吵架因為我根本不回訊息
-
홍익대 • 패션대학원",pass,,non_depression_risk_user,
hyunin_625,레니🤨,ㄏㄚˋ！！！,2025/12/12 19:17,"台灣人在韓菸酒生 現 • 新設洞居民 
1999 INTJ 脾氣不好
但不會跟你吵架因為我根本不回訊息
-
홍익대 • 패션대학원",pass,,non_depression_risk_user,
hyunin_625,레니🤨,我之前這樣然後茶包炸了欸。,2025/12/11 14:22,"台灣人在韓菸酒生 現 • 新設洞居民 
1999 INTJ 脾氣不好
但不會跟你吵架因為我根本不回訊息
-
홍익대 • 패션대학원",pass,,non_depression_risk_user,
hyunin_625,레니🤨,如果能夠一鍵退款我真的會變有錢人,2025/12/11 03:14,"台灣人在韓菸酒生 現 • 新設洞居民 
1999 INTJ 脾氣不好
但不會跟你吵架因為我根本不回訊息
-
홍익대 • 패션대학원",pass,,non_depression_risk_user,
hyunin_625,레니🤨,問問友列們有聽過這個說法嗎,2025/12/10 21:39,"台灣人在韓菸酒生 現 • 新設洞居民 
1999 INTJ 脾氣不好
但不會跟你吵架因為我根本不回訊息
-
홍익대 • 패션대학원",pass,,non_depression_risk_user,
hyunin_625,레니🤨,好欸之後來買 有醬油膏ㄉme無所畏懼,2025/12/10 17:15,"台灣人在韓菸酒生 現 • 新設洞居民 
1999 INTJ 脾氣不好
但不會跟你吵架因為我根本不回訊息
-
홍익대 • 패션대학원",pass,,non_depression_risk_user,
aliya_v_kim_a,🌷♡︎𝓐𝓵𝓲𝔂𝓪♡︎🌷,🌸🌷✨ 𝑳𝑰𝑳𝑰𝑬𝑺 ✨🌷🌸,2025/12/22 21:06,𝑭𝒐𝒍𝒍𝒐𝒘 𝒎𝒆🌷🌷,pass,,non_depression_risk_user,
aliya_v_kim_a,🌷♡︎𝓐𝓵𝓲𝔂𝓪♡︎🌷,𝑪𝑼𝑻𝑬 𝑪𝑳𝑶𝑼𝑫𝑺 ☁️｡⁠◕⁠‿⁠◕⁠｡ ☁️,2025/12/22 19:35,𝑭𝒐𝒍𝒍𝒐𝒘 𝒎𝒆🌷🌷,pass,,non_depression_risk_user,
aliya_v_kim_a,🌷♡︎𝓐𝓵𝓲𝔂𝓪♡︎🌷,"𝑰 𝑳𝑶𝑽𝑬 𝑩𝑳𝑨𝑪𝑲 𝑪𝑨𝑻  𝑻𝑯𝑬𝒀 ' 𝑹𝑬 𝑺𝑶
  𝑴𝑨𝑮𝑰𝑪𝑨𝑳🐈‍⬛✨🖤",2025/12/22 19:24,𝑭𝒐𝒍𝒍𝒐𝒘 𝒎𝒆🌷🌷,pass,,non_depression_risk_user,
aliya_v_kim_a,🌷♡︎𝓐𝓵𝓲𝔂𝓪♡︎🌷,🐈🐈‍⬛,2025/12/22 19:20,𝑭𝒐𝒍𝒍𝒐𝒘 𝒎𝒆🌷🌷,pass,,non_depression_risk_user,
aliya_v_kim_a,🌷♡︎𝓐𝓵𝓲𝔂𝓪♡︎🌷,𝑻𝑶𝑴 &  𝑱𝑬𝑹𝑹𝒀  𝑪𝑨𝑻 😺,2025/12/22 19:18,𝑭𝒐𝒍𝒍𝒐𝒘 𝒎𝒆🌷🌷,pass,,non_depression_risk_user,
aliya_v_kim_a,🌷♡︎𝓐𝓵𝓲𝔂𝓪♡︎🌷,𝑪𝑼𝑻𝑬 𝑪𝑶𝑼𝑷𝑳𝑬 𝑪𝑨𝑻 . 🐈🐈......💞,2025/12/22 19:16,𝑭𝒐𝒍𝒍𝒐𝒘 𝒎𝒆🌷🌷,pass,,non_depression_risk_user,
aliya_v_kim_a,🌷♡︎𝓐𝓵𝓲𝔂𝓪♡︎🌷,𝑪𝑨𝑻 '𝑺  𝑺𝒍𝑬𝑬𝑷𝑰𝑵𝑮 𝑶𝑵 𝑻𝑯𝑬 𝑮𝑹𝑨𝑺𝑺 𝑾𝑰𝑻𝑯 𝑭𝑳𝑶𝑾𝑬𝑹 . 🌿🌸,2025/12/22 19:12,𝑭𝒐𝒍𝒍𝒐𝒘 𝒎𝒆🌷🌷,pass,,non_depression_risk_user,
aliya_v_kim_a,🌷♡︎𝓐𝓵𝓲𝔂𝓪♡︎🌷,💋💗😽,2025/12/22 17:03,𝑭𝒐𝒍𝒍𝒐𝒘 𝒎𝒆🌷🌷,pass,,non_depression_risk_user,
aliya_v_kim_a,🌷♡︎𝓐𝓵𝓲𝔂𝓪♡︎🌷,🖤𝐁𝐋𝐀𝐂𝐊 & 𝑾𝑯𝑰𝑻𝑬 🤍,2025/12/22 17:00,𝑭𝒐𝒍𝒍𝒐𝒘 𝒎𝒆🌷🌷,pass,,non_depression_risk_user,
aliya_v_kim_a,🌷♡︎𝓐𝓵𝓲𝔂𝓪♡︎🌷,𝐂𝐀𝐓💗😺,2025/12/22 14:04,𝑭𝒐𝒍𝒍𝒐𝒘 𝒎𝒆🌷🌷,pass,,non_depression_risk_user,
aliya_v_kim_a,🌷♡︎𝓐𝓵𝓲𝔂𝓪♡︎🌷,𝐂𝐔𝐓𝐄 💗,2025/12/22 13:59,𝑭𝒐𝒍𝒍𝒐𝒘 𝒎𝒆🌷🌷,pass,,non_depression_risk_user,
aliya_v_kim_a,🌷♡︎𝓐𝓵𝓲𝔂𝓪♡︎🌷,😺💗,2025/12/22 13:37,𝑭𝒐𝒍𝒍𝒐𝒘 𝒎𝒆🌷🌷,pass,,non_depression_risk_user,
aliya_v_kim_a,🌷♡︎𝓐𝓵𝓲𝔂𝓪♡︎🌷,𝐑𝐀𝐈𝐍𝐁𝐎𝐖 🌈🌫️🌿,2025/12/22 13:36,𝑭𝒐𝒍𝒍𝒐𝒘 𝒎𝒆🌷🌷,pass,,non_depression_risk_user,
aliya_v_kim_a,🌷♡︎𝓐𝓵𝓲𝔂𝓪♡︎🌷,❄️🌼🐇🌷🌲🏔️,2025/12/22 12:48,𝑭𝒐𝒍𝒍𝒐𝒘 𝒎𝒆🌷🌷,pass,,non_depression_risk_user,
aliya_v_kim_a,🌷♡︎𝓐𝓵𝓲𝔂𝓪♡︎🌷,🌻🌿,2025/12/22 12:44,𝑭𝒐𝒍𝒍𝒐𝒘 𝒎𝒆🌷🌷,pass,,non_depression_risk_user,
aliya_v_kim_a,🌷♡︎𝓐𝓵𝓲𝔂𝓪♡︎🌷,𝐏𝐈𝐍𝐊 𝐑𝐎𝐒𝐄𝐒 🌸🌹,2025/12/22 12:43,𝑭𝒐𝒍𝒍𝒐𝒘 𝒎𝒆🌷🌷,pass,,non_depression_risk_user,
aliya_v_kim_a,🌷♡︎𝓐𝓵𝓲𝔂𝓪♡︎🌷,𝐈𝐍 𝐀 𝐒𝐄𝐑𝐈𝐎𝐔𝐒 𝐑𝐄𝐋𝐀𝐓𝐈𝐎𝐍𝐒𝐇𝐈𝐏 𝐖𝐈𝐓𝐇 𝐒𝐊𝐈𝐄𝐒 🍁🍂,2025/12/22 12:02,𝑭𝒐𝒍𝒍𝒐𝒘 𝒎𝒆🌷🌷,pass,,non_depression_risk_user,
aliya_v_kim_a,🌷♡︎𝓐𝓵𝓲𝔂𝓪♡︎🌷,🐈‍⬛🌸 Meow 😺,2025/12/22 11:56,𝑭𝒐𝒍𝒍𝒐𝒘 𝒎𝒆🌷🌷,pass,,non_depression_risk_user,
aliya_v_kim_a,🌷♡︎𝓐𝓵𝓲𝔂𝓪♡︎🌷,𝐓𝐇𝐄 𝐌𝐎𝐎𝐍 𝐈𝐍 𝐏𝐀𝐈𝐍𝐓𝐈𝐍𝐆𝐒.🎨🌕✨,2025/12/22 01:55,𝑭𝒐𝒍𝒍𝒐𝒘 𝒎𝒆🌷🌷,pass,,non_depression_risk_user,
aliya_v_kim_a,🌷♡︎𝓐𝓵𝓲𝔂𝓪♡︎🌷,"𝐓𝐇𝐄 𝐌𝐎𝐎𝐍 𝐆𝐋𝐎𝐖 𝐐𝐔𝐈𝐄𝐓𝐋𝐘, 
  𝐓𝐄𝐀𝐂𝐇𝐈𝐍𝐆 𝐔𝐒 𝐓𝐇𝐀𝐓 𝐁𝐄𝐀𝐔𝐓𝐘 𝐍𝐄𝐄𝐃𝐒 𝐍𝐎 
  𝐍𝐎𝐈𝐒𝐄 . 💫🌕✨",2025/12/22 01:40,𝑭𝒐𝒍𝒍𝒐𝒘 𝒎𝒆🌷🌷,pass,,non_depression_risk_user,
aliya_v_kim_a,🌷♡︎𝓐𝓵𝓲𝔂𝓪♡︎🌷,"𝐈'𝐌 𝐒𝐔𝐂𝐇 𝐀 ""𝐋𝐎𝐎𝐊 𝐀𝐓 𝐓𝐇𝐄 𝐌𝐎𝐎𝐍"" 𝐊𝐈𝐍𝐃 𝐎𝐅 𝐏𝐄𝐑𝐒𝐎𝐍 🌕✨",2025/12/22 01:30,𝑭𝒐𝒍𝒍𝒐𝒘 𝒎𝒆🌷🌷,pass,,non_depression_risk_user,
aliya_v_kim_a,🌷♡︎𝓐𝓵𝓲𝔂𝓪♡︎🌷,𝐉𝐔𝐒𝐓 𝐀 𝐆𝐈𝐑𝐋 🌸🍀💗,2025/12/22 00:12,𝑭𝒐𝒍𝒍𝒐𝒘 𝒎𝒆🌷🌷,pass,,non_depression_risk_user,
aliya_v_kim_a,🌷♡︎𝓐𝓵𝓲𝔂𝓪♡︎🌷,𝗢𝗢𝗢𝗢𝗣𝗦 🫢,2025/12/21 22:34,𝑭𝒐𝒍𝒍𝒐𝒘 𝒎𝒆🌷🌷,pass,,non_depression_risk_user,
aliya_v_kim_a,🌷♡︎𝓐𝓵𝓲𝔂𝓪♡︎🌷,🐱𝗖𝗔𝗧 😺🤍,2025/12/21 22:18,𝑭𝒐𝒍𝒍𝒐𝒘 𝒎𝒆🌷🌷,pass,,non_depression_risk_user,
aliya_v_kim_a,🌷♡︎𝓐𝓵𝓲𝔂𝓪♡︎🌷,"𝑳𝑰𝑲𝑬 𝑭𝑳𝑶𝑾𝑬𝑹𝑺, 𝑾𝑬 𝑨𝑳𝑳 𝑩𝑳𝑶𝑶𝑴 𝑰𝑵 𝑶𝑼𝑹 𝑶𝑾𝑵 𝑻𝑰𝑴𝑬. 𝑩𝑬 𝑷𝑨𝑻𝑰𝑬𝑵𝑻, 𝑨𝑵𝑫 𝑻𝑹𝑼𝑺𝑻 𝒀𝑶𝑼𝑹 𝑱𝑶𝑼𝑹𝑵𝑬𝒀 . 🥀🤞😇",2025/12/21 22:11,𝑭𝒐𝒍𝒍𝒐𝒘 𝒎𝒆🌷🌷,pass,,non_depression_risk_user,
aliya_v_kim_a,🌷♡︎𝓐𝓵𝓲𝔂𝓪♡︎🌷,𝑪𝑯𝑬𝑹𝑹𝒀 𝑩𝑳𝑶𝑺𝑺𝑶𝑴 𝑨𝑻 𝑵𝑰𝑮𝑯𝑻 🌸✨,2025/12/21 22:02,𝑭𝒐𝒍𝒍𝒐𝒘 𝒎𝒆🌷🌷,pass,,non_depression_risk_user,
aliya_v_kim_a,🌷♡︎𝓐𝓵𝓲𝔂𝓪♡︎🌷,𝑺𝑳𝑬𝑬𝑷 𝑰𝑵 𝑶𝑵 𝑺𝑨𝑻𝑼𝑹𝑫𝑨𝒀 '𝑺,2025/12/21 21:57,𝑭𝒐𝒍𝒍𝒐𝒘 𝒎𝒆🌷🌷,pass,,non_depression_risk_user,
aliya_v_kim_a,🌷♡︎𝓐𝓵𝓲𝔂𝓪♡︎🌷,"𝑨𝑵𝑫 𝑻𝑯𝑬𝑵 𝑻𝑯𝑰𝑵𝑲 𝑨𝑩𝑶𝑼𝑻 𝑻𝑯𝑨𝑻
  𝑰𝑵𝑻𝑬𝑹𝑨𝑪𝑻𝑰𝑶𝑵 𝑭𝑶𝑹 𝑻𝑯𝑬 𝑹𝑬𝑺𝑻 𝑶𝑭 𝑻𝑯𝑬 
  𝑫𝑨𝒀 .....😩",2025/12/21 21:54,𝑭𝒐𝒍𝒍𝒐𝒘 𝒎𝒆🌷🌷,pass,,non_depression_risk_user,
aliya_v_kim_a,🌷♡︎𝓐𝓵𝓲𝔂𝓪♡︎🌷,𝑷𝑶𝑽 : 𝑺𝑯𝑬'𝑺 𝑨 𝑪𝑯𝑨𝑵𝑬𝑳 𝑮𝑰𝑹𝑳𝑰𝑬l✨🖤💸,2025/12/21 21:47,𝑭𝒐𝒍𝒍𝒐𝒘 𝒎𝒆🌷🌷,pass,,non_depression_risk_user,
aliya_v_kim_a,🌷♡︎𝓐𝓵𝓲𝔂𝓪♡︎🌷,𝑭𝑶𝑹 𝑼𝑯𝑯 💗,2025/12/21 21:37,𝑭𝒐𝒍𝒍𝒐𝒘 𝒎𝒆🌷🌷,pass,,non_depression_risk_user,
aliya_v_kim_a,🌷♡︎𝓐𝓵𝓲𝔂𝓪♡︎🌷,𝑹𝑬𝑫 𝑹𝑶𝑺𝑬 🌹,2025/12/21 21:36,𝑭𝒐𝒍𝒍𝒐𝒘 𝒎𝒆🌷🌷,pass,,non_depression_risk_user,
aliya_v_kim_a,🌷♡︎𝓐𝓵𝓲𝔂𝓪♡︎🌷,𝑨𝑳𝑾𝑨𝒀𝑺 ☝️,2025/12/21 21:31,𝑭𝒐𝒍𝒍𝒐𝒘 𝒎𝒆🌷🌷,pass,,non_depression_risk_user,
aliya_v_kim_a,🌷♡︎𝓐𝓵𝓲𝔂𝓪♡︎🌷,𝑴𝑬 𝑺𝑬𝑬𝑰𝑵𝑮 𝑷𝑬𝑶𝑷𝑳𝑬 𝑻𝑯𝑹𝑶𝑾 𝑨𝑾𝑨𝒀 𝑻𝑯𝑰𝑬𝑹 𝑫𝑹𝑰𝑬𝑫 𝑭𝑳𝑶𝑾𝑬𝑹𝑺 🥹💔,2025/12/21 21:24,𝑭𝒐𝒍𝒍𝒐𝒘 𝒎𝒆🌷🌷,pass,,non_depression_risk_user,
aliya_v_kim_a,🌷♡︎𝓐𝓵𝓲𝔂𝓪♡︎🌷,𝑯𝑶𝑾 𝑫𝑼𝑴𝑩 𝑰 𝑾𝑨𝑺.,2025/12/21 20:55,𝑭𝒐𝒍𝒍𝒐𝒘 𝒎𝒆🌷🌷,pass,,non_depression_risk_user,
aliya_v_kim_a,🌷♡︎𝓐𝓵𝓲𝔂𝓪♡︎🌷,😎.,2025/12/21 20:53,𝑭𝒐𝒍𝒍𝒐𝒘 𝒎𝒆🌷🌷,pass,,non_depression_risk_user,
aliya_v_kim_a,🌷♡︎𝓐𝓵𝓲𝔂𝓪♡︎🌷,"𝑾𝑨𝑳𝑳𝑷𝑨𝑷𝑬𝑹 💞 
 ｡⁠◕⁠‿⁠◕⁠｡",2025/12/21 20:12,𝑭𝒐𝒍𝒍𝒐𝒘 𝒎𝒆🌷🌷,pass,,non_depression_risk_user,
aliya_v_kim_a,🌷♡︎𝓐𝓵𝓲𝔂𝓪♡︎🌷,🐈🐱. 𝑪𝑨𝑻. 🐈‍⬛😺,2025/12/21 20:05,𝑭𝒐𝒍𝒍𝒐𝒘 𝒎𝒆🌷🌷,pass,,non_depression_risk_user,
aliya_v_kim_a,🌷♡︎𝓐𝓵𝓲𝔂𝓪♡︎🌷,"𝑪𝑼𝑹𝑹𝑬𝑵𝑻𝑳𝒀 𝑶𝑩𝑺𝑬𝑺𝑺𝑬𝑫 𝑾𝑰𝑻𝑯 𝑻𝑯𝑰𝑺
 .:. 𝑺𝑶𝑵𝑮🎶🎵",2025/12/21 19:06,𝑭𝒐𝒍𝒍𝒐𝒘 𝒎𝒆🌷🌷,pass,,non_depression_risk_user,
aliya_v_kim_a,🌷♡︎𝓐𝓵𝓲𝔂𝓪♡︎🌷,𝑨𝑩𝑺𝑶𝑳𝑼𝑻𝑬𝑳𝒀  𝑩𝑬𝑨𝑼𝑻𝑰𝑭𝑼𝑳🩷,2025/12/21 18:43,𝑭𝒐𝒍𝒍𝒐𝒘 𝒎𝒆🌷🌷,pass,,non_depression_risk_user,
aliya_v_kim_a,🌷♡︎𝓐𝓵𝓲𝔂𝓪♡︎🌷,✨ 🌸 ✨,2025/12/21 18:39,𝑭𝒐𝒍𝒍𝒐𝒘 𝒎𝒆🌷🌷,pass,,non_depression_risk_user,
aliya_v_kim_a,🌷♡︎𝓐𝓵𝓲𝔂𝓪♡︎🌷,𝑭𝑳𝑶𝑾𝑬𝑹 +𝑺𝑼𝑵𝑺𝑯𝑰𝑵𝑬 = 𝑷𝑬𝑹𝑭𝑬𝑪𝑻𝑰𝑶𝑵,2025/12/21 18:35,𝑭𝒐𝒍𝒍𝒐𝒘 𝒎𝒆🌷🌷,pass,,non_depression_risk_user,
aliya_v_kim_a,🌷♡︎𝓐𝓵𝓲𝔂𝓪♡︎🌷,｡⁠◕⁠‿⁠◕⁠｡,2025/12/21 18:30,𝑭𝒐𝒍𝒍𝒐𝒘 𝒎𝒆🌷🌷,pass,,non_depression_risk_user,
aliya_v_kim_a,🌷♡︎𝓐𝓵𝓲𝔂𝓪♡︎🌷,". 
. 🖤
 .",2025/12/21 18:29,𝑭𝒐𝒍𝒍𝒐𝒘 𝒎𝒆🌷🌷,pass,,non_depression_risk_user,
aliya_v_kim_a,🌷♡︎𝓐𝓵𝓲𝔂𝓪♡︎🌷,𝑳𝑶𝑺𝑻 𝑰𝑵 𝑻𝑯𝑬 𝑭𝑳𝑶𝑾𝑬𝑹💐🌸,2025/12/21 18:26,𝑭𝒐𝒍𝒍𝒐𝒘 𝒎𝒆🌷🌷,pass,,non_depression_risk_user,
aliya_v_kim_a,🌷♡︎𝓐𝓵𝓲𝔂𝓪♡︎🌷,".....
𝑺𝑼𝑵  𝑭𝑳𝑶𝑾𝑬𝑹 🌻
 ......",2025/12/21 18:00,𝑭𝒐𝒍𝒍𝒐𝒘 𝒎𝒆🌷🌷,pass,,non_depression_risk_user,
aliya_v_kim_a,🌷♡︎𝓐𝓵𝓲𝔂𝓪♡︎🌷,"𝘚𝘏𝘌 : 𝑾𝒊𝒍𝒍 𝒚𝒐𝒖 𝒃𝒖𝒚 𝒇𝒐𝒓 𝒎𝒆?
HE : 𝑰 𝑾𝑰𝑳𝑳 𝑩𝑼𝒀 𝒀𝑶𝑼 𝑬𝑽𝑬𝑹𝒀𝑻𝑯𝑰𝑵𝑮.",2025/12/21 17:52,𝑭𝒐𝒍𝒍𝒐𝒘 𝒎𝒆🌷🌷,pass,,non_depression_risk_user,
aliya_v_kim_a,🌷♡︎𝓐𝓵𝓲𝔂𝓪♡︎🌷,🖤... .... ...,2025/12/21 17:44,𝑭𝒐𝒍𝒍𝒐𝒘 𝒎𝒆🌷🌷,pass,,non_depression_risk_user,
aliya_v_kim_a,🌷♡︎𝓐𝓵𝓲𝔂𝓪♡︎🌷,"... ...
 .",2025/12/21 17:43,𝑭𝒐𝒍𝒍𝒐𝒘 𝒎𝒆🌷🌷,pass,,non_depression_risk_user,
aliya_v_kim_a,🌷♡︎𝓐𝓵𝓲𝔂𝓪♡︎🌷,"𝒘𝒉𝒊𝒕𝒆 𝒇𝒍𝒐𝒘𝒆𝒓🤍 
 .
 . .",2025/12/21 17:42,𝑭𝒐𝒍𝒍𝒐𝒘 𝒎𝒆🌷🌷,pass,,non_depression_risk_user,
aliya_v_kim_a,🌷♡︎𝓐𝓵𝓲𝔂𝓪♡︎🌷,"....
 🌷🌸🪷🌺
 ....",2025/12/21 17:37,𝑭𝒐𝒍𝒍𝒐𝒘 𝒎𝒆🌷🌷,pass,,non_depression_risk_user,
aliya_v_kim_a,🌷♡︎𝓐𝓵𝓲𝔂𝓪♡︎🌷,". .
. .
 . .",2025/12/21 17:33,𝑭𝒐𝒍𝒍𝒐𝒘 𝒎𝒆🌷🌷,pass,,non_depression_risk_user,
aliya_v_kim_a,🌷♡︎𝓐𝓵𝓲𝔂𝓪♡︎🌷,Pookie 🎀💗,2025/12/21 17:23,𝑭𝒐𝒍𝒍𝒐𝒘 𝒎𝒆🌷🌷,pass,,non_depression_risk_user,
aliya_v_kim_a,🌷♡︎𝓐𝓵𝓲𝔂𝓪♡︎🌷,"<  𝒃𝒍𝒂𝒄𝒌 𝒄𝒂𝒕 🐈‍⬛🫶 >
 ฅ^•ﻌ•^ฅ",2025/12/21 17:21,𝑭𝒐𝒍𝒍𝒐𝒘 𝒎𝒆🌷🌷,pass,,non_depression_risk_user,
aliya_v_kim_a,🌷♡︎𝓐𝓵𝓲𝔂𝓪♡︎🌷,🌷💗🌷,2025/12/21 17:12,𝑭𝒐𝒍𝒍𝒐𝒘 𝒎𝒆🌷🌷,pass,,non_depression_risk_user,
aliya_v_kim_a,🌷♡︎𝓐𝓵𝓲𝔂𝓪♡︎🌷,𝒇𝒐𝒓 𝒖𝒉𝒉💗,2025/12/21 17:11,𝑭𝒐𝒍𝒍𝒐𝒘 𝒎𝒆🌷🌷,pass,,non_depression_risk_user,
aliya_v_kim_a,🌷♡︎𝓐𝓵𝓲𝔂𝓪♡︎🌷,🎀🌷💗,2025/12/21 17:06,𝑭𝒐𝒍𝒍𝒐𝒘 𝒎𝒆🌷🌷,pass,,non_depression_risk_user,
aliya_v_kim_a,🌷♡︎𝓐𝓵𝓲𝔂𝓪♡︎🌷,𝑻𝒉𝒊𝒔 𝒊𝒔 𝒇𝒐𝒓 𝒖𝒉𝒉🌷💗,2025/12/21 17:04,𝑭𝒐𝒍𝒍𝒐𝒘 𝒎𝒆🌷🌷,pass,,non_depression_risk_user,
aliya_v_kim_a,🌷♡︎𝓐𝓵𝓲𝔂𝓪♡︎🌷,🌷🌷🌷,2025/12/21 17:03,𝑭𝒐𝒍𝒍𝒐𝒘 𝒎𝒆🌷🌷,pass,,non_depression_risk_user,
fifteen_ticket,拾伍◝☆演唱會門票｜現票｜代搶｜撿漏｜,"🔥SUPERJUNIOR加場 代搶接單🔥
⏰開票時間：12.22
❤️‍🔥Twice & SJ 前排全繳單,高中率❤️‍🔥
⚠️老話一句，實名制開票後才要問票的，事後沒救！⚠️
❤️‍🔥以下報價含票面🎟️
A1/A2區前五排
A1/A2區前十排
A1/A2區隨機
A3/A4區前五排
A3/A4區前十排 
A3/A4區隨機
6680TWD隨機
6280TWD隨機
5680TWD前五
5680TWD隨機
4680TWD隨機
3680TWD隨機
2680TWD隨機
⚠️實名制沒有事後的現票
⚠️刷中不退不換，刷不中全退
⚠️需要提供拓元帳號密碼，不能接受的繞道",2025/12/16 13:12,"𝓕𝓘𝓕𝓣𝓔𝓔𝓝 ❁拾伍委託室❁ 𝓣𝓘𝓒𝓚𝓔𝓣
⸝⸝꙳Line:@052kmbiq⸝⸝꙳
⸝⸝꙳台幣報價⸝⸝꙳
ꉂ
Θ各國演唱會｜藝文活動｜
Θ體育賽事 ｜ 明星見面會｜
ꉂ
#演唱會代搶｜#演唱會現票
#演唱會門票｜#演唱會票務
ꉂ
︎︎.ᐟ未成年謹慎交易.ᐟ
︎︎.ᐟ誠信交易｜諮詢請有禮貌.ᐟ",business,,skipped,
fifteen_ticket,拾伍◝☆演唱會門票｜現票｜代搶｜撿漏｜,"❤️‍🔥小分隊 CxM 現票❤️‍🔥
🔥晚點起床更新現票表格🔥
❤️‍🔥歡迎入群自己查看表格、下單❤️‍🔥
💟拾伍專屬一手台幣報價表格💟
lin.ee/TSFuQ…",2025/12/16 07:46,"𝓕𝓘𝓕𝓣𝓔𝓔𝓝 ❁拾伍委託室❁ 𝓣𝓘𝓒𝓚𝓔𝓣
⸝⸝꙳Line:@052kmbiq⸝⸝꙳
⸝⸝꙳台幣報價⸝⸝꙳
ꉂ
Θ各國演唱會｜藝文活動｜
Θ體育賽事 ｜ 明星見面會｜
ꉂ
#演唱會代搶｜#演唱會現票
#演唱會門票｜#演唱會票務
ꉂ
︎︎.ᐟ未成年謹慎交易.ᐟ
︎︎.ᐟ誠信交易｜諮詢請有禮貌.ᐟ",business,,skipped,
fifteen_ticket,拾伍◝☆演唱會門票｜現票｜代搶｜撿漏｜,"🔥i-dle 首爾 代搶接單中🔥
🔥明天要開票，趕緊來卡位唷🔥
❤️‍🔥以下報價已經包含票面
內場第一排 (備選前三&前五)
內場前三排 (備選前五)
內場前五排
內場前十排
內場隨機
加購選區1個
加購選區2個
⚠️自備認證好的會員帳號
⚠️刷到不退不換 刷不中全退",2025/12/16 01:23,"𝓕𝓘𝓕𝓣𝓔𝓔𝓝 ❁拾伍委託室❁ 𝓣𝓘𝓒𝓚𝓔𝓣
⸝⸝꙳Line:@052kmbiq⸝⸝꙳
⸝⸝꙳台幣報價⸝⸝꙳
ꉂ
Θ各國演唱會｜藝文活動｜
Θ體育賽事 ｜ 明星見面會｜
ꉂ
#演唱會代搶｜#演唱會現票
#演唱會門票｜#演唱會票務
ꉂ
︎︎.ᐟ未成年謹慎交易.ᐟ
︎︎.ᐟ誠信交易｜諮詢請有禮貌.ᐟ",business,,skipped,
fifteen_ticket,拾伍◝☆演唱會門票｜現票｜代搶｜撿漏｜,"從韓國回來這幾天馬不停蹄的包周邊，出貨周邊🚚🚚🚚
整理代刷資訊、忙開票、通知客人⋯
還沒來的急好好休息，票只能一直開一直開😂😂😂
我會努力更新群組的現票資訊！！！
拾伍明天努力上新表格！！",2025/12/16 01:22,"𝓕𝓘𝓕𝓣𝓔𝓔𝓝 ❁拾伍委託室❁ 𝓣𝓘𝓒𝓚𝓔𝓣
⸝⸝꙳Line:@052kmbiq⸝⸝꙳
⸝⸝꙳台幣報價⸝⸝꙳
ꉂ
Θ各國演唱會｜藝文活動｜
Θ體育賽事 ｜ 明星見面會｜
ꉂ
#演唱會代搶｜#演唱會現票
#演唱會門票｜#演唱會票務
ꉂ
︎︎.ᐟ未成年謹慎交易.ᐟ
︎︎.ᐟ誠信交易｜諮詢請有禮貌.ᐟ",business,,skipped,
fifteen_ticket,拾伍◝☆演唱會門票｜現票｜代搶｜撿漏｜,"🔥MBC 歌謠大祭典 現票🔥
🔥日期：跨年夜 12/31 🔥
🔥這場價格預算高，有興趣來私🔥",2025/12/15 14:18,"𝓕𝓘𝓕𝓣𝓔𝓔𝓝 ❁拾伍委託室❁ 𝓣𝓘𝓒𝓚𝓔𝓣
⸝⸝꙳Line:@052kmbiq⸝⸝꙳
⸝⸝꙳台幣報價⸝⸝꙳
ꉂ
Θ各國演唱會｜藝文活動｜
Θ體育賽事 ｜ 明星見面會｜
ꉂ
#演唱會代搶｜#演唱會現票
#演唱會門票｜#演唱會票務
ꉂ
︎︎.ᐟ未成年謹慎交易.ᐟ
︎︎.ᐟ誠信交易｜諮詢請有禮貌.ᐟ",business,,skipped,
fifteen_ticket,拾伍◝☆演唱會門票｜現票｜代搶｜撿漏｜,"🔥SBS 歌謠大戰  現票🔥
🔥帶預算詢問，價格會浮動🔥
🈶內場隨機 
🈶內場 S1 /S3 / S4
🈶看台 3xx / 2xx 區域
🈶單出紅毯 （⚠️自己要先有票）
🔥今年價格起飛快，預算需有高
🔥有興趣的私訊來詢問！",2025/12/15 14:16,"𝓕𝓘𝓕𝓣𝓔𝓔𝓝 ❁拾伍委託室❁ 𝓣𝓘𝓒𝓚𝓔𝓣
⸝⸝꙳Line:@052kmbiq⸝⸝꙳
⸝⸝꙳台幣報價⸝⸝꙳
ꉂ
Θ各國演唱會｜藝文活動｜
Θ體育賽事 ｜ 明星見面會｜
ꉂ
#演唱會代搶｜#演唱會現票
#演唱會門票｜#演唱會票務
ꉂ
︎︎.ᐟ未成年謹慎交易.ᐟ
︎︎.ᐟ誠信交易｜諮詢請有禮貌.ᐟ",business,,skipped,
fifteen_ticket,拾伍◝☆演唱會門票｜現票｜代搶｜撿漏｜,"🔥寶怪台北清票 代搶接單🔥
🔥帶預算詢問想要的區域、日期🔥
📄
❤️‍🔥報價會包含原始票面❤️‍🔥
6500隨機 
5600隨機 
4800隨機 
4200隨機 
3200隨機 
2200隨機 
800隨機 
❌清票只接隨機，不指定區
⚠️刷中不退不換，不中全退
⚠️下單/延期不退不換 
⚠️取消退票面",2025/12/15 13:35,"𝓕𝓘𝓕𝓣𝓔𝓔𝓝 ❁拾伍委託室❁ 𝓣𝓘𝓒𝓚𝓔𝓣
⸝⸝꙳Line:@052kmbiq⸝⸝꙳
⸝⸝꙳台幣報價⸝⸝꙳
ꉂ
Θ各國演唱會｜藝文活動｜
Θ體育賽事 ｜ 明星見面會｜
ꉂ
#演唱會代搶｜#演唱會現票
#演唱會門票｜#演唱會票務
ꉂ
︎︎.ᐟ未成年謹慎交易.ᐟ
︎︎.ᐟ誠信交易｜諮詢請有禮貌.ᐟ",business,,skipped,
fifteen_ticket,拾伍◝☆演唱會門票｜現票｜代搶｜撿漏｜,"🔥CxM 19小分隊仁川 代搶接單中🔥
🔥入群或是私訊詢問報價🔥
❤️‍🔥報價皆會包含原始票面
內場前五
內場前十
內場隨機
一層看台前五
一層看台隨機
二層看台隨機
全場隨機
加購選區➕1500 （至少選3個區）
⚠️自備認證好的會員帳號
⚠️刷到不退不換 刷不到全額退款",2025/12/15 02:07,"𝓕𝓘𝓕𝓣𝓔𝓔𝓝 ❁拾伍委託室❁ 𝓣𝓘𝓒𝓚𝓔𝓣
⸝⸝꙳Line:@052kmbiq⸝⸝꙳
⸝⸝꙳台幣報價⸝⸝꙳
ꉂ
Θ各國演唱會｜藝文活動｜
Θ體育賽事 ｜ 明星見面會｜
ꉂ
#演唱會代搶｜#演唱會現票
#演唱會門票｜#演唱會票務
ꉂ
︎︎.ᐟ未成年謹慎交易.ᐟ
︎︎.ᐟ誠信交易｜諮詢請有禮貌.ᐟ",business,,skipped,
fifteen_ticket,拾伍◝☆演唱會門票｜現票｜代搶｜撿漏｜,"🐰i-dle 首爾 代搶接單中🍓
❤️‍🔥報價已經包含票面❤️‍🔥
內場第一排 (備選前三&前五)
內場前三排 (備選前五)
內場前五排
內場前十排
內場隨機
加購選區1個 💰
加購選區2個💰
⚠️自備認證好的會員帳號
⚠️刷到不退不換 刷不中全退",2025/12/15 01:23,"𝓕𝓘𝓕𝓣𝓔𝓔𝓝 ❁拾伍委託室❁ 𝓣𝓘𝓒𝓚𝓔𝓣
⸝⸝꙳Line:@052kmbiq⸝⸝꙳
⸝⸝꙳台幣報價⸝⸝꙳
ꉂ
Θ各國演唱會｜藝文活動｜
Θ體育賽事 ｜ 明星見面會｜
ꉂ
#演唱會代搶｜#演唱會現票
#演唱會門票｜#演唱會票務
ꉂ
︎︎.ᐟ未成年謹慎交易.ᐟ
︎︎.ᐟ誠信交易｜諮詢請有禮貌.ᐟ",business,,skipped,
fifteen_ticket,拾伍◝☆演唱會門票｜現票｜代搶｜撿漏｜,"🔥LOL 紅牛 pc room day代搶接單🔥
Red BULL PC ROOM Takeover-LoL DAY
🩷
🔥報價皆包含票面🔥
內場 第一排 
內場 前二排 
內場 前三排 
內場前五排 
內場前十排 
內場隨機
⚠️下單自備會員帳號
⚠️刷到不退不換 刷不到全退",2025/12/15 01:09,"𝓕𝓘𝓕𝓣𝓔𝓔𝓝 ❁拾伍委託室❁ 𝓣𝓘𝓒𝓚𝓔𝓣
⸝⸝꙳Line:@052kmbiq⸝⸝꙳
⸝⸝꙳台幣報價⸝⸝꙳
ꉂ
Θ各國演唱會｜藝文活動｜
Θ體育賽事 ｜ 明星見面會｜
ꉂ
#演唱會代搶｜#演唱會現票
#演唱會門票｜#演唱會票務
ꉂ
︎︎.ᐟ未成年謹慎交易.ᐟ
︎︎.ᐟ誠信交易｜諮詢請有禮貌.ᐟ",business,,skipped,
s.watson_____,Sarah M.,"Coming into my life thinking and treating me
such a way because you think my life is centered around men is nuts… 😭",2025/12/18 08:17,Hi 👋🏾,pass,,non_depression_risk_user,
s.watson_____,Sarah M.,"He won’t say it with his chest, so he will just say hip hop is ruined knowing that Compton poet is on top.
The subliminal shots are funny.",2025/12/18 06:00,Hi 👋🏾,pass,,non_depression_risk_user,
s.watson_____,Sarah M.,"2026 is the year of quality music. 
Push the pen. 
Mics turned on. 
Instruments being played.
Enough.",2025/12/18 05:35,Hi 👋🏾,pass,,non_depression_risk_user,
s.watson_____,Sarah M.,More of this.,2025/12/18 04:46,Hi 👋🏾,pass,,non_depression_risk_user,
s.watson_____,Sarah M.,"Nothing went the way I thought/planned it would… it sucks, but deep down I know it was for the better",2025/12/18 04:45,Hi 👋🏾,pass,,non_depression_risk_user,
s.watson_____,Sarah M.,I accomplished my 2025 reading goal 🎉🎉🎉,2025/12/18 04:44,Hi 👋🏾,pass,,non_depression_risk_user,
s.watson_____,Sarah M.,"Handling tough situations to the best of my ability is one of my biggest accomplishments in 2025.
Look at me. 😭",2025/12/18 04:36,Hi 👋🏾,pass,,non_depression_risk_user,
s.watson_____,Sarah M.,"In 2026, I’m definitely moving into my dream neighborhood.",2025/12/18 01:39,Hi 👋🏾,pass,,non_depression_risk_user,
s.watson_____,Sarah M.,"Not his biggest fan, but this is good.",2025/12/18 01:36,Hi 👋🏾,pass,,non_depression_risk_user,
s.watson_____,Sarah M.,"I can honestly say I’m exhausted from being tested 
😢",2025/12/18 00:46,Hi 👋🏾,pass,,non_depression_risk_user,
s.watson_____,Sarah M.,Lmaoooooooo,2025/12/17 21:03,Hi 👋🏾,pass,,non_depression_risk_user,
s.watson_____,Sarah M.,My girl. 😭,2025/12/17 10:13,Hi 👋🏾,pass,,non_depression_risk_user,
s.watson_____,Sarah M.,Sumthin’ Sumthin’ - Maxwell.,2025/12/17 06:36,Hi 👋🏾,pass,,non_depression_risk_user,
s.watson_____,Sarah M.,"I saw three angel numbers today 1010, 1111 and 333",2025/12/17 05:37,Hi 👋🏾,pass,,non_depression_risk_user,
s.watson_____,Sarah M.,Omg 😭,2025/12/17 05:35,Hi 👋🏾,pass,,non_depression_risk_user,
s.watson_____,Sarah M.,"2025 has taught me, my version of a fresh start is not same as God’s version of a fresh start.
His version is better.",2025/12/16 23:48,Hi 👋🏾,pass,,non_depression_risk_user,
s.watson_____,Sarah M.,It’s my favorite,2025/12/16 11:29,Hi 👋🏾,pass,,non_depression_risk_user,
s.watson_____,Sarah M.,I was born to wear Ferragamo.,2025/12/16 11:11,Hi 👋🏾,pass,,non_depression_risk_user,
s.watson_____,Sarah M.,A dress that altered my brain chemistry —,2025/12/16 09:37,Hi 👋🏾,pass,,non_depression_risk_user,
s.watson_____,Sarah M.,A vocal masterpiece.,2025/12/16 09:30,Hi 👋🏾,pass,,non_depression_risk_user,
s.watson_____,Sarah M.,I’m very proud of myself all my lip products made it back home on Saturday 😭,2025/12/16 09:11,Hi 👋🏾,pass,,non_depression_risk_user,
s.watson_____,Sarah M.,Brandy >,2025/12/16 08:43,Hi 👋🏾,pass,,non_depression_risk_user,
s.watson_____,Sarah M.,"Yeah, I’m done explaining myself.",2025/12/16 08:30,Hi 👋🏾,pass,,non_depression_risk_user,
s.watson_____,Sarah M.,"Happy Birthday to my girl
@akbrownstl
@akbrownstl
🎈
Love you!",2025/12/16 07:52,Hi 👋🏾,pass,,non_depression_risk_user,
s.watson_____,Sarah M.,my feet are planted in my life. I’m very grounded.,2025/12/16 07:51,Hi 👋🏾,pass,,non_depression_risk_user,
s.watson_____,Sarah M.,Gunna is one of the few rappers that doesn’t overstimulate my ADHD brain —,2025/12/16 07:50,Hi 👋🏾,pass,,non_depression_risk_user,
s.watson_____,Sarah M.,I cleaned my mirror with Windex and it’s so streaky now 🫠,2025/12/16 07:18,Hi 👋🏾,pass,,non_depression_risk_user,
s.watson_____,Sarah M.,My at home workouts are hard - 😭😮‍💨,2025/12/16 06:12,Hi 👋🏾,pass,,non_depression_risk_user,
s.watson_____,Sarah M.,Consistency >,2025/12/16 05:45,Hi 👋🏾,pass,,non_depression_risk_user,
s.watson_____,Sarah M.,"I get upset with myself when I know better, and I still chose to put myself in uncomfortable situation with people.",2025/12/16 02:49,Hi 👋🏾,pass,,non_depression_risk_user,
s.watson_____,Sarah M.,"I want y’all to know, I can sense people’s competitive spirit with little or no interaction.",2025/12/15 23:49,Hi 👋🏾,pass,,non_depression_risk_user,
s.watson_____,Sarah M.,"Emily in Paris is coming back this week
Life is good again.",2025/12/15 23:05,Hi 👋🏾,pass,,non_depression_risk_user,
s.watson_____,Sarah M.,Oh.,2025/12/15 23:01,Hi 👋🏾,pass,,non_depression_risk_user,
s.watson_____,Sarah M.,It feels good to do absolutely nothing.,2025/12/15 04:58,Hi 👋🏾,pass,,non_depression_risk_user,
s.watson_____,Sarah M.,"Whew, the girls are strange.",2025/12/15 02:58,Hi 👋🏾,pass,,non_depression_risk_user,
s.watson_____,Sarah M.,"Yes, this is one of the reasons why I loved the grinch.",2025/12/15 01:40,Hi 👋🏾,pass,,non_depression_risk_user,
s.watson_____,Sarah M.,Lmaoooooooo,2025/12/14 15:40,Hi 👋🏾,pass,,non_depression_risk_user,
s.watson_____,Sarah M.,Is STL okay? Why is it so cold?? 🥶,2025/12/14 06:30,Hi 👋🏾,pass,,non_depression_risk_user,
s.watson_____,Sarah M.,My Gemini moon :,2025/12/14 05:52,Hi 👋🏾,pass,,non_depression_risk_user,
s.watson_____,Sarah M.,My girl!,2025/12/14 05:49,Hi 👋🏾,pass,,non_depression_risk_user,
s.watson_____,Sarah M.,Men are so strange. 😕,2025/12/13 14:03,Hi 👋🏾,pass,,non_depression_risk_user,
s.watson_____,Sarah M.,They want a reaction from me so bad —,2025/12/13 10:17,Hi 👋🏾,pass,,non_depression_risk_user,
s.watson_____,Sarah M.,"VS pajamas, slippers and socks. 🎀",2025/12/13 10:06,Hi 👋🏾,pass,,non_depression_risk_user,
s.watson_____,Sarah M.,"If you really like someone, it shouldn’t be any room for interpretation.",2025/12/13 07:07,Hi 👋🏾,pass,,non_depression_risk_user,
s.watson_____,Sarah M.,"My new hyper fixation is robes, pajamas and slippers 😭",2025/12/13 06:47,Hi 👋🏾,pass,,non_depression_risk_user,
deity__07,deity__07,"1209帶話留檔/📁
「 청춘 영화 속 한 장면 像青春電影裡的一幕 」
我的人生好像擁有了主題曲🎵
我最愛的歌就是看星星 他選的那句 恰好來自看星星
正值青春期的我 就這樣遇見了我最愛的男孩
像電影裡最美好的畫面 悄悄停留在我的世界裡
因為他的這句話 這首歌似乎變得更有意義了💕",2025/12/10 23:02,珍藏幸福的記憶📁,not_enough_posts,,skipped,
koaj_hp,koaj_hp,"售：高雄櫻花季
03/13 搖滾A區2排  2499  4張
03/14 超級搖滾區5排 3499  4張
03/15 搖滾C區  6排  1999  2張 
👍🉑代搶明天13:00全面啟售
詐騙請勿打擾  黃牛勿擾
真心想要的 麻煩您私訊我
擔心詐騙的 別來浪費彼此的時間 謝謝
🈲：問問",2025/12/23 13:55,代購團體,business,,skipped,
koaj_hp,koaj_hp,"接單中
高雄櫻花季售票貼出來
超級搖滾區 預售票NT3499
搖滾AB區  預售票NT2499
搖滾CD區  預售票NT1999
一般區預售票NT999",2025/12/23 11:55,代購團體,business,,skipped,
koaj_hp,koaj_hp,"第40屆金唱片頒獎典禮 The 40th Golden Disc Awards  2026年1月10日 (六) 17:30
接金唱片 報價已出
隨機8980/9500
隨機7980/8500
隨機6980/7500
隨機5980/6500
隨機 2980/3500
實名制需提供資料  想好了再來詢問 
擔心詐騙別來問  別來浪費彼此的時間",2025/12/12 19:24,代購團體,business,,skipped,
bere.vaxquez,𝓑𝓮𝓻𝓮💕,🥺,2025/12/23 13:06,"18
""𝓓𝓮𝓫𝓮𝓼 𝓭𝓮 𝓪𝓹𝓻𝓮𝓷𝓭𝓮𝓻 𝓪 𝓷𝓸 𝓱𝓪𝓬𝓮𝓻𝓽𝓮 𝓲𝓵𝓾𝓼𝓲𝓸𝓷𝓮𝓼 𝓬𝓸𝓷 𝓪𝓵𝓰𝓾𝓲𝓮𝓷 𝓪𝓵 𝓺𝓾𝓮 𝓾𝓷 𝓭í𝓪 𝓵𝓮 𝓲𝓶𝓹𝓸𝓻𝓽𝓪𝓼 𝔂 𝓪𝓵 𝓸𝓽𝓻𝓸 𝓷𝓸""",pass,,non_depression_risk_user,
bere.vaxquez,𝓑𝓮𝓻𝓮💕,Siempre pasa🙃,2025/12/23 13:05,"18
""𝓓𝓮𝓫𝓮𝓼 𝓭𝓮 𝓪𝓹𝓻𝓮𝓷𝓭𝓮𝓻 𝓪 𝓷𝓸 𝓱𝓪𝓬𝓮𝓻𝓽𝓮 𝓲𝓵𝓾𝓼𝓲𝓸𝓷𝓮𝓼 𝓬𝓸𝓷 𝓪𝓵𝓰𝓾𝓲𝓮𝓷 𝓪𝓵 𝓺𝓾𝓮 𝓾𝓷 𝓭í𝓪 𝓵𝓮 𝓲𝓶𝓹𝓸𝓻𝓽𝓪𝓼 𝔂 𝓪𝓵 𝓸𝓽𝓻𝓸 𝓷𝓸""",pass,,non_depression_risk_user,
bere.vaxquez,𝓑𝓮𝓻𝓮💕,Gente hipócrita 🙄,2025/12/23 12:02,"18
""𝓓𝓮𝓫𝓮𝓼 𝓭𝓮 𝓪𝓹𝓻𝓮𝓷𝓭𝓮𝓻 𝓪 𝓷𝓸 𝓱𝓪𝓬𝓮𝓻𝓽𝓮 𝓲𝓵𝓾𝓼𝓲𝓸𝓷𝓮𝓼 𝓬𝓸𝓷 𝓪𝓵𝓰𝓾𝓲𝓮𝓷 𝓪𝓵 𝓺𝓾𝓮 𝓾𝓷 𝓭í𝓪 𝓵𝓮 𝓲𝓶𝓹𝓸𝓻𝓽𝓪𝓼 𝔂 𝓪𝓵 𝓸𝓽𝓻𝓸 𝓷𝓸""",pass,,non_depression_risk_user,
bere.vaxquez,𝓑𝓮𝓻𝓮💕,🤞🏽,2025/12/23 12:01,"18
""𝓓𝓮𝓫𝓮𝓼 𝓭𝓮 𝓪𝓹𝓻𝓮𝓷𝓭𝓮𝓻 𝓪 𝓷𝓸 𝓱𝓪𝓬𝓮𝓻𝓽𝓮 𝓲𝓵𝓾𝓼𝓲𝓸𝓷𝓮𝓼 𝓬𝓸𝓷 𝓪𝓵𝓰𝓾𝓲𝓮𝓷 𝓪𝓵 𝓺𝓾𝓮 𝓾𝓷 𝓭í𝓪 𝓵𝓮 𝓲𝓶𝓹𝓸𝓻𝓽𝓪𝓼 𝔂 𝓪𝓵 𝓸𝓽𝓻𝓸 𝓷𝓸""",pass,,non_depression_risk_user,
bere.vaxquez,𝓑𝓮𝓻𝓮💕,El tiempo lo cura⏳,2025/12/23 11:52,"18
""𝓓𝓮𝓫𝓮𝓼 𝓭𝓮 𝓪𝓹𝓻𝓮𝓷𝓭𝓮𝓻 𝓪 𝓷𝓸 𝓱𝓪𝓬𝓮𝓻𝓽𝓮 𝓲𝓵𝓾𝓼𝓲𝓸𝓷𝓮𝓼 𝓬𝓸𝓷 𝓪𝓵𝓰𝓾𝓲𝓮𝓷 𝓪𝓵 𝓺𝓾𝓮 𝓾𝓷 𝓭í𝓪 𝓵𝓮 𝓲𝓶𝓹𝓸𝓻𝓽𝓪𝓼 𝔂 𝓪𝓵 𝓸𝓽𝓻𝓸 𝓷𝓸""",pass,,non_depression_risk_user,
bere.vaxquez,𝓑𝓮𝓻𝓮💕,🙂‍↕️,2025/12/23 11:36,"18
""𝓓𝓮𝓫𝓮𝓼 𝓭𝓮 𝓪𝓹𝓻𝓮𝓷𝓭𝓮𝓻 𝓪 𝓷𝓸 𝓱𝓪𝓬𝓮𝓻𝓽𝓮 𝓲𝓵𝓾𝓼𝓲𝓸𝓷𝓮𝓼 𝓬𝓸𝓷 𝓪𝓵𝓰𝓾𝓲𝓮𝓷 𝓪𝓵 𝓺𝓾𝓮 𝓾𝓷 𝓭í𝓪 𝓵𝓮 𝓲𝓶𝓹𝓸𝓻𝓽𝓪𝓼 𝔂 𝓪𝓵 𝓸𝓽𝓻𝓸 𝓷𝓸""",pass,,non_depression_risk_user,
bere.vaxquez,𝓑𝓮𝓻𝓮💕,🤑,2025/12/23 11:23,"18
""𝓓𝓮𝓫𝓮𝓼 𝓭𝓮 𝓪𝓹𝓻𝓮𝓷𝓭𝓮𝓻 𝓪 𝓷𝓸 𝓱𝓪𝓬𝓮𝓻𝓽𝓮 𝓲𝓵𝓾𝓼𝓲𝓸𝓷𝓮𝓼 𝓬𝓸𝓷 𝓪𝓵𝓰𝓾𝓲𝓮𝓷 𝓪𝓵 𝓺𝓾𝓮 𝓾𝓷 𝓭í𝓪 𝓵𝓮 𝓲𝓶𝓹𝓸𝓻𝓽𝓪𝓼 𝔂 𝓪𝓵 𝓸𝓽𝓻𝓸 𝓷𝓸""",pass,,non_depression_risk_user,
bere.vaxquez,𝓑𝓮𝓻𝓮💕,Pensaba mal!!,2025/12/23 11:23,"18
""𝓓𝓮𝓫𝓮𝓼 𝓭𝓮 𝓪𝓹𝓻𝓮𝓷𝓭𝓮𝓻 𝓪 𝓷𝓸 𝓱𝓪𝓬𝓮𝓻𝓽𝓮 𝓲𝓵𝓾𝓼𝓲𝓸𝓷𝓮𝓼 𝓬𝓸𝓷 𝓪𝓵𝓰𝓾𝓲𝓮𝓷 𝓪𝓵 𝓺𝓾𝓮 𝓾𝓷 𝓭í𝓪 𝓵𝓮 𝓲𝓶𝓹𝓸𝓻𝓽𝓪𝓼 𝔂 𝓪𝓵 𝓸𝓽𝓻𝓸 𝓷𝓸""",pass,,non_depression_risk_user,
bere.vaxquez,𝓑𝓮𝓻𝓮💕,💔,2025/12/23 11:11,"18
""𝓓𝓮𝓫𝓮𝓼 𝓭𝓮 𝓪𝓹𝓻𝓮𝓷𝓭𝓮𝓻 𝓪 𝓷𝓸 𝓱𝓪𝓬𝓮𝓻𝓽𝓮 𝓲𝓵𝓾𝓼𝓲𝓸𝓷𝓮𝓼 𝓬𝓸𝓷 𝓪𝓵𝓰𝓾𝓲𝓮𝓷 𝓪𝓵 𝓺𝓾𝓮 𝓾𝓷 𝓭í𝓪 𝓵𝓮 𝓲𝓶𝓹𝓸𝓻𝓽𝓪𝓼 𝔂 𝓪𝓵 𝓸𝓽𝓻𝓸 𝓷𝓸""",pass,,non_depression_risk_user,
bere.vaxquez,𝓑𝓮𝓻𝓮💕,Pero no lo entienden!!,2025/12/23 11:07,"18
""𝓓𝓮𝓫𝓮𝓼 𝓭𝓮 𝓪𝓹𝓻𝓮𝓷𝓭𝓮𝓻 𝓪 𝓷𝓸 𝓱𝓪𝓬𝓮𝓻𝓽𝓮 𝓲𝓵𝓾𝓼𝓲𝓸𝓷𝓮𝓼 𝓬𝓸𝓷 𝓪𝓵𝓰𝓾𝓲𝓮𝓷 𝓪𝓵 𝓺𝓾𝓮 𝓾𝓷 𝓭í𝓪 𝓵𝓮 𝓲𝓶𝓹𝓸𝓻𝓽𝓪𝓼 𝔂 𝓪𝓵 𝓸𝓽𝓻𝓸 𝓷𝓸""",pass,,non_depression_risk_user,
bere.vaxquez,𝓑𝓮𝓻𝓮💕,😻,2025/12/23 11:04,"18
""𝓓𝓮𝓫𝓮𝓼 𝓭𝓮 𝓪𝓹𝓻𝓮𝓷𝓭𝓮𝓻 𝓪 𝓷𝓸 𝓱𝓪𝓬𝓮𝓻𝓽𝓮 𝓲𝓵𝓾𝓼𝓲𝓸𝓷𝓮𝓼 𝓬𝓸𝓷 𝓪𝓵𝓰𝓾𝓲𝓮𝓷 𝓪𝓵 𝓺𝓾𝓮 𝓾𝓷 𝓭í𝓪 𝓵𝓮 𝓲𝓶𝓹𝓸𝓻𝓽𝓪𝓼 𝔂 𝓪𝓵 𝓸𝓽𝓻𝓸 𝓷𝓸""",pass,,non_depression_risk_user,
bere.vaxquez,𝓑𝓮𝓻𝓮💕,😩,2025/12/23 10:59,"18
""𝓓𝓮𝓫𝓮𝓼 𝓭𝓮 𝓪𝓹𝓻𝓮𝓷𝓭𝓮𝓻 𝓪 𝓷𝓸 𝓱𝓪𝓬𝓮𝓻𝓽𝓮 𝓲𝓵𝓾𝓼𝓲𝓸𝓷𝓮𝓼 𝓬𝓸𝓷 𝓪𝓵𝓰𝓾𝓲𝓮𝓷 𝓪𝓵 𝓺𝓾𝓮 𝓾𝓷 𝓭í𝓪 𝓵𝓮 𝓲𝓶𝓹𝓸𝓻𝓽𝓪𝓼 𝔂 𝓪𝓵 𝓸𝓽𝓻𝓸 𝓷𝓸""",pass,,non_depression_risk_user,
bere.vaxquez,𝓑𝓮𝓻𝓮💕,😢,2025/12/23 10:49,"18
""𝓓𝓮𝓫𝓮𝓼 𝓭𝓮 𝓪𝓹𝓻𝓮𝓷𝓭𝓮𝓻 𝓪 𝓷𝓸 𝓱𝓪𝓬𝓮𝓻𝓽𝓮 𝓲𝓵𝓾𝓼𝓲𝓸𝓷𝓮𝓼 𝓬𝓸𝓷 𝓪𝓵𝓰𝓾𝓲𝓮𝓷 𝓪𝓵 𝓺𝓾𝓮 𝓾𝓷 𝓭í𝓪 𝓵𝓮 𝓲𝓶𝓹𝓸𝓻𝓽𝓪𝓼 𝔂 𝓪𝓵 𝓸𝓽𝓻𝓸 𝓷𝓸""",pass,,non_depression_risk_user,
bere.vaxquez,𝓑𝓮𝓻𝓮💕,🙌🏼,2025/12/23 10:47,"18
""𝓓𝓮𝓫𝓮𝓼 𝓭𝓮 𝓪𝓹𝓻𝓮𝓷𝓭𝓮𝓻 𝓪 𝓷𝓸 𝓱𝓪𝓬𝓮𝓻𝓽𝓮 𝓲𝓵𝓾𝓼𝓲𝓸𝓷𝓮𝓼 𝓬𝓸𝓷 𝓪𝓵𝓰𝓾𝓲𝓮𝓷 𝓪𝓵 𝓺𝓾𝓮 𝓾𝓷 𝓭í𝓪 𝓵𝓮 𝓲𝓶𝓹𝓸𝓻𝓽𝓪𝓼 𝔂 𝓪𝓵 𝓸𝓽𝓻𝓸 𝓷𝓸""",pass,,non_depression_risk_user,
bere.vaxquez,𝓑𝓮𝓻𝓮💕,😐,2025/12/23 10:40,"18
""𝓓𝓮𝓫𝓮𝓼 𝓭𝓮 𝓪𝓹𝓻𝓮𝓷𝓭𝓮𝓻 𝓪 𝓷𝓸 𝓱𝓪𝓬𝓮𝓻𝓽𝓮 𝓲𝓵𝓾𝓼𝓲𝓸𝓷𝓮𝓼 𝓬𝓸𝓷 𝓪𝓵𝓰𝓾𝓲𝓮𝓷 𝓪𝓵 𝓺𝓾𝓮 𝓾𝓷 𝓭í𝓪 𝓵𝓮 𝓲𝓶𝓹𝓸𝓻𝓽𝓪𝓼 𝔂 𝓪𝓵 𝓸𝓽𝓻𝓸 𝓷𝓸""",pass,,non_depression_risk_user,
bere.vaxquez,𝓑𝓮𝓻𝓮💕,🧏🏻‍♀️,2025/12/23 10:35,"18
""𝓓𝓮𝓫𝓮𝓼 𝓭𝓮 𝓪𝓹𝓻𝓮𝓷𝓭𝓮𝓻 𝓪 𝓷𝓸 𝓱𝓪𝓬𝓮𝓻𝓽𝓮 𝓲𝓵𝓾𝓼𝓲𝓸𝓷𝓮𝓼 𝓬𝓸𝓷 𝓪𝓵𝓰𝓾𝓲𝓮𝓷 𝓪𝓵 𝓺𝓾𝓮 𝓾𝓷 𝓭í𝓪 𝓵𝓮 𝓲𝓶𝓹𝓸𝓻𝓽𝓪𝓼 𝔂 𝓪𝓵 𝓸𝓽𝓻𝓸 𝓷𝓸""",pass,,non_depression_risk_user,
bere.vaxquez,𝓑𝓮𝓻𝓮💕,😻,2025/12/23 10:34,"18
""𝓓𝓮𝓫𝓮𝓼 𝓭𝓮 𝓪𝓹𝓻𝓮𝓷𝓭𝓮𝓻 𝓪 𝓷𝓸 𝓱𝓪𝓬𝓮𝓻𝓽𝓮 𝓲𝓵𝓾𝓼𝓲𝓸𝓷𝓮𝓼 𝓬𝓸𝓷 𝓪𝓵𝓰𝓾𝓲𝓮𝓷 𝓪𝓵 𝓺𝓾𝓮 𝓾𝓷 𝓭í𝓪 𝓵𝓮 𝓲𝓶𝓹𝓸𝓻𝓽𝓪𝓼 𝔂 𝓪𝓵 𝓸𝓽𝓻𝓸 𝓷𝓸""",pass,,non_depression_risk_user,
bere.vaxquez,𝓑𝓮𝓻𝓮💕,Mejor nada!!!,2025/12/23 10:15,"18
""𝓓𝓮𝓫𝓮𝓼 𝓭𝓮 𝓪𝓹𝓻𝓮𝓷𝓭𝓮𝓻 𝓪 𝓷𝓸 𝓱𝓪𝓬𝓮𝓻𝓽𝓮 𝓲𝓵𝓾𝓼𝓲𝓸𝓷𝓮𝓼 𝓬𝓸𝓷 𝓪𝓵𝓰𝓾𝓲𝓮𝓷 𝓪𝓵 𝓺𝓾𝓮 𝓾𝓷 𝓭í𝓪 𝓵𝓮 𝓲𝓶𝓹𝓸𝓻𝓽𝓪𝓼 𝔂 𝓪𝓵 𝓸𝓽𝓻𝓸 𝓷𝓸""",pass,,non_depression_risk_user,
bere.vaxquez,𝓑𝓮𝓻𝓮💕,🙄,2025/12/23 10:15,"18
""𝓓𝓮𝓫𝓮𝓼 𝓭𝓮 𝓪𝓹𝓻𝓮𝓷𝓭𝓮𝓻 𝓪 𝓷𝓸 𝓱𝓪𝓬𝓮𝓻𝓽𝓮 𝓲𝓵𝓾𝓼𝓲𝓸𝓷𝓮𝓼 𝓬𝓸𝓷 𝓪𝓵𝓰𝓾𝓲𝓮𝓷 𝓪𝓵 𝓺𝓾𝓮 𝓾𝓷 𝓭í𝓪 𝓵𝓮 𝓲𝓶𝓹𝓸𝓻𝓽𝓪𝓼 𝔂 𝓪𝓵 𝓸𝓽𝓻𝓸 𝓷𝓸""",pass,,non_depression_risk_user,
bere.vaxquez,𝓑𝓮𝓻𝓮💕,🤞🏽,2025/12/23 10:12,"18
""𝓓𝓮𝓫𝓮𝓼 𝓭𝓮 𝓪𝓹𝓻𝓮𝓷𝓭𝓮𝓻 𝓪 𝓷𝓸 𝓱𝓪𝓬𝓮𝓻𝓽𝓮 𝓲𝓵𝓾𝓼𝓲𝓸𝓷𝓮𝓼 𝓬𝓸𝓷 𝓪𝓵𝓰𝓾𝓲𝓮𝓷 𝓪𝓵 𝓺𝓾𝓮 𝓾𝓷 𝓭í𝓪 𝓵𝓮 𝓲𝓶𝓹𝓸𝓻𝓽𝓪𝓼 𝔂 𝓪𝓵 𝓸𝓽𝓻𝓸 𝓷𝓸""",pass,,non_depression_risk_user,
bere.vaxquez,𝓑𝓮𝓻𝓮💕,Siempre!!😻,2025/12/23 10:04,"18
""𝓓𝓮𝓫𝓮𝓼 𝓭𝓮 𝓪𝓹𝓻𝓮𝓷𝓭𝓮𝓻 𝓪 𝓷𝓸 𝓱𝓪𝓬𝓮𝓻𝓽𝓮 𝓲𝓵𝓾𝓼𝓲𝓸𝓷𝓮𝓼 𝓬𝓸𝓷 𝓪𝓵𝓰𝓾𝓲𝓮𝓷 𝓪𝓵 𝓺𝓾𝓮 𝓾𝓷 𝓭í𝓪 𝓵𝓮 𝓲𝓶𝓹𝓸𝓻𝓽𝓪𝓼 𝔂 𝓪𝓵 𝓸𝓽𝓻𝓸 𝓷𝓸""",pass,,non_depression_risk_user,
bere.vaxquez,𝓑𝓮𝓻𝓮💕,🙌🏼,2025/12/23 10:02,"18
""𝓓𝓮𝓫𝓮𝓼 𝓭𝓮 𝓪𝓹𝓻𝓮𝓷𝓭𝓮𝓻 𝓪 𝓷𝓸 𝓱𝓪𝓬𝓮𝓻𝓽𝓮 𝓲𝓵𝓾𝓼𝓲𝓸𝓷𝓮𝓼 𝓬𝓸𝓷 𝓪𝓵𝓰𝓾𝓲𝓮𝓷 𝓪𝓵 𝓺𝓾𝓮 𝓾𝓷 𝓭í𝓪 𝓵𝓮 𝓲𝓶𝓹𝓸𝓻𝓽𝓪𝓼 𝔂 𝓪𝓵 𝓸𝓽𝓻𝓸 𝓷𝓸""",pass,,non_depression_risk_user,
bere.vaxquez,𝓑𝓮𝓻𝓮💕,🫶🏼,2025/12/23 09:55,"18
""𝓓𝓮𝓫𝓮𝓼 𝓭𝓮 𝓪𝓹𝓻𝓮𝓷𝓭𝓮𝓻 𝓪 𝓷𝓸 𝓱𝓪𝓬𝓮𝓻𝓽𝓮 𝓲𝓵𝓾𝓼𝓲𝓸𝓷𝓮𝓼 𝓬𝓸𝓷 𝓪𝓵𝓰𝓾𝓲𝓮𝓷 𝓪𝓵 𝓺𝓾𝓮 𝓾𝓷 𝓭í𝓪 𝓵𝓮 𝓲𝓶𝓹𝓸𝓻𝓽𝓪𝓼 𝔂 𝓪𝓵 𝓸𝓽𝓻𝓸 𝓷𝓸""",pass,,non_depression_risk_user,
bere.vaxquez,𝓑𝓮𝓻𝓮💕,🥺,2025/12/23 09:39,"18
""𝓓𝓮𝓫𝓮𝓼 𝓭𝓮 𝓪𝓹𝓻𝓮𝓷𝓭𝓮𝓻 𝓪 𝓷𝓸 𝓱𝓪𝓬𝓮𝓻𝓽𝓮 𝓲𝓵𝓾𝓼𝓲𝓸𝓷𝓮𝓼 𝓬𝓸𝓷 𝓪𝓵𝓰𝓾𝓲𝓮𝓷 𝓪𝓵 𝓺𝓾𝓮 𝓾𝓷 𝓭í𝓪 𝓵𝓮 𝓲𝓶𝓹𝓸𝓻𝓽𝓪𝓼 𝔂 𝓪𝓵 𝓸𝓽𝓻𝓸 𝓷𝓸""",pass,,non_depression_risk_user,
bere.vaxquez,𝓑𝓮𝓻𝓮💕,😍,2025/12/23 09:33,"18
""𝓓𝓮𝓫𝓮𝓼 𝓭𝓮 𝓪𝓹𝓻𝓮𝓷𝓭𝓮𝓻 𝓪 𝓷𝓸 𝓱𝓪𝓬𝓮𝓻𝓽𝓮 𝓲𝓵𝓾𝓼𝓲𝓸𝓷𝓮𝓼 𝓬𝓸𝓷 𝓪𝓵𝓰𝓾𝓲𝓮𝓷 𝓪𝓵 𝓺𝓾𝓮 𝓾𝓷 𝓭í𝓪 𝓵𝓮 𝓲𝓶𝓹𝓸𝓻𝓽𝓪𝓼 𝔂 𝓪𝓵 𝓸𝓽𝓻𝓸 𝓷𝓸""",pass,,non_depression_risk_user,
bere.vaxquez,𝓑𝓮𝓻𝓮💕,😇,2025/12/23 09:31,"18
""𝓓𝓮𝓫𝓮𝓼 𝓭𝓮 𝓪𝓹𝓻𝓮𝓷𝓭𝓮𝓻 𝓪 𝓷𝓸 𝓱𝓪𝓬𝓮𝓻𝓽𝓮 𝓲𝓵𝓾𝓼𝓲𝓸𝓷𝓮𝓼 𝓬𝓸𝓷 𝓪𝓵𝓰𝓾𝓲𝓮𝓷 𝓪𝓵 𝓺𝓾𝓮 𝓾𝓷 𝓭í𝓪 𝓵𝓮 𝓲𝓶𝓹𝓸𝓻𝓽𝓪𝓼 𝔂 𝓪𝓵 𝓸𝓽𝓻𝓸 𝓷𝓸""",pass,,non_depression_risk_user,
bere.vaxquez,𝓑𝓮𝓻𝓮💕,🙏🏼,2025/12/23 09:19,"18
""𝓓𝓮𝓫𝓮𝓼 𝓭𝓮 𝓪𝓹𝓻𝓮𝓷𝓭𝓮𝓻 𝓪 𝓷𝓸 𝓱𝓪𝓬𝓮𝓻𝓽𝓮 𝓲𝓵𝓾𝓼𝓲𝓸𝓷𝓮𝓼 𝓬𝓸𝓷 𝓪𝓵𝓰𝓾𝓲𝓮𝓷 𝓪𝓵 𝓺𝓾𝓮 𝓾𝓷 𝓭í𝓪 𝓵𝓮 𝓲𝓶𝓹𝓸𝓻𝓽𝓪𝓼 𝔂 𝓪𝓵 𝓸𝓽𝓻𝓸 𝓷𝓸""",pass,,non_depression_risk_user,
bere.vaxquez,𝓑𝓮𝓻𝓮💕,🫀,2025/12/23 09:13,"18
""𝓓𝓮𝓫𝓮𝓼 𝓭𝓮 𝓪𝓹𝓻𝓮𝓷𝓭𝓮𝓻 𝓪 𝓷𝓸 𝓱𝓪𝓬𝓮𝓻𝓽𝓮 𝓲𝓵𝓾𝓼𝓲𝓸𝓷𝓮𝓼 𝓬𝓸𝓷 𝓪𝓵𝓰𝓾𝓲𝓮𝓷 𝓪𝓵 𝓺𝓾𝓮 𝓾𝓷 𝓭í𝓪 𝓵𝓮 𝓲𝓶𝓹𝓸𝓻𝓽𝓪𝓼 𝔂 𝓪𝓵 𝓸𝓽𝓻𝓸 𝓷𝓸""",pass,,non_depression_risk_user,
bere.vaxquez,𝓑𝓮𝓻𝓮💕,🧏🏻‍♀️,2025/12/23 08:50,"18
""𝓓𝓮𝓫𝓮𝓼 𝓭𝓮 𝓪𝓹𝓻𝓮𝓷𝓭𝓮𝓻 𝓪 𝓷𝓸 𝓱𝓪𝓬𝓮𝓻𝓽𝓮 𝓲𝓵𝓾𝓼𝓲𝓸𝓷𝓮𝓼 𝓬𝓸𝓷 𝓪𝓵𝓰𝓾𝓲𝓮𝓷 𝓪𝓵 𝓺𝓾𝓮 𝓾𝓷 𝓭í𝓪 𝓵𝓮 𝓲𝓶𝓹𝓸𝓻𝓽𝓪𝓼 𝔂 𝓪𝓵 𝓸𝓽𝓻𝓸 𝓷𝓸""",pass,,non_depression_risk_user,
bere.vaxquez,𝓑𝓮𝓻𝓮💕,😿,2025/12/23 08:48,"18
""𝓓𝓮𝓫𝓮𝓼 𝓭𝓮 𝓪𝓹𝓻𝓮𝓷𝓭𝓮𝓻 𝓪 𝓷𝓸 𝓱𝓪𝓬𝓮𝓻𝓽𝓮 𝓲𝓵𝓾𝓼𝓲𝓸𝓷𝓮𝓼 𝓬𝓸𝓷 𝓪𝓵𝓰𝓾𝓲𝓮𝓷 𝓪𝓵 𝓺𝓾𝓮 𝓾𝓷 𝓭í𝓪 𝓵𝓮 𝓲𝓶𝓹𝓸𝓻𝓽𝓪𝓼 𝔂 𝓪𝓵 𝓸𝓽𝓻𝓸 𝓷𝓸""",pass,,non_depression_risk_user,
bere.vaxquez,𝓑𝓮𝓻𝓮💕,🤞🏽❤️,2025/12/23 08:44,"18
""𝓓𝓮𝓫𝓮𝓼 𝓭𝓮 𝓪𝓹𝓻𝓮𝓷𝓭𝓮𝓻 𝓪 𝓷𝓸 𝓱𝓪𝓬𝓮𝓻𝓽𝓮 𝓲𝓵𝓾𝓼𝓲𝓸𝓷𝓮𝓼 𝓬𝓸𝓷 𝓪𝓵𝓰𝓾𝓲𝓮𝓷 𝓪𝓵 𝓺𝓾𝓮 𝓾𝓷 𝓭í𝓪 𝓵𝓮 𝓲𝓶𝓹𝓸𝓻𝓽𝓪𝓼 𝔂 𝓪𝓵 𝓸𝓽𝓻𝓸 𝓷𝓸""",pass,,non_depression_risk_user,
fernanda.flores.29,Fernanda María💋,☝🏻,2025/12/23 12:52,🫶🏻,pass,,non_depression_risk_user,
fernanda.flores.29,Fernanda María💋,😍😍😍😍,2025/12/23 12:50,🫶🏻,pass,,non_depression_risk_user,
fernanda.flores.29,Fernanda María💋,"Hombres, nunca dejen de ser detallistas.
No se imaginan lo hermoso que sentimos las mujeres al recibir flores. 🎀💐😍",2025/12/23 12:47,🫶🏻,pass,,non_depression_risk_user,
fernanda.flores.29,Fernanda María💋,Sí me llagaron flores a la oficina. 😍💕,2025/12/23 05:07,🫶🏻,pass,,non_depression_risk_user,
fernanda.flores.29,Fernanda María💋,Amanecí con ganas de que me manden flores a la oficina 🥺💐,2025/12/22 23:44,🫶🏻,pass,,non_depression_risk_user,
fernanda.flores.29,Fernanda María💋,Ya hicieron su vision board de girlsssss?🍒,2025/12/19 21:47,🫶🏻,pass,,non_depression_risk_user,
fernanda.flores.29,Fernanda María💋,Gracias Dioooooooooooooooosssssssss😍😍😍😍😍😍😍😍😍😍😍😍😍😍😍😍😍😍😍😍😍😍😍😍😍😍😍😍😍,2025/12/19 21:45,🫶🏻,pass,,non_depression_risk_user,
fernanda.flores.29,Fernanda María💋,Yo solo estar en Veracruz y yaaaaaaaaaaa,2025/12/17 06:05,🫶🏻,pass,,non_depression_risk_user,
fernanda.flores.29,Fernanda María💋,"El fin de semana estuve platicando con una chica y me dijo algo que me pareció bellísimo.
Me dijo: 
Dios es un rey, ¿y sabes qué eres tú?
TÚ ERES SU PRINCESA. 🥹💕",2025/12/17 04:18,🫶🏻,pass,,non_depression_risk_user,
fernanda.flores.29,Fernanda María💋,💕,2025/12/17 04:13,🫶🏻,pass,,non_depression_risk_user,
fernanda.flores.29,Fernanda María💋,Ayúdenme a poner una descripción linda en ig,2025/12/17 04:10,🫶🏻,pass,,non_depression_risk_user,
fernanda.flores.29,Fernanda María💋,🥹❤️,2025/12/16 11:17,🫶🏻,pass,,non_depression_risk_user,
fernanda.flores.29,Fernanda María💋,🥹🥺,2025/12/16 03:45,🫶🏻,pass,,non_depression_risk_user,
fernanda.flores.29,Fernanda María💋,El sentimiento tan peculiar de diciembre. 🥺😣,2025/12/16 03:44,🫶🏻,pass,,non_depression_risk_user,
05ess_,05ess_,"改造路上撿的兇狠豬豬咪
雄性荷爾蒙大爆發 超派的臉還很愛打架",2025/12/16 15:42,嗨,not_enough_posts,,skipped,
05ess_,05ess_,我也想把彩妝當飯吃,2025/12/15 03:29,嗨,not_enough_posts,,skipped,
monsemontejo_,sm,🫰🏼,2025/12/23 09:49,"🪐It's never too late to start building happy memories.🪐
🧿
19|🤎🧚‍♀️
📌Comalcalco Tabasco.
2.03🥥🤍",not_enough_posts,,skipped,
kaier_liu,Kaier Liu,蔣萬安上任至今最大政績：台北跨年取消王ADEN演出。,2025/12/23 13:09,"這裡寫一些 生活時事評論
等等 偶爾廢文 棒球文
小草勿追
太誇張的馬上封鎖",pass,,non_depression_risk_user,
kaier_liu,Kaier Liu,小橘書沒教這個,2025/12/21 10:59,"這裡寫一些 生活時事評論
等等 偶爾廢文 棒球文
小草勿追
太誇張的馬上封鎖",pass,,non_depression_risk_user,
kaier_liu,Kaier Liu,"我認為反年金改革就給他執行好了
改成單身月薪三萬以上都要繳綜合所得稅 現役公務人員延長到70歲才能領
這樣年輕人才知道痛
財政才能減輕負擔",2025/12/13 09:00,"這裡寫一些 生活時事評論
等等 偶爾廢文 棒球文
小草勿追
太誇張的馬上封鎖",pass,,non_depression_risk_user,
sol_sanabria.222,𝕾𝖔𝖑 𝕾𝖆𝖓𝖆𝖇𝖗𝖎𝖆,🙏🥺,2025/12/23 14:07,𝚈𝚎𝚜𝚑𝚞𝚊🤍✨,pass,,non_depression_risk_user,
sol_sanabria.222,𝕾𝖔𝖑 𝕾𝖆𝖓𝖆𝖇𝖗𝖎𝖆,Lo peor es que ya me rendí☹️,2025/12/19 19:06,𝚈𝚎𝚜𝚑𝚞𝚊🤍✨,pass,,non_depression_risk_user,
sol_sanabria.222,𝕾𝖔𝖑 𝕾𝖆𝖓𝖆𝖇𝖗𝖎𝖆,Las cosas que enamoraron al principio son las que jamas hay que cambiar✨,2025/12/18 22:54,𝚈𝚎𝚜𝚑𝚞𝚊🤍✨,pass,,non_depression_risk_user,
sol_sanabria.222,𝕾𝖔𝖑 𝕾𝖆𝖓𝖆𝖇𝖗𝖎𝖆,"No se metan en vidas ajenas y si lo van a hacer vayan de frente, sin indirectas y sin vueltas. 
Hay personas como yo con las que hay que venir de frente y con argumentos por que con falacias y estupideces con la lengua característica que yo tengo te dejo traumas sin reversión.",2025/12/18 22:34,𝚈𝚎𝚜𝚑𝚞𝚊🤍✨,pass,,non_depression_risk_user,
sol_sanabria.222,𝕾𝖔𝖑 𝕾𝖆𝖓𝖆𝖇𝖗𝖎𝖆,"Que ganas de romper las bolas que tienen algunas pendejitas, Nena tenes menos de 20 años, no sabes lo que te espera corazoncito. 
Tranquilizate por que afuera de tu cama te va a ir muy mal asi🚮",2025/12/17 05:15,𝚈𝚎𝚜𝚑𝚞𝚊🤍✨,pass,,non_depression_risk_user,
sol_sanabria.222,𝕾𝖔𝖑 𝕾𝖆𝖓𝖆𝖇𝖗𝖎𝖆,🍑✨💞,2025/12/16 21:57,𝚈𝚎𝚜𝚑𝚞𝚊🤍✨,pass,,non_depression_risk_user,
sol_sanabria.222,𝕾𝖔𝖑 𝕾𝖆𝖓𝖆𝖇𝖗𝖎𝖆,🧎🏻‍♀️✨,2025/12/16 09:42,𝚈𝚎𝚜𝚑𝚞𝚊🤍✨,pass,,non_depression_risk_user,
sol_sanabria.222,𝕾𝖔𝖑 𝕾𝖆𝖓𝖆𝖇𝖗𝖎𝖆,"Solo quiero ponerme linda y salir a ver el cielo nocturno, tomando una cervecita bien fria con el amor de mi vida❤️‍🩹",2025/12/13 22:35,𝚈𝚎𝚜𝚑𝚞𝚊🤍✨,pass,,non_depression_risk_user,
sol_sanabria.222,𝕾𝖔𝖑 𝕾𝖆𝖓𝖆𝖇𝖗𝖎𝖆,"Y ahora que???
Nunca me senti tan perdida como ahora🧎🏻‍♀️",2025/12/12 12:35,𝚈𝚎𝚜𝚑𝚞𝚊🤍✨,pass,,non_depression_risk_user,
sol_sanabria.222,𝕾𝖔𝖑 𝕾𝖆𝖓𝖆𝖇𝖗𝖎𝖆,Me complace informarles que se viene el desarrollo del personaje más bastardo que hayan conocido en sus vidas✨,2025/12/12 11:24,𝚈𝚎𝚜𝚑𝚞𝚊🤍✨,pass,,non_depression_risk_user,
sol_sanabria.222,𝕾𝖔𝖑 𝕾𝖆𝖓𝖆𝖇𝖗𝖎𝖆,Uno solo descuida lo que no le importa🌱,2025/12/12 06:54,𝚈𝚎𝚜𝚑𝚞𝚊🤍✨,pass,,non_depression_risk_user,
sol_sanabria.222,𝕾𝖔𝖑 𝕾𝖆𝖓𝖆𝖇𝖗𝖎𝖆,🫦🫦🫦🫦,2025/12/12 02:49,𝚈𝚎𝚜𝚑𝚞𝚊🤍✨,pass,,non_depression_risk_user,
sol_sanabria.222,𝕾𝖔𝖑 𝕾𝖆𝖓𝖆𝖇𝖗𝖎𝖆,"No se si es por la gripe,pero estoy que si me hablan fuerte lloro😔",2025/12/11 18:07,𝚈𝚎𝚜𝚑𝚞𝚊🤍✨,pass,,non_depression_risk_user,
sol_sanabria.222,𝕾𝖔𝖑 𝕾𝖆𝖓𝖆𝖇𝖗𝖎𝖆,ENFÓCATE!,2025/12/10 04:35,𝚈𝚎𝚜𝚑𝚞𝚊🤍✨,pass,,non_depression_risk_user,
sol_sanabria.222,𝕾𝖔𝖑 𝕾𝖆𝖓𝖆𝖇𝖗𝖎𝖆,Amo la tranquilidad de que cualquier persona de mi círculo social pueda agarrar mi celular para lo que sea y jamas van a encontrar algo malo en el✨💞❣️🥰💘🧎🏻‍♀️🌱✨,2025/12/10 02:09,𝚈𝚎𝚜𝚑𝚞𝚊🤍✨,pass,,non_depression_risk_user,
sol_sanabria.222,𝕾𝖔𝖑 𝕾𝖆𝖓𝖆𝖇𝖗𝖎𝖆,Despues de la experiencia de las “bolsas negras” ya nada duele mas.,2025/12/9 22:18,𝚈𝚎𝚜𝚑𝚞𝚊🤍✨,pass,,non_depression_risk_user,
sol_sanabria.222,𝕾𝖔𝖑 𝕾𝖆𝖓𝖆𝖇𝖗𝖎𝖆,“Como puede ser que con el culo que tenes andas caminado por la lluvia” exclamo la señora de la hilux blanca😔🥲✨,2025/12/9 22:00,𝚈𝚎𝚜𝚑𝚞𝚊🤍✨,pass,,non_depression_risk_user,
fany_girlb,𝒇𝒂𝒏𝒚_𝒈𝒊𝒓𝒍,👸🏼,2025/12/23 14:20,"💒🎀✨️🩰
God's plans are perfect
Un rinconcito de cosas bonitas 📸
Sígueme en ig💌",pass,,non_depression_risk_user,
fany_girlb,𝒇𝒂𝒏𝒚_𝒈𝒊𝒓𝒍,🧝‍♀️,2025/12/23 10:29,"💒🎀✨️🩰
God's plans are perfect
Un rinconcito de cosas bonitas 📸
Sígueme en ig💌",pass,,non_depression_risk_user,
fany_girlb,𝒇𝒂𝒏𝒚_𝒈𝒊𝒓𝒍,🧚🏼‍♀️,2025/12/23 10:21,"💒🎀✨️🩰
God's plans are perfect
Un rinconcito de cosas bonitas 📸
Sígueme en ig💌",pass,,non_depression_risk_user,
fany_girlb,𝒇𝒂𝒏𝒚_𝒈𝒊𝒓𝒍,🧡,2025/12/23 10:19,"💒🎀✨️🩰
God's plans are perfect
Un rinconcito de cosas bonitas 📸
Sígueme en ig💌",pass,,non_depression_risk_user,
fany_girlb,𝒇𝒂𝒏𝒚_𝒈𝒊𝒓𝒍,👾,2025/12/23 10:16,"💒🎀✨️🩰
God's plans are perfect
Un rinconcito de cosas bonitas 📸
Sígueme en ig💌",pass,,non_depression_risk_user,
fany_girlb,𝒇𝒂𝒏𝒚_𝒈𝒊𝒓𝒍,🐚,2025/12/22 13:59,"💒🎀✨️🩰
God's plans are perfect
Un rinconcito de cosas bonitas 📸
Sígueme en ig💌",pass,,non_depression_risk_user,
fany_girlb,𝒇𝒂𝒏𝒚_𝒈𝒊𝒓𝒍,🍓,2025/12/22 13:53,"💒🎀✨️🩰
God's plans are perfect
Un rinconcito de cosas bonitas 📸
Sígueme en ig💌",pass,,non_depression_risk_user,
fany_girlb,𝒇𝒂𝒏𝒚_𝒈𝒊𝒓𝒍,💃🏼,2025/12/21 21:40,"💒🎀✨️🩰
God's plans are perfect
Un rinconcito de cosas bonitas 📸
Sígueme en ig💌",pass,,non_depression_risk_user,
fany_girlb,𝒇𝒂𝒏𝒚_𝒈𝒊𝒓𝒍,💅🏼,2025/12/21 21:38,"💒🎀✨️🩰
God's plans are perfect
Un rinconcito de cosas bonitas 📸
Sígueme en ig💌",pass,,non_depression_risk_user,
fany_girlb,𝒇𝒂𝒏𝒚_𝒈𝒊𝒓𝒍,🩷,2025/12/21 14:13,"💒🎀✨️🩰
God's plans are perfect
Un rinconcito de cosas bonitas 📸
Sígueme en ig💌",pass,,non_depression_risk_user,
fany_girlb,𝒇𝒂𝒏𝒚_𝒈𝒊𝒓𝒍,❤️‍🔥,2025/12/21 13:56,"💒🎀✨️🩰
God's plans are perfect
Un rinconcito de cosas bonitas 📸
Sígueme en ig💌",pass,,non_depression_risk_user,
fany_girlb,𝒇𝒂𝒏𝒚_𝒈𝒊𝒓𝒍,📍,2025/12/20 14:39,"💒🎀✨️🩰
God's plans are perfect
Un rinconcito de cosas bonitas 📸
Sígueme en ig💌",pass,,non_depression_risk_user,
fany_girlb,𝒇𝒂𝒏𝒚_𝒈𝒊𝒓𝒍,💝,2025/12/20 14:27,"💒🎀✨️🩰
God's plans are perfect
Un rinconcito de cosas bonitas 📸
Sígueme en ig💌",pass,,non_depression_risk_user,
fany_girlb,𝒇𝒂𝒏𝒚_𝒈𝒊𝒓𝒍,🫦,2025/12/20 14:26,"💒🎀✨️🩰
God's plans are perfect
Un rinconcito de cosas bonitas 📸
Sígueme en ig💌",pass,,non_depression_risk_user,
fany_girlb,𝒇𝒂𝒏𝒚_𝒈𝒊𝒓𝒍,🧞,2025/12/20 14:23,"💒🎀✨️🩰
God's plans are perfect
Un rinconcito de cosas bonitas 📸
Sígueme en ig💌",pass,,non_depression_risk_user,
fany_girlb,𝒇𝒂𝒏𝒚_𝒈𝒊𝒓𝒍,🧜🏼‍♀️,2025/12/20 14:20,"💒🎀✨️🩰
God's plans are perfect
Un rinconcito de cosas bonitas 📸
Sígueme en ig💌",pass,,non_depression_risk_user,
fany_girlb,𝒇𝒂𝒏𝒚_𝒈𝒊𝒓𝒍,🐆,2025/12/20 10:44,"💒🎀✨️🩰
God's plans are perfect
Un rinconcito de cosas bonitas 📸
Sígueme en ig💌",pass,,non_depression_risk_user,
fany_girlb,𝒇𝒂𝒏𝒚_𝒈𝒊𝒓𝒍,👩🏼‍🦯‍➡️,2025/12/20 04:51,"💒🎀✨️🩰
God's plans are perfect
Un rinconcito de cosas bonitas 📸
Sígueme en ig💌",pass,,non_depression_risk_user,
fany_girlb,𝒇𝒂𝒏𝒚_𝒈𝒊𝒓𝒍,💗,2025/12/19 14:00,"💒🎀✨️🩰
God's plans are perfect
Un rinconcito de cosas bonitas 📸
Sígueme en ig💌",pass,,non_depression_risk_user,
fany_girlb,𝒇𝒂𝒏𝒚_𝒈𝒊𝒓𝒍,💋,2025/12/19 13:59,"💒🎀✨️🩰
God's plans are perfect
Un rinconcito de cosas bonitas 📸
Sígueme en ig💌",pass,,non_depression_risk_user,
fany_girlb,𝒇𝒂𝒏𝒚_𝒈𝒊𝒓𝒍,🌸,2025/12/19 13:58,"💒🎀✨️🩰
God's plans are perfect
Un rinconcito de cosas bonitas 📸
Sígueme en ig💌",pass,,non_depression_risk_user,
fany_girlb,𝒇𝒂𝒏𝒚_𝒈𝒊𝒓𝒍,🐾,2025/12/19 13:57,"💒🎀✨️🩰
God's plans are perfect
Un rinconcito de cosas bonitas 📸
Sígueme en ig💌",pass,,non_depression_risk_user,
fany_girlb,𝒇𝒂𝒏𝒚_𝒈𝒊𝒓𝒍,🪼,2025/12/19 07:13,"💒🎀✨️🩰
God's plans are perfect
Un rinconcito de cosas bonitas 📸
Sígueme en ig💌",pass,,non_depression_risk_user,
fany_girlb,𝒇𝒂𝒏𝒚_𝒈𝒊𝒓𝒍,🎀,2025/12/18 13:13,"💒🎀✨️🩰
God's plans are perfect
Un rinconcito de cosas bonitas 📸
Sígueme en ig💌",pass,,non_depression_risk_user,
fany_girlb,𝒇𝒂𝒏𝒚_𝒈𝒊𝒓𝒍,💷,2025/12/18 13:07,"💒🎀✨️🩰
God's plans are perfect
Un rinconcito de cosas bonitas 📸
Sígueme en ig💌",pass,,non_depression_risk_user,
fany_girlb,𝒇𝒂𝒏𝒚_𝒈𝒊𝒓𝒍,🦋,2025/12/18 00:34,"💒🎀✨️🩰
God's plans are perfect
Un rinconcito de cosas bonitas 📸
Sígueme en ig💌",pass,,non_depression_risk_user,
fany_girlb,𝒇𝒂𝒏𝒚_𝒈𝒊𝒓𝒍,🧚🏼‍♀️🧚🏼‍♀️,2025/12/17 13:31,"💒🎀✨️🩰
God's plans are perfect
Un rinconcito de cosas bonitas 📸
Sígueme en ig💌",pass,,non_depression_risk_user,
fany_girlb,𝒇𝒂𝒏𝒚_𝒈𝒊𝒓𝒍,🧎🏼‍♀️‍➡️,2025/12/17 13:31,"💒🎀✨️🩰
God's plans are perfect
Un rinconcito de cosas bonitas 📸
Sígueme en ig💌",pass,,non_depression_risk_user,
fany_girlb,𝒇𝒂𝒏𝒚_𝒈𝒊𝒓𝒍,🧞‍♀️,2025/12/17 13:26,"💒🎀✨️🩰
God's plans are perfect
Un rinconcito de cosas bonitas 📸
Sígueme en ig💌",pass,,non_depression_risk_user,
fany_girlb,𝒇𝒂𝒏𝒚_𝒈𝒊𝒓𝒍,❤️‍🩹,2025/12/17 13:24,"💒🎀✨️🩰
God's plans are perfect
Un rinconcito de cosas bonitas 📸
Sígueme en ig💌",pass,,non_depression_risk_user,
fany_girlb,𝒇𝒂𝒏𝒚_𝒈𝒊𝒓𝒍,🏋‍♀️,2025/12/17 13:16,"💒🎀✨️🩰
God's plans are perfect
Un rinconcito de cosas bonitas 📸
Sígueme en ig💌",pass,,non_depression_risk_user,
fany_girlb,𝒇𝒂𝒏𝒚_𝒈𝒊𝒓𝒍,🍂,2025/12/15 14:05,"💒🎀✨️🩰
God's plans are perfect
Un rinconcito de cosas bonitas 📸
Sígueme en ig💌",pass,,non_depression_risk_user,
fany_girlb,𝒇𝒂𝒏𝒚_𝒈𝒊𝒓𝒍,🩷,2025/12/15 13:55,"💒🎀✨️🩰
God's plans are perfect
Un rinconcito de cosas bonitas 📸
Sígueme en ig💌",pass,,non_depression_risk_user,
fany_girlb,𝒇𝒂𝒏𝒚_𝒈𝒊𝒓𝒍,💐,2025/12/15 13:51,"💒🎀✨️🩰
God's plans are perfect
Un rinconcito de cosas bonitas 📸
Sígueme en ig💌",pass,,non_depression_risk_user,
fany_girlb,𝒇𝒂𝒏𝒚_𝒈𝒊𝒓𝒍,🧃,2025/12/14 01:21,"💒🎀✨️🩰
God's plans are perfect
Un rinconcito de cosas bonitas 📸
Sígueme en ig💌",pass,,non_depression_risk_user,
fany_girlb,𝒇𝒂𝒏𝒚_𝒈𝒊𝒓𝒍,🧞‍♀️,2025/12/13 14:01,"💒🎀✨️🩰
God's plans are perfect
Un rinconcito de cosas bonitas 📸
Sígueme en ig💌",pass,,non_depression_risk_user,
fany_girlb,𝒇𝒂𝒏𝒚_𝒈𝒊𝒓𝒍,🧚🏼‍♀️,2025/12/13 13:55,"💒🎀✨️🩰
God's plans are perfect
Un rinconcito de cosas bonitas 📸
Sígueme en ig💌",pass,,non_depression_risk_user,
fany_girlb,𝒇𝒂𝒏𝒚_𝒈𝒊𝒓𝒍,🙊,2025/12/12 22:01,"💒🎀✨️🩰
God's plans are perfect
Un rinconcito de cosas bonitas 📸
Sígueme en ig💌",pass,,non_depression_risk_user,
fany_girlb,𝒇𝒂𝒏𝒚_𝒈𝒊𝒓𝒍,🦋,2025/12/12 21:50,"💒🎀✨️🩰
God's plans are perfect
Un rinconcito de cosas bonitas 📸
Sígueme en ig💌",pass,,non_depression_risk_user,
fany_girlb,𝒇𝒂𝒏𝒚_𝒈𝒊𝒓𝒍,tengo miopía 😭,2025/12/12 07:25,"💒🎀✨️🩰
God's plans are perfect
Un rinconcito de cosas bonitas 📸
Sígueme en ig💌",pass,,non_depression_risk_user,
fany_girlb,𝒇𝒂𝒏𝒚_𝒈𝒊𝒓𝒍,🤍,2025/12/11 22:10,"💒🎀✨️🩰
God's plans are perfect
Un rinconcito de cosas bonitas 📸
Sígueme en ig💌",pass,,non_depression_risk_user,
fany_girlb,𝒇𝒂𝒏𝒚_𝒈𝒊𝒓𝒍,🍯,2025/12/10 23:20,"💒🎀✨️🩰
God's plans are perfect
Un rinconcito de cosas bonitas 📸
Sígueme en ig💌",pass,,non_depression_risk_user,
fany_girlb,𝒇𝒂𝒏𝒚_𝒈𝒊𝒓𝒍,never🧚🏼‍♀️,2025/12/10 00:08,"💒🎀✨️🩰
God's plans are perfect
Un rinconcito de cosas bonitas 📸
Sígueme en ig💌",pass,,non_depression_risk_user,
jackychen_0522,陳信亘,"終於可以公開了！Sanlih(三立電視股份有限公司)同意這支動力火車在2025耶誕城的影片(如連結)正式對台灣觀眾公開！謝謝YouTube！
youtu.be/b7CPM…",2025/12/16 12:07,"#給未來一個掌聲
2004/05/22❤
雙子座ENFP
HYPS>TSHS>𝙁𝙅𝘾𝙐 𝘼𝙄𝙎
爬山、騎單車、寶可夢GO、維基百科臺灣專題、YT",not_enough_posts,,skipped,
sean_la_rapsodia,Sean /有天要去Fuji Rock的人,莫名很像我虎的佐藤輝明….,2025/12/22 06:51,"⚽️FC Barcelona ❤️💙
⚾️阪神タイガース🐯
日搖/台灣樂團/棒球/牢騷
 
用我的方式去熱愛每一件我所愛的
現為中職自由球迷",pass,,non_depression_risk_user,
sean_la_rapsodia,Sean /有天要去Fuji Rock的人,"棒球菜雞日記 Day2
榮幸參加了暴力熊的首勝！！
拿到了自己的棒球衣
Raúl Yo和背號11號都是希望自己延續
在大學時西語系排的熱忱到棒球場上
今天訓練開始打toss
用了感覺比較適合自己的揮棒方式
但還是要多做重量
上場守了兩局右外野
也感謝有中外野的隊友提醒防守觀念
順利收下首勝！！",2025/12/21 22:57,"⚽️FC Barcelona ❤️💙
⚾️阪神タイガース🐯
日搖/台灣樂團/棒球/牢騷
 
用我的方式去熱愛每一件我所愛的
現為中職自由球迷",pass,,non_depression_risk_user,
sean_la_rapsodia,Sean /有天要去Fuji Rock的人,"與為翔本人約會的一天
果然他最知道我最需要的是
買遊戲+安利美特母雞卡+超爽豚骨拉麵+台北最強唐揚雞
謝謝為翔…",2025/12/20 20:12,"⚽️FC Barcelona ❤️💙
⚾️阪神タイガース🐯
日搖/台灣樂團/棒球/牢騷
 
用我的方式去熱愛每一件我所愛的
現為中職自由球迷",pass,,non_depression_risk_user,
sean_la_rapsodia,Sean /有天要去Fuji Rock的人,"長大後就是把以前的童年買回來….
最喜歡的一款沒有之一
真的好喜歡銀河二的重力系統",2025/12/20 18:48,"⚽️FC Barcelona ❤️💙
⚾️阪神タイガース🐯
日搖/台灣樂團/棒球/牢騷
 
用我的方式去熱愛每一件我所愛的
現為中職自由球迷",pass,,non_depression_risk_user,
sean_la_rapsodia,Sean /有天要去Fuji Rock的人,"因為平常幫我剪瀏海的髮型師一直不回我
瀏海快把我弄瞎了
所以直男第一次挑戰使用電棒捲
希望成果還不錯（？",2025/12/20 12:01,"⚽️FC Barcelona ❤️💙
⚾️阪神タイガース🐯
日搖/台灣樂團/棒球/牢騷
 
用我的方式去熱愛每一件我所愛的
現為中職自由球迷",pass,,non_depression_risk_user,
sean_la_rapsodia,Sean /有天要去Fuji Rock的人,"我想問下threads上的社會人朋友們
今天如果你很愛的日本樂團專場
跟你第一次的公司尾牙撞期
你會選哪一個
本新鮮人需要建議",2025/12/20 08:33,"⚽️FC Barcelona ❤️💙
⚾️阪神タイガース🐯
日搖/台灣樂團/棒球/牢騷
 
用我的方式去熱愛每一件我所愛的
現為中職自由球迷",pass,,non_depression_risk_user,
sean_la_rapsodia,Sean /有天要去Fuji Rock的人,"在這多事之秋（冬）
請珍惜身邊愛自己和自己愛的人
珍惜每一寸在流逝的青春
還有珍惜腳下踩的土地
就算再不安也要為了自己
為了自己的熱愛 變強變聰明
保護好自己 就是保護好愛的人
中山北車平安 台灣平安",2025/12/19 19:52,"⚽️FC Barcelona ❤️💙
⚾️阪神タイガース🐯
日搖/台灣樂團/棒球/牢騷
 
用我的方式去熱愛每一件我所愛的
現為中職自由球迷",pass,,non_depression_risk_user,
sean_la_rapsodia,Sean /有天要去Fuji Rock的人,開到目前為止的大港開唱be like:,2025/12/19 17:54,"⚽️FC Barcelona ❤️💙
⚾️阪神タイガース🐯
日搖/台灣樂團/棒球/牢騷
 
用我的方式去熱愛每一件我所愛的
現為中職自由球迷",pass,,non_depression_risk_user,
sean_la_rapsodia,Sean /有天要去Fuji Rock的人,"回到高雄第一團一定要聽結束樂團
大港一張4200都是台獨份子還搶不到太貴了吧
爛大港",2025/12/18 13:01,"⚽️FC Barcelona ❤️💙
⚾️阪神タイガース🐯
日搖/台灣樂團/棒球/牢騷
 
用我的方式去熱愛每一件我所愛的
現為中職自由球迷",pass,,non_depression_risk_user,
sean_la_rapsodia,Sean /有天要去Fuji Rock的人,"我的三月有點過度充實（燒錢）
一下子大港一下子WBC
我覺得我要準備賣腎了
有人缺臨時工ㄇ（幹",2025/12/17 12:49,"⚽️FC Barcelona ❤️💙
⚾️阪神タイガース🐯
日搖/台灣樂團/棒球/牢騷
 
用我的方式去熱愛每一件我所愛的
現為中職自由球迷",pass,,non_depression_risk_user,
sean_la_rapsodia,Sean /有天要去Fuji Rock的人,"大港上岸
從今天開始
@adho.0o
@adho.0o
何力行是我老大",2025/12/17 12:17,"⚽️FC Barcelona ❤️💙
⚾️阪神タイガース🐯
日搖/台灣樂團/棒球/牢騷
 
用我的方式去熱愛每一件我所愛的
現為中職自由球迷",pass,,non_depression_risk_user,
sean_la_rapsodia,Sean /有天要去Fuji Rock的人,"收台日 台韓 台澳 台捷的票
我這什麼爛運嗚嗚嗚嗚嗚嗚
全部都沒抽到是怎樣",2025/12/17 11:46,"⚽️FC Barcelona ❤️💙
⚾️阪神タイガース🐯
日搖/台灣樂團/棒球/牢騷
 
用我的方式去熱愛每一件我所愛的
現為中職自由球迷",pass,,non_depression_risk_user,
sean_la_rapsodia,Sean /有天要去Fuji Rock的人,"我是一個1分鐘打不到60個字的小廢物
嗚嗚嗚嗚嗚嗚",2025/12/16 17:52,"⚽️FC Barcelona ❤️💙
⚾️阪神タイガース🐯
日搖/台灣樂團/棒球/牢騷
 
用我的方式去熱愛每一件我所愛的
現為中職自由球迷",pass,,non_depression_risk_user,
sean_la_rapsodia,Sean /有天要去Fuji Rock的人,"各位大港沒搶到的
我們",2025/12/16 13:11,"⚽️FC Barcelona ❤️💙
⚾️阪神タイガース🐯
日搖/台灣樂團/棒球/牢騷
 
用我的方式去熱愛每一件我所愛的
現為中職自由球迷",pass,,non_depression_risk_user,
sean_la_rapsodia,Sean /有天要去Fuji Rock的人,"溫柔的人終究是辛苦的
但也正是因爲這些困難
讓你的溫柔更加勇敢堅定
請珍惜 愛護這樣的自己
並變強 成為更有力量的人
讓心跳能成為你愛的人生活的節奏",2025/12/15 00:16,"⚽️FC Barcelona ❤️💙
⚾️阪神タイガース🐯
日搖/台灣樂團/棒球/牢騷
 
用我的方式去熱愛每一件我所愛的
現為中職自由球迷",pass,,non_depression_risk_user,
sean_la_rapsodia,Sean /有天要去Fuji Rock的人,"這次去了上次去是七歲的的台東
路過當時八八風災還沒發生的時候住的飯店
總覺得活在一個消逝的年代
玩具反斗城消逝
喜歡的樂團少年們漸漸變成大叔
喜歡的樂壇大叔漸漸變成阿伯阿公
曾經嚮往的校園愛情看了會起雞皮疙瘩
享受生活這件事也漸漸步調變得好快
在這個什麼都在消失的時代
我還能保持本我到什麼時候呢",2025/12/14 21:49,"⚽️FC Barcelona ❤️💙
⚾️阪神タイガース🐯
日搖/台灣樂團/棒球/牢騷
 
用我的方式去熱愛每一件我所愛的
現為中職自由球迷",pass,,non_depression_risk_user,
sean_la_rapsodia,Sean /有天要去Fuji Rock的人,"剛剛Pasiwali聽的OTYKEN
在路上超幸運的遇到他們
還一起跳舞…
真的超開心 我到現在手還在抖",2025/12/14 00:16,"⚽️FC Barcelona ❤️💙
⚾️阪神タイガース🐯
日搖/台灣樂團/棒球/牢騷
 
用我的方式去熱愛每一件我所愛的
現為中職自由球迷",pass,,non_depression_risk_user,
sean_la_rapsodia,Sean /有天要去Fuji Rock的人,"如果WBC抽中台日場
我就去現場跳York版登峰造極連續半小時
我可是抽中過LNG台聚的人 
我相信雖整年後會有的",2025/12/12 19:00,"⚽️FC Barcelona ❤️💙
⚾️阪神タイガース🐯
日搖/台灣樂團/棒球/牢騷
 
用我的方式去熱愛每一件我所愛的
現為中職自由球迷",pass,,non_depression_risk_user,
sean_la_rapsodia,Sean /有天要去Fuji Rock的人,"如果大港第一天
結束樂團（南霸天）撞上椎名林檎（女神龍）
椎名林檎再feat個常田大希 WORK現場版
將會是史上最大的車禍
比任何一道死牆都可怕",2025/12/12 17:04,"⚽️FC Barcelona ❤️💙
⚾️阪神タイガース🐯
日搖/台灣樂團/棒球/牢騷
 
用我的方式去熱愛每一件我所愛的
現為中職自由球迷",pass,,non_depression_risk_user,
sean_la_rapsodia,Sean /有天要去Fuji Rock的人,"好了啦游為翔又再亂打文章了
今天不就是下雨
+覺得自己很肥
+去台東行李還沒收完
+覺得自己戴眼鏡很醜
+健身房沒去到
+亂做夢嗎",2025/12/11 21:49,"⚽️FC Barcelona ❤️💙
⚾️阪神タイガース🐯
日搖/台灣樂團/棒球/牢騷
 
用我的方式去熱愛每一件我所愛的
現為中職自由球迷",pass,,non_depression_risk_user,
sean_la_rapsodia,Sean /有天要去Fuji Rock的人,"*微微探出頭*
「感覺可以嘗試踏出這一步了」
*各式各樣的感情鬼故事*
「痾痾痾痾痾痾痾」
今天才看到大概三個劈腿故事
有男有女 覺得平穩會殺了某些人的精蟲",2025/12/10 12:58,"⚽️FC Barcelona ❤️💙
⚾️阪神タイガース🐯
日搖/台灣樂團/棒球/牢騷
 
用我的方式去熱愛每一件我所愛的
現為中職自由球迷",pass,,non_depression_risk_user,
sean_la_rapsodia,Sean /有天要去Fuji Rock的人,"補了一顆超高難度蛀牙
沒有打麻藥
快點稱讚我 我是勇敢超人",2025/12/9 21:15,"⚽️FC Barcelona ❤️💙
⚾️阪神タイガース🐯
日搖/台灣樂團/棒球/牢騷
 
用我的方式去熱愛每一件我所愛的
現為中職自由球迷",pass,,non_depression_risk_user,
sean_la_rapsodia,Sean /有天要去Fuji Rock的人,Forever Forever,2025/12/9 20:16,"⚽️FC Barcelona ❤️💙
⚾️阪神タイガース🐯
日搖/台灣樂團/棒球/牢騷
 
用我的方式去熱愛每一件我所愛的
現為中職自由球迷",pass,,non_depression_risk_user,
motari00,Ari,🥰,2025/12/23 12:31,,pass,,non_depression_risk_user,
motari00,Ari,Ti,2025/12/23 12:30,,pass,,non_depression_risk_user,
motari00,Ari,🙏🏻,2025/12/21 23:00,,pass,,non_depression_risk_user,
motari00,Ari,🥹,2025/12/21 23:00,,pass,,non_depression_risk_user,
motari00,Ari,"Normalicen regalar cosas de oro, que es eso de regalar rosas de listón",2025/12/19 12:32,,pass,,non_depression_risk_user,
motari00,Ari,"Cualquier cosa mi color favorito es el rosa,
amo las flores, me encanta los peluches,
adoro los atardeceres, amo los besos en la frente.",2025/12/18 12:07,,pass,,non_depression_risk_user,
motari00,Ari,❤️‍🩹,2025/12/15 06:17,,pass,,non_depression_risk_user,
motari00,Ari,Te lo mereces cielo.,2025/12/14 13:10,,pass,,non_depression_risk_user,
motari00,Ari,Aiñ,2025/12/14 13:09,,pass,,non_depression_risk_user,
motari00,Ari,Jajaja,2025/12/13 08:57,,pass,,non_depression_risk_user,
chouchou.424,Dana Chou,薄荷茶在前五分鐘是好喝的 放久了就出現廚餘煮菜水味,2025/12/23 03:04,youtube.com,pass,,non_depression_risk_user,
chouchou.424,Dana Chou,"在做類似旋轉軀幹的動作時
脊椎一節一節地發出聲音",2025/12/14 04:30,youtube.com,pass,,non_depression_risk_user,
chouchou.424,Dana Chou,身體健康就是福了,2025/12/13 19:46,youtube.com,pass,,non_depression_risk_user,
whoiserimi,𝓔𝓻𝓲𝓴𝓪 🫧,❤️,2025/12/23 04:13,"•isleña • recuerda no planear tanto la vida ✨
🇩🇴|☀️|🥘|☕|🌴🌊🫧",pass,,non_depression_risk_user,
whoiserimi,𝓔𝓻𝓲𝓴𝓪 🫧,🫂❤️ sad but it’s true,2025/12/21 20:20,"•isleña • recuerda no planear tanto la vida ✨
🇩🇴|☀️|🥘|☕|🌴🌊🫧",pass,,non_depression_risk_user,
whoiserimi,𝓔𝓻𝓲𝓴𝓪 🫧,Vuélvelo a leer 🧏🏻‍♀️,2025/12/21 20:19,"•isleña • recuerda no planear tanto la vida ✨
🇩🇴|☀️|🥘|☕|🌴🌊🫧",pass,,non_depression_risk_user,
whoiserimi,𝓔𝓻𝓲𝓴𝓪 🫧,Soy su fan 🤣🤣🤣🤣,2025/12/21 00:24,"•isleña • recuerda no planear tanto la vida ✨
🇩🇴|☀️|🥘|☕|🌴🌊🫧",pass,,non_depression_risk_user,
whoiserimi,𝓔𝓻𝓲𝓴𝓪 🫧,Nadie merece tus lágrimas y quien las merezca no te hará llorar ❤️‍🩹,2025/12/21 00:23,"•isleña • recuerda no planear tanto la vida ✨
🇩🇴|☀️|🥘|☕|🌴🌊🫧",pass,,non_depression_risk_user,
whoiserimi,𝓔𝓻𝓲𝓴𝓪 🫧,❤️🫶🏻,2025/12/18 05:04,"•isleña • recuerda no planear tanto la vida ✨
🇩🇴|☀️|🥘|☕|🌴🌊🫧",pass,,non_depression_risk_user,
whoiserimi,𝓔𝓻𝓲𝓴𝓪 🫧,"Amen con intensidad , querer a medias no hará que duela menos cuando todo acabe ❤️‍🩹🫂",2025/12/18 05:02,"•isleña • recuerda no planear tanto la vida ✨
🇩🇴|☀️|🥘|☕|🌴🌊🫧",pass,,non_depression_risk_user,
whoiserimi,𝓔𝓻𝓲𝓴𝓪 🫧,❤️‍🩹🫂,2025/12/18 05:01,"•isleña • recuerda no planear tanto la vida ✨
🇩🇴|☀️|🥘|☕|🌴🌊🫧",pass,,non_depression_risk_user,
whoiserimi,𝓔𝓻𝓲𝓴𝓪 🫧,🫶🏻❤️,2025/12/18 05:00,"•isleña • recuerda no planear tanto la vida ✨
🇩🇴|☀️|🥘|☕|🌴🌊🫧",pass,,non_depression_risk_user,
whoiserimi,𝓔𝓻𝓲𝓴𝓪 🫧,Y si 🙂🥴🖤,2025/12/18 04:40,"•isleña • recuerda no planear tanto la vida ✨
🇩🇴|☀️|🥘|☕|🌴🌊🫧",pass,,non_depression_risk_user,
whoiserimi,𝓔𝓻𝓲𝓴𝓪 🫧,🙂‍↕️🙌,2025/12/17 03:09,"•isleña • recuerda no planear tanto la vida ✨
🇩🇴|☀️|🥘|☕|🌴🌊🫧",pass,,non_depression_risk_user,
whoiserimi,𝓔𝓻𝓲𝓴𝓪 🫧,🖤🔒,2025/12/14 23:38,"•isleña • recuerda no planear tanto la vida ✨
🇩🇴|☀️|🥘|☕|🌴🌊🫧",pass,,non_depression_risk_user,
whoiserimi,𝓔𝓻𝓲𝓴𝓪 🫧,💯🤣,2025/12/10 07:27,"•isleña • recuerda no planear tanto la vida ✨
🇩🇴|☀️|🥘|☕|🌴🌊🫧",pass,,non_depression_risk_user,
whoiserimi,𝓔𝓻𝓲𝓴𝓪 🫧,🖤,2025/12/10 07:25,"•isleña • recuerda no planear tanto la vida ✨
🇩🇴|☀️|🥘|☕|🌴🌊🫧",pass,,non_depression_risk_user,
whoiserimi,𝓔𝓻𝓲𝓴𝓪 🫧,Mi animal favorito soy yo cuando se me acaban los sentimiento 🙂‍↕️🖤,2025/12/10 07:25,"•isleña • recuerda no planear tanto la vida ✨
🇩🇴|☀️|🥘|☕|🌴🌊🫧",pass,,non_depression_risk_user,
whoiserimi,𝓔𝓻𝓲𝓴𝓪 🫧,❤️‍🩹,2025/12/10 07:15,"•isleña • recuerda no planear tanto la vida ✨
🇩🇴|☀️|🥘|☕|🌴🌊🫧",pass,,non_depression_risk_user,
whoiserimi,𝓔𝓻𝓲𝓴𝓪 🫧,Y si….🙂‍↕️,2025/12/10 07:07,"•isleña • recuerda no planear tanto la vida ✨
🇩🇴|☀️|🥘|☕|🌴🌊🫧",pass,,non_depression_risk_user,
whoiserimi,𝓔𝓻𝓲𝓴𝓪 🫧,❤️‍🩹,2025/12/10 00:11,"•isleña • recuerda no planear tanto la vida ✨
🇩🇴|☀️|🥘|☕|🌴🌊🫧",pass,,non_depression_risk_user,
whoiserimi,𝓔𝓻𝓲𝓴𝓪 🫧,"Aveces las personas más que soluciones, solo necesitan ser escuchadas ❤️‍🩹🫂",2025/12/10 00:10,"•isleña • recuerda no planear tanto la vida ✨
🇩🇴|☀️|🥘|☕|🌴🌊🫧",pass,,non_depression_risk_user,
whoiserimi,𝓔𝓻𝓲𝓴𝓪 🫧,🙂‍↕️,2025/12/10 00:04,"•isleña • recuerda no planear tanto la vida ✨
🇩🇴|☀️|🥘|☕|🌴🌊🫧",pass,,non_depression_risk_user,
whoiserimi,𝓔𝓻𝓲𝓴𝓪 🫧,No todas las personas son reemplazables ❤️‍🩹,2025/12/10 00:00,"•isleña • recuerda no planear tanto la vida ✨
🇩🇴|☀️|🥘|☕|🌴🌊🫧",pass,,non_depression_risk_user,
james_692561,james_692561,"櫻花季代搶
需自備ibon帳號！",2025/12/23 11:34,"只是個很會搶票的人…
台灣演唱會皆可代搶（海外的話要看情況( *｀ω´)
確認搶到才收代搶費（票價10%～？？%） 視難易度調整
代搶費收到後，才會提供平台付款資訊！
純手搶 非程式外掛 不是100%會有票喔！沒搶到不收費！",business,,skipped,
james_692561,james_692561,"接super junior公售代搶！
需給拓元帳號！",2025/12/22 18:10,"只是個很會搶票的人…
台灣演唱會皆可代搶（海外的話要看情況( *｀ω´)
確認搶到才收代搶費（票價10%～？？%） 視難易度調整
代搶費收到後，才會提供平台付款資訊！
純手搶 非程式外掛 不是100%會有票喔！沒搶到不收費！",business,,skipped,
james_692561,james_692561,"櫻花季代搶
需自備ibon帳號！",2025/12/19 18:30,"只是個很會搶票的人…
台灣演唱會皆可代搶（海外的話要看情況( *｀ω´)
確認搶到才收代搶費（票價10%～？？%） 視難易度調整
代搶費收到後，才會提供平台付款資訊！
純手搶 非程式外掛 不是100%會有票喔！沒搶到不收費！",business,,skipped,
james_692561,james_692561,"TWS代搶
需自備拓元帳號！",2025/12/19 16:56,"只是個很會搶票的人…
台灣演唱會皆可代搶（海外的話要看情況( *｀ω´)
確認搶到才收代搶費（票價10%～？？%） 視難易度調整
代搶費收到後，才會提供平台付款資訊！
純手搶 非程式外掛 不是100%會有票喔！沒搶到不收費！",business,,skipped,
bboyds,李承龍,"今年我玩的遊戲強作不少
入圍年度遊戲的33遠征隊跟天國降臨2我都有玩
以入圍遊戲來說33遠征實至名歸
但我想說年底玩到燕雲十六聲我覺得比33遠征更毒更好玩
薩爾達+法環+刺客+GTA 全都是我很愛的遊戲
縫合的很完美
33最強的劇情 我覺得燕雲是完全沒輸
甚至可能強一點
因為除了主線 支線奇遇的故事我也覺得做的很好
探索要素就贏33非常多了
個人覺得燕雲是我今年玩到最好玩的遊戲",2025/12/14 10:10,一雙玉臂千人枕 半點朱唇萬人嚐,pass,,non_depression_risk_user,
bboyds,李承龍,"今天去買了傳聞很好喝的UG
點了招牌15茉無糖
喝了一口不就是茉莉綠茶嗎？",2025/12/11 23:08,一雙玉臂千人枕 半點朱唇萬人嚐,pass,,non_depression_risk_user,
bboyds,李承龍,"我民族國中學弟變BTS師弟
我在幹嘛",2025/12/9 14:55,一雙玉臂千人枕 半點朱唇萬人嚐,pass,,non_depression_risk_user,
la_.vie_.en_.rose_,Luna Monge 𓂀,❤️❤️❤️,2025/12/23 11:57,,pass,,non_depression_risk_user,
la_.vie_.en_.rose_,Luna Monge 𓂀,:(,2025/12/23 11:56,,pass,,non_depression_risk_user,
la_.vie_.en_.rose_,Luna Monge 𓂀,Puto (I),2025/12/16 14:53,,pass,,non_depression_risk_user,
samantasifuentes_,Samanta Sifuentes,🥰,2025/12/23 13:32,🍀,pass,,non_depression_risk_user,
samantasifuentes_,Samanta Sifuentes,"Mientras un insulto te altere o un elogio te. eleve, sigues siendo esclavo del juicio ajeno. 😉",2025/12/23 11:34,🍀,pass,,non_depression_risk_user,
samantasifuentes_,Samanta Sifuentes,🙂,2025/12/23 11:32,🍀,pass,,non_depression_risk_user,
samantasifuentes_,Samanta Sifuentes,🙃,2025/12/23 11:29,🍀,pass,,non_depression_risk_user,
qooqo39391,qooqo39391,這位女舞者確定要這樣跟金珉奎拍照嗎☺️,2025/12/23 15:31,www.instagram.com,non_life,,skipped,
qooqo39391,qooqo39391,哇哇金珉奎跟田柾國同框看權志龍演唱會～所以粉絲們自己在那邊吵吵鬧鬧～田柾國練練舞吃吃泡麵發發自拍看看演唱會什麼事都沒有～過好自己現生吧大家～偶像人生給偶像自己去過～,2025/12/14 18:42,www.instagram.com,non_life,,skipped,
qooqo39391,qooqo39391,"田柾國在金冬天出現後發自拍：哥哥們確定白忙一場👍🏻
所以我是不是朴宋事件的時候就說防彈解散～少一個都不是防彈所以解散才是正解～是說田柾國以前自拍眼神好像不曾那麼銳利～看起來好像在瞪粉絲～不會真的為愛怒視阿米吧～",2025/12/14 15:55,www.instagram.com,non_life,,skipped,
qooqo39391,qooqo39391,是閔玧其的自拍呀啊～😍,2025/12/12 18:32,www.instagram.com,non_life,,skipped,
qooqo39391,qooqo39391,超級喜歡看到有人拿我的文去發表他的意見～嘲諷或反駁也很好～感謝那些寶寶願意花時間閱讀完還特地轉發替我製造流量～真的謝謝捏～✌🏻🫶🏻😘,2025/12/11 19:06,www.instagram.com,non_life,,skipped,
qooqo39391,qooqo39391,如果田跟冬真的在交往那這段就是對著粉絲大型撒糖現場～看隊友的表情還有冬冬笑得美滋滋～🥰～好甜好田～❤️,2025/12/11 12:35,www.instagram.com,non_life,,skipped,
qooqo39391,qooqo39391,下標題天才～與Aespa Karina成一家親～說不定本來就一家親了勒～🥰,2025/12/11 11:59,www.instagram.com,non_life,,skipped,
qooqo39391,qooqo39391,會開始稍微關注Cortis就是覺得他們有難得的純淨少年感～年紀還小還沒開始男人病～結果讓他們跳崔然峻那首歌～歌詞內容不適合～舞蹈動作也不適合～沒有太想看未成年跳性感舞蹈～安乾鎬才16～ㄜㄜ,2025/12/10 21:39,www.instagram.com,non_life,,skipped,
qooqo39391,qooqo39391,田柾國如果煮的是辛拉麵～那是很有心了～❤️,2025/12/10 08:23,www.instagram.com,non_life,,skipped,
sgtevenwglter577,sgtevenwglter577,"三麗鷗聯名
一組7支（不拆售）
🉑賣貨便貨付、歡迎私我❤️",2025/12/17 18:20,,business,,skipped,
sgtevenwglter577,sgtevenwglter577,"原價售出
寶怪 Babymonster
地點：台北小巨蛋
VIP A區 $6500 四張連號（可單獨拆售）
4800/800/各兩張（都是連號)
取票日：門市取票當天面交",2025/12/17 12:31,,business,,skipped,
sgtevenwglter577,sgtevenwglter577,"#原價讓出
寶怪 Babymonster
地點：台北小巨蛋
VIP A區 $6500 四張連號（可單獨拆售）
4800/800/各兩張（都是連號)
取票日：門市取票當天面交",2025/12/17 12:03,,business,,skipped,
sgtevenwglter577,sgtevenwglter577,"麥當勞出玩具小車啦
真的超酷的耶 一個100$
有喜歡的嗎？私訊我",2025/12/16 17:29,,business,,skipped,
sgtevenwglter577,sgtevenwglter577,"三麗鷗聯名
一組7支（不拆售）
另有單售
布丁狗兔＄$550有（搭徽章1枚隨機$80）
美樂蒂吉伊$500有1（搭徽章1枚隨機$80）
KITTY小$500有1 （搭徽章1枚隨機$80）
帕洽狗小八＄500有1 （搭徽章1枚隨機$80）
庫洛米桃$500有1
漢頓栗子$500有1
開賣貨便、歡迎私我❤️",2025/12/16 14:42,,business,,skipped,
sgtevenwglter577,sgtevenwglter577,"#售票 #讓票
有二張大港票有人需要嗎 
4200*2  原價轉讓
有需要可直接私訊討論
詐騙走開",2025/12/16 12:28,,business,,skipped,
sgtevenwglter577,sgtevenwglter577,"原價讓票 大港開唱
兩張/4200 需要的私",2025/12/16 12:18,,business,,skipped,
sgtevenwglter577,sgtevenwglter577,"台灣人才會知道的經典
充電器迷你小凳子 有喜歡的嗎？
一個80$ 🉑貨付",2025/12/16 11:13,,business,,skipped,
sgtevenwglter577,sgtevenwglter577,"台灣人才會知道的經典
充電器迷你小凳子 有喜歡的嗎？
一個80$ 🉑貨付",2025/12/15 19:58,,business,,skipped,
sgtevenwglter577,sgtevenwglter577,"羅志祥周邊 帽t 小熊吊飾 目前都有現貨
晚上打包一起發出 可以貨付
需要的私訊我 原價+100服務費",2025/12/15 16:42,,business,,skipped,
sgtevenwglter577,sgtevenwglter577,"kitty也是穿上羽絨服了
一款淺灰色/粉紅色 超可愛耶
有喜歡的嗎？一隻60$",2025/12/15 13:04,,business,,skipped,
sgtevenwglter577,sgtevenwglter577,"出清
五月天周邊水晶音樂會
售價$200 數量有限
售完刪貼 需要聯絡",2025/12/14 22:13,,business,,skipped,
sgtevenwglter577,sgtevenwglter577,"免費的蔬菜娃娃可以拿耶🤩
還有好多蔬菜寶寶們
可愛～有喜歡的嗎私訊我",2025/12/14 18:53,,business,,skipped,
sgtevenwglter577,sgtevenwglter577,"麥當勞出玩具小車啦
真的超酷的耶
有喜歡的嗎？私訊我",2025/12/14 14:59,,business,,skipped,
sgtevenwglter577,sgtevenwglter577,"刺繡絨布袋最後50個，預購完結單
🉑貨到付款🉑賣貨便
私訊預購🫶🏻",2025/12/14 13:56,,business,,skipped,
sgtevenwglter577,sgtevenwglter577,"羅志祥周邊代購
現在還能接單
統一寄送發出 🉑️貨付
需要的私訊我 原價+100服務費",2025/12/14 12:06,,business,,skipped,
sgtevenwglter577,sgtevenwglter577,"#原價讓出
🏆第40屆金唱片頒獎典禮
有點特殊情況去不了
📍臺北大巨蛋
🎫 票價：$8980 原價讓出
需要的直接私訊我",2025/12/13 16:00,,business,,skipped,
sgtevenwglter577,sgtevenwglter577,"#原價讓出
🏆第40屆金唱片頒獎典禮
有點特殊情況去不了
📍臺北大巨蛋
🎫 票價：$8980 原價讓出
需要的直接私訊我",2025/12/13 12:09,,business,,skipped,
sgtevenwglter577,sgtevenwglter577,"#原價讓出
🏆第40屆金唱片頒獎典禮
有點特殊情況去不了
📍臺北大巨蛋
🎫 票價：$7980 原價讓出
需要的直接私訊我",2025/12/13 11:33,,business,,skipped,
james_692561,james_692561,接4點清票代搶,2025/12/13 13:18,"只是個很會搶票的人…
台灣演唱會皆可代搶（海外的話要看情況( *｀ω´)
確認搶到才收代搶費（票價10%～？？%） 視難易度調整
代搶費收到後，才會提供平台付款資訊！
純手搶 非程式外掛 不是100%會有票喔！沒搶到不收費！",business,,skipped,
james_692561,james_692561,"12/13金唱片 門票代搶
需給帳號",2025/12/10 16:29,"只是個很會搶票的人…
台灣演唱會皆可代搶（海外的話要看情況( *｀ω´)
確認搶到才收代搶費（票價10%～？？%） 視難易度調整
代搶費收到後，才會提供平台付款資訊！
純手搶 非程式外掛 不是100%會有票喔！沒搶到不收費！",business,,skipped,
hethfyti,張慈穎,"高科技手勢變化控制喔
讓兒童告別手機
一隻$1200需要聯絡喔￼
需要追蹤➕轉發 截圖喔",2025/12/22 17:22,,business,,skipped,
hethfyti,張慈穎,"#出清 五月天周邊水晶音樂盒
前任留下的 不想要了
便宜出售價$300
可面交 可寄送 
需要排私訊我喔",2025/12/22 17:11,,business,,skipped,
hethfyti,張慈穎,"黑科技磁懸浮音箱音響來啦
最後只有100個 
團購價僅需$980
需要私訊我喔",2025/12/22 15:29,,business,,skipped,
hethfyti,張慈穎,"#出清 五月天周邊水晶音樂盒
前任留下的 不想要了
便宜出售價$300
可面交 可寄送 
需要排私訊我喔",2025/12/22 12:38,,business,,skipped,
hethfyti,張慈穎,"#出清 五月天周邊水晶音樂會
前任留下的 不想要了
便宜出售價$300
可面交 可寄送 
需要排私訊我喔",2025/12/21 19:59,,business,,skipped,
hethfyti,張慈穎,"#出清 五月天周邊水晶音樂會
前任留下的 不想要了
便宜出售價$300
可面交 可寄送 
需要排私訊我喔",2025/12/21 12:42,,business,,skipped,
hethfyti,張慈穎,"看到好多櫻花妹都有🌸
日本限定真的超好看
一個$10000+代購費1000
不用訂金喔 
想排要蹲的私訊喔",2025/12/21 07:05,,business,,skipped,
hethfyti,張慈穎,"真香 這免稅價格⋯⋯
台幣$16000➕1000代購服務費
台灣專櫃$24000喔
不用訂金喔 
想排要蹲的私訊喔",2025/12/21 07:03,,business,,skipped,
hethfyti,張慈穎,"#出清 五月天周邊水晶音樂會
前任留下的 不想要了
便宜出售價$300
可面交 可寄送 
需要排私訊我喔",2025/12/21 06:57,,business,,skipped,
hethfyti,張慈穎,"#出清 五月天周邊水晶音樂會
前任留下的 不想要了
便宜出售價$300
可面交 可寄送 
需要排私訊我喔",2025/12/20 22:27,,business,,skipped,
hethfyti,張慈穎,"看到好多櫻花妹都有🌸
日本限定真的超好看
一個$10000+代購費1000
不用訂金喔 
想排要蹲的私訊喔",2025/12/20 22:25,,business,,skipped,
hethfyti,張慈穎,"真香 這免稅價格⋯⋯
台幣$16000➕1000代購服務費
台灣專櫃$24000喔
不用訂金喔 
想排要蹲的私訊喔",2025/12/20 22:20,,business,,skipped,
hethfyti,張慈穎,"真香 這免稅價格⋯⋯
台幣$16000➕1000代購服務費
台灣專櫃$24000喔
不用訂金喔 
想排要蹲的私訊喔",2025/12/20 10:58,,business,,skipped,
hethfyti,張慈穎,"看到好多櫻花妹都有🌸
日本限定真的超好看
一個$10000+代購費1000
不用訂金喔 
想排要蹲的私訊喔",2025/12/20 10:42,,business,,skipped,
hethfyti,張慈穎,"#出清 五月天周邊水晶音樂會
前任留下的 不想要了
便宜出售價$300
可面交 可寄送 
需要排私訊我喔",2025/12/20 09:26,,business,,skipped,
hethfyti,張慈穎,"#出清 五月天周邊水晶音樂會
前任留下的 不想要了
便宜出售價$300
可面交 可寄送 
需要排私訊我喔",2025/12/19 19:09,,business,,skipped,
hethfyti,張慈穎,"#出清 五月天周邊水晶音樂會
前任留下的 不想要了
便宜出售價$300
可面交 可寄送 
需要排私訊我喔",2025/12/19 13:42,,business,,skipped,
hethfyti,張慈穎,"#出清 五月天周邊水晶音樂會
前任留下的 不想要了
便宜出售價$300
可面交 可寄送 
需要排私訊我喔",2025/12/19 10:57,,business,,skipped,
1yuknz,𝗜ʎʞn𝗭,脆在下雪,2025/12/23 15:47,"死人微活 發洩區慎入
求退坑一鍵還錢教程",pass,,non_depression_risk_user,
1yuknz,𝗜ʎʞn𝗭,幹鐵劑真的很臭嘔嘔嘔嘔嘔嘔嘔嘔嘔,2025/12/23 00:55,"死人微活 發洩區慎入
求退坑一鍵還錢教程",pass,,non_depression_risk_user,
1yuknz,𝗜ʎʞn𝗭,鐵劑也太臭了吧操,2025/12/22 21:38,"死人微活 發洩區慎入
求退坑一鍵還錢教程",pass,,non_depression_risk_user,
1yuknz,𝗜ʎʞn𝗭,還能撐多久,2025/12/21 06:04,"死人微活 發洩區慎入
求退坑一鍵還錢教程",pass,,non_depression_risk_user,
1yuknz,𝗜ʎʞn𝗭,幹我夢到他跟我某個國小同學長得很像 笑吐了。,2025/12/20 17:18,"死人微活 發洩區慎入
求退坑一鍵還錢教程",pass,,non_depression_risk_user,
1yuknz,𝗜ʎʞn𝗭,幹超煩 我把亮度調到一半 過沒幾分鐘他又會自己變亮或變暗超多。？,2025/12/18 18:01,"死人微活 發洩區慎入
求退坑一鍵還錢教程",pass,,non_depression_risk_user,
1yuknz,𝗜ʎʞn𝗭,我靠完全嘴替，一開始只有幾篇還好，後面越來越多什麼都說土的文😍🤌🏻,2025/12/16 06:49,"死人微活 發洩區慎入
求退坑一鍵還錢教程",pass,,non_depression_risk_user,
1yuknz,𝗜ʎʞn𝗭,幹有點後悔選這間😍,2025/12/15 21:33,"死人微活 發洩區慎入
求退坑一鍵還錢教程",pass,,non_depression_risk_user,
1yuknz,𝗜ʎʞn𝗭,萌！,2025/12/14 18:14,"死人微活 發洩區慎入
求退坑一鍵還錢教程",pass,,non_depression_risk_user,
1yuknz,𝗜ʎʞn𝗭,什麼叫兩個月你就消失了,2025/12/12 01:41,"死人微活 發洩區慎入
求退坑一鍵還錢教程",pass,,non_depression_risk_user,
1yuknz,𝗜ʎʞn𝗭,不確定唉,2025/12/11 22:01,"死人微活 發洩區慎入
求退坑一鍵還錢教程",pass,,non_depression_risk_user,
hhhh525084,hhhh,原價轉讓兩張14號超級搖滾區➕福利,2025/12/23 13:43,莎莎真的太棒了,business,,skipped,
hhhh525084,hhhh,"放2張王鶴棣澳門站🇲🇴
日期：2026/1/17號週六
原價1899$×2張CAT1
場地：澳門銀河綜藝館
黃牛勿擾（粉絲優先）有意pm我🙏",2025/12/23 13:28,莎莎真的太棒了,business,,skipped,
hhhh525084,hhhh,"轉讓兩張香港Bp1499連坐飛！！！
原價出！！",2025/12/22 16:49,莎莎真的太棒了,business,,skipped,
hhhh525084,hhhh,"轉讓台日WBC兩張指定席給有需要的寶寶
需要pm喔 匯款郵寄",2025/12/22 15:09,莎莎真的太棒了,business,,skipped,
hhhh525084,hhhh,"出  12.25 sbs歌謠大戰 看台票一張
電子票 給帳號 需要的pm",2025/12/21 22:53,莎莎真的太棒了,business,,skipped,
