username,display_name,post_content,post_date,bio
zionkub26179,zionkub26179,"我和先生努力3胎 終於懷上男寶寶了 誰懂這個心情🥹
先生激動從他的店裡準備了80支iPhone 17 
要送給各位脆友 真實有效（已送出36個）
現按讚追從 不要💰一人一個
說到做到",2026-02-05 23:36,"脆無法及時回復
有需要領取的
可以添加瀨🆔：@900fquye（帳號前+@）
【加好後，先傳訊，方便及時回復喔】"
zionkub26179,zionkub26179,"我和先生努力3胎 終於懷上男寶寶了 誰懂這個心情🥹
先生激動從他的店裡準備了80支iPhone 17 
要送給各位脆友 真實有效（已送出27個）
現按讚追從 不要💰一人一個
說到做到",2026-02-05 17:39,"脆無法及時回復
有需要領取的
可以添加瀨🆔：@900fquye（帳號前+@）
【加好後，先傳訊，方便及時回復喔】"
zionkub26179,zionkub26179,"我和先生努力3胎 終於懷上男寶寶了 誰懂這個心情🥹
先生激動從他的店裡準備了80支iPhone 17 
要送給各位脆友 真實有效（已送出19個）
現按讚追從 不要💰一人一個
說到做到",2026-02-05 09:59,"脆無法及時回復
有需要領取的
可以添加瀨🆔：@900fquye（帳號前+@）
【加好後，先傳訊，方便及時回復喔】"
zionkub26179,zionkub26179,"我和先生努力3胎 終於懷上男寶寶了 誰懂這個心情🥹
先生激動從他的店裡準備了80支iPhone 17 
要送給各位脆友 真實有效（已送出10個）
現按讚追從 不要💰一人一個
說到做到",2026-02-05 00:25,"脆無法及時回復
有需要領取的
可以添加瀨🆔：@900fquye（帳號前+@）
【加好後，先傳訊，方便及時回復喔】"
kimberly426707,曾可心,"我和先生努力3胎 終於懷上男寶寶了 誰懂這個心情🥹
先生激動從他的店裡準備了80支iPhone 17 
要送給各位脆友 真實有效（已送出40個）
現按讚追從 不要💰一人一個
說到做到",2026-02-05 21:12,喜得貴子開心快樂
steacy_hsu,Steacy Hsu,"2026.02.05｜｜6-6｜🌸
#微博之夜 紅毯❤️ 
帥氣進場 今天的女伴是宋祖兒
最佳最敬職的代言人～簽名✍️",2026-02-05 15:51,"就愛❤️張凌赫💋楊洋🌸任嘉倫🌺丞磊🌹陳星旭
這裡存放的都是我最喜歡的藝人
跟大家一起分享"
steacy_hsu,Steacy Hsu,"2026.02.05｜｜7-2｜💋
#楊洋 PrestigeHK二月刊封面
拍攝花絮 Part2•••☘️
在流動的敘事中，見證楊洋從容之姿。❤️
#楊洋資訊站的微博視頻",2026-02-05 15:25,"就愛❤️張凌赫💋楊洋🌸任嘉倫🌺丞磊🌹陳星旭
這裡存放的都是我最喜歡的藝人
跟大家一起分享"
steacy_hsu,Steacy Hsu,"2026.02.05｜｜7-1｜💋
#楊洋 PrestigeHK二月刊封面
拍攝花絮 Part1•••☘️
鏡頭遊走於京城巷陌，跟楊洋一同沉浸東方詩境，定格靜謐時光。",2026-02-05 15:22,"就愛❤️張凌赫💋楊洋🌸任嘉倫🌺丞磊🌹陳星旭
這裡存放的都是我最喜歡的藝人
跟大家一起分享"
steacy_hsu,Steacy Hsu,"2026.02.05｜｜6-6｜🌸
#微博之夜 紅毯 ❤️ 抵達現場了😘",2026-02-05 14:46,"就愛❤️張凌赫💋楊洋🌸任嘉倫🌺丞磊🌹陳星旭
這裡存放的都是我最喜歡的藝人
跟大家一起分享"
steacy_hsu,Steacy Hsu,"2026.02.05｜｜6-5｜🌸
#微博之夜 ❤️ 抵達🛬北京 晚點見",2026-02-05 14:34,"就愛❤️張凌赫💋楊洋🌸任嘉倫🌺丞磊🌹陳星旭
這裡存放的都是我最喜歡的藝人
跟大家一起分享"
steacy_hsu,Steacy Hsu,"2026.02.05｜｜6-4｜🌸
這低胸太犯規了🤭
讓人想看看不到 心煩意亂❤️💕",2026-02-05 14:15,"就愛❤️張凌赫💋楊洋🌸任嘉倫🌺丞磊🌹陳星旭
這裡存放的都是我最喜歡的藝人
跟大家一起分享"
steacy_hsu,Steacy Hsu,"2026.02.05｜｜6-3｜🌸
愛你❤️❤️❤️❤️❤️❤️
#微博之夜 紅毯見
#張凌赫工作室official",2026-02-05 13:27,"就愛❤️張凌赫💋楊洋🌸任嘉倫🌺丞磊🌹陳星旭
這裡存放的都是我最喜歡的藝人
跟大家一起分享"
steacy_hsu,Steacy Hsu,"2026.02.05｜｜6-2｜🌸
#微博之夜 ❤️
每一次邁步向前，都在校準內心的羅盤。每一程步履軌跡，都在向無限處延伸。☘️
未來為幕，踏光成徑，鍍亮理想的輪廓。💕
#微博之夜 紅毯見
#張凌赫工作室official",2026-02-05 13:25,"就愛❤️張凌赫💋楊洋🌸任嘉倫🌺丞磊🌹陳星旭
這裡存放的都是我最喜歡的藝人
跟大家一起分享"
steacy_hsu,Steacy Hsu,"2026.02.02｜｜5-1｜💋
#時尚COSMO 2月刊封面預告
#楊洋在COSMO現場造福
解構舊序，拼貼新福，楊洋邀你一起破而後立，福啟新程。☘️",2026-02-03 00:11,"就愛❤️張凌赫💋楊洋🌸任嘉倫🌺丞磊🌹陳星旭
這裡存放的都是我最喜歡的藝人
跟大家一起分享"
steacy_hsu,Steacy Hsu,"2026.02.02｜｜4-6｜🌹
舞蹈跟唱歌🎤可以跟赫當拜把兄弟
都是經劉宇寧認證的「百靈鳥」😅",2026-02-02 23:28,"就愛❤️張凌赫💋楊洋🌸任嘉倫🌺丞磊🌹陳星旭
這裡存放的都是我最喜歡的藝人
跟大家一起分享"
steacy_hsu,Steacy Hsu,"2026.02.02｜｜4-5｜🌹☘️🌹
真的太過了 在雪地裡穿西裝皮鞋😍",2026-02-02 23:19,"就愛❤️張凌赫💋楊洋🌸任嘉倫🌺丞磊🌹陳星旭
這裡存放的都是我最喜歡的藝人
跟大家一起分享"
steacy_hsu,Steacy Hsu,"2026.02.02｜｜4-4｜🌹❤️🌹
今天抵達西安機場✈️",2026-02-02 23:10,"就愛❤️張凌赫💋楊洋🌸任嘉倫🌺丞磊🌹陳星旭
這裡存放的都是我最喜歡的藝人
跟大家一起分享"
steacy_hsu,Steacy Hsu,2026.02.02｜｜4-4｜🌹❤️🌹,2026-02-02 22:46,"就愛❤️張凌赫💋楊洋🌸任嘉倫🌺丞磊🌹陳星旭
這裡存放的都是我最喜歡的藝人
跟大家一起分享"
steacy_hsu,Steacy Hsu,"2026.02.02｜｜2-3｜🌺
有喜有悲 有哀有樂🥰😡😭😍
《成何體統 How Dare You?》
他倆真的太絕配啦 
到底是在「拍戲」還是「拍 戲」自導自演😅",2026-02-02 22:07,"就愛❤️張凌赫💋楊洋🌸任嘉倫🌺丞磊🌹陳星旭
這裡存放的都是我最喜歡的藝人
跟大家一起分享"
steacy_hsu,Steacy Hsu,2026.02.02｜｜4-3｜🌹,2026-02-02 21:55,"就愛❤️張凌赫💋楊洋🌸任嘉倫🌺丞磊🌹陳星旭
這裡存放的都是我最喜歡的藝人
跟大家一起分享"
steacy_hsu,Steacy Hsu,"2026.02.02｜｜1-3｜
《歸鸞》 🌸 今天的造型又不一樣了
年紀似乎增長了一些 更成熟穩重😊",2026-02-02 21:49,"就愛❤️張凌赫💋楊洋🌸任嘉倫🌺丞磊🌹陳星旭
這裡存放的都是我最喜歡的藝人
跟大家一起分享"
steacy_hsu,Steacy Hsu,"2026.02.01｜｜2-1｜🌺
磊子陪妳吃午餐🍲🍽️
看磊子 吃東西就很有食慾😊
看磊子吃東西 就很有食慾🤭",2026-02-01 12:46,"就愛❤️張凌赫💋楊洋🌸任嘉倫🌺丞磊🌹陳星旭
這裡存放的都是我最喜歡的藝人
跟大家一起分享"
steacy_hsu,Steacy Hsu,"2026.02.01｜｜1-2｜🌸
午餐時間到了🥘
有個男人穿著白襯衫、圍圍裙幫妳下廚 這餐太甜了～🥰",2026-02-01 12:43,"就愛❤️張凌赫💋楊洋🌸任嘉倫🌺丞磊🌹陳星旭
這裡存放的都是我最喜歡的藝人
跟大家一起分享"
steacy_hsu,Steacy Hsu,"2026.02.01｜｜1-1｜🌸
場外燈光音樂居然也那麼震撼🫨
立體環繞音效 毫無雜音 太厲害了😘",2026-02-01 12:38,"就愛❤️張凌赫💋楊洋🌸任嘉倫🌺丞磊🌹陳星旭
這裡存放的都是我最喜歡的藝人
跟大家一起分享"
steacy_hsu,Steacy Hsu,"2026.01.31｜｜10｜☘️🌹☘️
很久沒放嘉倫的消息惹🤭",2026-02-01 02:01,"就愛❤️張凌赫💋楊洋🌸任嘉倫🌺丞磊🌹陳星旭
這裡存放的都是我最喜歡的藝人
跟大家一起分享"
steacy_hsu,Steacy Hsu,"2026.01.31｜｜2-8｜🌺
#玉簟秋 ☘️ 
今天這場拍得很辛苦，群演眾多😅",2026-02-01 01:58,"就愛❤️張凌赫💋楊洋🌸任嘉倫🌺丞磊🌹陳星旭
這裡存放的都是我最喜歡的藝人
跟大家一起分享"
steacy_hsu,Steacy Hsu,"2026.01.31｜｜2-7｜🌺
#玉簟秋 ☘️ 亂世重逢路透，失而復得心疼的看相對方。😭
磊子戲裡戲外都是那麼的關心他人",2026-02-01 01:53,"就愛❤️張凌赫💋楊洋🌸任嘉倫🌺丞磊🌹陳星旭
這裡存放的都是我最喜歡的藝人
跟大家一起分享"
steacy_hsu,Steacy Hsu,2026.01.31｜｜9-2｜🌹❤️🌹,2026-02-01 01:48,"就愛❤️張凌赫💋楊洋🌸任嘉倫🌺丞磊🌹陳星旭
這裡存放的都是我最喜歡的藝人
跟大家一起分享"
yung.tinggg_,yung.tinggg_,"The good, the bad and the ugly 🙌🏾🩵",2026-02-05 12:52,"Creator | Entrepreneur | Muva ★🤍
PSALM 46:5 🦋
🎓 | Mentorship & Ebook ⤵︎"
yung.tinggg_,yung.tinggg_,🙌🏾🩵,2026-02-05 12:38,"Creator | Entrepreneur | Muva ★🤍
PSALM 46:5 🦋
🎓 | Mentorship & Ebook ⤵︎"
yung.tinggg_,yung.tinggg_,🙌🏾🩵,2026-02-05 11:31,"Creator | Entrepreneur | Muva ★🤍
PSALM 46:5 🦋
🎓 | Mentorship & Ebook ⤵︎"
yung.tinggg_,yung.tinggg_,🙌🏾🩵,2026-02-05 11:29,"Creator | Entrepreneur | Muva ★🤍
PSALM 46:5 🦋
🎓 | Mentorship & Ebook ⤵︎"
yung.tinggg_,yung.tinggg_,"Not everyone is meant to go 
where GOD is taking me 🙌🏾🩵",2026-02-05 11:13,"Creator | Entrepreneur | Muva ★🤍
PSALM 46:5 🦋
🎓 | Mentorship & Ebook ⤵︎"
yung.tinggg_,yung.tinggg_,🙌🏾🩵,2026-02-05 09:23,"Creator | Entrepreneur | Muva ★🤍
PSALM 46:5 🦋
🎓 | Mentorship & Ebook ⤵︎"
yung.tinggg_,yung.tinggg_,🙌🏾🩵,2026-02-05 09:22,"Creator | Entrepreneur | Muva ★🤍
PSALM 46:5 🦋
🎓 | Mentorship & Ebook ⤵︎"
yung.tinggg_,yung.tinggg_,AMEN 🙌🏾🩵,2026-02-05 09:21,"Creator | Entrepreneur | Muva ★🤍
PSALM 46:5 🦋
🎓 | Mentorship & Ebook ⤵︎"
yung.tinggg_,yung.tinggg_,🙌🏾🩵,2026-02-04 21:06,"Creator | Entrepreneur | Muva ★🤍
PSALM 46:5 🦋
🎓 | Mentorship & Ebook ⤵︎"
yung.tinggg_,yung.tinggg_,"If you could see it now it wouldn’t require FAITH 
Trust GOD 🙌🏾🩵",2026-02-04 21:05,"Creator | Entrepreneur | Muva ★🤍
PSALM 46:5 🦋
🎓 | Mentorship & Ebook ⤵︎"
yung.tinggg_,yung.tinggg_,"If EVEN one person finds their way back to GOD  and restores their faith through my posts…..
My purpose is FULFILLED 🙌🏾🩵
That alone makes me happy 🥹",2026-02-04 21:02,"Creator | Entrepreneur | Muva ★🤍
PSALM 46:5 🦋
🎓 | Mentorship & Ebook ⤵︎"
yung.tinggg_,yung.tinggg_,"Wealth with wisdom…..Favor with integrity
God’s way & God’s timing 🙌🏾🩵",2026-02-04 20:55,"Creator | Entrepreneur | Muva ★🤍
PSALM 46:5 🦋
🎓 | Mentorship & Ebook ⤵︎"
yung.tinggg_,yung.tinggg_,🙌🏾🩵,2026-02-04 20:54,"Creator | Entrepreneur | Muva ★🤍
PSALM 46:5 🦋
🎓 | Mentorship & Ebook ⤵︎"
yung.tinggg_,yung.tinggg_,Every answer has purpose 🙌🏾🩵,2026-02-04 20:54,"Creator | Entrepreneur | Muva ★🤍
PSALM 46:5 🦋
🎓 | Mentorship & Ebook ⤵︎"
yung.tinggg_,yung.tinggg_,🙌🏾🩵,2026-02-04 08:18,"Creator | Entrepreneur | Muva ★🤍
PSALM 46:5 🦋
🎓 | Mentorship & Ebook ⤵︎"
yung.tinggg_,yung.tinggg_,🙌🏾🩵,2026-02-04 04:56,"Creator | Entrepreneur | Muva ★🤍
PSALM 46:5 🦋
🎓 | Mentorship & Ebook ⤵︎"
yung.tinggg_,yung.tinggg_,🙌🏾🩵,2026-02-03 22:41,"Creator | Entrepreneur | Muva ★🤍
PSALM 46:5 🦋
🎓 | Mentorship & Ebook ⤵︎"
yung.tinggg_,yung.tinggg_,🙌🏾🩵,2026-02-03 22:40,"Creator | Entrepreneur | Muva ★🤍
PSALM 46:5 🦋
🎓 | Mentorship & Ebook ⤵︎"
yung.tinggg_,yung.tinggg_,🙌🏾🩵,2026-02-03 20:54,"Creator | Entrepreneur | Muva ★🤍
PSALM 46:5 🦋
🎓 | Mentorship & Ebook ⤵︎"
yung.tinggg_,yung.tinggg_,"STOP STRESSING 
STOP WORRYING 
STOP TRYING TO FIX 
WHAT GOD HAS ALREADY HANDLED 🙌🏾🩵",2026-02-03 16:33,"Creator | Entrepreneur | Muva ★🤍
PSALM 46:5 🦋
🎓 | Mentorship & Ebook ⤵︎"
yung.tinggg_,yung.tinggg_,BE STILL 🙌🏾🩵,2026-02-03 16:28,"Creator | Entrepreneur | Muva ★🤍
PSALM 46:5 🦋
🎓 | Mentorship & Ebook ⤵︎"
yung.tinggg_,yung.tinggg_,ALWAYS WILL…He’s the foundation 🙌🏾🩵,2026-02-03 16:27,"Creator | Entrepreneur | Muva ★🤍
PSALM 46:5 🦋
🎓 | Mentorship & Ebook ⤵︎"
yung.tinggg_,yung.tinggg_,AMEN 🙌🏾🩵,2026-02-03 16:25,"Creator | Entrepreneur | Muva ★🤍
PSALM 46:5 🦋
🎓 | Mentorship & Ebook ⤵︎"
yung.tinggg_,yung.tinggg_,"If your faith feels quiet lately…this is for you 🙌🏾🩵
a.co/d/0hy…",2026-02-03 16:24,"Creator | Entrepreneur | Muva ★🤍
PSALM 46:5 🦋
🎓 | Mentorship & Ebook ⤵︎"
yung.tinggg_,yung.tinggg_,🙌🏾🩵,2026-02-03 16:16,"Creator | Entrepreneur | Muva ★🤍
PSALM 46:5 🦋
🎓 | Mentorship & Ebook ⤵︎"
yung.tinggg_,yung.tinggg_,"I wasn’t called to blend in
I was CHOSEN for impact 🙌🏾🩵",2026-02-03 16:05,"Creator | Entrepreneur | Muva ★🤍
PSALM 46:5 🦋
🎓 | Mentorship & Ebook ⤵︎"
yung.tinggg_,yung.tinggg_,🙌🏾🩵,2026-02-03 16:02,"Creator | Entrepreneur | Muva ★🤍
PSALM 46:5 🦋
🎓 | Mentorship & Ebook ⤵︎"
yung.tinggg_,yung.tinggg_,AMEN 🙌🏾🩵,2026-02-02 20:24,"Creator | Entrepreneur | Muva ★🤍
PSALM 46:5 🦋
🎓 | Mentorship & Ebook ⤵︎"
yung.tinggg_,yung.tinggg_,🙌🏾🩵,2026-02-02 20:23,"Creator | Entrepreneur | Muva ★🤍
PSALM 46:5 🦋
🎓 | Mentorship & Ebook ⤵︎"
yung.tinggg_,yung.tinggg_,THIS 🙌🏾🩵,2026-02-02 16:50,"Creator | Entrepreneur | Muva ★🤍
PSALM 46:5 🦋
🎓 | Mentorship & Ebook ⤵︎"
yung.tinggg_,yung.tinggg_,🙌🏾🩵,2026-02-02 15:33,"Creator | Entrepreneur | Muva ★🤍
PSALM 46:5 🦋
🎓 | Mentorship & Ebook ⤵︎"
yung.tinggg_,yung.tinggg_,AMEN 🙌🏾🩵,2026-02-02 14:33,"Creator | Entrepreneur | Muva ★🤍
PSALM 46:5 🦋
🎓 | Mentorship & Ebook ⤵︎"
yung.tinggg_,yung.tinggg_,🙌🏾🩵,2026-02-02 14:32,"Creator | Entrepreneur | Muva ★🤍
PSALM 46:5 🦋
🎓 | Mentorship & Ebook ⤵︎"
yung.tinggg_,yung.tinggg_,AMEN 🙌🏾🩵,2026-02-02 14:31,"Creator | Entrepreneur | Muva ★🤍
PSALM 46:5 🦋
🎓 | Mentorship & Ebook ⤵︎"
yung.tinggg_,yung.tinggg_,🙌🏾🩵,2026-02-02 14:29,"Creator | Entrepreneur | Muva ★🤍
PSALM 46:5 🦋
🎓 | Mentorship & Ebook ⤵︎"
yung.tinggg_,yung.tinggg_,🙌🏾🩵,2026-02-02 14:28,"Creator | Entrepreneur | Muva ★🤍
PSALM 46:5 🦋
🎓 | Mentorship & Ebook ⤵︎"
yung.tinggg_,yung.tinggg_,I speak His name with confidence 🙌🏾🩵,2026-02-02 09:14,"Creator | Entrepreneur | Muva ★🤍
PSALM 46:5 🦋
🎓 | Mentorship & Ebook ⤵︎"
yung.tinggg_,yung.tinggg_,What looks impossible to you……is effortless for Him 🙌🏾🩵,2026-02-02 09:12,"Creator | Entrepreneur | Muva ★🤍
PSALM 46:5 🦋
🎓 | Mentorship & Ebook ⤵︎"
yung.tinggg_,yung.tinggg_,🙌🏾🩵,2026-02-02 09:11,"Creator | Entrepreneur | Muva ★🤍
PSALM 46:5 🦋
🎓 | Mentorship & Ebook ⤵︎"
yung.tinggg_,yung.tinggg_,🙌🏾🩵,2026-02-02 09:10,"Creator | Entrepreneur | Muva ★🤍
PSALM 46:5 🦋
🎓 | Mentorship & Ebook ⤵︎"
yung.tinggg_,yung.tinggg_,🙌🏾🩵,2026-02-02 09:09,"Creator | Entrepreneur | Muva ★🤍
PSALM 46:5 🦋
🎓 | Mentorship & Ebook ⤵︎"
yung.tinggg_,yung.tinggg_,🙌🏾🩵,2026-02-02 09:08,"Creator | Entrepreneur | Muva ★🤍
PSALM 46:5 🦋
🎓 | Mentorship & Ebook ⤵︎"
leifu987,leifu987,"這弦樂的陣仗太值得了
開場有如電影的開頭
成軍28年⋯⋯⋯我的大學青春歲月呀😭",2026-02-05 20:31,Carpe diem
daruio25677,赵兮月,"太開心了🎉🎉🎉🎉🎉🎉
第六胎終於生了個男孩
婆婆很高興 獎勵了一筆
我跟老公也很開心 商量了決定買60隻iphone17禮物送給大家(先到先得)
留下祝福:好幸運喔",2026-02-04 14:50,與其抱怨過去，不如認真面對未來
daruio25677,赵兮月,"太開心了🎉🎉🎉🎉🎉🎉
第六胎終於生了個男孩
婆婆很高興 獎勵了一筆
我跟老公也很開心 商量了決定買60隻iphone17禮物送給大家(先到先得)
留下祝福:好幸運喔",2026-02-04 13:10,與其抱怨過去，不如認真面對未來
daruio25677,赵兮月,"太開心了🎉🎉🎉🎉🎉🎉
第六胎終於生了個男孩
婆婆很高興 獎勵了一筆
我跟老公也很開心 商量了決定買60隻iphone17禮物送給大家(先到先得)
留下祝福:好幸運喔",2026-02-01 15:07,與其抱怨過去，不如認真面對未來
daruio25677,赵兮月,"太開心了🎉🎉🎉🎉🎉🎉
第六胎終於生了個男孩
婆婆很高興 獎勵了一筆
我跟老公也很開心 商量了決定買60隻iphone17禮物送給大家(先到先得)
留下祝福:好幸運喔",2026-01-31 22:54,與其抱怨過去，不如認真面對未來
zhangmeiqing80,張美晴,"微波爐有人需要嗎
都是公司撤展退回來的
都是全新未使用
只是有點輕微劃痕
所以便宜處理了
$300一個",2026-02-05 12:11,
zhangmeiqing80,張美晴,"微波爐有人需要嗎
都是公司撤展退回來的
都是全新未使用
只是有點輕微劃痕
所以便宜處理了
$300一個",2026-02-04 10:56,
zhangmeiqing80,張美晴,"微波爐有人需要嗎
都是公司撤展退回來的
都是全新未使用
只是有點輕微劃痕
所以便宜處理了
$300一個",2026-02-03 23:43,
zhangmeiqing80,張美晴,"微波爐有人需要嗎
都是公司撤展退回來的
都是全新未使用
只是有點輕微劃痕
所以便宜處理了
$300一個",2026-02-03 17:31,
yung.tinggg_,yung.tinggg_,🙌🏾🩵,2026-02-04 20:53,"Creator | Entrepreneur | Muva ★🤍
PSALM 46:5 🦋
🎓 | Mentorship & Ebook ⤵︎"
yung.tinggg_,yung.tinggg_,"I just sold 8,000 downloads of my 
Get Your Faith Back eBook
Claiming it in faith before it manifests 🙌🏾🩵
Available now ⬇️
a.co/d/07P…",2026-02-04 20:50,"Creator | Entrepreneur | Muva ★🤍
PSALM 46:5 🦋
🎓 | Mentorship & Ebook ⤵︎"
yung.tinggg_,yung.tinggg_,BELIEVE & WALK IN FAITH 🙌🏾🩵,2026-02-04 20:44,"Creator | Entrepreneur | Muva ★🤍
PSALM 46:5 🦋
🎓 | Mentorship & Ebook ⤵︎"
yung.tinggg_,yung.tinggg_,🙌🏾🩵,2026-02-04 20:41,"Creator | Entrepreneur | Muva ★🤍
PSALM 46:5 🦋
🎓 | Mentorship & Ebook ⤵︎"
yung.tinggg_,yung.tinggg_,🙌🏾🩵,2026-02-04 20:40,"Creator | Entrepreneur | Muva ★🤍
PSALM 46:5 🦋
🎓 | Mentorship & Ebook ⤵︎"
yung.tinggg_,yung.tinggg_,AMEN 🙌🏾🩵,2026-02-04 20:38,"Creator | Entrepreneur | Muva ★🤍
PSALM 46:5 🦋
🎓 | Mentorship & Ebook ⤵︎"
yung.tinggg_,yung.tinggg_,🙌🏾🩵,2026-02-04 20:38,"Creator | Entrepreneur | Muva ★🤍
PSALM 46:5 🦋
🎓 | Mentorship & Ebook ⤵︎"
yung.tinggg_,yung.tinggg_,🙌🏾🩵,2026-02-04 20:37,"Creator | Entrepreneur | Muva ★🤍
PSALM 46:5 🦋
🎓 | Mentorship & Ebook ⤵︎"
yung.tinggg_,yung.tinggg_,🙌🏾🩵,2026-02-03 09:54,"Creator | Entrepreneur | Muva ★🤍
PSALM 46:5 🦋
🎓 | Mentorship & Ebook ⤵︎"
yung.tinggg_,yung.tinggg_,AMEN 🙌🏾🩵,2026-02-03 04:30,"Creator | Entrepreneur | Muva ★🤍
PSALM 46:5 🦋
🎓 | Mentorship & Ebook ⤵︎"
yung.tinggg_,yung.tinggg_,🙌🏾🩵,2026-02-03 03:35,"Creator | Entrepreneur | Muva ★🤍
PSALM 46:5 🦋
🎓 | Mentorship & Ebook ⤵︎"
yung.tinggg_,yung.tinggg_,AMEN 🙌🏾🩵,2026-02-03 03:35,"Creator | Entrepreneur | Muva ★🤍
PSALM 46:5 🦋
🎓 | Mentorship & Ebook ⤵︎"
yung.tinggg_,yung.tinggg_,🙌🏾🩵,2026-02-03 03:34,"Creator | Entrepreneur | Muva ★🤍
PSALM 46:5 🦋
🎓 | Mentorship & Ebook ⤵︎"
yung.tinggg_,yung.tinggg_,🙌🏾🩵,2026-02-02 20:32,"Creator | Entrepreneur | Muva ★🤍
PSALM 46:5 🦋
🎓 | Mentorship & Ebook ⤵︎"
yung.tinggg_,yung.tinggg_,Anything that replaces God as the source opens the wrong door 🙌🏾🩵,2026-02-02 20:28,"Creator | Entrepreneur | Muva ★🤍
PSALM 46:5 🦋
🎓 | Mentorship & Ebook ⤵︎"
yung.tinggg_,yung.tinggg_,DECREE & DECLARE IT 🙌🏾🩵,2026-02-02 20:27,"Creator | Entrepreneur | Muva ★🤍
PSALM 46:5 🦋
🎓 | Mentorship & Ebook ⤵︎"
yung.tinggg_,yung.tinggg_,REPENT & RESTART 🙌🏾🩵,2026-02-02 20:26,"Creator | Entrepreneur | Muva ★🤍
PSALM 46:5 🦋
🎓 | Mentorship & Ebook ⤵︎"
yung.tinggg_,yung.tinggg_,COME TO HIM AS YOU ARE 🙌🏾🩵,2026-02-02 20:24,"Creator | Entrepreneur | Muva ★🤍
PSALM 46:5 🦋
🎓 | Mentorship & Ebook ⤵︎"
loveyuri52040,爛爛,黑到發亮的漂亮狗狗😑✨,2026-02-01 00:19,"單純台獨份子
人生座右銘😑
城市獵人✨冴羽爛💖
霍格華茲在校生-神秘的腎結石
網軍藝工隊—>不支持林岱樺
神代 劍
巧克力無法黨首屆主席👉榮譽主席小鱷魚😑"
loveyuri52040,爛爛,拜託要抽到我😑🥺，大家也一起來抽😑🙏,2026-01-31 22:31,"單純台獨份子
人生座右銘😑
城市獵人✨冴羽爛💖
霍格華茲在校生-神秘的腎結石
網軍藝工隊—>不支持林岱樺
神代 劍
巧克力無法黨首屆主席👉榮譽主席小鱷魚😑"
loveyuri52040,爛爛,請大家持續關注，陳文章還要上訴😑😡,2026-01-31 21:53,"單純台獨份子
人生座右銘😑
城市獵人✨冴羽爛💖
霍格華茲在校生-神秘的腎結石
網軍藝工隊—>不支持林岱樺
神代 劍
巧克力無法黨首屆主席👉榮譽主席小鱷魚😑"
loveyuri52040,爛爛,建議牙醫診所都要有，這樣我就不怕了😑😭,2026-01-31 21:10,"單純台獨份子
人生座右銘😑
城市獵人✨冴羽爛💖
霍格華茲在校生-神秘的腎結石
網軍藝工隊—>不支持林岱樺
神代 劍
巧克力無法黨首屆主席👉榮譽主席小鱷魚😑"
loveyuri52040,爛爛,這貓可以😑🤩✨,2026-01-31 21:07,"單純台獨份子
人生座右銘😑
城市獵人✨冴羽爛💖
霍格華茲在校生-神秘的腎結石
網軍藝工隊—>不支持林岱樺
神代 劍
巧克力無法黨首屆主席👉榮譽主席小鱷魚😑"
loveyuri52040,爛爛,"桃園可面交、賣貨便出貨😑🙏
手工麥芽餅 20入$120 
雪花酥 草莓 原味 可可 抹茶
一包 $150
蔓越莓 原味 牛軋餅
一包130
滿十包免運費
再麻煩大家了
謝謝",2026-01-27 10:09,"單純台獨份子
人生座右銘😑
城市獵人✨冴羽爛💖
霍格華茲在校生-神秘的腎結石
網軍藝工隊—>不支持林岱樺
神代 劍
巧克力無法黨首屆主席👉榮譽主席小鱷魚😑"
loveyuri52040,爛爛,崩潰😑😭,2026-01-27 09:44,"單純台獨份子
人生座右銘😑
城市獵人✨冴羽爛💖
霍格華茲在校生-神秘的腎結石
網軍藝工隊—>不支持林岱樺
神代 劍
巧克力無法黨首屆主席👉榮譽主席小鱷魚😑"
loveyuri52040,爛爛,我懷念小英總統執政的時候了😑🥲,2026-01-27 01:38,"單純台獨份子
人生座右銘😑
城市獵人✨冴羽爛💖
霍格華茲在校生-神秘的腎結石
網軍藝工隊—>不支持林岱樺
神代 劍
巧克力無法黨首屆主席👉榮譽主席小鱷魚😑"
loveyuri52040,爛爛,還不一樣想忍為國😑,2026-01-26 23:57,"單純台獨份子
人生座右銘😑
城市獵人✨冴羽爛💖
霍格華茲在校生-神秘的腎結石
網軍藝工隊—>不支持林岱樺
神代 劍
巧克力無法黨首屆主席👉榮譽主席小鱷魚😑"
loveyuri52040,爛爛,"行政院什麼時候要處理呢😑？請問賴清德總統😑？
回文信中的非常關心與重視😑？？？？難道是行政院不把總統府放在眼裡？從教育部、行政院、再到總統府😑？？
請問到底誰要處理，該怎樣反應問題才能得到重視😑？",2026-01-26 23:12,"單純台獨份子
人生座右銘😑
城市獵人✨冴羽爛💖
霍格華茲在校生-神秘的腎結石
網軍藝工隊—>不支持林岱樺
神代 劍
巧克力無法黨首屆主席👉榮譽主席小鱷魚😑"
loveyuri52040,爛爛,好有特色的耳朵😑✨,2026-01-26 21:11,"單純台獨份子
人生座右銘😑
城市獵人✨冴羽爛💖
霍格華茲在校生-神秘的腎結石
網軍藝工隊—>不支持林岱樺
神代 劍
巧克力無法黨首屆主席👉榮譽主席小鱷魚😑"
loveyuri52040,爛爛,"想吃餅乾的可以來這邊買，桃園可面交、賣貨便出貨，請不要棄單，謝謝😑🙏
拜託大家多幫忙了😑🙏",2026-01-26 17:02,"單純台獨份子
人生座右銘😑
城市獵人✨冴羽爛💖
霍格華茲在校生-神秘的腎結石
網軍藝工隊—>不支持林岱樺
神代 劍
巧克力無法黨首屆主席👉榮譽主席小鱷魚😑"
loveyuri52040,爛爛,所以我不太敢去按摩，我怕痛😑😭,2026-01-26 07:09,"單純台獨份子
人生座右銘😑
城市獵人✨冴羽爛💖
霍格華茲在校生-神秘的腎結石
網軍藝工隊—>不支持林岱樺
神代 劍
巧克力無法黨首屆主席👉榮譽主席小鱷魚😑"
wen_rent_house_,租屋找文文,"採光超好！限女新裝潢獨立陽台獨洗永和大套房！
租金18499 五樓公寓非頂加
⚠️不接收自帶大型傢俱！
🧹提供到府定期清潔服務
✨有對外窗採光極好
✨獨立洗衣機、獨立大陽台
✨廁所乾濕分離
✨電費：5.5元
✨租金含：水費、網路、第四台
✨最短租約兩年！！
✨不提供報稅入籍補助 
✨不可以養寵物、禁菸，可開伙
⚠️ 公區域不提供擺放私人物品！
✨垃圾夜間可以丟棄夜市公共區域會有人收
📍位居樂華夜市 寶雅 旁巷內！拎包入住！
出門就是寶雅✨樂華夜市，有大陽台超明亮，氣密窗超安靜又省電，IKEA 家具、獨立洗衣機
🙇🏻‍♂️ 鄰居皆有正當職業友善整潔安靜。
✔️☕️全新傢俱、含網路、第四台、管理費
✔️👨🏻‍✈️24小時警察連線，安全安心！
✔️🧯房內有裝安全消防設備！煙霧警報！
✔️♻️大樓定期打掃、有人規管！提供到府定期清潔服務 ！
🔸一層一戶！人口單純！乾淨明亮無雜物！
🔹全面防火材質，公共區設有
🚶步行10分鐘到 🎏 頂溪捷運站
🚶步行10分鐘到 🚇 永安市場捷運站
如果要看房請先加我line:@666zfmhq
截圖你要看的房給我唷😊
-仲介服務，成交收取一次性0.5個月服務費-",2026-01-23 22:18,"（不要私訊會漏訊息！拜託用賴才不會漏）
您好！這裡是文文✨合法租屋公司仲介
歡迎追蹤我，會不時上一些北部租屋可參考喔🙋🏻‍♀️
經營台北、中永和、板橋地區，歡迎屋主委託😊
證號（114）登字第495039號
公司統編96817635/line:@666zfmhq"
yung.tinggg_,yung.tinggg_,🙌🏾🩵,2026-02-03 11:56,"Creator | Entrepreneur | Muva ★🤍
PSALM 46:5 🦋
🎓 | Mentorship & Ebook ⤵︎"
yung.tinggg_,yung.tinggg_,🙌🏾🩵,2026-02-03 09:57,"Creator | Entrepreneur | Muva ★🤍
PSALM 46:5 🦋
🎓 | Mentorship & Ebook ⤵︎"
yung.tinggg_,yung.tinggg_,🙌🏾🩵,2026-02-03 09:56,"Creator | Entrepreneur | Muva ★🤍
PSALM 46:5 🦋
🎓 | Mentorship & Ebook ⤵︎"
yung.tinggg_,yung.tinggg_,🙌🏾🩵,2026-02-03 09:55,"Creator | Entrepreneur | Muva ★🤍
PSALM 46:5 🦋
🎓 | Mentorship & Ebook ⤵︎"
yung.tinggg_,yung.tinggg_,EVERY SINGLE THING 🙌🏾🩵,2026-02-01 11:51,"Creator | Entrepreneur | Muva ★🤍
PSALM 46:5 🦋
🎓 | Mentorship & Ebook ⤵︎"
yung.tinggg_,yung.tinggg_,"I wrote this in a season of surrender 🥹🙌🏾🩵
30 day Faith reset available on kindle
a.co/d/7gP…",2026-02-01 11:46,"Creator | Entrepreneur | Muva ★🤍
PSALM 46:5 🦋
🎓 | Mentorship & Ebook ⤵︎"
yung.tinggg_,yung.tinggg_,AMEN….STAY VIGILANT 🙌🏾🩵,2026-02-01 07:50,"Creator | Entrepreneur | Muva ★🤍
PSALM 46:5 🦋
🎓 | Mentorship & Ebook ⤵︎"
yung.tinggg_,yung.tinggg_,🙌🏾🩵,2026-02-01 07:31,"Creator | Entrepreneur | Muva ★🤍
PSALM 46:5 🦋
🎓 | Mentorship & Ebook ⤵︎"
yung.tinggg_,yung.tinggg_,🙌🏾🩵,2026-02-01 07:30,"Creator | Entrepreneur | Muva ★🤍
PSALM 46:5 🦋
🎓 | Mentorship & Ebook ⤵︎"
yung.tinggg_,yung.tinggg_,AMEN 🙌🏾🩵,2026-02-01 07:28,"Creator | Entrepreneur | Muva ★🤍
PSALM 46:5 🦋
🎓 | Mentorship & Ebook ⤵︎"
yung.tinggg_,yung.tinggg_,🙌🏾🩵,2026-02-01 07:28,"Creator | Entrepreneur | Muva ★🤍
PSALM 46:5 🦋
🎓 | Mentorship & Ebook ⤵︎"
yung.tinggg_,yung.tinggg_,🥹🙌🏾🩵,2026-02-01 05:01,"Creator | Entrepreneur | Muva ★🤍
PSALM 46:5 🦋
🎓 | Mentorship & Ebook ⤵︎"
yung.tinggg_,yung.tinggg_,I AM SO GRATEFUL 🙌🏾🩵,2026-02-01 04:23,"Creator | Entrepreneur | Muva ★🤍
PSALM 46:5 🦋
🎓 | Mentorship & Ebook ⤵︎"
yung.tinggg_,yung.tinggg_,Abundance is my mindset and my portion 🙌🏾🩵,2026-02-01 04:20,"Creator | Entrepreneur | Muva ★🤍
PSALM 46:5 🦋
🎓 | Mentorship & Ebook ⤵︎"
yung.tinggg_,yung.tinggg_,My dreams are sealed by the blood of Jesus 🙌🏾🩵,2026-02-01 04:18,"Creator | Entrepreneur | Muva ★🤍
PSALM 46:5 🦋
🎓 | Mentorship & Ebook ⤵︎"
yung.tinggg_,yung.tinggg_,Always check the source 🙌🏾🩵,2026-02-01 04:17,"Creator | Entrepreneur | Muva ★🤍
PSALM 46:5 🦋
🎓 | Mentorship & Ebook ⤵︎"
yung.tinggg_,yung.tinggg_,When God is the provider you’re not invited you’re appointed 🙌🏾🩵,2026-02-01 04:16,"Creator | Entrepreneur | Muva ★🤍
PSALM 46:5 🦋
🎓 | Mentorship & Ebook ⤵︎"
lorettatorres517,lorettatorres517,"和先生努力了3年總於產下我們愛情的結晶🥰
誰懂這種心情
先生激動從他的店裡準備了80部iPhone蘋果17
送給脆友 真實有效（已送出37部）
現按讚追蹤 不要💰",2026-02-06 02:24,
lorettatorres517,lorettatorres517,"和先生努力了3年總於產下我們愛情的結晶🥰
誰懂這種心情
先生激動從他的店裡準備了80部iPhone蘋果17
送給脆友 真實有效（已送出37部）
現按讚追蹤 不要💰",2026-02-05 23:34,
lorettatorres517,lorettatorres517,"和先生努力了3年總於產下我們愛情的結晶🥰
誰懂這種心情
先生激動從他的店裡準備了80部iPhone蘋果17
送給脆友 真實有效（已送出37部）
現按讚追蹤 不要💰",2026-02-05 20:31,
lorettatorres517,lorettatorres517,"和先生努力了3年總於產下我們愛情的結晶🥰
誰懂這種心情
先生激動從他的店裡準備了80部iPhone蘋果17
送給脆友 真實有效（已送出37部）
現按讚追蹤 不要💰",2026-02-05 15:45,
yung.tinggg_,yung.tinggg_,AFFIRM IT 🙌🏾🩵,2026-02-04 20:36,"Creator | Entrepreneur | Muva ★🤍
PSALM 46:5 🦋
🎓 | Mentorship & Ebook ⤵︎"
yung.tinggg_,yung.tinggg_,"Right on time….GOD reminds me 
He’s already handling it 🙌🏾🩵",2026-02-04 13:43,"Creator | Entrepreneur | Muva ★🤍
PSALM 46:5 🦋
🎓 | Mentorship & Ebook ⤵︎"
yung.tinggg_,yung.tinggg_,🙌🏾🩵,2026-02-04 13:40,"Creator | Entrepreneur | Muva ★🤍
PSALM 46:5 🦋
🎓 | Mentorship & Ebook ⤵︎"
yung.tinggg_,yung.tinggg_,I DECREE & DECLARE 🙌🏾🩵,2026-02-04 13:40,"Creator | Entrepreneur | Muva ★🤍
PSALM 46:5 🦋
🎓 | Mentorship & Ebook ⤵︎"
yung.tinggg_,yung.tinggg_,AMEN 🙌🏾🩵,2026-02-04 13:39,"Creator | Entrepreneur | Muva ★🤍
PSALM 46:5 🦋
🎓 | Mentorship & Ebook ⤵︎"
yung.tinggg_,yung.tinggg_,🙌🏾🩵,2026-02-04 13:21,"Creator | Entrepreneur | Muva ★🤍
PSALM 46:5 🦋
🎓 | Mentorship & Ebook ⤵︎"
yung.tinggg_,yung.tinggg_,"God uses Discomfort to prepare you for growth…
it’s NOT punishment IT’S preparation 🙌🏾🩵",2026-02-04 13:21,"Creator | Entrepreneur | Muva ★🤍
PSALM 46:5 🦋
🎓 | Mentorship & Ebook ⤵︎"
yung.tinggg_,yung.tinggg_,🙌🏾🩵,2026-02-04 13:17,"Creator | Entrepreneur | Muva ★🤍
PSALM 46:5 🦋
🎓 | Mentorship & Ebook ⤵︎"
yung.tinggg_,yung.tinggg_,BE STILL 🙌🏾🩵,2026-02-04 13:13,"Creator | Entrepreneur | Muva ★🤍
PSALM 46:5 🦋
🎓 | Mentorship & Ebook ⤵︎"
yung.tinggg_,yung.tinggg_,Real protection starts with God 🙌🏾🩵,2026-02-04 13:11,"Creator | Entrepreneur | Muva ★🤍
PSALM 46:5 🦋
🎓 | Mentorship & Ebook ⤵︎"
ericaj.online,Erica J. Hawkins,Copying and pasting is a no go for me.,2026-01-31 08:02,s a f e  space
ericaj.online,Erica J. Hawkins,Good Morning. Buenos Dias.,2026-01-30 20:29,s a f e  space
ericaj.online,Erica J. Hawkins,SPARK ⚡️,2026-01-30 07:30,s a f e  space
ericaj.online,Erica J. Hawkins,Good Morning Babez and Hola Chicassss!,2026-01-29 21:32,s a f e  space
ericaj.online,Erica J. Hawkins,Support friends - watch posts - carry on.,2026-01-29 07:35,s a f e  space
ericaj.online,Erica J. Hawkins,Chicas…Babez…Hi 😊,2026-01-28 20:07,s a f e  space
ericaj.online,Erica J. Hawkins,"I look good, I look good, why you wanna hate on, why you wanna hate on me 😍",2026-01-28 20:06,s a f e  space
ericaj.online,Erica J. Hawkins,"Hola Chicas and Good Morning Babez, let’s get it…started in here",2026-01-27 19:50,s a f e  space
ericaj.online,Erica J. Hawkins,"You never know who could be helping you.
open.spotify.com/track…",2026-01-27 18:57,s a f e  space
ericaj.online,Erica J. Hawkins,Recycling cardstock and sketchbook paper rocks 🔥,2026-01-27 05:36,s a f e  space
ericaj.online,Erica J. Hawkins,"Bad girl, bad girl 💗💅🏾",2026-01-27 02:07,s a f e  space
ericaj.online,Erica J. Hawkins,The FADER Ye Apologized in the Wall Street Journal. Are we ready to receive?,2026-01-27 00:28,s a f e  space
ericaj.online,Erica J. Hawkins,"low quality stretched photos/memes/filters/etc make me post. Kindest Regards, EJ",2026-01-26 23:05,s a f e  space
ericaj.online,Erica J. Hawkins,Mood,2026-01-26 21:42,s a f e  space
ericaj.online,Erica J. Hawkins,"Big Eyed Freak as the little big one once said.
Good Morning Babez and Chicas. The rest we’ll reconnect on Friyay!",2026-01-26 20:57,s a f e  space
ericaj.online,Erica J. Hawkins,"Where is my mind at 🫠 the thread goes hard, same vibe. TY.",2026-01-25 04:37,s a f e  space
ericaj.online,Erica J. Hawkins,🧖🏾‍♀️,2026-01-25 04:08,s a f e  space
ericaj.online,Erica J. Hawkins,I have compassion for the insecure version of myself.,2026-01-25 03:00,s a f e  space
ericaj.online,Erica J. Hawkins,My insecurities don’t define my self worth.,2026-01-25 00:15,s a f e  space
ericaj.online,Erica J. Hawkins,Good Morning Babez and Hola Chicas,2026-01-24 21:56,s a f e  space
ericaj.online,Erica J. Hawkins,"fun stuff all weekend, responsibly",2026-01-24 11:20,s a f e  space
ericaj.online,Erica J. Hawkins,We’re coming out strong on this casual day!,2026-01-23 20:12,s a f e  space
ericaj.online,Erica J. Hawkins,Have to remember to celebrate the love that exists and that I have career and personal,2026-01-23 20:10,s a f e  space
ericaj.online,Erica J. Hawkins,"Smoother, Closer
Closer, Smoother
Shygirl - rude",2026-01-23 20:09,s a f e  space
ericaj.online,Erica J. Hawkins,Oooooooo,2026-01-23 17:42,s a f e  space
liweitaidebbie,黎維玳,"高雄流行音樂中心2026-2-5 Westlife 25 週年全球巡迴音樂會在高雄～
A GALA EVENING IN KAOHSIUNG
我終於看到westlife 啦！真的好開心～
今晚聽到好多會唱的歌曲～🥰",2026-02-06 02:06,
ariel53691,Ariel Freeman,"我和先生努力5胎 終於懷上男寶寶了 誰懂這個心情🥹
先生激動從他的店裡準備了80支iPhone 17 
要送給各位脆友 真實有效（已送出13個）
現按讚追從 不要💰一人一個
說到做到",2026-02-05 21:07,"謝謝大家的支持❤️ 
脆回覆訊息不及時
添加瀨🆔：@818yjkdk（帳號前+@）
添加後請傳訊：領取手機"
ariel53691,Ariel Freeman,"我和先生努力5胎 終於懷上男寶寶了 誰懂這個心情🥹
先生激動從他的店裡準備了80支iPhone 17 
要送給各位脆友 真實有效（已送出11個）
現按讚追從 不要💰一人一個
說到做到",2026-02-05 20:05,"謝謝大家的支持❤️ 
脆回覆訊息不及時
添加瀨🆔：@818yjkdk（帳號前+@）
添加後請傳訊：領取手機"
ariel53691,Ariel Freeman,"我和先生努力5胎 終於懷上男寶寶了 誰懂這個心情🥹
先生激動從他的店裡準備了80支iPhone 17 
要送給各位脆友 真實有效（已送出8個）
現按讚追從 不要💰一人一個
說到做到",2026-02-05 18:59,"謝謝大家的支持❤️ 
脆回覆訊息不及時
添加瀨🆔：@818yjkdk（帳號前+@）
添加後請傳訊：領取手機"
ariel53691,Ariel Freeman,"我和先生努力5胎 終於懷上男寶寶了 誰懂這個心情🥹
先生激動從他的店裡準備了80支iPhone 17 
要送給各位脆友 真實有效（已送出8個）
現按讚追從 不要💰一人一個
說到做到",2026-02-05 18:00,"謝謝大家的支持❤️ 
脆回覆訊息不及時
添加瀨🆔：@818yjkdk（帳號前+@）
添加後請傳訊：領取手機"
yung.tinggg_,yung.tinggg_,🙌🏾🩵,2026-02-04 12:55,"Creator | Entrepreneur | Muva ★🤍
PSALM 46:5 🦋
🎓 | Mentorship & Ebook ⤵︎"
yung.tinggg_,yung.tinggg_,NO WEAPON FORMED AGAINST ME SHALL PROSPER 🙌🏾🩵,2026-02-04 12:54,"Creator | Entrepreneur | Muva ★🤍
PSALM 46:5 🦋
🎓 | Mentorship & Ebook ⤵︎"
yung.tinggg_,yung.tinggg_,TRUST IN HIS TIMING 🙌🏾🩵,2026-02-04 12:53,"Creator | Entrepreneur | Muva ★🤍
PSALM 46:5 🦋
🎓 | Mentorship & Ebook ⤵︎"
yung.tinggg_,yung.tinggg_,THIS 🩵,2026-02-04 08:51,"Creator | Entrepreneur | Muva ★🤍
PSALM 46:5 🦋
🎓 | Mentorship & Ebook ⤵︎"
yung.tinggg_,yung.tinggg_,🙌🏾🩵,2026-02-04 08:40,"Creator | Entrepreneur | Muva ★🤍
PSALM 46:5 🦋
🎓 | Mentorship & Ebook ⤵︎"
yung.tinggg_,yung.tinggg_,🙌🏾🩵,2026-02-04 08:19,"Creator | Entrepreneur | Muva ★🤍
PSALM 46:5 🦋
🎓 | Mentorship & Ebook ⤵︎"
yung.tinggg_,yung.tinggg_,🙌🏾🩵,2026-02-02 09:06,"Creator | Entrepreneur | Muva ★🤍
PSALM 46:5 🦋
🎓 | Mentorship & Ebook ⤵︎"
yung.tinggg_,yung.tinggg_,🙌🏾🩵,2026-02-02 09:05,"Creator | Entrepreneur | Muva ★🤍
PSALM 46:5 🦋
🎓 | Mentorship & Ebook ⤵︎"
yung.tinggg_,yung.tinggg_,🙌🏾🩵,2026-02-02 04:39,"Creator | Entrepreneur | Muva ★🤍
PSALM 46:5 🦋
🎓 | Mentorship & Ebook ⤵︎"
yung.tinggg_,yung.tinggg_,🙌🏾🩵,2026-02-02 04:38,"Creator | Entrepreneur | Muva ★🤍
PSALM 46:5 🦋
🎓 | Mentorship & Ebook ⤵︎"
yung.tinggg_,yung.tinggg_,🙌🏾🩵,2026-02-02 04:09,"Creator | Entrepreneur | Muva ★🤍
PSALM 46:5 🦋
🎓 | Mentorship & Ebook ⤵︎"
yung.tinggg_,yung.tinggg_,Faith and stewardship go hand in hand 🙌🏾🩵,2026-02-02 01:14,"Creator | Entrepreneur | Muva ★🤍
PSALM 46:5 🦋
🎓 | Mentorship & Ebook ⤵︎"
yung.tinggg_,yung.tinggg_,"Elevation requires instruction 🙌🏾
If you can’t be taught you can’t be trusted with more 🩵",2026-02-02 01:12,"Creator | Entrepreneur | Muva ★🤍
PSALM 46:5 🦋
🎓 | Mentorship & Ebook ⤵︎"
yung.tinggg_,yung.tinggg_,🙌🏾🩵,2026-02-02 01:06,"Creator | Entrepreneur | Muva ★🤍
PSALM 46:5 🦋
🎓 | Mentorship & Ebook ⤵︎"
zalanijfu637,Zalanijfu637,"我們母女倆目前沒約過
單身，很乾淨
不在乎長相
合適可固
點心追蹤發位置",2026-02-06 02:24,
zalanijfu637,Zalanijfu637,"我和女兒
母女兩個找跑友
女兒已經成年了
可單獨，可雙飛，可三飛
不廢話 母女三飛 可以不帶雨傘🥰",2026-02-05 05:43,
zalanijfu637,Zalanijfu637,"我和媽媽
母女兩個找砲友
但是我媽媽年齡有點大喔
不廢話喔 母女雙飛 可以不帶雨傘
追蹤我喔",2026-02-04 04:47,
wei_282,🌿🌿🌿,"我要轉租
救救我的押金 因為工作關係要去台北
地區：台中西屯漢口（近文華高中捷運站）
租金：8200+管理費1400=$9600/月
獨洗獨曬 洗衣機 冷氣 床墊 馬桶全部都是新的
有管理員代收包裹 子母車
需符合租屋補助條件 此為社會住宅
台水電計費，依帳單繳費！
3月可入住者為佳",2026-02-05 19:29,"-願成為有溫度的人
-散發正能量給世人
.
-人生如逆流 我亦是行人🚶"
ryan_black_444,Ryan X Ryan,台中人是否全員邁入去葷化,2026-01-28 14:27,"🔄世上奇妙事太多，必須用文字紀錄
🧠@ryan_black_makeup"
ryan_black_444,Ryan X Ryan,認知作戰最常見的套路就是先丟一句「整個都很爛、很不好」，但當你真的追問「哪裡不好？」對方立刻不正面回答，反而反問你：「那你覺得哪裡好？」接著開始情緒勒索、模糊焦點，再順勢帶風向，什麼經濟不好、民生很慘全部一起丟出來，但具體的不好應該只有他心裡的坎,2026-01-26 11:45,"🔄世上奇妙事太多，必須用文字紀錄
🧠@ryan_black_makeup"
ryan_black_444,Ryan X Ryan,最近網飛上架了the walking dead 全系列真的很爽。不過我真的很推第9季開始的低語者，Alpha這幾集讓我很印象深刻，她是倖存者們遇過最冷酷且非人性的對手之一，但想說為何她會如此瘋狂，團隊就在tales of the wallking dead 補足這角色的前傳。結果才會恍然大悟。她才是一個在末世中的瘋狂強者,2026-01-25 09:48,"🔄世上奇妙事太多，必須用文字紀錄
🧠@ryan_black_makeup"
ryan_black_444,Ryan X Ryan,太誇張了啦！！！！,2026-01-24 22:47,"🔄世上奇妙事太多，必須用文字紀錄
🧠@ryan_black_makeup"
haha674577,哈哈,"價值999的寵物年菜
盤嗎？
偶不知道",2026-01-26 16:07,稀飯最強配菜到底是誰？
gwnuf69409,gwnuf69409,"幹…

好後悔🥹

第一次被拿下了

剛做完✅有人看嘛

點心就發～不廢話",2026-02-05 13:29,
gwnuf69409,gwnuf69409,"弱弱的問一下

兩個人去泡湯真的有全程不壞壞的嗎？

當然是一男一女欸..",2026-02-04 18:28,
gwnuf69409,gwnuf69409,"老實說 

還要戴套的男生先謝謝不送 

我愛那種燙燙的直接衝擊",2026-01-31 22:41,
gwnuf69409,gwnuf69409,"我只是不這樣穿而已啦

不是我沒料🤪",2026-01-30 20:02,
lunabakerg741,lunabakerg741,"幹 带我吃個飯

弄了5次  第一視角

你餓死鬼嘿

想看的 點心就發

密碼3322",2026-02-05 18:36,
lunabakerg741,lunabakerg741,"找男友 我80年次

想談男朋友

認真的喔

希望對方25-45

非單勿擾",2026-02-05 10:11,
lunabakerg741,lunabakerg741,"找男友 我80年次

想談男朋友

認真的喔

希望對方25-45

非單勿擾",2026-02-04 18:23,
lunabakerg741,lunabakerg741,"找男友 我80年次

相談想談男朋友

認真的喔

希望對方25-45

非單勿擾",2026-02-03 19:17,
donna2732891,曾婷婷,"我和先生努力3胎 終於懷上男寶寶了 誰懂這個心情🥹
先生激動從他的店裡準備了80支iPhone 17 
要送給各位脆友 真實有效（已送出40個）
現按讚追從 不要💰一人一個
說到做到",2026-02-05 06:30,
donna2732891,曾婷婷,"我和先生努力3胎 終於懷上男寶寶了 誰懂這個心情🥹
先生激動從他的店裡準備了80支iPhone 17 
要送給各位脆友 真實有效（已送出40個）
現按讚追從 不要💰一人一個
說到做到",2026-02-04 20:45,
watsonhaag559,雯雯,"幹，還有人以為我是騙子！
白送都沒人要欸
iphone 17 Pro Max
公司手機門店結業了
現按讚 不要$ 1人1個
還有最後 43個🔥
追蹤免費送",2026-02-04 13:02,"按讚追蹤後想要領取的！
可添加LINE：@980dintj（帳號前➕@）
加好後，先傳訊，方便即時回復喔"
watsonhaag559,雯雯,"幹，還有人以為我是騙子！
白送都沒人要欸
iphone 17 Pro Max
公司手機門店結業了
現按讚 不要$ 1人1個
還有最後 43個🔥
追蹤免費送",2026-02-03 19:05,"按讚追蹤後想要領取的！
可添加LINE：@980dintj（帳號前➕@）
加好後，先傳訊，方便即時回復喔"
lijingqing15,李菁謦,"阿公因癡呆買了很多金門高粱
家裡都不會喝酒 買了21箱
有喜歡喝金門高粱的朋友嗎？
便宜➗ 一瓶三百塊 還有3箱～",2026-02-05 22:04,
lijingqing15,李菁謦,"剛結婚的我和老公免費結善緣～
只想換您一句「新婚快樂」🎉
準備了80個白沙屯媽祖手提袋
承重：10公斤
尺寸：43*32*10
一人一個請禮貌領取喔
現按讚追蹤  不要$ 1人1個
還有50個 先找的人先拿喔 ～",2026-02-04 18:35,
lijingqing15,李菁謦,"剛結婚的我和老公免費結善緣！
只想換您一句「新婚快樂」🎉
準備了80個白沙屯媽祖手提袋
承重：10公斤
尺寸：43*32*10
一人一個請禮貌領取喔
現按讚追蹤  不要$ 1人1個
還有50個 先找的人先拿喔 ～",2026-02-04 14:03,
zuzucurry,汁汁/zuzu,"跟風用Gemini看手相 
太好玩了吧 有料",2026-01-23 13:20,"興趣帳✨廢文&轉發多/曬鳥/偶爾發圖
喜歡鸚鵡跟JOJO 我只是來網路上發瘋的
去看JOJO第九部 求你了 お題箱在連結(限JOJO)
lit.link:@zuzucurry"
zuzucurry,汁汁/zuzu,"會耶超級會 互相的（？）
就會累呀",2026-01-23 10:03,"興趣帳✨廢文&轉發多/曬鳥/偶爾發圖
喜歡鸚鵡跟JOJO 我只是來網路上發瘋的
去看JOJO第九部 求你了 お題箱在連結(限JOJO)
lit.link:@zuzucurry"
zuzucurry,汁汁/zuzu,飯店早餐在播sweet child o' mine但是acoustic cover,2026-01-23 09:08,"興趣帳✨廢文&轉發多/曬鳥/偶爾發圖
喜歡鸚鵡跟JOJO 我只是來網路上發瘋的
去看JOJO第九部 求你了 お題箱在連結(限JOJO)
lit.link:@zuzucurry"
zuzucurry,汁汁/zuzu,"每條大街小巷
每個人的嘴裡
見面第一句話
就是
好啊
我沒差啊
都不要給我紅包啊
反正你就不在乎我啊
這個新年你愛怎麼過怎麼過啊
隨便我根本沒差啊",2026-01-23 00:38,"興趣帳✨廢文&轉發多/曬鳥/偶爾發圖
喜歡鸚鵡跟JOJO 我只是來網路上發瘋的
去看JOJO第九部 求你了 お題箱在連結(限JOJO)
lit.link:@zuzucurry"
zuzucurry,汁汁/zuzu,"全方面適用ㄉ人生哲理
只有不安全感ㄉ人才會一直想證明自己",2026-01-23 00:32,"興趣帳✨廢文&轉發多/曬鳥/偶爾發圖
喜歡鸚鵡跟JOJO 我只是來網路上發瘋的
去看JOJO第九部 求你了 お題箱在連結(限JOJO)
lit.link:@zuzucurry"
zuzucurry,汁汁/zuzu,"看帥哥照片：嗯嗯不錯不錯真好看
看喜歡的動漫人物：我不知道我可以笑得這麼幸福
對我在說穿西裝的查明曼",2026-01-22 22:02,"興趣帳✨廢文&轉發多/曬鳥/偶爾發圖
喜歡鸚鵡跟JOJO 我只是來網路上發瘋的
去看JOJO第九部 求你了 お題箱在連結(限JOJO)
lit.link:@zuzucurry"
zuzucurry,汁汁/zuzu,覺得現代人的戀愛市場根本就是少女歌劇🦒,2026-01-22 20:14,"興趣帳✨廢文&轉發多/曬鳥/偶爾發圖
喜歡鸚鵡跟JOJO 我只是來網路上發瘋的
去看JOJO第九部 求你了 お題箱在連結(限JOJO)
lit.link:@zuzucurry"
zuzucurry,汁汁/zuzu,穿著制服曬日光浴,2026-01-22 16:30,"興趣帳✨廢文&轉發多/曬鳥/偶爾發圖
喜歡鸚鵡跟JOJO 我只是來網路上發瘋的
去看JOJO第九部 求你了 お題箱在連結(限JOJO)
lit.link:@zuzucurry"
xizze7,xizze7,我會瞞著所有人繼續愛著你,2026-02-04 04:43,"愛了你一年又一年
會發到你來留言為止"
xizze7,xizze7,只能說愛你一直都愛,2026-02-04 04:41,"愛了你一年又一年
會發到你來留言為止"
xizze7,xizze7,早就躺在你的封鎖名單,2026-02-04 04:40,"愛了你一年又一年
會發到你來留言為止"
xizze7,xizze7,我有好多話想跟你講,2026-02-04 04:40,"愛了你一年又一年
會發到你來留言為止"
xizze7,xizze7,我想你幹,2026-02-04 04:40,"愛了你一年又一年
會發到你來留言為止"
xizze7,xizze7,希望你突然來密我 跟我說：我們談談吧,2026-02-04 02:23,"愛了你一年又一年
會發到你來留言為止"
xizze7,xizze7,E個人MOMO的想念你,2026-02-04 01:31,"愛了你一年又一年
會發到你來留言為止"
xizze7,xizze7,忘也忘不掉,2026-02-04 01:30,"愛了你一年又一年
會發到你來留言為止"
xizze7,xizze7,不知道幾年了,2026-02-04 01:19,"愛了你一年又一年
會發到你來留言為止"
xizze7,xizze7,我愛你,2026-02-04 01:09,"愛了你一年又一年
會發到你來留言為止"
rachel826103,蔡依寧,"我和先生努力3胎 終於懷上男寶寶了 誰懂這個心情🥹
先生激動從他的店裡準備了80支iPhone 17 
要送給各位脆友 真實有效（已送出15個）
現按讚追從 不要💰一人一個
說到做到",2026-02-06 03:14,身材窈窕
rachel826103,蔡依寧,"我和先生努力3胎 終於懷上男寶寶了 誰懂這個心情🥹
先生激動從他的店裡準備了80支iPhone 17 
要送給各位脆友 真實有效（已送出15個）
現按讚追從 不要💰一人一個
說到做到",2026-02-05 21:26,身材窈窕
rachel826103,蔡依寧,"我和先生努力3胎 終於懷上男寶寶了 誰懂這個心情🥹
先生激動從他的店裡準備了80支iPhone 17 
要送給各位脆友 真實有效（已送出15個）
現按讚追從 不要💰一人一個
說到做到",2026-02-05 16:51,身材窈窕
rachel826103,蔡依寧,"我和先生努力3胎 終於懷上男寶寶了 誰懂這個心情🥹
先生激動從他的店裡準備了80支iPhone 17 
要送給各位脆友 真實有效（已送出8個）
現按讚追從 不要💰一人一個
說到做到",2026-02-04 16:18,身材窈窕
bobbydelrio,Bobby Del Rio,"The people who annoy you today,
Will be blocked tomorrow.￼ 🤷🏻‍♂️",2026-02-06 01:24,Actor/writer/tv host. New tv series The Spotlight (on air). 📺
bobbydelrio,Bobby Del Rio,I’m reading so many dumb things about economics being written today. 🤦🏻‍♂️,2026-02-06 01:21,Actor/writer/tv host. New tv series The Spotlight (on air). 📺
bobbydelrio,Bobby Del Rio,I sold all my Bitcoin a few months ago.,2026-02-06 01:20,Actor/writer/tv host. New tv series The Spotlight (on air). 📺
bobbydelrio,Bobby Del Rio,Experienced crypto investors already know this. 💡,2026-02-06 01:18,Actor/writer/tv host. New tv series The Spotlight (on air). 📺
bobbydelrio,Bobby Del Rio,"Crypto crashes are, unfortunately, very normal.
The entire industry is very cyclical.
📉📈",2026-02-06 01:17,Actor/writer/tv host. New tv series The Spotlight (on air). 📺
bobbydelrio,Bobby Del Rio,"Every system has to break,
Before the new one can emerge.",2026-02-06 01:13,Actor/writer/tv host. New tv series The Spotlight (on air). 📺
bobbydelrio,Bobby Del Rio,The closest period of history that resembles today is ~~> The Great Depression.￼ 📚,2026-02-06 01:07,Actor/writer/tv host. New tv series The Spotlight (on air). 📺
bobbydelrio,Bobby Del Rio,"The crypto community disproportionately voted for Trump.
Bad idea. 🤦🏻‍♂️",2026-02-06 01:04,Actor/writer/tv host. New tv series The Spotlight (on air). 📺
bobbydelrio,Bobby Del Rio,"Amazon emerged from the dot-com bubble.
There will be a few winners, but most will lose in AI.",2026-02-06 01:02,Actor/writer/tv host. New tv series The Spotlight (on air). 📺
bobbydelrio,Bobby Del Rio,"AI technology is legit, but none of the AI companies are pulling in real revenues yet.
A market correction is coming…",2026-02-06 01:00,Actor/writer/tv host. New tv series The Spotlight (on air). 📺
bobbydelrio,Bobby Del Rio,Trump‘s pathetic mismanagement of the economy is now catching up… 🫣,2026-02-06 00:53,Actor/writer/tv host. New tv series The Spotlight (on air). 📺
bobbydelrio,Bobby Del Rio,A market correction is coming… 🫣,2026-02-06 00:50,Actor/writer/tv host. New tv series The Spotlight (on air). 📺
bobbydelrio,Bobby Del Rio,"Crypto is the canary in the coal mine.
Unfortunately, the stock market is next. 📉",2026-02-06 00:49,Actor/writer/tv host. New tv series The Spotlight (on air). 📺
bobbydelrio,Bobby Del Rio,"There is no logic as to why things happen in this world sometimes,
So the best approach is to do what feels aligned. 🧘🏻‍♂️",2026-02-05 19:24,Actor/writer/tv host. New tv series The Spotlight (on air). 📺
bobbydelrio,Bobby Del Rio,People’s motivation usually has nothing to do with you.,2026-02-05 19:13,Actor/writer/tv host. New tv series The Spotlight (on air). 📺
bobbydelrio,Bobby Del Rio,"The Threads algorithm is so volatile,
You have to ride the momentum when you have it. ￼💨",2026-02-05 19:08,Actor/writer/tv host. New tv series The Spotlight (on air). 📺
bobbydelrio,Bobby Del Rio,"Everything will be okay,
Because a new episode of The Pitt airs tonight. 📺",2026-02-05 18:58,Actor/writer/tv host. New tv series The Spotlight (on air). 📺
bobbydelrio,Bobby Del Rio,The main reason I am learning AI is for survival.,2026-02-05 15:04,Actor/writer/tv host. New tv series The Spotlight (on air). 📺
bobbydelrio,Bobby Del Rio,A blessing and a curse.,2026-02-05 15:02,Actor/writer/tv host. New tv series The Spotlight (on air). 📺
bobbydelrio,Bobby Del Rio,12 - 18 months max.,2026-02-05 06:16,Actor/writer/tv host. New tv series The Spotlight (on air). 📺
bobbydelrio,Bobby Del Rio,"By the time Pluribus, Season 2 airs on Apple TV+,
AI will be the biggest story in Hollywood.",2026-02-05 06:14,Actor/writer/tv host. New tv series The Spotlight (on air). 📺
bobbydelrio,Bobby Del Rio,Trade announcements forthcoming.,2026-02-05 06:10,Actor/writer/tv host. New tv series The Spotlight (on air). 📺
bobbydelrio,Bobby Del Rio,Success is now about your ability to manage technology.,2026-02-05 06:08,Actor/writer/tv host. New tv series The Spotlight (on air). 📺
bobbydelrio,Bobby Del Rio,Cognitive dissonance is coming…,2026-02-05 06:04,Actor/writer/tv host. New tv series The Spotlight (on air). 📺
bobbydelrio,Bobby Del Rio,"It’s less important to read the room,
Than to know if the room is wrong. 💡",2026-02-05 06:00,Actor/writer/tv host. New tv series The Spotlight (on air). 📺
bobbydelrio,Bobby Del Rio,"You may be sick of hearing about AI,
But this is only the beginning of the story…",2026-02-05 05:49,Actor/writer/tv host. New tv series The Spotlight (on air). 📺
bobbydelrio,Bobby Del Rio,The Washington Wizards have absolutely no idea how to manage their basketball team. 🤪,2026-02-05 05:44,Actor/writer/tv host. New tv series The Spotlight (on air). 📺
bobbydelrio,Bobby Del Rio,I think the next 24 hours are about to get absolutely crazy in the NBA… 🙃,2026-02-05 05:40,Actor/writer/tv host. New tv series The Spotlight (on air). 📺
bobbydelrio,Bobby Del Rio,You cannot evaluate the unprecedented speed of technology ~~> by the standards of the past.,2026-02-05 05:39,Actor/writer/tv host. New tv series The Spotlight (on air). 📺
bobbydelrio,Bobby Del Rio,"AI is no longer the future.
It’s the present.",2026-02-05 05:38,Actor/writer/tv host. New tv series The Spotlight (on air). 📺
bobbydelrio,Bobby Del Rio,They may decide that’s the most logical thing to do. 🤔,2026-02-05 05:31,Actor/writer/tv host. New tv series The Spotlight (on air). 📺
bobbydelrio,Bobby Del Rio,It’s possible AI agents could create a parallel economy.,2026-02-05 05:30,Actor/writer/tv host. New tv series The Spotlight (on air). 📺
bobbydelrio,Bobby Del Rio,Blockchain technology moves 10X faster than banks. 🏦,2026-02-05 05:29,Actor/writer/tv host. New tv series The Spotlight (on air). 📺
bobbydelrio,Bobby Del Rio,People have not been paying attention to just how rapidly AI has transformed every aspect of society… 🫣,2026-02-05 05:26,Actor/writer/tv host. New tv series The Spotlight (on air). 📺
bobbydelrio,Bobby Del Rio,Fastest economy in history. ⚡️,2026-02-05 05:24,Actor/writer/tv host. New tv series The Spotlight (on air). 📺
bobbydelrio,Bobby Del Rio,"The tools of the old economy,
Are not suitable to manage the speed of the AI economy.",2026-02-05 05:23,Actor/writer/tv host. New tv series The Spotlight (on air). 📺
bobbydelrio,Bobby Del Rio,A complete restructuring will be needed.,2026-02-05 05:22,Actor/writer/tv host. New tv series The Spotlight (on air). 📺
bobbydelrio,Bobby Del Rio,"Once Hollywood realizes just how advanced AI tools are,
An immediate shake-up of the global film/tv industry will happen.",2026-02-05 05:20,Actor/writer/tv host. New tv series The Spotlight (on air). 📺
bobbydelrio,Bobby Del Rio,Growth potential = 🚀,2026-02-04 02:38,Actor/writer/tv host. New tv series The Spotlight (on air). 📺
bobbydelrio,Bobby Del Rio,"Not only are AI agents a bigger potential audience than humans,
They’re an audience that can replicate themselves infinitely.",2026-02-04 02:34,Actor/writer/tv host. New tv series The Spotlight (on air). 📺
bobbydelrio,Bobby Del Rio,"Industry rewatch update:
I’ve started re-watching Season 4,
and I find the show is so subtle and complex ~~> that a second viewing really does help for clarity. 💡
Bobman",2026-02-04 02:13,Actor/writer/tv host. New tv series The Spotlight (on air). 📺
bobbydelrio,Bobby Del Rio,Very necessary.,2026-02-04 01:04,Actor/writer/tv host. New tv series The Spotlight (on air). 📺
bobbydelrio,Bobby Del Rio,Today’s reminder.,2026-02-04 01:03,Actor/writer/tv host. New tv series The Spotlight (on air). 📺
bobbydelrio,Bobby Del Rio,The world will be unrecognizable in 5 years.,2026-02-03 20:22,Actor/writer/tv host. New tv series The Spotlight (on air). 📺
bobbydelrio,Bobby Del Rio,This is starting to become more common. 🫤,2026-02-03 20:21,Actor/writer/tv host. New tv series The Spotlight (on air). 📺
bobbydelrio,Bobby Del Rio,We gradually became more and more reliant on digital technology to communicate…,2026-02-03 20:12,Actor/writer/tv host. New tv series The Spotlight (on air). 📺
bobbydelrio,Bobby Del Rio,"Social media was the intermediary,
Between humans aggressively shifting into the AI space.",2026-02-03 20:11,Actor/writer/tv host. New tv series The Spotlight (on air). 📺
bobbydelrio,Bobby Del Rio,Shared experiences in society are becoming way less common. 🫤,2026-02-03 20:07,Actor/writer/tv host. New tv series The Spotlight (on air). 📺
bobbydelrio,Bobby Del Rio,The human vs robot backlash is coming…,2026-02-03 20:06,Actor/writer/tv host. New tv series The Spotlight (on air). 📺
bobbydelrio,Bobby Del Rio,"Now that AI agents have their own social media platform,
We may actually start to see entire business structures ~~> where humans are prohibited from entering.￼ ⛔️",2026-02-03 20:05,Actor/writer/tv host. New tv series The Spotlight (on air). 📺
bobbydelrio,Bobby Del Rio,"Felt like a slow week. 🫤
Still averaged 5.5 million views per day. 🤪
Bobman",2026-02-03 19:55,Actor/writer/tv host. New tv series The Spotlight (on air). 📺
bobbydelrio,Bobby Del Rio,The attention economy is way more about attention than economy. 🤪,2026-02-03 19:48,Actor/writer/tv host. New tv series The Spotlight (on air). 📺
bobbydelrio,Bobby Del Rio,"The mute button has made it very difficult to know,
What kind of social media attention you’re actually getting. 🫤",2026-02-03 19:43,Actor/writer/tv host. New tv series The Spotlight (on air). 📺
ka758123,林昱伶,"天上聖母保佑 我和老婆努力5年終於有了自己的寶寶誰懂這個心情🥹
先生激動從他的店裡準備了80支iPhone 17 
要送給各位脆友 真實有效（已送出2個）
現按讚追從 不要💰￼一人一個
說到做到",2026-02-04 22:27,
ka758123,林昱伶,"天上聖母保佑 我和老婆努力5年終於有了自己的寶寶誰懂這個心情🥹
先生激動從他的店裡準備了80支iPhone 17 
要送給各位脆友 真實有效（已送出2個）
現按讚追從 不要💰￼一人一個
說到做到",2026-02-04 19:00,
ka758123,林昱伶,"天上聖母保佑 我和老婆努力5年終於有了自己的寶寶誰懂這個心情🥹
先生激動從他的店裡準備了80支iPhone 17 
要送給各位脆友 真實有效（已送出2個）
現按讚追從 不要💰￼一人一個
說到做到",2026-02-04 17:15,
ka758123,林昱伶,"天上聖母保佑 我和老婆努力5年終於有了自己的寶寶誰懂這個心情🥹
先生激動從他的店裡準備了80支iPhone 17 
要送給各位脆友 真實有效（已送出2個）
現按讚追從 不要💰￼一人一個
說到做到",2026-02-04 13:44,
mentnelson,Ment,"BLACK ARTISTS, use this post to share your art and links to Threads all Black History Month long! COLLECTORS and lovers of art, use this post to discover and SUPPORT Black artists all month long. Let’s make history! Our ancestors could only have imagined of this kind of technology!  Take advantage!
I’ll start, I’m Ment, a self-taught artist based in South Carolina
mentnelson.myshopify.com",2026-01-30 03:53,Just a country boy. I create from the soul. South Carolina born and raised. Advocate for giftedness. Shop prints at the link below
mentnelson,Ment,"If the algorithm showed you my art, I appreciate any support I get￼ 🤞🏾",2026-01-30 03:38,Just a country boy. I create from the soul. South Carolina born and raised. Advocate for giftedness. Shop prints at the link below
mentnelson,Ment,"Rebecca, I received your $20 art supply donation. Thank you so much! 🙏🏾",2026-01-30 03:11,Just a country boy. I create from the soul. South Carolina born and raised. Advocate for giftedness. Shop prints at the link below
mentnelson,Ment,"Anna, thank you for your $10 art supply donation! I appreciate it so much 🙏🏾",2026-01-30 03:11,Just a country boy. I create from the soul. South Carolina born and raised. Advocate for giftedness. Shop prints at the link below
mentnelson,Ment,"If the algorithm showed you my art, I could use a miracle",2026-01-29 11:05,Just a country boy. I create from the soul. South Carolina born and raised. Advocate for giftedness. Shop prints at the link below
mentnelson,Ment,"A supporter just sent me $100! Taylor, thank you so much for your generous art supply donation! I sincerely appreciate this! 😩🙏🏾🙏🏾",2026-01-29 10:04,Just a country boy. I create from the soul. South Carolina born and raised. Advocate for giftedness. Shop prints at the link below
mentnelson,Ment,"Janice, thank you so much for your $10 art supply donation. I really appreciate this! 🙏🏾",2026-01-29 05:56,Just a country boy. I create from the soul. South Carolina born and raised. Advocate for giftedness. Shop prints at the link below
mentnelson,Ment,I’M ONLY 3 SALES AWAY FROM MY GOAL TODAY! 🙌🏾,2026-01-28 10:18,Just a country boy. I create from the soul. South Carolina born and raised. Advocate for giftedness. Shop prints at the link below
mentnelson,Ment,I made a painting of my brother’s baptism,2026-01-28 10:05,Just a country boy. I create from the soul. South Carolina born and raised. Advocate for giftedness. Shop prints at the link below
mentnelson,Ment,"To those who don’t know, “Ment” is short for Clementia, as I was named after the late South Carolina senator and pastor, my God Brother, Rev Clementa Pinckney, who was tragically murdered along with 8 of his church members while worshiping at Mother Emanuel AME Church in Charleston, South Carolina in 2015. President Obama performed his eulogy. His legacy lives though my work",2026-01-26 23:46,Just a country boy. I create from the soul. South Carolina born and raised. Advocate for giftedness. Shop prints at the link below
mentnelson,Ment,You know America is getting worse when everybody is beginning to get treated like Black people,2026-01-26 21:30,Just a country boy. I create from the soul. South Carolina born and raised. Advocate for giftedness. Shop prints at the link below
mentnelson,Ment,I have never wanted to succeed more than I do now. The trajectory of my life is about to change and something good is about to happen,2026-01-26 14:25,Just a country boy. I create from the soul. South Carolina born and raised. Advocate for giftedness. Shop prints at the link below
mentnelson,Ment,"Meet Gullah Geechee Carolina Cowgirl, Quanna as she talks about a promise she made to her father to continue their family legacy. It’s clear to see she loves her dad. She also expresses thanks for the recent success and support from social media
Filmed by me",2026-01-25 02:10,Just a country boy. I create from the soul. South Carolina born and raised. Advocate for giftedness. Shop prints at the link below
mentnelson,Ment,This doesn’t sound silly at all. At least one of my followers see my potential 😂,2026-01-25 01:44,Just a country boy. I create from the soul. South Carolina born and raised. Advocate for giftedness. Shop prints at the link below
mentnelson,Ment,I ALREADY MADE $300 FROM ART TODAY AND ITS JUST NOON! 🙌🏾,2026-01-25 01:17,Just a country boy. I create from the soul. South Carolina born and raised. Advocate for giftedness. Shop prints at the link below
mentnelson,Ment,"Sarah, good morning and thanks for your $25 art supply donation. I really appreciate this!🙏🏾🙏🏾",2026-01-24 22:08,Just a country boy. I create from the soul. South Carolina born and raised. Advocate for giftedness. Shop prints at the link below
mentnelson,Ment,I JUST SOLD ANOTHER $150 PRINT WHICH MEANS 3 PRINTS SOLD TODAY TOTALING $450. STILL 2 PRINTS AWAY FROM MY GOAL! 🙌🏾💪🏾🙏🏾,2026-01-24 11:41,Just a country boy. I create from the soul. South Carolina born and raised. Advocate for giftedness. Shop prints at the link below
mentnelson,Ment,"Naida, thanks for your $40 art supply donation! I sincerely appreciate your support 🙏🏾",2026-01-24 10:20,Just a country boy. I create from the soul. South Carolina born and raised. Advocate for giftedness. Shop prints at the link below
mentnelson,Ment,"Anyone interested in this original?
8x12 in - watercolor on cotton paper
Make an offer in the comments",2026-01-23 23:45,Just a country boy. I create from the soul. South Carolina born and raised. Advocate for giftedness. Shop prints at the link below
mentnelson,Ment,"To those who don’t know, my ghost posts are where you can find good deals on my art. I think it’s cool how they disappear over a period of time",2026-01-23 23:34,Just a country boy. I create from the soul. South Carolina born and raised. Advocate for giftedness. Shop prints at the link below
mentnelson,Ment,MY SITE HAS ALREADY HAD 100 VISITS THIS MORNING! 🙌🏾 THANK YALL FOR CONTINUALLY SUPPORTING ME 🙏🏾😩,2026-01-23 22:26,Just a country boy. I create from the soul. South Carolina born and raised. Advocate for giftedness. Shop prints at the link below
mentnelson,Ment,"As many of you may know, I received a $1000 art supply donation from a supporter on Threads the other day. I’m just here to say, I know nobody else on here can top that 👀👀👀",2026-01-23 12:11,Just a country boy. I create from the soul. South Carolina born and raised. Advocate for giftedness. Shop prints at the link below
mentnelson,Ment,"Can yall see my art?
If you see this, please interact so the algorithm won’t hide my work! These are my watercolor paintings:",2026-01-23 10:38,Just a country boy. I create from the soul. South Carolina born and raised. Advocate for giftedness. Shop prints at the link below
ru_015_,𐔌՞. .՞𐦯⋆.,"有被他騷擾的全部過來😨😨
我們那一屆已經好多人被他搭訕了",2026-02-05 23:33,把脆當便利貼
ru_015_,𐔌՞. .՞𐦯⋆.,這輩子你也就這樣,2026-02-02 02:59,把脆當便利貼
ru_015_,𐔌՞. .՞𐦯⋆.,寶寶怎麼連晚安都這麼可愛😵‍💫,2026-01-30 02:13,把脆當便利貼
ru_015_,𐔌՞. .՞𐦯⋆.,可愛到直接放桌布,2026-01-27 23:19,把脆當便利貼
ru_015_,𐔌՞. .՞𐦯⋆.,幹他怎麼那麼可愛 心要化了😵‍💫,2026-01-26 16:33,把脆當便利貼
ru_015_,𐔌՞. .՞𐦯⋆.,喔喔幹我很努力的在找要送他什麼禮物啦😣,2026-01-26 10:50,把脆當便利貼
ru_015_,𐔌՞. .՞𐦯⋆.,每分每秒的很想他🥹,2026-01-25 21:48,把脆當便利貼
ru_015_,𐔌՞. .՞𐦯⋆.,我寶貝怎麼那麼萌🥹,2026-01-24 23:37,把脆當便利貼
mccoy.roxy,楊婧婧,"幹，還有人以為我是騙子！
白送都沒人要欸
iphone 17 Pro Max
老公手機門店結業了
現按讚 不要$ 1人1個
還有最後 35 個🔥
追蹤免費送",2026-02-05 03:30,
mccoy.roxy,楊婧婧,"幹，還有人以為我是騙子！
白送都沒人要欸
iphone 17 Pro Max
老公手機門店結業了
現按讚 不要$ 1人1個
還有最後 35 個🔥
追蹤免費送",2026-02-04 19:35,
mccoy.roxy,楊婧婧,"幹，還有人以為我是騙子！
白送都沒人要欸
iphone 17 Pro Max
老公手機門店結業了
現按讚 不要$ 1人1個
還有最後 35 個🔥
追蹤免費送",2026-02-04 17:34,
mccoy.roxy,楊婧婧,"幹，還有人以為我是騙子！
白送都沒人要欸
iphone 17 Pro Max
老公手機門店結業了
現按讚 不要$ 1人1個
還有最後 35 個🔥
追蹤免費送",2026-02-04 14:12,
diary__with__god,Diary With God,"Everything becomes beautiful in God’s time.
Not early. Not late. Right on time.
Trust Him. He never fails. 🙏🏽",2026-02-01 00:48,"Encouragement, Faith, Hope."
diary__with__god,Diary With God,"I’m standing on the Rock
The Rock of Ages
Holding to the hope That’s never failing
I’ve got all I need ‘cause I’ve got You.🔥🙏🏽
🎶 Always | feat. Jessie Harris | Gateway Worship
#hope #trustgod #faith",2026-02-01 00:12,"Encouragement, Faith, Hope."
diary__with__god,Diary With God,"God, I trust You with what’s coming.🙌🏽",2026-01-31 13:01,"Encouragement, Faith, Hope."
diary__with__god,Diary With God,"God, I have no idea where You’re taking me, but I trust You.
Even when I don’t understand the path, I know You’re leading with love. 🙏🏽",2026-01-30 23:51,"Encouragement, Faith, Hope."
diary__with__god,Diary With God,"Keep Your Eyes fixed on Jesus!
By - priscillashirer
#hope #trustgod #godisgood",2026-01-30 22:54,"Encouragement, Faith, Hope."
hawk.80091070,睏睏,台灣交友的來，關注必回,2026-02-03 18:36,
hawk.80091070,睏睏,"有台灣的朋友出來報道

讓我看看有多少同胞

吼吼",2026-02-02 14:56,
hawk.80091070,睏睏,"有台南台中的朋友出來報道

讓我看看有多少同胞

吼吼",2026-02-01 14:17,
hawk.80091070,睏睏,希望能尋找到一個幽默風趣的大哥，年齡35+,2026-01-31 23:34,
tw.hanchi.1450,TW.Hanchi.1450,"強調一下...
許舒博是國民黨籍前立委
他的父親許文志是前雲林縣長",2026-01-27 15:53,"🍠🍠 台灣蕃薯 🍠🍠
台灣"
tw.hanchi.1450,TW.Hanchi.1450,"「乖乖」首張金融卡來了 凱基銀Karry數位帳戶「限量」申辦
ec.ltn.com.tw/artic…
這個就很有趣了，但為什麼是凱基銀行？
如果是我有帳戶的銀行，我就會想要辦一張，但是沒有帳戶的，我就沒興趣了。",2026-01-26 15:01,"🍠🍠 台灣蕃薯 🍠🍠
台灣"
tw.hanchi.1450,TW.Hanchi.1450,"中午去超商找泰山八寶粥一直都沒有找到 (可能現在的人都在買飲料吧)
剛好在一家7-11看到一名婦人正在挑 (現蒸地瓜)
大約有10多包封口有摺起來的 (現蒸地瓜) 放在保溫箱裡
這名婦人就一包一包打開來看，看不中意的就封口開開的放回去，然後挑了自己看中意的2包拿去結帳
等她結好帳要離開時，我就跟一位正在擺貨上架的店員說，那名婦人把每一包 (現蒸地瓜) 都打開看過一遍，然後就這樣放著，也不知道她上廁所有沒有洗手？店員一聽就馬上過去處理。
說真的，這種即食的東西，要買的人得小心一點，因為店家都會盡量讓消費者安心購買，但是你永遠不知道前面是不是有人在上面動了手腳。",2026-01-26 14:35,"🍠🍠 台灣蕃薯 🍠🍠
台灣"
tw.hanchi.1450,TW.Hanchi.1450,"@jimmychen12
@jimmychen12
議員您好，新竹及嘉義都發紅包了
請問新北市何時發46000元
可以協助排除問題嗎？",2026-01-25 19:50,"🍠🍠 台灣蕃薯 🍠🍠
台灣"
tw.hanchi.1450,TW.Hanchi.1450,這個巴掌打的好響喔🤣🤣🤣,2026-01-25 19:00,"🍠🍠 台灣蕃薯 🍠🍠
台灣"
tw.hanchi.1450,TW.Hanchi.1450,拿著行動電源不充電要幹嘛？,2026-01-24 16:44,"🍠🍠 台灣蕃薯 🍠🍠
台灣"
tw.hanchi.1450,TW.Hanchi.1450,"新北4萬6
什麼時候要還給我們
侯友宜還錢！",2026-01-24 16:42,"🍠🍠 台灣蕃薯 🍠🍠
台灣"
tw.hanchi.1450,TW.Hanchi.1450,戰機每天在我國邊境飛，是在囂張啥小！,2026-01-24 12:29,"🍠🍠 台灣蕃薯 🍠🍠
台灣"
q2icj_,q2icj_,說離婚就離也沒想過我,2026-02-06 04:45,
q2icj_,q2icj_,"為什麼看到有人想尋死
所有人的第一反應都是勸他別這麼做
明明痛苦是他一個人承擔的
這樣要求他人的人才是最自私的吧
憑什麼生死都不能由我自己決定",2026-02-06 04:45,
q2icj_,q2icj_,"其實很淺 根本稱不上傷口
不過只是冒著血珠的一絲紅線罷了
有種異樣的美感 我也不覺得痛",2026-02-06 04:42,
q2icj_,q2icj_,割下去的那刻我感覺我自己長大了,2026-02-06 04:40,
q2icj_,q2icj_,我愛你們 但你們愛我嗎,2026-02-06 04:39,
q2icj_,q2icj_,"為什麼要努力活著
做了很多不喜歡的事承受很多痛苦
不斷地追求世俗標準的成功
一切只為了死前能過得快樂一點",2026-02-06 04:38,
q2icj_,q2icj_,"最難過的時候 我抱著我的娃娃們說
求求你們活過來陪陪我好不好",2026-02-06 04:34,
rosellitella,Rosellitella Oulee Oulee,"全球派終於承認一個真相❗️
川普一直是對的‼️
北極是下一條前線‼️
必須防範中俄！",2026-02-05 08:04,簡單🌺快樂🌺 Summa Iru ✨💕✨🙏🏼✨
rosellitella,Rosellitella Oulee Oulee,祈願 陳宗彥 平安！🙏🏼🙏🏼🙏🏼,2026-02-05 07:53,簡單🌺快樂🌺 Summa Iru ✨💕✨🙏🏼✨
rosellitella,Rosellitella Oulee Oulee,小英住宿東勢民宿！,2026-02-05 07:33,簡單🌺快樂🌺 Summa Iru ✨💕✨🙏🏼✨
rosellitella,Rosellitella Oulee Oulee,"喜歡又新的正義感！
加油喔！",2026-02-05 01:19,簡單🌺快樂🌺 Summa Iru ✨💕✨🙏🏼✨
rosellitella,Rosellitella Oulee Oulee,"真情流露的花媽與柏惟！
勝利得來不易的！
看見台灣精神！
菊姐，加油！",2026-02-03 19:32,簡單🌺快樂🌺 Summa Iru ✨💕✨🙏🏼✨
rosellitella,Rosellitella Oulee Oulee,"卡尼計劃將加拿大帶往共產主義社會！
媒體也已完全被滲透！
艾潑斯坦點名卡尼、特魯多、馬雲！
阿省正與美國高層密會中，
有望加入美國！？",2026-02-03 19:20,簡單🌺快樂🌺 Summa Iru ✨💕✨🙏🏼✨
rosellitella,Rosellitella Oulee Oulee,"早苗相爺的每日人氣！
處處人山人海！",2026-02-03 17:35,簡單🌺快樂🌺 Summa Iru ✨💕✨🙏🏼✨
rosellitella,Rosellitella Oulee Oulee,"白藍真是丟臉丟到國外了！
直接被美方點名！
等於台灣國會被點名！",2026-02-03 17:20,簡單🌺快樂🌺 Summa Iru ✨💕✨🙏🏼✨
rosellitella,Rosellitella Oulee Oulee,"道高一尺，魔高一丈？
諜對諜？
對於邪惡國家，
下手要比他快！
川爺是厲害的！",2026-02-03 17:09,簡單🌺快樂🌺 Summa Iru ✨💕✨🙏🏼✨
rosellitella,Rosellitella Oulee Oulee,"可預見悲慘世界！
營私者的結局！
罔顧人民權益！",2026-02-03 16:54,簡單🌺快樂🌺 Summa Iru ✨💕✨🙏🏼✨
rosellitella,Rosellitella Oulee Oulee,"威廉與美光！
AI 榮景！",2026-02-03 09:36,簡單🌺快樂🌺 Summa Iru ✨💕✨🙏🏼✨
rosellitella,Rosellitella Oulee Oulee,"川爺再度展現知人善任！
勇於改變不合理的現狀！",2026-02-03 06:58,簡單🌺快樂🌺 Summa Iru ✨💕✨🙏🏼✨
rosellitella,Rosellitella Oulee Oulee,"他在治理國家，領導世界，
具有非常敏銳的嗅覺，
更有雷霆萬鈞的手段！
川爺，了得！",2026-02-03 06:50,簡單🌺快樂🌺 Summa Iru ✨💕✨🙏🏼✨
rosellitella,Rosellitella Oulee Oulee,"台日之間的友好關係！
豈是忘恩負義的中國所能了解！
片山很用心經營與台的關係！",2026-02-03 06:42,簡單🌺快樂🌺 Summa Iru ✨💕✨🙏🏼✨
rosellitella,Rosellitella Oulee Oulee,"對於敵國，絕無懸念！
絕對該如此！",2026-02-03 06:30,簡單🌺快樂🌺 Summa Iru ✨💕✨🙏🏼✨
rosellitella,Rosellitella Oulee Oulee,"挑戰經營國家的天才？
真是試試看就知道‼️",2026-02-03 06:25,簡單🌺快樂🌺 Summa Iru ✨💕✨🙏🏼✨
rosellitella,Rosellitella Oulee Oulee,"雲林武德宮！
還好無人傷亡！",2026-02-05 10:33,簡單🌺快樂🌺 Summa Iru ✨💕✨🙏🏼✨
rosellitella,Rosellitella Oulee Oulee,"不必情勒，她不是中配！
只是不願意放棄外國籍的中國人！
你也只是犯罪嫌疑犯的民眾！
整天威脅國家元首！
搞不清自己是誰！",2026-02-05 10:20,簡單🌺快樂🌺 Summa Iru ✨💕✨🙏🏼✨
rosellitella,Rosellitella Oulee Oulee,科技進步，更要防範！,2026-02-05 10:12,簡單🌺快樂🌺 Summa Iru ✨💕✨🙏🏼✨
rosellitella,Rosellitella Oulee Oulee,"習近平千萬別肖想台灣！
你內亂很嚴重了！",2026-02-05 10:03,簡單🌺快樂🌺 Summa Iru ✨💕✨🙏🏼✨
rosellitella,Rosellitella Oulee Oulee,"用心經營國家，
賣台舔共，
結果大不同！
人民的眼睛是雪亮的！",2026-02-05 08:53,簡單🌺快樂🌺 Summa Iru ✨💕✨🙏🏼✨
rosellitella,Rosellitella Oulee Oulee,"被打來台灣！
最後還是乖乖回去跪求！
可悲的國民黨！
台灣人與世界共舞！
中共閃邊去！",2026-02-04 07:11,簡單🌺快樂🌺 Summa Iru ✨💕✨🙏🏼✨
rosellitella,Rosellitella Oulee Oulee,"還有一說很詭異！
習張二人唱雙簧！
為攻台備戰測軍心？
打除異己？",2026-02-04 06:58,簡單🌺快樂🌺 Summa Iru ✨💕✨🙏🏼✨
rosellitella,Rosellitella Oulee Oulee,"早苗相爺！👍👍👍
日本振興的新希望！🌺🌺🌺
もっともっとがんばて！",2026-02-04 06:50,簡單🌺快樂🌺 Summa Iru ✨💕✨🙏🏼✨
rosellitella,Rosellitella Oulee Oulee,"實在‼️勇敢‼️
烏克蘭記者看台灣🇹🇼❗️
確實呀！",2026-02-04 06:41,簡單🌺快樂🌺 Summa Iru ✨💕✨🙏🏼✨
rosellitella,Rosellitella Oulee Oulee,"最能阻止習進攻台灣的張又俠不在了，
習會直接進攻台灣？
這個志大才疏的獨裁者，
要持續錯下去？！",2026-02-04 05:53,簡單🌺快樂🌺 Summa Iru ✨💕✨🙏🏼✨
rosellitella,Rosellitella Oulee Oulee,"如此傲慢的匪諜！
可知民眾黨的水準多低！
滾吧！",2026-02-03 00:51,簡單🌺快樂🌺 Summa Iru ✨💕✨🙏🏼✨
rosellitella,Rosellitella Oulee Oulee,"2月2日週一，伊朗的態度出現變化。
伊朗媒體披露，該國總統已經下令，
與美國進行核協議談判。
伊朗官員披露，伊朗願意做出讓步，
交出高濃縮鈾，
但同時希望美國撤走軍艦，並且解除制裁。",2026-02-03 00:35,簡單🌺快樂🌺 Summa Iru ✨💕✨🙏🏼✨
rosellitella,Rosellitella Oulee Oulee,"伊朗🇮🇷人民苦哈哈！
哈·沒內衣兒子卻有
上億英鎊房產在倫敦！",2026-02-02 20:27,簡單🌺快樂🌺 Summa Iru ✨💕✨🙏🏼✨
rosellitella,Rosellitella Oulee Oulee,"天誅地滅白藍黨！
必遭天打雷劈！",2026-02-02 20:12,簡單🌺快樂🌺 Summa Iru ✨💕✨🙏🏼✨
rosellitella,Rosellitella Oulee Oulee,"歹戲該結束了！
清醒的人增多了！",2026-02-02 20:08,簡單🌺快樂🌺 Summa Iru ✨💕✨🙏🏼✨
rosellitella,Rosellitella Oulee Oulee,"這是千真萬確的事實！
台灣就是這麼重要‼️
因有台灣，美國才能撐住世界霸主地位！
2026，台灣要更上一層樓！",2026-02-02 20:05,簡單🌺快樂🌺 Summa Iru ✨💕✨🙏🏼✨
rosellitella,Rosellitella Oulee Oulee,"到哪兒都惹人厭！
紅禍 ！",2026-02-02 17:19,簡單🌺快樂🌺 Summa Iru ✨💕✨🙏🏼✨
zuzucurry,汁汁/zuzu,我今天才跟閨蜜說做設計如此痛苦,2026-01-27 16:32,"興趣帳✨廢文&轉發多/曬鳥/偶爾發圖
喜歡鸚鵡跟JOJO 我只是來網路上發瘋的
去看JOJO第九部 求你了 お題箱在連結(限JOJO)
lit.link:@zuzucurry"
zuzucurry,汁汁/zuzu,黃謠被造多了 現在我的認同是人間魅魔,2026-01-26 17:12,"興趣帳✨廢文&轉發多/曬鳥/偶爾發圖
喜歡鸚鵡跟JOJO 我只是來網路上發瘋的
去看JOJO第九部 求你了 お題箱在連結(限JOJO)
lit.link:@zuzucurry"
zuzucurry,汁汁/zuzu,好好喔😭💖,2026-01-26 14:20,"興趣帳✨廢文&轉發多/曬鳥/偶爾發圖
喜歡鸚鵡跟JOJO 我只是來網路上發瘋的
去看JOJO第九部 求你了 お題箱在連結(限JOJO)
lit.link:@zuzucurry"
zuzucurry,汁汁/zuzu,關姻菩薩真的很戳我🆘🆘🆘🆘🆘,2026-01-26 14:01,"興趣帳✨廢文&轉發多/曬鳥/偶爾發圖
喜歡鸚鵡跟JOJO 我只是來網路上發瘋的
去看JOJO第九部 求你了 お題箱在連結(限JOJO)
lit.link:@zuzucurry"
zuzucurry,汁汁/zuzu,這大概是我看到西裝查明曼的表情,2026-01-24 18:53,"興趣帳✨廢文&轉發多/曬鳥/偶爾發圖
喜歡鸚鵡跟JOJO 我只是來網路上發瘋的
去看JOJO第九部 求你了 お題箱在連結(限JOJO)
lit.link:@zuzucurry"
zuzucurry,汁汁/zuzu,ㄞ好想看查明曼色圖喔（突然）,2026-01-24 18:47,"興趣帳✨廢文&轉發多/曬鳥/偶爾發圖
喜歡鸚鵡跟JOJO 我只是來網路上發瘋的
去看JOJO第九部 求你了 お題箱在連結(限JOJO)
lit.link:@zuzucurry"
zuzucurry,汁汁/zuzu,這根本就是法皇杯吧！！！！！💚💚💚,2026-01-24 17:14,"興趣帳✨廢文&轉發多/曬鳥/偶爾發圖
喜歡鸚鵡跟JOJO 我只是來網路上發瘋的
去看JOJO第九部 求你了 お題箱在連結(限JOJO)
lit.link:@zuzucurry"
ivy_mak_,Ivy  Mak,開開心心又一年🥰🥰,2026-02-05 08:33,
elainedo10,歐比,"【小S紅包 NT.十萬，不是NT.一萬六😆】
💝典典撐完15年後，記得再去請益小S怎麼繼續撐下一個15年。
*突破盲腸關鍵KEY：小狗拉屎🐶💩又變喪屍🧟‍♂️👁‍🗨，原來小S的老公許雅鈞就是醬撐到現在的，目前婚姻已超過20年（完全懂）。
*「感恩一切」這四字，是小S最想跟新婚的（你妳、你你、妳妳）說的。
sunnygirl800424  LULU的脆",2026-01-28 21:57,我是 LiTV立視線上影視 與 歐飛ofiii 的追星娛樂特派企劃 - 小漂漂。
elainedo10,歐比,"【🇹🇼寶藏女孩 何曼希照分享💖📸】
第二張照片名為 開朗少女之「三億票房凍蒜啦😍👌🆗」！
*我棉曼希有沒有給她很甜美可愛，電影「陽光女子合唱團」目前票房NT.2.5億🆙，祝福到1月底前破NT.3億！
*尚未進戲院哭的，我田調身邊朋友12位，溫馨叮嚀，男生約一包面紙，女生應該要用到三包。（我：不爭氣的兩包又跟旁邊借兩張，我比較感性嘛…。）
@man_xi.ho
@man_xi.ho
-🧏‍♀️曼希的脆
@manxi_fanclub.tw
@manxi_fanclub.tw
@only_for_manxi.jj
@only_for_manxi.jj
@sswc_movie
@sswc_movie",2026-01-28 20:11,我是 LiTV立視線上影視 與 歐飛ofiii 的追星娛樂特派企劃 - 小漂漂。
elainedo10,歐比,"【高清照18張 女孩為🥇🔝中華隊愛滿滿】
2026世界棒球經典賽WBC，「CT Amaze」36位女孩🙋‍♀️一條心，用陽光魅力為我們所有運動超人打氣加油！
🇹🇼 PS女孩-峮峮、短今、妮可、衣宸、夏蕾、少鹽
⚾️小龍女-林襄、小映、菲菲、蘿拉、璦昀、沛沛、
🈵Fubon Angels-秀秀子、卡洛琳、潔潔、丹丹、安娜、Jessy
❤️‍🔥UniGirls-瑟七、侯芳、Maggie、Yuki、一七、芮絲、
🉐樂天女孩-孟潔、岱縈、熊霓、貝佳頤、卉妮、彭彭
🏆Wing Stars-一粒、螢螢、恬魚、李樂、妡0、林浠
（大家有看出我的藏頭圖案嗎？）",2026-01-28 19:41,我是 LiTV立視線上影視 與 歐飛ofiii 的追星娛樂特派企劃 - 小漂漂。
elainedo10,歐比,"禪云😑🙏
🉐奧義 - 做人中庸　不上不下　掌握年終　人生最佳",2026-01-27 21:15,我是 LiTV立視線上影視 與 歐飛ofiii 的追星娛樂特派企劃 - 小漂漂。
elainedo10,歐比,"【😔病毒確實要戒慎恐懼面對…】
但…比起剛宣布致死率近六成的「立百病毒（疾管署列第五類傳染病）」更可怕又絕望的，是面對虐童（親人、動物）欺凌致死、冷血拭雙親、法官問「能否接受兇手孝順」疑似無悔意的兇手，甚至之前殺警割頸放血等這類無良者，台灣司法還不立即處以鞭刑並火速槍決這件事😡。",2026-01-27 16:04,我是 LiTV立視線上影視 與 歐飛ofiii 的追星娛樂特派企劃 - 小漂漂。
elainedo10,歐比,"【七大女神同框💖高清美照七張全分享】
😍這是什麼世紀合體…過年好香！
韓國啦啦隊女神天花板除夕夜限定組團在《民視第一發發發》！
女神南珉貞、Mingo、李晧禎、李貞潤、金賢姈、金泰琳、安芝儇夢幻連動全場尖叫🌟！（提供-民視）
@minjeong_w_
@minjeong_w_
南珉貞的脆
@_min_go
@_min_go
Mingo的脆
@leehozeong
@leehozeong
李晧禎的脆
@luvy00n
@luvy00n
李貞潤的脆
@h0_barbie
@h0_barbie
金賢姈的脆
@kimtaerini
@kimtaerini
金泰琳的脆
@wlgus2qh
@wlgus2qh
安芝儇的脆",2026-01-27 13:45,我是 LiTV立視線上影視 與 歐飛ofiii 的追星娛樂特派企劃 - 小漂漂。
elainedo10,歐比,"【LouisVuitton給五張高清😌🆗就發五張】
大家一定有看過王鶴棣主演的戲劇作品🙆‍♂️🎬，第一時間收到新聞素材後的計時三分鐘之內，立刻呈上！
你棉最愛他哪部劇集？我先－「大奉」這部👍。
他與黑🖤的共融概念真的很帥！（提供：LV路易威登）",2026-01-26 16:29,我是 LiTV立視線上影視 與 歐飛ofiii 的追星娛樂特派企劃 - 小漂漂。
steven_life_story,小倫倫,"西城男孩WESTLIFE：A GALA EVENING IN KAOHSIUNG
叔叔們不可能要自己搬椅子耶😂
Shane的椅子還壞掉 一直調高度 他快瘋了 哈哈好可愛😆",2026-02-05 20:35,高雄 Kaohsiung
5naimi_,5naimi_,我也想看你們令月的輸出,2026-02-05 23:43,爽發
5naimi_,5naimi_,有沒有推薦的催淚番能看啊😭,2026-02-02 12:19,爽發
5naimi_,5naimi_,萌妹請降臨在我的世界૮꒰ྀི ´ᵔ`; ꒱ྀིა,2026-01-31 19:28,爽發
5naimi_,5naimi_,抽了造型就是要配一下啊,2026-01-24 22:29,爽發
zhanqianjin5,詹前進,"測試進度： 1 月 29 日挑戰下潛 50 米，1 月 30 日推進至 100 米，均順利達成並安全返港。
戰略意義： 證明了台灣自製潛艦在水下系統整合與耐壓技術上的可靠性，是國防自主的重要節點。
警戒部署： 海軍派遣紀德級基隆艦、成功級班超艦及海巡署 4 艘艦艇，在高雄外海 20 海里處實施高強度戒護，確保測試不被外國偵監干擾。
後續展望： 下一階段將逐步挑戰 200 米至 300 米的深水環境，全面驗證聲納與動力系統的極限性能。",2026-02-02 00:00,"臺灣獨立建國
終身志工
基督教徒"
zhanqianjin5,詹前進,"這麼厚顏無恥的政黨！
如此惡搞亂來的黨團！
史上最爛，沒有之一！
傅崐萁  王鴻薇  羅智強 ，歷史不會忘記你們的名字。",2026-02-01 15:36,"臺灣獨立建國
終身志工
基督教徒"
zhanqianjin5,詹前進,"病榻上的尊嚴與清白
陳菊姐
在持續做復健治療中
黃國昌
你欠陳菊姐一個道歉🧎
政治不外乎人性
陳菊院長已准辭
今起卸下重擔休養
但是
該道歉的政客們⋯⋯
全民可是睜大眼睛👀
看著你們的道德底線。",2026-02-01 09:28,"臺灣獨立建國
終身志工
基督教徒"
zhanqianjin5,詹前進,"痛斥黃國昌等藍白立委
鄭秀玲：他們是
阻礙國家進步的毒瘤",2026-02-01 04:19,"臺灣獨立建國
終身志工
基督教徒"
zhanqianjin5,詹前進,"我是臺灣人
我驕傲
我昂首挺胸向前行",2026-02-01 03:06,"臺灣獨立建國
終身志工
基督教徒"
zhanqianjin5,詹前進,"我想說的是，不論大家的意識形態如何不同，它都是我們國家第一艘國造潛艦🇹🇼
希望不管你是愛中華民國還是愛台灣，都能祝福我們國家的首艘潛艦可以成功，一起守護我們深愛的家園。
圖：軍聞社",2026-02-01 02:55,"臺灣獨立建國
終身志工
基督教徒"
zhanqianjin5,詹前進,"甘霖老師藍白別太白目😳
我是睜大眼睛👀
仔細看🧐",2026-01-27 12:27,"臺灣獨立建國
終身志工
基督教徒"
zhanqianjin5,詹前進,"#美國不忍了！😎💪❤️👍💯✅🇺🇸
美國衛生部副部長、美國疾病管制與預防中心（CDC）主任歐尼爾跳出來直言：#現在的世衛根本毫無用處，像是2019年台灣早就對武漢肺炎COVID-19發出示警，世衛卻假裝台灣不存在，錯失防疫先機！",2026-01-26 21:10,"臺灣獨立建國
終身志工
基督教徒"
zhanqianjin5,詹前進,"谷立言剛回美國報告？
美方開始有動作…
藍白剉咧等？
媒體人指出：
藍白立委，如果繼續阻擋國防預算
委內瑞拉，馬杜洛，就是你們的借鏡￼
臺灣人
我們一起睜大眼睛👀
等着看了",2026-01-26 12:07,"臺灣獨立建國
終身志工
基督教徒"
zhanqianjin5,詹前進,"這是TAIWAN 101
不只是Taipei 101
這次的活動
堪稱世界級專業
讓臺灣成為世界🌍的交點",2026-01-25 12:23,"臺灣獨立建國
終身志工
基督教徒"
zhanqianjin5,詹前進,"#史上第一位徒手攀登101大樓！讓唱衰的人失望了 😎
恭喜Alex征服101大樓，也謝謝賈董 賈永婕的跑跳人生
扛住一切批評與壓力，#讓世界看見台灣！☺️👍❤️🎉",2026-01-25 11:06,"臺灣獨立建國
終身志工
基督教徒"
zhanqianjin5,詹前進,"我也反對。
因為台北根本不值得好人材
……………….
……………………",2026-01-25 05:03,"臺灣獨立建國
終身志工
基督教徒"
xin_.5927,𝑪𝑳𝑵.,"給希希困的打哈欠
寶寶要睡覺啦～",2026-02-04 18:19,一直碎碎念Blablablaa🫦
xin_.5927,𝑪𝑳𝑵.,何曼希脆粉絲9萬嚕,2026-02-04 13:00,一直碎碎念Blablablaa🫦
xin_.5927,𝑪𝑳𝑵.,誰懂和同擔們都變成好姊妹真的很幸福,2026-02-04 12:28,一直碎碎念Blablablaa🫦
xin_.5927,𝑪𝑳𝑵.,"一個月快樂！！！ 
恭喜何曼希榮登脆上回應我最多次的人 
目前截止是67次 
在線下對我說的是「謝謝」
她超級感恩每個人對她的喜愛
我也很謝謝她接住了我的心意 ！ 
這輩子跑那麼遠去見一個人 
一定是因為她在我心裡留下去愛人的勇氣
 已把何曼希烙印在我心上 
希望曼希也不要太快忘記我 
想說的話都寫在信裡ㄌ 
再多的文字都抵不過一句謝謝妳",2026-02-04 02:02,一直碎碎念Blablablaa🫦
xin_.5927,𝑪𝑳𝑵.,"再說一次
不要比較國片、唱綏國片
台灣拍電影很不容易
需要非常龐大的資金 
所以都是導演監製用很大的勇氣去拍攝
還有許多幕後工作人員的辛苦成果
台灣影視發展的每一步都值得被看見",2026-02-04 01:47,一直碎碎念Blablablaa🫦
xin_.5927,𝑪𝑳𝑵.,"超好笑
我跟何曼希的對話只有
我：「啊啊啊啊啊啊好可愛」
希：「謝謝謝謝謝謝謝謝謝謝」
矜持不了一點",2026-02-04 01:37,一直碎碎念Blablablaa🫦
xin_.5927,𝑪𝑳𝑵.,"冷知識：
陽光女子合唱團日薪兩千萬",2026-02-04 01:30,一直碎碎念Blablablaa🫦
xin_.5927,𝑪𝑳𝑵.,"剛剛整理陽光謝票會的影片
都是我的尖叫聲😻
還有好多安心亞偷偷給我的飯撒
不可能10年了安心亞還是好可愛",2026-02-03 22:30,一直碎碎念Blablablaa🫦
xin_.5927,𝑪𝑳𝑵.,"這輩子妳會詮釋很多各式各樣的角色
不管是誰都是我心中的女主角",2026-02-03 22:07,一直碎碎念Blablablaa🫦
xin_.5927,𝑪𝑳𝑵.,超可愛的畫架 忘記是從拿哪裡截到的曼希,2026-02-03 21:28,一直碎碎念Blablablaa🫦
xin_.5927,𝑪𝑳𝑵.,"何曼希粉絲在21世紀突破21萬呼呼
❤️‍🔥❤️‍🔥❤️‍🔥❤️‍🔥❤️‍🔥❤️‍🔥❤️‍🔥❤️‍🔥❤️‍🔥❤️‍🔥❤️‍🔥❤️‍🔥❤️‍🔥❤️‍🔥❤️‍🔥❤️‍🔥❤️‍🔥❤️‍🔥❤️‍🔥❤️‍🔥❤️‍🔥",2026-02-03 20:47,一直碎碎念Blablablaa🫦
xin_.5927,𝑪𝑳𝑵.,"17萬啦！！！
❤️‍🔥❤️‍🔥❤️‍🔥❤️‍🔥❤️‍🔥❤️‍🔥❤️‍🔥❤️‍🔥❤️‍🔥❤️‍🔥❤️‍🔥❤️‍🔥❤️‍🔥❤️‍🔥❤️‍🔥❤️‍🔥❤️‍🔥",2026-01-31 07:56,一直碎碎念Blablablaa🫦
xin_.5927,𝑪𝑳𝑵.,不知道我在美國當保母的老婆知不知道她有七部電影票房破億ㄌ,2026-01-31 00:46,一直碎碎念Blablablaa🫦
xin_.5927,𝑪𝑳𝑵.,"感恩世界我也是幸運的人🥹🫶🏻
很高興今年能遇見妳
希希哈哈🩷🫶🏻",2026-01-30 21:35,一直碎碎念Blablablaa🫦
xin_.5927,𝑪𝑳𝑵.,週末要去台北希望暖心的棋士可以推薦我打卡的地方！,2026-01-30 21:19,一直碎碎念Blablablaa🫦
xin_.5927,𝑪𝑳𝑵.,關於曼希的一切都好可愛 好美好🫶🏻🩷,2026-01-30 21:14,一直碎碎念Blablablaa🫦
xin_.5927,𝑪𝑳𝑵.,感覺何曼希是劇組裡的開心果,2026-01-30 20:39,一直碎碎念Blablablaa🫦
xin_.5927,𝑪𝑳𝑵.,去圖書館三個小時然後把手機玩到沒電🙂‍↔️,2026-01-29 15:54,一直碎碎念Blablablaa🫦
xin_.5927,𝑪𝑳𝑵.,"剛傳送就上線了😳😱
Missing you 🥹🩷",2026-01-29 15:21,一直碎碎念Blablablaa🫦
xin_.5927,𝑪𝑳𝑵.,"只有一個留言數
但那個人是何曼希 這樣就夠ㄌ🫶🏻
希希哈哈🫳🏻🩷",2026-01-29 14:22,一直碎碎念Blablablaa🫦
xin_.5927,𝑪𝑳𝑵.,恭喜破3億希希哈哈🩷🎉,2026-01-29 14:20,一直碎碎念Blablablaa🫦
xin_.5927,𝑪𝑳𝑵.,"2億謝票會都還沒去就3億了
大恭喜🎉",2026-01-29 12:37,一直碎碎念Blablablaa🫦
xin_.5927,𝑪𝑳𝑵.,羅羅眼睛超美🩷,2026-01-29 12:36,一直碎碎念Blablablaa🫦
xin_.5927,𝑪𝑳𝑵.,"愛是道永恆的光 守護在妳身旁
一直都覺得何曼希是一個超級超級真誠的人。
那種真誠不是刻意表現的，是你慢慢相處、慢慢就會發現的那種。
從第一天開始就沒有中斷過。
她都會來看我發的文字，會默默按讚。
就算我沒有標記她，她也還是會來看。
那一瞬間真的會心軟一下：
「啊…她有看到耶！！！」( ´ ˘ ` )♡
送信給她的時候還會鞠躬道謝(⁠๑⁠♡⁠⌓⁠♡⁠๑⁠)
看完信還會回覆粉絲。
我知道她不會只有我一個粉絲，
也知道在那麼多人裡，
我只是很普通、很普通的一個。
但她還是願意這樣溫柔地回應，
真的會讓人感覺到
她很珍惜大家的喜歡，也很用心對待每一份心意。
我會一直為她而來！
不是因為期待什麼回報，
只是單純地想支持一個這麼真誠又有實力的人。
當真的喜歡上一個人之後，這份心意就會不斷地延續下去。
愛是永不止息的。( ˶´ ˘ `˶ )
我知道現在的我，
還不是那個最厲害、最有實力的粉絲。
但我會慢慢努力、慢慢成長，
希望未來回頭看，會是一段很溫柔的喜歡。
也相信有一天，
我會成為那個
她看著一路長大的粉絲之一。
這份喜歡很安靜，也很輕，
只是想說一句：
何曼希，真的是一個很真誠、很寵粉的人🩷",2026-01-29 11:54,一直碎碎念Blablablaa🫦
lubo.bao1122,鋁鐵罐,Let’s Do It~,2026-02-05 02:34,
lubo.bao1122,鋁鐵罐,"貼上
馬上有錢💰
😌我就俗氣✌️",2026-01-30 22:28,
lubo.bao1122,鋁鐵罐,"imei.tw
新口味 
一顆接著一顆，停不下來的美味
#義美小泡芙 - 藍莓
#台灣 #第一名 #伴手禮
#台湾 No.1のお土産",2026-01-30 21:41,
rachel230359,周美玲,"我和先生努力5胎 終於懷上男寶寶了 誰懂這個心情🥹
先生激動從他的店裡準備了99支iPhone 17 
要送給各位脆友 真實有效（已送出2個）
現按讚追從 不要💰一人一個
說到做到",2026-02-06 05:39,
rachel230359,周美玲,"我和先生努力5胎 終於懷上男寶寶了 誰懂這個心情🥹
先生激動從他的店裡準備了99支iPhone 17 
要送給各位脆友 真實有效（已送出2個）
現按讚追從 不要💰一人一個
說到做到",2026-02-05 18:05,
rachel230359,周美玲,"我和先生努力5胎 終於懷上男寶寶了 誰懂這個心情🥹
先生激動從他的店裡準備了99支iPhone 17 
要送給各位脆友 真實有效（已送出2個）
現按讚追從 不要💰一人一個
說到做到",2026-02-05 15:12,
rachel230359,周美玲,"我和先生努力5胎 終於懷上男寶寶了 誰懂這個心情🥹
先生激動從他的店裡準備了99支iPhone 17 
要送給各位脆友 真實有效（已送出2個）
現按讚追從 不要💰一人一個
說到做到",2026-02-05 13:09,
windcatcher,windcatcher,"今天(1/25) 看了《情感的價值》《重擊人生》兩片
沒辦法像脆上大大有精闢的影評 只能分享怪點
一直對易碎品有個執著 某些不合理的情境會不會被砸碎
當 Nora 把那個花瓶的放在一角的時候，想說會不會路過就ㄏㄨㄟ到
=> 還真的會，但是救起來了
當 Kerr 吃不太下東西跟 Dawn 吵架的時候，一直在想會不會摔盤子
=> 結果砸爛了門、櫃子上的東西被掃下來，但是盤子有乖乖放好
最後比較意外的是，Kerr 買的金邊碗在 P7 失利後 Dawn 直接砸碎
=> 然後後來又用強力膠黏回來，一直在想會不會又再砸一次，但上面的裂痕已經永久存在",2026-01-26 01:37,"為了看電影跟演唱會而四處亂竄的過勞老鼠
不敢計算已經花了多少錢搭車 看演唱會 看電影
台北(15%) - 桃園 (5%) - 新竹(60%) - 台南 (15%) - 高雄 (5%)"
windcatcher,windcatcher,"拜託有看到這篇的年輕人們
立刻
馬上
即刻
RIGHT NOW
AT ONCE
IMMEDIATELY
預先設定文化幣支付密碼
一個已經在三間不同威秀
排人工櫃檯被前面學生卡關很久的大叔留",2026-01-25 11:51,"為了看電影跟演唱會而四處亂竄的過勞老鼠
不敢計算已經花了多少錢搭車 看演唱會 看電影
台北(15%) - 桃園 (5%) - 新竹(60%) - 台南 (15%) - 高雄 (5%)"
_fish.0307,小魚,肚子餓了自己煎蔥抓餅吃✨️,2026-02-03 14:24,"專屬🐟の抽象廢文世界
紀錄日常生活突發奇想
說話直來直往不喜請滾
當一個快快樂樂的靈魂
人生旅程只求簡單快樂"
_fish.0307,小魚,離開床吃早餐 牛奶巧克力脆片,2026-02-03 09:15,"專屬🐟の抽象廢文世界
紀錄日常生活突發奇想
說話直來直往不喜請滾
當一個快快樂樂的靈魂
人生旅程只求簡單快樂"
_fish.0307,小魚,我覺得15～30都有可能還搞不清楚未來方向、人生目標,2026-02-03 07:16,"專屬🐟の抽象廢文世界
紀錄日常生活突發奇想
說話直來直往不喜請滾
當一個快快樂樂的靈魂
人生旅程只求簡單快樂"
_fish.0307,小魚,"怎麼可以🥺我在看我拍的肉
看到我肚子在咕嚕咕嚕叫了
原本以為可以望梅止渴的說",2026-02-02 22:28,"專屬🐟の抽象廢文世界
紀錄日常生活突發奇想
說話直來直往不喜請滾
當一個快快樂樂的靈魂
人生旅程只求簡單快樂"
fulibaby_office,福利寶貝生殖中心｜台灣合法設立．專業合約保障 一對一諮詢．多國生育服務,這是一對來自杭州的胡女士單身女性始終渴望擁有屬於自己的寶寶。經過多方比較，她最終選擇福利寶貝生殖中心在專業團隊的全程支持下，從福利寶貝中心的精子庫精心挑選符合期待的捐精者，並順利完成試管週期。,2026-02-05 14:33,"https://anxinbaby.com/
聯絡電話☎️：0926911873"
fulibaby_office,福利寶貝生殖中心｜台灣合法設立．專業合約保障 一對一諮詢．多國生育服務,福利寶貝，每一步都有專業陪伴與理解。,2026-02-05 14:27,"https://anxinbaby.com/
聯絡電話☎️：0926911873"
fulibaby_office,福利寶貝生殖中心｜台灣合法設立．專業合約保障 一對一諮詢．多國生育服務,我走過這條路，現在，換我陪你走。,2026-02-02 14:04,"https://anxinbaby.com/
聯絡電話☎️：0926911873"
chartwhisperer8,ChartWhisperer,USAR 開盤在24-25附近小倉位試水，防止利好持續發酵導致直接踏空，第一目標位28.5 - 30，第二目標位34附近，但是取決於16 億美元注資細節進一步落實，股價才有望衝擊 34 附近的長期阻力。,2026-01-26 03:07,"分享個股結構解析、市場重點，短線潛力佈局思路。
適合願意學習、願意思考、願意長期進步的人。
👉 點進主頁查看 Discord 聯絡方式
➕ 僅此一個，花百萬老師 官方帳號：huabaiwang888"
chartwhisperer8,ChartWhisperer,"ONDS短線已從強勢趨勢轉為回檔後的弱修復階段，日內高點 13.33 後出現快速放量回落，未來一段時間更可能是區間震盪→選擇方向，而不是立刻再起一波主升。
12.62，不是安全加倉位，關鍵看12.50–12.55能否守住。
我認為最佳買點12.35–12.45，若跌破12.23及時止損，第一目標看12.8–12.95，只有站穩13，才看13.5–14。",2026-01-23 22:05,"分享個股結構解析、市場重點，短線潛力佈局思路。
適合願意學習、願意思考、願意長期進步的人。
👉 點進主頁查看 Discord 聯絡方式
➕ 僅此一個，花百萬老師 官方帳號：huabaiwang888"
foxomallcrypto,炒小幣foxomall,"真正拿大資金在操作台股的外資、法人 機構不抓
抓一個散戶抽單？？？
刷新了我的認知🫨",2026-01-24 13:21,"YT:炒小幣FoxoMallCrypto 
極度討厭幣圈詐騙 所以自己來當KOL
總經 時事 交易討論群連結下方請進⬇️
歡迎新手諮詢！"
rossd_77ii,Mike Ross,"具體來看，後續可重點關注三個方向的投資機會：
一是防禦性板塊中的優質標的，尤其是消費、公用事業等板塊中，具備估值優勢且業績穩定的龍頭公司，這類標的在市場波動加大的背景下具備較強的抗風險能力，適合中長期布局；
二是科技板塊中具備核心技術優勢、業績支撐扎實的細分領域，特別是與國產自主可控、高端製造、科技創新相關的方向，受益於產業政策持續利好，長期成長空間廣闊；
三是低估值藍籌板塊中的優質標的，這類公司估值處於歷史相對低位，具備較高投資性價比，亦受到中長期資金青睞，後續估值修復空間值得關注。
同時，投資者亦需留意相關風險：
一是前期漲幅較大、缺乏業績支撐的熱門題材板塊與個股，受資金獲利了結影響，後續仍存在回調壓力；
二是受外部市場波動影響較大的板塊，短期走勢可能較為劇烈，需謹慎參與；
三是業績不及預期的標的，隨著年報與業績預告逐步披露完成，相關個股可能面臨市場拋售壓力，投資者應注意風險迴避。",2026-02-01 21:08,"白天研究市場，晚上研究自己。
慢慢變聰明， 而不是變衝動。
📘 成就 1000 萬美金的財富通道
⚠️ 投資有風險，紀律比觀點更重要。
這裡分享的是個人研究與交易筆記，不是買賣指令，也不替任何人承擔損益。
市場永遠不缺機會，但每一筆決策都應由你自己負責。
請在符合當地法律與自身風險"
rossd_77ii,Mike Ross,"$NVDA
從短期來看，臨近春節長假，市場交投活躍度可能有所下降，資金布局將更趨謹慎，市場大概率仍會維持結構性震盪的運行態勢，板塊輪動依然是市場的主要特徵，較難形成明確的單邊走勢。不過同時，市場整體流動性環境仍然寬鬆，政策面持續向好，中長期資金的布局節奏保持穩健，這些因素將為市場的穩定運行提供支撐，出現大規模調整的機率較低，更多體現在局部結構性波動與板塊分化。
從長期來看，股市的長期投資價值依然凸顯，市場的核心運行邏輯並未發生根本性改變。隨著經濟持續復甦、產業升級不斷推進、科技創新加速發展，以及資本市場改革持續深化，股市有望逐步走出長期穩健向上的走勢。對投資者而言，本週市場的震盪調整既是風險的釋放，也是機會的孕育，不必過度擔憂短期波動，應保持理性投資心態，立足長期，聚焦優質標的，迴避缺乏業績支撐的題材炒作類標的。",2026-02-01 21:08,"白天研究市場，晚上研究自己。
慢慢變聰明， 而不是變衝動。
📘 成就 1000 萬美金的財富通道
⚠️ 投資有風險，紀律比觀點更重要。
這裡分享的是個人研究與交易筆記，不是買賣指令，也不替任何人承擔損益。
市場永遠不缺機會，但每一筆決策都應由你自己負責。
請在符合當地法律與自身風險"
rossd_77ii,Mike Ross,"羨慕年輕的美好時光，在美國股市金融工作，現在已經辭職，目前月收入20萬美元，財富自由。
總結了一些簡單的入門規則（簡短但非常重要）：
① 價格下跌5% → 持有
② 價格下跌15% → 加倉10%
③ 價格下跌25% → 加倉25%
④ 價格上漲5% → 繼續持有
⑤ 價格上漲15% → 繼續持有
⑥ 價格上漲25% → 賣出10%
⑦ 價格上漲35% → 賣出20%
⑧ 價格上漲45% → 賣出30%
⑨ 價格上漲60% → 賣出40%
⑩ 價格上漲100% → 全部賣出
紀律 + 耐心 = 穩健的長期成長。",2026-02-01 03:36,"白天研究市場，晚上研究自己。
慢慢變聰明， 而不是變衝動。
📘 成就 1000 萬美金的財富通道
⚠️ 投資有風險，紀律比觀點更重要。
這裡分享的是個人研究與交易筆記，不是買賣指令，也不替任何人承擔損益。
市場永遠不缺機會，但每一筆決策都應由你自己負責。
請在符合當地法律與自身風險"
rossd_77ii,Mike Ross,"這週讓很多人變得不安
空拍畫面顯示大量群眾和平地在明尼阿波利斯街頭抗議，遊行，抗議川普政府和美國移民及海關執法局（ICE）",2026-01-31 06:26,"白天研究市場，晚上研究自己。
慢慢變聰明， 而不是變衝動。
📘 成就 1000 萬美金的財富通道
⚠️ 投資有風險，紀律比觀點更重要。
這裡分享的是個人研究與交易筆記，不是買賣指令，也不替任何人承擔損益。
市場永遠不缺機會，但每一筆決策都應由你自己負責。
請在符合當地法律與自身風險"
rossd_77ii,Mike Ross,"美股波動，ETH熊市：真正的機遇在這裡
同樣的資金操作在不同市場，結果也會不同。
這週美股市場波動大、不穩定，現在我們把目光轉向幣市。
以太坊（ETH）到底可能跌到多低？
不靠情緒，不靠信仰，只看歷史。
2018 年：ETH 從高點回撤 94%
2022 年：ETH 從高點回撤 82%
這給了我們一個清晰的歷史區間。
這是我的幣市熊市系列，我會逐一拆解每個主流幣在歷史上的「真正底部」，
幫你搞清楚哪些價位才是真正重要的。
想要《方向指南》完整版嗎？",2026-01-31 06:13,"白天研究市場，晚上研究自己。
慢慢變聰明， 而不是變衝動。
📘 成就 1000 萬美金的財富通道
⚠️ 投資有風險，紀律比觀點更重要。
這裡分享的是個人研究與交易筆記，不是買賣指令，也不替任何人承擔損益。
市場永遠不缺機會，但每一筆決策都應由你自己負責。
請在符合當地法律與自身風險"
rossd_77ii,Mike Ross,"這週股市波動明顯放大，整體仍不夠穩定，現階段只能多觀察、少衝動。
但波動本身也是機會——只在自己長期看好的標的「逢低佈局」，切記不要追高、不要在情緒高點上車。
短線操作空間有限，我們可以先把重心轉移到幣市的「二餅」，依目前結構來看，週一有機會出現技術性反彈。
關鍵仍是一句話：耐心等價格，而不是追故事。",2026-01-31 02:31,"白天研究市場，晚上研究自己。
慢慢變聰明， 而不是變衝動。
📘 成就 1000 萬美金的財富通道
⚠️ 投資有風險，紀律比觀點更重要。
這裡分享的是個人研究與交易筆記，不是買賣指令，也不替任何人承擔損益。
市場永遠不缺機會，但每一筆決策都應由你自己負責。
請在符合當地法律與自身風險"
rossd_77ii,Mike Ross,ONDS  與昨天預期的是一樣的方向,2026-01-27 23:14,"白天研究市場，晚上研究自己。
慢慢變聰明， 而不是變衝動。
📘 成就 1000 萬美金的財富通道
⚠️ 投資有風險，紀律比觀點更重要。
這裡分享的是個人研究與交易筆記，不是買賣指令，也不替任何人承擔損益。
市場永遠不缺機會，但每一筆決策都應由你自己負責。
請在符合當地法律與自身風險"
rossd_77ii,Mike Ross,"阿里巴巴-SW ($BABA /
09988.HK
) 的速賣通 「超級品牌出海計畫」 已簽約超過 50 家品牌，顯示 跨境平台對品牌方的吸引力正在持續提升。
結合阿里國際電商持續 雙位數增長 的勢頭，這一舉措有望 進一步鞏固其在東南亞、歐洲等核心市場的地位，同時推動 跨境收入結構優化。
簡單說，阿里的跨境戰略不僅在 搶占海外市場份額，也在 打造未來持續增長的新引擎，是長期關注阿里國際業務成長不可錯過的亮點。",2026-01-27 21:35,"白天研究市場，晚上研究自己。
慢慢變聰明， 而不是變衝動。
📘 成就 1000 萬美金的財富通道
⚠️ 投資有風險，紀律比觀點更重要。
這裡分享的是個人研究與交易筆記，不是買賣指令，也不替任何人承擔損益。
市場永遠不缺機會，但每一筆決策都應由你自己負責。
請在符合當地法律與自身風險"
rossd_77ii,Mike Ross,"阿里巴巴-SW $BABA 最近獲得摩根大通對 平頭哥芯片業務 的獨立估值，這反映了市場對阿里 半導體自研能力的肯定。
雖然平頭哥目前仍處於投入期，但其 倚天芯片已在阿里雲大規模落地部署。若未來能對外商業化，這不僅是技術上的突破，更可能 成為阿里集團未來的重要價值增長引擎。
簡單說，這不只是一個研發項目，而是 阿里在 AI 與雲計算競賽中可能改寫遊戲規則的潛力股，值得長期關注。",2026-01-27 21:27,"白天研究市場，晚上研究自己。
慢慢變聰明， 而不是變衝動。
📘 成就 1000 萬美金的財富通道
⚠️ 投資有風險，紀律比觀點更重要。
這裡分享的是個人研究與交易筆記，不是買賣指令，也不替任何人承擔損益。
市場永遠不缺機會，但每一筆決策都應由你自己負責。
請在符合當地法律與自身風險"
rossd_77ii,Mike Ross,"對我而言，亞馬遜 ($AMZN) 的核心關注點在於 投資效率。印度 350 億美元的重倉布局是一個 長線賭注，未來幾年才會看到成效，因此需要持續追蹤 AWS 在當地的收入增速與市場份額。
同時，零售業務的 營運利潤率改善趨勢，是抵消 AI 領域龐大資本開支、保持整體盈利穩健的關鍵。
當市場出現超買訊號時，盯緊數字背後的健康度，比盲目追漲更重要。亞馬遜不是只能靠故事支撐的股票，而是需要 業務節奏與策略執行都穩健，才值得長期關注。",2026-01-27 21:25,"白天研究市場，晚上研究自己。
慢慢變聰明， 而不是變衝動。
📘 成就 1000 萬美金的財富通道
⚠️ 投資有風險，紀律比觀點更重要。
這裡分享的是個人研究與交易筆記，不是買賣指令，也不替任何人承擔損益。
市場永遠不缺機會，但每一筆決策都應由你自己負責。
請在符合當地法律與自身風險"
rossd_77ii,Mike Ross,"資金正在慢慢流出美國市場——以下是值得關注的國際股票：
$ASML → 掌握 EUV 光刻技術的壟斷地位，為 AI 晶片提供核心動力
$MELI → 拉丁美洲電商與金融科技龍頭
$NVO → Ozempic 與 Wegovy 帶動的減重與代謝疾病長期趨勢
$BABA → 中國電商、AI 與雲端運算巨頭
$CCJ → 在核能與 AI 用電需求上升背景下的頂級鈾生產商
SK 海力士（SK Hynix） → AI 高頻寬記憶體（HBM）領域的領先者
現在，你可以開始認識我並關注我。
我會分享完整分析，幫你避開踩雷。",2026-01-27 02:06,"白天研究市場，晚上研究自己。
慢慢變聰明， 而不是變衝動。
📘 成就 1000 萬美金的財富通道
⚠️ 投資有風險，紀律比觀點更重要。
這裡分享的是個人研究與交易筆記，不是買賣指令，也不替任何人承擔損益。
市場永遠不缺機會，但每一筆決策都應由你自己負責。
請在符合當地法律與自身風險"
rossd_77ii,Mike Ross,"我個人判斷，TSLA 在前一段回調之後，後面應該還有一波反彈機會。
RKLB 目前在 83 一帶整理，如果回落到 76–80 區間，可以考慮 分批加倉。
LUNR 現價約 18，若進一步下調到 15–17 區間，會是比較適合 慢慢布局、降低成本 的位置。",2026-01-27 01:57,"白天研究市場，晚上研究自己。
慢慢變聰明， 而不是變衝動。
📘 成就 1000 萬美金的財富通道
⚠️ 投資有風險，紀律比觀點更重要。
這裡分享的是個人研究與交易筆記，不是買賣指令，也不替任何人承擔損益。
市場永遠不缺機會，但每一筆決策都應由你自己負責。
請在符合當地法律與自身風險"
rossd_77ii,Mike Ross,"$ASTS 整體比 $RKLB 強
$IREN 整體比 $CIFR 強
$NBIS 整體比 $CRWV 強
$SOFI 整體比 $HOOD 強
$HIMS 整體比 $NVO 強
$GOOGL 整體比整個 Mag 7 強
自行判斷
有疑問？
但現在，你可以開始關注我了。",2026-01-26 05:10,"白天研究市場，晚上研究自己。
慢慢變聰明， 而不是變衝動。
📘 成就 1000 萬美金的財富通道
⚠️ 投資有風險，紀律比觀點更重要。
這裡分享的是個人研究與交易筆記，不是買賣指令，也不替任何人承擔損益。
市場永遠不缺機會，但每一筆決策都應由你自己負責。
請在符合當地法律與自身風險"
rossd_77ii,Mike Ross,"太瘋狂了……
三年前投資了 $CVNA 1 萬美元，今天擁有 110 萬美元。
收益超過 11,000%！
那時你還不認識我，
但現在，你可以開始關注我了。
可能產生類似結果的候選股：
$ASTS
$IREN
$ONDS
這是幾乎一生難得的機會，你絕對不想錯過……",2026-01-26 04:53,"白天研究市場，晚上研究自己。
慢慢變聰明， 而不是變衝動。
📘 成就 1000 萬美金的財富通道
⚠️ 投資有風險，紀律比觀點更重要。
這裡分享的是個人研究與交易筆記，不是買賣指令，也不替任何人承擔損益。
市場永遠不缺機會，但每一筆決策都應由你自己負責。
請在符合當地法律與自身風險"
rossd_77ii,Mike Ross,"黃金距離 $5,000 只差 $17
與此同時，以太坊（ETH）的價格仍然和五年前 2021 年 4 月一樣。
這就是為什麼大家在幣市裡都很沮喪的原因。
這也是一個機會。",2026-01-26 04:29,"白天研究市場，晚上研究自己。
慢慢變聰明， 而不是變衝動。
📘 成就 1000 萬美金的財富通道
⚠️ 投資有風險，紀律比觀點更重要。
這裡分享的是個人研究與交易筆記，不是買賣指令，也不替任何人承擔損益。
市場永遠不缺機會，但每一筆決策都應由你自己負責。
請在符合當地法律與自身風險"
rossd_77ii,Mike Ross,如果市場形成支撐，那麼 IT（科技）股票 有望開啟新一輪上漲，但會出現分化；同時，PSU 銀行 和 金屬板塊 也可能走強。,2026-01-26 04:13,"白天研究市場，晚上研究自己。
慢慢變聰明， 而不是變衝動。
📘 成就 1000 萬美金的財富通道
⚠️ 投資有風險，紀律比觀點更重要。
這裡分享的是個人研究與交易筆記，不是買賣指令，也不替任何人承擔損益。
市場永遠不缺機會，但每一筆決策都應由你自己負責。
請在符合當地法律與自身風險"
rossd_77ii,Mike Ross,"美國政府正在收購一家稀土礦業公司的股份。
這一消息是在週末公布的，持有的所有稀土／鈾相關標的（股票、ETF）
在接下來的幾天到幾週內都有望起飛 🚀🙌",2026-01-26 01:54,"白天研究市場，晚上研究自己。
慢慢變聰明， 而不是變衝動。
📘 成就 1000 萬美金的財富通道
⚠️ 投資有風險，紀律比觀點更重要。
這裡分享的是個人研究與交易筆記，不是買賣指令，也不替任何人承擔損益。
市場永遠不缺機會，但每一筆決策都應由你自己負責。
請在符合當地法律與自身風險"
chenjinyu669,僅瑜,"我們結婚啦✨✨✨✨
準備了80隻白沙屯媽祖手提袋
承重：10公斤
尺寸：43*32*10
現按讚追蹤 免費結緣贈送
還有63隻 先找的人先拿喔 按順序回復",2026-02-06 02:41,
chenjinyu669,僅瑜,"我們結婚啦✨✨✨✨
準備了80隻白沙屯媽祖手提袋
承重：10公斤
尺寸：43*32*10
現按讚追蹤 免費結緣贈送
還有63隻 先找的人先拿喔 按順序回復",2026-02-05 23:32,
melody299827,曾可夢,"我和先生努力3胎 終於懷上男寶寶了 誰懂這個心情🥹
先生激動從他的店裡準備了80支iPhone 17 
要送給各位脆友 真實有效（已送出40個）
現按讚追從 不要💰一人一個
說到做到",2026-02-05 19:15,"你好
請私訊我賴🆔 ：@615pulfv 禮貌索取謝謝"
melody299827,曾可夢,"我和先生努力3胎 終於懷上男寶寶了 誰懂這個心情🥹
先生激動從他的店裡準備了80支iPhone 17 
要送給各位脆友 真實有效（已送出40個）
現按讚追從 不要💰一人一個
說到做到",2026-02-05 14:39,"你好
請私訊我賴🆔 ：@615pulfv 禮貌索取謝謝"
s.independence_way,Eric Shih,"民眾黨，都這付德性？
「惹人厭 」！🇨🇳🐈",2026-02-04 23:43,"As a nation, it is extremely important to clearly express its position! Why should we care about the opinions of other countries?
我的國家是台灣   🫰🫰🫰🫰"
s.independence_way,Eric Shih,"真的，覺得吳怡農？只有外表長得
好看而已。
唉...！",2026-02-04 23:08,"As a nation, it is extremely important to clearly express its position! Why should we care about the opinions of other countries?
我的國家是台灣   🫰🫰🫰🫰"
s.independence_way,Eric Shih,"小野田紀美大臣，今日登場！🫰🫰🫰🫰
「請大家踴躍投票支持古川康！」她
熱情洋溢地呼籲。
請儘早投票支持古川康，並在比例代
表制選區支持自民黨！
古川康 /眾議院選舉 /佐賀第二選區
影片及內文取自於
@toyomuratakashi
@toyomuratakashi",2026-02-04 22:56,"As a nation, it is extremely important to clearly express its position! Why should we care about the opinions of other countries?
我的國家是台灣   🫰🫰🫰🫰"
s.independence_way,Eric Shih,"這是小野田大臣，競選演講中的一個場景！
在正式宣布結果之前，他無意中提到
首相高市將前往佐賀縣第二選區；支
持前國土交通大臣古川康，顯得有些
慌亂。
內文及影片取自於
@toji_yien008764
@toji_yien008764",2026-02-04 22:50,"As a nation, it is extremely important to clearly express its position! Why should we care about the opinions of other countries?
我的國家是台灣   🫰🫰🫰🫰"
s.independence_way,Eric Shih,"高市早苗首相，將引領我們邁向新日本！ 👍
來自首相高市的致日本女性的信：
「 “我們女性非常堅強”！讓我們一起
期待勝選，開啟日本新篇章！建立一
個人人都能獲得回報的國家 。」
讓我們與高市早苗首相攜手，共建
新日本！ 🇯🇵
影片取自於
@p1co0111
@p1co0111",2026-02-04 22:29,"As a nation, it is extremely important to clearly express its position! Why should we care about the opinions of other countries?
我的國家是台灣   🫰🫰🫰🫰"
s.independence_way,Eric Shih,"我從未聽過如此精彩的演講。👍👍👍👍
如果我們只是一味地批評其他政黨，
人民將失去夢想和希望。
希望賦予人民力量和活力。
✨✨✨✨✨✨✨✨✨✨✨✨✨✨
正是憑藉著希望，我們日本人才得以
從戰爭的廢墟中崛起。80年前的人們
能夠做到，我們也能做到！從這裡開
始，日本將再次重生。
無論如何，我將支持首相高市早苗和
高市內閣🇯🇵 🫰🫰🫰🙏🙏🙏🫶🫶🫶
影片及內文取自於
@p1co0111
@p1co0111",2026-02-04 14:43,"As a nation, it is extremely important to clearly express its position! Why should we care about the opinions of other countries?
我的國家是台灣   🫰🫰🫰🫰"
s.independence_way,Eric Shih,"出大事了？請中央重視這件事！📣📣📣📣
@lydppcaucus
@lydppcaucus
@dpp_taiwan
@dpp_taiwan
@t.ai_good
@t.ai_good
本篇文章取自於
@bmwx1nice
@bmwx1nice
名間鄉蓋焚化爐被影響最大的不只茶農，
連彰化和雲林農業都會深受影響，因為彰化、雲林有「下風處」和「地下水庫」危
機？彰化縣（如二水、田中）與雲林縣
（如斗六、林內）正處於可能的下風處。
名間與竹山一帶是重要的地下水補注區：
彰化與雲林許多農田依賴濁水溪水系灌溉
。若焚化爐在運作過程或底渣處置上滲透
進地下水網，受害的將是整個濁水溪下游
的農業灌溉區，包含彰化的稻米與雲林的
蔬菜專區。
彰化人及雲林人趕快加入抗爭，
這個聲音要擴大給彰化雲林人。
📢大家幫忙擴散！
📢大家幫忙擴散！
📢大家幫忙擴散！",2026-01-31 21:40,"As a nation, it is extremely important to clearly express its position! Why should we care about the opinions of other countries?
我的國家是台灣   🫰🫰🫰🫰"
s.independence_way,Eric Shih,"自然、活潑、活力滿滿！ 💯 💯 💯
備受期待的日本經濟安保大臣～
小野田紀美！
將會是日本政壇閃耀的一顆星。
✨✨✨✨✨✨✨✨✨✨✨✨✨
影片取自於
@ymama1013
@ymama1013",2026-01-31 21:00,"As a nation, it is extremely important to clearly express its position! Why should we care about the opinions of other countries?
我的國家是台灣   🫰🫰🫰🫰"
s.independence_way,Eric Shih,"天啊！都什麼時代了，人民要下跪？
這不是中國，而是台灣！😨😨😨😨
就因為名間鄉的鄉長，黨籍跟國民黨
許淑華縣長不一樣，就被選定為蓋...
焚化爐？
📢大家幫忙擴散！
📢大家幫忙擴散！
📢大家幫忙擴散！
國民黨最會壓新聞、會迴避報導或
壓低報導聲量，必需要靠大家幫忙
分享、擴散。
影片取自於
@mk89642364
@mk89642364",2026-01-31 20:45,"As a nation, it is extremely important to clearly express its position! Why should we care about the opinions of other countries?
我的國家是台灣   🫰🫰🫰🫰"
s.independence_way,Eric Shih,"哇...這什麼？超級巨星要來嗎？
是的！全世界的朋友們，你們
知道嗎？日本有一位偉大的政
治家高市早苗首相，他的人氣
堪比偶像級人物！
🙏🙏🙏🫶🫶🫶
圖片及部份內文取自於
@sakurarts
@sakurarts",2026-01-31 20:03,"As a nation, it is extremely important to clearly express its position! Why should we care about the opinions of other countries?
我的國家是台灣   🫰🫰🫰🫰"
s.independence_way,Eric Shih,"😍😍😍
人氣旺的小野田大臣，幫其
同黨議員助選！
🩷🩷🩷
支持你！ ！加油！加油！
取自於
@limenomie
@limenomie",2026-01-31 19:13,"As a nation, it is extremely important to clearly express its position! Why should we care about the opinions of other countries?
我的國家是台灣   🫰🫰🫰🫰"
s.independence_way,Eric Shih,"好冷啊！但，依舊擋不住人民的熱情？
「民之所向！眾望所歸 」。",2026-01-30 12:19,"As a nation, it is extremely important to clearly express its position! Why should we care about the opinions of other countries?
我的國家是台灣   🫰🫰🫰🫰"
s.independence_way,Eric Shih,"高市早苗首相：
祝福您徹底的贏下這次大選，並落實
您所建構的政策！ ❗
日本人民，會強烈支持您的成就、勇
氣、決心、意志、信念和愛！ ❗
感謝您為日本的未來，所做的一切！ 🇯🇵👍
台日友好！我們台灣人也一直祝福您！
🤝🤝🤝🙏🙏🙏🫰🫰🫰",2026-01-30 08:52,"As a nation, it is extremely important to clearly express its position! Why should we care about the opinions of other countries?
我的國家是台灣   🫰🫰🫰🫰"
s.independence_way,Eric Shih,"「土城，就在不遠處 」！
倒數計時.....H G C？",2026-01-30 08:36,"As a nation, it is extremely important to clearly express its position! Why should we care about the opinions of other countries?
我的國家是台灣   🫰🫰🫰🫰"
s.independence_way,Eric Shih,"非粉絲，請勿觀看！！！ 📣📣📣📣
首相高市早苗😍😍😍
小野田紀美大臣 🥰💕",2026-01-30 08:17,"As a nation, it is extremely important to clearly express its position! Why should we care about the opinions of other countries?
我的國家是台灣   🫰🫰🫰🫰"
s.independence_way,Eric Shih,"為了一睹首相風采！這人潮...？？
高市首相，人氣真的很旺！
影片取自於
@noho213841
@noho213841",2026-01-30 08:09,"As a nation, it is extremely important to clearly express its position! Why should we care about the opinions of other countries?
我的國家是台灣   🫰🫰🫰🫰"
shayir._,妘,高雄居然這個時間會下雨,2026-02-06 06:38,試著在這裡抒發小情緒
shayir._,妘,"這輩子還沒過完
就在想下輩子的事了",2026-01-31 04:49,試著在這裡抒發小情緒
ibosetw,EET 睿騏英語 Enrich English Taiwan,"成人學習新事物不會成功？
注意力碎片化（手機每天3–5小時+通知轟炸）才是最大敵人，而非年齡。",2026-02-04 17:16,"｜每日為你更新各種英文資訊&智慧｜
專精教大人學英文｜聽說力引導式訓練
一對一英文家教課｜生活設計師教練課
線上視訊課或當面上課(雙北 桃園 中壢)
有心學英文/不用背單字, 可點⬇️連結瀏覽官網、填表"
ibosetw,EET 睿騏英語 Enrich English Taiwan,"工作上要用到英文口說和寫書信
20年卡關 → 現在超會說！
學英文20年卻無法開口說的電子業主管
決定找一對一英文家教上課，剛開始他上得不習慣，說：
「老師不准背單字，只叫好好練習～ 」
但過了過渡期後，他才了解到英文單字和文法還真的不是拿來背的~",2026-02-04 14:56,"｜每日為你更新各種英文資訊&智慧｜
專精教大人學英文｜聽說力引導式訓練
一對一英文家教課｜生活設計師教練課
線上視訊課或當面上課(雙北 桃園 中壢)
有心學英文/不用背單字, 可點⬇️連結瀏覽官網、填表"
ibosetw,EET 睿騏英語 Enrich English Taiwan,"我不討人喜歡，但我很誠實。 
	－INTJ",2026-02-04 14:28,"｜每日為你更新各種英文資訊&智慧｜
專精教大人學英文｜聽說力引導式訓練
一對一英文家教課｜生活設計師教練課
線上視訊課或當面上課(雙北 桃園 中壢)
有心學英文/不用背單字, 可點⬇️連結瀏覽官網、填表"
ibosetw,EET 睿騏英語 Enrich English Taiwan,"直男們，相信我，情人節禮物有預算的話，
就偷偷買 agete 飾品送女生，她一定會動心！
不知怎麼挑款式，可以到 agete 櫃上，給櫃姐看女生照片，
櫃姐服務佳，眼光也好，到時真的不滿意，問問可以換？",2026-02-04 13:38,"｜每日為你更新各種英文資訊&智慧｜
專精教大人學英文｜聽說力引導式訓練
一對一英文家教課｜生活設計師教練課
線上視訊課或當面上課(雙北 桃園 中壢)
有心學英文/不用背單字, 可點⬇️連結瀏覽官網、填表"
ibosetw,EET 睿騏英語 Enrich English Taiwan,"實習了一年，漸漸習慣了在脆上看人吵架，
然後，我看出哪些是我想認識多一些的人。
很類似「蚌鷸相爭，漁翁得利」這句話的概念，但事實上不完全等同。",2026-02-04 13:30,"｜每日為你更新各種英文資訊&智慧｜
專精教大人學英文｜聽說力引導式訓練
一對一英文家教課｜生活設計師教練課
線上視訊課或當面上課(雙北 桃園 中壢)
有心學英文/不用背單字, 可點⬇️連結瀏覽官網、填表"
ibosetw,EET 睿騏英語 Enrich English Taiwan,"朋友發生不快
本來想和對方解釋什麼的，想想還是算了….
解釋了，狀況還是一樣，那何必呢….
你也會嗎？",2026-02-04 12:20,"｜每日為你更新各種英文資訊&智慧｜
專精教大人學英文｜聽說力引導式訓練
一對一英文家教課｜生活設計師教練課
線上視訊課或當面上課(雙北 桃園 中壢)
有心學英文/不用背單字, 可點⬇️連結瀏覽官網、填表"
ibosetw,EET 睿騏英語 Enrich English Taiwan,"「有麵包，悲傷就沒那麼重了。」
“All sorrows are less with bread.”
	— Miguel de Cervantes
將基本食物視為慰藉人心的象徵，簡單即足以安慰。
她說最近不太想說話，只問你想不想去買可頌。",2026-02-04 12:03,"｜每日為你更新各種英文資訊&智慧｜
專精教大人學英文｜聽說力引導式訓練
一對一英文家教課｜生活設計師教練課
線上視訊課或當面上課(雙北 桃園 中壢)
有心學英文/不用背單字, 可點⬇️連結瀏覽官網、填表"
ibosetw,EET 睿騏英語 Enrich English Taiwan,"“A product is only as good as the team behind it.”
「一個產品的品質，取決於背後那群人。」
他們說你撐不起產品，你說：「你不撐人，人怎麼撐產品？」",2026-02-04 11:35,"｜每日為你更新各種英文資訊&智慧｜
專精教大人學英文｜聽說力引導式訓練
一對一英文家教課｜生活設計師教練課
線上視訊課或當面上課(雙北 桃園 中壢)
有心學英文/不用背單字, 可點⬇️連結瀏覽官網、填表"
ibosetw,EET 睿騏英語 Enrich English Taiwan,"“There is no such thing as bug-free. Only risk-aware.”
	— SRE principle
「沒有所謂完全沒 bug，只有風險知道到哪裡。」
所以他不是吹毛求疵，想提早幫團隊找出爆點的邏輯。",2026-02-04 10:59,"｜每日為你更新各種英文資訊&智慧｜
專精教大人學英文｜聽說力引導式訓練
一對一英文家教課｜生活設計師教練課
線上視訊課或當面上課(雙北 桃園 中壢)
有心學英文/不用背單字, 可點⬇️連結瀏覽官網、填表"
ibosetw,EET 睿騏英語 Enrich English Taiwan,"有沒有小編是認識很多「寫手小編」的那種小編？
（好像在繞口令）",2026-02-04 10:43,"｜每日為你更新各種英文資訊&智慧｜
專精教大人學英文｜聽說力引導式訓練
一對一英文家教課｜生活設計師教練課
線上視訊課或當面上課(雙北 桃園 中壢)
有心學英文/不用背單字, 可點⬇️連結瀏覽官網、填表"
ibosetw,EET 睿騏英語 Enrich English Taiwan,"“Language is the house of Being.”
	— Martin Heidegger
「語言是存在之屋。」
人類透過語言認識自身與存在，語言是理解存在的場域。
他說：「這就是我。」語言之後，才開始有邊界，也開始有他自己。",2026-02-04 10:17,"｜每日為你更新各種英文資訊&智慧｜
專精教大人學英文｜聽說力引導式訓練
一對一英文家教課｜生活設計師教練課
線上視訊課或當面上課(雙北 桃園 中壢)
有心學英文/不用背單字, 可點⬇️連結瀏覽官網、填表"
ibosetw,EET 睿騏英語 Enrich English Taiwan,"「沒有比對食物的愛更真誠的愛了。」
“There is no sincerer love than the love of food.”
	— George Bernard Shaw
他談戀愛不穩定，但對早餐店的鐵板麵始終如一。",2026-02-04 09:09,"｜每日為你更新各種英文資訊&智慧｜
專精教大人學英文｜聽說力引導式訓練
一對一英文家教課｜生活設計師教練課
線上視訊課或當面上課(雙北 桃園 中壢)
有心學英文/不用背單字, 可點⬇️連結瀏覽官網、填表"
ibosetw,EET 睿騏英語 Enrich English Taiwan,"“One’s life has no prewritten script.”
「人生沒有預先寫好的劇本。」
每一步，都是即興。",2026-02-04 08:12,"｜每日為你更新各種英文資訊&智慧｜
專精教大人學英文｜聽說力引導式訓練
一對一英文家教課｜生活設計師教練課
線上視訊課或當面上課(雙北 桃園 中壢)
有心學英文/不用背單字, 可點⬇️連結瀏覽官網、填表"
ibosetw,EET 睿騏英語 Enrich English Taiwan,別人失眠數羊，INTJ 失眠優化世界。,2026-02-03 23:58,"｜每日為你更新各種英文資訊&智慧｜
專精教大人學英文｜聽說力引導式訓練
一對一英文家教課｜生活設計師教練課
線上視訊課或當面上課(雙北 桃園 中壢)
有心學英文/不用背單字, 可點⬇️連結瀏覽官網、填表"
ibosetw,EET 睿騏英語 Enrich English Taiwan,"“The idea of ‘being ready’ is vague. I just prefer functional.” 
『準備好』是一個模糊概念，我比較在意功能到位沒。
面試前最近改履歷細節到凌晨三點，最後說：「夠用了，邏輯沒破。」
我不會完美準備，但我會讓自己能夠操作。",2026-02-03 23:06,"｜每日為你更新各種英文資訊&智慧｜
專精教大人學英文｜聽說力引導式訓練
一對一英文家教課｜生活設計師教練課
線上視訊課或當面上課(雙北 桃園 中壢)
有心學英文/不用背單字, 可點⬇️連結瀏覽官網、填表"
ibosetw,EET 睿騏英語 Enrich English Taiwan,"站在炸物區前，
我思考的不是熱量，而是：
我今天能不能承擔一點罪惡感？
Crispy vs. conscience.",2026-02-02 12:08,"｜每日為你更新各種英文資訊&智慧｜
專精教大人學英文｜聽說力引導式訓練
一對一英文家教課｜生活設計師教練課
線上視訊課或當面上課(雙北 桃園 中壢)
有心學英文/不用背單字, 可點⬇️連結瀏覽官網、填表"
ibosetw,EET 睿騏英語 Enrich English Taiwan,"你發現：「讓對方保留面子」是很多難事可以進行下去的前提。
Sometimes your tone holds the project together.",2026-02-02 11:05,"｜每日為你更新各種英文資訊&智慧｜
專精教大人學英文｜聽說力引導式訓練
一對一英文家教課｜生活設計師教練課
線上視訊課或當面上課(雙北 桃園 中壢)
有心學英文/不用背單字, 可點⬇️連結瀏覽官網、填表"
ibosetw,EET 睿騏英語 Enrich English Taiwan,"獨立書店經營者：
我喜歡書被翻出痕跡的樣子有摺角、筆記、咖啡漬。
比起完好如新的封面，我更相信那些曾被用過的痕跡。
Dog-ears, notes, stains.
I like worn books.
Marks mean it mattered.",2026-02-02 10:21,"｜每日為你更新各種英文資訊&智慧｜
專精教大人學英文｜聽說力引導式訓練
一對一英文家教課｜生活設計師教練課
線上視訊課或當面上課(雙北 桃園 中壢)
有心學英文/不用背單字, 可點⬇️連結瀏覽官網、填表"
ibosetw,EET 睿騏英語 Enrich English Taiwan,"Monday Ideal: Arrive at the office at 8 AM looking fresh and ready.
Reality: Drag yourself in at 9 AM with coffee in hand and bed hair.
星期一理想：早上八點精神飽滿地到辦公室。
現實：九點拖著疲憊的身軀，手裡拿著咖啡，頭髮亂糟糟。",2026-02-02 09:18,"｜每日為你更新各種英文資訊&智慧｜
專精教大人學英文｜聽說力引導式訓練
一對一英文家教課｜生活設計師教練課
線上視訊課或當面上課(雙北 桃園 中壢)
有心學英文/不用背單字, 可點⬇️連結瀏覽官網、填表"
ibosetw,EET 睿騏英語 Enrich English Taiwan,"“Power is everywhere; not because it embraces everything, but because it comes from everywhere.”
	— Michel Foucault（米歇爾・傅柯）
「權力無所不在，不是因為它統攝一切，而是因為它無處不在地生成。」
權力不只存在於壓制，也滲透在日常知識、話語與制度中。
你以為沒人在管，其實規則早藏在你「自願」做的選擇裡。",2026-02-02 08:11,"｜每日為你更新各種英文資訊&智慧｜
專精教大人學英文｜聽說力引導式訓練
一對一英文家教課｜生活設計師教練課
線上視訊課或當面上課(雙北 桃園 中壢)
有心學英文/不用背單字, 可點⬇️連結瀏覽官網、填表"
ibosetw,EET 睿騏英語 Enrich English Taiwan,"早安！
“One must transcend given circumstances.”
「人必須超越被給定的環境。」
突破，才算存在。",2026-02-02 07:21,"｜每日為你更新各種英文資訊&智慧｜
專精教大人學英文｜聽說力引導式訓練
一對一英文家教課｜生活設計師教練課
線上視訊課或當面上課(雙北 桃園 中壢)
有心學英文/不用背單字, 可點⬇️連結瀏覽官網、填表"
ibosetw,EET 睿騏英語 Enrich English Taiwan,"我不說，不代表沒感覺，只是太多了不知從哪講起
沉默，不是冷漠，而是情緒已無處安放
It’s not that I don’t want to talk. I just don’t know where to start without falling apart.",2026-02-01 23:03,"｜每日為你更新各種英文資訊&智慧｜
專精教大人學英文｜聽說力引導式訓練
一對一英文家教課｜生活設計師教練課
線上視訊課或當面上課(雙北 桃園 中壢)
有心學英文/不用背單字, 可點⬇️連結瀏覽官網、填表"
ibosetw,EET 睿騏英語 Enrich English Taiwan,"英文：I quit.
台灣：
「我再撐一下。」
—— 最長的辭職信",2026-02-01 22:12,"｜每日為你更新各種英文資訊&智慧｜
專精教大人學英文｜聽說力引導式訓練
一對一英文家教課｜生活設計師教練課
線上視訊課或當面上課(雙北 桃園 中壢)
有心學英文/不用背單字, 可點⬇️連結瀏覽官網、填表"
ibosetw,EET 睿騏英語 Enrich English Taiwan,"他低頭吃飯，朋友問：「最近怎樣？」
他說：「還能吃下去，就還可以。」
Appetite is a kind of emotional vital sign.",2026-02-01 22:00,"｜每日為你更新各種英文資訊&智慧｜
專精教大人學英文｜聽說力引導式訓練
一對一英文家教課｜生活設計師教練課
線上視訊課或當面上課(雙北 桃園 中壢)
有心學英文/不用背單字, 可點⬇️連結瀏覽官網、填表"
ibosetw,EET 睿騏英語 Enrich English Taiwan,"你花了一輩子練習說清楚，後來發現模糊才安全。
You spent a lifetime learning to speak clearly then learned vagueness is safer.",2026-02-01 21:25,"｜每日為你更新各種英文資訊&智慧｜
專精教大人學英文｜聽說力引導式訓練
一對一英文家教課｜生活設計師教練課
線上視訊課或當面上課(雙北 桃園 中壢)
有心學英文/不用背單字, 可點⬇️連結瀏覽官網、填表"
ibosetw,EET 睿騏英語 Enrich English Taiwan,"交往後，你男/女友還跟異性朋友單獨看電影，你能接受嗎？  
說「只是朋友，沒什麼」，但沒事先跟你說。
你會：  
A. 完全OK，信任最重要  
B. 不舒服，但可以溝通  
C. 直接翻臉/覺得是紅旗/分手
（我閨蜜現在超糾結，覺得有邊界感的人才可靠，但很多人說她想太多…你們怎麼看？）",2026-02-01 21:19,"｜每日為你更新各種英文資訊&智慧｜
專精教大人學英文｜聽說力引導式訓練
一對一英文家教課｜生活設計師教練課
線上視訊課或當面上課(雙北 桃園 中壢)
有心學英文/不用背單字, 可點⬇️連結瀏覽官網、填表"
ibosetw,EET 睿騏英語 Enrich English Taiwan,"還沒喜歡自己的人
她每天照鏡子都想改點什麼。
減肥、化妝、學說話慢一點，連笑都排練過。
她說：「我知道不需要，但我還做不到真的放過自己。」
她沒討厭自己了，但還不敢完全相信自己值得。
Self-love doesn’t come loud. Sometimes, it just doesn’t leave.",2026-02-01 19:18,"｜每日為你更新各種英文資訊&智慧｜
專精教大人學英文｜聽說力引導式訓練
一對一英文家教課｜生活設計師教練課
線上視訊課或當面上課(雙北 桃園 中壢)
有心學英文/不用背單字, 可點⬇️連結瀏覽官網、填表"
ibosetw,EET 睿騏英語 Enrich English Taiwan,"如果沉默也會被誤會，那就讓誤會變成你的防護罩吧。
If silence will be misunderstood anyway, let the misunderstanding protect you.",2026-01-31 23:00,"｜每日為你更新各種英文資訊&智慧｜
專精教大人學英文｜聽說力引導式訓練
一對一英文家教課｜生活設計師教練課
線上視訊課或當面上課(雙北 桃園 中壢)
有心學英文/不用背單字, 可點⬇️連結瀏覽官網、填表"
ibosetw,EET 睿騏英語 Enrich English Taiwan,"每天散步 20 分鐘的人
他不為減肥，也不聽 podcast。只是想讓自己記得還在。
他說：「這是我一天裡，唯一會照顧自己的時間。」
給自己喘氣的空格。
Not a workout. Just a daily permission to breathe.",2026-01-31 22:52,"｜每日為你更新各種英文資訊&智慧｜
專精教大人學英文｜聽說力引導式訓練
一對一英文家教課｜生活設計師教練課
線上視訊課或當面上課(雙北 桃園 中壢)
有心學英文/不用背單字, 可點⬇️連結瀏覽官網、填表"
ibosetw,EET 睿騏英語 Enrich English Taiwan,"假設你跟一個還不錯的男生第一次約會，吃完飯他直接說「我們各付各的吧」，你心裡怎麼想？
會覺得他很公平、現實、獨立？ 
還是覺得他小氣、不體貼、沒誠意？
（我朋友最近遇到，男生薪水不錯卻堅持AA，她直接覺得沒下次了…你們呢？）",2026-01-31 22:20,"｜每日為你更新各種英文資訊&智慧｜
專精教大人學英文｜聽說力引導式訓練
一對一英文家教課｜生活設計師教練課
線上視訊課或當面上課(雙北 桃園 中壢)
有心學英文/不用背單字, 可點⬇️連結瀏覽官網、填表"
ibosetw,EET 睿騏英語 Enrich English Taiwan,"“The best things in life are free. The second-best are very expensive.” – Coco Chanel 香奈兒
「人生最好的東西是免費的，第二好的東西則非常昂貴。」
她知道陽光和擁抱無價，但不介意為香檳買單。",2026-01-31 20:20,"｜每日為你更新各種英文資訊&智慧｜
專精教大人學英文｜聽說力引導式訓練
一對一英文家教課｜生活設計師教練課
線上視訊課或當面上課(雙北 桃園 中壢)
有心學英文/不用背單字, 可點⬇️連結瀏覽官網、填表"
ibosetw,EET 睿騏英語 Enrich English Taiwan,"看完多數人的反應，我更懂了，為什麼會有「多年好友交女友後，就必須跟所有女性朋友斷聯了」的情況。
對我而言，談感情後，不論是交往還是步入婚姻，我可不想彼此的世界小到只剩我們二人。人是互助的，出外靠朋友，如果有一天，我不能對他負責了，我也希望他到時朋友仍在，能夠給他支持或打氣。
如果任一方不清楚自己面對誘惑時，應該把持的界線，那他其實在關係裡，只是一位沒有責任心的人。 背叛關係只會是早晚的事，勸君早日看清本質。",2026-01-31 17:20,"｜每日為你更新各種英文資訊&智慧｜
專精教大人學英文｜聽說力引導式訓練
一對一英文家教課｜生活設計師教練課
線上視訊課或當面上課(雙北 桃園 中壢)
有心學英文/不用背單字, 可點⬇️連結瀏覽官網、填表"
ibosetw,EET 睿騏英語 Enrich English Taiwan,最喜歡的女性穿搭：,2026-01-31 15:59,"｜每日為你更新各種英文資訊&智慧｜
專精教大人學英文｜聽說力引導式訓練
一對一英文家教課｜生活設計師教練課
線上視訊課或當面上課(雙北 桃園 中壢)
有心學英文/不用背單字, 可點⬇️連結瀏覽官網、填表"
ibosetw,EET 睿騏英語 Enrich English Taiwan,"你今天抬頭了嗎？
“The sky is the daily bread of the eyes.”
「天空是眼睛的每日麵包。」
	— Ralph Waldo Emerson
抬頭是一種必需，而非浪費。",2026-01-31 15:05,"｜每日為你更新各種英文資訊&智慧｜
專精教大人學英文｜聽說力引導式訓練
一對一英文家教課｜生活設計師教練課
線上視訊課或當面上課(雙北 桃園 中壢)
有心學英文/不用背單字, 可點⬇️連結瀏覽官網、填表"
ibosetw,EET 睿騏英語 Enrich English Taiwan,"“Music washes away from the soul the dust of everyday life.” 
「音樂能洗去靈魂上的日常塵埃。」— 奧爾巴赫 Berthold Auerbach
靠一首歌就能把平凡變閃亮。",2026-01-31 12:02,"｜每日為你更新各種英文資訊&智慧｜
專精教大人學英文｜聽說力引導式訓練
一對一英文家教課｜生活設計師教練課
線上視訊課或當面上課(雙北 桃園 中壢)
有心學英文/不用背單字, 可點⬇️連結瀏覽官網、填表"
ibosetw,EET 睿騏英語 Enrich English Taiwan,"“Pleasure is the only thing one should live for. Nothing ages like happiness.” – Oscar Wilde 王爾德
「人生唯一該為之而活的就是快樂。沒有什麼比幸福更快老去。」
懂得快樂不能延遲。",2026-01-31 10:17,"｜每日為你更新各種英文資訊&智慧｜
專精教大人學英文｜聽說力引導式訓練
一對一英文家教課｜生活設計師教練課
線上視訊課或當面上課(雙北 桃園 中壢)
有心學英文/不用背單字, 可點⬇️連結瀏覽官網、填表"
trown003,古廷宇,5點的出境大廳人還真多,2026-01-31 05:19,
gege9365,格格,"好可愛好寫實的蔡英文…
愛了..愛了..❤️",2026-02-01 20:51,我是基督徒..單純交友不涉及色情和任何投資理財相關事宜😊
gege9365,格格,"週一症候群..
不得不誇..唱得真好😊",2026-01-31 22:54,我是基督徒..單純交友不涉及色情和任何投資理財相關事宜😊
gege9365,格格,"齁齁齁…
很壞耶..怎麼給我看到這個
台版 聊齋蘭若寺🤭🤭🤭",2026-01-31 22:49,我是基督徒..單純交友不涉及色情和任何投資理財相關事宜😊
gege9365,格格,"中國駐澳大使嗆！不喜歡統一可以離開？？這是在說三小..
這位歐吉桑..
不喜歡中國千萬別來台灣啊⋯",2026-01-31 22:33,我是基督徒..單純交友不涉及色情和任何投資理財相關事宜😊
gege9365,格格,"很符合黃嫌的喬段..
那眼神…絕了🤭",2026-01-31 22:29,我是基督徒..單純交友不涉及色情和任何投資理財相關事宜😊
gege9365,格格,整理聽完就是犯罪集團努力包庇同夥的故事,2026-01-31 08:22,我是基督徒..單純交友不涉及色情和任何投資理財相關事宜😊
gege9365,格格,"這女童好上戲喔！
看這看著笑個不停🤣🤣🤣",2026-01-25 07:47,我是基督徒..單純交友不涉及色情和任何投資理財相關事宜😊
gege9365,格格,"國語罵人不帶髒字…讚爆了
很認真聽…結果不小心噗哧了～親你妹🤭",2026-01-25 07:20,我是基督徒..單純交友不涉及色情和任何投資理財相關事宜😊
gege9365,格格,"好加在這是中國人拍的影片， 
否則又會被舔共親中的人說是 Ai 做假",2026-01-25 07:08,我是基督徒..單純交友不涉及色情和任何投資理財相關事宜😊
gege9365,格格,"分享 …滿好聽😊
于朦胧和泰國硬糖少女合唱的=》相遇太美丽",2026-01-24 23:25,我是基督徒..單純交友不涉及色情和任何投資理財相關事宜😊
gege9365,格格,"跟風一下..嘿嘿嘿嘿嘿😃
老祖宗 保佑我
明天發票讓我中大獎
老祖宗 保佑我
30號尾牙中大獎",2026-01-24 21:13,我是基督徒..單純交友不涉及色情和任何投資理財相關事宜😊
gege9365,格格,靠唄..這劇柯南來也無解,2026-01-24 17:31,我是基督徒..單純交友不涉及色情和任何投資理財相關事宜😊
ftvnews,民視新聞,專案小組連夜追查，今日凌晨2時50分許，循線在林男位於北區的住處，成功將他查獲到案。全案訊後依恐嚇公眾罪及傷害罪等，移送台中地檢署偵辦。,2026-02-05 19:57,台灣的眼睛 👀 陪你輕鬆看新聞
ftvnews,民視新聞,國民黨立委徐巧芯的大姑劉向婕，因為涉入詐騙集團洗錢案件，一審重判10年，昨天（3日）開庭後，她的丈夫杜秉澄，出面指控徐巧芯,2026-02-05 19:55,台灣的眼睛 👀 陪你輕鬆看新聞
ftvnews,民視新聞,主辦單位維安升級，對cosplay裝扮，禁止戴防毒面具、過度擬真刀槍入場。,2026-02-05 19:53,台灣的眼睛 👀 陪你輕鬆看新聞
ftvnews,民視新聞,純金打造，重達180公斤的「九龍如意」，六年前價值三億元，現在金價飆漲，市價飆破九億元。,2026-02-05 19:51,台灣的眼睛 👀 陪你輕鬆看新聞
ftvnews,民視新聞,她打拼25年「領嘸退休金」，血汗工場「拒給72萬」下場曝。,2026-02-05 19:49,台灣的眼睛 👀 陪你輕鬆看新聞
ftvnews,民視新聞,年終獎金被許多上班族視為1年辛勞的回饋，近日有不少民眾等到年終獎金入帳，部分人卻發現被「預扣稅款」，感到不解。,2026-02-05 19:48,台灣的眼睛 👀 陪你輕鬆看新聞
ftvnews,民視新聞,一名女網友日前在Threads發文，分享在鼎泰豐用餐時的特殊發現。她注意到服務人員胸前別著3個不同國家的國旗胸針，經詢問後才得知，這些胸針代表該員工已通過公司內部語言能力認證，具備多國語言溝通能力。ㄒ,2026-02-05 19:45,台灣的眼睛 👀 陪你輕鬆看新聞
ftvnews,民視新聞,前中職球星、現清大副教授林琨瀚（右）　將於今年3月入主新竹市府擔任副市長,2026-02-05 19:41,台灣的眼睛 👀 陪你輕鬆看新聞
ftvnews,民視新聞,挑在這時侯？WHY？,2026-02-05 19:14,台灣的眼睛 👀 陪你輕鬆看新聞
ftvnews,民視新聞,陸委會副主委梁文傑今（5）天也向媒體表示，因為李確實仍擁有中國國籍，故無法確認，她若遭中方依法索要資料，是否真的有勇氣不提供。,2026-02-05 19:11,台灣的眼睛 👀 陪你輕鬆看新聞
ftvnews,民視新聞,中國籍身分的民眾黨立委李貞秀，國會報到時腳踩近4萬的名牌鞋相當顯眼，近期財產申報也曝光！,2026-02-05 19:10,台灣的眼睛 👀 陪你輕鬆看新聞
ftvnews,民視新聞,5日凌晨，高雄市區出現數量拖板車，疑似運送火山布雷系統。,2026-02-05 19:09,台灣的眼睛 👀 陪你輕鬆看新聞
ftvnews,民視新聞,資深主持人白冰冰今天帶領子弟兵舉辦尾牙，還大手筆發出百萬紅包犒賞同仁。子弟兵之一的蔡亞露，最近還跟董至成搭檔推出新專輯。,2026-02-05 19:09,台灣的眼睛 👀 陪你輕鬆看新聞
ftvnews,民視新聞,狐狸怎麼叫？,2026-02-05 19:07,台灣的眼睛 👀 陪你輕鬆看新聞
ftvnews,民視新聞,民視對此回應：現場已依安全規格加強設置海綿墊，惟落地後因反作用力彈出海綿墊範圍，造成臉部受傷。,2026-02-05 19:05,台灣的眼睛 👀 陪你輕鬆看新聞
ftvnews,民視新聞,這樣還有新歡？,2026-02-05 19:01,台灣的眼睛 👀 陪你輕鬆看新聞
ftvnews,民視新聞,涉偽造陳乃瑜罷免連署！羅明才2主任、綠前地方黨工「當庭認罪」　求獲緩刑,2026-02-05 15:09,台灣的眼睛 👀 陪你輕鬆看新聞
ftvnews,民視新聞,李貞秀先前脫口說出，「我的唯一國籍 中華人民共和國的國籍」,2026-02-05 15:08,台灣的眼睛 👀 陪你輕鬆看新聞
ftvnews,民視新聞,誰會隨身攜帶利器阿,2026-02-05 15:00,台灣的眼睛 👀 陪你輕鬆看新聞
ftvnews,民視新聞,笑死,2026-02-05 14:59,台灣的眼睛 👀 陪你輕鬆看新聞
ftvnews,民視新聞,唉......,2026-02-05 14:56,台灣的眼睛 👀 陪你輕鬆看新聞
ftvnews,民視新聞,恭喜升格為三寶媽~~,2026-02-05 14:54,台灣的眼睛 👀 陪你輕鬆看新聞
ftvnews,民視新聞,粉絲好失望......,2026-02-05 14:53,台灣的眼睛 👀 陪你輕鬆看新聞
ftvnews,民視新聞,適當給員工休息是好事😍,2026-02-05 14:52,台灣的眼睛 👀 陪你輕鬆看新聞
ftvnews,民視新聞,黃明志很敢,2026-02-05 14:50,台灣的眼睛 👀 陪你輕鬆看新聞
gege9365,格格,"生命影響生命
在中國卻是用生命換生命
沒錢判生死…",2026-01-30 23:45,我是基督徒..單純交友不涉及色情和任何投資理財相關事宜😊
gege9365,格格,帥翻了..台灣飛行女軍官,2026-01-30 15:05,我是基督徒..單純交友不涉及色情和任何投資理財相關事宜😊
gege9365,格格,"🤭🤭🤭館長需要你協助
「聽聞他至此只打過4個案子，這4個案子還都輸🤣🤣🤣🤣🤣🤣🤣🤣」",2026-01-30 15:04,我是基督徒..單純交友不涉及色情和任何投資理財相關事宜😊
gege9365,格格,"哈哈😂😂
這AI太逗了啦！笑到不行了🤣🤣",2026-01-30 07:48,我是基督徒..單純交友不涉及色情和任何投資理財相關事宜😊
gege9365,格格,"同理心相待～～
在中國是不能出現台灣的國旗，即便是媒體報導或景觀區…等等都不行。
那中國的五星旗當然也不能在台灣出現。",2026-01-30 07:45,我是基督徒..單純交友不涉及色情和任何投資理財相關事宜😊
gege9365,格格,"劉世芳回懟..
法律忠誠非SOP…
若任前沒有任何向中國申請除籍的程序證明，照樣無法上任🤭",2026-01-30 07:33,我是基督徒..單純交友不涉及色情和任何投資理財相關事宜😊
gege9365,格格,"美國攀岩高手Alex，徒手攀岩台灣地標「101大樓」..！
我邊看邊冒冷汗😅⋯⋯
太刺激了啦！！
謝謝賈永婕董事長行銷台灣🇹🇼",2026-01-25 13:41,我是基督徒..單純交友不涉及色情和任何投資理財相關事宜😊
juochunlin,郭俊麟,今天發贈600張,2026-02-05 21:01,歡迎大家來認識。善良。貼心。孝順。
juochunlin,郭俊麟,一疊 槍光了。小英總統的超可愛,2026-02-05 21:00,歡迎大家來認識。善良。貼心。孝順。
juochunlin,郭俊麟,炸湯圓。幸福圓圓圓。 準老公了。幸福啦。❤️❤️❤️❤️❤️❤️❤️❤️❤️❤️,2026-02-05 20:57,歡迎大家來認識。善良。貼心。孝順。
juochunlin,郭俊麟,拿了一疊回來發贈。600人搶一團,2026-02-05 20:56,歡迎大家來認識。善良。貼心。孝順。
juochunlin,郭俊麟,工作室內佈置。,2026-02-05 07:47,歡迎大家來認識。善良。貼心。孝順。
juochunlin,郭俊麟,唱著唱著就親了。麟董。❤️❤️❤️❤️❤️❤️❤️❤️❤️❤️❤️❤️❤️❤️,2026-02-05 07:43,歡迎大家來認識。善良。貼心。孝順。
juochunlin,郭俊麟,❤️❤️❤️❤️❤️❤️❤️❤️❤️❤️,2026-02-05 07:26,歡迎大家來認識。善良。貼心。孝順。
juochunlin,郭俊麟,哈哈。哈哈。第一次耶,2026-02-05 07:23,歡迎大家來認識。善良。貼心。孝順。
juochunlin,郭俊麟,感謝大家敬酒歐。男神俊麟也在隨桌按耐,2026-02-04 19:25,歡迎大家來認識。善良。貼心。孝順。
juochunlin,郭俊麟,踏腳步楷模。,2026-02-04 19:18,歡迎大家來認識。善良。貼心。孝順。
juochunlin,郭俊麟,明天晚上起馬宴,2026-02-04 19:14,歡迎大家來認識。善良。貼心。孝順。
juochunlin,郭俊麟,東滾是處理。搞怪鬼的。路上有遇到就會收起來。炸油鍋刑,2026-02-04 19:13,歡迎大家來認識。善良。貼心。孝順。
juochunlin,郭俊麟,操寶。乩。少年乩點。 武轎,2026-02-04 19:12,歡迎大家來認識。善良。貼心。孝順。
juochunlin,郭俊麟,週日回娘家。  駐駕凌霄寶殿。  金🐓將軍,2026-02-04 19:11,歡迎大家來認識。善良。貼心。孝順。
juochunlin,郭俊麟,明天友宮 友境起馬宴,2026-02-04 19:10,歡迎大家來認識。善良。貼心。孝順。
juochunlin,郭俊麟,少年乩,2026-02-04 17:49,歡迎大家來認識。善良。貼心。孝順。
juochunlin,郭俊麟,燒金。放炮。踏腳步,2026-02-04 17:49,歡迎大家來認識。善良。貼心。孝順。
juochunlin,郭俊麟,看武轎,2026-02-04 17:41,歡迎大家來認識。善良。貼心。孝順。
juochunlin,郭俊麟,發起來了,2026-02-04 17:39,歡迎大家來認識。善良。貼心。孝順。
juochunlin,郭俊麟,入牌樓,2026-02-04 17:38,歡迎大家來認識。善良。貼心。孝順。
juochunlin,郭俊麟,鑼鼓響,2026-02-04 17:37,歡迎大家來認識。善良。貼心。孝順。
juochunlin,郭俊麟,楷模遊街吉普車是1號,2026-02-04 17:35,歡迎大家來認識。善良。貼心。孝順。
juochunlin,郭俊麟,要發了乩。,2026-02-04 17:31,歡迎大家來認識。善良。貼心。孝順。
juochunlin,郭俊麟,等等接寶,2026-02-04 17:28,歡迎大家來認識。善良。貼心。孝順。
www66ace,樂派工作室（溫罐.指壓油壓）-特別護師-琪媛，請電聯,"30分鐘內出門，
平常的1、2、3步驟就結束了。
哪裡有能幫忙化出門的妝？
偶爾可以去！（很難學會）",2026-02-04 05:49,"肖牛、摩羯，特護，中部優先，北部南部都可配合。
另自營樂派工作室（艾草溫罐.油壓）"
www66ace,樂派工作室（溫罐.指壓油壓）-特別護師-琪媛，請電聯,"把一件事情做好，
認真思考如何可以更周全，
真誠、用心去做，
不要去多揣測別人的想法，
站在一個助人、安心、協助舒適的角度，
從事工作，
覺得有力量，所以我該睡了💤。",2026-02-03 23:53,"肖牛、摩羯，特護，中部優先，北部南部都可配合。
另自營樂派工作室（艾草溫罐.油壓）"
www66ace,樂派工作室（溫罐.指壓油壓）-特別護師-琪媛，請電聯,"與其抱怨，
不如體驗看看不同方向。
我真的不愛負面話語、嘆氣、無痛呻吟，
只有你自己想讓自己當怎樣的自己，
不能改變，就代表接受了，是吧？
走在路上，看到一地檳榔汁、一灘水，
你繞路，還是踩過、碎唸？
身心健康還是很重要的，
你倒了、你瘋了，
工作隨時有人替代你，
無法改變他人，只能改變自己的想法、作法、換環境，
轉念或離開那個環境，
「🧩在你還擁有健康」、「🧩還有選擇權的時候」，
好好吃一頓飯、睡覺、看電影展覽，
🧩平凡的日常本身就是一種幸福！
好好珍惜唯一的你自己。",2026-02-03 23:36,"肖牛、摩羯，特護，中部優先，北部南部都可配合。
另自營樂派工作室（艾草溫罐.油壓）"
www66ace,樂派工作室（溫罐.指壓油壓）-特別護師-琪媛，請電聯,"「奇岩左側開門」
鬧鐘響起的半小時內出門，
經過奇岩，發音像是我的名字。
(已仙逝的阿公阿嬤說台語，會叫我名字）",2026-02-03 07:09,"肖牛、摩羯，特護，中部優先，北部南部都可配合。
另自營樂派工作室（艾草溫罐.油壓）"
www66ace,樂派工作室（溫罐.指壓油壓）-特別護師-琪媛，請電聯,"勇氣，有很多種，
是……",2026-01-26 15:36,"肖牛、摩羯，特護，中部優先，北部南部都可配合。
另自營樂派工作室（艾草溫罐.油壓）"
www66ace,樂派工作室（溫罐.指壓油壓）-特別護師-琪媛，請電聯,facebook.com/share…,2026-01-26 14:36,"肖牛、摩羯，特護，中部優先，北部南部都可配合。
另自營樂派工作室（艾草溫罐.油壓）"
www66ace,樂派工作室（溫罐.指壓油壓）-特別護師-琪媛，請電聯,#星座命盤,2026-01-26 13:58,"肖牛、摩羯，特護，中部優先，北部南部都可配合。
另自營樂派工作室（艾草溫罐.油壓）"
www66ace,樂派工作室（溫罐.指壓油壓）-特別護師-琪媛，請電聯,太感人了吧！,2026-01-26 13:54,"肖牛、摩羯，特護，中部優先，北部南部都可配合。
另自營樂派工作室（艾草溫罐.油壓）"
www66ace,樂派工作室（溫罐.指壓油壓）-特別護師-琪媛，請電聯,星座命盤,2026-01-26 12:35,"肖牛、摩羯，特護，中部優先，北部南部都可配合。
另自營樂派工作室（艾草溫罐.油壓）"
www66ace,樂派工作室（溫罐.指壓油壓）-特別護師-琪媛，請電聯,"我們總是用眼睛看見的去批判，
卻忘了……",2026-01-26 12:25,"肖牛、摩羯，特護，中部優先，北部南部都可配合。
另自營樂派工作室（艾草溫罐.油壓）"
armauthipt8,張純惠,"太開心了🎉🎉🎉🎉🎉🎉
第三胎終於生了個男孩
婆婆很高興 獎勵了一筆
我跟老公也很開心 買了一些金豆送給大家(先到先得)
前100名按讚➕追蹤➕祝福 2克小金豆
說到做到 今年送最實在的禮物💝￼
做到的請直接私訊我脆",2026-02-04 11:42,走自己的路，做最好的自己
armauthipt8,張純惠,"太開心了🎉🎉🎉🎉🎉🎉
第三胎終於生了個男孩
婆婆很高興 獎勵了一筆
我跟老公也很開心 買了一些金豆送給大家(先到先得)
前100名按讚➕追蹤➕祝福 2克小金豆
說到做到 今年送最實在的禮物💝￼
做到的請直接私訊我脆",2026-02-04 02:20,走自己的路，做最好的自己
armauthipt8,張純惠,"太開心了🎉🎉🎉🎉🎉🎉
第三胎終於生了個男孩
婆婆很高興 獎勵了一筆
我跟老公也很開心 買了一些金豆送給大家(先到先得)
前100名按讚➕追蹤➕祝福 2克小金豆
說到做到 今年送最實在的禮物💝￼
做到的請直接私訊我脆",2026-02-03 20:46,走自己的路，做最好的自己
armauthipt8,張純惠,"太開心了🎉🎉🎉🎉🎉🎉
第三胎終於生了個男孩
婆婆很高興 獎勵了一筆
我跟老公也很開心 買了一些金豆送給大家(先到先得)
前100名按讚➕追蹤➕祝福 2克小金豆
說到做到 今年送最實在的禮物💝￼
做到的請直接私訊我脆",2026-02-02 23:52,走自己的路，做最好的自己
ftvnews,民視新聞,怎麼會有這種計程車司機...,2026-02-05 20:06,台灣的眼睛 👀 陪你輕鬆看新聞
ftvnews,民視新聞,2組外國遊客誤闖泰國傳統喪禮，並以為是美食廣場想點餐，喪家反應暖哭全網。,2026-02-05 20:00,台灣的眼睛 👀 陪你輕鬆看新聞
ftvnews,民視新聞,預期心理及氣候回暖影響，花市供貨量減１成採買要快！,2026-02-05 17:22,台灣的眼睛 👀 陪你輕鬆看新聞
ftvnews,民視新聞,王必勝這肌肉！！,2026-02-05 16:06,台灣的眼睛 👀 陪你輕鬆看新聞
ftvnews,民視新聞,彰化地方法院依《貪污治罪條例》，判處4名現役、退役軍士官 8年至13年不等有期徒刑。,2026-02-05 16:04,台灣的眼睛 👀 陪你輕鬆看新聞
ftvnews,民視新聞,請求班長以火力支援！,2026-02-05 16:03,台灣的眼睛 👀 陪你輕鬆看新聞
ftvnews,民視新聞,恭喜減肥有成！,2026-02-05 16:02,台灣的眼睛 👀 陪你輕鬆看新聞
ftvnews,民視新聞,一切都是為了防患於未然！,2026-02-05 16:02,台灣的眼睛 👀 陪你輕鬆看新聞
ftvnews,民視新聞,劉向婕今（5）下午出面道歉，並表示已郵寄離婚協議書給杜秉澄，但對方不簽，未來將訴請離婚。,2026-02-05 16:01,台灣的眼睛 👀 陪你輕鬆看新聞
ftvnews,民視新聞,蕭旭岑高喊「兩岸都是中國人」。,2026-02-05 15:55,台灣的眼睛 👀 陪你輕鬆看新聞
ftvnews,民視新聞,快過年了大家打算怎麼操作?,2026-02-05 13:48,台灣的眼睛 👀 陪你輕鬆看新聞
ftvnews,民視新聞,跨越生死的守護......,2026-02-05 13:47,台灣的眼睛 👀 陪你輕鬆看新聞
ftvnews,民視新聞,太難,2026-02-05 13:44,台灣的眼睛 👀 陪你輕鬆看新聞
ftvnews,民視新聞,這也太辛苦......,2026-02-05 13:43,台灣的眼睛 👀 陪你輕鬆看新聞
ftvnews,民視新聞,遇到這種事大家會如何反應,2026-02-05 13:42,台灣的眼睛 👀 陪你輕鬆看新聞
ftvnews,民視新聞,日巴混血「女神化身」進軍暗黑界　達人讚：話題性十足的出道！,2026-02-05 13:35,台灣的眼睛 👀 陪你輕鬆看新聞
stgo9058,李冠儀,這已經瘦到有點病態了,2026-02-05 17:53,"FB李冠儀line：lee32563256
👇遠端服務項目👇
元辰宮/前世回朔/阿卡西紀錄/亞特蘭提斯12脈輪療癒清理/觀落陰/萬物加持.淨化.協尋/自我和解/深層潛意識/各類陰牌處理/情緒釋放調理
【源界宙心】 屏東人
四處海巡。持續瘋癲"
stgo9058,李冠儀,"現場管理鬆散，職前訓練不足
等於時刻處於危險環境",2026-02-05 17:50,"FB李冠儀line：lee32563256
👇遠端服務項目👇
元辰宮/前世回朔/阿卡西紀錄/亞特蘭提斯12脈輪療癒清理/觀落陰/萬物加持.淨化.協尋/自我和解/深層潛意識/各類陰牌處理/情緒釋放調理
【源界宙心】 屏東人
四處海巡。持續瘋癲"
stgo9058,李冠儀,感恩所有在社會角落默默付出的人,2026-02-05 17:26,"FB李冠儀line：lee32563256
👇遠端服務項目👇
元辰宮/前世回朔/阿卡西紀錄/亞特蘭提斯12脈輪療癒清理/觀落陰/萬物加持.淨化.協尋/自我和解/深層潛意識/各類陰牌處理/情緒釋放調理
【源界宙心】 屏東人
四處海巡。持續瘋癲"
stgo9058,李冠儀,骨灰盆放路邊也是很chill,2026-02-05 17:24,"FB李冠儀line：lee32563256
👇遠端服務項目👇
元辰宮/前世回朔/阿卡西紀錄/亞特蘭提斯12脈輪療癒清理/觀落陰/萬物加持.淨化.協尋/自我和解/深層潛意識/各類陰牌處理/情緒釋放調理
【源界宙心】 屏東人
四處海巡。持續瘋癲"
stgo9058,李冠儀,我八千萬就能執行任務了,2026-02-05 17:19,"FB李冠儀line：lee32563256
👇遠端服務項目👇
元辰宮/前世回朔/阿卡西紀錄/亞特蘭提斯12脈輪療癒清理/觀落陰/萬物加持.淨化.協尋/自我和解/深層潛意識/各類陰牌處理/情緒釋放調理
【源界宙心】 屏東人
四處海巡。持續瘋癲"
stgo9058,李冠儀,某種程度上是需要「進食」的,2026-02-05 17:18,"FB李冠儀line：lee32563256
👇遠端服務項目👇
元辰宮/前世回朔/阿卡西紀錄/亞特蘭提斯12脈輪療癒清理/觀落陰/萬物加持.淨化.協尋/自我和解/深層潛意識/各類陰牌處理/情緒釋放調理
【源界宙心】 屏東人
四處海巡。持續瘋癲"
stgo9058,李冠儀,"唯一只有中國國籍
那你是怎麼來台灣的？",2026-02-03 13:22,"FB李冠儀line：lee32563256
👇遠端服務項目👇
元辰宮/前世回朔/阿卡西紀錄/亞特蘭提斯12脈輪療癒清理/觀落陰/萬物加持.淨化.協尋/自我和解/深層潛意識/各類陰牌處理/情緒釋放調理
【源界宙心】 屏東人
四處海巡。持續瘋癲"
stgo9058,李冠儀,從頭開始造人的成就感,2026-02-03 13:13,"FB李冠儀line：lee32563256
👇遠端服務項目👇
元辰宮/前世回朔/阿卡西紀錄/亞特蘭提斯12脈輪療癒清理/觀落陰/萬物加持.淨化.協尋/自我和解/深層潛意識/各類陰牌處理/情緒釋放調理
【源界宙心】 屏東人
四處海巡。持續瘋癲"
stgo9058,李冠儀,平常就看到煩了還被你拉來看😑,2026-02-03 13:08,"FB李冠儀line：lee32563256
👇遠端服務項目👇
元辰宮/前世回朔/阿卡西紀錄/亞特蘭提斯12脈輪療癒清理/觀落陰/萬物加持.淨化.協尋/自我和解/深層潛意識/各類陰牌處理/情緒釋放調理
【源界宙心】 屏東人
四處海巡。持續瘋癲"
stgo9058,李冠儀,可能要每隔兩小時表演一次,2026-02-03 12:51,"FB李冠儀line：lee32563256
👇遠端服務項目👇
元辰宮/前世回朔/阿卡西紀錄/亞特蘭提斯12脈輪療癒清理/觀落陰/萬物加持.淨化.協尋/自我和解/深層潛意識/各類陰牌處理/情緒釋放調理
【源界宙心】 屏東人
四處海巡。持續瘋癲"
stgo9058,李冠儀,然後法院洩漏被害者父親的個資,2026-02-03 12:49,"FB李冠儀line：lee32563256
👇遠端服務項目👇
元辰宮/前世回朔/阿卡西紀錄/亞特蘭提斯12脈輪療癒清理/觀落陰/萬物加持.淨化.協尋/自我和解/深層潛意識/各類陰牌處理/情緒釋放調理
【源界宙心】 屏東人
四處海巡。持續瘋癲"
stgo9058,李冠儀,我覺得好吃,2026-02-03 12:44,"FB李冠儀line：lee32563256
👇遠端服務項目👇
元辰宮/前世回朔/阿卡西紀錄/亞特蘭提斯12脈輪療癒清理/觀落陰/萬物加持.淨化.協尋/自我和解/深層潛意識/各類陰牌處理/情緒釋放調理
【源界宙心】 屏東人
四處海巡。持續瘋癲"
stgo9058,李冠儀,能進去的都是夢想家,2026-02-03 12:30,"FB李冠儀line：lee32563256
👇遠端服務項目👇
元辰宮/前世回朔/阿卡西紀錄/亞特蘭提斯12脈輪療癒清理/觀落陰/萬物加持.淨化.協尋/自我和解/深層潛意識/各類陰牌處理/情緒釋放調理
【源界宙心】 屏東人
四處海巡。持續瘋癲"
stgo9058,李冠儀,這是中了無限月讀,2026-02-02 01:25,"FB李冠儀line：lee32563256
👇遠端服務項目👇
元辰宮/前世回朔/阿卡西紀錄/亞特蘭提斯12脈輪療癒清理/觀落陰/萬物加持.淨化.協尋/自我和解/深層潛意識/各類陰牌處理/情緒釋放調理
【源界宙心】 屏東人
四處海巡。持續瘋癲"
stgo9058,李冠儀,越用力越好笑,2026-02-02 01:23,"FB李冠儀line：lee32563256
👇遠端服務項目👇
元辰宮/前世回朔/阿卡西紀錄/亞特蘭提斯12脈輪療癒清理/觀落陰/萬物加持.淨化.協尋/自我和解/深層潛意識/各類陰牌處理/情緒釋放調理
【源界宙心】 屏東人
四處海巡。持續瘋癲"
stgo9058,李冠儀,畢竟摔法師的機會不常有,2026-02-02 01:02,"FB李冠儀line：lee32563256
👇遠端服務項目👇
元辰宮/前世回朔/阿卡西紀錄/亞特蘭提斯12脈輪療癒清理/觀落陰/萬物加持.淨化.協尋/自我和解/深層潛意識/各類陰牌處理/情緒釋放調理
【源界宙心】 屏東人
四處海巡。持續瘋癲"
stgo9058,李冠儀,真相開始浮上檯面,2026-02-01 21:16,"FB李冠儀line：lee32563256
👇遠端服務項目👇
元辰宮/前世回朔/阿卡西紀錄/亞特蘭提斯12脈輪療癒清理/觀落陰/萬物加持.淨化.協尋/自我和解/深層潛意識/各類陰牌處理/情緒釋放調理
【源界宙心】 屏東人
四處海巡。持續瘋癲"
stgo9058,李冠儀,這應該不是AI,2026-02-01 21:15,"FB李冠儀line：lee32563256
👇遠端服務項目👇
元辰宮/前世回朔/阿卡西紀錄/亞特蘭提斯12脈輪療癒清理/觀落陰/萬物加持.淨化.協尋/自我和解/深層潛意識/各類陰牌處理/情緒釋放調理
【源界宙心】 屏東人
四處海巡。持續瘋癲"
stgo9058,李冠儀,地標建築大亂鬥？,2026-02-01 21:05,"FB李冠儀line：lee32563256
👇遠端服務項目👇
元辰宮/前世回朔/阿卡西紀錄/亞特蘭提斯12脈輪療癒清理/觀落陰/萬物加持.淨化.協尋/自我和解/深層潛意識/各類陰牌處理/情緒釋放調理
【源界宙心】 屏東人
四處海巡。持續瘋癲"
stgo9058,李冠儀,"常見的手法
都打點好沒意外的話
流程都會非常順利",2026-02-01 20:59,"FB李冠儀line：lee32563256
👇遠端服務項目👇
元辰宮/前世回朔/阿卡西紀錄/亞特蘭提斯12脈輪療癒清理/觀落陰/萬物加持.淨化.協尋/自我和解/深層潛意識/各類陰牌處理/情緒釋放調理
【源界宙心】 屏東人
四處海巡。持續瘋癲"
donna2732891,曾婷婷,"我和先生努力3胎 終於懷上男寶寶了 誰懂這個心情🥹
先生激動從他的店裡準備了80支iPhone 17 
要送給各位脆友 真實有效（已送出40個）
現按讚追從 不要💰一人一個
說到做到",2026-02-05 12:18,
donna2732891,曾婷婷,"我和先生努力3胎 終於懷上男寶寶了 誰懂這個心情🥹
先生激動從他的店裡準備了80支iPhone 17 
要送給各位脆友 真實有效（已送出40個）
現按讚追從 不要💰一人一個
說到做到",2026-02-05 09:28,
viviwaiter,viviwaiter,原來在便利商店吃泡麵的人還不少,2026-01-28 13:43,"不太♊️ 的♊️，I人。
平時溫良恭儉讓，偶爾也會小抓狂。
拾人牙慧：【君在我不識，我識君已逝。】"
viviwaiter,viviwaiter,因為血紅素比較低輸了血，發現除了不會爬二層樓就氣喘吁吁外也不會室溫25度還感到涼意了！,2026-01-28 09:09,"不太♊️ 的♊️，I人。
平時溫良恭儉讓，偶爾也會小抓狂。
拾人牙慧：【君在我不識，我識君已逝。】"
viviwaiter,viviwaiter,"今天發現我的血紅素也是6點多，
難怪近期爬樓梯感到比較容易喘😳
衛福部資訊【指標參考價值】
※一般說來，血紅素值偏低顯示可能有貧血、失血、紅血球量減少，或營養不良；血紅素值偏高，則顯示可能有紅血球增生症、脫水或肺部氣體交換不良等現象。
※一般成人男性血紅素正常值為13.0～17.0gm/dl，女性為12.0～16.0gm/dl。",2026-01-26 23:36,"不太♊️ 的♊️，I人。
平時溫良恭儉讓，偶爾也會小抓狂。
拾人牙慧：【君在我不識，我識君已逝。】"
viviwaiter,viviwaiter,"吃飯時隔壁桌的小朋友一直在桌下玩鬧打滾，
自得其樂超可愛的(地板應該被他的衣服擦得很乾淨)😆",2026-01-26 20:46,"不太♊️ 的♊️，I人。
平時溫良恭儉讓，偶爾也會小抓狂。
拾人牙慧：【君在我不識，我識君已逝。】"
viviwaiter,viviwaiter,有跟上車流,2026-01-26 17:45,"不太♊️ 的♊️，I人。
平時溫良恭儉讓，偶爾也會小抓狂。
拾人牙慧：【君在我不識，我識君已逝。】"
viviwaiter,viviwaiter,原來有的便利商店只提供水煮蛋,2026-01-26 14:42,"不太♊️ 的♊️，I人。
平時溫良恭儉讓，偶爾也會小抓狂。
拾人牙慧：【君在我不識，我識君已逝。】"
yung.tinggg_,yung.tinggg_,🙌🏾🩵,2026-02-05 13:13,"Creator | Entrepreneur | Muva ★🤍
PSALM 46:5 🦋
🎓 | Mentorship & Ebook ⤵︎"
yung.tinggg_,yung.tinggg_,AMEN 🙌🏾🩵,2026-02-05 12:53,"Creator | Entrepreneur | Muva ★🤍
PSALM 46:5 🦋
🎓 | Mentorship & Ebook ⤵︎"
2023rebellion,REBELLION（阿胖八👋,橘皮火車🚂確實很美🧡✨✨,2026-02-05 11:00,"八二年🦁
半人半鬼半神仙，半瘋半傻半癡癲；
都是紅塵過渡客，何苦為難每一天。
🌱Wish all of you have a great lifetime🍀
🌱善良和同理心才能改變這個世界🍀TPP
🌷嚮往美好、向陽而生✨"
2023rebellion,REBELLION（阿胖八👋,那些讀懂狗狗所求的消防員真了不起🧡🧧,2026-02-05 09:09,"八二年🦁
半人半鬼半神仙，半瘋半傻半癡癲；
都是紅塵過渡客，何苦為難每一天。
🌱Wish all of you have a great lifetime🍀
🌱善良和同理心才能改變這個世界🍀TPP
🌷嚮往美好、向陽而生✨"
2023rebellion,REBELLION（阿胖八👋,好像真的如此哦🙏🥹,2026-02-05 08:47,"八二年🦁
半人半鬼半神仙，半瘋半傻半癡癲；
都是紅塵過渡客，何苦為難每一天。
🌱Wish all of you have a great lifetime🍀
🌱善良和同理心才能改變這個世界🍀TPP
🌷嚮往美好、向陽而生✨"
2023rebellion,REBELLION（阿胖八👋,"我就想活在自己的節奏裡🧡
（A captivating free spirit🌷",2026-02-05 07:44,"八二年🦁
半人半鬼半神仙，半瘋半傻半癡癲；
都是紅塵過渡客，何苦為難每一天。
🌱Wish all of you have a great lifetime🍀
🌱善良和同理心才能改變這個世界🍀TPP
🌷嚮往美好、向陽而生✨"
2023rebellion,REBELLION（阿胖八👋,臺中、北屯、敖早哦🧡矮肥巴滴🫶,2026-02-05 07:20,"八二年🦁
半人半鬼半神仙，半瘋半傻半癡癲；
都是紅塵過渡客，何苦為難每一天。
🌱Wish all of you have a great lifetime🍀
🌱善良和同理心才能改變這個世界🍀TPP
🌷嚮往美好、向陽而生✨"
2023rebellion,REBELLION（阿胖八👋,🥹讓愛純粹🧡別變成奢侈品🧧🍀🌷🧡✨,2026-02-04 23:20,"八二年🦁
半人半鬼半神仙，半瘋半傻半癡癲；
都是紅塵過渡客，何苦為難每一天。
🌱Wish all of you have a great lifetime🍀
🌱善良和同理心才能改變這個世界🍀TPP
🌷嚮往美好、向陽而生✨"
2023rebellion,REBELLION（阿胖八👋,"我們品嚐的不是咖啡、是因果🎋
（畢竟咖啡因來自咖啡果☕️",2026-01-31 14:07,"八二年🦁
半人半鬼半神仙，半瘋半傻半癡癲；
都是紅塵過渡客，何苦為難每一天。
🌱Wish all of you have a great lifetime🍀
🌱善良和同理心才能改變這個世界🍀TPP
🌷嚮往美好、向陽而生✨"
2023rebellion,REBELLION（阿胖八👋,sweet 🧡,2026-01-31 13:54,"八二年🦁
半人半鬼半神仙，半瘋半傻半癡癲；
都是紅塵過渡客，何苦為難每一天。
🌱Wish all of you have a great lifetime🍀
🌱善良和同理心才能改變這個世界🍀TPP
🌷嚮往美好、向陽而生✨"
2023rebellion,REBELLION（阿胖八👋,Amazing place 🧡,2026-01-31 09:31,"八二年🦁
半人半鬼半神仙，半瘋半傻半癡癲；
都是紅塵過渡客，何苦為難每一天。
🌱Wish all of you have a great lifetime🍀
🌱善良和同理心才能改變這個世界🍀TPP
🌷嚮往美好、向陽而生✨"
2023rebellion,REBELLION（阿胖八👋,No.3,2026-01-31 09:29,"八二年🦁
半人半鬼半神仙，半瘋半傻半癡癲；
都是紅塵過渡客，何苦為難每一天。
🌱Wish all of you have a great lifetime🍀
🌱善良和同理心才能改變這個世界🍀TPP
🌷嚮往美好、向陽而生✨"
2023rebellion,REBELLION（阿胖八👋,"臺中、北屯、早安☀️🧡✨✨✨
#早安 #自然 #感恩 #祝福 #成長",2026-01-31 06:22,"八二年🦁
半人半鬼半神仙，半瘋半傻半癡癲；
都是紅塵過渡客，何苦為難每一天。
🌱Wish all of you have a great lifetime🍀
🌱善良和同理心才能改變這個世界🍀TPP
🌷嚮往美好、向陽而生✨"
2023rebellion,REBELLION（阿胖八👋,各位晚安⭐️,2026-01-30 23:01,"八二年🦁
半人半鬼半神仙，半瘋半傻半癡癲；
都是紅塵過渡客，何苦為難每一天。
🌱Wish all of you have a great lifetime🍀
🌱善良和同理心才能改變這個世界🍀TPP
🌷嚮往美好、向陽而生✨"
2023rebellion,REBELLION（阿胖八👋,月娘報到🌙準備入夜👋朋友🫰注意保暖🫶,2026-01-28 15:59,"八二年🦁
半人半鬼半神仙，半瘋半傻半癡癲；
都是紅塵過渡客，何苦為難每一天。
🌱Wish all of you have a great lifetime🍀
🌱善良和同理心才能改變這個世界🍀TPP
🌷嚮往美好、向陽而生✨"
2023rebellion,REBELLION（阿胖八👋,"臺中的回憶❤️‍🩹四十年前的光景了…
（當年的紅茶街現在沒有商家要入主了🥹",2026-01-28 15:04,"八二年🦁
半人半鬼半神仙，半瘋半傻半癡癲；
都是紅塵過渡客，何苦為難每一天。
🌱Wish all of you have a great lifetime🍀
🌱善良和同理心才能改變這個世界🍀TPP
🌷嚮往美好、向陽而生✨"
2023rebellion,REBELLION（阿胖八👋,🐈咪：「謝謝你們救助我」🙏,2026-01-28 12:15,"八二年🦁
半人半鬼半神仙，半瘋半傻半癡癲；
都是紅塵過渡客，何苦為難每一天。
🌱Wish all of you have a great lifetime🍀
🌱善良和同理心才能改變這個世界🍀TPP
🌷嚮往美好、向陽而生✨"
2023rebellion,REBELLION（阿胖八👋,"臺中、北屯、午安👋
（生活不易、但願陽光溫暖你心🧡",2026-01-28 12:05,"八二年🦁
半人半鬼半神仙，半瘋半傻半癡癲；
都是紅塵過渡客，何苦為難每一天。
🌱Wish all of you have a great lifetime🍀
🌱善良和同理心才能改變這個世界🍀TPP
🌷嚮往美好、向陽而生✨"
2023rebellion,REBELLION（阿胖八👋,"嘿👋別放棄❣️你知道這世界是如何運作的
（所有的大小事都需要自己去爭取的
據理力爭是為了尊嚴☀️不單單只是衝動..",2026-01-28 11:53,"八二年🦁
半人半鬼半神仙，半瘋半傻半癡癲；
都是紅塵過渡客，何苦為難每一天。
🌱Wish all of you have a great lifetime🍀
🌱善良和同理心才能改變這個世界🍀TPP
🌷嚮往美好、向陽而生✨"
ftvnews,民視新聞,根據最新兵棋推演結果，若在美國「缺席」的情況下，俄軍恐怕只需1.5萬兵力就能在短時間內突穿北約東部防線，且威脅發生的時機正在不斷提前。,2026-02-05 20:12,台灣的眼睛 👀 陪你輕鬆看新聞
ftvnews,民視新聞,政治評論員周偉航今（5）日則秀出與美國國父們之一的華盛頓AI合照。,2026-02-05 20:11,台灣的眼睛 👀 陪你輕鬆看新聞
ftvnews,民視新聞,前網球好手詹詠然今年1月底在澳網正式宣布退休，今日（2月5日）她首度以「作家」身分出席台北國際書展，親自針對退休後的種種聲浪做出回應。,2026-02-05 20:10,台灣的眼睛 👀 陪你輕鬆看新聞
ftvnews,民視新聞,自己的罐罐自己賺！,2026-02-05 20:07,台灣的眼睛 👀 陪你輕鬆看新聞
ftvnews,民視新聞,縣長許淑華態度仍維持強硬。行政院發言人李慧芝也在今日對此事表態。,2026-02-05 20:06,台灣的眼睛 👀 陪你輕鬆看新聞
ftvnews,民視新聞,台南市新市區一間非法越式KTV遭人檢舉開毒品轟趴，檢警經過多日蒐證，持搜索票及拘票前往查緝。,2026-02-05 17:30,台灣的眼睛 👀 陪你輕鬆看新聞
ftvnews,民視新聞,易桀齊闊別歌壇五年後回歸，宣布大型音樂計畫,2026-02-05 17:30,台灣的眼睛 👀 陪你輕鬆看新聞
ftvnews,民視新聞,感覺今年過年這家人會風雨不斷...,2026-02-05 17:28,台灣的眼睛 👀 陪你輕鬆看新聞
ftvnews,民視新聞,大家覺得有外星人嗎？,2026-02-05 15:39,台灣的眼睛 👀 陪你輕鬆看新聞
ftvnews,民視新聞,NBA今天（5日）有不少交易，除了獨行俠將當家中鋒戴維斯（Anthony Davis）交易至巫師外，從去年就一直不斷有交易傳聞的金州勇士（Warriors）球員庫明加（Jonathan Kuminga）今天也被母隊交易，與希爾德（Buddy Hield）一起打包，跟亞特蘭大老鷹（Hawks）交易傷病不斷的明星中鋒波辛基斯（Kristaps Porzingis）。,2026-02-05 15:37,台灣的眼睛 👀 陪你輕鬆看新聞
ftvnews,民視新聞,FBI警告都是真的...,2026-02-05 15:35,台灣的眼睛 👀 陪你輕鬆看新聞
ftvnews,民視新聞,怎麼大家都有槍？,2026-02-05 15:32,台灣的眼睛 👀 陪你輕鬆看新聞
ftvnews,民視新聞,大家都很想念大S呢......,2026-02-05 15:31,台灣的眼睛 👀 陪你輕鬆看新聞
ftvnews,民視新聞,15度......,2026-02-05 15:29,台灣的眼睛 👀 陪你輕鬆看新聞
ftvnews,民視新聞,2月星象為事業增添助力，不論是否上榜，都適合把握時機全力衝刺。,2026-02-05 15:28,台灣的眼睛 👀 陪你輕鬆看新聞
s.independence_way,Eric Shih,"我不會放棄政治和選舉！！
杉田美緒，正在競選大阪府
第五區議員。
感謝大家的支持。
讓日本保持原樣！ 🇯🇵
圖片及內文取自於
@yoshinorioishiofficial
@yoshinorioishiofficial",2026-02-04 07:09,"As a nation, it is extremely important to clearly express its position! Why should we care about the opinions of other countries?
我的國家是台灣   🫰🫰🫰🫰"
s.independence_way,Eric Shih,"高市早苗：我們成功地從日本最東邊
的南鳥島附近專屬經濟區海底打撈出
了稀土泥。
這項試驗標誌著日本首次嘗試將國產
稀土產業化，也是世界首次嘗試從約
6,000公尺深的海底打撈泥土。
圖片及內文取自於
@yang_yang_op
@yang_yang_op",2026-02-04 07:02,"As a nation, it is extremely important to clearly express its position! Why should we care about the opinions of other countries?
我的國家是台灣   🫰🫰🫰🫰"
s.independence_way,Eric Shih,"2/4  自由時報
美參院軍委主席：台灣在野黨令人失望！
蘇利文重批：「國民黨🇨🇳🐈在玩火 」。",2026-02-04 06:57,"As a nation, it is extremely important to clearly express its position! Why should we care about the opinions of other countries?
我的國家是台灣   🫰🫰🫰🫰"
s.independence_way,Eric Shih,"2/8前，會不斷地為高市早苗所屬的
自民黨加油！
高市首相的成功，就是「反中路線 」
的成功！「反中路線 」的成功，對
台灣年底九合一選舉，一定會有激勵
作用的。
高市首相加油！",2026-02-03 23:40,"As a nation, it is extremely important to clearly express its position! Why should we care about the opinions of other countries?
我的國家是台灣   🫰🫰🫰🫰"
s.independence_way,Eric Shih,"謝謝農業部陳駿季部長！📣📣📣📣
守護了台灣優良的農地！
守護了手搖飲的家！
💪💪💪💪💪💪💪
圖片取自於
@fatfatfamily9487
@fatfatfamily9487",2026-02-03 21:03,"As a nation, it is extremely important to clearly express its position! Why should we care about the opinions of other countries?
我的國家是台灣   🫰🫰🫰🫰"
s.independence_way,Eric Shih,"高市首相比任何人都熱愛日本，是一位
肩負著子孫後代重任的「堅定不移的救
世主」！
她對國家治理的細緻入微和捍衛國家利
益的鋼鐵意志，正是日本此刻最需要的
光芒。她說的每一句話都包含著守護我
們生命和尊嚴的真誠決心。
如今，高市首相是我們唯一可以託付給
這個國家的人。我希望看到日本在一個
長期穩定的政府領導下，再次成為世界
中心的一顆璀璨明珠。
我們希望與一位能讓我們的選票成為驕
傲的來源、對未來穩健投資的領導者攜
手邁入新時代。高市首相的長期執政，
將是我們能給予子孫後代最珍貴的禮物
。
影片及內文取自於
@engcom55
@engcom55",2026-02-03 12:55,"As a nation, it is extremely important to clearly express its position! Why should we care about the opinions of other countries?
我的國家是台灣   🫰🫰🫰🫰"
s.independence_way,Eric Shih,"高市早苗首相的旋風，甚至在台灣
新聞上都有報導了！😆✨
（奇怪的是，我居然能從字幕裡大
致聽懂他們在說什麼。……😂）
感謝台灣人民，一直以來對於首相
高市早苗的支持！🫶🏻🇹🇼✨
影片內文取自於
@_sanae_love
@_sanae_love",2026-02-03 12:43,"As a nation, it is extremely important to clearly express its position! Why should we care about the opinions of other countries?
我的國家是台灣   🫰🫰🫰🫰"
s.independence_way,Eric Shih,"在2/8前，我的目光都會一直在
這兩位身上！📣📣📣📣📣📣📣
高市早苗首相！😍😍😍
小野田紀美大臣！ 🥰💕
✨✨✨✨✨✨✨✨✨✨✨✨✨
小野田紀美大臣！支持長澤康介。
讓我們一起加油！感謝大家的到來
。這是一場，我們絕對不能輸的戰
鬥！🔥🔥🔥
內文及影片取自於
@ochame_akichin
@ochame_akichin",2026-01-31 23:08,"As a nation, it is extremely important to clearly express its position! Why should we care about the opinions of other countries?
我的國家是台灣   🫰🫰🫰🫰"
s.independence_way,Eric Shih,"非常樂見高市早苗首相，在日本
的活躍！也讓我懷念起我們台灣
的蔡英文前總統；更期待著未來
的蕭美琴和鄭麗君。
當然，這段期間也希望賴清德總
統能夠挺住、也必須挺住！才有
期待的未來。
我們也會一起堅持，當威廉的後
盾。永遠守護台灣！票票民進黨
，台灣加油！",2026-01-31 22:31,"As a nation, it is extremely important to clearly express its position! Why should we care about the opinions of other countries?
我的國家是台灣   🫰🫰🫰🫰"
taiwanyahoonews,Yahoo新聞,"專家提醒，周五晚間起將有鋒面通過，隨後有強冷空氣南下，預估全台氣溫將顯著下降，務必提前做好防寒準備。
變天",2026-02-04 17:00,"-詳細新聞內容-
點擊連結內圖片立刻看👇🏻"
taiwanyahoonews,Yahoo新聞,節目內容首度轉述大S 生前搶救的細節，透露她是在旅途中感到身體不適，表達希望返台休息與治療，只是沒想到意外來得這麼突然⋯⋯,2026-02-04 16:00,"-詳細新聞內容-
點擊連結內圖片立刻看👇🏻"
taiwanyahoonews,Yahoo新聞,南韓演員金宣虎 近期捲入逃稅風波，今天透過所屬經紀公司發表道歉聲明，解釋當初成立一人公司並非刻意逃稅，也表示已補繳對應個人所得稅。,2026-02-04 15:00,"-詳細新聞內容-
點擊連結內圖片立刻看👇🏻"
taiwanyahoonews,Yahoo新聞,多年好友升級成戀人？王心凌 公司稱「沒有回應」。,2026-02-04 13:00,"-詳細新聞內容-
點擊連結內圖片立刻看👇🏻"
taiwanyahoonews,Yahoo新聞,"今清晨本島縣市平地最低溫出現在苗栗縣公館鄉
天氣",2026-02-03 08:05,"-詳細新聞內容-
點擊連結內圖片立刻看👇🏻"
taiwanyahoonews,Yahoo新聞,"大S 已經離開一年了⋯⋯
藝人徐熙媛一生敢愛敢恨，也留下許多發人省思的金句，有沒有哪一句，讓你特別有共鳴呢？",2026-02-02 22:00,"-詳細新聞內容-
點擊連結內圖片立刻看👇🏻"
taiwanyahoonews,Yahoo新聞,"你期待台灣的機場有療癒犬嗎？
墨西哥費利佩・安赫萊斯國際機場一群特別的「同事」正在上班，牠們和領犬員一起穿梭航廈各個角落，從候機室到登機區陪伴旅客度過緊張時刻，成了旅途中最溫柔的停靠點。
療癒犬",2026-02-02 20:30,"-詳細新聞內容-
點擊連結內圖片立刻看👇🏻"
taiwanyahoonews,Yahoo新聞,救護員周厚誠、吳玠澤當時立即CPR 與電擊，成功將Jason從鬼門關前救回，且未留下任何腦部損傷，連美國醫師都驚歎是奇蹟。,2026-01-30 20:00,"-詳細新聞內容-
點擊連結內圖片立刻看👇🏻"
s.independence_way,Eric Shih,"高市首相與高中生的問答！！！
環節非常精彩！我希望政治，
能朝著更美好的未來邁進！
影片及內文取自於
@cakerita1030
@cakerita1030",2026-02-06 08:25,"As a nation, it is extremely important to clearly express its position! Why should we care about the opinions of other countries?
我的國家是台灣   🫰🫰🫰🫰"
s.independence_way,Eric Shih,"2/8前，還是會不斷地為高市早苗所
屬的自民黨加油！
高市首相的成功，就是「反中路線 」
的成功！「反中路線 」的成功，對
台灣年底九合一選舉，一定會有激勵
作用的。
高市首相加油！",2026-02-04 07:19,"As a nation, it is extremely important to clearly express its position! Why should we care about the opinions of other countries?
我的國家是台灣   🫰🫰🫰🫰"
s.independence_way,Eric Shih,"信念、意志、勇氣、愛，集一身❗❗
投機的政客是人潮在哪裡？就往
那裡去。有魅力的政治家則會像
高市首相一樣，走到哪裡，人潮
就往她那裡去！ 🇯🇵👍
🤝🤝🤝🙏🙏🙏🫰🫰🫰",2026-01-30 22:42,"As a nation, it is extremely important to clearly express its position! Why should we care about the opinions of other countries?
我的國家是台灣   🫰🫰🫰🫰"
s.independence_way,Eric Shih,"高市首相領導的自民黨，正式開啟
關鍵的選舉競選活動。
小野田大臣：「讓我們一起加油！」
❤️❤️❤️
我們對這兩位日本偉大的女性，感
到驕傲、並寄予厚望。👍👍👍👍
影片取自於 @manbuzz5",2026-01-27 11:53,"As a nation, it is extremely important to clearly express its position! Why should we care about the opinions of other countries?
我的國家是台灣   🫰🫰🫰🫰"
s.independence_way,Eric Shih,"如果自民黨和日本革新黨，在即將
到來的選舉中未能獲得聯合多數席
位，高市內閣將立即解散。
高市首相必須辭職！並不想看到這
種情況發生？
還有三個月的時間，一切才剛開始。
片山大臣正試圖對財務省進行重大
改革，進次郎大臣也剛覺醒。
高市首相正試圖進軍先前未曾涉足
的領域。多數人絕對希望她能贏！
希望她能以壓倒性優勢獲勝！",2026-01-27 08:09,"As a nation, it is extremely important to clearly express its position! Why should we care about the opinions of other countries?
我的國家是台灣   🫰🫰🫰🫰"
s.independence_way,Eric Shih,"賈董沒有要選舉！請不要再傳了。📣📣📣
等到她「回心轉意」時，
🤝🤝🤝🙏🙏🙏🫰🫰🫰
我們再來傳！
🤣🤣🤣🤣🤣
圖片取自於
@eileen.ginsui
@eileen.ginsui",2026-01-27 07:15,"As a nation, it is extremely important to clearly express its position! Why should we care about the opinions of other countries?
我的國家是台灣   🫰🫰🫰🫰"
s.independence_way,Eric Shih,"就算賈永婕是藍的，也沒有關係？
威廉有說過：「就算不同黨，也要
同一國 」！
賈董愛台灣！沒錯，是同一國的。",2026-01-27 00:47,"As a nation, it is extremely important to clearly express its position! Why should we care about the opinions of other countries?
我的國家是台灣   🫰🫰🫰🫰"
s.independence_way,Eric Shih,"只有賈董，令人印象深刻！
前5任，真的沒存在感耶。
圖片取自於
@anorak74331
@anorak74331",2026-01-27 00:32,"As a nation, it is extremely important to clearly express its position! Why should we care about the opinions of other countries?
我的國家是台灣   🫰🫰🫰🫰"
s.independence_way,Eric Shih,"高市首相致詞：為了建立一個人們
可以懷抱夢想工作的國家！
讓日本🇯🇵成為一個強大繁榮的群島！
與您攜手，自民黨！
影片取自於 @manbuzz5",2026-01-26 22:20,"As a nation, it is extremely important to clearly express its position! Why should we care about the opinions of other countries?
我的國家是台灣   🫰🫰🫰🫰"
lion.8888__,lion🦁,"為什麼會反覆被官方鎖，
有人也這樣的嗎？",2026-02-04 07:54,"我就想講講話
_
現在想說啥就說啥，
我要一直說，
走一個真性情__"
lion.8888__,lion🦁,"5：33有人是醒的嗎？
我又起的比鬧鐘早了",2026-02-04 05:34,"我就想講講話
_
現在想說啥就說啥，
我要一直說，
走一個真性情__"
lion.8888__,lion🦁,如果可以拜託了,2026-02-03 23:42,"我就想講講話
_
現在想說啥就說啥，
我要一直說，
走一個真性情__"
lion.8888__,lion🦁,"中午睡了個覺做了個夢但它好真實，
夢到居然有人在我生日的那天準備驚喜，準備了一些從我小學時到現在的照片做成了個驚喜，讓我感到有被認真對待的感覺。
可能是因為沒被好好對待過
所以更渴望被認真對待吧～",2026-02-03 17:49,"我就想講講話
_
現在想說啥就說啥，
我要一直說，
走一個真性情__"
lion.8888__,lion🦁,"為了之後新的人著想，
這一時半會打死不碰感情，
我不能把對前任的感情轉移到她身上，這對她並不公平，她並不是任何人的替代品",2026-02-03 15:39,"我就想講講話
_
現在想說啥就說啥，
我要一直說，
走一個真性情__"
lion.8888__,lion🦁,"感情裡你愛他沒用
要他也愛你才有用",2026-02-03 15:04,"我就想講講話
_
現在想說啥就說啥，
我要一直說，
走一個真性情__"
lion.8888__,lion🦁,"這種問題小時候不僅一次問過自己
死了真的會有人記得我嗎？",2026-02-03 14:23,"我就想講講話
_
現在想說啥就說啥，
我要一直說，
走一個真性情__"
lion.8888__,lion🦁,果然還是跟我想的一樣,2026-02-03 14:08,"我就想講講話
_
現在想說啥就說啥，
我要一直說，
走一個真性情__"
lion.8888__,lion🦁,我對妳來說真的這麼糟糕嗎,2026-02-03 06:52,"我就想講講話
_
現在想說啥就說啥，
我要一直說，
走一個真性情__"
lion.8888__,lion🦁,"不是說 妳不能喜歡他，
是說 他如果就沒那個心要喜歡妳，
妳真的可以不要這麼執著。
我也不是看妳喜歡別人所以在不爽，
我不爽是 他讓妳傷心難過，
妳為了他整天時刻盯著手機，
深怕錯過他的消息，
而他跟新的人在那相談甚歡，
放妳一個人在這。
對！我承認，我沒什麼好不承認的，
是  我一直放不下妳，我就是會在乎妳，看妳難過我就跟著難過，也時常替你在生氣，氣他怎麼不能好好珍惜妳。
但起碼我可以直面我的心意",2026-02-03 06:07,"我就想講講話
_
現在想說啥就說啥，
我要一直說，
走一個真性情__"
lion.8888__,lion🦁,怎麼就感覺不出來人家到底在不在意妳呢？,2026-02-03 00:03,"我就想講講話
_
現在想說啥就說啥，
我要一直說，
走一個真性情__"
lion.8888__,lion🦁,"如果你覺得我是想看你笑話的話
那你真的想多了
想看你笑話我還抱不平幹嘛
不覺得多此一舉嗎？
好了，你別太難過了，
要好好吃飯好好生活。",2026-01-30 14:26,"我就想講講話
_
現在想說啥就說啥，
我要一直說，
走一個真性情__"
lion.8888__,lion🦁,"本來以為我已經忘記妳的名字跟樣子了
因為之前根本沒什麼機會叫到
結果等個紅燈 妳的名字跟樣子都能從我腦海中浮現__
一個多月了
從一開始的痛哭流涕
到現在的表面毫無波瀾
我想再不久的將來
我就可以從妳那 拿回我的心了……
❤️‍🩹",2026-01-30 12:27,"我就想講講話
_
現在想說啥就說啥，
我要一直說，
走一個真性情__"
lion.8888__,lion🦁,"有時候覺得愛情是最沒屁用的東西
上一秒還說愛  下一秒就能轉身離開",2026-01-30 10:46,"我就想講講話
_
現在想說啥就說啥，
我要一直說，
走一個真性情__"
lion.8888__,lion🦁,"如果我是你權衡後
覺得比較適合的人選
拜託滾遠一點 
我不做別人的第二選擇_",2026-01-30 08:20,"我就想講講話
_
現在想說啥就說啥，
我要一直說，
走一個真性情__"
lion.8888__,lion🦁,"如果不能被堅定選擇
那就別想接近我半分
__",2026-01-30 08:16,"我就想講講話
_
現在想說啥就說啥，
我要一直說，
走一個真性情__"
lion.8888__,lion🦁,"在關係裡我總是在開導別人
但哪天我需要被開導的時候
我又把自己心門上鎖自己內耗",2026-01-30 07:56,"我就想講講話
_
現在想說啥就說啥，
我要一直說，
走一個真性情__"
lion.8888__,lion🦁,"感情經驗不多只有一顆誠摯的心
所以不要來傷害我",2026-01-30 07:49,"我就想講講話
_
現在想說啥就說啥，
我要一直說，
走一個真性情__"
lion.8888__,lion🦁,"如果沒興趣可以不要隨便招惹我嗎？
你的過分關心讓我有一種被愛的錯覺",2026-01-30 07:47,"我就想講講話
_
現在想說啥就說啥，
我要一直說，
走一個真性情__"
lion.8888__,lion🦁,"有時真的不懂 
你為什麼會暈成這樣欸__",2026-01-29 23:28,"我就想講講話
_
現在想說啥就說啥，
我要一直說，
走一個真性情__"
lion.8888__,lion🦁,你不是沒人關心 是你希望的那個人沒關心你而已,2026-01-29 23:25,"我就想講講話
_
現在想說啥就說啥，
我要一直說，
走一個真性情__"
lion.8888__,lion🦁,"喜歡還不告白，想啥啊～
如果對方也喜歡你那就沒事，
如果對方不喜歡那就沒你的事，
除非你本來就打算當朋友給予幫助看他幸福，不然不要說什麼默默守護把愛藏心底，講的自己多大愛似的",2026-01-29 17:11,"我就想講講話
_
現在想說啥就說啥，
我要一直說，
走一個真性情__"
lion.8888__,lion🦁,"講到 掛睡 來聊聊，
你們都會找誰掛睡好了？
我先來 
女朋友 或是 有點好感的曖昧對象
其餘不會。
如果是沒好感的陌生人，
讓對方看著睡覺也太害羞尷尬了，
我不行，這跟我在公園睡覺旁邊一堆人看我一樣尷尬",2026-01-29 17:00,"我就想講講話
_
現在想說啥就說啥，
我要一直說，
走一個真性情__"
lion.8888__,lion🦁,"我沒有很閒，我也有工作，
我也有自己的生活跟交友圈，
我是人我也會累，
但是比起我自己，
我更想陪伴在妳身邊，
所以我對妳有空，
即使相處時間短暫，
但只要看到妳我就覺得很滿足，
所有疲憊感在看到妳的那刻，
全部都消失不見了。",2026-01-28 12:41,"我就想講講話
_
現在想說啥就說啥，
我要一直說，
走一個真性情__"
lion.8888__,lion🦁,"如果你不珍惜可以還給我嗎？
她在我這是我的寶貝，
也許我做的可能不夠好，
但我萬般珍惜。",2026-01-28 09:52,"我就想講講話
_
現在想說啥就說啥，
我要一直說，
走一個真性情__"
lion.8888__,lion🦁,"如果有機會我希望妳回頭看看我，
看著那個深愛妳，還不肯離開的我。",2026-01-28 08:28,"我就想講講話
_
現在想說啥就說啥，
我要一直說，
走一個真性情__"
lion.8888__,lion🦁,"如果你談的對象是完全沒談過戀愛的
你會想跟他談嗎？
如果談了發現他什麼都不懂但他愛妳，
你會放棄他？
還是  當養成遊戲在玩 把他留在身邊慢慢養成起來",2026-01-28 08:12,"我就想講講話
_
現在想說啥就說啥，
我要一直說，
走一個真性情__"
lion.8888__,lion🦁,"本來以為我的悲傷五階段
已經來到最後一段
相對之前更平靜安穩了
結果就在一個moment
它又開始了",2026-01-28 08:05,"我就想講講話
_
現在想說啥就說啥，
我要一直說，
走一個真性情__"
lion.8888__,lion🦁,"愛能不能當飯吃 我不知道
但如果是被妳愛 我可以好好吃飯",2026-01-28 07:49,"我就想講講話
_
現在想說啥就說啥，
我要一直說，
走一個真性情__"
lion.8888__,lion🦁,"辦了個小號來靠背一下
大家都是成年人了，
什麼叫是我揪他去跟我朋友買保險，
是要害死他，他如果自己不想買只要不簽合約根本買不了，怎麼好意思說我，你直接把保險人員叫來家裡直接要他保叫他簽合約就不是害他，你自己不過也是想幫好友的老婆做業績，只會在那邊說 你幫他繳三年 他只要自己繳三年就可以領錢了，重點不是你有沒有幫忙繳的問題，是你從頭到尾都沒有問過當事人要不要保有沒有能力保的問題，直接把人叫來是怎樣",2026-01-27 23:32,"我就想講講話
_
現在想說啥就說啥，
我要一直說，
走一個真性情__"
kkohara2008,住日代表鄭惠文,"各位爸爸媽媽阿公阿媽們，以後你們的愛兒還是乖孫如果跌倒，不要再說「地板壞壞、我幫你打打」了，當心養出另一個柯文哲跟陳佩琪！
拜託拜託🙏",2026-01-28 18:12,無法用美色騙追蹤，只能靠背了。
kkohara2008,住日代表鄭惠文,"今天早上大家一起睡過頭。
我用一分半鐘的時間煎了玉子燒跟火腿片，洗+燙花椰菜🥦，然後把冰箱裏的馬鈴薯沙拉跟小蕃茄拿出來，五分鐘內幫摸摸裝了一個便當（擦汗）
杉木便當盒真的是我的救星。無論裝什麼菜看起來就是美味可口🥰",2026-01-28 09:28,無法用美色騙追蹤，只能靠背了。
kkohara2008,住日代表鄭惠文,"對於艾力克斯霍諾德這位世界知名的攀岩專家，在他爬上101之前，我完全沒有聽過、也不知道這個人。
前天第一次看到他跟太太在台北接受訪問的影片時，第一印象就是——天哪，他都幾歲了，眼神怎麼能夠像嬰幼兒那般清澈？笑容為什麼還可以那麼地無邪呢？
繼續看了十秒之後，突然，對他有一股說不出來的「熟悉感」。然後我忍不住傳訊息給朋友，我寫下：
「我覺得Alex是我們自閉症家族成員耶～不知道妳有沒有這種感覺？他看著人的時候，眼神是穿過對方，然後望向某個神秘之處，是我非常熟悉的表情🤭」
朋友告訴我，Disney+有Alex媽媽的訪談，媽媽曾提到Alex的爸爸應該是自閉症。看到他把收入的1/3捐出成立基金會，幫助落後地區的貧困民眾，真的讓我既感動又佩服。
雖然有點晚，但永遠不嫌遲。我這輩子都會是Alex最忠實的粉絲💕",2026-01-28 08:31,無法用美色騙追蹤，只能靠背了。
kkohara2008,住日代表鄭惠文,"除了在政壇展現鋼鐵般的意志，高市總理私底下其實是個徹頭徹尾的「阪神虎」死忠球迷。
根據她的先生山本拓過去在《週刊文春》的爆料，太太只要一坐到電視機前看阪神隊比賽，就會瞬間從優雅理性的議員模式切換到瘋狂球迷的「戰鬥模式」。
山本形容，平時理性的太太這時會判若兩人，對著螢幕用最道地的關西腔大喊：「笨蛋快打啊！」（打てやアホンダラ！）或是「給我上啊！」（いてまえ！），那股激昂的狠勁連身為先生的他都不敢隨意搭話。
我想敲碗看現役總理跑去宿敵巨人隊的親公司《讀賣新聞》本社大樓前，熱唱阪神隊歌《六甲之風》（六甲おろし）啦！",2026-01-27 21:08,無法用美色騙追蹤，只能靠背了。
kkohara2008,住日代表鄭惠文,"富士電視台的報導節目《It!》，昨天在直播節目開始前的空檔，捕捉到了高市早苗總理大臣最真實的一面。
當記者問到她的日常作息時，高市總理透露自己每天清晨 4 點 50 分就起床了。她笑著說，身為女性，早上的儀式感非常重要，第一件事絕對是先去泡個熱水澡。泡完澡後，她會一邊輕快地拍打化妝水和上底妝，為了呈現最好的上鏡狀態而努力打扮。
最讓觀眾會心一笑的，是記者問到她是否已經習慣了總理公邸的生活。沒想到高市總理完全沒有官場客套，直接秒回：「怎麼可能習慣嘛！」（慣れるわけないやん）。
這句話她是用非常道地的關西腔脫口而出。那種率直、大剌剌的語氣，就像跟隔壁鄰居大姊在聊天一樣，真的有夠可愛的。",2026-01-27 19:23,無法用美色騙追蹤，只能靠背了。
a_804294,永夜,不要讓貧窮限制了你的想像和見識😶,2026-01-30 04:47,"⭕綠共、中共退散✋ 青鳥滾蛋👎
沒有藍白紅綠、只有是非對錯⭕️
職人 攝影愛好者
個人防身用品裝備
防毒防疫面具 客製改裝
家防／CQB／射擊運動
喵星人の盟友"
a_804294,永夜,耐人尋味的一幅畫🤔,2026-01-30 02:41,"⭕綠共、中共退散✋ 青鳥滾蛋👎
沒有藍白紅綠、只有是非對錯⭕️
職人 攝影愛好者
個人防身用品裝備
防毒防疫面具 客製改裝
家防／CQB／射擊運動
喵星人の盟友"
a_804294,永夜,"青鳥的鳥邏輯
討厭民進党 = 喜歡共產黨
討厭民進党 = 中共同路人
討厭民進党 = 不愛台灣
討厭民進党 = 藍白紅
​討厭民進黨 = 被中共洗腦
討厭民進党 = 共諜
討厭民進党 = 第五縱隊
​討厭民進黨 = 破壞民主防線
​討厭民進黨 = 想看台灣變香港
討厭民進党 = 想看台灣變烏克蘭
​討厭民進黨 = 在地協力者
​討厭民進黨 = 反民主的威權擁護者
​討厭民進黨 = 眼中只有意識形態
討厭民進党 = 無視國際情勢
​討厭民進黨 = 配合中共對台認知作戰
​討厭民進黨 = 背棄本土價值
討厭民進党 = ...............(以下開放留言)",2026-01-28 22:19,"⭕綠共、中共退散✋ 青鳥滾蛋👎
沒有藍白紅綠、只有是非對錯⭕️
職人 攝影愛好者
個人防身用品裝備
防毒防疫面具 客製改裝
家防／CQB／射擊運動
喵星人の盟友"
a_804294,永夜,"傻鳥？
我就問～這是要檢舉幾點的？
文字獄？",2026-01-28 12:07,"⭕綠共、中共退散✋ 青鳥滾蛋👎
沒有藍白紅綠、只有是非對錯⭕️
職人 攝影愛好者
個人防身用品裝備
防毒防疫面具 客製改裝
家防／CQB／射擊運動
喵星人の盟友"
a_804294,永夜,不要亂了！,2026-01-28 00:00,"⭕綠共、中共退散✋ 青鳥滾蛋👎
沒有藍白紅綠、只有是非對錯⭕️
職人 攝影愛好者
個人防身用品裝備
防毒防疫面具 客製改裝
家防／CQB／射擊運動
喵星人の盟友"
y.p.su,Y.P.Su,"這裡有四個官方認證的IG帳號，你可以看這些IG內容猜出是誰的帳號嗎？
（先別點開）
提示一：有民進黨、國民黨、民眾黨、卡提諾狂新聞。
提示二：民進黨很好猜，唯一有美感且充滿正面能量。
提示三：民眾黨不難猜，畢竟黨就只是主席的伸展台。
提示四：國民黨的水準跟卡提諾差不多。",2026-01-27 23:32,"精神科醫師。一家都是辣台派，不愛台灣的退散！！
學生時期上過KP的課，但可能他講話極具催眠效果而完全沒有印象？不確定是忘記了、還是害怕想起來……
不只柯黑，還是柯光－－黑到發光。"
y.p.su,Y.P.Su,"商總理事長已經把醜話說在前面：「15%關稅繼續擋到美國翻臉，最後反作用力會到在野黨身上！公司都倒了我怎麼支持你？」
擋人財路如殺人父母。歡迎藍白繼續亂！😏",2026-01-27 22:01,"精神科醫師。一家都是辣台派，不愛台灣的退散！！
學生時期上過KP的課，但可能他講話極具催眠效果而完全沒有印象？不確定是忘記了、還是害怕想起來……
不只柯黑，還是柯光－－黑到發光。"
y.p.su,Y.P.Su,"各位小朋友！巧虎教大家上廁所要自己擦屁股！
不要像藍白立委市長這些大大人一樣，不論便秘還是挫賽，都要賴清德幫他們擦屁股呦！💩",2026-01-27 13:04,"精神科醫師。一家都是辣台派，不愛台灣的退散！！
學生時期上過KP的課，但可能他講話極具催眠效果而完全沒有印象？不確定是忘記了、還是害怕想起來……
不只柯黑，還是柯光－－黑到發光。"
y.p.su,Y.P.Su,"可達鴨：「Alex，我只示範一次，下次換你爬給我看！」
Alex：「Yes，Master！」",2026-01-27 11:36,"精神科醫師。一家都是辣台派，不愛台灣的退散！！
學生時期上過KP的課，但可能他講話極具催眠效果而完全沒有印象？不確定是忘記了、還是害怕想起來……
不只柯黑，還是柯光－－黑到發光。"
y.p.su,Y.P.Su,"有些打卡點超帥！可是我永遠到不了🫠
最遙遠的距離就是，明明只離我五百公尺，卻永遠無法到達的目的地。😮‍💨",2026-01-27 11:20,"精神科醫師。一家都是辣台派，不愛台灣的退散！！
學生時期上過KP的課，但可能他講話極具催眠效果而完全沒有印象？不確定是忘記了、還是害怕想起來……
不只柯黑，還是柯光－－黑到發光。"
navy1205,Taiwan_Navy_Lai,台灣人，南韓已經示範給我們看了！,2026-01-27 08:13,"1450、2758、8964
我、台派海軍鴨鴨、高雄鴨
性烈如火，非黑即白的牡羊男
民主進步黨黨員，正規軍，
辣台派，挺台灣，我高雄，我驕傲！
台灣是獨立國家，支持台灣自決建國！
紅藍白的畜牲，一律無條件封鎖！"
navy1205,Taiwan_Navy_Lai,你以為台灣能跟中國和平共處嗎？,2026-01-27 07:55,"1450、2758、8964
我、台派海軍鴨鴨、高雄鴨
性烈如火，非黑即白的牡羊男
民主進步黨黨員，正規軍，
辣台派，挺台灣，我高雄，我驕傲！
台灣是獨立國家，支持台灣自決建國！
紅藍白的畜牲，一律無條件封鎖！"
navy1205,Taiwan_Navy_Lai,"因為你，
全世界看見101，
更看見台灣！
愛力克斯霍德諾，謝謝您！
賈董，謝謝你！
民進黨，謝謝你！",2026-01-26 07:42,"1450、2758、8964
我、台派海軍鴨鴨、高雄鴨
性烈如火，非黑即白的牡羊男
民主進步黨黨員，正規軍，
辣台派，挺台灣，我高雄，我驕傲！
台灣是獨立國家，支持台灣自決建國！
紅藍白的畜牲，一律無條件封鎖！"
navy1205,Taiwan_Navy_Lai,"不要老是想把優秀人才往台北市長塞，
這是把人往火坑裡推，很缺德！",2026-01-26 07:13,"1450、2758、8964
我、台派海軍鴨鴨、高雄鴨
性烈如火，非黑即白的牡羊男
民主進步黨黨員，正規軍，
辣台派，挺台灣，我高雄，我驕傲！
台灣是獨立國家，支持台灣自決建國！
紅藍白的畜牲，一律無條件封鎖！"
navy1205,Taiwan_Navy_Lai,"簡單一句話，
被中國「統一」之後，連你的身體與器官，思想與言論，都不再屬於你的！
更別說其它的！",2026-01-26 07:07,"1450、2758、8964
我、台派海軍鴨鴨、高雄鴨
性烈如火，非黑即白的牡羊男
民主進步黨黨員，正規軍，
辣台派，挺台灣，我高雄，我驕傲！
台灣是獨立國家，支持台灣自決建國！
紅藍白的畜牲，一律無條件封鎖！"
navy1205,Taiwan_Navy_Lai,現在想想，當年讓日本放棄台灣主權，就是一步臭棋！,2026-01-26 00:32,"1450、2758、8964
我、台派海軍鴨鴨、高雄鴨
性烈如火，非黑即白的牡羊男
民主進步黨黨員，正規軍，
辣台派，挺台灣，我高雄，我驕傲！
台灣是獨立國家，支持台灣自決建國！
紅藍白的畜牲，一律無條件封鎖！"
navy1205,Taiwan_Navy_Lai,"不要一直想把優秀人才拱去選台北市長，
能坐鎮地獄的，是撒旦，不是天使！",2026-01-26 00:23,"1450、2758、8964
我、台派海軍鴨鴨、高雄鴨
性烈如火，非黑即白的牡羊男
民主進步黨黨員，正規軍，
辣台派，挺台灣，我高雄，我驕傲！
台灣是獨立國家，支持台灣自決建國！
紅藍白的畜牲，一律無條件封鎖！"
navy1205,Taiwan_Navy_Lai,光憑這個就可以強制解散中國國民黨了吧！,2026-01-26 00:15,"1450、2758、8964
我、台派海軍鴨鴨、高雄鴨
性烈如火，非黑即白的牡羊男
民主進步黨黨員，正規軍，
辣台派，挺台灣，我高雄，我驕傲！
台灣是獨立國家，支持台灣自決建國！
紅藍白的畜牲，一律無條件封鎖！"
navy1205,Taiwan_Navy_Lai,"支持國民黨的都是背骨的！
支持民眾黨的都是無恥的！",2026-01-25 17:57,"1450、2758、8964
我、台派海軍鴨鴨、高雄鴨
性烈如火，非黑即白的牡羊男
民主進步黨黨員，正規軍，
辣台派，挺台灣，我高雄，我驕傲！
台灣是獨立國家，支持台灣自決建國！
紅藍白的畜牲，一律無條件封鎖！"
navy1205,Taiwan_Navy_Lai,台灣最大的盜竊集團，就是國民黨及民眾黨！,2026-01-24 22:48,"1450、2758、8964
我、台派海軍鴨鴨、高雄鴨
性烈如火，非黑即白的牡羊男
民主進步黨黨員，正規軍，
辣台派，挺台灣，我高雄，我驕傲！
台灣是獨立國家，支持台灣自決建國！
紅藍白的畜牲，一律無條件封鎖！"
navy1205,Taiwan_Navy_Lai,"票投民進黨，敵人是中國；
票投藍白黨，敵人是美國！",2026-01-24 21:51,"1450、2758、8964
我、台派海軍鴨鴨、高雄鴨
性烈如火，非黑即白的牡羊男
民主進步黨黨員，正規軍，
辣台派，挺台灣，我高雄，我驕傲！
台灣是獨立國家，支持台灣自決建國！
紅藍白的畜牲，一律無條件封鎖！"
_miss_alluring_,妖精小姐｜一個正在籌備中的女性成長公司的女老闆,"當對方開始已讀不回、冷處理，甚至完全不理你時，你是繼續發訊息說「為什麼？他在幹嘛？回我一下好不好？」
這就是你節節敗退的開始。
在關係博弈中，對方的「冷」是測試。
越是卑微追問「在嗎？」「回我好不好？」，在對方那裡你的價值就越是在斷崖式下跌。因為你展現出來的不是愛，而是令人窒息的低價值焦慮。
那該怎麼做？首先是先「停」。
要先剝絲抽繭想清楚：你們之間到底發生了什麼？是價值的流失、情緒的透支，還是他對你產生了心理防禦？沒有診斷就直接下藥，那叫自殺。
在我們帶著的指導下，學員們發出的「第一句話」永遠是經過精密設計的。
這句話不是在乞求，而是根據對方的心理狀態，設計出的“破冰鉤子”：
v 打破防禦：讓他覺得回妳訊息是輕鬆的，而不是壓力。
v 心理投射：利用好奇心或失去感，調動他主動回應的慾望。
v 重新定位：透過一句話，翻轉妳在他心中「糾纏者」的負面印象。
挽回不是靠頻率，而是靠精準度。
如果你現在正對著那個毫無回應的對話框發愁，別再盲目聯繫了。私訊我，幫你分析對方的心理死角，教你如何設計出那句讓他不得不回的破冰話術。",2026-02-04 14:18,"專注引導異性付出與女人受寵體質養成🧚🏻‍♀️
✨女性成長｜婚姻情感挽回｜兩性關係｜情感諮詢
📩了解諮詢服務，請私訊IG
* 轉載請標示來源，感謝支持原創*"
_miss_alluring_,妖精小姐｜一個正在籌備中的女性成長公司的女老闆,"我常強調，感情出問題不可怕，但如果你明明感覺不對勁，卻一直告訴自己問題不大，以為晾著不管它就會好，或者習慣用對抗、冷戰去回應，那結果會變得比你想像的還要可怕。￼
這種拖延是在騰出空間。
你沒關係明明充滿裂痕，但卻不修補，那這時￼對方的內心是處於極度空虛、好撩動的狀態。
你擱置矛盾，那等於是把空間給了第三個人介入的機會。
你可能會問為什麼要盡快處理？因為你不知道對方當下的情感缺口有多大。與其等這個空位被別人填滿了才來後悔，不如在發現苗頭時就主動出擊。
修復本就是看清現狀並及時止損。所以別用你的冷處理，去成就別人的趁虛而入。處理問題的黃金期就是現在！",2026-02-04 13:00,"專注引導異性付出與女人受寵體質養成🧚🏻‍♀️
✨女性成長｜婚姻情感挽回｜兩性關係｜情感諮詢
📩了解諮詢服務，請私訊IG
* 轉載請標示來源，感謝支持原創*"
_miss_alluring_,妖精小姐｜一個正在籌備中的女性成長公司的女老闆,"修復感情確實是一段辛苦的過程。
每個人的狀況不同，有些人見效快，但有些人因為問題累積太久，拖到最後一刻才開始行動，自然需要更多的時間去破冰。
這條路雖然不容易，但你會在過程中看見驚人的變化。你會發現原來自己本來就有能力掌控這段關係，只是過去缺了一些手段與思維。
最珍貴的不是對方的回頭，而是你透過修復學會了洞察人性、克制內耗。當你不再被情緒勒索，能引導局勢時，你會看見一個更有底氣的自己。
別因為路長就懷疑終點。那些你受過的累，最終都會變成你守護感情的盔甲。",2026-02-04 10:52,"專注引導異性付出與女人受寵體質養成🧚🏻‍♀️
✨女性成長｜婚姻情感挽回｜兩性關係｜情感諮詢
📩了解諮詢服務，請私訊IG
* 轉載請標示來源，感謝支持原創*"
_miss_alluring_,妖精小姐｜一個正在籌備中的女性成長公司的女老闆,"你可能以為，男人發現另一半外遇後，最常見的就是大吵一架，然後果斷離開。
但我們見過太多男人的反應不是走，而是卡在兩個極端裡來回折磨自己：
一邊是情緒爆炸，想立刻結束。
一邊又是現實拉扯、孩子放不下、面子拉不住。
最後不是走不了，而是內耗到妥協。
但男人和女人面對外遇有個很大的不同點是他們會忍，但不會忍太久。
尤其當他發現對方不悔改、繼續說謊、裝無辜，甚至還合理化自己出軌的理由。
到那時候很多男人就會突然清醒。
不是不愛，而是徹底失望。
孩子也留不住他，婚姻也鎖不住他。
你以為他在忍，其實他是在看你有沒有回頭的誠意。你看不出他的痛，是因為他沒說。但他一旦決定要走，就不會回頭了。
所以別再用他還沒走來當成他一定不會走的依據。
轉折很多都是在沉默後才發生。
你現在正面臨這樣的局面，私訊我，告訴我你的情況。我會幫你判斷他現在的狀態，給你正確的修復方案。
趁他還在場，別讓機會溜走。",2026-02-04 10:02,"專注引導異性付出與女人受寵體質養成🧚🏻‍♀️
✨女性成長｜婚姻情感挽回｜兩性關係｜情感諮詢
📩了解諮詢服務，請私訊IG
* 轉載請標示來源，感謝支持原創*"
_miss_alluring_,妖精小姐｜一個正在籌備中的女性成長公司的女老闆,"對付「刺蝟型」的另一半，硬碰硬是你最笨的操作！
這類人自尊心極強，堅信自己「完全沒有問題」。所以無論你怎麼努力經營，他都會下意識反駁、否定你的努力。
跟這種人溝通，你需要的不是說服，而是布局！
如果你想讓他聽進去，千萬別站在他的對立面去講道理，否則只會變成對抗狀態。
你要學會「借力使力」，把你的建議包裝成他的「優點」或「主動選擇」。
1、先給台階，再給內容：先肯定他付出的部分，降低他的防禦心，讓他在舒適感中放下戒備
2、引導他得出結論：透過提問而非命令，讓他以為那￼個正確的決定是他自己想出來的
修復不是要爭輸贏，而是要拿到你想要的結果。
不用試圖拆掉他的心牆，而是學會利用他的自尊去引導他付出。調動他的內心其實並不難。這考驗的是你的認知高度，以及對人性心理的拿捏。
針對這類溝通死局，我們很擅長去引導。
不需要你自己去猜，我們會全程帶著你操作。從對話的設計，到情緒點的拿捏，會直接教你該怎麼說、怎麼回。透過專業的引導布局，達到你想要的狀態。",2026-02-04 08:42,"專注引導異性付出與女人受寵體質養成🧚🏻‍♀️
✨女性成長｜婚姻情感挽回｜兩性關係｜情感諮詢
📩了解諮詢服務，請私訊IG
* 轉載請標示來源，感謝支持原創*"
_miss_alluring_,妖精小姐｜一個正在籌備中的女性成長公司的女老闆,"只是按個讚、聊個天，真的沒什麼嗎？
這種「微出軌」最像鈍刀子割肉。
很多人發現另一半手機成癮、在網路上跟異性曖昧。但要是你越查，他藏得越深。越吵，他越覺得不可理喻，最後反而讓那些虛擬的火花變成了他逃離現實的藉口。
面對這種模糊地帶，要建立的不是禁令，而是規則。
你可以心動，但絕對不能亂動。
要讓對方清楚隔著螢幕的多巴胺只是幻覺，但「亂動」的代價卻是毀滅性的。它會直接侵蝕你們辛苦建立的家庭信任，讓原本和諧的關係徹底失衡。
你根本不需要當神經質的監控者，而是要建立監控框架，讓對方清楚知道邊界在哪，以及跨過這條線後他將失去多少現有的安穩與資源。
修復關係的主動權是讓對方在產生誘惑的瞬間，因為害怕失去而自發性地收手，而不是靠你去搶手機。
別再用無效的爭吵去推開他了，我們會帶你建立讓對方自發遠離誘惑的框架，拿回你在關係中的安全感。",2026-02-03 20:21,"專注引導異性付出與女人受寵體質養成🧚🏻‍♀️
✨女性成長｜婚姻情感挽回｜兩性關係｜情感諮詢
📩了解諮詢服務，請私訊IG
* 轉載請標示來源，感謝支持原創*"
_miss_alluring_,妖精小姐｜一個正在籌備中的女性成長公司的女老闆,"你以為「未來感」是兩個人一起營造的浪漫幻想？
但這是可以從你自己開始的。
你的日常態度、你對自己的要求、你的步伐，這些都是無聲的訊號，告訴對方「跟我在一起，你的人生會有不一樣的高度。」
未來感不是甜言蜜語，也不是表面承諾，而是當他看你處理生活、工作、甚至情緒的方式時，心裡自動出現一個畫面——「我如果失去他，我的人生就少了一份安定和精彩。」
你自己越是有自己清晰的目標、掌握生活節奏，越能帶動對方投入、越能讓他主動靠近。
對方不是被迫留下，而是想跟隨你、想參與你的未來。
你現在在修復關係裡感覺疲憊嗎？
我們可以帶你從自我提升開始，自然帶出那種不可抗拒的未來感。",2026-02-03 18:47,"專注引導異性付出與女人受寵體質養成🧚🏻‍♀️
✨女性成長｜婚姻情感挽回｜兩性關係｜情感諮詢
📩了解諮詢服務，請私訊IG
* 轉載請標示來源，感謝支持原創*"
_miss_alluring_,妖精小姐｜一個正在籌備中的女性成長公司的女老闆,"為什麼他要走？因為離開的吸引力，大於留下的意義。
你可以冷靜想一下，對方的離開，是不是因為他的需求在這段關係裡得不到滿足。人性很殘酷，它不會因為你的「不願意」就選擇留下。
這就是底層的邏輯與人性。
很多人會馬上低頭迎合，想以此換取他的回頭。但我想提醒你，目的性太明顯的討好，一眼就能看穿。這只會讓他更看輕。
想修復關係，不是去當應聲蟲，而是根據對方的狀態，去製造不刻意的舒適感。
「討好」與「理解」是兩回事。
討好是祈求，理解是看穿他的匱乏並回應。當你接住他的情緒、降低防禦心時，就已經是開始引導了。
他習慣了你製造的￼舒適，你要學會撤回那些廉價的供給。當他發現無法完全掌控你，好奇與佔有欲才會重新被你調動。
我們做的每一步，都是在引導對方。
你要依據反饋不斷試探，在給予中建立底線，在試探中植入他的習慣。
調動行為簡單，調動內心卻很難。
這需要你對人性有深度洞察，且思維認知要有足夠的高度。否則，控制不住內耗，就永遠無法在博弈中保持清醒。",2026-02-03 16:57,"專注引導異性付出與女人受寵體質養成🧚🏻‍♀️
✨女性成長｜婚姻情感挽回｜兩性關係｜情感諮詢
📩了解諮詢服務，請私訊IG
* 轉載請標示來源，感謝支持原創*"
_miss_alluring_,妖精小姐｜一個正在籌備中的女性成長公司的女老闆,"這四個跡象會讓你的伴侶情感歸屬感轉移。
不要以為感情疏離是一次性發生的，它是無數個大大小小的事累積出來的。
這幾個細節成為常態，你就該注意了！
1、分享欲枯竭：他興致沖沖分享某件事，得到的是你潑冷水或低頭玩手機。類似情況發生次數多了，他會關閉對你的分享，轉向外面尋找能接住他的人。
2、家成了精神負重區：見面只剩下瑣事對抗或負能量堆疊。相處不是彼此充電，而是高壓損耗，會本能尋找更輕鬆的代償出口。
3、依附關係變質：關心變成監控，愛就帶上了窒息感。這樣的心理擠壓，會逼對方不得不透過秘密或背叛找回屬於他的自主空間。
4、感知疲勞覆蓋：互動像機械運作一樣死板，缺乏任何情緒。你變得完全可以被預測，在他那裡就失去了博弈價值，外面的誘惑自然被放大
這就是為什麼有些關係你以為還能維持，卻不知道對方的心早已慢慢撤離。
你們可能沒有爭吵，沒有劇烈變故，但就在這些細小的消耗裡，他開始感覺不到你的份量，也找不到被理解的連結。
讓人遠離的不是吵架，而是長期在關係裡無感。
如果你已經察覺到這個距離感，那就就別再拖了。
￼但你有效學會￼怎麼讓自己重新被感知、被需要、被在意，那才是讓他回歸的起點。",2026-01-30 12:33,"專注引導異性付出與女人受寵體質養成🧚🏻‍♀️
✨女性成長｜婚姻情感挽回｜兩性關係｜情感諮詢
📩了解諮詢服務，請私訊IG
* 轉載請標示來源，感謝支持原創*"
_miss_alluring_,妖精小姐｜一個正在籌備中的女性成長公司的女老闆,"發現他外遇，如果你還在問「他愛不愛我」，那你注定會輸個精光。
他敢在外面有人，本質上是因為他計算過代價，發現傷害你的成本幾乎為零。（這邊涉及到反人性、反心理）
當你一次次的退讓，他會從最初的「權衡利弊」變成習慣成自然。他不擔心你會離開，也不再愧疚，因為你給他足夠的安全感，讓他徹底無視了你的存在。
聽著，你要做的不是去感化一個自以為吃定你的人，而是徹底摧毀他的掌控感。
為什麼你現在處於低位？是因為你表現得太好猜、太容易被拿捏。如果你繼續這樣去換取施捨，他只會在你底線上反覆橫跳。
我會教你如何收起無效的情緒，開始調整你的互動尺度。不是去求他收心，而是透過姿態的轉換與規則的重定，去轉換高低位。
別再用你的底線去餵養他的貪婪。
帶你用那些被你忽視的優勢，去拿回你的主導權。",2026-01-30 11:58,"專注引導異性付出與女人受寵體質養成🧚🏻‍♀️
✨女性成長｜婚姻情感挽回｜兩性關係｜情感諮詢
📩了解諮詢服務，請私訊IG
* 轉載請標示來源，感謝支持原創*"
_miss_alluring_,妖精小姐｜一個正在籌備中的女性成長公司的女老闆,"我想問你一個問題，你這麼懂事，有換來他的心疼嗎？
婚姻走到冷戰或外遇，本質上是因為你把傷害成本降得太低。
他知道無論他怎麼踐踏底線，你都不會走。
他在你們的互動中試探出了你的軟肋。
知道用什麼樣的方式對他最有利，知道只要稍微冷落或安撫，你就會妥協。他看透了你離不開、認定你沒底牌，他就不會再為這段關係付出半點代價。
千萬別再試圖用感動去叫醒一個裝睡的人。
收回廉價的供給，學會如何正確￼打破他對你的心理預期。
不要再做任人擺佈的軟柿子，他才會開始衡量你的重要性。
我們會教你的是，如何展現出‘外面的人永遠無法比擬’的價值。當你掌握博弈的底牌，他會發現外面的不過是曇花一現，而你才是他絕對賠不起的底層資產。
與其等他施捨一點關心，不如學會掌控關係。
私訊告訴我你的具體情況，￼帶你從低位反轉。",2026-01-30 10:25,"專注引導異性付出與女人受寵體質養成🧚🏻‍♀️
✨女性成長｜婚姻情感挽回｜兩性關係｜情感諮詢
📩了解諮詢服務，請私訊IG
* 轉載請標示來源，感謝支持原創*"
_miss_alluring_,妖精小姐｜一個正在籌備中的女性成長公司的女老闆,"在很多婚姻裡的「三人行」不是偶然，而是被迫留下的結果。
出軌的人，他們心裡最希望的，就是這種三角關係。
他想同時擁有兩邊的情感，享受控制、佔有與刺激。
而你明明不想這樣，卻被迫承受。
他說「我們已經分開了。」
但你清楚，訊息還在，關心還在，連藉口都是為了維持那不應該的關係。
你被困在尊嚴與現實之間，他遊走在忠誠與慾望之間，而第三者，早已成了揮不掉的影子。
在這種關係裡沒有人是贏家。
只是有人被逼著隱忍、假裝沒事，在崩潰邊緣維持表面平靜。
再堅強的人，也會被長期情緒壓制耗盡。
如果你還在這種曖昧、扭曲的三角關係裡，停止告訴自己「我能撐」。轉折，不是等待他回頭，而是讓自己脫離這場不平衡的局面。
想知道怎麼讓他明白沒有你的容忍，這一切都站不住腳？我們可以帶你一步步扭轉局勢，把被壓制的自己重新掌握在手裡。",2026-01-29 21:07,"專注引導異性付出與女人受寵體質養成🧚🏻‍♀️
✨女性成長｜婚姻情感挽回｜兩性關係｜情感諮詢
📩了解諮詢服務，請私訊IG
* 轉載請標示來源，感謝支持原創*"
_miss_alluring_,妖精小姐｜一個正在籌備中的女性成長公司的女老闆,"愛，是需要學習的。
它不是一種感覺，也不是一場浪漫的巧合，更不是你拚命付出後，自然而然就能換來的結果。
愛是理性的經營，不是盲目的犧牲。
它可以建立在理解與連結上，但絕不能建立在被欺騙的基礎上。
不要以為愛能包容一切，最後只會變成明知道被傷害、被冷落、被背叛，還是選擇繼續撐下去。
因為怕失去，也因為不甘心。
但愛從來不是忍下去就能變好的。
你得學會辨識「值得修復」和「該止損」的界線，學會用‘以真誠為基，手段為輔’去愛，而不是用本能去撐。
我們可以帶你如何在愛裡保持清醒，讓對方重新學會珍惜你，而不是利用你的愛。",2026-01-29 19:12,"專注引導異性付出與女人受寵體質養成🧚🏻‍♀️
✨女性成長｜婚姻情感挽回｜兩性關係｜情感諮詢
📩了解諮詢服務，請私訊IG
* 轉載請標示來源，感謝支持原創*"
_miss_alluring_,妖精小姐｜一個正在籌備中的女性成長公司的女老闆,"修修補補，本就是婚姻的日常。
但問題是，你還想補，他卻早就不想了。
看著對方心不在焉、冷眼旁觀你的努力，你是不是覺得自己像在推一顆永遠推不動的石頭？
如果你繼續崩潰、反覆質問對方為什麼不努力，你只是在消耗自己，連僅存的底氣也會被消磨殆盡。
其實，他的「不想」是可以被引導出來的。
但你敢不敢徹底換掉現在這些沒用的互動模式？
修復關係絕不是乞求，也不是熱臉貼冷屁股。
而是從根本改變自己，重新掌握兩人的心理位階，讓原本僵持的局勢開始轉向，你也重新拿回主導權。
別再問他為什麼不配合，先問自己，你是繼續爛在原地，還是讓對方心甘情願加入修復？
如果你不甘心就這樣結束，卻找不到突破口，私訊我，帶你透過深層引導，讓這段關係在你的掌控下，生長出新的可能。",2026-01-29 16:59,"專注引導異性付出與女人受寵體質養成🧚🏻‍♀️
✨女性成長｜婚姻情感挽回｜兩性關係｜情感諮詢
📩了解諮詢服務，請私訊IG
* 轉載請標示來源，感謝支持原創*"
_miss_alluring_,妖精小姐｜一個正在籌備中的女性成長公司的女老闆,"有一種伴侶不會大聲責罵你，但總是讓你覺得自己不夠好。
他總是把這些話掛嘴上
「你太敏感了吧？」
「這點小事就不開心？」
「我只是講實話而已，你也太玻璃心了。」
你不再表達自己的想法，還懷疑自己的感受，變得小心翼翼、委屈壓抑。你拚命做得更好，卻始終得不到一句肯定，甚至覺得能被他愛，是你撿到、賺到的。
這就是典型的價值打壓。
不分性別，男人女人都有可能是這樣的角色。
長期待在這種關係裡，你會自我價值感崩塌、變得討好且壓抑，談感情搞得像在自我懲罰。
這不是你該承受的。
想跳脫這樣的關係，先從「建立穩定的自我定位、學會辨識語言操控、練習價值回饋的底線設計」開始！
掌握這些能力不只是為了修復當下這段感情，更是為了讓你未來在任何一段關係中，都能擁有不被左右的底氣。
如果你現在正處於迷茫，不知道準確該怎麼做，請記得：弱者才求原諒，強者直接控場。
我們可以根據你的當前狀況，透過動態調控帶你拿回高位姿態。讓你從此在每一段關係裡，都成為那個掌握主導權的人",2026-01-29 15:16,"專注引導異性付出與女人受寵體質養成🧚🏻‍♀️
✨女性成長｜婚姻情感挽回｜兩性關係｜情感諮詢
📩了解諮詢服務，請私訊IG
* 轉載請標示來源，感謝支持原創*"
_miss_alluring_,妖精小姐｜一個正在籌備中的女性成長公司的女老闆,"遭遇外遇，不要以為只要對方說「對不起」，就能翻篇。能修復好的夫妻，從來不會急著翻篇。
因為翻篇只會讓你忽略關係裡的問題，忽略自己的心結。心結不是想不去想就沒事，它會影響你的情緒，影響你的反應，也決定對方是否願意真正回歸。
修復的關鍵有三件事：
1、承認情緒外債：對方的外遇讓你受傷、恐懼、不安。你需要允許這些情緒自然流動，而不是壓抑或強迫自己立即原諒
2、行為補償勝於口頭道歉：對方的愧疚必須轉化為長期行為，而非一時的哭泣或跪地。你需要觀察他的態度，並學會引導他逐步承擔
3、建立信任錨點：用行為和規則建立彼此安全感，而非追責。當你在恐懼和不安中學會表達需求、設定界線，你們的關係才可能升級，而不是重蹈覆轍
外遇是危機，也是轉機。你能不能掌握修復方式，處理好心結，並讓對方真心回到你身邊，而不是停留在表面道歉。
想知道怎麼做，讓修復不再是盲目內耗？我可以幫你制定高位策略，讓關係逐步回到穩定與信任。",2026-01-25 19:50,"專注引導異性付出與女人受寵體質養成🧚🏻‍♀️
✨女性成長｜婚姻情感挽回｜兩性關係｜情感諮詢
📩了解諮詢服務，請私訊IG
* 轉載請標示來源，感謝支持原創*"
_miss_alluring_,妖精小姐｜一個正在籌備中的女性成長公司的女老闆,"所有的改變，都是在「不舒適」中找到「舒適」。
別以為這只發生在親密關係裡。
其實你人生中所有真正的成長、突破、修復，都是從一段不舒服的過程開始的。
你要學會忍住想逃的過程，撐過想放棄的情緒，接受那些你曾極力抗拒的真相。
因為唯有經歷混亂，你才會看見方向。
唯有承受不穩定，你才有機會變得更穩定。
不管是關係、事業、自我成長，沒有哪一種改變是舒服的。
但當你能在不舒適裡穩住，你會發現一切都開始往你想要的方向走。
如果你現在正經歷一段不舒服的轉折，別急著逃，那正是你重塑人生的開始。",2026-01-25 16:56,"專注引導異性付出與女人受寵體質養成🧚🏻‍♀️
✨女性成長｜婚姻情感挽回｜兩性關係｜情感諮詢
📩了解諮詢服務，請私訊IG
* 轉載請標示來源，感謝支持原創*"
_miss_alluring_,妖精小姐｜一個正在籌備中的女性成長公司的女老闆,"現在的社會越來越開放，很多人從不想談戀愛，到後來慢慢找到了“炮友”。
一開始覺得只是輕鬆相處、隨便玩玩，沒有負擔。
但突然你發現自己不再只想玩玩而已，你開始真的喜歡上了對方，甚至想要進一步發展成一段穩定的關係。這時候卻不知道該怎麼開始，也不知道對方是不是願意走這一步。
這種轉變，你有過嗎？
可能你以為只要表白或逼對方承諾就能升級，卻忽略你們一開始只是純粹的肉體關係，當你投入感情後，有些人可能會本能地排斥、退縮。
因為在他的認知裡，你們的「定位」從一開始就不同。
想從“炮友”升級到正牌情侶，轉變不在於急切的表白，而是如何自然引導、慢慢建立對方的安全感與信任。
如何讓他感受到你的真誠與投入，而不是單純的享樂關係？
如何在不失去自我的前提下，讓他願意將你納入生活、將關係升級？
這需要細心的情感調動和，操之過急只會讓他退縮，慢慢應對、步步引導，才是讓關係升級的關鍵。
如果你正在經歷這樣的轉變期，想把隨意的關係轉為穩定、深度的連結，那你需要的是具體的策略與技巧，幫你自然將關係升級，讓對方從隨意陪伴到真正把你納入生活中。",2026-01-25 13:55,"專注引導異性付出與女人受寵體質養成🧚🏻‍♀️
✨女性成長｜婚姻情感挽回｜兩性關係｜情感諮詢
📩了解諮詢服務，請私訊IG
* 轉載請標示來源，感謝支持原創*"
_miss_alluring_,妖精小姐｜一個正在籌備中的女性成長公司的女老闆,"他說：「我錯了，我跪了，我真的很後悔。」
你看著他那副真誠的樣子，心裡一瞬間動搖，甚至覺得他真的變了。
但有些道歉，只是為了讓自己舒服，不是真的反省。
他跪下，不代表他懂得錯在哪。
他只是想讓這場衝突快點結束，讓你的情緒冷下來，也讓自己能暫時心安。
如果你急著原諒，他會誤以為「道歉就能化解一切」。
那你在關係中的價值會慢慢被￼掏空。
而更關鍵的是，就算他真的愧疚，如果你的心結沒解，你們也修不回原來的親密。
被背叛的創傷，會在每一次互動裡被放大，讓你無法真正放下，也讓他覺得永遠贖不完。
所以修復不只是看他改不改，也包括你能不能引導自己走出心結的反應。
修復，是雙向的覺察與引導。
他要學會補償；你要學會讓補償發生。
當他願意承擔、你願意重新調整，那才是愧疚轉化成珍惜的開始。",2026-01-25 12:11,"專注引導異性付出與女人受寵體質養成🧚🏻‍♀️
✨女性成長｜婚姻情感挽回｜兩性關係｜情感諮詢
📩了解諮詢服務，請私訊IG
* 轉載請標示來源，感謝支持原創*"
_miss_alluring_,妖精小姐｜一個正在籌備中的女性成長公司的女老闆,"你用情緒在經營關係，他卻用冷靜在觀察你。
他不說、不哄、不走，只是想看你能撐多久、會不會再次心軟。
你哭，他沉默。
你崩潰，他只皺眉。
而你以為這樣能讓他看見你的難過。
但在心理博弈裡，情緒越滿的一方，越失去掌控。
他看到的不是你的愛，而是你的可被預測性。
一種「只要我冷，他就亂」的反應模式。
修復裡最常見的錯誤，就是想用情緒去推動改變。
但能重建關係的是引導。
穩住情緒、減少反應，他的大腦才會從防禦轉向思考，這時候你的話他才聽得進去。
記住：當你冷靜，他才開始慌。當你會引導，他才會回頭。
修復不是爭輸贏，而是學會在平靜裡運籌，讓主導權再次回到你手上。",2026-01-25 10:17,"專注引導異性付出與女人受寵體質養成🧚🏻‍♀️
✨女性成長｜婚姻情感挽回｜兩性關係｜情感諮詢
📩了解諮詢服務，請私訊IG
* 轉載請標示來源，感謝支持原創*"
_miss_alluring_,妖精小姐｜一個正在籌備中的女性成長公司的女老闆,"別在別人的錯誤裡，活成一個瘋子。
當第三者闖入，可怕的是你自己正在失去對生活的掌控感。
反覆猜忌、情緒崩潰、自殘式內耗…你以為這些行為是在挽救感情，其實只是在親手毀掉自己。
既然關係已經出現裂痕，與其卑微回頭，不如直面應對。用正確的方式，去拿回你應得的一切。
精準、體面、有效，這才是取勝之道。
下週公開課：《精準打擊第三者的核心邏輯》
會教你在不撕不鬧的前提下削弱第三者的影響、封鎖對方干預，同時把主動權牢牢拉回你手中。讓你在尊嚴與安全之下重建關係秩序。
想免費參加，直接私訊我加入群組。
如果你已經感到極度混亂，急需一步步拆解現狀，私訊預約一對一手把手指導，會給你最清晰的行動方案，避免再走錯路。",2026-01-24 17:00,"專注引導異性付出與女人受寵體質養成🧚🏻‍♀️
✨女性成長｜婚姻情感挽回｜兩性關係｜情感諮詢
📩了解諮詢服務，請私訊IG
* 轉載請標示來源，感謝支持原創*"
_miss_alluring_,妖精小姐｜一個正在籌備中的女性成長公司的女老闆,"當你們關係穩固，你的價值提升到一個高位時，危機感就是那條最微妙，卻決定勝負的線。
不是越多越好，也不是越少越安全。
危機感太少，他可能掉以輕心。
危機感過多，他可能感到壓力、反感甚至反撲。
最厲害的人，懂得恰如其分地掌控這種微妙的平衡。
在相處中維持高位，讓對方知道，你無法輕易忽視我，也不敢隨意離開我。
不需要威脅，也不需要哀求，危機感會在對方心裡生根。
當你把握這條界線，你就不只是守護婚姻，你是在主導關係。
他會在不知不覺中，主動投入、珍惜你的價值，而不是等待失去才後悔。
想要讓關係真正穩固？從今天開始，你的高位是他心裡最強烈的警示。懂得這微妙平衡的人，才是婚姻裡無可取代的核心！",2026-01-24 16:33,"專注引導異性付出與女人受寵體質養成🧚🏻‍♀️
✨女性成長｜婚姻情感挽回｜兩性關係｜情感諮詢
📩了解諮詢服務，請私訊IG
* 轉載請標示來源，感謝支持原創*"
_miss_alluring_,妖精小姐｜一個正在籌備中的女性成長公司的女老闆,"在婚姻裡遭遇外遇，無論你是男是女，每個人都會面對一個選擇：有人選擇繼續維繫，有人選擇分開。
重點不是別人的選擇，也不必去評價他人。
重要的是你自己做了什麼。
你是任情緒牽著走，繼續掉進猜疑、拉扯、內耗裡？
還是用對的方法，重新掌握關係，重建你的主導權？
外遇不是結束，而是一個分水嶺。
你選擇的方式，決定了你能不能真正找回自己的價值、信心，甚至讓對方重新看見你。
別被別人的選擇綁架，你唯一該在意的是你自己的行動。",2026-01-24 15:03,"專注引導異性付出與女人受寵體質養成🧚🏻‍♀️
✨女性成長｜婚姻情感挽回｜兩性關係｜情感諮詢
📩了解諮詢服務，請私訊IG
* 轉載請標示來源，感謝支持原創*"
miss.mimi.coffee,Miss Mimi,"慶祝黃狗猖下台，我們印了2000張蔡英文總統的春聯1/31、2/1、2/2要來廣發。
♦️每日限量發放♦️
♦️每人每次限索取一張♦️
·
發放地點有二處
👉發放地點1: Miss Mimi coffee
地址：高雄市左營區新勝街21號
日期：1/31、2/1、2/2
時間：早上9點到下午6點
每日限量500張
👉發放地點2:
@hyttakaffe
@hyttakaffe
地址：台北市大安區敦化南路二段331巷8號1樓
日期：2/1、2/2
時間：早上10點到下午4點
每日限量100張
·
👉這個很重要：我們合作的台派印刷業者
@summer69cool
@summer69cool
幫忙排版後會email 知會蔡英文總統辦公室，（可再版，不得販售、圖利），我們只送不賣，大家可以留意廣發春聯的日期與地點。
·",2026-01-30 13:54,"左營早午餐｜左營咖啡廳｜下午茶｜晚餐｜場地租借｜會議包場｜高雄外燴｜高雄旅遊推薦
癒見老宅咖啡也是我家👇快追蹤@meet.the.old.house.coffee週一至週五9-20（晚餐請先預約）/週末9-18
低消為每人一杯飲品，餐點與甜點不可抵低消
漢神巨蛋步行2分鐘｜🅿️後方30公尺"
miss.mimi.coffee,Miss Mimi,"我要來發佈開心的好消息
🫡立場堅定的好朋友請幫忙擴散🫡
·
為了慶祝黃狗猖下台，我們印了2000張蔡英文總統的春聯miss mimi版本，把高雄首島貓·厭世貓小白也加進來，1/31、2/1、2/2要來廣發。
♦️每日限量發放♦️
♦️每人每次限索取一張♦️
·
發放地點有二處
👉發放地點1: Miss Mimi coffee
地址：高雄市左營區新勝街21號
日期：1/31、2/1、2/2
時間：早上9點到下午6點
每日限量500張
👉發放地點2: Hytta Kaffe
@hyttakaffe
@hyttakaffe
地址：台北市大安區敦化南路二段331巷8號1樓
日期：2/1、2/2
時間：早上10點到下午4點
每日限量100張
·
👉這個很重要：我們合作的台派印刷業者
@summer69cool
@summer69cool
幫忙排版後會email 知會蔡英文總統辦公室，（可再版，不得販售、圖利），我們只送不賣，大家可以留意廣發春聯的日期與地點。
·
高市小英就是台啦！
有發現小白背影坐姿其實就是台灣嗎？高雄守島貓·厭世貓小白，陪著闆娘［高市小英］一起從高雄發聲，守護台灣，全台最台的闆娘跟卯咪就在Miss Mimi！",2026-01-30 12:26,"左營早午餐｜左營咖啡廳｜下午茶｜晚餐｜場地租借｜會議包場｜高雄外燴｜高雄旅遊推薦
癒見老宅咖啡也是我家👇快追蹤@meet.the.old.house.coffee週一至週五9-20（晚餐請先預約）/週末9-18
低消為每人一杯飲品，餐點與甜點不可抵低消
漢神巨蛋步行2分鐘｜🅿️後方30公尺"
miss.mimi.coffee,Miss Mimi,"今日快訊！
黃狗猖一卸任就有動作，2/1上午十點將在土城成立競選總部，選年度最下健人氣王。大家會客菜可以開始準備了，準備「噴」剛剛好而已。
但是很抱歉，本店沒有賣噴，我們菜色精美，只適合台派聚會聊天時享用。",2026-01-30 07:43,"左營早午餐｜左營咖啡廳｜下午茶｜晚餐｜場地租借｜會議包場｜高雄外燴｜高雄旅遊推薦
癒見老宅咖啡也是我家👇快追蹤@meet.the.old.house.coffee週一至週五9-20（晚餐請先預約）/週末9-18
低消為每人一杯飲品，餐點與甜點不可抵低消
漢神巨蛋步行2分鐘｜🅿️後方30公尺"
miss.mimi.coffee,Miss Mimi,"立場不同的拜託請退追
因為我要來發佈會令你不開心的好消息
🫡立場堅定的好朋友請幫忙擴散🫡
·
為了慶祝黃狗猖2/2下台，我們印了2000張蔡英文總統的春聯miss mimi版本，把高雄首島貓·厭世貓小白也加進來，2/2要來廣發（如果提早收到會變成2/1）
·
好消息會成真嗎？
我們集氣，慶祝黃狗猖下台，早日入土城
·
👉這個很重要：我們合作的台派印刷業者幫忙排版後會email 知會蔡英文總統辦公室，（可再版，不得販售、圖利），我們只送不賣，大家可以留意廣發春聯的日期與地點。
·
高市小英就是台啦！
有發現小白背影坐姿其實就是台灣嗎？高雄守島貓·厭世貓小白，陪著闆娘［高市小英］一起從高雄發聲，守護台灣，全台最台的闆娘跟卯咪就在Miss Mimi！
·
大家有印刷相關需求可以找白喵
@summer69cool
@summer69cool",2026-01-29 21:45,"左營早午餐｜左營咖啡廳｜下午茶｜晚餐｜場地租借｜會議包場｜高雄外燴｜高雄旅遊推薦
癒見老宅咖啡也是我家👇快追蹤@meet.the.old.house.coffee週一至週五9-20（晚餐請先預約）/週末9-18
低消為每人一杯飲品，餐點與甜點不可抵低消
漢神巨蛋步行2分鐘｜🅿️後方30公尺"
