username,display_name,post_content,post_date,bio
fyou777,高雄的方先生,我因為心情不好所以買了烤玉米🌽,2025-12-28 22:53,四季春珍波椰無糖去冰謝謝@healthyf777方先生的三餐，偶爾可能是六餐或八餐
fyou777,高雄的方先生,我應該改名叫愛哭的方先生,2025-12-28 22:14,四季春珍波椰無糖去冰謝謝@healthyf777方先生的三餐，偶爾可能是六餐或八餐
fyou777,高雄的方先生,"早上去吃早餐
看到一個不會講華語的外國人
在傳統早餐早餐櫃檯前，很努力的講出
鍋…燒…意…麵
不知道是哪國人，很有品味👍👍❤️",2025-12-28 12:56,四季春珍波椰無糖去冰謝謝@healthyf777方先生的三餐，偶爾可能是六餐或八餐
fyou777,高雄的方先生,"好，抱歉，我需要廉價的批評謾罵宣洩情緒的那種
一早被又老又醜鼻毛還岔出來的人PUA，拜託，真的當我小朋友啊！！！我只是晚你幾年出生我不是白痴欸！",2025-12-28 11:33,四季春珍波椰無糖去冰謝謝@healthyf777方先生的三餐，偶爾可能是六餐或八餐
fyou777,高雄的方先生,"想說聖誕節都過了健身房裡那群很愛霸佔器材、不遵守健身房規定、在器材上跟孫子視訊大聊的退休長輩們怎麼還穿著聖誕醜毛衣？好啦，也是蠻環保的，畢竟醜毛衣也是衣服
但我又回想了一下
不對！他們平時就穿這個了！根本一年四季都穿，還會戴跟聖誕醜毛衣同系列的戴醜毛帽跟醜手套，然後用毛帽跟手套霸佔器材！！！！",2025-12-27 18:42,四季春珍波椰無糖去冰謝謝@healthyf777方先生的三餐，偶爾可能是六餐或八餐
fyou777,高雄的方先生,"剛去買東西
老闆不是叫我帥哥、不是叫我先生、不是叫我阿弟，叫我小老闆欸！
我很喜歡～感覺很霸氣，感覺賣海苔賺了很多錢❤️",2025-12-27 18:08,四季春珍波椰無糖去冰謝謝@healthyf777方先生的三餐，偶爾可能是六餐或八餐
fyou777,高雄的方先生,雖然沒有食慾，但我健身組間休息時一直忍不住模仿大跳歌手,2025-12-27 16:32,四季春珍波椰無糖去冰謝謝@healthyf777方先生的三餐，偶爾可能是六餐或八餐
fyou777,高雄的方先生,早上八點吃了早餐到現在快下午四點完全沒有餓，我到底怎麼了，美食傘蜥蜴是要脫皮長大了膩？,2025-12-27 15:53,四季春珍波椰無糖去冰謝謝@healthyf777方先生的三餐，偶爾可能是六餐或八餐
fyou777,高雄的方先生,比我漂亮的虱目魚肚❤️,2025-12-27 15:47,四季春珍波椰無糖去冰謝謝@healthyf777方先生的三餐，偶爾可能是六餐或八餐
fyou777,高雄的方先生,"甘草芭樂
並不是說加了一堆Lily Coco芭樂就可以難吃欸！！！！！芭樂本身也不能難吃成這樣吧！！！！吼呦😫😫😫😫😫😫",2025-12-26 20:45,四季春珍波椰無糖去冰謝謝@healthyf777方先生的三餐，偶爾可能是六餐或八餐
fyou777,高雄的方先生,我今天到底怎麼了，竟然一整天都沒有覺得餓，這不是我,2025-12-26 18:57,四季春珍波椰無糖去冰謝謝@healthyf777方先生的三餐，偶爾可能是六餐或八餐
fyou777,高雄的方先生,"反正今天就是跟一個外國人講話
我一直在想….是我外文的問題嗎？不可能啊，怎麼溝通起來這麼痛苦
後來發現是…他….好像……有點…..腦袋不太好這樣，差點忘記了外國也是有笨蛋的🙂‍↕️",2025-12-26 18:21,四季春珍波椰無糖去冰謝謝@healthyf777方先生的三餐，偶爾可能是六餐或八餐
fyou777,高雄的方先生,剛一瞬間以為是粉紅佳人P!nk，想叫他Just give me a reason為什麼叫我idiot sandwich,2025-12-26 17:16,四季春珍波椰無糖去冰謝謝@healthyf777方先生的三餐，偶爾可能是六餐或八餐
fyou777,高雄的方先生,想做什麼就趕快去做吧，因為一下子就老了，說不定等一下就會死了，所以趕快吧，畢竟我們不是每個人都陳文茜,2025-12-26 16:13,四季春珍波椰無糖去冰謝謝@healthyf777方先生的三餐，偶爾可能是六餐或八餐
fyou777,高雄的方先生,"我也不知道為什麼我那麼喜歡擺出奧古斯嘟的表情
我真的是個很奇怪的人ね",2025-12-26 14:36,四季春珍波椰無糖去冰謝謝@healthyf777方先生的三餐，偶爾可能是六餐或八餐
fyou777,高雄的方先生,"大家都很喜歡幫形象老實木訥的人講話，覺得他們一定是被欺負的一方
有錯一定是那個光鮮亮麗的人的問題，光鮮亮麗的人不要欺負老實人
😑",2025-12-26 09:37,四季春珍波椰無糖去冰謝謝@healthyf777方先生的三餐，偶爾可能是六餐或八餐
fyou777,高雄的方先生,被可愛小狗搭訕，但你的牽繩呢？,2025-12-26 00:09,四季春珍波椰無糖去冰謝謝@healthyf777方先生的三餐，偶爾可能是六餐或八餐
fyou777,高雄的方先生,"我不是說最近都會跟一個之前在東京時認識的人互道早安午安晚安我要出門了我回來了之類的嗎？姑且就先叫他海苔先生🍘，因為他名字發音跟海苔的日文一樣
跟海苔先生說我最近在看不良一族尋愛記，海苔先生還看了我跟一些朋友的合照，幾個朋友身上有紋身刺青
海苔先生剛感覺很擔心的問我…….
方君 你是真的喜歡89嗎？
😂😂😂😂😂😂😂😂😂",2025-12-25 22:54,四季春珍波椰無糖去冰謝謝@healthyf777方先生的三餐，偶爾可能是六餐或八餐
fyou777,高雄的方先生,"我剛吃了一籠蒸餃，不是一籠馬斯克，是一籠蒸餃
很好吃
真的好吃😋",2025-12-25 13:29,四季春珍波椰無糖去冰謝謝@healthyf777方先生的三餐，偶爾可能是六餐或八餐
fyou777,高雄的方先生,有時候覺得好多人的爸爸好廢、媽媽好可怕,2025-12-25 12:47,四季春珍波椰無糖去冰謝謝@healthyf777方先生的三餐，偶爾可能是六餐或八餐
fyou777,高雄的方先生,"我的生活
就是一場實體戀綜
像親戚不計較一樣長壽的戀綜",2025-12-25 00:42,四季春珍波椰無糖去冰謝謝@healthyf777方先生的三餐，偶爾可能是六餐或八餐
fyou777,高雄的方先生,"以前很不能理解什麼是Situationship，Relationship就Relationship，Situationship到底是什麼
但現在發現
我的哪一段Relationship不是Situationship
就是簡單的Situation跟複雜的Situation而已
我根本跟每個人都處在一個友達以上恋人未満的狀態，尤其是跟台灣人，好像大家都很怕講清楚說明白，擔心一但說破了就沒法再當朋友了，但怎麼沒想過，有可能不只是朋友
在日本時常無意間讓人誤會對別人有意思，但在台灣卻常讓人誤會我對對方沒有興趣。在日本當我說不想跟你當朋友了，人家以為我想跟對方當戀人；但在台灣當我說不想當朋友了，人家以為我要切八段絕交☺️我的腦袋可能跟其他人不太一樣，不過也沒關係，有時候覺得有鍋燒意麵跟烤玉米，好像也不一定要談戀愛，或許吧",2025-12-25 00:36,四季春珍波椰無糖去冰謝謝@healthyf777方先生的三餐，偶爾可能是六餐或八餐
fyou777,高雄的方先生,"我好像…..不太會跟台灣人相處…..
很容易關係走向很極端，要不是很純愛，不然就是很肉慾，好像沒有辦法兩個同時具備，我都會很納悶到底喜歡我什麼？純愛的想認識我更多面向，卻好像過份的禮貌客氣對我的身體興趣缺缺；對我身體感興趣的又對我的內在毫不在意
今天聖誕夜，人家約了我一起去愛河邊聽理想混蛋，對方表示有好感想以交往為前提相處認識，但過程中我好像在演獨角戲，自己一個人自言自語，他只是靜靜的聽我講話，都沒有想跟我說的嗎？對方只說喜歡聽我講我的事情。我試著有更多的肢體接觸，但只覺得好像抱了根漂流木，問了有喜歡我嗎？對方也只是點點頭沒有更多表示
最後離開時There is no kiss, there is no hug. 這個人就不見了，留下滿頭劉恭顯問號的我",2025-12-25 00:01,四季春珍波椰無糖去冰謝謝@healthyf777方先生的三餐，偶爾可能是六餐或八餐
fyou777,高雄的方先生,"我的聖誕夜
很浪漫
在愛河邊，有聖誕樹、有理想混蛋、有泡泡、有很多抱在一起的情侶
但我其實不知道約我聖誕夜一起聽理想混蛋的人是不是對我有好感，還是只是約我一起在聖誕夜的晚上在愛河邊聽理想混蛋",2025-12-24 23:32,四季春珍波椰無糖去冰謝謝@healthyf777方先生的三餐，偶爾可能是六餐或八餐
fyou777,高雄的方先生,"剛剛在停車場要繳費，不知道是不是因為剛剛的地震，繳費的機器當機了沒有反應，我的車車也出不去，有一點點焦慮
此時有個感覺會去台大排雞排的人靠近
那個人：你繳費了嗎？
我：？？？還沒，機器好像當機了，沒辦法繳，出不去😣你也是嗎？
那個人：不是
我：呃…那不然…問我..繳費了沒做什麼？（禮貌語氣
那個人：沒事！……怎樣！不能問嗎？！（突然變大聲
怪人！！！！！然後我還被困在停車場裡面！！！！",2025-12-24 19:00,四季春珍波椰無糖去冰謝謝@healthyf777方先生的三餐，偶爾可能是六餐或八餐
fyou777,高雄的方先生,地震！太大了吧！！！！我高雄欸！,2025-12-24 17:48,四季春珍波椰無糖去冰謝謝@healthyf777方先生的三餐，偶爾可能是六餐或八餐
fyou777,高雄的方先生,"中午粗糙叔描述我跟他們出去聚會到後面因為隱形眼鏡太乾讓人誤會的神情
他的描述很像
尤教授本來想用糖、香料，還有美好的味道，打造出完美小孩，沒想到教授的猩猩助手不小心把破產姐妹的蘇菲、美國第一夫人梅蘭尼亞、台灣的殷琦一起加了進去
然後意外誕生了我",2025-12-24 15:33,四季春珍波椰無糖去冰謝謝@healthyf777方先生的三餐，偶爾可能是六餐或八餐
fyou777,高雄的方先生,喔對了，我今年跨年跟我的頭銜很長日本友人一起過,2025-12-24 00:06,四季春珍波椰無糖去冰謝謝@healthyf777方先生的三餐，偶爾可能是六餐或八餐
fyou777,高雄的方先生,等紅綠燈，提UG飲料袋的人闖紅燈，差點被撞到，遵守交通規則的駕駛人好衰，一定被嚇一大跳,2025-12-23 22:29,四季春珍波椰無糖去冰謝謝@healthyf777方先生的三餐，偶爾可能是六餐或八餐
fyou777,高雄的方先生,"今天陪我上泰文的是
台灣的滿天星、德國的小熊、韓國的徐彰彬❤️",2025-12-23 21:18,四季春珍波椰無糖去冰謝謝@healthyf777方先生的三餐，偶爾可能是六餐或八餐
fyou777,高雄的方先生,"我也想要有一隻米奇堡居民
好可愛😣❤️",2025-12-23 21:17,四季春珍波椰無糖去冰謝謝@healthyf777方先生的三餐，偶爾可能是六餐或八餐
fyou777,高雄的方先生,"抽菸的人
真的全身都好臭喔，好影響人🤢
好想請他太空椅不要坐到我的椅子，連借他的筆跟計算機現在都是煙味☺️",2025-12-23 15:46,四季春珍波椰無糖去冰謝謝@healthyf777方先生的三餐，偶爾可能是六餐或八餐
fyou777,高雄的方先生,"以前聽到美國的同學在Walmart打工，負責的工作是把手推車推回原來的位置，他說很多人推車會亂放。我一直無法理解為什麼這還需要雇人特別去做？不是大家都會把推車推回該去的停放區嗎？亂放到時候車子溜走撞到人撞到車子怎麼辦？
但我最近發現很多人手推車都亂放
怎樣？退化喔？這些人，水準好低❤️",2025-12-23 14:29,四季春珍波椰無糖去冰謝謝@healthyf777方先生的三餐，偶爾可能是六餐或八餐
fyou777,高雄的方先生,"這是小小兵，跟那個叫學生上台被罵後卻又不願扛下責任讓學生獨自被罵的老師一樣
沒有肩膀☺️",2025-12-23 14:06,四季春珍波椰無糖去冰謝謝@healthyf777方先生的三餐，偶爾可能是六餐或八餐
fyou777,高雄的方先生,"有時候覺得
在社會上製造混亂紛爭甚至犯罪的天真大寶寶們，是不是背後都有像孫鵬跟狄鶯一樣的爸爸媽媽❤️",2025-12-23 14:02,四季春珍波椰無糖去冰謝謝@healthyf777方先生的三餐，偶爾可能是六餐或八餐
fyou777,高雄的方先生,"中午去吃飯，今天起床有一撮頭髮一直翹起來，我早上以為弄好壓下去了，但剛剛上廁所發現他還是一直翹在那邊，算了戴帽子好了，戴著帽子去吃午餐
午餐店內有一群應該是曾經的老同學，不停在講一些中年人爛梗，其中說到他們頭髮都掉光了，不過戴上帽子後看不出來啦，戴了帽子大家都一樣啦哈哈哈
我立刻把帽子拿下來！不一樣😣😣😣我不要～😭😭😭",2025-12-23 13:07,四季春珍波椰無糖去冰謝謝@healthyf777方先生的三餐，偶爾可能是六餐或八餐
fyou777,高雄的方先生,"你的小孩不理你
就表示你很爛啊，他一定對你失望透頂了，一次一次又一次",2025-12-23 10:47,四季春珍波椰無糖去冰謝謝@healthyf777方先生的三餐，偶爾可能是六餐或八餐
fyou777,高雄的方先生,怎麼那麼可愛😍,2025-12-23 09:36,四季春珍波椰無糖去冰謝謝@healthyf777方先生的三餐，偶爾可能是六餐或八餐
fyou777,高雄的方先生,"在醜AI詐騙帳號底下發情的人
是要看眼科還是要看腦科？",2025-12-23 09:24,四季春珍波椰無糖去冰謝謝@healthyf777方先生的三餐，偶爾可能是六餐或八餐
fyou777,高雄的方先生,"我親愛的朋朋們
我們都很漂亮保養得很好很年輕小龍女潘迎紫時空永恆的愛戀這樣
但我們不要再拿自己的臉跟身體去參加什麼脆上莫名的人發起的亂七八糟比賽了，我們都是冠軍，不要再拿我們的臉跟身體去餵奇怪的帳號了🙏",2025-12-22 23:44,四季春珍波椰無糖去冰謝謝@healthyf777方先生的三餐，偶爾可能是六餐或八餐
fyou777,高雄的方先生,"就是我現在同時在上日文跟泰文。
今天上日文回答問題，老師一直叫我重講、重講、重講，想說是怎樣，沒有錯啊，主句又不難幹嘛一直叫我再一次
結果我的數字為什麼要用泰文唸！自己還沒發現😫整句日文結果遇到數字就自動變泰文什麼意思啦",2025-12-22 22:00,四季春珍波椰無糖去冰謝謝@healthyf777方先生的三餐，偶爾可能是六餐或八餐
fyou777,高雄的方先生,"剛上日文課被罵了
老師說我QQ軟糖的袋子很吵🥲",2025-12-22 21:18,四季春珍波椰無糖去冰謝謝@healthyf777方先生的三餐，偶爾可能是六餐或八餐
fyou777,高雄的方先生,"為什麼我還要解釋來自馬來西亞的人不是馬來人
人家的國家就是叫馬來西亞，馬來西亞這個國家有很多種族的人，有馬來人、華人、印度人，還有原住民，官方語言是馬來語，還有很多不同的宗教….
我剛跟一個快樂冠軍解釋到爆炸他還聽不懂，科學家可不可以拿他的腦去研究一下怎麼有辦法那麼硬啊？頭コンクリ？
最後以為對方終於懂了，突然他又問，那為什麼馬來人會講中文？結果他是要問為什麼馬來西亞的華人會講中文……他到底有什麼困難！！！頭好痛",2025-12-22 18:40,四季春珍波椰無糖去冰謝謝@healthyf777方先生的三餐，偶爾可能是六餐或八餐
fyou777,高雄的方先生,"2026年即將來到
未來新的一年
高雄的方先生在這裡邀請大家
一起成為詐騙慣犯草衙雄的人間報應
遇到他
一人一句Go get a fucking job!!!!把他罵醒",2025-12-22 10:39,四季春珍波椰無糖去冰謝謝@healthyf777方先生的三餐，偶爾可能是六餐或八餐
fyou777,高雄的方先生,"東山鴨頭就是要甜
沒有甜的都不是東山鴨頭，只能叫東山鴨頭風炸滷味，謝謝🙏",2025-12-21 10:03,四季春珍波椰無糖去冰謝謝@healthyf777方先生的三餐，偶爾可能是六餐或八餐
fyou777,高雄的方先生,"最近睡覺很常做夢，但最近比較少夢到確診的無臉男跟Nicki Minaj
最近都會夢到食物，然後還會講話😣",2025-12-21 08:34,四季春珍波椰無糖去冰謝謝@healthyf777方先生的三餐，偶爾可能是六餐或八餐
fyou777,高雄的方先生,"甜湯圓鹹湯圓我都喜歡
但是！我是吃糯米跟糯米製品苦手
只能吃一點點🤏",2025-12-21 08:01,四季春珍波椰無糖去冰謝謝@healthyf777方先生的三餐，偶爾可能是六餐或八餐
fyou777,高雄的方先生,利用悲傷事件社會傷痛為自己打廣告的飲料就是下三濫的垃圾,2025-12-20 16:10,四季春珍波椰無糖去冰謝謝@healthyf777方先生的三餐，偶爾可能是六餐或八餐
fyou777,高雄的方先生,這是方先生的海產粥大午餐,2025-12-20 14:06,四季春珍波椰無糖去冰謝謝@healthyf777方先生的三餐，偶爾可能是六餐或八餐
fyou777,高雄的方先生,下雨天☔️鄰居家的花花很可愛❤️,2025-12-20 13:54,四季春珍波椰無糖去冰謝謝@healthyf777方先生的三餐，偶爾可能是六餐或八餐
w.zq._,w.zq._,到底要不要吃12顆葡萄呢今天,2025-12-31 14:12,"🌀
-
喵"
w.zq._,w.zq._,歐買尬我整晚沒睡 我完蛋了,2025-12-31 06:32,"🌀
-
喵"
w.zq._,w.zq._,靠北啦你去睡覺喔,2025-12-31 03:02,"🌀
-
喵"
w.zq._,w.zq._,喀喀喀,2025-12-30 12:43,"🌀
-
喵"
w.zq._,w.zq._,2026的話 我希望我的作息可以正常,2025-12-30 00:24,"🌀
-
喵"
w.zq._,w.zq._,上課睡覺 放學睡覺,2025-12-29 18:16,"🌀
-
喵"
w.zq._,w.zq._,救命 文化幣還沒花掉 那到底可以買啥,2025-12-29 17:38,"🌀
-
喵"
w.zq._,w.zq._,要剪頭髮嗎,2025-12-27 16:18,"🌀
-
喵"
w.zq._,w.zq._,你不要亂想喔,2025-12-26 21:14,"🌀
-
喵"
w.zq._,w.zq._,你很解你很解你很解,2025-12-26 10:09,"🌀
-
喵"
w.zq._,w.zq._,這天氣比他對我還要冷,2025-12-26 07:24,"🌀
-
喵"
w.zq._,w.zq._,要買嗎,2025-12-24 20:05,"🌀
-
喵"
w.zq._,w.zq._,又胖一公斤。,2025-12-23 01:17,"🌀
-
喵"
w.zq._,w.zq._,糟糕,2025-12-22 22:46,"🌀
-
喵"
kochan840000,黃姵蓉,"不要再說吃葡萄
我都買不到葡萄",2025-12-31 12:43,不要亂回 別煩我
kochan840000,黃姵蓉,"ummmm今天吃了很不好吃的火鍋
心情不是很好
我就不說店名了
實在有夠⋯⋯⋯⋯🤢",2025-12-29 22:04,不要亂回 別煩我
kochan840000,黃姵蓉,"忍了很久 終於要去做淚溝手術
要跟我30年的黑眼圈眼袋淚溝
說再見
我好興奮",2025-12-28 23:02,不要亂回 別煩我
kochan840000,黃姵蓉,"聖誕快樂🧑‍🎄
六點的滷肉飯很好吃",2025-12-25 15:52,不要亂回 別煩我
kochan840000,黃姵蓉,"現實生活中
不要說六年
六個月就下一段戀情了
我看完懶人包了
很棒很棒
 誰有那麼多六年",2025-12-23 14:23,不要亂回 別煩我
kochan840000,黃姵蓉,雙軌好看嗎,2025-12-22 19:52,不要亂回 別煩我
kochan840000,黃姵蓉,還是覺得很焦慮,2025-12-19 13:28,不要亂回 別煩我
kochan840000,黃姵蓉,"騙了我一堆眼淚💧
好啦第一季真的要有智商
第二季才看懂",2025-12-17 23:01,不要亂回 別煩我
unocha_hejiang,烏弄UNOCHA｜中山合江店,合江烏弄陪大家一起跨年～💖🎊,2025-12-31 14:56,"100%使用台灣在地原茶🍵
☎️02-2500-6856
營業時間⏰
平日11:00-21:00
週六12:00-20:00
週日公休 
（提早賣完提早打烊）
🔗Line群@940giklq
Ocard線上點&你訂皆可點餐✨"
unocha_hejiang,烏弄UNOCHA｜中山合江店,"親愛的顧客您好 為守護您手中的每一杯飲品,烏弄原茶自食材原料到承裝與接觸之包材,一貫優先選擇台灣在地生產、並通過檢驗的合作夥伴。
以下提供全門市在用包材之相關檢驗報告：
您可透過以下雲端連結或者社群&門市公告之QRcode 進入雲端資料夾查閱相關資訊。
雲端連結：
reurl.cc/pYqea…
品項：紙杯（含印刷油墨）、封口膜、吸管、提袋、杯蓋、杯套
生產地：台灣在地生產（MIT)
品項：紙杯（含印刷油墨）、封口膜、吸管、提袋
生產地：台灣在地生產（MIT)
感謝您的支持與愛護。烏弄原茶將持續守護每一杯茶飲的風味品質與食品安全。",2025-12-29 17:43,"100%使用台灣在地原茶🍵
☎️02-2500-6856
營業時間⏰
平日11:00-21:00
週六12:00-20:00
週日公休 
（提早賣完提早打烊）
🔗Line群@940giklq
Ocard線上點&你訂皆可點餐✨"
unocha_hejiang,烏弄UNOCHA｜中山合江店,"喝過一次就會ㄉㄧㄠˊ住的茶🍵
肯定是我們家啦～
全部都是台灣的喔🇹🇼
還沒喝過的朋友快來嚐嚐吧！！！
order.ocard.co/unoch…",2025-12-27 18:09,"100%使用台灣在地原茶🍵
☎️02-2500-6856
營業時間⏰
平日11:00-21:00
週六12:00-20:00
週日公休 
（提早賣完提早打烊）
🔗Line群@940giklq
Ocard線上點&你訂皆可點餐✨"
theroastduck,嘉義皇家烤鴨,"這是我們賣的烤鴨
如果你沒在半夜看過
現在看到了！",2025-12-28 23:42,在嘉義的烤鴨店
theroastduck,嘉義皇家烤鴨,"嘉義皇家烤鴨-新生店
於試賣與開幕期間推出限時優惠活動
誠摯邀請您蒞臨品嚐。
📅 活動期間
・試賣：12/30
・正式開幕：1/3
▍第一重外帶優惠（12/30–1/3）
烤鴨一隻三吃 NT$600
烤鴨一隻兩吃 NT$550
▍第二重內用優惠（12/30–1/3）
內用烤鴨 全面升級使用櫻桃鴨
櫻桃鴨肉質細緻、油脂均勻，更能呈現最佳風味表現。
▍第三重活動（12/30–1/5）
凡購買 兩個便當以上，即贈抽獎券一張。
活動期間 每日抽出「櫻桃鴨一隻三吃」乙份。（一個訂單贈送一張抽獎券🎟️）
📍 門市地址：嘉義市東區新生路 702 附 2 號
📞 訂購專線：05-2781732
※ 活動內容與供應數量以現場公告為準，售完為止。",2025-12-28 15:49,在嘉義的烤鴨店
joonhosg498,王麗萍,"蔡依林演唱會門票1/1
有2張還有要的嗎原價出
可約面交
有需要的朋友們請私我",2025-12-31 14:38,
joonhosg498,王麗萍,"蔡依林包包
有需要的嗎
可以來找我索取
免費給脆友們
喜歡的朋友們來私我",2025-12-30 23:29,
joonhosg498,王麗萍,"依琳周邊的有人要嗎
原價讓出
有需要的朋友們請私我",2025-12-30 19:52,
joonhosg498,王麗萍,"依琳周邊的有人要嗎
原價讓出
有需要的朋友們請私我",2025-12-30 18:07,
joonhosg498,王麗萍,"原價出讓幾張蔡依林演唱會門票
可以面交
票價4990有需要其他的请私我
只剩最後幾張
只有30號和31號
只有單，沒有連，
需要的朋友私訊我",2025-12-30 16:04,
joonhosg498,王麗萍,"原價出讓幾張蔡依林演唱會門票
可以面交
票價$3990
只剩最後幾張
只有30號和31號
只有單，沒有連，
需要的朋友私訊我",2025-12-30 13:25,
joonhosg498,王麗萍,"原價出讓幾張蔡依林演唱會門票
可以面交
票價$3990
只剩最後幾張
只有30號和31號
只有單，沒有連，
需要的朋友私訊我",2025-12-29 21:37,
joonhosg498,王麗萍,"有人有單一角色收藏這麼多的嗎
退坑了
免費送一些給有需要的脆友
有喜歡想要的朋友們拿圖私我喔
運費自吸喔",2025-12-29 19:34,
joonhosg498,王麗萍,"蔡依林演唱會
本人應援來了
免費送給有喜歡的脆友們
運費自吸
需要的請聯絡我喔",2025-12-29 17:10,
joonhosg498,王麗萍,"蔡依林演唱會
本人應援來了
免費送給有喜歡的脆友們
運費自吸
需要的請聯絡我喔",2025-12-29 15:20,
iamjayyo,☽ Evelyn,"#極限 #求票 蔡依林演唱會
今晚的任意票價都行 原價票
大巨蛋面交",2025-12-31 14:22,
iamjayyo,☽ Evelyn,"#收原價票 今晚 12/31 蔡依林演唱會
便宜的就好媽媽去放個風！！！",2025-12-31 10:53,
wadis_moontown,【二月飾品】金工手作飾品 天然水晶礦石販售,"看著留言區
他們清醒又不清醒
孕婦的血走私出去
沒有特殊裝置怎麼大量走私且保存
醫院有參與
國家也有參與啊
結果帶風向是境外勢力走私
拜託
共產黨才是全球的唯一最邪惡的境外勢力",2025-12-18 00:31,"一律禁止記者引用，禁止致敬抄襲
地府社畜aka鬼故事界柯南
有我在的地方就有鬼故事
不管過去、現在還是未來持續發生中
這裡有神有鬼以及人心的鬼故事
商品部分大多集中在IG
不管信不信我說的
相信當個知識吸收
不信當個故事聽聽
不喜就滑過喔🫶"
wadis_moontown,【二月飾品】金工手作飾品 天然水晶礦石販售,"我已經很溫柔了
勸下架文宣喔",2025-12-17 23:56,"一律禁止記者引用，禁止致敬抄襲
地府社畜aka鬼故事界柯南
有我在的地方就有鬼故事
不管過去、現在還是未來持續發生中
這裡有神有鬼以及人心的鬼故事
商品部分大多集中在IG
不管信不信我說的
相信當個知識吸收
不信當個故事聽聽
不喜就滑過喔🫶"
wadis_moontown,【二月飾品】金工手作飾品 天然水晶礦石販售,"這幾天刷串文看到大家推薦這兩個
手刀衝去買
晚點分享心得",2025-12-17 17:40,"一律禁止記者引用，禁止致敬抄襲
地府社畜aka鬼故事界柯南
有我在的地方就有鬼故事
不管過去、現在還是未來持續發生中
這裡有神有鬼以及人心的鬼故事
商品部分大多集中在IG
不管信不信我說的
相信當個知識吸收
不信當個故事聽聽
不喜就滑過喔🫶"
kai.07_08,小貝｜寂光之所｜米凱爾占卜師｜塔羅牌｜雷諾曼｜庫洛牌,"把目光放遠一點吧
不是所有答案
都藏在此刻的焦慮裡
當你抬頭看向天空
你會發現
世界從來不只你眼前的那一小塊
現在的困住、現在的迷霧、現在的無力
都只是你人生長河裡的一段雲層
天空不急著散雲
但時間會
請記得：
你不是走不出去
你只是還沒走到足夠遠的地方
目光向遠看
心就不會被困在當下
你會走過去的
像天空一樣，一直都在那裡
只是正在變化
#天空 #焦慮 #成長 #視野 #未來",2025-12-28 11:56,"- ｜占卜服務預約 & 合作邀約｜私訊小盒子
▾
- 寂光之所 - 米凱爾占卜師 -
🔮 一對一個人占卜 × 年度流年運勢 × 大眾占卜短影音
🪬 塔羅牌｜雷諾曼｜庫洛牌
✨ 累積千位以上真實個案經驗 ✦ 真實回饋可見
▾"
kai.07_08,小貝｜寂光之所｜米凱爾占卜師｜塔羅牌｜雷諾曼｜庫洛牌,"如果你的人生正在走向黑暗
請不要急著判定那是失敗
有些黑，不是懲罰
而是你的靈魂在要求你停下來
當光太刺眼、外界的聲音太吵
你才會被帶進一個什麼都沒有的地方
好讓你重新聽見自己
黑夜的真正意義，不是把你吞噬
而是逼你學會：不靠任何人，也能站得住
你會失去方向、失去安全感、甚至開始懷疑自己
但那不是退化，那是你舊的人生正在瓦解
因為只有在最暗的時候
你才會停止向外尋找光
轉而發現，你本身，就是光的來源
所以如果你正在低谷、正在孤獨
正在被迫面對真實的自己
請相信這一句話：
你不是被世界遺棄，你是在為下一次甦醒做準備
請你永遠記得
黎明從來不是突然出現的
它只會在你撐過黑夜之後
悄悄亮起
#語錄 #語錄分享 #文案 #人生 #未來",2025-12-27 14:36,"- ｜占卜服務預約 & 合作邀約｜私訊小盒子
▾
- 寂光之所 - 米凱爾占卜師 -
🔮 一對一個人占卜 × 年度流年運勢 × 大眾占卜短影音
🪬 塔羅牌｜雷諾曼｜庫洛牌
✨ 累積千位以上真實個案經驗 ✦ 真實回饋可見
▾"
kai.07_08,小貝｜寂光之所｜米凱爾占卜師｜塔羅牌｜雷諾曼｜庫洛牌,"不懂就問脆友！
有人知道蔡依林演唱會的座位排數跟座位號碼
是怎麼安排了嗎～～～～
想知道每一區的牌數如何跟號碼如何擺放
感謝各位",2025-12-25 17:45,"- ｜占卜服務預約 & 合作邀約｜私訊小盒子
▾
- 寂光之所 - 米凱爾占卜師 -
🔮 一對一個人占卜 × 年度流年運勢 × 大眾占卜短影音
🪬 塔羅牌｜雷諾曼｜庫洛牌
✨ 累積千位以上真實個案經驗 ✦ 真實回饋可見
▾"
kai.07_08,小貝｜寂光之所｜米凱爾占卜師｜塔羅牌｜雷諾曼｜庫洛牌,"有些人生
不是每天都有驚天動地的成就
也不是每一步都充滿光彩
我們忙著工作、忙著追夢、忙著應付生活裡無數瑣碎的事
常常覺得自己不夠快、不夠好、總是落後別人一步
甚至有時候，會懷疑自己選擇的路是否正確
會害怕孤單，也害怕停下來
但人生，其實是一場漫長的旅程
不是短跑，更不是競賽
忙碌之餘，能夠回頭微笑對自己說：
「我還在努力，我還在前進。」
哪怕今天跌倒了，哪怕今天迷路了
那也只是過程的一部分
重要的是，你學會辨認哪些值得堅持，哪些需要放手
你學會在孤單時照顧自己
在疲憊時給自己喘息的空間
人生不是一路平坦
也不需要每個瞬間都精彩
真正的美好，往往藏在那些安靜、踏實、累積的小日子裡
所以，別急著追趕別人的節奏
也別苛責自己的不完美
慢慢走，慢慢感受，慢慢成長
你會發現
每一步踏實的腳印，都是在提醒你：
你正在好好生活，好好成長
而這，已經很值得驕傲
#人生 #成長 #經歷 #生活 #努力",2025-12-25 12:12,"- ｜占卜服務預約 & 合作邀約｜私訊小盒子
▾
- 寂光之所 - 米凱爾占卜師 -
🔮 一對一個人占卜 × 年度流年運勢 × 大眾占卜短影音
🪬 塔羅牌｜雷諾曼｜庫洛牌
✨ 累積千位以上真實個案經驗 ✦ 真實回饋可見
▾"
kai.07_08,小貝｜寂光之所｜米凱爾占卜師｜塔羅牌｜雷諾曼｜庫洛牌,"這次的社會事件
確實在社會上引起了不少不安與惶恐
當資訊快速擴散、畫面不斷被重複看見
情緒被牽動，其實是很自然的事
保持警惕是必要的
代表我們開始更留意環境、也更重視自身安全
但提醒自己，警覺不等於恐慌
關心不需要用焦慮來交換
過度沉浸在恐懼中
會讓心長時間處於緊繃狀態
反而影響判斷，也消耗生活的能量
我們能做的，是在日常中多一分留意
多一點自我保護的意識
同時也要記得讓自己回到平穩的節奏裡
如果你發現自己開始感到不安、睡不好
或情緒被新聞牽著走
請暫時把手機放下，深呼吸
讓心慢慢回來
願我們都能在保持清醒的同時
不被恐懼帶走
用冷靜與覺察，守住屬於自己的安全與安定
#社會 #事件 #恐懼 #焦慮 #安全",2025-12-23 14:16,"- ｜占卜服務預約 & 合作邀約｜私訊小盒子
▾
- 寂光之所 - 米凱爾占卜師 -
🔮 一對一個人占卜 × 年度流年運勢 × 大眾占卜短影音
🪬 塔羅牌｜雷諾曼｜庫洛牌
✨ 累積千位以上真實個案經驗 ✦ 真實回饋可見
▾"
kai.07_08,小貝｜寂光之所｜米凱爾占卜師｜塔羅牌｜雷諾曼｜庫洛牌,"我知道你不是不努力
只是走到一個不知道該往哪裡去的階段
你明明已經撐很久了
卻還是會在夜深的時候懷疑自己：
「是不是我做錯選擇了？」
「是不是我其實不夠好？」
如果你看到這段文字
請你先停一下，深呼吸
迷茫不是失敗
而是靈魂正在提醒你
你的人生，準備要換一個方向前進了
占卜從來不是替你做決定
而是幫你在最混亂的時候
重新聽見自己內心真正的聲音
如果你最近：
・對未來感到不安
・對感情或人生方向卡關
・總覺得「好像該改變了，卻不知道怎麼開始」
那麼這段話
不是巧合，是給你的提醒
把這篇存起來
也可以交給那個正在迷路的朋友
有些光，會在你願意相信的那一刻出現
#迷茫 #占卜 #療癒系",2025-12-18 14:23,"- ｜占卜服務預約 & 合作邀約｜私訊小盒子
▾
- 寂光之所 - 米凱爾占卜師 -
🔮 一對一個人占卜 × 年度流年運勢 × 大眾占卜短影音
🪬 塔羅牌｜雷諾曼｜庫洛牌
✨ 累積千位以上真實個案經驗 ✦ 真實回饋可見
▾"
kai.07_08,小貝｜寂光之所｜米凱爾占卜師｜塔羅牌｜雷諾曼｜庫洛牌,"你之所以這麼累
不是因為你不夠努力
而是你把「愛自己」
排在所有人之後
你早就撐過很多不該一個人承受的事
只是你習慣對外說沒事
對自己卻從不手軟
你不是不值得被珍惜
你只是太習慣證明自己有用
卻忘了
人不需要有用，才配被愛
真正的愛自己
不是突然變得很厲害
而是那一天你終於停止問：
「我這樣夠不夠？」
開始對自己說：
「這樣就很好了！」
如果你最近什麼都不想做
卻又一直逼自己往前
請你聽好這句話：
👉 停下來，不是輸；撐到崩潰，才是
世界不會因為你少付出一點就否定你
真正會否定你的
只有你一直不肯善待自己
從今天開始
請你把那份溫柔
從留給別人
改成先留給自己
因為你不是來撐一輩子的
你是來好好活著的
#愛自己 #文案 #分享",2025-12-17 15:04,"- ｜占卜服務預約 & 合作邀約｜私訊小盒子
▾
- 寂光之所 - 米凱爾占卜師 -
🔮 一對一個人占卜 × 年度流年運勢 × 大眾占卜短影音
🪬 塔羅牌｜雷諾曼｜庫洛牌
✨ 累積千位以上真實個案經驗 ✦ 真實回饋可見
▾"
samwang0923,Sam Wang,身上一堆貓 哪都去不了,2025-12-26 20:31,學著 活在當下
samwang0923,Sam Wang,與家人聚餐,2025-12-24 21:06,學著 活在當下
samwang0923,Sam Wang,懷舊飲茶,2025-12-24 13:46,學著 活在當下
samwang0923,Sam Wang,看3個小時 看完眼睛都痠了 果然老了🤣,2025-12-24 01:16,學著 活在當下
samwang0923,Sam Wang,聖誕節沒空 先帶老母來吃鍋,2025-12-23 19:54,學著 活在當下
samwang0923,Sam Wang,來看看 人家 為什麼生意會好,2025-12-22 22:52,學著 活在當下
samwang0923,Sam Wang,這時間有鹹粥真不賴,2025-12-21 23:22,學著 活在當下
samwang0923,Sam Wang,炒意麵加大 幹活,2025-12-21 11:26,學著 活在當下
samwang0923,Sam Wang,認真清冰箱,2025-12-19 19:32,學著 活在當下
samwang0923,Sam Wang,看不慣老母的冰箱 最快的方法就是幫她換一台新的 就會把舊的快過期的都丟了🤣,2025-12-19 17:46,學著 活在當下
samwang0923,Sam Wang,越式 早午餐,2025-12-18 13:17,學著 活在當下
samwang0923,Sam Wang,跟小姑姑吃飯,2025-12-17 20:35,學著 活在當下
cloretss._,ʚɞ,♡,2025-12-31 12:59,⚡️
cloretss._,ʚɞ,🧡,2025-12-30 15:38,⚡️
cloretss._,ʚɞ,♡,2025-12-30 15:33,⚡️
cloretss._,ʚɞ,♡,2025-12-30 15:31,⚡️
cloretss._,ʚɞ,♡,2025-12-26 12:03,⚡️
cloretss._,ʚɞ,🧡,2025-12-23 14:58,⚡️
cloretss._,ʚɞ,🧡,2025-12-23 14:54,⚡️
cloretss._,ʚɞ,♡,2025-12-23 09:26,⚡️
cloretss._,ʚɞ,♡,2025-12-21 17:46,⚡️
cloretss._,ʚɞ,🧡,2025-12-21 17:29,⚡️
cloretss._,ʚɞ,🧡,2025-12-21 10:52,⚡️
cloretss._,ʚɞ,🧡,2025-12-20 09:47,⚡️
cloretss._,ʚɞ,♡,2025-12-20 09:20,⚡️
cloretss._,ʚɞ,🧡,2025-12-20 04:46,⚡️
cloretss._,ʚɞ,🧡,2025-12-20 04:44,⚡️
cloretss._,ʚɞ,♡,2025-12-20 04:09,⚡️
cloretss._,ʚɞ,♡,2025-12-20 04:02,⚡️
cloretss._,ʚɞ,🧡,2025-12-19 11:39,⚡️
cloretss._,ʚɞ,"@sebastian__1119
@sebastian__1119
🧡",2025-12-19 02:19,⚡️
cloretss._,ʚɞ,♡,2025-12-19 02:01,⚡️
cloretss._,ʚɞ,🧡,2025-12-19 01:38,⚡️
cloretss._,ʚɞ,🧡,2025-12-19 01:26,⚡️
cloretss._,ʚɞ,♡,2025-12-18 22:09,⚡️
cloretss._,ʚɞ,♡,2025-12-18 21:57,⚡️
cloretss._,ʚɞ,♡,2025-12-18 21:50,⚡️
cloretss._,ʚɞ,♡,2025-12-18 21:33,⚡️
cloretss._,ʚɞ,♡,2025-12-18 14:25,⚡️
cloretss._,ʚɞ,♡,2025-12-18 14:21,⚡️
cloretss._,ʚɞ,♡,2025-12-18 13:49,⚡️
rabal_1015,張瑞伯,"跨年這樣洗手👋🏻 讓2026年走旺運💰
特別不順的；聽話照做準沒錯🥰
1.用鹽洗洗手 🧂想招財旺運 
🧂鹽搓手 ｜🦠霉運走
洗好擦乾 保持片刻乾淨；輕拍額頭=留運🧧
2.不口舌、不抱怨、不生氣
跨一個年份能量會放大情緒，負能量越少，越容易吸引好事。
3.不要亂丟東西、砸物品
象徵破財。想丟的東西可集中整理，元旦早上再丟最佳。
4.避免與家人或伴侶爭執
一年的開始什麼樣，後續能量就會延續什麼樣，尤其男命以財論妻，多疼惜另一半也是增加財運的小秘訣喔！
5.今晚與明早保持環境整潔
桌面、玄關、垃圾桶、床邊都盡量乾乾淨淨→ 這叫「空間開財門」。
6.晚上洗澡時默念：把不屬於我的退散，象徵送走舊運、晦氣與累積的阻滯。
7.元旦早上開窗 3 分鐘，迎接新氣
象徵「迎富、迎福」。",2025-12-31 14:34,"🔮 保險規劃師 ｜八字命理｜道士修行者
🇹🇼 從軍 8 年 → 轉職保險業從守護家園，到守護家庭 🫡
🩺 醫療險・壽險・長照我都懂
😂 買保險不用怕，我比你更怕推銷
☕ 用奶茶的預算，換一輩子的安心
🛡️ 懂命運，也懂保障的保險人
😎 不賣保險，賣的是安全感與心安
📩 私訊聊聊你的保障健檢 👇"
rabal_1015,張瑞伯,"📆 3 個月
📄 5 張證照
📚 產險 / 投資 / 外幣 /人身保險
🎯 結果：一次過
當兵都沒有那麼那麼認真的在讀書，現在一次補回來 不用再每天跑完客戶或是健身後讀書了😍
有沒有前輩可以指導後面要考什麼證照比較吃香😍",2025-12-26 13:46,"🔮 保險規劃師 ｜八字命理｜道士修行者
🇹🇼 從軍 8 年 → 轉職保險業從守護家園，到守護家庭 🫡
🩺 醫療險・壽險・長照我都懂
😂 買保險不用怕，我比你更怕推銷
☕ 用奶茶的預算，換一輩子的安心
🛡️ 懂命運，也懂保障的保險人
😎 不賣保險，賣的是安全感與心安
📩 私訊聊聊你的保障健檢 👇"
rabal_1015,張瑞伯,"別人健身：線條、肌肉、體態
我健身：
➡️ 今天可以多吃一點了吧",2025-12-24 11:31,"🔮 保險規劃師 ｜八字命理｜道士修行者
🇹🇼 從軍 8 年 → 轉職保險業從守護家園，到守護家庭 🫡
🩺 醫療險・壽險・長照我都懂
😂 買保險不用怕，我比你更怕推銷
☕ 用奶茶的預算，換一輩子的安心
🛡️ 懂命運，也懂保障的保險人
😎 不賣保險，賣的是安全感與心安
📩 私訊聊聊你的保障健檢 👇"
rabal_1015,張瑞伯,"現在的生活就是：
白天：專業保險人
晚上：考生
空檔：假裝愛運動
電話一響：客戶至上
總結一句：
我沒有很厲害，我只是沒時間放棄 😌😂",2025-12-18 22:41,"🔮 保險規劃師 ｜八字命理｜道士修行者
🇹🇼 從軍 8 年 → 轉職保險業從守護家園，到守護家庭 🫡
🩺 醫療險・壽險・長照我都懂
😂 買保險不用怕，我比你更怕推銷
☕ 用奶茶的預算，換一輩子的安心
🛡️ 懂命運，也懂保障的保險人
😎 不賣保險，賣的是安全感與心安
📩 私訊聊聊你的保障健檢 👇"
meowgoodfriedchicken,喵咕炸雞｜板橋新埔,"感謝大師
@77love1028
@77love1028
光顧小店還賜美照😻
跨年要吃炸雞吧～",2025-12-31 15:00,"炸雞翅專賣店🍗
使用每日配送溫體雞肉
no cat no life
no chicken no life (•ө• )"
meowgoodfriedchicken,喵咕炸雞｜板橋新埔,"大家聖誕快樂🎄
聖誕節要吃炸雞吧～",2025-12-25 14:18,"炸雞翅專賣店🍗
使用每日配送溫體雞肉
no cat no life
no chicken no life (•ө• )"
meowgoodfriedchicken,喵咕炸雞｜板橋新埔,平安夜要吃炸雞吧～,2025-12-24 14:38,"炸雞翅專賣店🍗
使用每日配送溫體雞肉
no cat no life
no chicken no life (•ө• )"
lynn_____00,Lynn Chen,求1/1蔡依林演唱會的票,2025-12-31 13:23,"與神同行／

明善宮IG上線營運進行中❗️
IG傳送門👉 @mingshangwithlynn
歡迎按讚追蹤分享留言
臉書粉專傳送門⬇️"
fantasty_daifuku,幼想吃草莓大福,"紀錄賣草莓🍓大福100天
市集.夜市不定時出現
看看脆粉多幾個
今天的第11天
立文公園
市集活動
#草莓杯杯
#草莓大福",2025-12-28 17:35,
fantasty_daifuku,幼想吃草莓大福,"紀錄賣草莓🍓大福100天
市集.夜市不定時出現
看看脆粉多幾個
今天的第10天
今日在旱溪夜市
第二排靠近大樓
天氣有點變冷了.
來買草莓🍓大福注意保暖
超稀有草莓大福限量發售",2025-12-27 18:01,
fantasty_daifuku,幼想吃草莓大福,"紀錄賣草莓🍓大福100天
市集.夜市不定時出現
看看脆粉多幾個
今天的第9天
今日大慶夜市見
今天在第二排中靠近服務處
超稀有草莓大福.真的來了.
限量版.￼超大.3號草莓比照圖.",2025-12-26 17:18,
fantasty_daifuku,幼想吃草莓大福,"今天￼行程有改變.￼天氣考量.
￼今天我們會在大慶夜市
￼超稀有草莓🍓大福
今天這耶太大了吧
3號草莓🍓比照圖
限量發售",2025-12-26 14:43,
fantasty_daifuku,幼想吃草莓大福,"今日完售.感謝大家支持！
明天一樣旱溪夜市見.",2025-12-25 22:17,
fantasty_daifuku,幼想吃草莓大福,"紀錄賣草莓🍓大福100天
市集.夜市不定時出現
看看脆粉多幾個
今天的第7天
今天大慶夜市
第一排靠近汽車停車場",2025-12-19 17:56,
fantasty_daifuku,幼想吃草莓大福,"紀錄賣草莓🍓大福100天
市集.夜市不定時出現
看看粉絲多幾個
今天的第六天
今天在旱溪夜市
第二排靠近服務處
草莓大福3顆100元",2025-12-19 00:12,
fantasty_daifuku,幼想吃草莓大福,"草莓杯的秘密
￼一定要讓脆友知道￼
每當草莓季來臨.夜市草莓杯，不管是大人小孩都非常喜愛.人手一杯.但是你們知道嗎？
老闆你們的草莓有沒有洗.有洗了兩次.我都用透明杯.你看一下.不是用霧面杯子.還幫你們去蒂頭.有一次爸爸帶小朋友來買草莓.買了一杯.結果把草莓蒂頭咬掉在給小朋友吃.我心想哪裡出錯了嗎.於是自己吃了一顆.吃到了蒂頭真的有點不舒服.
自從那天後我決定.把草莓蒂頭去掉.一顆一顆蒂頭.
非常費工.多出來一倍的時間.朋友來找我.看到說.你是吃飽太閒喔.別人在賣都嗎葉子拔一拔而已.讓費時間.去蒂頭量變少.還要多裝好幾顆.心想大家一定感受得到吧.把最簡單的事情.做到最好.
說真的買草莓杯的回流客人.還不少.感謝你們給小弟的可定.莫忘初衷，感謝有你！",2025-12-18 02:31,
fantasty_daifuku,幼想吃草莓大福,"紀錄賣草莓🍓大福100天
市集.夜市不定時出現
看看粉絲多幾個
今天的第五天
今天在大慶夜市
第一排靠近停車場
今天有超稀有草莓大福
比照圖大嗎
限量發售",2025-12-17 17:55,
rk.sn88,RK星河娛樂城｜赤三國｜戰神賽特2覺醒之力,"🎄 RK娛樂城｜聖誕節快閃限定優惠🎄
🎅 聖誕節快閃優惠來了！
💰 存款滿額最高 回饋3%
📆 12/24 中午12:00－12/31 上午11:59
🎰 電子／捕魚適用｜流水只要3倍
🎁 每日最高可領 3,888
不拿對不起聖誕老公公 🎅
每天存、每天領
一路爽到跨年 🎆
🎄 RK娛樂城聖誕限定
🎄 存越多、回饋越高
🎄 快閃活動，錯過就真的沒了
📲 活動詳情／參加方式
👉 請洽樂樂💕版主 RKSN88
專人立即為您服務 💬
👉 立即登入 RK娛樂城
rk588.com/Regis…
#娛樂城 #娛樂城推薦 #戰神賽特 #赤三國 #雷神 
#仙境 #atg #rsg #qt #塔樓衝刺 #小雞過馬路",2025-12-20 21:49,"📌 新手限定｜首儲直接加倍送
⚡ 儲1,000｜送1,000
💰 儲3,000｜送1,688
💬 小編在線等，加我 👇
📲 @ rksn88（記得加@）"
winniep70h_tickets,維尼而購🍯,"【🔥 JOLIN 蔡依林｜好位釋出 🔥】
📅 演出日期：2025/12/31
📍 地點：臺北大巨蛋
🎫 票券皆為實體票，雙北可面交、或提供序號自行取票❤
（💰私訊報價）
--- ୨୧ ---
⭐️30.31號場次都可取票囉！⭐️
--- ୨୧ ---
【交易說明】
✔ 可接受面交，保障雙方權益
✔ 可自行查看脆文貼文紀錄，交易公開透明
📩 有興趣歡迎私訊 IG 或下方留言！感謝！",2025-12-31 13:44,"⊹🔎 Buy for you｜Pro票務代購
⠀⠀⠀⠀⠀⠀⠀⠀── .✦
🧩正在一點一點拼湊
目前處於佛系經營狀態，請稍候✍🏻"
winniep70h_tickets,維尼而購🍯,"【🔥 JOLIN 蔡依林｜好位釋出 🔥】
📅 演出日期：2025/12/31
📍 地點：臺北大巨蛋
🎫 票券皆為實體票，雙北可面交、或提供序號自行取票❤
（💰私訊報價）
--- ୨୧ ---
⭐️30.31號場次都可取票囉！⭐️
--- ୨୧ ---
【交易說明】
✔ 可接受面交，保障雙方權益
✔ 可自行查看脆文貼文紀錄，交易公開透明
📩 有興趣歡迎私訊 IG 或下方留言！感謝！",2025-12-31 09:37,"⊹🔎 Buy for you｜Pro票務代購
⠀⠀⠀⠀⠀⠀⠀⠀── .✦
🧩正在一點一點拼湊
目前處於佛系經營狀態，請稍候✍🏻"
winniep70h_tickets,維尼而購🍯,"【🔥 JOLIN 蔡依林｜好位釋出 🔥】
📅 演出日期：2025/12/31
📍 地點：臺北大巨蛋
🎫 票券皆為實體票，雙北可面交、或提供序號自行取票❤
（💰私訊報價）
--- ୨୧ ---
⭐️30.31號場次都可取票囉！⭐️
--- ୨୧ ---
【交易說明】
✔ 可接受面交，保障雙方權益
✔ 可自行查看脆文貼文紀錄，交易公開透明
📩 有興趣歡迎私訊 IG 或下方留言！感謝！",2025-12-31 03:34,"⊹🔎 Buy for you｜Pro票務代購
⠀⠀⠀⠀⠀⠀⠀⠀── .✦
🧩正在一點一點拼湊
目前處於佛系經營狀態，請稍候✍🏻"
winniep70h_tickets,維尼而購🍯,"【🔥 JOLIN 蔡依林｜好位釋出 🔥】
📅 演出日期：2025/12/31 1/1 三場都有！
📍 地點：臺北大巨蛋
🎫 票券皆為實體票，雙北可面交、或提供序號自行取票❤
（💰私訊報價）
--- ୨୧ ---
⭐️30.31號場次都可取票囉！⭐️
--- ୨୧ ---
【交易說明】
✔ 可接受面交，保障雙方權益
✔ 可自行查看脆文貼文紀錄，交易公開透明
📩 有興趣歡迎私訊 IG 或下方留言！感謝！",2025-12-31 00:00,"⊹🔎 Buy for you｜Pro票務代購
⠀⠀⠀⠀⠀⠀⠀⠀── .✦
🧩正在一點一點拼湊
目前處於佛系經營狀態，請稍候✍🏻"
winniep70h_tickets,維尼而購🍯,"【🔥 JOLIN 蔡依林｜好位釋出 🔥】
📅 演出日期：2025/12/30.31 1/1 三場都有！
📍 地點：臺北大巨蛋
🎫 票券皆為實體票，雙北可面交、或提供序號自行取票❤
（💰私訊報價）
--- ୨୧ ---
⭐️30.31號場次都可取票囉！⭐️
--- ୨୧ ---
【交易說明】
✔ 可接受面交，保障雙方權益
✔ 可自行查看脆文貼文紀錄，交易公開透明
📩 有興趣歡迎私訊 IG 或下方留言！感謝！",2025-12-30 14:16,"⊹🔎 Buy for you｜Pro票務代購
⠀⠀⠀⠀⠀⠀⠀⠀── .✦
🧩正在一點一點拼湊
目前處於佛系經營狀態，請稍候✍🏻"
winniep70h_tickets,維尼而購🍯,"【🔥 JOLIN 蔡依林｜好位釋出 🔥】
📅 演出日期：2025/12/30.31 1/1 三場都有！
📍 地點：臺北大巨蛋
🎫 票券皆為實體票，雙北可面交、或提供序號自行取票❤
（💰私訊報價）
--- ୨୧ ---
⭐️30.31號場次都可取票囉！⭐️
--- ୨୧ ---
【交易說明】
✔ 可接受面交，保障雙方權益
✔ 可自行查看脆文貼文紀錄，交易公開透明
📩 有興趣歡迎私訊 IG 或下方留言！感謝！",2025-12-30 01:59,"⊹🔎 Buy for you｜Pro票務代購
⠀⠀⠀⠀⠀⠀⠀⠀── .✦
🧩正在一點一點拼湊
目前處於佛系經營狀態，請稍候✍🏻"
winniep70h_tickets,維尼而購🍯,"【🔥 JOLIN 蔡依林｜好位釋出 🔥】
📅 演出日期：2025/12/30.31 1/1 三場都有！
📍 地點：臺北大巨蛋
🎫 票券皆為實體票，雙北可面交、或提供序號自行取票❤
（💰私訊報價）
--- ୨୧ ---
⭐️30.31號場次都可取票囉！⭐️
--- ୨୧ ---
【交易說明】
✔ 可接受面交，保障雙方權益
✔ 可自行查看脆文貼文紀錄，交易公開透明
📩 有興趣歡迎私訊 IG 或下方留言！感謝！",2025-12-29 17:45,"⊹🔎 Buy for you｜Pro票務代購
⠀⠀⠀⠀⠀⠀⠀⠀── .✦
🧩正在一點一點拼湊
目前處於佛系經營狀態，請稍候✍🏻"
winniep70h_tickets,維尼而購🍯,"【🔥 JOLIN 蔡依林｜好位釋出 🔥】
📅 演出日期：2025/12/30.31 1/1 三場都有！
📍 地點：臺北大巨蛋
🎫 票券皆為實體票，雙北可面交、或提供序號自行取票❤
（💰私訊報價）
--- ୨୧ ---
⭐️30.31號場次都可取票囉！⭐️
--- ୨୧ ---
【交易說明】
✔ 可接受面交，保障雙方權益
✔ 可自行查看脆文貼文紀錄，交易公開透明
📩 有興趣歡迎私訊 IG 或下方留言！感謝！",2025-12-29 13:50,"⊹🔎 Buy for you｜Pro票務代購
⠀⠀⠀⠀⠀⠀⠀⠀── .✦
🧩正在一點一點拼湊
目前處於佛系經營狀態，請稍候✍🏻"
winniep70h_tickets,維尼而購🍯,"【🔥 JOLIN 蔡依林｜好位釋出 🔥】
📅 演出日期：2025/12/30.31 1/1 三場都有！
📍 地點：臺北大巨蛋
🎫 票券皆為實體票，雙北可面交、或提供序號自行取票❤
（💰私訊報價）
--- ୨୧ ---
⭐️30.31號場次都可取票囉！⭐️
--- ୨୧ ---
【交易說明】
✔ 可接受面交，保障雙方權益
✔ 可自行查看脆文貼文紀錄，交易公開透明
📩 有興趣歡迎私訊 IG 或下方留言！感謝！",2025-12-29 13:49,"⊹🔎 Buy for you｜Pro票務代購
⠀⠀⠀⠀⠀⠀⠀⠀── .✦
🧩正在一點一點拼湊
目前處於佛系經營狀態，請稍候✍🏻"
winniep70h_tickets,維尼而購🍯,"【🔥 JOLIN 蔡依林｜好位釋出 🔥】
📅 演出日期：2025/12/30.31 1/1 三場都有！
📍 地點：臺北大巨蛋
🎫 票券皆為實體票，雙北可面交、或提供序號自行取票❤
（💰私訊報價）
--- ୨୧ ---
⭐️30.31號場次都可取票囉！⭐️
--- ୨୧ ---
【交易說明】
✔ 可接受面交，保障雙方權益
✔ 可自行查看脆文貼文紀錄，交易公開透明
📩 有興趣歡迎私訊 IG 或下方留言！感謝！",2025-12-29 10:55,"⊹🔎 Buy for you｜Pro票務代購
⠀⠀⠀⠀⠀⠀⠀⠀── .✦
🧩正在一點一點拼湊
目前處於佛系經營狀態，請稍候✍🏻"
winniep70h_tickets,維尼而購🍯,"【🔥 JOLIN 蔡依林｜好位釋出 🔥】
📅 演出日期：2025/12/30.31 1/1 三場都有！
📍 地點：臺北大巨蛋
🎫 票券皆為實體票，雙北可面交、或提供序號自行取票❤
（💰私訊報價）
--- ୨୧ ---
⭐️30.31號場次都可取票囉！⭐️
--- ୨୧ ---
【交易說明】
✔ 可接受面交，保障雙方權益
✔ 可自行查看脆文貼文紀錄，交易公開透明
📩 有興趣歡迎私訊 IG 或下方留言！感謝！",2025-12-29 08:13,"⊹🔎 Buy for you｜Pro票務代購
⠀⠀⠀⠀⠀⠀⠀⠀── .✦
🧩正在一點一點拼湊
目前處於佛系經營狀態，請稍候✍🏻"
winniep70h_tickets,維尼而購🍯,"【🔥 JOLIN 蔡依林｜好位釋出 🔥】
📅 演出日期：2025/12/30.31 1/1 三場都有！
📍 地點：臺北大巨蛋
🎫 票券皆為實體票，雙北可面交、或提供序號自行取票❤
（💰私訊報價）
--- ୨୧ ---
⭐️30.31號場次都可取票囉！⭐️
--- ୨୧ ---
【交易說明】
✔ 可接受面交，保障雙方權益
✔ 可自行查看脆文貼文紀錄，交易公開透明
📩 有興趣歡迎私訊 IG 或下方留言！感謝！",2025-12-28 19:51,"⊹🔎 Buy for you｜Pro票務代購
⠀⠀⠀⠀⠀⠀⠀⠀── .✦
🧩正在一點一點拼湊
目前處於佛系經營狀態，請稍候✍🏻"
winniep70h_tickets,維尼而購🍯,"【🔥 JOLIN 蔡依林｜好位釋出 🔥】
📅 演出日期：2025/12/30.31 1/1 三場都有！
📍 地點：臺北大巨蛋
🎫 票券皆為實體票，雙北可面交、或提供序號自行取票❤
（💰私訊報價）
--- ୨୧ ---
⭐️30.31號場次都可取票囉！⭐️
--- ୨୧ ---
【交易說明】
✔ 可接受面交，保障雙方權益
✔ 可自行查看脆文貼文紀錄，交易公開透明
📩 有興趣歡迎私訊 IG 或下方留言！感謝！",2025-12-28 18:20,"⊹🔎 Buy for you｜Pro票務代購
⠀⠀⠀⠀⠀⠀⠀⠀── .✦
🧩正在一點一點拼湊
目前處於佛系經營狀態，請稍候✍🏻"
winniep70h_tickets,維尼而購🍯,"【🔥 JOLIN 蔡依林｜好位釋出 🔥】
📅 演出日期：2025/12/30.31 1/1 三場都有！
📍 地點：臺北大巨蛋
🎫 票券皆為實體票，雙北可面交、或提供序號自行取票❤
（💰私訊報價）
--- ୨୧ ---
⭐️30.31號場次都可取票囉！⭐️
--- ୨୧ ---
【交易說明】
✔ 可接受面交，保障雙方權益
✔ 可自行查看脆文貼文紀錄，交易公開透明
📩 有興趣歡迎私訊 IG 或下方留言！感謝！",2025-12-28 16:17,"⊹🔎 Buy for you｜Pro票務代購
⠀⠀⠀⠀⠀⠀⠀⠀── .✦
🧩正在一點一點拼湊
目前處於佛系經營狀態，請稍候✍🏻"
winniep70h_tickets,維尼而購🍯,"【🔥 JOLIN 蔡依林｜好位釋出 🔥】
📅 演出日期：2025/12/30.31 1/1 三場都有！
📍 地點：臺北大巨蛋
🎫 票券皆為實體票，雙北可面交、或提供序號自行取票❤
（💰私訊報價）
--- ୨୧ ---
⭐️30.31號場次都可取票囉！⭐️
--- ୨୧ ---
【交易說明】
✔ 可接受面交，保障雙方權益
✔ 可自行查看脆文貼文紀錄，交易公開透明
📩 有興趣歡迎私訊 IG 或下方留言！感謝！",2025-12-28 11:07,"⊹🔎 Buy for you｜Pro票務代購
⠀⠀⠀⠀⠀⠀⠀⠀── .✦
🧩正在一點一點拼湊
目前處於佛系經營狀態，請稍候✍🏻"
winniep70h_tickets,維尼而購🍯,"【🔥 JOLIN 蔡依林｜好位釋出 🔥】
📅 演出日期：2025/12/30.31 1/1 三場都有！
📍 地點：臺北大巨蛋
🎫 票券皆為實體票，雙北可面交、或提供序號自行取票❤
（💰私訊報價）
--- ୨୧ ---
⭐️30.31號場次都可取票囉！⭐️
--- ୨୧ ---
【交易說明】
✔ 可接受面交，保障雙方權益
✔ 可自行查看脆文貼文紀錄，交易公開透明
📩 有興趣歡迎私訊 IG 或下方留言！感謝！",2025-12-28 02:07,"⊹🔎 Buy for you｜Pro票務代購
⠀⠀⠀⠀⠀⠀⠀⠀── .✦
🧩正在一點一點拼湊
目前處於佛系經營狀態，請稍候✍🏻"
winniep70h_tickets,維尼而購🍯,"【🔥 JOLIN 蔡依林｜好位釋出 🔥】
📅 演出日期：2025/12/30.31 1/1 三場都有！
📍 地點：臺北大巨蛋
🎫 票券皆為實體票，雙北可面交、或提供序號自行取票❤
（💰私訊報價）
--- ୨୧ ---
⭐️30.31號場次都可取票囉！⭐️
--- ୨୧ ---
【交易說明】
✔ 可接受面交，保障雙方權益
✔ 可自行查看脆文貼文紀錄，交易公開透明
📩 有興趣歡迎私訊 IG 或下方留言！感謝！",2025-12-28 02:06,"⊹🔎 Buy for you｜Pro票務代購
⠀⠀⠀⠀⠀⠀⠀⠀── .✦
🧩正在一點一點拼湊
目前處於佛系經營狀態，請稍候✍🏻"
winniep70h_tickets,維尼而購🍯,"【🔥 JOLIN 蔡依林｜好位釋出 🔥】
📅 演出日期：2025/12/30.31 1/1 三場都有！
📍 地點：臺北大巨蛋
🎫 票券皆為實體票，雙北可面交、或提供序號自行取票❤
（💰私訊報價）
--- ୨୧ ---
⭐️30.31號場次都可取票囉！⭐️
--- ୨୧ ---
【交易說明】
✔ 可接受面交，保障雙方權益
✔ 可自行查看脆文貼文紀錄，交易公開透明
📩 有興趣歡迎私訊 IG 或下方留言！感謝！",2025-12-27 22:58,"⊹🔎 Buy for you｜Pro票務代購
⠀⠀⠀⠀⠀⠀⠀⠀── .✦
🧩正在一點一點拼湊
目前處於佛系經營狀態，請稍候✍🏻"
winniep70h_tickets,維尼而購🍯,"【售｜MAYDAY#5525 台中場 】
📅 演出日期：2025/12/31
📍 地點：台中
🎫 票券皆為實體票，可面交、提供序號自行取票❤
【票券資訊】
▪ 搖滾A9區｜第 47排｜4連號｜票價5580$
（⚠️請私訊報價 報價含代尋費）
【交易說明】
✔ 可接受面交，保障雙方權益
✔ 對交易有疑慮者，請先自行查看脆文貼文紀錄
✔ 若仍無法接受，請勿洽詢，謝謝配合
--- ୨୧ ---
📩 有意者請私訊 IG 或於下方留言聯繫！感謝！",2025-12-27 18:48,"⊹🔎 Buy for you｜Pro票務代購
⠀⠀⠀⠀⠀⠀⠀⠀── .✦
🧩正在一點一點拼湊
目前處於佛系經營狀態，請稍候✍🏻"
winniep70h_tickets,維尼而購🍯,"【🔥 JOLIN 蔡依林｜好位釋出 🔥】
📅 演出日期：2025/12/30.31 1/1 三場都有！
📍 地點：臺北大巨蛋
🎫 票券皆為實體票，雙北可面交、或提供序號自行取票❤
（💰私訊報價）
--- ୨୧ ---
⭐️30.31號場次都可取票囉！⭐️
--- ୨୧ ---
【交易說明】
✔ 可接受面交，保障雙方權益
✔ 可自行查看脆文貼文紀錄，交易公開透明
📩 有興趣歡迎私訊 IG 或下方留言！感謝！",2025-12-27 18:13,"⊹🔎 Buy for you｜Pro票務代購
⠀⠀⠀⠀⠀⠀⠀⠀── .✦
🧩正在一點一點拼湊
目前處於佛系經營狀態，請稍候✍🏻"
winniep70h_tickets,維尼而購🍯,"【🔥 JOLIN 蔡依林｜好位釋出 🔥】
📅 演出日期：2025/12/30.31 1/1 三場都有！
📍 地點：臺北大巨蛋
🎫 票券皆為實體票，雙北可面交、或提供序號自行取票❤
（💰私訊報價）
--- ୨୧ ---
⭐️30.31號場次都可取票囉！⭐️
--- ୨୧ ---
【交易說明】
✔ 可接受面交，保障雙方權益
✔ 可自行查看脆文貼文紀錄，交易公開透明
📩 有興趣歡迎私訊 IG 或下方留言！感謝！",2025-12-27 14:13,"⊹🔎 Buy for you｜Pro票務代購
⠀⠀⠀⠀⠀⠀⠀⠀── .✦
🧩正在一點一點拼湊
目前處於佛系經營狀態，請稍候✍🏻"
winniep70h_tickets,維尼而購🍯,"【🔥 JOLIN 蔡依林｜好位釋出 🔥】
📅 演出日期：2025/12/30.31 1/1 三場都有！
📍 地點：臺北大巨蛋
🎫 票券皆為實體票，雙北可面交、或提供序號自行取票❤
（💰私訊報價）
--- ୨୧ ---
⭐️30.31號場次都可取票囉！⭐️
--- ୨୧ ---
【交易說明】
✔ 可接受面交，保障雙方權益
✔ 可自行查看脆文貼文紀錄，交易公開透明
📩 有興趣歡迎私訊 IG 或下方留言！感謝！",2025-12-27 14:12,"⊹🔎 Buy for you｜Pro票務代購
⠀⠀⠀⠀⠀⠀⠀⠀── .✦
🧩正在一點一點拼湊
目前處於佛系經營狀態，請稍候✍🏻"
winniep70h_tickets,維尼而購🍯,"【🔥 JOLIN 蔡依林｜好位釋出 🔥】
📅 演出日期：2025/12/30.31 1/1 三場都有！
📍 地點：臺北大巨蛋
🎫 票券皆為實體票，雙北可面交、或提供序號自行取票❤
（💰私訊報價）
--- ୨୧ ---
⭐️30.31號場次都可取票囉！⭐️
--- ୨୧ ---
【交易說明】
✔ 可接受面交，保障雙方權益
✔ 可自行查看脆文貼文紀錄，交易公開透明
📩 有興趣歡迎私訊 IG 或下方留言！感謝！",2025-12-27 13:05,"⊹🔎 Buy for you｜Pro票務代購
⠀⠀⠀⠀⠀⠀⠀⠀── .✦
🧩正在一點一點拼湊
目前處於佛系經營狀態，請稍候✍🏻"
winniep70h_tickets,維尼而購🍯,"【🔥 JOLIN 蔡依林｜好位釋出 🔥】
📅 演出日期：2025/12/30.31 1/1 三場都有！
📍 地點：臺北大巨蛋
🎫 票券皆為實體票，雙北可面交、或提供序號自行取票❤
（💰私訊報價）
--- ୨୧ ---
⭐️30.31號場次都可取票囉！⭐️
--- ୨୧ ---
【交易說明】
✔ 可接受面交，保障雙方權益
✔ 可自行查看脆文貼文紀錄，交易公開透明
📩 有興趣歡迎私訊 IG 或下方留言！感謝！",2025-12-27 13:04,"⊹🔎 Buy for you｜Pro票務代購
⠀⠀⠀⠀⠀⠀⠀⠀── .✦
🧩正在一點一點拼湊
目前處於佛系經營狀態，請稍候✍🏻"
winniep70h_tickets,維尼而購🍯,"【🔥 JOLIN 蔡依林｜好位釋出 🔥】
📅 演出日期：2025/12/30.31 1/1 三場都有！
📍 地點：臺北大巨蛋
🎫 票券皆為實體票，雙北可面交、或提供序號自行取票❤
（💰私訊報價）
--- ୨୧ ---
⭐️30.31號場次都可取票囉！⭐️
--- ୨୧ ---
【交易說明】
✔ 可接受面交，保障雙方權益
✔ 可自行查看脆文貼文紀錄，交易公開透明
📩 有興趣歡迎私訊 IG 或下方留言！感謝！",2025-12-27 04:26,"⊹🔎 Buy for you｜Pro票務代購
⠀⠀⠀⠀⠀⠀⠀⠀── .✦
🧩正在一點一點拼湊
目前處於佛系經營狀態，請稍候✍🏻"
winniep70h_tickets,維尼而購🍯,"【🔥 JOLIN 蔡依林｜好位釋出 🔥】
📅 演出日期：2025/12/30.31 1/1 三場都有！
📍 地點：臺北大巨蛋
🎫 票券皆為實體票，雙北可面交、或提供序號自行取票❤
（💰私訊報價）
--- ୨୧ ---
⭐️30.31號場次都可取票囉！⭐️
--- ୨୧ ---
【交易說明】
✔ 可接受面交，保障雙方權益
✔ 可自行查看脆文貼文紀錄，交易公開透明
📩 有興趣歡迎私訊 IG 或下方留言！感謝！",2025-12-26 12:29,"⊹🔎 Buy for you｜Pro票務代購
⠀⠀⠀⠀⠀⠀⠀⠀── .✦
🧩正在一點一點拼湊
目前處於佛系經營狀態，請稍候✍🏻"
winniep70h_tickets,維尼而購🍯,"【售｜MAYDAY#5525 台中場 】
📅 演出日期：2025/12/31
📍 地點：台中
🎫 票券皆為實體票，可面交、提供序號自行取票❤
【票券資訊】
▪ 搖滾A9區｜第 47排｜4連號｜票價5580$
（⚠️請私訊報價 報價含代尋費）
【交易說明】
✔ 可接受面交，保障雙方權益
✔ 對交易有疑慮者，請先自行查看脆文貼文紀錄
✔ 若仍無法接受，請勿洽詢，謝謝配合
--- ୨୧ ---
📩 有意者請私訊 IG 或於下方留言聯繫！感謝！",2025-12-26 06:09,"⊹🔎 Buy for you｜Pro票務代購
⠀⠀⠀⠀⠀⠀⠀⠀── .✦
🧩正在一點一點拼湊
目前處於佛系經營狀態，請稍候✍🏻"
winniep70h_tickets,維尼而購🍯,"【售｜MAYDAY#5525 台中場 】
📅 演出日期：2025/12/31
📍 地點：台中
🎫 票券皆為實體票，可面交、提供序號自行取票❤
【票券資訊】
▪ 搖滾A9區｜第 47排｜4連號｜票價5580$
（⚠️請私訊報價 報價含代尋費）
【交易說明】
✔ 可接受面交，保障雙方權益
✔ 對交易有疑慮者，請先自行查看脆文貼文紀錄
✔ 若仍無法接受，請勿洽詢，謝謝配合
--- ୨୧ ---
📩 有意者請私訊 IG 或於下方留言聯繫！感謝！",2025-12-25 14:27,"⊹🔎 Buy for you｜Pro票務代購
⠀⠀⠀⠀⠀⠀⠀⠀── .✦
🧩正在一點一點拼湊
目前處於佛系經營狀態，請稍候✍🏻"
winniep70h_tickets,維尼而購🍯,"【🔥 JOLIN 蔡依林｜好位釋出 🔥】
📅 演出日期：2025/12/30.31 1/1 三場都有！
📍 地點：臺北大巨蛋
🎫 票券皆為實體票，雙北可面交、或提供序號自行取票❤
（💰私訊報價）
--- ୨୧ ---
⭐️30號場次今日可取票！⭐️
--- ୨୧ ---
【交易說明】
✔ 可接受面交，保障雙方權益
✔ 可自行查看脆文貼文紀錄，交易公開透明
📩 有興趣歡迎私訊 IG 或下方留言！感謝！",2025-12-25 14:26,"⊹🔎 Buy for you｜Pro票務代購
⠀⠀⠀⠀⠀⠀⠀⠀── .✦
🧩正在一點一點拼湊
目前處於佛系經營狀態，請稍候✍🏻"
winniep70h_tickets,維尼而購🍯,"【🔥 JOLIN 蔡依林｜好位釋出 🔥】
📅 演出日期：2025/12/30.31 1/1 三場都有！
📍 地點：臺北大巨蛋
🎫 票券皆為實體票，雙北可面交、或提供序號自行取票❤
（💰私訊報價）
--- ୨୧ ---
📌30號場次明天25號即可取票！！！！！
--- ୨୧ ---
【交易說明】
✔ 可接受面交，保障雙方權益
✔ 可自行查看脆文貼文紀錄，交易公開透明
📩 有興趣歡迎私訊 IG 或下方留言！感謝！",2025-12-24 22:28,"⊹🔎 Buy for you｜Pro票務代購
⠀⠀⠀⠀⠀⠀⠀⠀── .✦
🧩正在一點一點拼湊
目前處於佛系經營狀態，請稍候✍🏻"
winniep70h_tickets,維尼而購🍯,"【🔥 JOLIN 蔡依林｜好位釋出 🔥】
📅 演出日期：2025/12/30.31 1/1 三場都有！
📍 地點：臺北大巨蛋
🎫 票券皆為實體票，雙北可面交、或提供序號自行取票❤
（💰私訊報價）
--- ୨୧ ---
📌30號場次明天25號即可取票！！！！！
--- ୨୧ ---
【交易說明】
✔ 可接受面交，保障雙方權益
✔ 可自行查看脆文貼文紀錄，交易公開透明
📩 有興趣歡迎私訊 IG 或下方留言！感謝！",2025-12-24 19:07,"⊹🔎 Buy for you｜Pro票務代購
⠀⠀⠀⠀⠀⠀⠀⠀── .✦
🧩正在一點一點拼湊
目前處於佛系經營狀態，請稍候✍🏻"
winniep70h_tickets,維尼而購🍯,"【售｜MAYDAY#5525 台中場 】
📅 演出日期：2025/12/31
📍 地點：台中
🎫 票券皆為實體票，可面交、提供序號自行取票❤
【票券資訊】
▪ 搖滾A9區｜第 47排｜4連號｜票價5580$
（⚠️請私訊報價 報價含代尋費）
【交易說明】
✔ 可接受面交，保障雙方權益
✔ 對交易有疑慮者，請先自行查看脆文貼文紀錄
✔ 若仍無法接受，請勿洽詢，謝謝配合
--- ୨୧ ---
📩 有意者請私訊 IG 或於下方留言聯繫！感謝！",2025-12-24 17:45,"⊹🔎 Buy for you｜Pro票務代購
⠀⠀⠀⠀⠀⠀⠀⠀── .✦
🧩正在一點一點拼湊
目前處於佛系經營狀態，請稍候✍🏻"
winniep70h_tickets,維尼而購🍯,"【🔥 JOLIN 蔡依林｜好位釋出 🔥】
📅 演出日期：2025/12/30.31 1/1 三場都有！
📍 地點：臺北大巨蛋
🎫 票券皆為實體票，雙北可面交、或提供序號自行取票❤
（💰私訊報價）
--- ୨୧ ---
📌30號場次明天25號即可取票！！！！！
--- ୨୧ ---
【交易說明】
✔ 可接受面交，保障雙方權益
✔ 可自行查看脆文貼文紀錄，交易公開透明
📩 有興趣歡迎私訊 IG 或下方留言！感謝！",2025-12-24 15:57,"⊹🔎 Buy for you｜Pro票務代購
⠀⠀⠀⠀⠀⠀⠀⠀── .✦
🧩正在一點一點拼湊
目前處於佛系經營狀態，請稍候✍🏻"
winniep70h_tickets,維尼而購🍯,"【🔥 JOLIN 蔡依林｜好位釋出 🔥】
📅 演出日期：2025/12/30.31 1/1 三場都有！
📍 地點：臺北大巨蛋
🎫 票券皆為實體票，雙北可面交、或提供序號自行取票❤
（💰私訊報價）
--- ୨୧ ---
📌30號場次明天25號即可取票！！！！！
--- ୨୧ ---
【交易說明】
✔ 可接受面交，保障雙方權益
✔ 可自行查看脆文貼文紀錄，交易公開透明
📩 有興趣歡迎私訊 IG 或下方留言！感謝！",2025-12-24 15:25,"⊹🔎 Buy for you｜Pro票務代購
⠀⠀⠀⠀⠀⠀⠀⠀── .✦
🧩正在一點一點拼湊
目前處於佛系經營狀態，請稍候✍🏻"
winniep70h_tickets,維尼而購🍯,"【🔥 JOLIN 蔡依林｜好位釋出 🔥】
📅 演出日期：2025/12/30.31 1/1 三場都有！
📍 地點：臺北大巨蛋
🎫 票券皆為實體票，雙北可面交、或提供序號自行取票❤
（💰私訊報價）
--- ୨୧ ---
📌30號場次明天25號即可取票！！！！！
--- ୨୧ ---
【交易說明】
✔ 可接受面交，保障雙方權益
✔ 可自行查看脆文貼文紀錄，交易公開透明
📩 有興趣歡迎私訊 IG 或下方留言！感謝！",2025-12-24 11:02,"⊹🔎 Buy for you｜Pro票務代購
⠀⠀⠀⠀⠀⠀⠀⠀── .✦
🧩正在一點一點拼湊
目前處於佛系經營狀態，請稍候✍🏻"
winniep70h_tickets,維尼而購🍯,"【🔥 JOLIN 蔡依林｜好位釋出 🔥】
📅 演出日期：2025/12/30.31 1/1 三場都有！
📍 地點：臺北大巨蛋
🎫 票券皆為實體票，雙北可面交、或提供序號自行取票❤
（💰私訊報價）
--- ୨୧ ---
📌30號場次明天25號即可取票！！！！！
--- ୨୧ ---
【交易說明】
✔ 可接受面交，保障雙方權益
✔ 可自行查看脆文貼文紀錄，交易公開透明
📩 有興趣歡迎私訊 IG 或下方留言！感謝！",2025-12-24 11:01,"⊹🔎 Buy for you｜Pro票務代購
⠀⠀⠀⠀⠀⠀⠀⠀── .✦
🧩正在一點一點拼湊
目前處於佛系經營狀態，請稍候✍🏻"
winniep70h_tickets,維尼而購🍯,"【🔥 預接代買 高雄 SUPER JUNIOR 🔥】
採「實名制認證」
📅 演出日期：2026/01/24（六）25（日）6 PM
📍 地點：高雄巨蛋
（💰私訊報價）
🎫 票券皆為實體票，雙北可面交、提供序號自行取票❤
--- ୨୧ ---
【交易說明】
✔ 可接受面交，保障雙方權益
✔ 可自行查看脆文貼文紀錄，交易公開透明
📩 有興趣歡迎私訊 IG 或下方留言！感謝！",2025-12-23 11:10,"⊹🔎 Buy for you｜Pro票務代購
⠀⠀⠀⠀⠀⠀⠀⠀── .✦
🧩正在一點一點拼湊
目前處於佛系經營狀態，請稍候✍🏻"
winniep70h_tickets,維尼而購🍯,"【售｜MAYDAY#5525 台中場 】
📅 演出日期：2025/12/31
📍 地點：台中
🎫 票券皆為實體票，可面交、提供序號自行取票❤
【票券資訊】
▪ 搖滾A9區｜第 47排｜4連號｜票價5580$
（⚠️請私訊報價 報價含代尋費）
【交易說明】
✔ 可接受面交，保障雙方權益
✔ 對交易有疑慮者，請先自行查看脆文貼文紀錄
✔ 若仍無法接受，請勿洽詢，謝謝配合
--- ୨୧ ---
📩 有意者請私訊 IG 或於下方留言聯繫！感謝！",2025-12-22 01:16,"⊹🔎 Buy for you｜Pro票務代購
⠀⠀⠀⠀⠀⠀⠀⠀── .✦
🧩正在一點一點拼湊
目前處於佛系經營狀態，請稍候✍🏻"
winniep70h_tickets,維尼而購🍯,"【🔥 JOLIN 蔡依林｜前排好位釋出 🔥】
📅 演出日期：2025/12/30.31 1/1 三場都有！
📍 地點：臺北大巨蛋
🎫 票券皆為實體票，雙北可面交、提供序號自行取票❤
✨ 好位難得，誠意售出 ✨
▪ 12/30 票價區4990$｜316 2排 二連
▪ 12/30 票價區6990$｜119 13排 三連號
▪ 12/31 票價區5990$｜215 19排 二連
▪ 1/1 票價區6990$｜A5 7排 單張
▪ 1/1 票價區6990$｜A5 10排 四連號
📌 價格可談｜誠意買家私訊討論
（💰私訊報價）
【交易說明】
✔ 可接受面交，保障雙方權益
✔ 可自行查看脆文貼文紀錄，交易公開透明
--- ୨୧ ---
📩 有興趣歡迎私訊 IG 或下方留言聯繫！感謝！",2025-12-21 22:41,"⊹🔎 Buy for you｜Pro票務代購
⠀⠀⠀⠀⠀⠀⠀⠀── .✦
🧩正在一點一點拼湊
目前處於佛系經營狀態，請稍候✍🏻"
winniep70h_tickets,維尼而購🍯,"【🔥 JOLIN 蔡依林｜前排好位釋出 🔥】
📅 演出日期：2025/12/30.31 1/1 三場都有！
📍 地點：臺北大巨蛋
🎫 票券皆為實體票，雙北可面交、提供序號自行取票❤
✨ 好位難得，誠意售出 ✨
▪ 12/30 票價區4990$｜316 2排 二連
▪ 12/30 票價區6990$｜119 13排 三連號
▪ 12/31 票價區5990$｜215 19排 二連
▪ 1/1 票價區6990$｜A5 7排 單張
▪ 1/1 票價區6990$｜A5 10排 四連號
📌 價格可談｜誠意買家可私訊討論
（💰報價皆已含代尋費）
【交易說明】
✔ 可接受面交，保障雙方權益
✔ 可自行查看脆文貼文紀錄，交易公開透明
--- ୨୧ ---
📩 有興趣歡迎私訊 IG 或下方留言聯繫！感謝！",2025-12-21 21:22,"⊹🔎 Buy for you｜Pro票務代購
⠀⠀⠀⠀⠀⠀⠀⠀── .✦
🧩正在一點一點拼湊
目前處於佛系經營狀態，請稍候✍🏻"
winniep70h_tickets,維尼而購🍯,"【售｜MAYDAY#5525 台中場 】
📅 演出日期：2025/12/31
📍 地點：台中
🎫 票券皆為實體票，可面交、提供序號自行取票❤
【票券資訊】
▪ 搖滾A9區｜第 47排｜4連號｜票價5580$
（⚠️請私訊報價 報價含代尋費）
【交易說明】
✔ 可接受面交，保障雙方權益
✔ 對交易有疑慮者，請先自行查看脆文貼文紀錄
✔ 若仍無法接受，請勿洽詢，謝謝配合
--- ୨୧ ---
📩 有意者請私訊 IG 或於下方留言聯繫！感謝！",2025-12-21 21:09,"⊹🔎 Buy for you｜Pro票務代購
⠀⠀⠀⠀⠀⠀⠀⠀── .✦
🧩正在一點一點拼湊
目前處於佛系經營狀態，請稍候✍🏻"
winniep70h_tickets,維尼而購🍯,"【售｜MAYDAY#5525 台中場 】
📅 演出日期：2025/12/31
📍 地點：台中
🎫 票券皆為實體票，可面交、提供序號自行取票❤
【票券資訊】
▪ 搖滾A9區｜第 47排｜4連號｜票價5580$
（⚠️請私訊報價 報價含代尋費）
【交易說明】
✔ 可接受面交，保障雙方權益
✔ 對交易有疑慮者，請先自行查看脆文貼文紀錄
✔ 若仍無法接受，請勿洽詢，謝謝配合
--- ୨୧ ---
📩 有意者請私訊 IG 或於下方留言聯繫！感謝！",2025-12-21 00:04,"⊹🔎 Buy for you｜Pro票務代購
⠀⠀⠀⠀⠀⠀⠀⠀── .✦
🧩正在一點一點拼湊
目前處於佛系經營狀態，請稍候✍🏻"
winniep70h_tickets,維尼而購🍯,"【🔥 JOLIN 蔡依林｜前排好位釋出 🔥】
📅 演出日期：2025/12/30.31 1/1 三場都有！
📍 地點：臺北大巨蛋
🎫 票券皆為實體票，可面交、提供序號自行取票❤
✨ 好位難得，誠意售出 ✨
▪ 12/30 票價區4990$｜316 2排 二連
▪ 12/30 票價區6990$｜119 13排 四連號
▪ 12/31 票價區5990$｜215 19排 二連
▪ 1/1 票價區6990$｜A5 7排 二連
📌 價格可談｜誠意買家可私訊討論
（💰報價皆已含代尋費，不另加收）
【交易說明】
✔ 可接受面交，保障雙方權益
✔ 可自行查看脆文貼文紀錄，交易公開透明
--- ୨୧ ---
📩 有興趣歡迎私訊 IG 或下方留言聯繫！感謝！",2025-12-20 22:14,"⊹🔎 Buy for you｜Pro票務代購
⠀⠀⠀⠀⠀⠀⠀⠀── .✦
🧩正在一點一點拼湊
目前處於佛系經營狀態，請稍候✍🏻"
winniep70h_tickets,維尼而購🍯,"【🔥 JOLIN 蔡依林｜前排好位釋出 🔥】
📅 演出日期：2025/12/30.31 1/1 三場都有！
📍 地點：臺北大巨蛋
🎫 票券皆為實體票，可面交、提供序號自行取票❤
✨ 好位難得，誠意售出 ✨
▪ 12/30 票價區4990$｜316 2排 二連
▪ 12/30 票價區6990$｜119 13排 四連號
▪ 12/31 票價區5990$｜215 19排 二連
▪ 1/1 票價區6990$｜A5 7排 二連
📌 價格可談｜誠意買家可私訊討論
（💰報價皆已含代尋費，不另加收）
【交易說明】
✔ 可接受面交，保障雙方權益
✔ 可自行查看脆文貼文紀錄，交易公開透明
--- ୨୧ ---
📩 有興趣歡迎私訊 IG 或下方留言聯繫！感謝！",2025-12-20 20:40,"⊹🔎 Buy for you｜Pro票務代購
⠀⠀⠀⠀⠀⠀⠀⠀── .✦
🧩正在一點一點拼湊
目前處於佛系經營狀態，請稍候✍🏻"
winniep70h_tickets,維尼而購🍯,"【🔥 JOLIN 蔡依林｜前排好位釋出 🔥】
📅 演出日期：2025/12/30.31 1/1 三場都有！
📍 地點：臺北大巨蛋
🎫 票券皆為實體票，可面交、提供序號自行取票❤
✨ 好位難得，誠意售出 ✨
▪ 12/30 票價區4990$｜316 2排 二連
▪ 12/30 票價區6990$｜119 13排 四連號
▪ 12/31 票價區5990$｜215 19排 二連
▪ 1/1 票價區6990$｜A5 7排 二連
📌 價格可談｜誠意買家可私訊討論
（💰報價皆已含代尋費，不另加收）
【交易說明】
✔ 可接受面交，保障雙方權益
✔ 可自行查看脆文貼文紀錄，交易公開透明
--- ୨୧ ---
📩 有興趣歡迎私訊 IG 或下方留言聯繫！感謝！",2025-12-20 20:06,"⊹🔎 Buy for you｜Pro票務代購
⠀⠀⠀⠀⠀⠀⠀⠀── .✦
🧩正在一點一點拼湊
目前處於佛系經營狀態，請稍候✍🏻"
namtanfilmhkfc,NamtanFilmHKFC,"Lunar同Avocean 跑過黎同Fans講bye bye 仲鞠埋躬勁乖🥰🥰拖住行到lift口再鞠多次🤣🩵💛最後兩個寶寶黎多個瞓身bye bye😆😆
抵錫到爆！
LUNAR NAMTANFILM AVATAR3
#SFxNamtanFilmLunar
謝謝香港Lunars提供相片及影片😘",2025-12-24 01:26,"Namtanfilm
Hong Kong Fans Club🇭🇰
Plutoseries🪐💫 2024.10.19❤️girlruleseries tbc
Welcome to join the namtanfilm hong kong fandom☺️
Follow our X & IG❤️"
namtanfilmhkfc,NamtanFilmHKFC,"兩個超努力玩緊遊戲🤣🤣😍😍😍
玩到勁開心😆😆😆
LUNAR NAMTANFILM AVATAR3
#SFxNamtanFilmLunar
Credit to SF cinema",2025-12-23 23:26,"Namtanfilm
Hong Kong Fans Club🇭🇰
Plutoseries🪐💫 2024.10.19❤️girlruleseries tbc
Welcome to join the namtanfilm hong kong fandom☺️
Follow our X & IG❤️"
namtanfilmhkfc,NamtanFilmHKFC,"兩隻手指推向中間就可以將BambiPrim合埋一齊🥰
期待Girl rules!!!!!✨✨✨",2025-12-22 14:57,"Namtanfilm
Hong Kong Fans Club🇭🇰
Plutoseries🪐💫 2024.10.19❤️girlruleseries tbc
Welcome to join the namtanfilm hong kong fandom☺️
Follow our X & IG❤️"
namtanfilmhkfc,NamtanFilmHKFC,"午餐好似好好食但應該都幾辣，見Namtan 都係咁飲水😆但有fans food support 生果拼盤食即刻甜哂🥰🥰🥰Lunars so sweet 
View 黎左陣join live😍,Film好似想叫佢一齊食話好好食🤣🤣",2025-12-22 14:49,"Namtanfilm
Hong Kong Fans Club🇭🇰
Plutoseries🪐💫 2024.10.19❤️girlruleseries tbc
Welcome to join the namtanfilm hong kong fandom☺️
Follow our X & IG❤️"
namtanfilmhkfc,NamtanFilmHKFC,"Film 開緊IG 雙人吃播！🥰🥰🥰🥰
大家快啲去睇！😍😍😍睇到肚餓！",2025-12-22 14:27,"Namtanfilm
Hong Kong Fans Club🇭🇰
Plutoseries🪐💫 2024.10.19❤️girlruleseries tbc
Welcome to join the namtanfilm hong kong fandom☺️
Follow our X & IG❤️"
namtanfilmhkfc,NamtanFilmHKFC,"GMMTV 2026年 Artist info 更新🤍❤️‍🩹
新官方照兩個都好靚靚😍😍😍😍✨✨✨
P.s. Namtan同Film高度同體重都係差5cm/kg🤭",2025-12-22 14:14,"Namtanfilm
Hong Kong Fans Club🇭🇰
Plutoseries🪐💫 2024.10.19❤️girlruleseries tbc
Welcome to join the namtanfilm hong kong fandom☺️
Follow our X & IG❤️"
namtanfilmhkfc,NamtanFilmHKFC,好有愛🥰🥰🥰,2025-12-20 20:59,"Namtanfilm
Hong Kong Fans Club🇭🇰
Plutoseries🪐💫 2024.10.19❤️girlruleseries tbc
Welcome to join the namtanfilm hong kong fandom☺️
Follow our X & IG❤️"
namtanfilmhkfc,NamtanFilmHKFC,"TipRacha 媽媽特登跑去佢地個女到
幫佢打氣🥹🥹🥹超暖嘅一家三口阿！😚😚
Lunar開心到扎扎跳🐼🐣✨✨
Credit to crbm_8282",2025-12-20 20:53,"Namtanfilm
Hong Kong Fans Club🇭🇰
Plutoseries🪐💫 2024.10.19❤️girlruleseries tbc
Welcome to join the namtanfilm hong kong fandom☺️
Follow our X & IG❤️"
namtanfilmhkfc,NamtanFilmHKFC,"震懾Impact Arena😎😎🔥🔥🔥
NAMTANFILM CHAMPION LUV 
#GMMTVStarlympics2025
Credit to Secret Styled on X",2025-12-20 16:59,"Namtanfilm
Hong Kong Fans Club🇭🇰
Plutoseries🪐💫 2024.10.19❤️girlruleseries tbc
Welcome to join the namtanfilm hong kong fandom☺️
Follow our X & IG❤️"
namtanfilmhkfc,NamtanFilmHKFC,"Thai festival Special FanMeeting - NamtanFilm cut 🤍❤️‍🩹
等緊睇starlympics 嘅Lunars可以Youtube 重溫下🥰🥰🥰🥰
youtu.be/z1PLb…",2025-12-20 13:43,"Namtanfilm
Hong Kong Fans Club🇭🇰
Plutoseries🪐💫 2024.10.19❤️girlruleseries tbc
Welcome to join the namtanfilm hong kong fandom☺️
Follow our X & IG❤️"
namtanfilmhkfc,NamtanFilmHKFC,"重溫日本場NamtanFilm 嘅💯撩人技能🤍❤️‍🩹
（盒內只有NamtanFilm嘅手）
主持：係咩嚟？
影：空氣☺️
糖：感覺係咪「愛」😎🩵 (氹到Film笑得幾甜）
影：我鐘意甜野係因為有糖”Namtan”🍬🍬🍭
Phi 表示好滿意呢個答案☺️",2025-12-20 13:24,"Namtanfilm
Hong Kong Fans Club🇭🇰
Plutoseries🪐💫 2024.10.19❤️girlruleseries tbc
Welcome to join the namtanfilm hong kong fandom☺️
Follow our X & IG❤️"
namtanfilmhkfc,NamtanFilmHKFC,"Thai Festival Specal FanMeeting 都上載左啦🙂‍↕️🇯🇵
日本嘅空氣又係特別甜✨
某糖唱唱下都忍唔住要攬攬Feem Feem🤭🤭
No.1 supporter Film 台下幫Namtan 大力打氣🥰💪🏼💪🏼💪🏼",2025-12-20 13:16,"Namtanfilm
Hong Kong Fans Club🇭🇰
Plutoseries🪐💫 2024.10.19❤️girlruleseries tbc
Welcome to join the namtanfilm hong kong fandom☺️
Follow our X & IG❤️"
namtanfilmhkfc,NamtanFilmHKFC,"今日終於係GMMTV Starlympics 2025 Match day!🏆🏆🏆一齊為NamtanFilm 打氣
刷trend details: 
🗓️ 2025/12/20
📈 02 : 45 PM （香港時間)
活動時間：⏰ 03 : 00 PM（香港時間）
地點：📍 IMPACT ARENA MUANG THONG THANI, BKK
🔑 NAMTANFILM CHAMPION LUV
#️⃣ GMMTVStarlympics2025",2025-12-20 11:04,"Namtanfilm
Hong Kong Fans Club🇭🇰
Plutoseries🪐💫 2024.10.19❤️girlruleseries tbc
Welcome to join the namtanfilm hong kong fandom☺️
Follow our X & IG❤️"
namtanfilmhkfc,NamtanFilmHKFC,久違嘅Thai festival 東京場重溫🇯🇵 （GMM更新嘅節奏真係有啲難捉摸😳）,2025-12-19 21:01,"Namtanfilm
Hong Kong Fans Club🇭🇰
Plutoseries🪐💫 2024.10.19❤️girlruleseries tbc
Welcome to join the namtanfilm hong kong fandom☺️
Follow our X & IG❤️"
namtanfilmhkfc,NamtanFilmHKFC,"Namtan x Gucci💚💚💚
糖糖fit到爆🥰",2025-12-19 20:55,"Namtanfilm
Hong Kong Fans Club🇭🇰
Plutoseries🪐💫 2024.10.19❤️girlruleseries tbc
Welcome to join the namtanfilm hong kong fandom☺️
Follow our X & IG❤️"
namtanfilmhkfc,NamtanFilmHKFC,"Gucci 新商務代言💚♥️
超高貴✨✨✨✨✨",2025-12-19 19:11,"Namtanfilm
Hong Kong Fans Club🇭🇰
Plutoseries🪐💫 2024.10.19❤️girlruleseries tbc
Welcome to join the namtanfilm hong kong fandom☺️
Follow our X & IG❤️"
namtanfilmhkfc,NamtanFilmHKFC,"Film 更新IG chat❤️‍🩹❤️‍🩹❤️‍🩹
“miss you krabb hehee”
我地都好掛住Feem Feem kub🥰🥰🥰",2025-12-19 01:12,"Namtanfilm
Hong Kong Fans Club🇭🇰
Plutoseries🪐💫 2024.10.19❤️girlruleseries tbc
Welcome to join the namtanfilm hong kong fandom☺️
Follow our X & IG❤️"
fabulous_beasts_bixie,Guan Guan(有獸焉辟邪),"2025年跨年將近
鹿人店台北分部將自本文發布起12/31~2026 1/1將頭貼變更為特殊外觀
全白101(X",2025-12-31 14:31,"(放在最上面置頂，我朋友oxhoo.sunboy有時候會用這個帳號，所以語氣可能不同)
【睡眠、吃飯、出遊
跟朋友電話聊天
皆暫停更新颱風警/特報還有資訊
請另尋其他管道】
天祿辟邪我們永不分離
我是貔貅天祿他哥，我可不愛吃寶珠，不要餵我，我蠻高冷的
請大家支持上古貔貅復活於現代的日常"
fabulous_beasts_bixie,Guan Guan(有獸焉辟邪),"迎接2026第1道曙光！
迎接2026年的第1道曙光，對許多人而言，曙光不只是日出的瞬間，更是象徵著新一年的開端與期待。有沒有機會看到，1/1當天天氣的走向就將成為曙光能見度的重要關鍵。根據今晨歐洲ECMWF及美國AIGFS數值模式模擬結果均顯示，元旦清晨，受到的天氣系統是東北季風增強，臺灣北部與東北部地區不但氣溫轉為涼冷；環境水氣亦同步增加，新竹以北、花蓮以北與恆春半島地區也都有局部短暫雨的不穩定天氣現象，要想看到元旦曙光的機會應該是全臺最小的。另一方面，由於東部外海雲量偏多，雲層容易堆積，也會直接壓縮到元旦曙光露臉的空間；相較之下，中南部地區多為多雲時晴天氣，若雲層破口出現，短暫見到曙光的機會最大。
資料來源:林老師氣象站FB",2025-12-31 08:46,"(放在最上面置頂，我朋友oxhoo.sunboy有時候會用這個帳號，所以語氣可能不同)
【睡眠、吃飯、出遊
跟朋友電話聊天
皆暫停更新颱風警/特報還有資訊
請另尋其他管道】
天祿辟邪我們永不分離
我是貔貅天祿他哥，我可不愛吃寶珠，不要餵我，我蠻高冷的
請大家支持上古貔貅復活於現代的日常"
fabulous_beasts_bixie,Guan Guan(有獸焉辟邪),"有獸焉1136話
分享有獸焉(漫畫)的圖(每一話)第四百一十天，四百一十一天，四百一十二天，四百一十三天",2025-12-30 22:58,"(放在最上面置頂，我朋友oxhoo.sunboy有時候會用這個帳號，所以語氣可能不同)
【睡眠、吃飯、出遊
跟朋友電話聊天
皆暫停更新颱風警/特報還有資訊
請另尋其他管道】
天祿辟邪我們永不分離
我是貔貅天祿他哥，我可不愛吃寶珠，不要餵我，我蠻高冷的
請大家支持上古貔貅復活於現代的日常"
fabulous_beasts_bixie,Guan Guan(有獸焉辟邪),"新系列之介紹各地公園及附近環境－德南區 EP 83（特別篇）
德源公園位於德南區中段，鄰近德源觀光夜市與德源捷運站，是一座融合都市綠地、社區活動與交通機能的開放式公園。園內設有環狀步道與草地廣場，適合散步、慢跑與野餐。公園中央設有涼亭與長椅，常見長者晨間打太極、學生午後練習街舞，偶爾還會有街頭藝人表演魔術或音樂，增添生活氣息。
兒童遊戲區配有滑梯、鞦韆與攀爬架，假日成為親子互動的熱點。公園東側設有UBike租借站，方便民眾騎乘串聯捷運站與夜市。據說樹德圖書館的志工團隊每月會在公園舉辦戶外閱讀活動，讓孩子們在草地上聽故事、畫畫，成為社區裡最受歡迎的親子時光。
周邊環境機能密集。北側為德源觀光夜市，販售各式小吃、文創商品與生活用品，是德南區夜間最具人氣的地段之一。西側為商業區，包含好市多大賣場、補寮商業大樓與土地銀行，生活機能完善。東側為住宅區，街道整齊，社區氛圍安靜宜人。主要幹道如平和路、德和路與中正一路貫穿各區，使德源公園成為德南區居民日常生活的重要綠色節點。
作者:
@oxhoo.sunboy
@oxhoo.sunboy
@fabulous_beasts_bixie
@fabulous_beasts_bixie",2025-12-30 19:54,"(放在最上面置頂，我朋友oxhoo.sunboy有時候會用這個帳號，所以語氣可能不同)
【睡眠、吃飯、出遊
跟朋友電話聊天
皆暫停更新颱風警/特報還有資訊
請另尋其他管道】
天祿辟邪我們永不分離
我是貔貅天祿他哥，我可不愛吃寶珠，不要餵我，我蠻高冷的
請大家支持上古貔貅復活於現代的日常"
fabulous_beasts_bixie,Guan Guan(有獸焉辟邪),"反聖嬰發生機率，明年1月衝到最高！
美國國家氣象局（National Weather Service,NWS）氣象預報中心（Climate Prediction Center,CPC）今年12月最新研究指出，根據目前最新氣候預報模式模擬結果，自9月開始，發生反聖嬰的訊號續有增強的趨勢。尤其，在今年11、12月至明年1月，反聖嬰發生的可能性已經衝破80%以上；且可持續到明年的2月（發生機率都在50%以上），隨後再逐步下降，最後恢復為中性正常特徵。
【反聖嬰現象對臺灣天氣的可能影響】：
根據過去歷史事件的統計分析，反聖嬰現象肇生時，當年臺灣冷季在北部及東北部的溼度增高，冬雨機會較大；同時，中南部環境轉趨偏乾，春雨（翌年2至4月）也會偏少。而，反聖嬰現象發生在冬天時，東北季風不但強度較強，且較易南下，冬天到隔年春季的氣溫也會比氣候平均值來的低，簡單來說，「冷冬」機會也會增大，而發生的機率約在6成左右。
資料來源:林老師氣象站FB",2025-12-30 10:00,"(放在最上面置頂，我朋友oxhoo.sunboy有時候會用這個帳號，所以語氣可能不同)
【睡眠、吃飯、出遊
跟朋友電話聊天
皆暫停更新颱風警/特報還有資訊
請另尋其他管道】
天祿辟邪我們永不分離
我是貔貅天祿他哥，我可不愛吃寶珠，不要餵我，我蠻高冷的
請大家支持上古貔貅復活於現代的日常"
fabulous_beasts_bixie,Guan Guan(有獸焉辟邪),"有獸焉刍狗的生日，最後倒數2天
(的隔一天)
(2025要過完啦🥳)",2025-12-29 22:54,"(放在最上面置頂，我朋友oxhoo.sunboy有時候會用這個帳號，所以語氣可能不同)
【睡眠、吃飯、出遊
跟朋友電話聊天
皆暫停更新颱風警/特報還有資訊
請另尋其他管道】
天祿辟邪我們永不分離
我是貔貅天祿他哥，我可不愛吃寶珠，不要餵我，我蠻高冷的
請大家支持上古貔貅復活於現代的日常"
fabulous_beasts_bixie,Guan Guan(有獸焉辟邪),"新系列之介紹各地公園及附近環境 EP 82
內湖運動公園是一座位於污水處理廠上方，佔地廣達 3.8 公頃的休閒公園，已於 2025 年 10 月 3 日完成全面改造後重新開放啟用。公園內設施多元，不論是親子家庭、青少年還是銀髮族都能在此享受不同的休閒活動。
極限運動場：設有「碗池區」、「拋台區」、「抱石區」及「新手區」4大專區，適合滑板、直排輪、特技單車愛好者。抱石牆有多種不同難度變化.親子戲水區與沙坑：每年暑假會開放戲水池，水深約 30-50 公分，池底使用藍色水紋鋪面，水質清澈，深受小朋友喜愛。沙坑旁設有樹蔭和座椅，方便家長休息.共融式遊具：設有多種組合遊具、攀爬架、平衡設施、單人彈跳床等，適合各年齡層兒童遊玩.觀機平台：因鄰近松山機場，在此可近距離看到飛機起降.其他設施：包含 PU 慢跑道、體健設施、大片綠地可供野餐.連結設施：有空橋及牽引道可銜接至彩虹河濱公園，方便騎乘腳踏車.
鄰近堤頂大道一段，舊宗路二段
作者:
@oxhoo.sunboy
@oxhoo.sunboy
@fabulous_beasts_bixie
@fabulous_beasts_bixie",2025-12-29 21:37,"(放在最上面置頂，我朋友oxhoo.sunboy有時候會用這個帳號，所以語氣可能不同)
【睡眠、吃飯、出遊
跟朋友電話聊天
皆暫停更新颱風警/特報還有資訊
請另尋其他管道】
天祿辟邪我們永不分離
我是貔貅天祿他哥，我可不愛吃寶珠，不要餵我，我蠻高冷的
請大家支持上古貔貅復活於現代的日常"
fabulous_beasts_bixie,Guan Guan(有獸焉辟邪),"波數3結構
這是北半球500百帕高度場預測圖，圖中線條彎彎曲曲，還有許多小圈圈，這是因為極渦偏弱，冷暖空氣容易互繞造成短波活躍的關係！
如果只看白灰色最冷空氣範圍，從中心的低壓往外看，主要有3條往外延伸的冷空氣，對應3條主要的槽線！
這就是波數3結構！
由於冬季高緯度地區，海溫明顯高於陸地溫度，所以太平洋和大西洋上容易產生脊場(暖空氣比較厚)。所以波數3結構的關鍵就是歐亞大陸塊上多出的深脊場，而在海面兩脊場外，另一端，空間較大的另一端，接近兩者中間最有空間發展出大尺度脊場，那個位置就在""貝加爾湖""附近，這就是東基天氣預報會重視貝加爾湖脊場的原因！
在波數3結構下，貝加爾湖脊場東側的偏北風，它的方向大致上就是對著台灣的方向來，也因此波數3結構就是台灣最容易出現冬季低溫的天氣型態！
資料來源:鄭明典FB",2025-12-29 11:37,"(放在最上面置頂，我朋友oxhoo.sunboy有時候會用這個帳號，所以語氣可能不同)
【睡眠、吃飯、出遊
跟朋友電話聊天
皆暫停更新颱風警/特報還有資訊
請另尋其他管道】
天祿辟邪我們永不分離
我是貔貅天祿他哥，我可不愛吃寶珠，不要餵我，我蠻高冷的
請大家支持上古貔貅復活於現代的日常"
fabulous_beasts_bixie,Guan Guan(有獸焉辟邪),"101跨年煙火，觀賞必讀！
2026年，觀賞101跨年煙火，可以分2種不同情境：
a.沒下雨時：環境風場就變得非常關鍵，包含風向及風速。基本的口訣，站在「上風處」看煙火，畫面最乾淨；站在「下風處」，容易被煙霧蓋住。預判今（2025）年12月31日晚間至明（2026）年1月1日清晨，臺北地區受東北季風南下影響，環境的中低層（地面至1500公尺）風向應在東北風至偏東風之間，風速則在3至8m/s之間；初步判斷煙霧會往西南到偏西方向飄移。最佳觀賞方位，以101的東側、南側最推薦；國父紀念館南側草地、象山中低段平台、世貿三館外圍及吳興街、福德街一帶高處都是較佳選擇。
b.下雨時：因雨水和厚雲層都會降低觀賞煙火的清晰度，尤其是高空煙火容易被雲層蓋住，嚴重影響視覺的能見度。這時，雨勢大小就比風向要來得更為重要，近距離觀賞勝過高視角遠處眺望佳。
根據今晨歐洲EC-AIFS數值模式模擬結果顯示，今年跨年夜到明年元旦，臺北的天氣以多雲短暫雨發生機會較大，氣溫會在攝氏15至18度之間；所以，建議觀賞101跨年煙火，可以選擇在101的東側、南側，備雨具、近距離觀賞最佳。
資料來源:林老師氣象站FB",2025-12-29 09:09,"(放在最上面置頂，我朋友oxhoo.sunboy有時候會用這個帳號，所以語氣可能不同)
【睡眠、吃飯、出遊
跟朋友電話聊天
皆暫停更新颱風警/特報還有資訊
請另尋其他管道】
天祿辟邪我們永不分離
我是貔貅天祿他哥，我可不愛吃寶珠，不要餵我，我蠻高冷的
請大家支持上古貔貅復活於現代的日常"
fabulous_beasts_bixie,Guan Guan(有獸焉辟邪),"有獸焉刍狗的生日，最後倒數3天啦！
(的隔一天)
(Running running 🏃‍♂️
2025 last days😄)",2025-12-28 23:39,"(放在最上面置頂，我朋友oxhoo.sunboy有時候會用這個帳號，所以語氣可能不同)
【睡眠、吃飯、出遊
跟朋友電話聊天
皆暫停更新颱風警/特報還有資訊
請另尋其他管道】
天祿辟邪我們永不分離
我是貔貅天祿他哥，我可不愛吃寶珠，不要餵我，我蠻高冷的
請大家支持上古貔貅復活於現代的日常"
fabulous_beasts_bixie,Guan Guan(有獸焉辟邪),"有獸焉1135話
分享有獸焉(漫畫)的圖(每一話)第四百零六天，四百零七天，四百零八天，四百零九天",2025-12-28 23:04,"(放在最上面置頂，我朋友oxhoo.sunboy有時候會用這個帳號，所以語氣可能不同)
【睡眠、吃飯、出遊
跟朋友電話聊天
皆暫停更新颱風警/特報還有資訊
請另尋其他管道】
天祿辟邪我們永不分離
我是貔貅天祿他哥，我可不愛吃寶珠，不要餵我，我蠻高冷的
請大家支持上古貔貅復活於現代的日常"
fabulous_beasts_bixie,Guan Guan(有獸焉辟邪),"新系列之介紹各地公園及附近環境 EP 81
園內設施完善，有大片草皮、植栽，並設有網球場供民眾免費使用。
鄰近堤頂大道，民權東路六段15、19巷
作者:
@oxhoo.sunboy
@oxhoo.sunboy
@fabulous_beasts_bixie
@fabulous_beasts_bixie",2025-12-28 20:00,"(放在最上面置頂，我朋友oxhoo.sunboy有時候會用這個帳號，所以語氣可能不同)
【睡眠、吃飯、出遊
跟朋友電話聊天
皆暫停更新颱風警/特報還有資訊
請另尋其他管道】
天祿辟邪我們永不分離
我是貔貅天祿他哥，我可不愛吃寶珠，不要餵我，我蠻高冷的
請大家支持上古貔貅復活於現代的日常"
fabulous_beasts_bixie,Guan Guan(有獸焉辟邪),"那是甚麼意思？
0度線接觸台灣？
通常在冬季低溫預報時說""0度線接觸台灣""，那幾乎肯定是說850百帕的等溫線！
為什麼呢？因為模式預報的地面溫度通常會有系統性偏差，需要很多""訂正""才能使用。一個方便的替代方案就是看850百帕的溫度來推估地面氣溫，原理是：
冬季冷空氣出海，由於海溫高，垂直混合很有效率，混合層高度通常高於850百帕(但有例外)。混合層如果飽和(下雨狀態)，那麼接近海平面的地面氣溫(如台北站氣溫)，大約就是850百帕溫度+8度；如果混合層很乾，那就+12度(但可能有輻射冷卻)，一般是在+8到+10度之間。
所以，850百帕0度線接觸台灣陸地，台北站上空850百帕的溫度很可能小於2度，那地面氣溫就有很高的機率達10度以下。不過，近年來，台北站的氣溫總是比周邊高1~2度，所以850百帕的0度線接觸台灣，變成有""強烈大陸冷氣團可能""的意思，而不是寒流了！
1月2日晚上就有機會，因為模式預報的一致性很高，有參考價值！
資料來源:鄭明典FB",2025-12-28 13:19,"(放在最上面置頂，我朋友oxhoo.sunboy有時候會用這個帳號，所以語氣可能不同)
【睡眠、吃飯、出遊
跟朋友電話聊天
皆暫停更新颱風警/特報還有資訊
請另尋其他管道】
天祿辟邪我們永不分離
我是貔貅天祿他哥，我可不愛吃寶珠，不要餵我，我蠻高冷的
請大家支持上古貔貅復活於現代的日常"
fabulous_beasts_bixie,Guan Guan(有獸焉辟邪),"2026年1月上旬，幾乎天天都是涼冷！
根據中央氣象署系集模式最新對溫度指標的預測趨勢來看，未來2週，計有2波溫度上下震盪現象。12/30受東北季風增強影響，溫度開始小幅下降，導致跨年夜及元旦清晨氣溫都是偏涼冷。明年1/1白天起，溫度開始緩慢回升；至1/2下半天後，氣溫再度下滑。此後，至1/10，若與氣候平均值相比的話，逐日氣溫都是偏低的；尤其是1/6至1/8期間，降溫最為顯著，降幅最為劇烈。整體來看，2026元旦過後，強冷空氣開始南下，不但維持時間較長（至少10天或以上）；強度也有機會達寒流等級，需要特別追蹤關注。
資料來源:林老師氣象站FB",2025-12-28 10:43,"(放在最上面置頂，我朋友oxhoo.sunboy有時候會用這個帳號，所以語氣可能不同)
【睡眠、吃飯、出遊
跟朋友電話聊天
皆暫停更新颱風警/特報還有資訊
請另尋其他管道】
天祿辟邪我們永不分離
我是貔貅天祿他哥，我可不愛吃寶珠，不要餵我，我蠻高冷的
請大家支持上古貔貅復活於現代的日常"
fabulous_beasts_bixie,Guan Guan(有獸焉辟邪),"有獸焉刍狗的生日，最後4天！
(的隔一天)
在平復剛才地震餘悸猶存的心情的時候😱
也不妨也別忘了follow刍狗的生日哦😁
[山神小山雀可愛吧(≧ω≦)]",2025-12-27 23:44,"(放在最上面置頂，我朋友oxhoo.sunboy有時候會用這個帳號，所以語氣可能不同)
【睡眠、吃飯、出遊
跟朋友電話聊天
皆暫停更新颱風警/特報還有資訊
請另尋其他管道】
天祿辟邪我們永不分離
我是貔貅天祿他哥，我可不愛吃寶珠，不要餵我，我蠻高冷的
請大家支持上古貔貅復活於現代的日常"
fabulous_beasts_bixie,Guan Guan(有獸焉辟邪),oh no.....Yilan,2025-12-27 23:10,"(放在最上面置頂，我朋友oxhoo.sunboy有時候會用這個帳號，所以語氣可能不同)
【睡眠、吃飯、出遊
跟朋友電話聊天
皆暫停更新颱風警/特報還有資訊
請另尋其他管道】
天祿辟邪我們永不分離
我是貔貅天祿他哥，我可不愛吃寶珠，不要餵我，我蠻高冷的
請大家支持上古貔貅復活於現代的日常"
fabulous_beasts_bixie,Guan Guan(有獸焉辟邪),"新系列之介紹各地公園及附近環境 EP 80
位於內湖區瑞光路132巷旁的瑞光公園，開闢於民國93年，由於公園旁就是高級別墅區，曾被民眾戲稱為「豪宅公園」，園區面積共33,806平方公尺，地形起伏變化，一半為緩坡，鄰陽光街321巷旁斜坡有一片完整且開闊的草坪，常吸引民眾駐足逗留拍照、享受日光浴，園區栽種草坪及羅漢松、白千層、臺灣欒樹、大王椰子、相思樹、鐵樹、含笑、蜘蛛百合等多種樹木植栽綠美化，且步道以花與蝴蝶為主題之馬賽克裝飾，也有多個超Q的可愛動物石雕像，如松鼠、貓頭鷹、猴子等，除附近住戶常帶小朋友來遊玩，不少內科人也趁中午或下班時刻，來此散心紓壓，歡迎大家來此一遊。
鄰近中山高速公路，瑞光路132巷
作者:
@oxhoo.sunboy
@oxhoo.sunboy
@fabulous_beasts_bixie
@fabulous_beasts_bixie",2025-12-27 19:14,"(放在最上面置頂，我朋友oxhoo.sunboy有時候會用這個帳號，所以語氣可能不同)
【睡眠、吃飯、出遊
跟朋友電話聊天
皆暫停更新颱風警/特報還有資訊
請另尋其他管道】
天祿辟邪我們永不分離
我是貔貅天祿他哥，我可不愛吃寶珠，不要餵我，我蠻高冷的
請大家支持上古貔貅復活於現代的日常"
fabulous_beasts_bixie,Guan Guan(有獸焉辟邪),"一汪空氣&靴下貓腰子 北京IDO簽書會情報！
《非人哉》作者一汪空氣 
《有獸焉》作者靴下貓腰子
確認出席 北京IDO52~
🔻出席時間：2026年1月2日
🔻簽書會時間：2026年1月2日 12:00-16:00
🔻售書時間：2026年1月2日 10:00起
🔺售書地點：A01分子互動攤位
🔺簽書會地點：北市亦創國際會展中心 簽售A區
（活動細則見配圖）
✨溫馨倡議✨
❌ 不夜排，養足精神赴好約；
❌ 不找黃牛，抵銷溢價守權益；
❌ 不找代簽，親身奔赴更珍貴。
讓這場見面滿是純粹的快樂～ 我們現場見！",2025-12-27 14:34,"(放在最上面置頂，我朋友oxhoo.sunboy有時候會用這個帳號，所以語氣可能不同)
【睡眠、吃飯、出遊
跟朋友電話聊天
皆暫停更新颱風警/特報還有資訊
請另尋其他管道】
天祿辟邪我們永不分離
我是貔貅天祿他哥，我可不愛吃寶珠，不要餵我，我蠻高冷的
請大家支持上古貔貅復活於現代的日常"
fabulous_beasts_bixie,Guan Guan(有獸焉辟邪),"✏️【12/27-1/9天氣展望】
📌氣溫：未來第1週期初各地氣溫回升，中南部日夜溫差仍大，期末至第2週另一波北方冷高壓有南下的趨勢，各地氣溫明顯下降，冷空氣影響時間長。
📌降雨：以北部及東半部有局部短暫雨為主，其他地區大致為多雲到晴的天氣。
⚠️未來兩週氣溫明顯轉變，請隨時留意本署最新預報資訊。",2025-12-27 12:45,"(放在最上面置頂，我朋友oxhoo.sunboy有時候會用這個帳號，所以語氣可能不同)
【睡眠、吃飯、出遊
跟朋友電話聊天
皆暫停更新颱風警/特報還有資訊
請另尋其他管道】
天祿辟邪我們永不分離
我是貔貅天祿他哥，我可不愛吃寶珠，不要餵我，我蠻高冷的
請大家支持上古貔貅復活於現代的日常"
fabulous_beasts_bixie,Guan Guan(有獸焉辟邪),"第2周預報-特徵點說明
這是氣象屬系集預報500百帕等高線和距平(底色)圖，上面是第1周平均，下面是第2周平均。
先看貝加爾湖脊場變化趨勢，第一周偏西且較淺，第2周脊場更集中、更北伸，而且第2周脊線呈東北-西南走向，這樣在脊線東側的北風更明顯、更強，可以更有效率的將冷空氣往南送！
其次看海路交界的東亞主槽，第一周低壓中心偏北，槽線較淺；第2周低壓中心明顯往南，槽線更往南伸！
以上兩個特徵都支持，第二周之後，台灣受北方冷空氣影響的機率大增，基本上會有一段平均偏冷的天氣型態！
資料來源:鄭明典FB",2025-12-27 11:13,"(放在最上面置頂，我朋友oxhoo.sunboy有時候會用這個帳號，所以語氣可能不同)
【睡眠、吃飯、出遊
跟朋友電話聊天
皆暫停更新颱風警/特報還有資訊
請另尋其他管道】
天祿辟邪我們永不分離
我是貔貅天祿他哥，我可不愛吃寶珠，不要餵我，我蠻高冷的
請大家支持上古貔貅復活於現代的日常"
fabulous_beasts_bixie,Guan Guan(有獸焉辟邪),"跨年夜，東北季風也來湊熱鬧！
下週三（12/31日）跨年夜，天氣受東北季風增強影響，臺灣北部及東北部地區降雨機率增高，中南部山區亦有零星陣雨。這波水氣，元旦過後，因為環境風場調整緣故，降雨將再擴大影響至東部地區；由於東半部雲量較多，元旦想要看見第一道曙光的機率相對是偏低的。
受東北季風增強影響，北部及東北部地區白天高溫略為下降，臺灣各地早晚氣溫仍涼。整體來看，跨年夜、元旦這段期間，北部及東北部屬於濕涼天氣；其它地區仍屬多雲到晴天氣，但，早晚溫差較大。下波強冷空氣團，預估就在元旦過後開始南下，強度有機會達寒流等級，需要特別追蹤關注。
資料來源:林老師氣象站FB",2025-12-27 09:19,"(放在最上面置頂，我朋友oxhoo.sunboy有時候會用這個帳號，所以語氣可能不同)
【睡眠、吃飯、出遊
跟朋友電話聊天
皆暫停更新颱風警/特報還有資訊
請另尋其他管道】
天祿辟邪我們永不分離
我是貔貅天祿他哥，我可不愛吃寶珠，不要餵我，我蠻高冷的
請大家支持上古貔貅復活於現代的日常"
fabulous_beasts_bixie,Guan Guan(有獸焉辟邪),"有獸焉刍狗的生日，最後5天！🥳
(的隔一天)",2025-12-26 23:24,"(放在最上面置頂，我朋友oxhoo.sunboy有時候會用這個帳號，所以語氣可能不同)
【睡眠、吃飯、出遊
跟朋友電話聊天
皆暫停更新颱風警/特報還有資訊
請另尋其他管道】
天祿辟邪我們永不分離
我是貔貅天祿他哥，我可不愛吃寶珠，不要餵我，我蠻高冷的
請大家支持上古貔貅復活於現代的日常"
fabulous_beasts_bixie,Guan Guan(有獸焉辟邪),"而且就如後面的預告片一樣
有獸焉即將在明年2月換新片頭了
舊的片頭從第一季到第四季陪伴了三年",2025-12-26 21:53,"(放在最上面置頂，我朋友oxhoo.sunboy有時候會用這個帳號，所以語氣可能不同)
【睡眠、吃飯、出遊
跟朋友電話聊天
皆暫停更新颱風警/特報還有資訊
請另尋其他管道】
天祿辟邪我們永不分離
我是貔貅天祿他哥，我可不愛吃寶珠，不要餵我，我蠻高冷的
請大家支持上古貔貅復活於現代的日常"
fabulous_beasts_bixie,Guan Guan(有獸焉辟邪),"新系列之介紹各地公園及附近環境－德南區 EP 79（特別篇）
永順公園位於德南區西側，緊鄰永安溪與永安港口，是一座融合水岸景觀、都市綠地與交通機能的開放式公園。園內設有環狀步道，沿溪而建，兩側種植行道樹與季節性花卉，春天櫻花盛開，夏季則有鳶尾與金露花交錯綻放。溪畔設有觀景平台與木棧橋，常見民眾散步、拍照或靜坐賞水。
公園中央草地寬闊，適合野餐、放風箏與社區活動。兒童遊戲區配有滑梯、鞦韆與攀爬架，假日成為親子互動的熱點。涼亭與長椅分布於林蔭下，提供長者與通勤族休憩空間。UBike租借站設於永順路口，方便民眾騎乘沿溪而行，串聯公園與港口周邊。
周邊環境機能多元。北側為商業區，包含超市、餐廳與咖啡館，是居民日常採買與聚會的熱點。東側為住宅區，街道整齊，社區氛圍安靜宜人。南側則延伸至永安港口，偶爾可見貨船停靠與漁民作業，為公園增添些許港口風情。主要幹道如永順路、永和路與永行路貫穿各區，交通便利，使永順公園成為德南區居民日常生活的重要綠色節點。
作者:
@oxhoo.sunboy
@oxhoo.sunboy
@fabulous_beasts_bixie
@fabulous_beasts_bixie",2025-12-26 20:14,"(放在最上面置頂，我朋友oxhoo.sunboy有時候會用這個帳號，所以語氣可能不同)
【睡眠、吃飯、出遊
跟朋友電話聊天
皆暫停更新颱風警/特報還有資訊
請另尋其他管道】
天祿辟邪我們永不分離
我是貔貅天祿他哥，我可不愛吃寶珠，不要餵我，我蠻高冷的
請大家支持上古貔貅復活於現代的日常"
fabulous_beasts_bixie,Guan Guan(有獸焉辟邪),"有獸焉第五季定檔2026年2月20日！
鹿人店春節營業，毛球陪你過大年！
神仙毛球的超萌日常又要來啦！
有獸焉第五季明年2月20日起B站獨播 記得來看哦",2025-12-26 15:36,"(放在最上面置頂，我朋友oxhoo.sunboy有時候會用這個帳號，所以語氣可能不同)
【睡眠、吃飯、出遊
跟朋友電話聊天
皆暫停更新颱風警/特報還有資訊
請另尋其他管道】
天祿辟邪我們永不分離
我是貔貅天祿他哥，我可不愛吃寶珠，不要餵我，我蠻高冷的
請大家支持上古貔貅復活於現代的日常"
fabulous_beasts_bixie,Guan Guan(有獸焉辟邪),"冰箱門，還是沒關！
受大陸冷氣團南下影響，統計至今晨0430時，臺灣高山最低溫出現在南投信義的攝氏零下5.3度；平地離外島最低溫以連江南竿的攝氏8.2度及本島最低溫以新北石碇的攝氏10.1度為最低。今日天氣仍受大陸冷氣團影響，白天高溫在北臺灣及宜花地區約攝氏16至18度，感受較為濕冷，中南部地區高溫則約在攝氏21至24度，一直要等到明天，大陸冷氣團才有逐漸減弱的趨勢。
另一方面，在降雨變化部份，由於環境水氣增多，臺灣北部、東半部、恆春半島及中南部山區都有局部降雨機會，尤其是，基隆北海岸、宜蘭地區及大臺北山區降雨時間長，降雨強度大，並有局部大雨發生的機率；而，中南部平地亦有零星降雨機會。臺灣中部以北、東北部及東部地區3000公尺以上的高山，以及宜蘭2000公尺以上的高山也都有零星降雪、固態降水或結冰的機會。
資料來源:林老師氣象站FB",2025-12-26 10:12,"(放在最上面置頂，我朋友oxhoo.sunboy有時候會用這個帳號，所以語氣可能不同)
【睡眠、吃飯、出遊
跟朋友電話聊天
皆暫停更新颱風警/特報還有資訊
請另尋其他管道】
天祿辟邪我們永不分離
我是貔貅天祿他哥，我可不愛吃寶珠，不要餵我，我蠻高冷的
請大家支持上古貔貅復活於現代的日常"
fabulous_beasts_bixie,Guan Guan(有獸焉辟邪),"有獸焉刍狗的生日，最後剩下6天
(的隔一天)
(*^ω^*)",2025-12-25 23:32,"(放在最上面置頂，我朋友oxhoo.sunboy有時候會用這個帳號，所以語氣可能不同)
【睡眠、吃飯、出遊
跟朋友電話聊天
皆暫停更新颱風警/特報還有資訊
請另尋其他管道】
天祿辟邪我們永不分離
我是貔貅天祿他哥，我可不愛吃寶珠，不要餵我，我蠻高冷的
請大家支持上古貔貅復活於現代的日常"
fabulous_beasts_bixie,Guan Guan(有獸焉辟邪),"有獸焉1134話
分享有獸焉(漫畫)的圖(每一話)第四百零二天，四百零三天，四百零四天，四百零五天",2025-12-25 23:31,"(放在最上面置頂，我朋友oxhoo.sunboy有時候會用這個帳號，所以語氣可能不同)
【睡眠、吃飯、出遊
跟朋友電話聊天
皆暫停更新颱風警/特報還有資訊
請另尋其他管道】
天祿辟邪我們永不分離
我是貔貅天祿他哥，我可不愛吃寶珠，不要餵我，我蠻高冷的
請大家支持上古貔貅復活於現代的日常"
fabulous_beasts_bixie,Guan Guan(有獸焉辟邪),話說今天就是12月25日，似乎好像沒事,2025-12-25 22:58,"(放在最上面置頂，我朋友oxhoo.sunboy有時候會用這個帳號，所以語氣可能不同)
【睡眠、吃飯、出遊
跟朋友電話聊天
皆暫停更新颱風警/特報還有資訊
請另尋其他管道】
天祿辟邪我們永不分離
我是貔貅天祿他哥，我可不愛吃寶珠，不要餵我，我蠻高冷的
請大家支持上古貔貅復活於現代的日常"
fabulous_beasts_bixie,Guan Guan(有獸焉辟邪),快到明年2月了，提醒喜歡的人記得關注😊,2025-12-25 22:13,"(放在最上面置頂，我朋友oxhoo.sunboy有時候會用這個帳號，所以語氣可能不同)
【睡眠、吃飯、出遊
跟朋友電話聊天
皆暫停更新颱風警/特報還有資訊
請另尋其他管道】
天祿辟邪我們永不分離
我是貔貅天祿他哥，我可不愛吃寶珠，不要餵我，我蠻高冷的
請大家支持上古貔貅復活於現代的日常"
fabulous_beasts_bixie,Guan Guan(有獸焉辟邪),"新系列之介紹各地公園及附近環境－德南區 EP 78（特別篇）
德南生態公園位於德南區中心，以德仁湖為核心，環繞濕地植栽與生態步道，適合散步、慢跑與自然觀察。湖畔設有觀景平台與木棧橋，四季風貌各異，春有水鳥、秋賞落葉，是社區居民的日常綠洲。
園內設有草地廣場、兒童遊戲區與涼亭，常見親子活動、長者休憩與學校戶外教學。社區志工不時舉辦環保講座與市集，讓公園成為交流與學習的場域，也有街頭藝人在湖邊表演，增添生活氣息。
周邊環境機能完善，北側為人口稠密區，南側為德南區公所與行政中心，東西兩側分別為住宅與商業區。德南路與德仁街貫穿全區，交通便利，使德南生態公園成為德南區的重要綠色節點。
作者:
@oxhoo.sunboy
@oxhoo.sunboy
@fabulous_beasts_bixie
@fabulous_beasts_bixie",2025-12-25 19:59,"(放在最上面置頂，我朋友oxhoo.sunboy有時候會用這個帳號，所以語氣可能不同)
【睡眠、吃飯、出遊
跟朋友電話聊天
皆暫停更新颱風警/特報還有資訊
請另尋其他管道】
天祿辟邪我們永不分離
我是貔貅天祿他哥，我可不愛吃寶珠，不要餵我，我蠻高冷的
請大家支持上古貔貅復活於現代的日常"
fabulous_beasts_bixie,Guan Guan(有獸焉辟邪),"低溫特報
一、概述
大陸冷氣團影響，中部以北及東北部、東部天氣偏冷，其他地區早晚亦冷；今(25日)下午至明(26日)上午新北局部地區有持續10度左右或以下氣溫(橙色燈號)發生的機率，請注意防範。
二、低溫區域
【橙色燈號(非常寒冷)】
新北市有持續10度左右或以下氣溫發生的機率，請注意防範。
【黃色燈號(寒冷)】
桃園市、新竹縣、苗栗縣、金門縣有10度以下氣溫發生的機率，請注意。
三、注意(警戒)事項
加強保暖，使用瓦斯熱水器及電暖器具應注意室內通風及用電安全；預防低溫導致之呼吸道及心血管疾病、避免長時間逗留在寒冷環境，確保兒童之頭、頸、手和腳部溫暖，關懷老人、遊民及弱勢族群避寒措施；冬季為流感好發季節，請注意手部衛生與咳嗽禮節，落實生病在家休息；農作物及水產養殖業注意寒害。
註1：連江縣由於地理及氣候因素，氣溫門檻值為其他地區值減4度。",2025-12-25 16:53,"(放在最上面置頂，我朋友oxhoo.sunboy有時候會用這個帳號，所以語氣可能不同)
【睡眠、吃飯、出遊
跟朋友電話聊天
皆暫停更新颱風警/特報還有資訊
請另尋其他管道】
天祿辟邪我們永不分離
我是貔貅天祿他哥，我可不愛吃寶珠，不要餵我，我蠻高冷的
請大家支持上古貔貅復活於現代的日常"
fabulous_beasts_bixie,Guan Guan(有獸焉辟邪),bruh 我還這個咧,2025-12-25 15:41,"(放在最上面置頂，我朋友oxhoo.sunboy有時候會用這個帳號，所以語氣可能不同)
【睡眠、吃飯、出遊
跟朋友電話聊天
皆暫停更新颱風警/特報還有資訊
請另尋其他管道】
天祿辟邪我們永不分離
我是貔貅天祿他哥，我可不愛吃寶珠，不要餵我，我蠻高冷的
請大家支持上古貔貅復活於現代的日常"
fabulous_beasts_bixie,Guan Guan(有獸焉辟邪),"兩股冷空氣匯流！
這是850百帕風場，在台灣北方強風區，左側順時針旋轉氣流，來自由西方過來的冷高壓。這個冷高壓偏南出海，冷空氣現在正影響台灣，這是早上第一波""快速降溫""的冷空氣來源！
右側箭頭處還有另一股冷空氣出海，這是來自北方的另一個冷高壓，這股冷空氣可以說是源自極渦，主要沿低壓區逆時針旋轉，這股冷空氣遭遇南方來的氣流，在日本附近形成鋒面，地面也開始有對應的溫帶氣旋發展。
模式預測，稍後整個低壓區會加強、加深，部分北方極渦下來的冷空氣有可能往南，這部分今天晚上可能給台灣帶來第二波降溫！
資料來源:鄭明典FB",2025-12-25 13:26,"(放在最上面置頂，我朋友oxhoo.sunboy有時候會用這個帳號，所以語氣可能不同)
【睡眠、吃飯、出遊
跟朋友電話聊天
皆暫停更新颱風警/特報還有資訊
請另尋其他管道】
天祿辟邪我們永不分離
我是貔貅天祿他哥，我可不愛吃寶珠，不要餵我，我蠻高冷的
請大家支持上古貔貅復活於現代的日常"
fabulous_beasts_bixie,Guan Guan(有獸焉辟邪),"今年最後一波「大陸冷氣團」！
今日天氣受大陸冷氣團南下影響，臺灣各地氣溫明顯下降，北部及宜蘭地區氣溫愈晚愈低，白天北部、宜蘭高溫僅攝氏16至20度之間，中南部及臺東高溫也只剩攝氏20至25度；入夜之後，中部以北及宜花地區的最低溫下滑至攝氏13至15度，南部及臺東地區約攝氏14至16度，沿海空曠、近山區及花東縱谷地區，溫度還會再下降個攝氏1至2度。
另一方面，降雨變化部份，由於環境水氣偏多，桃園以北及東北部地區有短暫雨，並有局部較大雨勢發生的機率，北部、東部、東南部地區及恆春半島亦有局部短暫雨，中南部山區也有零星短暫雨，其它地區則維持為多雲天氣。
資料來源:林老師氣象站FB",2025-12-25 11:27,"(放在最上面置頂，我朋友oxhoo.sunboy有時候會用這個帳號，所以語氣可能不同)
【睡眠、吃飯、出遊
跟朋友電話聊天
皆暫停更新颱風警/特報還有資訊
請另尋其他管道】
天祿辟邪我們永不分離
我是貔貅天祿他哥，我可不愛吃寶珠，不要餵我，我蠻高冷的
請大家支持上古貔貅復活於現代的日常"
fabulous_beasts_bixie,Guan Guan(有獸焉辟邪),"有獸焉刍狗的生日，最後剩下7天
(下週的明天就是了🥳
跨年將至🏗🎆元旦曙光🌅)",2025-12-24 23:32,"(放在最上面置頂，我朋友oxhoo.sunboy有時候會用這個帳號，所以語氣可能不同)
【睡眠、吃飯、出遊
跟朋友電話聊天
皆暫停更新颱風警/特報還有資訊
請另尋其他管道】
天祿辟邪我們永不分離
我是貔貅天祿他哥，我可不愛吃寶珠，不要餵我，我蠻高冷的
請大家支持上古貔貅復活於現代的日常"
fabulous_beasts_bixie,Guan Guan(有獸焉辟邪),"新系列之介紹各地公園及附近環境 EP 77
文德三號公園位於內湖區，於民國84年開闢，面積約1.6公頃，公園北起文德路、南至瑞光路，錯落於兩側住宅群落和內湖科學園區間因此使用率非常高。園區分不規則形狀之四個區塊，園內植群茂盛，不同的季節有繁花盛開的臺灣欒樹、山櫻花、柑橘花、流蘇、羊腸小徑的園路，園內設有兒童遊戲區、體健設施、涼亭，讓市民漫步其間舒暢愉快。
鄰近江南街71巷16弄，瑞光路
作者:
@oxhoo.sunboy
@oxhoo.sunboy
@fabulous_beasts_bixie
@fabulous_beasts_bixie",2025-12-24 19:56,"(放在最上面置頂，我朋友oxhoo.sunboy有時候會用這個帳號，所以語氣可能不同)
【睡眠、吃飯、出遊
跟朋友電話聊天
皆暫停更新颱風警/特報還有資訊
請另尋其他管道】
天祿辟邪我們永不分離
我是貔貅天祿他哥，我可不愛吃寶珠，不要餵我，我蠻高冷的
請大家支持上古貔貅復活於現代的日常"
fabulous_beasts_bixie,Guan Guan(有獸焉辟邪),"貝加爾湖脊場
這是明天下午8點的預測圖。
看500百帕高度場，在貝加爾湖附近出現深深的脊場，脊場東側的偏北風會把冷空氣往南送，這個位置的脊場，冷空氣傳送放像正好是往台灣方向來，這是冬季台灣容易出現低溫的天氣型態！
不過，看中緯度環繞北極一圈，現在白灰色的冷區，由北極圈往外主要有4個突出的分支，這是波數4結構。
如果是波數3結構，同時有貝加爾湖脊場建立，過去的統計，那就是台灣最容易出現寒潮的天氣型態！
資料來源:鄭明典FB",2025-12-23 17:30,"(放在最上面置頂，我朋友oxhoo.sunboy有時候會用這個帳號，所以語氣可能不同)
【睡眠、吃飯、出遊
跟朋友電話聊天
皆暫停更新颱風警/特報還有資訊
請另尋其他管道】
天祿辟邪我們永不分離
我是貔貅天祿他哥，我可不愛吃寶珠，不要餵我，我蠻高冷的
請大家支持上古貔貅復活於現代的日常"
fabulous_beasts_bixie,Guan Guan(有獸焉辟邪),"發震時間：2025/12/23 15:46:09
位置：北緯 23.78度，東經 121.64度
即在花蓮縣政府南方 23.2 公里
位於花蓮縣近海
地震深度：36.8公里
芮氏規模：4.8
本報告係中央氣象署地震觀測網即時地震資料地震速報之結果。",2025-12-23 15:52,"(放在最上面置頂，我朋友oxhoo.sunboy有時候會用這個帳號，所以語氣可能不同)
【睡眠、吃飯、出遊
跟朋友電話聊天
皆暫停更新颱風警/特報還有資訊
請另尋其他管道】
天祿辟邪我們永不分離
我是貔貅天祿他哥，我可不愛吃寶珠，不要餵我，我蠻高冷的
請大家支持上古貔貅復活於現代的日常"
fabulous_beasts_bixie,Guan Guan(有獸焉辟邪),"直接挑戰「大陸冷氣團」等級！
明日（12/24，週三）起，受東北季風增強影響，臺灣北部及東北部氣溫開始下降；12/25(週四)、12/26(週五)更強冷空氣南下，預估強度直接挑戰「大陸冷氣團」等級（或以上），臺灣中部以北、東北部及花蓮以北地區天氣轉為涼冷，其它地區早晚氣溫亦涼。12/25至12/26最低溫預測：中部以北及宜蘭地區攝氏13至15度，南部及花東地區攝氏15至17度，澎湖地區攝氏16度、金門及馬祖地區攝氏9至11度；沿海空曠、近山區及花東縱谷地區，溫度還會再下降個攝氏1至2度。
另一方面，水氣方面也明顯增多，迎風面的北部、東北部及東半部地區皆有局部短暫陣雨，尤其桃園以北及東北部地區降雨較持續、明顯，有局部較大雨勢發生的機會，而中南部山區有零星短暫雨，其它地區則維持為多雲天氣。目前，不管是歐洲EC-AIFS或是美國NCEP數值模式模擬結果均都顯示，今年聖誕節，臺灣部分地區天氣將會是又濕、又冷！
資料來源:林老師氣象站FB",2025-12-23 09:58,"(放在最上面置頂，我朋友oxhoo.sunboy有時候會用這個帳號，所以語氣可能不同)
【睡眠、吃飯、出遊
跟朋友電話聊天
皆暫停更新颱風警/特報還有資訊
請另尋其他管道】
天祿辟邪我們永不分離
我是貔貅天祿他哥，我可不愛吃寶珠，不要餵我，我蠻高冷的
請大家支持上古貔貅復活於現代的日常"
fabulous_beasts_bixie,Guan Guan(有獸焉辟邪),有獸焉刍狗的生日，最後進入倒數9天🌲🎁,2025-12-22 23:11,"(放在最上面置頂，我朋友oxhoo.sunboy有時候會用這個帳號，所以語氣可能不同)
【睡眠、吃飯、出遊
跟朋友電話聊天
皆暫停更新颱風警/特報還有資訊
請另尋其他管道】
天祿辟邪我們永不分離
我是貔貅天祿他哥，我可不愛吃寶珠，不要餵我，我蠻高冷的
請大家支持上古貔貅復活於現代的日常"
fabulous_beasts_bixie,Guan Guan(有獸焉辟邪),"新系列之介紹各地公園及附近環境 EP 75
洲子一號環保公園位於內湖科學園區商辦大樓林立區域，鄰近捷運西湖站，位於堤頂大道、基湖路交叉口，鄰二路口內側有一圓形小廣場，周邊種植落羽松，冬季葉色轉紅，此區除可觀賞落羽松葉色變化外，尚可遠眺大草坪。公園內有另有樟樹、烏臼、榕樹、茄苳、楓香等大型喬木，供附近上班族與居民戶外休憩的大片綠地。
一進入洲子二號公園，首先映入眼簾的是一排噴水池，潔白的水花與流水聲，為炎炎夏日帶來清涼的感受。公園的另一側灌木與樹木夾道，又提供過往的人們置身林間幽境之感。
作者:
@oxhoo.sunboy
@oxhoo.sunboy
@fabulous_beasts_bixie
@fabulous_beasts_bixie",2025-12-22 20:03,"(放在最上面置頂，我朋友oxhoo.sunboy有時候會用這個帳號，所以語氣可能不同)
【睡眠、吃飯、出遊
跟朋友電話聊天
皆暫停更新颱風警/特報還有資訊
請另尋其他管道】
天祿辟邪我們永不分離
我是貔貅天祿他哥，我可不愛吃寶珠，不要餵我，我蠻高冷的
請大家支持上古貔貅復活於現代的日常"
fabulous_beasts_bixie,Guan Guan(有獸焉辟邪),"降雪範圍擴大、降雪時間也拉長！
根據今晨美國NCEP數值模式模擬結果顯示，12/24(週三)起，受東北季風再增強影響，加上環境水氣增多，不但中部以北及花蓮以北地區天氣轉為涼冷外；臺灣各地降雨機會也會有明顯提昇的趨勢，雖然，降雨多屬短暫性零星陣雨型態為主。目前預測，12/24、12/25臺灣中部以北及花蓮以北地區3500公尺，以及12/26、12/27臺灣中部以北、東北部及東部地區3000公尺以上的高山都有零星降雪、固態降水或結冰的機會，降雪範圍擴大、降雪時間也拉長；若有安排賞雪活動，籲請留意自身保暖去寒，以及山區路面溼滑、注意活動安全。
資料來源:林老師氣象站FB",2025-12-22 10:55,"(放在最上面置頂，我朋友oxhoo.sunboy有時候會用這個帳號，所以語氣可能不同)
【睡眠、吃飯、出遊
跟朋友電話聊天
皆暫停更新颱風警/特報還有資訊
請另尋其他管道】
天祿辟邪我們永不分離
我是貔貅天祿他哥，我可不愛吃寶珠，不要餵我，我蠻高冷的
請大家支持上古貔貅復活於現代的日常"
fabulous_beasts_bixie,Guan Guan(有獸焉辟邪),有獸焉刍狗的生日，最後剩下10天🤒,2025-12-21 23:01,"(放在最上面置頂，我朋友oxhoo.sunboy有時候會用這個帳號，所以語氣可能不同)
【睡眠、吃飯、出遊
跟朋友電話聊天
皆暫停更新颱風警/特報還有資訊
請另尋其他管道】
天祿辟邪我們永不分離
我是貔貅天祿他哥，我可不愛吃寶珠，不要餵我，我蠻高冷的
請大家支持上古貔貅復活於現代的日常"
fabulous_beasts_bixie,Guan Guan(有獸焉辟邪),"有獸焉1132話
分享有獸焉(漫畫)的圖(每一話)第三百九十四天，三百九十五天，三百九十六天，三百九十七天",2025-12-21 22:39,"(放在最上面置頂，我朋友oxhoo.sunboy有時候會用這個帳號，所以語氣可能不同)
【睡眠、吃飯、出遊
跟朋友電話聊天
皆暫停更新颱風警/特報還有資訊
請另尋其他管道】
天祿辟邪我們永不分離
我是貔貅天祿他哥，我可不愛吃寶珠，不要餵我，我蠻高冷的
請大家支持上古貔貅復活於現代的日常"
fabulous_beasts_bixie,Guan Guan(有獸焉辟邪),"新系列之介紹各地公園及附近環境－文雅區 EP 74（特別篇）
文東二號公園是一座中型社區公園，以「綠蔭大道與生活共融」為主題。園內設有落羽松步道、兒童遊戲區與小型露天表演廣場，是文雅區東側居民的日常休閒中心，春季會舉辦「文東綠光祭」，周邊環境機能多元。北側為住宅區，街道整齊，建築多為集合式住宅，社區氛圍安靜宜人。東側為文雅機場，雖然航班不多，但偶爾可見小型飛機起降，成為孩童眼中的「空中奇觀」。南側為花卉區，不定期舉辦園藝市集與花展，吸引外地遊客前來參觀。西側則為另一片住宅區，與文東路、文比路串聯，形成穩定的生活圈，主要幹道如文東路、文比路與青荷街貫穿各區，交通便利，串聯生活、休閒與自然機能，使文東二號公園成為文雅區居民日常生活的重要綠色節點。
作者:
@oxhoo.sunboy
@oxhoo.sunboy
@fabulous_beasts_bixie
@fabulous_beasts_bixie",2025-12-21 20:35,"(放在最上面置頂，我朋友oxhoo.sunboy有時候會用這個帳號，所以語氣可能不同)
【睡眠、吃飯、出遊
跟朋友電話聊天
皆暫停更新颱風警/特報還有資訊
請另尋其他管道】
天祿辟邪我們永不分離
我是貔貅天祿他哥，我可不愛吃寶珠，不要餵我，我蠻高冷的
請大家支持上古貔貅復活於現代的日常"
fabulous_beasts_bixie,Guan Guan(有獸焉辟邪),"今年聖誕節前後，賞雪團再次啟動！
12/24、12/25，今年聖誕節前後，受東北季風再增強影響，除北臺灣及東北部地區天氣轉為涼冷外；環境水氣也跟著增多，北部、東半部地區及恆春半島有局部短暫雨，中南部山區也有零星短暫雨，其它地區則持續維持為多雲天氣。
今年聖誕節前後，臺灣中部以北及宜花地區3500公尺以上的高山都有零星降雪、固態降水或結冰的機會；若有安排賞雪活動，籲請留意自身保暖去寒，以及山區路面溼滑、注意活動安全。
資料來源:林老師氣象站FB",2025-12-21 09:49,"(放在最上面置頂，我朋友oxhoo.sunboy有時候會用這個帳號，所以語氣可能不同)
【睡眠、吃飯、出遊
跟朋友電話聊天
皆暫停更新颱風警/特報還有資訊
請另尋其他管道】
天祿辟邪我們永不分離
我是貔貅天祿他哥，我可不愛吃寶珠，不要餵我，我蠻高冷的
請大家支持上古貔貅復活於現代的日常"
fabulous_beasts_bixie,Guan Guan(有獸焉辟邪),有獸焉刍狗的生日，剩下11天！💮💐,2025-12-20 23:25,"(放在最上面置頂，我朋友oxhoo.sunboy有時候會用這個帳號，所以語氣可能不同)
【睡眠、吃飯、出遊
跟朋友電話聊天
皆暫停更新颱風警/特報還有資訊
請另尋其他管道】
天祿辟邪我們永不分離
我是貔貅天祿他哥，我可不愛吃寶珠，不要餵我，我蠻高冷的
請大家支持上古貔貅復活於現代的日常"
fabulous_beasts_bixie,Guan Guan(有獸焉辟邪),"突然想到明年是丙午年(2026)
而且聽說丙午年和丁未年(2027)
可能會發生大事或者災難(赤馬紅羊劫)
希望可以提早預防和做好準備😊",2025-12-20 21:49,"(放在最上面置頂，我朋友oxhoo.sunboy有時候會用這個帳號，所以語氣可能不同)
【睡眠、吃飯、出遊
跟朋友電話聊天
皆暫停更新颱風警/特報還有資訊
請另尋其他管道】
天祿辟邪我們永不分離
我是貔貅天祿他哥，我可不愛吃寶珠，不要餵我，我蠻高冷的
請大家支持上古貔貅復活於現代的日常"
fabulous_beasts_bixie,Guan Guan(有獸焉辟邪),"新系列之介紹各地公園及附近環境－文雅區 EP 73（特別篇）
竹園生態公園以「濕地保育與綠竹林步道」為主題，融合自然與休憩空間，設有賞鳥平台、溪畔木棧道與生態解說中心。園區內遍植桂竹、孟宗竹與苦楝樹，是文雅區著名的「城市森林肺」，步道中央設有小型廣場與涼亭，常見長者晨間打太極、學生午後練習街舞，偶爾還會有文雅科技大學的社團在此舉辦快閃活動或市集。據說有一位住在竹園路的退休老師，每天清晨都會在圓環步道邊的長椅上寫詩，靈感來自晨霧與行人腳步聲，成為社區裡低調的文學傳奇，東側為商業區，包含超市、診所、文具店與便當店，是居民日常採買與聚會的熱點。南側為住宅區，街道整齊，建築多為集合式住宅，社區氛圍安靜宜人。西側則為文雅車站與人口稠密區，交通便利，通勤族與觀光客皆可輕鬆抵達，主要幹道如圓環路、竹園路、文溪街與聖威路貫穿各區，串聯生活、教育、交通與休閒機能，使圓環步道成為文雅區居民日常生活的重要綠色節點。
作者:
@oxhoo.sunboy
@oxhoo.sunboy
@fabulous_beasts_bixie
@fabulous_beasts_bixie",2025-12-20 19:51,"(放在最上面置頂，我朋友oxhoo.sunboy有時候會用這個帳號，所以語氣可能不同)
【睡眠、吃飯、出遊
跟朋友電話聊天
皆暫停更新颱風警/特報還有資訊
請另尋其他管道】
天祿辟邪我們永不分離
我是貔貅天祿他哥，我可不愛吃寶珠，不要餵我，我蠻高冷的
請大家支持上古貔貅復活於現代的日常"
fabulous_beasts_bixie,Guan Guan(有獸焉辟邪),"為致敬北捷隨機攻擊事件的死者
本神獸代表雲南鹿人店台北分部還有天庭將自本文發布起12/20~12/22
將頭貼變更為黑白",2025-12-20 16:14,"(放在最上面置頂，我朋友oxhoo.sunboy有時候會用這個帳號，所以語氣可能不同)
【睡眠、吃飯、出遊
跟朋友電話聊天
皆暫停更新颱風警/特報還有資訊
請另尋其他管道】
天祿辟邪我們永不分離
我是貔貅天祿他哥，我可不愛吃寶珠，不要餵我，我蠻高冷的
請大家支持上古貔貅復活於現代的日常"
fabulous_beasts_bixie,Guan Guan(有獸焉辟邪),"冬至，福滿！
時光飛逝，明天又將再度來到今年的「冬至」節氣！進入「冬至」之後，代表北半球的冬天真正的來臨，正所謂「冬至不過，不寒」。氣象諺語：「乾冬至，濕過年」，它的意思就是說：冬至這天如果是好天氣的話，過年可能就會下雨；代表影響冬至本來是濕冷的天氣系統，可能要往後延到過年期間發生了。
今年「冬至」，天氣受東北季風增強影響，新竹以北、東北部及花蓮以北地區都有局部短暫雨機會；其它地區則繼續維持為多雲到晴天氣。對於農民來說，「冬至」這可是豐收的一天，也是感恩的一天。一年來辛苦收成的穀糧儲積倉庫，能夠飽暖的度過一個寒冷的冬天，並且過個好年。
資料來源:林老師氣象站FB",2025-12-20 09:45,"(放在最上面置頂，我朋友oxhoo.sunboy有時候會用這個帳號，所以語氣可能不同)
【睡眠、吃飯、出遊
跟朋友電話聊天
皆暫停更新颱風警/特報還有資訊
請另尋其他管道】
天祿辟邪我們永不分離
我是貔貅天祿他哥，我可不愛吃寶珠，不要餵我，我蠻高冷的
請大家支持上古貔貅復活於現代的日常"
fabulous_beasts_bixie,Guan Guan(有獸焉辟邪),"關於今天傍晚的事件，竟然維基百科頁面這麼快就出來了
share.google/0cVWb…",2025-12-19 22:55,"(放在最上面置頂，我朋友oxhoo.sunboy有時候會用這個帳號，所以語氣可能不同)
【睡眠、吃飯、出遊
跟朋友電話聊天
皆暫停更新颱風警/特報還有資訊
請另尋其他管道】
天祿辟邪我們永不分離
我是貔貅天祿他哥，我可不愛吃寶珠，不要餵我，我蠻高冷的
請大家支持上古貔貅復活於現代的日常"
fabulous_beasts_bixie,Guan Guan(有獸焉辟邪),"【未來兩週：主要受東北季風影響，第1週臺灣附近水氣多，第1週期末至第2週北方冷高壓增強】
📌東北季風增強期間，迎風面的北部及東半部較涼且有局部短暫雨，其他地區早晚偏涼。
📌第1週臺灣附近水氣較多，各地降雨機率提高；第1週期末至第2週北方冷高壓有增強的趨勢，各地氣溫轉涼。
⚠️近期模式第2週預報不確定性較大，請隨時留意本署的最新預報資訊。",2025-12-19 18:15,"(放在最上面置頂，我朋友oxhoo.sunboy有時候會用這個帳號，所以語氣可能不同)
【睡眠、吃飯、出遊
跟朋友電話聊天
皆暫停更新颱風警/特報還有資訊
請另尋其他管道】
天祿辟邪我們永不分離
我是貔貅天祿他哥，我可不愛吃寶珠，不要餵我，我蠻高冷的
請大家支持上古貔貅復活於現代的日常"
fabulous_beasts_bixie,Guan Guan(有獸焉辟邪),"特別的""南支槽""！
前幾天介紹過""南支槽""，這個南支槽有點特別！
這張圖是500百帕高度場，台灣西側的南支槽用粗黑線條表示，這個槽線其實是一系列短波槽、脊中的一段！
這個現象以前看過，是氣象學裡""正壓不穩定""的反應，能量由噴流的動能而來，學理上是平均緯流動能或超長波動能轉換成短波動能。
流個紀錄。
資料來源:鄭明典FB",2025-12-19 12:13,"(放在最上面置頂，我朋友oxhoo.sunboy有時候會用這個帳號，所以語氣可能不同)
【睡眠、吃飯、出遊
跟朋友電話聊天
皆暫停更新颱風警/特報還有資訊
請另尋其他管道】
天祿辟邪我們永不分離
我是貔貅天祿他哥，我可不愛吃寶珠，不要餵我，我蠻高冷的
請大家支持上古貔貅復活於現代的日常"
fabulous_beasts_bixie,Guan Guan(有獸焉辟邪),wow kara(雖然沒在追，但還蠻強的卡司),2025-12-19 11:29,"(放在最上面置頂，我朋友oxhoo.sunboy有時候會用這個帳號，所以語氣可能不同)
【睡眠、吃飯、出遊
跟朋友電話聊天
皆暫停更新颱風警/特報還有資訊
請另尋其他管道】
天祿辟邪我們永不分離
我是貔貅天祿他哥，我可不愛吃寶珠，不要餵我，我蠻高冷的
請大家支持上古貔貅復活於現代的日常"
fabulous_beasts_bixie,Guan Guan(有獸焉辟邪),"今年平安夜，又濕、又冷！
根據今晨歐洲ECMWF數值模式模擬顯示，12/24(下週三) 受東北季風再增強影響，環境水氣增多，臺灣中部以北、東北部、東半部地區及恆春半島都有局部短暫陣雨機會，中南部山區也有零星短暫雨；其它地區為多雲。溫度變化的部份，中部以北、東北部及東北部地區天氣明顯轉涼，其它地區早晚亦涼；12/24晚間低溫預測：臺灣各地及澎湖攝氏15至19度、金門、馬祖地區攝氏12至15度，沿海空曠、近山區及花東縱谷地區，溫度還會再下降個攝氏1至2度。整體來看，今年平安夜的水氣偏多，降雨機會較大；同時，東北季風增強，冷空氣直驅南下，強度介於「東北季風」與「大陸冷氣團」等級之間，隔日 (12/25)聖誕節的氣溫還會下降更低一些。
聖誕老公公外出送禮物時，也會多加件衣服，並攜帶雨具！
資料來源:林老師氣象站FB",2025-12-19 10:13,"(放在最上面置頂，我朋友oxhoo.sunboy有時候會用這個帳號，所以語氣可能不同)
【睡眠、吃飯、出遊
跟朋友電話聊天
皆暫停更新颱風警/特報還有資訊
請另尋其他管道】
天祿辟邪我們永不分離
我是貔貅天祿他哥，我可不愛吃寶珠，不要餵我，我蠻高冷的
請大家支持上古貔貅復活於現代的日常"
fabulous_beasts_bixie,Guan Guan(有獸焉辟邪),"有獸焉1131話
分享有獸焉(漫畫)的圖(每一話)第三百九十天，三百九十一天，三百九十二天，三百九十三天",2025-12-18 22:58,"(放在最上面置頂，我朋友oxhoo.sunboy有時候會用這個帳號，所以語氣可能不同)
【睡眠、吃飯、出遊
跟朋友電話聊天
皆暫停更新颱風警/特報還有資訊
請另尋其他管道】
天祿辟邪我們永不分離
我是貔貅天祿他哥，我可不愛吃寶珠，不要餵我，我蠻高冷的
請大家支持上古貔貅復活於現代的日常"
fabulous_beasts_bixie,Guan Guan(有獸焉辟邪),"發震時間：2025/12/18 19:32:50
位置：北緯 24.1度，東經 121.76度
即在花蓮縣政府東北方 18.3 公里
位於臺灣東部海域
地震深度：31.6公里
芮氏規模：5.1
本報告係中央氣象署地震觀測網即時地震資料地震速報之結果。",2025-12-18 19:58,"(放在最上面置頂，我朋友oxhoo.sunboy有時候會用這個帳號，所以語氣可能不同)
【睡眠、吃飯、出遊
跟朋友電話聊天
皆暫停更新颱風警/特報還有資訊
請另尋其他管道】
天祿辟邪我們永不分離
我是貔貅天祿他哥，我可不愛吃寶珠，不要餵我，我蠻高冷的
請大家支持上古貔貅復活於現代的日常"
fabulous_beasts_bixie,Guan Guan(有獸焉辟邪),"確認參展！ 杭州CP32Pre！ 我們來啦~
寶子們！ 這波福利狂喜預警已拉響！
必衝亮點速覽→
🌟展會限定限時來襲！
✅非人哉「文星高照」系列
✅有獸焉「招財納福」系列
🌟消費滿額享好禮！
🌟攤位互動贏福！
📍地點：杭州大會展中心 6A館 CPB107展位
📅日期：2025.12.27-28
（更多詳情請見配圖）",2025-12-18 11:42,"(放在最上面置頂，我朋友oxhoo.sunboy有時候會用這個帳號，所以語氣可能不同)
【睡眠、吃飯、出遊
跟朋友電話聊天
皆暫停更新颱風警/特報還有資訊
請另尋其他管道】
天祿辟邪我們永不分離
我是貔貅天祿他哥，我可不愛吃寶珠，不要餵我，我蠻高冷的
請大家支持上古貔貅復活於現代的日常"
fabulous_beasts_bixie,Guan Guan(有獸焉辟邪),"賞雪團，請注意！
12/19(週五)至12/20(週六)，由於東北季風減弱，加上南方雲系接替北抬緣故，臺灣南部、東部及東南部會有局部短暫陣雨，其它地區亦有零星短暫雨機會；由於環境相當不穩定，加上水氣偏多，臺灣各地降雨機會都有提高的趨勢。提醒在中部以北及花蓮以北地區3500公尺以上的高山都有零星降雪、固態降水或結冰的機率；若有安排上山賞雪活動，請注意自身保暖防寒，留意路面溼滑，安全第一。
資料來源:林老師氣象站FB",2025-12-18 10:05,"(放在最上面置頂，我朋友oxhoo.sunboy有時候會用這個帳號，所以語氣可能不同)
【睡眠、吃飯、出遊
跟朋友電話聊天
皆暫停更新颱風警/特報還有資訊
請另尋其他管道】
天祿辟邪我們永不分離
我是貔貅天祿他哥，我可不愛吃寶珠，不要餵我，我蠻高冷的
請大家支持上古貔貅復活於現代的日常"
fabulous_beasts_bixie,Guan Guan(有獸焉辟邪),有獸焉鳳皇生日快樂🥳,2025-12-17 23:25,"(放在最上面置頂，我朋友oxhoo.sunboy有時候會用這個帳號，所以語氣可能不同)
【睡眠、吃飯、出遊
跟朋友電話聊天
皆暫停更新颱風警/特報還有資訊
請另尋其他管道】
天祿辟邪我們永不分離
我是貔貅天祿他哥，我可不愛吃寶珠，不要餵我，我蠻高冷的
請大家支持上古貔貅復活於現代的日常"
fabulous_beasts_bixie,Guan Guan(有獸焉辟邪),"有獸焉1130話
分享有獸焉(漫畫)的圖(每一話)第三百八十六天，三百八十七天，三百八十八天，三百八十九天(昨天的份，昨天忘發了)",2025-12-17 17:03,"(放在最上面置頂，我朋友oxhoo.sunboy有時候會用這個帳號，所以語氣可能不同)
【睡眠、吃飯、出遊
跟朋友電話聊天
皆暫停更新颱風警/特報還有資訊
請另尋其他管道】
天祿辟邪我們永不分離
我是貔貅天祿他哥，我可不愛吃寶珠，不要餵我，我蠻高冷的
請大家支持上古貔貅復活於現代的日常"
pink_ans5207418,chiuuu,好冷❄️❄️，為了完成承諾 ，🛵騎了2.5小時，我們真的來囉❤️,2025-12-26 12:07,"每一天🌤️每個層面🌈
我都越來越好"
pink_ans5207418,chiuuu,從桃園無懼風雲騎車，又解鎖一間水晶寶藏店,2025-12-25 14:20,"每一天🌤️每個層面🌈
我都越來越好"
pink_ans5207418,chiuuu,桃園人一定都知道🍽️,2025-12-25 12:48,"每一天🌤️每個層面🌈
我都越來越好"
pink_ans5207418,chiuuu,"都市傳說，聽說是可以幫助減肥的水晶🥴🥴，早知道應該買大一點😏😏
#菫青石#減肥石",2025-12-24 14:20,"每一天🌤️每個層面🌈
我都越來越好"
pink_ans5207418,chiuuu,收到了傳説中的小橘書📖,2025-12-23 19:16,"每一天🌤️每個層面🌈
我都越來越好"
pink_ans5207418,chiuuu,"太陽很漂亮，準備來拍照
螞蟻腦想不出來這幾隻🐈塞去哪
氣的大喊🔈🔈
洋蔥洋蔥洋蔥，大蒜大蒜大蒜
它真的出來了🫠🫠🫠
天然崖柏，高約6.4cm
天然紋路加上人工修雕部份
會有微粗感的地方非瑕疵
💰100，隨機出/每隻都獨一無二",2025-12-22 09:32,"每一天🌤️每個層面🌈
我都越來越好"
pink_ans5207418,chiuuu,據說，水晶的盡頭是超七？,2025-12-21 12:55,"每一天🌤️每個層面🌈
我都越來越好"
pink_ans5207418,chiuuu,有時候顯化來的太快也是煩惱🥹🥹，想買拉絲紫鋰輝，結果一看直播，就剛好在一條條過畢業級閃到不要不要的拉絲紫鋰輝，難得手比腦快的滑走，月底還是守住荷包👛不迷路🫠🫠,2025-12-20 13:05,"每一天🌤️每個層面🌈
我都越來越好"
pink_ans5207418,chiuuu,"喜歡碧璽的人，肯定都是美人兒🧏‍♀️
旺人｜旺夫｜旺家仔
#西瓜碧璽#糖果碧璽#落入人間的彩虹",2025-12-19 09:31,"每一天🌤️每個層面🌈
我都越來越好"
pink_ans5207418,chiuuu,隕石到底是不是智商稅？也是後來才知道天狼星隕石不是隕石，它是黑曜石的一種，果然先繳稅就會有答案了🥴🥴,2025-12-18 11:25,"每一天🌤️每個層面🌈
我都越來越好"
pink_ans5207418,chiuuu,"日常水晶穿搭📝
#舒俱萊#蜜蠟",2025-12-18 09:07,"每一天🌤️每個層面🌈
我都越來越好"
yinsheng.wang,印升😶‍🌫️,"新竹🐻台中一日遊OF THE END
準備GO HOME惹🚉
#台中車站 #角落小夥伴",2025-12-20 18:27,"𝟭𝟴𝟱ᶜᵐ♈🐻𝔼ℕ𝔽ℙ💞🏳️‍🌈熊猴
🕵️品保人員 週休二日
💪胸肌📺追劇🎧音樂🎤唱歌⛰️爬山📸拍照👀看展"
yinsheng.wang,印升😶‍🌫️,"宮原眼科本館排到爆
選擇分館“第四信用合作社”朝聖一下
33 + 44 + 72 加80升級 聖代杯🍨
原來附近就是著名的🥝👀
不過我跟我姐來只是路過吃冰",2025-12-20 17:36,"𝟭𝟴𝟱ᶜᵐ♈🐻𝔼ℕ𝔽ℙ💞🏳️‍🌈熊猴
🕵️品保人員 週休二日
💪胸肌📺追劇🎧音樂🎤唱歌⛰️爬山📸拍照👀看展"
yinsheng.wang,印升😶‍🌫️,"好幾年沒來台中了
陪二姐來一中街買鞋子順便吃飯🍛
#Mr38 #咖哩豬排 #咖哩牛肉",2025-12-20 13:13,"𝟭𝟴𝟱ᶜᵐ♈🐻𝔼ℕ𝔽ℙ💞🏳️‍🌈熊猴
🕵️品保人員 週休二日
💪胸肌📺追劇🎧音樂🎤唱歌⛰️爬山📸拍照👀看展"
__flyzz88,名字有個7,"求跨年有人來陪我一起喝酒上班🥹
啤酒三首$2500 訂位找77🍺 
包廂還有喔！！",2025-12-31 15:27,"沒有回覆到消息的話可以直接跟店家說要訂桌訂77👋
因為訊息有時候會沒跳出來 要多密幾次🥹
店家-酌日 
前金區文武二街226號
6/10生日"
__flyzz88,名字有個7,"明天跨年大家都要去哪呢
不知道要去哪的 可以來酌日酒吧找我喝酒
還有位置 可以預先保留💓",2025-12-30 21:21,"沒有回覆到消息的話可以直接跟店家說要訂桌訂77👋
因為訊息有時候會沒跳出來 要多密幾次🥹
店家-酌日 
前金區文武二街226號
6/10生日"
__flyzz88,名字有個7,有人要喝酒的嗎暢飲,2025-12-29 22:18,"沒有回覆到消息的話可以直接跟店家說要訂桌訂77👋
因為訊息有時候會沒跳出來 要多密幾次🥹
店家-酌日 
前金區文武二街226號
6/10生日"
__flyzz88,名字有個7,啤酒暢飲日 有人要喝🍺ㄇ,2025-12-28 22:29,"沒有回覆到消息的話可以直接跟店家說要訂桌訂77👋
因為訊息有時候會沒跳出來 要多密幾次🥹
店家-酌日 
前金區文武二街226號
6/10生日"
__flyzz88,名字有個7,有人要來喝酒ㄇ,2025-12-20 21:07,"沒有回覆到消息的話可以直接跟店家說要訂桌訂77👋
因為訊息有時候會沒跳出來 要多密幾次🥹
店家-酌日 
前金區文武二街226號
6/10生日"
__flyzz88,名字有個7,啤酒三首$2500 喝酒嗎🍻,2025-12-19 21:04,"沒有回覆到消息的話可以直接跟店家說要訂桌訂77👋
因為訊息有時候會沒跳出來 要多密幾次🥹
店家-酌日 
前金區文武二街226號
6/10生日"
yakac1an,しン✩ˎˊ˗（19）,我有買葡萄吃,2025-12-31 14:29,"喵|ヤカヤカヤカです|雜多垢ཐི♡⃟͚̊ཋྀ
花開花落花無悔，緣起緣落緣又緣"
yakac1an,しン✩ˎˊ˗（19）,0國語言精通,2025-12-30 23:12,"喵|ヤカヤカヤカです|雜多垢ཐི♡⃟͚̊ཋྀ
花開花落花無悔，緣起緣落緣又緣"
yakac1an,しン✩ˎˊ˗（19）,唉我好矛盾,2025-12-30 16:47,"喵|ヤカヤカヤカです|雜多垢ཐི♡⃟͚̊ཋྀ
花開花落花無悔，緣起緣落緣又緣"
yakac1an,しン✩ˎˊ˗（19）,好B少年,2025-12-30 16:45,"喵|ヤカヤカヤカです|雜多垢ཐི♡⃟͚̊ཋྀ
花開花落花無悔，緣起緣落緣又緣"
yakac1an,しン✩ˎˊ˗（19）,鼻孔下面那塊又腫了 好痛,2025-12-30 15:01,"喵|ヤカヤカヤカです|雜多垢ཐི♡⃟͚̊ཋྀ
花開花落花無悔，緣起緣落緣又緣"
yakac1an,しン✩ˎˊ˗（19）,有點想出,2025-12-30 13:37,"喵|ヤカヤカヤカです|雜多垢ཐི♡⃟͚̊ཋྀ
花開花落花無悔，緣起緣落緣又緣"
yakac1an,しン✩ˎˊ˗（19）,找到了 笨蛋塞在娃衣裡面,2025-12-29 15:49,"喵|ヤカヤカヤカです|雜多垢ཐི♡⃟͚̊ཋྀ
花開花落花無悔，緣起緣落緣又緣"
yakac1an,しン✩ˎˊ˗（19）,好好吃好好吃,2025-12-29 14:52,"喵|ヤカヤカヤカです|雜多垢ཐི♡⃟͚̊ཋྀ
花開花落花無悔，緣起緣落緣又緣"
yakac1an,しン✩ˎˊ˗（19）,存錢買厚底鞋,2025-12-29 12:30,"喵|ヤカヤカヤカです|雜多垢ཐི♡⃟͚̊ཋྀ
花開花落花無悔，緣起緣落緣又緣"
yakac1an,しン✩ˎˊ˗（19）,現在換我的耳機消失,2025-12-28 17:04,"喵|ヤカヤカヤカです|雜多垢ཐི♡⃟͚̊ཋྀ
花開花落花無悔，緣起緣落緣又緣"
yakac1an,しン✩ˎˊ˗（19）,找到了謝謝祭品文 塞在一個意想不到的位置,2025-12-28 16:53,"喵|ヤカヤカヤカです|雜多垢ཐི♡⃟͚̊ཋྀ
花開花落花無悔，緣起緣落緣又緣"
yakac1an,しン✩ˎˊ˗（19）,咖喱飯還是無人拉麵店,2025-12-28 13:46,"喵|ヤカヤカヤカです|雜多垢ཐི♡⃟͚̊ཋྀ
花開花落花無悔，緣起緣落緣又緣"
yakac1an,しン✩ˎˊ˗（19）,"髮夾掉一邊找不到⋯⋯
明明前兩天化妝的時候還在的TT",2025-12-27 22:35,"喵|ヤカヤカヤカです|雜多垢ཐི♡⃟͚̊ཋྀ
花開花落花無悔，緣起緣落緣又緣"
yakac1an,しン✩ˎˊ˗（19）,最近很想在地上爬,2025-12-26 14:05,"喵|ヤカヤカヤカです|雜多垢ཐི♡⃟͚̊ཋྀ
花開花落花無悔，緣起緣落緣又緣"
yakac1an,しン✩ˎˊ˗（19）,"好難得拍手機拍૮꒰◞ ˕ ◟ ྀི꒱ა
漂亮天使青璃
@kousei_aorinnn
@kousei_aorinnn",2025-12-26 14:04,"喵|ヤカヤカヤカです|雜多垢ཐི♡⃟͚̊ཋྀ
花開花落花無悔，緣起緣落緣又緣"
yakac1an,しン✩ˎˊ˗（19）,買了滴膠玩,2025-12-26 13:54,"喵|ヤカヤカヤカです|雜多垢ཐི♡⃟͚̊ཋྀ
花開花落花無悔，緣起緣落緣又緣"
yakac1an,しン✩ˎˊ˗（19）,火車怪怪的==,2025-12-26 13:47,"喵|ヤカヤカヤカです|雜多垢ཐི♡⃟͚̊ཋྀ
花開花落花無悔，緣起緣落緣又緣"
yakac1an,しン✩ˎˊ˗（19）,"Repo 2025.12.25女限場
聖誕節跟好多人拍，也初見好多人😭🫶🏻💙
想咪嚕了，明明才過一天！！！
這套聖誕衣裝很萌萌，拍到很滿意的チッキ👍🏻
約好明年要好快見面，耶ฅ (๑-﹏-๑) ฅ
-
跟摸摸醬終於地偶場初見，悪戯的表演超帥！！！已愛上TT♡（也是第一次看被帥的摸摸喵喵）あいる好好看！好好看！！
-
聖誕節玩得好開心交到好多朋友，空氣香香的很幸福（？）",2025-12-26 12:21,"喵|ヤカヤカヤカです|雜多垢ཐི♡⃟͚̊ཋྀ
花開花落花無悔，緣起緣落緣又緣"
yakac1an,しン✩ˎˊ˗（19）,還是不去跨年場了我去天國地獄主催場，跨年好累哦可能倒頭就睡（連續三年都在睡覺）,2025-12-26 07:32,"喵|ヤカヤカヤカです|雜多垢ཐི♡⃟͚̊ཋྀ
花開花落花無悔，緣起緣落緣又緣"
yakac1an,しン✩ˎˊ˗（19）,女限場回家之後大睡一波沒熱水洗澡了,2025-12-26 02:15,"喵|ヤカヤカヤカです|雜多垢ཐི♡⃟͚̊ཋྀ
花開花落花無悔，緣起緣落緣又緣"
yakac1an,しン✩ˎˊ˗（19）,餓扁了晚餐薩利亞,2025-12-25 14:38,"喵|ヤカヤカヤカです|雜多垢ཐི♡⃟͚̊ཋྀ
花開花落花無悔，緣起緣落緣又緣"
yakac1an,しン✩ˎˊ˗（19）,女限場好好玩幫人起飛,2025-12-25 14:32,"喵|ヤカヤカヤカです|雜多垢ཐི♡⃟͚̊ཋྀ
花開花落花無悔，緣起緣落緣又緣"
yakac1an,しン✩ˎˊ˗（19）,聖誕快樂,2025-12-25 09:58,"喵|ヤカヤカヤカです|雜多垢ཐི♡⃟͚̊ཋྀ
花開花落花無悔，緣起緣落緣又緣"
yakac1an,しン✩ˎˊ˗（19）,好 明天穿天國地獄T&下半身待定,2025-12-25 00:52,"喵|ヤカヤカヤカです|雜多垢ཐི♡⃟͚̊ཋྀ
花開花落花無悔，緣起緣落緣又緣"
yakac1an,しン✩ˎˊ˗（19）,早起去寶雅看有沒有聖誕帽🤓,2025-12-24 23:48,"喵|ヤカヤカヤカです|雜多垢ཐི♡⃟͚̊ཋྀ
花開花落花無悔，緣起緣落緣又緣"
yakac1an,しン✩ˎˊ˗（19）,所以我跑回家過聖誕節了^U^,2025-12-24 17:44,"喵|ヤカヤカヤカです|雜多垢ཐི♡⃟͚̊ཋྀ
花開花落花無悔，緣起緣落緣又緣"
yakac1an,しン✩ˎˊ˗（19）,吃飯睡覺 跑店滑社群 看地偶場 玩卿卿我我,2025-12-24 00:19,"喵|ヤカヤカヤカです|雜多垢ཐི♡⃟͚̊ཋྀ
花開花落花無悔，緣起緣落緣又緣"
yakac1an,しン✩ˎˊ˗（19）,7755年度總結，果然是最愛墨先生🩶,2025-12-23 23:18,"喵|ヤカヤカヤカです|雜多垢ཐི♡⃟͚̊ཋྀ
花開花落花無悔，緣起緣落緣又緣"
yakac1an,しン✩ˎˊ˗（19）,謝謝大家跟我當朋友🤝🤝🤝,2025-12-23 23:09,"喵|ヤカヤカヤカです|雜多垢ཐི♡⃟͚̊ཋྀ
花開花落花無悔，緣起緣落緣又緣"
yakac1an,しン✩ˎˊ˗（19）,女限場⋯⋯會到⋯⋯晚點來徵友,2025-12-22 20:34,"喵|ヤカヤカヤカです|雜多垢ཐི♡⃟͚̊ཋྀ
花開花落花無悔，緣起緣落緣又緣"
yakac1an,しン✩ˎˊ˗（19）,坐過站了,2025-12-20 20:38,"喵|ヤカヤカヤカです|雜多垢ཐི♡⃟͚̊ཋྀ
花開花落花無悔，緣起緣落緣又緣"
yakac1an,しン✩ˎˊ˗（19）,坐過站了。。。,2025-12-20 20:37,"喵|ヤカヤカヤカです|雜多垢ཐི♡⃟͚̊ཋྀ
花開花落花無悔，緣起緣落緣又緣"
yakac1an,しン✩ˎˊ˗（19）,あ雞あ雞,2025-12-20 15:18,"喵|ヤカヤカヤカです|雜多垢ཐི♡⃟͚̊ཋྀ
花開花落花無悔，緣起緣落緣又緣"
yakac1an,しン✩ˎˊ˗（19）,晚餐吃挺好,2025-12-19 20:11,"喵|ヤカヤカヤカです|雜多垢ཐི♡⃟͚̊ཋྀ
花開花落花無悔，緣起緣落緣又緣"
yakac1an,しン✩ˎˊ˗（19）,酒醒了 爽死,2025-12-18 21:25,"喵|ヤカヤカヤカです|雜多垢ཐི♡⃟͚̊ཋྀ
花開花落花無悔，緣起緣落緣又緣"
organictomatooo,lemonloveswatermelon,12.23 新扒到的老照片 舊圖新看🤗 分享之～,2025-12-23 14:57,正義必勝！
organictomatooo,lemonloveswatermelon,12.23 大家早安 🌞  今天早早更新 ，馬上開啟忙碌的一天工作了🤗還是那句話，大家一起，穩住心態，勇往直前，靜待花開！🌻,2025-12-23 08:43,正義必勝！
organictomatooo,lemonloveswatermelon,12.22 還是我們帥氣的小魚鴨 什麼衣服都能穿的很好看 🤗,2025-12-22 14:33,正義必勝！
organictomatooo,lemonloveswatermelon,12.21 冬至已至 最長的夜吞下了最短的影  白晝開始變長 而有些融化永遠等不到春天了,2025-12-21 12:05,正義必勝！
organictomatooo,lemonloveswatermelon,12.19 百日祭 今晚在204約會萌萌 大家都在嗎 感恩兩位主持人為我們提供渠道還能對話萌萌🤗(沒有字幕我聽的有點吃力),2025-12-19 23:30,正義必勝！
organictomatooo,lemonloveswatermelon,12.19📅100天了，真相還在未知的遠方，而我們一直在戰鬥。昨天 得知同事的父親病逝，从年初查出生病到星期三 撒手人寰，总共還不到一年。人生，不出意外無病無災也就衹有短短3萬多天。而萌萌的3萬天裏(出生設定我認為是有足量生命力的)，有4000多天，甚至可能更多，都是被惡魔控制和虐待。他真的很勇敢，很樂觀，也很厲害。不知道他現在還痛不痛，有沒有缺衣少食，有沒有足夠的光汲取能量，有沒有足夠的錢繼續做善事。。。火腿和福麗有沒有調皮惹他生氣。。我們的日子還在繼續，大家都在為他爭取一個結果，感覺這件事似乎也成為了很多人生命裡的一項必完成事件。不管多久，我都會堅定走下去。大家一起加油吧!,2025-12-19 21:02,正義必勝！
nini.3038,nini.3038,收一張原價蔡依林，今天,2025-12-31 14:21,
nini.3038,nini.3038,"【求票】：求原價票
【節目】：蔡依林演唱會
【地點】：台北大巨蛋
【日期】：12/31 or 1/1
【數量】：2
【價錢】：2990元的票或900元的
【交易方式】：新竹或台北面交",2025-12-31 11:25,
nini.3038,nini.3038,"【求票】：求原價票
【節目】：蔡依林演唱會
【地點】：台北大巨蛋
【日期】：12/31 or 1/1
【數量】：2
【價錢】：2990元的票或900元的
【交易方式】：新竹或台北面交",2025-12-31 11:19,
nini.3038,nini.3038,"【求票/讓票/換票】：求票原價賣我
【節目】：蔡依林演唱會
【地點】：台北大巨蛋
【日期】：12/31 or 1/1
【數量】：2
【價錢】：2990元的票或900元的
【交易方式】：新竹或台北面交",2025-12-31 11:19,
nini.3038,nini.3038,"12/31、1/1 蔡依林的票
收原讓⚠️
位置不限
台北/新竹當天可面交
場外面交也可以 🥺🥺",2025-12-31 01:16,
nini.3038,nini.3038,"求原價讓票
【節目】:JOLIN 蔡依林 PLEASURE世界巡迴演唱會TAIPEI 2025-2026
【地點】:台北大巨蛋
【日期】:12/31、1/1
【數量】:2張
【售價】:990-3990
【交易方式】:新竹面交或雙北面交",2025-12-31 01:12,
nini.3038,nini.3038,"求票🙏
區域不限連號*2
1/1（四）
12/31新竹/大巨蛋可面交
1/1  大巨蛋可面交🥺",2025-12-31 00:23,
nini.3038,nini.3038,"求12/31 或 1/1 蔡依林演唱會門票🎫
連❷
新竹全家機台面交～
可給現金！
再麻煩各位好心人🥹",2025-12-29 16:10,
nini.3038,nini.3038,"謝謝各位脆友建議
更新一下進度：今天跟獵頭聯繫
確定薪資部分沒辦法再調整
額外福利比如年假/培訓等，也沒有增加的空間
就直接婉拒了
這是我第一次幾乎快拿到外商offer 
讓我知道自己的實力是被肯定的（儘管薪資不滿意）
還是謝謝溫暖的脆友們給我信心！
希望大家都可以順利拿到滿意的薪資&進入好公司！",2025-12-23 16:06,
nini.3038,nini.3038,"好奇大家跳槽會給新公司身分證和所得稅扣繳憑單嗎？
不給會影響核薪嗎？（怕被當成核薪籌碼想拒絕）
目前手邊正職工作年薪約86（保14+各項福利加總）
拿到一個外商約聘口頭offer（一年一聘）
福利只有每月月薪、沒有額外bonus 
獵頭回覆大概75左右是對方可接受數字
要求回傳：
生日、身分證字號、過去薪資結構、現職公司扣繳憑單、期待薪資、最快報到日
目前現職公司有簽保密條款，可以給對方現職到扣繳憑單嗎？
另外最讓我苦惱的就是期待薪資！
本來期待可以用86再往上談15-20%
沒想到換成約聘的美商公司只剩12個月月薪，還只開75⋯
（現職正職公司不看Bonus的話，也有大概72左右）
瞬間從86掉到75…
但又好想進外商啊！求求各位脆神hr 開示了🥹🥹🥹",2025-12-23 02:33,
_9yuxiin,_9yuxiin,好煩好喜歡 這到底是誰做的😍😍😍,2025-12-21 23:42,我的月老可能還在歐歐睏
_9yuxiin,_9yuxiin,要來讀嶺東的不要住學校宿舍🫠,2025-12-19 10:45,我的月老可能還在歐歐睏
albee_mar,ALBEE,"JOLIN PLEASURE世界巡迴演唱會IN TAIPEI
整場演唱會的舞台、視覺特效、服裝造型都非常精彩
顛覆了我對台灣藝人演唱會都只是大型音樂會的印象
不愧是耗資9億台幣打造的五大章節寓言故事演唱會
實在看不出這是睽違6年的演出，整整3小時不間斷
只能說真的最少一定要看一次蔡依林的演唱會！
真的很值回票價🥺",2025-12-31 15:31,日常｜美食｜好物分享
jiaying_o_0,jiaying_o_0,自從用了Gemini之後我都不知道之前為什麼要付ChatGPT錢^_^,2025-12-31 14:04,嗷嗷嗷
yjth_moa.0913,𝑺,想談崔然竣這種要吃幾顆葡萄才夠,2025-12-31 15:38,崔然竣崔然竣崔然竣
yjth_moa.0913,𝑺,"每位追星人想對偶像說的話：
我會很期待你的每一場演出 
  但前提是你不能受傷",2025-12-29 23:51,崔然竣崔然竣崔然竣
yjth_moa.0913,𝑺,"我寧願崔然竣台灣場唱Talk to you不下腰
也不想他的舊傷再復發一次🥺要好好的",2025-12-29 00:47,崔然竣崔然竣崔然竣
yjth_moa.0913,𝑺,會有MOA懂吧…？,2025-12-24 09:03,崔然竣崔然竣崔然竣
yjth_moa.0913,𝑺,"我媽：拍這個幹嘛
：竣擔會懂",2025-12-22 07:58,崔然竣崔然竣崔然竣
yjth_moa.0913,𝑺,我認為最權威的五張臉🤩,2025-12-21 08:55,崔然竣崔然竣崔然竣
yjth_moa.0913,𝑺,崔然竣根本是鴨塑🦆,2025-12-20 13:26,崔然竣崔然竣崔然竣
yjth_moa.0913,𝑺,既然晚入坑有一次買多億點吧啊哈哈哈,2025-12-20 11:39,崔然竣崔然竣崔然竣
yjth_moa.0913,𝑺,跟然竣尼做了一樣的美甲可以說是非常開心😚,2025-12-19 16:06,崔然竣崔然竣崔然竣
yjth_moa.0913,𝑺,"有人知道他們嗎？
雖然有點久了🥹
但我非常佩服他們的精神🫡
三沢光晴 小橋建太",2025-12-19 14:04,崔然竣崔然竣崔然竣
yuuueatt,大學生存日記,"《黑巧克力朗莎》
總評：🌕🌕🌕🌕🌗
誰也很喜歡吃黑色金莎 其實叫朗莎
小時候為了吃朗莎
都會去買綜合口味
然後把白色的拿掉👀
終於有單獨的禮盒了❤️
男友表示是你的聖誕節禮物🎄
每天吃一顆吃到聖誕節🎅
每天的小確幸",2025-12-17 19:10,"📌動手做系列 超真實版本
📌開箱各種食物🤤
📌甜食&巧克力控🍫
👀追蹤我看更多食物開箱&日常分享"
loner__cinema,邊緣電影院,"2025要結束了，以下是邊緣電影院私心的年度電影院十大必看：
1 《罪人》
2 《一戰再戰 》
3《國寶》
4《大濛》
5《F1》
6《終極戰士：殺戮星球》
7《兇器》
8《一百公尺》
9《超人》
10《阿凡達：火與燼》
大家也快分享你們的年度10部電影，沒看過的會盡快補看，（但想引戰直接封鎖呦🫶🏻）
預祝大家新年快樂，新的一年看更多電影。",2025-12-31 15:27,"一些電影和生活的正經八百 & 胡說八道
影視觀後感歡迎繞道instagram"
loner__cinema,邊緣電影院,"光是在威秀今年就花了15k台幣，其他家影城也加起來，粗估花了22k進戲院看電影，大家今年又花了多少錢看電影呢？
2026希望電影院能越來越好…",2025-12-31 00:39,"一些電影和生活的正經八百 & 胡說八道
影視觀後感歡迎繞道instagram"
loner__cinema,邊緣電影院,影史最難以忘懷的倒抽一口氣，if you know，you know。,2025-12-29 21:08,"一些電影和生活的正經八百 & 胡說八道
影視觀後感歡迎繞道instagram"
loner__cinema,邊緣電影院,與經典不敗的影視作品一同祝大家聖誕快樂，MERRY CHRISTMAS WORLD ！,2025-12-25 21:27,"一些電影和生活的正經八百 & 胡說八道
影視觀後感歡迎繞道instagram"
loner__cinema,邊緣電影院,"你知道嗎？在《黑暗騎士》最著名的那場審問戲，「克里斯汀貝爾」說，「希斯萊傑」曾鼓勵他讓兩人的激烈衝突看起來更真實、更殘酷。
貝爾說道：「他一直在說：『來啊，來啊，來啊……』他不斷地把自己摔來摔去，直到現場有瓷磚的牆面都被他撞得出現裂痕和凹痕。他的投入是全然的，毫無保留。」",2025-12-23 19:59,"一些電影和生活的正經八百 & 胡說八道
影視觀後感歡迎繞道instagram"
loner__cinema,邊緣電影院,"2026最期待《奧德賽》首波預告震撼曝光！
改編自荷馬同名史詩，由克里斯多夫諾蘭攜手全明星卡司（包括獨眼巨人），打造電影界全新里程碑——影史唯一全片使用IMAX膠卷攝影機拍攝的電影。
07.17.26 全台戲院見。",2025-12-22 23:15,"一些電影和生活的正經八百 & 胡說八道
影視觀後感歡迎繞道instagram"
loner__cinema,邊緣電影院,"《排球少年》全新劇場版《ハイキュー!! VS 小さな巨人 》&特別篇動畫《怪物們的去向」》預計2027年公開！
本作為《劇場版排球少年！！ 垃圾場的決戰》的續篇，由滿仲勸擔任導演與編劇，動畫製作由Production I.G 負責。
劇情描寫烏野高中迎戰對手——鷗台高中，帶來日向翔陽 VS 星海光來的「小巨人對決」。
各位準備好活到2027年了嗎？",2025-12-21 23:01,"一些電影和生活的正經八百 & 胡說八道
影視觀後感歡迎繞道instagram"
loner__cinema,邊緣電影院,"短短幾個畫面，淚水就要奪眶而出《驀然回首》真人版電影特報預告公開！
改編自「藤本樹」同名原作，由《小偷家族》坎城名導「是枝裕和」編導，以底片耗時一年拍攝電影將於2026年上映",2025-12-21 19:15,"一些電影和生活的正經八百 & 胡說八道
影視觀後感歡迎繞道instagram"
loner__cinema,邊緣電影院,"接續《鏈鋸人蕾潔篇》，《鏈鋸人 刺客篇》製作決定！漫畫￼第一部的故事正式進入最高潮！
大家一起為MAPPA動畫師的肝禱告。",2025-12-21 19:05,"一些電影和生活的正經八百 & 胡說八道
影視觀後感歡迎繞道instagram"
loner__cinema,邊緣電影院,"你知道嗎？在《大熊餐廳》「七魚宴」這集中，Jon Bernthal在結尾即興發揮，演出丟完叉子後掀翻餐桌的橋段。
他透露，導演「克里斯多福史托勒」當下給了他「放手一搏」的一次機會，讓他全力演出一個 take，儘管場景與餐桌其實都是事前精心設計好的。",2025-12-20 18:36,"一些電影和生活的正經八百 & 胡說八道
影視觀後感歡迎繞道instagram"
loner__cinema,邊緣電影院,"《阿凡達：火與燼》的敘事節奏相較《阿凡達：水之道》更為明快流暢，更宏大的潘朵拉面貌與新種族間的衝突，也帶出了相較前作的新高度。可惜的是，劇情編排上，高潮段落的可預見性偏高，反而削弱了情緒的爆發力，顯得有些反高潮。
然而，電影依然保有初次觀賞《阿凡達》時那份純粹的感動。頂級的視覺表現，以及情感充沛、震撼動人的對手戲，讓人幾乎忘記這是一部以動態捕捉完成的作品。浩瀚的銀河、無垠的大海——再一次，我們回到潘朵拉，那顆在承受人類惡意之下，仍選擇懷抱希望的星球。
希望《阿凡達》4、5都能順利。
 《阿凡達：火與燼》全台全版本熱映中！",2025-12-19 20:47,"一些電影和生活的正經八百 & 胡說八道
影視觀後感歡迎繞道instagram"
loner__cinema,邊緣電影院,"相隔三年，再次回到潘朵拉。
Ps:好期待正片前的預告片s",2025-12-19 15:50,"一些電影和生活的正經八百 & 胡說八道
影視觀後感歡迎繞道instagram"
loner__cinema,邊緣電影院,"「湯姆克魯斯」主演、「亞歷安卓・崗札雷・伊納利圖）執導，《挖掘者》超前導預告曝光
本片將是A.G.I首部執導的全英文電影，這部電影將可能有大場面（因為有湯姆克魯斯）、且是帶有黑色幽默色彩的作品，故事講述一位掌握巨大權力的人物，在親手引發一場災難後，試圖拯救人類。
《挖掘者》預計2026年上映",2025-12-19 00:55,"一些電影和生活的正經八百 & 胡說八道
影視觀後感歡迎繞道instagram"
loner__cinema,邊緣電影院,"Christopher Nolan全新史詩巨作《奧德賽》釋出全新海報，觀眾將可以在《阿凡達：火與燼》正片前搶先觀看《奧德賽》前導預告。
《奧德賽》全片以IMAX攝影機拍攝，2026年7月26日震撼上映。",2025-12-19 00:00,"一些電影和生活的正經八百 & 胡說八道
影視觀後感歡迎繞道instagram"
loner__cinema,邊緣電影院,"奧斯卡金像獎宣布將於 2029 年起全面轉移至 YouTube 轉播，正式告別電視時代。
一項播映平台的更換，更是一個時代的終章。曾經由三大電視網壟斷的黃金時段盛典，如今選擇投向串流與演算法的懷抱，象徵傳統媒體影響力的徹底鬆動。
電視不再是「全民同時收看」的唯一入口，年輕世代早已習慣在手機、平板與社群平台上即時觀看、剪輯、分享與再詮釋內容。YouTube 不只是播放工具，而是一個能即時互動、即時擴散、即時被重新定義的場域。奧斯卡選擇這裡，等同承認話語權已不再掌握在傳統媒體手中。
這場轉移既是妥協，也是求生。當收視率與影響力持續下探，傳統電視的沒落已非未來式，而是正在發生的現在。奧斯卡的轉身，或許正預告著：不是典禮不重要了，而是「如何被觀看」比典禮本身更重要。平台的轉移當真會增加普羅大眾觀看的意願嗎？抑或是這場電影大獎的自我催眠？
大家會想在YouTube 上觀看奧斯卡典禮嗎？
Source:deadline",2025-12-18 13:00,"一些電影和生活的正經八百 & 胡說八道
影視觀後感歡迎繞道instagram"
yunokiko,🐰Winnie૮ ․ ․ ྀིა,今天逛了宜得利發現好多可愛娃娃 長尾山雀肥嘟嘟好想要,2025-12-31 01:12,"亂講話小天地🤍₍ᐢ..ᐢ₎
偶爾放一些生活旅行亂拍和自言自語📷
我是邦迷猿氣妹妹粉💙🙈🎀
白痴跟政治廚不要跟我講話。"
yunokiko,🐰Winnie૮ ․ ․ ྀིა,很討厭開口閉口都在聊政黨政治不管什麼議題都藍綠白紅 尤其看到小草直接下頭😅,2025-12-29 16:24,"亂講話小天地🤍₍ᐢ..ᐢ₎
偶爾放一些生活旅行亂拍和自言自語📷
我是邦迷猿氣妹妹粉💙🙈🎀
白痴跟政治廚不要跟我講話。"
yunokiko,🐰Winnie૮ ․ ․ ྀིა,全家福袋怎麼感覺很好笑有點想買,2025-12-28 19:47,"亂講話小天地🤍₍ᐢ..ᐢ₎
偶爾放一些生活旅行亂拍和自言自語📷
我是邦迷猿氣妹妹粉💙🙈🎀
白痴跟政治廚不要跟我講話。"
yunokiko,🐰Winnie૮ ․ ․ ྀིა,古咕鼓,2025-12-28 15:20,"亂講話小天地🤍₍ᐢ..ᐢ₎
偶爾放一些生活旅行亂拍和自言自語📷
我是邦迷猿氣妹妹粉💙🙈🎀
白痴跟政治廚不要跟我講話。"
yunokiko,🐰Winnie૮ ․ ․ ྀིა,潤餅一定要加油麵,2025-12-28 04:32,"亂講話小天地🤍₍ᐢ..ᐢ₎
偶爾放一些生活旅行亂拍和自言自語📷
我是邦迷猿氣妹妹粉💙🙈🎀
白痴跟政治廚不要跟我講話。"
yunokiko,🐰Winnie૮ ․ ․ ྀིა,你們發照片再給我用防劇透試試看,2025-12-28 01:34,"亂講話小天地🤍₍ᐢ..ᐢ₎
偶爾放一些生活旅行亂拍和自言自語📷
我是邦迷猿氣妹妹粉💙🙈🎀
白痴跟政治廚不要跟我講話。"
yunokiko,🐰Winnie૮ ․ ․ ྀིა,靠邀超大地震,2025-12-27 23:07,"亂講話小天地🤍₍ᐢ..ᐢ₎
偶爾放一些生活旅行亂拍和自言自語📷
我是邦迷猿氣妹妹粉💙🙈🎀
白痴跟政治廚不要跟我講話。"
yunokiko,🐰Winnie૮ ․ ․ ྀིა,有時候脆跟reels滑一滑會有資訊疲勞 越看越煩的感覺,2025-12-27 15:50,"亂講話小天地🤍₍ᐢ..ᐢ₎
偶爾放一些生活旅行亂拍和自言自語📷
我是邦迷猿氣妹妹粉💙🙈🎀
白痴跟政治廚不要跟我講話。"
yunokiko,🐰Winnie૮ ․ ․ ྀིა,白痴脆推送白痴發文跑來一堆白痴煩死,2025-12-26 21:56,"亂講話小天地🤍₍ᐢ..ᐢ₎
偶爾放一些生活旅行亂拍和自言自語📷
我是邦迷猿氣妹妹粉💙🙈🎀
白痴跟政治廚不要跟我講話。"
yunokiko,🐰Winnie૮ ․ ․ ྀིა,近期一直看到的兩個活躍小編 金門高粱跟海軍,2025-12-26 18:58,"亂講話小天地🤍₍ᐢ..ᐢ₎
偶爾放一些生活旅行亂拍和自言自語📷
我是邦迷猿氣妹妹粉💙🙈🎀
白痴跟政治廚不要跟我講話。"
yunokiko,🐰Winnie૮ ․ ․ ྀིა,巨人馬拉松看久了看到GU都自動有聲音,2025-12-26 10:32,"亂講話小天地🤍₍ᐢ..ᐢ₎
偶爾放一些生活旅行亂拍和自言自語📷
我是邦迷猿氣妹妹粉💙🙈🎀
白痴跟政治廚不要跟我講話。"
yunokiko,🐰Winnie૮ ․ ․ ྀིა,最後還是出門了這個溫度好冬天非常開心！聖誕快樂✨🎄🎅🏻⛄️❄️,2025-12-25 21:45,"亂講話小天地🤍₍ᐢ..ᐢ₎
偶爾放一些生活旅行亂拍和自言自語📷
我是邦迷猿氣妹妹粉💙🙈🎀
白痴跟政治廚不要跟我講話。"
yunokiko,🐰Winnie૮ ․ ․ ྀིა,外面好像很冷但想買個蛋糕吃 進退兩難欸,2025-12-25 17:48,"亂講話小天地🤍₍ᐢ..ᐢ₎
偶爾放一些生活旅行亂拍和自言自語📷
我是邦迷猿氣妹妹粉💙🙈🎀
白痴跟政治廚不要跟我講話。"
yunokiko,🐰Winnie૮ ․ ․ ྀིა,一直好想睡覺 已躺整天,2025-12-25 16:22,"亂講話小天地🤍₍ᐢ..ᐢ₎
偶爾放一些生活旅行亂拍和自言自語📷
我是邦迷猿氣妹妹粉💙🙈🎀
白痴跟政治廚不要跟我講話。"
yunokiko,🐰Winnie૮ ․ ․ ྀིა,"我的平安夜安排:
0:00陪群友 已完成✔️
4:00陪群友 已完成✔️
8:00陪群友 已完成✔️
10:00陪群友 已完成✔️
14:00陪群友 已完成✔️
16:00陪群友 已完成✔️
18:00陪群友 已完成✔️
20:00陪群友 已完成✔️
22:00陪群友 已完成✔️
23:00陪群友 進行中
群組是我家，用心陪大家",2025-12-25 02:21,"亂講話小天地🤍₍ᐢ..ᐢ₎
偶爾放一些生活旅行亂拍和自言自語📷
我是邦迷猿氣妹妹粉💙🙈🎀
白痴跟政治廚不要跟我講話。"
yunokiko,🐰Winnie૮ ․ ․ ྀིა,最喜歡的節日快樂⛄️🎄,2025-12-25 01:17,"亂講話小天地🤍₍ᐢ..ᐢ₎
偶爾放一些生活旅行亂拍和自言自語📷
我是邦迷猿氣妹妹粉💙🙈🎀
白痴跟政治廚不要跟我講話。"
yunokiko,🐰Winnie૮ ․ ․ ྀིა,為了避開一群剛在吸煙區抽完菸的人 特意看他們走向某部電梯後才選另一台剛到的電梯 結果不知道是他們電梯跑了還怎樣全部又跑來我這台真的好不爽 臭死,2025-12-24 13:15,"亂講話小天地🤍₍ᐢ..ᐢ₎
偶爾放一些生活旅行亂拍和自言自語📷
我是邦迷猿氣妹妹粉💙🙈🎀
白痴跟政治廚不要跟我講話。"
yunokiko,🐰Winnie૮ ․ ․ ྀིა,今天毫無認真工作的心情所以摸魚一下最近的亂拍拍,2025-12-24 11:14,"亂講話小天地🤍₍ᐢ..ᐢ₎
偶爾放一些生活旅行亂拍和自言自語📷
我是邦迷猿氣妹妹粉💙🙈🎀
白痴跟政治廚不要跟我講話。"
yunokiko,🐰Winnie૮ ․ ․ ྀིა,好想要有翹屁屁 但因為我是懶人所以只能想想,2025-12-23 16:29,"亂講話小天地🤍₍ᐢ..ᐢ₎
偶爾放一些生活旅行亂拍和自言自語📷
我是邦迷猿氣妹妹粉💙🙈🎀
白痴跟政治廚不要跟我講話。"
yunokiko,🐰Winnie૮ ․ ․ ྀིა,我的小天使🐱,2025-12-23 01:38,"亂講話小天地🤍₍ᐢ..ᐢ₎
偶爾放一些生活旅行亂拍和自言自語📷
我是邦迷猿氣妹妹粉💙🙈🎀
白痴跟政治廚不要跟我講話。"
yunokiko,🐰Winnie૮ ․ ․ ྀིა,"看到一些自我懷疑的脆文感覺最近脆上推崇獨旅的風氣有點瘋魔了，好像無法獨旅的人會有點什麼缺陷。
雖然也喜歡獨旅，而且一個人想去哪就去哪、喜歡慢慢逛隨意亂走巷弄的步調。但有時候看到美景、吃到美食的當下，身邊沒有人可以一起共享這份心情也會有點點寂寞。
不過最喜歡的還是有人排好行程讓我無腦跟隨😌",2025-12-23 00:22,"亂講話小天地🤍₍ᐢ..ᐢ₎
偶爾放一些生活旅行亂拍和自言自語📷
我是邦迷猿氣妹妹粉💙🙈🎀
白痴跟政治廚不要跟我講話。"
yunokiko,🐰Winnie૮ ․ ․ ྀིა,我是一個脾氣很好的人,2025-12-22 15:12,"亂講話小天地🤍₍ᐢ..ᐢ₎
偶爾放一些生活旅行亂拍和自言自語📷
我是邦迷猿氣妹妹粉💙🙈🎀
白痴跟政治廚不要跟我講話。"
yunokiko,🐰Winnie૮ ․ ․ ྀིა,北馬就封路半天而已也要吵吵 竟然不是為能辦這樣的賽事感到驕傲😑,2025-12-21 14:14,"亂講話小天地🤍₍ᐢ..ᐢ₎
偶爾放一些生活旅行亂拍和自言自語📷
我是邦迷猿氣妹妹粉💙🙈🎀
白痴跟政治廚不要跟我講話。"
yunokiko,🐰Winnie૮ ․ ․ ྀིა,好佩服對交友軟體樂此不疲的人，要反覆重新認識新的人好累。重新載回來花時間填完基本資料結果滑沒5分鐘又想刪掉了🙃,2025-12-21 02:07,"亂講話小天地🤍₍ᐢ..ᐢ₎
偶爾放一些生活旅行亂拍和自言自語📷
我是邦迷猿氣妹妹粉💙🙈🎀
白痴跟政治廚不要跟我講話。"
yunokiko,🐰Winnie૮ ․ ․ ྀིა,傍晚的天空美美的☺️,2025-12-20 18:59,"亂講話小天地🤍₍ᐢ..ᐢ₎
偶爾放一些生活旅行亂拍和自言自語📷
我是邦迷猿氣妹妹粉💙🙈🎀
白痴跟政治廚不要跟我講話。"
yunokiko,🐰Winnie૮ ․ ․ ྀིა,一直情勒讓各大活動取消到底是有什麼問題,2025-12-20 17:41,"亂講話小天地🤍₍ᐢ..ᐢ₎
偶爾放一些生活旅行亂拍和自言自語📷
我是邦迷猿氣妹妹粉💙🙈🎀
白痴跟政治廚不要跟我講話。"
yunokiko,🐰Winnie૮ ․ ․ ྀིა,明天冬至感覺要吃湯圓,2025-12-20 15:39,"亂講話小天地🤍₍ᐢ..ᐢ₎
偶爾放一些生活旅行亂拍和自言自語📷
我是邦迷猿氣妹妹粉💙🙈🎀
白痴跟政治廚不要跟我講話。"
yunokiko,🐰Winnie૮ ․ ․ ྀིა,突然覺得跨年好像有點危險 還是待在家吃葡萄好了,2025-12-20 01:31,"亂講話小天地🤍₍ᐢ..ᐢ₎
偶爾放一些生活旅行亂拍和自言自語📷
我是邦迷猿氣妹妹粉💙🙈🎀
白痴跟政治廚不要跟我講話。"
yunokiko,🐰Winnie૮ ․ ․ ྀིა,...超常去中山甚至事件發生前還在中山閒晃 幸運的是因為很睏就坐車回家睡覺了🥲,2025-12-19 20:20,"亂講話小天地🤍₍ᐢ..ᐢ₎
偶爾放一些生活旅行亂拍和自言自語📷
我是邦迷猿氣妹妹粉💙🙈🎀
白痴跟政治廚不要跟我講話。"
yunokiko,🐰Winnie૮ ․ ․ ྀིა,公司聖誕活動做餅乾 好久沒做甜點了蠻好玩 但要自己洗器材好煩,2025-12-18 21:18,"亂講話小天地🤍₍ᐢ..ᐢ₎
偶爾放一些生活旅行亂拍和自言自語📷
我是邦迷猿氣妹妹粉💙🙈🎀
白痴跟政治廚不要跟我講話。"
yunokiko,🐰Winnie૮ ․ ․ ྀིა,睜開眼，我重生了。重生回到脆帳號還沒被封掉的那天。,2025-12-18 11:35,"亂講話小天地🤍₍ᐢ..ᐢ₎
偶爾放一些生活旅行亂拍和自言自語📷
我是邦迷猿氣妹妹粉💙🙈🎀
白痴跟政治廚不要跟我講話。"
phone0508,IVY,單身跨年在家烤和牛🥩陪狗狗渡過2025年，常去的咖啡店員問我：跨年要去哪？我說在家陪狗😂然後對方問我吃葡萄了嗎？我說12顆嗎🤣我沒吃葡萄難怪在家裡跨年🥲,2025-12-31 16:05,"金牛悶騷INFJ單身找領養帶走🙈
LingOrm fan💕"
phone0508,IVY,"今天跨年跟我媽在家閒聊，我媽突然說妳嘴唇👄怎這麼乾？我馬上嘟嘴說：可能需要⋯歐巴來親一下😙
我媽馬上喊歐巴有人點你的檯喔，快點去，附上我家歐巴照片🤣🤣",2025-12-31 16:00,"金牛悶騷INFJ單身找領養帶走🙈
LingOrm fan💕"
phone0508,IVY,今年最開心的事情，飛到新加坡看Ladygaga演唱會了💕現場超好聽很震撼🥹缺點人太矮，特區前面都是人頭⋯我只能用前面人手機螢幕看演唱會😂回家也用yt看演唱會完整版，太好聽了吧！有沒有人一樣衝新加坡看呢？,2025-12-30 19:47,"金牛悶騷INFJ單身找領養帶走🙈
LingOrm fan💕"
phone0508,IVY,"誠徵：長髮女孩😂今天出門穿在日本買的鬼塚虎鞋子，我藍色控，今年飛去新加坡看GaGa演唱會，很愛這首歌，在飛機上一直Loop，入坑LongOrm後在YT上看到她們也一起唱這首❤️超好聽🫠🫠好適合她們兩個，甜死了💕
ps:附上新加坡Gaga自己獨唱Die with a smile",2025-12-30 17:10,"金牛悶騷INFJ單身找領養帶走🙈
LingOrm fan💕"
phone0508,IVY,以前被女友拍的視角😂然後很快就分手了🥲本人很宅常常潛水，最近因為入坑LingOrm 所以浮出水面的I人⋯徵友，快把我這個宅宅人帶出去走走🤣,2025-12-29 19:24,"金牛悶騷INFJ單身找領養帶走🙈
LingOrm fan💕"
phone0508,IVY,之前喜歡休閒打扮，為了朋友婚禮買的洋裝，還是被朋友吐槽很休閒🤣然後洋裝很貴只穿了兩次參加婚禮⋯,2025-12-29 19:17,"金牛悶騷INFJ單身找領養帶走🙈
LingOrm fan💕"
phone0508,IVY,好久沒去好市多了，今天懶得自己開車🚗給家人開，想問大家都用什麼汽車芳香呢？我自己很喜歡YANKEE 這款仲夏之夜👍之前有車友聞到都跑去跟我買一樣的😂我的車規定只能用我喜歡的味道😍,2025-12-28 17:29,"金牛悶騷INFJ單身找領養帶走🙈
LingOrm fan💕"
phone0508,IVY,懷念一下，之前37公斤的時候😂覺得這樣穿衣服比較好看⋯第一次買亞歷山大王這品牌❤️這件好顯瘦🤣,2025-12-28 15:54,"金牛悶騷INFJ單身找領養帶走🙈
LingOrm fan💕"
phone0508,IVY,喜歡一個開車在車上聽歌❤️有人也喜歡這對CP嗎？買杯咖啡平時認識我是常客的姐姐沒上班🥲不然一走進去就幫我開始弄咖啡了🤣,2025-12-27 19:05,"金牛悶騷INFJ單身找領養帶走🙈
LingOrm fan💕"
phone0508,IVY,天冷下雨開車出門方便，最近太宅車的胎壓放著都掉光了⋯大家胎壓都喜歡打多少呢？我喜歡懸吊硬一點都打比較高😂,2025-12-27 19:03,"金牛悶騷INFJ單身找領養帶走🙈
LingOrm fan💕"
phone0508,IVY,今天台北真的有夠冷🥶冷到沒朋友⋯咦？我好像本來就沒什麼朋友😂高領毛衣很暖但我還是比較喜歡夏裝🙈,2025-12-26 18:20,"金牛悶騷INFJ單身找領養帶走🙈
LingOrm fan💕"
phone0508,IVY,一個人的聖誕節，有沒有人一樣在玩Kingshot 遊戲？好險今天天氣很冷又下雨，在家繼續單身到明年⋯,2025-12-25 22:06,"金牛悶騷INFJ單身找領養帶走🙈
LingOrm fan💕"
phone0508,IVY,"聖誕快樂🎄🎁單身在家追劇陪狗狗實在⋯可能劇要追到跨年後了🧐
這次才下定決心燙一下頭髮（頭貼髮型），白目弟弟一直問我說：妳為什麼要弄的跟前總統一樣？然後每天看到我都敬禮🫡小英好😂害我思考是不是要換回之前妹妹頭直髮了？你們說呢？",2025-12-25 15:33,"金牛悶騷INFJ單身找領養帶走🙈
LingOrm fan💕"
phone0508,IVY,祝大家聖誕節快樂🎄單身在家追劇陪狗狗，剛好我狗勾名字叫歐巴Oppa😂另類有另一半可以喊？,2025-12-24 15:02,"金牛悶騷INFJ單身找領養帶走🙈
LingOrm fan💕"
phone0508,IVY,"我們兩個都是單身狗，歐巴你跟我拍照不能笑一下嗎😂希望能認識P..
I人害羞🙈",2025-12-23 19:17,"金牛悶騷INFJ單身找領養帶走🙈
LingOrm fan💕"
phone0508,IVY,好幾年的聖誕節跟跨年都在跟我可愛的狗狗過日子❤️今年冬天又是只有狗狗陪伴😂脫單好難😭,2025-12-23 17:56,"金牛悶騷INFJ單身找領養帶走🙈
LingOrm fan💕"
phone0508,IVY,身高很矮拍照看起來很高😂長相好像不是圈內人的菜才會一直單身🥲,2025-12-23 01:07,"金牛悶騷INFJ單身找領養帶走🙈
LingOrm fan💕"
_sayori._.07__20,紗世里,"天降匿名(⁠☉⁠｡⁠☉⁠)⁠!
被這樣誇獎真的有點難為情呢..嘿嘿..
夏樹確實說他不喜歡被這樣說，但是、但是..就真的..很..可愛嘛(⁠◕⁠ᴗ⁠◕⁠✿⁠)",2025-12-24 21:18,"文學部·˚ 副部長✨
非常歡迎各位加入文學部哦(⁠｡⁠•̀⁠ᴗ⁠-⁠)⁠✧！
—
—
中之🎀// 非官方"
_sayori._.07__20,紗世里,"耶~(⁠≧⁠▽⁠≦⁠)
快要聖誕節了！又可以快樂的拆禮物，
和我最期待的！吃！大！餐✧⁠◝⁠(⁠⁰⁠▿⁠⁰⁠)⁠◜⁠✧！
呀——<⁠(⁠￣⁠︶⁠￣⁠)⁠>真的好期待聖誕節呢！",2025-12-23 18:28,"文學部·˚ 副部長✨
非常歡迎各位加入文學部哦(⁠｡⁠•̀⁠ᴗ⁠-⁠)⁠✧！
—
—
中之🎀// 非官方"
_sayori._.07__20,紗世里,"嘿嘿，不客氣的呦(⁠｡⁠•̀⁠ᴗ⁠-⁠)⁠✧
欸欸！！謝謝誇獎呀(⁠≧⁠▽⁠≦⁠)
不過偷偷說一下，夏樹比較可愛哦！",2025-12-19 16:12,"文學部·˚ 副部長✨
非常歡迎各位加入文學部哦(⁠｡⁠•̀⁠ᴗ⁠-⁠)⁠✧！
—
—
中之🎀// 非官方"
_sayori._.07__20,紗世里,"呀⁄⁠(⁠⁄⁠ ⁠⁄⁠•⁠⁄⁠-⁠⁄⁠•⁠⁄⁠ ⁠⁄⁠)⁠⁄！！
雖然這個稱呼有點難為情，但是還是謝謝你這樣的誇獎和餅乾呢(⁠≧⁠▽⁠≦⁠)",2025-12-18 16:05,"文學部·˚ 副部長✨
非常歡迎各位加入文學部哦(⁠｡⁠•̀⁠ᴗ⁠-⁠)⁠✧！
—
—
中之🎀// 非官方"
_sayori._.07__20,紗世里,"這個嘛……要說實話的話那就是我自己了吧……嘿嘿
因為之前我嘗試做杯子蛋糕時，不小心吧鹽加進去，吃起來還鹹鹹的呢..還好有夏樹在我旁邊手把手教學，我才做出勉強能吃的點心呢！",2025-12-18 07:13,"文學部·˚ 副部長✨
非常歡迎各位加入文學部哦(⁠｡⁠•̀⁠ᴗ⁠-⁠)⁠✧！
—
—
中之🎀// 非官方"
_sayori._.07__20,紗世里,"呀——！！
是餅乾耶！！謝謝你(⁠≧⁠▽⁠≦⁠)
正好我有點餓了呢<⁠(⁠￣⁠︶⁠￣⁠)⁠>",2025-12-17 16:02,"文學部·˚ 副部長✨
非常歡迎各位加入文學部哦(⁠｡⁠•̀⁠ᴗ⁠-⁠)⁠✧！
—
—
中之🎀// 非官方"
box890217,BOX 詹鴻麒,"哇跨年時間剩不多了 ！各位想好跨年要去哪裡嗎 引擎是不是該熱一熱 咆哮🐯一下🤣🤣 
誰熱好車了 ！帥車蓋個跨年樓",2025-12-31 15:57,"大家好我叫BOX📦
職業藝術家/美術老師
喜歡突破框架！勇於挑戰
創作對我來說，是一場不斷挑戰的冒險 
發展出多元且獨特的藝術表現
帶給大家不一樣的視覺體驗！
企業藝術合作
汽車貼膜 包膜 彩繪塗裝🏎️ 
專業團隊😈😈等你來🔥🔥🔥"
box890217,BOX 詹鴻麒,"跨年有人要出門嗎 ？單身好一段時間了 副駕都是空的  有女孩也喜歡美式肌肉車的嗎😈😈 
來徵個模特兒🤣🤣 美式風格",2025-12-29 23:26,"大家好我叫BOX📦
職業藝術家/美術老師
喜歡突破框架！勇於挑戰
創作對我來說，是一場不斷挑戰的冒險 
發展出多元且獨特的藝術表現
帶給大家不一樣的視覺體驗！
企業藝術合作
汽車貼膜 包膜 彩繪塗裝🏎️ 
專業團隊😈😈等你來🔥🔥🔥"
box890217,BOX 詹鴻麒,"來分享一下今日的小故事  今天 載爸媽出門兜兜風 再回家的路上 買飯停在路邊  突然有一位同學 蹲到我的車前看了又看！哈哈 我爸還以為是在撿東西  我說怎麼可能  下一秒這位妹妹就拿起手機問我能不能拍照📷 🤣🤣。 跟同學小聊了一下 喜樂車子的女孩真的比較少 期待未來當車友呀哈哈
帥氣的塗裝 我們團隊施工！
@zy99k
@zy99k
@99k_depot
@99k_depot
有興趣的朋友嗎歡迎詢問 🔥🔥🔥
#汽車包膜 #新竹 #dodge #musclecar",2025-12-22 19:19,"大家好我叫BOX📦
職業藝術家/美術老師
喜歡突破框架！勇於挑戰
創作對我來說，是一場不斷挑戰的冒險 
發展出多元且獨特的藝術表現
帶給大家不一樣的視覺體驗！
企業藝術合作
汽車貼膜 包膜 彩繪塗裝🏎️ 
專業團隊😈😈等你來🔥🔥🔥"
box890217,BOX 詹鴻麒,"今天在新竹發糖果🤣🤣有人拍到我們嗎想要照片和影片 感謝🥹
聖誕少女:
@haru_yao
@haru_yao
汽車貼膜：
@99k_depot
@99k_depot",2025-12-22 00:23,"大家好我叫BOX📦
職業藝術家/美術老師
喜歡突破框架！勇於挑戰
創作對我來說，是一場不斷挑戰的冒險 
發展出多元且獨特的藝術表現
帶給大家不一樣的視覺體驗！
企業藝術合作
汽車貼膜 包膜 彩繪塗裝🏎️ 
專業團隊😈😈等你來🔥🔥🔥"
plus.omega.37,Plus Omega,"完全就是跟蹤狂還自以為在交往很浪漫欸
好噁",2025-12-30 11:53,"全職光醬阿嬤 紀光大LOVE 
最近光逝濃度高 廢文濃度更高
垃圾腦袋 偶爾攪拌人類
喜歡聊天 拜託和我說話拜託愛我
歐咩 咩 隨便叫都👌
等待一個又高又手大的女友
🇹🇼 成人済み 三十路
me a girrrrrl💅"
plus.omega.37,Plus Omega,"魔女😭😭😭🤌🤌🤌
這年頭哪裡都有壞女人😭😭😭🤌🤌🤌",2025-12-30 10:40,"全職光醬阿嬤 紀光大LOVE 
最近光逝濃度高 廢文濃度更高
垃圾腦袋 偶爾攪拌人類
喜歡聊天 拜託和我說話拜託愛我
歐咩 咩 隨便叫都👌
等待一個又高又手大的女友
🇹🇼 成人済み 三十路
me a girrrrrl💅"
plus.omega.37,Plus Omega,都已經生這麼多病了 難道不該給我發票中獎個幾百萬嗎🙄🙄🙄,2025-12-29 22:02,"全職光醬阿嬤 紀光大LOVE 
最近光逝濃度高 廢文濃度更高
垃圾腦袋 偶爾攪拌人類
喜歡聊天 拜託和我說話拜託愛我
歐咩 咩 隨便叫都👌
等待一個又高又手大的女友
🇹🇼 成人済み 三十路
me a girrrrrl💅"
plus.omega.37,Plus Omega,我每天都在B¡+chuation,2025-12-29 19:09,"全職光醬阿嬤 紀光大LOVE 
最近光逝濃度高 廢文濃度更高
垃圾腦袋 偶爾攪拌人類
喜歡聊天 拜託和我說話拜託愛我
歐咩 咩 隨便叫都👌
等待一個又高又手大的女友
🇹🇼 成人済み 三十路
me a girrrrrl💅"
plus.omega.37,Plus Omega,甲到不行的離婚法庭,2025-12-29 19:04,"全職光醬阿嬤 紀光大LOVE 
最近光逝濃度高 廢文濃度更高
垃圾腦袋 偶爾攪拌人類
喜歡聊天 拜託和我說話拜託愛我
歐咩 咩 隨便叫都👌
等待一個又高又手大的女友
🇹🇼 成人済み 三十路
me a girrrrrl💅"
plus.omega.37,Plus Omega,自己笑出來真心瘋掉,2025-12-29 18:19,"全職光醬阿嬤 紀光大LOVE 
最近光逝濃度高 廢文濃度更高
垃圾腦袋 偶爾攪拌人類
喜歡聊天 拜託和我說話拜託愛我
歐咩 咩 隨便叫都👌
等待一個又高又手大的女友
🇹🇼 成人済み 三十路
me a girrrrrl💅"
plus.omega.37,Plus Omega,惡毒但合法,2025-12-29 17:15,"全職光醬阿嬤 紀光大LOVE 
最近光逝濃度高 廢文濃度更高
垃圾腦袋 偶爾攪拌人類
喜歡聊天 拜託和我說話拜託愛我
歐咩 咩 隨便叫都👌
等待一個又高又手大的女友
🇹🇼 成人済み 三十路
me a girrrrrl💅"
plus.omega.37,Plus Omega,那種切一半 烤融化後會刮下來的起司,2025-12-29 16:09,"全職光醬阿嬤 紀光大LOVE 
最近光逝濃度高 廢文濃度更高
垃圾腦袋 偶爾攪拌人類
喜歡聊天 拜託和我說話拜託愛我
歐咩 咩 隨便叫都👌
等待一個又高又手大的女友
🇹🇼 成人済み 三十路
me a girrrrrl💅"
plus.omega.37,Plus Omega,又是你 你最爛🫩🫩🫩,2025-12-29 16:05,"全職光醬阿嬤 紀光大LOVE 
最近光逝濃度高 廢文濃度更高
垃圾腦袋 偶爾攪拌人類
喜歡聊天 拜託和我說話拜託愛我
歐咩 咩 隨便叫都👌
等待一個又高又手大的女友
🇹🇼 成人済み 三十路
me a girrrrrl💅"
plus.omega.37,Plus Omega,兩點一線的人接不了任務😭 擴一下捏,2025-12-29 00:33,"全職光醬阿嬤 紀光大LOVE 
最近光逝濃度高 廢文濃度更高
垃圾腦袋 偶爾攪拌人類
喜歡聊天 拜託和我說話拜託愛我
歐咩 咩 隨便叫都👌
等待一個又高又手大的女友
🇹🇼 成人済み 三十路
me a girrrrrl💅"
plus.omega.37,Plus Omega,不可能…不可能吧…,2025-12-28 22:12,"全職光醬阿嬤 紀光大LOVE 
最近光逝濃度高 廢文濃度更高
垃圾腦袋 偶爾攪拌人類
喜歡聊天 拜託和我說話拜託愛我
歐咩 咩 隨便叫都👌
等待一個又高又手大的女友
🇹🇼 成人済み 三十路
me a girrrrrl💅"
plus.omega.37,Plus Omega,"請不要虐待鮭鮭星人
鮭鮭星人歐咩目前感受到嚴重的迫害
請帶著你的煮熟生魚片離開銀河系",2025-12-28 22:11,"全職光醬阿嬤 紀光大LOVE 
最近光逝濃度高 廢文濃度更高
垃圾腦袋 偶爾攪拌人類
喜歡聊天 拜託和我說話拜託愛我
歐咩 咩 隨便叫都👌
等待一個又高又手大的女友
🇹🇼 成人済み 三十路
me a girrrrrl💅"
plus.omega.37,Plus Omega,駕啊,2025-12-28 15:53,"全職光醬阿嬤 紀光大LOVE 
最近光逝濃度高 廢文濃度更高
垃圾腦袋 偶爾攪拌人類
喜歡聊天 拜託和我說話拜託愛我
歐咩 咩 隨便叫都👌
等待一個又高又手大的女友
🇹🇼 成人済み 三十路
me a girrrrrl💅"
plus.omega.37,Plus Omega,平均場前coser belike :,2025-12-28 15:44,"全職光醬阿嬤 紀光大LOVE 
最近光逝濃度高 廢文濃度更高
垃圾腦袋 偶爾攪拌人類
喜歡聊天 拜託和我說話拜託愛我
歐咩 咩 隨便叫都👌
等待一個又高又手大的女友
🇹🇼 成人済み 三十路
me a girrrrrl💅"
plus.omega.37,Plus Omega,前面那個嗯嗯好澀喔,2025-12-28 15:39,"全職光醬阿嬤 紀光大LOVE 
最近光逝濃度高 廢文濃度更高
垃圾腦袋 偶爾攪拌人類
喜歡聊天 拜託和我說話拜託愛我
歐咩 咩 隨便叫都👌
等待一個又高又手大的女友
🇹🇼 成人済み 三十路
me a girrrrrl💅"
plus.omega.37,Plus Omega,好變態喔,2025-12-28 15:35,"全職光醬阿嬤 紀光大LOVE 
最近光逝濃度高 廢文濃度更高
垃圾腦袋 偶爾攪拌人類
喜歡聊天 拜託和我說話拜託愛我
歐咩 咩 隨便叫都👌
等待一個又高又手大的女友
🇹🇼 成人済み 三十路
me a girrrrrl💅"
plus.omega.37,Plus Omega,平均恐怖片作死仔,2025-12-28 15:31,"全職光醬阿嬤 紀光大LOVE 
最近光逝濃度高 廢文濃度更高
垃圾腦袋 偶爾攪拌人類
喜歡聊天 拜託和我說話拜託愛我
歐咩 咩 隨便叫都👌
等待一個又高又手大的女友
🇹🇼 成人済み 三十路
me a girrrrrl💅"
plus.omega.37,Plus Omega,請大家不要來我家謝謝 山上很塞😭🤌🤌🤌,2025-12-28 13:50,"全職光醬阿嬤 紀光大LOVE 
最近光逝濃度高 廢文濃度更高
垃圾腦袋 偶爾攪拌人類
喜歡聊天 拜託和我說話拜託愛我
歐咩 咩 隨便叫都👌
等待一個又高又手大的女友
🇹🇼 成人済み 三十路
me a girrrrrl💅"
plus.omega.37,Plus Omega,好後悔,2025-12-28 13:34,"全職光醬阿嬤 紀光大LOVE 
最近光逝濃度高 廢文濃度更高
垃圾腦袋 偶爾攪拌人類
喜歡聊天 拜託和我說話拜託愛我
歐咩 咩 隨便叫都👌
等待一個又高又手大的女友
🇹🇼 成人済み 三十路
me a girrrrrl💅"
plus.omega.37,Plus Omega,沒在織但是想要的東西,2025-12-28 10:46,"全職光醬阿嬤 紀光大LOVE 
最近光逝濃度高 廢文濃度更高
垃圾腦袋 偶爾攪拌人類
喜歡聊天 拜託和我說話拜託愛我
歐咩 咩 隨便叫都👌
等待一個又高又手大的女友
🇹🇼 成人済み 三十路
me a girrrrrl💅"
plus.omega.37,Plus Omega,我做的夢belike :,2025-12-28 10:25,"全職光醬阿嬤 紀光大LOVE 
最近光逝濃度高 廢文濃度更高
垃圾腦袋 偶爾攪拌人類
喜歡聊天 拜託和我說話拜託愛我
歐咩 咩 隨便叫都👌
等待一個又高又手大的女友
🇹🇼 成人済み 三十路
me a girrrrrl💅"
plus.omega.37,Plus Omega,喪屍聖誕節有夠哈扣,2025-12-28 10:19,"全職光醬阿嬤 紀光大LOVE 
最近光逝濃度高 廢文濃度更高
垃圾腦袋 偶爾攪拌人類
喜歡聊天 拜託和我說話拜託愛我
歐咩 咩 隨便叫都👌
等待一個又高又手大的女友
🇹🇼 成人済み 三十路
me a girrrrrl💅"
plus.omega.37,Plus Omega,"看到的神一樣的防Xai盜圖方式 請多多擴散
facebook.com/share…",2025-12-28 00:10,"全職光醬阿嬤 紀光大LOVE 
最近光逝濃度高 廢文濃度更高
垃圾腦袋 偶爾攪拌人類
喜歡聊天 拜託和我說話拜託愛我
歐咩 咩 隨便叫都👌
等待一個又高又手大的女友
🇹🇼 成人済み 三十路
me a girrrrrl💅"
plus.omega.37,Plus Omega,"我自行宣布
第一屆《coser收納鬼才》交流大會
正式開始
選手如下：",2025-12-27 20:15,"全職光醬阿嬤 紀光大LOVE 
最近光逝濃度高 廢文濃度更高
垃圾腦袋 偶爾攪拌人類
喜歡聊天 拜託和我說話拜託愛我
歐咩 咩 隨便叫都👌
等待一個又高又手大的女友
🇹🇼 成人済み 三十路
me a girrrrrl💅"
plus.omega.37,Plus Omega,他好real,2025-12-27 08:42,"全職光醬阿嬤 紀光大LOVE 
最近光逝濃度高 廢文濃度更高
垃圾腦袋 偶爾攪拌人類
喜歡聊天 拜託和我說話拜託愛我
歐咩 咩 隨便叫都👌
等待一個又高又手大的女友
🇹🇼 成人済み 三十路
me a girrrrrl💅"
plus.omega.37,Plus Omega,❓️,2025-12-26 21:30,"全職光醬阿嬤 紀光大LOVE 
最近光逝濃度高 廢文濃度更高
垃圾腦袋 偶爾攪拌人類
喜歡聊天 拜託和我說話拜託愛我
歐咩 咩 隨便叫都👌
等待一個又高又手大的女友
🇹🇼 成人済み 三十路
me a girrrrrl💅"
plus.omega.37,Plus Omega,有夠喜歡,2025-12-26 21:12,"全職光醬阿嬤 紀光大LOVE 
最近光逝濃度高 廢文濃度更高
垃圾腦袋 偶爾攪拌人類
喜歡聊天 拜託和我說話拜託愛我
歐咩 咩 隨便叫都👌
等待一個又高又手大的女友
🇹🇼 成人済み 三十路
me a girrrrrl💅"
plus.omega.37,Plus Omega,❓️,2025-12-26 21:07,"全職光醬阿嬤 紀光大LOVE 
最近光逝濃度高 廢文濃度更高
垃圾腦袋 偶爾攪拌人類
喜歡聊天 拜託和我說話拜託愛我
歐咩 咩 隨便叫都👌
等待一個又高又手大的女友
🇹🇼 成人済み 三十路
me a girrrrrl💅"
plus.omega.37,Plus Omega,"*第一次看光逝時*
*光醬完美的叫出來*
我媽：你又在看同性戀澀情片了
歐咩：度",2025-12-26 19:51,"全職光醬阿嬤 紀光大LOVE 
最近光逝濃度高 廢文濃度更高
垃圾腦袋 偶爾攪拌人類
喜歡聊天 拜託和我說話拜託愛我
歐咩 咩 隨便叫都👌
等待一個又高又手大的女友
🇹🇼 成人済み 三十路
me a girrrrrl💅"
plus.omega.37,Plus Omega,直到最後依然絕望嗎？,2025-12-26 19:46,"全職光醬阿嬤 紀光大LOVE 
最近光逝濃度高 廢文濃度更高
垃圾腦袋 偶爾攪拌人類
喜歡聊天 拜託和我說話拜託愛我
歐咩 咩 隨便叫都👌
等待一個又高又手大的女友
🇹🇼 成人済み 三十路
me a girrrrrl💅"
plus.omega.37,Plus Omega,日有昏睡紅茶 台有昏睡飯糰（震聲,2025-12-26 19:44,"全職光醬阿嬤 紀光大LOVE 
最近光逝濃度高 廢文濃度更高
垃圾腦袋 偶爾攪拌人類
喜歡聊天 拜託和我說話拜託愛我
歐咩 咩 隨便叫都👌
等待一個又高又手大的女友
🇹🇼 成人済み 三十路
me a girrrrrl💅"
plus.omega.37,Plus Omega,感受到無助,2025-12-26 19:40,"全職光醬阿嬤 紀光大LOVE 
最近光逝濃度高 廢文濃度更高
垃圾腦袋 偶爾攪拌人類
喜歡聊天 拜託和我說話拜託愛我
歐咩 咩 隨便叫都👌
等待一個又高又手大的女友
🇹🇼 成人済み 三十路
me a girrrrrl💅"
plus.omega.37,Plus Omega,"小茶杯小時候發現長眼鏡的時候
知識の兎
那時還有點禮貌 現在完全是個渾蛋🙄",2025-12-26 19:21,"全職光醬阿嬤 紀光大LOVE 
最近光逝濃度高 廢文濃度更高
垃圾腦袋 偶爾攪拌人類
喜歡聊天 拜託和我說話拜託愛我
歐咩 咩 隨便叫都👌
等待一個又高又手大的女友
🇹🇼 成人済み 三十路
me a girrrrrl💅"
plus.omega.37,Plus Omega,覺得很甲不能怪我吧？,2025-12-26 13:53,"全職光醬阿嬤 紀光大LOVE 
最近光逝濃度高 廢文濃度更高
垃圾腦袋 偶爾攪拌人類
喜歡聊天 拜託和我說話拜託愛我
歐咩 咩 隨便叫都👌
等待一個又高又手大的女友
🇹🇼 成人済み 三十路
me a girrrrrl💅"
plus.omega.37,Plus Omega,喔齁 這個窗🫦🫦🫦,2025-12-26 12:30,"全職光醬阿嬤 紀光大LOVE 
最近光逝濃度高 廢文濃度更高
垃圾腦袋 偶爾攪拌人類
喜歡聊天 拜託和我說話拜託愛我
歐咩 咩 隨便叫都👌
等待一個又高又手大的女友
🇹🇼 成人済み 三十路
me a girrrrrl💅"
plus.omega.37,Plus Omega,我要有,2025-12-25 20:59,"全職光醬阿嬤 紀光大LOVE 
最近光逝濃度高 廢文濃度更高
垃圾腦袋 偶爾攪拌人類
喜歡聊天 拜託和我說話拜託愛我
歐咩 咩 隨便叫都👌
等待一個又高又手大的女友
🇹🇼 成人済み 三十路
me a girrrrrl💅"
plus.omega.37,Plus Omega,我覺得大家都需要看看捏,2025-12-25 20:54,"全職光醬阿嬤 紀光大LOVE 
最近光逝濃度高 廢文濃度更高
垃圾腦袋 偶爾攪拌人類
喜歡聊天 拜託和我說話拜託愛我
歐咩 咩 隨便叫都👌
等待一個又高又手大的女友
🇹🇼 成人済み 三十路
me a girrrrrl💅"
plus.omega.37,Plus Omega,你好好騎車好嗎,2025-12-25 18:35,"全職光醬阿嬤 紀光大LOVE 
最近光逝濃度高 廢文濃度更高
垃圾腦袋 偶爾攪拌人類
喜歡聊天 拜託和我說話拜託愛我
歐咩 咩 隨便叫都👌
等待一個又高又手大的女友
🇹🇼 成人済み 三十路
me a girrrrrl💅"
plus.omega.37,Plus Omega,超大缸塞,2025-12-25 14:33,"全職光醬阿嬤 紀光大LOVE 
最近光逝濃度高 廢文濃度更高
垃圾腦袋 偶爾攪拌人類
喜歡聊天 拜託和我說話拜託愛我
歐咩 咩 隨便叫都👌
等待一個又高又手大的女友
🇹🇼 成人済み 三十路
me a girrrrrl💅"
plus.omega.37,Plus Omega,紙盒可以進烤箱嗎？,2025-12-25 14:30,"全職光醬阿嬤 紀光大LOVE 
最近光逝濃度高 廢文濃度更高
垃圾腦袋 偶爾攪拌人類
喜歡聊天 拜託和我說話拜託愛我
歐咩 咩 隨便叫都👌
等待一個又高又手大的女友
🇹🇼 成人済み 三十路
me a girrrrrl💅"
plus.omega.37,Plus Omega,"老耶是個猛漢啊
🎄🎄🎄😉🌟",2025-12-25 14:17,"全職光醬阿嬤 紀光大LOVE 
最近光逝濃度高 廢文濃度更高
垃圾腦袋 偶爾攪拌人類
喜歡聊天 拜託和我說話拜託愛我
歐咩 咩 隨便叫都👌
等待一個又高又手大的女友
🇹🇼 成人済み 三十路
me a girrrrrl💅"
plus.omega.37,Plus Omega,雞有夠性感,2025-12-25 13:04,"全職光醬阿嬤 紀光大LOVE 
最近光逝濃度高 廢文濃度更高
垃圾腦袋 偶爾攪拌人類
喜歡聊天 拜託和我說話拜託愛我
歐咩 咩 隨便叫都👌
等待一個又高又手大的女友
🇹🇼 成人済み 三十路
me a girrrrrl💅"
plus.omega.37,Plus Omega,不知道能幹嘛但是很可愛的沙丁魚罐頭,2025-12-25 12:49,"全職光醬阿嬤 紀光大LOVE 
最近光逝濃度高 廢文濃度更高
垃圾腦袋 偶爾攪拌人類
喜歡聊天 拜託和我說話拜託愛我
歐咩 咩 隨便叫都👌
等待一個又高又手大的女友
🇹🇼 成人済み 三十路
me a girrrrrl💅"
plus.omega.37,Plus Omega,有夠喜歡,2025-12-25 12:46,"全職光醬阿嬤 紀光大LOVE 
最近光逝濃度高 廢文濃度更高
垃圾腦袋 偶爾攪拌人類
喜歡聊天 拜託和我說話拜託愛我
歐咩 咩 隨便叫都👌
等待一個又高又手大的女友
🇹🇼 成人済み 三十路
me a girrrrrl💅"
plus.omega.37,Plus Omega,祝各位設計師,2025-12-25 11:18,"全職光醬阿嬤 紀光大LOVE 
最近光逝濃度高 廢文濃度更高
垃圾腦袋 偶爾攪拌人類
喜歡聊天 拜託和我說話拜託愛我
歐咩 咩 隨便叫都👌
等待一個又高又手大的女友
🇹🇼 成人済み 三十路
me a girrrrrl💅"
plus.omega.37,Plus Omega,啊松就已經過氣了齁,2025-12-25 01:20,"全職光醬阿嬤 紀光大LOVE 
最近光逝濃度高 廢文濃度更高
垃圾腦袋 偶爾攪拌人類
喜歡聊天 拜託和我說話拜託愛我
歐咩 咩 隨便叫都👌
等待一個又高又手大的女友
🇹🇼 成人済み 三十路
me a girrrrrl💅"
plus.omega.37,Plus Omega,I dot  car,2025-12-25 01:11,"全職光醬阿嬤 紀光大LOVE 
最近光逝濃度高 廢文濃度更高
垃圾腦袋 偶爾攪拌人類
喜歡聊天 拜託和我說話拜託愛我
歐咩 咩 隨便叫都👌
等待一個又高又手大的女友
🇹🇼 成人済み 三十路
me a girrrrrl💅"
plus.omega.37,Plus Omega,好可愛！！！,2025-12-24 18:28,"全職光醬阿嬤 紀光大LOVE 
最近光逝濃度高 廢文濃度更高
垃圾腦袋 偶爾攪拌人類
喜歡聊天 拜託和我說話拜託愛我
歐咩 咩 隨便叫都👌
等待一個又高又手大的女友
🇹🇼 成人済み 三十路
me a girrrrrl💅"
plus.omega.37,Plus Omega,跑啊,2025-12-24 16:19,"全職光醬阿嬤 紀光大LOVE 
最近光逝濃度高 廢文濃度更高
垃圾腦袋 偶爾攪拌人類
喜歡聊天 拜託和我說話拜託愛我
歐咩 咩 隨便叫都👌
等待一個又高又手大的女友
🇹🇼 成人済み 三十路
me a girrrrrl💅"
plus.omega.37,Plus Omega,WHAT DO YOU MEAN DOOM?!,2025-12-24 09:12,"全職光醬阿嬤 紀光大LOVE 
最近光逝濃度高 廢文濃度更高
垃圾腦袋 偶爾攪拌人類
喜歡聊天 拜託和我說話拜託愛我
歐咩 咩 隨便叫都👌
等待一個又高又手大的女友
🇹🇼 成人済み 三十路
me a girrrrrl💅"
plus.omega.37,Plus Omega,"應該 應該沒有別的意思吧…目媽🥺🥺🥺
兩人大概會有同樣的命運吧
佳紀也會去
交涉
的嗎🥺🥺🥺",2025-12-24 08:54,"全職光醬阿嬤 紀光大LOVE 
最近光逝濃度高 廢文濃度更高
垃圾腦袋 偶爾攪拌人類
喜歡聊天 拜託和我說話拜託愛我
歐咩 咩 隨便叫都👌
等待一個又高又手大的女友
🇹🇼 成人済み 三十路
me a girrrrrl💅"
plus.omega.37,Plus Omega,好腐喔,2025-12-23 22:44,"全職光醬阿嬤 紀光大LOVE 
最近光逝濃度高 廢文濃度更高
垃圾腦袋 偶爾攪拌人類
喜歡聊天 拜託和我說話拜託愛我
歐咩 咩 隨便叫都👌
等待一個又高又手大的女友
🇹🇼 成人済み 三十路
me a girrrrrl💅"
plus.omega.37,Plus Omega,歐咩本體是全力閉殼的牡蠣寶寶 🦪,2025-12-23 22:28,"全職光醬阿嬤 紀光大LOVE 
最近光逝濃度高 廢文濃度更高
垃圾腦袋 偶爾攪拌人類
喜歡聊天 拜託和我說話拜託愛我
歐咩 咩 隨便叫都👌
等待一個又高又手大的女友
🇹🇼 成人済み 三十路
me a girrrrrl💅"
plus.omega.37,Plus Omega,不要！！！！,2025-12-23 20:44,"全職光醬阿嬤 紀光大LOVE 
最近光逝濃度高 廢文濃度更高
垃圾腦袋 偶爾攪拌人類
喜歡聊天 拜託和我說話拜託愛我
歐咩 咩 隨便叫都👌
等待一個又高又手大的女友
🇹🇼 成人済み 三十路
me a girrrrrl💅"
plus.omega.37,Plus Omega,（還插在裡面）,2025-12-23 19:54,"全職光醬阿嬤 紀光大LOVE 
最近光逝濃度高 廢文濃度更高
垃圾腦袋 偶爾攪拌人類
喜歡聊天 拜託和我說話拜託愛我
歐咩 咩 隨便叫都👌
等待一個又高又手大的女友
🇹🇼 成人済み 三十路
me a girrrrrl💅"
plus.omega.37,Plus Omega,64位都很美（甚至只看過兩個,2025-12-23 12:26,"全職光醬阿嬤 紀光大LOVE 
最近光逝濃度高 廢文濃度更高
垃圾腦袋 偶爾攪拌人類
喜歡聊天 拜託和我說話拜託愛我
歐咩 咩 隨便叫都👌
等待一個又高又手大的女友
🇹🇼 成人済み 三十路
me a girrrrrl💅"
plus.omega.37,Plus Omega,好吧 but why ?,2025-12-22 22:03,"全職光醬阿嬤 紀光大LOVE 
最近光逝濃度高 廢文濃度更高
垃圾腦袋 偶爾攪拌人類
喜歡聊天 拜託和我說話拜託愛我
歐咩 咩 隨便叫都👌
等待一個又高又手大的女友
🇹🇼 成人済み 三十路
me a girrrrrl💅"
plus.omega.37,Plus Omega,❓️,2025-12-22 15:16,"全職光醬阿嬤 紀光大LOVE 
最近光逝濃度高 廢文濃度更高
垃圾腦袋 偶爾攪拌人類
喜歡聊天 拜託和我說話拜託愛我
歐咩 咩 隨便叫都👌
等待一個又高又手大的女友
🇹🇼 成人済み 三十路
me a girrrrrl💅"
plus.omega.37,Plus Omega,"歐美光逝圈不知為何出現頻率很高的戰爭佳紀和原圖🪖
讓我看到你的戰爭臉
war face 知道嗎",2025-12-22 14:58,"全職光醬阿嬤 紀光大LOVE 
最近光逝濃度高 廢文濃度更高
垃圾腦袋 偶爾攪拌人類
喜歡聊天 拜託和我說話拜託愛我
歐咩 咩 隨便叫都👌
等待一個又高又手大的女友
🇹🇼 成人済み 三十路
me a girrrrrl💅"
plus.omega.37,Plus Omega,超愛,2025-12-22 12:56,"全職光醬阿嬤 紀光大LOVE 
最近光逝濃度高 廢文濃度更高
垃圾腦袋 偶爾攪拌人類
喜歡聊天 拜託和我說話拜託愛我
歐咩 咩 隨便叫都👌
等待一個又高又手大的女友
🇹🇼 成人済み 三十路
me a girrrrrl💅"
plus.omega.37,Plus Omega,我會死,2025-12-22 12:16,"全職光醬阿嬤 紀光大LOVE 
最近光逝濃度高 廢文濃度更高
垃圾腦袋 偶爾攪拌人類
喜歡聊天 拜託和我說話拜託愛我
歐咩 咩 隨便叫都👌
等待一個又高又手大的女友
🇹🇼 成人済み 三十路
me a girrrrrl💅"
plus.omega.37,Plus Omega,身為消波塊產地 我們一向是很缺原料的 不是水泥的部分,2025-12-21 22:18,"全職光醬阿嬤 紀光大LOVE 
最近光逝濃度高 廢文濃度更高
垃圾腦袋 偶爾攪拌人類
喜歡聊天 拜託和我說話拜託愛我
歐咩 咩 隨便叫都👌
等待一個又高又手大的女友
🇹🇼 成人済み 三十路
me a girrrrrl💅"
plus.omega.37,Plus Omega,就在五萬抖內面前和你捉i,2025-12-21 19:41,"全職光醬阿嬤 紀光大LOVE 
最近光逝濃度高 廢文濃度更高
垃圾腦袋 偶爾攪拌人類
喜歡聊天 拜託和我說話拜託愛我
歐咩 咩 隨便叫都👌
等待一個又高又手大的女友
🇹🇼 成人済み 三十路
me a girrrrrl💅"
plus.omega.37,Plus Omega,"很喜歡復古番 尤其是有迪斯可的
星際牛仔也很愛
facebook.com/share…",2025-12-21 14:23,"全職光醬阿嬤 紀光大LOVE 
最近光逝濃度高 廢文濃度更高
垃圾腦袋 偶爾攪拌人類
喜歡聊天 拜託和我說話拜託愛我
歐咩 咩 隨便叫都👌
等待一個又高又手大的女友
🇹🇼 成人済み 三十路
me a girrrrrl💅"
plus.omega.37,Plus Omega,"剛看到水貨轉就去爬了
該說還好歐咩還在門檻嗎🫠",2025-12-21 12:38,"全職光醬阿嬤 紀光大LOVE 
最近光逝濃度高 廢文濃度更高
垃圾腦袋 偶爾攪拌人類
喜歡聊天 拜託和我說話拜託愛我
歐咩 咩 隨便叫都👌
等待一個又高又手大的女友
🇹🇼 成人済み 三十路
me a girrrrrl💅"
plus.omega.37,Plus Omega,哪來的渾蛋不收飛旋！！！！！！,2025-12-21 12:24,"全職光醬阿嬤 紀光大LOVE 
最近光逝濃度高 廢文濃度更高
垃圾腦袋 偶爾攪拌人類
喜歡聊天 拜託和我說話拜託愛我
歐咩 咩 隨便叫都👌
等待一個又高又手大的女友
🇹🇼 成人済み 三十路
me a girrrrrl💅"
plus.omega.37,Plus Omega,以防有攪拌玩家需要,2025-12-20 19:43,"全職光醬阿嬤 紀光大LOVE 
最近光逝濃度高 廢文濃度更高
垃圾腦袋 偶爾攪拌人類
喜歡聊天 拜託和我說話拜託愛我
歐咩 咩 隨便叫都👌
等待一個又高又手大的女友
🇹🇼 成人済み 三十路
me a girrrrrl💅"
plus.omega.37,Plus Omega,不就謝謝捏🙄🙄🙄,2025-12-20 19:21,"全職光醬阿嬤 紀光大LOVE 
最近光逝濃度高 廢文濃度更高
垃圾腦袋 偶爾攪拌人類
喜歡聊天 拜託和我說話拜託愛我
歐咩 咩 隨便叫都👌
等待一個又高又手大的女友
🇹🇼 成人済み 三十路
me a girrrrrl💅"
plus.omega.37,Plus Omega,什麼東西有夠神,2025-12-20 19:17,"全職光醬阿嬤 紀光大LOVE 
最近光逝濃度高 廢文濃度更高
垃圾腦袋 偶爾攪拌人類
喜歡聊天 拜託和我說話拜託愛我
歐咩 咩 隨便叫都👌
等待一個又高又手大的女友
🇹🇼 成人済み 三十路
me a girrrrrl💅"
plus.omega.37,Plus Omega,光逝同理,2025-12-20 19:14,"全職光醬阿嬤 紀光大LOVE 
最近光逝濃度高 廢文濃度更高
垃圾腦袋 偶爾攪拌人類
喜歡聊天 拜託和我說話拜託愛我
歐咩 咩 隨便叫都👌
等待一個又高又手大的女友
🇹🇼 成人済み 三十路
me a girrrrrl💅"
plus.omega.37,Plus Omega,好愛,2025-12-20 19:10,"全職光醬阿嬤 紀光大LOVE 
最近光逝濃度高 廢文濃度更高
垃圾腦袋 偶爾攪拌人類
喜歡聊天 拜託和我說話拜託愛我
歐咩 咩 隨便叫都👌
等待一個又高又手大的女友
🇹🇼 成人済み 三十路
me a girrrrrl💅"
plus.omega.37,Plus Omega,好需要那個樹裝,2025-12-20 08:02,"全職光醬阿嬤 紀光大LOVE 
最近光逝濃度高 廢文濃度更高
垃圾腦袋 偶爾攪拌人類
喜歡聊天 拜託和我說話拜託愛我
歐咩 咩 隨便叫都👌
等待一個又高又手大的女友
🇹🇼 成人済み 三十路
me a girrrrrl💅"
plus.omega.37,Plus Omega,跟早上的我一模一樣,2025-12-19 16:06,"全職光醬阿嬤 紀光大LOVE 
最近光逝濃度高 廢文濃度更高
垃圾腦袋 偶爾攪拌人類
喜歡聊天 拜託和我說話拜託愛我
歐咩 咩 隨便叫都👌
等待一個又高又手大的女友
🇹🇼 成人済み 三十路
me a girrrrrl💅"
plus.omega.37,Plus Omega,"以前有過在主要道路被問 然後想移動到不妨礙路線的空間 結果到那邊整理好就被圍了 等想起來要合照時對方已經不見了 時至今日回想起來還是覺得很對不起那位來問的同好😭
歐咩不是故意的 原諒我😭",2025-12-19 14:17,"全職光醬阿嬤 紀光大LOVE 
最近光逝濃度高 廢文濃度更高
垃圾腦袋 偶爾攪拌人類
喜歡聊天 拜託和我說話拜託愛我
歐咩 咩 隨便叫都👌
等待一個又高又手大的女友
🇹🇼 成人済み 三十路
me a girrrrrl💅"
plus.omega.37,Plus Omega,"為什麼我昨天不去老虎城啊啊啊啊
😭😭😭🤌🤌🤌",2025-12-19 14:05,"全職光醬阿嬤 紀光大LOVE 
最近光逝濃度高 廢文濃度更高
垃圾腦袋 偶爾攪拌人類
喜歡聊天 拜託和我說話拜託愛我
歐咩 咩 隨便叫都👌
等待一個又高又手大的女友
🇹🇼 成人済み 三十路
me a girrrrrl💅"
plus.omega.37,Plus Omega,神的孩子 毋須害怕,2025-12-19 13:32,"全職光醬阿嬤 紀光大LOVE 
最近光逝濃度高 廢文濃度更高
垃圾腦袋 偶爾攪拌人類
喜歡聊天 拜託和我說話拜託愛我
歐咩 咩 隨便叫都👌
等待一個又高又手大的女友
🇹🇼 成人済み 三十路
me a girrrrrl💅"
plus.omega.37,Plus Omega,他有魔法手手捏,2025-12-19 13:30,"全職光醬阿嬤 紀光大LOVE 
最近光逝濃度高 廢文濃度更高
垃圾腦袋 偶爾攪拌人類
喜歡聊天 拜託和我說話拜託愛我
歐咩 咩 隨便叫都👌
等待一個又高又手大的女友
🇹🇼 成人済み 三十路
me a girrrrrl💅"
plus.omega.37,Plus Omega,"聽說在脆上問空間意見就一定會有711或波特
立刻來實驗一下
這邊要放什麼？",2025-12-19 12:15,"全職光醬阿嬤 紀光大LOVE 
最近光逝濃度高 廢文濃度更高
垃圾腦袋 偶爾攪拌人類
喜歡聊天 拜託和我說話拜託愛我
歐咩 咩 隨便叫都👌
等待一個又高又手大的女友
🇹🇼 成人済み 三十路
me a girrrrrl💅"
plus.omega.37,Plus Omega,真的很實用啦 大家快拿去啊😭😭😭🤌🤌🤌,2025-12-19 11:37,"全職光醬阿嬤 紀光大LOVE 
最近光逝濃度高 廢文濃度更高
垃圾腦袋 偶爾攪拌人類
喜歡聊天 拜託和我說話拜託愛我
歐咩 咩 隨便叫都👌
等待一個又高又手大的女友
🇹🇼 成人済み 三十路
me a girrrrrl💅"
plus.omega.37,Plus Omega,何德何能現在還看得到東京倒楣鬼,2025-12-19 09:00,"全職光醬阿嬤 紀光大LOVE 
最近光逝濃度高 廢文濃度更高
垃圾腦袋 偶爾攪拌人類
喜歡聊天 拜託和我說話拜託愛我
歐咩 咩 隨便叫都👌
等待一個又高又手大的女友
🇹🇼 成人済み 三十路
me a girrrrrl💅"
plus.omega.37,Plus Omega,蛤 為什麼歐咩不能擁有😠,2025-12-19 08:52,"全職光醬阿嬤 紀光大LOVE 
最近光逝濃度高 廢文濃度更高
垃圾腦袋 偶爾攪拌人類
喜歡聊天 拜託和我說話拜託愛我
歐咩 咩 隨便叫都👌
等待一個又高又手大的女友
🇹🇼 成人済み 三十路
me a girrrrrl💅"
plus.omega.37,Plus Omega,"歐咩真的永遠愛八點檔 每次都有酷劇情
我的八點檔資歷可有實實在在的30年捏🤌",2025-12-19 08:46,"全職光醬阿嬤 紀光大LOVE 
最近光逝濃度高 廢文濃度更高
垃圾腦袋 偶爾攪拌人類
喜歡聊天 拜託和我說話拜託愛我
歐咩 咩 隨便叫都👌
等待一個又高又手大的女友
🇹🇼 成人済み 三十路
me a girrrrrl💅"
plus.omega.37,Plus Omega,不要！！！！！,2025-12-18 23:34,"全職光醬阿嬤 紀光大LOVE 
最近光逝濃度高 廢文濃度更高
垃圾腦袋 偶爾攪拌人類
喜歡聊天 拜託和我說話拜託愛我
歐咩 咩 隨便叫都👌
等待一個又高又手大的女友
🇹🇼 成人済み 三十路
me a girrrrrl💅"
plus.omega.37,Plus Omega,好色喔,2025-12-18 19:21,"全職光醬阿嬤 紀光大LOVE 
最近光逝濃度高 廢文濃度更高
垃圾腦袋 偶爾攪拌人類
喜歡聊天 拜託和我說話拜託愛我
歐咩 咩 隨便叫都👌
等待一個又高又手大的女友
🇹🇼 成人済み 三十路
me a girrrrrl💅"
plus.omega.37,Plus Omega,我要有,2025-12-18 19:20,"全職光醬阿嬤 紀光大LOVE 
最近光逝濃度高 廢文濃度更高
垃圾腦袋 偶爾攪拌人類
喜歡聊天 拜託和我說話拜託愛我
歐咩 咩 隨便叫都👌
等待一個又高又手大的女友
🇹🇼 成人済み 三十路
me a girrrrrl💅"
plus.omega.37,Plus Omega,"who hurts you?
who  hurts you bro?",2025-12-18 15:59,"全職光醬阿嬤 紀光大LOVE 
最近光逝濃度高 廢文濃度更高
垃圾腦袋 偶爾攪拌人類
喜歡聊天 拜託和我說話拜託愛我
歐咩 咩 隨便叫都👌
等待一個又高又手大的女友
🇹🇼 成人済み 三十路
me a girrrrrl💅"
plus.omega.37,Plus Omega,空洞聖誕樹,2025-12-17 19:51,"全職光醬阿嬤 紀光大LOVE 
最近光逝濃度高 廢文濃度更高
垃圾腦袋 偶爾攪拌人類
喜歡聊天 拜託和我說話拜託愛我
歐咩 咩 隨便叫都👌
等待一個又高又手大的女友
🇹🇼 成人済み 三十路
me a girrrrrl💅"
lao_ding_8809,老丁天天炸十甲總店,"老丁已經準備就緒跨年了🥰
祝大家2026生意興隆新年快樂😍
一人一句新年快樂吧～🥰
新的一年希望老丁粉可以越來越多😋",2025-12-31 15:46,"營業日：週一至週五 週六（隔週休）
營業時間：下午4.30～晚上11.00
📍台中市東區十甲路292號"
lao_ding_8809,老丁天天炸十甲總店,"大家好～👋
小編偷偷問一下～
大家雞排喜歡吃切的還是不切的呢🤔
小編個人喜歡不切派的🤤
大家下方留言你們是哪一種派系的🥰",2025-12-30 18:45,"營業日：週一至週五 週六（隔週休）
營業時間：下午4.30～晚上11.00
📍台中市東區十甲路292號"
lao_ding_8809,老丁天天炸十甲總店,"經營脆的第五天
今天一樣有營業呦～（搬磚中）
今天有營業的來打聲招呼吧～一起努力搬磚💪
謝謝大家對我們的支持與肯定😍",2025-12-27 16:18,"營業日：週一至週五 週六（隔週休）
營業時間：下午4.30～晚上11.00
📍台中市東區十甲路292號"
lao_ding_8809,老丁天天炸十甲總店,"經營脆的第四天
昨天跟聖誕老公公許願粉絲明顯增加了😍
希望脆的粉絲跟ig 的粉絲可以越來越多
在麻煩大家多多支持🙇‍♂️
我們的招牌是 鹹酥雞、魷魚、雞蛋豆腐
其他炸物也都很好吃😍
歡迎加入線上點餐
📍台中市東區十甲路292號",2025-12-26 16:08,"營業日：週一至週五 週六（隔週休）
營業時間：下午4.30～晚上11.00
📍台中市東區十甲路292號"
lao_ding_8809,老丁天天炸十甲總店,"聽說用脆漲粉很快
經營脆的第三天現在加入會不會太晚🤣
先祝大家聖誕節快樂🎄
先跟聖誕老公公許個願希望可以漲粉🙇‍♂️
📍台中市東區十甲路292號",2025-12-25 14:18,"營業日：週一至週五 週六（隔週休）
營業時間：下午4.30～晚上11.00
📍台中市東區十甲路292號"
lao_ding_8809,老丁天天炸十甲總店,"聖誕節餐廳、聚餐、訂不到想不到要吃什麼嗎‼️
歡迎光臨來老丁。老丁陪著你一起過聖誕節🎄
📍台中市東區十甲路292號",2025-12-24 16:38,"營業日：週一至週五 週六（隔週休）
營業時間：下午4.30～晚上11.00
📍台中市東區十甲路292號"
lao_ding_8809,老丁天天炸十甲總店,"老丁天天炸（十甲總店）｜跨年提前公告｜
12/31（跨年）正常營業 當天營業時間到12點
老丁陪著你們一起倒數2026🎆
當天沒有販售  雞排、雞蛋豆腐、百葉豆腐
提醒各位的老丁粉應當天跨年訂單較多
強烈建議提前預訂‼️
應當天訂單較多若拿餐點有延遲在請見諒🙇‍♂️
謝謝你們今年的照顧老丁明年會在更好🙇‍♂️💕
老丁粉點點你的手追蹤ig活動都在ig公告🙇‍♂️
歡迎使用線上點餐
營業日：星期一至星期五 週六（隔週休）
營業時間：下午4.30～晚上11.
📍台中市東區十甲路292號
#台中美食 #台中東區美食#台中小吃推薦",2025-12-23 14:50,"營業日：週一至週五 週六（隔週休）
營業時間：下午4.30～晚上11.00
📍台中市東區十甲路292號"
leeyun1008,leeyun,"好想去看蔡依林1/1場的演唱會
還有人有多的票嗎🥹🥹
【票價】3990、2990、990",2025-12-31 16:21,instagram.com
leeyun1008,leeyun,在清邁的真心市集看到可愛的蔬菜娃娃，全部都是親手縫製的，挑了幾樣菜，一起回台灣吧！,2025-12-21 17:38,instagram.com
xi.xi.studio_,晞皙美學｜日式除毛ʺ̤ 熱蠟除毛ʺ̤,"📣好消息《雅淳水果茶🍍》來囉🎉
飲料酸酸甜甜 還能吃到鳳梨果肉
新鮮鳳梨現煮 冷飲🍹熱飲☕️皆有✨
❌不含咖啡因☕️❌不含茶葉🍵
地點：雲林縣立田徑場（虎尾跨年）",2025-12-31 16:29,"ෆ日式除毛 ʺ̤
๑熱蠟除毛 ʺ̤
ᯓ 使用蠟品/義朵、RICA
ᯓ 使用護膚品/RICA、VLB
‍         ‍        
ꕀ 完全預約制📨
ꕀ接受臨時預約📩
ꕀ彰化縣北斗鎮
୨୧官方LINE：@xlj1010c"
xi.xi.studio_,晞皙美學｜日式除毛ʺ̤ 熱蠟除毛ʺ̤,"📣好消息《雅淳水果茶🍍》來囉🎉
飲料酸酸甜甜 還能吃到鳳梨果肉
新鮮鳳梨現煮 冷飲🍹熱飲☕️皆有✨
❌不含咖啡因☕️❌不含茶葉🍵
地點：市民廣場(公益路155巷旁）
時間：下午至晚上10點12/20-24",2025-12-23 14:59,"ෆ日式除毛 ʺ̤
๑熱蠟除毛 ʺ̤
ᯓ 使用蠟品/義朵、RICA
ᯓ 使用護膚品/RICA、VLB
‍         ‍        
ꕀ 完全預約制📨
ꕀ接受臨時預約📩
ꕀ彰化縣北斗鎮
୨୧官方LINE：@xlj1010c"
ginger__cc,ginger__cc,"12點趕去大魯閣威秀劃位順利拿到特典
1點趕去王牌二刷看東京教父
4點搭車去台北找朋友跨年🤣
到目前行程都很順利～ 開心開心
希望2026也一樣順利
下週也要去新的工作報到也希望都順利🥹好緊張",2025-12-31 16:02,發廢文的地方
ginger__cc,ginger__cc,"本來找好A工作 （在家鄉）
也約好下週簽約..1月初要入職
結果今天收到B公司（外縣市）打來的核薪電話
不過說offer 要跑2-3週才會拿到
電話中對方說什麼現在可以開始找房子了
感覺希望快點入職
現在不知道我是該先去A公司做個幾個禮拜…（有點尷尬）
還是乾脆取消報到等B的offer 呢@@
（還沒拿到offer 都還是可能有變數..）",2025-12-24 00:40,發廢文的地方
ginger__cc,ginger__cc,"本來要等8點台中遠百威秀公布場次去買 
結果12/24只有早上9點的場🥲 
這時間太尷尬了吧
後來跑去王牌映畫買（第一次去這個影城🤣 看起來海報還很充足 時間也很棒）
海報真的超讚…預計第二周也要去二刷
聖嬰的海報更讚耶哈哈
（不知道之後還會出主視覺那張嗎⋯⋯願意第三刷）",2025-12-23 00:24,發廢文的地方
ginger__cc,ginger__cc,"在台中
找到一份內勤工作
但上的是下午到晚上的班
薪水37000-38000
滿常加班的但有加班費 工作節奏很緊湊
算還行嗎@@ 我也只有一份工作經驗
除了英文分數外也沒有太厲害的技能
雖然是喜歡常日班但待業一陣子了有點猶豫要再繼續找下去嗎？",2025-12-18 15:54,發廢文的地方
yongqingzhao,趙詠慶,"狂扣十號名聲日記 DAY6
名聲288➡️285
累計扣除名聲至30個
每天最開心的事情，就是8點一到，馬上過去扣人名聲
補一張警告的照片，我好怕！？
#大漠孤煙",2025-12-23 20:17,"開始跑步的小菜雞，目標是去收集世界七大馬。
半馬PB 1:54:52
目前在屠殺白狼人"
yongqingzhao,趙詠慶,"狂扣十號名聲日記 DAY5
名聲288➡️289
累計扣除名聲至25個
喔喔喔！ 他昨天沒有加名聲，回到289了！
#大漠孤煙",2025-12-22 18:22,"開始跑步的小菜雞，目標是去收集世界七大馬。
半馬PB 1:54:52
目前在屠殺白狼人"
yongqingzhao,趙詠慶,"狂扣十號名聲日記 DAY4
名聲288➡️294
累計扣除名聲至20個
他一直加上去… 我慢慢扣吧
#大漠孤煙
繼續扣！",2025-12-21 20:58,"開始跑步的小菜雞，目標是去收集世界七大馬。
半馬PB 1:54:52
目前在屠殺白狼人"
yongqingzhao,趙詠慶,"狂扣十號名聲日記 DAY3
名聲288➡️294
累計扣除名聲至15個
他有在拚喔！ 名聲找人由283加到299，然後又被我扣5個，爽快！ 來去吃晚餐
#大漠孤煙
繼續扣！",2025-12-20 18:29,"開始跑步的小菜雞，目標是去收集世界七大馬。
半馬PB 1:54:52
目前在屠殺白狼人"
yongqingzhao,趙詠慶,"狂扣十號名聲日記 DAY2
名聲288➡️283
累計扣除名聲至10個
￼他昨天把我扣的名聲加回去了，看來還是會在意的呀😏
#大漠孤煙
繼續扣！",2025-12-19 22:52,"開始跑步的小菜雞，目標是去收集世界七大馬。
半馬PB 1:54:52
目前在屠殺白狼人"
yongqingzhao,趙詠慶,"狂扣十號名聲日記 DAY1
名聲288➡️283
累計扣除名聲至5個
￼178等大鏢賊搶了我的雪女圖，燃起了我開遊戲的慾望
#大漠孤煙
好玩一直玩",2025-12-18 18:36,"開始跑步的小菜雞，目標是去收集世界七大馬。
半馬PB 1:54:52
目前在屠殺白狼人"
misslook_09153636,Jess J.J.,⛄🌲聖誕節麋鹿小狗祝大家聖誕節快樂喔！🌲🧑‍🎄,2025-12-24 19:45,"❤️日常生活小記錄🇹🇼
🍓柯基美莓的新生活日記"
misslook_09153636,Jess J.J.,也要來查核一下加過的臉書社團、粉專了！！！,2025-12-24 14:03,"❤️日常生活小記錄🇹🇼
🍓柯基美莓的新生活日記"
misslook_09153636,Jess J.J.,"🍓貪吃小狗
今日晚食~南夜滷物
湯頭鮮甜不膩
食材乾淨新鮮看得見
蔬菜品項也蠻多的
對於犬媽這不怎麼愛吃肉肉的來說
真的超級加分！
除了湯頭，醬料也是靈魂所在了吧！
有一咪咪辣口~剛剛好的夠勁👍
今天，用餐臭莓在一旁狂討食亂汪叫
有點不好意思啊！
有被我們吵到的鄰桌客人金拍謝！！
犬媽已經盡全力分食沒沾到醬料的雞肉片給牠了！
這個可愛乖乖又安靜望著犬媽討食的臉都是騙人養柯基的😂",2025-12-23 21:20,"❤️日常生活小記錄🇹🇼
🍓柯基美莓的新生活日記"
misslook_09153636,Jess J.J.,為了磨磨趾甲的跑跑。,2025-12-23 18:54,"❤️日常生活小記錄🇹🇼
🍓柯基美莓的新生活日記"
misslook_09153636,Jess J.J.,被玉津的可愛姊姊們餵食摸摸了！♥️,2025-12-23 17:43,"❤️日常生活小記錄🇹🇼
🍓柯基美莓的新生活日記"
misslook_09153636,Jess J.J.,♥️犬子與犬女的日常♥️,2025-12-22 22:01,"❤️日常生活小記錄🇹🇼
🍓柯基美莓的新生活日記"
misslook_09153636,Jess J.J.,"今天，犬媽難得想下廚
去俗俗的賣買了些食材
一盒虱目魚皮59元~蠻便宜的欸！
買來煮煮看！
回家拆開~感覺.....
欸~好像跟我認識的虱目魚皮不太一樣欸！！
看起來是熟的了！
魚皮上大概是裹了一層魚漿吧！
利用魚漿把魚皮結合成這麼大一片~
是說！犬媽本人真的很少買新鮮的虱目魚皮啦！
都是直接鮮魚湯店喝老闆煮好的！
所以，一時沒多觀察~
現在想想，虱目魚皮薄切下來
應該也不會如此厚實又呈現這麼大一片的吧！
雖然，有點被騙的感覺
不過，這層魚漿給了魚市場煮魚丸湯的那種鮮美味道
也算是賺到了一味！！？？🤔
總之，除了魚皮真的很薄之外
其實，還不錯吃啦！
一次滿足你想吃魚皮跟魚丸的需求😂",2025-12-22 21:57,"❤️日常生活小記錄🇹🇼
🍓柯基美莓的新生活日記"
misslook_09153636,Jess J.J.,"注意！！注意！！
出沒在各大時事串文中...",2025-12-20 16:06,"❤️日常生活小記錄🇹🇼
🍓柯基美莓的新生活日記"
misslook_09153636,Jess J.J.,"撿屎官必須快閃
不然，會灰頭土臉喔！😅",2025-12-18 09:59,"❤️日常生活小記錄🇹🇼
🍓柯基美莓的新生活日記"
misslook_09153636,Jess J.J.,"昨天去洗香香啦！聞香一下~😘
附上應景沙龍照。
📍築夢有妮寵物沙龍",2025-12-18 09:58,"❤️日常生活小記錄🇹🇼
🍓柯基美莓的新生活日記"
misslook_09153636,Jess J.J.,"Good morning 🌞 
♥️每天都要好好吃早餐♥️",2025-12-18 08:38,"❤️日常生活小記錄🇹🇼
🍓柯基美莓的新生活日記"
misslook_09153636,Jess J.J.,小犬子與犬女阿莓的可愛互動🥰,2025-12-17 21:21,"❤️日常生活小記錄🇹🇼
🍓柯基美莓的新生活日記"
misslook_09153636,Jess J.J.,"🍓：氣氣！！誰讓妳扯掉我那麼多毛的！！
🍓：還我！（叼走）",2025-12-16 21:13,"❤️日常生活小記錄🇹🇼
🍓柯基美莓的新生活日記"
liyulan38,Ngọc Lan 玉蘭,淡水一個人看煙火🎆,2025-12-31 16:48,
jhui0817,佳慧,新年快樂❤️,2025-12-31 16:39,"超喜歡五月天
阿信"
jhui0817,佳慧,"立麥阿信唱步步 超帥超清爽的 
一步步完成當初心願嗚嗚嗚
一步步走進我心裡吧❤️",2025-12-31 14:42,"超喜歡五月天
阿信"
jhui0817,佳慧,一直在脫衣服哈哈哈 好喜歡這樣的阿信哈哈哈,2025-12-30 20:00,"超喜歡五月天
阿信"
jhui0817,佳慧,他帶著盡情嬉戲回來了😍,2025-12-29 20:54,"超喜歡五月天
阿信"
jhui0817,佳慧,"純手工製作手機鏈❤️
超好看的 喜歡的五迷歡迎伸手 禮貌拿取喔❤️
純手工製作 數量有限喔",2025-12-29 17:33,"超喜歡五月天
阿信"
jhui0817,佳慧,哈哈哈 好阿沒啦 有夠好笑的,2025-12-29 13:52,"超喜歡五月天
阿信"
jhui0817,佳慧,阿信你想幹什麼,2025-12-28 19:48,"超喜歡五月天
阿信"
jhui0817,佳慧,"爆甩鐵鏈差點纏繞住大腿
真的超危險的
@ashin_ig
@ashin_ig",2025-12-24 21:38,"超喜歡五月天
阿信"
jhui0817,佳慧,"還好最後沒事😭
#五月天
#阿信
#意外",2025-12-24 15:25,"超喜歡五月天
阿信"
you.___qi,左7,我到了來找我玩,2025-12-31 16:33,
you.___qi,左7,"找樂團跨一起玩的夥伴我在A區 
有人要一起玩嗎 男女都可以（｀_´）！
發一個上次漂遊從最一開始三個人變一群人",2025-12-29 14:06,
you.___qi,左7,幹可以不要每次地震就在那邊什麼深情穩住地震嗎 超白癡真的,2025-12-27 23:32,
you.___qi,左7,"貳伍吸菸所專場特別爽 下次辦專場還去！
高釩竣在狀況外超萌 我後面也被搞到狀況外
我：可以碰個拳嗎 高：手上嗎 我：對 
高：簽嗎 我：喔好（？？？？:D
第一次看專場獻給貳伍 老爽了",2025-12-27 17:52,
you.___qi,左7,"POV:早到去排進場 看到郭力瑋在門口一秒放棄排隊去拍照 合照>前排
郭力瑋：大捲 你還沒下班（聽到根本憋不住
缺碩元啊啊啊啊 但沒事很幸福了
我下午下課直接從苗栗衝去台北 特別狼狽。",2025-12-27 12:57,
zzzzoro_0,zzzzoro_0,今天的淡水怎麼可以那麼冷 還好要跟男朋朋一起去溫暖的台中跨年ㄌ～,2025-12-31 15:31,家有一隻愛吃醋的小狗狗
zzzzoro_0,zzzzoro_0,第一張男朋友 第二張我🙂‍↕️,2025-12-27 20:58,家有一隻愛吃醋的小狗狗
zzzzoro_0,zzzzoro_0,冷冷的天 好想跟男朋友一起睡覺覺,2025-12-27 00:50,家有一隻愛吃醋的小狗狗
zzzzoro_0,zzzzoro_0,我不是一個好的戀人 對不起,2025-12-25 19:53,家有一隻愛吃醋的小狗狗
zzzzoro_0,zzzzoro_0,"🐶：我的意思是 我的問題就是我的問題不要在那邊變成自己的問題 然後跟我說不該逼你 不該強迫你 你想去就去吧 隨便你這類的話 你就是個小朋友 需要愛和關懷 我就是那個照顧你的人 我犯錯只有被罵的份 而你犯錯因為你是小朋友所以不會被罵 之後都這樣可以嗎 阿因為我照顧你所以沒有任何異議
🐶：可以嗎小朋友
：可以
🐶：好
🐶：乖
🐶：很棒
：好好笑天哪我很好哄欸幹
🐶：因為你是小朋友
🐶：現在 罵我！
🐶：因為我犯錯了",2025-12-21 02:12,家有一隻愛吃醋的小狗狗
zzzzoro_0,zzzzoro_0,狗狗又又又感冒了 天哪 體弱多病我之後的性福怎麼辦,2025-12-18 12:15,家有一隻愛吃醋的小狗狗
__11.22__jc,__11.22__jc,我已經可憐到相信葡萄文化了🫩,2025-12-31 17:03,
__11.22__jc,__11.22__jc,我要怎麼救我朋友,2025-12-22 11:44,
sun.day8_,我是太陽☀️,"啊啊啊啊啊啊啊啊啊啊啊
啊啊啊啊啊啊啊啊啊啊啊
啊啊啊啊啊啊啊啊啊啊啊
先尖叫 我真的要大哭了
我真的會致死爆裂的愛著你們
我真的要哭了 我真的太幸福了
雖然喉嚨還是很痛 班還是要上.",2025-12-29 17:04,"我是染紅髮的太陽 (⁠ ⁠ꈍ⁠ᴗ⁠ꈍ⁠)
Desire4 相關代購在置頂🔝
有票噴霧 噴噴噴噴噴
🍀🍀🍀🎫🎫🎫
✰⋆｡:ﾟ･*☽:ﾟ･⋆｡✰⋆｡:ﾟ･*☽:ﾟ･⋆｡✰
20250914 仁川💎
20251012 曼谷💟
20251115 贛州🎶
20251228 澳門🪐"
sun.day8_,我是太陽☀️,"準備回去啦 時間真的過得好快
又開始想阿星邱邱惹ಥ⁠_⁠ಥ
剛剛等登機的時候看著昨天錄的影片
窩滴天我真的是 要瘋了
我就一直在憋笑又想要大叫
差點把我搞精神分裂哈哈哈
昨天真的真的太幸福了啊啊啊
第一次坐在安全通道這邊的位置
前面好空真沒安全感
但好處是可以伸腳腳啦><
等等應該真的要好好睡一覺
但我感覺我又會看影片看到睡不著 真的是吼🤤
好嘟好嘟 大家感覺都還在睡覺
先自己一個人偷偷碎碎念",2025-12-29 06:39,"我是染紅髮的太陽 (⁠ ⁠ꈍ⁠ᴗ⁠ꈍ⁠)
Desire4 相關代購在置頂🔝
有票噴霧 噴噴噴噴噴
🍀🍀🍀🎫🎫🎫
✰⋆｡:ﾟ･*☽:ﾟ･⋆｡✰⋆｡:ﾟ･*☽:ﾟ･⋆｡✰
20250914 仁川💎
20251012 曼谷💟
20251115 贛州🎶
20251228 澳門🪐"
sun.day8_,我是太陽☀️,"🆘🆘🆘
拍物料花了兩個小時沒拍完
4：15 鬧鐘突然響起來
提醒我要準備去退房 然後叫車去機場
我才發現 自己行李還沒收。
窩滴天吶 幸好本來東西就不多
但我是真沒想到
物料能多到我的行李差點裝不下
但沒拍完物料真的超級可惜
物料就很適合在酒店的大白床單上擺拍啊啊啊
容量又爆掉ㄌ 我要趕快買硬碟",2025-12-29 04:38,"我是染紅髮的太陽 (⁠ ⁠ꈍ⁠ᴗ⁠ꈍ⁠)
Desire4 相關代購在置頂🔝
有票噴霧 噴噴噴噴噴
🍀🍀🍀🎫🎫🎫
✰⋆｡:ﾟ･*☽:ﾟ･⋆｡✰⋆｡:ﾟ･*☽:ﾟ･⋆｡✰
20250914 仁川💎
20251012 曼谷💟
20251115 贛州🎶
20251228 澳門🪐"
sun.day8_,我是太陽☀️,"🆘🆘🆘
這個要單獨給它一個版面
剛剛在整理物料 看到一個信封
打開一看 噢天吶哇塞了
謝謝老師你給我了信封
讓我現在才接受到這個驚喜😱",2025-12-29 02:53,"我是染紅髮的太陽 (⁠ ⁠ꈍ⁠ᴗ⁠ꈍ⁠)
Desire4 相關代購在置頂🔝
有票噴霧 噴噴噴噴噴
🍀🍀🍀🎫🎫🎫
✰⋆｡:ﾟ･*☽:ﾟ･⋆｡✰⋆｡:ﾟ･*☽:ﾟ･⋆｡✰
20250914 仁川💎
20251012 曼谷💟
20251115 贛州🎶
20251228 澳門🪐"
sun.day8_,我是太陽☀️,"先來幾句碎碎念速記一下這幾天的澳門之旅 心得有空再
連續兩天都吃同一家晚餐 超級好吃 老闆娘還在台灣待過18年
連續兩天都吃了雞蛋仔 但感覺台灣的比較合我胃口😗
今天去星邱花牆留言
星邱99 好事花生
出門前的精緻太陽
回酒店後的狼狽太陽
但蝴蝶結在手上到現在沒捨得拆
這兩天
遇到好多人很好的同擔朋友們
真的每個都是天使
阿星邱邱謝謝你們送給我這麼棒的禮物
好嘟吃個晚餐要開始收拾了
不然要趕不上飛機嚕",2025-12-29 01:12,"我是染紅髮的太陽 (⁠ ⁠ꈍ⁠ᴗ⁠ꈍ⁠)
Desire4 相關代購在置頂🔝
有票噴霧 噴噴噴噴噴
🍀🍀🍀🎫🎫🎫
✰⋆｡:ﾟ･*☽:ﾟ･⋆｡✰⋆｡:ﾟ･*☽:ﾟ･⋆｡✰
20250914 仁川💎
20251012 曼谷💟
20251115 贛州🎶
20251228 澳門🪐"
sun.day8_,我是太陽☀️,"我選擇這三秒選為我人生的解藥
就這三秒 我要把它帶進墳墓
就這三秒 我要反覆觀看
就這三秒 我們約定了下次見
就這三秒 謝謝你們我很幸福",2025-12-29 00:16,"我是染紅髮的太陽 (⁠ ⁠ꈍ⁠ᴗ⁠ꈍ⁠)
Desire4 相關代購在置頂🔝
有票噴霧 噴噴噴噴噴
🍀🍀🍀🎫🎫🎫
✰⋆｡:ﾟ･*☽:ﾟ･⋆｡✰⋆｡:ﾟ･*☽:ﾟ･⋆｡✰
20250914 仁川💎
20251012 曼谷💟
20251115 贛州🎶
20251228 澳門🪐"
sun.day8_,我是太陽☀️,"嘿嘿 終於幫大家把信遞出去啦
剛剛看到了星邱跟邱邱的巴士
阿結果都來不及拍照哈哈哈",2025-12-28 16:27,"我是染紅髮的太陽 (⁠ ⁠ꈍ⁠ᴗ⁠ꈍ⁠)
Desire4 相關代購在置頂🔝
有票噴霧 噴噴噴噴噴
🍀🍀🍀🎫🎫🎫
✰⋆｡:ﾟ･*☽:ﾟ･⋆｡✰⋆｡:ﾟ･*☽:ﾟ･⋆｡✰
20250914 仁川💎
20251012 曼谷💟
20251115 贛州🎶
20251228 澳門🪐"
sun.day8_,我是太陽☀️,"見面倒數 2小時！！！
阿阿阿阿阿拿到啦！
兩天的小卡竟然不一樣！
天吶天吶真的太好看了
回酒店再拍更好看的！
太喜歡了真的太喜歡了😭💟",2025-12-28 16:04,"我是染紅髮的太陽 (⁠ ⁠ꈍ⁠ᴗ⁠ꈍ⁠)
Desire4 相關代購在置頂🔝
有票噴霧 噴噴噴噴噴
🍀🍀🍀🎫🎫🎫
✰⋆｡:ﾟ･*☽:ﾟ･⋆｡✰⋆｡:ﾟ･*☽:ﾟ･⋆｡✰
20250914 仁川💎
20251012 曼谷💟
20251115 贛州🎶
20251228 澳門🪐"
sun.day8_,我是太陽☀️,"見面倒數 3小時！！！
天吶啊啊啊啊啊
朋友把票送到我手上了
看著我流離顛簸命運多舛的票
真的差點落淚了嗚嗚嗚
就會見面了 快了快了阿阿阿
結果在酒店用好的漂漂亮亮妝造
走過來發一發物料全亂掉哈哈哈
暈倒 等等進場前再處理ㄌ🥲",2025-12-28 14:58,"我是染紅髮的太陽 (⁠ ⁠ꈍ⁠ᴗ⁠ꈍ⁠)
Desire4 相關代購在置頂🔝
有票噴霧 噴噴噴噴噴
🍀🍀🍀🎫🎫🎫
✰⋆｡:ﾟ･*☽:ﾟ･⋆｡✰⋆｡:ﾟ･*☽:ﾟ･⋆｡✰
20250914 仁川💎
20251012 曼谷💟
20251115 贛州🎶
20251228 澳門🪐"
sun.day8_,我是太陽☀️,"見面倒數 7小時！！！
早安大家 我真的是睡死😵‍💫
本來跟Sally約好8.一起吃早餐
結果我真的扛不住 太累了
又倒回去睡到剛剛💤
現在要開始打扮打扮啦啊啊啊
今天要漂漂亮亮順順利利🍀✨",2025-12-28 10:55,"我是染紅髮的太陽 (⁠ ⁠ꈍ⁠ᴗ⁠ꈍ⁠)
Desire4 相關代購在置頂🔝
有票噴霧 噴噴噴噴噴
🍀🍀🍀🎫🎫🎫
✰⋆｡:ﾟ･*☽:ﾟ･⋆｡✰⋆｡:ﾟ･*☽:ﾟ･⋆｡✰
20250914 仁川💎
20251012 曼谷💟
20251115 贛州🎶
20251228 澳門🪐"
sun.day8_,我是太陽☀️,"有億點蠢的是 剛剛要洗澡
想說拿一下明天要穿的裙子
結果 哇哈哈哈 沒帶到。
真是被以自己打敗惹🤦🏻‍♀️",2025-12-27 21:58,"我是染紅髮的太陽 (⁠ ⁠ꈍ⁠ᴗ⁠ꈍ⁠)
Desire4 相關代購在置頂🔝
有票噴霧 噴噴噴噴噴
🍀🍀🍀🎫🎫🎫
✰⋆｡:ﾟ･*☽:ﾟ･⋆｡✰⋆｡:ﾟ･*☽:ﾟ･⋆｡✰
20250914 仁川💎
20251012 曼谷💟
20251115 贛州🎶
20251228 澳門🪐"
sun.day8_,我是太陽☀️,"見面倒數 21.5小時
🆘真的好累好累
從昨天到現在只睡了10分鐘
然後還在外面晃了很久哈哈
終於回酒店了 我這就酒店好棒
超級大我超級喜歡啊啊啊
等等還要繼續包物料
阿星邱邱明天見！！！
先奉上幾張漂亮花牆跟立牌給大家看🤲🏻",2025-12-27 20:24,"我是染紅髮的太陽 (⁠ ⁠ꈍ⁠ᴗ⁠ꈍ⁠)
Desire4 相關代購在置頂🔝
有票噴霧 噴噴噴噴噴
🍀🍀🍀🎫🎫🎫
✰⋆｡:ﾟ･*☽:ﾟ･⋆｡✰⋆｡:ﾟ･*☽:ﾟ･⋆｡✰
20250914 仁川💎
20251012 曼谷💟
20251115 贛州🎶
20251228 澳門🪐"
sun.day8_,我是太陽☀️,"落地啦 平安抵達澳門🛬🇲🇴
首先必須先回飯店化妝換衣服
今天的飛機餐我覺得嗯...
好吧會不會是我對星宇期待太高 但那個米苔目真的不是很美味ಥ⁠_⁠ಥ
但飛機上有SVT可以看 大加分
去年的克拉島 13個人的克拉島
我看一看就哭了天吶😭
突然又好想你們惹嗚嗚
小桑心的是 目前尚未遇到同擔
但入境排我後面是一對很甜gay
隨性先小磕一下 (⁠ ⁠ꈍ⁠ᴗ⁠ꈍ⁠)",2025-12-27 10:33,"我是染紅髮的太陽 (⁠ ⁠ꈍ⁠ᴗ⁠ꈍ⁠)
Desire4 相關代購在置頂🔝
有票噴霧 噴噴噴噴噴
🍀🍀🍀🎫🎫🎫
✰⋆｡:ﾟ･*☽:ﾟ･⋆｡✰⋆｡:ﾟ･*☽:ﾟ･⋆｡✰
20250914 仁川💎
20251012 曼谷💟
20251115 贛州🎶
20251228 澳門🪐"
sun.day8_,我是太陽☀️,"見面倒數34小時 🛫🇲🇴
期待已久的第三次見面
即將展開！！！
-
分享剛剛的小故事
把小卡帶上飛機想說沒睡著的話要來分裝
結果過安檢到時候
因為小卡一包一包的（兩百五十多張被我分成六包）被攔下來說要檢查一下
安檢大哥：啊你裡面都小卡喔？
：對啊對啊 給你看一下
安檢大哥：阿不用啦OK OK
-
好嘟 要關機啦 大家掰掰~",2025-12-27 08:15,"我是染紅髮的太陽 (⁠ ⁠ꈍ⁠ᴗ⁠ꈍ⁠)
Desire4 相關代購在置頂🔝
有票噴霧 噴噴噴噴噴
🍀🍀🍀🎫🎫🎫
✰⋆｡:ﾟ･*☽:ﾟ･⋆｡✰⋆｡:ﾟ･*☽:ﾟ･⋆｡✰
20250914 仁川💎
20251012 曼谷💟
20251115 贛州🎶
20251228 澳門🪐"
sun.day8_,我是太陽☀️,"包包長這樣 早餐長這樣
偷偷學阿星吃🍟 學邱邱吃🍔
好滿意包包的樣子 太漂亮了
一邊塞這次澳門做的小卡
一邊放上次曼谷做的明信片
還有包掛 星星狗狗
還有超好看的卡套！！！
再次告白
@sugar_.candle_
@sugar_.candle_
我燭寶真的太有才了✨
-
答應好多人要開星星狗狗二團 
從澳門回來就開！
抱歉真的太忙了啊啊啊💦",2025-12-27 07:51,"我是染紅髮的太陽 (⁠ ⁠ꈍ⁠ᴗ⁠ꈍ⁠)
Desire4 相關代購在置頂🔝
有票噴霧 噴噴噴噴噴
🍀🍀🍀🎫🎫🎫
✰⋆｡:ﾟ･*☽:ﾟ･⋆｡✰⋆｡:ﾟ･*☽:ﾟ･⋆｡✰
20250914 仁川💎
20251012 曼谷💟
20251115 贛州🎶
20251228 澳門🪐"
sun.day8_,我是太陽☀️,"澳門見面會星邱物料🇲🇴🪐
答應大家的物料實拍來啦~
圖一 是整個大禮包的樣子
圖二、三 是打包起來的樣子
最後一個影片是想跟大家分享超級漂亮的滿天星質感嗚嗚嗚
線上發放 包含抽獎至少預留了十份澳門應援禮窩~ 
抽獎詳見置頂貼文留言區
寶寶們把握時間快去參加吧！",2025-12-27 07:36,"我是染紅髮的太陽 (⁠ ⁠ꈍ⁠ᴗ⁠ꈍ⁠)
Desire4 相關代購在置頂🔝
有票噴霧 噴噴噴噴噴
🍀🍀🍀🎫🎫🎫
✰⋆｡:ﾟ･*☽:ﾟ･⋆｡✰⋆｡:ﾟ･*☽:ﾟ･⋆｡✰
20250914 仁川💎
20251012 曼谷💟
20251115 贛州🎶
20251228 澳門🪐"
sun.day8_,我是太陽☀️,"見面倒數 第二天！！
距離飛機起飛不到八個小時
行李進度 0%
0個人敢信我是J人😗
-
昨天今天真的一直在瘋狂出貨
修可芙真的是包的很有安全感了
但是它少給我一箱的快遞單號
所以 很抱歉有四位寶寶沒辦法如期取得修可芙禮盒
（已經個別通知 也跟修可芙客服打架了🥲
除了上述有被通知或者有告知要延後寄出的除外
其餘包裹會在今天結束前通通寄出！感謝大家的耐心等候🙇🏻‍♀️
附上一張很有安全感的修可芙給大家看*⁠\⁠0⁠/⁠*
我要快快去收拾了！
還有答應大家的物料沒拍
我真的好忙嗚嗚嗚嗚嗚ಥ⁠_⁠ಥ",2025-12-26 23:45,"我是染紅髮的太陽 (⁠ ⁠ꈍ⁠ᴗ⁠ꈍ⁠)
Desire4 相關代購在置頂🔝
有票噴霧 噴噴噴噴噴
🍀🍀🍀🎫🎫🎫
✰⋆｡:ﾟ･*☽:ﾟ･⋆｡✰⋆｡:ﾟ･*☽:ﾟ･⋆｡✰
20250914 仁川💎
20251012 曼谷💟
20251115 贛州🎶
20251228 澳門🪐"
sun.day8_,我是太陽☀️,"有一點蠢的是
29號訂的超級早的班機回台灣
因為要趕去期末考
但剛剛得知 當天的期末考變成寫一份報告了 31號前繳交就好
干 現在改班機都要超多錢
現在很窮沒辦法 硬著頭皮給他飛回來 暈倒🥲",2025-12-26 18:54,"我是染紅髮的太陽 (⁠ ⁠ꈍ⁠ᴗ⁠ꈍ⁠)
Desire4 相關代購在置頂🔝
有票噴霧 噴噴噴噴噴
🍀🍀🍀🎫🎫🎫
✰⋆｡:ﾟ･*☽:ﾟ･⋆｡✰⋆｡:ﾟ･*☽:ﾟ･⋆｡✰
20250914 仁川💎
20251012 曼谷💟
20251115 贛州🎶
20251228 澳門🪐"
sun.day8_,我是太陽☀️,"見面倒數第三天 聖誕節🎄
第一次聖誕節在工作中度過
但一下班打開手機 又幸福上了
好久沒看到這麼多雙人了！！！
我自己一個人過節沒關係🥲
你們是陪伴著彼此這就夠了💟
-
對了對了！！！
太陽給大家的聖誕節禮物你們收到了嗎？（我等等會把它貼到置頂貼文留言區）
帶著滿滿的誠意與祝福
希望你們會喜歡
同時也祝大家聖誕節快樂🎄✨",2025-12-25 23:06,"我是染紅髮的太陽 (⁠ ⁠ꈍ⁠ᴗ⁠ꈍ⁠)
Desire4 相關代購在置頂🔝
有票噴霧 噴噴噴噴噴
🍀🍀🍀🎫🎫🎫
✰⋆｡:ﾟ･*☽:ﾟ･⋆｡✰⋆｡:ﾟ･*☽:ﾟ･⋆｡✰
20250914 仁川💎
20251012 曼谷💟
20251115 贛州🎶
20251228 澳門🪐"
sun.day8_,我是太陽☀️,"今天一整個都好忙好累
看到你們後又感覺被治癒了
真的好喜歡這種淡淡的生活感
偶爾發一點點生活日常🧩
我們一起 努力往幸福邁進💟",2025-12-18 23:17,"我是染紅髮的太陽 (⁠ ⁠ꈍ⁠ᴗ⁠ꈍ⁠)
Desire4 相關代購在置頂🔝
有票噴霧 噴噴噴噴噴
🍀🍀🍀🎫🎫🎫
✰⋆｡:ﾟ･*☽:ﾟ･⋆｡✰⋆｡:ﾟ･*☽:ﾟ･⋆｡✰
20250914 仁川💎
20251012 曼谷💟
20251115 贛州🎶
20251228 澳門🪐"
sun.day8_,我是太陽☀️,"我要瘋掉了 大哭！！！
參加八百次的抽獎就沒中過一次
之前滑到有個新開的團站在舉辦抽獎 就想說參與一下
結果剛睡不著心血來潮點開🧣
就彈通知說公布抽獎結果快來看看吧！
本來想說一定又沒中 都想直接滑走了 結果鬼使神差點進去
一點開 幹 中獎 而且是最大獎
而且今天還剛好是領獎的最後一天 我要瘋掉！！！
一切真的就是非常剛好 我真的要哭死了阿阿阿阿阿😭
大家都給我去關注這個新開的團站（這是命令哈哈哈
已經激動的半小時過去了 現在是凌晨快要五點半🫩",2025-12-18 05:24,"我是染紅髮的太陽 (⁠ ⁠ꈍ⁠ᴗ⁠ꈍ⁠)
Desire4 相關代購在置頂🔝
有票噴霧 噴噴噴噴噴
🍀🍀🍀🎫🎫🎫
✰⋆｡:ﾟ･*☽:ﾟ･⋆｡✰⋆｡:ﾟ･*☽:ﾟ･⋆｡✰
20250914 仁川💎
20251012 曼谷💟
20251115 贛州🎶
20251228 澳門🪐"
sun.day8_,我是太陽☀️,"澳門見面會星邱物料 🇲🇴🪐
- 互換大禮包 ✨ 10份
▫️手幅 *2
▫️徽章 *2
▫️票根 *1
▫️滿天星小卡 *6
- 伸手小禮包 ✨ 40份
▪️手幅 *1
▪️徽章*1
▪️票根*1
▪️滿天星小卡 *4
【相關注意事項 ⚠️】
🔺所有物料皆為本人自己設計 請勿盜圖自印或轉賣‼️
🔺物料可能會與預覽圖不同 一切以實物為主
🔺本次澳門應援禮包有線上領取活動 詳細資訊請再多多留意
@sun.day8_
@sun.day8_
主頁
🔺我方擁有解釋與變更一切之權利",2025-12-17 22:29,"我是染紅髮的太陽 (⁠ ⁠ꈍ⁠ᴗ⁠ꈍ⁠)
Desire4 相關代購在置頂🔝
有票噴霧 噴噴噴噴噴
🍀🍀🍀🎫🎫🎫
✰⋆｡:ﾟ･*☽:ﾟ･⋆｡✰⋆｡:ﾟ･*☽:ﾟ･⋆｡✰
20250914 仁川💎
20251012 曼谷💟
20251115 贛州🎶
20251228 澳門🪐"
kaseki_studio,Kaseki,"藍色監獄B賞糸師凜
800
可線上詢問也可來店取～￼
🏠：堀江商場三街
高雄市鹽埕區五福四路229巷2-51號",2025-12-29 16:46,"🏠：堀江商場三街
高雄市鹽埕區五福四路229巷2-51號
營業時間：五15:00～18:00
六日15:00～18:30
平日不定時開店
補貨可能遲到 請見諒@weni_tw夥伴的圖文創作@__pirates.__玩具特攻部"
kaseki_studio,Kaseki,"明天是今年最後一天開店了
這間店莫名奇妙就開了半年
這一路上我要謝謝很多人
像是我 還有我 跟我 最後也要感謝我
沒有我就沒有這間店
屁話講完了 我要去尿尿
🏠：堀江商場三街
高雄市鹽埕區五福四路229巷2-51號",2025-12-28 15:50,"🏠：堀江商場三街
高雄市鹽埕區五福四路229巷2-51號
營業時間：五15:00～18:00
六日15:00～18:30
平日不定時開店
補貨可能遲到 請見諒@weni_tw夥伴的圖文創作@__pirates.__玩具特攻部"
kaseki_studio,Kaseki,"今天完全沒遲到
然後有一堆彭哥列的卡片
今天我會戴著假面騎士腰帶上班
沒有為什麼
我爽
🏠：堀江商場三街
高雄市鹽埕區五福四路229巷2-51號",2025-12-27 15:37,"🏠：堀江商場三街
高雄市鹽埕區五福四路229巷2-51號
營業時間：五15:00～18:00
六日15:00～18:30
平日不定時開店
補貨可能遲到 請見諒@weni_tw夥伴的圖文創作@__pirates.__玩具特攻部"
kaseki_studio,Kaseki,"如果你常來駁二、大港橋、棧貳庫
但你還不知道附近還有一個堀江商場
那真的太可惜了
玩具店、古著店、香水、生活日常用品、古玩
商店街還遮風擋雨的
對面的鹽埕公有第一市場也重新整修很多好吃的好玩的
順便走過來這邊走走逛逛
雖然我也是店家
但在這裡開店之前
我只是一個很喜歡這個商場的高雄人
如果能把自己很喜歡的地方發揚光大（好像太誇張）
但能盡一份力讓這裡熱鬧起來
我想我應該會蠻開心的",2025-12-25 18:01,"🏠：堀江商場三街
高雄市鹽埕區五福四路229巷2-51號
營業時間：五15:00～18:00
六日15:00～18:30
平日不定時開店
補貨可能遲到 請見諒@weni_tw夥伴的圖文創作@__pirates.__玩具特攻部"
kaseki_studio,Kaseki,"快點哦趕快私訊詢問 真的都很出清價喔
🏠：堀江商場三街
高雄市鹽埕區五福四路229巷2-51號",2025-12-22 16:34,"🏠：堀江商場三街
高雄市鹽埕區五福四路229巷2-51號
營業時間：五15:00～18:00
六日15:00～18:30
平日不定時開店
補貨可能遲到 請見諒@weni_tw夥伴的圖文創作@__pirates.__玩具特攻部"
kaseki_studio,Kaseki,"20號商場公休
但我們還是有開‼️
可以來逛逛🫶
🏠：堀江商場三街
高雄市鹽埕區五福四路229巷2-51號",2025-12-20 15:30,"🏠：堀江商場三街
高雄市鹽埕區五福四路229巷2-51號
營業時間：五15:00～18:00
六日15:00～18:30
平日不定時開店
補貨可能遲到 請見諒@weni_tw夥伴的圖文創作@__pirates.__玩具特攻部"
kaseki_studio,Kaseki,"玩具玩具玩具玩具玩具玩具玩具盲盒盲盒盲盒盲盒盲盒假面騎士假面騎士假面騎士劍心劍心劍心拔刀齋劍心
🏠：堀江商場三街
高雄市鹽埕區五福四路229巷2-51號",2025-12-19 16:09,"🏠：堀江商場三街
高雄市鹽埕區五福四路229巷2-51號
營業時間：五15:00～18:00
六日15:00～18:30
平日不定時開店
補貨可能遲到 請見諒@weni_tw夥伴的圖文創作@__pirates.__玩具特攻部"
kaseki_studio,Kaseki,"關店前限時特賣！
趕快私訊購買‼️",2025-12-18 19:54,"🏠：堀江商場三街
高雄市鹽埕區五福四路229巷2-51號
營業時間：五15:00～18:00
六日15:00～18:30
平日不定時開店
補貨可能遲到 請見諒@weni_tw夥伴的圖文創作@__pirates.__玩具特攻部"
kaseki_studio,Kaseki,"不知道聖誕禮物要去哪裡找嗎
來這裡找外面找不到的絕版玩具吧～
🏠：堀江商場三街
高雄市鹽埕區五福四路229巷2-51號",2025-12-18 16:08,"🏠：堀江商場三街
高雄市鹽埕區五福四路229巷2-51號
營業時間：五15:00～18:00
六日15:00～18:30
平日不定時開店
補貨可能遲到 請見諒@weni_tw夥伴的圖文創作@__pirates.__玩具特攻部"
yn10.51,有人💤,"為什麼是吃12顆葡萄 而不是番茄
是怕你鼻子掉進去會搞混嗎",2025-12-31 16:41,
dating_cockroach,約會蟑螂,"想要兩個人的幸福約會，但其實發現一個人的約會更爽
長期單身以後發現跟男人約會真的很無聊",2025-12-28 03:03,dcard.tw
dating_cockroach,約會蟑螂,"跟優秀姊妹出去
朋友姊妹已經把餐廳查好定位好了 ☺️
誰還要跟男的在那邊玩",2025-12-27 21:13,dcard.tw
dating_cockroach,約會蟑螂,有些男的有一种刚从他妈子宫里爬出来就回头看然后说“哎哟，腿分的这么开，出来卖的吧”的感觉,2025-12-27 20:25,dcard.tw
dating_cockroach,約會蟑螂,"他用泡泡技能錯失他的建中特權
還是會吹泡泡就是一種特權",2025-12-27 16:24,dcard.tw
dating_cockroach,約會蟑螂,電機系可不可畢業門檻多一個性平意識啊,2025-12-27 05:50,dcard.tw
dating_cockroach,約會蟑螂,"2025 goals
• Don't get pregnant
• Don't die",2025-12-27 01:06,dcard.tw
dating_cockroach,約會蟑螂,"交友軟體不要放ai圖！！！
講幾次了，這樣超像怪人！！",2025-12-26 20:58,dcard.tw
dating_cockroach,約會蟑螂,"剛剛看到一個說法
跟男友拍照都會刻意跟男友保持一定距離，避免未來分手照片不好切",2025-12-26 13:30,dcard.tw
dating_cockroach,約會蟑螂,"我其實是個很傳統的女人
我從小到大一直追求著
平凡的幸福家庭
我下班回家後
就想舒服的躺在沙發休息
提前下班的丈夫會賢慧的煮好飯菜
把他當初人工男孕生下來的孩子照顧好
家裡的家務做好
就這樣而已
唉..為什麼現在的男孩
都不願意為了家庭付出呢",2025-12-26 05:21,dcard.tw
fighter_0704,倫家愛耍廢,"2025-12-13
2025漂遊者森林音樂祭。Day2。
今晚壓軸TRASH，我知道當音樂停止時是希望手機收起來享受當下這一刻！但還是忍不住想記錄下這美好的瞬間！大家的大合唱真是太可愛了！為第二天畫下完美句點！！
#TRASH #2025漂遊者森林音樂祭 #麗寶樂園渡假區東區落羽松草原",2025-12-17 22:05,慵懶，睡覺，吃好料 & 晴天，奔跑，大太陽。 放一些耍廢的記錄！！人不耍廢慠少年！！
fighter_0704,倫家愛耍廢,"2025-12-13
2025漂遊者森林音樂祭。Day2。
趁空檔跑去小舞台聽一下，沒想到四分衛的""再見吧！惡魔"" 已經開始了，這是從小時候就一直很喜歡的歌欸，所以就趕快趕回來但已來不及，覺得有點遺憾！但有聽到""雨和眼淚""也算是圓夢了！！
#四分衛 #2025漂遊者森林音樂祭 #麗寶樂園渡假區東區落羽松草原",2025-12-17 21:12,慵懶，睡覺，吃好料 & 晴天，奔跑，大太陽。 放一些耍廢的記錄！！人不耍廢慠少年！！
fighter_0704,倫家愛耍廢,"2025-12-13
2025漂遊者森林音樂祭。Day2。
溫蒂漫步-不夜城 真是讓人開心又興奮！！
#溫蒂漫步 #2025漂遊者森林音樂祭 #麗寶樂園渡假區東區落羽松草原",2025-12-17 20:34,慵懶，睡覺，吃好料 & 晴天，奔跑，大太陽。 放一些耍廢的記錄！！人不耍廢慠少年！！
tsm051302,曾書薰,大家準備跨年，我們是全家一起生病😷,2025-12-31 17:18,思考🤔人生
yc.1127_,田誠御,"跨年是要和別人一起跨 
不是你一個人在那邊看煙火",2025-12-31 17:32,"不定時更新
真是害羞👉🏻👈🏻
這是人家的小帳"
yc.1127_,田誠御,"Day11
聖誕節過後你還是一個人",2025-12-26 20:10,"不定時更新
真是害羞👉🏻👈🏻
這是人家的小帳"
yc.1127_,田誠御,"Day10
今天聖誕節你還是沒人陪",2025-12-25 08:59,"不定時更新
真是害羞👉🏻👈🏻
這是人家的小帳"
jhui0817,佳慧,"純手工製作手機鏈🫳
超好看的 喜歡的五迷歡迎伸手 禮貌拿取喔🫴
純手工製作 數量有限喔❤️",2025-12-31 17:32,"超喜歡五月天
阿信"
brilytap,ㅤㅤㅤ𝐀𝐛𝐫𝐢𝐥,"Vallanse a la cola , Nomas me ilusionan con sus notificaciones 😠, Pienso que es mi titito preciosooo 🥺🖕🏽",2025-12-22 17:16,🐰🏴‍☠️
brilytap,ㅤㅤㅤ𝐀𝐛𝐫𝐢𝐥,Ya toca invernar (mimir mis 15 horas diarias),2025-12-22 17:09,🐰🏴‍☠️
brilytap,ㅤㅤㅤ𝐀𝐛𝐫𝐢𝐥,"Ya me aburri , vallanse a la kitichingada 🤗",2025-12-22 17:05,🐰🏴‍☠️
brilytap,ㅤㅤㅤ𝐀𝐛𝐫𝐢𝐥,Q se bañen los que se ven con su novi@ y asi yo pq,2025-12-22 17:05,🐰🏴‍☠️
brilytap,ㅤㅤㅤ𝐀𝐛𝐫𝐢𝐥,Yo quiero ser misteriosa y asi pero siempre traigo mi sonrisa de pndeja,2025-12-22 17:03,🐰🏴‍☠️
brilytap,ㅤㅤㅤ𝐀𝐛𝐫𝐢𝐥,"Querido santa que seaaa…💘
Paciente
Amableee
Unico
Loquitoo",2025-12-22 17:02,🐰🏴‍☠️
brilytap,ㅤㅤㅤ𝐀𝐛𝐫𝐢𝐥,"Voy a adoptar una rata premium, Hámsters les dicennn",2025-12-22 17:00,🐰🏴‍☠️
brilytap,ㅤㅤㅤ𝐀𝐛𝐫𝐢𝐥,De las cosas más pendejas que eh hecho es pagar el ngl premium,2025-12-22 16:58,🐰🏴‍☠️
brilytap,ㅤㅤㅤ𝐀𝐛𝐫𝐢𝐥,"Este tipo de desveloo esta cero cool , El de sobrepensar",2025-12-22 16:56,🐰🏴‍☠️
brilytap,ㅤㅤㅤ𝐀𝐛𝐫𝐢𝐥,Estoyyy perdidamente enamorada,2025-12-22 16:55,🐰🏴‍☠️
brilytap,ㅤㅤㅤ𝐀𝐛𝐫𝐢𝐥,lo único bueno del año fue EL 💘,2025-12-22 16:54,🐰🏴‍☠️
brilytap,ㅤㅤㅤ𝐀𝐛𝐫𝐢𝐥,Teee amooo porque platico con dios de tii,2025-12-22 16:53,🐰🏴‍☠️
brilytap,ㅤㅤㅤ𝐀𝐛𝐫𝐢𝐥,K coraje no poder stalkerle la mente 😠,2025-12-22 16:52,🐰🏴‍☠️
brilytap,ㅤㅤㅤ𝐀𝐛𝐫𝐢𝐥,2026 no me sorprendas,2025-12-22 16:51,🐰🏴‍☠️
brilytap,ㅤㅤㅤ𝐀𝐛𝐫𝐢𝐥,Tatuarme no suena tann malll,2025-12-22 16:51,🐰🏴‍☠️
brilytap,ㅤㅤㅤ𝐀𝐛𝐫𝐢𝐥,Yo no duermo porque no quiero y ustedes porque no puedennn lero leroooo,2025-12-22 16:48,🐰🏴‍☠️
brilytap,ㅤㅤㅤ𝐀𝐛𝐫𝐢𝐥,Muchooo insomnio 😠,2025-12-22 16:39,🐰🏴‍☠️
brilytap,ㅤㅤㅤ𝐀𝐛𝐫𝐢𝐥,Será que si le pido a santa si lo cumpla?,2025-12-22 16:39,🐰🏴‍☠️
brilytap,ㅤㅤㅤ𝐀𝐛𝐫𝐢𝐥,Lover era,2025-12-22 16:38,🐰🏴‍☠️
brilytap,ㅤㅤㅤ𝐀𝐛𝐫𝐢𝐥,Que sepaa donde tengo exactamente cada lunar 🫶🏼🙏🏽,2025-12-22 16:37,🐰🏴‍☠️
brilytap,ㅤㅤㅤ𝐀𝐛𝐫𝐢𝐥,Ay equis,2025-12-22 16:34,🐰🏴‍☠️
brilytap,ㅤㅤㅤ𝐀𝐛𝐫𝐢𝐥,Sera que me dejo como dora la exploradora,2025-12-22 16:33,🐰🏴‍☠️
brilytap,ㅤㅤㅤ𝐀𝐛𝐫𝐢𝐥,Zzz,2025-12-22 16:33,🐰🏴‍☠️
brilytap,ㅤㅤㅤ𝐀𝐛𝐫𝐢𝐥,Zazazazazazaza,2025-12-22 16:33,🐰🏴‍☠️
brilytap,ㅤㅤㅤ𝐀𝐛𝐫𝐢𝐥,Vivooo de nocheee soy vampiraaa,2025-12-22 16:32,🐰🏴‍☠️
brilytap,ㅤㅤㅤ𝐀𝐛𝐫𝐢𝐥,Ñiñiñiñiñi,2025-12-22 16:32,🐰🏴‍☠️
brilytap,ㅤㅤㅤ𝐀𝐛𝐫𝐢𝐥,Ashhh me dormiré por aburrimiento no porque quiera,2025-12-22 14:46,🐰🏴‍☠️
brilytap,ㅤㅤㅤ𝐀𝐛𝐫𝐢𝐥,Domingo dee flojeraaaa,2025-12-22 12:58,🐰🏴‍☠️
brilytap,ㅤㅤㅤ𝐀𝐛𝐫𝐢𝐥,Quiero un peluche enormeeee,2025-12-21 15:03,🐰🏴‍☠️
brilytap,ㅤㅤㅤ𝐀𝐛𝐫𝐢𝐥,"Uno de mis defectos,Siempre va a ser que veo y pienso pero no digo nada .",2025-12-21 15:01,🐰🏴‍☠️
brilytap,ㅤㅤㅤ𝐀𝐛𝐫𝐢𝐥,"Amoo los vestidos  y las faldasss , Odio los pantalones .",2025-12-21 14:56,🐰🏴‍☠️
brilytap,ㅤㅤㅤ𝐀𝐛𝐫𝐢𝐥,Mi sueño siempre sera SER ONDULADA 💔.,2025-12-21 13:50,🐰🏴‍☠️
brilytap,ㅤㅤㅤ𝐀𝐛𝐫𝐢𝐥,"Yo creia que el unico color cafe que me gustaba era el del café , Hasta que vi el de sus ojitos lindos 💘",2025-12-17 16:21,🐰🏴‍☠️
damugi2024,大拇指鐵板燒👍🏻,"今日跨年 限定版鴨胸！賣完為止
可以來陪我們一起跨年
在員林星期三夜市！！！
最後一天了 
祝各位新的一年 口袋賺飽飽",2025-12-31 16:59,"星期三-園林大市場
星期五-龍燈夜市
星期六-龍燈夜市
星期日-龍燈夜市
歡迎大家來用餐！！！
白飯飲料吃到飽的唷"
a0963308933,職人燒臘肉坊｜桃園燒臘便當｜團體便當外送,"傍晚的風真的會發抖
本來想說公休要好好放空
結果看著外面風這麼大
還是忍不住把家當都載出來了
反正都要等煙火 順便煮鍋杏仁茶給大家暖暖身子
現在剛生火 味道慢慢出來了
等一下有路過的來找我打個招呼
不買沒關係 跟我說聲新年快樂我就很開心
我在101跨年 你們呢？",2025-12-31 17:00,"這裡沒有網美牆，只有蓋不起來的便當盒。
📍桃園復興路266號（下午沒休息）"
a0963308933,職人燒臘肉坊｜桃園燒臘便當｜團體便當外送,"這週過完，我跟法律系的法律關係終於可以暫時解除了。
每天早上五點在店裡烤鴨，下午五點在學校看書，這種靈魂出竅的日子總算要告一段落。
雖然這幾天我身上可能同時具備了鴨香味跟六法全書的沉重感，但考完試就是另一回事了。
現在老闆我不想看書了，我只想看跨年煙火。",2025-12-23 18:01,"這裡沒有網美牆，只有蓋不起來的便當盒。
📍桃園復興路266號（下午沒休息）"
a0963308933,職人燒臘肉坊｜桃園燒臘便當｜團體便當外送,"為什麼叫「會聊天的燒肉」？
因為我們不看時間，
我們看肉。",2025-12-19 22:05,"這裡沒有網美牆，只有蓋不起來的便當盒。
📍桃園復興路266號（下午沒休息）"
a0963308933,職人燒臘肉坊｜桃園燒臘便當｜團體便當外送,"熟客來到一個程度，
真的不用講話。
看一眼、點個頭，
我就知道今天要怎麼切。
這種默契，
不是一天兩天吃出來的。
謝謝一直回來的你們。",2025-12-17 19:16,"這裡沒有網美牆，只有蓋不起來的便當盒。
📍桃園復興路266號（下午沒休息）"
junrui03,陳浚瑞,"：要注意這種電熱器會讓濕度變低
我：還有這種好事",2025-12-27 15:24,上帝已死，但豬大哥活著
junrui03,陳浚瑞,我寫文章的最大動力就是當大家又在吵一樣的東西時可以直接貼出來,2025-12-27 02:16,上帝已死，但豬大哥活著
junrui03,陳浚瑞,沒有天外天到底校內還有什麼能吃,2025-12-27 02:12,上帝已死，但豬大哥活著
junrui03,陳浚瑞,Pokemon GO玩膩了 還有什麼好玩的遊戲,2025-12-27 00:12,上帝已死，但豬大哥活著
junrui03,陳浚瑞,我聽到大跳的第一直覺是要反向啦,2025-12-26 20:56,上帝已死，但豬大哥活著
junrui03,陳浚瑞,就是這種蠢蛋害我們記憶體價格暴漲的嗎,2025-12-26 20:04,上帝已死，但豬大哥活著
junrui03,陳浚瑞,被鋼琴社學生看到我在玩皮克敏然後加我好友了,2025-12-26 14:44,上帝已死，但豬大哥活著
junrui03,陳浚瑞,是在冷什麼,2025-12-26 14:30,上帝已死，但豬大哥活著
junrui03,陳浚瑞,我的IG到底有什麼問題,2025-12-26 13:42,上帝已死，但豬大哥活著
junrui03,陳浚瑞,今天出門忘記種花,2025-12-25 22:49,上帝已死，但豬大哥活著
junrui03,陳浚瑞,太厲害了年化報酬100%以上,2025-12-25 18:53,上帝已死，但豬大哥活著
junrui03,陳浚瑞,飆股大哥是第一個祝我聖誕快樂的人,2025-12-25 02:50,上帝已死，但豬大哥活著
junrui03,陳浚瑞,"看到一個影片用我同款的電腦包然後狂拉拉鏈說特別順
我：（拿起來拉）",2025-12-25 01:31,上帝已死，但豬大哥活著
junrui03,陳浚瑞,父母有基礎的性別觀念很好，但不是每個人都可以那麼幸運,2025-12-24 21:39,上帝已死，但豬大哥活著
junrui03,陳浚瑞,古希臘人之所以認為男性之愛比較高級，就是建立在女性低人一等的前提下，性別平等觀念還停留在西元前，我覺得會被罵並不讓人意外。,2025-12-24 18:52,上帝已死，但豬大哥活著
junrui03,陳浚瑞,有地震警報怎麼沒感覺,2025-12-24 17:52,上帝已死，但豬大哥活著
junrui03,陳浚瑞,這學期第一次來逛不知道要吃啥,2025-12-23 18:02,上帝已死，但豬大哥活著
junrui03,陳浚瑞,今天不是東華夜市嗎怎麼會出太陽,2025-12-23 14:46,上帝已死，但豬大哥活著
junrui03,陳浚瑞,"公告：
為了在瞬息萬變的環境中持續創新，並為全球朋友提供最優質的友情，我們將於2026年調整朋友費的價格。這項調整有助於維持高度個人化的體驗及穩定的身心狀況，持續為朋友們帶來優質的服務。",2025-12-23 13:25,上帝已死，但豬大哥活著
junrui03,陳浚瑞,做夢都夢到自己在睡覺,2025-12-23 12:52,上帝已死，但豬大哥活著
junrui03,陳浚瑞,我換電子產品九成是因為電池,2025-12-22 20:04,上帝已死，但豬大哥活著
junrui03,陳浚瑞,原來種花有錢拿,2025-12-22 19:02,上帝已死，但豬大哥活著
junrui03,陳浚瑞,超好笑,2025-12-22 18:12,上帝已死，但豬大哥活著
junrui03,陳浚瑞,再不寫作業我家要變得一塵不染了,2025-12-22 04:18,上帝已死，但豬大哥活著
junrui03,陳浚瑞,"完全會被誤會
只是人生不同時期被誤會的比例多寡的問題",2025-12-22 02:30,上帝已死，但豬大哥活著
junrui03,陳浚瑞,沒那麼好，他們也不能逃過流水線工人的命運,2025-12-21 16:32,上帝已死，但豬大哥活著
junrui03,陳浚瑞,想買mac mini,2025-12-21 14:45,上帝已死，但豬大哥活著
junrui03,陳浚瑞,確實,2025-12-21 14:43,上帝已死，但豬大哥活著
junrui03,陳浚瑞,對的，鐵軌上那六個人都是我鬆綁的,2025-12-21 12:32,上帝已死，但豬大哥活著
junrui03,陳浚瑞,"把學校公告信封鎖了
導致現在別人在罵學校愚蠢公告信都沒什麼參與感",2025-12-20 22:11,上帝已死，但豬大哥活著
junrui03,陳浚瑞,好煩喔房間有一股潮濕味不知道從哪來的,2025-12-20 17:36,上帝已死，但豬大哥活著
junrui03,陳浚瑞,"民進黨執政的政府都不相信，把好心提醒不要散佈陰謀論的友軍打成護航第五縱隊，真的很荒謬。
靜待政府調查不要分化應該沒有很難。",2025-12-20 15:56,上帝已死，但豬大哥活著
junrui03,陳浚瑞,豬大哥跟憲法法庭一樣都沒有死,2025-12-19 15:44,上帝已死，但豬大哥活著
junrui03,陳浚瑞,租我能做啥 我想不到,2025-12-19 13:26,上帝已死，但豬大哥活著
junrui03,陳浚瑞,"我可以現在就表態
2026我議員會先從小黨跟無黨籍選，真的沒有合適人選再從民進黨選。藍白不考慮。
市長會投何欣純",2025-12-18 23:43,上帝已死，但豬大哥活著
junrui03,陳浚瑞,"我很早就有估算過養育孩子理想的經濟狀況了，老實說不是一個容易賺到的數字。
但對我來說更困難的可能是找到合適的共同照顧者、改變厭孩的社會環境，以及最重要的，在精神上成為一個能夠養育孩子的人。",2025-12-18 23:31,上帝已死，但豬大哥活著
junrui03,陳浚瑞,我的皮克敏送明信片給我朋友就不回來了😭,2025-12-18 17:20,上帝已死，但豬大哥活著
junrui03,陳浚瑞,"對《百年孤獨》中的一段話特別認可：
瑋瑋開會睡覺也有不對的地方，可是哲哲摔獎牌真的讓人很傷心，但隨著頻道的成長，不完美的地方也一步一步改善，相信大家都很喜歡黃氏兄弟，這件事已經過滿久了，大家要心平氣和的討論，不能只用一件事去判斷他是怎樣的人喔！",2025-12-18 17:12,上帝已死，但豬大哥活著
junrui03,陳浚瑞,玩皮克敏要幹嘛,2025-12-17 21:56,上帝已死，但豬大哥活著
junrui03,陳浚瑞,一眼假友列注意,2025-12-17 17:48,上帝已死，但豬大哥活著
junrui03,陳浚瑞,9兆粉了,2025-12-17 17:47,上帝已死，但豬大哥活著
savi930518,呂宸宸,"有人要一起跨年嗎～
跨年完要去嘉義看日出跟看雲海🌅
有人要跟的嗎～",2025-12-31 17:40,"高雄一隻熊
想去哪跑去哪
啥時後座能+1"
savi930518,呂宸宸,明天跨年一個人要騎去哪晃？,2025-12-30 19:20,"高雄一隻熊
想去哪跑去哪
啥時後座能+1"
lu_ca0709,Lu Ca,"草莓捲啊捲
藍莓一起捲
抹茶不會捲
一起吃甜點
🤪🤪🤪
#五甲甜點
#高雄甜點
#草莓蛋糕",2025-12-29 15:53,回憶甜手作烘焙
lu_ca0709,Lu Ca,"榴槤蛋糕捲
味道真的不講武德的超濃郁
#五甲甜點
#蛋糕捲
#榴槤",2025-12-27 16:25,回憶甜手作烘焙
lu_ca0709,Lu Ca,"不喜歡草莓
那榴槤好不好🥺
明天有榴槤捲
#叛逆的甜點店
#高雄甜點
#五甲甜點",2025-12-26 21:57,回憶甜手作烘焙
lu_ca0709,Lu Ca,"喜歡葡萄還是草莓呢？
#五甲甜點
#高雄甜點
#草莓蛋糕
#葡萄蛋糕",2025-12-26 16:56,回憶甜手作烘焙
lu_ca0709,Lu Ca,"小巧可愛😍
脆皮的小點點
喜歡做這道甜點
（製作過程很快，烘烤時間也短）
也喜歡吃這道甜點
（一口一個剛剛好）
今天做了原味香草
有點義美小泡芙的味道👅
下次做草莓口味🤪",2025-12-25 23:00,回憶甜手作烘焙
lu_ca0709,Lu Ca,"草莓默默的出現了
6吋跟4吋
空間不一樣
能放的草莓量也大大不同
但是我自己比較喜歡6吋🤪
#高雄五甲
#草莓蛋糕",2025-12-24 22:00,回憶甜手作烘焙
lu_ca0709,Lu Ca,"草莓很貴
所以櫻桃先獨立
黑森林蛋糕
只愛用新鮮櫻桃
一律拒絕罐頭水果
水果也是給好給滿
巧克力版👉$280
原味版👉$260",2025-12-18 17:47,回憶甜手作烘焙
tchong107,tchong107,"說到privilege，我老婆最近補進度的Emily in Paris就是妥妥的美國人previlege吧？
一個被外派到巴黎的員工，到了第四季都還沒有要學法文。",2025-12-29 12:43,
tchong107,tchong107,"其實某種程度也是要感謝這些女拳，讓我也花時間學到新知識。
我以前唸書的時候，學到的是母體跟胎兒是靠著胎盤來進行營養與氣體的交換，然後屏障大部分的有害物質。所以只要小心，愛滋媽媽也是可以懷孕並生出健康的孩子的。
我太太懷孕的時候，第一次知道nips這個技術，想說這個技術也太神奇，居然可以用少少的幾十cc的血，就可以分析胎兒的基因。省去傳統羊膜穿刺的frng
前幾天看到女拳po了個生男孩的媽媽腦裡發現有細胞會帶Y染色體，多查了一下發現，這種叫Fetal-maternal microchimerism 的行為，居然還不是單純的母體對胎兒，甚至還可以往上到胎兒的外婆，然後胎兒身上可能也會有自己兄姐的microchimerism…
真的是We are family 耶。
最後，套個最近流行的，能夠上網查這些東西，也看得懂相關review，也是一種privilege吧？",2025-12-28 11:31,
tchong107,tchong107,"體能之巔-亞洲大挑戰
攻城是蒙古人的必修課嗎？
怎麼全部人都知道要撞一邊就好了？
一次就撞開也太扯！",2025-12-23 13:06,
tchong107,tchong107,"慈父嚴母第一天，
早上起床後家裡一片祥和。
-上學跟上班都遲到了",2025-12-18 16:23,
y_yueqi,羊樂器,差點被嚇死,2025-12-27 23:17,"分享我想到的各種東西
抱怨身邊各種大小事"
y_yueqi,羊樂器,今天還沒看到大便文,2025-12-26 18:07,"分享我想到的各種東西
抱怨身邊各種大小事"
y_yueqi,羊樂器,忘記明天要上課了幹,2025-12-26 00:14,"分享我想到的各種東西
抱怨身邊各種大小事"
y_yueqi,羊樂器,"聖誕節要幹嘛呢
當然是
我他媽還要幹報告",2025-12-25 20:31,"分享我想到的各種東西
抱怨身邊各種大小事"
y_yueqi,羊樂器,"聖誕節明明就是耶穌的生日
什麼時候變成有對象的人的節日了😡😡😡",2025-12-24 23:34,"分享我想到的各種東西
抱怨身邊各種大小事"
y_yueqi,羊樂器,"平安夜要幹嘛呢
當然是
趕報告啊啊啊啊",2025-12-24 19:19,"分享我想到的各種東西
抱怨身邊各種大小事"
y_yueqi,羊樂器,欸幹地震欸,2025-12-24 17:48,"分享我想到的各種東西
抱怨身邊各種大小事"
y_yueqi,羊樂器,我以前上數學課都沒在聽課，現在突然叫我認真聽課是不是有點為難我了,2025-12-24 11:09,"分享我想到的各種東西
抱怨身邊各種大小事"
y_yueqi,羊樂器,我他媽當時腦袋是被什麼撞到才會選擇這輩子當人的,2025-12-22 07:10,"分享我想到的各種東西
抱怨身邊各種大小事"
y_yueqi,羊樂器,"發現AI的另一個用法
.
.
.
讓它幫我看我能不能活",2025-12-21 17:28,"分享我想到的各種東西
抱怨身邊各種大小事"
y_yueqi,羊樂器,水滴型雞塊,2025-12-20 18:43,"分享我想到的各種東西
抱怨身邊各種大小事"
y_yueqi,羊樂器,北部的學生校外教學或畢旅的時候很多都往南部跑，好奇南部的學生校外教學或畢旅的時候會不會往北部跑,2025-12-20 14:15,"分享我想到的各種東西
抱怨身邊各種大小事"
y_yueqi,羊樂器,屁眼不是男娘😭,2025-12-20 13:10,"分享我想到的各種東西
抱怨身邊各種大小事"
y_yueqi,羊樂器,以後不能再亂說別人是⚡️神了😭,2025-12-19 15:21,"分享我想到的各種東西
抱怨身邊各種大小事"
y_yueqi,羊樂器,現在看到外國的貼文都要看一下有沒有台灣人,2025-12-19 14:17,"分享我想到的各種東西
抱怨身邊各種大小事"
y_yueqi,羊樂器,為什麼蝦皮要推斐濟杯給我,2025-12-18 14:24,"分享我想到的各種東西
抱怨身邊各種大小事"
m10891005,m10891005,"跨年價錢平點點都行
叱咤頒獎典禮2025 Ground Block 2 Row B 靚位兩連2100兩張
由其他位置有興趣。DM交可以一齊入場",2025-12-31 17:25,
m10891005,m10891005,"跨年價錢平點點都行
叱咤頒獎典禮2025 Ground Block 2 Row B 靚位兩連2100兩張
由其他位置有興趣。DM交可以一齊入場",2025-12-31 11:19,
m10891005,m10891005,"價錢有得商量
叱咤頒獎典禮2025 Ground Block 2 Row B 靚位兩連2100兩張
由其他位置有興趣。DM交可以一齊入場",2025-12-30 15:53,
m10891005,m10891005,"價錢有得商量
叱咤頒獎典禮2025 Ground Block 2 Row B 靚位兩連2100兩張
由其他位置有興趣。DM交可以一齊入場",2025-12-29 11:34,
m10891005,m10891005,"價錢有得商量
叱咤頒獎典禮2025 Ground Block 2 Row B 靚位兩連2100兩張
由其他位置有興趣。DM交可以一齊入場",2025-12-27 11:42,
m10891005,m10891005,香港真的好好吃啊🤤！还会再来！！！,2025-12-20 20:48,
murphymabaking,麻菲麻手作,"我媽看到說太可愛了
她要拍一張🤣我做的湯圓們",2025-12-25 15:31,"麻菲麻｜創作鮮奶饅頭、刈包、銀絲捲
早餐來一顆麻家可愛饅頭，療癒一整天❤️ 
我是麻菲麻 
從職業婦女不小心跌入麵粉堆，展開斜槓烘焙人生！
專門製作小孩的可愛早餐、點心
脆是我的創業生活日常小天地
#造型饅頭 #造型饅頭教學 #療癒點心師"
murphymabaking,麻菲麻手作,"耶誕快樂 冷冷的天 暖暖的早晨
Merry Christmas 🎄",2025-12-25 09:35,"麻菲麻｜創作鮮奶饅頭、刈包、銀絲捲
早餐來一顆麻家可愛饅頭，療癒一整天❤️ 
我是麻菲麻 
從職業婦女不小心跌入麵粉堆，展開斜槓烘焙人生！
專門製作小孩的可愛早餐、點心
脆是我的創業生活日常小天地
#造型饅頭 #造型饅頭教學 #療癒點心師"
murphymabaking,麻菲麻手作,"我的午餐 試做湯圓吃好飽
2026舒舒服服 大吉
誰喜歡？",2025-12-24 13:10,"麻菲麻｜創作鮮奶饅頭、刈包、銀絲捲
早餐來一顆麻家可愛饅頭，療癒一整天❤️ 
我是麻菲麻 
從職業婦女不小心跌入麵粉堆，展開斜槓烘焙人生！
專門製作小孩的可愛早餐、點心
脆是我的創業生活日常小天地
#造型饅頭 #造型饅頭教學 #療癒點心師"
murphymabaking,麻菲麻手作,"吃富士山寶寶刈包好嗎
想吃什麼就夾什麼
寶寶們要夾什麼好？",2025-12-24 11:15,"麻菲麻｜創作鮮奶饅頭、刈包、銀絲捲
早餐來一顆麻家可愛饅頭，療癒一整天❤️ 
我是麻菲麻 
從職業婦女不小心跌入麵粉堆，展開斜槓烘焙人生！
專門製作小孩的可愛早餐、點心
脆是我的創業生活日常小天地
#造型饅頭 #造型饅頭教學 #療癒點心師"
murphymabaking,麻菲麻手作,"2026要不要海豹抱富～海爆爆富
吃這個銀絲捲就對了😆",2025-12-23 20:32,"麻菲麻｜創作鮮奶饅頭、刈包、銀絲捲
早餐來一顆麻家可愛饅頭，療癒一整天❤️ 
我是麻菲麻 
從職業婦女不小心跌入麵粉堆，展開斜槓烘焙人生！
專門製作小孩的可愛早餐、點心
脆是我的創業生活日常小天地
#造型饅頭 #造型饅頭教學 #療癒點心師"
murphymabaking,麻菲麻手作,媽媽們叫得出每一隻的名字嗎😂,2025-12-23 06:41,"麻菲麻｜創作鮮奶饅頭、刈包、銀絲捲
早餐來一顆麻家可愛饅頭，療癒一整天❤️ 
我是麻菲麻 
從職業婦女不小心跌入麵粉堆，展開斜槓烘焙人生！
專門製作小孩的可愛早餐、點心
脆是我的創業生活日常小天地
#造型饅頭 #造型饅頭教學 #療癒點心師"
murphymabaking,麻菲麻手作,"日常出貨照🚚看著好療癒 
2025快結束了
2026繼續加油❤️❤️",2025-12-22 21:54,"麻菲麻｜創作鮮奶饅頭、刈包、銀絲捲
早餐來一顆麻家可愛饅頭，療癒一整天❤️ 
我是麻菲麻 
從職業婦女不小心跌入麵粉堆，展開斜槓烘焙人生！
專門製作小孩的可愛早餐、點心
脆是我的創業生活日常小天地
#造型饅頭 #造型饅頭教學 #療癒點心師"
murphymabaking,麻菲麻手作,"給你們看，全部都是粉粉們實拍的冬至分享
看了好療癒喔❤️❤️❤️ 
我會繼續努力搓湯圓的，請耐心等我",2025-12-21 20:24,"麻菲麻｜創作鮮奶饅頭、刈包、銀絲捲
早餐來一顆麻家可愛饅頭，療癒一整天❤️ 
我是麻菲麻 
從職業婦女不小心跌入麵粉堆，展開斜槓烘焙人生！
專門製作小孩的可愛早餐、點心
脆是我的創業生活日常小天地
#造型饅頭 #造型饅頭教學 #療癒點心師"
murphymabaking,麻菲麻手作,"冬至起床做湯圓，一起來做湯圓吧 🍡✨
糯米粉 100g
熱水 71g
糖 5g
油 5g
快速攪拌後揉成柔軟、不黏手的麵團
加入紅麴粉、竹炭粉調色
塑形完成即可 ✔️
五官用少量竹炭粉＋糯米粉＋水
調成麵糊水，用牙籤或細筆繪製",2025-12-21 08:06,"麻菲麻｜創作鮮奶饅頭、刈包、銀絲捲
早餐來一顆麻家可愛饅頭，療癒一整天❤️ 
我是麻菲麻 
從職業婦女不小心跌入麵粉堆，展開斜槓烘焙人生！
專門製作小孩的可愛早餐、點心
脆是我的創業生活日常小天地
#造型饅頭 #造型饅頭教學 #療癒點心師"
murphymabaking,麻菲麻手作,"今年搓湯圓搓上癮
今天做了麵包超人們
自己覺得很可愛，也有人喜歡他們嗎",2025-12-20 20:45,"麻菲麻｜創作鮮奶饅頭、刈包、銀絲捲
早餐來一顆麻家可愛饅頭，療癒一整天❤️ 
我是麻菲麻 
從職業婦女不小心跌入麵粉堆，展開斜槓烘焙人生！
專門製作小孩的可愛早餐、點心
脆是我的創業生活日常小天地
#造型饅頭 #造型饅頭教學 #療癒點心師"
murphymabaking,麻菲麻手作,"看一些開心的 
我家小學生心裡的人間美味
吃不完打包回家的豬排
隔天早上氣炸夾入聖誕刈包
變成被女兒驚呼的超好吃早餐
她還形容
刈包會把油吸附
搭配番茄醬
真的是～人間美味～",2025-12-20 13:20,"麻菲麻｜創作鮮奶饅頭、刈包、銀絲捲
早餐來一顆麻家可愛饅頭，療癒一整天❤️ 
我是麻菲麻 
從職業婦女不小心跌入麵粉堆，展開斜槓烘焙人生！
專門製作小孩的可愛早餐、點心
脆是我的創業生活日常小天地
#造型饅頭 #造型饅頭教學 #療癒點心師"
murphymabaking,麻菲麻手作,"這兩天的湯圓之亂
還是不得不發一篇宣導文提醒大家
最近脆上真的很多盜圖詐騙帳號⚠️
他們的做法其實很固定：
會先去搜尋最近有流量的商品文跟照片
這一陣子是湯圓，
之前也看過蛋糕、甜點輪流被盜用
接著這些詐騙帳號
會用一堆假帳號，把盜來的圖文發在自己主頁
最後一定會出現一個
「低到非常不合理」的價格
像這次看到的就是
造型湯圓 12 顆，只要 78 或 89
明顯低於市場行情，但真的很吸引人
然後流程大概是這樣：
請你留言 → 要你加 LINE
加了之後，再跟你報超低價格
一直暗示你趕快下單、很快到貨
我自己也實際去走了一次流程
最荒謬的是——
他居然傳「我的照片」給我😂😂😂
跟我介紹說這是他們家的商品
接著就丟一個假的連結
你一轉帳，他就開始說
網頁壞掉、系統異常、卡單之類的理由
然後……詐騙完成
湯圓當然也不會收到
所以真的想提醒大家，
看到粉絲數很少、
價格明顯偏離市場行情、
又一直要你加 LINE 私下交易的
請一定要特別小心
也麻煩幫忙提醒身邊的親朋好友，
尤其長輩們，真的很容易一不注意就受騙 🙏",2025-12-19 17:47,"麻菲麻｜創作鮮奶饅頭、刈包、銀絲捲
早餐來一顆麻家可愛饅頭，療癒一整天❤️ 
我是麻菲麻 
從職業婦女不小心跌入麵粉堆，展開斜槓烘焙人生！
專門製作小孩的可愛早餐、點心
脆是我的創業生活日常小天地
#造型饅頭 #造型饅頭教學 #療癒點心師"
murphymabaking,麻菲麻手作,"好…忙…的…一…天
只因為～湯圓太可愛
湯圓之亂不停歇
希望大家都能找到安心的賣家
聖誕夜吃到平安的湯圓",2025-12-18 20:30,"麻菲麻｜創作鮮奶饅頭、刈包、銀絲捲
早餐來一顆麻家可愛饅頭，療癒一整天❤️ 
我是麻菲麻 
從職業婦女不小心跌入麵粉堆，展開斜槓烘焙人生！
專門製作小孩的可愛早餐、點心
脆是我的創業生活日常小天地
#造型饅頭 #造型饅頭教學 #療癒點心師"
murphymabaking,麻菲麻手作,"盜圖仔真的很可惡
請大家不要被騙
也請幫忙轉發跟檢舉
這些都是我本人製作的湯圓
謝謝大家❤️",2025-12-18 17:43,"麻菲麻｜創作鮮奶饅頭、刈包、銀絲捲
早餐來一顆麻家可愛饅頭，療癒一整天❤️ 
我是麻菲麻 
從職業婦女不小心跌入麵粉堆，展開斜槓烘焙人生！
專門製作小孩的可愛早餐、點心
脆是我的創業生活日常小天地
#造型饅頭 #造型饅頭教學 #療癒點心師"
murphymabaking,麻菲麻手作,"你們看，聖誕來襲，被滿滿可愛包圍
有被這麼多小可愛療癒到嗎",2025-12-18 15:43,"麻菲麻｜創作鮮奶饅頭、刈包、銀絲捲
早餐來一顆麻家可愛饅頭，療癒一整天❤️ 
我是麻菲麻 
從職業婦女不小心跌入麵粉堆，展開斜槓烘焙人生！
專門製作小孩的可愛早餐、點心
脆是我的創業生活日常小天地
#造型饅頭 #造型饅頭教學 #療癒點心師"
murphymabaking,麻菲麻手作,"可可愛愛，圓圓滿滿
好可愛的湯圓，希望有人看到他們❤️",2025-12-18 10:27,"麻菲麻｜創作鮮奶饅頭、刈包、銀絲捲
早餐來一顆麻家可愛饅頭，療癒一整天❤️ 
我是麻菲麻 
從職業婦女不小心跌入麵粉堆，展開斜槓烘焙人生！
專門製作小孩的可愛早餐、點心
脆是我的創業生活日常小天地
#造型饅頭 #造型饅頭教學 #療癒點心師"
murphymabaking,麻菲麻手作,"心滿意足，謝謝大家的支持
奉上紅豆湯圓宵夜給大家
製作全手工湯圓 真的好像在捏黏土
療癒有趣又好吃☺️",2025-12-17 23:02,"麻菲麻｜創作鮮奶饅頭、刈包、銀絲捲
早餐來一顆麻家可愛饅頭，療癒一整天❤️ 
我是麻菲麻 
從職業婦女不小心跌入麵粉堆，展開斜槓烘焙人生！
專門製作小孩的可愛早餐、點心
脆是我的創業生活日常小天地
#造型饅頭 #造型饅頭教學 #療癒點心師"
deweitong,佟德威,短時間的雲層變化,2025-12-30 00:49,小小廚師🧑‍🍳
deweitong,佟德威,"傍晚🌆
夜晚🎑",2025-12-29 21:21,小小廚師🧑‍🍳
deweitong,佟德威,"傍晚🌆
海賊🏴‍☠️灣潮汐🌊",2025-12-29 18:57,小小廚師🧑‍🍳
deweitong,佟德威,"傍晚🌆
海賊🏴‍☠️灣潮汐🌊",2025-12-29 18:56,小小廚師🧑‍🍳
deweitong,佟德威,史努比,2025-12-29 15:03,小小廚師🧑‍🍳
deweitong,佟德威,"早安
晴🌞",2025-12-29 10:04,小小廚師🧑‍🍳
deweitong,佟德威,"肚子又餓了🤤
吃餃子🥟吧！",2025-12-28 23:22,小小廚師🧑‍🍳
deweitong,佟德威,"花東海岸的美
誰不愛💕
看看海🌊
真的舒壓解悶🧡",2025-12-28 22:47,小小廚師🧑‍🍳
deweitong,佟德威,"哇😋
真香🧡
魷魚🦑滷肉👍",2025-12-28 22:18,小小廚師🧑‍🍳
deweitong,佟德威,"白天晚上各拍一次
愛心🧡雞蛋花",2025-12-28 21:41,小小廚師🧑‍🍳
deweitong,佟德威,"變天囉！
台東海濱公園🏠",2025-12-28 17:07,小小廚師🧑‍🍳
deweitong,佟德威,"冷天適合吃的菜色🙂
泡菜豬🐷",2025-12-28 15:39,小小廚師🧑‍🍳
deweitong,佟德威,"早安🙂
晴☀️",2025-12-28 10:42,小小廚師🧑‍🍳
deweitong,佟德威,"再來煎一波
臭肚仔😋",2025-12-28 01:26,小小廚師🧑‍🍳
deweitong,佟德威,"煎個魚突然地震！😱
差點把鶯歌魚煎到震央宜蘭😂",2025-12-27 23:27,小小廚師🧑‍🍳
deweitong,佟德威,真假蒸餃？,2025-12-27 23:25,小小廚師🧑‍🍳
deweitong,佟德威,筍乾滷肉👍,2025-12-27 20:31,小小廚師🧑‍🍳
deweitong,佟德威,"天氣冷🥶
來鍋泡菜排骨鍋😋",2025-12-27 18:33,小小廚師🧑‍🍳
deweitong,佟德威,"傍晚天色美
天后 阿妹
跨年舞台加速趕工中
台東海濱公園🏠",2025-12-27 18:04,小小廚師🧑‍🍳
deweitong,佟德威,雨後花開🌻,2025-12-27 10:39,小小廚師🧑‍🍳
deweitong,佟德威,"早安🙂
雖然下雨☔️
幸運的是
但遇見美麗的小彩虹🌈",2025-12-27 09:50,小小廚師🧑‍🍳
deweitong,佟德威,路在哪兒,2025-12-26 23:52,小小廚師🧑‍🍳
deweitong,佟德威,"紅燒
獅子🦁頭肉丸🍡",2025-12-26 21:40,小小廚師🧑‍🍳
deweitong,佟德威,天氣冷嘴就饞🤤,2025-12-26 20:58,小小廚師🧑‍🍳
deweitong,佟德威,水波紋☁️,2025-12-26 20:57,小小廚師🧑‍🍳
deweitong,佟德威,沒以前的好吃了,2025-12-26 18:59,小小廚師🧑‍🍳
deweitong,佟德威,又吃餃子🥟,2025-12-26 18:49,小小廚師🧑‍🍳
deweitong,佟德威,好吃😋,2025-12-26 18:13,小小廚師🧑‍🍳
deweitong,佟德威,早安🙂,2025-12-26 10:13,小小廚師🧑‍🍳
deweitong,佟德威,"這個麵好咖啡☕️
跟真的喝咖啡一樣香啊🙂",2025-12-25 23:28,小小廚師🧑‍🍳
deweitong,佟德威,鹽酥雞➕泡麵🍜,2025-12-25 22:47,小小廚師🧑‍🍳
deweitong,佟德威,吃雞🐓,2025-12-25 21:57,小小廚師🧑‍🍳
deweitong,佟德威,"冷冷的天氣啊🥶
需要溫暖的火把🔥",2025-12-25 20:58,小小廚師🧑‍🍳
deweitong,佟德威,"這是什麼果實🍈
能食用嗎？",2025-12-25 10:15,小小廚師🧑‍🍳
deweitong,佟德威,早安愉快😊,2025-12-25 10:04,小小廚師🧑‍🍳
deweitong,佟德威,麻油薑片香菇肉片😋,2025-12-24 23:27,小小廚師🧑‍🍳
deweitong,佟德威,發現一小片新花海🌼,2025-12-24 22:16,小小廚師🧑‍🍳
deweitong,佟德威,"結實纍纍
看了就很酸🍋",2025-12-24 21:58,小小廚師🧑‍🍳
deweitong,佟德威,飛舞的浪花🌊,2025-12-24 10:00,小小廚師🧑‍🍳
deweitong,佟德威,"台東藍早安🙂
藍天白雲的搭配是絕配👌",2025-12-24 09:59,小小廚師🧑‍🍳
deweitong,佟德威,"雖然美
但整個天都被覆蓋
還是有點壓迫感",2025-12-23 23:18,小小廚師🧑‍🍳
deweitong,佟德威,"這時間
來個10顆就好😋",2025-12-23 23:13,小小廚師🧑‍🍳
deweitong,佟德威,"台東更生長老教會
最美教堂",2025-12-23 17:04,小小廚師🧑‍🍳
deweitong,佟德威,"今天的台東人實在太美
多拍一些",2025-12-23 16:22,小小廚師🧑‍🍳
deweitong,佟德威,"天氣好來看海🌊
這是台東藍的美😍",2025-12-23 16:02,小小廚師🧑‍🍳
deweitong,佟德威,"台東天后的店🏬
快完工囉！",2025-12-23 15:32,小小廚師🧑‍🍳
deweitong,佟德威,"和平麵店🍜
午餐🥣",2025-12-23 14:37,小小廚師🧑‍🍳
deweitong,佟德威,時代,2025-12-23 10:02,小小廚師🧑‍🍳
deweitong,佟德威,"早安🙂
勤勞的蜜蜂🐝",2025-12-23 09:59,小小廚師🧑‍🍳
deweitong,佟德威,有戲的天空🙂,2025-12-22 23:59,小小廚師🧑‍🍳
deweitong,佟德威,溫暖🌤️,2025-12-22 16:33,小小廚師🧑‍🍳
deweitong,佟德威,發動機聲音好像變大了,2025-12-22 16:17,小小廚師🧑‍🍳
deweitong,佟德威,早早吃一頓🙂,2025-12-22 10:50,小小廚師🧑‍🍳
deweitong,佟德威,在想什麼呢？,2025-12-22 10:03,小小廚師🧑‍🍳
deweitong,佟德威,日安🙂,2025-12-22 09:58,小小廚師🧑‍🍳
deweitong,佟德威,"冬至
湯圓配泡麵🍜",2025-12-21 14:46,小小廚師🧑‍🍳
deweitong,佟德威,"早安🙂
晴☀️",2025-12-21 10:02,小小廚師🧑‍🍳
deweitong,佟德威,呆呆萌🙂,2025-12-20 23:37,小小廚師🧑‍🍳
deweitong,佟德威,"牛肉炒泡麵🍜
➕宮保皮蛋😋",2025-12-20 22:44,小小廚師🧑‍🍳
deweitong,佟德威,只剩下這些😟,2025-12-20 20:48,小小廚師🧑‍🍳
deweitong,佟德威,聽海 看海 🌊,2025-12-20 17:42,小小廚師🧑‍🍳
deweitong,佟德威,煮一鍋😋,2025-12-20 16:12,小小廚師🧑‍🍳
deweitong,佟德威,"雞蛋🥚花落地
童心大爆發
滿滿的愛💕",2025-12-20 15:56,小小廚師🧑‍🍳
deweitong,佟德威,"下午茶☕️
舒芙蕾😋",2025-12-20 15:48,小小廚師🧑‍🍳
deweitong,佟德威,台式椒麻雞😋,2025-12-20 15:21,小小廚師🧑‍🍳
deweitong,佟德威,"有下雨☔️
水量不多",2025-12-20 15:19,小小廚師🧑‍🍳
deweitong,佟德威,"早安🙂
壞天氣
雨不停",2025-12-20 10:12,小小廚師🧑‍🍳
deweitong,佟德威,半邊暴雨⛈️,2025-12-19 23:40,小小廚師🧑‍🍳
deweitong,佟德威,"晚餐🥣
搭著吃😋",2025-12-19 20:13,小小廚師🧑‍🍳
deweitong,佟德威,"早安🙂
下雨天☔️",2025-12-19 09:51,小小廚師🧑‍🍳
deweitong,佟德威,時間凍結的浪花🌊,2025-12-19 00:04,小小廚師🧑‍🍳
deweitong,佟德威,雞蛋🥚豆腐🙂,2025-12-18 23:24,小小廚師🧑‍🍳
deweitong,佟德威,晚餐🥣,2025-12-18 19:54,小小廚師🧑‍🍳
deweitong,佟德威,說變就變的天,2025-12-18 14:04,小小廚師🧑‍🍳
deweitong,佟德威,？,2025-12-18 13:09,小小廚師🧑‍🍳
deweitong,佟德威,吃餃子🥟,2025-12-18 12:50,小小廚師🧑‍🍳
deweitong,佟德威,🙂,2025-12-18 09:56,小小廚師🧑‍🍳
deweitong,佟德威,早起晨安🙂,2025-12-18 09:55,小小廚師🧑‍🍳
deweitong,佟德威,早安🙂,2025-12-18 09:54,小小廚師🧑‍🍳
deweitong,佟德威,"有肉🥩
有蝦🦐
夠了🙂",2025-12-17 21:50,小小廚師🧑‍🍳
_1nyu,小肉圓,跨年吃葡萄真的有用嗎..,2025-12-31 16:53,
_1nyu,小肉圓,我需要一個小boyfriend 陪我跨年,2025-12-25 21:16,
hr.careermom,Suzanne | 人資顧問,持續徵才中唷! 有興趣的人請私訊我,2025-12-26 14:43,"Hi～我是人資顧問 Suzanne 💬
目前受新創公司委託協助處理人資 full-function 事務，
從徵才、訓練到組織優化，都是我熱愛的領域。
喜歡與人聊天、探索每個職涯轉折背後的故事，
也樂於幫求職者找到屬於自己的「職場亮點」🌟
Email:hr.careermom@gmail.com"
hr.careermom,Suzanne | 人資顧問,"今天上午，一位中年求職者傳訊息問我，是否能調整面試時間。
他其實不用多說，但還是主動補了一句：因為要陪媽媽去胸腔外科就診。
那一刻，我真的被觸動了。
多數時候，只要提前告知，我從不追問原因，但他的負責任的提早溝通，節省雙方的時間，真的很感謝他!
如果這個世代勞資雙方充分溝通，互相體諒，就會讓這世界更多良善!😍",2025-12-26 13:53,"Hi～我是人資顧問 Suzanne 💬
目前受新創公司委託協助處理人資 full-function 事務，
從徵才、訓練到組織優化，都是我熱愛的領域。
喜歡與人聊天、探索每個職涯轉折背後的故事，
也樂於幫求職者找到屬於自己的「職場亮點」🌟
Email:hr.careermom@gmail.com"
hr.careermom,Suzanne | 人資顧問,"每日給自己的心靈雞湯
人的天性是:只要苦難還可忍受，就寧願受苦也不願捨棄替有習慣以謀自救。
___源自湯瑪斯·傑佛遜/美國開國元勛之一",2025-12-26 11:03,"Hi～我是人資顧問 Suzanne 💬
目前受新創公司委託協助處理人資 full-function 事務，
從徵才、訓練到組織優化，都是我熱愛的領域。
喜歡與人聊天、探索每個職涯轉折背後的故事，
也樂於幫求職者找到屬於自己的「職場亮點」🌟
Email:hr.careermom@gmail.com"
hr.careermom,Suzanne | 人資顧問,"因為小孩皮膚容易乾燥過敏，所以從小就長期有在適樂膚潔膚乳及乳液，之前沒特別注意，這次在大型連鎖門市屈X氏回購時才意外發現左岸製，而不是法國歐洲製耶
之前也是在大型連鎖門市屈X氏買的，就沒這問題，是近年改的嗎? 我印象中去年還是前年的時候都還是歐製呀!",2025-12-23 22:11,"Hi～我是人資顧問 Suzanne 💬
目前受新創公司委託協助處理人資 full-function 事務，
從徵才、訓練到組織優化，都是我熱愛的領域。
喜歡與人聊天、探索每個職涯轉折背後的故事，
也樂於幫求職者找到屬於自己的「職場亮點」🌟
Email:hr.careermom@gmail.com"
hr.careermom,Suzanne | 人資顧問,職缺已關閉，後續會一一通知面試者(三個工作天內)，謝謝。,2025-12-23 13:36,"Hi～我是人資顧問 Suzanne 💬
目前受新創公司委託協助處理人資 full-function 事務，
從徵才、訓練到組織優化，都是我熱愛的領域。
喜歡與人聊天、探索每個職涯轉折背後的故事，
也樂於幫求職者找到屬於自己的「職場亮點」🌟
Email:hr.careermom@gmail.com"
hr.careermom,Suzanne | 人資顧問,"📌職缺-外勤業務助理
如果你憧憬業務的工作，但同時希望一份能工作與生活平衡、又不必承擔業績壓力，那這個外勤業務助理職缺，或許正適合你。
主要工作是配合主管任務，協助既有客戶的聯繫與服務，不需要陌生開發，也不用承擔業績目標，節奏穩定、不緊迫。
日常工作包含協助公司內部確認產品項目、整理銷售資料，並將帳單親送給客戶（不需收款）。每月約一到兩次製作報價單，流程固定、好上手。
不過這份工作需要經常性外勤，因此要會騎車開車喔! 外出時需自備機車，公司提供油資補助；若需開車，也有公司車可使用。
這是一份重視配合度、穩定度與責任感的工作，工作內容清楚、溝通單純。
如果你正在找一份能安心長期配合、生活與工作都能取得平衡的職務，歡迎來聊聊，或Email:hrcareermom@gmail.com取得更詳細徵才及薪資資訊。
📍工作地點在新北市樹林區",2025-12-23 12:55,"Hi～我是人資顧問 Suzanne 💬
目前受新創公司委託協助處理人資 full-function 事務，
從徵才、訓練到組織優化，都是我熱愛的領域。
喜歡與人聊天、探索每個職涯轉折背後的故事，
也樂於幫求職者找到屬於自己的「職場亮點」🌟
Email:hr.careermom@gmail.com"
hr.careermom,Suzanne | 人資顧問,目前還在熱烈徵才中喔! 預計明日關閉職缺，有需要請直接私訊我或者Email:hr.careermom@gmail.com，我將詳細資訊發給您,2025-12-22 14:58,"Hi～我是人資顧問 Suzanne 💬
目前受新創公司委託協助處理人資 full-function 事務，
從徵才、訓練到組織優化，都是我熱愛的領域。
喜歡與人聊天、探索每個職涯轉折背後的故事，
也樂於幫求職者找到屬於自己的「職場亮點」🌟
Email:hr.careermom@gmail.com"
andy_0908y,Andy,"柯芬園的聖誕氛圍超美（倫敦No1)
Old Spitalfields Market也很不錯
買到一條手環才3英鎊（台幣120）
同時喜歡飾品跟香氛，至少得待兩小時
國家藝術館大推！完全被油畫魅力吸引
有許多梵谷著名畫作，最頂的就是向日葵了
畫得超級立體！（之前只從柯南劇場版看過😆
最後一天提前跑完行程，在附近找了賭場跟英國佬切磋一下撲克（不在計劃內）所以用信用卡換200英鎊，大概8400台幣+1300手續費😖
現金桌大小盲1/2抽水高，大家都蠻和樂的，不太纏打、詐唬也好抓，舉手就有服務員過來幫你點柳橙汁或可樂（暢飲）在倫敦外面一杯差不多100台幣起，小打3小時cash快600英鎊替倫敦旅程畫下好的句點。
最後推薦倫敦結束就搭飛機去特羅姆瑟玩！直飛才兩三千，相信我一定比台北到高雄值得，不會後悔的",2025-12-28 13:02,
andy_0908y,Andy,"求台北適合辦交流聚會的地方
・地點：台北近捷運站
・人數：約 40 -60人
・時間：4 小時（1月平日下午）
・需求：要有投影設備放簡報，場地含基本餐飲佳
拜託演算法了，除了留言也歡迎將資訊寄到andy0908y.streamline@gmail.com",2025-12-28 11:30,
andy_0908y,Andy,英國最美小鎮科茲窩+牛津一日遊,2025-12-27 18:23,
xoxbancc_,BanChan,我想好了  今晚跨年我要一直打特戰到26年  悄悄上分  因為炸魚哥都去陪對象跨年了,2025-12-31 18:19,ꪔ͈̮   ꪔ̤̫   ꪔ̤̱   ꪔ̤̥   ᙏ̤̫͚   ꪔ̤̮
xoxbancc_,BanChan,"我总是碰到一点小事就会流眼泪
但其实我并不喜欢哭 可总是忍不住落泪 感到焦虑不安的时候爱哭 失去什么的时候爱哭 遇到事情的时候爱哭 受一点皮肉之苦也爱哭 自己一个人在房间里大哭一场好像已经成为了我发泄情绪最快的方式 也没有发生多大的事情或许只是情绪堆积在一起 我处理不好今天在外面眼泪就忍不住往下掉还忘记带纸巾 悄悄用手拭去 总希望下一次哭是因为太幸福而流泪 只有我知道每滴温热都有属于它的苦涩",2025-12-30 17:19,ꪔ͈̮   ꪔ̤̫   ꪔ̤̱   ꪔ̤̥   ᙏ̤̫͚   ꪔ̤̮
xoxbancc_,BanChan,心理委員我心裡不得勁  特戰到底要怎麼打才能打得好  一萬場死鬥嗎,2025-12-29 21:39,ꪔ͈̮   ꪔ̤̫   ꪔ̤̱   ꪔ̤̥   ᙏ̤̫͚   ꪔ̤̮
xoxbancc_,BanChan,如果你不喜歡我  我只會覺得已經不夠漂亮,2025-12-27 04:35,ꪔ͈̮   ꪔ̤̫   ꪔ̤̱   ꪔ̤̥   ᙏ̤̫͚   ꪔ̤̮
xoxbancc_,BanChan,我的生物鐘你到底在做甚  我沒招了,2025-12-26 09:52,ꪔ͈̮   ꪔ̤̫   ꪔ̤̱   ꪔ̤̥   ᙏ̤̫͚   ꪔ̤̮
xoxbancc_,BanChan,今天平安夜  準備玩一晚上的蘋果手機,2025-12-24 21:54,ꪔ͈̮   ꪔ̤̫   ꪔ̤̱   ꪔ̤̥   ᙏ̤̫͚   ꪔ̤̮
xoxbancc_,BanChan,聖誕老人  我許願一個人也能幸福🐈,2025-12-24 05:16,ꪔ͈̮   ꪔ̤̫   ꪔ̤̱   ꪔ̤̥   ᙏ̤̫͚   ꪔ̤̮
xoxbancc_,BanChan,每天起床第一件事就在想要吃什麼，吃打泡飯要給我吃應￼激了,2025-12-22 20:07,ꪔ͈̮   ꪔ̤̫   ꪔ̤̱   ꪔ̤̥   ᙏ̤̫͚   ꪔ̤̮
xoxbancc_,BanChan,主包  為什麼我一開麥就被踢,2025-12-22 10:42,ꪔ͈̮   ꪔ̤̫   ꪔ̤̱   ꪔ̤̥   ᙏ̤̫͚   ꪔ̤̮
2yenza,2yenza,下雨天是塞車的開始,2025-12-31 18:27,
2yenza,2yenza,可以很霸道的把我關在家裡嗎 我不想出門上課,2025-12-31 06:48,
2yenza,2yenza,綠的,2025-12-30 23:01,
2yenza,2yenza,好可愛,2025-12-29 21:22,
2yenza,2yenza,我要吃巧克力！,2025-12-28 15:03,
2yenza,2yenza,不要讓我在上班的時候快笑死欸哈哈哈哈,2025-12-25 15:20,
31o____o,Quinna Wu,"最近家裡好多這種蟲喔，是什麼蟲啊？
這是浴室的牆壁髒髒的還沒刷別介意😮‍💨",2025-12-30 17:18,"台中人
一個未婚的單親媽媽，
有一個長相可愛，
惡魔個性的女兒~~~😮‍💨"
31o____o,Quinna Wu,我們家就是苦難類型的，我好我還不夠慘不行，好像我不應該快樂跟開心~,2025-12-30 13:47,"台中人
一個未婚的單親媽媽，
有一個長相可愛，
惡魔個性的女兒~~~😮‍💨"
31o____o,Quinna Wu,"我們家很好笑，早上女兒哭鬧，我阿嬤剛剛在跟姑姑告狀，說小孩早上沒有吃早餐，不知道在哭什麼是不是沒睡飽，叫不起來~~~~~
我真的不知道到處說我壞話是什麼很值得驕傲的事情嗎？到處說我是差勁的人很好嗎？
我女兒就是自己不睡覺，即使我讓她九點躺床她不睡就是不睡，跟我幾點給她洗澡完沒有任何關係，有時候哄了半個小時就是不睡，所以她睡沒睡飽跟我一點關係都沒有。
還有不知道講過幾次，孩子去學校馬上又要吃早點心，在家不先吃早餐不會餓死，
不知道到底為什麼堅持要給她吃，一定要有吃才不可憐？？？？？？
她可憐嗎？她一點都不可憐~~~~~~~
不睡覺，不起床，不吃飯，不洗澡
可憐的是我好嗎？？？
可以醒醒嗎？？",2025-12-30 12:57,"台中人
一個未婚的單親媽媽，
有一個長相可愛，
惡魔個性的女兒~~~😮‍💨"
31o____o,Quinna Wu,買了這些圖貼想著有一天有老公可以用，嗯~~~好吧我還是沒有老公😭😭😭,2025-12-30 11:30,"台中人
一個未婚的單親媽媽，
有一個長相可愛，
惡魔個性的女兒~~~😮‍💨"
31o____o,Quinna Wu,"笑死我！！！！！
來接女兒放學，她同學一出來就大問為什麼你沒有爸爸？
我女兒當成大聲說對啊我沒有爸爸，
突然所有家長都停下來在看我.....
尷尬爆炸~~",2025-12-29 16:51,"台中人
一個未婚的單親媽媽，
有一個長相可愛，
惡魔個性的女兒~~~😮‍💨"
31o____o,Quinna Wu,"阿嬤：今天你要去接小孩放學喔？你姑姑怎麼不順便接？
31：她今天如果是我媽，我就讓她接，但是她今天是姑姑不是媽媽她沒有義務幫我接小孩。
阿嬤：姑姑還不是一樣？你媽媽？你媽媽就不要理你。
31：你如果是我媽你會不會開心去接孫女？
阿嬤：會啊願意啊！
31：那是因為你是我媽，那是你孫女，你接正常的，如果今天她要接就甘願的開心的去接，不要因為心情不好就發脾氣牽拖工作累什麼的來罵我。
阿嬤：誰沒有脾氣？誰都會生氣啊你不會生氣嗎？
31：我也不會對你們生氣啊？我敢對你們生氣嗎？她如果不高興隨時想轟我們出去，我就要搬內。
阿嬤：要搬去哪里住？
31：不知道啊隨便都可以住，這是姑姑的房子，她不高興要轟我們出去我總不可能繼續待吧？
阿嬤：你趕快再找一個人嫁一嫁好了啦！
31：我嫁了你要跟我去嗎？
阿嬤：我才不要跟你去幹嘛？
31：帶孫啊~
阿嬤：我閒閒在家坐不好嗎帶什麼孫。
阿嬤：你就閒閒的自己帶啊。
31：我就算不閒我也是能自己來就自己來，為什麼要讓人生話？孩子生病我也是請假在家帶去看醫生啊。
阿嬤大大概是覺得說不贏我就沒在說了。不是婆媳關係卻很像婆媳的家庭。",2025-12-29 16:42,"台中人
一個未婚的單親媽媽，
有一個長相可愛，
惡魔個性的女兒~~~😮‍💨"
31o____o,Quinna Wu,"我現在在吃上上禮拜的甜湯圓~~
姑姑說要丟掉了，阿嬤碎碎念說甜的又不會壞掉，丟什麼丟？
我說以前的人沒東西吃才會這樣勤儉，
現在到處都有東西吃誰會勤儉？
阿嬤說你不勤儉哪裡有錢吃飯？
我說這麼勤儉，那應該存很多了吧？
阿嬤瞬間沒說話。",2025-12-29 14:50,"台中人
一個未婚的單親媽媽，
有一個長相可愛，
惡魔個性的女兒~~~😮‍💨"
31o____o,Quinna Wu,"今天的行程是看醫生~~~
早上帶女兒去看鼻涕倒流的問題，
我也順便看一下，
後來是看皮膚科，都沒有變不見，只好來看醫生~~~
現在是來看復健科~~~~~
全身病~~~~~~",2025-12-29 10:22,"台中人
一個未婚的單親媽媽，
有一個長相可愛，
惡魔個性的女兒~~~😮‍💨"
31o____o,Quinna Wu,"這睡袋真的是我買給女兒去學校用最喜歡的了~~
無奈她腿太長腳都蓋不住全部😮‍💨
還好快畢業了~",2025-12-28 22:51,"台中人
一個未婚的單親媽媽，
有一個長相可愛，
惡魔個性的女兒~~~😮‍💨"
31o____o,Quinna Wu,呃呵我的碗筷聖誕樹~~,2025-12-28 18:52,"台中人
一個未婚的單親媽媽，
有一個長相可愛，
惡魔個性的女兒~~~😮‍💨"
31o____o,Quinna Wu,"現在老的因為小孩一直被問不高興，還說我女兒太好命這樣問而已就要生氣，然後跑出門了。
小的爆哭吐滿地，還在廁所爆哭，
到底關我屁事？？？？？？
大個便都不安寧！！！！！
孩子不穿就不穿，一直問一直問誰都會煩躁不高興。
生氣就把孩子的玩具丟到垃圾桶，
打孩子，孩子爆炸哭到吐........",2025-12-28 12:16,"台中人
一個未婚的單親媽媽，
有一個長相可愛，
惡魔個性的女兒~~~😮‍💨"
31o____o,Quinna Wu,"很煩我真的不知道為什麼95歲跟五歲可以天天吵架.....
孩子襪子脫掉，她就不冷不想穿，
阿嬤一直問襪脫掉不冷嗎？
問到孩子覺得煩覺得吵，然後就兇阿祖，
接著阿祖就把孩子的玩具丟到垃圾桶。
我真的不知道這個家待下去的意義是什麼
，阿祖就開始打小孩了.......",2025-12-28 12:06,"台中人
一個未婚的單親媽媽，
有一個長相可愛，
惡魔個性的女兒~~~😮‍💨"
31o____o,Quinna Wu,"我好想知道沒有鼻子過敏的人的生活都過的怎麼樣喔~~~
我已經手術過了，我也有用洗鼻鹽了，
我仍然24小時喉嚨有異物感，
仍然有鼻涕倒流，咳不完的鼻涕，
有時候白色，有時候透明的，
早上起床甚至會有髒的鼻涕鼻屎，
居然還會有鼻毛......
鼻子過敏，鼻涕倒流，黑眼圈，
手腳冰冷，胃食道逆流，富貴手，
腰酸背痛，手痛腳痛，今天還在偏頭痛，
全身病..…",2025-12-27 23:42,"台中人
一個未婚的單親媽媽，
有一個長相可愛，
惡魔個性的女兒~~~😮‍💨"
31o____o,Quinna Wu,"剛剛新聞報導，
日本一間公司讓員工自己選主管，降低離職率。
美國老闆賣掉機台，給500多位員工一人1400萬台幣，有員工當場宣布退休。
大陸一間公司老闆隨即發放現金，還給員工爸媽養老金。
怎麼都沒有台灣的公司？？？",2025-12-27 19:35,"台中人
一個未婚的單親媽媽，
有一個長相可愛，
惡魔個性的女兒~~~😮‍💨"
31o____o,Quinna Wu,"我真的是太傷心了......
今天難得晚餐可以吃外食，
我只是想吃7-11的關東煮，
我跑了四間都沒有賣，
一間有鍋沒有煮..........
我跑了五間欸......
第六間就算經過我也不想看了......
大概六點多跑到現在沒得吃關東煮，
都在流鼻涕了，我都要哭了。
還好最後有滷味可以稍微安慰我一下。",2025-12-27 19:02,"台中人
一個未婚的單親媽媽，
有一個長相可愛，
惡魔個性的女兒~~~😮‍💨"
31o____o,Quinna Wu,"聽說諾貝爾要收了，來逛逛，結果一打開就是這麼可憐的句子😭😭😭😭😭
寬裕不了啊~",2025-12-27 15:40,"台中人
一個未婚的單親媽媽，
有一個長相可愛，
惡魔個性的女兒~~~😮‍💨"
31o____o,Quinna Wu,"我女兒真的是大惡魔！！！！！
自己要求要穿裙子，
我沒有叫她把長褲脫掉，
她跟她阿嬤講我叫她脫的。",2025-12-27 14:37,"台中人
一個未婚的單親媽媽，
有一個長相可愛，
惡魔個性的女兒~~~😮‍💨"
31o____o,Quinna Wu,我女兒畫的人物，幾乎是一模一樣欸~,2025-12-27 13:25,"台中人
一個未婚的單親媽媽，
有一個長相可愛，
惡魔個性的女兒~~~😮‍💨"
31o____o,Quinna Wu,我剛剛要等電梯還撞到這個鐵柱😩我今天不太好，現在頭好痛,2025-12-27 12:17,"台中人
一個未婚的單親媽媽，
有一個長相可愛，
惡魔個性的女兒~~~😮‍💨"
31o____o,Quinna Wu,"😱😱😱😱😱😱😱😱😱😱😱
人家在看真的雪，我在這裡崩潰~~~",2025-12-27 11:45,"台中人
一個未婚的單親媽媽，
有一個長相可愛，
惡魔個性的女兒~~~😮‍💨"
31o____o,Quinna Wu,我也好想去武嶺看雪,2025-12-27 11:43,"台中人
一個未婚的單親媽媽，
有一個長相可愛，
惡魔個性的女兒~~~😮‍💨"
31o____o,Quinna Wu,"因為疼她所以才分享自己的食物給她吃！
等等上樓就要聽到跟阿嬤說以後食物都不要分我女兒吃，都不要帶食物給我女兒吃，都她媽媽用就好了，她媽媽給就好了，我們都不要管！！！
一天天的這樣情緒勒索我很好玩？？？
我家14樓，很好死的！",2025-12-27 09:53,"台中人
一個未婚的單親媽媽，
有一個長相可愛，
惡魔個性的女兒~~~😮‍💨"
31o____o,Quinna Wu,"家裡兩尊佛我怎麼敢生氣？
我連呼吸都覺得有罪。
我生氣阿嬤又要罵我是在生什麼氣，
這樣也要生氣！！！比我還兇！！",2025-12-27 09:38,"台中人
一個未婚的單親媽媽，
有一個長相可愛，
惡魔個性的女兒~~~😮‍💨"
31o____o,Quinna Wu,"我跟女兒要去樓下吃早餐，
我姑姑跟阿嬤一直在餵食我女兒，
然後她們兩個就邊餵邊講說這樣吃一吃去外面還要吃嗎？吃去外面就不用吃了啊~
幹你娘就知道為何還要餵食？？？？？？
我在浴室說那就不要再給她吃了，
我表現不高興的樣子，
阿嬤跟姑姑可能都沒聽到，
阿嬤要再次餵食，換姑姑不高興了，兇阿嬤不要再給我女兒吃了，這樣去外面吃不下說我在生氣了！
好像變成我生氣是不對的，我沒資格生氣我不能生氣我不應該生氣。
接著罵我說你如果不要我們餵你就說不要再餵食了等等會吃不下，我們是疼她才餵她吃，不然我們還要分享自己的食物欸~~
幹你娘這不是常識嗎？她的食量不是你們都知道的嗎？明知道還要這樣做？
我有說話的地位跟權力嗎？
我在這個家我都不敢說話不敢吭聲，
因為我是最沒有資格說任何話的人！！",2025-12-27 09:34,"台中人
一個未婚的單親媽媽，
有一個長相可愛，
惡魔個性的女兒~~~😮‍💨"
31o____o,Quinna Wu,我真的很想立刻去路上給車撞死,2025-12-27 09:27,"台中人
一個未婚的單親媽媽，
有一個長相可愛，
惡魔個性的女兒~~~😮‍💨"
31o____o,Quinna Wu,"糟糕了，
不知道這間蒸餃是先做現弄的.......
等很久等等又要挨罵了🥺",2025-12-26 20:16,"台中人
一個未婚的單親媽媽，
有一個長相可愛，
惡魔個性的女兒~~~😮‍💨"
31o____o,Quinna Wu,"我生氣！突然尿急要去尿尿，要關門那個該死的胸部卡到門我就差那一秒，尿到一點點小褲褲了😭
那個身體過來了，胸還在外面！！！！！
但凡那個胸小一點也不會關不上門😤",2025-12-26 16:20,"台中人
一個未婚的單親媽媽，
有一個長相可愛，
惡魔個性的女兒~~~😮‍💨"
31o____o,Quinna Wu,"我在吃上個禮拜日叔叔買來拜拜的魚......
我大概活不到60歲了",2025-12-26 12:39,"台中人
一個未婚的單親媽媽，
有一個長相可愛，
惡魔個性的女兒~~~😮‍💨"
31o____o,Quinna Wu,"我想知道到底什麼衛生紙可以只使用一張不會破的？？？我明明都買不錯的了.....
難道真的都要用厚嗎？",2025-12-26 10:18,"台中人
一個未婚的單親媽媽，
有一個長相可愛，
惡魔個性的女兒~~~😮‍💨"
31o____o,Quinna Wu,"我以為過了一晚我的情緒會平復一點，
結果是還是沒辦法......
昨天跟女兒第一次用這個數字油畫，女兒說不要出門要玩油畫，畫了很久女兒也即興創作了一些小圖，我覺得很棒，都沒有離開過，都是認真坐著完成的。
昨天她阿嬤看到了第一句話是
：我實在是不想罵了，雖然你跟媽媽都畫得很棒，但是為什麼要一直買新東西給你？
我不能理解，你就不能只給鼓勵誇獎稱讚就好了嗎？孩子開心跟你分享作品你就稱讚就好了很難嗎？阿嬤這樣姑姑也這樣.....
再說了我買東西給我女兒到底怎麼了？？
難道媽媽買東西給女兒犯法嗎？？
難道畫畫不是一件有意義的事嗎？
我不買你買嗎？
送孩子東西跟禮物我覺得也是補償自己小時候缺失的快樂，彌補我自己的遺憾，我沒有爸媽可以給我買東西，我給我女兒買東西怎麼了？我又不是好幾萬好幾千在買。
好好的稱讚會死？？
為何非得在孩子面前數落我的不是？？
我真的覺得我已經很努力活著了，
昨天我跟我哥說，如果哪天我突然死了，你能不能幫我帶我女兒？？？
我不要她跟我一樣，活在充滿責備負面的世界，人非聖賢，孰能無過。
我不是神，我也不是超人，我只是想要被稱讚而已，我都很想問我是不是死了你們才會開心？？",2025-12-26 08:53,"台中人
一個未婚的單親媽媽，
有一個長相可愛，
惡魔個性的女兒~~~😮‍💨"
31o____o,Quinna Wu,天喔~今天真的好冷喔~~現在出門才知道冷~~,2025-12-25 17:29,"台中人
一個未婚的單親媽媽，
有一個長相可愛，
惡魔個性的女兒~~~😮‍💨"
31o____o,Quinna Wu,"我真的不知道要說什麼.......聖誕節姑姑跑去爬山，打電話回來問阿嬤有沒有煮飯，如果有她就回家吃飯，沒有就外面吃，明明就只有中午的麵，阿嬤卻告訴姑姑有煮，
我早上就說我要買火鍋了！！偏偏又不讓我買說昨天的前天的菜還有白飯熱一熱就好了，我剛剛說我要去買火鍋，阿嬤說那她吃中午的麵就好了，現在又叫我要買多買一點，我買了你女兒又不吃，我買個屁？
我買的東西你女兒幾乎從來不屑吃，我幹嘛買她的？？？？？？？",2025-12-25 17:09,"台中人
一個未婚的單親媽媽，
有一個長相可愛，
惡魔個性的女兒~~~😮‍💨"
31o____o,Quinna Wu,#聖誕節🎄,2025-12-25 11:59,"台中人
一個未婚的單親媽媽，
有一個長相可愛，
惡魔個性的女兒~~~😮‍💨"
31o____o,Quinna Wu,"你！就是你！！過來！！！
你給我過來！！！
聖誕節快樂~~~
來拆禮物吧！🎄❄️",2025-12-25 11:02,"台中人
一個未婚的單親媽媽，
有一個長相可愛，
惡魔個性的女兒~~~😮‍💨"
31o____o,Quinna Wu,"啊哈哈哈，去勤美的目的達成啦~~
本來快八點半多沒發現車子打算要回家了買完可愛聖誕帽髮圈就要回家的~一走出來發現欸~~車車欸~趕快追上去🤣
還拿到糖果好開心~~
感謝各位大大讓我女兒開心一整晚~~
不吝嗇的分享美車帶給大家歡樂~~",2025-12-25 00:21,"台中人
一個未婚的單親媽媽，
有一個長相可愛，
惡魔個性的女兒~~~😮‍💨"
31o____o,Quinna Wu,"穿上叔叔送我的外套去接女兒~
他說很暖，防風,，一件才100！！
很大件~~~",2025-12-24 16:26,"台中人
一個未婚的單親媽媽，
有一個長相可愛，
惡魔個性的女兒~~~😮‍💨"
31o____o,Quinna Wu,好吃，吃飽，吃滿~~~平安夜大餐！！！,2025-12-24 14:02,"台中人
一個未婚的單親媽媽，
有一個長相可愛，
惡魔個性的女兒~~~😮‍💨"
31o____o,Quinna Wu,是個女人會這個算棒棒棒了是吧？，但是我買錯大小了....有關係嗎😭,2025-12-24 09:33,"台中人
一個未婚的單親媽媽，
有一個長相可愛，
惡魔個性的女兒~~~😮‍💨"
31o____o,Quinna Wu,我是不是得了什麼皮膚病啊？很癢,2025-12-24 08:09,"台中人
一個未婚的單親媽媽，
有一個長相可愛，
惡魔個性的女兒~~~😮‍💨"
31o____o,Quinna Wu,"阿嬤說誰把水量調這麼大的！
就是這個掉了，但是我不會修理這個😭😭",2025-12-23 20:16,"台中人
一個未婚的單親媽媽，
有一個長相可愛，
惡魔個性的女兒~~~😮‍💨"
31o____o,Quinna Wu,"哎~~~本來跟女兒說選一本故事書我講給你聽完我要去洗澡了，想說給她喝個熱牛奶，結果手殘打翻了......
操！！！沒事泡蝦米牛奶？
手殘黨沒有資格泡奶😭😭😭
這手砍掉好了！！！！！
這下子要擦地板，還要再洗抹布了！！！
講蝦米故事？？？？？
哪裡有時間講蝦米故事？？？？？
我需要的是神隊友，不是豬.........",2025-12-23 20:03,"台中人
一個未婚的單親媽媽，
有一個長相可愛，
惡魔個性的女兒~~~😮‍💨"
31o____o,Quinna Wu,"我女兒常常問我媽媽你等等可以陪我玩嗎？
很抱歉我沒辦法，因為我要洗碗擦桌子，
而且八點以前必須去洗澡，
不然有人會生氣~~~~
我真的是整天都在洗碗，
洗早餐的碗，
午餐的碗，晚餐的碗，孩子學校的碗，
如果有洗碗機我就可以有多的時間陪小孩了~
可惜沒有，就算有也不給裝，
因為覺得浪費錢，浪費水，浪費電~~~~~
我也很希望可以下課了直接去吃飯，
然後回家再洗澡就好了~~
但是無法，因為有個阿嬤堅持天天煮飯，
她很可愛的說她不煮飯我們會餓死，
殊不知我一點都不想趕回家吃飯.......
因為超過六點就是晚回家，
就有兩個人要不高興，
我也想搬出去住，經濟不允許，
如果經濟允許我也捨不得阿嬤一個人在家，所以也不會搬，
除非我帶著阿嬤一起回去老家住？？？",2025-12-23 19:35,"台中人
一個未婚的單親媽媽，
有一個長相可愛，
惡魔個性的女兒~~~😮‍💨"
31o____o,Quinna Wu,"吃飽來一杯續命奶~~~讓自己心情好一點~
話說怎麼沒有人寄聖誕禮物給我😭",2025-12-23 19:07,"台中人
一個未婚的單親媽媽，
有一個長相可愛，
惡魔個性的女兒~~~😮‍💨"
31o____o,Quinna Wu,剛剛差點被車子擊落....我明明就先騎了，而且還是靠右的！！,2025-12-23 17:39,"台中人
一個未婚的單親媽媽，
有一個長相可愛，
惡魔個性的女兒~~~😮‍💨"
31o____o,Quinna Wu,"這肉看起來就又乾又柴，不好吃~~
雞肉總是有些部位非常不喜歡吃~~
就雞翅跟肉少皮多的地方好吃！！",2025-12-23 12:14,"台中人
一個未婚的單親媽媽，
有一個長相可愛，
惡魔個性的女兒~~~😮‍💨"
31o____o,Quinna Wu,"挑菜習慣這種刀，
沒用這種刀還真的是不會挑🧐",2025-12-23 11:47,"台中人
一個未婚的單親媽媽，
有一個長相可愛，
惡魔個性的女兒~~~😮‍💨"
31o____o,Quinna Wu,"這個這個是我的續命奶~~~~~
一天喝不到全身怪~~🤪",2025-12-22 22:56,"台中人
一個未婚的單親媽媽，
有一個長相可愛，
惡魔個性的女兒~~~😮‍💨"
31o____o,Quinna Wu,"想知道有沒有什麼東西可以讓這些髒污自動消失不見😭😭😭😭😭😭😭😭😭😭😭
我發誓再也不讓女兒穿淺色衣服褲子去公園了......",2025-12-22 15:26,"台中人
一個未婚的單親媽媽，
有一個長相可愛，
惡魔個性的女兒~~~😮‍💨"
31o____o,Quinna Wu,"人家說月子有做好，所有疑難雜症都會不見是真的嗎？
包括鼻子過敏這種事嗎？
腰酸背痛？頭痛？姨媽來肚子痛？",2025-12-22 14:28,"台中人
一個未婚的單親媽媽，
有一個長相可愛，
惡魔個性的女兒~~~😮‍💨"
31o____o,Quinna Wu,有沒有人吃過啊？好吃嗎？全聯的,2025-12-22 09:50,"台中人
一個未婚的單親媽媽，
有一個長相可愛，
惡魔個性的女兒~~~😮‍💨"
31o____o,Quinna Wu,"天天吃飯氣死人的小孩，
居然可以有聖誕節禮物？
聖誕節也待在家好了......
還說快要六歲了，吃了湯圓長一歲，
一點都沒有長大，
我就看著還是一直用筷子在敲桌子畫桌子，這麼愛當乞丐，
聖誕節丟路上錢當乞丐好了！！！
用筷子打她，
還是一模一樣耍脾氣故意掉筷子........
我要跟社工說我要送養🙄🙄🙄🙄🙄🙄",2025-12-21 19:21,"台中人
一個未婚的單親媽媽，
有一個長相可愛，
惡魔個性的女兒~~~😮‍💨"
31o____o,Quinna Wu,回去一趟像搬家一樣~~,2025-12-21 17:10,"台中人
一個未婚的單親媽媽，
有一個長相可愛，
惡魔個性的女兒~~~😮‍💨"
31o____o,Quinna Wu,"我又被罵了，每次都要當著我女兒的面大罵我，昨天去菜市場，女兒看到這個抱了一包死都不放，老闆一直說叫我買，我買了，我姑姑看到不爽破口大罵，說什麼都不想罵我唸我，還一直罵，當著我女兒的面罵，女兒吃的很開心我不開心，說人家爸媽都不給小孩吃這個垃圾一堆色素的東西，都是阿公阿嬤在買，就我這個當媽媽的會買，阿不然我去死一死？？？？？？
別人的小孩都對都可以，就我啥都不行我都錯我該死？草泥馬回來拜拜去菜市場買個零食怎麼了？？你他媽別人拿餅乾糖果給我女兒都可以，我都不行！！阿不然我去死一死好了",2025-12-21 10:30,"台中人
一個未婚的單親媽媽，
有一個長相可愛，
惡魔個性的女兒~~~😮‍💨"
31o____o,Quinna Wu,沒有奶茶喝...........,2025-12-21 09:50,"台中人
一個未婚的單親媽媽，
有一個長相可愛，
惡魔個性的女兒~~~😮‍💨"
31o____o,Quinna Wu,"老家的一個阿婆過世了，就住在巷子口，以後再也看不到這個阿婆在門口曬太陽了，也再也看不到她來我們家聊天了。
老人家真的不能跌倒，一跌倒就中風，
開腦袋然後就走了.....",2025-12-21 09:46,"台中人
一個未婚的單親媽媽，
有一個長相可愛，
惡魔個性的女兒~~~😮‍💨"
31o____o,Quinna Wu,"很刺激的溜滑梯....嚇死我~很陡我走上去就腿軟了
小小年紀就能騎花騎蜜蜂~~~",2025-12-20 14:01,"台中人
一個未婚的單親媽媽，
有一個長相可愛，
惡魔個性的女兒~~~😮‍💨"
31o____o,Quinna Wu,新公園新設施，太好玩了~~,2025-12-20 13:44,"台中人
一個未婚的單親媽媽，
有一個長相可愛，
惡魔個性的女兒~~~😮‍💨"
31o____o,Quinna Wu,"你他媽要從房間拿東西給我你也沒叫我，我進去房間放東西也有錯？？？
什麼叫做拿東西給我我不接手跑去房間？
你他媽喊我了嗎？你他媽請我拿了嗎？
還是我有通靈眼？
路過你房間就知道你要幹嘛？
我啥都沒說，啥都沒做，也要挨罵....",2025-12-19 20:23,"台中人
一個未婚的單親媽媽，
有一個長相可愛，
惡魔個性的女兒~~~😮‍💨"
31o____o,Quinna Wu,"今天學校的聖誕老公公送的聖誕節禮物~~
壽命約兩個小時~~~~真可憐
比上次在公園弄不見了會跑的紅色懸浮球可憐，人家至少有過夜？？",2025-12-19 19:44,"台中人
一個未婚的單親媽媽，
有一個長相可愛，
惡魔個性的女兒~~~😮‍💨"
31o____o,Quinna Wu,"當你在尿急的時候，
超級慢電梯他媽的從一樓跑到地下二樓去
，關門的時候掛在門上的斗笠掉下來，
結果就是好不容易到了廁所小褲褲尿濕了...........草泥馬的爛電梯！！！！！！！",2025-12-19 18:19,"台中人
一個未婚的單親媽媽，
有一個長相可愛，
惡魔個性的女兒~~~😮‍💨"
31o____o,Quinna Wu,"我家附近的好多大樓最近都有市集~~
好棒喔~~~可惜我家不是哪種大樓。",2025-12-19 14:45,"台中人
一個未婚的單親媽媽，
有一個長相可愛，
惡魔個性的女兒~~~😮‍💨"
31o____o,Quinna Wu,"吃飯時間，我女兒在玩筷子。
31：你可不可以不要用油油的那邊刮桌子蛤？
🍡：換了一邊繼續刮.........
有收到訊號，但是操作不良，我能不能退貨？？？",2025-12-18 18:40,"台中人
一個未婚的單親媽媽，
有一個長相可愛，
惡魔個性的女兒~~~😮‍💨"
31o____o,Quinna Wu,聖誕節是禮拜四，拖行憲紀念日的福那天我女兒放假，只是在尷尬的禮拜四~~能去哪裡呢？,2025-12-18 17:34,"台中人
一個未婚的單親媽媽，
有一個長相可愛，
惡魔個性的女兒~~~😮‍💨"
31o____o,Quinna Wu,這遊戲簡直是太暖心了，太可愛了,2025-12-18 09:42,"台中人
一個未婚的單親媽媽，
有一個長相可愛，
惡魔個性的女兒~~~😮‍💨"
31o____o,Quinna Wu,"都說我自己生的孩子自己教，結果呢？？
各各反對我，各各覺得我是錯的，
我是專業的保母！！！
我有證照的！！
我待過托嬰中心，
我待過幼稚園，
我上過的課程跟你他媽那退休的同事一模一樣，
為什麼我的就是錯的？
別人就是對的？
為什麼我什麼都是錯的？？？
我依然清晰記得我阿嬤對著我還是嬰兒的女兒說你媽媽不要你了！
我也清晰記得我姑姑對著我女兒說，你媽媽又再說屁話了。
我永遠記得家人給的傷永遠不會遜色於外人！！！！！",2025-12-17 19:47,"台中人
一個未婚的單親媽媽，
有一個長相可愛，
惡魔個性的女兒~~~😮‍💨"
31o____o,Quinna Wu,"我女兒突然提醒她阿嬤說去參加活動要帶保鮮盒去裝東西喔，她阿嬤問說要去哪裡？
我女兒說你不是說媽媽如果不參加活動你要參加嗎？
她阿嬤說可是那天要去針灸欸~你媽媽會去吧？
我說你不認真吃飯，邊吃邊走來走去，還跑去找蟑螂，我為什麼要參加活動？
女兒說反正阿嬤會去啊！然後特別跟她阿嬤說那你去醫院針灸要早上去喔！
到底為什麼總是要扯我後腿？？
為什麼要雙標？？
阿不然你們自己一家好了，我走~~我去嫁人我再自己拼一個自己的小孩",2025-12-17 19:18,"台中人
一個未婚的單親媽媽，
有一個長相可愛，
惡魔個性的女兒~~~😮‍💨"
31o____o,Quinna Wu,"我今天最近有帶零食去接女兒放學，因為她吃不吃零食回家都一樣擺爛不認真吃飯，然後被我姑姑看到，回到家我女兒吃個幾口飯就說吃不下了飽了。
姑姑就開始砲轟我又帶東西給她吃，說那些東西吃了就不會想吃飯了，有的媽媽還不讓孩子吃零食零食比較好吃，回家就不愛吃飯了。
我說她已經先吃過同學媽媽自己做的蛋糕了，她吃不吃零食回家都一樣不會認真吃。
姑姑說隨便你啦，反正你有你的方法，我只是說說給你聽而已，一開始沒有給她吃零食你看她還會不會愛吃零食。
哇草~~你去接我女兒放學還帶去買紅豆餅，還是在車上才吃，你可以帶去買紅豆餅我不能帶零食？？？？？？",2025-12-17 19:10,"台中人
一個未婚的單親媽媽，
有一個長相可愛，
惡魔個性的女兒~~~😮‍💨"
sandshan.cc,Coco Tam,"Happy New Year from Australia 9 pm 
新年快樂．🔭",2025-12-31 18:34,平凡人
xmxcxx8888,xmxcxx8888,"偷偷告訴你們
我今年跨年不用吃葡萄了😋",2025-12-31 16:59,秘密基地🤫
xmxcxx8888,xmxcxx8888,怎麼大家都在生命倒計時啦 我今天已經看到好多篇了 你們真的都很棒留下來一起看看這世界美好的地方好嗎🥹加油 這個地球有你們才是最完整的💕,2025-12-31 00:37,秘密基地🤫
xmxcxx8888,xmxcxx8888,沒人會在意我每天晚上都是哭到睡著的...,2025-12-31 00:24,秘密基地🤫
xmxcxx8888,xmxcxx8888,今天上家政課做蘋果派時 我在開瓦斯他默默走過來手搭在我肩上 半個人靠在我身上 然後幫我把瓦斯打開 幹很難不暈,2025-12-30 23:17,秘密基地🤫
xmxcxx8888,xmxcxx8888,我不行了 大家便利貼都在王ADEN🤣,2025-12-28 00:45,秘密基地🤫
xmxcxx8888,xmxcxx8888,有沒有人推薦一下蝦皮上的外套要買哪一家 我有選擇困難🧏🏻‍♀️,2025-12-27 14:58,秘密基地🤫
xmxcxx8888,xmxcxx8888,媽媽對不起 我真的撐不住了 好累,2025-12-26 17:18,秘密基地🤫
xmxcxx8888,xmxcxx8888,聖誕老人我今年的願望就是我2026不要流那麼多眼淚了..,2025-12-24 23:07,秘密基地🤫
xmxcxx8888,xmxcxx8888,"不知道從什麼時候開始
拿起美工刀成為了我唯一能冷靜的方法...",2025-12-19 00:25,秘密基地🤫
xmxcxx8888,xmxcxx8888,痛恨自己一直幫他找理由 讓自己繼續喜歡他,2025-12-18 17:27,秘密基地🤫
chenyiqiao_961109,陳奕橋,"五月天部分應援皇冠完工了
跨年最後一天了
整個都很滿意😆
有想要的🫳",2025-12-31 18:26,太陽餅好好吃🤤
chenyiqiao_961109,陳奕橋,"五月天部分應援皇冠完工了
跨年最後一天了
整個都很滿意😆
有想要的🫳",2025-12-31 14:53,太陽餅好好吃🤤
chenyiqiao_961109,陳奕橋,"五月天部分應援皇冠完工了
跨年最後一天了
整個都很滿意😆
有想要的🫳",2025-12-31 12:11,太陽餅好好吃🤤
chenyiqiao_961109,陳奕橋,"五月天部分應援皇冠完工了
整個都很滿意😆
有想要的🫳",2025-12-30 21:40,太陽餅好好吃🤤
chenyiqiao_961109,陳奕橋,"五月天部分應援皇冠完工了
整個都很滿意😆
有想要的🫳",2025-12-30 18:08,太陽餅好好吃🤤
chenyiqiao_961109,陳奕橋,"五月天部分應援皇冠完工了
整個都很滿意😆
有想要的🫳",2025-12-30 11:23,太陽餅好好吃🤤
uht610224,uht610224,"我準備好了！買好了🫒🫒🫒今天倒數後吃12顆36秒內吃完😆
今晚跟大家一起拼了！！！
買麝香葡萄一定會噎到，還好有秘魯葡萄拯救！
希望12顆代表2026年12個月順順利利 也能順利脫單💕",2025-12-31 18:09,
uht610224,uht610224,明天有沒有人想去跨年？看高雄夢時代煙火，不看舞台卡司，晚上九點半先去家樂福買吃的，在昆仲公園野餐然後一起倒數看煙火，內建已有四位女生，想再增兩位女生一起熱鬧熱鬧！希望你25歲以上。拒絕詐騙推銷傳直銷買賣東西假帳號。,2025-12-30 19:43,
uht610224,uht610224,明天有沒有人想去跨年？看高雄夢時代煙火，不看舞台卡司，晚上九點半先去家樂福買吃的，在昆仲公園野餐然後一起倒數看煙火，內建已有四位女生，想再增兩位25歲以上女生一起熱鬧熱鬧！拒絕詐騙推銷傳直銷買賣東西假帳號。,2025-12-30 19:27,
uht610224,uht610224,"2025.12.25聖誕節 
對我而言很不一樣 很有意義的一天
上次去了陳老師流浪狗收容所 我沒有帶任何東西
這件事一直懸在心上
於是這次 我準備了一大箱飼料與肉條
當了個聖誕大姐姐（？）
想分享這些給那些需要溫暖的狗狗們
陳老師在我心裡是個很偉大的人 
收容了好幾百隻流浪狗 園區甚大
每一隻狗狗狀況他都瞭若指掌 
他記得每一隻狗狗的名字 
記得牠們怎麼來到這裡 
記得怎麼被人類棄養和荼毒 
記得每隻狗狗的來歷背景 
陳老師很努力在幫助這些狗
讓牠們有得遮風避雨有得溫飽
很努力維持環境整潔與乾淨
園區很大我這次依然沒有走完 
陳老師今天好像園區導覽員跟我們分享好多好多
世界殘破不堪 卻有人心地善良的努力縫縫補補❤️
---位置：高雄岡山陳老師流浪狗收容所",2025-12-26 19:56,
uht610224,uht610224,"人緣極好的人，往往是人品不怎麼樣；
人品極好的人，往往人緣不怎麼樣。",2025-12-24 23:56,
uht610224,uht610224,"1.別對短暫出現的人執念太深。
2.大大方方為自己的心動買單，但及時止損是本事。
3.學會拒絕，凡事好意思為難你的人，都不是什麼好人。
4.你不是誰最好的朋友。
5.你的價值不需要他人來證明。",2025-12-24 01:02,
_tsai9,晴,"：你跨年要吃48顆葡萄
我：為什麼
：一年交四任",2025-12-31 16:53,Maybe
_tsai9,晴,可以趕快跨年了嗎我很怕我的葡萄放到壞掉,2025-12-29 23:35,Maybe
_tsai9,晴,Merry Christmassss ⭐️,2025-12-25 17:20,Maybe
_tsai9,晴,倒數了,2025-12-23 18:18,Maybe
_tsai9,晴,第二個小時屁股要爛了,2025-12-21 16:43,Maybe
n0kori_,諾恪里𝐍𝐨𝐤𝐨𝐫𝐢🎀,那個 我葡萄準備好了,2025-12-31 18:59,立志成為世界第一魔法少女的男V
n0kori_,諾恪里𝐍𝐨𝐤𝐨𝐫𝐢🎀,第一次就獻給咖醬🥵,2025-12-29 09:56,立志成為世界第一魔法少女的男V
korea_dandy,🇰🇷韓潮著衣 韓國男裝代購,"還在穿普通的彎刀褲嗎？
試試這款「時裝感彎刀廓形」，弧形線條讓腿部更有立體感。
​💡 穿搭小撇步：
一定要把上衣紮進去，利用這條造型皮帶標出腰線，比例直接拉長，這才是真正的「顯高神褲」！
​你想看這件褲子的其他搭配嗎？下面留言告訴我 👇
​#顯高穿搭 #男士造型 #穿搭教學 #韓國男裝代購 韓國代購 韓國直送 #韓國時裝 韓國時裝網店",2025-12-24 18:04,不務正業的藝人造型師，轉身躲藏在電商背後成立 韓潮著衣 韓國男裝代購 andy-king.com 為大家嚴選韓國當季流行服飾
korea_dandy,🇰🇷韓潮著衣 韓國男裝代購,"真正高級的性感，是不用用力
有些衣服，不是為了被看見
而是一靠近就被感覺到
絲絨面料低調反光
線條順著身形走，不誇張、不用力
卻把肩、胸、手臂比例全部拉好
這不是流行款
是會留下來的那種衣服
✔ 韓國設計版型
✔ 絲絨細緻觸感
✔ 單穿就有份量
✔ 西裝、長褲、皮鞋都能搭
如果你穿衣服追求的是
質感，而不是存在感
這件會懂你
#韓國 #韓國男裝代購 #韓國代購 #韓國直送 #韓國時裝 #韓國時裝網店 #男裝 #韓國男裝 #穿搭 #台北韓國服飾 #台北男裝 #ootd #韓系 #時尚穿搭 #日常穿搭 #正韓",2025-12-22 21:38,不務正業的藝人造型師，轉身躲藏在電商背後成立 韓潮著衣 韓國男裝代購 andy-king.com 為大家嚴選韓國當季流行服飾
korea_dandy,🇰🇷韓潮著衣 韓國男裝代購,"5秒出門！不用腦的「高階質感」穿搭配色術
出門還在翻衣櫃？
這套假兩件連帽外套＋側摺休閒西裝褲，解決你所有穿搭煩惱。
層次感幫你做好了，修飾度幫你顧好了。
只要換雙球鞋，帥度直接拉滿！
​🛒 自搭成套 高級感 現貨供應中。
​#懶人穿搭 #男裝日常 #韓國直送 #成套穿搭 #OOTD #每日穿搭 #韓國 #韓國男裝代購 #韓國代購 #韓國直送 #韓國時裝 #韓國時裝網店 #男裝 #韓國男裝 #穿搭 #台北韓國服飾 #台北男裝 #ootd #韓系 #時尚穿搭 #日常穿搭 #正韓",2025-12-19 19:20,不務正業的藝人造型師，轉身躲藏在電商背後成立 韓潮著衣 韓國男裝代購 andy-king.com 為大家嚴選韓國當季流行服飾
korea_dandy,🇰🇷韓潮著衣 韓國男裝代購,"​穿膩圓領了嗎？這件「微露鎖骨」的韓系亨利領，才是男人該有的樣子。
​普通的素T太無聊，襯衫又太正式？
​這款韓國男裝亨利領長T，剛好的開襟設計，讓頸部線條更修長，不經意的性感最致命😎。
​彈性極佳，合身不緊身，完美修飾身形。
​一共4色，選色障礙請直接包色處理：
​🥛 象牙色：溫柔暖男
​🍃 淺綠色：清新質感
​🌪 深灰色：低調沈穩
​💣 黑色：酷帥顯瘦（影片同款🔥）
​
​🛒 喜歡截圖私訊給連結
​#韓國男裝 #亨利領 #男生穿搭 #OOTD #顯瘦穿搭 #韓系穿搭 #質感男裝 #韓國 #韓國男裝代購 #韓國代購 #韓國直送 #韓國時裝 #韓國時裝網店 #男裝 #韓國男裝 #穿搭 #台北韓國服飾 #台北男裝 #ootd #韓系 #時尚穿搭 #日常穿搭 #正韓",2025-12-17 20:32,不務正業的藝人造型師，轉身躲藏在電商背後成立 韓潮著衣 韓國男裝代購 andy-king.com 為大家嚴選韓國當季流行服飾
aszx1652458,特斯拉愛好者,"各位，你們見過最美的汽車業務是誰？我心目中認為的
threads.com/@yiww…
。",2025-12-28 18:23,本人的夢想車是全球所有的品牌還有地鐵飛機郵輪 偶爾關心時事評論
aszx1652458,特斯拉愛好者,笑死。,2025-12-28 16:56,本人的夢想車是全球所有的品牌還有地鐵飛機郵輪 偶爾關心時事評論
aszx1652458,特斯拉愛好者,我自行宣布第一屆最美的賓士合照照片。各位毫不吝嗇把你們自己的。賓士合照貼出來。,2025-12-28 16:55,本人的夢想車是全球所有的品牌還有地鐵飛機郵輪 偶爾關心時事評論
aszx1652458,特斯拉愛好者,法拉利警車。GEMINI,2025-12-28 14:55,本人的夢想車是全球所有的品牌還有地鐵飛機郵輪 偶爾關心時事評論
aszx1652458,特斯拉愛好者,Volkswagen Tiguan,2025-12-28 14:42,本人的夢想車是全球所有的品牌還有地鐵飛機郵輪 偶爾關心時事評論
aszx1652458,特斯拉愛好者,各位警察門把你們自己了最帥的執勤照片分享。,2025-12-27 22:29,本人的夢想車是全球所有的品牌還有地鐵飛機郵輪 偶爾關心時事評論
aszx1652458,特斯拉愛好者,各位今天是2025年最後一個禮拜六。,2025-12-27 18:13,本人的夢想車是全球所有的品牌還有地鐵飛機郵輪 偶爾關心時事評論
aszx1652458,特斯拉愛好者,今天是𝟮𝟬𝟮𝟱年最後一個禮拜六,2025-12-27 18:11,本人的夢想車是全球所有的品牌還有地鐵飛機郵輪 偶爾關心時事評論
aszx1652458,特斯拉愛好者,各位讓我獲得1萬個讚。,2025-12-27 17:57,本人的夢想車是全球所有的品牌還有地鐵飛機郵輪 偶爾關心時事評論
aszx1652458,特斯拉愛好者,我自行宣布第一屆跟自己的汽車合照大賽 把自己跟自己最美麗的汽車合照Po出來給大家分享,2025-12-27 14:25,本人的夢想車是全球所有的品牌還有地鐵飛機郵輪 偶爾關心時事評論
aszx1652458,特斯拉愛好者,各位特斯拉車主PO出你們自己跟自己的特斯拉最美的合照！,2025-12-27 14:23,本人的夢想車是全球所有的品牌還有地鐵飛機郵輪 偶爾關心時事評論
aszx1652458,特斯拉愛好者,"sora.chatgpt.com/c
/s_694e91389df88191a4949ce79b489884這是gpt生成。",2025-12-26 21:44,本人的夢想車是全球所有的品牌還有地鐵飛機郵輪 偶爾關心時事評論
aszx1652458,特斯拉愛好者,不要再合成了，很不尊重人,2025-12-26 21:13,本人的夢想車是全球所有的品牌還有地鐵飛機郵輪 偶爾關心時事評論
aszx1652458,特斯拉愛好者,保時捷Macan,2025-12-26 20:28,本人的夢想車是全球所有的品牌還有地鐵飛機郵輪 偶爾關心時事評論
aszx1652458,特斯拉愛好者,Nissan X-Trail,2025-12-26 20:27,本人的夢想車是全球所有的品牌還有地鐵飛機郵輪 偶爾關心時事評論
aszx1652458,特斯拉愛好者,邁巴赫GLS600,2025-12-26 20:27,本人的夢想車是全球所有的品牌還有地鐵飛機郵輪 偶爾關心時事評論
aszx1652458,特斯拉愛好者,不要再去合成了很不尊重人,2025-12-26 16:34,本人的夢想車是全球所有的品牌還有地鐵飛機郵輪 偶爾關心時事評論
aszx1652458,特斯拉愛好者,EMU500 鐵道文化祭彩繪列車,2025-12-26 16:33,本人的夢想車是全球所有的品牌還有地鐵飛機郵輪 偶爾關心時事評論
aszx1652458,特斯拉愛好者,牽拖牽拖在牽拖。,2025-12-25 12:31,本人的夢想車是全球所有的品牌還有地鐵飛機郵輪 偶爾關心時事評論
aszx1652458,特斯拉愛好者,你們除了會推卸還會什麼？,2025-12-25 11:43,本人的夢想車是全球所有的品牌還有地鐵飛機郵輪 偶爾關心時事評論
aszx1652458,特斯拉愛好者,哭,2025-12-25 11:31,本人的夢想車是全球所有的品牌還有地鐵飛機郵輪 偶爾關心時事評論
aszx1652458,特斯拉愛好者,各位學到了嘛？,2025-12-24 22:00,本人的夢想車是全球所有的品牌還有地鐵飛機郵輪 偶爾關心時事評論
aszx1652458,特斯拉愛好者,讓大家知道。,2025-12-24 21:46,本人的夢想車是全球所有的品牌還有地鐵飛機郵輪 偶爾關心時事評論
aszx1652458,特斯拉愛好者,為什麼壞人幾乎不會受害？,2025-12-24 21:46,本人的夢想車是全球所有的品牌還有地鐵飛機郵輪 偶爾關心時事評論
aszx1652458,特斯拉愛好者,我宣布第1屆汽車超美的瞬間的內裝大賽🚗🏆正式開始🎆各位老鐵可以毫不吝嗇地把自己的汽車內裝美美照po上來,2025-12-24 21:44,本人的夢想車是全球所有的品牌還有地鐵飛機郵輪 偶爾關心時事評論
aszx1652458,特斯拉愛好者,名字超美的。,2025-12-24 21:42,本人的夢想車是全球所有的品牌還有地鐵飛機郵輪 偶爾關心時事評論
aszx1652458,特斯拉愛好者,是兒子做錯事，父母其實不必要道歉。,2025-12-24 21:41,本人的夢想車是全球所有的品牌還有地鐵飛機郵輪 偶爾關心時事評論
aszx1652458,特斯拉愛好者,你還敢違規嘛？,2025-12-24 21:41,本人的夢想車是全球所有的品牌還有地鐵飛機郵輪 偶爾關心時事評論
aszx1652458,特斯拉愛好者,一邊是負責任的父母，一邊是八九父母。,2025-12-24 21:26,本人的夢想車是全球所有的品牌還有地鐵飛機郵輪 偶爾關心時事評論
aszx1652458,特斯拉愛好者,2026，希望臺灣更好。,2025-12-24 21:26,本人的夢想車是全球所有的品牌還有地鐵飛機郵輪 偶爾關心時事評論
aszx1652458,特斯拉愛好者,好難過。,2025-12-24 21:16,本人的夢想車是全球所有的品牌還有地鐵飛機郵輪 偶爾關心時事評論
aszx1652458,特斯拉愛好者,高雄市政府警察局 交通警察大隊 前鎮分隊BGE-2635 高雄市政府警察局 前鎮分局 草衙派出所 BVN-5720 各位警車迷還有車友跟警察們追起來！拜托🥺,2025-12-24 19:06,本人的夢想車是全球所有的品牌還有地鐵飛機郵輪 偶爾關心時事評論
aszx1652458,特斯拉愛好者,至少哥哥還有良心，還有父母,2025-12-24 19:04,本人的夢想車是全球所有的品牌還有地鐵飛機郵輪 偶爾關心時事評論
aszx1652458,特斯拉愛好者,鬼才邏輯。,2025-12-23 21:34,本人的夢想車是全球所有的品牌還有地鐵飛機郵輪 偶爾關心時事評論
aszx1652458,特斯拉愛好者,日本的媒體比我們還了解。,2025-12-23 20:55,本人的夢想車是全球所有的品牌還有地鐵飛機郵輪 偶爾關心時事評論
aszx1652458,特斯拉愛好者,對你至上最高的歉意。,2025-12-23 20:54,本人的夢想車是全球所有的品牌還有地鐵飛機郵輪 偶爾關心時事評論
aszx1652458,特斯拉愛好者,司法已死。,2025-12-23 20:52,本人的夢想車是全球所有的品牌還有地鐵飛機郵輪 偶爾關心時事評論
aszx1652458,特斯拉愛好者,大家都關心。,2025-12-23 20:48,本人的夢想車是全球所有的品牌還有地鐵飛機郵輪 偶爾關心時事評論
aszx1652458,特斯拉愛好者,希望大家能關心。,2025-12-23 20:47,本人的夢想車是全球所有的品牌還有地鐵飛機郵輪 偶爾關心時事評論
aszx1652458,特斯拉愛好者,"threads.com/@zxc3…
-蕭先生，我們不會忘記你的。",2025-12-23 20:43,本人的夢想車是全球所有的品牌還有地鐵飛機郵輪 偶爾關心時事評論
aszx1652458,特斯拉愛好者,哭,2025-12-23 20:07,本人的夢想車是全球所有的品牌還有地鐵飛機郵輪 偶爾關心時事評論
aszx1652458,特斯拉愛好者,這個才是真的要記住的名字。至於那個殺人犯就不要記了。,2025-12-23 18:56,本人的夢想車是全球所有的品牌還有地鐵飛機郵輪 偶爾關心時事評論
aszx1652458,特斯拉愛好者,這種判決真的很荒謬超傻眼的 司法根本就是專門在保護壞人的,2025-12-23 18:54,本人的夢想車是全球所有的品牌還有地鐵飛機郵輪 偶爾關心時事評論
aszx1652458,特斯拉愛好者,threads.com/@bing…,2025-12-23 18:54,本人的夢想車是全球所有的品牌還有地鐵飛機郵輪 偶爾關心時事評論
aszx1652458,特斯拉愛好者,看完直接爆哭,2025-12-23 18:53,本人的夢想車是全球所有的品牌還有地鐵飛機郵輪 偶爾關心時事評論
aszx1652458,特斯拉愛好者,致敬。,2025-12-22 19:50,本人的夢想車是全球所有的品牌還有地鐵飛機郵輪 偶爾關心時事評論
aszx1652458,特斯拉愛好者,😭,2025-12-22 19:08,本人的夢想車是全球所有的品牌還有地鐵飛機郵輪 偶爾關心時事評論
aszx1652458,特斯拉愛好者,你們買賓士都買哪一款？,2025-12-22 19:00,本人的夢想車是全球所有的品牌還有地鐵飛機郵輪 偶爾關心時事評論
aszx1652458,特斯拉愛好者,向各位警察還有余先生致敬,2025-12-22 18:59,本人的夢想車是全球所有的品牌還有地鐵飛機郵輪 偶爾關心時事評論
aszx1652458,特斯拉愛好者,我在滑脆的時候發現很多酸民在那邊檢討警察。我必需要說的是。這些酸民。根本搞不清楚警察有多忙 就在那邊酸,2025-12-22 15:46,本人的夢想車是全球所有的品牌還有地鐵飛機郵輪 偶爾關心時事評論
aszx1652458,特斯拉愛好者,這個也太有創意了吧,2025-12-20 09:58,本人的夢想車是全球所有的品牌還有地鐵飛機郵輪 偶爾關心時事評論
aszx1652458,特斯拉愛好者,政治狂熱份子下地獄,2025-12-20 09:54,本人的夢想車是全球所有的品牌還有地鐵飛機郵輪 偶爾關心時事評論
aszx1652458,特斯拉愛好者,阿伯，我們會記住你的 挺身而出👍,2025-12-20 09:53,本人的夢想車是全球所有的品牌還有地鐵飛機郵輪 偶爾關心時事評論
aszx1652458,特斯拉愛好者,有種不要刪除，等著被抓吧,2025-12-20 09:36,本人的夢想車是全球所有的品牌還有地鐵飛機郵輪 偶爾關心時事評論
aszx1652458,特斯拉愛好者,國立鳳山商工高級職業學校 和平橋志工,2025-12-20 09:35,本人的夢想車是全球所有的品牌還有地鐵飛機郵輪 偶爾關心時事評論
aszx1652458,特斯拉愛好者,國立鳳山商工高級職業學校 60週年校慶 機2-1攤位,2025-12-20 09:34,本人的夢想車是全球所有的品牌還有地鐵飛機郵輪 偶爾關心時事評論
aszx1652458,特斯拉愛好者,M BENZ GLA200,2025-12-19 19:31,本人的夢想車是全球所有的品牌還有地鐵飛機郵輪 偶爾關心時事評論
aszx1652458,特斯拉愛好者,M BENZ GLB200,2025-12-19 19:30,本人的夢想車是全球所有的品牌還有地鐵飛機郵輪 偶爾關心時事評論
aszx1652458,特斯拉愛好者,M BENZ GLE300d,2025-12-19 19:29,本人的夢想車是全球所有的品牌還有地鐵飛機郵輪 偶爾關心時事評論
aszx1652458,特斯拉愛好者,M BENZ S350d W223,2025-12-19 19:28,本人的夢想車是全球所有的品牌還有地鐵飛機郵輪 偶爾關心時事評論
aszx1652458,特斯拉愛好者,賓士最帥的旗艦跑車 AMG GT63S,2025-12-19 19:27,本人的夢想車是全球所有的品牌還有地鐵飛機郵輪 偶爾關心時事評論
aszx1652458,特斯拉愛好者,M BENZ EQE 350 SUB,2025-12-19 19:22,本人的夢想車是全球所有的品牌還有地鐵飛機郵輪 偶爾關心時事評論
aszx1652458,特斯拉愛好者,也太爽了吧？,2025-12-18 21:06,本人的夢想車是全球所有的品牌還有地鐵飛機郵輪 偶爾關心時事評論
aszx1652458,特斯拉愛好者,"我行宣布
第2屆《最美的跑車》大賽
正式開始 我心目中的第一名911 992 GT3 Rs。",2025-12-18 21:02,本人的夢想車是全球所有的品牌還有地鐵飛機郵輪 偶爾關心時事評論
aszx1652458,特斯拉愛好者,各位大大你們喜歡BMW的X三還是X五,2025-12-18 18:28,本人的夢想車是全球所有的品牌還有地鐵飛機郵輪 偶爾關心時事評論
0e27y_,peng,今天出門忘記刮鬍子( )子,2025-12-25 14:05,記
0e27y_,peng,"台北今天是怎樣
我耳朵快掉下來",2025-12-25 13:51,記
0e27y_,peng,"我在洗頭 手機給我警報啊 
好笑…",2025-12-24 17:55,記
0e27y_,peng,"拋棄比維護簡單
就這樣吧",2025-12-22 21:22,記
0e27y_,peng,"很好早上起床鼻塞
到現在還在塞..",2025-12-22 16:37,記
0e27y_,peng,這貓我喜歡,2025-12-19 02:41,記
mini_san95,泥鰍🐾,"今日12/31 穿搭🫶🏻💕
今日會到淡水漁人碼頭看華莎
會到那邊的梯尼歡迎來找我～
我有多帶應援小鏡子可以發（？",2025-12-31 18:15,"台灣🇹🇼 ENTJ
主推Ateez のSan （崔傘寶寶）
不是單戀 是遠距戀愛 是出國動力 是學習目標
———————————————
8 make 1 team 🐰🐿️🐶🐩🐱🐥🐈‍⬛🐻
祝永遠在花路上🫶🏻💗"
qiupeizhen9,想吃布丁🍮,3秒要怎麼吃一顆葡萄啦,2025-12-31 16:53,"🇹🇼🇻🇳
￣﹃￣"
qiupeizhen9,想吃布丁🍮,好冷,2025-12-31 00:24,"🇹🇼🇻🇳
￣﹃￣"
qiupeizhen9,想吃布丁🍮,我不想寫會計好累，討厭欸,2025-12-31 00:07,"🇹🇼🇻🇳
￣﹃￣"
qiupeizhen9,想吃布丁🍮,明天要帶好多東西去學校,2025-12-31 00:06,"🇹🇼🇻🇳
￣﹃￣"
qiupeizhen9,想吃布丁🍮,5分鐘￣﹃￣,2025-12-29 22:57,"🇹🇼🇻🇳
￣﹃￣"
qiupeizhen9,想吃布丁🍮,我想睡覺,2025-12-29 06:37,"🇹🇼🇻🇳
￣﹃￣"
qiupeizhen9,想吃布丁🍮,睡覺睡覺雖然我不太敢睡,2025-12-28 00:33,"🇹🇼🇻🇳
￣﹃￣"
qiupeizhen9,想吃布丁🍮,是不是要戴安全帽睡覺了,2025-12-27 23:56,"🇹🇼🇻🇳
￣﹃￣"
qiupeizhen9,想吃布丁🍮,交換禮物不知道買什麼🤔🤔🤔值的思考,2025-12-26 23:10,"🇹🇼🇻🇳
￣﹃￣"
qiupeizhen9,想吃布丁🍮,好想吃義美小泡芙,2025-12-25 19:18,"🇹🇼🇻🇳
￣﹃￣"
qiupeizhen9,想吃布丁🍮,好無聊我要來做布丁,2025-12-25 17:11,"🇹🇼🇻🇳
￣﹃￣"
qiupeizhen9,想吃布丁🍮,救命范泰夏好帥,2025-12-25 16:48,"🇹🇼🇻🇳
￣﹃￣"
qiupeizhen9,想吃布丁🍮,枯萎的花淚好好看,2025-12-25 16:46,"🇹🇼🇻🇳
￣﹃￣"
qiupeizhen9,想吃布丁🍮,太早睡了，現在起來睡不著了,2025-12-25 01:40,"🇹🇼🇻🇳
￣﹃￣"
qiupeizhen9,想吃布丁🍮,被我的腿痠醒,2025-12-25 01:40,"🇹🇼🇻🇳
￣﹃￣"
qiupeizhen9,想吃布丁🍮,為什麼液體ok蹦這麼痛啊ㄍㄢˋ～～～～～,2025-12-24 20:28,"🇹🇼🇻🇳
￣﹃￣"
qiupeizhen9,想吃布丁🍮,好餓我要覓食,2025-12-24 17:42,"🇹🇼🇻🇳
￣﹃￣"
qiupeizhen9,想吃布丁🍮,數學我討厭你,2025-12-24 15:58,"🇹🇼🇻🇳
￣﹃￣"
qiupeizhen9,想吃布丁🍮,幹最近我的手不是割到就是夾到,2025-12-24 15:56,"🇹🇼🇻🇳
￣﹃￣"
qiupeizhen9,想吃布丁🍮,不想寫作文,2025-12-22 17:38,"🇹🇼🇻🇳
￣﹃￣"
qiupeizhen9,想吃布丁🍮,想睡覺￣﹃￣,2025-12-22 07:10,"🇹🇼🇻🇳
￣﹃￣"
qiupeizhen9,想吃布丁🍮,我想吃布丁湯圓，然後夾蘇打餅乾,2025-12-21 19:32,"🇹🇼🇻🇳
￣﹃￣"
qiupeizhen9,想吃布丁🍮,好迷茫喔剩120幾天而已🙁,2025-12-19 18:07,"🇹🇼🇻🇳
￣﹃￣"
qiupeizhen9,想吃布丁🍮,重死了幹,2025-12-19 17:33,"🇹🇼🇻🇳
￣﹃￣"
shl_0501,豆花𖦹𖦹,靠腰喔忘記買葡萄了,2025-12-31 15:49,我沒有自介 我是聽團仔
shl_0501,豆花𖦹𖦹,"最近很喜歡怕胖團的《
偷偷愛
》裡面的一句歌詞
「
我們半推半就的人生 沒有和你一樣被眷顧的未來
」",2025-12-31 07:47,我沒有自介 我是聽團仔
shl_0501,豆花𖦹𖦹,愛是想跟你換好多好多情頭,2025-12-28 22:51,我沒有自介 我是聽團仔
shl_0501,豆花𖦹𖦹,"你繼續聽你的怕胖團
跨年別人看煙火接吻
你跑到他們面前
我沒有用 沒辦法給你要的生活",2025-12-27 13:12,我沒有自介 我是聽團仔
shl_0501,豆花𖦹𖦹,算了 我還是很喜歡你但又討厭你,2025-12-27 11:16,我沒有自介 我是聽團仔
shl_0501,豆花𖦹𖦹,許願明年遇到一個愛真心愛我的人 我要偷偷幸福,2025-12-27 09:25,我沒有自介 我是聽團仔
shl_0501,豆花𖦹𖦹,你突然讓我很下頭 我不想跟你交往了,2025-12-26 17:29,我沒有自介 我是聽團仔
shl_0501,豆花𖦹𖦹,如果沒分手我們現在會是怎樣,2025-12-26 17:15,我沒有自介 我是聽團仔
shl_0501,豆花𖦹𖦹,我這輩子要談一個引導型戀人,2025-12-26 16:10,我沒有自介 我是聽團仔
shl_0501,豆花𖦹𖦹,學校有毛病是不是運動會擠在星期五下午就算了 同時舉辦跳蚤市場是啥小,2025-12-25 20:38,我沒有自介 我是聽團仔
shl_0501,豆花𖦹𖦹,為什麼只有我禮拜五一堆事情不能請假 我一直在哭,2025-12-25 20:37,我沒有自介 我是聽團仔
shl_0501,豆花𖦹𖦹,幹什麼我壓力很大 為什麼一堆事情壓在我身上666,2025-12-25 20:31,我沒有自介 我是聽團仔
shl_0501,豆花𖦹𖦹,我要自己一個人偷偷幸福很久然後突然發出來嚇死你們,2025-12-25 20:31,我沒有自介 我是聽團仔
shl_0501,豆花𖦹𖦹,我後悔沒去高雄美秀了 後悔死了😠😭,2025-12-23 06:30,我沒有自介 我是聽團仔
shl_0501,豆花𖦹𖦹,我也很喜歡聽周杰倫^^,2025-12-20 22:41,我沒有自介 我是聽團仔
shl_0501,豆花𖦹𖦹,我一直覺得不被你喜歡是我不夠漂亮,2025-12-20 15:10,我沒有自介 我是聽團仔
shl_0501,豆花𖦹𖦹,幹被按讚了😭😭😭打電話講事情講到一半被按讚幹你娘超級開心 齁呦。。,2025-12-20 01:04,我沒有自介 我是聽團仔
shl_0501,豆花𖦹𖦹,明天我想去聽盧廣仲 操你媽的學校運動會,2025-12-19 21:19,我沒有自介 我是聽團仔
shl_0501,豆花𖦹𖦹,我要從台南去台中看怕胖團的2025最後一場跨年然後再快點到中央公園聽2026怕胖的第一場 怎麼回家先等我看完再說,2025-12-19 19:11,我沒有自介 我是聽團仔
_czyh.9,🐿️,哈尼嘿特輯😭🫶,2025-12-25 16:32,"《Rhy重度成癮患者》
- 壽山廣設113"
criixxzz,criixxzz,你生日我怎麼可能缺席呢,2025-12-28 20:20,"存些喜歡ㄉ◞♡˚
イケンメ補給所"
criixxzz,criixxzz,¹²🎄₂₅ 聖誕快樂🧣☃️🛷🥂,2025-12-25 20:39,"存些喜歡ㄉ◞♡˚
イケンメ補給所"
criixxzz,criixxzz,金奎彬！石馬修！你們在幹嘛！（2023聖誕,2025-12-25 12:37,"存些喜歡ㄉ◞♡˚
イケンメ補給所"
criixxzz,criixxzz,差點忘記存這個😍（兩隻萌到溢出螢幕,2025-12-25 02:36,"存些喜歡ㄉ◞♡˚
イケンメ補給所"
criixxzz,criixxzz,蛤？蘇庭煥那是什麼造型？（盒被說像猴子不是隨便說說,2025-12-24 23:38,"存些喜歡ㄉ◞♡˚
イケンメ補給所"
criixxzz,criixxzz,：這三張有區別嗎（朋友覺得都是同一組人,2025-12-24 15:01,"存些喜歡ㄉ◞♡˚
イケンメ補給所"
criixxzz,criixxzz,關於手機容量炸掉都存了什麼,2025-12-24 14:24,"存些喜歡ㄉ◞♡˚
イケンメ補給所"
criixxzz,criixxzz,聖誕必聽曲目-treasure版（笑到瘋掉😍,2025-12-23 23:56,"存些喜歡ㄉ◞♡˚
イケンメ補給所"
criixxzz,criixxzz,也是一首很危險的歌,2025-12-23 17:31,"存些喜歡ㄉ◞♡˚
イケンメ補給所"
criixxzz,criixxzz,笑不活了🤣,2025-12-23 16:57,"存些喜歡ㄉ◞♡˚
イケンメ補給所"
criixxzz,criixxzz,2019/2025（依舊很像他們自己唱的🤣,2025-12-23 16:33,"存些喜歡ㄉ◞♡˚
イケンメ補給所"
criixxzz,criixxzz,今年聖誕樹已準備好🎄,2025-12-23 11:01,"存些喜歡ㄉ◞♡˚
イケンメ補給所"
criixxzz,criixxzz,馬修那不值錢的笑（可愛,2025-12-23 04:59,"存些喜歡ㄉ◞♡˚
イケンメ補給所"
criixxzz,criixxzz,金道榮真的好寵,2025-12-23 04:06,"存些喜歡ㄉ◞♡˚
イケンメ補給所"
criixxzz,criixxzz,"不知道是不是有特別選過，唱了冬季情歌
冬天必聽的欸🥺",2025-12-22 23:21,"存些喜歡ㄉ◞♡˚
イケンメ補給所"
criixxzz,criixxzz,很高興認識你們呀,2025-12-22 15:34,"存些喜歡ㄉ◞♡˚
イケンメ補給所"
criixxzz,criixxzz,2026🙏🏻,2025-12-22 00:57,"存些喜歡ㄉ◞♡˚
イケンメ補給所"
criixxzz,criixxzz,家族😭,2025-12-22 00:26,"存些喜歡ㄉ◞♡˚
イケンメ補給所"
criixxzz,criixxzz,彬昊：,2025-12-21 20:49,"存些喜歡ㄉ◞♡˚
イケンメ補給所"
criixxzz,criixxzz,（彬在綽號那格寫性別）對吼！我們都男的！,2025-12-20 23:04,"存些喜歡ㄉ◞♡˚
イケンメ補給所"
criixxzz,criixxzz,喜歡的3團-姊姊真漂亮，都放上來了☺️,2025-12-20 22:37,"存些喜歡ㄉ◞♡˚
イケンメ補給所"
criixxzz,criixxzz,被asahi撩走了,2025-12-20 22:31,"存些喜歡ㄉ◞♡˚
イケンメ補給所"
criixxzz,criixxzz,"🐹：什麼是阿帕達
🐼：阿帕達？阿潘達？
🐹：福寶？
🐼：福寶是panda
🐹：這個不是panda？
🐼：阿潘達！
-
🐹：阿凡達！（阿巴塔）
昊覺得和自己很像的角色是阿凡達",2025-12-20 22:22,"存些喜歡ㄉ◞♡˚
イケンメ補給所"
criixxzz,criixxzz,"這是⋯緩解緊張的方式？
（馬修當mc當時候）",2025-12-20 20:33,"存些喜歡ㄉ◞♡˚
イケンメ補給所"
criixxzz,criixxzz,"這段不管看幾次都還是會笑到肚子痛
轉頭瞬間，辰又多打一次，那表情變化🤣",2025-12-19 14:22,"存些喜歡ㄉ◞♡˚
イケンメ補給所"
criixxzz,criixxzz,"真的好喜歡這張照片😻
之前因為這系列，買綠版",2025-12-19 14:06,"存些喜歡ㄉ◞♡˚
イケンメ補給所"
criixxzz,criixxzz,韓維辰一直探頭比✌🏻（打擾攝影師拍情侶X,2025-12-19 13:57,"存些喜歡ㄉ◞♡˚
イケンメ補給所"
criixxzz,criixxzz,巴拉拉能量！,2025-12-19 13:17,"存些喜歡ㄉ◞♡˚
イケンメ補給所"
criixxzz,criixxzz,以後還會常常賣萌嗎（很想當成熟大人的🐰,2025-12-19 10:59,"存些喜歡ㄉ◞♡˚
イケンメ補給所"
criixxzz,criixxzz,鴨鴨演的所有劇，還是最喜歡animals（目前啦,2025-12-19 10:39,"存些喜歡ㄉ◞♡˚
イケンメ補給所"
criixxzz,criixxzz,這樣就更像小狗了🐕,2025-12-19 10:28,"存些喜歡ㄉ◞♡˚
イケンメ補給所"
criixxzz,criixxzz,當有人問你有沒有男友（秀：,2025-12-19 07:57,"存些喜歡ㄉ◞♡˚
イケンメ補給所"
criixxzz,criixxzz,只能說a-pius眼光很好,2025-12-19 01:52,"存些喜歡ㄉ◞♡˚
イケンメ補給所"
criixxzz,criixxzz,救命！！！還以為我看錯！！！,2025-12-19 00:26,"存些喜歡ㄉ◞♡˚
イケンメ補給所"
criixxzz,criixxzz,瘋掉！！！兩團又一起拍了！！！（還是抽象的？😍,2025-12-18 17:07,"存些喜歡ㄉ◞♡˚
イケンメ補給所"
criixxzz,criixxzz,who made this？？？（電那下好大聲！,2025-12-18 16:27,"存些喜歡ㄉ◞♡˚
イケンメ補給所"
criixxzz,criixxzz,太適合了你們😍,2025-12-18 16:18,"存些喜歡ㄉ◞♡˚
イケンメ補給所"
criixxzz,criixxzz,好愛juju jojo cross,2025-12-18 15:14,"存些喜歡ㄉ◞♡˚
イケンメ補給所"
criixxzz,criixxzz,andteam佔好幾個😍,2025-12-18 06:49,"存些喜歡ㄉ◞♡˚
イケンメ補給所"
maria_jr14,Maria Jose Ramirez,Jaja,2025-12-30 12:19,🐉
maria_jr14,Maria Jose Ramirez,👍🏻,2025-12-30 04:59,🐉
maria_jr14,Maria Jose Ramirez,🫶🏻,2025-12-30 04:39,🐉
maria_jr14,Maria Jose Ramirez,💜,2025-12-30 02:27,🐉
maria_jr14,Maria Jose Ramirez,😞😞,2025-12-30 02:09,🐉
maria_jr14,Maria Jose Ramirez,🌺,2025-12-30 02:07,🐉
maria_jr14,Maria Jose Ramirez,🌟,2025-12-30 02:01,🐉
maria_jr14,Maria Jose Ramirez,💌,2025-12-30 00:34,🐉
maria_jr14,Maria Jose Ramirez,💁🏻‍♀️,2025-12-30 00:21,🐉
maria_jr14,Maria Jose Ramirez,🎁,2025-12-29 20:57,🐉
maria_jr14,Maria Jose Ramirez,💨,2025-12-29 20:48,🐉
maria_jr14,Maria Jose Ramirez,❤️‍🩹,2025-12-29 20:44,🐉
maria_jr14,Maria Jose Ramirez,🫂,2025-12-29 20:01,🐉
maria_jr14,Maria Jose Ramirez,❤️‍🔥,2025-12-29 13:42,🐉
maria_jr14,Maria Jose Ramirez,❣️,2025-12-29 12:55,🐉
maria_jr14,Maria Jose Ramirez,:),2025-12-29 12:53,🐉
maria_jr14,Maria Jose Ramirez,Jaja amo,2025-12-29 12:52,🐉
maria_jr14,Maria Jose Ramirez,La mejor❤️‍🩹,2025-12-29 12:20,🐉
maria_jr14,Maria Jose Ramirez,Me,2025-12-29 12:15,🐉
maria_jr14,Maria Jose Ramirez,🕳️,2025-12-29 12:14,🐉
maria_jr14,Maria Jose Ramirez,Mis depresiones más tesas,2025-12-29 12:10,🐉
maria_jr14,Maria Jose Ramirez,:(,2025-12-29 11:38,🐉
maria_jr14,Maria Jose Ramirez,🫶🏻,2025-12-29 11:35,🐉
maria_jr14,Maria Jose Ramirez,❤️‍🩹,2025-12-28 07:28,🐉
maria_jr14,Maria Jose Ramirez,❤️‍🩹,2025-12-26 14:45,🐉
maria_jr14,Maria Jose Ramirez,"Chica guapa, carismática , simplemente bella💋💋",2025-12-26 14:41,🐉
maria_jr14,Maria Jose Ramirez,Así es,2025-12-19 13:32,🐉
maria_jr14,Maria Jose Ramirez,"De mi, para mi",2025-12-19 13:29,🐉
maria_jr14,Maria Jose Ramirez,Muñequito,2025-12-19 04:58,🐉
maria_jr14,Maria Jose Ramirez,Nuevo adorno navideño 🎄🎁,2025-12-17 12:28,🐉
jcicoco,Victor Chen,"過了一個年紀後
好像會變得不太想出門
以前還會一個人去看電影、吃飯、到處趴趴走
現在休假只想宅在家追劇
只有朋友找才會出門
多虧台北的朋友找出門
才能解鎖這一直想去卻沒動力出門的城堡
朋友說：這樣會不會害我找不到女朋友
我：放心啦！前提也要我有朋友！
😂😂😂",2025-12-18 04:28,"極度 l 型人
有社交障礙
雖然不是一個好的訴說者
卻是一個理想的傾聽者
這裡...
就當發廢文的地方"
7ing_827,我的脾氣不好,我跨年要猛吃12顆葡萄,2025-12-31 17:19,你的誓言回涩在冷色调的阴雨天
7ing_827,我的脾氣不好,拜託別這樣 求你們,2025-12-30 23:26,你的誓言回涩在冷色调的阴雨天
7ing_827,我的脾氣不好,"奕安我們希望你好好接受治療，健康 康復 出院
拜託不要一直說有點沒的 人家已經得嚴重憂鬱症了 還不知道事情的嚴重嗎…",2025-12-29 22:05,你的誓言回涩在冷色调的阴雨天
7ing_827,我的脾氣不好,"你是想讓別人知道、但不要太自誇嗎？還是想要帥一點／中二一點／低調一點的說法？
我先給你幾種版本，你看哪種感覺對👇
🌟 低調型（不會太招搖）
-「其實我的緋淚蠻強的，只是平常沒特別拿出來用。」 -「如果真的要認真，我的緋淚應該不弱。」
🔥 自信型（有氣場）
-「別小看我，我的緋淚其實很強。」 -「緋淚在我手上，實力可不是開玩笑的。」
😎 帥氣中二型
-「當我拿出緋淚的時候，就代表你該認真了。」 -「緋淚不是用來炫耀的，是用來壓場的。」
😂 開玩笑型（不容易被討厭）
-「我不是在炫耀啦，但我的緋淚真的有點強欸。」 -「先說好，我的緋淚可能會讓人受不了喔。」",2025-12-29 21:57,你的誓言回涩在冷色调的阴雨天
7ing_827,我的脾氣不好,幹那些璀璨帶低排妹的時候 每次都配到我 然後我就被打爛,2025-12-29 21:28,你的誓言回涩在冷色调的阴雨天
7ing_827,我的脾氣不好,我突然就400粉了 你們想要什麼福利(>^ω^<),2025-12-29 21:23,你的誓言回涩在冷色调的阴雨天
7ing_827,我的脾氣不好,誰要玩冠軍賽 雖然不包贏,2025-12-28 20:42,你的誓言回涩在冷色调的阴雨天
7ing_827,我的脾氣不好,13~18歲會冷的可以來我懷裡（醜的敢來就死定了）,2025-12-28 18:06,你的誓言回涩在冷色调的阴雨天
7ing_827,我的脾氣不好,有沒有人要跟我綁戀人 我會講很多很噁心的土味情話 還有很冷的笑話 會唱跳不專心(>^ω^<) 我也可以去打全服蘭鐸當你的靠山😏😏,2025-12-28 14:25,你的誓言回涩在冷色调的阴雨天
7ing_827,我的脾氣不好,"找同🤧💞
我ㄧㄠˉ求很多👉🏻👈🏻
我管很多.容易吃醋.沒安全感.容易亂想.補腦.注意細節.容易覺得你敷衍🉑🪑接受再加哀居
我：
新北.155（很矮🤥）.可以安慰你.吃醋我會改.可以換頭像.標主頁.互登帳號.給你情緒價值.在忙也會抽時間陪你.除了睡覺上學洗澡🛁我都可以秒回.可以給你置頂🔝.相冊壁紙都是你.身邊好友都認識你.全方位公開
希望你：
國中⬆️.比我高（矮一兩公分也沒關係）長得好看（我顏控..）可以讓我登帳號.可以注意到我的情緒.不會因為我的任性嫌棄我🧸💓
我知道.我缺點很多.但如果不可以改變就不要找我.不要覺得你可以忍受.可是最後確還是拋棄我.我不能給你很多自由.但相同的.我也可以接受你不給我自由..我已經被玩很多次了..每次不到一個月甚至一個禮拜就分手.都是我的問題而讓對方提分手….",2025-12-28 14:01,你的誓言回涩在冷色调的阴雨天
7ing_827,我的脾氣不好,我就是喜歡誇獎所有可愛的女生 讓她們開心 這就是我的目的！,2025-12-28 13:20,你的誓言回涩在冷色调的阴雨天
7ing_827,我的脾氣不好,幹這個地震超大,2025-12-27 23:07,你的誓言回涩在冷色调的阴雨天
7ing_827,我的脾氣不好,幹我真的需要蘇離教學 求求你們教我,2025-12-27 21:45,你的誓言回涩在冷色调的阴雨天
7ing_827,我的脾氣不好,蘇離代打私訊7ing_827,2025-12-27 21:43,你的誓言回涩在冷色调的阴雨天
7ing_827,我的脾氣不好,一般關係+ 會聽周杰倫跟鄭潤澤快來跟我認識(≧∀≦)ゞ,2025-12-27 12:33,你的誓言回涩在冷色调的阴雨天
7ing_827,我的脾氣不好,我這麼強 誰要跟我打一般！！,2025-12-26 20:23,你的誓言回涩在冷色调的阴雨天
7ing_827,我的脾氣不好,我也想被別人紀錄(｡･ω･｡),2025-12-26 18:52,你的誓言回涩在冷色调的阴雨天
7ing_827,我的脾氣不好,為什麼今天那麼冷,2025-12-26 06:36,你的誓言回涩在冷色调的阴雨天
7ing_827,我的脾氣不好,請問有誰願意捐贈10萬元給我，我沒有好處給你們配合只是希望有好心人事幫助我我腦有病無法上班，親朋好友都自私不肯捐請好心人世幫助我,2025-12-25 17:53,你的誓言回涩在冷色调的阴雨天
7ing_827,我的脾氣不好,其實你們只要去大廳發芽芽+ 就很多妹了喔！行情教學不用謝,2025-12-25 15:11,你的誓言回涩在冷色调的阴雨天
7ing_827,我的脾氣不好,你們怎麼都談戀愛了？我呢！我呢！我呢！,2025-12-25 14:44,你的誓言回涩在冷色调的阴雨天
7ing_827,我的脾氣不好,如果你每天悲傷 那我可以每天陪你曬太陽=⩌⩊⩌=,2025-12-25 12:54,你的誓言回涩在冷色调的阴雨天
7ing_827,我的脾氣不好,我連異性的手都沒有牽過 甚至連女生的也不超過5次..,2025-12-24 20:18,你的誓言回涩在冷色调的阴雨天
7ing_827,我的脾氣不好,我高一的時候一定要去打耳洞,2025-12-23 14:24,你的誓言回涩在冷色调的阴雨天
7ing_827,我的脾氣不好,你們怎麼知道我要回家？,2025-12-23 12:35,你的誓言回涩在冷色调的阴雨天
7ing_827,我的脾氣不好,如果我再完美一點,2025-12-22 22:30,你的誓言回涩在冷色调的阴雨天
7ing_827,我的脾氣不好,希望我的所有朋友都開開心心的 因為我最喜歡你們了！(՞_ ̫ _՞)ᐝ,2025-12-22 21:18,你的誓言回涩在冷色调的阴雨天
7ing_827,我的脾氣不好,今天是練習成為全服蘭鐸的第一天,2025-12-22 18:27,你的誓言回涩在冷色调的阴雨天
7ing_827,我的脾氣不好,我眼睛上覆的霜是你结的谎言,2025-12-22 16:35,你的誓言回涩在冷色调的阴雨天
7ing_827,我的脾氣不好,我好討厭我的朋友突然多了更多朋友 然後忘記我,2025-12-21 22:40,你的誓言回涩在冷色调的阴雨天
7ing_827,我的脾氣不好,一個小時自學兩個單元 我是覺得沒什麼難度啦,2025-12-21 21:14,你的誓言回涩在冷色调的阴雨天
7ing_827,我的脾氣不好,我特別需要一個擁抱,2025-12-21 18:44,你的誓言回涩在冷色调的阴雨天
7ing_827,我的脾氣不好,我要去練蘭鐸了 你們就等著被我超越,2025-12-21 18:38,你的誓言回涩在冷色调的阴雨天
7ing_827,我的脾氣不好,我操你媽的我什麼時候能贏,2025-12-20 20:34,你的誓言回涩在冷色调的阴雨天
7ing_827,我的脾氣不好,我每天都在找人打一般 怎麼沒一個人要加我！？,2025-12-20 20:05,你的誓言回涩在冷色调的阴雨天
7ing_827,我的脾氣不好,每次都是我主動找人玩 誰可以主動找我打一般,2025-12-19 21:35,你的誓言回涩在冷色调的阴雨天
7ing_827,我的脾氣不好,誰要綁 會玩的就來(>^ω^<),2025-12-19 19:08,你的誓言回涩在冷色调的阴雨天
7ing_827,我的脾氣不好,我哥剛說地震是因為我跌倒？,2025-12-18 20:12,你的誓言回涩在冷色调的阴雨天
7ing_827,我的脾氣不好,我也是有別人贊助的大耳狗了 剩下2000我要去才藝表演賺錢,2025-12-18 17:58,你的誓言回涩在冷色调的阴雨天
7ing_827,我的脾氣不好,你們一群行情哥 別人給你傳訊息又不回 還要截圖說圈子小沒行情 是不是智障,2025-12-17 20:28,你的誓言回涩在冷色调的阴雨天
7ing_827,我的脾氣不好,哇哇這個摧殘大佬好強哇哇😍亂說自己前女友一些事情然後還登她的帳號把她的全部關係全部解掉到底是是什麼意思啊😳論怎麼唐的前男友還是第一次看到呀🥰七分是什麼品行我們知道😘她很乖，也是一位非常好的代價☺️啊你這個前男友如此的唐…😮‍💨哀…你爸媽怎麼生出怎麼可憐的兒子啊😌我都想為你父母哭了😭真的受夠怎麼可憐的前男友了😨要不是七分改不了一點她的帳號密碼才不會被你怎麼搞🙄 怎麼可憐的前男友不要在找上我們七分寶寶了🙄#傳說對決 #奈糖醬專屬標籤💖💚,2025-12-17 19:59,你的誓言回涩在冷色调的阴雨天
ren.12.34,山腳肥貓,上次還有看到MIKASA給我賣110多（不太記得）,2025-12-31 14:21,"不要再傷害自己的啃啃了
請珍惜"
ren.12.34,山腳肥貓,瓶中信想不到要寫什麼,2025-12-31 14:18,"不要再傷害自己的啃啃了
請珍惜"
ren.12.34,山腳肥貓,演辯社的大家真的都好好……😭,2025-12-31 13:44,"不要再傷害自己的啃啃了
請珍惜"
ren.12.34,山腳肥貓,"欸我有時候都在想我身體是不是有問題
我的月經不是那種流出來的那種感覺，是有塊狀不然就是打噴嚏的時候擠出一堆血塊那種感覺的東西，夾帶著一點流體的血，可是我好像從來沒有流下來過，還是我要去看醫生啊🫠🫠",2025-12-31 13:36,"不要再傷害自己的啃啃了
請珍惜"
ren.12.34,山腳肥貓,好我知道為什麼了因為我半夜做惡夢被嚇醒又只睡4個多小時,2025-12-31 12:23,"不要再傷害自己的啃啃了
請珍惜"
ren.12.34,山腳肥貓,"我好累喔
累到感覺要暴斃了然後我也不知道為什麼那麼累",2025-12-31 12:21,"不要再傷害自己的啃啃了
請珍惜"
ren.12.34,山腳肥貓,想找好難一起吃飯,2025-12-31 10:51,"不要再傷害自己的啃啃了
請珍惜"
ren.12.34,山腳肥貓,好想這樣吸貓貓,2025-12-31 10:38,"不要再傷害自己的啃啃了
請珍惜"
ren.12.34,山腳肥貓,現在沒機會了,2025-12-31 10:37,"不要再傷害自己的啃啃了
請珍惜"
ren.12.34,山腳肥貓,我假日宅的程度大概是皮克敏都長不大的地步,2025-12-31 10:32,"不要再傷害自己的啃啃了
請珍惜"
ren.12.34,山腳肥貓,"@youzi_qwq_
@youzi_qwq_
欸你今天還要啃蔥抓餅嗎",2025-12-31 10:19,"不要再傷害自己的啃啃了
請珍惜"
ren.12.34,山腳肥貓,上課睡到一半抖一波大的,2025-12-31 10:11,"不要再傷害自己的啃啃了
請珍惜"
ren.12.34,山腳肥貓,我好懶,2025-12-31 09:30,"不要再傷害自己的啃啃了
請珍惜"
ren.12.34,山腳肥貓,不好不好不好,2025-12-31 09:21,"不要再傷害自己的啃啃了
請珍惜"
ren.12.34,山腳肥貓,好睏……,2025-12-31 07:36,"不要再傷害自己的啃啃了
請珍惜"
ren.12.34,山腳肥貓,在火車上看這個，好幸福喔,2025-12-31 07:34,"不要再傷害自己的啃啃了
請珍惜"
ren.12.34,山腳肥貓,喔耶我今天刷牙時有擼貓，很幸福,2025-12-31 07:26,"不要再傷害自己的啃啃了
請珍惜"
ren.12.34,山腳肥貓,沒有男朋友只能跟我方辯友結婚,2025-12-30 22:57,"不要再傷害自己的啃啃了
請珍惜"
ren.12.34,山腳肥貓,不我想要貴貴的戒指,2025-12-30 21:25,"不要再傷害自己的啃啃了
請珍惜"
ren.12.34,山腳肥貓,好可愛,2025-12-30 21:14,"不要再傷害自己的啃啃了
請珍惜"
ren.12.34,山腳肥貓,對的這我,2025-12-30 19:15,"不要再傷害自己的啃啃了
請珍惜"
ren.12.34,山腳肥貓,這我，什麼都先買再說,2025-12-30 19:12,"不要再傷害自己的啃啃了
請珍惜"
ren.12.34,山腳肥貓,好可愛好可愛好可愛,2025-12-30 19:00,"不要再傷害自己的啃啃了
請珍惜"
ren.12.34,山腳肥貓,對對對對我喜歡這種,2025-12-30 18:21,"不要再傷害自己的啃啃了
請珍惜"
ren.12.34,山腳肥貓,欸好欸我要來練琴，但我想要我爸離開客廳再彈，好煩喔,2025-12-30 18:06,"不要再傷害自己的啃啃了
請珍惜"
ren.12.34,山腳肥貓,別對我小心翼翼，別讓我看輕你,2025-12-30 17:36,"不要再傷害自己的啃啃了
請珍惜"
ren.12.34,山腳肥貓,"超好笑我昨天開會的時候躺在隊友腿上把她的手放在我脖子上，她開始笑然後問我抖M喔
然後我們就開始笑",2025-12-30 17:36,"不要再傷害自己的啃啃了
請珍惜"
ren.12.34,山腳肥貓,我要許願，沒有交往沒關係我要這個,2025-12-30 17:30,"不要再傷害自己的啃啃了
請珍惜"
ren.12.34,山腳肥貓,今天邊啃蔥抓餅，邊聽陳綺貞，走在路上覺得好幸福,2025-12-30 17:20,"不要再傷害自己的啃啃了
請珍惜"
ren.12.34,山腳肥貓,關於所謂「特權」,2025-12-30 14:43,"不要再傷害自己的啃啃了
請珍惜"
ren.12.34,山腳肥貓,說不定我發完論述結果沒流量所以沒人來噴我啊，不要怕不要怕,2025-12-30 14:07,"不要再傷害自己的啃啃了
請珍惜"
ren.12.34,山腳肥貓,好想大便,2025-12-30 14:04,"不要再傷害自己的啃啃了
請珍惜"
ren.12.34,山腳肥貓,你不要我要,2025-12-30 13:55,"不要再傷害自己的啃啃了
請珍惜"
ren.12.34,山腳肥貓,我要這樣誇我的,2025-12-30 13:19,"不要再傷害自己的啃啃了
請珍惜"
ren.12.34,山腳肥貓,來吧我要織,2025-12-30 13:19,"不要再傷害自己的啃啃了
請珍惜"
ren.12.34,山腳肥貓,好想抱著小貓吸,2025-12-30 09:04,"不要再傷害自己的啃啃了
請珍惜"
ren.12.34,山腳肥貓,其實我就是把你們都當寶貝,2025-12-30 08:29,"不要再傷害自己的啃啃了
請珍惜"
ren.12.34,山腳肥貓,你們跟我一起看咒吧,2025-12-29 19:53,"不要再傷害自己的啃啃了
請珍惜"
ren.12.34,山腳肥貓,？我剔牙剔到一半被嚇到,2025-12-29 19:09,"不要再傷害自己的啃啃了
請珍惜"
ren.12.34,山腳肥貓,對的我就算是這樣還是不知足，我想要幸福,2025-12-29 17:42,"不要再傷害自己的啃啃了
請珍惜"
ren.12.34,山腳肥貓,幹對不起，但是我要許願,2025-12-29 17:40,"不要再傷害自己的啃啃了
請珍惜"
ren.12.34,山腳肥貓,我不是無病呻吟。只是我被生活輾爛了,2025-12-29 17:36,"不要再傷害自己的啃啃了
請珍惜"
ren.12.34,山腳肥貓,好討厭喔我完全不想回家，好想坐過站坐到嘉義再坐回來然後假裝自己今天很忙不是故意晚回家的,2025-12-29 17:21,"不要再傷害自己的啃啃了
請珍惜"
ren.12.34,山腳肥貓,我開始流手汗焦慮，超好笑,2025-12-29 15:35,"不要再傷害自己的啃啃了
請珍惜"
ren.12.34,山腳肥貓,好喜歡演辯的大家😭😭,2025-12-29 13:15,"不要再傷害自己的啃啃了
請珍惜"
ren.12.34,山腳肥貓,感謝胡揚數學，我已經被閃到死在路邊了,2025-12-29 11:47,"不要再傷害自己的啃啃了
請珍惜"
ren.12.34,山腳肥貓,"：愁眉苦臉
幹我週六雙辯位，比賽前半小時臉也這麼臭",2025-12-29 11:43,"不要再傷害自己的啃啃了
請珍惜"
ren.12.34,山腳肥貓,這！！！哪！！！裡！！！友列陪我去謝謝,2025-12-29 11:01,"不要再傷害自己的啃啃了
請珍惜"
ren.12.34,山腳肥貓,好睏,2025-12-29 09:43,"不要再傷害自己的啃啃了
請珍惜"
ren.12.34,山腳肥貓,我的左右手溫差好大,2025-12-29 07:36,"不要再傷害自己的啃啃了
請珍惜"
ren.12.34,山腳肥貓,因為要讀一下歷史,2025-12-29 05:51,"不要再傷害自己的啃啃了
請珍惜"
ren.12.34,山腳肥貓,別用了，來打辯論吧，打辯論需要熬夜，是年輕人才能做的,2025-12-29 05:47,"不要再傷害自己的啃啃了
請珍惜"
ren.12.34,山腳肥貓,其實一開始參加演辯是因為想在女性的議題底下更好的表達自己的論點,2025-12-28 22:25,"不要再傷害自己的啃啃了
請珍惜"
ren.12.34,山腳肥貓,因為跳蛋好,2025-12-28 22:11,"不要再傷害自己的啃啃了
請珍惜"
ren.12.34,山腳肥貓,"灰色棉褲……喜歡（流鼻血
我想到了一個很好的搭配，年上眼鏡男+灰色棉褲，我一定當場吃掉",2025-12-28 21:19,"不要再傷害自己的啃啃了
請珍惜"
ren.12.34,山腳肥貓,欸但我尾椎不支持怎辦,2025-12-28 19:39,"不要再傷害自己的啃啃了
請珍惜"
ren.12.34,山腳肥貓,對我們數學考卷就這樣,2025-12-28 19:17,"不要再傷害自己的啃啃了
請珍惜"
ren.12.34,山腳肥貓,退圈了，半夜整理資料到比賽當天早上4點太累了直接退辯圈,2025-12-28 17:15,"不要再傷害自己的啃啃了
請珍惜"
ren.12.34,山腳肥貓,想睡覺覺,2025-12-28 16:52,"不要再傷害自己的啃啃了
請珍惜"
ren.12.34,山腳肥貓,"喜歡夏天的原因：
天氣好❌
可以舒服的游泳❌
可以不穿衣服躺在房間地板睡午覺✅",2025-12-28 13:56,"不要再傷害自己的啃啃了
請珍惜"
ren.12.34,山腳肥貓,欸好想捏捏臉喔我是變態😭,2025-12-28 13:25,"不要再傷害自己的啃啃了
請珍惜"
ren.12.34,山腳肥貓,喔~好,2025-12-28 11:59,"不要再傷害自己的啃啃了
請珍惜"
ren.12.34,山腳肥貓,我不會安慰人啦,2025-12-28 11:13,"不要再傷害自己的啃啃了
請珍惜"
ren.12.34,山腳肥貓,是的我是巨嬰,2025-12-28 09:46,"不要再傷害自己的啃啃了
請珍惜"
ren.12.34,山腳肥貓,開始在意就覺得好恐怖喔我會不會又開始內耗啊,2025-12-28 00:39,"不要再傷害自己的啃啃了
請珍惜"
ren.12.34,山腳肥貓,遊子今天很可愛，是的,2025-12-27 23:21,"不要再傷害自己的啃啃了
請珍惜"
ren.12.34,山腳肥貓,對我就喜歡年上男，我還要眼鏡,2025-12-27 23:01,"不要再傷害自己的啃啃了
請珍惜"
ren.12.34,山腳肥貓,幹超好笑身邊朋友都問過我，為什麼感覺我那麼厭男但交過男友,2025-12-27 22:43,"不要再傷害自己的啃啃了
請珍惜"
ren.12.34,山腳肥貓,我就是要摘下眼鏡接吻的那種,2025-12-27 22:39,"不要再傷害自己的啃啃了
請珍惜"
ren.12.34,山腳肥貓,6,2025-12-27 22:25,"不要再傷害自己的啃啃了
請珍惜"
ren.12.34,山腳肥貓,我要眼鏡男,2025-12-27 22:22,"不要再傷害自己的啃啃了
請珍惜"
ren.12.34,山腳肥貓,對的,2025-12-27 22:11,"不要再傷害自己的啃啃了
請珍惜"
ren.12.34,山腳肥貓,在女校太習慣母愛爆發了🚬🚬一直說別人可愛,2025-12-27 21:27,"不要再傷害自己的啃啃了
請珍惜"
ren.12.34,山腳肥貓,好累,2025-12-27 20:23,"不要再傷害自己的啃啃了
請珍惜"
ren.12.34,山腳肥貓,好想，大便,2025-12-27 18:11,"不要再傷害自己的啃啃了
請珍惜"
ren.12.34,山腳肥貓,我昨天忘記交作業就是這樣的,2025-12-27 15:30,"不要再傷害自己的啃啃了
請珍惜"
ren.12.34,山腳肥貓,在女校待久了太習慣了,2025-12-27 13:27,"不要再傷害自己的啃啃了
請珍惜"
ren.12.34,山腳肥貓,忘記帶髮圈了,2025-12-27 12:15,"不要再傷害自己的啃啃了
請珍惜"
ren.12.34,山腳肥貓,"幹怎麼又有人按讚這篇啦
現在也談不到啦！",2025-12-27 11:21,"不要再傷害自己的啃啃了
請珍惜"
ren.12.34,山腳肥貓,欸感覺香香，想吃，我超喜歡吃大白菜,2025-12-27 11:13,"不要再傷害自己的啃啃了
請珍惜"
ren.12.34,山腳肥貓,他一個大跳，把氣氛拉到最大,2025-12-27 11:12,"不要再傷害自己的啃啃了
請珍惜"
ren.12.34,山腳肥貓,北七喔幹超級好笑,2025-12-27 11:05,"不要再傷害自己的啃啃了
請珍惜"
ren.12.34,山腳肥貓,欸好可愛喔,2025-12-27 11:00,"不要再傷害自己的啃啃了
請珍惜"
ren.12.34,山腳肥貓,這輩子鍾愛眼鏡男謝謝,2025-12-26 23:42,"不要再傷害自己的啃啃了
請珍惜"
ren.12.34,山腳肥貓,可能今年也談不到🚬🚬ㄏㄏ,2025-12-26 23:30,"不要再傷害自己的啃啃了
請珍惜"
ren.12.34,山腳肥貓,眼睛好乾，我要埋在暖暖的懷裡撒嬌,2025-12-26 23:26,"不要再傷害自己的啃啃了
請珍惜"
ren.12.34,山腳肥貓,"你继续听你的JM
跨年别人看烟花亲嘴
你跑到他们面前
问他们听不听JM",2025-12-26 17:25,"不要再傷害自己的啃啃了
請珍惜"
ren.12.34,山腳肥貓,我聽力全對，誇我,2025-12-26 14:41,"不要再傷害自己的啃啃了
請珍惜"
ren.12.34,山腳肥貓,……棉條讓我一直想尿尿但是蹲下來尿道被壓住,2025-12-26 12:32,"不要再傷害自己的啃啃了
請珍惜"
ren.12.34,山腳肥貓,我肚子好痛😭😭😭😭😭為什麼生理假只有一天😭😭😭😭😭,2025-12-26 10:54,"不要再傷害自己的啃啃了
請珍惜"
ren.12.34,山腳肥貓,欸遊子本人蠻可愛的ㄏㄏ,2025-12-26 09:32,"不要再傷害自己的啃啃了
請珍惜"
ren.12.34,山腳肥貓,好的,2025-12-26 07:39,"不要再傷害自己的啃啃了
請珍惜"
ren.12.34,山腳肥貓,感覺其實還是要了解完價值觀再決定關係,2025-12-26 06:10,"不要再傷害自己的啃啃了
請珍惜"
ren.12.34,山腳肥貓,早安各位,2025-12-26 04:43,"不要再傷害自己的啃啃了
請珍惜"
ren.12.34,山腳肥貓,……我胸跟肚子都好痛,2025-12-25 22:36,"不要再傷害自己的啃啃了
請珍惜"
ren.12.34,山腳肥貓,可能會導致活著,2025-12-25 19:09,"不要再傷害自己的啃啃了
請珍惜"
ren.12.34,山腳肥貓,白癡我剛剛沒看完就轉發了，我是白癡,2025-12-25 18:48,"不要再傷害自己的啃啃了
請珍惜"
ren.12.34,山腳肥貓,再次許願,2025-12-25 14:01,"不要再傷害自己的啃啃了
請珍惜"
ren.12.34,山腳肥貓,"好煩
每次做惡夢都會讓我整天的心情都爛炸",2025-12-25 13:46,"不要再傷害自己的啃啃了
請珍惜"
ren.12.34,山腳肥貓,幹誰讓她畢業的,2025-12-25 02:41,"不要再傷害自己的啃啃了
請珍惜"
ren.12.34,山腳肥貓,互可好可愛😭😭,2025-12-25 00:52,"不要再傷害自己的啃啃了
請珍惜"
ren.12.34,山腳肥貓,離跨年還有7天 今天一起跨年嗎？,2025-12-24 19:31,"不要再傷害自己的啃啃了
請珍惜"
ren.12.34,山腳肥貓,好喜歡文鳥😭,2025-12-24 18:18,"不要再傷害自己的啃啃了
請珍惜"
ren.12.34,山腳肥貓,發現大家成績都很好，就我在爛,2025-12-24 17:01,"不要再傷害自己的啃啃了
請珍惜"
ren.12.34,山腳肥貓,ㄏㄏ我再回去考一次會考可能考不上現在這間學校（如果分數線跟去年一樣的話）,2025-12-24 16:52,"不要再傷害自己的啃啃了
請珍惜"
ren.12.34,山腳肥貓,賽鴿辯題：烤乳鴿,2025-12-24 15:55,"不要再傷害自己的啃啃了
請珍惜"
ren.12.34,山腳肥貓,🚬🚬真是夠了😭,2025-12-23 21:06,"不要再傷害自己的啃啃了
請珍惜"
ren.12.34,山腳肥貓,靠北喔😭,2025-12-23 19:20,"不要再傷害自己的啃啃了
請珍惜"
ren.12.34,山腳肥貓,幹幹幹幹幹在打比賽我好緊張,2025-12-23 18:49,"不要再傷害自己的啃啃了
請珍惜"
ren.12.34,山腳肥貓,我就這樣J🫩,2025-12-23 00:49,"不要再傷害自己的啃啃了
請珍惜"
ren.12.34,山腳肥貓,我好睏，草,2025-12-22 22:39,"不要再傷害自己的啃啃了
請珍惜"
ren.12.34,山腳肥貓,、、、震驚到,2025-12-22 18:25,"不要再傷害自己的啃啃了
請珍惜"
ren.12.34,山腳肥貓,因為所有殺人犯都有吃過飯所以我們應該禁止民眾吃飯！,2025-12-22 16:59,"不要再傷害自己的啃啃了
請珍惜"
ren.12.34,山腳肥貓,幹好爛喔，為什麼我親愛的人要被這種爛人搞到心情不好，都高中了還不懂人情世故或者是非對錯嗎,2025-12-22 16:57,"不要再傷害自己的啃啃了
請珍惜"
ren.12.34,山腳肥貓,？我朋友說他會射得比我還要遠,2025-12-22 13:50,"不要再傷害自己的啃啃了
請珍惜"
ren.12.34,山腳肥貓,好想休息想休息想休學想休息想休學休息休學休息休學休學休息休學休學休息休息,2025-12-22 01:45,"不要再傷害自己的啃啃了
請珍惜"
ren.12.34,山腳肥貓,幹現在12/22號了……有夠焦慮，根本讀不完,2025-12-22 01:40,"不要再傷害自己的啃啃了
請珍惜"
ren.12.34,山腳肥貓,同學們你們覺得我今晚要不要睡呢？,2025-12-22 01:07,"不要再傷害自己的啃啃了
請珍惜"
ren.12.34,山腳肥貓,到一點還有4個半小時，先去洗澡，等下要寫功課然後讀一下書,2025-12-21 20:43,"不要再傷害自己的啃啃了
請珍惜"
ren.12.34,山腳肥貓,嚇死我，第一個反應是家暴,2025-12-21 11:50,"不要再傷害自己的啃啃了
請珍惜"
ren.12.34,山腳肥貓,白癡喔用舊相機翻到前任照片，秒刪，照片裡只能裝美麗的我,2025-12-21 10:22,"不要再傷害自己的啃啃了
請珍惜"
ren.12.34,山腳肥貓,好幸福的感覺……,2025-12-21 07:28,"不要再傷害自己的啃啃了
請珍惜"
ren.12.34,山腳肥貓,"白癡喔嚇死人，超好笑，友看
看起來像中邪",2025-12-21 00:12,"不要再傷害自己的啃啃了
請珍惜"
ren.12.34,山腳肥貓,抱歉各位，最後再織12天，今年就不織了,2025-12-20 20:02,"不要再傷害自己的啃啃了
請珍惜"
ren.12.34,山腳肥貓,害又要5點起床寫作業,2025-12-20 20:01,"不要再傷害自己的啃啃了
請珍惜"
ren.12.34,山腳肥貓,到底是什麼腦麻啊我也單名啊，單名的惹到誰了，要這樣搞戒嚴喔？,2025-12-20 17:03,"不要再傷害自己的啃啃了
請珍惜"
ren.12.34,山腳肥貓,好想剪頭髮,2025-12-20 02:13,"不要再傷害自己的啃啃了
請珍惜"
ren.12.34,山腳肥貓,我之前國中的時候都會在口袋裡放美工刀（比較大一點那種）大家都要保護好自己,2025-12-20 01:10,"不要再傷害自己的啃啃了
請珍惜"
ren.12.34,山腳肥貓,安心多了……是說我今天下課好像沒注意到,2025-12-20 01:09,"不要再傷害自己的啃啃了
請珍惜"
ren.12.34,山腳肥貓,真的好恐怖……想到自己每次遇到怪人那類的眼淚都快掉下來了，更別說真的遇到這種事的人,2025-12-20 01:08,"不要再傷害自己的啃啃了
請珍惜"
ren.12.34,山腳肥貓,。堅持不暈直女,2025-12-20 01:04,"不要再傷害自己的啃啃了
請珍惜"
ren.12.34,山腳肥貓,哪個弱智再給我開這種玩笑或說風涼話，就代替受害者去死一死,2025-12-19 22:44,"不要再傷害自己的啃啃了
請珍惜"
ren.12.34,山腳肥貓,好想哭，為什麼這麼容易沒有安全感,2025-12-19 22:32,"不要再傷害自己的啃啃了
請珍惜"
ren.12.34,山腳肥貓,好可怕……很害怕我愛的人們會不會只是上路買個飯或逛街什麼的就這樣受到攻擊然後不治身亡,2025-12-19 22:14,"不要再傷害自己的啃啃了
請珍惜"
ren.12.34,山腳肥貓,擄鴿勒贖🫨（不要再演辯ㄌ）,2025-12-19 17:21,"不要再傷害自己的啃啃了
請珍惜"
ren.12.34,山腳肥貓,我到底是想哭還是怎樣,2025-12-19 17:15,"不要再傷害自己的啃啃了
請珍惜"
ren.12.34,山腳肥貓,"@hzy_ethan.0913
@hzy_ethan.0913
你轉發這個什麼意思，不怕我吃飯吃到一半哭出來嗎",2025-12-19 17:11,"不要再傷害自己的啃啃了
請珍惜"
ren.12.34,山腳肥貓,在吃一家很好吃的牛肉麵，友列可以來火車站附近找我,2025-12-19 16:59,"不要再傷害自己的啃啃了
請珍惜"
stanley_09.19,Tien Tien Chen,"可惡！！！！！！最新詐騙手法。
沒有顯示你的車號都是詐騙！！！！！！！
#已經和遠通客服人員確認過",2025-12-22 12:57,＃美食 ＃羽球 ＃美麗事物
stanley_09.19,Tien Tien Chen,koc.com.tw/archi…,2025-12-21 11:21,＃美食 ＃羽球 ＃美麗事物
stanley_09.19,Tien Tien Chen,"第一張-中山、淡江合影
第二張-交大、淡江合影",2025-12-21 10:04,＃美食 ＃羽球 ＃美麗事物
stanley_09.19,Tien Tien Chen,"感謝主辦單位辛苦籌辦，希望明年相約再見❤️
#東海大學數學",2025-12-21 07:27,＃美食 ＃羽球 ＃美麗事物
stanley_09.19,Tien Tien Chen,下午對上東吳,2025-12-20 12:55,＃美食 ＃羽球 ＃美麗事物
stanley_09.19,Tien Tien Chen,"累斃了！😅😅😅
#必須服老 #淡江數學必勝",2025-12-20 12:03,＃美食 ＃羽球 ＃美麗事物
stanley_09.19,Tien Tien Chen,"大數盃ob排球賽
#臺中弘光科大",2025-12-20 07:23,＃美食 ＃羽球 ＃美麗事物
stanley_09.19,Tien Tien Chen,"預告什麼東西？是要威脅誰啊？你敢說誰上任就一定保證做得好嗎？
立法委員是很厲害嗎？全台就你們最吵",2025-12-18 12:27,＃美食 ＃羽球 ＃美麗事物
linclaireee,linclaireee,"人生夢想
在家裡的木頭餐桌上吃泡麵配電視
養一隻貓一隻狗
遠離人類",2025-12-30 12:58,我就這樣
linclaireee,linclaireee,這我,2025-12-29 01:38,我就這樣
linclaireee,linclaireee,當自己相簿在發😌,2025-12-22 17:55,我就這樣
linclaireee,linclaireee,每次問ChatGPT事情都要一直問它是不是在瞎掰跟他要reference 是我真的被騙怕了還是本死女真的生性多疑,2025-12-18 02:26,我就這樣
love_cute._.draw,破爛選手,"啊啊啊啊啊啊啊啊啊啊
祝 菲林斯 聖誕快樂❗️
這張畫了兩個月😭不可能沒人看吧",2025-12-25 11:23,"我是一位以後一定要擁有一間公司的人！！
我要去加拿大念插畫
我一定會有自己的品牌的
.
.
也希望憂鬱症能趕快好
不然活的很累"
love_cute._.draw,破爛選手,這幾天的我,2025-12-24 18:26,"我是一位以後一定要擁有一間公司的人！！
我要去加拿大念插畫
我一定會有自己的品牌的
.
.
也希望憂鬱症能趕快好
不然活的很累"
love_cute._.draw,破爛選手,"看完阿凡達3的感想
蜘蛛得了mvp
第四季預測：上校爬上來了",2025-12-22 13:18,"我是一位以後一定要擁有一間公司的人！！
我要去加拿大念插畫
我一定會有自己的品牌的
.
.
也希望憂鬱症能趕快好
不然活的很累"
love_cute._.draw,破爛選手,"麻麻提前買的蛋糕嘿嘿
好開心呀",2025-12-20 13:55,"我是一位以後一定要擁有一間公司的人！！
我要去加拿大念插畫
我一定會有自己的品牌的
.
.
也希望憂鬱症能趕快好
不然活的很累"
love_cute._.draw,破爛選手,"天吶‼️
中山站那個好恐怖
我每個禮拜都會有一兩天去逛街吃飯
好恐怖啊啊啊啊啊
希望你們都好好的😭",2025-12-19 20:36,"我是一位以後一定要擁有一間公司的人！！
我要去加拿大念插畫
我一定會有自己的品牌的
.
.
也希望憂鬱症能趕快好
不然活的很累"
love_cute._.draw,破爛選手,"這是我國中畫的
美術課的時候第一次接觸到纏繞畫就很喜歡，然後我就愛上畫畫啦❗️❗️❗️",2025-12-19 16:38,"我是一位以後一定要擁有一間公司的人！！
我要去加拿大念插畫
我一定會有自己的品牌的
.
.
也希望憂鬱症能趕快好
不然活的很累"
love_cute._.draw,破爛選手,"6天前的我跟現在的我不一樣了
我有136個粉絲啦😄",2025-12-19 11:06,"我是一位以後一定要擁有一間公司的人！！
我要去加拿大念插畫
我一定會有自己的品牌的
.
.
也希望憂鬱症能趕快好
不然活的很累"
love_cute._.draw,破爛選手,"對不起麻麻😀
.
.
.
.
.
其實是我一個人吃的，而且很好吃呦",2025-12-18 17:29,"我是一位以後一定要擁有一間公司的人！！
我要去加拿大念插畫
我一定會有自己的品牌的
.
.
也希望憂鬱症能趕快好
不然活的很累"
love_cute._.draw,破爛選手,"想看誰的
同人圖
呢
可以留言告訴我歐",2025-12-18 16:53,"我是一位以後一定要擁有一間公司的人！！
我要去加拿大念插畫
我一定會有自己的品牌的
.
.
也希望憂鬱症能趕快好
不然活的很累"
love_cute._.draw,破爛選手,"快速畫完草稿
是原神的奈芙爾😤
跟你們說個秘密
我就算已經吃藥了今天心情還是很差",2025-12-18 11:03,"我是一位以後一定要擁有一間公司的人！！
我要去加拿大念插畫
我一定會有自己的品牌的
.
.
也希望憂鬱症能趕快好
不然活的很累"
love_cute._.draw,破爛選手,耶耶❗️是蕾潔,2025-12-17 20:35,"我是一位以後一定要擁有一間公司的人！！
我要去加拿大念插畫
我一定會有自己的品牌的
.
.
也希望憂鬱症能趕快好
不然活的很累"
love_cute._.draw,破爛選手,"這顆是我上學期畫的色鉛筆骷顱頭
.
用顆好奇怪😳
走過路過不要錯過❗️❗️❗️💥
看一下追蹤一下在走😤",2025-12-17 20:34,"我是一位以後一定要擁有一間公司的人！！
我要去加拿大念插畫
我一定會有自己的品牌的
.
.
也希望憂鬱症能趕快好
不然活的很累"
existence.in_disorder,我在夜裡死去,跨年誰在吃葡萄，我直接吞12顆戀多眠,2025-12-31 17:21,"我 無聲佔有 無聲回應
我 無所保留 無所遁形"
existence.in_disorder,我在夜裡死去,明年不會更好，永遠都是那麼爛。,2025-12-31 04:32,"我 無聲佔有 無聲回應
我 無所保留 無所遁形"
existence.in_disorder,我在夜裡死去,打倒三明治新歌好讚。,2025-12-31 01:47,"我 無聲佔有 無聲回應
我 無所保留 無所遁形"
existence.in_disorder,我在夜裡死去,"今天回家歌單
無妄合作社-神的孩子都在摔跤
無妄合作社-二十一世紀的破青年
無妄合作社-在圍城時與你失散
上山-存在活著本就圓滿
上山-水往上流
上山-山文山
上山-得到平靜
上山-自顧自
上山-還是成為了這樣的人
上山-我愛的人",2025-12-30 17:12,"我 無聲佔有 無聲回應
我 無所保留 無所遁形"
existence.in_disorder,我在夜裡死去,歌單崩潰仔。,2025-12-30 15:28,"我 無聲佔有 無聲回應
我 無所保留 無所遁形"
existence.in_disorder,我在夜裡死去,"倚牆而生的書之脊骨
書架貼牆而立，成了文字的港口。
書頁沿牆排隊，宛如無聲的回憶。",2025-12-30 01:28,"我 無聲佔有 無聲回應
我 無所保留 無所遁形"
existence.in_disorder,我在夜裡死去,錯過妳是我一輩子的惋惜,2025-12-30 00:07,"我 無聲佔有 無聲回應
我 無所保留 無所遁形"
existence.in_disorder,我在夜裡死去,一隻土狗在天上飛,2025-12-29 18:43,"我 無聲佔有 無聲回應
我 無所保留 無所遁形"
existence.in_disorder,我在夜裡死去,半天都在滑脆,2025-12-29 15:35,"我 無聲佔有 無聲回應
我 無所保留 無所遁形"
existence.in_disorder,我在夜裡死去,因為我在乎,2025-12-29 00:15,"我 無聲佔有 無聲回應
我 無所保留 無所遁形"
existence.in_disorder,我在夜裡死去,"今天回家歌單
庸俗救星-夢醒時分（滾石撞樂隊2）
楊世暄-窗Absence
草東沒有派對-艾瑪
草東沒有派對-等
草東沒有派對-八
草東沒有派對-老張
草東沒有派對-空
草東沒有派對-鬼",2025-12-28 22:26,"我 無聲佔有 無聲回應
我 無所保留 無所遁形"
existence.in_disorder,我在夜裡死去,我什麼都做不好，死掉算了。,2025-12-28 00:31,"我 無聲佔有 無聲回應
我 無所保留 無所遁形"
existence.in_disorder,我在夜裡死去,台灣平安。,2025-12-27 23:19,"我 無聲佔有 無聲回應
我 無所保留 無所遁形"
existence.in_disorder,我在夜裡死去,誰在大跳啦。,2025-12-27 23:10,"我 無聲佔有 無聲回應
我 無所保留 無所遁形"
existence.in_disorder,我在夜裡死去,"今天回家歌單
FORMOZA-世界現狀
FORMOZA-愛
FORMOZA-MAZE
無妄合作社-人造人之歌
無妄合作社-賣火柴的大酒鬼
無妄合作社-我的手不是我的手
無妄合作社-神的孩子都在摔跤
無妄合作社-天堂",2025-12-27 22:31,"我 無聲佔有 無聲回應
我 無所保留 無所遁形"
existence.in_disorder,我在夜裡死去,"你就繼續聽你的無妄合作社
別人跨年看煙火親嘴
你跑到他們面前
問他們我的手是不是我的手",2025-12-27 14:54,"我 無聲佔有 無聲回應
我 無所保留 無所遁形"
existence.in_disorder,我在夜裡死去,想躲在國道旁邊，等大貨車出來嚇它一跳,2025-12-26 15:21,"我 無聲佔有 無聲回應
我 無所保留 無所遁形"
existence.in_disorder,我在夜裡死去,第一次捲煙🥹,2025-12-25 23:12,"我 無聲佔有 無聲回應
我 無所保留 無所遁形"
existence.in_disorder,我在夜裡死去,是誰跟聖誕老人許願世界上沒有貧窮的，剛剛差點被抓走。,2025-12-25 01:43,"我 無聲佔有 無聲回應
我 無所保留 無所遁形"
existence.in_disorder,我在夜裡死去,"今天回家歌單
生命樹-黑羊
胡凱兒-菸癮
胡恂舞-路邊的野花
上山-存在無以名狀
上山-自顧自demo
上山-無所謂的意思demo
上山-得到平靜",2025-12-24 22:56,"我 無聲佔有 無聲回應
我 無所保留 無所遁形"
existence.in_disorder,我在夜裡死去,台北盆地最大的哀愁,2025-12-24 16:57,"我 無聲佔有 無聲回應
我 無所保留 無所遁形"
existence.in_disorder,我在夜裡死去,痞顏✋😭🤚,2025-12-24 16:55,"我 無聲佔有 無聲回應
我 無所保留 無所遁形"
existence.in_disorder,我在夜裡死去,這顆吃下去可以睡到放學了。,2025-12-24 08:16,"我 無聲佔有 無聲回應
我 無所保留 無所遁形"
existence.in_disorder,我在夜裡死去,雞公煲 雞公煲 經過我的胃,2025-12-24 01:03,"我 無聲佔有 無聲回應
我 無所保留 無所遁形"
existence.in_disorder,我在夜裡死去,其實我渴望被愛，但我膽小又懦弱。,2025-12-24 00:24,"我 無聲佔有 無聲回應
我 無所保留 無所遁形"
existence.in_disorder,我在夜裡死去,我就是你要找的聽上山、白頻率、眠氣、梁河懸、忘憂水、草東、康士坦、無菌室、傷心欲絕、胡凱兒、荷爾蒙少年、一種心情、南西肯恩、傻子與白癡、黃花、甜梅號、步行者、聲子蟲、晨曦光廊、阿飛西雅、話梅鹿、體熊專科、大象體操、荒山茉莉、貳伍吸菸所、企鵝熊愛吃雞肉球、Explosions in the Sky、老王樂隊、無妄合作社、deca joins 、落日飛車、溫蒂漫步、溫室雜草、hue、和平飯店、萬能青年旅店、福夢Schoolgirl Byebye、當代電影大師、Radiohead、打倒三明治、庸俗救星、甜約翰、我是機車少女、血肉果汁機、FAAS、Crescont Lament、白華、老破麻、國蛋、O.Dkizzya、質感流氓、趙翊帆、Gummy B、山姆、艾蜜莉、美秀集團、粗大band、怕胖團、的人，怎麼沒人加我呢？,2025-12-24 00:15,"我 無聲佔有 無聲回應
我 無所保留 無所遁形"
existence.in_disorder,我在夜裡死去,"今天回家歌單
落日飛車-我是一隻魚
落日飛車-Vanila
落日飛車-I Know You Know I Love You
落日飛車-bluebird
落日飛車-Summum Bonum
當代電影大師-我要殺光浪漫殺死詩
椅子樂團-日常的鏡頭
椅子樂團-Maybe Maybe
椅子樂團-Rollin’On
DSPS-You’ll See
Schoolgirl Byebye-藍夜
Hello Nico-接下來如何
溫蒂漫步-Spring Spring
溫蒂漫步-我想和你一起
溫蒂漫步-She Love Me
溫蒂漫步-Yes Today
溫蒂漫步-艾菲號
溫室雜草-那天我們看著星夜（2019 demo）
溫室雜草-我是真的愛你（滾石撞樂隊2）
溫室雜草-你迎面走來，再面無表情地離開
溫室雜草-春天有腳
溫室雜草-水槍
溫室雜草-房間
溫室雜草-學士路東",2025-12-23 17:52,"我 無聲佔有 無聲回應
我 無所保留 無所遁形"
existence.in_disorder,我在夜裡死去,"今天回家歌單
傷心欲絕-台北流浪指南
傷心欲絕-月光灑落的地方
傷心欲絕-進城
傷心欲絕-也許我見不到你了
傷心欲絕-他有三百塊
傷心欲絕-一整個世代的宿醉
傷心欲絕-親親寶貝 晚安
傷心欲絕-還給我
傷心欲絕-像一張床單一樣坦白",2025-12-22 23:18,"我 無聲佔有 無聲回應
我 無所保留 無所遁形"
existence.in_disorder,我在夜裡死去,每天都要聽一次一整個世代的宿醉,2025-12-22 17:47,"我 無聲佔有 無聲回應
我 無所保留 無所遁形"
existence.in_disorder,我在夜裡死去,"爸媽說我想死很自私
但真正自私的是你們
你們不負責任的就把我生下來受苦
我恨你們，也恨自己",2025-12-22 02:12,"我 無聲佔有 無聲回應
我 無所保留 無所遁形"
existence.in_disorder,我在夜裡死去,"唯一活著的動力就是要聽到草東沒有派對的現場
但這股動力，漸漸消散
存在的氣息，逐漸衰弱
快撐不住了…好想離開這世界
該怎麼面對明天，甚至未來，非常迷茫且無助",2025-12-22 02:07,"我 無聲佔有 無聲回應
我 無所保留 無所遁形"
existence.in_disorder,我在夜裡死去,養不起就別生，自私的人,2025-12-22 01:14,"我 無聲佔有 無聲回應
我 無所保留 無所遁形"
existence.in_disorder,我在夜裡死去,"今天回家歌單
質感流氓-愛情跟麵包抱歉我選
國蛋-飛行少女Gina
Gummy B-石橋
趙翊帆-紫花海
Marz23-我不是饒舌歌手
Someshiit 山姆-杜甫他不知道恐龍曾經存在
溫蒂漫步-不夜城
溫蒂漫步-愛的陷阱
溫蒂漫步-愛到宇宙爆開
溫蒂漫步-明白我的心
打倒三明治-浪漫人渣
打倒三明治-夜走
荷爾蒙少年-141.44
我是機車少女-Lest Summer（月亮惹的禍）
我是機車少女-新不了情（滾石撞樂隊2）
椅子樂團-Rollin’On
落日飛車-我是一隻魚
落日飛車-Bluebird 
我是機車少女-Yume
梁河懸-淋時陣雨
梁河懸-這麼快
盧廣仲-我愛你
盧廣仲-愚人節快樂",2025-12-20 17:54,"我 無聲佔有 無聲回應
我 無所保留 無所遁形"
existence.in_disorder,我在夜裡死去,我是廢物,2025-12-20 02:00,"我 無聲佔有 無聲回應
我 無所保留 無所遁形"
existence.in_disorder,我在夜裡死去,不常用YouTube Music 但這幾首是真的愛❤️,2025-12-20 01:15,"我 無聲佔有 無聲回應
我 無所保留 無所遁形"
existence.in_disorder,我在夜裡死去,睡過頭，死定了。,2025-12-19 08:40,"我 無聲佔有 無聲回應
我 無所保留 無所遁形"
existence.in_disorder,我在夜裡死去,"今天回家歌單
荷爾蒙少年-4:00A.M.
上山-無所謂的意思demo
上山-得到平靜
南西肯恩-大海",2025-12-18 23:55,"我 無聲佔有 無聲回應
我 無所保留 無所遁形"
existence.in_disorder,我在夜裡死去,"今天回家歌單
梁河懸-淋時陣雨
梁河懸-Truly desire 
梁河懸-Losing My Way
怕胖團-後照鏡
怕胖團-月旁月光",2025-12-17 22:45,"我 無聲佔有 無聲回應
我 無所保留 無所遁形"
mitsuioutletpark_taichungport,MITSUI OUTLET PARK 台中港,"今天開幕了🎊🎊
今天內用拉麵買一送一🍜
12/24～2026/1/2
內用享88折
快約朋友來吃吧🥹🥹🥹",2025-12-23 11:08,"擁有無敵海景的日系Outlet🎡
鄰近有最美夕陽的「#高美濕地 🌅」
購物🛍️娛樂🎡美食🍰 一次滿足 sea you soon 
歡迎標記@mitsuioutletpark_taichungport分享美照📸"
mitsuioutletpark_taichungport,MITSUI OUTLET PARK 台中港,"Timberland 鞋款全面5折(原價計)
12/20(六)-12/21(日)限定‼️
歡迎來電詢問📞（04）26580638
（店舖人員可能忙碌中，請耐心等候❤️）",2025-12-20 11:57,"擁有無敵海景的日系Outlet🎡
鄰近有最美夕陽的「#高美濕地 🌅」
購物🛍️娛樂🎡美食🍰 一次滿足 sea you soon 
歡迎標記@mitsuioutletpark_taichungport分享美照📸"
mitsuioutletpark_taichungport,MITSUI OUTLET PARK 台中港,"屈臣氏快閃店‼️
即日起～2026/1/4
指定品項買一送一🥳
指定商品滿988再送精美禮品🎁
📍美食街廣場前",2025-12-19 12:22,"擁有無敵海景的日系Outlet🎡
鄰近有最美夕陽的「#高美濕地 🌅」
購物🛍️娛樂🎡美食🍰 一次滿足 sea you soon 
歡迎標記@mitsuioutletpark_taichungport分享美照📸"
wei_.huang_,𝘾𝙝𝙞𝙚𝙝,躲在桌下吃12顆葡萄可以脫單,2025-12-31 18:42,不懂別人的感覺真的沒救
wei_.huang_,𝘾𝙝𝙞𝙚𝙝,"這次地震好搖喔！！
是誰跳一下了好難猜喔",2025-12-28 16:13,不懂別人的感覺真的沒救
wei_.huang_,𝘾𝙝𝙞𝙚𝙝,"是不是朋友你就看你可不可以點到很多限動
限動
—— —— —— ——
摯友限動
- - - - - - - - - - - - - - - - - - -",2025-12-27 12:12,不懂別人的感覺真的沒救
wei_.huang_,𝘾𝙝𝙞𝙚𝙝,"2026跨年快到了！！！
跨年能約出去的朋友才是真朋友 ！",2025-12-27 11:56,不懂別人的感覺真的沒救
queen_always_beauty,女王要美麗/耳環/項鍊/戒指,"會有人喜歡我的作品嗎?
如果有，可以幫我點顆小愛心讓我知道嗎>///<?
m(_ _)m非常感謝~",2025-12-28 20:42,"我是喜愛飾品的網拍賣家，幾乎所有商品都是自己實拍😁，不用擔心跟圖片不一樣喔❤️
也喜歡自己做手作黃銅飾品❤️
我喜歡的風格很多，如果妳和我一樣什麼都愛，歡迎來我店裡看看呦🤣🤣🤣，更歡迎來我這留言分享妳們的新歡😁😁😁
❤️手作飾品統一於賣貨便出售
❤️流行飾品麻煩到蝦皮搜尋女王要美麗賣場"
queen_always_beauty,女王要美麗/耳環/項鍊/戒指,偶爾也晒晒皮皮崽(ฅ´ω`ฅ),2025-12-28 18:29,"我是喜愛飾品的網拍賣家，幾乎所有商品都是自己實拍😁，不用擔心跟圖片不一樣喔❤️
也喜歡自己做手作黃銅飾品❤️
我喜歡的風格很多，如果妳和我一樣什麼都愛，歡迎來我店裡看看呦🤣🤣🤣，更歡迎來我這留言分享妳們的新歡😁😁😁
❤️手作飾品統一於賣貨便出售
❤️流行飾品麻煩到蝦皮搜尋女王要美麗賣場"
queen_always_beauty,女王要美麗/耳環/項鍊/戒指,嚇死我了，正蹲馬桶準備睡前尿尿的說🥺,2025-12-27 23:10,"我是喜愛飾品的網拍賣家，幾乎所有商品都是自己實拍😁，不用擔心跟圖片不一樣喔❤️
也喜歡自己做手作黃銅飾品❤️
我喜歡的風格很多，如果妳和我一樣什麼都愛，歡迎來我店裡看看呦🤣🤣🤣，更歡迎來我這留言分享妳們的新歡😁😁😁
❤️手作飾品統一於賣貨便出售
❤️流行飾品麻煩到蝦皮搜尋女王要美麗賣場"
queen_always_beauty,女王要美麗/耳環/項鍊/戒指,最近這兩天的溫度，對怕冷星球的我而言簡直是酷刑QAQ,2025-12-27 20:22,"我是喜愛飾品的網拍賣家，幾乎所有商品都是自己實拍😁，不用擔心跟圖片不一樣喔❤️
也喜歡自己做手作黃銅飾品❤️
我喜歡的風格很多，如果妳和我一樣什麼都愛，歡迎來我店裡看看呦🤣🤣🤣，更歡迎來我這留言分享妳們的新歡😁😁😁
❤️手作飾品統一於賣貨便出售
❤️流行飾品麻煩到蝦皮搜尋女王要美麗賣場"
queen_always_beauty,女王要美麗/耳環/項鍊/戒指,嗯，望周知🥲，這條路只能機車進入喔,2025-12-26 08:37,"我是喜愛飾品的網拍賣家，幾乎所有商品都是自己實拍😁，不用擔心跟圖片不一樣喔❤️
也喜歡自己做手作黃銅飾品❤️
我喜歡的風格很多，如果妳和我一樣什麼都愛，歡迎來我店裡看看呦🤣🤣🤣，更歡迎來我這留言分享妳們的新歡😁😁😁
❤️手作飾品統一於賣貨便出售
❤️流行飾品麻煩到蝦皮搜尋女王要美麗賣場"
queen_always_beauty,女王要美麗/耳環/項鍊/戒指,"今日累積成品進度....0.....
金屬線編織.......失敗6~7次......🙃🥹",2025-12-25 20:42,"我是喜愛飾品的網拍賣家，幾乎所有商品都是自己實拍😁，不用擔心跟圖片不一樣喔❤️
也喜歡自己做手作黃銅飾品❤️
我喜歡的風格很多，如果妳和我一樣什麼都愛，歡迎來我店裡看看呦🤣🤣🤣，更歡迎來我這留言分享妳們的新歡😁😁😁
❤️手作飾品統一於賣貨便出售
❤️流行飾品麻煩到蝦皮搜尋女王要美麗賣場"
queen_always_beauty,女王要美麗/耳環/項鍊/戒指,感謝樓上好鄰居送的聖誕禮物❤️，祝福妳平安喜樂,2025-12-25 12:57,"我是喜愛飾品的網拍賣家，幾乎所有商品都是自己實拍😁，不用擔心跟圖片不一樣喔❤️
也喜歡自己做手作黃銅飾品❤️
我喜歡的風格很多，如果妳和我一樣什麼都愛，歡迎來我店裡看看呦🤣🤣🤣，更歡迎來我這留言分享妳們的新歡😁😁😁
❤️手作飾品統一於賣貨便出售
❤️流行飾品麻煩到蝦皮搜尋女王要美麗賣場"
queen_always_beauty,女王要美麗/耳環/項鍊/戒指,"一早上又失敗了三次金屬線編織，
每一次的失敗，都會讓自己獲得一點點的經驗值，
我不聰明，但我可以努力😊
跟我一樣的手作人～來吧，一起為自己加油打氣💪",2025-12-25 12:54,"我是喜愛飾品的網拍賣家，幾乎所有商品都是自己實拍😁，不用擔心跟圖片不一樣喔❤️
也喜歡自己做手作黃銅飾品❤️
我喜歡的風格很多，如果妳和我一樣什麼都愛，歡迎來我店裡看看呦🤣🤣🤣，更歡迎來我這留言分享妳們的新歡😁😁😁
❤️手作飾品統一於賣貨便出售
❤️流行飾品麻煩到蝦皮搜尋女王要美麗賣場"
queen_always_beauty,女王要美麗/耳環/項鍊/戒指,這串樓的留言也太好笑了....噴飯啊,2025-12-24 21:51,"我是喜愛飾品的網拍賣家，幾乎所有商品都是自己實拍😁，不用擔心跟圖片不一樣喔❤️
也喜歡自己做手作黃銅飾品❤️
我喜歡的風格很多，如果妳和我一樣什麼都愛，歡迎來我店裡看看呦🤣🤣🤣，更歡迎來我這留言分享妳們的新歡😁😁😁
❤️手作飾品統一於賣貨便出售
❤️流行飾品麻煩到蝦皮搜尋女王要美麗賣場"
queen_always_beauty,女王要美麗/耳環/項鍊/戒指,手機警報響起，立刻大叫公子，然後母子很有默契的分別躲在不同的堅固桌子底下😎,2025-12-24 17:54,"我是喜愛飾品的網拍賣家，幾乎所有商品都是自己實拍😁，不用擔心跟圖片不一樣喔❤️
也喜歡自己做手作黃銅飾品❤️
我喜歡的風格很多，如果妳和我一樣什麼都愛，歡迎來我店裡看看呦🤣🤣🤣，更歡迎來我這留言分享妳們的新歡😁😁😁
❤️手作飾品統一於賣貨便出售
❤️流行飾品麻煩到蝦皮搜尋女王要美麗賣場"
queen_always_beauty,女王要美麗/耳環/項鍊/戒指,"今天出門中轉北車，
看到員警們一段距離就要放一個人盯守，
感覺基層員警真的很辛苦，
明明北車那麼大，人潮那麼多，很難每個地方都嚴防死守，
但他們就是得站在那裡，為大家的安全多一份保障
今天是聖誕夜，謝謝你們這麼努力，讓大家有個平安夜，記得也要休息，畢竟你們也有家人。",2025-12-24 17:45,"我是喜愛飾品的網拍賣家，幾乎所有商品都是自己實拍😁，不用擔心跟圖片不一樣喔❤️
也喜歡自己做手作黃銅飾品❤️
我喜歡的風格很多，如果妳和我一樣什麼都愛，歡迎來我店裡看看呦🤣🤣🤣，更歡迎來我這留言分享妳們的新歡😁😁😁
❤️手作飾品統一於賣貨便出售
❤️流行飾品麻煩到蝦皮搜尋女王要美麗賣場"
queen_always_beauty,女王要美麗/耳環/項鍊/戒指,"【客人以為的手作可以便宜成本】
材料＋時薪（甚至不讓你算時薪）
【實際手作人的大量隱形成本】（真的入坑的手作人才懂😎）
1. 找【可以用的材料】（蛤？不是網路下單就好？／您可以試試😎）
2. 學習技能（蛤？不是組裝就好？／您可以試試😎）
3. 倉儲成本，包含材料及成品（蛤？不是手作的？為什麼成品會變庫存？啊材料不就放著？是有什麼倉儲成本？您可以試試😎）
4. 曝光及販售成本，包含貼文，上架及要不要買廣告，要不要架官網，要不要寄賣，要不要擺攤（蛤？發個貼文是要多少時間？不是廣告買下去就有訂單了？騙笑ａ～／您可以試試😎）
5. 工具替換成本（蛤？工具是要什麼錢？／您可以試試😎）
魔鬼都藏在細節裡，歡迎客人們來試😎",2025-12-24 17:19,"我是喜愛飾品的網拍賣家，幾乎所有商品都是自己實拍😁，不用擔心跟圖片不一樣喔❤️
也喜歡自己做手作黃銅飾品❤️
我喜歡的風格很多，如果妳和我一樣什麼都愛，歡迎來我店裡看看呦🤣🤣🤣，更歡迎來我這留言分享妳們的新歡😁😁😁
❤️手作飾品統一於賣貨便出售
❤️流行飾品麻煩到蝦皮搜尋女王要美麗賣場"
queen_always_beauty,女王要美麗/耳環/項鍊/戒指,嫂子生日做了一顆吊墜給她，幸好她很喜歡(ฅ´ω`ฅ),2025-12-24 13:17,"我是喜愛飾品的網拍賣家，幾乎所有商品都是自己實拍😁，不用擔心跟圖片不一樣喔❤️
也喜歡自己做手作黃銅飾品❤️
我喜歡的風格很多，如果妳和我一樣什麼都愛，歡迎來我店裡看看呦🤣🤣🤣，更歡迎來我這留言分享妳們的新歡😁😁😁
❤️手作飾品統一於賣貨便出售
❤️流行飾品麻煩到蝦皮搜尋女王要美麗賣場"
queen_always_beauty,女王要美麗/耳環/項鍊/戒指,出太陽了!!!!!汐止同胞們~快出來曬曬啊~,2025-12-23 10:50,"我是喜愛飾品的網拍賣家，幾乎所有商品都是自己實拍😁，不用擔心跟圖片不一樣喔❤️
也喜歡自己做手作黃銅飾品❤️
我喜歡的風格很多，如果妳和我一樣什麼都愛，歡迎來我店裡看看呦🤣🤣🤣，更歡迎來我這留言分享妳們的新歡😁😁😁
❤️手作飾品統一於賣貨便出售
❤️流行飾品麻煩到蝦皮搜尋女王要美麗賣場"
queen_always_beauty,女王要美麗/耳環/項鍊/戒指,"差點忘了今天的手作飾品推文ｏ．ｏ
這款簡單低調，推薦給不喜歡複雜飾品的姑娘們🥰",2025-12-22 21:28,"我是喜愛飾品的網拍賣家，幾乎所有商品都是自己實拍😁，不用擔心跟圖片不一樣喔❤️
也喜歡自己做手作黃銅飾品❤️
我喜歡的風格很多，如果妳和我一樣什麼都愛，歡迎來我店裡看看呦🤣🤣🤣，更歡迎來我這留言分享妳們的新歡😁😁😁
❤️手作飾品統一於賣貨便出售
❤️流行飾品麻煩到蝦皮搜尋女王要美麗賣場"
queen_always_beauty,女王要美麗/耳環/項鍊/戒指,"最近海快真的塞到爆.......
12/13出的庫....剛才忍不住問客服...
他說最快也要下下週才能清關，現在連船都還沒上.....
各位~如果年前沒有急用的東西，就不要運了，真的超塞QAQ",2025-12-21 20:58,"我是喜愛飾品的網拍賣家，幾乎所有商品都是自己實拍😁，不用擔心跟圖片不一樣喔❤️
也喜歡自己做手作黃銅飾品❤️
我喜歡的風格很多，如果妳和我一樣什麼都愛，歡迎來我店裡看看呦🤣🤣🤣，更歡迎來我這留言分享妳們的新歡😁😁😁
❤️手作飾品統一於賣貨便出售
❤️流行飾品麻煩到蝦皮搜尋女王要美麗賣場"
queen_always_beauty,女王要美麗/耳環/項鍊/戒指,"店名：【喵來喵去】
在Threads發現的貓咪咖啡店，剛好這週末回宜蘭就去看看。
店的位置在一般住家的路邊，附近有停車場，店面裝潢很溫馨可愛，都是大片透明玻璃，所以感覺很明亮。
進門有分兩道門，防止貓咪跑出去，進去前要先換店家準備的拖鞋。
這次老公兒子點了黑森林蛋糕、重乳酪蛋糕還有我的波士頓派，有吃到老公的重乳酪，超好吃❤️！波士頓派不會很甜。
店裡有8隻貓，都是闆娘認養或是餵一餵就收編的浪浪，不是每隻都親人，有一隻很有趣，很怕生，但不敢反抗，兩隻黑貓都特別親人可愛，還有其他兩隻也很親人，但忘了名字XD，老闆娘也很疼愛貓貓們，怕生的不會強迫牠們待客，有時候會放牠們回工作室休息。
臨走結帳時，老公想試試鹹派，就外帶回家，放冰箱裡，
隔天早上是週日氣炸鍋熱一熱當早餐，沒想到鹹派居然超好吃❤️，料很紮實，大推！（我以前超抗拒吃鹹派的，覺得它們是恐怖的東西），下次回宜蘭我還要再去買😋
平日來的話應該是很不錯的選擇，店內消費以咖啡店來說也算平價，只是可惜沒有供餐，不過很適合跟愛貓的閨蜜朋友一起來這坐坐閒聊、放鬆。
@meowmeows1141206
@meowmeows1141206
謝謝闆娘款待，祝生意興隆❤️",2025-12-21 16:58,"我是喜愛飾品的網拍賣家，幾乎所有商品都是自己實拍😁，不用擔心跟圖片不一樣喔❤️
也喜歡自己做手作黃銅飾品❤️
我喜歡的風格很多，如果妳和我一樣什麼都愛，歡迎來我店裡看看呦🤣🤣🤣，更歡迎來我這留言分享妳們的新歡😁😁😁
❤️手作飾品統一於賣貨便出售
❤️流行飾品麻煩到蝦皮搜尋女王要美麗賣場"
queen_always_beauty,女王要美麗/耳環/項鍊/戒指,"今日推推的耳環~
特別喜歡它的藍色色調，可以兩種方式配戴，
用有吊墜的耳堵或是低調一點只用平常的耳堵都很好看(*´∀`)~♥",2025-12-21 13:52,"我是喜愛飾品的網拍賣家，幾乎所有商品都是自己實拍😁，不用擔心跟圖片不一樣喔❤️
也喜歡自己做手作黃銅飾品❤️
我喜歡的風格很多，如果妳和我一樣什麼都愛，歡迎來我店裡看看呦🤣🤣🤣，更歡迎來我這留言分享妳們的新歡😁😁😁
❤️手作飾品統一於賣貨便出售
❤️流行飾品麻煩到蝦皮搜尋女王要美麗賣場"
queen_always_beauty,女王要美麗/耳環/項鍊/戒指,希望大家都不要遇到，但有備無患,2025-12-21 12:47,"我是喜愛飾品的網拍賣家，幾乎所有商品都是自己實拍😁，不用擔心跟圖片不一樣喔❤️
也喜歡自己做手作黃銅飾品❤️
我喜歡的風格很多，如果妳和我一樣什麼都愛，歡迎來我店裡看看呦🤣🤣🤣，更歡迎來我這留言分享妳們的新歡😁😁😁
❤️手作飾品統一於賣貨便出售
❤️流行飾品麻煩到蝦皮搜尋女王要美麗賣場"
queen_always_beauty,女王要美麗/耳環/項鍊/戒指,皮皮真的好可愛❤️❤️❤️,2025-12-21 12:18,"我是喜愛飾品的網拍賣家，幾乎所有商品都是自己實拍😁，不用擔心跟圖片不一樣喔❤️
也喜歡自己做手作黃銅飾品❤️
我喜歡的風格很多，如果妳和我一樣什麼都愛，歡迎來我店裡看看呦🤣🤣🤣，更歡迎來我這留言分享妳們的新歡😁😁😁
❤️手作飾品統一於賣貨便出售
❤️流行飾品麻煩到蝦皮搜尋女王要美麗賣場"
queen_always_beauty,女王要美麗/耳環/項鍊/戒指,"不要吝嗇鼓勵別人，
因為那也是在為自己打氣",2025-12-20 12:54,"我是喜愛飾品的網拍賣家，幾乎所有商品都是自己實拍😁，不用擔心跟圖片不一樣喔❤️
也喜歡自己做手作黃銅飾品❤️
我喜歡的風格很多，如果妳和我一樣什麼都愛，歡迎來我店裡看看呦🤣🤣🤣，更歡迎來我這留言分享妳們的新歡😁😁😁
❤️手作飾品統一於賣貨便出售
❤️流行飾品麻煩到蝦皮搜尋女王要美麗賣場"
queen_always_beauty,女王要美麗/耳環/項鍊/戒指,"感覺無形壓力變很大，
出門都要想是不是該避開捷運站。
什麼時候開始，台灣變成這樣🥲",2025-12-20 10:35,"我是喜愛飾品的網拍賣家，幾乎所有商品都是自己實拍😁，不用擔心跟圖片不一樣喔❤️
也喜歡自己做手作黃銅飾品❤️
我喜歡的風格很多，如果妳和我一樣什麼都愛，歡迎來我店裡看看呦🤣🤣🤣，更歡迎來我這留言分享妳們的新歡😁😁😁
❤️手作飾品統一於賣貨便出售
❤️流行飾品麻煩到蝦皮搜尋女王要美麗賣場"
queen_always_beauty,女王要美麗/耳環/項鍊/戒指,"開始使用Threads後，我發現自己很久沒有在FB貼文
大概是因為，在這裡才會有想要的互動跟回應吧🤣",2025-12-20 10:31,"我是喜愛飾品的網拍賣家，幾乎所有商品都是自己實拍😁，不用擔心跟圖片不一樣喔❤️
也喜歡自己做手作黃銅飾品❤️
我喜歡的風格很多，如果妳和我一樣什麼都愛，歡迎來我店裡看看呦🤣🤣🤣，更歡迎來我這留言分享妳們的新歡😁😁😁
❤️手作飾品統一於賣貨便出售
❤️流行飾品麻煩到蝦皮搜尋女王要美麗賣場"
queen_always_beauty,女王要美麗/耳環/項鍊/戒指,"早上先曬曬自己的作品再海巡~😌
這是我的作品~歡迎大家也來這裡曬自己的作品增加曝光喔😘",2025-12-20 10:26,"我是喜愛飾品的網拍賣家，幾乎所有商品都是自己實拍😁，不用擔心跟圖片不一樣喔❤️
也喜歡自己做手作黃銅飾品❤️
我喜歡的風格很多，如果妳和我一樣什麼都愛，歡迎來我店裡看看呦🤣🤣🤣，更歡迎來我這留言分享妳們的新歡😁😁😁
❤️手作飾品統一於賣貨便出售
❤️流行飾品麻煩到蝦皮搜尋女王要美麗賣場"
queen_always_beauty,女王要美麗/耳環/項鍊/戒指,"如果別人成功了，而我還沒成功，
一定是因為我還不夠努力！
衝啊！！！！！！！！！！！！！！",2025-12-19 17:32,"我是喜愛飾品的網拍賣家，幾乎所有商品都是自己實拍😁，不用擔心跟圖片不一樣喔❤️
也喜歡自己做手作黃銅飾品❤️
我喜歡的風格很多，如果妳和我一樣什麼都愛，歡迎來我店裡看看呦🤣🤣🤣，更歡迎來我這留言分享妳們的新歡😁😁😁
❤️手作飾品統一於賣貨便出售
❤️流行飾品麻煩到蝦皮搜尋女王要美麗賣場"
queen_always_beauty,女王要美麗/耳環/項鍊/戒指,"想做一個吊墜給即將過生日的嫂子，但怎麼都不滿意🥲
今天必須寄出，好急啊😭😭😭",2025-12-19 12:30,"我是喜愛飾品的網拍賣家，幾乎所有商品都是自己實拍😁，不用擔心跟圖片不一樣喔❤️
也喜歡自己做手作黃銅飾品❤️
我喜歡的風格很多，如果妳和我一樣什麼都愛，歡迎來我店裡看看呦🤣🤣🤣，更歡迎來我這留言分享妳們的新歡😁😁😁
❤️手作飾品統一於賣貨便出售
❤️流行飾品麻煩到蝦皮搜尋女王要美麗賣場"
queen_always_beauty,女王要美麗/耳環/項鍊/戒指,"早安❤️❤️❤️
今天的我依然很棒，
努力前進❤️",2025-12-19 08:28,"我是喜愛飾品的網拍賣家，幾乎所有商品都是自己實拍😁，不用擔心跟圖片不一樣喔❤️
也喜歡自己做手作黃銅飾品❤️
我喜歡的風格很多，如果妳和我一樣什麼都愛，歡迎來我店裡看看呦🤣🤣🤣，更歡迎來我這留言分享妳們的新歡😁😁😁
❤️手作飾品統一於賣貨便出售
❤️流行飾品麻煩到蝦皮搜尋女王要美麗賣場"
queen_always_beauty,女王要美麗/耳環/項鍊/戒指,"每當看到貼文推薦很美的顏料時........我想說......
我缺的是顏料嗎?!不!我缺的是這麼會畫畫的手🥹!!!!!",2025-12-18 17:16,"我是喜愛飾品的網拍賣家，幾乎所有商品都是自己實拍😁，不用擔心跟圖片不一樣喔❤️
也喜歡自己做手作黃銅飾品❤️
我喜歡的風格很多，如果妳和我一樣什麼都愛，歡迎來我店裡看看呦🤣🤣🤣，更歡迎來我這留言分享妳們的新歡😁😁😁
❤️手作飾品統一於賣貨便出售
❤️流行飾品麻煩到蝦皮搜尋女王要美麗賣場"
queen_always_beauty,女王要美麗/耳環/項鍊/戒指,"餵精華給皮皮吃，我都感受到孩子不吃飯的母親的心情= =
尤其是愛吃不吃支著手肘躺地板的那種皮皮超想抓起來打🙂",2025-12-18 13:39,"我是喜愛飾品的網拍賣家，幾乎所有商品都是自己實拍😁，不用擔心跟圖片不一樣喔❤️
也喜歡自己做手作黃銅飾品❤️
我喜歡的風格很多，如果妳和我一樣什麼都愛，歡迎來我店裡看看呦🤣🤣🤣，更歡迎來我這留言分享妳們的新歡😁😁😁
❤️手作飾品統一於賣貨便出售
❤️流行飾品麻煩到蝦皮搜尋女王要美麗賣場"
queen_always_beauty,女王要美麗/耳環/項鍊/戒指,"這世界需要多一點善意，
少一點惡言惡語，
今天你給別人一點鼓勵，
相信來日也會有人在你無助時為你打氣，
讓你持續前行",2025-12-18 12:12,"我是喜愛飾品的網拍賣家，幾乎所有商品都是自己實拍😁，不用擔心跟圖片不一樣喔❤️
也喜歡自己做手作黃銅飾品❤️
我喜歡的風格很多，如果妳和我一樣什麼都愛，歡迎來我店裡看看呦🤣🤣🤣，更歡迎來我這留言分享妳們的新歡😁😁😁
❤️手作飾品統一於賣貨便出售
❤️流行飾品麻煩到蝦皮搜尋女王要美麗賣場"
queen_always_beauty,女王要美麗/耳環/項鍊/戒指,有什麼比早上起來發現有了一張新訂單還開心🤩🤩🤩,2025-12-18 10:40,"我是喜愛飾品的網拍賣家，幾乎所有商品都是自己實拍😁，不用擔心跟圖片不一樣喔❤️
也喜歡自己做手作黃銅飾品❤️
我喜歡的風格很多，如果妳和我一樣什麼都愛，歡迎來我店裡看看呦🤣🤣🤣，更歡迎來我這留言分享妳們的新歡😁😁😁
❤️手作飾品統一於賣貨便出售
❤️流行飾品麻煩到蝦皮搜尋女王要美麗賣場"
valac_7262,一直呀呀呀的琛硯,嗷嗚！偷偷這個墨墨,2025-12-30 22:45,沒出席沒關系，有氣息已經很棒了
valac_7262,一直呀呀呀的琛硯,網友你們怎麼全都要麼長得超漂亮要麼很有文采要麼很會畫畫要麼有各種才藝甚至以上幾種可以疊加只有我真的什麼都沒有只會每天上網看一些低智帖文和reels然後瘋狂傻笑???,2025-12-30 22:29,沒出席沒關系，有氣息已經很棒了
valac_7262,一直呀呀呀的琛硯,"我不要看手機了等等真的嘔
大家晚上見😔",2025-12-30 18:44,沒出席沒關系，有氣息已經很棒了
valac_7262,一直呀呀呀的琛硯,"地球online 
★☆☆☆☆
退游了，推銷時跟我說有很多可愛的討好型人格
放屁，都是討伐型的王八蛋",2025-12-30 18:30,沒出席沒關系，有氣息已經很棒了
valac_7262,一直呀呀呀的琛硯,我們小白也有圍巾了耶！,2025-12-30 17:55,沒出席沒關系，有氣息已經很棒了
valac_7262,一直呀呀呀的琛硯,"［注釋］
無痛反翹：表達了作者昨晚睡很好
並沒有我昨天四點多才睡五六點又被吵起來，什麼都沒睡到又稀里糊塗的到下午跑去上課
沒瘋都是老祖宗在下面幫我磕頭",2025-12-30 16:46,沒出席沒關系，有氣息已經很棒了
valac_7262,一直呀呀呀的琛硯,"你是誰啊為什麼畫畫這麼醜
哇操你畫畫這麼醜為什麼敢住在我身體裡啊
沒天沒理了啊為什麼你畫畫都這麼醜了還要住在我身體裡
哇操哇
求驅魔教程",2025-12-30 15:30,沒出席沒關系，有氣息已經很棒了
valac_7262,一直呀呀呀的琛硯,"快停這個地球昂賴好難玩我真的不想玩了
窩補藥做遊戲窩補藥窩補藥窩補藥窩補藥",2025-12-30 13:22,沒出席沒關系，有氣息已經很棒了
valac_7262,一直呀呀呀的琛硯,"嗷嗚呃啊啊啊啊啊啊啊啊我要扭曲怪叫
喜歡這個墨墨嗷嗚哇哇哇哇哇哇哇哇哇哇娃娃",2025-12-30 12:14,沒出席沒關系，有氣息已經很棒了
valac_7262,一直呀呀呀的琛硯,我還是覺得好崩潰喔上一個大學覺得身邊的都神經病,2025-12-30 12:08,沒出席沒關系，有氣息已經很棒了
valac_7262,一直呀呀呀的琛硯,"我一直看著我用鼻孔瞪鏡子那張在笑
笑點像智障一樣
好好笑好詭異的表情喔救命",2025-12-30 01:16,沒出席沒關系，有氣息已經很棒了
valac_7262,一直呀呀呀的琛硯,幹好想把眉毛剃掉修眉修到好煩,2025-12-30 00:04,沒出席沒關系，有氣息已經很棒了
valac_7262,一直呀呀呀的琛硯,比格椰看起來會被勒死了好好笑,2025-12-29 23:14,沒出席沒關系，有氣息已經很棒了
valac_7262,一直呀呀呀的琛硯,"被B站上的同嫁創死
我久久才回坑一次為什麼要這樣欺負我大數據
還好我封的快",2025-12-29 21:22,沒出席沒關系，有氣息已經很棒了
valac_7262,一直呀呀呀的琛硯,"關於我整理完行李準備要出門吃飯
然後找完鑰匙一抬頭看到這鬼東西↓",2025-12-29 20:13,沒出席沒關系，有氣息已經很棒了
valac_7262,一直呀呀呀的琛硯,"嗷嗚
我將去整理行李
晚點再回",2025-12-29 18:22,沒出席沒關系，有氣息已經很棒了
valac_7262,一直呀呀呀的琛硯,"*cp向奇美拉片注意*
謝謝這個墨墨
這個琛硯很勇敢的畫了除了奶子其他都不會畫的萬敵，謝謝這個墨墨",2025-12-29 18:19,沒出席沒關系，有氣息已經很棒了
valac_7262,一直呀呀呀的琛硯,"我真的不會畫萬敵。
我真的只會畫奶子。
我真的很崩潰。",2025-12-29 15:44,沒出席沒關系，有氣息已經很棒了
valac_7262,一直呀呀呀的琛硯,"我要更暈船日記嗎好好笑
我已經思考了兩個月我到底是不是在暈船到現在還是沒有思考出個所以然來
想當年看別人更新暈船日記看的有多快樂現在就有多不嘻嘻（×",2025-12-29 01:43,沒出席沒關系，有氣息已經很棒了
valac_7262,一直呀呀呀的琛硯,"我將香香的冬眠
晚安大家",2025-12-28 20:11,沒出席沒關系，有氣息已經很棒了
valac_7262,一直呀呀呀的琛硯,"那個關通知收喜歡你的
我要跨年再玩友列幫我留一個位置
ꉂ ᳐  ˋ ᗜ ˊ ᳐犭",2025-12-28 16:32,沒出席沒關系，有氣息已經很棒了
valac_7262,一直呀呀呀的琛硯,"你就繼續玩你的燕雲十六聲
別人跨年看煙火親嘴
你在你的不羡仙找曾經熟悉的影子
在煙火下等你那不知道什麼時後才會回來的江晏",2025-12-28 16:22,沒出席沒關系，有氣息已經很棒了
valac_7262,一直呀呀呀的琛硯,"淦好好笑
一個小朋友在跑去找他商店裡的媽媽
結果沒踩好直接滑倒
我好地獄喔",2025-12-28 16:15,沒出席沒關系，有氣息已經很棒了
valac_7262,一直呀呀呀的琛硯,"我真沒招了好好笑
：人物不能調整胸部就是這縫隙過不去
：我寧願過不去也要胸部！！！",2025-12-28 00:55,沒出席沒關系，有氣息已經很棒了
valac_7262,一直呀呀呀的琛硯,靠不是吧我是在台北不是花蓮欸這麼大的嗎,2025-12-27 23:06,沒出席沒關系，有氣息已經很棒了
valac_7262,一直呀呀呀的琛硯,"就
很詭異你知道嗎這部番",2025-12-27 20:55,沒出席沒關系，有氣息已經很棒了
valac_7262,一直呀呀呀的琛硯,"？為什麼你們都脫單了
蛤怎麼那麼多西批出現了
啊？
啊？？
年末大脫單計畫？",2025-12-27 20:55,沒出席沒關系，有氣息已經很棒了
valac_7262,一直呀呀呀的琛硯,"我已經
連著三天都只吃一餐了
還感冒
真的會把自己養死",2025-12-27 18:42,沒出席沒關系，有氣息已經很棒了
valac_7262,一直呀呀呀的琛硯,"每天都有的兩大未解疑問
淦你在供さ小
跟
淦我在供さ小",2025-12-27 16:56,沒出席沒關系，有氣息已經很棒了
valac_7262,一直呀呀呀的琛硯,"我想接委託
看過有說最好是以時薪和自己繪畫時常及基本功和精細度來計算價格
但是我不知道我一小時到底值多少🆘
也不知道現在還有沒有人會委手繪塗鴉寄出收件的",2025-12-27 15:35,沒出席沒關系，有氣息已經很棒了
valac_7262,一直呀呀呀的琛硯,"我兒真的很好看
但是我已經在順火暖養一隻黑皮大兒了不可以再養了不然我自己都要養不起了😔",2025-12-27 02:37,沒出席沒關系，有氣息已經很棒了
valac_7262,一直呀呀呀的琛硯,"然後他就這樣磨損了
我才換沒兩個禮拜😠",2025-12-27 00:20,沒出席沒關系，有氣息已經很棒了
valac_7262,一直呀呀呀的琛硯,就這樣畫,2025-12-27 00:17,沒出席沒關系，有氣息已經很棒了
valac_7262,一直呀呀呀的琛硯,"我今天吃的好開心哪裡都有飯飯真好
謝謝友列感嘆友列讚嘆友列
†友門†",2025-12-26 01:06,沒出席沒關系，有氣息已經很棒了
valac_7262,一直呀呀呀的琛硯,我將北極熊塑這個納努克（×,2025-12-26 00:19,沒出席沒關系，有氣息已經很棒了
valac_7262,一直呀呀呀的琛硯,"好好笑救命
我的聖誕願望是把友列都嬤一遍（不",2025-12-25 23:17,沒出席沒關系，有氣息已經很棒了
valac_7262,一直呀呀呀的琛硯,"看到免費五卡有這劇情我將立馬回坑
我不允許有人不懂這三個字有多好笑",2025-12-25 22:13,沒出席沒關系，有氣息已經很棒了
valac_7262,一直呀呀呀的琛硯,身體很脆這樣,2025-12-25 16:00,沒出席沒關系，有氣息已經很棒了
valac_7262,一直呀呀呀的琛硯,"我要炫耀我隨便買的新筆很好用！
好用的我又多罰自己畫了幾張速寫",2025-12-25 03:06,沒出席沒關系，有氣息已經很棒了
valac_7262,一直呀呀呀的琛硯,"好啦各位聖誕快樂(ﾉ)`ᝫ´ (ヾ)
新的一年順順利利
怪人怪事都能退散",2025-12-25 00:31,沒出席沒關系，有氣息已經很棒了
valac_7262,一直呀呀呀的琛硯,"牛逼
一樣的裝死一樣的刪帳跑路，是一點也不敢正面說明啦只會在人背後給人造謠核爆你無處安放的可憐小脾氣",2025-12-24 20:53,沒出席沒關系，有氣息已經很棒了
valac_7262,一直呀呀呀的琛硯,"@savior_for_you33550336 
啊可以出來講清楚全部事情經過嗎😔
怎麼個不知廉恥😔
怎麼個拉攏粉絲當網軍😔
怎麼個陰陽怪氣小團體，各懷鬼胎，居心叵測，怎麼個獨裁壟斷😔
事情都不客觀的說出來只是一昧的用你成語小字典裡的負面詞語來造句，別人只是覺得你在造謠在用主觀的私人恩怨在說話喔親
證據始末都客觀完整的拿出來大家才好相信你幫助你啊😔
不然大家都覺得你脖子以上的那個大部位有問題欸",2025-12-24 20:14,沒出席沒關系，有氣息已經很棒了
valac_7262,一直呀呀呀的琛硯,"這兩擺在一起就很喜感你們知道嗎
像我的草稿跟成圖一樣",2025-12-24 19:11,沒出席沒關系，有氣息已經很棒了
valac_7262,一直呀呀呀的琛硯,他看起來像要把我的娃綁架走,2025-12-24 15:45,沒出席沒關系，有氣息已經很棒了
valac_7262,一直呀呀呀的琛硯,和老朋友說再見😔,2025-12-24 15:34,沒出席沒關系，有氣息已經很棒了
valac_7262,一直呀呀呀的琛硯,我的老鼠乾好像有點憂鬱了,2025-12-24 15:07,沒出席沒關系，有氣息已經很棒了
valac_7262,一直呀呀呀的琛硯,笑了大概三分鐘才發出來,2025-12-24 15:06,沒出席沒關系，有氣息已經很棒了
valac_7262,一直呀呀呀的琛硯,"你他媽
都看到鬼死追我了為什麼還不讓身位
為什麼還和我搶窗子翻
有病嗎！！！！！！",2025-12-24 13:46,沒出席沒關系，有氣息已經很棒了
valac_7262,一直呀呀呀的琛硯,"好了，琛硯，停，你不能在一個二次元人物身上花那麼多錢
可是會看到他就好快樂🥺",2025-12-24 13:01,沒出席沒關系，有氣息已經很棒了
valac_7262,一直呀呀呀的琛硯,"我單身原因：
1.我自戀（但我不會放在角帳主頁）
2.生活三點一線
3.愛亂跑，除了真的累了幾乎找不到人
4.太有主見（大概）
5.話沉默沉默沉默，有夠愛抱怨
6.不會通靈
7.我很窮
8.我愛紙片人",2025-12-24 03:39,沒出席沒關系，有氣息已經很棒了
valac_7262,一直呀呀呀的琛硯,"是誰他媽許願世界上沒有愛啃青菜的山羌
我剛剛差點被聖誕老人打死= =",2025-12-24 01:46,沒出席沒關系，有氣息已經很棒了
valac_7262,一直呀呀呀的琛硯,"推都是慘人是這樣沒救的
又特別安迷修這種，整個坑都有點涼涼的",2025-12-24 01:27,沒出席沒關系，有氣息已經很棒了
valac_7262,一直呀呀呀的琛硯,牛逼了神經病貼臉上來了,2025-12-23 23:33,沒出席沒關系，有氣息已經很棒了
valac_7262,一直呀呀呀的琛硯,"從台北衝到宜蘭當日來回是有可能的嗎
有時候會有股衝動衝去找老朋友",2025-12-23 23:16,沒出席沒關系，有氣息已經很棒了
valac_7262,一直呀呀呀的琛硯,"為什麼
可以
這麼
餓！！！！！",2025-12-23 17:44,沒出席沒關系，有氣息已經很棒了
valac_7262,一直呀呀呀的琛硯,真的好詭異為什麼有角帳中之會因為看不爽別人去挖別人有沒有其他帳號啊詭異的一批,2025-12-22 17:35,沒出席沒關系，有氣息已經很棒了
valac_7262,一直呀呀呀的琛硯,"娃
人要出去打獵了，要好好睡覺不可以打架
尤其是最左邊的薄荷狐狸😡
最右邊的抹茶小蛋糕你可以踢被子",2025-12-22 11:39,沒出席沒關系，有氣息已經很棒了
valac_7262,一直呀呀呀的琛硯,偷這個羽毛的,2025-12-21 23:02,沒出席沒關系，有氣息已經很棒了
valac_7262,一直呀呀呀的琛硯,好貌美但是致死量的塑膠味🆘,2025-12-21 17:56,沒出席沒關系，有氣息已經很棒了
valac_7262,一直呀呀呀的琛硯,"：我真的要戒谷
還是我：*在rua白厄的豆沙小團子*
有一說一，
他摸起來像奶子聞起來像塑膠
好臭",2025-12-21 17:36,沒出席沒關系，有氣息已經很棒了
valac_7262,一直呀呀呀的琛硯,"她真的好貌美啊啊啊啊啊啊啊啊rrrrrrrrrrrrrr
美的我上竄下跳",2025-12-21 17:21,沒出席沒關系，有氣息已經很棒了
weiming0114,Yu Wei-Ming,"盤花公園生態嘉年華✅伯公愛擲筊
看來客家話講得不夠虔誠😂獎金1萬飛了",2025-12-27 16:34,分享生活看見的一切
weiming0114,Yu Wei-Ming,"盤花公園生態嘉年華✅盤花工坊
沒想到醬油碟😂能升級成色彩斑斕的盤花",2025-12-27 16:28,分享生活看見的一切
weiming0114,Yu Wei-Ming,各位觀眾110元😱小鮮肉沒用了嗎❗,2025-12-27 12:01,分享生活看見的一切
weiming0114,Yu Wei-Ming,"人工智慧生成最開心的事😁
這些素材都是我的😆
#最讓我擔憂的是大腦處理能力受限與依賴",2025-12-26 17:53,分享生活看見的一切
weiming0114,Yu Wei-Ming,"現在的防燙杯套都這麼可愛啊😆
貼在牆上當裝飾很應景又省錢置裝費😁",2025-12-26 17:09,分享生活看見的一切
weiming0114,Yu Wei-Ming,沒想到搬米閃到腰了😅聽到啪一聲瞬間腰痛😆才30袋白米而已，真的老了😂明明以前搬N次都沒事啊~~~,2025-12-26 16:56,分享生活看見的一切
weiming0114,Yu Wei-Ming,"原本低落的心情看完街頭表演後
受到很大鼓舞🗳️於是投下1張藍色小朋友
年紀輕輕都能如此正向😆我有什麼理由低落
若有看到昀星樂團表演✨不妨停下腳步欣賞",2025-12-25 19:35,分享生活看見的一切
weiming0114,Yu Wei-Ming,🎄#聖誕節快樂❄️ #大港橋小夜燈,2025-12-25 18:38,分享生活看見的一切
weiming0114,Yu Wei-Ming,"#平安夜喜樂平安
#願愛我的人和我愛的人都平安快樂",2025-12-24 23:15,分享生活看見的一切
weiming0114,Yu Wei-Ming,"(寒流騎30多分鐘機車🥶)第一次居家營養專業服務的個案是快滿6歲的幼兒，這兩種營養配方是唯一的營養來源，每天喝6次，每次4T小安素+1T三多奶蛋白。
個案本身蠻好動，跑跑跳跳滾來滾去活動能力佳，但是生長百分位的身高體重皆低於3%，要如何給予照顧者適當衛教，讓個案得到良好的營養照護介入，真的是種挑戰👩🏻‍⚕️🧑🏻‍⚕️
經過營養需求評估，個案需要熱量1600大卡、蛋白質40公克，但每天灌食獲得熱量1140大卡、蛋白質35公克，個案仍在成長發育期，真是慶幸有這次的居家營養專業服務🥰",2025-12-23 22:25,分享生活看見的一切
weiming0114,Yu Wei-Ming,時代在進步~關公也在進步,2025-12-23 21:41,分享生活看見的一切
weiming0114,Yu Wei-Ming,我發現一個秘密❗娃娃菜掉地上，只要撥掉3片葉子，就可以繼續吃裡面的娃娃菜😆,2025-12-23 21:39,分享生活看見的一切
weiming0114,Yu Wei-Ming,虎斑壁虎冒險記❗然後就▪️▪️▪️,2025-12-22 21:50,分享生活看見的一切
weiming0114,Yu Wei-Ming,高流聖誕趴🎄人潮就是錢潮😁,2025-12-21 21:53,分享生活看見的一切
weiming0114,Yu Wei-Ming,"高雄聖誕生活節🎄消費200元送50元券
買了2杯愛玉、關東煮",2025-12-21 21:44,分享生活看見的一切
weiming0114,Yu Wei-Ming,假日晚餐吃薑母鴨鍋😋冬至鹹湯圓20顆😆,2025-12-21 19:22,分享生活看見的一切
weiming0114,Yu Wei-Ming,"這兩隻狗兒是在抗議什麼嗎😅
還是比較想吃竹筍炒肉絲⁉️",2025-12-21 10:57,分享生活看見的一切
weiming0114,Yu Wei-Ming,"真的會有人願意花499買這個嗎😅
封印在這個樹脂方塊=永生花的概念",2025-12-20 22:07,分享生活看見的一切
weiming0114,Yu Wei-Ming,國際管樂節大型晚會的表演好豐富，儀隊、旗隊、吹奏樂隊、KANO進行曲表演、交響樂團、流行搖滾樂團💯,2025-12-20 21:51,分享生活看見的一切
weiming0114,Yu Wei-Ming,"嘉義市世界博覽會永續願景館 #木造建築
原來世界有這麼厲害這麼美的木造屋",2025-12-20 18:11,分享生活看見的一切
weiming0114,Yu Wei-Ming,"原來這裡是踩街🙋🏻‍♀️揮手🙋🏻微笑😁第一排
💃🏻表演第一排🕺🏻不在這裡🤣",2025-12-20 16:10,分享生活看見的一切
weiming0114,Yu Wei-Ming,嘉義市國際管樂節🎷🎺🪘🥁🪇🪈🪗📯🎼🎵🎶美妙旋律第一排✨✨✨,2025-12-20 14:07,分享生活看見的一切
weiming0114,Yu Wei-Ming,嘉義輪🌲以阿里山神木年輪為概念，一圈一圈的輪狀介紹嘉義百年歷史の軌跡，非常有創意💯還可以寫下大聲公心願卡一起走進嘉義輪🪵,2025-12-20 13:36,分享生活看見的一切
weiming0114,Yu Wei-Ming,"✅#尤營養師分享冬至飲食冷知識
🥃加米酒の燒酒雞、薑母鴨🦆煮滾2小時，還是有10~20%酒精存留❗這就是吃完薑母鴨會酒駕の原因😵‍💫
✨酒駕零容忍🈲喝酒不開車✨",2025-12-19 09:06,分享生活看見的一切
weiming0114,Yu Wei-Ming,貴賓餐4份😋菲力鱸魚烏魚膘拼主廚蔥燒回鍋肉、紫山藥五穀雜糧飯、有機沙拉、藥膳鮮菇燉湯、綜合季節水果、限定聖誕市多倫。,2025-12-19 00:36,分享生活看見的一切
weiming0114,Yu Wei-Ming,聖誕感恩彌撒烘焙西點80份發給每位主管，坐在聖堂的環境明顯感受到優雅而寧靜🧘🏻‍♀️🧘🏻,2025-12-19 00:13,分享生活看見的一切
weiming0114,Yu Wei-Ming,#熱量赤字 #晚餐,2025-12-18 18:26,分享生活看見的一切
weiming0114,Yu Wei-Ming,"💯聰明吃湯圓，冬至健康又團圓✨
1️⃣看標示、2️⃣巧搭配、3️⃣減份量聰明代換
在傳統節日如冬至食用湯圓時，如何維持健康的飲食原則，因為湯圓的熱量和脂肪含量都相當高。尤營養師建議民眾應遵循三大健康原則：「看標示、巧搭配、減份量聰明代換」，以避免攝取過多熱量。
✅「看標示」
強調仔細查閱營養成分，特別是熱量、飽和脂肪和糖分的含量並指出這些成分過量攝取對心血管的危害。
✅「巧搭配」
建議甜湯圓搭配天然食材，鹹湯圓則應加入適量的蔬菜、菇類、蛋白質食物來減少油脂和熱量。
✅「減份量」
提醒湯圓屬於醣類食物(主食類)，應從其它餐點中減少相應份量的全穀雜糧類。
尤營養師也關心糖尿病、高血壓、腎臟病及胃食道逆流等慢性病患者，提供了食用湯圓的特別注意事項喔🥰",2025-12-18 13:52,分享生活看見的一切
weiming0114,Yu Wei-Ming,甜柿、柿餅的季節又到了~好吃耶,2025-12-18 12:53,分享生活看見的一切
weiming0114,Yu Wei-Ming,"#又到了一年一度開心歡聚歡樂時刻
希望能抽到大獎😁",2025-12-17 19:10,分享生活看見的一切
sharolcalvo,Sharol Calvo,🤡,2025-12-31 08:17,
sharolcalvo,Sharol Calvo,Nadie está tan ocupado como para no responderte 🫤,2025-12-28 09:31,
sharolcalvo,Sharol Calvo,☹️,2025-12-20 10:03,
sharolcalvo,Sharol Calvo,El amor no se duda.,2025-12-20 09:56,
yinnndiary,Yyinnnn,好厲害的豚鼠宇宙！,2025-12-25 22:19,李泰容吳是溫金道英羅渽民李馬克全圓佑漢泰山宋恩奭崔英宰
yinnndiary,Yyinnnn,李泰容在偷讀泡泡！！！,2025-12-25 21:10,李泰容吳是溫金道英羅渽民李馬克全圓佑漢泰山宋恩奭崔英宰
yinnndiary,Yyinnnn,"好了果然被抓版權了
但我還是要留一下
大碼童裝勝利！！！！！！好黑皮好喜歡",2025-12-25 19:32,李泰容吳是溫金道英羅渽民李馬克全圓佑漢泰山宋恩奭崔英宰
yinnndiary,Yyinnnn,我要把所有西柚的雙人都轉發,2025-12-25 19:30,李泰容吳是溫金道英羅渽民李馬克全圓佑漢泰山宋恩奭崔英宰
yinnndiary,Yyinnnn,"這個西柚三秒雙人舞 我可以看一百次
我需要練習室版本謝謝！！！還有練習室behind！！！",2025-12-25 18:43,李泰容吳是溫金道英羅渽民李馬克全圓佑漢泰山宋恩奭崔英宰
yinnndiary,Yyinnnn,"我真的要謝謝這個歌謠大戰了給我們願表演TT
根本得心應手⋯⋯⋯⋯⋯我要瘋在螢幕前大叫",2025-12-25 18:40,李泰容吳是溫金道英羅渽民李馬克全圓佑漢泰山宋恩奭崔英宰
yinnndiary,Yyinnnn,阿西柚的雙人是怎樣我瘋掉,2025-12-25 18:38,李泰容吳是溫金道英羅渽民李馬克全圓佑漢泰山宋恩奭崔英宰
yinnndiary,Yyinnnn,我頭爆炸給麵包開頭真的太懂了,2025-12-25 18:38,李泰容吳是溫金道英羅渽民李馬克全圓佑漢泰山宋恩奭崔英宰
yinnndiary,Yyinnnn,TT來了我尖叫 我們的大碼童裝,2025-12-25 18:38,李泰容吳是溫金道英羅渽民李馬克全圓佑漢泰山宋恩奭崔英宰
yinnndiary,Yyinnnn,"大哭李泰容我好驕傲！！！！！！這個開麥好爽....
軍期跑步沒白跑 Rap聽了好痛快",2025-12-25 18:14,李泰容吳是溫金道英羅渽民李馬克全圓佑漢泰山宋恩奭崔英宰
yinnndiary,Yyinnnn,TY is back😭😭😭Neo is back😭😭😭😭,2025-12-25 18:13,李泰容吳是溫金道英羅渽民李馬克全圓佑漢泰山宋恩奭崔英宰
yinnndiary,Yyinnnn,遼…我們別學哥哥了好嗎😭😍,2025-12-25 17:53,李泰容吳是溫金道英羅渽民李馬克全圓佑漢泰山宋恩奭崔英宰
yinnndiary,Yyinnnn,看到吳是溫把吊嘎露出來的時候 我只有：哦靠邀,2025-12-25 17:46,李泰容吳是溫金道英羅渽民李馬克全圓佑漢泰山宋恩奭崔英宰
yinnndiary,Yyinnnn,"頭爆炸 吳是溫在聖誕節有吊嘎是怎麼了？？
連這個都要偷媚⋯⋯⋯⋯⋯",2025-12-25 17:45,李泰容吳是溫金道英羅渽民李馬克全圓佑漢泰山宋恩奭崔英宰
yinnndiary,Yyinnnn,吳是溫你不冷嗎？？？那個衣服是怎樣？？？？？,2025-12-25 17:45,李泰容吳是溫金道英羅渽民李馬克全圓佑漢泰山宋恩奭崔英宰
yinnndiary,Yyinnnn,我要哭白白亮亮藍藍的願 cody上班了！！！！！！！！,2025-12-25 17:44,李泰容吳是溫金道英羅渽民李馬克全圓佑漢泰山宋恩奭崔英宰
yinnndiary,Yyinnnn,"好刺激啊究竟會不會是烏漆嘛黑的Color呢
四中心cody請認真上班！！！這是聖誕節！！！",2025-12-25 17:41,李泰容吳是溫金道英羅渽民李馬克全圓佑漢泰山宋恩奭崔英宰
yinnndiary,Yyinnnn,"這幾個大漏勺
wish特別舞台真的就是TT
哥幾個劇透也是越來越上手….",2025-12-25 16:40,李泰容吳是溫金道英羅渽民李馬克全圓佑漢泰山宋恩奭崔英宰
yinnndiary,Yyinnnn,"真的還在彈沒在騙 彈力球了都
午休前就在排隊了 小朋友都要睡飽了還在刷還在被彈",2025-12-24 14:25,李泰容吳是溫金道英羅渽民李馬克全圓佑漢泰山宋恩奭崔英宰
yinnndiary,Yyinnnn,"超會彈 現在2點22還在彈
一個小時了 還好昨天有票......",2025-12-24 14:22,李泰容吳是溫金道英羅渽民李馬克全圓佑漢泰山宋恩奭崔英宰
yinnndiary,Yyinnnn,我一直被彈出來qqqqq不讓我刷,2025-12-24 13:38,李泰容吳是溫金道英羅渽民李馬克全圓佑漢泰山宋恩奭崔英宰
yinnndiary,Yyinnnn,"自從看到大家說金栽禧鋼琴影片背景音有TT後
滑到每一個彈琴影片都不是鋼琴聲音了是TT⋯",2025-12-24 00:28,李泰容吳是溫金道英羅渽民李馬克全圓佑漢泰山宋恩奭崔英宰
yinnndiary,Yyinnnn,"好欸 願127夢夢都有聖誕影片能看！！
三隊都是明天晚上七點！！",2025-12-23 23:07,李泰容吳是溫金道英羅渽民李馬克全圓佑漢泰山宋恩奭崔英宰
yinnndiary,Yyinnnn,吳是溫對鏡頭這樣？夭壽勒結果還來個飛吻⋯,2025-12-23 22:58,李泰容吳是溫金道英羅渽民李馬克全圓佑漢泰山宋恩奭崔英宰
yinnndiary,Yyinnnn,有人說你手機可以拿這麼近嗎？不曉得欸😍,2025-12-23 22:29,李泰容吳是溫金道英羅渽民李馬克全圓佑漢泰山宋恩奭崔英宰
yinnndiary,Yyinnnn,"重刷發現一分鐘但三分才進去
進去的時候發現全沒了",2025-12-23 12:12,李泰容吳是溫金道英羅渽民李馬克全圓佑漢泰山宋恩奭崔英宰
yinnndiary,Yyinnnn,"這我 當下邊看邊笑 
回過頭才發現還是要記錄一下
最後錄起來發現自己也唱得很開心？",2025-12-21 15:22,李泰容吳是溫金道英羅渽民李馬克全圓佑漢泰山宋恩奭崔英宰
yinnndiary,Yyinnnn,"看了wish對EXO的舞台reaction 
小饅很可愛⋯⋯看到其他人站起來
第一反應不是一起站 而是轉頭問哥哥可不可以站
吳是溫馬上點頭兩手一比往上站啊
願所有人馬上站起來 這個家沒吳是溫真的不行",2025-12-21 11:01,李泰容吳是溫金道英羅渽民李馬克全圓佑漢泰山宋恩奭崔英宰
yinnndiary,Yyinnnn,"都敬秀真的超萌超可愛
他就是天生要在舞台上的人啊😭",2025-12-21 00:37,李泰容吳是溫金道英羅渽民李馬克全圓佑漢泰山宋恩奭崔英宰
yinnndiary,Yyinnnn,"勵志把EXO都轉發因為那是我偶像的偶像
有了前輩們才有後輩想當偶像的夢想
才有現在站在舞台上我們所看到的所有偶像😭",2025-12-21 00:36,李泰容吳是溫金道英羅渽民李馬克全圓佑漢泰山宋恩奭崔英宰
yinnndiary,Yyinnnn,"願得獎了是TOP10!!!!!!
吳是溫說明年要正規專輯回歸喔😍",2025-12-20 17:09,李泰容吳是溫金道英羅渽民李馬克全圓佑漢泰山宋恩奭崔英宰
yinnndiary,Yyinnnn,"我們sm的臉好權威
吳是溫你怎麼就剛剛好卡在鄭成燦跟朴元彬的中間😻",2025-12-20 16:45,李泰容吳是溫金道英羅渽民李馬克全圓佑漢泰山宋恩奭崔英宰
yinnndiary,Yyinnnn,"在排魔王行程啊 連兩天的演唱會在日本
睡一晚再飛韓國參加MMA 真的很瘋狂…",2025-12-20 14:43,李泰容吳是溫金道英羅渽民李馬克全圓佑漢泰山宋恩奭崔英宰
yinnndiary,Yyinnnn,"波捏豆沒有跟Karencici同一天好可惜😿
好想看漢東旼在後台聽他曾經推薦過cici的表演舞台reaction",2025-12-19 20:07,李泰容吳是溫金道英羅渽民李馬克全圓佑漢泰山宋恩奭崔英宰
yinnndiary,Yyinnnn,我要哭了 姊姊😿😿😿,2025-12-18 08:27,李泰容吳是溫金道英羅渽民李馬克全圓佑漢泰山宋恩奭崔英宰
915.3_zu,53筑,我想畫我要陰間爬行,2025-12-26 13:09,"07 ISFJ 🧭/🐋/🛹
請追蹤這隻哀居謝謝🤲🏻 @y.bok_53
這裡很吵雜七雜八的東西都有
被李東花翻牌版"
915.3_zu,53筑,友列們我們趁這個時候見面吧 一起看電影一起哭（？）,2025-12-24 01:04,"07 ISFJ 🧭/🐋/🛹
請追蹤這隻哀居謝謝🤲🏻 @y.bok_53
這裡很吵雜七雜八的東西都有
被李東花翻牌版"
kristy_chen815,陳傳珣,瑪樂法,2025-12-18 21:40,"非常平凡知足的人
活在當下即時行樂"
kristy_chen815,陳傳珣,我們的老屋換上新裝😄😄😄,2025-12-18 19:30,"非常平凡知足的人
活在當下即時行樂"
_fz_z7__,_7fzzi__,我好喜歡這個啊😭😭😭😭😭,2025-12-19 17:36,👍🏻
oeo_.o6,oeo_.o6,各位我要狂吃葡萄,2025-12-31 19:13,"一切關於crush
即使我知道他可能不喜歡我
沒真正在一起，就會留紀念"
oeo_.o6,oeo_.o6,"啊啊啊啊啊啊啊啊誰懂傳說不是有送三麗鷗頭像嗎 當初我想說換庫洛米好了crush後面也換庫洛米
（對不起戀愛腦啟動）",2025-12-27 22:08,"一切關於crush
即使我知道他可能不喜歡我
沒真正在一起，就會留紀念"
oeo_.o6,oeo_.o6,各位我有crush 的甜甜圈定位 他答應我加他！！！！,2025-12-27 12:39,"一切關於crush
即使我知道他可能不喜歡我
沒真正在一起，就會留紀念"
oeo_.o6,oeo_.o6,當我嘗試畫crush喜歡的火影忍者,2025-12-22 22:44,"一切關於crush
即使我知道他可能不喜歡我
沒真正在一起，就會留紀念"
_vwjsibsku,_vwjsibsku,吃那葡萄有什麼毛用啊 去年就吃過了還不是一樣得不到他,2025-12-31 18:41,
_vwjsibsku,_vwjsibsku,"幹其實我不知道我在執著什麼欸 
或許是因為我是第一次這麼喜歡一個人
又或者是第一次對一個人付出這麼多
跟他肢體接觸也到最後那一步了
也可能是他說會跟我在一起的
我不知道我現在到底想怎樣
畢竟真的不會在一起了
可是就很 不甘心嗎 我真的很難過我等下回去要先爆哭一波",2025-12-31 18:25,
_vwjsibsku,_vwjsibsku,我現在會平等的討厭每一個人,2025-12-31 18:23,
_vwjsibsku,_vwjsibsku,真的斷聯了好痛苦 為什麼不能跟當初一樣。,2025-12-31 16:32,
_vwjsibsku,_vwjsibsku,幹等一下啦這隻帳號被認識的人按讚了 不會被發現吧好可怕我的天,2025-12-31 00:31,
_vwjsibsku,_vwjsibsku,幹我就一直相信這句話 我不會再被騙了。,2025-12-30 21:33,
_vwjsibsku,_vwjsibsku,好我決定了 我真的要斷了,2025-12-30 19:28,
_vwjsibsku,_vwjsibsku,為什麼我會那麼缺愛啊。,2025-12-30 19:18,
_vwjsibsku,_vwjsibsku,其實我都知道 但我不敢說破。,2025-12-30 19:06,
_vwjsibsku,_vwjsibsku,我們真的不能試試看嗎。,2025-12-30 18:54,
_vwjsibsku,_vwjsibsku,幹 每天都在失眠,2025-12-29 18:45,
_vwjsibsku,_vwjsibsku,我討厭你,2025-12-29 18:44,
_vwjsibsku,_vwjsibsku,為什麼討厭的人都過得比我好,2025-12-29 18:44,
_vwjsibsku,_vwjsibsku,啊哈哈哈哈哈我不行了我真的有病,2025-12-29 18:43,
_vwjsibsku,_vwjsibsku,算了我就是賤就這樣吧,2025-12-23 22:05,
_vwjsibsku,_vwjsibsku,好吧,2025-12-23 22:05,
_vwjsibsku,_vwjsibsku,就差不多,2025-12-23 22:05,
_vwjsibsku,_vwjsibsku,我原本其實想得沒錯欸,2025-12-23 22:05,
_vwjsibsku,_vwjsibsku,幹我真的繼續了 繼續那個莫名其妙的關係,2025-12-23 21:55,
_vwjsibsku,_vwjsibsku,我居然還自私的想繼續,2025-12-23 20:52,
_vwjsibsku,_vwjsibsku,我好自私,2025-12-23 20:51,
_vwjsibsku,_vwjsibsku,幹 哭到不知道明天怎麼去學校 眼睛超腫,2025-12-23 20:46,
_vwjsibsku,_vwjsibsku,原本那樣也蠻好的啊,2025-12-23 20:43,
_vwjsibsku,_vwjsibsku,有病吧,2025-12-23 20:42,
_vwjsibsku,_vwjsibsku,那你當初還來認識我,2025-12-23 20:42,
_vwjsibsku,_vwjsibsku,為什麼要這樣,2025-12-23 20:42,
_vwjsibsku,_vwjsibsku,幹我整個崩潰大哭,2025-12-23 20:42,
_vwjsibsku,_vwjsibsku,剛剛大聊完什麼真心話都講了 但就是 對 不會在一起啦,2025-12-23 20:42,
_vwjsibsku,_vwjsibsku,好了啦真的失戀了,2025-12-23 20:36,
_vwjsibsku,_vwjsibsku,你可不可以直接拒絕我 不要給我留任何想像空間啊,2025-12-23 19:41,
_vwjsibsku,_vwjsibsku,我好想你啊,2025-12-23 19:41,
_vwjsibsku,_vwjsibsku,我沒救了 我就是個死戀愛腦媽的,2025-12-23 19:40,
_vwjsibsku,_vwjsibsku,為什麼大家都在幸福,2025-12-23 19:03,
yzhui02,慧,跨年去,2025-12-31 16:44,亂發
yzhui02,慧,今天考試過了就去跨年 沒過就去熬夜,2025-12-31 05:45,亂發
yzhui02,慧,"關於我今天打工
客人1：你好高好瘦 身材好苗條
我：謝謝
客人2：你16嗎？看起來好年輕
我：沒有啦 我已經成年了
當下直接被嚇到 超謝謝他們的",2025-12-28 14:43,亂發
weiming19971122,賴韋名,大家記得早點買票 可以省下100元,2025-12-22 18:38,"0104 初恋３週年Live @ Legacy Taipei
0110 神羽星樂生誕祭 @ 偶遇"
weiming19971122,賴韋名,"這星期平日大概都10-11點就睡著了
突然不太習慣現在還醒著😂",2025-12-20 22:21,"0104 初恋３週年Live @ Legacy Taipei
0110 神羽星樂生誕祭 @ 偶遇"
weiming19971122,賴韋名,"時藝附近不好叫車欸
等了好幾分鐘才有一台從比較遠的地方來",2025-12-20 22:12,"0104 初恋３週年Live @ Legacy Taipei
0110 神羽星樂生誕祭 @ 偶遇"
weiming19971122,賴韋名,晚上來面對好幾筆要事先匯款的活動票錢🫡,2025-12-19 13:53,"0104 初恋３週年Live @ Legacy Taipei
0110 神羽星樂生誕祭 @ 偶遇"
weiming19971122,賴韋名,"SiGNAL:MAYDAY 
韓國流行音樂
❓❓❓",2025-12-17 23:31,"0104 初恋３週年Live @ Legacy Taipei
0110 神羽星樂生誕祭 @ 偶遇"
jho3o_bobo,Jh BoBo,"真的是同一個人，同一張臉。
望周知🫶🏻",2025-12-25 22:01,"人類行為觀察員
NCT夢隊數隊老母親"
jho3o_bobo,Jh BoBo,🎄🎅🧑‍🎄🤶🫎🤶🧑‍🎄🎅🎄,2025-12-25 21:53,"人類行為觀察員
NCT夢隊數隊老母親"
jho3o_bobo,Jh BoBo,聖誕快樂 寶寶們😘,2025-12-25 14:15,"人類行為觀察員
NCT夢隊數隊老母親"
jho3o_bobo,Jh BoBo,"救命🤣 夢夢聖誕遊戲標準
竟然是以楷燦的兩點（ㄋ頭）連線以上示範。
還示範共三次我笑的跟Mark ㄧ樣死🤣🤣🤣
#決不建議喝茶觀賞
#聖誕快樂",2025-12-25 08:32,"人類行為觀察員
NCT夢隊數隊老母親"
jho3o_bobo,Jh BoBo,"- 無法從從容容，只能連滾帶爬的⋯
我們的NCT Dream 顏值擔當 - 羅渽民🐰
🎄我偶像真的什麼遊戲恥度都玩的嗎？🤣",2025-12-24 20:36,"人類行為觀察員
NCT夢隊數隊老母親"
jho3o_bobo,Jh BoBo,"理智警告我要收手🤦‍♀️
不然2月泰國 SM town 就自己游過去😡
但是但是先讓我買完這一波⋯^_^
看到這個小可愛你還能忍嗎🫵🏻",2025-12-23 19:00,"人類行為觀察員
NCT夢隊數隊老母親"
jho3o_bobo,Jh BoBo,"Taste 小熊和耳機才在出海的路上⋯
Weverse 會員專屬這招真的是高明🤔
反正十分鐘內下單的也是我😓",2025-12-23 13:25,"人類行為觀察員
NCT夢隊數隊老母親"
jho3o_bobo,Jh BoBo,"我 ⋯ 震驚 🤯
原來愛不會消失😭
KAI、D.O.
燦烈啊⋯ 
我以為這是只能存在我回憶裡的咆哮啊🥹
我真的ㄧ刀也捨不得剪
愛麗們今天的血壓危險啊⚠️",2025-12-21 22:10,"人類行為觀察員
NCT夢隊數隊老母親"
jho3o_bobo,Jh BoBo,"委屈巴巴，直接抱怨💢
🐻：ʕ ` Ⱉ ´ ⠕ʔ爲何總是給我這種部份？
🦊：啊喔⋯ 好險不是我😅
🎤這段和聲真的值得反復聽個3698次🎵",2025-12-21 08:39,"人類行為觀察員
NCT夢隊數隊老母親"
jho3o_bobo,Jh BoBo,"我想問：
這個圓滾滾但性感的小可愛
到底要怎麼處理",2025-12-20 19:20,"人類行為觀察員
NCT夢隊數隊老母親"
jho3o_bobo,Jh BoBo,"你們這樣犯規😭😭😭
啊嗚～ 我想要票",2025-12-19 22:12,"人類行為觀察員
NCT夢隊數隊老母親"
uniiioop,uniiioop,跨年的宵夜要吃什麼,2025-12-31 20:17,
uniiioop,uniiioop,"看外送平台上一碗韓式炸醬麵動輒200元以上⋯⋯
它沒有主食耶！為什麼可以賣那麼貴啊啊啊啊啊",2025-12-28 18:53,
grilled.pears888,🍐正宗瓦罐-冰糖烤梨🍐,"代售
小獅王消毒鍋
11/30購入，全新未拆還在保固內
杏茶色$2800（不含運",2025-12-29 14:19,"🍐用瓦罐及炭火的烤梨🍐
Google地標🔍正宗瓦罐冰糖烤梨
台中北屯水湳經貿洲際
每日限量販售‼️
販售時間會提前1-2日公告於脆、哀居‼️
官方賴：@262ahzlb"
grilled.pears888,🍐正宗瓦罐-冰糖烤梨🍐,"12/30 週二 現場有販售喔！
請提前預約‼️
販售當日不接受預約喔‼️",2025-12-28 21:49,"🍐用瓦罐及炭火的烤梨🍐
Google地標🔍正宗瓦罐冰糖烤梨
台中北屯水湳經貿洲際
每日限量販售‼️
販售時間會提前1-2日公告於脆、哀居‼️
官方賴：@262ahzlb"
grilled.pears888,🍐正宗瓦罐-冰糖烤梨🍐,烤梨冷凍包說明卡,2025-12-28 02:41,"🍐用瓦罐及炭火的烤梨🍐
Google地標🔍正宗瓦罐冰糖烤梨
台中北屯水湳經貿洲際
每日限量販售‼️
販售時間會提前1-2日公告於脆、哀居‼️
官方賴：@262ahzlb"
grilled.pears888,🍐正宗瓦罐-冰糖烤梨🍐,"黑糖鹽烤橘
每個烤梨販售日  限量供應
$60/份",2025-12-28 02:11,"🍐用瓦罐及炭火的烤梨🍐
Google地標🔍正宗瓦罐冰糖烤梨
台中北屯水湳經貿洲際
每日限量販售‼️
販售時間會提前1-2日公告於脆、哀居‼️
官方賴：@262ahzlb"
grilled.pears888,🍐正宗瓦罐-冰糖烤梨🍐,"不知道羊奶要不要來讓我研究個
羊奶燉梨🤣🤣🤣
@rnn9063t
@rnn9063t",2025-12-27 20:43,"🍐用瓦罐及炭火的烤梨🍐
Google地標🔍正宗瓦罐冰糖烤梨
台中北屯水湳經貿洲際
每日限量販售‼️
販售時間會提前1-2日公告於脆、哀居‼️
官方賴：@262ahzlb"
grilled.pears888,🍐正宗瓦罐-冰糖烤梨🍐,"重感冒的梨闆😷😷😷
昏沉沉的躺在床上
人很不舒服
結果……被五月天蹦醒🤦🏻‍♂️🤦🏻‍♂️🤦🏻‍♂️
為什麼離洲際這麼遠
每次都會被荼毒啊
😣😣😣",2025-12-27 18:36,"🍐用瓦罐及炭火的烤梨🍐
Google地標🔍正宗瓦罐冰糖烤梨
台中北屯水湳經貿洲際
每日限量販售‼️
販售時間會提前1-2日公告於脆、哀居‼️
官方賴：@262ahzlb"
grilled.pears888,🍐正宗瓦罐-冰糖烤梨🍐,老闆掛病號 但是還是可以預訂冷凍包喔,2025-12-27 13:07,"🍐用瓦罐及炭火的烤梨🍐
Google地標🔍正宗瓦罐冰糖烤梨
台中北屯水湳經貿洲際
每日限量販售‼️
販售時間會提前1-2日公告於脆、哀居‼️
官方賴：@262ahzlb"
grilled.pears888,🍐正宗瓦罐-冰糖烤梨🍐,"我就等金門高粱小編來😤
@kinmen_kaoliang_liquor
@kinmen_kaoliang_liquor",2025-12-26 23:31,"🍐用瓦罐及炭火的烤梨🍐
Google地標🔍正宗瓦罐冰糖烤梨
台中北屯水湳經貿洲際
每日限量販售‼️
販售時間會提前1-2日公告於脆、哀居‼️
官方賴：@262ahzlb"
grilled.pears888,🍐正宗瓦罐-冰糖烤梨🍐,"今年冬天最暖心的禮盒🎁
送的入心
吃的暖心
大家開心
早鳥預購優惠價限時預購中‼️",2025-12-26 16:34,"🍐用瓦罐及炭火的烤梨🍐
Google地標🔍正宗瓦罐冰糖烤梨
台中北屯水湳經貿洲際
每日限量販售‼️
販售時間會提前1-2日公告於脆、哀居‼️
官方賴：@262ahzlb"
grilled.pears888,🍐正宗瓦罐-冰糖烤梨🍐,"這麼冷的天
不來一碗冰糖烤梨嗎？",2025-12-26 12:31,"🍐用瓦罐及炭火的烤梨🍐
Google地標🔍正宗瓦罐冰糖烤梨
台中北屯水湳經貿洲際
每日限量販售‼️
販售時間會提前1-2日公告於脆、哀居‼️
官方賴：@262ahzlb"
grilled.pears888,🍐正宗瓦罐-冰糖烤梨🍐,"12/27、12/28 販售時間
預訂請至官方Line以免漏訊！
販售品項：
原味冰糖烤梨$100
山楂陳皮冰糖烤梨$120
黑糖鹽烤橘🍊$60",2025-12-26 12:01,"🍐用瓦罐及炭火的烤梨🍐
Google地標🔍正宗瓦罐冰糖烤梨
台中北屯水湳經貿洲際
每日限量販售‼️
販售時間會提前1-2日公告於脆、哀居‼️
官方賴：@262ahzlb"
grilled.pears888,🍐正宗瓦罐-冰糖烤梨🍐,"開放加盟
年前限時加盟價8萬8
詳情請私訊或洽官方line",2025-12-26 05:38,"🍐用瓦罐及炭火的烤梨🍐
Google地標🔍正宗瓦罐冰糖烤梨
台中北屯水湳經貿洲際
每日限量販售‼️
販售時間會提前1-2日公告於脆、哀居‼️
官方賴：@262ahzlb"
grilled.pears888,🍐正宗瓦罐-冰糖烤梨🍐,"老闆身體抱恙🙈
12/26 現場沒有販售
12/27、12/28 可以預訂
現場會販售",2025-12-25 22:15,"🍐用瓦罐及炭火的烤梨🍐
Google地標🔍正宗瓦罐冰糖烤梨
台中北屯水湳經貿洲際
每日限量販售‼️
販售時間會提前1-2日公告於脆、哀居‼️
官方賴：@262ahzlb"
grilled.pears888,🍐正宗瓦罐-冰糖烤梨🍐,"冷凍包 10包免運活動
今天最後一天喔！
今天最後一天喔！
今天最後一天喔！",2025-12-25 15:54,"🍐用瓦罐及炭火的烤梨🍐
Google地標🔍正宗瓦罐冰糖烤梨
台中北屯水湳經貿洲際
每日限量販售‼️
販售時間會提前1-2日公告於脆、哀居‼️
官方賴：@262ahzlb"
grilled.pears888,🍐正宗瓦罐-冰糖烤梨🍐,"今天有微少量的冷凍包可以私訊老闆
到攤取貨購買
今日現場沒有販售🙈
（老闆身體抱恙🙈）",2025-12-25 15:53,"🍐用瓦罐及炭火的烤梨🍐
Google地標🔍正宗瓦罐冰糖烤梨
台中北屯水湳經貿洲際
每日限量販售‼️
販售時間會提前1-2日公告於脆、哀居‼️
官方賴：@262ahzlb"
grilled.pears888,🍐正宗瓦罐-冰糖烤梨🍐,深夜趕工 冷凍包,2025-12-25 02:00,"🍐用瓦罐及炭火的烤梨🍐
Google地標🔍正宗瓦罐冰糖烤梨
台中北屯水湳經貿洲際
每日限量販售‼️
販售時間會提前1-2日公告於脆、哀居‼️
官方賴：@262ahzlb"
grilled.pears888,🍐正宗瓦罐-冰糖烤梨🍐,"台東震央7級 😱
希望平安🙏",2025-12-24 17:51,"🍐用瓦罐及炭火的烤梨🍐
Google地標🔍正宗瓦罐冰糖烤梨
台中北屯水湳經貿洲際
每日限量販售‼️
販售時間會提前1-2日公告於脆、哀居‼️
官方賴：@262ahzlb"
grilled.pears888,🍐正宗瓦罐-冰糖烤梨🍐,"12/24 平安夜🧑‍🎄 吃烤梨～
烤烤烤烤梨～～～",2025-12-23 21:47,"🍐用瓦罐及炭火的烤梨🍐
Google地標🔍正宗瓦罐冰糖烤梨
台中北屯水湳經貿洲際
每日限量販售‼️
販售時間會提前1-2日公告於脆、哀居‼️
官方賴：@262ahzlb"
grilled.pears888,🍐正宗瓦罐-冰糖烤梨🍐,"12/25 販售時間
請先預訂",2025-12-23 14:33,"🍐用瓦罐及炭火的烤梨🍐
Google地標🔍正宗瓦罐冰糖烤梨
台中北屯水湳經貿洲際
每日限量販售‼️
販售時間會提前1-2日公告於脆、哀居‼️
官方賴：@262ahzlb"
grilled.pears888,🍐正宗瓦罐-冰糖烤梨🍐,"經過上次的外送列車🚆
好像有些人沒跟到🙈🙈🙈
若近期找時間發車，有人要上車嗎？
先調查一下，再來安排時間🙈
累積有30碗才發車喔
請投票🙈🙈🙈",2025-12-23 07:05,"🍐用瓦罐及炭火的烤梨🍐
Google地標🔍正宗瓦罐冰糖烤梨
台中北屯水湳經貿洲際
每日限量販售‼️
販售時間會提前1-2日公告於脆、哀居‼️
官方賴：@262ahzlb"
grilled.pears888,🍐正宗瓦罐-冰糖烤梨🍐,"12/24、12/25
我們都有營業喔
預訂請至官方Line洽詢
現場僅少量販售",2025-12-22 14:54,"🍐用瓦罐及炭火的烤梨🍐
Google地標🔍正宗瓦罐冰糖烤梨
台中北屯水湳經貿洲際
每日限量販售‼️
販售時間會提前1-2日公告於脆、哀居‼️
官方賴：@262ahzlb"
grilled.pears888,🍐正宗瓦罐-冰糖烤梨🍐,"烤梨冷凍包10包免運活動到12/25喔‼️
詳情請洽官方Line",2025-12-21 11:08,"🍐用瓦罐及炭火的烤梨🍐
Google地標🔍正宗瓦罐冰糖烤梨
台中北屯水湳經貿洲際
每日限量販售‼️
販售時間會提前1-2日公告於脆、哀居‼️
官方賴：@262ahzlb"
grilled.pears888,🍐正宗瓦罐-冰糖烤梨🍐,"12/23 營業時間
限量販售 預訂最晚請於前一日預訂
當日不接受預訂‼️
現場會有少量販售‼️
台中市區內預訂25～30碗⬆️可外送
需提前兩日預訂‼️（碗數視遠近而定）",2025-12-21 11:07,"🍐用瓦罐及炭火的烤梨🍐
Google地標🔍正宗瓦罐冰糖烤梨
台中北屯水湳經貿洲際
每日限量販售‼️
販售時間會提前1-2日公告於脆、哀居‼️
官方賴：@262ahzlb"
grilled.pears888,🍐正宗瓦罐-冰糖烤梨🍐,"借用
@chami.112
@chami.112
的保溫袋
裝一碗烤梨去抓🫎🤣
@six.lin666
@six.lin666
麋鹿先生 你的烤梨記得吃喔🤣🤣🤣",2025-12-19 23:12,"🍐用瓦罐及炭火的烤梨🍐
Google地標🔍正宗瓦罐冰糖烤梨
台中北屯水湳經貿洲際
每日限量販售‼️
販售時間會提前1-2日公告於脆、哀居‼️
官方賴：@262ahzlb"
grilled.pears888,🍐正宗瓦罐-冰糖烤梨🍐,"🍊鹽烤完 黑糖炙燒
晚上冷冷的
吃一顆暖一暖",2025-12-19 19:54,"🍐用瓦罐及炭火的烤梨🍐
Google地標🔍正宗瓦罐冰糖烤梨
台中北屯水湳經貿洲際
每日限量販售‼️
販售時間會提前1-2日公告於脆、哀居‼️
官方賴：@262ahzlb"
grilled.pears888,🍐正宗瓦罐-冰糖烤梨🍐,"12/19 延長營業時間至 20:30
想吃烤梨的快來🤣🤣🤣",2025-12-19 17:58,"🍐用瓦罐及炭火的烤梨🍐
Google地標🔍正宗瓦罐冰糖烤梨
台中北屯水湳經貿洲際
每日限量販售‼️
販售時間會提前1-2日公告於脆、哀居‼️
官方賴：@262ahzlb"
cssnisy,Yomi3,每年都看你們在那邊吃葡萄 結果也沒幸福,2025-12-31 18:07,我是女的。
cssnisy,Yomi3,今年我又成功的獲得0位女子愛上我的好成績！,2025-12-31 17:40,我是女的。
cssnisy,Yomi3,我的互關為啥都不找我玩。,2025-12-31 16:18,我是女的。
cssnisy,Yomi3,我就這樣默默回關。,2025-12-31 01:00,我是女的。
cssnisy,Yomi3,我看上的永遠不會追蹤我！,2025-12-31 00:52,我是女的。
cssnisy,Yomi3,有些人總給我一種求偶慾望的特別高的感覺 好可怕 不談戀愛會死嗎！,2025-12-31 00:15,我是女的。
cssnisy,Yomi3,好多女同都喜歡aespa,2025-12-31 00:12,我是女的。
cssnisy,Yomi3,我靠你們咋都莫名其妙來追蹤我的ig 還看不出是男是女這讓我很難同意啊！,2025-12-30 23:37,我是女的。
cssnisy,Yomi3,你們別管我 我偷偷的發⋯,2025-12-29 00:21,我是女的。
cssnisy,Yomi3,某些男的也太容易破防 好搞笑,2025-12-28 22:03,我是女的。
cssnisy,Yomi3,唉完全沒活成小時候想像的樣子啊,2025-12-28 21:51,我是女的。
cssnisy,Yomi3,戾氣能不能別這麼大 我看你們都去玩微博吧,2025-12-28 15:40,我是女的。
cssnisy,Yomi3,脆上面很多人都努力當個好家長真是暖心,2025-12-21 14:43,我是女的。
cssnisy,Yomi3,世界上怎麼這麼多瘋子啊,2025-12-19 21:16,我是女的。
marleny.ch_,Marleny Chen,🩷,2025-12-31 13:08,
azu58790,Sherry,今晚有人會吃12顆葡萄嗎？,2025-12-31 18:17,
azu58790,Sherry,睡到一半被叫起來的咪,2025-12-21 10:08,
shin_11.17,欣宸,我發現今天沒時間吃午餐,2025-12-24 11:19,"受到親愛的高中同學影響
我要開始用脆了
-
一個尋找三餐靈感
還有紀錄可愛的老師同學語錄的地方
呵呵呵呵"
shin_11.17,欣宸,"體育課打排球
手好痛😬",2025-12-24 09:53,"受到親愛的高中同學影響
我要開始用脆了
-
一個尋找三餐靈感
還有紀錄可愛的老師同學語錄的地方
呵呵呵呵"
shin_11.17,欣宸,"國文老師：
傲嬌是
平常還好
但是遇到特定的人
身邊會出現花花",2025-12-24 08:06,"受到親愛的高中同學影響
我要開始用脆了
-
一個尋找三餐靈感
還有紀錄可愛的老師同學語錄的地方
呵呵呵呵"
shin_11.17,欣宸,"同學對不起
我不知道電梯的開是哪一個
怕你們要眼睜睜地看著電梯關起來
然後走路下樓",2025-12-23 17:05,"受到親愛的高中同學影響
我要開始用脆了
-
一個尋找三餐靈感
還有紀錄可愛的老師同學語錄的地方
呵呵呵呵"
shin_11.17,欣宸,"我是猜拳大師
哇哈哈",2025-12-23 10:12,"受到親愛的高中同學影響
我要開始用脆了
-
一個尋找三餐靈感
還有紀錄可愛的老師同學語錄的地方
呵呵呵呵"
shin_11.17,欣宸,徵求偵探,2025-12-22 14:11,"受到親愛的高中同學影響
我要開始用脆了
-
一個尋找三餐靈感
還有紀錄可愛的老師同學語錄的地方
呵呵呵呵"
shin_11.17,欣宸,好失敗喔,2025-12-21 21:06,"受到親愛的高中同學影響
我要開始用脆了
-
一個尋找三餐靈感
還有紀錄可愛的老師同學語錄的地方
呵呵呵呵"
shin_11.17,欣宸,✌🏻🖐🏻就是今天,2025-12-20 09:27,"受到親愛的高中同學影響
我要開始用脆了
-
一個尋找三餐靈感
還有紀錄可愛的老師同學語錄的地方
呵呵呵呵"
shin_11.17,欣宸,好沈重喔,2025-12-19 22:59,"受到親愛的高中同學影響
我要開始用脆了
-
一個尋找三餐靈感
還有紀錄可愛的老師同學語錄的地方
呵呵呵呵"
shin_11.17,欣宸,"羅羅：
每逢佳節倍思親
每逢化學特開心",2025-12-19 13:16,"受到親愛的高中同學影響
我要開始用脆了
-
一個尋找三餐靈感
還有紀錄可愛的老師同學語錄的地方
呵呵呵呵"
ptc_.0506,ptc_.0506,有男朋友陪我跨年 我很幸福,2025-12-31 20:33,一隻無憂無慮的🐱
ptc_.0506,ptc_.0506,"誰懂
男朋友躺在自己腿上睡覺的爽感",2025-12-25 19:13,一隻無憂無慮的🐱
ptc_.0506,ptc_.0506,"我很喜歡今年
因為我遇到了你",2025-12-25 11:19,一隻無憂無慮的🐱
ptc_.0506,ptc_.0506,媽的最討厭那種沒有邊界感的人了,2025-12-24 17:15,一隻無憂無慮的🐱
ptc_.0506,ptc_.0506,我討厭這個世界上所有敷衍我的人,2025-12-18 21:54,一隻無憂無慮的🐱
xj141216,X,"跨年吃12顆葡萄
第一顆：
希望他開心
第二顆：
希望他工作順利
第三顆：
希望他騎車小心
第四顆：
希望他少抽菸
第五顆：
希望破事不要靠近他
第六顆：
希望他健康
第七顆：
希望他照顧好自己
第八顆：
希望他不要太累
第九顆：
希望他多喝水
第十顆：
希望他幸福
第十一顆：
希望他回到我身邊
第十二顆：
我會讓他幸福",2025-12-31 20:29,我愛你
xj141216,X,總有一天大家都會幸福,2025-12-30 21:52,我愛你
xj141216,X,明天晚上有空嗎 我好想你,2025-12-30 21:47,我愛你
xj141216,X,"：好久不見
我的愛人",2025-12-30 20:51,我愛你
xj141216,X,一整年都沒交到對象你以為快跨年了就會自己蹦出來嗎？,2025-12-30 20:02,我愛你
xj141216,X,"：
我希望你能夠幸福 她不值得你抽那麼多菸",2025-12-30 17:25,我愛你
xj141216,X,"幸不幸福不重要
身邊是你就好了 是你 我就幸福",2025-12-30 17:24,我愛你
xj141216,X,等我瘦下來就回來我身邊好不好,2025-12-30 10:11,我愛你
xj141216,X,幹 回追我會死嗎,2025-12-29 21:41,我愛你
xj141216,X,可是我想為了自己再勇敢一次,2025-12-27 22:53,我愛你
xj141216,X,我現在好緊張 我不敢發,2025-12-27 22:52,我愛你
xj141216,X,我今天晚上傳訊息給他 有好消息我明天就發跟他的合照,2025-12-27 22:39,我愛你
xj141216,X,我看他精選傻笑半小時了 我現在超級紅 我不行了,2025-12-27 22:05,我愛你
xj141216,X,1千個讚我就去找前男友提復合,2025-12-27 21:27,我愛你
xj141216,X,如果還有機會 我想正大光明站在你身邊再好好愛你一次,2025-12-27 19:12,我愛你
xj141216,X,我愛你 幸福了就少抽菸,2025-12-27 15:52,我愛你
xj141216,X,聖誕老公公 我今年很乖 可以把他還給我嗎,2025-12-26 18:04,我愛你
xj141216,X,"：
我捨不得你",2025-12-25 21:35,我愛你
xj141216,X,"他前女友交男朋友了 他現在和我一樣愛而不得
但我好心疼他 明明他那麼好 值得被好好對待",2025-12-25 19:30,我愛你
xj141216,X,"等我變得足夠好你就回頭找我好不好
我會讓你幸福",2025-12-25 01:21,我愛你
xj141216,X,"當時鬧得人盡皆知 現在卻留我一個善後
你怎麼能那麼狠心
可我好想你",2025-12-23 22:28,我愛你
xj141216,X,一次又一次的失望 我還是一而再再而三的原諒你,2025-12-22 21:36,我愛你
xj141216,X,我愛上了一個不會讓我開心的男孩,2025-12-22 20:54,我愛你
xj141216,X,有你勝所有,2025-12-22 20:47,我愛你
xj141216,X,如果還有機會 讓我回去好好愛你可以嗎,2025-12-22 20:45,我愛你
xj141216,X,其實你應該也知道我創了一隻脆來述說對你的想念 不知道該怎麼和你表達對你的喜歡 但如果可以 我希望你能夠天天開心,2025-12-22 20:42,我愛你
xj141216,X,如果你能夠幸福 那其他的事就都不那麼重要了,2025-12-22 20:41,我愛你
xj141216,X,我想你的同時你也在想她,2025-12-22 20:38,我愛你
xj141216,X,謝謝你 我的愛人,2025-12-22 00:01,我愛你
xj141216,X,如果當初我乖一點就好了,2025-12-21 23:53,我愛你
xj141216,X,分開的時間已經超過我們在一起的時間了,2025-12-21 23:51,我愛你
xj141216,X,其實 男生也值得被好好珍惜,2025-12-21 23:44,我愛你
xj141216,X,沒有你的日子 感覺少了點什麼,2025-12-21 23:34,我愛你
xj141216,X,在那之後我還是會常常想起你,2025-12-21 23:32,我愛你
xj141216,X,如果你也愛我就好了,2025-12-21 23:26,我愛你
xj141216,X,幹我就是戀愛腦 他回來就算是玩我我也心甘情願。,2025-12-21 22:57,我愛你
xj141216,X,我一直以為時間能夠放下一切,2025-12-21 22:56,我愛你
xj141216,X,還記得那時你捧著我的臉 笑著和我對視的樣子,2025-12-21 22:50,我愛你
xj141216,X,好希望你無憂無慮,2025-12-21 22:43,我愛你
xj141216,X,沒抽菸身上也沒打洞 當不了你的理想型嗎,2025-12-21 18:11,我愛你
xj141216,X,幹。對不起 我好像又搞砸了,2025-12-21 11:20,我愛你
xj141216,X,我又夢到你了,2025-12-18 06:37,我愛你
p2f3020,yuting,"今天早上拜託姑姑幫我買綠葡萄
我說我要跨年許願用的
但我忘記跟他說我是要三秒吃一顆
疼愛姪女的姑姑說他特別挑最大顆的那種要給我
ಥ_ಥ 謝謝姑姑的愛ಥ_ಥ
我現在到底是要拜託姑姑開始練習哈姆立克急救法還是我要多練習幾次吞葡萄？ε-(´∀｀; )",2025-12-31 20:18,～～～～🤪
p2f3020,yuting,"新竹
到底 
哪裡
有在
教人打 
Pickleball
(◐‿◑)�？？？
乾 我是真的很想玩玩看 
為什麼怎麼查都沒資訊",2025-12-27 21:00,～～～～🤪
sammuel.zip,sammuel.zip,最有氣氛的一年✨🤧,2025-12-31 20:30,"起身返工放工訓教
@noodle.zip 公主世一"
the_only_one_writer,唯獨,"中心有貓貓！！！！
其中有隻好似我家貓。",2025-12-31 16:04,"我是唯獨，唯一孤獨的人。
曾是維度使者，如今在孤獨的國度裡，為你寫故事。
以溫柔筆鋒，刻畫揀心之愛。
用沉靜雙眼，見證人間守望。"
the_only_one_writer,唯獨,"心裏不知該想些什麼，
只能茫然的走著，
卻不知路途有多遙遠...",2025-12-31 15:21,"我是唯獨，唯一孤獨的人。
曾是維度使者，如今在孤獨的國度裡，為你寫故事。
以溫柔筆鋒，刻畫揀心之愛。
用沉靜雙眼，見證人間守望。"
the_only_one_writer,唯獨,"以前一天半本，
現在一天一章，
我到底是怎麼了...
為什麼會變得不愛看書了...",2025-12-31 15:10,"我是唯獨，唯一孤獨的人。
曾是維度使者，如今在孤獨的國度裡，為你寫故事。
以溫柔筆鋒，刻畫揀心之愛。
用沉靜雙眼，見證人間守望。"
the_only_one_writer,唯獨,冇女朋友啊啊啊啊救命啊啊啊好想有女陪出街啊啊啊,2025-12-30 18:31,"我是唯獨，唯一孤獨的人。
曾是維度使者，如今在孤獨的國度裡，為你寫故事。
以溫柔筆鋒，刻畫揀心之愛。
用沉靜雙眼，見證人間守望。"
the_only_one_writer,唯獨,"無須儀式，不用理由——
指尖捏起的是剛出爐的夕陽，
齒間碎裂的，是脆響的快樂。
鹽粒沾在嘴角，
像生活偶爾故意留下的破綻。
而我樂於沉迷這金黃的墜落，
畢竟，有些幸福必須親手抓起，
有些溫度，只有趁熱才能抵達。",2025-12-30 15:27,"我是唯獨，唯一孤獨的人。
曾是維度使者，如今在孤獨的國度裡，為你寫故事。
以溫柔筆鋒，刻畫揀心之愛。
用沉靜雙眼，見證人間守望。"
the_only_one_writer,唯獨,"走過的路，會替我記得呼吸。
看過的風景，都是心跳的形狀。
我喜歡到處走走——
不為抵達哪裡，
只是讓雙腳對大地反覆確認：
我還活著，且正在經過這世界。",2025-12-30 13:42,"我是唯獨，唯一孤獨的人。
曾是維度使者，如今在孤獨的國度裡，為你寫故事。
以溫柔筆鋒，刻畫揀心之愛。
用沉靜雙眼，見證人間守望。"
the_only_one_writer,唯獨,"愛情或許是一種「願意」——
願意在另一個生命面前保持真實，
願意在矛盾中依然選擇對話，
願意在無常中持續相信連結的意義。
它不保證永恆，卻能在瞬間照亮彼此的存在。",2025-12-29 16:51,"我是唯獨，唯一孤獨的人。
曾是維度使者，如今在孤獨的國度裡，為你寫故事。
以溫柔筆鋒，刻畫揀心之愛。
用沉靜雙眼，見證人間守望。"
the_only_one_writer,唯獨,來秀個新玩具，我是不是該成為一位VTUBER了（？,2025-12-28 16:48,"我是唯獨，唯一孤獨的人。
曾是維度使者，如今在孤獨的國度裡，為你寫故事。
以溫柔筆鋒，刻畫揀心之愛。
用沉靜雙眼，見證人間守望。"
the_only_one_writer,唯獨,鳴潮牛逼！,2025-12-26 12:56,"我是唯獨，唯一孤獨的人。
曾是維度使者，如今在孤獨的國度裡，為你寫故事。
以溫柔筆鋒，刻畫揀心之愛。
用沉靜雙眼，見證人間守望。"
the_only_one_writer,唯獨,祝各位聖誕節快樂,2025-12-25 12:42,"我是唯獨，唯一孤獨的人。
曾是維度使者，如今在孤獨的國度裡，為你寫故事。
以溫柔筆鋒，刻畫揀心之愛。
用沉靜雙眼，見證人間守望。"
the_only_one_writer,唯獨,不朽在我心中的地位和Middle一樣，有就買～,2025-12-24 17:52,"我是唯獨，唯一孤獨的人。
曾是維度使者，如今在孤獨的國度裡，為你寫故事。
以溫柔筆鋒，刻畫揀心之愛。
用沉靜雙眼，見證人間守望。"
the_only_one_writer,唯獨,"情感，或許是人這副軀殼裡最失敗的設計。
你看那機器，冰冷而精確，錯了便重來，從不留傷痕。我們卻偏被植入這套系統——會鈍痛的、會生鏽的、會在下雨夜無故發作的系統。所謂的愛，不過是將最柔軟的腑臟交出去，任人溫柔或粗暴地捏握。快樂是糖衣，薄薄一層，底下盡是苦澀的藥粉。而悲傷卻像慢性病，潛伏在骨縫裡，每逢陰天便細細地啃咬。
若是沒有情感，世界該多麼清爽。相遇便是相遇，分離不過是座標改變。沒有撕扯的告別，沒有灼熱的盼望，沒有那句「原本可以不一樣」在午夜反覆灼燒喉頭。我們本可如石如木，靜靜地腐朽，不必在每一次呼吸間都嚐到回憶的鐵鏽味。
但我終究在這泥淖裡。窗外的雨還在落，像在反覆擦拭一件永遠乾淨不了的東西。心口那團溫熱的瘀傷，此刻又緩緩跳動起來——這無用的、多餘的、可憎的跳動，竟是我存在最悲哀的證明。原來我們都是帶著這道與生俱來的裂痕活著，滲著血，卻誤以為那是光。",2025-12-19 19:39,"我是唯獨，唯一孤獨的人。
曾是維度使者，如今在孤獨的國度裡，為你寫故事。
以溫柔筆鋒，刻畫揀心之愛。
用沉靜雙眼，見證人間守望。"
ntzoe_11,MDFather,我要吃114514顆葡萄,2025-12-31 19:08,內向靦腆INTP
ntzoe_11,MDFather,新年新希望,2025-12-31 19:02,內向靦腆INTP
ntzoe_11,MDFather,頭破掉,2025-12-29 19:05,內向靦腆INTP
ntzoe_11,MDFather,"你自己這麼厲害，乾脆你自己去試看看啊！不過就只是一個只會說話的網路酸民，我已經看到了你數不清的黑豆文，瑋瑋和哲哲都一樣努力的在經營這個頻道，卻還要被你們這些只會酸別人的黑豆隨意批評，人都會有做不好的時候，你自己是完美到哪去了，也不會去證明自己的實力，卻要在螢幕前酸這些真的有能力的人，難道就不會用實力來證明自己嗎？一定要在這裡罵黃氏兄弟嗎？我看你還是滾出去吧！你竟然質疑黃豆們的忠誠並且挑撥離間，你是黑豆嗎？我知道你喜歡瑋瑋這個心意我懂但你這樣罵哲哲是不對的黃氏兄弟頻道就是因為有哲哲和瑋瑋大家才這麼喜歡瑋瑋唱個很厲害哲哲很帥每個人本來都不是十全十美的你這樣罵他等於是在罵每位粉絲我們黃豆因該要幫助哲哲和瑋瑋而不是只會在那邊罵請你不要再這樣罵了如果你討厭哲哲的話請你自己退出哲哲和瑋瑋那麼努力的拍片就是為了帶給我們歡樂你現在卻一直罵我問你你有比哲哲好嗎有比他帥媽有比他會唱歌嗎你自己也沒很好請停止在繼續罵要罵可以但至少你要長得比哲哲帥不然更本沒資格你現在已經惹火了很多粉絲了請停止謝謝
還是一句老話不管瑋瑋他是不是作秀至少人家願意去作
比起那些老是光說不練
或者連說都不願意說的人來說瑋瑋已經超越太多",2025-12-29 11:25,內向靦腆INTP
ntzoe_11,MDFather,你們這些黃氏兄弟的黑豆真的很煩內，你們以為黃氏兄弟很容易嗎？他們每天都要工作跟開會一些東西，他們第一次剪片也不可能一次就會，他們剛當YouTube 也不是這麼容易，他們是一直一直認真工作才會成為百萬YouTube ，你們要不要試試看以前想當YouTube 的黃氏兄弟，讓你們知道他有多認真，多辛苦，如果你們想欺負哲哲瑋瑋的話就不要在黃氏兄弟粉絲團搞亂了,2025-12-29 11:24,內向靦腆INTP
ntzoe_11,MDFather,"你自己這麼厲害，乾脆你自己去試看看啊！不過就只是一個只會說話的網路酸民，我已經看到了你數不清的黑豆文，瑋瑋和哲哲都一樣努力的在經營這個頻道，卻還要被你們這些只會酸別人的黑豆隨意批評，人都會有做不好的時候，你自己是完美到哪去了，也不會去證明自己的實力，卻要在螢幕前酸這些真的有能力的人，難道就不會用實力來證明自己嗎？一定要在這裡罵黃氏兄弟嗎？我看你還是滾出去吧！你竟然質疑黃豆們的忠誠並且挑撥離間，你是黑豆嗎？我知道你喜歡瑋瑋這個心意我懂但你這樣罵哲哲是不對的黃氏兄弟頻道就是因為有哲哲和瑋瑋大家才這麼喜歡瑋瑋唱個很厲害哲哲很帥每個人本來都不是十全十美的你這樣罵他等於是在罵每位粉絲我們黃豆因該要幫助哲哲和瑋瑋而不是只會在那邊罵請你不要再這樣罵了如果你討厭哲哲的話請你自己退出哲哲和瑋瑋那麼努力的拍片就是為了帶給我們歡樂你現在卻一直罵我問你你有比哲哲好嗎有比他帥媽有比他會唱歌嗎你自己也沒很好請停止在繼續罵要罵可以但至少你要長得比哲哲帥不然更本沒資格你現在已經惹火了很多粉絲了請停止謝謝
還是一句老話不管瑋瑋他是不是作秀至少人家願意去作
比起那些老是光說不練
或者連說都不願意說的人來說瑋瑋已經超越太多",2025-12-29 11:24,內向靦腆INTP
ntzoe_11,MDFather,請問你是黑豆⚫️嗎？😡😡瑋瑋只不過是甲😠😠你這樣故意歧視是可以告的喔👨‍✈️🤭🤭會被判在操場跳20分鐘不專心😃🤭🤭學習當一顆真正的黃豆🟡👍🏻,2025-12-29 11:24,內向靦腆INTP
ntzoe_11,MDFather,都是為了你🫵我上課📖✍️不專心不在意🙂‍↔️🙂‍↕️是因為偷偷看你🫣👀惡作劇是故意在走廊追逐甜蜜❤️🏃‍♂️沒說的愛心🤫我會畫在課桌椅🪑💘希望有一天你會不小心注意🧐🌈校園裡紙飛機📄✈️是青春摺的流星🌠🌟放學後的足跡💨👣是陪著你去補習🕠老師問❓未來想念法律還是醫學系⚖️👨‍⚕️但是我現在的夢想🗣️🗣️💭偏偏就是你🔥🔥,2025-12-29 11:24,內向靦腆INTP
ntzoe_11,MDFather,這並不好玩欸，一直在那邊亂P圖，瑋瑋說過要當一個皮炎有溫度的人，你們這叫做有溫度嗎？你們真的應該反省一下自己吧！,2025-12-29 11:24,內向靦腆INTP
ntzoe_11,MDFather,媽的勒 哲哲摔獎牌整個黃氏兄弟頻道工作人員誰都可以說這句話 就唯獨你瑋瑋不行 瑋瑋要是真的很看重這個頻道這份工作就不會開會的時候度估 這不只是不尊重哲哲和其他工作人員 同時也是不把頻道當回事 這就好比說兩個人住一起 一個衛生習慣很差衣服襪子永遠不洗總是亂丟 垃圾也隨手扔 懶得去廁所所以尿尿在寶特瓶裡全部積在床底下 然後有一天另一個人突然爆發了拿錘子把房間敲爛 對雖然這很不理智 但如果不是那個衛生習慣很差的人搞事哪會發生這種事情 砸爛房間也好哲哲摔獎牌也好 我覺得這些的責任歸屬是一開始就做不對的人 如果他沒有起個頭哪會有後面一連串的事情發生 再說了哲哲也不是什麼精神有狀況的人 一定是像影片裡瑋瑋那樣一直屢勸不聽 哲哲才會爆發的,2025-12-29 11:24,內向靦腆INTP
ntzoe_11,MDFather,"尊不尊重人啊 建議道歉➕刪文😤
然後
這波我挺瑋瑋，雖然瑋瑋開會睡覺也有不對的地方,可是哲哲摔獎牌真的讓人很傷心,但隨著頻道的成長,不完美的地方也一步一步改善,相信大家都很喜歡黃氏兄弟,這件事已經過滿久了,大家要心平氣和的討論,不能只用一件事去判 斷他是怎樣的人喔!
那些說很娘的人,他們比其他人還要努力, 而且他們影片,不比其他百萬YouTuber來的差,他們的每個企劃,做的都很棒.....…而且為什麼會哭?這代表說,他珍惜他們兄弟倆一 起得到的獎勵,再說了,那塊百萬獎牌是他們事前先去訂做的,你們可以去迎新檢查！",2025-12-29 11:23,內向靦腆INTP
ntzoe_11,MDFather,"你在說什麼啊？我們這裡每個人都是真正的黃豆，，，你說我們是黑豆，，，有證據嗎？
我們每個人都是黃氏兄弟的青梅竹馬，，，每場見面會都到場，，，你有看過瑋瑋的p眼嗎？你有和哲哲一起吃過檳榔嗎？？？你憑什麼說我們是黑豆。。。",2025-12-29 11:23,內向靦腆INTP
ntzoe_11,MDFather,尊重一下很難嗎.….你們這些黑粉真的很討厭....同性戀有怎樣嗎？什麽叫甲！人家不是甲好嗎？搞清楚狀況！不喜歡他們就不要看！說那麼多幹嘛！他們粉絲那麼多 真以為他們不會嘴你們這些黑粉酸名？人家喜歡什麼人 就算是同性戀雙性戀 這些都沒有差！現在同性 雙性 都已經被接受了到底你們這些人……這樣很好玩是不是啦！瑋沒有假哭好嗎？自己眼睛瞎了嗎？假哭跟真哭看不出來嗎？然後陽瑋是什麼鬼 都不能尊重一下是不是？評論區也一大堆人都在笑 人家是有名的yt！不是來給你們笑 諷刺的！謝謝！在此公告黃氏兄弟是只屬於我一個人呦👅💦💦💦其他人少來跟我搶🙄🙄🙄黃氏兄弟跟我在一起才會幸福🌹你們如果想要你們的偶像幸福就乖乖聽話吧😏😏惹到黃氏兄弟的未婚妻是沒有好下場的😤😤😤😤😤😤我受夠你們這些人了真的，這裡明明是黃豆社但為什麼你們每個人似乎都帶著滿滿的惡意，每個人都在嘲笑瑋瑋是同性戀這件事，真的很過分，你們有想過瑋瑋看到會多難過多失望嗎，我要退出這個社團了，再見,2025-12-29 11:23,內向靦腆INTP
ntzoe_11,MDFather,好亂😔，好亂😔，真的很痛苦😫，今夜沒法睡一個好覺😵‍💫，腦子裡想的都是瑋瑋🥀🥀，一想到他哭了我就想哭😭，可能我淚點低吧🥺，萌萌人，樂子人，都在落井下石🪨，心好累啊😓，只是想要讓他每天開心有就那麼的難嗎😣？不喜歡的上去踩一腳🦶，給瑋瑋的傷口撒鹽🧂，為黑而黑的人不停反串🍡，他到底犯了什麼錯才會讓這個世界對他這麼殘忍啊😠，冷眼旁觀的👀、看笑話的👄、你們這種人是不是永遠也不會在意他的心情呢😤？瑋瑋被逼🫸，没有人去在意😴，全在討論他哭😢，全在討論謊言🙊，這個世界上真的有那麼絕對的對與錯嗎⭕️❌️？謊言的背後是現實🪡🪨，你們的背後又是什麼呢🧎？他的不甘😩、他的痛苦😞、他想要努力的心情😰、全部都是謊言嗎💬？我只想要陪伴他💞， 讓他繼續微笑😊，如果這樣的瑋瑋讓你們厭惡😈，請你們默默走開👣，不要傷害他🗡，這個世界上有些事情🎹，即使不能相互理解🫤，也請不要互相傷害🤝，請你們讓這個世界多一點美好的事物吧🌈🌈🌈。,2025-12-29 11:22,內向靦腆INTP
ntzoe_11,MDFather,怎麼說……有點脫粉了吧其實 雖然當黃豆的時候真的很開心 瑋瑋哲哲都很有趣 況且我知道他們應該也沒有那種意思 這還是價值觀上面的問題 他們覺得不怎麼樣的事情對我而言有點太嚴重了 私底下偷偷做其實別人也不會說甚麼 但現在的你是公眾人物那你就不應該這樣 總之我最近大概會少追一點黃氏兄弟 唉……看到他們這樣心真的很痛 感覺他們有點忘記初衷了,2025-12-29 11:22,內向靦腆INTP
ntzoe_11,MDFather,"老師，我記性不好。 
你騙誰呢？你記性不好不專心的歌詞你背的溜溜棒。 
老師，我跑步不行！ 
你騙誰呢，上次有一個人罵瑋瑋你追了他2⃣公里。 
老師，我作文不好！ 
你騙誰呢，上次讓你寫瑋瑋，你寫 10多頁。 
老師，我歷史不好！ 你騙誰呢，瑋瑋的光輝✨✨歷史你比誰都清楚吧 ！ 老師，我音樂不好 ！ 
你騙誰呢！瑋瑋的每一首歌你都會唱。 
老師，我電腦不好！ 
你騙誰呢，你天天在臉書搜瑋瑋，你以為我不知道啊！ 
你讓瑋瑋在8⃣0⃣0⃣米终點等我，我讓你知道什麼叫速度； 
给我一張關於瑋瑋的考卷，我讓你知道什麼叫學霸； 
你给我一堂關於瑋瑋的課，我讓你知道什么叫認真； 
你给我一張瑋瑋的演唱會門票，我讓你知道什麼叫瘋狂； 
你在我面前说瑋瑋的壞話，我讓你知道什麼叫死無全屍； 
你讓我在1⃣0⃣秒内記住瑋瑋名字，我讓你知道什麼叫記憶。 
如果有一天瑋瑋退出了網紅圈，我將不再❌❌追星✴✴ 書上說，吃麻辣不好，我戒了。 
書上說，吃薯片不好，我戒了。 
書上說瑋瑋不好，我把書撕了✂，我的男神還要他們評論嗎？
能戒嗎？ 
有一種真誠叫黃豆 
有一位男同叫瑋瑋",2025-12-29 11:22,內向靦腆INTP
ntzoe_11,MDFather,瑋乙己一入社，所有黑豆便都看着他笑，有的叫道，「瑋乙己，你Piyan又添上新傷疤了！」他不回答，去檳榔攤說，「要兩包青仔檳榔，要一碟黃豆。」便排出九文大錢。黑豆又故意的高聲嚷道，「你一定Piyan又塞了熱狗了！」瑋乙己睜大眼睛說，「你怎麼這樣憑空汚人清白……」「什麼清白？我前天親眼見你上課不專心塞了熱狗，不只三根。」瑋乙己便漲紅了臉，額上的青筋條條綻出，爭辯道，「我上課🏫🥴不專心🫣🥵不在意🤩✨是因為🤪🤪偷偷🙈💕看你👀🫵惡作劇😏🤙是故意😮‍💨🔥在走廊👋🥹追逐🏃🥴甜蜜🥰💋🤗」接連便是難懂的話，什麼「樹屋PY派對」，什麼「龍川二街134號」，什麼「黑豆、、請自行退社。。。」之類，引得衆人都鬨笑起來：社內外充滿了快活的空氣。,2025-12-29 11:22,內向靦腆INTP
ntzoe_11,MDFather,你們這些黃氏兄弟的黑豆真的很煩內，你們以為黃氏兄弟很容易嗎？他們每天都要工作跟開會一些東西，他們第一次剪片也不可能一次就會，他們剛當YouTube 也不是這麼容易，他們是一直一直認真工作才會成為百萬YouTube ，你們要不要試試看以前想當YouTube 的黃氏兄弟，讓你們知道他有多認真，多辛苦，如果你們想欺負哲哲瑋瑋的話就不要在黃氏兄弟粉絲團搞亂了,2025-12-29 11:21,內向靦腆INTP
ntzoe_11,MDFather,媽的勒 哲哲摔獎牌整個黃氏兄弟頻道工作人員誰都可以說這句話就唯獨你瑋瑋不行 瑋瑋要是真的很看重這個頻道這份工作就不會開會的時候度估 這不只是不尊重哲哲和其他工作人員 同時也是不把頻道當回事 這就好比說兩個人住一起 一個衛生習慣很差衣服襪子永遠不洗 懶得去廁所所以尿尿在寶特瓶裡全部積在床底下 然後有一天另一個人突然爆發了拿錘子把房間敲爛 對雖然這很不理智 但如果不是那個衛生習慣很差的人搞事哪會發生這種事情 砸爛房間也好哲哲摔獎牌也好我覺得這些的責任歸屬是一開始就做不對的人 如果他沒有起個頭哪會有後面一連串的事情發生 再說了哲哲也不是什麼精神有狀況的人 一定是像影片裡瑋瑋那樣一直屢勸不聽哲哲才會爆發的 其實比起心疼瑋瑋這個開會睡覺的巨嬰 我更心疼扮黑臉的哲哲 因為他擔任兄長的重則 甚至在事後承擔安慰瑋瑋的角色 這頻道不是只有一個人在做的 瑋瑋對工作對頻道是如此散漫他看到獎牌被摔的當下情緒都已經激動成這樣了 更何況是對頻道更上心的哲哲 如果不是為了警惕瑋瑋再加上知道獎牌是假的了 他又何嘗願意做出這種事情呢 我覺得 瑋瑋於情於理都沒資格對哲哲摔獎牌的行為說出這種重話 畢竟他自己有錯在先,2025-12-29 11:21,內向靦腆INTP
ntzoe_11,MDFather,尊重一下很難嗎.….你們這些黑粉真的很討厭....同性戀有怎樣嗎？什麽叫甲！人家不是甲好嗎？搞清楚狀況！不喜歡他們就不要看！說那麼多幹嘛！他們粉絲那麼多 真以為他們不會嘴你們這些黑粉酸名？人家喜歡什麼人 就算是同性戀雙性戀 這些都沒有差！現在同性 雙性 都已經被接受了到底你們這些人……這樣很好玩是不是啦！瑋沒有假哭好嗎？自己眼睛瞎了嗎？假哭跟真哭看不出來嗎？然後陽瑋是什麼鬼 都不能尊重一下是不是？評論區也一大堆人都在笑 人家是有名的yt！不是來給你們笑 諷刺的！謝謝！在此公告黃氏兄弟是只屬於我一個人呦👅💦💦💦其他人少來跟我搶🙄🙄🙄黃氏兄弟跟我在一起才會幸福🌹你們如果想要你們的偶像幸福就乖乖聽話吧😏😏惹到黃氏兄弟的未婚妻是沒有好下場的😤😤😤😤😤😤我受夠你們這些人了真的，這裡明明是黃豆社但為什麼你們每個人似乎都帶著滿滿的惡意，每個人都在嘲笑瑋瑋是同性戀這件事，真的很過分，你們有想過瑋瑋看到會多難過多失望嗎，我要退出這個社團了，再見,2025-12-29 11:21,內向靦腆INTP
ntzoe_11,MDFather,你們這些黑豆是想怎樣啊😠😠 黃雍哲我的男孩💖黃字開頭 哲字結尾❤️心之所向 情不自禁❤️他一笑 春天就來了此生不悔愛哲哲 來世還做黃豆 瑋瑋🌈你回頭 我一定在你身後 不離不棄 無論巔峰谷底🌸 💫  治癒微笑☄善解人意 🌸溫柔體貼🎊從容淡定💕 無比優秀✨神仙顏值🎐 陽光美麗🌟驚鴻一瞥⭐️明月清風🍭 他們是全世界最好的黃氏兄弟🔮是哲哲❤️✨眸球烏靈閃亮長眉連娟✨才貌兼備✨五官精緻而柔媚✨桃之夭夭✨灼灼其華✨如詩畫般雋美✨笑如春枝夏華✨眼有朝暮四季✨此姝國色天香✨沈魚落雁✨傾國傾城✨黯然銷魂✨當真是吾心尖寵✨神仙顏值哲哲吖✨❤人間理想瑋瑋吖✨❤溫柔體貼哲哲吖✨❤治癒微笑瑋瑋吖✨,2025-12-29 11:20,內向靦腆INTP
ntzoe_11,MDFather,追CORTIS好累今年再追3天好了！,2025-12-29 07:21,內向靦腆INTP
ntzoe_11,MDFather,有點冷 然後我在拉屎 我屁股好冷,2025-12-29 06:50,內向靦腆INTP
ntzoe_11,MDFather,2025全部都是,2025-12-28 01:27,內向靦腆INTP
ntzoe_11,MDFather,剛剛王愛蹲是不是大跳,2025-12-28 00:04,內向靦腆INTP
ntzoe_11,MDFather,都是他拉低我智商,2025-12-27 14:53,內向靦腆INTP
ntzoe_11,MDFather,我爸是不是瞎了,2025-12-27 14:53,內向靦腆INTP
ntzoe_11,MDFather,303,2025-12-27 14:38,內向靦腆INTP
ntzoe_11,MDFather,"愛死CORTIS 
想到我媽就不爽 看到CORTIS就很happy",2025-12-27 14:31,內向靦腆INTP
ntzoe_11,MDFather,我愛奶狗,2025-12-23 23:06,內向靦腆INTP
ntzoe_11,MDFather,哇哇哇讀不完了 我手機要沒了 祝我考好一點完蛋了,2025-12-23 00:02,內向靦腆INTP
__wst.__,__wst.__,"第一次在劍湖山下跨年擺攤
趕快來買關東煮🍢跟香腸！！
🍲🍢🌽🍽️🥢🥄
(23.6166790, 120.5723920)",2025-12-31 20:22,📖
wi.6.12,晃飛一條街,跟我聊天跟我電話陪我跨年,2025-12-31 20:49,台中
wi.6.12,晃飛一條街,不能去跨年的加我哀居跟我電話,2025-12-31 20:45,台中
wi.6.12,晃飛一條街,幹男生剪頭髮真的是一個歷練,2025-12-30 20:23,台中
suphxnsaa_,suphansa,🙇🏻‍♀️,2025-12-31 10:30,🌻
suphxnsaa_,suphansa,😇,2025-12-23 20:29,🌻
qhuai.__,生疏到今天这个样子真是不容易,台灣流傳一個老說法，新年鐘聲敲第12下前，要吃下12隻鹽焗雞，12碟鹽酥杏鮑菇，12碗擔仔麵，12條香腸，12碗蚵仔麵線，12隻烤雞腿，12碗滑蛋炒飯，12個茂谷柑，12個芭樂，12碗藥燉排骨，12碟潤餅，12碗雞肉飯，12塊蜜汁豬排，邊吃邊許願，整年福氣滿滿，心想事成。,2025-12-31 20:49,(>_<)
yymfrc_,yymfrc_,"今天跨年我要吃96顆葡萄
幫朴成淏吃12顆 因為他在健身不能吃 
幫李常赫吃12顆 因為水獺不適合吃葡萄
幫明宰鉉吃12顆 因為狗狗不可以吃葡萄
幫漢東旼吃12顆 因為他不喜歡吃茄子 同理也不喜歡吃紫色的葡萄 所以我幫他吃 
幫金桐儇吃12顆 這個沒有為什麼 因為他是我男友
幫金雲鶴吃24顆 他食量比較大
還有我自己也要吃🙂‍↕️🙂‍↕️",2025-12-31 20:59,"碎碎念的地方
女權
波捏豆團粉"
yymfrc_,yymfrc_,都知道朴南瓜的立場了吧,2025-12-31 16:46,"碎碎念的地方
女權
波捏豆團粉"
yymfrc_,yymfrc_,吉他弦你還在那邊唱天堂島嚇你哥😍❓❓,2025-12-31 16:31,"碎碎念的地方
女權
波捏豆團粉"
yymfrc_,yymfrc_,明明唱著throw it away 但是跳的時候眼神卻緊緊鎖定 ￼我不行了🔥🔥,2025-12-28 01:08,"碎碎念的地方
女權
波捏豆團粉"
yymfrc_,yymfrc_,咋還有翹臀,2025-12-28 00:40,"碎碎念的地方
女權
波捏豆團粉"
yymfrc_,yymfrc_,王aden是你嗎,2025-12-27 23:21,"碎碎念的地方
女權
波捏豆團粉"
yymfrc_,yymfrc_,金同學你那一杯水要喝多久,2025-12-27 19:28,"碎碎念的地方
女權
波捏豆團粉"
yymfrc_,yymfrc_,坐姿完全釜山男人跟首爾富少,2025-12-27 19:22,"碎碎念的地方
女權
波捏豆團粉"
yymfrc_,yymfrc_,又在學又在學,2025-12-27 19:21,"碎碎念的地方
女權
波捏豆團粉"
yymfrc_,yymfrc_,啊啊啊啊終於開雙人直播了,2025-12-27 19:10,"碎碎念的地方
女權
波捏豆團粉"
yymfrc_,yymfrc_,最近便秘 剛才用手把金針菇拉出來 那觸感。。。不說了🚬,2025-12-27 00:14,"碎碎念的地方
女權
波捏豆團粉"
yymfrc_,yymfrc_,我想找一首歌 有大概五六個白人男生 都是金髮  在森林裡唱歌 坐在圓形高凳上 有唱很高的高音 ￼好像還有一位學狼叫（？,2025-12-26 23:07,"碎碎念的地方
女權
波捏豆團粉"
yymfrc_,yymfrc_,歐巴你犯什麼事了 為什麼他們要打你戒鞭😭😭,2025-12-26 18:40,"碎碎念的地方
女權
波捏豆團粉"
yymfrc_,yymfrc_,那個大跳真的好像蜻蜓。。。,2025-12-25 23:50,"碎碎念的地方
女權
波捏豆團粉"
yymfrc_,yymfrc_,泰山說三葉草是幸福 四葉草是幸運 我們為什麼要放棄幸福去追求幸運呢☘️☘️有一般票就夠了🙂‍↕️（看到這篇的都有票！！,2025-12-24 18:43,"碎碎念的地方
女權
波捏豆團粉"
yymfrc_,yymfrc_,各位你們覺得看櫻花季一定要d區以上嗎 我目前有一張一般票想升艙 但是家人覺得沒必要,2025-12-24 17:08,"碎碎念的地方
女權
波捏豆團粉"
yymfrc_,yymfrc_,啊啊啊我搶到票了 是一般區 可以跟大家野餐了,2025-12-24 13:47,"碎碎念的地方
女權
波捏豆團粉"
yymfrc_,yymfrc_,I trying not be too bitter bot damm it I miss 鄰家男 cause he’s the one of kind(one of kind),2025-12-23 18:37,"碎碎念的地方
女權
波捏豆團粉"
yymfrc_,yymfrc_,明日全售再戰🙂‍↕️🙂‍↕️,2025-12-23 15:47,"碎碎念的地方
女權
波捏豆團粉"
yymfrc_,yymfrc_,脆的刷新條有雪耶❄️你們也有嗎,2025-12-23 00:00,"碎碎念的地方
女權
波捏豆團粉"
yymfrc_,yymfrc_,都25年了 大家的印象還停留在短頭髮=男性,2025-12-22 22:10,"碎碎念的地方
女權
波捏豆團粉"
yymfrc_,yymfrc_,最近得了會突然哼唱鄰家男的歌的病,2025-12-22 17:34,"碎碎念的地方
女權
波捏豆團粉"
yymfrc_,yymfrc_,想哭。,2025-12-21 00:19,"碎碎念的地方
女權
波捏豆團粉"
yymfrc_,yymfrc_,有人可以告訴我這個伴舞是誰嗎 他的眼神好帥 好漂亮喔,2025-12-20 22:14,"碎碎念的地方
女權
波捏豆團粉"
yymfrc_,yymfrc_,超好笑。。。我姊被困在家門外 結果我語音輸入打錯字:),2025-12-20 17:48,"碎碎念的地方
女權
波捏豆團粉"
yymfrc_,yymfrc_,明明你放心的成為狼吧 你不用再當狗了 因為你的狗來了,2025-12-19 23:38,"碎碎念的地方
女權
波捏豆團粉"
yymfrc_,yymfrc_,當我跟你分享我的天馬行空 一些有點壞又不切實際的想法時 是因為我信任你 ￼想和你分享這些 我不會對旁人訴諸的內心獨白 不是讓你說啊你怎麼這樣啊 這樣不太好吧🤷‍♀️,2025-12-18 21:46,"碎碎念的地方
女權
波捏豆團粉"
yymfrc_,yymfrc_,"各位豌豆最喜歡bnd的哪一首歌？
：crying 小魚的導入超好聽 旋律也很抓耳 會讓人想一直聽",2025-12-18 18:59,"碎碎念的地方
女權
波捏豆團粉"
jackywwp,Jw _ticket,"1️⃣King Maker Fest: Count down to 2026 
12月31日(跨年) (澳門新濠 10:00PM)
(Collar,Error,lyman,Mirror,P1x3L,ROVER,5G)
✅$1888前排(地面)
🔥O行x2(小舞台中間第6行1x-2x)@1600
🔥Q行x3+2(小舞台中間第8行1x-2x)@1300
🔥K行x2(全埸第10行)@1100
🔥Q行x6(全埸第15行)@800
2️⃣Mirror first day 2026 1月1日(澳門新濠 7:00PM)
✅$2388前排(地面)
小舞台第1行x2(21-22)@9800
小舞台第1行x2(24-25)@8500
全埸第2行x1(B行31)台邊貼舞台第1位x1@6400
$1888看台
104區2行x2@3000
3️⃣叱吒頒獎典禮 1月1日(亞博)
(現票交收)
13區B行x3@2200
13區D行x4@2000
13區E行x2@1900
13區G行x3@1800",2025-12-30 08:20,"不能富貴非因宿命只怨懶，難成大器既貪詩酒又戀花
8年票務～接全球演唱會～現票交收～歡迎關注～點讚和分享～❤️"
jackywwp,Jw _ticket,"出出張學友 12月30-31日,1月2-3-6-7日 
(現票交收,1月6日-1月24日在表格選座)
30/12
暫時完結
31/12
$1380x2 43/44段13行@1900
$1380x1 44段15行@1800
$1380x3 75-78段20行@1800
$1380x1 75-78段20行@1700
$580x1 50段34行@900
2/1(五)
$1380x4+5 75-78段20行@2200
3/1(六)
$980x4 42段21行@1700
$980x6 49/50段23行@1600
$980x6 43/44段25行@1600
$980x6 43/44段28行@1500
$980x2 52段29行@1400
$580x2 7x段34行@1150
$580x1+1 4x段36行
@1000
@1000",2025-12-30 08:20,"不能富貴非因宿命只怨懶，難成大器既貪詩酒又戀花
8年票務～接全球演唱會～現票交收～歡迎關注～點讚和分享～❤️"
jackywwp,Jw _ticket,"出出周深 12月31日 +1月1日
(現票交收,其他位可以在表格選座)
1️⃣12月31日(跨年)
$1699x1 A4區ZA行(貼大舞台正中10x)@4800
$1199x2+2 214區FF行(RV)@1500
$1199x2 222區T行(RV)@1500
$929x2 519區J行(中間)@1600
$929x2 523區G行(中間)@1600
2️⃣1月1日(元旦)
$1699x1 A4區X行(貼大舞台第23行11x)@4600
$929x2+2 512-514區A行@1800
$929x2+2 512-514區C行@1600
$929x2 518區(中間)GG行@1600
$699x1+1 519-523區(中間)NN行@1300
$699x6 508-511區EE行@1400
$699x6 508-511區LL行@1200
$399x4 523-526區PP行@1100",2025-12-30 08:19,"不能富貴非因宿命只怨懶，難成大器既貪詩酒又戀花
8年票務～接全球演唱會～現票交收～歡迎關注～點讚和分享～❤️"
jackywwp,Jw _ticket,"1️⃣King Maker Fest: Count down to 2026 
12月31日(跨年) (澳門新濠 10:00PM)
(Collar,Error,lyman,Mirror,P1x3L,ROVER,5G)
✅$1888前排(地面)
🔥P行x3(小舞台中間第7行1x-2x)@1400
🔥Q行x2+2(小舞台中間第8行1x-2x)@1300
🔥K行x4(全埸第10行)@1100
🔥Q行x4(全埸第15行)@800
2️⃣Mirror first day 2026 1月1日(澳門新濠 7:00PM)
✅$2388前排(地面)
小舞台第1行x2(皇帝位21-22)@10500
小舞台第1行x2(皇帝位24-25)@9000
全埸第2行x1(B行31)台邊貼舞台第1位x1@6600
全埸第10行x2(J行36-38)@4800
全埸第11行x4(K行36-39)@4600
$1888看台
103區2行x2@3400
104區2行x2@3400
3️⃣叱吒頒獎典禮 1月1日(亞博)
(現票交收)
5/13區B行x3@2200
5/13區D行x4@2000
5/13區E行x2@1900",2025-12-30 01:02,"不能富貴非因宿命只怨懶，難成大器既貪詩酒又戀花
8年票務～接全球演唱會～現票交收～歡迎關注～點讚和分享～❤️"
jackywwp,Jw _ticket,"3️⃣叱吒頒獎典禮 1月1日(亞博)
(現票交收)
4/14區X行x4@1700
5/13區B行x4@2000
5/13區E行x4@1900
5/13區H行x4@1800
5/13區J行x4@1600",2025-12-29 22:05,"不能富貴非因宿命只怨懶，難成大器既貪詩酒又戀花
8年票務～接全球演唱會～現票交收～歡迎關注～點讚和分享～❤️"
jackywwp,Jw _ticket,"1️⃣King Maker Fest: Count down to 2026 
12月31日(跨年) (澳門新濠 10:00PM)
(Collar,Error,lyman,Mirror,P1x3L,ROVER,5G)
✅$1888前排(地面)
🔥P行x3(小舞台中間第7行1x-2x)@1400
🔥Q行x2+2(小舞台中間第8行1x-2x)@1300
🔥K行x4(全埸第10行)@1100
🔥Q行x4(全埸第15行)@800
2️⃣Mirror first day 2026 1月1日(澳門新濠 7:00PM)
✅$2388前排(地面)
小舞台第1行x2(皇帝位21-22)@10500
小舞台第1行x2(皇帝位24-25)@9000
全埸第2行x1(B行31)台邊貼舞台第1位x1@6600
全埸第10行x2(J行36-38)@4800
全埸第11行x4(K行36-39)@4600
$1888看台
103區2行x2@3400
104區2行x2@3400",2025-12-29 22:05,"不能富貴非因宿命只怨懶，難成大器既貪詩酒又戀花
8年票務～接全球演唱會～現票交收～歡迎關注～點讚和分享～❤️"
jackywwp,Jw _ticket,"出出周深 12月31日 +1月1日
(現票交收,其他位可以在表格選座)
1️⃣12月31日(跨年)
$1699x1 A4區ZA行(貼大舞台正中10x)@5200
$1199x1 216-220區E行(中間區)@2200
$1199x2 216-220區L行(中間區)@1900
$929x2+2 519-523區H行(中間)@1600
$699x5 508-513區GG行(近台)@1100
2️⃣1月1日(元旦)
VIPx1 (含餐飲)@3800
$1699x1 A4區X行(貼大舞台第23行)@4600
$1699x8 A5區A行(全埸第1行)@4600
$929x2+2 512-514區C行@1600
$929x2 518-523區(中間)GG行@1600
$929x1 518-523區(中間)E行@1400
$699x1+1 519-523區(中間)NN行
@1000
@1000
$699x6 508-511區EE行@1100
$399x4 523-526區PP行@900
周深價錢調整",2025-12-29 19:28,"不能富貴非因宿命只怨懶，難成大器既貪詩酒又戀花
8年票務～接全球演唱會～現票交收～歡迎關注～點讚和分享～❤️"
jackywwp,Jw _ticket,"3️⃣叱吒頒獎典禮 1月1日(亞博)
(現票交收)
5/13區F行x2@1800
5/13區L行x2@1700
4/14區連位x4@1700
看台連位x4@ 1300(30號後出票)",2025-12-29 16:13,"不能富貴非因宿命只怨懶，難成大器既貪詩酒又戀花
8年票務～接全球演唱會～現票交收～歡迎關注～點讚和分享～❤️"
jackywwp,Jw _ticket,"1️⃣King Maker Fest: Count down to 2026 
12月31日(跨年) (澳門新濠 10:00PM)
(Collar,Error,lyman,Mirror,P1x3L,ROVER,5G)
✅$1888前排(地面)
P行x2(小舞台中間第7行1x-2x)@1400
Q行x6(小舞台中間第8行1x-2x)@1300
K行x4(全埸第10行)@1100
M行x4(全埸第12行)@900
Q行x4(全埸第15行)@800
2️⃣Mirror first day 2026 1月1日(澳門新濠 7:00PM)
✅$2388前排(地面)
小舞台第1行x2(皇帝位21-22)@11000
小舞台第1行x2(皇帝位24-25)@9500
全埸第2行x1(B行31)台邊貼舞台第1位x1@7000
全埸第10行x3(J行36-38)@4800
全埸第11行x2(K行36-37)@4600
全埸第11行x2(K行38-39)
@4400
@4400
$1888看台
103區2行x2@3400
104區2行x2@3400
111區1行x1@3600",2025-12-29 16:12,"不能富貴非因宿命只怨懶，難成大器既貪詩酒又戀花
8年票務～接全球演唱會～現票交收～歡迎關注～點讚和分享～❤️"
jackywwp,Jw _ticket,叱咤，Mirror first day，King Maker 新增庫存，歡迎在DM查詢❤️,2025-12-29 16:06,"不能富貴非因宿命只怨懶，難成大器既貪詩酒又戀花
8年票務～接全球演唱會～現票交收～歡迎關注～點讚和分享～❤️"
jackywwp,Jw _ticket,如果有人跟Kobe買了的，可以準備報警了😂,2025-12-29 13:56,"不能富貴非因宿命只怨懶，難成大器既貪詩酒又戀花
8年票務～接全球演唱會～現票交收～歡迎關注～點讚和分享～❤️"
jackywwp,Jw _ticket,"出King Maker Fest,TXT(VIP),張學友，周深，叱咤頒獎典禮，Mirror first day（新增庫存），看台/內場靚位，現票交收，無需訂金
‼️溫馨提示：未出票項目都需訂金留票‼️",2025-12-29 12:41,"不能富貴非因宿命只怨懶，難成大器既貪詩酒又戀花
8年票務～接全球演唱會～現票交收～歡迎關注～點讚和分享～❤️"
jackywwp,Jw _ticket,澳門Super Junior 庫存更新，有興趣PM詳情❤️,2025-12-29 12:40,"不能富貴非因宿命只怨懶，難成大器既貪詩酒又戀花
8年票務～接全球演唱會～現票交收～歡迎關注～點讚和分享～❤️"
jackywwp,Jw _ticket,"澳門—江蘇衛視 跨年
(電子票 購買2/4張 可換綁賬號)
有興趣PM",2025-12-29 12:36,"不能富貴非因宿命只怨懶，難成大器既貪詩酒又戀花
8年票務～接全球演唱會～現票交收～歡迎關注～點讚和分享～❤️"
jackywwp,Jw _ticket,香港TxT 現票交收❤️,2025-12-29 11:05,"不能富貴非因宿命只怨懶，難成大器既貪詩酒又戀花
8年票務～接全球演唱會～現票交收～歡迎關注～點讚和分享～❤️"
jackywwp,Jw _ticket,"King Maker Fest,Mirror First Day,叱咤更新❤️現票面交",2025-12-29 10:57,"不能富貴非因宿命只怨懶，難成大器既貪詩酒又戀花
8年票務～接全球演唱會～現票交收～歡迎關注～點讚和分享～❤️"
jackywwp,Jw _ticket,BLACKPINK 庫存價格更新 有興趣PM❤️,2025-12-29 10:56,"不能富貴非因宿命只怨懶，難成大器既貪詩酒又戀花
8年票務～接全球演唱會～現票交收～歡迎關注～點讚和分享～❤️"
jackywwp,Jw _ticket,張學友表格更新 現票面交 有興趣PM❤️,2025-12-29 10:55,"不能富貴非因宿命只怨懶，難成大器既貪詩酒又戀花
8年票務～接全球演唱會～現票交收～歡迎關注～點讚和分享～❤️"
jackywwp,Jw _ticket,周深表格更新，有興趣PM我詳情，現票交收❤️,2025-12-29 10:39,"不能富貴非因宿命只怨懶，難成大器既貪詩酒又戀花
8年票務～接全球演唱會～現票交收～歡迎關注～點讚和分享～❤️"
jackywwp,Jw _ticket,"1️⃣King Maker Fest: Count down to 2026 
12月31日(跨年) (澳門新濠 10:00PM)
(Collar,Error,lyman,Mirror,P1x3L,ROVER,5G)
✅$1888前排(地面)
O行x6(1x)@1700
P行x5(2x)@1600
2️⃣Mirror first day 2026 1月1日(澳門新濠 7:00PM)
✅$2388前排(地面)
小舞台第1行x2(皇帝位21-22)@11000
小舞台第1行x2(皇帝位24-25)@9500
全埸第2行x1(B行31)台邊貼舞台第1位x1@7000
3️⃣叱吒頒獎典禮 1月1日(亞博)
(現票交收)
5/13區F行x2@1900
5/13區L行x1@1800
4/14區連位x4@1700
看台連位x4@1300(30號後出票)",2025-12-28 22:40,"不能富貴非因宿命只怨懶，難成大器既貪詩酒又戀花
8年票務～接全球演唱會～現票交收～歡迎關注～點讚和分享～❤️"
jackywwp,Jw _ticket,"面交：King Maker Fest,TXT(VIP),張學友，周深，叱咤頒獎典禮，Mirror first day（前排靚位）",2025-12-28 22:18,"不能富貴非因宿命只怨懶，難成大器既貪詩酒又戀花
8年票務～接全球演唱會～現票交收～歡迎關注～點讚和分享～❤️"
jackywwp,Jw _ticket,"澳門—江蘇衛視 跨年
(電子票 購買2/4張 可換綁賬號)
$2298/2026
一層看台112區T行x4@6800
搖滾A區 B區 C區
A1 4號內x2@8800
A1 10號內x2@6800
A2 40內x2@5200
A5 50內x4@4000
A6 30內x6@3800
B1 2號內x2@12000
B1 6號內x2@7800
B2 20內x2@5400
B13 30內x4@3400
B17 30內x2@3200
C1 4號內x2@9800
C2 40內x4@5600
C3 10內x4@5400
C11 50內x4@3600
C13 50內x2@3400
C17 5號內x2@3300
C19 50內x2@3200",2025-12-28 20:36,"不能富貴非因宿命只怨懶，難成大器既貪詩酒又戀花
8年票務～接全球演唱會～現票交收～歡迎關注～點讚和分享～❤️"
jackywwp,Jw _ticket,"1️⃣King Maker Fest: Count down to 2026 
12月31日(跨年) (澳門新濠 10:00PM)
(Collar,Error,lyman,Mirror,P1x3L,ROVER,5G)
✅$1888前排(地面)
O行x6(1x)@1700
P行x5(2x)@1600
2️⃣Mirror first day 2026 1月1日(澳門新濠 7:00PM)
✅$2388前排(地面)
小舞台第1行x2(皇帝位21-22)@11000
小舞台第1行x2(皇帝位24-25)@9500
全埸第2行x1(B行31)台邊貼舞台第1位x1@6400
全埸第3行x1(C行31)台邊貼舞台第1位x1@6200
3️⃣叱吒頒獎典禮 1月1日(亞博)
(現票交收)
5/13區F行x2@1900
5/13區L行x1@1800
4/14區連位x4@1700
看台連位x4@1300(30號後出票)",2025-12-28 20:22,"不能富貴非因宿命只怨懶，難成大器既貪詩酒又戀花
8年票務～接全球演唱會～現票交收～歡迎關注～點讚和分享～❤️"
jackywwp,Jw _ticket,"出澳門——江蘇衛視 跨年
電子票 保證入場 有興趣PM❤️",2025-12-28 18:20,"不能富貴非因宿命只怨懶，難成大器既貪詩酒又戀花
8年票務～接全球演唱會～現票交收～歡迎關注～點讚和分享～❤️"
jackywwp,Jw _ticket,BLACKPINK香港價錢更新 ❤️,2025-12-28 17:00,"不能富貴非因宿命只怨懶，難成大器既貪詩酒又戀花
8年票務～接全球演唱會～現票交收～歡迎關注～點讚和分享～❤️"
jackywwp,Jw _ticket,"1️⃣Mirror first day 2026 1月1日(澳門新濠 7:00PM)
✅$2388前排(地面)
小舞台第1行x2(皇帝位21-22)@11000
小舞台第1行x2(皇帝位24-25)@9500
全埸第2/3行x1(B/C行31-31前後連)台邊貼舞台第1位x2@6000
全埸第5行x1(E行32)台邊貼舞台第2位x1@5200
2️⃣叱吒頒獎典禮 1月1日(亞博)
(現票交收)
5/13區F行x2@1700
5/13區L行x1@1600
4/14區連位x4@1600
8/10區連位x6@1300
看台連位x4@1300(30號後出票)",2025-12-28 16:11,"不能富貴非因宿命只怨懶，難成大器既貪詩酒又戀花
8年票務～接全球演唱會～現票交收～歡迎關注～點讚和分享～❤️"
jackywwp,Jw _ticket,張學友，周深，Mirror the First day，叱咤 現票交收，大部份價錢調整❤️,2025-12-28 10:49,"不能富貴非因宿命只怨懶，難成大器既貪詩酒又戀花
8年票務～接全球演唱會～現票交收～歡迎關注～點讚和分享～❤️"
jackywwp,Jw _ticket,"1️⃣Mirror first day 2026 1月1日(澳門新濠 7:00PM)
✅$2388前排(地面)
小舞台第1行x2(皇帝位21-22)@11000
小舞台第1行x2(皇帝位24-25)@9500
全埸第2/3行x1(B/C行31-31前後連)台邊貼舞台第1位x2@6000
全埸第5行x1(E行32)台邊貼舞台第2位x1@5200
2️⃣叱吒頒獎典禮 1月1日(亞博)
(現票交收)
5/13區F行x4@1700
5/13區L行x5@1600
4/14區連位x4@1600
6區F行x2@1500
10區S行x1@1300
看台連位x4@1300(30號後出票)",2025-12-28 10:48,"不能富貴非因宿命只怨懶，難成大器既貪詩酒又戀花
8年票務～接全球演唱會～現票交收～歡迎關注～點讚和分享～❤️"
jackywwp,Jw _ticket,"出出張學友 12月30-31日,1月2-3-6-7日 
(現票交收,1月6日-1月24日在表格選座)
30/12
**$1380x9 75-78段20行@1800(29號交收)
$1380x1 75/76段20行@1700
31/12
$1380x2 43/46段AD行(全埸第2行)@5400
$1380x1 44段15行@1800
**$1380x9 75-78段20行@1800(29號交收)
$980x2 76/77段23行@1300
$580x1 50段34行@900
2/1(五)
**$1380x9 75-78段20行@2200(29號交收)
3/1(六)
$1380x2 43段11行@2400
$980x6 43/44段23行@1800
$980x6 43/44/46段25行@1700
$980x8 49/50段26行@1500
$980x2 52段29行@1400
$580x1 4x段36行
@1000
@1000",2025-12-28 10:48,"不能富貴非因宿命只怨懶，難成大器既貪詩酒又戀花
8年票務～接全球演唱會～現票交收～歡迎關注～點讚和分享～❤️"
jackywwp,Jw _ticket,"⭐⭐⭐聖誕大優惠前排最後尾貨⭐⭐⭐
1️⃣King Maker Fest: Count down to 2026 
12月31日(跨年) (澳門新濠 10:00PM)
(Collar,Error,lyman,Mirror,P1x3L,ROVER,5G)
$1888x2 A區c行(3x)全埸第3行@2300
2️⃣Mirror first day 2026 1月1日(澳門新濠 7:00PM)
✅$2388前排(地面)
小舞台第1行x2(皇帝位21-22)@11500
小舞台第1行x2(皇帝位24-25)@9500
(集體舉牌區)
全埸第2/3行x1(B/C行31-31前後連)台邊貼舞台第1位x2@6200
全埸第5行x2(E行31-32)台邊貼舞台第1-2位x2@6000
3️⃣叱吒頒獎典禮 1月1日(亞博)
(現票交收)
5/13區G行x2@2100
5/13區M行x4@2000
4/14區連位x4@1800
6區D行x2@1800
6區F行x2@1700
10區S行x1@1500
看台連位x4@1500(30號後出票)",2025-12-27 20:48,"不能富貴非因宿命只怨懶，難成大器既貪詩酒又戀花
8年票務～接全球演唱會～現票交收～歡迎關注～點讚和分享～❤️"
jackywwp,Jw _ticket,"✅🇭🇰張學友-12月30-1月17日
✅🇭🇰周深-12月31-1月1日
✅🇲🇴澳門King Maker Fest: Count down to 2026 
-12月31日
✅🇲🇴江蘇跨年澳門-12月31日
✅🇲🇴Mirror first day 2026-1月1日
✅🇭🇰叱吒-1月1日
✅🇭🇰TXT-1月9-10-11日
✅🇭🇰DAY6-1月17日
✅🇭🇰Blackpink香港-1月24-25-26日
✅🇲🇴TWS澳門-1月24日
✅🇭🇰Calum Scott香港-2月5日
✅🇭🇰Aespa香港-2月7-8日
✅🇭🇰GINLEE香港-2月7-8日
✅🇭🇰treasure寶石盒-5月6日",2025-12-27 18:55,"不能富貴非因宿命只怨懶，難成大器既貪詩酒又戀花
8年票務～接全球演唱會～現票交收～歡迎關注～點讚和分享～❤️"
jackywwp,Jw _ticket,"出出DAY6 香港站1月17-18日(下單有票)
17/1 (六)
$1899vip x3 a區v行@2000
☀$1899vip x4 內場U行@1600
☀$1899vip x4 看台 F行@1700
☀$1399x4 看台H行@1100
☀$1399x4 看台M行@900
18/1 (日)尾場
$1899vip x3 a區v行@2200
☀$1899vip x4 內場 R行@1700
☀$1899vip x3 看台 D行@1800
(選區選座可以看表格)",2025-12-27 12:07,"不能富貴非因宿命只怨懶，難成大器既貪詩酒又戀花
8年票務～接全球演唱會～現票交收～歡迎關注～點讚和分享～❤️"
jackywwp,Jw _ticket,"出出張學友 12月26-27-30-31日,1月2-3日 
(現票交收,1月3日-1月24日在表格選座)
27/12(六)
$1380x1 76段7行@2200
$980x2 53段30行@1500
$580x1 4x段35行@1100
30/12
$1380x2 75/76段20行@2100
$980x2 44段21行@1600
31/12
$1380x4 46段AC行(全埸第1行)@7400
$1380x2 43段AD行(全埸第2行)@5800
$1380x1 44段15行@2000
$980x2 76/77段23行@1500
$580x1 50段34行@1100
3/1(六)
$1380x2 43段11行@2400
$980x6 43/44段23行@1800
$980x6 43/44/46段25行@1700
$980x8 49/50段26行@1500
$980x4 52段29行@1400
$580x2+1 4x段36行@1200",2025-12-27 02:30,"不能富貴非因宿命只怨懶，難成大器既貪詩酒又戀花
8年票務～接全球演唱會～現票交收～歡迎關注～點讚和分享～❤️"
jackywwp,Jw _ticket,"不要去嘲笑從0開始的人❤️
我就是從0開始被笑過來的人
我現在用了10天
Threads一直有訂單
永遠都有翻盤的機會",2025-12-26 19:38,"不能富貴非因宿命只怨懶，難成大器既貪詩酒又戀花
8年票務～接全球演唱會～現票交收～歡迎關注～點讚和分享～❤️"
jackywwp,Jw _ticket,"出出張學友 12月26-27-30-31日,1月2-3日 
(現票交收,1月3日-1月24日在表格選座)
27/12(六)
$1380x1 76段7行@2200
$980x2 53段30行@1500
$580x2+1 4x段38行@1100
30/12
$1380x2 75/76段20行@2100
$980x2 44段21行@1600
31/12
$1380x4 46段AC行(全埸第1行)@7400
$1380x2 43段AD行(全埸第2行)@5800
$1380x1 44段15行@2000
$980x2 76/77段23行@1500
$580x1 50段34行@1100
2/1(五)
$1380x2 75段4行@2800
3/1(六)
$1380x2 43段11行@2400
$980x6 43/44段23行@1800
$980x6 43/44/46段25行@1700
$980x8 49/50段26行@1500
$980x4 52段29行@1400
$580x4 4x段36行@1200",2025-12-26 19:36,"不能富貴非因宿命只怨懶，難成大器既貪詩酒又戀花
8年票務～接全球演唱會～現票交收～歡迎關注～點讚和分享～❤️"
jackywwp,Jw _ticket,姜濤售罄 ，King Master Fest售罄，周深，張學友，叱咤，可以面交❤️,2025-12-26 18:22,"不能富貴非因宿命只怨懶，難成大器既貪詩酒又戀花
8年票務～接全球演唱會～現票交收～歡迎關注～點讚和分享～❤️"
jackywwp,Jw _ticket,"⭐⭐⭐聖誕大優惠前排最後尾貨⭐⭐⭐
1️⃣King Maker Fest: Count down to 2026 
12月31日(跨年) (澳門新濠 10:00PM)
(Collar,Error,lyman,Mirror,P1x3L,ROVER,5G)
暫完
2️⃣Mirror first day 2026 1月1日(澳門新濠 7:00PM)
✅$2388前排(地面)
小舞台第1行x2(皇帝位21-22)@13800
小舞台第1行x2(皇帝位24-25)@10800
(集體舉牌區)
全埸第2/3行x1(B/C行31-31前後連)台邊貼舞台第1位x2@6800
全埸第5行x2(E行31-32)台邊貼舞台第1-2位x2@6600
全埸第6行x2(F行31-32)台邊貼舞台第1-2位x2@6400
全埸第9行x1(I行32)台邊貼舞台第2位x1@5400
3️⃣叱吒頒獎典禮 1月1日(亞博)
(現票交收)
5/13區G行x2@2500
5/13區M行x4@2300
4/14區連位x4@2300
6區D行x2@2200
6區F行x2@2100
10區S行x2@1800",2025-12-26 17:54,"不能富貴非因宿命只怨懶，難成大器既貪詩酒又戀花
8年票務～接全球演唱會～現票交收～歡迎關注～點讚和分享～❤️"
jackywwp,Jw _ticket,"出出張學友 12月26-27-30-31日,1月2-3日 
(現票交收,1月3日-1月24日在表格選座)
27/12(六)
$980x2 53段30行@1500
$580x2+1 4x段38行@1250
30/12
$1380x2 75/76段20行@2100
31/12
$1380x2 43段AD行(全埸第2行)
@6600
@6600
$1380x1 44段15行@2000
$1380x2 75/76段19行@2100
$980x3 76/77段23行@1500
$580x4 50段34行@1100
2/1(五)
$1380x4 75段4行@2800
3/1(六)
$1380x2 43段11行@2400
$980x6 43/44段23行@1800
$980x6 43/44/46段25行@1700
$980x8 49/50段26行@1500
$980x4 52段29行@1400
$580x4 4x段36行@1200",2025-12-26 16:35,"不能富貴非因宿命只怨懶，難成大器既貪詩酒又戀花
8年票務～接全球演唱會～現票交收～歡迎關注～點讚和分享～❤️"
jackywwp,Jw _ticket,"用了2星期才150粉，有什麼方法漲粉比較快？❤️
#漲粉 #演唱會",2025-12-26 16:11,"不能富貴非因宿命只怨懶，難成大器既貪詩酒又戀花
8年票務～接全球演唱會～現票交收～歡迎關注～點讚和分享～❤️"
jackywwp,Jw _ticket,"出出張學友 12月26-27-30-31日,1月2-3日 
(現票交收,1月3日-1月24日在表格選座)
27/12(六)
$1380x1 76段7行@2300
$1380x5 75/76/77/78段20行@2100
$980x2 53段30行@1500
$580x1 4x段38行@1250
$580x2 7x段37行@1200
30/12
$1380x2 75/76段20行@2100
31/12
$1380x2 43段AD行(全埸第2行)
@6600
@6600
$1380x1 44段15行@2000
$1380x2 75/76段19行@2100
$980x3 76/77段23行@1500
$580x4 50段34行@1100
2/1(五)
$1380x4 75段4行@2800
3/1(六)
$1380x2 43段11行@2400
$980x6 43/44段23行@1800
$980x6 43/44/46段25行@1700
$980x8 49/50段26行@1500
$980x4 52段29行@1400
$580x4 4x段36行@1200",2025-12-26 14:54,"不能富貴非因宿命只怨懶，難成大器既貪詩酒又戀花
8年票務～接全球演唱會～現票交收～歡迎關注～點讚和分享～❤️"
jackywwp,Jw _ticket,BLACKPINK新增 RV表格,2025-12-26 12:34,"不能富貴非因宿命只怨懶，難成大器既貪詩酒又戀花
8年票務～接全球演唱會～現票交收～歡迎關注～點讚和分享～❤️"
jackywwp,Jw _ticket,姜濤暫時售罄，張學友，周深，Mirror，叱咤可以面交❤️,2025-12-26 11:24,"不能富貴非因宿命只怨懶，難成大器既貪詩酒又戀花
8年票務～接全球演唱會～現票交收～歡迎關注～點讚和分享～❤️"
jackywwp,Jw _ticket,"✅🇭🇰張學友-12月23-1月17日
✅🇭🇰周深-12月31-1月1日
✅🇲🇴澳門King Maker Fest: Count down to 2026 
-12月31日
✅🇲🇴Mirror first day 2026-1月1日
✅🇭🇰叱吒-1月1日
✅🇭🇰TXT-1月9-10-11日
✅🇭🇰DAY6-1月17日
✅🇭🇰Blackpink香港-1月24-25-26日
✅🇭🇰Calum Scott香港-2月5日
✅🇭🇰Aespa香港-2月7-8日
✅🇭🇰treasure寶石盒-5月6日",2025-12-26 11:20,"不能富貴非因宿命只怨懶，難成大器既貪詩酒又戀花
8年票務～接全球演唱會～現票交收～歡迎關注～點讚和分享～❤️"
jackywwp,Jw _ticket,"出出姜濤 12月26日
(電子票保證入場/實體票現票交收)
⭐=電子票 👍=實體票
26/12(Boxing Day 尾場)
👍$1180x2 C區P行(小舞台)@2200
最後兩張",2025-12-25 21:09,"不能富貴非因宿命只怨懶，難成大器既貪詩酒又戀花
8年票務～接全球演唱會～現票交收～歡迎關注～點讚和分享～❤️"
jackywwp,Jw _ticket,"出出姜濤 12月25-26日
(電子票保證入場/實體票現票交收)
⭐=電子票 👍=實體票
25/12(聖誕節)
⭐$1180x1 C區D行(5x)
@1000
@1000
👍$1180x1 3區E行
@1000
@1000
👍$1180x2 5區E行@2000
26/12(Boxing Day 尾場)
👍$1180x2 C區P行(小舞台)@2200
秒殺價 姜濤陪你過聖誕❤️",2025-12-25 19:29,"不能富貴非因宿命只怨懶，難成大器既貪詩酒又戀花
8年票務～接全球演唱會～現票交收～歡迎關注～點讚和分享～❤️"
jackywwp,Jw _ticket,"出出姜濤 12月25-26日
(電子票保證入場/實體票現票交收)
⭐=電子票 👍=實體票
25/12(聖誕節)
⭐$1180x1 C區D行(5x)@1800
👍$1180x1 3區E行@2000
⭐$1180x2 13區Q行@1300
👍$1180x3 5區E行@2000
26/12(Boxing Day 尾場)
👍$1180x2 C區P行(小舞台)@2200",2025-12-25 11:09,"不能富貴非因宿命只怨懶，難成大器既貪詩酒又戀花
8年票務～接全球演唱會～現票交收～歡迎關注～點讚和分享～❤️"
jackywwp,Jw _ticket,"✅🇭🇰姜濤-12月21-25日
✅🇭🇰ZB1-12月20-21日
✅🇭🇰張學友-12月23-1月17日
✅🇭🇰周深-12月31-1月1日
✅🇲🇴澳門King Maker Fest: Count down to 2026 
-12月31日
✅🇲🇴Mirror first day 2026-1月1日
✅🇭🇰叱吒-1月1日
✅🇭🇰TXT-1月9-10-11日
✅🇭🇰DAY6-1月17日
✅🇭🇰Blackpink香港-1月24-25-26日
✅🇭🇰Calum Scott香港-2月5日
✅🇭🇰Aespa香港-2月7-8日
✅🇭🇰treasure寶石盒-5月6日",2025-12-25 11:08,"不能富貴非因宿命只怨懶，難成大器既貪詩酒又戀花
8年票務～接全球演唱會～現票交收～歡迎關注～點讚和分享～❤️"
jackywwp,Jw _ticket,喜歡看演唱會的 請關注我 所有演出都可以帶你進場❤️,2025-12-25 11:07,"不能富貴非因宿命只怨懶，難成大器既貪詩酒又戀花
8年票務～接全球演唱會～現票交收～歡迎關注～點讚和分享～❤️"
jackywwp,Jw _ticket,祝大家聖誕快樂❤️,2025-12-25 11:06,"不能富貴非因宿命只怨懶，難成大器既貪詩酒又戀花
8年票務～接全球演唱會～現票交收～歡迎關注～點讚和分享～❤️"
jackywwp,Jw _ticket,"出出姜濤 12月25-26日
(電子票保證入場/實體票現票交收)
⭐=電子票 👍=實體票
25/12(聖誕節)
⭐$1180x1 C區D行(5x)@2000
👍$1180x1 3區E行@2000
⭐$1180x2 13區Q行@1500
👍$1180x4 5區E行@2000
26/12(Boxing Day 尾場)
👍$1180x2 C區P行(小舞台)@2400
祝大家聖誕快樂❤️",2025-12-25 00:14,"不能富貴非因宿命只怨懶，難成大器既貪詩酒又戀花
8年票務～接全球演唱會～現票交收～歡迎關注～點讚和分享～❤️"
jackywwp,Jw _ticket,永遠的歌神❤️,2025-12-24 23:48,"不能富貴非因宿命只怨懶，難成大器既貪詩酒又戀花
8年票務～接全球演唱會～現票交收～歡迎關注～點讚和分享～❤️"
jackywwp,Jw _ticket,"出出姜濤 12月25-26日
(電子票保證入場/實體票現票交收)
⭐=電子票 👍=實體票
25/12(聖誕節)
⭐$1180x1 C區D行(5x)@2000
👍$1180x1 3區E行@2000
👍$1180x4 5區E行@2000
26/12(Boxing Day 尾場)
👍$1180x2 C區P行(小舞台)@2200
⭐$1180x1 3區G行@3600
姜濤更新❤️",2025-12-24 20:44,"不能富貴非因宿命只怨懶，難成大器既貪詩酒又戀花
8年票務～接全球演唱會～現票交收～歡迎關注～點讚和分享～❤️"
jackywwp,Jw _ticket,"出出姜濤 12月25-26日
(電子票保證入場/實體票現票交收)
⭐=電子票 👍=實體票
25/12(聖誕節)
⭐$1180x1 C區D行(5x)@2000
👍$1180x1 3區E行@2000
26/12(Boxing Day 尾場)
👍$1180x2 C區P行(小舞台)@2200
⭐$1180x1 3區G行@3600",2025-12-24 18:51,"不能富貴非因宿命只怨懶，難成大器既貪詩酒又戀花
8年票務～接全球演唱會～現票交收～歡迎關注～點讚和分享～❤️"
jackywwp,Jw _ticket,香港BLACKPINK表格更新,2025-12-24 11:25,"不能富貴非因宿命只怨懶，難成大器既貪詩酒又戀花
8年票務～接全球演唱會～現票交收～歡迎關注～點讚和分享～❤️"
jackywwp,Jw _ticket,"出出DAY6 香港站1月17-18日(下單有票)
(選區選座可以看表格)
17/1 (六)
$1899vip x3 a區v行@2200
$1899vip x4 連位/單張@2100
$1899vip x4 看台 F行@2100
$1399x4 看台H行@1300
☀$1399x4 看台M行@1100
18/1 (日)尾場
$1899vip x3 a區v行@2200
$1899vip x4 連位/單張@2100
$1899vip x4 看台 D行@2100",2025-12-24 10:41,"不能富貴非因宿命只怨懶，難成大器既貪詩酒又戀花
8年票務～接全球演唱會～現票交收～歡迎關注～點讚和分享～❤️"
jackywwp,Jw _ticket,"✅🇭🇰姜濤-12月21-25日
✅🇭🇰ZB1-12月20-21日
✅🇭🇰張學友-12月23-1月17日
✅🇭🇰周深-12月31-1月1日
✅🇲🇴澳門King Maker Fest: Count down to 2026 
-12月31日
✅🇲🇴Mirror first day 2026-1月1日
✅🇭🇰叱吒-1月1日
✅🇭🇰TXT-1月9-10-11日
✅🇭🇰DAY6-1月17日
✅🇭🇰Blackpink香港-1月24-25-26日
✅🇭🇰Calum Scott香港-2月5日
✅🇭🇰Aespa香港-2月7-8日
✅🇭🇰treasure寶石盒-5月6日",2025-12-24 10:40,"不能富貴非因宿命只怨懶，難成大器既貪詩酒又戀花
8年票務～接全球演唱會～現票交收～歡迎關注～點讚和分享～❤️"
w_sc_.0916,3️⃣⚖️,"真的不懂欸 喜歡撐雨傘的進來真的不會被罵嗎 
好不容易擠進來 人看不到只看得到雨傘？
不能有點同理心嗎 ）？
你們可能會覺得是我們的問題
但是台上台下都有宣導有雨衣
硬要撐欸 看沒有😡😡
進來撐雨傘是比較好看是嗎
我不懂",2025-12-31 20:57,
kevin987789987,Kevin,"我覺得跨年台東場是最high的場
我是Saya粉❤️🫰😘",2025-12-31 21:02,
bingo10192,Bin,閃耀新北1314跨河煙火,2025-12-31 21:07,📷🏸🏋️🏃‍♂️
bingo10192,Bin,"這趟六天的東京富士山行程，用Gemeni AI畫出來～有夠可愛😍
1️⃣ 網頁中，點選「工具/生成圖像」、選取「思考型」
2️⃣ 輸入指令：
用可愛風格，畫出旅遊行程圖片，並使用繁體中文。（接著貼上已安排好的旅遊資訊文字，包括景點、活動、時間、交通方式等）
3️⃣ 生成之後，再去微調圖片資訊，像是路線調整、文字修改、圖示標記，再重新生成即可。",2025-12-19 17:20,📷🏸🏋️🏃‍♂️
_.xinn430,yun,我好吵 但我喜歡今天,2025-12-21 22:56,"都是發給自己看的 粉絲全部移掉
可以追我哀居 我的哀居都是我的精緻人生 
醜逼玩意留在脆 被看我會很害羞"
_.xinn430,yun,隨拍,2025-12-21 20:38,"都是發給自己看的 粉絲全部移掉
可以追我哀居 我的哀居都是我的精緻人生 
醜逼玩意留在脆 被看我會很害羞"
_.xinn430,yun,早上想很久要穿什麼,2025-12-21 15:35,"都是發給自己看的 粉絲全部移掉
可以追我哀居 我的哀居都是我的精緻人生 
醜逼玩意留在脆 被看我會很害羞"
_.xinn430,yun,又搞砸,2025-12-19 17:32,"都是發給自己看的 粉絲全部移掉
可以追我哀居 我的哀居都是我的精緻人生 
醜逼玩意留在脆 被看我會很害羞"
_.xinn430,yun,幹 我要喝五桐號的草莓雪酪啦啦啦啦啦,2025-12-19 16:55,"都是發給自己看的 粉絲全部移掉
可以追我哀居 我的哀居都是我的精緻人生 
醜逼玩意留在脆 被看我會很害羞"
_.xinn430,yun,：放下被愛的幻想你就自由了,2025-12-19 16:14,"都是發給自己看的 粉絲全部移掉
可以追我哀居 我的哀居都是我的精緻人生 
醜逼玩意留在脆 被看我會很害羞"
_.xinn430,yun,好喜歡好喜歡,2025-12-19 15:38,"都是發給自己看的 粉絲全部移掉
可以追我哀居 我的哀居都是我的精緻人生 
醜逼玩意留在脆 被看我會很害羞"
_.xinn430,yun,不好意思打擾ㄌ 但我哀居悄悄發佈不見了🥹,2025-12-19 15:21,"都是發給自己看的 粉絲全部移掉
可以追我哀居 我的哀居都是我的精緻人生 
醜逼玩意留在脆 被看我會很害羞"
_.xinn430,yun,養寵物,2025-12-18 14:51,"都是發給自己看的 粉絲全部移掉
可以追我哀居 我的哀居都是我的精緻人生 
醜逼玩意留在脆 被看我會很害羞"
_.xinn430,yun,齁呦 幹嘛一直釣我,2025-12-18 00:57,"都是發給自己看的 粉絲全部移掉
可以追我哀居 我的哀居都是我的精緻人生 
醜逼玩意留在脆 被看我會很害羞"
_.xinn430,yun,好想知,2025-12-17 21:23,"都是發給自己看的 粉絲全部移掉
可以追我哀居 我的哀居都是我的精緻人生 
醜逼玩意留在脆 被看我會很害羞"
c_love115,辰❤️小舖,"入場前要吃個甜點嗎？
跨年場限定五月天杯子蛋糕還有喔！
要買要快囉~
檸檬內餡~
上面圖案是糖霜都可以吃的
我們在扭蛋區對面喔！",2025-12-31 20:44,"新手擺攤～
目前賣麵包蛋糕～"
c_love115,辰❤️小舖,"上架完畢~今天有些不同的東西！
 新增小馬鈴薯沙拉堡、鱈魚堡雙拼！
跨年限定五月天表情包球球杯子蛋糕
（限量，賣完就沒了）
好吃的小布莉也來了！
數量不多的燻雞可頌~
今天送的小物是吊飾
位子在扭蛋對面的美食區喔！",2025-12-31 16:19,"新手擺攤～
目前賣麵包蛋糕～"
c_love115,辰❤️小舖,"來了一個跨年限定版！
5個一組想要的要快預訂！
數量有限只有24組
5入杯子蛋糕
內餡檸檬口味
上面的是食用糖霜紙！
整個都可以吃的~
一組250元
*照片上蛋糕還沒完工先拍照而已
攤位在扭蛋對面的美食區
歡迎大家來看看~",2025-12-31 07:15,"新手擺攤～
目前賣麵包蛋糕～"
c_love115,辰❤️小舖,"來了來了！
跨年限定版！
5個一組想要的要快預訂！
數量有限只有24組
5入杯子蛋糕
內餡檸檬口味
上面是食用糖霜紙！
都可以吃的~
*照片蛋糕還沒完工先放拍照而已",2025-12-30 23:51,"新手擺攤～
目前賣麵包蛋糕～"
c_love115,辰❤️小舖,"來了一個跨年限定版！
5個一組想要的要快預訂！
數量有限只有24組
5入杯子蛋糕
內餡檸檬口味
上面的是食用糖霜紙！
都可以吃的~
*照片上蛋糕還沒完工先拍照而已",2025-12-30 23:35,"新手擺攤～
目前賣麵包蛋糕～"
c_love115,辰❤️小舖,"擺了兩天五月天演唱會的攤
雖然場地很糟~
沒有預期的好
但還是很開心好朋友特地過來找我！
還有來看演唱會的朋友們都來捧場
最棒的是有脆友看到po文特地來找我們~
第一天買過的客人還介紹親友說一定要來買我們的東西，說很好吃！
雖然累累~
還是繼續準備東西..
各位我們跨年見喔！",2025-12-29 18:28,"新手擺攤～
目前賣麵包蛋糕～"
c_love115,辰❤️小舖,"脆新手！
擺攤新手～
想來漲粉！
第一次擺攤就衝五月天演唱會！
2天累翻天了！
歡迎大家大家來互追！",2025-12-29 10:21,"新手擺攤～
目前賣麵包蛋糕～"
c_love115,辰❤️小舖,"有沒有沒進場的五迷在外面聽的~
如果想吃點心來找我買
請告訴我你是脆友~
送冷泡茶1瓶",2025-12-28 19:51,"新手擺攤～
目前賣麵包蛋糕～"
c_love115,辰❤️小舖,"早上做完馬上衝現場上架~
歡迎各位五迷們來嚐嚐
今天一樣有送小物喔",2025-12-28 13:49,"新手擺攤～
目前賣麵包蛋糕～"
c_love115,辰❤️小舖,"全部上架完畢！
歡迎大家來看看~
80元以上商品加購飲料可折20元
滿200送五月天小物！
位子在扭蛋區對面的美食區",2025-12-27 14:08,"新手擺攤～
目前賣麵包蛋糕～"
c_love115,辰❤️小舖,"五月天小物登場~只送不賣！
誠心為您手作餐點
想吃點心或是想吃飽的都有
敬請期待~",2025-12-25 17:04,"新手擺攤～
目前賣麵包蛋糕～"
c_love115,辰❤️小舖,用心製作~,2025-12-25 16:58,"新手擺攤～
目前賣麵包蛋糕～"
c_love115,辰❤️小舖,今天研究小烤箱試烤奶酥厚片,2025-12-22 21:05,"新手擺攤～
目前賣麵包蛋糕～"
salina_1_2_0_6_,☆*･宣･*☆,跨年依舊一個人😋,2025-12-31 21:30,嘻嘻😁
salina_1_2_0_6_,☆*･宣･*☆,新竹好晃😨,2025-12-27 23:12,嘻嘻😁
jiang_peishan,珊珊不會講屁4,"2025年最後一天，決定讓他們返鄉跨年。
TPE-NRT 超賺，還可以去一個禮拜！我好羨慕🥹",2025-12-31 21:19,
guest1.0.1.0,GUEST,有冇人明真係好想睇蔡依林演唱會！😭,2025-12-31 19:04,ENFP 08
guest1.0.1.0,GUEST,我又要玩,2025-12-30 01:14,ENFP 08
guest1.0.1.0,GUEST,等我玩真心話大冒險又po下del下先,2025-12-30 01:14,ENFP 08
guest1.0.1.0,GUEST,好想同未來bf去撚貓～,2025-12-30 01:06,ENFP 08
ai_nanai,ai_nanai,跨年当天分手的我...,2025-12-31 21:39,
ai_nanai,ai_nanai,"学校校规明明没有规定不能
谈恋爱
却总有一些奇葩老师拿这件事骂人、记过
甚至申诉还不一定有用",2025-12-31 01:43,
ai_nanai,ai_nanai,"恋爱脑的我从小到大脑子里...
好想谈恋爱
喔我谈上了
喔我分手了
好想谈恋爱
喔我谈上了
喔我分手了
好想谈恋爱
喔我谈上了
喔我分手了
好想谈恋爱
喔我谈上了
喔我分手了
好想谈恋爱
喔我谈上了
喔我分手了
好想谈恋爱
喔我谈上了
最后一句是
恋爱中~",2025-12-27 17:43,
ai_nanai,ai_nanai,一直夸男友可爱他真的越来越可爱,2025-12-23 00:41,
ai_nanai,ai_nanai,"只有我觉得
抱着男友外套睡觉比抱着男友舒服吗",2025-12-21 22:44,
ai_nanai,ai_nanai,"真的只有我这样吗
在学校：浏海一定要完美
在家里：浏海也一定要完美
在家还会时不时照镜子看看浏海有没有乱掉",2025-12-20 23:44,
elaine_h,Elaine,跨年的這一天太冷了在Airbnb樓下買了食物就好快樂🥹🥹🥹🥹,2025-12-31 21:03,N
elaine_h,Elaine,有沒有也在釜山的人跨年可以一起在廣安里跨年🙋‍♀️,2025-12-29 21:56,N
elaine_h,Elaine,"推薦搭紅眼班機到釜山可以直接來Hillspa👍👍
這個無敵海景簡直瞬間忘記所有煩惱
有搓澡有吃的雖然不像spaland這麼fancy
但感受上更自在😇😇
（前一天在ClubD的感受很差完全不推❌）",2025-12-29 21:55,N
elaine_h,Elaine,"覺得札嘎其市場太多觀光客
挑了廣安里的民樂市場
就在民樂水邊公園的旁邊😋
整間店都是韓國人完全沒有觀光客（除了我們😂）
整桌的新鮮生魚片還有滿滿貝類小菜配上窗邊美景
一個人50000韓元覺得有夠划算直接飽到晚餐
餐廳在這裡⬇️⬇️⬇️
[NAVER 地图]
Busan Suyeong-gu Millaksubyeon-ro 103
naver.me/5L7si…",2025-12-29 21:47,N
elaine_h,Elaine,"晚餐吃螞蟻家😋
冷冷的天氣吃重口味的熱食就覺得好幸福😊
阿珠媽真的會一直監控不讓客人偷打開鍋蓋好可愛
拿完號碼牌還可以去附近逛一逛，光看那個顏色妥妥的白飯殺手🥷顧不得飲控跟熱量的問題，ㄧ大碗白飯直接吃光光😋",2025-12-29 08:10,N
elaine_h,Elaine,"吃完土耳其麵包意外發現的好吃火鍋🍲
就在Diart附近的Emart旁邊，蔬菜吃到飽一人份才33000韓元太便宜😍😍😍
坐在窗邊的位置剛好可以看海景，太chill🥰🥰
熱量空間可以留給火鍋就好，土耳其麵包no no❌
搭完膠囊列車到青沙浦站可以不要吃各類的烤扇貝改吃這個🥰🥰
[NAVER 地图]
Ubong火锅青沙浦店
釜山广域市 海云台区 中洞 571
naver.me/GQSlA…",2025-12-29 08:06,N
elaine_h,Elaine,"獨旅一天結束😂
朋友等等就到💃💃
有沒有人這幾天也在釜山可以一起吃飯！烤肉就是要人多才好吃😋
12/27-1/5",2025-12-27 08:25,N
elaine_h,Elaine,為了這個景色可以一直來釜山,2025-12-27 07:32,N
elaine_h,Elaine,我的釜山正確打開方式😇,2025-12-26 08:20,N
elaine_h,Elaine,明天一早到釜山，有什麼好推薦🙋‍♀️,2025-12-25 18:36,N
daiyelinencarnacion,🌸⚡️رايتو🩶🫧,Soy 😓,2025-12-30 22:29,~•𝑐𝑜𝑚𝑜 𝑡𝑢 𝑛𝑜 𝑒𝑥𝑖𝑠𝑡𝑒 𝑜𝑡𝑟𝑎.♥
daiyelinencarnacion,🌸⚡️رايتو🩶🫧,~•In your Dreams… ✨🍸🖤,2025-12-29 09:15,~•𝑐𝑜𝑚𝑜 𝑡𝑢 𝑛𝑜 𝑒𝑥𝑖𝑠𝑡𝑒 𝑜𝑡𝑟𝑎.♥
daiyelinencarnacion,🌸⚡️رايتو🩶🫧,😮‍💨🙂‍↔️🫨,2025-12-27 09:31,~•𝑐𝑜𝑚𝑜 𝑡𝑢 𝑛𝑜 𝑒𝑥𝑖𝑠𝑡𝑒 𝑜𝑡𝑟𝑎.♥
daiyelinencarnacion,🌸⚡️رايتو🩶🫧,😍✨🌸 que placer,2025-12-26 10:34,~•𝑐𝑜𝑚𝑜 𝑡𝑢 𝑛𝑜 𝑒𝑥𝑖𝑠𝑡𝑒 𝑜𝑡𝑟𝑎.♥
daiyelinencarnacion,🌸⚡️رايتو🩶🫧,🫧✨🌸,2025-12-26 08:18,~•𝑐𝑜𝑚𝑜 𝑡𝑢 𝑛𝑜 𝑒𝑥𝑖𝑠𝑡𝑒 𝑜𝑡𝑟𝑎.♥
daiyelinencarnacion,🌸⚡️رايتو🩶🫧,🫦✨,2025-12-26 08:15,~•𝑐𝑜𝑚𝑜 𝑡𝑢 𝑛𝑜 𝑒𝑥𝑖𝑠𝑡𝑒 𝑜𝑡𝑟𝑎.♥
daiyelinencarnacion,🌸⚡️رايتو🩶🫧,Aprendí a quedarme 🫧✨,2025-12-25 01:05,~•𝑐𝑜𝑚𝑜 𝑡𝑢 𝑛𝑜 𝑒𝑥𝑖𝑠𝑡𝑒 𝑜𝑡𝑟𝑎.♥
daiyelinencarnacion,🌸⚡️رايتو🩶🫧,Tomar pastillas de forma bonita 🥰,2025-12-23 06:08,~•𝑐𝑜𝑚𝑜 𝑡𝑢 𝑛𝑜 𝑒𝑥𝑖𝑠𝑡𝑒 𝑜𝑡𝑟𝑎.♥
daiyelinencarnacion,🌸⚡️رايتو🩶🫧,Hasta para desvelarte es necesario elegir a alguien que merezca tu desvelo.,2025-12-23 02:05,~•𝑐𝑜𝑚𝑜 𝑡𝑢 𝑛𝑜 𝑒𝑥𝑖𝑠𝑡𝑒 𝑜𝑡𝑟𝑎.♥
daiyelinencarnacion,🌸⚡️رايتو🩶🫧,Tengo,2025-12-21 11:17,~•𝑐𝑜𝑚𝑜 𝑡𝑢 𝑛𝑜 𝑒𝑥𝑖𝑠𝑡𝑒 𝑜𝑡𝑟𝑎.♥
daiyelinencarnacion,🌸⚡️رايتو🩶🫧,"Entre tibio y nada, mejor nada 😵‍💫",2025-12-21 11:17,~•𝑐𝑜𝑚𝑜 𝑡𝑢 𝑛𝑜 𝑒𝑥𝑖𝑠𝑡𝑒 𝑜𝑡𝑟𝑎.♥
daiyelinencarnacion,🌸⚡️رايتو🩶🫧,"No me gusta la honestidad, me gusta la transparencia…",2025-12-20 04:37,~•𝑐𝑜𝑚𝑜 𝑡𝑢 𝑛𝑜 𝑒𝑥𝑖𝑠𝑡𝑒 𝑜𝑡𝑟𝑎.♥
daiyelinencarnacion,🌸⚡️رايتو🩶🫧,🫧🎀🫦,2025-12-20 04:17,~•𝑐𝑜𝑚𝑜 𝑡𝑢 𝑛𝑜 𝑒𝑥𝑖𝑠𝑡𝑒 𝑜𝑡𝑟𝑎.♥
daiyelinencarnacion,🌸⚡️رايتو🩶🫧,Mi vlogmas tarde 🫦😍😂,2025-12-18 00:59,~•𝑐𝑜𝑚𝑜 𝑡𝑢 𝑛𝑜 𝑒𝑥𝑖𝑠𝑡𝑒 𝑜𝑡𝑟𝑎.♥
daiyelinencarnacion,🌸⚡️رايتو🩶🫧,~Hay años que construyen el éxito y otros que construyen el carácter.,2025-12-17 20:00,~•𝑐𝑜𝑚𝑜 𝑡𝑢 𝑛𝑜 𝑒𝑥𝑖𝑠𝑡𝑒 𝑜𝑡𝑟𝑎.♥
daiyelinencarnacion,🌸⚡️رايتو🩶🫧,"“Mi amiga” y “una amiga” no significan lo mismo, GRACIAS",2025-12-17 10:46,~•𝑐𝑜𝑚𝑜 𝑡𝑢 𝑛𝑜 𝑒𝑥𝑖𝑠𝑡𝑒 𝑜𝑡𝑟𝑎.♥
daiyelinencarnacion,🌸⚡️رايتو🩶🫧,"Mientras más tardas en bajarte del tren, más caro te sale llegar a casa.",2025-12-17 10:45,~•𝑐𝑜𝑚𝑜 𝑡𝑢 𝑛𝑜 𝑒𝑥𝑖𝑠𝑡𝑒 𝑜𝑡𝑟𝑎.♥
_7nnn.c__,_7nnn.c__,"#售票
節目：FOREVER YOUNG 2526'搖滾袂死（樂團跨年）
場地：台中圓滿戶外劇場
日期：2025/12/31
票種：A區
售價：一張600（原價1200）
張數：3張
交易方式：中部都可以面交
拜託來個喜歡的人收走 半價甜甜價 
請你吃飯好不好🥲",2025-12-19 05:00,"小領隊一枚✨
脆好難用 哀居才是王道
有事哀居密 愛大家"
_7nnn.c__,_7nnn.c__,"有人要收跨年樂團的票嗎🙂‍↕️
A區3張 買二送一！
台中彰化可面交！",2025-12-18 04:45,"小領隊一枚✨
脆好難用 哀居才是王道
有事哀居密 愛大家"
fersss_h,Fer H,🙂‍↕️,2025-12-31 06:36,🪩🦩🫧
fersss_h,Fer H,se puso a ver Stranger Things conmigo porque sabe lo mucho que me gusta 🥹,2025-12-29 14:19,🪩🦩🫧
fersss_h,Fer H,el cielo se pintó moradito y rosa 🫶🏽,2025-12-27 14:08,🪩🦩🫧
fersss_h,Fer H,:),2025-12-27 13:25,🪩🦩🫧
fersss_h,Fer H,se los juro que sí!,2025-12-27 11:27,🪩🦩🫧
fersss_h,Fer H,take me back to the night we met :(,2025-12-27 06:26,🪩🦩🫧
fersss_h,Fer H,Olivia Rodrigo podrá sacar mil álbumes y ninguno se va a comparar a Sour,2025-12-27 01:59,🪩🦩🫧
fersss_h,Fer H,a horas de volver al Upside Down ❤️‍🔥,2025-12-25 06:43,🪩🦩🫧
fersss_h,Fer H,arrolladoralcoholic,2025-12-24 12:52,🪩🦩🫧
fersss_h,Fer H,"Bienvenidos a Toluca, ciudad croqueta.☝🏽",2025-12-24 05:23,🪩🦩🫧
fersss_h,Fer H,que ganísimas de estar en Cancún ☹️,2025-12-23 02:39,🪩🦩🫧
fersss_h,Fer H,nadie me dijo que el ser adulto implica vivir en crisis 😞,2025-12-20 02:55,🪩🦩🫧
fersss_h,Fer H,a veces solo tienes que decir “Faaaak” y seguir con tu vida.,2025-12-19 13:09,🪩🦩🫧
fersss_h,Fer H,Diciembre matándome de nostalgia como todos los años.,2025-12-19 07:01,🪩🦩🫧
hnoxac19,hnoxac19,超好笑🤣🤣🤣,2025-12-26 00:12,
hnoxac19,hnoxac19,非常感恩🙏,2025-12-25 23:13,
hnoxac19,hnoxac19,\打架/\打架/\打架/,2025-12-25 23:07,
hnoxac19,hnoxac19,"紅包拿來很會😂😂😂😂
不是都哪去了嗎",2025-12-25 22:42,
hnoxac19,hnoxac19,主持人真的有用心做功課！！！給推,2025-12-25 22:41,
hnoxac19,hnoxac19,天才DJB😍,2025-12-25 19:24,
hnoxac19,hnoxac19,韓國不能寵物溝通嗎🤣,2025-12-25 14:19,
hnoxac19,hnoxac19,😍😍😍,2025-12-25 12:57,
hnoxac19,hnoxac19,那天全部都是蘿蔔🥹🥹🥹,2025-12-24 18:06,
hnoxac19,hnoxac19,雖然 但是 又是ai大頭貼？,2025-12-24 17:36,
hnoxac19,hnoxac19,"看翻譯想說什麼屁股們🤣
ㄊㄞ陽曬ㄅㄧ股了的那個ㄅㄧ股嗎😝",2025-12-24 09:22,
hnoxac19,hnoxac19,🙂‍↕️,2025-12-24 08:01,
hnoxac19,hnoxac19,什麼情侶MV????,2025-12-23 22:53,
hnoxac19,hnoxac19,😍😍😍😍😍,2025-12-23 16:54,
hnoxac19,hnoxac19,好好笑 如果是伍佰容易唱多了,2025-12-23 15:39,
hnoxac19,hnoxac19,看到咻桃一次轉一次😍,2025-12-23 11:59,
hnoxac19,hnoxac19,😆,2025-12-23 10:29,
hnoxac19,hnoxac19,可愛鼠 咻桃😍,2025-12-23 00:25,
hnoxac19,hnoxac19,流星真的是邊喊邊拍高手😍,2025-12-22 23:14,
hnoxac19,hnoxac19,拜託😭,2025-12-22 22:13,
hnoxac19,hnoxac19,瘋狂😆😆😆😆,2025-12-22 21:27,
hnoxac19,hnoxac19,這什麼天才角度😍,2025-12-22 20:34,
hnoxac19,hnoxac19,希木木拜託🥹🥹🥹🥹🥹🥹🥹🥹,2025-12-22 19:37,
hnoxac19,hnoxac19,😍😍😍😍😍😍我想說那是什麼 咻桃🤣,2025-12-22 11:20,
hnoxac19,hnoxac19,哪次不擋,2025-12-21 23:07,
hnoxac19,hnoxac19,哇電影版可以這樣喔,2025-12-21 20:33,
hnoxac19,hnoxac19,"日月來台灣一定要去日月潭吧 拜託😆😆😆
可以跟他那個石頭拍照嗎
現在不會有可怕的打架人了 🙏🤣",2025-12-21 03:46,
hnoxac19,hnoxac19,跟小夜曲有填腹針一樣可愛,2025-12-19 22:07,instagram.com
hnoxac19,hnoxac19,剛好給藍白看看，同一個總統提的大法官是會有不同意見喔😆😆😆,2025-12-19 16:41,instagram.com
hnoxac19,hnoxac19,🤣,2025-12-19 13:16,instagram.com
hnoxac19,hnoxac19,哈哈哈哈哈哈哈救命,2025-12-19 09:38,instagram.com
hnoxac19,hnoxac19,好好笑 I人大概生日那天會棄車🤣🤣🤣,2025-12-18 23:12,instagram.com
hnoxac19,hnoxac19,每次都看這種影片😊😊😊😊,2025-12-18 17:35,instagram.com
hnoxac19,hnoxac19,"封鎖封的好 滑脆沒煩惱
而且我都只封某種人欸 怎麼剛好都是他們😂",2025-12-18 17:17,instagram.com
hnoxac19,hnoxac19,黑金啊 記得來台灣喔😍😍😍😍,2025-12-18 13:06,instagram.com
zi_ling0219,子綾,淡水煙火 幸好趕上了！,2025-12-31 21:44,🖌️：@doniii219
brunch.snack_0709,初日時光早午餐.點心,"想吃鹹酥雞跨年的各位
現在不用等很久！！！
看看我們！！小編無聊到去外面招客人了
現在出來散散步吃個夜宵
或外帶回家剛剛好😆
📍 雲林縣虎尾鎮虎興南路598號
⏰ 跨年限定時段：17:00–23:00",2025-12-31 21:38,"早午餐、限時便當、點心
⚠️目前無固定公休日
營業時間： 6：00~13：30
地址：虎興南路598號
電話：05-6322536"
brunch.snack_0709,初日時光早午餐.點心,"今天有賣鹹酥雞(鹽酥雞)~~ 炸物~~
晚上沒人也沒車，都去田徑場跨年啦🥲
因為我們是開早上，所以招牌沒有裝燈
需要大家稍微注意一下路邊
找不到的話可以打電話或認聖誕樹🤣
只要沿著虎興南路直直走
看到科虎路的交界處就到啦！
距離田徑場車程 2 分鐘
距離高鐵站車程 5 分鐘
可內用、可外送、免排隊
📍 雲林縣虎尾鎮虎興南路598號
⏰ 跨年限定時段：17:00–23:00",2025-12-31 19:50,"早午餐、限時便當、點心
⚠️目前無固定公休日
營業時間： 6：00~13：30
地址：虎興南路598號
電話：05-6322536"
brunch.snack_0709,初日時光早午餐.點心,"油鍋準備就緒！就等人來
等等小編要來灑鹽，看看會不會爆單🤣
我們不用等超過10分鐘
（如果你有先打電話來的話）
絕對比任何一家攤位還要快
有內用、可外送、免排隊
這樣的店去哪裡找~
且距離跨年會場車程只要 2 分鐘
📍 雲林縣虎尾鎮虎興南路598號
⏰ 跨年限定時段：17:00–23:00",2025-12-31 17:11,"早午餐、限時便當、點心
⚠️目前無固定公休日
營業時間： 6：00~13：30
地址：虎興南路598號
電話：05-6322536"
brunch.snack_0709,初日時光早午餐.點心,"小編出任務，發傳單！
順便買點好吃的😋
等等17點見嘍~鹹酥雞吃起來",2025-12-31 15:08,"早午餐、限時便當、點心
⚠️目前無固定公休日
營業時間： 6：00~13：30
地址：虎興南路598號
電話：05-6322536"
brunch.snack_0709,初日時光早午餐.點心,"👉 因今日營業至 23:00
1/1 將延後於 9:00 開始營業，敬請見諒
謝謝大家的體諒與支持❤️
📍雲林縣虎尾鎮虎興南路598號
🕕 營業時間｜06:00 - 13:30
☎️ 訂餐專線｜05-6322536",2025-12-31 09:53,"早午餐、限時便當、點心
⚠️目前無固定公休日
營業時間： 6：00~13：30
地址：虎興南路598號
電話：05-6322536"
brunch.snack_0709,初日時光早午餐.點心,"☀️大家早~
今日便當🍱
滿300元、車程10分鐘內即可外送
早餐、便當、點心都能點~
📣小提醒：
如果要訂三份以上的便當
可以提前一天或在當天早上 9:30 前預訂喔
📍雲林縣虎尾鎮虎興南路598號
🕕 營業時間｜06:00 - 13:30
☎️ 訂餐專線｜05-6322536",2025-12-31 08:11,"早午餐、限時便當、點心
⚠️目前無固定公休日
營業時間： 6：00~13：30
地址：虎興南路598號
電話：05-6322536"
brunch.snack_0709,初日時光早午餐.點心,"📣 小提醒
今天會待到 3 點左右
現在可以打電話預約明天的炸物
不然現場真的要等很久唷～🥹
📍 雲林縣虎尾鎮虎興南路598號
⏰ 跨年限定時段：17:00–23:00",2025-12-30 13:13,"早午餐、限時便當、點心
⚠️目前無固定公休日
營業時間： 6：00~13：30
地址：虎興南路598號
電話：05-6322536"
brunch.snack_0709,初日時光早午餐.點心,"明天12/30（二）公休一日
目前無固定公休日，不要撲空了喔~
另外
12/31（三）17：00-23：00特別加開
歡迎脆友們來找我們吃鹹酥雞😆",2025-12-29 19:40,"早午餐、限時便當、點心
⚠️目前無固定公休日
營業時間： 6：00~13：30
地址：虎興南路598號
電話：05-6322536"
brunch.snack_0709,初日時光早午餐.點心,"☀️大家早~
今日便當🍱
滿300元、車程10分鐘內即可外送
早餐、便當、點心都能點~
📣小提醒：
如果要訂三份以上的便當
可以提前一天或在當天早上 9:30 前預訂喔
📍雲林縣虎尾鎮虎興南路598號
🕕 營業時間｜06:00 - 13:30
☎️ 訂餐專線｜05-6322536",2025-12-29 09:00,"早午餐、限時便當、點心
⚠️目前無固定公休日
營業時間： 6：00~13：30
地址：虎興南路598號
電話：05-6322536"
brunch.snack_0709,初日時光早午餐.點心,"☀️大家早~
今日便當🍱
滿300元、車程10分鐘內即可外送
早餐、便當、點心都能點~
📣小提醒：
如果要訂三份以上的便當
可以提前一天或在當天早上 9:30 前預訂喔
📍雲林縣虎尾鎮虎興南路598號
🕕 營業時間｜06:00 - 13:30
☎️ 訂餐專線｜05-6322536",2025-12-28 07:31,"早午餐、限時便當、點心
⚠️目前無固定公休日
營業時間： 6：00~13：30
地址：虎興南路598號
電話：05-6322536"
brunch.snack_0709,初日時光早午餐.點心,"今天是真的冷..所以！我們決定！
📢明天10：00試賣
紅豆西米露｜小杯 $50（360ml）
慢火熬煮的紅豆，搭配Q彈西米露
甜度剛剛好，喝起來很有飽足感～
✔ 可做溫的，冬天喝剛剛好
✔ 當點心、下午茶都很適合
✔ 不想吃太多又想有點飽感的最佳選擇
📍雲林縣虎尾鎮虎興南路598號
🕕 營業時間｜06:00 - 13:30
☎️ 訂餐專線｜05-6322536",2025-12-26 15:54,"早午餐、限時便當、點心
⚠️目前無固定公休日
營業時間： 6：00~13：30
地址：虎興南路598號
電話：05-6322536"
brunch.snack_0709,初日時光早午餐.點心,"☀️大家早~
今日便當🍱
滿300元、車程10分鐘內即可外送
早餐、便當、點心都能點~
📣小提醒：
如果要訂三份以上的便當
可以提前一天或在當天早上 9:30 前預訂喔
📍雲林縣虎尾鎮虎興南路598號
🕕 營業時間｜06:00 - 13:30
☎️ 訂餐專線｜05-6322536",2025-12-26 08:09,"早午餐、限時便當、點心
⚠️目前無固定公休日
營業時間： 6：00~13：30
地址：虎興南路598號
電話：05-6322536"
brunch.snack_0709,初日時光早午餐.點心,"☀️大家早~
今日便當🍱
滿300元、車程10分鐘內即可外送
早餐、便當、點心都能點~
📣小提醒：
如果要訂三份以上的便當
可以提前一天或在當天早上 9:30 前預訂喔
📍雲林縣虎尾鎮虎興南路598號
🕕 營業時間｜06:00 - 13:30
☎️ 訂餐專線｜05-6322536",2025-12-25 08:27,"早午餐、限時便當、點心
⚠️目前無固定公休日
營業時間： 6：00~13：30
地址：虎興南路598號
電話：05-6322536"
brunch.snack_0709,初日時光早午餐.點心,"欸不是 我隨便發的貼文很多人看
我認真發的沒人看..
還沒睡的各位有福了喔
如果有要來「雲林虎尾跨年」
我們12/31（三）加開晚間時段
可以來找我們吃鹹酥雞😋
時間跟菜單這幾天會公告~記得關注我們
📍雲林縣虎尾鎮虎興南路598號
☎️ 訂餐專線｜05-6322536",2025-12-21 22:25,"早午餐、限時便當、點心
⚠️目前無固定公休日
營業時間： 6：00~13：30
地址：虎興南路598號
電話：05-6322536"
brunch.snack_0709,初日時光早午餐.點心,"今天甜點、點心🤩
📍雲林縣虎尾鎮虎興南路598號
🕕 營業時間｜06:00 - 13:30
☎️ 訂餐專線｜05-6322536",2025-12-21 11:04,"早午餐、限時便當、點心
⚠️目前無固定公休日
營業時間： 6：00~13：30
地址：虎興南路598號
電話：05-6322536"
brunch.snack_0709,初日時光早午餐.點心,"☀️大家早~
今日便當🍱
滿300元、車程10分鐘內即可外送
早餐、便當、點心都能點~
📣小提醒：
如果要訂三份以上的便當
可以提前一天或在當天早上 9:30 前預訂喔
📍雲林縣虎尾鎮虎興南路598號
🕕 營業時間｜06:00 - 13:30
☎️ 訂餐專線｜05-6322536",2025-12-21 08:26,"早午餐、限時便當、點心
⚠️目前無固定公休日
營業時間： 6：00~13：30
地址：虎興南路598號
電話：05-6322536"
brunch.snack_0709,初日時光早午餐.點心,"☀️大家早~
今日便當🍱
滿300元、車程10分鐘內即可外送
早餐、便當、點心都能點~
📣小提醒：
如果要訂三份以上的便當
可以提前一天或在當天早上 9:30 前預訂喔
📍雲林縣虎尾鎮虎興南路598號
🕕 營業時間｜06:00 - 13:30
☎️ 訂餐專線｜05-6322536",2025-12-20 08:29,"早午餐、限時便當、點心
⚠️目前無固定公休日
營業時間： 6：00~13：30
地址：虎興南路598號
電話：05-6322536"
brunch.snack_0709,初日時光早午餐.點心,"明天12/19（五）公休一日
不要撲空了喔~",2025-12-18 14:16,"早午餐、限時便當、點心
⚠️目前無固定公休日
營業時間： 6：00~13：30
地址：虎興南路598號
電話：05-6322536"
brunch.snack_0709,初日時光早午餐.點心,"☀️大家早~
今日便當🍱
滿300元、車程10分鐘內即可外送
早餐、便當、點心都能點~
📣小提醒：
如果要訂三份以上的便當
可以提前一天或在當天早上 9:30 前預訂喔
📍雲林縣虎尾鎮虎興南路598號
🕕 營業時間｜06:00 - 13:30
☎️ 訂餐專線｜05-6322536",2025-12-18 08:30,"早午餐、限時便當、點心
⚠️目前無固定公休日
營業時間： 6：00~13：30
地址：虎興南路598號
電話：05-6322536"
_tfhhh_,_tfhhh_,蔡健雅燒聲也太好聽了吧,2025-12-31 21:52,音樂生在這邊發牢騷加爆言
_tfhhh_,_tfhhh_,該不會只有我會把曲析當成英文在背單字吧,2025-12-24 15:01,音樂生在這邊發牢騷加爆言
_tfhhh_,_tfhhh_,"Daer Santa
希望可以給我一個有錢人願意贊助我一輩子的弦
Thanks",2025-12-22 16:25,音樂生在這邊發牢騷加爆言
_tfhhh_,_tfhhh_,嗯？不就是我嗎,2025-12-22 09:00,音樂生在這邊發牢騷加爆言
mane.manet,Lu_Aprari,do you love 咪咪咪咪˙Ⱉ˙ฅ~,2025-12-31 17:31,
zhyunn126_,Emma☁️,"貳拾快樂✨️
希望20歲可以更勇敢去做想做的事
不可以放棄喜歡的事 不可以放棄音樂",2025-12-26 23:59,"不只有追星 還有生活 跟一點cover
@路易呂
想一直當浪漫的人"
zhyunn126_,Emma☁️,第四張我的瀏海看起來很笨,2025-12-25 22:48,"不只有追星 還有生活 跟一點cover
@路易呂
想一直當浪漫的人"
zhyunn126_,Emma☁️,昨天✨️,2025-12-25 22:34,"不只有追星 還有生活 跟一點cover
@路易呂
想一直當浪漫的人"
zhyunn126_,Emma☁️,"若欣超可愛！
今天演出超讚ㄉ
EP好聽 沒有才能新歌也好聽😙🫰🏻",2025-12-25 17:47,"不只有追星 還有生活 跟一點cover
@路易呂
想一直當浪漫的人"
zhyunn126_,Emma☁️,"本來想說小睡一下
結果不小心睡了個大的==",2025-12-25 15:18,"不只有追星 還有生活 跟一點cover
@路易呂
想一直當浪漫的人"
zhyunn126_,Emma☁️,"再賣一次 詐騙別來
那天有事沒辦法到
希望可以售出～價格可議！
一律匯款後給取票序號
凱爾凱爾凱爾",2025-12-25 01:28,"不只有追星 還有生活 跟一點cover
@路易呂
想一直當浪漫的人"
zhyunn126_,Emma☁️,"你們懂就是
手很小的人彈吉他
大拇指按弦有多痛嗎
我真的按到快抽筋",2025-12-24 22:44,"不只有追星 還有生活 跟一點cover
@路易呂
想一直當浪漫的人"
zhyunn126_,Emma☁️,幹好屌,2025-12-24 15:04,"不只有追星 還有生活 跟一點cover
@路易呂
想一直當浪漫的人"
zhyunn126_,Emma☁️,我ㄉ吉他不知道什麼時候凹了一個洞 很心碎💔,2025-12-24 14:24,"不只有追星 還有生活 跟一點cover
@路易呂
想一直當浪漫的人"
zhyunn126_,Emma☁️,我最近把這個當水在喝,2025-12-24 14:22,"不只有追星 還有生活 跟一點cover
@路易呂
想一直當浪漫的人"
zhyunn126_,Emma☁️,"我打工的辦公室的老師今天看到我的手機桌布
問我這是我的偶像還是男朋友
我跟老師說是我喜歡ㄉ歌手 他叫呂允
（我放這張 很萌萌）",2025-12-24 01:00,"不只有追星 還有生活 跟一點cover
@路易呂
想一直當浪漫的人"
zhyunn126_,Emma☁️,我的卡根本沒錢是在盜刷什麼==,2025-12-23 23:28,"不只有追星 還有生活 跟一點cover
@路易呂
想一直當浪漫的人"
zhyunn126_,Emma☁️,"我剛剛吃了一小塊過期兩天的生乳捲
不知道會不會怎樣晚點來分享",2025-12-23 11:22,"不只有追星 還有生活 跟一點cover
@路易呂
想一直當浪漫的人"
zhyunn126_,Emma☁️,"一直忘記分享
前幾天去無印良品買肥皂
結果他竟然跟我說現在沒有貨💥
是整個放肥皂的地方都沒有東西的那種沒有貨
但因為我真的很喜歡那個肥皂的味道
加上我是無印良品忠實粉絲
以後我會囤貨。",2025-12-23 01:37,"不只有追星 還有生活 跟一點cover
@路易呂
想一直當浪漫的人"
zhyunn126_,Emma☁️,有喔張艾瑪這次有按到快門了😙,2025-12-22 19:03,"不只有追星 還有生活 跟一點cover
@路易呂
想一直當浪漫的人"
zhyunn126_,Emma☁️,趁年底拼一個浪漫,2025-12-22 17:55,"不只有追星 還有生活 跟一點cover
@路易呂
想一直當浪漫的人"
zhyunn126_,Emma☁️,昨天ㄉ下班路✨️,2025-12-22 16:43,"不只有追星 還有生活 跟一點cover
@路易呂
想一直當浪漫的人"
zhyunn126_,Emma☁️,太萌了喔買尬,2025-12-22 00:14,"不只有追星 還有生活 跟一點cover
@路易呂
想一直當浪漫的人"
zhyunn126_,Emma☁️,幹為什麼我可以完美錯過每一次的我就想你啊💥,2025-12-22 00:07,"不只有追星 還有生活 跟一點cover
@路易呂
想一直當浪漫的人"
zhyunn126_,Emma☁️,超級可愛我要大叫💥,2025-12-21 23:43,"不只有追星 還有生活 跟一點cover
@路易呂
想一直當浪漫的人"
zhyunn126_,Emma☁️,"先放一些今天
晚點手機有電然後我報告做完再繼續調
第二張是我在睡覺然後手背壓在我的褲子上
就變成那樣了。很笨。",2025-12-21 22:21,"不只有追星 還有生活 跟一點cover
@路易呂
想一直當浪漫的人"
zhyunn126_,Emma☁️,✨️,2025-12-21 21:57,"不只有追星 還有生活 跟一點cover
@路易呂
想一直當浪漫的人"
zhyunn126_,Emma☁️,今天ㄉ小宇宙🪐,2025-12-21 20:30,"不只有追星 還有生活 跟一點cover
@路易呂
想一直當浪漫的人"
zhyunn126_,Emma☁️,還在腳踏實地的做夢，已經很好了。,2025-12-21 07:41,"不只有追星 還有生活 跟一點cover
@路易呂
想一直當浪漫的人"
zhyunn126_,Emma☁️,好ㄘ😋,2025-12-20 17:49,"不只有追星 還有生活 跟一點cover
@路易呂
想一直當浪漫的人"
zhyunn126_,Emma☁️,"愛詞創
雖然沒開歌 但玩得很開心😙🫰🏻",2025-12-19 23:53,"不只有追星 還有生活 跟一點cover
@路易呂
想一直當浪漫的人"
zhyunn126_,Emma☁️,一萬公里外的你,2025-12-19 12:59,"不只有追星 還有生活 跟一點cover
@路易呂
想一直當浪漫的人"
zhyunn126_,Emma☁️,"？因為我說呂允是壞男人嗎
為什麼要隱藏我的留言啦超好笑",2025-12-18 23:19,"不只有追星 還有生活 跟一點cover
@路易呂
想一直當浪漫的人"
zhyunn126_,Emma☁️,好扯這個很厲害,2025-12-18 19:56,"不只有追星 還有生活 跟一點cover
@路易呂
想一直當浪漫的人"
zhyunn126_,Emma☁️,"很久沒跟小徐聊天
其實通常我都是跟他分享我又吃肯德基蛋撻了 超好笑
看了好幾首小劇場的演出 喜歡到不行
每一首新編曲都好讚😭
希望這些都可以上架ㄟ...
看不到現場真的有夠可惜",2025-12-18 11:41,"不只有追星 還有生活 跟一點cover
@路易呂
想一直當浪漫的人"
zhyunn126_,Emma☁️,結果12月瘋狂見 要這麼幸福😙🫰🏻,2025-12-18 10:54,"不只有追星 還有生活 跟一點cover
@路易呂
想一直當浪漫的人"
zhyunn126_,Emma☁️,"我昨天夢到我去看館青
然後我到現場才想到我還沒取票
然後不知道為什麼一直取不了
他們開始了一段時間我才拿到票 非常坎坷
以此告誡以後不要演出當天才去取票。
雖然我是沒有這樣做過
但我不是不可能做出這種事",2025-12-18 10:09,"不只有追星 還有生活 跟一點cover
@路易呂
想一直當浪漫的人"
zhyunn126_,Emma☁️,"考到一半教授進來問有沒有問題
有人問說問了他就會講答案嗎
他說除非他也不知道
然後有人問題目他真的直接講答案😀❓️💥
笑到瘋掉
提早交卷他還說 已經有人放棄了
幾個意思😍💥",2025-12-17 14:11,"不只有追星 還有生活 跟一點cover
@路易呂
想一直當浪漫的人"
beautiful8310638,宇～,"獨居生活一個人的跨年
當身邊人都在討論今晚怎麼過的時候
我超煩欸
是一個人在家追劇 聽音樂
還是抱著枕頭睡覺
但我選擇一個人買醉🥹",2025-12-31 22:02,"不喜歡請滑走，不要用狹隘的眼光評價我，時間才是最好的答案！
🈲虛擬貨幣 黃金  推銷產品勿擾."
beautiful8310638,宇～,"想找個女朋友一起過跨年😊
單身一年多多了 老天爺 請給我一個女友吧
如果跨年前有遇到 可以穩定交往 我請脆上各位吃雞排😛
我36巨蟹座 希望至少25至45歲以內可以接受 不喜歡做作物質的女生🤣",2025-12-28 18:25,"不喜歡請滑走，不要用狹隘的眼光評價我，時間才是最好的答案！
🈲虛擬貨幣 黃金  推銷產品勿擾."
beautiful8310638,宇～,"聖誕節快樂🧑‍🎄🤶🎄🎁🧨
希望更多人在Threads遇見真愛❤️
第二年一個人過聖誕節了
希望跨年是兩人行
陌生的朋友能鼓勵我
左下角給我一個💗嗎🙏",2025-12-25 15:33,"不喜歡請滑走，不要用狹隘的眼光評價我，時間才是最好的答案！
🈲虛擬貨幣 黃金  推銷產品勿擾."
2008____poppy,鳳廣 高👶🍼,"新年快樂😍💕
@willy1004_ok
@willy1004_ok",2025-12-31 22:00,"嗨嗨！！歡迎追蹤😳
終究還是會有人離開的 
愛看不看隨便了🙂‍↕️
好好愛自己😘🤍"
2008____poppy,鳳廣 高👶🍼,"八德這家生乳燒很有名！好吃🥹
店名：美德糕餅舖！
地址：334桃園市八德區東勇北路578號
有興趣的你！有時間去吃吃看吧😍💕",2025-12-27 20:50,"嗨嗨！！歡迎追蹤😳
終究還是會有人離開的 
愛看不看隨便了🙂‍↕️
好好愛自己😘🤍"
2008____poppy,鳳廣 高👶🍼,"這影片看了真的很感動...
從一開始的原子少年慢慢的到ozone
 在這幾年中我想說的是
謝謝你們！你們很棒！
沒有你們就沒有現在的O.A.O
最後祝福六位當兵順利 等你們回來😭🩶
youtu.be/eMY7Y…",2025-12-22 05:43,"嗨嗨！！歡迎追蹤😳
終究還是會有人離開的 
愛看不看隨便了🙂‍↕️
好好愛自己😘🤍"
rinnkiiiiii._.4u,ㄨ媽咪咪咪咪咪,我這個頭像講可愛話真的會很好笑 比較適合發瘋,2025-12-30 01:57,jojo跟銀魂ㄉ狗
rinnkiiiiii._.4u,ㄨ媽咪咪咪咪咪,嗨,2025-12-28 00:27,jojo跟銀魂ㄉ狗
rinnkiiiiii._.4u,ㄨ媽咪咪咪咪咪,超爆爛的 我是賤人嗎==,2025-12-23 00:53,jojo跟銀魂ㄉ狗
rinnkiiiiii._.4u,ㄨ媽咪咪咪咪咪,我的是賤賤的 但他還是小狗,2025-12-20 21:46,jojo跟銀魂ㄉ狗
rinnkiiiiii._.4u,ㄨ媽咪咪咪咪咪,請大家都要去看超養眼,2025-12-19 11:44,jojo跟銀魂ㄉ狗
ely_ramirezb,Elizabeth Ramirez,😺,2025-12-31 19:22,"Chica rota con horarios de oficina y crisis existenciales; medio rota, medio riéndose de todo😮‍💨"
ely_ramirezb,Elizabeth Ramirez,que viva el amor (propio),2025-12-31 19:21,"Chica rota con horarios de oficina y crisis existenciales; medio rota, medio riéndose de todo😮‍💨"
ely_ramirezb,Elizabeth Ramirez,.,2025-12-28 19:22,"Chica rota con horarios de oficina y crisis existenciales; medio rota, medio riéndose de todo😮‍💨"
ely_ramirezb,Elizabeth Ramirez,♥️,2025-12-27 06:28,"Chica rota con horarios de oficina y crisis existenciales; medio rota, medio riéndose de todo😮‍💨"
ely_ramirezb,Elizabeth Ramirez,"Me encanta el rubor, él, las flores, él, el gloss y él ✨",2025-12-27 06:27,"Chica rota con horarios de oficina y crisis existenciales; medio rota, medio riéndose de todo😮‍💨"
ely_ramirezb,Elizabeth Ramirez,💆🏽‍♀️,2025-12-18 06:27,"Chica rota con horarios de oficina y crisis existenciales; medio rota, medio riéndose de todo😮‍💨"
ely_ramirezb,Elizabeth Ramirez,Esto y yaa.,2025-12-18 04:16,"Chica rota con horarios de oficina y crisis existenciales; medio rota, medio riéndose de todo😮‍💨"
ely_ramirezb,Elizabeth Ramirez,"Me alejo porque dar sin recibir presencia
cansa, y yo ya no estoy para sostener vínculos que se caen cuando dejo de empujar. 😮‍💨",2025-12-18 04:15,"Chica rota con horarios de oficina y crisis existenciales; medio rota, medio riéndose de todo😮‍💨"
hey._0316,蚊.,台東跨年根本就是展現原住民熱情的一面,2025-12-31 22:37,主頁都看了哀居還不追嗎
hey._0316,蚊.,㊗️你2026遠離爛事爛人,2025-12-31 17:53,主頁都看了哀居還不追嗎
hey._0316,蚊.,當看到討厭的人在裝可愛時：,2025-12-26 19:17,主頁都看了哀居還不追嗎
hey._0316,蚊.,當我對完考卷解答時：,2025-12-24 18:28,主頁都看了哀居還不追嗎
hey._0316,蚊.,考卷我那麼認真寫你 你考這樣的分數對得起我嗎,2025-12-23 20:26,主頁都看了哀居還不追嗎
hey._0316,蚊.,"大家身邊一定都有個
-
-
-
死裝姐和公主病",2025-12-22 18:35,主頁都看了哀居還不追嗎
hey._0316,蚊.,兩個人才叫跨年你那個叫熬夜,2025-12-18 06:53,主頁都看了哀居還不追嗎
heaven_c121,heaven_c121,跨年你媽,2025-12-31 22:32,
heaven_c121,heaven_c121,操他媽的爛跨年😭,2025-12-31 22:24,
heaven_c121,heaven_c121,他媽的肏,2025-12-31 22:23,
heaven_c121,heaven_c121,為什麼要約妳認識我不認識的人啦幹 就繼續,2025-12-31 22:23,
heaven_c121,heaven_c121,幹你娘妳根本不擔心我被雨淋,2025-12-31 22:23,
heaven_c121,heaven_c121,我要哭了,2025-12-31 22:09,
heaven_c121,heaven_c121,我都被妳掰彎了 跟我分享妳喜歡的男生衝三小,2025-12-31 22:08,
heaven_c121,heaven_c121,他媽的 我剪頭髮前說喜歡短髮女 剪完了又說喜歡長髮女 三小 媽的 我一直被認成T還要遭受這種待遇 妳什麼意思😭,2025-12-31 22:06,
heaven_c121,heaven_c121,我感覺她把我當很好的朋友 可是她一下課就會黏在我身上、、,2025-12-28 00:00,
heaven_c121,heaven_c121,果然只是朋友,2025-12-25 11:47,
heaven_c121,heaven_c121,可是妳會主動簽我的手,2025-12-24 18:19,
heaven_c121,heaven_c121,莫名其妙的有小飛機 很恐怖你們知道嗎,2025-12-23 23:48,
heaven_c121,heaven_c121,我會一直偷看妳 直到妳發現我,2025-12-23 21:53,
heaven_c121,heaven_c121,都是發給我自己看的 三觀基本無,2025-12-23 21:05,
heaven_c121,heaven_c121,好不容易可以獨處的時間 我不想聽妳之前喜歡過誰 也許現在妳還在喜歡嗎,2025-12-23 20:56,
heaven_c121,heaven_c121,今天她離我超近的...嘴巴快碰到我臉了啊啊啊（好像已經碰到） 好爽好害羞,2025-12-23 20:51,
heaven_c121,heaven_c121,我吃醋了,2025-12-23 16:22,
heaven_c121,heaven_c121,其實這些東西都是我忍了很久 終於創了小帳,2025-12-23 00:20,
heaven_c121,heaven_c121,好希望妳只看著我,2025-12-23 00:17,
heaven_c121,heaven_c121,我不是女同性戀 但是我喜歡妳,2025-12-23 00:04,
haohao_0311,丁丁,"好久沒有看到煙火那麼興奮 那麼感動了🥲
第一次在國外跨年",2025-12-31 22:33,🐋
haohao_0311,丁丁,"又到了每年的最後一天了
說起來算是誤打誤撞，今年竟然是在雪梨結束2025
第一次出國也是第一次一個人出國，開始可以體會網路上說的獨旅那種感覺，雖然有些孤獨，會不知道要幹嘛，但蠻享受這種感覺的，沒有目的地，沒有人催促你該出發去下一個景點了，聽到的只有自己心裡的聲音。
關於這個可以另外打一篇了哈哈哈
細數今年發生的事，從年初賣掉我的車（我的靈魂也沒了🚬），年中辭職回綠島換宿等當兵，年尾退伍完成人生里程碑，以及那些生活中大大小小的事，有開心、有難過、有憤怒、有無奈、也有很多抱歉，少不了的一樣是那個長不大的自己，很幼稚、很衝動、很白癡…
每次回頭看，才想問自己到底在幹嘛，那些當下被另一個自己佔據的思緒，都懷疑自己是不是人格分裂。
一樣還是很感謝郭跟蘇，人生的路上互相扶持互相成長，以及那些被你們接住的差點被自己吞噬的情緒，未來也要一樣請你們多多關照了！",2025-12-31 16:29,🐋
haohao_0311,丁丁,"第一次出國就獨旅 
I人加上破英文
說不緊張都是騙人的🚬🚬🚬",2025-12-27 19:28,🐋
yaci0217,林雅慈,"現在
有沒有開始躺平在床上的人？",2025-12-31 22:34,敬虔加上知足的心便是大利（提前6:6）
yaci0217,林雅慈,"恩典，是神超自然的作為，
托住人軟弱之處，
使我們跨越自己無法跨越的界線。
玫瑰敞開花瓣，
無聲地述說生命曾被滋養、被更新。",2025-12-21 19:43,敬虔加上知足的心便是大利（提前6:6）
yaci0217,林雅慈,"從寶座到馬槽，祂以謙卑的身軀，寫下從誕生到復活的生命詩篇。
世人卻仍在虛浮的黃金夢裡掙扎，為了那頂冰冷的皇冠燃燒嫉妒，在殺戮中迷失。他們追逐著虛無，卻與真理擦身而過。
因為那真正的生命，早已不在金殿之上，而是在基督的懷抱裡，在跟隨者聖潔的心田間，生生不息。",2025-12-20 23:15,敬虔加上知足的心便是大利（提前6:6）
cye_922,En_En🎧,救我 看一個跨年手機進水,2025-12-31 22:55,宜蘭09 單🤞🏻
cye_922,En_En🎧,變得會穿搭‼️,2025-12-29 20:47,宜蘭09 單🤞🏻
cye_922,En_En🎧,要跨年了 沒人陪伴啦🫠,2025-12-28 13:50,宜蘭09 單🤞🏻
a_liang_1103,A Liang,人生第一次到現場跨年，壓軸的惡魔之子超好聽🤩,2025-12-31 22:42,"一個選手
偶爾搞搞抽象"
a_liang_1103,A Liang,"仔細想想
今年也挺充實的
上半年都在忙會考
下半年開學後交了許多朋友，但也好累
現在都在忙選手
還有86天，加油",2025-12-30 23:06,"一個選手
偶爾搞搞抽象"
a_liang_1103,A Liang,幹地震超大,2025-12-27 23:08,"一個選手
偶爾搞搞抽象"
a_liang_1103,A Liang,"幹幹幹我居然在聖誕節前交往了！！
一直陪我聊天 情商好高 還長得特別可愛 又幽默風趣 
跟她在一起根本不怕無聊 而且善良有禮貌 做事細心 
終於能體驗到戀愛的感覺了
反正沒事幹不如和我一起複製貼上做白日夢",2025-12-22 12:06,"一個選手
偶爾搞搞抽象"
wolf.9000874,工作室,"工作室推出跨年活動 
荒野亂鬥 抓造型
給你序號 無限去抓
抓到你想要的為止
評論11  就給序號",2025-12-31 22:23,"傳說對決》福利發放
傳說、限定造型、海量點券免費發放
送你一隻兌換碼，即可兌換所有獎勵
+賴 @438qncdh"
wolf.9000874,工作室,"荒野亂鬥 抓造型
給你序號 無限去抓
抓到你想要的為止
評論11  就給序號",2025-12-30 18:17,"傳說對決》福利發放
傳說、限定造型、海量點券免費發放
送你一隻兌換碼，即可兌換所有獎勵
+賴 @438qncdh"
wolf.9000874,工作室,可惜要去日本留學了，有沒有喜歡玩的免費送你，扔了可惜,2025-12-27 21:07,"傳說對決》福利發放
傳說、限定造型、海量點券免費發放
送你一隻兌換碼，即可兌換所有獎勵
+賴 @438qncdh"
wolf.9000874,工作室,"荒野亂鬥 抓造型
給你序號 無限去抓
抓到你想要的為止
評論11  就給序號",2025-12-27 15:41,"傳說對決》福利發放
傳說、限定造型、海量點券免費發放
送你一隻兌換碼，即可兌換所有獎勵
+賴 @438qncdh"
wolf.9000874,工作室,退遊了，想要拿走。卡,2025-12-27 11:28,"傳說對決》福利發放
傳說、限定造型、海量點券免費發放
送你一隻兌換碼，即可兌換所有獎勵
+賴 @438qncdh"
wolf.9000874,工作室,退遊了，不想玩了，喜歡拿去玩,2025-12-25 13:05,"傳說對決》福利發放
傳說、限定造型、海量點券免費發放
送你一隻兌換碼，即可兌換所有獎勵
+賴 @438qncdh"
wolf.9000874,工作室,退游了這個號送給你們,2025-12-20 12:27,"傳說對決》福利發放
傳說、限定造型、海量點券免費發放
送你一隻兌換碼，即可兌換所有獎勵
+賴 @438qncdh"
wolf.9000874,工作室,"這個號有沒有人想要退遊號  想要可以看看
想要直接送",2025-12-20 11:38,"傳說對決》福利發放
傳說、限定造型、海量點券免費發放
送你一隻兌換碼，即可兌換所有獎勵
+賴 @438qncdh"
wolf.9000874,工作室,"這個號有沒有人想要退遊號  想要可以看看
想要直接送",2025-12-19 13:39,"傳說對決》福利發放
傳說、限定造型、海量點券免費發放
送你一隻兌換碼，即可兌換所有獎勵
+賴 @438qncdh"
wolf.9000874,工作室,帳號送人了，想要私,2025-12-19 12:25,"傳說對決》福利發放
傳說、限定造型、海量點券免費發放
送你一隻兌換碼，即可兌換所有獎勵
+賴 @438qncdh"
wolf.9000874,工作室,退遊了，傳說不玩了 賬號造型全部贈送了,2025-12-18 15:04,"傳說對決》福利發放
傳說、限定造型、海量點券免費發放
送你一隻兌換碼，即可兌換所有獎勵
+賴 @438qncdh"
lian_shin,歆👩🏻‍🌾,"大家有看到這個小巧思嗎？
看到朋友限動影片才發現🤗
煙火第一趴是SYDNEY
2026新年快樂🥰",2025-12-31 22:28,在澳洲生活奮鬥的小女子
xt.for.taiwan,XT──台灣專屬社群情報站,"剛才在波蘭機場看到這一幕
雖然聖誕節還要上班➡️但不影響小倆口
過聖誕節",2025-12-25 19:57,"精選全球爆文 x 深度社會評論 x 真實生活觀點。
每週超過千萬人次瀏覽，掌握台灣 Threads 上的話題核心。
立刻追蹤，加入全台最敢言的社群討論區"
xt.for.taiwan,XT──台灣專屬社群情報站,"快訊⚠️
Faker代言麥當勞🥰🥰🥰🥰",2025-12-25 12:21,"精選全球爆文 x 深度社會評論 x 真實生活觀點。
每週超過千萬人次瀏覽，掌握台灣 Threads 上的話題核心。
立刻追蹤，加入全台最敢言的社群討論區"
xt.for.taiwan,XT──台灣專屬社群情報站,"請問高等法院審判長謝靜慧法官:
一個年輕生命消失了，家屬在法庭外哭到撕心裂肺，為何殺人的乾哥僅改判12年、乾妹11年？
法律口中的『有教化可能』，難道是建立在受害者家屬的鮮血與眼淚之上嗎？
我剛剛被迫下架了那篇250萬人支持的貼文，因為法律急著保護加害人，但我不會安靜。請法官告訴我們，正義在哪裡？」",2025-12-24 00:05,"精選全球爆文 x 深度社會評論 x 真實生活觀點。
每週超過千萬人次瀏覽，掌握台灣 Threads 上的話題核心。
立刻追蹤，加入全台最敢言的社群討論區"
xt.for.taiwan,XT──台灣專屬社群情報站,"現在打開脆，滿滿都是割喉案89🐒的照片。我知道大家都很氣，我也一樣。
但作為一個萬人粉專，我剛剛被迫下架了那篇250萬瀏覽的文，因為我已經面臨法律檢舉與 15 萬罰款的威脅。
這就是最諷刺的地方：全台灣都知道他們長什麼樣、做了什麼惡，但法律卻只會盯著我們這些想發聲的人。我不會消失，我會用更合法、更安全的方式繼續盯著這個案子。",2025-12-23 23:52,"精選全球爆文 x 深度社會評論 x 真實生活觀點。
每週超過千萬人次瀏覽，掌握台灣 Threads 上的話題核心。
立刻追蹤，加入全台最敢言的社群討論區"
xt.for.taiwan,XT──台灣專屬社群情報站,"不是啊！
現在日本的犯人，都走顏值路線的嗎？",2025-12-22 21:35,"精選全球爆文 x 深度社會評論 x 真實生活觀點。
每週超過千萬人次瀏覽，掌握台灣 Threads 上的話題核心。
立刻追蹤，加入全台最敢言的社群討論區"
xt.for.taiwan,XT──台灣專屬社群情報站,"北捷最近也推出了掃碼進站
-我建議取消➡️因為這效率真的很低
尖峰時段可能要排隊排很久😓
大家覺得呢？",2025-12-21 23:49,"精選全球爆文 x 深度社會評論 x 真實生活觀點。
每週超過千萬人次瀏覽，掌握台灣 Threads 上的話題核心。
立刻追蹤，加入全台最敢言的社群討論區"
xt.for.taiwan,XT──台灣專屬社群情報站,你很屌，你怎麼不去？,2025-12-19 23:24,"精選全球爆文 x 深度社會評論 x 真實生活觀點。
每週超過千萬人次瀏覽，掌握台灣 Threads 上的話題核心。
立刻追蹤，加入全台最敢言的社群討論區"
xt.for.taiwan,XT──台灣專屬社群情報站,"各位！
該來的還是來了
🤦🤦‍♀️🤦‍♂️🤦🤦‍♀️🤦‍♂️🤦‍♀️🤦🤦🤦🤦‍♂️",2025-12-19 20:06,"精選全球爆文 x 深度社會評論 x 真實生活觀點。
每週超過千萬人次瀏覽，掌握台灣 Threads 上的話題核心。
立刻追蹤，加入全台最敢言的社群討論區"
xt.for.taiwan,XT──台灣專屬社群情報站,"真的很難想像，這些會出現在電影裡的畫面
竟然真實的發生在2025年的台灣😞😞😞
希望大家都平安，今天別去信義了
好好待在家吧😞😞😞😞",2025-12-19 19:57,"精選全球爆文 x 深度社會評論 x 真實生活觀點。
每週超過千萬人次瀏覽，掌握台灣 Threads 上的話題核心。
立刻追蹤，加入全台最敢言的社群討論區"
xt.for.taiwan,XT──台灣專屬社群情報站,"她花70萬日圓整鼻子👃
我是覺得以前超好看的（很自然）
大家覺得呢？
影片翻譯有誤請見諒",2025-12-18 23:54,"精選全球爆文 x 深度社會評論 x 真實生活觀點。
每週超過千萬人次瀏覽，掌握台灣 Threads 上的話題核心。
立刻追蹤，加入全台最敢言的社群討論區"
kai_sci.chiang,Peter Chiang,"現主時❄️
北海道神宮跨年參拜人潮",2025-12-31 22:38,👨🏻‍💻Software Engineer
kai_sci.chiang,Peter Chiang,12/31 2am 薄野 -5度 完全沒雪😭,2025-12-31 02:05,👨🏻‍💻Software Engineer
lweriy0.4,...,"別人跨年
我先睡了",2025-12-31 23:12,
lweriy0.4,...,看過七寶跟大英雄天團的估計都快大學了吧,2025-12-27 22:08,
lweriy0.4,...,麗山的素質都這樣嗎  覺得自己高高在上喜歡去貶低後面的高中 真的很可憐 只會用這種方式表達的人大學大概也就這樣了吧,2025-12-23 17:34,
i_am_a_pretty_fairy_,꒰ঌ小ㄒㄧㄢ女ᯅ̈煙燻 ˙᷄ỏ˙᷅ ໒꒱,跨年有安心亞版whiplash欸,2025-12-31 22:59,🌶️
i_am_a_pretty_fairy_,꒰ঌ小ㄒㄧㄢ女ᯅ̈煙燻 ˙᷄ỏ˙᷅ ໒꒱,12/31的晚餐算不算一種最後的晚餐,2025-12-31 08:05,🌶️
i_am_a_pretty_fairy_,꒰ঌ小ㄒㄧㄢ女ᯅ̈煙燻 ˙᷄ỏ˙᷅ ໒꒱,是我的錯覺還是block blast 變難了怎麼玩了10分鐘還沒一萬,2025-12-23 21:33,🌶️
i_am_a_pretty_fairy_,꒰ঌ小ㄒㄧㄢ女ᯅ̈煙燻 ˙᷄ỏ˙᷅ ໒꒱,"2025竹中竹女聯合耶誕舞會Throw
大家都超讚的！！
表演都超讚！！
——————
雖然但是
唸竹中街舞臺詞的時候沒唸好，真的超級抱歉的",2025-12-21 17:13,🌶️
i_am_a_pretty_fairy_,꒰ঌ小ㄒㄧㄢ女ᯅ̈煙燻 ˙᷄ỏ˙᷅ ໒꒱,"0958425419
這是我朋友，打電話給他，提醒他今天要💩",2025-12-18 16:36,🌶️
6kz.030,皮炎,我不會畫了誰來救我,2025-12-29 20:27,隨便亂發
6kz.030,皮炎,我是不拿拿,2025-12-29 20:05,隨便亂發
6kz.030,皮炎,唉 刀馬刀馬刀馬,2025-12-29 19:44,隨便亂發
6kz.030,皮炎,喜報！我剛剛拉屎了！很順暢！,2025-12-29 18:14,隨便亂發
6kz.030,皮炎,等我的巨作💩,2025-12-29 00:08,隨便亂發
6kz.030,皮炎,給你們看我的鼻孔,2025-12-28 22:09,隨便亂發
6kz.030,皮炎,這是我剛剛捏的 好萌喔,2025-12-28 21:50,隨便亂發
6kz.030,皮炎,史詩級運鏡,2025-12-28 20:55,隨便亂發
6kz.030,皮炎,我是大屁眼大男人,2025-12-28 20:30,隨便亂發
6kz.030,皮炎,我想睡覺。,2025-12-28 20:03,隨便亂發
6kz.030,皮炎,你頭上怎麼尖尖的？,2025-12-28 15:42,隨便亂發
6kz.030,皮炎,一整天躺在床上好舒服,2025-12-28 14:23,隨便亂發
6kz.030,皮炎,為啥我畫畫都沒人看 發個大唧唧小女生就有人看了 你們真的很奇怪,2025-12-28 12:21,隨便亂發
6kz.030,皮炎,地震很大皮克敏很害怕,2025-12-27 23:16,隨便亂發
6kz.030,皮炎,"@candy_coser_
@candy_coser_
的oc 非常潦草的畫了一下！是畫捧著糖果分你吃的樣子",2025-12-27 22:59,隨便亂發
6kz.030,皮炎,藤井風怎麼這麼好聽。。,2025-12-27 20:39,隨便亂發
6kz.030,皮炎,摸一下雅小姐,2025-12-27 19:54,隨便亂發
6kz.030,皮炎,操！,2025-12-27 18:15,隨便亂發
6kz.030,皮炎,我是大唧唧小女生,2025-12-27 13:12,隨便亂發
6kz.030,皮炎,喔呦彰化怎麼這麼冷 要冷死了,2025-12-27 12:18,隨便亂發
6kz.030,皮炎,萌萌三原色皮,2025-12-26 23:12,隨便亂發
6kz.030,皮炎,各位我要去拉屎了！,2025-12-26 22:18,隨便亂發
6kz.030,皮炎,你們想看我畫什麼角色,2025-12-26 22:08,隨便亂發
6kz.030,皮炎,我今天素描畫的好醜好醜好醜 我要跳樓跳樓跳樓 操操操😡😡😡😡😡😡😡😡,2025-12-26 21:42,隨便亂發
6kz.030,皮炎,我操！,2025-12-26 17:29,隨便亂發
6kz.030,皮炎,屁股癢癢,2025-12-26 15:19,隨便亂發
6kz.030,皮炎,"對不起大家，我要退坑了，對藤井風的熱情也慢慢消散了，最後再聽6天今年就不聽了。
明年再繼續聽吧。",2025-12-26 01:49,隨便亂發
6kz.030,皮炎,有沒有人來跟我說說話,2025-12-26 01:35,隨便亂發
6kz.030,皮炎,亂畫的水彩蕉蕉 我腳麻了,2025-12-25 22:32,隨便亂發
6kz.030,皮炎,聖誕節快樂💃💃💃,2025-12-25 16:33,隨便亂發
6kz.030,皮炎,救命我到底要畫啥感覺啥都畫不出來 我幾把不會畫畫！！！！！！！,2025-12-25 16:17,隨便亂發
6kz.030,皮炎,大家都是行走的大便保溫箱。,2025-12-24 23:58,隨便亂發
6kz.030,皮炎,我要拉屎。,2025-12-24 23:13,隨便亂發
6kz.030,皮炎,戳戳你們的小屁眼,2025-12-24 18:13,隨便亂發
6kz.030,皮炎,我假日都搶不到巨大蘑菇 如果你們想的話可以邀請我打蘑菇嗎 不過我有時候太晚看到就打不到了 或者次數滿了 耶,2025-12-23 21:26,隨便亂發
6kz.030,皮炎,挑戰每天用左手畫皮克敏Day7 今天是蘑菇蘑菇,2025-12-23 21:02,隨便亂發
6kz.030,皮炎,"我的屁鼓擠擠脹脹的 擠擠脹脹的😱
我的屁股擠擠脹脹的 擠擠脹脹的😉
我要去上廁所了💩 要去上廁所了✌️
GO!GO!🗣️📢📢📢💥💥💥💩💩
歐😣😣😱😱我要大便😮💩💩🤭",2025-12-23 18:50,隨便亂發
6kz.030,皮炎,你們都是性感小屁眼,2025-12-23 18:13,隨便亂發
6kz.030,皮炎,救命救命好想尿尿,2025-12-23 17:42,隨便亂發
6kz.030,皮炎,你們還想看我畫啥,2025-12-22 23:01,隨便亂發
6kz.030,皮炎,窩系發鍋刃,2025-12-22 22:43,隨便亂發
6kz.030,皮炎,天線寶寶跟皮克敏的小孩 好詭異,2025-12-22 21:25,隨便亂發
6kz.030,皮炎,魷魚 章魚 糖果,2025-12-22 21:19,隨便亂發
6kz.030,皮炎,好萌,2025-12-22 14:49,隨便亂發
6kz.030,皮炎,嗯,2025-12-22 14:15,隨便亂發
6kz.030,皮炎,你們猜我臉上有幾顆痣 無獎徵答🙄🙄💅,2025-12-22 13:59,隨便亂發
6kz.030,皮炎,你們覺得我長得好看嗎🙄🙄🙄,2025-12-22 12:49,隨便亂發
6kz.030,皮炎,何意味？,2025-12-22 00:31,隨便亂發
6kz.030,皮炎,看我今天買的皮克敏盲盒,2025-12-21 19:50,隨便亂發
6kz.030,皮炎,挑戰每天用左手畫皮克敏Day5 今天是藍皮跟白皮 我腳被蚊子叮好癢,2025-12-21 19:47,隨便亂發
6kz.030,皮炎,我今天拉屎了 你們拉屎了嗎？,2025-12-21 18:31,隨便亂發
6kz.030,皮炎,我下巴長痘了幫我扣一下,2025-12-21 17:55,隨便亂發
6kz.030,皮炎,我在搭摩天輪,2025-12-21 15:56,隨便亂發
6kz.030,皮炎,挑戰每天用左手畫皮克敏Day4 今天是普通紫皮,2025-12-20 22:34,隨便亂發
6kz.030,皮炎,你們要吃嗎,2025-12-20 21:18,隨便亂發
6kz.030,皮炎,軟橡皮大便,2025-12-20 17:00,隨便亂發
6kz.030,皮炎,挑戰每天用左手畫皮克敏Day3  今天是馬卡龍皮,2025-12-19 23:12,隨便亂發
6kz.030,皮炎,皮克敏寫書法,2025-12-19 16:17,隨便亂發
6kz.030,皮炎,挑戰每天用左手畫皮克敏Day2 今天是連指手套紅皮,2025-12-18 21:04,隨便亂發
miniliu_520,小麻花愛❤️芬享,"共同的戰友： 我們各自強大，
但在面對世界的風雨時，
我們背靠背作戰，彼此是對方最信任的後盾。
這種關係是“1+1>2”的聯盟，
而不是“0.5+0.5=1”真的太棒了",2025-12-22 05:34,"❤️相信自己改變未來
🌸屬於自己專屬的小花園
#自我成長 #正向思考 #微笑😊 #幸運"
miniliu_520,小麻花愛❤️芬享,冬至快樂🎉,2025-12-21 18:33,"❤️相信自己改變未來
🌸屬於自己專屬的小花園
#自我成長 #正向思考 #微笑😊 #幸運"
miniliu_520,小麻花愛❤️芬享,"大家最近出門都要注意安全。
真心希望世界能夠安定、平安，
願逝者安息、傷者早日康復。
🙏🙏🙏🙏🙏🙏🙏",2025-12-20 11:15,"❤️相信自己改變未來
🌸屬於自己專屬的小花園
#自我成長 #正向思考 #微笑😊 #幸運"
miniliu_520,小麻花愛❤️芬享,"原來快樂不是獎勵，
而是一種能力——
你願不願意，
在今天，
對自己好一點。
「當你開始照顧自己，
快樂才有地方落腳。」",2025-12-20 07:12,"❤️相信自己改變未來
🌸屬於自己專屬的小花園
#自我成長 #正向思考 #微笑😊 #幸運"
miniliu_520,小麻花愛❤️芬享,"嚐鮮啦⋯⋯屋馬枸杞雞湯
有人喝過嗎？🤤🤤🤤",2025-12-20 01:28,"❤️相信自己改變未來
🌸屬於自己專屬的小花園
#自我成長 #正向思考 #微笑😊 #幸運"
miniliu_520,小麻花愛❤️芬享,"惜我者我惜之
嫌我者我避之
懂我者我幸之",2025-12-19 10:09,"❤️相信自己改變未來
🌸屬於自己專屬的小花園
#自我成長 #正向思考 #微笑😊 #幸運"
miniliu_520,小麻花愛❤️芬享,"朋友之間的信任，
是靠時間堆出來的一起扛過的事、
講過的心事、保留過的面子，
比任何標籤都更真。",2025-12-18 10:39,"❤️相信自己改變未來
🌸屬於自己專屬的小花園
#自我成長 #正向思考 #微笑😊 #幸運"
chengxue_0607,謝承學,我跟我的床一起跨年,2025-12-31 23:21,
chengxue_0607,謝承學,"現已一定超多人在
滑脆，應為要等跨年",2025-12-31 23:20,
chengxue_0607,謝承學,好可憐喔你們跨年還要有人陪,2025-12-28 18:21,
vigil__2026,守夜人,這我,2025-12-31 21:36,"- 
-
偶爾發發 語錄 心情"
vigil__2026,守夜人,"⠀⠀ ⠀
⠀
⠀
⠀ 是誰早就準備好葡萄🍇 出來承認喔
⠀
⠀
⠀",2025-12-31 21:31,"- 
-
偶爾發發 語錄 心情"
vigil__2026,守夜人,"⠀⠀ ⠀
⠀
⠀
⠀ 跨年也是一個人過的舉手 我先🙋‍♂️
⠀
⠀
⠀",2025-12-31 18:50,"- 
-
偶爾發發 語錄 心情"
vigil__2026,守夜人,"我自行宣布
第一屆《 你給明年自己的目標 》大賽
正式開始
選手如下：",2025-12-31 18:21,"- 
-
偶爾發發 語錄 心情"
vigil__2026,守夜人,2025的最後一天 我在高鐵上 天氣☀️,2025-12-31 13:42,"- 
-
偶爾發發 語錄 心情"
vigil__2026,守夜人,"⠀⠀ ⠀
⠀
⠀
⠀ 愛你的人，不會讓你一直懷疑自己
⠀
⠀
⠀",2025-12-31 00:27,"- 
-
偶爾發發 語錄 心情"
vigil__2026,守夜人,"⠀⠀ ⠀
⠀
正在讀這句話的人：
不好的人、事、物都會留在2025
⠀",2025-12-31 00:25,"- 
-
偶爾發發 語錄 心情"
vigil__2026,守夜人,"12:00  嗨  陌生人 今天是今年的最後一天
不管今年如何，明天起都是全新的開始。
希望新的一年裡，你能擁有追夢的勇氣，也擁抱生活的快樂。
陌生人，加油！！謝謝你一路堅持下來。
辛苦了，今年的你 真的很棒！！",2025-12-31 00:00,"- 
-
偶爾發發 語錄 心情"
vigil__2026,守夜人,"⠀⠀ ⠀
⠀
最難的不是說再見 ，
而是承認 彼此真的走不到最後
⠀
⠀",2025-12-30 23:31,"- 
-
偶爾發發 語錄 心情"
vigil__2026,守夜人,現在是傍晚 我要去一個地方！！！,2025-12-30 17:27,"- 
-
偶爾發發 語錄 心情"
vigil__2026,守夜人,"⠀⠀ ⠀
⠀
哈你是不是沒有訊息才一直看脆
⠀
⠀",2025-12-29 22:25,"- 
-
偶爾發發 語錄 心情"
vigil__2026,守夜人,"⠀⠀ ⠀
⠀
這一年，我沒有變成更好的人
但我學會接納那個不完美的自己
⠀
⠀",2025-12-29 21:53,"- 
-
偶爾發發 語錄 心情"
vigil__2026,守夜人,"⠀⠀ ⠀
⠀
這一年走得不容易  但至少我沒放棄自己
⠀
⠀",2025-12-29 21:43,"- 
-
偶爾發發 語錄 心情"
vigil__2026,守夜人,"⠀⠀ ⠀
⠀
有人回家一趟像是看了心理醫生
有的人回家卻是需要看心理醫生
⠀
⠀",2025-12-29 21:42,"- 
-
偶爾發發 語錄 心情"
vigil__2026,守夜人,"⠀⠀ ⠀
⠀
世界上有個很棒的人 ，他正在讀這句話
⠀
⠀",2025-12-29 21:15,"- 
-
偶爾發發 語錄 心情"
vigil__2026,守夜人,"⠀⠀ ⠀
⠀
兩個人以上才叫跨年 你一個人那叫熬夜
⠀
⠀",2025-12-29 21:12,"- 
-
偶爾發發 語錄 心情"
vigil__2026,守夜人,"2026最順的星座
第一名：獅子座🦁",2025-12-28 23:45,"- 
-
偶爾發發 語錄 心情"
vigil__2026,守夜人,"⠀⠀ ⠀
⠀
長大後發現「解釋」是一件很累又沒意義的行為
⠀
⠀",2025-12-28 23:28,"- 
-
偶爾發發 語錄 心情"
vigil__2026,守夜人,"⠀⠀ ⠀
⠀
你很享受單身 但卻又渴望談戀愛
⠀
⠀",2025-12-28 23:11,"- 
-
偶爾發發 語錄 心情"
vigil__2026,守夜人,"⠀ ⠀
⠀⠀
⠀⠀
沒有方向的時候，先把自己照顧好，就是方向 。
⠀
⠀
⠀",2025-12-28 23:00,"- 
-
偶爾發發 語錄 心情"
vigil__2026,守夜人,"⠀⠀ ⠀
⠀
長大後發現真誠待人的朋友超稀有！！！
⠀
⠀",2025-12-28 22:57,"- 
-
偶爾發發 語錄 心情"
vigil__2026,守夜人,"⠀
⠀⠀
⠀⠀
真誠要留給同樣真誠的人
⠀
⠀
⠀",2025-12-28 21:31,"- 
-
偶爾發發 語錄 心情"
vigil__2026,守夜人,「 拜託另一半是金牛的 請好好珍惜 」,2025-12-28 21:09,"- 
-
偶爾發發 語錄 心情"
vigil__2026,守夜人,"⠀⠀ ⠀
⠀
⠀  成年人的世界，一半是理解，一半是算了。
⠀
⠀",2025-12-28 20:32,"- 
-
偶爾發發 語錄 心情"
vigil__2026,守夜人,"⠀
⠀⠀
⠀⠀
沒有回不了的訊息 只有不想回的人 ⠀
⠀
⠀
⠀",2025-12-21 02:33,"- 
-
偶爾發發 語錄 心情"
kidd41349319,余政澔,"20251219（五）北海道自由行Day2
小樽一日遊-天氣晴
📍小樽車站_站內有雪就很好拍
📍三角市場_買海鮮乾貨，食堂認真覺得人太多了，不想花時間排隊，海鮮丼飯很多地方都有
📍船見坂_超多車有點危險，下面的標牌拍拍😂
📍Workman plus+ 在這裡買爆，好便宜，很好買，雖然沒有退稅，很值得來買，冬天會用到的衣物
📍若雞時代_經典炸半雞可以嚐鮮，我是覺得南蠻炸雞塊比較好吃🤣
📍小樽運河_有積雪，又藍天白雲，好漂亮，好好拍😍
📍堺町商店街-六花亭、北菓樓、LeTAO，這三間必逛，其他的就看個人喜好前往
📍小樽音樂堂本館&蒸氣鐘&常夜燈_普普通通加減拍一下
📍住吉神社_雪地裡的神社好美
📍小樽港站AEON_有夠大一棟~~~什麼都有
📍業務超市+大創（狸小路）_ 走走逛逛
📍晚餐-餃子王將，蠻好吃的，天津炒飯+海鮮炒麵
今日步數20900👟",2025-12-20 12:47,
kidd41349319,余政澔,"20251218（四）Day1 北海道自由行
第一次自由行帶老媽出國就挑戰冬天的北海道，嚇到了，地板有夠滑，一堆黑冰，連當地人也都一直滑倒，老媽到北海道不到10分鐘就滑倒了😱😱😱，還好沒有大礙...嚇屎
第一站-札幌市區
📍大通公園_札幌電視塔
📍 UNIQLO,GU，買發熱衣
📍奧芝商店_湯咖哩，超好吃的蝦湯頭
📍CHIIKAW LAND，這裡款式好少，沒有買
📍狸小路商店街，太長，後面幾天還要去逛
📍唐吉訶德，買了一雙雪靴...
📍根室花丸迴轉壽司，太好吃吃爆，每盤都好好吃
今日步數16204",2025-12-18 20:56,
catboss520,貓咪老大,王子稻荷神社⛩️,2025-12-31 23:29,"喜歡公仔
每個月都去日本
三麗鷗
一番賞
娃娃"
catboss520,貓咪老大,2026年新年快樂🎉,2025-12-31 23:09,"喜歡公仔
每個月都去日本
三麗鷗
一番賞
娃娃"
catboss520,貓咪老大,"每個月來日本包了幾套
今天抽新的七龍珠10抽中BE
最新安妮亞6抽ABC加最後賞包套
10抽膽大膽中A
13抽銀魂AB加最後賞包套
還記得進擊巨人那套帶了5隻最後賞回去
來日本抽真的比較不心疼🥹🥹🥹",2025-12-31 21:52,"喜歡公仔
每個月都去日本
三麗鷗
一番賞
娃娃"
catboss520,貓咪老大,"隔天又買了7包
拿到筷子🥢全家書籤
唐老鴨捏捏球我真的不愛
昨天柯南今天基德2個⋯⋯⋯
總共11包銘謝惠顧😭😭😭
公仔👋
但有拿到衛生紙兌換卷",2025-12-27 02:06,"喜歡公仔
每個月都去日本
三麗鷗
一番賞
娃娃"
catboss520,貓咪老大,"那時候架上剩3張買一張玩玩看
欸不可能捏抽中他🥲
想回去買的時候已經沒有了😭😭😭",2025-12-26 19:19,"喜歡公仔
每個月都去日本
三麗鷗
一番賞
娃娃"
sm1xcm,sm1xcm,跨年的零食就靠你們了 撐到12點🤣,2025-12-31 23:18,"熱衷打綠畜。
熱衷 女人
熱衷外星人
🤣🤣🤣"
sm1xcm,sm1xcm,"我們發起 讓晧禎知道我們的熱情，也讓晧禎知道她在台灣不是像她想像的那樣沒知名度
即在不打擾她的情況下打招呼 呼喊她的名字",2025-12-29 12:22,"熱衷打綠畜。
熱衷 女人
熱衷外星人
🤣🤣🤣"
g_lin_o8,霖,"好啦 整個跨年節目我就想看KARA而已
雖然只有大學迷一下 大概十幾年前...",2025-12-31 23:29,Lain
g_lin_o8,霖,"唉 結果跨年只有煩而已 
還是不知道為什麼人家要氣成這樣完全不能來往 太誇張了吧",2025-12-31 22:41,Lain
g_lin_o8,霖,"只有放12/31這天來大江看電影
結果看到一位不知道是外國人還是混血兒 真的是正到不行 盛世美顏 遇到第二次的時候她在自己吃飯 怎麼有人吃飯也這麼正",2025-12-31 15:05,Lain
g_lin_o8,霖,"晚上從南庄出來走124也太黑了吧
都沒車也沒燈 
超可怕一個人邊騎邊罵靠北😂
騎到台3終於安心",2025-12-27 19:50,Lain
g_lin_o8,霖,"總覺得公務機關跟大眾人物不應該用AI做假的支持群眾宣傳 
那些群眾都是假的欸 愈看愈噁😮‍💨",2025-12-26 18:07,Lain
g_lin_o8,霖,"最近玩夜市滾球的成效愈來愈差了
看來不適合出門",2025-12-20 21:40,Lain
g_lin_o8,霖,"買到大港了 也訂到住宿了
但一個人住雙床房 多一床 想徵分母但不想社交欸😂",2025-12-18 13:09,Lain
s67at0489,馮麒霖,雪梨 跨年 煙火,2025-12-31 23:28,"人與人相處 總是有衝突
各退一步 
多了幸福
少了結束"
s67at0489,馮麒霖,野生無尾熊🐨,2025-12-18 21:28,"人與人相處 總是有衝突
各退一步 
多了幸福
少了結束"
nogay169,呱,有罪,2025-12-27 22:37,"來自於某中市
中二病不定時發作
悪のシリーズが好き
畫畫/遊戲/吐槽國中生活/抱怨/日常/小炫耀一下/為kaito和Gallerian Marlon發瘋/反正就是雜亂無序Gallerian Marlon夢女”在另一個世界的”"
nogay169,呱,"嗯對
我自己的系列",2025-12-27 21:48,"來自於某中市
中二病不定時發作
悪のシリーズが好き
畫畫/遊戲/吐槽國中生活/抱怨/日常/小炫耀一下/為kaito和Gallerian Marlon發瘋/反正就是雜亂無序Gallerian Marlon夢女”在另一個世界的”"
nogay169,呱,猜猜我是誰,2025-12-27 21:29,"來自於某中市
中二病不定時發作
悪のシリーズが好き
畫畫/遊戲/吐槽國中生活/抱怨/日常/小炫耀一下/為kaito和Gallerian Marlon發瘋/反正就是雜亂無序Gallerian Marlon夢女”在另一個世界的”"
nogay169,呱,"怪獣になりたい
咪:P",2025-12-27 15:11,"來自於某中市
中二病不定時發作
悪のシリーズが好き
畫畫/遊戲/吐槽國中生活/抱怨/日常/小炫耀一下/為kaito和Gallerian Marlon發瘋/反正就是雜亂無序Gallerian Marlon夢女”在另一個世界的”"
nogay169,呱,"我姐對我態度不好
我要摔我送她的生日禮物(",2025-12-27 13:28,"來自於某中市
中二病不定時發作
悪のシリーズが好き
畫畫/遊戲/吐槽國中生活/抱怨/日常/小炫耀一下/為kaito和Gallerian Marlon發瘋/反正就是雜亂無序Gallerian Marlon夢女”在另一個世界的”"
nogay169,呱,嘻嘻哈哈發X沒人按讚哈哈哈,2025-12-26 21:49,"來自於某中市
中二病不定時發作
悪のシリーズが好き
畫畫/遊戲/吐槽國中生活/抱怨/日常/小炫耀一下/為kaito和Gallerian Marlon發瘋/反正就是雜亂無序Gallerian Marlon夢女”在另一個世界的”"
nogay169,呱,ミミミ,2025-12-26 21:09,"來自於某中市
中二病不定時發作
悪のシリーズが好き
畫畫/遊戲/吐槽國中生活/抱怨/日常/小炫耀一下/為kaito和Gallerian Marlon發瘋/反正就是雜亂無序Gallerian Marlon夢女”在另一個世界的”"
nogay169,呱,有了X就是要跟隨惡P,2025-12-26 20:41,"來自於某中市
中二病不定時發作
悪のシリーズが好き
畫畫/遊戲/吐槽國中生活/抱怨/日常/小炫耀一下/為kaito和Gallerian Marlon發瘋/反正就是雜亂無序Gallerian Marlon夢女”在另一個世界的”"
nogay169,呱,兄弟咱好好投稿棉花糖好嗎,2025-12-26 19:09,"來自於某中市
中二病不定時發作
悪のシリーズが好き
畫畫/遊戲/吐槽國中生活/抱怨/日常/小炫耀一下/為kaito和Gallerian Marlon發瘋/反正就是雜亂無序Gallerian Marlon夢女”在另一個世界的”"
nogay169,呱,咪。,2025-12-26 18:58,"來自於某中市
中二病不定時發作
悪のシリーズが好き
畫畫/遊戲/吐槽國中生活/抱怨/日常/小炫耀一下/為kaito和Gallerian Marlon發瘋/反正就是雜亂無序Gallerian Marlon夢女”在另一個世界的”"
nogay169,呱,遇見神仙賣家了,2025-12-26 18:53,"來自於某中市
中二病不定時發作
悪のシリーズが好き
畫畫/遊戲/吐槽國中生活/抱怨/日常/小炫耀一下/為kaito和Gallerian Marlon發瘋/反正就是雜亂無序Gallerian Marlon夢女”在另一個世界的”"
nogay169,呱,"以AJ愛麗絲的視角來看，是倉木奪走了自己的身體。
但以倉木的視角來看，有時候會再鏡子裡面看到陌生女生。
細絲鼻孔（？",2025-12-25 15:26,"來自於某中市
中二病不定時發作
悪のシリーズが好き
畫畫/遊戲/吐槽國中生活/抱怨/日常/小炫耀一下/為kaito和Gallerian Marlon發瘋/反正就是雜亂無序Gallerian Marlon夢女”在另一個世界的”"
nogay169,呱,這是我姐給我的（應該說是她美麗動人的朋友給的）她要我閉嘴不要吵他🤡,2025-12-24 22:36,"來自於某中市
中二病不定時發作
悪のシリーズが好き
畫畫/遊戲/吐槽國中生活/抱怨/日常/小炫耀一下/為kaito和Gallerian Marlon發瘋/反正就是雜亂無序Gallerian Marlon夢女”在另一個世界的”"
nogay169,呱,摸索畫風中…..,2025-12-24 20:57,"來自於某中市
中二病不定時發作
悪のシリーズが好き
畫畫/遊戲/吐槽國中生活/抱怨/日常/小炫耀一下/為kaito和Gallerian Marlon發瘋/反正就是雜亂無序Gallerian Marlon夢女”在另一個世界的”"
nogay169,呱,"台中地震的時候我在優雅的吃飯
被警報聲嚇到麵差點吐出來",2025-12-24 18:28,"來自於某中市
中二病不定時發作
悪のシリーズが好き
畫畫/遊戲/吐槽國中生活/抱怨/日常/小炫耀一下/為kaito和Gallerian Marlon發瘋/反正就是雜亂無序Gallerian Marlon夢女”在另一個世界的”"
nogay169,呱,？剛剛怎麼了,2025-12-24 17:48,"來自於某中市
中二病不定時發作
悪のシリーズが好き
畫畫/遊戲/吐槽國中生活/抱怨/日常/小炫耀一下/為kaito和Gallerian Marlon發瘋/反正就是雜亂無序Gallerian Marlon夢女”在另一個世界的”"
nogay169,呱,"是類!!!!!
是神代類!!!!!",2025-12-24 17:30,"來自於某中市
中二病不定時發作
悪のシリーズが好き
畫畫/遊戲/吐槽國中生活/抱怨/日常/小炫耀一下/為kaito和Gallerian Marlon發瘋/反正就是雜亂無序Gallerian Marlon夢女”在另一個世界的”"
nogay169,呱,（？,2025-12-23 20:55,"來自於某中市
中二病不定時發作
悪のシリーズが好き
畫畫/遊戲/吐槽國中生活/抱怨/日常/小炫耀一下/為kaito和Gallerian Marlon發瘋/反正就是雜亂無序Gallerian Marlon夢女”在另一個世界的”"
nogay169,呱,？這是什麼姿勢,2025-12-23 20:49,"來自於某中市
中二病不定時發作
悪のシリーズが好き
畫畫/遊戲/吐槽國中生活/抱怨/日常/小炫耀一下/為kaito和Gallerian Marlon發瘋/反正就是雜亂無序Gallerian Marlon夢女”在另一個世界的”"
nogay169,呱,我…..腰….好……痛…..！,2025-12-23 17:39,"來自於某中市
中二病不定時發作
悪のシリーズが好き
畫畫/遊戲/吐槽國中生活/抱怨/日常/小炫耀一下/為kaito和Gallerian Marlon發瘋/反正就是雜亂無序Gallerian Marlon夢女”在另一個世界的”"
nogay169,呱,我就畫了個畫,2025-12-23 14:15,"來自於某中市
中二病不定時發作
悪のシリーズが好き
畫畫/遊戲/吐槽國中生活/抱怨/日常/小炫耀一下/為kaito和Gallerian Marlon發瘋/反正就是雜亂無序Gallerian Marlon夢女”在另一個世界的”"
nogay169,呱,"我不行了
國文老師好讚😭",2025-12-22 17:02,"來自於某中市
中二病不定時發作
悪のシリーズが好き
畫畫/遊戲/吐槽國中生活/抱怨/日常/小炫耀一下/為kaito和Gallerian Marlon發瘋/反正就是雜亂無序Gallerian Marlon夢女”在另一個世界的”"
nogay169,呱,"我知道了
聖誕賀圖就畫迦和紅酒🍷
家人們覺得我畫的完嗎",2025-12-22 16:35,"來自於某中市
中二病不定時發作
悪のシリーズが好き
畫畫/遊戲/吐槽國中生活/抱怨/日常/小炫耀一下/為kaito和Gallerian Marlon發瘋/反正就是雜亂無序Gallerian Marlon夢女”在另一個世界的”"
nogay169,呱,又在看恐怖片,2025-12-21 12:29,"來自於某中市
中二病不定時發作
悪のシリーズが好き
畫畫/遊戲/吐槽國中生活/抱怨/日常/小炫耀一下/為kaito和Gallerian Marlon發瘋/反正就是雜亂無序Gallerian Marlon夢女”在另一個世界的”"
nogay169,呱,論我詭秘家有多少我的蒲公英～,2025-12-20 18:56,"來自於某中市
中二病不定時發作
悪のシリーズが好き
畫畫/遊戲/吐槽國中生活/抱怨/日常/小炫耀一下/為kaito和Gallerian Marlon發瘋/反正就是雜亂無序Gallerian Marlon夢女”在另一個世界的”"
nogay169,呱,從9.打電話聊到12.30www,2025-12-20 00:32,"來自於某中市
中二病不定時發作
悪のシリーズが好き
畫畫/遊戲/吐槽國中生活/抱怨/日常/小炫耀一下/為kaito和Gallerian Marlon發瘋/反正就是雜亂無序Gallerian Marlon夢女”在另一個世界的”"
nogay169,呱,巴妮卡,2025-12-19 20:44,"來自於某中市
中二病不定時發作
悪のシリーズが好き
畫畫/遊戲/吐槽國中生活/抱怨/日常/小炫耀一下/為kaito和Gallerian Marlon發瘋/反正就是雜亂無序Gallerian Marlon夢女”在另一個世界的”"
nogay169,呱,我要買哪個（思考,2025-12-19 16:53,"來自於某中市
中二病不定時發作
悪のシリーズが好き
畫畫/遊戲/吐槽國中生活/抱怨/日常/小炫耀一下/為kaito和Gallerian Marlon發瘋/反正就是雜亂無序Gallerian Marlon夢女”在另一個世界的”"
nogay169,呱,來一口,2025-12-18 21:39,"來自於某中市
中二病不定時發作
悪のシリーズが好き
畫畫/遊戲/吐槽國中生活/抱怨/日常/小炫耀一下/為kaito和Gallerian Marlon發瘋/反正就是雜亂無序Gallerian Marlon夢女”在另一個世界的”"
nogay169,呱,"手上打著戀愛裁判
前面播惡德的法官",2025-12-18 20:27,"來自於某中市
中二病不定時發作
悪のシリーズが好き
畫畫/遊戲/吐槽國中生活/抱怨/日常/小炫耀一下/為kaito和Gallerian Marlon發瘋/反正就是雜亂無序Gallerian Marlon夢女”在另一個世界的”"
green_coral17,董薇😎,"今年還是沒打算吃葡萄
但希望2026一切順",2025-12-31 21:43,也不知道什麼時候才會在這發文😌
joannelcc,Joanne喬安,"很喜歡這段話
「凡是你想控制的，其實都控制了你，
當你什麼都不要的時候，天地都是你的。」
—弘一法師",2025-12-31 10:58,"喜歡一些文字 分享一些美食
還是個寵物溝通師
有兩隻柴柴兩隻貓仔ʕ•ᴥ•ʔ
寵物溝通/美食合作💌請傳訊息"
joannelcc,Joanne喬安,"平常寵物溝通的收入我都會捐20％給動物相關協會
惠光導盲犬學校是原本就在捐的單位
還想分配一下捐給其他單位 幫助更多動物
目前有看到犬山居、台灣偵搜犬
再請大家推薦",2025-12-30 17:55,"喜歡一些文字 分享一些美食
還是個寵物溝通師
有兩隻柴柴兩隻貓仔ʕ•ᴥ•ʔ
寵物溝通/美食合作💌請傳訊息"
joannelcc,Joanne喬安,"你們心目中的平凡幸福是什麼樣子？
我先：
一起好好吃飯 一起牽手散步
就是我覺得平凡又幸福的事～",2025-12-30 12:47,"喜歡一些文字 分享一些美食
還是個寵物溝通師
有兩隻柴柴兩隻貓仔ʕ•ᴥ•ʔ
寵物溝通/美食合作💌請傳訊息"
joannelcc,Joanne喬安,"從收容所領養回來的狗狗
媽媽：你有什麼想跟我說的嗎？
🐶：我很愛你
🐶：我還會再回去那裡嗎？
媽媽：不會
🐶：我不想回去 我真的很喜歡你
🐶：我喜歡待在你身邊
媽媽：不會，你不會回去的
媽媽：你會一直在我身邊
🐶：我要一直跟媽媽在一起",2025-12-29 17:36,"喜歡一些文字 分享一些美食
還是個寵物溝通師
有兩隻柴柴兩隻貓仔ʕ•ᴥ•ʔ
寵物溝通/美食合作💌請傳訊息"
joannelcc,Joanne喬安,"婚前，梁思成問林徽因：
「有一句話，我只問這一次，以後都不會再問，為什麼是我？」
林徽因答：
「答案很長，我準備用一生的時間來回答，你準備要聽了嗎？」",2025-12-26 11:27,"喜歡一些文字 分享一些美食
還是個寵物溝通師
有兩隻柴柴兩隻貓仔ʕ•ᴥ•ʔ
寵物溝通/美食合作💌請傳訊息"
joannelcc,Joanne喬安,今天好冷喔 有冬天的感覺了,2025-12-26 09:11,"喜歡一些文字 分享一些美食
還是個寵物溝通師
有兩隻柴柴兩隻貓仔ʕ•ᴥ•ʔ
寵物溝通/美食合作💌請傳訊息"
joannelcc,Joanne喬安,「我一生中最幸運的兩件事：一件是時間終於將我對你的愛消耗殆盡；一件是很久很久以前有一天，我遇見你。」－林徽因,2025-12-25 22:41,"喜歡一些文字 分享一些美食
還是個寵物溝通師
有兩隻柴柴兩隻貓仔ʕ•ᴥ•ʔ
寵物溝通/美食合作💌請傳訊息"
joannelcc,Joanne喬安,"我：你媽媽請我來跟你聊天
🐱：有什麼好說的嗎？
我：她想問你一些事情啊～
🐱：我沒有要說的
（下線
我：（貓咪下線了他不想說…
媽媽：（他真的很機車欸！
果然是隻貓",2025-12-25 16:34,"喜歡一些文字 分享一些美食
還是個寵物溝通師
有兩隻柴柴兩隻貓仔ʕ•ᴥ•ʔ
寵物溝通/美食合作💌請傳訊息"
joannelcc,Joanne喬安,"願自己不管到幾歲 都相信愛相信浪漫
相信聖誕老公公的存在✨
聖誕節快樂 Joyeux Noël🎄💓❄️",2025-12-25 13:32,"喜歡一些文字 分享一些美食
還是個寵物溝通師
有兩隻柴柴兩隻貓仔ʕ•ᴥ•ʔ
寵物溝通/美食合作💌請傳訊息"
joannelcc,Joanne喬安,"國外的聖誕節在下雪
板橋的聖誕節在下大雨(･ω´･ )",2025-12-25 11:26,"喜歡一些文字 分享一些美食
還是個寵物溝通師
有兩隻柴柴兩隻貓仔ʕ•ᴥ•ʔ
寵物溝通/美食合作💌請傳訊息"
joannelcc,Joanne喬安,"我：你兒子在不高興
爸爸：為什麼？
我：他覺得很髒
🐱：我住的地方很髒！
🐱：都不用打掃嗎 這麼髒這麼亂 不噁心嗎
🐱：煩
爸爸：沒拖地而已
爸爸：以後會好好打掃
貓貓說的是聖旨",2025-12-24 20:43,"喜歡一些文字 分享一些美食
還是個寵物溝通師
有兩隻柴柴兩隻貓仔ʕ•ᴥ•ʔ
寵物溝通/美食合作💌請傳訊息"
joannelcc,Joanne喬安,"迴避型的人愛逃避很靠北
但講真的，不是每個愛逃避的人都是迴避型啦
有些人純粹就是沒擔當、沒責任感，或是沒那麼喜歡而已
不要拿心理學名詞幫爛人開脫了～
真正迴避型的人也請正視自己的問題
而不是拿著標籤當擋箭牌，理直氣壯的去傷害別人。",2025-12-24 17:11,"喜歡一些文字 分享一些美食
還是個寵物溝通師
有兩隻柴柴兩隻貓仔ʕ•ᴥ•ʔ
寵物溝通/美食合作💌請傳訊息"
joannelcc,Joanne喬安,"求推薦「高CP值護手霜」
常洗手擦也不會太心疼的那種～～",2025-12-24 16:01,"喜歡一些文字 分享一些美食
還是個寵物溝通師
有兩隻柴柴兩隻貓仔ʕ•ᴥ•ʔ
寵物溝通/美食合作💌請傳訊息"
joannelcc,Joanne喬安,愛情是兩個人的荒島，島上不該有任何一個影子。,2025-12-24 10:46,"喜歡一些文字 分享一些美食
還是個寵物溝通師
有兩隻柴柴兩隻貓仔ʕ•ᴥ•ʔ
寵物溝通/美食合作💌請傳訊息"
joannelcc,Joanne喬安,被愛的人會越來越可愛💓,2025-12-23 21:39,"喜歡一些文字 分享一些美食
還是個寵物溝通師
有兩隻柴柴兩隻貓仔ʕ•ᴥ•ʔ
寵物溝通/美食合作💌請傳訊息"
joannelcc,Joanne喬安,"看到一句很美的話：
「在遇到她以前，我從未想過結婚；娶了她幾十年，我從未後悔娶她，也未想過要娶別的女人。」
我想這就是愛情的模樣。",2025-12-23 14:37,"喜歡一些文字 分享一些美食
還是個寵物溝通師
有兩隻柴柴兩隻貓仔ʕ•ᴥ•ʔ
寵物溝通/美食合作💌請傳訊息"
joannelcc,Joanne喬安,"媽媽：最喜歡玩什麼玩具？
🐶：小白
我：（你們家有其他狗？白色的狗？
媽媽：（不是...是出去散步有一隻會跟他玩的白色狗狗
🐶：他是我最喜歡的玩具
🐶：他最好玩！
玩伴狗狗是小柴最愛的玩具😂",2025-12-23 10:20,"喜歡一些文字 分享一些美食
還是個寵物溝通師
有兩隻柴柴兩隻貓仔ʕ•ᴥ•ʔ
寵物溝通/美食合作💌請傳訊息"
joannelcc,Joanne喬安,我覺得聖誕節是一個特別浪漫的節日💕,2025-12-23 01:15,"喜歡一些文字 分享一些美食
還是個寵物溝通師
有兩隻柴柴兩隻貓仔ʕ•ᴥ•ʔ
寵物溝通/美食合作💌請傳訊息"
joannelcc,Joanne喬安,"我：轉達一下
我：🐹請我跟你說 他要吃深綠色的菜
媽媽：他跑去找你是嗎？
我：對 看起來是深綠色的葉子
我：但我不知道是什麼菜
我：想說跟你說一下
媽媽：好 晚點去買！
好聰明 想吃什麼還會來找我轉達給他媽媽
結果答案是地瓜葉～",2025-12-22 21:53,"喜歡一些文字 分享一些美食
還是個寵物溝通師
有兩隻柴柴兩隻貓仔ʕ•ᴥ•ʔ
寵物溝通/美食合作💌請傳訊息"
joannelcc,Joanne喬安,"好多人對別人好溫柔 對自己卻好苛責
試試看把對待別人的那份溫柔同等對待自己
這也是一種愛自己的表現～～",2025-12-22 16:30,"喜歡一些文字 分享一些美食
還是個寵物溝通師
有兩隻柴柴兩隻貓仔ʕ•ᴥ•ʔ
寵物溝通/美食合作💌請傳訊息"
joannelcc,Joanne喬安,你給我最好的愛，就是讓我喜歡在關係裡面的自己✨✨,2025-12-22 11:40,"喜歡一些文字 分享一些美食
還是個寵物溝通師
有兩隻柴柴兩隻貓仔ʕ•ᴥ•ʔ
寵物溝通/美食合作💌請傳訊息"
joannelcc,Joanne喬安,"媽媽：有什麼話想對我說嗎？
🐶：媽媽很白
🐶：爸爸很黑
🐶：爸爸臉很黑 手很大！
🐶：我媽媽像公主很漂亮～
🐶：但他們都對我很好
🐶：我只是想說他們的反差而已
🐶：很酷吧
說媽媽像公主真的太可愛了～",2025-12-22 09:26,"喜歡一些文字 分享一些美食
還是個寵物溝通師
有兩隻柴柴兩隻貓仔ʕ•ᴥ•ʔ
寵物溝通/美食合作💌請傳訊息"
joannelcc,Joanne喬安,「我從來不相信，一個人一輩子只會愛一個人，但是我相信總有那麼一段歲月，你會碰見一個想用一輩子去愛的那個人。」—林徽因,2025-12-21 21:30,"喜歡一些文字 分享一些美食
還是個寵物溝通師
有兩隻柴柴兩隻貓仔ʕ•ᴥ•ʔ
寵物溝通/美食合作💌請傳訊息"
joannelcc,Joanne喬安,最好的總是在最不經意的時候出現❤️,2025-12-21 15:39,"喜歡一些文字 分享一些美食
還是個寵物溝通師
有兩隻柴柴兩隻貓仔ʕ•ᴥ•ʔ
寵物溝通/美食合作💌請傳訊息"
joannelcc,Joanne喬安,"我其實不太認同 先愛自己才有人愛你這句話
我愛我自己跟有沒有人愛我 是兩回事
我覺得是：「愛自己也不一定有人愛你，
但可以告訴別人如何去愛你。」",2025-12-21 10:43,"喜歡一些文字 分享一些美食
還是個寵物溝通師
有兩隻柴柴兩隻貓仔ʕ•ᴥ•ʔ
寵物溝通/美食合作💌請傳訊息"
joannelcc,Joanne喬安,"「浪漫不一定非得要一束花，也可以是有人願意聽你講一堆廢話。」—村上春樹
但我兩個都要",2025-12-21 00:48,"喜歡一些文字 分享一些美食
還是個寵物溝通師
有兩隻柴柴兩隻貓仔ʕ•ᴥ•ʔ
寵物溝通/美食合作💌請傳訊息"
joannelcc,Joanne喬安,"今天去體驗團體頌缽滿有趣的～
請問板橋/高雄有個人頌缽可以推薦嗎❤️謝謝",2025-12-20 20:23,"喜歡一些文字 分享一些美食
還是個寵物溝通師
有兩隻柴柴兩隻貓仔ʕ•ᴥ•ʔ
寵物溝通/美食合作💌請傳訊息"
joannelcc,Joanne喬安,「當一個人不可誘惑、不可冒犯和不可動搖的時候，他身上就具備了某種迷人的東西。」—漢娜．鄂蘭,2025-12-20 09:32,"喜歡一些文字 分享一些美食
還是個寵物溝通師
有兩隻柴柴兩隻貓仔ʕ•ᴥ•ʔ
寵物溝通/美食合作💌請傳訊息"
joannelcc,Joanne喬安,"寵物溝通時間
急件 開放這禮拜天可以預約
平日 下週一到四晚上可約",2025-12-19 20:22,"喜歡一些文字 分享一些美食
還是個寵物溝通師
有兩隻柴柴兩隻貓仔ʕ•ᴥ•ʔ
寵物溝通/美食合作💌請傳訊息"
joannelcc,Joanne喬安,"第一次用底片相機
今天拿到香港拍的照片
媽媽很會拍～",2025-12-19 18:50,"喜歡一些文字 分享一些美食
還是個寵物溝通師
有兩隻柴柴兩隻貓仔ʕ•ᴥ•ʔ
寵物溝通/美食合作💌請傳訊息"
joannelcc,Joanne喬安,"不是說今天會很冷嗎
結果說我穿了毛衣.......好熱",2025-12-19 16:52,"喜歡一些文字 分享一些美食
還是個寵物溝通師
有兩隻柴柴兩隻貓仔ʕ•ᴥ•ʔ
寵物溝通/美食合作💌請傳訊息"
joannelcc,Joanne喬安,"有點迴避型人格的我，最怕的是靠近
但他對我說：
「不用怕，在我面前你可以做你自己
放心的把自己交給我，
我說過我願意承接你的一切。」
從那之後，我就沒有再逃跑過了。",2025-12-19 11:32,"喜歡一些文字 分享一些美食
還是個寵物溝通師
有兩隻柴柴兩隻貓仔ʕ•ᴥ•ʔ
寵物溝通/美食合作💌請傳訊息"
joannelcc,Joanne喬安,"會說北爛的小狗
哥哥：為什麼我們回來你就要叫？
🐶：我在說 「你們回來了喔」
哥哥：你可以乖乖坐好等 不要亂叫嗎？
🐶：我是狗啊 你很北爛欸
我：（他哪裡學的？
哥哥：（我家人的對話啦
哥哥：欠扁！我為什麼北爛
🐶：沒有為什麼
🐶：看你就很北爛",2025-12-19 08:25,"喜歡一些文字 分享一些美食
還是個寵物溝通師
有兩隻柴柴兩隻貓仔ʕ•ᴥ•ʔ
寵物溝通/美食合作💌請傳訊息"
joannelcc,Joanne喬安,"誰明天要上班但還沒睡覺的
睡不著ᵟຶᴖ ᵟຶ",2025-12-19 02:31,"喜歡一些文字 分享一些美食
還是個寵物溝通師
有兩隻柴柴兩隻貓仔ʕ•ᴥ•ʔ
寵物溝通/美食合作💌請傳訊息"
joannelcc,Joanne喬安,被堅定選擇的人 心自然安定,2025-12-18 23:25,"喜歡一些文字 分享一些美食
還是個寵物溝通師
有兩隻柴柴兩隻貓仔ʕ•ᴥ•ʔ
寵物溝通/美食合作💌請傳訊息"
joannelcc,Joanne喬安,"求關注的霸道貓貓的寵物溝通
姊姊：你為什麼都要趴在我鍵盤上？
🐱：因為我要你注意我
🐱：我想要你陪我
各奴才應該直接抓來吸一波了吧",2025-12-18 21:08,"喜歡一些文字 分享一些美食
還是個寵物溝通師
有兩隻柴柴兩隻貓仔ʕ•ᴥ•ʔ
寵物溝通/美食合作💌請傳訊息"
joannelcc,Joanne喬安,"很多人說「安全感是自己給的」，但這句話應該放在對的位置
如果對方是上班忙碌，一陣子沒回訊息，你能在這段時間過好自己的生活、不焦慮也不連環炮訊息，這確實是你的「自我安全感」。
但如果對方是跟別人搞曖昧、私下聯繫前任、人去哪都不講，當你表達不安時，他還理直氣壯的說：「安全感應該是你自己給自己的。」
那這絕對是他的問題。
安全感分為兩種，一種是內心的獨立，另一種是關係裡的誠信
當對方在破壞這段關係的信任時，那種不安與你無關，是他在逃避責任。
別讓一個正在傷害你的人，轉過頭來檢討你的焦慮。",2025-12-18 15:05,"喜歡一些文字 分享一些美食
還是個寵物溝通師
有兩隻柴柴兩隻貓仔ʕ•ᴥ•ʔ
寵物溝通/美食合作💌請傳訊息"
joannelcc,Joanne喬安,真誠和忠誠的人，都值得幸福,2025-12-18 09:29,"喜歡一些文字 分享一些美食
還是個寵物溝通師
有兩隻柴柴兩隻貓仔ʕ•ᴥ•ʔ
寵物溝通/美食合作💌請傳訊息"
xt.for.taiwan,XT──台灣專屬社群情報站,"這新聞怎麼寫的？
沒有2人，只有三上好嗎？",2025-12-28 17:14,"精選全球爆文 x 深度社會評論 x 真實生活觀點。
每週超過千萬人次瀏覽，掌握台灣 Threads 上的話題核心。
立刻追蹤，加入全台最敢言的社群討論區"
xt.for.taiwan,XT──台灣專屬社群情報站,"快訊⚠️
長榮航空疑似有人帶槍上機
行政院長回應了",2025-12-28 17:10,"精選全球爆文 x 深度社會評論 x 真實生活觀點。
每週超過千萬人次瀏覽，掌握台灣 Threads 上的話題核心。
立刻追蹤，加入全台最敢言的社群討論區"
xt.for.taiwan,XT──台灣專屬社群情報站,這世界怎麼了？,2025-12-28 17:06,"精選全球爆文 x 深度社會評論 x 真實生活觀點。
每週超過千萬人次瀏覽，掌握台灣 Threads 上的話題核心。
立刻追蹤，加入全台最敢言的社群討論區"
xt.for.taiwan,XT──台灣專屬社群情報站,"台灣地震
衝上日本社群熱搜
新聞大量報導",2025-12-27 23:38,"精選全球爆文 x 深度社會評論 x 真實生活觀點。
每週超過千萬人次瀏覽，掌握台灣 Threads 上的話題核心。
立刻追蹤，加入全台最敢言的社群討論區"
xt.for.taiwan,XT──台灣專屬社群情報站,"快訊！
宜蘭市區
大停電",2025-12-27 23:26,"精選全球爆文 x 深度社會評論 x 真實生活觀點。
每週超過千萬人次瀏覽，掌握台灣 Threads 上的話題核心。
立刻追蹤，加入全台最敢言的社群討論區"
xt.for.taiwan,XT──台灣專屬社群情報站,地震最新消息！,2025-12-27 23:21,"精選全球爆文 x 深度社會評論 x 真實生活觀點。
每週超過千萬人次瀏覽，掌握台灣 Threads 上的話題核心。
立刻追蹤，加入全台最敢言的社群討論區"
xt.for.taiwan,XT──台灣專屬社群情報站,幹！地震 超大,2025-12-27 23:07,"精選全球爆文 x 深度社會評論 x 真實生活觀點。
每週超過千萬人次瀏覽，掌握台灣 Threads 上的話題核心。
立刻追蹤，加入全台最敢言的社群討論區"
xt.for.taiwan,XT──台灣專屬社群情報站,"各位！馬年要到了
還在想要送什麼禮物🎁？
馬年就因該送🐎",2025-12-27 14:08,"精選全球爆文 x 深度社會評論 x 真實生活觀點。
每週超過千萬人次瀏覽，掌握台灣 Threads 上的話題核心。
立刻追蹤，加入全台最敢言的社群討論區"
xt.for.taiwan,XT──台灣專屬社群情報站,"韓國取消了行人紅綠燈
變成這個⬇️大家覺得怎麼樣？",2025-12-26 23:22,"精選全球爆文 x 深度社會評論 x 真實生活觀點。
每週超過千萬人次瀏覽，掌握台灣 Threads 上的話題核心。
立刻追蹤，加入全台最敢言的社群討論區"
xt.for.taiwan,XT──台灣專屬社群情報站,"快訊⚠️
日本關越高速公路出城方向
至少15輛卡車和小汽車發生爆炸起火事故",2025-12-26 22:38,"精選全球爆文 x 深度社會評論 x 真實生活觀點。
每週超過千萬人次瀏覽，掌握台灣 Threads 上的話題核心。
立刻追蹤，加入全台最敢言的社群討論區"
xt.for.taiwan,XT──台灣專屬社群情報站,"卡達航空的飛機✈️
在聖誕節🎄",2025-12-25 22:21,"精選全球爆文 x 深度社會評論 x 真實生活觀點。
每週超過千萬人次瀏覽，掌握台灣 Threads 上的話題核心。
立刻追蹤，加入全台最敢言的社群討論區"
xt.for.taiwan,XT──台灣專屬社群情報站,東京的聖誕節,2025-12-25 21:26,"精選全球爆文 x 深度社會評論 x 真實生活觀點。
每週超過千萬人次瀏覽，掌握台灣 Threads 上的話題核心。
立刻追蹤，加入全台最敢言的社群討論區"
xt.for.taiwan,XT──台灣專屬社群情報站,這張圖片告訴你，什麼叫做擁有一切的男人,2025-12-18 13:21,"精選全球爆文 x 深度社會評論 x 真實生活觀點。
每週超過千萬人次瀏覽，掌握台灣 Threads 上的話題核心。
立刻追蹤，加入全台最敢言的社群討論區"
_think_.me,Caelus>^<,"世上這麼多屁眼
唯獨最喜歡你的",2025-12-28 21:53,
_think_.me,Caelus>^<,為什麼拉屎的時候要打電話給我,2025-12-27 22:52,
_think_.me,Caelus>^<,Day14,2025-12-22 21:52,
_think_.me,Caelus>^<,"Day12
睡覺💤",2025-12-21 10:50,
_think_.me,Caelus>^<,"Day11
幹最近都沒發，都忘記",2025-12-20 12:37,
gto520momo,林甫誠,不知道誰家的齊天大聖跑出來,2025-12-19 09:36,"出生：1986／11／10
星座：天蠍座
興趣：聽歌 唱歌 下廚 釣蝦 釣魚 
無不良嗜好
不菸酒檳榔不碰毒
務農肥料科"
gto520momo,林甫誠,剛剛發生一件很危險的…………事情 就是我看到一個老人站在屋頂上 很危險 我是在上班路上遇到的 好心提醒它 它還不理人 在上面給我笑 上面的人怕它摔下去 還用繩子綁住它 它還張開雙手一副無所謂的樣子 於是我就不理它 上我的班去 😂😂😂（純屬娛樂）,2025-12-19 07:56,"出生：1986／11／10
星座：天蠍座
興趣：聽歌 唱歌 下廚 釣蝦 釣魚 
無不良嗜好
不菸酒檳榔不碰毒
務農肥料科"
gto520momo,林甫誠,問大家一個問題 市面上販售的雞蛋是公雞蛋還是母雞蛋,2025-12-18 14:46,"出生：1986／11／10
星座：天蠍座
興趣：聽歌 唱歌 下廚 釣蝦 釣魚 
無不良嗜好
不菸酒檳榔不碰毒
務農肥料科"
ciaran_0125,Leong Wai Chon,Niseko Hanazono跨年🎆,2025-12-31 23:54,"重度滑雪發燒友🏂
歡迎各位雪友交流交流
本人12.30-1.4在二世古 1.5-1.11會在日本東北"
ciaran_0125,Leong Wai Chon,"這還是人類嗎 ￼牛得不像￼￼人類 紅牛就是牛呀￼￼￼⛷️
（帥得看了10多遍 ￼原來雙￼板￼也可以這麼帥￼）",2025-12-23 15:22,"重度滑雪發燒友🏂
歡迎各位雪友交流交流
本人12.30-1.4在二世古 1.5-1.11會在日本東北"
ciaran_0125,Leong Wai Chon,富良野北之峰主打一個人少🏂,2025-12-22 13:03,"重度滑雪發燒友🏂
歡迎各位雪友交流交流
本人12.30-1.4在二世古 1.5-1.11會在日本東北"
ciaran_0125,Leong Wai Chon,Chill🏂,2025-12-21 16:48,"重度滑雪發燒友🏂
歡迎各位雪友交流交流
本人12.30-1.4在二世古 1.5-1.11會在日本東北"
shiny_flower2020,波波的小筆記本🦕彰化｜台中,終於被我買到了～看到排隊人潮很怕買不到🫣,2025-12-22 18:51,"主要在 #彰化 #台中 偶爾外縣市✨
美食分享/住宿開箱/隱藏景點
合作邀約歡迎私訊IG討論 📮
期待挖掘更多優質店家😎
超過24hr未讀再請傳一次🙏🏻"
shiny_flower2020,波波的小筆記本🦕彰化｜台中,"這家絕對有在我心中排名前三！
大家也這樣覺得嗎？",2025-12-21 19:27,"主要在 #彰化 #台中 偶爾外縣市✨
美食分享/住宿開箱/隱藏景點
合作邀約歡迎私訊IG討論 📮
期待挖掘更多優質店家😎
超過24hr未讀再請傳一次🙏🏻"
shiny_flower2020,波波的小筆記本🦕彰化｜台中,"今天當一日司機載大家趴趴造
再互當小幫手😻 一起消滅食物✨
結束今年最後一梯次的美食旅遊團😆希望新的一年～大家都越來越豐盛！
遇到很棒的案子邀約🔥
共同成長✌🏻
今日跑9家～已累～先趴🫨
（中間的貓咪阿姨如果也算一站，就是十家了）",2025-12-20 23:59,"主要在 #彰化 #台中 偶爾外縣市✨
美食分享/住宿開箱/隱藏景點
合作邀約歡迎私訊IG討論 📮
期待挖掘更多優質店家😎
超過24hr未讀再請傳一次🙏🏻"
shiny_flower2020,波波的小筆記本🦕彰化｜台中,北斗這家真的好喝耶！,2025-12-20 17:28,"主要在 #彰化 #台中 偶爾外縣市✨
美食分享/住宿開箱/隱藏景點
合作邀約歡迎私訊IG討論 📮
期待挖掘更多優質店家😎
超過24hr未讀再請傳一次🙏🏻"
shiny_flower2020,波波的小筆記本🦕彰化｜台中,"今天來北斗閒晃～
發現有人在人家店門口拍美食
好神奇的畫面！！",2025-12-20 17:24,"主要在 #彰化 #台中 偶爾外縣市✨
美食分享/住宿開箱/隱藏景點
合作邀約歡迎私訊IG討論 📮
期待挖掘更多優質店家😎
超過24hr未讀再請傳一次🙏🏻"
shiny_flower2020,波波的小筆記本🦕彰化｜台中,"員林今、明兩天有原味甜甜圈加購價10元的活動🔥（10:30開賣）
每人限購1個/每日限量100個
12/19（五）～12/20（六）
@85.donut
@85.donut
@85cyuanlin
@85cyuanlin
@85cafe
@85cafe",2025-12-19 08:54,"主要在 #彰化 #台中 偶爾外縣市✨
美食分享/住宿開箱/隱藏景點
合作邀約歡迎私訊IG討論 📮
期待挖掘更多優質店家😎
超過24hr未讀再請傳一次🙏🏻"
shiny_flower2020,波波的小筆記本🦕彰化｜台中,"目前吃到三顆85度C生甜甜圈
脆皮的大家一定要試試！口感很豐富～超特別👍🏻
「巧克力」有帶微苦的感覺，不會膩！新品「焦糖核桃乳酪」的鹹甜滋味很剛好😻帶回家跟媽媽分享～媽媽也很喜歡這個口味🤤",2025-12-18 21:04,"主要在 #彰化 #台中 偶爾外縣市✨
美食分享/住宿開箱/隱藏景點
合作邀約歡迎私訊IG討論 📮
期待挖掘更多優質店家😎
超過24hr未讀再請傳一次🙏🏻"
corlin_47,Corlin,新年快樂！祝各位早日脫單！,2026-01-01 00:05,白毛肉圓
7iouue._,⠀⠀⠀⠀⠀⠀,跨年MVP我給台東,2026-01-01 00:05,
7iouue._,⠀⠀⠀⠀⠀⠀,跨年只能租一個奶奶陪我了。,2025-12-25 21:04,
ram_rem1313,Barusu,"每天發一張雷姆/拉姆
可愛的雷姆誰不愛呢？
Day23",2025-12-30 01:38,"Re0的忠實粉絲目前小說看到30章
帝國偏快結束
每天一張雷姆/拉姆圖直到大家發現我"
ram_rem1313,Barusu,"潘朵拉真的讓我又愛又恨
如同沒有他弗爾圖娜就不會死
修斯也不會瘋掉
艾米莉亞也可以當個無憂無慮的小孩
但他真的好美阿",2025-12-29 21:01,"Re0的忠實粉絲目前小說看到30章
帝國偏快結束
每天一張雷姆/拉姆圖直到大家發現我"
ram_rem1313,Barusu,"給Re0粉絲們來一點難題好了
誰有辦法知道他們所有人的名字",2025-12-29 18:24,"Re0的忠實粉絲目前小說看到30章
帝國偏快結束
每天一張雷姆/拉姆圖直到大家發現我"
ram_rem1313,Barusu,"不懂就問脆
哪裡可以買到反擊的巨獸
？",2025-12-29 01:23,"Re0的忠實粉絲目前小說看到30章
帝國偏快結束
每天一張雷姆/拉姆圖直到大家發現我"
ram_rem1313,Barusu,"運動番也佔了我童年一大部分
但不是什麼灌籃高手
對於我來說棒球大聯盟才是童年
主要還是灌籃高手那個畫風我真的看不下去所以我到現在連那一部在做什麼都不知道",2025-12-29 00:38,"Re0的忠實粉絲目前小說看到30章
帝國偏快結束
每天一張雷姆/拉姆圖直到大家發現我"
ram_rem1313,Barusu,"效果不佳..
再重發一次！
如果這一對分手我就不相信愛情了",2025-12-29 00:19,"Re0的忠實粉絲目前小說看到30章
帝國偏快結束
每天一張雷姆/拉姆圖直到大家發現我"
ram_rem1313,Barusu,"每天發一張雷姆/拉姆
拉姆超可愛的啦
！
Day22!!",2025-12-29 00:18,"Re0的忠實粉絲目前小說看到30章
帝國偏快結束
每天一張雷姆/拉姆圖直到大家發現我"
ram_rem1313,Barusu,這兩個人分手我就不相信愛情了,2025-12-28 18:48,"Re0的忠實粉絲目前小說看到30章
帝國偏快結束
每天一張雷姆/拉姆圖直到大家發現我"
ram_rem1313,Barusu,"純引戰
韓國的
H
漫屌打日本好幾個宇宙
去你媽的NTR",2025-12-28 17:18,"Re0的忠實粉絲目前小說看到30章
帝國偏快結束
每天一張雷姆/拉姆圖直到大家發現我"
ram_rem1313,Barusu,"每天發一張雷姆/拉姆
這張好香
Day21",2025-12-28 08:44,"Re0的忠實粉絲目前小說看到30章
帝國偏快結束
每天一張雷姆/拉姆圖直到大家發現我"
ram_rem1313,Barusu,"每天發一張雷姆/拉姆
Day20!!",2025-12-27 19:22,"Re0的忠實粉絲目前小說看到30章
帝國偏快結束
每天一張雷姆/拉姆圖直到大家發現我"
ram_rem1313,Barusu,"每天發一張雷姆/拉姆
大家知道嗎
其實拉姆的實力是艾米莉亞陣營最強的
Day19",2025-12-26 09:31,"Re0的忠實粉絲目前小說看到30章
帝國偏快結束
每天一張雷姆/拉姆圖直到大家發現我"
ram_rem1313,Barusu,"每天發一張雷姆/拉姆
Day18",2025-12-25 12:52,"Re0的忠實粉絲目前小說看到30章
帝國偏快結束
每天一張雷姆/拉姆圖直到大家發現我"
ram_rem1313,Barusu,"每天發一張雷姆/拉姆
我本來想發拉姆的直到我看到這張
Day17",2025-12-24 09:01,"Re0的忠實粉絲目前小說看到30章
帝國偏快結束
每天一張雷姆/拉姆圖直到大家發現我"
ram_rem1313,Barusu,"每天發一張雷姆/拉姆
Day16",2025-12-23 16:53,"Re0的忠實粉絲目前小說看到30章
帝國偏快結束
每天一張雷姆/拉姆圖直到大家發現我"
ram_rem1313,Barusu,"大家知道嗎
Re0 後面會有4個男娘
是誰暫且不說",2025-12-22 18:10,"Re0的忠實粉絲目前小說看到30章
帝國偏快結束
每天一張雷姆/拉姆圖直到大家發現我"
ram_rem1313,Barusu,"我敢打賭Re0第五季如果有播
夜鳴一定會爆紅
還有可愛的暴食露伊",2025-12-22 18:02,"Re0的忠實粉絲目前小說看到30章
帝國偏快結束
每天一張雷姆/拉姆圖直到大家發現我"
ram_rem1313,Barusu,"每天發一張雷姆/拉姆
今天是姊妹雙人組
Day15",2025-12-22 14:33,"Re0的忠實粉絲目前小說看到30章
帝國偏快結束
每天一張雷姆/拉姆圖直到大家發現我"
ram_rem1313,Barusu,"每天發一張雷姆/拉姆
今天可愛的泳裝拉姆
Day14",2025-12-21 12:25,"Re0的忠實粉絲目前小說看到30章
帝國偏快結束
每天一張雷姆/拉姆圖直到大家發現我"
ram_rem1313,Barusu,"每天一張雷姆/拉姆
Day13",2025-12-20 10:24,"Re0的忠實粉絲目前小說看到30章
帝國偏快結束
每天一張雷姆/拉姆圖直到大家發現我"
ram_rem1313,Barusu,"每天一張雷姆/拉姆
雷姆泳裝好可愛
Day12",2025-12-18 18:57,"Re0的忠實粉絲目前小說看到30章
帝國偏快結束
每天一張雷姆/拉姆圖直到大家發現我"
li.323o,ʟɪʟʏ,結果我花3分60秒才吃完葡萄 …,2026-01-01 00:05,"♈️ ᴀ
ᴇɴғᴘ / ᴋᴀᴏʜsɪᴜɴɢ
極品療癒系吃貨"
li.323o,ʟɪʟʏ,"我朋友去彰化鹿港玩
然後買糕餅宅配給我
結果糕餅粉碎性骨折",2025-12-25 22:52,"♈️ ᴀ
ᴇɴғᴘ / ᴋᴀᴏʜsɪᴜɴɢ
極品療癒系吃貨"
li.323o,ʟɪʟʏ,"我這麼可愛帶我回家好嗎！₍ᐢ.ˬ.ᐢ₎
高雄免費送養貓咪（ 母 ）",2025-12-21 16:00,"♈️ ᴀ
ᴇɴғᴘ / ᴋᴀᴏʜsɪᴜɴɢ
極品療癒系吃貨"
li.323o,ʟɪʟʏ,"誠徵男紙陪逛中央公園
12/25 19：00 - 21：00
總薪資：$0（ 附麥香奶茶 ）
泡泡浴結束就各自回家
歡迎留言面試，勿私訊 ~~~",2025-12-20 02:01,"♈️ ᴀ
ᴇɴғᴘ / ᴋᴀᴏʜsɪᴜɴɢ
極品療癒系吃貨"
yyyyy217721,陽光開朗雙馬尾,大家新年快樂:D,2026-01-01 00:27,"人活著就是要消滅蟑螂
也順便跟數學鬧個絕交"
yyyyy217721,陽光開朗雙馬尾,"31號了欸希望大家可以再幸福快樂一天
從明天開始更幸福快樂",2025-12-31 00:15,"人活著就是要消滅蟑螂
也順便跟數學鬧個絕交"
yyyyy217721,陽光開朗雙馬尾,好想哭喔 為什麼人越大事情就越多啊,2025-12-31 00:14,"人活著就是要消滅蟑螂
也順便跟數學鬧個絕交"
yyyyy217721,陽光開朗雙馬尾,一年又要過了 今年也不知道做了什麼,2025-12-30 22:54,"人活著就是要消滅蟑螂
也順便跟數學鬧個絕交"
yyyyy217721,陽光開朗雙馬尾,"每次跨年倒數我都很緊張
但就是不知道在緊張什麼",2025-12-30 16:11,"人活著就是要消滅蟑螂
也順便跟數學鬧個絕交"
yyyyy217721,陽光開朗雙馬尾,"打擾了各位我下禮拜要做報告有關盧廣仲的
所以我想要那張呃 大庭廣仲的圖片 我之前有看過但是我沒有存下來有人有的話可以給我嗎
謝謝大家愛你們
沒有你就滑走吧不然你丟一些梗圖也不是不行",2025-12-29 20:15,"人活著就是要消滅蟑螂
也順便跟數學鬧個絕交"
yyyyy217721,陽光開朗雙馬尾,QAQ我的天哪我好感動對我這個新手來說可以打到4個full combo有多麽不容易啊(;´༎ຶД༎ຶ`),2025-12-28 23:45,"人活著就是要消滅蟑螂
也順便跟數學鬧個絕交"
yyyyy217721,陽光開朗雙馬尾,換到女僕裝是正常的嗎,2025-12-26 23:02,"人活著就是要消滅蟑螂
也順便跟數學鬧個絕交"
everythingcozywith_crystal,Cozy with Crystal,Merry Christmas!!! 🎄🎅🏼🎁,2025-12-25 22:54,"*welcome to my cozy diary*
| its always cozy here ☕️🧦🕯️🤎
| cozy vlogs • coffee • lifestyle • home 
| small business@crystalized_craftsllc"
everythingcozywith_crystal,Cozy with Crystal,Hearing cha-ching twice from Etsy on Christmas Eve is a gift itself 🥹🙌🏼 thank you!!!!,2025-12-25 06:17,"*welcome to my cozy diary*
| its always cozy here ☕️🧦🕯️🤎
| cozy vlogs • coffee • lifestyle • home 
| small business@crystalized_craftsllc"
everythingcozywith_crystal,Cozy with Crystal,#7brewcoffee candy cane mocha 🎄🎅🏼 merry Christmas Eve!!! 🙃 #christmascoffee #ChristmasEve2025,2025-12-25 02:49,"*welcome to my cozy diary*
| its always cozy here ☕️🧦🕯️🤎
| cozy vlogs • coffee • lifestyle • home 
| small business@crystalized_craftsllc"
everythingcozywith_crystal,Cozy with Crystal,"Merry Christmas Eve everybody!!! 🎄🎅🏼🎁
Have a wonderful day.
#christmaseve #christmas #happyholiday #christmascoffee #merrychristmaseveryone
nostalgia core, winter vibes, holiday season, Christmas vibes, winter aesthetic, whimsy, cozy vibes, cozy aesthetic, December mood, christmas decor,
Christmas tree",2025-12-24 22:22,"*welcome to my cozy diary*
| its always cozy here ☕️🧦🕯️🤎
| cozy vlogs • coffee • lifestyle • home 
| small business@crystalized_craftsllc"
everythingcozywith_crystal,Cozy with Crystal,"1 more day until stranger things!!! 🖤❤️
#StrangerThingsSeason5 #strangerthingsfans #strangerthingschristmas",2025-12-24 06:10,"*welcome to my cozy diary*
| its always cozy here ☕️🧦🕯️🤎
| cozy vlogs • coffee • lifestyle • home 
| small business@crystalized_craftsllc"
everythingcozywith_crystal,Cozy with Crystal,"Elf on the shelf farewell idea. 🎄🎅🏼
A simple yet sweet elf goodbye idea.
#elfgoodbye #elfontheshelf #christmaseve #holidaytraditions #christmastimeishere",2025-12-24 03:39,"*welcome to my cozy diary*
| its always cozy here ☕️🧦🕯️🤎
| cozy vlogs • coffee • lifestyle • home 
| small business@crystalized_craftsllc"
everythingcozywith_crystal,Cozy with Crystal,The one thing I’m excited to open on Christmas Day… is my Netflix app to watch volume 2 of stranger things 5 😌🤣,2025-12-24 02:51,"*welcome to my cozy diary*
| its always cozy here ☕️🧦🕯️🤎
| cozy vlogs • coffee • lifestyle • home 
| small business@crystalized_craftsllc"
everythingcozywith_crystal,Cozy with Crystal,"Current to do list:🤣 wrap all the gifts yes i said all 🎄🎁finish working on and packing 10 open small business orders before Friday!!🫣 figure out where to move the damn 🧝elf!!!!!!
Merry Christmas Eve eve! 😂🎄🎄",2025-12-24 01:09,"*welcome to my cozy diary*
| its always cozy here ☕️🧦🕯️🤎
| cozy vlogs • coffee • lifestyle • home 
| small business@crystalized_craftsllc"
everythingcozywith_crystal,Cozy with Crystal,"It's that time of the year again! 🎄❄️🎅🏼🎁 Christmas Eve is literally tomorrow!
#christmastime  #christmasiscoming #itsalmostchristmas #happyholidays
A quiet Christmas, winter mood, girlhood, winter, melancholy, nostalgia core, winter vibes, holiday season, Christmas vibes, winter aesthetic, whimsy, cozy vibes, cozy aesthetic, December mood, christmas decor,
Christmas tree",2025-12-23 23:07,"*welcome to my cozy diary*
| its always cozy here ☕️🧦🕯️🤎
| cozy vlogs • coffee • lifestyle • home 
| small business@crystalized_craftsllc"
everythingcozywith_crystal,Cozy with Crystal,"The egg nog debate! Love it or hate it? 🤣
I actually love egg nog🎄 but I know lots of people that can’t stand it",2025-12-23 09:49,"*welcome to my cozy diary*
| its always cozy here ☕️🧦🕯️🤎
| cozy vlogs • coffee • lifestyle • home 
| small business@crystalized_craftsllc"
everythingcozywith_crystal,Cozy with Crystal,"Winter days that feel like twilight. 🪵🌲🦌❄️☕️
#wintersolstice #darkwinter #twillight #twilightaesthetic #winteraesthetic",2025-12-23 00:43,"*welcome to my cozy diary*
| its always cozy here ☕️🧦🕯️🤎
| cozy vlogs • coffee • lifestyle • home 
| small business@crystalized_craftsllc"
everythingcozywith_crystal,Cozy with Crystal,"I am the sky and the power of every storm that has ever been. I am infinite. ~ FOURTH WING
I have one more book to read in this series and I can’t wait to start it definitely making more reading a must in the new year.  What are you currently reading?
#winterbooks #winterseason #cozybooks #bookish #bookgirl",2025-12-22 22:45,"*welcome to my cozy diary*
| its always cozy here ☕️🧦🕯️🤎
| cozy vlogs • coffee • lifestyle • home 
| small business@crystalized_craftsllc"
everythingcozywith_crystal,Cozy with Crystal,Goooood morning lovelies happy short week. 😁🎄,2025-12-22 19:57,"*welcome to my cozy diary*
| its always cozy here ☕️🧦🕯️🤎
| cozy vlogs • coffee • lifestyle • home 
| small business@crystalized_craftsllc"
everythingcozywith_crystal,Cozy with Crystal,You ever start deep cleaning and just be mad at everyone in the house? 🤣,2025-12-22 07:57,"*welcome to my cozy diary*
| its always cozy here ☕️🧦🕯️🤎
| cozy vlogs • coffee • lifestyle • home 
| small business@crystalized_craftsllc"
everythingcozywith_crystal,Cozy with Crystal,"#wintersolstice #firstdayofwinter #winterishere #winteraesthetic
happy winter 🧣🌨️❄️☃️",2025-12-21 23:55,"*welcome to my cozy diary*
| its always cozy here ☕️🧦🕯️🤎
| cozy vlogs • coffee • lifestyle • home 
| small business@crystalized_craftsllc"
everythingcozywith_crystal,Cozy with Crystal,"Hello winter. ❄️
There are only 4 days until Christmas I’m so excited 🎄☺️
#hellowinter #firstdayofwinter #christmasisnear #wintermorning #winterishere",2025-12-21 22:55,"*welcome to my cozy diary*
| its always cozy here ☕️🧦🕯️🤎
| cozy vlogs • coffee • lifestyle • home 
| small business@crystalized_craftsllc"
everythingcozywith_crystal,Cozy with Crystal,"Cozy nights at home. ☕️❄️🧦🕯️
#cozynights #cosy #girlythings #nightroutine #homebody",2025-12-21 12:19,"*welcome to my cozy diary*
| its always cozy here ☕️🧦🕯️🤎
| cozy vlogs • coffee • lifestyle • home 
| small business@crystalized_craftsllc"
everythingcozywith_crystal,Cozy with Crystal,"7 brew is better than Starbucks!!! I said it 🤣
My 7 brew Order:🎄
Medium Iced Sugar Cookie Blondie with caramel drizzle, cold foam and cinnamon sugar sprinkle
#7brewcoffee #7brew #coffeeaddict #holidaydrinks #coffeeoftheday",2025-12-21 04:09,"*welcome to my cozy diary*
| its always cozy here ☕️🧦🕯️🤎
| cozy vlogs • coffee • lifestyle • home 
| small business@crystalized_craftsllc"
everythingcozywith_crystal,Cozy with Crystal,"Excuse me while i obsess over my new winter nail set 😍❄️💙☃️
#winter #winternails #winterinspo #winterwonderland #pinterestnails",2025-12-20 20:37,"*welcome to my cozy diary*
| its always cozy here ☕️🧦🕯️🤎
| cozy vlogs • coffee • lifestyle • home 
| small business@crystalized_craftsllc"
everythingcozywith_crystal,Cozy with Crystal,"Winter the time of the year when it snows and everything just looks so beautiful and peaceful. ❄️☕️🌨️🧦🕯️🪵
#cozywinter #snowyweather #gilmoregirls #ismellsnow #cozygirlwinter",2025-12-20 02:26,"*welcome to my cozy diary*
| its always cozy here ☕️🧦🕯️🤎
| cozy vlogs • coffee • lifestyle • home 
| small business@crystalized_craftsllc"
everythingcozywith_crystal,Cozy with Crystal,"My 7 year old lately: 🤣🤦🏻‍♀️
What the sigma 
That food was bussin 
Skibbidy toilet 
You real sus 
67………
Lmao 🤣 did I leave anything out. I swear this generation is different.",2025-12-19 23:02,"*welcome to my cozy diary*
| its always cozy here ☕️🧦🕯️🤎
| cozy vlogs • coffee • lifestyle • home 
| small business@crystalized_craftsllc"
everythingcozywith_crystal,Cozy with Crystal,"Happy festive Friday!!! 🎄☕️🌧️
Hope everyone has a great day! What are your plans for the weekend? Last-minute Christmas shopping or relaxing?",2025-12-19 22:20,"*welcome to my cozy diary*
| its always cozy here ☕️🧦🕯️🤎
| cozy vlogs • coffee • lifestyle • home 
| small business@crystalized_craftsllc"
everythingcozywith_crystal,Cozy with Crystal,"TGIF!!! 🙌🏼☕️🌧️
Happy Friday lovelies. 🙃",2025-12-19 20:06,"*welcome to my cozy diary*
| its always cozy here ☕️🧦🕯️🤎
| cozy vlogs • coffee • lifestyle • home 
| small business@crystalized_craftsllc"
everythingcozywith_crystal,Cozy with Crystal,Cozy night and hallmark Christmas movies 🎄,2025-12-19 10:22,"*welcome to my cozy diary*
| its always cozy here ☕️🧦🕯️🤎
| cozy vlogs • coffee • lifestyle • home 
| small business@crystalized_craftsllc"
everythingcozywith_crystal,Cozy with Crystal,"Ain't no room for haters in my circle. we don't look down on each other, we look out for each other.😌",2025-12-19 00:21,"*welcome to my cozy diary*
| its always cozy here ☕️🧦🕯️🤎
| cozy vlogs • coffee • lifestyle • home 
| small business@crystalized_craftsllc"
everythingcozywith_crystal,Cozy with Crystal,"Cozy winter mornings. ❄️☕️🕯️📖
A little switch up from the Christmas content today I really can’t wait to get back into my reading girl vibes soon. I’ll be starting onyx storm after Christmas. 😁
#cozywinter #winteraesthetic #bookaesthetic #booktok #cozygirl #winter #cozyandwarm",2025-12-18 23:18,"*welcome to my cozy diary*
| its always cozy here ☕️🧦🕯️🤎
| cozy vlogs • coffee • lifestyle • home 
| small business@crystalized_craftsllc"
everythingcozywith_crystal,Cozy with Crystal,"Tis the season to be jolly 🎄🎅🏼 and caffeinated ☕️.
Good morning lovelies.",2025-12-18 20:55,"*welcome to my cozy diary*
| its always cozy here ☕️🧦🕯️🤎
| cozy vlogs • coffee • lifestyle • home 
| small business@crystalized_craftsllc"
everythingcozywith_crystal,Cozy with Crystal,"#CookieButterColdBrew from Dunkin' is just an entire Christmas drink vibe 🙌🏼🎄
#dunkin #dunkinholidaydrinks #cookiebutter",2025-12-18 06:05,"*welcome to my cozy diary*
| its always cozy here ☕️🧦🕯️🤎
| cozy vlogs • coffee • lifestyle • home 
| small business@crystalized_craftsllc"
everythingcozywith_crystal,Cozy with Crystal,"A cozy snow day and absolutely nowhere to go. 🎄❄️☕️
I can’t believe we are a week away from Christmas.
#christmasaesthetic #cozywinter #winteraesthetic #winterselfcare #snowfall #wintermood",2025-12-17 23:11,"*welcome to my cozy diary*
| its always cozy here ☕️🧦🕯️🤎
| cozy vlogs • coffee • lifestyle • home 
| small business@crystalized_craftsllc"
jeremylaous,柳應廷 Jer,"唔好講咁多
2026年~
首先型2張相先🤣🤣🤣🤣
新年快樂🎉🎉
下年希望排行榜冇_事會上榜🤣🤣🤣",2026-01-01 00:33,
jeremylaous,柳應廷 Jer,"遲來的..
多謝大家🫶🏻💙",2025-12-28 23:13,
alex_chen1209,陳朋懋,"沒去現場好可惜
盧廣仲真的超神
@captain.lu
@captain.lu",2026-01-01 00:21,
alex_chen1209,陳朋懋,該放下那個讓你難過的人了吧,2025-12-27 13:50,
0.summer.endless.0,無盡夏,新年快樂 明天模考,2026-01-01 00:28,"我是CPR
.
小漲應該叫做PCR
還是RIP"
0.summer.endless.0,無盡夏,新年快樂啊各位,2026-01-01 00:21,"我是CPR
.
小漲應該叫做PCR
還是RIP"
0.summer.endless.0,無盡夏,發瘋他超好看,2025-12-30 16:34,"我是CPR
.
小漲應該叫做PCR
還是RIP"
0.summer.endless.0,無盡夏,"可是我不找他
他也會自己來找我啊",2025-12-22 20:48,"我是CPR
.
小漲應該叫做PCR
還是RIP"
0.summer.endless.0,無盡夏,"然後我現在脆上面全是月經來跟做愛
有病啊啊啊啊啊",2025-12-22 20:04,"我是CPR
.
小漲應該叫做PCR
還是RIP"
0.summer.endless.0,無盡夏,學測不到600小時了啊啊啊啊啊,2025-12-22 20:03,"我是CPR
.
小漲應該叫做PCR
還是RIP"
0.summer.endless.0,無盡夏,"我月經就不來
我就焦慮
越焦慮
他就越不來
什麼糟糕的惡性循環",2025-12-22 20:03,"我是CPR
.
小漲應該叫做PCR
還是RIP"
0.summer.endless.0,無盡夏,"哇？剛剛看貼文才知道原來藥局可以買事後？？？
我一直以為那是處方藥",2025-12-22 19:48,"我是CPR
.
小漲應該叫做PCR
還是RIP"
0.summer.endless.0,無盡夏,這是什麼學測待考事項,2025-12-22 07:03,"我是CPR
.
小漲應該叫做PCR
還是RIP"
0.summer.endless.0,無盡夏,"From王子的精闢見解
好啦 蠻合理的",2025-12-20 00:56,"我是CPR
.
小漲應該叫做PCR
還是RIP"
0.summer.endless.0,無盡夏,"超好笑
我全模對完答案
估了一下大概
國文15（希望有 也希望能維持）
英文12（希望有吧 12已經超級慘了）
數學5（這個不知道是什麼啊@@）
自然10（T^T我覺得我好糟）",2025-12-20 00:24,"我是CPR
.
小漲應該叫做PCR
還是RIP"
0.summer.endless.0,無盡夏,"中山那個真的不懂
想死不用拖累別人吧
這世界好可怕",2025-12-19 21:17,"我是CPR
.
小漲應該叫做PCR
還是RIP"
0.summer.endless.0,無盡夏,我是自卑小狗嗚,2025-12-19 15:32,"我是CPR
.
小漲應該叫做PCR
還是RIP"
0.summer.endless.0,無盡夏,我是過敏的可憐人,2025-12-19 14:47,"我是CPR
.
小漲應該叫做PCR
還是RIP"
0.summer.endless.0,無盡夏,好煩,2025-12-19 14:03,"我是CPR
.
小漲應該叫做PCR
還是RIP"
0.summer.endless.0,無盡夏,好喜歡王子！,2025-12-19 11:41,"我是CPR
.
小漲應該叫做PCR
還是RIP"
0.summer.endless.0,無盡夏,"王子昨天帶提拉米蘇跟泡芙！！！！
泡夫甜甜的好好吃！",2025-12-19 11:41,"我是CPR
.
小漲應該叫做PCR
還是RIP"
0.summer.endless.0,無盡夏,"好討厭他的某些行為
但我不敢說",2025-12-19 11:01,"我是CPR
.
小漲應該叫做PCR
還是RIP"
0.summer.endless.0,無盡夏,"可是剩下29天就要學測了欸
我要慌死了",2025-12-19 08:01,"我是CPR
.
小漲應該叫做PCR
還是RIP"
0.summer.endless.0,無盡夏,沒帶外套 我有一點要冷死了,2025-12-19 07:55,"我是CPR
.
小漲應該叫做PCR
還是RIP"
0.summer.endless.0,無盡夏,我也好想跟他們出去玩@@,2025-12-19 07:55,"我是CPR
.
小漲應該叫做PCR
還是RIP"
0.summer.endless.0,無盡夏,"@lofi_ci
@lofi_ci
你好！！！！",2025-12-18 17:50,"我是CPR
.
小漲應該叫做PCR
還是RIP"
0.summer.endless.0,無盡夏,我的晚餐不好吃。,2025-12-18 17:48,"我是CPR
.
小漲應該叫做PCR
還是RIP"
0.summer.endless.0,無盡夏,為什麼脆不可以改名啊！！！,2025-12-18 17:47,"我是CPR
.
小漲應該叫做PCR
還是RIP"
0.summer.endless.0,無盡夏,"王子是笨蛋
偷偷罵他",2025-12-18 17:08,"我是CPR
.
小漲應該叫做PCR
還是RIP"
0.summer.endless.0,無盡夏,啊啊啊啊啊啊啊啊啊,2025-12-18 17:05,"我是CPR
.
小漲應該叫做PCR
還是RIP"
0.summer.endless.0,無盡夏,"全模好難T^TT^TT^T
破大防了",2025-12-18 12:35,"我是CPR
.
小漲應該叫做PCR
還是RIP"
doublejoylee,保歌哥,德國媽媽為幼女復仇。❤️,2025-12-26 21:54,會當凌絕頂，一覽眾山小。
doublejoylee,保歌哥,為什麼要退休了不能在一起，說清楚啊！渣男。,2025-12-26 21:46,會當凌絕頂，一覽眾山小。
doublejoylee,保歌哥,按圖來擺譜，擺好烤食譜，食譜真靠譜。,2025-12-25 22:06,會當凌絕頂，一覽眾山小。
doublejoylee,保歌哥,巴黎此刻，聖誕節假期。,2025-12-25 20:41,會當凌絕頂，一覽眾山小。
doublejoylee,保歌哥,夜空下的南海娑婆世界，好美。💖,2025-12-25 01:49,會當凌絕頂，一覽眾山小。
doublejoylee,保歌哥,聖母瑪利亞遊行繞境，屏東。,2025-12-24 00:41,會當凌絕頂，一覽眾山小。
doublejoylee,保歌哥,給我一點空間。,2025-12-23 16:48,會當凌絕頂，一覽眾山小。
doublejoylee,保歌哥,有時要抬頭，才不致錯過美麗。,2025-12-23 16:18,會當凌絕頂，一覽眾山小。
doublejoylee,保歌哥,技多不壓身。,2025-12-23 15:53,會當凌絕頂，一覽眾山小。
doublejoylee,保歌哥,不要跑！最近到捷運或車站時。,2025-12-23 15:22,會當凌絕頂，一覽眾山小。
doublejoylee,保歌哥,部落的療傷：《你不要為了一棵樹有沒有，放棄整個雞巴。》,2025-12-23 09:50,會當凌絕頂，一覽眾山小。
doublejoylee,保歌哥,欸住手！不是給你玩的。,2025-12-23 08:54,會當凌絕頂，一覽眾山小。
doublejoylee,保歌哥,印尼的環球先生拍花絮。,2025-12-23 08:53,會當凌絕頂，一覽眾山小。
doublejoylee,保歌哥,大感謝，看得好感動，真美！💖(橫看唷),2025-12-22 15:58,會當凌絕頂，一覽眾山小。
doublejoylee,保歌哥,"#From=
reurl.cc/LQ65r…",2025-12-22 15:49,會當凌絕頂，一覽眾山小。
doublejoylee,保歌哥,AI 人工智慧哄睡記。,2025-12-21 23:11,會當凌絕頂，一覽眾山小。
doublejoylee,保歌哥,土耳大叔超帥。💖💜❤️,2025-12-21 10:57,會當凌絕頂，一覽眾山小。
doublejoylee,保歌哥,火喉蜂鳥，身長約11公分，中美洲哥斯大黎加與巴拿馬山區特有種。,2025-12-21 02:47,會當凌絕頂，一覽眾山小。
doublejoylee,保歌哥,這好讚的20秒！,2025-12-20 23:14,會當凌絕頂，一覽眾山小。
doublejoylee,保歌哥,關東的藝術基地，位於龜有街區。,2025-12-20 22:50,會當凌絕頂，一覽眾山小。
doublejoylee,保歌哥,"觀光客視角的台灣之美。
#From=
reurl.cc/GGajW…",2025-12-20 05:54,會當凌絕頂，一覽眾山小。
doublejoylee,保歌哥,Me memes.,2025-12-19 19:46,會當凌絕頂，一覽眾山小。
doublejoylee,保歌哥,"鏡中小孩術。#From=
reurl.cc/9bbbb…",2025-12-18 08:09,會當凌絕頂，一覽眾山小。
nhmyss,shuyu chen,"昨天jolin 站蛇
今天蕭敬騰站鋼琴
酷⋯",2025-12-31 23:21,🙂😌😗
wish_07_07,ʏɪɴ_,新年快樂🎋,2026-01-01 00:37,"男ㄉ👀
高二活網哥布林
いぶな🤌
ꕀ@eve_harapeco⸝⸝𝔼𝕧𝕖( ´ ▽ ` )ﾉ♡
🎧🎶
ꕀ
ɪꜱꜰᴘ（在ɪɴꜰᴘ跟ɪꜱꜰᴘ徘徊的人類）
每天都活人微死但可以找我講話
我會很開心（？
還會大社恐發作請見諒😇
我有超嚴重的訊息拖延症"
