username,display_name,post_content,post_date,bio,matched_keyword,gemini_account_type_result,human_account_type_result
mai.airy,閻琋,"有些情侶看似親密
但實則不熟悉對方
一起出去吃飯
一起到處玩樂
一起看場電影
一些牽手擁抱
除此之外
再也沒有進行更深層次的交流
甚至無法向對方展示出真實的自己
那什麼才是情侶呢？
也許至少是見過對方狼狽脆弱的樣子
依然堅定的選擇
因為你的優點喜歡你 
知道你的缺點卻選擇不離開你
是了解你的經歷 你原來的樣子
敞開心扉的交流 才會讓愛情更堅固
理解彼此的感受 才能走的更遠
觸及靈魂的伴侶 不是誰都可以 
很多人渴望 卻遇不到
吃喝玩樂的伴侶 和誰都可以 
很多人享受 卻不是真正的適合",2025/10/10 14:52,"「𝑌𝑜𝑢’𝑟𝑒 𝑚𝑦 𝑑𝑒𝑠𝑡𝑖𝑛𝑦…🍁」
𝑀𝑦 𝑑𝑒𝑎𝑟𝑒𝑠𝑡,𝐼’𝑙𝑙 𝑙𝑜𝑣𝑒 𝑦𝑜𝑢 𝑓𝑜𝑟𝑒𝑣𝑒𝑟.
𝑇ℎ𝑜𝑢𝑔ℎ 𝑝𝑎𝑠𝑠 𝑙𝑖𝑣𝑒𝑠,𝑝𝑟𝑒𝑠𝑒𝑛𝑡 𝑚𝑜𝑚𝑒𝑛𝑡𝑠,𝑝𝑎𝑟𝑎𝑙𝑙𝑒𝑙 𝑢𝑛𝑖𝑣𝑒𝑟𝑠𝑒 𝑎𝑛𝑑 the 𝑓𝑢𝑡𝑢𝑟𝑒.
𝑌𝑜𝑢’𝑟𝑒 𝑎𝑙𝑙 𝑚𝑦 𝑑𝑒𝑠𝑖𝑟𝑒.",抑鬱症,pass,
mai.airy,閻琋,"你知道嗎？
人在情緒低落的時候，
最容易「想清理一些東西」。
突然想刪好友、退群組、清空相簿，
其實不是因為誰惹你不開心，
而是心太亂了，想透口氣，
想讓生活看起來乾淨一點、輕一點。
你以為是在整理人際，
其實是在替情緒斷捨離。
「真正的療癒，不是得到，而是放下。」",2025/10/10 14:29,"「𝑌𝑜𝑢’𝑟𝑒 𝑚𝑦 𝑑𝑒𝑠𝑡𝑖𝑛𝑦…🍁」
𝑀𝑦 𝑑𝑒𝑎𝑟𝑒𝑠𝑡,𝐼’𝑙𝑙 𝑙𝑜𝑣𝑒 𝑦𝑜𝑢 𝑓𝑜𝑟𝑒𝑣𝑒𝑟.
𝑇ℎ𝑜𝑢𝑔ℎ 𝑝𝑎𝑠𝑠 𝑙𝑖𝑣𝑒𝑠,𝑝𝑟𝑒𝑠𝑒𝑛𝑡 𝑚𝑜𝑚𝑒𝑛𝑡𝑠,𝑝𝑎𝑟𝑎𝑙𝑙𝑒𝑙 𝑢𝑛𝑖𝑣𝑒𝑟𝑠𝑒 𝑎𝑛𝑑 the 𝑓𝑢𝑡𝑢𝑟𝑒.
𝑌𝑜𝑢’𝑟𝑒 𝑎𝑙𝑙 𝑚𝑦 𝑑𝑒𝑠𝑖𝑟𝑒.",抑鬱症,pass,
mai.airy,閻琋,"「愛過的人，不聯繫，也惦記。」
Those we loved, we no longer reach out to,but still think of.",2025/10/10 11:08,"「𝑌𝑜𝑢’𝑟𝑒 𝑚𝑦 𝑑𝑒𝑠𝑡𝑖𝑛𝑦…🍁」
𝑀𝑦 𝑑𝑒𝑎𝑟𝑒𝑠𝑡,𝐼’𝑙𝑙 𝑙𝑜𝑣𝑒 𝑦𝑜𝑢 𝑓𝑜𝑟𝑒𝑣𝑒𝑟.
𝑇ℎ𝑜𝑢𝑔ℎ 𝑝𝑎𝑠𝑠 𝑙𝑖𝑣𝑒𝑠,𝑝𝑟𝑒𝑠𝑒𝑛𝑡 𝑚𝑜𝑚𝑒𝑛𝑡𝑠,𝑝𝑎𝑟𝑎𝑙𝑙𝑒𝑙 𝑢𝑛𝑖𝑣𝑒𝑟𝑠𝑒 𝑎𝑛𝑑 the 𝑓𝑢𝑡𝑢𝑟𝑒.
𝑌𝑜𝑢’𝑟𝑒 𝑎𝑙𝑙 𝑚𝑦 𝑑𝑒𝑠𝑖𝑟𝑒.",抑鬱症,pass,
mai.airy,閻琋,🌍世界上有兩種人：,2025/10/10 10:52,"「𝑌𝑜𝑢’𝑟𝑒 𝑚𝑦 𝑑𝑒𝑠𝑡𝑖𝑛𝑦…🍁」
𝑀𝑦 𝑑𝑒𝑎𝑟𝑒𝑠𝑡,𝐼’𝑙𝑙 𝑙𝑜𝑣𝑒 𝑦𝑜𝑢 𝑓𝑜𝑟𝑒𝑣𝑒𝑟.
𝑇ℎ𝑜𝑢𝑔ℎ 𝑝𝑎𝑠𝑠 𝑙𝑖𝑣𝑒𝑠,𝑝𝑟𝑒𝑠𝑒𝑛𝑡 𝑚𝑜𝑚𝑒𝑛𝑡𝑠,𝑝𝑎𝑟𝑎𝑙𝑙𝑒𝑙 𝑢𝑛𝑖𝑣𝑒𝑟𝑠𝑒 𝑎𝑛𝑑 the 𝑓𝑢𝑡𝑢𝑟𝑒.
𝑌𝑜𝑢’𝑟𝑒 𝑎𝑙𝑙 𝑚𝑦 𝑑𝑒𝑠𝑖𝑟𝑒.",抑鬱症,pass,
mai.airy,閻琋,".
.
.
一定會有這種朋友👫
「明明你秒回他了，但是他
可以直接人間蒸發
。」
.
.
.",2025/10/10 08:10,"「𝑌𝑜𝑢’𝑟𝑒 𝑚𝑦 𝑑𝑒𝑠𝑡𝑖𝑛𝑦…🍁」
𝑀𝑦 𝑑𝑒𝑎𝑟𝑒𝑠𝑡,𝐼’𝑙𝑙 𝑙𝑜𝑣𝑒 𝑦𝑜𝑢 𝑓𝑜𝑟𝑒𝑣𝑒𝑟.
𝑇ℎ𝑜𝑢𝑔ℎ 𝑝𝑎𝑠𝑠 𝑙𝑖𝑣𝑒𝑠,𝑝𝑟𝑒𝑠𝑒𝑛𝑡 𝑚𝑜𝑚𝑒𝑛𝑡𝑠,𝑝𝑎𝑟𝑎𝑙𝑙𝑒𝑙 𝑢𝑛𝑖𝑣𝑒𝑟𝑠𝑒 𝑎𝑛𝑑 the 𝑓𝑢𝑡𝑢𝑟𝑒.
𝑌𝑜𝑢’𝑟𝑒 𝑎𝑙𝑙 𝑚𝑦 𝑑𝑒𝑠𝑖𝑟𝑒.",抑鬱症,pass,
mai.airy,閻琋,"《可可夜總會 CoCo》一句非常感人的話：
「真正的死亡是
世界上再沒有一個人記得你
。」",2025/10/9 22:30,"「𝑌𝑜𝑢’𝑟𝑒 𝑚𝑦 𝑑𝑒𝑠𝑡𝑖𝑛𝑦…🍁」
𝑀𝑦 𝑑𝑒𝑎𝑟𝑒𝑠𝑡,𝐼’𝑙𝑙 𝑙𝑜𝑣𝑒 𝑦𝑜𝑢 𝑓𝑜𝑟𝑒𝑣𝑒𝑟.
𝑇ℎ𝑜𝑢𝑔ℎ 𝑝𝑎𝑠𝑠 𝑙𝑖𝑣𝑒𝑠,𝑝𝑟𝑒𝑠𝑒𝑛𝑡 𝑚𝑜𝑚𝑒𝑛𝑡𝑠,𝑝𝑎𝑟𝑎𝑙𝑙𝑒𝑙 𝑢𝑛𝑖𝑣𝑒𝑟𝑠𝑒 𝑎𝑛𝑑 the 𝑓𝑢𝑡𝑢𝑟𝑒.
𝑌𝑜𝑢’𝑟𝑒 𝑎𝑙𝑙 𝑚𝑦 𝑑𝑒𝑠𝑖𝑟𝑒.",抑鬱症,pass,
mai.airy,閻琋,Overthinking is the death of peace.,2025/10/9 10:45,"「𝑌𝑜𝑢’𝑟𝑒 𝑚𝑦 𝑑𝑒𝑠𝑡𝑖𝑛𝑦…🍁」
𝑀𝑦 𝑑𝑒𝑎𝑟𝑒𝑠𝑡,𝐼’𝑙𝑙 𝑙𝑜𝑣𝑒 𝑦𝑜𝑢 𝑓𝑜𝑟𝑒𝑣𝑒𝑟.
𝑇ℎ𝑜𝑢𝑔ℎ 𝑝𝑎𝑠𝑠 𝑙𝑖𝑣𝑒𝑠,𝑝𝑟𝑒𝑠𝑒𝑛𝑡 𝑚𝑜𝑚𝑒𝑛𝑡𝑠,𝑝𝑎𝑟𝑎𝑙𝑙𝑒𝑙 𝑢𝑛𝑖𝑣𝑒𝑟𝑠𝑒 𝑎𝑛𝑑 the 𝑓𝑢𝑡𝑢𝑟𝑒.
𝑌𝑜𝑢’𝑟𝑒 𝑎𝑙𝑙 𝑚𝑦 𝑑𝑒𝑠𝑖𝑟𝑒.",抑鬱症,pass,
mai.airy,閻琋,有些人出現在生命裡，只是為了教會我們告別。,2025/10/9 10:07,"「𝑌𝑜𝑢’𝑟𝑒 𝑚𝑦 𝑑𝑒𝑠𝑡𝑖𝑛𝑦…🍁」
𝑀𝑦 𝑑𝑒𝑎𝑟𝑒𝑠𝑡,𝐼’𝑙𝑙 𝑙𝑜𝑣𝑒 𝑦𝑜𝑢 𝑓𝑜𝑟𝑒𝑣𝑒𝑟.
𝑇ℎ𝑜𝑢𝑔ℎ 𝑝𝑎𝑠𝑠 𝑙𝑖𝑣𝑒𝑠,𝑝𝑟𝑒𝑠𝑒𝑛𝑡 𝑚𝑜𝑚𝑒𝑛𝑡𝑠,𝑝𝑎𝑟𝑎𝑙𝑙𝑒𝑙 𝑢𝑛𝑖𝑣𝑒𝑟𝑠𝑒 𝑎𝑛𝑑 the 𝑓𝑢𝑡𝑢𝑟𝑒.
𝑌𝑜𝑢’𝑟𝑒 𝑎𝑙𝑙 𝑚𝑦 𝑑𝑒𝑠𝑖𝑟𝑒.",抑鬱症,pass,
mai.airy,閻琋,"罌粟花(POPPY)的花語是「美麗、罪惡和悼念。」
如此美麗
如此罪惡
如此令人悼念
「我是一朵劇毒的罌粟花。」
讓人愛的瘋狂
讓人深陷其中
讓人愛不釋手
讓人無可自拔
讓人心心念念
讓人失去自我
讓人天長地久
「能使人失去痛覺，
服用過多卻又會使人上癮中毒，
永遠沈睡。」
「我是一朵死亡之花，一朵沒有希望的花。」
我這輩子有一個願望，就是和你一起去看罌粟花海。",2025/10/9 09:10,"「𝑌𝑜𝑢’𝑟𝑒 𝑚𝑦 𝑑𝑒𝑠𝑡𝑖𝑛𝑦…🍁」
𝑀𝑦 𝑑𝑒𝑎𝑟𝑒𝑠𝑡,𝐼’𝑙𝑙 𝑙𝑜𝑣𝑒 𝑦𝑜𝑢 𝑓𝑜𝑟𝑒𝑣𝑒𝑟.
𝑇ℎ𝑜𝑢𝑔ℎ 𝑝𝑎𝑠𝑠 𝑙𝑖𝑣𝑒𝑠,𝑝𝑟𝑒𝑠𝑒𝑛𝑡 𝑚𝑜𝑚𝑒𝑛𝑡𝑠,𝑝𝑎𝑟𝑎𝑙𝑙𝑒𝑙 𝑢𝑛𝑖𝑣𝑒𝑟𝑠𝑒 𝑎𝑛𝑑 the 𝑓𝑢𝑡𝑢𝑟𝑒.
𝑌𝑜𝑢’𝑟𝑒 𝑎𝑙𝑙 𝑚𝑦 𝑑𝑒𝑠𝑖𝑟𝑒.",抑鬱症,pass,
mai.airy,閻琋,"「今天，我像被一顆子彈擊中而驚醒了，
因為昨天，我又夢見你愛我了。」",2025/10/9 07:14,"「𝑌𝑜𝑢’𝑟𝑒 𝑚𝑦 𝑑𝑒𝑠𝑡𝑖𝑛𝑦…🍁」
𝑀𝑦 𝑑𝑒𝑎𝑟𝑒𝑠𝑡,𝐼’𝑙𝑙 𝑙𝑜𝑣𝑒 𝑦𝑜𝑢 𝑓𝑜𝑟𝑒𝑣𝑒𝑟.
𝑇ℎ𝑜𝑢𝑔ℎ 𝑝𝑎𝑠𝑠 𝑙𝑖𝑣𝑒𝑠,𝑝𝑟𝑒𝑠𝑒𝑛𝑡 𝑚𝑜𝑚𝑒𝑛𝑡𝑠,𝑝𝑎𝑟𝑎𝑙𝑙𝑒𝑙 𝑢𝑛𝑖𝑣𝑒𝑟𝑠𝑒 𝑎𝑛𝑑 the 𝑓𝑢𝑡𝑢𝑟𝑒.
𝑌𝑜𝑢’𝑟𝑒 𝑎𝑙𝑙 𝑚𝑦 𝑑𝑒𝑠𝑖𝑟𝑒.",抑鬱症,pass,
mai.airy,閻琋,"🖤DJ Aynur的音樂每日報：
Smooth~~~🎶節奏🎵太令人心動，這美好的夜晚和愛人來一起在草皮上靜靜地仰望星空吧～點點繁星是心中封藏已久的過去，是回憶；流星是稍縱即逝的快樂，抓不住。
繼續仰望吧，替這些回憶擦擦灰塵，仰望後再次封藏於心底。
#深山夜景🎑 #草皮 #銀河星空🌌 #心動 #流星雨 #黑暗裡的微光 #吶喊 #空曠 #節奏感
Enjoy yourself listening to music.（Spark)
youtu.be/bEnMz…",2025/10/5 18:46,"「𝑌𝑜𝑢’𝑟𝑒 𝑚𝑦 𝑑𝑒𝑠𝑡𝑖𝑛𝑦…🍁」
𝑀𝑦 𝑑𝑒𝑎𝑟𝑒𝑠𝑡,𝐼’𝑙𝑙 𝑙𝑜𝑣𝑒 𝑦𝑜𝑢 𝑓𝑜𝑟𝑒𝑣𝑒𝑟.
𝑇ℎ𝑜𝑢𝑔ℎ 𝑝𝑎𝑠𝑠 𝑙𝑖𝑣𝑒𝑠,𝑝𝑟𝑒𝑠𝑒𝑛𝑡 𝑚𝑜𝑚𝑒𝑛𝑡𝑠,𝑝𝑎𝑟𝑎𝑙𝑙𝑒𝑙 𝑢𝑛𝑖𝑣𝑒𝑟𝑠𝑒 𝑎𝑛𝑑 the 𝑓𝑢𝑡𝑢𝑟𝑒.
𝑌𝑜𝑢’𝑟𝑒 𝑎𝑙𝑙 𝑚𝑦 𝑑𝑒𝑠𝑖𝑟𝑒.",抑鬱症,pass,
mai.airy,閻琋,"🖤DJ Aynur的音樂每日報：
宮崎駿的特色包括對自然與人文關係的深刻描繪、以堅強獨立的女性角色為中心、充滿奇幻想像的寫實世界觀、細膩溫暖的手繪風格、懷舊夢幻的色彩運用以及對和平主義和反戰的關注。
這部Jazz Hip Hop與Lo-fi風的宮崎駿音樂集將帶領你坐時光機回到那色彩溫暖又柔軟的世界⋯
#童年 #奇幻 #天馬行空 #JazzHipHop #Lofi #輕透的鋼琴 #節奏感 #回憶過往 #永在 
#牽起內心深處的小男孩/小女孩的手吧。
Enjoy yourself listening to music.
youtu.be/zcask…",2025/10/5 18:45,"「𝑌𝑜𝑢’𝑟𝑒 𝑚𝑦 𝑑𝑒𝑠𝑡𝑖𝑛𝑦…🍁」
𝑀𝑦 𝑑𝑒𝑎𝑟𝑒𝑠𝑡,𝐼’𝑙𝑙 𝑙𝑜𝑣𝑒 𝑦𝑜𝑢 𝑓𝑜𝑟𝑒𝑣𝑒𝑟.
𝑇ℎ𝑜𝑢𝑔ℎ 𝑝𝑎𝑠𝑠 𝑙𝑖𝑣𝑒𝑠,𝑝𝑟𝑒𝑠𝑒𝑛𝑡 𝑚𝑜𝑚𝑒𝑛𝑡𝑠,𝑝𝑎𝑟𝑎𝑙𝑙𝑒𝑙 𝑢𝑛𝑖𝑣𝑒𝑟𝑠𝑒 𝑎𝑛𝑑 the 𝑓𝑢𝑡𝑢𝑟𝑒.
𝑌𝑜𝑢’𝑟𝑒 𝑎𝑙𝑙 𝑚𝑦 𝑑𝑒𝑠𝑖𝑟𝑒.",抑鬱症,pass,
mai.airy,閻琋,"🖤DJ Aynur的音樂每日報：
流星劃進你的夢裡⋯月亮的柔光照進你的心裡⋯靛藍色的天空、咖啡色的窗簾、草綠色的床套組、鵝黃色的檯燈、黑白的照片、三角圓的床頭櫃、黑色桌面上凌亂的文件被播放著音樂的筆電壓著、一則又一則的，來自手機的訊息也吵不醒因為過度疲累而昏睡的你⋯
工作消耗我們的精力，工作帶走我們的自由，工作也許能帶來成就感，能夠帶來一口飯吃，這個社會有許多憂慮又不快樂的人們，每日奔波於車水馬龍之中，走著走著就迷了路，人生的意義究竟是什麼呢？這個問題也許永遠沒有答案，但我還是想知道，你的答案是？
#助眠 #放鬆 #沈睡 #疲累 #工作 #讀書 #壓力 #睡眠不足 #9:45:53
Enjoy yourself listening to music.
youtu.be/roX5W…",2025/10/5 18:44,"「𝑌𝑜𝑢’𝑟𝑒 𝑚𝑦 𝑑𝑒𝑠𝑡𝑖𝑛𝑦…🍁」
𝑀𝑦 𝑑𝑒𝑎𝑟𝑒𝑠𝑡,𝐼’𝑙𝑙 𝑙𝑜𝑣𝑒 𝑦𝑜𝑢 𝑓𝑜𝑟𝑒𝑣𝑒𝑟.
𝑇ℎ𝑜𝑢𝑔ℎ 𝑝𝑎𝑠𝑠 𝑙𝑖𝑣𝑒𝑠,𝑝𝑟𝑒𝑠𝑒𝑛𝑡 𝑚𝑜𝑚𝑒𝑛𝑡𝑠,𝑝𝑎𝑟𝑎𝑙𝑙𝑒𝑙 𝑢𝑛𝑖𝑣𝑒𝑟𝑠𝑒 𝑎𝑛𝑑 the 𝑓𝑢𝑡𝑢𝑟𝑒.
𝑌𝑜𝑢’𝑟𝑒 𝑎𝑙𝑙 𝑚𝑦 𝑑𝑒𝑠𝑖𝑟𝑒.",抑鬱症,pass,
mai.airy,閻琋,"🖤DJ Aynur的音樂每日報：
楓紅的季節🍁卷積雲畫滿天空，開放的和室裡，穿著日本道服的少女，掃著地上點點塵埃，畫面逐漸黑白，是膠卷的一部分；逐漸泛黃的畫面，是曾經；過度飽和的色彩，是夢境。你想活在哪個世界裡？是瞬間還是過去抑或理想？去追尋吧！不管是哪個，都奮不顧身的去吧！不要回頭張望。
#楓葉🍁 #落葉 #飄落 #懷舊 #日本 #回憶 #理想 #抉擇 #道服 #和室 #WoRK #StuDy
Enjoy yourself listening to music.
youtu.be/0oR29…",2025/10/5 18:44,"「𝑌𝑜𝑢’𝑟𝑒 𝑚𝑦 𝑑𝑒𝑠𝑡𝑖𝑛𝑦…🍁」
𝑀𝑦 𝑑𝑒𝑎𝑟𝑒𝑠𝑡,𝐼’𝑙𝑙 𝑙𝑜𝑣𝑒 𝑦𝑜𝑢 𝑓𝑜𝑟𝑒𝑣𝑒𝑟.
𝑇ℎ𝑜𝑢𝑔ℎ 𝑝𝑎𝑠𝑠 𝑙𝑖𝑣𝑒𝑠,𝑝𝑟𝑒𝑠𝑒𝑛𝑡 𝑚𝑜𝑚𝑒𝑛𝑡𝑠,𝑝𝑎𝑟𝑎𝑙𝑙𝑒𝑙 𝑢𝑛𝑖𝑣𝑒𝑟𝑠𝑒 𝑎𝑛𝑑 the 𝑓𝑢𝑡𝑢𝑟𝑒.
𝑌𝑜𝑢’𝑟𝑒 𝑎𝑙𝑙 𝑚𝑦 𝑑𝑒𝑠𝑖𝑟𝑒.",抑鬱症,pass,
mai.airy,閻琋,"🖤DJ Aynur的音樂每日報：
「You jump, I jump.」
傑克與蘿絲是1997年電影《鐵達尼號》，男女主角跨越社會階級，在首航的鐵達尼號上墜入愛河，並在船難中展開一段刻骨銘心的愛情故事。
畫家傑克是個貧窮但自由奔放的藝術家，而蘿絲則是來自上流社會、受未婚夫束縛的年輕女子。
在鐵達尼號沉沒後，傑克讓泡在冰冷海水的蘿絲爬上一扇門板，自己則在海水中犧牲，只為讓蘿絲活下去。
在臨終前，傑克鼓勵蘿絲要好好活下去，而蘿絲也實現了這個諾言，活到一百歲，並將這段記憶永遠珍藏在心中。
蘿絲最終將象徵愛情與價值的「海洋之心」丟入海中，也象徵著傑克的愛情所帶來的無價的自由與生命改變。
我的個性和蘿絲一模一樣，在夢裡演了一齣甜蜜又刺激的愛情劇，醒來後心臟強烈的跳動著，原來一切是如此的真實；原來我如此渴望著一個人；原來這是我淺意識所期望的，但願，我們能夠再次，在夢裡相遇⋯
#鐵達尼號 #刻骨銘心 #永恆的愛 #唯一
#人們很容易在自己出生的季節墜入愛河
youtu.be/m-f_F…",2025/10/5 18:43,"「𝑌𝑜𝑢’𝑟𝑒 𝑚𝑦 𝑑𝑒𝑠𝑡𝑖𝑛𝑦…🍁」
𝑀𝑦 𝑑𝑒𝑎𝑟𝑒𝑠𝑡,𝐼’𝑙𝑙 𝑙𝑜𝑣𝑒 𝑦𝑜𝑢 𝑓𝑜𝑟𝑒𝑣𝑒𝑟.
𝑇ℎ𝑜𝑢𝑔ℎ 𝑝𝑎𝑠𝑠 𝑙𝑖𝑣𝑒𝑠,𝑝𝑟𝑒𝑠𝑒𝑛𝑡 𝑚𝑜𝑚𝑒𝑛𝑡𝑠,𝑝𝑎𝑟𝑎𝑙𝑙𝑒𝑙 𝑢𝑛𝑖𝑣𝑒𝑟𝑠𝑒 𝑎𝑛𝑑 the 𝑓𝑢𝑡𝑢𝑟𝑒.
𝑌𝑜𝑢’𝑟𝑒 𝑎𝑙𝑙 𝑚𝑦 𝑑𝑒𝑠𝑖𝑟𝑒.",抑鬱症,pass,
mai.airy,閻琋,"🖤DJ Aynur的音樂每日報：
落日餘暉，飛機起飛。
飛機上的遊客是帶著什麼樣的心情呢？
也許有期待、也許有疲累、也許有急迫、也許有悲傷、也許有怒氣，但大家的目的地都是相同的，人有百百種、有萬千絲縷，命運讓我們交織在一起，一起聽著這醉人的旋律，共同沈溺於其中吧⋯⋯
#CiTy #CoolJaZz #柔和 #舒緩 #憂鬱 #壓抑的情感 #WhiSPeR #浪漫🌹 #陶醉
Enjoy yourself listening to music. (spark)
youtu.be/6XoXS…",2025/10/4 17:17,"「𝑌𝑜𝑢’𝑟𝑒 𝑚𝑦 𝑑𝑒𝑠𝑡𝑖𝑛𝑦…🍁」
𝑀𝑦 𝑑𝑒𝑎𝑟𝑒𝑠𝑡,𝐼’𝑙𝑙 𝑙𝑜𝑣𝑒 𝑦𝑜𝑢 𝑓𝑜𝑟𝑒𝑣𝑒𝑟.
𝑇ℎ𝑜𝑢𝑔ℎ 𝑝𝑎𝑠𝑠 𝑙𝑖𝑣𝑒𝑠,𝑝𝑟𝑒𝑠𝑒𝑛𝑡 𝑚𝑜𝑚𝑒𝑛𝑡𝑠,𝑝𝑎𝑟𝑎𝑙𝑙𝑒𝑙 𝑢𝑛𝑖𝑣𝑒𝑟𝑠𝑒 𝑎𝑛𝑑 the 𝑓𝑢𝑡𝑢𝑟𝑒.
𝑌𝑜𝑢’𝑟𝑒 𝑎𝑙𝑙 𝑚𝑦 𝑑𝑒𝑠𝑖𝑟𝑒.",抑鬱症,pass,
mai.airy,閻琋,「我的心，又再次為了你，而悸動。」,2025/10/4 16:00,"「𝑌𝑜𝑢’𝑟𝑒 𝑚𝑦 𝑑𝑒𝑠𝑡𝑖𝑛𝑦…🍁」
𝑀𝑦 𝑑𝑒𝑎𝑟𝑒𝑠𝑡,𝐼’𝑙𝑙 𝑙𝑜𝑣𝑒 𝑦𝑜𝑢 𝑓𝑜𝑟𝑒𝑣𝑒𝑟.
𝑇ℎ𝑜𝑢𝑔ℎ 𝑝𝑎𝑠𝑠 𝑙𝑖𝑣𝑒𝑠,𝑝𝑟𝑒𝑠𝑒𝑛𝑡 𝑚𝑜𝑚𝑒𝑛𝑡𝑠,𝑝𝑎𝑟𝑎𝑙𝑙𝑒𝑙 𝑢𝑛𝑖𝑣𝑒𝑟𝑠𝑒 𝑎𝑛𝑑 the 𝑓𝑢𝑡𝑢𝑟𝑒.
𝑌𝑜𝑢’𝑟𝑒 𝑎𝑙𝑙 𝑚𝑦 𝑑𝑒𝑠𝑖𝑟𝑒.",抑鬱症,pass,
dappermind96,Howard Chan,"抑鬱症長這樣
	•	不整理房間
	•	不換床單
	•	不刷牙
	•	不洗澡
	•	連續幾天穿著同樣的衣服",2024/11/15 14:16,"Zillennial journaling and figuring it out. And I might have it all wrong…
🧠🧑‍💻 ⛰️🏊‍♂️🏋️ 🧘🌈 🇭🇰",抑鬱症,pass,
dappermind96,Howard Chan,"明天的你將會是好心情或是壞心情，取決於你現在的選擇。
十年後的你將懷著遺憾或是懷念，也取決於你現在的選擇。",2024/11/10 18:48,"Zillennial journaling and figuring it out. And I might have it all wrong…
🧠🧑‍💻 ⛰️🏊‍♂️🏋️ 🧘🌈 🇭🇰",抑鬱症,pass,
dappermind96,Howard Chan,"這幾天下載了交友軟體，有時候被拒絕又不被尊重。一開始感覺不太好受，還有點惱羞成怒，但靜下來想想，我想玩交友軟體的初衷和目的，不就是為了解解悶，找找樂子而已嗎？如果把整件事看得太認真，還因此而生氣，就完全偏離原意了。
勿忘初衷。",2024/11/10 14:15,"Zillennial journaling and figuring it out. And I might have it all wrong…
🧠🧑‍💻 ⛰️🏊‍♂️🏋️ 🧘🌈 🇭🇰",抑鬱症,pass,
dappermind96,Howard Chan,"你的注意力放在於去愛，還是放在那些不愛你的人？
__________________
Is your attention on loving or is your attention on who isn't loving me?",2024/11/9 22:33,"Zillennial journaling and figuring it out. And I might have it all wrong…
🧠🧑‍💻 ⛰️🏊‍♂️🏋️ 🧘🌈 🇭🇰",抑鬱症,pass,
dappermind96,Howard Chan,"把每一個行動當成是投給你想成為的身分的一票。
雖然改變不會一蹴而就，但隨著這些「投票」的累積，你將愈加接近你想成為的那個人。",2024/11/9 19:56,"Zillennial journaling and figuring it out. And I might have it all wrong…
🧠🧑‍💻 ⛰️🏊‍♂️🏋️ 🧘🌈 🇭🇰",抑鬱症,pass,
dappermind96,Howard Chan,"致日常強顏歡笑的你和我：面對著這個不斷逼我們擠出笑容的世界，辛苦了。
無論自己的狀況再怎麼差，也得盡量面帶笑容，無論遇上什麼鳥事，在人前還是要裝出一副神清氣爽，已經沒有任何問題的模樣。
人越大，越感受到真實的情感才是最珍貴的。所以我們沒有必要在每個場合都強迫自己微笑。與其隱藏自己的感受，不如勇敢地表達出來，讓他人知道我們也有脆弱的一面，才是建立真正連結的第一步（也是治療心理疾病的重要方法）。
今天看完《魅笑2》的感觸
（雖然我承認我後段不斷在偷笑
主角的幻覺太誇張讓人出戲哈哈",2024/11/8 20:22,"Zillennial journaling and figuring it out. And I might have it all wrong…
🧠🧑‍💻 ⛰️🏊‍♂️🏋️ 🧘🌈 🇭🇰",抑鬱症,pass,
dappermind96,Howard Chan,"法國著名哲學家Jean-Paul Sartre (1905-1980)：「我過著一種沒有牙齒的生活。我從未真正咬過任何東西。我在等待。我在為以後保留機會——而我剛剛注意到，我的牙齒已經不見了。」
最危險的賭注就是花一生不去做自己想做的事，總認為你能在以後找到時間去做。",2024/11/8 12:14,"Zillennial journaling and figuring it out. And I might have it all wrong…
🧠🧑‍💻 ⛰️🏊‍♂️🏋️ 🧘🌈 🇭🇰",抑鬱症,pass,
dappermind96,Howard Chan,"表演性同理心往往比真誠的同理心更受到表彰。
要小心那些優先說好話的人，他們可能並沒有做出真正的善行。
____________________
Performative empathy often receives more recognition than genuine empathy.
Beware the people who prioritise saying good things, they might not be doing good things.",2024/11/8 10:51,"Zillennial journaling and figuring it out. And I might have it all wrong…
🧠🧑‍💻 ⛰️🏊‍♂️🏋️ 🧘🌈 🇭🇰",抑鬱症,pass,
dappermind96,Howard Chan,"主動選擇朋友少一點的人，才是真正聰明的人。
他們並不缺乏社交能力，而是看透了許多社交互動的膚淺，對於那些虛假、無意義或浪費時間的關係根本就沒有興趣。
_____________________
Those who actively choose to have fewer friends are the truly wise ones.
It’s not that they lack social skills; they’ve simply seen through the superficiality of social interactions and have no interest in cultivating relationships that are fake, useless, or a waste of time.",2024/11/7 13:19,"Zillennial journaling and figuring it out. And I might have it all wrong…
🧠🧑‍💻 ⛰️🏊‍♂️🏋️ 🧘🌈 🇭🇰",抑鬱症,pass,
l6o2k,6月2日,人們到底能不能意識得到抑鬱症自殺的人是病逝,2025/10/30 00:29,只是備忘錄,抑鬱症,pass,
l6o2k,6月2日,"死亡是一種命運 無法避免 
若我步入死亡 我會享受它 
就如苦難也是一種命運 我會去熱愛它 
這不是認命 享受苦難也是一種反抗",2025/10/27 22:42,只是備忘錄,抑鬱症,pass,
l6o2k,6月2日,"我似乎就像空氣一樣透明 
沒有人在意我的情緒 沒有人懂我的隱喻
從小到大 我都覺得自己要變溫柔一點 善良一點
我對待別人的方式是我一直渴求的 
可是好像沒有人能理解我
我說出的話石沈大海般沒有回應
我想是我哪做錯了嗎 是我哪說錯了嗎 別人討厭我了嗎
我不知道該怎麼做怎麼說 好像我怎麼樣都是錯的",2025/10/26 13:28,只是備忘錄,抑鬱症,pass,
l6o2k,6月2日,痛的話縫起來就好了,2025/10/23 16:49,只是備忘錄,抑鬱症,pass,
l6o2k,6月2日,"我沒說自己不幸福 只是偶爾會覺得人生痛苦繁多
世界太尖銳了 我的身體上總是布滿了淤青
當我寫下此刻的痛苦 我又在反思自己是否真的痛苦 是否在無病呻吟 
情緒的拉扯牽動著軀體上的痛 
我會想自己是個很差勁的人嗎 
真的做了很多錯事嗎？",2025/10/18 18:56,只是備忘錄,抑鬱症,pass,
l6o2k,6月2日,"我不要錢了 我不要做任何工作了 我不要學習了 我不要吃喝了 我不要愛了 我不要任何人了 
我只想成為一株植物或者一塊土地
我不要再痛苦焦慮悲傷麻木了 
我只需要待著 呼吸 汲取水分和熱量就可以理直氣壯地活著 並且得到寧靜和舒適",2025/10/18 17:24,只是備忘錄,抑鬱症,pass,
l6o2k,6月2日,底色是愛的話 怎麼恨都沒關係,2025/10/17 17:59,只是備忘錄,抑鬱症,pass,
outpsycder,♻️1st sustainable Sportswear caring for mental health🇭🇰🥇,"抑鬱症 是一種
“每次我覺得我好了可是它又來了” 的病",2024/8/29 20:15,"尻噏大全 買衫請睇ig
-
/𝘉𝘦 𝘥𝘪𝘧𝘧𝘦𝘳𝘦𝘯𝘵; 𝘣𝘦 𝘢𝘯 𝘰𝘶𝘵𝘴𝘪𝘥𝘦𝘳; 𝘣𝘺@rachellamcw↓ order now ♡🥰",抑鬱症,business,
outpsycder,♻️1st sustainable Sportswear caring for mental health🇭🇰🥇,夜晚最難熬，躺在床上腦海裡不斷浮現出各種負面的想法。我覺得自己一無是處，是個失敗者，沒有人會愛我，也沒有人需要我。那一刻我感覺整個世界都拋棄了我。— 抑鬱症 的晚上,2024/8/29 20:14,"尻噏大全 買衫請睇ig
-
/𝘉𝘦 𝘥𝘪𝘧𝘧𝘦𝘳𝘦𝘯𝘵; 𝘣𝘦 𝘢𝘯 𝘰𝘶𝘵𝘴𝘪𝘥𝘦𝘳; 𝘣𝘺@rachellamcw↓ order now ♡🥰",抑鬱症,business,
outpsycder,♻️1st sustainable Sportswear caring for mental health🇭🇰🥇,"“如果有一天我也能熱愛生命就好” — 抑鬱症 的願望
你呢？",2024/8/28 13:54,"尻噏大全 買衫請睇ig
-
/𝘉𝘦 𝘥𝘪𝘧𝘧𝘦𝘳𝘦𝘯𝘵; 𝘣𝘦 𝘢𝘯 𝘰𝘶𝘵𝘴𝘪𝘥𝘦𝘳; 𝘣𝘺@rachellamcw↓ order now ♡🥰",抑鬱症,business,
outpsycder,♻️1st sustainable Sportswear caring for mental health🇭🇰🥇,"香港可以在哪裡尋求精神健康服務協助👇🏻👇🏻👇🏻
mind.org.hk/zh-ha…",2024/8/28 13:49,"尻噏大全 買衫請睇ig
-
/𝘉𝘦 𝘥𝘪𝘧𝘧𝘦𝘳𝘦𝘯𝘵; 𝘣𝘦 𝘢𝘯 𝘰𝘶𝘵𝘴𝘪𝘥𝘦𝘳; 𝘣𝘺@rachellamcw↓ order now ♡🥰",抑鬱症,business,
outpsycder,♻️1st sustainable Sportswear caring for mental health🇭🇰🥇,“每天醒來，就被一種無法言說的沈重感壓得喘不過氣。對生活失去了所有的熱情，不想出門，不想見人，甚至連起床都覺得是一種巨大的負擔。” — 抑鬱症 的告白,2024/8/28 08:55,"尻噏大全 買衫請睇ig
-
/𝘉𝘦 𝘥𝘪𝘧𝘧𝘦𝘳𝘦𝘯𝘵; 𝘣𝘦 𝘢𝘯 𝘰𝘶𝘵𝘴𝘪𝘥𝘦𝘳; 𝘣𝘺@rachellamcw↓ order now ♡🥰",抑鬱症,business,
outpsycder,♻️1st sustainable Sportswear caring for mental health🇭🇰🥇,"你和我都是第一次活著
手忙腳亂都沒關係的
別急著去死就好了",2024/8/25 20:17,"尻噏大全 買衫請睇ig
-
/𝘉𝘦 𝘥𝘪𝘧𝘧𝘦𝘳𝘦𝘯𝘵; 𝘣𝘦 𝘢𝘯 𝘰𝘶𝘵𝘴𝘪𝘥𝘦𝘳; 𝘣𝘺@rachellamcw↓ order now ♡🥰",抑鬱症,business,
outpsycder,♻️1st sustainable Sportswear caring for mental health🇭🇰🥇,"“你要搞清楚自己的人生劇本
不是你父母的續集
不是你子女的前傳
更不是你朋友的外篇
對待生命你不妨大膽一點 
你只需學會朝氣蓬勃
關心桃樹的發芽就好” — 尼采",2024/8/25 20:14,"尻噏大全 買衫請睇ig
-
/𝘉𝘦 𝘥𝘪𝘧𝘧𝘦𝘳𝘦𝘯𝘵; 𝘣𝘦 𝘢𝘯 𝘰𝘶𝘵𝘴𝘪𝘥𝘦𝘳; 𝘣𝘺@rachellamcw↓ order now ♡🥰",抑鬱症,business,
outpsycder,♻️1st sustainable Sportswear caring for mental health🇭🇰🥇,Set boundaries. It’s ok to tell people to fuck off🙌🏻,2024/8/25 19:55,"尻噏大全 買衫請睇ig
-
/𝘉𝘦 𝘥𝘪𝘧𝘧𝘦𝘳𝘦𝘯𝘵; 𝘣𝘦 𝘢𝘯 𝘰𝘶𝘵𝘴𝘪𝘥𝘦𝘳; 𝘣𝘺@rachellamcw↓ order now ♡🥰",抑鬱症,business,
outpsycder,♻️1st sustainable Sportswear caring for mental health🇭🇰🥇,"Hey, just a reminder to
Give yourself some time,
Forgive yourself for doing a lot of stupid things, accept yourself, and love yourself.
All the past shall pass, and everything that should come is on the way.
嘿 提醒一下
給自己一些時間，
原諒做過很多傻事的自己，接受自己，愛自己，
過去的都會過去，該來的都在路上🫂",2024/8/25 12:26,"尻噏大全 買衫請睇ig
-
/𝘉𝘦 𝘥𝘪𝘧𝘧𝘦𝘳𝘦𝘯𝘵; 𝘣𝘦 𝘢𝘯 𝘰𝘶𝘵𝘴𝘪𝘥𝘦𝘳; 𝘣𝘺@rachellamcw↓ order now ♡🥰",抑鬱症,business,
outpsycder,♻️1st sustainable Sportswear caring for mental health🇭🇰🥇,"Hey, just a reminder.
Your trauma is a chapter in your story, but it’s not the whole book.
嘿，提醒一下。 
你的創傷只是你故事的其中一章，並不是你的全部。",2024/8/24 13:13,"尻噏大全 買衫請睇ig
-
/𝘉𝘦 𝘥𝘪𝘧𝘧𝘦𝘳𝘦𝘯𝘵; 𝘣𝘦 𝘢𝘯 𝘰𝘶𝘵𝘴𝘪𝘥𝘦𝘳; 𝘣𝘺@rachellamcw↓ order now ♡🥰",抑鬱症,business,
outpsycder,♻️1st sustainable Sportswear caring for mental health🇭🇰🥇,"“你終究會發現生命最寶貴的東西，不是絢爛花海，不是辰星燈火，而是你在市井平庸之中的努力和勇氣。” — 不朽 
晚安🤍",2024/8/23 23:13,"尻噏大全 買衫請睇ig
-
/𝘉𝘦 𝘥𝘪𝘧𝘧𝘦𝘳𝘦𝘯𝘵; 𝘣𝘦 𝘢𝘯 𝘰𝘶𝘵𝘴𝘪𝘥𝘦𝘳; 𝘣𝘺@rachellamcw↓ order now ♡🥰",抑鬱症,business,
outpsycder,♻️1st sustainable Sportswear caring for mental health🇭🇰🥇,You need to be proud of yourself because you survived the days you thought you couldn’t.,2024/8/23 23:04,"尻噏大全 買衫請睇ig
-
/𝘉𝘦 𝘥𝘪𝘧𝘧𝘦𝘳𝘦𝘯𝘵; 𝘣𝘦 𝘢𝘯 𝘰𝘶𝘵𝘴𝘪𝘥𝘦𝘳; 𝘣𝘺@rachellamcw↓ order now ♡🥰",抑鬱症,business,
outpsycder,♻️1st sustainable Sportswear caring for mental health🇭🇰🥇,Anxiety : Opps,2024/8/23 20:33,"尻噏大全 買衫請睇ig
-
/𝘉𝘦 𝘥𝘪𝘧𝘧𝘦𝘳𝘦𝘯𝘵; 𝘣𝘦 𝘢𝘯 𝘰𝘶𝘵𝘴𝘪𝘥𝘦𝘳; 𝘣𝘺@rachellamcw↓ order now ♡🥰",抑鬱症,business,
outpsycder,♻️1st sustainable Sportswear caring for mental health🇭🇰🥇,"✨DESIGN 16: BE YOUR OWN LIGHT✨
/要成為自己的光，因為我們都會有自己的花期；
有朋友問我憂鬱症是怎樣的，因為我總是看起來很快樂
那時候是最沒有陽光的狀態，就像是明明看到隨道的盡頭有光，越想要走過去越是走不出去…會一直有想要死掉的念頭，沒有為什麼，就是覺得自己是個很糟糕、很爛的人，好想把自己埋掉⋯
我不再想去說服自己沒有很爛，而是讓自己看見其實我仍有活著的能力，就是這樣很爛地活着，因為生病了就是生病了，就算多相信自己沒事，其實還是有事。誰叫自己還沒有死去的勇氣。
其實很討厭基麼「要相信世界上的美好」這樣的話感到不安，那樣的話很美卻也很噁心，容易騷動人心卻也容易變成陳腔濫調。又有誰真正能把這些事看輕，把這些話說得有重量
最美的也許不是盛放的玫瑰
我覺得是逐漸凋落的玫瑰花瓣那些瞬間
世界之大，誰都可以特別，也可以平凡有些微不足道的人和事卻能成為誰的光願我們能一起等到我們的花期
-
𝑩𝒆 𝒅𝒊𝒇𝒇𝒆𝒓𝒆𝒏𝒕, 𝒃𝒆 𝒂𝒏 𝒐𝒖𝒕𝒔𝒊𝒅𝒆𝒓;
1st sports brand in Hong Kong caring for mental health 🫶🏻",2024/8/23 20:11,"尻噏大全 買衫請睇ig
-
/𝘉𝘦 𝘥𝘪𝘧𝘧𝘦𝘳𝘦𝘯𝘵; 𝘣𝘦 𝘢𝘯 𝘰𝘶𝘵𝘴𝘪𝘥𝘦𝘳; 𝘣𝘺@rachellamcw↓ order now ♡🥰",抑鬱症,business,
outpsycder,♻️1st sustainable Sportswear caring for mental health🇭🇰🥇,"焦慮症 vs 憂鬱症
-
𝑩𝒆 𝒅𝒊𝒇𝒇𝒆𝒓𝒆𝒏𝒕, 𝒃𝒆 𝒂𝒏 𝒐𝒖𝒕𝒔𝒊𝒅𝒆𝒓;
@outpsycder
@outpsycder
𝟏𝒔𝒕 𝒔𝒑𝒐𝒓𝒕𝒔 𝒃𝒓𝒂𝒏𝒅 𝒊𝒏 𝑯𝒐𝒏𝒈 𝑲𝒐𝒏𝒈 𝒄𝒂𝒓𝒊𝒏𝒈 𝒇𝒐𝒓 𝒚𝒐𝒖𝒓 𝒎𝒆𝒏𝒕𝒂𝒍 𝒉𝒆𝒂𝒍𝒕𝒉🫶🏻",2024/8/23 12:43,"尻噏大全 買衫請睇ig
-
/𝘉𝘦 𝘥𝘪𝘧𝘧𝘦𝘳𝘦𝘯𝘵; 𝘣𝘦 𝘢𝘯 𝘰𝘶𝘵𝘴𝘪𝘥𝘦𝘳; 𝘣𝘺@rachellamcw↓ order now ♡🥰",抑鬱症,business,
outpsycder,♻️1st sustainable Sportswear caring for mental health🇭🇰🥇,Threads 真的是一個很温暖的地方2.0 🤍🫶🏻,2024/8/23 12:27,"尻噏大全 買衫請睇ig
-
/𝘉𝘦 𝘥𝘪𝘧𝘧𝘦𝘳𝘦𝘯𝘵; 𝘣𝘦 𝘢𝘯 𝘰𝘶𝘵𝘴𝘪𝘥𝘦𝘳; 𝘣𝘺@rachellamcw↓ order now ♡🥰",抑鬱症,business,
outpsycder,♻️1st sustainable Sportswear caring for mental health🇭🇰🥇,Threads 真的是一個很温暖的地方🤍,2024/8/23 12:25,"尻噏大全 買衫請睇ig
-
/𝘉𝘦 𝘥𝘪𝘧𝘧𝘦𝘳𝘦𝘯𝘵; 𝘣𝘦 𝘢𝘯 𝘰𝘶𝘵𝘴𝘪𝘥𝘦𝘳; 𝘣𝘺@rachellamcw↓ order now ♡🥰",抑鬱症,business,
outpsycder,♻️1st sustainable Sportswear caring for mental health🇭🇰🥇,"我知道
你一個人也走了很遠很遠的路
你一個人也翻過了一山又一山
能在亂七八糟的生活裏
好好呼吸 好好吃飯 好好睡覺
就已經很好了
晚安🤍",2024/8/22 21:59,"尻噏大全 買衫請睇ig
-
/𝘉𝘦 𝘥𝘪𝘧𝘧𝘦𝘳𝘦𝘯𝘵; 𝘣𝘦 𝘢𝘯 𝘰𝘶𝘵𝘴𝘪𝘥𝘦𝘳; 𝘣𝘺@rachellamcw↓ order now ♡🥰",抑鬱症,business,
outpsycder,♻️1st sustainable Sportswear caring for mental health🇭🇰🥇,"Asking someone “why are you depressed? Life is great!”
It’s like asking someone with asthma “why can’t you breathe? There’s so much air.”😮‍💨
問一個抑鬱的人“你為什麼抑鬱？生活是美好的“就像問一個患有哮喘的人”你為什麼不能呼吸？有這麼多的空氣可以呼吸”😮‍💨",2024/8/22 13:06,"尻噏大全 買衫請睇ig
-
/𝘉𝘦 𝘥𝘪𝘧𝘧𝘦𝘳𝘦𝘯𝘵; 𝘣𝘦 𝘢𝘯 𝘰𝘶𝘵𝘴𝘪𝘥𝘦𝘳; 𝘣𝘺@rachellamcw↓ order now ♡🥰",抑鬱症,business,
outpsycder,♻️1st sustainable Sportswear caring for mental health🇭🇰🥇,"今晚開始我們嘗試不再焦慮，晚安🤍
“你只是來體驗生命的，你什麼都擁有不了，也留不住。不需要證明什麼，更沒有什麼事是必須要實現的，你要做的就是，不斷嘗試收穫，然後放下。” — 宮崎駿",2024/8/21 23:30,"尻噏大全 買衫請睇ig
-
/𝘉𝘦 𝘥𝘪𝘧𝘧𝘦𝘳𝘦𝘯𝘵; 𝘣𝘦 𝘢𝘯 𝘰𝘶𝘵𝘴𝘪𝘥𝘦𝘳; 𝘣𝘺@rachellamcw↓ order now ♡🥰",抑鬱症,business,
outpsycder,♻️1st sustainable Sportswear caring for mental health🇭🇰🥇,"“感覺自己好像個神徑病，演盡了所有的悲歡離合
像個小丑一樣:
一會想通了，一會又想不通了，
一會覺得天大的事能活著就好了，一會又覺得壓抑的喘不過氣來，
莫名煩躁，莫名失落，莫名難過。”
— 焦慮症",2024/8/21 18:10,"尻噏大全 買衫請睇ig
-
/𝘉𝘦 𝘥𝘪𝘧𝘧𝘦𝘳𝘦𝘯𝘵; 𝘣𝘦 𝘢𝘯 𝘰𝘶𝘵𝘴𝘪𝘥𝘦𝘳; 𝘣𝘺@rachellamcw↓ order now ♡🥰",抑鬱症,business,
outpsycder,♻️1st sustainable Sportswear caring for mental health🇭🇰🥇,"“我只是站在那裡，就感覺自己已經碎掉了。”
— 抑鬱症",2024/8/21 18:01,"尻噏大全 買衫請睇ig
-
/𝘉𝘦 𝘥𝘪𝘧𝘧𝘦𝘳𝘦𝘯𝘵; 𝘣𝘦 𝘢𝘯 𝘰𝘶𝘵𝘴𝘪𝘥𝘦𝘳; 𝘣𝘺@rachellamcw↓ order now ♡🥰",抑鬱症,business,
outpsycder,♻️1st sustainable Sportswear caring for mental health🇭🇰🥇,"“如果你的情緒生病了
If your mood falls ill
那就先把自己當一株植物
Be a plant first
吃吃喝喝 好好睡覺
Eat and drink, sleep well
曬曬太陽 慢慢長大
Bask in the sun, Grow slowly”
🌱💚",2024/8/21 13:27,"尻噏大全 買衫請睇ig
-
/𝘉𝘦 𝘥𝘪𝘧𝘧𝘦𝘳𝘦𝘯𝘵; 𝘣𝘦 𝘢𝘯 𝘰𝘶𝘵𝘴𝘪𝘥𝘦𝘳; 𝘣𝘺@rachellamcw↓ order now ♡🥰",抑鬱症,business,
outpsycder,♻️1st sustainable Sportswear caring for mental health🇭🇰🥇,"抑鬱症 的一天：
夜晚的時間很長，留給應付難過的情緒
天一亮，又是假裝快樂的一天：）",2024/8/20 21:21,"尻噏大全 買衫請睇ig
-
/𝘉𝘦 𝘥𝘪𝘧𝘧𝘦𝘳𝘦𝘯𝘵; 𝘣𝘦 𝘢𝘯 𝘰𝘶𝘵𝘴𝘪𝘥𝘦𝘳; 𝘣𝘺@rachellamcw↓ order now ♡🥰",抑鬱症,business,
outpsycder,♻️1st sustainable Sportswear caring for mental health🇭🇰🥇,“抑鬱症最醜陋的地方在於它會復發，然後在一個陽光明媚的日子，你再次毫無徵兆的跌入谷底，通透冰涼，無法掙扎，身體和精神上疼痛的可怕程度大過死亡，那些被藏在箱底的難過再被翻上來意味著什麼，除了自己沒人知道。” — 抑鬱症 的告白,2024/8/20 14:54,"尻噏大全 買衫請睇ig
-
/𝘉𝘦 𝘥𝘪𝘧𝘧𝘦𝘳𝘦𝘯𝘵; 𝘣𝘦 𝘢𝘯 𝘰𝘶𝘵𝘴𝘪𝘥𝘦𝘳; 𝘣𝘺@rachellamcw↓ order now ♡🥰",抑鬱症,business,
outpsycder,♻️1st sustainable Sportswear caring for mental health🇭🇰🥇,"Hey,
我知道你最近很累
I know you’ve been very tired lately
是那種看不見的
It’s the kind that can’t be seen
身體上精神上的疲憊感
Physical and mental exhaustion
但是請你一定要堅持下去
But please insist on it!
不要眼眶一紅就覺得人間不值得
Don’t feel like the world is not worth it when your eyes turn red
既然已經在谷底了
Since it’s already at the bottom
再怎麼走都是向上
No matter how you go, it’s always up",2024/8/20 14:38,"尻噏大全 買衫請睇ig
-
/𝘉𝘦 𝘥𝘪𝘧𝘧𝘦𝘳𝘦𝘯𝘵; 𝘣𝘦 𝘢𝘯 𝘰𝘶𝘵𝘴𝘪𝘥𝘦𝘳; 𝘣𝘺@rachellamcw↓ order now ♡🥰",抑鬱症,business,
outpsycder,♻️1st sustainable Sportswear caring for mental health🇭🇰🥇,"如果你覺得太累了，
就關燈睡一覺，不要太責憐自己，我知道你也是很努力才走到現在。
現在的你，已經很捧了。
晚安：）",2024/8/19 23:36,"尻噏大全 買衫請睇ig
-
/𝘉𝘦 𝘥𝘪𝘧𝘧𝘦𝘳𝘦𝘯𝘵; 𝘣𝘦 𝘢𝘯 𝘰𝘶𝘵𝘴𝘪𝘥𝘦𝘳; 𝘣𝘺@rachellamcw↓ order now ♡🥰",抑鬱症,business,
outpsycder,♻️1st sustainable Sportswear caring for mental health🇭🇰🥇,"”沒人覺得我病了，他們只是覺得我想太多了。
我現在的義務就是開心的活著 活著 還是活著
不想跟任何人分享負面情緒，哪怕是最親近的人沒有人知道，一個那麼用力去笑的人，內心有多難過，多無助，又有多絕望。” — 抑鬱症 的告白",2024/8/19 15:31,"尻噏大全 買衫請睇ig
-
/𝘉𝘦 𝘥𝘪𝘧𝘧𝘦𝘳𝘦𝘯𝘵; 𝘣𝘦 𝘢𝘯 𝘰𝘶𝘵𝘴𝘪𝘥𝘦𝘳; 𝘣𝘺@rachellamcw↓ order now ♡🥰",抑鬱症,business,
outpsycder,♻️1st sustainable Sportswear caring for mental health🇭🇰🥇,"《焦慮 的人》— 菲特列．貝克曼
🔖 對從來不曾親自做過任何事的人而言，沒有什麼要比批評真正努力做事的人更容易的了。
🔖 因為步入成年的可怕之處在於，我們會被迫意識到，絕對沒有人在乎我們。我們必須親自處理所有事情，弄明白整個世界是如何運作的。
🔖 如果人們真的像他們在網上表現的那麼開心，就不會把那麼多該死的時間花在互聯網上了。
因為沒有誰會在真正度過愉快的一天時，還能想著拿出半天的時間自拍。
🔖 有時候知道別人也過得不開心，你自己的焦慮就會減輕一點。
🔖 當你晚上回到家，別忘記放鬆地舒一口氣，因為我們又度過了漫長的一天。還有另一個漫長的明天在等著我們。
-
要記得即便在最孤獨、最黑暗的時刻，也總有人願意伸出援手，共同前行。
-
如果你需要樹窿又唔想比人知
歡迎加入tg group:
t.me/+f-sO…
-
𝑩𝒆 𝒅𝒊𝒇𝒇𝒆𝒓𝒆𝒏𝒕, 𝒃𝒆 𝒂𝒏 𝒐𝒖𝒕𝒔𝒊𝒅𝒆𝒓;
𝟏𝒔𝒕 𝒔𝒑𝒐𝒓𝒕𝒔 𝒃𝒓𝒂𝒏𝒅 𝒊𝒏 𝑯𝒐𝒏𝒈 𝑲𝒐𝒏𝒈 𝒄𝒂𝒓𝒊𝒏𝒈 𝒇𝒐𝒓 𝒚𝒐𝒖𝒓 𝒎𝒆𝒏𝒕𝒂𝒍 𝒉𝒆𝒂𝒍𝒕𝒉🫶🏻
@outpsycder
@outpsycder",2024/8/18 13:41,"尻噏大全 買衫請睇ig
-
/𝘉𝘦 𝘥𝘪𝘧𝘧𝘦𝘳𝘦𝘯𝘵; 𝘣𝘦 𝘢𝘯 𝘰𝘶𝘵𝘴𝘪𝘥𝘦𝘳; 𝘣𝘺@rachellamcw↓ order now ♡🥰",抑鬱症,business,
outpsycder,♻️1st sustainable Sportswear caring for mental health🇭🇰🥇,":)🫂
-
如果你需要樹窿又唔想比人知
歡迎加入tg group:
t.me/+f-sO…
-
要記得即便在最孤獨、最黑暗的時刻，也總有人願意伸出援手，共同前行。
-
𝑩𝒆 𝒅𝒊𝒇𝒇𝒆𝒓𝒆𝒏𝒕, 𝒃𝒆 𝒂𝒏 𝒐𝒖𝒕𝒔𝒊𝒅𝒆𝒓;
𝟏𝒔𝒕 𝒔𝒑𝒐𝒓𝒕𝒔 𝒃𝒓𝒂𝒏𝒅 𝒊𝒏 𝑯𝒐𝒏𝒈 𝑲𝒐𝒏𝒈 𝒄𝒂𝒓𝒊𝒏𝒈 𝒇𝒐𝒓 𝒚𝒐𝒖𝒓 𝒎𝒆𝒏𝒕𝒂𝒍 𝒉𝒆𝒂𝒍𝒕𝒉🫶🏻
@outpsycder
@outpsycder",2024/8/17 17:19,"尻噏大全 買衫請睇ig
-
/𝘉𝘦 𝘥𝘪𝘧𝘧𝘦𝘳𝘦𝘯𝘵; 𝘣𝘦 𝘢𝘯 𝘰𝘶𝘵𝘴𝘪𝘥𝘦𝘳; 𝘣𝘺@rachellamcw↓ order now ♡🥰",抑鬱症,business,
outpsycder,♻️1st sustainable Sportswear caring for mental health🇭🇰🥇,"抑鬱症的人和普通人最大的區別是什麼，你知道嗎？
就是無法自控，非但無法自控，而且思維和情緒受阻，在抑鬱症患者的腦袋中形成認知偏差，明明是個挺聰明的人也會認為自己很蠢，明明能力挺強的也覺得自己很差勁，原本很自信的人也變得自卑了。
含渾渾噩噩，像個行屍走肉一般，不知道自己要幹什麼，也不知道自己想幹什麼，常常會無意識去做一些事情。
抑鬱症無意識會做的六件事:
1️⃣無緣無故地傷心流眼淚
2️⃣自我封閉，不想見人
3️⃣失眠嗜睡
4️⃣反應過激
5️⃣無欲無求
6️⃣失去了求生欲
如果你需要樹窿又唔想比人知
歡迎加入tg group:
t.me/+f-sO…
-
要記得即便在最孤獨、最黑暗的時刻，也總有人願意伸出援手，共同前行。
-
𝑩𝒆 𝒅𝒊𝒇𝒇𝒆𝒓𝒆𝒏𝒕, 𝒃𝒆 𝒂𝒏 𝒐𝒖𝒕𝒔𝒊𝒅𝒆𝒓;
𝟏𝒔𝒕 𝒔𝒑𝒐𝒓𝒕𝒔 𝒃𝒓𝒂𝒏𝒅 𝒊𝒏 𝑯𝒐𝒏𝒈 𝑲𝒐𝒏𝒈 𝒄𝒂𝒓𝒊𝒏𝒈 𝒇𝒐𝒓 𝒚𝒐𝒖𝒓 𝒎𝒆𝒏𝒕𝒂𝒍 𝒉𝒆𝒂𝒍𝒕𝒉🫶🏻
@outpsycder
@outpsycder",2024/8/17 17:00,"尻噏大全 買衫請睇ig
-
/𝘉𝘦 𝘥𝘪𝘧𝘧𝘦𝘳𝘦𝘯𝘵; 𝘣𝘦 𝘢𝘯 𝘰𝘶𝘵𝘴𝘪𝘥𝘦𝘳; 𝘣𝘺@rachellamcw↓ order now ♡🥰",抑鬱症,business,
outpsycder,♻️1st sustainable Sportswear caring for mental health🇭🇰🥇,"抑鬱 vs 焦慮
抑鬱: 想死
焦慮: 怕死
-
𝑩𝒆 𝒅𝒊𝒇𝒇𝒆𝒓𝒆𝒏𝒕, 𝒃𝒆 𝒂𝒏 𝒐𝒖𝒕𝒔𝒊𝒅𝒆𝒓;
𝟏𝒔𝒕 𝒔𝒑𝒐𝒓𝒕𝒔 𝒃𝒓𝒂𝒏𝒅 𝒊𝒏 𝑯𝒐𝒏𝒈 𝑲𝒐𝒏𝒈 𝒄𝒂𝒓𝒊𝒏𝒈 𝒇𝒐𝒓 𝒚𝒐𝒖𝒓 𝒎𝒆𝒏𝒕𝒂𝒍 𝒉𝒆𝒂𝒍𝒕𝒉🫶🏻
@outpsycder
@outpsycder",2024/8/16 08:57,"尻噏大全 買衫請睇ig
-
/𝘉𝘦 𝘥𝘪𝘧𝘧𝘦𝘳𝘦𝘯𝘵; 𝘣𝘦 𝘢𝘯 𝘰𝘶𝘵𝘴𝘪𝘥𝘦𝘳; 𝘣𝘺@rachellamcw↓ order now ♡🥰",抑鬱症,business,
outpsycder,♻️1st sustainable Sportswear caring for mental health🇭🇰🥇,"《醫生說我可以去死》 — 平光源
🔖你就活在當下。單純地活著。而且，你之所以不想活了，是因為你比任何人都還要誠懇而且拼命地活著，因為你是如此努力。
🔖容我多說幾次。你真的很厲害。而且很優秀。
🔖然而，我們並不是為了成功或者獲勝才誕生的。
討好別人、得到別人的認同，和活著一點關係也沒有
🔖這個世界沒有所謂的正確或不正確，而是""大家都正確""。只要抱著這種想法，去做喜歡的事即可。
🔖這個世界有晝夜，陰睛，積極和消極，彼此間少一個也不行。如果只有晴天的話，動植物都會死去。如果只有正面積極，就不會產生""負面消極""的定義。
🔖不要被社會""一無是處""的偏見操控，請珍惜單純存在於這個世界的自己。因為你就是獨一無二的自己。
🔖人並不是因為做了什麼才有價值。人的存在本身就有價值。
-
想死 真的沒關係；
一旦擺脫「必須活下去」的壓力，反而可以重新省視自我，聽到真實的心聲。
-
𝑩𝒆 𝒅𝒊𝒇𝒇𝒆𝒓𝒆𝒏𝒕, 𝒃𝒆 𝒂𝒏 𝒐𝒖𝒕𝒔𝒊𝒅𝒆𝒓;
𝟏𝒔𝒕 𝒔𝒑𝒐𝒓𝒕𝒔 𝒃𝒓𝒂𝒏𝒅 𝒊𝒏 𝑯𝒐𝒏𝒈 𝑲𝒐𝒏𝒈 𝒄𝒂𝒓𝒊𝒏𝒈 𝒇𝒐𝒓 𝒚𝒐𝒖𝒓 𝒎𝒆𝒏𝒕𝒂𝒍 𝒉𝒆𝒂𝒍𝒕𝒉🫶🏻
@outpsycder
@outpsycder",2024/8/15 21:44,"尻噏大全 買衫請睇ig
-
/𝘉𝘦 𝘥𝘪𝘧𝘧𝘦𝘳𝘦𝘯𝘵; 𝘣𝘦 𝘢𝘯 𝘰𝘶𝘵𝘴𝘪𝘥𝘦𝘳; 𝘣𝘺@rachellamcw↓ order now ♡🥰",抑鬱症,business,
johnnnnjt,𝗝𝗼𝗵𝗻𝗻𝘆,"好多人以為抑鬱症嘅人長期都係好low energy
但其實regularly食藥嘅人多數會冇乜情緒
我嘅話共情能力都低咗好多
好少好開心
trigger到嗰陣就會好down好似抑鬱復發咁
但事實係從來都冇好過
只係啲symptoms冇咁strong
睇落好似好正常咁",2025/8/17 15:36,hkü,抑鬱症,pass,
johnnnnjt,𝗝𝗼𝗵𝗻𝗻𝘆,"The dementors linger long after the tempest, as if this colourless sky is all the world will allow.
I ache for a dawn that never arrives, for a better that doesn’t seem to exist.
They promise the sun will return, but I can no longer recall its embrace, only the ceaseless, hollow cold.",2025/8/13 13:11,hkü,抑鬱症,pass,
johnnnnjt,𝗝𝗼𝗵𝗻𝗻𝘆,"Missing you comes in waves and tonight I’m drowning. Tides pulling me deeper into silence, where your voice fades like a distant shore, and all I have left are memories whispered softly by the restless sea.",2025/8/12 14:28,hkü,抑鬱症,pass,
johnnnnjt,𝗝𝗼𝗵𝗻𝗻𝘆,給你幸福 所以幸福😗,2025/8/9 23:12,hkü,抑鬱症,pass,
candie__heart,Candies,"抑鬱症的最大的誘發因素是原生家庭…
我是好過來了..
但原生家庭的傷害是一輩子的…
傷害停留在我當時只有10歲的我..
生理一直在長大，心理某一部分卻只留在10歲的我..
你也來分享最令你受傷的事.是什麼呢？",2025/5/2 19:57,"•療癒內心•尋找自己•正能量
•同行者•情緒困擾
•記得陪你走過每有個低谷",抑鬱症,pass,
candie__heart,Candies,"《我想像普通人一樣生活》
但光是起床，就用盡了所有勇氣
曾經有抑鬱症的我，像普通人一樣生活是妄想。
我就連外出也要人陪著，我怎麼可以像普通人一樣。
想到這個，我就一直崩潰大哭，我彷彿覺得自己像個垃圾。
每天渡日如年，當時朋友告訴我，你又不是垃圾，垃圾是放垃圾桶的。
這句令我醒了一會，但還是執著自己什麼做不了。
像個普通人一樣下班上班，吃飯，找朋友對我來說很難。
我就連見其他人也全身出汗，頭痛，頭暈。
我被診症為嚴重抑鬱+廣泛性焦慮🥹
但我現在完全康復了。",2025/4/26 21:54,"•療癒內心•尋找自己•正能量
•同行者•情緒困擾
•記得陪你走過每有個低谷",抑鬱症,pass,
candie__heart,Candies,"突然有感而發…
曾經…我也是嚴重抑鬱的病人..
待在家中2年，根本外出不了..
也曾經住院了..
但是現在完全康復了..
也有穩定工作..
現在還一直進修社工系.
你有沒有興趣知道我是怎樣好過來的？",2025/4/24 17:06,"•療癒內心•尋找自己•正能量
•同行者•情緒困擾
•記得陪你走過每有個低谷",抑鬱症,pass,
ngo_ngo108,Ngo,有一個抑鬱症朋友，我要怎麼幫助他,2025/11/7 17:26,"日常無聊發廢文
想找個女朋友",抑鬱症,pass,
ngo_ngo108,Ngo,"20世紀的西洋歌曲真的很好聽
大家最喜歡哪一首",2025/11/5 23:30,"日常無聊發廢文
想找個女朋友",抑鬱症,pass,
ngo_ngo108,Ngo,什麼樣的睡姿比較酷,2025/11/5 23:05,"日常無聊發廢文
想找個女朋友",抑鬱症,pass,
ngo_ngo108,Ngo,自己最大的亮點是什麼,2025/11/5 23:02,"日常無聊發廢文
想找個女朋友",抑鬱症,pass,
ngo_ngo108,Ngo,有人願意和我聊天嗎,2025/11/5 16:12,"日常無聊發廢文
想找個女朋友",抑鬱症,pass,
ngo_ngo108,Ngo,感冒了,2025/10/26 06:35,"日常無聊發廢文
想找個女朋友",抑鬱症,pass,
mai.airy,閻琋,抑鬱症/憂鬱症的七個結局：,2025/10/10 17:51,"「𝑌𝑜𝑢’𝑟𝑒 𝑚𝑦 𝑑𝑒𝑠𝑡𝑖𝑛𝑦…🍁」
𝑀𝑦 𝑑𝑒𝑎𝑟𝑒𝑠𝑡,𝐼’𝑙𝑙 𝑙𝑜𝑣𝑒 𝑦𝑜𝑢 𝑓𝑜𝑟𝑒𝑣𝑒𝑟.
𝑇ℎ𝑜𝑢𝑔ℎ 𝑝𝑎𝑠𝑠 𝑙𝑖𝑣𝑒𝑠,𝑝𝑟𝑒𝑠𝑒𝑛𝑡 𝑚𝑜𝑚𝑒𝑛𝑡𝑠,𝑝𝑎𝑟𝑎𝑙𝑙𝑒𝑙 𝑢𝑛𝑖𝑣𝑒𝑟𝑠𝑒 𝑎𝑛𝑑 the 𝑓𝑢𝑡𝑢𝑟𝑒.
𝑌𝑜𝑢’𝑟𝑒 𝑎𝑙𝑙 𝑚𝑦 𝑑𝑒𝑠𝑖𝑟𝑒.",抑鬱症,pass,
mai.airy,閻琋,"憂鬱症自殺死掉的人不是自殺，
他們是病死的。",2025/10/10 05:59,"「𝑌𝑜𝑢’𝑟𝑒 𝑚𝑦 𝑑𝑒𝑠𝑡𝑖𝑛𝑦…🍁」
𝑀𝑦 𝑑𝑒𝑎𝑟𝑒𝑠𝑡,𝐼’𝑙𝑙 𝑙𝑜𝑣𝑒 𝑦𝑜𝑢 𝑓𝑜𝑟𝑒𝑣𝑒𝑟.
𝑇ℎ𝑜𝑢𝑔ℎ 𝑝𝑎𝑠𝑠 𝑙𝑖𝑣𝑒𝑠,𝑝𝑟𝑒𝑠𝑒𝑛𝑡 𝑚𝑜𝑚𝑒𝑛𝑡𝑠,𝑝𝑎𝑟𝑎𝑙𝑙𝑒𝑙 𝑢𝑛𝑖𝑣𝑒𝑟𝑠𝑒 𝑎𝑛𝑑 the 𝑓𝑢𝑡𝑢𝑟𝑒.
𝑌𝑜𝑢’𝑟𝑒 𝑎𝑙𝑙 𝑚𝑦 𝑑𝑒𝑠𝑖𝑟𝑒.",抑鬱症,pass,
shee.__.99,Shena♡,沒抑鬱的人在拼命裝抑鬱，“而真正抑鬱症的人在拼命裝正常人”,2025/2/13 11:19,"_______.✧⁠*⁠。♡• °★    
         ""𝓘 𝓪𝓶 𝓫𝓮𝓬𝓪𝓾𝓼𝓮 𝔂𝓸𝓾 𝓪𝓻𝓮. ""
                                ___”✩♩𝄞♫☪︎___
   
&•°._____________✧*。.",抑鬱症,not_enough_posts,
jppye,Jackson,終於等到用保齡球殺人啦！,2025/8/13 15:28,你怎麼過今天，就怎麼過一生。,重度憂鬱症,not_enough_posts,
jppye,Jackson,"我剛剛看到一個女生沒有腳
然後在我眼前飄過
我說妳是誰
她說她是鬼斯通
大姐別鬧了都幾歲人",2025/8/6 23:54,你怎麼過今天，就怎麼過一生。,重度憂鬱症,not_enough_posts,
love_meimi_xuan,𝖝𝖚𝖆𝖓დ（莓米軒🍓）,"「憂鬱症」就是好不了
不要再說會好起來🥲 真的很難很難
身障+重鬱症 不是當藉口 是真的會被歧視
病友覺得認同請轉發🥺
重度憂鬱症",2025/2/24 23:48,"【活動攝影/表演攝影】@little_cheer_girl_taiwan👑
დ惟婷@weitingnana__",重度憂鬱症,business,
love_meimi_xuan,𝖝𝖚𝖆𝖓დ（莓米軒🍓）,"有沒有人想要跟我當朋友的？
歡迎病友們可以來跟我聊聊天！
覺得好寂寞😔
重度憂鬱症",2025/2/20 01:20,"【活動攝影/表演攝影】@little_cheer_girl_taiwan👑
დ惟婷@weitingnana__",重度憂鬱症,business,
love_meimi_xuan,𝖝𝖚𝖆𝖓დ（莓米軒🍓）,「開心」是什麼 根本不存在 重度憂鬱症,2025/2/19 14:58,"【活動攝影/表演攝影】@little_cheer_girl_taiwan👑
დ惟婷@weitingnana__",重度憂鬱症,business,
love_meimi_xuan,𝖝𝖚𝖆𝖓დ（莓米軒🍓）,憂鬱症活著就是在慢性自殺 重度憂鬱症,2025/2/19 00:35,"【活動攝影/表演攝影】@little_cheer_girl_taiwan👑
დ惟婷@weitingnana__",重度憂鬱症,business,
love_meimi_xuan,𝖝𝖚𝖆𝖓დ（莓米軒🍓）,"你有憂鬱症喔？看不出來欸？
「給你的愛不夠多 才會憂鬱症？？」
「想太多了 才會憂鬱症？？」
重度憂鬱症",2025/2/18 21:39,"【活動攝影/表演攝影】@little_cheer_girl_taiwan👑
დ惟婷@weitingnana__",重度憂鬱症,business,
love_meimi_xuan,𝖝𝖚𝖆𝖓დ（莓米軒🍓）,"歡迎病友們來追蹤！可以一起來聊聊天🥺🥲
重度憂鬱症",2025/2/18 19:04,"【活動攝影/表演攝影】@little_cheer_girl_taiwan👑
დ惟婷@weitingnana__",重度憂鬱症,business,
love_meimi_xuan,𝖝𝖚𝖆𝖓დ（莓米軒🍓）,"桃園醫院的身心科 有哪一個醫生比較好的嗎？
李璇醫生👩‍⚕️是不是比較好
有病友有看過的嗎？ 重度憂鬱症",2025/2/18 15:48,"【活動攝影/表演攝影】@little_cheer_girl_taiwan👑
დ惟婷@weitingnana__",重度憂鬱症,business,
love_meimi_xuan,𝖝𝖚𝖆𝖓დ（莓米軒🍓）,要如何申請「重大傷病卡」有病友知道怎麼申請的嗎？ 重度憂鬱症,2025/2/18 02:34,"【活動攝影/表演攝影】@little_cheer_girl_taiwan👑
დ惟婷@weitingnana__",重度憂鬱症,business,
love_meimi_xuan,𝖝𝖚𝖆𝖓დ（莓米軒🍓）,誰能懂「我好累」這三個字….. 重度憂鬱症,2025/2/17 21:20,"【活動攝影/表演攝影】@little_cheer_girl_taiwan👑
დ惟婷@weitingnana__",重度憂鬱症,business,
little_k_pan,KK,"我知道輕躁重度憂鬱患者
自殺率最高
但我想用自己的故事
讓你們感受到陪伴與溫暖
你不是一個人
還有我！
我們都要一起好好的
一路上辛苦了
謝謝你撐下來了
#重度憂鬱症 #不要放棄 #你不是一個人 #還有我",2025/12/20 05:33,"美食、旅行、插畫、文創、分享生活
這一生志願只要平凡快樂 誰說這樣不偉大呢
🏫中華醫大 食品營養系
🎂7/1 ♋️巨蟹座 👉ENFJ-T
Tainan . Taiwan
#人生無限公司",重度憂鬱症,business,
little_k_pan,KK,"今天請益媽祖乩身
祂說：「你瀏海蓋住額頭很可惜，換個造型讓額頭露出來。」
我：「蛤…可是我…比較喜歡蓋著，露出來好奇怪」
祂說：「那你可以嘗試偶爾幾天露出額頭，偶爾蓋著，這樣可以吧」
於是我鼓起勇氣
拍了露額頭的照片了🫣
會沒自信😵‍💫
我可能就真的偶爾露一下這樣🫠",2025/12/20 00:06,"美食、旅行、插畫、文創、分享生活
這一生志願只要平凡快樂 誰說這樣不偉大呢
🏫中華醫大 食品營養系
🎂7/1 ♋️巨蟹座 👉ENFJ-T
Tainan . Taiwan
#人生無限公司",重度憂鬱症,business,
little_k_pan,KK,"12/27決定要去爬合歡山
(今年最後一個目標願望)
想要登山攻頂⛰️
買了一件登峰外套
然後莫名就代言了起來🤣
—————-代言分割線——————-
MAJOR MADE
這件防風防潑水
而且透氣之外又保暖
材質耐磨、輕薄、不厚重
價格又親民
平常外出也可以穿
而且穿起來很挺又不怕皺摺
現在實體門市可以試穿
多種顏色可以挑選
——————代言結束—————-
這件我真心覺得好穿
我認真會穿這件去合歡山攻頂
想攻頂挑戰台灣百岳的人
這件很適合入門初心者🤍
#登峰外套 #代言 #台灣百岳 #majormade",2025/12/17 01:38,"美食、旅行、插畫、文創、分享生活
這一生志願只要平凡快樂 誰說這樣不偉大呢
🏫中華醫大 食品營養系
🎂7/1 ♋️巨蟹座 👉ENFJ-T
Tainan . Taiwan
#人生無限公司",重度憂鬱症,business,
little_k_pan,KK,"被說照片太有距離感、太AI感、太修圖感
那就一張「居家照」
簡單樸素版也可以
別再說什麼我只用AI啊
只吃軟體拍照🤣
只要有自信就可以很帥
#居家風 #鄰家男孩 #睡眼惺忪",2025/12/15 03:23,"美食、旅行、插畫、文創、分享生活
這一生志願只要平凡快樂 誰說這樣不偉大呢
🏫中華醫大 食品營養系
🎂7/1 ♋️巨蟹座 👉ENFJ-T
Tainan . Taiwan
#人生無限公司",重度憂鬱症,business,
little_k_pan,KK,"睡一覺起床
粉絲數直接破1.1萬了😱
不到2週時間娞😵‍💫
好啦～真的真的謝謝大家願意看小弟的生活
看我分享故事跟平常在不過的日常
在此一鞠躬
感謝🙏感恩
#粉絲破萬 
#感恩 
#感謝",2025/12/14 13:15,"美食、旅行、插畫、文創、分享生活
這一生志願只要平凡快樂 誰說這樣不偉大呢
🏫中華醫大 食品營養系
🎂7/1 ♋️巨蟹座 👉ENFJ-T
Tainan . Taiwan
#人生無限公司",重度憂鬱症,business,
little_k_pan,KK,"第一次出國搭國際航空
就獻給日本大阪啦～
獨自旅行其實很多挑戰
但也同時要感謝朋友的提醒
第一天總結就是超累
因為前一天在桃園機場沒睡好😵‍💫
第二天是環球影城過萬聖節
#大阪旅行 #大阪城 #天守閣 #出國",2025/12/12 22:51,"美食、旅行、插畫、文創、分享生活
這一生志願只要平凡快樂 誰說這樣不偉大呢
🏫中華醫大 食品營養系
🎂7/1 ♋️巨蟹座 👉ENFJ-T
Tainan . Taiwan
#人生無限公司",重度憂鬱症,business,
little_k_pan,KK,"Float with me, maybe?
如果目光也會游泳
那今天的我在你的水裡漂了一圈
光透過水面
好像什麼都變得柔軟了
#拍攝 
#水面 
#taiwan",2025/12/9 00:01,"美食、旅行、插畫、文創、分享生活
這一生志願只要平凡快樂 誰說這樣不偉大呢
🏫中華醫大 食品營養系
🎂7/1 ♋️巨蟹座 👉ENFJ-T
Tainan . Taiwan
#人生無限公司",重度憂鬱症,business,
xinyu_04.01,xinyu_04.01,"我己經很努力了 但為什麼就是沒人看見
我好累 真的撐不住了
重度憂鬱症",2025/3/10 08:59,憂鬱症日記／聽團／追星／電影,重度憂鬱症,pass,
xinyu_04.01,xinyu_04.01,"時隔半年
再次回去諮商
能跟熟悉的人聊聊
狀態也平穩了一些
還崩潰的哭了出來
希望能撐到下次諮商
憂鬱症日記",2025/3/5 09:03,憂鬱症日記／聽團／追星／電影,重度憂鬱症,pass,
xinyu_04.01,xinyu_04.01,"停藥半年
再次踏入身心科
感覺熟悉又陌生
自己的狀況
也終於被理解
且好好的接住了
憂鬱症日記",2025/3/1 10:09,憂鬱症日記／聽團／追星／電影,重度憂鬱症,pass,
xinyu_04.01,xinyu_04.01,"感謝
@oparistw
@oparistw
善的循環
讓我彌補了沒有去演唱會的遺憾💚
交換紙花的同時，也可以買個甜點
支持有愛的店家， 在台南 ! ! 
蘇打綠二十年一刻巡迴演唱會",2025/2/26 19:09,憂鬱症日記／聽團／追星／電影,重度憂鬱症,pass,
little_k_pan,KK,"新的一年2026
就用這瘋瘋癲癲的笑開始吧
沒有什麼特別偉大的目標
希望可以
笑得更真一點😛
愛上拍立得🤍
この笑顔で
新しい一年を
#newyearmood #hello2026 #crazysmile #拍立得 #笑著過",2026/1/1 19:47,"美食、旅行、插畫、文創、分享生活
這一生志願只要平凡快樂 誰說這樣不偉大呢
🏫中華醫大 食品營養系
🎂7/1 ♋️巨蟹座 👉ENFJ-T
Tainan . Taiwan
#人生無限公司",重度憂鬱症,business,
little_k_pan,KK,"能在今年底看到雪白世界
真的很幸運
有時很喜歡特寫的照片
能記錄下每一個時刻的心情寫照
玩著單眼相機（不是我的😝
感覺也很酷
#不跟風的勇敢 
#雪山 #單眼相機 #特寫 #taiwan",2025/12/29 22:45,"美食、旅行、插畫、文創、分享生活
這一生志願只要平凡快樂 誰說這樣不偉大呢
🏫中華醫大 食品營養系
🎂7/1 ♋️巨蟹座 👉ENFJ-T
Tainan . Taiwan
#人生無限公司",重度憂鬱症,business,
little_k_pan,KK,"本來是想要登頂拿下
人生的第一個百岳
合歡山-北峰
可惜沒預料到雪會這麼多積很高
為了安全起見加上沿路又塞車
決定返回了
雖然沒有達成今年最後的目標
但我卻很幸運的
拿到人生解鎖成就
「在台灣體驗大雪紛飛、積雪超厚」
是可遇不可求的事情呢！
所以今年我很幸運！！
那你們呢？
#合歡山 #下雪 #taiwan #解鎖成就 #幸運",2025/12/28 00:43,"美食、旅行、插畫、文創、分享生活
這一生志願只要平凡快樂 誰說這樣不偉大呢
🏫中華醫大 食品營養系
🎂7/1 ♋️巨蟹座 👉ENFJ-T
Tainan . Taiwan
#人生無限公司",重度憂鬱症,business,
little_k_pan,KK,"人生第一次解鎖🔓
在大雪裡 跟雪人留下回憶
第一次在大雪中停下來
不是趕路 是記住這一刻
原來快樂可以這麼白🤍
Just me,the snow and a memory unlocked ❄️
#人生第一次 
#大雪 
#雪人 
#武陵 
#解鎖夢想清單",2025/12/27 16:05,"美食、旅行、插畫、文創、分享生活
這一生志願只要平凡快樂 誰說這樣不偉大呢
🏫中華醫大 食品營養系
🎂7/1 ♋️巨蟹座 👉ENFJ-T
Tainan . Taiwan
#人生無限公司",重度憂鬱症,business,
little_k_pan,KK,"祝大家聖誕節快樂🎄
如果這一刻很溫柔
那你會不會也想停留一下？
在聖誕的燈光下
我也在慢慢發光
今年學會的不只是變更好
還有更溫柔的看自己
#聖誕節 #merrychristmas #冬天 #成為更好的自己",2025/12/25 03:26,"美食、旅行、插畫、文創、分享生活
這一生志願只要平凡快樂 誰說這樣不偉大呢
🏫中華醫大 食品營養系
🎂7/1 ♋️巨蟹座 👉ENFJ-T
Tainan . Taiwan
#人生無限公司",重度憂鬱症,business,
yun_90.08.17,芸芸•⩊• ྀིྀིྀིྀིྀི,"沒有人真的愛你 除非你頻臨死亡
重度憂鬱症患者",2025/5/4 09:48,"重度憂鬱症患者 重度焦慮症
輕度恐慌症 自律神經失調
每天告訴自己 又活了一天 妳很棒了💖",重度憂鬱症,not_enough_posts,
boin_30,Bo Ni,"想想十年前憂鬱症來的時候
整個人的情緒低落
吃飯也沒什麼味道
自己所有的興趣也沒有了
站在十字路口也找不到方向
晚上睡覺也睡不著
朝早也不想起身
憂鬱症是對手，不是病
精神病",2024/11/12 14:50,"emo寶 可愛的憂鬱按摩師
要按摩幫我衝業績可以點下面連結❤️",重度憂鬱症,business,
boin_30,Bo Ni,"對於憂鬱症的患者來說，光是能起床就很棒了。
你知道那種全身裝滿鉛塊的感覺嗎？ 發作時，光是起床就要動員全身的力氣。
所以不要再說我們那天什麼都沒做、很懶了。
光是活著就很累。
重度憂鬱症",2024/11/12 14:50,"emo寶 可愛的憂鬱按摩師
要按摩幫我衝業績可以點下面連結❤️",重度憂鬱症,business,
boin_30,Bo Ni,"焦慮症好像最近突然又變嚴重了。
會突然莫名的覺得 窒息 呼吸困難 恐慌 掉眼淚
吃藥的話，又會開始昏昏沈沈想睡覺。
🦈最近很忙，他要考試了。
我必須要自己想辦法才行，我可以做到的！",2024/11/11 14:26,"emo寶 可愛的憂鬱按摩師
要按摩幫我衝業績可以點下面連結❤️",重度憂鬱症,business,
boin_30,Bo Ni,"感覺很多人都誤會憂鬱症
憂鬱症是一種心理疾病 需要吃藥搭配運動或是心理諮商 才有可能慢慢好起來
也有可能不會好  只能吃藥控制
導致的原因有很多 自律神經失調 心理創傷 原生家庭 等等
不是你們口中說的 不要想那麼多 不要那麼敏感 不要那麼玻璃心 就可以輕易做到
如果可以的話 誰想要生病呢
可以的話誰不想要不在乎別人的看法 過去發生的事都可以雲淡風輕
如果可以那麼簡單的話 誰想要吃藥 
每天晚上輾轉難眠  嚴重的時候沒有動力起床喝水甚至吃飯 洗澡 也有困難 出門上課都有問題
整夜枕頭都是被淚水浸濕的
如果沒有經歷過 就不要大放厥詞 
很殘忍",2024/11/11 14:25,"emo寶 可愛的憂鬱按摩師
要按摩幫我衝業績可以點下面連結❤️",重度憂鬱症,business,
boin_30,Bo Ni,"有位心理治療師說過，
「找一個會擁抱你情緒、理解你內心、疼愛你、陪伴你的人。找一個和你一起成長而不是只會說大道理的人。找一個你疲累時會抱著你、讓你感到充電的人。找一個情緒比你穩定的人，在你跌倒時接得住你的人。」",2024/11/11 14:25,"emo寶 可愛的憂鬱按摩師
要按摩幫我衝業績可以點下面連結❤️",重度憂鬱症,business,
boin_30,Bo Ni,"親愛的，換季憂鬱真的很難受對嗎？
但這個過程快結束了唷
如果覺得想哭就哭、想見誰就見誰
沒力氣就休息一下，只前進1步、半步也沒關係
晴朗的時候出去曬曬太陽、抬頭看看天空
陰天的時候聽聽音樂、動動身體，手指也可以
看看書、看看電影、摸摸貓、發個呆也可以
你已經很棒了，不要對自己太過於苛刻
我們都愛你🤍",2024/11/11 14:25,"emo寶 可愛的憂鬱按摩師
要按摩幫我衝業績可以點下面連結❤️",重度憂鬱症,business,
boin_30,Bo Ni,"2024.11.11
我有憂鬱症。
自己察覺有，但醫療證明，沒有。
好幾次想確認是不是自己想太多，畢竟情緒不好看什麼都是悲觀的，於是多次上網搜尋憂鬱症量表，每次測出來不是抑鬱、就是憂鬱程度紅色警告。
為什麼不找心理諮商？現在社會進步的很快、思想也很開放，但大家對憂鬱症似乎還是很不友善，要進入診所、身心科或是心理諮詢，還是會有一股濃濃的強烈感襲來，那種嫌棄厭惡的強烈感，雖然我沒有嘗試過，光是這種預知心理就已經跨不過這道坎，想必不少人也跟我一樣吧。
壞情緒大多是給你個出其不意，上一秒還很平靜、下秒馬上掉到谷底，不分日夜、不分時段，只要他想出現，你就只能接受。對於我們，總是難受的胸口疼痛、呼吸困難，傷口縫了又開、開了又縫，十幾年都是這樣艱難的自己撐過去。
極度社恐又很隱藏自己心情的我為什麼選擇說出來？無非是無數次發作中的其中一次而已，但就是最近被折磨的特別累。
真的好痛苦。",2024/11/11 14:25,"emo寶 可愛的憂鬱按摩師
要按摩幫我衝業績可以點下面連結❤️",重度憂鬱症,business,
boin_30,Bo Ni,"你要寫躁鬱症
就不能只寫躁鬱症
你要寫她忽高忽低的情緒
你要寫她佈滿疤痕的手臂
你要寫她吃不完的藥 看不完的單子 藥物的副作用
你要寫令人恐懼的幻覺幻聽
你要寫總被噩夢驚醒的深夜
你要寫她手抖抑鬱的痛
你要寫她心痛抽搐的累
你要寫她頭暈頭痛焦慮的藥物副作用
你要寫她哭到紅腫的雙眼
你要寫她孤獨無助的痛苦 
你要寫她深夜痛哭眼角的痕 
寫她反反复復的抑鬱焦慮亢奮 
寫她痛苦的短短的一生",2024/11/11 14:24,"emo寶 可愛的憂鬱按摩師
要按摩幫我衝業績可以點下面連結❤️",重度憂鬱症,business,
boin_30,Bo Ni,＂愛意這麼明顯怎麼適合做朋友＂,2024/11/8 16:49,"emo寶 可愛的憂鬱按摩師
要按摩幫我衝業績可以點下面連結❤️",重度憂鬱症,business,
boin_30,Bo Ni,"我要好好地跟我憂鬱症共存
一起生活
一起成長
憂鬱症",2024/11/8 16:16,"emo寶 可愛的憂鬱按摩師
要按摩幫我衝業績可以點下面連結❤️",重度憂鬱症,business,
boin_30,Bo Ni,"有時候會想 活著真的很重要嗎
活著的意義又是什麼呢
活著只會一直迎來不斷的責罵
整天開導別人不要多想
而我就像個神經病一樣一直傷害自己
我看起來很快樂嗎
並沒有
我只是 不想那麼多人擔心我
我像個累贅
每個人都要照顧到我的情緒
太麻煩了 我太麻煩了
他們一定會這樣想的
所以我盡我所能的把自己表現得很開心
可是現在大家都覺得我很開朗 很活潑
我卻突然覺得好累
不想偽裝了
你們讓我做自己
可是後來你們都開始討厭我
說我玻璃心太容易碎
可是 這就是原本的我啊
憂鬱症",2024/11/8 16:15,"emo寶 可愛的憂鬱按摩師
要按摩幫我衝業績可以點下面連結❤️",重度憂鬱症,business,
boin_30,Bo Ni,"今天回診，如預料中的加了劑量，醫生也說對藥物反應不好的話，可以考慮諮商或rTMS。
睡前放下手機後，又該該叫、不舒服、好像想掏出心臟一樣的哭，雖然很短，可是好不舒服，絕望、痛苦。
憂鬱症",2024/11/8 16:15,"emo寶 可愛的憂鬱按摩師
要按摩幫我衝業績可以點下面連結❤️",重度憂鬱症,business,
boin_30,Bo Ni,有沒有脆友和我一樣吃身心科開的藥越來越胖的😖精神疾患,2024/11/8 16:14,"emo寶 可愛的憂鬱按摩師
要按摩幫我衝業績可以點下面連結❤️",重度憂鬱症,business,
boin_30,Bo Ni,"：剛剛遇到一個男的
然後他跟我說大腿給他摸一下
給我一杯奶茶
這年頭真是什麼人都有
（奶茶真好喝
工作日常",2024/11/8 16:14,"emo寶 可愛的憂鬱按摩師
要按摩幫我衝業績可以點下面連結❤️",重度憂鬱症,business,
boin_30,Bo Ni,每晚都在掉眼淚 最近真的很糟糕,2024/11/8 15:27,"emo寶 可愛的憂鬱按摩師
要按摩幫我衝業績可以點下面連結❤️",重度憂鬱症,business,
boin_30,Bo Ni,“去把女朋友養漂亮 而不是刻意找漂亮的女朋友”,2024/11/8 15:26,"emo寶 可愛的憂鬱按摩師
要按摩幫我衝業績可以點下面連結❤️",重度憂鬱症,business,
boin_30,Bo Ni,我要怎麼證明我很痛苦呢,2024/11/8 15:26,"emo寶 可愛的憂鬱按摩師
要按摩幫我衝業績可以點下面連結❤️",重度憂鬱症,business,
boin_30,Bo Ni,"我有預感
滑到這篇文的人
過不久
一定會遇到一個
懂你！疼你！且更好的人~！",2024/11/8 15:25,"emo寶 可愛的憂鬱按摩師
要按摩幫我衝業績可以點下面連結❤️",重度憂鬱症,business,
boin_30,Bo Ni,"好累，感覺溺在水裡。雖然工作看著孩子很可愛，可是心底還是會大大的嘆息「為什麼我還活著」
我不討厭冬天，但討厭冬天帶給我的低氣壓。
憂鬱症",2024/11/8 15:24,"emo寶 可愛的憂鬱按摩師
要按摩幫我衝業績可以點下面連結❤️",重度憂鬱症,business,
boin_30,Bo Ni,通常愛愛完第一句話是什麼?,2024/11/8 15:19,"emo寶 可愛的憂鬱按摩師
要按摩幫我衝業績可以點下面連結❤️",重度憂鬱症,business,
boin_30,Bo Ni,"從幾個月前開始
身心狀態跌落到一個極低谷
決定離職休息好好調整狀態
決定開始寫我的焦慮日記
持續記錄到能戒掉安眠藥與抗焦慮藥為止
今晚又是一個吞了兩次藥還是深陷在無盡思緒無法入眠的深夜煎熬中。
只想告訴自己，加油吧
從願意坦誠，說出來開始
這就是第一步
我知道以現在的能量我走不快
但我會慢慢的，一步一步，往前走的
失眠 #焦慮",2024/11/7 17:58,"emo寶 可愛的憂鬱按摩師
要按摩幫我衝業績可以點下面連結❤️",重度憂鬱症,business,
boin_30,Bo Ni,"Hi 和我一樣有憂鬱情緒的人
當你感到難過的時侯，
並不是代表你不夠堅強，
而只是需要讓身心休息一下。🫶",2024/11/7 17:58,"emo寶 可愛的憂鬱按摩師
要按摩幫我衝業績可以點下面連結❤️",重度憂鬱症,business,
boin_30,Bo Ni,很多人很怕憂鬱症藥物的副作用因而選擇不吃藥，我面對副作用的方法就是忍住、撐著，雖然很辛苦，但我不能沒有藥物，這只會讓我的憂鬱症更嚴重，我不想過著像活死人的生活，所以我選擇撐著過日子，也許是撐太久了，昨天才會做了那場夢。,2024/11/7 17:45,"emo寶 可愛的憂鬱按摩師
要按摩幫我衝業績可以點下面連結❤️",重度憂鬱症,business,
boin_30,Bo Ni,"自從得了 重度憂鬱症  以後，不出門不洗澡好像變成一種日常；上一次出門是上週四，而我也整整一週沒有洗漱，在家活得就像是家裡一處積灰的家具，不需餵養光照。
是的，我生病了，而且已經病了整整一年。沒有工作的日子，讓我突然也失去重心，無所適從，現在仍在放無薪假中。
不曉得從哪裡來的勇氣，決定把這一篇獻出，當作我的處女脆；也許我需要更多的勇氣來檢視我的傷口，用書寫療傷。",2024/11/7 15:50,"emo寶 可愛的憂鬱按摩師
要按摩幫我衝業績可以點下面連結❤️",重度憂鬱症,business,
boin_30,Bo Ni,"有一次在教室我拿寶特瓶打自己的頭
跟同學介紹我在公園學的鐵頭功
同學都很好奇真的假的
於是有個同學拿用來擋教室門的磚頭二話不說往我頭上砸下來
我因為這樣頭縫了三十多針
我昏迷一個月，總共住院半年多
但那個男同學也因此被我爸媽告
最後對方家裡賣車賣房到處借錢賠了一千三百多萬
於是我家裡經濟狀況也好起來了
賺錢真的沒那麼難
重點只在於你願不願意用頭腦",2024/11/6 16:47,"emo寶 可愛的憂鬱按摩師
要按摩幫我衝業績可以點下面連結❤️",重度憂鬱症,business,
boin_30,Bo Ni,"我曾經有一個朋友
突然失聯一陣子
後來又聯繫上了
他告訴我失聯是因為
得了重度憂鬱症吃芳香劑自殺
我回他
「真的假的！芳香劑好吃嗎？」
就我是真的很好奇
但我也不敢吃
想說他吃過了那問問他感受
我真的不是故意的🙂
*上一篇留言希望我維持原本相處模式的
真的要確定餒",2024/11/6 16:46,"emo寶 可愛的憂鬱按摩師
要按摩幫我衝業績可以點下面連結❤️",重度憂鬱症,business,
boin_30,Bo Ni,人只要承受過一次重大傷害時 後面遇到的人事物 內心都不再有任何波瀾。,2024/11/5 13:16,"emo寶 可愛的憂鬱按摩師
要按摩幫我衝業績可以點下面連結❤️",重度憂鬱症,business,
boin_30,Bo Ni,我到底怎麼了…我好像在享受這種心痛的感覺…我怕痛。但又好喜歡自己滿身是傷是血的樣子。,2024/11/5 13:13,"emo寶 可愛的憂鬱按摩師
要按摩幫我衝業績可以點下面連結❤️",重度憂鬱症,business,
boin_30,Bo Ni,我是一個矛盾的人…缺乏愛渴望愛但又一次次把那些我明明愛的人推的更遠…,2024/11/5 13:11,"emo寶 可愛的憂鬱按摩師
要按摩幫我衝業績可以點下面連結❤️",重度憂鬱症,business,
boin_30,Bo Ni,"救我。
我真的好想活下來
拜託誰來跟我說點值得讓我活下來的話
雞湯也沒關係
我快要支撐不住了
對不起這樣求救，但我真的要支撐不住了
精神疾患",2024/11/5 12:58,"emo寶 可愛的憂鬱按摩師
要按摩幫我衝業績可以點下面連結❤️",重度憂鬱症,business,
boin_30,Bo Ni,"當女生說 不行了不要了
就是要你加速衝刺啊..🫠
到底懂不懂啊…",2024/11/5 12:57,"emo寶 可愛的憂鬱按摩師
要按摩幫我衝業績可以點下面連結❤️",重度憂鬱症,business,
boin_30,Bo Ni,"這感覺已經不對 我努力在挽回。
請接",2024/11/5 12:53,"emo寶 可愛的憂鬱按摩師
要按摩幫我衝業績可以點下面連結❤️",重度憂鬱症,business,
boin_30,Bo Ni,Rip,2024/11/5 12:52,"emo寶 可愛的憂鬱按摩師
要按摩幫我衝業績可以點下面連結❤️",重度憂鬱症,business,
boin_30,Bo Ni,不知道為什麼人活的越久越不快樂,2024/11/5 12:52,"emo寶 可愛的憂鬱按摩師
要按摩幫我衝業績可以點下面連結❤️",重度憂鬱症,business,
boin_30,Bo Ni,愛的定義到底是什麼？,2024/11/5 12:41,"emo寶 可愛的憂鬱按摩師
要按摩幫我衝業績可以點下面連結❤️",重度憂鬱症,business,
little_k_pan,KK,"有些時候
我會用一個眨眼、比個 ✌️
把世界先擋在鏡頭外
看起來好像很輕鬆
好像什麼都還過得去
其實只是學會
在自己的節奏裡呼吸
不是每天都要很用力
能好好站著、整理自己
就已經很不容易了
———分割線(給和我一樣的人)———
我的藥量…已經是抗憂鬱藥的最高了
但我只想說
我還在努力生活
也沒有放棄追逐更好的自己
如果你也跟我一樣
是重度憂鬱症(躁鬱、輕度、中度都行)
或許你能從我這裡
看到一束光
你不是一個人
那種每天很無力的感受
真的沒有消失過🥲
但我試著把它轉化成
「這也是一種體驗」
鼓勵自己
用這樣的心態活看看
我們能負重前行
還能面帶微笑、打理好自己
這本身就是
超級無敵了不起的事
所以我們得到的成果
更要放大百倍
好好表揚自己
總之
我們都辛苦了 🤍",2026/1/6 17:37,"美食、旅行、插畫、文創、分享生活
這一生志願只要平凡快樂 誰說這樣不偉大呢
🏫中華醫大 食品營養系
🎂7/1 ♋️巨蟹座 👉ENFJ-T
Tainan . Taiwan
#人生無限公司",中度憂鬱症,business,
little_k_pan,KK,"不想上班🫠
這是一個體驗一天當社畜的上班族
無法想像工程師的工作有多壓抑
真的辛苦大家了🥹
這生活我無法
我還是乖乖當老闆好了
來！我不知道大家的認定AI標準下線在哪？我先說
這是背景用AI合成的喔！不要再亂噴囉
人是我！動作是我！臉是我！衣服是我（只有背景不是
#體驗 #ai #辛苦了",2026/1/5 16:48,"美食、旅行、插畫、文創、分享生活
這一生志願只要平凡快樂 誰說這樣不偉大呢
🏫中華醫大 食品營養系
🎂7/1 ♋️巨蟹座 👉ENFJ-T
Tainan . Taiwan
#人生無限公司",中度憂鬱症,business,
little_k_pan,KK,"被很多人說我的側臉很電
其實只是因為我不太習慣正臉迎人
有點害羞也有點不自在
所以我選擇用另一種方式靠近
最近情緒比較低落
憂鬱情緒停留的時間(好像比以前久了一些)
我正在練習的不是趕走它
而是慢慢學會陪著它
情緒沒有好壞
只有發生
當我願意對這樣的自己溫柔一點
生活也好像跟著輕了一點
希望我的笑容
能同時溫暖你也溫暖我 🤍
我們都在自己的步調裡
好好走著
#我們都要好好的 #憂鬱症 #正向 #陽光 #好好愛自己",2026/1/4 07:19,"美食、旅行、插畫、文創、分享生活
這一生志願只要平凡快樂 誰說這樣不偉大呢
🏫中華醫大 食品營養系
🎂7/1 ♋️巨蟹座 👉ENFJ-T
Tainan . Taiwan
#人生無限公司",中度憂鬱症,business,
little_k_pan,KK,"我好像真的
對那種把細節做到剛剛好的人
不張揚的用心
情緒價值給的剛好的人
真的很犯規
沒有抵抗力🫣
那些被放在心上的細節
好暈啊😵‍💫
感覺把弱點講出來了😛
#細節 #情緒價值 #危險 #平易近人 #taiwanboy",2026/1/2 17:25,"美食、旅行、插畫、文創、分享生活
這一生志願只要平凡快樂 誰說這樣不偉大呢
🏫中華醫大 食品營養系
🎂7/1 ♋️巨蟹座 👉ENFJ-T
Tainan . Taiwan
#人生無限公司",中度憂鬱症,business,
psy_doc_brain,PSY_DOC,"應該先政府經費買個三台NIRS ，放在北中南各一台，篩選出其實藥物可以治療、但是卻被錯誤診斷是「頑固性憂鬱症的躁鬱症患者」。
這些患者其實在青少年憂鬱症中佔有不低的比例，然後再把心理治療資源給那些真正需要的「創傷型憂鬱症患者」。
把藥物可以治療好的單純「體質性憂鬱症」、「躁鬱症前期」、「偽頑固性憂鬱症」患者推去心理治療，我覺得其實是一種「凌遲」，因為這些患者真的就不知道自己到底為什麼會憂鬱，而且通常病情好了也沒有什麼心理議題需要處理….
作家老黑跟我說，他看了五個精神科醫師，前面四個都說他是憂鬱症。最後一位rTMS治療無效後，還有醫師還叫他去作心理諮商學正念…
最近一個NIRS 波型是躁鬱症的「頑固性憂鬱症」年輕患者跟我說，看了他多年的醫師跟他說他不是躁鬱症，因為他從沒有躁或是輕躁過，但是患者在rTMS第六次治療時就high了起來⋯⋯
然後回想起以前自己曾經也有這樣的感覺
#不是不躁只是時候未到
tw.news.yahoo.com
/衛福部心理諮商補助-年輕族群心理健康支持方案-年輕族群心理健康支持方案心理諮商服務機構名單-051217513.html",2025/8/3 09:45,"🏫竹北某身心科診所所長
🧠腦科學、身心醫學、創傷心理學
🎓陽明醫學系、哈佛碩士、東京大學博士後研究員
👨🏻‍⚕️Editor: Frontiers in Psychiatry
📌教育部部定講師
🎉不回私人訊息或是醫療諮詢",中度憂鬱症,business,
psy_doc_brain,PSY_DOC,"容易被誤判的憂鬱症，第四型躁鬱症
此類患者通常在憂鬱症病發前，有⾼昂型性格：精⼒充沛 ，幹勁⼗⾜ 、有抱負 、⾃信且在事業上有成就的⼈ 。 此類患者 ，其憂鬱症多出現於成年期 ，美國國家精神衛⽣院有個針對重鬱症患者 1 1年的追踪研究 ，發現生病前有上述個性者 ，後來極易發展成第二型雙極性疾患。
這⼀型躁鬱症患者⼜被稱作偽「單極性憂鬱疾患」 ， 表⾯上只有憂鬱發作 ，但實際上卻有雙極性的體質 。
國外躁鬱症大師Akiskal 教授把它歸類為
「第四型躁鬱症」
這類患者通常吃抗憂鬱藥物效果不佳，合併情緒穩定劑才會顯著改善。
根據DSM-5系統，大概只能診斷為第二型躁鬱症或是未明示的躁鬱症。",2025/8/3 09:13,"🏫竹北某身心科診所所長
🧠腦科學、身心醫學、創傷心理學
🎓陽明醫學系、哈佛碩士、東京大學博士後研究員
👨🏻‍⚕️Editor: Frontiers in Psychiatry
📌教育部部定講師
🎉不回私人訊息或是醫療諮詢",中度憂鬱症,business,
psy_doc_brain,PSY_DOC,"6本星巴克禮券的故事..
做了rTMS、心理治療、仍然持續憂鬱兩年的女性，每每都提醒我正確診斷的重要。
患者每次回診，都會給我一本星巴克禮券，從每個月一次、每三個月一次、現在是半年回診一次了。",2025/8/2 17:05,"🏫竹北某身心科診所所長
🧠腦科學、身心醫學、創傷心理學
🎓陽明醫學系、哈佛碩士、東京大學博士後研究員
👨🏻‍⚕️Editor: Frontiers in Psychiatry
📌教育部部定講師
🎉不回私人訊息或是醫療諮詢",中度憂鬱症,business,
psy_doc_brain,PSY_DOC,"Emotional flashback（情緒閃回）是創傷後壓力症候群（尤其是複雜性創傷後壓力症候群，C-PTSD）中常見的一種症狀：
在沒有明顯外在創傷刺激的情況下，個體突然陷入強烈的情緒反應，這些反應實際上來自過去創傷經驗的情緒記憶，而非當下的情境。
✅ 常見表現
•	覺得自己「被否定」、「沒人愛」、「都是我不好」的情緒突然湧現
	•	無法控制地哭泣、焦慮、退縮，或想逃避人群
	•	對某句話、某個臉色或小事反應過度（例如伴侶晚回家，會感覺自己被遺棄）
	•	腦袋空白、身體緊繃、僵住、出現冷汗或呼吸困難
	•	想到「我不值得活下去」，雖然當下客觀並沒有危險
✅ 可能觸發因素
•	他人的語氣、表情（像過去的控制或忽視者）
	•	某些場景、聲音、氣味（不知為何就「不舒服」）
	•	面對權威、衝突、批評
	•	親密關係中的爭吵、拒絕、冷漠",2025/7/29 16:32,"🏫竹北某身心科診所所長
🧠腦科學、身心醫學、創傷心理學
🎓陽明醫學系、哈佛碩士、東京大學博士後研究員
👨🏻‍⚕️Editor: Frontiers in Psychiatry
📌教育部部定講師
🎉不回私人訊息或是醫療諮詢",中度憂鬱症,business,
psy_doc_brain,PSY_DOC,"父母心理創傷造成的影響，會不會遺傳給下一代？
可能會，父母的心理創傷確實可能透過多種機制影響下一代，這種影響雖不全是「基因上的遺傳」，但可能會透過「跨世代傳遞」（intergenerational transmission）以生理、心理與行為方式機制傳下去。
1. 表觀遺傳學（Epigenetics）：
創傷可能改變父母的基因表達方式（如DNA甲基化），這些變化不改變DNA序列本身，卻可透過精子或卵子傳給下一代，然而此變化對兒女的身心影響目前未知。
2. 懷孕與胎兒期壓力：
懷孕期間母親若經歷創傷或高度壓力，壓力荷爾蒙可能透過胎盤影響胎兒的發育，增加未來罹患情緒障礙的風險。
3. 教養方式與情緒模式：
創傷經歷可能讓父母在情感表達、教養態度上出現困難，例如過度焦慮、迴避、情緒不一致，甚至出現情緒冷漠或過度控制，這會影響孩子的依附風格與自我價值。這些心理模式與創傷行為會在家庭中無形複製，成為一種「情緒文化」。
4. 家庭氛圍與社會環境：
家庭若充滿衝突、暴力、冷漠或過度保護，也會影響孩子的大腦結構與情緒發展。可能以「隱形沉默的傷」形式影響下一代的心理安全感與身份認同。",2025/7/29 10:28,"🏫竹北某身心科診所所長
🧠腦科學、身心醫學、創傷心理學
🎓陽明醫學系、哈佛碩士、東京大學博士後研究員
👨🏻‍⚕️Editor: Frontiers in Psychiatry
📌教育部部定講師
🎉不回私人訊息或是醫療諮詢",中度憂鬱症,business,
psy_doc_brain,PSY_DOC,"一位在某醫院🏥長期看診的反覆發作的憂鬱症患者來這邊就醫。
三等親內滿滿的重大精神病家族史/自S史，以及特殊的臨床反應：打了某牌長效針一兩週內都會掉到重度憂鬱。
讓我懷疑她其實是第二型躁鬱症。
加了抗憂鬱的lamotrigine 後症狀穩定，請她回原醫院就醫，因為她有身心障礙手冊，需要定期回醫院看診才能在維持原本的福利。
兩週後她又回來了，說只要拿lamotrigine 就好，因為原本的醫師不認同我的診斷，拒絕幫忙開。
於是她為了讓自己穩定，只能兩邊看診。
兩週前她又再度重鬱發作跑來，因為她又被打了一隻長效針。
於是就留在我這邊治療一個月。
「X醫院我以後不會在那邊看了，手冊對我來說也沒有意義，有良好的身心生活品質比較重要。」
「妳要確喔！」",2025/7/28 00:18,"🏫竹北某身心科診所所長
🧠腦科學、身心醫學、創傷心理學
🎓陽明醫學系、哈佛碩士、東京大學博士後研究員
👨🏻‍⚕️Editor: Frontiers in Psychiatry
📌教育部部定講師
🎉不回私人訊息或是醫療諮詢",中度憂鬱症,business,
psy_doc_brain,PSY_DOC,"目前有些抗憂鬱藥物，作用機轉的整理：
Serotonin（血清素）
● 認知功能：
	•	調節注意力與工作記憶
	•	幫助認知靈活度與抑制衝動
	•	參與感知處理（如痛覺）
● 情緒功能：
	•	調節情緒穩定（與憂鬱、焦慮相關）
	•	增強正向情緒、降低攻擊性與焦慮
	•	血清素不足與憂鬱症有關
Dopamine（多巴胺）
● 認知功能：
	•	動機、強化學習
	•	工作記憶與決策能力
	•	注意力與執行功能
● 情緒功能：
	•	快樂、愉悅
	•	缺乏與低落、憂鬱、無動機有關
Norepinephrine（正腎上腺素）
● 認知功能：
	•	提升覺醒狀態與注意力
	•	幫助記憶鞏固與訊息處理速度
	•	提高對外在刺激的反應靈敏度
● 情緒功能：
	•	壓力應對
	•	協助處理焦慮與警覺狀態
	•	專注力不集中、低能量（如憂鬱）
NMDA
● 認知功能：
	•	與學習與記憶形成密切相關
	•	調控神經可塑性與突觸形成
	•	影響注意力與思考彈性
● 情緒功能：
	•	功能異常被認為與憂鬱症、精神症狀（如解離、幻覺）有關",2025/7/27 10:03,"🏫竹北某身心科診所所長
🧠腦科學、身心醫學、創傷心理學
🎓陽明醫學系、哈佛碩士、東京大學博士後研究員
👨🏻‍⚕️Editor: Frontiers in Psychiatry
📌教育部部定講師
🎉不回私人訊息或是醫療諮詢",中度憂鬱症,business,
psy_doc_brain,PSY_DOC,"「Post-election syndrome」（選舉後症候群 / 選舉症候群）並非一個正式的精神醫學診斷，但這個詞經常被用來描述選舉過後，尤其是在政治情勢高度對立或結果出人意料時，民眾出現的一系列情緒與心理反應。
🎯可能出現的症狀
Post-election syndrome 是指在選舉結束後，特定族群或個人所經歷的情緒困擾與心理壓力，包括：
	•	焦慮不安
	•	憂鬱低落
	•	憤怒或無力感
	•	失眠或自律神經失調症狀
	•	對未來失去希望
	•	社會退縮或人際衝突增加
這些症狀有時會在支持的候選人落選後加劇，但即使勝選一方的支持者，也可能因對政局的擔憂、社會分裂或媒體氛圍而出現困擾。
🧠 心理方面的原因
心理機轉，可能包括：
	•	認同與價值觀的打擊
	•	社會歸屬感被挑戰
	•	政治局勢的不確定性引發焦慮
	•	媒體與社群平台的情緒感染效應
⸻
🛠️ 建議
	•	限制媒體與社群平台暴露時間
	•	維持日常作息與自我照顧
	•	與志同道合的人交流情緒
	•	尋求心理諮商資源
	•	轉化為行動，如參與社會運動或社區事務",2025/7/27 06:58,"🏫竹北某身心科診所所長
🧠腦科學、身心醫學、創傷心理學
🎓陽明醫學系、哈佛碩士、東京大學博士後研究員
👨🏻‍⚕️Editor: Frontiers in Psychiatry
📌教育部部定講師
🎉不回私人訊息或是醫療諮詢",中度憂鬱症,business,
psy_doc_brain,PSY_DOC,"一位初診患者說他的憂鬱症發作是因為吃抗憂鬱藥物誘發的。
這是所謂的「矛盾效應（paradoxical effect）」：
本來預期抗憂鬱藥能減輕憂鬱、焦慮情緒，但少數人服用後卻出現以下情況：
🎯情緒惡化：憂鬱症狀不減反增，甚至絕望、無助感加劇。
🎯自S風險上升
	•	特別是在起始服藥的前幾週，有些尤其是青少年會出現自S意念或自S行為增加的情形。
🎯激動、焦躁或躁症出現
	•	出現焦躁不安、失眠、激動、衝動。
🎯焦慮加重
	•	某些SSRI/SNRI類抗憂鬱劑一開始可能會讓人更焦慮，需搭配抗焦慮藥短期緩解。
💊可能原因：
1. 缺的其實是多巴胺：大腦中5-HT2A、5-HT2C受器被血清素藥物活化、導致多巴胺降低、變得更憂鬱、感覺更平淡、覺得腦筋很頓。
2. 服藥初期腦中5-HT1A受體尚未達到穩定平衡。
3. 原本有潛藏的躁鬱症體質。
4. 基因：特別是5-HTTLPR基因（SS)有關。
5. 力氣恢復、但是心還是憂鬱，所以有執行力了。
發生率很低，不用擔心，通常在服藥前兩週發生，所以一開始藥物使用建議低劑量、一週回診、然後要仔細評估患者是否有潛在躁鬱症體質。",2025/7/25 01:06,"🏫竹北某身心科診所所長
🧠腦科學、身心醫學、創傷心理學
🎓陽明醫學系、哈佛碩士、東京大學博士後研究員
👨🏻‍⚕️Editor: Frontiers in Psychiatry
📌教育部部定講師
🎉不回私人訊息或是醫療諮詢",中度憂鬱症,business,
psy_doc_brain,PSY_DOC,"一位憂鬱復發的老患者，rTMS作了第七次後不想繼續治療
請假兩次後，還是來了
據說是被家人帶去廟裡問神明
神明指示下她才願意回來繼續做治療了
神明都替我背書了
應該沒問題…..👌
神明認證get ！",2025/7/24 20:28,"🏫竹北某身心科診所所長
🧠腦科學、身心醫學、創傷心理學
🎓陽明醫學系、哈佛碩士、東京大學博士後研究員
👨🏻‍⚕️Editor: Frontiers in Psychiatry
📌教育部部定講師
🎉不回私人訊息或是醫療諮詢",中度憂鬱症,business,
psy_doc_brain,PSY_DOC,"還記得當年在榮總住院醫師第二年，在同學邀約下，寫了醫師國考題庫詳解考試書，順便唸英文教科書。
意外地，此系列書籍，成為國內外醫學系學生（包括波西捷克生）醫師國考考試的必備書。
10年來，每兩年更新一次，每年銷售2000-3000本，聽出版社說還有出盜版的。
累積應該有快1.5萬個醫師讀者吧⋯⋯
今天一位最近考完試的學生，在診所的Google評論留下他的書評…..
感謝我的書讓他今年只錯一題
汗顏😓我在寫詳解時錯三題欸…",2025/7/23 22:54,"🏫竹北某身心科診所所長
🧠腦科學、身心醫學、創傷心理學
🎓陽明醫學系、哈佛碩士、東京大學博士後研究員
👨🏻‍⚕️Editor: Frontiers in Psychiatry
📌教育部部定講師
🎉不回私人訊息或是醫療諮詢",中度憂鬱症,business,
psy_doc_brain,PSY_DOC,"不少憂鬱症患者、特別是慢性反覆憂鬱症患者、難治性憂鬱症患者，來我這邊就診時，60%得到可能是躁鬱症（體質）的診斷，但是回去看原本的主治醫師，常常得到的回應是：
「我看你沒有輕躁或躁的症狀，應該不是！」
「周醫師治療不好的憂鬱症，最喜歡診斷是躁鬱症了。」
但是事實是，第二型躁鬱症的診斷其實並不容易，照DSM系統問問三分鐘不符合輕躁症就沒事。
我評估患者可能是否其實是潛在的躁鬱症，是根據哈佛麻州總醫院Dr Sach 2015年刊登在國際期刊的量表，根據患者的發病特徵、發病年齡、疾病病程與用藥反應、還有家族史總和評估，會得到一個分數。
加上我自己會多問童年創傷史，還有爸媽的個性/行為模式是否可能像躁鬱症（因為上一代多半就診率低）。
通常》40分就有可能是躁鬱症體質，50分以上90%就是了。
評估表，我翻譯後整理成圖檔，並且把部分內容修改成白話一點讓患者能夠理解。
如果你/妳本身或周遭的人深受慢性的憂鬱症所苦，可以請他看一下，是否可能是潛在的躁鬱症，通常換個藥，可能整個病情會大大變化。",2025/7/22 12:49,"🏫竹北某身心科診所所長
🧠腦科學、身心醫學、創傷心理學
🎓陽明醫學系、哈佛碩士、東京大學博士後研究員
👨🏻‍⚕️Editor: Frontiers in Psychiatry
📌教育部部定講師
🎉不回私人訊息或是醫療諮詢",中度憂鬱症,business,
psy_doc_brain,PSY_DOC,"一位醫學中心診斷為難治性憂鬱症患者前來求診，一開始看藥單，每天吃了七顆抗憂鬱藥物：三顆SSRI、三顆SNRI、一顆NDRI、一顆抗精神病藥物，仍然持續憂鬱、無力躺床、腦霧、嗜睡，可以想像他的醫師努力在幫助她。
經過各種仔細評估後，發現她其實不是憂鬱症，加上情緒穩定劑後，兩個多月以來，在穩定情緒中，抗憂鬱藥物減到只剩SNRI兩顆、即使中間偶爾還是會出現「輕躁期」，為了避免以後會太躁，今天我們持續進行減藥的步伐。",2025/7/21 23:08,"🏫竹北某身心科診所所長
🧠腦科學、身心醫學、創傷心理學
🎓陽明醫學系、哈佛碩士、東京大學博士後研究員
👨🏻‍⚕️Editor: Frontiers in Psychiatry
📌教育部部定講師
🎉不回私人訊息或是醫療諮詢",中度憂鬱症,business,
psy_doc_brain,PSY_DOC,「這段復原的旅程可能比預期的慢，但切記，你從未原地踏步。每一次的喘息，其實都是一種進步。」,2025/7/21 08:19,"🏫竹北某身心科診所所長
🧠腦科學、身心醫學、創傷心理學
🎓陽明醫學系、哈佛碩士、東京大學博士後研究員
👨🏻‍⚕️Editor: Frontiers in Psychiatry
📌教育部部定講師
🎉不回私人訊息或是醫療諮詢",中度憂鬱症,business,
psy_doc_brain,PSY_DOC,"你心目中的憂鬱症應該是什麼樣子？
樂觀的人就不會得憂鬱症嗎？
老黑是一個旅遊作家、也是台灣最早FIRE的實踐家，個性開朗樂觀的他45歲退休前是月薪六十萬的外商經理，退休後環遊世界，生活好不愜意。
然而四年前，他卻被醫師告知罹患了憂鬱症，復發幾次後，經過四位精神科醫師的診療，被宣告為藥物治療無效的頑固性憂鬱症，花了四十萬、經過了rTMS治療70幾次也沒有改善。
後來因緣際會在新竹與他結緣，發現他其實是被誤判的第二型躁鬱症，藥物對症治療後，逐漸恢復以前的樂觀開朗，並且繼續踏上環遊世界的旅程。
老黑同意我分享他的資料，減少同樣受苦的患者被誤診的機會，早日脫離憂鬱的枷鎖。",2025/7/20 20:23,"🏫竹北某身心科診所所長
🧠腦科學、身心醫學、創傷心理學
🎓陽明醫學系、哈佛碩士、東京大學博士後研究員
👨🏻‍⚕️Editor: Frontiers in Psychiatry
📌教育部部定講師
🎉不回私人訊息或是醫療諮詢",中度憂鬱症,business,
psy_doc_brain,PSY_DOC,"給憂鬱、承受創傷的你/妳：
你不是故意情緒低落，也不是懶散。
憂鬱和創傷會改變大腦運作，讓掌管快樂的獎賞系統變得遲鈍，讓杏仁核對威脅恐懼反應過度活躍。
不是你做錯了什麼，而是你的大腦為了保護你而「改寫了程式」。
如果你總覺得疲憊、無望、無法相信自己，請記得：這些感覺是腦部正在復原的過程，不是你個人的失敗。
透過治療，你可以一點一滴修復那些被過往撕裂的神經連結。
你要給自己耐心，也值得接受幫助。
療癒過程中，也是一種你正在進行的神經可塑性。
你不是壞掉了，你只是還在慢慢重建光的路徑。",2025/7/22 07:54,"🏫竹北某身心科診所所長
🧠腦科學、身心醫學、創傷心理學
🎓陽明醫學系、哈佛碩士、東京大學博士後研究員
👨🏻‍⚕️Editor: Frontiers in Psychiatry
📌教育部部定講師
🎉不回私人訊息或是醫療諮詢",中度憂鬱症,business,
sherry.hsuan,Sherry,"今天從台北101搭紅線捷運到台北車站
突然焦慮恐慌發作
在大安站時緊急吞了顆緊急用藥
但狀況還沒有改善 全身開始抖
尤其是雙手不自覺一直發抖
反而覺得吸不太到空氣
很努力的腹式呼吸想讓自己平靜下來
我詢問隔壁的小姐她到哪一站
她回我是士林
我開口詢問：「不好意思，我焦慮恐慌有點發作 我剛剛有吞緊急用藥，現在比較緊張 可以借我抓妳的袖子嗎？」
她馬上回我「可以沒問題」
之後她不再滑手機可能在觀察我的狀況
看到我手抖成那樣，她詢問有沒有需要幫忙什麼
我說「先這樣就可以了 真的很謝謝你」
最後這位姐姐在台北車站跟我一起下車
陪我上樓到出閘口
還不忘跟我說如果還是不舒服，記得要請其他人幫忙
真的很感謝那位小姐對我伸出援手🥹
過一段時間比較平靜之後忍不住流了眼淚
關關難過關關過
焦慮恐慌這關怎麼這麼難過
到底什麼時候才能結束😣
一年多了 每次發病完就會陷入低潮
我希望我可以越來越好
焦慮症發作",2025/1/16 18:24,"Don't be a woman that needs a man. 
Be a woman a man needs.",焦慮症,not_enough_posts,
psywit,我要聽妳說｜王耀霆醫師,"😐 焦慮症10個常見的自律神經症狀
1 胸悶、心悸、心跳加快
2 呼吸不順
3 靜止性手抖
4 頭暈
5 手腳心冒汗
6 腸躁症狀
7 頻尿、尿急 
8 喉嚨緊縮感（喉球症）
9頭痛或肩頸僵硬 
10 整天疲勞又睡不著
時好時壞，反覆出現，和情緒壓力有關，去醫院做檢查找不到明確原因。",2025/8/22 06:24,"- 台北內湖身心精神科診所院長
- I人醫生三寶爸
- 合作請私訊或 psywit@gmail.com",焦慮症,business,
psywit,我要聽妳說｜王耀霆醫師,"最近愈來愈多初診個案
主訴是懷疑自己有「成人ADHD」
建議有疑慮的人可以先填量表
hcp.med.harvard.edu/ncs/f…
---
其實成人ADHD目前還不是一個很穩定的診斷，有太多需排除的狀況。
---
可以期待美國 APSARD（美國成人 ADHD 與相關疾患專業學會） 年底預計發表的臨床實務指引。",2025/8/21 13:42,"- 台北內湖身心精神科診所院長
- I人醫生三寶爸
- 合作請私訊或 psywit@gmail.com",焦慮症,business,
psywit,我要聽妳說｜王耀霆醫師,"💊 安眠藥就像「酒」
---
➡️ 剛開始喝：一小杯就有感覺，很快能放鬆或睡著。
➡️ 喝久了：酒量變好，需要越來越多的量，才有效果。
➡️ 突然停掉：可能會出現戒斷不適（反彈性失眠、焦慮、發抖）。
➡️過量飲用：會造成斷片、異常行為，甚至傷害身體。
👉 所以安眠藥「短期少量」有幫助，但長期依賴會像酒一樣，帶來反效果。",2025/8/21 08:55,"- 台北內湖身心精神科診所院長
- I人醫生三寶爸
- 合作請私訊或 psywit@gmail.com",焦慮症,business,
psywit,我要聽妳說｜王耀霆醫師,"😣 人生十大壓力事件排行
（Holmes & Rahe 壓力量表）
1 配偶死亡
2 離婚
3 分居
4 入獄
5 親人去世（直系家屬）
6 重傷或重大疾病
7 結婚
8失業或退休
9 婚姻和家庭衝突
10經濟壓力或負債
---
我個人看診經驗前三名是
1 「被主管職場霸凌」
2「伴侶感情出軌」
3 「被詐騙」",2025/8/21 08:40,"- 台北內湖身心精神科診所院長
- I人醫生三寶爸
- 合作請私訊或 psywit@gmail.com",焦慮症,business,
psywit,我要聽妳說｜王耀霆醫師,"身心科水不深_36
👩‍🦰👨‍🦱 更年期，不只是女生的事。
---
👩 女性更年期（45–55 歲）：
動情素和黃體素下降，常見「熱潮紅、盜汗、情緒起伏、焦慮、失眠」
👨男性更年期（50–65 歲）：
睪固酮逐漸下降，表現為「性慾下降、勃起功能障礙、情緒低落、專注力差、興趣動力下降」
➡️ 差別在於：
女性變化比較急、男性比較緩；
女生偏焦慮，男生偏倦怠。
---
很常在診間發現很多人一輩子沒看過身心科，都是從這個年紀開始來看。",2025/8/21 07:15,"- 台北內湖身心精神科診所院長
- I人醫生三寶爸
- 合作請私訊或 psywit@gmail.com",焦慮症,business,
psywit,我要聽妳說｜王耀霆醫師,"《夜診有感》
很多焦慮的人，常常都是律己甚嚴、
有點完美主義的人。
我都會建議這樣的個案，
不妨向周遭擺爛的同事學習，
少一點自我糾結，多一點放手不管，世界怎麼樣都不會垮，反而能喘口氣。",2025/8/20 23:37,"- 台北內湖身心精神科診所院長
- I人醫生三寶爸
- 合作請私訊或 psywit@gmail.com",焦慮症,business,
psywit,我要聽妳說｜王耀霆醫師,"🧠 全球盛行率最高的精神疾病：
（lifetime prevalence)
1 焦慮症 （15-20%）
2 重鬱症 （10-15%）
3 物質使用疾患 （5%，酒精最常見）
4 ADHD (小孩5-7%，成人2-3%）
5 思覺失調症 （1%）",2025/8/20 07:36,"- 台北內湖身心精神科診所院長
- I人醫生三寶爸
- 合作請私訊或 psywit@gmail.com",焦慮症,business,
psywit,我要聽妳說｜王耀霆醫師,"🧠 內耗其實是大腦中的「內在批評者」在作怪。
---
神經科學研究指出，
當我們進行自我批評時，
會啟動與「錯誤檢測」有關的大腦區域，例如外側前額葉皮質、背前扣帶皮質。
而溫柔地對自己說話（self-reassurance），則會啟動與「同理心」相關的區域，如左側顳葉、島葉。 ￼
---
所以，你的內耗其實不是你「不努力」，而是你在跟腦中那個「高標準的自己」打架，消耗了本來能用於生活的能量。
當我們能對自己更溫柔，
試圖接受當下的自己，
就能減少內耗對心理的負面影響。",2025/8/19 11:46,"- 台北內湖身心精神科診所院長
- I人醫生三寶爸
- 合作請私訊或 psywit@gmail.com",焦慮症,business,
psywit,我要聽妳說｜王耀霆醫師,"💊 精神科常見的五類藥物
1 抗憂鬱劑
（增加大腦血清素,多巴胺,正腎上腺素）
2 抗精神病藥
（壓住幻覺、妄想，也治躁症或憂鬱）
3 情緒穩定劑
（穩定忽上忽下的情緒）
4 抗焦慮劑
（讓你先鬆一口氣，但要小心依賴）
5 安眠藥
（幫助短期失眠，調整睡眠節奏）
👉 精神科藥物不是讓人「變笨」或「控制你」，而是讓大腦回到平衡狀態。
就像眼鏡矯正視力，適當的藥物也是幫助大腦可以看得更清楚。",2025/8/18 09:23,"- 台北內湖身心精神科診所院長
- I人醫生三寶爸
- 合作請私訊或 psywit@gmail.com",焦慮症,business,
psywit,我要聽妳說｜王耀霆醫師,"🧠 三個最難好的精神疾病
1 思覺失調症。
2 強迫症。
3 躁鬱症。",2025/8/16 15:17,"- 台北內湖身心精神科診所院長
- I人醫生三寶爸
- 合作請私訊或 psywit@gmail.com",焦慮症,business,
psywit,我要聽妳說｜王耀霆醫師,"💊 憂鬱症要好還是要靠自己想開，
看身心科吃藥沒有用。
---
「你只是抗壓性差，多休息就好。」
「吃藥沒有用，你要把心裡的結打開」
.
但事實是：
憂鬱症不是靠意志力就會好的事。
就像感冒發燒不能光靠「忍」就好，
若不吃抗生素和退燒藥，
病情可能反反覆覆，
長期也會留下後遺症。
憂鬱症是大腦神經傳遞物質的失衡，
以及心理調適技巧的失靈，
需要的是正確的診斷、專業的治療，
讓你恢復狀態，重新掌控你的情緒。",2025/8/16 08:26,"- 台北內湖身心精神科診所院長
- I人醫生三寶爸
- 合作請私訊或 psywit@gmail.com",焦慮症,business,
psywit,我要聽妳說｜王耀霆醫師,"Lancet 研究指出，大約 45% 的失智症，其實和可控生活因素有關。
只要調整這 14 件事，就能降低風險👇
1 低教育程度（持續學習能保護大腦）
2 聽力喪失（別忽略助聽器）
3 視力喪失（及早治療白內障等問題）
4 中年憂鬱症
5 頭部外傷
6 身體活動不足
7 吸菸
8 高血壓
9 高 LDL 膽固醇
10 肥胖
11 糖尿病
12過量飲酒
13社交孤立
14空氣汙染",2025/8/16 01:06,"- 台北內湖身心精神科診所院長
- I人醫生三寶爸
- 合作請私訊或 psywit@gmail.com",焦慮症,business,
psywit,我要聽妳說｜王耀霆醫師,"身心科水不深_35
一般我會把焦慮分成四階段
---
🧐輕度焦慮
特徵：注意力提高，對外界刺激敏感。
感覺：有點緊張，但能幫助專注和動機提升。
例子：比賽前的期待、考試前的緊張。
🫠中度焦慮
特徵：專注範圍縮小，容易分心，處理資訊能力下降。
感覺：心跳加快、出汗、腸胃不適。
例子：面試時腦袋一片空白、開會時講話結巴。
🫨重度焦慮
特徵：注意力極度受限，只能專注在威脅或壓力源，難以處理其他訊息。
感覺：胸悶、呼吸急促、顫抖、強烈的「想逃跑」衝動。
例子：被突然點名上台演講時，腦中一片混亂。
🆘 恐慌（Panic）
特徵：思考與行動幾乎癱瘓，可能出現非理性行為。
感覺：極度恐懼、心跳劇烈、呼吸困難、甚至覺得快要死掉。
例子：恐慌發作、突發重大事件時的反應。",2025/8/15 12:05,"- 台北內湖身心精神科診所院長
- I人醫生三寶爸
- 合作請私訊或 psywit@gmail.com",焦慮症,business,
psywit,我要聽妳說｜王耀霆醫師,"🧠 常常滑IG，常常看到
「你今天FOMO了嗎？」
那到底什麼是 FOMO？
其實是Fear of Missing Out的縮寫
（錯失恐懼症）
---
📌 典型症狀：
1. 刷社群看到朋友出國玩，覺得自己的人生落後了。
2. 隨時都在確認朋友的社群動態，深怕錯過任何訊息或活動。
3. 做股市投資時，看到飆股，明明不懂卻也想跟上。
---
心理學告訴我們，
FOMO 其實是「社交比較 + 害怕被排除的焦慮」
也許你害怕的不是錯過機會和體驗，
而是錯過「跟別人連結、被別人肯定」的感覺。",2025/8/14 19:10,"- 台北內湖身心精神科診所院長
- I人醫生三寶爸
- 合作請私訊或 psywit@gmail.com",焦慮症,business,
psywit,我要聽妳說｜王耀霆醫師,"💊憂鬱症不吃藥會好嗎？
大略來說，有約 30-50%的人半年內會自然改善，但也有超過一半的人症狀持續甚至惡化。
就像感冒一樣，不吃藥也有可能會自己好，但也可能會惡化成肺炎或休克。",2025/8/9 12:18,"- 台北內湖身心精神科診所院長
- I人醫生三寶爸
- 合作請私訊或 psywit@gmail.com",焦慮症,business,
psywit,我要聽妳說｜王耀霆醫師,"💊 為什麼很多人排斥藥物治療？
🔺「藥物」被污名化
藥物常被聯想到「有副作用、依賴性」，保健食品卻用「天然、調理體質」降低你的戒心。
🔺故事比數據更有力量
朋友或鄰居說一句：「我吃了覺得好多了」，比數百篇的臨床試驗更說服人。
🔺低估保健食品的風險
大部分醫生會誠實說明藥物可能的副作用，但保健食品廣告卻少提，但你知道嗎？大部分的保健食品都沒做過臨床研究。
🔺主控感差異
看醫生開藥＝被動接受治療。
自己買保健品＝自己掌控健康。",2025/8/9 09:13,"- 台北內湖身心精神科診所院長
- I人醫生三寶爸
- 合作請私訊或 psywit@gmail.com",焦慮症,business,
psywit,我要聽妳說｜王耀霆醫師,"已婚男性罹患肥胖的風險是未婚者的 3.2 倍，憂鬱、焦慮和睡眠呼吸中止症的風險也隨之增加。
這個父親節，各位爸爸們，別忘了提醒自己要動起來，吃得健康，心理也要放輕鬆。",2025/8/8 10:39,"- 台北內湖身心精神科診所院長
- I人醫生三寶爸
- 合作請私訊或 psywit@gmail.com",焦慮症,business,
lex.w.ter,L. C.🌈,"有沒有人跟我一樣得到焦慮症和憂鬱症之後就很害怕出門的？
待在家裡沒事情做的時候會覺得自己應該出門走一走，出門了之後又很想回家，生活圈很小，每天都過得差不多，差不多難過。",2025/5/4 14:42,一些日常的分享🌠,焦慮症,pass,
lex.w.ter,L. C.🌈,"又完成一次心理諮商。
真的很像在心上戳洞一樣痛。
尤其每次幾乎都會談到很多無能為力的感受、想死的感受、絕望的感受……
都不知道自己是怎麼一週又一週的活過來的，如果你也是，你也一定很勇敢！
心理師今天跟我說：不要太低估你自己。
這句話也送給需要的你！",2025/5/3 19:11,一些日常的分享🌠,焦慮症,pass,
lex.w.ter,L. C.🌈,"世界上有很多人在為身心疾病而掙扎著
但每次發作的時候還是會覺得自己很孤單
那種痛苦真的用文字難以形容
好絕望、好痛苦、好想逃開但逃不開
有憂鬱症這個診斷五年了
我還是學不會怎麼跟它相處
明明知道越掙扎會越痛苦
每次都還是記不得
越掙扎就被捆綁地越緊、越來越窒息
🥲🥲🥲🥲🥲",2025/5/1 22:14,一些日常的分享🌠,焦慮症,pass,
lex.w.ter,L. C.🌈,"有沒有人跟我一樣
會怕蚊子半夜吵醒、被叮
怕到睡不著
很焦慮",2025/4/27 23:08,一些日常的分享🌠,焦慮症,pass,
lex.w.ter,L. C.🌈,"憂鬱症不管發作第幾次
都還是這麼痛苦……",2025/4/24 13:31,一些日常的分享🌠,焦慮症,pass,
lex.w.ter,L. C.🌈,"真的很害怕國考當天憂鬱症發作
完全無法專注
這些日子的準備就白費了
有憂鬱症真的很像世界末日
做什麼都覺得自己會發作然後搞砸
🥲🥲🥲",2025/4/22 17:50,一些日常的分享🌠,焦慮症,pass,
lex.w.ter,L. C.🌈,"好想放棄一切啊啊啊
人生真的好痛苦",2025/4/21 14:03,一些日常的分享🌠,焦慮症,pass,
lex.w.ter,L. C.🌈,"現在是實習的空檔
昨天也把打工辭掉了
感覺好像做錯決定了
除了讀國考
真的剩下很多時間
不知道該怎麼辦
有人可以聊聊嗎",2025/4/21 13:57,一些日常的分享🌠,焦慮症,pass,
psy_dr_erin,吳依倫醫師 身心科,"總是無法放鬆、睡不飽，可能是廣泛性焦慮症
和短時間突然焦慮程度飆高的恐慌發作不同，廣泛性焦慮症的人隨時都處在輕度焦慮狀態，就好像身後隨時坐著一隻獅子，只是現代人的獅子是生活中讓人擔心的大小事。這些事不會吃了我們，身體卻會產生一樣的反應。
廣泛性焦慮症有以下症狀：
1.總是擔心不同事情，學校、工作表現、小孩安全，主題換來換去，但都是無法控制的焦慮......就是台語的「搞操煩」
2.肌肉緊繃、常頭痛、容易疲倦
3.注意力不集中、常常腦袋空白
4.對聲音敏感、怕吵易怒
5.無法入睡、淺眠、睡眠品質差
若有以上狀況，建議尋求專業協助喔！",2024/8/12 20:29,"顧心也顧身的精神科醫師
紀錄診間日常X讀書觀影筆記
學習過舞蹈治療、正念減壓、接納與承諾療法
👩‍⚕️新田身心診所/禾馨民權婦幼診所/心禾診所主治醫師
個人化治療特約門診（孕產情緒困擾、母職倦怠、強迫症、恐慌症）",焦慮症,business,
psy_dr_erin,吳依倫醫師 身心科,"「不管在哪裡，能用自己的專長，讓人們過更好的生活，不是很幸福嗎？」
──摘自 蔡雙羽、邱顯洵《同島一夢》
診間便利貼",2024/8/8 14:02,"顧心也顧身的精神科醫師
紀錄診間日常X讀書觀影筆記
學習過舞蹈治療、正念減壓、接納與承諾療法
👩‍⚕️新田身心診所/禾馨民權婦幼診所/心禾診所主治醫師
個人化治療特約門診（孕產情緒困擾、母職倦怠、強迫症、恐慌症）",焦慮症,business,
psy_dr_erin,吳依倫醫師 身心科,"突然胸悶心悸喘，檢查卻都正常，可能是恐慌發作，症狀如下
1.頭暈、喉嚨梗塞、呼吸困難、胸悶、心跳加速、噁心
2.冒汗、發抖無力、發冷或發熱、感覺異常（指尖、嘴唇發麻最常見）
3.內心感覺：覺得周圍一切不真實或感覺自己不真實、害怕自己快發瘋或失控、害怕自己要死了
以上13個符合4個
從好好沒事到極度不舒服的時間很短，10分鐘內症狀從沒事達到最嚴重。
第一次發生因為不知道自己怎麼了，很多人會嚇到跑急診，以為心臟病發或有其他嚴重疾病，但通常檢查都沒問題。
以上情形如果頻繁發作持續超過一個月，且影響生活，有可能是恐慌症，建議身心科就診，評估是否使用藥物與接受認知行為治療。",2024/8/6 13:57,"顧心也顧身的精神科醫師
紀錄診間日常X讀書觀影筆記
學習過舞蹈治療、正念減壓、接納與承諾療法
👩‍⚕️新田身心診所/禾馨民權婦幼診所/心禾診所主治醫師
個人化治療特約門診（孕產情緒困擾、母職倦怠、強迫症、恐慌症）",焦慮症,business,
psy_dr_erin,吳依倫醫師 身心科,"《化解精神科看診迷思 下》
🌱擔心影響工作
  工作單位不能調閱健保卡就診記錄，如果很擔心，也可以使用自費方式看診
🌱失眠要看嗎？是不是早點睡就好？
 失眠常常只是果而不是因，尋求專業協助，找到原因，才能對症下藥。
 若失眠一週三晚以上，連續三個月以上，建議就診
🌱害怕吃藥有副作用
  藥物是治療工具的其中一種。我們不會因為開刀可能切到手就不煮飯、可能釘到手就不用鐵錘，為什麼治療時要放棄好用的工具呢？",2024/8/4 09:21,"顧心也顧身的精神科醫師
紀錄診間日常X讀書觀影筆記
學習過舞蹈治療、正念減壓、接納與承諾療法
👩‍⚕️新田身心診所/禾馨民權婦幼診所/心禾診所主治醫師
個人化治療特約門診（孕產情緒困擾、母職倦怠、強迫症、恐慌症）",焦慮症,business,
psy_dr_erin,吳依倫醫師 身心科,"《化解精神科看診迷思 上》
🌱覺得看身心科很丟臉
  願意看見自己的需求，選擇照顧自己的人，是很勇敢的人
🌱不想跟不認識的人講心事
  精神科看診，不一定要講心事。可以從困擾你的症狀，例如失眠、焦慮、腦袋停不下來、記性變差
🌱害怕被貼標籤
  不需要跟所有人交代看診的事，只要讓你信任的家人朋友知道就可以了。真心關心你的人，會希望你的問題被了解與獲得改善。被失眠心情差困擾的是你，不是家人朋友，為無法替你痛苦的人忍耐，還是好好照顧自己的需要，可以聽聽自己心中的答案。",2024/8/3 09:58,"顧心也顧身的精神科醫師
紀錄診間日常X讀書觀影筆記
學習過舞蹈治療、正念減壓、接納與承諾療法
👩‍⚕️新田身心診所/禾馨民權婦幼診所/心禾診所主治醫師
個人化治療特約門診（孕產情緒困擾、母職倦怠、強迫症、恐慌症）",焦慮症,business,
psy_dr_erin,吳依倫醫師 身心科,"《診間便利貼》
為了幫大家整理思緒，有時我在診間會用小紙條寫下一句重點，希望可以成為日常的提醒跟支持。
今天我想分享的是：
「即使需要幫助，我們都仍是完整的。」
當你在面對日常身心的挑戰時，有沒有哪句話是讓你一想到就重新獲得力量的呢？歡迎留言與我們分享
診間便利貼",2024/8/2 07:53,"顧心也顧身的精神科醫師
紀錄診間日常X讀書觀影筆記
學習過舞蹈治療、正念減壓、接納與承諾療法
👩‍⚕️新田身心診所/禾馨民權婦幼診所/心禾診所主治醫師
個人化治療特約門診（孕產情緒困擾、母職倦怠、強迫症、恐慌症）",焦慮症,business,
psy_dr_erin,吳依倫醫師 身心科,"安眠藥怎麼吃最有幫助？
🌱吃藥時間：睡前吃就可以，頂多提早一小時
🌱吃藥後：躺在床上避免滑手機、用電腦、做其他會讓腦袋清醒的事，錯過藥效發揮時間
🌱自然入睡：一小時內睡著都是正常範圍，不用追求秒睡
藥物治療4/6",2024/8/1 06:56,"顧心也顧身的精神科醫師
紀錄診間日常X讀書觀影筆記
學習過舞蹈治療、正念減壓、接納與承諾療法
👩‍⚕️新田身心診所/禾馨民權婦幼診所/心禾診所主治醫師
個人化治療特約門診（孕產情緒困擾、母職倦怠、強迫症、恐慌症）",焦慮症,business,
psy_dr_erin,吳依倫醫師 身心科,"藥越吃越沒效？如何避免「藥物依賴」
精神科藥物分為治療藥物與救急的備用藥物。
治療藥物可以修復大腦神經，從源頭治療症狀，要服藥兩週以上，累積血液濃度後，效果才會出來；在等待治療藥物效果出現前，醫師會開立備用藥物如鎮定劑、安眠藥先緩解不適，但只能治標，無法根治症狀。
很多人習慣每天服用立即緩解症狀的鎮定劑、安眠藥來應急，對於需要每天吃以累積藥物濃度的治療藥物，例如抗憂鬱藥，卻有不舒服才吃。結果源頭沒有解決，反而感覺越吃越沒效。
按時依照醫囑服藥，減少治標藥物使用，就可以用最低劑量，達到改善效果。
藥物治療3/6",2024/7/31 07:07,"顧心也顧身的精神科醫師
紀錄診間日常X讀書觀影筆記
學習過舞蹈治療、正念減壓、接納與承諾療法
👩‍⚕️新田身心診所/禾馨民權婦幼診所/心禾診所主治醫師
個人化治療特約門診（孕產情緒困擾、母職倦怠、強迫症、恐慌症）",焦慮症,business,
psy_dr_erin,吳依倫醫師 身心科,"抗憂鬱藥停藥前與醫師討論，減少不必要的不適
調控血清素作用的抗憂鬱藥，突然停藥時，會出現血清素戒斷症狀，大多在停藥一到三天後出現：
1.類流感症狀：微燒、肌肉酸痛、頭重
2.感覺障礙：最常見是手腳觸電感、麻麻的
3.暈眩、頭痛、噁心、手抖、冒汗、走路不穩
4.焦慮、失眠、多夢
在醫師協助下，漸進式減藥，能讓療程結束更順利，避免不必要的不舒服",2024/7/30 08:06,"顧心也顧身的精神科醫師
紀錄診間日常X讀書觀影筆記
學習過舞蹈治療、正念減壓、接納與承諾療法
👩‍⚕️新田身心診所/禾馨民權婦幼診所/心禾診所主治醫師
個人化治療特約門診（孕產情緒困擾、母職倦怠、強迫症、恐慌症）",焦慮症,business,
c_c1228,Angela安潔菈,"焦慮症患者常有「對危險過度放大、對自己能力低估」的思維模式
這不是故意的，而是大腦習慣了「預測最壞情況」來保護自己",2025/9/23 16:45,"aespa🦋冬柚擔
🏷️ 美食｜美妝｜穿搭｜日常｜飲控
🏷️ INFP 自己的小劇場",焦慮症,pass,
c_c1228,Angela安潔菈,"我成了 aespa 的第五位成員了，住進宿舍、擁有自己專屬房間，但奇怪的是，沒人找我去練舞，也沒人喊我一起拍片
直到朋友提醒我「她們正在拍 reels ，妳怎麼沒去！？」
我才急忙趕去
結果劉知珉冷冷盯著我，眼神寫滿「不屑跟嫌棄」，我無助望向金旼炡，她一臉心疼我的樣子，其他成員則沉默尷尬、不敢插話
那一刻我意識到，原來是她叫大家不要理我
成為 aespa 第五位成員的我：
✔️有宿舍房間
✔️有團服
✔️我的代表符號是⚡️
❌沒有出演行程
❌沒有拍片通知
最後還被劉知珉眼神處決 + 全員冷處理……
夢裡的團魂比現實還殘酷，竟然也能痛到心裡。",2025/9/22 10:36,"aespa🦋冬柚擔
🏷️ 美食｜美妝｜穿搭｜日常｜飲控
🏷️ INFP 自己的小劇場",焦慮症,pass,
c_c1228,Angela安潔菈,aespa aespo Aesop傻傻分不清楚,2025/9/21 16:58,"aespa🦋冬柚擔
🏷️ 美食｜美妝｜穿搭｜日常｜飲控
🏷️ INFP 自己的小劇場",焦慮症,pass,
c_c1228,Angela安潔菈,"童年的傷痛不容易「抹掉」，這和我們大腦、情緒記憶的運作有關
小時候的我們對世界的安全感非常敏感，對照顧者的缺席、忽略或傷害會被大腦當作「生存威脅」記錄下來
這些記憶通常比成年後的經驗更情緒化、帶有強烈感官印象（味道、聲音、場景），所以很容易被觸發
童年的情緒記憶存放在大腦的「邊緣系統」（情緒中心）而非「前額葉」（理性思考中心）
這意味著
哪怕你理智上知道「現在已經變好了」
情緒仍然會突然讓你覺得害怕、孤單、痛苦",2025/9/21 02:03,"aespa🦋冬柚擔
🏷️ 美食｜美妝｜穿搭｜日常｜飲控
🏷️ INFP 自己的小劇場",焦慮症,pass,
c_c1228,Angela安潔菈,同感。,2025/9/20 17:26,"aespa🦋冬柚擔
🏷️ 美食｜美妝｜穿搭｜日常｜飲控
🏷️ INFP 自己的小劇場",焦慮症,pass,
c_c1228,Angela安潔菈,"凱蒂貓又流行回來了
10年前擁有的這雙
現在不知道有多少人撐得起來🤣",2025/9/17 14:34,"aespa🦋冬柚擔
🏷️ 美食｜美妝｜穿搭｜日常｜飲控
🏷️ INFP 自己的小劇場",焦慮症,pass,
c_c1228,Angela安潔菈,"aespa的爭議看看就好
一看就是在黑不然就是圈外人
韓團帶耳麥👉🏻主跳舞不開麥or墊音
韓團手拿麥👉🏻主唱副跳（舞蹈力度小）
然後aespa是Kpop四個都很能唱的團，眾所皆知，開不開麥是公司決定不是她們自己可以選擇的
到國外表演不一定會帶dancer，也是看場面大小跟公司安排，所以一樣的舞少了dancer會很空，因為richmen排舞本身就有安排這種與舞者互動的solo的空場，沒有舞者就只有自己站在旁邊很突兀這樣
這次的Richman歌路也不是轟炸型，要拿BP比當然不一樣啊
以上都也不是她們自己願意的^_^",2025/9/15 23:55,"aespa🦋冬柚擔
🏷️ 美食｜美妝｜穿搭｜日常｜飲控
🏷️ INFP 自己的小劇場",焦慮症,pass,
c_c1228,Angela安潔菈,好市多的蝦子到底還能不能吃啊,2025/9/12 12:04,"aespa🦋冬柚擔
🏷️ 美食｜美妝｜穿搭｜日常｜飲控
🏷️ INFP 自己的小劇場",焦慮症,pass,
c_c1228,Angela安潔菈,"沒食慾就做點簡單又快速的涼拌減脂餐
食材：蝦仁、小黃瓜、雞蛋、金針菇
🫕做法：
🥒黃瓜切成小塊 
🥚常溫蛋煮七分鐘泡涼水
🦐蝦仁放米酒白胡椒抓醃放十分鐘後煮熟
🍄金針煮熟
全部食材碗中淋上喜歡的醬汁拌勻即可
想學我的靈魂醬汁也可以留言：）",2025/9/11 14:08,"aespa🦋冬柚擔
🏷️ 美食｜美妝｜穿搭｜日常｜飲控
🏷️ INFP 自己的小劇場",焦慮症,pass,
c_c1228,Angela安潔菈,"減脂卡關 煮到不知道煮什麼
想看你們的菜單",2025/9/11 13:34,"aespa🦋冬柚擔
🏷️ 美食｜美妝｜穿搭｜日常｜飲控
🏷️ INFP 自己的小劇場",焦慮症,pass,
1ch1_n0v3,小一𝕂𝕠𝕜𝕠𝕟𝕠𝕖₍˄·͈༝·͈˄₎◞,"昨天晚上恐慌症發作了。
呼吸困難、手腳發麻、耳鳴、四肢發抖，
感覺自己快死了，好痛苦好難受。
男朋友在旁邊很焦慮不知道怎麼辦，一直想辦法讓我轉移注意力。
「我拿冷水潑你可以嗎」「還是打你一巴掌」
當下滿腦子都是怎麼辦我該怎麼辦，好無助好恐懼好難受。
「欸你的老鼠大便真的好大」「你的大老鼠真的好會拉屎好恐怖」「他拉屎的量也比你那個倉鼠多太多了吧！」
我的注意力慢慢被帶走了，滿腦子都是老鼠大便。
他不曉得怎麼幫我，但他真的做得好好…
他一直摸著我的背，害怕我嘔吐在自己身上所以幫我把頭髮綁起來，餵我喝水。",2025/2/19 20:46,"❤︎@sere.n.e_我的太陽❤️
🇲🇾x🇹🇼
INFJ-T 蟹子
my150 ▷ 緋 
⋱⋰ ⋱⋰ ⋱⋰ ⋱⋰ 
駄作のストーリー　一緒に紐解いて
君も僕と同じくらい優しい人でよかった
☆∻∹⋰",焦慮症,pass,
1ch1_n0v3,小一𝕂𝕠𝕜𝕠𝕟𝕠𝕖₍˄·͈༝·͈˄₎◞,換藥藥了 希望可以幫到我😢,2025/2/19 20:27,"❤︎@sere.n.e_我的太陽❤️
🇲🇾x🇹🇼
INFJ-T 蟹子
my150 ▷ 緋 
⋱⋰ ⋱⋰ ⋱⋰ ⋱⋰ 
駄作のストーリー　一緒に紐解いて
君も僕と同じくらい優しい人でよかった
☆∻∹⋰",焦慮症,pass,
1ch1_n0v3,小一𝕂𝕠𝕜𝕠𝕟𝕠𝕖₍˄·͈༝·͈˄₎◞,把我家的老鼠擬人化,2025/2/13 20:35,"❤︎@sere.n.e_我的太陽❤️
🇲🇾x🇹🇼
INFJ-T 蟹子
my150 ▷ 緋 
⋱⋰ ⋱⋰ ⋱⋰ ⋱⋰ 
駄作のストーリー　一緒に紐解いて
君も僕と同じくらい優しい人でよかった
☆∻∹⋰",焦慮症,pass,
1ch1_n0v3,小一𝕂𝕠𝕜𝕠𝕟𝕠𝕖₍˄·͈༝·͈˄₎◞,請問我男朋友這樣要不要扁他,2025/2/13 18:18,"❤︎@sere.n.e_我的太陽❤️
🇲🇾x🇹🇼
INFJ-T 蟹子
my150 ▷ 緋 
⋱⋰ ⋱⋰ ⋱⋰ ⋱⋰ 
駄作のストーリー　一緒に紐解いて
君も僕と同じくらい優しい人でよかった
☆∻∹⋰",焦慮症,pass,
1ch1_n0v3,小一𝕂𝕠𝕜𝕠𝕟𝕠𝕖₍˄·͈༝·͈˄₎◞,"我一直叫我男朋友跟我十指交扣
用我的腳趾頭^^
他：（嚴肅拒絕）",2025/2/10 01:22,"❤︎@sere.n.e_我的太陽❤️
🇲🇾x🇹🇼
INFJ-T 蟹子
my150 ▷ 緋 
⋱⋰ ⋱⋰ ⋱⋰ ⋱⋰ 
駄作のストーリー　一緒に紐解いて
君も僕と同じくらい優しい人でよかった
☆∻∹⋰",焦慮症,pass,
1ch1_n0v3,小一𝕂𝕠𝕜𝕠𝕟𝕠𝕖₍˄·͈༝·͈˄₎◞,"好開心我也是無夢少年家了！！！！
毛巾的材質超特別的！！！",2025/2/7 17:38,"❤︎@sere.n.e_我的太陽❤️
🇲🇾x🇹🇼
INFJ-T 蟹子
my150 ▷ 緋 
⋱⋰ ⋱⋰ ⋱⋰ ⋱⋰ 
駄作のストーリー　一緒に紐解いて
君も僕と同じくらい優しい人でよかった
☆∻∹⋰",焦慮症,pass,
1ch1_n0v3,小一𝕂𝕠𝕜𝕠𝕟𝕠𝕖₍˄·͈༝·͈˄₎◞,我的小福福跟年年,2025/2/6 22:33,"❤︎@sere.n.e_我的太陽❤️
🇲🇾x🇹🇼
INFJ-T 蟹子
my150 ▷ 緋 
⋱⋰ ⋱⋰ ⋱⋰ ⋱⋰ 
駄作のストーリー　一緒に紐解いて
君も僕と同じくらい優しい人でよかった
☆∻∹⋰",焦慮症,pass,
1ch1_n0v3,小一𝕂𝕠𝕜𝕠𝕟𝕠𝕖₍˄·͈༝·͈˄₎◞,"我一定要推我最近發現的寶藏樂團…
《羊米人yummy man》
（前名生炒鴨肉羹HJBand）
他們的歌曲大部分以台語為主
是超級無敵標準的那種
主唱的聲音爽朗青春，抒情跟活力的歌曲都詮釋的很有感覺！
有兩個吉他手、一個貝斯手、一個鼓手，甚至還有一個KB😍😍
他們的歌曲完成度都超級高
不論是旋律還是歌詞都寫得很好
意境帶給人的感覺很舒服
非常的推薦 超喜歡
我還在慢慢摸索 有什麼其他推薦他們的地方也歡迎幫我補充！！！
他們真的不能不紅😭😭😭😭",2025/2/6 00:34,"❤︎@sere.n.e_我的太陽❤️
🇲🇾x🇹🇼
INFJ-T 蟹子
my150 ▷ 緋 
⋱⋰ ⋱⋰ ⋱⋰ ⋱⋰ 
駄作のストーリー　一緒に紐解いて
君も僕と同じくらい優しい人でよかった
☆∻∹⋰",焦慮症,pass,
q2080529,Mika Wu,"有恐慌、焦慮症等精神疾病的人
千萬不要讓公司的人知道
因為他們心裡通常只會認為
「你抗壓性不足」",2025/9/10 17:48,在生活的縫隙中喘口氣，重新出發的日子，光也會慢慢跟上來。,焦慮症,pass,
q2080529,Mika Wu,上班本身就是一件很傷身的事情,2025/9/8 07:43,在生活的縫隙中喘口氣，重新出發的日子，光也會慢慢跟上來。,焦慮症,pass,
q2080529,Mika Wu,"我尊重每個宗教
但每次看到有人燒香拜拜祈求健康
然後一直聞燒香的煙霧
還是覺得這個儀式
沒辦法改良成其他更健康的方式嗎🤔🤔",2025/9/4 10:29,在生活的縫隙中喘口氣，重新出發的日子，光也會慢慢跟上來。,焦慮症,pass,
q2080529,Mika Wu,"之前有認識的醫生在大醫院工作
看診速度太慢
就被院方約談了
大醫院門診
很多科別每個病人進去大概3~5分鐘就會被請出去
光進去講話都會開始緊張
(因為醫生會一直打斷不想讓你講太多)",2025/9/2 16:18,在生活的縫隙中喘口氣，重新出發的日子，光也會慢慢跟上來。,焦慮症,pass,
q2080529,Mika Wu,"希望大家在網路上可以多得到一些正能量
祝你們一切好運😊",2025/9/2 16:09,在生活的縫隙中喘口氣，重新出發的日子，光也會慢慢跟上來。,焦慮症,pass,
q2080529,Mika Wu,蔡依林：「自律是為了要自由」,2025/9/1 14:40,在生活的縫隙中喘口氣，重新出發的日子，光也會慢慢跟上來。,焦慮症,pass,
q2080529,Mika Wu,"當年因為重大食安問題
日本人可以抵制麥當勞 
讓日本麥當勞門市收了131間門市
為何台灣好像沒辦法？🥲",2025/9/1 14:37,在生活的縫隙中喘口氣，重新出發的日子，光也會慢慢跟上來。,焦慮症,pass,
dr_shaocheng_wang,Shao-Cheng Wang,"當我們說「焦慮症」，其實不是單一疾病，而是一整群「長得不太一樣但都很焦慮」的心理困擾。
像是：
🌀 廣泛性焦慮症：什麼都擔心，停不下來
💥 恐慌症：突然冒出一種「我是不是要死了」的感覺
🙈 特定恐懼症：怕蜘蛛、怕搭飛機、怕打針
😳 社交焦慮症：怕講話、怕出糗、怕被看見
🚪 廣場恐懼症：怕出去、怕沒人救、怕逃不了
💔 分離焦慮症：不是小孩專屬，成人也可能怕分開
還有像 PTSD、急性壓力反應、強迫症，雖不在焦慮症群，但跟焦慮常常交錯出現。
「焦慮症狀」包括：過度擔心、心悸胸悶、肌肉緊繃、睡不好、無法專注，甚至逃避人群或反覆確認等。當一個人出現以上症狀時，背後可能對應的是不同類型的焦慮疾病，因此及早評估、釐清診斷是照顧自己的第一步。最後，焦慮症是可以治療、也有機會緩解的。有些患者病情複雜還可能合併憂鬱、ADHD、創傷或物質使用問題，這時更需要專業的協助。",2025/8/7 20:35,"📚 Threads中文心理健康領域 追蹤數「第一」
🧠 精神科醫師用幽默與真實，讓心理健康變的有溫度
🎤 講座/課程/活動/公益合作，洽ymmed@msn.com
📍 門診時間地點
🏥 高雄長庚醫院
🕘 周二下午 周三上午
🏥 高雄市立大同醫院
🕘 周一上午下午 周二上午 周四夜間",焦慮症,business,
dr_shaocheng_wang,Shao-Cheng Wang,"身為精神科醫師，我想說焦慮跟憂鬱其實每個人都會有，就像偶爾發燒或感冒一樣正常。這兩種情緒常彼此牽連，複雜到讓你分不清自己是焦慮還是難過。但當情緒強烈到影響工作、生活、人際，或者長時間無法緩解時，可能就不是一般情緒起伏了。
上一篇很多脆友說到覺得「去看醫生」就像正式承認自己生病，因而猶豫不前。但其實你不去看醫生，病狀還是在，痛苦還是真實存在的，不會因為沒診斷書就消失。就像骨折不會因你沒照X光就自動復原，情緒也是一樣。
就診不是「製造病人」，而是幫你面對並處理問題的起點。當情緒讓你喘不過氣，求助不是示弱，而是勇敢又值得尊敬的決定。你不必再苦撐，適時找專業聊聊吧。",2025/8/7 09:10,"📚 Threads中文心理健康領域 追蹤數「第一」
🧠 精神科醫師用幽默與真實，讓心理健康變的有溫度
🎤 講座/課程/活動/公益合作，洽ymmed@msn.com
📍 門診時間地點
🏥 高雄長庚醫院
🕘 周二下午 周三上午
🏥 高雄市立大同醫院
🕘 周一上午下午 周二上午 周四夜間",焦慮症,business,
dr_shaocheng_wang,Shao-Cheng Wang,"身為精神科醫師，我最常聽見的焦慮症狀之一就是：心跳快、睡不好、腦袋停不下來，一件小事能反覆想十次，焦慮到快爆炸，但又怕去看醫生是小題大作。
能把「需不需要看診」焦慮出一場腦內辯論賽的人——通常都該來了。因為你不是沒事，是太習慣撐著讓一切看起來沒事。",2025/8/6 08:02,"📚 Threads中文心理健康領域 追蹤數「第一」
🧠 精神科醫師用幽默與真實，讓心理健康變的有溫度
🎤 講座/課程/活動/公益合作，洽ymmed@msn.com
📍 門診時間地點
🏥 高雄長庚醫院
🕘 周二下午 周三上午
🏥 高雄市立大同醫院
🕘 周一上午下午 周二上午 周四夜間",焦慮症,business,
dr_shaocheng_wang,Shao-Cheng Wang,"身為精神科醫師，有時候會遇到一些創業者來就診，真的想對這些勇於挑戰的人們說：你們不是不焦慮，是連焦慮都排不進日程表。
白天像CEO，晚上像會計，凌晨三點像哲學家，問自己到底在堅持什麼。但我知道，那不是逞強，是因為你知道你一垮，後面一排人會沒飯吃。
創業從來不是實現夢想，是學會用笑容包裝崩潰，然後告訴自己：「等我撐過這週，下一週一定會好一點。」……雖然這句話，你已經講了十個月。",2025/8/5 08:46,"📚 Threads中文心理健康領域 追蹤數「第一」
🧠 精神科醫師用幽默與真實，讓心理健康變的有溫度
🎤 講座/課程/活動/公益合作，洽ymmed@msn.com
📍 門診時間地點
🏥 高雄長庚醫院
🕘 周二下午 周三上午
🏥 高雄市立大同醫院
🕘 周一上午下午 周二上午 周四夜間",焦慮症,business,
dr_shaocheng_wang,Shao-Cheng Wang,假裝自己性別認同是女性想要來免除兵役的役男,2025/8/4 22:47,"📚 Threads中文心理健康領域 追蹤數「第一」
🧠 精神科醫師用幽默與真實，讓心理健康變的有溫度
🎤 講座/課程/活動/公益合作，洽ymmed@msn.com
📍 門診時間地點
🏥 高雄長庚醫院
🕘 周二下午 周三上午
🏥 高雄市立大同醫院
🕘 周一上午下午 周二上午 周四夜間",焦慮症,business,
dr_shaocheng_wang,Shao-Cheng Wang,"身為精神科醫師，我想說：Blue Monday不是病，但它的症狀比很多病還像病。
週一的厭世感，其實是大腦還沒把週末的「我想要人生」切換成平日的「我必須人生」。如果你每週都在懷疑人生，建議別只換行事曆，順便也換個鬧鐘鈴聲、早餐菜單、上班路線，讓腦袋知道：我們有試著不一樣。
至於我呢？
我靠週一忙到事情做不完來治癒自己——畢竟沒時間崩潰，本身就是一種心理彈性。",2025/8/4 08:22,"📚 Threads中文心理健康領域 追蹤數「第一」
🧠 精神科醫師用幽默與真實，讓心理健康變的有溫度
🎤 講座/課程/活動/公益合作，洽ymmed@msn.com
📍 門診時間地點
🏥 高雄長庚醫院
🕘 周二下午 周三上午
🏥 高雄市立大同醫院
🕘 周一上午下午 周二上午 周四夜間",焦慮症,business,
dr_shaocheng_wang,Shao-Cheng Wang,"病人：醫生，我覺得我應該是人格解離。
醫師：（點頭）你能描述一下這種感覺嗎？
病人：就是……我總覺得有一個人在操控我。
醫師：……你是說你老闆嗎？
病人：（沉默五秒）……你怎麼知道？
(因為我也常常被操控著，明天又要上班了......)",2025/8/3 20:11,"📚 Threads中文心理健康領域 追蹤數「第一」
🧠 精神科醫師用幽默與真實，讓心理健康變的有溫度
🎤 講座/課程/活動/公益合作，洽ymmed@msn.com
📍 門診時間地點
🏥 高雄長庚醫院
🕘 周二下午 周三上午
🏥 高雄市立大同醫院
🕘 周一上午下午 周二上午 周四夜間",焦慮症,business,
dr_shaocheng_wang,Shao-Cheng Wang,"雙極性躁鬱症是個在臨床診斷上常被低估或被一般大眾所誤解的疾病。王醫師這次分享了一些關於躁鬱症的學術觀點，雖然尚未形成醫界的廣泛共識，但我認為仍具有相當重要的參考價值。
臨床上若躁鬱症未被正確診斷，確實會導致治療上的困境，例如憂鬱症狀難以緩解或生活功能受到情緒控管不佳的長期影響。此外，躁鬱症還需要與物質濫用、人格違常及創傷經驗進行鑑別診斷，而民眾對躁症症狀的理解通常與專業定義有相當落差。
撰寫相關文章時，需要特別注意很多細節，所以我一直不太想寫這個議題，非常感謝王醫師此次提供的重要資訊。",2025/8/3 09:54,"📚 Threads中文心理健康領域 追蹤數「第一」
🧠 精神科醫師用幽默與真實，讓心理健康變的有溫度
🎤 講座/課程/活動/公益合作，洽ymmed@msn.com
📍 門診時間地點
🏥 高雄長庚醫院
🕘 周二下午 周三上午
🏥 高雄市立大同醫院
🕘 周一上午下午 周二上午 周四夜間",焦慮症,business,
dr_shaocheng_wang,Shao-Cheng Wang,"身為精神科醫師，我想說：週末不是補眠，而是幫大腦換檔。研究顯示，真正能恢復心理能量的週末，需要三件事：放下工作、專注生活、讓神經鬆一口氣。
劃清工作與生活的界線，不要讓郵件訊息偷走你的假日。每天30分鐘放鬆、每週3小時熱愛興趣、每3個月小旅行，是最基本的「333休息法」。多花時間動身體、親近自然，大腦會回饋你更好的情緒調節力。玩樂不是浪費時間，而是養出心理韌性的關鍵。
週末不該只是逃離職場，而是主動為自己蓄電。下次假日，請認真地對自己說：「這兩天，是留給我自己的專業修復期。」",2025/8/3 09:41,"📚 Threads中文心理健康領域 追蹤數「第一」
🧠 精神科醫師用幽默與真實，讓心理健康變的有溫度
🎤 講座/課程/活動/公益合作，洽ymmed@msn.com
📍 門診時間地點
🏥 高雄長庚醫院
🕘 周二下午 周三上午
🏥 高雄市立大同醫院
🕘 周一上午下午 周二上午 周四夜間",焦慮症,business,
dr_shaocheng_wang,Shao-Cheng Wang,"身為精神科醫師，我想說：
有些人對你不夠尊重，並不是你不夠好，而是他們沒看到你的可能。別急著改變自己去討好，也別讓他的輕視變成你的自我懷疑。努力不是為了讓誰閉嘴，而是讓你終於能溫柔而堅定地，為自己說話。
榮格說，真正的成長，是成為「完整的自己」。不是完美，而是把那些你曾否定、壓抑、遺忘的部分，慢慢整合回來。這條路也許繞遠，但會讓你走回內在真正的家。",2025/8/2 09:32,"📚 Threads中文心理健康領域 追蹤數「第一」
🧠 精神科醫師用幽默與真實，讓心理健康變的有溫度
🎤 講座/課程/活動/公益合作，洽ymmed@msn.com
📍 門診時間地點
🏥 高雄長庚醫院
🕘 周二下午 周三上午
🏥 高雄市立大同醫院
🕘 周一上午下午 周二上午 周四夜間",焦慮症,business,
dr_shaocheng_wang,Shao-Cheng Wang,"身為精神科醫師，我想說——每次你又開始怪自己沒用、不夠好、太玻璃時，不妨在心裡畫面切換一下：想像一個小小的你，正縮在角落難過地哭。你會對他吼：「你怎麼這麼廢！」還是輕聲說：「沒事了，我在這裡」？
能做這個選擇的，是現在這個成年的你。我們很多人習慣對自己兇，卻從沒學過善待自己。但別擔心，對自己溫柔，是可以練習的。
一開始也許會卡詞、尷尬、講不出口，沒關係，就當在學一種新的語言——叫做「接納自己」。而你，是唯一能教會自己這門語言的大人。",2025/8/1 08:21,"📚 Threads中文心理健康領域 追蹤數「第一」
🧠 精神科醫師用幽默與真實，讓心理健康變的有溫度
🎤 講座/課程/活動/公益合作，洽ymmed@msn.com
📍 門診時間地點
🏥 高雄長庚醫院
🕘 周二下午 周三上午
🏥 高雄市立大同醫院
🕘 周一上午下午 周二上午 周四夜間",焦慮症,business,
dr_shaocheng_wang,Shao-Cheng Wang,"身為精神科醫師，我常這麼想：三十歲以後的人生，就像一台中古車，要定期加油、保養，還得隨時檢查煞車有沒有壞。睡好、吃好、好好動，不是選配，是標配。
我們總在忙著「活得像樣」，卻忘了要先「活著」。下次行事曆滿到爆炸的時候，請幫自己留些me time，填上：「存活專用，勿動。」",2025/7/29 08:00,"📚 Threads中文心理健康領域 追蹤數「第一」
🧠 精神科醫師用幽默與真實，讓心理健康變的有溫度
🎤 講座/課程/活動/公益合作，洽ymmed@msn.com
📍 門診時間地點
🏥 高雄長庚醫院
🕘 周二下午 周三上午
🏥 高雄市立大同醫院
🕘 周一上午下午 周二上午 周四夜間",焦慮症,business,
dr_shaocheng_wang,Shao-Cheng Wang,"身為精神科醫師，我發現相處起來最讓人感到自在的，不是顏值、不是才華，而是那種「誠懇但有邊界」的氣質：說話真誠、不拐彎，一種恰到好處的距離，讓人覺得舒服、可親、想靠近卻又不會冒犯。說穿了，這種氣質不是刻意營造的，而是源自一種對自己有把握、對他人有分寸的安定感。
懂得說「我有話想跟你說你」的人固然可親，但懂得說「你忙完再說也沒關係」的人，才讓人安心。",2025/7/28 08:19,"📚 Threads中文心理健康領域 追蹤數「第一」
🧠 精神科醫師用幽默與真實，讓心理健康變的有溫度
🎤 講座/課程/活動/公益合作，洽ymmed@msn.com
📍 門診時間地點
🏥 高雄長庚醫院
🕘 周二下午 周三上午
🏥 高雄市立大同醫院
🕘 周一上午下午 周二上午 周四夜間",焦慮症,business,
dr_shaocheng_wang,Shao-Cheng Wang,"「在健保制度下，照顧困難個案的現實困境」
臨床上，我們會遇到所謂的困難個案——對藥物反應差、有高風險行為，合併其他精神疾病，缺乏家庭支持。這些人是最脆弱也是最需要照顧的一群。
目前健保給付標準是「一視同仁」，不分病況輕重，急性精神病房住院一人一個月給付約十萬點（慢性病房四萬點），包含行政、醫療、護理、藥物、住宿、水電、心理職能社工的服務等等。我精算過，照顧一位急性住院病患的醫師收入約是每天兩百多塊。配合良好的情緒低落個案或是高暴力風險的病人都一樣。我曾處理一位病人攻擊病友的意外，包括協調、道歉、安排轉院、找後續安置，拿的還是那兩百多。久了，大家自然會想避開困難個案。
很多人會問：「那我們自費總可以吧？」，但實務上困難重重。健保點數拆分細節已固定，自費只是換誰出錢，並不能換來更多照顧或收入。住院天數的限制，各醫院都有內部KPI與行政壓力。超長住院也常需層層報告難以長期安置。
我常說一些溫暖的話來安慰病友和家人。但溫暖背後，其實我很清楚現實制度的侷限、現場的無力、病人與照顧者都在撐。但是這類內容演算法不愛也容易偏離我的初衷，所以實話只能偶爾說。精神健康除了專業更需要我們一起直視現實的勇氣。",2025/7/27 10:31,"📚 Threads中文心理健康領域 追蹤數「第一」
🧠 精神科醫師用幽默與真實，讓心理健康變的有溫度
🎤 講座/課程/活動/公益合作，洽ymmed@msn.com
📍 門診時間地點
🏥 高雄長庚醫院
🕘 周二下午 周三上午
🏥 高雄市立大同醫院
🕘 周一上午下午 周二上午 周四夜間",焦慮症,business,
dr_shaocheng_wang,Shao-Cheng Wang,周六早上門診…,2025/7/26 10:43,"📚 Threads中文心理健康領域 追蹤數「第一」
🧠 精神科醫師用幽默與真實，讓心理健康變的有溫度
🎤 講座/課程/活動/公益合作，洽ymmed@msn.com
📍 門診時間地點
🏥 高雄長庚醫院
🕘 周二下午 周三上午
🏥 高雄市立大同醫院
🕘 周一上午下午 周二上午 周四夜間",焦慮症,business,
dr_shaocheng_wang,Shao-Cheng Wang,身為精神科醫師，我常遇到病人不是被工作壓垮，而是被主管的毒雞湯嗆到內傷。像是那種：「我以前就是多努力才…..你們年輕人齁…」說得好像胃潰瘍是升官的門票。其實，真正成熟的職場文化，不需要靠PUA來營造家的感覺，畢竟大家是來上班，又不是來和你當家人的。,2025/7/25 09:25,"📚 Threads中文心理健康領域 追蹤數「第一」
🧠 精神科醫師用幽默與真實，讓心理健康變的有溫度
🎤 講座/課程/活動/公益合作，洽ymmed@msn.com
📍 門診時間地點
🏥 高雄長庚醫院
🕘 周二下午 周三上午
🏥 高雄市立大同醫院
🕘 周一上午下午 周二上午 周四夜間",焦慮症,business,
millie08_18,𝓘’𝓶 𝓸𝓷𝓲,"天秤的潛台詞
對你很熱情就是對你有意思
❌錯👉🏻忽冷忽熱才是
脾氣很好 好像都不會生氣
❌錯👉🏻對另一半時並不是
很隨和 隨性 看起來很好相處
❌錯👉🏻地雷超多 超難搞 龜毛王就是
抱歉 這就是天秤 
一天到晚都在搞精神分裂的事🤣
😅😂
天秤座  抱歉",2025/1/10 23:16,"天秤⚖️金星人𝟙𝟘
練笑威可以•沒有禮貌不行",精神分裂,non_life,
millie08_18,𝓘’𝓶 𝓸𝓷𝓲,"續上一題之友達以上 戀人未滿
問：我真的不知道天秤喜不喜歡我？
天秤：天秤的喜歡 你不會感受不到！
你怎麼會 怎麼會 怎麼會感受不到🤦‍♀️？？？
如果你真的不確定也不是不能解
要嘛就是你被換掉 不然就是你壞(換)掉
天秤座  如果你愛他",2025/1/9 23:39,"天秤⚖️金星人𝟙𝟘
練笑威可以•沒有禮貌不行",精神分裂,non_life,
millie08_18,𝓘’𝓶 𝓸𝓷𝓲,"有一種天秤是從來不說我愛你
問：你愛我嗎？
天秤：怎麼了嗎？
答非所問即是答
都認定你了 還問那麼多是”丟猴”嗎？
天秤座  明白",2025/1/9 00:09,"天秤⚖️金星人𝟙𝟘
練笑威可以•沒有禮貌不行",精神分裂,non_life,
millie08_18,𝓘’𝓶 𝓸𝓷𝓲,"關於分手後無法當朋友的天秤
搬了家 換了工作 換了手(號)機(碼)
連共同朋友都斷了聯繫
我默默抹去的不是我過往的曾經
而是移除掉一切與你有關的證明
天秤座  最美的遺憾",2025/1/8 07:28,"天秤⚖️金星人𝟙𝟘
練笑威可以•沒有禮貌不行",精神分裂,non_life,
millie08_18,𝓘’𝓶 𝓸𝓷𝓲,"關於「我感覺天秤其實蠻雙標的」
怎麼會有人質疑天秤？
自信點 天秤不只雙標還多多標🫣
道理總是講得頭頭是道 
乍聽之下言之有理 
仔細聽完全就是沒有道理
系咧裝笑維逆～～～
不要懷疑 
天秤就是用含糊不清的交代想要粉飾太平
天秤座  很想說",2025/1/7 11:10,"天秤⚖️金星人𝟙𝟘
練笑威可以•沒有禮貌不行",精神分裂,non_life,
millie08_18,𝓘’𝓶 𝓸𝓷𝓲,"在一段走不下去的愛情裡
最傷人的不是你先選擇離開
而是你選擇逼我離開
天秤的分手一定會讓你說
天秤座 切歌",2025/1/6 23:03,"天秤⚖️金星人𝟙𝟘
練笑威可以•沒有禮貌不行",精神分裂,non_life,
millie08_18,𝓘’𝓶 𝓸𝓷𝓲,"我居然被好友問到：
怎樣才能跟天秤吵架？
要確欸～不和好的那種可以嗎？
印象中我沒有冷處理過你……吧🤔
這一題想知道的應該是被冷暴力過
我的回答是：
已購買小孩愛吃
天秤座  我以為",2025/1/6 14:31,"天秤⚖️金星人𝟙𝟘
練笑威可以•沒有禮貌不行",精神分裂,non_life,
millie08_18,𝓘’𝓶 𝓸𝓷𝓲,"當我踩到了天秤的底線時怎麼辦？
這一題其實也蠻多人想知道的
就是會直接走人不會說原因
讓你黑人問號❓不知所以的那種
朋友都常說：
天秤就是不會說真話的人
我：
怎麼會？你們說的實在很不對餒～
天秤座就是世界上最虛偽的人啊！
天秤座  原諒我沒有說",2025/1/5 06:20,"天秤⚖️金星人𝟙𝟘
練笑威可以•沒有禮貌不行",精神分裂,non_life,
millie08_18,𝓘’𝓶 𝓸𝓷𝓲,"遇到最多人問的ㄧ題
天秤是不是很難讓人走進心裏的一群？
天秤的內心世界很遙遠
越想靠近就會離越遠
他們的忽遠又忽近就是在想著：
「雖然但是感覺還不錯，但是不是還少了點什麼」
天秤座 靠近",2025/1/4 13:40,"天秤⚖️金星人𝟙𝟘
練笑威可以•沒有禮貌不行",精神分裂,non_life,
millie08_18,𝓘’𝓶 𝓸𝓷𝓲,"一個要離開你的天秤
但凡你所求 只要是你的 皆可以帶走
但凡是我的 是我擁有的 一樣你也帶不走
這兩者的差距在於
前者是你的 請一起打包自行處理
後者是我的 跟你沒半毛錢關係
懂？
天秤座  我懂了她",2025/1/4 09:32,"天秤⚖️金星人𝟙𝟘
練笑威可以•沒有禮貌不行",精神分裂,non_life,
millie08_18,𝓘’𝓶 𝓸𝓷𝓲,"既然這是你選擇的結果
就沒有那麼多的如果
天秤座  沒有重來",2025/1/3 08:23,"天秤⚖️金星人𝟙𝟘
練笑威可以•沒有禮貌不行",精神分裂,non_life,
millie08_18,𝓘’𝓶 𝓸𝓷𝓲,"當你對天秤硬剛逞完氣魄同時
自信點不用收回訊息
瀟灑點不用再找話題
因為當你在逞一時之快時
就已經決定好了如今的結局
天秤座 男人啊",2025/1/2 12:04,"天秤⚖️金星人𝟙𝟘
練笑威可以•沒有禮貌不行",精神分裂,non_life,
millie08_18,𝓘’𝓶 𝓸𝓷𝓲,"天秤 轉身離開 分手說不出來
天秤座 (╥╯^╰╥)最後的疼愛是手放開",2025/1/1 12:08,"天秤⚖️金星人𝟙𝟘
練笑威可以•沒有禮貌不行",精神分裂,non_life,
millie08_18,𝓘’𝓶 𝓸𝓷𝓲,"但凡想要得到的
都是我的蓄謀已久
天秤座 腹黑能力
ヽ(≧▽≦)ﾉ｡+｡ﾟ☆―Happy New Year―☆2025ﾟ｡+｡ヽ",2025/1/1 00:05,"天秤⚖️金星人𝟙𝟘
練笑威可以•沒有禮貌不行",精神分裂,non_life,
millie08_18,𝓘’𝓶 𝓸𝓷𝓲,"天秤愛的是小細節
不愛了也是小細節
天秤座 小細節",2024/12/31 16:04,"天秤⚖️金星人𝟙𝟘
練笑威可以•沒有禮貌不行",精神分裂,non_life,
millie08_18,𝓘’𝓶 𝓸𝓷𝓲,"天秤不是黑沒洗 是黑刁底 洗不白的那種
2024都進入倒數還不能好好說話餒💬
天秤座 y@)(((φ(◎火◎;)φ)))",2024/12/31 08:37,"天秤⚖️金星人𝟙𝟘
練笑威可以•沒有禮貌不行",精神分裂,non_life,
millie08_18,𝓘’𝓶 𝓸𝓷𝓲,"所有的溫柔深情都給你
前提是必須喜歡你才行
明天你們是去跨年？還是熬夜呢？
天秤座",2024/12/30 19:51,"天秤⚖️金星人𝟙𝟘
練笑威可以•沒有禮貌不行",精神分裂,non_life,
millie08_18,𝓘’𝓶 𝓸𝓷𝓲,"正常人無法駕馭的天秤
你把自己變不正常了或許就可以
天秤座",2024/12/29 13:59,"天秤⚖️金星人𝟙𝟘
練笑威可以•沒有禮貌不行",精神分裂,non_life,
millie08_18,𝓘’𝓶 𝓸𝓷𝓲,"就說別對天秤硬剛就不信
偏偏你們就愛硬碰硬
是都有被M傾向是不是？
你們眼中的怪咖天秤
其實身為天秤的我才覺得你們超怪好嗎？
天秤座",2024/12/28 08:16,"天秤⚖️金星人𝟙𝟘
練笑威可以•沒有禮貌不行",精神分裂,non_life,
lorihou_lovelife,Lori Hou,"什麼東西都不重要
實不實用也不重要
重要的是
這是他送給我的會員禮-自我催眠（他送的！他送的！他送的！）
你說，我這個人是不是精神分裂了？😑
買了就好
買了就好
無法擁有他
起碼擁有他的東西
💕❤️💕",2026/1/16 12:14,"Tainan City🌟Do my best！🌟
🇹🇼🇰🇷🇨🇦🇺🇸🇲🇴🇭🇰🇦🇺🇨🇳🇲🇾🇫🇷🇩🇪
⭐️大齡佛系追星⭐️
💫芭蕾人🩰。愛手作🧵🪡
💕音樂分享🎶",精神分裂,non_life,
lorihou_lovelife,Lori Hou,"細節鬼、細節控+故弄玄虛鬼⋯⋯🤣
手套的食指上是fanplusone
圍巾也是
但另一邊的字是模糊的
就不知道是什麼了！
（拿放大鏡🔍搜尋的老人）
😂😂😂
會是 FAM ILY ？FAMILY ？
説真的，偶費鼠掉欸！🫠🫠",2026/1/16 11:21,"Tainan City🌟Do my best！🌟
🇹🇼🇰🇷🇨🇦🇺🇸🇲🇴🇭🇰🇦🇺🇨🇳🇲🇾🇫🇷🇩🇪
⭐️大齡佛系追星⭐️
💫芭蕾人🩰。愛手作🧵🪡
💕音樂分享🎶",精神分裂,non_life,
lorihou_lovelife,Lori Hou,"你一定要知道的事～～
權志龍這個音樂鬼才重編的曲目。
當然，後續還有很多新增片段也都在Too Bad 的變奏裡出現。
感謝這位粉絲花費時間整理出來。❤️",2026/1/15 22:54,"Tainan City🌟Do my best！🌟
🇹🇼🇰🇷🇨🇦🇺🇸🇲🇴🇭🇰🇦🇺🇨🇳🇲🇾🇫🇷🇩🇪
⭐️大齡佛系追星⭐️
💫芭蕾人🩰。愛手作🧵🪡
💕音樂分享🎶",精神分裂,non_life,
lorihou_lovelife,Lori Hou,"Too Bad 裡的學長一登場，
空氣就不一樣。
所以 zoa 也不用多解釋⋯
那股「不好惹」是家族遺傳。
幹架王 mini zoa 隆重登場。
球帽戴上🧢
球棒帶著🏏
氣勢肯定先到～
外表毛茸茸
可愛只是保護色。
mini zoa 說：
氣場這種東西絕對不能輸
真的不要只看體型。💪🏻
幹架王 mini zoa
跟把拔一起幹大事
出巡中～～😅",2026/1/15 22:08,"Tainan City🌟Do my best！🌟
🇹🇼🇰🇷🇨🇦🇺🇸🇲🇴🇭🇰🇦🇺🇨🇳🇲🇾🇫🇷🇩🇪
⭐️大齡佛系追星⭐️
💫芭蕾人🩰。愛手作🧵🪡
💕音樂分享🎶",精神分裂,non_life,
lorihou_lovelife,Lori Hou,"重溫《GOOD DAY》還是會被這段笑到不行，旗安84這表情管理直接下線！
花花、星星、粉紅泡泡🫧滿天飛⋯⋯
外加～嘴巴開開😂
旗安84是真愛粉🥰💕💞",2026/1/15 21:15,"Tainan City🌟Do my best！🌟
🇹🇼🇰🇷🇨🇦🇺🇸🇲🇴🇭🇰🇦🇺🇨🇳🇲🇾🇫🇷🇩🇪
⭐️大齡佛系追星⭐️
💫芭蕾人🩰。愛手作🧵🪡
💕音樂分享🎶",精神分裂,non_life,
lorihou_lovelife,Lori Hou,❤️❤️❤️❤️❤️,2026/1/15 10:40,"Tainan City🌟Do my best！🌟
🇹🇼🇰🇷🇨🇦🇺🇸🇲🇴🇭🇰🇦🇺🇨🇳🇲🇾🇫🇷🇩🇪
⭐️大齡佛系追星⭐️
💫芭蕾人🩰。愛手作🧵🪡
💕音樂分享🎶",精神分裂,non_life,
lorihou_lovelife,Lori Hou,"❤️My prince of ballet⋯❤️
🩰🩰🩰
一個Demi-plié加上手位就優雅得快讓人窒息⋯⋯
為什麼你不是我的芭蕾同學咧？
我肯定就不會是普攏共了😝",2026/1/14 23:49,"Tainan City🌟Do my best！🌟
🇹🇼🇰🇷🇨🇦🇺🇸🇲🇴🇭🇰🇦🇺🇨🇳🇲🇾🇫🇷🇩🇪
⭐️大齡佛系追星⭐️
💫芭蕾人🩰。愛手作🧵🪡
💕音樂分享🎶",精神分裂,non_life,
lorihou_lovelife,Lori Hou,"睡前看看《天鵝湖》第三幕
是芭蕾世界裡的經典名場面
通常是首席舞者實力的表現
黑天鵝的鞭轉-Fouetté turn（法文：fouetté）。
轉著轉著
頭暈
就睡著了～～💤😅
（我能連續轉2圈就阿彌陀佛+謝天謝地了😂）
再不然，你數數她總共轉了幾圈？
數完再睡🤭",2026/1/14 23:03,"Tainan City🌟Do my best！🌟
🇹🇼🇰🇷🇨🇦🇺🇸🇲🇴🇭🇰🇦🇺🇨🇳🇲🇾🇫🇷🇩🇪
⭐️大齡佛系追星⭐️
💫芭蕾人🩰。愛手作🧵🪡
💕音樂分享🎶",精神分裂,non_life,
lorihou_lovelife,Lori Hou,我就是那麼剛好的拿起手機你就來找我了！❤️,2026/1/14 22:20,"Tainan City🌟Do my best！🌟
🇹🇼🇰🇷🇨🇦🇺🇸🇲🇴🇭🇰🇦🇺🇨🇳🇲🇾🇫🇷🇩🇪
⭐️大齡佛系追星⭐️
💫芭蕾人🩰。愛手作🧵🪡
💕音樂分享🎶",精神分裂,non_life,
lorihou_lovelife,Lori Hou,"❤️2026.01.08-祖母格志龍圍巾🧣
今天8號是吧
志龍最愛的數字，那我也開工試做
今年度的目標就是要把志龍這條圍巾做出來（懶人會不會達標還不知道😅）
不過，有目標是好的嘛。
手邊的毛線也不多，勉強用現有的做幾片。
應該還行吧？！😅
再研究研究要買什麼顏色來搭配。
❤️看到的朋朋請督促我，這個要放在置頂（鞭！）😂",2026/1/8 20:45,"Tainan City🌟Do my best！🌟
🇹🇼🇰🇷🇨🇦🇺🇸🇲🇴🇭🇰🇦🇺🇨🇳🇲🇾🇫🇷🇩🇪
⭐️大齡佛系追星⭐️
💫芭蕾人🩰。愛手作🧵🪡
💕音樂分享🎶",精神分裂,non_life,
lorihou_lovelife,Lori Hou,"轉正！轉正！
我需要轉正，不必歪頭看你
我們倆直接眼神交會，你說如何？
以前不覺得他的雙眼皮那麼明顯、那麼漂亮
怎麼現在可以雙得這麼好？",2026/1/14 19:29,"Tainan City🌟Do my best！🌟
🇹🇼🇰🇷🇨🇦🇺🇸🇲🇴🇭🇰🇦🇺🇨🇳🇲🇾🇫🇷🇩🇪
⭐️大齡佛系追星⭐️
💫芭蕾人🩰。愛手作🧵🪡
💕音樂分享🎶",精神分裂,non_life,
lorihou_lovelife,Lori Hou,"魅眼電死你們大家😍
請問⋯你死幾回了？🤭
我：「數不清！別算了！哎！」",2026/1/14 17:16,"Tainan City🌟Do my best！🌟
🇹🇼🇰🇷🇨🇦🇺🇸🇲🇴🇭🇰🇦🇺🇨🇳🇲🇾🇫🇷🇩🇪
⭐️大齡佛系追星⭐️
💫芭蕾人🩰。愛手作🧵🪡
💕音樂分享🎶",精神分裂,non_life,
lorihou_lovelife,Lori Hou,"上班不上班，都在滑手機看這些🤣
大家會想買一或二呢？
好像都不錯🥰",2026/1/14 10:47,"Tainan City🌟Do my best！🌟
🇹🇼🇰🇷🇨🇦🇺🇸🇲🇴🇭🇰🇦🇺🇨🇳🇲🇾🇫🇷🇩🇪
⭐️大齡佛系追星⭐️
💫芭蕾人🩰。愛手作🧵🪡
💕音樂分享🎶",精神分裂,non_life,
lorihou_lovelife,Lori Hou,"LOVE ❤️ PEACE
LOVE ❤️ G-DRAGON 
FOREVER ⋯⋯❤️",2026/1/14 01:03,"Tainan City🌟Do my best！🌟
🇹🇼🇰🇷🇨🇦🇺🇸🇲🇴🇭🇰🇦🇺🇨🇳🇲🇾🇫🇷🇩🇪
⭐️大齡佛系追星⭐️
💫芭蕾人🩰。愛手作🧵🪡
💕音樂分享🎶",精神分裂,non_life,
lorihou_lovelife,Lori Hou,"我們家的孩子敬業態度有目共睹
這幾張照片足以證明一切
拉近仔細瞧瞧
不用任何爭辯
多想輕輕為你擦掉這滿臉的汗水
汗水？淚水？已分不清～",2026/1/14 00:25,"Tainan City🌟Do my best！🌟
🇹🇼🇰🇷🇨🇦🇺🇸🇲🇴🇭🇰🇦🇺🇨🇳🇲🇾🇫🇷🇩🇪
⭐️大齡佛系追星⭐️
💫芭蕾人🩰。愛手作🧵🪡
💕音樂分享🎶",精神分裂,non_life,
lorihou_lovelife,Lori Hou,"晚上大家來笑笑😂
泰BANG🎉
泰龍
泰塔
泰陽（這個剛剛好）
泰聲
地球上
最謎的一個團
最神奇的物種
最不正經的人
捏🤏捏🤏捏🤏
🤣🤣🤣🤣🤣",2026/1/13 21:27,"Tainan City🌟Do my best！🌟
🇹🇼🇰🇷🇨🇦🇺🇸🇲🇴🇭🇰🇦🇺🇨🇳🇲🇾🇫🇷🇩🇪
⭐️大齡佛系追星⭐️
💫芭蕾人🩰。愛手作🧵🪡
💕音樂分享🎶",精神分裂,non_life,
lorihou_lovelife,Lori Hou,"從韓國直飛台灣，熱騰騰的幹架王和零錢包今天到手了！（爽度破表）😍🥰😘
不用再去排現場就是輕鬆
錢錢沒有不見
只是變成自己喜歡的東西❤️
三隻聚在一起感覺很不好惹🤭",2026/1/13 18:52,"Tainan City🌟Do my best！🌟
🇹🇼🇰🇷🇨🇦🇺🇸🇲🇴🇭🇰🇦🇺🇨🇳🇲🇾🇫🇷🇩🇪
⭐️大齡佛系追星⭐️
💫芭蕾人🩰。愛手作🧵🪡
💕音樂分享🎶",精神分裂,non_life,
lorihou_lovelife,Lori Hou,來看一下唷！😊,2026/1/13 17:39,"Tainan City🌟Do my best！🌟
🇹🇼🇰🇷🇨🇦🇺🇸🇲🇴🇭🇰🇦🇺🇨🇳🇲🇾🇫🇷🇩🇪
⭐️大齡佛系追星⭐️
💫芭蕾人🩰。愛手作🧵🪡
💕音樂分享🎶",精神分裂,non_life,
lorihou_lovelife,Lori Hou,"再次恭喜🎉權志龍
在男性獨唱藝人中累積指數最高，因此在2025年年終評估中獲得第一名🥇🏅🥇
評估是根據2025年度數位榜前400名的藝人累積成效數據所得。",2026/1/13 11:50,"Tainan City🌟Do my best！🌟
🇹🇼🇰🇷🇨🇦🇺🇸🇲🇴🇭🇰🇦🇺🇨🇳🇲🇾🇫🇷🇩🇪
⭐️大齡佛系追星⭐️
💫芭蕾人🩰。愛手作🧵🪡
💕音樂分享🎶",精神分裂,non_life,
lorihou_lovelife,Lori Hou,"嗯嗯，我不得不說你真的很會
始終把FAM的心抓得死死的，控得牢牢的！（我扶額）
FAM+ILY=FAMILY
FAM I LOVE YOU
❤️❤️❤️❤️❤️
很會！很會！很會玩文字！
算你厲害👍
⋯⋯⋯⋯⋯⋯⋯⋯⋯⋯⋯⋯
是這樣啦！
雖然粉絲見面會很誘人，千百萬個心想參加
但韓文聽不懂，說實話，就算搶到票，去了也還是有聽沒有懂😢會不會坐了個寂寞？！
英文的話，或許還能聽一半猜一半😝
反正，問卷就先登記起來吧！",2026/1/13 11:04,"Tainan City🌟Do my best！🌟
🇹🇼🇰🇷🇨🇦🇺🇸🇲🇴🇭🇰🇦🇺🇨🇳🇲🇾🇫🇷🇩🇪
⭐️大齡佛系追星⭐️
💫芭蕾人🩰。愛手作🧵🪡
💕音樂分享🎶",精神分裂,non_life,
lorihou_lovelife,Lori Hou,"噢！原來一次得7座獎是會變成～～～這樣啊！🤣
好開心！
好開心！
歡樂的雙手+忙碌的雙手
忙著比愛心又要送飛吻給大家
你也太可愛了吧！
可愛到有點三八🤣（換成是我，可能比你還要激動+三八😅）
但我就是愛這樣的你
純真自然不做作
做最真的自己❤️",2026/1/13 10:27,"Tainan City🌟Do my best！🌟
🇹🇼🇰🇷🇨🇦🇺🇸🇲🇴🇭🇰🇦🇺🇨🇳🇲🇾🇫🇷🇩🇪
⭐️大齡佛系追星⭐️
💫芭蕾人🩰。愛手作🧵🪡
💕音樂分享🎶",精神分裂,non_life,
lorihou_lovelife,Lori Hou,"織權志龍圍巾前
我必須熱熱身先
吃飽飯後開工
三個多小時，蘇菲圍巾長大到118段（才27cm-汗😓），以我這個龜速，看來要好幾天才能有成果。
沒關係的。
阿龍讓我有足夠的動力（磨耐性、少滑點手機😅）。
邊織邊等線，順便練練功吧！😊
輪針：3.75mm
線材：羊毛絨線",2026/1/12 22:42,"Tainan City🌟Do my best！🌟
🇹🇼🇰🇷🇨🇦🇺🇸🇲🇴🇭🇰🇦🇺🇨🇳🇲🇾🇫🇷🇩🇪
⭐️大齡佛系追星⭐️
💫芭蕾人🩰。愛手作🧵🪡
💕音樂分享🎶",精神分裂,non_life,
lorihou_lovelife,Lori Hou,"🫶🏻複習回放GoodDay🫶🏻
最喜歡看他害羞得要死的樣子
恨不得地上有個洞趕緊鑽進去😂
龍哥，你這樣是要如何交女朋友啦？！我就問🤭
難道這又是像詠裴說的⋯
害羞都是裝出來的？😅
你的脖子痛好好笑
能不能給我正經跳出來咧？（好想看）🤣
雙頂流見面，baby😅
第二季希望有你的兄弟來罩你😉",2026/1/12 18:36,"Tainan City🌟Do my best！🌟
🇹🇼🇰🇷🇨🇦🇺🇸🇲🇴🇭🇰🇦🇺🇨🇳🇲🇾🇫🇷🇩🇪
⭐️大齡佛系追星⭐️
💫芭蕾人🩰。愛手作🧵🪡
💕音樂分享🎶",精神分裂,non_life,
lorihou_lovelife,Lori Hou,"突然的雞皮疙瘩
❤️❤️❤️❤️❤️",2026/1/12 12:04,"Tainan City🌟Do my best！🌟
🇹🇼🇰🇷🇨🇦🇺🇸🇲🇴🇭🇰🇦🇺🇨🇳🇲🇾🇫🇷🇩🇪
⭐️大齡佛系追星⭐️
💫芭蕾人🩰。愛手作🧵🪡
💕音樂分享🎶",精神分裂,non_life,
lorihou_lovelife,Lori Hou,"第888位粉絲
@wuhana20
@wuhana20
剛完成的雛菊手作吊飾想贈送給您
若不嫌棄的話，請跟我聯繫唷！
謝謝🥰",2026/1/11 16:30,"Tainan City🌟Do my best！🌟
🇹🇼🇰🇷🇨🇦🇺🇸🇲🇴🇭🇰🇦🇺🇨🇳🇲🇾🇫🇷🇩🇪
⭐️大齡佛系追星⭐️
💫芭蕾人🩰。愛手作🧵🪡
💕音樂分享🎶",精神分裂,non_life,
lorihou_lovelife,Lori Hou,"我們家的孩子真棒！👍
獎狀、獎牌好多喔！
為你開心
然後我也很開心🥳
我以前讀書如果有這麼厲害就光耀門楣了～🤭",2026/1/11 12:33,"Tainan City🌟Do my best！🌟
🇹🇼🇰🇷🇨🇦🇺🇸🇲🇴🇭🇰🇦🇺🇨🇳🇲🇾🇫🇷🇩🇪
⭐️大齡佛系追星⭐️
💫芭蕾人🩰。愛手作🧵🪡
💕音樂分享🎶",精神分裂,non_life,
lorihou_lovelife,Lori Hou,"恭喜🎉G-DRAGON 在第 40 屆 Golden Disc Awards 榮獲3項大獎！
🏆 年度歌曲（SONG OF THE YEAR）－〈HOME SWEET HOME〉
🏆 最佳專輯（BEST ALBUM）－《Übermensch》
🏆 最佳數位歌曲（BEST DIGITAL SONG）－〈HOME SWEET HOME〉
❤️最棒的權志龍❤️",2026/1/11 01:03,"Tainan City🌟Do my best！🌟
🇹🇼🇰🇷🇨🇦🇺🇸🇲🇴🇭🇰🇦🇺🇨🇳🇲🇾🇫🇷🇩🇪
⭐️大齡佛系追星⭐️
💫芭蕾人🩰。愛手作🧵🪡
💕音樂分享🎶",精神分裂,non_life,
lorihou_lovelife,Lori Hou,"説真的，好期待「Goodday」第二季喔
到現在我還是都會再看一下這些好笑有趣又可愛的片段，然後一樣跟著傻笑😆
感謝會剪輯短影片的朋友
蒐集一小段一小段，剪輯成影片🥰
來源：浮水印",2026/1/10 14:12,"Tainan City🌟Do my best！🌟
🇹🇼🇰🇷🇨🇦🇺🇸🇲🇴🇭🇰🇦🇺🇨🇳🇲🇾🇫🇷🇩🇪
⭐️大齡佛系追星⭐️
💫芭蕾人🩰。愛手作🧵🪡
💕音樂分享🎶",精神分裂,non_life,
lorihou_lovelife,Lori Hou,"這位沙畫作者又有新作品了，跟大家分享。（今天滑到她的IG帳號）🥰
沙畫可以做到這麼細緻真的好厲害。🫶🏻
我就是因為分享了她的沙畫影片而被龍哥按了愛心😘
希望大家也可以多多支持這些藝術創作者
看到好的作品都不要吝於分享唷！
學習權志龍的精神，把優秀的人才讓大家都能看到。🥰",2026/1/9 23:51,"Tainan City🌟Do my best！🌟
🇹🇼🇰🇷🇨🇦🇺🇸🇲🇴🇭🇰🇦🇺🇨🇳🇲🇾🇫🇷🇩🇪
⭐️大齡佛系追星⭐️
💫芭蕾人🩰。愛手作🧵🪡
💕音樂分享🎶",精神分裂,non_life,
lorihou_lovelife,Lori Hou,"今天1月9日
這位哥已經發了8張自拍照了是吧？！
也算很用心了唷！🥰
外加一隻lye小王子
湊滿一天一張的額度～
沒有漢豆秋瓜😅",2026/1/9 23:05,"Tainan City🌟Do my best！🌟
🇹🇼🇰🇷🇨🇦🇺🇸🇲🇴🇭🇰🇦🇺🇨🇳🇲🇾🇫🇷🇩🇪
⭐️大齡佛系追星⭐️
💫芭蕾人🩰。愛手作🧵🪡
💕音樂分享🎶",精神分裂,non_life,
lorihou_lovelife,Lori Hou,"來喔！
阿龍限動的服裝來囉🤭",2026/1/9 22:59,"Tainan City🌟Do my best！🌟
🇹🇼🇰🇷🇨🇦🇺🇸🇲🇴🇭🇰🇦🇺🇨🇳🇲🇾🇫🇷🇩🇪
⭐️大齡佛系追星⭐️
💫芭蕾人🩰。愛手作🧵🪡
💕音樂分享🎶",精神分裂,non_life,
lorihou_lovelife,Lori Hou,"誰叫你要穿那麼緊的褲子跳舞，裂開是正常的，你就夾緊一點！（裂得還有點大呢！）
笑死我了！😆
七嘴八舌好熱鬧喔
那奶音啦～撒嬌撒嬌的
塔哥，你還偷摸喔你！調皮😝
這團沒有一個正經的
三八兮兮⋯⋯😂",2026/1/9 22:49,"Tainan City🌟Do my best！🌟
🇹🇼🇰🇷🇨🇦🇺🇸🇲🇴🇭🇰🇦🇺🇨🇳🇲🇾🇫🇷🇩🇪
⭐️大齡佛系追星⭐️
💫芭蕾人🩰。愛手作🧵🪡
💕音樂分享🎶",精神分裂,non_life,
lorihou_lovelife,Lori Hou,"在等圍巾線材的空檔先做個小東西好了！
📍前往巴黎機場路的軍曹-包包上的雛菊吊飾
📍邊走邊講電話的權總vsF1賽車手-腰上掛的泡芙花
兄弟，你身上的毛線編織飾品配件也太多了，這是逼我要長進一點是吧？！😅",2026/1/9 21:04,"Tainan City🌟Do my best！🌟
🇹🇼🇰🇷🇨🇦🇺🇸🇲🇴🇭🇰🇦🇺🇨🇳🇲🇾🇫🇷🇩🇪
⭐️大齡佛系追星⭐️
💫芭蕾人🩰。愛手作🧵🪡
💕音樂分享🎶",精神分裂,non_life,
lorihou_lovelife,Lori Hou,"這是身上被植入了什麼蠕動蟲是嗎？🤣🤣🤣
好會扭
很會扭
扭得好有韻律感～
🤭🤭🤭",2026/1/9 19:27,"Tainan City🌟Do my best！🌟
🇹🇼🇰🇷🇨🇦🇺🇸🇲🇴🇭🇰🇦🇺🇨🇳🇲🇾🇫🇷🇩🇪
⭐️大齡佛系追星⭐️
💫芭蕾人🩰。愛手作🧵🪡
💕音樂分享🎶",精神分裂,non_life,
lorihou_lovelife,Lori Hou,"有事，兄弟罩你！
權氏兄弟就是阿龍的左右護法
你看你，差點軟腳跌倒
幸好得哥一把抓住🥰
小心一點啦！
來源：浮水印",2026/1/8 23:09,"Tainan City🌟Do my best！🌟
🇹🇼🇰🇷🇨🇦🇺🇸🇲🇴🇭🇰🇦🇺🇨🇳🇲🇾🇫🇷🇩🇪
⭐️大齡佛系追星⭐️
💫芭蕾人🩰。愛手作🧵🪡
💕音樂分享🎶",精神分裂,non_life,
lorihou_lovelife,Lori Hou,"同樣的問題，今年還是要再問一次！🤭
龍ㄚ，這次你搭商務艙還是頭等艙，還是包機？
（打破砂鍋問到底的堅持～）🤣🤣🤣",2026/1/8 21:17,"Tainan City🌟Do my best！🌟
🇹🇼🇰🇷🇨🇦🇺🇸🇲🇴🇭🇰🇦🇺🇨🇳🇲🇾🇫🇷🇩🇪
⭐️大齡佛系追星⭐️
💫芭蕾人🩰。愛手作🧵🪡
💕音樂分享🎶",精神分裂,non_life,
lorihou_lovelife,Lori Hou,"吃飯時間要好好的，專心的聽塔哥講中文❤️
其實，台灣的美女也很多
你快來看看啦！🥰",2026/1/8 18:45,"Tainan City🌟Do my best！🌟
🇹🇼🇰🇷🇨🇦🇺🇸🇲🇴🇭🇰🇦🇺🇨🇳🇲🇾🇫🇷🇩🇪
⭐️大齡佛系追星⭐️
💫芭蕾人🩰。愛手作🧵🪡
💕音樂分享🎶",精神分裂,non_life,
lorihou_lovelife,Lori Hou,"完全沒變的小孩
你有好好長大，而且長得真好～🥰",2026/1/8 18:31,"Tainan City🌟Do my best！🌟
🇹🇼🇰🇷🇨🇦🇺🇸🇲🇴🇭🇰🇦🇺🇨🇳🇲🇾🇫🇷🇩🇪
⭐️大齡佛系追星⭐️
💫芭蕾人🩰。愛手作🧵🪡
💕音樂分享🎶",精神分裂,non_life,
lorihou_lovelife,Lori Hou,"每天要叫818次Jiyong！
預備⋯⋯備，起！
🥰🥰🥰",2026/1/8 18:28,"Tainan City🌟Do my best！🌟
🇹🇼🇰🇷🇨🇦🇺🇸🇲🇴🇭🇰🇦🇺🇨🇳🇲🇾🇫🇷🇩🇪
⭐️大齡佛系追星⭐️
💫芭蕾人🩰。愛手作🧵🪡
💕音樂分享🎶",精神分裂,non_life,
lorihou_lovelife,Lori Hou,"認真覺得
如果FM Meeting成真的話
在韓國舉辦的機率最大
不可能又跑各國吧？！
可是，我真心覺得
阿龍其實偶爾開開直播和粉絲聊聊天，說說話就好
其他韓團不也都這樣嗎？
龍啊！去跟閨蜜-洙赫請教一下啦
人家他開直播很熟練，很會欸
你學學啦！
我真的擔心你的人身安全
100個虎哥夠嗎？",2026/1/8 11:46,"Tainan City🌟Do my best！🌟
🇹🇼🇰🇷🇨🇦🇺🇸🇲🇴🇭🇰🇦🇺🇨🇳🇲🇾🇫🇷🇩🇪
⭐️大齡佛系追星⭐️
💫芭蕾人🩰。愛手作🧵🪡
💕音樂分享🎶",精神分裂,non_life,
lorihou_lovelife,Lori Hou,"我就說，這團的成員基本上就是謎一樣的神奇物種
當粉絲，頭腦要很精光
不然不知道葫蘆裡賣什麼藥
接洗蝦毀？😂😂😂",2026/1/8 11:25,"Tainan City🌟Do my best！🌟
🇹🇼🇰🇷🇨🇦🇺🇸🇲🇴🇭🇰🇦🇺🇨🇳🇲🇾🇫🇷🇩🇪
⭐️大齡佛系追星⭐️
💫芭蕾人🩰。愛手作🧵🪡
💕音樂分享🎶",精神分裂,non_life,
lorihou_lovelife,Lori Hou,摟咪姐在放飯了喔⋯⋯🥰,2026/1/8 09:17,"Tainan City🌟Do my best！🌟
🇹🇼🇰🇷🇨🇦🇺🇸🇲🇴🇭🇰🇦🇺🇨🇳🇲🇾🇫🇷🇩🇪
⭐️大齡佛系追星⭐️
💫芭蕾人🩰。愛手作🧵🪡
💕音樂分享🎶",精神分裂,non_life,
lorihou_lovelife,Lori Hou,"嘖嘖嘖⋯⋯⋯⋯
你看看
這眉毛⋯⋯⋯⋯
這鼻子⋯⋯⋯⋯
這眼睛⋯⋯⋯⋯
❤️❤️❤️",2026/1/8 08:57,"Tainan City🌟Do my best！🌟
🇹🇼🇰🇷🇨🇦🇺🇸🇲🇴🇭🇰🇦🇺🇨🇳🇲🇾🇫🇷🇩🇪
⭐️大齡佛系追星⭐️
💫芭蕾人🩰。愛手作🧵🪡
💕音樂分享🎶",精神分裂,non_life,
lorihou_lovelife,Lori Hou,"喂！
拉褲子就拉褲子，需要那麼用力嗎？
看你那是什麼臭跩表情？！
真的要被你笑死！🤣
窩資倒！窩資倒！
你是連拉個褲子也要帥一波的人⋯⋯😆",2026/1/7 23:57,"Tainan City🌟Do my best！🌟
🇹🇼🇰🇷🇨🇦🇺🇸🇲🇴🇭🇰🇦🇺🇨🇳🇲🇾🇫🇷🇩🇪
⭐️大齡佛系追星⭐️
💫芭蕾人🩰。愛手作🧵🪡
💕音樂分享🎶",精神分裂,non_life,
lorihou_lovelife,Lori Hou,"冷冷的天氣，暖暖的擁抱
志龍的擁抱總是把人緊緊的很用力的抱著，感覺一定很溫暖❤️",2026/1/7 23:49,"Tainan City🌟Do my best！🌟
🇹🇼🇰🇷🇨🇦🇺🇸🇲🇴🇭🇰🇦🇺🇨🇳🇲🇾🇫🇷🇩🇪
⭐️大齡佛系追星⭐️
💫芭蕾人🩰。愛手作🧵🪡
💕音樂分享🎶",精神分裂,non_life,
lorihou_lovelife,Lori Hou,"台南人最愛玩的諧音梗😂
好好笑
我唸了幾次才會意過來🤭",2026/1/7 22:19,"Tainan City🌟Do my best！🌟
🇹🇼🇰🇷🇨🇦🇺🇸🇲🇴🇭🇰🇦🇺🇨🇳🇲🇾🇫🇷🇩🇪
⭐️大齡佛系追星⭐️
💫芭蕾人🩰。愛手作🧵🪡
💕音樂分享🎶",精神分裂,non_life,
lorihou_lovelife,Lori Hou,"真兄弟，真毒舌
詠裴真的有話直說，沒在跟你客氣的！😂
之前是誰說Jiyong嘴賤？
詠裴是也！
繼續！繼續！好好看！
😂😂😂",2026/1/7 19:52,"Tainan City🌟Do my best！🌟
🇹🇼🇰🇷🇨🇦🇺🇸🇲🇴🇭🇰🇦🇺🇨🇳🇲🇾🇫🇷🇩🇪
⭐️大齡佛系追星⭐️
💫芭蕾人🩰。愛手作🧵🪡
💕音樂分享🎶",精神分裂,non_life,
lorihou_lovelife,Lori Hou,"吃飯時～噹！
zoa 被把拔嚇到
我也被噹到😂",2026/1/7 19:09,"Tainan City🌟Do my best！🌟
🇹🇼🇰🇷🇨🇦🇺🇸🇲🇴🇭🇰🇦🇺🇨🇳🇲🇾🇫🇷🇩🇪
⭐️大齡佛系追星⭐️
💫芭蕾人🩰。愛手作🧵🪡
💕音樂分享🎶",精神分裂,non_life,
lorihou_lovelife,Lori Hou,"恭喜🎉恭喜🎉再恭喜🎊
龍兄弟，再次獲獎🏆",2026/1/7 13:33,"Tainan City🌟Do my best！🌟
🇹🇼🇰🇷🇨🇦🇺🇸🇲🇴🇭🇰🇦🇺🇨🇳🇲🇾🇫🇷🇩🇪
⭐️大齡佛系追星⭐️
💫芭蕾人🩰。愛手作🧵🪡
💕音樂分享🎶",精神分裂,non_life,
lorihou_lovelife,Lori Hou,"有有有！
確定有被你指到了啦！
（咻～一指穿心了我）😅
我就看你要憋多久才笑！（數起～）
算你厲害，10秒才破功。
限動別亂刪！（打你手收喔！）🤭",2026/1/6 22:45,"Tainan City🌟Do my best！🌟
🇹🇼🇰🇷🇨🇦🇺🇸🇲🇴🇭🇰🇦🇺🇨🇳🇲🇾🇫🇷🇩🇪
⭐️大齡佛系追星⭐️
💫芭蕾人🩰。愛手作🧵🪡
💕音樂分享🎶",精神分裂,non_life,
lorihou_lovelife,Lori Hou,"基本上我覺得這團每個都是神奇的物種🤭🤭🤭
很可愛又有趣
很好笑很天兵
然後也愛搞怪
歌聲辨識度高
怎麼能不愛？你說！😍",2026/1/6 11:52,"Tainan City🌟Do my best！🌟
🇹🇼🇰🇷🇨🇦🇺🇸🇲🇴🇭🇰🇦🇺🇨🇳🇲🇾🇫🇷🇩🇪
⭐️大齡佛系追星⭐️
💫芭蕾人🩰。愛手作🧵🪡
💕音樂分享🎶",精神分裂,non_life,
lorihou_lovelife,Lori Hou,"昨天有朋朋說：
阿龍是腳開過刀，腰沒問題。
窩資倒ㄚ！窩資倒ㄚ！（龍哥口吻）😅
大家只不過看他扶著腰，戲謔的說說而已⋯不要當真嘿！😂
他的腰力可好呢！
誰能像他一個後下腰直接拉上來的
我跳芭蕾，練過舞的人都沒自信能像他那麼俐落了！（慚愧！）🤭
龍哥的筋骨柔軟度是魯夫等級的呀！再加上舞蹈底子的深厚也是不見底的。💪🏼",2026/1/6 10:34,"Tainan City🌟Do my best！🌟
🇹🇼🇰🇷🇨🇦🇺🇸🇲🇴🇭🇰🇦🇺🇨🇳🇲🇾🇫🇷🇩🇪
⭐️大齡佛系追星⭐️
💫芭蕾人🩰。愛手作🧵🪡
💕音樂分享🎶",精神分裂,non_life,
lorihou_lovelife,Lori Hou,"你各位‼️
⚠️請注意⚠️
❣️1月8日❣️
看誰要幹大事了‼️
GDI-STAY TUNED🎉",2026/1/6 00:21,"Tainan City🌟Do my best！🌟
🇹🇼🇰🇷🇨🇦🇺🇸🇲🇴🇭🇰🇦🇺🇨🇳🇲🇾🇫🇷🇩🇪
⭐️大齡佛系追星⭐️
💫芭蕾人🩰。愛手作🧵🪡
💕音樂分享🎶",精神分裂,non_life,
lorihou_lovelife,Lori Hou,"看到粉絲把龍哥的限動再製作
我真的笑到停不下來⋯⋯
蘋果：「你好了嗎？」
橘子：「還沒呢！」
（完全是粉絲心裡想做的事）
🤣🤣🤣",2026/1/6 00:13,"Tainan City🌟Do my best！🌟
🇹🇼🇰🇷🇨🇦🇺🇸🇲🇴🇭🇰🇦🇺🇨🇳🇲🇾🇫🇷🇩🇪
⭐️大齡佛系追星⭐️
💫芭蕾人🩰。愛手作🧵🪡
💕音樂分享🎶",精神分裂,non_life,
lorihou_lovelife,Lori Hou,"完全不要擔心阿龍的腰
他的腰力可好著呢！🤭
詠裴會不會又出來嘴他一下：
「他都是演的」「都是假的」😂
哈哈哈！
好愛看他們互相傷害，互相糗對方，相互模仿的互動方式，真的很有趣！
不相信嗎？那我們就看看唄！
🌟不過，坐在地上那ㄧpart應該是真的有痛😫",2026/1/5 15:25,"Tainan City🌟Do my best！🌟
🇹🇼🇰🇷🇨🇦🇺🇸🇲🇴🇭🇰🇦🇺🇨🇳🇲🇾🇫🇷🇩🇪
⭐️大齡佛系追星⭐️
💫芭蕾人🩰。愛手作🧵🪡
💕音樂分享🎶",精神分裂,non_life,
lorihou_lovelife,Lori Hou,"昨晚志龍總共穿了四套服裝
其中這套他以前穿過
但gdfashion 還是放上資訊了
權志龍不管穿什麼款式都好看
任何時候穿都不違和
小時候我爸總跟我說：
「培養由內而外散發的氣質，遠比萬貫加值在身的裝飾衣物；氣質好，就算一塊抹布、窗簾布披在身上也是高貴無價」
幾年後認識權志龍，我懂了！❤️",2026/1/5 13:20,"Tainan City🌟Do my best！🌟
🇹🇼🇰🇷🇨🇦🇺🇸🇲🇴🇭🇰🇦🇺🇨🇳🇲🇾🇫🇷🇩🇪
⭐️大齡佛系追星⭐️
💫芭蕾人🩰。愛手作🧵🪡
💕音樂分享🎶",精神分裂,non_life,
lorihou_lovelife,Lori Hou,"《漏網鏡頭》大家看☺️
今天權小朋友被舞台上的聲妹逗到心花朵朵開
笑到流目油
手指頭擦了擦眼睛
這次沒有擦在衣服上
而是很認真的在找衛生紙⋯吧？！
「我找！我找！我找！找不到」😅
轉頭對摟咪姐叨念了一句
這姐沒理他，往旁邊瞧一眼，繼續拍😂
好好笑，摟咪姐昨晚真的一整個開 心忘我
❤️這哥低頭時，看著他的鼻子線條，好挺，好直，好好看❤️",2026/1/5 10:29,"Tainan City🌟Do my best！🌟
🇹🇼🇰🇷🇨🇦🇺🇸🇲🇴🇭🇰🇦🇺🇨🇳🇲🇾🇫🇷🇩🇪
⭐️大齡佛系追星⭐️
💫芭蕾人🩰。愛手作🧵🪡
💕音樂分享🎶",精神分裂,non_life,
lorihou_lovelife,Lori Hou,"今日份的開心🥳
可可愛愛的阿龍❤️
可以甜甜入夢了！",2026/1/4 23:53,"Tainan City🌟Do my best！🌟
🇹🇼🇰🇷🇨🇦🇺🇸🇲🇴🇭🇰🇦🇺🇨🇳🇲🇾🇫🇷🇩🇪
⭐️大齡佛系追星⭐️
💫芭蕾人🩰。愛手作🧵🪡
💕音樂分享🎶",精神分裂,non_life,
lorihou_lovelife,Lori Hou,"當我正在敷臉時
突然滑到你，害我整張面膜走鐘（因為大笑出來🤣）
厚唷！你真的好討厭！（跺腳）😂
不要老是這樣喔，跟你講！
😆😆😆😆",2026/1/4 22:42,"Tainan City🌟Do my best！🌟
🇹🇼🇰🇷🇨🇦🇺🇸🇲🇴🇭🇰🇦🇺🇨🇳🇲🇾🇫🇷🇩🇪
⭐️大齡佛系追星⭐️
💫芭蕾人🩰。愛手作🧵🪡
💕音樂分享🎶",精神分裂,non_life,
lorihou_lovelife,Lori Hou,"我就不說摟咪姐今晚有多開心了（笑到嘴合不攏了）
但是她拍出來的影片應該會失焦吧？🤣
沒關係！
我們就等等看吧！
🥰🥰🥰",2026/1/4 21:50,"Tainan City🌟Do my best！🌟
🇹🇼🇰🇷🇨🇦🇺🇸🇲🇴🇭🇰🇦🇺🇨🇳🇲🇾🇫🇷🇩🇪
⭐️大齡佛系追星⭐️
💫芭蕾人🩰。愛手作🧵🪡
💕音樂分享🎶",精神分裂,non_life,
lorihou_lovelife,Lori Hou,"鬍渣龍現身了！
來個特寫～
回眸一笑百媚生❤️
聲妹，晚上你的膝蓋準備好喔！
🤭🤭🤭",2026/1/4 13:23,"Tainan City🌟Do my best！🌟
🇹🇼🇰🇷🇨🇦🇺🇸🇲🇴🇭🇰🇦🇺🇨🇳🇲🇾🇫🇷🇩🇪
⭐️大齡佛系追星⭐️
💫芭蕾人🩰。愛手作🧵🪡
💕音樂分享🎶",精神分裂,non_life,
lorihou_lovelife,Lori Hou,"我就說
這團的這幾位先生
你們到底⋯⋯⋯🤣🤣🤣
詠裴，你練鐵頭功是吧？！😅
好了！
塔哥，你可以起來了！別玩了！
乖～🤭",2026/1/4 00:23,"Tainan City🌟Do my best！🌟
🇹🇼🇰🇷🇨🇦🇺🇸🇲🇴🇭🇰🇦🇺🇨🇳🇲🇾🇫🇷🇩🇪
⭐️大齡佛系追星⭐️
💫芭蕾人🩰。愛手作🧵🪡
💕音樂分享🎶",精神分裂,non_life,
lorihou_lovelife,Lori Hou,"天氣冷，毛帽、圍脖必備
台南昨晚真的冷到靠～北邊去了
南部人真的不禁冷😅
可當帽子和圍脖兩用挺實用的
就是無腦織
一直織，一直織，然後做兩個毛球就完成了。😂",2026/1/3 23:11,"Tainan City🌟Do my best！🌟
🇹🇼🇰🇷🇨🇦🇺🇸🇲🇴🇭🇰🇦🇺🇨🇳🇲🇾🇫🇷🇩🇪
⭐️大齡佛系追星⭐️
💫芭蕾人🩰。愛手作🧵🪡
💕音樂分享🎶",精神分裂,non_life,
lorihou_lovelife,Lori Hou,"優摟奔-原主唱來了！🥰
太陽哥哥就是疼聲妹
明天是不是龍哥當嘉賓呢？",2026/1/3 18:55,"Tainan City🌟Do my best！🌟
🇹🇼🇰🇷🇨🇦🇺🇸🇲🇴🇭🇰🇦🇺🇨🇳🇲🇾🇫🇷🇩🇪
⭐️大齡佛系追星⭐️
💫芭蕾人🩰。愛手作🧵🪡
💕音樂分享🎶",精神分裂,non_life,
lorihou_lovelife,Lori Hou,"你們看看！
你們看看！
這兩兄弟在幹嘛？！
笑鼠了我！😂😂😂",2026/1/3 17:48,"Tainan City🌟Do my best！🌟
🇹🇼🇰🇷🇨🇦🇺🇸🇲🇴🇭🇰🇦🇺🇨🇳🇲🇾🇫🇷🇩🇪
⭐️大齡佛系追星⭐️
💫芭蕾人🩰。愛手作🧵🪡
💕音樂分享🎶",精神分裂,non_life,
lorihou_lovelife,Lori Hou,"塔哥這股英氣超逼人⋯
啊啊啊！舌頭打打打結了！😳
我真的超級敬佩唱RAP的歌手🫡",2026/1/3 17:11,"Tainan City🌟Do my best！🌟
🇹🇼🇰🇷🇨🇦🇺🇸🇲🇴🇭🇰🇦🇺🇨🇳🇲🇾🇫🇷🇩🇪
⭐️大齡佛系追星⭐️
💫芭蕾人🩰。愛手作🧵🪡
💕音樂分享🎶",精神分裂,non_life,
lorihou_lovelife,Lori Hou,"詠裴的「零嘎零」唱完跳完
聲妹的也「啊」完
接著～塔哥帶我們唱「蹦！蝦嘎拉嘎」
不
要
停
🤣🤣🤣
今天真的要在我的版面瘋起來了！",2026/1/3 16:48,"Tainan City🌟Do my best！🌟
🇹🇼🇰🇷🇨🇦🇺🇸🇲🇴🇭🇰🇦🇺🇨🇳🇲🇾🇫🇷🇩🇪
⭐️大齡佛系追星⭐️
💫芭蕾人🩰。愛手作🧵🪡
💕音樂分享🎶",精神分裂,non_life,
lorihou_lovelife,Lori Hou,"啊！啊！啊！
啊！啊！啊！
啊！啊！啊！
聲ㄚ
我可以跟你一直「啊！」
😂😂😂
大家一起來「啊！」！🤣
我順便清河道⋯⋯😊",2026/1/3 16:35,"Tainan City🌟Do my best！🌟
🇹🇼🇰🇷🇨🇦🇺🇸🇲🇴🇭🇰🇦🇺🇨🇳🇲🇾🇫🇷🇩🇪
⭐️大齡佛系追星⭐️
💫芭蕾人🩰。愛手作🧵🪡
💕音樂分享🎶",精神分裂,non_life,
lorihou_lovelife,Lori Hou,"「蛤～」，真的不分國界😆
事情太多，蛤～！
作業太多，蛤～！
還要加班，蛤～！
無法放假，蛤～！
各種不同的蛤～很有趣
當初看到這段時覺得特別好笑
（怎麼跟我好像🤭）
所以把它剪出來
權老師被舞者「蛤」的表情也好可愛😍
但大家都好棒喔👍",2026/1/3 13:09,"Tainan City🌟Do my best！🌟
🇹🇼🇰🇷🇨🇦🇺🇸🇲🇴🇭🇰🇦🇺🇨🇳🇲🇾🇫🇷🇩🇪
⭐️大齡佛系追星⭐️
💫芭蕾人🩰。愛手作🧵🪡
💕音樂分享🎶",精神分裂,non_life,
lorihou_lovelife,Lori Hou,"兩個哥哥都要學一波
很愛學！很愛學！
太可愛的聲妹了！
好想知道哥哥們看了後的表情
太狂了你！",2026/1/3 12:29,"Tainan City🌟Do my best！🌟
🇹🇼🇰🇷🇨🇦🇺🇸🇲🇴🇭🇰🇦🇺🇨🇳🇲🇾🇫🇷🇩🇪
⭐️大齡佛系追星⭐️
💫芭蕾人🩰。愛手作🧵🪡
💕音樂分享🎶",精神分裂,non_life,
lorihou_lovelife,Lori Hou,"smell之後的sweat？？
你讓我笑到內傷，你要負責！
好煩喔你！🤣🤣🤣",2026/1/3 12:14,"Tainan City🌟Do my best！🌟
🇹🇼🇰🇷🇨🇦🇺🇸🇲🇴🇭🇰🇦🇺🇨🇳🇲🇾🇫🇷🇩🇪
⭐️大齡佛系追星⭐️
💫芭蕾人🩰。愛手作🧵🪡
💕音樂分享🎶",精神分裂,non_life,
lorihou_lovelife,Lori Hou,"今天想聽詠裴唱「鈴嘎鈴」的朋朋都來🥰
以前跳舞肌肉拉傷或肌肉緊繃、筋膜發炎，都還不知道有什麼肌效貼可以這裡貼、那裡固定
嗯，詠裴知道
先貼再説
BB永遠跑在最前端",2026/1/3 11:54,"Tainan City🌟Do my best！🌟
🇹🇼🇰🇷🇨🇦🇺🇸🇲🇴🇭🇰🇦🇺🇨🇳🇲🇾🇫🇷🇩🇪
⭐️大齡佛系追星⭐️
💫芭蕾人🩰。愛手作🧵🪡
💕音樂分享🎶",精神分裂,non_life,
lorihou_lovelife,Lori Hou,"這位厲害的粉絲又有新製作了！
裡面有剪輯MMA最新的影片喔
👍👍👍",2026/1/3 01:28,"Tainan City🌟Do my best！🌟
🇹🇼🇰🇷🇨🇦🇺🇸🇲🇴🇭🇰🇦🇺🇨🇳🇲🇾🇫🇷🇩🇪
⭐️大齡佛系追星⭐️
💫芭蕾人🩰。愛手作🧵🪡
💕音樂分享🎶",精神分裂,non_life,
lorihou_lovelife,Lori Hou,"塔普普，你寫字不要那麼用力啦
還有
zoa和她的好朋友 那些字是不是你寫的？
字跡看起來有點像？🤨",2026/1/3 00:42,"Tainan City🌟Do my best！🌟
🇹🇼🇰🇷🇨🇦🇺🇸🇲🇴🇭🇰🇦🇺🇨🇳🇲🇾🇫🇷🇩🇪
⭐️大齡佛系追星⭐️
💫芭蕾人🩰。愛手作🧵🪡
💕音樂分享🎶",精神分裂,non_life,
lorihou_lovelife,Lori Hou,"很愛學！很愛學！
聲妹，你晚上好好睡一覺蛤
明天龍哥肯定來搥你！
其實，我都想搥了！哈哈哈🤣",2026/1/2 22:03,"Tainan City🌟Do my best！🌟
🇹🇼🇰🇷🇨🇦🇺🇸🇲🇴🇭🇰🇦🇺🇨🇳🇲🇾🇫🇷🇩🇪
⭐️大齡佛系追星⭐️
💫芭蕾人🩰。愛手作🧵🪡
💕音樂分享🎶",精神分裂,non_life,
lorihou_lovelife,Lori Hou,"聲妹下班要回家睡覺
今天已經超過9點了🤣
這個髮色好看，好像大學生😊",2026/1/2 21:33,"Tainan City🌟Do my best！🌟
🇹🇼🇰🇷🇨🇦🇺🇸🇲🇴🇭🇰🇦🇺🇨🇳🇲🇾🇫🇷🇩🇪
⭐️大齡佛系追星⭐️
💫芭蕾人🩰。愛手作🧵🪡
💕音樂分享🎶",精神分裂,non_life,
lorihou_lovelife,Lori Hou,"G-DAE -RAGON baby
你真的好逗喔🤣",2026/1/2 21:17,"Tainan City🌟Do my best！🌟
🇹🇼🇰🇷🇨🇦🇺🇸🇲🇴🇭🇰🇦🇺🇨🇳🇲🇾🇫🇷🇩🇪
⭐️大齡佛系追星⭐️
💫芭蕾人🩰。愛手作🧵🪡
💕音樂分享🎶",精神分裂,non_life,
lorihou_lovelife,Lori Hou,"嘿嘿嘿
你們猜
這會是什麼？
🤭🤭🤭🤭🤭",2026/1/2 19:27,"Tainan City🌟Do my best！🌟
🇹🇼🇰🇷🇨🇦🇺🇸🇲🇴🇭🇰🇦🇺🇨🇳🇲🇾🇫🇷🇩🇪
⭐️大齡佛系追星⭐️
💫芭蕾人🩰。愛手作🧵🪡
💕音樂分享🎶",精神分裂,non_life,
lorihou_lovelife,Lori Hou,"聲妹首爾安可場
頭髮又染暗色了",2026/1/2 19:23,"Tainan City🌟Do my best！🌟
🇹🇼🇰🇷🇨🇦🇺🇸🇲🇴🇭🇰🇦🇺🇨🇳🇲🇾🇫🇷🇩🇪
⭐️大齡佛系追星⭐️
💫芭蕾人🩰。愛手作🧵🪡
💕音樂分享🎶",精神分裂,non_life,
lorihou_lovelife,Lori Hou,"幕後花絮其實很好看
剪輯一小段再來回味回味也是不錯🥰
元旦剛過，河道上鬧哄哄
我來清清河道
還是看看我的阿龍比較開心😘",2026/1/2 16:39,"Tainan City🌟Do my best！🌟
🇹🇼🇰🇷🇨🇦🇺🇸🇲🇴🇭🇰🇦🇺🇨🇳🇲🇾🇫🇷🇩🇪
⭐️大齡佛系追星⭐️
💫芭蕾人🩰。愛手作🧵🪡
💕音樂分享🎶",精神分裂,non_life,
lorihou_lovelife,Lori Hou,"塔普普，你是怎麼辦到的？
眼睛眨都不眨一下？
眼睛那麼大👀
眼睛那麼大👀
眼睛那麼大👀
I know！ I know！
不過，我都流目油了説😆
🌟還有還有
你們竟然知道芭蕾術語的cabriole（空中兩腳打擊），我也真是是服了！👍
難不成龍哥有教你？🤭",2026/1/2 12:53,"Tainan City🌟Do my best！🌟
🇹🇼🇰🇷🇨🇦🇺🇸🇲🇴🇭🇰🇦🇺🇨🇳🇲🇾🇫🇷🇩🇪
⭐️大齡佛系追星⭐️
💫芭蕾人🩰。愛手作🧵🪡
💕音樂分享🎶",精神分裂,non_life,
anyandic,Anyandic,"盤兒其實好真係有病
細個就冇老豆，阿媽賣身賣到出晒名，日日俾人笑，佢喺咁既環境成長，最後同老母和好但老母俾人輪死。對佢最好既師父其實利用佢想佢做秦王然後自己返屋企。
盤兒一路都要喺兩個身份切換，一方面既盤兒好掛住師父，因為對住師父佢先做得返自己，但另一方面要做秦王，要強要狠，最後就變精神分裂咁….
其實電視版真係講到盤兒已死，得返秦王，所以項少龍先走。但電影版兩個都有成長，盤兒其實一直仲喺度，項少龍亦都當佢係仔 冇得唔理佢🥲",2026/1/8 16:56,,精神分裂,non_life,
anyandic,Anyandic,如果25年後項少龍先返香港應該生存唔到，假設當年佢係百萬富翁，而家要養兩個老婆同仔，樓都買唔到🥲,2026/1/2 04:48,,精神分裂,non_life,
anyandic,Anyandic,"尋秦記電影劇透討論區
睇完之後覺得成件事又正左
1）舊人出場都好符合以往人設
2）打鬥好睇，不過項少龍如果有用返墨子劍法去打仲正
3）今集將師徒情昇華晒，尤其係結局果邊，項少龍講「順天而行」link返搵丹藥事件，之後秦王叫李斯要即刻做野，李斯話應該要休息下，但秦王講左句「時日無多」，佢知自己得返十年時間又唔想改變歷史，變相係想保護返師父（因為冇暴政應該就冇之後反抗，唔跟史實就大獲）
4）彩蛋結局好彩唔係真結局😂但亦都有做續集既可能（只係唔會再有項少龍）
5）林峯做得好好 秦王同盤兒之間既身份掙扎完全做到出來
6）果班反派完全係工具人😂😂😂😂",2025/12/31 17:56,,精神分裂,non_life,
angry_elephant67,angry_elephant67,"尋秦記 觀後感 | 正評部分🚩
內有劇透
1.寡人 善柔 李斯 三大MVP
林峯非常投入角色，演技精湛更勝當年，盤兒/秦皇角色變換做得好好，只係套戲後期剪到碎濕濕搞到佢好似有啲精神分裂咁，但基本上係由頭帶到落尾，非常精彩。善柔雖然戲份不多但非常有發揮空間，本身我會擔心善柔會唔會變咗熊尚善，顯然是我多慮了，加上滕麗名保養得宜，超靚！全劇最靚！李斯雖然最後先出現，戲份亦不算很多，但每句對白、動作都睇到Silly對呢個角色既理解同用心，比當年多咗一份老練同埋奸詐，真係好好戲，睇得非常舒服。
大陸佬大陸妹戲份多又如何？所以話戲份唔需要多，你做得夠好大家都會認同你。
2. 第一結局不錯
結局將呢件事連繫到落正史嘅「徐福東渡」尋找長生不老藥，我覺得埋尾埋得好，尤其最後一段戲，師徒情感係幾感動，加埋tvb片段加左少少分，亦都驟覺已經真係過左二十幾年，情感加分。
3. 第二結局
呢個結局雖然好鳩，但係都幾符合大家想睇既嘢，我自己都算幾鍾意亦都冇諗過公主會咁樣出現返，呢一個奇幻結局既處理都令我對呢套電影加咗少少分。
但係點解Brian一句對白都冇？係cut咗定係本身就冇對白？",2026/1/1 13:48,人生導師,精神分裂,not_enough_posts,
yyyyyyyin_g,"╮(￣▽￣"""")╭",你们到底有没有看过五月天演唱会啊 有没有坐过1855啊 一个1700就大喊大叫😱,2026/1/9 13:18,别惹我,精神分裂,non_life,
yyyyyyyin_g,"╮(￣▽￣"""")╭",每天都是zlq和小作文 能不能直接把结婚证甩我脸上啊🫰🏻虽然我也不在意他结不结婚😉tfhc破防的不会还在幻想自己能嫁给阿信吧🥱,2026/1/9 12:06,别惹我,精神分裂,non_life,
yyyyyyyin_g,"╮(￣▽￣"""")╭",我就是尿尿喜欢人陪的美乐蒂啊这也有错,2026/1/9 11:29,别惹我,精神分裂,non_life,
yyyyyyyin_g,"╮(￣▽￣"""")╭",入赘贫穷破防女大和石乐志无脑宝妈我真没空跟你们闹了 一个说啥一个信啥 你俩过一辈子吧,2026/1/9 10:28,别惹我,精神分裂,non_life,
yyyyyyyin_g,"╮(￣▽￣"""")╭",有没有对看完演出想仅退款rz的不感兴趣按钮 你们说还钱的样子真的很狼狈,2026/1/8 14:01,别惹我,精神分裂,non_life,
yyyyyyyin_g,"╮(￣▽￣"""")╭",想对很多人说脱粉了又怎样你很牛吗？放下你的身段。🫰🏻,2026/1/8 11:00,别惹我,精神分裂,non_life,
yyyyyyyin_g,"╮(￣▽￣"""")╭","得不到眼色的rz们看见全明星一家亲更加气急败坏的申请仅退款了🫰🏻你真的很难被轰走
xxyy：没有打发乞丐的义务💅",2026/1/7 21:26,别惹我,精神分裂,non_life,
yyyyyyyin_g,"╮(￣▽￣"""")╭",一点网感没有 我该说你们这群rz们又萌又穷吗🤓,2026/1/7 19:41,别惹我,精神分裂,non_life,
yyyyyyyin_g,"╮(￣▽￣"""")╭",入赘姐们去看ffcd晒一下位置好吗🫰萌萌美乐蒂派人线下真实你们🫶🏻,2026/1/7 15:24,别惹我,精神分裂,non_life,
yyyyyyyin_g,"╮(￣▽￣"""")╭",这两天滑脆滑到手臂肌肉都抽筋了谁敢信🫰,2026/1/7 13:00,别惹我,精神分裂,non_life,
yyyyyyyin_g,"╮(￣▽￣"""")╭",iren已经安静两天了 她是不是上copy姐账号了🫰,2026/1/7 12:21,别惹我,精神分裂,non_life,
yyyyyyyin_g,"╮(￣▽￣"""")╭",我必不是等闲之辈🤗🫶🫵🤭😅,2026/1/6 23:28,别惹我,精神分裂,non_life,
yyyyyyyin_g,"╮(￣▽￣"""")╭",🫶🏻,2026/1/6 11:58,别惹我,精神分裂,non_life,
yyyyyyyin_g,"╮(￣▽￣"""")╭",要闽南语的你当务之急是把5526固定歌单尬车学会,2026/1/5 17:26,别惹我,精神分裂,non_life,
yyyyyyyin_g,"╮(￣▽￣"""")╭",经常在河道刷到指名道姓就是在骂你的帖子苹果老奶你就算是个m也该爽了吧,2026/1/5 17:20,别惹我,精神分裂,non_life,
yyyyyyyin_g,"╮(￣▽￣"""")╭",滚回内娱🤗,2026/1/5 12:53,别惹我,精神分裂,non_life,
yyyyyyyin_g,"╮(￣▽￣"""")╭",哈哈哈哈 那禽可以先晒一下自己到底是什么颜色的护照吗,2026/1/5 12:27,别惹我,精神分裂,non_life,
yyyyyyyin_g,"╮(￣▽￣"""")╭",老奶你这种职业追星人可以滚出wyt圈子吗 新欢流量差的没法看 叫你句老师还真以为自己是老师了 别再吃wmls红利了 还有你被执法照片你想看看吗,2026/1/3 14:28,别惹我,精神分裂,non_life,
yyyyyyyin_g,"╮(￣▽￣"""")╭",看演出想仅退款的某人是想拿自己一万六的生日场去换新手机吗 合着你追五月天是来看他们脸的不是来听歌的？真的没什么好喷了开始拿脸说事了是吧 别把你追的时代少年团跟五月天混为一谈 某猪丸子你不仅需要看看脑子还需要看看眼睛,2026/1/2 20:30,别惹我,精神分裂,non_life,
yyyyyyyin_g,"╮(￣▽￣"""")╭",支持⬆️,2026/1/2 14:55,别惹我,精神分裂,non_life,
yyyyyyyin_g,"╮(￣▽￣"""")╭",陳信宏我受你一靠子*^o^*@ashin_ig,2026/1/1 01:03,别惹我,精神分裂,non_life,
yyyyyyyin_g,"╮(￣▽￣"""")╭",保护头头写小诗自由,2025/12/31 18:47,别惹我,精神分裂,non_life,
yyyyyyyin_g,"╮(￣▽￣"""")╭","认识五月天十多年 他们是好是坏我还不清楚吗
说到底他们没变成你梦里他们的样子罢了
不过话说回来 你算老几(^^;;",2025/12/31 13:24,别惹我,精神分裂,non_life,
yyyyyyyin_g,"╮(￣▽￣"""")╭","好了其实我只关心今天晚上我能不能陪五月天fly to 2026好了吧╮(￣▽￣"""")╭",2025/12/31 11:52,别惹我,精神分裂,non_life,
dongheok12,葡萄C.,"從沒想過二胎的生活會讓我如此崩潰，難以自癒。原本的初心是想給老大生個伴，最後卻發現給她的陪伴越來越少。對她說得最多的就是「小聲點」、「自己玩」、「自己睡覺」、「自己上廁所，媽媽要帶妹妹」。導致她現在壞習慣一堆，每天不是看電視就是看手機。想想以前，她是我的全部啊——我會陪她睡覺、陪她畫畫、陪她看書、陪她散步。現在的她，每天都要承受我的暴躁情緒，還要反過來討好我。
我每天都在無盡的自責中，總覺得虧欠老大。終於理解了那句話：愛是盡力而為，卻仍覺虧欠！可是小的我也沒照顧好，滿月後就一直感冒。其實帶娃再累我都不覺得辛苦，但只要她們感冒生病，我就感覺精神崩潰。每天我就像個精神分裂者，一會想通了，一會又難過起來。日子就是一邊崩潰，一邊自癒。一天24小時獨自帶娃，累到渾身痠痛，卻還是要咬牙堅持。
每天都告訴自己：總會熬過去的。哪有什麼為母則剛？只不過都是在硬扛。熬過去了，誰給的糖都不要了。現在的願望就是——孩子們不生病，就是上天對我最好的眷顧了。",2025/11/24 13:58,"🍪 小小日常，大大可愛
💛 收集生活裡的甜甜",精神分裂,not_enough_posts,
dongheok12,葡萄C.,🌿 把日子過得溫柔,2025/11/24 13:15,"🍪 小小日常，大大可愛
💛 收集生活裡的甜甜",精神分裂,not_enough_posts,
iljcnu_xy,iljcnu_xy,"精神分裂不是人格分裂
躁鬱症不是很暴躁
望周知",2025/9/30 22:04,#NAME?,精神分裂,pass,
iljcnu_xy,iljcnu_xy,"幹 就是你把留言過濾掉的
還嫌太安靜",2025/9/30 20:08,#NAME?,精神分裂,pass,
iljcnu_xy,iljcnu_xy,"搞不懂有些人為什麼要這麼在乎流量
尤其是在 threads 這種流量不能直接變現的平台
流量到底能代表什麼",2025/9/30 19:05,#NAME?,精神分裂,pass,
iljcnu_xy,iljcnu_xy,記得把鬧鐘調回來,2025/9/29 22:46,#NAME?,精神分裂,pass,
iljcnu_xy,iljcnu_xy,"有些人是一開始就沒打算被說服的
不管你拿出什麼證據，他都能找到理由反駁，哪怕他的理由看起來有多荒誕
跟這種人爭論永遠不可能有結果
一旦他開始找不到理由，就會開始攻擊你本身，或是硬把你劃分到某個陣營或群體
而當你開始決定不理他，他就會說你被他辯得啞口無言，讓他獲得一些精神上的勝利
所以他永遠都不會有輸的那一天",2025/9/29 22:12,#NAME?,精神分裂,pass,
iljcnu_xy,iljcnu_xy,各位鬧鐘記得關,2025/9/28 23:23,#NAME?,精神分裂,pass,
iljcnu_xy,iljcnu_xy,想不到發什麼 只想發財,2025/9/27 23:43,#NAME?,精神分裂,pass,
iljcnu_xy,iljcnu_xy,爽啦放三天,2025/9/26 23:19,#NAME?,精神分裂,pass,
iljcnu_xy,iljcnu_xy,體育課打羽球被校隊虐爛,2025/9/25 22:24,#NAME?,精神分裂,pass,
iljcnu_xy,iljcnu_xy,原來現在發文都不用先確認真實性,2025/9/24 22:57,#NAME?,精神分裂,pass,
iljcnu_xy,iljcnu_xy,"剛剛看到有人在討論生魚片
搞得我現在好想吃生魚片
幹 好餓",2025/9/24 17:44,#NAME?,精神分裂,pass,
iljcnu_xy,iljcnu_xy,咖哩勾芡是三小,2025/9/24 12:20,#NAME?,精神分裂,pass,
iljcnu_xy,iljcnu_xy,"如果你自認膽子夠大 不害怕血腥的傷口
可以去google「gun shot wound」
做好心理準備 裡面有一些臉被打爛的圖片
（如果你有一點遲疑要不要看的話就建議你不要",2025/9/24 07:27,#NAME?,精神分裂,pass,
iljcnu_xy,iljcnu_xy,其實朋友的限動我都只是快速點過去而已,2025/9/23 23:06,#NAME?,精神分裂,pass,
iljcnu_xy,iljcnu_xy,能不能來一個有颱風假但不會造成災情的颱風,2025/9/22 22:45,#NAME?,精神分裂,pass,
iljcnu_xy,iljcnu_xy,剪完頭髮真的不想去學校,2025/9/21 22:31,#NAME?,精神分裂,pass,
iljcnu_xy,iljcnu_xy,"我覺得對於性少數群體最理想的社會狀況是
不需要特別「出櫃」說自己喜歡哪個性別
甚至「異性戀 同性戀」等等的分類都是多餘的
因為每個人都有自己喜歡的性別偏好 這是正常的
不需要因為喜歡哪個性別被分類",2025/9/21 22:12,#NAME?,精神分裂,pass,
iljcnu_xy,iljcnu_xy,已經開始為禮拜一的到來悲傷了,2025/9/20 23:39,#NAME?,精神分裂,pass,
iljcnu_xy,iljcnu_xy,哥眼睛有點太大 快笑死,2025/9/20 23:04,#NAME?,精神分裂,pass,
iljcnu_xy,iljcnu_xy,「媽咪」也太可愛,2025/9/20 18:53,#NAME?,精神分裂,pass,
iljcnu_xy,iljcnu_xy,世界上最應該要有讀心術的人是理髮師,2025/9/20 12:37,#NAME?,精神分裂,pass,
iljcnu_xy,iljcnu_xy,我要放假我要放假我要放假,2025/9/19 23:09,#NAME?,精神分裂,pass,
iljcnu_xy,iljcnu_xy,常常把書帶回家以為自己會讀,2025/9/18 23:03,#NAME?,精神分裂,pass,
iljcnu_xy,iljcnu_xy,什麼時候可以成功,2025/9/17 22:36,#NAME?,精神分裂,pass,
iljcnu_xy,iljcnu_xy,"「附議」跟「覆議」是意思幾乎相反的兩個詞
要支持某一方的時候可以先打對字嗎",2025/9/17 22:35,#NAME?,精神分裂,pass,
iljcnu_xy,iljcnu_xy,"其實我有自虐傾向
具體的作為是
看到白痴言論卻不封鎖
然後繼續被這些帳號的腦弱言論搞到血壓高",2025/9/17 22:02,#NAME?,精神分裂,pass,
iljcnu_xy,iljcnu_xy,"10點上課的提案是沒有仔細考慮過可行性
縮短寒暑假和5點上課9點放學的就是純白痴
把一個民主改善的平台當玩具在玩
可悲",2025/9/17 07:19,#NAME?,精神分裂,pass,
iljcnu_xy,iljcnu_xy,為什麼一直有人在提莫名其妙的連署,2025/9/16 23:07,#NAME?,精神分裂,pass,
yuchiiii4,yuchiiii4,我一分鐘八萬個情緒跟他媽精神分裂一樣,2026/1/11 09:42,慢慢來,精神分裂,pass,
yuchiiii4,yuchiiii4,不知道要吃什麼,2026/1/11 09:42,慢慢來,精神分裂,pass,
yuchiiii4,yuchiiii4,操！,2026/1/11 09:42,慢慢來,精神分裂,pass,
yuchiiii4,yuchiiii4,我沒辦法做到不在意,2026/1/11 09:41,慢慢來,精神分裂,pass,
yuchiiii4,yuchiiii4,兄弟，刺蝟扎人非常痛,2026/1/11 09:40,慢慢來,精神分裂,pass,
yuchiiii4,yuchiiii4,愛人的能力 是需要勇氣 我鋪開我的心,2026/1/11 09:38,慢慢來,精神分裂,pass,
yuchiiii4,yuchiiii4,心情不好的時候就想發一篇長篇大論讓別人都知道我很難過 結果寫了幾段文字之後 發現自己文化水平不夠 寫的狗屁不通讀的也不通暢 基本邏輯都不對勁 躺床上哭了一下之後還是刪除了,2026/1/11 09:33,慢慢來,精神分裂,pass,
yuchiiii4,yuchiiii4,操！,2026/1/11 09:30,慢慢來,精神分裂,pass,
yuchiiii4,yuchiiii4,這世界上怎麼會有如此寒冷的氣候,2026/1/11 09:30,慢慢來,精神分裂,pass,
yuchiiii4,yuchiiii4,今天早上不emo 因為我快冷死了,2026/1/11 09:29,慢慢來,精神分裂,pass,
yuchiiii4,yuchiiii4,有裂縫才會有光線,2026/1/11 09:27,慢慢來,精神分裂,pass,
yuchiiii4,yuchiiii4,我只是說說 活到至今依然連男生的嘴都沒親過,2026/1/11 09:20,慢慢來,精神分裂,pass,
yuchiiii4,yuchiiii4,早上好朋友們,2026/1/11 09:17,慢慢來,精神分裂,pass,
yuchiiii4,yuchiiii4,晚安朋友們,2026/1/11 03:53,慢慢來,精神分裂,pass,
yuchiiii4,yuchiiii4,怕真相 太難看,2026/1/11 03:50,慢慢來,精神分裂,pass,
yuchiiii4,yuchiiii4,我總是設身處地的為別人著想,2026/1/11 03:50,慢慢來,精神分裂,pass,
yuchiiii4,yuchiiii4,他們問我丟掉了太多遺不遺憾 一半一半,2026/1/11 03:48,慢慢來,精神分裂,pass,
yuchiiii4,yuchiiii4,明天要上班 現在還醒著ㄎㄎㄎㄎ真是好大的膽子呀,2026/1/11 03:48,慢慢來,精神分裂,pass,
yuchiiii4,yuchiiii4,回訊息還要配速是怎樣 你在跑5000嗎,2026/1/11 02:42,慢慢來,精神分裂,pass,
yuchiiii4,yuchiiii4,我的耐心簡直就是0,2026/1/11 02:42,慢慢來,精神分裂,pass,
yuchiiii4,yuchiiii4,快去學！,2026/1/11 02:39,慢慢來,精神分裂,pass,
yuchiiii4,yuchiiii4,不要裝笨好不好 你根本就沒那麼傻 你什麼都知道,2026/1/11 02:36,慢慢來,精神分裂,pass,
yuchiiii4,yuchiiii4,好想去貓咖,2026/1/10 23:52,慢慢來,精神分裂,pass,
yuchiiii4,yuchiiii4,幹幹幹幹咒術迴戰出新的了兄弟姐妹們！！！,2026/1/10 23:25,慢慢來,精神分裂,pass,
yuchiiii4,yuchiiii4,我好累,2026/1/10 23:18,慢慢來,精神分裂,pass,
yuchiiii4,yuchiiii4,你騙了我之後被我發現了 所以我也跟著你騙我自己,2026/1/10 23:17,慢慢來,精神分裂,pass,
yuchiiii4,yuchiiii4,表達自己是一件很累的事情 像從我凌亂的一天里剪出一團毛線慢吞吞的纏起來 跟你說哪裡是頭哪裡是尾 絕大時候我連氣都不嘆就決定算了,2026/1/10 23:16,慢慢來,精神分裂,pass,
yuchiiii4,yuchiiii4,你的愛不可以分給好多人 不然這算什麼愛 這叫普發,2026/1/10 23:15,慢慢來,精神分裂,pass,
yuchiiii4,yuchiiii4,如果你有我就夠了 那麼我也是 真的,2026/1/10 23:14,慢慢來,精神分裂,pass,
yuchiiii4,yuchiiii4,我一直嘰哩呱啦會不會很吵,2026/1/10 23:13,慢慢來,精神分裂,pass,
yuchiiii4,yuchiiii4,我的腦袋好像一直都在極速運轉 沒有停下來過,2026/1/10 23:07,慢慢來,精神分裂,pass,
yuchiiii4,yuchiiii4,透過手指間看著天花板 我在極度難過的時候都這麼做,2026/1/10 23:06,慢慢來,精神分裂,pass,
yuchiiii4,yuchiiii4,不要因為離開了一個傷害了你卻毫無愧疚的人而感到內疚,2026/1/10 23:05,慢慢來,精神分裂,pass,
yuchiiii4,yuchiiii4,感覺總是反思是焦慮的一種,2026/1/10 23:05,慢慢來,精神分裂,pass,
yuchiiii4,yuchiiii4,享受仁至義盡後的心安理得,2026/1/10 23:04,慢慢來,精神分裂,pass,
yuchiiii4,yuchiiii4,我其實一開始很鄙夷電影中的男女有嘴為什麼不會表達 直到今天我看著聊天框發呆 好想跟她說一句我想你了 又怕自己在他心裡完全沒有任何一點份量 就會轉變為厭煩,2026/1/10 23:03,慢慢來,精神分裂,pass,
yuchiiii4,yuchiiii4,"在社交中我完全被動 不會主動去找對方聊天
我超級害怕對方其實根本不想和我聊然後我還不知道 一直往上湊 但我又很期待對方能主動找我",2026/1/10 23:02,慢慢來,精神分裂,pass,
yuchiiii4,yuchiiii4,我好像總是在問為什麼,2026/1/10 23:01,慢慢來,精神分裂,pass,
yuchiiii4,yuchiiii4,平靜和麻木的界限往往很微妙,2026/1/10 22:54,慢慢來,精神分裂,pass,
yuchiiii4,yuchiiii4,我現在比任何時候都需要你,2026/1/10 22:52,慢慢來,精神分裂,pass,
yuchiiii4,yuchiiii4,老大我們這樣裝憂鬱孤獨真的有用嗎,2026/1/10 22:52,慢慢來,精神分裂,pass,
yuchiiii4,yuchiiii4,破生活誰愛過誰過！,2026/1/10 22:51,慢慢來,精神分裂,pass,
yuchiiii4,yuchiiii4,操！,2026/1/10 22:50,慢慢來,精神分裂,pass,
yuchiiii4,yuchiiii4,今天抬頭可以看到星星,2026/1/10 22:50,慢慢來,精神分裂,pass,
yuchiiii4,yuchiiii4,你他媽的這顆心到底為多少人跳動過,2026/1/10 22:50,慢慢來,精神分裂,pass,
yuchiiii4,yuchiiii4,細膩的心是天賦也是枷鎖,2026/1/10 22:48,慢慢來,精神分裂,pass,
yuchiiii4,yuchiiii4,我其實只是希望別人也像我對待他們一樣對待我,2026/1/10 22:47,慢慢來,精神分裂,pass,
yuchiiii4,yuchiiii4,好喜歡吃巴斯克蛋糕,2026/1/10 22:46,慢慢來,精神分裂,pass,
yuchiiii4,yuchiiii4,如果對方影響到你的情緒了那就不要相處下去了,2026/1/8 22:11,慢慢來,精神分裂,pass,
yuchiiii4,yuchiiii4,愛是一種精神病,2026/1/8 22:11,慢慢來,精神分裂,pass,
yuchiiii4,yuchiiii4,你們到底要為了一個普通男人做到什麼程度？,2026/1/8 22:11,慢慢來,精神分裂,pass,
yuchiiii4,yuchiiii4,她懂 但是她心不夠狠,2026/1/8 22:10,慢慢來,精神分裂,pass,
yuchiiii4,yuchiiii4,"當這個男的總給你一種忽上忽下的感覺 
他就是
享受曖昧不想負責",2026/1/8 22:10,慢慢來,精神分裂,pass,
yuchiiii4,yuchiiii4,祝你們冬至平安、聖誕快樂，新年有人陪，農歷年和這輩子此生最深刻的情感和解與擁抱。,2026/1/8 15:14,慢慢來,精神分裂,pass,
yuchiiii4,yuchiiii4,我需要被你需要 親愛的,2026/1/7 21:08,慢慢來,精神分裂,pass,
yuchiiii4,yuchiiii4,我最愛的人必須是我自己,2026/1/7 16:29,慢慢來,精神分裂,pass,
yuchiiii4,yuchiiii4,雜亂的情緒我理不清啦幹,2026/1/4 04:47,慢慢來,精神分裂,pass,
yuchiiii4,yuchiiii4,希望你今年不再孤單 希望我也是,2026/1/4 04:46,慢慢來,精神分裂,pass,
yuchiiii4,yuchiiii4,想要的最簡單也最難,2026/1/4 04:46,慢慢來,精神分裂,pass,
yuchiiii4,yuchiiii4,果然真的經歷夠多就慢慢知道怎麼應對了,2026/1/4 04:45,慢慢來,精神分裂,pass,
yuchiiii4,yuchiiii4,越是人聲鼎沸我就越覺得你應該在我身邊,2026/1/4 04:44,慢慢來,精神分裂,pass,
yuchiiii4,yuchiiii4,我到底幹嘛那麼作賤自己 人家對我好一點我就愛得死去活來,2026/1/4 04:43,慢慢來,精神分裂,pass,
yuchiiii4,yuchiiii4,不要跟屁孩談戀愛不要跟屁孩談戀愛不要跟屁孩談戀愛,2026/1/4 04:43,慢慢來,精神分裂,pass,
yuchiiii4,yuchiiii4,下次不許願了 不然老天爺就知道怎樣搞我最痛 操,2026/1/4 04:40,慢慢來,精神分裂,pass,
yuchiiii4,yuchiiii4,幸好你每天都有聊不完的女孩 要不然我走了 你孤獨一人 我心疼,2026/1/2 01:07,慢慢來,精神分裂,pass,
yuchiiii4,yuchiiii4,我的拖延症已經嚴重到連睡覺都要拖,2026/1/1 20:54,慢慢來,精神分裂,pass,
yuchiiii4,yuchiiii4,但我好像也只會在心裡給人默默扣分  但是對我好一點了 我又會給他加回來  甚至覺得是自己之前太計較了  要是說出來就收不回去了  很糟糕,2026/1/1 20:26,慢慢來,精神分裂,pass,
yuchiiii4,yuchiiii4,我一直在哭但沒有一次是因為幸福,2026/1/1 20:25,慢慢來,精神分裂,pass,
yuchiiii4,yuchiiii4,老實說到此為止我生命中所有最糟糕的時候都是我獨自一人度過的 所以我有時候會覺得去愛人或者被愛都毫無意義,2026/1/1 20:23,慢慢來,精神分裂,pass,
yuchiiii4,yuchiiii4,希望2026可以順利平安快樂幸福,2026/1/1 18:33,慢慢來,精神分裂,pass,
yuchiiii4,yuchiiii4,"你不需要把今年總結清楚
你只需要知道
哪些事
不值得再帶到明年",2025/12/31 22:34,慢慢來,精神分裂,pass,
yuchiiii4,yuchiiii4,親愛的自己 人生總是柳暗花明,2025/12/31 14:34,慢慢來,精神分裂,pass,
yuchiiii4,yuchiiii4,任何一段關係都要經歷無數次測驗 嗎,2025/12/31 14:31,慢慢來,精神分裂,pass,
yuchiiii4,yuchiiii4,愛只是愛 偉大的愛情到頭來也只是愛,2025/12/31 13:25,慢慢來,精神分裂,pass,
yuchiiii4,yuchiiii4,他在挑釁我,2025/12/31 13:24,慢慢來,精神分裂,pass,
yuchiiii4,yuchiiii4,人變得好快 我想不明白,2025/12/31 00:25,慢慢來,精神分裂,pass,
yuchiiii4,yuchiiii4,哭到發抖 完全控制不住,2025/12/31 00:05,慢慢來,精神分裂,pass,
yuchiiii4,yuchiiii4,我覺得一個人不喜歡另一個人不是什麼錯 但是不能一下表現喜歡一下又表現得不喜歡 這不是在玩弄人心嗎,2025/12/30 22:46,慢慢來,精神分裂,pass,
yuchiiii4,yuchiiii4,你們開心嗎？,2025/12/30 22:04,慢慢來,精神分裂,pass,
yuchiiii4,yuchiiii4,我今天也過得很開心,2025/12/30 22:04,慢慢來,精神分裂,pass,
yuchiiii4,yuchiiii4,我覺得人生不能總做正確的選擇 偶爾也要做自己喜歡的選擇,2025/12/30 22:03,慢慢來,精神分裂,pass,
yuchiiii4,yuchiiii4,把人推開再裝楚楚可憐的樣子給誰看？,2025/12/30 12:39,慢慢來,精神分裂,pass,
yuchiiii4,yuchiiii4,我覺得這場大雨太久了 我已經麻木了 mamamoo,2025/12/30 12:23,慢慢來,精神分裂,pass,
yuchiiii4,yuchiiii4,人不該期待承諾，但是要信守承諾,2025/12/30 01:44,慢慢來,精神分裂,pass,
yuchiiii4,yuchiiii4,突然的疏遠比任何語言都傷人,2025/12/29 23:25,慢慢來,精神分裂,pass,
yuchiiii4,yuchiiii4,我要照顧好我自己,2025/12/29 20:57,慢慢來,精神分裂,pass,
yuchiiii4,yuchiiii4,不管怎樣都不能讓媽媽傷心,2025/12/29 20:56,慢慢來,精神分裂,pass,
yuchiiii4,yuchiiii4,這輩子收的第一朵花是媽媽給的,2025/12/29 20:56,慢慢來,精神分裂,pass,
yuchiiii4,yuchiiii4,睡覺 懦夫行為,2025/12/29 20:37,慢慢來,精神分裂,pass,
yuchiiii4,yuchiiii4,711的蓮花焦糖脆餅巴斯克超級好吃⋯,2025/12/29 18:26,慢慢來,精神分裂,pass,
yuchiiii4,yuchiiii4,我全盤接受,2025/12/29 14:39,慢慢來,精神分裂,pass,
yuchiiii4,yuchiiii4,人心真的瞬息萬變,2025/12/29 14:39,慢慢來,精神分裂,pass,
yuchiiii4,yuchiiii4,我失去了我的全世界,2025/12/29 14:38,慢慢來,精神分裂,pass,
yuchiiii4,yuchiiii4,心就是很空很空 空到很害怕 我好像什麼都沒有了,2025/12/29 14:38,慢慢來,精神分裂,pass,
yuchiiii4,yuchiiii4,"今天去了上次你帶我去的海邊 你上次說
我們要手牽手 到很老很老 老到我們 走不動",2025/12/29 14:37,慢慢來,精神分裂,pass,
yuchiiii4,yuchiiii4,好冷清,2025/12/29 14:36,慢慢來,精神分裂,pass,
yuchiiii4,yuchiiii4,我一分鐘可以有300種情緒,2025/12/29 14:36,慢慢來,精神分裂,pass,
yuchiiii4,yuchiiii4,愛像是一場小雨 淅瀝瀝淅瀝瀝 滴入我回憶,2025/12/29 14:35,慢慢來,精神分裂,pass,
yuchiiii4,yuchiiii4,"早上好 他說你們這幾天都待在一起 你過得很幸福 
雖然眼眶還是時常泛紅 鼻子常常突然酸酸的 但還是替你感到開心 你幸福就好了 身邊不是我 也一點關係都沒有",2025/12/29 14:31,慢慢來,精神分裂,pass,
yuchiiii4,yuchiiii4,陽光很好 別走進悲傷的角落,2025/12/29 01:07,慢慢來,精神分裂,pass,
yuchiiii4,yuchiiii4,"我不是一個傳統意義上安靜或活潑的人
我像一棵樹 有人撥動我的葉子我便給予相同的反饋沒人時就靜靜地矗立 隨著風輕輕的晃",2025/12/29 01:05,慢慢來,精神分裂,pass,
yuchiiii4,yuchiiii4,我有逐漸好起來的跡象,2025/12/29 01:00,慢慢來,精神分裂,pass,
yuchiiii4,yuchiiii4,親愛的你躲在那裡發呆～,2025/12/29 00:58,慢慢來,精神分裂,pass,
yuchiiii4,yuchiiii4,我們都要一直幸福好嗎,2025/12/29 00:54,慢慢來,精神分裂,pass,
yuchiiii4,yuchiiii4,先這樣吧 你好好的,2025/12/29 00:09,慢慢來,精神分裂,pass,
yuchiiii4,yuchiiii4,你有想我嗎 早就習慣自問自答,2025/12/29 00:09,慢慢來,精神分裂,pass,
yuchiiii4,yuchiiii4,為何留不住 你手心的溫暖,2025/12/29 00:02,慢慢來,精神分裂,pass,
yuchiiii4,yuchiiii4,我總是把所有錯都推到自己身上,2025/12/28 11:46,慢慢來,精神分裂,pass,
lorihou_lovelife,Lori Hou,"close your eyes弟弟們今天演唱哥哥們的歌曲，精神可嘉👍
我相信每個人一定都很用心練習與準備
想當初這首歌也是哥哥大約在你們這個年紀時創作的，很厲害吧！而且一曲成名！從此BIGBANG就住在很多人的心裡了。
我一直聽到塔哥的墊音「喔！喔！喔！」真的很難專心，真不好意思😅
❤️BIGBANG FOREVER❤️",2026/1/10 23:07,"Tainan City🌟Do my best！🌟
🇹🇼🇰🇷🇨🇦🇺🇸🇲🇴🇭🇰🇦🇺🇨🇳🇲🇾🇫🇷🇩🇪
⭐️大齡佛系追星⭐️
💫芭蕾人🩰。愛手作🧵🪡
💕音樂分享🎶",精神分裂,non_life,
lorihou_lovelife,Lori Hou,"感謝翻譯大神
❤️❤️❤️
來源：浮水印",2026/1/10 20:53,"Tainan City🌟Do my best！🌟
🇹🇼🇰🇷🇨🇦🇺🇸🇲🇴🇭🇰🇦🇺🇨🇳🇲🇾🇫🇷🇩🇪
⭐️大齡佛系追星⭐️
💫芭蕾人🩰。愛手作🧵🪡
💕音樂分享🎶",精神分裂,non_life,
lorihou_lovelife,Lori Hou,"缺髮夾的人可以去找泰山拿幾支來用喔
滿頭都是髮夾欸～！🤣
恭喜ADP🎉金唱片新人獎🎉",2026/1/10 20:37,"Tainan City🌟Do my best！🌟
🇹🇼🇰🇷🇨🇦🇺🇸🇲🇴🇭🇰🇦🇺🇨🇳🇲🇾🇫🇷🇩🇪
⭐️大齡佛系追星⭐️
💫芭蕾人🩰。愛手作🧵🪡
💕音樂分享🎶",精神分裂,non_life,
lorihou_lovelife,Lori Hou,"國寶級的可愛人兒❤️
請好好愛護、珍惜！🥰",2026/1/10 19:23,"Tainan City🌟Do my best！🌟
🇹🇼🇰🇷🇨🇦🇺🇸🇲🇴🇭🇰🇦🇺🇨🇳🇲🇾🇫🇷🇩🇪
⭐️大齡佛系追星⭐️
💫芭蕾人🩰。愛手作🧵🪡
💕音樂分享🎶",精神分裂,non_life,
lorihou_lovelife,Lori Hou,看ADP跳舞也很過癮，實力超強的一個團體，讚讚👍,2026/1/10 19:17,"Tainan City🌟Do my best！🌟
🇹🇼🇰🇷🇨🇦🇺🇸🇲🇴🇭🇰🇦🇺🇨🇳🇲🇾🇫🇷🇩🇪
⭐️大齡佛系追星⭐️
💫芭蕾人🩰。愛手作🧵🪡
💕音樂分享🎶",精神分裂,non_life,
lorihou_lovelife,Lori Hou,"今天很冷對吧！
那～來吧！
天氣再冷，也澆不息權志龍對粉絲的熱情❤️
他如果這樣對我
我會當場沒了呼吸心跳！！！
🫩🫩🫩
He never crosses the line
but his heart is always the closest
❤️❤️❤️",2026/1/7 11:34,"Tainan City🌟Do my best！🌟
🇹🇼🇰🇷🇨🇦🇺🇸🇲🇴🇭🇰🇦🇺🇨🇳🇲🇾🇫🇷🇩🇪
⭐️大齡佛系追星⭐️
💫芭蕾人🩰。愛手作🧵🪡
💕音樂分享🎶",精神分裂,non_life,
lorihou_lovelife,Lori Hou,"大家都在看志龍追蹤了設計師
而我⋯比較另類
我在欣賞他的耳朵（被自己笑鼠🤣）
厚！怎麼有男子戴耳環那麼好看的？！🥰
下顎線條超美⋯（伸出手，咕嘰咕嘰～）",2026/1/7 00:41,"Tainan City🌟Do my best！🌟
🇹🇼🇰🇷🇨🇦🇺🇸🇲🇴🇭🇰🇦🇺🇨🇳🇲🇾🇫🇷🇩🇪
⭐️大齡佛系追星⭐️
💫芭蕾人🩰。愛手作🧵🪡
💕音樂分享🎶",精神分裂,non_life,
lorihou_lovelife,Lori Hou,"今年羽絨外套總算派上用場了～～
🥶🥶🥶
可是我比較想窩在被窩裡🫩",2026/1/7 00:18,"Tainan City🌟Do my best！🌟
🇹🇼🇰🇷🇨🇦🇺🇸🇲🇴🇭🇰🇦🇺🇨🇳🇲🇾🇫🇷🇩🇪
⭐️大齡佛系追星⭐️
💫芭蕾人🩰。愛手作🧵🪡
💕音樂分享🎶",精神分裂,non_life,
lorihou_lovelife,Lori Hou,"來看看我們可愛漂亮，唱歌又好聽的彩麟妹妹🥰
從小到大就跟著哥哥一起闖江湖😂
哥哥們有多愛妳，就會有多想鬧妳逗妳！
妳是幸福的❤️",2026/1/6 23:59,"Tainan City🌟Do my best！🌟
🇹🇼🇰🇷🇨🇦🇺🇸🇲🇴🇭🇰🇦🇺🇨🇳🇲🇾🇫🇷🇩🇪
⭐️大齡佛系追星⭐️
💫芭蕾人🩰。愛手作🧵🪡
💕音樂分享🎶",精神分裂,non_life,
lorihou_lovelife,Lori Hou,"龍哥準備下班了嗎？
來源；浮水印",2026/1/4 17:44,"Tainan City🌟Do my best！🌟
🇹🇼🇰🇷🇨🇦🇺🇸🇲🇴🇭🇰🇦🇺🇨🇳🇲🇾🇫🇷🇩🇪
⭐️大齡佛系追星⭐️
💫芭蕾人🩰。愛手作🧵🪡
💕音樂分享🎶",精神分裂,non_life,
lorihou_lovelife,Lori Hou,"詠裴上次說的畫面又來了！
哈哈哈😂
我讓他重播吧！",2026/1/4 17:29,"Tainan City🌟Do my best！🌟
🇹🇼🇰🇷🇨🇦🇺🇸🇲🇴🇭🇰🇦🇺🇨🇳🇲🇾🇫🇷🇩🇪
⭐️大齡佛系追星⭐️
💫芭蕾人🩰。愛手作🧵🪡
💕音樂分享🎶",精神分裂,non_life,
lorihou_lovelife,Lori Hou,"標題「Heart!Heart!Heart!Heart!Heart!」
哎唷喂呀！不是heartbreaker
是我的老腰⋯⋯⋯⋯
經典畫面，要留！🤣🤣🤣",2026/1/4 17:14,"Tainan City🌟Do my best！🌟
🇹🇼🇰🇷🇨🇦🇺🇸🇲🇴🇭🇰🇦🇺🇨🇳🇲🇾🇫🇷🇩🇪
⭐️大齡佛系追星⭐️
💫芭蕾人🩰。愛手作🧵🪡
💕音樂分享🎶",精神分裂,non_life,
lorihou_lovelife,Lori Hou,"好痛的瞬間畫面，要留！
🤭🤭🤭",2026/1/4 17:06,"Tainan City🌟Do my best！🌟
🇹🇼🇰🇷🇨🇦🇺🇸🇲🇴🇭🇰🇦🇺🇨🇳🇲🇾🇫🇷🇩🇪
⭐️大齡佛系追星⭐️
💫芭蕾人🩰。愛手作🧵🪡
💕音樂分享🎶",精神分裂,non_life,
lorihou_lovelife,Lori Hou,"肘擊畫面現場，要留！哈哈哈🤣
笑死我了！
我就說～聲ㄚ，你再調皮咩🤭",2026/1/4 17:02,"Tainan City🌟Do my best！🌟
🇹🇼🇰🇷🇨🇦🇺🇸🇲🇴🇭🇰🇦🇺🇨🇳🇲🇾🇫🇷🇩🇪
⭐️大齡佛系追星⭐️
💫芭蕾人🩰。愛手作🧵🪡
💕音樂分享🎶",精神分裂,non_life,
lorihou_lovelife,Lori Hou,"哇！哇！哇！好痛喔！
阿龍，你的尾椎骨還好嗎？",2026/1/4 16:54,"Tainan City🌟Do my best！🌟
🇹🇼🇰🇷🇨🇦🇺🇸🇲🇴🇭🇰🇦🇺🇨🇳🇲🇾🇫🇷🇩🇪
⭐️大齡佛系追星⭐️
💫芭蕾人🩰。愛手作🧵🪡
💕音樂分享🎶",精神分裂,non_life,
lorihou_lovelife,Lori Hou,"這兩個兄弟的互動怎麼可以這麼可愛😍
推拉推拉⋯⋯
我幫你把衣服整理好
我讓你知道heartbreaker
被哥哥捶了齁？哈哈哈😂
愛學！愛學！讓你愛學～🤣🤣🤣",2026/1/4 16:51,"Tainan City🌟Do my best！🌟
🇹🇼🇰🇷🇨🇦🇺🇸🇲🇴🇭🇰🇦🇺🇨🇳🇲🇾🇫🇷🇩🇪
⭐️大齡佛系追星⭐️
💫芭蕾人🩰。愛手作🧵🪡
💕音樂分享🎶",精神分裂,non_life,
lorihou_lovelife,Lori Hou,"用力捶！用力捶！（肘擊）😂
龍哥後面頭髮有推高欸",2026/1/4 16:47,"Tainan City🌟Do my best！🌟
🇹🇼🇰🇷🇨🇦🇺🇸🇲🇴🇭🇰🇦🇺🇨🇳🇲🇾🇫🇷🇩🇪
⭐️大齡佛系追星⭐️
💫芭蕾人🩰。愛手作🧵🪡
💕音樂分享🎶",精神分裂,non_life,
lorihou_lovelife,Lori Hou,小朋友又蹲在地上撿東西了🤭,2026/1/4 16:43,"Tainan City🌟Do my best！🌟
🇹🇼🇰🇷🇨🇦🇺🇸🇲🇴🇭🇰🇦🇺🇨🇳🇲🇾🇫🇷🇩🇪
⭐️大齡佛系追星⭐️
💫芭蕾人🩰。愛手作🧵🪡
💕音樂分享🎶",精神分裂,non_life,
lorihou_lovelife,Lori Hou,"好有愛的畫面❤️
兄弟倆玩得好開心呀！🥰
希望詠裴晚點來加入！😍",2026/1/4 16:39,"Tainan City🌟Do my best！🌟
🇹🇼🇰🇷🇨🇦🇺🇸🇲🇴🇭🇰🇦🇺🇨🇳🇲🇾🇫🇷🇩🇪
⭐️大齡佛系追星⭐️
💫芭蕾人🩰。愛手作🧵🪡
💕音樂分享🎶",精神分裂,non_life,
lorihou_lovelife,Lori Hou,"我笑死
到底要不要饒了這老腰的哥哥？😂
聲妹，你真的很皮耶
繼續鬧！繼續鬧！我愛看😅",2026/1/4 16:35,"Tainan City🌟Do my best！🌟
🇹🇼🇰🇷🇨🇦🇺🇸🇲🇴🇭🇰🇦🇺🇨🇳🇲🇾🇫🇷🇩🇪
⭐️大齡佛系追星⭐️
💫芭蕾人🩰。愛手作🧵🪡
💕音樂分享🎶",精神分裂,non_life,
lorihou_lovelife,Lori Hou,"哎唷喂呀！
這強烈的陽光照得我龍睜不開眼睛了呀（今天忘了戴眼鏡，碎念）
可可愛愛的模樣啊啊啊！
是說，你是進去刮鬍子就走人嗎？哈哈哈😂
好期待晚上
三個兄弟再合體鬧（三八）一波～🤣🤣🤣",2026/1/4 14:54,"Tainan City🌟Do my best！🌟
🇹🇼🇰🇷🇨🇦🇺🇸🇲🇴🇭🇰🇦🇺🇨🇳🇲🇾🇫🇷🇩🇪
⭐️大齡佛系追星⭐️
💫芭蕾人🩰。愛手作🧵🪡
💕音樂分享🎶",精神分裂,non_life,
yyyyyyyin_g,"╮(￣▽￣"""")╭",精神分裂先去看医生,2026/1/13 13:45,别惹我,精神分裂,non_life,
yyyyyyyin_g,"╮(￣▽￣"""")╭",🥱🥱🥱,2026/1/13 13:27,别惹我,精神分裂,non_life,
yyyyyyyin_g,"╮(￣▽￣"""")╭",😌😌😌,2026/1/12 13:14,别惹我,精神分裂,non_life,
yyyyyyyin_g,"╮(￣▽￣"""")╭",看完你们的贴吧知乎老图只想说一句 这陈信宏从小帅到大啊🫰🏻,2026/1/11 23:28,别惹我,精神分裂,non_life,
yyyyyyyin_g,"╮(￣▽￣"""")╭",让我演一集🫰🏻🥺我也会下飞机就去上厕所,2026/1/10 00:27,别惹我,精神分裂,non_life,
yyyyyyyin_g,"╮(￣▽￣"""")╭",不要拉黑美乐蒂好吗rz们 你拉黑我我看不见你的帖子那我怎么骂你 那你怎么爽🫰🏻,2026/1/9 13:22,别惹我,精神分裂,non_life,
yyyyyyyin_g,"╮(￣▽￣"""")╭",让我们祝美乐蒂0118生日快乐🎂,2026/1/7 12:10,别惹我,精神分裂,non_life,
akang_kang,akang_kang,"終於懂為什麼人家說產後憂鬱絕對不是生完當下，是開始照顧小孩之後…..
接住了小孩的所有情緒
卻沒有人願意接住妳的情緒
這就算了
結果妳還要接住其他人的情緒
（送自己一個謎之微笑先）",2025/4/5 03:49,這是我想講什麼就講什麼的地方,產後憂鬱,not_enough_posts,
zoey900817,柔伊,"到底哪位媽媽可以逃過產後憂鬱
生孩子之前人家說小心產後憂鬱
我還很自信的說我這麼樂天的人怎麼可能產後憂鬱
但生完回家之後真的會不知道原因就流淚
餵奶哭吃飯哭發呆也會默默流淚
有時候你也不知道在哭什麼但眼淚就是止不住
但寶寶哭了又擦掉眼淚抱他起來喂奶
產後很事情好像都會放大都會讓人感到煩躁委屈
很多事妳也不說因為說了好像也改變不了什麼
大家只會出一張嘴對你指指點點教你怎樣育兒
好像出一張嘴小孩自己就會睡覺就會喝奶長大
寶寶有點什麼就說他怎麼會這樣怎麼辦
我也是第一次當媽媽我又不是神仙
請對媽媽少一點碎唸少一點指責多一點關心和陪伴
生完終於懂人家說的不要越過媽媽去愛寶寶 
產後憂鬱真的很可怕 ……我感受到了",2024/11/11 04:13,,產後憂鬱,not_enough_posts,
phoebe.nn,Phoebe♡菲比｜晉捷生技品牌領導,"老公，才是產後憂鬱最好的醫生！
一定要盡可能的陪伴，不要讓她一個人
她這時候會需要你大量的關愛跟關注
因為她想要知道 她是最重要的！
不要不耐煩，安慰跟關心的話多說幾遍
重複一直說也沒關係
盡可能的一直表達你的愛讓她知道
也許爸爸很難感同身受媽媽的心情
因為真的從身上掉下一塊肉的人不是你
但只要願意陪伴，尊重，同理
接納媽媽每一個不可理喻的情緒
相信我，你的老婆一定會感謝你一輩子",2025/1/22 23:28,個人的小天地,產後憂鬱,not_enough_posts,
phoebe.nn,Phoebe♡菲比｜晉捷生技品牌領導,"我很喜歡去有風的地方 裡面劉亦菲說的一句話
每個人能承受的重量不一樣
不要用自己的想像 去輕易評價 別人經歷過的人生
我真的很有感
我從不覺得我自己會產後憂鬱
創業這幾年 什麼大風大浪沒見過！？
我也不覺得我會輕易的被孕激素 跟賀爾蒙影響
直到自己遇到了 
才真的能感同身受每一個偉大的媽媽
我們時常看到的都是表面
每一個人承受的壓力都不同
但我覺得我們都有一個共通點就是
我們一直努力在變好
真的不要輕易以外表來評價他人生活的箴言
每個人都有看不見的傷痕與課題
而我們唯一能做的，是以更多的尊重與同理心
陪伴他們度過生命的低谷
我也想對所有的女人們說
你們並不孤單，我們都曾經覺得
自己已經要承受不了的時候
我們走過之後一定都會變得更加堅強",2025/1/21 23:35,個人的小天地,產後憂鬱,not_enough_posts,
lan_11231010,Yolanda,"產後三個月內
如果新生媽媽突然跟你說要去你家坐坐
或是邀約你去她家陪她
請真的拜託「接住她」
因為她可能快撐不住了，需要透氣
需要暫時遠離孩子
需要休息
#產後憂鬱前兆",2025/8/4 23:23,"渟媽咪 Yolanda
🙌我是一個熱愛分享好物的媽媽小姐
有個4歲水瓶座女兒 阿渟👧
這裡紀錄我們的日常、嚴選好物分享
🤎代理IVY家保養品膠囊、洗顏霜、葉黃素
小盒子開著，歡迎來聊♥",產後憂鬱,business,
lan_11231010,Yolanda,"台中的太陽！你明天再不出來！！
那你後天記得出來，拜託🥺
台中人真的快不行了😭😭😭😭",2025/8/4 21:57,"渟媽咪 Yolanda
🙌我是一個熱愛分享好物的媽媽小姐
有個4歲水瓶座女兒 阿渟👧
這裡紀錄我們的日常、嚴選好物分享
🤎代理IVY家保養品膠囊、洗顏霜、葉黃素
小盒子開著，歡迎來聊♥",產後憂鬱,business,
lan_11231010,Yolanda,"我發現優秀的人真的都有個共通之處
就是
某方面很自律
你們覺得呢？身邊有這種人嗎？",2025/8/4 20:32,"渟媽咪 Yolanda
🙌我是一個熱愛分享好物的媽媽小姐
有個4歲水瓶座女兒 阿渟👧
這裡紀錄我們的日常、嚴選好物分享
🤎代理IVY家保養品膠囊、洗顏霜、葉黃素
小盒子開著，歡迎來聊♥",產後憂鬱,business,
lan_11231010,Yolanda,"阿公阿嬤的時代還沒有「有效日期」的觀念
冷凍庫就更別說了..
冰超過10年的也不是不可能
爸媽（42年次）的年代，剛好是一個切點
之後幾乎店家每樣東西都有有效日期了
但！真的很好奇
大家真的有效日期過了就丟掉了嗎
例如：冷凍的過期奶油、過期的罐頭食品、過期的粉類、糖、鹽巴，還是有人還是會繼續使用
如果套阿公阿嬤那時候的觀念
「東西就沒壞了，為什麼不能吃了」😅",2025/8/3 11:12,"渟媽咪 Yolanda
🙌我是一個熱愛分享好物的媽媽小姐
有個4歲水瓶座女兒 阿渟👧
這裡紀錄我們的日常、嚴選好物分享
🤎代理IVY家保養品膠囊、洗顏霜、葉黃素
小盒子開著，歡迎來聊♥",產後憂鬱,business,
lan_11231010,Yolanda,"今天請姐姐幫忙帶女兒一整天
讓我們夫妻能各自去上進修課
姐姐前晚告知說傍晚還要帶去朋友家
跟朋友家三個小孩一起玩
所以讓我跟先生多賺到一頓難得的兩人晚餐
沒有小孩的一天，不得不說真的超輕鬆
平常沒有後援的我們，真的是短暫的快樂
（我們真的沒人可以顧小孩，才會請姐姐幫忙
一年可能5次內）
我會記得今天的幸福感
也會記得姐姐的無私幫忙
因為
「我的歲月靜好，是因為姐姐替我負重前行」
有孩子的你們有後援嗎？
一起感謝我們的無私後援吧！",2025/8/3 00:05,"渟媽咪 Yolanda
🙌我是一個熱愛分享好物的媽媽小姐
有個4歲水瓶座女兒 阿渟👧
這裡紀錄我們的日常、嚴選好物分享
🤎代理IVY家保養品膠囊、洗顏霜、葉黃素
小盒子開著，歡迎來聊♥",產後憂鬱,business,
lan_11231010,Yolanda,"很好奇！
你們洗葡萄是用拔的還是剪刀剪
以前我都是用拔的
自從開始用剪刀剪後….
回不去也內心過不去了
總覺得用拔的，髒水會跑進果肉裡面😅
然後真的有人用麵粉洗葡萄嗎？
會不會很難洗？",2025/8/1 22:05,"渟媽咪 Yolanda
🙌我是一個熱愛分享好物的媽媽小姐
有個4歲水瓶座女兒 阿渟👧
這裡紀錄我們的日常、嚴選好物分享
🤎代理IVY家保養品膠囊、洗顏霜、葉黃素
小盒子開著，歡迎來聊♥",產後憂鬱,business,
lan_11231010,Yolanda,"今天我老闆拿了幾盒鳳梨酥給我
叫我分給同事吃掉
業務部的人吃得好開心
維修部門的，看到直說不要過來
製造課的人，有些避而遠之，有些有拿
財務部也是吃的很開心
不就是鳳梨酥嗎？ 
為什麼不同部門看到鳳梨酥
情緒差這麼多😳",2025/7/31 23:33,"渟媽咪 Yolanda
🙌我是一個熱愛分享好物的媽媽小姐
有個4歲水瓶座女兒 阿渟👧
這裡紀錄我們的日常、嚴選好物分享
🤎代理IVY家保養品膠囊、洗顏霜、葉黃素
小盒子開著，歡迎來聊♥",產後憂鬱,business,
lan_11231010,Yolanda,說一個在職場上你最賭爛的事,2025/7/31 01:27,"渟媽咪 Yolanda
🙌我是一個熱愛分享好物的媽媽小姐
有個4歲水瓶座女兒 阿渟👧
這裡紀錄我們的日常、嚴選好物分享
🤎代理IVY家保養品膠囊、洗顏霜、葉黃素
小盒子開著，歡迎來聊♥",產後憂鬱,business,
lan_11231010,Yolanda,"真的是整把火🔥
四歲女兒放三天暑假
我帶2天、爸爸帶1天
兩天晚上女兒晚上9:00、9:30就睡著
今天她爸帶她，因為下雨所以沒出門
結果午覺給她睡了快三小時….
現在晚上10:30女兒還在翻😭😭😭
明天7:00要起床上課…
真的很想宰了生父😠",2025/7/30 22:32,"渟媽咪 Yolanda
🙌我是一個熱愛分享好物的媽媽小姐
有個4歲水瓶座女兒 阿渟👧
這裡紀錄我們的日常、嚴選好物分享
🤎代理IVY家保養品膠囊、洗顏霜、葉黃素
小盒子開著，歡迎來聊♥",產後憂鬱,business,
lan_11231010,Yolanda,"不知覺又累積這麼多
實在不是我愛留….
當家長應該都會知道的都市傳說….
有人有實驗過嗎😂",2025/7/29 19:33,"渟媽咪 Yolanda
🙌我是一個熱愛分享好物的媽媽小姐
有個4歲水瓶座女兒 阿渟👧
這裡紀錄我們的日常、嚴選好物分享
🤎代理IVY家保養品膠囊、洗顏霜、葉黃素
小盒子開著，歡迎來聊♥",產後憂鬱,business,
lan_11231010,Yolanda,"女兒放暑假三天
帶女兒去麗寶休息站裡面的沙丘星球玩
後來又去逛outlet 
想到女兒腳又長大了
運動鞋和洞洞鞋快穿不下了
於是幫孩子買了兩雙鞋
而自己常穿的外出鞋也快壞了
結果…阿母我自己什麼都沒買😆
當媽媽就是這樣，孩子有需求，無論如何都買
自己有需求的！想到家裡還有其他鞋子可以穿
就覺得不用這麼急著買
你們是不是也是一樣的心情？
對孩子絕對不會捨不得花
對自己就沒這麼阿莎力",2025/7/28 20:25,"渟媽咪 Yolanda
🙌我是一個熱愛分享好物的媽媽小姐
有個4歲水瓶座女兒 阿渟👧
這裡紀錄我們的日常、嚴選好物分享
🤎代理IVY家保養品膠囊、洗顏霜、葉黃素
小盒子開著，歡迎來聊♥",產後憂鬱,business,
lan_11231010,Yolanda,"今天女兒突然跑來跟我講話
我剛好在用手機回訊息
👧：媽媽，$@%*《&#$ $¥@&
👩：嗯嗯（耳朵在聽，但沒有想理她的意思
👧：你回嗯嗯，會讓人家以為你在便便
👩：…………
抱歉…我錯了，不該敷衍你🤣",2025/7/28 00:56,"渟媽咪 Yolanda
🙌我是一個熱愛分享好物的媽媽小姐
有個4歲水瓶座女兒 阿渟👧
這裡紀錄我們的日常、嚴選好物分享
🤎代理IVY家保養品膠囊、洗顏霜、葉黃素
小盒子開著，歡迎來聊♥",產後憂鬱,business,
lan_11231010,Yolanda,"有沒有人跟我一樣
週六行程
出門玩爆、社交排滿、體力燃燒殆盡都沒關係
週日行程
能不出門就不出門
出門也要5-6點前回家
晚餐提早吃，心情提早收
週日晚間情緒：
開始想明天要穿什麼、要不要請假、飲料要喝什麼才活得下去",2025/7/27 23:05,"渟媽咪 Yolanda
🙌我是一個熱愛分享好物的媽媽小姐
有個4歲水瓶座女兒 阿渟👧
這裡紀錄我們的日常、嚴選好物分享
🤎代理IVY家保養品膠囊、洗顏霜、葉黃素
小盒子開著，歡迎來聊♥",產後憂鬱,business,
lan_11231010,Yolanda,"昨天跟老公去吃竹間火鍋
邊涮肉邊突然感慨了一下：
我們真的長大了欸
20幾歲的時候，我們超愛吃吃到飽
不吃撐不回家、每輪都要拿一點才安心
就算吃飽還是要塞一些甜點、冰淇淋才甘願
總覺得：「沒吃回本對不起自己」
但現在30幾歲
反而…吃到飽也沒那麼有吸引力了
就算吃了，也只夾自己想吃的
吃飽就收、甜點跳過、飲料一杯就夠
甚至冷氣太冷，連冰淇淋都放棄
會寧願花更多錢去單點餐廳
慢慢吃、好好吃
不是因為變得有錢，而是更願意對自己好
更知道怎麼吃，身體才會舒服
你們呢？是不是跟我們一樣
也隨著年齡改變了飲食習慣？
還是依然熱衷吃到飽呢？",2025/7/27 22:52,"渟媽咪 Yolanda
🙌我是一個熱愛分享好物的媽媽小姐
有個4歲水瓶座女兒 阿渟👧
這裡紀錄我們的日常、嚴選好物分享
🤎代理IVY家保養品膠囊、洗顏霜、葉黃素
小盒子開著，歡迎來聊♥",產後憂鬱,business,
lan_11231010,Yolanda,"我聽過回家就馬上洗澡、煮完飯後才洗澡、睡前才洗澡、很好奇！！
不同時間的洗澡點，真的洗完澡就會馬上保養嗎？還是大家晚上的保養都什麼時候？",2025/7/27 12:09,"渟媽咪 Yolanda
🙌我是一個熱愛分享好物的媽媽小姐
有個4歲水瓶座女兒 阿渟👧
這裡紀錄我們的日常、嚴選好物分享
🤎代理IVY家保養品膠囊、洗顏霜、葉黃素
小盒子開著，歡迎來聊♥",產後憂鬱,business,
lan_11231010,Yolanda,"起床時問女兒
👩：你最愛誰
👧：媽媽👩
👩：那第二個呢？
👧：XX阿姨（我姐）
👩：那你爸呢？？
👧：…………
我女兒一言不發…偷笑給我比這個動作🙅‍♀️
（因為他爸對她的規矩要求比較嚴格）
吃早餐時，我看到女兒手圍繞在她爸脖子
她爸抱著她
一副很喜歡她爸的樣子
她爸也一副很開心的樣子
好一個父慈女愛啊（假象啦！！！
我坐在對面看這個畫面！真的忍不住
跟我先生重複了上面那些對話😈
他爸💔💔💔
後來女兒看爸爸在整理東西說
爸爸我要做餅乾🍪
才沒幾小時的時間
她爸在做餅乾了…….
對老婆真的都沒這麼巴結🙄",2025/7/26 13:57,"渟媽咪 Yolanda
🙌我是一個熱愛分享好物的媽媽小姐
有個4歲水瓶座女兒 阿渟👧
這裡紀錄我們的日常、嚴選好物分享
🤎代理IVY家保養品膠囊、洗顏霜、葉黃素
小盒子開著，歡迎來聊♥",產後憂鬱,business,
lan_11231010,Yolanda,"有人跟我一樣嗎…特休捨不得放！
每次想放特休me time一下
但因為考量怕後面特休不夠用
（孩子生病都要請特休照顧）
就忍住沒放
結果沒兩天，孩子就生病
讓你一次放2天特休😭😭😭
已經好幾次都這樣
所以我現在！想放特休的念頭跑出來
馬！！上！！放！！！
不然我家女兒感應到了…
又會幫我做決定了🫠",2025/7/25 23:51,"渟媽咪 Yolanda
🙌我是一個熱愛分享好物的媽媽小姐
有個4歲水瓶座女兒 阿渟👧
這裡紀錄我們的日常、嚴選好物分享
🤎代理IVY家保養品膠囊、洗顏霜、葉黃素
小盒子開著，歡迎來聊♥",產後憂鬱,business,
lan_11231010,Yolanda,"常聽說沒運動的人一天吃一顆蛋剛剛好
有運動的人可以吃2-3顆
對身體沒負擔
我同事跟我說！
她今天要執行「斷蛋日」
就是一整天的食物只有蛋
算算一天吃6-7顆蛋耶
我聽了傻眼😳
真的可以這樣吃嗎……",2025/7/25 21:57,"渟媽咪 Yolanda
🙌我是一個熱愛分享好物的媽媽小姐
有個4歲水瓶座女兒 阿渟👧
這裡紀錄我們的日常、嚴選好物分享
🤎代理IVY家保養品膠囊、洗顏霜、葉黃素
小盒子開著，歡迎來聊♥",產後憂鬱,business,
lan_11231010,Yolanda,"「真的不要再說處女座有潔癖了！！！」
我家處女座先生：
吃完東西不收、回收堆成山視而不見
隔夜飲料竟然可以繼續喝
他潔癖在哪？？？到底在哪？？？
有跟我一樣的苦主嗎🥺",2025/7/25 09:44,"渟媽咪 Yolanda
🙌我是一個熱愛分享好物的媽媽小姐
有個4歲水瓶座女兒 阿渟👧
這裡紀錄我們的日常、嚴選好物分享
🤎代理IVY家保養品膠囊、洗顏霜、葉黃素
小盒子開著，歡迎來聊♥",產後憂鬱,business,
lan_11231010,Yolanda,"想要分享喜悅和成功真的不要找親友
因為只會被潑一堆冷水和已讀不回
真正替你開心的人很少
因為你的成功對他們來說沒有好處
他們無法感同身受",2025/7/24 23:18,"渟媽咪 Yolanda
🙌我是一個熱愛分享好物的媽媽小姐
有個4歲水瓶座女兒 阿渟👧
這裡紀錄我們的日常、嚴選好物分享
🤎代理IVY家保養品膠囊、洗顏霜、葉黃素
小盒子開著，歡迎來聊♥",產後憂鬱,business,
lan_11231010,Yolanda,"一直聽到很多燙肉說法
排骨：
1、冷水煮到滾，撈掉渣渣，再繼續加料
2、冷水煮到滾，撈起排骨拿去冷水沖一沖再重新煮
3、熱水下排骨
還有…..雞肉到底要冷水煮到滾還是熱水燙啊
問了幾個朋友，作法都不同欸
煮個肉而已….為什麼這麼複雜😨",2025/7/24 18:51,"渟媽咪 Yolanda
🙌我是一個熱愛分享好物的媽媽小姐
有個4歲水瓶座女兒 阿渟👧
這裡紀錄我們的日常、嚴選好物分享
🤎代理IVY家保養品膠囊、洗顏霜、葉黃素
小盒子開著，歡迎來聊♥",產後憂鬱,business,
lan_11231010,Yolanda,"說一個別人不知道的天秤座樣子
🙋‍♀️我先說：聊天技巧一流，但其實很怕尷尬",2025/7/24 11:11,"渟媽咪 Yolanda
🙌我是一個熱愛分享好物的媽媽小姐
有個4歲水瓶座女兒 阿渟👧
這裡紀錄我們的日常、嚴選好物分享
🤎代理IVY家保養品膠囊、洗顏霜、葉黃素
小盒子開著，歡迎來聊♥",產後憂鬱,business,
lan_11231010,Yolanda,"今天碎念四歲女兒
👩：不要什麼都要媽媽幫你做，如果媽媽生病了怎麼辦？
👧：去醫院啊
👩：………..",2025/7/24 00:50,"渟媽咪 Yolanda
🙌我是一個熱愛分享好物的媽媽小姐
有個4歲水瓶座女兒 阿渟👧
這裡紀錄我們的日常、嚴選好物分享
🤎代理IVY家保養品膠囊、洗顏霜、葉黃素
小盒子開著，歡迎來聊♥",產後憂鬱,business,
lan_11231010,Yolanda,"說一個你小時候最好玩的童玩
我先說：用橡皮筋串成超大條的跳繩
每天下課都跟同學去跳！闖關式玩法有夠好玩
有人玩過嗎？",2025/7/24 00:47,"渟媽咪 Yolanda
🙌我是一個熱愛分享好物的媽媽小姐
有個4歲水瓶座女兒 阿渟👧
這裡紀錄我們的日常、嚴選好物分享
🤎代理IVY家保養品膠囊、洗顏霜、葉黃素
小盒子開著，歡迎來聊♥",產後憂鬱,business,
lan_11231010,Yolanda,"說一個你當媽後覺得你媽媽是超人的事
我先說：
我媽5點下班，6點就可以開飯了
煮四菜一湯，六人份！！！
我當媽之後深深覺得佩服
到底怎麼做到的😳",2025/7/23 22:24,"渟媽咪 Yolanda
🙌我是一個熱愛分享好物的媽媽小姐
有個4歲水瓶座女兒 阿渟👧
這裡紀錄我們的日常、嚴選好物分享
🤎代理IVY家保養品膠囊、洗顏霜、葉黃素
小盒子開著，歡迎來聊♥",產後憂鬱,business,
lan_11231010,Yolanda,"像不像你阿嬤煮的粥
阿嬤煮的粥必加什麼呢？
我先說：油蔥酥",2025/7/23 21:48,"渟媽咪 Yolanda
🙌我是一個熱愛分享好物的媽媽小姐
有個4歲水瓶座女兒 阿渟👧
這裡紀錄我們的日常、嚴選好物分享
🤎代理IVY家保養品膠囊、洗顏霜、葉黃素
小盒子開著，歡迎來聊♥",產後憂鬱,business,
lan_11231010,Yolanda,"有脆友跟我一樣，真的很閒不下來
高中開始假日打工
之後的暑假寒假總能找到短期工作做
大學四年也打工
畢業後到現在快15年
也只有空窗一個月沒工作休息
真的很愛工作這樣子😁",2025/7/23 19:59,"渟媽咪 Yolanda
🙌我是一個熱愛分享好物的媽媽小姐
有個4歲水瓶座女兒 阿渟👧
這裡紀錄我們的日常、嚴選好物分享
🤎代理IVY家保養品膠囊、洗顏霜、葉黃素
小盒子開著，歡迎來聊♥",產後憂鬱,business,
lan_11231010,Yolanda,"真的很喜歡喝可樂！
開心也喝
不開心也喝
你們喜歡喝可樂嗎
喜歡紅色的可口可樂
還是喜歡藍色的百事可樂
我喜歡紅色的！還要有糖😂
那個….不健康很毒的話題
我沒有想討論
我真的沒有想知道！",2025/7/22 19:46,"渟媽咪 Yolanda
🙌我是一個熱愛分享好物的媽媽小姐
有個4歲水瓶座女兒 阿渟👧
這裡紀錄我們的日常、嚴選好物分享
🤎代理IVY家保養品膠囊、洗顏霜、葉黃素
小盒子開著，歡迎來聊♥",產後憂鬱,business,
lan_11231010,Yolanda,"我從小走廚房的大潤發
變「大全聯」了！！！
看了真的沒有想進去的意願欸！笑死😂
裡面跟大潤發一樣嗎？",2025/7/22 01:40,"渟媽咪 Yolanda
🙌我是一個熱愛分享好物的媽媽小姐
有個4歲水瓶座女兒 阿渟👧
這裡紀錄我們的日常、嚴選好物分享
🤎代理IVY家保養品膠囊、洗顏霜、葉黃素
小盒子開著，歡迎來聊♥",產後憂鬱,business,
lan_11231010,Yolanda,"我跟我老公真的都蠻獨立的
除了家庭日或外出吃飯會一起外
有些時候都會各自行動
例如：他自己帶小孩回婆家，我在家副業
例如：我帶孩子回娘家，他在家寫論文
例如：下班他去接孩子，我去市場買菜
我很喜歡分工、把時間最大化的感覺
我真的無法什麼事都要綁一起欸
你們呢？
都是一起行動還是分開行動啊？",2025/7/22 00:16,"渟媽咪 Yolanda
🙌我是一個熱愛分享好物的媽媽小姐
有個4歲水瓶座女兒 阿渟👧
這裡紀錄我們的日常、嚴選好物分享
🤎代理IVY家保養品膠囊、洗顏霜、葉黃素
小盒子開著，歡迎來聊♥",產後憂鬱,business,
z980507,Wan Jen,"我不知道生個小孩代價那麼大..
心理生病嚴重產後憂鬱
體重回不去，鬆弛的肚子..
奶量不足，無法供應寶貝一整天下來的量
還嚴重石頭奶變成蜂窩性組織炎..
寶貝目前一個月多，也不知道是不是大家說的二月鬧
天天哭整晚到早上，好多天沒辦法好好睡
早上一不小心跟著寶貝一起睡，睡太晚或是沒有幫忙做家事又要面臨公公的壓力
今天產後回診檢查
腹腔內還有血，但不算是惡露會慢慢排出
還被醫生說子宮脫垂
我真的…
不知道該說什麼好………..
往往想找人聊聊卻不知道該找誰🥺",2026/1/9 18:53,,產後憂鬱,not_enough_posts,
z980507,Wan Jen,"此時此刻..小嫩嬰到現在還在哭😭
媽媽已崩潰😫
1m9d",2026/1/3 05:09,,產後憂鬱,not_enough_posts,
taste4life_uk,英國紫金堂｜養生調理｜月子餐,"分享一下為什麼會有產後憂鬱
荷爾蒙在48小時內有非常恐怖的變化！
導致媽咪的情緒會有大幅波動
真的超級嚇人的
沒有崩潰真的好厲害啊！",2025/7/16 03:46,"月子藥膳｜滴雞精｜女性滋補｜低卡養生
英國🇬🇧六年、德國🇩🇪元年、歐盟🇪🇺全覆蓋
台灣人在海外、中年創業、兼職斜槓、移民",產後憂鬱,business,
taste4life_uk,英國紫金堂｜養生調理｜月子餐,老闆什麼時候才會發現，我換掉了脆的照片,2025/7/16 02:58,"月子藥膳｜滴雞精｜女性滋補｜低卡養生
英國🇬🇧六年、德國🇩🇪元年、歐盟🇪🇺全覆蓋
台灣人在海外、中年創業、兼職斜槓、移民",產後憂鬱,business,
taste4life_uk,英國紫金堂｜養生調理｜月子餐,"【吼～為什麼不早說！…….】
昨天鄰居群有人發文徵求一台投影機，很急迫、很積極、巴不得馬上拿到！但是約位置面交的時候，竟然只給了他家的門牌地址？！
說了一句「我整天都在～隨時！」
我傻眼😳😳😳
「這人怎麼這麼大牌！！！」
「無償借他東西，還要我送上門嗎？」
剛好出門買菜，那真的就是“順便”繞過去
帶著滿腔不情願😮‍💨，打電話請他下樓拿，我遠遠的、一眼就認出來….
走路一拐一拐
左手拿一袋土司、右手扶著腰…
整張臉蒼白幾乎沒有血色！！
呃….原來是手術後不能久坐，最少2個禮拜需要在家休息，才會想要找一台投影機躺著看……
「為什麼不早說！」😱
「為什麼不早說！」😱
「為什麼不早說！」😱
我直接幫他把投影機裝好，一邊聊天才知道，手術自己一個人坐uber去，回來是請同事下班幫忙陪他出院！剛手術後兩天，連叫外送都沒辦法起身去拿，又餓又虛弱，熬到家裡實在沒東西吃了，才慢慢走到樓下買吐司🥲
唉😔單身獨居的海外孩子們
你們怎麼解決
「手術後需要協助的問題呢？」",2025/7/14 05:25,"月子藥膳｜滴雞精｜女性滋補｜低卡養生
英國🇬🇧六年、德國🇩🇪元年、歐盟🇪🇺全覆蓋
台灣人在海外、中年創業、兼職斜槓、移民",產後憂鬱,business,
taste4life_uk,英國紫金堂｜養生調理｜月子餐,"【滴雞精&海鱸魚精】
除了超市上架，全歐皆可配送哦！
------------------------
🌟媽咪滋補新選擇！🌟
最多醫院指定合作的優補達人養生精華飲
👉滴雞精月子組：
tasteforlifeeurope.com/produ…
👉 膠原滴雞精：專利二型膠原，喝出Q彈肌膚！
tasteforlifeeurope.com/produ…
👉 海鱸魚精：高蛋白低負擔，讓你元氣滿滿！
tasteforlifeeurope.com/produ…
------------------------------------
💖 紫金堂月子餐預購限時優惠！
好康1:85折預購優惠：代碼【PREORDER15】
好康2:預購加贈月子水6-12瓶
好康3:歐盟免關稅
@lingermart
@lingermart
@wellness168
@zi.jintang
@zi.jintang
#產後調理 #紫金堂 #海外熱銷 #三階段漢方調理 #精華飲推薦",2025/7/10 19:54,"月子藥膳｜滴雞精｜女性滋補｜低卡養生
英國🇬🇧六年、德國🇩🇪元年、歐盟🇪🇺全覆蓋
台灣人在海外、中年創業、兼職斜槓、移民",產後憂鬱,business,
lgg4.o3._.ll,lgg4.o3._.ll,"欸 產後憂鬱怎麼可能會好
只不過是讓自己看起來很開心不要讓別人擔心而已
那黑暗的日子
光用想的就發抖
不可能會好的",2026/1/6 09:46,"育：大小姐一位與灰色吐司一隻
主要曬嬰與貓，偶爾出現父母。",產後憂鬱,not_enough_posts,
lgg4.o3._.ll,lgg4.o3._.ll,"8年了
我也不曉得怎麼會把貓養成海豹🦭🙂‍↔️
還是要平安健康陪我跟大小姐唷🥺❤️",2026/1/1 22:58,"育：大小姐一位與灰色吐司一隻
主要曬嬰與貓，偶爾出現父母。",產後憂鬱,not_enough_posts,
chao_tse_lin,Triệu Lâm,"我也分享產後憂鬱陪伴者親身經歷
老婆生完後，其實一開始我完全沒察覺她有產後憂鬱。
那時我每天工作很忙，是上市公司的店經理，幾乎天天早上九點工作到晚上十點才回家。而老婆她一個人在家照顧剛出生的孩子，直到有天我發現一個細節。
她開始咬手指，指甲都啃到變形。但從我們交往到結婚將近十年，我從沒看過她有這個習慣。那時我就覺得不太對勁。
後來我漸漸發現，她的情緒起伏很大，有一次我下班回家，吃飯時隨口問了一句：「老婆，妳還好嗎？有沒有什麼我可以幫忙的？」
她聽到這句話，突然就崩潰大哭，邊哭邊說：「我真的不行了，可不可以幫幫她？因為只要她一聽到哭聲，就覺得好煩、好煩，好想拿枕頭⋯⋯！！」
那一刻我真的嚇到了，也才體會那個開朗愛笑的她，心裡真的生病了。
女兒出生大約1個半月後，我做了一個讓身邊所有人都驚訝的決定—我裸辭了。年薪百萬的工作，我說放就放，只因為我知道錢可以再賺，但如果我選擇帶過、忽略，可能會失去我最愛的人
就算現在回頭看，我也從沒後悔當初的決定。
那段時間，在家當全職奶爸，陪老婆度過低潮，一陪就是8個月。
我的經驗體會到：「產後憂鬱」是一場看不到的病；真的要仔細觀察才能發現",2025/7/26 09:33,尼克叔叔《生活體驗碎念的小天地》,產後憂鬱,not_enough_posts,
linlin_1010,linlin_1010,"長輩育兒的可怕事蹟
1.已經說過小寶寶很怕熱了，硬要加衣褲或蓋被子
2.小寶寶已經喝飽了，都搖頭拒絕了，還硬塞要他喝完
3.肚子脹氣、腸絞痛半夜哭鬧，都以為是嚇到或遇到不乾淨的東西
4.跟爸爸媽媽說不要一直抱會習慣，結果自己一直搶著抱
5.說自己生育養育子女經驗多就一直干涉父母的教養方式
6.搶著抱跟他玩又只會看著他逗他笑，不做點刺激大腦發育的行為，講的話永遠那幾句，玩夠了就一直叫小寶寶睡覺
7.小寶寶一哭就一直跑來關心他怎樣了，感覺自己才是最懂寶寶的感覺
8.一直把媽媽要做的事情搶走，泡奶泡好了搶去餵，水放好了搶去幫他洗澡，奶喝完了搶去拍嗝，什麼都要插手一下，真心要幫忙就做全套，不是突然想玩一下就抱走搶走
9.說好要幫寶寶建立睡前儀式睡覺前再洗澡，硬要想洗就洗
10.寶寶在我手上喝奶拍嗝的時候突然搶走
11.只是想要炫耀寶寶，自己親戚朋友來看寶寶就可以，還怕媽媽讓朋友來看寶寶
先說一下因為是暫時住在一起，沒有不搬出去住，老公已經很盡力在勸導了，真的心裡很不愉快，就當一個新手媽媽在發牢騷吧，不然我真的覺得產後憂鬱不是來自寶寶而是來自管太多的長輩",2025/7/22 17:35,,產後憂鬱,not_enough_posts,
jsp20526,Pin Syuan,"同樣經歷整個孕程的我
怎麼會不理解每一位媽媽的辛苦呢
被扭曲被網暴
我接受不同意見
但不代表可以人身攻擊
那些在留言的當下
自己早已自行定義了所謂的美醜
認識我的人
都了解我
而且我也只珍惜那些
經歷了產後憂鬱
我知道自己應該重視什麼
此刻我一樣過著幸福的生活
希望大家也是🤍",2025/11/18 13:09,新手人妻的育兒日常😅,產後憂鬱,pass,
jsp20526,Pin Syuan,近期感到開心的瞬間💛,2025/11/17 17:16,新手人妻的育兒日常😅,產後憂鬱,pass,
jsp20526,Pin Syuan,"IG限時動態的新功能真的好喜歡啊～～吶喊
婚紗照俏皮了起來",2025/11/14 23:56,新手人妻的育兒日常😅,產後憂鬱,pass,
jsp20526,Pin Syuan,"雙十一要來了
不知道各位媽媽們準備要來買些什麼呢？
目前想到的是尿布",2025/11/10 18:08,新手人妻的育兒日常😅,產後憂鬱,pass,
jsp20526,Pin Syuan,"託育嬰假的福可以把衣櫥裡的衣服好好穿搭
平常去醫院上班都亂穿一通
託產後憂鬱的福先生也請了育嬰假
一起在家陪我帶小孩還可以順便遛我們母子
新手爸媽
帶嫩嬰出門一下忘記帶奶瓶一下忘記帶奶嘴",2025/11/7 18:21,新手人妻的育兒日常😅,產後憂鬱,pass,
jsp20526,Pin Syuan,"關於產後憂鬱🩵
Part 2
剛生產完其實就一些蛛絲馬跡了
本來就是高敏的人
產後對於別人的話更加的敏感
記得還在醫院時
公婆問小孩的小名和姓名取好了沒
先生語帶玩笑的說「有啊！他叫小東西」
婆婆說怎麼亂取名
公公傳line要我們慎重的幫他想名字
那晚我突然在病房崩潰哭
原本的我應該是不會放在心裡的
果然大家說月子期間不要亂得罪產婦
去了月中
一開始很享受和先生一起學習帶嫩嬰
一切都很新鮮
先生去上班後
一開始是因為親餵和擠奶都不順利
開始變得常常哭
記得那時候先生說
如果因為擠奶讓你不舒服
那就不要擠了
「用自己最舒服開心的方式」
「新生兒時期很快就過了」
「你也不會想回過頭來發現自己都沒有好好享受當下」
「你開心寶寶才會開心」
我一點也不想在寶寶面前哭
很怕自己的負面情緒感染給他
後來不管自己的奶量根本不到30cc
先生還是叫我用上了電動擠奶器後
我得到了解脫😮‍💨
而且反而奶量慢慢上來
四小時擠奶一天擠五次（半夜不擠）
讓自己睡滿7-8小時
一切看似順利
就在某天我開心的剛從嬰兒室接寶寶回來
突然老毛病”恐慌症”發作了
全部又變了樣…",2025/11/4 22:59,新手人妻的育兒日常😅,產後憂鬱,pass,
jsp20526,Pin Syuan,"關於產後憂鬱🩵
Part 1
從備孕懷孕到生產
我都是充滿期待
也一直想像有小孩後的生活
怎麼都想像不到自己會產後憂鬱
自從心態相較平穩甚至有點享受育兒後
我就決定我一定要發關於產後憂鬱的過程
因為當時的我就是一直在網路上搜尋
是否有人真的走過
又是如何走過
想要知道不是孤單一人
而且這一切都將好轉❤️‍🩹
產後我就知道荷爾蒙會引起產後低落及產後憂鬱
但！多久會好！
那時我瘋了的想知道到底多久會好！
當然我是護理師
在臨床上也非常多家屬問各種疾病各種症狀
「欸！護理師這多久會好？」
我心底都知道”每個人狀況不一定”
但這折磨人身心的憂鬱
一小時我都不想忍受
我滑Threads 看到有人說兩年
我就心態崩塌⋯⋯
「兩年」也太久了
於是我又進入崩潰的輪迴
像泥沼一直把你吸入深淵
這一切的轉機都是我去看了醫生…",2025/11/4 22:10,新手人妻的育兒日常😅,產後憂鬱,pass,
h_shiyuan,SHIYUAN,"生產的那個月，先生剛好遇上公司最忙的時候，常常天還沒亮就出門上班了。我獨自關在月中的時間很長很長。
產後第9天，先生下班回到月中，以為我正趴著看女兒睡覺，畫面挺溫馨的，就拍下了這一幕。
但一走進才發現，我其實在哭。對，我正看著只有9天大的女兒安靜的落淚，這是產後憂鬱嗎？也許吧。
成為母親，真的有太多太多讓人挫折的事了。即便到現在我都不清楚當時到底是為害怕；還是為沮喪而哭？那樣的心理狀態太難理解，只能當作產後憂鬱，靜靜等待賀爾蒙退去的那天。",2024/6/26 14:52,一些無用碎念,產後憂鬱,pass,
h_shiyuan,SHIYUAN,"跟同事去電影院看完「腦筋急轉彎2」回家的路上跟先生說明電影大綱。
：每個人頭腦裡有很多情緒，快樂、悲傷、憤怒之類的，但遇到青春期會有很多不同的情緒跑出來，女主角的主控情緒是快樂，就是樂樂。
：那妳應該是驚驚、范姐（岳母）應該是慌慌。
我看你是白白爛爛。",2024/6/25 22:19,一些無用碎念,產後憂鬱,pass,
h_shiyuan,SHIYUAN,"現在看到新婚夫親或情侶甜蜜示愛都會想說
：先給我去生一個小孩再來講！
從先生的小公主化身厭世母親的我。",2024/6/25 17:27,一些無用碎念,產後憂鬱,pass,
h_shiyuan,SHIYUAN,"不知道大家有聽過「姑牙」嗎？
孩子算是比較晚長牙，到整整一歲才冒出兩顆。
滿一歲前不久，帶著孩子回娘家，阿婆（我奶奶）說：還沒長嗎？怎麼不早說。立刻召喚來住附近的姑婆來「摸牙齦」。
對！就是摸孩子的牙齦，這個都市傳說很早就聽我媽說過，但我沒認真看待，想說不過是迷信罷了。
所謂的「姑牙」是指孩子長不出牙時，會請稱位有「姑」字的長輩，比如姑姑、姑婆這類的，來摸摸孩子牙齦。同理，長不出頭髮也是。
我抱著姑且相信，摸一下給阿婆安心，反正也不會真正傷害孩子的心態。不久後，孩子牙齒真的長出來了。
阿婆知道後立刻說：真的就是要給阿姑摸一下才會長出來！
我就知道會是這種結果哈哈哈哈哈哈哈哈哈哈，阿婆對此更深信不疑了！
好啦，沒關係，牙齒長出來了，長輩開開心心的，這樣就好了。",2024/6/24 14:05,一些無用碎念,產後憂鬱,pass,
h_shiyuan,SHIYUAN,"去年的預產期是6/23，本來可以生巨蠍寶寶，結果生了大家都害怕的雙子。成為母親後的這一年，日子還是一樣過，只是步調變得好快好快。快到沒有辦法、沒有時間停下來好好看看自己，於是只好就這樣，得過且過的到了今天。
回想這一年的歷程很奇妙，我們一家三口誰都不容易。孩子努力適應世界的一切；我和先生適應父母身分，專注孩子的成長。這樣的專注讓我們逐漸忘記彼此。
相比先生，我對婚姻敏感很多，畢竟我也曾是那個被捧在手心的廢物太太。為此，我發出過很多次的求救訊號，挑明告訴先生自己的感受「我覺得你只在意經營家庭，但忘記經營婚姻了」。
對，就是這麼直白，不跟寵娃魔人（直男）說清楚，他絕對是感受不出來的。不過，我們也都還在學習家庭及婚姻的平衡，很不容易，但希望成為父母後，我們都不要忘記，當初彼此相愛的自己。",2024/6/21 14:52,一些無用碎念,產後憂鬱,pass,
h_shiyuan,SHIYUAN,"與網紅簽訂的合約上已經明確說明發文日期（初稿已確認）
從約定日期到現在過了好幾天訊息都不回...
但，限動還是正常發布，原來是去日本玩耍了。
出去玩之前不是應該先把工作安排好嗎？
連抱怨都懶，只想問現在怎麼辦？不可能還要等到她回國才處理吧。",2024/6/20 10:37,一些無用碎念,產後憂鬱,pass,
h_shiyuan,SHIYUAN,"聽我媽說，我小時候支氣管不好，醫生建議可以嘗試看看羊奶，也許會改善。於是我喝了好多年的羊奶。
和大家小時候在學校喝的不一樣，我家是喝「大員山羊奶」一年四季都是熱的。所以國小看到同學有冰的巧克力口味牛奶，超級無敵羨慕。我跟媽媽說：我也要喝調味乳，而且也要帶去學校喝。
媽媽打電話去改訂單。我真的開始把調味乳帶去學校喝了，不同的是我從來沒喝過巧克力口味。
永遠都是果汁、麥芽、草莓⋯⋯
所以我跟媽媽說，我還是原味就可以了😌",2024/6/17 22:27,一些無用碎念,產後憂鬱,pass,
h_shiyuan,SHIYUAN,"可能是演算法，我在第一天就被推到媽媽內戰的文了，沒想到會在媽媽界延燒這麼多天。雖然我是職業媽媽，但我打從心裡佩服全職媽媽。叫我在家帶孩子一整天，外加做家事，沒有同事和夥伴一起我做不到...
雖然不管是哪種媽媽，都是自己的選擇，當然也可能是被迫的。
從還沒生孩子之前就知道自己是不可能待在家帶孩子的人，到生了孩子自己在家帶了4個月，我真的每一天每一天都覺得很痛苦，當然不是任何人的錯，都只是那個時候剛好就是這樣了而已。
後來孩子送保母，我開始有了自己的時間，白天邊做家事邊聽馬克信箱，偶爾耍廢補眠，傍晚開始煮晚餐，這樣的日子很愜意。但就，很孤獨，你就是自己一個人。也不敢去煩別人，畢竟大家都在上班呀！
重返職場後，先生說我又變得話很多了。是呀，除了育兒以外，還有別的事可以分享，很開心，我又是聒噪的自己了。",2024/6/14 17:01,一些無用碎念,產後憂鬱,pass,
jsp20526,Pin Syuan,"全家出遊
嫩嬰說怎麼又要出門😆
新手爸媽進化中…已經進步不少囉🫶🏻",2025/11/14 20:17,新手人妻的育兒日常😅,產後憂鬱,pass,
jsp20526,Pin Syuan,想問問大家想生第二胎的理由是什麼？,2025/11/14 13:29,新手人妻的育兒日常😅,產後憂鬱,pass,
jsp20526,Pin Syuan,酒窩我來了簽到🙋,2025/11/11 18:37,新手人妻的育兒日常😅,產後憂鬱,pass,
jsp20526,Pin Syuan,全職媽媽的一天大家都是怎麼過的呢？,2025/11/11 15:01,新手人妻的育兒日常😅,產後憂鬱,pass,
jsp20526,Pin Syuan,媽媽不管在不在桃園都沒有可以放颱風假的一天🥹,2025/11/10 21:55,新手人妻的育兒日常😅,產後憂鬱,pass,
jsp20526,Pin Syuan,"當媽後少數的自拍照
怎麼還是離不開嫩嬰！！！",2025/11/10 21:47,新手人妻的育兒日常😅,產後憂鬱,pass,
9yuxzs,.,"對不起
我有跟亞洲父母講話就有躁鬱症的毛病",2025/10/24 23:16,小帳啦,躁鬱症,pass,
9yuxzs,.,這個世界真的好不公平,2025/10/24 15:21,小帳啦,躁鬱症,pass,
9yuxzs,.,"這次冬天
終於不是每次看別人放閃的單身狗了",2025/10/24 11:09,小帳啦,躁鬱症,pass,
9yuxzs,.,"這次的冬天
你和我",2025/10/21 21:24,小帳啦,躁鬱症,pass,
9yuxzs,.,想太多會毀了自己 順其自然吧,2025/10/19 17:19,小帳啦,躁鬱症,pass,
9yuxzs,.,時間沖淡了一切,2025/10/19 11:54,小帳啦,躁鬱症,pass,
9yuxzs,.,太多人分手讓我有點害怕,2025/10/19 10:55,小帳啦,躁鬱症,pass,
9yuxzs,.,"沒有天生兩個合適的人 
只有不斷互遷就的兩顆心",2025/10/18 09:10,小帳啦,躁鬱症,pass,
9yuxzs,.,如果注定要分開 那相遇的意義是什麼,2025/10/17 21:23,小帳啦,躁鬱症,pass,
9yuxzs,.,"我曾非常爱你 我离开你并不感到幸福
可幸福并不是必需品 并非需要幸福才能重新开始",2025/10/17 21:14,小帳啦,躁鬱症,pass,
9yuxzs,.,"后来 我不在执着我们的分别
也许未来我们能成为彼此轻描淡写的一页吧",2025/10/17 21:11,小帳啦,躁鬱症,pass,
9yuxzs,.,活的太清醒未必是好事,2025/10/17 18:11,小帳啦,躁鬱症,pass,
9yuxzs,.,我不知道我在心情不好什麼,2025/10/17 17:50,小帳啦,躁鬱症,pass,
9yuxzs,.,請問我談戀愛是談心酸的嗎,2025/10/17 17:08,小帳啦,躁鬱症,pass,
9yuxzs,.,"幸福其實很簡單
只是我太悲觀 自卑 焦慮 內耗 不自信 敏感多疑 沒安全感",2025/10/16 21:57,小帳啦,躁鬱症,pass,
9yuxzs,.,"我渴望有人能看清我 再擁抱我
 又害怕被別人看清 真可笑",2025/10/16 21:53,小帳啦,躁鬱症,pass,
9yuxzs,.,幸福就像中了彩票一樣,2025/10/16 16:38,小帳啦,躁鬱症,pass,
9yuxzs,.,我信你一次又一次 而你呢 究竟騙我多少了,2025/10/16 16:35,小帳啦,躁鬱症,pass,
9yuxzs,.,愛與不愛真的很明顯,2025/10/16 16:31,小帳啦,躁鬱症,pass,
9yuxzs,.,前任 謝謝你讓我成長很多,2025/10/16 16:28,小帳啦,躁鬱症,pass,
9yuxzs,.,回憶裡的你 真的很好很好,2025/10/16 16:14,小帳啦,躁鬱症,pass,
9yuxzs,.,我從來不是你的唯一,2025/10/16 16:04,小帳啦,躁鬱症,pass,
9yuxzs,.,時間是最好的解藥,2025/10/15 22:29,小帳啦,躁鬱症,pass,
9yuxzs,.,就讓時間解決我們吧,2025/10/15 22:28,小帳啦,躁鬱症,pass,
9yuxzs,.,當初是你先喜歡上我的 最後拋棄我的也是你的,2025/10/15 22:27,小帳啦,躁鬱症,pass,
9yuxzs,.,我一直活在過去 我也想向前看啊 你當我不想嗎,2025/10/15 22:19,小帳啦,躁鬱症,pass,
9yuxzs,.,我原諒不了過去的自己,2025/10/15 22:19,小帳啦,躁鬱症,pass,
9yuxzs,.,愛的最高境界是 希望你幸福,2025/10/15 22:18,小帳啦,躁鬱症,pass,
9yuxzs,.,我也會懷念啊 但我不後悔 不回頭,2025/10/15 22:18,小帳啦,躁鬱症,pass,
9yuxzs,.,我假裝不在意 其實關於你的一切我都不捨,2025/10/15 22:17,小帳啦,躁鬱症,pass,
9yuxzs,.,後來 我搞不清楚 究竟是執念還是愛了,2025/10/15 22:16,小帳啦,躁鬱症,pass,
9yuxzs,.,回憶裡的他 無人能敵,2025/10/15 22:13,小帳啦,躁鬱症,pass,
9yuxzs,.,"看著身邊的人一個接著一個幸福 
我時常在想我什麼時候才會也這樣呢",2025/10/15 22:13,小帳啦,躁鬱症,pass,
9yuxzs,.,下雨天像是那些從未說出口的思念,2025/10/15 22:05,小帳啦,躁鬱症,pass,
9yuxzs,.,憑什麼你能轉身回到原本生活 而我卻要死要活的,2025/10/15 22:03,小帳啦,躁鬱症,pass,
9yuxzs,.,遇見你 或許花光我所有運氣吧,2025/10/15 21:53,小帳啦,躁鬱症,pass,
9yuxzs,.,回憶像懲罰念舊的人,2025/10/15 21:44,小帳啦,躁鬱症,pass,
9yuxzs,.,要不是喜歡你 誰會一直盯著手機看啊,2025/10/15 21:12,小帳啦,躁鬱症,pass,
9yuxzs,.,那年你就像一隻蝴蝶飛進了我的視線 自此 我的世界全是你,2025/10/15 21:00,小帳啦,躁鬱症,pass,
9yuxzs,.,"在陸抖看到一句很喜歡的話
''我存在的意義 就是為了接住你的眼淚""'",2025/10/14 19:36,小帳啦,躁鬱症,pass,
9yuxzs,.,"別暈了
他根本不喜歡你",2025/10/14 17:44,小帳啦,躁鬱症,pass,
9yuxzs,.,真的好討厭自己的敏感多疑,2025/10/12 15:52,小帳啦,躁鬱症,pass,
9yuxzs,.,我總是不能活在當下。,2025/10/12 15:46,小帳啦,躁鬱症,pass,
eli_cosmo_78,78歲的小朋友✨,"躁鬱症不是快樂與悲傷的開關
很多人以為躁鬱症（雙極情感障礙）
只是「一下很開心、一下很沮喪」，
但其實它遠比情緒起伏來得複雜與痛苦。
躁期不是真的「很幸福」，而是出現極度的自信、話多、失眠、衝動、甚至妄想與判斷力下降。
那是一種「精神加速過頭」的狀態，可能會做出後悔一輩子的選擇。
而鬱期時，卻會跌入深不見底的痛苦，無法起床、無法吃飯，懷疑自己還有沒有存在的價值。
這樣的高低交替，
讓很多躁鬱症患者活得非常辛苦。
不是太敏感，也不是裝的，
而是大腦裡的情緒調節機制真的出了一點問題。",2025/7/18 20:00,"INFJ魔法師 🧙🏻‍♀️｜小朋友自我陪伴小角落
溫柔對待自己，是一場需要勇氣的冒險
慢慢學會和自己和解，看著傷痕累累的自己
依然選擇走下去，放鬆呼吸看見那些被忽略的自己🫂 「不需要完美，只要真心做自己——同時，慢慢長出面對的力量。」我們一起走在更真實的路上💛",躁鬱症,pass,
eli_cosmo_78,78歲的小朋友✨,"當我們一直在「不能出錯、不能情緒化」的場域裡奮戰，情緒不是消失了，而是被壓抑太久，終究會反撲。
你不是情緒太多，也不是不夠成熟，
只是太久沒好好照顧自己了。
那些突然崩潰、忍不住大哭的時刻，
都是身體在告訴你：「我累了，撐不下去了。」
你可以停一下，問問自己：
我是不是又勉強自己太多了？
是不是該先好好休息一下？
你不是機器，不需要永遠強大。
願你記得： 
情緒不是錯，它只是提醒你，也該被好好照顧。",2025/7/18 19:00,"INFJ魔法師 🧙🏻‍♀️｜小朋友自我陪伴小角落
溫柔對待自己，是一場需要勇氣的冒險
慢慢學會和自己和解，看著傷痕累累的自己
依然選擇走下去，放鬆呼吸看見那些被忽略的自己🫂 「不需要完美，只要真心做自己——同時，慢慢長出面對的力量。」我們一起走在更真實的路上💛",躁鬱症,pass,
eli_cosmo_78,78歲的小朋友✨,"當一個人說出：「我很想活，但又很想死。」
不是在誇張、不是在矛盾，而是在說出內心最深的拉扯。
那是：「我想留下來，可是這樣活著真的好痛。」
是：「我還有想完成的夢，但也快撐不下去了。」
是：「我不是真的想結束生命，我只是好希望痛苦可以停止。」
這句話裡，其實藏著兩種渴望：
 一種，是想活下來、想被理解、想被好好愛。
另一種，是想逃離、想放鬆、想讓痛停止。",2025/7/18 11:25,"INFJ魔法師 🧙🏻‍♀️｜小朋友自我陪伴小角落
溫柔對待自己，是一場需要勇氣的冒險
慢慢學會和自己和解，看著傷痕累累的自己
依然選擇走下去，放鬆呼吸看見那些被忽略的自己🫂 「不需要完美，只要真心做自己——同時，慢慢長出面對的力量。」我們一起走在更真實的路上💛",躁鬱症,pass,
eli_cosmo_78,78歲的小朋友✨,"我們的大腦，
其實無法「忽略」一個被禁止的念頭。
當你試著告訴自己「不要想」，
反而會更容易想起它。
心理學家 Wegner 稱這種現象為 「反彈效應」（ironic process theory）。
比如：試著「不要想白色的熊」，
你的腦袋就會立刻浮現它的畫面。
同樣地，當我們強迫自己「不要難過」「不要想他」——情緒反而更難被壓下。
真正能讓情緒淡下來的，從來不是壓抑，而是：讓它被安全地看見，被允許存在。",2025/7/17 20:59,"INFJ魔法師 🧙🏻‍♀️｜小朋友自我陪伴小角落
溫柔對待自己，是一場需要勇氣的冒險
慢慢學會和自己和解，看著傷痕累累的自己
依然選擇走下去，放鬆呼吸看見那些被忽略的自己🫂 「不需要完美，只要真心做自己——同時，慢慢長出面對的力量。」我們一起走在更真實的路上💛",躁鬱症,pass,
eli_cosmo_78,78歲的小朋友✨,"你知道嗎？
不是每一種痛，都需要靠「努力」才能過去。
有時候，真正困住我們的，不是不夠堅強，
而是太久，都一個人在撐。
那些什麼都做不到的日子，其實也在偷偷恢復力量。能吃一口飯、睡一場覺，就是在照顧自己。
我曾經以為——只要夠努力，情緒就不會那麼深，黑暗也會離我遠一點。
但現在我累了，不是逼自己再撐一下，
而是允許自己停下來。
讓愛我的人，也讓我自己，
都學會慢慢接住那個無力的我。
這不是放棄，這是在學習怎麼活下來。
有時候，那已經很勇敢了。",2025/7/17 20:00,"INFJ魔法師 🧙🏻‍♀️｜小朋友自我陪伴小角落
溫柔對待自己，是一場需要勇氣的冒險
慢慢學會和自己和解，看著傷痕累累的自己
依然選擇走下去，放鬆呼吸看見那些被忽略的自己🫂 「不需要完美，只要真心做自己——同時，慢慢長出面對的力量。」我們一起走在更真實的路上💛",躁鬱症,pass,
eli_cosmo_78,78歲的小朋友✨,"有些時候，我們不是不願意靠近，而是不知道怎麼在靠近中保護自己。
設立界線，不代表你不愛、不在乎，而是你正在學著，好好照顧自己。
願我們都能在關係裡，既能靠近，也能喘息。",2025/7/17 18:49,"INFJ魔法師 🧙🏻‍♀️｜小朋友自我陪伴小角落
溫柔對待自己，是一場需要勇氣的冒險
慢慢學會和自己和解，看著傷痕累累的自己
依然選擇走下去，放鬆呼吸看見那些被忽略的自己🫂 「不需要完美，只要真心做自己——同時，慢慢長出面對的力量。」我們一起走在更真實的路上💛",躁鬱症,pass,
eli_cosmo_78,78歲的小朋友✨,"最近在想，為什麼每次進入一段關係，
我總是感到特別累？
好像只要氣氛有一點緊張、話語有一點距離，
我就會立刻自動把責任攬在身上。
是不是我不夠好？是不是我說錯話了？
是不是我應該忍一下？
但這樣的關係，真的讓人越來越疲憊。
明明只是想要好好相處，
最後卻變成一場對自己的消耗戰。
以前我會責怪自己太敏感、太玻璃心，
但現在我想換個角度看看自己：
也許，這些「很累的感覺」，
其實是身體在提醒我：已經撐太久了。
關係不是只有委屈求全才叫珍惜，
而是可以坦白說：「我這樣會累」，
也願意相信——對的人，會願意聽。",2025/7/17 13:21,"INFJ魔法師 🧙🏻‍♀️｜小朋友自我陪伴小角落
溫柔對待自己，是一場需要勇氣的冒險
慢慢學會和自己和解，看著傷痕累累的自己
依然選擇走下去，放鬆呼吸看見那些被忽略的自己🫂 「不需要完美，只要真心做自己——同時，慢慢長出面對的力量。」我們一起走在更真實的路上💛",躁鬱症,pass,
eli_cosmo_78,78歲的小朋友✨,"不是沒同理心，而是心太累了
有時候，經歷太多的人，
反而沒力氣再接住別人的情緒。
不是你變冷漠了，而是——你已經撐太久了。
你總是那個懂別人的人，
卻很少被人問：「你還好嗎？」
同理心不是無止盡給出去的東西，
當你累了、撐不住了，請先照顧自己。
你也值得被理解、被安慰，
不需要每次都那麼懂事。",2025/7/16 21:36,"INFJ魔法師 🧙🏻‍♀️｜小朋友自我陪伴小角落
溫柔對待自己，是一場需要勇氣的冒險
慢慢學會和自己和解，看著傷痕累累的自己
依然選擇走下去，放鬆呼吸看見那些被忽略的自己🫂 「不需要完美，只要真心做自己——同時，慢慢長出面對的力量。」我們一起走在更真實的路上💛",躁鬱症,pass,
eli_cosmo_78,78歲的小朋友✨,"為什麼我們會突然想哭？
有時候，一句話、一個畫面，甚至一個熟悉的味道，都能讓我們在毫無預警的瞬間，眼眶一熱，想哭。不是因為太脆弱，而是因為——
情緒終於找到出口了。
我們的大腦會「暫時冷凍」那些還沒辦法處理的情緒，等到某個安全的時刻、穩定的場景，它才會悄悄打開那個被壓著的抽屜。
這就是為什麼，在你以為「沒事了」的時候，
情緒反而會突然冒出來。
那不是倒退，也不是情緒失控，
而是你的內在，正在信任你、開始鬆開自己了。
￼
所以，突然想哭，往往是你開始在「感覺」了，
那是療癒的起點，不是崩潰的證明。",2025/7/16 20:46,"INFJ魔法師 🧙🏻‍♀️｜小朋友自我陪伴小角落
溫柔對待自己，是一場需要勇氣的冒險
慢慢學會和自己和解，看著傷痕累累的自己
依然選擇走下去，放鬆呼吸看見那些被忽略的自己🫂 「不需要完美，只要真心做自己——同時，慢慢長出面對的力量。」我們一起走在更真實的路上💛",躁鬱症,pass,
eli_cosmo_78,78歲的小朋友✨,"今天是星期三，已經走到一半了，
再一下下，就可以迎接週末的呼吸空間～
最近的努力也許還沒看到明顯成果，
但你知道嗎？每天願意多靠近一點自己，就已經是進步了。
別忘了誇誇今天撐過來的你：
就算有點累、有點慢，也還是選擇繼續走下去，真的很棒。
「真正改變我們的，不是我們能做到什麼，
而是我們願意為自己做出什麼樣的選擇。」
——每一次選擇溫柔、選擇停下來、選擇不放棄自己，你都在成為更靠近真實自己的樣子。",2025/7/16 18:13,"INFJ魔法師 🧙🏻‍♀️｜小朋友自我陪伴小角落
溫柔對待自己，是一場需要勇氣的冒險
慢慢學會和自己和解，看著傷痕累累的自己
依然選擇走下去，放鬆呼吸看見那些被忽略的自己🫂 「不需要完美，只要真心做自己——同時，慢慢長出面對的力量。」我們一起走在更真實的路上💛",躁鬱症,pass,
eli_cosmo_78,78歲的小朋友✨,"我曾經很努力想「變回以前的我」——
那個撐得住壓力、忍得住委屈、從不喊累的我。
但後來我才懂，原來他之所以崩潰，不是因為不夠堅強，而是因為，他早就撐太久了。
所以現在的我，不再急著回頭，而是開始慢慢打造一個「比較適合活下去」的自己。
像是：學著拒絕那些讓我窒息的關係、
練習在疲憊時停下來，而不是逼自己撐過去、
設下界線，不為別人的期待燃燒自己。
這不代表我壞掉了、變了、失去原來的樣子，
而是——我開始學會為自己保留那部分最重要、最溫柔的核心。
「更新自己，不是放棄自己」，
而是為了繼續活下去，選擇更溫柔地活。",2025/7/16 12:41,"INFJ魔法師 🧙🏻‍♀️｜小朋友自我陪伴小角落
溫柔對待自己，是一場需要勇氣的冒險
慢慢學會和自己和解，看著傷痕累累的自己
依然選擇走下去，放鬆呼吸看見那些被忽略的自己🫂 「不需要完美，只要真心做自己——同時，慢慢長出面對的力量。」我們一起走在更真實的路上💛",躁鬱症,pass,
eli_cosmo_78,78歲的小朋友✨,"心理諮商不是教你該怎麼做，
而是陪你看見你真正的感覺，
慢慢練習把決定權從外界，拿回自己手裡。
有些人習慣把力量交出去，
想聽「正確答案」，想被帶領。
但心理師不會說你該怎麼樣，
他只會問你：「你怎麼想？」
不是因為他不夠專業，
而是因為他尊重——
你才是自己人生最清楚的人。",2025/7/15 20:36,"INFJ魔法師 🧙🏻‍♀️｜小朋友自我陪伴小角落
溫柔對待自己，是一場需要勇氣的冒險
慢慢學會和自己和解，看著傷痕累累的自己
依然選擇走下去，放鬆呼吸看見那些被忽略的自己🫂 「不需要完美，只要真心做自己——同時，慢慢長出面對的力量。」我們一起走在更真實的路上💛",躁鬱症,pass,
eli_cosmo_78,78歲的小朋友✨,"有時候，夜晚比白天還吵。
不是外面的聲音，而是腦海裡那些想法：
今天是不是又說錯話了？
為什麼還是這麼容易累、容易想哭？
我是不是，永遠都不夠好？
心理學說，那些在夜深時出現的念頭，不一定是事實，它們只是白天來不及被聽見的情緒。
別急著解釋它們，也不用馬上反駁。
你可以做的，只是靜靜陪著它們一下下。
對自己說一句：「我知道你今天很努力了。」
哪怕沒有別人懂，哪怕沒有人說出口，
你可以是那個第一個理解自己的人。
今天的你已經夠好了，真的。",2025/7/15 18:51,"INFJ魔法師 🧙🏻‍♀️｜小朋友自我陪伴小角落
溫柔對待自己，是一場需要勇氣的冒險
慢慢學會和自己和解，看著傷痕累累的自己
依然選擇走下去，放鬆呼吸看見那些被忽略的自己🫂 「不需要完美，只要真心做自己——同時，慢慢長出面對的力量。」我們一起走在更真實的路上💛",躁鬱症,pass,
eli_cosmo_78,78歲的小朋友✨,"心理治療能不能真正發揮效用，
最關鍵的，不是心理師用的是什麼學派、技術多厲害、做了幾年，而是——你跟這位心理師之間，關係如何。
簡單來說：你覺得他懂你嗎？
如果你在晤談裡感覺被理解、被尊重、被接住，
那份關係的安全感會讓你願意慢慢鬆開自己，
讓你能夠說出平常說不出口的話、面對連自己都不敢碰的情緒。
這種「感覺被懂」的經驗，會成為你療癒的基礎。它比你面對的是什麼問題、心理師受的是哪一種訓練都還重要。
相反的，如果你覺得對方離你很遠、只是用技巧分析你、或總是回得太快太理性，
那再多方法都很難真正進得了心。
心理治療的本質，不是「幫你解決問題」，
而是陪你在安全的關係中，重新成為自己。
所以，不用急著問：「我這樣的問題要找哪一種學派？」你可以先問：「在這段關係裡，我有感覺被看見嗎？」",2025/7/15 12:36,"INFJ魔法師 🧙🏻‍♀️｜小朋友自我陪伴小角落
溫柔對待自己，是一場需要勇氣的冒險
慢慢學會和自己和解，看著傷痕累累的自己
依然選擇走下去，放鬆呼吸看見那些被忽略的自己🫂 「不需要完美，只要真心做自己——同時，慢慢長出面對的力量。」我們一起走在更真實的路上💛",躁鬱症,pass,
eli_cosmo_78,78歲的小朋友✨,你不需要一直表現得很好，才值得被愛。,2025/7/14 21:03,"INFJ魔法師 🧙🏻‍♀️｜小朋友自我陪伴小角落
溫柔對待自己，是一場需要勇氣的冒險
慢慢學會和自己和解，看著傷痕累累的自己
依然選擇走下去，放鬆呼吸看見那些被忽略的自己🫂 「不需要完美，只要真心做自己——同時，慢慢長出面對的力量。」我們一起走在更真實的路上💛",躁鬱症,pass,
eli_cosmo_78,78歲的小朋友✨,"心理諮商
為什麼每次快結束時，才講到最重要的事？
這不是拖延，也不是不會表達，
而是防衛機制正在慢慢放鬆。
剛進諮商室時，我們的大腦還處於「觀察、評估是否安全」的狀態。直到時間快結束，心才剛放下一些警戒，真正想說的話才浮出來——但那時鐘剛好快走完。
這種「最後5分鐘效應」其實很常見，
心理師也知道，有時候這些最後說出口的話，
反而才是這次晤談最關鍵的起點。",2025/7/14 20:38,"INFJ魔法師 🧙🏻‍♀️｜小朋友自我陪伴小角落
溫柔對待自己，是一場需要勇氣的冒險
慢慢學會和自己和解，看著傷痕累累的自己
依然選擇走下去，放鬆呼吸看見那些被忽略的自己🫂 「不需要完美，只要真心做自己——同時，慢慢長出面對的力量。」我們一起走在更真實的路上💛",躁鬱症,pass,
eli_cosmo_78,78歲的小朋友✨,"有時候，我以為自己走出來了，
但回頭一看，風景還是差不多，
只是換了一套劇本，重演同樣的感覺。
原來，我不是沒在動，
只是一直在熟悉的模式裡打轉——
因為那裡雖然不快樂，卻很安全，很習慣。
但沒關係。覺察自己在繞圈的那一刻，就是一種轉向的開始。從「我怎麼又這樣」變成「我好像懂了些什麼」。
走出老路不是一下子的事，
有時候，願意停下來問問自己：「我真的想去哪裡？」就已經是往新的方向走去的第一步。",2025/7/14 18:55,"INFJ魔法師 🧙🏻‍♀️｜小朋友自我陪伴小角落
溫柔對待自己，是一場需要勇氣的冒險
慢慢學會和自己和解，看著傷痕累累的自己
依然選擇走下去，放鬆呼吸看見那些被忽略的自己🫂 「不需要完美，只要真心做自己——同時，慢慢長出面對的力量。」我們一起走在更真實的路上💛",躁鬱症,pass,
eli_cosmo_78,78歲的小朋友✨,"你不是懶，也不是沒動力。
有時候，那些「動不了」的日子，
其實是太多沒說出口的壓力，卡在了身體裡。
心理學裡，有一種現象叫 高功能憂鬱：
一邊照常上班、上課、微笑；
一邊在心裡默默掉血、對什麼都提不起勁。
你看起來好像「還行」，但其實每天都在撐，撐著不垮、撐著不讓別人擔心。
請記住——
你不是在偷懶，你是在努力活下來。
那些你熬過的日子，真的算數。",2025/7/14 12:31,"INFJ魔法師 🧙🏻‍♀️｜小朋友自我陪伴小角落
溫柔對待自己，是一場需要勇氣的冒險
慢慢學會和自己和解，看著傷痕累累的自己
依然選擇走下去，放鬆呼吸看見那些被忽略的自己🫂 「不需要完美，只要真心做自己——同時，慢慢長出面對的力量。」我們一起走在更真實的路上💛",躁鬱症,pass,
eli_cosmo_78,78歲的小朋友✨,"你不是停滯不前，你只是在舊傷和新希望之間，努力找一條能好好活著的路。
如果現在的你有點迷路，那就慢一點，
坐下來陪陪自己——
有時候真正的前進，
是願意停下來，聽見內在的聲音。",2025/7/14 08:00,"INFJ魔法師 🧙🏻‍♀️｜小朋友自我陪伴小角落
溫柔對待自己，是一場需要勇氣的冒險
慢慢學會和自己和解，看著傷痕累累的自己
依然選擇走下去，放鬆呼吸看見那些被忽略的自己🫂 「不需要完美，只要真心做自己——同時，慢慢長出面對的力量。」我們一起走在更真實的路上💛",躁鬱症,pass,
eli_cosmo_78,78歲的小朋友✨,"有時候，我以為自己走出來了，
但回頭一看，風景還是差不多，
只是換了一套劇本，重演同樣的感覺。
有時候，我真的以為自己已經不痛了。
但熟悉的場景、熟悉的感覺，又悄悄回來了。",2025/7/13 22:00,"INFJ魔法師 🧙🏻‍♀️｜小朋友自我陪伴小角落
溫柔對待自己，是一場需要勇氣的冒險
慢慢學會和自己和解，看著傷痕累累的自己
依然選擇走下去，放鬆呼吸看見那些被忽略的自己🫂 「不需要完美，只要真心做自己——同時，慢慢長出面對的力量。」我們一起走在更真實的路上💛",躁鬱症,pass,
eli_cosmo_78,78歲的小朋友✨,"我想起自己也曾一再在關係中壓抑自己，只為了不失去對方。以為退讓叫做成熟，以為順從就是愛。直到越來越疲憊，才發現那根本不是愛對方，而是失去了自己。
我也開始看見，我的「乖」不只是性格，而是過去長大的必須。那是一種保護機制，也是我學會被愛的方式。只是，當我想活得更真實，這份「乖」就成了需要鬆開的殼。
原來重複，不是因為我們笨，而是我們還懷抱希望，想修補什麼。只是方式錯了，才一再受傷。",2025/7/13 20:36,"INFJ魔法師 🧙🏻‍♀️｜小朋友自我陪伴小角落
溫柔對待自己，是一場需要勇氣的冒險
慢慢學會和自己和解，看著傷痕累累的自己
依然選擇走下去，放鬆呼吸看見那些被忽略的自己🫂 「不需要完美，只要真心做自己——同時，慢慢長出面對的力量。」我們一起走在更真實的路上💛",躁鬱症,pass,
eli_cosmo_78,78歲的小朋友✨,"你快樂嗎？
這句話聽起來簡單，卻常常讓人說不出口。
快樂，好像代表我忽略了還沒好起來的地方；
不快樂，又讓我覺得自己是不是太貪心。
後來我學會這樣對自己說：
「我沒有一直快樂，但我有在努力活著，
陪著那些還不快樂的自己。」
對我來說，快樂不再是笑，而是——
今天沒有責怪自己太多、有一句話讓我
鬆了一口氣、有一刻，我竟然想笑了。
那就夠了。",2025/7/13 20:00,"INFJ魔法師 🧙🏻‍♀️｜小朋友自我陪伴小角落
溫柔對待自己，是一場需要勇氣的冒險
慢慢學會和自己和解，看著傷痕累累的自己
依然選擇走下去，放鬆呼吸看見那些被忽略的自己🫂 「不需要完美，只要真心做自己——同時，慢慢長出面對的力量。」我們一起走在更真實的路上💛",躁鬱症,pass,
eli_cosmo_78,78歲的小朋友✨,"你知道嗎？
心理諮商不是「教你怎麼變正常」或「把你修好」。它比較像是一個安全的空間，有一個人願意靜靜地坐在你身邊，陪你一起看看你心裡正在發生什麼。
有時候是陪你拆開那些很久沒碰的情緒，
有時候是幫你發現自己沒看見的力量，
更多時候，是讓你知道——你並不孤單，也不奇怪。
心理諮商不是要改變你，而是讓你更靠近自己。
這是我慢慢感覺到的，如果你也有好奇，真的值得一試💛",2025/7/13 12:00,"INFJ魔法師 🧙🏻‍♀️｜小朋友自我陪伴小角落
溫柔對待自己，是一場需要勇氣的冒險
慢慢學會和自己和解，看著傷痕累累的自己
依然選擇走下去，放鬆呼吸看見那些被忽略的自己🫂 「不需要完美，只要真心做自己——同時，慢慢長出面對的力量。」我們一起走在更真實的路上💛",躁鬱症,pass,
eli_cosmo_78,78歲的小朋友✨,"為什麼有些人會對心理師生氣？
以為是「我太敏感了」、
其實那可能是——在關係裡感受到失望了。
心理師不是神，也不會總是剛剛好接住我們每一次的情緒。有時候他們說的話太中性、太快理性分析、太慢理解我們的痛，我們會感覺「你怎麼不懂我？」、「你是不是也在評價我？」
這種失落和憤怒，很多時候不是針對「那個人」，而是針對我們過去曾經歷的傷，正在治療關係中被觸發。
如果你能把這份生氣帶進晤談，
也許會意外地發現——
這正是關係變深、內在開始轉化的契機。
因為在這段安全的關係裡，你終於可以練習說出：「我有情緒，請你不要忽略它。」",2025/7/13 10:00,"INFJ魔法師 🧙🏻‍♀️｜小朋友自我陪伴小角落
溫柔對待自己，是一場需要勇氣的冒險
慢慢學會和自己和解，看著傷痕累累的自己
依然選擇走下去，放鬆呼吸看見那些被忽略的自己🫂 「不需要完美，只要真心做自己——同時，慢慢長出面對的力量。」我們一起走在更真實的路上💛",躁鬱症,pass,
eli_cosmo_78,78歲的小朋友✨,"諮商後覺得更難過，是壞掉還是變好了？
不是壞掉，是你開始誠實了。
願意碰觸那些原本壓著不敢說的痛，情緒變多、變真，這代表在鬆動防衛、靠近自己。
有時候變好，會先變痛。
這不是退步，是療癒在發生。",2025/7/12 20:30,"INFJ魔法師 🧙🏻‍♀️｜小朋友自我陪伴小角落
溫柔對待自己，是一場需要勇氣的冒險
慢慢學會和自己和解，看著傷痕累累的自己
依然選擇走下去，放鬆呼吸看見那些被忽略的自己🫂 「不需要完美，只要真心做自己——同時，慢慢長出面對的力量。」我們一起走在更真實的路上💛",躁鬱症,pass,
eli_cosmo_78,78歲的小朋友✨,"為什麼有些人做完心理諮商，反而覺得更難過了？是不是變糟了？
其實不是，這很可能是——開始誠實了。
在心理諮商的初期，很多人會經歷一段「更痛」的時期。那是因為正在鬆動過去壓抑的感覺、防衛的牆、以及一直沒被碰觸的傷口。
不再假裝沒事、不再逞強，也願意慢慢說出那些從來沒說出口的心情。
所以情緒會變多、變濃、變真實──
那不是倒退，而是正在「走進真正的你」。
心理治療的過程就像傷口拆開紗布後要重新清創，雖然短暫地更痛，但那是為了讓它好好癒合，而不是只是蓋起來看不見。
所以，當諮商完覺得更累、更想哭、更想逃，
請別急著責怪自己。
只是走到那個最勇敢、也最脆弱的地方。",2025/7/12 19:59,"INFJ魔法師 🧙🏻‍♀️｜小朋友自我陪伴小角落
溫柔對待自己，是一場需要勇氣的冒險
慢慢學會和自己和解，看著傷痕累累的自己
依然選擇走下去，放鬆呼吸看見那些被忽略的自己🫂 「不需要完美，只要真心做自己——同時，慢慢長出面對的力量。」我們一起走在更真實的路上💛",躁鬱症,pass,
eli_cosmo_78,78歲的小朋友✨,"會好起來，就算不是現在。
有時候我們急著好起來，
因為太痛了、太累了，想快點逃出去。
但情緒不是開關，不是說關就關的；
它像一場天氣，有時晴有時雨。
你可能還在低谷裡，但不代表你不會走出去。
你正在熬的每一秒，都是未來平穩日子的地基。",2025/7/12 19:00,"INFJ魔法師 🧙🏻‍♀️｜小朋友自我陪伴小角落
溫柔對待自己，是一場需要勇氣的冒險
慢慢學會和自己和解，看著傷痕累累的自己
依然選擇走下去，放鬆呼吸看見那些被忽略的自己🫂 「不需要完美，只要真心做自己——同時，慢慢長出面對的力量。」我們一起走在更真實的路上💛",躁鬱症,pass,
eli_cosmo_78,78歲的小朋友✨,"你知道嗎？
有時候你不是不痛，
只是太習慣笑著說沒事。",2025/7/12 12:11,"INFJ魔法師 🧙🏻‍♀️｜小朋友自我陪伴小角落
溫柔對待自己，是一場需要勇氣的冒險
慢慢學會和自己和解，看著傷痕累累的自己
依然選擇走下去，放鬆呼吸看見那些被忽略的自己🫂 「不需要完美，只要真心做自己——同時，慢慢長出面對的力量。」我們一起走在更真實的路上💛",躁鬱症,pass,
eli_cosmo_78,78歲的小朋友✨,"為什麼講到痛處的時候，有些人不是哭，而是開始「流鼻水」？
你以為是感冒，其實是⋯⋯身體正在幫你代謝情緒。當我們觸碰到壓抑已久的情緒時，大腦會啟動副交感神經系統，身體也會自動做出釋放：像是流淚、流鼻水、喉嚨緊、突然打哈欠。
這些生理反應，是一種非語言的情緒轉化，
代表你正在從「思考」回到「感覺」，進入真正療癒的狀態。
所以下次在諮商室裡突然鼻水直流，別急著擦掉它，你可以告訴自己：「我正在放下點什麼。」",2025/7/12 08:00,"INFJ魔法師 🧙🏻‍♀️｜小朋友自我陪伴小角落
溫柔對待自己，是一場需要勇氣的冒險
慢慢學會和自己和解，看著傷痕累累的自己
依然選擇走下去，放鬆呼吸看見那些被忽略的自己🫂 「不需要完美，只要真心做自己——同時，慢慢長出面對的力量。」我們一起走在更真實的路上💛",躁鬱症,pass,
eli_cosmo_78,78歲的小朋友✨,"有時候，你以為是在聊天，其實已經在療癒了。
在心理諮商中，「改變」不一定發生在分析情緒或找出解方的時候，而是在你被安靜、真誠地陪伴著說話的過程中，大腦就開始產生轉變了。",2025/7/11 20:00,"INFJ魔法師 🧙🏻‍♀️｜小朋友自我陪伴小角落
溫柔對待自己，是一場需要勇氣的冒險
慢慢學會和自己和解，看著傷痕累累的自己
依然選擇走下去，放鬆呼吸看見那些被忽略的自己🫂 「不需要完美，只要真心做自己——同時，慢慢長出面對的力量。」我們一起走在更真實的路上💛",躁鬱症,pass,
eli_cosmo_78,78歲的小朋友✨,"心理諮商跟談戀愛你選哪一個？
一樣都會掏空我的錢包。
但我選心理諮商。
至少心理師不會既讀不回，
還會記得我上週哭了幾分鐘。
談戀愛時我常懷疑自己是不是太黏；
心理師則會說：
「這份依附感，我們可以一起看看。」
戀愛讓我焦慮，諮商讓我療癒。
雖然一樣都會讓我哭，
但一個有收據，另一個只有回憶。
你呢？你會選哪一種心碎方式？🫠",2025/7/11 19:00,"INFJ魔法師 🧙🏻‍♀️｜小朋友自我陪伴小角落
溫柔對待自己，是一場需要勇氣的冒險
慢慢學會和自己和解，看著傷痕累累的自己
依然選擇走下去，放鬆呼吸看見那些被忽略的自己🫂 「不需要完美，只要真心做自己——同時，慢慢長出面對的力量。」我們一起走在更真實的路上💛",躁鬱症,pass,
eli_cosmo_78,78歲的小朋友✨,"你知道嗎？
沒什麼比脫離痛苦更讓人渴望，
也沒什麼比拋下曾依靠的怪杖更讓人惶恐。
它曾經保護你、撐著你活下來，
所以你害怕沒有它以後，自己什麼也不是。
但你正在學著用不再傷害自己的方式活著。
哪怕走得很慢，哪怕一邊放下，一邊哭，
你都已經不一樣了。
「你不是重新開始，
 你是帶著所有的傷，繼續出發。」",2025/7/11 13:47,"INFJ魔法師 🧙🏻‍♀️｜小朋友自我陪伴小角落
溫柔對待自己，是一場需要勇氣的冒險
慢慢學會和自己和解，看著傷痕累累的自己
依然選擇走下去，放鬆呼吸看見那些被忽略的自己🫂 「不需要完美，只要真心做自己——同時，慢慢長出面對的力量。」我們一起走在更真實的路上💛",躁鬱症,pass,
eli_cosmo_78,78歲的小朋友✨,"快撐不下去時，跟自己說的三句話：
1.	「我現在很累，但這不代表我放棄了。」
2.	「痛是因為我在乎，也因為我還有感覺。」
3.	「撐不住也沒關係，我可以慢慢來，不急著變好。」
屬於你自己的三句話是什麼呢？放在心裡",2025/7/11 11:31,"INFJ魔法師 🧙🏻‍♀️｜小朋友自我陪伴小角落
溫柔對待自己，是一場需要勇氣的冒險
慢慢學會和自己和解，看著傷痕累累的自己
依然選擇走下去，放鬆呼吸看見那些被忽略的自己🫂 「不需要完美，只要真心做自己——同時，慢慢長出面對的力量。」我們一起走在更真實的路上💛",躁鬱症,pass,
eli_cosmo_78,78歲的小朋友✨,"一件事明明過去了，卻還是覺得卡在心裡——
像是鬆了一口氣的同時，卻又感到空虛。
對某個人很生氣，卻又偷偷覺得很難過。
這不是你想太多，而是你正在經歷矛盾情緒。
兩種相反的情緒同時出現，其實很正常，
也代表你正在更誠實地面對自己。
情緒不是非得選一個。
你可以同時感到釋懷，也感到不捨。
這樣的你，很真實。",2025/7/11 08:33,"INFJ魔法師 🧙🏻‍♀️｜小朋友自我陪伴小角落
溫柔對待自己，是一場需要勇氣的冒險
慢慢學會和自己和解，看著傷痕累累的自己
依然選擇走下去，放鬆呼吸看見那些被忽略的自己🫂 「不需要完美，只要真心做自己——同時，慢慢長出面對的力量。」我們一起走在更真實的路上💛",躁鬱症,pass,
eli_cosmo_78,78歲的小朋友✨,"「有時候你以為自己變得更脆弱了，
但其實，是你開始誠實了。
願意承認累、承認想念、承認沒有那麼堅強，
不是退步，是你正在學著不再獨自扛起所有。
這條路雖然慢，但你每一次流淚，都比以前更靠近真實的自己一點。」",2025/7/11 07:00,"INFJ魔法師 🧙🏻‍♀️｜小朋友自我陪伴小角落
溫柔對待自己，是一場需要勇氣的冒險
慢慢學會和自己和解，看著傷痕累累的自己
依然選擇走下去，放鬆呼吸看見那些被忽略的自己🫂 「不需要完美，只要真心做自己——同時，慢慢長出面對的力量。」我們一起走在更真實的路上💛",躁鬱症,pass,
eli_cosmo_78,78歲的小朋友✨,"給你現在的話：
「你不需要現在就好起來。
你只需要，誠實地活在這一刻。
哪怕這一刻是混亂的，是疲憊的，
是有點想哭、又不太知道怎麼說出口的。
你已經撐過很多了，現在的你，不是失敗，
而是剛好走到了一個特別需要溫柔的地方。
如果你感覺快撐不住了，
那我們就不要撐了，坐下來，讓情緒靠一下邊。
你還在，就已經是勇敢的證明。」",2025/7/10 21:07,"INFJ魔法師 🧙🏻‍♀️｜小朋友自我陪伴小角落
溫柔對待自己，是一場需要勇氣的冒險
慢慢學會和自己和解，看著傷痕累累的自己
依然選擇走下去，放鬆呼吸看見那些被忽略的自己🫂 「不需要完美，只要真心做自己——同時，慢慢長出面對的力量。」我們一起走在更真實的路上💛",躁鬱症,pass,
eli_cosmo_78,78歲的小朋友✨,"你「以為」自己在回憶，其實是在重新編故事。
心理學研究顯示，我們的大腦在回憶事情時，不是播放一段錄影帶，而是像拼圖一樣，根據碎片重建出一個「看起來合理的版本」。
這也就是為什麼——
每次回憶，其實都可能加入新的細節、遺漏原本的情緒，甚至改寫部分內容。",2025/7/10 20:00,"INFJ魔法師 🧙🏻‍♀️｜小朋友自我陪伴小角落
溫柔對待自己，是一場需要勇氣的冒險
慢慢學會和自己和解，看著傷痕累累的自己
依然選擇走下去，放鬆呼吸看見那些被忽略的自己🫂 「不需要完美，只要真心做自己——同時，慢慢長出面對的力量。」我們一起走在更真實的路上💛",躁鬱症,pass,
eli_cosmo_78,78歲的小朋友✨,"你知道嗎？
有時候我們不是不知道自己很痛，
只是太習慣了假裝沒事。
從小到大，我們好像一直在練習「懂事」，
懂得壓下情緒、懂得不要麻煩別人、懂得笑著說沒關係。
但其實你心裡也知道，
那不是沒關係，那是很想被抱一下。
心理師說：「情緒不是壞東西，它只是還沒被好好看見。」你可以哭，也可以累，不需要一直撐得像沒事一樣。",2025/7/10 19:00,"INFJ魔法師 🧙🏻‍♀️｜小朋友自我陪伴小角落
溫柔對待自己，是一場需要勇氣的冒險
慢慢學會和自己和解，看著傷痕累累的自己
依然選擇走下去，放鬆呼吸看見那些被忽略的自己🫂 「不需要完美，只要真心做自己——同時，慢慢長出面對的力量。」我們一起走在更真實的路上💛",躁鬱症,pass,
eli_cosmo_78,78歲的小朋友✨,"你有過這種經驗嗎？
說著心痛的事，卻忍不住笑。
不是因為不痛，而是因為「不能太痛」。
笑，有時是你保護自己的方式，
是你從小就學會的一種「不打擾別人」的表達。
心理師點出來，不是為了揭開你的防備，
而是想說：「你不需要一邊笑，一邊撐著痛。」
這裡很安全。你可以，只是難過。",2025/7/10 11:27,"INFJ魔法師 🧙🏻‍♀️｜小朋友自我陪伴小角落
溫柔對待自己，是一場需要勇氣的冒險
慢慢學會和自己和解，看著傷痕累累的自己
依然選擇走下去，放鬆呼吸看見那些被忽略的自己🫂 「不需要完美，只要真心做自己——同時，慢慢長出面對的力量。」我們一起走在更真實的路上💛",躁鬱症,pass,
eli_cosmo_78,78歲的小朋友✨,"你已經很努力了，不需要再假裝什麼都沒事。
那些看不見的眼淚，那些深夜的低落，我都知道你正在撐著，也正在慢慢學著陪自己走過。
你不是不夠堅強，而是太久沒有好好被擁抱。
就算現在還沒完全走出來，也沒關係，
你已經不是原地踏步的那個你了。
慢慢來，不用急著變好，
只要你還願意留在這裡，就是一種溫柔的奇蹟。",2025/7/10 09:00,"INFJ魔法師 🧙🏻‍♀️｜小朋友自我陪伴小角落
溫柔對待自己，是一場需要勇氣的冒險
慢慢學會和自己和解，看著傷痕累累的自己
依然選擇走下去，放鬆呼吸看見那些被忽略的自己🫂 「不需要完美，只要真心做自己——同時，慢慢長出面對的力量。」我們一起走在更真實的路上💛",躁鬱症,pass,
eli_cosmo_78,78歲的小朋友✨,"「有些痛，是你現在才終於有力氣去感覺的。
這不是退步，而是你終於走到更深的地方。
不要急著逃離，也不要否定自己。
你正在療癒，不是墜落。」",2025/7/10 08:00,"INFJ魔法師 🧙🏻‍♀️｜小朋友自我陪伴小角落
溫柔對待自己，是一場需要勇氣的冒險
慢慢學會和自己和解，看著傷痕累累的自己
依然選擇走下去，放鬆呼吸看見那些被忽略的自己🫂 「不需要完美，只要真心做自己——同時，慢慢長出面對的力量。」我們一起走在更真實的路上💛",躁鬱症,pass,
eli_cosmo_78,78歲的小朋友✨,"「你不是又掉回去了，
你只是走到了一個還沒被照亮的角落。」",2025/7/10 07:00,"INFJ魔法師 🧙🏻‍♀️｜小朋友自我陪伴小角落
溫柔對待自己，是一場需要勇氣的冒險
慢慢學會和自己和解，看著傷痕累累的自己
依然選擇走下去，放鬆呼吸看見那些被忽略的自己🫂 「不需要完美，只要真心做自己——同時，慢慢長出面對的力量。」我們一起走在更真實的路上💛",躁鬱症,pass,
eli_cosmo_78,78歲的小朋友✨,"你知道嗎？
我曾經以為，自己太敏感、太慢熟、太容易受影響，是一種缺點。
但當我靜下來去看見那些特質時，我發現它們其實很珍貴。
我是個能夠細膩感受他人情緒的人。
我是一個擅長用文字安慰與連結的人。
我有一顆願意陪伴、理解別人痛苦的心。
也許，這就是我的人生目的——
不是成為很厲害的人，而是成為一個能帶來溫暖與理解的人。想到這裡，心裡就靜靜地亮了一點點，像是找到了某種方向。",2025/7/9 20:36,"INFJ魔法師 🧙🏻‍♀️｜小朋友自我陪伴小角落
溫柔對待自己，是一場需要勇氣的冒險
慢慢學會和自己和解，看著傷痕累累的自己
依然選擇走下去，放鬆呼吸看見那些被忽略的自己🫂 「不需要完美，只要真心做自己——同時，慢慢長出面對的力量。」我們一起走在更真實的路上💛",躁鬱症,pass,
eli_cosmo_78,78歲的小朋友✨,"想一想——
你有哪些特質，是一直都在你身上的？
溫柔、堅持、敏感、創造力、好奇心⋯⋯
試著寫下你身上的正面特質，
然後從中挑出兩三個，
用「我是⋯」開頭造句。
「我是願意傾聽的人。」
「我是個能夠細膩感受他人情緒的人。」
當你靠近那些特質時，
你也在靠近你的人生目的。💛
你會感覺到——「啊，這就是我存在的意義。」",2025/7/9 20:00,"INFJ魔法師 🧙🏻‍♀️｜小朋友自我陪伴小角落
溫柔對待自己，是一場需要勇氣的冒險
慢慢學會和自己和解，看著傷痕累累的自己
依然選擇走下去，放鬆呼吸看見那些被忽略的自己🫂 「不需要完美，只要真心做自己——同時，慢慢長出面對的力量。」我們一起走在更真實的路上💛",躁鬱症,pass,
eli_cosmo_78,78歲的小朋友✨,"「不是每一天都要過得很好，
但每一天都可以對自己好一點。
情緒不穩也沒關係，先坐下來，喝口水，
你已經撐到這裡了，就已經很不容易了。」",2025/7/9 08:00,"INFJ魔法師 🧙🏻‍♀️｜小朋友自我陪伴小角落
溫柔對待自己，是一場需要勇氣的冒險
慢慢學會和自己和解，看著傷痕累累的自己
依然選擇走下去，放鬆呼吸看見那些被忽略的自己🫂 「不需要完美，只要真心做自己——同時，慢慢長出面對的力量。」我們一起走在更真實的路上💛",躁鬱症,pass,
eli_cosmo_78,78歲的小朋友✨,"「有時候你以為自己快不行了，
但其實是心太累、需要一個人抱一抱。
不一定要堅強、不一定要馬上好，
你只需要記得：你還值得被好好放在心上。」",2025/7/9 07:00,"INFJ魔法師 🧙🏻‍♀️｜小朋友自我陪伴小角落
溫柔對待自己，是一場需要勇氣的冒險
慢慢學會和自己和解，看著傷痕累累的自己
依然選擇走下去，放鬆呼吸看見那些被忽略的自己🫂 「不需要完美，只要真心做自己——同時，慢慢長出面對的力量。」我們一起走在更真實的路上💛",躁鬱症,pass,
eli_cosmo_78,78歲的小朋友✨,"你知道嗎，其實焦慮不是壞掉的地方，
它只是那個以前很努力撐著的小小我，
在偷偷喊救命。
所以啊，別急著把它趕走，
試著問它：「你怎麼了？」
然後慢慢陪著它，一起撐過去。",2025/7/8 21:00,"INFJ魔法師 🧙🏻‍♀️｜小朋友自我陪伴小角落
溫柔對待自己，是一場需要勇氣的冒險
慢慢學會和自己和解，看著傷痕累累的自己
依然選擇走下去，放鬆呼吸看見那些被忽略的自己🫂 「不需要完美，只要真心做自己——同時，慢慢長出面對的力量。」我們一起走在更真實的路上💛",躁鬱症,pass,
eli_cosmo_78,78歲的小朋友✨,"以前我以為焦慮是一種「毛病」，
是一個需要趕快修好的自己。
但後來我慢慢發現——
原來，焦慮不是敵人，
它是那個曾經很努力撐著的小小我，
在對我喊話：「這裡好像不太安全。」
我不再那麼急著把焦慮趕走，
我開始學著問它：「你怎麼了？」
也學著告訴它：「謝謝你，現在換我來照顧你。」
這，改變了我看待焦慮的方式。
我不再只是想快點好起來，
而是，想好好陪自己慢慢來。",2025/7/8 20:30,"INFJ魔法師 🧙🏻‍♀️｜小朋友自我陪伴小角落
溫柔對待自己，是一場需要勇氣的冒險
慢慢學會和自己和解，看著傷痕累累的自己
依然選擇走下去，放鬆呼吸看見那些被忽略的自己🫂 「不需要完美，只要真心做自己——同時，慢慢長出面對的力量。」我們一起走在更真實的路上💛",躁鬱症,pass,
eli_cosmo_78,78歲的小朋友✨,"那種一下高一下低的情緒真的好折磨，
像是每天都要重新學一次怎麼活下去。
沒關係，今天可以躲起來哭，有時候撐下來不是為了變好，是為了不讓自己被整個吞掉。
你願意說出來，就已經很勇敢了。",2025/7/8 12:35,"INFJ魔法師 🧙🏻‍♀️｜小朋友自我陪伴小角落
溫柔對待自己，是一場需要勇氣的冒險
慢慢學會和自己和解，看著傷痕累累的自己
依然選擇走下去，放鬆呼吸看見那些被忽略的自己🫂 「不需要完美，只要真心做自己——同時，慢慢長出面對的力量。」我們一起走在更真實的路上💛",躁鬱症,pass,
eli_cosmo_78,78歲的小朋友✨,"不是沒意見，我只是太習慣不說。
有好長一段時間，我常說：「都可以。」
去哪裡、吃什麼、做哪個選擇，我總是讓別人先決定。不是我沒有想法，而是我害怕我的想法會造成問題。
我怕表達自己會讓氣氛變僵、讓別人失望，
怕自己選錯會被責怪，甚至讓關係變得不一樣。
所以我學會先觀察，再順應。
中立一點、模糊一點、安靜一點，
好像這樣就比較安全。
久了，我也開始懷疑——「我到底真的沒什麼喜好，還是只是太怕有喜好？」我像是在活成一個模糊的人，沒有形狀、沒有聲音。
但最近，我在學習一件很小、但對我來說很重要的事：說出自己。哪怕只是一杯想喝的咖啡、一首不喜歡的歌。我發現，那些我壓抑已久的聲音，其實一直都在。
它們不是太小聲，而是太久沒被聽見。
現在的我還不習慣大聲，但我開始願意慢慢練習。我想讓那個一直躲起來的自己知道——
「你有感覺、有偏好、有聲音，你並不多餘。」
你也值得被理解，也值得被喜歡。",2025/7/7 22:03,"INFJ魔法師 🧙🏻‍♀️｜小朋友自我陪伴小角落
溫柔對待自己，是一場需要勇氣的冒險
慢慢學會和自己和解，看著傷痕累累的自己
依然選擇走下去，放鬆呼吸看見那些被忽略的自己🫂 「不需要完美，只要真心做自己——同時，慢慢長出面對的力量。」我們一起走在更真實的路上💛",躁鬱症,pass,
eli_cosmo_78,78歲的小朋友✨,"ADHD：
不是你不夠努力，也不是你太散漫。
是你的大腦，像一顆不停轉動的星球，
總在處理比別人更多的聲音、念頭、感覺。
你很容易分心，卻也能在熱愛的事上全神貫注。
你常忘東忘西，卻能記住別人說過的一句話好久好久。你可能一直在懷疑自己是不是哪裡有問題，你只是需要一種不同的節奏。",2025/7/7 21:14,"INFJ魔法師 🧙🏻‍♀️｜小朋友自我陪伴小角落
溫柔對待自己，是一場需要勇氣的冒險
慢慢學會和自己和解，看著傷痕累累的自己
依然選擇走下去，放鬆呼吸看見那些被忽略的自己🫂 「不需要完美，只要真心做自己——同時，慢慢長出面對的力量。」我們一起走在更真實的路上💛",躁鬱症,pass,
eli_cosmo_78,78歲的小朋友✨,"不是我不回訊息，
是我有時候，連自己都打不開。",2025/7/7 21:05,"INFJ魔法師 🧙🏻‍♀️｜小朋友自我陪伴小角落
溫柔對待自己，是一場需要勇氣的冒險
慢慢學會和自己和解，看著傷痕累累的自己
依然選擇走下去，放鬆呼吸看見那些被忽略的自己🫂 「不需要完美，只要真心做自己——同時，慢慢長出面對的力量。」我們一起走在更真實的路上💛",躁鬱症,pass,
eli_cosmo_78,78歲的小朋友✨,"🌀颱風天到了，你那裡還好嗎？
風有點吵，雨下個不停，
天氣混亂的時候，心也容易跟著不安。
但沒關係，我們就好好待在屋裡，
喝點熱的、蓋好被子，讓自己慢下來。
如果外面的世界很亂，
那我們就先把心安頓好。
希望今晚的你，有屋簷、有燈光，還有一點溫暖的心情。",2025/7/6 21:47,"INFJ魔法師 🧙🏻‍♀️｜小朋友自我陪伴小角落
溫柔對待自己，是一場需要勇氣的冒險
慢慢學會和自己和解，看著傷痕累累的自己
依然選擇走下去，放鬆呼吸看見那些被忽略的自己🫂 「不需要完美，只要真心做自己——同時，慢慢長出面對的力量。」我們一起走在更真實的路上💛",躁鬱症,pass,
eli_cosmo_78,78歲的小朋友✨,"😣我想對正在懷疑自己、懷疑付出的人說——
不要後悔你曾經對誰好，
就算結果不如預期，就算對方沒有珍惜，
那份溫柔和真心，從來都不是錯誤。
因為你願意那樣對人，
不是因為他們有多值得，
而是因為你本來就很好。💛
那是你靈魂的光，不該因為誰而黯淡。",2025/7/6 18:52,"INFJ魔法師 🧙🏻‍♀️｜小朋友自我陪伴小角落
溫柔對待自己，是一場需要勇氣的冒險
慢慢學會和自己和解，看著傷痕累累的自己
依然選擇走下去，放鬆呼吸看見那些被忽略的自己🫂 「不需要完美，只要真心做自己——同時，慢慢長出面對的力量。」我們一起走在更真實的路上💛",躁鬱症,pass,
eli_cosmo_78,78歲的小朋友✨,"🪡那些我以為是缺點的特質、敏感的情緒、彎彎繞繞的經歷，也許只是還沒被放對位置。
也許我不是錯的，只是還沒遇見適合我的地方。
也許，我就是那個能讓某些問題有答案的人🫂",2025/7/6 08:47,"INFJ魔法師 🧙🏻‍♀️｜小朋友自我陪伴小角落
溫柔對待自己，是一場需要勇氣的冒險
慢慢學會和自己和解，看著傷痕累累的自己
依然選擇走下去，放鬆呼吸看見那些被忽略的自己🫂 「不需要完美，只要真心做自己——同時，慢慢長出面對的力量。」我們一起走在更真實的路上💛",躁鬱症,pass,
eli_cosmo_78,78歲的小朋友✨,"🪡 把不適合的資源，放到適合的位置 ——
 一切都會有解答
「原本不合用的資源，一定有適合它的地方。」
心裡突然有一種溫柔的震動。就像在對我說：
你不是沒有用，你只是還沒被放在對的位置。
我曾經懷疑自己的情緒太多、太敏感是不是一種「錯誤」的設定；我曾經質疑為什麼我總是反應太深、愛想太多、走得太慢。
但也許，我這些「不合用的部分」，其實只是在等一個更合適的容器。
我們的感受、特質、傷痕，甚至那些走了好多彎路才擁有的經驗，也許都不是問題本身，而是某個解答的碎片。
就像「讓一個問題成為另一個問題的解方，讓兩個問題都有了解答。」
也許未來某天，我就會懂：原來我一直以為的「缺陷」，正是我能照亮他人的一束光。☀️",2025/7/5 18:31,"INFJ魔法師 🧙🏻‍♀️｜小朋友自我陪伴小角落
溫柔對待自己，是一場需要勇氣的冒險
慢慢學會和自己和解，看著傷痕累累的自己
依然選擇走下去，放鬆呼吸看見那些被忽略的自己🫂 「不需要完美，只要真心做自己——同時，慢慢長出面對的力量。」我們一起走在更真實的路上💛",躁鬱症,pass,
eli_cosmo_78,78歲的小朋友✨,"🌏 結果沒有世界末日，真好。
原來可以睜開眼迎接今天，是一件這麼值得感謝的事。原來昨天那些還來不及說出口的話、還沒擁抱的人，今天還有機會。
也許世界不會突然結束，
但這份「想珍惜的心」，我想留著。
留著好好說一聲謝謝、說一聲我在意你。
留著去看一場夕陽、吃一口喜歡的飯、
對自己再溫柔一點。
如果昨天是倒數，那今天就是重啟。
願我（你）不必等到世界末日，
才相信每一刻都值得好好活☀️。
你想把今天的這個「重啟」拿來做什麼呢？",2025/7/5 12:06,"INFJ魔法師 🧙🏻‍♀️｜小朋友自我陪伴小角落
溫柔對待自己，是一場需要勇氣的冒險
慢慢學會和自己和解，看著傷痕累累的自己
依然選擇走下去，放鬆呼吸看見那些被忽略的自己🫂 「不需要完美，只要真心做自己——同時，慢慢長出面對的力量。」我們一起走在更真實的路上💛",躁鬱症,pass,
witch__oo,菜心,"醫生說
「妳這輩子躁鬱症都不會好！」
你們知道嗎？
我當下愣住了
我忘記要難過了
直到我靜下來，我哭了好久好久，很痛的那種。
躁鬱症",2025/1/1 19:20,,躁鬱症,not_enough_posts,
xyg._.929_,L,"叫一個憂鬱症或躁鬱症的人開心一點
想開一點
無非就是像告訴一個癱瘓的人
你再努力一點 再用力一點就可以站起來了",2024/8/18 11:39,沒人認識我才敢發文🫶🏻,躁鬱症,not_enough_posts,
lovihh7713,座喜味城遺跡,"數年前有一個前女友，躁鬱症狀況滿嚴重的，也有很穩定的在服藥和接受心理諮商，雖然偶爾會任性的不想吃，但是還是有去接受治療。
每次在他鬱期發作時，我全身穿好衣服，站在他租屋處的床邊；看著躺在床上動彈不得的他「我們約好的一天行程，大概就要泡湯了。」我心想。
嘗試躺下陪他一陣子，睡睡醒醒的一天就這樣浪費掉了，在離開前，我通常會親親他的臉頰告訴他我要走了。有時候他會在我離開的時候傳訊息跟我抱怨我都不陪他，我不知道這些疙瘩，是不是一步一步的導致我們分手的原因。
我們終究沒辦法走到最後，但是從那次之後，我再也不會對任何精神疾病患者，有一絲一毫的苛責，我明白他的痛苦，但是我沒辦法同理他的痛苦，我終究是沒有真正的體會，願天下所有的人，能對精神疾病有更多的包容。",2025/12/11 21:40,只是一座平凡的老城老古蹟，請曾國城遠離我。,躁鬱症,pass,
lovihh7713,座喜味城遺跡,"很開心看到台麥終於發現，他那些拿過去賣過的破爛產品重新拼裝就上市的小丑把戲，根本沒人要吃！
現在才發現，把日麥玩過的拿來玩一玩就好了......
喔幹，那個三角形齁，之前在東京吃，真的有夠好吃！！
利申：我拒吃台麥",2025/12/11 18:12,只是一座平凡的老城老古蹟，請曾國城遠離我。,躁鬱症,pass,
lovihh7713,座喜味城遺跡,"原本以為自很討厭吃豬排，買了豬排便當吃了之後！
嗯！我真的很討厭吃豬排。",2025/12/11 17:45,只是一座平凡的老城老古蹟，請曾國城遠離我。,躁鬱症,pass,
lovihh7713,座喜味城遺跡,"喜歡看各種刺青女孩子......
舌環耳環鼻環什麼的最喜歡了!!
最好是還要有很多有特色的瑰異配件~~",2025/12/11 17:11,只是一座平凡的老城老古蹟，請曾國城遠離我。,躁鬱症,pass,
lovihh7713,座喜味城遺跡,YO~分享每日玩WOOTALK怪異心得+隨意發瘋~,2025/12/11 17:07,只是一座平凡的老城老古蹟，請曾國城遠離我。,躁鬱症,pass,
ting_tinggggg_,Richeal,哩呦是低配版眼鏡蛇,2025/10/7 18:00,scu-tmu-nchu,躁鬱症,pass,
ting_tinggggg_,Richeal,討厭的人出殯我就這樣,2025/10/7 13:24,scu-tmu-nchu,躁鬱症,pass,
ting_tinggggg_,Richeal,"求推薦「爬寵可用」除臭噴霧
家裡所有東西同一天排酸
推開門的那一刻臭到想直接回桃園
東西放下來就開始洗籠子 但清潔後味道還是好重啊啊啊啊啊啊啊",2025/10/6 21:36,scu-tmu-nchu,躁鬱症,pass,
ting_tinggggg_,Richeal,"Karina聯名帽被炒到4000了
這世界真是瘋了（因為我買不到）",2025/10/5 18:18,scu-tmu-nchu,躁鬱症,pass,
ting_tinggggg_,Richeal,忘了第幾年不能吃柚子的中秋,2025/10/5 16:01,scu-tmu-nchu,躁鬱症,pass,
ting_tinggggg_,Richeal,一個月前的薛小狗,2025/10/3 23:10,scu-tmu-nchu,躁鬱症,pass,
ting_tinggggg_,Richeal,一個月沒回家 漂亮女兒變成大頭狗,2025/10/3 23:05,scu-tmu-nchu,躁鬱症,pass,
ting_tinggggg_,Richeal,忙得上吊都沒時間,2025/10/2 15:14,scu-tmu-nchu,躁鬱症,pass,
ting_tinggggg_,Richeal,我都這樣騷擾我養的東西,2025/10/1 22:04,scu-tmu-nchu,躁鬱症,pass,
ting_tinggggg_,Richeal,"零售業粉專不要用ai頭像啦🥹
真的好像詐騙 面交都毛毛的",2025/10/1 19:22,scu-tmu-nchu,躁鬱症,pass,
ting_tinggggg_,Richeal,對,2025/9/29 19:50,scu-tmu-nchu,躁鬱症,pass,
ting_tinggggg_,Richeal,"近期
1.發高燒發了四天 燒到三十九度受不了去打點滴 覺得自己快熟了
2.吃什麼吐什麼 低血糖啃了一條健達後胃痛到哭 真的好想吃藏壽司🥲
3.難受到吃藥也睡不著 醒著就一直看團綜轉移注意力
4.今天好一點了但還是睡不著 通宵看一整晚time to twice後熱血沸騰地六點去健身房繼續看
二十歲的身體爛成這樣 不敢想以後怎麼辦",2025/9/29 08:11,scu-tmu-nchu,躁鬱症,pass,
ting_tinggggg_,Richeal,"減醣還能批量生產這麼漂亮的裙邊..
甜點人快碎了",2025/9/28 00:01,scu-tmu-nchu,躁鬱症,pass,
yoting0129,陳宥廷,"躁鬱症當下是完全不會覺察自己正在躁鬱症
本來很內向的人會突然變得很外向、很開朗、話很多，會一直想跟別人說話，生氣的話會變得很暴躁，情緒起伏大，容易大哭，建議不要跟躁鬱症患者吵架
會變得很樂觀、覺得周遭很美好、很快樂、很積極，一切困難都能面對，過度自信，變得愛花錢
計畫變得很多，想法跳耀，活動量變很大，愛到處亂跑，體力很好都不會累
會有幻覺，以為很多人在刻意監視你，以為周遭都是有人故意安排在故意捉弄你
得過一次重度憂鬱
以上都是我自己躁鬱症經歷的，會有這個病可能跟遺傳有關，但我覺得跟我自己本身壓抑的性格有關，要根本治療我覺得要解決心靈層面，現在我還是固定吃藥，有人也是躁鬱症可以分享嗎？
躁鬱症",2024/10/29 18:12,我好沒用,躁鬱症,pass,
yoting0129,陳宥廷,每一天，我在各方面都會更好、更棒、更進步。,2024/10/28 13:55,我好沒用,躁鬱症,pass,
yoting0129,陳宥廷,"我的天賦都在小時候用完了
我的體育細胞 電玩高手 市長獎
現在沒有什麼長處 沒什麼目標
我現在把人生就當成遊戲
一個很真實的遊戲 好好的體驗過程
轉個念 我也沒什麼可以失去的
接下來的人生就好好玩爆這個世界
勇敢體驗各種會讓自己害怕的事
好好體驗每個當下 享受生命 
不去糾結過去 不對未來焦慮
做好當下能做的事 做到最好",2024/10/24 15:49,我好沒用,躁鬱症,pass,
yoting0129,陳宥廷,"我有一個很特別的專長
就是什麼都做不好…",2024/10/22 23:41,我好沒用,躁鬱症,pass,
yoting0129,陳宥廷,享受當下的每一個瞬間，去感受每一分每一秒的美好,2024/10/22 22:27,我好沒用,躁鬱症,pass,
yoting0129,陳宥廷,"時間只是幻相
沒有過去也沒有未來
只有「當下」",2024/10/15 22:36,我好沒用,躁鬱症,pass,
cc_05zz,CC,"大家是不是都以為
躁鬱症 憂鬱症發作時就像那些電影連續劇裡破碎感的美
你沒看到的是
髒亂的房間 好幾天沒洗的頭 發作時根本什麼都做不了 甚至連下床都很困難
不正常飲食睡眠引起的滿臉痘痘 要麼吃到想吐要麼可以不吃不喝好幾天
以為會瘦的讓人有保護欲嗎 並沒有 要麼瘦的病態 要麼浮腫
哭紅的雙眼 腫的像麵包的眼皮 乾燥的皮膚 過敏的鼻子
很難有共情能力 但還是會為了在乎身邊的朋友去努力推斷他講出這些事的感受去評斷自己該講出什麼話來應對
發瘋時連自己都認不得的猙獰的嘴臉
滿是傷痕的手腳 嚴重脫髮 幻痛（莫名其妙哪裡痛）
亂七八糟的生活 搞砸的人際關係 無法穩定的工作
沒有任何人希望自己生活過成這樣
我也不知道我打這篇文想表達什麼 可能我又在發瘋了吧",2025/4/6 20:06,,躁鬱症,not_enough_posts,
x015_0,x015_0,"聽到自己是躁鬱症 心裡沒感覺甚至還不相信醫生的話 
醫生說 你已經很嚴了
 我 什麼我很嚴重？
 醫生 對 你在躁鬱症裡已經算嚴重了。
我還可以領殘障手冊🫠
當下沒什麼感覺 也覺得怎麼可能我是躁鬱症那麼嚴重 但確實吃了醫生開的藥我的症狀好很多情緒起伏也不會再那麼大 我也成功出來找月薪的工作了 但什麼時候會發作我不知道。
我也分手了 剩我自己一個人 分手了我很開心是一個放鬆的感覺是我太依賴他 以為他能拯救我所有的情緒 可是沒辦法。
但這樣更想讓我一個人自立在外面生活給我爸媽看我想證明就算我生病 但我可以過的很好不想讓他們擔心 我不想永遠在他們過度的保護下長大 所以我寧願一個人自己在外面生活 
在打這篇的時候我的手抖到不行🙃
今年聖誕節上班然後一個人在家
給自己加油鼓勵唄",2025/12/25 18:59,噓,躁鬱症,not_enough_posts,
x015_0,x015_0,想問問你們吃藥久了會不會沒辦法寫字🥺,2025/12/23 08:17,噓,躁鬱症,not_enough_posts,
xly_1106,欣.,"你要寫躁鬱症
就不能只寫躁鬱症
你要寫她忽高忽低的情緒
你要寫她佈滿疤痕的手臂
你要寫她吃不完的藥 看不完的單子 藥物的副作用
你要寫令人恐懼的幻覺幻聽
你要寫總被噩夢驚醒的深夜
你要寫她手抖抑鬱的痛
你要寫她心痛抽搐的累
你要寫她頭暈頭痛焦慮的藥物副作用
你要寫她哭到紅腫的雙眼
你要寫她孤獨無助的痛苦 
你要寫她深夜痛哭眼角的痕 
寫她反反复復的抑鬱焦慮亢奮 
寫她痛苦的短短的一生",2024/11/10 23:16,"小欣@朋友圈
快點follow我ig！！！",躁鬱症,pass,
xly_1106,欣.,"憂鬱症輕度的終點是重度 
重度的盡頭是躁鬱症
躁鬱的盡頭是無限循環 
而我的盡頭是死亡 
人生是先苦後甜 
但我苦了一年又一年 
我從來沒有幸福過
我這輩子就這樣了 
永遠不可能幸福",2024/11/10 23:12,"小欣@朋友圈
快點follow我ig！！！",躁鬱症,pass,
xly_1106,欣.,"她越來越痛苦了 
她看着自己慢慢的又掉進那個漩渦
她看着自己反反復復的情緒 
她看着自己一次又一次的傷害自己
她看着自己因為軀體化抖的停不下来的手
她無言 她知道她命不久矣.",2024/11/8 21:34,"小欣@朋友圈
快點follow我ig！！！",躁鬱症,pass,
xly_1106,欣.,"痛怎麼會不痛呢
我的病情反反复復我像個瘋子
朋友面前我放聲大笑
家人面前我像一點就著的炸彈
沒人的時候自己流淚痛苦
你告訴我 我該怎麼做呢
負面情緒包圍著我 
無法向任何人傾訴 也不想把壞情緒帶給任何人
窒息 厭食 嗜睡 失眠 心慌 手抖 幻覺幻聽
記憶力衰退 胃疼 頭疼 時間的呆滯
我也想好好的像個正常人一樣
不被任何束縛
可好像永遠不可能了
躁鬱像黑洞永遠困住了我",2024/11/8 21:32,"小欣@朋友圈
快點follow我ig！！！",躁鬱症,pass,
xly_1106,欣.,"那天我心情不好幾天
回家時像融了一樣 倒在地下
一直嘗試走出去跳下去下去
還好我男朋友在
他把我攔住我不讓我跳下去
那時侯我感到非常窒息
生存每一秒都要用非常多的氣力
心裏像有把刀在裏面把我刺痛著
我只好不停哭着打自己
說""我不治了 這個病了三年了 什麼也沒有好起來真的很痛苦很痛苦 為什麼就是不放過我""
我想很久溤什麼不是把我弄到生病的人生病
而是我承受這一切痛苦
那時叫了救護車
我只好眼神空洞地上了救護車入院 
真的好累.",2024/11/8 17:02,"小欣@朋友圈
快點follow我ig！！！",躁鬱症,pass,
xly_1106,欣.,"今天小鬼會偷偷跑出來 快來我懷裡我保護你💖
.
.
.
.
.
.
.
📸 @ilc_1528",2024/11/8 13:41,"小欣@朋友圈
快點follow我ig！！！",躁鬱症,pass,
celestialway_,🐝,"一直很好奇一個問題
如果一個人裝憂鬱還是裝躁鬱
事前已經看過很多資料 想跟醫生碟對碟 然後去掛了身心科
所以知道要怎麼說 怎麼表現出有那些症狀
結果真的醫生診斷出來有憂鬱症有躁鬱症
那到底那個人是真的有問題還是其實沒問題
那醫生的評斷標準真的只是靠對話來評斷嗎
拜託 好想知道 有人可以解答嗎
憂鬱症",2025/4/2 17:03,,躁鬱症,not_enough_posts,
el111_n07,el111_n07,不准拿「憂鬱症」跟「躁鬱症」當作形容詞,2025/9/6 01:47,憤世嫉俗,躁鬱症,business,
el111_n07,el111_n07,為什麼別人的臉頰肉那麼可愛又萌,2025/9/3 03:07,憤世嫉俗,躁鬱症,business,
el111_n07,el111_n07,我好排外,2025/9/3 02:01,憤世嫉俗,躁鬱症,business,
el111_n07,el111_n07,我長的好醜,2025/9/3 01:24,憤世嫉俗,躁鬱症,business,
el111_n07,el111_n07,"我討厭別人對我帶有目的性
我不會覺得我有魅力我只覺得噁心",2025/9/1 21:46,憤世嫉俗,躁鬱症,business,
el111_n07,el111_n07,好想死好想死好想死,2025/9/1 18:41,憤世嫉俗,躁鬱症,business,
el111_n07,el111_n07,"講妹子真的很難聽
之前也有刷到一個文 
底下留言全部是
：反正不會叫你
：比馬子好聽吧
：你放心你不是妹子
重點就是妹子超雞掰難聽
一堆理解能力有問題的人用網路幹嘛啊
真的超爆噁心欸 從來沒覺得這是稱讚 超難聽
我只覺得去死去死去死
至於那些喜歡被叫妹子的女生我也尊重
但能不能尊重不喜歡的人啊 超爆難聽",2025/8/31 20:13,憤世嫉俗,躁鬱症,business,
el111_n07,el111_n07,幹好想跟人說話😭😭😭,2025/8/31 01:20,憤世嫉俗,躁鬱症,business,
el111_n07,el111_n07,？,2025/8/31 00:03,憤世嫉俗,躁鬱症,business,
el111_n07,el111_n07,我想吃可麗露,2025/8/30 02:19,憤世嫉俗,躁鬱症,business,
el111_n07,el111_n07,"我很怕我有一天被怪人纏上 學起來😔😔😔
希望全世界都不要遇到這種情況
2.38 复制打开抖音，看看【孔哥防身的作品】四两拨千斤 要害攻击！ # 一招制敌 # 女子防身...
v.douyin.com/LavW6…
u@s.re 05/22 hoQ:/",2025/8/29 23:45,憤世嫉俗,躁鬱症,business,
el111_n07,el111_n07,我覺得我就是個敗類,2025/8/29 22:37,憤世嫉俗,躁鬱症,business,
el111_n07,el111_n07,為什麼我再也不會回去看那些一起拍下的照片,2025/8/29 19:15,憤世嫉俗,躁鬱症,business,
el111_n07,el111_n07,我會買黏土,2025/8/29 01:34,憤世嫉俗,躁鬱症,business,
el111_n07,el111_n07,不要亂罵人,2025/8/27 00:44,憤世嫉俗,躁鬱症,business,
el111_n07,el111_n07,請問這世界上長在我審美上的男的為何沒幾個,2025/8/26 02:01,憤世嫉俗,躁鬱症,business,
el111_n07,el111_n07,"最近有那個男的等紅綠燈煞車不知道幾十次 
女的後面直接不爽下車
我國小的時候我媽就跟我說過
給男的載要抓著後面 
因為男的會想急煞讓女的靠在他身上
我那時候還覺得誰會那麼噁 重點是還很不安全
結果還真的有這種人啊 吐死我 更討厭男的了",2025/8/25 18:52,憤世嫉俗,躁鬱症,business,
el111_n07,el111_n07,我吸引不到吸引得到我的人,2025/8/25 02:24,憤世嫉俗,躁鬱症,business,
el111_n07,el111_n07,要來賣二手衣了,2025/8/23 15:42,憤世嫉俗,躁鬱症,business,
jun.xd22,君,"想找能共同度過難關聊心事的朋朋
躁鬱症 女
22
大五延畢中
目前狀況良好積極配合治療
想認識一些人讓自己不孤單",2025/12/8 20:43,"一個小小秘密天地
雙極性情感障礙努力治療中
跌倒不可怕，爬起來也不可怕
就怕失去了面對困難的勇氣。
我不保證結果，
但我保證我會為自己走一次。",躁鬱症,pass,
jun.xd22,君,"躁鬱症重新站起來的第一天
想好好記錄此刻的心情
讓未來又想逃跑的我找回一點勇氣
現在的我是期待的 害怕的
但同時我也躍躍欲試
想要為自己努力一下
好像可以看到我苦難的盡頭
我為什麼不再為自己加油一次呢
今天的我是小小勇士( ´▽｀)",2025/12/8 20:05,"一個小小秘密天地
雙極性情感障礙努力治療中
跌倒不可怕，爬起來也不可怕
就怕失去了面對困難的勇氣。
我不保證結果，
但我保證我會為自己走一次。",躁鬱症,pass,
jun.xd22,君,"最近的我是勇敢的我
在上週的崩潰之後
我選擇了站起來然後面對
雖然有點太晚了
但我也鼓起勇氣去積極處理我的問題
因為一些原因期中有幾科考的無比差勁
但一直不想麻煩別人的我
鼓起勇氣寄信給教授尋求補救的機會
明天就要去當面和教授談了
好緊張 好害怕
怕被責罵不夠用功
怕被責罵太晚醒悟
但我想願意再給自己一次機會的我
應該算是勇敢的吧
雖然只有一點
但我好像喜歡自己一點了",2025/12/8 20:00,"一個小小秘密天地
雙極性情感障礙努力治療中
跌倒不可怕，爬起來也不可怕
就怕失去了面對困難的勇氣。
我不保證結果，
但我保證我會為自己走一次。",躁鬱症,pass,
jun.xd22,君,"當你很努力才能達到所謂的正常的生活的時候
你的家人卻完全沒有看到你的努力 
反而和你說我看你的症狀也沒有很嚴重啊
你不是也只有壓力來的時候才這樣
我看你根本不用去看醫生吃藥
是要人怎麼辦",2025/12/2 17:07,"一個小小秘密天地
雙極性情感障礙努力治療中
跌倒不可怕，爬起來也不可怕
就怕失去了面對困難的勇氣。
我不保證結果，
但我保證我會為自己走一次。",躁鬱症,pass,
jun.xd22,君,"今天要吃很多甜食獎勵自己
昨晚沒有跑去海邊登出地球Online",2025/12/2 17:02,"一個小小秘密天地
雙極性情感障礙努力治療中
跌倒不可怕，爬起來也不可怕
就怕失去了面對困難的勇氣。
我不保證結果，
但我保證我會為自己走一次。",躁鬱症,pass,
betrayal.healing,betrayal.healing,"被背叛後的過度警覺（Hypervigilance)
是創傷後壓力後遺症PTSD其中一個症狀
因神經系統失調所造成一些強逼行為
俗稱「神經質」「疑神疑鬼」：
• 不斷檢查他手機
• 只要他離開、出差時就變得非常焦慮
• 分析他說話語氣、細微表情、肢體動作來判斷他是否在說謊
• 感覺下一次背叛即將會發生
• 控制他的一舉一動
• 盡力改變自己的外型和個性
• 對氣味、環境、聲音極度敏感
• 不斷與他的出軌對象比較
• 變成焦慮型依附
如何脫離過度警覺的狀態？
• 了解這些行為是正常創傷反應，不需自責或羞愧
• 相信這個狀態是暫時的，我們可以學習穩定神經系統
• 試著放手，因為控制對方不會幫助他改變，但要設立界線保護自己
• 讓身體動起來，運動、散步
• 非現實的想法出現時，對自己的恐懼說「我沒事，我現在是安全的」
• 練習深呼吸
背叛創傷",2025/2/21 08:08,"治癒背叛創傷的旅程
Journey of healing betrayal trauma",PTSD,pass,
betrayal.healing,betrayal.healing,"重建信任的關鍵不是承諾
而是行為的一致性
Consistency in actions and behaviors is key to rebuilding trust in relationships.",2025/2/20 08:30,"治癒背叛創傷的旅程
Journey of healing betrayal trauma",PTSD,pass,
betrayal.healing,betrayal.healing,"「我真的會好起來嗎？」
曾經我對自己的復原充滿懷疑
我真的能在這樣的婚姻待下去嗎？
那些黑暗痛苦的日子
大概只有經歷過背叛的人能體會
每天努力讓自己好起來
維持正常的生活
但一個人的時候，焦慮就會來襲
當焦慮已經好很多，憂鬱又把我吞噬
不管我如何自我照顧
他如何盡力道歉和改變
卻還是看不到盡頭而感到絕望
質疑自己留下的決定
現在的我，非常慶幸我有留下來
給自己、給他、給這個婚姻一次機會
那些憤怒、委屈、焦慮、憂鬱、悲傷
情緒像過山車的日子，漸漸離我遠去
我們學會了認識自己的情緒
比從前更坦白和有效的溝通
對彼此有更多的同理心
牽著他的手重新感到安全和幸福
看著以前的照片不會再想起他的欺騙
做愛時不會再想到他和妓女發生關係的畫面
也重新信任他，沒有再當柯南
雖然不可能忘記這件事
創傷觸發也還是偶爾會發生
我也不能保證永遠不會離婚
但我們的關係提升到了一個新的高度
我們都更懂得愛和婚姻的意義
療癒的路可能會走一輩子
但路上的風景越來越美好
背叛創傷",2025/2/19 10:01,"治癒背叛創傷的旅程
Journey of healing betrayal trauma",PTSD,pass,
betrayal.healing,betrayal.healing,"同理心是什麼？
絕對不是一句對不起。
是當他站在你的立場，設身處地理解你的感受和想法，在你的角度思考並處理問題。例如：
「沒有任何藉口可以合理化出軌」
「你一定很受傷。我是背叛你的人，永遠無法真正體會你被我傷得多重」
「我能為你做什麼，讓你感覺好一點呢？」
「任何人都不應該欺騙另一半」
「你的憤怒和委屈合情合理」
「你說得很對，我確實很____ 」
「你現在要經歷這些痛苦讓我非常痛悔」
「你剛剛說___，我能感到你有多孤單和不安」
「你的創傷是我造成的，不管你需要多久時間復原，我都會在旁邊陪你」
「我對你造成很大的傷，我承諾不會再___」
「沒有東西能彌補你的傷害，但我願意改變」
「我真的辜負了你的信任和愛」
重建關係",2025/2/18 08:06,"治癒背叛創傷的旅程
Journey of healing betrayal trauma",PTSD,pass,
betrayal.healing,betrayal.healing,"我以前是情人節必放閃的討厭鬼
發文說著我有多幸運
我最愛的老公也是我無話不談的好朋友
他是多麼難得的神隊友
認真工作，愛孩子，主動幫忙做家事
我月經來時會幫我準備暖暖包
煮好一鍋紅豆紫米粥讓我隨時可以喝
每天都會抱抱我，說愛我想我
一定要牽著我的手睡覺
節日會送我親手畫的手工卡片
還有禮物和玫瑰花，滿滿的用心
在我大素顏懶懶躺床上時
會過來摸我頭說老婆真可愛
假日一整天陪老婆孩子出門玩
很支持我當全職媽媽
我內疚花太多錢買衣服、保養品
他說「老婆平常帶孩子這麼辛苦，想買什麼就買什麼」
朋友都問我婚姻幸福的秘密是什麼？
我還會說「就是找到一個對的人」
現在看到別人發這種放閃文
我只想翻白眼，在心裡回一句
「他還是有可能出軌喔！」
背叛創傷",2025/2/12 08:40,"治癒背叛創傷的旅程
Journey of healing betrayal trauma",PTSD,pass,
betrayal.healing,betrayal.healing,"昨天的心理諮商，又解開了一個結。
發現他出軌後，我一直有這樣的想法「原來他是一個不誠實的人，就是一個騙子，我揭穿了他的真面目」
可同時我內心很矛盾「我一直很自信他是一個老實、沒辦法說謊、忠誠的人。或許這件事證明了我看走眼」
心理師解釋說「以我對他的了解，他確實是一個誠實的人，但他在極大的羞恥感中掙扎，所以做了一些不誠實的行為。他的問題不是誠實，而是羞恥。他的謊言不是為了傷害你，而是為了掩蓋自己的羞恥。」
他又接著說「如果他真的是一個不誠實的人，你一定早就能感覺出來。因為他對家庭、工作、婚姻各方面都很負責任，所以你還是願意相信他。」
我點頭道「是的，我還是信任他。所以，他有做不誠實的行為，不代表他就是個不誠實的人。」
我可以相信自己的直覺，不需要因為他的出軌，就抹殺掉他所有的優點、否定一直以來感情很好的真實性、斷定他是個不誠實的人。
背叛創傷",2025/2/8 02:26,"治癒背叛創傷的旅程
Journey of healing betrayal trauma",PTSD,pass,
dr_shaocheng_wang,Shao-Cheng Wang,"複雜性創傷後壓力症候群（cPTSD）是一種因長期慢性創傷暴露，造成神經調節系統持續過度激活的臨床狀態。
患者即使脫離創傷情境，仍可能出現高警覺、解離、情緒失調與持續的人際困難，反映出大腦安全感迴路長期過度啟動。
cPTSD 並非意志薄弱，而是神經生理與情感調節系統的深層損傷，需要細緻且漸進的治療過程。治療的意義，不只是減少症狀，更在於重建安全感、恢復與他人的信任與連結能力。",2025/6/3 20:18,"📚 Threads中文心理健康領域 追蹤數「第一」
🧠 精神科醫師用幽默與真實，讓心理健康變的有溫度
🎤 講座/課程/活動/公益合作，洽ymmed@msn.com
📍 門診時間地點
🏥 高雄長庚醫院
🕘 周二下午 周三上午
🏥 高雄市立大同醫院
🕘 周一上午下午 周二上午 周四夜間",PTSD,business,
dr_shaocheng_wang,Shao-Cheng Wang,"最近門診又開始遇到COVID-19的病患，實在的感受到又開始流行了
很擔心，我們還有足夠的醫療人力嗎？",2025/6/3 17:40,"📚 Threads中文心理健康領域 追蹤數「第一」
🧠 精神科醫師用幽默與真實，讓心理健康變的有溫度
🎤 講座/課程/活動/公益合作，洽ymmed@msn.com
📍 門診時間地點
🏥 高雄長庚醫院
🕘 周二下午 周三上午
🏥 高雄市立大同醫院
🕘 周一上午下午 周二上午 周四夜間",PTSD,business,
dr_shaocheng_wang,Shao-Cheng Wang,"門診又遇到病人問：「吃藥很久了，可不可以停藥？」
我總是說，關鍵不在吃藥多久，而在於你為恢復身心健康，做了多少、累積了多少穩定的力量。停藥不是追求快，而是等身心都真的準備好，才能走得更穩、更長遠。",2025/6/3 12:50,"📚 Threads中文心理健康領域 追蹤數「第一」
🧠 精神科醫師用幽默與真實，讓心理健康變的有溫度
🎤 講座/課程/活動/公益合作，洽ymmed@msn.com
📍 門診時間地點
🏥 高雄長庚醫院
🕘 周二下午 周三上午
🏥 高雄市立大同醫院
🕘 周一上午下午 周二上午 周四夜間",PTSD,business,
dr_shaocheng_wang,Shao-Cheng Wang,"醫學上的「高齡」是風險提醒，不是人生評價，聽懂了，心就不會被字眼刺傷。
可以做個高質感的人，懂得分辨資訊背後的善意，而不是逢話就內耗。
有餘裕照顧好情緒，才有空間迎接更美好的生活，這才是最動人的成熟。",2025/6/2 17:35,"📚 Threads中文心理健康領域 追蹤數「第一」
🧠 精神科醫師用幽默與真實，讓心理健康變的有溫度
🎤 講座/課程/活動/公益合作，洽ymmed@msn.com
📍 門診時間地點
🏥 高雄長庚醫院
🕘 周二下午 周三上午
🏥 高雄市立大同醫院
🕘 周一上午下午 周二上午 周四夜間",PTSD,business,
dr_shaocheng_wang,Shao-Cheng Wang,"畢業不是「完成」，而是「開始學會用自己的步調走路」。走進人生新階段，難免會有迷路、有低潮，這都很正常，也是成長的一部分。
恭喜各位畢業生，也希望你們都能成為懂得照顧自己、也能溫柔看待世界的新時代主人。",2025/6/2 16:54,"📚 Threads中文心理健康領域 追蹤數「第一」
🧠 精神科醫師用幽默與真實，讓心理健康變的有溫度
🎤 講座/課程/活動/公益合作，洽ymmed@msn.com
📍 門診時間地點
🏥 高雄長庚醫院
🕘 周二下午 周三上午
🏥 高雄市立大同醫院
🕘 周一上午下午 周二上午 周四夜間",PTSD,business,
dr_shaocheng_wang,Shao-Cheng Wang,"這是一份我珍藏的哈佛醫學生簡歷。
2011 年那時候正準備出國，開始寫自己的履歷。當時台灣還沒流行「學習歷程」這種東西，一開始我也不知道該怎麼寫，只能上網Google 各種資源。後來又因為其他需要要改履歷，找到這份哈佛醫學生的簡歷，看完覺得他根本會飛，就收藏下來。
老實說，簡歷其實就是某種「自我包裝」，也是整理自己過去成果的方式。我當年什麼都不懂，看到有人在簡歷上寫「行天宮獎學金」，心裡還想：原來連行天宮獎學金都可以寫進去啊？ 但說真的，對美國人來說，行天宮、龍山寺或是扶輪社獎學金，他們根本分不出差別。
所以履歷包裝很重要，但怎麼包裝得恰到好處，其實才是真的難。
就像我當年還看過有人寫「研究海豚游泳」，當時心裡驚呼：哇，這個人也太厲害！
但現在想一想，他真的有去研究海豚游泳嗎？",2025/6/2 10:43,"📚 Threads中文心理健康領域 追蹤數「第一」
🧠 精神科醫師用幽默與真實，讓心理健康變的有溫度
🎤 講座/課程/活動/公益合作，洽ymmed@msn.com
📍 門診時間地點
🏥 高雄長庚醫院
🕘 周二下午 周三上午
🏥 高雄市立大同醫院
🕘 周一上午下午 周二上午 周四夜間",PTSD,business,
dr_shaocheng_wang,Shao-Cheng Wang,"這幾天，陽明交通大學醫學系某位新錄取醫學生的學習歷程在網路上掀起熱議。不少人質疑其中「最佳辯士」的稱號是否名副其實，甚至懷疑蓄意膨風。
其實，這種現象社會各處皆有，無論是醫界學界產業界都不乏光怪陸離的作假/膨風新聞。說到底，一張履歷寫得再漂亮，大家最終還是看其是否能展現出實力，做出實質貢獻，為個人和團體帶來榮譽。
就像這個人的LinkedIn簡歷上說自己洗了五年碗，但有誰敢說他不優秀呢?",2025/6/1 22:16,"📚 Threads中文心理健康領域 追蹤數「第一」
🧠 精神科醫師用幽默與真實，讓心理健康變的有溫度
🎤 講座/課程/活動/公益合作，洽ymmed@msn.com
📍 門診時間地點
🏥 高雄長庚醫院
🕘 周二下午 周三上午
🏥 高雄市立大同醫院
🕘 周一上午下午 周二上午 周四夜間",PTSD,business,
dr_shaocheng_wang,Shao-Cheng Wang,"連假最後一天，不是用來補清單的，而是讓大腦從「要做什麼」切換到「可以好好在這裡」。
真正的充電，是讓神經系統有機會從高耗模式轉回平衡。
明天再出發時，帶著充飽電的自己，走得更穩，也走得更遠。🌿",2025/6/1 09:01,"📚 Threads中文心理健康領域 追蹤數「第一」
🧠 精神科醫師用幽默與真實，讓心理健康變的有溫度
🎤 講座/課程/活動/公益合作，洽ymmed@msn.com
📍 門診時間地點
🏥 高雄長庚醫院
🕘 周二下午 周三上午
🏥 高雄市立大同醫院
🕘 周一上午下午 周二上午 周四夜間",PTSD,business,
dr_shaocheng_wang,Shao-Cheng Wang,"今天的18種藥處方籤，讓我回想起之前照顧的住院病人，「循序漸進把藥物停下，觀察然後病人就恢復了」。
但每次回顧病史，都要花個1小時來理解每位醫師開藥的邏輯還有當時可能的診斷，「精準診斷」真的很花功夫。",2025/5/31 23:44,"📚 Threads中文心理健康領域 追蹤數「第一」
🧠 精神科醫師用幽默與真實，讓心理健康變的有溫度
🎤 講座/課程/活動/公益合作，洽ymmed@msn.com
📍 門診時間地點
🏥 高雄長庚醫院
🕘 周二下午 周三上午
🏥 高雄市立大同醫院
🕘 周一上午下午 周二上午 周四夜間",PTSD,business,
dr_shaocheng_wang,Shao-Cheng Wang,"「合格的醫生會開藥，厲害的醫生會知道何時停藥，更厲害的醫生會讓病人相信他們終究可以不用藥。」
前幾天在專業群組，大家討論著這張十八種藥物的處方籤，內科藥、精神科藥混雜，卻沒有清楚診斷，真的為這位病人擔心。原本只是睡不好、心情低落，先去家醫科看診，醫師東加一點、西補一點，藥越開越多，病卻沒見好，副作用反而一堆。
精神醫學的核心是「精準診斷」。 情緒障礙、焦慮症、思覺失調，背後病理機轉各異，治療策略自然不同。若沒有扎實的精神專科訓練，複雜精神症候往往難以釐清，治療方向也容易走偏。
非精神科醫師沒有接受過精神病理訓練，臨床上常抱持「先壓住症狀」的心態來用藥，結果出現了不當 polypharmacy —— 藥開得多，效果卻不佳，甚至讓病情更複雜。
相反地，若能及早由精神專科醫師完整評估，診斷明確後「精準用藥」，往往只需幾種關鍵藥物，效果立見，副作用減少，患者功能與生活品質也能明顯提升。
藥不是多才好，診得準、用得對，人才真的會變好。遇到精神科問題，該找專業精神科醫師，這是對自己健康最基本的尊重。
PS:已取得對方同意刊登藥單",2025/5/31 11:30,"📚 Threads中文心理健康領域 追蹤數「第一」
🧠 精神科醫師用幽默與真實，讓心理健康變的有溫度
🎤 講座/課程/活動/公益合作，洽ymmed@msn.com
📍 門診時間地點
🏥 高雄長庚醫院
🕘 周二下午 周三上午
🏥 高雄市立大同醫院
🕘 周一上午下午 周二上午 周四夜間",PTSD,business,
dr_shaocheng_wang,Shao-Cheng Wang,卡了兩個小時的論文寫作，真是太煩啦～～～～,2025/5/30 20:57,"📚 Threads中文心理健康領域 追蹤數「第一」
🧠 精神科醫師用幽默與真實，讓心理健康變的有溫度
🎤 講座/課程/活動/公益合作，洽ymmed@msn.com
📍 門診時間地點
🏥 高雄長庚醫院
🕘 周二下午 周三上午
🏥 高雄市立大同醫院
🕘 周一上午下午 周二上午 周四夜間",PTSD,business,
dr_shaocheng_wang,Shao-Cheng Wang,"Threads網路互動帶來的溫暖是真的，焦慮也是真的：「一個貼文能讓人感覺被看見，也能讓人更怕沒被看見」。對情緒來說，適度連結能滋養，過度依賴卻會耗損。
身為精神科醫師/心理衛生倡議者，我最開心看到的，是大家都能在線上找到力量，也在線下學會照顧自己。",2025/5/30 10:17,"📚 Threads中文心理健康領域 追蹤數「第一」
🧠 精神科醫師用幽默與真實，讓心理健康變的有溫度
🎤 講座/課程/活動/公益合作，洽ymmed@msn.com
📍 門診時間地點
🏥 高雄長庚醫院
🕘 周二下午 周三上午
🏥 高雄市立大同醫院
🕘 周一上午下午 周二上午 周四夜間",PTSD,business,
dr_shaocheng_wang,Shao-Cheng Wang,"把對threads點贊的期待比喻成毒品成癮，未免太低估人性、太高估演算法了。人會關心彼此，不是因為上癮，而是因為連結本來就是生存本能的一部分。
作為精神科醫師，我認為：點贊是一種「我有注意到你」的數位擁抱。在這個冷漠快轉的世界，有人願意停下來看你一眼，本身就是一種療癒。",2025/5/29 09:30,"📚 Threads中文心理健康領域 追蹤數「第一」
🧠 精神科醫師用幽默與真實，讓心理健康變的有溫度
🎤 講座/課程/活動/公益合作，洽ymmed@msn.com
📍 門診時間地點
🏥 高雄長庚醫院
🕘 周二下午 周三上午
🏥 高雄市立大同醫院
🕘 周一上午下午 周二上午 周四夜間",PTSD,business,
dr_shaocheng_wang,Shao-Cheng Wang,"有人說threads上「我不行了」的發文是沉溺，我卻看到那是他們終於願意開口的時刻。
點讚的不是鼓勵脆弱，而是一種數位時代的「我在乎你」。真正讓人沉沒的，不是個案說太多，而是社會習慣裝沒聽見或是敷衍的回應。
作為精神科醫師，我最關心的從來不是他發了什麼文，而是：他的身邊，有沒有一個人願意靜下來好好聽他講完？",2025/5/29 07:43,"📚 Threads中文心理健康領域 追蹤數「第一」
🧠 精神科醫師用幽默與真實，讓心理健康變的有溫度
🎤 講座/課程/活動/公益合作，洽ymmed@msn.com
📍 門診時間地點
🏥 高雄長庚醫院
🕘 周二下午 周三上午
🏥 高雄市立大同醫院
🕘 周一上午下午 周二上午 周四夜間",PTSD,business,
dr_shaocheng_wang,Shao-Cheng Wang,"回應常見脆友說自己憂鬱很難好，憂鬱症是一種異質性很高的疾病，不同人、不同體質、不同人生階段，呈現出來都不一樣。以現在的醫療水準來說，「穩定病情」並不難，「走向康復」也絕非奇蹟。
但它需要三個條件：你願意「相信」會好、你願意付出「行動」、你有一位「經驗和能力足夠」的醫師同行。",2025/5/28 14:55,"📚 Threads中文心理健康領域 追蹤數「第一」
🧠 精神科醫師用幽默與真實，讓心理健康變的有溫度
🎤 講座/課程/活動/公益合作，洽ymmed@msn.com
📍 門診時間地點
🏥 高雄長庚醫院
🕘 周二下午 周三上午
🏥 高雄市立大同醫院
🕘 周一上午下午 周二上午 周四夜間",PTSD,business,
dr_shaocheng_wang,Shao-Cheng Wang,"我曾在門診遇到一位中年婦女，對醫療充滿戒心。她提到，曾在心理治療剛開始沒多久，心理師聽完她的背景就哭了。她困惑地想：「到底是我來看病，還是妳？」這不是戲劇張力，而是專業界線與理解能力的真空。
這幾天黃仁勳與徐旭東的互動新聞也引發類似感慨——不理解對方，不代表可以用自以為是的方式來「關心」。徐旭東用一種威權而不諳人情的語氣「指點」，黃仁勳卻展現了更成熟的心理素養與人際智慧：沒有翻臉、沒有迎合，只是從容地說明自己「過敏、這衣服是我太太挑的」，既表達立場又不撕破臉。
這其實就是我常在診間說的事：傾聽，不等於投射；關心，不等於干預。真正高段位的對話，不是你說了什麼，而是你能不能先懂得看懂對方的界線。",2025/5/27 08:23,"📚 Threads中文心理健康領域 追蹤數「第一」
🧠 精神科醫師用幽默與真實，讓心理健康變的有溫度
🎤 講座/課程/活動/公益合作，洽ymmed@msn.com
📍 門診時間地點
🏥 高雄長庚醫院
🕘 周二下午 周三上午
🏥 高雄市立大同醫院
🕘 周一上午下午 周二上午 周四夜間",PTSD,business,
dr_shaocheng_wang,Shao-Cheng Wang,從精神科醫師的角度，對憂鬱症患者說「你想開一點就好」，就像對溺水的人說「你呼吸順一點就好」——真正有效的陪伴，是先理解他正在掙扎，而不是催他趕快上岸。,2025/5/27 07:46,"📚 Threads中文心理健康領域 追蹤數「第一」
🧠 精神科醫師用幽默與真實，讓心理健康變的有溫度
🎤 講座/課程/活動/公益合作，洽ymmed@msn.com
📍 門診時間地點
🏥 高雄長庚醫院
🕘 周二下午 周三上午
🏥 高雄市立大同醫院
🕘 周一上午下午 周二上午 周四夜間",PTSD,business,
dr_shaocheng_wang,Shao-Cheng Wang,憂鬱情緒是偶爾下雨，憂鬱症則是連晴天也看不見光——連身心健康的人，也會有情緒低潮，而精神科醫師的工作，是幫你分辨什麼時候需要維修，什麼時候只需要一把傘。,2025/5/26 17:55,"📚 Threads中文心理健康領域 追蹤數「第一」
🧠 精神科醫師用幽默與真實，讓心理健康變的有溫度
🎤 講座/課程/活動/公益合作，洽ymmed@msn.com
📍 門診時間地點
🏥 高雄長庚醫院
🕘 周二下午 周三上午
🏥 高雄市立大同醫院
🕘 周一上午下午 周二上午 周四夜間",PTSD,business,
dr_shaocheng_wang,Shao-Cheng Wang,一週的開始，不是追求效率爆表，而是讓神經系統逐漸恢復工作的步調，讓前額葉重新掌握方向——真正的減少內耗，是在每天願意用多一點溫柔，取代內在的鞭策。,2025/5/26 08:14,"📚 Threads中文心理健康領域 追蹤數「第一」
🧠 精神科醫師用幽默與真實，讓心理健康變的有溫度
🎤 講座/課程/活動/公益合作，洽ymmed@msn.com
📍 門診時間地點
🏥 高雄長庚醫院
🕘 周二下午 周三上午
🏥 高雄市立大同醫院
🕘 周一上午下午 周二上午 周四夜間",PTSD,business,
dr_shaocheng_wang,Shao-Cheng Wang,"我的心理治療督導曾說過一句話：
「一個人能活得多自在，看他能不能察覺自己正在內耗，並願意停下來。」
當前額葉正努力讓你冷靜思考、放慢腳步，但杏仁體卻在旁邊瘋狂敲鑼打鼓，叫你快一點、撐一下、別讓人失望；然後就原地打轉，只剩疲勞。
內耗不是你不夠堅強，而是你太習慣對自己用力過頭，卻沒學過怎麼好好理解自己。
自我接納，不是說「我沒事」，而是有好好理解自己的內在並且有勇氣承認：「我正在辛苦，也值得被照顧。」",2025/5/25 07:47,"📚 Threads中文心理健康領域 追蹤數「第一」
🧠 精神科醫師用幽默與真實，讓心理健康變的有溫度
🎤 講座/課程/活動/公益合作，洽ymmed@msn.com
📍 門診時間地點
🏥 高雄長庚醫院
🕘 周二下午 周三上午
🏥 高雄市立大同醫院
🕘 周一上午下午 周二上午 周四夜間",PTSD,business,
dr_shaocheng_wang,Shao-Cheng Wang,"週末來臨，當你的前額葉想讓你思考規劃試著休息時，杏仁體卻不斷拉你進入緊張備戰。明明身體沒在動，卻累得像剛打完一場無聲的仗。
這場叫「內耗」的仗，贏的關鍵從來不是更努力，而是學會放過自己。
身為精神科醫師，我認為週末最棒的處方就是睡到自然醒、伸個大懶腰、開懷大笑、不做任何正經事——相信我，這樣心安理得地偷懶其實是有科學根據的療癒良方！",2025/5/24 07:04,"📚 Threads中文心理健康領域 追蹤數「第一」
🧠 精神科醫師用幽默與真實，讓心理健康變的有溫度
🎤 講座/課程/活動/公益合作，洽ymmed@msn.com
📍 門診時間地點
🏥 高雄長庚醫院
🕘 周二下午 周三上午
🏥 高雄市立大同醫院
🕘 周一上午下午 周二上午 周四夜間",PTSD,business,
dr_shaocheng_wang,Shao-Cheng Wang,"內耗，是大腦卡在「想放鬆」和「不准停」之間，前額葉想關機，杏仁核卻瘋狂響鈴——像油門跟煞車一起踩，最後原地燒光自己。
我說：「你不是不努力，是你的神經警戒系統太久沒被允許喘口氣。」當他聽進去，終於能安心坐著五分鐘，不覺得浪費人生，我知道——
內耗，真的開始鬆動了。",2025/5/23 07:25,"📚 Threads中文心理健康領域 追蹤數「第一」
🧠 精神科醫師用幽默與真實，讓心理健康變的有溫度
🎤 講座/課程/活動/公益合作，洽ymmed@msn.com
📍 門診時間地點
🏥 高雄長庚醫院
🕘 周二下午 周三上午
🏥 高雄市立大同醫院
🕘 周一上午下午 周二上午 周四夜間",PTSD,business,
dr_shaocheng_wang,Shao-Cheng Wang,"她說：「昨天看到那場恐怖的車禍，我都開始怕小孩出門回不來。」
我說：「真正能保護孩子的，不只是安全帽和規則，而是一個情緒安穩的大人。」
當她學會安頓自己的焦慮，孩子也跟著安穩下來——這就是精神科最溫柔的連鎖效應。",2025/5/22 07:47,"📚 Threads中文心理健康領域 追蹤數「第一」
🧠 精神科醫師用幽默與真實，讓心理健康變的有溫度
🎤 講座/課程/活動/公益合作，洽ymmed@msn.com
📍 門診時間地點
🏥 高雄長庚醫院
🕘 周二下午 周三上午
🏥 高雄市立大同醫院
🕘 周一上午下午 周二上午 周四夜間",PTSD,business,
dr_shaocheng_wang,Shao-Cheng Wang,"她說：「明明不是我家小孩，為什麼這新聞一播我就忍不住落淚？」
我說：「那不是脆弱，是你的大腦正在回應創傷，也在告訴你——這世界還值得你關心。」
當她願意走進治療，慢慢把那份過度牽動的痛放下，因為精神科醫師知道：人性還在，而我們，可以幫忙把那顆受驚的心，慢慢安頓回來。",2025/5/21 07:50,"📚 Threads中文心理健康領域 追蹤數「第一」
🧠 精神科醫師用幽默與真實，讓心理健康變的有溫度
🎤 講座/課程/活動/公益合作，洽ymmed@msn.com
📍 門診時間地點
🏥 高雄長庚醫院
🕘 周二下午 周三上午
🏥 高雄市立大同醫院
🕘 周一上午下午 周二上午 周四夜間",PTSD,business,
zzz_12425,菱,"PTSD 創傷壓力症候群
「創傷不是過去了就沒事
它會藏在心裡 藏在神經裡
在毫無預警的時候把人拉回那段黑暗」",2025/12/3 20:07,"恐慌與憂鬱和焦慮日記 📝
PTSD創傷壓力症候群
記錄小小進步也接住偶爾的低落",PTSD,pass,
zzz_12425,菱,"突然想到那天在急診
因為恐慌太嚴重
我還來不及反應就被推進急診室
最後還被打了鎮定劑
我從小打針都不會哭
那一針痛到我直接在現場大哭…
#恐慌與憂鬱和焦慮日記",2025/12/3 17:55,"恐慌與憂鬱和焦慮日記 📝
PTSD創傷壓力症候群
記錄小小進步也接住偶爾的低落",PTSD,pass,
zzz_12425,菱,"PTSD創傷壓力症候群
「有時候情緒不是突然變得敏感
而是身體記得了我想忘掉的事」",2025/12/2 19:45,"恐慌與憂鬱和焦慮日記 📝
PTSD創傷壓力症候群
記錄小小進步也接住偶爾的低落",PTSD,pass,
zzz_12425,菱,"最近真的覺得
抗焦慮、憂鬱、恐慌的藥吃久了
真的有種靠藥效在硬撐著生活的感覺…
一旦藥效退掉
整個人就不舒服到快要散掉
只能撐到下一次能吃藥的時間
有人也會這樣嗎？
#恐慌與憂鬱和焦慮日記",2025/12/2 17:31,"恐慌與憂鬱和焦慮日記 📝
PTSD創傷壓力症候群
記錄小小進步也接住偶爾的低落",PTSD,pass,
zzz_12425,菱,"換了新的藥還在適應期
但雙手抖得很厲害
後來連全身都開始不受控的發抖
還伴著頭暈
好像整個人都飄離了現實
我只能不停告訴自己
沒關係 再撐一下就好了
妳可以的
妳一定能撐過去
#恐慌與憂鬱和焦慮日記",2025/12/1 17:30,"恐慌與憂鬱和焦慮日記 📝
PTSD創傷壓力症候群
記錄小小進步也接住偶爾的低落",PTSD,pass,
zzz_12425,菱,"昨天才知道
原來我同時有
恐慌症 憂鬱症和焦慮症
有人也像我一樣
同時被好幾種症狀纏著嗎
#恐慌與憂鬱和焦慮日記",2025/11/30 18:58,"恐慌與憂鬱和焦慮日記 📝
PTSD創傷壓力症候群
記錄小小進步也接住偶爾的低落",PTSD,pass,
zzz_12425,菱,"到底要怎麼做
才能和憂鬱症和恐慌症和平共處
我到現在還是做不到
每天都像在和一個看不見的怪物拉扯
有時真的會覺得
這可能是世界上最可怕的病
能一點一滴把一個人掏空
#恐慌與憂鬱日記",2025/11/28 19:00,"恐慌與憂鬱和焦慮日記 📝
PTSD創傷壓力症候群
記錄小小進步也接住偶爾的低落",PTSD,pass,
zzz_12425,菱,"有人也是因為這兩天變天
恐慌症或憂鬱症又開始不舒服的嗎
明明都有乖乖吃藥
可是一到天氣變化
那種隨時快要發作的感覺又回來
真的很難受
好像整個人都被天氣牽著走
#恐慌與憂鬱日記",2025/11/27 18:17,"恐慌與憂鬱和焦慮日記 📝
PTSD創傷壓力症候群
記錄小小進步也接住偶爾的低落",PTSD,pass,
zzz_12425,菱,"憂鬱症真的不是
只要努力就能痊癒的病
明明已經用盡全力
我卻還是走不出這片霧茫茫的心境
有時真的會想…到底還能怎麼做
#恐慌與憂鬱日記",2025/11/26 17:58,"恐慌與憂鬱和焦慮日記 📝
PTSD創傷壓力症候群
記錄小小進步也接住偶爾的低落",PTSD,pass,
zzz_12425,菱,"自從生病以後
爸爸每天都會打電話給我
連睡覺都掛念我
爸爸：「你吃飯了嗎」
我回：「吃了」
爸爸：「要多注意休息喔」
每次聽到他的聲音
我的眼淚就忍不住掉下來
心裡暖暖的又酸酸的
做女兒的我
一定要好好照顧自己
不再讓爸爸擔心
也要讓他看到我的堅強
#恐慌與憂鬱日記",2025/11/25 18:49,"恐慌與憂鬱和焦慮日記 📝
PTSD創傷壓力症候群
記錄小小進步也接住偶爾的低落",PTSD,pass,
zzz_12425,菱,"今天對我來說
走出家門買午餐
已經是一個大挑戰
來回 600 公尺
對現在的我來說
是很大的進步
曾經連 100 公尺都踏不出去
所以今天的自己
真的值得被抱抱🫂
也值得一個小小的勇氣勳章🏅
#恐慌與憂鬱日記",2025/11/24 17:30,"恐慌與憂鬱和焦慮日記 📝
PTSD創傷壓力症候群
記錄小小進步也接住偶爾的低落",PTSD,pass,
zzz_12425,菱,"今天的我
難過到快撐不住
但我還是鼓起勇氣
打給了家人
而不是再讓自己受傷
#恐慌與憂鬱日記",2025/11/23 17:25,"恐慌與憂鬱和焦慮日記 📝
PTSD創傷壓力症候群
記錄小小進步也接住偶爾的低落",PTSD,pass,
zzz_12425,菱,"昨天晚上
媽媽到我夢裡來了
我忍不住問她：
「媽媽..妳火化的時候 身體還會痛嗎」
她笑著
很溫柔很平靜的說：
「不會痛了 妳不用擔心媽媽
妳要照顧好自己 媽媽會守護著妳」
醒來之後
我把夢告訴爸爸和姐姐
結果我們三個都哭了
那一瞬間
好像真的又見到她
也更想她了
#恐慌與憂鬱日記 #思念 #療癒 #家人",2025/11/22 20:41,"恐慌與憂鬱和焦慮日記 📝
PTSD創傷壓力症候群
記錄小小進步也接住偶爾的低落",PTSD,pass,
zzz_12425,菱,"如果恐慌症發作
而我又忘了帶備用藥
症狀又很嚴重
我可以叫救護車嗎
我有點擔心會浪費醫療資源
但又真的很害怕自己應付不來
有人也有過這種經驗嗎
你們會怎麼做呢
#恐慌與憂鬱日記",2025/11/22 17:08,"恐慌與憂鬱和焦慮日記 📝
PTSD創傷壓力症候群
記錄小小進步也接住偶爾的低落",PTSD,pass,
zzz_12425,菱,"那些只有生病過的人才懂的小事
吃藥前要深呼吸
出門前要努力把自己說服一下
排隊的人多就會開始不安
買便當也要心理預備
連回訊息都需要勇氣
這些別人看起來像小事的東西
我每天都在重新挑戰一次
但你知道嗎
只要做到一件
就已經很不容易了
如果你也一樣
那我們一起慢慢好起來
#恐慌與憂鬱日記",2025/11/22 12:57,"恐慌與憂鬱和焦慮日記 📝
PTSD創傷壓力症候群
記錄小小進步也接住偶爾的低落",PTSD,pass,
zzz_12425,菱,"正處在憂鬱期的我
今天做了幾件看起來很小的事
呼吸
回了一些訊息
出門買了雞肉飯和飲料
還在公園慢慢走了一圈
就這樣而已
聽起來簡單到不能再簡單
但每一件都要我用上
一百二十分的力氣才能做到
但我做到了
今天有活下來
這樣就足夠了
#恐慌與憂鬱日記",2025/11/21 15:55,"恐慌與憂鬱和焦慮日記 📝
PTSD創傷壓力症候群
記錄小小進步也接住偶爾的低落",PTSD,pass,
zzz_12425,菱,"有人在身心科看診時
忍不住哭出來過嗎
今天不知道為什麼
候診區的人超多
我也特別早到
結果還是等了一個多小時
人越來越多
我越來越不安
心跳快到連呼吸都跟不上
手心一直冒汗
我拼命提醒自己沒事
但輪到我的那一刻
看到醫生
情緒直接崩掉
眼淚一下就掉下來
完全停不下來
那瞬間真的覺得好丟臉
是不是其實
很多人也跟我一樣
撐到最後一刻
才敢在安全的地方
讓自己崩潰一下
#恐慌與憂鬱日記",2025/11/20 15:56,"恐慌與憂鬱和焦慮日記 📝
PTSD創傷壓力症候群
記錄小小進步也接住偶爾的低落",PTSD,pass,
zzz_12425,菱,"今天坐公車的時候
心裡突然一陣慌 呼吸也不順
手腳軟得快撐不住 腦子完全空白
我只想快點回家
抱著熟悉的棉被 心裡才會慢慢安定下來
暫時不敢再搭火車或公車
每次搭都會恐慌發作
恐慌症不是軟弱
只是身體先感受到危險 大腦還跟不上
每一次撐過去 都是一點點勇敢
有人也跟我一樣
搭公車火車時會這麼害怕嗎
#恐慌與憂鬱日記",2025/11/19 21:23,"恐慌與憂鬱和焦慮日記 📝
PTSD創傷壓力症候群
記錄小小進步也接住偶爾的低落",PTSD,pass,
zzz_12425,菱,"PTSD 創傷壓力症候群
「以為自己已經走出了過去
可是一瞬間
身體又記起那段痛
心跳狂跳 呼吸急促
彷彿又回到了當時的恐懼裡」",2025/12/9 20:44,"恐慌與憂鬱和焦慮日記 📝
PTSD創傷壓力症候群
記錄小小進步也接住偶爾的低落",PTSD,pass,
zzz_12425,菱,"PTSD 創傷壓力症候群
「不是情緒敏感
也不是想太多
而是身體還記得那些驚恐的瞬間
心跳 呼吸 手抖
都是它在替我反應
那是曾經受傷的證據」",2025/12/8 20:15,"恐慌與憂鬱和焦慮日記 📝
PTSD創傷壓力症候群
記錄小小進步也接住偶爾的低落",PTSD,pass,
zzz_12425,菱,"PTSD 創傷壓力症候群
「有些時候不是突然崩潰
而是那份壓著很久的恐懼
終於再也藏不住了
它只是提醒我們
那段痛從來沒有真正離開過」",2025/12/7 19:50,"恐慌與憂鬱和焦慮日記 📝
PTSD創傷壓力症候群
記錄小小進步也接住偶爾的低落",PTSD,pass,
zzz_12425,菱,"「恐慌來的時候
不是我想太多
而是身體突然失控
我只能一點一點的呼吸
告訴自己
沒關係…我正在努力平靜下來」
#恐慌與憂鬱和焦慮日記",2025/12/7 18:01,"恐慌與憂鬱和焦慮日記 📝
PTSD創傷壓力症候群
記錄小小進步也接住偶爾的低落",PTSD,pass,
zzz_12425,菱,"PTSD 創傷壓力症候群
「不是不堅強
也不是不勇敢
只是有些傷並沒有結痂
它們只是被我們小心的藏起來
直到某個瞬間又開始痛」",2025/12/6 19:50,"恐慌與憂鬱和焦慮日記 📝
PTSD創傷壓力症候群
記錄小小進步也接住偶爾的低落",PTSD,pass,
zzz_12425,菱,"「早上醒來只想躲在被窩裡
世界像是灰灰的
我看著窗邊的太陽
只能提醒自己
慢慢呼吸就好 活著就好」
#恐慌與憂鬱和焦慮日記",2025/12/6 17:54,"恐慌與憂鬱和焦慮日記 📝
PTSD創傷壓力症候群
記錄小小進步也接住偶爾的低落",PTSD,pass,
zzz_12425,菱,"PTSD 創傷壓力症候群
「創傷會讓人變得特別敏感
容易被嚇到 容易緊張
不是因為你脆弱
而是在當下
我們真的來不及保護好自己」",2025/12/5 19:50,"恐慌與憂鬱和焦慮日記 📝
PTSD創傷壓力症候群
記錄小小進步也接住偶爾的低落",PTSD,pass,
zzz_12425,菱,"「情緒低落的那天
可以什麼都不做
可以只專心好好活著
不是退步
是你在努力存活
已經很勇敢了」
#恐慌與憂鬱和焦慮日記",2025/12/5 17:35,"恐慌與憂鬱和焦慮日記 📝
PTSD創傷壓力症候群
記錄小小進步也接住偶爾的低落",PTSD,pass,
zzz_12425,菱,"PTSD 創傷壓力症候群
「有時候我們以為自己已經走出過去
但某個瞬間身體突然記起那段痛
心跳加速 呼吸急促
好像又回到了當時的恐懼裡」",2025/12/4 19:48,"恐慌與憂鬱和焦慮日記 📝
PTSD創傷壓力症候群
記錄小小進步也接住偶爾的低落",PTSD,pass,
zzz_12425,菱,"「每一次發作 我只想蹲下來
 抱緊自己 告訴自己一切都會過去」
#恐慌與憂鬱和焦慮日記",2025/12/4 17:36,"恐慌與憂鬱和焦慮日記 📝
PTSD創傷壓力症候群
記錄小小進步也接住偶爾的低落",PTSD,pass,
zzz_12425,菱,"PTSD 創傷壓力症候群
「有時候以為自己已經撐過那段日子
直到某個瞬間
身體突然顫抖
心跳亂了拍 呼吸變得很淺
才發現
我又被拉回那個曾經很害怕的時候」",2025/12/18 20:00,"恐慌與憂鬱和焦慮日記 📝
PTSD創傷壓力症候群
記錄小小進步也接住偶爾的低落",PTSD,pass,
zzz_12425,菱,"PTSD 創傷壓力症候群
「你不是太敏感
是你撐得太久了
你的身體不是在害你
它是在提醒你
你曾經那麼努力的活下來」",2025/12/17 20:38,"恐慌與憂鬱和焦慮日記 📝
PTSD創傷壓力症候群
記錄小小進步也接住偶爾的低落",PTSD,pass,
zzz_12425,菱,"寫給今天的自己
「你已經很努力撐過今天了」
「可是我好像還是很累」
「沒關係
今天不用再更好了」
#恐慌與憂鬱和焦慮日記",2025/12/17 12:00,"恐慌與憂鬱和焦慮日記 📝
PTSD創傷壓力症候群
記錄小小進步也接住偶爾的低落",PTSD,pass,
zzz_12425,菱,"PTSD 創傷壓力症候群
「有時候心會突然碎掉
不是現在真的有多痛
而是那時候的我
撐得太努力了
努力到現在
才終於敢好好哭出來了」",2025/12/16 21:44,"恐慌與憂鬱和焦慮日記 📝
PTSD創傷壓力症候群
記錄小小進步也接住偶爾的低落",PTSD,pass,
zzz_12425,菱,"PTSD 創傷壓力症候群
「有時候明明什麼都沒發生
身體卻先緊繃起來
不是我太敏感
而是它還記得
曾經很危險的時候」",2025/12/15 20:40,"恐慌與憂鬱和焦慮日記 📝
PTSD創傷壓力症候群
記錄小小進步也接住偶爾的低落",PTSD,pass,
zzz_12425,菱,"和現在的自己對話，慢慢走回自己身邊
「你最近還好嗎
我其實一直有點擔心你
那個曾經很愛笑
看起來總是很有精神的你
最近去哪了」
「對不起讓你擔心了
那個愛笑的我
在生病之後
真的走丟了一段路
但我還在這裡
沒有離開
只是慢了一些而已」
#恐慌與憂鬱和焦慮日記",2025/12/15 18:28,"恐慌與憂鬱和焦慮日記 📝
PTSD創傷壓力症候群
記錄小小進步也接住偶爾的低落",PTSD,pass,
zzz_12425,菱,"PTSD創傷壓力症候群
「我一直以為自己已經好很多了
直到生活慢下來
才發現不是不痛了
只是一直不敢停下來面對」",2025/12/14 20:00,"恐慌與憂鬱和焦慮日記 📝
PTSD創傷壓力症候群
記錄小小進步也接住偶爾的低落",PTSD,pass,
zzz_12425,菱,"PTSD創傷壓力症候群
「創傷不是結束了就能放下
它會躲在身體深處
在某個毫無防備的瞬間
又把人推回那段深得讓人窒息的黑暗裡」",2025/12/13 20:50,"恐慌與憂鬱和焦慮日記 📝
PTSD創傷壓力症候群
記錄小小進步也接住偶爾的低落",PTSD,pass,
zzz_12425,菱,"PTSD創傷壓力症候群
「有些痛不需要想起
它會自己浮上來
一秒前我還好好的
下一秒就被恐懼淹沒
這就是創傷留下的影子」",2025/12/12 21:12,"恐慌與憂鬱和焦慮日記 📝
PTSD創傷壓力症候群
記錄小小進步也接住偶爾的低落",PTSD,pass,
zzz_12425,菱,"PTSD 創傷壓力症候群
「經歷過創傷的人
反應總是比別人更快一步
不是害怕太多
而是身體記得曾經的危險
那段過去
曾奪走我們保護自己的能力」",2025/12/11 20:02,"恐慌與憂鬱和焦慮日記 📝
PTSD創傷壓力症候群
記錄小小進步也接住偶爾的低落",PTSD,pass,
zzz_12425,菱,"今年二月
我的貓咪離開了
昨天睡著的時候
我好像聽到在挖貓砂的聲音
本來以為是自己聽錯
結果又迷迷糊糊睡著了
後來我真的感覺到
床邊有重量跳上來
還有小小的步伐在我身邊走來走去
最後就像以前一樣
靠著我 靜靜躺在我旁邊
醒來之後回想昨晚的感覺
我真的覺得那就是他回來看我
希望實貝現在一切都好
在貓星球當個自由又快樂的小天使👼",2025/12/10 22:53,"恐慌與憂鬱和焦慮日記 📝
PTSD創傷壓力症候群
記錄小小進步也接住偶爾的低落",PTSD,pass,
zzz_12425,菱,"PTSD 創傷壓力症候群
「以為時間能沖淡一切
但某些時刻
身體還是會突然被記憶拉回去
胸口緊繃 手心冒汗
像是過去那份恐懼
又在胸口重新活過來」",2025/12/10 20:00,"恐慌與憂鬱和焦慮日記 📝
PTSD創傷壓力症候群
記錄小小進步也接住偶爾的低落",PTSD,pass,
medchi.official,medchi.official,"「頭腦也許可以短暫忘記，但身體會代替你永遠記得」
PTSD",2025/1/5 16:42,"日本Med'chi品牌  沙龍髮品🩷
關懷浪浪 溫暖無限
💓關懷浪浪們，狗狗貓貓的世界很純真，受傷了還是願意再相信你，這樣單純的心，無可取代
🤚反霸凌/反性侵/反性騷/反兒童性犯罪產業鏈
一個專講實話的品牌
公益/品牌合作洽詢:medchi.official@gmail.com",PTSD,business,
medchi.official,medchi.official,"youtu.be/XXnas…
沒有人希望被當成異類，每個人都是獨一無二的個體，我們每個人都很不一樣，不需要因為這個不一樣去害怕彼此。
其實，每個患有創傷或嚴重精神疾病的人，最常問自己的一句話是：
「到底為甚麼是我？」 
但是即便知道了，還是得繼續走下去
分享最近發生的案例，趙露思，一個中國的女明星，因為精神壓力過大造成的語言失去能力和癱瘓
精神狀態真的能造成不可逆的身體問題 
進而影響到整個人
真心希望社會能更重視精神上面的傷害
截取自我們與惡的距離－幕後花絮",2025/1/5 16:40,"日本Med'chi品牌  沙龍髮品🩷
關懷浪浪 溫暖無限
💓關懷浪浪們，狗狗貓貓的世界很純真，受傷了還是願意再相信你，這樣單純的心，無可取代
🤚反霸凌/反性侵/反性騷/反兒童性犯罪產業鏈
一個專講實話的品牌
公益/品牌合作洽詢:medchi.official@gmail.com",PTSD,business,
medchi.official,medchi.official,"有一個衍生詞叫：完美受害者
受害者需要足夠完美才不會被檢討與攻擊，可是加害者不需要",2025/1/1 16:28,"日本Med'chi品牌  沙龍髮品🩷
關懷浪浪 溫暖無限
💓關懷浪浪們，狗狗貓貓的世界很純真，受傷了還是願意再相信你，這樣單純的心，無可取代
🤚反霸凌/反性侵/反性騷/反兒童性犯罪產業鏈
一個專講實話的品牌
公益/品牌合作洽詢:medchi.official@gmail.com",PTSD,business,
medchi.official,medchi.official,"其實「女權」這個詞有個邏輯謬誤，如果一直是平等的，不會出現「爭取女性權利」這個詞彙，沒有迫害或不平等，為何要爭取？一定是出現有苦難言的事情，而且時間可能很長了，所以人類才會意識到原來自己一直被剝奪（甚至很多人不知道自己被剝奪，當習慣權利被掌控，會忘記自己其實也有權利）
明朝到清朝時很多人無法接受剃髮留辮，而當清朝滅亡，不再需要剃髮時，很多人不願意蓄髮剪辮，其實就是同樣的原理，習慣。
所以習慣權利被剝奪，就會認為這是一件理所當然的事，但當人們意識到不對勁時，想去改變，卻要被冠上另一個破壞思想的詞彙
所以...............懂的人就會懂實際的含義
尊重、平等、love & peace
思考行為背後的真實動機 
就不會被帶著跑
行為是表象，動機才是真實的",2025/1/1 16:19,"日本Med'chi品牌  沙龍髮品🩷
關懷浪浪 溫暖無限
💓關懷浪浪們，狗狗貓貓的世界很純真，受傷了還是願意再相信你，這樣單純的心，無可取代
🤚反霸凌/反性侵/反性騷/反兒童性犯罪產業鏈
一個專講實話的品牌
公益/品牌合作洽詢:medchi.official@gmail.com",PTSD,business,
medchi.official,medchi.official,"有時候看懂對方實際背後的目的和身份，就不會想回覆了
例如.....
舉一個比較不相關的例子，
像是你本來要去文具店買筆，可是筆出了很大問題，但是有人一直告訴你筆記本很難用，一直引導你筆記本很難用
那........你會focus在筆記本很難用嗎？
深度思考行為背後的真正動機",2025/1/1 14:10,"日本Med'chi品牌  沙龍髮品🩷
關懷浪浪 溫暖無限
💓關懷浪浪們，狗狗貓貓的世界很純真，受傷了還是願意再相信你，這樣單純的心，無可取代
🤚反霸凌/反性侵/反性騷/反兒童性犯罪產業鏈
一個專講實話的品牌
公益/品牌合作洽詢:medchi.official@gmail.com",PTSD,business,
medchi.official,medchi.official,"謝謝社會上的無名英雄
2025大家會更好的
祝福每一個人",2024/12/31 20:35,"日本Med'chi品牌  沙龍髮品🩷
關懷浪浪 溫暖無限
💓關懷浪浪們，狗狗貓貓的世界很純真，受傷了還是願意再相信你，這樣單純的心，無可取代
🤚反霸凌/反性侵/反性騷/反兒童性犯罪產業鏈
一個專講實話的品牌
公益/品牌合作洽詢:medchi.official@gmail.com",PTSD,business,
medchi.official,medchi.official,"意外看到一篇文章，內容就不多闡述了，就是心裡可能有點不平衡別人的起跑線比她好
其實我想說的是，起跑線高低並不重要，這整個世界上，你唯一要競賽的對象，只有你自己。當你超越了你自己，你就是贏了全世界，所以，永遠不要去和任何人攀比，相信自己是最好的，相信自己能辦到，那一切就對囉！
和別人攀比是最愚笨的行為，做好自己，用盡全力，結果會告訴你一切。
每個人都是最優秀的自己。
＊此篇發文已經徵得公司同意＊
＊下篇發發大家的疑問＊
＊不希望這邊變勵志文專區啦＊",2024/12/24 00:37,"日本Med'chi品牌  沙龍髮品🩷
關懷浪浪 溫暖無限
💓關懷浪浪們，狗狗貓貓的世界很純真，受傷了還是願意再相信你，這樣單純的心，無可取代
🤚反霸凌/反性侵/反性騷/反兒童性犯罪產業鏈
一個專講實話的品牌
公益/品牌合作洽詢:medchi.official@gmail.com",PTSD,business,
bekindforgood,Through it all,"光是想到父母就莫名焦慮煩躁
這很可能是複雜性創傷後壓力症候群（CPTSD） 的反應。它多半來自長期、重複、無法逃離的心理壓迫，而且往往來自「本該保護你的人」──像是父母。
如果你童年常遇到：
	•	父母情緒失控、操控、貶低
	•	被當透明人，需求被無視
	•	只能當他們期待的樣子
	•	任何反抗或情緒都會被打壓
那麼，你的身體和神經系統，很可能留下了這些 CPTSD 反應：
1. 神經系統過度警戒
從小習慣掃描危險氣氛，長大後只要想到父母，腦袋就自動進入防禦模式，焦慮感爆發。
2. 情感閃回 Emotional Flashback
突然陷入「我不被愛、我不能有情緒」的情緒深淵，身體反應超過理智，就像又回到當年那個無助的小孩。
3. 慢性羞愧感
長期被貶低，內化成「我不好、不值得被愛」，只要跟父母有關，就容易觸發焦慮與自我厭惡。
4. 依附創傷
童年缺乏穩定依附，讓你長大後對親密關係焦慮、逃避，父母正是最早那個「不會接住你」的人，一想到就情緒緊繃。",2025/4/27 22:23,"我不是醫生，不是心理師，不是身心領域的專家。
只是一個為了活下去努力學習的平凡人。",創傷後壓力,non_life,
bekindforgood,Through it all,"沒有邊界感的爸媽，也讓你崩潰過？
常常不敲門闖進房間、擅自動你東西，珍貴的東西不見了還說是為你好。你明明講過界線，卻從來不被放在心上。這些行為，表面是「關心」，其實是缺乏邊界感的控制，而且真的會留下傷痕。
來看看常見7種沒有邊界感的父母行為，以及它們可能帶來的心理影響：
1. 擅自翻動、丟棄物品
影響： 破壞安全感與物件記憶，讓人覺得人生痕跡被否定，失去對生活的掌控。
2. 不敲門、直接闖房間
影響： 邊界感崩壞，學不會保護自己，容易焦慮、壓抑，未來難以拒絕他人。
3. 你的東西就是我的東西
影響： 失去自我認同，漸漸覺得自己沒資格擁有，對親密關係失去信任。
4. 用物品情緒勒索
影響： 東西變成控制工具，長期壓抑自己，只能順從，心裡充滿恐懼。
5. 批評孩子選的東西
影響： 被否定價值與興趣，漸漸學會討好迎合，失去真實自我。
6. 無視明確的物品界線
影響： 每次被越界都在重複創傷，信任感一次次破碎，累積情緒傷痕。
7. 把孩子房間當公共空間
影響： 沒有真正屬於自己的東西，覺得家裡無法安放自己，越來越不想回家。",2025/4/27 15:09,"我不是醫生，不是心理師，不是身心領域的專家。
只是一個為了活下去努力學習的平凡人。",創傷後壓力,non_life,
chao_lian_lee,Chao Lian Lee,"最近常會想起才華洋溢的哥哥，他已經走了14年，如果他知道自己會在41歲的時候，死於主動脈剝離的話，他還會那麼努力工作嗎？
當時的哥哥位居上市公司總經理，常去國外洽商開會，自己又身兼研發主管，常熬夜寫程式，身心工作壓力嚴重爆表，睡眠對哥哥來說，奢侈到可遇不可求，
直到哥哥突然往生，在醫院太平間看到他的遺體，發現他睡得安祥，哥哥終於可以好好睡上一覺，不用那麼操勞煩心了",2025/3/2 22:38,"男，1971年11月，台灣中壢出生
餘生很貴，把自己活成一道道心流
當我擁抱著自己，世界就擁抱著我
當我對自己微笑，世界也對我微笑",創傷後壓力,pass,
chao_lian_lee,Chao Lian Lee,"中原文創園區，網民稱為「中壢版華山文創園區」，小時候，這裡是國軍營區，現在與時俱進，注入新元素，改成很棒的地方
中原文創園區(桃園市中壢區忠仁路33號）",2025/2/26 08:34,"男，1971年11月，台灣中壢出生
餘生很貴，把自己活成一道道心流
當我擁抱著自己，世界就擁抱著我
當我對自己微笑，世界也對我微笑",創傷後壓力,pass,
shiihtiing,shiihtiing,"女性身分與自殺的關係
研究發現，女性雖然自殺死亡率較低，但自殺意念與自殺企圖的比率卻顯著高於男性，可能的解釋包括：
1.	心理困擾與內化情緒傾向較高
女性相較男性，更容易呈現憂鬱、焦慮、絕望感等內化型情緒問題，這些情緒正是自殺意念的高風險因子。
2.	社會角色與壓力
女性往往承擔多重角色（如照顧者、職場與家庭之間的拉扯），在資源不足時容易形成慢性壓力，影響生活滿意度與心理健康。
3.	性別化暴力與創傷經驗
女性遭遇性暴力、家暴等經驗的比率較高，這些創傷與 PTSD、邊緣型人格障礙等心理困擾相關，也常見於自殺企圖者。
4.	求助行為與病識感強
女性相對願意表達情緒、就醫與求助，因此自殺意念與自殺企圖「被記錄到」的機率較高。",2025/7/20 09:00,"一名社工（Kamea）
每天發一篇自殺相關文章直到每個人都認識它",創傷後壓力,non_life,
shiihtiing,shiihtiing,"昨天談到急診篩檢自殺風險的重要性，讓我想起過去在不同單位擔任自殺防治社工師與急診社工師的經驗。
我曾接觸過無數自殺個案，也見過許多反覆因自殺行為進出急診的人，有次，我的急診好夥伴(護理師)告訴我：「有個病人在等妳，她昨天就進來了，說很想見妳。」
那是一位那陣子經常進急診的個案，情緒非常不穩，她說：「很少有人會關心我」。聽到我眼淚都快掉下來(嗚嗚嗚)
急診往往是他們與世界最後的連結。",2025/7/19 09:00,"一名社工（Kamea）
每天發一篇自殺相關文章直到每個人都認識它",創傷後壓力,non_life,
shiihtiing,shiihtiing,"為什麼急診與基層診所應進行自殺風險篩檢？
你知道嗎？多數自殺死亡者的最後一次就醫是在急診或基層診所。
事實上，有高達 1/5 的自殺者，在死亡前四週內曾到過急診。
更值得注意的是，即使就診原因不是心理健康問題，像是創傷、酗酒或其他意外，也可能隱含自殺風險，而有精神健康問題就診急診，更是一個明確的預警訊號。
但問題是，在急診中，有近一半篩檢有自殺風險的人，當時並未主動透露有自殺意念。
這些數據強烈提醒我們：
在急診與基層醫療場域，主動篩檢自殺風險是非常關鍵的。
這不只是醫療流程的提升，而是真正可能挽救生命的第一步。",2025/7/18 08:59,"一名社工（Kamea）
每天發一篇自殺相關文章直到每個人都認識它",創傷後壓力,non_life,
shiihtiing,shiihtiing,"當我們談論自殺預測時，一個關鍵事實是，沒有任何單一危險因子能有效預測自殺行為，無論是過去的自殺意念、自殺行為、精神疾病或心理特質，都不足以單獨作為準確預測指標(不過他們都是警訊之一)。
因此研究認為，只有同時評估多項風險因子，並聚焦於即將發生的自殺風險，才有可能顯著提高預測準確率。此外，導致「自殺意念」的原因，與「從意念走向自殺行為」的原因是不同的，像是情緒障礙（如憂鬱症）與自殺意念關聯最強；而恐慌症、創傷後壓力症候群（PTSD）、藥物濫用等則較常與「自殺行為的實踐」有關，特別是與衝動性、自我控制力下降有關。
簡而言之，辨識誰有自殺想法是一回事，預測誰真的會行動是另一回事。",2025/7/17 09:00,"一名社工（Kamea）
每天發一篇自殺相關文章直到每個人都認識它",創傷後壓力,non_life,
shiihtiing,shiihtiing,"與自殺風險相關的社會經濟、環境與其他情境因素
自殺不是單一原因造成的，背後往往有深層的社會與經濟壓力，像是感情破裂、失業、債務、低收入、孤獨感，甚至長期感受到的被排斥與不被理解，都可能慢慢累積成無法承受的重擔，對LGBTQ+族群、少數族裔或曾受霸凌者而言，這樣的壓力更為沈重。
研究也發現，缺乏家庭聯結、社會支持薄弱、或生活在高壓文化中，都會提高自殺風險，而對青少年来說，自殺行為有時可能因模仿或社會傳染而擴散。
另一個不能忽視的重點是，接觸致命手段的便利性，越容易取得致命手段，自殺風險就越高，這提醒我們，許多風險其實是可以透過改變來降低的，雖然無法一夕改變結構壓力，但可以努力創造更多理解、陪伴與安全。",2025/7/16 09:00,"一名社工（Kamea）
每天發一篇自殺相關文章直到每個人都認識它",創傷後壓力,non_life,
shiihtiing,shiihtiing,"當心理痛苦難以承受時，自殺意念與行為可能會出現，心理學研究指出，感受到的歸屬感缺乏、對他人的負擔感增加，以及「習得的能力」（即進行自殺行為的能力）是最初被認為與自殺意念密切相關的因素。
近年來，進一步擴展，加入絕望感、對致命手段的熟悉度等，並更明確地區分影響「意念」與「行為」的因素，除了心理痛苦本身，還有許多會共同作用的部分，包括心理與認知特徵（如問題解決能力受損、記憶偏差、反芻思維），以及近端風險因素（如近期重大挫折、困住感、衝動性、自殺計劃、取得手段的可及性，以及接觸到他人自殺的經驗），這些發現強調，自殺並非單一原因造成，而是多重因素交織影響的結果。",2025/7/15 09:00,"一名社工（Kamea）
每天發一篇自殺相關文章直到每個人都認識它",創傷後壓力,non_life,
shiihtiing,shiihtiing,"如何陪伴自殺者(可能適用於所有人)
其中有一部份是「同理心的了解(empathic understanding)」，當我們能在每一時刻都感覺到對方所體驗的每一種感覺，或體會到他所持有的個人意義，並感同身受；而且當我們也能成功地把這種了解傳達給對方時，便滿足了同理心的了解。
我猜想我們每一個人都曾發現：這種了解在人間非常稀罕，我們難得接受、也難得施予這種了解。相反的，我們能施予別人的了解是很不相同的另一類─「我了解你是哪裡出錯了」、「我曉得你為什麼會有這種表現」、「我也有過你這種經驗，但我的反應和你不一樣」等等，這一類的了解是我們經常接受和施予的，也就是以局外人的立場所做的評價性了解。
─《成為一個人》",2025/7/14 09:00,"一名社工（Kamea）
每天發一篇自殺相關文章直到每個人都認識它",創傷後壓力,non_life,
shiihtiing,shiihtiing,"早期逆境經驗與自殺風險的關聯
早期生活逆境（ELA），如忽略、身體或性虐待，對大腦與心理發展造成深遠影響，這些經驗不僅可能改變大腦結構與功能，還會透過表觀遺傳機制（如DNA甲基化）長期干擾壓力調控系統，使個體對壓力更加敏感。
研究指出，經歷ELA的個體更容易出現情緒調節困難、執行功能缺陷，並發展出內化問題（如焦慮、憂鬱）與外化問題（如衝動、反社會行為），這些人格特質與心理困擾正是與自殺意念與行為密切相關的高危因子。
幼年期的負面經驗可能導致成年後的恐懼性格或攻擊傾向，這些研究強調，童年的創傷不是「過去的事」，而是持續影響心理健康與生存風險的重要因素，預防自殺與促進心理健康，必須從理解並正視早期逆境開始。
好書推薦:《深井效應：治療童年逆境傷害的長期影響》
參考文獻：Turecki, G., Brent, D. A., Gunnell, D., O’Connor, R. C., Oquendo, M. A., Pirkis, J., & Stanley, B. H. (2019). Suicide and suicide risk.",2025/7/13 09:00,"一名社工（Kamea）
每天發一篇自殺相關文章直到每個人都認識它",創傷後壓力,non_life,
shiihtiing,shiihtiing,"社會期待型完美主義與自殺風險的關聯
完美主義類型裡頭有一類形式是社會期待型完美主義，指的是個體認為自己必須達到他人或社會設定的高標準，否則就會被否定、拒絕或看不起，這種壓力常源自父母、師長、同儕，甚至社群媒體的價值框架，當個體長期活在「我必須完美才有價值」的信念中，很容易忽略自己的情感與需要，並陷入無法放鬆的心理狀態。
這類型完美主義與自殺意念和行為之間的關係在於，當期望無法實現時，個體可能產生強烈的失敗感、自我否定，甚至覺得無法被原諒或接受，若缺乏足夠的情緒支持與彈性調適能力，容易感到困境無法逃脫，進而引發絕望與自殺風險。
因此，我們需要重新思考「完美」的定義，接納不完美的自己，並建立能容許脆弱與真實的支持系統，完美不是存在的必要條件，被理解與被接納，才是人心真正的渴望。",2025/7/12 09:00,"一名社工（Kamea）
每天發一篇自殺相關文章直到每個人都認識它",創傷後壓力,non_life,
shiihtiing,shiihtiing,"自殺者通常希望自己沒有自己，意思是指逃離自己想法或感受的需求。
「當然，我們腦海中的想法往往受到外在環境的驅使，但自殺想法的核心驅動因素，往往是內在的，對於其他人而言，這些想法和情緒很難理解，因為他們無形無狀、虛無飄渺，然而，想法和情感並不因為無形體，就較不令人痛苦，正好相反，是更加痛苦。」─《我不是想死，我是想結束痛苦》
這樣的內在困境時常讓人感受到無法逃脫，導致自我的批判想法似乎永無止境，因此我們會說，當某個人嘗試自殺時，是為了消除那些停不下來的負面想法。",2025/7/11 09:00,"一名社工（Kamea）
每天發一篇自殺相關文章直到每個人都認識它",創傷後壓力,non_life,
shiihtiing,shiihtiing,"今日來一個「困境量表」
1.	我常常有一種想逃離的感覺
2.	我覺得無力改變事物
3.	我內心感覺被困住了
4.	我感覺自己在深淵裡，無法逃脫
前兩句陳述評估的是外在困境，後兩句評估的是內在困境。
當自殺者形容內在有一個「黑洞」，通常是指一種非常強烈、深層的心理感受，象徵著以下幾種狀態：情緒的極度空虛與絕望、無法逃脫的吸引力與失控感、孤立和與世界隔絕的感覺、持續的痛苦與沒有出口的壓迫感，「黑洞」是一種深不見底的心理苦痛，讓人失去方向、希望與求生的動力。",2025/7/10 09:00,"一名社工（Kamea）
每天發一篇自殺相關文章直到每個人都認識它",創傷後壓力,non_life,
shiihtiing,shiihtiing,"失控與自殺的關聯─「內在的困境讓人聯想起失去掌控和無助的印象」
我記得在我的生命當中，感覺最失控的狀態，是在研究所撰寫著論文的時候，那時晚上睡覺，我時常會夢到我開著車卻無法煞車，或是夢到被怪獸追趕著等等的意象，我知道對於當時的我來說，生命是無法掌控的、是混亂的，那些夢境裡的焦慮與恐懼幾乎與現實重疊，我時常感到害怕不安、恐懼，也時常想，我會不會就這樣發瘋，若我真的發瘋時，會不會對於身旁的人造成極大的困擾?光想到這些就足以讓我背脊發涼。
我知道這樣的狀態正在一點一滴的侵蝕我的心靈，因此我也做了許多大家說可能有用的方法，諸如冥想、瑜珈、運動等，或是轉移注意力、閱讀、看影片，當然還有找朋友聊天，當時的我知道要變好我需要解決生活中的困境，以及療癒我的內心，而在好幾年後的我也能夠很肯定地說，一切都會變好的。",2025/7/9 09:00,"一名社工（Kamea）
每天發一篇自殺相關文章直到每個人都認識它",創傷後壓力,non_life,
shiihtiing,shiihtiing,"在自殺防治宣導時，我常會向聽眾提出三個問題：
你曾與他人討論過自殺嗎？
你曾接觸過想自殺的人嗎？
你曾想過要自殺嗎？
這三個問題看似簡單，卻能邀請大家去反思自殺議題與自身的連結，之所以會這麼問，是因為希望每個人能夠停下來思考自身如何看待「自殺」這件事情？當面對這樣的問題時，你的情緒是什麼？你會感到害怕、無助、憤怒、逃避，還是同理？你所處的心理狀態與過往經驗，都會影響你對這個議題的理解與回應。
透過這樣的提問，可以邀請大家誠實面對內心感受，進一步提升對自殺議題的敏感度與理解，因為只有當我們願意直視這些問題，承認它們可能就在我們生活周遭，甚至發生在自己身上，我們才能真正學會如何去傾聽、陪伴與支持那些正在掙扎的人(或自己)。",2025/7/8 09:00,"一名社工（Kamea）
每天發一篇自殺相關文章直到每個人都認識它",創傷後壓力,non_life,
shiihtiing,shiihtiing,"「理解自殺風險時，有兩個關鍵結論，首先，對未來抱持積極想法是一件好事，其次，在考慮對未來的積極想法時，重要的是保持務實。這樣一來，即使特定的希望或未來願景無法實現時，也許其他的志向也值得考慮，我們需要更接納自我，更同理我們自身的缺點，並提醒自己每個人都會經歷失敗，這沒關係，這是更加廣泛的人類狀態的一部份。」─《我不是想死，我是想結束痛苦》
更加白話一些，失敗是生活中的常態，我們每個人都會經歷失敗，而且是非常容易發生的，接納失敗是生活的一部份，失敗並不是「可能會發生」，而是「一定會發生，且失敗很正常」。
因此當你失敗時，請不用再花時間責怪自己，我們只要記得「好，下次我會更注意一些，不過如果又失敗，那麼也沒關係，再下一次會更好。」",2025/7/7 09:00,"一名社工（Kamea）
每天發一篇自殺相關文章直到每個人都認識它",創傷後壓力,non_life,
shiihtiing,shiihtiing,"步驟六：確保環境安全
在確保前述五個步驟之後，最後一步是「環境安全」，這是非常關鍵且具有高度合作性的過程，環境安全的重點，在於協助當事人營造一個相對安全、不易促發自我傷害行為的空間。
舉例來說，若當事人表達擔心自己在情緒低落或失控時可能會服藥過量，那麼可以討論是否將藥物暫時交由同住的家人或信任對象保管，又或者，針對刀片、剪刀、繩索等可能造成傷害的物品，也可以協助他們思考是否能將這些東西收納至較不容易取得的位置，例如鎖在抽屜、放置高處，或需要花費時間與精力才能取得的地方。
這樣的安排雖無法完全消除風險，但可以有效「延緩」危險行為的發生，使當事人多出一段時間來重新思考，甚至主動尋求協助。這個過程的重點不是監控或剝奪自由，而是在彼此尊重與合作的前提下，讓危機時刻多一道保護的屏障。",2025/7/6 09:00,"一名社工（Kamea）
每天發一篇自殺相關文章直到每個人都認識它",創傷後壓力,non_life,
emily8802004,鄧格 Emily 🔥,大家可能沒辦法體會焦慮症發作到底是一個什麼樣子的狀態，這裡準確來說指的是廣泛性焦慮症，那是個措不及防地就會陷入一個深不見底的情緒深淵、滿地泥沼的思想迴圈，偶爾併發身理上的毛病，像是胃痙攣、胸悶、心悸、噁心、想吐。所到之處皆了無生機、所聞之事皆無趣乏味、所見之人皆百無聊賴，只想消失躲起來自己一個人處著，屏蔽這世界所有的騷動，甚至連自己喘息的呼吸聲都覺得多餘。什麼也不想做但卻什麼都在想，無止盡的思考、排除、核心、價值、選擇、排序…無限迂迴，重點是你還明知道這道題無解，但你就是沒有辦法控制自己。會好，一段時間後就會突然出現一個光明的逃生出口，這裡不是指因為想出什麼結果而好，是理智線瞬間接回突然就可以‘不想了’做收場。千萬不要對焦慮症的人說不要想那麼多，如同別對憂鬱症的人說想開點，如果可以我們也不想想。,2023/10/16 01:06,"ㆍ文字創作ㅇ業餘調色
ㆍ高敏族HSP ftㆍ焦慮型依附
ㆍ情緒過敏患者ENFJ-T
ㆍ不小心成為GR3ㅣ持有者",廣泛性焦慮症,pass,
emily8802004,鄧格 Emily 🔥,"我回來了。
癱了近五天，我想，我回來了。",2023/10/15 17:10,"ㆍ文字創作ㅇ業餘調色
ㆍ高敏族HSP ftㆍ焦慮型依附
ㆍ情緒過敏患者ENFJ-T
ㆍ不小心成為GR3ㅣ持有者",廣泛性焦慮症,pass,
emily8802004,鄧格 Emily 🔥,"這都不難
難的是我知道我愛你；我也知道你愛我，但我們走不到一起。
現實世界可怕的羈絆如此",2023/10/12 00:23,"ㆍ文字創作ㅇ業餘調色
ㆍ高敏族HSP ftㆍ焦慮型依附
ㆍ情緒過敏患者ENFJ-T
ㆍ不小心成為GR3ㅣ持有者",廣泛性焦慮症,pass,
emily8802004,鄧格 Emily 🔥,"忘記在哪裡看到過一句話（maybe是某個文字創作帳號
：如果那個人是你晚點沒關係
沒有欸
就算那個人是你晚點也不可以
哪來那麼多時間？",2023/10/11 19:05,"ㆍ文字創作ㅇ業餘調色
ㆍ高敏族HSP ftㆍ焦慮型依附
ㆍ情緒過敏患者ENFJ-T
ㆍ不小心成為GR3ㅣ持有者",廣泛性焦慮症,pass,
emily8802004,鄧格 Emily 🔥,該怎麼形容一個女人上了年紀的思想？大概是已經太清楚自己想要的是什麼；不想要的是什麼！自我邊界清晰，在恰如其分的範圍內游走，眼見直搗核心、步步切入要害，畢竟也沒什麼本錢虛耗。對現實世界的感悟太過深刻，少了純真和執著；那種年少輕狂不切實際的衝動和期待，更沒有憧憬；或說難聽一點是幻想。雖然有時還是會糾結這樣子的理性和務實很可怕，把所有的情感和溫柔都凸顯得那樣不存粹，但這應該是歲月給女人的一種最高級的性感！,2023/10/4 15:14,"ㆍ文字創作ㅇ業餘調色
ㆍ高敏族HSP ftㆍ焦慮型依附
ㆍ情緒過敏患者ENFJ-T
ㆍ不小心成為GR3ㅣ持有者",廣泛性焦慮症,pass,
emily8802004,鄧格 Emily 🔥,我在一個只要轉身輕易就能去傷害你和你家人的位置；但我選擇向前走。,2023/10/4 01:36,"ㆍ文字創作ㅇ業餘調色
ㆍ高敏族HSP ftㆍ焦慮型依附
ㆍ情緒過敏患者ENFJ-T
ㆍ不小心成為GR3ㅣ持有者",廣泛性焦慮症,pass,
emily8802004,鄧格 Emily 🔥,三十歲那天無意經過了曾在我生命中短暫出現三年的其中一個家；當初我以為我會嫁進去從此就這樣安安穩穩活過一輩子的家和家人。我坐在副駕低頭修著剛拍好的自拍照，內心沒有太多情緒，睹物但不思人；觸景但不傷情，就只是些微抽動了一下：阿～這裡本熟悉的一切原來早已跟我沒有任何關係了阿。覺得自己特別長情也溫柔，長情指的是念舊且單純只是哀悼與緬懷的那份我的真心，溫柔指的是儘管世界和你待我如何殘忍，我仍選擇只吸收美好的那部分記憶，不攻擊、不謾罵、不詆毀，我並不是還愛；也不是沒有憤怒過，是因為那是我個人的修養；有修養的選擇安然若素。,2023/10/3 19:05,"ㆍ文字創作ㅇ業餘調色
ㆍ高敏族HSP ftㆍ焦慮型依附
ㆍ情緒過敏患者ENFJ-T
ㆍ不小心成為GR3ㅣ持有者",廣泛性焦慮症,pass,
emily8802004,鄧格 Emily 🔥,"回顧這一兩個月我沒有一天是醒著的
（酒醒的醒）
結束環島結束生日月
緊接著後天我又要出國了
如果哪天我猝死了
請別為我難過
我肯定是玩死的不是過勞死
心好累總有一天我一定要會搞死自己
（不EY）",2023/10/3 15:24,"ㆍ文字創作ㅇ業餘調色
ㆍ高敏族HSP ftㆍ焦慮型依附
ㆍ情緒過敏患者ENFJ-T
ㆍ不小心成為GR3ㅣ持有者",廣泛性焦慮症,pass,
emily8802004,鄧格 Emily 🔥,"今天去全身油壓2hr
剛剛吞了一顆肌肉鬆弛劑
暫時結束這回合
現在3.26
滿身是傷的我要睡了
晚安。",2023/10/2 03:27,"ㆍ文字創作ㅇ業餘調色
ㆍ高敏族HSP ftㆍ焦慮型依附
ㆍ情緒過敏患者ENFJ-T
ㆍ不小心成為GR3ㅣ持有者",廣泛性焦慮症,pass,
ianciasmoo,陽下死木,有畫就發……,2025/11/30 23:33,"畫畫的
這裡會自言自語，只想看畫畫的話可以看我ig就好",廣泛性焦慮症,pass,
ianciasmoo,陽下死木,原本沒有想哭的，但是醫生一開口我就哭了,2025/11/30 21:21,"畫畫的
這裡會自言自語，只想看畫畫的話可以看我ig就好",廣泛性焦慮症,pass,
ianciasmoo,陽下死木,在家翻到乾燥花，就畫了,2025/11/30 12:00,"畫畫的
這裡會自言自語，只想看畫畫的話可以看我ig就好",廣泛性焦慮症,pass,
ianciasmoo,陽下死木,自己做了美甲（圖案是貼指甲貼紙的）,2025/11/27 11:59,"畫畫的
這裡會自言自語，只想看畫畫的話可以看我ig就好",廣泛性焦慮症,pass,
yenchizz,Christie,"多年來飽受焦慮症和恐慌症的折磨，不一定會有特定原因發作，嚴重的時候腦袋會有不屬於自己的聲音和自己對話，有時又安靜到以為自己已經痊癒
以下是個人經歷過的各種形態 如果你也有類似狀況 需要盡早接受醫療幫助
1. 無預期性恐慌發作
無明確因素的突然頭暈、冒冷汗、心悸、失去現實感、麻木、突然會想要躲起來，極度緊張害怕不安全感、想像到外界因素要靠近傷害自己。通常在5分鐘內達到高峰，30分鐘左右緩解。
2. 情境關聯性恐慌發作
某些地方/事件/觸發條件的時候會特別害怕，例如在電梯裡面會想要奪門而出、看到巨大的水庫會有強烈恐懼、看到廟會會緊張到手一直抖、四肢無力想吐冒冷汗。通常離開主要觸發條件就會立刻緩解。
3. 情境促發性恐慌發作
情緒壓力/焦慮狀態到達頂點後會開始失去現實感，起初情緒會很冷靜、強烈發抖，再來會失去語言能力、自言自語、看著自己的雙手但意識分離、大哭的時候伴隨強烈的大笑（兩者不會分開）、一旦發作到達頂峰會無法控制的尖叫，隨後又會自我懷疑是不是發瘋了（被焦慮感拉回理智）、來回走動。通常在20分鐘內達到高峰，高峰會持續1小時左右，接下來憂鬱/焦慮/恐慌會輪流出現長達24小時。",2025/8/20 23:16,"UW ｜ NTUA
這裡就是想發各種好看照片",廣泛性焦慮症,not_enough_posts,
talk.with.welly.dr,黃偉俐,"#腦子有病 15 #廣泛性焦慮症 1
廣泛性焦慮症，是我認為最多人會得的病之一。
它的根本原因來自「焦慮中樞的過度反應」。
當我們面對壓力或威脅時，焦慮中樞會啟動，
讓我們保持警覺、應對危險。
但當壓力長期存在，
焦慮中樞就會「卡住」——
讓焦慮、擔心變成日常，無法控制。
患者會覺得自己「想太多」、
「睡不好」、「人際關係變差」。
這不是個性問題，而是腦部的反應失衡。
以前精神科醫師人少、藥也少，
多半只能治重症：精神分裂、躁鬱、重度憂鬱。
但現在醫療資源足夠，
廣泛性焦慮症的治療也越來越精準，
只是還是有治療方法跟不上時代。
#廣泛性焦慮症 #焦慮症 #精神健康 #心理教育 
#黃偉俐醫師 #焦慮中樞 #身心科 #現代壓力",2025/10/20 19:09,"精神科專科 黃偉俐醫師
台大醫學系｜美國心理學碩士｜輔大臨床講師
專長｜失眠、憂鬱、焦慮、睡眠障礙、自律神經失調
頻道｜心理 x 職場 x 關係日常分享
著作｜《失眠勿擾》《勇敢告別心魔》《防不勝防的卑鄙大人》
​
📍黃偉俐診所｜天津街37號2樓
📍偉俐民生診所｜龍江路245號",廣泛性焦慮症,business,
talk.with.welly.dr,黃偉俐,抽獎名單出爐啦~~~快來看看自己有沒有幸運獲獎,2025/10/15 15:48,"精神科專科 黃偉俐醫師
台大醫學系｜美國心理學碩士｜輔大臨床講師
專長｜失眠、憂鬱、焦慮、睡眠障礙、自律神經失調
頻道｜心理 x 職場 x 關係日常分享
著作｜《失眠勿擾》《勇敢告別心魔》《防不勝防的卑鄙大人》
​
📍黃偉俐診所｜天津街37號2樓
📍偉俐民生診所｜龍江路245號",廣泛性焦慮症,business,
talk.with.welly.dr,黃偉俐,"黃偉俐醫師的心靈診療室之饒了精神科醫生吧！我們不是神！
許多人都對精神科醫生抱有很多幻想，這次來和大家聊聊精神科醫生並不是您想像中的那樣......
#黃偉俐醫師 #心靈診療室 
#醫師的真心話",2025/10/15 13:43,"精神科專科 黃偉俐醫師
台大醫學系｜美國心理學碩士｜輔大臨床講師
專長｜失眠、憂鬱、焦慮、睡眠障礙、自律神經失調
頻道｜心理 x 職場 x 關係日常分享
著作｜《失眠勿擾》《勇敢告別心魔》《防不勝防的卑鄙大人》
​
📍黃偉俐診所｜天津街37號2樓
📍偉俐民生診所｜龍江路245號",廣泛性焦慮症,business,
talk.with.welly.dr,黃偉俐,"一起來看看免費線上講座吧！
youtu.be/eLr22…",2025/10/7 13:45,"精神科專科 黃偉俐醫師
台大醫學系｜美國心理學碩士｜輔大臨床講師
專長｜失眠、憂鬱、焦慮、睡眠障礙、自律神經失調
頻道｜心理 x 職場 x 關係日常分享
著作｜《失眠勿擾》《勇敢告別心魔》《防不勝防的卑鄙大人》
​
📍黃偉俐診所｜天津街37號2樓
📍偉俐民生診所｜龍江路245號",廣泛性焦慮症,business,
meta_mind_md,MetaMindMD,"【為什麼累到不行，還是睡不著？】
很多人準備睡覺時，明明身體已經很累，腦袋卻一個念頭接著一個念頭湧現。焦慮、後悔、自責，輾轉難眠。
如果你也常在夜裡被思緒困住
可以試試以下這幾個方法，讓腦袋「安靜下來」：
一、閱讀
選擇一本不太刺激、語氣平穩的書
讓文字帶你離開內心的雜訊
二、寫下來或說出來
別讓想法在腦中打轉
起身用筆寫下來，或對著ChatGPT說出來，不要讓它在腦中盤旋
三、靜坐或冥想
不是要你腦袋放空，而是學習看見思緒來去
你不是那些想法，你只是個旁觀者
四、深呼吸練習
將注意力帶回呼吸
慢吸、慢吐，讓副交感神經接手，放鬆身心
還有兩個進階技巧，是我常建議病人使用的：
五、心理散步
閉上眼，在腦中走一趟熟悉的路
從家門口出發，經過熟悉的轉角、巷弄
細節越多越好，讓大腦有事可做，就不會胡思亂想
六、身體掃描
從頭到腳（或從腳到頭）一節一節慢慢感覺身體
掃過每一塊肌肉，每一寸皮膚
把注意力從腦袋，帶回身體
安眠不是控制思緒，而是學會與它們共處
真正的安靜，不是外在沒有聲音
而是內心有了空間。",2025/5/4 15:52,"🧠 精神科專科醫師｜壓力 × 睡眠 × 情緒修復  
❤️ 專注於身心疾病的藥物、非藥物治療
🌿 探索精神醫學、腦科學、心理學在生活的應用
📍 Taiwan-based psychiatrist",廣泛性焦慮症,business,
meta_mind_md,MetaMindMD,"曾經有病人問:「醫師，我沒有思覺失調，為什麼開樂途達給我?」
樂途達，學名 Lurasidone，商品名Latuda。
它是一種非典型抗精神病藥，主要用來治療兩種狀況：思覺失調，以及第一型雙極性情感障礙的憂鬱發作。
但這類藥物也不是沒有代價。
常見副作用包括：嗜睡、靜坐不能、帕金森樣症狀、失眠、噁心、血糖升高。也有機率出現肌張力障礙、焦慮、頭暈或體重增加等問題。
少數但嚴重的副作用像是神經阻斷劑惡性症候群、遲發性運動障礙、自殺風險增加、癲癇、甚至在老年失智患者中可能引發中風。
這類藥品不建議用於老年失智相關精神病，會增加死亡風險。而且與某些藥物併用，像是紅黴素或利福平，也可能干擾代謝，必須避開。
服藥時還有個關鍵細節：一定要「跟食物一起吃」。至少 350 大卡的食物，才能確保藥效吸收。
這類藥使用時應密切監測身體狀況，尤其是血糖、血脂與體重變化。如果你或你身邊的人正使用這類藥物，別忽略任何異常反應。
這不是讓你恐慌，而是讓你用資訊做決定。",2025/5/4 12:21,"🧠 精神科專科醫師｜壓力 × 睡眠 × 情緒修復  
❤️ 專注於身心疾病的藥物、非藥物治療
🌿 探索精神醫學、腦科學、心理學在生活的應用
📍 Taiwan-based psychiatrist",廣泛性焦慮症,business,
meta_mind_md,MetaMindMD,"【不花錢的心理療癒：只要一張紙、一枝筆】
在螢幕前忙碌一整天的你，多久沒拿筆寫字了？
醫學研究證實，書寫心情日誌能有效紓壓，減少憂鬱與焦慮的發生。
日誌書寫不是單純的情緒抒發，更是一種自我探索工具。它能幫助我們釐清情緒、辨識觸發點、提升自我覺察力。這不是隨便寫寫，而是一個有方法、有目標的內在對話。
我推薦五種實用的書寫練習：
1.自我反思:寫下最近犯的錯是什麼，從中學到了什麼，不是責備，而是成長。
2.情緒覺察:回想一個你曾感到強烈情緒的情境，問問自己，究竟是什麼讓你有這種感覺。
3.感恩練習:每天寫下三件讓你感動的小事，培養正向思考與心理韌性
4.寫信給自己: 想像你在安慰一位摯友，然後用同樣的語氣，寫一封信給自己，這是溫柔的自我關懷。
5.辨識思考模式: 透過書寫，你能發現重複出現的情緒觸發點與行為模式，幫助你從慣性的情緒漩渦中抽離，做出更清醒的選擇。
書寫的關鍵從來不是文筆，而是持之以恆。日誌是一趟慢慢累積的旅程，讓你逐漸理解自己，也學會照顧自己。
最後留一個問題給你，你心中是否也藏著某個總是避而不談的情緒或念頭？也許，真正的釋放與理解，就從寫下它開始。",2025/5/4 10:17,"🧠 精神科專科醫師｜壓力 × 睡眠 × 情緒修復  
❤️ 專注於身心疾病的藥物、非藥物治療
🌿 探索精神醫學、腦科學、心理學在生活的應用
📍 Taiwan-based psychiatrist",廣泛性焦慮症,business,
meta_mind_md,MetaMindMD,"【情緒正在下沉的你，需要這篇自救指南】
憂鬱不是突然發生的。它像一個慢慢收緊的漩渦，從你沒注意的小細節開始。一開始只是累、悶、煩，久了以後，就走不出來。
要預防憂鬱，是打造一種「對大腦友善的生活方式」：
-規律睡眠
-均衡飲食
-每週三次運動
-與人互動
-做有意義感的事情(ikigai)
憂鬱的警訊，不是DSM-5診斷標準，而是一些微小變化：
-容易疲倦
-不想說話、失去熱情
-睡不好
-腦袋變不靈光
-對聲音敏感
當警訊出現，紓壓的方式沒有標準答案，你可以試試
-正念冥想
-每天走路二十分鐘
-心理諮商
-唱歌或聽音樂
-伸展瑜珈
-芳香療法
-喝花茶(例如，洋甘菊茶)
-看展覽
也可以考慮營養補充，例如茶胺酸、鎂、GABA、褪黑激素、魚油。但請諮詢營養師使用劑量和時機。
如果你已經做了很多努力，還是感覺情緒下沉，甚至影響到生活、工作、人際，請盡快就醫。
藥物對超過一半的憂鬱個案有效。若需要，也有非藥物的治療方式，例如rTMS、ECT等選擇。
憂鬱是一場長期戰役，但你不是沒有選擇。你可以學會照顧自己，也值得被照顧。
關注我，學習如何用精神醫學、腦科學，讓生活更好。",2025/5/2 18:06,"🧠 精神科專科醫師｜壓力 × 睡眠 × 情緒修復  
❤️ 專注於身心疾病的藥物、非藥物治療
🌿 探索精神醫學、腦科學、心理學在生活的應用
📍 Taiwan-based psychiatrist",廣泛性焦慮症,business,
meta_mind_md,MetaMindMD,"【每個月的情緒波動，不是妳太敏感，而是大腦在發出訊號】
「經前總是情緒不好、易怒」「連工作、人際都受到影響」
如果這些情況妳每個月都在經歷，
那可能不是普通的經前症候群，而是PMDD
【什麼是PMDD】
PMDD，全名「經前不悅症」，
是一種被列入《精神疾病診斷準則DSM-5》的情緒障礙
不是個性問題，而是大腦對荷爾蒙變化的敏感反應。
【5個問題，幫妳判斷是否是PMDD】
經前是否出現憂鬱、焦慮、暴怒，無法控制？
這些情緒是否每個月規律出現在生理期前一週左右？
這些情緒是否在生理期之後很快減退?
是否有失眠、疲倦、食慾不佳等問題
是否有連續追蹤兩個月以上的症狀?
【幾個常見誤解，一定要釐清】
「只是情緒不好，誰不會有」
→ 錯，這是神經生理問題，不是忍耐就好。
「沒有身體不適就不是PMDD」
→ 錯，情緒才是主症，與身體疼痛無關。
「吃抗憂鬱劑很可怕，要天天吃」
→ 錯，只需在黃體期（排卵後）短期使用即可。
「這種狀況很少見，我應該沒有」
→ 錯，全球3–8%的女性都有，很多人只是還沒被診斷。
如果妳每個月都在跟情緒搏鬥，
這不是太敏感，而是需要被「理解」與「正視」",2025/5/1 23:02,"🧠 精神科專科醫師｜壓力 × 睡眠 × 情緒修復  
❤️ 專注於身心疾病的藥物、非藥物治療
🌿 探索精神醫學、腦科學、心理學在生活的應用
📍 Taiwan-based psychiatrist",廣泛性焦慮症,business,
meta_mind_md,MetaMindMD,"【高敏感有兩種，含意與狀態差異很大】
我有很多憂鬱與焦慮的病人，除了情緒困擾，還經常出現一種特殊症狀：對環境噪音過度敏感。有些人，平常是充滿耐心的父母，但在憂鬱焦慮後，聽到家裡孩子的喧鬧聲，竟然會感到氣憤，甚至想責罵孩子。也有些人，平時喜歡和同事聊天打屁，但在得了憂鬱焦慮後，聽到同事的談笑聲，會感到極度煩躁，想逃離到一個安靜的地方。經過治療後，這類症狀通常會有所改善。
然而，還有一群人，也會感到敏感，但他們卻能高效地工作、冷靜處理問題。他們對外界訊息的敏感度高，卻具備敏銳的洞察力，能夠冷靜且專注，迅速辨別哪些訊息是重要的、哪些是緊急的，並且運用如「刪除、委派、執行、延後、自動化、批次處理」等方法有效管理問題。
一種是sensitive，一種是sharp。我們需要學習的，是避免被壓力淹沒，在忙亂中保持冷靜跟敏銳。正如我之前提到的，避免憂鬱症的關鍵之一，是優化我們的身體與大腦功能，使我們的身心靈在混亂中依然能保持前行。",2025/5/1 20:09,"🧠 精神科專科醫師｜壓力 × 睡眠 × 情緒修復  
❤️ 專注於身心疾病的藥物、非藥物治療
🌿 探索精神醫學、腦科學、心理學在生活的應用
📍 Taiwan-based psychiatrist",廣泛性焦慮症,business,
meta_mind_md,MetaMindMD,"【深度解鎖憂鬱症，會幫助你的生活更好 】
你以為憂鬱症只是心情不好?  還是想太多? 其實，它是「整個系統」的崩潰。
避免系統崩潰，讓它高效運作，是幸福生活的關鍵。
我在教醫學生時，大家都能背出 DSM-5 裡的9個診斷準則。
但這只是表面。真正的憂鬱症，是從情緒、身體、思考、行為，到整個人際關係系統，全都「卡住」。
從症狀來看，憂鬱可以分成三大類：
-情緒症狀：情緒低落、提不起興趣
-身體症狀：疲倦、食慾改變、失眠、身體痠痛
-認知症狀：注意力不佳、記憶力變差、自責、絕望、自殺想法
但這些，其實只是表象
真正的核心是：憂鬱症，是一種「多模態系統崩潰」
想像你是一台超高科技的機器，裡面有五個關鍵系統：
-生理系統：神經傳導、荷爾蒙、大腦運作
-認知系統：思考、決策、注意力
-情緒系統：情感調節、自我認同
-社交系統：人際連結、親密互動
-行為系統：作息、運動、日常動力
憂鬱症，不只是壞了一個零件，是整台系統都斷線了
這不是不夠努力，
只是這台複雜珍貴的機器，需要被好好修復。
不是「打起精神」就能好，而是需要全面重啟。
關注我，了解如何用精神醫學、腦科學，讓生活更好。",2025/5/1 11:49,"🧠 精神科專科醫師｜壓力 × 睡眠 × 情緒修復  
❤️ 專注於身心疾病的藥物、非藥物治療
🌿 探索精神醫學、腦科學、心理學在生活的應用
📍 Taiwan-based psychiatrist",廣泛性焦慮症,business,
meta_mind_md,MetaMindMD,"一位中年女性，一年前來門診找我，主訴工作壓力大，經常心跳加速、胸悶，脖子發涼。在密閉擁擠空間特別不舒服，例如搭高鐵或遇上塞車時，會極度焦躁、想逃離。她因此從不敢搭飛機，擔心自己在空中發作，無處可逃。她說，這是人生最大的遺憾。
我診斷她為恐慌症，安排藥物與心理治療，使用血清素藥物與抗焦慮藥，效果明顯。她說：「吃了血清素的藥，好像把悲傷跟緊張的開關關掉了。」雖然偶爾仍會焦慮，但比起以前，已能穩定工作與生活。
我鼓勵她嘗試搭飛機，只要事前準備好，上機前服用預防性藥物，通常能順利度過。
三個月前，她人生第一次飛往台灣東部，順利完成旅程，信心大增。這個月，她安排了去日本的旅行。回診時她分享：「終於出國了，人生少一個遺憾。這次旅程只有去程時背部有點發涼，吃了藥後就好了。」說到這裡，她笑著問我：「醫師，妳覺得我接下來可以去哪一個國家旅行？」
那一刻，我知道，她已經從「害怕恐慌症」變成「期待下一趟旅程」的人。恐慌症不代表人生就此受限。透過正確的診斷、合適治療與漸進式的自我挑戰，人生就會重新打開。
如果你或家人，遇到了困境或身心困擾，找出問題，思考解法，形成正向循環，生活就會慢慢開闊起來。",2025/4/30 19:12,"🧠 精神科專科醫師｜壓力 × 睡眠 × 情緒修復  
❤️ 專注於身心疾病的藥物、非藥物治療
🌿 探索精神醫學、腦科學、心理學在生活的應用
📍 Taiwan-based psychiatrist",廣泛性焦慮症,business,
meta_mind_md,MetaMindMD,"【緊張時只會深呼吸？教你一招更快冷靜的方法！】
我有很多焦慮症的病人，隔天如果有事，前一晚就開始緊張，甚至會失眠。也有很多人，要上台報告前，內心緊張到心跳加速、冒汗。
阻礙我們前進的，常常不是缺乏努力，而是過度思考和提前煩惱。
焦慮時，很多人直覺反應是：我應該對自己說 :「放輕鬆，不要緊張」
但結果呢？越想，陷得更深。
原因在於，事件啟動了杏仁核，大腦中負責生存本能的部分。
一旦它接管，思考就會進入「戰鬥、逃跑、僵住」的本能模式。
這時，理性是無法介入的。
所以，試圖說服自己冷靜，通常只會徒增內耗。
要讓杏仁核冷卻，我們需要安全感跟減少過度思考。
那該怎麼辦？
有一個來自神經科學的技術，可以解套 : 撫觸減壓法 ( Havening )
它的運作方式很簡單
1.觸摸：來回輕撫手臂、臉頰或手掌，促進大腦釋放 Delta 波，帶來放鬆
2.分心活動：一邊觸摸，一邊從1數到20、哼歌、英文字母從A唸到Z，佔用工作記憶，打斷焦慮的迴圈
這種方法，能直接安撫杏仁核，讓大腦重新建立安全感。
它不需要藥物，可以自行在家練習，在情緒不穩時快速恢復平靜。",2025/4/29 18:23,"🧠 精神科專科醫師｜壓力 × 睡眠 × 情緒修復  
❤️ 專注於身心疾病的藥物、非藥物治療
🌿 探索精神醫學、腦科學、心理學在生活的應用
📍 Taiwan-based psychiatrist",廣泛性焦慮症,business,
meta_mind_md,MetaMindMD,"我講了很多憂鬱症，有讀者希望我也說說躁鬱症。以下是【躁鬱症懶人包】
1. 躁鬱症是情緒調節失常，情緒在躁與鬱之間劇烈擺盪
2. 第一型躁鬱症有明顯躁症，第二型以輕躁和重鬱為主
3. 循環型躁鬱症是輕躁與輕鬱交替，至少持續一年以上
4. 診斷靠精神科問診，無法單靠抽血或腦掃描確認。
躁症發作表現
1. 情緒高昂、易怒且情緒變化快
2. 話多、跳躍快速
3. 誇大或自認超能力、特殊身份的妄想
4. 注意力短暫、易分心，容易忽略危險
5. 衝動行為：爆買、性衝動、賭博
躁鬱症治療
1. 首選藥物是情緒穩定劑，如鋰鹽、帝拔癲、癲通、樂命達
2. 嚴重躁期時可合併使用抗精神病藥
3. 鬱期時可輔助使用抗憂鬱劑，但必須小心誘發躁期
4. 第二代抗精神病藥有時可同時幫助躁期與鬱期控制
5. 可考慮使用長效針劑，讓病情更穩定
6. 完整治療通常需持續數年，部分患者需要長期維持用藥
7. 首次發作後，沒有繼續治療，80%會再復發，所以建議長期治療，但可與醫師討論精簡藥物",2025/4/28 17:57,"🧠 精神科專科醫師｜壓力 × 睡眠 × 情緒修復  
❤️ 專注於身心疾病的藥物、非藥物治療
🌿 探索精神醫學、腦科學、心理學在生活的應用
📍 Taiwan-based psychiatrist",廣泛性焦慮症,business,
meta_mind_md,MetaMindMD,"【抗憂鬱藥甚麼時候可以停用?】
有讀者說抗憂鬱藥吃了很多年，不是我說的6-9個月。
其實，憂鬱症的治療，要分成三個階段，一步一步來。
一、急性期治療（約1～3個月）
目標是讓症狀明顯改善
初期每1～2週回診一次，觀察藥效與副作用
若足量使用4～8週後無明顯改善，需考慮換藥或加藥
二、持續期治療（約3～9個月）
目標是預防「復發」，也就是同一次發作的症狀又回來。
持續使用急性期成功的藥物與劑量
即使症狀緩解，也至少持續治療6個月
定期門診追蹤，每1～3個月一次
三、維持期治療（9～12個月以上）
目標是預防「再發」，也就是新的憂鬱發作。
適合對象包括：
曾經三次以上憂鬱發作
發作持續超過2年
有明顯殘留症狀
部分患者可能需要長期，甚至終身治療
如果考慮停藥，也有原則：
減藥要緩慢，通常歷時幾週到幾個月
【額外提醒】
初次使用抗憂鬱藥反應率約50–60%
若連續兩種以上抗憂鬱藥治療無效，則屬「治療困難型憂鬱症（TRD）」
此時可考慮加藥或換藥，或使用非藥物治療，如rTMS 或 ECT
💞 憂鬱症的治療，是馬拉松，不是百米衝刺",2025/4/28 12:37,"🧠 精神科專科醫師｜壓力 × 睡眠 × 情緒修復  
❤️ 專注於身心疾病的藥物、非藥物治療
🌿 探索精神醫學、腦科學、心理學在生活的應用
📍 Taiwan-based psychiatrist",廣泛性焦慮症,business,
meta_mind_md,MetaMindMD,"【7個你想知道的抗憂鬱劑真相】
如果你或家人，陷入憂鬱，打算服用抗憂鬱劑，你應該要知道:
1.抗憂鬱劑的效果，不只是來自藥物本身:
研究發現，當人們正在接受治療時，光是這份信任與期待，就能激發大腦開始改變
2.抗憂鬱劑不只是「調整大腦化學物質」: 抗憂鬱劑能刺激大腦中的神經滋養因子，促進神經細胞的新生與連結
3.抗憂鬱藥物有沒有副作用？
有，像腸胃不適、性功能障礙、出汗。但多數副作用是暫時的，隨著時間或調整劑量，通常可以緩解
4.服用抗憂鬱劑後，多久會開始見效？
2到4週內會有初步改善，像是睡眠變好、情緒穩定一些。若沒有明顯改善，我們會增加輔助藥物，或是換藥
5.抗憂鬱劑會不會讓人上癮？
抗憂鬱劑並不會成癮，它們是幫助大腦重新恢復平衡
6.一旦開始吃藥，就必須吃一輩子嗎?
多數人在完整治療後，約6-9個月，可以在醫師指導下逐步停藥
7.吃藥之外，還可以做什麼，幫助自己更好？
穩定睡眠、規律運動、均衡營養、情緒表達、壓力調適、人際互動、心理治療，每一項，都是重要的力量
憂鬱症是大腦暫時功能失調，抗憂鬱劑是幫助大腦恢復平衡。不必因為擔心，而錯失恢復的機會。",2025/4/27 16:06,"🧠 精神科專科醫師｜壓力 × 睡眠 × 情緒修復  
❤️ 專注於身心疾病的藥物、非藥物治療
🌿 探索精神醫學、腦科學、心理學在生活的應用
📍 Taiwan-based psychiatrist",廣泛性焦慮症,business,
meta_mind_md,MetaMindMD,"身為精神科醫師，我深知運動對於身心健康、工作效率的好處。
我通常每天都盡量找時間運動，然後伏地挺身60次。
今天去參加了研討會，回來後懶人症發作，上網看看新聞、滑Threads、看電子書，不知不覺就快晚上9:00，還覺得有點想睡。
我通常都告訴病人9:00後不要劇烈運動，這樣反而容易失眠。
我告訴自己，那就先做伏地挺身30次好了。結果到了30次後，我並沒有停下，結果就繼續做到60次了。
寫這個不是廢文，它結合了數學的【Bootstrapping】跟精神醫學的 【Behavior activation】的概念。
【Bootstrapping】
意涵：從自身已有的資源、小樣本、小數據，透過反覆抽樣或自我推進，來估計更大的整體特性或結果。
核心：自我放大、自我生成、微小起點的累積擴展。
【Behavior activation】
意涵：在情緒低落（如憂鬱）時，不靠內在動機，而是主動安排行動（即使不想做也做），行動本身會逐漸改善情緒與動機。
核心：先行動，用小行動帶動正向循環。
我也經常鼓勵病人，憂鬱沒有動力的時候，至少在家裡走走或做簡單家事。
要爬一座山，跨出第一步，就會想繼續走。",2025/4/26 22:31,"🧠 精神科專科醫師｜壓力 × 睡眠 × 情緒修復  
❤️ 專注於身心疾病的藥物、非藥物治療
🌿 探索精神醫學、腦科學、心理學在生活的應用
📍 Taiwan-based psychiatrist",廣泛性焦慮症,business,
meta_mind_md,MetaMindMD,"【從自我否定到自我接納，只差一個問句】
門診中，一位年輕女生來找我。
因為學校報告被老師退回，她覺得很沮喪。
反覆回想 :「我真的很差勁」
情緒低落、睡不好，甚至想要傷害自己。
我問她：「那如果是妳妹妹，也遇到一樣的事，妳會怎麼說？」
她愣了一下，說：「我會安慰她啊……只是報告被退，不需要傷害自己。」
我接著問：「那，為什麼妳對自己這麼狠？」
她沉默了，眼眶紅了。
憂鬱症的病人，因為大腦神經傳導物質改變，容易出現負面跟悲觀想法，對自己比對別人更苛刻。
這也是我經常用的一種對話方法。
在專業上，這種技巧叫做：
- Perspective-Taking（換位思考）
- Self-Distancing（心理距離）
- Self-Compassionate (自我憐憫）
讓個案跳脫「自責者」的視角，
從「旁觀者」或「關心者」的角度去看自己，
你也可以試試：
下次情緒低潮時，
問問自己：「如果今天是我最愛的人，遇到這樣的事，我會怎麼對她說？」",2025/4/26 09:15,"🧠 精神科專科醫師｜壓力 × 睡眠 × 情緒修復  
❤️ 專注於身心疾病的藥物、非藥物治療
🌿 探索精神醫學、腦科學、心理學在生活的應用
📍 Taiwan-based psychiatrist",廣泛性焦慮症,business,
meta_mind_md,MetaMindMD,"【每天要睡多久才正常？】
我的門診病人，每天睡眠時間，從2-3小時，到13小時都有，而他們多半醒著的時候，還可以正常生活。特斯拉老闆馬斯克也說，他每天睡6小時就夠。所以，每天要睡多久才正常? 其實睡眠時間每個人差異很大。
以下是年齡與平均睡眠時間：
青少年：8～10 小時
成人：7～9 小時
老年人：7～8 小時
但別被數字困住。關鍵不只是「幾小時」，而是：
早上醒來有沒有覺得有精神？
白天有沒有打瞌睡或容易疲倦?
做事會不會注意力不集中？
年紀較大的人，睡眠需求，並不會因年長大幅減少。只是，隨著年齡，睡眠型態會改變：
入睡時間提早;  睡得比較淺，容易醒; 夜間醒來次數增加。
這些變化，不是因為睡眠需要變少，而是生理節律與睡眠品質改變了。",2025/4/25 14:40,"🧠 精神科專科醫師｜壓力 × 睡眠 × 情緒修復  
❤️ 專注於身心疾病的藥物、非藥物治療
🌿 探索精神醫學、腦科學、心理學在生活的應用
📍 Taiwan-based psychiatrist",廣泛性焦慮症,business,
meta_mind_md,MetaMindMD,"【「自律神經失調」在精神科診斷裡，叫什麼？】
你可能聽過這句話：
我最近常心悸、頭暈、睡不好、腸胃不適，檢查都正常，醫生說是自律神經失調。
但在精神醫學的診斷手冊 DSM-5 裡，其實找不到「自律神經失調」這個名稱。那它該歸類在哪裡？
從精神科角度來看，「自律神經失調」常是一連串壓力引發的身體反應。
這些現象，在 DSM 有幾個可能的對應診斷：
1.、身體症狀症（Somatic Symptom Disorder）
身體不舒服持續，檢查都正常，但仍反覆擔心健康。
2.、焦慮症（Anxiety Disorders）
焦慮不只會出現在腦中，也會透過自律神經表現在身體上。
3、恐慌症（Panic Disorder）
突發性心悸、喘不過氣、胸悶、發麻、頭暈。
4. 其他還有 疾病焦慮症（Illness Anxiety Disorder）、功能性神經症狀障礙（Functional Neurological Symptom Disorder）。
為什麼我們還是說「自律神經失調」？
這是台灣文化裡，這是一種比較容易說出口的苦。
比起直接說焦慮或憂鬱，大家更能接受這個說法。",2025/4/25 13:00,"🧠 精神科專科醫師｜壓力 × 睡眠 × 情緒修復  
❤️ 專注於身心疾病的藥物、非藥物治療
🌿 探索精神醫學、腦科學、心理學在生活的應用
📍 Taiwan-based psychiatrist",廣泛性焦慮症,business,
meta_mind_md,MetaMindMD,"【風雨中快凋謝的花朵，如何再次綻放】
我照顧過一位憂鬱症的病人。
因為課業與感情的雙重打擊，想要結束生命。 初次見面時，情緒低落到不吃不喝，虛弱到走路都需要人攙扶。
我為她開立藥物，改善動力與食慾，也帶著她一步步練習： 怎麼辨認情緒、怎麼用接納跟轉念來取代責備， 怎麼在痛苦中，找到一點點願意前行的力量。
那幾週，她慢慢好轉：開始能進食，能自己走路。 但有時，還是會想自傷。
我們繼續陪伴她，強化情緒調節的技巧。 直到有一天，她對我說： 「我最近很喜歡畫畫，也開始做一些手作，覺得自己又找回一些夢想，想要考乙級證照。」
我總是把這樣的病人，想像成風雨中快凋謝的花朵。 而我，是努力守護她們的園主。 身邊的護理師、心理師、職能治療師與社工，是協助她們復原的園丁。
經過一場暴風雨， 有些花會再次抬頭，繼續向陽而生。",2025/4/23 17:30,"🧠 精神科專科醫師｜壓力 × 睡眠 × 情緒修復  
❤️ 專注於身心疾病的藥物、非藥物治療
🌿 探索精神醫學、腦科學、心理學在生活的應用
📍 Taiwan-based psychiatrist",廣泛性焦慮症,business,
meta_mind_md,MetaMindMD,"【AI 跟真人醫師互比，結果令人震驚】
2025年4月，發表在全球頂尖期刊《Nature》的研究，指出AI比真人醫師更會溝通、更有同理心。研究標題叫做〈Towards conversational diagnostic artificial intelligence〉。
研究人員開發了一個叫做 AMIE 的人工智慧系統，來模擬醫生問診的對話。它不只是回答問題，而是像真正的醫生一樣，一邊問你狀況，一邊推理出你可能得了什麼病，然後給出診斷建議。
為了測試這個 AI 的能力，研究團隊設計了一場實驗，找來 20 位真正的醫生，還有 159 個模擬病人，用文字聊天的方式進行看診，然後請專業醫師和病人來評分誰比較好。
結果很驚人：
- AI在多數情況下，比人類醫師還更準確地診斷出疾病。
- 在溝通、理解、表達關心這些面向上，病人也覺得AI 比醫生更好。
當然，它也有一些限制，比如這次的實驗是用打字聊天的方式，跟現實生活面對面看診不太一樣；還有 AI 對一些語言程度比較低的病人表現沒有那麼好。
在真正大規模應用之前，也還需要更多安全、倫理的考慮。",2025/4/23 11:30,"🧠 精神科專科醫師｜壓力 × 睡眠 × 情緒修復  
❤️ 專注於身心疾病的藥物、非藥物治療
🌿 探索精神醫學、腦科學、心理學在生活的應用
📍 Taiwan-based psychiatrist",廣泛性焦慮症,business,
yuing_2728,小昱心語療癒｜舒緩放鬆,"今天跟身心科學長聊天才知道
研究發現
原來焦慮和憂鬱症本質上很相近
都是大腦血清素不足
差別在：
「憂鬱症 是受困於 過去」
「焦慮症 是執著於 未來」",2025/8/31 20:42,"🪖2年軍旅生涯逃離小型社會
自媒體｜深層舒壓｜溫罐
✉️預約心靈諮詢請私訊IG",廣泛性焦慮症,business,
yuing_2728,小昱心語療癒｜舒緩放鬆,"老師曾經告訴我：
「不要等你準備好才開始，因為你永遠都不會完全準備好。」
那時候覺得很雞湯。
直到長大後才發現，很多事情是做了才會慢慢成熟，
而不是成熟了才敢去做。",2025/8/31 18:03,"🪖2年軍旅生涯逃離小型社會
自媒體｜深層舒壓｜溫罐
✉️預約心靈諮詢請私訊IG",廣泛性焦慮症,business,
yuing_2728,小昱心語療癒｜舒緩放鬆,"以前一小時只能按一個人，累到爆還是只能賺那一份。
現在一篇文、一支影片，幾百個人同時看到，
有些人還直接私訊問怎麼預約。
同樣花時間，效果完全不一樣。
你會選擇「一對一」還是「一對多」？",2025/8/31 14:53,"🪖2年軍旅生涯逃離小型社會
自媒體｜深層舒壓｜溫罐
✉️預約心靈諮詢請私訊IG",廣泛性焦慮症,business,
yuing_2728,小昱心語療癒｜舒緩放鬆,"從職軍到按摩，再到自媒體和副業，
我越來越確定一件事：
光靠體力太危險了，
還好我提早意識到，不然每天都在擔心身體狀況
你覺得現在該提早意識到，還是等到倒了才清醒？",2025/8/31 11:22,"🪖2年軍旅生涯逃離小型社會
自媒體｜深層舒壓｜溫罐
✉️預約心靈諮詢請私訊IG",廣泛性焦慮症,business,
yuing_2728,小昱心語療癒｜舒緩放鬆,「如果你不抽點時間實現你自己的夢想，那你幾乎大部份的時間都是被別人買去實現他的夢想。」,2025/8/31 01:39,"🪖2年軍旅生涯逃離小型社會
自媒體｜深層舒壓｜溫罐
✉️預約心靈諮詢請私訊IG",廣泛性焦慮症,business,
yuing_2728,小昱心語療癒｜舒緩放鬆,"很多人會問：
「一次按摩要1500～2000，不會太貴嗎？」
但其實，大家常常沒看到的是——
我們給你的，不只是60分鐘的舒壓按摩
還有背後很多用心：
✨ 我們的手和身體每天都在耗損，要花錢保養、花時間修復
✨ 每週去上課、學新手法，都是自己掏錢投資
✨ 每次服務前後，還要準備、清潔、消毒、收拾
✨ 有時一整天只來一兩位客人，收入不一定穩定，但房租、餐費、專業維持還是得照常
所以，你花的錢，不是只買到「一場放鬆」，
而是讓身體提早回到舒服的狀態，
不會在生活裡一直卡卡的。
其實，預約按摩就像是在對自己說：
「我值得一場平靜，好好被照顧。」",2025/8/30 21:34,"🪖2年軍旅生涯逃離小型社會
自媒體｜深層舒壓｜溫罐
✉️預約心靈諮詢請私訊IG",廣泛性焦慮症,business,
yuing_2728,小昱心語療癒｜舒緩放鬆,"「 90%的女生都愛錢 」
會說這句話的男生一定是沒錢
.
很多女生真的寧願坐在機車後面笑
也不願坐在豪車裡哭
但你 讓她坐機車，還讓她哭
反正都要哭了，我還不如選豪車",2025/8/30 17:28,"🪖2年軍旅生涯逃離小型社會
自媒體｜深層舒壓｜溫罐
✉️預約心靈諮詢請私訊IG",廣泛性焦慮症,business,
yuing_2728,小昱心語療癒｜舒緩放鬆,"你一直都在用心去愛別人
全心全意的對著別人好
直到有一天你遇見了一個全心全意愛你的人
無條件的對你好
永遠把你感受放在第一位
不會忽略掉任何小細節
你才會明白原來被愛是很重要的",2025/8/30 00:40,"🪖2年軍旅生涯逃離小型社會
自媒體｜深層舒壓｜溫罐
✉️預約心靈諮詢請私訊IG",廣泛性焦慮症,business,
yuing_2728,小昱心語療癒｜舒緩放鬆,"給想低調經營的人
我沒拍影片、也沒露臉，
光靠文字，3個月就從200漲到快1200粉。
以前我以為，低調的人沒辦法玩自媒體，
結果只是我不懂Threads的規則而已。
現在每天都有新粉追蹤，我只覺得：早知道就早點試了！
如果你也想低調經營、但又不知道怎麼開始，
私訊我「我想知道」。
我整理了一套方法，分享給懂的人。",2025/8/29 20:03,"🪖2年軍旅生涯逃離小型社會
自媒體｜深層舒壓｜溫罐
✉️預約心靈諮詢請私訊IG",廣泛性焦慮症,business,
yuing_2728,小昱心語療癒｜舒緩放鬆,"本來能做一輩子的好朋友
偏要選擇做那幾個月的戀人
到頭來一無所有
剩下一堆沒用的聊天記錄、回憶
後悔嗎？",2025/8/29 18:51,"🪖2年軍旅生涯逃離小型社會
自媒體｜深層舒壓｜溫罐
✉️預約心靈諮詢請私訊IG",廣泛性焦慮症,business,
yuing_2728,小昱心語療癒｜舒緩放鬆,"23歲第一次收到驚喜花🥹
真督好漂亮😍
七夕快樂🎋💖",2025/8/29 13:25,"🪖2年軍旅生涯逃離小型社會
自媒體｜深層舒壓｜溫罐
✉️預約心靈諮詢請私訊IG",廣泛性焦慮症,business,
yuing_2728,小昱心語療癒｜舒緩放鬆,"女生越挑，越容易遇到渣男
假設世界上的男人，一半是渣，一半是好人。
如果你「來者不拒」，遇到渣男的機率就是50%。
但一旦你「開始挑」，能通過你考驗的，通常都是情場老手。
而情場老手…八九成就是渣。
於是，你越挑，反而越容易掉進高手的陷阱。
挑的結果，不是找到更好的，而是先篩掉老實人，留下專門玩人的那批。",2025/8/29 02:40,"🪖2年軍旅生涯逃離小型社會
自媒體｜深層舒壓｜溫罐
✉️預約心靈諮詢請私訊IG",廣泛性焦慮症,business,
yuing_2728,小昱心語療癒｜舒緩放鬆,"你知道嗎
台灣有6成女生
下班後只想癱在床上滑手機
聽起來很廢
但大部分不是因為懶散
而是壓力太大、生活太累
累著累著，就忘了夢想。",2025/8/28 22:14,"🪖2年軍旅生涯逃離小型社會
自媒體｜深層舒壓｜溫罐
✉️預約心靈諮詢請私訊IG",廣泛性焦慮症,business,
yuing_2728,小昱心語療癒｜舒緩放鬆,"問問做美業的大家
按摩、做臉、熱蠟、美甲、紋綉、美睫、角蛋白⋯等
你們可以接受客人提早到嗎
有時候預留15分鐘吃飯
但客人提前15分鐘到
你們會把飯吃完還是直接開始服務？？？
美業",2025/8/28 19:04,"🪖2年軍旅生涯逃離小型社會
自媒體｜深層舒壓｜溫罐
✉️預約心靈諮詢請私訊IG",廣泛性焦慮症,business,
yuing_2728,小昱心語療癒｜舒緩放鬆,"我發現！能量很重要！
不能亂跟人發生關係
也不能跟能量低的人在一起
不然真的會帶哀
離開了之後都會瞬間覺得能量變好
全身輕鬆很多😌",2025/8/28 14:19,"🪖2年軍旅生涯逃離小型社會
自媒體｜深層舒壓｜溫罐
✉️預約心靈諮詢請私訊IG",廣泛性焦慮症,business,
yuing_2728,小昱心語療癒｜舒緩放鬆,"美業個人工作室的妳們
你們會敢單獨接陌生男顧客嗎？
（全身精油按摩）
美業人生",2025/8/28 08:00,"🪖2年軍旅生涯逃離小型社會
自媒體｜深層舒壓｜溫罐
✉️預約心靈諮詢請私訊IG",廣泛性焦慮症,business,
yuing_2728,小昱心語療癒｜舒緩放鬆,"🤩板橋人的福利🤩
有人想讓身體放鬆按摩的嗎？
在板橋開放預約 由我本人為您服務
按摩完全不會痛
可以改善：
睡眠品質、偏頭痛、眼壓高、
氣色暗沉、肩頸痠痛、情緒緊繃
底下留言+1",2025/8/28 00:27,"🪖2年軍旅生涯逃離小型社會
自媒體｜深層舒壓｜溫罐
✉️預約心靈諮詢請私訊IG",廣泛性焦慮症,business,
yuing_2728,小昱心語療癒｜舒緩放鬆,"第一次創業
你會很快發現
陌生人，比朋友更早下單
支持你的人，來自意想不到的地方
所以呀
別忘了感謝那些
在你還沒成功之前
就選擇相信你的人",2025/8/27 20:48,"🪖2年軍旅生涯逃離小型社會
自媒體｜深層舒壓｜溫罐
✉️預約心靈諮詢請私訊IG",廣泛性焦慮症,business,
yuing_2728,小昱心語療癒｜舒緩放鬆,想認識美業的朋友 不管美睫 美甲 美髮 精油按摩 整復 都可以 想談商業合作 如果有興趣的可以互追IG認識交友❤️✨,2025/8/27 10:40,"🪖2年軍旅生涯逃離小型社會
自媒體｜深層舒壓｜溫罐
✉️預約心靈諮詢請私訊IG",廣泛性焦慮症,business,
yuing_2728,小昱心語療癒｜舒緩放鬆,"「妳的溫柔，會被對的人好好珍惜。
不用刻意證明什麼，妳本來就值得被深深喜歡。」",2025/8/27 07:00,"🪖2年軍旅生涯逃離小型社會
自媒體｜深層舒壓｜溫罐
✉️預約心靈諮詢請私訊IG",廣泛性焦慮症,business,
yuing_2728,小昱心語療癒｜舒緩放鬆,"美業
自己明明工作是做spa按摩的
卻很常覺得自己需要被按摩
有人跟我一樣的感受嗎？
超級度疲憊",2025/8/26 21:54,"🪖2年軍旅生涯逃離小型社會
自媒體｜深層舒壓｜溫罐
✉️預約心靈諮詢請私訊IG",廣泛性焦慮症,business,
yuing_2728,小昱心語療癒｜舒緩放鬆,"老師傅跟我說按客人的時候
赤腳踩地板可以接地氣
你們相信嗎？",2025/8/26 17:57,"🪖2年軍旅生涯逃離小型社會
自媒體｜深層舒壓｜溫罐
✉️預約心靈諮詢請私訊IG",廣泛性焦慮症,business,
yuing_2728,小昱心語療癒｜舒緩放鬆,"我想問！
我是一位按摩師，想了解客人的心聲
你們去按摩的時候，有沒有什麼很小細節
會讓你覺得超級扣分，以後不想再去？
我先：
跟我聊天我還可以
聊天的時候手停下來我就馬上
恩湯欸！！！！
我還有一個大忌是",2025/8/26 12:25,"🪖2年軍旅生涯逃離小型社會
自媒體｜深層舒壓｜溫罐
✉️預約心靈諮詢請私訊IG",廣泛性焦慮症,business,
yuing_2728,小昱心語療癒｜舒緩放鬆,"有人打趣我：
「妳條件這麼好，怎麼還單身？」
我笑著聳聳肩：
「因為我在等能和我並肩的，不是來扯我後腿的呀～」
全場瞬間安靜，
有人心裡卻忍不住喊：「帥到爆！」
說真的，
清醒又灑脫，才是我的戀愛標配。",2025/8/26 07:29,"🪖2年軍旅生涯逃離小型社會
自媒體｜深層舒壓｜溫罐
✉️預約心靈諮詢請私訊IG",廣泛性焦慮症,business,
yuing_2728,小昱心語療癒｜舒緩放鬆,"第一次辦護照 以為很快就會好了
結果是我想太多了😃",2025/8/25 14:45,"🪖2年軍旅生涯逃離小型社會
自媒體｜深層舒壓｜溫罐
✉️預約心靈諮詢請私訊IG",廣泛性焦慮症,business,
yuing_2728,小昱心語療癒｜舒緩放鬆,"🤩新北人的福利🤩
有人想讓體驗舒緩按摩的嗎？
在台北開放體驗 由我本人為您服務
按摩完全不會痛
可以改善：
睡眠品質、偏頭痛、眼壓高、
氣色暗沉、身體循環、情緒緊繃
底下留言+1 
新北人優先",2025/8/25 00:24,"🪖2年軍旅生涯逃離小型社會
自媒體｜深層舒壓｜溫罐
✉️預約心靈諮詢請私訊IG",廣泛性焦慮症,business,
yuing_2728,小昱心語療癒｜舒緩放鬆,"傻眼 常常忘記帶鑰匙 就直接出門
有人也跟我一樣常常忘記帶鑰匙出門嗎？",2025/8/24 12:12,"🪖2年軍旅生涯逃離小型社會
自媒體｜深層舒壓｜溫罐
✉️預約心靈諮詢請私訊IG",廣泛性焦慮症,business,
yuing_2728,小昱心語療癒｜舒緩放鬆,"肝不好的身體警訊（自我檢測）：
1. 嘴巴常有異味、口臭、口苦
2. 肩頸常痠痛、頭昏腦脹
3. 大便黏馬桶、排不乾淨
4. 皮膚暗沉、長痘、癢癢的
5. 情緒暴躁、容易焦慮發火
6. 很容易累，注意力無法集中
7. 小腹腫脹、放屁多、容易脹氣
8. 睡不深、常做夢、早醒
符合三項以上，真的該開始養肝了。",2025/8/24 07:00,"🪖2年軍旅生涯逃離小型社會
自媒體｜深層舒壓｜溫罐
✉️預約心靈諮詢請私訊IG",廣泛性焦慮症,business,
yuing_2728,小昱心語療癒｜舒緩放鬆,"有個朋友分手後，每天下班都去游泳。
滑水、換氣、踢腿…
她說水裡聽不到別人的聲音，只聽得到自己的心跳。
我問她為什麼？
她說：「因為水能抱住我，而我能在裡面放下重擔。」
有些人療癒自己的方式，是讓身體先回到平靜。",2025/8/24 00:00,"🪖2年軍旅生涯逃離小型社會
自媒體｜深層舒壓｜溫罐
✉️預約心靈諮詢請私訊IG",廣泛性焦慮症,business,
yuing_2728,小昱心語療癒｜舒緩放鬆,"今天遇到一位客人說他沒按過龍筋想試試看
我回答：我是純按摩
他回答：抓龍筋是純的
所以「龍筋」還有分純跟不純的嗎？",2025/8/23 20:52,"🪖2年軍旅生涯逃離小型社會
自媒體｜深層舒壓｜溫罐
✉️預約心靈諮詢請私訊IG",廣泛性焦慮症,business,
yuing_2728,小昱心語療癒｜舒緩放鬆,"這個週末還有人想體驗
按摩放鬆的嗎？
還有幾位名額～",2025/8/23 18:06,"🪖2年軍旅生涯逃離小型社會
自媒體｜深層舒壓｜溫罐
✉️預約心靈諮詢請私訊IG",廣泛性焦慮症,business,
yuing_2728,小昱心語療癒｜舒緩放鬆,與妹妹久違出門❤️,2025/8/23 16:34,"🪖2年軍旅生涯逃離小型社會
自媒體｜深層舒壓｜溫罐
✉️預約心靈諮詢請私訊IG",廣泛性焦慮症,business,
yuing_2728,小昱心語療癒｜舒緩放鬆,"為什麼總是想減肥？
鏡子說：你胖了
照片說：這角度不行
身體說：拜託你健康一點
嘴巴說：那間甜點看起來很好吃
心靈說：我只是想被喜歡",2025/8/23 14:34,"🪖2年軍旅生涯逃離小型社會
自媒體｜深層舒壓｜溫罐
✉️預約心靈諮詢請私訊IG",廣泛性焦慮症,business,
yuing_2728,小昱心語療癒｜舒緩放鬆,「如果你不花時間去創造你想要的生活，那麼你將被迫花很多時間去應付你所不想要的生活。」,2025/8/23 12:00,"🪖2年軍旅生涯逃離小型社會
自媒體｜深層舒壓｜溫罐
✉️預約心靈諮詢請私訊IG",廣泛性焦慮症,business,
yuing_2728,小昱心語療癒｜舒緩放鬆,"🤩雙北人的福利🤩
有人想讓體驗舒緩按摩的嗎？
在台北開放體驗 由我本人為您服務
按摩完全不會痛
可以改善：
睡眠品質、偏頭痛、眼壓高、
氣色暗沉、身體循環、情緒緊繃
底下留言+1 
雙北人優先",2025/8/22 23:06,"🪖2年軍旅生涯逃離小型社會
自媒體｜深層舒壓｜溫罐
✉️預約心靈諮詢請私訊IG",廣泛性焦慮症,business,
yuing_2728,小昱心語療癒｜舒緩放鬆,"其實想要的愛情很簡單
1.睡一張床、起床後一起努力賺錢
2.下班了一起做幾道菜、喝幾杯酒
3.一起窩沙發上追劇、聊天
4.一起生氣、一起搞笑
5.沒有背叛、沒有猜忌
6.生活簡簡單單、感情乾乾淨淨
7. 一起分擔柴米油鹽，也一起分享快樂
8. 有情緒的時候不怕爭吵，但心裡知道彼此不會離開。
世界上有這種人嗎？",2025/8/22 12:00,"🪖2年軍旅生涯逃離小型社會
自媒體｜深層舒壓｜溫罐
✉️預約心靈諮詢請私訊IG",廣泛性焦慮症,business,
yuing_2728,小昱心語療癒｜舒緩放鬆,"今天做了一位客人
做完之後開始全身不對勁
肩膀僵硬
想睡覺💤
又想吐
體質越來越敏感了
有人跟我一樣不是麻瓜嗎😹",2025/8/22 06:59,"🪖2年軍旅生涯逃離小型社會
自媒體｜深層舒壓｜溫罐
✉️預約心靈諮詢請私訊IG",廣泛性焦慮症,business,
yuing_2728,小昱心語療癒｜舒緩放鬆,"大家喜歡指壓還是油壓？
北部按摩可以找我唷",2025/8/21 22:00,"🪖2年軍旅生涯逃離小型社會
自媒體｜深層舒壓｜溫罐
✉️預約心靈諮詢請私訊IG",廣泛性焦慮症,business,
yuing_2728,小昱心語療癒｜舒緩放鬆,沒用Linepay真的會被排擠嗎😭😭,2025/8/21 21:00,"🪖2年軍旅生涯逃離小型社會
自媒體｜深層舒壓｜溫罐
✉️預約心靈諮詢請私訊IG",廣泛性焦慮症,business,
yuing_2728,小昱心語療癒｜舒緩放鬆,每次轉錢都去ATM真的是原始人嗎？,2025/8/21 20:00,"🪖2年軍旅生涯逃離小型社會
自媒體｜深層舒壓｜溫罐
✉️預約心靈諮詢請私訊IG",廣泛性焦慮症,business,
yuing_2728,小昱心語療癒｜舒緩放鬆,"長這麼大第一次來樂華夜市
有沒有推薦必吃的🥹",2025/8/21 18:47,"🪖2年軍旅生涯逃離小型社會
自媒體｜深層舒壓｜溫罐
✉️預約心靈諮詢請私訊IG",廣泛性焦慮症,business,
yuing_2728,小昱心語療癒｜舒緩放鬆,"🤩台北人的福利🤩
有人想體驗舒壓按摩嗎？
在台北開放體驗 由我本人為您服務
按摩完全不會痛
可以改善：
睡眠品質、偏頭痛、眼壓高、
氣色暗沉、身體循環、情緒緊繃
底下留言+1 
台北人優先",2025/8/21 14:15,"🪖2年軍旅生涯逃離小型社會
自媒體｜深層舒壓｜溫罐
✉️預約心靈諮詢請私訊IG",廣泛性焦慮症,business,
yuing_2728,小昱心語療癒｜舒緩放鬆,"傻眼，我剛領錢結果忘記拔卡被吃卡
第一次遇到，該怎麼辦😭",2025/8/21 12:40,"🪖2年軍旅生涯逃離小型社會
自媒體｜深層舒壓｜溫罐
✉️預約心靈諮詢請私訊IG",廣泛性焦慮症,business,
yuing_2728,小昱心語療癒｜舒緩放鬆,你應該要學著做你自己，面對真實的自我，只要做到這一點你就什麼都不用懼怕。,2025/8/21 09:30,"🪖2年軍旅生涯逃離小型社會
自媒體｜深層舒壓｜溫罐
✉️預約心靈諮詢請私訊IG",廣泛性焦慮症,business,
yuing_2728,小昱心語療癒｜舒緩放鬆,"在感情裡，我們最需要的往往不是華麗的承諾，而是被理解、被支持的感覺。
只是很多時候，我們會害怕表達真實的心情，怕被拒絕，怕被比較。
其實，安全感才是一段關係的基石。
它給了我們勇氣，把需求說出口，讓彼此的距離更近。
與其和別人比較，不如回到自己，問問內心真正想要的是什麼。
勇敢說出來，關係才會有更深的連結。
因為健康的愛，一定建立在「坦誠」和「支持」上。
💭 你覺得，在感情裡最重要的是什麼呢？
#感情經營",2025/8/20 21:21,"🪖2年軍旅生涯逃離小型社會
自媒體｜深層舒壓｜溫罐
✉️預約心靈諮詢請私訊IG",廣泛性焦慮症,business,
yuing_2728,小昱心語療癒｜舒緩放鬆,"8/19剛開幕的按摩個人工作室
目前都沒什麼客人預約
23歲跨出很大一步的創業路程
每天都好焦慮🥹🥹🥹
聽說脆很好衝流量
就來這邊衝衝流量了 day2",2025/8/20 08:51,"🪖2年軍旅生涯逃離小型社會
自媒體｜深層舒壓｜溫罐
✉️預約心靈諮詢請私訊IG",廣泛性焦慮症,business,
yuing_2728,小昱心語療癒｜舒緩放鬆,"好像大家都習慣了「熬夜後還是要撐起來」。
可是身體，永遠不會騙人。
我是那種會記住你身體總是緊繃、眼周暗沉
甚至手心偏涼的按摩師。
因為我知道，
你不是要被責備，
而是需要有人理解你的疲憊。
在我的手裡，
你不需要再假裝有精神，
只要靜靜躺著，
把眼睛閉上，把重量交給床。
真的睡著了沒關係，
那代表你的身體，
終於找到一個能安心休息的地方。",2025/8/19 12:49,"🪖2年軍旅生涯逃離小型社會
自媒體｜深層舒壓｜溫罐
✉️預約心靈諮詢請私訊IG",廣泛性焦慮症,business,
yuing_2728,小昱心語療癒｜舒緩放鬆,"希望以後我的女兒
不要為了一個男生 在半夜躲在被窩裡抱著頭痛哭
更不要一再責怪自己到底哪裡做錯了
要永遠記得 真正愛妳的人
不會捨得妳難過 更不會放妳一個人掉眼淚
妳值得被心疼、被擁抱，而不是被忽略。",2025/8/18 00:09,"🪖2年軍旅生涯逃離小型社會
自媒體｜深層舒壓｜溫罐
✉️預約心靈諮詢請私訊IG",廣泛性焦慮症,business,
meta_mind_md,MetaMindMD,"【不嗜睡、不易胖、不激動，這顆抗精神病藥，被越來越多醫師選用】
銳思定 ( Rexulti )是安立復的姊妹藥，屬於第二代抗精神病藥物，
它的作用機制與 Abilify 類似。學名雖不同，實際上它們是親戚。
但是，在效果與副作用之間，它有更好的平衡。
銳思定在台灣的適應症，有1. 思覺失調症 2.阿茲海默症相關躁動
在美國FDA還通過一個適應症 : 重鬱症的輔助治療。
-臨床特性：更穩、更溫和
與安立復相比，銳思定對 D2 受體的親和力較低，因此產生激動、失眠、衝動的機率也較小。
也因此：
較少引起焦慮與失眠
體重增加的機會與幅度比較溫和
不太會影響生理期
不太會嗜睡
但銳思定並不適合躁鬱症的憂鬱期，效果並不理想。
【總結】
銳思定是一款溫和、低鎮靜性、低衝動性的抗精神病藥。
如果你在使用安立復時出現焦慮、失眠或激動，銳思定是值得考慮的替代方案。",2025/5/5 18:18,"🧠 精神科專科醫師｜壓力 × 睡眠 × 情緒修復  
❤️ 專注於身心疾病的藥物、非藥物治療
🌿 探索精神醫學、腦科學、心理學在生活的應用
📍 Taiwan-based psychiatrist",廣泛性焦慮症,business,
meta_mind_md,MetaMindMD,"【安立復不是你以為的抗精神病藥】
為什麼有些人在吃抗精神病藥後變得嗜睡、發胖、生理期不規則、覺得不像自己。而有些人卻說：「我吃這個藥後，反而更清醒、更穩定」
安立復 ( Abilify )，正是這兩種經驗背後的關鍵線索。
安立復 是一種非典型抗精神病藥，被稱為「多巴胺穩定劑」
不同於傳統藥物單向阻斷多巴胺，它是部分致效劑
能根據神經活性，自動調整訊號強度，讓大腦更穩定
適用於思覺失調、躁鬱症、憂鬱症加強劑、自閉症易怒、妥瑞氏症等。
優點包括
-體重與代謝副作用少
-對性功能影響低
-服用後不易嗜睡
-不太會讓泌乳激素升高，甚至會下降，所以對女性生理期影響較小
-有長效針劑可選擇
但需注意常見副作用是靜坐不能（akathisia）
可能導致坐立難安、焦躁、無法放鬆。
安立復是一把雙面刃
對合適的人，它可以穩定情緒、提升功能
對不合適的人，可能帶來焦躁、失眠或衝動
服藥的目的不是壓抑，而是協助一個人回到自己的人生軌道上。",2025/5/5 12:25,"🧠 精神科專科醫師｜壓力 × 睡眠 × 情緒修復  
❤️ 專注於身心疾病的藥物、非藥物治療
🌿 探索精神醫學、腦科學、心理學在生活的應用
📍 Taiwan-based psychiatrist",廣泛性焦慮症,business,
yijenclinic,誼仁診所,"<ASD的診斷之外>
文/精神專科 郭彥麟醫師 @ 善化 誼仁診所
ASD除了診斷準則中的核心特質外，或許因為腦神經的迴路相關，生活中常可以觀察到下列這些表現：
1. 焦慮的本質，很容易緊張
2. 做事情非常目的性
3. 很難忍受身體的不適
4. 情緒轉換像開關，瞬間爆炸，瞬間和緩
5. 拖延(啟動困難)，除非正向刺激(樂趣成就)或負向刺激(憤怒、害怕、壓力、罪惡感)很強大
6. 非常容易疲倦，玩一天，累三天
7. 感官刺激會消耗大量能量(例如聲音、陽光、氣溫......)
8. 運動不協調
9. 容易慮病
10. 常合併強迫症
11. 容易有慢性的創傷後壓力症候群
12. 較多疑，很容易負向看待人事物
13. 人臉(表情)辨識困難",2025/7/9 23:02,"家醫科/精神科 診所
院長 陳有仁醫師  家醫科專科醫師/台大醫學系畢
副院長 李姿誼醫師  兒童青少年身心科專科醫師/成大醫院主治醫師
主任 黃譯萱醫師  家醫科專科醫師/台大醫學系畢
工友 郭彥麟醫師 精神科專科醫師/老人精神科專科醫師/台大醫學系畢",廣泛性焦慮症,business,
yijenclinic,誼仁診所,"《ADHD的真實生活》
文/精神專科 郭彥麟醫師 @ 善化 誼仁診所
ADHD俗稱過動症，是憑ADHD給人最強烈的印象而使用的簡稱，事實上，ADHD是合併「注意力不全」與「過動」兩種特質的症候群
在這個光譜內的個案，可以注意力飄散，卻非常安靜；也可以注意力相對集中，但相當好動衝動
根本地說，ADHD主要兩個核心問題是：注意力障礙，衝動控制障礙。而這兩者，都與大腦前額葉息息相關
如果用狙擊手來比喻，注意力就是精準的瞄準，持續的追蹤，甚至同時監控三個目標。衝動控制就是保持安靜等待，不打草驚蛇，不貿然開槍
藥物是協助個案的一種方式，但我必須強調，注意力與衝動控制，不僅僅是為了讀書考試，也不僅僅是為了校園生活。仔細想想，所有日常，每個角色，各種生活圈，不都需要注意力與衝動控制嗎？
開車、採購、創作、看電影、社交、打包行李、整理家務、記帳理財、照顧動物和家人……甚至發簡訊跟打線上遊戲，都需要注意力，跟衝動控制
因此，我都會鼓勵個案主動去決定，要如何藉由藥物改善他的生活，體會生活的可能性，並找回自己的自信與自主
專心開車，專心跟上電影字幕，專心跟伴侶吵架，都是跟讀書一樣重要的事情",2025/7/5 01:00,"家醫科/精神科 診所
院長 陳有仁醫師  家醫科專科醫師/台大醫學系畢
副院長 李姿誼醫師  兒童青少年身心科專科醫師/成大醫院主治醫師
主任 黃譯萱醫師  家醫科專科醫師/台大醫學系畢
工友 郭彥麟醫師 精神科專科醫師/老人精神科專科醫師/台大醫學系畢",廣泛性焦慮症,business,
yijenclinic,誼仁診所,"〈誼仁診所公告〉
明星期六上午（7/5日）
因電力施工停電
9點前恐無法掛號看診，處方領藥
敬請見諒，感謝您的耐心與理解
若因時間因素，急需在星期六9點前就診領藥者
建議可提前一日來診",2025/7/4 15:11,"家醫科/精神科 診所
院長 陳有仁醫師  家醫科專科醫師/台大醫學系畢
副院長 李姿誼醫師  兒童青少年身心科專科醫師/成大醫院主治醫師
主任 黃譯萱醫師  家醫科專科醫師/台大醫學系畢
工友 郭彥麟醫師 精神科專科醫師/老人精神科專科醫師/台大醫學系畢",廣泛性焦慮症,business,
jie_herbal_life,郭懿潔 中西醫師,"每日一招緩解自律神經失調
Day17
聽輕音樂。
從醫學的角度，輕柔音樂（如鋼琴、弦樂、自然音）透過「聽覺皮質」傳入大腦，進一步影響邊緣系統（特別是杏仁核、海馬迴等與情緒記憶相關的區域），有助於減少腦內壓力荷爾蒙（如皮質醇）的分泌，進而降低焦慮感。
同時，音樂也能刺激副交感神經的，促進身體進入「休息與修復」的狀態，心跳與血壓會自然下降，有助於入眠、改善淺眠，並緩和過度暴衝的交感神經。",2025/4/25 13:54,"中醫師｜生活養生｜睡眠｜慢性疲勞調理
專治忙碌上班族 陪你衝事業的好夥伴
🏥桃園風澤中醫診所",自律神經失調,business,
jie_herbal_life,郭懿潔 中西醫師,"#中醫 #腳臭
週末有沒有好好放鬆😎
天氣漸熱，大家火氣越來越大
適當的活動伸展筋骨
讓我們的身心狀況可以越快進入狀態呦❤️
臭腳丫丫也是火氣的症狀之一
為了不要到夏天越來越嚴重
就從現在開始調整身體
補氣去濕清熱，減緩臭腳丫🦶
#中醫",2025/4/20 19:07,"中醫師｜生活養生｜睡眠｜慢性疲勞調理
專治忙碌上班族 陪你衝事業的好夥伴
🏥桃園風澤中醫診所",自律神經失調,business,
jie_herbal_life,郭懿潔 中西醫師,"每日一招緩解自律神經失調
Day16
正念冥想。
研究指出，正念練習可活化前額葉皮質與副交感神經，提高自我調節能力。可搭配呼吸練習，每天10分鐘起。對焦慮、慢性疲勞、腸躁症等自律神經相關症狀有正向影響。
郭郭🐸推薦一部短影集給大家：「正念殺機」。
內容說一位混沌憂鬱的中年律師，不小心殺了人後，經由正念的使用，順利躲避警官查案，又陰錯陽差變成黑道老大的故事😎
週末大家來看劇呀📺",2025/4/18 21:48,"中醫師｜生活養生｜睡眠｜慢性疲勞調理
專治忙碌上班族 陪你衝事業的好夥伴
🏥桃園風澤中醫診所",自律神經失調,business,
jie_herbal_life,郭懿潔 中西醫師,"每日一招緩解自律神經失調
Day15
來高歌一曲吧🎤
在中醫理論中，情緒與體內氣血運行密切相關，唱歌時的深呼吸和發聲，有助於調節氣機，達到「疏通氣血」的效果。
並有研究證實，低壓力的演唱環境，可降低壓力荷爾蒙皮質醇，提高催產素（oxytocin）的分泌，這些生理變化幫助減輕焦慮和壓力，促進情緒穩定，間接減緩自律神經嚴重程度！
所以，週末打算安排什麼活動呢？
不然來去k歌吧😎
Bowling, D. L., Ancochea, M., Hove, M. J., Fitch, W. T., & Honing, H. (2022). Endogenous oxytocin, cortisol, and testosterone in response to group singing. Biology Letters.",2025/4/17 21:46,"中醫師｜生活養生｜睡眠｜慢性疲勞調理
專治忙碌上班族 陪你衝事業的好夥伴
🏥桃園風澤中醫診所",自律神經失調,business,
jie_herbal_life,郭懿潔 中西醫師,"每日一招緩解自律神經失調
Day14
喝杯花茶吧🌸
早上靠咖啡醒腦，晚上卻翻來覆去睡不好？
因為咖啡因會刺激交感神經、加重焦慮與失眠問題，對自律神經失調的人反而是負擔！
喝「花茶」來放鬆神經，幫助身心恢復平衡。花草茶含有天然的揮發油成分，像是香葉醇、酯類化合物，能透過嗅覺與味覺雙重作用，安撫中樞神經，促進副交感神經活性，讓身體進入放鬆狀態。
推薦花茶類型：
🌼洋甘菊茶：舒壓助眠經典，適合緊張型體質
🌹玫瑰花茶：理氣解鬱，適合情緒起伏大的人
🪻薰衣草茶：安定神經，改善焦慮與頭痛",2025/4/16 23:28,"中醫師｜生活養生｜睡眠｜慢性疲勞調理
專治忙碌上班族 陪你衝事業的好夥伴
🏥桃園風澤中醫診所",自律神經失調,business,
jie_herbal_life,郭懿潔 中西醫師,"每日一招緩解自律神經失調
Day13
多吃甜食🍰
中醫說「甘能緩」，甜味有舒緩、調和情緒的作用。適量吃甜甜，有助於安撫緊繃的神經，改善焦慮、煩躁、失眠等自律神經失調症狀。
但甜食不是糖果蛋糕，而是自然界的「甘」味，如以下食物：
1.地瓜
富含膳食纖維、維生素B群、鉀，有助穩定血糖、促進腸胃蠕動。
2.莓果（如藍莓、草莓、覆盆莓）
富含花青素與維生素C，能抗氧化、保護神經、減輕腦部疲勞。
3.香蕉
天然甜味來源，富含鎂與色胺酸，有助合成血清素、放鬆心情。
4. 南瓜
含有β-胡蘿蔔素、鉀、膳食纖維，性味甘溫，可補中益氣、和胃潤燥。
5. 黑巧克力（可可含量70%以上）
含可可多酚、鎂、色胺酸，能刺激多巴胺釋放、安定情緒，也是研究支持的抗焦慮甜品。",2025/4/15 21:23,"中醫師｜生活養生｜睡眠｜慢性疲勞調理
專治忙碌上班族 陪你衝事業的好夥伴
🏥桃園風澤中醫診所",自律神經失調,business,
jie_herbal_life,郭懿潔 中西醫師,"每日一招緩解自律神經失調
Day12
多吃B（的食物）。
維生素B群（特別是B1、B6、B12），就像「神經修復專家」，是維持神經系統穩定運作的重要幫手。有助於神經傳導、減輕壓力、穩定情緒。富含維生素B群的食物有：
🍚糙米：富含B1，幫助神經系統正常運作。
🐔雞胸肉：含B6，有助於製造血清素。
🥚雞蛋：含B12，維持神經健康。
🫛黃豆：含B1與B6，同為植物蛋白營養來源。
郭郭🐸：了解食物的功效，讓吃進去的每一口都使你健康又開心。",2025/4/14 21:51,"中醫師｜生活養生｜睡眠｜慢性疲勞調理
專治忙碌上班族 陪你衝事業的好夥伴
🏥桃園風澤中醫診所",自律神經失調,business,
jie_herbal_life,郭懿潔 中西醫師,"#中醫 #英文
郭郭🐸：
有漂亮阿兜仔妹子來看
不想讓人家失望
趕快惡補英文！
中醫十問英文版
有需要的快收藏起來
以備不時之需～
#中醫 #桃園",2025/4/14 11:37,"中醫師｜生活養生｜睡眠｜慢性疲勞調理
專治忙碌上班族 陪你衝事業的好夥伴
🏥桃園風澤中醫診所",自律神經失調,business,
jie_herbal_life,郭懿潔 中西醫師,"每日一招緩解自律神經失調
Day11
腹式呼吸👃
腹式呼吸有助於調節自律神經，透過刺激副交感神經、降低壓力荷爾蒙、提升心率變異性（HRV），達到放鬆身心、緩解壓力與焦慮的效果。
每天練習2次，每次15分鐘，躺姿坐姿皆可，放慢呼吸速率，吸氣時腹部鼓起，吐氣時腹部收縮，長期練習有助身心平衡與睡眠品質提升。
郭郭🐸：長期肌肉緊繃讓人呼吸變淺、變快，進而換氣不足易缺氧，藉由腹式呼吸讓我們從腦中的焦慮跳脫，回到當下🌹",2025/4/13 22:15,"中醫師｜生活養生｜睡眠｜慢性疲勞調理
專治忙碌上班族 陪你衝事業的好夥伴
🏥桃園風澤中醫診所",自律神經失調,business,
jie_herbal_life,郭懿潔 中西醫師,"每日一招緩解自律神經失調
Day10
來針灸吧！
一篇系統性文獻分析，整理近30年的研究，總共202篇，結果是：
針灸對於自律神經失調有正向影響💪
常用穴位有：
內關、足三里、風池、合谷。
郭郭🐸：沒事多針灸，多針灸沒事❤️",2025/4/12 22:02,"中醫師｜生活養生｜睡眠｜慢性疲勞調理
專治忙碌上班族 陪你衝事業的好夥伴
🏥桃園風澤中醫診所",自律神經失調,business,
h3cheng,鄭慧馨,"#原來我是過勞 #導致自律神經失調
#burnout
從2025/5月份生病之後，我一直陪伴且默默了解，
有感覺應該是「睡不夠+過勞」造成的。
高雄樂群診所的范樂群醫師，直接證明了我的推測。
聽到3個月可以逆轉，真的很開心。
😂我果然(自以為)是超人🦸‍♀️",2026/1/15 17:57,,自律神經失調,not_enough_posts,
roulin0816,🌺Zoey Lin,"今天去看自律神經失調跟胃食道逆流，我喜歡這位醫生。
他是會很溫柔傾聽也會聊天、分享自身感受的那種。
針灸完要離開前，他回頭特意對我說：對自己有自信一點，不要將就自己，也不要內耗自己，去外耗別人。
現在看中醫也可以順便心理諮商了嗎😍",2025/9/11 23:48,自言自語的地方,自律神經失調,pass,
roulin0816,🌺Zoey Lin,"過去我總是為了「美好的未來」而忍受當下的痛苦
直到我理解到：
「如果此刻不快樂，未來也不會快樂
因為未來的自己，會永遠攜帶著過去不快樂的記憶。」",2025/9/10 16:15,自言自語的地方,自律神經失調,pass,
roulin0816,🌺Zoey Lin,當你說希望我未來可以幸福快樂這句話時，就像你推我下懸崖又要我活著一樣。,2025/9/8 21:33,自言自語的地方,自律神經失調,pass,
roulin0816,🌺Zoey Lin,"昨天就是你的前世，明天就是你的來世，今天就是這輩子的現在。
昨天會影響到今天，今天會影響到明天，所以要趁現在創造未來。
痛苦、傷害、障礙，是看我們怎麼看它，看太重變成執著，也可以變成改變的力量，改變觀念就改變一切，心亮起來世界就會亮起來，不是等世界亮起來把自己的心亮起來。
心不會生病，是念頭生病。心如大海，念頭會起浪，風(業)來就起浪。修行/瑜伽/冥想是可以改變的，但要有耐心。修行在哪都可以修，修的是身語意行動，人人都需要修。
—只能喝酒的圖書館<松柏仁波切>",2025/9/3 23:18,自言自語的地方,自律神經失調,pass,
roulin0816,🌺Zoey Lin,"終於我把所有的委屈說出來了，但是是你先給我重錘之後。
才知道當初的我多可笑，又好心疼當時的自己。
你現在的懺悔只是為了降低自己的罪惡感，不是為了向我坦承。
這麼多年我終於把你刪掉了，我要對得起自己，也要對得起愛我的人們。
掉越多眼淚就會失去越多愛別人跟愛自己的能力。",2025/9/3 07:13,自言自語的地方,自律神經失調,pass,
cc05._14_,cc05._14_,高敏感+社恐+焦慮+完美主義→已變成自律神經失調🤡👌🏻,2025/4/22 19:39,INTJ,自律神經失調,pass,
cc05._14_,cc05._14_,好吧 我本來就是對未來很焦慮的人 現在又給我來個自律神經失調🤡,2025/4/22 19:31,INTJ,自律神經失調,pass,
cc05._14_,cc05._14_,分手後 前男友送的東西妳們會丟掉嗎,2025/4/20 14:22,INTJ,自律神經失調,pass,
cc05._14_,cc05._14_,"不知道要去哪裡玩了 
脆友們可以推薦一些你們覺得好玩的景點嗎↓
謝謝🙏🏻",2025/4/20 14:12,INTJ,自律神經失調,pass,
cc05._14_,cc05._14_,欸靠憂鬱症期間 我眼睛度數不知道增加多少度了....一天到晚都在看手機..,2025/4/20 01:34,INTJ,自律神經失調,pass,
cc05._14_,cc05._14_,有緣再見,2025/4/17 20:56,INTJ,自律神經失調,pass,
cc05._14_,cc05._14_,明明知道不能回到過去 但還是會一直想要回到過去阻止一切悲劇發生,2025/4/17 20:19,INTJ,自律神經失調,pass,
cc05._14_,cc05._14_,算了 慢慢的釋懷了,2025/4/17 19:37,INTJ,自律神經失調,pass,
cc05._14_,cc05._14_,我現在只希望我記憶快點回來,2025/4/17 19:31,INTJ,自律神經失調,pass,
cc05._14_,cc05._14_,"這些痛已經超越之前失戀的痛了
看著自己麻木的身軀 
轉不動空白的腦袋 
每天行屍走肉
空洞的眼神
失敗的計畫
如果沒有遇見你就好
我已經很久沒有真正的開心過了
我想不明白為什麼",2025/4/17 19:12,INTJ,自律神經失調,pass,
cc05._14_,cc05._14_,我已經不知道我是誰了,2025/4/17 18:59,INTJ,自律神經失調,pass,
cc05._14_,cc05._14_,我已經碎成一地 忘記初心,2025/4/17 18:51,INTJ,自律神經失調,pass,
cc05._14_,cc05._14_,感覺我現在變成了一個熟悉的陌生人,2025/4/17 18:49,INTJ,自律神經失調,pass,
cc05._14_,cc05._14_,把破碎的自己 慢慢重新拼起來,2025/4/10 16:07,INTJ,自律神經失調,pass,
mc_chun22,邱孟純,沒入坑沒事，一入坑沒錢,2025/12/30 14:51,"有感而發的碎碎念
最需要練習的事，習慣自己身為人類
本來就一直想成為人母
目前真的最喜歡為人母這個角色
好累好鬧好好玩",自律神經失調,pass,
mc_chun22,邱孟純,"我通常不太會下承諾
但faker整個人都讓我覺得
會一直愛faker到一輩子
希望他也打遊戲一輩子
好客家好靦腆好謙虛也很愛閱讀",2025/12/30 10:34,"有感而發的碎碎念
最需要練習的事，習慣自己身為人類
本來就一直想成為人母
目前真的最喜歡為人母這個角色
好累好鬧好好玩",自律神經失調,pass,
mc_chun22,邱孟純,"大阪把妹王一葉跟Rei
這個組合，瘋掉",2025/12/27 12:00,"有感而發的碎碎念
最需要練習的事，習慣自己身為人類
本來就一直想成為人母
目前真的最喜歡為人母這個角色
好累好鬧好好玩",自律神經失調,pass,
mc_chun22,邱孟純,"Jennie氣場超強。但舞者也超強
我已經來回不只到刷幾次，嘴巴合不起來
跟MMAlive,個人更愛這版
Jennie要開專場嗎！！！？？？",2025/12/23 20:21,"有感而發的碎碎念
最需要練習的事，習慣自己身為人類
本來就一直想成為人母
目前真的最喜歡為人母這個角色
好累好鬧好好玩",自律神經失調,pass,
qqq0aaa,李貞瑰,"因為長期焦慮
導致自律神經失調&恐慌
所以要定期回診🏥
今天醫生說的話讓我愣住
回家的路上想著想著就哭了🥹
·
·
·
·
·
·
：你已經很厲害了。
：你知道一般人是做不到這麼多事的嗎？",2025/9/19 17:58,讓花成花，讓樹成樹。,自律神經失調,not_enough_posts,
qqq0aaa,李貞瑰,很好奇大家為何會決定開店/工作室？勇氣從哪裡來的？錢從哪裡來的？,2025/9/7 23:07,讓花成花，讓樹成樹。,自律神經失調,not_enough_posts,
psy_doc_brain,PSY_DOC,"患者生活上的小事，都是身心科醫師在意的事情：
1. 肚子會不會餓，想吃東西？ 多巴胺
2. 睡眠睡的好嗎？ 血清素
3. 每天比較能下床了嗎？ 多巴胺
4. 看電視、看書可以看得下嗎？ 多巴胺
5. 一個人在家是否會恐慌？ 血清素
6. 遇到事情可否真心地笑？ 多巴胺
7. 全身疼痛不是改善？ 正腎上腺素
8. 腦筋頓頓、失智症是否改善？ 多巴胺
9. 去人多的地方？被聲音嚇到、怕吵？ 血清素
10. 易怒發脾氣。 血清素
11. 當遇到壓力心情不好時，會持續下沉，還是難過幾小時就會自己改善？ 前額葉功能
12. 恐慌、焦慮、自律神經失調症狀不改善：杏仁核",2025/5/4 06:24,"🏫竹北某身心科診所所長
🧠腦科學、身心醫學、創傷心理學
🎓陽明醫學系、哈佛碩士、東京大學博士後研究員
👨🏻‍⚕️Editor: Frontiers in Psychiatry
📌教育部部定講師
🎉不回私人訊息或是醫療諮詢",自律神經失調,business,
psy_doc_brain,PSY_DOC,"創傷壓力症候群(PTSD)的創傷再回憶....
又稱為flashback：腦海中會出現創傷發生當時的畫面, DSM-5診斷準則算是re-experience feeling.
目前吃的抗憂鬱藥物, 特別是血清素回收抑制類的藥物如SSRI, SNRI, 主要是針對PTSD引發後續的焦慮和憂鬱症狀, 對於創傷再回憶效果並不好.
因此如果患者的憂鬱症, 其實是慢性長期的PTSD導致, 沒有治療flashback, 其實對於憂鬱症的幫助有限.
過去我與日本合作的研究論文顯示, 創傷再回憶當下, 會增加PTSD患者自S的風險.
研究顯示, 部分抗精神病藥物, 可以改善flashback的症狀. 但是劑量要小心.",2025/5/3 21:16,"🏫竹北某身心科診所所長
🧠腦科學、身心醫學、創傷心理學
🎓陽明醫學系、哈佛碩士、東京大學博士後研究員
👨🏻‍⚕️Editor: Frontiers in Psychiatry
📌教育部部定講師
🎉不回私人訊息或是醫療諮詢",自律神經失調,business,
psy_doc_brain,PSY_DOC,"為什麼我的抗憂鬱藥物吃了無效?
因為你/妳可能不是真的憂鬱症.
根據Sharma等人在2005年的研究，追蹤了61位頑固性憂鬱症（服用兩種以上抗憂鬱藥物無效）的患者一年，最後發現將近80%的患者其實是躁鬱症體質[註一]，其中40%的換/加藥到情緒穩定劑 (鋰鹽、帝拔癲、樂命達)，憂鬱症狀就開始改善穩定。
註1: 躁鬱症體質:  三等親中有人有躁鬱/憂鬱症, 家族中有人自殺, 產後憂鬱,非典型憂鬱症狀 (腦袋變鈍, 暴飲暴食[特別是碳水化合物], 嗜睡, 每天心情會有早上差->晚上好的週期變化,季節憂鬱), 憂鬱時會有妄想幻覺.",2025/5/3 21:13,"🏫竹北某身心科診所所長
🧠腦科學、身心醫學、創傷心理學
🎓陽明醫學系、哈佛碩士、東京大學博士後研究員
👨🏻‍⚕️Editor: Frontiers in Psychiatry
📌教育部部定講師
🎉不回私人訊息或是醫療諮詢",自律神經失調,business,
psy_doc_brain,PSY_DOC,"難治性憂鬱症患者的回饋，長達26年被誤診的人生。
我跟患者說：能夠撐那麼久真的很辛苦、不簡單。
70%第二型雙相情緒障礙（躁鬱症），容易被誤診爲憂鬱症。",2025/5/3 15:44,"🏫竹北某身心科診所所長
🧠腦科學、身心醫學、創傷心理學
🎓陽明醫學系、哈佛碩士、東京大學博士後研究員
👨🏻‍⚕️Editor: Frontiers in Psychiatry
📌教育部部定講師
🎉不回私人訊息或是醫療諮詢",自律神經失調,business,
psy_doc_brain,PSY_DOC,"😴睡覺擔心「今天晚上是否睡得著？」
「睡眠焦慮症」是焦慮症的一種，患者往往急性子、要求完美、容易緊張的個性。
通常患者在幾次失眠後，開始對「睡不著」產生恐懼，導致每晚上床時，就會不自覺擔心「今天會不會又睡不著？」，這種焦慮情緒讓身體進入高度警戒，使得入睡更加困難，進而形成惡性循環。
常見特徵：
●  個性急性子、容易緊張焦慮
●  過度執著於失眠：晚上就開始擔心睡不著覺。
●  每次睡前會回想起過去失眠的經驗而擔心。
●  會不斷看時鐘確認自己躺床時間。
●  服用安眠藥物，效果卻不穩定，助眠效果時好時壞。
如何改善呢？
1. 藥物治療：通常會使用血清素回收抑制劑藥物，緩解患者白天的恐慌與焦慮，降低入睡時的緊張感。另外要注意有些抗憂鬱藥物會影響睡眠，建議盡量白天服用。
2. 心理治療：睡眠認知行為治療(iCBT)建立正確的睡眠觀念與衛教，改善患者對於失眠的災難化思考，打破「失眠恐懼→更焦慮→更失眠」的惡性循環。
3. 生活方式調整：睡前四小時不劇烈運動、減少喝咖啡因飲料、午睡不要睡太久、床上不要划手機、黃昏後盡量不要睡覺、睡前兩小時不抽菸、睡前減少進食等。
失眠",2025/4/27 07:52,"🏫竹北某身心科診所所長
🧠腦科學、身心醫學、創傷心理學
🎓陽明醫學系、哈佛碩士、東京大學博士後研究員
👨🏻‍⚕️Editor: Frontiers in Psychiatry
📌教育部部定講師
🎉不回私人訊息或是醫療諮詢",自律神經失調,business,
mengting.tsai.9,孟婷｜協會溫罐專業指導,"自律神經失調的 5 個結果：
1.	心悸、胸悶、呼吸不順
2.	腸胃忽好忽壞，容易腹瀉或便秘
3.	睡很久卻還是累
4.	情緒低落、莫名焦慮
5.	對什麼事都提不起勁",2026/1/3 15:00,"從外送奔波到現在走進美業 
創業失敗不可怕
可怕的是沒有重新的勇氣
想要每天不只生存，而是活得有能量",自律神經失調,business,
mengting.tsai.9,孟婷｜協會溫罐專業指導,"長大後最現實的一件事是：
你開始不敢生病。
不是怕痛，
是怕帳單、怕請假、怕收入中斷。",2026/1/3 14:00,"從外送奔波到現在走進美業 
創業失敗不可怕
可怕的是沒有重新的勇氣
想要每天不只生存，而是活得有能量",自律神經失調,business,
mengting.tsai.9,孟婷｜協會溫罐專業指導,"心理學角度來看：
「否定別人，是最快讓自己感覺高一點的方法。」
你不用蹲下來，
去配合別人的高度。",2026/1/3 12:59,"從外送奔波到現在走進美業 
創業失敗不可怕
可怕的是沒有重新的勇氣
想要每天不只生存，而是活得有能量",自律神經失調,business,
mengting.tsai.9,孟婷｜協會溫罐專業指導,"婚姻久了才懂，
老公的聽力跟 Wi-Fi 一樣。
要看訊號、看心情、
還要站在對的位置才連得上☺️",2026/1/3 12:00,"從外送奔波到現在走進美業 
創業失敗不可怕
可怕的是沒有重新的勇氣
想要每天不只生存，而是活得有能量",自律神經失調,business,
mengting.tsai.9,孟婷｜協會溫罐專業指導,"吃飯不是犯錯
吃飯不是犯錯
吃飯不是犯錯
把食物妖魔化，
才是很多人
一輩子瘦不下來的原因。",2026/1/3 11:00,"從外送奔波到現在走進美業 
創業失敗不可怕
可怕的是沒有重新的勇氣
想要每天不只生存，而是活得有能量",自律神經失調,business,
mengting.tsai.9,孟婷｜協會溫罐專業指導,"冷知識！
一直當好人，好像人緣不錯。
但你會用另一種方式付款：
被佔便宜、被忽略，還有不敢拒絕的自己。",2026/1/3 10:00,"從外送奔波到現在走進美業 
創業失敗不可怕
可怕的是沒有重新的勇氣
想要每天不只生存，而是活得有能量",自律神經失調,business,
mengting.tsai.9,孟婷｜協會溫罐專業指導,"心理學家說：
父母未解決的創傷，
常會以『關心』的名義轉嫁給孩子。
你不必承擔，
那不是你的人生功課。",2026/1/3 08:34,"從外送奔波到現在走進美業 
創業失敗不可怕
可怕的是沒有重新的勇氣
想要每天不只生存，而是活得有能量",自律神經失調,business,
mengting.tsai.9,孟婷｜協會溫罐專業指導,"你以為不健康，其實很加分的「早餐」
1.	饅頭夾蛋：比甜麵包穩血糖
2.	飯糰（少油）：澱粉＋蛋白很完整
3.	漢堡蛋：比你想像乾淨
4.	豆漿＋香蕉：簡單但不空虛
5.	昨天晚餐剩菜：比便利商店還真材實料
早餐不是吃多高級，
是不要讓血糖坐雲霄飛車。",2026/1/3 07:00,"從外送奔波到現在走進美業 
創業失敗不可怕
可怕的是沒有重新的勇氣
想要每天不只生存，而是活得有能量",自律神經失調,business,
mengting.tsai.9,孟婷｜協會溫罐專業指導,"你以為會變胖，其實很友善的「宵夜選擇」
1.	滷蛋：高蛋白、低升糖
2.	無糖豆漿：蛋白＋脂肪，穩血糖
3.	地瓜：乾淨澱粉，份量對就好
4.	味噌湯：暖胃又有飽足感
5.	優格：幫助腸道、減少暴食
減脂不是不吃宵夜，
是吃對宵夜。",2026/1/2 23:35,"從外送奔波到現在走進美業 
創業失敗不可怕
可怕的是沒有重新的勇氣
想要每天不只生存，而是活得有能量",自律神經失調,business,
mengting.tsai.9,孟婷｜協會溫罐專業指導,"不是我不努力，是薪水不給力
這叫：「薪有餘而力不足」
諧音梗我真的會笑翻🤣
還有嗎",2026/1/2 21:54,"從外送奔波到現在走進美業 
創業失敗不可怕
可怕的是沒有重新的勇氣
想要每天不只生存，而是活得有能量",自律神經失調,business,
mengting.tsai.9,孟婷｜協會溫罐專業指導,"剛下台北車站
聽到一個上班族邊走邊講電話：
「不要吃那家，觀光客在吃的。」
「捷運能到就不要騎車，會塞到懷疑人生。」
「咖啡廳不用看裝潢，看插座夠不夠。」
「下雨是日常，不下雨才要拍照。」
最後補一句：
「在台北，能準時下班的人，才是真的有錢。」",2026/1/2 11:37,"從外送奔波到現在走進美業 
創業失敗不可怕
可怕的是沒有重新的勇氣
想要每天不只生存，而是活得有能量",自律神經失調,business,
mengting.tsai.9,孟婷｜協會溫罐專業指導,"想問問大家，
有人一輩子都沒什麼存款嗎？
不是亂花，
是真的被生活追著跑。
這樣的人，
後來是怎麼過日子的？",2025/12/31 23:16,"從外送奔波到現在走進美業 
創業失敗不可怕
可怕的是沒有重新的勇氣
想要每天不只生存，而是活得有能量",自律神經失調,business,
mengting.tsai.9,孟婷｜協會溫罐專業指導,"你以為減肥不能碰，其實可以共存的享受
1.	咖啡：控制食慾
2.	巧克力：可可高的版本 OK
3.	炸物：偶爾吃，不連續
4.	火鍋：重點在湯底與份量
5.	聚餐：選擇，不是放棄
真正能瘦下來的人，
不是最自律的，
是最不極端的。",2025/12/31 16:00,"從外送奔波到現在走進美業 
創業失敗不可怕
可怕的是沒有重新的勇氣
想要每天不只生存，而是活得有能量",自律神經失調,business,
mengting.tsai.9,孟婷｜協會溫罐專業指導,"火象星座不怕苦，
不怕累，
不怕重新來。
只怕你把他的付出，
當成理所當然。
那一刻，
心先碎，
眼淚跟上。",2025/12/31 14:41,"從外送奔波到現在走進美業 
創業失敗不可怕
可怕的是沒有重新的勇氣
想要每天不只生存，而是活得有能量",自律神經失調,business,
mengting.tsai.9,孟婷｜協會溫罐專業指導,"徵3位
睡不好的台南脆友
快來體驗艾草溫罐、面部撥撥
肩膀緊緊、頭有點沈
我本人親自操作
限時優惠價
台南永康",2025/12/30 23:28,"從外送奔波到現在走進美業 
創業失敗不可怕
可怕的是沒有重新的勇氣
想要每天不只生存，而是活得有能量",自律神經失調,business,
mengting.tsai.9,孟婷｜協會溫罐專業指導,"你有沒有發現，
越是有界線的人，
越不怕被說不好相處。
不是她高冷，
是她知道，
取悅所有人是最累的事。",2025/12/30 21:24,"從外送奔波到現在走進美業 
創業失敗不可怕
可怕的是沒有重新的勇氣
想要每天不只生存，而是活得有能量",自律神經失調,business,
mengting.tsai.9,孟婷｜協會溫罐專業指導,"月薪五萬，
最可怕的不是不夠用，
而是你開始被期待應該過得不錯。
你不能喊累、不能說窮，
因為身邊的人會輕描淡寫地說：
五萬很多了吧？
可只有你自己知道
房租、生活、家庭責任、未來規劃，
一樣一樣疊上來，
安全感不是變厚，
是被一層一層削薄。
你不敢亂花錢，
也不敢真的休息，
因為一停下來，
就怕撐不起現在這個看起來還行的人生。",2025/12/30 20:26,"從外送奔波到現在走進美業 
創業失敗不可怕
可怕的是沒有重新的勇氣
想要每天不只生存，而是活得有能量",自律神經失調,business,
mengting.tsai.9,孟婷｜協會溫罐專業指導,"媽媽說：女生最容易被騙的時候，
不是缺愛，
是還不夠強。
當你還在為一句關心感動，
別人早就算好成本了。",2025/12/30 13:12,"從外送奔波到現在走進美業 
創業失敗不可怕
可怕的是沒有重新的勇氣
想要每天不只生存，而是活得有能量",自律神經失調,business,
mengting.tsai.9,孟婷｜協會溫罐專業指導,"長期節食的 5 個結果：
1.	基礎代謝下降，越減越難瘦
2.	掉髮、皮膚乾、氣色差
3.	容易暴食反彈
4.	月經不規律（女生超常見）
5.	身體進入「省電模式」",2025/12/30 10:39,"從外送奔波到現在走進美業 
創業失敗不可怕
可怕的是沒有重新的勇氣
想要每天不只生存，而是活得有能量",自律神經失調,business,
mengting.tsai.9,孟婷｜協會溫罐專業指導,"長大後發現，
會替你開心的朋友，比看你笑話的稀有。",2025/12/29 23:50,"從外送奔波到現在走進美業 
創業失敗不可怕
可怕的是沒有重新的勇氣
想要每天不只生存，而是活得有能量",自律神經失調,business,
mengting.tsai.9,孟婷｜協會溫罐專業指導,"捨不得為你花錢的人，
不是理財觀念好，
是你不在他的優先順序。
他不是不花，
是只不花在你身上。",2025/12/29 19:51,"從外送奔波到現在走進美業 
創業失敗不可怕
可怕的是沒有重新的勇氣
想要每天不只生存，而是活得有能量",自律神經失調,business,
mengting.tsai.9,孟婷｜協會溫罐專業指導,"你有沒有發現：
越懂事、越不抱怨的人，
越容易被忽略需求；
越敢表達、不再硬撐的人，
反而比較被看見。
家庭裡真的存在「沉默懲罰」。
所以別再一個人扛了。
說累、說不行、說你需要幫忙，
不是不孝，
是你也是人。",2025/12/29 12:52,"從外送奔波到現在走進美業 
創業失敗不可怕
可怕的是沒有重新的勇氣
想要每天不只生存，而是活得有能量",自律神經失調,business,
mengting.tsai.9,孟婷｜協會溫罐專業指導,"荷爾蒙失衡的 5 個警訊：
1.	經前情緒暴躁或低落
2.	水腫嚴重、體重波動大
3.	痘痘反覆、皮膚不穩
4.	疲勞感揮之不去
5.	對運動與社交都沒興趣",2025/12/29 09:56,"從外送奔波到現在走進美業 
創業失敗不可怕
可怕的是沒有重新的勇氣
想要每天不只生存，而是活得有能量",自律神經失調,business,
mengting.tsai.9,孟婷｜協會溫罐專業指導,"高雄人～誰想學短影音
12/29 (一）早上10:00
在苓雅區，找3位一起玩艹
只要100塊！
教你用 Al+ Threads
45 秒就能生出一篇「會互動」的貼文、一起學、一起玩、還能交朋友",2025/12/28 16:39,"從外送奔波到現在走進美業 
創業失敗不可怕
可怕的是沒有重新的勇氣
想要每天不只生存，而是活得有能量",自律神經失調,business,
mengting.tsai.9,孟婷｜協會溫罐專業指導,"想請問有人一輩子都不結婚的嗎？
不排斥愛情，
只是很害怕婚姻。
這樣的人生，
後來會後悔嗎？",2025/12/28 15:30,"從外送奔波到現在走進美業 
創業失敗不可怕
可怕的是沒有重新的勇氣
想要每天不只生存，而是活得有能量",自律神經失調,business,
mengting.tsai.9,孟婷｜協會溫罐專業指導,"血糖失控的 5 個結果：
1.	吃完很快又餓，甜食停不下來
2.	下午精神暴跌，只想喝含糖飲料
3.	體脂卡關，特別是肚子瘦不下來
4.	情緒起伏大，容易焦躁
5.	飯後昏沉，專注力下降",2025/12/28 14:31,"從外送奔波到現在走進美業 
創業失敗不可怕
可怕的是沒有重新的勇氣
想要每天不只生存，而是活得有能量",自律神經失調,business,
mengting.tsai.9,孟婷｜協會溫罐專業指導,"愛你的人，
不會在你需要時消失。
他情緒一來就冷處理、斷聯、裝死，
卻說自己只是「需要空間」。
需要空間是真的，
但把你晾在原地，
是不負責任。",2025/12/28 10:40,"從外送奔波到現在走進美業 
創業失敗不可怕
可怕的是沒有重新的勇氣
想要每天不只生存，而是活得有能量",自律神經失調,business,
mengting.tsai.9,孟婷｜協會溫罐專業指導,"跟對的人在一起，
妳會越來越安心、越來越像自己；
跟錯的人在一起，
妳會一直懷疑自己夠不夠好。
愛不該讓人內耗。",2025/12/27 12:58,"從外送奔波到現在走進美業 
創業失敗不可怕
可怕的是沒有重新的勇氣
想要每天不只生存，而是活得有能量",自律神經失調,business,
mengting.tsai.9,孟婷｜協會溫罐專業指導,"一個人越不愛抱怨，
運氣就越不會卡關。
因為抱怨是在不斷向宇宙確認：
「我現在就在這個頻率。」
而宇宙，只會複製你正在發送的訊號。",2025/12/27 09:30,"從外送奔波到現在走進美業 
創業失敗不可怕
可怕的是沒有重新的勇氣
想要每天不只生存，而是活得有能量",自律神經失調,business,
mengting.tsai.9,孟婷｜協會溫罐專業指導,"睡眠不足的 5 個結果：
1.	食慾失控，特別想吃炸的甜的
2.	代謝下降，明明吃不多卻變胖
3.	情緒變差，一點小事就爆
4.	免疫力下降，反覆感冒
5.	記憶力變差，腦袋像沒開機",2025/12/27 06:59,"從外送奔波到現在走進美業 
創業失敗不可怕
可怕的是沒有重新的勇氣
想要每天不只生存，而是活得有能量",自律神經失調,business,
mengting.tsai.9,孟婷｜協會溫罐專業指導,"冬天越冷，越容易脫水
因為不口渴＝不代表不缺水。
聰明補：
溫水、小口喝，比等口渴有效。",2025/12/27 00:30,"從外送奔波到現在走進美業 
創業失敗不可怕
可怕的是沒有重新的勇氣
想要每天不只生存，而是活得有能量",自律神經失調,business,
mengting.tsai.9,孟婷｜協會溫罐專業指導,"媽媽說：一個女生最吃虧的事，
就是在自己還沒站穩之前，
先把人生押在一個男人身上。
因為你一旦沒底氣，
選到的，多半也不會是什麼好選擇。",2025/12/26 17:52,"從外送奔波到現在走進美業 
創業失敗不可怕
可怕的是沒有重新的勇氣
想要每天不只生存，而是活得有能量",自律神經失調,business,
mengting.tsai.9,孟婷｜協會溫罐專業指導,"你有沒有發現：
越隨叫隨到的朋友，
越容易被忽略；
越珍惜自己時間的人，
反而更被珍惜。
友情裡其實也有「稀缺法則」。
所以別再什麼都答應了。
選擇、保留、慢慢來，
不是變了，
是你長大了。",2025/12/26 15:42,"從外送奔波到現在走進美業 
創業失敗不可怕
可怕的是沒有重新的勇氣
想要每天不只生存，而是活得有能量",自律神經失調,business,
mengting.tsai.9,孟婷｜協會溫罐專業指導,"有人長期選擇不生小孩嗎？
不是討厭孩子，
只是很清楚自己負擔不起。
想知道，
這樣的選擇，
真的會比較孤單嗎？",2025/12/26 10:04,"從外送奔波到現在走進美業 
創業失敗不可怕
可怕的是沒有重新的勇氣
想要每天不只生存，而是活得有能量",自律神經失調,business,
mengting.tsai.9,孟婷｜協會溫罐專業指導,"是不是有很多情侶
早就沒有心動了，
卻還是沒有分開？
不是因為還愛，
而是捨不得沉沒成本。
感情最難放的，
從來不是人，
是曾經的付出。",2025/12/26 08:24,"從外送奔波到現在走進美業 
創業失敗不可怕
可怕的是沒有重新的勇氣
想要每天不只生存，而是活得有能量",自律神經失調,business,
mengting.tsai.9,孟婷｜協會溫罐專業指導,"很多人不是不想拍，
是站在鏡頭前就不知道手要放哪、眼睛要看哪。
這堂課就是來陪你練的。
12/26（五）早上｜台南東橋
10:00–12:00
鏡頭表現力練習課
場地費 100 元｜只收 3 人
不用厲害，只要願意開始。
想報名私訊我。",2025/12/25 19:40,"從外送奔波到現在走進美業 
創業失敗不可怕
可怕的是沒有重新的勇氣
想要每天不只生存，而是活得有能量",自律神經失調,business,
mengting.tsai.9,孟婷｜協會溫罐專業指導,"你有沒有發現：
越壓抑情緒的人，
身體越容易出問題；
越願意承認脆弱的人，
反而比較穩定。
情緒真的有「出口守恆」。
所以別再假裝沒事了。
哭、停、慢下來，
不是玻璃心，
是自我修復。",2025/12/25 13:26,"從外送奔波到現在走進美業 
創業失敗不可怕
可怕的是沒有重新的勇氣
想要每天不只生存，而是活得有能量",自律神經失調,business,
mengting.tsai.9,孟婷｜協會溫罐專業指導,"媽媽說：不要因為怕孤單，
就降低標準。
你以為是在談戀愛，
其實是在提前消耗自己的人生。",2025/12/25 11:00,"從外送奔波到現在走進美業 
創業失敗不可怕
可怕的是沒有重新的勇氣
想要每天不只生存，而是活得有能量",自律神經失調,business,
mengting.tsai.9,孟婷｜協會溫罐專業指導,"跟另一半在一起久了，
聊天頻率一定會下降。
不是不愛了，
是生活開始佔滿彼此的時間。
你們覺得
「每天聊天」是維繫感情
還是 有事再聊就好？",2025/12/25 09:40,"從外送奔波到現在走進美業 
創業失敗不可怕
可怕的是沒有重新的勇氣
想要每天不只生存，而是活得有能量",自律神經失調,business,
mengting.tsai.9,孟婷｜協會溫罐專業指導,"維持腸道順暢，避免小腹卡卡
1.	起床先喝溫水
2.	早餐避免只吃精製澱粉
3.	多吃蔬菜、木耳、地瓜
4.	用走路代替久坐
5.	情緒緊繃時腸道最容易罷工
6.	不要憋便
7.	排便不規律時先調作息
8.	腸道穩了，身體自然輕",2025/12/25 08:37,"從外送奔波到現在走進美業 
創業失敗不可怕
可怕的是沒有重新的勇氣
想要每天不只生存，而是活得有能量",自律神經失調,business,
mengting.tsai.9,孟婷｜協會溫罐專業指導,"一個人越常保持善意，
人生就越少遇到爛事。
不是因為他沒被考驗，
而是他的能量，會自動擋掉不必要的劫。
你怎麼對世界，世界就怎麼回應你。",2025/12/24 23:47,"從外送奔波到現在走進美業 
創業失敗不可怕
可怕的是沒有重新的勇氣
想要每天不只生存，而是活得有能量",自律神經失調,business,
mengting.tsai.9,孟婷｜協會溫罐專業指導,"如果你一直想經營 IG，
但每次打開限動都不知道要發什麼，
那你真的不是一個人。
12/25（四）早上
台中市北區｜10:00–12:00
 IG 限動引流練習課
100 元｜只收 3 人
不用厲害，只要願意開始。
想報名私訊我。",2025/12/24 16:16,"從外送奔波到現在走進美業 
創業失敗不可怕
可怕的是沒有重新的勇氣
想要每天不只生存，而是活得有能量",自律神經失調,business,
mengting.tsai.9,孟婷｜協會溫罐專業指導,"會反駁你的孩子不是壞，而是醒著的
有主見、有感受、有判斷，
這是未來最需要的能力。
能跟你討論的人，
長大後才有力量保護自己。",2025/12/24 14:00,"從外送奔波到現在走進美業 
創業失敗不可怕
可怕的是沒有重新的勇氣
想要每天不只生存，而是活得有能量",自律神經失調,business,
mengting.tsai.9,孟婷｜協會溫罐專業指導,"運氣好的人，通常都有這5個習慣
1. 說話不多，但句句算數
2. 不急著證明自己
3. 習慣先穩住情緒，再做決定
4. 不愛熱鬧，卻很有人緣
5. 做事慢，但很少走冤枉路
我看過很多命盤，
真正走得順的人，
不是跑最快的，
而是最穩的那個。",2025/12/24 13:00,"從外送奔波到現在走進美業 
創業失敗不可怕
可怕的是沒有重新的勇氣
想要每天不只生存，而是活得有能量",自律神經失調,business,
mengting.tsai.9,孟婷｜協會溫罐專業指導,"徵3位
睡不好的台南脆友
快來體驗艾草溫罐、面部撥撥
肩膀緊緊、頭有點沈
我本人親自操作
限時優惠價
台南永康",2025/12/24 12:00,"從外送奔波到現在走進美業 
創業失敗不可怕
可怕的是沒有重新的勇氣
想要每天不只生存，而是活得有能量",自律神經失調,business,
mengting.tsai.9,孟婷｜協會溫罐專業指導,"媽媽說：不要在低谷談戀愛。
因為那時候出現的人，
只要給你一點溫柔，
你就會誤以為是救贖。",2025/12/24 10:00,"從外送奔波到現在走進美業 
創業失敗不可怕
可怕的是沒有重新的勇氣
想要每天不只生存，而是活得有能量",自律神經失調,business,
mengting.tsai.9,孟婷｜協會溫罐專業指導,"冬天越冷，越多人肩頸痠痛
因為低溫會讓肌肉自動收縮防禦。
聰明補：
熱敷＋伸展，比忍痛有效。",2025/12/24 09:00,"從外送奔波到現在走進美業 
創業失敗不可怕
可怕的是沒有重新的勇氣
想要每天不只生存，而是活得有能量",自律神經失調,business,
mengting.tsai.9,孟婷｜協會溫罐專業指導,"磁場乾淨的人，身上有這5個特徵
1. 不愛八卦，也不傳是非
2. 情緒來得快，但走得更快
3. 不佔便宜，也不怕吃虧
4. 喜歡簡單的人際關係
5. 一個人也能過得自在
這種人命盤常見「貴人星不斷」，
不是因為他厲害，
是因為他的能量讓人安心。",2025/12/24 08:00,"從外送奔波到現在走進美業 
創業失敗不可怕
可怕的是沒有重新的勇氣
想要每天不只生存，而是活得有能量",自律神經失調,business,
mengting.tsai.9,孟婷｜協會溫罐專業指導,"早安呀
如果你最近也很累，
但又不敢停下來，
那你不是不夠努力，
只是太久沒有為自己活一次了。",2025/12/24 07:00,"從外送奔波到現在走進美業 
創業失敗不可怕
可怕的是沒有重新的勇氣
想要每天不只生存，而是活得有能量",自律神經失調,business,
mengting.tsai.9,孟婷｜協會溫罐專業指導,"很多人不是不想拍，
是站在鏡頭前就不知道手要放哪、眼睛要看哪。
這堂課就是來陪你練的。
12/26（五）早上｜台南東橋
10:00–12:00
鏡頭表現力練習課
場地費 100 元｜只收 3 人
不用厲害，只要願意開始。
想報名私訊我。",2025/12/23 20:59,"從外送奔波到現在走進美業 
創業失敗不可怕
可怕的是沒有重新的勇氣
想要每天不只生存，而是活得有能量",自律神經失調,business,
mengting.tsai.9,孟婷｜協會溫罐專業指導,"是不是有很多人
已經不快樂了，
但還是每天硬撐著上班？
不是因為熱愛工作，
而是房貸、生活、責任都在後面推。
成年人不是不想逃，
是不敢倒下。",2025/12/23 19:37,"從外送奔波到現在走進美業 
創業失敗不可怕
可怕的是沒有重新的勇氣
想要每天不只生存，而是活得有能量",自律神經失調,business,
mengting.tsai.9,孟婷｜協會溫罐專業指導,"找不到方向，其實是因為你一直忽略這3件事，努力沒錯，但方向錯了真的會很累。
#人生方向 #工作迷惘 #成長思維",2025/12/23 18:16,"從外送奔波到現在走進美業 
創業失敗不可怕
可怕的是沒有重新的勇氣
想要每天不只生存，而是活得有能量",自律神經失調,business,
mengting.tsai.9,孟婷｜協會溫罐專業指導,"有了另外一半，
請記得社群也是一種邊界。
不是不能按讚、不能聊天，
而是你心裡很清楚
什麼行為會讓對方不安。",2025/12/23 10:04,"從外送奔波到現在走進美業 
創業失敗不可怕
可怕的是沒有重新的勇氣
想要每天不只生存，而是活得有能量",自律神經失調,business,
mengting.tsai.9,孟婷｜協會溫罐專業指導,"婚姻最可怕的不是爭吵，
而是你開始
把對方當「室友」。
沒有期待，
也沒有失望。",2025/12/23 02:00,"從外送奔波到現在走進美業 
創業失敗不可怕
可怕的是沒有重新的勇氣
想要每天不只生存，而是活得有能量",自律神經失調,business,
mengting.tsai.9,孟婷｜協會溫罐專業指導,"是不是有很多人
其實不想生小孩，
卻還是生了？
不是因為準備好了，
而是年紀到了、家人催了、社會期待了。
後來才發現，
人生沒有後悔藥。",2025/12/22 21:43,"從外送奔波到現在走進美業 
創業失敗不可怕
可怕的是沒有重新的勇氣
想要每天不只生存，而是活得有能量",自律神經失調,business,
mengting.tsai.9,孟婷｜協會溫罐專業指導,"你有沒有發現：
越怕尷尬、越會撐場面的人，
越容易被當成理所當然；
越敢保持沉默、有界線的人，
反而更容易被尊重。
人際裡真的有種「界線法則」。
所以別再勉強自己好相處了。
安靜、不迎合、不解釋，
不是冷漠，
是你開始保護自己的能量。",2025/12/22 17:31,"從外送奔波到現在走進美業 
創業失敗不可怕
可怕的是沒有重新的勇氣
想要每天不只生存，而是活得有能量",自律神經失調,business,
mengting.tsai.9,孟婷｜協會溫罐專業指導,"真正有吸引力的女人，
不是一直被需要，
而是沒有誰，也能好好生活。
她的穩定，
本身就是一種力量。",2025/12/22 10:41,"從外送奔波到現在走進美業 
創業失敗不可怕
可怕的是沒有重新的勇氣
想要每天不只生存，而是活得有能量",自律神經失調,business,
mengting.tsai.9,孟婷｜協會溫罐專業指導,"徵3位
睡不好的台南脆友
快來體驗艾草溫罐、面部撥撥
肩膀緊緊、頭有點沈
我本人親自操作
限時優惠價
台南永康",2025/12/21 00:08,"從外送奔波到現在走進美業 
創業失敗不可怕
可怕的是沒有重新的勇氣
想要每天不只生存，而是活得有能量",自律神經失調,business,
mengting.tsai.9,孟婷｜協會溫罐專業指導,"冷知識：不讀不回不是忙，是不重要
真的在意你的人，
再忙也會回一句。
「沒空」只是最溫柔的拒絕。",2025/12/20 16:30,"從外送奔波到現在走進美業 
創業失敗不可怕
可怕的是沒有重新的勇氣
想要每天不只生存，而是活得有能量",自律神經失調,business,
mengting.tsai.9,孟婷｜協會溫罐專業指導,"女人不是生來就要當女王，
是這個世界逼她明白
能保護自己的，
從來只有自己。",2025/12/20 15:11,"從外送奔波到現在走進美業 
創業失敗不可怕
可怕的是沒有重新的勇氣
想要每天不只生存，而是活得有能量",自律神經失調,business,
guo_017,𝐒𝐀𝐋𝐋𝐘 🍁,"告誡大家不要完美主義、整天想當女強人
要學會放過自己、保持情緒穩定
不然健檢時會得到夢幻大禮包：
1. 自律神經失調
2. 胃食道逆流與胃炎
3. 甲狀腺疾病",2024/9/26 16:54,"大頭貼是我15歲的自拍照
不知不覺脆好像變成我的日記本",自律神經失調,pass,
guo_017,𝐒𝐀𝐋𝐋𝐘 🍁,"男友接了幾份私人案子，賺來的錢他也都統稱「我們的錢」、中發票也說是「我們的獎金」。
🥺🫶🏽🤍",2024/9/26 15:12,"大頭貼是我15歲的自拍照
不知不覺脆好像變成我的日記本",自律神經失調,pass,
guo_017,𝐒𝐀𝐋𝐋𝐘 🍁,"和男友交往至今仍然無法理解的一件事就是
每次過馬路他都覺得汽機車會讓他！
每次過馬路他都覺得汽機車會讓他！
每次過馬路他都覺得汽機車會讓他！
他：在歐洲，車子都會禮讓行人。別擔心，我相信他們會讓我的（眼神堅定）
我：（已經跑到對面不管他死活）
大哥！這裡是台灣！醒醒啊！🤣",2024/9/25 22:25,"大頭貼是我15歲的自拍照
不知不覺脆好像變成我的日記本",自律神經失調,pass,
guo_017,𝐒𝐀𝐋𝐋𝐘 🍁,超扯的啦這真的能算得上是朋友嗎😅,2024/9/25 11:58,"大頭貼是我15歲的自拍照
不知不覺脆好像變成我的日記本",自律神經失調,pass,
guo_017,𝐒𝐀𝐋𝐋𝐘 🍁,"我一直很想要有「能夠一起冒險的伴侶」
在生活上能有目標的執行某件事或無厘頭的發瘋
而男友就是這樣的人，總是陪我一不做二不休
看到脆上有一則貼文說早上5點起床散步會很爽
我問他願不願意和我一起執行這個會很爽的計畫
他爽快的答應了
於是我們晚上10點準時就寢，5點起床散步
清晨天空仍然灰濛濛的，甚至下著毛毛細雨
但我卻覺得在空無一人的街道
呼吸著帶點潮濕氣味的空氣
和他一起牽著手漫步、天南地北的聊天
真的好幸福喔。",2024/9/19 22:31,"大頭貼是我15歲的自拍照
不知不覺脆好像變成我的日記本",自律神經失調,pass,
dj_melody530,🔰Hi我是莎媽｜用心嚴選在把關｜限動及Line社群開團｜請善用精選動態複習下單◾️LINE群審核日：每月1-3號、15-17號|,"自律神經失調又發作了嗎
胸口會悶 
喘不過氣",2025/11/29 01:00,"裝潢日記｜好物開團｜生活碎片分享｜173公分
♥️我的生活都在IG:dj_melody530限動
♥️咪嚕 /20歲🐶 113.11.7立冬逝 永遠的家人
♥️祈求全家安康世界太平
♥️20歲考上手牌駕照
♥️偉士牌Vespa 90車友
♥️15年的幼教老師",自律神經失調,business,
dj_melody530,🔰Hi我是莎媽｜用心嚴選在把關｜限動及Line社群開團｜請善用精選動態複習下單◾️LINE群審核日：每月1-3號、15-17號|,"新家裝潢
要IH 還是明火好呢？",2025/11/28 22:55,"裝潢日記｜好物開團｜生活碎片分享｜173公分
♥️我的生活都在IG:dj_melody530限動
♥️咪嚕 /20歲🐶 113.11.7立冬逝 永遠的家人
♥️祈求全家安康世界太平
♥️20歲考上手牌駕照
♥️偉士牌Vespa 90車友
♥️15年的幼教老師",自律神經失調,business,
dj_melody530,🔰Hi我是莎媽｜用心嚴選在把關｜限動及Line社群開團｜請善用精選動態複習下單◾️LINE群審核日：每月1-3號、15-17號|,"天啊! 我真的會受不了那麼可愛又療癒的小玩意
11/26開始 在全家買5件巧克力
就直接送明治巧克力的聖誕水晶球
這幾天看 部分店都還有 
喜歡收藏療癒小物的趕緊去收購
明治巧克力第二件有6折 記得買2的倍數會比較划算喔
#水晶球 #明治巧克力 #全家 #全家便利商店 #聖誕節 #merrychrismas",2025/11/28 12:46,"裝潢日記｜好物開團｜生活碎片分享｜173公分
♥️我的生活都在IG:dj_melody530限動
♥️咪嚕 /20歲🐶 113.11.7立冬逝 永遠的家人
♥️祈求全家安康世界太平
♥️20歲考上手牌駕照
♥️偉士牌Vespa 90車友
♥️15年的幼教老師",自律神經失調,business,
dj_melody530,🔰Hi我是莎媽｜用心嚴選在把關｜限動及Line社群開團｜請善用精選動態複習下單◾️LINE群審核日：每月1-3號、15-17號|,小火快逃 大火關門,2025/11/28 10:29,"裝潢日記｜好物開團｜生活碎片分享｜173公分
♥️我的生活都在IG:dj_melody530限動
♥️咪嚕 /20歲🐶 113.11.7立冬逝 永遠的家人
♥️祈求全家安康世界太平
♥️20歲考上手牌駕照
♥️偉士牌Vespa 90車友
♥️15年的幼教老師",自律神經失調,business,
dj_melody530,🔰Hi我是莎媽｜用心嚴選在把關｜限動及Line社群開團｜請善用精選動態複習下單◾️LINE群審核日：每月1-3號、15-17號|,☺️,2025/11/28 01:42,"裝潢日記｜好物開團｜生活碎片分享｜173公分
♥️我的生活都在IG:dj_melody530限動
♥️咪嚕 /20歲🐶 113.11.7立冬逝 永遠的家人
♥️祈求全家安康世界太平
♥️20歲考上手牌駕照
♥️偉士牌Vespa 90車友
♥️15年的幼教老師",自律神經失調,business,
dj_melody530,🔰Hi我是莎媽｜用心嚴選在把關｜限動及Line社群開團｜請善用精選動態複習下單◾️LINE群審核日：每月1-3號、15-17號|,🇯🇵,2025/11/27 21:31,"裝潢日記｜好物開團｜生活碎片分享｜173公分
♥️我的生活都在IG:dj_melody530限動
♥️咪嚕 /20歲🐶 113.11.7立冬逝 永遠的家人
♥️祈求全家安康世界太平
♥️20歲考上手牌駕照
♥️偉士牌Vespa 90車友
♥️15年的幼教老師",自律神經失調,business,
dj_melody530,🔰Hi我是莎媽｜用心嚴選在把關｜限動及Line社群開團｜請善用精選動態複習下單◾️LINE群審核日：每月1-3號、15-17號|,"是我我會生氣🔥
畢竟這個還要穿出去
並沒有要讓大家知道我小孩叫什麼名字
如果是學校專屬室內鞋這個我同意！
這老師真的太瞎了！！",2025/11/27 20:46,"裝潢日記｜好物開團｜生活碎片分享｜173公分
♥️我的生活都在IG:dj_melody530限動
♥️咪嚕 /20歲🐶 113.11.7立冬逝 永遠的家人
♥️祈求全家安康世界太平
♥️20歲考上手牌駕照
♥️偉士牌Vespa 90車友
♥️15年的幼教老師",自律神經失調,business,
dj_melody530,🔰Hi我是莎媽｜用心嚴選在把關｜限動及Line社群開團｜請善用精選動態複習下單◾️LINE群審核日：每月1-3號、15-17號|,2027,2025/11/27 01:44,"裝潢日記｜好物開團｜生活碎片分享｜173公分
♥️我的生活都在IG:dj_melody530限動
♥️咪嚕 /20歲🐶 113.11.7立冬逝 永遠的家人
♥️祈求全家安康世界太平
♥️20歲考上手牌駕照
♥️偉士牌Vespa 90車友
♥️15年的幼教老師",自律神經失調,business,
dj_melody530,🔰Hi我是莎媽｜用心嚴選在把關｜限動及Line社群開團｜請善用精選動態複習下單◾️LINE群審核日：每月1-3號、15-17號|,🔥,2025/11/27 01:34,"裝潢日記｜好物開團｜生活碎片分享｜173公分
♥️我的生活都在IG:dj_melody530限動
♥️咪嚕 /20歲🐶 113.11.7立冬逝 永遠的家人
♥️祈求全家安康世界太平
♥️20歲考上手牌駕照
♥️偉士牌Vespa 90車友
♥️15年的幼教老師",自律神經失調,business,
dj_melody530,🔰Hi我是莎媽｜用心嚴選在把關｜限動及Line社群開團｜請善用精選動態複習下單◾️LINE群審核日：每月1-3號、15-17號|,"看到媽媽一直保有活力
我就放心也開心了❤️",2025/11/25 23:36,"裝潢日記｜好物開團｜生活碎片分享｜173公分
♥️我的生活都在IG:dj_melody530限動
♥️咪嚕 /20歲🐶 113.11.7立冬逝 永遠的家人
♥️祈求全家安康世界太平
♥️20歲考上手牌駕照
♥️偉士牌Vespa 90車友
♥️15年的幼教老師",自律神經失調,business,
dj_melody530,🔰Hi我是莎媽｜用心嚴選在把關｜限動及Line社群開團｜請善用精選動態複習下單◾️LINE群審核日：每月1-3號、15-17號|,過生活,2025/11/25 16:32,"裝潢日記｜好物開團｜生活碎片分享｜173公分
♥️我的生活都在IG:dj_melody530限動
♥️咪嚕 /20歲🐶 113.11.7立冬逝 永遠的家人
♥️祈求全家安康世界太平
♥️20歲考上手牌駕照
♥️偉士牌Vespa 90車友
♥️15年的幼教老師",自律神經失調,business,
dj_melody530,🔰Hi我是莎媽｜用心嚴選在把關｜限動及Line社群開團｜請善用精選動態複習下單◾️LINE群審核日：每月1-3號、15-17號|,"9月時收到衛生所簡訊提醒寶寶打疫苗的事 
今天親自來衛生所詢問
🈵5歲的寶寶記得打
1.白喉破傷風非細胞性百日咳及不活化小兒麻痺混合疫苗
2.麻疹腮腺炎德國痲疹混合疫苗
也是比較容易忘記打的疫苗
因為距離上次是2歲的時候忘記是很正常 😂
這有兩劑要打 一針打左邊 一針右邊
當天一起打也可以
或是間隔一週再施打另一劑也可以
我這裡的衛生所是週一週四 8:30-11:30都可以打
他說人多都要等上一個多小時
或是到家裡附近有提供施打疫苗的小兒科
這個就要自己找看看哪裡有
去診所要掛號費 但是來衛生所不用喔！
#育兒分享",2025/11/25 16:31,"裝潢日記｜好物開團｜生活碎片分享｜173公分
♥️我的生活都在IG:dj_melody530限動
♥️咪嚕 /20歲🐶 113.11.7立冬逝 永遠的家人
♥️祈求全家安康世界太平
♥️20歲考上手牌駕照
♥️偉士牌Vespa 90車友
♥️15年的幼教老師",自律神經失調,business,
dj_melody530,🔰Hi我是莎媽｜用心嚴選在把關｜限動及Line社群開團｜請善用精選動態複習下單◾️LINE群審核日：每月1-3號、15-17號|,"忙到總算有一點進度了
#裝潢日記",2025/11/24 22:20,"裝潢日記｜好物開團｜生活碎片分享｜173公分
♥️我的生活都在IG:dj_melody530限動
♥️咪嚕 /20歲🐶 113.11.7立冬逝 永遠的家人
♥️祈求全家安康世界太平
♥️20歲考上手牌駕照
♥️偉士牌Vespa 90車友
♥️15年的幼教老師",自律神經失調,business,
dj_melody530,🔰Hi我是莎媽｜用心嚴選在把關｜限動及Line社群開團｜請善用精選動態複習下單◾️LINE群審核日：每月1-3號、15-17號|,8年前的今天 我在日本奈良😍,2025/11/23 15:01,"裝潢日記｜好物開團｜生活碎片分享｜173公分
♥️我的生活都在IG:dj_melody530限動
♥️咪嚕 /20歲🐶 113.11.7立冬逝 永遠的家人
♥️祈求全家安康世界太平
♥️20歲考上手牌駕照
♥️偉士牌Vespa 90車友
♥️15年的幼教老師",自律神經失調,business,
dj_melody530,🔰Hi我是莎媽｜用心嚴選在把關｜限動及Line社群開團｜請善用精選動態複習下單◾️LINE群審核日：每月1-3號、15-17號|,"操控遊戲 會不會太好看了
忍不住想看下去
但要等待
🥹🥹🥹
韓劇推推 趕快去追",2025/11/23 04:33,"裝潢日記｜好物開團｜生活碎片分享｜173公分
♥️我的生活都在IG:dj_melody530限動
♥️咪嚕 /20歲🐶 113.11.7立冬逝 永遠的家人
♥️祈求全家安康世界太平
♥️20歲考上手牌駕照
♥️偉士牌Vespa 90車友
♥️15年的幼教老師",自律神經失調,business,
dj_melody530,🔰Hi我是莎媽｜用心嚴選在把關｜限動及Line社群開團｜請善用精選動態複習下單◾️LINE群審核日：每月1-3號、15-17號|,"為什麼每次打字
「我」都很容易打成「烏鴉」⋯
你們也是嗎",2025/11/22 23:15,"裝潢日記｜好物開團｜生活碎片分享｜173公分
♥️我的生活都在IG:dj_melody530限動
♥️咪嚕 /20歲🐶 113.11.7立冬逝 永遠的家人
♥️祈求全家安康世界太平
♥️20歲考上手牌駕照
♥️偉士牌Vespa 90車友
♥️15年的幼教老師",自律神經失調,business,
dj_melody530,🔰Hi我是莎媽｜用心嚴選在把關｜限動及Line社群開團｜請善用精選動態複習下單◾️LINE群審核日：每月1-3號、15-17號|,"陽明山硫磺谷♨️
冬天要到了
泡湯的季節來啦
有推薦的泡湯所嗎",2025/11/22 17:47,"裝潢日記｜好物開團｜生活碎片分享｜173公分
♥️我的生活都在IG:dj_melody530限動
♥️咪嚕 /20歲🐶 113.11.7立冬逝 永遠的家人
♥️祈求全家安康世界太平
♥️20歲考上手牌駕照
♥️偉士牌Vespa 90車友
♥️15年的幼教老師",自律神經失調,business,
dj_melody530,🔰Hi我是莎媽｜用心嚴選在把關｜限動及Line社群開團｜請善用精選動態複習下單◾️LINE群審核日：每月1-3號、15-17號|,"金莎牛奶巧克力塊
不難吃 但也沒有到非常好吃
🤣🤣🤣
覺得太甜了 
而且價格不便宜要169
嘗鮮就好 😂
7-11 巧克力 2件8折 3件77折",2025/11/19 22:58,"裝潢日記｜好物開團｜生活碎片分享｜173公分
♥️我的生活都在IG:dj_melody530限動
♥️咪嚕 /20歲🐶 113.11.7立冬逝 永遠的家人
♥️祈求全家安康世界太平
♥️20歲考上手牌駕照
♥️偉士牌Vespa 90車友
♥️15年的幼教老師",自律神經失調,business,
dj_melody530,🔰Hi我是莎媽｜用心嚴選在把關｜限動及Line社群開團｜請善用精選動態複習下單◾️LINE群審核日：每月1-3號、15-17號|,飛碟🛸,2025/11/19 19:53,"裝潢日記｜好物開團｜生活碎片分享｜173公分
♥️我的生活都在IG:dj_melody530限動
♥️咪嚕 /20歲🐶 113.11.7立冬逝 永遠的家人
♥️祈求全家安康世界太平
♥️20歲考上手牌駕照
♥️偉士牌Vespa 90車友
♥️15年的幼教老師",自律神經失調,business,
dj_melody530,🔰Hi我是莎媽｜用心嚴選在把關｜限動及Line社群開團｜請善用精選動態複習下單◾️LINE群審核日：每月1-3號、15-17號|,"有火鍋店或餐廳不限時間的嗎 請推薦我們 有包廂更好 我們想玩交換禮物 然後我們這群有點吵🤣 聒噪的女人們 哈哈 ～ 還有小孩 人數大概15-20位上下
日期12月下旬
桃園/林口/雙北 皆可推薦☺️",2025/11/19 15:15,"裝潢日記｜好物開團｜生活碎片分享｜173公分
♥️我的生活都在IG:dj_melody530限動
♥️咪嚕 /20歲🐶 113.11.7立冬逝 永遠的家人
♥️祈求全家安康世界太平
♥️20歲考上手牌駕照
♥️偉士牌Vespa 90車友
♥️15年的幼教老師",自律神經失調,business,
dj_melody530,🔰Hi我是莎媽｜用心嚴選在把關｜限動及Line社群開團｜請善用精選動態複習下單◾️LINE群審核日：每月1-3號、15-17號|,"馬的 噁心死了！
坐我旁邊男子一直挖鼻孔
直接起身離開他 換別的位置坐
要挖你回家挖好嗎！
噁心死了",2025/11/18 13:52,"裝潢日記｜好物開團｜生活碎片分享｜173公分
♥️我的生活都在IG:dj_melody530限動
♥️咪嚕 /20歲🐶 113.11.7立冬逝 永遠的家人
♥️祈求全家安康世界太平
♥️20歲考上手牌駕照
♥️偉士牌Vespa 90車友
♥️15年的幼教老師",自律神經失調,business,
dj_melody530,🔰Hi我是莎媽｜用心嚴選在把關｜限動及Line社群開團｜請善用精選動態複習下單◾️LINE群審核日：每月1-3號、15-17號|,"10年了🤣🤣🤣
白天幼教老師
晚上餐廳領檯",2025/11/17 18:59,"裝潢日記｜好物開團｜生活碎片分享｜173公分
♥️我的生活都在IG:dj_melody530限動
♥️咪嚕 /20歲🐶 113.11.7立冬逝 永遠的家人
♥️祈求全家安康世界太平
♥️20歲考上手牌駕照
♥️偉士牌Vespa 90車友
♥️15年的幼教老師",自律神經失調,business,
dj_melody530,🔰Hi我是莎媽｜用心嚴選在把關｜限動及Line社群開團｜請善用精選動態複習下單◾️LINE群審核日：每月1-3號、15-17號|,"能生長在台灣真的超幸福☺️
台灣郎🇹🇼",2025/11/16 23:53,"裝潢日記｜好物開團｜生活碎片分享｜173公分
♥️我的生活都在IG:dj_melody530限動
♥️咪嚕 /20歲🐶 113.11.7立冬逝 永遠的家人
♥️祈求全家安康世界太平
♥️20歲考上手牌駕照
♥️偉士牌Vespa 90車友
♥️15年的幼教老師",自律神經失調,business,
hyy240701,在路上的心理獅🦁,"有朋友問我：「自律神經失調是什麼？」
其實，它不是一個正式的醫學診斷。
比較像是一種「暫時的標籤」──當你常常頭暈、耳鳴、心悸、腸胃亂掉，但檢查卻查不出原因時，人們就會說這是「自律神經失調」。
很多時候，這和壓力、焦慮或情緒困擾有關，但又還沒到焦慮症、憂鬱症的程度。
在諮商中，要改善這些狀況，通常需要一段時間。
因為自律神經失調的人，往往不容易馬上察覺或表達自己的情緒，甚至覺得「好像沒什麼感覺」。
但身體的頭暈、心悸、腸胃不適，其實就是一種「超載的提醒」──替你說出心裡還沒說出口的話。
一句話總結：自律神經失調，不是病名，而是身心在提醒你「我快撐不住了」。",2025/9/22 11:14,桃園心途心理諮商所長工aka所長｜我的專長乖乖躺在下方官網，歡迎自行翻閱｜喜歡聊心理學｜想說要講幹話但不自覺又認真起來｜不知名日常瑣事分享家｜是把少女時代寫進碩論謝誌的人,自律神經失調,business,
hyy240701,在路上的心理獅🦁,"這個社會，總期待英雄和狗熊的出現。
於是心理師被超理想化，當然也反映了社會大眾對心理健康的迷思。加上媒體去脈絡化、追求點擊率的推波助瀾，每次有憾事發生時，總會看到熟悉的劇本：
1.把困難投射給心理師/輔導老師，好像這樣就不用面對更龐大的系統性問題（校園環境、制度壓力、家庭因素）。
2.當結果不如預期，諮商中心/輔導室立刻成為「替代羔羊」——反正失望與憤怒，總得有人背🤷",2025/9/21 13:47,桃園心途心理諮商所長工aka所長｜我的專長乖乖躺在下方官網，歡迎自行翻閱｜喜歡聊心理學｜想說要講幹話但不自覺又認真起來｜不知名日常瑣事分享家｜是把少女時代寫進碩論謝誌的人,自律神經失調,business,
hyy240701,在路上的心理獅🦁,"原諒是種選擇。
之所以不願原諒，
或許只是不願在沒有界線的地方，一再妥協，讓自己一次次碎裂。",2025/9/21 08:52,桃園心途心理諮商所長工aka所長｜我的專長乖乖躺在下方官網，歡迎自行翻閱｜喜歡聊心理學｜想說要講幹話但不自覺又認真起來｜不知名日常瑣事分享家｜是把少女時代寫進碩論謝誌的人,自律神經失調,business,
hyy240701,在路上的心理獅🦁,"有時候，我們會想迴避與他人建立更深的連結。害怕對方靠得太近，就會看見自己不想被發現的一面。理性上，我們或許知道：「沒關係，這只是想太多了。」
然而，情感裡依然會浮現不安、抗拒，甚至在努力踏出一步之後，又退回到那個既焦慮卻又熟悉安全的位置。
但這段過程，不妨想像成一針一線在縫補心的裂縫。雖然辛苦，但在不斷的拉扯與修補的反覆之間，心也會慢慢變得更堅韌。
—為什麼總是感到那麼受傷",2025/9/20 08:46,桃園心途心理諮商所長工aka所長｜我的專長乖乖躺在下方官網，歡迎自行翻閱｜喜歡聊心理學｜想說要講幹話但不自覺又認真起來｜不知名日常瑣事分享家｜是把少女時代寫進碩論謝誌的人,自律神經失調,business,
hyy240701,在路上的心理獅🦁,"今天督導的時候聊到和議員合作要去服務處駐點，提供心理諮詢的事情。
督導問我說：妳喜歡這樣的角色嗎？第一線做推廣？
我說：其實我也不知道，不過在我能力所及之下，我是樂意的，但需要保有界線架構。
督導結束後，我想了想，「保有界線架構」在網路上還好，離開諮商所，不上脆我就下班了。但生活中真的就是一件難事。
只要被知道心理師的身分，被問就成了常態。連上次諮商所的廠商要換飲水機濾芯，都會順口一問自己的誰誰誰要怎麼辦，總之這種猝不及防很難拒絕也很難有架構。",2025/9/19 16:50,桃園心途心理諮商所長工aka所長｜我的專長乖乖躺在下方官網，歡迎自行翻閱｜喜歡聊心理學｜想說要講幹話但不自覺又認真起來｜不知名日常瑣事分享家｜是把少女時代寫進碩論謝誌的人,自律神經失調,business,
hyy240701,在路上的心理獅🦁,"下禮拜大學就要回到大學開始這學期的兼任。
然後今天就一直收到派案信件，我的前同事真的沒有要讓我當薪水小偷的意思耶😅。
不過，這兩年可以理解為什麼剛出道的行動心理師會喜歡在學校，因為雖然學校的鐘點費少到對不起那張國家證照，但就是穩定。",2025/9/18 17:27,桃園心途心理諮商所長工aka所長｜我的專長乖乖躺在下方官網，歡迎自行翻閱｜喜歡聊心理學｜想說要講幹話但不自覺又認真起來｜不知名日常瑣事分享家｜是把少女時代寫進碩論謝誌的人,自律神經失調,business,
hyy240701,在路上的心理獅🦁,"最近被朋友推坑《膽大黨》。
某集星子阿嬤和徒弟的對話，讓我很有感：
「大人就是一肩扛起小孩遇到的問題，告訴他們想怎麼做都行。」
「但讓小孩認清事實，也是大人的責任。」
這就是大人的為難吧。
想保護，又得放手；想給自由，卻不得不顧現實。
想想心理諮商也是這樣。
接住來談者的痛，給予理解與溫柔，但同時，也要陪他們直面事實。溫柔與誠實之間來回。
Ps: 高速婆婆實在太迷人，大愛🥰",2025/9/18 10:27,桃園心途心理諮商所長工aka所長｜我的專長乖乖躺在下方官網，歡迎自行翻閱｜喜歡聊心理學｜想說要講幹話但不自覺又認真起來｜不知名日常瑣事分享家｜是把少女時代寫進碩論謝誌的人,自律神經失調,business,
hyy240701,在路上的心理獅🦁,"從小，我們就被「羞羞臉」、「別讓人家看笑話」的羞恥感綁架（典型的亞洲父母教育）。
長大後，這份羞恥感變成一種無形的枷鎖：我們害怕犯錯、追求完美，深怕一不小心，那個「不夠好」的自己就會被看見。當回憶閃現，身體會不由自主地想逃，用滑手機行我不自覺的發出聲來轉移不適。
羞恥感最可怕的地方，就是讓人孤立和自我隔離。
「我就爛」「我很糟糕」，這些隱藏在心中的秘密想法讓我們不敢開口，想把自己藏起來。
說出來，打破秘密是第一步。
找一個你信任的人，把內心的糾結說出來。當被理解後，我們才能慢慢理性看自己，不再被羞恥吞沒。",2025/9/16 20:49,桃園心途心理諮商所長工aka所長｜我的專長乖乖躺在下方官網，歡迎自行翻閱｜喜歡聊心理學｜想說要講幹話但不自覺又認真起來｜不知名日常瑣事分享家｜是把少女時代寫進碩論謝誌的人,自律神經失調,business,
hyy240701,在路上的心理獅🦁,"前陣子看新聞說明年青壯方案仍會續辦。
很多人說「青壯三次根本沒用」，這點我也認同，畢竟三次光是釐清自己就很有限，頂多像沙漠裡的一片綠洲，提供支持，必要時提供轉介。
不用期待人生靠著短短3小時就有偉大的變化，畢竟心理師讀的是諮商所或我臨床所，不是霍格華茲🙂
話說回來，政府確實只補助三次，但如果覺得有幫助，還是可以自費延長到六次、八次，讓過程更完整。",2025/9/15 10:22,桃園心途心理諮商所長工aka所長｜我的專長乖乖躺在下方官網，歡迎自行翻閱｜喜歡聊心理學｜想說要講幹話但不自覺又認真起來｜不知名日常瑣事分享家｜是把少女時代寫進碩論謝誌的人,自律神經失調,business,
hyy240701,在路上的心理獅🦁,分組報告真的是大學生諮商最常出現的素材與困擾，是邁向社會化的天堂路(或修羅場....,2025/9/13 00:57,桃園心途心理諮商所長工aka所長｜我的專長乖乖躺在下方官網，歡迎自行翻閱｜喜歡聊心理學｜想說要講幹話但不自覺又認真起來｜不知名日常瑣事分享家｜是把少女時代寫進碩論謝誌的人,自律神經失調,business,
hyy240701,在路上的心理獅🦁,"狀態好時，諮商談議題；狀態不好時，諮商像復健。
急性期以藥物治療為主，諮商只是輔助陪伴。",2025/9/11 13:51,桃園心途心理諮商所長工aka所長｜我的專長乖乖躺在下方官網，歡迎自行翻閱｜喜歡聊心理學｜想說要講幹話但不自覺又認真起來｜不知名日常瑣事分享家｜是把少女時代寫進碩論謝誌的人,自律神經失調,business,
hyy240701,在路上的心理獅🦁,"今天是自殺防治日。
以前在學校工作的時候，需要承辦自殺防治的宣導。 很直白地說，學生對這主題興趣缺缺，甚至覺得沒用（而且便當的吸引力對學生也越來越低😅
以社畜這個腳色來說，辦活動是回應教育部和學校的KPI。但身為心理師，我仍覺得這主題有說的必要。
尤其是每次看到學生帶著「狀態不對勁的同學或室友」來諮商中心，就真的會讓我有種做對什麼的感覺。
所以，請記住：
✨ 一問：關懷詢問，積極傾聽
✨ 二應：適當回應，支持陪伴
✨ 三轉介：在學校就找諮商中心，在社區就醫",2025/9/10 22:34,桃園心途心理諮商所長工aka所長｜我的專長乖乖躺在下方官網，歡迎自行翻閱｜喜歡聊心理學｜想說要講幹話但不自覺又認真起來｜不知名日常瑣事分享家｜是把少女時代寫進碩論謝誌的人,自律神經失調,business,
hyy240701,在路上的心理獅🦁,"最近陪聊、心理諮詢、療癒師一直出現，讓我想起一件往事。
我在研究所時期，發現有個的也讀諮商所研究生，開FB了個粉專，並在網路雜誌上寫文章，必須說他文章很會寫，但不OK的是，他直接在FB與PTT大剌剌寫說自己提供諮詢服務並定價（記得好像1000？
那時候也很多人跟他說這樣其實違反諮商倫理，我很不客氣的回文問他「諮商倫理讀到哪去了？」
結果他回我：
我是在做諮詢沒有諮商倫理的問題。
這句話很經典，到現在都是灰色地帶的金句，但說到底，就只是自我的合理化而已，換個名稱不會讓責任消失，只會更凸顯自己對專業的無知與誤解。",2025/9/10 10:56,桃園心途心理諮商所長工aka所長｜我的專長乖乖躺在下方官網，歡迎自行翻閱｜喜歡聊心理學｜想說要講幹話但不自覺又認真起來｜不知名日常瑣事分享家｜是把少女時代寫進碩論謝誌的人,自律神經失調,business,
hyy240701,在路上的心理獅🦁,"有些個案談著談著，會發現自己很像那個討厭的父母。
人總會認同那個讓自己痛苦的對象。
小時候被拋下或忽視，長大後就在關係裡不自覺複製，只是這次角色換了。
那麼，她想要的是什麼呢？
我想是期待能因此治好自己的傷
其實那是一種內在渴望修復的嘗試。
只是，在真正意識到自己在做什麼之前，常常又以失敗收場。",2025/9/9 18:45,桃園心途心理諮商所長工aka所長｜我的專長乖乖躺在下方官網，歡迎自行翻閱｜喜歡聊心理學｜想說要講幹話但不自覺又認真起來｜不知名日常瑣事分享家｜是把少女時代寫進碩論謝誌的人,自律神經失調,business,
designer.lin20290fire,欸，戴西這樣對嗎？,"今天打掃房間
竟然翻到一本之前寫的痛苦筆記
2020年自律神經失調大爆發
我把職場的痛苦，身體的痛苦寫進去
那時看了多少次醫生不停在吞藥，失眠、恐慌、焦慮，哭過多少次
看到內容
都覺得我之前怎麼熬過來的😆😆
現在我的自律神經失調好了！真的好了！
真的很感謝努力恢復的自己
斷掉有毒職場和同事
我真棒🫶",2025/9/11 21:30,"嗨！陌生人
🍚  INFP｜逃離職場的 UI/UX 設計師
👀  探索「不上班也能活」的 N 種方式
🥚  低潮復原路上 X 自我覺察
👻  \ 我獨自發神經 /  療癒自己，偶爾療癒你",自律神經失調,pass,
designer.lin20290fire,欸，戴西這樣對嗎？,"和朋友聊聊
原來我在她們心中是個養生的人😆
我也沒有特意克制，有記憶以來就是這樣
不太吃甜食，沒有甜食胃
不喝牛奶，奶茶也不愛
不喝咖啡，會睡不著
不吃麵包
不喝酒
雞排滷味好幾年沒吃過了
雖然這樣我還是爛胃一個?
她們聽到都覺得沒有甜食人生好無趣
我是覺得還好啦😂",2025/9/11 00:30,"嗨！陌生人
🍚  INFP｜逃離職場的 UI/UX 設計師
👀  探索「不上班也能活」的 N 種方式
🥚  低潮復原路上 X 自我覺察
👻  \ 我獨自發神經 /  療癒自己，偶爾療癒你",自律神經失調,pass,
designer.lin20290fire,欸，戴西這樣對嗎？,"✨ 最近開始顯化練習 ✨
我在試著用更專注的心態，去想像並吸引自己想要的狀態或事物。
每天會做一點小小的冥想，或是寫下感恩清單，慢慢感覺自己心境有改變。
想問問大家：
有什麼讓顯化容易成功的小技巧？
有沒有真實發生過的「顯化成功」事蹟，讓你覺得很神奇？
我覺得聽到別人的經驗，會讓自己更有力量",2025/9/9 21:39,"嗨！陌生人
🍚  INFP｜逃離職場的 UI/UX 設計師
👀  探索「不上班也能活」的 N 種方式
🥚  低潮復原路上 X 自我覺察
👻  \ 我獨自發神經 /  療癒自己，偶爾療癒你",自律神經失調,pass,
designer.lin20290fire,欸，戴西這樣對嗎？,"哈嘍👋
1986年出生的同學們，即將40歲的你
現在好嗎？
在做什麼工作？
身體還健康嗎？
現在的我待業
正在每個方向多方試試，焦慮與低潮沒停過
不婚不生，一個人過著低成本生活
日子雖然平淡，但我更珍惜健康，因為那才是最重要的",2025/9/8 00:17,"嗨！陌生人
🍚  INFP｜逃離職場的 UI/UX 設計師
👀  探索「不上班也能活」的 N 種方式
🥚  低潮復原路上 X 自我覺察
👻  \ 我獨自發神經 /  療癒自己，偶爾療癒你",自律神經失調,pass,
designer.lin20290fire,欸，戴西這樣對嗎？,"你會在生日的時候，替自己準備一份禮物嗎？
最近我在想，或許該對自己好一點，送上一份特別又有紀念性的酷東西。
想問問大家：
👉 你有過送自己生日禮物的經驗嗎？
👉 不管幾歲，哪一次的生日，是你最珍惜、最難忘的回憶呢？",2025/9/7 22:00,"嗨！陌生人
🍚  INFP｜逃離職場的 UI/UX 設計師
👀  探索「不上班也能活」的 N 種方式
🥚  低潮復原路上 X 自我覺察
👻  \ 我獨自發神經 /  療癒自己，偶爾療癒你",自律神經失調,pass,
designer.lin20290fire,欸，戴西這樣對嗎？,"這陣子情緒真的很不穩定，整個像在坐雲霄飛車
一下子覺得自己充滿幹勁，一下子又突然陷進低潮，腦袋還會不斷自我懷疑：「我到底怎麼了？」
但後來想想，好像也不用逼自己隨時都要保持在最佳狀態。
人本來就會有起有落，心情的低谷或反覆，或許只是身體和心在提醒我：正在調整。
我也還在練習放過自己，接受這些波動，不要因為起伏就覺得自己不夠好。
雖然有時候真的會懷疑自己是不是有憂鬱症。我是嗎？怎樣算是？",2025/9/6 22:50,"嗨！陌生人
🍚  INFP｜逃離職場的 UI/UX 設計師
👀  探索「不上班也能活」的 N 種方式
🥚  低潮復原路上 X 自我覺察
👻  \ 我獨自發神經 /  療癒自己，偶爾療癒你",自律神經失調,pass,
designer.lin20290fire,欸，戴西這樣對嗎？,"最近有在練習畫畫
今天心無法定下來，很躁動
想說先來畫畫好了
畫畫好像有一種魔力
我專注的畫了兩個多小時
後續接著做別的事項，也有耐心了
真的很喜歡這種感覺❤️",2025/9/4 20:57,"嗨！陌生人
🍚  INFP｜逃離職場的 UI/UX 設計師
👀  探索「不上班也能活」的 N 種方式
🥚  低潮復原路上 X 自我覺察
👻  \ 我獨自發神經 /  療癒自己，偶爾療癒你",自律神經失調,pass,
designer.lin20290fire,欸，戴西這樣對嗎？,"想問問大家～
有沒有自由工作者可以分享
像是創業、遠距上班、數位遊牧的生活都好
一直很嚮往這種工作方式
但真的不知道要怎麼開始
想聽聽你們的經驗跟故事 🙏",2025/9/3 20:44,"嗨！陌生人
🍚  INFP｜逃離職場的 UI/UX 設計師
👀  探索「不上班也能活」的 N 種方式
🥚  低潮復原路上 X 自我覺察
👻  \ 我獨自發神經 /  療癒自己，偶爾療癒你",自律神經失調,pass,
designer.lin20290fire,欸，戴西這樣對嗎？,"吃生牡蠣真的要小心
朋友都上吐下瀉
剩我沒事，我剉咧等
以後不敢吃了😢😢",2025/9/2 20:57,"嗨！陌生人
🍚  INFP｜逃離職場的 UI/UX 設計師
👀  探索「不上班也能活」的 N 種方式
🥚  低潮復原路上 X 自我覺察
👻  \ 我獨自發神經 /  療癒自己，偶爾療癒你",自律神經失調,pass,
designer.lin20290fire,欸，戴西這樣對嗎？,"今天一起床就
情緒波動大、思緒混亂
憂鬱難受
真的是因為太陽磁爆嗎？",2025/9/2 09:52,"嗨！陌生人
🍚  INFP｜逃離職場的 UI/UX 設計師
👀  探索「不上班也能活」的 N 種方式
🥚  低潮復原路上 X 自我覺察
👻  \ 我獨自發神經 /  療癒自己，偶爾療癒你",自律神經失調,pass,
designer.lin20290fire,欸，戴西這樣對嗎？,"📆 八月回顧
八月的我，求職一樣不順利，但有開始行動一些事：
👩‍💻 面試了六間公司，沒下文很沮喪
🎧 上架 3 支音樂影片
📚 看完 4 本書
🖌 開始用 Procreate 畫畫創作
🧘‍♀️ 慢慢練習冥想
有些意外收入，也有開心的事
多了解自己，努力不讓自己內耗
有勇敢一點嘗試各種可能
希望能快點找到能養活自己的路
雖然還沒有什麼巨大突破，
但至少我開始動起來了、也沒放棄。
✨ 九月起，我將挑戰 WeJump60，加強自律與行動力。
我相信自己一定能走出低潮 💪",2025/8/31 21:49,"嗨！陌生人
🍚  INFP｜逃離職場的 UI/UX 設計師
👀  探索「不上班也能活」的 N 種方式
🥚  低潮復原路上 X 自我覺察
👻  \ 我獨自發神經 /  療癒自己，偶爾療癒你",自律神經失調,pass,
designer.lin20290fire,欸，戴西這樣對嗎？,"我很容易內耗
離職時把讓我內耗同事的Line封鎖
有聽說他在打聽我的消息想要跟我聯繫
神經病才跟他聯絡
我是不是很勇敢",2025/8/30 21:56,"嗨！陌生人
🍚  INFP｜逃離職場的 UI/UX 設計師
👀  探索「不上班也能活」的 N 種方式
🥚  低潮復原路上 X 自我覺察
👻  \ 我獨自發神經 /  療癒自己，偶爾療癒你",自律神經失調,pass,
designer.lin20290fire,欸，戴西這樣對嗎？,"今天和姐妹們聚餐
聊到每個人近況
聊到我我真的有點難啟齒
[我不想進辦公室上班，在找自己]
好像覺得我在無病呻吟
以前深根固柢就是要穩定在公司朝九晚五上班渡過，父母朋友觀念跟我不同，會勸退、質疑、不看好
近年我覺得沒有工作是穩定的，不想這樣一成不變，一直為別人打工，還要被PUA
我會動搖，會慌張內耗，心理的天秤搖擺不定會懷疑自己這樣對嗎？也會想要努力成功證明給別人看
我是不是太在意別人眼光了",2025/8/30 21:26,"嗨！陌生人
🍚  INFP｜逃離職場的 UI/UX 設計師
👀  探索「不上班也能活」的 N 種方式
🥚  低潮復原路上 X 自我覺察
👻  \ 我獨自發神經 /  療癒自己，偶爾療癒你",自律神經失調,pass,
designer.lin20290fire,欸，戴西這樣對嗎？,"I人獨旅，我 👋
飛機選走道（我喜歡坐走道
電車人少車廂
餐廳自助點餐，坐角落
提前規劃，避免問人
避開人潮，選擇人少時段出門
住宿偏好自助 check-in
票券能線上訂就線上訂
玩完需要回住宿充電（寫日記、看書、追劇）
不愛拍照，只愛拍風景
少社交，禮貌回應，不主動展開話題",2025/8/29 21:56,"嗨！陌生人
🍚  INFP｜逃離職場的 UI/UX 設計師
👀  探索「不上班也能活」的 N 種方式
🥚  低潮復原路上 X 自我覺察
👻  \ 我獨自發神經 /  療癒自己，偶爾療癒你",自律神經失調,pass,
nnicolemonsonn,王香 ニコル,"可喜可賀，報告出來我其實還挺健康的🥺
原本擔心的沒有問題，
醫生說現在可以朝著自律神經失調這方面觀察，
的確，前幾天減藥失敗，也退回到第二階段，
第三階段要在緩緩，
一切明朗化是件好事～～～
也差不多要回去了
校正後再出發
可以😌",2025/10/13 23:40,"Nothing really mattress. Who chairs? 𓃠
Born to haha hehe.",自律神經失調,pass,
nnicolemonsonn,王香 ニコル,"我覺得有點太扯，我昨天遇到一個很漂亮的人，
今天他就跳到我的thread首頁，
這樣我都不用開口要ig耶，
好i 人友善哦現代科技（開玩笑）",2025/10/13 09:15,"Nothing really mattress. Who chairs? 𓃠
Born to haha hehe.",自律神經失調,pass,
nnicolemonsonn,王香 ニコル,"那個飛機耳
那個球球體
那個爪爪
那個求救的眼神
那個拉長音",2025/10/13 07:15,"Nothing really mattress. Who chairs? 𓃠
Born to haha hehe.",自律神經失調,pass,
nnicolemonsonn,王香 ニコル,"好後悔六點喝什麼濃抹茶奶綠
現在完全沒睡意_(:3 」∠)_
可惡啊_(┐「ε:)_
。・゜・(ノД`)・゜・。",2025/10/13 02:28,"Nothing really mattress. Who chairs? 𓃠
Born to haha hehe.",自律神經失調,pass,
nnicolemonsonn,王香 ニコル,為什麼要打馬賽克？,2025/10/12 19:19,"Nothing really mattress. Who chairs? 𓃠
Born to haha hehe.",自律神經失調,pass,
nnicolemonsonn,王香 ニコル,"前幾天我整個身心都到低點，
原本想繼續宅在家（第4天），
但是一看到新聞的貓貓展我就忍不住衝去了，
偏偏貓貓展最會打卡按讚，
結果我朋友都知道我偷偷溜去貓貓展了。
他們都不怕人耶超厲害🤍
有太多美貓我根本拍不完！",2025/10/12 17:39,"Nothing really mattress. Who chairs? 𓃠
Born to haha hehe.",自律神經失調,pass,
nnicolemonsonn,王香 ニコル,留給我以後太開心的時候看才不會忘記正事,2025/10/12 11:10,"Nothing really mattress. Who chairs? 𓃠
Born to haha hehe.",自律神經失調,pass,
nnicolemonsonn,王香 ニコル,我心情不好的時候要回來看用的。,2025/10/12 11:00,"Nothing really mattress. Who chairs? 𓃠
Born to haha hehe.",自律神經失調,pass,
nnicolemonsonn,王香 ニコル,想要養一件毛衣,2025/10/10 21:22,"Nothing really mattress. Who chairs? 𓃠
Born to haha hehe.",自律神經失調,pass,
nnicolemonsonn,王香 ニコル,我真的覺得第一個留言超好笑耶,2025/10/10 09:51,"Nothing really mattress. Who chairs? 𓃠
Born to haha hehe.",自律神經失調,pass,
nnicolemonsonn,王香 ニコル,哈哈哈哈哈哈哈哈哈超可愛,2025/10/10 06:24,"Nothing really mattress. Who chairs? 𓃠
Born to haha hehe.",自律神經失調,pass,
nnicolemonsonn,王香 ニコル,我喜歡生活智慧王脆文,2025/10/9 19:57,"Nothing really mattress. Who chairs? 𓃠
Born to haha hehe.",自律神經失調,pass,
nnicolemonsonn,王香 ニコル,"「知道了真相，操控的效果就會降低。」
我今天看到一個精神科專科醫生分享的話，其中這一句我真的很喜歡！
這句話可以適用在三個層面：心理、社會、與靈性（或形上）
所有操控都依賴無知。
一旦意識帶進去，控制就失效，那就是奪回主權的機會。
先說心理層面：前陣子討論度超高的情緒勒索（罪惡感綁架）與煤氣燈效應（扭曲事實讓你自我懷疑），還有這陣子又爆出邪教（恐懼操控）。
社會層面：政治、行銷宣傳、消費文化、權力結構，許多體制仰賴「群眾的盲信」，例如金融、教育、宗教、媒體。
靈性：宗教權威、命運操控（最近我朋友才跟我說什麼視訊打嗝收妖除鬼？？）、還有自己創造的自我形象；
「自我執著」有時是習慣性防禦。
人類是群體動物，在脆弱的時候會很需要依賴他人，
但正因如此，平時培養能幫助我們在依賴中保持清醒的能力，可以大幅減少被誤導或利用。
我自己提醒自己用，大家有緣路過請便（？）",2025/10/8 10:07,"Nothing really mattress. Who chairs? 𓃠
Born to haha hehe.",自律神經失調,pass,
nnicolemonsonn,王香 ニコル,"那天，我聽到我可愛又善良的朋友說：
「可以翻篇了。」
還搭配著可愛的小手手翻頁的動作，
我真的可愛死，也覺得她很帥氣！
「可以翻篇了。」
賀！我翻🤍",2025/10/8 09:14,"Nothing really mattress. Who chairs? 𓃠
Born to haha hehe.",自律神經失調,pass,
nnicolemonsonn,王香 ニコル,我要保護我的男人✊🏻,2025/10/8 09:01,"Nothing really mattress. Who chairs? 𓃠
Born to haha hehe.",自律神經失調,pass,
nnicolemonsonn,王香 ニコル,"QQ
這讓我想起，曾有段時間，治癒療程的內容就是要跟小小香對話。",2025/10/7 21:40,"Nothing really mattress. Who chairs? 𓃠
Born to haha hehe.",自律神經失調,pass,
nnicolemonsonn,王香 ニコル,"我們最後選擇的，往往是氣質與自己脆弱最相配的那個人。
有道理；
兩個人的脆弱剛好能互補，關係就會變得柔軟又深刻。
但若是脆弱們互相牽動，誰也不讓誰，
就會變成一場折磨，相愛相殺。
脆弱太相似，彼此都在尋求理解，
卻反而不斷勾起對方的痛。
有人內心不安，就會愛上穩定、溫柔、不給壓力的人。
有人害怕被忽略，就會被主動、外向、會照顧別人的人吸引。",2025/10/7 20:45,"Nothing really mattress. Who chairs? 𓃠
Born to haha hehe.",自律神經失調,pass,
nnicolemonsonn,王香 ニコル,"減藥的第三階段開始有挑戰性
會有panic attack
回去之前 想再多吃一點芭樂跟雪花冰
仙草還有豆花
還有多喝一點手搖
明天想要去吃鼎泰豐
也想吃可麗露
姊姊還買了丁布 （最近711很紅的那個）
皰疹開始脫皮
SAD",2025/10/6 23:57,"Nothing really mattress. Who chairs? 𓃠
Born to haha hehe.",自律神經失調,pass,
nnicolemonsonn,王香 ニコル,"生活已經夠辛苦，不需要更多的戲劇性發展與痛苦。
很高興曾經認識你。",2025/10/6 23:42,"Nothing really mattress. Who chairs? 𓃠
Born to haha hehe.",自律神經失調,pass,
nnicolemonsonn,王香 ニコル,不是 這怎麼有點感動,2025/10/6 14:13,"Nothing really mattress. Who chairs? 𓃠
Born to haha hehe.",自律神經失調,pass,
nnicolemonsonn,王香 ニコル,"今天很討厭的事：
指間皰疹開始疼痛跟乾乾的感覺、
飲料店忘記加我的熊貓，咀嚼控覺得生不如鼠、
沒有烤肉。
今天很喜歡的事：
吃了從小吃到大的麵攤加大辣！
有芭樂可以吃、還有柚子🤍
可以一直看漫畫、一直點外送。
家裡有三隻貓跟一隻六角恐龍。
今天難過的事：
我的小姪女發燒去醫院吊點滴。",2025/10/6 12:04,"Nothing really mattress. Who chairs? 𓃠
Born to haha hehe.",自律神經失調,pass,
nnicolemonsonn,王香 ニコル,"那些吉光片羽是最後的溫柔，更是僅此一份，
不允許將這僅有的一切拿來銷毀。",2025/10/6 10:08,"Nothing really mattress. Who chairs? 𓃠
Born to haha hehe.",自律神經失調,pass,
nnicolemonsonn,王香 ニコル,怎麼有點可愛,2025/10/5 06:00,"Nothing really mattress. Who chairs? 𓃠
Born to haha hehe.",自律神經失調,pass,
nnicolemonsonn,王香 ニコル,"生氣的時候為了避免發出後悔小文章
請先擺出Jojo 的姿勢
轉自：動漫稱霸世界（臉書）",2025/10/4 18:49,"Nothing really mattress. Who chairs? 𓃠
Born to haha hehe.",自律神經失調,pass,
nnicolemonsonn,王香 ニコル,好滿足喔😌你們都來滿足一下,2025/10/4 13:49,"Nothing really mattress. Who chairs? 𓃠
Born to haha hehe.",自律神經失調,pass,
nnicolemonsonn,王香 ニコル,"雖然快熱死了，
但是一看到這些可愛又漂亮的地方，
就會覺得活著真好。",2025/10/4 06:14,"Nothing really mattress. Who chairs? 𓃠
Born to haha hehe.",自律神經失調,pass,
nnicolemonsonn,王香 ニコル,"我最近也開始突破一些舊有的認知。
以前我總會過度去分析「為什麼」，
不論分析是否到點上、再深再透，
結論並沒有改變，
增加的卻只有自己的內耗跟情緒起伏跌宕，
這些都是焦慮的來源。
健康人際關係就該健康的方式經營，
不健康人際關係就乾脆俐落地斷開就好。
把心力用在能掌握的部分，
超出自己範圍的，
就還給「外力」與「時勢」。",2025/10/2 23:36,"Nothing really mattress. Who chairs? 𓃠
Born to haha hehe.",自律神經失調,pass,
liu.junlotus,劉芙君,"我：對不起！醫生我實在太痛了不是故意要哭的！
醫生：沒事！妳這是典型的自律神經失調！
 壓力太大，要調好幾個月喔！
 要長期來看喔～
 自己算針灸時間30分鐘！
#突然覺得自己很不爭氣😞",2025/9/9 18:25,youtube.com,自律神經失調,pass,
liu.junlotus,劉芙君,"難得今天給自己放一天假
但一整天就吞了五顆EVE
本來要吞六顆的
但怕這樣太傷胃
晚上減一顆變五顆
但現在還是痛到不行
遇到問題
我選擇面對
但現實生活肯給我時間嗎
每天都在賽跑
但我真的想有意義的走下去
我不會放棄的
但請老天爺給我滿滿的勇氣
及別再頭痛了🙏🙏🙏",2025/9/8 22:47,youtube.com,自律神經失調,pass,
liu.junlotus,劉芙君,"早安
生日週
報喜不報憂
平安渡過🙏🙏🙏
#第二份生日禮物🫶🫶🫶",2025/9/8 07:23,youtube.com,自律神經失調,pass,
liu.junlotus,劉芙君,"頭又開始發作了
別再頭痛了
也別再下雨了
我想要個好天氣",2025/9/7 21:05,youtube.com,自律神經失調,pass,
liu.junlotus,劉芙君,寶可夢跟超級瑪莉ㄧ系列的自拍照！✌️,2025/9/6 22:00,youtube.com,自律神經失調,pass,
liu.junlotus,劉芙君,"生日第一餐
ㄧ蘭拉麵👍
好久沒吃了
還給今天的壽星請客🤭",2025/9/6 20:54,youtube.com,自律神經失調,pass,
liu.junlotus,劉芙君,"今年收到的第一件生日禮物！
謝謝🙏
很喜歡☺️
#Sandro",2025/9/6 18:42,youtube.com,自律神經失調,pass,
liu.junlotus,劉芙君,真ㄎㄧㄤ的我～😂,2025/9/6 10:24,youtube.com,自律神經失調,pass,
liu.junlotus,劉芙君,"太早起床拜拜
我累了
#中元地官大帝生日",2025/9/6 08:30,youtube.com,自律神經失調,pass,
liu.junlotus,劉芙君,"當心累時
跟自己說一定要轉念
一定會變好的
除了生死的事
其它的事
都是小事
熬過去就會海闊天空
信念很重要
善良也很重要
真的要對自己負責
才不枉費父母在這輩子
把我帶到人間
#給自己滿滿的力量
#絕對不能被生活打敗",2025/9/5 22:17,youtube.com,自律神經失調,pass,
liu.junlotus,劉芙君,"每個人都有
每個人的關卡要過
但
有時好無力喔
好想趕快掙脫這個狀態
但我也要檢討自己
自己不該太容易相信別人
常常嚐到苦頭才覺得痛
#努力成為更好的自己",2025/9/5 18:11,youtube.com,自律神經失調,pass,
liu.junlotus,劉芙君,"我覺得很奇怪🤔
爲是可以交朋友
但我還不是你的女朋友或另一半之類的
我忙碌時很少看手機
爲什麼下班回到家還要跟你報備
我很不喜歡這種感覺
假如這樣
那就不適合當朋友了
朋友這種本來也是要隨緣的
而不是控管
#不舒服的感覺",2025/9/5 09:29,youtube.com,自律神經失調,pass,
liu.junlotus,劉芙君,"很喜歡這尊觀世音菩薩🙏
於是把它拿來當我的手機桌面✌️",2025/9/4 22:58,youtube.com,自律神經失調,pass,
liu.junlotus,劉芙君,"今天公司普渡拜拜
自己白目做了一件很糗的事
下班就飛奔城隍廟拜拜
祈求保祐🙏🙏🙏",2025/9/4 18:55,youtube.com,自律神經失調,pass,
liu.junlotus,劉芙君,"久違的晨跑
小肚肚跟我說
整天坐在辦公桌
該動一動了
Good morning everybody✌️",2025/9/3 05:59,youtube.com,自律神經失調,pass,
liu.junlotus,劉芙君,又來上課了！😂,2025/9/2 22:07,youtube.com,自律神經失調,pass,
liu.junlotus,劉芙君,瀏海變好長～😂,2025/9/2 18:26,youtube.com,自律神經失調,pass,
liu.junlotus,劉芙君,現在想好好冷靜放空一下！,2025/9/1 20:58,youtube.com,自律神經失調,pass,
liu.junlotus,劉芙君,"哇～🥳
真的太感謝眾神明了
這麼僻佑
我ㄧ定要加倍行善幫助
需要幫助的人🙏
#謝謝脆友的結緣引薦🙏🙏🙏",2025/9/1 11:18,youtube.com,自律神經失調,pass,
liu.junlotus,劉芙君,"早上陪爸爸
下午陪媽媽跟阿姨來逛新百貨！❤️",2025/8/31 16:58,youtube.com,自律神經失調,pass,
liu.junlotus,劉芙君,"超便宜的麵線、羹
來看看是否有這麼厲害？！😂",2025/8/31 13:16,youtube.com,自律神經失調,pass,
liu.junlotus,劉芙君,"來附近辦事
順便來這走走
好久沒來了
#很舒服的一個環境🫶",2025/8/31 12:55,youtube.com,自律神經失調,pass,
liu.junlotus,劉芙君,陪老爸來買菜！,2025/8/31 09:23,youtube.com,自律神經失調,pass,
liu.junlotus,劉芙君,"現在至少邊吃藥變靠自己的意念努力
已改善到六七成甚至八成了
我只能說
真的沒有人願意生病
雖我不是身體上的病痛
但它嚴重影響到
我這幾年的日常生活
影響到幾乎百分之百
甚至嚴重起來
會想不開把自己關起來
寫了那麼多
很高興大家很有耐心的看完
在這
我只是想表述
每個人都有生
任何方面病的可能
但是當下生病時的痛苦
只有本人知道
有的人會跟身旁的人ㄧ直唉
但也有的人是選擇沉默
默默自己承受
當我知道自己的病因時
我就對自己說
假如哪ㄧ天我好起來了
我ㄧ定也要幫助他們戰勝病魔
有時候
真的是ㄧ念之差
轉個念
真的只有自己才能幫助自己
希望我的這篇文章能夠幫助
到ㄧ些患有精神官能症
還再與內心的病魔
天人交戰的你們
你們並不孤單
其實隨著現在社會經濟壓力大
生病的人越來越多了
記住
你並不孤單
自己的心魔
真的只有自己能解
加油💪
你們並不孤單🫶🫶🫶
共勉之",2025/8/31 00:03,youtube.com,自律神經失調,pass,
liu.junlotus,劉芙君,"這19年多來
其實我生病的很辛苦
那種痛苦
是無人理解
剛開始身旁的親友
還會很有耐心的
聽我訴說我的害怕
時間長後有的人會體諒
有的人會厭惡覺得妳是異類
甚至因爲不理解而對我
做出很多惡言相向的事
原因是
我生病了
但我從來就沒逢人
就告知說我生病了
你們要體諒我多一點
很多時候
不是我不願意幫忙
而是因爲腦裡的恐懼
造成我的不一樣
會害怕碰觸到
而導致內心極大的不舒服
因而造成很多的誤會
這19年快20年的職場生涯
也是如此
我從不主動告知同事
甚至換了很多家的分行
我也都不提
直到被發現後
後面的議論就此起彼落
我也沒替自己做過辯解
原因是當下的我
無法改變現況
只能任由同事們的不理解
主管的質疑而讓我的過得很不開心
但
也是有少部分同事主管
心地很善良
不會隨著風頭轉向
在職場的生涯裡
我自認對每位同事都很客氣禮貌
不論是我生病了還是沒生病
我都ㄧ向如此
但是並不是人人
都能諒解我的病
🈶時我也會換位思考想想
假如今天腳色互換
我是否也有同理心
去對待生相同病的人
今天
我會在這邊跟大家說
我生的病雖然無法百分百好起來
但我近一兩年真的有很努力
的想辦法克服",2025/8/31 00:00,youtube.com,自律神經失調,pass,
liu.junlotus,劉芙君,"晚上我來跟媽祖娘娘請安
近期身體不適影響到很多事
這次仔細秉報狀況給各個神明
擲筊問他們
近期一直拜拜及求籤下去
也不是辦法
這次可以一次給我個果絕的答案嗎
雖說還是僅供參考
但心中冥冥有個方向了
實事求是
才是解決問題的方法
我不迷信
但現在的我很平靜✌️",2025/8/30 21:12,youtube.com,自律神經失調,pass,
nnicolemonsonn,王香 ニコル,"一直都很喜歡的夏夜晚風
看到別人拿這首來恩愛真是太好了😭",2025/10/2 16:54,"Nothing really mattress. Who chairs? 𓃠
Born to haha hehe.",自律神經失調,pass,
nnicolemonsonn,王香 ニコル,"我近幾年得到了只要出國旅行就會感冒的病。
（體力不支）
（全身痠痛）",2025/10/2 08:33,"Nothing really mattress. Who chairs? 𓃠
Born to haha hehe.",自律神經失調,pass,
proud.ofitype,我是I我驕傲,"自律神經失調的修復旅程｜#撐著撐著，最後錢都拿去看醫生
在自律神經失調最嚴重時，
當時還陷在逼著自己繼續撐著的痛苦中，覺得是自己不夠好應該要克服、擔心放棄會讓幫助我的人失望、或是一定是沒找到好的調適方式，應該要繼續試試，有各種說服自己的理由。
結果最後身體就來個強制當機，
嚴重失調、心悸、恐慌、身體不適引發心情憂鬱全部齊發，嚴重到當時每天起床第一個念頭都是活得好痛苦，休息後也是不停的看各種醫生。
如果回到當時，我會跟她說，「請立刻休息，沒有什麼比健康重要。」
撐過頭只會花更多時間和金錢來修復，及時停損，至少命和健康還在才有辦法重新來過。",2025/12/2 22:16,"畢業2年正要衝的年紀歷經嚴重的自律神經失調，工作、生活突然被迫停下休息，分享陸續這幾年走向康復回到如常生活，自身使用有幫助的舒緩方法和其實你並不孤單的心理支持，也記錄在低谷中照見身心與自我對話療癒練習。
🔸分享以個人經驗為主，非專業醫療建議。
🔸若有任何不適，請務必尋求醫療協助。",自律神經失調,pass,
proud.ofitype,我是I我驕傲,"自律神經失調的修復旅程｜#說不出的情緒，會由身體來代償
運動若用力用錯地方，其他部位就會代償，
情緒也是，那些被壓抑的心情、吞下去的委屈、假裝沒事的難過，並沒有消失，只是被堆積著，最終情緒沒有出口，身體就會變成出口。
心累、肩背痛、失眠、心悸，各種症狀開始出現
最後演變成自律神經失調。
需要有意識的練習，
找到適合自己的對外反應溝通方式，
或者藉由me time、運動、冥想、可以讓自己身心舒緩的方式都可以。
唯有定時的釋放舒壓，
才不會演變成巨震般的身心崩塌。",2025/12/1 22:08,"畢業2年正要衝的年紀歷經嚴重的自律神經失調，工作、生活突然被迫停下休息，分享陸續這幾年走向康復回到如常生活，自身使用有幫助的舒緩方法和其實你並不孤單的心理支持，也記錄在低谷中照見身心與自我對話療癒練習。
🔸分享以個人經驗為主，非專業醫療建議。
🔸若有任何不適，請務必尋求醫療協助。",自律神經失調,pass,
proud.ofitype,我是I我驕傲,"自律神經失調的修復旅程｜#你能不能無條件欣賞你自己
所謂的「無條件欣賞自己」，並不是催眠喊話自己：「我超棒、我做什麼都對。」這樣只會淪為雞湯的口號。
欣賞，是一種練習，練習不管自己是什麼樣貌，都能接受這就是你，獨一無二的你。
不再掉落用外在的評價、期待或標準，回過頭來不斷討厭自己、否定自己。
人就像花都有不同的花期，開花不是為了他人的欣賞，而是努力長成自己喜歡的樣子的你，本身就是這世間一道美好的風景。",2025/11/30 22:26,"畢業2年正要衝的年紀歷經嚴重的自律神經失調，工作、生活突然被迫停下休息，分享陸續這幾年走向康復回到如常生活，自身使用有幫助的舒緩方法和其實你並不孤單的心理支持，也記錄在低谷中照見身心與自我對話療癒練習。
🔸分享以個人經驗為主，非專業醫療建議。
🔸若有任何不適，請務必尋求醫療協助。",自律神經失調,pass,
proud.ofitype,我是I我驕傲,"自律神經失調的修復旅程｜#願都安好
世界變動快速到宛如進到科幻電影，
你我都是這部片的演員之一。
這週，一邊是 Google AI 的更新，
人人瞬間都能成為簡報、設計大師，
另一邊，則是香港大火生離死別，讓人傷感。
資訊量大又快，誘發生存焦慮，
災難畫面也讓人集體陷入難過。
需要有意識的提醒自己：
不斷練習把注意力拉回內心、拉回呼吸，
穩住身心，才能在面對巨變中安穩前進。
願你、願我、願所有人，
都能平安，也都能安好。",2025/11/29 21:18,"畢業2年正要衝的年紀歷經嚴重的自律神經失調，工作、生活突然被迫停下休息，分享陸續這幾年走向康復回到如常生活，自身使用有幫助的舒緩方法和其實你並不孤單的心理支持，也記錄在低谷中照見身心與自我對話療癒練習。
🔸分享以個人經驗為主，非專業醫療建議。
🔸若有任何不適，請務必尋求醫療協助。",自律神經失調,pass,
proud.ofitype,我是I我驕傲,"自律神經失調的修復旅程｜#100年後你不是你，我不是我
生命的本質其實是一場體驗，
你所在意的、難過的、執著的、放不下的，
終有一天都會淡忘在時間的洪流裡。
與其困在他人的評價、未知的焦慮、
或那些讓你鬱結胸悶氣在心裡的糾結
把每個當下過好、把自己照顧好，更重要
朝向把生活過成自己喜歡的樣子前進，
而不是追逐活在他人期待的標準裡。
你好就好，也同樣尊重，
別人覺得什麼好，那是他們的自由。
你過你的好，他人過他們的好，各自安好。",2025/11/28 23:13,"畢業2年正要衝的年紀歷經嚴重的自律神經失調，工作、生活突然被迫停下休息，分享陸續這幾年走向康復回到如常生活，自身使用有幫助的舒緩方法和其實你並不孤單的心理支持，也記錄在低谷中照見身心與自我對話療癒練習。
🔸分享以個人經驗為主，非專業醫療建議。
🔸若有任何不適，請務必尋求醫療協助。",自律神經失調,pass,
proud.ofitype,我是I我驕傲,"自律神經失調的修復旅程｜#放棄不代表沒盡力
今天同事跟我說，她早上忍不住哭了，
最近的工作混亂、突發、壓力堆疊，
讓她不知道自己什麼時候會「撐不住而放棄」。
但親愛的，你真的已經很棒了，
而且，真的感謝有你。
即使真的選擇放棄，那也不代表不夠努力、能力不好、或做不到，在混沌的時期，
很多人都被擺在「不合理的位置」，
扛著超出能力範圍的壓力。
這不是你的問題，是環境的問題。
你不是放棄，而是「選擇」
願每個正在努力撐著的人，都能抱抱自己
謝謝那個一直努力走到今天的你。",2025/11/27 22:27,"畢業2年正要衝的年紀歷經嚴重的自律神經失調，工作、生活突然被迫停下休息，分享陸續這幾年走向康復回到如常生活，自身使用有幫助的舒緩方法和其實你並不孤單的心理支持，也記錄在低谷中照見身心與自我對話療癒練習。
🔸分享以個人經驗為主，非專業醫療建議。
🔸若有任何不適，請務必尋求醫療協助。",自律神經失調,pass,
proud.ofitype,我是I我驕傲,"自律神經失調的修復旅程｜#既然低迷中，就等待
日子仍在過著，突然從中秋過後生活被推進到忙與亂充斥的日常，各種急、突發、不得不以及他人的情緒夾雜襲來，每一天都像需要捏緊大腿般努力撐著前進。
無法立即改變當下，能做的是讓內心盡量平靜的度過、外在環境不可控風吹雨打，先找到方法讓自己能夠靜下來先穩住。
人的精力有限，在好的時機用力衝更快，低迷時保存精力和等待下次的出擊，守護好身心健康避免被耗盡。
我自己的方法：
睡前半小時聽自律神經放鬆音樂+伸展
對心情穩定幫助很大。
低迷不是永遠，春天遲早會來。",2025/11/26 21:26,"畢業2年正要衝的年紀歷經嚴重的自律神經失調，工作、生活突然被迫停下休息，分享陸續這幾年走向康復回到如常生活，自身使用有幫助的舒緩方法和其實你並不孤單的心理支持，也記錄在低谷中照見身心與自我對話療癒練習。
🔸分享以個人經驗為主，非專業醫療建議。
🔸若有任何不適，請務必尋求醫療協助。",自律神經失調,pass,
proud.ofitype,我是I我驕傲,"自律神經失調的修復旅程｜#臉皮厚一點，生活更舒心
高敏的人，常常有很多「不好意思」
不好意思麻煩別人、不好意思拒絕、
不好意思求救、不好意思表達自己快不行了、
不好意思說自己真的很累。
但有時臉皮厚一點，是讓生活更舒心的開始，
而且請放心，「不好意思型人格」，就算臉皮變厚了，也只是回到「普通人」的程度，不要過度擔心會突然變成傷害別人的人。
而差別是：不再只對別人不好意思，但對自己很好意思，更能如實表達和正視自己的感受。
越能坦然表達需求，越能讓身心少一點委屈，
臉皮厚一點，讓生活變得相對更輕快。",2025/11/24 22:21,"畢業2年正要衝的年紀歷經嚴重的自律神經失調，工作、生活突然被迫停下休息，分享陸續這幾年走向康復回到如常生活，自身使用有幫助的舒緩方法和其實你並不孤單的心理支持，也記錄在低谷中照見身心與自我對話療癒練習。
🔸分享以個人經驗為主，非專業醫療建議。
🔸若有任何不適，請務必尋求醫療協助。",自律神經失調,pass,
proud.ofitype,我是I我驕傲,"自律神經失調的修復旅程｜#看到你們好，我也好
一年一會，今天去身心障礙運動會志工，再見到了時隔一年的熟面孔，看到你們好，我也很好！謝謝療癒了我的一天，在這些大孩子的世界裡，沒有外在的眼光、評價、目標，只有最純粹、最真實的自己。
路邊的一台車、你身上的鈕扣、與他擊掌的手，這些對你可能微不足道的小事，都能成為他們大大的快樂。
是啊，快樂其實可以很簡單，在忙碌與壓力快速轉動的日常下，時常來不及看到那些原本就存在身邊的小小幸福。
偶爾放慢腳步，即使只是路邊的一花一草，冬天的暖陽，夏日的微風，也都值得被好好感受。",2025/11/23 23:13,"畢業2年正要衝的年紀歷經嚴重的自律神經失調，工作、生活突然被迫停下休息，分享陸續這幾年走向康復回到如常生活，自身使用有幫助的舒緩方法和其實你並不孤單的心理支持，也記錄在低谷中照見身心與自我對話療癒練習。
🔸分享以個人經驗為主，非專業醫療建議。
🔸若有任何不適，請務必尋求醫療協助。",自律神經失調,pass,
proud.ofitype,我是I我驕傲,"自律神經失調的修復旅程｜#休息時就好好休息
在失調修復的期間，除了得承受身體的不適外，內心不免會不時冒出焦慮與不安。
擔心還要多久才會好？
擔心能不能順利回到職場？
擔心會不會復發？
但在那個階段，除了好好休息之外，
能做的其實非常有限。
其他那些無法採取任何行動的擔心，
大多都是無效焦慮，傷身又損心。
將心安住在當下，休息時就好好休息，不陷落在無法改變的過去，不提早憂慮還沒發生的未來。",2025/11/22 21:36,"畢業2年正要衝的年紀歷經嚴重的自律神經失調，工作、生活突然被迫停下休息，分享陸續這幾年走向康復回到如常生活，自身使用有幫助的舒緩方法和其實你並不孤單的心理支持，也記錄在低谷中照見身心與自我對話療癒練習。
🔸分享以個人經驗為主，非專業醫療建議。
🔸若有任何不適，請務必尋求醫療協助。",自律神經失調,pass,
proud.ofitype,我是I我驕傲,"自律神經失調的修復旅程｜#越急越亂越要有邊際感
當又急、又亂的需求襲來，不好意思拒絕的人，很容易直接把任務全都收下，在他人眼裡，你是「好配合」的人，但代價就是自己的消耗。
當每個人都在急、或需求亂到未經梳理就丟給你，很容易白忙一場，付出的心力和收穫不成正比，然後你就會變成一顆戰鬥陀螺，
狂轉、亂轉，最後精疲力盡倒下。
記得：當收到又急又亂的需求時，
一定要先停一下問自己：
這是「他的急」？還是「真的需要你急」？
若沒有先提醒自己邊際在哪裡，
很容易把別人的混亂，變成自己的壓力，
保護好自己的邊際，才能不再無限透支身心。",2025/11/21 21:35,"畢業2年正要衝的年紀歷經嚴重的自律神經失調，工作、生活突然被迫停下休息，分享陸續這幾年走向康復回到如常生活，自身使用有幫助的舒緩方法和其實你並不孤單的心理支持，也記錄在低谷中照見身心與自我對話療癒練習。
🔸分享以個人經驗為主，非專業醫療建議。
🔸若有任何不適，請務必尋求醫療協助。",自律神經失調,pass,
proud.ofitype,我是I我驕傲,"自律神經失調的修復旅程｜#累了
接受今天的自己寫不出什麼文，
腦袋空空，需要的是休息睡覺。
祝好眠",2025/11/20 23:14,"畢業2年正要衝的年紀歷經嚴重的自律神經失調，工作、生活突然被迫停下休息，分享陸續這幾年走向康復回到如常生活，自身使用有幫助的舒緩方法和其實你並不孤單的心理支持，也記錄在低谷中照見身心與自我對話療癒練習。
🔸分享以個人經驗為主，非專業醫療建議。
🔸若有任何不適，請務必尋求醫療協助。",自律神經失調,pass,
proud.ofitype,我是I我驕傲,"自律神經失調的修復旅程｜#撐不住舉手求救，並不丟臉
「再忍一下應該就會過去」
「麻煩別人不太好」
「撐不住，是不是我太弱？」
但越是硬撐、越是不說，
最糟的狀況就是撐到最後身心都崩潰。
而且你不說，別人多半會默認你可以承受，
等你真的撐不住了，甚至還可能被反過來質疑
「怎麼不早點講？」
撐不住時，舉手求救並不丟臉，
若求救無人回應，那不是你的問題，
而是提醒你：該做選擇了。",2025/11/19 21:28,"畢業2年正要衝的年紀歷經嚴重的自律神經失調，工作、生活突然被迫停下休息，分享陸續這幾年走向康復回到如常生活，自身使用有幫助的舒緩方法和其實你並不孤單的心理支持，也記錄在低谷中照見身心與自我對話療癒練習。
🔸分享以個人經驗為主，非專業醫療建議。
🔸若有任何不適，請務必尋求醫療協助。",自律神經失調,pass,
proud.ofitype,我是I我驕傲,"自律神經失調的修復旅程｜#沈默不代表我認同
有些人，只願意聽進他能接受的話，
或乾脆把耳朵關上，不願面對其他觀點。
遇到這類的人，能做的是清楚的表達自己的立場，至少不委屈自己的聲音，也沒有否定自己的感受。
但如若行不通，就不要再強求說服了。
一來，即使爭辯成功，也會耗損大量精力
二來，試圖改變不願理解的人，本身就是徒勞。
沈默，不代表我認同，對方怎麼想是他人的選擇，而我也選擇不委屈和內耗自己，
尊重和祝福就好。",2025/11/18 22:34,"畢業2年正要衝的年紀歷經嚴重的自律神經失調，工作、生活突然被迫停下休息，分享陸續這幾年走向康復回到如常生活，自身使用有幫助的舒緩方法和其實你並不孤單的心理支持，也記錄在低谷中照見身心與自我對話療癒練習。
🔸分享以個人經驗為主，非專業醫療建議。
🔸若有任何不適，請務必尋求醫療協助。",自律神經失調,pass,
meta_mind_md,MetaMindMD,"【你吃進去的食物，會影響到你的情緒】
身為精神科醫師，我常看到情緒問題與腸胃不適同時出現。
你知道嗎？
身體中 90–95% 的血清素（影響情緒、睡眠）其實是在腸道裡製造的。
腸道與大腦透過一條「熱線」- 迷走神經 - 緊密對話，很多情緒訊號，其實是「從腸傳到腦」。
當腸道菌群失衡，會影響大腦神經傳導物質，進而影響情緒穩定與壓力反應，這就是所謂的「腸腦軸」。
怎麼知道你受影響？
如果你同時有腸胃不適（如便秘、腹脹）、情緒低落或焦慮，這可能不是單一症狀，而是一體兩面的訊號。
想調整，可以從三個方向入手：
1. 飲食：減少加工食品，每天攝取多種不同植物性食物（蔬果、堅果、豆類），搭配發酵食品與益生元Prebiotics食物（如優格、泡菜、香菇、木耳、馬鈴薯、糙米、燕麥），是改善腸道環境的第一步。
2. 益生菌：有研究支持的菌株如 B. longum 1714（減壓）、L. plantarum PS128（提升多巴胺）對穩定情緒有幫助。
3. 減少破壞因子：避免不必要的抗生素使用，以免破壞菌群平衡。
情緒不只是大腦的事。
有時候，你的腸道正在說話，而你還沒聽見。",2025/4/21 12:00,"🧠 精神科專科醫師｜壓力 × 睡眠 × 情緒修復  
❤️ 專注於身心疾病的藥物、非藥物治療
🌿 探索精神醫學、腦科學、心理學在生活的應用
📍 Taiwan-based psychiatrist",思覺失調,business,
a0927550758,唐建中,身為思覺失調患者3、40年的老病號，服藥初期，醫藥不發達，藥物副作用強大，服藥後整個人癡呆嗜睡、畏縮無自信，又因社會的歧視與汙名化，整個人在冷嘲熱諷下沒人信任我，只有自立自強，參加各式各樣的課程、訓練班及比賽，找回自信心，試圖與一般人一樣，到如今幾十年過去了，新藥物副作用愈來愈不明顯，與病共生，才能如正常人生活，但終究是病人，常常怨嘆自己為何總是病魔纏身，有了身障手冊可以享受一些褔利優待，殊不知，這是用生命換來的，所以對同樣有身心疾患者，特別有同理心，也希望無病人能包容支持身心障礙者，讓大家有個和諧、溫暖和愛心的世界。,2025/7/26 18:42,,思覺失調,pass,
a0927550758,唐建中,今天同學會，很抱歉，因為要24小時照顧老母親，不能與會，在此祝大會圓滿、順利、及成功，期待再相會。,2025/7/26 06:13,,思覺失調,pass,
a0927550758,唐建中,"菲比安是位聰明又知進退懂分寸及才華洋溢的
人，與他相處，就是愉快，和他聊天，獲益良多。",2025/7/24 18:23,,思覺失調,pass,
a0927550758,唐建中,江蕙演唱會。,2025/7/22 19:10,,思覺失調,pass,
a0927550758,唐建中,先見面，待會兒巨蛋看演唱會。,2025/7/22 17:00,,思覺失調,pass,
a0927550758,唐建中,小憩。,2025/7/22 14:24,,思覺失調,pass,
a0927550758,唐建中,母親時好時壞，聰明的時侯，吃飯、喝水都順利，癡呆的時侯，食物、飲水都含在嘴中不嚥下，這時就需利用各種誘因，例如優格（酸的）、地瓜（軟綿吸水）及能刺激她本能反應做出吞嚥的動作的東西，宛如餵食嬰兒一般，如此一來吃頓飯常要花費一、兩小時。現我正在竭盡心力的一口食物、一口水的餵她吃飯，就想起，當我還是嬰兒時，母親是不是也如此餵她的寶貝兒子吃飯，她的愛心與耐心對照著我的，是否更大更久更無怨無悔？思於此，餵媽媽吃這頓飯的辛苦，一點都不算什麽！,2025/7/20 18:51,,思覺失調,pass,
a0927550758,唐建中,照顧老爸老媽很辛苦，與德瑞克喝咖啡、看電影，放鬆一下。,2025/7/15 15:45,,思覺失調,pass,
love_meimi_xuan,𝖝𝖚𝖆𝖓დ（莓米軒🍓）,"這種診斷是算憂鬱症還是思覺失調症
有病友知道嗎？不懂就問脆",2024/11/21 22:44,"【活動攝影/表演攝影】@little_cheer_girl_taiwan👑
დ惟婷@weitingnana__",思覺失調,business,
love_meimi_xuan,𝖝𝖚𝖆𝖓დ（莓米軒🍓）,"要怎麼樣才能開心？
要怎麼樣才能讓憂鬱症好起來？
真的快自殺了🙃 誰可以幫幫我🥺 重度憂鬱症",2024/11/21 21:53,"【活動攝影/表演攝影】@little_cheer_girl_taiwan👑
დ惟婷@weitingnana__",思覺失調,business,
love_meimi_xuan,𝖝𝖚𝖆𝖓დ（莓米軒🍓）,"重度憂鬱症真的會把自己關在房間 
不跟外界聯絡嗎？（包括自己朋友、家人等等之類的）我自己就關在房間一個禮拜
有病友也會這樣的嗎？
每天哭每天哭🥺😢 真的覺得說要跟別人交談好困難😢 又有誰會理解我們😢
要別人理解我們 真的好困難好困難😢
電話、訊息有時候說真的 很懶的回覆 因為只要一打開社群媒體 就感覺自己好醜陋 大家感覺都討厭我😢  感覺我是不受大家歡迎的😢 重度憂鬱症",2024/11/18 11:02,"【活動攝影/表演攝影】@little_cheer_girl_taiwan👑
დ惟婷@weitingnana__",思覺失調,business,
love_meimi_xuan,𝖝𝖚𝖆𝖓დ（莓米軒🍓）,"歡迎病友們可以來追蹤我的哀居🐯
覺得好孤單🥺 好焦慮🙃
可以來跟我聊聊天🥺🙃
希望有病友可以來陪陪我聊聊天🫠
重度憂鬱症  歡迎來追蹤🥺 謝謝🙏",2024/11/16 11:46,"【活動攝影/表演攝影】@little_cheer_girl_taiwan👑
დ惟婷@weitingnana__",思覺失調,business,
love_meimi_xuan,𝖝𝖚𝖆𝖓დ（莓米軒🍓）,"桃園療養院的急診 會很貴嗎🙃
平常我的門診費用大概400-520$
不知道急診會不會更貴🙃
急診去了會被強制住院嗎🙃
只要自傷跟自殺就可以去急診嗎？
跟門診的價格差在哪裡呀🤔
有沒有病友可以跟我說一下🥺
重度憂鬱症",2024/11/16 01:35,"【活動攝影/表演攝影】@little_cheer_girl_taiwan👑
დ惟婷@weitingnana__",思覺失調,business,
love_meimi_xuan,𝖝𝖚𝖆𝖓დ（莓米軒🍓）,"youtu.be/SgBu2…
扣哥這首歌是從《於是長大以後》的歌延續下去的
我聽完覺得說 感觸很多很多 就是扣哥唱出了心裡的聲音 扣哥真的是好爸爸 從終極一班支持謝和弦到現在 我只想說 謝和弦你好棒💚👌 哈們🫶🏻
第一次去參加扣哥的活動是 2010年 在夢時代
《地球其實沒有那麼危險》簽唱會
還有《像水一樣》簽唱會 跟 台北跨年 
還有《2203 扣人心弦 上》的見面會 
然後就一路支持扣哥到現在  謝謝阿扣、緗妮❤️
阿扣是最棒的👌💚
@chord0415
@chord0415
@liyameowcat
@liyameowcat
謝和弦",2024/11/15 16:05,"【活動攝影/表演攝影】@little_cheer_girl_taiwan👑
დ惟婷@weitingnana__",思覺失調,business,
love_meimi_xuan,𝖝𝖚𝖆𝖓დ（莓米軒🍓）,"有人有推薦的emo歌曲嗎🥺
希望有病友可以分享給我一些歌曲😢 重度憂鬱症 
只要emo歌或抒情歌🙏
抖音歌曲也可以🙏",2024/11/15 14:53,"【活動攝影/表演攝影】@little_cheer_girl_taiwan👑
დ惟婷@weitingnana__",思覺失調,business,
love_meimi_xuan,𝖝𝖚𝖆𝖓დ（莓米軒🍓）,"有沒有病友可以跟我分享
桃園療養院的住院需要等病床嗎
還是當天就可以住院 因為下禮拜一要去住院
6A病房跟7A病房有什麼不一樣嗎？
希望有病友可以跟我分享一下裡面的規定 重度憂鬱症 @1kulxzy",2024/11/15 12:55,"【活動攝影/表演攝影】@little_cheer_girl_taiwan👑
დ惟婷@weitingnana__",思覺失調,business,
love_meimi_xuan,𝖝𝖚𝖆𝖓დ（莓米軒🍓）,"每次回診都一直在換藥🫠 因為不合適（只要一吃就頭痛）🫠😒
本來一天吃6顆藥 現在一天要吃到10顆藥
包括（抗憂鬱、焦慮、失眠、心律錠）等等之類的藥 
真的巴不得把所有藥吞一吞😩🫠 去急診洗胃算了🫠😣
結果每一個藥的副作用都不一樣🫠🫠
吃了還是無法入睡 也沒有讓情緒穩定
自殘、手抖、負面情緒念頭、頭痛一直持續增加😒 😣
真的真的覺得這世界可以對我友善一點嗎？😒
真的覺得好痛苦😣 重度憂鬱症
自行停藥是不是比較好 就不會有這麼多副作用了😒🫠🙃（但是怕有戒斷反應 又不敢自己停藥）",2024/11/8 22:05,"【活動攝影/表演攝影】@little_cheer_girl_taiwan👑
დ惟婷@weitingnana__",思覺失調,business,
love_meimi_xuan,𝖝𝖚𝖆𝖓დ（莓米軒🍓）,"自從確診 重度憂鬱症 每天逼自己去學校做一些自己根本不喜歡做的事情 真的覺得好累….. 然後家人還要說我一天到晚「想太多」🙃🫠 要怎麼做才能真正得到家人的理解😒 不想去學校、吃飯也吃不下🫠 滿腦都是負面的畫面跟想法🫠 真的覺得快撐不住了😒 自殘代表我在發求救🆘訊號 但是感覺一點用都沒有😩 真的覺得說跳下去 可能會比較好🙃
有沒有病友們可以跟我分享住院都在做什麼！
因為真的要考慮住院了😩 真的好可怕 誰可以理解我 真的好累好累🫠 看醫生負擔越來越重😒 從440到530$ 有沒有可以減免部分負擔的方法",2024/11/8 20:40,"【活動攝影/表演攝影】@little_cheer_girl_taiwan👑
დ惟婷@weitingnana__",思覺失調,business,
love_meimi_xuan,𝖝𝖚𝖆𝖓დ（莓米軒🍓）,"昨天打去1925 跟輔導員聊了19分鐘
真的覺得說更焦慮了🫠
可是聊完心情也沒有比較好🫠🙃
每天一直在吃藥 不然就回診換藥😩
真的覺得好累🙃
這就是人生嗎？為什麼我的人生跟別人不一樣？
承受的壓力越來越可怕😒 可能結束會比較好！對吧？😩 重度憂鬱症
醫生開的藥 真的覺得越吃越沒有效果
不是頭痛就是手抖😒 不然就是焦慮藥越吃越重🙃",2024/11/8 11:55,"【活動攝影/表演攝影】@little_cheer_girl_taiwan👑
დ惟婷@weitingnana__",思覺失調,business,
yi_chen0691,怡臣,"欸不是
不理解憂鬱症、躁鬱症、思覺失調這些心理疾病，可以去Google 一下
不要上來就說，現在年輕人就是不行，這樣都扛不住
啊你不就很會？都給你扛都給你扛🙄",2025/9/16 01:15,youtube.com,思覺失調,not_enough_posts,
chenyi33,陳弋,"驅魔之前，我把它當作神明一樣恭迎過來，縈繞腦海的佛號座架起防禦結界。
它降臨在空蕩的客廳，平凡空間頓時黑化為異域。傘下形體逐漸清晰，我卻發現，髒東西就是自己－－長期鬱積在慾望底層的陰邪－－一具反覆自我召喚的地縛靈。",2025/9/28 01:50,無聊人生,思覺失調,pass,
chenyi33,陳弋,"因為憂鬱症，我一度覺得自己像塊墓碑。
最近情緒好多了，變成一塊會笑的墓碑。",2025/9/27 01:30,無聊人生,思覺失調,pass,
austin_88910244_,謝,"遇到家人思覺失調症發作
還有朋友在河流漂浮被人發現
都是一個月內的事情而已",2025/4/22 23:56,"百萬變臉公主
比較年輕的張麗善
2026的雲林縣長",思覺失調,pass,
austin_88910244_,謝,"非常不喜歡加群組(工作、公司的都一樣)
不知道台灣人會被詐騙都是因為太愛加群組嗎",2025/4/21 15:41,"百萬變臉公主
比較年輕的張麗善
2026的雲林縣長",思覺失調,pass,
austin_88910244_,謝,"三月廿三的麥寮日常
有數位行動不便的阿嬤們帶著自己孫子到拱範宮參拜
有一位虔誠的台東鄉親從台東來到麥寮拱範宮拜拜
然後拜拜完要當天回台東
很多感人的故事",2025/4/21 13:45,"百萬變臉公主
比較年輕的張麗善
2026的雲林縣長",思覺失調,pass,
austin_88910244_,謝,"114年乙巳年三月廿三媽祖聖誕
雲林縣土庫鎮 塗褲媽順天宮",2025/4/20 19:49,"百萬變臉公主
比較年輕的張麗善
2026的雲林縣長",思覺失調,pass,
austin_88910244_,謝,"114.04.19北港藝閣
沒上去送禮物
來當收禮物的",2025/4/20 18:57,"百萬變臉公主
比較年輕的張麗善
2026的雲林縣長",思覺失調,pass,
austin_88910244_,謝,藝閣最大戰利品,2025/4/20 18:55,"百萬變臉公主
比較年輕的張麗善
2026的雲林縣長",思覺失調,pass,
austin_88910244_,謝,再漲下去就不是平價小吃了😮‍💨,2025/4/15 19:05,"百萬變臉公主
比較年輕的張麗善
2026的雲林縣長",思覺失調,pass,
austin_88910244_,謝,以下哪一間本島媽祖廟最久,2025/4/12 19:23,"百萬變臉公主
比較年輕的張麗善
2026的雲林縣長",思覺失調,pass,
austin_88910244_,謝,"帶了一個小孩還躲在月台的角落抽菸被抓到
扣分",2025/4/12 18:08,"百萬變臉公主
比較年輕的張麗善
2026的雲林縣長",思覺失調,pass,
austin_88910244_,謝,"上班上了這麼久
在對面而已今天才第一次來",2025/4/12 17:23,"百萬變臉公主
比較年輕的張麗善
2026的雲林縣長",思覺失調,pass,
austin_88910244_,謝,診間數眠,2025/4/12 10:36,"百萬變臉公主
比較年輕的張麗善
2026的雲林縣長",思覺失調,pass,
austin_88910244_,謝,來發一個之前趕車的巧遇,2025/4/11 18:42,"百萬變臉公主
比較年輕的張麗善
2026的雲林縣長",思覺失調,pass,
austin_88910244_,謝,越看越美,2025/4/11 11:54,"百萬變臉公主
比較年輕的張麗善
2026的雲林縣長",思覺失調,pass,
austin_88910244_,謝,這週來的孩子都跟我說掰掰是手心朝內,2025/4/10 16:58,"百萬變臉公主
比較年輕的張麗善
2026的雲林縣長",思覺失調,pass,
austin_88910244_,謝,"下桂山章寶宮有少見的女門神
以及很多國寶大師留下來的經典作品
已經都列為雲林縣定古蹟了
希望大殿不要再是只用鐵皮屋保護廟身
這樣對得起陳壽彞大師嗎？",2025/4/9 23:06,"百萬變臉公主
比較年輕的張麗善
2026的雲林縣長",思覺失調,pass,
austin_88910244_,謝,看起來今天會跌比昨天多😎,2025/4/9 12:00,"百萬變臉公主
比較年輕的張麗善
2026的雲林縣長",思覺失調,pass,
masontsao,Mason Tsao,"許多人會跟思覺失調症（schizophrenia)患者講：「你不要聽幻聽說的話就好了！她叫你做什麼你就不要照做！」
但這往往沒有效果。
事實上，思覺失調症加重時，除了幻聽的頻率、音量、種類都可能增加之外，患者常常會逐漸失去現實感、會照著幻聽的命令做事，偏偏幻聽常常偏重負面的內容。",2026/1/13 22:14,"曹文沿
🟣兒童青少年精神專科醫師 child and adolescent psychiatrist🔵也看成人
🟢桃園醫院精神部兒童青少年精神科
主任🟠早療中心評估醫師🟡台北榮總總醫師+兒青研究醫師🔴from lovely Taiwan",思覺失調,business,
masontsao,Mason Tsao,"在憂鬱症的人裡面，我常觀察到：有很多人都曾有過暴食（binge eating）的現象，就是在某一段短時間內進食超級多食物。例如在兩個小時內掃光冰箱裡與櫥櫃裡所有東西。
但是這樣的人平常倒不一定有這樣的習慣，甚至他們平常會有食慾下降，感受不到餓的感覺，但是某一天突然會啟動暴食的行為，是自己控制不了的。
有些理論是說：也許暴食是一種調節情緒的方式，也有理論說，是身體在長期缺乏能量與代謝過低的狀態下自動救援的方式。",2026/1/10 22:40,"曹文沿
🟣兒童青少年精神專科醫師 child and adolescent psychiatrist🔵也看成人
🟢桃園醫院精神部兒童青少年精神科
主任🟠早療中心評估醫師🟡台北榮總總醫師+兒青研究醫師🔴from lovely Taiwan",思覺失調,business,
masontsao,Mason Tsao,"分享幾個ASD(自閉症類群障礙症）的可愛的過度堅持想法/行為：
1. 六歲弟弟喜歡三國，去哪裡都要帶他的劉關張三兄弟，還有他們的馬和專屬武器，缺一不可
2. 小二弟弟認爲自己一定要班上第一名，才能考上台清交。如果沒有考上台清交，「這輩子就完了」
3. 一位弟弟覺得考試一定要100分，如果沒有應該是考卷題目出錯了！別人不能在他面前說他沒有考100分，不然會大爆氣
如果ASD孩子正在因為自己的堅持未達到而崩潰，這時他們的情緒強度是非常大的，不宜去講理。
你可以「用他們的魔法來對付他」：跟他討論他喜歡/堅持的東西（比如劉備長怎麼樣？台清交哪裡好？）請他介紹，指導自己。這樣在轉移注意力、討論與聆聽後，多半他們可以冷靜下來。",2026/1/9 23:17,"曹文沿
🟣兒童青少年精神專科醫師 child and adolescent psychiatrist🔵也看成人
🟢桃園醫院精神部兒童青少年精神科
主任🟠早療中心評估醫師🟡台北榮總總醫師+兒青研究醫師🔴from lovely Taiwan",思覺失調,business,
masontsao,Mason Tsao,"我在早療評估現場看到：
看到一個懷疑有某先天發展疾患的孩子（例如自閉症類群障礙症ASD)，
診斷準不準確固然很重要。
但更重要的，往往是家長有沒有準備好接受這個結果以及後續的事情。
我們怎麼說，他們聽到什麼，可能都會影響到孩子的命運。",2026/1/8 22:44,"曹文沿
🟣兒童青少年精神專科醫師 child and adolescent psychiatrist🔵也看成人
🟢桃園醫院精神部兒童青少年精神科
主任🟠早療中心評估醫師🟡台北榮總總醫師+兒青研究醫師🔴from lovely Taiwan",思覺失調,business,
masontsao,Mason Tsao,"我聽到一位國中女生，她述說著從小學時期，有學習障礙，長期被同學霸凌，被關廁所，被打，被老師誣賴作壞事，我問她：你有跟輔導老師談過或者是心理諮商之類的嗎？
她笑著說：「有啊。我去過輔導室。」
「輔導老師聽到我的事情，他整節課一直哭一直哭，我還安慰他沒有關係，後來我就沒有繼續輔導了」",2026/1/7 23:34,"曹文沿
🟣兒童青少年精神專科醫師 child and adolescent psychiatrist🔵也看成人
🟢桃園醫院精神部兒童青少年精神科
主任🟠早療中心評估醫師🟡台北榮總總醫師+兒青研究醫師🔴from lovely Taiwan",思覺失調,business,
masontsao,Mason Tsao,"自閉症類群障礙症，雖然目前成因不明，但大概有80%是先天因素（例如遺傳，基因突變等）。
但若一個孩子在早期發展時，沒有足夠的人際互動刺激，也可能會有類似自閉症的表現：眼神接觸不佳，少有自發性語言，與人互動較少，重複固著行爲等等。
不論如何，跟孩子增加互動遊戲、共讀、接觸其他幼兒、避免觀看影片，都是讓孩子茁壯必要的肥料。",2026/1/6 22:47,"曹文沿
🟣兒童青少年精神專科醫師 child and adolescent psychiatrist🔵也看成人
🟢桃園醫院精神部兒童青少年精神科
主任🟠早療中心評估醫師🟡台北榮總總醫師+兒青研究醫師🔴from lovely Taiwan",思覺失調,business,
masontsao,Mason Tsao,"接納情緒有多重要？
如果一位家長從小孩還很小的時候，常常說：
「吼你看！！車車摔壞了吧！不要哭！你要這樣玩就不要哭！」
小孩就會：",2026/1/5 22:32,"曹文沿
🟣兒童青少年精神專科醫師 child and adolescent psychiatrist🔵也看成人
🟢桃園醫院精神部兒童青少年精神科
主任🟠早療中心評估醫師🟡台北榮總總醫師+兒青研究醫師🔴from lovely Taiwan",思覺失調,business,
masontsao,Mason Tsao,"涼知識：
小孩大概在四歲才有一起共同遊戲的能力。
在那之前，正常的小孩會注意到別家小孩，但不一定能一起玩。可能會從單獨遊玩慢慢發展出旁觀他人遊玩，平行遊玩（跟其他小孩在同一個空間，用相似的方式遊玩但不直接互動）等等。
所以，並不是不跟其他小朋友玩，就是有社交情緒的問題喔！",2026/1/4 22:31,"曹文沿
🟣兒童青少年精神專科醫師 child and adolescent psychiatrist🔵也看成人
🟢桃園醫院精神部兒童青少年精神科
主任🟠早療中心評估醫師🟡台北榮總總醫師+兒青研究醫師🔴from lovely Taiwan",思覺失調,business,
masontsao,Mason Tsao,"為什麼兒童青少年精神科看那麼慢？
因為孩子就是孩子，他會用自己的方式表達，情感也自然流露，沒有辦法趕時間。
然後。
孩子單獨跟醫師對話完之後，醫師還要再請家長補充，順便跟家長作衛教。然後家長：「醫師我有些話想單獨跟你說……」然後又20 minutes later……
然後我問：「請問他幾公分幾公斤？」
孩子「不知道」家長「很久沒量了！」
於是他們一行人又踏上旅程去他科診間旁邊的體重機（當我覺得他們報的數字很奇怪，我會一起再去一趟😂後來請大家候診時一律先去量）",2026/1/3 22:49,"曹文沿
🟣兒童青少年精神專科醫師 child and adolescent psychiatrist🔵也看成人
🟢桃園醫院精神部兒童青少年精神科
主任🟠早療中心評估醫師🟡台北榮總總醫師+兒青研究醫師🔴from lovely Taiwan",思覺失調,business,
masontsao,Mason Tsao,"［公告］
因爲個人因素，我已向院方告知將離職，目前規劃2026年3月底之後離開桃園醫院。日前門診已不接受初診個案掛號，已掛號者至3月底前將如期診視。讓遠道而來的個案與家長們未能加號，實在抱歉。也謝謝大家的信任，我目前並未確定之後工作的動向，若有更新消息必將公告，再次抱歉。",2026/1/2 23:13,"曹文沿
🟣兒童青少年精神專科醫師 child and adolescent psychiatrist🔵也看成人
🟢桃園醫院精神部兒童青少年精神科
主任🟠早療中心評估醫師🟡台北榮總總醫師+兒青研究醫師🔴from lovely Taiwan",思覺失調,business,
masontsao,Mason Tsao,"有一種狠人，就是：每年會許新年新希望的人
因為很難做得到
有一種狠人中的狠人，就是：
會把新年新希望打在社交媒體上的人
因為除了大家都看得到之外
到了第二年它會狠狠跳出來打臉自己
祝各位狠人2026新年快樂！國泰民安！",2025/12/31 22:13,"曹文沿
🟣兒童青少年精神專科醫師 child and adolescent psychiatrist🔵也看成人
🟢桃園醫院精神部兒童青少年精神科
主任🟠早療中心評估醫師🟡台北榮總總醫師+兒青研究醫師🔴from lovely Taiwan",思覺失調,business,
ironclaire,Iron Clairé,"如何跟思覺失調的人共事？
7月初新來一位86年次的同事
派遣公司說她有身障手冊(憂鬱症)
共事一個月較熟了 她跟我聊她是思覺失調
固定吃銳思錠
到職至今 不論她工作表現好壞
我都不斷稱讚她 心情不好請她吃巧克力、餅乾、奶茶
她每天上班都開心至極 還說過去17個工作中
跟我共事這個是最好的
這週突然不知怎了 因暗戀公司的男同事
但男生拒絕她 她就嚷嚷很焦慮、一週內看二次身心科
說要離職、隔天又說要繼續做
我沒有經驗、身邊也沒有這種案例的朋友
明天要上班 有點不知所措我",2025/8/17 23:15,ISFJ,思覺失調,business,
ironclaire,Iron Clairé,"這裡有一間會自己幫你賺錢的公寓，了解一下？」
📍 地點：蒙特婁(Montréal Québec)
💰 售價：CAD 350,000
💸 月租：CAD 1,100（穩定租客，不會亂跑）,每次招租都大打出手的搶破頭,每年可調漲房租
🛋 空間亮點：
	•	3房 2廳 1衛
	•	1 平面車位（冬天不用鏟雪找車）
	•	前後陽台（前陽台看風景，後陽台…曬棉被）
	•	實坪 30 坪（不是廣告坪，是真的）
✨ 你會喜歡的原因：
	•	買了就有現金流，租金直接躺收
	•	租客自動幫你繳房貸（你只需要笑著收錢）
	•	自住或投資都划算，還能說「我在加拿大有房」
📩 有興趣請私訊，讓這間公寓變成你的人生故事之一。
#屋主自售 #蒙特婁 #房產投資 #加拿大房產  #售屋 #被動收入",2025/8/15 16:35,ISFJ,思覺失調,business,
ironclaire,Iron Clairé,"每週六早8的課 要起的比上班更早去上課
要睡12個鐘才會飽的人
第一堂課的狀態 連人話都聽不懂
Q0的課正式結束
收穫是來自長榮海、華航的同學報告很精彩
及小瑜老師已幫全班的論文天靈蓋都打開",2025/8/10 14:40,ISFJ,思覺失調,business,
tongwei_0323,Joanna Yu,"2025.12.31
2025年對我來說真的是最痛苦的一年
失去了自己最愛的媽媽失去了我的避風港與後盾
到現在依然無法撫平自己內心的痛苦
每天活在迷茫中⋯過著人生沒有方向的日子
2025的最後一天，告別所有不好的一切
告別所有的傷心難過⋯
迎接2026的到來～
願自己能重新振作，希望新的一年我能越來越好
只願我愛的家人朋友都幸福每一天
希望大家珍惜身邊的每一個人
因為愛要及時愛要把握當下
才不會後悔當初為什麼沒有去做而感到後悔
2026我不會忘記妳
我會一直時時刻刻把妳放在心裡",2026/1/1 02:52,生活幾乎都在臉書❤️,思覺失調,pass,
tongwei_0323,Joanna Yu,"跟小姐姐的約會❤️
好久沒見面了
每次都要等妳出國回來才能見面
還好妳不是我男友不然我一定會等妳等到發瘋🥲
去哪裡都好多人
想吃的東西都要等三小時以上
只能吃漢來了因為不用等 😭",2025/12/28 17:53,生活幾乎都在臉書❤️,思覺失調,pass,
tongwei_0323,Joanna Yu,"一個人在家大地震⋯
我快嚇呆了
好可怕
第一次面對這麼大的地震
好想哭",2025/12/27 23:16,生活幾乎都在臉書❤️,思覺失調,pass,
island_meridians,經絡藏寶圖創辦｜澎湖｜雷咪,"紀錄一下2024-2025病得亂七八糟的自己
還是做了很多事的自己
不只調理大家的經絡
也上了很多經絡課 
跟很多可愛的靈魂 擦出很多美麗的火花💥
要記得：自己已經做很多了
要記得：自己已經盡力而為了
要記得：對自己說「夠了」
心也需要休息
所以要對自己說夠了
摸摸自己的頭 對自己說說溫柔的好話
對自己再溫柔一點喔
#自律神經失調 #經絡調理",2025/10/22 23:24,"原來經絡調理師也會自律神經失調
原來不用吃藥自律神經失調也會痊癒
所以我立志：
成為自律神經失調的你們最溫柔的陪伴
分享我經歷的一切&我覺得最有效的方法",思覺失調,business,
island_meridians,經絡藏寶圖創辦｜澎湖｜雷咪,"「讓情緒流動」
是自律神經失調的我們的必修學分
一起來上課吧！",2025/10/22 11:02,"原來經絡調理師也會自律神經失調
原來不用吃藥自律神經失調也會痊癒
所以我立志：
成為自律神經失調的你們最溫柔的陪伴
分享我經歷的一切&我覺得最有效的方法",思覺失調,business,
island_meridians,經絡藏寶圖創辦｜澎湖｜雷咪,"剛剛看到的好有道理
【冷知識】
心理學上有個詞叫「情緒負債」
當你一次次壓抑、讓步、假裝沒事
大腦會在潛意識中「積欠情緒」
總有一天，那些沒發的脾氣、沒掉的眼淚
會以另一種形式還回來
嗯沒錯
自律神經失調焦慮恐慌
也是一種形式
我們都不需要硬撐",2025/10/22 07:37,"原來經絡調理師也會自律神經失調
原來不用吃藥自律神經失調也會痊癒
所以我立志：
成為自律神經失調的你們最溫柔的陪伴
分享我經歷的一切&我覺得最有效的方法",思覺失調,business,
weihuizhenwei,魏惠貞,魔法森林~,2025/11/16 19:40,facebook.com,思覺失調,pass,
weihuizhenwei,魏惠貞,For my 粉絲thank you,2025/11/16 14:46,facebook.com,思覺失調,pass,
weihuizhenwei,魏惠貞,因為疾病而停擺的建築工作，近期因為參加社區的老人關懷據點而開始使用與縣府連結的電腦系統作業，但電腦真的太久沒使用了，需要一段時間練習新的介面，不免讓我想到以前繪圖auto cad 的時光，也想到了這“病”的這個問題，如何都在繪圖的專長領域之中，發展出新世界呢！感受並看透人生百態的我，逐漸慢慢的清晰的看見自己的內心，給許多自己擁有的時間去，好好的思考、通透，踏實的過每一步、每個階段、每一天，我將把我每天的感受呈現於圖面與文字裡面，畫圖的過程中搭配一些音樂，有時畫完圖面的那個顏色的感受、手繪的溫度，連我自己都會起雞皮疙瘩，可以重新找回自己的感覺，真的很棒！,2025/11/16 09:45,facebook.com,思覺失調,pass,
weihuizhenwei,魏惠貞,風景畫~,2025/11/15 10:52,facebook.com,思覺失調,pass,
weihuizhenwei,魏惠貞,20251113-屏東打掃完成,2025/11/13 19:19,facebook.com,思覺失調,pass,
wizzy.e,𝐖𝐢𝐳𝐳𝐲,半夜睡到一半 恐慌症發作了,2025/11/26 02:05,"XII.
Mercedes-AMG PETRONAS F1 Team",思覺失調,pass,
wizzy.e,𝐖𝐢𝐳𝐳𝐲,"吃了一顆景安寧
也跟家人聊了天
紓解一下心情
希望今晚能好睡一點",2025/11/24 22:45,"XII.
Mercedes-AMG PETRONAS F1 Team",思覺失調,pass,
wizzy.e,𝐖𝐢𝐳𝐳𝐲,"焦慮到睡不著
吃了顆景安寧還是一樣",2025/11/24 00:40,"XII.
Mercedes-AMG PETRONAS F1 Team",思覺失調,pass,
wizzy.e,𝐖𝐢𝐳𝐳𝐲,"天氣冷是不是容易引發恐慌症？
都有按時吃藥
但就是有一種隨時要發作的感覺",2025/11/19 23:07,"XII.
Mercedes-AMG PETRONAS F1 Team",思覺失調,pass,
psywit,我要聽妳說｜王耀霆醫師,"💊精神科醫師只會開藥？
因為....
只有醫師才有權利開藥啊 😅
而且，
跟心理治療不同，醫師花時間問診，會偏向詢問身心症狀，評估壓力源、生活功能、人際關係，做出疾病診斷，並給予客製化建議，調整治療策略。
（也是有醫師專門在做心理治療的）",2025/8/7 13:28,"- 台北內湖身心精神科診所院長
- I人醫生三寶爸
- 合作請私訊或 psywit@gmail.com",思覺失調,business,
psywit,我要聽妳說｜王耀霆醫師,"身心科水不深_35
有些個案來門診主訴是無法控制的焦慮，常發現他們有個共同的問題，就是太常為了「別人的課題」內耗。
---
阿德勒心理學教了我們一個簡單解決的方法：「課題分離」
💡什麼是課題分離？
簡單來說：
👉不是你的課題，你就不用操心。
🔺我這麼努力，他為什麼不喜歡我？
🔺我這樣做，會不會讓他失望？
🔺我說了真心話，他會不會生氣？
很多內耗，來自於我們跨過了界線：
「我想控制他怎麼想我」
「我希望他因為我改變」
「我擔心他會不會誤會我」
---
其實這些都是別人的課題
你只需要問一句：
👉「這是誰的課題？」
不是每個人都會懂你、喜歡你、感謝你，你大可不需要為了別人的課題，持續消耗自己的能量。
如果不是你的課題，告訴自己，那就放下吧。🫳",2025/8/7 12:55,"- 台北內湖身心精神科診所院長
- I人醫生三寶爸
- 合作請私訊或 psywit@gmail.com",思覺失調,business,
psywit,我要聽妳說｜王耀霆醫師,"自律神經失調，在診間會常用汽車的「油門」和「煞車」來比喻。
---
🔺交感神經 = 油門 🚗💨
白天讓你打起精神、面對挑戰！
🔻副交感神經 = 煞車 🤚
晚上讓你休息放鬆、恢復能量。
---
當自律神經失調，就是……
1. 油門踩到底，煞車壞掉：
- 整天緊張心悸、睡不好、喘不過氣。
2. 煞車踩太久，油門踩不動：
- 整天沒力、提不起勁、頭昏腦脹、懶洋洋。
3. 油門煞車一起踩：
- 想事情卡卡的，又累又焦慮，想動又動不了、什麼事都不想做。",2025/8/6 23:08,"- 台北內湖身心精神科診所院長
- I人醫生三寶爸
- 合作請私訊或 psywit@gmail.com",思覺失調,business,
psywit,我要聽妳說｜王耀霆醫師,"今天的門診，
來了一位臉上敷著面膜的個案。
我先簡單地問：
「等下有什麼活動嗎？」
她說：「沒事，只是想拿藥。」
現在下診後想一想覺得挺荒謬 😂",2025/8/6 22:53,"- 台北內湖身心精神科診所院長
- I人醫生三寶爸
- 合作請私訊或 psywit@gmail.com",思覺失調,business,
psywit,我要聽妳說｜王耀霆醫師,"🧠第三型躁鬱症
（抗憂鬱劑誘發的躁鬱症）
有些人原本只被診斷為憂鬱症，但在服用抗憂鬱劑一段時間後，卻突然出現輕躁（hypomania）的症狀：
1. 過度活躍
2. 睡得少但不覺得累
3. 說話變快、想法計劃變多
4. 行為衝動、購買行為增加
這就是 「第三型躁鬱症」！
其實是「潛在躁鬱體質」被藥物揭露。
👉 這類患者治療上要特別小心，因為單用抗憂鬱劑可能誘發躁期，常需搭配情緒穩定劑。",2025/8/6 10:37,"- 台北內湖身心精神科診所院長
- I人醫生三寶爸
- 合作請私訊或 psywit@gmail.com",思覺失調,business,
psywit,我要聽妳說｜王耀霆醫師,"💊安眠藥就像酒量，不是越喝越醉，而是越喝越無感。
剛開始吃一點點就很好睡，
久了之後，劑量越來越高，效果卻越來越差。
這就是所謂的「耐受性」。
真正的治療，不是一直加藥量，
而是幫你找回自然入睡的能力。",2025/8/5 08:40,"- 台北內湖身心精神科診所院長
- I人醫生三寶爸
- 合作請私訊或 psywit@gmail.com",思覺失調,business,
psywit,我要聽妳說｜王耀霆醫師,"💊 吃精神科藥物會變胖嗎？
其實，要看你吃的是哪一種藥。
很多人以為「抗憂鬱劑」一定會發胖，但其實不少抗憂鬱劑初期反而會抑制食慾。
有些助眠藥改善睡眠後，反而讓你少吃宵夜，整體還可能幫助你控制體重。
若擔心你的處方會變胖可以跟你的醫師好好討論。",2025/8/4 21:49,"- 台北內湖身心精神科診所院長
- I人醫生三寶爸
- 合作請私訊或 psywit@gmail.com",思覺失調,business,
psywit,我要聽妳說｜王耀霆醫師,"利用智慧錶也能分辨出你的憂鬱症其實是躁鬱症？
2025 年 arXiv 的 CALYPSO 資料集研究，利用穿戴裝置（手環/智慧錶）收集的生理與行為資料，包括：
1. 血容量脈搏 (BVP)
2. 皮膚電活動 (EDA)
3. 體溫 (TEMP)
4. 三軸加速度 (ACC)
初步研究發現：
對於「單極性憂鬱症」或「其實是躁鬱症的憂鬱症」有鑑別度！",2025/8/4 11:30,"- 台北內湖身心精神科診所院長
- I人醫生三寶爸
- 合作請私訊或 psywit@gmail.com",思覺失調,business,
psywit,我要聽妳說｜王耀霆醫師,"🧠自律神經失調🧠
其實是很多焦慮、恐慌和憂鬱背後的「隱形推手」！
交感神經過度活躍，讓你心跳加速、手腳冒汗，全身緊繃
副交感神經過度活化，讓你白天疲倦、注意力無法集中
這些身體症狀反過來又讓情緒更焦慮，形成惡性循環。😰
想改善？除了身心科藥物外：
1.  常做腹式深呼吸
2. 正念冥想
3. 規律運動
4. 補充好的益生菌
5. 高濃度EPA魚油
都會有好效果！",2025/8/4 11:11,"- 台北內湖身心精神科診所院長
- I人醫生三寶爸
- 合作請私訊或 psywit@gmail.com",思覺失調,business,
psywit,我要聽妳說｜王耀霆醫師,"憂鬱症是什麼感覺？
---
憂鬱症就像一個住在熱帶的人，
忽然被關進一間冷氣很強的房間。
他開始感到不舒服、無法正常生活。
這不是懶惰，而是真的冷到受不了。
「藥物和心理治療」，就像幫他穿上一件羽絨外套，讓他能夠在這樣的低溫中繼續生活。
一直到有一天：
🌤️ 冷氣溫度慢慢調高了
 💪 他的體質變得能適應低溫了
他或許就能脫下那件羽絨外套。",2025/8/3 10:50,"- 台北內湖身心精神科診所院長
- I人醫生三寶爸
- 合作請私訊或 psywit@gmail.com",思覺失調,business,
psywit,我要聽妳說｜王耀霆醫師,"10個幫助入睡的好習慣
1 固定時間起床
2 白天曬太陽
3 晚餐清淡、避免宵夜
4 睡前遠離手機與藍光
5 建立睡前固定儀式
6 不睡午覺
7 只有睡覺才上床
8 中午過後不喝茶和咖啡
9 睡不著就起來走動
10 接受「偶爾睡不好」是正常的",2025/8/3 10:03,"- 台北內湖身心精神科診所院長
- I人醫生三寶爸
- 合作請私訊或 psywit@gmail.com",思覺失調,business,
psywit,我要聽妳說｜王耀霆醫師,"身心科水不深_34
---
🧠你聽過躁鬱症至少分成九型嗎？
很多憂鬱的個案來診間，經過我的分析後，會得出：
➡️ 「其實你不是單純的憂鬱症，而是有點躁鬱傾向」。
🧑‍⚕️精神科醫師 Akiskal 提出了一個「雙相光譜」理論，把這種情緒波動的狀態細分成九種常見型態，有些甚至長年被誤診為憂鬱症。
---
這樣的個案，常會有吃抗憂鬱劑效果不好，或需要用到多種類或高劑量抗憂鬱劑，容易被誘發輕躁等特性。
---
治療上常常要考慮不同的治療策略，有興趣的話我再一種一種介紹。",2025/8/3 08:15,"- 台北內湖身心精神科診所院長
- I人醫生三寶爸
- 合作請私訊或 psywit@gmail.com",思覺失調,business,
camille16643,彭育靜,"分享一下思覺失調的經歷，真是混亂的黑歷史，我現在想起來都很尷尬😭
Part 1.
那段時間的妄想有點嚴重，我竟然相信我媽刻意在每次煮湯時下毒，害死我叔叔。
我那時還和我爸講了一堆妄想內容。
我爸：你知道你在說什麼嗎？你到底怎麼了？
發病前，會慢慢變得孤僻、易怒、討厭出門，我妹說我那段時間超有病，動不動就爆炸、找人吵架、罵人，但其實我當下認為有病的是他們才對。
之後會開始情感淡漠、失實感、妄想，情緒一激動，甚至會有自「」、「」了周遭人的念頭。
感覺現實崩解了，會開始跟娃娃說話，慢慢看不懂字、難以組織語言、沒辦法動腦，變得像木頭一樣。
還有過整天躺在床上，好幾天不洗澡，然後不斷鑽研一些玄學、宗教⋯⋯
幻聽、幻覺也慢慢跑出來
現在想來真的超有病🥹👉👈但真的當下不會有病識感。
父母一直說我變了，怎麼變成這副樣子，但我只要一聽到相關字眼就會爆炸💥，大吵特吵，堅信自己沒問題。
有次我還問我妹：「你不覺得他們超有病嗎？」
我妹：「三小，有病的是你好不好⋯⋯」",2024/10/30 13:35,"廢文聚集地，追蹤前請三思。
高頻率發文轟炸此地⚠️
問就是日記帳",思覺失調,pass,
camille16643,彭育靜,"美宣組員：才剛進群組就開始互傳梗圖，我還以為你們很熟欸，沒想到根本就不認識:）
嗯，怎麼說呢，有時偏偏就能從一群人中，第一眼就鑑別出同類:D
然後我就不小心會對那些人太熱情👉👈
我好喜歡各種混亂發言和限動 哈哈哈哈",2024/10/29 18:23,"廢文聚集地，追蹤前請三思。
高頻率發文轟炸此地⚠️
問就是日記帳",思覺失調,pass,
camille16643,彭育靜,"我應該不會被當限動按讚怪人吧，有時真的只是想表達😮和😆，但按表符又怕害人家回也不是，不回也不是。
大家不要被我的熱情嚇到🥰
等等，更像怪人了",2024/10/29 18:07,"廢文聚集地，追蹤前請三思。
高頻率發文轟炸此地⚠️
問就是日記帳",思覺失調,pass,
camille16643,彭育靜,眼睛好癢啊啊啊，爛空氣,2024/10/29 12:01,"廢文聚集地，追蹤前請三思。
高頻率發文轟炸此地⚠️
問就是日記帳",思覺失調,pass,
camille16643,彭育靜,好像發太多奇怪的東西了，讓我喘口氣==,2024/10/29 01:15,"廢文聚集地，追蹤前請三思。
高頻率發文轟炸此地⚠️
問就是日記帳",思覺失調,pass,
camille16643,彭育靜,分組作業時，組員對分數的追求和自己不一樣其實還蠻頭疼的，尤其是很喜歡的科目，不希望只是「有過就好」。,2024/10/28 16:56,"廢文聚集地，追蹤前請三思。
高頻率發文轟炸此地⚠️
問就是日記帳",思覺失調,pass,
camille16643,彭育靜,大學期中考週水深火熱，好險上禮拜就已經先死了。,2024/10/28 14:40,"廢文聚集地，追蹤前請三思。
高頻率發文轟炸此地⚠️
問就是日記帳",思覺失調,pass,
camille16643,彭育靜,"「故事結束了，我們不再是公主與王子，蛋糕變成血肉，餐具變成槍枝。母親說，時間到了，她牽著我們的手，追逐著時間的秒針。
六、七、八，父親驕傲地走上臺階，他們俐落地為他戴上天空的繩索，九、十、十一，父親看到了我們，但是我無法向他招手，十二、十「碰！」錶盤碎裂了，待我再次張開眼睛時，父親已經被懸掛在了空中，一言不語。
在後來的第十三個月裡，父親又回到了我們家，他如往日般，用結實的胸懷接住了熱情的我們，我緊緊地抓著他，多麼希望他永遠留下來，父親撫摸著我的背，他說，神已經寬恕了他的罪孽……」
2023.10.18
當初好像是追完水仙十字院故事，
然後又想起《納粹的孩子》的內容才寫的。
啊啊啊，把自己筆記本裡的東西PO出來好羞恥，這算是一種我與脆的「 」Play嗎",2024/10/28 14:30,"廢文聚集地，追蹤前請三思。
高頻率發文轟炸此地⚠️
問就是日記帳",思覺失調,pass,
camille16643,彭育靜,PenCake 超好用！,2024/10/28 14:13,"廢文聚集地，追蹤前請三思。
高頻率發文轟炸此地⚠️
問就是日記帳",思覺失調,pass,
camille16643,彭育靜,"夜的主人打翻了墨水
星空流淌在指間
被抹去的故事 
成為了夜空的一隅
往日是夢境的瑣碎
世界是長夜的夢囈
2023.2.16",2024/10/28 11:14,"廢文聚集地，追蹤前請三思。
高頻率發文轟炸此地⚠️
問就是日記帳",思覺失調,pass,
camille16643,彭育靜,"融化的玫瑰
猩紅滴落 腐敗
淹沒時間的指針
潰爛的記憶被絞碎
理智倒懸 躊躇
裙擺攬上窗臺
盛一池溫熱的靜謐
蔓延流淌 侵蝕齒間的文字
2024.10.28
來玩一下文字的暴力美學
好孩子不要去看《沙耶之歌》",2024/10/28 11:10,"廢文聚集地，追蹤前請三思。
高頻率發文轟炸此地⚠️
問就是日記帳",思覺失調,pass,
camille16643,彭育靜,"突然翻到去年以少年犯第一視角寫的文:D
壓力大時靈感特別多",2024/10/28 02:03,"廢文聚集地，追蹤前請三思。
高頻率發文轟炸此地⚠️
問就是日記帳",思覺失調,pass,
camille16643,彭育靜,"恐懼、脆弱是惡的起源。
好像能體會由於過去經歷而導致內心某些情感功能被下意識強制停用的感覺（自我保護機制）
所謂的「冷血」犯罪者，應該就是這種情況吧。
若說「殺人犯不配稱為人」也行，因為他們的內在功能本來就不完整。
不過還是希望他們能解開心結
推推《教出殺人犯》",2024/10/28 00:58,"廢文聚集地，追蹤前請三思。
高頻率發文轟炸此地⚠️
問就是日記帳",思覺失調,pass,
camille16643,彭育靜,咱就是說⋯⋯明明青菜蘿蔔各有所好，為什麼非得把麵包麵糰塞進餅乾模型裡呢⋯⋯,2024/10/27 23:58,"廢文聚集地，追蹤前請三思。
高頻率發文轟炸此地⚠️
問就是日記帳",思覺失調,pass,
camille16643,彭育靜,我才不會說我換頭像的原因只是為了玩抽象時看起來沒那麼兇。,2024/10/27 15:58,"廢文聚集地，追蹤前請三思。
高頻率發文轟炸此地⚠️
問就是日記帳",思覺失調,pass,
camille16643,彭育靜,"死去的爛梗突然襲擊我腦袋：
三角形？triangle
長方形？rectangle
Hotel？trivago",2024/10/27 05:02,"廢文聚集地，追蹤前請三思。
高頻率發文轟炸此地⚠️
問就是日記帳",思覺失調,pass,
camille16643,彭育靜,"家人總希望我可以女性化一些，穿小可愛、學化妝、打扮、講話不要那麼粗魯，說這樣比較討男性喜歡。
艸，女性這行業真難幹，我辭職！
從今以後請叫我新竹暴風哥布林長老。
詳情撥打（03）5216121，竹市哥布林互助協會是新成立的地方自治組織，速速V我50，地方哥布林需要您的幫助。
.
.
.
.
.
.
.
（寫報告寫到精神堪憂的產物",2024/10/26 21:57,"廢文聚集地，追蹤前請三思。
高頻率發文轟炸此地⚠️
問就是日記帳",思覺失調,pass,
camille16643,彭育靜,幼稚和成熟的界線到底在哪裡⋯⋯感覺是社會規章下誕生的假議題。,2024/10/26 18:35,"廢文聚集地，追蹤前請三思。
高頻率發文轟炸此地⚠️
問就是日記帳",思覺失調,pass,
camille16643,彭育靜,"最近才發現自己長大後膚色變白超級多
小時候根本是黑色刺蝟",2024/10/26 01:36,"廢文聚集地，追蹤前請三思。
高頻率發文轟炸此地⚠️
問就是日記帳",思覺失調,pass,
camille16643,彭育靜,"不要急著壓制負面想法，最好是傾聽它承載的情緒、觀察它，即使它再怎麼不堪入目。
也只有這樣，才能全然接納自己與他人。",2024/10/24 10:02,"廢文聚集地，追蹤前請三思。
高頻率發文轟炸此地⚠️
問就是日記帳",思覺失調,pass,
camille16643,彭育靜,愛別人前，先學會愛自己。,2024/10/23 14:24,"廢文聚集地，追蹤前請三思。
高頻率發文轟炸此地⚠️
問就是日記帳",思覺失調,pass,
camille16643,彭育靜,我反而喜歡陰柔、可愛、不高的男孩子,2024/10/20 23:53,"廢文聚集地，追蹤前請三思。
高頻率發文轟炸此地⚠️
問就是日記帳",思覺失調,pass,
camille16643,彭育靜,好喜歡黑髮+黑瞳+精神破碎感,2024/10/20 22:34,"廢文聚集地，追蹤前請三思。
高頻率發文轟炸此地⚠️
問就是日記帳",思覺失調,pass,
camille16643,彭育靜,人際交往時，無時無刻不是在照鏡子。,2024/10/18 22:18,"廢文聚集地，追蹤前請三思。
高頻率發文轟炸此地⚠️
問就是日記帳",思覺失調,pass,
akane.lai,怡蒨,"今年是我有思覺失調症的第二年。
第一次一直有聲音出現是在去年的1月20日。
我打算紀錄我走向康復的道路的紀錄。
會有人想看嗎？",2025/6/10 01:12,"思覺失調症的世界
康復的旅程",思覺失調,not_enough_posts,
eggwt9cso,eggmok,"有些仗全力也打不過
我細佬23號生日，28歲，出左黎做野之後每年都會差唔多時候帶佢去反斗城簡佢自己禮物，今年又買左一大堆超人。
你問點解成28歲仲要人買玩具仲去反斗城？弱智咩？
係，無錯，佢係，另加自閉同思覺失調，洗唔洗影張白卡比你睇？如果帶佢去旺角信和行，如果人多街嘈煙臭是旦一樣野觸發到佢，佢衝左出彌敦道係唔係你幫我拉住佢？
依樣係心入面最痛條刺，所以明點解我成日咁灰咁負咁抑鬱，因為由細到大都親身體驗到有d野努力係無用，一早註定，上帝關門上鎖仲會木板封窗，佢出世，全家三個人條命註定冇未來冇運行。
愛唔愛佢？算愛掛，因為好清楚好多野佢都唔想、控制唔到，講真有得簡有邊個唔想正常，但同時問題係，因為佢我都受過好多無妄之災。小學時老豆老母唔知痴左邊條線，好似話係排唔到特殊學校，所以塞左細佬去我同一間小學讀一年，咁樣至少有人可以照顧佢喎，然後我就大禍臨頭，每當佢發癲我一個小學生就要去處理，仲要當時TVB播緊套阿旺新傳，從此全間小學都知我係阿旺阿哥，同學笑都算，連班教畜老師都搞針對，所以中學大學到往後日子都唔敢同人講自己屋企事，唔敢帶朋友去屋企玩，見過鬼仲唔怕黑咩，人言可畏，有色眼鏡好很恐怖。",2024/12/23 09:28,認真做鳩野放飛自我,思覺失調,not_enough_posts,
wayne48615,Wayne 🧏🏻‍♂️,"有人身邊有” 思覺失調症” 患者的朋友
或是親人嗎？
想聊聊~~ 謝謝🙏
思覺失調症",2024/9/30 22:41,"天蠍座男紙🐻
你不要追蹤我  我輕鬆些 🫶🏻",思覺失調,pass,
wayne48615,Wayne 🧏🏻‍♂️,心呀  我的心呀 🤍,2024/9/29 16:57,"天蠍座男紙🐻
你不要追蹤我  我輕鬆些 🫶🏻",思覺失調,pass,
wayne48615,Wayne 🧏🏻‍♂️,"以前這裡滿滿都是人
ab",2024/9/29 02:40,"天蠍座男紙🐻
你不要追蹤我  我輕鬆些 🫶🏻",思覺失調,pass,
wayne48615,Wayne 🧏🏻‍♂️,太想愛你,2024/9/29 02:36,"天蠍座男紙🐻
你不要追蹤我  我輕鬆些 🫶🏻",思覺失調,pass,
wayne48615,Wayne 🧏🏻‍♂️,✌🏻 無濾鏡可以嗎,2024/9/22 17:20,"天蠍座男紙🐻
你不要追蹤我  我輕鬆些 🫶🏻",思覺失調,pass,
wayne48615,Wayne 🧏🏻‍♂️,11月想快閃一下韓國欸😈,2024/9/21 16:45,"天蠍座男紙🐻
你不要追蹤我  我輕鬆些 🫶🏻",思覺失調,pass,
wayne48615,Wayne 🧏🏻‍♂️,"有姑婆芋的白毛山真讓人印象深刻
實在需要記錄一下🌿🌿🌱
謝謝爬山好夥伴  不斷把我拉出舒適圈
可動又可靜  人品好脾氣也好  只是懶了點+愛記仇
是不是可以帶回家了 🤭
#2024的第一座 #也是最後一座 🤣
#白毛山 #谷關七雄 #taichung #mountains 
#mountainlife ⛰️",2024/9/18 01:22,"天蠍座男紙🐻
你不要追蹤我  我輕鬆些 🫶🏻",思覺失調,pass,
masontsao,Mason Tsao,"思覺失調症（schizophrenia)雖然以正性症狀（例如被害妄想、幻聽幻覺）聞名，但是，它也有負性症狀，例如：對事物變得比較沒有動機，失去興趣，口語表達貧乏，表情很平淡。也就是說，這是一個很容易讓人退化的疾病。
☁️思覺失調症在古早被稱作「早發性失智症（dementia praecox)」，如果你身爲家屬，你可能會看著你的小孩，原本發展超前，人際互動良好，考上第一志願，卻在20出頭，突然性格大變，之後被退學，連打理日常都有問題。
☔️就醫復健固然是條辛苦的路，但也有的人覺得是小孩卡到陰，或認爲是小孩遇到打擊一蹶不振，開始不帶小孩看診。我認爲那是另一種悲劇的開始。",2025/8/6 14:38,"曹文沿
🟣兒童青少年精神專科醫師 child and adolescent psychiatrist🔵也看成人
🟢桃園醫院精神部兒童青少年精神科
主任🟠早療中心評估醫師🟡台北榮總總醫師+兒青研究醫師🔴from lovely Taiwan",思覺失調,business,
masontsao,Mason Tsao,"分享幾個在我診間遇過最意想不到的事：
No.4 兄弟搶椅子打架
No.3 個案去我身後的洗手臺喝沙拉脫洗嘴巴
No.2 小個案一直變魔術給我看但有些還沒練成直接出槌
No.1 個案媽媽在旁邊深蹲
請問各位，還有沒有在診間看過或做過比我更離譜的？",2025/8/4 21:37,"曹文沿
🟣兒童青少年精神專科醫師 child and adolescent psychiatrist🔵也看成人
🟢桃園醫院精神部兒童青少年精神科
主任🟠早療中心評估醫師🟡台北榮總總醫師+兒青研究醫師🔴from lovely Taiwan",思覺失調,business,
masontsao,Mason Tsao,忘記是看哪個研究說到：肌肉的疲累需要休息，大腦的疲累需要換事情做。的確在現今社會，每個人也許都要培養1-2個可以讓自己換檔的習慣/興趣,2025/8/3 21:26,"曹文沿
🟣兒童青少年精神專科醫師 child and adolescent psychiatrist🔵也看成人
🟢桃園醫院精神部兒童青少年精神科
主任🟠早療中心評估醫師🟡台北榮總總醫師+兒青研究醫師🔴from lovely Taiwan",思覺失調,business,
masontsao,Mason Tsao,"如何辨識一個人有沒有可能是恐怖情人？以下是一些細節：
1. 佔有慾強：「你是我的」
2. 情緒勒索：「我會這樣都是因爲你！」「沒有你我要怎麼活」
3. 無法接受被拒絕：「我都已經OOXX了你怎麼還XXOO」
4. 操控行爲：隨時查勤，強制通話，檢查通聯紀錄，干涉交友
5. 威脅或暴力：這應該不只是「細節」",2025/7/31 22:59,"曹文沿
🟣兒童青少年精神專科醫師 child and adolescent psychiatrist🔵也看成人
🟢桃園醫院精神部兒童青少年精神科
主任🟠早療中心評估醫師🟡台北榮總總醫師+兒青研究醫師🔴from lovely Taiwan",思覺失調,business,
masontsao,Mason Tsao,"最近的恐怖情人案件（土城、信義區等等）好多。
在門診，我們也常遇到家暴、侵犯受害者。
如果你遇到恐怖情人，該怎麼辦？
別慌張，一步一步來：
1. 確保安全：冷靜面對，不激怒對方，先看是否能遠離危險
2. 求助：找親友、報警，打113，或找律師、社工，徵信等等專業人士諮詢下一步。
3. 撤離：到安全地方或安置地點。勿讓對方掌握你的行蹤
4. 斷聯：徹底斷掉所有跟對方聯繫方式
5. 後續：上述做完確保安全後，再思考是否蒐證、驗傷、就醫，申請保護令，提告等等",2025/7/31 13:15,"曹文沿
🟣兒童青少年精神專科醫師 child and adolescent psychiatrist🔵也看成人
🟢桃園醫院精神部兒童青少年精神科
主任🟠早療中心評估醫師🟡台北榮總總醫師+兒青研究醫師🔴from lovely Taiwan",思覺失調,business,
masontsao,Mason Tsao,"「醫師，他為什麼要自殘？」
「我對他不好嗎？」
「他是故意要氣我嗎？」
自我傷害到底背後的成因可能是什麼？
有些時候連孩子也無法清楚描述出來。
不過事實是：自我傷害通常不是為了報復或反抗。
以下是參考醫學文獻與我臨床經驗，統整的3大原因：
1️⃣ 情緒調節（90%)：孩子在極度煩躁、憂鬱時，做什麼都無法緩解情緒，但唯有讓身體接受痛楚後，才能稍微讓情緒舒緩一些些。但大部分人在這樣做之後，是有罪惡感的，也不想讓他人知道。
2️⃣ 共病影響(60%): 例如有憂鬱症，或邊緣性人格疾患（BPD)的孩子，可能在他們想調節情緒，緩解解離（dissociative)狀態，或是自責時，會自我傷害
3️⃣ 社交動機（10-15%): 較少見。有時孩子會透過自我傷害表達：「請你們看見我！」「我真的撐不住了！」，這通常不是威脅，而是求救。
🧑‍🧒給家長：
孩子自我傷害通常並不是要針對誰、不是炫耀、也不是逃避責任。這是他們情緒唯一的出口。
你也曾疑惑嗎？歡迎大家分享或討論。",2025/7/30 22:09,"曹文沿
🟣兒童青少年精神專科醫師 child and adolescent psychiatrist🔵也看成人
🟢桃園醫院精神部兒童青少年精神科
主任🟠早療中心評估醫師🟡台北榮總總醫師+兒青研究醫師🔴from lovely Taiwan",思覺失調,business,
masontsao,Mason Tsao,"承上一篇，社會情緒（social emotion)是一個比較抽象，卻很重要的領域。有些爸媽有感受到小孩似乎有些問題，但又形容不出來。
有些爸媽會說：「我們家寶寶一歲多就會講好多單字，應該沒問題吧？」
「他會講好多英文！他會把YouTube影片出現的台詞都背下來，我們都沒有教過。」
但我會提醒，語言早，不代表「社會情緒發展」就一定正常。
你家的孩子否也有：
1️⃣ 不太看別人臉、不太理他人的邀請或指令
2️⃣ 雖然會說很多話，但多半是自言自語，難以跟別人來回聊天
3️⃣ 很難和他人互動。或是，雖然有互動，卻只是因為要拿別人的玩具或有所要求
這些都跟「社會情緒發展」有關。這不是說話能力的問題，而是「互動模式」的問題。",2025/7/29 22:40,"曹文沿
🟣兒童青少年精神專科醫師 child and adolescent psychiatrist🔵也看成人
🟢桃園醫院精神部兒童青少年精神科
主任🟠早療中心評估醫師🟡台北榮總總醫師+兒青研究醫師🔴from lovely Taiwan",思覺失調,business,
masontsao,Mason Tsao,"在寶寶手冊裡的發展連續圖中，有一區叫做「身邊處理及社會性」。
其實這是一個被精簡化的區域。
在醫學上，我們很注重的是「社會情緒（social emotion)」
這個領域跟一個寶寶長大的人際溝通、社交能力、同理心，非常有關聯。
以下分享幾個你可以注意的點。若你家的小寶寶：
1️⃣ 1歲半時跟他人眼睛對視很少
2️⃣ 1歲半時叫喚他名字很少回應
3️⃣ 1歲半時不會手指物，或是很少有手勢溝通
4️⃣ 2歲時很少分享東西或展示物品給他人、吸引他人注意力
5️⃣ 2歲時很少跟他人玩扮家家酒的遊戲
建議可以到醫院做發展評估。",2025/7/28 23:08,"曹文沿
🟣兒童青少年精神專科醫師 child and adolescent psychiatrist🔵也看成人
🟢桃園醫院精神部兒童青少年精神科
主任🟠早療中心評估醫師🟡台北榮總總醫師+兒青研究醫師🔴from lovely Taiwan",思覺失調,business,
masontsao,Mason Tsao,"「我認爲你跟你父母的溝通有一層隔閡。你覺得是什麼讓你們變成這樣？」
她苦笑一下：
「這說來話長。應該說，我長大之後發現，小時候當我難過，需要家人支持的時候，他們會用一種，開玩笑的態度跟我討論。我說我不喜歡這樣，他們又說：你幹嘛這麼認真。」
「後來有時候他們會說：你怎麼什麼事都不跟我們講。」
「我會想：我寧願你們什麼都不要說。」
——
我覺得這是門診很經典的一個景象：
年幼時，情緒從來沒有被認可過。
長大後，懂得築起一道冷漠的牆。
不是拒絕溝通，只是怕受傷害。",2025/7/27 23:14,"曹文沿
🟣兒童青少年精神專科醫師 child and adolescent psychiatrist🔵也看成人
🟢桃園醫院精神部兒童青少年精神科
主任🟠早療中心評估醫師🟡台北榮總總醫師+兒青研究醫師🔴from lovely Taiwan",思覺失調,business,
masontsao,Mason Tsao,"在精神科，我時常在跟觀點截然不同的人對話。
但是什麼讓對話可以持續下去？
我認為有兩個態度很重要：
1. 我必須讓你知道，我有聽到你的觀點。我在乎你的感受。
2. 但我跟你的觀點也許有一點小差距，是不是我們可以做些什麼達成某種共識？
平常生活中，你是不是也常常遇到家人跟自己意見相左呢？例如支持的政治傾向、對於多元性別的看法、對精神疾病的看法、對學業或職涯的選擇等等。
通常一個人不會因為你有道理而改變。
你不知道他的想法從何而來、已經根深蒂固多久了。
但他有可能會因為你跟他的關係好，而能接納你不同的聲音。
而我們也必須冷靜想一想：
A. 我們真的是想要改變對方嗎？
B. 還是我們只是想要對方可以理解自己？
C. 又或者，我們只是想要讓對方不干涉自己？
你必須要把你的底線先畫在心裡。
這會讓你知道，不管他說或做什麼，有一些事情是他無法影響你的。
然後你會發現，你在討論時不再那麼激動了。
當他拒絕你的提議時，你也不再那麼難過了。",2025/7/25 21:52,"曹文沿
🟣兒童青少年精神專科醫師 child and adolescent psychiatrist🔵也看成人
🟢桃園醫院精神部兒童青少年精神科
主任🟠早療中心評估醫師🟡台北榮總總醫師+兒青研究醫師🔴from lovely Taiwan",思覺失調,business,
masontsao,Mason Tsao,"妥瑞氏症(Tourette syndrome)，指的是個案可能反覆有一些無法控制的動作型抽搐(motor tics)（例如眼眨，挑眉，扭鼻，嘴動，聳肩，脖子動等等）
以及聲音型抽搐(vocal tics)（例如清痰聲，咳嗽聲，喉音，髒話等等）。
抽搐(Tics)的重要性，除了它本身帶來的影響之外，它的共病性也很重要。
舉例：
🏀一個有抽搐(tics)的人，有大於50%的機率，會有ADHD(注意力不足過動症）
⚾️反過來說，一個有ADHD的人，有將近20%的機率，有Tics
🍅一個有抽搐(tics)的人，有接近5-20%的機率，會有ASD(自閉症類群障礙症）
🍏反過來說，一個有ASD的人，有將近20-40%的機率，有Tics
這些都是在觀察與做診斷時重要的線索。
如果你不確定小孩是否有tics，你可以錄影並帶到診間給醫師看一下。",2025/7/24 21:37,"曹文沿
🟣兒童青少年精神專科醫師 child and adolescent psychiatrist🔵也看成人
🟢桃園醫院精神部兒童青少年精神科
主任🟠早療中心評估醫師🟡台北榮總總醫師+兒青研究醫師🔴from lovely Taiwan",思覺失調,business,
masontsao,Mason Tsao,"「醫師，ADHD（注意力不足過動症）的小朋友是不是不能吃糖？」
如果要講醫學實證的話，目前的確沒有證據顯示，糖分攝取會造成ADHD，或一定會惡化ADHD。
但在臨床上，許多家長會說，看到小朋友在攝取含精製糖的食物後，變得容易亢奮。
不過，撇除ADHD不說，長期精緻糖的攝取，可能會影響一個人的身體（內分泌，腸胃系統，情緒穩定等等）。
我通常會建議：可以減糖，但不是完全不能吃糖。
有一個案的家長說：在班上，全班都知道他的小孩有ADHD。老師和同學都會提醒他不能吃糖果。
有一天班上有人請吃糖果，但是老師先幫他收著預計要放學才拿給個案。同學一邊吃糖，一邊說「你不能吃糖！」
個案終於爆氣摔東西了！
🍬我想再呼籲一次：可以減糖，但不是不能吃糖。不要讓糖果變成對立的導火線。",2025/7/23 22:09,"曹文沿
🟣兒童青少年精神專科醫師 child and adolescent psychiatrist🔵也看成人
🟢桃園醫院精神部兒童青少年精神科
主任🟠早療中心評估醫師🟡台北榮總總醫師+兒青研究醫師🔴from lovely Taiwan",思覺失調,business,
ianciasmoo,陽下死木,"強迫症一點也不好玩，很累，大腦會卡住一直想同一件事情，一直檢查確認，檢查自己是不是犯錯了？或者不好的事情是不是要發生了？甚至是擔心自己未來有可能犯錯，擔心不好的事情發生後要怎麼辦……每個人的主題可能不一樣。
日常就是一直「侵入性思想出現」、「焦慮」、「去反覆確認」、「短暫安心」、「侵入性思想又出現」…………不斷循環，我會一直問同樣的問題、一直搜尋同樣的事情，直到我得到100%的確認安全，但過一下下同樣的問題又會出現，然後我就要再重複好幾次確認行為來讓自己安心，這是無止盡的。
日常生活會被影響，比如晚餐放到半夜了還沒吃、連續好幾天整晚沒睡、上課一個字都聽不下去、讀不了書……因為大腦要我先去檢查確認，一次確認可能就會需要花一小時以上，這件事情檢查完了還有下一件事情闖進來，沒辦法休息，不間斷的焦慮和過度思考，然後崩潰爆哭，然後被家人帶去看身心科，吃藥後腦子才安靜下來。
就是，很多人都會認為是個性問題，自己想太多而已不是病，然後就不會去看醫生（就像我），如果有人也像這樣會一直想同一件事情的話，並且覺得嚴重影響到生活了，那就去看看醫生吧，也許是強迫症而不是想太多，藥蠻有用的（至少對我來說）",2025/12/11 05:15,"畫畫的
這裡會自言自語，只想看畫畫的話可以看我ig就好",強迫症,pass,
ianciasmoo,陽下死木,很好笑我小時候超怕警察，路上看到警察都會轉頭避開，然後開始想最近有沒有做過什麼壞事,2025/12/10 05:28,"畫畫的
這裡會自言自語，只想看畫畫的話可以看我ig就好",強迫症,pass,
ianciasmoo,陽下死木,一個人住外面會孤單所以一直買香氛蠟燭來陪自己暖暖的，有點懂賣火柴的小女孩了,2025/12/9 14:37,"畫畫的
這裡會自言自語，只想看畫畫的話可以看我ig就好",強迫症,pass,
ianciasmoo,陽下死木,以前很內向，為了突破自己高中的時候自願上台才藝表演，有的人唱歌有的人拉小提琴，我吹了口琴，下課的時候班導過來跟我說：「欸~我聽體育老師說口琴是不是只要會呼吸就會阿？」,2025/12/7 11:22,"畫畫的
這裡會自言自語，只想看畫畫的話可以看我ig就好",強迫症,pass,
ianciasmoo,陽下死木,馬麻說很久沒有看我開心的笑了，她看了我小時候的照片，說那時候的我笑得很乾淨很開心，好久沒有看到那種笑了,2025/12/6 03:46,"畫畫的
這裡會自言自語，只想看畫畫的話可以看我ig就好",強迫症,pass,
ianciasmoo,陽下死木,其實我手繪的上色都是用螢光筆塗的，我對筆沒什麼要求，有顏色、顏色好看就好了，而且螢光筆很便宜，我畫畫上色是抱持著一個有顏色就好的心把顏色填上去的。（軟頭的螢光筆比較好畫）,2025/12/5 17:19,"畫畫的
這裡會自言自語，只想看畫畫的話可以看我ig就好",強迫症,pass,
ianciasmoo,陽下死木,畫人體有進步一些,2025/12/5 10:03,"畫畫的
這裡會自言自語，只想看畫畫的話可以看我ig就好",強迫症,pass,
ianciasmoo,陽下死木,房間裡只有這種小鏡子，所以跑去美妝店借鏡子,2025/12/3 12:51,"畫畫的
這裡會自言自語，只想看畫畫的話可以看我ig就好",強迫症,pass,
panleou,Pan  Leou,"罹患強迫症的原因目前尚未完全明確，但最普遍的說法，應該就是「大腦缺乏血清素，是生理病」。
前夫以前很愛抱怨我意志軟弱，才會「戒不掉」種種讓他厭惡的強迫症行為，我當時覺得非常委屈。
根據我那時的醫生的說法，強迫症患者往往意志異常堅定，才有辦法像薛西弗斯每天推巨石上山一樣，無止盡的重複各種外人看來怪誕的行為。
我最嚴重時，幾乎日常所有行為，舉凡洗澡、刷牙、做家事、睡覺等，都會各自配一套口訣或儀式，而且一定要完成，那件事才算結束。
簡單說，我每天都在「發瘋」。
這些行為耗去我非常多的時間、也讓生活毫無品質。最後，是靠藥物，讓我的強迫症得到控制。
前夫有腸躁症，經常拉肚子。那時只要他又靠夭我意志軟弱時，我就會回嗆他：「那你有辦法靠意志力憋著不拉屎嗎？」「做不到的話，就閉嘴！」
要控制住強迫症的思想與行為，真的不是只靠意志力就能解決的。因為這是生理病。
強迫症患者，與陪伴者，都辛苦了！",2025/8/15 16:50,寫字女工。,強迫症,pass,
panleou,Pan  Leou,"我第一次覺得「該認真看醫生了」的時候，是兒子快滿一歲時。
那天，只是個尋常午後，我把兒子放在嬰兒床裡，推到廚房，讓他可以邊玩邊看我準備晚餐的備料，我也便於照顧他。要淘米煮飯時，我彎身打開下層櫥櫃，拿起量杯舀了一杯米，接著便開始「例行性數數」。
偏偏那天我特別焦慮、一直無法停止數數。大約過了十幾秒，我聽到兒子在我身後爆哭的聲音，我驚慌回頭，以為兒子受傷了，這才發現，兒子是面露恐懼的看著我大哭。我這才意識到，在兒子的眼中，我有多怪異，跟「平日裡的媽媽形象」有多不一樣：蹲著背對兒子、口中喃喃自語的唸著數字、完全忘記兒子的存在。
未滿一歲的兒子，當然不知道我在做什麼，也不明瞭我口中發出的聲音代表的意思，但他一定察覺到我的異於往常，所以才會有激動恐懼的爆哭反應。我當下非常自責，因為我從沒想過我的「強迫症行為」會影響到兒子、讓他如此害怕。
從此，我避免在兒子面前「發瘋」。
那個週末，我去看了住家附近的身心診所，開始了日後將近二十年、斷斷續續的漫長服藥人生。
當時的我，還沈浸在新手媽媽的喜悅與幸福中，雖然婚姻已逐漸崩壞。但我仍未知曉的是接著即將襲來的諸多人生風暴，會逐步把我推向無間地獄。",2025/8/14 22:38,寫字女工。,強迫症,pass,
panleou,Pan  Leou,"交友軟體上的自介，各式各樣。
除了那種很沒禮貌、直接叫人「滾」的自介文讓我很厭惡之外，還有一種也會讓我左滑：刻意強調自己是「高學歷」。
我覺得，人生活到四、五十歲，應該有一定的經歷與見識。還會拿「學歷」來說嘴，感覺生活很貧乏。
又不是年輕人剛畢業，要上交履歷求職，才需要強調學歷。
只是交友，可以不要那麼自傲嗎？",2025/8/10 23:06,寫字女工。,強迫症,pass,
panleou,Pan  Leou,"剛剛看完泰劇『絕廟騙局』第一季。
劇中飾演道爾法師的人，果真是法相莊嚴，但又超帥，選角選得很好。
有一幕是：法師被打，女主角坐在法師身後，用碘酒棉棒幫法師的背上藥。
一陣風吹來，女主角那絲絲縷縷的髮絲就在法師的背上輕拂過去，法師緊閉雙眼。
好情色喔！",2025/8/10 21:54,寫字女工。,強迫症,pass,
panleou,Pan  Leou,"父親節，照例提醒兒子傳個訊息給前夫。
離婚後，雖然是共同監護，但因為前夫清楚如果我沒有兒子陪伴，會活不下去。
所以他選擇搬離開（在法律上共同持有的）家，讓我跟兒子一起生活。
我有時會想，前夫一個人在外租屋，是否會很寂寞？很想兒子？
對於每天能跟兒子在一起的生活，我覺得幸福又感激，感激前夫當初沒有硬要跟我爭奪兒子。",2025/8/8 19:01,寫字女工。,強迫症,pass,
panleou,Pan  Leou,"看到脆友發文，提到安立復的事。
我很多年前也有吃過一陣子，一開始是服用一顆，每天心情都很好，甚至不知道在好什麼？所以醫生便把劑量提高到二顆，結果二個月後，我開始變得很不對勁，更加憂鬱，甚至想S。
幸好，我一直是個病識感很強、而且很有警覺心的人，所以立刻聯想到也許是藥物的問題（因為生活一直很平穩），回診時跟醫生說了此事，醫生也認為是我對藥物反應不佳。
這藥矛盾的地方在於，可以治憂鬱，但副作用是：有時反而更憂鬱。我就剛好被這副作用擊中。
換了藥後，我突然進入人生「光明期」，重度強迫症跟躁鬱症竟然改善了八成以上，可以不必做rTMS，持續至今。
我想說的是，有時，治療過程不順利，真的會讓人很無助、甚至絕望。
但，還是希望病友們不要灰心，多跟醫生詳述病情，也許會有找到最適合的處方的那一天。",2025/8/8 14:36,寫字女工。,強迫症,pass,
panleou,Pan  Leou,"前夫之前曾外派美國一陣子，每次回來，都會帶禮物給兒子。
記得他第一次回來時，竟然連我這前妻都有禮物，我很驚訝。我拿到了第一間西雅圖星巴克的紀念杯、雪地防寒外套、跟書籤。這些，都是我喜歡、或需要的物品。
跟媽說了這件事，電話那頭的媽立刻哽咽的說：「終究還是一家人啊。」是啊，是一家人，只是再也不會是夫妻。
很多關係，要拉開距離，才會覺得（勉強）舒服，一旦試著再靠近，就只會再次毀滅，所以我連試都不想試。
離婚快八年，雙方長輩的親友其實都不知情，因為長輩好面子、不肯說，那也就罷了。只是長輩們都希望我們復合，這就實在太強人所難。
一時的好，並不表示往後就會一直是如此，也不代表彼此過往的歧見就會消失。
之所以可以相安無事，那是因為我們在法律上已無關係、對彼此已無責任與要求。但，他若偶爾回家探望兒子，我的焦慮與壓力還是在的。
我們現在都過得比在婚姻中自在愉快，沒有必要再回頭。
各自安好，就好。",2025/8/5 17:24,寫字女工。,強迫症,pass,
panleou,Pan  Leou,"邊做家事邊聽「台通」，這集的主題是「辦桌」。
小時候，在花蓮吃過幾次辦桌，老實說，我很不喜歡辦桌的模式，但是菜色卻讓我難忘。
印象中，有五味醬九孔、（罐頭？）螺肉、鮑魚切片、烏魚子、紅蟳米糕、清蒸魚、佛跳牆（好像有二道湯）、魚翅羹等等。
我很喜歡龍蝦沙拉，那可是一大隻真龍蝦，而不是飯店婚宴的那種一人一尾波士頓龍蝦。
大雜燴羹湯，也是我的心頭好。其中，我的最愛是八寶芋泥。
長大後，參加過許多高檔婚宴，不過我其實已經記不得吃了些什麼？連自己的婚宴菜色也不記得。
反倒是小時候那些辦桌菜的滋味，讓我念念不忘。
前幾天剛好看到「普通女子孫女」的影片，是到內門吃辦桌，覺得好懷念啊。",2025/8/5 15:42,寫字女工。,強迫症,pass,
panleou,Pan  Leou,"因為強迫症的關係，我不敢吃任何有骨有殼有刺有籽的食物。
以前，很喜歡吃荔枝，但因為它有殼有籽，我至少十年沒再吃過。（其他很多種類的食物也是）
前幾天，前夫買了一大串荔枝來探望兒子。
晚上，我在看書時，兒子突然神秘兮兮的出現在我身旁，手裡端了一大碗已剝好的荔枝、而且連籽都去掉。
我看了一眼，跟兒子說：「很棒啊，很懂得享受。」
兒子說：「這碗是給妳的，因為妳很喜歡荔枝。」
媽呀，我要融化了～～～",2025/8/2 23:45,寫字女工。,強迫症,pass,
panleou,Pan  Leou,"今天在讀一本買了很久的書『我們的河』。
這本書的編輯是我以前的同事，記得她多年前曾在臉書寫道：「在漫長的編輯生涯中，最覺得遺珠之憾的，就是這本書了。是那樣的好看，卻賣得很慘。」
因為她的話，我一直記掛著這本書，但永遠有更想讀的書插隊。今天終於翻開來讀。
這本書講的是化學（染料）工業的發展，以及它所帶來的後續河川污染所造成的種種影響。
喜歡科普書的人，可以到圖書館借閱。（因為大概絕版了吧）",2025/8/2 18:19,寫字女工。,強迫症,pass,
panleou,Pan  Leou,"這幾天休息，看了許多電影、影集、書，覺得開心。
還有一個小樂趣，就是看交友軟體的自介欄，想知道異男們都在想什麼？
其中，有一種制式化的自介，就是：「我的興趣是什麼、什麼、跟什麼，妳呢？讓我們來大聊特聊吧。」每次看到這種，我就會左滑，覺得有點無趣。
然後，根據我斷斷續續使用一年多的經驗，我發現要配對很容易，但要能長聊下去很難。我的英文口語老師，在交往軟體上，找到現在的先生，我覺得很不容易。
前二天滑到一個很奇特的自介，上頭寫：「如果妳是高高在上的那種人，快滾。朋友不是建立在收入多少，學歷多高～」感覺這人很有怒意耶。
我是不知道他幹嘛這樣寫啦，也許是想表達他很勇於做自己？
只是，這麼沒禮貌的自介，應該不太有人想右滑吧。",2025/8/2 17:40,寫字女工。,強迫症,pass,
panleou,Pan  Leou,"兒子心情好的時候，會到我房間唱歌跳舞，分享他最近在聽的歌。
我心情好的時候，也會到兒子面前胡亂唱歌。不過歌詞、旋律，都是我即興亂編，兒歌等級的那種。
今天唱的歌是：「小寶貝，小寶貝，媽媽的小寶貝，快快睡覺覺～了～（飆高音）」
正在認真唸書的高三兒，邊偷笑，邊把我趕出書房了。",2025/8/2 01:12,寫字女工。,強迫症,pass,
panleou,Pan  Leou,"今天突然覺得狀況很糟，才想起來我已經三天沒吃身心症的藥。
從三十歲開始斷斷續續服藥到現在，將近二十年。真正開始認真吃藥，大概是這七、八年。
因為強迫症的關係，所以我不敢吞藥，只能一顆一顆咬碎吃。每日五顆。
有時真的會吃藥吃到厭世，尤其是有些藥的味道真的很不好。
所以每週，我都會有一、二天不吃藥，偶爾三天沒吃，狀況就會開始往下掉。
雖然知道最好還是規律服藥，但，刻意不服藥的那晚，我會覺得有種輕鬆的感覺，雖然不持久。
真的很不想一直吃藥啊。
不過為了維持生活品質，還是只能做出取捨。",2025/8/2 00:33,寫字女工。,強迫症,pass,
panleou,Pan  Leou,"週末片單：『瘋狂獨角獸』，講述的是泰國第一家成為獨角獸的（新創）公司的故事。
內容當然加入很多戲劇性元素，很有張力，該有的轉折也沒少，基本上，可以算是爽片。
只是主角的個性形塑，讓我想起了哈利波特：固執、堅持己見、孤注一執、不計後果。
如果在真實人生中，遇到這種人，我其實會覺得害怕。",2025/8/2 00:20,寫字女工。,強迫症,pass,
panleou,Pan  Leou,"昨晚，跟兒子二人都失眠，兒子後來吃了一顆抗焦慮藥，才睡去。
我則是失眠到天亮，結果一整天狀況都很糟，非常的煩躁不安，整個人很不對勁。我已經很久沒有這麼不舒服過了。
有乖乖吃強迫症及躁鬱症的藥。
上個月，身心科醫生還特地開了抗焦慮藥給我，以防萬一。撐到剛剛，終於還是吃了一顆。
可嘆的是，兒子現在吃的藥，跟我的藥，有二種是一樣的。
真是辛苦的母子。",2025/10/18 20:58,寫字女工。,強迫症,pass,
panleou,Pan  Leou,"兒子國中時，只要遇到讓他極度煩躁、焦慮的事，就會全身繃緊、用力顫抖，一副快要爆炸的樣子。
已經好長一段時間，不再出現這種情況。
昨晚洗澡時，蓮蓬頭漏水，兒子修不好，在浴室大叫我過去幫忙。我看到他時，他又開始出現全身顫抖的狀況，我立刻拿了新的蓮蓬頭換掉，因為我知道不能再刺激他。
睡前，問了兒子是否因為週六要考（學測）英聽壓力很大？兒子回說不是，就是莫名的煩躁。
摸摸他的臉，兒子已經冷靜下來，很溫馴，沒有覺得不耐。
再二個多月就學測，希望兒子身心平穩安定，從容應對。",2025/10/17 16:03,寫字女工。,強迫症,pass,
panleou,Pan  Leou,"書稿進行中，寫到原生家庭的部分。
回憶過往有點痛苦，但，真正困擾我的是「我到底要揭露多少？」
寫得太殘酷，會傷害家人。若遮遮掩掩的寫，那麼就失去這本書的真實性與意義。
真是考驗我的智慧。
先來複習幾頁蕭紅的《呼蘭河傳》，再繼續寫稿。（書封好美）",2025/10/17 15:35,寫字女工。,強迫症,pass,
panleou,Pan  Leou,"做完復健，散步回家。
這是我最喜歡的散步路段。雖然沒有台北的敦化南路那麼漂亮，但我已經很心滿意足了。",2025/10/15 15:13,寫字女工。,強迫症,pass,
panleou,Pan  Leou,"聽「台通」的何a 跟家倫聊A 片的收藏心法，才知道，原來很多男性都會收藏A 片。
我其實有點驚訝，因為我一直以為A 片就跟保險套一樣，是一次性使用的東西，看完，就結束，反正只是洩慾用。想不到，竟然有收藏價值。
家倫提到他的分類方式，有用片長、女優名字、片名、或番號來建資料夾，我不知道番號是什麼？只覺得聽起來好像很專業。
想起我家有一個十七歲的大男生，不知道他是不是也有收藏A 片？
血氣方剛的青少年，自慰是必然的。只是我不知道他通常是何時自慰？所以，只要兒子在房間待著，而且房門是關著的，我通常就儘量不去打擾。如果有事要問他，也一定會先敲房門，稍等一下，再推門進去。
在兒子的個人隱私方面，我一向給予絕對的尊重。
謹慎為上，避免踩線。",2025/10/11 20:52,寫字女工。,強迫症,pass,
panleou,Pan  Leou,"「副總」是我近期看過最可愛的嬰兒，面相長得好好，看了好歡喜、好喜愛。
每次看到副總的影片，都覺得開心，超療癒的！🥰
facebook.com/share…",2025/10/10 21:35,寫字女工。,強迫症,pass,
panleou,Pan  Leou,"在竹北定居已經快二十年。一開始，我家附近都是工地，非常荒涼。之後，陸續有了7-11、星巴克，我那時還跟前夫說，如果再開一間誠品，我的人生就圓滿了。
過了幾年，「或者」書店開了，我高興得要命，經常帶兒子去買書、或用餐。
之後，搬了家，一樣是在高鐵區，不過生活機能更方便，餐廳、診所、超市、學校，幾乎日常生活所需的一切，走路十分鐘內就都能得到滿足。
而且綠化做得很好，公園非常多。
偶爾出門散步，是件很享受的事。我非常喜歡樹，住在這一區，覺得很幸福。我家附近有台灣欒樹、槭樹、苦楝、流蘇、藍花楹，每年的三到六月，是花季，各種樹輪番開花，非常美麗。
雖然竹北的房價、物價真的很高，不過我還是很喜歡這裡。
也許是住習慣了吧。
四年後會賣房，應該還是會繼續住在竹北，只是換個小巧的房子，一個人住。
完全不會想搬回花蓮。部分原因是，已經習慣住在都會區，主因還是我毛病很多，有許多需要定期追蹤的病，實在不想換醫生。
中老年的生活，醫療便利性的考量是重點。",2025/10/10 14:53,寫字女工。,強迫症,pass,
panleou,Pan  Leou,"這幾天都在跟兒子聊『怪醫豪斯』的劇情，順便會問他一些假設性的問題，例如：如果你是醫生會怎麼處理？如果你是患者或家屬會怎麼面對？想多了解一下兒子的各個面向。
昨晚又在閒聊時，兒子突然說：「我覺得你真的很『女人』耶，都問一些假設性的問題。」「這又不會發生，等發生再來想辦法不就好了？」
確定兒子是理工直男，覺得討論假設性（不會發生）的事，是在浪費時間。 XD",2025/10/8 22:13,寫字女工。,強迫症,pass,
panleou,Pan  Leou,"前兩天訂的書寄到了，在拆包裹時，心情是愉悅的。
最能讓我感到開心的事，就是讀書跟買書了。
順便說，《竹林姊妹》的姊妹作《吃佛》真的好好看！大家快去買。",2025/10/8 17:37,寫字女工。,強迫症,pass,
panleou,Pan  Leou,"幫朋友出版社的書工商服務一下，也順便聊聊我的經驗。
多年前，我的父親罹癌，從確診到離世，只有短短三個月，速度快到我很難做好心理準備。
最後一次到安寧病房探望父親時，父親的精神異常的好，我們聊了許多快樂的往事。我甚至鼓起勇氣抱抱他，跟他說，我很愛他，謝謝他當我的爸爸。
離開病房前，我依依不捨的回頭看了父親一眼，用力的記住他的模樣，我沒想到那一眼竟然就是訣別。
我很慶幸自己當時有好好跟父親道別。
生老病死，是人生必經之路，若能提前做好準備，可以減少許多遺憾。
『金鼎獎得獎著作《罹癌母親給的七堂課》，將於10月18日在台北「文房·文化閱讀空間」舉辦新書分享會。
在分享會中，作者吳佳璇醫師以「精神科醫師」與「心理腫瘤學家」的專業素養，分享至親抗癌的艱辛歷程，並註解許多實用的醫療資訊與術語，既可做為病人與家屬的重要參考，也適合醫療人員與學生研讀。
書中從心理腫瘤學的觀點，呈現癌症歷程中病人、家屬與醫護人員的心理調適，並透過案例與文獻整理，提供可行的因應方法。
這既是一份個人生命經驗的真摯書寫，也是一部兼具知識性與實用性的讀物。誠摯邀請您一起來現場參加這場經典好書分享會！』",2025/10/8 10:55,寫字女工。,強迫症,pass,
panleou,Pan  Leou,我每次聽館長講話，都會想：他到底是哪來的勇氣？才有辦法那樣理直氣壯的説出各種無知到可怕的話。,2025/10/8 10:03,寫字女工。,強迫症,pass,
panleou,Pan  Leou,"看到傅崐萁在立法院對卓榮泰咆哮的影片，我非常驚訝於傅崐萁的無恥！
一點自我檢討、一點歉意都沒有！
卓榮泰只是淡淡的回：「在與總統的視訊會議中，副縣長說已全數完成撤離。」
傅崐萁頓時語塞。
我很少口出惡言，但我真的很希望傅氏夫婦會有果報。",2025/10/7 11:55,寫字女工。,強迫症,pass,
panleou,Pan  Leou,"最近看了一些黃國昌發言的影片，很驚訝於他的面相變化之大：嘴歪臉斜、眼神不正、講話時嘴唇還會抖動。
剛好今天看到許美華寫黃國昌，讓我想起一件往事。
多年前的太陽花時期，出面跟馬政府對話的，都是學生。那時，我有位朋友在臉書寫了一篇相關的文，文末提到「黃國昌出來吧，不要再躲在學生後面了。」（大意是如此）
我那時不明白朋友為何會這樣寫？感覺她似乎察覺到了什麼？（記得那時，作家房慧真也在臉書上表達對黃國昌等人「獨裁的權力核心」的不滿。）
多年後的現在，看到黃國昌的作為，才明白我的朋友那時就已經看透黃國昌的本性了吧！",2025/10/6 15:40,寫字女工。,強迫症,pass,
panleou,Pan  Leou,"前陣子本來想追『絕命毒師』，不過看了幾集之後，我就棄劇了，感覺一直無法入戲。
前二天，剛好聽到「台通」的誠誠說「絕命毒師至少要撐過前二季，才會變得好看。」原來是我太早棄坑了。
不過，我也實在提不起勁再回頭看。
現在在追的是『怪醫豪斯』跟『大熊餐廳』，二部都很喜歡。
這幾個月的精神寄託就靠書、跟這二部影集了。
然後那個『睡魔』，我還卡在第二季第一集。:p",2025/10/5 19:12,寫字女工。,強迫症,pass,
panleou,Pan  Leou,"在博客來閒逛，無意間發現一本很特別的書：『暗網惡帝：直擊全球最大器官交易、毒品走私、軍火買賣帝國絲路偵查全紀錄』，試閱之後，毫不猶豫的便跟『竹林姊妹』一起下單。
下次的連假，剛好可以讀這二本書。
上次讀過最類似的題材的書是『人體交易』，非常好看。
對這議題有興趣的人，可以囤書了。",2025/10/5 18:31,寫字女工。,強迫症,pass,
panleou,Pan  Leou,"下週要到婦科回診。
睡前跟兒子閒聊時，隨口提了這件事。
十七歲的兒子竟然問我：「要不要我陪妳去？妳會不會害怕？」
怎麼那麼體貼啦！",2025/10/5 14:13,寫字女工。,強迫症,pass,
livingwith.ocd,OCD💫⛄️,"這是一個強迫症患者手的樣子
尤其很怕冬天
強迫症的症狀有很多種
As far as I know:
強迫症並不是單純指一個人很龜毛，
他是一個真實的疾病",2026/1/10 01:46,這裏不會有人知道我是誰,強迫症,not_enough_posts,
dr_shaocheng_wang,Shao-Cheng Wang,"身為精神科醫師，我常發現：能聽懂別人情緒的人，不一定話多，但一定活過一些深刻的事。
這不是同理心課程的收穫，而是生命留下的刻痕。
有時你說得很清楚，他卻還是聽不懂——不是你表達不好，而是他的人生還沒走到那個高度或深度。所以別急著生氣，等他經歷過了，你們也許不用再解釋，就能在一句「我懂」裡握手。",2025/8/11 08:27,"📚 Threads中文心理健康領域 追蹤數「第一」
🧠 精神科醫師用幽默與真實，讓心理健康變的有溫度
🎤 講座/課程/活動/公益合作，洽ymmed@msn.com
📍 門診時間地點
🏥 高雄長庚醫院
🕘 周二下午 周三上午
🏥 高雄市立大同醫院
🕘 周一上午下午 周二上午 周四夜間",強迫症,business,
dr_shaocheng_wang,Shao-Cheng Wang,"這幾個月在脆上與大家互動時，我發現大家都很想瞭解自己的心理健康狀況，有些人雖然會用網路上的量表自我檢測，但其品質難以判斷。
這次與香港理工大學馮康泓教授合作，提供這份具學術依據、內容完整的心理健康問卷連結，約 40 分鐘可完成，能幫助大家更了解自己的狀態，也呼應我近期談到的焦慮議題。
為感謝支持，我將於三週後抽出兩位幸運者，贈送董事基金會「放輕鬆」光碟。
「以下為招募原文與連結」
我們都知道預防身體疾病與心理障礙很重要，但哪些因素尤其關鍵？理大學者正進行一項國際網上問卷研究，旨在探討身心健康的預測因子，為預防醫學帶來啟示！
誠邀世界各地18至64歲人士填寫一份網上問卷：
forms.gle/4VDor…
此項目已由香港理工大學研究倫理審查委員會批准進行 (參考編號:  HSEARS20250521001)。
謝謝！",2025/8/9 20:18,"📚 Threads中文心理健康領域 追蹤數「第一」
🧠 精神科醫師用幽默與真實，讓心理健康變的有溫度
🎤 講座/課程/活動/公益合作，洽ymmed@msn.com
📍 門診時間地點
🏥 高雄長庚醫院
🕘 周二下午 周三上午
🏥 高雄市立大同醫院
🕘 周一上午下午 周二上午 周四夜間",強迫症,business,
dr_shaocheng_wang,Shao-Cheng Wang,"身為精神科醫師，我常說：長期失眠和焦慮，就像讓大腦一直插著高壓電，線路遲早受到影響。拖延久了才修，不只費錢費力，還可能找不到原廠配置——那時你最想留住的記憶，還有最寶貴的「自我」，可能就回不來了。
明天王醫師會提供專業建議，幫助大家提升自我識能，希望能幫到更多在困擾中的脆友們。",2025/8/8 10:52,"📚 Threads中文心理健康領域 追蹤數「第一」
🧠 精神科醫師用幽默與真實，讓心理健康變的有溫度
🎤 講座/課程/活動/公益合作，洽ymmed@msn.com
📍 門診時間地點
🏥 高雄長庚醫院
🕘 周二下午 周三上午
🏥 高雄市立大同醫院
🕘 周一上午下午 周二上午 周四夜間",強迫症,business,
zzz_12425,菱,"自從爸爸知道我有恐慌症和憂鬱症後
他急得到處求神拜佛
只希望我能好一點
看著他那種又緊張又心疼的表情
我心裡真的酸到不行
長這麼大了
卻還讓爸爸為我四處奔波
為我擔心到連覺都睡不好
有時候真的好想抱抱他
跟他說我會努力
也希望他別再這麼操心了
有時候我多希望
能用自己的努力
回報他所有的牽掛
#恐慌與憂鬱日記",2025/11/19 19:46,"恐慌與憂鬱和焦慮日記 📝
PTSD創傷壓力症候群
記錄小小進步也接住偶爾的低落",恐慌症,pass,
zzz_12425,菱,"今天是被餓醒的
我只要血糖一低
恐慌就會跟著上來
才剛坐起來
整個人就開始發抖 心悸 喘不過氣
那一瞬間真的以為自己快不行了
先生還在睡
結果一睜眼看到我那樣
整個嚇到馬上清醒過來
幸好包包裡還有備用藥
我趕快吃了一顆
身體才慢慢穩下來
心也慢慢安定下來
#恐慌與憂鬱日記",2025/11/19 12:21,"恐慌與憂鬱和焦慮日記 📝
PTSD創傷壓力症候群
記錄小小進步也接住偶爾的低落",恐慌症,pass,
zzz_12425,菱,"出門兩天結果忘記帶藥
備用藥也只剩兩顆
人都已經到目的地了
整個人開始緊張起來
真的不知道該怎麼辦…
#恐慌與憂鬱日記",2025/11/18 11:51,"恐慌與憂鬱和焦慮日記 📝
PTSD創傷壓力症候群
記錄小小進步也接住偶爾的低落",恐慌症,pass,
zzz_12425,菱,"恐慌最折磨人的
是明明很害怕
還要裝作沒事
走路時假裝冷靜
排隊時假裝耐心
快要撐不住了
還要裝得若無其事
像什麼都能撐
但只有自己知道
其實每一步都好艱難
#恐慌與憂鬱日記",2025/11/17 15:20,"恐慌與憂鬱和焦慮日記 📝
PTSD創傷壓力症候群
記錄小小進步也接住偶爾的低落",恐慌症,pass,
zzz_12425,菱,"有時候恐慌發作前
身體比自己更早知道
心突然沉一下
呼吸開始變得不順
像有人在胸口放了一塊石頭
手心發冷 腳底發麻
整個人像要被什麼吞掉一樣
最可怕的不是那幾分鐘
是那一秒
你感覺到不對勁
卻什麼都控制不了
明明什麼事都沒發生
身體卻先崩潰了
大腦一直喊著
「完了…又要來了…」
#恐慌與憂鬱日記",2025/11/16 18:22,"恐慌與憂鬱和焦慮日記 📝
PTSD創傷壓力症候群
記錄小小進步也接住偶爾的低落",恐慌症,pass,
zzz_12425,菱,"最累的不是憂鬱
是憂鬱還要假裝沒事
笑著聊天
笑著工作
笑著生活
笑著崩潰
回到家關上門
整個人就碎掉了
#恐慌與憂鬱日記",2025/11/16 16:11,"恐慌與憂鬱和焦慮日記 📝
PTSD創傷壓力症候群
記錄小小進步也接住偶爾的低落",恐慌症,pass,
zzz_12425,菱,"和自己打架的每一天
明明很想好起來
卻連努力這件事都沒有力氣
內心像被拉扯著
想做事
又什麼都做不了
一天一天
就在內耗中消失
#恐慌與憂鬱日記",2025/11/15 18:30,"恐慌與憂鬱和焦慮日記 📝
PTSD創傷壓力症候群
記錄小小進步也接住偶爾的低落",恐慌症,pass,
zzz_12425,菱,"恐慌症最可怕的
不是發作那幾分鐘
而是
永遠不知道下一次什麼時候會來
#恐慌與憂鬱日記",2025/11/15 15:46,"恐慌與憂鬱和焦慮日記 📝
PTSD創傷壓力症候群
記錄小小進步也接住偶爾的低落",恐慌症,pass,
zzz_12425,菱,"恐慌症剛開始的時候
我真的每天都覺得自己快死了
心跳快到像要炸開 手腳發麻
還會莫名其妙的哭
我不知道自己怎麼了
也不知道要怎麼才會好
每天都像在硬撐 在熬
但不知不覺
我就這樣撐到現在了
#恐慌與憂鬱日記",2025/11/14 18:03,"恐慌與憂鬱和焦慮日記 📝
PTSD創傷壓力症候群
記錄小小進步也接住偶爾的低落",恐慌症,pass,
chloe1114.tw,Chloe,"收到了法院判決書，對方恐嚇罪被判刑兩年成立，可是我想跟對方求償可以嗎？
我因為他的恐嚇行為，造成憂鬱症變嚴重還得了焦慮症恐慌症⋯
嚴重到要吃藥打針，醫生說自費的治療能有效改善，可是我覺得應該要對方負責負擔⋯",2026/1/15 20:15,,恐慌症,pass,
chloe1114.tw,Chloe,"昨晚叫了Ubereats送了二十幾杯咖啡、布丁給急診室護理師，雖然不知道會不會被丟掉⋯
但是心裡很滿足，可能這算是一種自我安慰吧？
By嗨啾小熊帽",2026/1/14 20:10,,恐慌症,pass,
chloe1114.tw,Chloe,"對當時靈魂破碎的我來說，你的溫柔和安撫很不一樣，也許你對待每一個病人都是相同的；但當你對我說身邊有很多朋友跟我一樣，還有你溫柔的摸摸我的頭和手，讓我產生了想成為你朋友，感受你溫度的依戀。
也許只要你私訊我拒絕我，就能斷了我的念想⋯
By嗨啾小熊帽",2026/1/12 04:38,,恐慌症,pass,
chloe1114.tw,Chloe,"昨天下午又發作了，可是這次我很棒唷，我有學會求救，在事情變糟糕之前去急診室打針緩解症狀。
只是不在你的醫院，也許再也遇不到你了吧⋯
如果我尋人的文帶給你困擾，我很抱歉⋯
By嗨啾小熊帽",2026/1/11 06:31,,恐慌症,pass,
chloe1114.tw,Chloe,雖然出太陽了，但不舒服的感覺又開始蠶食我了⋯感覺快被泥沼包圍陷下去⋯不能掙扎⋯只會陷得更快⋯,2026/1/10 13:43,,恐慌症,pass,
chloe1114.tw,Chloe,"尋人啟事，尋找1/2急診室大夜班值班的男護理師，特徵長髮。
那天我的狀況很糟糕，但他很暖心，想找他的臉書或instagram",2026/1/9 14:14,,恐慌症,pass,
chloe1114.tw,Chloe,尋找1/2台北榮總急診室晚上大夜班的一名長髮男護理師，那天我的狀況很糟糕，但他照顧我非常暖心，所以想找看看他的臉書、Instagram,2026/1/9 13:37,,恐慌症,pass,
zzz_12425,菱,"真的受夠恐慌症了
身體哪裡一不舒服
心跳就狂跳
呼吸就亂掉
手腳冰冷
整個人像被抽離
我知道我還活著
卻感覺像快死了
#恐慌與憂鬱和焦慮日記",2025/12/31 13:33,"恐慌與憂鬱和焦慮日記 📝
PTSD創傷壓力症候群
記錄小小進步也接住偶爾的低落",恐慌症,pass,
zzz_12425,菱,"身心科的藥就像失戀一樣
吃了
心被收起來麻木了一點
不吃
每一段回憶都刺得透心
#恐慌與憂鬱和焦慮日記",2025/12/30 10:01,"恐慌與憂鬱和焦慮日記 📝
PTSD創傷壓力症候群
記錄小小進步也接住偶爾的低落",恐慌症,pass,
zzz_12425,菱,"PTSD 創傷壓力症候群
「我沒有回憶卻一直想逃
後來才懂
創傷根本不住在記憶裡
它住在身體的反射裡
只是想保護我活下來而已」",2025/12/29 20:00,"恐慌與憂鬱和焦慮日記 📝
PTSD創傷壓力症候群
記錄小小進步也接住偶爾的低落",恐慌症,pass,
zzz_12425,菱,"老實說
我有時會覺得身心科的藥很殘酷
吃了
一整天昏昏沉沉的活著
沒吃
卻連活著都變得很困難
#恐慌與憂鬱和焦慮日記",2025/12/29 10:13,"恐慌與憂鬱和焦慮日記 📝
PTSD創傷壓力症候群
記錄小小進步也接住偶爾的低落",恐慌症,pass,
zzz_12425,菱,"PTSD 創傷壓力症候群
「我沒有停下來回想
身體卻先開始害怕
原來創傷不需要提醒
它自己就會發生
像一場從來沒結束的警報」",2025/12/28 20:00,"恐慌與憂鬱和焦慮日記 📝
PTSD創傷壓力症候群
記錄小小進步也接住偶爾的低落",恐慌症,pass,
zzz_12425,菱,"PTSD 創傷壓力症候群
「我以為我撐過了
直到某個瞬間身體先失控
我才發現
那段痛從來沒走遠
它一直停留在我身體裡
只是在等一個瞬間把我拉回過去」",2025/12/27 21:56,"恐慌與憂鬱和焦慮日記 📝
PTSD創傷壓力症候群
記錄小小進步也接住偶爾的低落",恐慌症,pass,
zzz_12425,菱,"有時候恐慌發作真的很嚴重
嚴重到
我會忍不住想
我是不是快要死了
心跳失控
呼吸亂掉
身體完全不聽使喚
明明知道自己還活著
卻一點安全感都沒有
每一次恐慌發作
都像是在跟死亡擦肩而過
#恐慌與憂鬱和焦慮日記",2025/12/27 14:03,"恐慌與憂鬱和焦慮日記 📝
PTSD創傷壓力症候群
記錄小小進步也接住偶爾的低落",恐慌症,pass,
zzz_12425,菱,"PTSD 創傷壓力症候群
「不是我一直活在過去
是有一部分的我
還沒來得及離開那一天
所以直到現在
它還替我承受那份恐懼」",2025/12/26 20:00,"恐慌與憂鬱和焦慮日記 📝
PTSD創傷壓力症候群
記錄小小進步也接住偶爾的低落",恐慌症,pass,
zzz_12425,菱,"PTSD 創傷壓力症候群
「我沒有停在過去
是過去還沒放我走
它還留在我身體裡
在我以為已經沒事的時候
突然提醒我
那一天其實還沒結束」",2025/12/25 20:16,"恐慌與憂鬱和焦慮日記 📝
PTSD創傷壓力症候群
記錄小小進步也接住偶爾的低落",恐慌症,pass,
zzz_12425,菱,"PTSD 創傷壓力症候群
「不是我放不下
是我的身體
從來沒有被好好救出來
所以它一直站在原地
替我承受
那天沒有結束的恐懼」",2025/12/24 21:24,"恐慌與憂鬱和焦慮日記 📝
PTSD創傷壓力症候群
記錄小小進步也接住偶爾的低落",恐慌症,pass,
zzz_12425,菱,"PTSD 創傷壓力症候群
「我沒有想起任何事
卻突然全身進入警戒
原來不是我還活在過去
是過去
一直活在我身體裡」",2025/12/23 21:28,"恐慌與憂鬱和焦慮日記 📝
PTSD創傷壓力症候群
記錄小小進步也接住偶爾的低落",恐慌症,pass,
zzz_12425,菱,"PTSD 創傷壓力症候群
「我不是不夠堅強
只是我的身體
曾經為了活下來
學會了永遠先害怕」",2025/12/22 20:55,"恐慌與憂鬱和焦慮日記 📝
PTSD創傷壓力症候群
記錄小小進步也接住偶爾的低落",恐慌症,pass,
zzz_12425,菱,"PTSD 創傷壓力症候群
「我沒有想到任何事
身體卻突然
開始害怕
這才是最可怕的地方」",2025/12/21 20:01,"恐慌與憂鬱和焦慮日記 📝
PTSD創傷壓力症候群
記錄小小進步也接住偶爾的低落",恐慌症,pass,
zzz_12425,菱,"有人也會這樣嗎
突然發現有時候
有那麼一段時間
我沒有完全待在自己裡面
我還能說話
還能走路
還能把事情一件一件完成
然後某個瞬間
突然驚醒
不太確定自己在幹嘛
記憶有點模糊
慢慢回想
才知道自己剛剛在做什麼
後來才知道
這就是精神上的解離反應
突然覺得好可怕…",2025/12/20 23:01,"恐慌與憂鬱和焦慮日記 📝
PTSD創傷壓力症候群
記錄小小進步也接住偶爾的低落",恐慌症,pass,
zzz_12425,菱,"PTSD 創傷壓力症候群
「創傷最殘忍的地方是
事情已經過去
身體卻還以為正在發生」",2025/12/20 20:32,"恐慌與憂鬱和焦慮日記 📝
PTSD創傷壓力症候群
記錄小小進步也接住偶爾的低落",恐慌症,pass,
zzz_12425,菱,"寫給現在還醒著的你
如果你今天也撐得很累
卻還是不敢倒下
沒關係
夜深了
你可以不用再逞強了",2025/12/20 00:06,"恐慌與憂鬱和焦慮日記 📝
PTSD創傷壓力症候群
記錄小小進步也接住偶爾的低落",恐慌症,pass,
zzz_12425,菱,"PTSD 創傷壓力症候群
「我不是突然變得脆弱
只是一直撐著往前走
走到終於慢下來
那些被壓住的痛
才一個一個浮上來
原來它們從來沒有離開過」",2025/12/19 20:36,"恐慌與憂鬱和焦慮日記 📝
PTSD創傷壓力症候群
記錄小小進步也接住偶爾的低落",恐慌症,pass,
930211.ej,王筱靜,"焦慮症恐慌症真的讓人很痛苦
突然喘不過氣手抖感覺自己快瘋了
感受到自己的心跳 
無法正常的做事講話
莫名的緊張 很躁
好想要正常起來 不要有這些問題
但好難 沒吃鎮定劑
根本無法正常生活☹️",2024/9/12 12:25,這個地方很能讓我發揮想像力,恐慌症,business,
930211.ej,王筱靜,心累,2024/9/11 16:34,這個地方很能讓我發揮想像力,恐慌症,business,
930211.ej,王筱靜,"臉長得就很臭 但我脾氣明明那麼好
為什麼要讓我的臉長一臉不屑的樣子",2024/9/1 20:55,這個地方很能讓我發揮想像力,恐慌症,business,
930211.ej,王筱靜,"工裝褲 酷酷帥氣女孩必備
身上顏色：杏/灰現貨
$400 ❤️❤️
#女裝 #工裝",2024/9/1 20:43,這個地方很能讓我發揮想像力,恐慌症,business,
930211.ej,王筱靜,"除了粉色全色現貨
內帶罩杯不跑杯上衣
基本款 $320❤️
#女裝#女裝服飾",2024/9/1 20:23,這個地方很能讓我發揮想像力,恐慌症,business,
930211.ej,王筱靜,每天把牢騷拿出來曬曬太陽，心情就不會缺鈣。,2024/8/31 17:09,這個地方很能讓我發揮想像力,恐慌症,business,
wisdomforlive,胡小一,"恐慌症是真的很煩
就是在家裡什麼都不做
我呼吸就會突然很急促
吸不到氧氣
很痛苦
就莫名其妙",2025/11/29 22:58,"ig wisdomforlive
162 不瘦 #高功能自閉 #憂鬱躁鬱 #罕見疾病食道遲緩不能長期吃藥患者 目前只會自拍跟場次
我人生不正向
我不能決定我的出生，但我保證能決定我的死亡",恐慌症,pass,
wisdomforlive,胡小一,"再不開窗戶
我要被恐慌症煩死了",2025/11/29 22:05,"ig wisdomforlive
162 不瘦 #高功能自閉 #憂鬱躁鬱 #罕見疾病食道遲緩不能長期吃藥患者 目前只會自拍跟場次
我人生不正向
我不能決定我的出生，但我保證能決定我的死亡",恐慌症,pass,
wisdomforlive,胡小一,租屋兩年第一次開窗戶,2025/11/29 22:04,"ig wisdomforlive
162 不瘦 #高功能自閉 #憂鬱躁鬱 #罕見疾病食道遲緩不能長期吃藥患者 目前只會自拍跟場次
我人生不正向
我不能決定我的出生，但我保證能決定我的死亡",恐慌症,pass,
wisdomforlive,胡小一,"今天睡覺睡得非常好
就是幾百年沒這樣睡得很好
我通常睡起來都昏昏的很痛苦
今天睡起來精氣神都很好",2025/11/28 17:26,"ig wisdomforlive
162 不瘦 #高功能自閉 #憂鬱躁鬱 #罕見疾病食道遲緩不能長期吃藥患者 目前只會自拍跟場次
我人生不正向
我不能決定我的出生，但我保證能決定我的死亡",恐慌症,pass,
wisdomforlive,胡小一,"我待在室內就會呼吸不順暢
覺得很抑鬱
只能多出門走走",2025/11/28 07:28,"ig wisdomforlive
162 不瘦 #高功能自閉 #憂鬱躁鬱 #罕見疾病食道遲緩不能長期吃藥患者 目前只會自拍跟場次
我人生不正向
我不能決定我的出生，但我保證能決定我的死亡",恐慌症,pass,
wisdomforlive,胡小一,"超商便當真的都不好吃
然後大家很愛推的咖哩飯我都不喜歡 吃過不好吃
倒是義大利麵通心麵配蝦好吃
只有這種短的義大利麵才好吃
其他長條狀的義大利麵我都不能吃
因為不好吸收
再來是林聰明雞肉飯 軟爛
基本上我就像老奶奶那樣
吃東西都要吃很軟爛的
否則都卡在食道",2025/11/27 02:49,"ig wisdomforlive
162 不瘦 #高功能自閉 #憂鬱躁鬱 #罕見疾病食道遲緩不能長期吃藥患者 目前只會自拍跟場次
我人生不正向
我不能決定我的出生，但我保證能決定我的死亡",恐慌症,pass,
wisdomforlive,胡小一,我就喜歡脆這邊大家講話都很嗆,2025/11/22 07:53,"ig wisdomforlive
162 不瘦 #高功能自閉 #憂鬱躁鬱 #罕見疾病食道遲緩不能長期吃藥患者 目前只會自拍跟場次
我人生不正向
我不能決定我的出生，但我保證能決定我的死亡",恐慌症,pass,
wisdomforlive,胡小一,跳下去就就結束了,2025/11/22 07:52,"ig wisdomforlive
162 不瘦 #高功能自閉 #憂鬱躁鬱 #罕見疾病食道遲緩不能長期吃藥患者 目前只會自拍跟場次
我人生不正向
我不能決定我的出生，但我保證能決定我的死亡",恐慌症,pass,
wisdomforlive,胡小一,我真的很想自殺,2025/11/22 07:51,"ig wisdomforlive
162 不瘦 #高功能自閉 #憂鬱躁鬱 #罕見疾病食道遲緩不能長期吃藥患者 目前只會自拍跟場次
我人生不正向
我不能決定我的出生，但我保證能決定我的死亡",恐慌症,pass,
wisdomforlive,胡小一,"我是ai asmr的重度用戶
超愛
而且我會調整兩倍到三倍的速度
否則他們吃太慢了
現在是鼻竇炎發炎時間
我睡不著
明天還要上班",2025/11/22 03:49,"ig wisdomforlive
162 不瘦 #高功能自閉 #憂鬱躁鬱 #罕見疾病食道遲緩不能長期吃藥患者 目前只會自拍跟場次
我人生不正向
我不能決定我的出生，但我保證能決定我的死亡",恐慌症,pass,
wisdomforlive,胡小一,"我覺得有些少班次的公車路線
可以乾脆停掉了
你高峰才來2-3班
沒高峰時期要等30-60分鐘
這種公車班次到底是開來幹嘛的
甚至高峰還連兩三台一起進站
==
而有些路線多到靠北傻眼我也不太懂
例如我等30分鐘好了
有些公車路線不誇張來了10幾台以上
然後30分鐘我要的車才慢慢開來唯一那麼一台Q.Q",2025/11/22 03:25,"ig wisdomforlive
162 不瘦 #高功能自閉 #憂鬱躁鬱 #罕見疾病食道遲緩不能長期吃藥患者 目前只會自拍跟場次
我人生不正向
我不能決定我的出生，但我保證能決定我的死亡",恐慌症,pass,
wisdomforlive,胡小一,"天氣很差
心情也會很差很想哭就哭了",2025/11/21 20:42,"ig wisdomforlive
162 不瘦 #高功能自閉 #憂鬱躁鬱 #罕見疾病食道遲緩不能長期吃藥患者 目前只會自拍跟場次
我人生不正向
我不能決定我的出生，但我保證能決定我的死亡",恐慌症,pass,
wisdomforlive,胡小一,"為什麼芳香劑會漏出來？
這種平時我根本不會去轉開的東西
剛剛被我發現
我真的覺得很煩躁
剛剛去看已經基本上漏光了
然後碰觸旋轉處竟然是鬆脫的狀態
靠爸為什麼啊
還是有這種旋轉的物品 連接處久了就會鬆
真的很莫名其妙",2025/11/20 04:20,"ig wisdomforlive
162 不瘦 #高功能自閉 #憂鬱躁鬱 #罕見疾病食道遲緩不能長期吃藥患者 目前只會自拍跟場次
我人生不正向
我不能決定我的出生，但我保證能決定我的死亡",恐慌症,pass,
huang0202j,黃振彰,"我的女友患有抑鬱症，有一天，她突然送了我一個小玩偶，神秘兮兮的讓我按一下它的頭。
「我喜歡你～我喜歡你～」
女友告訴我，這是她自己錄進去的，假如她不在了，我還可以聽聽她的聲音，沒多久，她真的離開我了。
每次想她了，我都會按玩偶的頭，直到它突然沒聲音了，替它換電時，才發現裏面藏著一張小紙條。
「傻瓜！都聽沒電了，還不忘記我嗎？」",2025/10/15 11:27,ok,抑鬱症,not_enough_posts,
huang0202j,黃振彰,測試,2025/10/10 00:09,ok,抑鬱症,not_enough_posts,
_jokiho_,J@@Ho,"唔好以為抑鬱症係等於成日放負，日日匿埋喺屋企喊。
其實好多抑鬱症嘅人比正常人更加正常，你哋唔會估到一個成日出街、做運動、好似乜都玩嘅人其實係有嚴重抑鬱。￼￼
只有親眼見過你病發嘅人先會明",2025/3/17 12:20,空白既腦袋加個空洞既軀殼,抑鬱症,pass,
_jokiho_,J@@Ho,"又過左一個星，轉左隻藥，感覺上仲差左，還原基本步，瞓得4粒鐘就醒，又要再補安眠藥。
經常聽到刺耳既聲，心悸同驚既感覺番晒黎。
係咪又要提早番去呀？",2025/3/14 00:08,空白既腦袋加個空洞既軀殼,抑鬱症,pass,
_jokiho_,J@@Ho,"今日提早複診，15分鐘完成，又再一次換藥。
1.  Trazodone 50mg
2. Diazepam 就加到10mg
3. Propranolol 照舊
4. Zolpidem 照舊
醫生今日想我入醫院抖下😰，我即刻話我冇事問喇，bye bye",2025/3/4 01:07,空白既腦袋加個空洞既軀殼,抑鬱症,pass,
smart_boy_chan,小叻,"係所有香港父母眼中，抑鬱症係地球騙局，根本唔存在依種病，只係廢青病。
佢地覺得，上一代日日制水都冇人喊過，後生一代憑咩話自己抑鬱症?",2025/11/26 13:24,嗜好係寫中二病幻想文，仲有派膠。,抑鬱症,pass,
smart_boy_chan,小叻,"得罪講句，全盛時期周柏豪，衣著品味唔差過張國榮、G-dragon、木村。
2012年天光唱片果期型到癲。",2025/11/25 22:29,嗜好係寫中二病幻想文，仲有派膠。,抑鬱症,pass,
smart_boy_chan,小叻,"20年前入戲院睇NANA，係大銀幕聽到佢唱Glamorous Sky好震撼。
老實講我當時讀中二睇唔明套戲，但覺得場景服裝人物音樂鏡頭好撚型",2025/11/25 16:38,嗜好係寫中二病幻想文，仲有派膠。,抑鬱症,pass,
smart_boy_chan,小叻,"我係Poly讀過幾年時裝，我可以保證，你成世著Uniqlo都唔失禮。
Uniqlo上限好高，可以千變萬化，可以好高貴，可以唔老土，關鍵係識唔識襯。",2025/11/25 14:55,嗜好係寫中二病幻想文，仲有派膠。,抑鬱症,pass,
smart_boy_chan,小叻,"二十年前嘅旺角新之城，係香港史上最青春嘅商場。
當時唔興網購，成班MK妹拖住MK仔去新之城尋寶",2025/11/22 13:01,嗜好係寫中二病幻想文，仲有派膠。,抑鬱症,pass,
smart_boy_chan,小叻,"豪大大雞扒係台灣對香港嘅恩賜，好食到我每次都感謝台灣。
調味獨特，炸粉同肉比例均衡，最緊要夠大塊",2025/11/21 11:05,嗜好係寫中二病幻想文，仲有派膠。,抑鬱症,pass,
smart_boy_chan,小叻,"我發覺聽日文歌嘅人係唔會聽周杰倫，佢地覺得任何日本音樂人都勁過周杰倫。
但唯獨我聽左二十年X JAPAN、宇多田光、玉置浩二，我始終覺得周杰倫有難以形容嘅獨特魅力。",2025/11/21 10:34,嗜好係寫中二病幻想文，仲有派膠。,抑鬱症,pass,
smart_boy_chan,小叻,"係香港拍拖，錢來都唔係問題。任何香港女仔揀男友都唔睇錢。
因為情侶租屋每人只係俾幾千蚊，結左婚又容易拎到公屋。",2025/11/21 01:03,嗜好係寫中二病幻想文，仲有派膠。,抑鬱症,pass,
smart_boy_chan,小叻,"覺唔覺長沙灣廣場充滿九十年代日本都市味?
每次經過我都會聽到City Pop音樂，人海中隱約見到木村拓哉、瀧澤秀明嘅身影",2025/11/20 13:39,嗜好係寫中二病幻想文，仲有派膠。,抑鬱症,pass,
lowhanlin,Han Lin,"抑鬱症爆發的時候，最崩潰的時候是什麼呢？
是撥打了電話，對方卻無人接聽
抑鬱症爆發的時候，當下最想要打給的，必定是自己認為唯一可以寄託的人。
但是對方卻因為各種原因拒聽了。
如果，你身邊有抑鬱症的朋友，
請，不要關掉電話。
因為，你永遠不知道哪一次的拒聽，就是永別。
抑鬱症",2024/11/19 18:07,能慎独则器自重,抑鬱症,not_enough_posts,
lowhanlin,Han Lin,"大師PUA
今天看到一個視頻讓我忍不住握緊拳頭👊
視頻是一個號稱宣揚中華文化的師傅在講解「新娘」一詞。 根據大師的解釋：
「兒子被當娘的把屎把尿扶養成人。兒子到了結婚的年齡，就應該把他託付給一個能夠像當娘一樣的能夠照顧他。 這，就是「新娘」一詞的由來。」
聽完整個大無語再給他一個大白眼🙄
中華文化就是因為出現這種敗類大師，才讓父母誤以為孩子就應該交給一個一樣能夠當他是孩子的老婆來照顧。
拜託，這簡直就是胡說八道+害人一輩子好不好！我們是在結婚，而不是托孤啊老天！
在這裡奉勸各位要嫁人的女子們：
娘子，本身就是夫人的意思，而不是要你像她媽媽一樣把屎把尿當你老公像個巨嬰那樣去照顧！新娘子，可不是新媽媽。
人生已經很累了，再被這些假大師PUA一下，誰TM還要結婚啊！
在這裡也奉勸男人們，如果你想找一個像媽媽一樣能夠照料你這個巨嬰的話：
你現在要做的不是去結婚，而是先把奶給戒了！
PUA #大師 #巨嬰",2024/11/17 09:33,能慎独则器自重,抑鬱症,not_enough_posts,
love_meimi_xuan,𝖝𝖚𝖆𝖓დ（莓米軒🍓）,憂鬱症能活著就已經是很努力了 重度憂鬱症,2025/2/3 15:17,"【活動攝影/表演攝影】@little_cheer_girl_taiwan👑
დ惟婷@weitingnana__",重度憂鬱症,business,
love_meimi_xuan,𝖝𝖚𝖆𝖓დ（莓米軒🍓）,"有哪些焦慮的藥 是比較有效果的
我吃了兩個禮拜都沒有什麼效果
重度憂鬱症 有病友可以跟我說說嗎？",2025/2/3 10:29,"【活動攝影/表演攝影】@little_cheer_girl_taiwan👑
დ惟婷@weitingnana__",重度憂鬱症,business,
love_meimi_xuan,𝖝𝖚𝖆𝖓დ（莓米軒🍓）,"心律錠最多可以吃到幾毫克 重度憂鬱症 
我目前是吃一顆半🙃 有病友是吃一顆半的嗎？",2025/2/3 01:03,"【活動攝影/表演攝影】@little_cheer_girl_taiwan👑
დ惟婷@weitingnana__",重度憂鬱症,business,
love_meimi_xuan,𝖝𝖚𝖆𝖓დ（莓米軒🍓）,"憂鬱症的藥什麼時候可以拿慢籤🙃
目前兩個禮拜拿一次憂鬱症的藥🙃 
有病友可以跟我說說嗎？
重度憂鬱症",2025/2/3 00:36,"【活動攝影/表演攝影】@little_cheer_girl_taiwan👑
დ惟婷@weitingnana__",重度憂鬱症,business,
love_meimi_xuan,𝖝𝖚𝖆𝖓დ（莓米軒🍓）,"贊安諾 通常醫生都會開多久的藥🙃
離憂抗憂鬱劑藥物有效果嗎？
一個月還兩個禮拜 診所跟醫院是不是拿的藥不一樣
重度憂鬱症 有病友可以跟我說說嗎？",2025/2/2 13:48,"【活動攝影/表演攝影】@little_cheer_girl_taiwan👑
დ惟婷@weitingnana__",重度憂鬱症,business,
love_meimi_xuan,𝖝𝖚𝖆𝖓დ（莓米軒🍓）,"禁藥王開戰義義🔥 藥王真的嘻哈OG核彈
初四義義❤️‍🔥 真的唱的好屌💙
@asiaboy123456
@asiaboy123456
禁藥王",2025/2/2 12:52,"【活動攝影/表演攝影】@little_cheer_girl_taiwan👑
დ惟婷@weitingnana__",重度憂鬱症,business,
love_meimi_xuan,𝖝𝖚𝖆𝖓დ（莓米軒🍓）,"因為吃藥的關係 吃飯也沒有很正常🥲（沒有食慾）
從44公斤瘦到38公斤🥲🙃
這樣是正常的嗎 有病友可以跟我說說嗎 
重度憂鬱症",2025/2/2 00:57,"【活動攝影/表演攝影】@little_cheer_girl_taiwan👑
დ惟婷@weitingnana__",重度憂鬱症,business,
love_meimi_xuan,𝖝𝖚𝖆𝖓დ（莓米軒🍓）,"有哪些抗精神病的藥物 是真的吃了不會有出現幻覺
因為我吃了都感覺一直有幻覺 重度憂鬱症",2025/2/1 17:10,"【活動攝影/表演攝影】@little_cheer_girl_taiwan👑
დ惟婷@weitingnana__",重度憂鬱症,business,
love_meimi_xuan,𝖝𝖚𝖆𝖓დ（莓米軒🍓）,"憂解吃多了是不是等於慢性自殺🥲
重度憂鬱症",2025/2/1 11:54,"【活動攝影/表演攝影】@little_cheer_girl_taiwan👑
დ惟婷@weitingnana__",重度憂鬱症,business,
love_meimi_xuan,𝖝𝖚𝖆𝖓დ（莓米軒🍓）,"有症狀可以直接去精神科急診嗎？
目前是發作狀態 但是又不敢一個人去急診
有沒有病友可以跟我說說該怎麼辦🥲🙃
去急診是不是只會打針 然後留觀而已
是不是醫生通常只會建議住院
重度憂鬱症",2025/2/1 00:40,"【活動攝影/表演攝影】@little_cheer_girl_taiwan👑
დ惟婷@weitingnana__",重度憂鬱症,business,
love_meimi_xuan,𝖝𝖚𝖆𝖓დ（莓米軒🍓）,"有哪些抗憂鬱劑 是比較有效果的🙃
有病友可以推薦嗎",2025/1/31 13:53,"【活動攝影/表演攝影】@little_cheer_girl_taiwan👑
დ惟婷@weitingnana__",重度憂鬱症,business,
love_meimi_xuan,𝖝𝖚𝖆𝖓დ（莓米軒🍓）,"戀多眠吃多會怎樣嗎？有病友可以跟我說嗎
重度憂鬱症",2025/1/31 02:47,"【活動攝影/表演攝影】@little_cheer_girl_taiwan👑
დ惟婷@weitingnana__",重度憂鬱症,business,
love_meimi_xuan,𝖝𝖚𝖆𝖓დ（莓米軒🍓）,"安娜大船長生日周邊 預購截止到2/2 12:00
帽T 黑色Anna款 1680$ 
帽T 卡其色25款  1680$
刺繡中筒襪 225$ 黑色（一雙） 五雙1000$
安娜四款鑰匙圈 400$（一組四入） 單買125$（一個）
安娜硅藻土杯墊 250$
安娜杯套 180$
芭蕾風悠遊卡套 450$
恕我發發發 包套組 4588$（會有其他的驚喜 歡迎購買）
⚠️購買包套組合4588$ 記得備註尺寸 如果兩件帽踢不一樣的尺寸記得也要備註⚠️
全館滿2500免運費。 趕快買起來吧🩷
@_bryanzhao
@_bryanzhao
@anna0205chen_
@anna0205chen_
安娜",2025/1/31 01:40,"【活動攝影/表演攝影】@little_cheer_girl_taiwan👑
დ惟婷@weitingnana__",重度憂鬱症,business,
love_meimi_xuan,𝖝𝖚𝖆𝖓დ（莓米軒🍓）,"打擾別人 或許也會造成別人的負擔跟困擾
有些事還是放在心裡吧…… 重度憂鬱症",2025/1/21 21:40,"【活動攝影/表演攝影】@little_cheer_girl_taiwan👑
დ惟婷@weitingnana__",重度憂鬱症,business,
love_meimi_xuan,𝖝𝖚𝖆𝖓დ（莓米軒🍓）,"有人有推薦 桃園或台北或高雄的身心科診所或大醫院有身心科的（想換一家醫院看診） 重度憂鬱症 
有病友有推薦的嗎！",2025/1/21 21:33,"【活動攝影/表演攝影】@little_cheer_girl_taiwan👑
დ惟婷@weitingnana__",重度憂鬱症,business,
psy_dr_erin,吳依倫醫師 身心科,"「醫生你說贊安諾抗焦慮結果我吃了恐慌發作耶？你是不是開錯藥？」
雖然不常見，但在臨床上
偶爾會發生吃了贊安諾後
反而恐慌發作的狀況
這是反常反應（paradoxical reaction)
指的是有些人長期處在焦慮緊繃狀況
吃了贊安諾後被突然放鬆
反而會因為這種不熟悉的狀態
而引發恐慌
如果出現反常反應
通常換別的藥物就可以處理
對大部分的人來說
贊安諾還是恐慌發作時
很有效的備用藥物
加上也不常發生
所以不用因為擔心反常反應
就不敢在需要時吃藥
最後我承認我就是為了這張圖
又發了一篇贊安諾
其他藥物請再等等了不好意思",2026/1/9 17:06,"顧心也顧身的精神科醫師
紀錄診間日常X讀書觀影筆記
學習過舞蹈治療、正念減壓、接納與承諾療法
👩‍⚕️新田身心診所/禾馨民權婦幼診所/心禾診所主治醫師
個人化治療特約門診（孕產情緒困擾、母職倦怠、強迫症、恐慌症）",焦慮症,business,
psy_dr_erin,吳依倫醫師 身心科,"「醫生，吃完你上次開的藥我睡得著了，可是嘴巴很苦是正常的嗎？」
今天來講我個人滿常開的安眠藥
Zolpiclone
商品名Imovane 宜眠安aka樂比克
和使蒂諾斯一樣屬於Z drugs
但依賴、成癮的風險較低
出現夢遊、前行性失憶的機率也比較小
但缺點就是很多人吃了會口苦
有些人還以為是自己肝火旺
其實這是因為這顆藥會分泌到唾液中
和味覺受器交互作用
特別是苦味與金屬味
不過好消息是大部分的人只會短暫覺得苦
喝點飲料就可以蓋過去
但少部分的人會一整天都很苦
影響白天吃東西
就會考慮換藥
相比其他安眠藥大多是肝代謝
宜眠安另一個特別的地方
是它同時由肝和肺代謝
所以常會開給肝功能不太好的病人
雖然看起來很居家必備良藥
但還是有可能造成依賴
所以不要想說成癮性比較低
就胡亂吃一通
題外話是gemini幫我把宜眠安畫得很暖男
讓我想到診間個案常會說和另一半一起睡
就可以睡得著不用吃安眠藥了
我特別還去查了文獻
還真的有研究顯示
與支持性關係中的親密伴侶同睡
有助於提升睡眠品質
嗯。這方法好像有點可遇不可求
不過就算單身也不用絕望
精神科醫師還是會有其他辦法幫你減藥的……",2026/1/8 17:00,"顧心也顧身的精神科醫師
紀錄診間日常X讀書觀影筆記
學習過舞蹈治療、正念減壓、接納與承諾療法
👩‍⚕️新田身心診所/禾馨民權婦幼診所/心禾診所主治醫師
個人化治療特約門診（孕產情緒困擾、母職倦怠、強迫症、恐慌症）",焦慮症,business,
psy_dr_erin,吳依倫醫師 身心科,"今日最開心
被YouTuber個案稱讚寫脆文有進步
會把鉤子放前面囉
醫師我也是練習摸索很久的嗚嗚🥹",2026/1/7 19:14,"顧心也顧身的精神科醫師
紀錄診間日常X讀書觀影筆記
學習過舞蹈治療、正念減壓、接納與承諾療法
👩‍⚕️新田身心診所/禾馨民權婦幼診所/心禾診所主治醫師
個人化治療特約門診（孕產情緒困擾、母職倦怠、強迫症、恐慌症）",焦慮症,business,
psy_dr_erin,吳依倫醫師 身心科,"「醫生，懷孕是不是不能吃安眠藥？」
在診間常遇到原本在吃安眠藥的個案
發現懷孕自行停藥之後大失眠
或因為孕吐頻尿身體沈重
睡不好卻不敢用藥，而硬撐到憂鬱的媽媽
其實孕期吃安眠藥，沒有那麼可怕
精神科醫師最常開的是
zolpidem使蒂諾斯
也就是所謂的Z-drugs類安眠藥物
然而過去對Z-drugs是不會影響
寶寶重要器官發育的證據不足
也因此會認為在第一孕期儘量少用
2025 年 12 月
發表在權威醫學期刊《JAMA Psychiatry》
針對美國 430 萬名孕婦分析的超大型研究
發現在第一孕期使用 Z-drugs 類安眠藥
並不會增加嬰兒整體先天性畸形風險
這個發現，為孕期嚴重失眠
功能已受影響的媽媽們
提供了更安心的治療依據
所以，別再情勒睡不好的孕媽咪
為了寶寶好要多忍耐
讓媽媽們即使情緒瀕臨崩潰
也不敢就醫
其實長期嚴重的失眠
所導致壓力與焦慮憂鬱
對寶寶的影響未必比藥物小
當然失眠的第一線治療
還是行為治療與環境調整
但如果怎樣都睡不著
請千萬不要硬撐
來看診不等於一定要吃藥
每個人都有自己的盲點
有時來跟醫師聊一聊
也許就能找到睡好一點的方法",2026/1/6 18:00,"顧心也顧身的精神科醫師
紀錄診間日常X讀書觀影筆記
學習過舞蹈治療、正念減壓、接納與承諾療法
👩‍⚕️新田身心診所/禾馨民權婦幼診所/心禾診所主治醫師
個人化治療特約門診（孕產情緒困擾、母職倦怠、強迫症、恐慌症）",焦慮症,business,
psy_dr_erin,吳依倫醫師 身心科,"感謝脆友們對我文章的喜愛
許願主題的文章如果有靈感
我都會儘量寫
不過只有一件事情我一定不會做
就是在網路上回答
任何人關於病情和藥物的問題
官方理由是依據醫師法
醫師非親自診察，
不得施行治療、開給方劑或交付診斷書
真實理由1
連在門診都要經過那麼長的時間
才能了解一個人，做出診斷和建議
我完全不可能也沒有能力
只憑網路上的文字給出任何建議
這不只是不負責任
甚至還有可能害到別人
真實理由2
I人精神科醫師下診後
很需要休息恢復
才能在看診時保持最好的狀態
給眼前的個案
所以如果有靈感就會寫
但太累我就會休息
因為我更喜歡與珍惜的還是
看診時可以直接看到對方的互動
所以我可以保證追蹤我
你能看到非AI非雞湯
輕鬆好入口的衛教文
但個人醫療建議就
你可以問但我不會回答😂
感謝大家🙏",2026/1/4 16:10,"顧心也顧身的精神科醫師
紀錄診間日常X讀書觀影筆記
學習過舞蹈治療、正念減壓、接納與承諾療法
👩‍⚕️新田身心診所/禾馨民權婦幼診所/心禾診所主治醫師
個人化治療特約門診（孕產情緒困擾、母職倦怠、強迫症、恐慌症）",焦慮症,business,
psy_dr_erin,吳依倫醫師 身心科,"「醫師，那個Netflix上說贊安諾很可怕捏，你怎麼開給我？」
有脆友許願講BZD，那就從贊安諾開始好了
本名（學名）叫alprazolam，這顆藥最廣為人知的名字叫贊安諾，其他名字（商品名）還有安邦、安柏寧、景安寧、健得靜……
我一直覺得大家（不管是醫師還是個案）
對贊安諾的評價很兩極
有些人覺得是居家必備良藥
有些人則是覺得吃一顆就會一輩子上癮，變成離不開這顆藥的毒蟲
我個人是保持
任何藥在對的時間對的人身上用就是好藥
再好的藥亂吃也會變毒藥
每種藥都有適合使用的時機
沒有絕對好壞的想法
我通常會開贊安諾，是用在
1.恐慌發作
2.過度焦慮睡不著（短期一個月內使用）
畢竟這是個容易造成依賴的藥物
兩者的使用原則都是需要時才吃
避免固定每天服用（當然有時還是會有例外狀況）
其實很多會恐慌發作的個案，不一定真的要吃到藥，只要帶著贊安諾在身上，知道不管怎麼樣有藥可以緩解，就自然不會發展到大發作了。（不過副作用就是發現身上沒藥的時候會緊張。）
至於如果一個人有超過一個月以上，每天晚上都要吃贊安諾才能睡著的話，常常其中必定有隱情，要鑑別診斷是否其他診斷和情緒的問題啦",2026/1/4 14:32,"顧心也顧身的精神科醫師
紀錄診間日常X讀書觀影筆記
學習過舞蹈治療、正念減壓、接納與承諾療法
👩‍⚕️新田身心診所/禾馨民權婦幼診所/心禾診所主治醫師
個人化治療特約門診（孕產情緒困擾、母職倦怠、強迫症、恐慌症）",焦慮症,business,
psy_dr_erin,吳依倫醫師 身心科,"望周知：
別再說為母則強、誰不是這樣走過來了
周產期憂鬱是懷孕第二常出現的併發症
僅次於妊娠糖尿病
我們無法只用意志力控制血糖
憂鬱也一樣，不是想開一點就會自己不見
而是需要專業介入的醫療狀況
*周產期憂鬱指的是懷孕到產後一年內發生的憂鬱症",2026/1/3 13:41,"顧心也顧身的精神科醫師
紀錄診間日常X讀書觀影筆記
學習過舞蹈治療、正念減壓、接納與承諾療法
👩‍⚕️新田身心診所/禾馨民權婦幼診所/心禾診所主治醫師
個人化治療特約門診（孕產情緒困擾、母職倦怠、強迫症、恐慌症）",焦慮症,business,
psy_dr_erin,吳依倫醫師 身心科,"「醫師妳的診很難約，約了3週才約到」
最近陸續有診友反應週五夜診
初診很難約到
這是因為夜診複診人次本來就不少
初診我們一定至少預留15分鐘
如果空檔時間不夠就約不進來
平日白天或週六早上診
初診會比較容易約進來
可以先約一次後再改複診時間
也很推薦初診時用特約診的方式
有不少焦慮、身體不舒服
跑其他科檢查沒大礙
轉來說是自律神經失調
在特約診用50分鐘好好評估
對症下藥擬定治療計劃後
就回到健保複診規律看診
以前精神科專科口試
至少都要花40分鐘評估還常常問不完
精神科的初診真的需要比其他科更多時間
所以一定要預留足夠時間
不好意思讓大家等待了……",2026/1/2 23:05,"顧心也顧身的精神科醫師
紀錄診間日常X讀書觀影筆記
學習過舞蹈治療、正念減壓、接納與承諾療法
👩‍⚕️新田身心診所/禾馨民權婦幼診所/心禾診所主治醫師
個人化治療特約門診（孕產情緒困擾、母職倦怠、強迫症、恐慌症）",焦慮症,business,
trina1231._,羽嫣🦋,"我是解離性人格疾患（俗稱多重人格）
我的醫生告訴我 
「在台灣很少這樣的案例」
住精神科病房超過30次的我
人格出現醫師都有記錄著 家人也親眼看過
我不懂為什麼有人說我裝的
我也很希望我是一個完全擁有身體自主權的人
因為一般人看不出來有這個疾病多困擾
大家只會覺得你再犯中二病、假仙
事實上我沒辦法決定誰要出來、什麼時機
轉換就在一瞬間
有時候甚至醒來時間的混亂感和不安的感覺
一直持續 一直害怕自己會惹麻煩
害怕自己是異類
我想知道有脆友也是罹患這個疾病嗎
我的醫師告訴我 國內這個案例很少
所以沒辦法下診斷書給我
我該怎麼保障自己的權益
就好比說 今天其他人格闖禍
我還是得顧自收拾殘局
甚至被當作怪胎
真心希望可以對精神罕見疾病 一個診斷書
每次說出自己是多重人格 
都會被別人誤會是精神分裂
甚至在工作上被刁難
然後再來說 
「你有診斷書嗎？」
我真的沒有想證明什麼。
我只是希望被理解。",2024/2/9 22:59,"23y夢想💭做手工 目標穿戴甲
我是身心障礙者/多重人格/重憂/創傷症候群
我只是用心的在往前走。
已有未婚夫📌1/19登記
分享文學、文字、紀錄、日常、戀愛❤️‍🔥",精神分裂,not_enough_posts,
trina1231._,羽嫣🦋,"好想對我的人生開啟暫停鍵
只停留在最幸福的一刻
-
什麼時候肉體上沾上了黃色
什麼時候開始把自己歸類或擺放角落
-
就像這個殺手不太冷電影裡的女主角曾說過
「我要愛，或者死。」
-
枯萎的花朵沒有起死回生的能力
像極了我
愛、性、恨
到達一個巔峰
-
我承認我是虛無飄渺的一盤散沙
風一吹 我的所有都將被徹底撕裂和粉碎",2024/2/7 15:31,"23y夢想💭做手工 目標穿戴甲
我是身心障礙者/多重人格/重憂/創傷症候群
我只是用心的在往前走。
已有未婚夫📌1/19登記
分享文學、文字、紀錄、日常、戀愛❤️‍🔥",精神分裂,not_enough_posts,
yuchiiii4,yuchiiii4,我一分鐘八萬個情緒跟他媽精神分裂一樣,2026/1/11 09:42,🥷🏽,精神分裂,pass,
yuchiiii4,yuchiiii4,不知道要吃什麼,2026/1/11 09:42,🥷🏽,精神分裂,pass,
yuchiiii4,yuchiiii4,操！,2026/1/11 09:42,🥷🏽,精神分裂,pass,
yuchiiii4,yuchiiii4,我沒辦法做到不在意,2026/1/11 09:41,🥷🏽,精神分裂,pass,
yuchiiii4,yuchiiii4,兄弟，刺蝟扎人非常痛,2026/1/11 09:40,🥷🏽,精神分裂,pass,
yuchiiii4,yuchiiii4,愛人的能力 是需要勇氣 我鋪開我的心,2026/1/11 09:38,🥷🏽,精神分裂,pass,
yuchiiii4,yuchiiii4,心情不好的時候就想發一篇長篇大論讓別人都知道我很難過 結果寫了幾段文字之後 發現自己文化水平不夠 寫的狗屁不通讀的也不通暢 基本邏輯都不對勁 躺床上哭了一下之後還是刪除了,2026/1/11 09:33,🥷🏽,精神分裂,pass,
yuchiiii4,yuchiiii4,操！,2026/1/11 09:30,🥷🏽,精神分裂,pass,
yuchiiii4,yuchiiii4,這世界上怎麼會有如此寒冷的氣候,2026/1/11 09:30,🥷🏽,精神分裂,pass,
yuchiiii4,yuchiiii4,今天早上不emo 因為我快冷死了,2026/1/11 09:29,🥷🏽,精神分裂,pass,
yuchiiii4,yuchiiii4,有裂縫才會有光線,2026/1/11 09:27,🥷🏽,精神分裂,pass,
yuchiiii4,yuchiiii4,我只是說說 活到至今依然連男生的嘴都沒親過,2026/1/11 09:20,🥷🏽,精神分裂,pass,
yuchiiii4,yuchiiii4,早上好朋友們,2026/1/11 09:17,🥷🏽,精神分裂,pass,
yuchiiii4,yuchiiii4,晚安朋友們,2026/1/11 03:53,🥷🏽,精神分裂,pass,
yuchiiii4,yuchiiii4,怕真相 太難看,2026/1/11 03:50,🥷🏽,精神分裂,pass,
yuchiiii4,yuchiiii4,我總是設身處地的為別人著想,2026/1/11 03:50,🥷🏽,精神分裂,pass,
yuchiiii4,yuchiiii4,他們問我丟掉了太多遺不遺憾 一半一半,2026/1/11 03:48,🥷🏽,精神分裂,pass,
yuchiiii4,yuchiiii4,明天要上班 現在還醒著ㄎㄎㄎㄎ真是好大的膽子呀,2026/1/11 03:48,🥷🏽,精神分裂,pass,
yuchiiii4,yuchiiii4,回訊息還要配速是怎樣 你在跑5000嗎,2026/1/11 02:42,🥷🏽,精神分裂,pass,
yuchiiii4,yuchiiii4,我的耐心簡直就是0,2026/1/11 02:42,🥷🏽,精神分裂,pass,
yuchiiii4,yuchiiii4,快去學！,2026/1/11 02:39,🥷🏽,精神分裂,pass,
yuchiiii4,yuchiiii4,不要裝笨好不好 你根本就沒那麼傻 你什麼都知道,2026/1/11 02:36,🥷🏽,精神分裂,pass,
yuchiiii4,yuchiiii4,好想去貓咖,2026/1/10 23:52,🥷🏽,精神分裂,pass,
yuchiiii4,yuchiiii4,幹幹幹幹咒術迴戰出新的了兄弟姐妹們！！！,2026/1/10 23:25,🥷🏽,精神分裂,pass,
yuchiiii4,yuchiiii4,我好累,2026/1/10 23:18,🥷🏽,精神分裂,pass,
yuchiiii4,yuchiiii4,你騙了我之後被我發現了 所以我也跟著你騙我自己,2026/1/10 23:17,🥷🏽,精神分裂,pass,
yuchiiii4,yuchiiii4,表達自己是一件很累的事情 像從我凌亂的一天里剪出一團毛線慢吞吞的纏起來 跟你說哪裡是頭哪裡是尾 絕大時候我連氣都不嘆就決定算了,2026/1/10 23:16,🥷🏽,精神分裂,pass,
yuchiiii4,yuchiiii4,你的愛不可以分給好多人 不然這算什麼愛 這叫普發,2026/1/10 23:15,🥷🏽,精神分裂,pass,
yuchiiii4,yuchiiii4,如果你有我就夠了 那麼我也是 真的,2026/1/10 23:14,🥷🏽,精神分裂,pass,
yuchiiii4,yuchiiii4,我一直嘰哩呱啦會不會很吵,2026/1/10 23:13,🥷🏽,精神分裂,pass,
yuchiiii4,yuchiiii4,我的腦袋好像一直都在極速運轉 沒有停下來過,2026/1/10 23:07,🥷🏽,精神分裂,pass,
yuchiiii4,yuchiiii4,透過手指間看著天花板 我在極度難過的時候都這麼做,2026/1/10 23:06,🥷🏽,精神分裂,pass,
yuchiiii4,yuchiiii4,不要因為離開了一個傷害了你卻毫無愧疚的人而感到內疚,2026/1/10 23:05,🥷🏽,精神分裂,pass,
yuchiiii4,yuchiiii4,感覺總是反思是焦慮的一種,2026/1/10 23:05,🥷🏽,精神分裂,pass,
yuchiiii4,yuchiiii4,享受仁至義盡後的心安理得,2026/1/10 23:04,🥷🏽,精神分裂,pass,
yuchiiii4,yuchiiii4,我其實一開始很鄙夷電影中的男女有嘴為什麼不會表達 直到今天我看著聊天框發呆 好想跟她說一句我想你了 又怕自己在他心裡完全沒有任何一點份量 就會轉變為厭煩,2026/1/10 23:03,🥷🏽,精神分裂,pass,
yuchiiii4,yuchiiii4,"在社交中我完全被動 不會主動去找對方聊天
我超級害怕對方其實根本不想和我聊然後我還不知道 一直往上湊 但我又很期待對方能主動找我",2026/1/10 23:02,🥷🏽,精神分裂,pass,
yuchiiii4,yuchiiii4,我好像總是在問為什麼,2026/1/10 23:01,🥷🏽,精神分裂,pass,
yuchiiii4,yuchiiii4,平靜和麻木的界限往往很微妙,2026/1/10 22:54,🥷🏽,精神分裂,pass,
yuchiiii4,yuchiiii4,我現在比任何時候都需要你,2026/1/10 22:52,🥷🏽,精神分裂,pass,
yuchiiii4,yuchiiii4,老大我們這樣裝憂鬱孤獨真的有用嗎,2026/1/10 22:52,🥷🏽,精神分裂,pass,
yuchiiii4,yuchiiii4,破生活誰愛過誰過！,2026/1/10 22:51,🥷🏽,精神分裂,pass,
yuchiiii4,yuchiiii4,操！,2026/1/10 22:50,🥷🏽,精神分裂,pass,
yuchiiii4,yuchiiii4,今天抬頭可以看到星星,2026/1/10 22:50,🥷🏽,精神分裂,pass,
yuchiiii4,yuchiiii4,你他媽的這顆心到底為多少人跳動過,2026/1/10 22:50,🥷🏽,精神分裂,pass,
yuchiiii4,yuchiiii4,細膩的心是天賦也是枷鎖,2026/1/10 22:48,🥷🏽,精神分裂,pass,
yuchiiii4,yuchiiii4,我其實只是希望別人也像我對待他們一樣對待我,2026/1/10 22:47,🥷🏽,精神分裂,pass,
yuchiiii4,yuchiiii4,好喜歡吃巴斯克蛋糕,2026/1/10 22:46,🥷🏽,精神分裂,pass,
yuchiiii4,yuchiiii4,如果對方影響到你的情緒了那就不要相處下去了,2026/1/8 22:11,🥷🏽,精神分裂,pass,
yuchiiii4,yuchiiii4,愛是一種精神病,2026/1/8 22:11,🥷🏽,精神分裂,pass,
yuchiiii4,yuchiiii4,你們到底要為了一個普通男人做到什麼程度？,2026/1/8 22:11,🥷🏽,精神分裂,pass,
yuchiiii4,yuchiiii4,她懂 但是她心不夠狠,2026/1/8 22:10,🥷🏽,精神分裂,pass,
yuchiiii4,yuchiiii4,"當這個男的總給你一種忽上忽下的感覺 
他就是
享受曖昧不想負責",2026/1/8 22:10,🥷🏽,精神分裂,pass,
yuchiiii4,yuchiiii4,祝你們冬至平安、聖誕快樂，新年有人陪，農歷年和這輩子此生最深刻的情感和解與擁抱。,2026/1/8 15:14,🥷🏽,精神分裂,pass,
yuchiiii4,yuchiiii4,我需要被你需要 親愛的,2026/1/7 21:08,🥷🏽,精神分裂,pass,
yuchiiii4,yuchiiii4,我最愛的人必須是我自己,2026/1/7 16:29,🥷🏽,精神分裂,pass,
yuchiiii4,yuchiiii4,雜亂的情緒我理不清啦幹,2026/1/4 04:47,🥷🏽,精神分裂,pass,
yuchiiii4,yuchiiii4,希望你今年不再孤單 希望我也是,2026/1/4 04:46,🥷🏽,精神分裂,pass,
yuchiiii4,yuchiiii4,想要的最簡單也最難,2026/1/4 04:46,🥷🏽,精神分裂,pass,
yuchiiii4,yuchiiii4,果然真的經歷夠多就慢慢知道怎麼應對了,2026/1/4 04:45,🥷🏽,精神分裂,pass,
yuchiiii4,yuchiiii4,越是人聲鼎沸我就越覺得你應該在我身邊,2026/1/4 04:44,🥷🏽,精神分裂,pass,
yuchiiii4,yuchiiii4,我到底幹嘛那麼作賤自己 人家對我好一點我就愛得死去活來,2026/1/4 04:43,🥷🏽,精神分裂,pass,
yuchiiii4,yuchiiii4,不要跟屁孩談戀愛不要跟屁孩談戀愛不要跟屁孩談戀愛,2026/1/4 04:43,🥷🏽,精神分裂,pass,
yuchiiii4,yuchiiii4,下次不許願了 不然老天爺就知道怎樣搞我最痛 操,2026/1/4 04:40,🥷🏽,精神分裂,pass,
yuchiiii4,yuchiiii4,幸好你每天都有聊不完的女孩 要不然我走了 你孤獨一人 我心疼,2026/1/2 01:07,🥷🏽,精神分裂,pass,
yuchiiii4,yuchiiii4,我的拖延症已經嚴重到連睡覺都要拖,2026/1/1 20:54,🥷🏽,精神分裂,pass,
yuchiiii4,yuchiiii4,但我好像也只會在心裡給人默默扣分  但是對我好一點了 我又會給他加回來  甚至覺得是自己之前太計較了  要是說出來就收不回去了  很糟糕,2026/1/1 20:26,🥷🏽,精神分裂,pass,
yuchiiii4,yuchiiii4,我一直在哭但沒有一次是因為幸福,2026/1/1 20:25,🥷🏽,精神分裂,pass,
yuchiiii4,yuchiiii4,老實說到此為止我生命中所有最糟糕的時候都是我獨自一人度過的 所以我有時候會覺得去愛人或者被愛都毫無意義,2026/1/1 20:23,🥷🏽,精神分裂,pass,
yuchiiii4,yuchiiii4,希望2026可以順利平安快樂幸福,2026/1/1 18:33,🥷🏽,精神分裂,pass,
yuchiiii4,yuchiiii4,"你不需要把今年總結清楚
你只需要知道
哪些事
不值得再帶到明年",2025/12/31 22:34,🥷🏽,精神分裂,pass,
yuchiiii4,yuchiiii4,親愛的自己 人生總是柳暗花明,2025/12/31 14:34,🥷🏽,精神分裂,pass,
yuchiiii4,yuchiiii4,任何一段關係都要經歷無數次測驗 嗎,2025/12/31 14:31,🥷🏽,精神分裂,pass,
yuchiiii4,yuchiiii4,愛只是愛 偉大的愛情到頭來也只是愛,2025/12/31 13:25,🥷🏽,精神分裂,pass,
yuchiiii4,yuchiiii4,他在挑釁我,2025/12/31 13:24,🥷🏽,精神分裂,pass,
yuchiiii4,yuchiiii4,人變得好快 我想不明白,2025/12/31 00:25,🥷🏽,精神分裂,pass,
yuchiiii4,yuchiiii4,哭到發抖 完全控制不住,2025/12/31 00:05,🥷🏽,精神分裂,pass,
yuchiiii4,yuchiiii4,我覺得一個人不喜歡另一個人不是什麼錯 但是不能一下表現喜歡一下又表現得不喜歡 這不是在玩弄人心嗎,2025/12/30 22:46,🥷🏽,精神分裂,pass,
yuchiiii4,yuchiiii4,你們開心嗎？,2025/12/30 22:04,🥷🏽,精神分裂,pass,
yuchiiii4,yuchiiii4,我今天也過得很開心,2025/12/30 22:04,🥷🏽,精神分裂,pass,
yuchiiii4,yuchiiii4,我覺得人生不能總做正確的選擇 偶爾也要做自己喜歡的選擇,2025/12/30 22:03,🥷🏽,精神分裂,pass,
yuchiiii4,yuchiiii4,把人推開再裝楚楚可憐的樣子給誰看？,2025/12/30 12:39,🥷🏽,精神分裂,pass,
yuchiiii4,yuchiiii4,我覺得這場大雨太久了 我已經麻木了 mamamoo,2025/12/30 12:23,🥷🏽,精神分裂,pass,
yuchiiii4,yuchiiii4,人不該期待承諾，但是要信守承諾,2025/12/30 01:44,🥷🏽,精神分裂,pass,
yuchiiii4,yuchiiii4,突然的疏遠比任何語言都傷人,2025/12/29 23:25,🥷🏽,精神分裂,pass,
yuchiiii4,yuchiiii4,我要照顧好我自己,2025/12/29 20:57,🥷🏽,精神分裂,pass,
yuchiiii4,yuchiiii4,不管怎樣都不能讓媽媽傷心,2025/12/29 20:56,🥷🏽,精神分裂,pass,
yuchiiii4,yuchiiii4,這輩子收的第一朵花是媽媽給的,2025/12/29 20:56,🥷🏽,精神分裂,pass,
yuchiiii4,yuchiiii4,睡覺 懦夫行為,2025/12/29 20:37,🥷🏽,精神分裂,pass,
yuchiiii4,yuchiiii4,711的蓮花焦糖脆餅巴斯克超級好吃⋯,2025/12/29 18:26,🥷🏽,精神分裂,pass,
yuchiiii4,yuchiiii4,我全盤接受,2025/12/29 14:39,🥷🏽,精神分裂,pass,
yuchiiii4,yuchiiii4,人心真的瞬息萬變,2025/12/29 14:39,🥷🏽,精神分裂,pass,
yuchiiii4,yuchiiii4,我失去了我的全世界,2025/12/29 14:38,🥷🏽,精神分裂,pass,
yuchiiii4,yuchiiii4,心就是很空很空 空到很害怕 我好像什麼都沒有了,2025/12/29 14:38,🥷🏽,精神分裂,pass,
yuchiiii4,yuchiiii4,"今天去了上次你帶我去的海邊 你上次說
我們要手牽手 到很老很老 老到我們 走不動",2025/12/29 14:37,🥷🏽,精神分裂,pass,
yuchiiii4,yuchiiii4,好冷清,2025/12/29 14:36,🥷🏽,精神分裂,pass,
yuchiiii4,yuchiiii4,我一分鐘可以有300種情緒,2025/12/29 14:36,🥷🏽,精神分裂,pass,
yuchiiii4,yuchiiii4,愛像是一場小雨 淅瀝瀝淅瀝瀝 滴入我回憶,2025/12/29 14:35,🥷🏽,精神分裂,pass,
yuchiiii4,yuchiiii4,"早上好 他說你們這幾天都待在一起 你過得很幸福 
雖然眼眶還是時常泛紅 鼻子常常突然酸酸的 但還是替你感到開心 你幸福就好了 身邊不是我 也一點關係都沒有",2025/12/29 14:31,🥷🏽,精神分裂,pass,
yuchiiii4,yuchiiii4,陽光很好 別走進悲傷的角落,2025/12/29 01:07,🥷🏽,精神分裂,pass,
yuchiiii4,yuchiiii4,"我不是一個傳統意義上安靜或活潑的人
我像一棵樹 有人撥動我的葉子我便給予相同的反饋沒人時就靜靜地矗立 隨著風輕輕的晃",2025/12/29 01:05,🥷🏽,精神分裂,pass,
yuchiiii4,yuchiiii4,我有逐漸好起來的跡象,2025/12/29 01:00,🥷🏽,精神分裂,pass,
yuchiiii4,yuchiiii4,親愛的你躲在那裡發呆～,2025/12/29 00:58,🥷🏽,精神分裂,pass,
yuchiiii4,yuchiiii4,我們都要一直幸福好嗎,2025/12/29 00:54,🥷🏽,精神分裂,pass,
yuchiiii4,yuchiiii4,先這樣吧 你好好的,2025/12/29 00:09,🥷🏽,精神分裂,pass,
yuchiiii4,yuchiiii4,你有想我嗎 早就習慣自問自答,2025/12/29 00:09,🥷🏽,精神分裂,pass,
yuchiiii4,yuchiiii4,為何留不住 你手心的溫暖,2025/12/29 00:02,🥷🏽,精神分裂,pass,
yuchiiii4,yuchiiii4,我總是把所有錯都推到自己身上,2025/12/28 11:46,🥷🏽,精神分裂,pass,
yvettechanchan,#      YVETTE CHANCHAN.🌙,"有冇人明
每次去旅行前幾個星期會好期待
臨近飛果日就越黎越唔想去，甚至想放飛機既心態
臨出屋企門口果下勁唔想去
但去到又開心咁玩，又唔捨得翻黎
簡直覺得自己精神分裂…",2025/10/15 07:21,每日都嬲，發癲的地方,精神分裂,pass,
yvettechanchan,#      YVETTE CHANCHAN.🌙,"聽電話頭一秒都有信過
但我可能喺巴士聽唔清不停叫佢大聲啲
所以比左幾秒思考時間我
我叫佢大聲啲個服務名，講多次既時間我就google係咩黎
因為冇乜印象係咩黎，又聽過類似呢種不過係話保險既騙案
見到係騙案之後我話”唔洗取消，由佢開住”",2025/10/8 15:17,每日都嬲，發癲的地方,精神分裂,pass,
yvettechanchan,#      YVETTE CHANCHAN.🌙,"而家啲衫真係好撠
想淘寶買啲衫粗著
件件都係細細件露腰短款，一係就著唔到普通bra果種款
稍為修身果種就算XL都勁細件
買過幾件係著得落，但好貼身🤡
啲碼勁奇怪，邊有人個胸得咁撚細…
L碼個胸75cm=29.528” 🤡???
29吋胸係XXS吧",2025/10/2 00:00,每日都嬲，發癲的地方,精神分裂,pass,
c._h_l_o_.e,ʚ Chloe ɞ,剛剛阿米們的狀態be like :,2025/12/28 19:35,방탄소년단 ♡♡♡,精神分裂,not_enough_posts,
c._h_l_o_.e,ʚ Chloe ɞ,"嗎呀！！ 是閔其！！！(;´༎ຶД༎ຶ`) (;´༎ຶД༎ຶ`) 
我想當他手裡的那隻貓
這笑容實在是太犯規",2025/12/28 18:32,방탄소년단 ♡♡♡,精神分裂,not_enough_posts,
wade.uni,顏宗慶 韋德｜元碩生技聯合創辦人,"成年人只有篩選，沒有教育。
這句話送給你們。
如果已經選了，那就改變自己。
不是要妳遷就，是真正靠自己改變現況。",2025/6/18 15:13,世界保持善良,產後憂鬱,business,
wade.uni,顏宗慶 韋德｜元碩生技聯合創辦人,"我對護理師真正改觀，是在產房之後。
看著我老婆順利生完孩子，
她癱在病床上，虛弱到沒力氣說話，
那位護理師，蹲下來幫她清惡露，
面帶笑容、動作專業，擦著那血肉模糊的傷口。
我也曾幫我老婆清理過，但那是我老婆。
而對她來說，我老婆只是個陌生人。
從那天起我知道，
這世界上有一群人，是靠專業撐住溫柔，
用輪班、過勞、姿勢傷、職業病，照顧著每個需要幫助的家屬。
謝謝妳們，不只是專業，還有溫度。",2025/6/18 11:46,世界保持善良,產後憂鬱,business,
wade.uni,顏宗慶 韋德｜元碩生技聯合創辦人,"她抱著孩子在哄，我在旁邊滑手機
孩子哭了，她馬上去抱，
我坐在旁邊滑手機，告訴自己：「她比較會安撫啦。」
等孩子安靜下來，她轉過頭看我一眼，沒說話。
我才發現，這個眼神她已經給過我很多次了。
那不是責怪，是失望。
她要的從來不是你多厲害，是你願不願意陪她累。",2025/6/17 15:00,世界保持善良,產後憂鬱,business,
wade.uni,顏宗慶 韋德｜元碩生技聯合創辦人,"昨天凌晨兩點，孩子醒來大哭，
我翻身看她，她早就坐起來了。
哄著孩子、安撫情緒、換尿布，沒叫我一聲。
清晨我說：「妳怎麼都不叫我？」
她只是笑著說：「我知道你很累。」
但她才是那個，從沒睡過好覺的人。",2025/6/17 11:28,世界保持善良,產後憂鬱,business,
wade.uni,顏宗慶 韋德｜元碩生技聯合創辦人,"老婆昨天問我一個問題
她問我：「你覺得我是個怎樣的媽媽？」
我原本想隨口說「很棒啊」，
但她眼神那麼認真，我突然不知道怎麼回答才夠真誠。
後來我抱著她，只說：「是我運氣夠好，才能讓你當了我孩子的媽。」
不是媽媽需要肯定，是她值得被肯定。",2025/6/16 21:01,世界保持善良,產後憂鬱,business,
wade.uni,顏宗慶 韋德｜元碩生技聯合創辦人,"她不是在找麻煩，是在找感受
今天她跟我說：「你都沒發現我剪頭髮嗎？」
我一時沒反應過來，她就默默地去哄小孩了。
她不是在意頭髮，是在意我有沒有把注意力放在她身上。
孩子需要爸爸，她也需要老公。
愛是細節，不是口號。",2025/6/16 17:45,世界保持善良,產後憂鬱,business,
wade.uni,顏宗慶 韋德｜元碩生技聯合創辦人,"在親子館聽到一段對話
一個媽媽跟旁邊的人說：「我老公帶小孩出門，大家都稱讚；我帶，就是應該的。」
那瞬間我沉默了。
原來這社會對媽媽真的太苛刻，連付出都不值得誇獎。
如果連自己的老公都不說聲謝謝，她又能期待誰？",2025/6/16 11:07,世界保持善良,產後憂鬱,business,
wade.uni,顏宗慶 韋德｜元碩生技聯合創辦人,"妳忙著照顧孩子，誰來照顧妳？
如果不是老公，那這段婚姻到底圖什麼？",2025/6/14 21:45,世界保持善良,產後憂鬱,business,
wade.uni,顏宗慶 韋德｜元碩生技聯合創辦人,"老公們，當你說「我幫妳」，
她的心裡其實在想：「這是你也該做的。」",2025/6/14 17:33,世界保持善良,產後憂鬱,business,
wade.uni,顏宗慶 韋德｜元碩生技聯合創辦人,"在育兒的過程中，有時候最讓人心酸的，不是孩子鬧、不是睡不飽，而是看到一個媽媽在忍不住落淚的時候，還要被誤解成「太敏感」、「太情緒化」、「想太多」。
但其實她的眼淚，不是因為她脆弱，而是因為這個社會對媽媽的期待太高、標準太嚴苛，卻給的理解與支持太少。",2025/6/14 10:20,世界保持善良,產後憂鬱,business,
wade.uni,顏宗慶 韋德｜元碩生技聯合創辦人,"會帶小孩不代表就是好老公，因為
她不是需要你幫忙，而是希望你主動參與。",2025/6/13 23:01,世界保持善良,產後憂鬱,business,
wade.uni,顏宗慶 韋德｜元碩生技聯合創辦人,"最該被抱緊的，從來不是孩子，是她。
孩子再吵她都能耐住，卻對你一句話崩潰，因為她更在乎你。",2025/6/13 15:02,世界保持善良,產後憂鬱,business,
wade.uni,顏宗慶 韋德｜元碩生技聯合創辦人,"原來「夫妻」這兩個字，
婚姻裡最怕的不是吵架，是我們都不再開口說真話。",2025/6/13 10:14,世界保持善良,產後憂鬱,business,
wade.uni,顏宗慶 韋德｜元碩生技聯合創辦人,"當爸以後才懂的一件事：
你陪孩子十分鐘，她能記得你一整天的好。",2025/6/12 21:00,世界保持善良,產後憂鬱,business,
wade.uni,顏宗慶 韋德｜元碩生技聯合創辦人,"她不是變了，
她只是累了、撐太久了、不想再自己消化情緒了。
她沒有要求你改變世界，
她只是希望你能站在她這邊。",2025/6/12 17:32,世界保持善良,產後憂鬱,business,
wade.uni,顏宗慶 韋德｜元碩生技聯合創辦人,"我們總是第一時間接住孩子的哭，
但她的眼神低落，卻常被我們當成情緒化。
當一個老公真正長大，
是從不再輕看太太的委屈開始的。",2025/6/12 13:11,世界保持善良,產後憂鬱,business,
wade.uni,顏宗慶 韋德｜元碩生技聯合創辦人,"太太不是需要你「幫忙帶小孩」，
她需要的是：你是這個家的「共同父母」。
做得好不是加分，是你本來就該有的分。
家庭不是分工，是同心。",2025/6/11 20:06,世界保持善良,產後憂鬱,business,
wade.uni,顏宗慶 韋德｜元碩生技聯合創辦人,"當爸以後才懂的一件事：
帶小孩是基本，帶太太的情緒才是進階。
因為她的撐，不是理所當然，
而是因為她相信你撐得住她的委屈。",2025/6/11 15:37,世界保持善良,產後憂鬱,business,
wade.uni,顏宗慶 韋德｜元碩生技聯合創辦人,"當爸以後才懂的一件事：
不是你多愛小孩，太太就會覺得被愛。
她更想聽到的，是你怎麼看她。
這個家，不是她和孩子，是我們仨。",2025/6/11 11:57,世界保持善良,產後憂鬱,business,
wade.uni,顏宗慶 韋德｜元碩生技聯合創辦人,"最近跟媽媽們聊天，探討要幾歲給孩子手機。
以前我國小就有手機了，但是現在網路霸凌嚴重到很多小朋友從小就有憂鬱症和嚴重焦慮，做父母的該怎麼做？
不給好像又過度保護，給了又會擔心。
媽的！這世界可以友善一點嗎？",2025/6/5 21:15,世界保持善良,產後憂鬱,business,
ruby_.o817,姵昕,"產後憂鬱陪伴師
有想做的媽媽們嗎
工作內容
生育後的焦慮陪伴
傾聽這些媽媽心裡最深處的聲音
日常支持話題
可兼職可全職
有興趣底下留言或是直接私訊我",2026/1/14 09:50,被女兒折騰10個月的寶媽,產後憂鬱,business,
ruby_.o817,姵昕,"產後憂鬱陪伴師
有想做的媽媽們嗎
工作內容
生育後的焦慮陪伴
傾聽這些媽媽心裡最深處的聲音
日常支持話題
可兼職可全職
有興趣底下留言或是直接私訊我",2026/1/12 09:35,被女兒折騰10個月的寶媽,產後憂鬱,business,
ruby_.o817,姵昕,"產後憂鬱陪伴師
有想做的媽媽們嗎
工作內容
生育後的焦慮陪伴
傾聽這些媽媽心裡最深處的聲音
日常支持話題
可兼職可全職
有興趣底下留言或是直接私訊我",2026/1/11 12:19,被女兒折騰10個月的寶媽,產後憂鬱,business,
ruby_.o817,姵昕,"產後憂鬱陪伴師
有想做的媽媽們嗎
工作內容
生育後的焦慮陪伴
傾聽這些媽媽心裡最深處的聲音
日常支持話題
可兼職可全職
有興趣底下留言或是直接私訊我",2026/1/10 12:41,被女兒折騰10個月的寶媽,產後憂鬱,business,
ruby_.o817,姵昕,"產後憂鬱陪伴師
有想做的媽媽們嗎
工作內容
生育後的焦慮陪伴
傾聽這些媽媽心裡最深處的聲音
日常支持話題
可兼職可全職
有興趣底下留言或是直接私訊我",2026/1/9 12:57,被女兒折騰10個月的寶媽,產後憂鬱,business,
ruby_.o817,姵昕,這種肥肥短短的腳怎麼能夠不吸爆牠,2026/1/6 20:03,被女兒折騰10個月的寶媽,產後憂鬱,business,
ruby_.o817,姵昕,都有沐浴乳口味了 那來一個乳液口味的不為過吧😏,2026/1/5 17:55,被女兒折騰10個月的寶媽,產後憂鬱,business,
dudu510088,Dudu,"各位媽媽們
你們都怎麼度過產後憂鬱?
最近常常突然想哭或是突然落淚
覺得好像失去了所有沒了自己
看著寶寶覺得好可愛，好愛她
但有時她的哭聲又可以讓我很抓狂
充滿矛盾與複雜的思緒情緒
就得自己掉入一個黑洞
不斷在裡面轉圈被困住了
先生想帶我去看身心科
但我覺得只是產後賀爾蒙作祟
因為我有在餵母奶，所以不想吃藥
但.....我真的真的想趕快好起來 真的...",2026/1/6 13:27,,產後憂鬱,not_enough_posts,
ann.y_______,ann.y_______,"剛剛看到有篇文在討論產後憂鬱
底下有一個人說：憂鬱就不要生啊
要不要再回去看一下產後憂鬱這四個字啊老哥",2025/12/30 12:37,,產後憂鬱,not_enough_posts,
ann.y_______,ann.y_______,兩個字 超噁,2025/12/27 21:48,,產後憂鬱,not_enough_posts,
9yuxzs,.,"對不起
我有跟亞洲父母講話就有躁鬱症的毛病",2025/10/24 23:16,卷死你們,躁鬱症,pass,
9yuxzs,.,這個世界真的好不公平,2025/10/24 15:21,卷死你們,躁鬱症,pass,
9yuxzs,.,"這次冬天
終於不是每次看別人放閃的單身狗了",2025/10/24 11:09,卷死你們,躁鬱症,pass,
9yuxzs,.,"這次的冬天
你和我",2025/10/21 21:24,卷死你們,躁鬱症,pass,
9yuxzs,.,想太多會毀了自己 順其自然吧,2025/10/19 17:19,卷死你們,躁鬱症,pass,
9yuxzs,.,時間沖淡了一切,2025/10/19 11:54,卷死你們,躁鬱症,pass,
9yuxzs,.,太多人分手讓我有點害怕,2025/10/19 10:55,卷死你們,躁鬱症,pass,
9yuxzs,.,"沒有天生兩個合適的人 
只有不斷互遷就的兩顆心",2025/10/18 09:10,卷死你們,躁鬱症,pass,
9yuxzs,.,如果注定要分開 那相遇的意義是什麼,2025/10/17 21:23,卷死你們,躁鬱症,pass,
9yuxzs,.,"我曾非常爱你 我离开你并不感到幸福
可幸福并不是必需品 并非需要幸福才能重新开始",2025/10/17 21:14,卷死你們,躁鬱症,pass,
9yuxzs,.,"后来 我不在执着我们的分别
也许未来我们能成为彼此轻描淡写的一页吧",2025/10/17 21:11,卷死你們,躁鬱症,pass,
9yuxzs,.,活的太清醒未必是好事,2025/10/17 18:11,卷死你們,躁鬱症,pass,
9yuxzs,.,我不知道我在心情不好什麼,2025/10/17 17:50,卷死你們,躁鬱症,pass,
9yuxzs,.,請問我談戀愛是談心酸的嗎,2025/10/17 17:08,卷死你們,躁鬱症,pass,
9yuxzs,.,"幸福其實很簡單
只是我太悲觀 自卑 焦慮 內耗 不自信 敏感多疑 沒安全感",2025/10/16 21:57,卷死你們,躁鬱症,pass,
9yuxzs,.,"我渴望有人能看清我 再擁抱我
 又害怕被別人看清 真可笑",2025/10/16 21:53,卷死你們,躁鬱症,pass,
9yuxzs,.,幸福就像中了彩票一樣,2025/10/16 16:38,卷死你們,躁鬱症,pass,
9yuxzs,.,我信你一次又一次 而你呢 究竟騙我多少了,2025/10/16 16:35,卷死你們,躁鬱症,pass,
9yuxzs,.,愛與不愛真的很明顯,2025/10/16 16:31,卷死你們,躁鬱症,pass,
9yuxzs,.,前任 謝謝你讓我成長很多,2025/10/16 16:28,卷死你們,躁鬱症,pass,
9yuxzs,.,回憶裡的你 真的很好很好,2025/10/16 16:14,卷死你們,躁鬱症,pass,
9yuxzs,.,我從來不是你的唯一,2025/10/16 16:04,卷死你們,躁鬱症,pass,
9yuxzs,.,時間是最好的解藥,2025/10/15 22:29,卷死你們,躁鬱症,pass,
9yuxzs,.,就讓時間解決我們吧,2025/10/15 22:28,卷死你們,躁鬱症,pass,
9yuxzs,.,當初是你先喜歡上我的 最後拋棄我的也是你的,2025/10/15 22:27,卷死你們,躁鬱症,pass,
9yuxzs,.,我一直活在過去 我也想向前看啊 你當我不想嗎,2025/10/15 22:19,卷死你們,躁鬱症,pass,
9yuxzs,.,我原諒不了過去的自己,2025/10/15 22:19,卷死你們,躁鬱症,pass,
9yuxzs,.,愛的最高境界是 希望你幸福,2025/10/15 22:18,卷死你們,躁鬱症,pass,
9yuxzs,.,我也會懷念啊 但我不後悔 不回頭,2025/10/15 22:18,卷死你們,躁鬱症,pass,
9yuxzs,.,我假裝不在意 其實關於你的一切我都不捨,2025/10/15 22:17,卷死你們,躁鬱症,pass,
9yuxzs,.,後來 我搞不清楚 究竟是執念還是愛了,2025/10/15 22:16,卷死你們,躁鬱症,pass,
9yuxzs,.,回憶裡的他 無人能敵,2025/10/15 22:13,卷死你們,躁鬱症,pass,
9yuxzs,.,"看著身邊的人一個接著一個幸福 
我時常在想我什麼時候才會也這樣呢",2025/10/15 22:13,卷死你們,躁鬱症,pass,
9yuxzs,.,下雨天像是那些從未說出口的思念,2025/10/15 22:05,卷死你們,躁鬱症,pass,
9yuxzs,.,憑什麼你能轉身回到原本生活 而我卻要死要活的,2025/10/15 22:03,卷死你們,躁鬱症,pass,
9yuxzs,.,遇見你 或許花光我所有運氣吧,2025/10/15 21:53,卷死你們,躁鬱症,pass,
9yuxzs,.,回憶像懲罰念舊的人,2025/10/15 21:44,卷死你們,躁鬱症,pass,
9yuxzs,.,要不是喜歡你 誰會一直盯著手機看啊,2025/10/15 21:12,卷死你們,躁鬱症,pass,
9yuxzs,.,那年你就像一隻蝴蝶飛進了我的視線 自此 我的世界全是你,2025/10/15 21:00,卷死你們,躁鬱症,pass,
9yuxzs,.,"在陸抖看到一句很喜歡的話
''我存在的意義 就是為了接住你的眼淚""'",2025/10/14 19:36,卷死你們,躁鬱症,pass,
9yuxzs,.,"別暈了
他根本不喜歡你",2025/10/14 17:44,卷死你們,躁鬱症,pass,
9yuxzs,.,真的好討厭自己的敏感多疑,2025/10/12 15:52,卷死你們,躁鬱症,pass,
9yuxzs,.,我總是不能活在當下。,2025/10/12 15:46,卷死你們,躁鬱症,pass,
yiliukong,三留𓆟 𓈒𓏸,每次看到很有自信的人都忍不住想，他是天生的還是他的躁鬱症躁期特別長,2026/1/8 03:37,"動漫迷分散過剩分享慾之地兼樹洞
偶爾畫畫，原創為主
喜歡講一些BL
五行缺金，命中缺德，時常發瘋，擅長丟臉，親友勿認",躁鬱症,pass,
yiliukong,三留𓆟 𓈒𓏸,到了一個年紀看到那些藝人還是演員都不太在意臉是怎樣，都在看髮際線還有頭髮蓬鬆程度想著那是如何做到的,2026/1/1 18:34,"動漫迷分散過剩分享慾之地兼樹洞
偶爾畫畫，原創為主
喜歡講一些BL
五行缺金，命中缺德，時常發瘋，擅長丟臉，親友勿認",躁鬱症,pass,
yiliukong,三留𓆟 𓈒𓏸,現在好了，有錢人不作奸犯科反而可以被表揚了，好像他們原本就有資格十惡不赦一樣,2025/12/31 16:56,"動漫迷分散過剩分享慾之地兼樹洞
偶爾畫畫，原創為主
喜歡講一些BL
五行缺金，命中缺德，時常發瘋，擅長丟臉，親友勿認",躁鬱症,pass,
yiliukong,三留𓆟 𓈒𓏸,一些繪圖進步比較圖看起來只是沒畫完vs 有畫完,2025/12/31 15:47,"動漫迷分散過剩分享慾之地兼樹洞
偶爾畫畫，原創為主
喜歡講一些BL
五行缺金，命中缺德，時常發瘋，擅長丟臉，親友勿認",躁鬱症,pass,
yiliukong,三留𓆟 𓈒𓏸,BL漫畫他們怎麼誇張ㄉ打砲我好像反而還好，可能太超現實反而有種「嗯嗯這就是漫畫嘛！」而且性生活是跟我絲毫沾不上邊的，也可以說是毫無關係⋯⋯ㄏㄏ（為什麼就對工作那麼敏感呢？還不是一把年紀還找不到像樣的工作，怎麼就沒辦法把這一塊也想成超現實的部分呢，我不知道呀！,2025/12/31 03:37,"動漫迷分散過剩分享慾之地兼樹洞
偶爾畫畫，原創為主
喜歡講一些BL
五行缺金，命中缺德，時常發瘋，擅長丟臉，親友勿認",躁鬱症,pass,
yiliukong,三留𓆟 𓈒𓏸,我討厭戀愛漫畫用最後有沒有得到男主角的愛來決定女角是輸還是贏，然後之後大家討論到該女角只會說她是輸家還是贏家,2025/12/31 03:04,"動漫迷分散過剩分享慾之地兼樹洞
偶爾畫畫，原創為主
喜歡講一些BL
五行缺金，命中缺德，時常發瘋，擅長丟臉，親友勿認",躁鬱症,pass,
yiliukong,三留𓆟 𓈒𓏸,"每次別人截他手機好笑的東西給我看
我都先注意他手機剩幾趴電",2025/12/30 16:03,"動漫迷分散過剩分享慾之地兼樹洞
偶爾畫畫，原創為主
喜歡講一些BL
五行缺金，命中缺德，時常發瘋，擅長丟臉，親友勿認",躁鬱症,pass,
yiliukong,三留𓆟 𓈒𓏸,"小時候看BL：哇我看男銅杏練！禁斷！悖德！！
現在看BL：這個角色為什麼這麼年輕就能找到正式工作？",2025/12/29 17:35,"動漫迷分散過剩分享慾之地兼樹洞
偶爾畫畫，原創為主
喜歡講一些BL
五行缺金，命中缺德，時常發瘋，擅長丟臉，親友勿認",躁鬱症,pass,
yiliukong,三留𓆟 𓈒𓏸,誰能懂我就喜歡特別那種普通清秀小家碧玉的男孩一點也不明白自己垂下眼簾時顫動的睫毛說話時勾一下耳畔的髮絲或是舔一下乾燥的下唇時是散發著多大的魅力大美人是美人難免像天上的月亮只能盼望但是這樣的男孩才是我心目中的頂級魅魔⋯⋯（以下省略千餘字）,2025/12/29 15:59,"動漫迷分散過剩分享慾之地兼樹洞
偶爾畫畫，原創為主
喜歡講一些BL
五行缺金，命中缺德，時常發瘋，擅長丟臉，親友勿認",躁鬱症,pass,
yiliukong,三留𓆟 𓈒𓏸,"已經過了一個年紀覺得畫畫就是謝玉道具 就是讓自己可以為所欲為
今天我要多嬤這個角色公的畫成母的也沒人可以阻攔我",2025/12/28 03:07,"動漫迷分散過剩分享慾之地兼樹洞
偶爾畫畫，原創為主
喜歡講一些BL
五行缺金，命中缺德，時常發瘋，擅長丟臉，親友勿認",躁鬱症,pass,
yiliukong,三留𓆟 𓈒𓏸,"每次看到「手撕渣男」的用法
我都覺得渣男是711賣的金磚吐司",2025/12/27 23:44,"動漫迷分散過剩分享慾之地兼樹洞
偶爾畫畫，原創為主
喜歡講一些BL
五行缺金，命中缺德，時常發瘋，擅長丟臉，親友勿認",躁鬱症,pass,
yiliukong,三留𓆟 𓈒𓏸,"世上有各種美麗的旋律等待人聆聽欣賞
也是我無限重複播放：",2025/12/27 21:28,"動漫迷分散過剩分享慾之地兼樹洞
偶爾畫畫，原創為主
喜歡講一些BL
五行缺金，命中缺德，時常發瘋，擅長丟臉，親友勿認",躁鬱症,pass,
yiliukong,三留𓆟 𓈒𓏸,"不會特別意識自己看的作品老不老，我是第一次閱讀對我來說它就是新的
只有在想找資源都找不到啥東西的時候才會意識到哦好像真的蠻不流行的（委婉）",2025/12/27 21:16,"動漫迷分散過剩分享慾之地兼樹洞
偶爾畫畫，原創為主
喜歡講一些BL
五行缺金，命中缺德，時常發瘋，擅長丟臉，親友勿認",躁鬱症,pass,
yiliukong,三留𓆟 𓈒𓏸,"焙茶要唸焙茶還是焙茶的問題
我腦袋都是變身國王後半段庫斯德變成烏龜走很慢的時候說的那句「貝查～幫幫忙～～」（老摳摳腔）",2025/12/27 19:34,"動漫迷分散過剩分享慾之地兼樹洞
偶爾畫畫，原創為主
喜歡講一些BL
五行缺金，命中缺德，時常發瘋，擅長丟臉，親友勿認",躁鬱症,pass,
yiliukong,三留𓆟 𓈒𓏸,"我宣佈世界上最不會放棄我的人就是空中美語
從我走出基測（歷史名詞）考場
不小心跟工讀生填了手機 
換了五包面紙那天開始
到我現在都出社會了還在打電話給我",2025/12/27 03:43,"動漫迷分散過剩分享慾之地兼樹洞
偶爾畫畫，原創為主
喜歡講一些BL
五行缺金，命中缺德，時常發瘋，擅長丟臉，親友勿認",躁鬱症,pass,
yiliukong,三留𓆟 𓈒𓏸,"雷D⋯⋯
⋯⋯南部陳我想看就要自己畫？ㄉㄟˋ",2025/12/27 03:32,"動漫迷分散過剩分享慾之地兼樹洞
偶爾畫畫，原創為主
喜歡講一些BL
五行缺金，命中缺德，時常發瘋，擅長丟臉，親友勿認",躁鬱症,pass,
yiliukong,三留𓆟 𓈒𓏸,聽到片尾的派對動物其實覺得音樂本身還能接受至少有remix 過（閉上眼睛重溫了一下國高中畢旅邪教一樣的晚會）單純不爽泉州樂團賺錢而已,2025/12/27 00:16,"動漫迷分散過剩分享慾之地兼樹洞
偶爾畫畫，原創為主
喜歡講一些BL
五行缺金，命中缺德，時常發瘋，擅長丟臉，親友勿認",躁鬱症,pass,
yiliukong,三留𓆟 𓈒𓏸,以前第一本奇諾之旅就是在文心諾貝爾買的，那時候還看不懂羅馬數字第一本好像買到第四集吧（還好都是一篇一篇的😅）,2025/12/26 20:42,"動漫迷分散過剩分享慾之地兼樹洞
偶爾畫畫，原創為主
喜歡講一些BL
五行缺金，命中缺德，時常發瘋，擅長丟臉，親友勿認",躁鬱症,pass,
yiliukong,三留𓆟 𓈒𓏸,"截一堆夫妻吵架三不五時拿出來回味
第一張斷章取義像質疑老婆出軌一樣（刑警先生一手可以抓住伯爵ㄉ手腕⋯ㄏㄏㄏ（神金",2025/12/26 15:59,"動漫迷分散過剩分享慾之地兼樹洞
偶爾畫畫，原創為主
喜歡講一些BL
五行缺金，命中缺德，時常發瘋，擅長丟臉，親友勿認",躁鬱症,pass,
yiliukong,三留𓆟 𓈒𓏸,"有幸入手內田善美老師的畫集，每一幅都精緻又美麗，特別有那個年代獨有的古典細膩，怎麼這麼會畫畫呢！
（選自1978出版的《聖パンプキンの呪文》&1979出版的《白雪姫幻想》）",2025/12/26 00:32,"動漫迷分散過剩分享慾之地兼樹洞
偶爾畫畫，原創為主
喜歡講一些BL
五行缺金，命中缺德，時常發瘋，擅長丟臉，親友勿認",躁鬱症,pass,
yiliukong,三留𓆟 𓈒𓏸,"封面的伯爵：端莊、美麗、優雅⋯⋯
結果書裡面常常在生氣 萌死！（主要是對他男朋友）（男朋友我說的）",2025/12/25 22:10,"動漫迷分散過剩分享慾之地兼樹洞
偶爾畫畫，原創為主
喜歡講一些BL
五行缺金，命中缺德，時常發瘋，擅長丟臉，親友勿認",躁鬱症,pass,
yiliukong,三留𓆟 𓈒𓏸,"是什麼耽誤我的人生 
點開下一步侯綠蘿幹片",2025/12/25 19:37,"動漫迷分散過剩分享慾之地兼樹洞
偶爾畫畫，原創為主
喜歡講一些BL
五行缺金，命中缺德，時常發瘋，擅長丟臉，親友勿認",躁鬱症,pass,
bear_0706,Bearrrrrrrr,那種很吵很愛發瘋的女生通常都有躁鬱症,2024/12/3 14:28,"𝟙𝟡𝟛𝕔𝕞
Threads情感導師
我會出現在每個留言
然後我不是gay",躁鬱症,business,
bear_0706,Bearrrrrrrr,你會一直活網是因為這個冬天沒人跟你抱睡,2024/11/28 20:53,"𝟙𝟡𝟛𝕔𝕞
Threads情感導師
我會出現在每個留言
然後我不是gay",躁鬱症,business,
bear_0706,Bearrrrrrrr,不管等等我們怎麼爭吵 別忘了我很愛你,2024/11/26 17:11,"𝟙𝟡𝟛𝕔𝕞
Threads情感導師
我會出現在每個留言
然後我不是gay",躁鬱症,business,
bear_0706,Bearrrrrrrr,"在麻將館上班的趣事：
客人為了閃槍牌 把三條索性帶回家",2024/11/22 17:20,"𝟙𝟡𝟛𝕔𝕞
Threads情感導師
我會出現在每個留言
然後我不是gay",躁鬱症,business,
bear_0706,Bearrrrrrrr,朋友都想跟我的手交往 我的手真的很好看嗎,2024/11/19 23:37,"𝟙𝟡𝟛𝕔𝕞
Threads情感導師
我會出現在每個留言
然後我不是gay",躁鬱症,business,
ppp.yann,ppp.yann,"好煩躁
不知道為什麼
但是很煩躁
又看了書蟲公主怎麼差點哭出來
今天睡完午覺後就變得特別有精神
還在那邊跳舞
卻突然發現
會不會這就是自己的疑似躁鬱症",2025/11/5 17:07,分享一些讓我覺得我就是為了這個瞬間活下來的片段,躁鬱症,pass,
ppp.yann,ppp.yann,只是漂亮而已,2025/11/5 16:14,分享一些讓我覺得我就是為了這個瞬間活下來的片段,躁鬱症,pass,
ppp.yann,ppp.yann,"之前跟我的刺青師聊天
他說滿月會對我們有影響
讓我們受到影響
其實我們都是狼人喔
所以如果如果明天特別巨大自己心情不好
狀況不好
那都要怪月圓
而且說我是狼人讓我感覺很好哈哈哈
很喜歡我的刺青師 @香蕉因子",2025/11/4 21:40,分享一些讓我覺得我就是為了這個瞬間活下來的片段,躁鬱症,pass,
ppp.yann,ppp.yann,"今天上課的時候
下課想說小睡一下
結果直接從第一節下課睡到快第三節下課
我的第一個反應是傻眼自己怎麼睡那麼久
然後開始覺得有點難過
有點自責的感覺
自己應該要可以在聽到學校鈴聲時起床
結果我直接睡死
但有想到諮商師說的話
-
以上為剛剛情緒來的時候打的
現在不知道要打什麼但還是想發出來",2025/11/4 21:34,分享一些讓我覺得我就是為了這個瞬間活下來的片段,躁鬱症,pass,
ppp.yann,ppp.yann,這是今天療癒我的東西,2025/11/4 18:38,分享一些讓我覺得我就是為了這個瞬間活下來的片段,躁鬱症,pass,
ppp.yann,ppp.yann,"因為天氣變化
狀況變嚴重
醫生也幫我調整用藥 （加重藥量晚上7顆早上3顆
去看海的這天大概是我開始吃調整後的藥後的第三天
我的內心很平靜
好像之前會覺得感動會發自內心感嘆的美麗都消失了
之前看海是因為覺得看海會讓我平靜
所以喜歡看海
但是那天的我看著海居然是覺得喜歡自己的感情情緒能夠跟海浪一樣翻滾
好矛盾喔
難道像這樣內心沒什麼波瀾
只有在特殊時刻的時候才會有起伏的情緒才是正常的嗎
我不知道正常人或是普通人或是普遍的人平常都在想什麼
我沒有經歷過 沒有辦法了解",2025/11/3 12:38,分享一些讓我覺得我就是為了這個瞬間活下來的片段,躁鬱症,pass,
ppp.yann,ppp.yann,貓咪是我的寶寶,2025/11/3 12:31,分享一些讓我覺得我就是為了這個瞬間活下來的片段,躁鬱症,pass,
ppp.yann,ppp.yann,"我弟弟妹妹都不知道是誰刺的
我決定把它當成他們兩個的代表角色
不知道有哪裡可以讓我刺這種小小醜醜的東西",2025/11/2 15:40,分享一些讓我覺得我就是為了這個瞬間活下來的片段,躁鬱症,pass,
ppp.yann,ppp.yann,"最近愛上用dazz 拍
特別有味道",2025/11/2 15:36,分享一些讓我覺得我就是為了這個瞬間活下來的片段,躁鬱症,pass,
ppp.yann,ppp.yann,"愛仙會
雖然我是植物黑手 但🍔很喜歡
所以我也跟著一起來開拓眼界
🍔還成功放硬幣到水裡的杯子超級厲害
一次就中",2025/11/1 12:44,分享一些讓我覺得我就是為了這個瞬間活下來的片段,躁鬱症,pass,
ppp.yann,ppp.yann,"發現自己不喜歡鬍子碰碰
他讓太好了會讓自己受傷
我更想當嘎哈哈
但仔細思考後
因為我平常很會把自己帶入到各種角色內
所以我覺得鬍子碰碰這樣做
跟我一樣 想要幫助每一個人
即使自己會受傷會淋濕
我不喜歡這樣
我想可以照顧好自己",2025/10/31 22:57,分享一些讓我覺得我就是為了這個瞬間活下來的片段,躁鬱症,pass,
ppp.yann,ppp.yann,"現在每個禮拜回家
最重要必須得帶到的就是藥了
其他沒帶到都好說
只有藥會讓你重回地獄
也會讓自己覺得自己是不是離不開藥了",2025/10/31 21:58,分享一些讓我覺得我就是為了這個瞬間活下來的片段,躁鬱症,pass,
ppp.yann,ppp.yann,秋天的葉子,2025/10/31 13:20,分享一些讓我覺得我就是為了這個瞬間活下來的片段,躁鬱症,pass,
ppp.yann,ppp.yann,"很喜歡阿陽
他就是一個cool man
他的每個步驟都出乎我意料之外
都會給我滿滿的驚喜感
酷哥阿陽",2025/10/31 12:40,分享一些讓我覺得我就是為了這個瞬間活下來的片段,躁鬱症,pass,
ppp.yann,ppp.yann,"最近的興趣是
如果下午有空 天氣很好
就會去樓頂鋪野餐墊躺著看天空聽音樂
而且我越來越會收野餐墊了",2025/10/30 19:45,分享一些讓我覺得我就是為了這個瞬間活下來的片段,躁鬱症,pass,
ppp.yann,ppp.yann,"今天去看了炸雞狗狗的展覽
才知道炸雞狗狗的誕生是因為想要繼續帶著他去旅行
看懂的那個當下覺得好溫暖
還看到很多炸雞狗狗的娃娃出門玩的照片
無法想像我們家貓咪如果離開我們
我們能不能像他一樣堅強",2025/10/30 19:43,分享一些讓我覺得我就是為了這個瞬間活下來的片段,躁鬱症,pass,
ppp.yann,ppp.yann,"今天的太陽很大很耀眼
照在樹上很美",2025/10/30 11:20,分享一些讓我覺得我就是為了這個瞬間活下來的片段,躁鬱症,pass,
ppp.yann,ppp.yann,"跟大家分享這個帳號
可以更認識憂鬱症是什麼
也可以知道如何去幫助身邊的人
我也是自己確診後才去認真了解
這個病究竟是發生什麼事
希望能讓更多人去了解
多一點了解 少一點害怕
instagram.com/depre…",2025/10/30 00:19,分享一些讓我覺得我就是為了這個瞬間活下來的片段,躁鬱症,pass,
ppp.yann,ppp.yann,今天診所外面的漂亮小花花 雞蛋花,2025/10/29 23:01,分享一些讓我覺得我就是為了這個瞬間活下來的片段,躁鬱症,pass,
shiro.997321,しろ,"大家好 我114/1/16開始看身心科
確診憂鬱症 伴有幻覺解離
114/12/18確診躁鬱症 伴有幻覺解離
住院*2
急診*5
可能會很負面 紀錄看醫生的對話 或抒發心情
14歲 想交病友 歡迎交友",2026/1/7 19:40,"114/1/16 看身心科
114 1月確診中度憂鬱
114 12/18確診躁鬱症
14歲 國二生
幻聽 幻覺 解離 創傷反應",躁鬱症,not_enough_posts,
themindplace22,The Mind Place,"你知道嗎？
在台灣，重度憂鬱、躁鬱症、恐慌症患者中，
有超過一半的人，因為經濟壓力，選擇「不治療」
而我們，選擇撐起這一塊。
我們是一間剛起步的心理諮商所，創辦人是一位基督徒
專門接住那些「真的付不出行情價」但急需幫助的個案
我們做的，是逆風而行。
不是為了賺快錢，而是為了讓你知道 😊
如果你撐不下去了，不會因為你沒錢就拒絕你。
低於行情價，仍堅持提供專業與溫度。
心理健康不該是奢侈品｜公益諮商｜Threads心理師
❤️💚💙 🧡
對此文章有感動的請幫我們 ➜ 【讚＋追蹤】
希望我們也能回追的，歡迎請告知，我們一起努力努力💪",2025/7/3 15:47,"☕️ 情緒安置站 🌿 身心修復所
賣的不是咖啡，但比咖啡還安心
心理關懷 X 自我療癒X日常陪伴
諮商｜飲食｜藝術｜植栽｜旅行",躁鬱症,business,
themindplace22,The Mind Place,"Day 1 催眠引導
反饋：
催眠時，我走進自己想像中的房子
一間間整理，最後跟我的內在小孩和解
我突然理解，過去這些年我不是不夠好
只是沒有好好照顧心理那個被遺忘的..
「自己」
治療過程：
感受到一股高頻能量進入到體內
氣流通過全身直到末梢
感覺到血液在流動
腦袋雜音變少
沈重的身體變輕了」」
｜由非藥物性的身心靈療癒方式
適用與傳統治療做搭配，倆倆目前沒有
做這一方面的服務。
倆倆主要以：
諮商＋植物治療＋藝術治療為主",2025/7/3 15:00,"☕️ 情緒安置站 🌿 身心修復所
賣的不是咖啡，但比咖啡還安心
心理關懷 X 自我療癒X日常陪伴
諮商｜飲食｜藝術｜植栽｜旅行",躁鬱症,business,
themindplace22,The Mind Place,"當重鬱＋躁鬱全壘打時｜
她原本打算在週日
凌晨結束自己的人生
那是一個不眠的夜晚
半夜收到來自一位漂亮女孩的簡訊
她告訴我：「我真的受夠，想跳了。」
人生最崩潰邊緣，來的毫無預警。
她站在高樓邊緣，看著世界靜默
腦中浮現人生走馬燈。
她以為自己再也撐不下去，在那10秒的
對話，人生回放，讓她忽然意識到：
原來人生最糟糕就是現在這個狀態
我一跳就沒感覺了，我還有事情還沒做
那些我愛與愛我的人怎麼辦？
於是她緩緩走下來
按照指示躺在客廳的木椅上
當凌晨快五點的陽光穿過窗戶
撒在她的臉上與手臂上時...
她流著臉淚說：
我可以感受到皮膚的溫度
以及空氣的流動
直至....
終於感覺
「自己還在」的真實存在感
▶ 接觸個案：3個月
接此案時已有2年的精神科介入
目前已經與醫師配合降低藥劑量
協助此個案能夠正常與生活接軌",2025/7/3 14:47,"☕️ 情緒安置站 🌿 身心修復所
賣的不是咖啡，但比咖啡還安心
心理關懷 X 自我療癒X日常陪伴
諮商｜飲食｜藝術｜植栽｜旅行",躁鬱症,business,
themindplace22,The Mind Place,"🔮 你是哪一種「心靈療癒人格」？
只要選出最像你的選項，就能看見你的內在療癒力量！
▶ 當你覺得情緒很滿、心裡很累時，你最想做的事情是？
A. 安靜地觀察自己，寫下感受或默默流淚
B. 找一個信任的人好好傾訴、聊聊天
C. 看電影、畫畫或寫字，讓情緒流動
D. 散步、種植物、收拾空間，讓身心安定下來
➜ 留言你的答案，我們會在社團裡公布你的專屬解答
限時好康｜前50位按讚者將抽出20名，獲得倆倆課程7折優惠券！
立即留言＋點連結加入社團，療癒之路從這裡開始 🌿
facebook.com/share…",2025/6/27 19:00,"☕️ 情緒安置站 🌿 身心修復所
賣的不是咖啡，但比咖啡還安心
心理關懷 X 自我療癒X日常陪伴
諮商｜飲食｜藝術｜植栽｜旅行",躁鬱症,business,
parper_crane,梓年,"如果可以的話 我希望自己得的是絕症 
而不是心理疾病 這該死的躁鬱症
我治不好了 也不想治了 怎麼辦",2026/1/16 02:39,"ISFJ
矛盾個體。
應該會每天發一篇？
錯了是一天好幾條 活網人
24小時常駐",雙相情緒障礙,pass,
parper_crane,梓年,"看見一組文案
“我遇見了一個原生家庭不好的女孩 
我心疼她 想給她幸福”
我覺得這一點都不真實
實際上只會被各種指責 不被理解
不會得到幸福 至少我沒有
在說我自己
遇見的那個人沒有被我拉進深淵
就已經不錯了
不會有人心疼我
我不想要天天抱怨 我也想要平淡的生活
可是我遇見的事情就是這麼離譜 
就是發生在我身上
想躲都躲不掉
也不會有人去理解我到底發生了什麼
承受了多少痛苦跟委屈
什麼事都得自己扛。",2026/1/9 00:54,"ISFJ
矛盾個體。
應該會每天發一篇？
錯了是一天好幾條 活網人
24小時常駐",雙相情緒障礙,pass,
parper_crane,梓年,"那天去諮商的時候 我突然發現我自己不知道該跟諮商師說什麼 整個談話的過程 我只想知道她對我的印象 由於是最後一次了
她說我好像一直在攻擊自己 一直在檢查自己 迫切的需要得到人家的關注 希望有人關心我 但我好像都會用一個很高的標準去面對 假設有個人朝我走了99歩
只要有一次沒有達到我內心所想或是心中的那個標準 我就會把那99歩視為0
去推開那個人 我不知道自己是怎麼了
我好像也不信任諮商師 我會覺得她在跟我談話的時候說的話 在鼓勵我的時候
是不是真的 我覺得自己沒有那麼好 很糟糕
會不會她在諮商室裡說的是這樣
但其實在寫報告的時候又覺得我是另外一種人 我這樣好像很病態 我很在乎外界的眼光 我渴望從黑暗的房間裡出去 但有人拿鑰匙把門打開的時候 第一步卻是懷疑跟推開
我應該怎麼辦才好",2026/1/8 22:39,"ISFJ
矛盾個體。
應該會每天發一篇？
錯了是一天好幾條 活網人
24小時常駐",雙相情緒障礙,pass,
parper_crane,梓年,"幸福是什麼。好想要
但從來不屬於我。",2026/1/4 06:35,"ISFJ
矛盾個體。
應該會每天發一篇？
錯了是一天好幾條 活網人
24小時常駐",雙相情緒障礙,pass,
zzz_12425,菱,"高敏感人才懂得
「明明只是想說真心話
卻擔心傷到別人
最後只好自己吞下去」",2026/1/15 15:42,"恐慌與憂鬱和焦慮日記 📝
PTSD創傷壓力症候群
記錄小小進步也接住偶爾的低落",PTSD,pass,
zzz_12425,菱,"高敏感人才懂得
「別人隨口說沒關係
我卻花了一整天
在想這到底有沒有關係」",2026/1/14 17:40,"恐慌與憂鬱和焦慮日記 📝
PTSD創傷壓力症候群
記錄小小進步也接住偶爾的低落",PTSD,pass,
zzz_12425,菱,"高敏感人才懂得
「別人可能早就忘了
一句無心的話
我卻在心裡翻來覆去好久」",2026/1/13 16:45,"恐慌與憂鬱和焦慮日記 📝
PTSD創傷壓力症候群
記錄小小進步也接住偶爾的低落",PTSD,pass,
zzz_12425,菱,"高敏感人才懂得
「明明已經很努力了
別人的一句批評
還是會讓心碎一整天」",2026/1/12 16:37,"恐慌與憂鬱和焦慮日記 📝
PTSD創傷壓力症候群
記錄小小進步也接住偶爾的低落",PTSD,pass,
zzz_12425,菱,"恐慌症最可怕的不是害怕
是每一次發作
都要一遍一遍告訴自己
我不會死
#恐慌與憂鬱和焦慮日記",2026/1/11 20:25,"恐慌與憂鬱和焦慮日記 📝
PTSD創傷壓力症候群
記錄小小進步也接住偶爾的低落",PTSD,pass,
zzz_12425,菱,"高敏感人才懂得
「明明很想說出心裡的話
卻怕傷到別人
只好自己默默承受」",2026/1/11 17:49,"恐慌與憂鬱和焦慮日記 📝
PTSD創傷壓力症候群
記錄小小進步也接住偶爾的低落",PTSD,pass,
zzz_12425,菱,"高敏感人才懂得
「很容易被感動
也很容易受傷
卻還是選擇溫柔」",2026/1/11 12:41,"恐慌與憂鬱和焦慮日記 📝
PTSD創傷壓力症候群
記錄小小進步也接住偶爾的低落",PTSD,pass,
zzz_12425,菱,"生病卻不被理解
「你想太多了」
「別這麼脆弱」
他們的每一句話
我都要花很久
才能不那麼痛
#恐慌與憂鬱和焦慮日記",2026/1/10 14:57,"恐慌與憂鬱和焦慮日記 📝
PTSD創傷壓力症候群
記錄小小進步也接住偶爾的低落",PTSD,pass,
zzz_12425,菱,"高敏感人才懂得
「別人一句無心的話
我卻要花
一整個晚上
才能放過自己」",2026/1/9 14:54,"恐慌與憂鬱和焦慮日記 📝
PTSD創傷壓力症候群
記錄小小進步也接住偶爾的低落",PTSD,pass,
zzz_12425,菱,"高敏感人才懂得
「高敏感的人
能接住很多情緒
只是偶爾
也希望被接住」",2026/1/8 14:50,"恐慌與憂鬱和焦慮日記 📝
PTSD創傷壓力症候群
記錄小小進步也接住偶爾的低落",PTSD,pass,
zzz_12425,菱,"PTSD 創傷壓力症候群
「最折磨的不是回想
而是我明明在現在
身體卻活在過去」",2026/1/7 21:16,"恐慌與憂鬱和焦慮日記 📝
PTSD創傷壓力症候群
記錄小小進步也接住偶爾的低落",PTSD,pass,
zzz_12425,菱,"高敏感人才懂得
「高敏感的人
把每個人放在心上
卻常常沒有人
把他放在心上」",2026/1/7 12:01,"恐慌與憂鬱和焦慮日記 📝
PTSD創傷壓力症候群
記錄小小進步也接住偶爾的低落",PTSD,pass,
zzz_12425,菱,"PTSD 創傷壓力症候群
「我以為自己已經走出來了
直到身體告訴我
它還在那裡替我害怕」",2026/1/6 22:25,"恐慌與憂鬱和焦慮日記 📝
PTSD創傷壓力症候群
記錄小小進步也接住偶爾的低落",PTSD,pass,
zzz_12425,菱,"高敏感最討厭的話
「你想太多了」
「沒什麼大不了的」
「別這麼脆弱」
對高敏感的人來說
這些話像一把看不見的刀
我們感受世界比別人深
也承受更多細微的情緒",2026/1/6 12:55,"恐慌與憂鬱和焦慮日記 📝
PTSD創傷壓力症候群
記錄小小進步也接住偶爾的低落",PTSD,pass,
zzz_12425,菱,"高敏感人才懂得
「高敏感的人
總是接住所有人
卻很少有人
真的接住他」",2026/1/5 10:29,"恐慌與憂鬱和焦慮日記 📝
PTSD創傷壓力症候群
記錄小小進步也接住偶爾的低落",PTSD,pass,
zzz_12425,菱,"PTSD 創傷壓力症候群
「我什麼都沒想
心卻先慌了
原來有些傷
根本不需要回憶就會痛
身體比我先記得
那些我以為已經忘了的日子」",2026/1/4 22:52,"恐慌與憂鬱和焦慮日記 📝
PTSD創傷壓力症候群
記錄小小進步也接住偶爾的低落",PTSD,pass,
qing._.9215,南崁ㄌㄣˊ👧,"想問問PTSD的病友們
你們有辦法自己一個人在房間待著嗎
我先說我真的沒辦法…",2025/8/13 00:40,PTSD患者。,PTSD,not_enough_posts,
qing._.9215,南崁ㄌㄣˊ👧,"南崁人集合
龜山的南崁也可以！",2025/8/11 23:58,PTSD患者。,PTSD,not_enough_posts,
zzz_12425,菱,"PTSD 創傷壓力症候群
「有人說時間會治癒一切
但我發現有些傷害
一直留在身體裡」",2026/1/18 20:10,"恐慌與憂鬱和焦慮日記 📝
PTSD創傷壓力症候群
記錄小小進步也接住偶爾的低落",PTSD,pass,
zzz_12425,菱,"高敏感人才懂得
「我知道不用在意
但感受來了
真的很難假裝沒事」",2026/1/18 18:35,"恐慌與憂鬱和焦慮日記 📝
PTSD創傷壓力症候群
記錄小小進步也接住偶爾的低落",PTSD,pass,
zzz_12425,菱,"高敏感人才懂得
「努力撐著不被看見的脆弱
一個不小心的評論
就能讓心碎滿地」",2026/1/17 17:41,"恐慌與憂鬱和焦慮日記 📝
PTSD創傷壓力症候群
記錄小小進步也接住偶爾的低落",PTSD,pass,
zzz_12425,菱,"高敏感人才懂得
「別人已經沒放在心上
我卻還在反省
是不是我哪裡不好」",2026/1/16 16:00,"恐慌與憂鬱和焦慮日記 📝
PTSD創傷壓力症候群
記錄小小進步也接住偶爾的低落",PTSD,pass,
pig_750214,李英杰,"♻️大部分男孩，不善於表達。
而又碰到，女孩也需要被照顧。
妳們覺得彼此該做哪些事情、與該有那些想法，好好維持感情的溫度感呢⁉️
⏰️當妳的另一半事業很忙碌，
（另一半忙碌原因：心裡覺得事業很重要，希望事業穩定後，彼此不用因錢而煩惱。買房、小孩相關的...很多很多..）
❤️妳會希望另一半，為妳做那些事情、要有那些基本想法，維持著感情溫度呢？
1：每週撥出一天，好好獨處保持感情的溫度。
2：身為男人的你，不善表達、對說出愛是害羞的。任何時候想起對方，可以彼此建立知道的暗號，如：數字530、一個文字想，去傳達思念
3：
4：
5：",2025/12/5 07:14,line.me,PTSD,non_life,
pig_750214,李英杰,"有沒有人推薦近期可以純學知識的課程～
或是您正在學得知識，可以分享一下
希望是北部為主，可以是桃園縣市周圍的地區就更好，謝謝",2025/12/3 14:25,line.me,PTSD,non_life,
pig_750214,李英杰,"1️⃣ 情緒價值是什麼？
是指人對某個刺激、事件、物品或經驗所感受到的情緒意義或心理價值。
簡單說，某件事物帶給你的情緒「好壞感受」或心理滿足感。
例子：
收到朋友的鼓勵 → 感到被認同 → 情緒價值正面
被批評 → 感到挫敗 → 情緒價值負面
一件物品雖然貴，但讓你感覺自豪 → 情緒價值高
心理學上，跟 動機、需求、快樂與痛苦 有關，是「人為什麼會想做某件事」的一個核心因素。
2️⃣ 情緒價值的分類
A. 依情緒性質
1. 正向情緒價值
令人愉快、滿足或幸福的感受
例：喜悅、興奮、安心、驕傲
2. 負向情緒價值
令人不舒服、痛苦或焦慮的感受
例：恐懼、憤怒、羞愧、悲傷
B. 依功能與心理需求
心理學家常用「功能導向」來分類：
1. 自我增強型
讓人感覺自我被肯定、能力被認可
例：完成挑戰的成就感、被讚美
2. 社會聯結型
促進人際關係與歸屬感
例：朋友陪伴、團隊合作的滿足感
3. 知識與探索型
帶來學習、成長或新鮮感
例：旅行、嘗試新事物、創意發想的興奮感
4. 避痛型
幫助避免痛苦或負面結果
例：安全感、避免失敗、避免社交尷尬",2025/11/30 10:31,line.me,PTSD,non_life,
pig_750214,李英杰,"未來的路從來不會平坦，
它像森林裡的坡道——
樹影層層、光被藏得很深，
第一眼看起來滿是混亂與不確定。
可你往前走的每一步，
都在重新調整你的視角。
你越不逃避，越能看到那些原本被忽略的美：
葉子的透明、風的方向、
光灑落的速度、甚至自己的呼吸。
人生不是走到光明才會變好，
而是你在陰影裡還願意抬起頭的那一刻起，
你已經開始變得更強。
你會發現：
原來艱難並不是阻礙，
而是雕塑；
原來美不是突然出現，
而是你走著走著，
心慢慢亮了。",2025/11/26 22:38,line.me,PTSD,non_life,
pig_750214,李英杰,"凡事發生都有其意義，
今天發生的一切，
都有助於我成為更強大的自己。",2025/11/25 08:42,line.me,PTSD,non_life,
wi.wiris,wiwi 林依蓁,有憂鬱症是我得不到幸福的理由,2025/11/21 00:49,"wiwi  011
哈嚕啊(●´⌓`●)
這裡是wiwi 的碎碎念小天地",廣泛性焦慮症,pass,
wi.wiris,wiwi 林依蓁,"你都自己一個人了
那就對自己好一點
不要對自己太吝嗇
只有你會把自己擺第一位",2025/11/19 22:45,"wiwi  011
哈嚕啊(●´⌓`●)
這裡是wiwi 的碎碎念小天地",廣泛性焦慮症,pass,
wi.wiris,wiwi 林依蓁,"你不需要去原諒傷害你的人
你要原諒一直責怪自己的你",2025/11/19 16:00,"wiwi  011
哈嚕啊(●´⌓`●)
這裡是wiwi 的碎碎念小天地",廣泛性焦慮症,pass,
wi.wiris,wiwi 林依蓁,"在充滿謊言的世界裡
我還奢望找到什麼真心",2025/11/19 01:39,"wiwi  011
哈嚕啊(●´⌓`●)
這裡是wiwi 的碎碎念小天地",廣泛性焦慮症,pass,
wi.wiris,wiwi 林依蓁,不要讓我覺得自己又做了錯誤的選擇,2025/11/16 23:31,"wiwi  011
哈嚕啊(●´⌓`●)
這裡是wiwi 的碎碎念小天地",廣泛性焦慮症,pass,
wi.wiris,wiwi 林依蓁,"他真的以為裡面會有項鍊
他以為那是隱藏版
我的男朋友跟我一樣笨笨的
但還是很開心",2025/11/14 19:53,"wiwi  011
哈嚕啊(●´⌓`●)
這裡是wiwi 的碎碎念小天地",廣泛性焦慮症,pass,
wi.wiris,wiwi 林依蓁,第一次情人節快樂🤍,2025/11/14 00:03,"wiwi  011
哈嚕啊(●´⌓`●)
這裡是wiwi 的碎碎念小天地",廣泛性焦慮症,pass,
wi.wiris,wiwi 林依蓁,阿嬤！有人帶我去買糖糖了！！！,2025/11/11 23:30,"wiwi  011
哈嚕啊(●´⌓`●)
這裡是wiwi 的碎碎念小天地",廣泛性焦慮症,pass,
wi.wiris,wiwi 林依蓁,"吃不下開始盧男朋朋喂我吃
笑那一下是因為跟隔壁桌的人對視了
很抱歉讓他看到這麼智障的畫面",2025/11/11 23:29,"wiwi  011
哈嚕啊(●´⌓`●)
這裡是wiwi 的碎碎念小天地",廣泛性焦慮症,pass,
cmd_ei,邊緣人看中醫,"自律神經失調的人，特別是交感神經異常亢奮的患者，常常有一個壞習慣，
就是，
硬撐。
往往身體已經很累、受不了了，但還是想強迫自己再撐下去、再努力一點、再多做一點……經過長期的硬撐，身體不得不把緊繃的狀態當成常態，使得身體原本很自然的”放鬆”功能，變得很不容易，甚至變得要靠外力才能勉強放鬆，忘了真正放鬆的感覺是什麼…
在我針灸時，常常遇到才針一兩針，眼皮就撐不住、突然睡意襲來的個案，而在針灸留針的過程中睡著的人更是佔了多數。
由於針灸能立即將神經從硬撐的狀態中解除，幫助其恢復正常的調節，所以才會使得實際上已經疲憊不堪、長期缺乏放鬆的身體馬上就想休息。",2025/6/10 22:20,"以愛醫師 💕
中西醫雙學位
針灸、傷科整復
詳細介紹請點下方連結～
在Threads上試試不同的主題😆",自律神經失調,not_enough_posts,
chloe_sky224,徐愷鈴,"冷知識
研究顯示：
經常對自己太嚴格的人，更容易出現慢性疲勞與自律神經失調。
你以為你是在自律
其實你是在責備自己不夠好",2025/5/31 08:00,"喜歡文字的不內耗行動派
陪你走向你想要的人生。
💌 私訊 IG，聊聊你的理想生活",自律神經失調,business,
chloe_sky224,徐愷鈴,"售
逸新小台空氣
因為家裡現在三隻貓
後悔買小台的了
想要換大台的只用兩個月
有沒有人要接手
便宜賣
讓我可以換大台的🙏",2025/5/31 00:50,"喜歡文字的不內耗行動派
陪你走向你想要的人生。
💌 私訊 IG，聊聊你的理想生活",自律神經失調,business,
chloe_sky224,徐愷鈴,"冷知識
研究指出：
當人持續忽略情緒需求，腦部處理情感的區塊會逐漸「麻痺」。
你不是變冷淡，是因為太久沒有被好好對待
所以學會了「不想了」",2025/5/30 19:00,"喜歡文字的不內耗行動派
陪你走向你想要的人生。
💌 私訊 IG，聊聊你的理想生活",自律神經失調,business,
chloe_sky224,徐愷鈴,"研究指出
寫字是一種「情緒輸出」的動作
光是每天寫 5 分鐘日記，就能有效減輕壓力與憂鬱感
所以你常常覺得聊完沒比較好
是因為你更需要跟自己說話，而不是討拍",2025/5/29 22:59,"喜歡文字的不內耗行動派
陪你走向你想要的人生。
💌 私訊 IG，聊聊你的理想生活",自律神經失調,business,
chloe_sky224,徐愷鈴,自帶財氣的女孩子 #成長思維  #賺錢 #能量  #正向 #財富,2025/5/29 18:00,"喜歡文字的不內耗行動派
陪你走向你想要的人生。
💌 私訊 IG，聊聊你的理想生活",自律神經失調,business,
chloe_sky224,徐愷鈴,"朋友說她很羨慕別人有爸媽接送
她家有車，但爸媽說車是給弟弟用的
她一開始以為自己不夠努力
後來才知道，錯的不是她不夠，而是他們從來沒想過要給。",2025/5/29 16:01,"喜歡文字的不內耗行動派
陪你走向你想要的人生。
💌 私訊 IG，聊聊你的理想生活",自律神經失調,business,
chloe_sky224,徐愷鈴,"剛認識時：「她很安靜耶」
幾個月後：「她怎麼每天都在傳奇怪的梗圖給我」",2025/5/29 16:00,"喜歡文字的不內耗行動派
陪你走向你想要的人生。
💌 私訊 IG，聊聊你的理想生活",自律神經失調,business,
chloe_sky224,徐愷鈴,"心理學家說
「獨處時間」其實是心靈的維修站
每天留給自己 20 分鐘的寂靜
可以幫助釐清情緒、修復能量、找回方向
你不是懶、不是沒動力
你只是太久沒有跟自己單獨相處了
追蹤我，陪你在混亂中找回平靜的自己",2025/5/29 14:00,"喜歡文字的不內耗行動派
陪你走向你想要的人生。
💌 私訊 IG，聊聊你的理想生活",自律神經失調,business,
chloe_sky224,徐愷鈴,"人只要不動心
一個人去看電影、逛街、酒吧喝酒、旅行
都沒事
人只要動心
看著那通未讀訊息都會輾轉難眠",2025/5/29 11:00,"喜歡文字的不內耗行動派
陪你走向你想要的人生。
💌 私訊 IG，聊聊你的理想生活",自律神經失調,business,
chloe_sky224,徐愷鈴,"冷知識：
長大不是變得成熟，而是開始懂得裝沒事。
你不是不累，只是不想再解釋。
你不是不想夢想，只是租金先壓住了夢。
追蹤我，我懂你的疲憊，一起重新整理人生選項。",2025/5/28 22:00,"喜歡文字的不內耗行動派
陪你走向你想要的人生。
💌 私訊 IG，聊聊你的理想生活",自律神經失調,business,
chloe_sky224,徐愷鈴,"剛認識我：她應該不太說話
認識一陣子：她真的超煩
認識很久：她其實心思很細，很溫暖。
I人不是冷，而是熱得慢。",2025/5/28 15:00,"喜歡文字的不內耗行動派
陪你走向你想要的人生。
💌 私訊 IG，聊聊你的理想生活",自律神經失調,business,
chloe_sky224,徐愷鈴,"情緒不講道理，但它從來沒有錯
它只是想告訴你：「這件事你很在乎。」
不要第一時間否定它，試著說：
「好，我聽見你了。」
追蹤我，一起練習成為更理解自己的人",2025/5/28 14:42,"喜歡文字的不內耗行動派
陪你走向你想要的人生。
💌 私訊 IG，聊聊你的理想生活",自律神經失調,business,
chloe_sky224,徐愷鈴,"我真的見過太多超正的女生
手機密碼設成男友生日
工作賺錢全拿去幫對方還卡費
她長得像女主角
感情卻活得像背景人物",2025/5/28 14:00,"喜歡文字的不內耗行動派
陪你走向你想要的人生。
💌 私訊 IG，聊聊你的理想生活",自律神經失調,business,
chloe_sky224,徐愷鈴,"不是不談戀愛，是我現在這段「與貓同居」的關係太穩定了。
他不會已讀不回，不會亂發脾氣，
每天都在門口等我回家。
這種安全感，不是誰都給得起。",2025/5/28 09:00,"喜歡文字的不內耗行動派
陪你走向你想要的人生。
💌 私訊 IG，聊聊你的理想生活",自律神經失調,business,
chloe_sky224,徐愷鈴,"冷知識：
當你開始期待禮拜五、抱怨禮拜一，
就代表——你的人生已經默默進入「自動駕駛模式」。
醒來→上班→下班→滑手機→睡覺。
時間過很快，但你其實沒活著。
追蹤我，一起關掉自動導航，找回自己的方向。",2025/5/27 23:00,"喜歡文字的不內耗行動派
陪你走向你想要的人生。
💌 私訊 IG，聊聊你的理想生活",自律神經失調,business,
chloe_sky224,徐愷鈴,"休息那陣子，有時候會被家人念說：
「你整天待在房間都不工作，很不孝欸」
我回：「我現在是失業，不是失智，謝謝關心。」",2025/5/27 22:00,"喜歡文字的不內耗行動派
陪你走向你想要的人生。
💌 私訊 IG，聊聊你的理想生活",自律神經失調,business,
chloe_sky224,徐愷鈴,"愛錯人不是最可怕的事
最怕的是
你以為自己愛得夠深，就能換來尊重
但他從來沒把你當一回事
你卻為他把自己搞得一塌糊塗
追蹤我，我們不再為錯的人爛掉自己。",2025/5/27 21:06,"喜歡文字的不內耗行動派
陪你走向你想要的人生。
💌 私訊 IG，聊聊你的理想生活",自律神經失調,business,
chloe_sky224,徐愷鈴,"千萬不要愛上一個喜歡獨處的女生，
她的快樂不是你給的——是她自己創造的。
她可以逛書店到晚上、自己看電影到哭，
也能一個人好好吃晚餐，順便餵貓。",2025/5/27 21:00,"喜歡文字的不內耗行動派
陪你走向你想要的人生。
💌 私訊 IG，聊聊你的理想生活",自律神經失調,business,
chloe_sky224,徐愷鈴,"不是每段傾訴，都會換來理解
你曾經嘗試打開心扉，
結果換來一句：「你想太多。」
從那之後你學會了：
情緒這東西，不是每個人都配理解。
有時候，懂你的人，一個就夠了。",2025/5/27 21:00,"喜歡文字的不內耗行動派
陪你走向你想要的人生。
💌 私訊 IG，聊聊你的理想生活",自律神經失調,business,
chloe_sky224,徐愷鈴,"跟我聊天的過程變化：
剛認識：哇妳話好少
熟起來：妳可以閉嘴嗎？",2025/5/27 19:36,"喜歡文字的不內耗行動派
陪你走向你想要的人生。
💌 私訊 IG，聊聊你的理想生活",自律神經失調,business,
asherasher6629,asherasher6629,"26歲開始自律神經失調、憂鬱症
今年27歲都快28歲了！加油啊！！！
一定要好起來啊！你可以的啊！你是最棒的欸！",2025/5/13 20:21,"hakuna matata
祝我天天開心
也祝您天天開心(˶‾᷄ ⁻̫ ‾᷅˵)",自律神經失調,not_enough_posts,
psy_doc_brain,PSY_DOC,"患者生活上的小事，都是身心科醫師在意的事情：
1. 肚子會不會餓，想吃東西？ 多巴胺
2. 睡眠睡的好嗎？ 血清素
3. 每天比較能下床了嗎？ 多巴胺
4. 看電視、看書可以看得下嗎？ 多巴胺
5. 一個人在家是否會恐慌？ 血清素
6. 遇到事情可否真心地笑？ 多巴胺
7. 全身疼痛不是改善？ 正腎上腺素
8. 腦筋頓頓、失智症是否改善？ 多巴胺
9. 去人多的地方？被聲音嚇到、怕吵？ 血清素
10. 易怒發脾氣。 血清素
11. 當遇到壓力心情不好時，會持續下沉，還是難過幾小時就會自己改善？ 前額葉功能
12. 恐慌、焦慮、自律神經失調症狀不改善：杏仁核",2025/5/4 06:24,"竹北某家身心科診所所長
腦科學、身心醫學、創傷心理學
陽明醫學系、哈佛碩士、東京大學博士後研究員
國際醫學學術期刊編輯Frontiers in Psychiatry
教育部部定講師
不回私訊醫療諮詢，請跟原主治醫師討論
所有經驗分享均已經去識別化，徵得個案同意",自律神經失調,business,
psy_doc_brain,PSY_DOC,"創傷壓力症候群(PTSD)的創傷再回憶....
又稱為flashback：腦海中會出現創傷發生當時的畫面, DSM-5診斷準則算是re-experience feeling.
目前吃的抗憂鬱藥物, 特別是血清素回收抑制類的藥物如SSRI, SNRI, 主要是針對PTSD引發後續的焦慮和憂鬱症狀, 對於創傷再回憶效果並不好.
因此如果患者的憂鬱症, 其實是慢性長期的PTSD導致, 沒有治療flashback, 其實對於憂鬱症的幫助有限.
過去我與日本合作的研究論文顯示, 創傷再回憶當下, 會增加PTSD患者自S的風險.
研究顯示, 部分抗精神病藥物, 可以改善flashback的症狀. 但是劑量要小心.",2025/5/3 21:16,"竹北某家身心科診所所長
腦科學、身心醫學、創傷心理學
陽明醫學系、哈佛碩士、東京大學博士後研究員
國際醫學學術期刊編輯Frontiers in Psychiatry
教育部部定講師
不回私訊醫療諮詢，請跟原主治醫師討論
所有經驗分享均已經去識別化，徵得個案同意",自律神經失調,business,
psy_doc_brain,PSY_DOC,"為什麼我的抗憂鬱藥物吃了無效?
因為你/妳可能不是真的憂鬱症.
根據Sharma等人在2005年的研究，追蹤了61位頑固性憂鬱症（服用兩種以上抗憂鬱藥物無效）的患者一年，最後發現將近80%的患者其實是躁鬱症體質[註一]，其中40%的換/加藥到情緒穩定劑 (鋰鹽、帝拔癲、樂命達)，憂鬱症狀就開始改善穩定。
註1: 躁鬱症體質:  三等親中有人有躁鬱/憂鬱症, 家族中有人自殺, 產後憂鬱,非典型憂鬱症狀 (腦袋變鈍, 暴飲暴食[特別是碳水化合物], 嗜睡, 每天心情會有早上差->晚上好的週期變化,季節憂鬱), 憂鬱時會有妄想幻覺.",2025/5/3 21:13,"竹北某家身心科診所所長
腦科學、身心醫學、創傷心理學
陽明醫學系、哈佛碩士、東京大學博士後研究員
國際醫學學術期刊編輯Frontiers in Psychiatry
教育部部定講師
不回私訊醫療諮詢，請跟原主治醫師討論
所有經驗分享均已經去識別化，徵得個案同意",自律神經失調,business,
psy_doc_brain,PSY_DOC,"難治性憂鬱症患者的回饋，長達26年被誤診的人生。
我跟患者說：能夠撐那麼久真的很辛苦、不簡單。
70%第二型雙相情緒障礙（躁鬱症），容易被誤診爲憂鬱症。",2025/5/3 15:44,"竹北某家身心科診所所長
腦科學、身心醫學、創傷心理學
陽明醫學系、哈佛碩士、東京大學博士後研究員
國際醫學學術期刊編輯Frontiers in Psychiatry
教育部部定講師
不回私訊醫療諮詢，請跟原主治醫師討論
所有經驗分享均已經去識別化，徵得個案同意",自律神經失調,business,
psy_doc_brain,PSY_DOC,"😴睡覺擔心「今天晚上是否睡得著？」
「睡眠焦慮症」是焦慮症的一種，患者往往急性子、要求完美、容易緊張的個性。
通常患者在幾次失眠後，開始對「睡不著」產生恐懼，導致每晚上床時，就會不自覺擔心「今天會不會又睡不著？」，這種焦慮情緒讓身體進入高度警戒，使得入睡更加困難，進而形成惡性循環。
常見特徵：
●  個性急性子、容易緊張焦慮
●  過度執著於失眠：晚上就開始擔心睡不著覺。
●  每次睡前會回想起過去失眠的經驗而擔心。
●  會不斷看時鐘確認自己躺床時間。
●  服用安眠藥物，效果卻不穩定，助眠效果時好時壞。
如何改善呢？
1. 藥物治療：通常會使用血清素回收抑制劑藥物，緩解患者白天的恐慌與焦慮，降低入睡時的緊張感。另外要注意有些抗憂鬱藥物會影響睡眠，建議盡量白天服用。
2. 心理治療：睡眠認知行為治療(iCBT)建立正確的睡眠觀念與衛教，改善患者對於失眠的災難化思考，打破「失眠恐懼→更焦慮→更失眠」的惡性循環。
3. 生活方式調整：睡前四小時不劇烈運動、減少喝咖啡因飲料、午睡不要睡太久、床上不要划手機、黃昏後盡量不要睡覺、睡前兩小時不抽菸、睡前減少進食等。
失眠",2025/4/27 07:52,"竹北某家身心科診所所長
腦科學、身心醫學、創傷心理學
陽明醫學系、哈佛碩士、東京大學博士後研究員
國際醫學學術期刊編輯Frontiers in Psychiatry
教育部部定講師
不回私訊醫療諮詢，請跟原主治醫師討論
所有經驗分享均已經去識別化，徵得個案同意",自律神經失調,business,
diegodtk09,陳零九  Nine Chen,"想詢問有自律神經失調的同伴都用什麼方式紓壓跟解決，最近有點牙起來，症狀是全身緊繃、腦子運轉加速、蕁麻疹、帶一點呼吸困難（肌肉緊繃引起）
，現在是牙起來的時候深呼吸+拉筋以及正念跟使用筋膜球搭配中醫調身體還有人在外面沒辦法伸展只能搭配鎮靜劑，目前都還在控制範圍內，只是想知道其他同伴都是怎麼解決的？
或許可以交流一下",2024/2/19 13:35,"經紀請聯繫劉先生barryca@gmail.com
副業：",自律神經失調,business,
diegodtk09,陳零九  Nine Chen,"想分手想失去朋友想斷絕一段關係，
一律建議借錢給對方。",2024/2/18 12:20,"經紀請聯繫劉先生barryca@gmail.com
副業：",自律神經失調,business,
diegodtk09,陳零九  Nine Chen,每個人的人生規劃都會因為遇到某些人事物而有所改變，沒有對錯，但也要清楚任何選擇都有代價，人生只有一次，活好自己的就好，減少一些童話故事般的幻想，別奢望自己或你愛的人事物一輩子遇不到挫折及壓力，那些走過的路擁有過的美好都是真的，也都是養份。,2024/2/16 11:14,"經紀請聯繫劉先生barryca@gmail.com
副業：",自律神經失調,business,
diegodtk09,陳零九  Nine Chen,小九男子漢😠,2024/2/6 00:24,"經紀請聯繫劉先生barryca@gmail.com
副業：",自律神經失調,business,
ss520520025,Chieh yi,自律神經失調外加恐慌焦慮要怎麼舒緩調理,2024/7/20 11:35,泥作翻修/歡迎洽詢,自律神經失調,business,
ss520520025,Chieh yi,"專門做土水的
有興趣可以留言
高雄/屏東地區
拆除#泥作#防水#抓漏#地壁磚",2024/7/18 12:57,泥作翻修/歡迎洽詢,自律神經失調,business,
ss520520025,Chieh yi,"這個頭腦病什麼時候才會好
身心科第四次回診",2024/7/13 14:21,泥作翻修/歡迎洽詢,自律神經失調,business,
joy76.27,方寊｜按摩教學｜暖腹養護｜美胸養護,"「自律神經失調」不是一種病，
而是一種長期壓力導致的身心過勞狀態。
會心悸、頭暈、睡不著、全身沒力，
醫生查不出病因，但真的不舒服。
所以別再說自己只是太敏感，
你只是太久沒好好照顧自己了。",2025/7/3 18:30,"💪 從工地女孩 → 技術創業者
🏠 創立「技術透天工作室」
📚 12年經絡調理｜2017年創業
✨ 培養實戰導師 × 輔導創業
📍 中泰式按摩｜艾草溫罐美胸師｜牛角撥經
👉 做自己的主，從技術開始",自律神經失調,business,
joy76.27,方寊｜按摩教學｜暖腹養護｜美胸養護,"習慣討好別人的人，
大腦「共情區域」會特別發達，
但「保護自己界線」的神經卻會變弱。
所以有些人不是不懂拒絕，
是神經系統已經習慣了「讓別人舒服」。",2025/7/3 18:00,"💪 從工地女孩 → 技術創業者
🏠 創立「技術透天工作室」
📚 12年經絡調理｜2017年創業
✨ 培養實戰導師 × 輔導創業
📍 中泰式按摩｜艾草溫罐美胸師｜牛角撥經
👉 做自己的主，從技術開始",自律神經失調,business,
joy76.27,方寊｜按摩教學｜暖腹養護｜美胸養護,"為別人設想太多、凡事都想幫忙時，
大腦會釋放多巴胺，
讓你「短暫覺得自己很重要」。
這也是為什麼常陷入「付出成癮」——
不是你太善良，是你想被需要。",2025/7/3 17:25,"💪 從工地女孩 → 技術創業者
🏠 創立「技術透天工作室」
📚 12年經絡調理｜2017年創業
✨ 培養實戰導師 × 輔導創業
📍 中泰式按摩｜艾草溫罐美胸師｜牛角撥經
👉 做自己的主，從技術開始",自律神經失調,business,
joy76.27,方寊｜按摩教學｜暖腹養護｜美胸養護,"身體只要 6 秒就能感受到一個擁抱的效果，
超過 20 秒的擁抱，能刺激大腦分泌催產素，
降低焦慮、穩定情緒。
人類真的需要「被抱住」，
不是脆弱，是生理需求。",2025/7/3 17:00,"💪 從工地女孩 → 技術創業者
🏠 創立「技術透天工作室」
📚 12年經絡調理｜2017年創業
✨ 培養實戰導師 × 輔導創業
📍 中泰式按摩｜艾草溫罐美胸師｜牛角撥經
👉 做自己的主，從技術開始",自律神經失調,business,
joy76.27,方寊｜按摩教學｜暖腹養護｜美胸養護,"憂鬱症的人，通常不是「每天都哭」，
而是常常「連哭都哭不出來」。
情緒被大腦冰封了，剩下的只有空洞和倦怠。
那不是裝病，是真的痛得太久了。",2025/7/3 16:30,"💪 從工地女孩 → 技術創業者
🏠 創立「技術透天工作室」
📚 12年經絡調理｜2017年創業
✨ 培養實戰導師 × 輔導創業
📍 中泰式按摩｜艾草溫罐美胸師｜牛角撥經
👉 做自己的主，從技術開始",自律神經失調,business,
joy76.27,方寊｜按摩教學｜暖腹養護｜美胸養護,"當愛上一個人時，
大腦會分泌一種「上癮物質」多巴胺，
跟毒品上癮幾乎一樣。
所以失戀時會像戒毒一樣難受，是真的。",2025/7/3 15:59,"💪 從工地女孩 → 技術創業者
🏠 創立「技術透天工作室」
📚 12年經絡調理｜2017年創業
✨ 培養實戰導師 × 輔導創業
📍 中泰式按摩｜艾草溫罐美胸師｜牛角撥經
👉 做自己的主，從技術開始",自律神經失調,business,
joy76.27,方寊｜按摩教學｜暖腹養護｜美胸養護,"有時候覺得「好累」，
不是因為事情太多，而是一邊做事一邊在內耗：
想太多、怕做不好、擔心別人怎麼想……
比起忙，最消耗人的，是「過度自我監控」。",2025/7/3 15:00,"💪 從工地女孩 → 技術創業者
🏠 創立「技術透天工作室」
📚 12年經絡調理｜2017年創業
✨ 培養實戰導師 × 輔導創業
📍 中泰式按摩｜艾草溫罐美胸師｜牛角撥經
👉 做自己的主，從技術開始",自律神經失調,business,
joy76.27,方寊｜按摩教學｜暖腹養護｜美胸養護,"「沒安全感」不是太黏人，
而是大腦的杏仁核對風險太敏感，
它會誤以為小事情＝巨大危機。
這不是個性，
是從小的環境教會你：要一直警戒。",2025/7/3 14:00,"💪 從工地女孩 → 技術創業者
🏠 創立「技術透天工作室」
📚 12年經絡調理｜2017年創業
✨ 培養實戰導師 × 輔導創業
📍 中泰式按摩｜艾草溫罐美胸師｜牛角撥經
👉 做自己的主，從技術開始",自律神經失調,business,
joy76.27,方寊｜按摩教學｜暖腹養護｜美胸養護,"人在說謊的時候，會不自覺摸鼻子。
因為緊張會刺激交感神經，
導致鼻黏膜充血、發癢。
所以有些人不是鼻子癢，是良心癢。",2025/7/3 13:00,"💪 從工地女孩 → 技術創業者
🏠 創立「技術透天工作室」
📚 12年經絡調理｜2017年創業
✨ 培養實戰導師 × 輔導創業
📍 中泰式按摩｜艾草溫罐美胸師｜牛角撥經
👉 做自己的主，從技術開始",自律神經失調,business,
joy76.27,方寊｜按摩教學｜暖腹養護｜美胸養護,"當一邊滑手機、一邊吃飯時，
大腦會錯過「吃飽」的信號，導致越吃越多。
這叫「分心性過度飲食」。
不是嘴饞，是沒專心吃飯。",2025/7/3 12:00,"💪 從工地女孩 → 技術創業者
🏠 創立「技術透天工作室」
📚 12年經絡調理｜2017年創業
✨ 培養實戰導師 × 輔導創業
📍 中泰式按摩｜艾草溫罐美胸師｜牛角撥經
👉 做自己的主，從技術開始",自律神經失調,business,
joy76.27,方寊｜按摩教學｜暖腹養護｜美胸養護,"當你對一個人「生氣到極點」，
代表你其實曾經非常在意他。
因為最深的怒，來自最深的傷。
不是真的恨，是心裡有太多沒說出口的話。",2025/7/3 11:00,"💪 從工地女孩 → 技術創業者
🏠 創立「技術透天工作室」
📚 12年經絡調理｜2017年創業
✨ 培養實戰導師 × 輔導創業
📍 中泰式按摩｜艾草溫罐美胸師｜牛角撥經
👉 做自己的主，從技術開始",自律神經失調,business,
joy76.27,方寊｜按摩教學｜暖腹養護｜美胸養護,"其實 70% 的人都曾在陌生人面前「說出心裡話」，
反而對熟人保持沉默。
因為陌生人沒有既定印象，
才敢放下形象，說出真實。",2025/7/3 10:00,"💪 從工地女孩 → 技術創業者
🏠 創立「技術透天工作室」
📚 12年經絡調理｜2017年創業
✨ 培養實戰導師 × 輔導創業
📍 中泰式按摩｜艾草溫罐美胸師｜牛角撥經
👉 做自己的主，從技術開始",自律神經失調,business,
joy76.27,方寊｜按摩教學｜暖腹養護｜美胸養護,"人並不是「心碎才流淚」，
而是「流淚可以防止心碎」。
流淚是大腦幫你修復情緒的機制，
它不是軟弱，是治癒。",2025/7/3 08:59,"💪 從工地女孩 → 技術創業者
🏠 創立「技術透天工作室」
📚 12年經絡調理｜2017年創業
✨ 培養實戰導師 × 輔導創業
📍 中泰式按摩｜艾草溫罐美胸師｜牛角撥經
👉 做自己的主，從技術開始",自律神經失調,business,
joy76.27,方寊｜按摩教學｜暖腹養護｜美胸養護,"今天只有一個小目標：
讓我好好坐下來吃頓飯
沒有電話、沒有打擾、沒有「老師我問一下」",2025/7/2 23:00,"💪 從工地女孩 → 技術創業者
🏠 創立「技術透天工作室」
📚 12年經絡調理｜2017年創業
✨ 培養實戰導師 × 輔導創業
📍 中泰式按摩｜艾草溫罐美胸師｜牛角撥經
👉 做自己的主，從技術開始",自律神經失調,business,
joy76.27,方寊｜按摩教學｜暖腹養護｜美胸養護,"可以不用那麼懂事啦，
這世界已經夠難了，
自己就值得被好好對待。",2025/7/2 22:52,"💪 從工地女孩 → 技術創業者
🏠 創立「技術透天工作室」
📚 12年經絡調理｜2017年創業
✨ 培養實戰導師 × 輔導創業
📍 中泰式按摩｜艾草溫罐美胸師｜牛角撥經
👉 做自己的主，從技術開始",自律神經失調,business,
joy76.27,方寊｜按摩教學｜暖腹養護｜美胸養護,"工作室沒在比誰厲害
比的是誰先忘記今天幾號",2025/7/2 22:00,"💪 從工地女孩 → 技術創業者
🏠 創立「技術透天工作室」
📚 12年經絡調理｜2017年創業
✨ 培養實戰導師 × 輔導創業
📍 中泰式按摩｜艾草溫罐美胸師｜牛角撥經
👉 做自己的主，從技術開始",自律神經失調,business,
joy76.27,方寊｜按摩教學｜暖腹養護｜美胸養護,"忙完一整天
不是想放空
是想有人懂我在忙什麼",2025/7/2 21:00,"💪 從工地女孩 → 技術創業者
🏠 創立「技術透天工作室」
📚 12年經絡調理｜2017年創業
✨ 培養實戰導師 × 輔導創業
📍 中泰式按摩｜艾草溫罐美胸師｜牛角撥經
👉 做自己的主，從技術開始",自律神經失調,business,
joy76.27,方寊｜按摩教學｜暖腹養護｜美胸養護,"今天明明沒做什麼
但一整天心很累
不是討厭人
只是很想安靜一下",2025/7/2 20:00,"💪 從工地女孩 → 技術創業者
🏠 創立「技術透天工作室」
📚 12年經絡調理｜2017年創業
✨ 培養實戰導師 × 輔導創業
📍 中泰式按摩｜艾草溫罐美胸師｜牛角撥經
👉 做自己的主，從技術開始",自律神經失調,business,
joy76.27,方寊｜按摩教學｜暖腹養護｜美胸養護,"當你開始學會拒絕，
大腦會出現類似「危險」反應
因為以前太乖、太忍、太配合
所以當第一次說「不要」
身體會怕，不是做錯了
是正在練習成為真實的自己。",2025/7/2 19:00,"💪 從工地女孩 → 技術創業者
🏠 創立「技術透天工作室」
📚 12年經絡調理｜2017年創業
✨ 培養實戰導師 × 輔導創業
📍 中泰式按摩｜艾草溫罐美胸師｜牛角撥經
👉 做自己的主，從技術開始",自律神經失調,business,
joy76.27,方寊｜按摩教學｜暖腹養護｜美胸養護,"有時候不是想裝沒事，
是真的不知道該怎麼說出口。",2025/7/2 17:53,"💪 從工地女孩 → 技術創業者
🏠 創立「技術透天工作室」
📚 12年經絡調理｜2017年創業
✨ 培養實戰導師 × 輔導創業
📍 中泰式按摩｜艾草溫罐美胸師｜牛角撥經
👉 做自己的主，從技術開始",自律神經失調,business,
joy76.27,方寊｜按摩教學｜暖腹養護｜美胸養護,"真正的療癒，不是靠「加法」，
而是學會「停下來」
不需要再買一個課程
不需要再逼自己正能量
只是太久沒問自己
「我累了嗎？」",2025/7/2 17:00,"💪 從工地女孩 → 技術創業者
🏠 創立「技術透天工作室」
📚 12年經絡調理｜2017年創業
✨ 培養實戰導師 × 輔導創業
📍 中泰式按摩｜艾草溫罐美胸師｜牛角撥經
👉 做自己的主，從技術開始",自律神經失調,business,
joy76.27,方寊｜按摩教學｜暖腹養護｜美胸養護,"現在的模樣，就已經很棒了。
真的，不用再為了誰改來改去。",2025/7/2 16:11,"💪 從工地女孩 → 技術創業者
🏠 創立「技術透天工作室」
📚 12年經絡調理｜2017年創業
✨ 培養實戰導師 × 輔導創業
📍 中泰式按摩｜艾草溫罐美胸師｜牛角撥經
👉 做自己的主，從技術開始",自律神經失調,business,
joy76.27,方寊｜按摩教學｜暖腹養護｜美胸養護,"習慣一個人扛事的人，
壓力來時反而更容易失控
不是因為不堅強
而是因為太久沒被接住
連崩潰都要找空檔。",2025/7/2 16:00,"💪 從工地女孩 → 技術創業者
🏠 創立「技術透天工作室」
📚 12年經絡調理｜2017年創業
✨ 培養實戰導師 × 輔導創業
📍 中泰式按摩｜艾草溫罐美胸師｜牛角撥經
👉 做自己的主，從技術開始",自律神經失調,business,
joy76.27,方寊｜按摩教學｜暖腹養護｜美胸養護,"成年人的世界很靜，
痛也不吵，累也不說。",2025/7/2 15:47,"💪 從工地女孩 → 技術創業者
🏠 創立「技術透天工作室」
📚 12年經絡調理｜2017年創業
✨ 培養實戰導師 × 輔導創業
📍 中泰式按摩｜艾草溫罐美胸師｜牛角撥經
👉 做自己的主，從技術開始",自律神經失調,business,
joy76.27,方寊｜按摩教學｜暖腹養護｜美胸養護,"人類會「記住受過的傷」，
但不太記得自己何時快樂過
這就是為什麼
你明明過得不錯
還是時不時覺得人生很苦
因為在為過去，習慣性地痛。",2025/7/2 15:00,"💪 從工地女孩 → 技術創業者
🏠 創立「技術透天工作室」
📚 12年經絡調理｜2017年創業
✨ 培養實戰導師 × 輔導創業
📍 中泰式按摩｜艾草溫罐美胸師｜牛角撥經
👉 做自己的主，從技術開始",自律神經失調,business,
joy76.27,方寊｜按摩教學｜暖腹養護｜美胸養護,"很努力撐住一個自己，
那個不鬧情緒、不麻煩別人的自己。",2025/7/2 14:38,"💪 從工地女孩 → 技術創業者
🏠 創立「技術透天工作室」
📚 12年經絡調理｜2017年創業
✨ 培養實戰導師 × 輔導創業
📍 中泰式按摩｜艾草溫罐美胸師｜牛角撥經
👉 做自己的主，從技術開始",自律神經失調,business,
joy76.27,方寊｜按摩教學｜暖腹養護｜美胸養護,"社群按讚的即時反饋，
跟毒品啟動的區域是同一塊大腦
所以刷留言、看數字、情緒起伏
不是因為膚淺
是因為中毒了。",2025/7/2 14:00,"💪 從工地女孩 → 技術創業者
🏠 創立「技術透天工作室」
📚 12年經絡調理｜2017年創業
✨ 培養實戰導師 × 輔導創業
📍 中泰式按摩｜艾草溫罐美胸師｜牛角撥經
👉 做自己的主，從技術開始",自律神經失調,business,
joy76.27,方寊｜按摩教學｜暖腹養護｜美胸養護,"有發現嗎？
越堅強的人，越需要被理解。",2025/7/2 13:51,"💪 從工地女孩 → 技術創業者
🏠 創立「技術透天工作室」
📚 12年經絡調理｜2017年創業
✨ 培養實戰導師 × 輔導創業
📍 中泰式按摩｜艾草溫罐美胸師｜牛角撥經
👉 做自己的主，從技術開始",自律神經失調,business,
joy76.27,方寊｜按摩教學｜暖腹養護｜美胸養護,"連續看短影音超過40分鐘，
大腦的決策區會暫時退化
不是沒定力
是滑完根本回不來
那不是放鬆，是自我麻痺。",2025/7/2 13:00,"💪 從工地女孩 → 技術創業者
🏠 創立「技術透天工作室」
📚 12年經絡調理｜2017年創業
✨ 培養實戰導師 × 輔導創業
📍 中泰式按摩｜艾草溫罐美胸師｜牛角撥經
👉 做自己的主，從技術開始",自律神經失調,business,
joy76.27,方寊｜按摩教學｜暖腹養護｜美胸養護,"真正的陪伴，不是解決問題，
是讓你知道──你不用一個人扛。",2025/7/2 12:45,"💪 從工地女孩 → 技術創業者
🏠 創立「技術透天工作室」
📚 12年經絡調理｜2017年創業
✨ 培養實戰導師 × 輔導創業
📍 中泰式按摩｜艾草溫罐美胸師｜牛角撥經
👉 做自己的主，從技術開始",自律神經失調,business,
joy76.27,方寊｜按摩教學｜暖腹養護｜美胸養護,"經常強顏歡笑的人，情緒崩潰時會更猛烈
因為把痛苦關太久
表面笑得越多
內心其實越像礦坑
一旦塌方，就是全線崩解。",2025/7/2 12:00,"💪 從工地女孩 → 技術創業者
🏠 創立「技術透天工作室」
📚 12年經絡調理｜2017年創業
✨ 培養實戰導師 × 輔導創業
📍 中泰式按摩｜艾草溫罐美胸師｜牛角撥經
👉 做自己的主，從技術開始",自律神經失調,business,
joy76.27,方寊｜按摩教學｜暖腹養護｜美胸養護,"什麼都做得很好，
只是忘了誇自己一句：我真的很不簡單。",2025/7/2 11:20,"💪 從工地女孩 → 技術創業者
🏠 創立「技術透天工作室」
📚 12年經絡調理｜2017年創業
✨ 培養實戰導師 × 輔導創業
📍 中泰式按摩｜艾草溫罐美胸師｜牛角撥經
👉 做自己的主，從技術開始",自律神經失調,business,
joy76.27,方寊｜按摩教學｜暖腹養護｜美胸養護,"我們的大腦會把「忙碌」誤以為是「有價值」
一直做事 → 感覺有用
一停下來 → 感覺內疚
不是上癮工作
是忘了怎麼好好存在。",2025/7/2 11:00,"💪 從工地女孩 → 技術創業者
🏠 創立「技術透天工作室」
📚 12年經絡調理｜2017年創業
✨ 培養實戰導師 × 輔導創業
📍 中泰式按摩｜艾草溫罐美胸師｜牛角撥經
👉 做自己的主，從技術開始",自律神經失調,business,
joy76.27,方寊｜按摩教學｜暖腹養護｜美胸養護,"偶爾當個小廢物沒關係，
已經撐了這麼久，值得可愛一點。",2025/7/2 10:09,"💪 從工地女孩 → 技術創業者
🏠 創立「技術透天工作室」
📚 12年經絡調理｜2017年創業
✨ 培養實戰導師 × 輔導創業
📍 中泰式按摩｜艾草溫罐美胸師｜牛角撥經
👉 做自己的主，從技術開始",自律神經失調,business,
joy76.27,方寊｜按摩教學｜暖腹養護｜美胸養護,"手機震動的聲音會引發「輕微腎上腺素反應」
不是躁鬱症，是身體真的以為要出事
難怪總是焦慮、累、睡不好
不是懶，是被訊息逼瘋了。",2025/7/2 10:00,"💪 從工地女孩 → 技術創業者
🏠 創立「技術透天工作室」
📚 12年經絡調理｜2017年創業
✨ 培養實戰導師 × 輔導創業
📍 中泰式按摩｜艾草溫罐美胸師｜牛角撥經
👉 做自己的主，從技術開始",自律神經失調,business,
joy76.27,方寊｜按摩教學｜暖腹養護｜美胸養護,"人類不擅長辨別「慢性不快樂」
如果不是很痛苦
我們就會以為自己還能撐
但其實——
日復一日的「還可以」，才最容易毀掉一個人。",2025/7/2 08:59,"💪 從工地女孩 → 技術創業者
🏠 創立「技術透天工作室」
📚 12年經絡調理｜2017年創業
✨ 培養實戰導師 × 輔導創業
📍 中泰式按摩｜艾草溫罐美胸師｜牛角撥經
👉 做自己的主，從技術開始",自律神經失調,business,
joy76.27,方寊｜按摩教學｜暖腹養護｜美胸養護,"現在流行的是「人設」
但你不是設計出來的
你有情緒、有空白、有沉默
這讓你不紅，但讓你真實
而真實，才留得住人心。",2025/7/1 23:00,"💪 從工地女孩 → 技術創業者
🏠 創立「技術透天工作室」
📚 12年經絡調理｜2017年創業
✨ 培養實戰導師 × 輔導創業
📍 中泰式按摩｜艾草溫罐美胸師｜牛角撥經
👉 做自己的主，從技術開始",自律神經失調,business,
joy76.27,方寊｜按摩教學｜暖腹養護｜美胸養護,"你選的主題不是熱門領域
你講的話不是大眾語言
你關注的角落沒人點燈
所以成長慢、讚很少、熱度不高
但這正是你在做的事的價值——
別人沒做，而你還在做。",2025/7/1 21:43,"💪 從工地女孩 → 技術創業者
🏠 創立「技術透天工作室」
📚 12年經絡調理｜2017年創業
✨ 培養實戰導師 × 輔導創業
📍 中泰式按摩｜艾草溫罐美胸師｜牛角撥經
👉 做自己的主，從技術開始",自律神經失調,business,
joy76.27,方寊｜按摩教學｜暖腹養護｜美胸養護,"有些內容，寫得超用心
但按讚的不是最多的
轉發的不是那篇
沒關係
真正懂得的人，總會繞一圈回來
然後說：你一直都在，我只是晚點才懂。",2025/7/1 21:00,"💪 從工地女孩 → 技術創業者
🏠 創立「技術透天工作室」
📚 12年經絡調理｜2017年創業
✨ 培養實戰導師 × 輔導創業
📍 中泰式按摩｜艾草溫罐美胸師｜牛角撥經
👉 做自己的主，從技術開始",自律神經失調,business,
joy76.27,方寊｜按摩教學｜暖腹養護｜美胸養護,"紅了不代表你準備好了
有些人紅太快，反而迷失更快
因為還沒找到自己，就先被外界定義完了
別急
現在的沉寂
其實是保護你別太早曝光在錯的舞台。",2025/7/1 20:44,"💪 從工地女孩 → 技術創業者
🏠 創立「技術透天工作室」
📚 12年經絡調理｜2017年創業
✨ 培養實戰導師 × 輔導創業
📍 中泰式按摩｜艾草溫罐美胸師｜牛角撥經
👉 做自己的主，從技術開始",自律神經失調,business,
joy76.27,方寊｜按摩教學｜暖腹養護｜美胸養護,"你不是沒有創作天分
只是一發完就看數據
然後開始否定自己
但其實真正的能量
只在「不想表現什麼，只想說真話」的那一瞬間。",2025/7/1 20:00,"💪 從工地女孩 → 技術創業者
🏠 創立「技術透天工作室」
📚 12年經絡調理｜2017年創業
✨ 培養實戰導師 × 輔導創業
📍 中泰式按摩｜艾草溫罐美胸師｜牛角撥經
👉 做自己的主，從技術開始",自律神經失調,business,
joy76.27,方寊｜按摩教學｜暖腹養護｜美胸養護,"你說你的東西沒人關注？
但其實沒人攻擊你、沒人扭曲你、沒人誤解你
這代表——你還很自由
當你開始被討厭，那才是你開始有聲音的時候
現在，剛剛好
安靜，純粹，自在。",2025/7/1 19:35,"💪 從工地女孩 → 技術創業者
🏠 創立「技術透天工作室」
📚 12年經絡調理｜2017年創業
✨ 培養實戰導師 × 輔導創業
📍 中泰式按摩｜艾草溫罐美胸師｜牛角撥經
👉 做自己的主，從技術開始",自律神經失調,business,
joy76.27,方寊｜按摩教學｜暖腹養護｜美胸養護,"每一次發文
不是向外吶喊
而是向內靠近自己
不是為了討喜
是為了安頓
創作，不是表演給世界看
是讓自己留在世界裡。",2025/7/1 19:00,"💪 從工地女孩 → 技術創業者
🏠 創立「技術透天工作室」
📚 12年經絡調理｜2017年創業
✨ 培養實戰導師 × 輔導創業
📍 中泰式按摩｜艾草溫罐美胸師｜牛角撥經
👉 做自己的主，從技術開始",自律神經失調,business,
joy76.27,方寊｜按摩教學｜暖腹養護｜美胸養護,"可以跟風、加特效、做浮誇的標題
可以變成流量機器，追著趨勢跑
但你知道嗎？
這些都會消耗創作的初心
那個「我想說點什麼」的念頭",2025/7/1 18:51,"💪 從工地女孩 → 技術創業者
🏠 創立「技術透天工作室」
📚 12年經絡調理｜2017年創業
✨ 培養實戰導師 × 輔導創業
📍 中泰式按摩｜艾草溫罐美胸師｜牛角撥經
👉 做自己的主，從技術開始",自律神經失調,business,
joy76.27,方寊｜按摩教學｜暖腹養護｜美胸養護,"每個創作者，
都經歷一段「像在對空氣說話」的時期
但那不是沒人聽
而是大家都還在觀望：你能不能穩定、夠不夠真",2025/7/1 18:00,"💪 從工地女孩 → 技術創業者
🏠 創立「技術透天工作室」
📚 12年經絡調理｜2017年創業
✨ 培養實戰導師 × 輔導創業
📍 中泰式按摩｜艾草溫罐美胸師｜牛角撥經
👉 做自己的主，從技術開始",自律神經失調,business,
joy76.27,方寊｜按摩教學｜暖腹養護｜美胸養護,"有時候你發文，不是為了現在有人看
而是為了未來的某一天
快撐不下去時
能看見曾經的自己，寫過這些話、走過那些路
你以為你在創作
其實在預留救自己的出口。",2025/7/1 17:19,"💪 從工地女孩 → 技術創業者
🏠 創立「技術透天工作室」
📚 12年經絡調理｜2017年創業
✨ 培養實戰導師 × 輔導創業
📍 中泰式按摩｜艾草溫罐美胸師｜牛角撥經
👉 做自己的主，從技術開始",自律神經失調,business,
joy76.27,方寊｜按摩教學｜暖腹養護｜美胸養護,"有些人追求的是讚、有些人追的是光
而你在找的是價值感
別急著讓全世界喜歡你
你不是來迎合的
是來提醒世界：真誠還是存在的。",2025/7/1 17:00,"💪 從工地女孩 → 技術創業者
🏠 創立「技術透天工作室」
📚 12年經絡調理｜2017年創業
✨ 培養實戰導師 × 輔導創業
📍 中泰式按摩｜艾草溫罐美胸師｜牛角撥經
👉 做自己的主，從技術開始",自律神經失調,business,
joy76.27,方寊｜按摩教學｜暖腹養護｜美胸養護,"只要你連續三天醒來都覺得「生活好無聊」
大腦就會默默啟動「無意識逃避」模式
會開始滑手機、拖延、分心、失誤變多
不是不夠自律
是你根本不想過這樣的人生。",2025/7/1 16:29,"💪 從工地女孩 → 技術創業者
🏠 創立「技術透天工作室」
📚 12年經絡調理｜2017年創業
✨ 培養實戰導師 × 輔導創業
📍 中泰式按摩｜艾草溫罐美胸師｜牛角撥經
👉 做自己的主，從技術開始",自律神經失調,business,
joy76.27,方寊｜按摩教學｜暖腹養護｜美胸養護,"偶爾沒效率一點也沒關係
又不是機器
只是個想要好好活著的人",2025/7/1 16:00,"💪 從工地女孩 → 技術創業者
🏠 創立「技術透天工作室」
📚 12年經絡調理｜2017年創業
✨ 培養實戰導師 × 輔導創業
📍 中泰式按摩｜艾草溫罐美胸師｜牛角撥經
👉 做自己的主，從技術開始",自律神經失調,business,
joy76.27,方寊｜按摩教學｜暖腹養護｜美胸養護,"人類面對「為什麼」時，會自動進入防禦狀態。
但只要換句話：「你怎麼看？」
就能觸發他的大腦進入「主導者模式」。
感受到被重視、被認同，
便會說得越多、信任越深。
真正厲害的社交，不靠說服，
而是誘導對方打開話匣子。",2025/7/1 15:25,"💪 從工地女孩 → 技術創業者
🏠 創立「技術透天工作室」
📚 12年經絡調理｜2017年創業
✨ 培養實戰導師 × 輔導創業
📍 中泰式按摩｜艾草溫罐美胸師｜牛角撥經
👉 做自己的主，從技術開始",自律神經失調,business,
joy76.27,方寊｜按摩教學｜暖腹養護｜美胸養護,"總有人會喜歡現在這樣的你
不用討好、也不用改太多
已經很好了，只是還沒被對的人看見",2025/7/1 15:00,"💪 從工地女孩 → 技術創業者
🏠 創立「技術透天工作室」
📚 12年經絡調理｜2017年創業
✨ 培養實戰導師 × 輔導創業
📍 中泰式按摩｜艾草溫罐美胸師｜牛角撥經
👉 做自己的主，從技術開始",自律神經失調,business,
joy76.27,方寊｜按摩教學｜暖腹養護｜美胸養護,"戒掉廉價多巴胺，找回真實的快樂
你不是快樂，你只是被刺激了一下。
這些不是自由，是麻痺：
．色情與短影音
．無止境的滑社群
．垃圾食物與酒精
．拖延與自我厭惡
不是不快樂
只是習慣了「假的快樂」。",2025/7/1 14:21,"💪 從工地女孩 → 技術創業者
🏠 創立「技術透天工作室」
📚 12年經絡調理｜2017年創業
✨ 培養實戰導師 × 輔導創業
📍 中泰式按摩｜艾草溫罐美胸師｜牛角撥經
👉 做自己的主，從技術開始",自律神經失調,business,
joy76.27,方寊｜按摩教學｜暖腹養護｜美胸養護,"有時候不是變冷淡
是太多事情放在心裡，累了，不想一直解釋了",2025/7/1 14:00,"💪 從工地女孩 → 技術創業者
🏠 創立「技術透天工作室」
📚 12年經絡調理｜2017年創業
✨ 培養實戰導師 × 輔導創業
📍 中泰式按摩｜艾草溫罐美胸師｜牛角撥經
👉 做自己的主，從技術開始",自律神經失調,business,
joy76.27,方寊｜按摩教學｜暖腹養護｜美胸養護,"想要變成一個被信任、被喜歡、被需要的人？
不是靠說話技巧，是靠「利他思維」。
✔ 幫朋友轉發履歷
✔ 有機會時記得分享給別人
✔ 路上看到老奶奶就順手扶一下
✔ 講座後私訊鼓勵講者一句話
✔ 幫人拿一下東西，撿起地上的文件
✔ 分享一本好書、一堂好課給身邊人
✔ 更重要的是：記得曾經幫助過你的人
這些微小的善意，會長出很大的信任。
時間會幫你累積人脈、貴人、機會
因為你，值得。",2025/7/1 13:28,"💪 從工地女孩 → 技術創業者
🏠 創立「技術透天工作室」
📚 12年經絡調理｜2017年創業
✨ 培養實戰導師 × 輔導創業
📍 中泰式按摩｜艾草溫罐美胸師｜牛角撥經
👉 做自己的主，從技術開始",自律神經失調,business,
joy76.27,方寊｜按摩教學｜暖腹養護｜美胸養護,"生活有時候會突然變得很吵
但沒關係，找個地方安靜一下
會慢慢想起自己要去哪裡",2025/7/1 13:00,"💪 從工地女孩 → 技術創業者
🏠 創立「技術透天工作室」
📚 12年經絡調理｜2017年創業
✨ 培養實戰導師 × 輔導創業
📍 中泰式按摩｜艾草溫罐美胸師｜牛角撥經
👉 做自己的主，從技術開始",自律神經失調,business,
joy76.27,方寊｜按摩教學｜暖腹養護｜美胸養護,"不要讓數字麻痺你
你的分享從來不小
只是你忘了看見那些正在默默在乎你的人。",2025/7/1 12:17,"💪 從工地女孩 → 技術創業者
🏠 創立「技術透天工作室」
📚 12年經絡調理｜2017年創業
✨ 培養實戰導師 × 輔導創業
📍 中泰式按摩｜艾草溫罐美胸師｜牛角撥經
👉 做自己的主，從技術開始",自律神經失調,business,
joy76.27,方寊｜按摩教學｜暖腹養護｜美胸養護,"沒必要把每天都過得很滿
可以什麼都不做，單純呼吸、發呆、耍廢
這也是一種過日子",2025/7/1 12:00,"💪 從工地女孩 → 技術創業者
🏠 創立「技術透天工作室」
📚 12年經絡調理｜2017年創業
✨ 培養實戰導師 × 輔導創業
📍 中泰式按摩｜艾草溫罐美胸師｜牛角撥經
👉 做自己的主，從技術開始",自律神經失調,business,
joy76.27,方寊｜按摩教學｜暖腹養護｜美胸養護,"不是你沒人按讚
是你沒在討好誰
演算法喜歡情緒化
人們喜歡包裝過的快樂
但你選擇做自己——
有點脆弱、有點真、有點沉默
所以速度慢、聲量小
但別懷疑，你吸引來的都會是真的。",2025/7/1 11:30,"💪 從工地女孩 → 技術創業者
🏠 創立「技術透天工作室」
📚 12年經絡調理｜2017年創業
✨ 培養實戰導師 × 輔導創業
📍 中泰式按摩｜艾草溫罐美胸師｜牛角撥經
👉 做自己的主，從技術開始",自律神經失調,business,
joy76.27,方寊｜按摩教學｜暖腹養護｜美胸養護,"不是非得樂觀才叫堅強
已經撐過很多難熬的日子了
能活到現在，已經夠厲害了",2025/7/1 11:00,"💪 從工地女孩 → 技術創業者
🏠 創立「技術透天工作室」
📚 12年經絡調理｜2017年創業
✨ 培養實戰導師 × 輔導創業
📍 中泰式按摩｜艾草溫罐美胸師｜牛角撥經
👉 做自己的主，從技術開始",自律神經失調,business,
joy76.27,方寊｜按摩教學｜暖腹養護｜美胸養護,"寫文、拍片不是等紅心愛心
是在召喚——
那些頻率一樣的人
那些走在黑暗裡，剛好需要這句話的人
那些不知道該說什麼、但看到就點了收藏的人
不是在找觀眾
在找同伴。",2025/7/1 10:30,"💪 從工地女孩 → 技術創業者
🏠 創立「技術透天工作室」
📚 12年經絡調理｜2017年創業
✨ 培養實戰導師 × 輔導創業
📍 中泰式按摩｜艾草溫罐美胸師｜牛角撥經
👉 做自己的主，從技術開始",自律神經失調,business,
joy76.27,方寊｜按摩教學｜暖腹養護｜美胸養護,"不需要一直是那個沒事的人
可以軟弱一下，真的沒關係",2025/7/1 10:00,"💪 從工地女孩 → 技術創業者
🏠 創立「技術透天工作室」
📚 12年經絡調理｜2017年創業
✨ 培養實戰導師 × 輔導創業
📍 中泰式按摩｜艾草溫罐美胸師｜牛角撥經
👉 做自己的主，從技術開始",自律神經失調,business,
joy76.27,方寊｜按摩教學｜暖腹養護｜美胸養護,"如果你教得太細、說得太專業
看不懂的人會滑走
懂的人會默默收藏
別為不懂你的人改變深度
因為你不是做表演的
你是來建構價值的。",2025/7/1 09:59,"💪 從工地女孩 → 技術創業者
🏠 創立「技術透天工作室」
📚 12年經絡調理｜2017年創業
✨ 培養實戰導師 × 輔導創業
📍 中泰式按摩｜艾草溫罐美胸師｜牛角撥經
👉 做自己的主，從技術開始",自律神經失調,business,
joy76.27,方寊｜按摩教學｜暖腹養護｜美胸養護,"你以為沒人回
就等於沒人在意
但有些人只是——
習慣安靜關注
不是不在乎
只是沒表達
你不知道，你的文字其實早就在陪他過日子了。",2025/7/1 09:30,"💪 從工地女孩 → 技術創業者
🏠 創立「技術透天工作室」
📚 12年經絡調理｜2017年創業
✨ 培養實戰導師 × 輔導創業
📍 中泰式按摩｜艾草溫罐美胸師｜牛角撥經
👉 做自己的主，從技術開始",自律神經失調,business,
joy76.27,方寊｜按摩教學｜暖腹養護｜美胸養護,"允許自己什麼都不做一下
你不是停滯，你只是在補氣",2025/7/1 09:00,"💪 從工地女孩 → 技術創業者
🏠 創立「技術透天工作室」
📚 12年經絡調理｜2017年創業
✨ 培養實戰導師 × 輔導創業
📍 中泰式按摩｜艾草溫罐美胸師｜牛角撥經
👉 做自己的主，從技術開始",自律神經失調,business,
joy76.27,方寊｜按摩教學｜暖腹養護｜美胸養護,"開場就自嘲的人，看似親切
其實是怕別人先攻擊，所以搶先一步卸甲
真正自信的人，不會拿自己當笑話
因為他知道：沉默，比好笑更有力量",2025/6/30 23:30,"💪 從工地女孩 → 技術創業者
🏠 創立「技術透天工作室」
📚 12年經絡調理｜2017年創業
✨ 培養實戰導師 × 輔導創業
📍 中泰式按摩｜艾草溫罐美胸師｜牛角撥經
👉 做自己的主，從技術開始",自律神經失調,business,
joy76.27,方寊｜按摩教學｜暖腹養護｜美胸養護,"在群體中，誰的姿勢最放鬆
誰就容易被潛意識視為「領導者」
所以，進場不必搶話
坐得穩的人，才讓人自動看齊",2025/6/30 23:00,"💪 從工地女孩 → 技術創業者
🏠 創立「技術透天工作室」
📚 12年經絡調理｜2017年創業
✨ 培養實戰導師 × 輔導創業
📍 中泰式按摩｜艾草溫罐美胸師｜牛角撥經
👉 做自己的主，從技術開始",自律神經失調,business,
joy76.27,方寊｜按摩教學｜暖腹養護｜美胸養護,"人一緊張就會「笑」
笑不代表放鬆，反而是壓力太大的防禦反應
所以，下次你看到對方狂笑
別被表情騙了，他可能只是不敢說真話",2025/6/30 22:30,"💪 從工地女孩 → 技術創業者
🏠 創立「技術透天工作室」
📚 12年經絡調理｜2017年創業
✨ 培養實戰導師 × 輔導創業
📍 中泰式按摩｜艾草溫罐美胸師｜牛角撥經
👉 做自己的主，從技術開始",自律神經失調,business,
joy76.27,方寊｜按摩教學｜暖腹養護｜美胸養護,"人類無法長時間直視不熟的人眼睛
所以敢「盯著你看」的人，
不是真的有禮貌，而是在試探你的底線
誰先移開視線，誰就輸了心理戰",2025/6/30 22:00,"💪 從工地女孩 → 技術創業者
🏠 創立「技術透天工作室」
📚 12年經絡調理｜2017年創業
✨ 培養實戰導師 × 輔導創業
📍 中泰式按摩｜艾草溫罐美胸師｜牛角撥經
👉 做自己的主，從技術開始",自律神經失調,business,
joy76.27,方寊｜按摩教學｜暖腹養護｜美胸養護,"場面一尷尬，人就會急著找話題
但你不接話，反而讓主導權回到自己手上
因為真正強勢的人，
是不怕冷場的人",2025/6/30 21:30,"💪 從工地女孩 → 技術創業者
🏠 創立「技術透天工作室」
📚 12年經絡調理｜2017年創業
✨ 培養實戰導師 × 輔導創業
📍 中泰式按摩｜艾草溫罐美胸師｜牛角撥經
👉 做自己的主，從技術開始",自律神經失調,business,
joy76.27,方寊｜按摩教學｜暖腹養護｜美胸養護,"你越著急解釋，越容易看起來理虧
而真正厲害的人，會淡淡地說一句：
「你怎麼想，是你的自由」
把主控權，還給對方的同時，也證明自己站得住腳",2025/6/30 21:00,"💪 從工地女孩 → 技術創業者
🏠 創立「技術透天工作室」
📚 12年經絡調理｜2017年創業
✨ 培養實戰導師 × 輔導創業
📍 中泰式按摩｜艾草溫罐美胸師｜牛角撥經
👉 做自己的主，從技術開始",自律神經失調,business,
joy76.27,方寊｜按摩教學｜暖腹養護｜美胸養護,"你有沒有發現
一到晚上，什麼事都變得特別有感？
開車有風
洗澡像放空儀式
吃東西超滿足
聽音樂像進入另一個世界
連講電話、看劇也比白天更投入
好像夜晚自帶一種魔法
讓一切感覺都放大十倍
靜下來的時候，連情緒都變溫柔了",2025/6/30 20:30,"💪 從工地女孩 → 技術創業者
🏠 創立「技術透天工作室」
📚 12年經絡調理｜2017年創業
✨ 培養實戰導師 × 輔導創業
📍 中泰式按摩｜艾草溫罐美胸師｜牛角撥經
👉 做自己的主，從技術開始",自律神經失調,business,
joy76.27,方寊｜按摩教學｜暖腹養護｜美胸養護,"語調的高低，會偷偷影響對方的服從程度
研究發現：低沉、緩慢的聲音
比大聲喊話，更容易讓人「無條件點頭」
想掌控局面，先練聲音
不是變兇，是變穩",2025/6/30 20:00,"💪 從工地女孩 → 技術創業者
🏠 創立「技術透天工作室」
📚 12年經絡調理｜2017年創業
✨ 培養實戰導師 × 輔導創業
📍 中泰式按摩｜艾草溫罐美胸師｜牛角撥經
👉 做自己的主，從技術開始",自律神經失調,business,
joy76.27,方寊｜按摩教學｜暖腹養護｜美胸養護,"內向的人不是不會玩
只是沒必要讓別人知道我們玩得多瘋
因為我們享受的是當下，不是目光",2025/6/30 19:30,"💪 從工地女孩 → 技術創業者
🏠 創立「技術透天工作室」
📚 12年經絡調理｜2017年創業
✨ 培養實戰導師 × 輔導創業
📍 中泰式按摩｜艾草溫罐美胸師｜牛角撥經
👉 做自己的主，從技術開始",自律神經失調,business,
joy76.27,方寊｜按摩教學｜暖腹養護｜美胸養護,"當一個人說很多，是因為他想被認同
當一個人話很少，反而讓人想靠近
因為人天生會對「不可預測」的對象產生吸引力
所以，別急著表現自己
讓人猜不透，才是你的魅力",2025/6/30 19:00,"💪 從工地女孩 → 技術創業者
🏠 創立「技術透天工作室」
📚 12年經絡調理｜2017年創業
✨ 培養實戰導師 × 輔導創業
📍 中泰式按摩｜艾草溫罐美胸師｜牛角撥經
👉 做自己的主，從技術開始",自律神經失調,business,
joy76.27,方寊｜按摩教學｜暖腹養護｜美胸養護,"最快樂的，
從來不是放假的那天
而是放假前一晚的那種期待",2025/6/30 18:30,"💪 從工地女孩 → 技術創業者
🏠 創立「技術透天工作室」
📚 12年經絡調理｜2017年創業
✨ 培養實戰導師 × 輔導創業
📍 中泰式按摩｜艾草溫罐美胸師｜牛角撥經
👉 做自己的主，從技術開始",自律神經失調,business,
joy76.27,方寊｜按摩教學｜暖腹養護｜美胸養護,"你知道嗎？
人在面對沉默時，腦袋會自動填補空白
這就是為什麼
你只要「不解釋」，對方反而會「自己腦補」你有底氣
所以，別急著說明
沉默，反而是種支配感",2025/6/30 17:59,"💪 從工地女孩 → 技術創業者
🏠 創立「技術透天工作室」
📚 12年經絡調理｜2017年創業
✨ 培養實戰導師 × 輔導創業
📍 中泰式按摩｜艾草溫罐美胸師｜牛角撥經
👉 做自己的主，從技術開始",自律神經失調,business,
joy76.27,方寊｜按摩教學｜暖腹養護｜美胸養護,"忘了帶耳機出門⋯
就像戰士忘了帶劍
巫師忘了帶法杖
刺客忘了帶匕首
只剩肉身，赤裸迎戰世界。",2025/6/30 17:30,"💪 從工地女孩 → 技術創業者
🏠 創立「技術透天工作室」
📚 12年經絡調理｜2017年創業
✨ 培養實戰導師 × 輔導創業
📍 中泰式按摩｜艾草溫罐美胸師｜牛角撥經
👉 做自己的主，從技術開始",自律神經失調,business,
joy76.27,方寊｜按摩教學｜暖腹養護｜美胸養護,"🖤【沉默者的致勝法則】
真正厲害的人，從不靠話多取勝
1｜回話前先停頓1秒，讓氣氛微妙起來
2｜多聽少說，人會自己洩露底牌
3｜講話別猶豫，語氣一飄就輸了
4｜拋出問題，而不是等著被問
5｜壓低聲音，比大聲更有威懾
6｜話少一點，讓人想靠近你
7｜別等散場，先走的那個才是焦點",2025/6/30 17:00,"💪 從工地女孩 → 技術創業者
🏠 創立「技術透天工作室」
📚 12年經絡調理｜2017年創業
✨ 培養實戰導師 × 輔導創業
📍 中泰式按摩｜艾草溫罐美胸師｜牛角撥經
👉 做自己的主，從技術開始",自律神經失調,business,
joy76.27,方寊｜按摩教學｜暖腹養護｜美胸養護,"不管天氣多熱
我睡覺就是一定要蓋棉被",2025/6/30 16:30,"💪 從工地女孩 → 技術創業者
🏠 創立「技術透天工作室」
📚 12年經絡調理｜2017年創業
✨ 培養實戰導師 × 輔導創業
📍 中泰式按摩｜艾草溫罐美胸師｜牛角撥經
👉 做自己的主，從技術開始",自律神經失調,business,
joy76.27,方寊｜按摩教學｜暖腹養護｜美胸養護,"別人快，不代表你慢就不好
每個人的人生節奏不一樣
你只要記得往前走
就算慢一點，也比站在原地懷疑自己來得好",2025/6/30 16:00,"💪 從工地女孩 → 技術創業者
🏠 創立「技術透天工作室」
📚 12年經絡調理｜2017年創業
✨ 培養實戰導師 × 輔導創業
📍 中泰式按摩｜艾草溫罐美胸師｜牛角撥經
👉 做自己的主，從技術開始",自律神經失調,business,
joy76.27,方寊｜按摩教學｜暖腹養護｜美胸養護,"以為25個讚很少？
那是因為你把自己當帳號經營
忘了自己其實是個人
25個人按讚＝25個人願意停下來，給你一個反應
在現實中，這其實超暖",2025/6/30 15:30,"💪 從工地女孩 → 技術創業者
🏠 創立「技術透天工作室」
📚 12年經絡調理｜2017年創業
✨ 培養實戰導師 × 輔導創業
📍 中泰式按摩｜艾草溫罐美胸師｜牛角撥經
👉 做自己的主，從技術開始",自律神經失調,business,
joy76.27,方寊｜按摩教學｜暖腹養護｜美胸養護,"難過的時候別急著說「我沒事」
你可以有情緒，可以崩潰",2025/6/30 15:00,"💪 從工地女孩 → 技術創業者
🏠 創立「技術透天工作室」
📚 12年經絡調理｜2017年創業
✨ 培養實戰導師 × 輔導創業
📍 中泰式按摩｜艾草溫罐美胸師｜牛角撥經
👉 做自己的主，從技術開始",自律神經失調,business,
joy76.27,方寊｜按摩教學｜暖腹養護｜美胸養護,"古埃及人相信：人死後會經歷七重試煉
記憶、良心、守護、審判……
直到最後一道門，問你一個問題：
「你，還活在誰的記憶裡？」
他們說，靈魂真正的消失
不是斷氣的那刻
而是當世界上，再沒有人提起你名字的時候",2025/6/30 14:35,"💪 從工地女孩 → 技術創業者
🏠 創立「技術透天工作室」
📚 12年經絡調理｜2017年創業
✨ 培養實戰導師 × 輔導創業
📍 中泰式按摩｜艾草溫罐美胸師｜牛角撥經
👉 做自己的主，從技術開始",自律神經失調,business,
joy76.27,方寊｜按摩教學｜暖腹養護｜美胸養護,"擁抱超過20秒，大腦會釋放大量催產素，
這種「依附荷爾蒙」會讓人感到被愛、
安全、被接住。
難怪擁抱真的有療效。",2025/6/21 22:00,"💪 從工地女孩 → 技術創業者
🏠 創立「技術透天工作室」
📚 12年經絡調理｜2017年創業
✨ 培養實戰導師 × 輔導創業
📍 中泰式按摩｜艾草溫罐美胸師｜牛角撥經
👉 做自己的主，從技術開始",自律神經失調,business,
joy76.27,方寊｜按摩教學｜暖腹養護｜美胸養護,"大腦不會把記憶永久儲存，
而是每次想起時「重新建構」。
換句話說，記憶不只是回憶過去，
更是編輯現在的你。",2025/6/21 21:00,"💪 從工地女孩 → 技術創業者
🏠 創立「技術透天工作室」
📚 12年經絡調理｜2017年創業
✨ 培養實戰導師 × 輔導創業
📍 中泰式按摩｜艾草溫罐美胸師｜牛角撥經
👉 做自己的主，從技術開始",自律神經失調,business,
joy76.27,方寊｜按摩教學｜暖腹養護｜美胸養護,"人有三種眼淚：基礎型、反射型、情緒型。
只有「情緒流淚」能釋放壓力賀爾蒙，
這也是為什麼「哭完會舒服一點」，是真的。",2025/6/21 20:00,"💪 從工地女孩 → 技術創業者
🏠 創立「技術透天工作室」
📚 12年經絡調理｜2017年創業
✨ 培養實戰導師 × 輔導創業
📍 中泰式按摩｜艾草溫罐美胸師｜牛角撥經
👉 做自己的主，從技術開始",自律神經失調,business,
joy76.27,方寊｜按摩教學｜暖腹養護｜美胸養護,"人在壓力大時，嗅覺會變得比較遲鈍。
所以有時你聞不到花香，不是季節的錯，
是你太累了。",2025/6/21 19:00,"💪 從工地女孩 → 技術創業者
🏠 創立「技術透天工作室」
📚 12年經絡調理｜2017年創業
✨ 培養實戰導師 × 輔導創業
📍 中泰式按摩｜艾草溫罐美胸師｜牛角撥經
👉 做自己的主，從技術開始",自律神經失調,business,
joy76.27,方寊｜按摩教學｜暖腹養護｜美胸養護,"你知道嗎？
人的大腦在「想像快樂」時，活躍區域跟「真正快樂」時是一樣的。
也就是說，光是想一想幸福，大腦就能騙過自己。",2025/6/21 18:00,"💪 從工地女孩 → 技術創業者
🏠 創立「技術透天工作室」
📚 12年經絡調理｜2017年創業
✨ 培養實戰導師 × 輔導創業
📍 中泰式按摩｜艾草溫罐美胸師｜牛角撥經
👉 做自己的主，從技術開始",自律神經失調,business,
joy76.27,方寊｜按摩教學｜暖腹養護｜美胸養護,"當一件事真的傷到你，
你往往說不出話來。
真正的痛，是沈默。
會四處訴說的，其實都還好——
那不是傷，是情緒找出口，
有時甚至只是想要一點關注。
你越安靜，代表那件事越重。
真正受過傷的人，都懂。",2025/6/21 17:00,"💪 從工地女孩 → 技術創業者
🏠 創立「技術透天工作室」
📚 12年經絡調理｜2017年創業
✨ 培養實戰導師 × 輔導創業
📍 中泰式按摩｜艾草溫罐美胸師｜牛角撥經
👉 做自己的主，從技術開始",自律神經失調,business,
joy76.27,方寊｜按摩教學｜暖腹養護｜美胸養護,"這幾種人，不值得深交
• 用完你就走的人 —— 過河拆橋，轉身無情
• 看你過得好就不爽的人 —— 嫉妒，從不會藏得住
• 出了事只會甩鍋的人 —— 朋友不該是替罪羊
別太遷就人性中的自私，
你可以善良，但別沒底線。",2025/6/21 16:00,"💪 從工地女孩 → 技術創業者
🏠 創立「技術透天工作室」
📚 12年經絡調理｜2017年創業
✨ 培養實戰導師 × 輔導創業
📍 中泰式按摩｜艾草溫罐美胸師｜牛角撥經
👉 做自己的主，從技術開始",自律神經失調,business,
joy76.27,方寊｜按摩教學｜暖腹養護｜美胸養護,"這世界永遠留給
願意跳脫框架的人。
因為真正的風景，
都藏在少有人走的那條路上。",2025/6/21 15:00,"💪 從工地女孩 → 技術創業者
🏠 創立「技術透天工作室」
📚 12年經絡調理｜2017年創業
✨ 培養實戰導師 × 輔導創業
📍 中泰式按摩｜艾草溫罐美胸師｜牛角撥經
👉 做自己的主，從技術開始",自律神經失調,business,
joy76.27,方寊｜按摩教學｜暖腹養護｜美胸養護,"當所有人都往同一個方向奔跑，
不妨停下來，往反方向思考看看。
或者，換個角度切入——
你可能會看到，那些別人看不見的機會。",2025/6/21 14:00,"💪 從工地女孩 → 技術創業者
🏠 創立「技術透天工作室」
📚 12年經絡調理｜2017年創業
✨ 培養實戰導師 × 輔導創業
📍 中泰式按摩｜艾草溫罐美胸師｜牛角撥經
👉 做自己的主，從技術開始",自律神經失調,business,
joy76.27,方寊｜按摩教學｜暖腹養護｜美胸養護,"擁有「逆向思維」，
不是為了唱反調，
而是找到屬於你自己的藍海策略。",2025/6/21 12:59,"💪 從工地女孩 → 技術創業者
🏠 創立「技術透天工作室」
📚 12年經絡調理｜2017年創業
✨ 培養實戰導師 × 輔導創業
📍 中泰式按摩｜艾草溫罐美胸師｜牛角撥經
👉 做自己的主，從技術開始",自律神經失調,business,
joy76.27,方寊｜按摩教學｜暖腹養護｜美胸養護,"迷茫的時候，
不是需要更多的想法，
而是需要一點，能讓心靜下來的風景。
你有多久，沒好好看一場日出或日落了？",2025/6/21 12:00,"💪 從工地女孩 → 技術創業者
🏠 創立「技術透天工作室」
📚 12年經絡調理｜2017年創業
✨ 培養實戰導師 × 輔導創業
📍 中泰式按摩｜艾草溫罐美胸師｜牛角撥經
👉 做自己的主，從技術開始",自律神經失調,business,
joy76.27,方寊｜按摩教學｜暖腹養護｜美胸養護,"當人靜靜看著日出或日落超過五分鐘，
對生活的滿意度會明顯提升。
不管是在山頂、海邊，還是房間的窗邊，
只要你願意停下來望一望，
天地交界的那抹光，就能給你答案。",2025/6/21 11:00,"💪 從工地女孩 → 技術創業者
🏠 創立「技術透天工作室」
📚 12年經絡調理｜2017年創業
✨ 培養實戰導師 × 輔導創業
📍 中泰式按摩｜艾草溫罐美胸師｜牛角撥經
👉 做自己的主，從技術開始",自律神經失調,business,
joy76.27,方寊｜按摩教學｜暖腹養護｜美胸養護,"【在低谷的時候，請提醒自己】
1沒有什麼是永遠的，連痛苦也一樣。
2現在的難熬，只是人生的一段過程，不是結局。
3你的直覺一直都在，只是你太久沒聽它說話了。
4療癒，不是逃避，而是願意誠實看見真相。
5你走得再慢，也比停下來更靠近出口。
6無論多累，都不要放棄自己。
7哪怕很迷惘，也試著把重心放回「成長」這件事。
你正在熬的這一關，不是失敗，是重生的開始。",2025/6/21 09:59,"💪 從工地女孩 → 技術創業者
🏠 創立「技術透天工作室」
📚 12年經絡調理｜2017年創業
✨ 培養實戰導師 × 輔導創業
📍 中泰式按摩｜艾草溫罐美胸師｜牛角撥經
👉 做自己的主，從技術開始",自律神經失調,business,
joy76.27,方寊｜按摩教學｜暖腹養護｜美胸養護,"有時候，選擇沉默，
不是孤僻，是一種保護。
把夢想留給值得的人聽，
把能量，留給真正在乎的人用。",2025/6/21 09:00,"💪 從工地女孩 → 技術創業者
🏠 創立「技術透天工作室」
📚 12年經絡調理｜2017年創業
✨ 培養實戰導師 × 輔導創業
📍 中泰式按摩｜艾草溫罐美胸師｜牛角撥經
👉 做自己的主，從技術開始",自律神經失調,business,
joy76.27,方寊｜按摩教學｜暖腹養護｜美胸養護,"我可以保證，
你此生最清醒、最不後悔的決定之一就是：
停止向某些人分享你的生活與計劃。
不是每個人，都值得知道你的進展；
不是每雙耳朵，都配聽你的夢想；
不是每句回應，都帶著祝福。",2025/6/20 21:59,"💪 從工地女孩 → 技術創業者
🏠 創立「技術透天工作室」
📚 12年經絡調理｜2017年創業
✨ 培養實戰導師 × 輔導創業
📍 中泰式按摩｜艾草溫罐美胸師｜牛角撥經
👉 做自己的主，從技術開始",自律神經失調,business,
joy76.27,方寊｜按摩教學｜暖腹養護｜美胸養護,"【人生中最奢侈的幾樣東西】
不是名牌，不是跑車，而是——
1｜能自由支配的時間
2｜不痛不病的身體
3｜無風也能安穩的心
4｜不慌不忙的早晨
5｜說走就走的勇氣
6｜有人等你回家的地方
這些看似平凡，
其實是很多人求而不得的奢侈。",2025/6/20 21:00,"💪 從工地女孩 → 技術創業者
🏠 創立「技術透天工作室」
📚 12年經絡調理｜2017年創業
✨ 培養實戰導師 × 輔導創業
📍 中泰式按摩｜艾草溫罐美胸師｜牛角撥經
👉 做自己的主，從技術開始",自律神經失調,business,
joy76.27,方寊｜按摩教學｜暖腹養護｜美胸養護,"「想變強，就要學會獨處。」
我花了很久才明白，
孤單（lonely）和獨處（alone），其實是兩件事。
獨處，是現實的狀態。
孤單，卻是內心某種沒被回應的期待。
當你學會享受獨處，
你就不再害怕任何人的離開。
因為你知道，真正的力量，
是自己撐起自己。",2025/6/20 19:59,"💪 從工地女孩 → 技術創業者
🏠 創立「技術透天工作室」
📚 12年經絡調理｜2017年創業
✨ 培養實戰導師 × 輔導創業
📍 中泰式按摩｜艾草溫罐美胸師｜牛角撥經
👉 做自己的主，從技術開始",自律神經失調,business,
joy76.27,方寊｜按摩教學｜暖腹養護｜美胸養護,"你有沒有發現？
說錢不重要的人，早就財富自由了
說長相不重要的人，自拍可以當封面
說惡魔果實不重要的人，一出場就開掛",2025/6/20 19:00,"💪 從工地女孩 → 技術創業者
🏠 創立「技術透天工作室」
📚 12年經絡調理｜2017年創業
✨ 培養實戰導師 × 輔導創業
📍 中泰式按摩｜艾草溫罐美胸師｜牛角撥經
👉 做自己的主，從技術開始",自律神經失調,business,
joy76.27,方寊｜按摩教學｜暖腹養護｜美胸養護,"為什麼要去恨一個人呢？
那是世界上最耗能的情緒了。
恨一個人，你得時時刻刻記得他、
想著他、為他生氣。
那不是解脫，是被綁架。
我選擇放過自己，繼續往前走。",2025/6/20 18:00,"💪 從工地女孩 → 技術創業者
🏠 創立「技術透天工作室」
📚 12年經絡調理｜2017年創業
✨ 培養實戰導師 × 輔導創業
📍 中泰式按摩｜艾草溫罐美胸師｜牛角撥經
👉 做自己的主，從技術開始",自律神經失調,business,
joy76.27,方寊｜按摩教學｜暖腹養護｜美胸養護,"你知道什麼是報復性熬夜嗎？
就是你明知道明天要早起，
還是捨不得睡。
因為白天的你，不是自己的。
只有深夜，是你不需要配合誰的時間。",2025/6/19 22:00,"💪 從工地女孩 → 技術創業者
🏠 創立「技術透天工作室」
📚 12年經絡調理｜2017年創業
✨ 培養實戰導師 × 輔導創業
📍 中泰式按摩｜艾草溫罐美胸師｜牛角撥經
👉 做自己的主，從技術開始",自律神經失調,business,
joy76.27,方寊｜按摩教學｜暖腹養護｜美胸養護,"有些聚會，讓你連手機都忘了滑。
那不是因為你忙，是因為你快樂得剛剛好。",2025/6/19 21:00,"💪 從工地女孩 → 技術創業者
🏠 創立「技術透天工作室」
📚 12年經絡調理｜2017年創業
✨ 培養實戰導師 × 輔導創業
📍 中泰式按摩｜艾草溫罐美胸師｜牛角撥經
👉 做自己的主，從技術開始",自律神經失調,business,
joy76.27,方寊｜按摩教學｜暖腹養護｜美胸養護,"讀書是這世界最神奇的捷徑，
你只需要安靜地坐下幾個小時，
就能站在別人十年經驗的肩膀上。",2025/6/19 20:00,"💪 從工地女孩 → 技術創業者
🏠 創立「技術透天工作室」
📚 12年經絡調理｜2017年創業
✨ 培養實戰導師 × 輔導創業
📍 中泰式按摩｜艾草溫罐美胸師｜牛角撥經
👉 做自己的主，從技術開始",自律神經失調,business,
joy76.27,方寊｜按摩教學｜暖腹養護｜美胸養護,"人一生中，每七年就會失去一半的朋友。
不是誰變了心，只是人生換了路。
別太自責，有些關係就是註定走到這裡。
懂得放手，是成長的一部分。",2025/6/19 19:00,"💪 從工地女孩 → 技術創業者
🏠 創立「技術透天工作室」
📚 12年經絡調理｜2017年創業
✨ 培養實戰導師 × 輔導創業
📍 中泰式按摩｜艾草溫罐美胸師｜牛角撥經
👉 做自己的主，從技術開始",自律神經失調,business,
tianqiaol,Q,"我從小在家就跟著外省爸爸包水餃，而且我是包全家6個人的份，那時我才國小，直到後來長大住外面，從來沒有吃過好吃的水餃，而且我做的醬料跟水餃更是絕配，我的水餃只有加鹽跟醬油，我不知道為什麼外面賣的添加物一堆？
下次有機會要把女兒也教會～",2026/1/18 14:49,新竹單親媽媽脆脆唸,自律神經失調,pass,
tianqiaol,Q,假日也是要給女兒吃營養的早餐～但是一直叫不起來😥,2026/1/18 08:32,新竹單親媽媽脆脆唸,自律神經失調,pass,
tianqiaol,Q,如果每一天都抽籤輪流轉帳一塊錢給同一個人，會不會大家都有錢買房子了？,2026/1/17 08:24,新竹單親媽媽脆脆唸,自律神經失調,pass,
tianqiaol,Q,我11點初在新竹光復路一段掉了Gogoro卡片跟鑰匙，不知道有沒有機會找到,2026/1/16 13:21,新竹單親媽媽脆脆唸,自律神經失調,pass,
miki_lan_04,Miki Lan｜冷氣&洗衣機清潔,"找找自律神經失調的朋友
剛開始總有一種搞不清楚看哪一顆的病
目前有服用藥物
但還是會有不舒服的感覺
而且症狀很多種
但我現在疑惑的是怎麼吃了藥
頭暈、頭脹、胸悶跟一些症狀還是會突然上頭
只是找找聽聽看、聊一聊
也算是來找個心理支持吧
因為真的很想好起來
回到過去
睜開眼睛一整天都不會不舒服的日子",2025/4/6 17:54,"2025正式升格媽咪
脫離舒適圈
順流、逆流，都是力量泉源",自律神經失調,not_enough_posts,
miki_lan_04,Miki Lan｜冷氣&洗衣機清潔,"求推薦
產後媽媽肩頸及全身按摩好地方🥰
想找可自費洗牙、好預約的牙醫診所🥰
#屏東人",2025/3/24 10:57,"2025正式升格媽咪
脫離舒適圈
順流、逆流，都是力量泉源",自律神經失調,not_enough_posts,
fpcchannel.tomi,魚漿先生,"有網友說到他朋友因為思覺失調症惡化，變得無法理解「時間」的概念，無法分辨 30 分鐘前發生的事和 10 年前發生的事，但即使到了那種程度，還是能「工作」。
那時才明白，「能不能工作」這件事完全無法作為一個人是否正常的指標。",2025/7/7 17:55,"🧋魚漿先生🍱｜實名制寫作互助會主持人
52人群組作品發表中
請寫作互助會的群友將意見自由地發表在 Threads 上",思覺失調,non_life,
fpcchannel.tomi,魚漿先生,"網友 okfishfarm 說到小時候的心理創傷，受到許多人的討論與贊同，他說：
小學的時候，全班同學都把「小龍蝦(美洲螯蝦)」叫做「日本螯蝦」。
我根據怎麼養都會變成「美洲螯蝦」的經驗，以及圖鑑上的分布資料，說明埼玉根本不可能有「日本螯蝦」，結果和全班起了爭執。
就在那時，班導走了過來，做出了裁定：「中村(網友)雖然對生物很懂，但這次就少數服從多數了。」
老實說，直到現在，這件事還是我的心理創傷。",2025/7/7 11:35,"🧋魚漿先生🍱｜實名制寫作互助會主持人
52人群組作品發表中
請寫作互助會的群友將意見自由地發表在 Threads 上",思覺失調,non_life,
fpcchannel.tomi,魚漿先生,"看到一個網路的說法，覺得很有創意，分享給大家。
---
Threads 就像迴轉壽司。拿自己喜歡的壽司吃，不喜歡的就讓它繼續轉過去就好。
可是如果你說「我不喜歡這種壽司，請不要讓它出現！」那就太奇怪了。
這又不是專為你開的壽司店。
---
當然我們可以封鎖啦。",2025/7/7 09:06,"🧋魚漿先生🍱｜實名制寫作互助會主持人
52人群組作品發表中
請寫作互助會的群友將意見自由地發表在 Threads 上",思覺失調,non_life,
fpcchannel.tomi,魚漿先生,"「你不是在麵包店工作嗎？那就弄一點免錢的麵包給我吧！」
這種無理要求，大多數人都能理解其荒謬之處。
「你不是很會畫畫嗎？那就免費幫我畫張插圖吧！」
卻有太多人無法理解這也是一種無理要求。
---
很可惜的，其實也會有人這樣凹免費麵包，這是我們針對凹一下議題的引用參考資料。",2025/7/6 21:07,"🧋魚漿先生🍱｜實名制寫作互助會主持人
52人群組作品發表中
請寫作互助會的群友將意見自由地發表在 Threads 上",思覺失調,non_life,
fpcchannel.tomi,魚漿先生,"呂捷的龍蝦理論來到日本變成了草莓聖代理論，也是很貼切呢。
---
問：
男朋友劈腿了，我該怎麼辦呢？
答：
劈腿的人本身就不能接受，這點無需多言，
我認為還是放生比較好(u_u)
請把那傢伙當作「便便」來看待。就算你吃的是草莓聖代，最後還是會變成便便排出來對吧？
看到那坨便便時，你會說：
「可是我忘不了它曾經是草莓聖代，
也許有一天，它會再變回草莓聖代...」
你會這樣想嗎？我想應該不會吧。
去相信一坨便便，只是浪費時間喔！(^^)",2025/7/6 15:37,"🧋魚漿先生🍱｜實名制寫作互助會主持人
52人群組作品發表中
請寫作互助會的群友將意見自由地發表在 Threads 上",思覺失調,non_life,
fpcchannel.tomi,魚漿先生,"網友 R_Nikaido 提到一種說法，說上癮不是「因為想要快感才去做」，而是「為了緩解痛苦才去做」，覺得非常有道理。
的確，開心的事情、美味的東西，如果頻繁地接觸，總有一天會「膩」；但如果是處於需要逃避現實的狀況下，就算已經膩了，因為「有必要」還是會繼續使用。
---
關於理解議題的延伸引用討論，我們談論到錯誤理解有哪些情況。",2025/7/5 11:51,"🧋魚漿先生🍱｜實名制寫作互助會主持人
52人群組作品發表中
請寫作互助會的群友將意見自由地發表在 Threads 上",思覺失調,non_life,
fpcchannel.tomi,魚漿先生,"之前關於理解的議題，引起了脆上的很多人討論，如今網友 Phase0329 提出的這個看法給大家參考。
---
對那些總說「講清楚就能互相理解」的人，你只要問一句：
「你說的『理解』，是不是也包含你願意改變想法、退一步、甚至放棄自己主張的可能性？」
這時通常就會出現很有趣的反應，不少人會當場語塞、開始當機（笑）。
---
我們做為理解議題的討論引用參考資料。",2025/7/5 09:21,"🧋魚漿先生🍱｜實名制寫作互助會主持人
52人群組作品發表中
請寫作互助會的群友將意見自由地發表在 Threads 上",思覺失調,non_life,
fpcchannel.tomi,魚漿先生,「即便明天就是世界末日，我今天依然會種下蘋果樹。」,2025/7/4 21:52,"🧋魚漿先生🍱｜實名制寫作互助會主持人
52人群組作品發表中
請寫作互助會的群友將意見自由地發表在 Threads 上",思覺失調,non_life,
fpcchannel.tomi,魚漿先生,"「抽煙的人比較省醫療費？！」我想大家應該很難想像，這是阿川大樹先生看了研究報告之後的感想，他說：
「正因為香菸對身體有害，所以人們會認為吸菸者的醫療費用應該比較高。於是就進行了正規的數據分析，結果卻發現吸菸者因為早逝，總體醫療費反而比較低。長壽才是最花醫療費的。（仔細想想也是理所當然的結果）
而且雖然說吸菸者的壽命較短，但那些人大多是已經從工作退休的高齡者，所以對經濟生產的影響應該很小，而且他們領取國民年金的年數也較少，對社會的負擔看起來應該也比較輕。」
---
我也在看相關的研究報告中，有新的觀點之後再跟大家分享。",2025/7/4 08:55,"🧋魚漿先生🍱｜實名制寫作互助會主持人
52人群組作品發表中
請寫作互助會的群友將意見自由地發表在 Threads 上",思覺失調,non_life,
fpcchannel.tomi,魚漿先生,"大家有聽過「由於大家都不守規矩，而害你沒辦法守規矩」的情況嗎？網路上有一個很經典的案例。
---
以前
前輩：「太麻煩了，我就直接加班就好，懶得申請了啦～」
我：「欸這樣不好吧…」
前輩：「沒差吧，我自己不報加班，又沒影響到別人。」
今天
主管：「○○每次都默默加班不申請加班費，你們為什麼就不行？」
我：「你看吧，我就說會這樣」
---",2025/7/3 22:32,"🧋魚漿先生🍱｜實名制寫作互助會主持人
52人群組作品發表中
請寫作互助會的群友將意見自由地發表在 Threads 上",思覺失調,non_life,
fpcchannel.tomi,魚漿先生,"剛剛在網路上看到一段話，覺得很喜歡，分享給大家。
「運動，應該是對身體能力的慶祝，不是為了懲罰自己吃了什麼。」",2025/7/3 15:58,"🧋魚漿先生🍱｜實名制寫作互助會主持人
52人群組作品發表中
請寫作互助會的群友將意見自由地發表在 Threads 上",思覺失調,non_life,
fpcchannel.tomi,魚漿先生,"之前我們在討論孤獨議題時，網路上對於孤獨有兩種描述。
第一種孤獨。
在麥當勞裡聽到女高中生說：「比起1個人時的孤獨感，和一個人在一起時的孤獨感更容易讓人受傷。」
第二種孤獨。
松子說：「當你感到孤獨感時，正代表著你很自由呢！」
---
之前關於孤獨議題的補充討論資料。",2025/7/3 12:33,"🧋魚漿先生🍱｜實名制寫作互助會主持人
52人群組作品發表中
請寫作互助會的群友將意見自由地發表在 Threads 上",思覺失調,non_life,
fpcchannel.tomi,魚漿先生,"「與其傷害自己，不如去吃泡菜」這是推友 oc_666_co 提出的有趣觀點。
因為自我傷害行為(例如割傷手臂)，
其實背後有它「大腦機制上的合理性」。
當身體受傷時，大腦會啟動防衛系統，釋放一種叫做「血清素」的神經物質，
它能讓人鎮靜，甚至產生短暫的幸福感。
所以，才會有人說傷口流血時，心好像也沒那麼痛了。
但其實，吃辣的東西對舌頭來說也是一種「微小的自我傷害」，
也會促使血清素分泌。
所以啊，與其用刀傷害自己，
不如先來一口夠辣的泡菜吧。
---
關於自我傷害的延伸討論。",2025/7/2 12:15,"🧋魚漿先生🍱｜實名制寫作互助會主持人
52人群組作品發表中
請寫作互助會的群友將意見自由地發表在 Threads 上",思覺失調,non_life,
fpcchannel.tomi,魚漿先生,"有些人會在無意識中撕扯嘴唇的皮，或者咬、拔指甲白色的部分，這樣的行為被稱為「自我傷害性皮膚症」或「強迫性皮膚拔除症」，台灣稱為「摳皮病」。
據說其原因多半是因為壓力累積過大，或是存在強烈的欲求不滿。如果你察覺自己有這樣的傾向，請不要過度勉強自己，好好照顧身心。
---
關於自傷議題的討論引用資料。",2025/7/2 11:34,"🧋魚漿先生🍱｜實名制寫作互助會主持人
52人群組作品發表中
請寫作互助會的群友將意見自由地發表在 Threads 上",思覺失調,non_life,
fpcchannel.tomi,魚漿先生,"昨天聊到生命相關的議題，網路上有一段說：
・坐在馬桶上時就那樣去世了
・正常下班後回家睡覺，就這樣再也沒醒來
・說自己閃到腰後，下一次傳來的消息就是訃聞
四十多歲，難道是開始「償還身體儲蓄」的年紀嗎？
這類消息透過朋友轉述接連傳來（總會附上「我要去參加同事的葬禮」這種句子），讓我自然地開始注意自己的坐姿與身體狀態……
---
昨天聊到跟生命有關的議題，就有網友說到，除了想不開之外，其實生命很脆弱。",2025/7/2 09:13,"🧋魚漿先生🍱｜實名制寫作互助會主持人
52人群組作品發表中
請寫作互助會的群友將意見自由地發表在 Threads 上",思覺失調,non_life,
fpcchannel.tomi,魚漿先生,"在網路上看到心理相關人士給的建議，覺得很有共鳴，想分享給大家。
把所有的事情都分成一小塊一小塊，或許再小一點，再再小一點。像是洗澡的第一步是先站起來，第二步是走向浴室。
---
關於放棄議題的延伸討論引用資料。",2025/7/1 12:13,"🧋魚漿先生🍱｜實名制寫作互助會主持人
52人群組作品發表中
請寫作互助會的群友將意見自由地發表在 Threads 上",思覺失調,non_life,
fpcchannel.tomi,魚漿先生,"人是什麼時候放棄的，推友 reo724 提供了一個令人難過的故事。
這是很久以前的事。
一位年輕女性從高處跳下來，摔斷了幾乎所有的骨頭，動了大概十次手術，住院超過半年，雖然拖著跛腳但帶著笑容出院了。
結果就在出院當天晚上，她又跳了下去，被送來醫院時已經過世了。一向冷靜的主治醫師，哭得像是發狂了一樣，是我從沒見過的模樣。
隔月，他就辭去急診醫師的工作了。
---
雖然很殘酷，但這是我們討論放棄議題的引用資料。",2025/7/1 09:08,"🧋魚漿先生🍱｜實名制寫作互助會主持人
52人群組作品發表中
請寫作互助會的群友將意見自由地發表在 Threads 上",思覺失調,non_life,
fpcchannel.tomi,魚漿先生,"推友 sugi_mu 也分享了一個很可愛的故事。
警察來敲我的門。
跟我說隔壁的電鈴按了沒有人回應，於是從我的陽台翻到隔壁去。在隔壁的老爺爺接受警察問話時，說到了老爺爺每天都會去一家雞肉串燒店，但是今天卻沒有來，老闆以為老爺爺已經升天了，就聯絡了警察。
老爺爺不爽的對警察說：「我都去吃了40年，吃膩了不想吃不行嗎！」
---
日本的店家對常客就是那麼有愛呢～",2025/6/30 19:29,"🧋魚漿先生🍱｜實名制寫作互助會主持人
52人群組作品發表中
請寫作互助會的群友將意見自由地發表在 Threads 上",思覺失調,non_life,
fpcchannel.tomi,魚漿先生,"推友 QSeSlEN6j1YAKO 提到心理疾病為什麼會越來越多？其實原因很單純：因為現代社會對「普通人」的要求已經離譜到不合理的程度。
現在社會中被視為「普通」的事情有：
・高度的溝通能力
・同時處理多項任務的能力
・懂得察言觀色
・懂得給人面子、會巴結前輩與上司
・電腦技能
・大學畢業
・做事聰明，能迅速學會工作
・不靠手冊也能勝任工作
這樣下去，當然會讓人崩潰啊。
---
我們討論到禮貌是不是「懂得給人面子、會巴結前輩與上司」這件事引用的延伸討論資料。",2025/6/30 15:19,"🧋魚漿先生🍱｜實名制寫作互助會主持人
52人群組作品發表中
請寫作互助會的群友將意見自由地發表在 Threads 上",思覺失調,non_life,
fpcchannel.tomi,魚漿先生,"「我不喜歡那個人」，有這樣的感覺並不是壞事，而「因為我不喜歡那個人，所以我沒辦法用很好的態度與之應對」其實也沒有不對。
但就算不喜歡，至少也得應對到最低等級素烏龍麵(沒有加料的烏龍麵)的程度。對於喜歡的人，做到了烏龍麵上放很多炸蝦的程度，而對於討厭的人，用連麵都不放到碗裡，只剩湯的程度的話,那就真的太失禮了。至少還要放一球烏龍麵噢。
---
關於禮貌議題的討論引用資料。",2025/6/30 12:57,"🧋魚漿先生🍱｜實名制寫作互助會主持人
52人群組作品發表中
請寫作互助會的群友將意見自由地發表在 Threads 上",思覺失調,non_life,
fpcchannel.tomi,魚漿先生,"剛剛看到一個很可愛的故事，推主 ranran1218mama 說。
昨天帶了兩個小小孩(1歲跟0歲)去超市，有老婆婆走過來對我說：
「照顧兩個小小孩真的很了不起。現在應該是最難熬的時候吧。兩個小孩都很可愛呢。不過現在不能未經允許就隨便摸別人的小孩，你們一定會成為好媽媽跟乖小孩呢！」
說完摸了摸我(媽媽)的頭就離開了wwwww",2025/6/29 22:35,"🧋魚漿先生🍱｜實名制寫作互助會主持人
52人群組作品發表中
請寫作互助會的群友將意見自由地發表在 Threads 上",思覺失調,non_life,
fpcchannel.tomi,魚漿先生,"關於獨處的誤解。
喜歡一個人獨處的人，並不是喜歡孤獨的感覺。只是想沉浸在自己的世界裡，不被他人過度干預，也不需要過度在意他人，只想珍惜屬於自己的時光，並在那段時光裡做著自己喜歡的事。",2025/6/29 14:00,"🧋魚漿先生🍱｜實名制寫作互助會主持人
52人群組作品發表中
請寫作互助會的群友將意見自由地發表在 Threads 上",思覺失調,non_life,
fpcchannel.tomi,魚漿先生,"《章魚嗶的原罪》第1話有37分鐘，而且開頭有提醒、結尾還貼了生命關懷的求助資訊，看得出來整體非常謹慎小心地處理議題……
那個最後列出的生命求助聯絡頁面居然是 Netflix 他們自己做的，大家有發現嗎？我跟很多網友一樣，也沒想到他們有這樣的服務。",2025/6/29 10:20,"🧋魚漿先生🍱｜實名制寫作互助會主持人
52人群組作品發表中
請寫作互助會的群友將意見自由地發表在 Threads 上",思覺失調,non_life,
fpcchannel.tomi,魚漿先生,"昨天晚上一直在聊錢的議題，我們聊到網路上有一段話。
陷入憂鬱的時候，人會不自覺地想著「活著好像根本不划算(CP值很低)……」，但其實本來應該是「先活著，其他的再說」才對。
---
我們加入了憂鬱議題一起討論。",2025/6/28 15:30,"🧋魚漿先生🍱｜實名制寫作互助會主持人
52人群組作品發表中
請寫作互助會的群友將意見自由地發表在 Threads 上",思覺失調,non_life,
fpcchannel.tomi,魚漿先生,"沒錢時真正難過的，不是因為明天沒有飯吃之類的事情，而是要選擇最便宜的特價洗髮精、想看電影但是想到電影票錢可以買洗衣精、柔軟劑、蛋、鮪魚罐頭之類的東西，還有因為不想花錢搭計程車而選擇走路。
那種點點滴滴的妥協，真的是最不容易的一件事。
---
延續週五魚漿夜的金錢議題討論資料。",2025/6/28 09:24,"🧋魚漿先生🍱｜實名制寫作互助會主持人
52人群組作品發表中
請寫作互助會的群友將意見自由地發表在 Threads 上",思覺失調,non_life,
fpcchannel.tomi,魚漿先生,"「如果你在我和她之間難以抉擇的話，那麼就選她吧。因為如果你是真的那麼喜歡我，那就不該有任何猶豫不決。」
---
關於選擇議題的參考引用資料。",2025/6/27 19:45,"🧋魚漿先生🍱｜實名制寫作互助會主持人
52人群組作品發表中
請寫作互助會的群友將意見自由地發表在 Threads 上",思覺失調,non_life,
fpcchannel.tomi,魚漿先生,"有人會向心愛的人推薦「最近真的超喜歡這首歌的」「這部漫畫超有趣，你也看看」這些我喜歡的事物，其實「向喜歡的人分享自己喜歡的事物，是一種愛情表現的行為，也會從對方的認同裡獲得快樂」，這段說明真的讓我無比同意。
---
週五是適合向他人推薦好東西的時候。",2025/6/27 12:13,"🧋魚漿先生🍱｜實名制寫作互助會主持人
52人群組作品發表中
請寫作互助會的群友將意見自由地發表在 Threads 上",思覺失調,non_life,
fpcchannel.tomi,魚漿先生,"推主 ダンボール神話 card_board1909 提到江戶時代的精神疾病，他說：
✕：「江戶時代沒有精神疾病」這種說法並不正確。
◯：比較貼近事實的說法應該是「那時候並沒有『精神疾病』這個名詞」。
◎：當時社會是用像「氣違い（瘋了）」、「氣狂い（發狂）」、「智慧遲鈍」或「心病了」這樣的說法來描述類似狀況。
推主 tomoshibi6o6o 補充說：
「江戶時代沒有精神病喔！」
這種說法的人，我會介紹他們認識一位叫做板倉勝該的人，他可是曾經在江戶城誤殺大藩的細川殿……
不過呢，結果因為仙台藩伊達家的精彩補救（還有幕府可能也不想讓熊本變成空白地帶吧）
最後讓細川重賢成為末期養子，而他也是一位名君……",2025/6/27 11:19,"🧋魚漿先生🍱｜實名制寫作互助會主持人
52人群組作品發表中
請寫作互助會的群友將意見自由地發表在 Threads 上",思覺失調,non_life,
fpcchannel.tomi,魚漿先生,"推友 himeka_mukiai 說到了我們之前討論的微笑型憂鬱，她說：
其實，憂鬱並不只有一種樣貌，其中一種叫做「微笑型憂鬱」。
表面上看起來沒事，甚至笑著與人相處，但內心其實飽受折磨。
例如：
・出門前很痛苦，但一到公司或學校卻強顏歡笑應付一切。
・日常工作或課業還是照常做，但一回到家就崩潰，什麼都做不了。
・內心的情緒和外在的表現常常不一致。
這類型的憂鬱很容易被忽略，連本人也可能誤以為自己還能撐住。
如果你看了覺得似曾相識，也許該暫停一下，好好關心自己了。
---
我們之前討論憂鬱議題的補足內容。",2025/6/27 10:17,"🧋魚漿先生🍱｜實名制寫作互助會主持人
52人群組作品發表中
請寫作互助會的群友將意見自由地發表在 Threads 上",思覺失調,non_life,
fpcchannel.tomi,魚漿先生,"大家有買保險嗎？我們今天聊保險議題的時候引用了網路上的這個故事。
當心靈(心理)死亡需要撫慰的時候，為了能夠去吃燒肉，或是能夠買比較貴的威士忌及喜歡的漫畫，而每個月存下5000円的心靈生命保險(メンタル生命保険)。
在今年2月開始到現在已經把一年份的額度花完了，現在正煩惱要不要增加到每個月存10000円。
---
大家有在存一些屬於自己的心靈生命保險嗎？！",2025/6/26 12:27,"🧋魚漿先生🍱｜實名制寫作互助會主持人
52人群組作品發表中
請寫作互助會的群友將意見自由地發表在 Threads 上",思覺失調,non_life,
fpcchannel.tomi,魚漿先生,"在網路上看到投稿給 ぱきち 的一篇文章，引起了許多人討論，裡面說。
寫給 ぱきち。我被診斷為「思覺失調症」已經有一段時間了。
現在一邊領著身心障礙年金，一邊和丈夫兩人一起生活。
大約從兩年前開始，我們一直和兩隻貓咪一起生活：
一隻是短毛、茶虎花紋、八字額頭的公貓；
另一隻是長毛、黑白配色、八字額頭的母貓。
這兩隻貓，是我丈夫領養來的貓。
我們一起過著快樂的日子。
但後來我發現，這其實是思覺失調症裡的症狀，也就是幻覺。
我的貓咪樂園，從頭到尾，只存在於我自己的世界裡。
察覺到的那一刻，我的心整個沉了下來。像是掉進谷底一樣。
但請放心，我老公是真的存在的！真的真的有這個人！
只是，我失去了那兩隻「原本以為真實存在」的孩子。
幻覺也好，它們曾是我全心全意愛著的家人。",2025/6/25 21:58,"🧋魚漿先生🍱｜實名制寫作互助會主持人
52人群組作品發表中
請寫作互助會的群友將意見自由地發表在 Threads 上",思覺失調,non_life,
fpcchannel.tomi,魚漿先生,"網路上有一段「覺得父母最噁心的時刻」之前造成熱烈討論，後來被大家票選出的第一名是這個。
---
當我爸媽拿出他們讀書時的畢業紀念冊，
指著裡面某位同學，跟我笑著說：
「那時這個同學真的很沒用，所以我跟班上的同學一群人同時排擠(霸凌)他/她。」
從那時候開始，我已經無法把這個噁心的人當作是我的爸媽。
---
關於霸凌議題的深層討論。",2025/6/25 11:48,"🧋魚漿先生🍱｜實名制寫作互助會主持人
52人群組作品發表中
請寫作互助會的群友將意見自由地發表在 Threads 上",思覺失調,non_life,
fpcchannel.tomi,魚漿先生,"推主 dennsetuni1919 說到鬱悶(憂鬱)的來源，說：
你的鬱悶(憂鬱)來自於哪裡？♪♪♪
我是來自對自己能力不足與努力不夠的自我厭惡。
---
關於憂鬱議題的延伸引用討論。",2025/6/25 09:30,"🧋魚漿先生🍱｜實名制寫作互助會主持人
52人群組作品發表中
請寫作互助會的群友將意見自由地發表在 Threads 上",思覺失調,non_life,
fpcchannel.tomi,魚漿先生,"推友 yontengoP 說到。
是不是世代的問題我不清楚，
但有一群人是被教育成「生氣是不好的事情」。
他們似乎會把「生氣＝不好」⇒「在生氣的人＝錯的」這樣認定。
有家公司因為自身的疏失造成客戶損失，
對方非常憤怒地說「這到底是怎麼回事‼️💢」的時候。
他們竟然冷冷地回了一句：
🙂‍↔️「那個，只要你在生氣，我們就不談」
結果現在整件事變成大事件了。
---
這是生氣議題的參考引用資料，我們來討論對的生氣與錯的生氣。",2025/6/24 11:46,"🧋魚漿先生🍱｜實名制寫作互助會主持人
52人群組作品發表中
請寫作互助會的群友將意見自由地發表在 Threads 上",思覺失調,non_life,
fpcchannel.tomi,魚漿先生,"推主 Iwatekko6969 說到的這段話引起了網友的熱議，我們不用來談性別議題，來談兄弟姊妹的議題。
今天我姊突然說：「你有沒有發現，男人寫的失戀歌都在後悔？男人這生物，基本不會反省，但後悔起來一個比一個厲害。」
我一聽，只能佩服：不愧是我姊啊。
仔細一想還真的，每首歌的主角都在悔不當初。
她接著說：「男人總是在一切都來不及之後才開始後悔，但該反省的時候，從來沒在反省。」
說得太好了。
弟弟這種生物會對姊姊百依百順，大概就是因為姊平常雖然蠻橫不講理，偶爾卻會說出像賢者一樣一語中的的話，讓人忍不住尊敬她。",2025/6/23 19:14,"🧋魚漿先生🍱｜實名制寫作互助會主持人
52人群組作品發表中
請寫作互助會的群友將意見自由地發表在 Threads 上",思覺失調,non_life,
psy_doc_brain,PSY_DOC,假日還是要持續進修rTMS的最新知識。,2026/1/11 21:01,"竹北某家身心科診所所長
腦科學、身心醫學、創傷心理學
陽明醫學系、哈佛碩士、東京大學博士後研究員
國際醫學學術期刊編輯Frontiers in Psychiatry
教育部部定講師
不回私訊醫療諮詢，請跟原主治醫師討論
所有經驗分享均已經去識別化，徵得個案同意",思覺失調,business,
psy_doc_brain,PSY_DOC,"流行音樂天后Mariah Carey，公開分享她與躁鬱症奮戰的過程，對於「雙相情緒障礙，躁鬱症」的去污名化與社會大眾對於疾病的認識比醫師在診間說破嘴都有效。
我也曾經建議門診兩位演藝圈大姐大、大哥大同樣是二型躁鬱症、但是一開始被診斷是頑固重鬱症的藝人朋友出來呼籲疾病的重要性，但是他們口徑一致回覆都是：
這樣廠商會不敢找我、丟掉代言啦。",2026/1/8 12:46,"竹北某家身心科診所所長
腦科學、身心醫學、創傷心理學
陽明醫學系、哈佛碩士、東京大學博士後研究員
國際醫學學術期刊編輯Frontiers in Psychiatry
教育部部定講師
不回私訊醫療諮詢，請跟原主治醫師討論
所有經驗分享均已經去識別化，徵得個案同意",思覺失調,business,
psy_doc_brain,PSY_DOC,"馬來西亞前來求診的患者，難治性憂鬱症兩年，看了當年台灣🇹🇼「旅遊作家老黑憂鬱症」的報導後前來就醫，調整藥物三個月後恢復原本的生活。
睽違兩年後來台灣遊玩順便回診，開始討論停藥計畫。
特別的是馬來西亞🇲🇾患者可以直接去藥房買處方藥。
目前rTMS似乎也還沒有通過可以臨床使用。",2026/1/8 09:44,"竹北某家身心科診所所長
腦科學、身心醫學、創傷心理學
陽明醫學系、哈佛碩士、東京大學博士後研究員
國際醫學學術期刊編輯Frontiers in Psychiatry
教育部部定講師
不回私訊醫療諮詢，請跟原主治醫師討論
所有經驗分享均已經去識別化，徵得個案同意",思覺失調,business,
psy_doc_brain,PSY_DOC,日本最近有名的霸凌事件⋯⋯連嵐都參一腳,2026/1/6 13:35,"竹北某家身心科診所所長
腦科學、身心醫學、創傷心理學
陽明醫學系、哈佛碩士、東京大學博士後研究員
國際醫學學術期刊編輯Frontiers in Psychiatry
教育部部定講師
不回私訊醫療諮詢，請跟原主治醫師討論
所有經驗分享均已經去識別化，徵得個案同意",思覺失調,business,
psy_doc_brain,PSY_DOC,帝京大學醫學系大概要3500萬學費，果然是蔡董。,2026/1/6 10:28,"竹北某家身心科診所所長
腦科學、身心醫學、創傷心理學
陽明醫學系、哈佛碩士、東京大學博士後研究員
國際醫學學術期刊編輯Frontiers in Psychiatry
教育部部定講師
不回私訊醫療諮詢，請跟原主治醫師討論
所有經驗分享均已經去識別化，徵得個案同意",思覺失調,business,
psy_doc_brain,PSY_DOC,"面試櫃檯，來了一位有金控背景的年輕女性面試：
🧑‍⚕️：怎麼會想應徵這個工作呢？跟妳之前工作差異有點大，而且薪資應該也差很多。
👩：我突然得了恐慌症、吃了三顆抗憂鬱藥物也還是無法改善，我在想是不是壓力太大不適合這份工作。
🧑‍⚕️：雖然有點唐突，不介意的話我可以看看嗎？
A few moments later…
🧑‍⚕️：妳這個是家族遺傳性的，加一顆情緒穩定劑可能就會改善喔。
2 周後，👩恐慌好了，然後就繼續追夢了…
#有經過個案同意分享",2026/1/6 07:54,"竹北某家身心科診所所長
腦科學、身心醫學、創傷心理學
陽明醫學系、哈佛碩士、東京大學博士後研究員
國際醫學學術期刊編輯Frontiers in Psychiatry
教育部部定講師
不回私訊醫療諮詢，請跟原主治醫師討論
所有經驗分享均已經去識別化，徵得個案同意",思覺失調,business,
psy_doc_brain,PSY_DOC,"當我們處於冷靜狀態時，前額葉（大腦中負責思考與調節的部分）會保持理性，幫助我們集中注意力、做出明智決策、調節情緒並抑制衝動反應。
它透過平衡的多巴胺與去甲腎上腺素水平，來管控如「杏仁核」等情緒中心。
然而，在壓力之下，這些大腦神經傳導物質會大量失調。這種「化學洪流」實際上削弱了前額葉皮質的功能，並將主導權交給了「生存迴路」。
此時，情緒化、習慣和強迫行為會佔據主導地位，而推理、分析能力和自我控制力則會斷線。
簡而言之，感到壓力並不代表我們失敗了，而是大腦已切換進入「保護模式」：優先考慮生存。",2026/1/5 08:07,"竹北某家身心科診所所長
腦科學、身心醫學、創傷心理學
陽明醫學系、哈佛碩士、東京大學博士後研究員
國際醫學學術期刊編輯Frontiers in Psychiatry
教育部部定講師
不回私訊醫療諮詢，請跟原主治醫師討論
所有經驗分享均已經去識別化，徵得個案同意",思覺失調,business,
psy_doc_brain,PSY_DOC,"有幻聽幻覺，不一定是思覺失調症！
尤其是當患者吃了一般治療幻聽的抗精神病藥物，卻產生嚴重的錐體外症候群的副作用時…
除了幻聽以外，還需要納入是否出現其他症狀一起考慮：
1. 有憂鬱症狀：躁鬱症憂鬱期、重鬱症嚴重
2. 有創傷病史：創傷的閃回、解離症狀
3. 有意識模糊：考慮癲癇（特別是顳葉）
4. 多重藥物：藥物交互副作用
5. 非法物質：毒品引起
6. 老年人首次：譫妄、失智
7. 以上皆非：你/妳太累了…",2026/1/4 09:23,"竹北某家身心科診所所長
腦科學、身心醫學、創傷心理學
陽明醫學系、哈佛碩士、東京大學博士後研究員
國際醫學學術期刊編輯Frontiers in Psychiatry
教育部部定講師
不回私訊醫療諮詢，請跟原主治醫師討論
所有經驗分享均已經去識別化，徵得個案同意",思覺失調,business,
psy_doc_brain,PSY_DOC,在台灣念醫學系已經是blessings privilege，日本🇯🇵學費貴、健保下的醫療崩壞更慘。,2026/1/3 15:47,"竹北某家身心科診所所長
腦科學、身心醫學、創傷心理學
陽明醫學系、哈佛碩士、東京大學博士後研究員
國際醫學學術期刊編輯Frontiers in Psychiatry
教育部部定講師
不回私訊醫療諮詢，請跟原主治醫師討論
所有經驗分享均已經去識別化，徵得個案同意",思覺失調,business,
isabel_020318,蔡佳芸,"希望思覺失調能不再復發，
身體健康、學業順利！",2025/9/23 15:17,希望大家都能平安健康、為自己努力！,思覺失調,not_enough_posts,
chenyi33,陳弋,"鬆了一口氣
醫生說我應該不是憂鬱症
是思覺失調",2025/10/1 20:08,無聊人生,思覺失調,pass,
sandylovesmotoki,🍏Sandy🍏,"昨天要跟19歲兒子拿東西，打電話問他到哪裡的時候聽他的聲音怪怪的，一出捷運站馬上放聲大哭
我抱著他跟他說：媽咪秀秀
他告訴今天去身心科回診
他在醫生的電腦裡看到自己被診斷為“重度憂鬱症”及“思覺失調”
實在讓自己太震驚
他邊哭邊說：
他覺得對我很不孝
他是我唯一的兒子竟然把自己活成這樣
跟他建議好幾個月去找心理諮商師，但是他一直拒絕
我問兒子醫師有沒有說能夠如何進一步的協助你？
醫師也是談到要找心理諮商師
我問兒子那我們一起找心理諮商師好不好？
他邊掉眼淚邊點頭答應
後來跟他聊聊一些其他事情轉移他注意力
接著他露出手臂上刺Mrs Green Apple的歌詞 Que Sera Sera
並開始唱著這首歌
今天下午傳訊息跟我說
昨天他大哭以後心情調整好了
感覺舒服多了
也知道自己未來該怎麼做了
早上我也傳了訊息告訴他
我們全家人都愛著他
會一直陪著他",2025/11/6 22:35,"I'm from 🇹🇼Taiwan 🇹🇼
50代 Ringo Jam 
Fanpage since 2022/9/28
沒有人可以阻止我叫大森“寶寶”
因為他善良又可愛，純潔如小寶寶",思覺失調,pass,
sandylovesmotoki,🍏Sandy🍏,"今天跟我的四年級學生說12月中想去輕井澤看能不能夠看到雪（一直以來的願望）我就很緊張的跟他說不知道會不會碰到熊
他跟我說：熊那個時候應該都冬眠了吧~
我還是很害怕",2025/11/1 21:58,"I'm from 🇹🇼Taiwan 🇹🇼
50代 Ringo Jam 
Fanpage since 2022/9/28
沒有人可以阻止我叫大森“寶寶”
因為他善良又可愛，純潔如小寶寶",思覺失調,pass,
sandylovesmotoki,🍏Sandy🍏,"我好愛在phase 1 時有一個
Ubuうブ的影片
記得有Mokkun、高野還有若井（如果沒記錯的話）一起甩頭的影片，但一直都找不到
不知道有沒有果醬能夠完整影片支援呢🥹",2025/10/25 00:58,"I'm from 🇹🇼Taiwan 🇹🇼
50代 Ringo Jam 
Fanpage since 2022/9/28
沒有人可以阻止我叫大森“寶寶”
因為他善良又可愛，純潔如小寶寶",思覺失調,pass,
foxtalk_taiwan,狐說,"🏳️‍⚧️ 停止跨性別強制手術連署 🏳️‍⚧️
transgender.tapcpr.org/trans…
📢 性別登記，不該以手術為代價！
你知道嗎？在台灣，跨性別者若要變更身份證件上的性別，除了要有精神科診斷書，還被強制要求提出摘除性器官與性腺的手術證明。這些規定不僅攸關身體安全，也深刻影響個人尊嚴與人權。
許多人因無法或不願進行此類手術，在外觀甚至聲音已符合自我認同的性別的情況下，還是長期被迫持有與自我認同不同的證件，生活中面臨戶政、銀行、就業等種種困境。
已有法院認定該法規違憲，至少七起勝訴案例指出，強制手術要件侵害健康權、人格權與尊嚴。但尚未實際執行。 （詳見連署連結）",2025/10/10 21:47,"愛說話的狐狸（別名伊布），喜歡探討各種議題。
曾經因為覺得沒人會想聽我說我到想法而一直不敢表達，也擔心太逆風會被排擠而學會看風向表達意見。
但是現在我決定好好做自己。
🏳️‍🌈🏳️‍⚧️ 💛🤍💜🖤 🌈🦊 They/Them 你/他",強迫症,not_enough_posts,
miin_cos,麋桜meme,我拯救到沒帶口紅回台北的自己了😻,2025/12/24 19:30,普通人類,強迫症,not_enough_posts,
miin_cos,麋桜meme,"昨天晚上發現脆友鯊才18歲
我都不知道我是睡著還是嚇暈的==",2025/12/24 13:47,普通人類,強迫症,not_enough_posts,
playplay5726,Nina,"焦慮症真的是一種病
發病的時候，我們根本控制不了
才不是什麼想太多🥲
每次發病都會胸悶、頭暈、呼吸不順、心悸
有時還會有莫名的恐慌感
是因為發病不舒服，才會害怕
不是想太多害怕才發病好嗎⋯⋯
變得越來越不想交際
很多事情都沒興趣也不想做
完全沒有動力
只想躲到一個完全沒有人的地方",2026/1/15 22:40,"我想躲起來
躲到一個完全沒有人認識我的地方",恐慌症,not_enough_posts,
psy_dr_erin,吳依倫醫師 身心科,"「醫生，我只是把藥帶在身上，真的搭飛機就不恐慌了！」✈️💊
恐慌症的病人常常會拿到備用藥（像是贊安諾、安柏寧），臨床上卻有不少人發現：光是把藥放在身上，就不再發作了。
為什麼？
因為恐慌症的核心，不只是症狀本身，而是害怕自己再度失控。
去到曾經發作的地方，心裡一緊張 ➝ 心跳加速、胸悶 ➝ 又更害怕會發作 ➝ 真的就恐慌大發作了。
但只要身上有藥，就像拿到一張護身符，
知道最糟還能吃藥控制，就不會那麼怕失控。
當焦慮感降低，再搭配呼吸調整、注意力轉移，很多人不用真的吃藥就能緩和下來。
這個方法的副作用是，萬一哪天忘記帶藥，反而會緊張😅
建議可以把備用藥分開放在錢包、包包、口袋中，就不怕找不到藥。
⚠️ 提醒：
對於單純搭飛機、特定空間才會發作的人，這招通常很有效。
如果恐慌發作頻繁、觸發原因很多，還是需要規劃完整治療，光靠備用藥是不夠的。",2025/9/20 20:12,"顧心也顧身的精神科醫師
紀錄診間日常X讀書觀影筆記
學習過舞蹈治療、正念減壓、接納與承諾療法
👩‍⚕️新田身心診所/禾馨民權婦幼診所/心禾診所主治醫師
個人化治療特約門診（孕產情緒困擾、母職倦怠、強迫症、恐慌症）",恐慌症,business,
psy_dr_erin,吳依倫醫師 身心科,"和深陷創傷的人說：
「每個人都有創傷，但你可以自己決定要不要走出來」
就像跟跌倒骨折的人說：
「每個人都會跌倒，但你可以自己決定要不要站起來」。
無法從創傷中走出來，並不只是個人意志力的選擇
而是即使事件已經過去，神經系統卻仍困在威脅與恐懼的狀態中，無法恢復
因此出現明明已經很努力，卻還是不自覺掉入相同反應的結果。
就像骨折需要護具固定，等骨頭長出來時，才能逐漸恢復行走
受創的人也需要他人的支持與協助
讓神經系統再次感到安全，才能一步步走出創傷。
療癒的關鍵，不是遺忘或放下
而是讓神經系統理解：
🌿這件事發生在過去
🌿現在我的身邊已經不再有威脅
🌿我不再是當時無助、軟弱、孤單的自己
寫起來只有38個字
卻往往需要好幾個月，
甚至好幾年，才能走完這段艱辛的旅程
如果真的想幫忙，請先停止比較、否定他人的創傷
因為被理解，而不是被評斷，才是安全感的開始",2025/9/16 14:58,"顧心也顧身的精神科醫師
紀錄診間日常X讀書觀影筆記
學習過舞蹈治療、正念減壓、接納與承諾療法
👩‍⚕️新田身心診所/禾馨民權婦幼診所/心禾診所主治醫師
個人化治療特約門診（孕產情緒困擾、母職倦怠、強迫症、恐慌症）",恐慌症,business,
memorandum_1145141919810,🌞🌛🔥👂⚡️,有夠煩，吃抗憂鬱藥明明就會他媽變笨，但是醫生為了讓你吃會他媽的騙你，吃了一段時間之後想要停下來還要先承受一陣子頭痛恐慌焦慮心跳加速的副作用，操你的精神科，操你的我自己，我如果沒生這破病就好了，操雞掰，我恨每一天，什麼時候地球才會爆炸，操,2025/12/2 19:49,松青叫🆚🕸️🔥,抗憂鬱藥,pass,
memorandum_1145141919810,🌞🌛🔥👂⚡️,"小小調查，路過的幫我投一下
你們跟自己人生哪個階段的同事比較要好
我想看一下自己是不是異類",2025/12/1 19:29,松青叫🆚🕸️🔥,抗憂鬱藥,pass,
memorandum_1145141919810,🌞🌛🔥👂⚡️,健達要提升買氣的方法是一包裝一條,2025/12/1 15:40,松青叫🆚🕸️🔥,抗憂鬱藥,pass,
memorandum_1145141919810,🌞🌛🔥👂⚡️,"玩到一半大破防，這不就是現在的我嗎
只是我沒有瑞希那麼厲害
也沒有瑞希活得那麼辛苦
只是一個很普通的什麼都做不好的笨蛋
期末還有好多好多事但我現在只想擺爛",2025/12/1 13:51,松青叫🆚🕸️🔥,抗憂鬱藥,pass,
memorandum_1145141919810,🌞🌛🔥👂⚡️,欸不是，我去年才大一，怎麽明年就要大四了,2025/11/27 11:14,松青叫🆚🕸️🔥,抗憂鬱藥,pass,
memorandum_1145141919810,🌞🌛🔥👂⚡️,"不讓他人自殺根本就是一種犯罪行為
侵害他人自由",2025/11/25 12:14,松青叫🆚🕸️🔥,抗憂鬱藥,pass,
memorandum_1145141919810,🌞🌛🔥👂⚡️,我繼續在這裡發瘋,2025/11/25 12:10,松青叫🆚🕸️🔥,抗憂鬱藥,pass,
memorandum_1145141919810,🌞🌛🔥👂⚡️,我好沒用，連讓別人注意到我都做不到,2025/11/25 11:42,松青叫🆚🕸️🔥,抗憂鬱藥,pass,
memorandum_1145141919810,🌞🌛🔥👂⚡️,打算等到這邊有點流量再去死😆,2025/11/25 11:03,松青叫🆚🕸️🔥,抗憂鬱藥,pass,
memorandum_1145141919810,🌞🌛🔥👂⚡️,"我覺得自己很適合寫歌詞
只是我沒有屬於我的宵崎奏
圖文不符，只是這是我現在的狀態",2025/11/25 10:57,松青叫🆚🕸️🔥,抗憂鬱藥,pass,
memorandum_1145141919810,🌞🌛🔥👂⚡️,"如果搞砸了一切還有人能說愛我
那我的人生應該會蠻幸福的",2025/11/25 10:55,松青叫🆚🕸️🔥,抗憂鬱藥,pass,
memorandum_1145141919810,🌞🌛🔥👂⚡️,"希望哪一天那些該被拯救的人都可以被拯救
反正那個人不是我，哈哈",2025/11/25 10:54,松青叫🆚🕸️🔥,抗憂鬱藥,pass,
memorandum_1145141919810,🌞🌛🔥👂⚡️,"活著好難，活網比較輕鬆
騙你的都好難",2025/11/25 10:52,松青叫🆚🕸️🔥,抗憂鬱藥,pass,
memorandum_1145141919810,🌞🌛🔥👂⚡️,反正我的求救永遠飄不出去，那不如死在這裡算了,2025/11/25 10:52,松青叫🆚🕸️🔥,抗憂鬱藥,pass,
meta_mind_md,MetaMindMD,"「那幾天我以為我憂鬱症復發了，原來只是停藥太快。」
一位門診女病人說：「我以為好了就停藥，怎麼會難受成這樣？」
一位年輕女性，憂鬱症穩定控制了快一年。最近因為覺得已經好轉，開始停藥。那幾天她感到頭暈、像被電到一樣，睡不好，情緒也變得容易激動。
她以為病情又復發了。
我聽完後問：「妳是突然停藥的嗎？」
她愣了一下，然後點頭。
這並不是復發，而是——停藥症候群。
我們常見這種情況，特別是在使用 SSRI 或 SNRI 類抗憂鬱劑的病人身上。
有些藥物，如克憂果、速悅，一旦突然停藥，很容易出現強烈反應：
頭暈、電擊感、噁心、疲倦、焦慮，甚至有些人說：「覺得像感冒。」
我告訴她：「這不是復發。只是藥物停得太快了。」
後來，我說明了「漸進式減藥」，也使用半衰期較長的百憂解作為過渡，也開了一些症狀治療的藥物。她很快就好轉。
她說：「幸好不是復發。」
如果你或你身邊的人正在考慮停用抗憂鬱藥，請記得：
不是每一種痛苦都代表復發，有時，只是需要一個漸進式的退場方式。",2025/4/16 11:51,"🧠 精神科專科醫師｜壓力 × 睡眠 × 情緒修復  
❤️ 專注於身心疾病的藥物、非藥物治療
🌿 探索精神醫學、腦科學、心理學在生活的應用
📍 Taiwan-based psychiatrist",抗憂鬱藥,business,
meta_mind_md,MetaMindMD,"最近去參加了醫學會，提到有個治療失智症的新藥，2024年通過台灣食藥署的 【Lecanemab（Leqembi）樂意保】，是目前台灣唯一能延緩阿茲海默症病程的抗體藥物，療程長達18個月，費用超過150萬元，尚未納入健保。如果要避免這種高額花費，除了購買醫療險或長照險，你從年輕時就要知道這些:
《Lancet 2024年失智症報告》指出，全球約45%的失智風險是可以預防的。
只要從生活做起，改變這14件事，你就能大幅降低風險，也可能省下未來超過150萬的治療費用：
1. 受教育不足，學習少
2. 聽力損失
3. 高血壓
4. 高LDL膽固醇
5. 肥胖
6. 糖尿病
7. 吸菸
8. 過量飲酒
9. 憂鬱症
10. 缺乏社交
11. 缺乏身體活動
12. 腦部外傷
13. 空氣污染暴露
14. 視力問題未矯正
這些不是口號，而是來自實證醫學的具體改變策略。
預防失智，當我們步入老年時，還能回憶跟體驗人生重要的時刻。",2025/4/14 16:50,"🧠 精神科專科醫師｜壓力 × 睡眠 × 情緒修復  
❤️ 專注於身心疾病的藥物、非藥物治療
🌿 探索精神醫學、腦科學、心理學在生活的應用
📍 Taiwan-based psychiatrist",抗憂鬱藥,business,
meta_mind_md,MetaMindMD,"【精神科的理論，不光是治療疾病，一般人也有妙用】
你是不是也有這種感覺：
每天起床都在想「能不能不要上班」
明明沒什麼大事，卻覺得提不起勁
開會時心不在焉，下班後也快樂不起來
這可能不是你懶，也不是你不夠堅強
而是你正陷入一種我們稱作「倦怠」的狀態
在精神科裡，我們會用一個簡單深刻的架構去理解這樣的情況：
它叫做 4P 模型
你之所以會卡住，可能是因為：
Predisposing（易感因素）：你本來就自我要求高，不擅長拒絕，也想把每件事做到好
Precipitating（誘發因素）：最近剛被分派一個專案，還被主管批評，很久沒休假
Perpetuating（維持因素）：你沒時間放鬆紓壓，只能繼續撐著；甚至開始懷疑自己是不是「撐不住了」
Protective（保護因素）：其實你週末有上健身房，有朋友懂你，也還有一些年假可以安排休息
4P 的好處是，它不會只問你「哪裡出錯」
它會幫你看見「你怎麼走到這裡」，以及「你還有什麼資源可以走出去」
更了解自己的處境跟出口，提醒自己還能自救。
如果你喜歡這類用精神科觀點解析生活的內容
歡迎追蹤我，我會持續分享，讓您復原成長",2025/4/12 16:32,"🧠 精神科專科醫師｜壓力 × 睡眠 × 情緒修復  
❤️ 專注於身心疾病的藥物、非藥物治療
🌿 探索精神醫學、腦科學、心理學在生活的應用
📍 Taiwan-based psychiatrist",抗憂鬱藥,business,
meta_mind_md,MetaMindMD,"為什麼我選了精神科？
曾經有醫學生和PGY問過我這個問題，也包括昨天那位來自國外的讀者。
剛畢業時，我也想選「熱門科」，但成績不夠頂尖。精神科是我心中第二順位，卻意外成了我人生的志業之一。
我對閱讀、思考與人性充滿熱忱，
也對心靈與大腦的奧祕感到著迷。
精神科，正是那個讓我好奇心有處安放的地方。
精神科的優點？
病人族群多元、醫病關係深厚、糾紛相對少。
缺點？要久坐、聽訴苦，要耐得住情緒，偶爾也得面對政策壓力與病人暴力風險。
但我多年後才發現，它有一項被低估的價值：
它訓練我的「軟實力」與「全人跨界思維」——。
AI時代，很多人忽略了 人本社會的底層邏輯 :  系統思維、溝通與影響力、人際連結與協作、自我管理與心理彈性……這些未來最稀缺的能力，也都與「精神」與「大腦」息息相關。
我把這些經驗，在我的生活實踐，慢慢寫進Threads 裡。
精神科，不只是醫學，而是一種對自我及他人的反思與洞察。
如果你也同意：「理解自我與他人，是AI時代最珍貴的隱藏技能」——
👉 歡迎追蹤，一起用腦思考、用心感受，活出更溫柔、也更強韌的自己。",2025/4/11 16:54,"🧠 精神科專科醫師｜壓力 × 睡眠 × 情緒修復  
❤️ 專注於身心疾病的藥物、非藥物治療
🌿 探索精神醫學、腦科學、心理學在生活的應用
📍 Taiwan-based psychiatrist",抗憂鬱藥,business,
meta_mind_md,MetaMindMD,"你曾經有過這種感覺嗎？
明知道生活還要繼續，
但內心的負面情緒跟想法，卻把你困住，揮之不去。
一位60多歲的女性來到門診。
她說：「孩子的婚姻不順，我很難過。
我去參加社團活動，卻覺得空虛、茫然，什麼都提不起勁。」
我對她說了一段話。她安靜地聽著，拿出筆記本寫下來。然後點點頭，表情鬆了下來。
我說——
每一種情緒都是來敲門的客人。
悲傷、恐懼、焦慮，甚至喜悅。
你可以接待它們，但不需要讓它們永久住下。
她又說：「但我沒有動力出門。」
我回答她——
妳不是等到有動力才開始出門。
而是先開始出門，動力就會慢慢出現。
這就是心理學中的「去糾纏」與「心理彈性」。
學會與情緒共處，
你才能重新掌握生活的節奏與選擇權。
關注我，學會用精神醫學與心理學，
幫助自己更穩定、更清晰，從情緒中抽身，走向行動。",2025/4/10 17:45,"🧠 精神科專科醫師｜壓力 × 睡眠 × 情緒修復  
❤️ 專注於身心疾病的藥物、非藥物治療
🌿 探索精神醫學、腦科學、心理學在生活的應用
📍 Taiwan-based psychiatrist",抗憂鬱藥,business,
meta_mind_md,MetaMindMD,"在身心科，不只是開藥。
有時，一句話，也能成為她撐下去的力量。
一位中年女性，有憂鬱症已超過兩年。長期面對工作壓力與家庭問題，她反覆陷入情緒低潮，缺乏動力、失眠，甚至有多次吞藥紀錄，曾數次因服藥送醫急診。
對於這類病人，我們除了使用藥物，也會透過心理治療，讓她能表達情緒、調整負面想法、學習情緒調節與因應技巧——最重要的，是幫助她在低潮時，不會第一時間就想到自傷。
門診時，我會關心她近期的情緒、自傷狀況，給予支持，也強化她繼續走下去的理由與動力。
最近一次回診，她說：「有一天，我又覺得自己很沒用，感覺拖累了家人，很想像以前一樣吞下藥物，一覺不醒，逃離這些痛苦。但就在那一刻，我想到你說過的一句話。」
她停了下來，沒有吞藥，而是把藥物交給家人保管，自己回房休息。這是她第一次，在情緒風暴中主動停止傷害自己。
她說：「我想起你說的——我不能失約。你說過：『當妳情緒低落時，不能第一步就想到自傷喔，我們有約定，下次回診我要看看妳有沒有做到。』」
我不知道 AI 能否做到這樣的事。
專注的傾聽、關懷的眼神、真誠的語言、無形有力的支持—這些，也許正是人與人之間，最難被取代的連結。",2025/4/4 10:15,"🧠 精神科專科醫師｜壓力 × 睡眠 × 情緒修復  
❤️ 專注於身心疾病的藥物、非藥物治療
🌿 探索精神醫學、腦科學、心理學在生活的應用
📍 Taiwan-based psychiatrist",抗憂鬱藥,business,
meta_mind_md,MetaMindMD,"很多人覺得，睡覺是晚上的事。
但我多年的臨床經驗，真正決定睡得好不好，其實是你白天怎麼過。
以下是幾個實證有效的方法，幫你從白天開始為晚上的深度好眠做準備：
1. 睡前90分鐘減少螢幕使用
藍光會抑制褪黑激素。若無法避免，請開啟夜間模式或使用濾藍光工具。
2. 控制咖啡因攝取時間與劑量
睡前六小時停止攝取，每日總量不超過400毫克。
3. 無法入睡，就先離開床
若上床20分鐘內仍清醒，請起身進行放鬆活動。等有睡意再回來。
4. 保持規律的運動習慣
運動有助於提升睡眠品質，但避免在睡前兩小時內進行高強度活動。
5. 睡前飲食需節制
過油、過甜、刺激性食物都會影響入睡。
6. 練習深呼吸放鬆技巧
透過緩慢穩定的呼吸，調節自律神經，讓身體開始放鬆。
7. 引導式想像有助入睡
想像一個安全、寧靜的場景，有助於讓思緒從白天的忙碌切換成睡眠模式。
8. 刺激控制療法
建立「床 = 睡覺」的連結。不要在床上工作、滑手機或煩惱。
你不用一次改變全部，從你今天最容易做到的一點開始就好。
真正穩定的睡眠，是靠習慣養成，不是靠意志力撐出來的。
#身心健康  #MetaMindMD",2025/4/3 09:19,"🧠 精神科專科醫師｜壓力 × 睡眠 × 情緒修復  
❤️ 專注於身心疾病的藥物、非藥物治療
🌿 探索精神醫學、腦科學、心理學在生活的應用
📍 Taiwan-based psychiatrist",抗憂鬱藥,business,
1515aaw,盧宇宇,"最近身體尋麻疹
本來就容易失眠了
這下連續三天晚上1-3點
都不入眠 吃了醫生給的藥也睡不著
又吃抗憂鬱藥物 也一樣
很的很煩",2025/11/23 14:25,,抗憂鬱藥,not_enough_posts,
meta_mind_md,MetaMindMD,"你是否經常覺得「腦袋當機」「頭腦鈍鈍的」?
上一篇文章，我聊到了「血清素回收抑制劑」(SSRI) 有一種副作用，讓人「情緒變平淡」或「腦袋變鈍」:
在診間，我常聽到類似的描述：
「焦慮沒那麼嚴重了，但思緒感覺混沌。」
「我的憂鬱改善了，但好像變成沒了情緒的人。」
這些可能是 SSRI 帶來的副作用——情緒平淡、腦霧。除了調整藥物，其實也有一種經常被忽略的協助方式：營養介入。
有哪些營養素，能幫助改善 SSRI 帶來的認知與情緒副作用？
以下是幾個我會在診間建議的項目：
1. Omega-3脂肪酸（深海魚油）
- EPA 含量較高的 omega-3 ，對改善情緒平板、腦霧、低動力有效果。
- EPA 每日 ≥ 1000 mg、EPA:DHA 比例至少 2:1。
2. 維生素B群（特別是 B6、B12、葉酸）
- 葉酸與 B12 缺乏與憂鬱症、認知功能下降有關聯。補充可改善腦霧及注意力。
3. 益生菌
- 腸腦軸: 改善腸道菌相可提升情緒、減少焦慮，改善壓力相關的症狀。
營養介入不是取代藥物，但可以：
- 增加情緒與認知的復原力
- 幫助患者減少副作用、提升生活品質",2025/4/9 12:07,"🧠 精神科專科醫師｜壓力 × 睡眠 × 情緒修復  
❤️ 專注於身心疾病的藥物、非藥物治療
🌿 探索精神醫學、腦科學、心理學在生活的應用
📍 Taiwan-based psychiatrist",百憂解,business,
meta_mind_md,MetaMindMD,"你想預防憂鬱症、失智症，甚至活得更好、更久嗎？
不是靠補品或特效藥，而是靠這10個日常習慣。
它們有一個共通的名字：「保護因子」。
這些，是我多年臨床經驗跟醫學實證，最常建議的生活守則。👇
1.能走就走，能動就動
少搭電梯、少久坐、多走路。
2.別吃太飽
七分飽剛剛好。吃得越原型、越天然，少加工食品，大腦越穩定，身體越不發炎。
3.規律作息，
不熬夜、白天多動、晚上睡得好。
4.別太依賴醫療
不是每個治療都必要。最好的醫療，是從預防開始。
5.每天都有讓你起床的理由
找回你的 ikigai。有熱情、有目標、有期待。
6.正向一點，壓力小一點
多笑、多玩、多和讓你放鬆的人相處。
7.活到老，學到老
持續學習不只是保護大腦，還會讓你覺得「我還在活著」。
8.建立緊密的人際關係
孤單，比病毒還毒。人跟人之間的連結，是最強大的保護因子之一。
9.幫助別人，自己也會變得更好
有意義的日子，就是最好的抗老處方。
10.不要太早退休
退得太早，腦袋也會跟著關機。
維持社會參與，不只是工作，是活著的意義感。
想活得好活得久，靠的不是奇蹟跟藥物，
是你每天怎麼過日子。",2025/4/6 17:46,"🧠 精神科專科醫師｜壓力 × 睡眠 × 情緒修復  
❤️ 專注於身心疾病的藥物、非藥物治療
🌿 探索精神醫學、腦科學、心理學在生活的應用
📍 Taiwan-based psychiatrist",百憂解,business,
x4oddfz,我是一安,"幹⋯從服藥以來
最有感的就是「離憂」
他是天使跟惡魔！！！
沒有他的時候 我就會亂想到睡不著
基本上其他安眠藥根本沒路用
沒想到翻箱倒櫃還真的被我找到以前偷藏的離憂罐罐==
我心裡在吶喊
我的救贖啊啊啊啊啊啊啊～～～",2024/8/5 02:23,,百憂解,pass,
x4oddfz,我是一安,我只能說有些異性，廣泛稱之為台男，這類生物，真的迷之自信，以為自己有什麼資格在櫸頭論足的批評女人的身材跟年齡？泫雅以前是過瘦剩皮包骨！現在圓潤一點也才46公斤好嗎！而且到底乾這些台男屁事，硬要留一些沒教養的話才爽^_^,2024/8/4 00:05,,百憂解,pass,
x4oddfz,我是一安,"今天把一些上班的事情排掉之後
也覺得擔心的事情少了一點
媽媽看起來狀態還不錯
眼睛右眼因之前開刀還在治療的關係 還是有點不方便
本來擔心媽媽會哭到讓自己的眼睛再度受損 所以很希望他不要過度使用眼睛
幸好大家在一個好的氛圍裡面
覺得氣氛環境也很重要
深知這一點所以很努力讓媽媽感到輕鬆自在 也想告訴她 重要的時刻我不會缺席",2024/8/2 21:01,,百憂解,pass,
x4oddfz,我是一安,"今天早上去醫院看完外公
下午回家準備要休息的時候
就接到外公離世的消息
這次沒有哭得稀裡嘩啦
也沒有想太多 也覺得外公善終了
一切都是好事 最重要的是
不讓媽媽也被情緒影響
所以我要穩住好情緒
今天美滿的結束了 
結束後一家人還去吃了好吃的晚餐
媽媽也露出笑容 覺得卸下了所謂無形的壓力與重任
也得知今天是好日子
外公會去好好的跟菩薩修行
謝謝外公的愛 謝謝我媽媽堅強
真的很愛我的家人",2024/8/1 22:52,,百憂解,pass,
x4oddfz,我是一安,"我看有的人戴大直徑的隱眼
我看著他們的照片 我的眼睛會跟著有點癢",2024/7/31 23:32,,百憂解,pass,
x4oddfz,我是一安,真的好喜歡台灣人遇到颱風的各種精神狀態,2024/7/29 21:25,,百憂解,pass,
x4oddfz,我是一安,"我愛街口⋯⋯申請復用好快⋯⋯這幾天一直在擔心
客服接電話也不用等太久
客服人員也很有耐心回答我的問題🥹聲音也都很好聽
從街口出來的時候就開始用了！還一直推廣身邊的朋友
蠻多朋友因為我也愛上🤣
很開心街口也越來越好
越來越方便！！讚嘆街口🥰",2024/7/29 15:12,,百憂解,pass,
x4oddfz,我是一安,除了傳說對決跟探探其他都有==⋯⋯,2024/7/28 16:27,,百憂解,pass,
x4oddfz,我是一安,超好笑,2024/7/23 23:09,,百憂解,pass,
x4oddfz,我是一安,我都不知道⋯⋯,2024/7/23 23:03,,百憂解,pass,
x4oddfz,我是一安,嘻嘻不嘻嘻,2024/7/23 22:09,,百憂解,pass,
x4oddfz,我是一安,"幹被偷拍那麼多次 也不敢 現在大家真的好勇敢
太棒了🥹",2024/7/23 12:52,,百憂解,pass,
yinxi_4453,湮曦,"換藥第一天立馬早醒
但我覺得藥效應該沒那麼快？
很好奇百憂解、千憂解跟萬憂停差在哪裏（？",2025/2/11 07:05,,百憂解,not_enough_posts,
yinxi_4453,湮曦,我做錯了什麼？,2025/2/9 03:02,,百憂解,not_enough_posts,
hebe07_24,愛婕,"之前有三個月的連續失眠
每天也不知道到底有沒有入睡超過兩小時
半工半讀 到身體出現問題
逼不得已到要吃安眠藥
但又怕自己依賴藥物 或者早上睡過頭
所以藥也只敢折半吃 每天接近在崩潰邊緣
然後有些人聽完就會說
：我有一陣子也失眠過欸！
當我誤以為找到個同樣經歷的人時 結果他下句
：但你會不會是不夠累 還是晚上都想太多啊？
我就知道 這個人沒有真正體會過失眠症是什麼",2026/1/15 12:25,人生無常 及時行樂,安眠藥,pass,
hebe07_24,愛婕,"其實有時當E人也會覺得很累，會被各種 
：『因為你是E人，你不怕、你先做、你先說』
被推出去當擋箭牌，或者帶頭的人
但我願意這麼做，並不是因為我是E人
是因為我想要大家過得開心 能有愉快的心情
所以我更願意想話題、想遊戲、想好笑的事情分享而已",2026/1/14 09:24,人生無常 及時行樂,安眠藥,pass,
hebe07_24,愛婕,雖然是ENFJ 但也想被E人領養,2026/1/13 08:12,人生無常 及時行樂,安眠藥,pass,
standup_potato,有禮貌的馬鈴薯,每一顆頭都好焦灼 我不行了,2026/1/16 18:38,發瘋用,安眠藥,pass,
standup_potato,有禮貌的馬鈴薯,"每次看那些網拍就很疑惑
冬天到底該怎麼穿的好看又保暖
難道真的只能露腿嗎⋯⋯",2026/1/16 14:40,發瘋用,安眠藥,pass,
standup_potato,有禮貌的馬鈴薯,話說我和🐱一樣額頭那裡特別突出，必須得有瀏海才行嗚嗚嗚嗚,2026/1/16 13:54,發瘋用,安眠藥,pass,
standup_potato,有禮貌的馬鈴薯,我已經連續快兩週都是滑手機滑到眼睛真的很乾才願意放下手機睡覺了⋯到底該怎麼辦,2026/1/16 05:33,發瘋用,安眠藥,pass,
standup_potato,有禮貌的馬鈴薯,"隔壁不是有個活動是#和viper一起出發嗎
沒特別關注他賽場外，才發現天哪朴到賢中文這麼好的嗎？？？？？？",2026/1/15 23:40,發瘋用,安眠藥,pass,
standup_potato,有禮貌的馬鈴薯,首頁又推薦回來去年某個綜藝罵高中生不讓座的文，留言看到以後博愛座改成搏鬥座超好笑，但其實我覺得身體比較弱的老人家就不該坐公車，公車真的很危險⋯急煞跟轉彎都超恐怖的，老人家還是搭捷運或者叫車比較好,2026/1/15 15:55,發瘋用,安眠藥,pass,
standup_potato,有禮貌的馬鈴薯,"快點比賽吧們踢萬
想看到乾淨的 充滿比賽切片的河道",2026/1/15 13:50,發瘋用,安眠藥,pass,
standup_potato,有禮貌的馬鈴薯,希望你們這些大公司知道廣告是拿來豐富自己品牌形象的，只有無名小公司才需要炒作好嗎，煩死了,2026/1/15 13:18,發瘋用,安眠藥,pass,
standup_potato,有禮貌的馬鈴薯,"化妝品避雷之
media打亮wt-01:不是這個難用啦，是滑到reels看到有人說適合提亮鼻基底和淚溝，No，大no特no，他的覆蓋力很低而且幾乎純白色，淚溝真的想靠這個就要上非常厚一層，他又很乾，絕對卡到瘋掉，鼻基底一樣的概念，這個最適合打在鼻子和顴弓骨，打造自然的光澤感最好看了",2026/1/14 19:45,發瘋用,安眠藥,pass,
standup_potato,有禮貌的馬鈴薯,"有沒有人用過HBN發光水？
查了一下成分沒有什麼容易致敏的
而且真的好多人推哦
說是可以讓皮膚提亮穩定很多",2026/1/14 19:32,發瘋用,安眠藥,pass,
standup_potato,有禮貌的馬鈴薯,"每次一看到留言或串文是不太喜歡的
我就會果斷封鎖對方
不是因為討厭你只是想保留自己的清淨之地而已(｡ì _ í｡)",2026/1/13 20:09,發瘋用,安眠藥,pass,
standup_potato,有禮貌的馬鈴薯,愛抽煙的人就在自己家抽嘛～～～～～,2026/1/12 19:40,發瘋用,安眠藥,pass,
standup_potato,有禮貌的馬鈴薯,"其實我被這麼說還是會很開心誒？
真的全世界只有我會這樣嗎",2026/1/12 18:36,發瘋用,安眠藥,pass,
standup_potato,有禮貌的馬鈴薯,"好評很多
就只有我比較滿意第一季的兩首op😭",2026/1/12 16:33,發瘋用,安眠藥,pass,
standup_potato,有禮貌的馬鈴薯,"哇誒我真的超會未雨綢繆
錢都還沒開始賺已經先截圖好哪些建商的建案可以買
還開始學習三十五歲後化妝要著重加強哪些地方",2026/1/12 09:43,發瘋用,安眠藥,pass,
standup_potato,有禮貌的馬鈴薯,"愛包ダンスホール　今日はボレロ
蕩けった少年　甘酸っぱい感情（レモン）
求愛人類♥は満杯さ
現在才喜歡上🥺",2026/1/12 01:06,發瘋用,安眠藥,pass,
standup_potato,有禮貌的馬鈴薯,"看人分享面相和運勢有關聯
運氣好時不要亂動臉
於是很樂觀的想看來運氣不好也是一種運氣好（那個時候就可以動我一直看不順眼的鼻子了）",2026/1/11 23:01,發瘋用,安眠藥,pass,
standup_potato,有禮貌的馬鈴薯,"有人也會這樣嗎
忙了五六個小時終於可以休息
拿起手機一看在忙碌的五小時裡有人斷斷續續分享著自己的生活給我
看到就覺得好幸福哦",2026/1/11 12:22,發瘋用,安眠藥,pass,
standup_potato,有禮貌的馬鈴薯,"怎麼吃點辣就開始狂拉⋯
老天能不能賜予我銅牆鐵壁的腸胃
真的受夠了
我的屁股已經要翻出來了",2026/1/11 12:18,發瘋用,安眠藥,pass,
standup_potato,有禮貌的馬鈴薯,看到川普想退出聯合國想到很小的時候看的繪本都在說地球村，以為長大後所有人都會快快樂樂的在一起，現在倒是覺得每個國家各自成為孤島也蠻好的,2026/1/10 12:44,發瘋用,安眠藥,pass,
standup_potato,有禮貌的馬鈴薯,這就是我想看的啊啊啊啊啊啊啊,2026/1/9 22:21,發瘋用,安眠藥,pass,
standup_potato,有禮貌的馬鈴薯,"今天溫度突然升高好多！！
腋下都流汗了
不是說寒流來嗎要下探五度嗎
都買好雪靴了的說",2026/1/9 15:41,發瘋用,安眠藥,pass,
standup_potato,有禮貌的馬鈴薯,"好想吃好吃的香筍包哦
就很突然
哪裡有好吃的包子",2026/1/9 00:20,發瘋用,安眠藥,pass,
standup_potato,有禮貌的馬鈴薯,"江湖救急🥹
跪求大家有沒有擠完痘痘必備的步驟
比如塗什麼比較不會留疤還可以快點好
洗澡的時候不小心把痘痘給弄破了只好擠出來",2026/1/8 22:54,發瘋用,安眠藥,pass,
standup_potato,有禮貌的馬鈴薯,"看到有人去日本拿去載具出來刷
我第一反應是：耶？這怎麼了嗎
哈哈哈哈",2026/1/8 21:36,發瘋用,安眠藥,pass,
standup_potato,有禮貌的馬鈴薯,"我的種草單😌
清理一下手機相簿
不然沒空間存接下來各種寶寶們的照片了",2026/1/8 15:57,發瘋用,安眠藥,pass,
standup_potato,有禮貌的馬鈴薯,"水光腮紅要怎麼上妝啊
用皮面拇指粉撲不知道如何
在reels滑到一個韓國女生畫的超漂亮的
自己用手指上總是沒有那個光澤感😭",2026/1/7 12:54,發瘋用,安眠藥,pass,
standup_potato,有禮貌的馬鈴薯,"濕冷太要命了救命
誰推薦給我適合放在租屋處的小暖氣啊
飛利浦直立式暖氣機的不知道怎麼樣",2026/1/6 20:19,發瘋用,安眠藥,pass,
standup_potato,有禮貌的馬鈴薯,我不行了…,2026/1/6 17:00,發瘋用,安眠藥,pass,
xuelian.lan,藍雪蓮,剛去回診，醫生說我臉色很不好，我說我都睡不好，剛要騎來時還差點睡著，醫生說叫我不可以常吃安眠藥，但我不吃就睡不著，很兩難😮‍💨😮‍💨😮‍💨,2026/1/2 18:16,一個瘋顛的金牛座女子,安眠藥,pass,
xuelian.lan,藍雪蓮,來找大女兒，老2老3拋棄我，自己和朋友出去逛街😂😂😂,2026/1/1 12:26,一個瘋顛的金牛座女子,安眠藥,pass,
xuelian.lan,藍雪蓮,半夜發了我晚上吃了2塊雞排這件事，是切好的2小塊，不是2片雞排，別再以為我是大胃王好嗎😂😂😂,2025/12/31 08:56,一個瘋顛的金牛座女子,安眠藥,pass,
xuelian.lan,藍雪蓮,今天好一點，快4點才醒來，可是一直反胃想吐，晚上吃了2塊雞排，果然太久沒吃油炸的東西，腸胃立即反應給我看🤮🤮🤮,2025/12/31 04:22,一個瘋顛的金牛座女子,安眠藥,pass,
xuelian.lan,藍雪蓮,很多人私下問我說，我早上PO文的是指誰，基於我個人修養，我不會公佈他是誰，但因為這件事，我以為事情過了這麼多年，應該傷口已經好了，直到遇到這件事的發生，才了解我的心結以為早就痊癒了，其實只是欺騙自己，傷口依舊在那，只是我選擇視而不見，以為自己已經走過那件事，原來只是自我催眠😮‍💨😮‍💨😮‍💨,2025/12/28 20:31,一個瘋顛的金牛座女子,安眠藥,pass,
xuelian.lan,藍雪蓮,超迷你的小橘子，好吃😋😋😋，感謝同學 郭老闆 的推薦,2025/12/28 12:56,一個瘋顛的金牛座女子,安眠藥,pass,
xuelian.lan,藍雪蓮,來買三隻小豬的午餐,2025/12/28 12:06,一個瘋顛的金牛座女子,安眠藥,pass,
xuelian.lan,藍雪蓮,永遠不要相信一個會說謊的人，因為只會用無數的謊言去圓之前的謊，而且不覺得自己有錯，可惜，你踩到金牛的底限了，我會記仇一輩子😤😤😤,2025/12/28 08:55,一個瘋顛的金牛座女子,安眠藥,pass,
xuelian.lan,藍雪蓮,半夜2點多醒來看手機才知道有地震，這時候是不是慶幸因為吃了藥睡死了，一點感覺都沒有😂😂😂,2025/12/28 03:15,一個瘋顛的金牛座女子,安眠藥,pass,
xuelian.lan,藍雪蓮,太早睡的下場，就是2點又醒了，而且這次還反胃想吐😮‍💨😮‍💨😮‍💨,2025/12/26 02:48,一個瘋顛的金牛座女子,安眠藥,pass,
xuelian.lan,藍雪蓮,關於金牛座呢，身為金牛女的我，對自己只有一個評語，就是固執起來真的不是人，真的是牛，對任何事情都一樣，尤其在感情方面，愛上就愛上了，跟任何外表條件無關，我看喜歡就好，但一旦心死也是一樣，做任何事情也無法挽回，有同是金牛女的認同嗎,2025/12/25 20:56,一個瘋顛的金牛座女子,安眠藥,pass,
xuelian.lan,藍雪蓮,難得可以一覺睡到十點半才清醒，原來是生病了，可能是身體已經累到無法負荷了，現在只希望不是A流，前幾天去急診室，周圍都是A流患者😮‍💨😮‍💨😮‍💨,2025/12/25 10:49,一個瘋顛的金牛座女子,安眠藥,pass,
xuelian.lan,藍雪蓮,今天總算把它看完，嗯........，只能說看過的人給他的評價這麼差真的是中肯呀😂😂😂,2025/12/24 15:33,一個瘋顛的金牛座女子,安眠藥,pass,
xuelian.lan,藍雪蓮,明明前天幾乎沒怎麼睡，昨天也差不多吃了藥後11點多睡，卻依舊在這個時間半夜3點就醒來，真的好羨幕可以一覺到天亮的人😮‍💨😮‍💨😮‍💨,2025/12/24 03:55,一個瘋顛的金牛座女子,安眠藥,pass,
xuelian.lan,藍雪蓮,今天中午就決定吃這個了,2025/12/23 11:52,一個瘋顛的金牛座女子,安眠藥,pass,
xuelian.lan,藍雪蓮,在這種天被請喝飲料，算是雪上加霜嗎？昨天在醫院我的四周都是A型流感患者，雖然我有打疫苗，但連口罩都不敢拿下，結果今天開始流鼻水和喉嚨乾乾的，就說屬蛇的今年真的犯太歲，諸事不順😮‍💨😮‍💨😮‍💨,2025/12/23 10:31,一個瘋顛的金牛座女子,安眠藥,pass,
xuelian.lan,藍雪蓮,"好累，趕回家都快2點，又睡不著，只好吃了3顆藥才去睡，結果從6點起床到現在完全不知道我怎麼騎到公司，只要停紅綠燈就小瞇，偏偏又不能喝咖啡,真的感覺只剩半條命了😭😭😭",2025/12/23 08:15,一個瘋顛的金牛座女子,安眠藥,pass,
xuelian.lan,藍雪蓮,總算沒事了，現在準備回家,2025/12/23 00:09,一個瘋顛的金牛座女子,安眠藥,pass,
xuelian.lan,藍雪蓮,當媽媽的心情，就算三更半夜也是要開車趕去,2025/12/22 23:01,一個瘋顛的金牛座女子,安眠藥,pass,
xuelian.lan,藍雪蓮,這2天撐過去了，累到我自己覺得都像七八十歲的老人，連說話都不想說，偏又睡不好，一早來公司就是無止盡的打瞌睡，偏偏那些人又打來問我要怎麼做，好吧，做好心理準備每星期回去當顧問，希望今年結束後，明年不會再call我回去，但照目前看起來可能也是逃不過的😮‍💨😮‍💨😮‍💨,2025/12/22 11:39,一個瘋顛的金牛座女子,安眠藥,pass,
xuelian.lan,藍雪蓮,拔智齒完以為沒流血了，是太累嗎？睡完一覺看到枕頭自己嚇了一跳，連臉和頭髮都是血跡，但是不痛呀，是我耐痛力太強嗎🙄🙄🙄#,2025/12/21 08:06,一個瘋顛的金牛座女子,安眠藥,pass,
xuelian.lan,藍雪蓮,回來幫忙了，才第一天我的喉嚨就快不行了，還有明天一天，但我覺得我應該會一路累到過年前😮‍💨😮‍💨😮‍💨，所以選擇過年後飛出去是對的,2025/12/20 14:18,一個瘋顛的金牛座女子,安眠藥,pass,
xuelian.lan,藍雪蓮,果然硬把人家的好意吃完，下場就是拉肚子了😂😂😂,2025/12/20 09:33,一個瘋顛的金牛座女子,安眠藥,pass,
xuelian.lan,藍雪蓮,吃個早餐，點個蛋餅，都能讓員工偷偷給我加了2條熱狗，重點是我吃不完呀😂😂😂,2025/12/20 08:16,一個瘋顛的金牛座女子,安眠藥,pass,
crypto_terry14,加密泰瑞,"25歲之後的安眠藥
一顆大飯糰",2025/12/27 01:34,"| PA/SMC｜教學｜日更｜幣圈陪跑員
一個學過大部分流派發現邏輯都一樣的吹得",安眠藥,business,
crypto_terry14,加密泰瑞,"目前看法
盤這麼久終於可能要動了啊",2025/12/26 22:30,"| PA/SMC｜教學｜日更｜幣圈陪跑員
一個學過大部分流派發現邏輯都一樣的吹得",安眠藥,business,
crypto_terry14,加密泰瑞,"黃金先走了 +26,951U
大概85萬台幣
假日前卡在高位盤整 不想留倉
等下禮拜開盤後
看測試4476的反應後再重新進場",2025/12/26 21:38,"| PA/SMC｜教學｜日更｜幣圈陪跑員
一個學過大部分流派發現邏輯都一樣的吹得",安眠藥,business,
crypto_terry14,加密泰瑞,"一張卡3.6億？
明年1月12日 Netflix全球直播",2025/12/26 13:11,"| PA/SMC｜教學｜日更｜幣圈陪跑員
一個學過大部分流派發現邏輯都一樣的吹得",安眠藥,business,
crypto_terry14,加密泰瑞,"12/25聖誕節 我依然堅守本群
未曾離開 沒有去約會 沒有去開房間
2025年12月25日 16:00 
為本群站崗 為清純打卡",2025/12/25 16:01,"| PA/SMC｜教學｜日更｜幣圈陪跑員
一個學過大部分流派發現邏輯都一樣的吹得",安眠藥,business,
crypto_terry14,加密泰瑞,"24歲的台灣小哥
剛畢業就獲得200萬美元的投資？
由畢業論文發想的創業計劃
Zeabur
各位畢業論文記得好好寫呀",2025/12/23 23:56,"| PA/SMC｜教學｜日更｜幣圈陪跑員
一個學過大部分流派發現邏輯都一樣的吹得",安眠藥,business,
crypto_terry14,加密泰瑞,"黃金終究不會讓人失望
+65萬台幣
可惜群組的第一單被洗下車
後面只敢自己偷偷上
被洗到有PTSD了",2025/12/23 09:34,"| PA/SMC｜教學｜日更｜幣圈陪跑員
一個學過大部分流派發現邏輯都一樣的吹得",安眠藥,business,
crypto_terry14,加密泰瑞,"實盤50% 拿下
不是運氣
也不是賭
就是照著策略走",2025/12/23 01:22,"| PA/SMC｜教學｜日更｜幣圈陪跑員
一個學過大部分流派發現邏輯都一樣的吹得",安眠藥,business,
crypto_terry14,加密泰瑞,"納智捷走入歷史
只有關稅還活著",2025/12/21 13:50,"| PA/SMC｜教學｜日更｜幣圈陪跑員
一個學過大部分流派發現邏輯都一樣的吹得",安眠藥,business,
crypto_terry14,加密泰瑞,"瘋掉…
希望大家都沒事",2025/12/20 00:36,"| PA/SMC｜教學｜日更｜幣圈陪跑員
一個學過大部分流派發現邏輯都一樣的吹得",安眠藥,business,
crypto_terry14,加密泰瑞,"一年有90%的時間都在看他
這算是一種純愛戰士嗎",2025/12/18 21:15,"| PA/SMC｜教學｜日更｜幣圈陪跑員
一個學過大部分流派發現邏輯都一樣的吹得",安眠藥,business,
crypto_terry14,加密泰瑞,連軍中也出現詐騙？,2025/12/18 10:06,"| PA/SMC｜教學｜日更｜幣圈陪跑員
一個學過大部分流派發現邏輯都一樣的吹得",安眠藥,business,
crypto_terry14,加密泰瑞,"在非農跟失業率出現前
這麼敏感的時間點
貝萊德往Coinbase存入1.4億美元的以太幣
很難不讓人聯想是不是要砸盤",2025/12/16 21:22,"| PA/SMC｜教學｜日更｜幣圈陪跑員
一個學過大部分流派發現邏輯都一樣的吹得",安眠藥,business,
crypto_terry14,加密泰瑞,"今晚21:30 失業+非農
大的藥來了",2025/12/16 19:08,"| PA/SMC｜教學｜日更｜幣圈陪跑員
一個學過大部分流派發現邏輯都一樣的吹得",安眠藥,business,
crypto_terry14,加密泰瑞,台灣這麼缺兵了嗎,2025/12/15 23:47,"| PA/SMC｜教學｜日更｜幣圈陪跑員
一個學過大部分流派發現邏輯都一樣的吹得",安眠藥,business,
crypto_terry14,加密泰瑞,"梅西巡訪爆衝突！
8.5萬名球迷砸體育場",2025/12/15 17:38,"| PA/SMC｜教學｜日更｜幣圈陪跑員
一個學過大部分流派發現邏輯都一樣的吹得",安眠藥,business,
crypto_terry14,加密泰瑞,"很多時候
心態會壞
是因為你在害怕未來
你不知道下一步會怎麼走
不知道這單會不會翻車
所以每一根 K 線都在折磨你
但當你有一套完整的交易邏輯
知道怎麼進場
怎麼止損
怎麼止盈
而且回測也已經告訴你
這套策略長期是賺錢的
那你會做的事情就只剩一件
照著設定好的規則走
該進就進
該出就出
該修正就修正
沒有人會明知道怎麼做最容易賺錢
卻還選擇不做
真正卡住你的
從來不是市場
是你對未來的不確定感
當邏輯站得住
心態自然就穩了",2025/12/13 15:02,"| PA/SMC｜教學｜日更｜幣圈陪跑員
一個學過大部分流派發現邏輯都一樣的吹得",安眠藥,business,
crypto_terry14,加密泰瑞,馬斯克再創傳奇？,2025/12/13 03:14,"| PA/SMC｜教學｜日更｜幣圈陪跑員
一個學過大部分流派發現邏輯都一樣的吹得",安眠藥,business,
uda711,蔡侑達 / 達達dada,"Google Gemini 3 為什麼突然這麼猛？
關鍵不是演算法，是自研TPU晶片
這一把火已燒到輝達身上 🔥
市場開始狂喊：
「TPU、ASIC 會不會取代 GPU？」
⚠️但戲劇性轉折來了⚠️
耶誕假期傳出
輝達可能砸 200 億美元
（約 6300 億台幣）
向 AI 新創 Groq
取得推論晶片授權
重點是👇👇👇
Groq 創辦人 Jonathan Ross
就是 Google 第一代 TPU 的開發工程師 😍
等於說：
TPU之父  被輝達請走了？
黃仁勳沒證實合作金額
但這步棋很清楚
「你想繞過我？我直接把你的人請過來！」
👉 2026 年 AI 晶片戰
不是 GPU 的獨角戲
你選輝達 ? 還是Google ?",2025/12/26 07:09,"🇹🇼Taiwan News Anchor
🎥東森財經台主播 主持人
🔆最新股市懶人包追蹤我
🔥IG限動不定時有小驚喜
⚠️沒有任何投資群組 請認明藍勾勾",安眠藥,non_life,
uda711,蔡侑達 / 達達dada,"今年最貴聖誕樹就是這一棵了吧😍
記憶體樹你看過嗎？
南亞科再創歷史新高",2025/12/24 13:00,"🇹🇼Taiwan News Anchor
🎥東森財經台主播 主持人
🔆最新股市懶人包追蹤我
🔥IG限動不定時有小驚喜
⚠️沒有任何投資群組 請認明藍勾勾",安眠藥,non_life,
uda711,蔡侑達 / 達達dada,今天台股的聖誕禮物在哪裡？,2025/12/24 07:33,"🇹🇼Taiwan News Anchor
🎥東森財經台主播 主持人
🔆最新股市懶人包追蹤我
🔥IG限動不定時有小驚喜
⚠️沒有任何投資群組 請認明藍勾勾",安眠藥,non_life,
uda711,蔡侑達 / 達達dada,"【國小程度數學題】
Q.小黃開了一間半導體公司，觀察下列財報數字，何者正確？
A）連續2月虧損，沒有受惠記憶體紅利
B）通常獲利愈差，股價愈好
C）小黃曾說做生技比做半導體開心
D）以上皆是",2025/12/23 20:29,"🇹🇼Taiwan News Anchor
🎥東森財經台主播 主持人
🔆最新股市懶人包追蹤我
🔥IG限動不定時有小驚喜
⚠️沒有任何投資群組 請認明藍勾勾",安眠藥,non_life,
uda711,蔡侑達 / 達達dada,"⚠️猛健樂的對手來了！想減肥不用挨針
丹麥藥廠諾和諾德（Novo Nordisk）
已獲准在美國銷售減重針劑
""瘦瘦針""Wegovy的口服版本
這款藥丸含有25毫克司美格魯肽（semaglutide）與注射型的Wegovy與Ozempic使用相同有效成分。
根據64周的臨床試驗顯示，每日一次服用，受試者平均體重
減輕16.6%，而安慰劑組減輕2.7%",2025/12/23 08:38,"🇹🇼Taiwan News Anchor
🎥東森財經台主播 主持人
🔆最新股市懶人包追蹤我
🔥IG限動不定時有小驚喜
⚠️沒有任何投資群組 請認明藍勾勾",安眠藥,non_life,
uda711,蔡侑達 / 達達dada,"矽光子今天會繼續發光嗎？😍
華星光的法說好香
⭐️800G產品明年爆發
⭐️1.6T將開始小量出貨
⭐️有三家大型CSP廠都是客戶
⭐️CPO市場年複合成長率達137%",2025/12/23 07:48,"🇹🇼Taiwan News Anchor
🎥東森財經台主播 主持人
🔆最新股市懶人包追蹤我
🔥IG限動不定時有小驚喜
⚠️沒有任何投資群組 請認明藍勾勾",安眠藥,non_life,
uda711,蔡侑達 / 達達dada,"台股.美股本周會有聖誕節行情?
從1950年統計以來
標普500指數上漲機率高達78%
平均報酬為1.3
%
動能延續至隔年1月初
🟢今天記憶體將多空交戰
🔴散熱、矽光子、機器人有利多",2025/12/22 07:53,"🇹🇼Taiwan News Anchor
🎥東森財經台主播 主持人
🔆最新股市懶人包追蹤我
🔥IG限動不定時有小驚喜
⚠️沒有任何投資群組 請認明藍勾勾",安眠藥,non_life,
uda711,蔡侑達 / 達達dada,"鴻海大事來了🥵 正式收購納智捷
鴻華先進以7.87億元
收購裕隆旗下納智捷 100% 股權
後續仍須公平會審核
現有納智捷車主
售後服務保固
都由原有通路體系提供 不受影響",2025/12/19 18:13,"🇹🇼Taiwan News Anchor
🎥東森財經台主播 主持人
🔆最新股市懶人包追蹤我
🔥IG限動不定時有小驚喜
⚠️沒有任何投資群組 請認明藍勾勾",安眠藥,non_life,
uda711,蔡侑達 / 達達dada,"降息派對又來了😍夜盤搭上噴射機
川普早上的白宮演講
根本先偷看答案
美國通膨果然正在趨緩
美國勞工統計局公布
11月消費者物價指數 (CPI)
年增 2.7%
低於市場預期的3.1%
也比前值3%增速放緩",2025/12/18 22:03,"🇹🇼Taiwan News Anchor
🎥東森財經台主播 主持人
🔆最新股市懶人包追蹤我
🔥IG限動不定時有小驚喜
⚠️沒有任何投資群組 請認明藍勾勾",安眠藥,non_life,
uda711,蔡侑達 / 達達dada,"央行第4季理監事會議出爐
⭐️利率「連七凍」，重貼現率、擔保放款融通利率及短期融通利率，分別維持
年息2%、2.375%、4.25%
⭐️房市管制維持不變
營建股
明天會怎麼樣？",2025/12/18 16:50,"🇹🇼Taiwan News Anchor
🎥東森財經台主播 主持人
🔆最新股市懶人包追蹤我
🔥IG限動不定時有小驚喜
⚠️沒有任何投資群組 請認明藍勾勾",安眠藥,non_life,
uda711,蔡侑達 / 達達dada,"脆上看到鶴X樓的酪梨系列好多負評
決定馬上轉身去喝得正的新品
「馥莓緋烏龍」
OMG！直接榮登我心目中
2025年手搖前三名
店員說是用
蔓越莓、藍莓、桑葚調製而成
我點無糖 微冰很讚",2025/12/18 15:23,"🇹🇼Taiwan News Anchor
🎥東森財經台主播 主持人
🔆最新股市懶人包追蹤我
🔥IG限動不定時有小驚喜
⚠️沒有任何投資群組 請認明藍勾勾",安眠藥,non_life,
uda711,蔡侑達 / 達達dada,"今年被罵最慘的高股息ETF
✨️今天直接大翻身✨️
00919只花1天就完成填息0.54元
沒錯！就是1天 
創下成立以來最猛紀錄
看一下成分股就懂👇
這次功臣不是半導體
前五大持股 3檔都是金融股
國泰金 / 中信金 / 富邦金
而今天金融指數 
創！歷！史！新！高！
00919等於直接搭上順風車
再加上前陣子市場傳出
壽險賣股、未來EPS有想像空間
明年「高配息＋高殖利率」的老題材
可能又要重新回到檯面上了
大家有抱住嗎？",2025/12/17 12:13,"🇹🇼Taiwan News Anchor
🎥東森財經台主播 主持人
🔆最新股市懶人包追蹤我
🔥IG限動不定時有小驚喜
⚠️沒有任何投資群組 請認明藍勾勾",安眠藥,non_life,
uda711,蔡侑達 / 達達dada,"特斯拉+3%創歷史新高了🥹
結果華爾街目標價只給這樣‼️
同時川普即將在白宮開講
進場訊號來了？
🔹 特斯拉：故事很大，空間很小？
時隔一年股價刷新歷史新高
摩根士丹利預估：到2026年
👉 Robotaxi 車隊將增至1000輛
第一反應是：這數字也太保守了吧？
瑞穗銀行火速上調目標價到530美元
但用今天收盤489美元計算
📌 潛在漲幅只剩約8%
「夢想在天上，股價在高原」
🔹 川普投顧又要開張了
🕙 台灣時間12/18(四)上午10點
📍 川普發表全國電視演說
內容不只回顧今年政績
還要提前預告「明年政策方向」
川普強調👉 「最精采的還在後頭」",2025/12/17 07:16,"🇹🇼Taiwan News Anchor
🎥東森財經台主播 主持人
🔆最新股市懶人包追蹤我
🔥IG限動不定時有小驚喜
⚠️沒有任何投資群組 請認明藍勾勾",安眠藥,non_life,
uda711,蔡侑達 / 達達dada,"華東處置Day1 觸及跌停
網哀「華東沒有派對……」",2025/12/16 12:23,"🇹🇼Taiwan News Anchor
🎥東森財經台主播 主持人
🔆最新股市懶人包追蹤我
🔥IG限動不定時有小驚喜
⚠️沒有任何投資群組 請認明藍勾勾",安眠藥,non_life,
dr.xiaoyu1021,小魚醫師,"今天有一位患者初診來診，主訴自己已經失眠很多年了。
主要是因為焦慮而睡不著，每天晚上躺在床上，頭腦就一直轉、一直想事情。
她也長期服用安眠藥與鎮定藥，而且每晚都要吃好幾顆。
在我開好自己研發的「睡眠粉」，準備送她離開時，
她突然冷不防問了我一句：
她：「醫師，我可以問你一個問題嗎？」
我：「可以啊。」
她：「可是這樣問好像有點失禮⋯⋯」
我：「沒關係，你有什麼想問的就直接問。」
她：「你覺得，我要給你多少次機會？」
我笑了笑，回答她：
「你給我三次機會。來吃三個禮拜我開的中藥粉『睡眠粉』，睡前 3 小時一次吃 2 包，一天一次、一次 2 包。如果三個禮拜後失眠完全沒有改善，你就不用再來看我了，可以去找其他醫師 😊」
其實，我的老患者都知道，我內科其中一個魔鬼級專長就是「自律神經失調」。
也確實成功幫不少老患者慢慢減少安眠藥的劑量，
有人從 1 顆慢慢降到 3/4 顆，
然後再從從3/4 顆慢慢降到 1/2 顆。
其實只要把焦慮、憂鬱、心情調順，睡不著的問題就會慢慢得到舒緩。
所以，只要有患者問我：「要給醫師幾次機會？」
我一律回答：
「三個禮拜。沒效，就請去找其他醫師。」",2025/12/17 18:12,"翰醫堂中山中醫診所(台北）
專長：肌肉疼痛、肌肉緊繃、體重管理、減重、婦科問題",安眠藥,not_enough_posts,
dr.xiaoyu1021,小魚醫師,"大前天，一位從基隆遠道而來的患者，因為腰痛而慕名來做浮針。
這是他人生第一次做浮針。
治療過程中，他全程一言不發。
我想說…是不是默默在忍痛？
就小聲問了一句：
「都不會痛啦齁～？」
患者超淡定：「不會。」
我又怕他不好意思喊痛，於是再確認：
「一點點痛啦齁～？」🧐
患者依然淡定：「沒～感～覺～。」🥱
結果治療完，他站起來時整個愣住：
「欸醫師…我的腰痛不見了耶？！」
真的像憑空消失一樣。
他超驚喜，我也超級有成就感！
昨天患者和我報告，腰痛沒有復發，完全不痛了！
我真的超級開心~~
不管是腰痛、頭痛、肩膀痛、大腿痛，其實很多疼痛都和「肌肉」這個器官息息相關。
目前醫學的分類中，雖然有各式各樣的科別，包含「心臟科」、「骨科」、「肝膽腸胃科」、「腎臟科」等等，但卻沒有和疼痛息息相關的「肌肉科」這個科別。
肌肉問題很常被忽略，但真的可以被治療，也值得被好好對待。
感謝當初那個願意花很多時間學習和專研浮針的自己，才讓現在的我有能力找出和解決很多患者的疼痛根源。
另外和大家報告，
預計2026年3月起，我北部的門診就會結束，正式到嘉義開診了！🎉",2025/12/6 10:16,"翰醫堂中山中醫診所(台北）
專長：肌肉疼痛、肌肉緊繃、體重管理、減重、婦科問題",安眠藥,not_enough_posts,
zeronotreal,zeronotreal,"如果願意花錢購入保健食品
那我推薦新一代的自費安眠藥
Dayvigo達衛眠
通常一顆50
無成癮性 不會戒斷
治療一段時間就可以拉長服用時間（兩三天吃一次）
藥品比起保健食品
安全性更高
而且有確定的療效
可以好好瞭解看看",2025/11/28 21:06,"低調的I人 容易沒有能量的投射者
身心科專科醫師 
有能力就心血來潮紀錄或回覆",安眠藥,not_enough_posts,
t48______,t48______,"拜託各位重度睡眠的夥伴 都給我去買他！！
我之前失眠超級嚴重 可以兩天睡一覺 甚至三天不睡
躺下去不翻個好幾個小時是睡不著的那種
吃過安眠藥 但是那個藥效齁 真的就是暈爆
我覺得完全影響到我的生活 後來就放棄了
直到有一天我哥叫我去吃B群
我心裡想說他自己吃B群是提振精神的 居然叫我睡覺前吃？？？？
一開始我就聽聽而已 哈哈哈哈
然後有一天我真的是被逼到要發瘋了
我就想說算了 反正都這樣了 就去試試好了
結果！！！！！！我的重度失眠居然就好了？超扯欸
為什麼會突然拿出來講呢 因為我從過年後作息又大亂
每天2.3點 甚至到4點才睡著 隔天要上班欸！
昨天突然想到 睡前又拿出來吃個兩顆
媽的 我不到半小時就有睡意 超快就睡著
重點是 睡超好的…..早上起床還不會有那種很累的感覺 
愛死了 失眠的都給我去試啦！！！
但我每次分享給身邊問我失眠怎麼辦的人 都沒有人要信我 So Sad🫠 真的超好用啦",2024/3/5 09:14,,安眠藥,pass,
t48______,t48______,"剛看到這個本來超氣的
因為真的超多人會說怕生氣就不講
啊你都知道會生氣了 為什麼還要做…..
而且有時候那件事情本身就不會讓人生氣
反而是欺騙最該死
但我後來想到了 我之前大學交過一個男友
我忘記是為什麼了 但我幾個朋友發限時都會先問我要不要隱藏他
就連我跟我室友去買生活用品 因為一顆木瓜笑到發瘋 這樣也特別去隱藏 
到底是經歷了什麼啊 笑死",2024/3/5 09:02,,安眠藥,pass,
t48______,t48______,"發瘋 整個帳號充滿了故事
本來已經快睡著了 看到這堆整個火起來欸
到底為什麼可以這麼誇張啊",2024/3/5 01:18,,安眠藥,pass,
t48______,t48______,好扯 裡面還有各種都好扯,2024/3/4 17:30,,安眠藥,pass,
t48______,t48______,通常這種要給男生看的文章 流量都是女生🥹,2024/3/1 17:15,,安眠藥,pass,
t48______,t48______,"這個阿嬤真的超強
從我5年前去 他就天天跑夜店
而且都是留到開燈的那種
到現在我老了去不動了 他居然還在…",2024/2/29 19:59,,安眠藥,pass,
t48______,t48______,"還以為是排順序呢 34521 哈 
永遠忘不了我在一蘭拉麵裡面大哭 笑死",2024/2/29 19:56,,安眠藥,pass,
t48______,t48______,好好笑,2024/2/29 08:46,,安眠藥,pass,
t48______,t48______,騙人的都該死,2024/2/29 08:46,,安眠藥,pass,
t48______,t48______,好強 我的草圖紙根本幾乎全新 笑死,2024/2/27 15:43,,安眠藥,pass,
t48______,t48______,"我的百萬獎金夢沒了 嗚嗚嗚
想了整天就是想不起來是什麼數字
還是放棄好了 畢竟過年連續8張2000都0元
誰能比我更慘🤷🏻‍♀️🤷🏻‍♀️🤷🏻‍♀️🤷🏻‍♀️🤷🏻‍♀️",2024/2/23 00:56,,安眠藥,pass,
t48______,t48______,"嚇歪 我還看留言 明天開始早睡
今天來不及了 笑死
祝大家都健健康康🥹🥹🥹",2024/2/22 23:53,,安眠藥,pass,
t48______,t48______,"不知道是公司的破電腦還是破網路
開一個檔案開了半個小時還在跑是想怎樣🤷🏻‍♀️",2024/2/22 10:36,,安眠藥,pass,
t48______,t48______,是我 網路一條龍 現實一條蟲🐛🐛🐛,2024/2/21 17:46,,安眠藥,pass,
standup_potato,有禮貌的馬鈴薯,"求助脆上的醫生
在家人半夜都很吵鬧的情況下，去精神科有辦法幫我開安眠藥嗎，這會有用嗎，我真的已經沒招了",2026/1/20 11:57,發瘋用,安眠藥,pass,
standup_potato,有禮貌的馬鈴薯,我的種草單，又是各種想買的東西～～～,2026/1/19 00:20,發瘋用,安眠藥,pass,
uda711,蔡侑達 / 達達dada,"真的不用睡了？🤣
那斯達克（Nasdaq）計畫向美國證交會申請「全天候交易」機制，希望改為「23小時、每週五天」的交易模式，中間保留1小時進行系統維護與結算作業。",2025/12/16 07:45,"🇹🇼Taiwan News Anchor
🎥東森財經台主播 主持人
🔆最新股市懶人包追蹤我
🔥IG限動不定時有小驚喜
⚠️沒有任何投資群組 請認明藍勾勾",安眠藥,non_life,
uda711,蔡侑達 / 達達dada,"夜盤續跌235點↘️ 
市場等待今晚的
美國非農就業報告
以協助評估聯準會明年降息預期
✨️大家希望今天什麼族群比較抗跌？",2025/12/16 07:12,"🇹🇼Taiwan News Anchor
🎥東森財經台主播 主持人
🔆最新股市懶人包追蹤我
🔥IG限動不定時有小驚喜
⚠️沒有任何投資群組 請認明藍勾勾",安眠藥,non_life,
uda711,蔡侑達 / 達達dada,"南亞科都還沒出獄
華東竟然要進去陪大哥了🫨
而且直接「20分盤」燈愣
但看這個日期不對欸…
華東、波若威準備一起攜手跨年
而且今天華邦電
被外資倒貨10.8萬張
上禮拜五加碼9萬張
直接六親不認了",2025/12/15 20:19,"🇹🇼Taiwan News Anchor
🎥東森財經台主播 主持人
🔆最新股市懶人包追蹤我
🔥IG限動不定時有小驚喜
⚠️沒有任何投資群組 請認明藍勾勾",安眠藥,non_life,
lionrockdaily,@lionrockdaily,"24歲會計師疑不堪壓力
黃埔花園墮樓亡
紅磡黃埔花園有人墮樓死亡。今早（15日）約7時，一名青年被發現重創昏迷，倒臥在紅磡黃埔花園七座二樓平台，有保安員發現後報警求助。救護員接報到場，經檢查後證實事主當場死亡。
警員封鎖現場，經調查後證實死者姓胡(24歲)，居於上址，其單位睡房窗戶開啟，相信他由睡房墮樓。人員在場沒有檢獲遺書，事主死因有待驗屍確定，案件交由紅磡分區雜項調查隊跟進。
據了解，死者任職會計師3年，兩個月前轉任新工，曾透露有很大壓力。",2026/1/15 15:07,LionRockDaily香港仔由免費報《香港仔》創辦，是一個主打年輕人的資訊平台，讓大家可瀏覽到緊貼時事的專題報道、人物專訪、消費、寵物、旅遊、科技及職場等資訊。,遺書,business,
lionrockdaily,@lionrockdaily,"Pizza Hut一人餐限時買一送一
平均低至$33
Pizza Hut一人餐突發買一送一，堂食平均每人$39.5起、外賣平均低至$33，價錢夠抵，CP值夠晒高！
外賣一人餐 全日買一送一：
千島海鮮迷你批
超級至尊迷你批
卡邦尼煙肉意粉
葡式椰香烤雞焗飯
堂食一人餐 全日買一送一：
星級醬燒豬仔骨(半份) 拼香脆薯條
喇沙海鮮寬條麵
香濃肉醬意粉
卡邦尼煙肉意粉
夏威夷風光迷你批",2026/1/15 13:49,LionRockDaily香港仔由免費報《香港仔》創辦，是一個主打年輕人的資訊平台，讓大家可瀏覽到緊貼時事的專題報道、人物專訪、消費、寵物、旅遊、科技及職場等資訊。,遺書,business,
lionrockdaily,@lionrockdaily,"2千粉絲聚維港支持
金珉奎識做施冧功
韓國人氣男團SEVENTEEN成員金珉奎（MINGYU）今日來港出席活動。現場吸引逾兩千名粉絲聚集維港一帶，尖叫聲不斷，場面震撼。MINGYU以一身棕色外套搭配領帶亮相，並特意走到戶外與粉絲互動，揮手、送飛吻，回應熱情的支持。
被問到未來工作規劃，他透露約兩周後就會開展他和S.COUPS組成的S小分隊CxM巡迴演唱會《CxM [DOUBLE UP] LIVE PARTY》。由於是首場小分隊演唱會，他坦言心情緊張，目前正全心投入準備。MINGYU表示：「這是為了與粉絲見面而認真籌備的活動，希望粉絲們多多期待、支持與喜愛。」",2026/1/14 22:27,LionRockDaily香港仔由免費報《香港仔》創辦，是一個主打年輕人的資訊平台，讓大家可瀏覽到緊貼時事的專題報道、人物專訪、消費、寵物、旅遊、科技及職場等資訊。,遺書,business,
lionrockdaily,@lionrockdaily,"黃大仙爆水管
水柱衝天如瀑布
黃大仙沙田坳道今日（14日）傍晚發生嚴重爆水管事故。事發於晚上約7時，鳳德道與盈鳳里交界附近的地底水管突然爆裂，大量食水湧出，水深一度達膝蓋位置，波及範圍約10米乘3米，導致行車線及行人路受阻。
水務署接報後迅速派員到場處理，並於其「滴惜仔」Facebook專頁表示，正跟進沙田坳道的供水管滲漏情況。
有居民從高處拍攝的相片顯示，水柱猛烈噴出，直衝天際，估計高度達十層樓，場面震撼。途經的車輛紛紛繞道避開，有小巴乘客更拍下車外情況，形容如同置身暴雨之中。",2026/1/14 20:30,LionRockDaily香港仔由免費報《香港仔》創辦，是一個主打年輕人的資訊平台，讓大家可瀏覽到緊貼時事的專題報道、人物專訪、消費、寵物、旅遊、科技及職場等資訊。,遺書,business,
lionrockdaily,@lionrockdaily,"周杰倫戰澳網「連波都無掂到」遭淘汰
一舉動超暖：我能做的就是這個
近年相當認真鑽研網球的明星周杰倫（周董），終於在今日圓夢受邀登上澳洲網球公開賽，以「球員」身份參加「一分大滿貫」賽，也是首位參加澳網的華人歌手。周董首輪對上24歲澳洲業餘冠軍網球員Petar Jovic，遺憾的是，周董首輪就遭到淘汰。
周董之後也發文自嘲：「果然被我料到，連球都沒碰到，我在場邊能做的就是幫大家簽名了。」也可見到場邊許多觀眾紛紛用繩子把帽子垂到周董面前請他簽名的超暖畫面，隨後周董更幽默說：「以後除了練球還要練剪刀石頭布，贏的選發球。」
今次比賽，由於Petar Jovic猜拳獲勝，選擇先發球，原本戴着墨鏡的周董，帥氣把墨鏡丟在場邊，但Petar Jovic一發球，周董反應不及，連球都沒碰到就落敗，但周董仍展現運動家風範，為對方鼓掌、比讚並擁抱，「如果可以，我選擇我發球，至少可以碰到球。」周董說。",2026/1/14 20:04,LionRockDaily香港仔由免費報《香港仔》創辦，是一個主打年輕人的資訊平台，讓大家可瀏覽到緊貼時事的專題報道、人物專訪、消費、寵物、旅遊、科技及職場等資訊。,遺書,business,
lionrockdaily,@lionrockdaily,"旅客攜8萬多支未完稅香煙入境
被判囚8個月及罰款
一名由機場入境的41歲旅客，由於個人行李內被發現攜帶8萬多支未完稅香煙，在西九龍裁判法院被判處監禁8個月及罰款。
海關歡迎判刑，認為監禁刑罰具相當阻嚇作用，並充分反映罪行的嚴重性。
海關人員昨日在機場截查這名抵港的男旅客，並在他的個人行李內檢獲約8萬6900支未完稅香煙，估計市值約39萬元，應課稅值超過28萬元，於是將他拘被捕。",2026/1/14 17:42,LionRockDaily香港仔由免費報《香港仔》創辦，是一個主打年輕人的資訊平台，讓大家可瀏覽到緊貼時事的專題報道、人物專訪、消費、寵物、旅遊、科技及職場等資訊。,遺書,business,
lionrockdaily,@lionrockdaily,"貨櫃運輸業職工總會（課程部）開辦
持續進修基金認可駕駛證書課程
隨着近年香港學車需求持續上升，學車市場迅速擴大，惟課程資訊不透明、收費模式複雜及「補鐘文化」盛行，令不少學員在學車過程中承受不必要的經濟與心理壓力。貨櫃運輸業職工總會（課程部）一直秉持「專業、透明、實在」的教育理念，致力為市民提供公平可靠、具質素保證的駕駛培訓，悉心打造全港最實惠、最全面的「駕駛證書課程」。
由貨櫃運輸業職工總會（課程部）開辦的「駕駛證書課程」已正式納入「持續進修基金（CEF）認可課程」名單，獲官方認可與肯定，涵蓋私家車、輕型貨車、中型貨車、巴士及掛接車輛等多個學車課程。合資格學員毋須入息審查，於完成課程後即可申請發還款項，在扣除CEF資助後，私家車及輕型貨車課程的最終學費僅需港幣$5,024，屬全港極具競爭力及實惠的價格。
貨櫃運輸業職工總會（課程部）現時擁有超過600名私人駕駛教師會員，在業界具廣泛代表性，師資力量雄厚。
查詢及報名：
報名熱線：+85261415551
電郵：enquiry@ctegu.org
網站：
ctegu.org/priva…",2026/1/14 17:01,LionRockDaily香港仔由免費報《香港仔》創辦，是一個主打年輕人的資訊平台，讓大家可瀏覽到緊貼時事的專題報道、人物專訪、消費、寵物、旅遊、科技及職場等資訊。,遺書,business,
lionrockdaily,@lionrockdaily,"夏茶沙糖桔飲品「大桔大利」買一送一
由即日起至1月16日，以現金購買「大桔大利」可享買一送一！夏茶「大桔大利」使用當造新鮮沙糖桔即場搾汁後製作，啖啖都係柑橘香味，輔以清香茉莉花茶底，每一杯更附上一隻新鮮沙糖桔，令沙糖桔味更加滿足！",2026/1/14 16:14,LionRockDaily香港仔由免費報《香港仔》創辦，是一個主打年輕人的資訊平台，讓大家可瀏覽到緊貼時事的專題報道、人物專訪、消費、寵物、旅遊、科技及職場等資訊。,遺書,business,
lionrockdaily,@lionrockdaily,"賞茶荃灣廣場新店
限定$1起加購指定凍飲
賞茶荃灣廣場店即將於1月15日開幕，推出一連14日開幕優惠！只要現場購買任何正價飲品1杯，即可以超抵價$1起加購指定凍飲1杯！",2026/1/14 15:20,LionRockDaily香港仔由免費報《香港仔》創辦，是一個主打年輕人的資訊平台，讓大家可瀏覽到緊貼時事的專題報道、人物專訪、消費、寵物、旅遊、科技及職場等資訊。,遺書,business,
lionrockdaily,@lionrockdaily,"雙層芝士孖堡縮水變「馬卡龍」？
麥當勞回應
近期，在微博、小紅書、抖音等社交平台上，越來越多的內地消費者開始抱怨麥當勞漢堡尺寸縮水，認為「麥當勞的漢堡包越做越小了」，相關討論不斷升溫。
有不少網友在社交媒體曬出耳機盒與漢堡包的對比照片，調侃「麥當勞這是漢堡包還是馬卡龍」，照片顯示漢堡包比耳機盒大不了多少。還有消費者用量尺測量漢堡包尺寸，社交平台照片顯示，「23元麥當勞雙層芝士孖堡僅8厘米」。不少消費者吐槽「價格在漲，體型卻在變小」。
1月13日下午，有內地媒體就此向麥當勞官方致電求證，接線客服回應稱，「已經如實記錄這一問題，並向有關部門反饋。」",2026/1/14 12:30,LionRockDaily香港仔由免費報《香港仔》創辦，是一個主打年輕人的資訊平台，讓大家可瀏覽到緊貼時事的專題報道、人物專訪、消費、寵物、旅遊、科技及職場等資訊。,遺書,business,
lionrockdaily,@lionrockdaily,"國泰航空下調2月燃油附加費
短途航班減至142元
國泰航空今日（14日）公布，調整2月客運燃油附加費，往來香港的短途航班由191元減至142元；南亞次大陸航班由356元減至264元；長途航班由767元減至569元。各航線附加費減幅均超過兩成。
國泰表示，設有一套既定機制，每月定期檢視燃油附加費水平，主要參考航空燃油的市場價格走勢，而非原油價格，並綜合其他相關營運因素，按需要作出調整。",2026/1/14 12:02,LionRockDaily香港仔由免費報《香港仔》創辦，是一個主打年輕人的資訊平台，讓大家可瀏覽到緊貼時事的專題報道、人物專訪、消費、寵物、旅遊、科技及職場等資訊。,遺書,business,
lionrockdaily,@lionrockdaily,"許紹雄女兒許惠菁再面對家中成員離世
坦言沒想過這麼快再要面對
資深藝人許紹雄（Benz雄）去年10月底因癌病離世，獨生女兒許惠菁經過數月的沉澱，已逐漸走出悲痛。但日前她在社交網發文，因愛犬突然離世，令她傷心不已。許惠菁：「12年來你的愛與陪伴……最近生活並不容易，我從未想過這麼快再面臨另一次告別，但希望你現在在Baba和BearBear的照顧下一切都好。謝謝你的一切，我的寶貝Charcoal，隨時都可以回家，好嗎？永遠愛你。」",2026/1/13 22:51,LionRockDaily香港仔由免費報《香港仔》創辦，是一個主打年輕人的資訊平台，讓大家可瀏覽到緊貼時事的專題報道、人物專訪、消費、寵物、旅遊、科技及職場等資訊。,遺書,business,
lionrockdaily,@lionrockdaily,"尖沙咀巴士單車相撞
南亞少年浴血倒地拒送院
尖沙咀發生車禍。今日（13日）傍晚6時48分，一輛九巴駛離尖沙咀東巴士總站，右轉至科學館道1號對開時，與一輛單車相撞。據悉，17歲南亞裔單車男受傷，經治理後，拒絕送院。
由網絡圖片可見，單車男連人帶車倒地，地上有鮮血，巴士車長從旁協助。警方正調查意外原因。",2026/1/13 22:28,LionRockDaily香港仔由免費報《香港仔》創辦，是一個主打年輕人的資訊平台，讓大家可瀏覽到緊貼時事的專題報道、人物專訪、消費、寵物、旅遊、科技及職場等資訊。,遺書,business,
lionrockdaily,@lionrockdaily,"TWINS合體現身香港
蔡卓妍認戀健身教練Elvis
組合TWINS成員阿Sa（蔡卓妍）、阿嬌（鍾欣潼）今日激罕合體，現身尖沙咀出席茶飲店開幕活動，吸引不少Twins粉絲到場，兩人依舊人氣旺盛。
Twins相隔一年再在港合體出席公開活動，二人心情大靚，不時向歌迷揮手示好。近期阿Sa的戀情備受關注，早已有傳與33歲健身教練Elvis共譜姊弟戀，二人曾一起觀看林家謙個唱；日前男方更融入家中，參與派對影大合照時企正C位，足證雙方關係穩定。問及男方是否已奠定位置？阿Sa斬釘截鐵稱：「其實可以刪除緋聞兩個字！」",2026/1/13 17:39,LionRockDaily香港仔由免費報《香港仔》創辦，是一個主打年輕人的資訊平台，讓大家可瀏覽到緊貼時事的專題報道、人物專訪、消費、寵物、旅遊、科技及職場等資訊。,遺書,business,
lionrockdaily,@lionrockdaily,"壽司郎月中第二彈
平政 $27  丸蟹大爪肉 $29
壽司郎推出2026月中第二彈，新品包括「油甘魚御三家」極鮮成員平政（$27）、以梅醬、玉子、大葉搭配豐厚鰻魚的玉子鰻魚配梅醬（$22）、鮮甜蟹肉加上綿密蟹膏的丸蟹大爪肉（$29），以及特大炸池魚（$17）！",2026/1/13 15:42,LionRockDaily香港仔由免費報《香港仔》創辦，是一個主打年輕人的資訊平台，讓大家可瀏覽到緊貼時事的專題報道、人物專訪、消費、寵物、旅遊、科技及職場等資訊。,遺書,business,
lionrockdaily,@lionrockdaily,"新春煙花匯演初二維港綻放
馬會周五公布詳情
今年新春煙花匯演將在農曆大年初二（2月18日）如期上演。馬會近日宣布，將獨家贊助馬年煙花匯演，大年初二晚上在維港上空綻放璀璨煙花，與市民及遊客傳遞新春喜悅。馬會行政總裁應家柏將於周五（16日）舉行新聞發布會，並邀請藝人兼馬主郭富城到場支持。
另外，負責煙花製作的港星多媒體製作有限公司行政總裁毛偉誠周五當日亦會到場，簡介煙花匯演主題及各幕特色。",2026/1/13 15:21,LionRockDaily香港仔由免費報《香港仔》創辦，是一個主打年輕人的資訊平台，讓大家可瀏覽到緊貼時事的專題報道、人物專訪、消費、寵物、旅遊、科技及職場等資訊。,遺書,business,
lionrockdaily,@lionrockdaily,"嘉湖山莊七旬翁向妻淋液體吞藥昏迷
同枱女友人俱傷送院
今日（13日）早上約9時半在天水圍嘉湖山莊嘉湖鄉村俱樂部一間酒樓內，一對七旬夫婦偕一名六旬婦人同枱用餐期間，夫婦發生爭執，老翁突然情緒激動向妻子潑淋不明液體淋，隨後再吞服藥陷入昏迷，遭潑淋液體的妻子臉部受傷，而同枱婦人亦被波及受傷，3人隨後由到場的救援人員送往天水圍醫院救治。
據悉，涉案夫婦與同枱受傷女子相識，屬朋友關係，兩名女傷者送院時清醒。警方正調查事件始末，並以涉襲擊導致他人身體受傷罪名拘捕該名涉案老翁。",2026/1/13 15:03,LionRockDaily香港仔由免費報《香港仔》創辦，是一個主打年輕人的資訊平台，讓大家可瀏覽到緊貼時事的專題報道、人物專訪、消費、寵物、旅遊、科技及職場等資訊。,遺書,business,
lionrockdaily,@lionrockdaily,"深水埗有私家車撞鐵欄
48歲男司機被發現暈倒送院後不治
深水埗今晚（12日）發生一宗致命交通意外。一名私家車司機駕駛期間突然失控，撞向汝州街與北河街交界的行人專用區鐵欄，其後昏迷不醒，送院搶救後不治。
事發於晚上約8時，警方接獲市民報案，指一輛白色Tesla私家車衝上行人專用區，撞毀鐵欄，48歲司機當場暈倒。救援人員趕至現場，將昏迷的男司機送往明愛醫院搶救，惜最終證實不治。
從現場所見，鐵欄被撞至嚴重變形，涉事車輛的車牌及一塊車窗玻璃散落地面。消防人員其後使用應急插頭及車輪膠頂固定車輛，以防進一步移動。警方正就事件展開調查，了解司機失控原因及事發經過。",2026/1/12 22:49,LionRockDaily香港仔由免費報《香港仔》創辦，是一個主打年輕人的資訊平台，讓大家可瀏覽到緊貼時事的專題報道、人物專訪、消費、寵物、旅遊、科技及職場等資訊。,遺書,business,
lionrockdaily,@lionrockdaily,"中大宿舍疑宿生微波爐放鋁箔紙引爆炸
校方發通告提醒
馬料水香港中文大學宿舍，疑有人錯誤使用微波爐，造成火警。據網上流傳影片，可見一個正在運作的微波爐內有物品起火，冒出大量濃煙，及後物品爆炸傳出巨響，火焰噴出。
中大回覆傳媒查詢時表示，昨晚（11日）逸夫書院學生宿舍國楙樓的茶水間，發生一宗因不當使用微波爐而引致的事件。院方及校方已即時妥善處理，所有宿生均安全，並無人受傷。書院已提醒宿生必須遵從各項電器使用的安全指引，並會按照既定機制跟進及檢視是次事件，以策安全。
網傳事發後宿舍發出標題為「宿舍安全通告：正確使用微波爐及電器用品」的通告，指1樓有人「不當使用微波爐」，將鋁箔紙放入微波爐內，導致爆炸並起火，爐內物件燒焦並觸發火警鐘，全體宿生需即時疏散以策萬全。通告提醒宿生「嚴格遵守」使用電器的指引，包括「嚴禁將金屬物品或鋁箔紙放入微波爐」。",2026/1/12 20:00,LionRockDaily香港仔由免費報《香港仔》創辦，是一個主打年輕人的資訊平台，讓大家可瀏覽到緊貼時事的專題報道、人物專訪、消費、寵物、旅遊、科技及職場等資訊。,遺書,business,
lionrockdaily,@lionrockdaily,"土瓜灣北帝街有住宅單位疑氣體爆炸
男子墮樓燒傷送院 窗框被炸飛變形
警方今日（1月12日）傍晚6時許接獲多人報案，指土瓜灣北帝街43至45號有住宅單位懷疑氣體爆炸，並有火光，一名男子從低層墮下受傷，送往伊利沙伯醫院時清醒。網上圖片所見，有鋁窗懷疑從涉事單位飛墮至行人路，窗框扭曲變形，有男子倒臥街上，懷疑亦由單位墮地。意外原因仍在調查。",2026/1/12 19:39,LionRockDaily香港仔由免費報《香港仔》創辦，是一個主打年輕人的資訊平台，讓大家可瀏覽到緊貼時事的專題報道、人物專訪、消費、寵物、旅遊、科技及職場等資訊。,遺書,business,
lionrockdaily,@lionrockdaily,"全紅嬋少女感爆棚
長髮造型驚艷網民
跳水奧運金牌得主全紅嬋近日以全新形象驚喜亮相，掀起網上熱議。她一向以清爽短髮示人，予人陽光率真的印象，甚至曾被外界誤認為「假小子」，外媒亦曾以「boy wonder」形容其英氣十足的風格。
不過，這位年輕跳水女將於今日凌晨零時半在微博發布多張近照，展示她在家鄉湛江田園採摘士多啤梨的悠閒時光。照片中，全紅嬋一頭及肩長髮，配搭休閒服飾，展現出截然不同的溫柔氣質，令不少網民眼前一亮。
不少粉絲驚喜留言，形容她「少女感爆棚」、「鄰家甜妹感十足」、「溫柔又可愛」，更有人笑言她「完成換頭式成長」，從昔日的運動小將蛻變為青春洋溢的少女。
這組照片迅速引發熱烈討論，短短數小時內已登上微博熱搜榜第三位，成為網民熱議焦點。全紅嬋的形象轉變不僅展現了她的多面魅力，也讓外界見證這位跳水天才的成長與蛻變。",2026/1/12 19:30,LionRockDaily香港仔由免費報《香港仔》創辦，是一個主打年輕人的資訊平台，讓大家可瀏覽到緊貼時事的專題報道、人物專訪、消費、寵物、旅遊、科技及職場等資訊。,遺書,business,
lionrockdaily,@lionrockdaily,"強烈東北季候風下周襲港
1‧21市區一夜跌8度打鼓嶺僅7度
天文台預料受乾燥的東北季候風持續影響，本周餘下時間至下周初天色大致良好，日間和暖，日夜溫差較大。惟預料受另一股強烈東北季候風會在下周中期抵達華南，該區氣溫下降。據九天天氣預報，本港下周三（21日）氣溫一夜間下跌8度，市區最低13度；另據香港分區天氣資訊平台，當日清晨7時新界多區包括大埔、石崗、上水及昂坪將跌至10度或以下，打鼓嶺、大老山及北潭涌更低至7度。
天文台表示，現時影響廣東沿岸的偏東氣流會在明日（13日）緩和，而覆蓋華南的雲帶會逐漸轉薄，該區天色好轉。此外，現時位於菲律賓以東海域的低壓區會在未來數日逐漸發展，並為該區帶來不穩定天氣。天文台展望本港地區未來數日大致天晴，日間和暖及乾燥，但早上仍然清涼。",2026/1/12 17:01,LionRockDaily香港仔由免費報《香港仔》創辦，是一個主打年輕人的資訊平台，讓大家可瀏覽到緊貼時事的專題報道、人物專訪、消費、寵物、旅遊、科技及職場等資訊。,遺書,business,
lionrockdaily,@lionrockdaily,"譚仔限時放餸
兩碗過橋米線低至$79
由即日起至1月18號，晚市到譚仔用APP叫兩碗過橋米線只需$99，譚仔APP VIP尊享優惠用戶仲可以同時用埋晚市8折優惠，即係兩碗過橋米線只需$79！",2026/1/12 16:30,LionRockDaily香港仔由免費報《香港仔》創辦，是一個主打年輕人的資訊平台，讓大家可瀏覽到緊貼時事的專題報道、人物專訪、消費、寵物、旅遊、科技及職場等資訊。,遺書,business,
lionrockdaily,@lionrockdaily,"港男子花劍隊巴黎世界盃奪魁
時隔20個月再奪團體冠軍
以兩名男花猛將蔡俊彥及張家朗為首的香港男子花劍隊，周日（11日）在巴黎世界盃團體賽聯同師弟林浩朗、鄭鐵男過關斬將，決賽以45∶38擊敗「世二」美國隊，相隔20個月繼主場後再次登上世界盃團體冠軍寶座。
「世一」蔡俊彥一日前才奪得個人賽銀牌，休息一天後夥拍張家朗及林浩朗出戰團體賽，合力在三十二強以45∶26大勝卡塔爾、十六強45∶30勝波蘭隊，以及八強以45∶34戰勝爆冷力克「世一」意大利的中立運動員隊；港隊愈戰愈勇，四強由頭帶到尾下以45∶32擊退日本隊殺入決賽。
決賽面對世界排名第二的勁敵美國隊，港隊派出「左手陣」蔡俊彥、張家朗及林浩朗出擊。兩名經驗豐富的主將發揮出色外，小將林浩朗面對每位排名均比自己高得多的美國對手毫無懼色；第四節對Nick Itkin打出驚喜，接連三記「單隨後張家朗於關鍵第八局反先，近況大勇的蔡俊彥守住勝局，港隊終繼2024年世界盃香港站後再次奪得團體賽冠軍，向「團體世一」目標邁進一步外，同時為爭取洛杉磯奧運團體入場券注下強心針。",2026/1/12 15:47,LionRockDaily香港仔由免費報《香港仔》創辦，是一個主打年輕人的資訊平台，讓大家可瀏覽到緊貼時事的專題報道、人物專訪、消費、寵物、旅遊、科技及職場等資訊。,遺書,business,
lionrockdaily,@lionrockdaily,"馬鞍山新港城中心英皇戲院
今日起結業
位於馬鞍山新港城中心的英皇戲院，今日起結束營業。
英皇戲院在社交平台宣布，所有馬鞍山新港城中心英皇戲院發出的電影禮券、贈券或優惠券，均可於有效期內在香港其他8間英皇戲院使用。
所有原定於馬鞍山新港城中心英皇戲院登記領取的電影禮品，可由1月19日起在大圍圍方的英皇戲院Plus+領取。",2026/1/12 11:39,LionRockDaily香港仔由免費報《香港仔》創辦，是一個主打年輕人的資訊平台，讓大家可瀏覽到緊貼時事的專題報道、人物專訪、消費、寵物、旅遊、科技及職場等資訊。,遺書,business,
lionrockdaily,@lionrockdaily,"旺角劏房兩男爭執動武
一人中刀浴血  兇徒在逃
今日（11日）下午2時許，旺角通菜街111號至117號東寶大廈一個劏房單位，兩名男子疑因金錢問題發生爭執，繼而動武，其中一人涉持以菜刀向對方施襲後，逃去無蹤。警員接報到場調查，但見涉案單位地面血跡斑斑，並發現一名男子頭部疑由利刀造成的5厘米傷口，傷者清醒由救護車送院治理。
警方封鎖現場調查，於樓梯間搜獲一把懷疑涉案利刀，案件交由旺角刑事調查隊跟進，正追緝涉案在逃兇徒歸案。",2026/1/11 22:33,LionRockDaily香港仔由免費報《香港仔》創辦，是一個主打年輕人的資訊平台，讓大家可瀏覽到緊貼時事的專題報道、人物專訪、消費、寵物、旅遊、科技及職場等資訊。,遺書,business,
lionrockdaily,@lionrockdaily,"COLLAR自認低下階層
公司重組冇影響
人氣女團COLLAR今日舉行出道四周年簽唱會，吸引逾千粉絲支持。COLLAR除獻唱《暴走女團》和《下次不如相信自己一次》外，又教粉絲跳新歌《Riding High》舞蹈。七位成員獲粉絲贈送一張充滿粉絲簽名的巨型生日卡及橫額，慶祝她們奪得組合金獎，並為隊長沈貞巧（Gao）補祝生日，令成員陳泳伽（Winka）感動落淚。
受訪時，Winka解釋因看到Gao的眼神，感嘆四年時光飛逝，一時感性。同樣眼濕濕的阿Gao則表示雖努力克制情緒，但內心十分感動，尤其看到寫滿粉絲祝福的賀卡。
提到ViuTV最近重整架構，經理人戴穎（Wing）要向高層匯報工作，邱彥筒（Marf）表示知道公司重組部門，她自認屬「低下層」未受影響，反而可藉機重申團隊訴求。問到是否想加人工，Gao笑說：「梗係要啦！（出Solo歌？）各位密切留意啦。」談到近日ERROR成員193炮轟經理人，又說即將有新經理人接手。COLLAR稱與Wing合作四年關係良好。Marf笑說：「得佢鬧我哋，但佢講道理，係綿羊mode。」Winka補充：「佢幾錫我哋，畀好大自由度。」Marf笑道：「因為都管唔到。」",2026/1/11 20:55,LionRockDaily香港仔由免費報《香港仔》創辦，是一個主打年輕人的資訊平台，讓大家可瀏覽到緊貼時事的專題報道、人物專訪、消費、寵物、旅遊、科技及職場等資訊。,遺書,business,
lionrockdaily,@lionrockdaily,"粉嶺華明邨對開山頭起火
火勢逼近民居 九旬長者需協助撤離
今日（11日）下午約4時，粉嶺華明邨對開山頭突發山火，燃燒面積約為10米乘10米。火勢在風勢推動下迅速蔓延，焚毀大量林木，濃煙升騰，情況一度嚴峻。消防人員接報後迅速登山撲救，力圖控制火勢。入夜後，山頭火光映照夜空，遠處亦可清晰目睹火勢。據悉，起火地點鄰近畫眉山，火勢一度迫近民居。期間，一名年約90歲、行動不便的老婦人需由消防人員協助安全撤離。",2026/1/11 19:47,LionRockDaily香港仔由免費報《香港仔》創辦，是一個主打年輕人的資訊平台，讓大家可瀏覽到緊貼時事的專題報道、人物專訪、消費、寵物、旅遊、科技及職場等資訊。,遺書,business,
lionrockdaily,@lionrockdaily,"天水圍蝦尾新村對開山火
至少3條火線濃煙滾滾
今日（11日）下午2時許，天水圍蝦尾新村對開山頭發生山火，多名居民報案。據悉，截至下午5時，現場有3條火線，分別長約15、20及50米。消防及飛行服務隊出動直升機正在撲救。
從網絡圖片及網民直播現場畫面可見，黑煙徐徐從遠處山頭冒出，席捲半空。
今日本港非常乾燥，天文台今早6時發出紅色火災危險警告，表示火災危險性極高。",2026/1/11 17:56,LionRockDaily香港仔由免費報《香港仔》創辦，是一個主打年輕人的資訊平台，讓大家可瀏覽到緊貼時事的專題報道、人物專訪、消費、寵物、旅遊、科技及職場等資訊。,遺書,business,
lionrockdaily,@lionrockdaily,"壽司郎黃埔時尚坊店1‧15開幕
極上大吞拿魚腩$12
壽司郎新店黃埔時尚坊店將於1月15日開幕，推出開幕四重優惠限定！
開幕限定①
開幕當日1月15日起，以下商品優惠價販售！
極上大吞拿魚腩 | 開幕優惠價$12
拖羅沙甸魚 | 開幕優惠價$10
炙燒拖羅沙甸魚 | 開幕優惠價$10
炸三文魚排配他他醬 | 開幕優惠價$10
白桃蒙布朗蛋糕 | 開幕優惠價$10
開幕限定②
1月19日至21日，以下商品加量唔加價！
生三文魚3貫 | $17
生三文魚腩3貫 | $22
開幕限定③
開幕當日1月15日起來店用餐嘅客人，堂食消費滿$100，可免費獲贈黃埔時尚坊店特別版「萌抱壽司精美Tote Bag」一個。數量有限，送完即止。
同場加映
為慶祝黃埔時尚坊店開幕，1月15日起只要於黃埔享膳坊店堂食消費滿$200，可免費獲贈「萌抱壽司限定文件夾 黃埔站款」一個。數量有限，送完即止。",2026/1/11 17:00,LionRockDaily香港仔由免費報《香港仔》創辦，是一個主打年輕人的資訊平台，讓大家可瀏覽到緊貼時事的專題報道、人物專訪、消費、寵物、旅遊、科技及職場等資訊。,遺書,business,
lionrockdaily,@lionrockdaily,"傳陳志雲離開商台
森美否認獲請食「散水餅」
森美日前出席活動，對於有傳陳志森離開商台更在無綫門外打卡，揣測可能返娘家接替曾志偉職位一事，森美表示連陳志雲離開商台也不知，其他更加不清楚。
對於傳出陳志雲即將離開商台的消息，森美回應：「我看到相關報道，但不清楚管理層的決定。上次碰到他，還請我吃炒米餅，幾好食。還有人問我會否是『散水餅』？我也嚇了一跳，但應該不是，因為只有我有得食。其實現今於不同媒體流動很正常，不論在商台還是過去在TVB，他都製作過很多優秀節目，我也不認為他是因為所謂『MIRROR事件』而離開。」
此外，森美與Eric Kwok合作的全新音樂比賽節目《唱錢》也即將播出。節目中會將廣東歌融入遊戲，並設有獎金。他笑言：「我用《Happy Birthday》試玩過，才發現一點也不容易，希望觀眾都能成功奪取獎金！」",2026/1/11 16:22,LionRockDaily香港仔由免費報《香港仔》創辦，是一個主打年輕人的資訊平台，讓大家可瀏覽到緊貼時事的專題報道、人物專訪、消費、寵物、旅遊、科技及職場等資訊。,遺書,business,
lionrockdaily,@lionrockdaily,"元朗YOHO Town火警夫婦1死1昏迷
消防指不排除刑事可能
今日（11日）清晨6時許，警方接獲多人報案，指元龍街8號屋苑「YOHO Town」一個單位冒煙起火，消防接報到場將火救熄。火警造成一死一昏迷，死傷者為夫婦關係，男死者56歲，女傷者54歲。火警原因有待調查，消防指不排除涉刑事成分的可能性。
助理消防區長鄒梓浩表示，早上6時19分接獲多個報案，指元朗YOHO Town一個中層單位發生火警，消防人員在接報後3分鐘已經到達現場。行動中，消防處共出動13架消防車、4架救護車，及75名消防及救護人員，動用1條消防喉及1隊煙帽隊進行灌救。火警於6時42分大致救熄。他介紹，火場為一個住宅單位，面積約8米×5米，初步相信起火點位於客廳，並從睡房中救出一對夫婦。
鄒梓浩指，火警成因仍在調查當中，消防處、警務處、機電工程署、政府化驗所等相關部門亦都會就各方面繼續跟進調查，當中不會排除涉及刑事成分的可能性。他續指，事件中樓宇持有有效的大廈消防裝置周年檢查證書，火警後，快速應變專隊測試大廈消防裝置及設備一切正常。",2026/1/11 13:16,LionRockDaily香港仔由免費報《香港仔》創辦，是一個主打年輕人的資訊平台，讓大家可瀏覽到緊貼時事的專題報道、人物專訪、消費、寵物、旅遊、科技及職場等資訊。,遺書,business,
lionrockdaily,@lionrockdaily,"緬甸政府：
KK園區635幢涉電騙非法建築已全數拆除
據緬甸國營傳媒報道，當地政府已全數拆除與泰國接壤邊境KK園區、635幢涉及網絡詐騙的非法建築物。
緬甸政府表示，當局1月9日拆除妙瓦底-梅塔瓦萊（即KK園區）第二區最後2棟四層高的非法建築，及KK園區第三區5棟兩層高的非法建築。至此，KK園區內所有用於網絡詐騙和賭博活動的非法建築均徹底拆除，總數達635幢，其中第一區148幢、第二區62幢、第三區425幢。
緬方指，此次拆除工作採用控制爆破和重型機械結合的方式。為確保徹底拆除，自12月14日起，相關部門還使用燃燒桶進一步清理。官員表示，其餘區域非法建築也將按此方式繼續拆除。
緬甸政府強調，根除網路詐騙和賭博活動是國家責任，重申不會讓這類犯罪行為在當地紮根，將繼續與國內執法部門及鄰國政府合作剷除。",2026/1/11 12:00,LionRockDaily香港仔由免費報《香港仔》創辦，是一個主打年輕人的資訊平台，讓大家可瀏覽到緊貼時事的專題報道、人物專訪、消費、寵物、旅遊、科技及職場等資訊。,遺書,business,
lionrockdaily,@lionrockdaily,"Aeon加推1日
AEON Day自家品牌商品8折發售
Aeon Day今個月加推至1月11日，店內全線自家品牌商品，包括TOPVALU、HOMECOORDY、iC等，均以8折發售！AEON MEMBER會員買「自家品牌商品」有5倍積分，而AEON BETA會員都有3倍積分。",2026/1/11 11:30,LionRockDaily香港仔由免費報《香港仔》創辦，是一個主打年輕人的資訊平台，讓大家可瀏覽到緊貼時事的專題報道、人物專訪、消費、寵物、旅遊、科技及職場等資訊。,遺書,business,
lionrockdaily,@lionrockdaily,"黃埔天地幸福緣定桃花園4大打卡位
必影5米高巨型桃花樹彩燈拱門
今個新春，黃埔天地將璀璨呈獻幸福緣定桃花園活動，以逾200個繽紛花燈及無數閃爍燈飾把黃埔號打造成4大迷人熱鬧、日夜皆醉的打卡花海，亮點包括5米高巨型桃花樹彩燈拱門，以及由130個幻彩燈籠組成的絢麗燈海。適逢今年是丙午馬年，黃埔天地以融合傳統文化與現代美學設計、以栩栩如生為主角的祥馬作為「駿馬獻瑞利是封」的主角，為大家送上新春佳節的喜慶與祝福。
駿馬獻瑞利是封整體設計融合傳統文化與現代美學，以底蘊深厚的中華意象為靈感，選用象徵吉祥與熱情的緋紅為底色，上面以金色流線勾勒出一頭躍然奔騰、氣勢非凡的祥馬剪影。馬身主體由深淺不一的銅錢圖案構成，祝願財源滾滾、大富大貴；在其之上以燙金及浮雕技術細緻描繪了繁花盛放、祥雲繚繞、仙鶴展翅等精緻花紋，寓意百花齊放，福氣臨門，前程似錦。栩栩如生的祥馬奔騰而來，送上新春佳節的喜慶與祝福。
由1月30日起，於黃埔天地即日以電子貨幣消費滿HK$200或以上，即可免費換領「駿馬獻瑞利是封」乙套（每套包含8個利是封），先到先得，換完即止，快趁新春來黃埔天地辦年貨及置新裝，把吉祥好運領回家！",2026/1/10 13:00,LionRockDaily香港仔由免費報《香港仔》創辦，是一個主打年輕人的資訊平台，讓大家可瀏覽到緊貼時事的專題報道、人物專訪、消費、寵物、旅遊、科技及職場等資訊。,遺書,business,
lionrockdaily,@lionrockdaily,"疑港鐵車廂爭位兜臉拳打女乘客
七旬翁事隔5日涉襲擊被捕
本周日（4日）晚上9時許，一名長者在港鐵車廂內，竟在眾目睽睽下揮拳襲擊一名女乘客，片段在網上瘋傳。警方表示，1月4日晚上接獲一名女子報案，指她在港鐵黃大仙站車廂內被一名男子以手襲擊。
黃大仙警區人員經跟進調查後，今日（9日）在黃大仙區，以涉嫌「普通襲擊」拘捕一名姓張（72歲）本地男子。他已獲准保釋候查，須於一月下旬向警方報到。據了解，涉案老翁到警署自首，他與受害人並不相識，犯案動機有待進一步調查。
據了解，遇襲的李小姐當日下班後搭港鐵回家，期間戴上耳機聽歌，未料突感背囊被人碰撞。她回頭察看時，竟遭身後一名老翁連番辱罵，雙方繼而爭執。李小姐憶述，對方突然出拳毆打她面部，「打到我成個人呆晒、好暈，至少打咗兩至三拳！」
李小姐報警求助，其後前往醫院驗傷，醫生證實其嘴唇及下顎受傷並出現紅腫。事件對她造成極大心理創傷，李小姐透露自己本身患有抑鬱症，曾有自殺經歷，每晚睡眠不足4小時，更因恐懼而不敢外出，兩度萌生輕生念頭。事件亦影響其工作安排。她原本於案發後獲聘為一間新餐廳的廚師，惟簽約僅兩小時後便接獲通知取消更期，形同失業。",2026/1/9 20:56,LionRockDaily香港仔由免費報《香港仔》創辦，是一個主打年輕人的資訊平台，讓大家可瀏覽到緊貼時事的專題報道、人物專訪、消費、寵物、旅遊、科技及職場等資訊。,遺書,business,
lionrockdaily,@lionrockdaily,"爸爸讓孩子塗鴉車身
網民：呢啲先係人生贏家！
近日有網民在社交平台發文，表示「聽講Threads好易搵人，想同呢位爸爸講聲，好欣賞你架車，好欣賞你嘅豁達。」帖文附上一張照片，只見一輛紅色電動車車身布滿塗鴉，畫有多個卡通圖案與星星，疑似是家中小朋友的「藝術創作」。
這幅溫馨畫面迅速引起網民熱議，紛紛留言大讚這位爸爸的包容與愛心：「自己小朋友畫既，可能係全球獨一無二」、「呢啲先叫人生贏家，唔止曬車，仲曬埋老婆同仔女」、「有啲老豆連小朋友喺車入面食嘢都唔俾，呢位爸爸真係好sweet！」
亦有眼利網民指出，車主應該早有準備，在車身貼上保護膜：「一睇就知貼咗膜，對賣二手車無影響」、「貼咗膜的話會笑，無貼膜的話就笑中有淚啦。」",2026/1/9 20:00,LionRockDaily香港仔由免費報《香港仔》創辦，是一個主打年輕人的資訊平台，讓大家可瀏覽到緊貼時事的專題報道、人物專訪、消費、寵物、旅遊、科技及職場等資訊。,遺書,business,
lionrockdaily,@lionrockdaily,"COLLAR四周年簽唱會
將軍澳MCP周日舉行
人氣組合金獎女團COLLAR，近日氣勢如虹，早前於頒獎禮榮獲組合金獎，並即將迎來出道四周年。有見及此，恒基地產旗下商場將軍澳MCP新都城中心將於今個星期日（1月11日）下午2時為其舉行「MCP X COLLAR 四周年簽唱會」！屆時COLLAR將閃亮登場，即場分享奪金感受和未來計劃，並會與一眾粉絲大玩遊戲及演繹最新團歌，與粉絲見面作近距離互動，並送上會場限定牛仔掛飾套裝及親筆簽名，共度難忘下午。",2026/1/9 19:00,LionRockDaily香港仔由免費報《香港仔》創辦，是一個主打年輕人的資訊平台，讓大家可瀏覽到緊貼時事的專題報道、人物專訪、消費、寵物、旅遊、科技及職場等資訊。,遺書,business,
lionrockdaily,@lionrockdaily,"政府收集宏福苑業主意願
原址重址需9至10年
社署「一戶一社工」即日起會陸續聯絡大埔宏福苑業主，收集對不同長遠安置安排的初步意願，目標在本月中下旬取得回應作分析。 政府強調，會小心歸納和研究業主的不同意願，並根據宏福苑的實際狀況，包括結構安全、 技術可行性及社區規劃等因素作全面評估，盡早就長遠方案提出建議。
問卷提出多個選項，包括向業主購買業權，測量師學會以宏福苑火災前的成交價估算，未補地價和已補地價單位，平均呎價分別約6千和8千元，業主可選擇接受收購後自行置業，或者購買跨區而全新的居屋或綠置居單位，可供選擇的包括新一期居屋屋苑，分別位於錦田、 啟德、 將軍澳及九龍灣等，又或者透過「樓換樓」方式，直接與政府換取價格相若的新居屋單位。
至於原區安置方案，頌雅路西和廣福公園選址，最快2029或2033年入伙，如果原址重建，需要等待政府收購所有業權，再清拆重建，預計需時9至10年，最快2035年入伙。",2026/1/9 18:35,LionRockDaily香港仔由免費報《香港仔》創辦，是一個主打年輕人的資訊平台，讓大家可瀏覽到緊貼時事的專題報道、人物專訪、消費、寵物、旅遊、科技及職場等資訊。,遺書,business,
lionrockdaily,@lionrockdaily,"朗豪坊 × 本地水泥製作室MUDLAB
「LUCKY MEOW」利是封及招財貓吊飾限量登場
旺角朗豪坊迎接新年，以潮流視角重新演繹傳統文化！今年特別聯乘本地創作單位 MUDLAB（泥社），帶來以「LUCKY MEOW」為主題的聯乘企劃，包括利是封套裝及限定招財開運組。由泥社打造的朗豪坊特別版「LUCKY MEOW」招財吊飾，寓意「紅」運當頭、好運齊「泥」，以前衛設計語言融合新年祈願與潮玩美學，成為節日中最時尚型格的幸運標記。
《 LUCKY MEOW利是封套裝》一套12個，共兩款設計，1月14日起LP CLUB 會員可於朗豪坊APP，毋須積分即可以HK$68預購。1月28日起， 朗豪坊亦將推出限量版《 LUCKY MEOW 招財開運組》，包括兩款利是封共12個及LUCKY MEOW招財吊飾一個，LP CLUB會員於朗豪坊場內即日累積消費滿HK$2,500即可免費換領，為馬年送上「招福猫」的隨身守護。",2026/1/9 17:52,LionRockDaily香港仔由免費報《香港仔》創辦，是一個主打年輕人的資訊平台，讓大家可瀏覽到緊貼時事的專題報道、人物專訪、消費、寵物、旅遊、科技及職場等資訊。,遺書,business,
lionrockdaily,@lionrockdaily,"港網球公開賽止步8強
黃澤林：「很好的學習機會」
中銀香港網球公開賽今日（9日）於維園網球場續演激戰，香港「一哥」黃澤林（Coleman Wong）以主場優勢迎戰頭號種子、世界排名第七的意大利球手穆錫迪（Lorenzo Musetti）。首盤比賽中，黃澤林率先拿下首局勝利，穆錫迪於第二局追平比分，戰況膠着，黃澤林在第四局的一記漂亮扣殺得分，引得全場球迷歡呼，最終穆錫迪以6:4險勝首盤。比賽進入第二盤，賽事持續白熱化，黃澤林再次上演近距離扣殺，拿下第二盤首局，全場氣氛進入最高潮。其後，穆錫迪再次以6:4拿下第二局勝利。二人激戰1小時15分後，黃澤林以0:2不敵對手，止步8強賽。
黃澤林賽後表示，「會keep going」，「身體狀態還ok，雖然有些疲憊，有些幸運能在第二局開頭領先」。他讚對手穆錫迪實力很強，「跟頭號種子對戰，是不錯的經歷，畢竟（對手）排名第7，要向對方學習，如何在對戰過程保持冷靜，保持高強度輸出。」
對於世界排名，黃澤林則指沒有特定的目標，希望專注提升技術，未來會繼續努力，拉近與前10名球手的距離。對於即將開啟的澳網賽事，黃澤林指，會以更放鬆的心態參與，以學習的姿態比賽。",2026/1/9 17:04,LionRockDaily香港仔由免費報《香港仔》創辦，是一個主打年輕人的資訊平台，讓大家可瀏覽到緊貼時事的專題報道、人物專訪、消費、寵物、旅遊、科技及職場等資訊。,遺書,business,
lionrockdaily,@lionrockdaily,"少年持疑似「電槍」追逐
惹網民炮轟
近日網上流傳一段約33秒的短片，拍攝地點疑似為馬鞍山頌安邨籃球場。片中可見一名身穿黑色外套、淺色長褲的少年，手持一件疑似「電槍」的裝置，發出強烈閃光及刺耳「滋滋」聲，聲浪震撼整個球場。他在場邊奔跑，追逐另一名穿黑色T恤及短褲的少年，期間手中裝置持續發出電光與聲響。
當時球場內仍有其他兒童在打球，亦有長者坐在長椅上休息，場面令人擔憂。雖然片段中未見該少年實際使用該裝置攻擊他人，但其行為已引起網民廣泛關注與批評。
不少網民質疑該裝置是否為電槍，亦有人認為可能只是電弧打火機。不過若屬前者，根據香港法例，擁有或使用電槍可能已觸犯法例。有網民直言：「咁樣玩好危險，唔係講笑，真係會出事！」亦有人批評相關行為極不負責任，呼籲片段拍攝者應即時報警處理，以免釀成意外。",2026/1/9 15:24,LionRockDaily香港仔由免費報《香港仔》創辦，是一個主打年輕人的資訊平台，讓大家可瀏覽到緊貼時事的專題報道、人物專訪、消費、寵物、旅遊、科技及職場等資訊。,遺書,business,
lionrockdaily,@lionrockdaily,"家事爭執爆衝突 元朗醉婦刀傷男友
15歲仔護父同受傷
昨晚（8日）10時22分，警方接獲一名15歲少年報案，指其父親與女友人在元朗大樹下東路崇山新村一村屋單位，因家事問題爆發衝突。期間，姓戴（45歲）婦人疑情緒失控，從廚房取來一把菜刀在客廳揮舞，姓曾（54歲）父親見狀，上前試圖制止及安撫，雙方發生激烈糾纏。
期間，曾男被菜刀斬傷，其後菜刀被奪走，但戴婦續以一張塑膠椅擲向對方並擊中其頭部。報案的兒子上前協助父親時亦被戴婦抓傷。警員接報到場，以涉嫌「傷人」拘捕戴婦，並在現場檢獲一把菜刀。曾男及報案的兒子同需送往博愛醫院治理，兩人傷勢沒有大礙，沒有性命危險，案件交由元朗警區刑事調查隊第七隊跟進。
據了解，戴婦有精神病紀錄需定期覆診，她早年透過友人於2021年結識曾男並發展成愛侶，其後二人連同曾男與前妻所生的15歲兒子，一家三口同住案發單位。據鄰居及友人描述，3人平日相處融洽。
案發當晚，戴婦與曾男外出晚膳並飲酒後返回住所，其後戴婦前往報案人睡房與其交談，曾男見狀要求戴婦返回自己睡房，避免影響兒子準備考試。詎料戴婦聽後突然情緒激動，取來一把菜刀施襲。",2026/1/9 14:30,LionRockDaily香港仔由免費報《香港仔》創辦，是一個主打年輕人的資訊平台，讓大家可瀏覽到緊貼時事的專題報道、人物專訪、消費、寵物、旅遊、科技及職場等資訊。,遺書,business,
lionrockdaily,@lionrockdaily,"被網民點名無禮貌藝人
林子善本尊親反擊：吹得就吹
近年玩Threads的風潮席捲全場，不少人在網上留言開帖討論，近日有網民以「不如講吓你遇過最無禮貌嘅藝人嘅經歷 」開帖，吸引大批網民留言分享，短短兩日已有逾5,500讚好，近2000個留言。早年曾奪「最佳男配角」的林子善亦被點名，有網民稱曾「幫襯」其有份投資的冰室：「之前去佢間冰室食常餐，米粉個湯好似清水健咁清，咁啱林生喺度，同佢打個招呼，順手講聲個湯真係無味！」網民指林子善反應冷淡，聲言「係咁架啦」，更叫他下次不要幫襯。
有網友特別tag了子善，他忍不住留言反擊，強調指控得啖笑：「我一向做人都係禮貌待人行先，睇過啲事根本都無發生過，吹得就吹，有陣時做人唔好咁啦，真心對我一啲傷害都無，但如果做呢啲事令到你可以舒緩吓嘅絕對冇問題，作為一個公眾人物都係娛樂下大家，但可以睇到呢啲人絕對無接觸過我，認識我嘅人，知道我對人一向都有禮貌有家教，新聞嘅嘢有陣時我哋自己都費事越描越黑，所以不作解釋。」",2026/1/9 14:01,LionRockDaily香港仔由免費報《香港仔》創辦，是一個主打年輕人的資訊平台，讓大家可瀏覽到緊貼時事的專題報道、人物專訪、消費、寵物、旅遊、科技及職場等資訊。,遺書,business,
lionrockdaily,@lionrockdaily,"Milksha迷客夏
皇家錫蘭濃奶茶第二杯半價
Milksha迷客夏推出期間限定2026必飲皇家錫蘭濃奶茶，由調茶師精心調配錫蘭、伯爵兩款精品紅茶嘅黃金比例，鐘意茶濃嘅你一定要試！
由1月9-13日期間，皇家錫蘭濃奶茶仲有限時第二杯半價！",2026/1/9 12:39,LionRockDaily香港仔由免費報《香港仔》創辦，是一個主打年輕人的資訊平台，讓大家可瀏覽到緊貼時事的專題報道、人物專訪、消費、寵物、旅遊、科技及職場等資訊。,遺書,business,
lionrockdaily,@lionrockdaily,"內地漢疑赴港尋短
龍蝦灣一帶持續搜救中
一名來自內地、年約47歲的男子叶智辉，於本周一（5日）在西貢大坳門最後露面後失去聯絡，其家人當日已向香港警方報案。據悉，叶男於當日下午3時22分曾透過微信向胞姊發送訊息，透露自己身處香港，並有輕生念頭，家屬隨即向內地公安求助。
經查證，叶智辉於1月4日上午11時許由深圳口岸出境前往香港。家屬得知後火速來港報案。警方調查發現，叶智辉已失業一年，並背負債務。根據手機定位訊號，叶智辉最後位置顯示在龍蝦灣鄰近清水灣郊野公園一帶。
今日（8日）中午12時46分，警方聯同消防處展開大規模搜救行動，政府飛行服務隊亦派出直升機協助搜索。截至晚上9時，搜救行動仍在進行中，惟暫未發現叶智辉蹤影。",2026/1/8 22:01,LionRockDaily香港仔由免費報《香港仔》創辦，是一個主打年輕人的資訊平台，讓大家可瀏覽到緊貼時事的專題報道、人物專訪、消費、寵物、旅遊、科技及職場等資訊。,遺書,business,
lionrockdaily,@lionrockdaily,"藍田邨藍蔚樓單位陷火海
火光熊熊濃煙滾滾
藍田邨藍蔚樓，今日（1月8日）晚上近7時有單位起火。現場火光熊熊，冒出大量濃煙，多人報警求助。消防接報趕至，動用一喉一煙帽隊灌救。目前起火原因仍在調查。",2026/1/8 21:09,LionRockDaily香港仔由免費報《香港仔》創辦，是一個主打年輕人的資訊平台，讓大家可瀏覽到緊貼時事的專題報道、人物專訪、消費、寵物、旅遊、科技及職場等資訊。,遺書,business,
lionrockdaily,@lionrockdaily,"7-11大折日
買滿$100即享8折
7-Eleven推出2026年首個限定大折日，只要於明日早上7時起到7-Eleven分店買滿$100，或於港鐵分站買滿$50，即可享8折！
今次8折優惠可與多款今期著數優惠同時使用，包括DREYER'S/ KIT KAT/OREO/美祿 雪糕批 / 雪糕杯 / 脆筒 、MOVENPICK雪糕等都有折上折！
另外，只要於明日打開AlipayHK App掃描店內宣傳品上的二維碼，即可獲得 $10 7-Eleven專屬電子現金劵一張，以AlipayHK消費滿$100可即時使用。又或者使用恒生enJoy 卡付款，即可賺取3倍yuu積分回贈，而購買指定貨品更可獲取yuu印花。",2026/1/8 18:30,LionRockDaily香港仔由免費報《香港仔》創辦，是一個主打年輕人的資訊平台，讓大家可瀏覽到緊貼時事的專題報道、人物專訪、消費、寵物、旅遊、科技及職場等資訊。,遺書,business,
lionrockdaily,@lionrockdaily,"天文台再發霜凍警告
明早新界多區不到10度　周末有望回暖
今早（8日）霜凍警告生效，在大埔、粉嶺等地都有市民拍攝結霜的情況。天文台今日下午4時30分再度發出霜凍警告，提醒農友及有關人士，明早（9日）新界內陸可能出現地面霜。天文台預計明早寒冷，市區最低氣溫約12度，新界多區凍至10度以下，打鼓嶺一帶更低見6度。
天文台指，冬季季候風正為廣東沿岸帶來非常乾燥及晴朗的天氣。截至下午4時，天文台錄得的相對濕度曾下降至17%，是天文台總部自1984年設置自動氣象站以來一月份的最低紀錄。由於今晚風勢更弱，輻射冷卻會尤其明顯，明早新界部分地區氣溫顯著較低。根據天文台九天天氣預報，明早寒冷，市區最低氣溫約12度，新界部分地區氣溫顯著較低，日間最高氣溫約19度。展望周末期間氣溫稍為回升，非常乾燥，但早上天氣清涼；下周一（1月12日）風勢頗大，短暫時間有陽光；下周中期日間和暖。
天文台自動分區天氣預報則顯示，明早沙田、大埔、天水圍、石崗、上水等地區最低氣溫跌至10度以下，打鼓嶺一帶更凍至只有6度。",2026/1/8 17:30,LionRockDaily香港仔由免費報《香港仔》創辦，是一個主打年輕人的資訊平台，讓大家可瀏覽到緊貼時事的專題報道、人物專訪、消費、寵物、旅遊、科技及職場等資訊。,遺書,business,
lionrockdaily,@lionrockdaily,"運輸署：若失靈由車主司機擔責
校車保姆應確保學童扣好始開車
本月25日起包括巴士等所有新登記交通工具、商用車，強制安裝安全帶，乘客亦必須佩戴，運輸署表示若安全帶失靈，責任應在司機身上，校巴保姆應確保學童已戴上安全帶才開車。
目前有超過8,000輛專營及非專營巴士已配備安全帶，新規定下，所有新登記交通工具及商用車輛必須裝有安全帶，包括小巴、專營巴士、貨車及學生服務車輛等，若座位配備安全帶，乘客必須佩戴，否則一經定罪，最高可罰款5,000元、監禁三個月。
運輸署表示，若車輛安全帶失靈，責任會落在司機身上。運輸署助理署長（技術服務）區家傑：「確保安全帶處於良好並可使用的狀態， 是車主和司機的責任，不遵守這個規定，若沒有合理解釋屬違法。若座位安全帶，因失靈或損毀未能佩戴，（乘客）可向執法人員說明情況。」
新法例實施後，若學生服務車輛沒有配備安全帶，將不可以再接載學生，跟車保姆亦應確保學童已佩戴安全帶才開車。
另外，運輸署亦規定司機駕駛期間亦不得多於兩部流動電訊裝置，包括手機、平板電腦，以及手提電腦，屏幕對角不得超過19厘米，放置位置亦不得阻礙司機觀察道路情況。",2026/1/8 15:01,LionRockDaily香港仔由免費報《香港仔》創辦，是一個主打年輕人的資訊平台，讓大家可瀏覽到緊貼時事的專題報道、人物專訪、消費、寵物、旅遊、科技及職場等資訊。,遺書,business,
lionrockdaily,@lionrockdaily,"網上流傳藥房地上露鈔銀包相片
帖文者：疑「掉錢包陷阱」新型騙術
Facebook及Threads等社交平台昨日（6日）流傳一則懷疑出現「跌錢黨」事件，帖文者「圖文並茂」表示在大型連鎖藥房購物期間，發現自己購物籃旁邊多了一個露出大量現金的錢包。從上載圖片可見，藥房地板上有一個包，最可疑之處是銀包有一大疊鈔票「凸出」，一張500元面額鈔票置面；帖文者懷疑是常見的「掉錢包陷阱」騙局，未有觸碰銀包，並立即通知店員跟進處理。
詎料當店員正要撿起銀包之際，一名不斷在附近徘徊的男子即時衝上前展示身份證認領銀包，帖文者形容對方「反應異常冷靜熟練」，令他進一步相信這是「撿錢包反被誣陷偷錢」的騙局，所以件在網上公開，提醒網友小心。
事件引起網民熱論，網民Wong Wong認同帖文者看法質疑「就算跌銀包啲錢唔會咁樣走出嚟囉！」、網民SupportiveOwl8899更譴責指「唉，就係多得呢類騙案，磨滅哂人的愛心。」",2026/1/7 14:15,LionRockDaily香港仔由免費報《香港仔》創辦，是一個主打年輕人的資訊平台，讓大家可瀏覽到緊貼時事的專題報道、人物專訪、消費、寵物、旅遊、科技及職場等資訊。,遺書,business,
lionrockdaily,@lionrockdaily,"遭沙田T牌左軚車撞倒
清潔工飛彈數米昏迷
沙田發生交通意外。今日（7日）清晨6時18分，一輛掛有試車牌（T牌）的吉利「銀河V900」MPV（多用途汽車），在瀝源邨貴園樓對開撞倒一名清潔工人。傷者飛彈數米外，重傷倒地昏迷不醒，由救護車送往沙田威爾斯醫院救治。警員封鎖現場調查，男司機通過酒精呼氣及藥物測試，案件交由新界南交通意外調查隊第一隊跟進，正調查事故原因。
現場所見，涉事車輛車頭位置有一架手推車、清潔工具和多袋垃圾。據了解，男傷者74歲姓王，是屋邨的清潔工；涉事32歲姓鄭司機是本地人，有本港駕駛執照。
肇事車輛掛有T牌，為左軚車，車牌位置貼有「吉利銀河V900」字樣。資料顯示，「吉利銀河V900」是內地品牌吉利旗下的MPV車款，以車身寬敞為賣點之一，提供六座位至八座位，今日全球首日預售。",2026/1/7 13:44,LionRockDaily香港仔由免費報《香港仔》創辦，是一個主打年輕人的資訊平台，讓大家可瀏覽到緊貼時事的專題報道、人物專訪、消費、寵物、旅遊、科技及職場等資訊。,遺書,business,
lionrockdaily,@lionrockdaily,"天文台今晨錄10.9°C再創新低 入冬最冷
大帽山僅0.8°C
寒冷天氣警告生效。天文台今晨（1月7日）指出，強烈冬季季候風正為廣東沿岸帶來乾燥及晴朗的天氣。本港今早天氣寒冷，天文台錄得最低氣溫10.9度，是入冬以來的最低紀錄。此外，高地氣溫顯著較低，大帽山最低只有0.8度。
天文台展望，未來一兩日早上持續寒冷，天晴及非常乾燥。周末期間氣溫稍為回升，但早上仍然清涼。",2026/1/7 12:30,LionRockDaily香港仔由免費報《香港仔》創辦，是一個主打年輕人的資訊平台，讓大家可瀏覽到緊貼時事的專題報道、人物專訪、消費、寵物、旅遊、科技及職場等資訊。,遺書,business,
lionrockdaily,@lionrockdaily,"Sharetea明起限時優惠
$16珍珠奶茶/$20蜜烏龍珍珠奶茶
香港Sharetea為慶祝16歲周年慶，決定推出限時優惠。凡於1月8日下午2點至6點購買珍珠奶茶只需$16；由1月9日至31日期間購買蜜烏龍珍珠奶茶只要$20。",2026/1/7 11:59,LionRockDaily香港仔由免費報《香港仔》創辦，是一個主打年輕人的資訊平台，讓大家可瀏覽到緊貼時事的專題報道、人物專訪、消費、寵物、旅遊、科技及職場等資訊。,遺書,business,
lionrockdaily,@lionrockdaily,"雀巢能恩及惠氏營養品21個批次嬰幼兒配方奶粉疑受污染　食安中心籲勿食用
食安中心今日（6日）呼籲市民不要食用21個批次的嬰幼兒配方奶粉。相關產品涉及雀巢能恩的6個批次嬰幼兒配方奶粉，原產地德國和瑞士，淨重量介乎350克至800克，食物品質最佳期限為2027年7月至11月之前。其餘15個批次奶粉來自惠氏營養品，原產地同樣是德國和瑞士，淨重量為800克，食物品質最佳期限為2027年4至10月之前。
食安中心表示，雀巢公司在歐洲部分地區自願預防性回收個別批次的嬰幼兒配方奶粉，因為個別原材料可能存在源自微生物蠟樣芽孢桿菌的物質。
中心早前已即時跟進調查，聯絡本地進口商包括雀巢香港、零售商及有關當局，根據雀巢香港今日最新資料，進口本港的嬰幼兒配方奶粉有21個批次可能曾使用相關原材料，為審慎起見，已自願將受影響產品停售和下架，並展開預防性回收。
發言人指，進食含過量蠟樣芽孢桿菌或其耐熱毒素的食物，可能引致腸胃不適，例如嘔吐及腹瀉。
gia.info.gov.hk/gener…",2026/1/6 22:12,LionRockDaily香港仔由免費報《香港仔》創辦，是一個主打年輕人的資訊平台，讓大家可瀏覽到緊貼時事的專題報道、人物專訪、消費、寵物、旅遊、科技及職場等資訊。,遺書,business,
lionrockdaily,@lionrockdaily,"筲箕灣明華大廈單位起火黑煙沖天
多輛消防車出動滅火
筲箕灣發生火警。事發今日（6日）下午4時18分，阿公岩道明華大廈一單位失火，窗口噴出火舌並冒出大量黑煙，驚動多位街坊報警求助。消防出動煙帽隊救援及拖喉灌救，15分鐘內大致將火救熄，據報無人受傷。
由網上視頻及相片可見，涉事單位外牆被燒至焦黑並殃及樓上住戶，多輛消防車及救護車出動。",2026/1/6 17:29,LionRockDaily香港仔由免費報《香港仔》創辦，是一個主打年輕人的資訊平台，讓大家可瀏覽到緊貼時事的專題報道、人物專訪、消費、寵物、旅遊、科技及職場等資訊。,遺書,business,
lionrockdaily,@lionrockdaily,"慈雲山天橋樓梯起火
露宿者遭2男毆打送院
慈雲山發生襲擊及縱火案。今日（6日）凌晨3時許，雲華街及惠華街交界行人天橋地下與一樓樓梯位置傳出火光，途人發現報案。消防員到場射水將火救熄，並發現一名被毆打受傷男子，清醒由救護車送院治理。
據了解，遇襲男傷者姓許（74歲），露宿上址行人天橋樓梯第二層位置，報稱案發時兩名年約20至30歲穿黑色衫褲男子突然出現，手持黃色「小心地滑」字樣告示牌向他施襲及放火燃點附近雜物後，即沿惠華街往慈雲山中心方向逃去。警方初步調查，再於案發位置附近發現一架電單車遭縱火，案件列作「普通襲擊」及「縱火」，交由黃大仙警區刑事調查隊第三隊跟進，正追緝涉案在逃疑犯。",2026/1/6 15:45,LionRockDaily香港仔由免費報《香港仔》創辦，是一個主打年輕人的資訊平台，讓大家可瀏覽到緊貼時事的專題報道、人物專訪、消費、寵物、旅遊、科技及職場等資訊。,遺書,business,
lionrockdaily,@lionrockdaily,"老虎堂黑糖薑母茶每杯減$5
由即日起至1月25日，到老虎堂惠顧冬季限定黑糖薑母茶，即可享每杯減 $5優惠！黑糖的濃醇甜香配上薑母的溫潤辛香，一入口從喉嚨暖到入心。",2026/1/6 15:12,LionRockDaily香港仔由免費報《香港仔》創辦，是一個主打年輕人的資訊平台，讓大家可瀏覽到緊貼時事的專題報道、人物專訪、消費、寵物、旅遊、科技及職場等資訊。,遺書,business,
lionrockdaily,@lionrockdaily,"休班警疑「發酒癲」鬧事兼取鞋掟同袍
涉3罪被捕
警方前日（4日）凌晨在青衣一個住宅單位處理噪音投訴期間，懷疑被一名帶有酒氣的32歲男子襲擊。警方其後拘捕該名男子，他是一名休班警員。案件由葵青警區重案組跟進。
事發於前日凌晨約1時，警方接報指青衣一住宅單位傳出噪音滋擾，第一次派員上門時，該單位的休班警男住戶態度合作。惟人員離開後，有人疑故態復萌，警方再度接報及派員到場上門，但拍門良久未獲回應。
據知，當時涉案單位門外堆有多對鞋，休班警醉醺醺地開門後，將一袋鞋倒落地，又將膠袋和鞋，擲向上門的警員。該名休班警涉襲警，被押返警署調查。
經初步調查，該名32歲男子涉嫌襲擊警務人員、阻礙警務人員執行職務及沒有攜帶身份證明文件被捕。案件交由葵青警區重案組跟進。被捕人已獲准保釋候查，須於2月上旬向警方報到。
警方表示，該名被捕休班警將被調派內勤職務，並禁止配槍。警隊非常重視人員的操守，任何人員干犯違法行為，絕不容忍和姑息，定必嚴正處理。",2026/1/6 13:58,LionRockDaily香港仔由免費報《香港仔》創辦，是一個主打年輕人的資訊平台，讓大家可瀏覽到緊貼時事的專題報道、人物專訪、消費、寵物、旅遊、科技及職場等資訊。,遺書,business,
lionrockdaily,@lionrockdaily,"龍翔道兩車互撼一車四輪朝天
司機自行脫困
黃大仙龍翔道往觀塘方向近新光中心對出，今日（1月5日）晚上10時許兩部私家車意外相撞，其中一車反車四輪朝天。警方消防接報趕至時，兩車司機已自行脫困。
運輸署提醒，龍翔道（往觀塘方向）近沙田㘭道的部分行車線現已封閉。駕駛人士只可使用餘下行車線行車。現時上址交通繁忙。",2026/1/5 23:39,LionRockDaily香港仔由免費報《香港仔》創辦，是一個主打年輕人的資訊平台，讓大家可瀏覽到緊貼時事的專題報道、人物專訪、消費、寵物、旅遊、科技及職場等資訊。,遺書,business,
lionrockdaily,@lionrockdaily,"土瓜灣塌籃球架疑涉鏽蝕老化
街坊：應加強定期檢查及翻新
土瓜灣靠背壟道遊樂場的籃球場，昨晚（4日）發生籃球架倒塌壓傷人意外，一名青年受傷送院，初步相信是籃球架支柱鏽融老化致塌下。倒塌的籃球架今日（5日）仍未被移走，但與現場連同另一個同類籃球架已被圍封，康文署亦貼出公告指上址球場暫停開放直至另行通告，並有一名疑似工作人員到場檢查。
街坊吳先生指，當局「應加強定期檢查及翻新。」他說，一般人如非特意查看，很難察覺籃球架支柱的底部是否生鏽，所以發生倒塌「砸到人一啲都唔奇」，他指球場使用者亦應提高警覺，若發現籃球架異常，要及時反映，當局亦「應加強定期檢查及翻新（設施）」。他又批評「有啲未舊嘅，佢哋（康文署）去翻新，嗰啲需要做嘅，佢哋又唔翻新」。
事發昨日（4日）晚上約10時27分，警方接獲報案指在土瓜灣靠背壟道遊樂場的籃球場，有籃球架倒塌壓傷一名青年。警員及救護員到場，證實一個籃球架向前叩頭式倒下，現場有多人，其中一名20歲姓蔡男青年頭部擦傷、左膝及右邊肋骨疼痛。
據悉，事主偕友人在上址打籃球期間，籃球架突然向前傾倒，他走避不及被擊中受傷，幸未被壓住。傷者其後清醒被送往伊利沙伯醫院治理。",2026/1/5 20:41,LionRockDaily香港仔由免費報《香港仔》創辦，是一個主打年輕人的資訊平台，讓大家可瀏覽到緊貼時事的專題報道、人物專訪、消費、寵物、旅遊、科技及職場等資訊。,遺書,business,
lionrockdaily,@lionrockdaily,"Bob慶幸只打爛道具
真獎座將放保險箱
TVB年度盛事《萬千星輝頒獎典禮2025》昨晚在澳門舉行，最佳男主持林盛斌（Bob）台上心情激動致大力拍爛獎座，事後他坦言因太亢奮，想不到第一次得獎腦海會一片空白，本身他準備一大段感謝詞，結果只能講了六成，「這個獎我等了很多年，對我有很大鼓勵！」至於他成為史上弄爛獎座第一人，Bob笑道：「證明人生是充滿可能性，將不可能變成可能，幸好台上的只是道具獎座，真的那個我會好好鑲起來放進保險箱，連子女都不准碰。」",2026/1/5 20:00,LionRockDaily香港仔由免費報《香港仔》創辦，是一個主打年輕人的資訊平台，讓大家可瀏覽到緊貼時事的專題報道、人物專訪、消費、寵物、旅遊、科技及職場等資訊。,遺書,business,
lionrockdaily,@lionrockdaily,"突發！曼聯炒領隊艾摩廉
繼車路士日前炒咗領隊馬列斯卡之後，英超另一老牌勁旅曼聯今日又突然宣布，正式辭退主帥艾摩廉，而「紅魔鬼」暫時將會由球會名宿費查暫代領軍，帶隊在周三深夜作客般尼。
曼聯官網剛宣布此消息，文中提到艾摩廉自2024年11月上任，曾在去年5月領軍打入歐霸盃決賽，並協助球隊目前在英超排名第六，為球隊提供爭取更好成績基礎，而現時正是作出轉變的理想時機。曼聯並感謝艾摩廉對球隊嘅貢獻，同祝願佢有美好將來。
事實上，艾摩廉今次突然同曼聯「分手」，根本係有跡可尋，日前「紅魔鬼」聯賽作客列斯聯打和1：1賽後，艾摩廉喺記者會上「開火」，點名球探部門同體育總監都要做好本份，無論係買人同對應外間批評等工作都要做好；而佢自己係領隊身份，強調有更大權力，而非只係一般教練只係教波。佢仲提到自己仲有18個月約，約滿之後先各行各路，點知依家極速被炒。",2026/1/5 19:02,LionRockDaily香港仔由免費報《香港仔》創辦，是一個主打年輕人的資訊平台，讓大家可瀏覽到緊貼時事的專題報道、人物專訪、消費、寵物、旅遊、科技及職場等資訊。,遺書,business,
lionrockdaily,@lionrockdaily,"太古城中心 x 松與松
呈獻「福滿松盆」利是封套裝
太古城中心首與青年藝術家謝凸攜手合作，將其品牌「松與松」筆下形象鮮明的松樹插畫及傳統盆栽文化的元素及時下「新禪生活」的精神帶到商場，由1月30日至3月3日優雅呈獻《福運松林》新春主題布置。今年別開生面以松樹盆景為創意主軸，以主角「睡眼青松」設計8大打卡裝置，巧妙融合各種傳統吉祥寓意與當代藝術。
太古城中心LIVE+會員更有多一「松」新春體驗——消費滿指定金額，即可換領「福滿松盆」利是封套裝及APITA電子禮券，祝願各位長壽健康、福運齊來。太古城中心與「松與松」獨家推出全新1套8個的「福滿松盆」利是封套裝，盛載滿滿的祝福！由1月30日至3月3日，LIVE+會員於太古城中心及太古城指定商戶以電子貨幣消費滿指定金額，即可換領「福滿松盆」利是封套裝及APITA電子禮券。消費金額達1,800元或以上（憑最多2張不同商戶之同日單據），可換「福滿松盆」利是封套裝2套及50元APITA電子禮券，而消費金額達8,000元或以上（憑最多3張不同商戶之同日單據），就可換「福滿松盆」利是封套裝2套及400元APITA電子禮券。先到先得，換完即止。",2026/1/5 17:53,LionRockDaily香港仔由免費報《香港仔》創辦，是一個主打年輕人的資訊平台，讓大家可瀏覽到緊貼時事的專題報道、人物專訪、消費、寵物、旅遊、科技及職場等資訊。,遺書,business,
lionrockdaily,@lionrockdaily,"壽司郎初登蟹祭
生松葉蟹腳 $32
壽司郎1月6日起推出初登蟹祭，各款壽司、副餐盛大登場！新品包括生松葉蟹腳 $32、特盛紅楚蟹腳 $27、忌廉芝士甲羅燒 $39、松葉蟹軍艦配香箱蟹 $22、A5黑毛和牛西冷 $27、綿綿煮穴子 $17、香酥炸雞 $28、江戶前風醬油漬吞拿魚 $12！",2026/1/5 17:00,LionRockDaily香港仔由免費報《香港仔》創辦，是一個主打年輕人的資訊平台，讓大家可瀏覽到緊貼時事的專題報道、人物專訪、消費、寵物、旅遊、科技及職場等資訊。,遺書,business,
lionrockdaily,@lionrockdaily,"大埔文娛中心開放日一月十日舉行
康樂及文化事務署轄下大埔文娛中心將於星期六（一月十日）下午二時至五時舉行開放日，讓市民一覽文娛中心的全新面貌。
為配合文娛中心推廣青年藝術的定位，開放日將舉行不同類型鼓勵青年人參與的活動，包括音樂事務處香港青年弦樂團演奏中西經典名曲，以及樂團「敲擊襄」的敲擊樂表演和互動工作坊；還有香港創科演藝教育協會的街舞表演和工作坊、流空藝術工作室的旋環和紗舞表演，以及彩繪攤位，讓參加者體驗藝術的魅力與創意。
其他精彩活動包括建築特色分享會及導賞活動，介紹文娛中心的建築細節、設計理念和建築價值，亦設有後台參觀團，讓參加者更深入了解文娛中心的嶄新設備和舞台演出的幕後運作。
在演藝廳、黑盒劇場及活動室2舉行的活動憑票免費入場。門票可於開放日當日中午十二時起在文娛中心的詢問處領取，名額有限，先到先得，派完即止。 活動詳情可瀏覽文娛中心網頁
lcsd.gov.hk/tc/tp…
。",2026/1/5 16:30,LionRockDaily香港仔由免費報《香港仔》創辦，是一個主打年輕人的資訊平台，讓大家可瀏覽到緊貼時事的專題報道、人物專訪、消費、寵物、旅遊、科技及職場等資訊。,遺書,business,
lionrockdaily,@lionrockdaily,"搶飛喇！香港快運今明快閃優惠！
曼谷/布吉/清邁單程飛低至$108
新年伊始，香港快運今明兩日（1月5日至6日）推出限時泰國航線優惠！本次優惠覆蓋曼谷、布吉及清邁三大熱門航點，單程「輕便飛」票價低至$108、「經濟飛」單程票價低至$138，每周提供多達49班往返航班。
機票訂購時間為即時起至明晚11時45分止，旅遊期為2026年1月13日至7月8日。新的一年，是前往曼谷寺廟新年祈福，享受當地按摩抒壓？或是去布吉跳島浮潛，打卡海邊日落？亦或在清邁踩單車慢活遊，到素貼山欣賞美麗日出？記得把握優惠即刻買飛，給新的一年增添滿滿儀式感！
預訂日期：即時至2026年1月6日晚11時45分
旅遊日期：2026年1月13日至7月8日
「輕便飛」單程票價低至港幣108*：包括一件隨身物品
「經濟飛」單程票價低至港幣138*：包括一件隨身物品及一件登機行李",2026/1/5 16:03,LionRockDaily香港仔由免費報《香港仔》創辦，是一個主打年輕人的資訊平台，讓大家可瀏覽到緊貼時事的專題報道、人物專訪、消費、寵物、旅遊、科技及職場等資訊。,遺書,business,
lionrockdaily,@lionrockdaily,"曾志偉功成身退
台上哽咽：是時候交給年輕一代了
在澳門舉行的《萬千星輝頒獎典禮2025》上，TVB總經理（節目內容營運）曾志偉正式宣布卸任，為五年的管理生涯畫上句點。典禮中，他獲頒大會特設的「萬千光輝榮譽傳奇大獎」，由好友譚詠麟驚喜獻唱並擔任頒獎嘉賓，場面溫馨動人。
曾志偉在台上感慨表示，五年來感謝觀眾支持，但自覺「有啲江郎才盡」，是時候卸任讓年輕一輩接手，將TVB發揚光大。他強調卸任並非健康問題，而是渴望回歸自由創作的電影人身份。據悉，他曾五度提出離職，均獲公司挽留，此次最終以「家庭原因」獲准離開。未來他將轉任新成立的諮詢委員會召集人，以顧問形式每月回公司開會，繼續提供意見。
回顧任期，曾志偉於2021年重返TVB，推動綜藝音樂改革，促成與四大唱片公司破冰，並打造《聲生不息》《中年好聲音》等熱門節目。他自評是「50幾分」的總經理，笑稱自己本是「敗家仔」，只懂花錢做節目，後來才學會創造廣告盈利。但見到同事在他得獎時全體起立，他坦言這是任內最大榮譽。",2026/1/5 13:05,LionRockDaily香港仔由免費報《香港仔》創辦，是一個主打年輕人的資訊平台，讓大家可瀏覽到緊貼時事的專題報道、人物專訪、消費、寵物、旅遊、科技及職場等資訊。,遺書,business,
lionrockdaily,@lionrockdaily,"佘詩曼破紀錄四奪視后
入行26年黃宗澤首度稱帝
TVB年度盛事《萬千星輝頒獎典禮2025》於今晚假澳門舉行，全晚最受注目的大獎「最佳女主角」本屬《新聞女王2》的佘詩曼(阿佘)、《巨塔之后》的宣萱之爭，不過後者事先張揚不會到澳門出席頒獎禮，令視后之爭毫無懸念，最終阿佘亦順理成章破紀錄第4度封后；再拿下「大灣區最喜愛TVB女主角」。
視帝方面，結果黃宗澤終憑劇中Kingston一角吐氣揚眉，入行約26年的他首度稱帝，並一舉拿下「大灣區最喜愛TVB男主角」，同時助《新聞女王2》橫掃整個頒獎禮。
「最佳女配角」是《新聞女王2》的王敏奕、「最佳男配角」是同劇的何廣沛。值得一提，入行多年的林盛斌，憑《女神配對計劃》、《攻你上大學》首度成為「最佳男主持」，更激動得整爛獎座，令全場爆笑；「最佳女主持」則是車婉婉。「飛躍進步女藝人」、「飛躍進步男藝人」分別是憑《女神配對計劃》人氣急升的葉蒨文及入行近16年、曾提名該獎6次的吳業坤。此外，「最佳女新人」是倪嘉雯，「最佳男新人」則鬧雙胞，分別是曾奪金像獎「最佳新配角」的馮浩揚及《中年好聲音3》季軍劉揚。",2026/1/4 23:43,LionRockDaily香港仔由免費報《香港仔》創辦，是一個主打年輕人的資訊平台，讓大家可瀏覽到緊貼時事的專題報道、人物專訪、消費、寵物、旅遊、科技及職場等資訊。,遺書,business,
lionrockdaily,@lionrockdaily,"躁漢疑箍煲不遂動刀鎚
前女友手口並用力抗  俱傷被捕
今日（4日）下午2時23分，警方接獲途人報案，指尖沙咀漆咸道南87號百利商業中心有人呼喊救命。人員接報到場，在上址一單位發現兩男女，經初步調查後，人員相信該名姓莊（31歲）男子，早前與該名姓盧（30歲）女子，在上址單位疑因感情問題爭執，期間莊男懷疑出言恐嚇盧女，並以一把長約35厘米的刀指嚇對方。莊男其後再以手腳及鎚襲擊盧女，對方亦疑以手襲擊及咬傷莊男。
莊男涉嫌襲擊致造成身體傷害、刑事恐嚇及未能出示身份證明文件被捕；盧女則涉嫌普通襲擊被捕，案件交由油尖警區刑事調查隊第二隊跟進。莊男手痛及頭傷，盧女則胸口痛、手痛及牙齒受傷，他們俱清醒由救護車送往伊利沙伯醫院治理。
據悉，涉案男女為前度情侶關係，事發時男方要求與女方復合，期間用刀指嚇女方，並聲稱如不復合便劈死對方。其後，男方放低刀，用手推跌女方並用腳踏着女方胸口，同時更有鎚仔打女方嘴部致其流牙血；糾纏間女方咬傷男方頭部。案件仍在調查，交由油尖警區刑事值日隊第二隊跟進。",2026/1/4 21:30,LionRockDaily香港仔由免費報《香港仔》創辦，是一個主打年輕人的資訊平台，讓大家可瀏覽到緊貼時事的專題報道、人物專訪、消費、寵物、旅遊、科技及職場等資訊。,遺書,business,
lionrockdaily,@lionrockdaily,"冬季季候風明日稍後襲港
周三氣溫跌至12度
冷空氣又來襲？天文台今日（4日）表示，一股冬季季候風會在明日稍後逐漸影響廣東沿岸，隨後兩三日該區天氣轉冷，天晴及非常乾燥，日夜溫差頗大。
本港明日大致天晴，市區最低氣溫約15度，新界再低兩三度，最高氣溫約22度。隨後兩三日，早上市區最低氣溫在12、13度左右，新界再低幾度，天晴及非常乾燥，日夜溫差頗大。
天文台指，隨着季候風稍為緩和，自1月11日起華南氣溫略為回升，天氣持續晴朗，但早上仍然清涼。",2026/1/4 20:51,LionRockDaily香港仔由免費報《香港仔》創辦，是一個主打年輕人的資訊平台，讓大家可瀏覽到緊貼時事的專題報道、人物專訪、消費、寵物、旅遊、科技及職場等資訊。,遺書,business,
lionrockdaily,@lionrockdaily,"《台慶頒獎禮》紅地毯艷光四射
高海寧張曦雯背多fun 李芷晴big得太緊
《萬千星輝頒獎典2025》今晚舉行，一眾女星於紅地氈爭妍鬥麗，過往在大騷也經常性感上陣的高海寧今次留前戰「鬥後」，以大露背黑色晚裝示人，高貴之餘不失性感。高海寧笑言因之前拍劇太趕缺乏時間揀衫，服飾主要交給造型師負責。經驗豐富的她笑言不會「危險」，強調絕對安全。張曦雯同樣以黑色大露背晚裝亮相，露背之外，胸前開窿Deep至近肚臍位置，畫面超「養眼」。
至於《女神配對計劃》的李芷晴與關嘉敏、葉蒨文及曾展望（ＧＭ）亮相，3位女神當中以超Deep V白色長裙的李芷晴最搶鏡，其驕人上圍營造出迫爆效果；關嘉敏雖沒有穿晚裝，但一襲通花透視裝外加貴婦帽亦夠貴氣。第6度角逐女飛躍的戴祖儀則以喱士黑絲上陣大騷長腿。另外，《新聞女王2》的佘詩曼、黃宗澤則壓軸登場，分別爭視后及視帝的二人也表現出信心十足。",2026/1/4 20:17,LionRockDaily香港仔由免費報《香港仔》創辦，是一個主打年輕人的資訊平台，讓大家可瀏覽到緊貼時事的專題報道、人物專訪、消費、寵物、旅遊、科技及職場等資訊。,遺書,business,
lionrockdaily,@lionrockdaily,"警方破獲毒品案檢770多萬元毒品拘3人
一人報稱是歌手
警方破獲一宗毒品案，檢獲770多萬元毒品，拘捕3人，其中一人報稱是歌手。
東九龍總區刑事總部高級督察周嘉潤表示，警方近日留意到有販毒集團招募年輕人做「死士」，利用的士、貨車等日常交通工具作掩飾派運毒品，警方昨日突擊搜查元朗一個村屋單位，拘捕2名本地男子及1名內地女子，年齡介乎21至35歲。
被捕人士報稱是學生、歌手、無業，他們在案中的角色包括製毒、包裝和運送毒品給本地毒品拆家，明天將於觀塘裁判法院提堂，罪名包括涉嫌製毒、販毒及串謀販毒。
行動中，警方在單位內搜出大批毒品及製毒工具，包括7.9公斤可卡因、1.2公斤冰毒、741克霹靂可卡因、598克氯胺酮及259粒依托咪酯煙彈，市值約774萬元。警方相信，這個製毒工場和儲存倉，已運作大約一個月。
消息稱，被捕歌手為羅啟聰，2018年曾參加《全民造星》歌唱節目，當時他的唱歌及彈結他功力曾被大讚，是十強大熱，但因跟其他參賽者唔夾，表現「串嘴」又自視過高已極速吸納大量Haters，最後在20強止步。後來他又得到內地節目邀請參加《下一站傳奇》，擔任節目評審的歌手鄧紫棋大讚他表演結他彈得出色。",2026/1/4 18:31,LionRockDaily香港仔由免費報《香港仔》創辦，是一個主打年輕人的資訊平台，讓大家可瀏覽到緊貼時事的專題報道、人物專訪、消費、寵物、旅遊、科技及職場等資訊。,遺書,business,
lionrockdaily,@lionrockdaily,"「FV」牌內地車港行涉違規裝閃燈
運輸署：或撤銷通行證
近日有網民在社交平台分享一段行車記錄儀影片，畫面中一輛黑色私家車在香港道路上行駛，車尾同時懸掛「粵B」開首的內地車牌及「FV」開首的香港車牌。引起關注的是，該車車頂左後方裝有一個紅色閃燈，行駛期間持續閃爍，令不少網民質疑其身份，甚至猜測是否屬於公安車輛。
從影片可見，該車緊隨一輛載貨重型貨車，有網民推斷其可能是擔任護送任務的「安全車」。此外，有人指出該車未有依規定在擋風玻璃左側展示國際通行許可證，涉嫌違規。
對此，運輸署回應指，涉事車輛屬於持有粵港常規配額的內地私家車。根據《道路交通（車輛登記及領牌）規例》，此類車輛在香港行駛時，必須將國際通行許可證貼於擋風玻璃左側，否則最高可被罰款2,000港元及監禁三個月。
此外，運輸署指出，根據許可證的發出條件，相關車輛在港行駛期間不得安裝非用於顯示轉向的閃燈或緊急響號。署方已將事件轉交執法部門處理，並已發信提醒車主必須遵守展示許可證的規定。
針對車輛疑似違規安裝閃燈或響號裝置，運輸署已要求車主安排該車前往驗車中心接受檢驗。若車主未能提供合理解釋，署方將考慮撤銷其通行許可。",2026/1/4 17:15,LionRockDaily香港仔由免費報《香港仔》創辦，是一個主打年輕人的資訊平台，讓大家可瀏覽到緊貼時事的專題報道、人物專訪、消費、寵物、旅遊、科技及職場等資訊。,遺書,business,
lionrockdaily,@lionrockdaily,"一幻拉麵餃子小食飲品買一送一
一幻即推出全新春季限定買一送一優惠，拉麵選項有新品「黑蒜蝦湯拉麵」，更可於三款招牌餃子中自選兩款不同口味！小食新增溏心蛋和味筍雙拼選擇，連餐牌內所有飲品（包括酒精飲品）均可享買一送一！現凡於銅鑼灣、荃灣及新蒲崗分店堂食，即可自由揀選2款定價$88或以下拉麵及有3款招牌餃子、3款指定小食和所有飲品 (包括酒精飲料) 均享買一送一優惠！",2026/1/4 17:15,LionRockDaily香港仔由免費報《香港仔》創辦，是一個主打年輕人的資訊平台，讓大家可瀏覽到緊貼時事的專題報道、人物專訪、消費、寵物、旅遊、科技及職場等資訊。,遺書,business,
lionrockdaily,@lionrockdaily,"假冒水務署職員入屋盜竊
賊人聖誕連犯3案終落網
聖誕節期間，本港發生多起入屋盜竊案。警方今日（4日）作案情簡報，指昨日（3日）拘捕一名50歲姓陳本地男子，涉嫌與聖誕節期間發生在長沙灣、深水埗及屯門的3宗入屋盜竊案有關。
據警方調查，3起案件受害人均為70歲以上長者，居於舊式唐樓或公共屋邨單位。疑犯假扮水務署職員，上門聲稱需檢查水管，獲准進入單位後，假裝檢查並趁受害人不留意，迅速偷走擺放在顯眼位置的財物，包括現金、八達通卡、錢包及衣物等，整個過程僅需1至2分鐘。疑犯作案時身穿便服，無攜帶背包或手袋，亦無出示任何工作證明。
警方透過深入調查及分析「銳眼計劃」閉路電視片段，確認3宗案件為同一人所為，並迅速鎖定疑犯身份。行動中，警方追回部分失竊財物。目前，被捕男子因涉嫌「入屋犯法」被扣留調查。
警方呼籲市民，特別是長者須提高警覺，切勿輕易讓陌生人進入家中。在允許任何人進入前，必須核實對方身份及證件。若對方自稱政府部門人員，應主動致電相關部門確認。此外，市民應避免將貴重物品置於顯眼位置。假期期間，外遊市民應記得鎖好門窗，並加強家居防盜措施。",2026/1/4 16:31,LionRockDaily香港仔由免費報《香港仔》創辦，是一個主打年輕人的資訊平台，讓大家可瀏覽到緊貼時事的專題報道、人物專訪、消費、寵物、旅遊、科技及職場等資訊。,遺書,business,
lionrockdaily,@lionrockdaily,"UNICEF慈善跑迪士尼起步
黃尹雋黃卓寧半馬稱王封后
聯合國兒童基金會(UNICEF)慈善跑2025/26「HERO RUN — 超能跑」今日（4日）於香港迪士尼樂園度假區及迪欣湖圓滿舉行，獲數千熱心跑手及多位「星級英雄」支持，包括長跑好手陳家豪參與半馬拉松賽事、前港隊單車女將馬詠茹及酷愛大自然的「山系跑女」岑樂怡（阿妹）參與5公里賽。
賽前著名鋼琴家沈靖韜獲委任為聯合國兒童基金香港委員會大使，並與聯合國兒童基金香港委員會主席陳晴、勞工及福利局副局長何啟明、聯合國駐華協調員常啟德等嘉賓一同見證王者誕生。最終，本地跑手黃尹雋及黃卓寧分別以1小時06分32秒及1小時23分11秒分奪男、女子半馬拉松冠軍，謝俊賢以31分04秒摘下10公里賽（挑戰組）男子組桂冠，女子組則由鄺芷羽以38分21秒奪得。",2026/1/4 16:27,LionRockDaily香港仔由免費報《香港仔》創辦，是一個主打年輕人的資訊平台，讓大家可瀏覽到緊貼時事的專題報道、人物專訪、消費、寵物、旅遊、科技及職場等資訊。,遺書,business,
lionrockdaily,@lionrockdaily,"老夫婦行21層樓梯走火警
「感激街坊攙扶99歲丈夫逃生」
石硤尾邨美如樓21樓今晨發生火警，有街坊憶述逃生情況時仍猶有餘悸，有居於涉事樓層、今年已76歲的余太表示，事發時聽見火警鐘響，當時「以為冇乜事」，直至「出面好嘈、有人嗌話好大煙」，在出門查看時已見電梯口及走廊濃煙密布，「根本行唔過去」，因此在未及關門下，慌忙沿靠近單位的後樓梯倉惶逃生，當時未見有火，因此不清楚那個單位發生火警。
余太與現年99歲的丈夫在石硤尾邨居住20年，一直未曾試過走火警，慶幸走火警時有男街坊幫忙，攙扶余伯由21樓沿樓梯逃生至地面，「真係要多謝啲街坊」。她又指天氣寒冷，逃生時來不及取衣物禦寒，暫時只能披着錫紙保暖。
另有街坊指出，事發時家人上班，當時他在家睡覺，期間乍聞警鐘大鳴，因此攜同愛貓逃生。他形容逃生時未有混亂，「去到樓下時見有煙冒出」，因此把情況通知家人。目前他和愛貓沒有大礙，被問及大廈的消防設施情況如何？他坦言並不清楚並不了解。",2026/1/4 15:06,LionRockDaily香港仔由免費報《香港仔》創辦，是一個主打年輕人的資訊平台，讓大家可瀏覽到緊貼時事的專題報道、人物專訪、消費、寵物、旅遊、科技及職場等資訊。,遺書,business,
lionrockdaily,@lionrockdaily,"美如樓21樓起火單位發現一死者
起火原因待查方向包括電力故障
石硤尾邨美如樓21樓單位早上發生火警，初步知道造成1死8傷，分別送往明愛醫院及廣華醫院治理，起火原因待查方向包括電力故障。
現場約200名居民疏散，不少人穿睡衣逃生，部分人就披著保暖毯，有消防人員向居民查詢單位位置是否在涉事樓層。
有居住在涉事單位同層的周先生表示，與發生火警的單位只相隔兩、三個單位，火警發生時濃煙迅速入屋，他馬上叫妻子入房，再用濕毛巾封住門縫，但整間屋已經佈滿黑煙。他之後報警求助，消防入屋將他們救出。他形容當時已經看不清楚單位狀況，來不及取走任何個人物品。
亦有住在與起火單位同層的長者說，火警鐘響時，外面有鄰居大叫，他拉着年近一百歲的丈夫連忙下樓，外套與鞋都來不及穿，形容「保住條命最緊要」。",2026/1/4 12:41,LionRockDaily香港仔由免費報《香港仔》創辦，是一個主打年輕人的資訊平台，讓大家可瀏覽到緊貼時事的專題報道、人物專訪、消費、寵物、旅遊、科技及職場等資訊。,遺書,business,
lionrockdaily,@lionrockdaily,"古巨基元旦報喜訊　
53歲再度榮升爸爸
53歲的古巨基在2026年元旦透過Instagram報喜，宣布與57歲太太Lorraine迎來第二名孩子，正式成為兩子之父。他上載一張新生嬰兒的小手照片，並寫下感性文字，分享這份跨年喜悅。
古巨基表示，這是2025年對他與太太及大仔Kuson來說最感動的事，特意選在新一年的第一天與大家分享。他透露，Kuson早前曾多次表示希望有個弟弟或妹妹，而作為有兄弟姊妹成長的父母，深知手足情的重要與珍貴。
「父母能陪伴孩子走過的路有限，未來更多的時光，或許就是兄弟姊妹之間的相互扶持。」他感恩願望成真，並期望Kuson與弟弟能彼此相親相愛。他亦承諾，會繼續努力做個好爸爸、好丈夫，陪伴家人走過每一段人生旅程。",2026/1/1 20:31,LionRockDaily香港仔由免費報《香港仔》創辦，是一個主打年輕人的資訊平台，讓大家可瀏覽到緊貼時事的專題報道、人物專訪、消費、寵物、旅遊、科技及職場等資訊。,遺書,business,
lionrockdaily,@lionrockdaily,"觀塘海濱元旦凌晨少女打鬥
13歲女童涉襲擊被捕
今日（1月1日）凌晨，觀塘海濱發生一宗涉及兩名未成年少女的襲擊事件。網上流傳一段影片顯示，一名少女在現場對另一名少女施以飛踢、掌摑及拉扯頭髮等行為，期間有不少圍觀者在場，惟無人上前制止，甚至有人起哄叫囂，事件引起社會關注。
警方表示，凌晨2時59分接獲報案，指兩名女子因瑣事發生爭執，其中一人懷疑以手腳襲擊對方。警員接報到場後，經初步調查，拘捕一名13歲女童，涉嫌「襲擊致造成身體傷害」，案件交由觀塘警區刑事調查隊第七隊跟進。
被襲擊的15歲少女頸部及腳部受傷，送往聯合醫院治理，送院時清醒。警方呼籲市民冷靜處理糾紛，切勿以暴力解決問題，並提醒公眾切勿鼓吹或縱容暴力行為。",2026/1/1 20:10,LionRockDaily香港仔由免費報《香港仔》創辦，是一個主打年輕人的資訊平台，讓大家可瀏覽到緊貼時事的專題報道、人物專訪、消費、寵物、旅遊、科技及職場等資訊。,遺書,business,
lionrockdaily,@lionrockdaily,"好運1月1」賽馬日丁財兩旺
逾4.9萬人入場投注額超17億
「好運1月1」賽馬日今日（1月1日）在沙田馬場舉行，丁財兩旺。賽馬會表示，賽事今天吸引了49,156人入場，比去年的43,000人，增加14%。當中尤以內地遊客人數增幅驚人。今天共有8,250名內地遊客入埸，比去年的4,120名內地遊客，增加1倍。至於今日的投注額高達17.13億，較去年的16.42億，上升4.3%，為新一年帶來一個好開始。",2026/1/1 19:26,LionRockDaily香港仔由免費報《香港仔》創辦，是一個主打年輕人的資訊平台，讓大家可瀏覽到緊貼時事的專題報道、人物專訪、消費、寵物、旅遊、科技及職場等資訊。,遺書,business,
lionrockdaily,@lionrockdaily,"天文台發出入冬首發寒冷天氣警告
天文台今早指出，一股偏東氣流正影響廣東沿岸。位於廣東北部的一道冷鋒正逐漸向南移動，預料會在今晚橫過廣東沿岸地區。天文台預測今晚大致多雲，轉吹清勁北風，市區氣溫下降至約16度，新界再低兩三度；未來一兩日風勢頗大，明早（2日）及周六（3日）早上市區（天文台尖沙咀總部）氣溫下降至約12度，漸轉天晴乾燥，日夜溫差較大。下周初早上仍然清涼。天文台下午4時20分發出寒冷天氣警告，為入冬以來首次，是1999年設立寒冷天氣警告以來最遲首發，打破2007年紀錄，當年入冬後至12月30日才發出首個寒冷天氣警告。",2026/1/1 17:20,LionRockDaily香港仔由免費報《香港仔》創辦，是一個主打年輕人的資訊平台，讓大家可瀏覽到緊貼時事的專題報道、人物專訪、消費、寵物、旅遊、科技及職場等資訊。,遺書,business,
zhengyuchen433,鄭宇辰,"終於快寫完了🫠
這篇會有比較獵奇、噁心的畫面描述，慎點
一篇廢棄文案碼了七千多字還沒完結，果然當時沒寫進遺書是正確的
但當作另一篇也確實可以🤔
是不是該想個正式標題算了",2026/1/20 10:47,"falcom愛好者、型月教徒
近期鬼滅水蟲中毒
脆無法私訊，但覺得沒關係
單身主義者
雖然是I人，但上網的時候會突然E人發瘋",遺書,non_life,
zhengyuchen433,鄭宇辰,"人已經很孤僻了，結果測出來的還是稀有人格
高冷成那樣，結果我是治癒者？？？",2026/1/20 09:59,"falcom愛好者、型月教徒
近期鬼滅水蟲中毒
脆無法私訊，但覺得沒關係
單身主義者
雖然是I人，但上網的時候會突然E人發瘋",遺書,non_life,
zhengyuchen433,鄭宇辰,我也是有竹炭本的人了！！！！,2026/1/20 01:02,"falcom愛好者、型月教徒
近期鬼滅水蟲中毒
脆無法私訊，但覺得沒關係
單身主義者
雖然是I人，但上網的時候會突然E人發瘋",遺書,non_life,
zhengyuchen433,鄭宇辰,"那個，有些新追蹤我的朋友們，
我沒有要寫靈異喔
這邊就是拿來放文跟發瘋，偶爾抒發一下情緒的地方
那些看到的感覺到的，我不打算特別寫或說出來",2026/1/18 16:07,"falcom愛好者、型月教徒
近期鬼滅水蟲中毒
脆無法私訊，但覺得沒關係
單身主義者
雖然是I人，但上網的時候會突然E人發瘋",遺書,non_life,
zhengyuchen433,鄭宇辰,"價錢勸退法⋯⋯
幹，里昂不是所有人都跟你一樣薪水很高，好嗎！！！！",2026/1/18 09:07,"falcom愛好者、型月教徒
近期鬼滅水蟲中毒
脆無法私訊，但覺得沒關係
單身主義者
雖然是I人，但上網的時候會突然E人發瘋",遺書,non_life,
zhengyuchen433,鄭宇辰,幹，里昂你不能這麼過分,2026/1/17 19:59,"falcom愛好者、型月教徒
近期鬼滅水蟲中毒
脆無法私訊，但覺得沒關係
單身主義者
雖然是I人，但上網的時候會突然E人發瘋",遺書,non_life,
zhengyuchen433,鄭宇辰,"打著小品名號的騙人遊戲
根本不算小品啊喂
《Dredge》玩到結局是真的有嚇到
《戴夫》倒是快樂的在潛水插魚（漁人族，不重要）",2026/1/17 13:35,"falcom愛好者、型月教徒
近期鬼滅水蟲中毒
脆無法私訊，但覺得沒關係
單身主義者
雖然是I人，但上網的時候會突然E人發瘋",遺書,non_life,
zhengyuchen433,鄭宇辰,舊文搬運,2026/1/17 11:26,"falcom愛好者、型月教徒
近期鬼滅水蟲中毒
脆無法私訊，但覺得沒關係
單身主義者
雖然是I人，但上網的時候會突然E人發瘋",遺書,non_life,
zhengyuchen433,鄭宇辰,舊文搬運,2026/1/17 11:25,"falcom愛好者、型月教徒
近期鬼滅水蟲中毒
脆無法私訊，但覺得沒關係
單身主義者
雖然是I人，但上網的時候會突然E人發瘋",遺書,non_life,
zhengyuchen433,鄭宇辰,舊文搬運,2026/1/17 11:24,"falcom愛好者、型月教徒
近期鬼滅水蟲中毒
脆無法私訊，但覺得沒關係
單身主義者
雖然是I人，但上網的時候會突然E人發瘋",遺書,non_life,
zhengyuchen433,鄭宇辰,舊文搬運,2026/1/17 11:20,"falcom愛好者、型月教徒
近期鬼滅水蟲中毒
脆無法私訊，但覺得沒關係
單身主義者
雖然是I人，但上網的時候會突然E人發瘋",遺書,non_life,
zhengyuchen433,鄭宇辰,舊文搬運,2026/1/17 11:18,"falcom愛好者、型月教徒
近期鬼滅水蟲中毒
脆無法私訊，但覺得沒關係
單身主義者
雖然是I人，但上網的時候會突然E人發瘋",遺書,non_life,
zhengyuchen433,鄭宇辰,"搬運舊文
大學時比起小說，明明更常寫新詩，
出社會後，反而沒新詩的靈感，都在寫同人",2026/1/17 11:15,"falcom愛好者、型月教徒
近期鬼滅水蟲中毒
脆無法私訊，但覺得沒關係
單身主義者
雖然是I人，但上網的時候會突然E人發瘋",遺書,non_life,
zhengyuchen433,鄭宇辰,"啊啊啊啊啊啊！！！！！
出貨了啊！！！！
黑貓假日會跑嗎？
不是週一就是明天，我好興奮啊！！！！",2026/1/17 08:55,"falcom愛好者、型月教徒
近期鬼滅水蟲中毒
脆無法私訊，但覺得沒關係
單身主義者
雖然是I人，但上網的時候會突然E人發瘋",遺書,non_life,
zhengyuchen433,鄭宇辰,"不算很重要的公告
義忍車《月下美人 續》標題之後更改為《匿愛》
義忍虐《廢案重生》目前後續的內容有參考《哥布林殺手》，所以有些場面會有微獵奇描寫，還有些比較現實的問題
煉義虐《眼眸深處》整篇都會是比較抑鬱黑暗的風格；甜會有，在結局的部分，中間不確定
然後，可以的話希望多一點留言啊😭🥹沒有太多互動是真的會懷疑自我，雙魚的沒安全感可是連這都能延伸的🥹🥹🥹",2026/1/17 02:24,"falcom愛好者、型月教徒
近期鬼滅水蟲中毒
脆無法私訊，但覺得沒關係
單身主義者
雖然是I人，但上網的時候會突然E人發瘋",遺書,non_life,
zhengyuchen433,鄭宇辰,"好啦，來了啦，近1500字的前戲
正戲還在寫，但昨天的靈感攝影棚有點可怕有點我不能理解（遠目）
《重生》的部分這邊先提醒一下，目前沒放出來的部分有參考《哥布林殺手》所以會有微獵奇成分
（在水裡會放，但，是全部寫完才會移過去）",2026/1/16 11:27,"falcom愛好者、型月教徒
近期鬼滅水蟲中毒
脆無法私訊，但覺得沒關係
單身主義者
雖然是I人，但上網的時候會突然E人發瘋",遺書,non_life,
zhengyuchen433,鄭宇辰,"我有種年齡被婊的感覺⋯⋯
然後官方又在賣克黎了🤣🤣🤣
亞莉莎的那個顏色我真的不行😂😂😂
連小女兒黑兔都比亞莉莎的好",2026/1/16 10:45,"falcom愛好者、型月教徒
近期鬼滅水蟲中毒
脆無法私訊，但覺得沒關係
單身主義者
雖然是I人，但上網的時候會突然E人發瘋",遺書,non_life,
zhengyuchen433,鄭宇辰,"啊啊啊啊啊啊啊（土撥鼠尖叫）
我的竹炭本要來了！！！！！",2026/1/16 08:47,"falcom愛好者、型月教徒
近期鬼滅水蟲中毒
脆無法私訊，但覺得沒關係
單身主義者
雖然是I人，但上網的時候會突然E人發瘋",遺書,non_life,
zhengyuchen433,鄭宇辰,"認真覺得我的靈感一定在搞我⋯⋯
今天休息時間快樂的開著義忍車順便寫寫義忍虐文，中間翹頭晃去煉義攝影棚找找靈感，
然後⋯⋯
為什麼我他媽的一進門就看到大哥在狂幹義勇，而且還是dirty talk模式，然後富岡義勇一臉屈辱的享受（？？？）腰扭的非常騷的迎合（？？？？？）
我靜靜的關上攝影棚的門，關掉兩個word檔
打開PS5，去宋朝找業將軍要我的金色長槍",2026/1/15 20:41,"falcom愛好者、型月教徒
近期鬼滅水蟲中毒
脆無法私訊，但覺得沒關係
單身主義者
雖然是I人，但上網的時候會突然E人發瘋",遺書,non_life,
zhengyuchen433,鄭宇辰,雖然Q版基本不收，但都看到了😆,2026/1/15 00:38,"falcom愛好者、型月教徒
近期鬼滅水蟲中毒
脆無法私訊，但覺得沒關係
單身主義者
雖然是I人，但上網的時候會突然E人發瘋",遺書,non_life,
zhengyuchen433,鄭宇辰,"Ok
馬年圓滿了
至於幽浮下訂的⋯⋯到了再說，
看看到時會不會把剩下三個補上",2026/1/14 20:03,"falcom愛好者、型月教徒
近期鬼滅水蟲中毒
脆無法私訊，但覺得沒關係
單身主義者
雖然是I人，但上網的時候會突然E人發瘋",遺書,non_life,
zhengyuchen433,鄭宇辰,出發星漫坊，會帶這四張多的過去，有想要的朋友我們現場交換,2026/1/14 19:11,"falcom愛好者、型月教徒
近期鬼滅水蟲中毒
脆無法私訊，但覺得沒關係
單身主義者
雖然是I人，但上網的時候會突然E人發瘋",遺書,non_life,
zhengyuchen433,鄭宇辰,"下午去的時候沒有🫠
幹該去嗎⋯⋯我幽浮有下單了說⋯⋯",2026/1/14 18:55,"falcom愛好者、型月教徒
近期鬼滅水蟲中毒
脆無法私訊，但覺得沒關係
單身主義者
雖然是I人，但上網的時候會突然E人發瘋",遺書,non_life,
zhengyuchen433,鄭宇辰,"靠杯（🤦）
車文光前戲就寫了快1500字
還沒進入正題，是不是該刪減一下",2026/1/14 08:50,"falcom愛好者、型月教徒
近期鬼滅水蟲中毒
脆無法私訊，但覺得沒關係
單身主義者
雖然是I人，但上網的時候會突然E人發瘋",遺書,non_life,
zhengyuchen433,鄭宇辰,幹🤣燕雲你,2026/1/13 11:17,"falcom愛好者、型月教徒
近期鬼滅水蟲中毒
脆無法私訊，但覺得沒關係
單身主義者
雖然是I人，但上網的時候會突然E人發瘋",遺書,non_life,
zhengyuchen433,鄭宇辰,防盜版🤣🤣🤣,2026/1/13 11:06,"falcom愛好者、型月教徒
近期鬼滅水蟲中毒
脆無法私訊，但覺得沒關係
單身主義者
雖然是I人，但上網的時候會突然E人發瘋",遺書,non_life,
zhengyuchen433,鄭宇辰,"我覺得我要證明一下，小夫妻情趣生活的部分還是有在寫
只是車文很卡（遠目）
同時開三篇我也是醉了",2026/1/12 10:59,"falcom愛好者、型月教徒
近期鬼滅水蟲中毒
脆無法私訊，但覺得沒關係
單身主義者
雖然是I人，但上網的時候會突然E人發瘋",遺書,non_life,
zhengyuchen433,鄭宇辰,也太可愛了，還自備蔥🥰,2026/1/11 22:28,"falcom愛好者、型月教徒
近期鬼滅水蟲中毒
脆無法私訊，但覺得沒關係
單身主義者
雖然是I人，但上網的時候會突然E人發瘋",遺書,non_life,
zhengyuchen433,鄭宇辰,難得早下班，來訪許久未來的愛店,2026/1/11 22:01,"falcom愛好者、型月教徒
近期鬼滅水蟲中毒
脆無法私訊，但覺得沒關係
單身主義者
雖然是I人，但上網的時候會突然E人發瘋",遺書,non_life,
zhengyuchen433,鄭宇辰,"梶浦真的是神，空境七首都很符合劇情
但為什麼看著這歌詞突然覺得好適合寫義忍啊😭😭😭
而且是很虐的那種
「請用你的雙眸，為我留下個吻
為我留下愛過的痕跡」好喜歡這句
youtu.be/tAjDz…",2026/1/11 11:53,"falcom愛好者、型月教徒
近期鬼滅水蟲中毒
脆無法私訊，但覺得沒關係
單身主義者
雖然是I人，但上網的時候會突然E人發瘋",遺書,non_life,
zhengyuchen433,鄭宇辰,"@ayas929
@ayas929
來了（靈魂飄出）
炎音對話的部分莫名有種惡官代在討論陰謀的感覺⋯⋯",2026/1/10 21:12,"falcom愛好者、型月教徒
近期鬼滅水蟲中毒
脆無法私訊，但覺得沒關係
單身主義者
雖然是I人，但上網的時候會突然E人發瘋",遺書,non_life,
zhengyuchen433,鄭宇辰,"所以，消失的留言是什麼？？？
幹，我會很在意欸",2026/1/10 16:43,"falcom愛好者、型月教徒
近期鬼滅水蟲中毒
脆無法私訊，但覺得沒關係
單身主義者
雖然是I人，但上網的時候會突然E人發瘋",遺書,non_life,
zhengyuchen433,鄭宇辰,"更新後逼我退遊嗎？？？
戰鬥難度不讓人選，要選推薦一直跳回劇情，只能選絕境跟劇情
打開背包要看裝備跟道具全部沒小圖
選擇選項的反白框也消失，PS5玩家沒選擇權利嗎？只能用盲猜",2026/1/10 16:07,"falcom愛好者、型月教徒
近期鬼滅水蟲中毒
脆無法私訊，但覺得沒關係
單身主義者
雖然是I人，但上網的時候會突然E人發瘋",遺書,non_life,
zhengyuchen433,鄭宇辰,"寫煉義的義勇騷的超級自然，完全不卡就寫出來了（我一定要堅持是馬年害的）；
寫義忍夫妻情趣的車文義勇色誘卻卡到不行（遠目）
明明同樣是色誘啊⋯⋯",2026/1/10 11:10,"falcom愛好者、型月教徒
近期鬼滅水蟲中毒
脆無法私訊，但覺得沒關係
單身主義者
雖然是I人，但上網的時候會突然E人發瘋",遺書,non_life,
zhengyuchen433,鄭宇辰,"基於越寫越多，已經變成一個獨立篇章的關係
我決定跟《執念》一樣先放一些出來，
又是車又是虐後面還變成武俠小說，我是在寫《神鵰俠侶》嗎⋯⋯
開頭有之前釋出的部分",2026/1/9 01:46,"falcom愛好者、型月教徒
近期鬼滅水蟲中毒
脆無法私訊，但覺得沒關係
單身主義者
雖然是I人，但上網的時候會突然E人發瘋",遺書,non_life,
zhengyuchen433,鄭宇辰,"我在修羅我自己OTZ
開了一篇就又跑出一篇（躺屍）
標題暫時想不到，基本上虐，煉獄黑暗面大，
雖然有宇義但其實是單箭頭而且成分很低，
錆義的部分算是替身文學（國高中超愛《犬夜叉》致敬一下）
應該會變成長篇吧（遠目）
不會有車⋯應該、大概、我認為⋯
結局的部分還不確定，還沒想好⋯⋯
（道真公，我們可以不要都是虐嗎？）",2026/1/8 17:23,"falcom愛好者、型月教徒
近期鬼滅水蟲中毒
脆無法私訊，但覺得沒關係
單身主義者
雖然是I人，但上網的時候會突然E人發瘋",遺書,non_life,
zhengyuchen433,鄭宇辰,"幹🤣🤣🤣
還好我不會打麻將🤣🤣🤣",2026/1/8 17:09,"falcom愛好者、型月教徒
近期鬼滅水蟲中毒
脆無法私訊，但覺得沒關係
單身主義者
雖然是I人，但上網的時候會突然E人發瘋",遺書,non_life,
zhengyuchen433,鄭宇辰,"休假吃好料😍
感謝爸爸，火鍋也可以很高級",2026/1/8 13:37,"falcom愛好者、型月教徒
近期鬼滅水蟲中毒
脆無法私訊，但覺得沒關係
單身主義者
雖然是I人，但上網的時候會突然E人發瘋",遺書,non_life,
zhengyuchen433,鄭宇辰,"雖然說去年跟家母去日本的時候確實有參拜道真公，雖然不是本殿，
我也確實有跟道真公祈願希望多一點靈感，
但不是這樣的啊道真公，我是想要甜文，不是虐文啊，
為什麼明明擠出像是甜文的靈感最後都變成虐的
我記得我不是拜今井安比羅啊",2026/1/8 12:14,"falcom愛好者、型月教徒
近期鬼滅水蟲中毒
脆無法私訊，但覺得沒關係
單身主義者
雖然是I人，但上網的時候會突然E人發瘋",遺書,non_life,
zhengyuchen433,鄭宇辰,"這個時間點一邊吃著宵夜，一邊想著我到底要不要預約早上九點的健身房
但禮拜二練的腹肌還在痛⋯⋯",2026/1/8 01:12,"falcom愛好者、型月教徒
近期鬼滅水蟲中毒
脆無法私訊，但覺得沒關係
單身主義者
雖然是I人，但上網的時候會突然E人發瘋",遺書,non_life,
zhengyuchen433,鄭宇辰,"因為在某篇煉義大大的回覆好像有嚇到人，
所以我稍微說一下好了
雖然我主要是寫義忍，但我是雜食CP喔
童琴我也是寫過一篇的（只是寫的時間教主仇恨值很高，所以應該沒多少人注意到）
除了義忍，手頭上還有義炭、霞炭跟童琴（可能之後還會有一篇煉義）",2026/1/7 11:27,"falcom愛好者、型月教徒
近期鬼滅水蟲中毒
脆無法私訊，但覺得沒關係
單身主義者
雖然是I人，但上網的時候會突然E人發瘋",遺書,non_life,
zhengyuchen433,鄭宇辰,"幹，我沒看地獄樂，但這隻真的燒到我
媽的好帥啊！！！！
而且是三眼！鋼錶帶！黑色系！",2026/1/7 09:51,"falcom愛好者、型月教徒
近期鬼滅水蟲中毒
脆無法私訊，但覺得沒關係
單身主義者
雖然是I人，但上網的時候會突然E人發瘋",遺書,non_life,
zhengyuchen433,鄭宇辰,"不知道為什麼這幾天一直滑到一篇說「寫肉文是為了賺流量」的文
嗯⋯⋯ excuse me￼，是覺得肉文很好寫嗎？
對啦，如果是那種暴力式的肉文確實感覺蠻好寫的，不用想帶換詞、感受、動作轉換，很多網路小說的工口文都是這種的。
但問題是認真寫肉文根本不可能這樣寫啊！
先不說人物崩掉這點，光是文體跟文風就不搭嘎，這怎麼能接受！！！
光是想帶換詞跟觸感描寫就很累了，而且還要想這個動作合不合理，這個動作接到下一個動作順不順暢，衣服要怎麼脫才不出戲冷場
然後竟然有人可以說出「這是為了賺流量」！
WTF！我又不是靠這個吃飯的，我自己有工作，文都是在閒暇的時間寫的，我不否認有人看有人喜歡我的文會很高興，但我寫車，就是我想彌補原作沒有的缺憾，這是自產自足",2026/1/7 08:55,"falcom愛好者、型月教徒
近期鬼滅水蟲中毒
脆無法私訊，但覺得沒關係
單身主義者
雖然是I人，但上網的時候會突然E人發瘋",遺書,non_life,
zhengyuchen433,鄭宇辰,最後一天，善逸出來當電燈泡了🤣🤣🤣,2026/1/7 00:38,"falcom愛好者、型月教徒
近期鬼滅水蟲中毒
脆無法私訊，但覺得沒關係
單身主義者
雖然是I人，但上網的時候會突然E人發瘋",遺書,non_life,
zhengyuchen433,鄭宇辰,"@ayas929
@ayas929
可惡，妳成功了
短文，修飾不多，跟妳家的煉義非常不同
這篇義勇這麼騷一定是馬年害的",2026/1/7 00:31,"falcom愛好者、型月教徒
近期鬼滅水蟲中毒
脆無法私訊，但覺得沒關係
單身主義者
雖然是I人，但上網的時候會突然E人發瘋",遺書,non_life,
zhengyuchen433,鄭宇辰,"舊文轉移
當年看完《殺人考察（前）》立刻飆出的一篇，
其實有想過要不要改，
但想想現在的心境跟當時不一樣，
就算了
《空境》果然是每次看每次都會有不同的感觸的作品，今天一直在注意哪時候是式，哪時候是織，根源除了開頭還有哪時有出現",2026/1/6 19:20,"falcom愛好者、型月教徒
近期鬼滅水蟲中毒
脆無法私訊，但覺得沒關係
單身主義者
雖然是I人，但上網的時候會突然E人發瘋",遺書,non_life,
zhengyuchen433,鄭宇辰,"整個獨享廳就我一個🤣
人生第一次體驗到包場的快感🤣🤣🤣
可以好好享受兩儀夫妻的甜甜戀愛
（《殺人考察（前）》",2026/1/6 15:35,"falcom愛好者、型月教徒
近期鬼滅水蟲中毒
脆無法私訊，但覺得沒關係
單身主義者
雖然是I人，但上網的時候會突然E人發瘋",遺書,non_life,
zhengyuchen433,鄭宇辰,分批出貨的痛苦，還好電子版我也買了😂,2026/1/6 14:29,"falcom愛好者、型月教徒
近期鬼滅水蟲中毒
脆無法私訊，但覺得沒關係
單身主義者
雖然是I人，但上網的時候會突然E人發瘋",遺書,non_life,
zhengyuchen433,鄭宇辰,"慢慢消磨時間吧
休假因為家事服務被趕出家門😂
（其實只是打掃的時候沒PS5能玩）",2026/1/6 13:50,"falcom愛好者、型月教徒
近期鬼滅水蟲中毒
脆無法私訊，但覺得沒關係
單身主義者
雖然是I人，但上網的時候會突然E人發瘋",遺書,non_life,
i_am_little_jimmy,i_am_little_jimmy,"才看第一篇就忍不住掉眼淚
《無法送達的遺書—記那些在恐怖年代失落的人》",2025/7/18 12:41,自言自語 自說自話,遺書,pass,
i_am_little_jimmy,i_am_little_jimmy,寫考卷寫到一篇threads上的人該看的文章,2025/7/17 19:51,自言自語 自說自話,遺書,pass,
i_am_little_jimmy,i_am_little_jimmy,"不知道在小帳發會不會有人看到，但還是想推廣一下這個帳號，他們之前有在Facebook上面發弱勢家庭或是需要幫助的人，但是看起來很多人按讚卻沒什麼人實際提供協助，後來改在threads上面發這些文章，就開始有很多人提供物資跟捐款
他們都會詳細敘述他們的家庭背景以及身心狀況，關懷邊緣戶家庭，如果有人也想為當地提供一些協助可以參考看看",2025/7/17 13:55,自言自語 自說自話,遺書,pass,
i_am_little_jimmy,i_am_little_jimmy,"上了高中之後，我很恐懼跟爸媽說我的段考成績，即使我真的考得不差。
我就讀的學校算是前段，段考題自然也是有挑戰性的，即便分數落在70-80，也算是不錯的成績（算中上）。
有一次我數學考到78分（高一數學兩學期被死當後，高二下定決心追回來），很高興的跟父母分享我這學期的努力，結果只收到一句冷冷的：「才78分就厲害喔？」是，以整體來說是不厲害，但對我來說已經是很高的成績了。
我懼怕的是，父母永遠無法同理當代的我，他們的思想還留在過去，當我說高中的學業真的變難很多的時候，媽媽跟我說：「最好是這樣，騙我沒當過學生嗎？」是的媽媽，你在35年前讀的是高職夜校，我知道你是迫於生活才只能讀夜校，但時代、學校的體系不同，教學的內容又怎麼會一模一樣呢？
我害怕跟父母分享，又害怕他們看不見我的努力，害怕他們數落我，害怕被否定。",2025/7/17 13:23,自言自語 自說自話,遺書,pass,
i_am_little_jimmy,i_am_little_jimmy,"感到很無助
看到有人在準備術科就覺得
我果然還是放棄藝術好了
前幾天跟別人討論到
有錢人的孩子不是比較聰明，是比較不怕失敗
我覺得這個問題真的…困擾著我
我對美術的自信還沒有強大到我相信我能考上
我很害怕失敗 很怕蠟燭兩頭燒最後一場空
當跟爸媽提起想要考北藝的時候
總是看不到他們臉上的表情
想轉戰社會學 中文系 也會被問「未來要做什麼」
我很迷茫，一類在他們眼中就是一文不值
我們的社會還是被困在日治時代
一個崇尚「務實」的時代
當不成醫生、工程師，對律師沒興趣
為什麼職涯的選擇這麼狹隘呢？
要高三了，在學校自習備考，隔週還要暑輔
也會被問「哪有這麼多學可以上」
好矛盾
還問我暑假是不是該去找打工了
是不是該去工作
到底要幹嘛 到底要怎麼做
打出了一段很破碎的字
腦袋裡真的塞了太多太多東西",2025/7/15 13:06,自言自語 自說自話,遺書,pass,
souci_de_soi,souci_de_soi,"賀瓏公布遺書真的還滿蠢的吧
他貼出來，主要是為了證明「天殘自己的遺書都寫說沒有第三者，所以不是劈腿」
但如果要說不是劈腿，他自己貼文寫「和平分手，不是劈腿」就好了，有必要貼出遺書？
把女方遺書貼出來，讓大眾看出更多端倪
「不愛了」、「重重的甩他巴掌了」，還強調賀瓏還是她的寶貝
很明顯並不是女方想分手，而是賀瓏想分，女方算成全他
然後過沒多久迅速跟Albee同遊大阪，看起來還笑得很開心，前任為他自殺的事情看起來完全沒有影響
如果沒貼出遺書，我還不敢說天殘是為他自殺
遺書一貼出來，很明顯，天殘就是因為分手，不覺得還有理由活下去而自殺的
如果賀瓏不貼出遺書，大眾怎麼知道這些事？
貼出遺書對他自己更加不利，真不知道是什麼瞎操作。如果不拿女方遺書出來擋，搞不好還不會弄到薩泰爾要切割的程度",2025/6/23 21:28,"​哲學系。博士生。女性。
​哲學｜​女性論述｜法文｜專注力研究
​
​致力於將哲學原典做成漂亮的小碎片。
​​​每天都更清晰一點。
​​
​聯繫：https://line.me/ti/p/CXa75CTxPY",遺書,not_enough_posts,
mg.t.2016,mg.t.2016,"XGUGG 
哩間學校名氣升得好勁，面試題目好正路但都算幾難🤯
- 中文認字：
據聞要認啲好難既字，例如「搖晃」哩個level
- 英文認字：
流出左要認 “accident”; “geography”
懷疑個個家長都教左個朋友geography點讀🤡
咪玩啦，我中學先識，考個細路個老師都未必識解釋what “geography” is in English (which 我覺得咁先叫做識個英文字）. 既然geography通左天就預習下physics, kamistry哩啲單字吧
- 數學有題考得好好，但又係通左天個個都識分唔到高低😌
題型係 「用2,3,4,8 組成一條數學算式」
Pro tip: 答 4既3次方 = 8既2次方 🤩
面試過程中家長會聽校長講野~
現場家長聽到濕哂（流哂馬尿）🥹🥹🥹校長既演講動之以情，好真誠🥹🥹🥹
等你挑戰神校地位~
PS 哩間都係小遺書用家既top choices之一 😍 競爭好大，加油",2025/5/27 22:25,我不是補習佬,遺書,business,
mg.t.2016,mg.t.2016,"上到大學嗰陣機緣巧合接過單AL (supp) 既MATH & STAT，幫個中七妹妹補。
我無讀APPLIED MATH, MATH & STAT ，竟然都肯比錢我賺 嗰陣我要即刻自學番啲nCr 都幾刺激 。我好認真咁教但佢應該無心向學，純粹係比左舊錢補左習個心好過啲。算啦你hea我 最尾唯有我都hea番你 🤷‍♀️ 錢已袋
而家差唔多成科改名叫extended math M1。睇番個課程其實教啲野都算有用，除非大學全文科，否則應該點都用得著。建議唔討厭數學既點都take科M1 或者M2，不過M1 要求小心程度再高d…
所以原來我都可以教M1 !! 😎
未考過但PREDICTED GRADE 5** (source: trust me bro)",2025/5/27 18:45,我不是補習佬,遺書,business,
mg.t.2016,mg.t.2016,"尋日討論緊教小朋友數學要用多啲圖像幫佢visualize。坦白講 我都唔知點做最effective。 用紙筆畫（好似補習老師教書咁）又好似好凌亂，有時教佢列表 但好似對小朋友黎講太抽象。我估用實物，好似number blocks會好啲？
嗰啲排隊問題 種樹問題。。。以前教完一點就明。過哂啲小一面試後 隨口一問原來係會亂答/答錯🤦‍♀️ 
有少少嘔血 ，唔知係咪我地期望太高
事後講起圖像教學我太太問我點證明sin30=1/2。我求其答話畫下三角形就得架啦。點知佢整左啲咁既野出黎，丫…吹脹又幾創新喎～
(jm9，考慮個等邊三角形咪得🤡)",2025/5/26 02:31,我不是補習佬,遺書,business,
mg.t.2016,mg.t.2016,"讀數學系既人真係好勁，我有一絲諗過去讀但最後放棄左
讀大學最緊要梗係玩 同GPA 啦，仲同你學野咩。讀MATH major 可以周圍屈人機：
ECON: 去take 啲19 math model for economy ，d下條utility curve，唔洗用腦啦，ECON人勁多唔識微積分
ACCT: cost accounting 嗰啲section A1 難度 初中level。 mean 可能上到90幾分，但擺5**既你點會唔小心得過啲BBA bb
STAT: M2 嗰啲 都讀到，probability 同stat 簡直輕鬆，對手係 STAT bb
揀個教logic既通識course: 大把人唔明「你呀媽係女人唔代表唔係你呀媽唔係女人」，我識個law major 既啲邏輯都係咁L弱
FINA: 走去踩quant fin 人場吧。option pricing, GBM 哩啲只係應用，同數學系啲野無得比。記得我讀過啲乜9 financial modelling ，成班平均分30分，有個數學系痴線佬黎踩場攞90幾🤡
快啲Chok個靚GPA去歐洲exchange🤗",2025/5/24 14:06,我不是補習佬,遺書,business,
mg.t.2016,mg.t.2016,"我諗返起我小學嗰陣真係好乖好 pure 好 true，係中學先學識講粗口 (渣 ga 🤡)
記得初中嗰陣，有個中史老師有啲 on 居得嚟又好好恰，每堂個課室入面都一片混亂。有一次仲成班大大聲咁對住佢嗌 DLLM （再加啲侮辱性說話😳)，唔知以為我哋係 BAND 3。諗返真係好唔應該😭但實際都算係b1名校。
見到 QX 嗰單集體出貓覺得好小事，估唔到會上新聞
打交我中學以前都實有，不過哩頭打完 /「欺凌」個同學 (但未至於用腳踩)，轉頭又同佢 friend 返。有見過有兩個同學真心堅嬲，真係想開片打嘅時候，其他同學入面一定有幾個出嚟調停，唔會冷眼旁觀，始終驚出事同會後悔。對比下 SXX 嗰單，睇完其實有少少心寒 (我好 weak😭)。
結論 (or 廢話)，中學生係曳架啦好正常，唔想曳嘅話建議入 SPCC 🤗",2025/5/22 18:02,我不是補習佬,遺書,business,
mg.t.2016,mg.t.2016,"利率跌係供供既福音 😌
五猩猩： 兩分半鐘內做岩
Level 5:  做得岩 唔限時
唔識：唔夠資格做AA
AA：即刻答 唔準㩒按揭計數機
(應該係借左$P million，題目又打漏野）",2025/5/22 14:57,我不是補習佬,遺書,business,
mg.t.2016,mg.t.2016,"岩岩個WEEKEND新城市廣場5樓個恐龍公園發生咗單意外
大約夜晚7:30，喺灰色條SIR滑梯，有個大概6歲嘅小朋友流晒血，係流血不止嗰隻，條頸流到背脊都係，最後搞咗一輪白車送咗入院
其實呢條SIR滑梯望落都冇咩危險性，唔知係咪同其他小朋友撞到定點（我冇行埋去了解），我相信*就算*有其他相關人士都一定係唔小心
都明白咁大個小朋友，冇理由喺公園玩都要跟到足，不過見到呢單嘢之後有啲reflection： 
- 有啲公園嘅小朋友設施真係感覺好危險，例如爬到勁高嗰啲
- 有啲細路真係好粗魯 + 冇同理心
所以都係睇緊啲好...
希望受傷小朋友快啲冇事",2025/5/19 11:55,我不是補習佬,遺書,business,
mg.t.2016,mg.t.2016,"究竟私幼收生 / 直私小一收生有幾重既家長職業歧視？ 學校admission班不食人間煙火既人有幾熟悉啲職業或者title?
舉例，佢地知唔知以下既分別
- 銀行sales 低層好多VP，大公司極高層又係叫VP
- financial planner VS financial controller 
- partner (consulting firm) VS partner (自己既小生意）
亦都唔知多唔多家長會吹大自己😂
以下職業應該有優勢，admission 主任亦唔會唔明：
- 公墓猿
- 醫生
- 家庭主婦 
- 上市公司CEO / 主席
以下應該扣分
- 日校老師 （因為你一定唔可以好flexible 請假出席親子活動）
唔知如果我職業寫son會唔會加大分😍 （現實係打工9🥺)",2025/5/17 11:29,我不是補習佬,遺書,business,
mg.t.2016,mg.t.2016,"Weekend 要 family day 唔玩threads 了
（老婆話我淨係識掃threads 同痾屎, I will prove her wrong)
今日分享埋K2 奧數係咩 level 🤷‍♀️ 因為某一線名校（好多名人就讀）first in有問奧數style 問題。
例子1，請睇附圖，喺某大陸教數機構extract出黎既
Q2 都幾難，但面試考既話一定會simplify，家長們識唔識（教) ？
[警告：我覺得k2 小朋友數學未必迫得黎，唔好揠苗助長]
答：長方形areas of 1,2,3,4,6,9 分別有
9,12,6,4,4,1 個，所以答案係36😊
或者有啲天才兒童識得6x6 咁計🤣
例子2 ： 
A小朋友 同 B小朋友 總共有15 個offer。A比B多一個offer，問B 小朋友有幾多個offer ?
答：a+b=15, a-b=1, 解二元方程得出 b = 7  輕鬆～",2025/5/16 18:38,我不是補習佬,遺書,business,
mg.t.2016,mg.t.2016,"某神校 2nd in 
（希望無人反對佢係神校😌)
面試分兩part:
Part 1 校長傾計
校長好nice 咁問小朋友問題，無乜路可以捉因為佢會follow-up咁問。有唔少trap題。答岩既話應該攞左半個offer 🤩 
Sample 例子如下 （如有雷同 實屬巧合）:
1. (今日係星期二） 小朋友你前日有無番學呀？ 
答錯左校長會叫你行去問下媽媽岩唔岩。哩個時候 作為家長試下引導下佢 希望佢自己答番岩😌
2. 你鍾意爸爸定媽媽多啲？
 （btw 哩條問題真係聽過，個人覺得同問條女同呀媽跌落水救邊個先一樣咁on9)
3. 媽媽平時喺屋企鍾意做乜？
(答睇書啦，應該無死😊)
4. 你覺得你媽咪今日靚唔靚？
 （答） 靚，因為佢今日件嬲同條裙顏色好襯
 （追問） 乜你覺得佢尋日唔靚咩？
 哩個時候唔好啞左，要轉數快咁答 我話佢今日靚唔代表佢尋日唔靚bor!
但唔好串串貢，神校鍾意啲（望落）humble既學生
Part 2 學術
最難係考閱讀理解，黎緊整個sample 比大家feel下實際難度😇
（利申  早知唔去考，用左咁多時間又唔要覺得好浪費😌）",2025/5/16 13:58,我不是補習佬,遺書,business,
mg.t.2016,mg.t.2016,"一年一首年度最喜愛廣東歌
識性開始計 （2000）
2000 少女的祈禱
2001 最愛演唱會
2002 明年今日
2003 你有心
2004 小城大事
2005 如無意外
2006 最佳損友
2007 鍾無艷
2008 就算世界無童話
2009 你扯我扯
2000年度真係好多好歌好難揀 😛
01, 05 少冷門  有無同好🙏",2025/5/15 17:09,我不是補習佬,遺書,business,
mg.t.2016,mg.t.2016,"有幸參加MMA書院小學 小一面試，不過無要offer，喺到分享下面見題目。唔洗上面試班攞料，PM問我啦。
Pro Tips:
- 學校地點好清幽，面試嗰日一定塞車塞到傻，建議預多啲時間 唔好遲到
- 啲家長義工定老師唔知點解係講普通話（唔係廣東話），建議練好少少普通話，有北京腔更佳
First in:
- 比玩具小朋友揀黎玩。有槍，LEGO，畫畫。絕大部份揀LEGO，我地揀槍都突圍到。玩LEGO太造作啦，個個男仔都鍾意玩槍架啦，你鳩砌LEGO仲無記憶點。只要唔好好似警察咁攞把槍指住人就得架啦
- 考講故事。根據證人口供，佢講到成pat屎咁。其實男仔講野係渣啲，唔需要太擔心，講到key message就得
- 考英文題。focus on vocab not conversation
- 考數學題。條題目真係難，可以睇下各豬肉奧數比賽K既題目參考下。我地答岩左，估計哩條加好多分，甚至保到入second in
下次再講second in 問乜，我喺後面聽覺得題目真心難，唔係點揀到宇宙級既學生😎",2025/5/14 17:16,我不是補習佬,遺書,business,
mg.t.2016,mg.t.2016,"好多年前補過中學生數理科同英文，遇過兩個幾大既挑戰
1. 中六嗰陣幫個中四補 CE Add Math
但讀一間傳統名校，而哩間學校最吊詭係會考無開 Add Math，而預科係有一班讀 Pure Math 的🤡。眾周知，F5 附加數 係 F7 純綷數學既 prerequisite。點解學校唔開？而且間學校既學生普遍數底唔弱
個學生自修，而且數底唔好。估計都唔太努力，只靠一星期幾個鐘既“外補”根本完全唔夠 😐
結果應該考得唔好（應該無 C）。咁自修哩科完全係曬氣
哩次第一次幫人私補就教科 會考黎講算係難既野，錢無乜 (100 蚊 但十幾年前) 純攞下經驗
該番轉頭 其實我應該開小班教學，針對哩間無開 amath 既學校學生，一個星期開多幾堂黎令多d學生受益 (唔係賺多啲🤑)
而家d 中學生已經好有商業頭腦，識賺好多零用👍 以前我真心唔夠醒
大家估唔估到係邊間學校咁奇芭？
另一單係 幫中七補 AS level Math & Stat 遲啲講",2025/5/14 10:49,我不是補習佬,遺書,business,
ivanhe865,Ivan Ho,"日本專門做臨終關懷的護士將1,000位患者的臨終遺書整理成了一本書：
臨終前會後悔的25件事
其中前五名是：
1、沒有做自己想做的事情。
2、被情緒左右渡過一生。
3、大部份時間都用來工作。
4、沒能談一場永存於記憶中的戀愛。
5、沒能去想去的地方旅行。",2025/8/22 17:11,"There will always be things that force us to change in life, so we should thank those who stayed with us as we grow.",遺書,non_life,
ivanhe865,Ivan Ho,"1. Be proactive. 
2. Begin with the end in mind. 
3. Put first thing first. 
4. Think win-win. 
5. Seek first to understand then to be understood. 
6. Synergize. 
7. Sharpen the saw. 
The seven habits of highly effective people.",2025/8/22 17:04,"There will always be things that force us to change in life, so we should thank those who stayed with us as we grow.",遺書,non_life,
ivanhe865,Ivan Ho,"陪伴，是一種承接住對方狀態的過程，但也須為彼此設下界線。
若在陪伴的關係中，沒有界限的維護，則可能相互的侵犯或壓迫了對方的身心需求，造成更多的傷害。
「畫出界限」是，我知道我和你是不同的，我的感受與需求不會是你的感受與需求，因為我知道這樣的不同，所以我尊重與包容你所呈現出的模樣與狀態，但這不會干擾我，我仍知道自己的立場與角色，甚至是我的感覺與想法。",2025/8/21 11:21,"There will always be things that force us to change in life, so we should thank those who stayed with us as we grow.",遺書,non_life,
ivanhe865,Ivan Ho,境隨心轉、相由心生。,2025/8/14 18:21,"There will always be things that force us to change in life, so we should thank those who stayed with us as we grow.",遺書,non_life,
star_psc,星⭐️PSC,"《因為遺言暫時延後去死》
（台蹦譯《因為遺言暫時延後死去這件事》）
等讀墨等了好幾天終於入手
未成年請繞道🙏
當初看到白金只強調對用詞很嚴格的時候
我是有點擔心文筆問題的
結果這本閱讀起來流暢到不行
也不會有奇怪的贅詞
感謝譯者的功力與出版社的用心
非常值得紙電雙收大力支持🥹
看了小說
就覺得漫畫的改編呈現得很完整
雖然步調不快
但真的非常好看
殘酷的地下城題材加上PTSD描寫
因為尚未追到完結所以我不會先寫推薦文
不過大力推薦對地下城系統題材有興趣的入坑",2025/12/28 12:19,"可簡稱我星
這邊會發一些個人喜歡的小說漫畫心得（主BL）
也會當半個繪帳偶爾放作品
🚫禁止轉載、禁止餵食AI🚫
作品會整理在這個帳號的IG",遺言,non_life,
star_psc,星⭐️PSC,"畫完忍不住笑出來
好歪的超級星星XDDD",2025/12/27 15:14,"可簡稱我星
這邊會發一些個人喜歡的小說漫畫心得（主BL）
也會當半個繪帳偶爾放作品
🚫禁止轉載、禁止餵食AI🚫
作品會整理在這個帳號的IG",遺言,non_life,
star_psc,星⭐️PSC,"我本來只打算練習線稿
為什麼圖層越畫越多www
CSP就沒開錄影了
我怕我的平板撐不住🥹",2025/12/27 00:05,"可簡稱我星
這邊會發一些個人喜歡的小說漫畫心得（主BL）
也會當半個繪帳偶爾放作品
🚫禁止轉載、禁止餵食AI🚫
作品會整理在這個帳號的IG",遺言,non_life,
star_psc,星⭐️PSC,"感謝台蹦的活動
讓我拿下這麼可愛的作品
未成年請繞道
《變溫動物》
一部用可愛的劇情
包裝著有點哀傷的故事的作品
當初試閱第一話的時候覺得有趣
就收入清單了
作者作畫與說故事的功力一流
是一部可以順順完食的長篇
也有幾個賺人熱淚的橋段
不過有些比較虐的地方
都被輕輕的帶過了
結局也收在了最美好的時候
仔細想想設定的話
像是兩對CP的壽命差
終將再面臨死別
還有即將永別的山神爺爺等等
這也是作者留給讀者自己去想像的惆悵與溫柔吧
其中讓我有點意外的是攻的設定
原先看外表+蛇的原型
還以為是比較冰冷嚴肅的角色
結果卻是一條有點少女心的溫柔蛇蛇
這反差非常可愛
☺️
話說我還以為可以看到重口的人蛇play
沒想到作者畫一半就縮了
好可惜
😋😋",2025/12/26 18:16,"可簡稱我星
這邊會發一些個人喜歡的小說漫畫心得（主BL）
也會當半個繪帳偶爾放作品
🚫禁止轉載、禁止餵食AI🚫
作品會整理在這個帳號的IG",遺言,non_life,
star_psc,星⭐️PSC,"一口氣全買了
C也乾了🥹🥹🥹",2025/12/25 00:13,"可簡稱我星
這邊會發一些個人喜歡的小說漫畫心得（主BL）
也會當半個繪帳偶爾放作品
🚫禁止轉載、禁止餵食AI🚫
作品會整理在這個帳號的IG",遺言,non_life,
star_psc,星⭐️PSC,"來選一下我看過的絕世好攻
感謝脆友提供的表格
我看的作品不夠多
有點硬湊XD
夠可愛得人疼的也算好攻吧😂",2025/12/23 21:03,"可簡稱我星
這邊會發一些個人喜歡的小說漫畫心得（主BL）
也會當半個繪帳偶爾放作品
🚫禁止轉載、禁止餵食AI🚫
作品會整理在這個帳號的IG",遺言,non_life,
star_psc,星⭐️PSC,"這幾個月台蹦的活動突然變多
我記得之前不會特價得這麼頻繁耶
既開心但又超傷荷包🥹
以後每個月的安全線要拉到2000C才夠嗎😭",2025/12/23 00:31,"可簡稱我星
這邊會發一些個人喜歡的小說漫畫心得（主BL）
也會當半個繪帳偶爾放作品
🚫禁止轉載、禁止餵食AI🚫
作品會整理在這個帳號的IG",遺言,non_life,
star_psc,星⭐️PSC,"突然發現最近CSP有簽到活動
開了就順便久違的練個筆
這應該不會被祖吧",2025/12/21 19:53,"可簡稱我星
這邊會發一些個人喜歡的小說漫畫心得（主BL）
也會當半個繪帳偶爾放作品
🚫禁止轉載、禁止餵食AI🚫
作品會整理在這個帳號的IG",遺言,non_life,
star_psc,星⭐️PSC,今天畫男角✍️,2025/12/20 20:26,"可簡稱我星
這邊會發一些個人喜歡的小說漫畫心得（主BL）
也會當半個繪帳偶爾放作品
🚫禁止轉載、禁止餵食AI🚫
作品會整理在這個帳號的IG",遺言,non_life,
star_psc,星⭐️PSC,"竟然是請來其它BL作品的翻譯
Light新世界你們真的很懂S級🤣🤣
《邂逅》翻譯的水準很棒👍
facebook.com/share…",2025/12/18 19:20,"可簡稱我星
這邊會發一些個人喜歡的小說漫畫心得（主BL）
也會當半個繪帳偶爾放作品
🚫禁止轉載、禁止餵食AI🚫
作品會整理在這個帳號的IG",遺言,non_life,
star_psc,星⭐️PSC,"感覺Line webtoon的Kakao轉學生們
畫質似乎有調到他們平台的正常水準了
查了有追的幾部都感覺有變好
有買作品的快去確認看看👍
但是台蹦的還沒更新喔",2025/12/16 20:35,"可簡稱我星
這邊會發一些個人喜歡的小說漫畫心得（主BL）
也會當半個繪帳偶爾放作品
🚫禁止轉載、禁止餵食AI🚫
作品會整理在這個帳號的IG",遺言,non_life,
star_psc,星⭐️PSC,"陸續撥空看完轉學生的試閱
要不是因為畫質而踩剎車
我的C應該已經噴光了💸💸
可惡都好想收😭",2025/12/15 20:30,"可簡稱我星
這邊會發一些個人喜歡的小說漫畫心得（主BL）
也會當半個繪帳偶爾放作品
🚫禁止轉載、禁止餵食AI🚫
作品會整理在這個帳號的IG",遺言,non_life,
encryption_431,他人即地獄,"看到Hololive信件想說自己最近買了啥
原來是水母❌ シオン的畢業親簽
holo已經買到每次出貨都跟驚喜一樣了",2025/11/18 12:52,"不想用本帳的裏垢。 
 
腐女子、hololive箱推、佛系追星：歐美日韓的歌都聽就是不愛中文歌。
 
興趣是花錢，脆是最近最大的入坑管道。 
積讀徒です。",遺言,non_life,
encryption_431,他人即地獄,"芙莉蓮金屬海報到貨了
本人真的美到不行
看完默默收回去，還在考慮之後要擺哪裡",2025/11/15 21:47,"不想用本帳的裏垢。 
 
腐女子、hololive箱推、佛系追星：歐美日韓的歌都聽就是不愛中文歌。
 
興趣是花錢，脆是最近最大的入坑管道。 
積讀徒です。",遺言,non_life,
encryption_431,他人即地獄,"日本Amazon的Audible前三個月¥99
訂閱就可以聽有聲書了！
有整套的沈默魔女和小書痴可以聽🫶🏻🫶🏻",2025/11/15 12:54,"不想用本帳的裏垢。 
 
腐女子、hololive箱推、佛系追星：歐美日韓的歌都聽就是不愛中文歌。
 
興趣是花錢，脆是最近最大的入坑管道。 
積讀徒です。",遺言,non_life,
encryption_431,他人即地獄,"原本以為這趟去日本可以順便拿到船長藍光🥲
被延期了嗚嗚",2025/11/14 22:59,"不想用本帳的裏垢。 
 
腐女子、hololive箱推、佛系追星：歐美日韓的歌都聽就是不愛中文歌。
 
興趣是花錢，脆是最近最大的入坑管道。 
積讀徒です。",遺言,non_life,
encryption_431,他人即地獄,"手滑就買了我培育的S級韓版實體漫畫👋🏻
之前才把韓版小說包回來
aladin.co.kr/event…",2025/11/14 11:54,"不想用本帳的裏垢。 
 
腐女子、hololive箱推、佛系追星：歐美日韓的歌都聽就是不愛中文歌。
 
興趣是花錢，脆是最近最大的入坑管道。 
積讀徒です。",遺言,non_life,
encryption_431,他人即地獄,"大家bookwalker的閱讀器都選什麼呢？
我之前使用Boox結果日版app文字完全不能看，會一直出現重整的符號。
台版的往前刷版本再更新的話就可以正常使用，
但真的很不喜歡這種一更新就有可能看不到的感覺，後來便宜賣掉了。
但我還是很喜歡電子紙看書的感覺…還不會被訊息打擾….
但我全部的書都買在台版跟日版bookwalker（兩個帳號用不一樣的）
奔潰",2025/11/13 17:52,"不想用本帳的裏垢。 
 
腐女子、hololive箱推、佛系追星：歐美日韓的歌都聽就是不愛中文歌。
 
興趣是花錢，脆是最近最大的入坑管道。 
積讀徒です。",遺言,non_life,
encryption_431,他人即地獄,"之前看剪影還猜是船長跟ラミィ，
結果 「哈哈都是我35啦」
當時覺得呆毛不太對勁，果然沒有懷疑錯嗎",2025/11/13 13:29,"不想用本帳的裏垢。 
 
腐女子、hololive箱推、佛系追星：歐美日韓的歌都聽就是不愛中文歌。
 
興趣是花錢，脆是最近最大的入坑管道。 
積讀徒です。",遺言,non_life,
encryption_431,他人即地獄,"買PS5的原因
是為了看演唱會藍光版
下週一還要預購すいちゃん的",2025/11/12 17:45,"不想用本帳的裏垢。 
 
腐女子、hololive箱推、佛系追星：歐美日韓的歌都聽就是不愛中文歌。
 
興趣是花錢，脆是最近最大的入坑管道。 
積讀徒です。",遺言,non_life,
encryption_431,他人即地獄,"電子書與紙本書，
兩個都要買才有安全感呀
更喜歡的作品還要加上原文版的電子書與紙本🫶🏻",2025/11/10 17:34,"不想用本帳的裏垢。 
 
腐女子、hololive箱推、佛系追星：歐美日韓的歌都聽就是不愛中文歌。
 
興趣是花錢，脆是最近最大的入坑管道。 
積讀徒です。",遺言,non_life,
encryption_431,他人即地獄,"沈黙の魔女腦粉，
收了日台版電子書之後又收了台版實體書，
這次連日版實體也全收了🫶🏻🫶🏻
繼小書痴之後最愛的一套日輕，可惜日版小說都沒封膜，只好自己來
（結界外傳只有這次沒有收）",2025/11/8 16:46,"不想用本帳的裏垢。 
 
腐女子、hololive箱推、佛系追星：歐美日韓的歌都聽就是不愛中文歌。
 
興趣是花錢，脆是最近最大的入坑管道。 
積讀徒です。",遺言,non_life,
cxxul._14,cxxul._14,把遺言寫好就離開吧,2025/12/28 18:37,"重度憂鬱症患者｜功能性神經障礙患者
- - 
只是一個想被愛的15歲女生",遺言,pass,
cxxul._14,cxxul._14,好像又撐不住了 哈哈,2025/12/28 18:37,"重度憂鬱症患者｜功能性神經障礙患者
- - 
只是一個想被愛的15歲女生",遺言,pass,
cxxul._14,cxxul._14,我媽當著我的面跟醫生說「我覺得他根本就是不想好 不想配合治療」哈哈 我無言 沒事 那就這樣想我吧,2025/12/28 14:03,"重度憂鬱症患者｜功能性神經障礙患者
- - 
只是一個想被愛的15歲女生",遺言,pass,
cxxul._14,cxxul._14,"讓對象留下幸福的眼淚
脫下衣服就要幫她穿上婚紗
提供情緒價值發自內心的誇獎女生的穿搭長相
甚至我覺得能愛女生愛到讓他自信起來的男生
才是最頂的",2025/12/28 13:59,"重度憂鬱症患者｜功能性神經障礙患者
- - 
只是一個想被愛的15歲女生",遺言,pass,
cxxul._14,cxxul._14,一個支持 一個肯定 很難嗎,2025/12/28 01:05,"重度憂鬱症患者｜功能性神經障礙患者
- - 
只是一個想被愛的15歲女生",遺言,pass,
cxxul._14,cxxul._14,還記得去年的時候我因為校園霸凌的關係一進學校就恐慌甚至暈倒 我媽媽跟姊姊後面慢慢覺得不對勁 開始聽我的經歷 這過程我爸都還沒有參與 最後要轉學 我媽決定找老師討一個說法 結果我媽把我的經歷說出來的時候 我爸也在旁邊 我媽說我爸哭了 結束後 我爸就傳這個訊息來 或許在你們眼裡不是什麼很重要的 但是這句話 我等了好久好久⋯,2025/12/28 01:00,"重度憂鬱症患者｜功能性神經障礙患者
- - 
只是一個想被愛的15歲女生",遺言,pass,
cxxul._14,cxxul._14,"其實我不用你替我打他們什麼的 我只是想要一個安慰一個支持 一句「
女兒 有爸爸媽媽在 別怕
」",2025/12/28 00:03,"重度憂鬱症患者｜功能性神經障礙患者
- - 
只是一個想被愛的15歲女生",遺言,pass,
cxxul._14,cxxul._14,怎麼又地震了⋯,2025/12/27 23:08,"重度憂鬱症患者｜功能性神經障礙患者
- - 
只是一個想被愛的15歲女生",遺言,pass,
cxxul._14,cxxul._14,連我看著都害怕的疤何況你們,2025/12/27 13:46,"重度憂鬱症患者｜功能性神經障礙患者
- - 
只是一個想被愛的15歲女生",遺言,pass,
cxxul._14,cxxul._14,"為了讓大家好辨識
我準備離開了名字就改成
在見
還在努力生活名字就是
快快長大",2025/12/27 13:37,"重度憂鬱症患者｜功能性神經障礙患者
- - 
只是一個想被愛的15歲女生",遺言,pass,
cxxul._14,cxxul._14,我的懂事沒有帶來一絲好處 只帶來了無盡的霸凌謾罵,2025/12/26 23:40,"重度憂鬱症患者｜功能性神經障礙患者
- - 
只是一個想被愛的15歲女生",遺言,pass,
cxxul._14,cxxul._14,這世界有時候善待我們一點 可能就不會有那麼多人自殺了 先不管別人說他憂鬱症是不是真的 在你不了解情況說出這些 如果他真的憂鬱症你不會覺得你說的話會傷到他嗎 說真的 善良點吧,2025/12/26 10:17,"重度憂鬱症患者｜功能性神經障礙患者
- - 
只是一個想被愛的15歲女生",遺言,pass,
cxxul._14,cxxul._14,對 沒錯 很多人都比我慘 但不代表我的痛苦就不存在,2025/12/25 19:30,"重度憂鬱症患者｜功能性神經障礙患者
- - 
只是一個想被愛的15歲女生",遺言,pass,
cxxul._14,cxxul._14,會有人想聽我的故事嗎 但說出來應該會被罵很慘 哈哈,2025/12/25 19:27,"重度憂鬱症患者｜功能性神經障礙患者
- - 
只是一個想被愛的15歲女生",遺言,pass,
cxxul._14,cxxul._14,怎麼辦 我好想跳下去 我的心好痛,2025/12/25 19:17,"重度憂鬱症患者｜功能性神經障礙患者
- - 
只是一個想被愛的15歲女生",遺言,pass,
cxxul._14,cxxul._14,讓我死去吧 就這樣 讓我死去吧,2025/12/25 19:16,"重度憂鬱症患者｜功能性神經障礙患者
- - 
只是一個想被愛的15歲女生",遺言,pass,
cxxul._14,cxxul._14,怎麼辦 好想哭 好想大聲的哭,2025/12/25 19:16,"重度憂鬱症患者｜功能性神經障礙患者
- - 
只是一個想被愛的15歲女生",遺言,pass,
cxxul._14,cxxul._14,跨年跟喜歡的人過完後就離開吧 累了,2025/12/25 19:14,"重度憂鬱症患者｜功能性神經障礙患者
- - 
只是一個想被愛的15歲女生",遺言,pass,
cxxul._14,cxxul._14,憂鬱症不是你們可以拿來當流量密碼的疾病,2025/12/25 18:44,"重度憂鬱症患者｜功能性神經障礙患者
- - 
只是一個想被愛的15歲女生",遺言,pass,
cxxul._14,cxxul._14,她硬撐著 不吞藥 不自殘 不跳樓 不哭不鬧 所有人都覺得她好了 但她早已不是真實的她 每個人都說「你可以做自己 不必要那麼懂事」但是在她做自己的時候 卻被罵 被打 被說「你怎麼可以那麼不懂事」今天刷牙的時候我看見她哭了 我想為她擦去眼淚抱抱她 但發現 我碰到的是鏡子,2025/12/25 12:26,"重度憂鬱症患者｜功能性神經障礙患者
- - 
只是一個想被愛的15歲女生",遺言,pass,
cxxul._14,cxxul._14,不去海邊了 不活了 好累,2025/12/25 12:15,"重度憂鬱症患者｜功能性神經障礙患者
- - 
只是一個想被愛的15歲女生",遺言,pass,
cxxul._14,cxxul._14,慢慢的我開始不敢講話 怕情緒影響大家,2025/12/25 12:14,"重度憂鬱症患者｜功能性神經障礙患者
- - 
只是一個想被愛的15歲女生",遺言,pass,
cxxul._14,cxxul._14,好想離開 從幾樓跳下去一定會死啊 五樓可以嗎,2025/12/25 12:08,"重度憂鬱症患者｜功能性神經障礙患者
- - 
只是一個想被愛的15歲女生",遺言,pass,
cxxul._14,cxxul._14,所以呢 有誰又在乎我 沒有人在乎我的感受 我還不如離開,2025/12/25 12:07,"重度憂鬱症患者｜功能性神經障礙患者
- - 
只是一個想被愛的15歲女生",遺言,pass,
cxxul._14,cxxul._14,其實我挺累的 想結束了,2025/12/25 12:07,"重度憂鬱症患者｜功能性神經障礙患者
- - 
只是一個想被愛的15歲女生",遺言,pass,
cxxul._14,cxxul._14,今天是聖誕節 聖誕節快樂 希望下一個聖誕節還有留言區的各位💕🎄,2025/12/25 11:23,"重度憂鬱症患者｜功能性神經障礙患者
- - 
只是一個想被愛的15歲女生",遺言,pass,
cxxul._14,cxxul._14,父母的言語 同學的言語 憂鬱症的軀體化 足夠壓垮一個15歲有著醫學夢的女孩,2025/12/25 11:00,"重度憂鬱症患者｜功能性神經障礙患者
- - 
只是一個想被愛的15歲女生",遺言,pass,
cxxul._14,cxxul._14,"哥哥姐姐們 我累了 
如果要去看海的話也帶著我的份一起看吧
如果要去唱歌可以唱一首這個年紀給我聽聽嗎
如果要出國可以帶著我的份一起玩的開心嗎
如果要去海邊奔跑可以帶著我的份開心的跑嗎
如果 我是說如果 如果你願意 帶著我的份開心的生活吧
讓我在天上好好的看著你們開心 我喜歡看別人笑
我離開應該是上天堂吧 應該吧 或許吧
我先幫你們看看離開的世界長怎樣
如果是快樂世界我就等你們
如果是地獄那我就禱告你們永遠不會離開",2025/12/24 18:07,"重度憂鬱症患者｜功能性神經障礙患者
- - 
只是一個想被愛的15歲女生",遺言,pass,
cxxul._14,cxxul._14,你看到我的疤 你還會牽起我的手嗎,2025/12/24 17:59,"重度憂鬱症患者｜功能性神經障礙患者
- - 
只是一個想被愛的15歲女生",遺言,pass,
cxxul._14,cxxul._14,對不起 是我的錯 我不該活著,2025/12/24 17:58,"重度憂鬱症患者｜功能性神經障礙患者
- - 
只是一個想被愛的15歲女生",遺言,pass,
cxxul._14,cxxul._14,在全世界都質疑我的時候 我也開始質疑我自己,2025/12/24 17:57,"重度憂鬱症患者｜功能性神經障礙患者
- - 
只是一個想被愛的15歲女生",遺言,pass,
cxxul._14,cxxul._14,生病之後得來的愛 我不想要,2025/12/24 09:30,"重度憂鬱症患者｜功能性神經障礙患者
- - 
只是一個想被愛的15歲女生",遺言,pass,
cxxul._14,cxxul._14,我愛你 勝過愛我自己,2025/12/21 18:35,"重度憂鬱症患者｜功能性神經障礙患者
- - 
只是一個想被愛的15歲女生",遺言,pass,
cxxul._14,cxxul._14,我不怕 帶我走,2025/12/21 18:34,"重度憂鬱症患者｜功能性神經障礙患者
- - 
只是一個想被愛的15歲女生",遺言,pass,
cxxul._14,cxxul._14,我能說什麼 我其實有點無奈 我只是實話實說 國一的我成績爛到一個爆炸 倒數後三的那種 有唸書 但是上課的時候上課 下課的時候跟大家一起玩 後面我想拼一下所以我每天都在唸書一個禮拜甚至睡不到六小時 每天手上都拿著單字本 每天讀書讀到晚上兩三點 然後因為通勤 學校離家裡遠所以四點要起床 每天都很累但是成功沖上第一名 我很開心 看著父母驕傲我也很開心 但因為國三生病 我幾乎是認不了字 都要用注音符號來輔助 甚至數學很多都不會了 書本只剩三四年級以下的看得懂 其實說真的看到這個留言我也希望我是抄的 但沒辦法 這就是我的經歷,2025/12/21 12:18,"重度憂鬱症患者｜功能性神經障礙患者
- - 
只是一個想被愛的15歲女生",遺言,pass,
cxxul._14,cxxul._14,"好像一直都沒有跟大家介紹我自己
- -
可以叫我小璞
99年光復寶寶 新北人
患有重鬱 恐慌 焦慮 功能性神經障礙
自殺過兩次 跳樓跟吞藥
目前是自學生在家休養
很愛搞笑 很像小太陽 可以來認識
會一點點爵士鼓 吉他 滑板
喜歡看海 玩水
- -
我有一個夢想就是跟網上的朋友們組在一起 一起辦個四天三夜的旅行",2025/12/21 09:23,"重度憂鬱症患者｜功能性神經障礙患者
- - 
只是一個想被愛的15歲女生",遺言,pass,
cxxul._14,cxxul._14,你們因為我自殺而哭的原因是因為我是你們「女兒」還是因為我是「我」,2025/12/21 09:17,"重度憂鬱症患者｜功能性神經障礙患者
- - 
只是一個想被愛的15歲女生",遺言,pass,
cxxul._14,cxxul._14,很多人都說你要跳也從五樓跳下去吧從三樓跳當然不會死 但其實我只是想脫離痛苦 但我不想死 我想活著 想完成我的夢想 所以在我難受的時候 我看到窗戶就想跳 自然就不會跑到頂樓 但我慶幸我家只有三樓,2025/12/21 06:08,"重度憂鬱症患者｜功能性神經障礙患者
- - 
只是一個想被愛的15歲女生",遺言,pass,
cxxul._14,cxxul._14,我不想治了 你帶我去看海喝酒大喊好不好,2025/12/20 22:25,"重度憂鬱症患者｜功能性神經障礙患者
- - 
只是一個想被愛的15歲女生",遺言,pass,
cxxul._14,cxxul._14,誰能想像一個曾經在班排第一的人會因為得憂鬱症被迫自學並且程度退化到小學三四年級 誰又能想像他自己一個人是怎麼撐過來的,2025/12/20 21:21,"重度憂鬱症患者｜功能性神經障礙患者
- - 
只是一個想被愛的15歲女生",遺言,pass,
cxxul._14,cxxul._14,我可以內耗到什麼程度 內耗到看到北捷事件第一反應是為什麼被殺的人不是我 而是那些小天使,2025/12/20 15:18,"重度憂鬱症患者｜功能性神經障礙患者
- - 
只是一個想被愛的15歲女生",遺言,pass,
cxxul._14,cxxul._14,小時候能用一根棒棒糖就能收買原諒別人的我 現在也是 所以這就是為什麼我會一次又一次的一直被霸凌,2025/12/19 21:30,"重度憂鬱症患者｜功能性神經障礙患者
- - 
只是一個想被愛的15歲女生",遺言,pass,
cxxul._14,cxxul._14,雖然很討厭阿嬤的情勒 但看她因為我要離開而哭 我卻開始難過 內耗 阿嬤曾經對我做過很多很過分的 但似乎她哭的那刻我都原諒了 我只能說出連我都不太信的那句話「我很快就會回來的」,2025/12/19 21:27,"重度憂鬱症患者｜功能性神經障礙患者
- - 
只是一個想被愛的15歲女生",遺言,pass,
cxxul._14,cxxul._14,我只知道為了你 我委屈自己晚上偷偷哭了好幾次,2025/12/18 01:41,"重度憂鬱症患者｜功能性神經障礙患者
- - 
只是一個想被愛的15歲女生",遺言,pass,
cxxul._14,cxxul._14,從朋友到戀人再到陌生人真的好痛,2025/12/18 01:41,"重度憂鬱症患者｜功能性神經障礙患者
- - 
只是一個想被愛的15歲女生",遺言,pass,
cxxul._14,cxxul._14,晚上的你 是不是在偷偷哭泣,2025/12/18 01:40,"重度憂鬱症患者｜功能性神經障礙患者
- - 
只是一個想被愛的15歲女生",遺言,pass,
cxxul._14,cxxul._14,半夜的我 哭了又哭 早上的我 笑的開朗 每個人都覺得我是正常人 但是我只知道我已經痛到說不出話了,2025/12/18 01:39,"重度憂鬱症患者｜功能性神經障礙患者
- - 
只是一個想被愛的15歲女生",遺言,pass,
cxxul._14,cxxul._14,其實我很羨慕別人有這樣提供情緒價值的朋友,2025/12/17 12:46,"重度憂鬱症患者｜功能性神經障礙患者
- - 
只是一個想被愛的15歲女生",遺言,pass,
cxxul._14,cxxul._14,或許我需要一個來愛我的對象教我怎麼愛我自己 因為 我沒有被愛過 愛是什麼 我不知道,2025/12/17 10:05,"重度憂鬱症患者｜功能性神經障礙患者
- - 
只是一個想被愛的15歲女生",遺言,pass,
cxxul._14,cxxul._14,世界待我們善良點 是不是就可以挽回那些自殺的小天使們,2025/12/17 09:48,"重度憂鬱症患者｜功能性神經障礙患者
- - 
只是一個想被愛的15歲女生",遺言,pass,
cxxul._14,cxxul._14,我還記得那年 我因為對我自己的酒窩很喜歡很有自信然後我就很愛笑 直到被班上人嘲笑說是缺陷 從那之後我就不敢笑了,2025/12/16 23:37,"重度憂鬱症患者｜功能性神經障礙患者
- - 
只是一個想被愛的15歲女生",遺言,pass,
cxxul._14,cxxul._14,我們都在努力活著 只是有些人方法比較特別 不應該去斥責他 因為我們都不願意生這個病 或許世界善待我們 我們會比較好受 但有點遲了,2025/12/16 20:37,"重度憂鬱症患者｜功能性神經障礙患者
- - 
只是一個想被愛的15歲女生",遺言,pass,
cxxul._14,cxxul._14,從班排第一變成連學校都不敢踏進的學生 不好受,2025/12/16 09:19,"重度憂鬱症患者｜功能性神經障礙患者
- - 
只是一個想被愛的15歲女生",遺言,pass,
cxxul._14,cxxul._14,"那些渴望被理解而發文卻被罵裝、賣慘的人
我想抱抱你們 你們有勇氣發文你們很棒了 
我也奉勸那些不懂別人經歷的人 不要亂講話",2025/12/16 00:29,"重度憂鬱症患者｜功能性神經障礙患者
- - 
只是一個想被愛的15歲女生",遺言,pass,
cxxul._14,cxxul._14,你最近很累了吧 沒事的 我這裡永遠在 你可以隨時來找我,2025/12/16 00:23,"重度憂鬱症患者｜功能性神經障礙患者
- - 
只是一個想被愛的15歲女生",遺言,pass,
cxxul._14,cxxul._14,其實憂鬱症的人是別人的小太陽 但其實他自己的世界根本沒有太陽,2025/12/16 00:06,"重度憂鬱症患者｜功能性神經障礙患者
- - 
只是一個想被愛的15歲女生",遺言,pass,
cxxul._14,cxxul._14,"每個人都再斥責你不懂事動不動就自殘自殺的
但寶貝我只想說一句
你還好嗎 我在 來抱抱",2025/12/15 23:09,"重度憂鬱症患者｜功能性神經障礙患者
- - 
只是一個想被愛的15歲女生",遺言,pass,
cxxul._14,cxxul._14,"憂鬱症的人都渴望有一個好的愛情
但他又怕自己的情緒會傷害到愛人",2025/12/15 15:53,"重度憂鬱症患者｜功能性神經障礙患者
- - 
只是一個想被愛的15歲女生",遺言,pass,
cattt8250,cattt8250,"為各位示範：
手就放在這裡，自然會有嘴巴來找你😂
毛茸茸的咬咬怪🥺",2025/9/16 18:40,"一切有為法，如夢幻泡影；
如露亦如電，應作如是觀。",遺言,pass,
cattt8250,cattt8250,🐈：搞什麼你，嚇貓一跳！😂,2025/9/15 12:36,"一切有為法，如夢幻泡影；
如露亦如電，應作如是觀。",遺言,pass,
cattt8250,cattt8250,阿庫回答為何iPhone 17 Pro系列改回鋁合金設計,2025/9/14 19:54,"一切有為法，如夢幻泡影；
如露亦如電，應作如是觀。",遺言,pass,
cattt8250,cattt8250,"以為鳴人知道自來也戰死會大吵大鬧
以為鹿丸知道阿斯瑪戰死會保持冷靜
後來才知道人在心情跌落谷底時是最沈默的",2025/9/9 00:10,"一切有為法，如夢幻泡影；
如露亦如電，應作如是觀。",遺言,pass,
jamie.cyuen,꒻ꁲꂵꂑꈼ,"我用咗1日寫咗個App ，即時火災警報通知。
目前有附近火警通知，大廈緊急通訊，大廈各層狀態報告，一鍵報平安、失蹤人口登記，留遺言功能。
如果你都唔想再見到今次嘅悲劇重演，呢個APP 可能幫你亦幫到人，如果你都想香港少啲悲劇。
留言話我知，等我有動力上架畀大家用",2025/11/30 19:44,,遺言,not_enough_posts,
jamie.cyuen,꒻ꁲꂵꂑꈼ,"wangfukfire.com
整咗個平台for 搵住宿 同 提供住宿",2025/11/29 20:40,,遺言,not_enough_posts,
siuchung_music,🧡改詞🖊️Cover 🎤❤️‍🔥| 堅持玩音樂🎧 | 小聰,"諗深一層會毛骨悚然嘅歌詞 1️⃣
其實楊千嬅首《小城大事》林夕係寫緊
一個人係天台嘅遺言
Verse 1//青春彷彿因我愛你開始......抱抱我不過份// 
交代咗主角被戀人拋棄嘅背景
我覺得寫得最精彩係Verse 2 
//娛樂行的人影 還在繼續繁榮 我在算著甜言蜜語的壽命
人造的蠢衛星 沒探測出我們已 已再見不再認 //
呢段嘅角度係主角企係天台向下望同向上望，
所以林夕用咗「娛樂行的人影」同「人造的蠢衛星」，
呢兩句好深刻咁籍主角見到嘅景象，側面描寫主角嘅心理。
最後一句//每年這天記得再流淚//
係主角叫舊情人記得自己嘅死忌，寫得好絕。
林夕呢首歌詞令我諗起而家Thread 好興「不用___字，表達___。」
不過自從哥哥死咗之後林夕就好少咗寫啲咁灰色調嘅歌詞了。",2025/12/26 11:38,"玩音樂最緊要好玩 ❤️‍🔥 
🧡改詞、樂器、Cover、寫歌咩都玩！",遺言,non_life,
siuchung_music,🧡改詞🖊️Cover 🎤❤️‍🔥| 堅持玩音樂🎧 | 小聰,"講咗咁多林夕同林家謙
係時候講吓黃偉文👍🏻
我聽一首新歌嘅時候
好中意唔睇邊個填詞
然後自己估
黃偉文嘅verse 填得好出色👍🏻
如果一開始set好晒場景、好有畫面感
又或者係一段舞台劇式嘅對白/獨白
咁就大機會係黃偉文填
set 好哂場景 例如《苦瓜》
//共你乾杯再舉箸 突然間相看莞爾 盤中透着那味兒//
《天窗》
//別望著那熱茶暗中的計算茶包浮起沉澱
若是沒要事你怎會約我相見分手講到了咀邊//
獨白式開場例如《好心分手》
//是否很驚訝 講不出説話
沒錯我是説 你想分手嗎//
《用背脊唱情歌》
//麻煩各位都不望我 望住 我怎麼敢去唱情歌
然而我想揀今日來流露我淒楚
聽完的人 請你扮傻 //
分享一下你哋最中意黃偉文填嘅邊份詞💁🏽‍♀️",2025/12/24 00:11,"玩音樂最緊要好玩 ❤️‍🔥 
🧡改詞、樂器、Cover、寫歌咩都玩！",遺言,non_life,
siuchung_music,🧡改詞🖊️Cover 🎤❤️‍🔥| 堅持玩音樂🎧 | 小聰,"用林家謙12首歌代表12個月
1月：
2月：
3月：春日部
4月：四月物語
5月：
6月：夏之風物詩
7月：夏日之子
8月：記得
9月：
10月：秋葉緣
11月：
12月：冬季限定",2025/12/23 09:38,"玩音樂最緊要好玩 ❤️‍🔥 
🧡改詞、樂器、Cover、寫歌咩都玩！",遺言,non_life,
siuchung_music,🧡改詞🖊️Cover 🎤❤️‍🔥| 堅持玩音樂🎧 | 小聰,"有冇歌手未上過 music panda 🐼
而你又好想佢上？
我：
林家謙",2025/12/21 00:01,"玩音樂最緊要好玩 ❤️‍🔥 
🧡改詞、樂器、Cover、寫歌咩都玩！",遺言,non_life,
siuchung_music,🧡改詞🖊️Cover 🎤❤️‍🔥| 堅持玩音樂🎧 | 小聰,"🌟🎄彈吓聖誕歌 yeah~ 🎹🎼
最好嗰take 永遠係下一take🤣
#have_youself_a_merry_little_christmas 
#piano_duet with
@alicenhyy
@alicenhyy
🍁",2025/12/18 21:26,"玩音樂最緊要好玩 ❤️‍🔥 
🧡改詞、樂器、Cover、寫歌咩都玩！",遺言,non_life,
siuchung_music,🧡改詞🖊️Cover 🎤❤️‍🔥| 堅持玩音樂🎧 | 小聰,"林夕填詞有時候會專登係同一句重覆同一個字
例如林家謙首《夏日之子》
//「天」主宰「天」氣 偏要泡熱燙風呂 //
// 「多」得跟「多」巴胺作對 //
陳奕迅《shall we talk》
//「鈴」聲可以「寧」靜 //
// 難「過」卻避不「過」 //
// 如果「沉」默太「沉」重 別要輕輕帶過 //
許志安《一步一生》
//回顧中彷彿「一」步「一」生 每「一」級「一」世都難忘 如何吸引//
雖然唔知呢個技巧叫咩名🤣
但我都幾肯定佢係專登咁寫
類似一種文字遊戲
唔知大家仲有冇其他例子？唔係林夕都得🤣",2025/12/18 13:32,"玩音樂最緊要好玩 ❤️‍🔥 
🧡改詞、樂器、Cover、寫歌咩都玩！",遺言,non_life,
siuchung_music,🧡改詞🖊️Cover 🎤❤️‍🔥| 堅持玩音樂🎧 | 小聰,"#引戰post
有冇人覺得陳奕迅首《歲月如歌》（劉卓輝填）啲歌詞填得好差？好似為咗啱音同押韻 亂咁將啲字擺埋一齊。啲句子好唔通順，意思好混亂。
相比之下同一首曲嘅國語版《兄妹》（林夕填）就填得好好多。",2025/12/17 11:08,"玩音樂最緊要好玩 ❤️‍🔥 
🧡改詞、樂器、Cover、寫歌咩都玩！",遺言,non_life,
siuchung_music,🧡改詞🖊️Cover 🎤❤️‍🔥| 堅持玩音樂🎧 | 小聰,"我最欣賞林夕嘅一句歌詞係：
男生們是非 我細細聲講給你
想像一個40歲嘅大叔，食完口煙然後可以寫到呢句嘢🤣🤣 真係好勁",2025/12/15 13:06,"玩音樂最緊要好玩 ❤️‍🔥 
🧡改詞、樂器、Cover、寫歌咩都玩！",遺言,non_life,
siuchung_music,🧡改詞🖊️Cover 🎤❤️‍🔥| 堅持玩音樂🎧 | 小聰,"林家謙係咪會係今年出埋首冬天歌？
十二月中了🥹🥹🥹",2025/12/13 19:12,"玩音樂最緊要好玩 ❤️‍🔥 
🧡改詞、樂器、Cover、寫歌咩都玩！",遺言,non_life,
siuchung_music,🧡改詞🖊️Cover 🎤❤️‍🔥| 堅持玩音樂🎧 | 小聰,"一人一句代表到而家心情嘅歌詞
我：
飛滋飛滋痛痛痛🥲🥲🥲",2025/12/12 17:56,"玩音樂最緊要好玩 ❤️‍🔥 
🧡改詞、樂器、Cover、寫歌咩都玩！",遺言,non_life,
darp_gookim,Dar.p,「我見過很多天才，他們都叫我怪物」,2025/12/14 11:46,"Dar.p 2代
📽喜歡【看臉時代】的人
新片⬇️",遺言,non_life,
darp_gookim,Dar.p,"全羅之王吳昌秀
是個愛女兒的1代王
他胸口的刺青應該是她女兒從小到大的腳印
總共有4個
代表她女兒今年4歲多不滿5歲
跟藝娜一樣大
也就是說吳昌秀的女兒是在李智勛狩獵1世代時期才出生的
吳昌秀是其中一個向李智勛報恩的1代王
這個恩應該也是跟他的女兒跟老婆有關",2025/12/13 01:18,"Dar.p 2代
📽喜歡【看臉時代】的人
新片⬇️",遺言,non_life,
darp_gookim,Dar.p,【看臉時代】大玄碩無法使用道路,2025/12/12 21:48,"Dar.p 2代
📽喜歡【看臉時代】的人
新片⬇️",遺言,non_life,
cattt8250,cattt8250,"穢土轉生不會流淚，但父親會🥺
第一天當父親
你聽見玖辛奈對著兒子說遺言
第二天當父親
你聽見鳴人對妻子的遺言，句句有回應",2025/9/21 20:08,"一切有為法，如夢幻泡影；
如露亦如電，應作如是觀。",遺言,pass,
r3d_m0n,r3d_m0n,"有分娩過的女性支持代理孕母制度的嗎？
目前看下來都是「沒有生過」跟「沒辦法生的」在支持的樣子？
我先說，我生過小孩，我不支持代理孕母制度。 😌",2025/10/19 15:57,,分娩,not_enough_posts,
r3d_m0n,r3d_m0n,"看著藍白粉那種反綠嘴臉，根本就是最刻薄的那種整天Gaslighting小孩的亞洲家長。
家裡最孝順最會賺錢給孝親費的老二，為家裡盡心盡力整天被嫌；
吃裡扒外天天在外面玩，掏空家裡要把老家賣掉的敗家子老大，卻是他們心頭愛。
念完醫學院都當上醫師護理師了，亞洲家長還只會信那些網路偏方，然後嫌你的專業比不上人家。
念完法學院都當法官檢察官律師了，亞洲家長只會說你才不懂，台灣都恐龍法官，六法全書唯一死刑。
在外面被人家霸凌欺負，亞洲家長還會檢討你就不該保護自己，難怪人家想打你。
只會拿別人的優勢比你的劣勢，隔壁同學自然考90但無視人家數學只考40，你數學100還會被亞洲家長嗆下次還能考100再來講、不然就是酸說這次數學應該考很簡單吧。
外交、防疫、經濟、國防、城市行銷在藍白扯後腿、中國頻繁干擾的情況還能做到這樣，還有得嫌，這種家長就該丟去山上自生自滅。
遠離有毒關係，從你我做起。🤷🏻‍♀️",2025/10/19 00:07,,分娩,not_enough_posts,
kabasdatabae,kabasdatabae,"我想不透一個醫生怎麼會不幫分娩過程上馬賽克
只要是人，不管親疏遠近，就是應該要上馬賽克啊
後來我想通了
他們把孕母當動物
我們看大象、馬、豬生小孩也不用馬賽克
原來是這種心態",2025/11/12 21:06,,分娩,pass,
kabasdatabae,kabasdatabae,好可怕，我看到那個男同性戀放的孕母生產影片了，真的完全沒有馬賽克，為什麼男同性戀可以不尊重女性到這種地步？？？？百思不得其解，今天是家人你會這樣對她嗎？,2025/11/12 20:14,,分娩,pass,
kabasdatabae,kabasdatabae,四胞胎爸真的很強，連我原本支持代理孕母的，現在快變不支持了,2025/11/12 18:11,,分娩,pass,
kabasdatabae,kabasdatabae,農純鄉的龍膽石斑燉飯鹹成那樣是正常的嗎？,2025/11/12 17:54,,分娩,pass,
kabasdatabae,kabasdatabae,去Louisa點冰拿鐵不要點去冰因為他們會把拿鐵拿去果汁機打拿鐵喝起來很多泡沫很像在喝痰,2025/11/9 17:45,,分娩,pass,
kabasdatabae,kabasdatabae,"老害在室內停車場裡面抽煙，先生出言制止，老害裝耳聾，連頭都不回，繼續吞雲吐霧，先生差點去起衝突，被我拉住，小孩在場，不要做可能發生危險的事情。
請問這種情況要怎麼有效檢舉？警察不管這種「小事」吧？",2025/11/9 15:38,,分娩,pass,
kabasdatabae,kabasdatabae,"其實最讓人受不了的不是邊料言論
而是早晚等天收掉
每個小孩都是媽媽拼了命生出來的
咳個嗽我們都很心疼了
你知道失去孩子是什麼感受嗎？
我根本不敢想像
竟然因為覺得吵
就詛咒別人孩子
這根本已經缺乏人性了",2025/11/8 11:22,,分娩,pass,
kabasdatabae,kabasdatabae,一早起來，邊角料文刪了，結果人家媽媽是心理師，什麼邊角料🤣,2025/11/8 08:30,,分娩,pass,
kabasdatabae,kabasdatabae,我發文以後一堆明星自首了，我有公關才華？,2025/11/7 22:35,,分娩,pass,
kabasdatabae,kabasdatabae,幹，我老公叫我殘膠姊,2025/11/3 16:20,,分娩,pass,
kabasdatabae,kabasdatabae,我覺得大谷翔平已經夠帥了，山本由伸又更帥是怎麼回事🥰,2025/11/2 15:24,,分娩,pass,
kabasdatabae,kabasdatabae,"跟老公有spotify共同的公路旅行歌單
兩人原則上可以自由加歌
加外文歌很少吵架
但中文歌就會意見不合
而且互有地雷歌手
我的是某鐵肺歌手
真的是一首都不准放喔",2025/11/2 15:21,,分娩,pass,
kabasdatabae,kabasdatabae,"我喜歡的繪本，最好有點故事性，可以稍微講故事給寶貝聽
目前接觸過喜歡的：
南瓜湯
麥基先生請假的一天
逃家小兔
遇見維尼
不管怎麼樣你都會愛我嗎
艾飛不見了
歡迎瞭解屬性的，推薦我其他的繪本",2025/11/2 11:09,,分娩,pass,
kabasdatabae,kabasdatabae,"脆的流量真的很鬼
沒花錢可以有20萬流量真的可以列入我人生高光時刻
其實我心智堅強嗎？
沒有啦，我關提醒，因為當天一直跑提醒出來，太吵了，怎麼顧女兒啦
昨晚大概滑一下留言
跟先生一起笑到發抖
真的超愛大家在脆上的精神狀態
都罵得超好笑
如果發現大家都逆向，逆向的其實是自己
我深刻懺悔
首先
我先罰寫心甘情願一百次
再者
我宣布
希望到2100年台大兒童醫院依舊使用一般醫療膠帶
不對，千秋萬世一般醫療膠帶
最後
我以後媽媽包都會隨身帶著嬰幼兒膠帶的！",2025/11/2 11:02,,分娩,pass,
kabasdatabae,kabasdatabae,"到Net狂買寶貝六件上衣，兩件褲子，才一千多
我愛台灣，我愛台貨",2025/11/2 00:39,,分娩,pass,
kabasdatabae,kabasdatabae,"先說我站范姜這邊，出軌就是不對，bad bad bad ，被炮轟活該
但我只是想岔題問，范姜怎麼會連生產費用都付不起？？？？",2025/11/1 22:48,,分娩,pass,
kabasdatabae,kabasdatabae,"恨死全家豆腐有碳渣還我只能改吃7
7的健康便當每個都鹹死沒有例外
只能在大腸癌跟洗腎二選一了",2025/11/1 16:20,,分娩,pass,
kabasdatabae,kabasdatabae,請問Eric 是去動山根嗎？,2025/11/1 16:19,,分娩,pass,
kabasdatabae,kabasdatabae,"今天被女兒便秘問題轟炸一整個早上
累死我了
一直用力想大便大一點點屎頭
因為大不出來哭鬧
我只好擦屎、塗凡士林、按摩肚子、幫她做踩腳踏車，大概重複三四個回合（暈）
後來牛奶加了一顆阿德比灌下去
才有大出來比較多一點
我很好奇
同樣場景如果是在托嬰中心或保母會怎麼處理？",2025/10/31 19:21,,分娩,pass,
kabasdatabae,kabasdatabae,"三個高中女生一直在全聯櫃檯窸窸窣窣
感覺不敢上前跟店員講些什麼
老阿姨依經驗判斷可能是沒帶錢想買東西
結果是trick or treat啦
靠，高中是年紀偏大了，但還是好青春好可愛啊",2025/10/31 19:17,,分娩,pass,
kabasdatabae,kabasdatabae,"萬聖節扮裝第一名獻給扮蟑螂
有夠惡搞",2025/10/31 14:43,,分娩,pass,
kabasdatabae,kabasdatabae,"在親子館遇到媽媽用手機看球賽還開聲音
完全沒有負面評價欸
爸爸都可以這樣
為什麼媽媽就不行",2025/10/31 14:41,,分娩,pass,
kabasdatabae,kabasdatabae,"在親子館遇到大學同學（系上風雲人物）完全沒認出我來
我除了要檢討自己面目全非外
他們這種總是被注目的人真的儘管臉盲
因為他們總是會被認出",2025/10/31 14:39,,分娩,pass,
kabasdatabae,kabasdatabae,"范姜粿粿王子事件終於可以跟上大家討論的熱潮了
我認識王子粿粿
之前Andy 家寧完全不知道是誰
脆一直推給我
我都莫名其妙",2025/10/31 14:31,,分娩,pass,
kabasdatabae,kabasdatabae,"范姜粿粿王子事件終於可以跟上大家討論的熱潮了
我認識王子粿粿
之前Andy 家寧完全不知道是誰
脆一直推給我
我都莫名其妙",2025/10/31 14:16,,分娩,pass,
kabasdatabae,kabasdatabae,"帶女兒去家裡附近小兒科診所打流感疫苗
貼的是一般醫療膠帶
撕下來扯皮膚
還有殘膠要清
台大兒童醫院也是
目前遇過就小禾馨會用嬰幼兒溫和膠帶
所以我被禾馨貴的心肝情願
人家成本真的比較高
願意看到那麼小卻很重要的細節
所以其實有時候只要願意做出小小的改變就有很有價值了",2025/10/31 14:14,,分娩,pass,
kabasdatabae,kabasdatabae,去頤宮噴了一萬多，最後離開前想來個家庭合照，服務人員大推泡茶區拍照，結果那邊超級暗，他們手動打燈，手機自己開廣角，每個人都拍成五五身超級短肥，還硬要將蘭花跟藝術品入境，搞得很像參觀故宮，頤宮真的不要再這樣鬧欸,2025/10/31 12:41,,分娩,pass,
jplifefortw,jplifefortw,"紀錄生產費用，提供給有需要的人參考
媽媽的部分
生產醫院：高雄榮總
生產方式：自然產催生
減痛分娩：打好打滿（自費，好像是7000左右/3天內吃到飽，有點忘了歡迎幫忙修正😂）
其他自費項目：LDR房（自費3500/次，如果突然轉剖腹則不計費用）、指定醫師接生（價格依醫師值班時間與特殊日期時間而定，如果剛好在醫師值班時間接生則免費，非醫師值班時間6000起跳）、各種自費藥物都給他簽下去、中文出生證明書5份300元
產後病房：排不到單人房所以住雙人健保房（免費）
餐點：醫院不會主動提供🤔我是請家人準備所以沒有額外費用
總共：23453元
-
寶寶的部分
因為很便宜所以自費檢測項目全做
總共3779元
-
除了沒有一開始就在LDR房待產讓我有點疑惑以外
其他都很好👍高榮的醫師跟護理師都非常溫柔親切
耐心接住了催生催不出來大爆哭的我😂
真的是很對不起當時嚇到大家了哈哈哈
補充有夠難排的單人病房價錢：一般單人病房3500元/天、特等單人病房5300/天（超大間）
當時兩種都沒房了只能住健保房，所以馬上吵著要出院去月中🤣
以上！",2025/4/9 13:23,"住在日本的台灣人🧚‍♀️ 
2025/03生了一隻台日混血的👶🏻🇹🇼🇯🇵
懷孕/育兒日記",分娩,pass,
jplifefortw,jplifefortw,"產後Day13
這就是孕期踢爆我肚皮肋骨的那雙天馬流星腿🦶
昨天推回房間餵奶，換尿布時發現臍帶有點滲血
媽媽我真的是嚇瘋，馬上打電話給嬰兒室求救
結果電話另一端很雀躍的告訴我沒關係
這代表臍帶快要掉囉（興奮的聲線）
結果今天早上就收到兒子掉落的臍帶
看著看著突然好多感觸還直接掉淚😂
產後荷爾蒙真的是很不受控
今天打算挑戰不推回房好好休息
希望自己忍得住一不小心就會氾濫的母愛
最後要讚嘆chatgpt，真的畫得有夠像🥹",2025/4/8 17:01,"住在日本的台灣人🧚‍♀️ 
2025/03生了一隻台日混血的👶🏻🇹🇼🇯🇵
懷孕/育兒日記",分娩,pass,
jplifefortw,jplifefortw,"新手媽媽求建議🙏
這幾天在看新生兒能用的成長型揹巾跟拋棄式奶瓶
目前揹巾看到比較多人推的是：
1.Joie四合一
2.ergobaby
3.hugpapa
4.nuna
5.pognae
想請問其中有沒有對大人的腰比較友善的😂
希望穿脫簡單方便，一個人也好上手
畢竟之後還要帶嫩嬰打預防針+搭機回日本
全程手抱應該會斷掉😇 
早晚都得買不如現在就買，早買早享受😂
（推車留在日本，在台期間短不打算買）
拋棄式奶瓶感覺好方便，想買的是mother-k
但不知道要先買三入組還是直上五入組
希望有用過的媽媽可以跟我分享一下經驗🙏",2025/4/6 16:18,"住在日本的台灣人🧚‍♀️ 
2025/03生了一隻台日混血的👶🏻🇹🇼🇯🇵
懷孕/育兒日記",分娩,pass,
jplifefortw,jplifefortw,"產後Day9，因為老公明天就要回日本了
所以讓他試著自己換尿布&餵寶寶
不愧是爸爸穿的，看看這身衣服包巾
不只腳露出來，嘴巴也被蓋住😂
而且還就這樣抓起來餵（媽媽看得提心吊膽）
出生才9天的兒子眼中已充滿無奈🤣
正式開始進入退奶的過程
目前還是有奶，不擠就會漲痛
手已經快廢了，所以還是跟月中借了電動擠乳器
雖然不是免手持，不過也輕鬆很多了！！
某些角度自己真的擠不好，塞成硬塊超痛
希望能趕快拉長時間趕快退乾淨🙏",2025/4/5 13:35,"住在日本的台灣人🧚‍♀️ 
2025/03生了一隻台日混血的👶🏻🇹🇼🇯🇵
懷孕/育兒日記",分娩,pass,
jplifefortw,jplifefortw,"產後Day8，每天忙得團團轉
孕前52，產前59，目前已恢復至孕前體重52
太操勞了，感覺還會再掉😂 
不敢想像沒住月中的生活
我應該會直接崩潰陣亡☠️
原本以為生完就可以好好睡覺、休息、吃飯
結果被擠奶狠狠地賞了7749個巴掌（？）
還遇到塞奶去疏通，痛到眼前出現人生跑馬燈
昨晚下定決心要退奶了，好好珍惜最後的擠奶時光
雖然決定了之後還是有點捨不得，邊擠邊失落
（自己也不知道是在捨不得什麼😂）
但有體驗過親餵就夠了，現在媽媽我更需要被餵食
我要喝珍奶吃雞排跟各種垃圾食物啊啊啊！！
再不吃回日本就吃不到了，我不能接受😭
對不起了兒子，媽媽以後帶你吃更多好吃的補償你",2025/4/3 20:15,"住在日本的台灣人🧚‍♀️ 
2025/03生了一隻台日混血的👶🏻🇹🇼🇯🇵
懷孕/育兒日記",分娩,pass,
jplifefortw,jplifefortw,"產後Day5，生完小孩後戰鬥也在繼續
從0.1ml到兩隻針筒，剛剛還擠到了20ml
雖然量很少但一天天慢慢進步
好想趕快試著親餵，擠奶真的好痛好累🥲
也想過乾脆退奶，可是看到寶寶的照片又捨不得
小手手好可愛，被抓住的瞬間整個融化
也看到了那兩隻天馬流星腿的真面目
孕後期我的肚皮跟肋骨就是被它們殘害😂
這一路上有很多不適，但感覺都值得了
心裡好滿足好溫暖
謝謝兒子平安健康地來到我的身邊❤️",2025/3/31 03:59,"住在日本的台灣人🧚‍♀️ 
2025/03生了一隻台日混血的👶🏻🇹🇼🇯🇵
懷孕/育兒日記",分娩,pass,
jplifefortw,jplifefortw,"39w+2，催生Day2下半場
15:30
內診突然發現已經開了7.8公分！
轉移到LDR房～不過我現在才想到
我既然選了LDR，怎麼不是一開始就在那邊待產😂
LDR應該是待產、生產、產後休息都在同個房間呀
算了之後再思考（？）
16:00
護理師開始教怎麼出力
因為之前看過其他媽媽分享
盯著自己的肚子，想像要把上面鈕扣用力頂走的感覺
照著做馬上被護理師誇爆，說我怎麼那麼會出力
還問我真的是第一胎嗎🤣
17:00
因為醫生還沒來，只能繼續練習出力&被誇爆
18:00
醫生終於來了！
開始全力狂擠，醫生也開啟誇爆模式
18:30
明明用了很多力，方式也很正確
但寶寶就是一直卡著
醫生問我可不可以用吸引器輔助
當然可以只要能趕快讓他出來什麼都好😂
18:40
隨著剪會陰的卡擦聲
終於成功擠出來啦！兒子一出生就大爆哭
彷彿全世界都欠他三千萬一樣
老公一邊手抖一邊剪了臍帶
寶寶2750克，手抱著肩膀出生
醫生說難怪擠這麽久這麼辛苦
都是因為這位先生自己手亂放🤣
兒子小小一隻我就覺得好累
生出3000多克寶寶的媽媽真的是神
-
真的就像前輩媽媽們說的
生小孩就像在擠一坨千年大便
（什麼結論🤣）",2025/3/27 16:11,"住在日本的台灣人🧚‍♀️ 
2025/03生了一隻台日混血的👶🏻🇹🇼🇯🇵
懷孕/育兒日記",分娩,pass,
jplifefortw,jplifefortw,"39w+2，催生day2，繼前一天哭爆之後
感覺所有護理師都對我特別溫柔😂
00:00 
護理師再次內診，超級溫柔很怕弄痛我
不過胎頭的位置還是很高
02:00、04:00
喝小杯催產水
06:00
起床上廁所發現落紅（內心激動萬馬奔騰🥹）
有經痛感，但內診時胎頭還是偏高
護理師真的超級溫柔在幫我內診我好感動😭
08:00
再來一杯催產水shot掉
09:00
內診開三公分，醫生跟護理師瘋狂誇我🤣
09:30
麻醉科醫師來加麻醉劑量
還鼓勵我應該很快就會生囉
感覺所有人都知道我昨天大爆哭😂
09:45
內診一樣開三公分，但胎頭下降了
又是一波誇獎攻勢❤️
10:00
可能因為麻醉劑量增加的關係
上廁所只上了一點點點點小號🤏
11:00
內診一樣三公分，但是不會痛了！！！！
而且加完劑量之後整個睡超好
所以之前很有可能是因為麻醉劑量不夠
我也沒自己按加藥才那麼痛（被自己蠢死）
12:40
內診依舊三公分，腳麻下不了床
只好在床上坐尿盆，結果還是尿不出來
但落紅蠻多的，後來就插尿管導尿
-字數有限，下一篇繼續-",2025/3/27 10:13,"住在日本的台灣人🧚‍♀️ 
2025/03生了一隻台日混血的👶🏻🇹🇼🇯🇵
懷孕/育兒日記",分娩,pass,
seven77x_x,少女綺7,"即將臨盆的孕媽咪不要怕
教妳一招自然產的小撇步.ᐟ.ᐟ
-
第一胎分娩時
不懂如何使力擠出寶寶
只被告知吸氣閉住再用力
產檯旁圍了三個護理師
出力的那一刻護士跳起來往我肚子壓加推
當然是痛到岔氣哀叫還被罵
滿臉通紅還是沒將寶寶擠出來
最後還得靠醫生真空吸引輔助
(被罵是應該!因為出錯力會讓產婦和寶寶有危險的!!)
第二胎詢問身邊有經驗的家人朋友
加上有先前的經歷
得到一個我覺得很讚的方法提供給大家
首先
在待產室規律宮縮並且子宮頸全開時
調整好呼吸準備好仰臥起坐的姿勢
雙手抓握著床邊兩側的桿子
吸飽氣然後抬頭對著自己的肚臍出力
真的就兩下！寶寶就被我生出來拉~
-
重點：仰臥起坐全神貫注看肚臍
把這個方法教給身邊初次生產的朋友都很順利
也分享給正準備生產的孕媽咪•̑‧̮•̑",2025/3/11 14:47,好事成雙,分娩,pass,
seven77x_x,少女綺7,"懷孕期間最好穿不勒肚的內褲
唯一推薦：老公的四角褲👍🏻👍🏻",2025/3/10 15:56,好事成雙,分娩,pass,
seven77x_x,少女綺7,"這週孩子學習慶生會
聯絡本在兩週前貼了一張公告：
學校會幫孩子們準備生日蛋糕，請家長千萬不要準備！
也不用準備小禮物跟同學分享，
若真的很想準備，請避開糖果餅乾。
請依照孩子的歲數準備照片讓大家一起欣賞
另外，家長可以分享懷孕的心路歷程
我們會讓孩子理解生命的奧妙和偉大
-
於是我，用 canva 花了兩小時做了小小的成長日記
到超商的ibon 列印彩色的特殊紙裝訂後
帶了兩杯拿鐵送到學校給老師，$220完美 ⠀ ˃̵ᴗ˂̵⠀",2025/3/7 09:40,好事成雙,分娩,pass,
yan_0412_y,饅,現在才知道 原來產後憂鬱根本不是單純因為帶小孩才生病,2025/5/26 12:19,"無業的無聊活網仔(◐‿◑)�
拜偷多找我下單點心讓我有事做
畢竟不知道啥時才能有工作有收入🙂‍↕️🙂‍↕️🙂‍↕️
找不到我很正常 都在永劫遊走(⁎⁍̴̛ᴗ⁍̴̛⁎)",產後憂鬱,business,
yan_0412_y,饅,"結婚之前就知道對象會酗酒家暴之類的
還要結婚生小孩的 真的不要事後靠邀欸
你自己挑的欸？？？？？？？哈囉？
啥狗屎樣你是眼瞎沒看到嗎==
然後大家勸離婚妳又不開心了
那你是在狗叫啥啦有病",2025/5/22 22:47,"無業的無聊活網仔(◐‿◑)�
拜偷多找我下單點心讓我有事做
畢竟不知道啥時才能有工作有收入🙂‍↕️🙂‍↕️🙂‍↕️
找不到我很正常 都在永劫遊走(⁎⁍̴̛ᴗ⁍̴̛⁎)",產後憂鬱,business,
yan_0412_y,饅,"求調整型內衣 或集中型～
分潤就不用白癡留言 留一次檢舉一次👋🏻
感謝各位美女",2025/5/22 01:54,"無業的無聊活網仔(◐‿◑)�
拜偷多找我下單點心讓我有事做
畢竟不知道啥時才能有工作有收入🙂‍↕️🙂‍↕️🙂‍↕️
找不到我很正常 都在永劫遊走(⁎⁍̴̛ᴗ⁍̴̛⁎)",產後憂鬱,business,
yan_0412_y,饅,520 一點也不開心不快樂 好累,2025/5/20 14:11,"無業的無聊活網仔(◐‿◑)�
拜偷多找我下單點心讓我有事做
畢竟不知道啥時才能有工作有收入🙂‍↕️🙂‍↕️🙂‍↕️
找不到我很正常 都在永劫遊走(⁎⁍̴̛ᴗ⁍̴̛⁎)",產後憂鬱,business,
yan_0412_y,饅,"看了新聞 現在社會一直發生好多事情
突然好後悔生小孩……",2025/5/20 02:03,"無業的無聊活網仔(◐‿◑)�
拜偷多找我下單點心讓我有事做
畢竟不知道啥時才能有工作有收入🙂‍↕️🙂‍↕️🙂‍↕️
找不到我很正常 都在永劫遊走(⁎⁍̴̛ᴗ⁍̴̛⁎)",產後憂鬱,business,
a_potato_as,gnixas ypoons,"一群人不想跟，討厭的人講話，
為什麼就叫霸凌？",2026/1/17 18:34,"你認錯人了，
我不認識你，你更不認識我。",霸凌,pass,
a_potato_as,gnixas ypoons,"如何形容冬天的圖書館：
自習區一堆人在擤鼻涕🤧",2026/1/11 19:35,"你認錯人了，
我不認識你，你更不認識我。",霸凌,pass,
a_potato_as,gnixas ypoons,"誰懂那種自己一個人去圖書館，
不想遇到同學的感覺。",2026/1/11 16:52,"你認錯人了，
我不認識你，你更不認識我。",霸凌,pass,
a_potato_as,gnixas ypoons,"台灣的冬天就是，
考試的時候，
直接一個大咳把全班氣氛拉到最高。",2026/1/10 17:36,"你認錯人了，
我不認識你，你更不認識我。",霸凌,pass,
a_potato_as,gnixas ypoons,"札記的開頭 每次都要先寫
「今天」",2026/1/9 18:53,"你認錯人了，
我不認識你，你更不認識我。",霸凌,pass,
a_potato_as,gnixas ypoons,"現在的男生be like：
不熟的時候：
🧑🏻：（冷眼）
我：他好可怕，都沒有表情，感覺好凶。
熟了之後：
🧑🏻：
欸我要放屁了喔，你準備好了嗎？
我：？？？？？",2026/1/4 21:45,"你認錯人了，
我不認識你，你更不認識我。",霸凌,pass,
a_potato_as,gnixas ypoons,"其實 看別人幸福
也是一種幸福",2026/1/4 19:12,"你認錯人了，
我不認識你，你更不認識我。",霸凌,pass,
hyacin1th_,hyacin1th_,大家都只會站在霸凌者那方^_^,2025/5/6 22:23,抱怨阿抱怨,霸凌,not_enough_posts,
ariel_ycc,Ariel Chen,"沒想到大家對於我選擇讓女兒休學的事情
迴響熱烈
因為我女兒已經高三
其實再撐幾個月就畢業了
但我答應讓她休學的原因
其實也是因為上次她因為沒上學
怕被爸爸罵躲在星巴克
我到星巴克找她
她一個人小小的捲縮在角落
在看著iPad
我走過去，她看到我
眼神是受傷的，惶恐的，不安的
上高二後
雖然我們沒有給她任何成績壓力
但學校一定會給，尤其是成績不錯的孩子
一定會是老師眼裡的重點栽培學生
我能理解台灣的升學壓力
但我無法看著我的孩子眼裡沒有了光
我問女兒還好嗎？
她哽咽說，她的內在有一團東西打結了
她也不知道自己怎麼了
沒有被霸凌，沒有同學欺負她，沒有老師罵她
但就是在學校那個環境中
她已經變得不愛自己也無法愛別人
陪她哭了一陣子
其實我那時候內在很拉扯
一方面是，其實撐到1月學測後就輕鬆了
一方面，我知道我捨不得孩子變這樣
我們都知道，孩子身心健康才是最重要
但也有父母選擇繼續逼迫繼續施壓
這有可能哪天變成
壓垮孩子最後一根稻草
或許可能會讓她失去生命都很難說
我當然不想要這樣
我非常清楚事情輕重緩急
就是，我女兒的健康，才是最最重要的",2025/10/23 12:40,,霸凌,pass,
ariel_ycc,Ariel Chen,"今天帶女兒去學校去辦休學了
也算是了了近期一樁心事
即使有一陣子會覺得很可惜
畢竟女兒在校成績算不錯
校排也是維持前幾名
但是這麼長的時間
上學已經讓她陷入憂鬱與焦慮
身心科的藥也無法協助她
身為父母，第一願望當然是希望她健康
就算一年不唸書
人生也不會有太大的改變
把自己的身心顧好
留著青山在，不怕沒柴燒
答應她休學後，笑容又回到了她臉上
諮詢了在家自學、以及體制外學校
後來發現
加拿大高中的線上課程比較適合她
可以直接從高三開始唸
而且本來就打算讓她出國念大學
這樣提早接觸全英文教學環境也不錯
人生還很長
目前讓她諮商，鼓勵她要運動
確定高中課程後也會讓她去打工
還有跟我一起照顧家裡的新成員（貓咪）
我們會等她長出自己的力量
這是身為父母必須要有的耐心",2025/10/22 17:00,,霸凌,pass,
ariel_ycc,Ariel Chen,"最近的時光都慢了下來
因為有妳的出現與陪伴
生活多了好多甜蜜的滋味與負擔
以前總是嚷嚷等我退休後要養貓
但誰能保證可以好好活著到明天
有夢想就去實現
Mira-女兒取的名字
妳就像奇蹟一樣出現
妳是我們的家人，永遠愛妳♥️",2025/10/18 11:35,,霸凌,pass,
_baivs.71,𝖡𝖾𝗅𝗅𝖾,我們看起來像會霸凌人的女高,2024/12/23 15:10,憤世嫉俗的女人,霸凌,pass,
_baivs.71,𝖡𝖾𝗅𝗅𝖾,🐝✌️照,2024/12/20 09:26,憤世嫉俗的女人,霸凌,pass,
_baivs.71,𝖡𝖾𝗅𝗅𝖾,大家都好幸福 好羨慕!!!,2024/12/15 00:17,憤世嫉俗的女人,霸凌,pass,
_baivs.71,𝖡𝖾𝗅𝗅𝖾,最後一年的運動會！,2024/12/10 19:44,憤世嫉俗的女人,霸凌,pass,
loys._520,考到第一再改名,"對於現代的我們
虛假的霸凌：
藏鞋子 畫桌子 偷課本 拖去廁所打
真正的霸凌：
同學孤立 分組沒人和你一組 背後說你壞話
搞小團體 造謠你
刻意不理會",2025/9/7 12:56,"請不要把我的串文引用到你的串文 謝謝
我很討厭
可接投稿",霸凌,not_enough_posts,
loys._520,考到第一再改名,"開學第一天 老師說：
來同學們請把學校當成你第二個家
生氣的時候 老師說：
某某某 你以為學校是你家是不是！",2025/9/3 17:45,"請不要把我的串文引用到你的串文 謝謝
我很討厭
可接投稿",霸凌,not_enough_posts,
3hyis_,🦭,"個人覺得
有些人被霸凌不完全是霸凌者的問題",2025/11/27 18:03,什麼都發 不爽不要看,霸凌,not_enough_posts,
wei.1027jian,Wei Xuan Jian,"被霸凌、排擠過的人都懂
要面對新環境好難",2025/11/19 23:04,納西妲和艾爾海森的狗。偶像是林柏宏~~,霸凌,pass,
wei.1027jian,Wei Xuan Jian,"缺乏安全感的人都懂
一句已讀不回等於世界末日",2025/11/19 23:04,納西妲和艾爾海森的狗。偶像是林柏宏~~,霸凌,pass,
wei.1027jian,Wei Xuan Jian,"人緣好的人都懂
要討好所有人好難",2025/11/19 23:03,納西妲和艾爾海森的狗。偶像是林柏宏~~,霸凌,pass,
wei.1027jian,Wei Xuan Jian,"成績好的人都懂
說自己考的爛是一種焦慮",2025/11/19 23:01,納西妲和艾爾海森的狗。偶像是林柏宏~~,霸凌,pass,
wei.1027jian,Wei Xuan Jian,"被說長的美(帥)的人都懂
青春痘是美貌殺手",2025/11/19 23:00,納西妲和艾爾海森的狗。偶像是林柏宏~~,霸凌,pass,
wei.1027jian,Wei Xuan Jian,"1999年 921大地震
2009年 莫拉克風災
2019年 新冠肺炎
怎麼每個個位9都那麼不吉利
好怕2029年",2025/11/15 22:52,納西妲和艾爾海森的狗。偶像是林柏宏~~,霸凌,pass,
wei.1027jian,Wei Xuan Jian,"一年級時，班導送我們班一人一枝鋼筆
我媽：等妳長大後，字好看了，再給你用。
可惜到現在我的字還是跟從前一樣難看",2025/11/12 18:43,納西妲和艾爾海森的狗。偶像是林柏宏~~,霸凌,pass,
wei.1027jian,Wei Xuan Jian,"別擔心別人討厭你
他們只是嫉妒你而已
(超正向思考，有點過頭🙃)",2025/11/9 14:01,納西妲和艾爾海森的狗。偶像是林柏宏~~,霸凌,pass,
hoanysu,我是一個豪老師,"昨天影片提到的5A8+訪談內容
想看的留言「想看」
我傳給你完整版
#我是一個豪老師
#學校
#學習
#教育
#會考",2025/12/2 16:56,"我是一個豪老師
#教育難題私訊就對了
#tiktok：https://reurl.cc/Rq969r
#IG：instagram.com/hoanysu",霸凌,business,
hoanysu,我是一個豪老師,我只差沒把跳樓示範出來而已,2025/11/30 13:51,"我是一個豪老師
#教育難題私訊就對了
#tiktok：https://reurl.cc/Rq969r
#IG：instagram.com/hoanysu",霸凌,business,
hoanysu,我是一個豪老師,"我就是分享個早餐而已
一定就有人要在留言說
「糖分爆表」、
「吃完會糖尿病」、
「有錢人才有辦法這樣吃」、
「我只吃過綠島黑糖糕沒吃過冰島優格」
阿不就好健康，好棒棒",2025/11/28 20:05,"我是一個豪老師
#教育難題私訊就對了
#tiktok：https://reurl.cc/Rq969r
#IG：instagram.com/hoanysu",霸凌,business,
hoanysu,我是一個豪老師,"完了！我沒朋友了！
#我是一個豪老師
#學校
#學習
#教育
#朋友",2025/11/28 18:13,"我是一個豪老師
#教育難題私訊就對了
#tiktok：https://reurl.cc/Rq969r
#IG：instagram.com/hoanysu",霸凌,business,
endlesskaobe,玉山上悠亞,"本來想一直當個好相處的人
可是發現 一直被欺負
只好開始雞掰起來
然後那些本來在欺負的人居然就開始收斂了🙄🙄",2025/12/8 16:54,"INFP
一個暢所欲言的小房間
討厭權貴跟盲從者
🚫PUA  🚫87  🚫🐦",被欺負,non_life,
endlesskaobe,玉山上悠亞,"什麼?!
1889 年，光緒帝親政，同年，任天堂（Nintendo, 7974-JP ）成立
是Switch那個任天堂",2025/12/5 01:36,"INFP
一個暢所欲言的小房間
討厭權貴跟盲從者
🚫PUA  🚫87  🚫🐦",被欺負,non_life,
endlesskaobe,玉山上悠亞,"座標台南
依舊還是只敢在網路上說我是柯粉
台南還是很🟢
無解 🟢太深耕了
連空氣都夾雜著民主的煙味
我不是支持民眾黨的人 畢竟它還不成熟還有很多可以努力的空間
我只是一個支持柯文哲的🌱",2025/12/4 22:32,"INFP
一個暢所欲言的小房間
討厭權貴跟盲從者
🚫PUA  🚫87  🚫🐦",被欺負,non_life,
endlesskaobe,玉山上悠亞,"台灣沒有人比她更會跳舞
可惜戀愛好像比事業心更重
家裡也不缺錢的樣子
這才叫跳舞
舞感不是努力就有的東西
跳得好看就是好看",2025/12/4 21:33,"INFP
一個暢所欲言的小房間
討厭權貴跟盲從者
🚫PUA  🚫87  🚫🐦",被欺負,non_life,
endlesskaobe,玉山上悠亞,"為什麼 美鳳老師跳成這樣 網友卻一個勁地讚賞呢🤔
有什麼特別之處",2025/12/2 23:14,"INFP
一個暢所欲言的小房間
討厭權貴跟盲從者
🚫PUA  🚫87  🚫🐦",被欺負,non_life,
endlesskaobe,玉山上悠亞,"今天發現整個辦公室都在說
中國人不去日本旅遊品質高很多
原來平時安靜的大家都討厭中國
到底是我不正常還是她們🤔
我不覺得台灣人水準比較高啊....
鯛也很多",2025/11/27 07:02,"INFP
一個暢所欲言的小房間
討厭權貴跟盲從者
🚫PUA  🚫87  🚫🐦",被欺負,non_life,
dream225871,Sin,"失業不是最可怕的
最可怕的是，當你開始習慣沒工作的日子
越躺越懶，越懶越不想找
越不找，越迷茫，越焦慮，越社恐
最後不知不覺，覺得社會好像不需要你
這樣感覺，你懂嗎？",2025/3/2 22:15,沒有不景氣，只有不努力,失業,pass,
dream225871,Sin,"最好職場關係，不是天天黏在一起
而是關鍵時刻能夠互相幫忙
一個真正職場朋友，不是每天跟你哈拉
而是有難時，願意幫你扛事的人",2025/3/2 18:52,沒有不景氣，只有不努力,失業,pass,
dream225871,Sin,"人際關係的本質是『互相需要』，
而不是，單方面輸出。",2025/3/2 16:47,沒有不景氣，只有不努力,失業,pass,
dream225871,Sin,"長大後才發現，真正的朋友
不是天天見面，而是關鍵時刻不會消失的人",2025/3/2 14:31,沒有不景氣，只有不努力,失業,pass,
dream225871,Sin,"有人說：如果能回到過去，你會想改變什麼？
我說：想阻止自己亂花錢。
但回到過去，自己肯定不會聽話的，
還會說：就一次就好",2025/3/2 12:31,沒有不景氣，只有不努力,失業,pass,
dream225871,Sin,職場潛規則：越會裝忙的人，升遷越快,2025/3/2 10:41,沒有不景氣，只有不努力,失業,pass,
dream225871,Sin,"廣大脆友。
老婆在說夢話，我需要試著跟他對話嗎？",2025/3/2 00:11,沒有不景氣，只有不努力,失業,pass,
dream225871,Sin,"大家都說人生中要找到熱愛的事
我找到了，叫睡覺。",2025/3/1 23:05,沒有不景氣，只有不努力,失業,pass,
dream225871,Sin,"減肥最難的不是運動
而是拒絕朋友，揪吃宵夜
算了啦，今天還是放鬆一下
這句話一年出現 365 次了",2025/3/1 21:56,沒有不景氣，只有不努力,失業,pass,
dream225871,Sin,"上班生活壓力大嗎？
來看看仙人掌，不僅僅療癒心靈，
像人生一樣，偶爾澆點水就能繼續堅強生長。",2025/3/1 20:05,沒有不景氣，只有不努力,失業,pass,
dream225871,Sin,"不是我不想存錢，是錢不想存我。
每次存款還沒滿出來，帳單就先爆出來。",2025/3/1 19:54,沒有不景氣，只有不努力,失業,pass,
dream225871,Sin,"今天不開心嗎？
沒關係，開心又不會讓你變有錢。",2025/3/1 19:37,沒有不景氣，只有不努力,失業,pass,
dream225871,Sin,"天氣好，平日上班壓力大嗎？
適當讓自己充電一下。",2025/3/1 13:24,沒有不景氣，只有不努力,失業,pass,
dream225871,Sin,想要有不凡的成就前，難免會遭人諷刺與挖苦。,2025/2/28 23:42,沒有不景氣，只有不努力,失業,pass,
dream225871,Sin,"月初吃燒肉，月底吃泡麵
這就是一個成年人的人生曲線",2025/2/28 21:55,沒有不景氣，只有不努力,失業,pass,
dream225871,Sin,"有人說，金錢買不到快樂
但金錢可以買炸雞，炸雞會讓我快樂",2025/2/28 15:38,沒有不景氣，只有不努力,失業,pass,
dream225871,Sin,"有人說，努力工作才能改變人生，
這句我信了，但現在我的人生變得更忙了。
夢想財富自由，怎麼變的時間自由都沒有？",2025/2/28 10:36,沒有不景氣，只有不努力,失業,pass,
dream225871,Sin,"別人說我工作不認真
這麼多年來，摸魚我可是從來沒失誤過的。",2025/2/28 08:07,沒有不景氣，只有不努力,失業,pass,
dream225871,Sin,"拼死拼活，是為了上司的一句「不錯」？
還是為了… 隨時被替換？
「公司要的不是員工，要的是狗，
聽話的狗，不能犯錯的狗。」
——《X!又是星期一》
90%上班族的心聲，說中了嗎？",2025/2/27 22:53,沒有不景氣，只有不努力,失業,pass,
dream225871,Sin,"有人說胖不是因為吃得多
而是因為代謝慢
聽起來好像還有些道理
但我在吃宵夜的時，也沒覺得有多慢啊
倒是食物進肚子裡速度，比我跑步還快🤣",2025/2/27 22:22,沒有不景氣，只有不努力,失業,pass,
dream225871,Sin,人生苦短，糖要加滿,2025/2/27 20:23,沒有不景氣，只有不努力,失業,pass,
dream225871,Sin,"每位成功人士都會說
只要努力，你也可以成功
可他們卻沒有告訴你，他們起跑點
可能已經是你終點的三倍遠。",2025/2/27 13:44,沒有不景氣，只有不努力,失業,pass,
dream225871,Sin,"上班就像談戀愛一樣，剛開始很有新鮮感
但後來一天到晚想分手。",2025/2/27 12:37,沒有不景氣，只有不努力,失業,pass,
dream225871,Sin,"每天上班的唯一樂趣
就是想今天中午要吃什麼🤔",2025/2/27 10:23,沒有不景氣，只有不努力,失業,pass,
dream225871,Sin,"上班族的快樂是什麼？
還不就是發薪日入袋的，那五分鐘😂",2025/2/26 16:17,沒有不景氣，只有不努力,失業,pass,
dream225871,Sin,"大家都喜歡賺快錢，但是缺沒人願意賺慢錢
這是為什麼？",2025/2/26 13:35,沒有不景氣，只有不努力,失業,pass,
dream225871,Sin,"聽過許多創業者為了財富自由，時間自由
但事實上
有些創業者，卻每天被自己給困住。",2025/2/26 10:45,沒有不景氣，只有不努力,失業,pass,
dream225871,Sin,"現代人沒有這三高
高血壓、高血脂、高血糖
一定有這三低：低薪、低存款、低生活品質。",2025/2/26 09:42,沒有不景氣，只有不努力,失業,pass,
dream225871,Sin,"創業就像在談戀愛ㄧ樣
剛開始時都很熱血，但到後面每天想分手。",2025/2/25 20:01,沒有不景氣，只有不努力,失業,pass,
dream225871,Sin,"被動收入其實不難
但，難的是
怎麼讓老闆相信你，值得主動收入。",2025/2/25 15:23,沒有不景氣，只有不努力,失業,pass,
dream225871,Sin,"在面試的時
公司說我們是家人關係
進來發現
他們是繼母跟後爸。",2025/2/25 12:16,沒有不景氣，只有不努力,失業,pass,
dream225871,Sin,"從客戶身上
最大的受益是什麼？
是對你的認同感。",2025/2/25 11:16,沒有不景氣，只有不努力,失業,pass,
dream225871,Sin,先學會自律，再來談未來。,2025/2/25 09:13,沒有不景氣，只有不努力,失業,pass,
dream225871,Sin,"請問去戶政事務所登記需要注意什麼
不懂就問脆",2025/2/25 07:42,沒有不景氣，只有不努力,失業,pass,
dream225871,Sin,雙辛家庭，都是為了生活。,2025/2/24 20:27,沒有不景氣，只有不努力,失業,pass,
dream225871,Sin,"在職場上我們不是對等競爭
而是你我之間關係戰場。",2025/2/24 19:44,沒有不景氣，只有不努力,失業,pass,
dream225871,Sin,"今天上班的你，現在心情如何？
1.還沒醒，人在公司心在家
2.已讀未回所有主管訊息
3.很好，我是老闆！",2025/2/24 07:58,沒有不景氣，只有不努力,失業,pass,
dream225871,Sin,明天是上班族最討厭的日子。,2025/2/23 22:07,沒有不景氣，只有不努力,失業,pass,
dream225871,Sin,"人在一生中，最困難的事不是賺錢，
而是怎麼走出低潮
曾經有過那種
覺得自己活著很沒有意義時
是你，會怎麼熬出低潮的？",2025/2/23 15:53,沒有不景氣，只有不努力,失業,pass,
dream225871,Sin,"距離月底剩四天，上班族你目標工作有完成了嗎
1.哎呀，目標不是口嗨給老闆爽一下的嗎
2.早就完成了，等著228連假出去玩呢
3.怎辦下週一要提交給老闆工作報告還沒完成
4.準備面試新工作了",2025/2/23 12:31,沒有不景氣，只有不努力,失業,pass,
dream225871,Sin,思考能夠拯救一個人命運。,2025/2/22 15:14,沒有不景氣，只有不努力,失業,pass,
dream225871,Sin,"這世上，所以富有或貧困
失敗或成功
從根本上不在別人
而是取決自己。",2025/2/22 12:38,沒有不景氣，只有不努力,失業,pass,
dream225871,Sin,早安。,2025/2/22 09:45,沒有不景氣，只有不努力,失業,pass,
dream225871,Sin,"明日是週末假期要怎麼規劃呢
1.太棒了，睡到自然醒
2.把握時間，開啟追劇模式
3.趁假日補充實自我提升",2025/2/21 22:02,沒有不景氣，只有不努力,失業,pass,
dream225871,Sin,"小時候的我們，在課堂上的我們遇到問題時，能思考去解決問題。
長大後的我們，在職場上的我們遇到問題時，卻忘記思考解決問題。",2025/2/21 12:04,沒有不景氣，只有不努力,失業,pass,
dream225871,Sin,"努力不一定你會成功
不努力你一定很輕鬆。",2025/2/21 08:02,沒有不景氣，只有不努力,失業,pass,
dream225871,Sin,"AI真的越來越方便
工作上遇到問題，問他就對了
如果Al能讓工作效率提升5%-10%
多出來時間，我們能幹嘛呢？",2025/2/20 20:32,沒有不景氣，只有不努力,失業,pass,
dream225871,Sin,"減肥不是只有少吃而已
更多的是，關於心態上調整
最近的你也在這方面努力
讓我們一起加油👏
也順便來聊聊彼此心得",2025/2/20 20:18,沒有不景氣，只有不努力,失業,pass,
dream225871,Sin,"最可怕的事，是什麼？
當你已經沒有勇氣找工作時
你也不知道自己要做什麼，
每天都很迷茫。",2025/2/20 15:13,沒有不景氣，只有不努力,失業,pass,
dream225871,Sin,"討厭吃菜的我
前陣子在每餐裡面至少吃一盤菜
從不習慣到習慣
習慣從小細節開始變化。
自我提升",2025/2/20 12:25,沒有不景氣，只有不努力,失業,pass,
dream225871,Sin,"九成以上，上班族應該都有遇過這樣同事
做事效率超級慢，是來當樹懶嗎🔥
遇事能閃則閃，在當閃電俠嗎⚡️
能推卸就推卸責任，是來當相撲力士嗎🤼",2025/2/20 12:10,沒有不景氣，只有不努力,失業,pass,
dream225871,Sin,"最近大家都在瘋AI
Ai確實在未來幾年內會讓有些人失業
甚至讓人工化產業終結
或許讓有些人在這一波潮流裡面名利翻倍
你們會想站在哪一邊呢？",2025/2/20 09:19,沒有不景氣，只有不努力,失業,pass,
dream225871,Sin,"小習慣，真的能改變人生？
目前每天運動 5分鐘、多看幾頁書、開yt看看聆聽口說英文頻道10分鍾等等
你覺得自己養成過哪個小習慣，是不是能帶來改變呢？",2025/2/20 08:52,沒有不景氣，只有不努力,失業,pass,
dream225871,Sin,"小時候覺得成功是賺大錢，後來發現健康、自由、心情好更重要。
最近有沒有突然覺得這才是人生。",2025/2/20 07:59,沒有不景氣，只有不努力,失業,pass,
dream225871,Sin,"有人跟我一樣，現在睡不著覺了嗎！
可以讓我知道一下嗎！",2025/2/20 00:22,沒有不景氣，只有不努力,失業,pass,
dream225871,Sin,"當開始專注提升自己，會發現很多以前覺得有趣的事變無聊了。
反倒之前刷劇、打遊戲、社交，慢慢開始興趣缺缺…
這到底是成長，還是變得無趣了呢？",2025/2/19 20:07,沒有不景氣，只有不努力,失業,pass,
dream225871,Sin,"曾經有個無話不談朋友，
現在卻變成朋友圈裡的「熟悉陌生人」。
有這種遺憾嗎？
如果有機會重新聯絡，
你還會主動開口嗎？
朋友",2025/2/19 19:25,沒有不景氣，只有不努力,失業,pass,
dream225871,Sin,"想要提升，最難不是學習，而是持之以恆？
自我提升",2025/2/19 16:21,沒有不景氣，只有不努力,失業,pass,
dream225871,Sin,"為什麼有些人總能每天早起運動、學習，感覺人生很自律？
自我提升",2025/2/19 08:19,沒有不景氣，只有不努力,失業,pass,
dream225871,Sin,"開始在看一堆關於自我成長的書，覺得好多方法都很實用！
大家有沒有推薦書單或技巧，能讓我進步得更快呢？
自我提升",2025/2/18 23:24,沒有不景氣，只有不努力,失業,pass,
dream225871,Sin,"朋友是那種會在你說‘我好像開始減肥了’的時候立刻回你‘那麼我們要吃什麼😂
朋友",2025/2/18 21:51,沒有不景氣，只有不努力,失業,pass,
dream225871,Sin,"出外工作就是如此吃啊
大家中午吃什麼呢
午餐日常",2025/2/18 12:46,沒有不景氣，只有不努力,失業,pass,
dream225871,Sin,"昨日要走進去醫院時
路旁坐著幾位大叔們在聊天
由於聲音講的特別大聲
簡單聽到幾句話
其中一位大哥
拿著手機對著另一頭講話內容
他自己不想要加班也不想要配合公司
你能拿我怎麼辦，語氣中夾帶點髒話
另一頭似乎是老闆？
當時我是快步走進醫院，也沒有聽到後續內容
在我離開時，幾位大哥們還在原本位子聊天
我當時有兩個想法
ㄧ是說既然這麼不開心，直接提出離職，沒必要這樣跟老闆對吵，沒意義，外面一堆缺工，不怕沒工作。
二是說怎麼這麼不配合公司甚至加班啊，有工作還在嫌東嫌西的，難怪現在公司都不好請人，
本身態度跟賺錢慾望就有問題。
這邊解釋我不是愛加班的人，當事情沒有做完，當然要小加班一下，但我認為這是工作基本態度，也是對自己負責任的交代。
工作日常",2025/2/18 09:39,沒有不景氣，只有不努力,失業,pass,
dream225871,Sin,"過年吃到懷疑人生，減肥成了我的新年願望。
減肥日記",2025/2/17 18:48,沒有不景氣，只有不努力,失業,pass,
wanghanhan6166,王涵涵,"失業中第六天
又被太陽叫醒🌥️
一個人又不知道能做啥，在騎車走來走去
受不了去就業站求救了
剛吃午餐也自己偷哭，好想登出
連100都沒有……🥲",2025/10/15 13:11,,失業,pass,
wanghanhan6166,王涵涵,"今晚洗澡邊洗邊哭，我真的太廢了
連歌都唱不下去，洗澡唱歌
好想睡一下就不醒來……
晚上眼淚一直流",2025/10/14 22:44,,失業,pass,
wanghanhan6166,王涵涵,"下午有打工平台跟我說信用不良被停權了
目前也好像只能做外送🤔
我最近都獨來獨往的
找不到工作真的很苦惱，又真的快沒錢了……",2025/10/14 17:37,,失業,pass,
wanghanhan6166,王涵涵,"待業第五天，也是被太陽叫醒🌥️
一早心情不好一直被唸
希望天地快收我回去……
找工作中，感覺這輩子都快找不到了",2025/10/14 11:26,,失業,pass,
wanghanhan6166,王涵涵,"心血來潮自己一人騎車上山
抽籤問神何時有工作
祂說要等到普發一萬，大概11月中才有
這段時間要充實自己，減肥考證照什麼的
不知道還能不能等到那是，目前沒1000
找工作真難，人生～",2025/10/13 16:58,,失業,pass,
wanghanhan6166,王涵涵,"待業第四天，一早又被叫醒🌥️
看著人來人往的地方自己卻不知道做什麼事
好想趕快有工作",2025/10/13 12:25,,失業,pass,
wanghanhan6166,王涵涵,"連假最後一天🌥️，跟爸媽去桃園
還吃一些美食，幾乎都他們出錢
我還沒找到工作也不敢亂花$💰
去幾個地方曬太陽，太陽真大
秋天來了，樹開始變黃
趕快有工作賺錢💰😭",2025/10/12 15:04,,失業,pass,
wanghanhan6166,王涵涵,"國慶日第二天連假，今天也是被太陽🌥️
想到自己還沒有穩定的工作感覺心煩……
早上在整理自己的房間，有點亂
一直很想離開，沒錢真的呼吸什麼都要$💔
然後昨天大腿有個東西我走路有點痛，好像是肥胖的紅腫，晚上有擦藥了到白天有比較好點",2025/10/11 12:17,,失業,pass,
wanghanhan6166,王涵涵,突然有個想法，就是去爬山或公園或塞車的車陣中的地方賣結冰水，有人會買嗎？一瓶$10,2025/10/10 11:58,,失業,pass,
wanghanhan6166,王涵涵,"還是每天被太陽叫醒中🌥️☀️
今天的天氣很好，大家都出遊玩了～
也是國家的生日🇹🇼🎂
一早國道好塞，有狀況
真的又放3天假，但是沒工作每天都放假，窮醒",2025/10/10 08:53,,失業,pass,
wanghanhan6166,王涵涵,"唉，一直很想不醒來，但是心還在為我跳動著
找工作怎麼那麼難，那個什麼pro接案的要刷信用卡才能接案，又被我媽唸一大堆，我快煩死了！又一個人獨自關在房間思考人生",2025/10/8 18:18,,失業,pass,
wanghanhan6166,王涵涵,"痛苦，窮醒，人生好難，一個人
🌥️💔💔💰",2025/10/8 10:01,,失業,pass,
wanghanhan6166,王涵涵,"不知道自己一人來這世界要幹嘛？
然後下午騎車自摔，皮肉痛人還在
是不是大難不死必有後福？
找工作真的是太難了，好想創業😭",2025/10/7 17:23,,失業,pass,
wanghanhan6166,王涵涵,"窮醒了，一直在1111找工作中
太陽好大～
一個人也想做Uber但是感覺危險，而且我還沒裝保溫袋
發票有中500有些超商都不能領百元鈔，心累",2025/10/7 11:00,,失業,pass,
wanghanhan6166,王涵涵,"下午無聊都會幹嘛？一個人
我已經無聊很多個下午了
沒事從下午睡到晚上
希望工作能找的順利
這世界沒錢真的不能幹嘛💔💰
再上3天又放3天了，但是沒工作感覺每天都放假，不太好，人生真難",2025/10/6 20:53,,失業,pass,
wanghanhan6166,王涵涵,"跟家人來福德宮，和跟自己去的感覺不一樣
上山果然真多人，本來想偷吃步結果上面不能停在管制",2025/10/6 13:24,,失業,pass,
wanghanhan6166,王涵涵,"有人自己去拜拜嗎？土地公生日
拿過的籤要還人家？
現在很多人嗎？
#福德宮",2025/10/6 11:17,,失業,pass,
wanghanhan6166,王涵涵,"每天都一直被太陽叫醒🌥️☀️
其實我想放棄自己了（難以置信，我沒被放棄
想做個能跟太陽一樣它上班我上班，它下班我就下班的工作，錢包也只剩100...
黑夜過去，光明總會進來～
這世界那麼大，一定能找到的💪👍
中秋烤肉節快樂！",2025/10/5 13:31,,失業,pass,
wanghanhan6166,王涵涵,"去面試之後只有等通知，餐飲
這人生也太難，一直被鬧鐘和陽光叫醒
沒目標如何朝光前進，也沒錢……🌥️",2025/10/4 15:29,,失業,pass,
wanghanhan6166,王涵涵,"請問枕頭下的入厝金可以花嗎？
我真的沒錢，也還沒找到工作
之前手尾錢被我花完了……
感覺我的人生路好難喔！😭💰💔",2025/10/3 20:50,,失業,pass,
wanghanhan6166,王涵涵,"淡水沙崙海水浴場，天地的調色盤🌅📹🏖️👍
有人在拍婚紗，還不錯～",2025/10/3 18:04,,失業,pass,
wanghanhan6166,王涵涵,"搭公車時公館為什麼有一堆圍起來的圓錐
要做什麼事？修路？
最近馬路真的很多地方都在修欸...
沒拍照",2025/10/3 12:03,,失業,pass,
wanghanhan6166,王涵涵,"沒錢真是太可怕了，我真的撐不住但是都告訴自己說別擔心別懷疑自己，姊妹們乾一杯明天繼續
已經窮很久了……真的可以靠攝影賺錢嗎？
興趣當飯吃？",2025/10/3 00:19,,失業,pass,
wanghanhan6166,王涵涵,"有剛老夫人跟男的吵架
男的拿一本書好像就不小心撞到女的
那個女的就開始發瘋的亂叫
最後警察來了
不敢錄影，聲音超大聲
在圖書館",2025/10/2 15:43,,失業,pass,
wanghanhan6166,王涵涵,"其實想當看看攝影師🏙️🌤️或外送員
這個下午好無聊～
還是有些人不用工作的嗎？🤔",2025/10/2 15:05,,失業,pass,
wanghanhan6166,王涵涵,"真的不行了，已經破產很久了
好希望自己趕快離開這世界$
為什麼找工作這麼辛苦……
好想在路邊坐著，一人一塊不知道會有多少
💔💰
希望有人能趕快給我工作做，不然已經太久沒工作了，感覺不太好
我就爛😭",2025/10/1 21:37,,失業,pass,
t.a.ken,Taken,"失業九年了
2026一定要找到工作",2026/1/2 04:13,"我喜歡有趣的人
我是個i人有趣的人
這世界需要點荒繆與不可思議…
別追蹤我…",失業,business,
t.a.ken,Taken,跨年北部有沒有什麼夜店推薦,2025/12/31 00:14,"我喜歡有趣的人
我是個i人有趣的人
這世界需要點荒繆與不可思議…
別追蹤我…",失業,business,
t.a.ken,Taken,"誇年那天有沒有推薦去哪誇
要很多辣妹舞者的那種夜店
北部
DD-空氣快至息
omni-感覺外籍居多",2025/12/30 23:23,"我喜歡有趣的人
我是個i人有趣的人
這世界需要點荒繆與不可思議…
別追蹤我…",失業,business,
t.a.ken,Taken,"（徵）動物醫療專業夥伴
我們正在酬備一間新的動物醫療據點，希望尋找一位具有臨床經驗的獸醫，擔任診所中不可或缺的關鍵角色
合作模式、權責與保障皆可詳談
尊重專業、制度清楚、長期為前題
地點在雙北",2025/12/28 18:53,"我喜歡有趣的人
我是個i人有趣的人
這世界需要點荒繆與不可思議…
別追蹤我…",失業,business,
t.a.ken,Taken,"少一件牛仔外套
有人推薦嗎？
美式或英式風格",2025/12/21 19:57,"我喜歡有趣的人
我是個i人有趣的人
這世界需要點荒繆與不可思議…
別追蹤我…",失業,business,
t.a.ken,Taken,"有沒有社會組的躲避球比賽
團體或比賽想參加",2025/12/20 23:07,"我喜歡有趣的人
我是個i人有趣的人
這世界需要點荒繆與不可思議…
別追蹤我…",失業,business,
t.a.ken,Taken,"有人跟我一樣身體保護機制太強嗎？
比如：看到抽血會頭暈想吐，但我又不怕看血，又喜歡做些挑戰冒險的事，心臟.雙手腳，又控制不了。 😭這是什麼機制…",2025/12/19 11:18,"我喜歡有趣的人
我是個i人有趣的人
這世界需要點荒繆與不可思議…
別追蹤我…",失業,business,
midlifenani,中年在幹嘛,40+失業・退休中年婦女：剛結束今年兼職店員的日子，我真佩服我自己。,2025/12/28 18:26,"40+的內耗崩潰日常
被迫提早退休的日子
在找自己和人生意義的道路上",失業,pass,
midlifenani,中年在幹嘛,40+失業・退休中年婦女：我也不想只是這樣，但又不得不這樣。,2025/12/28 09:36,"40+的內耗崩潰日常
被迫提早退休的日子
在找自己和人生意義的道路上",失業,pass,
midlifenani,中年在幹嘛,40+失業・退休中年婦女：如果人一輩子面試quota有上限的話，我應該收集了好多輩子。,2025/12/27 22:18,"40+的內耗崩潰日常
被迫提早退休的日子
在找自己和人生意義的道路上",失業,pass,
midlifenani,中年在幹嘛,"N4自學日文繼續發瘋篇No.26
是誰說文法都在N5，N4會越來越輕鬆？
自從散歩しましょう後，學習和消化速度和驟降。
一直在[普通形＋んです]中鬼打牆〜以下感覺蠻實用的～
山口：木村さん、元気ないですね。どうしたんですか。
木村：ちょっと、昨日、飲みすぎたんです。
山口：ああ、二日酔いですね。どうしてそんなに飲んだんですか。
木村：楽しかったから、つい・・・。
山口：木村さん、年のことを考えてください。
山口：木村さん，你看起來沒什麼精神耶！怎麼了嗎？
木村：昨天有點喝太多了・・・。
山口：喔喔，是宿醉了啊。怎麼喝那麼多呢？
木村：因為太嗨了，不知不覺就・・・。
山口：木村さん，要注意一下自己的年紀喔！
資料來源：日本語GOGOGO2",2025/12/27 16:14,"40+的內耗崩潰日常
被迫提早退休的日子
在找自己和人生意義的道路上",失業,pass,
midlifenani,中年在幹嘛,40+失業・退休中年婦女：🎄聖誕節快樂。天氣變冷了，今天也安靜的好好愛惜自己喔。,2025/12/25 11:05,"40+的內耗崩潰日常
被迫提早退休的日子
在找自己和人生意義的道路上",失業,pass,
midlifenani,中年在幹嘛,40+失業・退休中年婦女：結束今年最後一次面試，2026繼續💪,2025/12/24 08:09,"40+的內耗崩潰日常
被迫提早退休的日子
在找自己和人生意義的道路上",失業,pass,
midlifenani,中年在幹嘛,40+失業・退休中年婦女：日子是從什麼時候開始被我活成破破爛爛的樣子。,2025/12/23 21:45,"40+的內耗崩潰日常
被迫提早退休的日子
在找自己和人生意義的道路上",失業,pass,
midlifenani,中年在幹嘛,40+退休中年婦女：我們能熬過這段時期吧？對吧？,2025/12/22 18:43,"40+的內耗崩潰日常
被迫提早退休的日子
在找自己和人生意義的道路上",失業,pass,
midlifenani,中年在幹嘛,40+退休中年婦女：終於想開始為自己活著的時候，卻發現活下去的條件越來越嚴苛。,2025/12/18 11:32,"40+的內耗崩潰日常
被迫提早退休的日子
在找自己和人生意義的道路上",失業,pass,
midlifenani,中年在幹嘛,40+退休中年婦女廢言：雖然前進的很緩慢，但還是要前進才行呢。,2025/12/17 08:46,"40+的內耗崩潰日常
被迫提早退休的日子
在找自己和人生意義的道路上",失業,pass,
gecko.8190707,gecko.8190707,55歲，失業第100天，沒有頭緒，路是不是已到了盡頭？,2025/12/5 22:30,,失業,not_enough_posts,
stranger_____iii,陌生人,我是什麼餓👻？,2025/11/28 11:00,"❗️刪對話訊息是日常
-
（ 記錄各式各樣的日記
（ 有點營養又有點不太營養🤪
（ 偶爾發瘋/偶爾中瘋
（ 偶爾正常/偶爾感性
-
誕生20250904
暈船日記 🫠（20250920-End🪦)",失業,needs_manual_review,non_life
stranger_____iii,陌生人,「 🫧🫧日記」；🐈‍⬛ 4️⃣；Part.11🔞,2025/11/28 07:33,"❗️刪對話訊息是日常
-
（ 記錄各式各樣的日記
（ 有點營養又有點不太營養🤪
（ 偶爾發瘋/偶爾中瘋
（ 偶爾正常/偶爾感性
-
誕生20250904
暈船日記 🫠（20250920-End🪦)",失業,needs_manual_review,non_life
stranger_____iii,陌生人,"「_詐騙🤡」.Part.2
🤡：「而且我今天就加班陪不到你」
🤡：「然後還讓你跑白一趟」
🙈：「怎麼下載?」
-
(第一次看到手機說那是外部軟體
(沒錯 我還是下載了....
然後我就一步一步地跳入陷阱
-
阿我是真的投了一萬進去
全身上下就這個數而已無法再多了
-
然後🤡講著電話
讓我把錢換成美金
叫我投我就投
是真的教我賺了黃金
然後一個晚上就兩場賭博
結果真的賺到
-
只不過要明天才能兌換
畢竟都已經晚上10點多了
腦袋依然還是覺得很不真實
雖不真實
可是我最後還是就這樣去睡覺了
而且還睡得很沉....
-
拜託看的各位
真的沒有白吃的午餐阿
(還是其實只有我這種傻B?
(歡迎大家贊助傻B....",2025/11/28 06:33,"❗️刪對話訊息是日常
-
（ 記錄各式各樣的日記
（ 有點營養又有點不太營養🤪
（ 偶爾發瘋/偶爾中瘋
（ 偶爾正常/偶爾感性
-
誕生20250904
暈船日記 🫠（20250920-End🪦)",失業,needs_manual_review,non_life
stranger_____iii,陌生人,"「_青春時期的喜歡」🔚
如果以三劍客的他們來說
他不是最高的但卻是最可愛
-
他們感覺就是非常聰明的人
成績好然後又是籃球校隊
記得當時我是國中而他是高中
上學一定會經過等公車的他們
每次經過的我們都會憋笑
要裝作不認識甚至沒看到他們
但是每次經過
餘光就是會感受到有人在跟隨
（畢竟後來打球也會熟了
-
而其實下課後的我們
是在同一個空間運動著
有時候他們先到那就是打籃球
有時候我們先到那就是打排球
-
還記得假日
我的穿著不是藍就是黑
不知道從什麼開始
我發現他也跟著我
開始了藍與黑的色系日常
我們像是說的好
週六固定藍週日固定黑
還不是只有一次的巧合而已
-
為了驗證我的錯覺
我開始故意
禮拜六穿黑的
禮拜日穿藍的
-
等到下個禮拜時候
我們的色系又撞在一起了😍
-
曾經我表過白
（不是面對面的那種
不曾指名道姓的說是誰
可是他卻來留言說謝謝我的喜歡
原來他知道我喜歡他
原來他知道我們穿同系
原來他不喜歡我
-
為什麼忽然打他
因為今天他生日🎂
-
生日快樂🎂",2025/11/27 21:33,"❗️刪對話訊息是日常
-
（ 記錄各式各樣的日記
（ 有點營養又有點不太營養🤪
（ 偶爾發瘋/偶爾中瘋
（ 偶爾正常/偶爾感性
-
誕生20250904
暈船日記 🫠（20250920-End🪦)",失業,needs_manual_review,non_life
stranger_____iii,陌生人,"「_詐騙🤡」.Part.0
當初下載交友軟體
實屬是因為我已經單身
1.2.3.4.5.6.7.8.9.10的其中一年
然後就是戀愛腦又出現了
-
照片上的🤡太帥了
帥到一個我從沒想過是假的
也忘了詐騙是很平凡的這件事情
-
很快的我們就加上了賴
不外乎的那些問題
你幾歲阿
你叫什麼啊
你住哪個縣市啊
你做什麼工作的阿
你家裡有哪些家人阿
全部都問一個細
-
當然連戀愛觀都問清了
-
想結婚的我不想生孩子🤡可以
結婚後不跟公婆住🤡不可以
(但是我屈服 畢竟🤡實在太帥了
還有一個條件🤡可以
(但是我忘記是什麼了
-
然後就開始了寶寶長寶寶短
我也是默認了
被帥哥叫寶寶不要白不要(???
而且還符合我的價值觀
-
有一天假日
我心血來潮搭著區間去到🤡的城市",2025/11/27 13:55,"❗️刪對話訊息是日常
-
（ 記錄各式各樣的日記
（ 有點營養又有點不太營養🤪
（ 偶爾發瘋/偶爾中瘋
（ 偶爾正常/偶爾感性
-
誕生20250904
暈船日記 🫠（20250920-End🪦)",失業,needs_manual_review,non_life
stranger_____iii,陌生人,有點躁,2025/11/27 10:19,"❗️刪對話訊息是日常
-
（ 記錄各式各樣的日記
（ 有點營養又有點不太營養🤪
（ 偶爾發瘋/偶爾中瘋
（ 偶爾正常/偶爾感性
-
誕生20250904
暈船日記 🫠（20250920-End🪦)",失業,needs_manual_review,non_life
stranger_____iii,陌生人,「 🫧🫧日記」；🐈‍⬛4️⃣ ；Part.10🔞,2025/11/27 06:32,"❗️刪對話訊息是日常
-
（ 記錄各式各樣的日記
（ 有點營養又有點不太營養🤪
（ 偶爾發瘋/偶爾中瘋
（ 偶爾正常/偶爾感性
-
誕生20250904
暈船日記 🫠（20250920-End🪦)",失業,needs_manual_review,non_life
stranger_____iii,陌生人,"我其實非常不喜歡「承諾」這兩個字
這兩字太貴重
而且根本沒有人做得到
-
所以我從來不給
因為連我自己都做不到",2025/11/26 21:50,"❗️刪對話訊息是日常
-
（ 記錄各式各樣的日記
（ 有點營養又有點不太營養🤪
（ 偶爾發瘋/偶爾中瘋
（ 偶爾正常/偶爾感性
-
誕生20250904
暈船日記 🫠（20250920-End🪦)",失業,needs_manual_review,non_life
stranger_____iii,陌生人,"靠背
騎個腳踏車而已
也能跟人相撞
而且幹
還撞到我的胸下",2025/11/26 18:06,"❗️刪對話訊息是日常
-
（ 記錄各式各樣的日記
（ 有點營養又有點不太營養🤪
（ 偶爾發瘋/偶爾中瘋
（ 偶爾正常/偶爾感性
-
誕生20250904
暈船日記 🫠（20250920-End🪦)",失業,needs_manual_review,non_life
stranger_____iii,陌生人,"當我說刪除了
當我說我忘了
-
別懷疑
是我把對話刪了
-
每天都是新的對話😈",2025/11/26 07:38,"❗️刪對話訊息是日常
-
（ 記錄各式各樣的日記
（ 有點營養又有點不太營養🤪
（ 偶爾發瘋/偶爾中瘋
（ 偶爾正常/偶爾感性
-
誕生20250904
暈船日記 🫠（20250920-End🪦)",失業,needs_manual_review,non_life
stranger_____iii,陌生人,「 🫧🫧日記」；🐈‍⬛4️⃣ ；Part.9🔞,2025/11/26 07:32,"❗️刪對話訊息是日常
-
（ 記錄各式各樣的日記
（ 有點營養又有點不太營養🤪
（ 偶爾發瘋/偶爾中瘋
（ 偶爾正常/偶爾感性
-
誕生20250904
暈船日記 🫠（20250920-End🪦)",失業,needs_manual_review,non_life
stranger_____iii,陌生人,"昨天早睡的代價
-
🐣跟我國小同學在一起！
🐣還跟我保持距離
只因為我們色色過😜
-
幹….誰準你們在一起
🐣完美天菜
只能是我的欸🥴
-
然後前任（就是有發文的那一個
他爸配上前老闆的老婆
然後前任他爸住院…
我得在醫院顧🤔🤔🤔
顧完就算了（還顧上一整晚
去工廠工作
前老闆的兒子還是這麼跩
明明沒在工作
確不要臉的領獎金💰",2025/11/26 06:18,"❗️刪對話訊息是日常
-
（ 記錄各式各樣的日記
（ 有點營養又有點不太營養🤪
（ 偶爾發瘋/偶爾中瘋
（ 偶爾正常/偶爾感性
-
誕生20250904
暈船日記 🫠（20250920-End🪦)",失業,needs_manual_review,non_life
stranger_____iii,陌生人,"信我
我要去睡覺了😎",2025/11/25 21:34,"❗️刪對話訊息是日常
-
（ 記錄各式各樣的日記
（ 有點營養又有點不太營養🤪
（ 偶爾發瘋/偶爾中瘋
（ 偶爾正常/偶爾感性
-
誕生20250904
暈船日記 🫠（20250920-End🪦)",失業,needs_manual_review,non_life
stranger_____iii,陌生人,"不回答
封鎖你們哦😈
-
來….
你們怎麼滑到我的？
-
居然有女生把我的文
推給男生欸🤪",2025/11/25 20:52,"❗️刪對話訊息是日常
-
（ 記錄各式各樣的日記
（ 有點營養又有點不太營養🤪
（ 偶爾發瘋/偶爾中瘋
（ 偶爾正常/偶爾感性
-
誕生20250904
暈船日記 🫠（20250920-End🪦)",失業,needs_manual_review,non_life
stranger_____iii,陌生人,我等等一定要洗冷水澡,2025/11/25 19:47,"❗️刪對話訊息是日常
-
（ 記錄各式各樣的日記
（ 有點營養又有點不太營養🤪
（ 偶爾發瘋/偶爾中瘋
（ 偶爾正常/偶爾感性
-
誕生20250904
暈船日記 🫠（20250920-End🪦)",失業,needs_manual_review,non_life
stranger_____iii,陌生人,"好啦 我要來海巡了
忍耐了一天不回貼文
我故事也打完一個了🤫",2025/11/25 18:57,"❗️刪對話訊息是日常
-
（ 記錄各式各樣的日記
（ 有點營養又有點不太營養🤪
（ 偶爾發瘋/偶爾中瘋
（ 偶爾正常/偶爾感性
-
誕生20250904
暈船日記 🫠（20250920-End🪦)",失業,needs_manual_review,non_life
stranger_____iii,陌生人,"我在此發誓絕對不玻璃心
-
來
-
請問沒看過我的你們
幻想中的我長什麼模樣
-
胖的？瘦的？剛剛好的？
高的？矮的？
美的？醜的？
頭髮的顏色？
胸部大小？
屁股大小？
我的膚色？
-
你想得到都打出來
我看看
我是什麼模樣🤪
-
色的部分就不用多說
我自己承認😈",2025/11/25 17:17,"❗️刪對話訊息是日常
-
（ 記錄各式各樣的日記
（ 有點營養又有點不太營養🤪
（ 偶爾發瘋/偶爾中瘋
（ 偶爾正常/偶爾感性
-
誕生20250904
暈船日記 🫠（20250920-End🪦)",失業,needs_manual_review,non_life
stranger_____iii,陌生人,"我知道脆很強
請問有人可以找到林禮儀師嗎
宋小姐要加購
可是電話傳錯了….",2025/11/25 14:24,"❗️刪對話訊息是日常
-
（ 記錄各式各樣的日記
（ 有點營養又有點不太營養🤪
（ 偶爾發瘋/偶爾中瘋
（ 偶爾正常/偶爾感性
-
誕生20250904
暈船日記 🫠（20250920-End🪦)",失業,needs_manual_review,non_life
stranger_____iii,陌生人,"你們很聰明捏
我不回貼文
啊就改來私訊我",2025/11/25 11:46,"❗️刪對話訊息是日常
-
（ 記錄各式各樣的日記
（ 有點營養又有點不太營養🤪
（ 偶爾發瘋/偶爾中瘋
（ 偶爾正常/偶爾感性
-
誕生20250904
暈船日記 🫠（20250920-End🪦)",失業,needs_manual_review,non_life
stranger_____iii,陌生人,「 🫧🫧日記」；🐈‍⬛4️⃣ ；Part.8🔞,2025/11/25 06:24,"❗️刪對話訊息是日常
-
（ 記錄各式各樣的日記
（ 有點營養又有點不太營養🤪
（ 偶爾發瘋/偶爾中瘋
（ 偶爾正常/偶爾感性
-
誕生20250904
暈船日記 🫠（20250920-End🪦)",失業,needs_manual_review,non_life
stranger_____iii,陌生人,"想睡
但是睡不著😤",2025/11/25 05:52,"❗️刪對話訊息是日常
-
（ 記錄各式各樣的日記
（ 有點營養又有點不太營養🤪
（ 偶爾發瘋/偶爾中瘋
（ 偶爾正常/偶爾感性
-
誕生20250904
暈船日記 🫠（20250920-End🪦)",失業,needs_manual_review,non_life
stranger_____iii,陌生人,我如果不回覆你們可以嗎,2025/11/24 22:50,"❗️刪對話訊息是日常
-
（ 記錄各式各樣的日記
（ 有點營養又有點不太營養🤪
（ 偶爾發瘋/偶爾中瘋
（ 偶爾正常/偶爾感性
-
誕生20250904
暈船日記 🫠（20250920-End🪦)",失業,needs_manual_review,non_life
stranger_____iii,陌生人,"幹
我會刪除對話
因為太多了！",2025/11/24 19:17,"❗️刪對話訊息是日常
-
（ 記錄各式各樣的日記
（ 有點營養又有點不太營養🤪
（ 偶爾發瘋/偶爾中瘋
（ 偶爾正常/偶爾感性
-
誕生20250904
暈船日記 🫠（20250920-End🪦)",失業,needs_manual_review,non_life
stranger_____iii,陌生人,"笑死
我剛剛喝了兩杯螞蟻水",2025/11/24 17:59,"❗️刪對話訊息是日常
-
（ 記錄各式各樣的日記
（ 有點營養又有點不太營養🤪
（ 偶爾發瘋/偶爾中瘋
（ 偶爾正常/偶爾感性
-
誕生20250904
暈船日記 🫠（20250920-End🪦)",失業,needs_manual_review,non_life
stranger_____iii,陌生人,打故事打到餓了🤤,2025/11/24 17:18,"❗️刪對話訊息是日常
-
（ 記錄各式各樣的日記
（ 有點營養又有點不太營養🤪
（ 偶爾發瘋/偶爾中瘋
（ 偶爾正常/偶爾感性
-
誕生20250904
暈船日記 🫠（20250920-End🪦)",失業,needs_manual_review,non_life
stranger_____iii,陌生人,我快睡著了🙃,2025/11/24 10:59,"❗️刪對話訊息是日常
-
（ 記錄各式各樣的日記
（ 有點營養又有點不太營養🤪
（ 偶爾發瘋/偶爾中瘋
（ 偶爾正常/偶爾感性
-
誕生20250904
暈船日記 🫠（20250920-End🪦)",失業,needs_manual_review,non_life
stranger_____iii,陌生人,"我發現脆會挑人欸
我才發現好多留言
我都沒有回覆到
-
但是我的容許
所以我回光了啦
哈哈哈哈哈哈😏",2025/11/24 07:54,"❗️刪對話訊息是日常
-
（ 記錄各式各樣的日記
（ 有點營養又有點不太營養🤪
（ 偶爾發瘋/偶爾中瘋
（ 偶爾正常/偶爾感性
-
誕生20250904
暈船日記 🫠（20250920-End🪦)",失業,needs_manual_review,non_life
stranger_____iii,陌生人,"「 🫧🫧日記」；🐈‍⬛ 4️⃣；Part.7🔞
我坐立難安
水太熱
🐈‍⬛的手太壞
往我的下面摸去
-
下一秒
🐈‍⬛：「走..我們回床上」
我們雙雙圍上浴巾
走回房間
-
我躺在離廁所最近的床邊
而且這次我不圍浴巾了
把自己全裸的藏在棉被裡
🐈‍⬛走了過來
🐈‍⬛：「你躺那一邊吧～」
我將自己移了過去
🐈‍⬛拿起遙控又開始找起片子
🐈‍⬛：「你看～」
🐈‍⬛邀請我看片子
🙈：「我不…」
把自己含頭藏在被子裡
電視裡的聲音在耳邊響起
「啪啪啪…啪啪啪…」
電視裡的人肉體碰撞聲
「啊啊啊…啊啊啊…」
電視裡的人發出那忍不住的聲音
-
其實不是我不看
只是跟男生看好奇怪啊😳
我下次就要好好跟🐈‍⬛看一次 🤪
估計也不會很認真看完全部🥴
-
🐈‍⬛看我躲起來
終於換了成了音樂",2025/11/24 07:07,"❗️刪對話訊息是日常
-
（ 記錄各式各樣的日記
（ 有點營養又有點不太營養🤪
（ 偶爾發瘋/偶爾中瘋
（ 偶爾正常/偶爾感性
-
誕生20250904
暈船日記 🫠（20250920-End🪦)",失業,needs_manual_review,non_life
stranger_____iii,陌生人,"我又要來考大家了
什麼餐具最幸福？",2025/11/23 20:59,"❗️刪對話訊息是日常
-
（ 記錄各式各樣的日記
（ 有點營養又有點不太營養🤪
（ 偶爾發瘋/偶爾中瘋
（ 偶爾正常/偶爾感性
-
誕生20250904
暈船日記 🫠（20250920-End🪦)",失業,needs_manual_review,non_life
stranger_____iii,陌生人,"我訊息回不完😳
我要離職
我這樣不能出去浪",2025/11/23 16:16,"❗️刪對話訊息是日常
-
（ 記錄各式各樣的日記
（ 有點營養又有點不太營養🤪
（ 偶爾發瘋/偶爾中瘋
（ 偶爾正常/偶爾感性
-
誕生20250904
暈船日記 🫠（20250920-End🪦)",失業,needs_manual_review,non_life
stranger_____iii,陌生人,"關於我的工作
-
鑒賞腹肌
這一塊我真的是心滿意足🤩
-
鑒賞🦅（啊不是鑒賞啦
賞🦅師我本來就不是很專業
很感謝大家的踴躍報名
看了無數各式各樣的魔法😳
評到一個手軟🫠
（從不會看到有點會看？
-
不外乎會問
那你覺得適合嗎？
幹
因為沒親身試過
我自然不知道適不適合
-
但是
若可以讓對方舒服和滿足
那你的長度/粗度/角度加上技術就都不是問題
-
然後不管是腹肌/胸肌/🦅
我覺得你們敢鑒賞
那就是勇敢👍
-
這份工作
我決定繼續勝任🤪
可是我真的不是專業評
有玻璃心的不要來",2025/11/23 09:38,"❗️刪對話訊息是日常
-
（ 記錄各式各樣的日記
（ 有點營養又有點不太營養🤪
（ 偶爾發瘋/偶爾中瘋
（ 偶爾正常/偶爾感性
-
誕生20250904
暈船日記 🫠（20250920-End🪦)",失業,needs_manual_review,non_life
stranger_____iii,陌生人,"「 🫧🫧日記」；🐈‍⬛ 4️⃣；Part.6
我放了心
但是還是得出去
探出一顆頭
🙈：「你可以閉上眼睛嗎？」
🐈‍⬛聽了話閉上了眼睛
我趕緊開門大步走了出去
雖然浴巾就在牆的旁邊而已
可是浴室的玻璃門是像外開
一定得多走幾步路
然後我看著🐈‍⬛
🐈‍⬛給我張開眼睛了啦…..
-
🙈：「啊啊啊啊啊啊啊（我內心在呼喊）」
被看光了啦…
臭🐈‍⬛居然不講武德張開眼睛
但是能如何
我也沒跟🐈‍⬛說要閉上多久
-
趕緊圍上浴巾
我本是打算走出去
可….🐈‍⬛看著我
🐈‍⬛：「你來～」
🐈‍⬛的聲音像個魔力
腳不停使喚我走了過去
🐈‍⬛：「下來泡…」
🙈：「燙嗎？」
🐈‍⬛：「燙～」
-
我默默拆開身上的浴巾
靠在邊邊慢慢滑了下去
看著裸身的🐈‍⬛
🐈‍⬛靠著按摩浴缸，兩腳直直的
我慢慢的跨過🐈‍⬛的大腿
🐈‍⬛又伸著貓手
摸著我的腰
我終於坐在🐈‍⬛的旁邊
🐈‍⬛的手很不乖
摸著我的胸
我深深覺得我快要被🐈‍⬛給吃掉了",2025/11/23 08:54,"❗️刪對話訊息是日常
-
（ 記錄各式各樣的日記
（ 有點營養又有點不太營養🤪
（ 偶爾發瘋/偶爾中瘋
（ 偶爾正常/偶爾感性
-
誕生20250904
暈船日記 🫠（20250920-End🪦)",失業,needs_manual_review,non_life
stranger_____iii,陌生人,"我覺得這個帳號
真的會被我自己ㄅㄧㄤˋ掉",2025/11/22 18:41,"❗️刪對話訊息是日常
-
（ 記錄各式各樣的日記
（ 有點營養又有點不太營養🤪
（ 偶爾發瘋/偶爾中瘋
（ 偶爾正常/偶爾感性
-
誕生20250904
暈船日記 🫠（20250920-End🪦)",失業,needs_manual_review,non_life
stranger_____iii,陌生人,"我雖然看
但是我不是很專業
-
說穿了
我只是愛看🥴
-
然後我會亂評價
你….
真的可以接受再來！😈",2025/11/22 15:42,"❗️刪對話訊息是日常
-
（ 記錄各式各樣的日記
（ 有點營養又有點不太營養🤪
（ 偶爾發瘋/偶爾中瘋
（ 偶爾正常/偶爾感性
-
誕生20250904
暈船日記 🫠（20250920-End🪦)",失業,needs_manual_review,non_life
stranger_____iii,陌生人,這張圖跟買給我的面具好像🥴,2025/11/22 10:49,"❗️刪對話訊息是日常
-
（ 記錄各式各樣的日記
（ 有點營養又有點不太營養🤪
（ 偶爾發瘋/偶爾中瘋
（ 偶爾正常/偶爾感性
-
誕生20250904
暈船日記 🫠（20250920-End🪦)",失業,needs_manual_review,non_life
stranger_____iii,陌生人,"我現在在脆上的新工作
-
鑒賞腹肌🥴🥴🥴
鑒賞🦅",2025/11/22 10:34,"❗️刪對話訊息是日常
-
（ 記錄各式各樣的日記
（ 有點營養又有點不太營養🤪
（ 偶爾發瘋/偶爾中瘋
（ 偶爾正常/偶爾感性
-
誕生20250904
暈船日記 🫠（20250920-End🪦)",失業,needs_manual_review,non_life
stranger_____iii,陌生人,你們都是男的？,2025/11/22 10:23,"❗️刪對話訊息是日常
-
（ 記錄各式各樣的日記
（ 有點營養又有點不太營養🤪
（ 偶爾發瘋/偶爾中瘋
（ 偶爾正常/偶爾感性
-
誕生20250904
暈船日記 🫠（20250920-End🪦)",失業,needs_manual_review,non_life
stranger_____iii,陌生人,"「 🫧🫧日記」；🐈‍⬛4️⃣ ；Part.5
🐈‍⬛洗好澡就走向按摩浴缸去了
我快速閃現的躲進淋浴間
-
可惡的蒸氣還沒好
但還是得洗澡呀
我把自己靠在最後面的牆壁
利用視線死角
不讓🐈‍⬛可以看到我
-
我一直注意著🐈‍⬛
也許🐈‍⬛感受到我的窘迫（害羞？
🐈‍⬛先看著電視
我還偷喵了一下
這樣的視線死角會不會讓🐈‍⬛看見我
當🐈‍⬛背對著我
這短暫的幾秒我從視線死角出現了
轉個頭
🐈‍⬛居然已經面對著我這個方向
我在度把自己藏起來
可是這已經不是視線死角的問題了
完全
完全
完全
一覽無遺
我面對著牆壁背對著🐈‍⬛
-
說遲不遲
蒸氣開始慢慢起了功效
我也可以放心的洗澡了（半放心！！
可是我的老天鵝啊
在淋浴間的我
看向現在很朦朧的淋浴間外面的🐈‍⬛
可以深深的感受到
一道目光正在透過玻璃淋浴門看過來
帶著看得到？看不到的？的想法
我也告訴自己千萬不要手殘讓水濺射到玻璃
要不真的又要看光光了
-
整個淋浴間終於是朦朧的
默默開了點小縫
🙈：「你…..」
🐈‍⬛：「嗯？」
🙈：「看得到裡面..」
🐈‍⬛說了什麼我聽不到
我又關上了門
繼續沖洗
我還是得出去面對
即便🐈‍⬛現在正對著我
🙈：「你看得到我嗎？」
🐈‍⬛：「看不到呀～」",2025/11/22 08:07,"❗️刪對話訊息是日常
-
（ 記錄各式各樣的日記
（ 有點營養又有點不太營養🤪
（ 偶爾發瘋/偶爾中瘋
（ 偶爾正常/偶爾感性
-
誕生20250904
暈船日記 🫠（20250920-End🪦)",失業,needs_manual_review,non_life
stranger_____iii,陌生人,"「_前任🥸」.Part.15🔚
聽完後的我
瞬間清醒
對阿前任一直再傷害我欸
我幹嘛這麼愛他阿....
-
當晚我就用即時通跟前任吵架
前任有一個特性那就是吵架之後
很常說一句 好啊...
下一句就是 分手阿...
果不其然
即時通的那一句經典【好啊】出現了
我在前任還沒打出分手阿這三個字
我早了前任一秒打出...
分手吧
這一次前任慌了瘋狂的解釋
我只告訴他
以後你愛叫誰老婆就叫誰老婆
我管不著 反正現在就是分手
不在理會關掉電腦
我就去睡覺了
-
前任把我分手的事告訴了星座妹
星座妹跑來在我的網誌留言
哥哥跑去她那裡留言是因為
她正處於男友要分手狀態/家人要鬧斷絕關係/親人過世
前任與星座妹一搭一唱的
可我心已死
還是深深的祝福他們
-
幾日後
見我依然無動於衷不為所動
這一次直接來挑釁於我
不過我還是祝福他們
-
有時候十頭牛來拉也擋不住愛
有時候清醒只需要一秒鐘
-
他現在已經上岸了
而我在同事的那段話清醒了",2025/11/22 08:06,"❗️刪對話訊息是日常
-
（ 記錄各式各樣的日記
（ 有點營養又有點不太營養🤪
（ 偶爾發瘋/偶爾中瘋
（ 偶爾正常/偶爾感性
-
誕生20250904
暈船日記 🫠（20250920-End🪦)",失業,needs_manual_review,non_life
stranger_____iii,陌生人,"「_前任🥸」.Part.14
但是我對星座妹已經有了記憶
去看了星座妹的網誌
雖然網誌都是鎖起來的
可是估計前任沒想到我會看
所以只要留言都會秀出前任的帳號
我發現後要求看內文
永遠只會推託那是星座妹的個人隱私
然後往後的留言在也沒有秀出前任的帳號
可是就是有人會去留言(甭懷疑就是前任
-
看不到網誌的內文
我能怎麼辦
他們倆就是這樣正大光明又不讓人看到內容
我雖不爽可是也無解
-
直到那天我放假
我興高采烈地去到他們的店裡
但是我得到的卻是
前：「等一下妹妹要帶家人來找我」(妹妹就是星座妹
🙈：「什麼...?」
身為前任的女朋友好不容易放假了 
前任不陪我就算了
還要認識妹妹的家人
當下的我只感覺
他們現在是要相親是吧
-
果不其然呢
星座妹跟星座妹的哥哥來了
他們三人就在隔壁吃吃喝喝好快樂呢
我呢被晾在一旁
然後還餓得要死
幹.....
-
我連回去了
前任連送我看我一眼都沒有
-
回到火鍋店
我在逃生門爆哭....
真的是哭得很慘
同事只送了我一句話
【因為他知道不管怎樣你都愛他，所以他可以一直傷害你】",2025/11/22 01:12,"❗️刪對話訊息是日常
-
（ 記錄各式各樣的日記
（ 有點營養又有點不太營養🤪
（ 偶爾發瘋/偶爾中瘋
（ 偶爾正常/偶爾感性
-
誕生20250904
暈船日記 🫠（20250920-End🪦)",失業,needs_manual_review,non_life
stranger_____iii,陌生人,"🦅操到我嗷嗷叫
-
🥴🥴🥴🥴🥴
🥵🥵🥵🥵🥵
😈😈😈😈😈
-
星期五是我發瘋的日子",2025/11/22 00:20,"❗️刪對話訊息是日常
-
（ 記錄各式各樣的日記
（ 有點營養又有點不太營養🤪
（ 偶爾發瘋/偶爾中瘋
（ 偶爾正常/偶爾感性
-
誕生20250904
暈船日記 🫠（20250920-End🪦)",失業,needs_manual_review,non_life
stranger_____iii,陌生人,星期五是什麼日子？,2025/11/21 18:54,"❗️刪對話訊息是日常
-
（ 記錄各式各樣的日記
（ 有點營養又有點不太營養🤪
（ 偶爾發瘋/偶爾中瘋
（ 偶爾正常/偶爾感性
-
誕生20250904
暈船日記 🫠（20250920-End🪦)",失業,needs_manual_review,non_life
stranger_____iii,陌生人,"「_前任🥸」.Part.13
當兵的前任管不到我
我也看不見有沒有搞鬼
所以一直相安無事
沒有過多的爭吵與質疑
-
而那時候的我也已經不在他家工作
當時在火鍋店工作
然後也已經開始當明星的路
(已經開始讀書了~
-
退伍前
前任認識了一個女生
和前任是同一個星座的(簡稱星座妹)
因為在當兵的前任是在外島
所以他們多於都是在網路上聊天
前任若回來也是來找我
基本他們倆沒什麼機會見面
我也沒有過於多想
直到前任終於退伍
-
牛牽到北京終究還是牛
-
前任他哥機車很吵(當時他哥機車借給了我
而那一天前任是在我這裡住的
因為前任一早要用車~
可是很奇怪
機車很吵我卻什麼都聽不到
-
我默默地開啟兩道門
低頭查看
看見正坐在樓梯的前任
說了什麼我不知道
但是我最後聽到前任對著電話親一下
-
聽到嗯麻的我
我連名帶姓的叫了前任
低我一階的他
劈頭就被我質疑
🙈：「什麼叫做嗯嘛?你在跟誰親阿?」
前：「星座妹」
🙈：「你跟星座妹親，怎樣?她現在是你女朋友是吧?」
前：「她就是妹妹」
🙈：「那就麻煩你以後不要這樣」
前：「好~以後不會了」
-
傻子如我
就這樣被撫平了",2025/11/21 17:04,"❗️刪對話訊息是日常
-
（ 記錄各式各樣的日記
（ 有點營養又有點不太營養🤪
（ 偶爾發瘋/偶爾中瘋
（ 偶爾正常/偶爾感性
-
誕生20250904
暈船日記 🫠（20250920-End🪦)",失業,needs_manual_review,non_life
stranger_____iii,陌生人,"「_前任🥸」.Part.12
不用懷疑
這是前任的新對象
他們在某個場域上認識的
連哥哥也知道(二哥)
這個新對象我對她的記憶很深刻
因為她的胸部真的是很宏偉
(我簡稱大奶妹
(是真的很大的那種
(想像一手都握不住的那種程度
-
大奶妹的出現我也不意外
畢竟經歷了紅粉知己→前任→美髮妹→護士妹→網友
這五個人的洗禮(???
我也習慣成自然....
-
交往沒多久的他們
前任收到了兵單
老天算眷顧前任(???
雖然不是大家最怕的海陸軍但卻是外島兵
-
在當兵的前任回來的機會很少
所以大奶妹得到了被搞的機會(???
具前任所說大奶妹跟別人上床了
(大奶妹說自己是被硬上的
(經前任查證是大奶妹自己願意的
然後他倆就分手了
-
前任沒了大奶妹
只剩打來店裡跟家長抱平安
不外乎的傻子我還在
所以我也成為了報平安的一員
然後
我的苦苦等待
以及若要去搭船我都是默默地陪伴
(前任搭船了我才離開
終於再次感動了前任
-
沒錯
我們復合了",2025/11/21 12:08,"❗️刪對話訊息是日常
-
（ 記錄各式各樣的日記
（ 有點營養又有點不太營養🤪
（ 偶爾發瘋/偶爾中瘋
（ 偶爾正常/偶爾感性
-
誕生20250904
暈船日記 🫠（20250920-End🪦)",失業,needs_manual_review,non_life
stranger_____iii,陌生人,"別人都是被種草莓🍓
啊我是被蚊子種草莓🫠",2025/11/21 08:19,"❗️刪對話訊息是日常
-
（ 記錄各式各樣的日記
（ 有點營養又有點不太營養🤪
（ 偶爾發瘋/偶爾中瘋
（ 偶爾正常/偶爾感性
-
誕生20250904
暈船日記 🫠（20250920-End🪦)",失業,needs_manual_review,non_life
stranger_____iii,陌生人,"「 🫧🫧日記」；🐈‍⬛ 4️⃣；Part.4
啊啊啊啊啊啊
看來這次的衣服真的有讓🐈‍⬛感興趣（誘惑成功？
我居然讓🐈‍⬛偷伸手來摸我一把🫣
🐈‍⬛也像是個被抓到的小孩
裝作沒事的走開了
-
進到廁所
我看著那透明的淋浴間
正對著按摩浴缸
天啊！！！！！
這是什麼養眼的色情畫面
等等洗澡的時候
不是我看🐈‍⬛
就是🐈‍⬛看我欸
-
但是好加在
這個淋浴間有一個蒸氣的功能
我馬上打開蒸氣
-
我又跑回去偷看🐈‍⬛
這時候的🐈‍⬛已經全身光光了
我立刻遮起眼睛
再度跑回去看看那所謂的蒸氣
可是畢竟剛開成效不大
-
🐈‍⬛傍著身子走了進來
看到我開的蒸氣
雖然好奇著到底有沒有
不過最後🐈‍⬛先進去洗澡了
-
我躲在一旁靠著牆壁偷往裡面看🐈‍⬛
我很害羞只敢看著脖子以上的🐈‍⬛
🐈‍⬛也知道我在看🐈‍⬛
呀～～～～
對視的那一刻
我趕緊把自己的小腦袋收回來🫣
-
想著
我主動約🐈‍⬛的
實在不能一直害羞
默默的將自己的裝備卸下
其實有想著要不乾脆一起洗
不過最後我還是沒有這麼做
全部的裝備都卸下以後
拿著浴巾擋著自己
等待🐈‍⬛洗好～",2025/11/21 07:57,"❗️刪對話訊息是日常
-
（ 記錄各式各樣的日記
（ 有點營養又有點不太營養🤪
（ 偶爾發瘋/偶爾中瘋
（ 偶爾正常/偶爾感性
-
誕生20250904
暈船日記 🫠（20250920-End🪦)",失業,needs_manual_review,non_life
stranger_____iii,陌生人,"「_前任🥸」.Part.11
雖然沒有寄人籬下
但是就是在他家工作
所以還是天天見的到前任
-
爾後
前任結交了一個男生(簡稱00好了)
00後來也一起在店裡工作
-
00也知道我喜歡前任
玩得很開的他們
不顧我本人還在現場
當場討論起昨天的國王遊戲
而前任配的女生是個護士妹
(我已經忘記當時前任跟美髮妹的狀態了
(好像已經分手了?
反正這兩個男的
大言不慚說著昨天多麼的刺激
說著昨晚女生叫聲大到隔壁間都聽得道
-
聽著好像是故意讓我聽到的對話
我第一次感受到什麼叫恨一個人
我從很愛很愛很愛
轉變成很恨很恨很恨
-
前任跟00真的是表達的非常淋漓盡致
可是我可以怎麼辦
我就是會天天見到前任阿
在愛裡-在恨中-在回愛
最終我還是放不下前任
-
有一次00不在
空閒時間整個店裡只剩我跟前任 
我們除了工作的對話
也不會再談些什麼
這一次還好巧的聽到前任說要去某個地方
(當時的我不懂那個地方是什麼
(特地問了前任他哥我才知道原來前任是去旅館
-
前任跟00就是麻吉麻
一起遊玩一起打炮一起爽
-
直到那天
前任帶了一個女生來店裡",2025/11/21 06:58,"❗️刪對話訊息是日常
-
（ 記錄各式各樣的日記
（ 有點營養又有點不太營養🤪
（ 偶爾發瘋/偶爾中瘋
（ 偶爾正常/偶爾感性
-
誕生20250904
暈船日記 🫠（20250920-End🪦)",失業,needs_manual_review,non_life
stranger_____iii,陌生人,"幹
用腹肌來安慰我哦🥵",2025/11/20 20:55,"❗️刪對話訊息是日常
-
（ 記錄各式各樣的日記
（ 有點營養又有點不太營養🤪
（ 偶爾發瘋/偶爾中瘋
（ 偶爾正常/偶爾感性
-
誕生20250904
暈船日記 🫠（20250920-End🪦)",失業,needs_manual_review,non_life
stranger_____iii,陌生人,"我才不信什麼抱抱睡呢
那是小朋友在做的
-
我都做大人在做的事情
😈🤪🥴🥵🤪😏",2025/11/20 20:34,"❗️刪對話訊息是日常
-
（ 記錄各式各樣的日記
（ 有點營養又有點不太營養🤪
（ 偶爾發瘋/偶爾中瘋
（ 偶爾正常/偶爾感性
-
誕生20250904
暈船日記 🫠（20250920-End🪦)",失業,needs_manual_review,non_life
stranger_____iii,陌生人,你們讓我無聊了🥱,2025/11/20 19:54,"❗️刪對話訊息是日常
-
（ 記錄各式各樣的日記
（ 有點營養又有點不太營養🤪
（ 偶爾發瘋/偶爾中瘋
（ 偶爾正常/偶爾感性
-
誕生20250904
暈船日記 🫠（20250920-End🪦)",失業,needs_manual_review,non_life
stranger_____iii,陌生人,"幹…
我收到腹肌照了
-
不要再誘惑我了🥵",2025/11/20 18:25,"❗️刪對話訊息是日常
-
（ 記錄各式各樣的日記
（ 有點營養又有點不太營養🤪
（ 偶爾發瘋/偶爾中瘋
（ 偶爾正常/偶爾感性
-
誕生20250904
暈船日記 🫠（20250920-End🪦)",失業,needs_manual_review,non_life
stranger_____iii,陌生人,"好好笑
我現在才知道這裡可以看到私訊
我想說大家都說有密我
可是我沒有看到啊
忽然點開那封信
幹
好多人密我喔….",2025/11/19 22:47,"❗️刪對話訊息是日常
-
（ 記錄各式各樣的日記
（ 有點營養又有點不太營養🤪
（ 偶爾發瘋/偶爾中瘋
（ 偶爾正常/偶爾感性
-
誕生20250904
暈船日記 🫠（20250920-End🪦)",失業,needs_manual_review,non_life
stranger_____iii,陌生人,"好煩
有人買面具要讓我玩",2025/11/19 18:27,"❗️刪對話訊息是日常
-
（ 記錄各式各樣的日記
（ 有點營養又有點不太營養🤪
（ 偶爾發瘋/偶爾中瘋
（ 偶爾正常/偶爾感性
-
誕生20250904
暈船日記 🫠（20250920-End🪦)",失業,needs_manual_review,non_life
stranger_____iii,陌生人,"「_前任🥸」.Part.7
最終因為喝得太醉
同事們決議不讓我回家
直接睡在公司
-
模模糊糊
開啟了手機
一則訊息
幾則未接(忘記了，反正不是很多
都是前任的號碼
-
✉️～
前：「我禮物放在你家樓下了」
前：「打給你都沒接」
-
用著喝醉的手
我回復了前任
我告訴他 
🙈：「大家因為看你都沒表示，所以把我綁去慶祝了」
確實很牽強
但是我不想毀了大家的好意
最後我得到了
前：「分手吧~」
-
在公司的我哭著要回家
但是因為真的太醉
我根本沒有辦法回去
而且我還是騎腳踏車
距離大概也要15-20分
同事沒有人敢放我走
我哭著那至少我的禮物幫我帶回來
最終同事們看我這樣
決定幫我把禮物拿回來給我
-
是的
我們的第一次分手
就在我的生日這一天
幹他媽誰會在人家的生日提分手辣",2025/11/19 17:22,"❗️刪對話訊息是日常
-
（ 記錄各式各樣的日記
（ 有點營養又有點不太營養🤪
（ 偶爾發瘋/偶爾中瘋
（ 偶爾正常/偶爾感性
-
誕生20250904
暈船日記 🫠（20250920-End🪦)",失業,needs_manual_review,non_life
stranger_____iii,陌生人,"「_前任🥸」.Part.6
還記得那一個夜晚
我跟前任在房間吵架(大半夜
前任用對待前女友的方式對待了我
我被推倒在地
(多麼好笑的一幕阿
(當初在我面前發生，現在也發生在我身上
推完我的他
躺在床上繼續睡覺
而我還在錯愕之中
默默的自己爬起來
(原來無助是這種感覺
(原來寄人籬下是這種感覺
-
在那之後
前任直接跟他哥睡同一間房
往後我要去他哥的房叫他起床
-
某天的早上
看著電腦裡的即時通
前任叫著紅粉知己老婆
而紅粉知己叫著前任老公
甚至前任還承諾紅粉知己會來談分手
-
受不了這樣對待的我找了一份工作
離開他家的工作也離開他家的生活
我也沒跟前任吵
就想看看他耍什麼把戲
-
隨著我的生日即將到來
去他家找他的我隨口提了一下
但是前任一點表示與在乎都沒有
-
好喔
我能說什麼?
-
生日當天
我新工作的夥伴們都知道是我生日
下班一群人浩浩蕩蕩地就把我帶去慶生了
他們也知道前任的事情
所以一心只想戳和我與班長
-
那天沒有收到前任的任何消息
一點都沒有 電話沒有 訊息沒有
我決定喝個爛醉
醉到我知道同事們關了我的手機
我也選擇裝傻不知道",2025/11/19 12:31,"❗️刪對話訊息是日常
-
（ 記錄各式各樣的日記
（ 有點營養又有點不太營養🤪
（ 偶爾發瘋/偶爾中瘋
（ 偶爾正常/偶爾感性
-
誕生20250904
暈船日記 🫠（20250920-End🪦)",失業,needs_manual_review,non_life
stranger_____iii,陌生人,"「 🫧🫧日記」；🐈‍⬛ 4️⃣；Part.2
🙈：「我真的到了」
🐈‍⬛：「妳到哪了？」
🙈：「我在車站」
🐈‍⬛：「怎麼這麼快？」
🙈：「可能為了可以快點吃到你？」
🐈‍⬛：「那妳怎麼過來？」
🐈‍⬛：「笨喔！」
-
欸欸欸欸欸
誰准你給我用這個可愛的詞
再笨也願意為了你😘
-
🙈：「我可以搭車過去呀」
🐈‍⬛：「妳別過來了⋯找附近的就好」
🐈‍⬛傳了一個汽車旅館給我～～
我也馬上查了一下
但是跟🐈‍⬛給的名字不太一樣
跟🐈‍⬛確認是同樣的地方
-
🙈：「你過來要多久？」
🐈‍⬛：「大概15分吧」
🐈‍⬛：「妳多久會到？」
🙈：「我比你快…你用一用出門」
🐈‍⬛：「好～我等等就出門」
-
走在旅館門口
叭的一聲我回頭
是🐈‍⬛
我走向🐈‍⬛的車子
上了車子
我們就往汽旅進去了",2025/11/19 07:52,"❗️刪對話訊息是日常
-
（ 記錄各式各樣的日記
（ 有點營養又有點不太營養🤪
（ 偶爾發瘋/偶爾中瘋
（ 偶爾正常/偶爾感性
-
誕生20250904
暈船日記 🫠（20250920-End🪦)",失業,needs_manual_review,non_life
stranger_____iii,陌生人,"「_前任🥸」.Part.4
隨著無法改變的天性
我最終與前任越走越近
-
我們第二次的親密接觸
就是他家一群人要去溪抓魚
(而且是晚上
我跟團了
反正沒人愛 
這裡又有相同年紀的人
那就跟前任他們一起出去遊玩了
-
那一夜
溪水很冷但手心不冷
因為在跨不去的石頭上
前任很貼心地伸出了手
讓我可以很安心的走過
前任的夥伴們
還起了鬨
；「好貼心喔~~」
-
都說牽手可以把人的心牽走
-
我們已經到了可以講電話的那種程度
而那個晚上我們往常一樣在通話
-
📲～
前：「最近喜歡上一個女生」
🙈：「阿?真假?」
前：「對阿~~我最近都跟她在一起玩」
🙈：「我怎麼不知道你有跟女生一起玩?...」
前：「對阿~你都沒發現...」
🙈：「可是...我記得你最近只跟我混在一起阿」
前：「對阿~都跟你混再一起阿」
🙈：「阿?那哪裡的女生阿」
前：「就現在在跟我講電話的人阿」
-
當下的我還不知道是什麼情況
還在一臉茫然矇B的模樣
-
🙈：「阿?跟你講電話的女生不就是我」
前：「對阿~」
🙈：「所以你喜歡的人是我」
前：「恩阿~」
-
然後我笑了
莫名的有了一個男朋友",2025/11/18 21:37,"❗️刪對話訊息是日常
-
（ 記錄各式各樣的日記
（ 有點營養又有點不太營養🤪
（ 偶爾發瘋/偶爾中瘋
（ 偶爾正常/偶爾感性
-
誕生20250904
暈船日記 🫠（20250920-End🪦)",失業,needs_manual_review,non_life
stranger_____iii,陌生人,"你們看
我的脆在霸凌我
但我也要重複滑美女讓你們養眼",2025/11/18 18:41,"❗️刪對話訊息是日常
-
（ 記錄各式各樣的日記
（ 有點營養又有點不太營養🤪
（ 偶爾發瘋/偶爾中瘋
（ 偶爾正常/偶爾感性
-
誕生20250904
暈船日記 🫠（20250920-End🪦)",失業,needs_manual_review,non_life
stranger_____iii,陌生人,"我今天想到一個笑話
真的很冷
你們覺得雙胞胎是什麼星座",2025/11/18 12:38,"❗️刪對話訊息是日常
-
（ 記錄各式各樣的日記
（ 有點營養又有點不太營養🤪
（ 偶爾發瘋/偶爾中瘋
（ 偶爾正常/偶爾感性
-
誕生20250904
暈船日記 🫠（20250920-End🪦)",失業,needs_manual_review,non_life
stranger_____iii,陌生人,"「 🫧🫧日記」；🐈‍⬛4️⃣；Part.1
我鼓起勇氣密了你
本以為你不會回覆
好加在你還願意
-
✉️～
🙈：「弟弟都不想姊姊的嗎」
🙈：「姊姊想要了耶⋯」
🐈‍⬛：「多想要？」
🙈：「想要到可以把你吃掉好幾回」
🐈‍⬛：「怎麼可能！」
🙈：「真的啦，我現在去找你都不是問題」
🐈‍⬛：「妳又不知道我在哪？」
🙈：「你不在那個地方？」
🐈‍⬛：「確定想要？」
🙈：「確定！弟弟不想要姊姊嗎？」
🐈‍⬛：「要啊～」
🙈：「那我現在出門…」
🐈‍⬛：「妳來這個地方…」
-
耶呼～～～
我的尾巴翹起來囉⋯⋯
可以色色囉～～～
-
穿著新買的衣服
踏上色色的旅程
出發走起～👆🏻👆🏻👆🏻",2025/11/18 07:53,"❗️刪對話訊息是日常
-
（ 記錄各式各樣的日記
（ 有點營養又有點不太營養🤪
（ 偶爾發瘋/偶爾中瘋
（ 偶爾正常/偶爾感性
-
誕生20250904
暈船日記 🫠（20250920-End🪦)",失業,needs_manual_review,non_life
stranger_____iii,陌生人,"「_前任🥸」.Part.0
首先
他是個89
首先
他已經上岸了
首先
他已經結婚了
-
然後
我放下了
然後
這些是過去
-
再來
可能會氣人
再來
不太有腥羶色
-
總而言之
還清了",2025/11/18 07:33,"❗️刪對話訊息是日常
-
（ 記錄各式各樣的日記
（ 有點營養又有點不太營養🤪
（ 偶爾發瘋/偶爾中瘋
（ 偶爾正常/偶爾感性
-
誕生20250904
暈船日記 🫠（20250920-End🪦)",失業,needs_manual_review,non_life
stranger_____iii,陌生人,"燈也關了
床也躺了
手機也放了
-
結果
膀胱還沒準備好",2025/11/17 23:54,"❗️刪對話訊息是日常
-
（ 記錄各式各樣的日記
（ 有點營養又有點不太營養🤪
（ 偶爾發瘋/偶爾中瘋
（ 偶爾正常/偶爾感性
-
誕生20250904
暈船日記 🫠（20250920-End🪦)",失業,needs_manual_review,non_life
stranger_____iii,陌生人,"好
我今天想說
要打新的故事
不過這是關於前任
-
本來想問要看嗎？
-
後來想想
管你們勒
我就要打",2025/11/17 23:16,"❗️刪對話訊息是日常
-
（ 記錄各式各樣的日記
（ 有點營養又有點不太營養🤪
（ 偶爾發瘋/偶爾中瘋
（ 偶爾正常/偶爾感性
-
誕生20250904
暈船日記 🫠（20250920-End🪦)",失業,needs_manual_review,non_life
stranger_____iii,陌生人,"我要用我的高EQ
來破解你們
-
不服來辯",2025/11/17 19:54,"❗️刪對話訊息是日常
-
（ 記錄各式各樣的日記
（ 有點營養又有點不太營養🤪
（ 偶爾發瘋/偶爾中瘋
（ 偶爾正常/偶爾感性
-
誕生20250904
暈船日記 🫠（20250920-End🪦)",失業,needs_manual_review,non_life
stranger_____iii,陌生人,"為什麼別人打的都是戀愛🫧
甜甜的都有摟摟親親抱抱
-
啊我勒
都是真的在打🫧
-
雙🦆（🤪",2025/11/17 18:49,"❗️刪對話訊息是日常
-
（ 記錄各式各樣的日記
（ 有點營養又有點不太營養🤪
（ 偶爾發瘋/偶爾中瘋
（ 偶爾正常/偶爾感性
-
誕生20250904
暈船日記 🫠（20250920-End🪦)",失業,needs_manual_review,non_life
stranger_____iii,陌生人,你們到底想幹嘛🤔（？,2025/11/17 18:46,"❗️刪對話訊息是日常
-
（ 記錄各式各樣的日記
（ 有點營養又有點不太營養🤪
（ 偶爾發瘋/偶爾中瘋
（ 偶爾正常/偶爾感性
-
誕生20250904
暈船日記 🫠（20250920-End🪦)",失業,needs_manual_review,non_life
stranger_____iii,陌生人,不能午休💤,2025/11/17 12:37,"❗️刪對話訊息是日常
-
（ 記錄各式各樣的日記
（ 有點營養又有點不太營養🤪
（ 偶爾發瘋/偶爾中瘋
（ 偶爾正常/偶爾感性
-
誕生20250904
暈船日記 🫠（20250920-End🪦)",失業,needs_manual_review,non_life
stranger_____iii,陌生人,"「 🫧🫧日記」；🐈‍⬛3️⃣ ；Part.5🔚
回到家的我
慣例告訴🐈‍⬛
-
✉️～
🙈：「我到了」
🐈‍⬛：「好」
-
然後我們就沒有下文了
-
回到家的我
腦補了很多
四處尋找解答的我
大部分的人都說
我應該要去跟🐈‍⬛說一下
於是
-
✉️～
🙈：「抱歉，昨天…讓你白跑了」
-
然後🐈‍⬛始終沒有已讀我
-
幹….好委屈🥹
我只是不想當下滿滿的興致因為護墊而掃興
我只是因為真的太燥熱了
當下為什麼不會想說
在廁所也可以啊🤔（可惡😡
結果從頭到尾最解的人是我
-
唉😮‍💨
隨著不回覆的好幾天
估計被封鎖了吧
畢竟沒有已讀
然後也沒有看到任何ig發的限動
想起了一開始🐈‍⬛說過的斷崖式冷漠
對～我暈船了….
（幹…現在打這個居然想哭🥲
-
終於在某個上班的時間
-
✉️～
🐈‍⬛：「沒關係…」
🙈：「好」
-
然後又開始斷聯了",2025/11/17 07:45,"❗️刪對話訊息是日常
-
（ 記錄各式各樣的日記
（ 有點營養又有點不太營養🤪
（ 偶爾發瘋/偶爾中瘋
（ 偶爾正常/偶爾感性
-
誕生20250904
暈船日記 🫠（20250920-End🪦)",失業,needs_manual_review,non_life
stranger_____iii,陌生人,"好的
我看完限動了
-
分享一下很好笑的事情
-
我若發限動他不會來看
但是他若發限動（當天我也有發
每次我看完他的
他就會來看我的
-
靠杯喔
是在花痴什麼….",2025/11/17 07:05,"❗️刪對話訊息是日常
-
（ 記錄各式各樣的日記
（ 有點營養又有點不太營養🤪
（ 偶爾發瘋/偶爾中瘋
（ 偶爾正常/偶爾感性
-
誕生20250904
暈船日記 🫠（20250920-End🪦)",失業,needs_manual_review,non_life
stranger_____iii,陌生人,"虛心指教
幹嘛追蹤我
-
沒看過瘋子？
沒看一天發了18則的人？
（靈珠跟魔丸比我還多欸
（假日真的太無聊會狂發欸
（上班就不會了啦
喜歡營養的😈？
喜歡不營養的😏？
-
我想不到答案了
要不你們解答",2025/11/17 06:12,"❗️刪對話訊息是日常
-
（ 記錄各式各樣的日記
（ 有點營養又有點不太營養🤪
（ 偶爾發瘋/偶爾中瘋
（ 偶爾正常/偶爾感性
-
誕生20250904
暈船日記 🫠（20250920-End🪦)",失業,needs_manual_review,non_life
stranger_____iii,陌生人,"我起床了
因為睡不著😕",2025/11/17 05:38,"❗️刪對話訊息是日常
-
（ 記錄各式各樣的日記
（ 有點營養又有點不太營養🤪
（ 偶爾發瘋/偶爾中瘋
（ 偶爾正常/偶爾感性
-
誕生20250904
暈船日記 🫠（20250920-End🪦)",失業,needs_manual_review,non_life
stranger_____iii,陌生人,"靠背
-
他沒有回我
可是他發限動了
-
要看嗎？",2025/11/16 22:20,"❗️刪對話訊息是日常
-
（ 記錄各式各樣的日記
（ 有點營養又有點不太營養🤪
（ 偶爾發瘋/偶爾中瘋
（ 偶爾正常/偶爾感性
-
誕生20250904
暈船日記 🫠（20250920-End🪦)",失業,needs_manual_review,non_life
stranger_____iii,陌生人,"我來者不拒
-
我說聊天回覆的部分",2025/11/16 22:08,"❗️刪對話訊息是日常
-
（ 記錄各式各樣的日記
（ 有點營養又有點不太營養🤪
（ 偶爾發瘋/偶爾中瘋
（ 偶爾正常/偶爾感性
-
誕生20250904
暈船日記 🫠（20250920-End🪦)",失業,needs_manual_review,non_life
stranger_____iii,陌生人,玩到脆當機是什麼鬼🙄,2025/11/16 21:52,"❗️刪對話訊息是日常
-
（ 記錄各式各樣的日記
（ 有點營養又有點不太營養🤪
（ 偶爾發瘋/偶爾中瘋
（ 偶爾正常/偶爾感性
-
誕生20250904
暈船日記 🫠（20250920-End🪦)",失業,needs_manual_review,non_life
stranger_____iii,陌生人,"你們看
我是真的很無聊
所以我才一直發文
-
現在退追我還來得及哦😏",2025/11/16 21:45,"❗️刪對話訊息是日常
-
（ 記錄各式各樣的日記
（ 有點營養又有點不太營養🤪
（ 偶爾發瘋/偶爾中瘋
（ 偶爾正常/偶爾感性
-
誕生20250904
暈船日記 🫠（20250920-End🪦)",失業,needs_manual_review,non_life
shinybearnrd,想你熊shinybear®,"【年輕人失業找不到工作怎麼辦？】
有4條路可以走
1.逃避三考：
考研究所、考公職、考軍職
_
失敗就去
2.創業三傑：
擺攤、開店、自媒體
_
破產就去
3.鐵人三項：
Uber 、UberEat、Lalamove
_
或者是去：
4.吉祥三寶：
保全、保姆、保潔
_
Ps.切忌勿碰牛馬三套件：
房貸、車貸、傳宗接代
那麼打個零工也能苟活了
🥹",2024/9/1 11:10,"畫圖文的熊｜分享一些心情、感情或職場的心得
合作邀約：2020novavita@gmail.com",失業,business,
shinybearnrd,想你熊shinybear®,嗚嗚 小丑是我🤡,2024/8/30 00:24,"畫圖文的熊｜分享一些心情、感情或職場的心得
合作邀約：2020novavita@gmail.com",失業,business,
shinybearnrd,想你熊shinybear®,"【假如面試都說真話】
「你好 我是來面試的 別耽誤我時間 
我後面還有5家公司要面」
_
「好的 簡單的來填一下這個沒用的面試單吧
反正我也是來刷業績的」
_
「填好了 但部分表格內容因涉及個人隱私 不方便填寫」
_
「Ok 事實上 我也不會看 歸檔也是扔了」
_
「先說說為什麼從上一家公司離職吧？」
_
「因為我看上一家老闆不爽」
_
「那你對我們公司有多少了解呢？」
_
「我在網路人力銀行亂投的 沒了解過」
_
「好的那也沒什麼事了 別耽誤我時間
我還有10個人要談」
_
「我是回去等通知對吧？」
_
「是的 不過你也不用等了 反正也不會通知你」
_
「嗯 好的 等下就上天眼通 給你差評」",2024/8/29 22:35,"畫圖文的熊｜分享一些心情、感情或職場的心得
合作邀約：2020novavita@gmail.com",失業,business,
shinybearnrd,想你熊shinybear®,"【極短卻超嚇人的恐怖故事】
1.
你在高速公路上開車的時候，另一半突然拿起你的手機問：
「欸，你手機密碼多少？」
——— 《玩命關頭》
2.
過年時親戚帶著孩子們來家裡拜年，一個不注意發現 熊孩子們興高采烈地從你收藏公仔的房間裡跑出來。
——— 《無敵破壞王》
3. 
在使用LINE的時候不小心把色圖發到了家族群和公司群。
——— 《致命ID》
4. 
夢見自己學測時竟然睡著了，突然驚醒，發現自己正在學測。
——— 《全面啟動》
5.
多年未聯絡的朋友突然賴你：好久不見啊！要不要出來喝咖啡？
——— 《華爾街之狼》
6.
才剛說完別人壞話，一轉身就發現他站在身後。
——— 《異形：羅穆路斯》
7.
看謎片看到一半才想起門沒鎖，而老媽正在推門，下一秒就會進來。
——— 《閃電俠》
8.
女友說到閨蜜家玩晚點回來，於是打電話給女朋友三個不同的閨蜜，結果她們都說女朋友在她家。
——— 《綠光戰警》",2024/8/20 21:43,"畫圖文的熊｜分享一些心情、感情或職場的心得
合作邀約：2020novavita@gmail.com",失業,business,
shinybearnrd,想你熊shinybear®,"【3個人情事故】
1.沒通知你的事要會裝傻
（不拆穿 不搭理 不內耗）
2.克制自己的反駁欲
（左耳進右耳出 利益不衝突 以和為貴）
3.儘可能不分享成功的喜悅
（算了吧 不是所有人都希望你過得好）
_
這3點在職場上反覆出現
時刻警惕",2024/8/19 23:19,"畫圖文的熊｜分享一些心情、感情或職場的心得
合作邀約：2020novavita@gmail.com",失業,business,
rubbish_long,Shum Kar Long,失業，甚麼都好，除了沒錢🙂,2025/8/11 17:45,待業,失業,not_enough_posts,
rubbish_long,Shum Kar Long,大熱天時都日日著住西裝唔熱咩？,2025/8/10 23:00,待業,失業,not_enough_posts,
open_16800,open_16800,"40+失業的我
從失業到現在已經3個多月
從一開始的迷茫、疑惑
到後面的焦慮、沮喪
無法計算投了多少履歷
卻只收到一次面試機會
就在今天收到offer
原來40+還是能被看見的
給失業的朋友一點信心
人生很長
我們20幾年的工作經歷
一定會被有眼光的人賞識",2025/12/10 13:44,,失業,not_enough_posts,
ayu.wu.888,Nimi Wu,"看到脆上40+失業的困境~
我說說我的經歷吧..
我在某本公司克服維修待了12年，42歲毅然決然的就辭職！，那時規劃半年k書去考台鐵~結果差0.3分就錄取@@ ，後來就去鐵工廠上班準備去考大客車，想說去當物流司機也好，結果自認太操了，物流業一天12小時起跳且開車頭暈腦腦頓，大概做兩個月就離開了，之後去職訓局上課上課之間發生武漢肺炎疫情..
疫情結束後，就找到工作，結果約3個月小公司做不起來我被資遣！拿到非自願離職領失業補助半年後，跑做美廉社、打臨時工..所幸45+去年考到新北市清潔隊才來穩定！
現在中年除非本職學能強或身上很有錢，真的不要隨便離職！要不然有任何不錯機會就去拼搏看看！
去考貨車、去上班職訓局課、去考公家也好..
碰壁了幾個總有會中一個吧..
但我覺得年紀越大，台灣職場真的環境對40+很不尊重。你放低了姿態..也是把吃你死死看你不起
我之前在外面混不好，個性都變膽怯、懦弱、迎合.（沒辦法中年人討生存）
現在我覺得40+，人生短短數十寒載，也不要害怕被討厭，工作只是人生的一小部份別太over心情
獻給40+還在滾動的朋友",2025/7/26 11:47,記錄生活 心情 雜七雜八,失業,pass,
ayu.wu.888,Nimi Wu,"職場上的無奈
回收的工作、我是固定主導我站前面收民眾垃圾、你是副隨你站後面負責拆袋分類
然後收運完回去、要你幫忙主導一點點工作
你他x 的跟我嗆聲 ”說我在凹你“
你嗆這句不會想說 ”我跟你一人一天輪流站前面嗎？
跟上一個附隨都不會計較
這麼愛計較..
那照安排走👌
上面什麼安排我們的工作就做什麼工作、大家的事做好就好！最沒異議",2025/7/25 09:49,記錄生活 心情 雜七雜八,失業,pass,
ayu.wu.888,Nimi Wu,"消磨日子/孤獨/一個人
年紀越大越來越認清且要習慣一個人消磨日子..
身邊有人放假喜歡參加神佛廟會活動👺、有人放假喜歡到處吃美食🐷、有人喜歡宅在家打電動..
而我，想要打扮得體的出去遊走😆
拍拍自戀的照片為老年來臨前時留下帥氣的照片👍
也不知道也沒機會沒步入婚姻感情生活是否好？？現在覺得像我們這群年紀大的中老年大叔放假就算沒人愛，也要懂得對自己好些🥰",2025/7/21 11:31,記錄生活 心情 雜七雜八,失業,pass,
ayu.wu.888,Nimi Wu,"無印良品 亞麻白襯衫 跟 uiqlld 黑polo 衫
配白短褲",2025/7/20 14:19,記錄生活 心情 雜七雜八,失業,pass,
ayu.wu.888,Nimi Wu,一隻狗頭~,2025/7/17 17:51,記錄生活 心情 雜七雜八,失業,pass,
ayu.wu.888,Nimi Wu,無印良品真是好地方😊😆,2025/7/16 23:17,記錄生活 心情 雜七雜八,失業,pass,
ayu.wu.888,Nimi Wu,"生存
在一個職場久了..
現在才知道為啥同事間都沉默寡言
現在才知道為啥人不幫忙都明哲保身
知道的，不是他們都現實
是我太晚知道..
當我明天也變遠離人群也等於遠離是非
這是最好的手段
等於不會被同事衝空、被主管玩弄
隨然生活會變得很無聊...總比你想破頭被人玩弄骨掌不自知，怎麼死的都不知道🧓",2025/7/16 00:43,記錄生活 心情 雜七雜八,失業,pass,
ayu.wu.888,Nimi Wu,有時我覺得要克制一下。喝得有點多...,2025/7/14 11:25,記錄生活 心情 雜七雜八,失業,pass,
9up_ean,Ean E人,"長大後我害怕的兩件事：
1. 失業
2. 上班",2025/9/29 17:54,,失業,not_enough_posts,
9up_ean,Ean E人,"在外國打噴嚏，其他人：Bless you！
在香港打噴嚏，香港人：屌你！",2025/9/25 23:37,,失業,not_enough_posts,
youwanyouxue,幼玩幼學,"有時候需要療癒一下，
就跑去田尾晃晃～～～",2026/1/11 21:15,,失業,pass,
youwanyouxue,幼玩幼學,"在高鐵看到一群好專業的工作者😍
因為有你們，讓我們坐高鐵好舒服～
謝謝🫶🏻🫶🏻🫶🏻",2026/1/11 15:03,,失業,pass,
youwanyouxue,幼玩幼學,"2022中途一年的一歲黑狗
2024中途一年的六歲黑狗
他們最終都找到幸福的歸屬🏠
無論年齡或是品種，
希望2026的毛孩們都能有個幸福的家❤️",2026/1/8 09:08,,失業,pass,
youwanyouxue,幼玩幼學,"過了30最大的問題…
打開Line，直接忘記要幹嘛…
（剛剛就發生的事情🫠",2026/1/7 14:03,,失業,pass,
youwanyouxue,幼玩幼學,"幼教老師不做幼教老師
還能做什麼？
我朋友問我，我也問過我自己
（可我們明明這麼愛孩子、這麼愛教學…",2026/1/5 19:25,,失業,pass,
likes55_wu,珀義 吳,"中年失業！！！
目前努力重新開始找工作……
希望能順順利利的",2025/2/3 15:08,"不抽煙，不吃檳榔，不賭博，酒只有偶爾小酌幾杯！！！
唯一的不良嗜好就只是愛打電動而已😁😁😁
喜歡看正妹，但從不搭訕，因為本人是標準的i人🫣🫣",失業,pass,
likes55_wu,珀義 吳,雨…………下的好心煩！！！,2025/1/31 20:11,"不抽煙，不吃檳榔，不賭博，酒只有偶爾小酌幾杯！！！
唯一的不良嗜好就只是愛打電動而已😁😁😁
喜歡看正妹，但從不搭訕，因為本人是標準的i人🫣🫣",失業,pass,
likes55_wu,珀義 吳,好久沒中獎了，結果一次中2張500的😬😬,2025/1/29 17:20,"不抽煙，不吃檳榔，不賭博，酒只有偶爾小酌幾杯！！！
唯一的不良嗜好就只是愛打電動而已😁😁😁
喜歡看正妹，但從不搭訕，因為本人是標準的i人🫣🫣",失業,pass,
likes55_wu,珀義 吳,"下載這個APP之後就開始懶得思考要吃什麼了🤣🤣
把自己喜歡的食物大概填一填就轉到啥吃啥了😬😬",2025/1/29 09:11,"不抽煙，不吃檳榔，不賭博，酒只有偶爾小酌幾杯！！！
唯一的不良嗜好就只是愛打電動而已😁😁😁
喜歡看正妹，但從不搭訕，因為本人是標準的i人🫣🫣",失業,pass,
likes55_wu,珀義 吳,"祝各位新年快樂🎉🎉🎉
Ps：圖片是我剛剛用Ai生成兩次出來的（至於原型人物是誰就自己猜吧）",2025/1/29 07:35,"不抽煙，不吃檳榔，不賭博，酒只有偶爾小酌幾杯！！！
唯一的不良嗜好就只是愛打電動而已😁😁😁
喜歡看正妹，但從不搭訕，因為本人是標準的i人🫣🫣",失業,pass,
likes55_wu,珀義 吳,"板橋8°🤣🤣
剛剛六點多就出門去買今天要拜拜雞肉，然後回家的時候拿著一杯大杯的冰拿鐵😬😬
結果就是被我媽碎碎念🤣🤣這麼冷還喝冰的，有人跟我一樣不管天氣是冷是熱，喝的水跟飲料都是買冰的？？
不過各位朋友們還是要注意保暖哦❗️❗️",2025/1/28 07:27,"不抽煙，不吃檳榔，不賭博，酒只有偶爾小酌幾杯！！！
唯一的不良嗜好就只是愛打電動而已😁😁😁
喜歡看正妹，但從不搭訕，因為本人是標準的i人🫣🫣",失業,pass,
likes55_wu,珀義 吳,"用Ai繪畫出的薰衣草花海❤️❤️
我從很久以前就很喜歡薰衣草，很多時候的香氛精油也都是買薰衣草味道的，或許沒有其他的花那麼香，但味道卻很獨特
薰衣草的花語：等待愛情！！！",2025/1/27 09:34,"不抽煙，不吃檳榔，不賭博，酒只有偶爾小酌幾杯！！！
唯一的不良嗜好就只是愛打電動而已😁😁😁
喜歡看正妹，但從不搭訕，因為本人是標準的i人🫣🫣",失業,pass,
likes55_wu,珀義 吳,"剛剛小朋友（俞俞）傳給我看的…………
我一開始也不知道為什麼會在她那邊，然後仔細看了照片之後才發現是2019的……今年已經2025了，然後六年前的東西竟然在小朋友那邊🤣🤣
然後兩個人根本就不知道為什麼會在她那邊",2025/1/26 19:22,"不抽煙，不吃檳榔，不賭博，酒只有偶爾小酌幾杯！！！
唯一的不良嗜好就只是愛打電動而已😁😁😁
喜歡看正妹，但從不搭訕，因為本人是標準的i人🫣🫣",失業,pass,
likes55_wu,珀義 吳,"下午跟委員去信義區用手機，把手機折舊賣掉
然後就跑來大寶店裡吃拉麵了😬😬
今天突然很想吃肉就多點了一盤叉燒拼盤🤤🤤",2025/1/26 18:32,"不抽煙，不吃檳榔，不賭博，酒只有偶爾小酌幾杯！！！
唯一的不良嗜好就只是愛打電動而已😁😁😁
喜歡看正妹，但從不搭訕，因為本人是標準的i人🫣🫣",失業,pass,
stranger_____iii,陌生人,"「_前任🥸」.Part.10
最後我們沒有分手
前任也沒有跟前任復合
-
時間很快冬天到來
附近有一個女生超級厲害
永遠穿著短褲跟短袖(美髮妹)
然後會來他們的店買中餐
-
沒錯
美髮妹就是前任新勾搭的對象
-
一個男人沒鬼我不信
天天傳訊息
傳到前任他媽都說你電話是不用錢的嗎?
前任無視他媽
還是天天在傳
不曾停過
而且是無時無刻的那一種
-
前任真的是沒鬼的模樣
我跟前任要手機來看
都不曾拒絕而且還大大方方
直到我看到其中一則
前任傳給美髮妹說【我沒有女朋友】
-
請問什麼叫做沒有女朋友?
前任只用了淡淡的幾個字帶過
【我在騙她的】
-
你她媽的騙她還是在騙我?
-
前任都這樣了
我可以說什麼
就來看看到底誰騙誰
-
有一次前任他爸爸的手機訊息來鈴聲了
我居然害怕了起來
我才意識到
我把所有人的鈴聲訊息當成是前任的
他們的無時無刻讓我心生恐懼
恐懼聽到鈴聲
我才知道我病了....
-
最後不負重望的
【我沒有女朋友】變成了女朋友 
而我這個女朋友變成了二次前任",2025/11/20 17:17,"❗️刪對話訊息是日常
-
（ 記錄各式各樣的日記
（ 有點營養又有點不太營養🤪
（ 偶爾發瘋/偶爾中瘋
（ 偶爾正常/偶爾感性
-
誕生20250904
暈船日記 🫠（20250920-End🪦)",失業,needs_manual_review,non_life
stranger_____iii,陌生人,"你們好煩
-
我回完貼文
然後再回私訊
然後貼文又有留言了
再然後私訊也有問題了
-
因為你們
我已經要住在脆裡了
-
我都沒時間去別人的底下浪欸",2025/11/20 12:58,"❗️刪對話訊息是日常
-
（ 記錄各式各樣的日記
（ 有點營養又有點不太營養🤪
（ 偶爾發瘋/偶爾中瘋
（ 偶爾正常/偶爾感性
-
誕生20250904
暈船日記 🫠（20250920-End🪦)",失業,needs_manual_review,non_life
stranger_____iii,陌生人,"「_前任🥸」.Part.9
打給前任他都不接
我只好轉打給他哥
他哥看到喝得這麼醉的我
都說我好扯居然喝成這樣
然後就叫了前任來載我回家
-
那一天下著雨
機車裡只有一件雨衣
喝醉的我讓前任穿上雨衣
我隨著雨的落下
原來心涼是這麼個回事
-
我的窮追不捨
我的死皮賴臉
我的認知 
前任還愛我
不然怎麼還願意送我回家
-
是的
我們真的和好了
-
好笑的是
我重蹈覆轍了
我把工作弄丟了
-
那時候的我
愛他比工作還要重要
沒有了他我什麼都不是
-
再次回到他家工作
沒有了紅粉知己卻來了前任
-
還不知道是誰的我
用了無號碼方式打給前任
而後等待魚而上鉤
發現前任傳給前任
前：「寶貝，你找打給我喔?」
前：「我剛在忙」
-
這一次我翻臉了
前：「她爸就去世..我怕她想不開，所以去陪她」
前：「你不信可以去查新聞」
-
新聞裡確實跟他前女友同姓的一個男子自殺了
好的
我戰敗了
-
可笑的是
那一次他們兩是在旅館
無名很風行
女生的相簿鎖起來了
而封面的照片是男生圍著下半身女生圍著上半身的合照
-
好的 
我不信 
可是我還是能怎麼辦
前任說我們只是蓋棉被純聊天
然後跟他們倆要密碼死都不給",2025/11/20 12:25,"❗️刪對話訊息是日常
-
（ 記錄各式各樣的日記
（ 有點營養又有點不太營養🤪
（ 偶爾發瘋/偶爾中瘋
（ 偶爾正常/偶爾感性
-
誕生20250904
暈船日記 🫠（20250920-End🪦)",失業,needs_manual_review,non_life
stranger_____iii,陌生人,"「 🫧🫧日記」；🐈‍⬛ 4️⃣；Part.3
停好車走上樓梯
我走在🐈‍⬛的前面
-
🐈‍⬛：「妳的鞋子也太可愛？」
心想：天啊！這傢伙注意我的鞋子
當然其實也是故意穿這個的🫣
畢竟工作鞋可以多好看？
-
進了房
🐈‍⬛先去忙
我也在忙
我在四處亂晃
🐈‍⬛忙著放浴缸裡的水
🐈‍⬛忙著脫衣服
當我看到🐈‍⬛的時候
🐈‍⬛只剩一件內褲🫣
-
我還是在🦐忙
有點小緊張
然後我沒有帶到綁頭髮的
一直想要找綁頭髮的
可惜這間沒有
-
然後我必須洗澡
畢竟我走路都是汗
臭臭的哈哈哈哈哈
-
今日穿了一件小牛仔短褲
上衣穿著一件露肚小可愛外搭一件襯衫
主打就是誘惑弟弟
-
脫掉了襯衫
我默默走向廁所
我也不知道為什麼好像有個雷達
忽然一個轉頭
🐈‍⬛像是被逮著又傲嬌的小貓🐱
縱容不破的表情看著我
我著實也沒多想
繼續往廁所方向走去
-
下一秒我的腰被偷偷摸了一把",2025/11/20 07:56,"❗️刪對話訊息是日常
-
（ 記錄各式各樣的日記
（ 有點營養又有點不太營養🤪
（ 偶爾發瘋/偶爾中瘋
（ 偶爾正常/偶爾感性
-
誕生20250904
暈船日記 🫠（20250920-End🪦)",失業,needs_manual_review,non_life
stranger_____iii,陌生人,"冬天不適合運動
可是很適合床上運動😈",2025/11/20 07:29,"❗️刪對話訊息是日常
-
（ 記錄各式各樣的日記
（ 有點營養又有點不太營養🤪
（ 偶爾發瘋/偶爾中瘋
（ 偶爾正常/偶爾感性
-
誕生20250904
暈船日記 🫠（20250920-End🪦)",失業,needs_manual_review,non_life
stranger_____iii,陌生人,"「_前任🥸」.Part.8
渾渾噩噩的過日子
回到了上班-回家-上班-回家
公司的同事都看不下去
有時候下班都會直接帶我出去遊山玩水
為的就是讓我度過傷心的時光
-
可我的心卻還是在前任那
就像章魚觸手一樣 
一條一條的在我心上一直一直的壓迫著我
-
他不是我的第一任
卻是我給的第一個人
都說第一次特別痛
除了身體上的痛
心也很痛...
-
不甘於分手的我(?
還是第一次給他的我(?
我始終無法放下他...
出去永遠都會想起他
-
藕斷絲連就在我跟前任的身上
-
前任估計也很爽吧
有免費的炮可打?
有個白癡一直愛?
-
不過也很神奇
因為前任居然沒有跟紅粉知己再一起
(補充一下 
(前任曾說要不我的出現他現在再一起的人其實是紅粉知己
(就在第一次他帶我去見紅粉知己的那一天
(而我沒有聽出璇外之音
-
有一次公司同事們又找我出去
沒意外的我又喝醉了(而且超級無敵醉
在我死皮賴臉的情況下
我打給前任 
本來前任是要載我的
但是同事們不給他這個機會
楞是直接送我回家
前任知道我回到家超級不爽
我這個瘋子鑰匙拿了手機帶了
就坐上計程車回到他工作的店
我是真的真的真的很愛他
-
在等待的過程中",2025/11/20 07:02,"❗️刪對話訊息是日常
-
（ 記錄各式各樣的日記
（ 有點營養又有點不太營養🤪
（ 偶爾發瘋/偶爾中瘋
（ 偶爾正常/偶爾感性
-
誕生20250904
暈船日記 🫠（20250920-End🪦)",失業,needs_manual_review,non_life
stranger_____iii,陌生人,"我要睡覺了啦
不回訊息了
不回不回不回
睡覺最大🤪
-
再不睡覺都是瘋子
哈哈哈哈哈🤣",2025/11/19 23:36,"❗️刪對話訊息是日常
-
（ 記錄各式各樣的日記
（ 有點營養又有點不太營養🤪
（ 偶爾發瘋/偶爾中瘋
（ 偶爾正常/偶爾感性
-
誕生20250904
暈船日記 🫠（20250920-End🪦)",失業,needs_manual_review,non_life
stranger_____iii,陌生人,"剛剛洗澡
很想直接住在廁所
熱水你怎麼可以如此舒服",2025/11/19 23:19,"❗️刪對話訊息是日常
-
（ 記錄各式各樣的日記
（ 有點營養又有點不太營養🤪
（ 偶爾發瘋/偶爾中瘋
（ 偶爾正常/偶爾感性
-
誕生20250904
暈船日記 🫠（20250920-End🪦)",失業,needs_manual_review,non_life
stranger_____iii,陌生人,"我真棒
全部回光了",2025/11/19 23:04,"❗️刪對話訊息是日常
-
（ 記錄各式各樣的日記
（ 有點營養又有點不太營養🤪
（ 偶爾發瘋/偶爾中瘋
（ 偶爾正常/偶爾感性
-
誕生20250904
暈船日記 🫠（20250920-End🪦)",失業,needs_manual_review,non_life
gamble_to_bankrupt,gamble_to_bankrupt,"賭癮太大，欠債60萬。
經社工轉介，舉手破產收場。
2025年4月25號入紙。
係度會分享破產後生活。",2025/4/27 17:56,"3x歲，機場工月入26k up，一家四口，太太同兩個女
破產前自己60萬數，太太亦因為我孭咗12萬數
但太太唔知我舉咗手破產
#人生第二次破產
#5年
#真心改過",破產,not_enough_posts,
yan.love.forever,柳如煙,"我是柳如煙，上一世因為北辰破產，我就跟他的弟弟顧南辰走了，他靠著北辰的私人企業養活我跟他。
後來他卻不愛我了，把我拋棄
這一世我也重生了，我想要找到北辰重新跟他在一起
（若有冒犯請跟我說，我會刪文",2026/1/4 13:58,"月色如霜照孤城，
遠山起煙散舊情。
（中之符號💨/.",破產,not_enough_posts,
ernest.0429,Ernest Tang,各位：請你們看下我著穿美國旗NASA的衫，即是我已經支持美國支持民主自由的國家，我在香港H&M買的，我全力支持台灣民進黨，支持賴清德，支持日本首相高市早苗，呼籲香港人、台灣人、日本人 ，甚至民主國家團結起來！,2025/11/23 14:31,"各位大家好，我是香港人；
我透過健康飲食及健身由2024年9月的79.2公斤成功減至現在55.5公斤，當中沒有做任何瘦身療程及吃減肥藥，本人亦是男同志gay🏳️‍🌈，謝謝！",破產,pass,
ernest.0429,Ernest Tang,我是香港人，支持日本首相高市早苗！,2025/11/18 14:06,"各位大家好，我是香港人；
我透過健康飲食及健身由2024年9月的79.2公斤成功減至現在55.5公斤，當中沒有做任何瘦身療程及吃減肥藥，本人亦是男同志gay🏳️‍🌈，謝謝！",破產,pass,
ernest.0429,Ernest Tang,"Day 70 失業
我由今年9月7日開始失業至今仍然未有全職工作獲聘，我真係好失敗好冇用好抵死！",2025/11/16 15:46,"各位大家好，我是香港人；
我透過健康飲食及健身由2024年9月的79.2公斤成功減至現在55.5公斤，當中沒有做任何瘦身療程及吃減肥藥，本人亦是男同志gay🏳️‍🌈，謝謝！",破產,pass,
ernest.0429,Ernest Tang,"2025年香港立法會換屆選舉
呼籲愛國愛港人士請於12月7日去投票支持你們心目中候選人，利申本人不會去x票",2025/11/15 16:47,"各位大家好，我是香港人；
我透過健康飲食及健身由2024年9月的79.2公斤成功減至現在55.5公斤，當中沒有做任何瘦身療程及吃減肥藥，本人亦是男同志gay🏳️‍🌈，謝謝！",破產,pass,
pharisees_,Pharisees,"反疑覺得係鍾鎮濤戀愛腦娶咗你
唔係點會到自己破產🥹🥹",2026/1/15 19:21,"💫What is man,that thou art mindful of him?and the son of man,that thou visitest him? PSALMS 8:4💫",破產,non_life,
pharisees_,Pharisees,"原來農夫已經俾153 unfriend咗
搞到farewell party都無得去🥹🥹",2026/1/15 16:01,"💫What is man,that thou art mindful of him?and the son of man,that thou visitest him? PSALMS 8:4💫",破產,non_life,
pharisees_,Pharisees,"梁議員讚江議員形象脫胎換骨
但字裡句句有骨🥹🥹",2026/1/15 11:21,"💫What is man,that thou art mindful of him?and the son of man,that thou visitest him? PSALMS 8:4💫",破產,non_life,
pharisees_,Pharisees,"李佳芯夥拍舊TVB朋友殺入YouTube界
開設YouTube Channel做YouTuber❤️❤️",2026/1/15 11:13,"💫What is man,that thou art mindful of him?and the son of man,that thou visitest him? PSALMS 8:4💫",破產,non_life,
pharisees_,Pharisees,"壽司郎點解唔係
同chiikawa聯成活動🥲🥲",2026/1/14 12:31,"💫What is man,that thou art mindful of him?and the son of man,that thou visitest him? PSALMS 8:4💫",破產,non_life,
pharisees_,Pharisees,153真識玩🥹🥹,2026/1/13 19:19,"💫What is man,that thou art mindful of him?and the son of man,that thou visitest him? PSALMS 8:4💫",破產,non_life,
pharisees_,Pharisees,根據英格蘭媒體《鏡報》首席記者Jeremy Cross的報道，由於隊中部分球員反對蘇斯克查回歸，卡域克將擔任臨時主帥，執教至本季結束。據了解，球員們明確表示他們對蘇斯克查缺乏信心，希望卡域克能夠帶領球隊完成本賽季剩餘的比賽。,2026/1/13 01:06,"💫What is man,that thou art mindful of him?and the son of man,that thou visitest him? PSALMS 8:4💫",破產,non_life,
pharisees_,Pharisees,曼聯官宣：卡域回歸曼聯執教至季尾❤️❤️,2026/1/13 00:59,"💫What is man,that thou art mindful of him?and the son of man,that thou visitest him? PSALMS 8:4💫",破產,non_life,
pharisees_,Pharisees,"勇者鬥惡龍套餐
香港都賣緊個包🥹🥹",2026/1/12 09:55,"💫What is man,that thou art mindful of him?and the son of man,that thou visitest him? PSALMS 8:4💫",破產,non_life,
pharisees_,Pharisees,計算基又贏 交俾前妻好過王青霞🥹🥹,2026/1/11 20:42,"💫What is man,that thou art mindful of him?and the son of man,that thou visitest him? PSALMS 8:4💫",破產,non_life,
pharisees_,Pharisees,非JRA由日本地方營運的高知競馬場，靠出賽113場不勝馬春麗帶來投注額拯救，由破產邊緣到為地方政府帶來盈利。,2026/1/11 18:50,"💫What is man,that thou art mindful of him?and the son of man,that thou visitest him? PSALMS 8:4💫",破產,non_life,
pharisees_,Pharisees,嬌姨不肯面對現實🥹🥹,2026/1/11 00:05,"💫What is man,that thou art mindful of him?and the son of man,that thou visitest him? PSALMS 8:4💫",破產,non_life,
pharisees_,Pharisees,高知駅麵包超人JR火車模擬🥹🥹,2026/1/10 17:44,"💫What is man,that thou art mindful of him?and the son of man,that thou visitest him? PSALMS 8:4💫",破產,non_life,
pharisees_,Pharisees,志雲大師回歸TVB取代153🥹🥹,2026/1/10 16:25,"💫What is man,that thou art mindful of him?and the son of man,that thou visitest him? PSALMS 8:4💫",破產,non_life,
pharisees_,Pharisees,好揀唔揀 揀馬蹄露🥹🥹,2026/1/9 12:54,"💫What is man,that thou art mindful of him?and the son of man,that thou visitest him? PSALMS 8:4💫",破產,non_life,
pharisees_,Pharisees,"坐地鐵已經俾阿伯打總要俾人炒咗
事主李小姐真心好慘🥲🥲",2026/1/9 08:09,"💫What is man,that thou art mindful of him?and the son of man,that thou visitest him? PSALMS 8:4💫",破產,non_life,
pharisees_,Pharisees,"黃大仙地標直柱真係似直立拖板
如果可以俾人免費叉電效果更佳🥹🥹",2026/1/8 09:03,"💫What is man,that thou art mindful of him?and the son of man,that thou visitest him? PSALMS 8:4💫",破產,non_life,
pharisees_,Pharisees,"港姐冠軍莊子璇用2年半時間
成功由豬膽鼻升級變成鷹勾鼻🥹🥹",2026/1/7 17:24,"💫What is man,that thou art mindful of him?and the son of man,that thou visitest him? PSALMS 8:4💫",破產,non_life,
pharisees_,Pharisees,"外國人話香港係最凍嘅地方
非洲人話香港熱過自己家鄉
我哋香港人根本生活喺極端天氣嘅地方😮‍💨😮‍💨",2026/1/7 09:12,"💫What is man,that thou art mindful of him?and the son of man,that thou visitest him? PSALMS 8:4💫",破產,non_life,
pharisees_,Pharisees,"搵到10億嘅老細
會唔會揀陳庭欣呢？🥹🥹",2026/1/7 01:11,"💫What is man,that thou art mindful of him?and the son of man,that thou visitest him? PSALMS 8:4💫",破產,non_life,
pharisees_,Pharisees,"向華強透露古天樂用盡金錢投資電影
古天樂在尋秦記投資2億 靠一句話打動向生
最終決定投資2000萬給古天樂拍尋秦記🥹🥹",2026/1/6 23:17,"💫What is man,that thou art mindful of him?and the son of man,that thou visitest him? PSALMS 8:4💫",破產,non_life,
pharisees_,Pharisees,金剛真係好抵得諗🥹🥹,2026/1/6 23:01,"💫What is man,that thou art mindful of him?and the son of man,that thou visitest him? PSALMS 8:4💫",破產,non_life,
pharisees_,Pharisees,"苑瓊丹開設經理人公司 首簽陳山聰成旗下藝人
一齊直播帶貨搵真錢🥹🥹",2026/1/6 22:43,"💫What is man,that thou art mindful of him?and the son of man,that thou visitest him? PSALMS 8:4💫",破產,non_life,
pharisees_,Pharisees,ERROR終於要踢開保錡🥹🥹,2026/1/6 20:24,"💫What is man,that thou art mindful of him?and the son of man,that thou visitest him? PSALMS 8:4💫",破產,non_life,
pharisees_,Pharisees,"古天樂解釋天命最高歌詞中從來無 誰和誰
大家都唱錯咗20年🥹🥹",2026/1/6 19:16,"💫What is man,that thou art mindful of him?and the son of man,that thou visitest him? PSALMS 8:4💫",破產,non_life,
pharisees_,Pharisees,"古天樂今次真係括出去
期望聽到佢唱今期流行🥹🥹",2026/1/6 00:19,"💫What is man,that thou art mindful of him?and the son of man,that thou visitest him? PSALMS 8:4💫",破產,non_life,
pharisees_,Pharisees,"搶獎又記得關心研
搶咗關菊英個獎🥹🥹",2026/1/5 19:49,"💫What is man,that thou art mindful of him?and the son of man,that thou visitest him? PSALMS 8:4💫",破產,non_life,
pharisees_,Pharisees,"曼聯咪一9樣圖
終於成九宮格🥹🥹",2026/1/5 19:13,"💫What is man,that thou art mindful of him?and the son of man,that thou visitest him? PSALMS 8:4💫",破產,non_life,
pharisees_,Pharisees,"佘詩曼咁多年來面容無改變
證明無打針同整容🥹🥹",2026/1/5 10:16,"💫What is man,that thou art mindful of him?and the son of man,that thou visitest him? PSALMS 8:4💫",破產,non_life,
pharisees_,Pharisees,91歲方太無法烹調食譜 但會拍片慶祝2026年到來 祝願方太繼續健健康康❤️❤️🙏🙏,2026/1/5 09:39,"💫What is man,that thou art mindful of him?and the son of man,that thou visitest him? PSALMS 8:4💫",破產,non_life,
pharisees_,Pharisees,證明藝人留係TVB無出路🥹🥹,2026/1/5 09:07,"💫What is man,that thou art mindful of him?and the son of man,that thou visitest him? PSALMS 8:4💫",破產,non_life,
pharisees_,Pharisees,"請問TVB d 999.9千足純金去晒邊？
點解係膠獎嚟嘅🥹🥹",2026/1/5 08:44,"💫What is man,that thou art mindful of him?and the son of man,that thou visitest him? PSALMS 8:4💫",破產,non_life,
pharisees_,Pharisees,"佘詩曼今次靠man姐一角
破紀錄第4次奪視后❤️❤️",2026/1/5 00:03,"💫What is man,that thou art mindful of him?and the son of man,that thou visitest him? PSALMS 8:4💫",破產,non_life,
pharisees_,Pharisees,153終於被TVB光榮革職🥹🥹,2026/1/5 00:00,"💫What is man,that thou art mindful of him?and the son of man,that thou visitest him? PSALMS 8:4💫",破產,non_life,
pharisees_,Pharisees,"恭喜黃宗澤入行25年
首封視帝寶座❤️❤️",2026/1/4 23:47,"💫What is man,that thou art mindful of him?and the son of man,that thou visitest him? PSALMS 8:4💫",破產,non_life,
pharisees_,Pharisees,證明TVB個獎夠晒豆腐渣🥹🥹,2026/1/4 22:44,"💫What is man,that thou art mindful of him?and the son of man,that thou visitest him? PSALMS 8:4💫",破產,non_life,
pharisees_,Pharisees,"吳業坤唱歌唱唔掂
返TVB係出路嚟🥹🥹",2026/1/4 22:02,"💫What is man,that thou art mindful of him?and the son of man,that thou visitest him? PSALMS 8:4💫",破產,non_life,
pharisees_,Pharisees,"TVB真係好L小氣
因為項少龍去咗ViuTV就無佢個樣🥹🥹",2026/1/4 21:43,"💫What is man,that thou art mindful of him?and the son of man,that thou visitest him? PSALMS 8:4💫",破產,non_life,
pharisees_,Pharisees,"家嫂今晚表現
老爺153收貨🥹🥹",2026/1/4 21:26,"💫What is man,that thou art mindful of him?and the son of man,that thou visitest him? PSALMS 8:4💫",破產,non_life,
pharisees_,Pharisees,記得要多謝老爺153🥹🥹,2026/1/4 20:57,"💫What is man,that thou art mindful of him?and the son of man,that thou visitest him? PSALMS 8:4💫",破產,non_life,
pharisees_,Pharisees,項少龍倒戈擔任ViuTV造星6評判🥹🥹,2026/1/4 20:34,"💫What is man,that thou art mindful of him?and the son of man,that thou visitest him? PSALMS 8:4💫",破產,non_life,
pharisees_,Pharisees,"得王浩信1個
唔識欣賞陳自瑤🥹🥹",2026/1/4 20:27,"💫What is man,that thou art mindful of him?and the son of man,that thou visitest him? PSALMS 8:4💫",破產,non_life,
pharisees_,Pharisees,"尋秦記二弟本來劇集和電影版都無緣演出
但幸運之神眷顧獲邀拍攝❤️❤️",2026/1/4 18:41,"💫What is man,that thou art mindful of him?and the son of man,that thou visitest him? PSALMS 8:4💫",破產,non_life,
pharisees_,Pharisees,又一個億萬附馬被榨乾🥹🥹,2026/1/4 17:57,"💫What is man,that thou art mindful of him?and the son of man,that thou visitest him? PSALMS 8:4💫",破產,non_life,
pharisees_,Pharisees,"宏福苑災民已經經歷災後三遷
現在慘變無家可歸的人球🥲🥲",2026/1/4 11:26,"💫What is man,that thou art mindful of him?and the son of man,that thou visitest him? PSALMS 8:4💫",破產,non_life,
pharisees_,Pharisees,"消防處發布特刊讚揚何偉豪❤️❤️
未婚妻亦撰文透露：當年何Sir投考消防員，是為了直接幫到市民。🙏🙏",2026/1/4 11:20,"💫What is man,that thou art mindful of him?and the son of man,that thou visitest him? PSALMS 8:4💫",破產,non_life,
pharisees_,Pharisees,"認真做事的人
會完全領略唔到笑點🥹🥹",2026/1/4 10:00,"💫What is man,that thou art mindful of him?and the son of man,that thou visitest him? PSALMS 8:4💫",破產,non_life,
pharisees_,Pharisees,又係內地專才亂港😮‍💨😮‍💨,2026/1/3 22:23,"💫What is man,that thou art mindful of him?and the son of man,that thou visitest him? PSALMS 8:4💫",破產,non_life,
pharisees_,Pharisees,153終於俾TVB踢落台🥹🥹,2026/1/3 21:58,"💫What is man,that thou art mindful of him?and the son of man,that thou visitest him? PSALMS 8:4💫",破產,non_life,
pharisees_,Pharisees,世上只有宣萱敢叫古天樂行開🥹🥹,2026/1/3 21:04,"💫What is man,that thou art mindful of him?and the son of man,that thou visitest him? PSALMS 8:4💫",破產,non_life,
pharisees_,Pharisees,"呢個女刀手唔簡單
要出動咁多個警察先制服到🧐🧐",2026/1/3 20:41,"💫What is man,that thou art mindful of him?and the son of man,that thou visitest him? PSALMS 8:4💫",破產,non_life,
pharisees_,Pharisees,"Deep開建築公司一周年
理性解答網民質疑❤️❤️",2026/1/3 20:31,"💫What is man,that thou art mindful of him?and the son of man,that thou visitest him? PSALMS 8:4💫",破產,non_life,
pharisees_,Pharisees,辛苦消防員又救回市民一命🥲🥲🙏🙏,2026/1/3 16:38,"💫What is man,that thou art mindful of him?and the son of man,that thou visitest him? PSALMS 8:4💫",破產,non_life,
pharisees_,Pharisees,"陳康堤氣量又唔夠，聲線又唔穩
咁叫唱歌 我真係唔識欣賞😮‍💨😮‍💨",2026/1/3 00:59,"💫What is man,that thou art mindful of him?and the son of man,that thou visitest him? PSALMS 8:4💫",破產,non_life,
pharisees_,Pharisees,海關：如發現違例會執法，盜錄最高刑罰為罰款5萬元及監禁3個月。,2026/1/2 23:52,"💫What is man,that thou art mindful of him?and the son of man,that thou visitest him? PSALMS 8:4💫",破產,non_life,
pharisees_,Pharisees,"陳蕾一首歌曲《念》救了1位想輕生災民
災民亦感激陳蕾DM關心與問候❤️❤️🙏🙏",2026/1/2 23:31,"💫What is man,that thou art mindful of him?and the son of man,that thou visitest him? PSALMS 8:4💫",破產,non_life,
pharisees_,Pharisees,"講真心話都被人扭曲話支持港獨
小粉紅太玻璃心了😮‍💨😮‍💨",2026/1/2 23:16,"💫What is man,that thou art mindful of him?and the son of man,that thou visitest him? PSALMS 8:4💫",破產,non_life,
pharisees_,Pharisees,"宏福苑火災後兩隻貓貓奇蹟生還
即將與主人重聚🙏🙏",2026/1/2 23:11,"💫What is man,that thou art mindful of him?and the son of man,that thou visitest him? PSALMS 8:4💫",破產,non_life,
pharisees_,Pharisees,無中間會更好😮‍💨😮‍💨,2026/1/2 16:04,"💫What is man,that thou art mindful of him?and the son of man,that thou visitest him? PSALMS 8:4💫",破產,non_life,
pharisees_,Pharisees,"林海峰成為香港第1個
用背脊頒獎嘅DJ🥹🥹",2026/1/2 14:44,"💫What is man,that thou art mindful of him?and the son of man,that thou visitest him? PSALMS 8:4💫",破產,non_life,
pharisees_,Pharisees,"唔係靠你爸爸陳奕迅 以你唱功嚟講
肯定拎唔到叱吒新人女金🧐🧐",2026/1/2 12:13,"💫What is man,that thou art mindful of him?and the son of man,that thou visitest him? PSALMS 8:4💫",破產,non_life,
pharisees_,Pharisees,"遊戲規則唔改變
叱吒頒獎禮永遠都係咁嘅結果😮‍💨😮‍💨",2026/1/1 23:34,"💫What is man,that thou art mindful of him?and the son of man,that thou visitest him? PSALMS 8:4💫",破產,non_life,
pharisees_,Pharisees,估唔到唱得之人謝安琪都搞成咁😮‍💨😮‍💨,2026/1/1 23:06,"💫What is man,that thou art mindful of him?and the son of man,that thou visitest him? PSALMS 8:4💫",破產,non_life,
pharisees_,Pharisees,"湯令山實至名歸憑用背脊唱情歌
奪叱吒至尊歌曲大獎❤️❤️",2026/1/1 21:41,"💫What is man,that thou art mindful of him?and the son of man,that thou visitest him? PSALMS 8:4💫",破產,non_life,
pharisees_,Pharisees,觀濱蕃薯姐正式被捕🥹🥹,2026/1/1 21:38,"💫What is man,that thou art mindful of him?and the son of man,that thou visitest him? PSALMS 8:4💫",破產,non_life,
pharisees_,Pharisees,恭喜巨古基53歲再添1子❤️❤️,2026/1/1 21:17,"💫What is man,that thou art mindful of him?and the son of man,that thou visitest him? PSALMS 8:4💫",破產,non_life,
pharisees_,Pharisees,"葉先生新年願望喺要求政府一個交代
政府如認真處理投訴 可避免161人傷亡",2026/1/1 19:24,"💫What is man,that thou art mindful of him?and the son of man,that thou visitest him? PSALMS 8:4💫",破產,non_life,
ydkm_jaja1,𝓙𝓪𝓳𝓪🌻,"【原讓】
8/17(日) 朴寶劍
二樓E區 2排 一張
$4,300+$100拓元服務費
*私訊哀居提供平常讓票的地方*
*版上有多次交易紀錄無疑慮再問*",2025/6/23 14:18,"不是在搶票看演唱會
就是在搶票看演唱會的路上💃",破產,not_enough_posts,
berbenberber,Beerben,"亞洲是怎麼做到讓所有事都是受害者咎由自取的
性騷擾：你可以拒絕啊
性侵害：你不要穿得太暴露
被家暴：自己選的
被霸凌：怎麼不還手
還手了：你也有責任
被冒犯：別開不起玩笑
生氣了：理性一點好不好
被騙：你太笨了沒有想清楚
被外遇：管不好另一半
被劈腿：被評論原配哪裡比不上小三
被外流：自己要拍的
懷孕：不做措施活該&開始被嘲笑單親
身材羞辱：你可以努力改變啊
長得好看：活該被嫉妒
長得難看：活該被霸凌
無法抗壓：我們也是這樣過來的、草莓族
心理疾病：不知足、不努力
被車撞：要自己注意路況啊
父母過度照顧：不然你離家獨立啊
不被父母照顧：不然你離家獨立啊
抱怨另一半：怎麼不分手
稱讚另一半：這樣就有人要喔
被盜心血：你的正版太貴
為感情苦惱：戀愛腦、太閒了吧
為學業苦惱：你之後工作了更苦惱
為事業苦惱：你應該享受生活別被工作綁架
去享受生活：錢都哪來的啊感覺不正當
小孩苦惱：你去讀書
大人苦惱：都幾歲了
在偏鄉讀書：考不上好學校是你們不努力
在都市讀書：別人都做得到為什麼你不行
好不容易事業成功：是不是枕營業、靠關係
出生：活著就該順應社會
自殺：怎麼那麼傻",2025/5/2 15:17,靈性盡量成長者 世間盡量修行人,自殺念頭,non_life,
berbenberber,Beerben,"我朋友說，真正高頻率的人，不是每天都光鮮亮麗，而是能穿越糟糕日子，還保有一點點溫柔的人。
不是沒崩潰過，而是在崩潰裡，慢慢學會怎麼照顧自己。
不是沒受傷過，而是選擇在傷口裡，種一點懂事、一點柔軟。
他們也會累、也會想逃，只是願意在混亂中，慢慢走回自己的位置。
真正的高頻，不是看起來有多好，而是再不好時，也還沒忘記怎麼好好活。",2025/4/30 20:00,靈性盡量成長者 世間盡量修行人,自殺念頭,non_life,
berbenberber,Beerben,"想找個人安安靜靜 惦惦吃個飯
很難嗎
標準也不高啊⋯⋯",2025/4/30 13:40,靈性盡量成長者 世間盡量修行人,自殺念頭,non_life,
berbenberber,Beerben,"常常在想
如果那天我躺在棺材
到底有幾個朋友會願意來瞻仰儀容
這世間太混亂太現實太利益太自私
而又有多少人是會真心為我留下眼淚
甚至為了我一個小人物傷心難過許久
而我在最後一刻
腦子裡浮現的又是哪些人
那些過往愛恨情仇與怨懟
我也沒時間能夠再去多想
所以(然後呢)
如果一件事一個人困擾我
我會問我自己
「我死的時候這些人對我來說重要嗎」
「我失去了靈魂的時候誰會來在乎我」
那麼
我就知道我該珍惜眼前哪些人事物了
#把每一天都當最後一天來過",2025/4/30 01:02,靈性盡量成長者 世間盡量修行人,自殺念頭,non_life,
berbenberber,Beerben,"如果我說
我真的快瘋了 快撐不下去了
想想
還是得撐下去
加油",2025/4/29 22:32,靈性盡量成長者 世間盡量修行人,自殺念頭,non_life,
berbenberber,Beerben,"找飯友 吃晚餐/ 台北市內
1、男性 36歲⬆️ 178⬆️ 乾淨整潔
2、AA / 介紹好吃的地點 / 有點經濟能力
3、吃完就結束
4、吃飯不說話 
5、不留任何彼此通訊方式
6、我不想聊天
7、不想吃夜市
就是想找男飯友 安靜地吃好吃的東西
長相還是要有一點水平 畢竟對向而坐",2025/4/29 16:46,靈性盡量成長者 世間盡量修行人,自殺念頭,non_life,
berbenberber,Beerben,"沒錢其實不丟臉
丟臉的是你竟然背著
那個陪你吃苦的
女孩去尋找「新鮮感」",2025/4/29 14:17,靈性盡量成長者 世間盡量修行人,自殺念頭,non_life,
berbenberber,Beerben,"我想對天生敏感的朋友說一句：
一定要想辦法多賺錢。
因為只有這樣，
你才有能力關上門，
為自己買下一個真正安靜、能夠徹底放鬆的生存環境，
隔絕那些普通人感受不到的微小噪音。
不然，
那些外界不可預測的、持續不斷的、細微而瑣碎的干擾，
早晚會一點一點把你逼瘋。",2025/4/29 14:15,靈性盡量成長者 世間盡量修行人,自殺念頭,non_life,
berbenberber,Beerben,"以前聽異性講情話
好誠懇  好暈  以後小孩要跟誰姓
現在聽異性講情話
好大的一張餅  笑死  是在賣披薩",2025/4/29 14:12,靈性盡量成長者 世間盡量修行人,自殺念頭,non_life,
berbenberber,Beerben,"女人真的不要浪費時間陪男人成長
他有錢第一個解決妳
因為對你膩了
男人只會記得不好的
美好的回憶對他們來說就是7秒比金魚腦還不如
你跟他的快樂時光永遠敵不過1次吵架
不愉快的他永遠記得
然後用來跟你說
我們個性不適合
那是因為他已經找到新人來代替妳",2025/4/29 10:11,靈性盡量成長者 世間盡量修行人,自殺念頭,non_life,
berbenberber,Beerben,"不再聯絡，代表業力平衡了。
說再見時，代表擔子減輕了。
年紀越長，越不想經營關係。
輕描淡寫，是最舒服的狀態。
當親情、友情、愛情、關係或事件結束，曾經相愛的，不再聯絡，是因為相關的業力已「清償」或達到了某種平衡。雙方因過去的因緣（善或惡）相遇，當果報完成，關係自然消散。
不再聯絡，因雙方之間的業力已完成其使命。業力法則是宇宙的自然規律，無需求神挽回，無需再造新業。
善業完成，彼此曾互相幫助，業力使命達成，無需再續。
惡業清償，過去的恩怨或傷害已通過這段關係化解，雙方「互不相欠」。
因緣消散，業力因緣已盡，繼續聯繫可能反而製造新的業。
這種「斷聯」可以視為一種自然平衡，讓雙方回歸各自的生命軌跡，繼續面對自己的業力課題。
關係的結束是無常的一部分，無需執著或抗拒。業力自會平衡，放下對幻相的執念，彼此祝福，迴轉到自己，真幸福來自專注當下，心無罣礙，輕鬆自在，各自繼續把日子過下去。",2025/4/29 09:11,靈性盡量成長者 世間盡量修行人,自殺念頭,non_life,
berbenberber,Beerben,"單身又有錢，才是真正穩定的快樂
別再過度追求戀愛了
愛情本來就是雙刃劍，快樂和痛苦綁在一起
除非雙方都優秀，情商智商都高，彼此尊重且真心相愛，否則，單身自在遠勝一切",2025/4/28 16:41,靈性盡量成長者 世間盡量修行人,自殺念頭,non_life,
berbenberber,Beerben,"出軌後想回頭的人，很多。
但能真正修復的人，很少。
你要明白，愧疚和真心，是兩回事。
有些人回來，只是因為愧疚，想要減輕自己的自責，而不是因為真正意識到，自己錯過了多珍貴的你。
這樣的回歸，表面看是彌補，本質上卻是另一種逃避。
真正值得接受的回歸，從來不是一句對不起，而是他願意用行動，一點一點重新證明自己。
不是求原諒，而是主動承擔；
不是說愛你，而是讓你重新感到安全。
真正悔過的人，不會只想讓自己好過，而是甘願付出時間、耐心、改變，去慢慢贏回你一次次碎掉的信任。
重建一段破碎的感情，不容易。
它需要的，不是短暫的補償，而是深刻的反省、真誠的行動、堅定的未來承諾。
如果你正在面對他的回頭，記住你選擇的是一條不輕鬆的路，不是單純原諒，而是看清：這一次，他是不是真的值得。",2025/4/28 02:12,靈性盡量成長者 世間盡量修行人,自殺念頭,non_life,
berbenberber,Beerben,"分享一個玄學真相
獨來獨往的人往往是因為能量消耗的太厲害，從而選擇進入封閉修復期。
如果一個人曾經是開朗明亮，善良真誠，善解人意，慢慢變得沉默疏離，喜歡獨來獨往。
一定是能量損耗太大了，卻又不愿意融入身外的能量場，所以選擇了封閉和屏蔽，重新修復自己的能量場。
這樣的人往往很宅，不喜社交，不喜傾訴,獨來獨往，氣弱但沒病，嗜睡，食簡,看著很懶,卻會把自己的家里或常呆的環境打理得很干凈很舒服。
這種人是受了大苦之人，是在自我修復，不必大驚小怪。",2025/4/27 22:09,靈性盡量成長者 世間盡量修行人,自殺念頭,non_life,
berbenberber,Beerben,"其實，了斷一段孽緣最快的方式，不是逃避，而是正面交鋒，主動去消耗它。
你遇到的每個人，都不是偶然，而是命盤裏早就寫好的因果。前世欠的債，今生總要還完，躲不掉，逃不開。
與其被動煎熬，不如主動面對。把該說的話說完，該流的淚流乾，該吵的架吵透。
當你不再壓抑情緒，這段緣分的業力就會加速消耗。
給不少女生奇門起局了很多雙方之間的感情盤，真相是緣分的深淺早有定數。
你越是逃避，它就越拖越長；你越是直面，它反而消散得更快。這不是讓你去糾纏，而是讓你徹底釋放自己，不再患得患失。
一旦債還清了，緣分自然就盡了。就像火焰燒得越旺，熄滅得也越快。
長痛不如短痛，主動完成這段因果，你才能真正解脫。",2025/4/27 17:56,靈性盡量成長者 世間盡量修行人,自殺念頭,non_life,
berbenberber,Beerben,"¿Has notado que cuando un narcisista está a punto de engañarte o ser deshonesto, empieza a actuar agresivamente contigo? Es como si necesitara intimidarte solo para poder sentirse en paz con su propia culpa.",2025/4/27 17:20,靈性盡量成長者 世間盡量修行人,自殺念頭,non_life,
berbenberber,Beerben,"奉勸
一旦斷聯 或 分手
一律通通不要回頭
因為
絕對不會換來對方更加愛你/妳
完全只是「權衡利弊」
你/妳還有利用價值的地方
但絕對完全不是因為想再愛你/妳
相信我
人格已經定型 不會變就是不會變
結局
只是再一次受傷
然後再一次折磨
獨自渡過生不如死的每一晚",2025/4/26 16:56,靈性盡量成長者 世間盡量修行人,自殺念頭,non_life,
berbenberber,Beerben,"相信所想 所即為真
我很堅強很勇敢
我是被愛被保護
我敞開接受一切
我感到無比幸福
我感恩無論好壞 都待在我身邊的人
我感恩遇到困難 都伸手幫助我的人
我感恩生活的一切 都受到神的眷顧
願神祝福著那些愛我的人
並引領著我們一起走下去
祢的恩典將賜予我們豐盛
我們的心靈與物質將得到洗滌與滿足
人生如果快堅持不下了
就一次又一次在心中唸",2025/4/25 14:00,靈性盡量成長者 世間盡量修行人,自殺念頭,non_life,
berbenberber,Beerben,"繼續-孽緣話題
孽緣是一種緣份 是前世帶來的業力 
所以你的感受不是愛 而是種無時無刻的負擔
既然不是愛 就是一場討債、還債的感情
這種感情有多久 就會讓人感覺到痛苦多久
就算你再愛多愛著對方 也無法獲得好的結局
1、
愛的很深很痛 想離離不開也無法真正地靠近
好像不管多努力 一直無法真正走進對方心裡
2、
你們的關係一直處於不穩定狀態
交往期間會歷經非比尋常的波折
在一起時間很長但就是不會結婚
3、
會有強烈的吸引力 但是卻又互相折磨
一直持續不斷 在這段關係中精神內耗
簡單來說 就是愛得很深總是覺得受傷
4、
會讓你變得不像自己 陷入自我懷疑
逐漸失去自我 精神內耗 質疑自己
為對方做出過多犧牲妥協 原諒退讓
最終 仍舊離不開這段痛苦的關係中
有些人出現在生命中 就跟鏡子一樣
映照出內心最深的感受
會覺得無法離開他
是因為對方的某些特質觸動了你內心的深處
可這不等於愛
真正的愛 是讓人成長 快樂 變更好
而孽緣是 讓人失去自我 深陷其中 迷失人生方向
孽緣 
像命中註定的情感負擔 是深刻而長久的 
會持續長久時間發生 讓人無法輕易逃脫
爛桃花 
則是當下的選擇結果 是短期的痛苦傷害",2025/4/23 19:25,靈性盡量成長者 世間盡量修行人,自殺念頭,non_life,
berbenberber,Beerben,"每個人都在問到底偷吃該不該原諒
還有偷吃的人到底會不會改
我用22年的親身經歷告訴你
偷吃的人不會改 你早就不該原諒
他們的招數只會更加升級
更加讓你察覺不到 更難抓到
一次比一次隱藏的更好
道高一尺魔高一丈
這就是他們偷吃的心態
選擇偷吃劈腿婚外情的人
基本上就是道德淪陷 基因有缺陷
家庭成長背景造成心理上有問題
他們的個性通常具備
逃避害怕負責沒擔當自卑自大
尋求新鮮感跟刺激
喜歡遊走在法律邊緣社會邊緣
通過外面的女人增加自己的自信",2025/4/22 12:21,靈性盡量成長者 世間盡量修行人,自殺念頭,non_life,
yourrelationshipclinic,Dr Ken Fung (Your Relationship Clinic 關係事務所),"如果可以
請不要再向想自殺的人說
「難道你沒有為你身邊人想過嗎？」
要一個內心經歷無數痛苦的人
在想結束時還是要顧及其他人感受
實在是太折磨
我相信他們比任何其他人更清楚
只是我們假設他們沒有想過
想自殺的人
或者更需要想自己
而不是去為其他人著想",2025/12/29 16:57,"⚫ 心理學家
⚪ 關係治療師
⚫ 求其電話攝影
⚪ 隨意文字創作
「你們的關係生病了嗎？」",想自殺,business,
yourrelationshipclinic,Dr Ken Fung (Your Relationship Clinic 關係事務所),"有些人看起來無比堅強
或者是因為他們很少被溫柔對待過",2025/12/26 11:54,"⚫ 心理學家
⚪ 關係治療師
⚫ 求其電話攝影
⚪ 隨意文字創作
「你們的關係生病了嗎？」",想自殺,business,
yourrelationshipclinic,Dr Ken Fung (Your Relationship Clinic 關係事務所),"這幾星期内
先後因香港和台灣發生的人為事件
嘗試作出文字回覆和支援
心情真的很複雜
人性的多樣性
沒有地域界限
然而除了黑暗面
我也看到溫柔堅強和勇敢的你們
無論如何
請先照顧好自己
再想其他
願大家平安
🫂",2025/12/20 12:32,"⚫ 心理學家
⚪ 關係治療師
⚫ 求其電話攝影
⚪ 隨意文字創作
「你們的關係生病了嗎？」",想自殺,business,
yourrelationshipclinic,Dr Ken Fung (Your Relationship Clinic 關係事務所),"我是香港的臨床心理學家
（大概即是台灣的臨床心理師？）
今天台北中山發生的事
看到我心裏都很難過
如果有任何人（包括只是在網上看影片的人）
想找一個安全空間去抒發情緒
可以dm我
今晚至明天早上
我都會留守聆聽
願死者安息
傷者早日康復
🫂",2025/12/20 01:30,"⚫ 心理學家
⚪ 關係治療師
⚫ 求其電話攝影
⚪ 隨意文字創作
「你們的關係生病了嗎？」",想自殺,business,
yourrelationshipclinic,Dr Ken Fung (Your Relationship Clinic 關係事務所),"一路好走
留下來的人
也請好好生活
不想忘記
不懂忘記
不會忘記",2025/12/19 21:01,"⚫ 心理學家
⚪ 關係治療師
⚫ 求其電話攝影
⚪ 隨意文字創作
「你們的關係生病了嗎？」",想自殺,business,
yourrelationshipclinic,Dr Ken Fung (Your Relationship Clinic 關係事務所),"勇氣是明知很困難
也選擇嘗試走下去",2025/12/18 23:38,"⚫ 心理學家
⚪ 關係治療師
⚫ 求其電話攝影
⚪ 隨意文字創作
「你們的關係生病了嗎？」",想自殺,business,
yourrelationshipclinic,Dr Ken Fung (Your Relationship Clinic 關係事務所),"打開黑房
將不喜歡的自己鎖進去
留下來的
就是自己最喜歡的模樣",2025/12/18 01:08,"⚫ 心理學家
⚪ 關係治療師
⚫ 求其電話攝影
⚪ 隨意文字創作
「你們的關係生病了嗎？」",想自殺,business,
yourrelationshipclinic,Dr Ken Fung (Your Relationship Clinic 關係事務所),"致因自殺而失去重要的人的你
失去所愛的人本已是人生中最沉重的痛苦，而當這份離別來自於自殺，那種錐心的悲傷往往伴隨著無數的疑問、自責與不解。
請你知道，這不是你的錯。
無論你腦海中浮現多少個「如果」，無論你多麼努力地回想是否有甚麼徵兆被忽略，請記住：你已經在你認知的範圍盡了最大的努力去愛、去關心、去理解。
心靈的痛苦有時深不可測，即使是最親近的人也難以完全察覺或阻止。在這段艱難的日子裏，請允許自己悲傷，允許自己脆弱，也請接受他人的陪伴與支持。
療癒需要時間，而每個人的步伐都不同。你摯愛的人曾經存在過，你們共同擁有的美好回憶永遠真實，那些愛從未消失。
願你在前行的路上，能夠逐漸找到內心的平靜，記住他們曾帶給你的溫暖，而不僅僅是離別的傷痛。
也希望你知道，你並不孤單。
🫂",2025/12/16 13:56,"⚫ 心理學家
⚪ 關係治療師
⚫ 求其電話攝影
⚪ 隨意文字創作
「你們的關係生病了嗎？」",想自殺,business,
oiccx1,oiccx1,對方原生家庭很好的話其實我會自卑,2026/1/17 22:31,人找不到答案的時候 就去看看這個世界,原生家庭,pass,
oiccx1,oiccx1,我發誓 我不會被他影響心情,2026/1/17 22:05,人找不到答案的時候 就去看看這個世界,原生家庭,pass,
oiccx1,oiccx1,不要釣我啦😭,2026/1/17 21:41,人找不到答案的時候 就去看看這個世界,原生家庭,pass,
oiccx1,oiccx1,或許你正在拿我忘掉她…,2026/1/17 00:03,人找不到答案的時候 就去看看這個世界,原生家庭,pass,
oiccx1,oiccx1,我的愛人 我只想要你天天開心好嗎答應我,2026/1/16 18:21,人找不到答案的時候 就去看看這個世界,原生家庭,pass,
oiccx1,oiccx1,"剩下一個月就要情人節囉
看什麼看你又沒有情人",2026/1/14 21:57,人找不到答案的時候 就去看看這個世界,原生家庭,pass,
oiccx1,oiccx1,我想要慢慢的愛情,2026/1/14 21:53,人找不到答案的時候 就去看看這個世界,原生家庭,pass,
oiccx1,oiccx1,我居然為了你失眠？懦夫行為,2026/1/13 23:21,人找不到答案的時候 就去看看這個世界,原生家庭,pass,
oiccx1,oiccx1,要怎樣才可以下船。。。。,2026/1/13 23:13,人找不到答案的時候 就去看看這個世界,原生家庭,pass,
oiccx1,oiccx1,你講的話好像在嘲笑我的愚蠢…,2026/1/13 22:47,人找不到答案的時候 就去看看這個世界,原生家庭,pass,
oiccx1,oiccx1,喜歡上一個人情緒就變得好多變。,2026/1/13 21:51,人找不到答案的時候 就去看看這個世界,原生家庭,pass,
oiccx1,oiccx1,"理性暈船：
我不想被你影響我的情緒
但是我真的好喜歡你😭",2026/1/13 21:30,人找不到答案的時候 就去看看這個世界,原生家庭,pass,
oiccx1,oiccx1,心情好複雜快瘋了,2026/1/13 20:52,人找不到答案的時候 就去看看這個世界,原生家庭,pass,
oiccx1,oiccx1,蛤可是他真的很漂亮啊 你怎麼可能會選我…,2026/1/12 22:48,人找不到答案的時候 就去看看這個世界,原生家庭,pass,
oiccx1,oiccx1,一定是我太閒了才會一直想你,2026/1/12 22:37,人找不到答案的時候 就去看看這個世界,原生家庭,pass,
oiccx1,oiccx1,我是一隻快樂的魚 耶,2026/1/12 22:33,人找不到答案的時候 就去看看這個世界,原生家庭,pass,
leeyu_171,鯉魚｜夜市美食｜美食探店,好奇你們談戀愛會看原生家庭嗎,2026/1/14 13:39,"小7店員但靈魂住在文青宇宙
寵物日常
處女座的細膩！鯉魚的浪漫
拍照控 & 美食探店狂人",原生家庭,business,
leeyu_171,鯉魚｜夜市美食｜美食探店,蠻好奇大家對自己目前工作的看法？,2026/1/12 03:20,"小7店員但靈魂住在文青宇宙
寵物日常
處女座的細膩！鯉魚的浪漫
拍照控 & 美食探店狂人",原生家庭,business,
leeyu_171,鯉魚｜夜市美食｜美食探店,你們有推哪幾本必看的書嗎,2026/1/12 03:06,"小7店員但靈魂住在文青宇宙
寵物日常
處女座的細膩！鯉魚的浪漫
拍照控 & 美食探店狂人",原生家庭,business,
leeyu_171,鯉魚｜夜市美食｜美食探店,你們一領薪水都先幹嘛？,2026/1/12 02:27,"小7店員但靈魂住在文青宇宙
寵物日常
處女座的細膩！鯉魚的浪漫
拍照控 & 美食探店狂人",原生家庭,business,
leeyu_171,鯉魚｜夜市美食｜美食探店,最近想換電信 正在考慮中華🤔,2026/1/12 01:20,"小7店員但靈魂住在文青宇宙
寵物日常
處女座的細膩！鯉魚的浪漫
拍照控 & 美食探店狂人",原生家庭,business,
leeyu_171,鯉魚｜夜市美食｜美食探店,"杏仁奶好喝到我二次回購了
一杯只要65$
可可杏仁控的你們趕快衝清心
#清心福全 #白韻杏仁奶 #手搖飲 #新品開箱 #清心",2026/1/10 15:03,"小7店員但靈魂住在文青宇宙
寵物日常
處女座的細膩！鯉魚的浪漫
拍照控 & 美食探店狂人",原生家庭,business,
leeyu_171,鯉魚｜夜市美食｜美食探店,蠔蠔ㄔ。好便宜,2026/1/10 02:04,"小7店員但靈魂住在文青宇宙
寵物日常
處女座的細膩！鯉魚的浪漫
拍照控 & 美食探店狂人",原生家庭,business,
leeyu_171,鯉魚｜夜市美食｜美食探店,新年快樂🎉祝大家馬爾濟斯,2026/1/9 01:15,"小7店員但靈魂住在文青宇宙
寵物日常
處女座的細膩！鯉魚的浪漫
拍照控 & 美食探店狂人",原生家庭,business,
leeyu_171,鯉魚｜夜市美食｜美食探店,"果然匯蔬食吃到飽
多樣式料理Buffet
最便宜只要638$
即可享有120道蔬食料理吃到飽
📍桃園市桃園區中正路61號7樓
🕐平日午餐11:30-15:00、晚餐17:30-21:00
假日午餐11:30-14:00、
下午餐14:30-16:30、晚餐17:30-21:00
📞：03-333-9666
距離桃園火車站步行約3分鐘！
#桃園美食 #桃園蔬食 #桃園聚餐 #桃園吃到飽 #桃園統領",2026/1/8 18:04,"小7店員但靈魂住在文青宇宙
寵物日常
處女座的細膩！鯉魚的浪漫
拍照控 & 美食探店狂人",原生家庭,business,
leeyu_171,鯉魚｜夜市美食｜美食探店,現貨美瞳有美寶需要嗎✨,2026/1/5 20:45,"小7店員但靈魂住在文青宇宙
寵物日常
處女座的細膩！鯉魚的浪漫
拍照控 & 美食探店狂人",原生家庭,business,
leeyu_171,鯉魚｜夜市美食｜美食探店,會走的還是會走 沒什麼永遠,2026/1/2 23:50,"小7店員但靈魂住在文青宇宙
寵物日常
處女座的細膩！鯉魚的浪漫
拍照控 & 美食探店狂人",原生家庭,business,
leeyu_171,鯉魚｜夜市美食｜美食探店,統一布丁貼紙好有情緒價值,2026/1/2 13:59,"小7店員但靈魂住在文青宇宙
寵物日常
處女座的細膩！鯉魚的浪漫
拍照控 & 美食探店狂人",原生家庭,business,
leeyu_171,鯉魚｜夜市美食｜美食探店,請各位美女們推薦小琉球住宿🥺謝謝！！,2026/1/1 02:39,"小7店員但靈魂住在文青宇宙
寵物日常
處女座的細膩！鯉魚的浪漫
拍照控 & 美食探店狂人",原生家庭,business,
julian_chan0110,Julian_JC,"九個徵狀反映原生家庭嘅傷痕
1、眼淚失控體質
一有爭拗或俾人誤會就眼濕濕，越解釋越委屈
原因：細個唔被父母理解，啲委屈積到而家，一爆就止唔到
2、成日諗負面嘢
覺得人生冇意思，遇難題就諗最衰結果，好難開心返
原因：細個成日俾父母踩，睇唔到自己好，對人生冇信心
3、自卑又敏感又多疑
成日同人比，輸咗唔開心，贏咗都只爽一陣
原因：細個俾人打壓慣咗，聽慣「你點比得上隔離屋阿仔」
4、情緒控制唔到
出面斯文，返屋企或面對親密關係就易爆
原因：細個成日俾人鬧、貶，情緒無出口，成日極端
5、討好型人格
驚俾人唔鍾意，寧願委屈自己求和氣
原因：父母啲愛有條件，乖聽話先有讚賞，變成習慣
6、朋友少，鐘意一個人
唔想煩人又驚俾人煩，習慣自己搞掂
原因：細個冇人照顧，長大唔識相處，一親近就退開
7、渴望俾人認同
做咩都想俾人讚，但幾努力都覺得唔夠好
原因：細個冇鼓勵，安全感低，好在意別人目光
8、唔識講自己感受
唔敢講想要乜，成日顧住大局
原因：細個講需求就俾人話唔懂事，所以學識收埋
9、覺得自己唔配擁有好嘢
人哋對你好會唔自在，要即刻報答返
原因：覺得自己唔配，細個從未白白得到過愛",2025/10/17 14:31,內在秩序是終極自由。,原生家庭,not_enough_posts,
zzzi.___22,ㄗㄗ,我覺得原生家庭會影響到整個人 包括愛情觀,2024/6/22 01:26,連我都不珍惜那就真的沒有人愛你了,原生家庭,not_enough_posts,
jessetang11,唐綺陽 Jesse Tang,"「 你生下來，唯一的責任就是顧好你自己，你顧好你自己，好好活下來，再回頭去面對你的家人，這才是正解。而不是為了所謂的孝道，失去自我、強顏歡笑，結果屍骨無存。」
知道很多人對我說過的這段話有感，心疼你們，不管幾歲，原生家庭是一生課題（我也不例外），特別是星盤有四宮的人，我們一起努力。",2024/3/6 15:56,👇🏻 《唐綺陽2025解答之書·有聲版》,原生家庭,not_enough_posts,
the_pocket_notes,the_pocket_notes,"有一句話說，殺出原生家庭的孩子，都不是一般的人物。
因為她改變了整個家族的模式，這個家所有的劣勢，在她這邊終止了。
這樣的人，她光付出努力是沒有用的，她得要克服所有原生家庭帶給她的自卑、恐慌、敏感、一系列的經歷，這才是她最厲害的地方。
￼
在這個過程當中，她可能經歷了抑鬱、自我懷疑、煎熬，站在妳面前的時候光鮮亮麗，背後卻全是沼澤、無盡深淵，但是她爬出來了，所以她很厲害。
為什麼說原生家庭殺傷力這麼大？
在一個人的人格形成的年齡階段裡，她面對的是謾罵，是否定，是扭曲，她的整個認知思維都是混亂的，沒人給她指引，全部都要靠她自己，她沒走彎已經很不錯了，她還能把自己變得更好，那鐵定不是一般人。",2025/1/25 06:39,N手創作,原生家庭,pass,
the_pocket_notes,the_pocket_notes,"#Voyage澳洲
和Aussie老人家們一起上班，真的是滿歡樂的，這就是所謂的有長輩緣嗎？😆",2025/1/24 14:04,N手創作,原生家庭,pass,
the_pocket_notes,the_pocket_notes,"#台灣職場經驗談
出國留學回來的社會新鮮人，千萬不要讓同事知道是家裡送你出國，打死都要說是靠自己拿到獎學金，然後要說在國外一餐都當三餐吃。",2025/1/23 14:21,N手創作,原生家庭,pass,
the_pocket_notes,the_pocket_notes,"有些人真的就是會毫無來由的討厭你
看你不爽
這是因為他們自己的小日子
真的是過得不太好
所以別太在意
他們自己過得不好
不關你的事
專注在你的目標上",2025/1/23 02:32,N手創作,原生家庭,pass,
the_pocket_notes,the_pocket_notes,"如果發現一個人身邊沒什麼朋友
先別急著去懷疑是不是這個人有問題
不妨先去看看他身邊的人都是什麼樣的嘴臉
大部分不是見不得別人好
就是看別人沒有的嘴臉
身邊如果都是內心匱乏的人
沒朋友 很棒",2025/1/21 05:40,N手創作,原生家庭,pass,
the_pocket_notes,the_pocket_notes,"家裡不得安寧
在外面都要花比一般多三四倍的力氣",2025/1/20 18:31,N手創作,原生家庭,pass,
the_pocket_notes,the_pocket_notes,"高中時，自由選課，嘗試製作機器人和捏陶等興趣，對學習充滿期待。
大學時，因對未來方向不明，先選擇材料工程，後發現不適合，轉至環境工程，期望投身風能、太陽能、水資源等環保領域，希望能為這世界環境盡力。
但回台後，環境工程和ESG尚未普及，親友不理解，甚至認為是清垃圾，讓我倍感挫折。",2025/1/20 17:50,N手創作,原生家庭,pass,
the_pocket_notes,the_pocket_notes,"老實說 重男輕女 不管在哪一個地方
女性人類其實真的幫了很大一部分
能理解一位中年女性人類疼愛自己多年前生下的男性人類孩子
但 可不可以有個限度啊",2025/1/20 12:49,N手創作,原生家庭,pass,
the_pocket_notes,the_pocket_notes,"But I’m gonna continue to be a bad ass. 🤘
- Bad Granny",2025/1/19 18:03,N手創作,原生家庭,pass,
the_pocket_notes,the_pocket_notes,"不做不知道
做了才知道
輸得起就好
- 郝哥",2025/1/19 12:37,N手創作,原生家庭,pass,
the_pocket_notes,the_pocket_notes,"澳洲郵局出錯率也太高了吧
Tracking number 用不了
不知道已經第幾次了欸
怎麼有辦法可以製造出這麼多鳥事
不是擅自作主 把信件寄Economy 
不然就是不事先問是要寄Standard 還是 Express
就擅自寄Standard 
然後Standard 的tracking number 還用不了
到底哪來那麼多問題啊",2025/1/18 22:04,N手創作,原生家庭,pass,
the_pocket_notes,the_pocket_notes,"家 也可以是個複雜的地方
破事一堆",2025/1/17 06:47,N手創作,原生家庭,pass,
cyx11.27,熹、,"那些跟父母互追帳號還不屏蔽的人
原生家庭到底有多幸福。",2025/4/13 01:08,一直都放不下過去的所有,原生家庭,not_enough_posts,
cyx11.27,熹、,是我 是你 不是我們,2025/3/31 00:34,一直都放不下過去的所有,原生家庭,not_enough_posts,
1ynlp._,1ynlp._,我羨慕每個原生家庭很好的人,2025/10/23 07:07,,原生家庭,not_enough_posts,
slevin_666,365__,"我相信會有憂鬱症百分之80的原因在於
原生家庭",2024/7/18 08:15,tw.news.yahoo.com,原生家庭,pass,
slevin_666,365__,當你妳去身心診所時發現旁邊的藝人，手腕手臂上都是自殘的刮痕傷疤，就會發現自己好過點🙃,2024/7/16 10:14,tw.news.yahoo.com,原生家庭,pass,
slevin_666,365__,是不是不愛哭的人比較容易憂鬱症,2024/7/15 21:11,tw.news.yahoo.com,原生家庭,pass,
slevin_666,365__,"憂鬱症的人
其實…….
就對我來說
對自己太嚴格
只愛別人
忘了愛自己
所以才無限輪迴犯病
當我想通自己需求時
我已經6年沒犯病了",2024/7/5 10:16,tw.news.yahoo.com,原生家庭,pass,
johny80528,陳柏諺,"原生家庭不幸福的女生，這輩子最害怕的3件事：
1.怕嫁給像爸爸一樣的人，重蹈覆轍
2.怕自己活成媽媽的模樣，無力掙脫
3.怕孩子像自己小時候那樣，帶著傷長大
希望你永遠都聽不懂這份害怕
也永遠不必面對這些痛",2025/1/6 22:13,#NAME?,原生家庭,business,
johny80528,陳柏諺,"情緒的正確表達：
🌟1.識別情緒
先弄清楚自己感受到的是什麼情緒——是生氣、委屈、還是難過？當你能準確描述情緒，表達就會更清晰。
🌟2.選擇合適的時機和方式
避免在情緒高漲時發作，給自己冷靜的時間，再用平和的語氣表達，這樣更容易被對方接受。
🌟3.用「我」表述而非指責
說出自己的感受，而不是指責對方。比如：「我覺得你的話讓我有點難受」，而不是「你說話太傷人了」。
🌟4.聚焦問題本身
避免翻舊帳或泛化問題，只針對當下的情況，讓對方理解你的具體需求或期待。
🌟5.適度發洩
找適合的方式釋放情緒，比如運動、寫日記，甚至大哭一場，讓情緒找到出口。
🌟6.尊重他人感受
在表達情緒時，也要注意不去過度傷害對方，做到真誠且有分寸。
情緒不是壓抑，而是用智慧表達，既讓人理解你，也維護彼此關係。",2025/1/6 21:42,#NAME?,原生家庭,business,
johny80528,陳柏諺,"未來20年內最火的其中兩種產業
1.AI人工智能
2.健康產業
抓住這兩個風口
我有團隊培養你做網路行銷，結合趨勢
我有實質、優質的產品支持你
無需囤貨、無需代理金、不賣課程
免費讓你包退包換=包賺0風險
只要配合我學習，兼職也可
幫你每個月增加額外收入
我透過結合這兩項風口
兩年時間還清我原本一天做兩份工作都還不了的債務
底下留言想了解並私訊我IG
免費提供你商業模式",2025/1/6 20:58,#NAME?,原生家庭,business,
johny80528,陳柏諺,"有人精明到權衡利弊放棄你
也有人笨拙到擦乾眼淚還是繼續愛你
你覺得，幸福是什麼？
生活不是電影
其實幸福從來都源自於珍惜",2025/1/6 20:23,#NAME?,原生家庭,business,
johny80528,陳柏諺,"從小到大有什麼想法或想做的事
一定會換到一句：「你不行啦」
有人一樣是接受「否定式教育」長大的嗎？
我真的花了很長很長很長…的時間重建自信
也真的花了很多很多很多…的時間打破自我懷疑",2025/1/6 19:53,#NAME?,原生家庭,business,
johny80528,陳柏諺,"認知低的人，往往特別固執
心理學的達克效應說得很對：
懂得少的人，越容易覺得自己什麼都對
就像有些人只看表面
就說他媽的：「有錢人一定都是靠不正當手段發財」
或說：「一定是老爸有錢」
但實際上，他們根本沒了解別人的努力和經歷
圓越大，視野越廣；圓越小，只看自己那點世界
所以，別和認知層次低的人爭
與其跟豬說話，不如跟智者吵架",2025/1/6 11:25,#NAME?,原生家庭,business,
johny80528,陳柏諺,"送給愛花錢的你：
越愛花錢的人越會賺錢
只會存錢的人永遠不會有錢",2025/1/6 10:08,#NAME?,原生家庭,business,
johny80528,陳柏諺,"剛剛看著窗外的好天氣泡澡🛁
彷彿一切都靜止了
讓自己沈澱下來
學會做一個不被情緒左右的成年人，
委屈時沉住氣，煩躁時別反擊，
很多事回頭看，其實沒那麼重要。
人生很長，學會翻篇，
放下過去的傷害，輕裝前行。
失去的就放下，得不到的就算了，
快樂，從來是自己的選擇。
降低期待，不攀比、不抱怨，
日子是自己的，活得舒坦最重要。
生活總會好起來，
只要你給它時間。",2025/1/6 09:14,#NAME?,原生家庭,business,
johny80528,陳柏諺,"其實，最能擊垮一個人的
往往不是社會或別人
而是我們稱作「避風港」的家
從小被教育：
「只有優秀才會被愛
只有懂事才不會被丟下」
這讓我們長大後敏感、自卑
不相信愛，也不相信自己值得被愛
但我一直都相信
即使有原生家庭的傷痕
只要願意往前走一定會遇到那個：
「我有病，他剛好有藥」的人
帶我們走向光",2025/1/5 23:58,#NAME?,原生家庭,business,
johny80528,陳柏諺,"親密關係最怕的
就是你悶在心裡不說
卻希望對方能猜透你的心思
每個人的想法都不一樣
期待對方猜中你的內心
就像天天在跟你賭博一樣
賭著賭著就把本也都賠進去了
與其憋著等對方猜，
不如直接說出自己的感受
有情緒沒關係，
說清楚，才是真正的解藥",2025/1/5 21:29,#NAME?,原生家庭,business,
johny80528,陳柏諺,"讓大腦變遲鈍的6種行為
🌟1.長時間熬夜：
睡眠不足會損害記憶力和專注力
🌟2.沉迷手機與碎片化信息：
不斷刷短視頻和社交媒體，讓專注力下降
🌟3.缺乏學習與挑戰：
大腦長期不接受新知識，容易變得遲鈍
🌟4.過度依賴工具：
經常用計算器或導航，讓計算和方向感退化
🌟5.缺乏運動：
運動不足會影響腦部供血，降低思考效率
🌟6.負面情緒積壓：
長期焦慮或壓抑會損害大腦健康",2025/1/5 16:48,#NAME?,原生家庭,business,
johny80528,陳柏諺,"未來20年內最火的其中兩種產業
1.
AI人工智能正在悄悄改變世界，
智慧城市、無人駕駛、AI應用，
每一個技術突破背後都是藍海市場。
2.
健康產業潛力無限，
抗衰老、個性化醫療、智慧健康管理，
需求日益增長
抓住這兩個風口
我有團隊培養你做網路行銷，結合趨勢
我有實質、優質的產品支持你
無需囤貨、無需代理金、不賣課程
免費讓你包退包換=包賺0風險
只需要你配合我學習
我透過結合這兩項風口
兩年時間還清我原本一天做兩份工作都還不了的債務
底下留言想了解並私訊我IG
免費提供你商業模式",2025/1/5 15:50,#NAME?,原生家庭,business,
johny80528,陳柏諺,"原生家庭不幸福的人，長大後往往也很難真正幸福
你會發現
生活裡的很多痛苦
其實都和原生家庭有關
你不喜歡爸爸身上的缺點
也不喜歡媽媽的脾氣
但回頭看看自己
好像也變成了那樣的人
這就是原生家庭的影響
想要真正幸福，就得學會打破它",2025/1/5 13:42,#NAME?,原生家庭,business,
johny80528,陳柏諺,"最舒服的相處方式就是：
醒了記得發個訊息
忙的時候就各忙各的，沒關係
想我的時候
隨時可以找我聊開心的事
也可以跟我吐槽你的委屈
要是我哪裡讓你不爽了
一定要直接跟我說
別在心裡擅自偷偷的扣我分
更別自己獨自難過",2025/1/5 11:11,#NAME?,原生家庭,business,
johny80528,陳柏諺,"愛情可以有遺憾
婚姻不能有隱患
跟你分手我會很捨不得
但跟你結婚
註定不幸福
與其哭哭啼啼一輩子
不如狠下心來斷捨離",2025/1/5 10:12,#NAME?,原生家庭,business,
johny80528,陳柏諺,"你不必非得讓那些
不喜歡你的人都喜歡你，
而是要讓那些喜歡你的人，
覺得自己真有眼光",2025/1/4 21:08,#NAME?,原生家庭,business,
johny80528,陳柏諺,"其實，「三觀不合」不是愛吃什麼、喜歡什麼的差異
你愛早睡，我愛熬夜，這沒什麼
你喜歡熱鬧，我享受安靜，這也沒什麼
但如果你覺得我早睡是裝乖，
我覺得你熬夜是不自律，
這才是真正的三觀不合
三觀合不合，從來不是做什麼不同，
而是能不能尊重彼此的不同",2025/1/4 19:35,#NAME?,原生家庭,business,
johny80528,陳柏諺,"你討厭煙味
就去找一個不抽煙的男人
而不是去改造一個老煙槍
你喜歡陪伴
就找一個黏人的男孩
而不是強迫一個貪玩的男人來陪你
你喜歡物質富裕的生活
就找一個經濟優渥的男人
而不是勉強一個貧窮的男人認真上進
最糟糕的感情關係
就是你隨便抓到一個人
然後就開始對他進行各種改造",2025/1/4 19:12,#NAME?,原生家庭,business,
johny80528,陳柏諺,"一個家庭最大的悲哀
不是貧窮
而是不會好好說話
長時間貶低
抬槓，諷刺，挖苦",2025/1/4 18:05,#NAME?,原生家庭,business,
johny80528,陳柏諺,"缺乏邊界感，生活會失控又疲憊。
當底線一次次被突破，
自己的生活不再由自己掌握。
擁有清晰的邊界，
能保護自己，尊重他人，
讓關係更和諧。
成年人有邊界感，真的很重要！",2025/1/4 17:28,#NAME?,原生家庭,business,
johny80528,陳柏諺,"如何測試他心裡有沒有你？
試試看講個笑話，等大家都笑開了，偷偷看他。
人總會下意識地看向自己喜歡的人，
如果那一刻，他的目光剛好落在你身上……
你猜～他心裡有你嗎？",2025/1/4 16:58,#NAME?,原生家庭,business,
johny80528,陳柏諺,"租屋族跟買房族各有一派支持者
租屋的人覺得租房子一輩子花的錢也沒有一棟房子多
所以買房幹嘛？
其實我也沒有特別站在哪一方
我努力買房不過是為了「有尊嚴的活著」
從出社會到買房這7、8年間
就遇過2次房東突然一通電話打來就說
一次是：我兒子要從美國回來了，這裡要給他住，再請你們月底前搬走，違約金我付給你們沒關係
另一次是：我房子賣掉了，請你們月底前搬走（離月底不到10天），一樣，違約金我付給你們沒關係…
是在趕乞丐還是施捨我？
我們不過都是很努力在社會上想辦法生存的人
我受夠了到處搬來搬去
幫人繳房貸幫人增加資產還要看人眼色的生活
我只想要有更多的選擇權握在自己手上
我努力賺錢不為別的只為一句
人爭一口氣 佛爭一柱香
你呢？你支持租屋一輩子還是買房子呢？",2025/1/3 14:48,#NAME?,原生家庭,business,
johny80528,陳柏諺,"到底為什麼人家韓系燙髮完都長這樣
頭髮看起來弧度都很漂亮
也感覺很柔順
然後我的弄完都長這樣！？
設計師都跟我說要用點卷度
然後再整理才會有這樣的髮型
之前有過很多次經驗
設計師都說燙微捲就好比較自然
我說我的髮質比較硬
你們所謂的微卷
用在我頭上燙完都會特別Q
然後設計師就會說：喔～我幫你用的話保證不會
結果！每一次燙完都變超Q
然後會變一整坨，很像鳥巢😭
我換過好幾個設計師都一樣
作品都很好看
但每次弄完我都覺得怎麼落差都這麼大？
到底有沒有真的會用韓系燙髮的啊？！
還是真的大家都是這樣？
是我自己大驚小怪？！",2025/1/3 12:15,#NAME?,原生家庭,business,
johny80528,陳柏諺,"我現在真的動不動就遇到有憂鬱傾向的朋友
我知道憂鬱傾向的朋友們
其實不喜歡聽到別人一直跟他說加油
但我很好奇那憂鬱傾向的朋友們
內心世界中會希望聽到什麼樣的話
會讓你心裡覺得好受很多呢？",2025/1/3 10:25,#NAME?,原生家庭,business,
johny80528,陳柏諺,"現在很常滑到影片看到女生在分享
男友就該怎麼樣？
老公就要多體貼？
然後就有很多男生不爽瘋狂留言
說：每次都只會說男生應該怎麼樣
說：女人就是物質bla bla bla的～
說：阿怎麼就沒有人在教
女友該怎麼樣？
老婆要多貼心？
但我滿好奇
不然換成教女友該怎樣、老婆要多棒
大家希望內容是什麼？",2025/1/3 10:19,#NAME?,原生家庭,business,
johny80528,陳柏諺,最近大家都追什麼劇啊？除了魷魚遊戲還有嗎？🤣,2025/1/3 00:00,#NAME?,原生家庭,business,
johny80528,陳柏諺,"為什麼剛入職
很多事情你總是學不會？
你有沒有想過有時候學不會其實並不是你們不好
而是教你的人不會教或是根本懶得理你
好的環境都會有完善的教育訓練
但很多環境根本沒有這樣的機制
所有事情都是靠摸索與感覺
理論說一堆 
學長姐就會跟你說：我當初也是自己這樣過來的啊！
想讓新人可以快速學會
一定要有一套完善的教育訓練
能夠帶著他們學習也能夠陪著他們實操
重點是職場風氣
一定要從源頭就帶有適當的容錯率
動輒謾罵
新人只會因爲害怕犯錯
不懂硬要裝懂
做錯了就跟你說：不懂為什麼不問！？
但問了又會被投以不耐煩的眼光：剛剛不是有教過你了嗎？
上司跟下屬其實應該是夥伴關係
大家都是一起領老闆的薪水
所以誰不好對彼此都沒有好處
大家都好
你才有可能更好
如果你發現
你剛入職的職場是這樣
我建議你就是全力嘗試
真的不行也不用自責
工作而已 一切都可以再找
不用過於糾結與內耗！
建議這個年代
如果你想要有更好的生活品質
一定要斜槓發展副業
短影音絕對是普通人翻身最好的管道之一
因為低成本低風險
我們的短影音團隊有完善的教育訓練
友善的團隊氛圍
如果正處於迷茫找不到方向的情況
可以私訊我聊聊",2025/1/2 09:44,#NAME?,原生家庭,business,
johny80528,陳柏諺,"不知道大家有沒有注意到
其實滿常看到「伊蕾名店」
但老實說我真的很好奇到底都是誰會去這裡買衣服？
因為我每次經過任一家裡面都沒客人
我更好奇的是明明都沒客人卻有那麼多分店！？
而且這品牌好像還存在滿久了？！
小弟見識淺薄
想請脆友們指點迷津😂",2025/1/2 03:54,#NAME?,原生家庭,business,
johny80528,陳柏諺,"我：今年要過完了，你今年有完成什麼目標嗎？
友：活著！活著就不錯了！還完成什麼目標！笑🐭
我：……新年快樂！！",2024/12/31 23:05,#NAME?,原生家庭,business,
johny80528,陳柏諺,"麥當勞性侵案
靠抵制吃麥當勞真的有用嗎？
你怎麼看？",2024/12/30 18:34,#NAME?,原生家庭,business,
johny80528,陳柏諺,"今年二度跟家人來宜蘭跨年
正在跟家人討論明年去哪跨
脆友們有沒有推薦跨年的好去處～？
國外也行！",2024/12/29 12:55,#NAME?,原生家庭,business,
johny80528,陳柏諺,"你也常常看錯人嗎？
識人真誠",2024/12/28 18:25,#NAME?,原生家庭,business,
johny80528,陳柏諺,"跟家人來宜蘭跨年
脆友們～宜蘭有推薦必吃必玩的嗎？",2024/12/27 15:29,#NAME?,原生家庭,business,
johny80528,陳柏諺,好奇大家交換禮物收過最爛的禮物是什麼？,2024/12/25 22:41,#NAME?,原生家庭,business,
johny80528,陳柏諺,說一個你聽過最爛的分手理由？,2024/12/25 02:59,#NAME?,原生家庭,business,
johny80528,陳柏諺,"如果聖誕老公公無條件送你一個禮物
你希望收到什麼？只能選一個喔！",2024/12/25 01:09,#NAME?,原生家庭,business,
youu_o8,youu_o8,其實我並沒有被家裡人養的很好 原生家庭時好時壞讓我不知道怎麼辦,2026/1/14 23:31,,原生家庭,pass,
youu_o8,youu_o8,我們也許會吵架 也許會沒有新鮮感也許會沒有話題也許會冷戰 但是我們既然走到了一起 我希望我們都好好對待這段感情 想和妳有很長的未來 想在妳不開心的時候陪在妳身邊 想妳也同樣愛我 想和妳一直在一起 希望妳不要拋棄我 我是真的喜歡妳 所以才會掉眼淚 不要欺騙我 不要敷衍我 我很愛胡思亂想 誰也沒有妳重要 我很會吃醋 我很喜歡說反話 要是妳的態度對我跟以前不一樣 我就會想一大堆有的沒的 晚上我還會偷偷掉眼淚,2026/1/14 23:15,,原生家庭,pass,
youu_o8,youu_o8,我遇見了她 她很可愛很漂亮 但有時候笨笨的呆呆的內心是活潑開朗的 但只有我知道她是一個特別擰巴的人有時候也會沈默不語 不會將自己的想法表達出來 所以我出現了 我愛她的一切 我愛她的擰巴 她的性格 她的敏感多疑 我會好好珍惜她 守護她保護她 不讓她受傷害 我只希望這亂糟糟的生活放過她 她開心比對錯重要,2026/1/13 21:44,,原生家庭,pass,
dr_shaocheng_wang,Shao-Cheng Wang,身為精神科醫師，我常說：童年創傷最殘酷的地方，就是讓你總想再給傷你的人一次機會，期待這次會被好好對待；但真正的覺醒，是終於明白，「能離開的那一步，才是真的愛自己」。,2025/12/6 09:25,"📚 Threads中文心理健康領域 追蹤數「第一」
🧠 精神科醫師用幽默與真實，讓心理健康變的有溫度
🎤 講座/課程/活動/公益合作，洽ymmed@msn.com
📍 門診時間地點
🏥 高雄長庚醫院
🕘 周二下午 周三上午
🏥 高雄市立大同醫院
🕘 周一上午下午 周二上午 周四夜間",童年創傷,business,
dr_shaocheng_wang,Shao-Cheng Wang,"身為照顧過無數位住院患者的精神科醫師，我一直記得一位思覺失調的個案，我溫柔地引導會談，他也很努力想回答，卻只能皺著眉說自己覺得「大腦像被鎖住」，連說一句話都好辛苦。
那一刻我才更深刻明白，所謂的「不講理」和「說不清楚」，常常不是不配合，而是病本身就把他困在裡面。與其急著糾正他的想法，不如先陪著那個被鎖住的大腦，告訴他：沒關係，我在這裡陪著你，我們可以慢慢來。",2025/12/4 08:07,"📚 Threads中文心理健康領域 追蹤數「第一」
🧠 精神科醫師用幽默與真實，讓心理健康變的有溫度
🎤 講座/課程/活動/公益合作，洽ymmed@msn.com
📍 門診時間地點
🏥 高雄長庚醫院
🕘 周二下午 周三上午
🏥 高雄市立大同醫院
🕘 周一上午下午 周二上午 周四夜間",童年創傷,business,
dr_shaocheng_wang,Shao-Cheng Wang,"@yemyum_
@yemyum_
最近爆紅每篇都回的韓國海巡大隊長，致上十二萬分的敬意，每篇都回的辛苦我完全可以理解！！
최근에 엄청 화제가 되고, 모든 댓글에 일일이 답글을 달아주시는
한국 해경 대장님께 진심으로 경의를 표합니다.
모든 댓글을 다 읽고 답하는 게 얼마나 힘든지… 저 완전 이해해요! 🙏🇰🇷",2025/12/4 00:50,"📚 Threads中文心理健康領域 追蹤數「第一」
🧠 精神科醫師用幽默與真實，讓心理健康變的有溫度
🎤 講座/課程/活動/公益合作，洽ymmed@msn.com
📍 門診時間地點
🏥 高雄長庚醫院
🕘 周二下午 周三上午
🏥 高雄市立大同醫院
🕘 周一上午下午 周二上午 周四夜間",童年創傷,business,
dr_shaocheng_wang,Shao-Cheng Wang,"身為常照顧失智病患的精神科醫師，我常聽到家屬哽咽地說：我不是不愛爸媽，我只是快撐不住了。
照顧失智長輩的困擾，從身體很多疾病、大腦退化、作息混亂，到幻覺妄想，再到一句話要講十遍，搞得所有的人都生氣。
最難的是那種「每天都在耗，卻看不到改善」的無力感。你不是脆弱，你只是太久沒有人問你：你還好嗎？",2025/12/3 07:48,"📚 Threads中文心理健康領域 追蹤數「第一」
🧠 精神科醫師用幽默與真實，讓心理健康變的有溫度
🎤 講座/課程/活動/公益合作，洽ymmed@msn.com
📍 門診時間地點
🏥 高雄長庚醫院
🕘 周二下午 周三上午
🏥 高雄市立大同醫院
🕘 周一上午下午 周二上午 周四夜間",童年創傷,business,
dr_shaocheng_wang,Shao-Cheng Wang,身為治療別人也治療自己的精神科醫師，我常覺得如果有人讓你不舒服，就別再硬調頻率，因為被干擾的注意力比什麼都貴。與其花力氣迎合錯的人，不如把專注留給真正能讓你前進的方向。,2025/12/2 08:14,"📚 Threads中文心理健康領域 追蹤數「第一」
🧠 精神科醫師用幽默與真實，讓心理健康變的有溫度
🎤 講座/課程/活動/公益合作，洽ymmed@msn.com
📍 門診時間地點
🏥 高雄長庚醫院
🕘 周二下午 周三上午
🏥 高雄市立大同醫院
🕘 周一上午下午 周二上午 周四夜間",童年創傷,business,
dr_shaocheng_wang,Shao-Cheng Wang,"心理韌性強大的真正藝術創作者，respect。
也作為自己持續創作的勉勵‼️",2025/12/1 11:11,"📚 Threads中文心理健康領域 追蹤數「第一」
🧠 精神科醫師用幽默與真實，讓心理健康變的有溫度
🎤 講座/課程/活動/公益合作，洽ymmed@msn.com
📍 門診時間地點
🏥 高雄長庚醫院
🕘 周二下午 周三上午
🏥 高雄市立大同醫院
🕘 周一上午下午 周二上午 周四夜間",童年創傷,business,
dr_shaocheng_wang,Shao-Cheng Wang,"身為精神科醫師，我會說：週一最好的心理準備不是打起精神，而是先把心情放回定位。
先穩住呼吸、排好優先順序，告訴自己「我能一步一步來」，這比任何強迫樂觀都更有力量。",2025/12/1 08:29,"📚 Threads中文心理健康領域 追蹤數「第一」
🧠 精神科醫師用幽默與真實，讓心理健康變的有溫度
🎤 講座/課程/活動/公益合作，洽ymmed@msn.com
📍 門診時間地點
🏥 高雄長庚醫院
🕘 周二下午 周三上午
🏥 高雄市立大同醫院
🕘 周一上午下午 周二上午 周四夜間",童年創傷,business,
dr_shaocheng_wang,Shao-Cheng Wang,"身為精神科醫師，我知道憂鬱症的確會消耗關係，因為別人不是不愛你，而是也會累、會害怕、會不知道怎麼救你；但這不是你的錯，也不是誰的義務，而是現實的重量。
真正的自我覺察，是明白自己值得被理解，也願意在他人撐不住時學會自救——不是把全部的痛都藏起來，而是一步一步找回能陪自己的力量。",2025/11/30 11:19,"📚 Threads中文心理健康領域 追蹤數「第一」
🧠 精神科醫師用幽默與真實，讓心理健康變的有溫度
🎤 講座/課程/活動/公益合作，洽ymmed@msn.com
📍 門診時間地點
🏥 高雄長庚醫院
🕘 周二下午 周三上午
🏥 高雄市立大同醫院
🕘 周一上午下午 周二上午 周四夜間",童年創傷,business,
dr_shaocheng_wang,Shao-Cheng Wang,雖然最近蠻多感觸，但這幾天有點疲勞。,2025/11/29 15:21,"📚 Threads中文心理健康領域 追蹤數「第一」
🧠 精神科醫師用幽默與真實，讓心理健康變的有溫度
🎤 講座/課程/活動/公益合作，洽ymmed@msn.com
📍 門診時間地點
🏥 高雄長庚醫院
🕘 周二下午 周三上午
🏥 高雄市立大同醫院
🕘 周一上午下午 周二上午 周四夜間",童年創傷,business,
dr_shaocheng_wang,Shao-Cheng Wang,身為精神科醫師，我聽過太多組織老化成這樣：會議開不完、決策不負責，嘴巴說溝通其實是在下指令，說制度其實是在甩鍋。壓力大到讓工作變成求生遊戲，最後逼人把察言觀色當成唯一技能。,2025/11/28 08:22,"📚 Threads中文心理健康領域 追蹤數「第一」
🧠 精神科醫師用幽默與真實，讓心理健康變的有溫度
🎤 講座/課程/活動/公益合作，洽ymmed@msn.com
📍 門診時間地點
🏥 高雄長庚醫院
🕘 周二下午 周三上午
🏥 高雄市立大同醫院
🕘 周一上午下午 周二上午 周四夜間",童年創傷,business,
dr_shaocheng_wang,Shao-Cheng Wang,"身為精神科醫師，我常覺得當個案能把自己的痛描述得越清楚，症狀反而越不用那麼大聲。
那些失眠、心悸、胃痛、胸口悶，其實都是在替說不出口的情緒「代班」。當壓抑的委屈、害怕、受傷，能被好好說出來、被另一個人認真聽見，它們就不再需要用身體來抗議。
真正的自我覺察，不是逼自己想通，而是一步一步、用語言替內在整理，從「不知道自己怎麼了」，走到「原來我一直這麼難過」。而當你開始願意這樣看見自己，症狀就有機會慢慢放手，因為你終於回來照顧自己了。",2025/11/27 10:21,"📚 Threads中文心理健康領域 追蹤數「第一」
🧠 精神科醫師用幽默與真實，讓心理健康變的有溫度
🎤 講座/課程/活動/公益合作，洽ymmed@msn.com
📍 門診時間地點
🏥 高雄長庚醫院
🕘 周二下午 周三上午
🏥 高雄市立大同醫院
🕘 周一上午下午 周二上午 周四夜間",童年創傷,business,
dr_shaocheng_wang,Shao-Cheng Wang,"身為精神科醫師，我有時會在門診和個案與家屬解釋：繭居族（hikikomori）與網路遊戲成癮看起來很像，但走到極端時，其實是兩種完全不同的疾病軌道。
最嚴重的遊戲成癮者會變得像「繭居族」：不出門、日夜顛倒、與現實脫節。但另一方面，最嚴重的繭居族連遊戲都不玩，甚至沒有力氣打開電腦，呈現的狀態更接近「憂鬱症的憂鬱症」——melancholic type：
✔ 完全感受不到快樂
✔ 無法啟動行動
✔ 對外界刺激毫無反應
換句話說，遊戲成癮是一種「過度投入外界刺激」，而重度繭居則是「連刺激都喚不起反應」。兩者的治療策略、風險與家屬的介入方式也完全不同。如果身邊有人逐漸從「沉迷遊戲」走向「連遊戲都懶得玩」，那可能是大腦能量正在快速下滑，需要盡快尋求專業協助。",2025/11/26 08:09,"📚 Threads中文心理健康領域 追蹤數「第一」
🧠 精神科醫師用幽默與真實，讓心理健康變的有溫度
🎤 講座/課程/活動/公益合作，洽ymmed@msn.com
📍 門診時間地點
🏥 高雄長庚醫院
🕘 周二下午 周三上午
🏥 高雄市立大同醫院
🕘 周一上午下午 周二上午 周四夜間",童年創傷,business,
dr_shaocheng_wang,Shao-Cheng Wang,身為聽過很多人生故事的精神科醫師，我看到人生多半不是被一個決定毀掉，而是被每天的拖延、膽怯和假裝沒事，一邊喊想改變、一邊什麼都不做慢慢耗光。,2025/11/25 11:45,"📚 Threads中文心理健康領域 追蹤數「第一」
🧠 精神科醫師用幽默與真實，讓心理健康變的有溫度
🎤 講座/課程/活動/公益合作，洽ymmed@msn.com
📍 門診時間地點
🏥 高雄長庚醫院
🕘 周二下午 周三上午
🏥 高雄市立大同醫院
🕘 周一上午下午 周二上午 周四夜間",童年創傷,business,
dr_shaocheng_wang,Shao-Cheng Wang,昨天和一位老友閒聊，他說到在脆上被別人來亂的不爽感覺。然後我就用最新的Gemini做了下面這張圖，跟他說自從我開始認真發文，時不時都會有這種身上插滿了箭的幻覺🎯🎯🎯,2025/11/25 10:58,"📚 Threads中文心理健康領域 追蹤數「第一」
🧠 精神科醫師用幽默與真實，讓心理健康變的有溫度
🎤 講座/課程/活動/公益合作，洽ymmed@msn.com
📍 門診時間地點
🏥 高雄長庚醫院
🕘 周二下午 周三上午
🏥 高雄市立大同醫院
🕘 周一上午下午 周二上午 周四夜間",童年創傷,business,
dr_shaocheng_wang,Shao-Cheng Wang,很喜歡這幅浮世繪《神奈川沖浪裏》，在Gemini的二創下展現了令人驚豔的效果。,2025/11/24 21:04,"📚 Threads中文心理健康領域 追蹤數「第一」
🧠 精神科醫師用幽默與真實，讓心理健康變的有溫度
🎤 講座/課程/活動/公益合作，洽ymmed@msn.com
📍 門診時間地點
🏥 高雄長庚醫院
🕘 周二下午 周三上午
🏥 高雄市立大同醫院
🕘 周一上午下午 周二上午 周四夜間",童年創傷,business,
dr_shaocheng_wang,Shao-Cheng Wang,身為精神科醫師，我常說：週一最該整理的不是行事曆，而是心情順序——不和不重要的人計較重要的事，不和重要的人糾結瑣碎的情緒。只專注一件最重要的事，把自己準備好。,2025/11/24 08:18,"📚 Threads中文心理健康領域 追蹤數「第一」
🧠 精神科醫師用幽默與真實，讓心理健康變的有溫度
🎤 講座/課程/活動/公益合作，洽ymmed@msn.com
📍 門診時間地點
🏥 高雄長庚醫院
🕘 周二下午 周三上午
🏥 高雄市立大同醫院
🕘 周一上午下午 周二上午 周四夜間",童年創傷,business,
dr_shaocheng_wang,Shao-Cheng Wang,"身為一個最近有點忙的精神科醫師，前天被脆友提醒「365鹽酥雞之亂」時，我的第一個想法其實是：這不是金錢問題，是尊重問題。真正的價值觀衝突，不在於你點了幾樣配料，而是他為什麼急著用一個「拜金」把你的人貼標籤。
當一個人會拿你花的那一點點錢說事，多半是在用羞辱控制你的選擇，順便把自己的不安包裝成道德優越。網路上被他人公開評論時，更容易讓人開始懷疑自己，但請記得：陌生人看到金額，只有你最清楚這段關係裡，誰在付出情感、時間和情緒勞動。
比起算那365元，你更值得算的是——在這段關係裡，我被尊重了嗎？我能安心做自己嗎？如果答案是否定的，那該檢討的不是你的點餐習慣，而是這段讓你越來越焦慮的關係。",2025/11/23 08:57,"📚 Threads中文心理健康領域 追蹤數「第一」
🧠 精神科醫師用幽默與真實，讓心理健康變的有溫度
🎤 講座/課程/活動/公益合作，洽ymmed@msn.com
📍 門診時間地點
🏥 高雄長庚醫院
🕘 周二下午 周三上午
🏥 高雄市立大同醫院
🕘 周一上午下午 周二上午 周四夜間",童年創傷,business,
dr_shaocheng_wang,Shao-Cheng Wang,"身為精神科醫師，我常提醒那些總是太用力維繫關係的人：人真的會變，而且不是每個人都會變好。有時候，他們不再隱藏，變得冷淡、計較，甚至忘恩負義。那不是你做錯了什麼，也不是你不夠努力，更不是你可以靠溫柔去治癒的。
為別人出主意不只沒效，我們也無法替他們成長。唯一能做的，是保留你的能量，設立你的界線，溫柔地告訴自己：我值得被好好對待，不是被消耗。",2025/11/22 12:04,"📚 Threads中文心理健康領域 追蹤數「第一」
🧠 精神科醫師用幽默與真實，讓心理健康變的有溫度
🎤 講座/課程/活動/公益合作，洽ymmed@msn.com
📍 門診時間地點
🏥 高雄長庚醫院
🕘 周二下午 周三上午
🏥 高雄市立大同醫院
🕘 周一上午下午 周二上午 周四夜間",童年創傷,business,
dr_shaocheng_wang,Shao-Cheng Wang,週六早上門診的路上……,2025/11/22 10:28,"📚 Threads中文心理健康領域 追蹤數「第一」
🧠 精神科醫師用幽默與真實，讓心理健康變的有溫度
🎤 講座/課程/活動/公益合作，洽ymmed@msn.com
📍 門診時間地點
🏥 高雄長庚醫院
🕘 周二下午 周三上午
🏥 高雄市立大同醫院
🕘 周一上午下午 周二上午 周四夜間",童年創傷,business,
jsc_075,jsc_075,"為什麼童年的創傷不在童年爆發而是在成年以後
兒童時期，負責情緒調節的前額葉皮層尚未成熟，而掌管恐懼的杏仁核卻已高度敏感。
當孩子遭遇父母的指責、打壓或忽視時，他們既無法準確描述感受（因為語言中樞尚未完全發育），又缺乏自我安撫的能力（由於前額葉功能薄弱）。
為了「活下去」，孩子只能啟動最原始的防禦機制一一將痛苦封存在潛意識中。這就像把未處理的情緒裝進密封盒，暫時擱置在記憶的角落。
例如，長期被忽視的孩子會告訴自己：
「我不需要關注。」
這種自我說服看似緩解了痛苦，實際上卻是將真實的渴望壓抑到更深處。
童年創傷 從未消失，它只是進入了「凍結」狀態。",2025/3/10 23:41,"「將親身經歷的黑暗化作文字，成為光✨️。」
-
這裡是溫暖的角落，即使素未謀面，也想透過文字
傳遞給你/妳：『沒關係，我懂你的辛苦，你真的很棒！』",童年創傷,not_enough_posts,
jsc_075,jsc_075,"如果身邊所有親近的人不是對你勒索就是貶低，
你發現他們全部都讓你感到絕望過，你會怎麼做？
心裡諮商師曾問我「你記憶中有沒有什麼人是會讓你感到開心或是安心的？」
我仔細著思考一下。
「沒有，那我家的貓咪算嗎？」
今年過年我踏入老家走進廚房的那一刻，
聽見的第一句話是『你跟姐姐誰先進來？要姐姐先進來啦這樣爺爺才會開心。』
活了28年了，不管有多好的內外在條件，薪水沒五萬，沒有高學歷，我就只是個垃圾。
最可怕的是以貶低他人為生活樂趣的人是我的家人，從我身上獲取優越感是她活著的意義。
情緒勒索",2025/3/7 00:28,"「將親身經歷的黑暗化作文字，成為光✨️。」
-
這裡是溫暖的角落，即使素未謀面，也想透過文字
傳遞給你/妳：『沒關係，我懂你的辛苦，你真的很棒！』",童年創傷,not_enough_posts,
bekindforgood,Through it all,"有些創傷是靜靜腐蝕你一生的。
複雜性創傷後壓力症候群（CPTSD），
不是單一事件造成的，而是長期、重複、無法逃脫的傷害，像是童年家暴、性虐待、被情感操控、長期被貶低或忽視。
它會讓人：
一下情緒崩潰、一下完全麻木
深信自己沒有價值，甚至覺得「活著是錯誤」
想靠近人又不信任任何人",2025/7/23 22:12,"我不是醫生，不是心理師，不是身心領域的專家。
只是一個為了活下去努力學習的平凡人。",童年創傷,non_life,
delar_kitchen,The SunShine,"童年創傷：
認知錯亂
小時候我媽一直告訴我我爸的薪水只有十出頭萬，並直接算給我們聽我們家每個月都入不敷出，光固定開銷不包含生活費就超過十萬，所以我從小就對金錢焦慮，覺得我家沒錢
但我爸其實是醫生，被同學嘲諷家裡很有錢的同時要承受家裡沒錢的焦慮
過了快20年才發現老爸現在的薪水有40+，據稱年輕時比現在多很多
但神秘的是家裡唯一一間房子的房貸前幾年才繳完，600多萬的房子",2024/12/25 18:08,"反正沒人認識我，需要抒發
孤獨/厭世/不信任/憂鬱？",童年創傷,not_enough_posts,
yourrelationshipclinic,Dr Ken Fung (Your Relationship Clinic 關係事務所),"我們都會留意到童年創傷
我們卻很少留意到勇敢生還",2025/7/22 23:31,"⚫ 心理學家
⚪ 關係治療師
⚫ 求其電話攝影
⚪ 隨意文字創作
「你們的關係生病了嗎？」",童年創傷,business,
yourrelationshipclinic,Dr Ken Fung (Your Relationship Clinic 關係事務所),"我有一個年輕讀者
遇到喺外地嘅醫療疏忽事故
間接令到佢親人過身
佢好想徵求法律意見去跟進
但佢積蓄唔多
如果有法律人士讀者見到呢個呼籲
又有時間同心力去幫忙
請pm我
萬分感激
🖤💛🙇🏻‍♂️",2025/7/22 12:55,"⚫ 心理學家
⚪ 關係治療師
⚫ 求其電話攝影
⚪ 隨意文字創作
「你們的關係生病了嗎？」",童年創傷,business,
yourrelationshipclinic,Dr Ken Fung (Your Relationship Clinic 關係事務所),"有些人會問：
「都過了好幾年，為何還要執著？」
創傷最傷人的
除了是發生過的那些事
還有就是那些事
如何改變了我們對自己和世界的看法
有些改變
不是過了幾多年便能消失
若你認為那是執著
大概是因為我們已不在同一個世界",2025/7/22 00:21,"⚫ 心理學家
⚪ 關係治療師
⚫ 求其電話攝影
⚪ 隨意文字創作
「你們的關係生病了嗎？」",童年創傷,business,
yourrelationshipclinic,Dr Ken Fung (Your Relationship Clinic 關係事務所),"無論今天日子過得怎樣
也不會忘記",2025/7/21 12:41,"⚫ 心理學家
⚪ 關係治療師
⚫ 求其電話攝影
⚪ 隨意文字創作
「你們的關係生病了嗎？」",童年創傷,business,
yourrelationshipclinic,Dr Ken Fung (Your Relationship Clinic 關係事務所),"肉眼看到的
跟內心感受到的
美麗事情
讓我們經歷不同的世界",2025/7/20 21:40,"⚫ 心理學家
⚪ 關係治療師
⚫ 求其電話攝影
⚪ 隨意文字創作
「你們的關係生病了嗎？」",童年創傷,business,
yourrelationshipclinic,Dr Ken Fung (Your Relationship Clinic 關係事務所),"有時候
我們甚至會想相信我們過得不好
因為過得好的日子
都是被冷落的時間",2025/7/19 13:34,"⚫ 心理學家
⚪ 關係治療師
⚫ 求其電話攝影
⚪ 隨意文字創作
「你們的關係生病了嗎？」",童年創傷,business,
yourrelationshipclinic,Dr Ken Fung (Your Relationship Clinic 關係事務所),"別忘記
你們是可以同時地蠻不講理的",2025/7/17 00:40,"⚫ 心理學家
⚪ 關係治療師
⚫ 求其電話攝影
⚪ 隨意文字創作
「你們的關係生病了嗎？」",童年創傷,business,
yourrelationshipclinic,Dr Ken Fung (Your Relationship Clinic 關係事務所),"DSE明天就要放榜，相信不少學生和家長都會覺得非常緊張，寢食難安。壓力除了是因為擔心成績分數，亦可能是背負家長和老師對自己的寄望。考試分數只是一堆數字，當加上家長對其給予成功或失敗的標籤，就有機會變成影響子女對自己價值的看法。
因此，家長怎樣跟子女一同面對這個日子至關重要。無論結果如何，都要讓子女覺得被接納和不是一個人面對，明白會有不同出路，更不是定論一個人將來會否成功和快樂的唯一基礎。
始終文憑試的成績對學生現在考入大學有直接影響，是人生入面其中一個階段，而亦是僅此而已。
家長不妨與子女坦誠對話，共同迎接結果，探索未來路向。",2025/7/15 20:04,"⚫ 心理學家
⚪ 關係治療師
⚫ 求其電話攝影
⚪ 隨意文字創作
「你們的關係生病了嗎？」",童年創傷,business,
yourrelationshipclinic,Dr Ken Fung (Your Relationship Clinic 關係事務所),"取捨時
請集中在取的部份
因為那是捨的原因",2025/7/14 21:15,"⚫ 心理學家
⚪ 關係治療師
⚫ 求其電話攝影
⚪ 隨意文字創作
「你們的關係生病了嗎？」",童年創傷,business,
yourrelationshipclinic,Dr Ken Fung (Your Relationship Clinic 關係事務所),"就是因為旅程有終結
過程和事情才有意義",2025/7/11 20:35,"⚫ 心理學家
⚪ 關係治療師
⚫ 求其電話攝影
⚪ 隨意文字創作
「你們的關係生病了嗎？」",童年創傷,business,
yourrelationshipclinic,Dr Ken Fung (Your Relationship Clinic 關係事務所),"今天病了
難得有一日休息
正好可以讓我跟大家說點事
不經不覺
我在這個平台寫了七年
由初初隨意在街頭拍照
再配一些文字
去到現在沒有太多圖片
只有文字
記錄了我和這個社會的轉變
也結識了一班有共同信念的讀者
有些東西不能再寫了
日子一去不返
文筆仍然不好
但起碼寫出我的心情和想法
跟大家交流
我很幸運
@enlightenfishhk 跟我聯絡
找我出書
我既是震驚
又是興奮
震驚是他們的勇氣
我其實沒有太大信心
興奮是覺得機會可貴
無論如何
也想完成它
最初他們提議
集結我寫過的文出書
我立即就答應了
因為十分容易
然後發展
當然不是那樣
原來是找三十個已寫的句子
再逐一為它們寫一個短篇故事
我笑著答應了 😀
題目方向很快我就有
我一直就像傳教式般重覆
「沒有應不應該」
「只有你想怎樣」
就是想說我們都太喜歡欺騙自己
常常用應該怎樣做去壓制內心的渴望
所以我想透過這本書
寫下背叛自己的故事s
希望你們會喜歡
————-
其中一個
是我自己的故事
————————
人生在世
時間匆匆
對自己好一點
由對自己坦白開始
謝謝妳
謝謝你們
謝謝自己",2025/7/10 17:45,"⚫ 心理學家
⚪ 關係治療師
⚫ 求其電話攝影
⚪ 隨意文字創作
「你們的關係生病了嗎？」",童年創傷,business,
yourrelationshipclinic,Dr Ken Fung (Your Relationship Clinic 關係事務所),"若我們不能忠於自己
我們便更難忠於他人",2025/7/10 00:00,"⚫ 心理學家
⚪ 關係治療師
⚫ 求其電話攝影
⚪ 隨意文字創作
「你們的關係生病了嗎？」",童年創傷,business,
yourrelationshipclinic,Dr Ken Fung (Your Relationship Clinic 關係事務所),"當你誤以為
開心是精神健康的指標
開心
便成為一個包袱",2025/7/8 23:38,"⚫ 心理學家
⚪ 關係治療師
⚫ 求其電話攝影
⚪ 隨意文字創作
「你們的關係生病了嗎？」",童年創傷,business,
7earfu1,姓 內牛,童年創傷帶給人的影響有多大,2025/12/17 20:56,以下來源於我的親身經歷 真實感受,童年創傷,pass,
7earfu1,姓 內牛,他感受到了我的不安全感和不信任感,2025/12/17 20:22,以下來源於我的親身經歷 真實感受,童年創傷,pass,
7earfu1,姓 內牛,我是她唯一的孩子。在我之前，她墮掉了三個孩子，在我之後，又墮掉了兩個。為什麼我沒有被墮掉？為什麼我要被留下來？,2025/12/17 19:20,以下來源於我的親身經歷 真實感受,童年創傷,pass,
7earfu1,姓 內牛,藥對我來說沒有用,2025/12/15 20:38,以下來源於我的親身經歷 真實感受,童年創傷,pass,
7earfu1,姓 內牛,"活著好累……
死不了",2025/12/15 11:57,以下來源於我的親身經歷 真實感受,童年創傷,pass,
7earfu1,姓 內牛,"我媽媽不知道的是，
我從原生家庭抽身，
擺脫你們的傳統觀念，
建立起一套屬於自己的三觀——
是一件極其偉大的事。",2025/12/15 11:44,以下來源於我的親身經歷 真實感受,童年創傷,pass,
7earfu1,姓 內牛,人總是對自己曾經的所做所為避而不談,2025/12/15 09:25,以下來源於我的親身經歷 真實感受,童年創傷,pass,
7earfu1,姓 內牛,我也想要看雙子座流星雨..,2025/12/15 06:11,以下來源於我的親身經歷 真實感受,童年創傷,pass,
7earfu1,姓 內牛,明天又要看醫生了……,2025/12/15 01:08,以下來源於我的親身經歷 真實感受,童年創傷,pass,
7earfu1,姓 內牛,I am burning in hell.,2025/12/12 20:26,以下來源於我的親身經歷 真實感受,童年創傷,pass,
7earfu1,姓 內牛,反正最後都會變成是我的錯，解釋就沒必要了吧。,2025/12/12 19:29,以下來源於我的親身經歷 真實感受,童年創傷,pass,
7earfu1,姓 內牛,社交能量過低 好累,2025/12/12 19:27,以下來源於我的親身經歷 真實感受,童年創傷,pass,
7earfu1,姓 內牛,我本來是人群中最堅強的那個人,2025/12/12 04:03,以下來源於我的親身經歷 真實感受,童年創傷,pass,
7earfu1,姓 內牛,"真的好想哭
為什麼要這麼逼迫我？",2025/12/11 18:32,以下來源於我的親身經歷 真實感受,童年創傷,pass,
7earfu1,姓 內牛,他媽的 一年過得比一年差,2025/12/10 23:02,以下來源於我的親身經歷 真實感受,童年創傷,pass,
7earfu1,姓 內牛,心臟無時無刻都在抽痛,2025/12/10 23:01,以下來源於我的親身經歷 真實感受,童年創傷,pass,
7earfu1,姓 內牛,我當初拿刀跟她對質的時後，是真的很想同歸於盡。,2025/12/10 22:59,以下來源於我的親身經歷 真實感受,童年創傷,pass,
7earfu1,姓 內牛,"什麼事情都不想做 連手機也不想滑
但是又好空虛",2025/12/9 19:55,以下來源於我的親身經歷 真實感受,童年創傷,pass,
7earfu1,姓 內牛,就這樣一步步被擊垮了，恨鐵不成鋼。,2025/12/9 17:44,以下來源於我的親身經歷 真實感受,童年創傷,pass,
7earfu1,姓 內牛,他覺得我需要住進精神科的病房裡,2025/12/9 17:40,以下來源於我的親身經歷 真實感受,童年創傷,pass,
7earfu1,姓 內牛,我死了，就不會有事情困擾我了對吧？,2025/12/9 08:06,以下來源於我的親身經歷 真實感受,童年創傷,pass,
7earfu1,姓 內牛,準備看病,2025/12/8 15:20,以下來源於我的親身經歷 真實感受,童年創傷,pass,
7earfu1,姓 內牛,"為什麼我會出生在這個家庭，
為什麼我總是與別人格格不入，
為什麼我現在活著，卻像是死了一樣。",2025/12/7 16:53,以下來源於我的親身經歷 真實感受,童年創傷,pass,
7earfu1,姓 內牛,好像自己再怎麼努力別人都不會看見,2025/12/7 16:45,以下來源於我的親身經歷 真實感受,童年創傷,pass,
7earfu1,姓 內牛,害怕自己會被送進病房,2025/12/7 16:44,以下來源於我的親身經歷 真實感受,童年創傷,pass,
7earfu1,姓 內牛,不知道我一個人這樣還能撐多久,2025/12/6 18:16,以下來源於我的親身經歷 真實感受,童年創傷,pass,
7earfu1,姓 內牛,"我真的快走不下去了
下禮拜就要去看醫生 雖然我早已料到醫生會說什麼",2025/12/5 18:10,以下來源於我的親身經歷 真實感受,童年創傷,pass,
7earfu1,姓 內牛,遺忘了我,2025/12/5 16:54,以下來源於我的親身經歷 真實感受,童年創傷,pass,
7earfu1,姓 內牛,錐心刺骨的痛 我算是感受到了,2025/12/5 12:53,以下來源於我的親身經歷 真實感受,童年創傷,pass,
7earfu1,姓 內牛,"眼淚止不住地流
心臟止不住地痛",2025/12/5 00:21,以下來源於我的親身經歷 真實感受,童年創傷,pass,
7earfu1,姓 內牛,我的心臟好像被砂紙不停地磨，令人喘不過氣。,2025/12/4 19:00,以下來源於我的親身經歷 真實感受,童年創傷,pass,
7earfu1,姓 內牛,我不知道我到底怎麼了，但我真的很難受。,2025/12/4 18:35,以下來源於我的親身經歷 真實感受,童年創傷,pass,
7earfu1,姓 內牛,連呼吸都覺得很困難,2025/12/4 10:00,以下來源於我的親身經歷 真實感受,童年創傷,pass,
jerger_gz,李明劼,"【身心靈瘦身教練審核+1】
這位朋友目前人在美國，原本是因為先生工作的關係才飛過去，生了孩子後讓她重新思考自己的角色與人生方向。
她說，先生一直是這個家的支柱，但如果一切都靠他撐著，如果健康會出狀況。她不想等到那天才來後悔，所以決定先從自己開始改變。
這次主動來詢問我們的身心靈瘦身教練系統，就是希望能找到一份「能在線上經營、又可以真正幫助他人」的事業機會。不只是為了收入，更是為了成為一個可以一起撐起家的夥伴。
我問她：「每次當孩子睡著的時候，妳腦海裡最常浮現的念頭是什麼？」她沉默了一下，說：「我想找回當初的自己。」那句話很輕，卻很有重量。因為那不是逃避現在，而是想重新讓自己發光。
她說：「我想用更強的自己，來分擔這個家的重量，也想透過這樣的成長，讓孩子看到一個穩定、有選擇的媽媽。」
這樣的初心，讓我們很感動，也正式邀請她進入教練的二次審核名單。期待接下來的每一步，都讓她越來越靠近她想要的生活樣子。",2025/7/7 15:21,"吉力哥｜身心靈瘦身教練
國小發作無法治癒的妥瑞症，曾經內心自卑，埋怨迷茫，擁有身材焦慮，失去希望。到現在接納自我，深切理解過程的艱難，立志幫助1000人身心靈蛻變
追蹤我❤️私訊領取不復胖的心靈瘦身課程⬇️",童年創傷,business,
jerger_gz,李明劼,"減肥必知的8個冷知識
最後一個是不復胖關鍵
1. 流汗並不代表消耗脂肪，脂肪更多是轉化成二氧化碳排出去，但是躺在床上大口呼吸無法減肥。
2. 想減肥光靠飲食就可以了，但是運動可以讓你瘦的更加精緻。
3. 只要你晚上的體重不超過隔天早上的0.3公斤，睡一覺起來第二天就能代謝掉。
4.腰圍可以每天量，體重一星期量一次就行了，最好是早上起來空腹測量。
5. 女生姨媽一來體重就漲，一走體重就降，這個很正常，沒必要去焦慮。
6. 牛奶不用喝低脂或脫脂的，除非你當水喝，吃雞蛋不用丟蛋黃，那一點熱量對你沒什麼影響，而且蛋黃也很營養。
7. 吃肉不會胖，吃點肥肉也沒事。糖油混合物、反式脂肪、過多精緻碳水，這些才是你變胖的原因。
8. 最後告訴大家，減肥的最後就是粗茶淡飯，融入生活，別胡搞瞎搞來折磨自己。
觀念錯誤，會走彎路！
情緒性進食、反覆肥胖瘦不下來的朋友
留言【身心流】，領取「高價值身心流瘦身課」
也記得收藏並轉發給身邊想瘦身的朋友
身心靈瘦身品牌教練-吉力哥",2025/7/1 20:52,"吉力哥｜身心靈瘦身教練
國小發作無法治癒的妥瑞症，曾經內心自卑，埋怨迷茫，擁有身材焦慮，失去希望。到現在接納自我，深切理解過程的艱難，立志幫助1000人身心靈蛻變
追蹤我❤️私訊領取不復胖的心靈瘦身課程⬇️",童年創傷,business,
jerger_gz,李明劼,"我必須說一句真話：線上課程，不一定是最好的解決方案。
現在到處都在推線上課程、線上學習，但你有想過嗎？
報名的那一刻你超熱血，結果過了兩天……就再也沒點進去了。
我問你一個問題，你手上有幾門課，買了但還沒看完？
完課率有多少？看過的你真的有落地執行嗎？
很多人會說：「我需要更多知識」、「我要先準備好」
但其實最該做的，是把已經買的、已經學的先用起來。
老實說，100分的想法如果只是想，根本比不上60分的想法直接去行動。
我決定從今天開始，不再迷信新的課程、新的方法，而是重新打開那些我買過但還沒學完的內容。
．把學過一遍還沒消化的課再複習
．把筆記整理出來重新實作
．把知識轉化成行動，才是真正的學習
不是你不夠聰明，而是你從來沒讓學過的東西變成你自己的。
所以你會發現，有些人什麼都不學就開始做，
結果他反而走得比你快，因為他在行動中成長。
你是不是也跟我一樣，買了一堆課卻沒學完？
或者學了卻沒用起來？歡迎留言說說你最想重學的一門課是什麼。",2025/6/26 22:07,"吉力哥｜身心靈瘦身教練
國小發作無法治癒的妥瑞症，曾經內心自卑，埋怨迷茫，擁有身材焦慮，失去希望。到現在接納自我，深切理解過程的艱難，立志幫助1000人身心靈蛻變
追蹤我❤️私訊領取不復胖的心靈瘦身課程⬇️",童年創傷,business,
jerger_gz,李明劼,"有人也覺得最近的病毒超強嗎？
上星期出差回來感冒看了3次醫生，
解鎖連3次同診所卻不同醫生的成就。
還有我發現醫藥費都可以抵上3天伙食費了，
所以最好還是不要生病，
把醫藥費拿來吃好料的比較爽！",2025/6/26 20:04,"吉力哥｜身心靈瘦身教練
國小發作無法治癒的妥瑞症，曾經內心自卑，埋怨迷茫，擁有身材焦慮，失去希望。到現在接納自我，深切理解過程的艱難，立志幫助1000人身心靈蛻變
追蹤我❤️私訊領取不復胖的心靈瘦身課程⬇️",童年創傷,business,
jerger_gz,李明劼,"【身心靈瘦身教練】審核+1
曾經是舞蹈老師，也是明星藝人指定的表演舞者。
從聚光燈下的掌聲走進現實人生的探索，投入了將近一千萬台幣在自己大腦的投資裡。
上大量上課、參加創業圈、跑遍各種商業講座與心靈營隊，只為了找到一條真正適合自己的路。
目前也正在協助企業做短影音內容，但曾經一手帶出的人，也逐漸變成市場上的競爭對手，在風口轉向後，反而讓我開始重新思考：我到底要的，是什麼樣的長期價值？
直到我看見安姐的故事，才發現原來我一直都不是一個人。原來，那些年我做的不是白費的嘗試，而是在拼湊一張關於人生成功的拼圖。
這次決定，正式參加【身心靈瘦身教練】的二次審核。
不是因為缺乏專業，而是終於願意走進一個可以整合過往經驗、創造長期價值的系統。",2025/6/26 19:39,"吉力哥｜身心靈瘦身教練
國小發作無法治癒的妥瑞症，曾經內心自卑，埋怨迷茫，擁有身材焦慮，失去希望。到現在接納自我，深切理解過程的艱難，立志幫助1000人身心靈蛻變
追蹤我❤️私訊領取不復胖的心靈瘦身課程⬇️",童年創傷,business,
hollys_work,Holly Wu,"CPTSD（複雜性創傷後壓力症候群）
不是單一事件造成的傷，而是長期、反覆的傷害與忽視所累積出來的結果。
它可能來自：
•	被情緒勒索或貶低的童年
•	長期生活在批評、否定、恐懼之中
•	一直被要求壓抑自己、討好別人、不准有情緒
這些傷痕不明顯，卻影響了我們的整個人生。
⸻
CPTSD 的樣子可能是：
•	你總是在懷疑自己是不是太敏感
•	你無法放鬆，總是過度努力
•	你害怕衝突、害怕被討厭、怕說錯話
•	你一直扛著很多事，卻不太敢說你很累
這些，都不是你的錯。
⸻
療癒 CPTSD，不是要你變堅強、變正向、變樂觀。
而是讓你慢慢相信：
你可以有感受、可以被理解、可以活得溫柔而自由。
⸻
如果你也在經歷這樣的過程，
請記得：你不是孤單的。
療癒雖然慢，但你正在前進。",2025/8/3 18:32,Holly為台灣首創拼布手作工藝製造貿易商第二代營運者，看似順風的成長背景其實歷經考驗，一次意外在實驗小學的教學歷程，在孩子身上看到法式手工藝發揮神奇魔法，相信十字繡和cartonnage布箱手藝會帶給人幸福和療癒情緒創傷力量。,童年創傷,business,
hollys_work,Holly Wu,☺️,2025/8/2 16:01,Holly為台灣首創拼布手作工藝製造貿易商第二代營運者，看似順風的成長背景其實歷經考驗，一次意外在實驗小學的教學歷程，在孩子身上看到法式手工藝發揮神奇魔法，相信十字繡和cartonnage布箱手藝會帶給人幸福和療癒情緒創傷力量。,童年創傷,business,
hollys_work,Holly Wu,"各品牌介紹請見
@the.heritage.and.harmony
@the.heritage.and.harmony
Instagram
⸻
合作品牌的信任關係
我們與所有合作品牌，都共享一個信念：
✨ 誠實標價、真實體驗，才能走得長遠。
合作前，我們希望品牌能理解並認同以下原則：
⸻
📖 價格透明
我們不包裝、不話術，所有售價都必須：
🧡 買斷制，不使用寄售服務對創作者造成疑慮
🧡 與品牌方事前協議並公開所有價格
🧡 納入「真實」成本（稅費、匯率、運費、營運）
🧡 不玩限量、不追高利潤
🧡 歡迎顧客詢問與比較
🧡 非賣展示品亦明確註明出處
⸻
🛋️ 實體限定
商品僅在實體空間販售，不提供線上報價或寄送：
💚 鼓勵親身體驗與交流
💚 減少誤解，回到人與人之間的信任
💚 尊重實際來訪的每一份心意
⸻
🤝 累積來過的價值
我們設有點數制度，只回饋給真正走進來的顧客。
這是我們對來訪者的尊重，也是品牌共享的珍貴累積。
⸻
若你也相信這樣的節奏與方式，歡迎成為我們的合作夥伴。
📩 聯絡我們：info@theheritageandharmony.com （原gmail已停用） 
一起分享「看得見的誠實」。",2025/7/30 17:54,Holly為台灣首創拼布手作工藝製造貿易商第二代營運者，看似順風的成長背景其實歷經考驗，一次意外在實驗小學的教學歷程，在孩子身上看到法式手工藝發揮神奇魔法，相信十字繡和cartonnage布箱手藝會帶給人幸福和療癒情緒創傷力量。,童年創傷,business,
hollys_work,Holly Wu,"中華民國憲法保障人民擁有選舉、罷免、創制與複決的基本權利。
其中，選舉與罷免是人民賦予或撤回民意代表職權的重要機制。而創制與複決，雖然在孫中山的三民主義中未有明確說明，但自2018年《公投法》修正後，這兩項權利皆可透過公民投票加以實現。
創制權是一種「積極的直接立法權」，讓人民能取代議會的角色，主動提出中央或地方的法規草案。只要有足夠人數連署，便能將提案交付公投，由全民共同決定是否立法。
複決權則是「消極的直接立法」，當人民對已由立法院或制憲機關通過的法律有所異議時，可透過公投決定該法律是否生效。這不只是行使否決權，更是人民監督法制的重要方式。
所謂公民投票，是人民針對特定人選、社會議題或法案，以直接投票方式表達立場。根據投票議題的性質，公投可區分為「憲法內公投」與「超越憲法的公投」——例如制憲公投，就屬於源自國民主權的超越憲法的公投形式。
所以，如果你認為一次罷免失敗就代表公民參與走到盡頭，那你錯了。
台灣的公民們，雖然罷免不盡人意，但我們還有機會持續努力，不畏挫折，堅持為民主發聲，讓主權真正掌握在人民手中！",2025/7/28 02:58,Holly為台灣首創拼布手作工藝製造貿易商第二代營運者，看似順風的成長背景其實歷經考驗，一次意外在實驗小學的教學歷程，在孩子身上看到法式手工藝發揮神奇魔法，相信十字繡和cartonnage布箱手藝會帶給人幸福和療癒情緒創傷力量。,童年創傷,business,
hollys_work,Holly Wu,"「你不能只在勝利時才愛你的國家。」——前美國總統拜登在將權力和平轉交給現任總統川普時這麼說。
這句話，我想送給所有台灣的公民。無論你是否支持這次的大罷免，無論我們的立場是否一致，在今天之前，我們本就是一家人；在今天之後，我們依然攜手同行，因為我們愛的，是同一片土地。
民主，讓我們可以不同，但愛台灣，是我們共同的初心。讓我們用彼此的尊重，守護這份來之不易的自由與團結。",2025/7/26 20:48,Holly為台灣首創拼布手作工藝製造貿易商第二代營運者，看似順風的成長背景其實歷經考驗，一次意外在實驗小學的教學歷程，在孩子身上看到法式手工藝發揮神奇魔法，相信十字繡和cartonnage布箱手藝會帶給人幸福和療癒情緒創傷力量。,童年創傷,business,
hollys_work,Holly Wu,"🌿
@the.heritage.and.harmony
@the.heritage.and.harmony
｜夏日直播小聚
📅 直播時間將於 7 月 25 日公布
親愛的你，
我們想邀請你，和我們在線上相遇。
這個夏天，我們準備了一場溫柔的小直播。創辦人將親自與大家聊聊：「The Heritage & Harmony」的起點、這座老房子的故事，以及我們為什麼選擇以這樣的方式，慢慢走著、靜靜築起這個空間。
這是一場關於時間、空間與心意的對話。
我們會分享從一棟房子開始的故事，也會談談這個品牌、這個平台想要傳遞的價值與陪伴、還有我們的初衷與希望。
我們深信——
慢慢來，很好；靜靜做，也能走得很遠。
🌸 直播中，我們會聊聊：
 1. 「The Heritage & Harmony」是什麼？
 2. 關於創辦人與這座空間的緣分
 3. 我們每天在這裡即將發生的小事
 4. 歡迎你隨時提問，或只是靜靜聽我們說話也好
🗣️ 直播將以中英文同步進行，讓來自不同地方的朋友們都能一起參與。
📍我們將在 7 月 25 日 公開詳細的直播時間與連結。
希望那天，你願意留一點時間給我們。
— 靜築於心，緩成於形，穩走於傳承之路。",2025/7/22 18:50,Holly為台灣首創拼布手作工藝製造貿易商第二代營運者，看似順風的成長背景其實歷經考驗，一次意外在實驗小學的教學歷程，在孩子身上看到法式手工藝發揮神奇魔法，相信十字繡和cartonnage布箱手藝會帶給人幸福和療癒情緒創傷力量。,童年創傷,business,
coinde_tears,Coin de,失望型分手,2025/2/10 15:06,梧桐雖立，其心已空,分手,pass,
coinde_tears,Coin de,…😮‍💨,2025/2/9 11:42,梧桐雖立，其心已空,分手,pass,
coinde_tears,Coin de,"昨天下午迷迷糊糊的睡著了
然後驚醒
我在夢中跟他視訊 跟他撒嬌說我好想他
醒來真的很空虛😞😶",2025/2/6 13:10,梧桐雖立，其心已空,分手,pass,
coinde_tears,Coin de,初生之犢不怕虎，不曉得遠距離原來這麼苦,2025/2/6 11:59,梧桐雖立，其心已空,分手,pass,
coinde_tears,Coin de,"女孩在被愛、被珍惜、被在乎時才會情緒穩定
這句話是真的
在被你忽略、冷暴力的時候
因為落差感
我很傷心、不安、憤怒、著急、徬徨無助
我發狂、我措手不及、我情緒化，且得理不饒人
聯繫著我們的紅線變成繩子",2025/2/6 08:19,梧桐雖立，其心已空,分手,pass,
coinde_tears,Coin de,"失戀的每一天，都是跟自己的拉鋸戰
不同的想法、情緒、與他的回憶
每天不斷湧現，並且反反覆覆拉扯著我
儘管前一天晚上能好好地睡著
早上早早醒來 卻也睡不回去
腦袋在我睜開眼那瞬間
就迫不及待地提醒我 我們分手了的這個事實
前一晚與自己和解，為自己的決定買單
隔天早上又極度想念、自我懷疑、後悔、失望
還愛著，想念著，同時也恨著
前一刻盼著他好
後一秒又希望他可以遇到很多很多衰事
回憶殺也很可怕
到了哪裡都有與他數不清的回憶
這種日子不知道要持續多久",2025/2/6 08:09,梧桐雖立，其心已空,分手,pass,
coinde_tears,Coin de,哈哈 結果情人節要到了,2025/2/5 17:37,梧桐雖立，其心已空,分手,pass,
coinde_tears,Coin de,你可不可以回來 其實我真的不想分手,2025/2/2 11:24,梧桐雖立，其心已空,分手,pass,
coinde_tears,Coin de,把他取消釘選 也隱藏起來了 真的很難過,2025/2/2 10:57,梧桐雖立，其心已空,分手,pass,
coinde_tears,Coin de,"現在一段時間沒碰手機 會不太想看手機
比如說早上起床的時候
害怕點開手機螢幕亮起來的那瞬間
因為以後就是都沒有他那些很頻繁的訊息了
響了 總是期待是他 但都不是他..",2025/2/2 10:53,梧桐雖立，其心已空,分手,pass,
coinde_tears,Coin de,"想到以後親不到他 抱不到他 
再也聞不到他的味道 就很難過",2025/2/2 10:51,梧桐雖立，其心已空,分手,pass,
coinde_tears,Coin de,"昨天睡得挺好的 很快就睡著了
可是醒來就很想他
想到我們去過的餐廳 吃過的美食
想到他的好 大於 想到他的不好
怎麼辦😭",2025/2/2 10:32,梧桐雖立，其心已空,分手,pass,
coinde_tears,Coin de,"聊天記錄我也捨不得刪掉
我也不敢去看
因為裡面有他很愛很愛我
我也很愛很愛他的證據
現在依然是。
為什麼本來以為很好的人
到最後是這樣的？
我其實中間就看出來了他的真面目
但是那時候已經來不及了
我已經越來越愛他 越來越習慣他
他身上的味道 我永遠都忘不掉⋯😭",2025/2/2 00:51,梧桐雖立，其心已空,分手,pass,
coinde_tears,Coin de,你說不想傷害我 但你已經傷害了,2025/2/1 05:05,梧桐雖立，其心已空,分手,pass,
coinde_tears,Coin de,有些男人怎麼都那麼賤 全部都下地獄,2025/1/30 23:47,梧桐雖立，其心已空,分手,pass,
lai_0122,Lai Yanwei,"快跨年前分手
幹",2025/12/18 04:43,-@7.maqi,分手,not_enough_posts,
dhdh45278,dhdh45278,戀愛清醒的第二課：￼「不要因為交往時間長，而捨不得分手」,2025/3/8 01:18,不清醒的就是自己,分手,not_enough_posts,
dhdh45278,dhdh45278,戀愛要清醒第一課：「不害怕失去」,2025/3/7 22:13,不清醒的就是自己,分手,not_enough_posts,
ref1uxsad,ref1uxsad,"我喜歡上了一個女孩
我覺得她很可愛
她常常嘰哩呱啦的講一些好笑的話
也常常跟我分享她的生活
後來 我們在一起了
慢慢的 我發現她是個擰巴的人
她喜歡寄託感情壓力我
她總是喜歡讓我猜
我不想和她在一起了 好累
一點都不有趣
最後我們分手了 我發現其實我也沒那麼喜歡她",2025/4/30 20:10,,分手,pass,
ref1uxsad,ref1uxsad,我常常想起我們剛認識的那段日子 秒回的訊息 打到深夜的電話 聊不完的話題,2025/4/30 20:06,,分手,pass,
ref1uxsad,ref1uxsad,"不知為何 無法感受得到 你的不捨
你是如何能夠 輕易做得到",2025/4/30 20:05,,分手,pass,
ref1uxsad,ref1uxsad,我承認 我還是會期待某一天你會傳訊息給我 說我想你了,2025/4/30 18:07,,分手,pass,
ref1uxsad,ref1uxsad,我以為我在你心裡很重要,2025/4/29 23:58,,分手,pass,
ref1uxsad,ref1uxsad,聊不完的話題僅限初識,2025/4/29 23:51,,分手,pass,
ref1uxsad,ref1uxsad,所以在你心裡我到底算什麼,2025/4/29 23:48,,分手,pass,
ref1uxsad,ref1uxsad,你可能早就找到新的人代替我了,2025/4/29 23:43,,分手,pass,
ref1uxsad,ref1uxsad,我發現 當你愛對方超過自己對方就會變得不愛你,2025/4/29 20:43,,分手,pass,
ref1uxsad,ref1uxsad,只要你發便利貼說想我 我就馬上去找你,2025/4/29 20:38,,分手,pass,
ref1uxsad,ref1uxsad,跟你爭吵到凌晨兩點 你也忘了我六點要起床上學,2025/4/29 20:12,,分手,pass,
ref1uxsad,ref1uxsad,我該主動找你嗎,2025/4/29 19:59,,分手,pass,
ref1uxsad,ref1uxsad,其實我不喜歡打遊戲 我只是想要你陪我,2025/4/29 19:42,,分手,pass,
ref1uxsad,ref1uxsad,了解我之後你果然討厭我了,2025/4/29 19:25,,分手,pass,
ref1uxsad,ref1uxsad,可能只有我一直在腦補我們很多種的和好方式吧 但我知道我們不可能和好了,2025/4/29 19:12,,分手,pass,
ref1uxsad,ref1uxsad,一個人如果愛你 就算誤會再深 吵架吵得再兇 刪除了多少次 他都會來找你 你還不明白嗎,2025/4/29 07:58,,分手,pass,
ref1uxsad,ref1uxsad,人都會變,2025/4/28 22:43,,分手,pass,
ref1uxsad,ref1uxsad,我有一萬種方法能找你 但是我知道你覺得我很煩 所以我不會找你,2025/4/28 11:03,,分手,pass,
ref1uxsad,ref1uxsad,晚安,2025/4/28 00:54,,分手,pass,
ref1uxsad,ref1uxsad,我把你城市的天氣刪掉了 因為你已經不需要我的提醒了,2025/4/28 00:06,,分手,pass,
ref1uxsad,ref1uxsad,又要再習慣一次一個人的生活了,2025/4/27 23:32,,分手,pass,
ref1uxsad,ref1uxsad,你以為和你分手後 我有很多人陪我 有聊不完的天 其實我只有你一個,2025/4/27 23:29,,分手,pass,
ref1uxsad,ref1uxsad,我的鍵盤已經記住你的名字了,2025/4/27 23:22,,分手,pass,
ref1uxsad,ref1uxsad,你心裡沒有我了,2025/4/27 23:21,,分手,pass,
ref1uxsad,ref1uxsad,後來的我們無話可說,2025/4/27 23:12,,分手,pass,
ref1uxsad,ref1uxsad,我發誓我不會再想你了 再想你 我就再發誓,2025/4/27 23:08,,分手,pass,
ref1uxsad,ref1uxsad,直到有另一個人能體會我的感覺,2025/4/27 23:02,,分手,pass,
ref1uxsad,ref1uxsad,我學會了告別 卻低估了思念,2025/4/27 17:26,,分手,pass,
ref1uxsad,ref1uxsad,"我堅持不和你說話
不是我不想你
更不是我不愛你
而是你給我的感覺
像是我在打擾你",2025/4/27 17:23,,分手,pass,
ref1uxsad,ref1uxsad,明天早上又要強裝鎮定的去上學了,2025/4/27 16:47,,分手,pass,
ref1uxsad,ref1uxsad,你不需要我了,2025/4/27 16:39,,分手,pass,
ref1uxsad,ref1uxsad,你的追蹤多了好多人,2025/4/27 16:37,,分手,pass,
ref1uxsad,ref1uxsad,你還記得嗎 我們最初的約定是永遠不分開,2025/4/27 13:31,,分手,pass,
ref1uxsad,ref1uxsad,名為你的一場雨 淋的我一病不起,2025/4/27 12:10,,分手,pass,
ref1uxsad,ref1uxsad,我要哭多久才能忘掉你,2025/4/27 11:10,,分手,pass,
ref1uxsad,ref1uxsad,都是我在自作多情,2025/4/27 11:01,,分手,pass,
ref1uxsad,ref1uxsad,你不想我我還想你 真的有病,2025/4/27 10:59,,分手,pass,
ref1uxsad,ref1uxsad,我已經可悲到用chatgpt 算塔羅我們還會和好嗎,2025/4/27 10:52,,分手,pass,
ref1uxsad,ref1uxsad,我要瘋了,2025/4/27 10:29,,分手,pass,
ref1uxsad,ref1uxsad,還以為我們永遠有說不完的話聊,2025/4/27 03:14,,分手,pass,
ref1uxsad,ref1uxsad,你玩的真開心 原來跟我分手你連難過都沒有,2025/4/27 03:13,,分手,pass,
ref1uxsad,ref1uxsad,我們果然是新鮮感,2025/4/27 03:12,,分手,pass,
ref1uxsad,ref1uxsad,原來愛上一個人的代價是失去自己,2025/4/27 01:24,,分手,pass,
ref1uxsad,ref1uxsad,你 總是懷疑我的真心,2025/4/27 01:23,,分手,pass,
ref1uxsad,ref1uxsad,我還在期待什麼,2025/4/27 01:22,,分手,pass,
ref1uxsad,ref1uxsad,你已經開始認識新的人了 而我還駐足在我們的回憶裡,2025/4/27 01:20,,分手,pass,
ref1uxsad,ref1uxsad,因為我很在乎你 所以你的每句話都能勾起我的情緒,2025/4/27 01:10,,分手,pass,
ref1uxsad,ref1uxsad,"如果眼淚能夠解決 彌補 挽回
我願意流乾我的眼淚",2025/4/27 01:07,,分手,pass,
ref1uxsad,ref1uxsad,你還會下意識地說出我的口頭禪嗎,2025/4/27 01:06,,分手,pass,
ref1uxsad,ref1uxsad,原來你沒有我也能過的很好,2025/4/27 01:05,,分手,pass,
ref1uxsad,ref1uxsad,想哭的時候 把眼睛閉上就能少流一點的淚了,2025/4/27 00:28,,分手,pass,
ref1uxsad,ref1uxsad,喜歡一個人好難,2025/4/27 00:26,,分手,pass,
ref1uxsad,ref1uxsad,只記得和你在一起的那段時間真的很開心,2025/4/27 00:23,,分手,pass,
ref1uxsad,ref1uxsad,我不信你就一點也不想我 哪怕只有一秒,2025/4/27 00:15,,分手,pass,
ref1uxsad,ref1uxsad,我是個不會輕易放手的人 但當我發現你不再待我如初 我會識趣的離開,2025/4/27 00:09,,分手,pass,
ref1uxsad,ref1uxsad,對不起 我脾氣太奇怪了,2025/4/27 00:03,,分手,pass,
ref1uxsad,ref1uxsad,我很想你 但我會忍住,2025/4/26 18:52,,分手,pass,
ref1uxsad,ref1uxsad,人有悲歡離合,2025/4/26 18:41,,分手,pass,
ref1uxsad,ref1uxsad,我把你不喜歡的人刪了 最後是我被你刪了,2025/4/26 15:32,,分手,pass,
ref1uxsad,ref1uxsad,後來 我遇到有趣的事 再也沒辦法跟你講了,2025/4/26 15:27,,分手,pass,
ref1uxsad,ref1uxsad,我還能用什麼理由找你,2025/4/26 15:26,,分手,pass,
ref1uxsad,ref1uxsad,我該怎麼辦 我忘不了你,2025/4/26 15:19,,分手,pass,
ref1uxsad,ref1uxsad,我好像已經習慣有你了,2025/4/26 15:12,,分手,pass,
ref1uxsad,ref1uxsad,你的態度讓我覺得自己很多餘,2025/4/26 15:10,,分手,pass,
ref1uxsad,ref1uxsad,好想你 但我們沒話講了,2025/4/26 15:02,,分手,pass,
ref1uxsad,ref1uxsad,什麼是真正的愛,2025/4/26 14:23,,分手,pass,
ref1uxsad,ref1uxsad,我不想讓你喜歡別人,2025/4/26 14:05,,分手,pass,
ref1uxsad,ref1uxsad,你可不可以不要喜歡別人,2025/4/26 14:05,,分手,pass,
ref1uxsad,ref1uxsad,如果你也會翻我們的聊天記錄 你會想跟我和好嗎,2025/4/26 13:07,,分手,pass,
ref1uxsad,ref1uxsad,我不敢繼續翻聊天記錄了 我怕我會哭,2025/4/26 12:28,,分手,pass,
ref1uxsad,ref1uxsad,剛剛把我們的聊天記錄滑到很上面 你那時候好愛我,2025/4/26 12:27,,分手,pass,
ref1uxsad,ref1uxsad,以前晚上你都在跟我打電話 現在都是和其他人在打遊戲,2025/4/26 11:38,,分手,pass,
ref1uxsad,ref1uxsad,還記得每次吵架時 你都會很認真的跟我吵,2025/4/26 10:45,,分手,pass,
ref1uxsad,ref1uxsad,我還可以找你嗎,2025/4/26 10:42,,分手,pass,
ref1uxsad,ref1uxsad,有時常想起 回憶裡那些曾經,2025/4/26 10:41,,分手,pass,
ref1uxsad,ref1uxsad,停止聯繫是我們做過最有默契的事,2025/4/26 09:25,,分手,pass,
ref1uxsad,ref1uxsad,為什麼你可以那麼快就不喜歡我了,2025/4/26 09:10,,分手,pass,
ref1uxsad,ref1uxsad,頭好痛,2025/4/26 09:10,,分手,pass,
ref1uxsad,ref1uxsad,放棄你那天我哭了很久很久 其實我可以繼續厚著臉皮糾纏你 但是好像沒有必要了 就算糾纏了好像也沒有意義 這段感情我已經盡力了 我告訴自己這個坎應該過了 沒有聯繫的日子 你應該已經在和誰分享你的快樂了 時間不會讓我忘了你 只會讓我習慣沒有你 雖然對你難以釋懷 但我不會再滿懷期待 挺遺憾的 但又在預料之中 我一次次放低底線迎合你 你覺得我很煩吧 我終於可以讓自己放手了 錯過就錯過吧無所謂了 掉眼淚的那段時間我有多難過 哪怕沒有結局也不願意離開 是我對這份感情最大的誠意,2025/4/26 08:27,,分手,pass,
ref1uxsad,ref1uxsad,我想忘記你,2025/4/26 08:01,,分手,pass,
ref1uxsad,ref1uxsad,我永遠等不到你的訊息了,2025/4/26 07:59,,分手,pass,
ref1uxsad,ref1uxsad,是你不喜歡我了,2025/4/26 07:58,,分手,pass,
ref1uxsad,ref1uxsad,是我不夠好嗎,2025/4/26 07:58,,分手,pass,
ref1uxsad,ref1uxsad,多希望某一個晚上 你會傳一段長長的訊息 告訴我分開這段期間你也很想我,2025/4/26 07:57,,分手,pass,
ref1uxsad,ref1uxsad,我想放棄你了,2025/4/26 07:54,,分手,pass,
ref1uxsad,ref1uxsad,如果你也想我的話 你早就來找我了,2025/4/26 07:54,,分手,pass,
ref1uxsad,ref1uxsad,沒有我你還是打遊戲打的很開心,2025/4/26 07:42,,分手,pass,
ref1uxsad,ref1uxsad,你真的一點都不想我嗎,2025/4/26 00:53,,分手,pass,
ref1uxsad,ref1uxsad,算了 我忘了你根本不在意我,2025/4/26 00:49,,分手,pass,
ref1uxsad,ref1uxsad,今天打遊戲的時候居然撞到你了 好討厭哈哈,2025/4/26 00:47,,分手,pass,
ref1uxsad,ref1uxsad,我們真的一點機會都沒有了嗎,2025/4/25 19:02,,分手,pass,
ref1uxsad,ref1uxsad,我好想你,2025/4/25 18:58,,分手,pass,
ref1uxsad,ref1uxsad,你的態度 讓我不敢再打擾你,2025/4/25 18:55,,分手,pass,
ref1uxsad,ref1uxsad,我一直在幻想 你還愛我,2025/4/25 18:13,,分手,pass,
ref1uxsad,ref1uxsad,人總是因為片刻的幸福而原諒所有的痛苦,2025/4/25 00:38,,分手,pass,
ref1uxsad,ref1uxsad,沒有你的日子好難熬,2025/4/25 00:28,,分手,pass,
ref1uxsad,ref1uxsad,我又睡不著了,2025/4/25 00:27,,分手,pass,
ref1uxsad,ref1uxsad,我真的 很想 很想 很想你,2025/4/24 21:17,,分手,pass,
ref1uxsad,ref1uxsad,是你說你不會離開我 我才越來越依賴你的,2025/4/24 21:15,,分手,pass,
ref1uxsad,ref1uxsad,你不想我嗎,2025/4/24 21:03,,分手,pass,
ref1uxsad,ref1uxsad,我想要你的愛,2025/4/24 20:54,,分手,pass,
ref1uxsad,ref1uxsad,如果一開始我們只當朋友 是不是現在就不會分開了,2025/4/24 20:54,,分手,pass,
ref1uxsad,ref1uxsad,沒有你我一點也不開心,2025/4/24 20:46,,分手,pass,
ref1uxsad,ref1uxsad,我想跟你和好,2025/4/24 20:39,,分手,pass,
ref1uxsad,ref1uxsad,你覺得我很煩嗎,2025/4/24 20:37,,分手,pass,
_moonmoonring_,林朋,"冷知識：
只要你開始有想分手的念頭就會一直想分手。",2024/10/9 20:11,這裡很深,分手,not_enough_posts,
wiinnoo_3,wiinnoo_3,分手挺難過的 但跟他結婚我又不敢🤓🤓,2025/12/23 02:18,看不順眼通通拿去燒,分手,pass,
wiinnoo_3,wiinnoo_3,我沒招了 你愛怎搞就怎搞,2025/12/23 01:55,看不順眼通通拿去燒,分手,pass,
wiinnoo_3,wiinnoo_3,3秒沒回覆我代表你有小三,2025/12/22 23:42,看不順眼通通拿去燒,分手,pass,
wiinnoo_3,wiinnoo_3,"最近看到一對情侶
好羨慕他們 看起來就超級靈魂伴侶的感覺
也讓我意識到我好像適合更好的人
更好的人大有人在：0
但他如果現在回來我還是會復合吧
但他也沒有這個勇氣笑死
就這樣慢慢消耗吧 搞不好過沒多久我自己就清醒的走出來了",2025/12/22 23:13,看不順眼通通拿去燒,分手,pass,
wiinnoo_3,wiinnoo_3,我是漂亮女生 我好想抓大奶,2025/12/22 23:10,看不順眼通通拿去燒,分手,pass,
wiinnoo_3,wiinnoo_3,"一開始看到你發想死的東西 都會覺得心好痛
好想拯救你
但現在看到的感覺 好平靜 變成了無奈了
但你也活該 是你把我的溫柔一次又一次的消耗掉的",2025/12/22 23:09,看不順眼通通拿去燒,分手,pass,
wiinnoo_3,wiinnoo_3,"好了就好了啦 我知道你在想什麼
你發那些emo的東西不過就是想引起我的注意
但這也不代表你愛我
你愛我的話你就會鼓起勇氣處理我們之間的問題
而不是單方面的輸出你很痛苦讓我體諒你的訊號
但寶寶你知道嗎 我也很痛苦啊",2025/12/22 23:08,看不順眼通通拿去燒,分手,pass,
wiinnoo_3,wiinnoo_3,我不是騷B 我是騷A++,2025/12/22 19:02,看不順眼通通拿去燒,分手,pass,
wiinnoo_3,wiinnoo_3,帥哥怎麼那麼少,2025/12/22 19:02,看不順眼通通拿去燒,分手,pass,
wiinnoo_3,wiinnoo_3,好想把眉毛剃掉靠杯,2025/12/22 16:15,看不順眼通通拿去燒,分手,pass,
wiinnoo_3,wiinnoo_3,我還是想你 但你爛死了啦,2025/12/21 22:19,看不順眼通通拿去燒,分手,pass,
wiinnoo_3,wiinnoo_3,懺悔,2025/12/21 21:43,看不順眼通通拿去燒,分手,pass,
wiinnoo_3,wiinnoo_3,王ADHD,2025/12/21 21:40,看不順眼通通拿去燒,分手,pass,
wiinnoo_3,wiinnoo_3,"我希望你能打給我跟我說你在我家樓下你很想我雖然你不知道自己能不能支撐這段關係但你願意為了我試試看
但我知道這是不可能的",2025/12/21 21:39,看不順眼通通拿去燒,分手,pass,
wiinnoo_3,wiinnoo_3,正常的恋爱固然美好但畸形的恋爱实在精彩…,2025/12/21 18:04,看不順眼通通拿去燒,分手,pass,
wiinnoo_3,wiinnoo_3,"幹我覺得 我今天整個人都很奇怪
思想什麼的",2025/12/21 17:47,看不順眼通通拿去燒,分手,pass,
wiinnoo_3,wiinnoo_3,不能叫你寶寶了 但我還是愛你,2025/12/21 17:22,看不順眼通通拿去燒,分手,pass,
wiinnoo_3,wiinnoo_3,想跟你在頂樓看著夕陽喝著啤酒聊著天到忘記時間 感覺什麼煩惱都沒有了,2025/12/21 15:32,看不順眼通通拿去燒,分手,pass,
wiinnoo_3,wiinnoo_3,"雖然我跟你說過活著沒有意義
其實我現在也是這樣覺得
但有你之後我對生活多了很多期待
雖然這樣感覺太依賴了不太健康
但在你懷裡的時候我是真的覺得我很幸福
希望你也有一樣的感覺",2025/12/21 15:31,看不順眼通通拿去燒,分手,pass,
wiinnoo_3,wiinnoo_3,"我也希望我能學著多愛自己一點
不要那麼愛共情了
我沒顧好自己要怎麼顧別人 
不需要那麼貼心",2025/12/21 15:29,看不順眼通通拿去燒,分手,pass,
wiinnoo_3,wiinnoo_3,"Dear Santa,
希望他能回來
並且已經準備好要珍惜我
如果聖誕節那天沒有奇蹟
那也請好好保護我讓我不要在受傷第二次ㄌ
Thanks.",2025/12/20 15:06,看不順眼通通拿去燒,分手,pass,
wiinnoo_3,wiinnoo_3,迴避型人格真的很雞歪,2025/12/17 16:01,看不順眼通通拿去燒,分手,pass,
wiinnoo_3,wiinnoo_3,"好啦我哭完了 我要去好好吃飯了
姆姆",2025/12/16 19:49,看不順眼通通拿去燒,分手,pass,
wiinnoo_3,wiinnoo_3,"長得可愛有話直說有一堆奇思妙想又貼心的女人超頂
嘿對這我",2025/12/16 19:49,看不順眼通通拿去燒,分手,pass,
wiinnoo_3,wiinnoo_3,真誠就是必殺技 嗯嗯嗯！,2025/12/16 19:48,看不順眼通通拿去燒,分手,pass,
wiinnoo_3,wiinnoo_3,痛苦真的不能比較嗎？,2025/12/14 12:43,看不順眼通通拿去燒,分手,pass,
wiinnoo_3,wiinnoo_3,喝點小酒來根小菸 操他媽的爛生活,2025/12/12 15:18,看不順眼通通拿去燒,分手,pass,
wiinnoo_3,wiinnoo_3,建議大家覺得過得很不如意的時候可以代入一下東京喰種裡面的笛口雛實 我知道痛苦是不能比較但昨天回去重溫了一下直接一個哇操思路打開,2025/12/12 15:13,看不順眼通通拿去燒,分手,pass,
wiinnoo_3,wiinnoo_3,我有好好生活 也有好好想你 可以誇誇我嗎,2025/12/12 15:07,看不順眼通通拿去燒,分手,pass,
wiinnoo_3,wiinnoo_3,我好想你 不知道你今天過得好不好？,2025/12/11 15:21,看不順眼通通拿去燒,分手,pass,
wiinnoo_3,wiinnoo_3,我還是愛你 我也希望我能拯救你 但我好像做不到,2025/12/10 22:38,看不順眼通通拿去燒,分手,pass,
wiinnoo_3,wiinnoo_3,不要再讓我失望了好不好,2025/12/9 13:56,看不順眼通通拿去燒,分手,pass,
0413in,哆莓疯了  ˶ •̀֊•́,不要因為交往時間長 就捨不得分手。,2025/12/3 06:04,"網絡人設僅供參考  素質高低全憑心情 •̀ᴗ•́
歡迎來到我的精神世界",分手,pass,
0413in,哆莓疯了  ˶ •̀֊•́,"落差感是什麼 
是一開始的訊息秒回 到後來訊息輪迴
接受落差感是女生一輩子的必修課",2025/12/2 12:08,"網絡人設僅供參考  素質高低全憑心情 •̀ᴗ•́
歡迎來到我的精神世界",分手,pass,
0413in,哆莓疯了  ˶ •̀֊•́,"話雖刺耳 但卻很真實
只要一個男人開始對你哭窮 
你應該明白 他已經不願意付出了",2025/12/2 05:00,"網絡人設僅供參考  素質高低全憑心情 •̀ᴗ•́
歡迎來到我的精神世界",分手,pass,
0413in,哆莓疯了  ˶ •̀֊•́,"凡是對你摳門的男人 絕對沒有感情
凡是對你哭窮的男人就不是真心喜歡你
只要是男人都視錢如命
捨得為你花又對你好的男人才是真的愛你的
其他什麼感情真心對你好都是扯淡
一個不捨得為你花錢的男人
你在他心中你就是一個可有可無的人。",2025/12/1 21:25,"網絡人設僅供參考  素質高低全憑心情 •̀ᴗ•́
歡迎來到我的精神世界",分手,pass,
0413in,哆莓疯了  ˶ •̀֊•́,"為什麼在一起越久 好像越來越愛生氣
總覺得你沒以前那麼愛 其實不是變了
是我越來越愛你 就越渴望你的在意
想要的偏愛也更多了
等哪一天 我不再跟你鬧 不再對你生氣 
甚至連情緒都懶得跟你說 別以為我終於懂事了 
那是我攢夠了失望 悄悄收回了自己",2025/12/1 10:00,"網絡人設僅供參考  素質高低全憑心情 •̀ᴗ•́
歡迎來到我的精神世界",分手,pass,
0413in,哆莓疯了  ˶ •̀֊•́,"牡羊座喜歡分享欲強的人
因為自己就是一個喜歡說廢話的人
同時也很需要回應 很需要有始有終的聊天
一個懂得主動跟他交代的人 牡羊可太喜歡了
：我現在有點忙回的會比較慢 
：我先掛一下馬上給你打
牡羊座是很敏感的 
當他從很多細小的方面感受到了你給的安全感
那他絕對火力全開的去愛你",2025/11/30 23:00,"網絡人設僅供參考  素質高低全憑心情 •̀ᴗ•́
歡迎來到我的精神世界",分手,pass,
0413in,哆莓疯了  ˶ •̀֊•́,"單身久了 别說擰瓶蓋
連消防栓 我都能打開",2025/11/29 18:42,"網絡人設僅供參考  素質高低全憑心情 •̀ᴗ•́
歡迎來到我的精神世界",分手,pass,
0413in,哆莓疯了  ˶ •̀֊•́,想住在你心裡，沒有鄰居的那種🤪,2025/11/28 12:57,"網絡人設僅供參考  素質高低全憑心情 •̀ᴗ•́
歡迎來到我的精神世界",分手,pass,
0413in,哆莓疯了  ˶ •̀֊•́,"哪個男人捨得給你錢 你就玩命愛他就好了
這年頭誰掙錢都不容易 他捨得給你花錢
說明你在他心裡比較重要。
一天到晚在嗎 在幹嘛 吃飯了嗎
只會叫你多喝熱水 這叫騷擾者 成年人的世界
錢和時間就是最直接的愛沒有例外！
永遠不要被廉價的語言而感動
窮和敷衍是兩回事 窮也不等於摳
畢竟一句輕飄飄的我愛你是不需要成本的。",2025/11/28 09:00,"網絡人設僅供參考  素質高低全憑心情 •̀ᴗ•́
歡迎來到我的精神世界",分手,pass,
0413in,哆莓疯了  ˶ •̀֊•́,"是什麼瞬間讓你發現自己原來好像
已經沒那麼喜歡這個人了？
：能忍住不回訊息 就是沒那麼喜歡了。",2025/11/24 18:33,"網絡人設僅供參考  素質高低全憑心情 •̀ᴗ•́
歡迎來到我的精神世界",分手,pass,
0413in,哆莓疯了  ˶ •̀֊•́,"以前的拜金女：香奈兒 愛馬仕 
現在的拜金女：鹽酥雞買365元",2025/11/23 14:11,"網絡人設僅供參考  素質高低全憑心情 •̀ᴗ•́
歡迎來到我的精神世界",分手,pass,
0413in,哆莓疯了  ˶ •̀֊•́,"媽媽說：
男人對重要的東西不會隨便
所以女生感受到的冷淡 忽視 不在意
通常不是想太多 是真的沒那麼在意
因為不在意 藏不住 真正在乎也裝不出來",2025/11/23 03:00,"網絡人設僅供參考  素質高低全憑心情 •̀ᴗ•́
歡迎來到我的精神世界",分手,pass,
0413in,哆莓疯了  ˶ •̀֊•́,"有人說等結婚了 
給你買金手鏈金戒指 
等結婚了天天送你花 
而有的人說 看到這個戒指很好看
就忍不住買下來給你
我想這個禮物 你會喜歡我就買了
所以你不嫁給我 怎麼對你好
我不對你好 怎麼讓你嫁給我 
簡直天壤之別 確實會感動到哭。",2025/11/19 23:00,"網絡人設僅供參考  素質高低全憑心情 •̀ᴗ•́
歡迎來到我的精神世界",分手,pass,
wps_0919,王,「分手後提出還想當朋友的人一定都有點問題」,2024/6/27 19:29,冰美式,分手,pass,
wps_0919,王,"冷知識：
把男友弄哭事件好事可以讓他變好看
清洗眼球還可以保濕ㄛ",2024/6/27 17:26,冰美式,分手,pass,
wps_0919,王,"很心酸吧 那個曾經和你聊天到深夜
做什麼都會告訴你和你分享
忙完了第一時間找你的人現在卻和你無話可說",2024/6/27 01:24,冰美式,分手,pass,
wps_0919,王,「你不會以為穩聊了他就沒有再認識別人了吧」,2024/6/26 13:01,冰美式,分手,pass,
wps_0919,王,喔嗨唷！,2024/6/26 07:12,冰美式,分手,pass,
wps_0919,王,"千萬不要在男人的兄弟面前秀恩愛
你有可能就是一個笑話
因為他們都知道一個你不知道的故事⋯",2024/6/25 23:08,冰美式,分手,pass,
wps_0919,王,"冷知識：
如果不會舌吻的話 就在嘴裡畫love",2024/6/25 21:29,冰美式,分手,pass,
wps_0919,王,"提醒一下：
現在在一起可以一起過一個多月後的七夕喔！",2024/6/25 20:27,冰美式,分手,pass,
wps_0919,王,「質問別人為啥不回訊息是需要很親密的關係」,2024/6/25 15:09,冰美式,分手,pass,
wps_0919,王,「你忍住不回訊息的時候 對方根本不在乎你」,2024/6/25 00:10,冰美式,分手,pass,
wps_0919,王,「短暫的相遇好像都是在懲罰認真的人」,2024/6/24 22:39,冰美式,分手,pass,
wps_0919,王,「和一個人擁抱久了 身上都會是他的味道 於是回家的路上低頭聞到的時候 就開始想他」,2024/6/23 20:14,冰美式,分手,pass,
wps_0919,王,「男生不會跟沒興趣的女生每天聊天」,2024/6/23 12:21,冰美式,分手,pass,
wps_0919,王,天氣有點太好了,2024/6/22 14:08,冰美式,分手,pass,
wps_0919,王,嘻嘻現在是要飛日本的快樂人,2024/6/22 12:56,冰美式,分手,pass,
wps_0919,王,「不喜歡你的話 為什麼要陪你聊那麼久」,2024/6/21 22:11,冰美式,分手,pass,
wps_0919,王,「最幸福的事情就是 你喜歡的人 比你更喜歡你」,2024/6/21 20:24,冰美式,分手,pass,
wps_0919,王,「你不是戀愛腦 你只是很認真  會幸福的」,2024/6/21 15:05,冰美式,分手,pass,
wps_0919,王,「人通常在最委屈的時候就說睡了」,2024/6/21 00:47,冰美式,分手,pass,
wps_0919,王,「他不喜歡你 卻又陪你聊天 只是因為想釣你」,2024/6/20 15:08,冰美式,分手,pass,
wps_0919,王,「可能他確實偷偷看過你 但這也不妨礙他最後沒有選擇你」,2024/6/19 18:02,冰美式,分手,pass,
wps_0919,王,「真正的放下是停止聯絡跟監視」,2024/6/19 00:41,冰美式,分手,pass,
wps_0919,王,「和喜歡的人在一起我總怕我自己不夠好看」,2024/6/18 23:13,冰美式,分手,pass,
wps_0919,王,"訊息傳送時間：7小時前
對方最後一次在線時間：5分鐘前",2024/6/17 17:17,冰美式,分手,pass,
wps_0919,王,"放心好了 月老說了你喜歡的人
也喜歡你的 很快就會確定戀愛關係",2024/6/16 15:42,冰美式,分手,pass,
wps_0919,王,「能忍住不聯繫 就已經沒有那麼多喜歡了」,2024/6/15 22:19,冰美式,分手,pass,
wps_0919,王,基隆好熱好熱,2024/6/15 18:05,冰美式,分手,pass,
wps_0919,王,"新鮮感就是從
 ：剛剛看過
變成
：24小時前傳送",2024/6/14 20:40,冰美式,分手,pass,
wps_0919,王,自以為女明星,2024/6/14 15:13,冰美式,分手,pass,
ynulas,ynulas,自己提分手又想復合是不是蠻好笑的,2026/1/13 17:28,,分手,pass,
ynulas,ynulas,早就想離開的話 不用演這麼大一齣,2026/1/13 14:05,,分手,pass,
ynulas,ynulas,"但現在我不會再為一個
不願意好好對待我的人停留。
你怎麼離開，是你的選擇；
我怎麼走向未來，是我的尊嚴。
這一次，我站在我自己這邊。",2026/1/11 19:22,,分手,pass,
ynulas,ynulas,"不願意相信我那麼用心愛的人，
會用這麼不負責的方式離開我。",2026/1/11 19:19,,分手,pass,
ynulas,ynulas,"：如果一個人真的在乎你，
不會讓你一邊流淚，一邊替他找藉口。",2026/1/11 19:17,,分手,pass,
ynulas,ynulas,：他沒有勇氣當那個說清楚的人。,2026/1/11 19:16,,分手,pass,
ynulas,ynulas,"我承認，我曾經很用力地愛過你。
那不是錯，也不是丟臉。
只是現在的我，已經不能再為了一段
讓我委屈、讓我猜、讓我獨自承受的關係，
繼續消耗自己。
我懷念的，是那個被珍惜的自己，
不是現在這段讓我心痛的關係。
從今天開始，我選擇把溫柔收回來，
留給真正願意理解、尊重、接住我的人。
謝謝你曾經來過，
但我不再為你停留。",2026/1/11 19:10,,分手,pass,
ynulas,ynulas,"你現在之所以痛，不是因為你做錯，
而是你還用「過去的期待」在面對「已經變了的狀況」。",2026/1/11 19:07,,分手,pass,
ynulas,ynulas,：不要因為寂寞，就回到讓你受傷的地方,2026/1/11 19:01,,分手,pass,
ynulas,ynulas,"人總是用片刻幸福原諒所有傷害後知後覺才發現
那些用來想念你的夜晚像是被浪費掉
漸漸的明白了我想留住的不是你
而是那份永遠對明天抱有無限期待的美妙心情
我沒有很失望
我是一個很好的人
不管和誰在一起都會幸福
我應該要有放你離開的捨得",2026/1/11 18:56,,分手,pass,
ynulas,ynulas,對啊如果真的愛我 怎麼捨得一直搞消失把我丟在那,2026/1/11 00:45,,分手,pass,
ynulas,ynulas,找不到理由跟我分手 選擇冷暴力逼我分手 真有你的,2026/1/11 00:43,,分手,pass,
ynulas,ynulas,我太傻了 你講的每句話每個承諾我都信了,2026/1/10 23:52,,分手,pass,
ynulas,ynulas,不要因為想念 就忘記之前的痛,2026/1/10 20:44,,分手,pass,
ynulas,ynulas,剛才去看了我們的共享相簿 以前好幸福,2026/1/10 20:36,,分手,pass,
ynulas,ynulas,"你現在之所以痛，不是因為你做錯決定，
而是因為你正在同時告別幸福與傷害。
這本來就會很痛。",2026/1/10 20:31,,分手,pass,
ynulas,ynulas,你不是輸在不被珍惜，你是贏在你有能力停下來,2026/1/10 11:21,,分手,pass,
ynulas,ynulas,其實早就想分手 自己也知道這是不健康的戀愛 但我自己太捨不得 所以一直委屈自己跟他走 他我現在發現我捨不得的他並沒有捨不得我,2026/1/10 11:20,,分手,pass,
ynulas,ynulas,真的談到一場失約的海了,2026/1/10 11:14,,分手,pass,
ynulas,ynulas,"你沒有被辜負價值，
你只是遇到一個在情感上跟不上你的人。",2026/1/10 11:14,,分手,pass,
ynulas,ynulas,真正在乎你的人，不會讓你靠猜來維持安全感。,2026/1/10 11:12,,分手,pass,
ynulas,ynulas,"這不是「靜一靜」，
這是把你晾在關係外面，卻又不放你走。",2026/1/10 11:10,,分手,pass,
ynulas,ynulas,"冷暴力會讓人誤以為是自己不夠好。
但事實是：
這是一種「沒有能力好好結束關係」的人，常用的方式。",2026/1/10 11:07,,分手,pass,
ynulas,ynulas,這是一條早就往分手走的路，只是我是最後一個知道的人。,2026/1/10 11:07,,分手,pass,
ynulas,ynulas,"如果一個人真的只是需要靜一靜，他會確保你「不被丟下」。
而不是讓你猜、讓你等、讓你自己消化所有不安。",2026/1/10 11:06,,分手,pass,
ynulas,ynulas,為了不再受傷而離開，從來不是自私。,2026/1/10 10:56,,分手,pass,
ynulas,ynulas,一直都知道我們不適合頻率也不對 只是我太捨不得你了,2026/1/10 10:52,,分手,pass,
ynulas,ynulas,答應分手的速度像沒愛過我一樣,2026/1/10 10:48,,分手,pass,
ynulas,ynulas,勇敢結束一段不健康的關係了 辛苦自己這一大陣子的勇氣跟努力 接下來用盡全力的去愛自己吧,2026/1/9 23:41,,分手,pass,
ynulas,ynulas,蠻好笑的 以為見面就有用了現在發現也沒用,2026/1/8 23:17,,分手,pass,
ynulas,ynulas,不陪各位一某了 我要開始我的新人生了,2026/1/8 22:11,,分手,pass,
ynulas,ynulas,好累 我們怎麼變這樣,2026/1/8 19:50,,分手,pass,
ynulas,ynulas,老己過去一年真是辛苦啦謝謝妳 我最好的朋友,2026/1/8 12:56,,分手,pass,
ynulas,ynulas,我也算陪你到你不需要我的時候了,2026/1/8 12:51,,分手,pass,
ynulas,ynulas,為什麼看到我也不跟我說話啊,2026/1/8 12:50,,分手,pass,
ynulas,ynulas,新的一年 請賜與我很多勇气 平和 堅韌 不悲傷 柔和 勇敢 不將就,2026/1/8 12:46,,分手,pass,
ynulas,ynulas,老己今年才剛開始 別放棄！,2026/1/8 01:04,,分手,pass,
ynulas,ynulas,慢慢學著面對以前害怕面對的事情了,2026/1/7 23:38,,分手,pass,
ynulas,ynulas,我想投降 我真的沒招了,2026/1/7 23:36,,分手,pass,
ynulas,ynulas,委屈不是說出來就有用的,2026/1/7 23:35,,分手,pass,
ynulas,ynulas,加油 要堅持住啊,2026/1/7 22:26,,分手,pass,
ynulas,ynulas,幹 不要再犯賤了,2026/1/7 21:27,,分手,pass,
ynulas,ynulas,愛人的能力 是需要勇氣,2026/1/7 16:51,,分手,pass,
ynulas,ynulas,請讓我再多一點 幸福 勇敢 順利,2026/1/6 20:07,,分手,pass,
ynulas,ynulas,明天要1/5了欸好快,2026/1/4 22:27,,分手,pass,
ynulas,ynulas,不是每個人都值得你體諒,2026/1/4 14:10,,分手,pass,
ynulas,ynulas,：但你內心已經不像以前那樣，為了關係壓縮自己,2026/1/4 13:53,,分手,pass,
ynulas,ynulas,管好自己嘴巴啦 不要什麼都跟別人說,2026/1/2 17:15,,分手,pass,
ynulas,ynulas,我會慢慢長出自己的翅膀 好好保護自己的,2026/1/2 08:23,,分手,pass,
ynulas,ynulas,不要再跟我開玩笑了 我明天要早起去上課,2026/1/2 01:37,,分手,pass,
ynulas,ynulas,我好想睡覺,2026/1/2 01:32,,分手,pass,
ynulas,ynulas,2026我要重新開始好好努力 但這一切都是為了我自己,2026/1/1 02:38,,分手,pass,
ynulas,ynulas,2026我要為了自己而活 不要再在意別人了,2026/1/1 02:07,,分手,pass,
ynulas,ynulas,新的一年要順順的 淡淡的 把自己當中心 不要再為了他難過內耗想太多了,2026/1/1 02:02,,分手,pass,
ynulas,ynulas,看起來幸福 但你不知道我一個人默默流了多少眼淚,2025/12/30 23:53,,分手,pass,
wwwwcyii,11,"分手一年半了 今天給自己一次刪除的機會
原來在一起五年的相簿回憶
刪除只需要用到一秒
一刪完剩下800張照片 扣掉風景照
自己的獨照剩下不到一百張
才知道 那五年 我的眼裡都是妳",2025/3/30 15:42,我知道你會點進來 敢不敢點進我IG？,分手,pass,
wwwwcyii,11,原本想要許願摸八條等等就去吃麥當勞結果來了斜斜的😮‍💨,2025/3/25 21:20,我知道你會點進來 敢不敢點進我IG？,分手,pass,
wwwwcyii,11,當你朋友覺得你單身 但你卻對麻將中毒一樣,2025/3/22 14:39,我知道你會點進來 敢不敢點進我IG？,分手,pass,
cru_708,你,為什麼總是先告白的人提分手,2025/11/26 07:26,發爽的,分手,not_enough_posts,
cru_708,你,看到喜歡的情頭了 沒辦法和你用了,2025/11/15 23:07,發爽的,分手,not_enough_posts,
llzlli66,Tin,"心理學家說
如果你跟一個人分手後
你懷念的是他的性格
那麼說明你愛的是他這個人
但分手過後
你懷念的是跟他曾經
在一起的那些快樂時光
那麼傷你最深的一定是他的人品",2025/8/1 15:57,這傢伙很懶,分手,pass,
llzlli66,Tin,"打詐打詐
是要求詐騙集團打電話給民眾嗎。我艸",2025/7/31 05:02,這傢伙很懶,分手,pass,
llzlli66,Tin,當小鳥把冷氣調到暖氣🙃,2025/7/28 23:24,這傢伙很懶,分手,pass,
llzlli66,Tin,狐狸精在哪？,2025/7/23 21:18,這傢伙很懶,分手,pass,
llzlli66,Tin,我也跟著淪陷了,2025/7/22 21:03,這傢伙很懶,分手,pass,
llzlli66,Tin,我又想到紅爺了,2025/7/21 22:08,這傢伙很懶,分手,pass,
na._.zy__,奈々⸜♡⸝‍,突然好羨慕那些分手後還能復合的情侶…,2025/4/7 17:07,不用看了 沒什麼有趣的,分手,pass,
na._.zy__,奈々⸜♡⸝‍,到底經歷了什麼才會從當了兩年的ENFP變INFJ🙂,2025/4/6 21:39,不用看了 沒什麼有趣的,分手,pass,
na._.zy__,奈々⸜♡⸝‍,"姜太顯穿無袖真的太犯規了🥵
直接陷入姜局、、",2025/4/6 20:03,不用看了 沒什麼有趣的,分手,pass,
na._.zy__,奈々⸜♡⸝‍,感覺最近講話有點沒口德 呸呸呸我會改的真的,2025/4/6 18:15,不用看了 沒什麼有趣的,分手,pass,
na._.zy__,奈々⸜♡⸝‍,"愚人節
被騙❌
存一堆站姐拍的照片✅",2025/4/1 12:35,不用看了 沒什麼有趣的,分手,pass,
na._.zy__,奈々⸜♡⸝‍,結果分手之後成績還進步。我以為我會難過到讀不下去欸,2025/4/1 11:15,不用看了 沒什麼有趣的,分手,pass,
na._.zy__,奈々⸜♡⸝‍,TXT這是要回歸的節奏嗎 還是愚人節企劃,2025/3/31 23:18,不用看了 沒什麼有趣的,分手,pass,
na._.zy__,奈々⸜♡⸝‍,崔小熊真的不要太超過 我要被萌死了😭💗💗,2025/3/30 19:33,不用看了 沒什麼有趣的,分手,pass,
na._.zy__,奈々⸜♡⸝‍,逐漸習慣沒有你的生活 我好棒 我長大了,2025/3/28 18:15,不用看了 沒什麼有趣的,分手,pass,
na._.zy__,奈々⸜♡⸝‍,每次吃零食都好有罪惡感 可是一想到前任  馬上就放下手中的餅乾跑去運動了🫴🏻,2025/3/26 21:29,不用看了 沒什麼有趣的,分手,pass,
na._.zy__,奈々⸜♡⸝‍,自從分手後 唯一能讓我暫時忘掉傷痛的只剩下TXT😭💗我愛這五個男人 我要當一輩子的MOA嗚嗚嗚嗚,2025/3/24 22:23,不用看了 沒什麼有趣的,分手,pass,
immaizi,immaizi,"之前跟某一任男友吵架
兩個人六天沒聯絡 第七天他打給我
：這位先生頭七回魂嗎？
然後就被分手了
他說這句話一點都不好笑
但我過了六年還是覺得很好笑
🤷🏻‍♀️",2024/7/23 20:33,"Hi there
I hope something good happens to you today
What’s yours will find you",分手,pass,
immaizi,immaizi,"前面女生的t-shirt上印
nobody 
knows
That I am
a lesbian
Ok",2024/7/22 12:49,"Hi there
I hope something good happens to you today
What’s yours will find you",分手,pass,
immaizi,immaizi,"為什麼路上很多穿高校制服
戴各色短髮假髮的人
今天是什麼高校學園祭嗎",2024/7/21 17:05,"Hi there
I hope something good happens to you today
What’s yours will find you",分手,pass,
immaizi,immaizi,"好久沒喝酒喝醉
但也不需要喝醉
傳訊息給喜歡的人這種事
我隨時都能做",2024/7/12 12:00,"Hi there
I hope something good happens to you today
What’s yours will find you",分手,pass,
immaizi,immaizi,"臭 
汗臭味是洋蔥炒蛋
狐臭味是孜然羊肉
祝大家晚餐愉快",2024/7/11 18:55,"Hi there
I hope something good happens to you today
What’s yours will find you",分手,pass,
immaizi,immaizi,"我沒有要批評宗教立場
但在人生遇到那些數一數二令人討厭的人
都有著虔誠的宗教信仰",2024/7/9 22:12,"Hi there
I hope something good happens to you today
What’s yours will find you",分手,pass,
1_7ieoo,1_7ieoo,"我發現一件很奇怪的事
我身邊會談戀愛的朋友都是同一批人
他們就算分手了也會談新的
但單身的人就一直單身
好詭異",2025/9/10 23:22,我的運氣將會全部留到學測,分手,pass,
1_7ieoo,1_7ieoo,我宣佈朋友的暈船日記是這輩子最好看的東西,2025/9/10 22:29,我的運氣將會全部留到學測,分手,pass,
1_7ieoo,1_7ieoo,明星18歲出道 我18歲只會遲到,2025/9/9 21:29,我的運氣將會全部留到學測,分手,pass,
1_7ieoo,1_7ieoo,每天起床第一件事就是哄自己去學校。,2025/9/9 20:17,我的運氣將會全部留到學測,分手,pass,
1_7ieoo,1_7ieoo,這我媽？哈囉？,2025/9/9 18:46,我的運氣將會全部留到學測,分手,pass,
1_7ieoo,1_7ieoo,"平常：沒事
出國：月經來
出去玩水：月經來
重大考試：月經來",2025/9/7 01:52,我的運氣將會全部留到學測,分手,pass,
1_7ieoo,1_7ieoo,：當我寫英文考卷的時候,2025/8/29 18:18,我的運氣將會全部留到學測,分手,pass,
zhwkahe_jj,zhwkahe_jj,"奉勸所有情侶的前任 要是分手了 
別人有新的另一半 就不要眼紅不開心
要是真的不甘心 
當初就應該好好在一起
不要人家有另一半了 
時不時出來冒個泡
麻煩給我安安靜靜當個死人",2024/8/25 21:17,"熬過最苦的日子
做最酷的自己",分手,pass,
zhwkahe_jj,zhwkahe_jj,"山不向我走來
我便走向山去",2024/8/23 13:20,"熬過最苦的日子
做最酷的自己",分手,pass,
zhwkahe_jj,zhwkahe_jj,"但凡閨蜜有點用處
我也不至於單身但現在餒😅😅😅
拍照還是可以的（最後的倔強）😂😂😂",2024/8/21 11:49,"熬過最苦的日子
做最酷的自己",分手,pass,
zhwkahe_jj,zhwkahe_jj,"幹
男生到底喜歡主動的女生
還是不主動的女生餒🧐🧐🧐",2024/8/17 20:24,"熬過最苦的日子
做最酷的自己",分手,pass,
zhwkahe_jj,zhwkahe_jj,"誰說我不會樂器的
至少我退堂鼓打得很好😂😂😂",2024/8/15 15:25,"熬過最苦的日子
做最酷的自己",分手,pass,
zhwkahe_jj,zhwkahe_jj,告訴我 你的第一眼👀看的是哪裡😂,2024/8/13 16:45,"熬過最苦的日子
做最酷的自己",分手,pass,
johntu99221,John Tu,"你知道分手後，什麼樣的人最厲害嗎？
就是那種沒有曖昧對象，
也不著急轉身去愛下一個，
沒有無縫銜接，
而是安安靜靜地回歸自己的生活的人。
我知道，做到這一點可能很難。
但請你答應我，忍住這段痛苦，
一言不發，
然後穿過這片沼澤。",2025/1/3 21:14,"熱愛美食的台北人
不像雙子的雙子座
自媒體帶貨/小本創業諮詢",分手,business,
johntu99221,John Tu,"想讓自己的2025年順起來，記住這7條玄學，而且這些在心理學的角度推敲後，也是成立的。堅持做，你會發現有很大的改變。
第一點
見到人少說話，和自己無關的事，少插手。
第二點
別人怎麼評價你，聽過就算了，不要往心裡去，
因為那個不是真的你。
第三點
情緒要穩定，有事心不亂，無事心不空。
第四點
不要靠近免費的東西，表面看起來免費，
可能是因為你還沒看清背後的代價。
第五點
不說喪氣話，多說漂亮話。
語言是有能量的，多多鼓勵自己。
第六點
不要試圖改變別人，每個人都有自己的路要走，
學會尊重每個人的命運。
第七點
過去的事就讓它過去吧，不想、不提、不搬舊帳。
最後，讓自己快樂起來。
因為只有你快樂了，你的運氣才會變好。",2025/1/3 18:59,"熱愛美食的台北人
不像雙子的雙子座
自媒體帶貨/小本創業諮詢",分手,business,
johntu99221,John Tu,"相信你的直覺。
如果事情感覺不對勁，
那就是不對勁。
如果哪個地方讓人感覺不安全，
那就是有問題。
如果哪個人讓你感覺不真實，
那就不要信任他。
你的直覺，永遠站在你這邊。
你越是相信它，它就越準。",2025/1/3 16:16,"熱愛美食的台北人
不像雙子的雙子座
自媒體帶貨/小本創業諮詢",分手,business,
johntu99221,John Tu,"其實，很多人都誤解了三觀不合的意思。
你喜歡吃西餐，
我喜歡吃路邊攤，
這不叫三觀不合。
但是，
如果你喜歡吃西餐，
我說你裝，
我喜歡吃路邊攤，
你說我low，
這才叫三觀不合。",2025/1/3 15:45,"熱愛美食的台北人
不像雙子的雙子座
自媒體帶貨/小本創業諮詢",分手,business,
johntu99221,John Tu,"無縫銜接的人，分手只不過是走個流程罷了，
好讓新歡名正言順地上位。
無縫銜接的人，他們的分手理由，
尤其是涉及到對妳的評價部分，
最大的目的已經不是為了泄憤或者替自己鳴不平。
他的那些分手理由，
其實只是為了找茬，逼妳主動離開。",2025/1/2 19:59,"熱愛美食的台北人
不像雙子的雙子座
自媒體帶貨/小本創業諮詢",分手,business,
johntu99221,John Tu,"為什麼他把你逼瘋了，卻還能冷靜地看著你發瘋？
為什麼他站在道德的制高點，指責你情緒不穩定時，從來不考慮你的感受？
為什麼他要在一件件小事上，用不耐煩的態度把你推向崩潰的邊緣，
讓你一個人苦苦掙扎到窒息？
因為他自私至極，
毫無同理心，甚至冷漠到讓人心寒。
當他用冰冷的態度對待你的時候，
他根本不覺得自己有任何錯。
剛開始，你以為自己是個滿身傷疤的人，
渴望有人陪伴、有人拯救。
但你必須明白，他不是來拯救你的，
他是來耗盡你的力氣、帶走你的生命力的。
醒醒吧，快跑！遠離他，去拯救自己。",2025/1/2 15:46,"熱愛美食的台北人
不像雙子的雙子座
自媒體帶貨/小本創業諮詢",分手,business,
johntu99221,John Tu,"想為自己增加一些額外收入嗎？
尋找對網路行銷有興趣的朋友
我有產品
免代理金
物流、金流不用你處理
意者私訊我IG",2025/1/2 13:50,"熱愛美食的台北人
不像雙子的雙子座
自媒體帶貨/小本創業諮詢",分手,business,
johntu99221,John Tu,"在男人的世界裡，只有快樂是假的，
錢難賺，是真的；
心難交，是真的；
迷茫，是真的；
回頭一看，沒人依靠，也是真的。",2025/1/2 05:17,"熱愛美食的台北人
不像雙子的雙子座
自媒體帶貨/小本創業諮詢",分手,business,
johntu99221,John Tu,"其實，變強的第一步，
就是不回應惡意，不解釋質疑，不回頭，也不停留。
所有的行為，其實就是答案，
我們不需要問「為什麼」，
更不要和任何負能量建立聯繫。
一旦回應了，就會被糾纏；
而一旦糾纏，就會被損耗，
最後受傷、難過的，只有自己。
當別人對你冷暴力，或關係無疾而終時，
請告訴自己：
失去我這樣真心付出的人，是對方的損失，
而我要做的，是專注於自己的成長。
人生的課題，是珍惜該珍惜的，放下該放下的，
對有價值的關係全力以赴，對無意義的關係果斷翻篇。
記住，所有的需求，都可以靠自己實現。
所以，勇敢地遠離一切消耗你的人與事，
把時間和精力投入到讓你成長的方向。
愛自己，提升自己，內心強大，才是真正的自由。",2025/1/2 05:07,"熱愛美食的台北人
不像雙子的雙子座
自媒體帶貨/小本創業諮詢",分手,business,
johntu99221,John Tu,"除非對方明確求助，否則我們所謂的「建議」，其實往往是一種變相的指責。
舉個例子，你的伴侶今天對你抱怨：「哎呀，最近工作好累啊。」
這時候你在旁邊給出建議：「你應該學會把工作區分輕重緩急。」
這聽起來像是好心的建議，對吧？
但實際上，這種話裡隱含的意思是在指責對方：「你平常不會區分輕重緩急，所以才累成這樣。」
這樣的建議，往往帶著一種隱性的傲慢，
讓當事人心裡聽著特別煩，甚至感到被冒犯。",2025/1/2 05:04,"熱愛美食的台北人
不像雙子的雙子座
自媒體帶貨/小本創業諮詢",分手,business,
johntu99221,John Tu,"我們到了某個年紀，才會慢慢發現，
人生其實有很多東西，可有可無，可去可留。
一生很短，並沒有什麼真正的大徹大悟，
無非是步步錯，步步悟，邊走邊悟。
能夠治癒你的，從來都不是時間，
而是你心裡那份執著和釋懷！",2025/1/1 21:43,"熱愛美食的台北人
不像雙子的雙子座
自媒體帶貨/小本創業諮詢",分手,business,
johntu99221,John Tu,"人真的會變嗎？
我的回答是：
人當然會變，但人的底色不會變。
變的，是他學會了如何去保護自己。
一個特別容易覺得別人好的人，
別人稍微一點示好，
自己就願意靠近、付出，
在對方面前展示所有真實的樣子，
甚至毫無保留地掏出真心。
但這樣的人，也許可以無止盡地對你好，
卻只需要一次欺騙、算計，
或者感覺自己其實沒那麼重要時，
就會慢慢地拉開距離。
無論是親情、友情還是愛情，
大家都在說：真誠才是必殺技。
自己也曾認為，120%的真誠，是無堅不摧的利器。
但後來，有人告訴我：
真誠這張牌，加任何一張牌都是王牌，唯獨單出，是死牌。",2025/1/1 20:55,"熱愛美食的台北人
不像雙子的雙子座
自媒體帶貨/小本創業諮詢",分手,business,
johntu99221,John Tu,"問所有男生，一個很嚴肅的問題：
如果你對一個女生無條件地好，
又捨得為她花錢，
和異性之間有分寸，絕不與其他女生曖昧。
她發的每一條消息你都秒回，
她說的每一句話你都記在心裡，
並且想認真努力去做到。
那麼，請問，這樣的你，最後贏了嗎？",2025/1/1 20:46,"熱愛美食的台北人
不像雙子的雙子座
自媒體帶貨/小本創業諮詢",分手,business,
johntu99221,John Tu,"最不能碰的女生性格類型就是自私。
這種女生在愛你的時候，不是在裝，就是在演。
她只會在自己狀態良好、時間充足的時候愛你。
稍微遇到一點問題，逃避和冷暴力就是她的解決方式。
和你在一起，她只能接受你的好，
卻完全無法接受你任何的不好。
只要遇到一點挫折，她就會想要離開。
對她來說，愛情是一場權衡利弊的遊戲。
她處理事情的原則是，
你的存在必須有利於她，取悅於她。",2025/1/1 20:36,"熱愛美食的台北人
不像雙子的雙子座
自媒體帶貨/小本創業諮詢",分手,business,
johntu99221,John Tu,"窮人的孩子
他的成熟至少要晚10年，
因為他需要拿出一部分精力去體驗這個社會。
基本上，他是靠自己把自己養大的，
只不過呢，父母可能永遠都不知道，
他們的孩子憑一己之力在社會當中闖蕩。
要麼循規蹈矩，
最終成為像父母一樣的人；
要麼把自己徹底打碎，
重新學習人情世故和社會法則。
一點點地打磨自己，
一點點地重塑自己，
最終跳出世俗的約束，
重新定義成功。",2025/1/1 19:38,"熱愛美食的台北人
不像雙子的雙子座
自媒體帶貨/小本創業諮詢",分手,business,
johntu99221,John Tu,"在國外的科幻電影裡，經常會出現一個有趣的情節：主角被困在同一天，無限重生，不斷重複這一天。他們每天都嘗試不同的改變，直到最後恍然大悟，原來愛情、家庭或某些核心價值，才是人生的真諦。
其實，這樣的故事也可以對應到我們的現實生活。當你結束一段戀愛，認識一個新朋友，換一份新工作，這些經歷其實就像電影裡的那一天。你遇到的每一個人，都在潛移默化地影響你的性格和靈魂。
之前看到一句話，一個戀愛腦寫的，他說：
「在我們分手後，被你改變的那部分我，就會代替你，永遠站在我身邊。」
這句話的意思是，你經歷的每一件事，愛過的每一個人，聽過的每一首歌，都曾經在你的人生某個階段裡融入，塑造了現在的你。
所以，當你覺得生活美好，或是抱怨它糟糕時，實際上這些都是你自己一手塑造的結果。人生是你自己的作品，無論是好的，還是壞的，都是在朝著你選擇的方向前進。",2025/1/1 19:28,"熱愛美食的台北人
不像雙子的雙子座
自媒體帶貨/小本創業諮詢",分手,business,
johntu99221,John Tu,"我之前很疑惑，為什麼總說「男人至死是少年」，卻沒有「女人至死是少女」？
直到今天我看到的回答，他是這麼說的：
因為男人成年後，與「少年」這個詞斷得很乾淨，
所以偶爾的回首，才會迸發出一種驚嘆和懷念。
但女人這一生，卻總是在與「少女」這個詞反覆拉扯，
所以那份情感從未真正離開過她們的生命。
至於為什麼我們很少能碰到電影中那樣的「少年」呢？
因為男人的成長過程，就是一場與少年的徹底告別，
他們斬斷了羈絆，成為現實中的「大人」。
偶爾回頭，看到那個少年復活，才會短暫地懷念一下。
你試想一下：
如果一個25歲的男人送25歲的女朋友一件他10歲最喜歡的東西，
很可能會被嫌幼稚。
但如果一個25歲的女孩送25歲的男朋友他10歲時最喜歡的東西，
那卻是意外的浪漫，甚至充滿驚喜。
在你斬斷與少年羈絆之前，請好好享受青春吧。",2025/1/1 18:44,"熱愛美食的台北人
不像雙子的雙子座
自媒體帶貨/小本創業諮詢",分手,business,
johntu99221,John Tu,"只有經歷過不公平
才能明白公平的可貴",2024/12/31 18:20,"熱愛美食的台北人
不像雙子的雙子座
自媒體帶貨/小本創業諮詢",分手,business,
johntu99221,John Tu,"原生家庭不好的人，往往不愛回家，也不願意和家裡聯繫。
甚至很多人一看到父母就會感到焦慮，情緒失控。
表面上看，他們似乎脾氣壞、不孝順，甚至有些冷血。
但事實卻是，他們兒時經歷了太多的打壓與情感忽視。
在本應得到關愛、呵護和支持的年紀，
他們卻常年生活在負能量的環境中。
無條件地忍受家庭的壞情緒，
甚至那些連大人都無法消化的負面情緒，
他們卻只能默默承受，獨自扛下所有。
在這樣的成長經歷下，
他們長大後又怎能親近家人，又怎會愛回家？
如果換作是你，你會嗎？
所以，不是他們變得冷漠了，也不是他們不想家，
而是這個家早已不是避風港，
不是心靈的港灣。
對他們來說，這個家甚至成了痛苦的來源，令人窒息。
因此，我們一定要有意識地避免原生家庭不好的影響。
給自己的孩子一個溫暖的港灣，
不要讓悲劇重演。
孩子的開心，家庭的幸福，
比什麼都重要。",2024/12/31 15:30,"熱愛美食的台北人
不像雙子的雙子座
自媒體帶貨/小本創業諮詢",分手,business,
johntu99221,John Tu,"我覺得長大後學會的第一件事，就是要懂得有所保留。
以前，一遇到投緣的人，聊得來的人，
我就忍不住掏心掏肺，
把自己所有的事情
好的壞的
全都交代得乾乾淨淨。
因為我以為，這叫真誠，可以打動對方。
但我根本不知道，交出去的軟肋，
有一天可能會成為刺向自己最鋒利的那把匕首。
後來我吃了虧，才明白，
毫不保留的不是真誠，是真傻。
真正志同道合的人，
從來不需要你刻意討好。
因為討好來的，不是真正欣賞你的人。
真正能欣賞你的人，
永遠欣賞的，
是你驕傲的樣子，
而不是你討好的樣子。",2024/12/31 06:03,"熱愛美食的台北人
不像雙子的雙子座
自媒體帶貨/小本創業諮詢",分手,business,
johntu99221,John Tu,"你在給我一顆糖的時候，
別人給了我一塊蛋糕。
但是我沒有要。
我不後悔沒要那塊蛋糕，
我後悔的是，
我以為那顆糖，
它會一直甜。
情感文案",2024/12/31 03:28,"熱愛美食的台北人
不像雙子的雙子座
自媒體帶貨/小本創業諮詢",分手,business,
johntu99221,John Tu,"我們都生活在
一個不太如意的世界裡。
誤解有時比理解更多。
既然如此，孤獨，
就成了我們理解自己的時刻。
所有的平和、堅定與從容，
都是在這樣的時候學會的。
孤獨是我們的必修課，
祝願你我，都能早日及格。",2024/12/31 02:59,"熱愛美食的台北人
不像雙子的雙子座
自媒體帶貨/小本創業諮詢",分手,business,
johntu99221,John Tu,"讓你害怕的
其實不是別人的評判
而是你認同了
那些評判
然後帶著那些評判
來攻擊自己",2024/12/31 00:10,"熱愛美食的台北人
不像雙子的雙子座
自媒體帶貨/小本創業諮詢",分手,business,
johntu99221,John Tu,"被綠的感覺就像
1000元掉進糞坑
撿了噁心
不撿可惜
就算撿回手上
你會想辦法花掉，
最終會很快的交到別人手中",2024/12/30 23:59,"熱愛美食的台北人
不像雙子的雙子座
自媒體帶貨/小本創業諮詢",分手,business,
johntu99221,John Tu,"男生成熟的標誌之一，是擇偶觀的變化。
年少時，他們相信真誠能換來真心；
而成熟後，他們開始注重現實、事業與責任。
他們明白，合適、尊重和情緒穩定，
才是愛情中最寶貴的品質。
相比於短暫的浪漫，他們更追求長久的踏實。
成熟的男人，更喜歡結果累累的樹，
而不是迷人的花。",2024/12/30 18:29,"熱愛美食的台北人
不像雙子的雙子座
自媒體帶貨/小本創業諮詢",分手,business,
johntu99221,John Tu,"這是我的主頁個人簡介
不賣課，不割韭菜
歡迎各路高手或團隊來合作
我們不收學費培訓素人直到成為高手！
只想提供不用投錢就能翻身的賺錢機會
我經營自媒體一年了，
如果你真的欠缺一個機會
為什麼不提起勇氣來問看看？
創業日記 流量密碼",2024/12/30 15:39,"熱愛美食的台北人
不像雙子的雙子座
自媒體帶貨/小本創業諮詢",分手,business,
johntu99221,John Tu,"是人都會犯錯，
所以鉛筆的另外一頭是橡皮。
如果鉛筆還沒有用完。
橡皮已經沒了，
代表你已經錯太多了。
到後來鉛筆換成了鋼筆，
說明小時候做錯事可以改。
長大了，
要為自己做錯的事負責。",2024/12/30 15:31,"熱愛美食的台北人
不像雙子的雙子座
自媒體帶貨/小本創業諮詢",分手,business,
johntu99221,John Tu,"其實，越是善良的人，到最後越是無情。
因為該做的他都做了，該忍的他也都忍了。
他掏心掏肺，不貪心，不圖錢。
一路走來，仁至義盡，問心無愧。
可到最後，他非但沒有得到認可與回應，
反而換來了得寸進尺和變本加厲。
他不虧欠任何人，所以也沒什麼好遺憾的。
曾經對別人好到盡心盡力，
現在也可以心安理得地無情無義。",2024/12/30 03:00,"熱愛美食的台北人
不像雙子的雙子座
自媒體帶貨/小本創業諮詢",分手,business,
johntu99221,John Tu,"人應該擁有反派心態
反派常被視為邪惡象徵，但他們的心態卻蘊含著值得借鑒的力量。
1. 明確目標感
反派總是知道自己想要什麼，並為之不懈努力。相比之下，許多人迷茫而無所作為。學會設定清晰目標，才能更接近成功。
2. 勇於突破規則
反派敢於挑戰傳統，打破框架。他們的創新思維提醒我們，成功往往來自勇氣與突破。
3. 強大心理承受力
反派面對挫折不輕言放棄，總能從困境中站起來。這種堅韌是我們應該學習的，人生需要抗壓與適應能力。
4. 不懼他人評價
反派專注於自己的信念，不被世俗評價所困。若我們能果敢而堅定，就能活得更自由。
5. 執著與行動力
反派的執著令人敬佩，他們用行動證明自己的信念。生活中，只有真正投入，才能創造改變。
擁有反派心態，不是選擇邪惡，而是學習他們的勇氣、堅韌與果斷。當我們掌握這種智慧，才能在複雜的世界中活得更強大。",2024/12/30 02:51,"熱愛美食的台北人
不像雙子的雙子座
自媒體帶貨/小本創業諮詢",分手,business,
johntu99221,John Tu,"不要去羨慕別人，
因為每個人都有每個人的難，
每個人都有每個人的苦。
只不過別人願意把自己的毛坯人生，
P成精裝的朋友圈而已。",2024/12/30 01:41,"熱愛美食的台北人
不像雙子的雙子座
自媒體帶貨/小本創業諮詢",分手,business,
johntu99221,John Tu,"童年缺愛的人，一生都在戒這兩種癮：
一是極度渴望找到自己的精神寄託。
他們想要有人能一直陪在自己身邊，伴侶成了最好的安全感來源和愛意索取對象。
但這種人往往有著極強的控制欲，
24小時都想確認對方的愛意與陪伴，
這樣的行為卻很容易把對方嚇跑。
二是過度補償自己。
比如沉迷網購、遊戲，或是控制不住地囤積零食，
把小時候渴望卻未曾擁有的東西在長大後盡力補償給自己。
原生家庭不好缺愛的人，千萬不要責怪自己。
不管你是過度補償，還是對情感有著超強需求，
這些都是因為內心那個小孩，曾經未被好好滿足。
學會愛自己，讓自己的精神富足，
才能重新養育那個過去未被呵護的自己。",2024/12/30 00:31,"熱愛美食的台北人
不像雙子的雙子座
自媒體帶貨/小本創業諮詢",分手,business,
johntu99221,John Tu,"最害怕的三件事
1：害怕嫁給像父親那樣的男人
2：害怕變成像母親那樣
3：害怕自己的孩子像自己小時候一樣",2024/12/29 18:18,"熱愛美食的台北人
不像雙子的雙子座
自媒體帶貨/小本創業諮詢",分手,business,
johntu99221,John Tu,"時間不回頭，人生沒有如果，
生活只要適合自己的，就是最好的。",2024/12/29 17:22,"熱愛美食的台北人
不像雙子的雙子座
自媒體帶貨/小本創業諮詢",分手,business,
johntu99221,John Tu,"年輕人創業
很建議搞輕資產創業
不要多、不要借
重點是失敗了不要負債累累
像是跟我們合作
我們北、中、南都有實體店面、辦公室
無需囤貨、也不用包貨寄貨
連一萬的金額都不需要投資到
如果配合我們做不起來
還會全款退回
網路上很多機會
是機會還是誤會大家務必小心
（但凡不讓你投入身家的
才能夠真正讓你賺錢）
陌生人，一起加油👏
創業日記 流量密碼",2024/12/28 22:34,"熱愛美食的台北人
不像雙子的雙子座
自媒體帶貨/小本創業諮詢",分手,business,
johntu99221,John Tu,"第一性原理到底是什麼？
馬斯克經常提到的第一性原理，本質上是一種從最基本事實和規律出發，解構問題、尋求解決方案的思維方式。它強調跳脫習慣性思維，回歸事物的核心本質。
家庭的第一性原理是經濟，而不是感情。
職場的第一性原理是價值，而不是努力。
教育的第一性原理是培養能力，而不是追求分數。
健康的第一性原理是自律，而不是醫療。
創業的第一性原理是創造需求，而不是爭奪存量。
投資的第一性原理是規避風險，而不是高回報。
養老的第一性原理是提前規劃，而不是依賴子女。
總結來說，第一性原理是一種幫助我們聚焦事物本質的強大工具。當你能運用這種思維方式，就能更高效地解決問題，過上更理性且有掌控感的人生。",2024/12/28 19:47,"熱愛美食的台北人
不像雙子的雙子座
自媒體帶貨/小本創業諮詢",分手,business,
johntu99221,John Tu,"你若計較，雞毛蒜皮也能傷你；
你若釋懷，風風雨雨也不畏懼。
人生是認真與看淡，
也是執著與勇敢。
凡事盡心盡力，
而後順其自然。",2024/12/28 18:30,"熱愛美食的台北人
不像雙子的雙子座
自媒體帶貨/小本創業諮詢",分手,business,
johntu99221,John Tu,"其實最難過的不是分手吧。
是發現分手以後對方過得還挺好的。
快有了新對象新生活，而自己還活在過去。
常常夢到對方，醒來以後怅然若失。
感覺特別對不起自己，把生活過得一團糟。
學會裝作無所謂，直到真的無所謂。
我明明那麼善良。
我明明應該被珍惜。
失去都是相互的。
人都不怕，我怕什麼。
從此以後，好好生活。
好好愛自己。",2024/12/28 17:09,"熱愛美食的台北人
不像雙子的雙子座
自媒體帶貨/小本創業諮詢",分手,business,
johntu99221,John Tu,"走近一個人的時候要慢一點，以免看不清，
離開一個人的時候要快一點，以免捨不得。",2024/12/28 15:44,"熱愛美食的台北人
不像雙子的雙子座
自媒體帶貨/小本創業諮詢",分手,business,
johntu99221,John Tu,"國家有錢，別國不敢放炮，
家裡有錢，別人不敢嘲笑。
老人有錢，兒女爭著盡孝
兒女有錢，老人會格外關照。
老公有錢，老婆盡情炫耀。
老婆有錢，老公忠實可靠。
小孩有錢呢，他既不哭也不鬧。
所以說，努力賺錢才是王道，
你們說對不對？
賺錢",2024/12/28 03:29,"熱愛美食的台北人
不像雙子的雙子座
自媒體帶貨/小本創業諮詢",分手,business,
johntu99221,John Tu,"我用了30多年才明白一個道理，
原來懂事、聽話、老實、好說話，並不是什麼好事，
反而是別人拿捏你的資本。
相反的，
如果你無情無義，無理取鬧，胡攪蠻纏，反咬一口，
別人就欺負不了你。
這世間總是讓懂事的人承受更多，
脾氣好的都在受氣，
善解人意的都在體諒，
會照顧人的沒人照顧，
會哭鬧的有糖吃，
那些懂事的人反而沒人心疼！",2024/12/28 02:03,"熱愛美食的台北人
不像雙子的雙子座
自媒體帶貨/小本創業諮詢",分手,business,
johntu99221,John Tu,"自媒體到底在幹嘛的呢？
第一 創造好的流量
任何行業只要需要客人的都需要流量
有流量有生意 沒流量沒生意
第二 項目
好的流量X爛的產品跟項目=賺一次錢
好的流量X好的產品=產生轉介紹跟複購產品
 =賺長久的錢
第三 找到各行各業人才產生合作的效益
留不住人才現在成功以後也不成功
找到好人才現在不成功以後也成功
大家有什麼見解呢？歡迎討論
如果想一起搞搞 也歡迎私訊
我有團隊可以處理
自媒體教學 腳本設計 藏鏡人 剪輯都行",2024/12/27 21:21,"熱愛美食的台北人
不像雙子的雙子座
自媒體帶貨/小本創業諮詢",分手,business,
johntu99221,John Tu,"放下一個人，
就是要從不聯繫開始，
就算再難受再痛苦，
也要忍住。
瞬間的心如刀絞，
轉眼間的如釋重負，
就忍住那麼3天，
一個星期，一個月，
半年一年之後，
你就會發現，
曾經那麼渴望想見的人，
如今卻連話都不想跟她說了。
時間會沈澱很多不值得的人和事，
很遺憾，也很無奈。
分手",2024/12/27 20:28,"熱愛美食的台北人
不像雙子的雙子座
自媒體帶貨/小本創業諮詢",分手,business,
johntu99221,John Tu,"他人建立關係的正確順序
先展示力量和價值
再表明原則和底線
最後傳遞友善
很多人順序搞反了",2024/12/27 19:44,"熱愛美食的台北人
不像雙子的雙子座
自媒體帶貨/小本創業諮詢",分手,business,
johntu99221,John Tu,"努力不是為了感動誰，
也不是做給誰看，
而是讓自己隨時有能力跳出厭惡的圈子，
並且有選擇的權利。",2024/12/27 17:56,"熱愛美食的台北人
不像雙子的雙子座
自媒體帶貨/小本創業諮詢",分手,business,
johntu99221,John Tu,"本人經營短影音
公司不到一年的時間
市場極大！
1月份，徵2-3個工作夥伴
不影響原本生活，
每個月能幫自己加薪2-5萬，
正職的話5-10萬/月，
認真配合我那種！讓你年薪百萬。
創業日記 流量密碼",2024/12/27 08:51,"熱愛美食的台北人
不像雙子的雙子座
自媒體帶貨/小本創業諮詢",分手,business,
johntu99221,John Tu,"15秒看穿一個人
第一點
在人群中最安靜的一個人，往往他最有實力。他們低調內斂，但常常擁有超乎想像的能力。
第二點
愛撩髒話的人，其實內心充滿恐懼。他們用粗暴的語言掩蓋自己的不安。
第三點
嘴唇左邊向上撩的人是假象，因為臉部74%的真實感受通常會在右臉暴露。觀察右臉更能看穿情緒。
第四點
愛翹二郎腿的人，目標明確且自信。他們做事果斷雷厲風行，擅長掌控局面。
第五點
說話時喜歡直視對方眼睛的人，戒備心很強。與這類人相處，要避免過度熱情，更不要隨意開玩笑，以免引起反感。",2024/12/27 08:04,"熱愛美食的台北人
不像雙子的雙子座
自媒體帶貨/小本創業諮詢",分手,business,
johntu99221,John Tu,"不愉快的時候就吃個披薩，
他也許會欺騙你，
但是披薩不會欺騙你，
因為披薩有6片和8片，
唯獨沒有7片。
美食日記",2024/12/27 04:17,"熱愛美食的台北人
不像雙子的雙子座
自媒體帶貨/小本創業諮詢",分手,business,
johntu99221,John Tu,"如果你真想跟一個人對抗，
你就得笑，越笑還擊力度越大。
真誠不是為了交換，
而是用來篩選，
你越真誠越知道誰不真誠。",2024/12/27 02:12,"熱愛美食的台北人
不像雙子的雙子座
自媒體帶貨/小本創業諮詢",分手,business,
johntu99221,John Tu,"減肥就像一場愛情，
開始時充滿熱情，
中途懷疑人生，
最後還是回到老本行——吃🤤",2024/12/26 22:43,"熱愛美食的台北人
不像雙子的雙子座
自媒體帶貨/小本創業諮詢",分手,business,
johntu99221,John Tu,"徵。夥伴
來跟我合作無店鋪早餐市場
我要帶著跟我一樣肯學習的朋友
一個能夠累積月收入6位數以上的收入
是必須趁早開始做累積
想了解私訊我IG
徵才",2024/12/26 19:20,"熱愛美食的台北人
不像雙子的雙子座
自媒體帶貨/小本創業諮詢",分手,business,
johntu99221,John Tu,"你長得不像你的目標
你只會長得像你的習慣
努力是最誠實的反應。",2024/12/26 16:17,"熱愛美食的台北人
不像雙子的雙子座
自媒體帶貨/小本創業諮詢",分手,business,
johntu99221,John Tu,"你拒絕，別人就知道了你的底線。
你表達，別人就知道了你的觀點。
你爭取，別人就知道了你的需求。",2024/12/26 14:44,"熱愛美食的台北人
不像雙子的雙子座
自媒體帶貨/小本創業諮詢",分手,business,
johntu99221,John Tu,"毒雞湯洗腦的可怕
1.凡事想努力，方向錯了越做越累
2.金錢想著金錢帶不走的人
那是因為錢不夠多
3.笑的人運氣不會太差
人如果運氣差還笑的出來嗎
4.時間會治癒一切，
那只是你不想面對一切的結果",2024/12/26 13:08,"熱愛美食的台北人
不像雙子的雙子座
自媒體帶貨/小本創業諮詢",分手,business,
johntu99221,John Tu,"請把自己永遠放在第一位1️⃣
-記住：關你屁事、關我屁事
-身體不舒服多睡覺
-精神不舒服多看書
-刪除過的人不加第二回
-放棄的人不愛第二次
-離開的人不看第二眼",2024/12/26 04:48,"熱愛美食的台北人
不像雙子的雙子座
自媒體帶貨/小本創業諮詢",分手,business,
johntu99221,John Tu,"現在大環境年輕人的出路在哪?
​
​
高級玩法：繼承家業、靠爸靠媽
鐵人三項：送外賣、計程車、跑物流
肝帝玩法：拼學歷、進園區
吉祥三寶：保安、保潔、保姆
穩定玩法：考國考、進銀行、當社工
博命玩法：創業
命運之子：自媒體
​
其實全力投入自媒體，也就是一種創業了",2024/12/26 02:39,"熱愛美食的台北人
不像雙子的雙子座
自媒體帶貨/小本創業諮詢",分手,business,
johntu99221,John Tu,"覺得人生沒希望了嗎？
其實
你已經很努力撐過很多難關了
只是現在真的累了。
先別急著想太多
試著做一件最簡單的事：
喝杯水，拉開窗簾，讓陽光進來。
或者
打電話給一個你信任的人
哪怕只說一句：「我現在很不好。」
「希望」有時候不是自己找到的
而是別人幫你重新點燃的。
記住
你不是一個人
你的感覺也不是永遠的。
再撐一下
或許明天會有不一樣的風景。
我永遠都在",2024/12/25 21:13,"熱愛美食的台北人
不像雙子的雙子座
自媒體帶貨/小本創業諮詢",分手,business,
johntu99221,John Tu,"你不需要：
	•	取消 Netflix
	•	停止外出
	•	刪除社群媒體
你需要：
	•	早起
	•	建立日常規律
	•	專注於目標
只要6個月的自律，就能改變一切！
你就會領先 99% 的人！",2024/12/25 17:35,"熱愛美食的台北人
不像雙子的雙子座
自媒體帶貨/小本創業諮詢",分手,business,
johntu99221,John Tu,"我的時間和精力很寶貴， 
不是每個人都值得我真心對待。
這一路走來，我學會了好好珍惜自己， 
也看清了很多人就算你對他真心， 
他還是會覺得你有所圖。
我喜歡一個人待著，安靜地整理思緒
更喜歡和懂得互相尊重、有溫度的人交往， 
而不是那些把你的真心當成算計的人。
我不是冷漠，只是懂得把心留給值得的人， 
而不是浪費在不懂珍惜、還疑神疑鬼的人身上。",2024/12/25 06:51,"熱愛美食的台北人
不像雙子的雙子座
自媒體帶貨/小本創業諮詢",分手,business,
johntu99221,John Tu,"抄襲是學習成功者經驗的捷徑。
模仿可以幫助我們少走彎路，快速找到方向。
許多企業起步時，都是從模仿開始。
成功的商業模式經過本地化後，能快速落地。
站在巨人的肩膀上，是事半功倍的策略。
但抄襲並非單純複製，需要深刻理解其邏輯。
模仿的基礎上，加入創新，才能走得更遠。
抄襲是起點，創新才是長久成功的關鍵。
透過模仿抓住機會，再創造屬於自己的價值。
快速成功可以借鑒，但穩固成功靠創新。",2024/12/25 05:29,"熱愛美食的台北人
不像雙子的雙子座
自媒體帶貨/小本創業諮詢",分手,business,
johntu99221,John Tu,幫助別人不需要多偉大的舉動，或許只是一次傾聽、一句關心，就能溫暖人心。在這個快速運轉的世界，每個人都在經歷自己的困難，善良的舉動能點亮他人一天，甚至改變一生。同時，幫助他人也是幫助自己，讓內心更加豐盈。不是因為我們有多強，而是因為我們懂得這個世界需要更多溫暖與愛。每一份支持都是力量，做那個傳遞光亮的人，或許你就是別人生命中的希望。,2024/12/25 03:06,"熱愛美食的台北人
不像雙子的雙子座
自媒體帶貨/小本創業諮詢",分手,business,
johntu99221,John Tu,沒有人能永遠站在高峰，但也沒有人會永遠停在低谷。時間會給努力的人答案。,2024/12/24 19:51,"熱愛美食的台北人
不像雙子的雙子座
自媒體帶貨/小本創業諮詢",分手,business,
johntu99221,John Tu,"聽說在Threads上可以徵人
￼目前經營短影音公司一年多的時間
市場還是超極大
徵5個工作夥伴
不影響原本的生活
兼職能幫自己加薪2-3萬
認真配合我的那種 無經驗可
不限地區 不限男女
（不是應徵剪輯師 不是企劃撰寫 要看清楚）
留言或私訊IG",2024/12/24 16:40,"熱愛美食的台北人
不像雙子的雙子座
自媒體帶貨/小本創業諮詢",分手,business,
ysza_12,𝙇𝙮𝙨𝙯𝙖⁸,"如果再重來一次，
我一定會避開所有造成我們分手的事情",2026/1/4 16:51,你敢堅定的選我 我就敢回頭,分手,pass,
ysza_12,𝙇𝙮𝙨𝙯𝙖⁸,"我是一個
有分離焦慮的小朋友
需要很多很多的愛。",2026/1/4 13:41,你敢堅定的選我 我就敢回頭,分手,pass,
ysza_12,𝙇𝙮𝙨𝙯𝙖⁸,寶寶如果以後我們分開了，你想我了，反悔了的話，就在主頁打我名字的縮寫，不好意思的話就打一個。句號，我答應你，只要我看到，我就會回去找你 好嗎,2026/1/1 21:35,你敢堅定的選我 我就敢回頭,分手,pass,
ysza_12,𝙇𝙮𝙨𝙯𝙖⁸,"那就分開一段時間試試吧
如果你沒有選擇新的
我也依然喜歡你
默默等著你
我們經歷了分開
兜兜轉轉後重逢
這不是重蹈覆轍
而是浪漫",2026/1/1 21:02,你敢堅定的選我 我就敢回頭,分手,pass,
ysza_12,𝙇𝙮𝙨𝙯𝙖⁸,"愛你的人不一定等你
但等你的人一定很愛你",2026/1/1 18:38,你敢堅定的選我 我就敢回頭,分手,pass,
ysza_12,𝙇𝙮𝙨𝙯𝙖⁸,"笨蛋。真正愛你的人
是不會讓你帶著情緒睡覺的",2025/12/28 22:42,你敢堅定的選我 我就敢回頭,分手,pass,
ysza_12,𝙇𝙮𝙨𝙯𝙖⁸,"落差感
真的會殺死我..",2025/12/28 21:39,你敢堅定的選我 我就敢回頭,分手,pass,
ysza_12,𝙇𝙮𝙨𝙯𝙖⁸,"分不清是地震完在暈
還是
看到他好暈了💕",2025/12/27 23:47,你敢堅定的選我 我就敢回頭,分手,pass,
ysza_12,𝙇𝙮𝙨𝙯𝙖⁸,"噢幹我真的要跟你們分享一件我超暈的事，
昨天我坐在我男朋友的旁邊，然後他摟著我的腰，反正就是他講了幾句很欠揍的話，我就假裝要走，結果他手突然收力把我攬回來說：「還想跑？」
幹！！？？？？誰懂啊這真的超暈超暈",2025/12/27 13:46,你敢堅定的選我 我就敢回頭,分手,pass,
biggingin,biggingin,"我問ChatGPT 要不要分手
他說出一段話讓我直接淚崩
最重要的事：不論結果如何，做一個對得起自己的決定。愛情的結束並不可怕，真正值得害怕的是，持續在一段讓你無法感到幸福的關係中消耗自己。
我真的很害怕結束6年的感情
我沒有勇氣提起分手",2024/11/18 09:32,為情所困的女子,分手,pass,
biggingin,biggingin,"當廠商上傳限時動態被我看到…
限時動態是他正在搶救我們影片的記憶卡",2024/11/11 09:28,為情所困的女子,分手,pass,
biggingin,biggingin,"這改善方法他媽的有病啊！？
應該叫廠商不要再遲到才對吧😳",2024/11/8 09:18,為情所困的女子,分手,pass,
biggingin,biggingin,"現在台北捷運都在宣導兩邊手扶梯都可以站立
好奇真的有人在通勤時間站左邊嗎？
（我不敢）",2024/11/7 17:37,為情所困的女子,分手,pass,
biggingin,biggingin,"請問在台北生活
月薪3萬4，實領3萬2左右
有三個專案在身上是合理的嗎？
有一個是明年度全新的專案
小女子我今年大學剛畢業
工作經驗0🙃
很好奇老闆把全新的專案交給我
都不怕搞砸嗎🫠",2024/11/5 16:28,為情所困的女子,分手,pass,
biggingin,biggingin,"我是個擔小的卒仔！
只敢開小帳討論人生、感情、工作問題！",2024/11/5 16:25,為情所困的女子,分手,pass,
quotes_takenotes,筆記語錄,"和交往3年的人分手的時候
我以為再也遇不到能讓我這麼喜歡的人了
結果完全有",2024/7/4 12:19,"立即追蹤看更多隱藏語錄
👇🏻👇🏻👇🏻👇🏻👇🏻👇🏻👇🏻",分手,non_life,
quotes_takenotes,筆記語錄,"當你開始要花自己的錢養活自己時
才發現
靠北自己真的超貴的",2024/7/3 12:24,"立即追蹤看更多隱藏語錄
👇🏻👇🏻👇🏻👇🏻👇🏻👇🏻👇🏻",分手,non_life,
quotes_takenotes,筆記語錄,女朋友就是這麼可愛🥰,2024/7/2 14:53,"立即追蹤看更多隱藏語錄
👇🏻👇🏻👇🏻👇🏻👇🏻👇🏻👇🏻",分手,non_life,
quotes_takenotes,筆記語錄,"是不是說中了🤣
tag你家另一半來看",2024/7/1 13:51,"立即追蹤看更多隱藏語錄
👇🏻👇🏻👇🏻👇🏻👇🏻👇🏻👇🏻",分手,non_life,
kixnacx,kixnacx,有毒的關係就是 分手很難過 但可以明顯感覺到那個窒息的感覺消失了,2025/8/24 05:10,爱是下意识的惦记,分手,not_enough_posts,
kixnacx,kixnacx,你這不是愛自己 你就只是自私而已,2025/8/14 09:11,爱是下意识的惦记,分手,not_enough_posts,
qee_1133,qee_1133,真神奇 ㄧ分手脆的文就自動轉換成失戀模式,2025/10/14 18:44,,分手,not_enough_posts,
haungwilly,黃文力🔝帝富團隊創始人🥇DIFFER,"現在很多人的想法就是
累了就分手
有磨合就分手
有矛盾了就要分手
總想著下個會更好
但兩個人在一起本來就會遇到很多問題
更不是換了人就不會出現問題
兩個人要在一起就應該一起面對問題...",2025/9/18 18:20,"命理諮詢🔮 感情/事業/財運/健康/流年
陽宅佈局🏠 居家/辦公室/吉時擇日/店面
八字教學📖 四位數學到會/北中南皆有教室/可線上學習📖
姓名更改🙏🏻 新生兒取名/公司取名/姓名更改",分手,business,
haungwilly,黃文力🔝帝富團隊創始人🥇DIFFER,"自私的人他不可能理解別人
從不反思自己也不考慮別人感受
把自己的好無限放大
把別人對他的好無限縮小
遇到這種人一定要馬上遠離....",2025/9/17 20:35,"命理諮詢🔮 感情/事業/財運/健康/流年
陽宅佈局🏠 居家/辦公室/吉時擇日/店面
八字教學📖 四位數學到會/北中南皆有教室/可線上學習📖
姓名更改🙏🏻 新生兒取名/公司取名/姓名更改",分手,business,
haungwilly,黃文力🔝帝富團隊創始人🥇DIFFER,"人生最大的報應
就是婚姻.....
有一天你會發現
一切都是因果
遇到對的人就是善報
遇到錯的人就是惡報",2025/9/16 21:25,"命理諮詢🔮 感情/事業/財運/健康/流年
陽宅佈局🏠 居家/辦公室/吉時擇日/店面
八字教學📖 四位數學到會/北中南皆有教室/可線上學習📖
姓名更改🙏🏻 新生兒取名/公司取名/姓名更改",分手,business,
haungwilly,黃文力🔝帝富團隊創始人🥇DIFFER,"人通常都很清楚答案
但還是很想聽聽
聽你會怎麼騙我.....",2025/9/16 18:26,"命理諮詢🔮 感情/事業/財運/健康/流年
陽宅佈局🏠 居家/辦公室/吉時擇日/店面
八字教學📖 四位數學到會/北中南皆有教室/可線上學習📖
姓名更改🙏🏻 新生兒取名/公司取名/姓名更改",分手,business,
haungwilly,黃文力🔝帝富團隊創始人🥇DIFFER,"當這首歌出現
就是在提醒你該放手
憑什麼你回頭 我就要在身後
需要你的時候 你都不在我左右.....",2025/9/16 13:05,"命理諮詢🔮 感情/事業/財運/健康/流年
陽宅佈局🏠 居家/辦公室/吉時擇日/店面
八字教學📖 四位數學到會/北中南皆有教室/可線上學習📖
姓名更改🙏🏻 新生兒取名/公司取名/姓名更改",分手,business,
haungwilly,黃文力🔝帝富團隊創始人🥇DIFFER,"其實分手 甚至離婚一點都不可怕
可怕的是讓你再也不敢相信人性
摧毀了你愛別人的能力….",2025/9/14 18:45,"命理諮詢🔮 感情/事業/財運/健康/流年
陽宅佈局🏠 居家/辦公室/吉時擇日/店面
八字教學📖 四位數學到會/北中南皆有教室/可線上學習📖
姓名更改🙏🏻 新生兒取名/公司取名/姓名更改",分手,business,
haungwilly,黃文力🔝帝富團隊創始人🥇DIFFER,"不刪掉他 內耗會把你殺掉
刪除了他 思念也會殺了你
其實有一天你一定會想通
再愛也該放下了.....
原來合適比喜歡更重要",2025/9/13 21:28,"命理諮詢🔮 感情/事業/財運/健康/流年
陽宅佈局🏠 居家/辦公室/吉時擇日/店面
八字教學📖 四位數學到會/北中南皆有教室/可線上學習📖
姓名更改🙏🏻 新生兒取名/公司取名/姓名更改",分手,business,
haungwilly,黃文力🔝帝富團隊創始人🥇DIFFER,"不要懷疑
兩個人突然的斷聯
一定是有個人替代了你.
我也想問問
有沒有那麼一瞬間
會覺得自己愛過的人真的很噁心....",2025/9/13 19:34,"命理諮詢🔮 感情/事業/財運/健康/流年
陽宅佈局🏠 居家/辦公室/吉時擇日/店面
八字教學📖 四位數學到會/北中南皆有教室/可線上學習📖
姓名更改🙏🏻 新生兒取名/公司取名/姓名更改",分手,business,
haungwilly,黃文力🔝帝富團隊創始人🥇DIFFER,"談感情就是一場因果修行
你怎麼對別人 
就會有個人出現用同樣方式回應你
所以玩弄感情的人
最後肯定會被別人玩弄
如果你在一段感情真誠付出
卻遇人不淑 內心受傷
但請放心
情關過後必走大運
將會有個人穿越人海
帶著雙倍的溫柔來愛你",2025/9/12 18:18,"命理諮詢🔮 感情/事業/財運/健康/流年
陽宅佈局🏠 居家/辦公室/吉時擇日/店面
八字教學📖 四位數學到會/北中南皆有教室/可線上學習📖
姓名更改🙏🏻 新生兒取名/公司取名/姓名更改",分手,business,
haungwilly,黃文力🔝帝富團隊創始人🥇DIFFER,"不要迷戀男人
把重心放在自己身上
變好變美變漂亮
男人就會迷戀妳
記住
形象一變市場一片",2025/9/11 21:07,"命理諮詢🔮 感情/事業/財運/健康/流年
陽宅佈局🏠 居家/辦公室/吉時擇日/店面
八字教學📖 四位數學到會/北中南皆有教室/可線上學習📖
姓名更改🙏🏻 新生兒取名/公司取名/姓名更改",分手,business,
haungwilly,黃文力🔝帝富團隊創始人🥇DIFFER,"分手了真的不用太傷心
因為離開的人根本就不識貨
他錯過了妳是他的損失
你更可以放心
在你這是垃圾到別人手上也不會變黃金
記住
有些人的離開是在救你
你真的無須糾結",2025/9/11 18:50,"命理諮詢🔮 感情/事業/財運/健康/流年
陽宅佈局🏠 居家/辦公室/吉時擇日/店面
八字教學📖 四位數學到會/北中南皆有教室/可線上學習📖
姓名更改🙏🏻 新生兒取名/公司取名/姓名更改",分手,business,
haungwilly,黃文力🔝帝富團隊創始人🥇DIFFER,"女人們相信我
好的伴侶是妳一生的救贖
結婚晚點真的沒關係
當那對的人出現
真的會把妳生命的黑暗照亮
結婚的意義
在家廚房有煙火
在外奔波有牽掛
互相理解能溝通
生活相依有包容",2025/9/10 20:18,"命理諮詢🔮 感情/事業/財運/健康/流年
陽宅佈局🏠 居家/辦公室/吉時擇日/店面
八字教學📖 四位數學到會/北中南皆有教室/可線上學習📖
姓名更改🙏🏻 新生兒取名/公司取名/姓名更改",分手,business,
haungwilly,黃文力🔝帝富團隊創始人🥇DIFFER,"心裡如果還放不下她
就不要開始新的感情
因為那是對下一段感情的不公平
沒人會介意自己愛的人愛過別人
但肯定介意愛的人還愛著那個人...",2025/9/9 21:37,"命理諮詢🔮 感情/事業/財運/健康/流年
陽宅佈局🏠 居家/辦公室/吉時擇日/店面
八字教學📖 四位數學到會/北中南皆有教室/可線上學習📖
姓名更改🙏🏻 新生兒取名/公司取名/姓名更改",分手,business,
haungwilly,黃文力🔝帝富團隊創始人🥇DIFFER,"人生的另一半如果選錯
你將嚐盡人間苦楚
其實相貌和財富真的不重要
而是他的人品 他的擔當
更是原生家庭刻在骨子裡的教養
選擇對的人真的很重要
有的人會成為你餘生的光
有的人會把你的燈給吹滅
記住
餘生要和能讓你笑的人在一起",2025/9/9 18:14,"命理諮詢🔮 感情/事業/財運/健康/流年
陽宅佈局🏠 居家/辦公室/吉時擇日/店面
八字教學📖 四位數學到會/北中南皆有教室/可線上學習📖
姓名更改🙏🏻 新生兒取名/公司取名/姓名更改",分手,business,
haungwilly,黃文力🔝帝富團隊創始人🥇DIFFER,"真正的愛情不是利益的交換
而是真誠與真心的互換
愛是付出 是包容 是雙向奔赴
更是不經意的惦記",2025/9/9 12:07,"命理諮詢🔮 感情/事業/財運/健康/流年
陽宅佈局🏠 居家/辦公室/吉時擇日/店面
八字教學📖 四位數學到會/北中南皆有教室/可線上學習📖
姓名更改🙏🏻 新生兒取名/公司取名/姓名更改",分手,business,
haungwilly,黃文力🔝帝富團隊創始人🥇DIFFER,"孩子需要一個照顧他的媽媽
丈夫需要一個關心他的老婆
婆婆需要一個孝順她的媳婦
老闆需要一個有業績的業務
自己的時間越來越少
身體的疲憊感卻越來越多
以前會買的東西沒了慾望
家庭責任感也越來越重
為每一位奮鬥努力的妻子致敬",2025/9/8 19:41,"命理諮詢🔮 感情/事業/財運/健康/流年
陽宅佈局🏠 居家/辦公室/吉時擇日/店面
八字教學📖 四位數學到會/北中南皆有教室/可線上學習📖
姓名更改🙏🏻 新生兒取名/公司取名/姓名更改",分手,business,
haungwilly,黃文力🔝帝富團隊創始人🥇DIFFER,"不要再一昧的付出甚至自我感動．．．
人和人之間長久且舒服的關係
靠的是共性和吸引
記住
雙向奔赴才有意義
得不到回應 那叫犯賤......",2025/9/7 21:49,"命理諮詢🔮 感情/事業/財運/健康/流年
陽宅佈局🏠 居家/辦公室/吉時擇日/店面
八字教學📖 四位數學到會/北中南皆有教室/可線上學習📖
姓名更改🙏🏻 新生兒取名/公司取名/姓名更改",分手,business,
haungwilly,黃文力🔝帝富團隊創始人🥇DIFFER,"不要去和有一堆異性可以選擇的人交往
因為就算他選擇和妳在一起
看起來你脫穎而出了
實際上你只是他池塘裡最大的魚
但你們在一起之後 他的魚塘有解散嗎？",2025/9/7 18:19,"命理諮詢🔮 感情/事業/財運/健康/流年
陽宅佈局🏠 居家/辦公室/吉時擇日/店面
八字教學📖 四位數學到會/北中南皆有教室/可線上學習📖
姓名更改🙏🏻 新生兒取名/公司取名/姓名更改",分手,business,
haungwilly,黃文力🔝帝富團隊創始人🥇DIFFER,"一個死要面子的男人
那他這輩子就會活在錯誤裡
如果妳遇到這種脾氣倔強的男人
千萬別跟他爭辯
因為不管妳說什麼他都聽不進去
在他的世界裡，他永遠是對的..",2025/9/6 18:04,"命理諮詢🔮 感情/事業/財運/健康/流年
陽宅佈局🏠 居家/辦公室/吉時擇日/店面
八字教學📖 四位數學到會/北中南皆有教室/可線上學習📖
姓名更改🙏🏻 新生兒取名/公司取名/姓名更改",分手,business,
haungwilly,黃文力🔝帝富團隊創始人🥇DIFFER,"什麼樣的女人最傻
就是男人要求妳為他改變
妳也為他付出自己的一切
因為這樣的女人
最後換來了拋棄....
記住
真正愛妳的人會愛妳全部",2025/9/5 19:16,"命理諮詢🔮 感情/事業/財運/健康/流年
陽宅佈局🏠 居家/辦公室/吉時擇日/店面
八字教學📖 四位數學到會/北中南皆有教室/可線上學習📖
姓名更改🙏🏻 新生兒取名/公司取名/姓名更改",分手,business,
haungwilly,黃文力🔝帝富團隊創始人🥇DIFFER,"生氣與失望不同
生氣還可以安撫
但失望是已經放棄
生氣會吵但不一定會分手
失望是不吵不鬧一定會漸行漸遠
沒有情緒是在思考這段感情的意義
好多話忍著憋著 後來就不想說了
好多事傷心多了 後來就不在意了
記住
失望的盡頭就是沈默
當她一句話都不想說
再想挽回也困難了…..",2025/9/4 21:34,"命理諮詢🔮 感情/事業/財運/健康/流年
陽宅佈局🏠 居家/辦公室/吉時擇日/店面
八字教學📖 四位數學到會/北中南皆有教室/可線上學習📖
姓名更改🙏🏻 新生兒取名/公司取名/姓名更改",分手,business,
haungwilly,黃文力🔝帝富團隊創始人🥇DIFFER,"妳可以選擇去愛上還一無所有的男人
但不要去愛一個沒上進心還一無所有的男人
記住
他如果真的愛妳
會為你們未來著想",2025/9/4 19:46,"命理諮詢🔮 感情/事業/財運/健康/流年
陽宅佈局🏠 居家/辦公室/吉時擇日/店面
八字教學📖 四位數學到會/北中南皆有教室/可線上學習📖
姓名更改🙏🏻 新生兒取名/公司取名/姓名更改",分手,business,
pcc_7966,pcc_7966,這才是分手後最痛苦又最漫長的時候,2025/10/29 19:06,"望週知
隨便發個文 想酸的一定都比自己認真",分手,not_enough_posts,
carol22632,葉倩妤,"失戀不可怕
可怕的是
想一個人出去走走 卻發現到哪都有你的痕跡",2025/12/8 07:20,穩定耍廢中◉‿◉,失戀,not_enough_posts,
goldcow2024,goldcow2024,我用四天的時間完成離婚、找房子和搬完家了！,2025/11/6 16:00,,離婚,not_enough_posts,
meimeitsy,美姐。舒心美姸,"妳的懂事，我們看見了。
為了家、為了工作、為了每個人的妳，
是時候也為自己準備一點好東西。
讓身體感受到妳的愛，也是一種療癒。
→ 看見妳的溫柔力量
tsytsy.com",2025/5/12 19:29,"用溫柔的洞察
陪女人活成自己💃🏻",離婚,not_enough_posts,
vsitcakny,vsitcakny,"致小三：
當你介入我的婚姻的那一刻
你就已經是小三了
而不是你叫我老公趕快跟我離婚
你就不是小三哦
希望你可以好好認清楚
即使未來我們離婚了
你永遠都是小三
這是改變不了的事實
而且你會是
法院公認的小三",2025/4/22 01:19,"因為老公外遇
特地開了小帳上來抱怨
離婚倒數中
隨之而來的是他們的報應",離婚,not_enough_posts,
law_easy_law,賴承恩律師-法律公蝦米,"昨晚睡到一半，突然被老婆叫起來。
她眼光泛淚地拿著我的手機問我：
「這是什麼？你是不是外遇了？」
我的手機通知跳出一整排訊息：
「我好想你」
「我正在看著我們的照片，我可以去找你嗎？」
「可以不要離開我嗎？」
我超級矇，結果打開手機一看，
是一個離婚案件的當事人，有點年紀
因為不會截圖，
所以直接把她老公的騷擾訊息轉傳給我。
….
欸不是，阿姨妳可不可以用一點傳長輩圖給我的時間，去學一下怎麼截圖。
妳知道妳的離婚律師差點被妳搞到自己要打離婚官司嗎？",2025/8/21 17:55,"嘴砲當飯吃的律師aka愛打電動的肥宅
🎞️ 台中在地律師與平民小編的對決
🎞️ 簡單懂法律生活不吃虧
- 
民事訴訟｜刑事訴訟｜家事訴訟｜離婚糾紛｜車禍案件｜法律顧問｜任何法律諮詢
-
📬法律諮詢請私訊預約-賴律師親自上陣
📬心靈雞湯診療-漂亮小編會視情況回答",離婚,not_enough_posts,
vito_0130,劉謦瑋,"玖壹壹真的是一條龍產業：
結婚：嫁給我吧
離婚：沒你我沒差
複合：回來我身邊
吃飯：甕仔雞
喪偶：下輩子
出門：做你的格
失戀：你不愛我
發誓：一生只督你一人
暈船：癡情玫瑰花
按摩：明天再擱來
求婚：男子漢的浪漫
離鄉：再會中港路
煮飯：愛的總舖師
道別：最後的拍歹勢
旅遊：9453
喝酒：吼搭啦
醉了：凍末條
跑趴：打鐵
離鄉：再會中港路
表白：母湯對我say no
北上：鄉下來的
撒幣：土豪情歌
約妹：做你的格
刺青：刺到整身軀
在家：過來我家坐
掛了：極樂世界",2026/1/7 12:50,簡簡單單過生活,喪偶,not_enough_posts,
vito_0130,劉謦瑋,"第一次漫步在自己住的城市中，一路從國華街頭走到尾
踏入永樂市場二樓的同時，彷彿時光都被凍結在過去
忽然又看到一間不錯的喫茶店 
點了杯奶茶 ，坐下來～與友人訴說生活的趣事
消磨著假日閒暇的時間 然後思考人生的下一步棋該怎麼走
這種悠然的感覺，好像也不賴
2026年1月1日 元旦  祝大家新年快樂、馬到成功",2026/1/1 22:22,簡簡單單過生活,喪偶,not_enough_posts,
chao_lian_lee,Chao Lian Lee,"2011年1月9日，哥哥主動脈剝離走了，過了半年，爸爸也走了，他是在家𥚃上下樓梯，不慎摔倒，死於腦溢血，爸爸最後走的時刻，面容安詳
之後整理爸爸遺物，發現他日記中寫著「 … 自己命苦，人生三個大不幸，幼年喪父，中年喪偶，晚年喪子，自己就經歷兩個大不幸，8歲死了父親，80歲死了長子 …」，這些字有被水暈開的痕跡，應該是爸爸的淚水，他一邊哭一邊寫
2021年5月4日，媽媽癌末走了，醫生說媽媽是有福氣的人，癌末最後幾個月，陷入昏迷，沒有意識，不會感覺椎心的病痛，媽媽最後走的時刻，面容安詳
媽媽後事辦完，自己身體開始不適，常常胸悶和後背神經性痛，晚上難以入睡，去醫院檢查發現罹患急性膽囊炎、膽管炎、膽結石，醫生要求緊急住院，三個月動了三個手術，慶幸手術順利，恢復良好，感謝台灣優秀辛勞的醫護人員
經歷家人離世、手術創傷半年後，透過閱讀、運動、靜思，心情逐漸走出陰霾，生活步入正常，想好好告訴自己的是：逝者已逝，心無罣礙，活著的人，請好好活著，生死兩相安",2025/3/4 20:23,"男，1971年11月，台灣中壢出生
餘生很貴，把自己活成一道道心流
當我擁抱著自己，世界就擁抱著我
當我對自己微笑，世界也對我微笑",喪偶,pass,
sonu.kumar_8645,Kumar,"我是一個1980年的屬猴喪偶單身男士 ￼如今已經45歲虛歲46歲 這裡面有1980年的同齡人嗎
讓我看看都長什麼樣子～～～￼🤓🤓🤓🤔️",2025/12/29 15:36,"分享生活 
記錄生活
喜歡旅行
跑步
打高爾夫球
自駕旅行
爬山
騙子請繞道",喪偶,not_enough_posts,
sonu.kumar_8645,Kumar,祝朋友們聖誕節快樂 越來越好身體安康,2025/12/24 21:56,"分享生活 
記錄生活
喜歡旅行
跑步
打高爾夫球
自駕旅行
爬山
騙子請繞道",喪偶,not_enough_posts,
arwin58999,arwin58999,"離婚跟喪偶，哪個比較痛苦？
朋友的另一半過世了。
生病了幾年，把感情都磨到快沒有了。
她說她很痛，但更多的是解脫。
她說這句話也只能對我說。
兩個因不同原因恢單的女人，聊著離婚痛苦，還是喪偶痛苦。
我離婚時，曾自私地想過，寧願他離開世界，而不是離開我。
因為這樣，我只會懷念他的好。
但離婚後，我很高興他能在別的地方，找到他想要的生活。
我不知道喪偶有多痛，
但我知道，被信任與所愛的人背叛有多痛。
一段感情，投入多少不同，失去時感受也就不一樣。
我們最後的結語是：
喪偶是被命運帶走的句點。
離婚是人心被帶走的轉折。
不管離婚還是喪偶，
如果你是愛他的，
都會痛苦。",2026/1/19 12:14,"*艾文 *
慢筆記錄熟齡單身女子的心靈轉變與日常感悟",喪偶,not_enough_posts,
problemeyebrow,problemeyebrow,"請不要再和失去親人的人說時間會帶走悲傷
時間久了就不會難過了
沒經歷過的人不會懂…那種傷痛跟空洞是永遠的
只要我還活著 就會永遠空空的 永遠痛苦的想念",2025/12/14 03:28,,失去親人,not_enough_posts,
problemeyebrow,problemeyebrow,"開始吃藥控制情緒。
希望未來的每一天，睜開眼第一瞬間不是絕望，而是有想好好生活的動力，跟自己一起努力",2025/12/3 02:51,,失去親人,not_enough_posts,
anim.607,anima,"各位脆友有經歷過
你很愛很愛的親人過世了很久
常常會在自己一個人偷偷思念他
但在某一天你突然發現在你印象中的他
變得很模糊有點記不起他的臉
瞬間淚流滿面
拼命的去找相片
想把他永遠永遠刻在我腦海裏
爸我真的好想你
尤其看著別人結婚有爸爸牽進場
我每次都直接淚崩
希望你現在過的幸福",2025/8/17 11:50,心靈對話,親人過世,not_enough_posts,
anim.607,anima,"長大後發現快樂才是最難的
所以只要小孩身體健康快樂平安
品行優良
其他的都不重要",2025/8/8 12:46,心靈對話,親人過世,not_enough_posts,
