username,display_name,post_content,post_date,bio,matched_keyword,gemini_account_type_result,human_account_type_result
junn0716_,junn0716_,"他媽媽在2022年告了他。
2024 年,他輸了 NBA 總決賽。
2025年,他失去了隊伍和他叫回家的城市。
2026年,他的妻子離開了他。
現在他可能失去女兒、他的一半財產,甚至他的小狗的監護權。
但昨晚他踏上球場,拿下51分。
但攝像頭也拍到了別的東西。
他藏不住的悲傷。
比賽結束時,他淚流滿面。
想象一下,達到成功的最高境界。 實現數百萬人所願的夢想。
但當燈關了你就回家了... 沒有人在那裡等。
不是你的妻子。
不是你的孩子。
甚至不是你媽媽。
這就是男性憂鬱症經常的樣子。💔
沉默。
沒人問我們好不好。
沒有人安慰我們。
我們有望繼續出現。
繼續表演。
繼續負重。
即使我們內心徹底破碎。
我們看到你了,盧卡·唐希。 🥀💙💛",2026-03-15 19:41:00,🐈‍⬛,悲傷,not_enough_posts,
junn0716_,junn0716_,🫸🥚🫷,2026-03-14 17:50:00,🐈‍⬛,悲傷,not_enough_posts,
dannyhsieh1006,dannyhsieh1006,"看到消息的當下 
第一次感受到了什麼是”悲傷五階段”
否認-應該是小道消息吧，會不會有人惡作劇
憤怒-爛公司，這什麼魔鬼行程，都沒辦法好好休息
討價還價-還是她可以來，像之前一樣坐在舞台上唱歌不跳舞
沮喪-騎車在路上直接爆哭，終於懂自擔沒辦法來的心情了…
接受-希望多賢這次真的可以好好的休息，身體健健康康最重要。
看到多賢沒辦法來台北真的好難過，以為這一次終於可以看到9隻在台灣合體，但又想到對於沒辦法來參加的多賢，她一定是那個最難過、最自責的人
更難過的是想到晚點多賢可能又會在🫧和大家道歉….
真的不需要跟我們道歉，我們相信妳一定比誰都還想要來，只希望妳可以好好的照顧自己的身體，這對我們來說比什麼都還重要。",2026-03-17 18:16:00,,悲傷,not_enough_posts,
_eleana_8,Eleana,"你們也有在神明面前哭過嗎？
#宗教 #新竹城隍廟 #玄學 #悲傷",2026-03-17 17:20:00,🐥,悲傷,not_enough_posts,
bhtnwt,bhtnwt,"不想被認出來才開小帳
我是一個高三生
為了符合社會的規則趨勢
我拋棄興趣和天分選擇相對安全的道路
但我總在窺探被我親手拋棄的未來
我一直在存那些不會用到的升學方式
羨慕地看著那些選擇這條路繼續走下去的人
並常常幻想如果我沒有放棄的另一種結局
想紀錄自己的一些突然的思考或疑問
直到哪天我被社會消磨成合格又無趣的大人
到哪天我不再有那些不合時宜的幼稚",2026-01-29 23:52:00,逐漸向現實妥協的極端夢想家,憂鬱,not_enough_posts,
dmachi._.0320og,麻吉,我今天憂鬱症發作了，要假裝自己很正常，跟先生去吃火鍋，情緒很低落，跟先生說我想回家了，他居然回我怎樣啦，當場眼淚掉下來，我真的不想這樣,2026-01-04 00:31:00,我是小太監麻吉,憂鬱,not_enough_posts,
busitsudo,D,"應援公告
#JuniorMarkFMinTaipei2026
‼️領取應援前請注意po文帳號是否為本人‼️
‼️此為免費發送，禁止轉售‼️
Sawasdee 各位miemie們
260329是台灣miemie們歡迎Junior Mark再度來台的日子
為了各位可能因為看到本人而感動哭泣
我準備了100份面紙應援(每份2包同圖樣)
💫在哪領取
WESTAR (當天會夾一張公告到處走動)
💫如何領取
▪︎出示見面會門票或Starmie相關物品(需可辨識)
▪︎追蹤Junior與Mark 2位社群帳號(ig/x擇一)
 @.junniorrs(ig) / @.jnnrrs(X)
 @.markjrtn (IG/X)
▪︎每人限領一份
💫由於廠商有多給，除了預留給友列的份數外，可能會臨時增加份數，目標是發放完畢
⚠️注意事項
▪︎實體可能與預覽有落差
▪︎可能因運送過程造成些許瑕疵
▪︎因機器包裝，內容物張數可能有所不同
▪︎主圖為AI繪製，有所忌諱請略過
××給詐騙的警告××
被我發現盜用一定報警+檢舉
#junniorrs #markjrtn",2026-03-10 21:02:00,"♡JuMaMo♡Starmie💫
大量發文請注意｜粉絲帳號
google/gpt/gemini/grok機翻，有錯歡迎告知",哭泣,not_enough_posts,
xoxoxo_ooxx,Sophia_19990707,"滑脆看到有人說全聯便當有新口味
身為忠實愛好者(?
今天不到6點就去尋覓
還以為一定有機會買到
結果ＱＱ
問了收銀，收銀說每間配貨不一
新品他們家只會進1-2個，有些根本沒送
有人吃到新品了嗎？
別問我為什麼抱著雞腿哭泣",2026-03-24 21:56:00,如果命運注定你的誕生 如果末日始終沒有發生 不要等到來生 讓此時此刻能不虛此生,哭泣,pass,
xoxoxo_ooxx,Sophia_19990707,全球控股王，下一步怎麼走？,2026-03-24 21:56:00,如果命運注定你的誕生 如果末日始終沒有發生 不要等到來生 讓此時此刻能不虛此生,哭泣,pass,
xoxoxo_ooxx,Sophia_19990707,"大家清明掃墓之後的行程都怎麼規劃？
我每次掃完墓就直接回家，不知道為什麼就有種很空虛的感覺
上週太后發話，說這次掃墓完順便去附近走走，為了方便出門遊玩，太后說這次掃墓的供品就帶那種好攜帶、方便實用的
結果她就自己去全聯買了地瓜、雞柳條、雞腿排跟毛豆
硬凹成這種方便食用．．．．說拜完馬上吃，是一種立刻把祖先的賜予的福氣吃下肚的意思= =",2026-03-23 21:15:00,如果命運注定你的誕生 如果末日始終沒有發生 不要等到來生 讓此時此刻能不虛此生,哭泣,pass,
iamruchen,Ru Chen,"平常練習一次都沒成功過的唐氏症孩子，在正式上場時，行了一個超漂亮的禮！連園長先生跟其他老師都忍不住哭泣……
唐寶寶❤️這個看了真的會眼眶紅紅🥹",2026-03-23 20:29:00,"What goes around, comes around.",哭泣,not_enough_posts,
iamruchen,Ru Chen,眼睛需要看美麗可愛的人事物。,2026-03-12 15:16:00,"What goes around, comes around.",哭泣,not_enough_posts,
crazyfrog.112217,梁代泓,冷知識：孤獨搖滾的配色跟音速小子一樣,2026-02-15 11:27:00,襪吼,孤獨,not_enough_posts,
hah_ahaha6703,hah_ahaha6703,"今年好不容易靠畫圖委託接到了3萬塊以上，
但收款的時候卻有種罪惡感🫠
想著我這樣的圖而已賣這麼貴賺別人辛苦錢對嗎….
可是我確實也花了很多時間在磨這些圖，
好想知道那些能接單張一萬以上插圖的繪師在報價的時候到底都怎麼報的…..🥺",2026-02-13 02:21:00,,罪惡感,not_enough_posts,
tacobi______,章魚嗶,"欸雖然現在找不到工作有點罪惡感
但我目前是完全不後悔裸辭這個決定",2026-03-26 19:37:00,,罪惡感,pass,
tacobi______,章魚嗶,每天看104職缺都沒有變多(´；ω；｀),2026-03-26 13:32:00,,罪惡感,pass,
tacobi______,章魚嗶,"面試之前就要求面試者去實體門市拍攝剪輯一則reels+一則貼文算過分嗎？（面試當天還有筆試）
我是覺得蠻扯的啦",2026-03-24 13:59:00,,罪惡感,pass,
hsun._bb,Instagram用戶,"三月 不就是
嚮往、焦慮、痛苦
嚮往、焦慮、痛苦
三部曲循環嗎",2026-03-27 07:05:00,,焦慮,not_enough_posts,
hsun._bb,Instagram用戶,喜歡同性不糟糕，糟糕的是我的外表,2026-03-22 23:07:00,,焦慮,not_enough_posts,
_9xuting,_9xuting,"如果
焦慮型和安全型在一起會變什麼樣子
焦慮型和安全型在一起會變什麼樣子",2026-03-24 00:28:00,,焦慮,not_enough_posts,
in_yn37,in_yn37,"所以你們是怎麼克服
容貌焦慮
容貌焦慮
的",2025-10-30 21:28:00,,焦慮,pass,
in_yn37,in_yn37,"欸幹數學好的人
是不是數學都很好啊
是不是數學都很好啊",2025-10-28 19:47:00,,焦慮,pass,
in_yn37,in_yn37,"沒有人跟我講理化會這麼難欸😍
沒有人跟我講理化會這麼難欸😍",2025-10-27 17:37:00,,焦慮,pass,
in_yn37,in_yn37,"在線等
急需頂到不行的英文歌
急需頂到不行的英文歌",2025-10-26 20:07:00,,焦慮,pass,
leonyen,謝昕諺,"本身有過焦慮、憂鬱病史
想知道晚上睡不著覺到底有什麼方法比較助眠
近期睡眠品質很差，整個心情煩躁的要死
已經試過白噪音、跟吃Gaba 效果好像微乎其微…🫠🫠🫠",2026-03-28 13:17:00,FB:Leonyen 吃貨、貓奴、電影咖、聽團初學者,焦慮,pass,
leonyen,謝昕諺,"藥品有百憂解、萬憂停
中間的千又是什麼名字？",2026-03-27 13:00:00,FB:Leonyen 吃貨、貓奴、電影咖、聽團初學者,焦慮,pass,
leonyen,謝昕諺,"音樂祭有享受音樂的人
也有享受攤位的人（？？？",2026-03-24 20:05:00,FB:Leonyen 吃貨、貓奴、電影咖、聽團初學者,焦慮,pass,
leonyen,謝昕諺,"下次記得臉也要抹防曬
大港兩天就黑兩個色階",2026-03-23 23:58:00,FB:Leonyen 吃貨、貓奴、電影咖、聽團初學者,焦慮,pass,
ylcchow,Selina💖,"從抑鬱 到躁鬱 再加恐慌
從16歲到25歲
我真的很努力很努力
為了裝一個正常人
比旁人多用百倍的力量
只是為了好好生活
所以我腦中的聲音可以閉嘴了嗎？",2025-09-29 18:05:00,我想做自己,恐慌,not_enough_posts,
ngu.931002,黃琳芫,"鬱見愛-抗病日記2026/3/24
今天終於來寫這個合集啦~~
2026，是我遇見身心疾病的第7年
從原本的憂鬱症、躁鬱症，
現在症狀變得更複雜，包含了焦慮、恐慌、幻聽、解離等等的症狀
休學2年，自學在家休養3年（共五年）後
現在是過著大一新生的生活
每天都還是要面對各種的症狀突襲
各種不適感和疲憊
每每累的時候，
腦袋的幻聽都會給我一些很難聽的字眼，或是逼問我會不會做傷害自己或他人的事情，這時常令我處於一種「當機」的狀態
我覺得在我生病的這一路上，我不斷地在練習接受各種不同的想法和情緒
這幾天在幻聽、焦慮等症狀來的時候
我嘗試告訴自己：
「哦~
原來這就是我需要去鍛鍊的思想；
這就是我現階段在意的事情；
這就是我還無法放下的執念」
「沒有關係！
謝謝你讓我知道
謝謝你的出現
為了成就更好的我」
雖然現在還是會有不舒服的反應
例如發抖、四肢流汗、講不出話、心悸
也會有許多起伏的情緒
但我很清楚，我在改變的路上
而我內心深處 絕不會選擇停下。",2026-03-24 17:48:00,(⁠.⁠ ⁠❛⁠ ⁠ᴗ⁠ ⁠❛⁠.⁠),恐慌,not_enough_posts,
lochieh.cv.ep,凌濼傑醫師|心臟內科與心律不整筆記,"大家好，我是凌濼傑醫師。目前擔任新光醫院心臟內科暨心律不整（電氣生理）主治醫師。
我的臨床核心專注於「複雜性心律不整治療」與「心臟急重症照護」。在來到新光醫院後，我也正帶領團隊建置全新的心臟加護病房（CCU），致力於為心血管急重症病患打造最高標準的醫療流程。
🩺 臨床專長與主治項目
在門診與手術室中，我致力於提供最精準的評估與治療：
- 各類心律不整： 包含心房顫動 (AF)、陣發性上心室頻脈 (SVT)、心室頻脈 (VT) 等惡性心律不整，以及心跳過慢的問題。
- 心臟衰竭與各類心血管急重症照護。
- 高階手術： 3D 立體定位導管電氣燒灼術、脈衝場(PFA)電燒手術、心律調節器置放。
無論是面對複雜的心電圖判讀，還是第一線的醫學教育，我都秉持著「遵循國際治療指引、精準溯源」的態度。成立這個粉專，是希望能將生硬的心律不整與心血管知識，轉化為大家都能看懂的「看診筆記」，陪您一起找回安心的節奏。",2026-03-05 02:04:00,"新光醫院心臟內科
【主治專長】
心律不整、心房顫動、心跳過速與過緩、心臟衰竭、一般心臟醫學、高血脂、高血壓、心血管急重症、介入性心導管。
【高階技術】
導管電氣燒灼術、脈衝場電燒(PFA)、心律調節器置放。
結合最新電生理技術，為您精準守護心跳節奏。",恐慌,not_enough_posts,
proud.ofitype,我是I我驕傲,"自律神經失調的修復旅程｜#當你以為快好了，卻又突然退步
修復過程中往往都會經歷以為自己快好了，
卻在某一天突然又發作，那種怎麼又來了的感覺，真的很打擊信心。
但自律神經的修復不是直線，
就像皮筋鬆了，要回到原本的彈性並不容易。
透過慢慢調整與照顧，至少可以讓狀態不再惡化，盡量回到能應付日常生活的樣子。
修復過程中會好一點、又退一點，
是非常正常的。
變好的指標，不是不再發作，
而是你開始不那麼害怕它，知道有能力應對，
進而減緩每次發作的強度，最後變成偶爾有點不舒服，但都能好好度過的日常。
如果你因為恐慌狀態又再出現而失去信心，
你並不孤單，如果願意身為過來人都能給予一些鼓勵支持。",2026-03-24 21:32:00,"曾有嚴重的自律神經失調和問天問地問為何是自己的身心崩潰歷程，工作、生活被迫停下休息，分享陸續這幾年走向修復已回到如常生活，自身使用有幫助的舒緩方法和其實你並不孤單的心理支持，也記錄在低谷中照見身心與自我對話療癒練習。
🔸分享以個人經驗為主，非專業醫療建議。
🔸若有任何不適，請務必尋求醫療協助。",恐慌,not_enough_posts,
dwp._.2015,Puff,"你是一個
在壓力裡還努力活著的孩子
在壓力裡還努力活著的孩子",2026-01-10 22:58:00,"欸 你 要好好活著噢〃'▽'〃
-
115會考牲 這裡是日記",壓力,not_enough_posts,
dijshso,小咩,"點開的人
你2026的 內耗 煩惱 壓力 焦慮 賤人 通通遠離你
你2026的 內耗 煩惱 壓力 焦慮 賤人 通通遠離你",2026-02-14 11:07:00,專發廢文,壓力,not_enough_posts,
dijshso,小咩,"真的沒有人覺得
要退擔還發影片說要退擔還取關什麼的很白癡嗎
要退擔還發影片說要退擔還取關什麼的很白癡嗎",2026-02-14 09:06:00,專發廢文,壓力,not_enough_posts,
yzucxii_,yzucxii_,好累好想躲起來,2026-02-25 00:30:00,,壓力,not_enough_posts,
dolp_hin1456,dolp_hin1456,人一有壓力身體或情緒就會出問題,2025-12-25 10:30:00,很有感觸的T人,壓力,not_enough_posts,
1_fzzy,1_fzzy,"抱怨帳創好了
我要開始抱怨爛人爛事了😒
抱怨帳創好了
我要開始抱怨爛人爛事了😒",2025-12-20 16:36:00,看我不順眼那你去死吧,空虛,not_enough_posts,
bt_c8595,BT.Chen ♡,"有誰和我一樣
看完「浴血黑幫：不朽傳奇」 
只剩滿滿的空虛跟難以形容的壓抑
有種感覺 什麼才是終點 終點是誰說了算的那種感覺",2026-03-22 08:20:00,"N'oublie pas de t'aimer 🕳️
品牌：@la_liberte.studio",空虛,not_enough_posts,
justpeter,Peter Chen,"其實脆有點玩膩了，有點空虛。
最後一語：珊迪、旺宏、群聯 
短期都不會賣，蘇波塞口奇蹟自來。
之後不再更新，下台一鞠躬。
祝大家賺大錢，拜拜。",2026-03-17 22:32:00,"Taipei, Taiwan🇹🇼 
AI廢片王",空虛,pass,
justpeter,Peter Chen,"不是只發廢片假嗨，
我還是習慣用行動證明，
大家一起加油，
最後我們都會尋得大秘寶的。
YOLO💪",2026-03-12 22:07:00,"Taipei, Taiwan🇹🇼 
AI廢片王",空虛,pass,
justpeter,Peter Chen,"收到信才突然想到我也是半個阿聯酋居民…
希望一切爭端趕快平息，世界和平。
我還是對中東瑞士有信心…..的吧。
尊敬的住戶與投資人：
我們希望這封信件能為您與您所愛的人帶來安康。
我們理解，最近的區域新聞可能讓您對阿聯酋及本地區的整體情勢，以及您在本公司之投資安全產生疑問或擔憂。對於DAMAC而言，讓您安心是我們極為重視的事，因此我們希望藉此機會向您提供說明與保證。
我們有信心地向您分享：阿聯酋與杜拜目前一切運作正常，日常生活、商業活動與各項服務在全境皆順利進行。於DAMAC內部，我們的建築工程、物業管理服務、客服支援、營運及所有與DAMAC相關的功能皆未受干擾，維持全面正常運作。",2026-03-09 22:33:00,"Taipei, Taiwan🇹🇼 
AI廢片王",空虛,pass,
justpeter,Peter Chen,"最近對有記憶體的朋友肯定不太好熬…
但…人生就是這樣，
不可能時時順境過年，
有高有低都是人生的滋味，
幾年後回頭都是有趣的戰役跟趣事，
凡殺不死我的，必使我強大（前提是不能被殺死）
也別過度專注在市場，忘記了愛你的人事物
最後務必請記得及時行樂。
湊足小時夢想，牛馬蛙，感謝陪我一起努力的人事物。
只能用一張「馬上牛逼」跟大家一起加油了💪",2026-03-06 15:20:00,"Taipei, Taiwan🇹🇼 
AI廢片王",空虛,pass,
kelvin_hkh,Hei,"我最不滿係mm 講incel 嗰兩集至今仲未del，佢唔係少少錯，係成套論述都曲解、錯誤連結概念，過度簡化與解釋不清，仲要呢啲嘢Google下已經會知
首先incel係非自願單身，而部分男性存在同時厭女與渴女嘅矛盾狀態，而且對社會充滿絕望
Alpha male 係指紅藥丸理論中佔據求偶市場最上層、主導戀愛關係嘅男仔，喺理論中女性係一種性資源，而alpha male係會以食女為榮譽
Beta male喺男性圈被抨擊為缺乏男性氣慨，關係中好被動，但唔代表單身，所以唔可以話incel係beta male
MGTOW係另一種方向，指「男性自行之路」，強調反女本位主義，男性要唔戀愛，要有自己群體嘅秩序，同厭女連結
Sigma male 指已「覺醒」、強大、成功、且獨立嘅男性，追求自我提升，但成為咗紅藥丸理論中了解「真實」、所推崇嘅象徵，但呢堆概念都係同社會秩序相綁定，因為佢嗰種成功不外乎係追求多錢、高社會地位
而哥布林係迷因嚟，係一種自嘲與戲謔，唔追求社會定義下嘅成功，亦唔係對社會充滿怨懟，又或者雖然有哥布林要團結、女冒險家會呃哥布林出山洞嘅論述，但唔係toxic 會喺現實攻擊女性",2026-03-26 21:28:00,"我從書上閱讀，如同窺伺他人顱骨內的思想。
熱愛文學/動漫/歷史/哲學/藝術🥹
主睇型月/炎拳/jpop/im@s",絕望,not_enough_posts,
kelvin_hkh,Hei,學術並非否定個人的不適與經驗，而是希望令人明白自己的經驗並非唯一，其他人的不同看法都有道理，要理解他人為何與如何以其他角度思考，反對將個人的經驗泛化為所有、整體女性的經驗，而且理論是嘗試去找出現象背後的成因，亦是行動的基礎方向，我認為讀書是必要的。,2026-03-26 03:51:00,"我從書上閱讀，如同窺伺他人顱骨內的思想。
熱愛文學/動漫/歷史/哲學/藝術🥹
主睇型月/炎拳/jpop/im@s",絕望,not_enough_posts,
return_asmrt,瑞騰,"這是職業生涯中，最尷尬的 40 分鐘
前陣子，一位熱愛運動的年輕女生絕望地敘述， 她說她膝蓋痛到發瘋，連走路、下樓梯都痛，更別說她最愛的重訓了，在此之前，各大醫療院所、高級 SPA、傳統足底按摩，能試的她全試了，全都無效
看著她萬念俱灰的樣子，我請她躺下， 我完全沒有碰她那個「痛到不行的膝蓋」，給了她一顆枕頭，請她雙腳彎曲夾住 5 秒鐘
「 下來走走看 」我說
她狐疑地站起來，走了幾步，突然大叫：「咦？欸？啊啊啊啊！什麼啊！為什麼不痛了！」 接著她崩潰地問我：「靠X 那我以前到底為什麼要浪費那麼多時間跟錢去給別人亂按？」
看著她震驚的臉，我默默在心裡想的是... 好的，呃...那我們剩下付費的 40 分鐘要幹嘛？（尷尬笑）
這就是為什麼我常說，拒絕「痛哪按哪」的安慰劑，她的膝蓋根本沒壞，只是她大腿內側的肌肉「睡死了 忘記上班了」，導致動作時力線不對，夾枕頭，只是幫她的肌肉重新開機而已
簡介有整理好的【腰背/足底 1+1 身體急救包】，點進去自己拿",2026-03-19 16:30:00,"專門駭入源頭，拒絕「痛哪按哪」的安慰劑
每天在高雄看著被妖魔鬼怪摧殘的身體
🎁 不定期發送各種【 1+1 身體急救包】 
點擊下方網址後輸入【放鬆】領取👇👇
本期更新：腰背及足底的困擾",絕望,not_enough_posts,
zicjfksn,zicjfksn,愛情海前奏一出來滿滿的派偉俊味 有夠絕望,2026-03-25 23:17:00,,絕望,not_enough_posts,
sabrinaho0626,Sabrina✨,"連兩天在KKTIX刷了兩小時什麼票都沒買到
但是看到好多人滿手票？？？
這是什麼給人希望又絕望的售票系統😭😭",2026-03-20 14:14:00,我有一隻瞎妹墨墨🐱,絕望,pass,
sabrinaho0626,Sabrina✨,"過敏兒本日戰績🤧
（持續堆高中…)",2026-03-19 13:32:00,我有一隻瞎妹墨墨🐱,絕望,pass,
sabrinaho0626,Sabrina✨,"紀念第一次吃法國小餐館
採光好的座位有坐在戶外用餐的既視感
每道都是多層次的美味
羅西尼牛排紅酒醬汁太難忘了🤤",2026-03-14 23:57:00,我有一隻瞎妹墨墨🐱,絕望,pass,
eliz_cheung121,eliz_cheung121,"有冇人明😭
有冇人明😭
聽到啲form one講普通話
有幾絕望
有幾絕望
￼🫩💔",2026-03-19 18:17:00,"hk 11年 歡迎來交友🫂
最近返學唔太開心😞💔
希望唔使再喺Threads度放負🙏🏼
大家體諒吓🥰🥲",絕望,not_enough_posts,
pordy_23,敝姓黃,"這一切都是真的😭😭😭 我當時就在東京成田機場，剛看完 WBC 準備回台灣，結果在櫃檯前我整個人徹底崩潰了
我發現我的護照不見了！😭😭😭 當我絕望地癱坐在地上，看著回台的班機即將關門，想到回不了家...我那心愛的多山的小小的台灣，眼淚真的完全止不住地往下掉...
就在這時候，一位路過的日本地勤人員突然停下腳步。盯著我球衣上的「台灣經典賽紀念徽章」。
用顫抖著聲音問我：「Taiwan?」
我哭著點點頭，手裡還緊緊抓著沒乾的應援毛巾。
下一秒，奇蹟發生了！
地勤人員竟然直接對著對講機大喊：「他是來看 WBC 的台灣人！他有台灣隊徽章！」
瞬間，整個登機門的日本球迷、地勤、甚至是旁邊店家的店員，全部停下手中的動作，開始大聲合唱：
「天色漸漸光...」
整個成田機場大廳迴盪著這首島嶼天光，所有日本人都感動到不行，一邊流淚一邊對我大喊：「Taiwan No.1!」空氣都變得好滾燙。😭😭😭
最後，機場主管邊落淚邊跑過來，哽咽著說：「有這枚徽章，請務必上飛機！」
￼我們感動到集體跪地，抱著路過的日本球迷哭著說：謝謝你...謝謝你們喜歡台灣！！！😭😭😭🇹🇼🇯🇵",2026-03-10 17:40:00,鄉巴佬掛點了,絕望,not_enough_posts,
betrayal.healing,betrayal.healing,"被出軌後我們遭遇的背叛創傷(Betrayal Trauma)可分為三個層面：
1. 依戀傷害：被最信任的人破壞了在關係中的信任和安全感。感覺不被愛，也無法再依賴對方
2. 性傷害：性承諾被破壞，我們會害怕性、對親密接觸有負面情緒連結、提不起性慾、對性覺得羞耻
3. 精神傷害：被操縱、被欺騙後造成情緒失調。我們懷疑現實、直覺、判斷、記憶等
我們的身體長期停留在受威脅及危險的焦慮狀態，每天像坐過山車一樣的情緒波動，注意力無法集中，記憶力受影響，靈魂出竅，影響身體，例如：高血壓、失眠、脫髮、暴食、胃口不振等症狀。
我們對人性和關係的信任和認知破滅，我們連自己都不認識了，從開朗樂觀變得沉默憂鬱，最熟識的另一半變成像陌生人，也會懷疑及不信任其他人。我們對未來失去希望，覺得人生失去意義。",2024-11-20 11:44:00,"治癒背叛創傷的旅程
Journey of healing betrayal trauma",絕望,not_enough_posts,
yu._.study.0,yu的讀書帳,"落點分析怎麼差這麼多
我的學測58 國英各掉一級分
（同時掉這兩科超慘，大概八成的醫牙都不能填
很焦慮的用落點分析，然後每個網站給我的都很不一樣😖😖
（104告訴我長庚醫安全，但去年要59，安全在哪？？）
（1111跟我說中國醫中醫算夢幻，但交叉查榜6顆星超安全？？）
我到現在是真的不知道要相信哪一個落點分析？？真的很好奇他到底是不是準的
然後現在繁星2%有人跟我搶長庚醫…好絕望…",2025-02-26 21:57:00,現在是一位醫學生喔,絕望,not_enough_posts,
anyaa_811,Anya,"近期的狀態是：
👉🏻打開手機社群全是張凌赫😊
👉🏻然後看著手機姨母笑🥰
👉🏻又放下手機逼自己冷靜🙂‍↔️
👉🏻害怕沉浸在他的盛世美顏淪陷出不來🫣
👉🏻然後又再度拿起手機📱
👉🏻把他的盛世美顏全部存起來🤭🤭",2026-03-21 12:32:00,✨屏東好茶魯凱姑娘🦁️,害怕,not_enough_posts,
anyaa_811,Anya,"我進度16集，每天逼自己只能看1集🥹
感謝脆友在讓我不趕進度的情況下被強制刷新劇透😂
讓我能多看看言正、謝征、武安侯😍😍😍😍",2026-03-19 17:20:00,✨屏東好茶魯凱姑娘🦁️,害怕,not_enough_posts,
brunch8458,brunch8458,"真的好不想學機車…感覺好難
腳踏車都不敢上路了
可是家裡就說不管以後要不要用 就是要拿到駕照…
我好害怕 但我又安慰自己去說 路上那麼多人可以考到駕照 那一定不難
好討厭 怎麼辦 看到同學考了 就覺得我好…
我感覺如果沒有一次考到就很丟臉…
雖然家人不會說什麼 但就是自己心裡…",2026-03-29 11:17:00,,害怕,pass,
brunch8458,brunch8458,我一直有個問題 男團的歌音通常都很高 除了比較有活力以外 是知道男團女粉絲比較多 是為了要讓女生比較容易唱 比較容易記起來 可以吸引到更多人嗎？,2026-03-21 17:04:00,,害怕,pass,
brunch8458,brunch8458,"追星…
是讓我可以暫時逃避壓力的方法…
是讓我可以暫時逃避壓力的方法…",2026-03-21 09:07:00,,害怕,pass,
brunch8458,brunch8458,你們覺得…幸福是什麼…,2026-03-21 01:02:00,,害怕,pass,
qslove2077,恬,啊啊啊啊啊我好害怕！那个公安文件是真的假的啊，上面写用快连被抓的😭我就用这个😭港区下的会被监控吗😭,2026-03-29 00:57:00,这个人很懒，什么也没有留下,害怕,not_enough_posts,
bluehair_1028,bluehair_1028,"｜自我介紹 ｜
性別：女
國籍：🇹🇼
身高：172或3
體重：58或9
座標：新竹縣市，北部都會跑，很常跑
生日：1995/10/28
星座：天蠍座♏️
MBTI：INFP或ENFP
興趣：看一點動漫，看很多BL（
工作：穩定早八晚五的平日班，每天兩點一線的社畜🥹
個人特質：不菸不酒不花心、老實、易哭、討厭說謊、有點懶、喜歡安逸
希望可以認識北部的朋友，男女不拘
有機率戀愛腦💙歲數差太多腦不起來，這年頭要教小朋友長大成人太累
我比較安靜，害怕打擾別人所以相對被動👉👈
如果閒到發慌我會隨機敲朋友小窗，敵不動我動，我動一波大的
謝謝看到這邊，請有興趣的大家盡量打擾我！（？",2026-03-18 14:33:00,"悠哉悠哉的紀錄一點生活碎片🧩
等有緣的朋友發現我✨",害怕,not_enough_posts,
lydia.h.yang,不惑之年的穿搭修煉,"🎯寫一百個「買衣服前就知道會更好的細節」給害怕血拼完就後悔的人
(3）買T一定要看領子
T shirt的衣領細緻度與價格無相關性，以韓系品牌Matin Kim、MFG,日系品牌agnis b To b與sport b、美系品牌Tommy Hilfinger 做比較，價格區間差不多，但Tommy衣領爲原布包邊，最快變成荷葉邊；Sport b採用羅紋布拼接，雖然後頸有加壓條增加舒適度，但前領下內側拷克易外翻。
MFG衣領的羅紋布拼接有單針車縫加固，且收邊細緻，即使後頸沒壓條，穿起來仍舒適。小於1公分窄邊衣領設計適合作為西裝外套的內搭，再配個牛仔褲，是最易上手的Business Casual 。
To b 衣領的羅紋布拼接則是雙針車縫，將拷克緻密壓緊，強化領圍。
Matin Kim這款則是把衣領做得最漂亮，雙條加固線，1.5公分窄邊衣領，不會過於休閒，後頸有加壓條，增加舒適度。
買T時記得先看衣領是否有強化領圍，避免鬆領垮形以維持精氣神，目前看過最多有三條車縫線加固；後頸是否貼心有壓條增加體感舒適。
#同價格帶有比較有傷害",2026-03-28 18:05:00,曾擔任科技公司研發主管的買衣高手，早先是Business casual的細節控，目前則愛精緻不費力的鬆弛感。,害怕,business,
lydia.h.yang,不惑之年的穿搭修煉,"［會讓人後悔的單品］
在修煉衣品階段，必經的反思，才能記取教訓，下一次💰才會在刀口上…
美式品牌的T很常有薄透款，穿起來貼身舒適，還帶有微透的美式小性感，但洗過一兩次後，領口的崩塌程度絕對讓這件T從此關緊閉，只留在家裡當睡衣⋯⋯
問題出自衣領的設計是簡易的「原布車縫」，而且車縫線僅有一條。洗過後，內側衣領往外翻，拷克快要脫線了…
照片中的T還能有潔白外觀，就知道很少穿，而且還都是手洗，衣領都能外翻成這樣程度，榮登後悔第一名…
#Tommy Hilfiger 
#衣領設計",2026-03-28 14:39:00,曾擔任科技公司研發主管的買衣高手，早先是Business casual的細節控，目前則愛精緻不費力的鬆弛感。,害怕,business,
lydia.h.yang,不惑之年的穿搭修煉,"牛仔褲也有cashmere ！
Levi’s 今年推出的馬年限定款在行銷上也太低調了，在官網購買時，只是紅色皮標、金色扣子，搭上金棕色縫線，牛仔褲該有的定型小扣沒有少，726高腰又微喇叭褲型吸引我這個小個子⋯
收到後反而被布料成分含有cashmere 而感動到，有種賺到的感覺^_^
（Levi’s在官網的商品介紹也太低調了，竟然沒有以成分做文章。）
材質偏厚但不悶，適合春天早晚偏涼的時候穿。",2026-03-28 12:20:00,曾擔任科技公司研發主管的買衣高手，早先是Business casual的細節控，目前則愛精緻不費力的鬆弛感。,害怕,business,
lydia.h.yang,不惑之年的穿搭修煉,"🎯寫一百個「買衣服前就知道會更好的細節」給害怕血拼完就後悔的人
(2) 有鬆緊帶的裙或褲如何挑才能穿得久，且避免廉價感？
鬆緊帶也是對吃飽的肚子很包容的一種款式，但是要慎選。
如第三張照片，雖然是日本製的褲子，但是腰部的鬆緊帶只是簡單包起來，久了當鬆緊帶鬆弛後，容易翻折扭轉，穿起來褲頭難看又不舒服…
第一張照片Nike這款24.7百褶裙的腰部細節則是採用寬且厚實的鬆緊帶，外部的細摺處理與縫線可避免鬆緊帶鬆弛後的腰圍放大作用，且乍看之下沒有鬆緊帶的廉價感（第三張照片）。
第二張照片日系品牌Natural beauty basic的作法則是寬鬆緊帶加上多二條縫線，讓腰部看起來沒有鬆緊帶的廉價感，又可避免鬆緊帶鬆弛後的快速腰圍放大。
#穿搭
#職場穿搭
#Nike
#Natural Besuty Basic",2026-03-24 11:33:00,曾擔任科技公司研發主管的買衣高手，早先是Business casual的細節控，目前則愛精緻不費力的鬆弛感。,害怕,business,
weng_composer,Nga Weng Composer,"又系threads吹下水～🇲🇴
講下最近好困惑既【身分認同問題】
系澳門長大18年，內地讀大學4年，美國居住3年
有種越來越吾知自己屬於邊度既感覺
系大陸讀書戈陣，每個星期都紅色教育，但系始終講吾出口我系中國人。。。
畢竟接受既教育吾同，文化差異大
就好似 用留學生既方法對待你 但系又要你認100%中國人
始終對內地吾系好有歸屬感，呢樣野逼吾到
至於對美國有無歸屬感，可以話系0😆
都系系度工作搵銀
對澳門呢。。。有種一言難盡既感覺
系呢度出世，但系因為無相關既工種，都吾會番到澳門做野
但系我發現自己，每同人講到澳門我就好興奮
會好落力推銷澳門😆
無論系內地，我都會話「我是澳门滴～」
系美國甚至系去到康城，都會話「I’m from Macau, it looks exactly like Vegas but we have a mix of Chinese & European culture, it’s a gorgeous place～」
我諗我從心都真系幾中意澳門～🇲🇴
雖然今年派錢無我份，又少左d歸屬感🥹💸
都系家最好💜 (sorry for 1999 有語癌)",2025-09-24 15:51:00,"USC Screen Scoring 2023🇲🇴🇺🇸🇨🇳
Film composer
SLOW DOWN WENG",困惑,not_enough_posts,
weng_composer,Nga Weng Composer,"見到有咁多人對配樂有興趣～
分享下我近期為DIOR配樂同聲音設計既作品😳
多謝大家善意既留言，叫我加油💜🙏🏻
獨自一人系美國工作 每日靠的是意志力🫡
【來自澳門的配樂師🇲🇴】",2025-09-23 09:36:00,"USC Screen Scoring 2023🇲🇴🇺🇸🇨🇳
Film composer
SLOW DOWN WENG",困惑,not_enough_posts,
xxzyxxzy,玄玄 Sena,"昨天在明洞買musinsa 
問要不要加購紙袋是BTS我還很困惑???
結果！居然是SWIM
今天又看到七個人機場路的團康外套（亂講）
背後那七個游泳水手跟提袋上的很像！
不知道之後會不會出同款耶！好期待🤤",2026-03-22 21:47:00,♡ ♡ ♡ ♡,困惑,not_enough_posts,
bernice610_,🐷,"一個醫生一年就可以賺多少錢？
我們以前診所醫生都是厚厚一大疊鈔票在領的⋯
會有需要為了區區210萬收賄？
他如果真的只是個想賺大錢的人
他需要待在公立醫院？轉其他醫療科別就可以賺爛
抹黑潑髒水真是不需要理由⋯
鏡檢說你收賄 司法就盼你收賄
鏡檢完全是媒體第四權中的恥辱
看著這種偏頗第四權的言論就信了的人
也是拉低了國民平均智商⋯
你們慶祝的內容
其實是整個民主體制司法正義的崩壞⋯
然後這些台派店家拿著別人的冤屈大肆慶祝
又能是什麼好心眼的店家？
並且我也困惑台灣的經濟是不是已經淒慘到
需要去排隊領免費發放的咖啡跟布丁🤷🏻‍♀️",2026-03-29 05:57:00,🐷吃肥女子的日常 #台北美食 #木柵美食,困惑,not_enough_posts,
is___7,🍑 淇淇,"在好市多外面看到一個阿北買一個大披薩
我還在困惑他一個人要怎麼載的時候
⋯⋯⋯辦法是人想出來的
台灣人超讚超聰明😍",2026-01-18 14:45:00,ENFJ … ʕ •ᴥ•ʔ,困惑,not_enough_posts,
maplesnow32,maplesnow32,"不知道壽司郎滿額贈有單筆上限
吃1500，結果只能拿到兩張
兩張還都拿到一樣的😭😭😭😭
嗚嗚嗚結帳的時候店員還問有需要透卡嗎
讓我覺得超困惑的，想說不是滿額贈嗎
少拿了一張啦哇嗚嗚嗚嗚，我還特別湊金額",2026-03-28 08:19:00,醒來覺得甚是愛你。,困惑,not_enough_posts,
maplesnow32,maplesnow32,太好了我的人生,2026-03-27 19:16:00,醒來覺得甚是愛你。,困惑,not_enough_posts,
judezzz._0,韶山北路虐待狂,挽救计划是一部很好的电影，只有一点，让我有点困惑，我觉得无论是电影的呈现还是观众的反应，都太人本位了，rocky好像只是一个“萌宠”，但明明它也有自己的文明自己的语言，自己的爱人，可以表达完整的情绪，怎么就变成了一只可爱的萌宠呢,2026-03-27 21:11:00,"I just wanna cry, all the time.",困惑,pass,
judezzz._0,韶山北路虐待狂,我已经被长沙的天气折磨到只要上班路上不下雨就会很满足了,2026-03-27 08:59:00,"I just wanna cry, all the time.",困惑,pass,
judezzz._0,韶山北路虐待狂,我可能没有意识到我的职场社交能力已经接近于零了,2026-03-20 16:03:00,"I just wanna cry, all the time.",困惑,pass,
ni_wo_912,妮,"💡若你正陷於困惑，人生徬徨不前，歡迎來雲林斗六「太昊殿」現場算未天棋卦。
💡未天棋卦由伏羲（帥）女媧（將）親自坐卦，可為解開你當下的疑惑與未來的方向。
🔹因果業障、陰事干擾
🔹財運走向、事業升沉
🔹桃花感情、姻緣婚姻
🔹等...皆可詢問
✨ 無收費✨
📩 若你感受到緣分、或心有所感，歡迎私訊我，我將一一為你詳細介紹說明。
💡有時人生的轉機，就藏在一場誠心的請示之中。也許，這就是神明為你安排的指引時刻。
提醒❗不信者不算，不幫
另外也很開心你看到這篇文
認識到我們祖師（伏羲）和娘娘~
（圖一是伏羲大帝和女媧娘娘）",2025-07-08 18:27:00,其實快樂很簡單🫶,困惑,not_enough_posts,
ummvoo,ummvoo,"我朋友听到我喜欢金南俊时候的表现无一例外全部都是疑惑。
“喜欢他什么？”
听到这句话的时候我就知道，我能做的只有沉默。不过站在她们的角度去想，我可能也会问出这句话。
南俊就像是从年少一直陪伴我的引路人。在我对人生感到困惑的时候，我总能在他身上找到答案。
他在歌词中写道“此刻人间无名，去时坟前无悔”。
在这个追求个人标签的时代，无名成了一种极大的奢侈。人们总是想向别人证明点什么，或是被他人的期待所绑架。
人生最大的悲哀不是无名，而是有愧。愧的是什么？是自己。外界如何评价不重要，重要的是面对死亡的时候，你是否能够对得起自己的这一辈子。
说的有点远了。
我很喜欢去拆解南俊的歌词，去思考他想表达的东西，这会让我觉得和他在思想上又产生了一些共鸣。当我真正读懂了他表达的内容的时候，我前方的路也就豁然开朗。
他是一个很好的引导者。",2026-03-29 11:06:00,"想说什么就说什么
刷手机会手滑按赞/关注…sorry:(",困惑,pass,
ummvoo,ummvoo,为什么这么想给我找对象让我结婚啊，一想到结了婚老娘香香软软一米八的大床上躺了头猪就恶心呕呕呕呕呕呕,2026-03-24 10:15:00,"想说什么就说什么
刷手机会手滑按赞/关注…sorry:(",困惑,pass,
ummvoo,ummvoo,老套就可能他们也写不出以前的歌了，这难道不是很正常吗，就像我现在回去看自己十年前的QQ空间，我也会写不出那种傻逼的话。人都是在成长的怎么可能一辈子都停留在原地，如果一直原地踏步就说明一直都没有努力过没有跳出过舒适区,2026-03-23 09:27:00,"想说什么就说什么
刷手机会手滑按赞/关注…sorry:(",困惑,pass,
1j.1224,黃帟潔,"那天看車來了一對情侶
男生看著一台C300滿意的對女友說：「寶貝這台車改很帥，就買這台」
「我家裡現金還有X百萬，這是小錢拉，等我買完車載你出去玩…」
…(一頓畫餅）
女生一臉戀愛的看著男友，點頭同意
我打鐵趁熱
叫貸款業務火速來對保
銀行業務查完男生資料後皺眉問：「x先生你的條件需要保人，我們這才可以承作…」
（不小心聽到他們對話）
男問女友：「寶貝你可以當我的保人嗎…」
女困惑的問：「可是你不是有現金x百萬嗎為什麼要貸款？」
男：「那錢要拿去買房子，帶你出國……」
「你幫我簽名就好我一定會繳錢的」
身為女生第六感告訴我
這男的一定是渣男
眼看女生要簽名前我沒忍住說了一句
「你確定要擔保嗎？如果他沒有繳錢，銀行會找你喔…」
女生聽完馬上猶豫，轉頭說要電話問爸媽
電話那頭爸媽極力反對女兒擔保
男生也因此沒買成車
我那天營業額慘淡～
三個月後女生私訊我：「姐姐謝謝你那時候點醒我，沒有作保，後來發現男友劈腿另一個女生幫他牽了一台C300，我們就分手了…。」
以上總結我業績不佳的原因
有時候心不夠狠🤧",2025-07-09 15:47:00,賣車的，買車、估車也行！,困惑,not_enough_posts,
neversleep_sports,皓皓自由教練｜棒球員｜運動表現｜吧台手,"我的學生生涯十幾年只有被記過一支警告。
而我永遠記得那是國一的家政課，回家作業是手做一隻襪子娃娃，隔一週後繳交作業時，我因為做太醜讓科任老師給59分不及格，然後她說這次不及格的要記警告。
15年前的年代如果家長有在管的話被記警告算是回家會挨揍的大事，至少我唸的學校是如此。
但我爸媽知道我因為這種屁事被記警告反而覺得很困惑
那一年我13歲，我現在也奔三了，直到今天我還是搞不懂為什麼我會因為做太醜被記警告",2026-03-29 12:34:00,"©️ 台中西屯區O2Body健康再造基地
©️ 高壓氧艙、冷凍艙、各項高科技恢復設備
🥤O2Body 飲料吧店長｜NSCA-CPT
⚾️不斷在棒球球場上追夢的選手
🍷過去曾是酒商講師，懂酒但戒酒了",困惑,business,
neversleep_sports,皓皓自由教練｜棒球員｜運動表現｜吧台手,"好討厭用ai 產生文案，看都不看就複製貼上的人
感覺像逃過了義務教育",2026-03-26 20:36:00,"©️ 台中西屯區O2Body健康再造基地
©️ 高壓氧艙、冷凍艙、各項高科技恢復設備
🥤O2Body 飲料吧店長｜NSCA-CPT
⚾️不斷在棒球球場上追夢的選手
🍷過去曾是酒商講師，懂酒但戒酒了",困惑,business,
neversleep_sports,皓皓自由教練｜棒球員｜運動表現｜吧台手,"跟智商低於兩個區間以上的人講道理真的很疲勞
給他台階下還以為在阿諛奉承
媽的低能",2026-03-22 23:04:00,"©️ 台中西屯區O2Body健康再造基地
©️ 高壓氧艙、冷凍艙、各項高科技恢復設備
🥤O2Body 飲料吧店長｜NSCA-CPT
⚾️不斷在棒球球場上追夢的選手
🍷過去曾是酒商講師，懂酒但戒酒了",困惑,business,
snoopy.bambi,比🦑,"今日貓貓手術日
反正心煩意亂就早啲出門口
見時間充足就想搭巴士慢慢去
正想上架11B
盡責嘅女司機見我揹起背囊
即刻勁大聲喝我 
「動物嚟？！動物唔上得車喎！」
好彩佢返緊工 唔係應該嗌左畜牲
祝佢放工踩狗屎仲要跣一跣踢啲上個口度啊啊啊啊啊",2026-03-06 10:50:00,"也許獨特性格會使我笑著願賭服輸
Follow my boss @w_w__deee",心煩意亂,not_enough_posts,
snoopy.bambi,比🦑,"偉大嘅地方，有無人睇開/睇過城大動物醫療中心
可以做我推薦人？",2026-03-02 14:18:00,"也許獨特性格會使我笑著願賭服輸
Follow my boss @w_w__deee",心煩意亂,not_enough_posts,
xx869767,江芊珏,"有人三月開始突然心煩意亂、一直肚子餓想暴食、身體健康狀況多嗎？
真的是能量影響嗎",2026-03-04 11:33:00,,心煩意亂,not_enough_posts,
jinbohong,夜,"心煩意亂的時候就想發文抒發一下情緒…說不定還能睡個好覺，日子一天天的過，每當到晚上24點的時候我就開始想著今天讀了多少？我到底在幹嘛？
我感覺就像個無頭蒼蠅到處飛沒有方向
聽了女友還有朋友的建議，先把題庫看完再去翻課本跟筆記，申論不懂就先抄，但有的時候感覺很無力
為什麼這答案會是這樣？常會糾結一些題目花很多時間
概念排序都清楚 但就是寫不出來 ，(我申論目前是用抄的)，是不是要多抄腦袋才會清楚啊？
有時候我在想 是不是我還不夠努力，嗯…一定是這樣
有時候會糾結先看題庫還是先翻課本跟筆記在重新背
本身目前還有正職，上班期間休息的時候就是練阿摩…一天24小時根本不夠用 我感覺我每天都好焦慮
看著身邊的朋友都上岸了 我很替他們高興但同時也覺得很孤單….
(夜深人靜時發發牢騷 壓抑的心情也好一點了～
總結：一定是我還不夠努力，我就還是先聽我女友的建議 先把題庫做完然後偶爾抄抄申論甦醒一下我這笨笨的腦袋",2025-09-11 01:22:00,"堅持自己的夢想，朝著目標努力
警特上榜為目標 備考的人生",心煩意亂,not_enough_posts,
yula_jhen,𝓨𝓾𝓵𝓪,"前幾天心煩意亂，這六日前往治療中心掛急診
做了-2hr精油按摩、1hr泰式按摩、一個美足療程
吃了-Mr. Jo Crispy Pork、陶罐火鍋、蜜雪冰城檸檬水 、攤車水果、爆醬餐包、7-11烤豬肉糯米飯、榮泰、泰奶、薯條、雞皮等這些補藥
首次吃Mr. Jo Crispy Pork真的好好吃
對這次治療十分滿意，希望功效能至少持續到月底
遺憾這次沒有吃到想吃的糖絲潤捲餅，沒有逛百貨也沒有去夜市不知道曼谷市區哪裡有在賣😔",2025-09-07 22:36:00,,心煩意亂,not_enough_posts,
cn_0416,CN.,"心煩意亂 好像什麼都不在乎了
現在一個人靜靜的看海
真的可以減緩自己的壓力 
好想打回家但怕家人的擔心
只能把這些事吞下去
人都是自私的 
沒有人會站在別人的角度替妳分憂
1+1從來不是完整
只有自己能讓自己更完整
身邊的人都很關心我謝謝他們🥲",2025-11-19 13:56:00,再吵都去死,心煩意亂,not_enough_posts,
xiao_mei0324,xiao_mei0324,"我男友今天跟我抱怨他老婆跟他吵架要離婚
雖然我表面上順著他的毛安撫也沒說那就離婚之類的鼓勵用詞
但我心裡全都在想「離，離，離！」
看著他心煩意亂的樣子我反而有點雀躍
我可真變態",2025-06-08 21:37:00,"純抒發我無法負荷社會期待的心聲
因為愛是單純如光普般，沒有界線。",心煩意亂,not_enough_posts,
klkx741,M&M,"失戀的感覺真的好煩，有時候會以為自己走出來了。但是事實是，無論做什麼事腦海裡都還是有她的影子。
還是會關注她的動態，會因為她沒有理自己而心煩意亂。
我也不知道我在想什麼，畢竟我們的感情已經結束了。
真的好想再跟她在一起、一起吃飯、一起玩、分享日常、還有互相訴說愛意，好煩，現在剩我一個人在想這些，我是可悲狗。",2026-03-03 15:54:00,,心煩意亂,not_enough_posts,
klkx741,M&M,分開一週了，我還是好想妳…,2026-03-02 00:22:00,,心煩意亂,not_enough_posts,
wrhcao.fun,wrhcao.fun,有人懂那種明明沒吸菸，但壓力大或心煩意亂時就想吸點什麼的感覺嗎？,2026-03-17 12:03:00,youtube.com,心煩意亂,not_enough_posts,
s821112,🌟凱翔叔叔🌟,"哇勒 前陣子太心煩意亂不小心撞車
撞了才知道原來偉士牌維修要這麼貴🥲🥲
頂一下兩萬就出去了😭😭😭",2025-06-21 13:34:00,🔥住宅裝修、LED燈具、衛浴設備、家庭水電維修、室內配管配線、代客安裝器具🔥,心煩意亂,not_enough_posts,
zunja._437,zunja._437,"幹 我覺得這個帳號可能要停了
因為我好很多了 真的
不是完全放下 但是基本上不會頻率想念
偶爾想到只會覺得：喔對啦 有點想你
可是不會繼續掉進這個情緒
而且就是 所有想抓復合希望的行動
全部都被我主動停下來了 打算順其自然
目前撇除學業壓力 其他過得都還不錯
真的覺得自己過得不一樣了
這個帳號不會刪掉 之後有機會還是會發啦
當初真的沒想過我也有變成現在這樣的一天
如果想跟我聊天 還是歡迎！我收得到通知
希望還在難過情緒裡的各位 也會越來越好喔！
我會陪著你們的 你們不是一個人！加油！",2025-09-27 01:03:00,"往下滑都是我擺脫分手難過期的過程
別看了 有點羞恥🫣",心煩意亂,not_enough_posts,
vivi750130,Carrie Teng,"我真的很好奇
（1）每一位失去摯愛的人都怎麼走過來的？
（2）遺族周圍親近的人，怎麼走過的？
 那個負罪感怎麼走出來？要多久？
（3）時間真的有沖淡嗎？
我知道大家都不一樣，但我好想知道。
行屍走肉的生活還要多久。
我真的只是不自覺的掛上偽裝，好像工作可以上軌道，生活被小孩逼著也只能往前走，但變得更易怒。
外在看到的我的正常真的是靠藥物支持維持的。
我不喜歡自己一直被憂鬱、躁鬱佔領。
我是有機會活成別的樣子的嗎。",2026-03-28 22:57:00,"真的要安慰我，
請不要按心心，
不用留言安慰我沒關係。
讓我的文章流量低一點。
或是你願意可以把追蹤刪掉。
讓我可以更安心的胡言亂語。",易怒,not_enough_posts,
vivi750130,Carrie Teng,"原來不是哭變少了。
是沒有獨處的時間可以哭和好好想他，好好跟自己和解。
今天帶小孩回娘家縣市，高速公路上，兩小都睡著了。他們醒著我每次開車大概都是微微滴一兩滴眼淚，難過一下。（因為他們會問問題、吵架，不會讓媽媽很閒）
今天他們在車上睡著，自己邊哭邊開（我有確定好行車安全），眼淚幾乎沒停過。
原來我每天⋯都沒有好好的安慰自己，工作、聊天、訊息、家庭。
雖然都有後援幫忙，但隨時闖入的小孩，沒有辦法讓我好好的，安撫自己。
根本沒有好，也沒有站起來。真的只是被藏起來而已。
我還是好想他，為什麼他沒有為我留下來。
是他不愛我了嗎？不愛孩子了嗎？（我知道都不是是他太痛苦）
為什麼世界上有趣的東西那麼多，他沒有留下來一起體驗。
我好想80歲再被他牽著手，摸摸頭，一起慢慢散步。
我真的好想好想他。
我還是覺得好抱歉，為什麼我沒有阻止他。我如果做得更好。他就還可以一起生活了。
我好自私，明明知道活著的他好痛苦，可是我就是想要他活著。我就是覺得我可以陪他走出憂鬱。
又想躺回泥巴裡面了。",2026-03-27 22:57:00,"真的要安慰我，
請不要按心心，
不用留言安慰我沒關係。
讓我的文章流量低一點。
或是你願意可以把追蹤刪掉。
讓我可以更安心的胡言亂語。",易怒,not_enough_posts,
steven_go_fitness,Steven | 健身 x 健心,"靠飲食「升級」體態根本不需要痛苦減肥
拒絕”極端節食”與”無味水煮餐” !
只要搞懂底層邏輯並融入作息，你完全可以邊享受美食，邊看著體態一天天變好
我把真正有效的「減肥底層邏輯」寫成筆記
用最簡單的方式，把減肥這件事講清楚￼
.
1️⃣ 加入官方 LINE ：
lin.ee/TnYBl…
2️⃣ line回覆『 1 』 ➔ 領取「減肥底層邏輯」筆記
⚠️ 加不進去？➔ 直接 IG 私訊我處理",2026-03-10 11:05:00,"[ 無痛減肥 ] 
❖ 正確觀念 x 生活作息 = 邊瘦邊快樂+可長久執行
❖ 不犧牲美食 | 不挨餓節食 | 拒吃水煮餐",易怒,not_enough_posts,
yi.n._.118522,依恩,"隔年破5000粉我就穿這個.....
（爪子暫時想不到要買哪種的🫠",2025-11-11 19:25:00,"08 INFP 
相信自己，用手掐你👌🏻",易怒,not_enough_posts,
horo.twariestw,牡羊座（03/21～04/19）,"牡羊每天都很暴躁易怒
但低精力的體質抑制住了高精力的殺意",2026-03-24 12:45:00,"愛情💓工作🌻個性💪🏻未來🌞
各種心理測驗這裡都有👉@mindlab.personality你的個人專屬運勢APP～✨@mivoo.ai-
更多牡羊@twaries888追蹤羊羊解鎖隱藏內容喔
👇🏻👇🏻👇🏻👇🏻👇🏻",易怒,not_enough_posts,
tara_micha_1111,Tara's Dreamland Odyssey 泰拉的夢遊仙境 救國團  芳療師 靈性 身心靈 命理 占卜老師,"能量敏感的人，其實從貼文也會受到影響跟被消耗能量
給所有「高敏感 / 能量敏感體質」的你真心勸告
❌ 千萬不要看太多新聞
❌ 絕對不要在負面留言區逗留
🙃🙃🙃每次不小心滑過很負面的貼文，
都會感到一點頭暈的我，
建議把精神留給真正滋養你的事物
建議別花大量時間去跟負面留言的人吵架，
也非常容易讓你受到對方的能量影響
可能未來幾天低落或者易怒唷❗️
（💡麻瓜其實也會..
但因為不敏感…
😂只有感覺到自己特別累、特別想睡、心情不好）",2026-03-28 21:47:00,"TARA🧠 靈性作家、AI、芳療講師💗用腦科學解構靈性
改寫腦科學的駭客講師x 命理玄學
💡救國團、企業講師
精通命理：第三眼/寵物溝通/人類圖 /紫微/八字/易經/塔羅/盧恩
📖 暢銷書《真相》👇 結合科學與精神自由
🌿 國際芳療師認證 NAHA/IFA/JMAA
Line：@159vzeci",易怒,not_enough_posts,
tara_micha_1111,Tara's Dreamland Odyssey 泰拉的夢遊仙境 救國團  芳療師 靈性 身心靈 命理 占卜老師,"🛑 警告！宇宙急件：是什麼「壞習慣」正在擋住你的 2026 財路？
💡為什麼你很努力賺錢，戶頭數字卻總是上不去？
這不是運氣不好，你的能量場裡有一個 「漏財黑洞」
💡宇宙現在透過這張牌，要狠狠敲醒你。
請深呼吸，誠實地面對自己的慾望，
直覺選一張最讓你感到「心跳加速」的警示牌：
1.破碎的鏡子
2.滲水的牆壁
3.燒焦的時鐘
4.堆滿雜物的門
⬇️ 請點開影片，並「點選右下的連結」
到IG留言
看是誰在偷你的錢 ⬇️
（💗這邊不開放留言唷）",2026-03-28 13:23:00,"TARA🧠 靈性作家、AI、芳療講師💗用腦科學解構靈性
改寫腦科學的駭客講師x 命理玄學
💡救國團、企業講師
精通命理：第三眼/寵物溝通/人類圖 /紫微/八字/易經/塔羅/盧恩
📖 暢銷書《真相》👇 結合科學與精神自由
🌿 國際芳療師認證 NAHA/IFA/JMAA
Line：@159vzeci",易怒,not_enough_posts,
goodbuyliu,🎀Amanda｜珮珮,"5 個職場訊號：
中了3樣代表你真的該考慮離職了
1.每天上班都在消耗，不是在累積
不是忙，是空。
學不到東西、做的事可替代性超高
這種最可怕，因為你在慢慢變便宜
2.薪資長期沒有成長，但責任一直
增加，你以為你在被重用，
其實只是被當好用
成長 ≠ 更忙
成長 = 市場價值提升
3.你的情緒開始變形
以前開朗 → 現在易怒
以前有耐心 → 現在很厭世
不是你變了，是環境在磨你。
👉 一份工作如果讓你越來越不像
自己，要警覺。
4.你開始害怕嘗試新機會
明明不滿意，但不敢動。
一直說：先這樣好了
👉 這不是穩定，是被困住
5.你已經看得到未來，卻一點都不
期待，最關鍵的一點。
如果你現在的位置，
3年後、5年後的樣子你都看得到，
而且你完全不想變成那樣
那其實答案已經很清楚了。
最後我想用一句比較狠、但很真實
的話收尾：
工作最可怕的不是累，是讓你變得
離你想成為的人越來越遠！
你現在這個階段，其實不是在選要不要離職而是在選你要不要為自己的未來負責",2026-03-29 00:12:00,"🧜‍♀️美妝｜溫養美學｜自媒體
不想再過剛好的人生
🔜I人創業翻盤日記
這裡記錄一個女人 慢慢翻盤的過程
歡迎來麻辣人生觀察室🔍",易怒,business,
goodbuyliu,🎀Amanda｜珮珮,"在藥妝店待久了
真的會變成一種人體雷達😆
有些東西
我自己都不會買（但很多人一直拿）
今天就用打工人的良心
跟你說幾個「拜託先冷靜」的瞬間👇
1. 看到特價就失去理智
很多人一看到「買一送一」直接抓兩組
但重點不是便宜
是你用不用得到…
有些人買完，放到過期我真的有看過😅
2. 只看包裝，不看成分
包裝越美、名字越夢幻，不代表適合你
尤其敏感肌
真的不要拿來賭運氣…
3. 跟風買網紅推薦
很多客人直接拿手機給我看說
「這個很紅，我要這個」
但你知道嗎
每個人的膚質，真的差很多
別人的蜜糖，可能是你的地雷
4. 一次換整套保養
這真的很常見…
結果皮膚出狀況
根本不知道是哪一罐害的😭
5. 忽略櫃姐（或店員）的建議
我們不是要推銷你
而是每天真的看太多案例了
有些東西一看就知道
這個你用了會後悔
最後講一句真心話：
我不是不希望你買
我是希望你買對
因為真正會回來的客人
不是買最多的
是用得有效的
如果你也有踩過雷
留言跟我說一個最痛的😂
我幫你分析
到底是產品問題，還是當時太衝動，
誠實一點",2026-03-28 19:33:00,"🧜‍♀️美妝｜溫養美學｜自媒體
不想再過剛好的人生
🔜I人創業翻盤日記
這裡記錄一個女人 慢慢翻盤的過程
歡迎來麻辣人生觀察室🔍",易怒,business,
goodbuyliu,🎀Amanda｜珮珮,"🌿做了17年的美容顧問，
我才慢慢明白一件事，
很多人來，不只是為了變漂亮。
在門市的這些年，
我看過很多下班後走進來的女生，
臉上帶著疲憊，卻還是習慣說：我沒事。
她們會問保養、問氣色，
但其實我知道，
有些累，是擦再多保養品也蓋不住的。
那是一種，撐了很久的累。
所以後來，我學了艾薰溫罐。
不只是想讓人變好看，
而是希望在這個很忙、很趕的生活裡，
有一個地方，
可以讓妳慢慢放鬆，
不用逞強，也不用說自己很好。
有些人做完會輕輕說一句：
原來我真的很累。
那一刻，
我只是陪著她，慢慢把身體放回來",2026-03-18 20:40:00,"🧜‍♀️美妝｜溫養美學｜自媒體
不想再過剛好的人生
🔜I人創業翻盤日記
這裡記錄一個女人 慢慢翻盤的過程
歡迎來麻辣人生觀察室🔍",易怒,business,
line966957589,李鹿,"前兩行
真的很重要‼️",2026-03-06 05:43:00,"命理 天象 手相 面相/興趣
素食🥕人生 
每個靈魂都有自己的使命
但你妳做的到 真心懺悔🧎",易怒,not_enough_posts,
binc7lin,binc7lin,"我最近粉轉黑了⋯⋯
對aespa的金旼炡產生極大的厭惡。
她讓我感到很不舒服，如果有人討厭我，想要報復我，可以發她的照片給我，這會很有用，最好是高清能做壁紙的那種。",2025-12-02 20:06:00,,厭惡,not_enough_posts,
unalatte8282,長腿女孩拿鐵☕️,"看到這個新聞報導真的很難過😫
昨天才剛看完新的一集，真的覺得宋智孝出現的畫面超級少！ㄧ集一小時多，有她講話的單獨畫面不到三分鐘的感覺，真的很難過💔
以前的宋智孝언니￼明明是ACE等級的，遊戲能力很強、很敢衝、也不怕濕、髒等等，連新人池睿恩지예은畫面都多好多🥺
平時沒有在看Netflix也沒有會員，都是看Running man配晚餐的，一看就是好幾年，￼想學韓文也是因為Running Man而看著學習，￼如果新的一集看完，也不想回頭看舊的了，因為以前很多集都看過了，也覺得舊的集數和現在新的走向不一樣，現在都只看新的，如果看完新的一集後，就會去開YouTube看📺
個人喜好- - ->一開始最喜歡金鐘國，後來喜歡劉在錫，完全可以隔著螢幕感受到他強大的魅力和能力！他真的很有主持功力以及人格魅力，也很願意提拔後輩，給予他們工作機會以及鏡頭表現💯
現在最喜歡梁世燦￼，他很有眼力見也很聰明高EQ，很會煮飯又很會照顧人，感覺在感情裡會是一個好對象￼😆
最後希望宋智孝언니可以振作起來，至少不要被邊緣化嘛😭😭",2026-03-24 19:58:00,"愛怎樣就怎樣🦊
不要浪費這平台 拿來存我存的梗圖好了",厭惡,not_enough_posts,
unalatte8282,長腿女孩拿鐵☕️,"你不用太好，
我喜歡就好
🫶🏻",2026-03-17 22:23:00,"愛怎樣就怎樣🦊
不要浪費這平台 拿來存我存的梗圖好了",厭惡,not_enough_posts,
winni5428,Winni慈🌙,"一個人學生時期怎麼做人，
通常就是他長大後的樣子。
從求學期間就開始考試作弊，做一堆檯面下的奸詐操作的人，打從那時就極度厭惡他的齷齪人品。
誠信對某些人來說，從來都只是選項。
現在出來選市議員，嗯……
只能說有些人不是被抹黑，
只是終於被放在陽光下。
不做虧心事的人不怕人說。
不走歪路的人不怕翻車。
請大家睜大眼睛用心感受！",2026-03-02 15:19:00,"儀式主持人
人生的每一場儀式的感動
都值得被用心說出來，並好好被感受♡
.
☪婚禮主持・抓週……各項活動@winni5428@jt.wedding_#winniinwedding",厭惡,not_enough_posts,
ttttttttt._a,🫐,"我知道為什麼我那麼不喜歡徐仁國的朴慶南這個角色了
因為每次他因為女主的關係而有點心裡小受傷的時候都有微可憐 微委屈的細微表情出現 
每次失望 就出現那個臉！！！
老實說 換作是普通人我是覺得蠻噁心的
就公司會有這樣的人很直球的表白關心做任何動作（在女生可能根本還沒對他有好感時）沒有得到回應 就要表現的失望可憐的神情
其實看起來蠻討厭的
如果可以更豁達 或許還沒那麼反感
所以我才會比較喜歡虛擬徐仁國的設定吧
個性不羈但舒服的自信感 
但也可以證明徐仁國演技好 
一個角色讓我厭惡
另一個角色讓我心動
哈哈哈哈哈精神錯亂我真的
但我還是不明白女主喜歡朴編輯的哪裡
看來看去 她最一開始是因為虛擬徐仁國讓她心動才開始注意到現實中的徐仁國啊",2026-03-13 00:38:00,,厭惡,not_enough_posts,
ifhslen,ifhslen,"有時候會一直思考自己選擇的路到底對不對
當MA是很多商科畢業生的選擇
也是一個非常光鮮亮麗的工作
原本我也是想說就去試看看
還記得當初在面試的過程中 我就深刻有個感覺
這樣汲汲營營的生活好像不是我真的想要的
雖然現在工作也是很忙 但做著自己喜歡的事
好像也是蠻開心 蠻有成就感的嗎
只是還是會一直思考 這樣會不會就有點卡在原地
但說真的…還是有點小迷惘
有一點想去盧森堡試看看找金融業的工作
但好像也就只有想 沒有行動
有時候又會蠻厭惡這樣的自己
知道自己已經不是年輕的學生
其實還是會有點慌張…
很想要向前進 但好像那個動力始終沒辦法把自己推出去…",2026-03-08 22:11:00,,厭惡,pass,
ifhslen,ifhslen,"這幾個月體感覺得自己敢於讓情緒流動了
可能是因為每週諮商讓我練習在日常生活去關注自己的感受吧
最明顯的差異大概是 以前很久很久才會哭一次
每次哭也都是被壓得喘不過氣的時候
現在是看到很多跟愛自己相關的影片或書就會大爆淚
有個感覺就是以前對自己真的好壞好壞
對自己好的第一步應該就是要允許自己可以有這些負面的情緒
這樣應該算有成長吧",2026-03-06 13:32:00,,厭惡,pass,
ifhslen,ifhslen,"「改變和失去息息相關」
今天看到書裡的這句話好有感觸
也不知道自己確切改變什麼了
但至少有努力讓自己閃閃發亮
很多人都說失戀是一個重組自己的機會
不知道我有沒有重組成一個更好的自己
應該是有吧",2026-03-04 13:16:00,,厭惡,pass,
tsaimimi0416,蔡其昌,"台中✈️東京 ✅
台中✈️熊本 ✅
明天飛東京、熊本就要正式首航，持續滿足我們中部五縣市600萬人口的需求，相信我們可以撐起來！
接下來，還有一條大家狂敲碗的日本航線也很有機會，一起期待後續的好消息吧😘",2026-03-29 11:02:00,"▫️現任立法委員
▫️中華民國第9、10屆立法院副院長
▫️ ᴄᴘʙʟ中華職棒大聯盟⚾️第11、12屆會長
-
讓人民，安居樂業",厭惡,non_life,
tsaimimi0416,蔡其昌,"職棒37年正式開打，會長只有一句話🥹
「不管是贏球還是輸球，我們都要繼續挺棒球、愛棒球❤️」",2026-03-29 09:56:00,"▫️現任立法委員
▫️中華民國第9、10屆立法院副院長
▫️ ᴄᴘʙʟ中華職棒大聯盟⚾️第11、12屆會長
-
讓人民，安居樂業",厭惡,non_life,
tsaimimi0416,蔡其昌,"大家關心的塑膠製品問題，我已要求行政團隊務必精準掌握情勢。
行政院回覆表示：目前大賣場供應穩定，至於商圈與夜市等部分缺口，經濟部主動對接調貨，確保基層生意不出現斷層。
而任何企圖囤積哄抬的行為，法務部目前強力稽查，絕不寬貸。",2026-03-27 19:35:00,"▫️現任立法委員
▫️中華民國第9、10屆立法院副院長
▫️ ᴄᴘʙʟ中華職棒大聯盟⚾️第11、12屆會長
-
讓人民，安居樂業",厭惡,non_life,
queenberry23,I。r。i。s,"個人真的真的很討厭不專業的賣家
例如你主打販賣夢奇奇
但是你對夢奇奇根本就不了解
整天在那邊胡說八道
連販售的商品來源款式都搞不清楚
雖然不關我的事
人家就是有本事把錢賺進口袋
但我就是很討厭不懂裝懂的人
因為他冒犯了我最喜歡的夢奇奇
我感到厭惡總可以吧",2026-03-22 18:47:00,I love Lotso and Monchhichi ♡ ♡,厭惡,business,
queenberry23,I。r。i。s,"日本東京迪士尼米奇淺藍色氣球零錢包吊飾$250
三麗鷗Sanrio兔媽媽茉莉兔愛心扣吊飾$250
賣貨便取貨付款",2026-03-22 00:52:00,I love Lotso and Monchhichi ♡ ♡,厭惡,business,
queenberry23,I。r。i。s,"最近附近有一個男的會出來叫買甜點（應該？
可是我都聽不懂他在喊什麼：
各式寶包～有蛋塔、@¥&、$%*、⋯
在樓上非常仔細聽了很久很多次
還是不知道他到底在喊什麼
到底在賣什麼寶包？",2026-03-12 18:14:00,I love Lotso and Monchhichi ♡ ♡,厭惡,business,
yeung1193,Felix Yeung,"野見係一間我食極都唔明嘅拉麵店，佢嘅定位可以好高，人氣一直同附近嘅泓一並駕齊驅，經常有人龍排隊，但究竟係我味覺有問題定點？我對呢家啲湯冇咩好感，雞白淡如水、醬油如蒸魚鼓油，不過有一話一，佢嘅鹽湯我覺得係越嚟越好，不過依然同一線有段距離。
所以我嚟得呢度食基本上剩係會叫鹽湯，佢依家落雞油份量似係越嚟越多，但佢隻雞香味比較清淡，所以落多少少雞油確實有幫助，當然如果覺得太油膩會厭惡，我就覺得可以接受；佢哋店嘅慢煮雞胸好過叉燒，嫩滑得黎又有肉味，係成碗最好嘅地方；最唔鍾意係隻麵，極幼麵之餘仲要偏硬，配雞白湯尚算可以，放起清湯就有點勉強，佢哋經營咗已經兩三年都冇轉過隻麵即係冇轉嘅打算。
#野見拉麵 #太子柏樹街6號地舖 #雞鹽湯拉麵",2026-03-25 20:12:00,拉麵愛好者，萬年誠徵鐘意食拉麵嘅女朋友🤣🤣,厭惡,not_enough_posts,
pili.20032,pili.20032,"還在懊惱中文沒講好
每個人都有不擅長的東西
每個人都希望他成為自己心目中的樣子
100個人就有100個要求
你可以不喜歡他
但是不要攻擊他，要求他什麼
如果他真的令人厭惡
自然會被市場淘汰
不喜歡他的人
一直批評他
他也不會變成你心目中的樣子
喜歡他的人也不會你幾句話不喜歡他",2026-03-26 22:51:00,youtube.com,厭惡,non_life,
pili.20032,pili.20032,"我也想要啊
都抽到別人
世星公主甚麼時候能在職棒遇見你呢？",2026-03-25 13:19:00,youtube.com,厭惡,non_life,
pili.20032,pili.20032,"我覺得台灣人
已經不是把他當啦啦隊來看待
根本已經把他當女兒了
疼愛他已經是理所當然的事
每個人只是希望他在這個家會快樂
你難過，我們也會難過
你開心，我們也會開心
你痛苦，我們也會痛苦
所以，讓他感到幸福吧！",2026-03-23 21:14:00,youtube.com,厭惡,non_life,
turtle.4776235,分享日常,"看到那個11歲的女孩被性侵的文章了
我想說 很多人問她為什麼沒有報警或請學校幫忙
可是對於一個剛發生這種事的人來說
不管年紀 其實絕大部分是不會報警的 那種深深的自我厭惡 還有當時噁心的場景一直不斷的在腦海裡重複 這段時間她要獨自承受可能懷孕的風險 她還沒成年 即使懷孕了也需要監護人陪同才能處理
報警請學校幫忙就等於昭告天下 她以後在學校怎麼生活 警察也一定會請家長過來 而她的家庭狀況也不是很好
至於為什麼選擇在網路上說出來 我想是因為只剩網路可以躲藏",2026-02-25 06:23:00,"分享我的日常
偶爾會分享一些好用的東西",厭惡,not_enough_posts,
turtle.4776235,分享日常,"今天去南投元宵燈會
我跟馬麻走在前面
想說把拔怎麼不見了
我走回去找他的時候發現他在偷拍我跟馬麻
看到我瞄他手機還馬上心虛收起來
我就假裝不知道
你家也有同款悶騷把拔嗎？
快來跟我分享吧！",2026-02-22 01:18:00,"分享我的日常
偶爾會分享一些好用的東西",厭惡,not_enough_posts,
xxy_ssleeo,xxy_ssleeo,"喜歡那對視著的我與妳
吻著那雙唇 唾液交雜著
誰的舌尖更加侵略、纏繞 
彼此都充滿飢渴 隨時都想將對方佔據
那每分每秒 都在想著 如何讓對方更舒服
下一秒我在她耳邊 用行動跟文字訴說著
「妳 現在 是我的。」
「知..知道…了」
示弱的感覺似乎留下了一個伏筆。
她看著我的雙手
欣喜的觸碰那色氣滿滿的雪乳
白皙、柔嫩、細緻
可以感受她平常的用心保養
「甜美的臉蛋下 怎麼藏著這麼色的胸部」
（她更害羞了）
我用雙手撫摸著 沿著胸型慢慢的游移
每次手指滑過的瞬間 
她可以感受到我緩慢輕撫她的胸部
手部的觸感讓大腦更加貪婪、妄想
「任由我擺佈、玩弄」
不時地發出嬌喘聲 
感受到她身體上的顫抖與蕩漾
一次又一次疊加我的興奮及性慾
「妳好敏感」
「很美」
「我喜歡妳的嬌喘聲」
輕觸即顫的尖端，挺起的樣子，讓人更加垂涎
似乎像似對我添了一把慾火
我輕吻著、吸允著、用舌尖調戲著一邊的點
直到那胸上都是我吸允過的印記
另一隻手沒有停下來對她的侵略
用手指細細地摩擦著她那藏不住的
敏感點。",2026-03-29 13:11:00,單,妄想,non_life,
xxy_ssleeo,xxy_ssleeo,"「還好嗎？」
我輕輕撫摸著她的頭
在乎她是不是會有不適感
「還…可以…」
我壓著在她身上
卸下腰間的黑色皮帶
繞起那♾️的樣子
輕輕地套在她的手上
「纏繞在妳手上的皮帶，似乎是加分項的枷鎖」
「妳的手很好看」
我用力的拉緊♾️
也將她的雙手緩制在頭部上
掌心朝向我的畫面
似乎也是在告訴我
她交付全部的自己
「那一副快哭的眼神，承受著一部分的我」
「妳 好美。」
我們享受著那窒息與喜悅交錯的快感
我也像走在鋼索上
兩邊的平衡都不能失去
這種微妙也是我喜悅的原因
有時候也挺複雜
什麼樣的料理都有被限制的吃法
而在這床上
不用在意應該怎麼吃、如何吃
不用在意應該使用什麼樣的餐具
營造的氛圍、視覺的感官、身體接觸的感受、身上散發出的味道以及她無力招架的喘息聲。
而現在的我，只想專注
「品嚐妳」
我壓在她身上注視著
那呼之欲出的雪白雪乳
黑色細肩帶的內衣
兩者之間的對比 形成更大的反差
我將那黑色內衣 卸下的瞬間
我也迫不及待，蠶食殆盡。",2026-03-25 21:42:00,單,妄想,non_life,
xxy_ssleeo,xxy_ssleeo,"前往飯店的路途上
妳與我從不相交的平行線
橫跨山脈的見面
即將在這 
碰撞出火花。
關上門，男人、女人互相交視了幾秒
彼此的瞳孔裡，藏著名為炙熱、喜悅、驚喜、慾望。
炙熱
緩慢的時間與脫衣速度形成反差。
從外面下著雨的落地窗看進來，
相互擁吻的兩人，氛圍使然。
可以感覺到她的氣息同步
而那性感的雙唇也漸漸逐寸潤濕。
相互擁吻著，我們沒有發出任何文字訊息
而是喘息聲、親吻聲、嬌喘聲
耳邊一陣又一陣不停的
那內心想佔有彼此的慾望越來越深⋯
⋯也 越大。
「像純粹被情慾控制的生物樣」
她脖子慢慢感受被我手掌包覆著
手掌的溫度略顯炙熱
慢慢的感受那手指將脖子上皮膚
擠壓、變深、變滿
而她的臉上的表情也逐漸出現變化
她是興奮、享受、痛苦、難受、喜悅
那過程對我來說
「是藝術品」",2026-03-22 20:07:00,單,妄想,non_life,
kh9_0094,kh9_0094,"謝謝我的朋友謝謝我的朋友謝謝我的朋友
不敢相信 原本都不敢妄想 賢求自拍⋯😭",2026-03-28 12:32:00,"천재기타 강현구🎸💜
愛貓人士🐈‍⬛愛看勇姜⚔️🛡️",妄想,non_life,
kh9_0094,kh9_0094,救命🥹💜,2026-03-16 19:10:00,"천재기타 강현구🎸💜
愛貓人士🐈‍⬛愛看勇姜⚔️🛡️",妄想,non_life,
kh9_0094,kh9_0094,"🐈‍⬛不會刪掉的（直播檔）…只是覺得今天馬上離開直播有點可惜，所以又短暫地開了一下直播，最近我是用這種方式在彈吉他的
謝謝姜賢求留檔絕讚的吉他直播 可以邊做事邊聽了🥹",2026-03-14 19:54:00,"천재기타 강현구🎸💜
愛貓人士🐈‍⬛愛看勇姜⚔️🛡️",妄想,non_life,
kittypunii0,🐱被姜哥認證的得意🐽💖,正式宣佈 今日！我係最幸福嘅人！！💖💖aka被姜B稱得意嘅人🙂‍↔️👌🏻簽唱會之前我已經無限ff同佢上台玩遊戲😂所以一早諗張牌要寫咩吸引到揀我 甚至諗埋張即影即有要一齊俾猫耳 恭喜自己今次真係妄想成功😂🙏🏻上台嗰一刻我淨係想講姜濤好靚仔😂😂（同台下睇唔同㗎！😂😂😂）我仲沉醉緊姜嘅美色當中 原來佢都望緊我 就同我話：你着得咁得意嘅～ 我真係😳😳😳呀！！ 仲接住問我幾多歲喎😂😂想講呢個頭 我起碼諗咗兩個禮拜😂日日都思考緊紮咩髮型 件衫都係特登出去買件新嘅（嗰陣我仲心痛緊自己啲錢 覺得好貴😂😂）而家咩都值得了 唔心痛了😙比猫耳嗰陣佢應該好想拒絕好怕羞 但我唔同意！😂😂影完之後佢仲同我講 其實我年紀都唔細😂😂（明明很可愛啦！）而家仲瘋狂j緊啲相😂我當張即影即有￼你係望住我㗎啦！😛😛大家仲有啲咩片咩相記錄到嗰個moment嘅 都歡迎send俾我！😭😭感謝各位 姜濤愛大家🫰🏻🫰🏻,2026-02-28 19:37:00,記住你心 還有願望🎀,妄想,not_enough_posts,
wyc.0629,安安,"我大名叫安雲墨
小名可以叫我：安安、小安、老安也可以叫我元寶（有關我名字的都行）後面要加老師、大大、太太什麼的稱謂我是無所謂啦（有點不好意思）
1000歲的仙人、默默無名的耽美小說家，立志出版自己寫的耽美愛情小說。
虐文起家，車文居多，不定時掉落小甜文🫶🏻
是個被稱為各項全能的人（自肥）
( ´ ▽ ` )ﾉ￼
棉花糖在這，可以問我想問的問題or點菜（出菜速度如此之快）
marshmallow-qa.com/58miz…
￼
點菜二～Google 表單，有重肉文要點可以用這個！
docs.google.com/forms…
點菜三～匿名ngl ！
ngl.link/wyc.0…
@chenxx.0901
@chenxx.0901
家妻在這💍",2026-03-14 22:29:00,"#不定期更新、每週六日會多一點
#一位默默無名的耽美小說家
請大家多多支持
✏️2025.4.3
「黑雲翻墨未遮山，白雨跳珠亂入船」
CXC、KadoKado連載：
《夢囈》、《九月時雨》@chenxx.0901我老婆",耐受性,not_enough_posts,
sumi_spa_,蒔覓Sumi采耳 採耳工作室,"想請問大家有沒有推薦助眠的方法
最近嚴重失眠 整個睡眠品質超差🫠",2026-03-27 13:40:00,,失眠,not_enough_posts,
siling_00511,Cici Lu,"大失眠…..
有誰還沒睡的！？舉起你的右手🙋🏻‍♀️",2026-03-29 03:18:00,"義式冰淇淋店打雜工🍨 
分享生活・工作樂趣 
ISFJ偽裝成E人的日常🤖",失眠,not_enough_posts,
siling_00511,Cici Lu,我要瘋掉 真的超屌！！！,2026-03-28 22:20:00,"義式冰淇淋店打雜工🍨 
分享生活・工作樂趣 
ISFJ偽裝成E人的日常🤖",失眠,not_enough_posts,
jl78925,JL,"不知道有沒有人跟我一樣現在失眠？
莫名一種奇怪的磁場",2026-03-29 02:37:00,,失眠,not_enough_posts,
jl78925,JL,台灣的空氣髒到一個很煩躁,2026-03-20 22:12:00,,失眠,not_enough_posts,
ey_494,EY是依歪,"不知道各位記不記得2月有一天也是全台灣幾乎失眠
今天好像是三月大家集體失眠",2026-03-29 04:19:00,"EY是依歪
一個平平無奇的人類",失眠,pass,
ey_494,EY是依歪,對 就是你 就現在 我很無聊 所以 給我發訊息 打個招呼或一個句點也好 好久沒看到陌生訊息有東西了,2026-03-28 01:12:00,"EY是依歪
一個平平無奇的人類",失眠,pass,
ey_494,EY是依歪,睡了嗎各位 報數！,2026-03-27 00:18:00,"EY是依歪
一個平平無奇的人類",失眠,pass,
yamato1352_,大和くん,點解今日好似特別多人失眠,2026-03-27 05:04:00,"サッカー//カメラ//一人旅//
日はまた昇る//
yamatophotography_",失眠,pass,
yamato1352_,大和くん,家陣係咪要拎返政治cv先可以屌鳩人🙏,2026-03-22 10:32:00,"サッカー//カメラ//一人旅//
日はまた昇る//
yamatophotography_",失眠,pass,
yamato1352_,大和くん,Sir Lewis😭 finally,2026-03-15 16:56:00,"サッカー//カメラ//一人旅//
日はまた昇る//
yamatophotography_",失眠,pass,
gecko.4937841,歐陽莉妠,"這個時間還有跟我一樣 未睏的嗎？😂
靠北失眠了🥹",2026-03-29 04:21:00,愛笑的人運氣總不會太差,失眠,not_enough_posts,
gecko.4937841,歐陽莉妠,晚餐還沒吃🥺🥺,2026-03-28 20:31:00,愛笑的人運氣總不會太差,失眠,not_enough_posts,
shenghongcai9402,Tsai Shenghong,"有人失眠嗎
還是有人已經起床了
隨便了 早安各位脆友",2026-03-28 05:38:00,"二寶爸
我有兩個可愛的女兒🧑‍🧑‍🧒‍🧒😍
持續分享旅遊景點✈️美食🎉親子育兒🎉團購❤️
有興趣歡迎追蹤Ig
🇹🇼🇯🇵🇹🇭🇲🇾🇦🇺🇻🇳🇰🇷🇳🇿🇵🇭",失眠,not_enough_posts,
__yttt.09,歪踢´••`,希望我男友不會因為我的脾氣和壞情緒而離開我🫩,2026-03-01 23:46:00,想留下的自然會留下。,失眠,not_enough_posts,
xinyi_song515,Stacey,"搬家後這兩個月都睡不好 
一直睡睡醒醒有什麼方式可以比較好睡
求解🤦🏻‍♀️難不成真的要去祭改+收驚了嗎",2026-02-25 22:08:00,"不知道打什麼
先暫時這樣空著如何^_^",失眠,not_enough_posts,
blingblingtsang,Bling Bling Tsang,不要廣告，一人一個解決失眠的方法😭！,2026-03-04 06:26:00,"ᴇsғᴘ ㅤ◡̈
.
🐬вelongѕ тo ocean lιĸe a dolpнιn.
🐱 @fantuen_mashu 
.",失眠,not_enough_posts,
jeffi118,jeffi118,"年過30炫富的方式不是錢、車子、房子
是你前一晚睡覺智慧手錶偵測
睡眠分數有沒有90分以上
如果你沒有金錢壓力
每晚睡眠分數都超過90分
那你就是100分的人啦！！！",2026-02-21 18:54:00,,睡眠問題,not_enough_posts,
bobo072191,糬”（abbey),"失眠到很困擾
睡眠狀況超兩極…
要嘛睡超過14小時
要嘛一天半完全睡不著
很常到晚上就很難睡
難道要半夜去兼差？
還是要換個做一休一的工作？
好煩躁",2026-02-12 07:56:00,這裡目前只發廢文😘,睡眠問題,not_enough_posts,
nuowant_bio,諾旺生醫 Nuowant Bio,"今天是世界睡眠日💤 
各位脆友們平均一天睡幾小時？
小編從學生時期就是夜貓族
以前都泡在工廠做作品跟畫圖搞到快天亮
現在是追劇滑手機到12點就被迫熄燈
幸好沒煩惱時都是秒睡🤣
大家也跟我一樣嗎？",2026-03-13 14:55:00,"位於高雄 ❝ ISFP的不專業小編❞
諾旺生醫｜只想發廢文，海巡時間隨機
自有產品 & 代工OEM｜食品廠 ＆ 妝品廠都有喔~
快來跟我用脆聊天(⁎⁍̴̛ᴗ⁍̴̛⁎)
※ 產品賣場與品牌介紹請見連結👇",睡眠問題,not_enough_posts,
emma_dew17,采穎💗,"我想問一下～
有沒有女生朋友想認識多一點女性朋友
平時生活，上班，非常疲累
那我們也成立一個女生的社群，大家都會分享生活 興趣 日常 ，不管開心還是不開心的事 大家都會陪著你度過每一天
如果你也想認識更多朋友
歡迎加入我們的社群來陪伴大家吧",2026-03-08 16:00:00,"💕 化妝是魔法|素顏也要自信 
📍 生活美學愛好者📷 記錄每一次變美的瞬間🥰",疲累,business,
emma_dew17,采穎💗,"我想問一下～
有脆友對身心靈有興趣的嗎？
我朋友有一個社群
大家都在討論身心靈課程內容
有興趣的朋友們想加入嗎？
歡迎私訊我囉🥰",2026-03-07 22:23:00,"💕 化妝是魔法|素顏也要自信 
📍 生活美學愛好者📷 記錄每一次變美的瞬間🥰",疲累,business,
emma_dew17,采穎💗,"廣大的脆友們～
我請問一下
有沒有推薦的社會福利機構可以讓老師過去授課的呢？
我們社群有非常多課程老師
想到
老人福利機構
身心障礙福利機構
兒少安置機構
做公益授課的部份
脆友們能推薦給我嗎？
謝謝🥰",2026-03-07 11:28:00,"💕 化妝是魔法|素顏也要自信 
📍 生活美學愛好者📷 記錄每一次變美的瞬間🥰",疲累,business,
lklkalamm,Kalam|👀美睫師老闆娘,"呢排成日睇住Calendar 仲有13日就離開呢間公司😌
唔知點講總之就好想快D走 
今次係第我人生第二份工裸辭
真係做到身心疲累😮‍💨 好想比自己抖下",2026-03-26 19:37:00,"𝕴𝖋 𝖞𝖔𝖚 𝖈𝖆𝖓 𝖉𝖗𝖊𝖆𝖒 𝖎𝖙 𝖞𝖔𝖚 𝖈𝖆𝖓 𝖉𝖔 𝖎𝖙🤍
👀美睫師老闆娘x愛美愛健康的天秤座⚖️
勇於追夢的30+女生|
人生不只一份收入|
提升自己學會獨立賺錢💰
曾受下巴痘痘肌困擾｜幫助解決皮膚問題
居家也能「做醫美」
𝕭𝖔𝖘𝖘 𝖔𝖋:@eyelikeme.23",疲累,business,
lklkalamm,Kalam|👀美睫師老闆娘,"你哋有冇試過去旅行有大頭蝦事件發生
我就係今日飛台北，我竟然忘記咗要整台證
好彩尋晚醒起🙂‍↕️🙂‍↕️🙂‍↕️即刻返公司Print 😂",2026-03-19 09:28:00,"𝕴𝖋 𝖞𝖔𝖚 𝖈𝖆𝖓 𝖉𝖗𝖊𝖆𝖒 𝖎𝖙 𝖞𝖔𝖚 𝖈𝖆𝖓 𝖉𝖔 𝖎𝖙🤍
👀美睫師老闆娘x愛美愛健康的天秤座⚖️
勇於追夢的30+女生|
人生不只一份收入|
提升自己學會獨立賺錢💰
曾受下巴痘痘肌困擾｜幫助解決皮膚問題
居家也能「做醫美」
𝕭𝖔𝖘𝖘 𝖔𝖋:@eyelikeme.23",疲累,business,
lklkalamm,Kalam|👀美睫師老闆娘,"好期待好期待
黎緊去台北新竹市個邊學撥筋🙈
毎次學新技能我會特別興奮😆
你地呢？你地最近有無想學一技之長阿？",2026-03-16 16:59:00,"𝕴𝖋 𝖞𝖔𝖚 𝖈𝖆𝖓 𝖉𝖗𝖊𝖆𝖒 𝖎𝖙 𝖞𝖔𝖚 𝖈𝖆𝖓 𝖉𝖔 𝖎𝖙🤍
👀美睫師老闆娘x愛美愛健康的天秤座⚖️
勇於追夢的30+女生|
人生不只一份收入|
提升自己學會獨立賺錢💰
曾受下巴痘痘肌困擾｜幫助解決皮膚問題
居家也能「做醫美」
𝕭𝖔𝖘𝖘 𝖔𝖋:@eyelikeme.23",疲累,business,
phang.lab,Phang Lab,這2天異常的疲累，都睡了十幾個小時才緩過來，這幾天的太陽能量累積很巨大，聽說是有很多能量在反轉更新，大家都有感嗎？,2026-03-19 10:18:00,"我的名字，Phang的發音：ㄆㄤ
100%天然大豆蠟、椰子蠟、植物油脂、100%天然精油，無定香劑、穩定劑
黑暗浴是我們的核心life style, 療癒就從黑暗開始，拿回彼此的力量。",疲累,not_enough_posts,
nihialihi,nihialihi,"第五次化療結束了，但心理上對化療的抗拒感越來越明顯。
現在只要一想到要躺在病床上，看著藥慢慢打進身體裡，就會開始反胃，甚至還沒打就已經有噁心想吐的感覺 🤢
接下來還有 3 次化療 + 12 次放療，光想到就覺得好漫長、好痛苦。
而且這次打完特別疲累，幾乎整天都在家裡睡覺，身體跟心理都有點撐不住的感覺 😞
不知道大家有沒有什麼方法，可以幫助減輕化療帶來的噁心感，或是讓自己比較不那麼害怕面對下一次治療呢？",2026-03-22 19:41:00,,疲累,not_enough_posts,
tsoichris,Chris Tsoi👸🏻｜周大福人壽｜財務策劃總監,"0.3 的驚險，與火焰雪山的浪漫
第二次化療後的第七天，本是休息週，卻經歷了一場有驚無險。
早上 9 點抽完血回家，11 點便接到醫院緊急電話：
白血球竟降至 0.3，必須立刻回醫院補打升白針。
0.3 是什麼概念？那是幾乎失去抵抗力的危險邊緣。
看著媽媽依然平靜、毫無怨言地配合，我真的無比佩服她那超乎常人的忍耐力。
奔波完醫院，我們還去諮詢了私家醫生關於 KRAS-G12C 臨床研究的可能性。雖然身體疲累，但我們決定要把這一天過得精彩。
我們去了一間老牌酒店吃西餐。
能換個環境、吃頓好飯，她眼裡的笑意藏不住。
我們還特別點了她年輕時愛吃的「火焰雪山蛋糕」。
看著那團藍色的火焰在雪山上燃燒，彷彿也點亮了她少女時代的回憶。
原本想帶她去看黎明演唱會，她怕體力不支決定缺席，我笑著說：「唔緊要，我唱畀妳聽！」
她隨即輕輕哼起：「Sayonara oh Sayonara oh…」
我立刻接上：「是你（阿）媽，手執鮮花的一個」
雖然是奔波疲累的一天，但能在歡笑中一起共進晚餐，我已滿懷感恩。
#陪你打這場仗 #化療日記 #火焰雪山 #珍惜當下 #胰臟癌照顧者 #黎明演唱會 #我的親愛",2026-03-28 21:06:00,"厭倦辦公室政治，轉換跑道創業
感受你所感受的，歡迎交流",疲累,business,
tsoichris,Chris Tsoi👸🏻｜周大福人壽｜財務策劃總監,"3月19日，迎來第二次化療，過程可謂有驚無險。
原本3月18日就要打針，卻因血色素跌至7.5、白血球僅1.2而不合格。那天只能先打升白針，直到3月19日才順利補上。政府醫院床位極其緊張，真的非常感謝護士們的幫忙與協調。
這是一場體力與耐心的馬拉松。從上午11點等到下午4點多才開打，直到傍晚6點多才完成。
失去胰臟的媽媽需要嚴格控制血糖，我們用感應器監測，每小時都要餵她吃一點東西。看著她在醫院漫長等待的疲態，心裡滿是不捨。
現在的我，每天都把相處當作最後一天。只要見面，我就會給她一個紮實的「熊抱」——是真的熊抱那種。我想用這份體溫告訴她：無論舒緩治療的路有多長，我都會緊緊抱著妳，陪妳走下去。
#陪你打這場仗
#第二次化療
#血糖管理
#熊抱的力量
#珍惜當下",2026-03-22 22:27:00,"厭倦辦公室政治，轉換跑道創業
感受你所感受的，歡迎交流",疲累,business,
tsoichris,Chris Tsoi👸🏻｜周大福人壽｜財務策劃總監,"3月13日，是媽媽開始第一次化療的日子。
因為當時我不在香港，只能由阿姨和舅父陪著她去醫院。身在外地的我，只能透過視像通話與媽媽聯絡。
當媽媽化完後，跟她視像，我也忍不住流淚了。
那種心情極其複雜：
有無法守在身邊陪伴的愧疚，有看著她即將承受藥物副作用的心疼，更有那份卑微卻強烈的期盼——希望這場仗，我們真的能打贏。
雖然相隔兩地，但我的心始終緊緊繫在媽媽身上。
看著螢幕裡依然堅強的她，我只能在心裡默默祈禱：
藥物啊，請你溫柔一點；
媽媽，請妳一定要撐住，等我回來抱妳。
#陪你打這場仗
#第一次化療
#遙遠的陪伴
#胰臟癌日記",2026-03-22 07:57:00,"厭倦辦公室政治，轉換跑道創業
感受你所感受的，歡迎交流",疲累,business,
tsoichris,Chris Tsoi👸🏻｜周大福人壽｜財務策劃總監,"殘酷的真相，與頑強的生命
3月12日，我們見了第三位醫生，政府醫生。
他的話毫無修飾，甚至近乎殘酷。
他直言癌症已擴散，現在的治療不再是「醫治」，而是「舒緩」。
當媽媽問化療要多久，他冷冷回答：「做到你不能做為止。」他甚至預言，胰臟癌病人通常只有半年，最多一年。那一刻，空氣彷彿凝固，他差點就直接說出那句最殘忍的話。然後，他看著媽媽問：「你做不做？」
在還沒消化這一切、沒問清細節時，我們就被逼著做出決定。因媽媽低鉀、貧血，最終選擇較溫和的方案：先嘗試一種化療藥。
媽媽的堅強再次震撼我。聽完那番「判死刑」的話，她沒放棄，反而更努力進食。即使沒胃口，也堅持每小時吃一點，只為積攢體力對抗藥物。化療後第三天，疲累感如期而至，她整天躺在床上，虛弱得讓人心疼。但休息後，她又奇蹟般好轉。
我不知道醫生的直白是好是壞，但他確實把我們不敢說的真相，血淋淋地攤開了。現在，我們不再想那「半年」，只想守護好眼前的每一餐飯。每一秒的堅持，都是媽媽對命運最頑強的反擊。
#陪你打這場仗 #殘酷的真相 #舒緩治療 #頑強的生命力 #珍惜每一刻",2026-03-19 07:55:00,"厭倦辦公室政治，轉換跑道創業
感受你所感受的，歡迎交流",疲累,business,
destinychartmaster,destinychartmaster,"2026 丙午年：丁火日主的運勢指南
丙午年來臨，對丁火的人而言，是「光芒四射」的一年，但同時也要小心「喧賓奪主」。今年的核心策略，就是借力使力，同時守住自己的底氣。
表現最亮眼的生肖
屬牛、屬龍
你們今年有「食傷生財」的格局。丑土、辰土就像兩塊濕土，能吸收丙火過旺的燥氣，保護丁火不被焚燒，同時轉化為財氣。對你們來說，今年最適合悶聲累積，低調行事、悄悄發財。
屬蛇
火旺無懼，靈活度高，能順利與丙火共舞。人際關係極佳，尤其在團隊合作或社群經營上，能順勢借力上位。今年是你展現影響力的好時機。
需要留意的生肖
屬鼠
子午相沖，祿神受擾。容易感到身心疲累，也可能招來口舌是非。建議上半年初一到十五去廟裡點平安燈，保護運勢平順。
屬馬
午午自刑，自我要求高，但容易產生懷才不遇的挫折感。劫財帶來破財風險，今年不宜涉足博弈或高風險投資，凡事多守為上。
開運小提醒
丁火最需要「存在感」。丙火雖亮，但丁火有自己的穿透力，靠說話與表達來建立價值最有效。建議穿搭上加入金色或銀色配件（金生財），能將火氣轉為財運；飲食上多喝蜂蜜水，保持喉嚨清爽，也有助於提升你的影響力。",2026-03-29 13:35:00,"用光之卡牌照見心靈方向
解析八字，洞察人生起伏
紫微斗數看運勢，指引關鍵時刻
想釐清感情、事業、財運或人生困惑
私訊我，親自為你解盤與建議",疲累,not_enough_posts,
afacat88,趙宏祥,"🚗 讓回家的疲累舒展開來，美美的電腦誰不愛😍
󠀠
✅ 順跑遊戲
✅ 繪圖不卡
✅ 多工超順 
󠀠
🖥 全新配置：
🔸 處理器：R5-7500F + 6銅管超導熱RGB塔散
🔸 主機板：ASUS B840M-A DDR5
🔸 記憶體：威剛 D5/5600 16G
🔸 顯示卡：ASUS RX9060XT 8G
🔸 ＳＳＤ：TeamGroup 512G SSD
🔸 電　供：YAMA 650W 銅牌（全新）
🔸 配　件：編織訂製理線套組
🔸 機　殼：玻璃海景房機殼 + 5顆可變光扇（可關燈）
 （30幾種燈效切換及1000多種主題下載更換）。
󠀠
💰 售價：$31,800
🔹 汐止自取
🔹 貨到付款
🔹 刷卡分期
🔹 無卡分期（0元交機，下月繳費）。
󠀠
🔧 保固：
🔹 精緻整線＋專業組裝
🔹 燒機🔥 / 壓力💪 / 還原🔄 三重測試
🔹 系統驅動、防毒、BIOS及Win Update全更新
🔹 出貨即用免重灌
🔹 遠端，線上即時協助
🔹 原廠3~5年及終身保固不等，多重安心
󠀠
🙇‍♂️ 歡迎留言或私訊詳談：
🔹 02-86475822／ʟɪɴᴇ@mien
🔹 實機拍攝／規格可改",2026-03-29 11:57:00,MiEN米恩電腦,疲累,business,
afacat88,趙宏祥,"🚀 電競電腦｜順跑遊戲｜RGB炫光外觀｜剪輯實況多工不卡
󠀠
✅ 強悍效能配置
✅ 開機快速・運行穩定
✅ 外觀時尚RGB燈效
✅ 遊戲 / 工作 / 娛樂 一機搞定
󠀠
🖥 全新配置：
🔸處理器：R7-8700F + 6銅管導熱RGB塔散
🔸主機板：華碩 B840M-A
🔸記憶體：威剛 D5/5600 16G*2／共32G
🔸顯示卡：技嘉 RTX5060 Max OC 8G
🔸ＳＳＤ：美光 E100 M.2 1TB
🔸電　供：YAMA 650W 銅牌
🔸配　件：編織訂製理線套組、燈色遙控盒。
🔸機　殼：玻璃海景房機殼 + 9顆燈效扇（可關燈）
（前、後置TypeC，附遙控器、50幾種燈效切換及1000多種主題變換）。
󠀠
💰 售價：$42,800
🔹汐止自取（北北基親送+$500運費）
🔹貨到付款
🔹刷卡分期
🔹無卡分期（0元交機，下月繳費）。
󠀠
🔧 保固：
🔹原廠3～5年及終身保固不等。
🔹開機及燒機穩定測試影片才出機。
🔹線上即時諮詢及排除等。
󠀠
🙇‍♂️ 歡迎留言或私訊詳談：
🔹02-86475822／ʟɪɴᴇ@mien
🔹實機拍攝／插電即用／規格可改",2026-03-28 20:59:00,MiEN米恩電腦,疲累,business,
afacat88,趙宏祥,"💥 一台搞定工作與娛樂的高效能電腦
󠀠
🎮 遊戲效能爆發
🌈 RGB燈效超有感
💨 散熱優秀長時間不卡
󠀠
不論是
👉 打排位
👉 開實況
👉 多開程式
都能穩穩駕馭 💪
󠀠
🖥 全新配置：
🔸處理器：R7-7700 + 大飛溫顯360水冷
🔸主機板：華碩 B650M-AYW WiFi 
🔸記憶體：金士頓 D5/6000 16G*2／共32G
🔸顯示卡：技嘉 RTX5060Ti WF 16G
🔸ＳＳＤ：美光 M.2 1TB
🔸電　供：全漢 750W ATX3.1 金牌
🔸配　件：編織訂製理線套組、燈色遙控盒
🔸機　殼：玻璃海景房機殼 + 9顆燈效扇（可關燈）
（附遙控器，50幾種燈效切換及1000多主題變換）。
🔸系　統：Win11
󠀠
📦 售價：$52,800
🔹汐止自取
🔹貨到付款
🔹刷卡分期
🔹無卡分期（0元交機，下月繳費）。
󠀠
🔧 保固：
🔹開機及燒機穩定測試影片出機。
🔹原廠3～5年及終身保固不等。
🔹免搬機，線上即時諮詢及排除等。
󠀠
🙇‍♂️ 歡迎留言或私訊詳談：
🔹02-86475822／ʟɪɴᴇ@mien
🔹實機拍攝／插電即用／規格可改",2026-03-28 17:59:00,MiEN米恩電腦,疲累,business,
jesca_y,Jesca,"求推薦雙北彌月禮盒
內容物最好有蛋糕的
試吃希望可以用寄的
（今天出去走了板橋一條街走到疲累的不行🥴🫠🫠🫠🫩）
今天去看了郭元益、金格、禮坊
看了其他家試吃必須要去現場的孕婦只覺得累
🥲",2026-03-22 18:27:00,🐱🐱,疲累,not_enough_posts,
wu.songquan,wu.songquan,"修不好的車 × 冷漠服務 = 噩夢的開始
三陽粉絲看不下去可以滑走（沒有要跟你們戰），我只是想分享親身經歷。買到「車王」算我倒楣，但最失望的不是車，而是服務態度。
我的車才剛買三個多月，也還在保固內，卻已經五次出保：換座墊、汽油油量計、行李箱總成、副廠膠條（還是高雄服務站自己要求要換的副廠膠條，不是原廠件）、汽油浮筒。結果修了五次問題依舊，甚至同一個地方修了五次，還是沒修好。
經銷商和高雄服務站只會叫我把車送去新竹，卻完全說不出「怎麼修、怎麼處理」，只丟下一句至少要放一個月。結果只給我一台小到轉龍頭就卡腳的小車當代步，我183高大身材根本不適合。詢問能不能換一台大一點？回答只有：「沒有，就是這台。」
打0800客服？只會轉回高雄服務站，原廠至今沒任何聯繫。等到後面幾次修不好，我才提出退換車的要求，卻被當空氣，只是一昧要求繼續修。但前幾次根本就沒修好，我還要怎麼相信？
銷量第一，服務卻不咋滴👎
在說的就是你，三陽‼️
底下附上車行與高雄服務站一起測試的影片。因為在大雨過後，我的車廂內物品全濕，所以車行改用沖水的方式模擬大雨情況。但即使經過五次保固，車廂進水及油量不準依然沒有解決",2025-09-27 21:21:00,"被三🐑搞到沒心態不想玩二輪的大學生😮‍💨
決定乖乖的回去玩老爸的🚗🤣",噩夢,not_enough_posts,
wu.songquan,wu.songquan,呃…停好車要去上課的路上看到這台車🤣超兇der🤣,2025-09-17 20:31:00,"被三🐑搞到沒心態不想玩二輪的大學生😮‍💨
決定乖乖的回去玩老爸的🚗🤣",噩夢,not_enough_posts,
simonyuen15,simonyuen,"宏志閣樓齡40幾年，大火令外牆維修爛尾，又狂灌3日水去救火，石屎隨時剝落、滲水嚴重…
宏志閣248戶有136戶業主贊成：「願意被收購！」超過一半人想走！
工聯會立法會議員鄧家彪話，街坊最擔心樓宇結構有問題，怕日後維修變成噩夢！
舊樓變「驚魂樓」，大家寧願換新屋過新生活啦🏬🌈",2026-03-24 12:10:00,,噩夢,non_life,
simonyuen15,simonyuen,"聽我住宏福苑個死黨講，江祥發呢個人真係極度黑心兼自私！當年佢喺法團嗰陣，夾硬推嗰份 3.3 億天價維修，每戶要嘔十幾萬出嚟，仲要換埋啲垃圾易燃物料，根本係攞街坊條命嚟較飛！
最令人火滾係大火死咗咁多人，事後扮到自己完全唔知情咁，人格真係有好大問題。平時對住啲反對佢嘅業主就口輕輕、態度囂張，依家出咗事先嚟扮無辜，諗起佢嗰副嘴臉都覺得想嘔！",2026-03-19 21:31:00,,噩夢,non_life,
simonyuen15,simonyuen,"嘩，屌，岩岩聽證會嗰度講話個調查發現大部分防火設備未能正常運作，消防喉完全關閉，水箱完全無水
宏福苑管理處/法團係咪食曬晒屎！！！根本呢班人就係幫兇，間接害死班居民！一定要追究到底😡",2026-03-19 13:39:00,,噩夢,non_life,
brianl.pessoa,Brian Liu,"美以聯軍空襲伊朗煉油廠後，為德黑蘭帶來超現實噩夢，街道「石油成河」，濃煙衝上半空形成「石油雨」的生態災難，紅新月會警告全民提防雨水有毒。此時想必有人會搶着說：「死左膠！總好過接受神權統治！」
轟炸首日，哈梅內伊遇刺身亡，確有市民上街載歌載舞，但當第三天空襲鋪天蓋地，無辜死傷增多，死亡恐懼開始主導氣氛，大家都在想如何活命。
這邊廂神權沒有倒下，那邊廂殺紅了眼的美國戰爭部長赫格塞斯興奮宣告：「整天都是從天而降的殺戮與破壞！」如今，伊朗人既要面對革命衛隊的地上檢查站，亦要為美以空襲而心驚膽顫，受三個政權同時夾攻。
以為哈梅內伊與多名高層斃命，神權統治就會瓦解，正是陶傑之流的右翼民粹最大盲點：以為歷史只是幾個大人物決定，只要幹掉大魔頭，世界就會自動重啟，把複雜政治簡化成斬首行動，輕視建制的力量——霍梅尼開創的神權體系，是深植於社會經濟結構的國家機器，不會因幾個高官死亡自動解體。
肯定有人反駁：「就打到它解體為止！」在這些人眼中，所有問題都可以用火力解決，但當權力網絡盤根錯節，革命衛隊掌控民生經濟部門，火力全開就意味着破壞更多民生基建，而有毒「石油雨」僅僅是這場全民攬炒的大崩壞凶兆。",2026-03-10 08:48:00,重新安放自己的前傳媒人；用旅遊/研究/閱讀/寫作，向世界的無限可能敞開，努力在滲透日常的戰爭邏輯下獨立自持,噩夢,non_life,
brianl.pessoa,Brian Liu,"給關心伊朗人的朋友：
美國伊朗裔學者巴祖莉（Narges Bajoghli）親自記錄，美以軍事行動以來，西方的伊朗裔離散社群如何糾結與內訌——既慶祝獨裁者死亡、擔心親戚安危、又哀悼同胞喪生、亦痛心於出生地受戰火摧殘。
節錄：
巴祖莉寫道：「過去一星期，在餐桌上、聊天群組中，以及被封鎖電話號碼的沉默中，美國伊朗裔社群正在撕裂。」
散居海外的伊朗人，一直存在著內訌，但今日的分歧不能完全用過去的政治分界理解，變的是整個氛圍：立場急速兩極化，你以為了解其政治立場的人，取態卻叫你意想不到。
巴祖莉寫道：「如果要粗略劃分：一方將這場戰爭視為遲來了的解放——無論代價為何，政權終於要垮台；另一方則認為，慶祝炸彈落在孕育自己的國家是一種扭曲心理，是令人作嘔的行為。但如此粗略概分，其實是存在曲解，因為在我認識的人當中，幾乎沒有人完全處於兩極。」
「我遇到的人，都是在這些意識之間交戰：他們鄙視伊朗的統治集團，有的家人在獄中喪生，有的幾十年來都想着要政權倒台，但他們實在無法因伊朗兒童死亡而慶祝。」",2026-03-09 08:59:00,重新安放自己的前傳媒人；用旅遊/研究/閱讀/寫作，向世界的無限可能敞開，努力在滲透日常的戰爭邏輯下獨立自持,噩夢,non_life,
brianl.pessoa,Brian Liu,"當大家慶祝哈梅內伊被炸死，印度有大批什葉派上街哀悼，巴基斯坦更有20名信徒衝擊美國領館被殺。
相信好多人正準備恥笑，笑！即管笑！現實是這班信徒的信仰，跟台港川粉精神結構是極其相似。
台港川粉不是美國納稅人，不會承受任何政策後果，支持川普只是龐大政治無力感的心理補償、反「左膠」與自由主義偽善的圖騰。台港崇拜川普不是基於了解，一切是源於內在需求，意義相當抽象。
哈梅內伊的意義相似，國外信徒不用面對革命衛隊子彈，只要一位宗教精神領袖、反西方政治圖騰，跟癡迷特朗普的強人崇拜無實質分別。
若論神學造詣，哈梅內伊經常受質疑，什葉派有更德高望重的學者，但政治令哈梅內伊地位似「什葉派教宗」。有信徒大哭：「我們的伊瑪目死了！」這代表事件已超越世俗，接通千年前伊瑪目胡笙對抗暴政而殉難事蹟，令仇恨進入神聖領域。
正如當年英國不敢處決拿破崙，真正成功切割手術，是將哈梅內伊同時拉下政壇與神壇，內塔尼亞胡和川普卻為他封聖。
今天大家即管慶祝獨裁者之死，十年後下個哈馬斯誕生時，媒體會追本溯源，或許發現那個極端起點就在今天。那個將會是今天美國的鏡像，同樣會迷信暴力，然後追求屬於他們的「惡有惡報」。",2026-03-02 18:07:00,重新安放自己的前傳媒人；用旅遊/研究/閱讀/寫作，向世界的無限可能敞開，努力在滲透日常的戰爭邏輯下獨立自持,噩夢,non_life,
chen_hsiao2020,Chen Hsiao,"刷到托育人員職訓廣告
圖片都放女性是什麼意思啊？
幸福列車要小孩都哪個性別？
那些要小孩的男性
才該是你們的該招生的目標
以後男性要有126小時訓練
才有資格徵婚說要小孩好嗎？
（用Ai搓出一個範例）",2026-03-24 17:15:00,murmur樹洞,疼痛,not_enough_posts,
chen_hsiao2020,Chen Hsiao,"去朋友補習班門口等她下班一起吃飯
一旁三個國中弟弟在聊天
在抱怨功課很多寫不完心情不好
其中一個弟弟突然說
“你可以在聊天室假裝女生，這樣其它男生就會安慰你”
“真的嗎？” “對呀！有的還會送禮物給你”
哇靠！？？弟弟啊！？？",2026-03-21 15:47:00,murmur樹洞,疼痛,not_enough_posts,
alana_osamu,alana_osamu,"聽到被霸凌的女孩疼痛的叫聲
還有被棒球棒敲的那一聲
該是有多痛啊
看了好不捨😭
久久不能平息
受傷的女孩
妳一定要趕快好起來🙏",2026-03-24 00:00:00,"結善緣 種福田
財運亨通👑",疼痛,not_enough_posts,
alana_osamu,alana_osamu,"我居然還沒有睡意😦
這時候 想到一首台語歌 我問天😑",2026-03-20 00:19:00,"結善緣 種福田
財運亨通👑",疼痛,not_enough_posts,
s._.h_a._.r,𝑆ℎ𝑎𝑟𓃠夏,"想請問廣大的脆友，有沒有推薦台北乳房外科醫生
本人沒有懷孕過
從三年前開始乳頭大小大了兩倍，近期開始越來越痛，明顯感受到是乳管疼痛，有分泌乳汁，吃了一次退乳藥，看乳房外科都被退貨 ，乳攝、乳超都說沒怎樣。 還被叫去看疼痛科…  想照乳管攝影醫生覺得不需要。  胸部每天痛已經嚴重影響到我心情，因為感覺很明顯是轉移注意力無法忽視的",2026-03-09 10:32:00,只想躺平,疼痛,not_enough_posts,
rin_10201998,喜多Theadore,"（ 有血腥畫面，慎點！）
「
 他在澀谷砍斷了狗卷的手臂 —
 」
疼痛、懊悔、憤怒，那些殘喘在一起的事物，於無聲之中。
Photographer / Akata Shirono
-
2021年拍的137話狗卷兒😭⋯⋯！",2026-03-28 21:46:00,"（◉‿◉）Zzz
喜歡冨岡義勇，不拒任何擔
喜歡義右，大部分是🍃🌊、🐰🌊
不雷任何CP",疼痛,not_enough_posts,
rin_10201998,喜多Theadore,"真的被乙骨電到一個咪咪冒冒😭⋯⋯！
放個之前外拍的乙骨學長
那時候大半夜都沒人真的超像在死滅洄游(;´༎ຶД༎ຶ`)
唉不說了，乙骨憂太你這個罪惡的男人😔（有喜歡",2026-03-27 16:21:00,"（◉‿◉）Zzz
喜歡冨岡義勇，不拒任何擔
喜歡義右，大部分是🍃🌊、🐰🌊
不雷任何CP",疼痛,not_enough_posts,
cloud_star_diary,芸的追星日記,"最近脆上好像物理治療很紅
那我想請問
如果想處理長達三年以上的肩膀疼痛（我是肩膀尖端那邊很痛 而且上下或前後活動一定會發出喀喀聲）
是該去復健科先做影像學檢查(超音波/x光)
還是可以直接去物理治療就可以了？",2026-03-23 20:48:00,SJ/NCT/WayV/Vanner/Sevunus/RIIZE,疼痛,not_enough_posts,
cloud_star_diary,芸的追星日記,"想找可以吸出玻璃珠貓眼的穿戴甲店家🥹
目前訂製過兩間 貓眼效果仍然沒有很滿意
如果可以速速出貨更好🙏",2026-03-16 21:34:00,SJ/NCT/WayV/Vanner/Sevunus/RIIZE,疼痛,not_enough_posts,
dimenticare_e_perdonare,ꕥ Ꮳαlíѕtα.⑅,"那個前陣子看到說生理期來吃牛肉可以有效舒緩疼痛
我昨天上班忍著沒吃止痛藥
晚餐吃了牛排🥩
隔天滿血復活
提供給每個月跟止痛藥當好朋友的姐妹們參考服用",2025-09-05 22:58:00,會猶豫的都不是對的選項。,疼痛,not_enough_posts,
7circe.te,7circe.te,"我不討厭
月經
月經
我討厭他媽是
經痛 想吐 頭痛 瘋狂拉肚子 全身無力
經痛 想吐 頭痛 瘋狂拉肚子 全身無力",2025-08-13 22:27:00,,頭痛,not_enough_posts,
ivy_19820913,Ivy Chen,一早被頭痛痛醒 目前吃藥無效🥲,2026-03-26 05:50:00,"沒有人能替你承受痛苦
也沒有人能拿走你的堅強",頭痛,not_enough_posts,
jo_house520,澄鮮好食 JO HOUSE BAKING|三明治|會議餐盒|烘焙點心,"大家早安🥰
早上真的爆冷
但是好消息是應該要回暖了
週末來逛向上市場吃美食吧
別忘了來買好吃好拍的三明治喲❤️
營業時間：週二～週六 8：00～17：00
週日 8：00～15：30
地址：台中市西區向上北路273號",2026-03-13 09:00:00,"這裡是哥跟姊開的~
好吃好喝的寶藏小店😍
週二~週六 08：00-17：00 
週日到15：30（售完提早打烊）
歡迎團體訂購：三明治，特製餐盒，15份以上請提早2，3天預訂，可提供收據，達指定金額可外送，
歡迎來電或加Line詢問☺️
訂購專線：0926416212
Line:@570fhsd",頭痛,not_enough_posts,
frequent_headache,慣性頭痛(Frequent Headache),慣性頭痛現在是NETFLIX等級了注意。,2026-03-05 16:55:00,慣 性 頭 痛,頭痛,not_enough_posts,
momoeyau,Clara Yau,很可怕的更年期，全身都不自在，腰痛胃痛頭痛，很痛苦,2024-11-14 16:45:00,,頭痛,not_enough_posts,
xu111___,yaxuan,"脆友們救救我🫩
快被偏頭痛逼瘋了
有沒有認識醫生真的有辦法治療的
現在看的醫生都只能開止痛藥給我
告訴我這題無解
一發作就視力模糊 太陽穴漲痛到不行 噁心想吐
現在連止痛藥都吐光了 到底怎麼辦(;´༎ຶД༎ຶ`)",2025-08-17 01:01:00,ʕ”̮ॽु‎@kai_07.19,偏頭痛,not_enough_posts,
move_light,𝑴𝑶𝑽𝑬 𝑳𝑰𝑮𝑯𝑻. 沐光肌能修復按摩/台中運動按摩,"客人問我：偏頭痛怎麼辦？
思考一秒都是對他的不尊重",2025-12-08 22:30:00,"#運動按摩 #肌能修復
了解身體疼痛的來源，使你動的輕盈
（廢話小編）
▵採預約制
📍沐光南屯店
台中市南屯區文心南五路一段536號
預約請按連結🔗（加入官方line)",偏頭痛,not_enough_posts,
jabj6644,曹若涵,"有人跟我一樣偏頭痛痛起來
真的差點沒升天
吃了5顆EVE也壓不下來
有人有什麼好方法嗎😭😭",2026-03-12 12:25:00,"Queen of you life👑
菜脆友🤣",偏頭痛,not_enough_posts,
roxicrox,𝕽𝕺𝖃荷豆,"大概從去年開始有時會眩暈+太陽穴緊到不行，耳鼻喉科看了排除梅尼爾氏症，往偏頭痛方向診斷，後來去看了神內，醫師認為不符合偏頭痛診斷標準，比較像自律神經失調導致，然後回到身心科，有針對壓力問題調整，後來是很少發作，但最近又頻繁牙起來，每天頭都又暈又痛的，真的要崩潰😵‍💫
有人也有這個症頭嗎？也希望能有專治這問題的醫師海巡到，我已經不知道該怎麼辦了⋯",2026-03-26 16:41:00,"⚡️ 美術+特教跨領域研究生
🎨 Part-time Artist
🌞 Type-C ADHDer
📖 精神分析、精神醫學愛好者
🎮 Splatoon3/ SF6/ FH5
🐉 左迴旋陀螺戰士",偏頭痛,not_enough_posts,
kirofreeman,解離的高敏人,"我是偏頭痛長達30年的人，大家想的到的治療方法，我都嚐試過了，但都無法完全治癒
我個人是很壓抑的PTSD+高敏人，自從發現腦部有腫瘤後，我開始不忍耐了，想說就說，抱著我都可能比他們早死，我還怕什麼
結果從那一天開始，偏頭痛消失了
如果你也像我一樣以前都不敢把心裡的話說出來，不妨大膽一點。",2024-11-15 12:56:00,"🇹🇼
CPTSD & HSP族群
高雄好市多代購分購
一切都是天將降大任於斯人也
必先苦其心智",偏頭痛,not_enough_posts,
vivi.livingroom,Vivi |小客廳｜新生兒禮品｜不定時團購代購/貝黎飾聯名飾品,"又要開始寫頭痛日記了
今天醫生推薦新型止痛藥紐舒泰 
請問有人有吃過嗎？一顆要價$750真的原地嚇到",2026-03-17 17:23:00,✨,偏頭痛,not_enough_posts,
carpediem_jyl,JYL,"我全都記得
小學六年級走回家的路上 被路邊的一群工人吹口哨
國中在光南前面被搭訕 「你發育的真好。」他嘴裡發出的腐爛味 我記得
高中在全聯的甜品區前面 被一個背都挺不直的阿北抓屁股 我側過頭看他 他直視我微笑的臉 我記得
大學被裝醉的學弟、學長 摟腰摟肩幾次 我全都記得 畢業在捷運站被偷拍裙底 我從此討厭搭捷運
今天又在捷運站手扶梯被摸大腿內側 戴口罩都遮不住你噁心的臉 好可愛的手機殼 是你女兒送的嗎
你一個用小頭做的決定 被你傷害的人用大腦記了一輩子
我真的是一個很愛人類的人 只有在這種時候 我真的對人類感到失望",2026-03-25 18:44:00,熱烈的,噁心,pass,
carpediem_jyl,JYL,才剛開始已經好喜歡了…,2026-03-23 19:38:00,熱烈的,噁心,pass,
carpediem_jyl,JYL,"昨天和很久沒見的朋友出門，在一間居酒屋裡聊了好多好多，吃完慢慢的散步送他回家，有點微醺的走在人行道上，不知道是酒意慢慢來襲，還是風太冷還是他說的話，一瞬間真的好想哭。
想哭是因為我已經想不起來了，不開心的不舒服的，他冷漠的表情、他說的那些傷人的話，都被大腦自動隱藏了，我只記得我真的很幸福過、太幸福過，只記得用力地大笑、感動到哭的自己，我有被好好愛過，也好好受傷過。
「我愛他的時候，我真的能感覺到身體的每個細胞都在愛他。」我跟他說。
我真的是個沒救的戀愛腦，可是我不是帶著貶義的去說自己，我真的有太多愛可以給予了，不管再來幾次，我都會100%的投入，因為那時候的我最幸福，所以我希望你也是哦，你們都是。",2026-03-22 11:25:00,熱烈的,噁心,pass,
carpediem_jyl,JYL,"《愛情怎麼翻譯？》
目前看到第三集 最喜歡的對話 記錄一下
也許有時候說出來的話無意中傷害到人 感到受傷 是因為我們不理解彼此的語言吧",2026-03-18 20:58:00,熱烈的,噁心,pass,
vel1i7ar_,vel1i7ar_,妳到底什麼時候可以看清楚自己從頭到尾就是一個笑話 自己先出軌然後不甘心前男友跟我朋友曖昧 然後就要一直瘋狂出現噁心別人嗎  過好自己的生活好不好 好聚好散這是你現男友教我的 他沒教你嗎,2026-03-29 13:14:00,"如果你會認真看我的轉發跟便利貼的話 那我覺得我們很適合在一起
不要追蹤脆啊啊啊啊啊我看不順眼就會把你移掉啊啊啊啊啊@18cheyui",噁心,not_enough_posts,
vel1i7ar_,vel1i7ar_,好愛北海道,2026-03-27 20:43:00,"如果你會認真看我的轉發跟便利貼的話 那我覺得我們很適合在一起
不要追蹤脆啊啊啊啊啊我看不順眼就會把你移掉啊啊啊啊啊@18cheyui",噁心,not_enough_posts,
doudou19910402,玩玩具人士,"大家都是大騙子
抑制食慾減少進食
明明就是讓人反胃嘔吐
讓你對食物感到害怕
下一次不敢也不願多吃一口
也完全沒有食慾
每次進食完要忍住噁心還全身發冷
2.5mg第三天我已經想放棄了
看到食物想吐
聽到食物想吐
想到食物想吐
聞到味道吐出來
吃到食物吐出來
我目前吃的下的食物只有芭樂🤢",2026-03-29 09:25:00,,嘔吐,not_enough_posts,
dr.growthup,蔡慶昭醫師/兒童生長/育兒/過敏,"今年有一種腸病毒，不太會長水泡。
很多家長一開始都不會往腸病毒想。
因為症狀只是流鼻水、咳嗽，
有時候再加一點喘，看起來就像普通感冒。
雖然大多數還是輕症，
但和其他常見型別相比，重症風險相對高一些。
近期的兩例重症也不是以往的小小孩，
是未滿十歲的小朋友及一例大人，
所以不分年齡，大家都要保持警覺。
—
今年出現過的腸病毒重症，
大概可以記住三種：
① D68 型
看起來像感冒
但要特別注意「喘」
② 克沙奇 A4 型
通常是突然高燒
接著嘴巴深處出現小水泡
③ 克沙奇 A16 型
就是最典型的手足口病
—
很多家長會問：
「是不是有用酒精就不會得腸病毒？」
真正有效的，是
✔️ 用肥皂好好洗手
✔️ 環境用稀釋漂白水消毒
✔️ 確診就乖乖在家休息至少 7 天
如果孩子出現：
嗜睡、意識不清、活力不佳、手腳無力、肌躍型抽搐、持續嘔吐、呼吸急促或心跳加快等等這些症狀，務必立即送往大醫院。",2026-03-26 10:13:00,"☞葉倍宏小兒科診所 主治醫師
☞成大醫院 兼任主治醫師
☞兒童內分泌專科醫師
☼ 身材矮小、性早熟、性晚熟、生長發育不良、肥胖、糖尿病、甲狀腺疾病等
☼ 氣喘、異位性皮膚炎、皮膚過敏疾病
☼ 呼吸腸胃道疾病及相關感染症
☼ 兒童健康檢查、副食品諮詢及育嬰指導",嘔吐,not_enough_posts,
dr.growthup,蔡慶昭醫師/兒童生長/育兒/過敏,"🚩青春期兒童生長「紅旗警訊」（兒童成長系列-5）
女孩初經來潮時，身高不到
145
145
公分
男孩開始變聲時，身高不到
150
150
公分
進入青春期後，一年長高少於
6
6
公分
📈每個孩子都有個別差異，若有疑慮建議由兒童內分泌科醫師進一步評估。
也歡迎追蹤我🙌🏻以免錯過兒童成長系列的文章！",2026-03-25 15:35:00,"☞葉倍宏小兒科診所 主治醫師
☞成大醫院 兼任主治醫師
☞兒童內分泌專科醫師
☼ 身材矮小、性早熟、性晚熟、生長發育不良、肥胖、糖尿病、甲狀腺疾病等
☼ 氣喘、異位性皮膚炎、皮膚過敏疾病
☼ 呼吸腸胃道疾病及相關感染症
☼ 兒童健康檢查、副食品諮詢及育嬰指導",嘔吐,not_enough_posts,
cureyourself00,For Inner peace,"其實懷孕之前是稍微有在飲控&運動的人…
但因為懷孕初期很怕出什麼問題都不敢運動，然後懷孕之後又有好多莫名其妙的食慾！！而且都會很明確浮現我想吃的東西！(常常想吃泡麵嗚嗚）
現在懷孕14週，從孕前48kg->50kg
(食慾&孕吐互相交錯的結果)
這樣下去真的可以嗎
大家懷孕中也有在認真飲控&運動嗎？",2025-12-28 18:10:00,和自己對話&大帳不敢問的問題,食慾問題,not_enough_posts,
ahyuencomeng510,AhYuen Go~,"見最近多左人講減肥針，我都想分享下我既減肥心得
我天生係肥底，但唔算好肥，大約70-80kg，但幾年前開始就突然暴肥，升到90kg，試過用唔同方法減，例如轉食健康餐，報堂做gym同瑜伽，但一直成效都麻麻，淨係減到3-4kg，但反而令我更加大食欲，同埋個人好易暈，心情變差，影響平時工作
之後有次唔舒服做身體檢查，醫生話可能我平時工作太大壓力，加埋焦慮症，令到身體激素分泌失衡，我先明係因為身體問題令到我好難減到肥
之後醫生建議我打減肥針，一星期一支打落肚，可以減慢消化，從而降低食慾，而so far而家我打左半年，已經輕左8kg，而且無咩副作用，當然唔係淨係打針，都有繼續調節飲食同做運動
好多人話唔明點解減肥用埋打針呢d方法，唔好好調節飲食同做運動，但我真係好想講，如果可以既話我就一早做到，身體因素真係控制唔到，所以先要去選擇打減肥針🥲🥲",2026-02-20 13:30:00,,食慾問題,not_enough_posts,
ahyuencomeng510,AhYuen Go~,📍📝,2026-02-08 11:33:00,,食慾問題,not_enough_posts,
swilldaily,吃噴日記,"猛健樂 （回來）3個月
61.9 kg 24% 44kg
因為出國少打一次2.5 2.5 5
買了日版3個月份量
不知道是維持劑量還是其他原因🤢
脹氣的感覺少很多
食慾很好🤢 食量不多 
這個月聚餐很多都吃的很撐很不舒服😅
日本的醫生說
如果還想再瘦就要打5mg
用藥到現在10個月 
還是會怕打針，想慢慢停藥
但心情平穩的感覺好難被取代
雖然有疑慮
還是想分享帶日版回台灣的心得
要帶好一點的保冷包
前陣子兩邊都很涼
在候機時 
即使裡面裝冰塊和保冷材
包包裡面的溫度計還是有到20度
隨身行李帶著和有數量的診斷書走紅線
海關會對數量 沒問題不會特別說什麼
日版的（心理）準備工作也比較少😂
看到大家說瘦了打會特別痛還作了功課
看影片、問GPT、最後捏著肚皮打 
自動注射筆單手更方便操作
比諾和諾德的筆更直覺🥹（不用算）
少了開封保存期限的疑問
但多了帶回的問題
🥹沒有十全十美的事（減重計畫也是）
這個月的RHR和HRV比前半年好
身體慢慢適應了藥？
一直以來都是星期五打 
會影響到周日的訓練
這個月不舒服的感覺幾乎沒有了
維持現在的體重～",2026-03-27 14:54:00,"594吃噴活命😏
喜歡紫色食物
picky+fitness+tech
被荷爾蒙控制的人生🥹",食慾問題,not_enough_posts,
jin_superwwh,jin_superwwh,"猛健樂打第七次！
四次2.5跟三次5mg
開始打5mg後，食慾控制的程度真的很強力，
藥效可以撐很久，導致吃的下的食物很少，
一樣回診所量InBody
六週總共瘦了7.8公斤
脂肪5.3公斤
肌肉1.4公斤
前面打2.5時，因為還能吃的下，
只要認真擇食，肌肉量比較不會掉，
開始打5mg後，已經泡高蛋白補，
但實際上吃的總量不夠，
有開始重訓了肌肉還是掉比較多！
但我發現我耳朵很常會有悶感，
講話一直聽到自己的回音，
以為是耳屎塞住，或是耳朵問題，
剛好我拿猛健樂的地方就是耳鼻喉科，
回去量InBody順便掛號，
醫生確認我大概瘦了快八公斤，
判斷可能是耳咽管開放症，
會發生在減重較快的女性上，
原因是脂肪變薄耳咽管不易閉緊，
要等身體再適應閉合，
醫生有另外確認是否暈眩（我沒有）
因為耳朵問題容易導致暈眩，
各位在減重路上的夥伴要注意身體狀況，
要不斷察覺自己身體並尋求協助，
非常建議藥物還是在醫療院所購買，
因為醫生會知道你是打猛健樂，
下判斷精準又快！
圖片來源：
heho.com.tw/archi…",2025-11-20 00:19:00,,食慾問題,not_enough_posts,
adhd_hack_tw,ADHD大人的小宇宙,"利他能不要空腹吃
最近看到很多剛確診 ADHD 的網友分享
吃藥之後會出現一個很常見的狀況：
沒食慾。
其實利他能（Methylphenidate）本來就有一個常見副作用
就是 食慾下降。
如果又是 空腹吃藥，
有些人會更容易：
	•	不想吃東西
	•	胃不舒服
	•	到下午才發現自己幾乎沒吃
結果變成一個循環：
吃藥 → 不吃東西 → 血糖低 → 更焦躁或更累。
我後來自己的小習慣是：
先吃一點東西，再吃藥。
不一定要很正式的早餐
可能只是：
	•	一顆蛋
	•	一片吐司
	•	一杯優格
重點是 不要讓胃完全空著。
很多剛開始用藥的人會以為
「沒食慾是自己有問題」。
其實很常見的！
（吃久了也就習慣了 類似猛健樂那種飽足感…）",2026-03-14 11:50:00,"嗨，我是一位正在學習與成人ADHD共舞的普通人，也是這個帳號的創作者！
這裡是我想打造的一個空間，分享 ADHD 的真實日常、實用技巧，還有那些混亂中偶然的美好時刻。",食慾問題,not_enough_posts,
adhd_hack_tw,ADHD大人的小宇宙,"有沒有人也是：
東西只要不在眼前，就會忘記它存在？
😂😅🥹😢",2026-03-13 18:52:00,"嗨，我是一位正在學習與成人ADHD共舞的普通人，也是這個帳號的創作者！
這裡是我想打造的一個空間，分享 ADHD 的真實日常、實用技巧，還有那些混亂中偶然的美好時刻。",食慾問題,not_enough_posts,
weight_of_balance,weight_of_balance,"今天信箱出現一封「Tax Forms are Available」...
老實說，身為小小散戶，第一秒心跳漏了一拍：「該不會要被查稅了吧？」
冷靜下來查了一下才發現：
✅ 這是 1042-S 表格，記錄去年被扣的 30% 股息稅。
✅ 海外所得沒到 100 萬台幣，今年 5 月台灣報稅可以繼續「放生」。
✅ 不用回信、不用去美國報稅，存檔就好。
雖然被扣稅有點心痛，但這也算是邁向國際投資人的第一張印記吧！🇺🇸💸
繼續慢慢存、慢慢滾，希望有一天我能煩惱「怎麼報這筆海外所得」的那一天。
#IBKR #新手投資 #美股 #小小散戶 #稅務日常 #理財筆記",2026-03-16 13:56:00,40+姐姐的退休存錢計畫,體重波動,not_enough_posts,
weight_of_balance,weight_of_balance,"2 月的薪水領完，看到金額覺得哭哭
因為公司特殊的計薪方式，這個月存款只增加了 2 萬多……。
原本還想著趁最近行情好要來個「逢低加碼」，
現在看來，我還是先對自己的生活費「逢低減碼」比較實際。💸
#職場 #薪資 #理財 #救救小資族",2026-03-10 08:50:00,40+姐姐的退休存錢計畫,體重波動,not_enough_posts,
shiuan_aaron,李玹,"吃茄子的益處：
​茄子的五大健康優勢
​1.強大的抗氧化守護
​茄子最著名的成分是其表皮上的花青素（特別是茄色苷 ）。
​保護大腦：
茄色苷能保護腦細胞膜免受自由基破壞。
​抗發炎：
有助於降低體內的慢性發炎反應。
​2.促進心血管健康
​茄子含有豐富的鉀、維生素 C 與維生素 B6，
這些營養素對心臟都很有幫助。
​調節血壓：
鉀離子有助於平衡體內的鈉，
放鬆血管壁。
​降低膽固醇：
研究顯示，
茄子中的纖維和抗氧化物質有助於降低「壞膽固醇」的水平。
​3.穩定血糖（低 GI 食物）
​茄子纖維含量高，
且含糖量低，
非常適合糖尿病患者或正在進行體重管理的人。
​延緩吸收：
纖維能減緩食物中糖分的消化與吸收速度，
防止血糖波動過大。
​多酚作用：
茄子中的多酚類物質被認為能減少糖分吸收並增加胰島素分泌。
​4.幫助消化與減重
​高纖維：
每 100 克的茄子僅約 25 卡路里，
卻能提供飽足感，
預防便秘並維持腸道菌群健康。
​5.眼睛健康
​茄子含有葉黃素與玉米黃素，
這些成分對預防老年性黃斑部病變有正向作用。",2026-03-28 10:59:00,"💎10年專業酒店幹部
✨看過無數金錢遊戲 
 卻差點弄丟自己的健康
📍分享酒店真實生活|短影音變現|身心健康管理
👇私訊「+3」聊聊妳的轉型之路",體重波動,not_enough_posts,
starmoon9108,starmoon9108,"這是10年前的事～那時家人在醫院動了一個小手術，我在醫院陪病ㄧ星期。每天進出病房的我，知道1號病床的叔叔是癌末,不太敢跟他打招呼～一直到我們出院的那一天,照顧他的阿姨，拉著他對我們揮揮手,彼此互道:要保重哦!
我忽然感到一陣心酸,已經住院三個多月的他,應該也想回家吧!
我去求了大悲水給他。我對他說:你可以念阿彌陀佛哦!我們來念佛，好嗎?不能言語的他,點點頭。
下次我再去看他，他已經戴上氧氣罩。
我問他，你知道阿彌陀佛長什麼樣子嗎?他搖頭！我把阿姨貼在牆上的佛像撕下給他看，他慢慢、仔細的端詳佛像，雙手勉力合十，流下了眼淚！
我帶師父去幫他皈依，師父為他開示說法，原本昏沉的他,努力的睜開眼，他想聽清楚、聽明白。
再隔一天，他看起來更虛弱了！我在床邊把師父對他說的話，再講一次！其實，我不知道我一個健健康康的人，有什麼能力安慰生死關頭的他？我只能提醒他念佛，在旁邊陪著他念佛。
我回家後，那位阿姨打電話給我，哭著說:「你走了他也走了！謝謝你!」
對他來說,我是一個陌生人,但是我陪他走了最後一程，而且我努力的把佛菩薩愛帶給他！",2026-03-28 14:32:00,鋼琴老師：分享我的日常以及學佛心得，喜歡寫文章，常常不小心就寫成心靈雞湯，應該是因為我跟莫札特同一個星座，莫札特的音樂總是溫暖而鼓舞人心！我本人也是喔！,昏沉,non_life,
starmoon9108,starmoon9108,"爸爸在醫院住一個星期，精神體力都很好，但因為開刀的部位是腳踝，所以不太能下床。
我怕爸爸無聊，帶了靜老說的話給他，爸爸原本就讀過這本書，讓他再￼複習複習，爸爸很有善根，也喜歡閱讀。
我有煩惱時，跟觀世音菩薩訴訴苦，念佛迴向之餘，我也會翻閱朗讀這本書，心情還有境況很快能轉變。
與脆友們分享，這本書很棒，真希望更多人知道、更多人閱讀～是淨空老和尚親自推薦的
（可以去台北市杭州南路的佛陀教育基金會請書、也可以在YouTube上面打靜老說的話，有很多人錄好音放在上面讓大家學習，真的很棒喔）",2026-03-25 14:29:00,鋼琴老師：分享我的日常以及學佛心得，喜歡寫文章，常常不小心就寫成心靈雞湯，應該是因為我跟莫札特同一個星座，莫札特的音樂總是溫暖而鼓舞人心！我本人也是喔！,昏沉,non_life,
starmoon9108,starmoon9108,"廣欽老和尚 : 我們修行就是要修這些愛別離苦、生老病死苦
我們投生到這人間來，有父母、兄弟姊妹等，這些都是屬於四生輪回中的一環，今世父母生我，以後我再生別人，彼此輾轉相生。
再加上我們的殺業，現在你殺我、食我；以後我殺你、食你，殺業不絕、冤冤相報。
這樣一下子生為人，一下子又淪為畜生，在四生六道中，來來去去，永無止息，六親眷屬就是我們輪回的伴侶。",2026-03-23 13:22:00,鋼琴老師：分享我的日常以及學佛心得，喜歡寫文章，常常不小心就寫成心靈雞湯，應該是因為我跟莫札特同一個星座，莫札特的音樂總是溫暖而鼓舞人心！我本人也是喔！,昏沉,non_life,
carolinewuuu,立,"今天帶Luna去結紮了！！！在新竹的謙華醫院，歐醫師非常專業而且很有耐心解釋，之前Luna的腸胃問題也是多虧醫師的協助才終於找到解決方法，真的很感謝🙏🏻
原本以為一回家她會昏沉想睡，沒想到精神超好超皮！！！我顧前顧後守著她，她對防舔衣極度不爽…差點掙脫（3次…）後來出動了頭套戴了一下才稍微冷靜下來，但戴不久因為她會跑去飲水機那邊靠著（頭套整個進水）。
回家兩個小時防舔衣已噴掉兩個扣子，現在性命垂危…請問有沒有推薦的防舔衣或是其他好方法可以阻止她舔傷口？？
（現在還在到處皮到處跑…😅）",2026-03-09 17:31:00,🩵🌙,昏沉,pass,
carolinewuuu,立,"記錄一下最近經歷的大事，希望可以給大家參考，真的沒想過我的貓咪會得到這麼可怕的病…
過年後我發現Luka都不上貓跳台找Luna，連沙發的高度他也常常跳失敗，一開始沒想太多，因為Luka本來運動神經就不發達（相較Luna），當時就先預約了一家我們很信任的醫院，但是要等1-2週才看得到診…過了一兩天發現他走路越來越奇怪，有一天我抱他要放下他時，他後腳無力直接跌倒，嚇壞我了！！！
後來經過醫生推測，他是乾性腹膜炎，而且是神經型的…當下醫生決定用逆推的方式投藥，大概吃了兩三天，Luka的狀況真的好轉了！！！
總共需要84天的療程，現在已經7天了…上網看了很多案例真的讓人非常擔心，還好Luka非常勇敢也很努力💪🏻這幾天的精神都還不錯，看著他很想找姊姊玩的樣子真的讓人很心疼，不過我們都很有信心Luka一定會好起來的！
大家如果發現貓咪走路怪怪的，搖搖晃晃站不穩，請一定要趕快帶去做檢查，真的不能拖😭
（影片是Luka已經吃第二天藥了，走路還非常不穩但精神很好🥺）",2026-03-06 01:29:00,🩵🌙,昏沉,pass,
carolinewuuu,立,"不好意思…
雖然不想透露家裡的小公主有便秘問題
但還是想要請教各位貓奴們有沒有推薦便秘貓貓吃的益生菌（最好是特別適合便秘的）
目前家裡兩隻都是每天都有排便，只是都是硬硬一顆一顆，希望能有改善方法！",2026-03-03 22:47:00,🩵🌙,昏沉,pass,
dora_1214,Dora Chen,"邊走邊工作，時差昏沉的走，
也是個不錯的體驗，滿滿新奇的一天，
自動駕駛讓我們輕鬆跑 🏃 🚗
#USA🇺🇸#cybertruck",2026-03-26 07:00:00,,昏沉,not_enough_posts,
tony.jerry.5,嚴文欽,"*** 生辰月 · 要玩耍 ***
～六十ㄧ歲….五之五完結篇
《計畫.變化·特別的生日禮》
原本此刻，
我應該站在玉山頂，
欣賞高峰大景跟等待日出；
而在此刻，
窩在台中逢甲的頂樓民宿，
剛下起一陣大雨，
外面呯呯砰砰好不熱鬧！
是的，
我剛從昏沉的藥物作用中醒來，
準備再吃一輪藥。
昨天早晨興緻沖沖的在玉山登山口，
帥氣的合影留念，
超重的登山包，
被嚮導重新規整，
去掉幾乎ㄧ半，
暫置在登山口。
還是不敵前幾天被老媽感染的感冒，
行進1.6公里，
在孟祿亭，
協作小松評估我的體能狀況，
建議我考慮撤退。
山永遠都在，
有緣終會再相逢！
………………………………………
說不遺憾是假的，
但我很清楚我的決定是正確的，
不能拿自己的生命開玩笑，
更不能給團隊造成困擾。
決定今年生日，
就ㄧ個人待在台中民宿，
安安靜靜的吃藥、睡覺，
間或出去覓覓美食，
等養好病，
再回花蓮，
免得又把病菌帶回去。
能單獨的與自己歡然
共處，
是我這幾年ㄧ直累積下來的深厚功力。
親愛的，生日快樂！",2026-03-29 05:51:00,,昏沉,not_enough_posts,
dudley.meda,yaruo,"32歲 突發中風 
去年某一天突然頭暈 惡心 想吐，後面家人及時送我到附近醫院 原來是中風了。雖然撿回一條命，但是傷及了大腦神級，留下了後遺症！導致我半偏袒 我才32歲 感覺天都塌了 ，還好幸福的家人一直鼓勵我恢復，經過一段時間調理，現在已經可以做簡單的工作了，有跟我一樣的朋友嗎，我們一起交流下恢復的經驗 照顧支持",2026-03-26 18:52:00,,頭暈,not_enough_posts,
2003.22._,𝒩𝒩,"脹氣反胃頭暈頭痛全身痠痛無力
這不是腸病毒ㄇ
為什麼我的醫生說一般感冒而已
我難受到快🐭了",2026-03-27 04:42:00,,頭暈,not_enough_posts,
2003.22._,𝒩𝒩,只有女生看得出來這張照片唯一敗筆是什麼…,2026-03-18 01:37:00,,頭暈,not_enough_posts,
lisihyi0115,禗依の料理天地｜零廚藝｜簡易食譜｜快速料理,"阿晞在熱痙攣當下
我們有把過程拍起來
給更多寶爸寶媽知道熱痙攣的狀況
希望能幫助到你們
保持鎮定很重要（這點真的很難😭）
1/18早上打了五合一（第三劑）與流感疫苗（第一劑）
觀察半小時無呼吸「喘」或起疹子
即可回家。
1/18 
19:30發燒，餵第一次退燒藥水
21:00持續發燒
（退燒藥水需間隔6小時）
1/19
00:25餵第二次退燒藥水
04:12持續一分鐘熱痙攣
05:10到中國醫急診
10:15上救護車到兒童大樓
［熱痙攣］
發生於6個月-6歲間，盛行率達2-5%
⭐️症狀：發燒、眼神上吊、四肢對稱性抽搐、口吐白沫、嘴唇發紫、意識喪失。
⭐️發生當下
1.將寶貝側躺
2.清除周邊危險物品
3.鬆開過緊衣物
4.拿起手機錄下過程
👉若痙攣結束後無意識，先打119救助。
阿晞在熱痙攣結束後，並沒有失去意識，所以我們自行就醫，但全程跟他說話，並隨時注意他一舉一動。",2025-01-25 20:52:00,"❥一年內生兩個巨蟹男🐰🐲寶
❥往後餘生想用盡全力孝順我媽
❥愛下廚ღ料理影片看IG👉lisihyi0115
-
這輩子人生稍曲折
希望今世還清，下輩子能一切和樂💓
🔺為母則強；願我堅強",抽搐,not_enough_posts,
gino_shih,Gino_Shih,"我很想問一個專業又有點奧客的問題，想請專業人士回答，如果很懼怕看牙科，醫生也主動提需要補牙，可以主動和醫生提想要施打麻醉嗎？這樣會不會太奧客？
（雖然醫生都只告知會酸而已，但每次都到痛到抽搐…）",2026-03-27 17:05:00,舞者/編舞者/藝術教育/藝文課程,抽搐,not_enough_posts,
han_and_cc,台灣和美國的勞倫C,"猿氣還在那邊手發抖😍
威廉、美琴：我們有說要嗎？（嘴角抽搐（開玩笑的",2026-03-26 12:09:00,的媽媽人在異鄉，隨便聊聊,抽搐,not_enough_posts,
han_and_cc,台灣和美國的勞倫C,"我剛剛看了一下哈利波特影集版的預告，雖然只有一秒，但我覺得黑人石內卜滿帥的欸。（是說這個角色可以給人帥氣感嗎
他要不要來演柏捷頓家族的Micheal😭😂",2026-03-26 09:56:00,的媽媽人在異鄉，隨便聊聊,抽搐,not_enough_posts,
ni_maomaozaozao,貓貓躁躁,"《不要在該奮鬥時選擇安逸》
推薦指數⭐️⭐️⭐️⭐️⭐️
適合：內心想改變但還在以安逸為藉口逃避的人
閱讀難度：⭐️
————————————————-
🐈‍⬛
用『安逸』包裝怠惰會讓心裡更輕鬆。
很多人只要聽見別人談論努力、未來與規劃等詞彙，就以嗤笑與鄙夷掩飾內心的不安，試圖透過否定他人的上進，來合理化自己的停滯。
這樣的人往往會在沒人看見的地方偷偷發力，沉溺在「間歇性上進」的自我感動，以為逃避就能換來平靜。
其實很多時候就是懶、怕失敗、怕別人的眼光。經常性的「假裝超脫」只是為了逃避現實。
我很慶幸在大學階段就遇見這本書，也很高興自己沒有因為被指出脆弱就選擇逃避，我開始正視自己的人生。
推薦大家看看，畢竟大家肯定也不想成為那種「嘴上不甘平凡，行為卻沉溺平凡」的平凡人。
#老楊的貓頭鷹 #不要在該奮鬥時選擇安逸 #閱讀 #閱讀筆記#閱讀心得",2026-03-18 13:58:00,｜閱讀筆記｜好書分享｜貓貓躁躁｜,自我懷疑,not_enough_posts,
ni_maomaozaozao,貓貓躁躁,"《致富心態》
推薦指數⭐️⭐️⭐️⭐️
適合：想培養長期理財觀念的人
閱讀難度：⭐️
————————————————-
🐈‍⬛
第一次看這本書時感受平淡，回頭整理筆記才發現我記錄下來的筆記都很重要，內容紮實且觀點深遠。
我整理了幾項我很喜歡的關鍵知識～希望能與大家分享！
#致富 #致富心態#閱讀 #閱讀筆記#閱讀心得",2026-03-16 10:19:00,｜閱讀筆記｜好書分享｜貓貓躁躁｜,自我懷疑,not_enough_posts,
alan_0825_,Zhang Alan,"吵架的態度最能看清男人
不愛你的男人吵架都是不哄不道歉 還喜歡冷暴力 如果一個男人明知道你在哭 在難過的睡不著 而他卻視而不見 保持沈默 理也不理你 建議你還是別談了
兩個人在一起產生矛盾很正常 哪對情侶不產生點摩擦和分歧 但是不負責任的男人 會把所有的問題都甩給你 把你自己扔在那兒 讓你自我消耗自我懷疑 失眠痛苦甚至抑鬱 翻來覆去思考這段感情到底值不值得 
真正愛你的男人 他一定會面對問題分析問題 解決問題 避免問題 而不是無視問題逃避問題甚至推卸責任 真正愛你的男人 他能包容你的小任性 也能容忍你的壞脾氣 你的感受永遠是在第一位
不愛你的男人吵架都是不哄不道歉 還喜歡冷暴力 如果一個男人明知道你在哭 在難過的睡不著 而他卻視而不見 保持沈默 理也不理你 建議你還是別談了
兩個人在一起產生矛盾很正常 哪對情侶不產生點摩擦和分歧 但是不負責任的男人 會把所有的問題都甩給你 把你自己扔在那兒 讓你自我消耗自我懷疑 失眠痛苦甚至抑鬱 翻來覆去思考這段感情到底值不值得 
真正愛你的男人 他一定會面對問題分析問題 解決問題 避免問題 而不是無視問題逃避問題甚至推卸責任 真正愛你的男人 他能包容你的小任性 也能容忍你的壞脾氣 你的感受永遠是在第一位
女生可以停下看看 這是對男生吵架時他的態度是否愛你最全面的說法",2025-12-13 17:14:00,躺著,自我懷疑,not_enough_posts,
alan_0825_,Zhang Alan,"愛一個人是慢慢瞭解 不是什麼都懂
我覺得兩個人在一起談戀愛就應該是真誠的是不需要畏手畏腳的 愛就要大大方方的表達喜歡什麼要說 討厭什麼也要說 為什麼生氣要說 為什麼吃醋也要說 開口才能得到鮮花或者一句道歉 可以膽小 但絕對不可以彆扭 不是什麼事都可以一直拖延著靠時間來解決的 戀愛沒有上帝視角 愛和委屈都要大聲說出來 不要猜來猜去 不要陰陽怪氣 不要口是心非 相愛的時間太寶貴了 不能在奇奇怪怪的問題上消磨愛意 戀愛的意義在於 彼此照亮 成為彼此的避風港和精神寄託 讓本就平淡的生活感到一絲美好 在每個情緒低落的夜裡能有個依靠同行的路上 我們互相救贖彼此依靠 成為對方的靠山 真誠的溝通才是最好的愛 對愛的人要好好說話 兩個人長久的愛就是有話就說 沒有隱瞞 雙方都不是各自肚子里的蛔蟲 不能一秒就能猜對對方的心思 兩個人之間有問題要說出來共同解決 一直去猜只會讓對方覺得不懂彼此
我覺得兩個人在一起談戀愛就應該是真誠的是不需要畏手畏腳的 愛就要大大方方的表達喜歡什麼要說 討厭什麼也要說 為什麼生氣要說 為什麼吃醋也要說 開口才能得到鮮花或者一句道歉 可以膽小 但絕對不可以彆扭 不是什麼事都可以一直拖延著靠時間來解決的 戀愛沒有上帝視角 愛和委屈都要大聲說出來 不要猜來猜去 不要陰陽怪氣 不要口是心非 相愛的時間太寶貴了 不能在奇奇怪怪的問題上消磨愛意 戀愛的意義在於 彼此照亮 成為彼此的避風港和精神寄託 讓本就平淡的生活感到一絲美好 在每個情緒低落的夜裡能有個依靠同行的路上 我們互相救贖彼此依靠 成為對方的靠山 真誠的溝通才是最好的愛 對愛的人要好好說話 兩個人長久的愛就是有話就說 沒有隱瞞 雙方都不是各自肚子里的蛔蟲 不能一秒就能猜對對方的心思 兩個人之間有問題要說出來共同解決 一直去猜只會讓對方覺得不懂彼此
送給你們 希望脆友們能懂",2025-12-11 15:28:00,躺著,自我懷疑,not_enough_posts,
shenn.10,shenn.10,"從7月開始準備了大半年的考試
無數個夜晚都讀到焦慮萬分
考完補習班模擬考在路邊崩潰大哭的場景至今記憶都還烙印在腦海裡
考完當下大概就知道結果可能不太理想
但得知今天成大放榜連備取都沒有
更陷入無限的自我懷疑當中
事實上我的能力還很不足
研究所考試總是幾家歡樂幾家愁
勉勵自己繼續找到方向 持續努力
上天有這種安排應該是希望我走其他路的 對吧
至少我用盡全力，為自己努力過了",2026-02-27 22:25:00,,自我懷疑,not_enough_posts,
sunflower_.piano,向日葵鋼琴樂園,"鋼琴能一直學下去的人，通常都有這幾種體質：
1. 自我懷疑體質
練琴的時候，會一直回想老師上課說的話，「是這樣嗎？」、「我剛剛有做到嗎？」、「還是其實完全不一樣？」
明明才剛下課，卻已經開始懷疑自己
2. 無聊耐受度極高體質
同一小節可以練N次
還可以告訴自己：「不夠熟再練一下」
3.微小成就上癮體質
別人要「大進步」才有感，我們是
一個句子彈得很好聽，就覺得自己好棒棒。
（靠這個活下來的）
4. 自我對話很多體質
「這句聽起來好怪？」
「剛剛是不是手腕緊了？」
「節奏對嗎？」
腦袋裡一直在debug自己
5. 接受不完美體質
知道自己永遠不會完美
但還是願意繼續修正
6. 有點孤僻也沒關係體質
可以一個人練很久
人生有鋼琴就滿足了
7. 自動執行體質
時間到，就去練，跟刷牙一樣自然。
8. 對「喜歡」很執著的體質
一旦喜歡，就開始有探究的精神，想要了解越來越多，想要知道所有的為什麼…
你是哪一種體質？還是你有別種更奇怪的？",2026-03-29 09:58:00,"🎶耐心·用心的桃園鋼琴老師🎶
🖊️一位把練琴時的心事
🖊️翻成文字的人
Line：winifredchiang
台北市立大學音樂碩士鋼琴主修",自我懷疑,business,
sunflower_.piano,向日葵鋼琴樂園,"很開心，一早就收到學生
皇家五級特優的消息🙂
檢定這件事，
更像是生活裡的一個小標記
累積經驗
給自己一個階段性的目標
它從來不是全部
更重要的，
是那一顆還願意坐在琴前的心
只有在喜歡的時候，
音樂才會開始流動🙂
成績會過去，
證書會收起來
但「喜歡」，才會一直留下來",2026-03-28 11:18:00,"🎶耐心·用心的桃園鋼琴老師🎶
🖊️一位把練琴時的心事
🖊️翻成文字的人
Line：winifredchiang
台北市立大學音樂碩士鋼琴主修",自我懷疑,business,
sunflower_.piano,向日葵鋼琴樂園,"學樂器，常常是在等待。
等待手指慢慢習慣一種動作
等待指節變得穩定、有力量
等待肌肉在緊與鬆之間找到平衡、也能相互切換
等待一首一首，慢慢懂音樂這個語言
很多時候，你不知道自己在進步
只覺得一直重複、一直卡住
有一天，你會突然發現
樂譜、鋼琴、你
原本各自分開
慢慢可以連結在一起
然後你會愣一下，心裡想：
喔~~原來是這樣",2026-03-28 00:09:00,"🎶耐心·用心的桃園鋼琴老師🎶
🖊️一位把練琴時的心事
🖊️翻成文字的人
Line：winifredchiang
台北市立大學音樂碩士鋼琴主修",自我懷疑,business,
pikmin_rich,Rich💰 今天也在種皮克敏！,"玩了兩個禮拜皮克敏我最有感的改變：
1. 會為了走路，午休時間到立刻停下工作，也會為了種花，去我以前不會探索的地方
2. 和父母有了固定的話題。本來沒事不會聯繫，現在每天都要寄明信片、互相炫一下今天種出什麼皮克敏
3. 與許多朋友重新建立了連結，好久不見的高中同學、前職場的同事… 在這單純且沒有抱怨的世界玩得很開心
4. 有了很多threads上的皮友，大I人的我覺得加皮友沒負擔，每次打菇和收到明信片都覺得很有愛
5. 每天寫日記，找好看的照片紀錄心情，抱怨工作的時間明顯變少了
6. 多了想看看世界的想法，覺得好多地方好漂亮我都還沒去過，有些地方在我家附近我從來沒有覺察過
7. 每次開地圖都有一種不管走到哪，都是花路的感覺，儘管很枯燥的通勤，都會覺得這是花路的過程，而不是終點
8. 看到光溜溜的皮皮，累積到四愛心，回到出生地拿屬於自己的飾品覺得很感動。
有時候生活讓我們覺得自己很貧瘠，偶爾會產生付出愛、努力、時間都是浪費的自我懷疑，但屬於我們的天賦皇冠一直都在最初的地方。時間到了，我們就會變成更棒的樣子！
🍀 附上早上收到的高中同學的明信片，今天依然是被皮克敏治癒的一天！",2025-12-21 11:04:00,"自從玩了皮克敏，每日都在走花路🪻🌼🌸🍀 
在這佛系分享可愛皮皮的日常
歡迎+好友揪我打菇、分享明信片🫶
🆔️ 219748930427 （加完可以跟我說）",自我懷疑,not_enough_posts,
quach_html,郭承勳,"追夢的少年迎來的是現實最痛的痛擊
這句英雄聯盟世界賽的名言沒想到套用到自己身上
曾經離夢想那麼近 卻又差了臨門一角
在一階放榜前我每天都在想是不是根本過不了一階
面完試之後又在焦慮自己講的很差
這幾個月我一直陷入自我懷疑跟迷惘之中
開始懷疑自己這幾個月的努力是不是白費了
雖然結局不是最理想的 
但我從不後悔踏上這條追夢的旅程
比起失敗我更害怕自己沒有勇氣去挑戰
也在這邊謝謝這兩年支持我的或是看好我的人
沒有你們我也堅持不到今天 非常感謝你們的陪伴
考研之路就在今天完結篇了",2026-03-23 12:37:00,NCCU Econ,自我懷疑,not_enough_posts,
e_laine1997,Elaine👀,為什麼偏偏是妳？你真的會不知道嗎？因為你跟她在一起的時候就知道她大概每個月要輸血一次，然後你讓她懷孕前沒有帶她做過孕前檢查，懷孕期間她更嚴重了每兩週輸一次血，接著她還剖腹生產，結果你讓她月子中心只住14天，接著，她日復一日的顧小孩沒睡飽，你下班只會去打球打牌，或者是洗完澡馬上睡著，連陪她談心的時間都不斷減少，妳讓她每天都會自我懷疑難過的一直莫名奇妙流淚，姊姊每天最期待的事就是等你一起吃個晚餐，結果你真的讓他等了又等，等到最後她對我說的最後一句話是「不要急救」，因為她真的好不快樂,2026-02-23 11:25:00,"北漂in台北 ｜ 狗子共居 🏠
💻資安工程師by day 
📷狗子限動導演by night
👉🏻身為過來人，我建議你別過來👈🏻
但如果你真的來了，至少帶點幽默感😎
-
我的姊姊
人生被張先生當代理孕母在用
希望喆鳴長大不要像他爸一樣😮‍💨",自我懷疑,not_enough_posts,
ansonlu_0614,盧瀚軒,"看完20週年紀錄片，也有些感觸想說說。
會膽怯比不上憧憬的前輩、恐懼與其同台演出、不甘心觀眾目光多半只停留在她們身上、自我懷疑，甚至自責落淚。這些情緒恰恰證明現役成員是真的在乎並熱愛「AKB」，而非僅將其視為演藝生涯的過場。
面對外界長期唱衰與質疑，以及被拿來與前輩比較而厚此薄彼的數落，甚至直面「大多數觀眾是為了OG才來」的殘酷事實，換作是我早就潰逃了，可她們全都撐了過來。我不知道他人如何評價，但對我而言，現役在如此壓力下的表現已足夠令人敬佩。同時，也感謝OG願意回歸提攜學妹，現役們也在前輩身上看見自己所欠缺的特質，並親身感受到大型舞台經驗的珍貴傳承。
每個人關注AKB的理由各異，而我正是被現役那股不服輸的拼勁與背負的故事所吸引。看著大部分與我年紀相仿的她們，拚盡全力讓大眾看見「新的AKB」，試圖翻轉外界對AKB過時、老氣的刻板印象。她們深知再怎麼努力都難逃被比較的命運，可依然無所畏懼，將前輩曾站上的「東京巨蛋」視為目標，追尋只屬於她們的「1830m」。
前輩開創盛世的歷程固然難以超越，但現役傾盡青春打造的新時代故事同樣毫不遜色。現在的AKB，絕對值得再次關注。",2026-03-28 06:44:00,,自我懷疑,not_enough_posts,
zero.x0x,ᴢᴇʀᴏ,"剛剛彩排的時候
我舉起飯撒本
希望她能看到我想傳達給她的話
「不要自責」
凌晨時我看到了🫧傳來的一大串訊息
是南對於臺北場只能以面紗的方式出現而道歉
我很想告訴她 妳沒有錯 不要自責
我想了想 
比起她飯撒我 
我更希望能給她帶來支持的力量
希望南不要想太多 生日快到了
開開心心的吧！🫶🏻",2026-03-22 17:09:00,,自責,not_enough_posts,
zero.x0x,ᴢᴇʀᴏ,"南🫧
打了有關臺北場戴著面紗，而感到抱歉的話",2026-03-22 01:40:00,,自責,not_enough_posts,
tsai_tsung_yi,蔡宗益,"記得剛念博士的時候，指導教授請我做一份簡報，我努力了3個多小時，仔細做了一份大約20頁的簡報檔。
教授看了一眼說：""我是怎麼跟你討論的，這份簡報做得很爛，你連我講什麼都聽不懂，離我心目中的博士研究生還很遠，我希望你主動考慮休學""。
我把這句話跟博班學長說，還跟他說我應該就撐到這學期，眼淚當然也就不爭氣的流下來。填好休學單後，還在想怎麼拿給教授簽名，甚至在研究室裡演練好幾遍。學長擔心我過於自責，跑去幫我跟教授求情。
結果教授說：""這是他訓練學生的方法，要好好磨練我的心智""。
只能感恩您!!",2026-03-16 18:40:00,原來世界這麼大!不去看看怎麼行✈🌎🏧,自責,not_enough_posts,
g2889719,Yi Chu Chen,"看到很多小孩因為沒有打疫苗直接重症88真的很心痛😭😭
強烈建議除了公費疫苗以外，以上自費的能打的話都去打一打）雖然真的很貴，rsv那隻效力也才只有半年，但如果真的不幸得的話，自己不會自責為什麼當初要省那些錢，辛苦生的小孩健康比什麼都重要‼️",2026-03-25 22:21:00,,自責,pass,
g2889719,Yi Chu Chen,"今天問同事：你知道明天是什麼日子嗎？
她看行事曆看很久：不知道餒😱
我：是過完就放假的日子🤭😆",2026-03-19 21:15:00,,自責,pass,
g2889719,Yi Chu Chen,"成熟的職場人不會直接對同事說你很吵
只會默默戴上耳機🎧
還有什麼是成熟職場人會做的事～～？",2026-03-18 12:31:00,,自責,pass,
kason_lin,Kason Lin,"我是白，
剛從國外工作回台，好久沒打了跟朋友借號練練手
有許多朋友提問玉玉較難應對，以下提供一些思路
玉玉強的並非玉傘的花上月令，而是玉扇武學跟特殊技優先級高於破防技，可以破防試探並用玉扇技能取消
1.沒解控不要跟玉玉對拚，特別是對方手裡還有解控時(對方可以解控起手接拋春恨)稍微拖下解控時間
2.騎龍五重之後(尚未開放)，可以利用騎龍穿刺過玉玉風牆，玉玉風牆後搖較大
3.交叉利用閃避，格擋，卸式，這點對所有流派通用，勿讓對手察覺防禦習慣
4.耐力不夠時利用強韌奇術如太白，吐火種種...避開挑飛
其實每種武學現在都存在各自的BUG
玉扇挑飛錯位，雙刀完美閃避後動不了，九劍蓄力錯位，威陌格反揮空
許多流派連招也存在延遲影響接不上的問題
很多夥伴會私訊白，問我甚麼流派厲害或甚麼流派是不是永遠下水道
統一回復夥伴們，覺得強就玩，覺得有愛就玩，強弱都是一時的
玩機制厲害的武器不必覺得很優越，玩機制弱勢的武器也不用覺得自己是苦行僧
影片中都是很厲害的對手，我十分敬重，如有不適請私訊我
YouTube:白(燕雲十六聲)
需要止戈上分，競速定榜，BOSS無傷，百業戰指揮及中場表演的老闆請私訊小窗",2026-02-03 16:57:00,,恨,not_enough_posts,
w.ikz_,w.ikz_,"到底怎麼做到大一下了只認識三個人一個還休學
ig粉絲比我高中還少幹🤡世新大學我恨你",2026-03-01 04:07:00,好無聊我想玩抽象,恨,not_enough_posts,
__fxot.o7,っ魔՞߹ - ߹՞,"趁現在偷發一下
法
大家都恨帥潮除我",2026-03-25 01:46:00,,恨,not_enough_posts,
sakurai_314_kokone,桜井心音,妈的敢否定我发的脆文还来评论 我直接删评加拉黑 没有骂你就很不错了,2026-03-17 16:29:00,"我很神秘
男的不是支持我的就不要评论我 
否则原地暴毙",恨,not_enough_posts,
yuna900206,于涵,"一個肉體和精神出軌的男人,別去恨他
他其實是個可憐蟲,原生家庭沒教會他責任
人生字典里也沒有愛字,內心既骯髒又可悲
只能靠新鮮感來填補,他像個流浪狗
你給了他一個家,他卻忍不住聞路邊發臭爛的骨頭
這是骨子裡的骯髒",2026-02-28 01:50:00,超人媽媽,恨,not_enough_posts,
shashinka.ttt,拍照的人攝影工作室,臭豆腐真是令人又愛又恨的生化武器🤩,2026-03-22 17:09:00,"攝影師 / 空間經營
| 人像攝影、紀念寫真、商業攝影、空間出租 |
以人為本、記錄情感與回憶",恨,not_enough_posts,
shashinka.ttt,拍照的人攝影工作室,波惑仔：本片沒有任何墨鏡收到傷害🚬,2026-03-17 22:47:00,"攝影師 / 空間經營
| 人像攝影、紀念寫真、商業攝影、空間出租 |
以人為本、記錄情感與回憶",恨,not_enough_posts,
polin.tung,柏霖PoLin,"看了《路易泰魯：解構男性圈》，
心裡只有一種感覺，就是，很 不 舒 服。
身為男性，我其實對那些被訪問者人有一點同情。我都感覺得到被訪問的這幾個人，他們眼神裡真正存在的是不安，好像他們會被揭露似的￼，並沒有看到真正的力量。
我感到很悲哀。當恨、虛榮、欺騙、暴力，權力崇拜、金錢崇拜，甚至流氓式的行為，被包裝成某種「男性魅力」時，那些選擇崇拜它的人，其實也正在把自己變得越來越空洞！
就 很噁。 看見他們有更多的追隨者、崇拜者的時候，我其實是在憂慮這個世界。",2026-03-16 06:01:00,要緊不要緊的話 都在這邊說！,恨,not_enough_posts,
df_.zvxc,大腦裝屎嗎,"幹 根本不怕被討厭的人臭
但超討厭被不熟的人臭
-
-
-
-
您娘勒 就跟你不熟是要臭三小
您娘勒 就跟你不熟是要臭三小",2025-12-09 23:55:00,,討厭,not_enough_posts,
yiiiii_shin,欣｜🅗🅢🅘🅝🖤,"不知道大家懂不懂那種感覺？！
討厭一個人可以反感到
看到她出現在視線內就心情不好
一聽到她聲音就覺得很厭惡
看到她出現在視線內就心情不好
一聽到她聲音就覺得很厭惡",2025-12-30 13:25:00,"欣宅生活實錄♡自娛自樂玩家♡快樂證據♡
Daily life𖤐 Trip𖤐 Photography𖤐 
歡迎來到我的亂七八糟小星球🪐
2025年一個小楊桃降落在生命中👶",討厭,not_enough_posts,
nwnsusuhd,nwnsusuhd,"我真的覺得
你討厭一個人你就自己討厭
沒必要大肆宣傳你討厭那個人
然後到處拉攏別人一起討厭一起罵他欸",2025-06-19 14:11:00,,討厭,not_enough_posts,
nwnsusuhd,nwnsusuhd,畢業了還是沒跟你拍到照⋯,2025-06-06 01:50:00,,討厭,not_enough_posts,
7aznt._,7aznt._,"啊不是討厭她
不是說她很婊？
不是說她很雙面？
不是說她很靠背？
不是說她很賤？
啊又玩的那麼好喔 腦癱",2025-12-02 18:05:00,可悲高三,討厭,pass,
7aznt._,7aznt._,？是不是覺得自己特別可愛,2025-11-19 20:45:00,可悲高三,討厭,pass,
7aznt._,7aznt._,幹你娘是在瞪三小,2025-11-19 20:45:00,可悲高三,討厭,pass,
7aznt._,7aznt._,死裝姐,2025-11-18 23:13:00,可悲高三,討厭,pass,
h.___17422,h.___17422,"對不起
但
我真的很討厭朋友被別人搶走啊
我真的很討厭朋友被別人搶走啊",2025-11-04 22:59:00,,討厭,not_enough_posts,
h.___17422,h.___17422,"其實我
出生
出生
的時候 自閉了一年
我一整年都沒有講話",2025-10-22 00:05:00,,討厭,not_enough_posts,
mlcyxxn,皮卡丘皮卡皮卡,這學期我絕對不會遲到,2026-02-21 22:47:00,幹話抱怨碎唸帳,討厭,not_enough_posts,
kiii6ee,kiii6e,大家別以為我是男的 我是女的,2025-12-24 19:41:00,,討厭,not_enough_posts,
a.sael7,情感抒發地｜Alien Chen,"最近女生朋友跟我說一件事
以前覺得物質沒那麼重要 
但後來發現
給不了你物質的男人更加給不了你情緒價值
當下覺得真的欸～～",2025-10-08 07:20:00,"#INFJ-T
｜靈性｜感情｜星座｜
使用緩和的語言與人貼近關係",無價值感,not_enough_posts,
45_yp_,45_yp_,"28、29歲是大家最迷茫的年紀嗎？
我是，因為我完全沒有活成理想中的樣子。
-
高中第一志願，但大學考砸了。
當時難過很久，到大學也靜不下心好好讀書，畢業後邊工作邊讀書再次努力考到四大研究所，26歲畢業。
原本預想畢業後可以順利進入外商，年收百萬，重新好好生活，結果進了外商，卻升不了職，年收不到百萬。
原本預想30歲之際，會跟長跑的男友結婚、準備組建小家庭，但分手了。
我覺得我什麼都沒有了，我的人生計劃完全不在該有的進度上。
非常想要轉職，也正在努力中，投了履歷卻沒有下文。非常嚮往去國外生活試試看，在升遷不順、轉職不順之際抽到了英國打工渡假簽，卻完全不敢動身出發。
看著網銀帳戶裡，五十萬的存款，每個月還要還學貸、繳房租，我覺得我的人生好失敗，我對自己完全沒有信心…我想要做到的事，為什麼總是不屬於我？是不是我不夠努力？還是哪一步走錯了？我有資格放下一切，去國外生活一陣子看看嗎…？",2026-03-29 13:15:00,,失敗,not_enough_posts,
45_yp_,45_yp_,"最近一直努力在往科技業PM的方向轉職，
但一直沒有收到面試邀約，
認真問大家，
如果想說去台大或是台科修個學程或是假日班，
或是在職訓練課程上相關的課，
會不會對轉職比較有幫助，
有沒有比較推薦的課程～🙏
（目前在醫藥產業做PM",2026-03-23 11:12:00,,失敗,not_enough_posts,
gecko.5222087,去你媽的蟑螂脫肛蛋糕,"我要去跟暗戀對象告白了
成功改叫
奶油蛋糕
奶油蛋糕
失敗改叫
蟑螂蛋糕
蟑螂蛋糕",2026-03-20 22:11:00,,失敗,not_enough_posts,
twopotatoes_travel,馬鈴薯與薯泥的遊客服務中心🥔✈️｜旅遊｜美食｜拍照,"在濟州島住到一間讓人心臟爆擊的夢幻飯店🦢・₊ ♪ ✧
真的美到懷疑人生
忍不住一直稱讚自己也太會選了吧😎
拉開窗簾 迎接的就是濟州島最南邊的蔚藍大海🌊
轉過身 還能看到遠方溫柔佇立的山房山⛰️
聽說 IU《苦盡柑來》很多畫面都是在這附近取景的🥰
瞬間有種自己走進韓劇裡的錯覺💭💗
大家都跑去濟州島北邊逛街
但偷偷說一句 ——
來南部，才是濟州島真正的浪漫本命地 ༘⋆🌷",2026-01-07 22:33:00,"夢想有一天
能搬到濟州島漫漫生活的我們 ⌗🏠🇰🇷 ‧₊˚ 🌊ˎˊ˗
不敢說自己是韓國專家
只分享親身走過、真心喜歡的韓國（藏在地圖之外的那種ㄛ）",懷疑,not_enough_posts,
save456206,吳曉英,"嚴重懷疑！
NET是權志🐉的忠實鐵粉
這紗裙真好看",2026-03-25 15:28:00,,懷疑,pass,
save456206,吳曉英,"喔耶👏熱呼呼的ZOA吊飾
被我開到隱藏版，真開心🥳",2026-03-20 19:26:00,,懷疑,pass,
save456206,吳曉英,"早上突然來了靈感，運用這兩張圖片
居然讓我套出了好看的桌布🥹
我自己好喜歡🎉🎉",2026-03-13 22:08:00,,懷疑,pass,
jiamu_design,傢沐設計｜預售屋客變 設計裝修 3d圖代繪,"對不起，我們真的太便宜了😢
同業攻擊我們破壞行情…
客戶懷疑我們網路詐騙…
飽受質疑，但我們仍然堅持給屋主一個設計的可能，整屋設計不過6,000，平均成交4,000有找，最低1,200就可以滿足設計的願望，不是最完整的設計，但絕對是最適合小資的設計方案～
成立一年半，月月爆單，好評如潮🔥
只做簡單設計代繪，我們有
客變服務，我們有❕
從丈量到3D，再到施工圖報價服務，我們也有❕
設計到裝修完整規劃，我們更有‼️
南到北的裝修服務，我全都有‼️
傢沐設計，給客戶一個享受設計的權利，也歡迎各大廠商配合代繪服務❤️",2025-06-15 20:45:00,".
Line id | @ 556thnsf
.
室內裝修大小事，大家一起來討論😌
.",懷疑,not_enough_posts,
traveler_tinawang,Tina Wang 🍒,"卜卦難的是解讀，
今天早上打開股市一片紅，
懷疑自己是不是解讀錯了，
再次看了一下剝卦跟頤卦解釋，
就跟姐妹們說小心開高走低了
前幾天卜今天3/26是剝卦，變卦頤卦
1️⃣剝卦：剝落、去皮、結構鬆動
2️⃣變卦-頤卦：養、嘴、供給、吃
✨結合起來就是：
開盤有利多消息，但卦象說這個強勢不乾淨
容易造成散戶追高，但其實主力在倒貨
尤其頤卦之後會分化
所以接下來會出現：
	•	有些股票繼續漲：被「養」
	•	有些開始跌：被「剝」
因此不是全面崩，是開始選邊站
這段時間要撿還是要撿體質比較健康的題材股
最後分享一下剝卦轉頤卦的圖
最上面的橫槓是開高，但是底下結構散
轉成頤卦後的最底下那一橫，
像不像韭菜們在接主力倒的貨……💔",2026-03-26 13:22:00,"Love and pain and work should all sleep now; 
the night turns on its invisible wheels.",懷疑,not_enough_posts,
traveler_tinawang,Tina Wang 🍒,"我最近短時間玩太多卜卦了，身體開始累了
以及我前面已經卜過後面走向，解牌看起來是要蓋牌到清明後，所以貼完這個紀錄後，這陣子都不會玩卜卦了，順便恢復精力🫠
補貼3/24今天早上卜的三天走勢
這個走勢不管準不準，都是我自己卜出來+解讀的心血，僅供個人生活紀錄，純屬興趣~
3/24 坤卦
走勢先高後低
坤是收斂、承接、吸收賣壓
不是轉弱，是在整理籌碼
3/25 師卦
會動，但不是主升段，偏「試單」
可能走法：開高➡️拉一下➡️被壓➡️再測
看起來要噴，但並不一定真的噴
3/26 這天關鍵日
剝（初爻動👉頤）
開始跌，但不是崩
特徵：緩跌、震盪跌、有反彈但越來越弱
洗盤式下跌
3/27～清明節前
延續剝卦
一路震盪往下，不是恐慌殺盤
是磨人盤（心理折磨那種）
這一段行情不是要崩
是在洗「快解套的人」
（我也是其中之一😭）
快讓我們解套吧~（蓋牌）",2026-03-25 00:52:00,"Love and pain and work should all sleep now; 
the night turns on its invisible wheels.",懷疑,not_enough_posts,
departmentttco,女子日記,"小時候常被灌輸一種印象：女生比較情緒化、比較不獨立、不會解決問題。
但長大後看現實，很多重大社會案件的加害者幾乎都是男性；動不動亂借錢、把自己和家人拖進財務困境的，也多半是男性。
這種落差，很難不讓人去懷疑——那些從小被貼在女性身上的標籤，到底是事實，還是某種父權的社會偏見？
有時候看到某些女孩說「很感謝另一半情緒穩定」，我心裡真的默默翻白眼
這不是本來就應該做到的基本嗎？
就像你去上班，不會特別感謝公司有保勞健保一樣",2026-03-29 12:24:00,"我不認識你，你也不認識我
希望這裡是可以相信這世界
還沒有這麽糟的地方",懷疑,non_life,
departmentttco,女子日記,"真心呼籲女生不要亂結婚
結婚的即使老公再有錢，生小孩照顧小孩有多累、累到快死了
也千萬要有自己賺錢的能力，
只有錢才不會拋棄妳",2026-03-24 23:47:00,"我不認識你，你也不認識我
希望這裡是可以相信這世界
還沒有這麽糟的地方",懷疑,non_life,
departmentttco,女子日記,"真的奉勸所有女生不要結婚
或結婚後不准不工作
即使生小孩、照顧小孩超，累累到快死了，也絕對要自己￼賺錢",2026-03-24 23:17:00,"我不認識你，你也不認識我
希望這裡是可以相信這世界
還沒有這麽糟的地方",懷疑,non_life,
ponpon.chang24,Chang Pon Pon,"今天小英總統來豐原，之前一直聽到有人說她選總統的時候住在豐原，我一直覺得很懷疑，why選豐原呢？ 所以半信半疑。
今天小英卸任後來豐原說是很像「回家」，親耳聽到本人說出來其實蠻有一種說不出的感動。豐原是我的故鄉，長大的地方，中途畢業到外地工作，離開豐原大約15年左右，
這2-3年搬回來豐原，真心覺得豐原沒有小時候的榮景了。
小英總統很溫暖，說豐原有自己的腳步，豐原人很友善，要用自己的方式跟世界接軌。
年輕的時候去台北工作，大家都說台北物價很高，外食族的我心裡都覺得豐原和台北的物價其實差不多，因為廟東的物價就是那樣。
那是曾經輝煌的豐原，但現在不是了。。
不知道6年級的同路人是否有跟我相同的感覺？？
By the way 長文打了這麼多，
是要大家不要投給江啟程。
# 我很愛小英總統，😍😍😍
@tsai_ingwen
@tsai_ingwen",2026-03-29 01:04:00,"設計 × 影像 × 愛女生＝我
一半理性，一半感性，
是100% 的我。",懷疑,not_enough_posts,
ponpon.chang24,Chang Pon Pon,又開始到了研究媽祖的季節！,2026-03-23 17:22:00,"設計 × 影像 × 愛女生＝我
一半理性，一半感性，
是100% 的我。",懷疑,not_enough_posts,
rabe_catgroomer,Rabe｜Feline Grooming,"很多人看到這段都問我
「這是AI嗎？」
但這是真的。
—
那天小兒子在學校發燒
臨時被帶回來，只好一起在店裡
他因為不舒服一直大哭
但我當下正在洗貓，完全走不開
沒辦法抱他、也沒辦法安撫他
就在那個時候
原本在睡覺的愛依咕
自己默默走過去陪他
貼著他、蹭著他
很努力地在安慰他
甚至還跑來門口對我們叫
像是在說：「你們要不要快點來看看他」
—
那一刻真的直接融化
—
我們從小就教孩子
要溫柔對待動物
也許貓咪真的感受得到
所以才用自己的方式回應
—
我常常覺得
我兒子好像被貓咪神眷顧
總是在最需要的時候
剛好有一隻貓陪著他
—
這段影片其實在 2024 有發過
當時很多人也懷疑是AI
但這些都是真的發生過
只是之前沒有標記出處
被盜用到國外又傳回台灣
這次重新整理
也想好好留在自己的帳號裡
—
如果你也被這段感動到
可以幫我分享
記得幫我註明出處🤍
—
⚠️平常沒有放養，只是偶爾會在門口坐一下
請不要特地來找他，也不要打擾美容師工作🙏",2026-03-25 21:17:00,"貓咪美容師｜貓咪美容講師
在每一次日常裡，看見細節與專業
🐈想Follow更多貓咪資訊可以到IG唷🐈",懷疑,business,
rabe_catgroomer,Rabe｜Feline Grooming,"⚠️ 春天到了
各位寶貝準備脫外套了
如果沒有好好梳毛的話…
就會變這樣🙂🙂🙂
（各種隨機造型由美容師姐姐親自設計）
掉毛季真的不是開玩笑的
毛會一把一把掉
拜託大家
最近真的要認真幫寶貝梳毛🙏
#RabeCatGrooming
#曼赤肯
#貓咪洗澡
#台北貓咪美容",2026-03-21 21:07:00,"貓咪美容師｜貓咪美容講師
在每一次日常裡，看見細節與專業
🐈想Follow更多貓咪資訊可以到IG唷🐈",懷疑,business,
rabe_catgroomer,Rabe｜Feline Grooming,"今天天氣真好 ☀️
陽光灑在毛上，
感覺Spring 都在發光 ✨
這種好天氣
好適合帶毛小孩出來遛遛。",2026-03-14 17:12:00,"貓咪美容師｜貓咪美容講師
在每一次日常裡，看見細節與專業
🐈想Follow更多貓咪資訊可以到IG唷🐈",懷疑,business,
manhuo.life,Mandy曼蒂｜旅感曼活,"近期發現有假帳號盜用我的貼文，並冒用我的身份進行活動，目前已完成檢舉處理。
在此鄭重聲明：
1️⃣ 目前我只有這一個公開帳號，並且唯一聯動的 IG 如下（歡迎大家追蹤）
2️⃣ 我本人不會透過私訊提供任何投資相關資訊，請務必提高警覺，避免受騙
3️⃣ 原則上我不會主動回覆陌生私訊，如有問題請直接在 IG 貼文下留言，我都會親自回覆
4️⃣ 由於脆的訊息量較大，部分留言可能無法即時看到，還請大家見諒 ，請追蹤IG留言
請大家協助留意假帳號，避免受騙，也感謝各位一直以來的關注，尤其是各位富邦悍將的邦迷們💙💙💙
instagram.com/manhu…",2026-03-01 17:29:00,"🏝️ Mandy × Rex 的旅感日常 
🌏週末咖啡｜街拍探店｜生活Vlog
📱更多📸🎞️請追蹤ig
不回覆陌生訊息｜任何客訴請找@rex_lin005",懷疑,not_enough_posts,
showshowz1124,秀秀子Emily (ショウショウツ),"今年
我正式卸下
Fubon Angels 大隊長這個身份了
這兩年過程中有過不安
也懷疑過自己
一直學習去理解、去溝通、去承擔
但因為有女孩和你們
我慢慢變得更勇敢一點
這個位置我很珍惜
現在交棒出去
有不捨 但更多是放心
有潔米的帶領
Angels一定能走向更閃亮的舞台❤️
未來也會以啦啦隊女孩的身分
繼續陪著大家⊂((・x・))⊃
謝謝你們一直都在 ❤️
#大隊長秀秀子下台一鞠躬",2026-03-26 21:58:00,"🍧職棒啦啦隊❤️Fubon Angels👾
🍰P.League+ 聯盟—富邦勇士啦啦隊📣
🍔直播浪Live平台：4101531
🍿FB: 秀秀子Emily
🍩推特showshowz1124（被盜了😢）
🍵FB後援會:秀秀子Emily粉絲後援飛行聯隊✈️
🖌️繪畫練習： @showshowz24",懷疑,not_enough_posts,
dhiko_uwu,Dhiko,看wiki时发现新冠是我们国家泄露出来的 太羞愧了😓,2026-03-15 22:32:00,,羞愧,not_enough_posts,
dhiko_uwu,Dhiko,中国当时为啥要封禁动森？ 最近开始玩 停不下来 有没有人知道的讲讲,2026-03-05 00:03:00,,羞愧,not_enough_posts,
say.no.to.sexual.harressment,say.no.to.sexual.harressment,"Day 7
After dropping the bomb 7天後，上水報個平安先
屋企人已經接受左現實，亦都同左我道歉，我亦都覺得10歲無助孤單既我得到治癒 tho I still need a long time to heal myself.
案件方面，由於仍然調查當中，本人絕對尊香港警方及司法程序，￼所以不作任何評論
希望好快公義得到彰顯
P.S 今日去左打tennis 開心！cannot let this eaten me. 因為該羞愧，該半夜睡不著的不是我 I shouldn’t suffer all these!",2026-02-27 09:00:00,,羞愧,not_enough_posts,
say.no.to.sexual.harressment,say.no.to.sexual.harressment,"Hello 大家好，年初四嘅晚上，報個平安俾個update大家先
事件已經交咗由專業團隊處理，原諒我之後唔可以分享更加多細節，因為輿論會影響之後嘅法律程序
￼￼目前希望有更加多嘅受害人可以主動聯絡我，我相信我先前提供嘅資料足夠大家相認
同時間因為我自己嘅經歷，都令我意識到原來好多人都有相同嘅經歷，而speak up 係需要極大勇氣，某程度上我見到完全嘅制度不足，除咗係對受害者之外，受害者家屬亦都唔識得支援，希望之後都可以為呢一個aspect 出一分力，讓世界變得更美好
雖然之後唔可以分享太多案件細節，但都會keep住update大家個progress
￼希望好快可以為大家帶來好消息，多謝大家關心 ￼🫶🏻",2026-02-20 22:28:00,,羞愧,not_enough_posts,
psy_doc_brain,PSY_DOC,"當創傷被觸發時，大腦會突然「斷電」，讓你整個人縮回小時候受傷的那個狀態，這在心理學上叫「退行（regression)」現象。
在那個當下，你的情緒反應會變得很劇烈，甚至不像平時的自己。這是因為你不是在對「現在的事」發脾氣，而是在為「以前的傷口」流淚。
其實，這種反應不是因為軟弱，而是你的身體在提醒你，心裡還有沒癒合的傷。
只要你願意試著用同理心與勇氣去觀察，就能學著像大人一樣，回頭抱抱那個受傷的小孩，用現在的力量去保護他。",2026-03-26 21:52:00,"竹北某家身心科診所所長
腦科學、身心醫學、創傷心理學
陽明醫學系、哈佛碩士、東京大學博士後研究員
國際醫學學術期刊編輯Frontiers in Psychiatry
陽明交通大學部定講師
不回私訊醫療諮詢，請跟原主治醫師討論
所有經驗分享均已經去識別化，徵得個案同意",創傷,not_enough_posts,
psy_doc_brain,PSY_DOC,"失智症的檢測與預防，近年來有許多新突破，最近閱讀相關論文文獻心得，做成圖表。
📌什麼是 p-tau217？
p-tau217 是一種存在於血液中的特定蛋白質片段。當大腦開始出現阿茲海默症的病理變化（如類澱粉蛋白斑塊堆積）時，神經元內的 Tau 蛋白會發生「磷酸化」並釋放到血液中。
在眾多 Tau 蛋白片段中，217 位點 被證實是對阿茲海默症特異性最高、反應最靈敏的指標。
📌為什麼它備受關注？
✅高準確度：
臨床研究顯示，p-tau217 診斷阿茲海默症的準確率（AUC）可達 90% - 97%，其表現幾乎等同於昂貴的正子斷層造影（PET）或具侵入性的腦脊髓液檢查。
✅超早期偵測：
它能在患者出現明顯記憶力衰退（失智症狀）前 10 至 15 年，就偵測到大腦內微小的病理改變。
✅非侵入性與便利性：
過去要確診大腦是否有類澱粉蛋白，需花費 7-8 萬元做 PET 掃描，或進行「腰椎穿抽腦脊髓液。現在只需抽一管血即可完成初步精準篩檢。
#失智症
#竹北身心科推薦
#新竹身心科推薦",2026-03-24 21:36:00,"竹北某家身心科診所所長
腦科學、身心醫學、創傷心理學
陽明醫學系、哈佛碩士、東京大學博士後研究員
國際醫學學術期刊編輯Frontiers in Psychiatry
陽明交通大學部定講師
不回私訊醫療諮詢，請跟原主治醫師討論
所有經驗分享均已經去識別化，徵得個案同意",創傷,not_enough_posts,
mental_lifter,心理師瘋舉重,"一個心理師的臨床反思
為什麼諮商會「卡住」？

諮商停滯通常不是個案「沒有話題」，而是：
(1) 被威脅到

要談的內容太靠近痛點，人會閃躲或聊些不相干的。
(2) 感覺你不在或不理解

心理師的姿態、速度、回應讓他感到：「你現在跟我不在一起」
(3) 他正在試探你

尤其是複雜創傷個案：

「如果我不講，你會逼我嗎？」

「你會著急嗎？」

「你會放棄我嗎？」
(4) 他不知道怎麼談

不是不講，是「沒有語言」。

要先幫他找到語言或感受到語言的可能。而不是把人晾在那邊，還把人貼上抗拒的標籤。
以上可能會交替出現或是一起，心理師就是整天在想這些事，你問我有沒有標準解決方案？我會說，沒有，因為給了更糟糕，教科書式的解答往往會讓人感到更不舒服。
那怎麼辦？心理師要自己想，自問自答，然後和其他人（同儕、督導、你的老師）一起想，甚至和你的個案一起，面對這些挑戰，而不是看到問題就想讓它消失。",2026-03-29 04:41:00,"🇯🇵住在日本的心理師，曾是健身教練
認真的文章請看ig，在這裡我先下班了",創傷,non_life,
mental_lifter,心理師瘋舉重,"同理，來自於深深的懂。
要怎麼懂有些人總是會陷入不好的關係中呢？
有些人可能會有這樣的疑問，被火燙到之後就會怕，下次就不敢去碰，為何你總是要讓自己一而再再而三的受傷？那是不是你自己有問題？
這些話很直白，也很殘忍，對聽的人來說，也是種不被理解的感覺，甚至也會懷疑自己：是不是這就是我的命？
身體會從痛來學習，但我們的心不一定會，因為「關係的痛」不是這樣運作的，身體遇到痛會選擇遠離，但關係痛遵循著一個邏輯：
「我是不是還能把它修好？」
這個就是關係強迫重複的基礎
這不是笨的行為，而是他們在心裡重演那個當年未完成的劇本
會不會…我再配合一點，他就不會離開？
曾經被冷漠對待，那這次如果他能回頭看見我，那是不是我就值得被愛？
這些才是在強迫重複性關係中，無意識重複的聲音。",2026-03-25 14:08:00,"🇯🇵住在日本的心理師，曾是健身教練
認真的文章請看ig，在這裡我先下班了",創傷,non_life,
mental_lifter,心理師瘋舉重,"伴侶：是我說了你才去做的，那不一樣。
個案：哪裡不一樣？
伴侶：表示你就是沒用心，不在乎我啊
個案：我…在乎你才照你說的去做啊
伴侶：你根本不知道我要什麼
雖然我沒有拍什麼男友女友翻譯機的短片，但也許我可以從另一個角度聊聊這件事可能是為什麼。但也請大家不要對號入座，不是所有講這些話的人都有創傷，然後拿這篇去堵你的另一半，這樣就不是我寫這篇的本意了。",2026-03-16 20:46:00,"🇯🇵住在日本的心理師，曾是健身教練
認真的文章請看ig，在這裡我先下班了",創傷,non_life,
rjdkxkm,rjdkxkm,"唸心理學或看太多諮商理論，最大的後遺症就是：
​遇到爛人爛事的時候，大腦會自動開始分析對方的「防衛機制」、原生家庭創傷，甚至用社會建構論來合理化他的行為。
​腦袋裡已經寫完了一萬字的個案分析，但現實中的我，還是不知道怎麼開口跟對方說：「你踩到我底線了。」
​懂太多理論，反而連生氣都不會了🫠 有人懂這種感覺嗎？",2026-03-11 01:09:00,保持貧窮,創傷,not_enough_posts,
cccbb167,C,健康38天後找到了，只剩白骨，生前被虐打，動保草草，飼主後台很硬，全靠藝人、民間網友及團體為受虐健康發聲事情才被曝光擴大！動保跟政府希望你們能重視，不要再有下一個健康,2026-03-15 10:57:00,"聽不同聲音 你會發現世界很有趣
我！你惹不起",虐待,not_enough_posts,
theleefamilypack,李家狗的日常,"白色的狗狗叫「健康」，她的生命永遠的停留在一歲。她被主人虐殺，頭骨被敲碎、牙齒被打掉了只剩一邊。最後被主人拋屍在大水溝。
2/6已經有拍到「健康」被虐待的影片。鄰居跟志願者報了警、報了動保、報了縣政府，卻通通沒作為。甚至有警察對志願者說： 你們很閒很有錢嗎？用這些時間去賺錢不好嗎？ 「健康」明明有機會活下去的，卻被你們這些政府人員、執法人員，領著公家的薪水助紂為虐、做著犯法的行為。#彰化縣政府 你們真的不配為人
「健康」，這個世界對不起妳。願妳短短的生命之後，能在彩虹橋的另一邊不再痛苦、快快樂樂的奔跑著。我讓我在彩虹橋的4隻狗狗去接妳了，願妳安息。我會永遠記得妳，許多溫暖善良的人正在為妳討回公道。不配為人的主人，罵他一聲畜生都污辱了畜生。There is a place in hell for those who torture animals.
#關於被消失的杜告犬健康",2026-03-15 07:16:00,"LIFE & 4 DOGS @ LA 🇺🇸 
*嘟嘟*/*Choco*/*Sesame*/*Icee*🌈
*Chewy*/*Quinn*/ *Chia*- SuperMutt 🚹 🚺 🚺
*Molly* - Labrador 🚺",虐待,not_enough_posts,
theleefamilypack,李家狗的日常,健康，這個世界對不起妳… 希望妳在彩虹橋的另一邊開開心心的… 不會再痛了… 該死的人渣會有報應的…,2026-03-14 15:48:00,"LIFE & 4 DOGS @ LA 🇺🇸 
*嘟嘟*/*Choco*/*Sesame*/*Icee*🌈
*Chewy*/*Quinn*/ *Chia*- SuperMutt 🚹 🚺 🚺
*Molly* - Labrador 🚺",虐待,not_enough_posts,
2d_origin_12,2D ｜十二長老議會,"彰化最美的風景？
暴力虐待動物的人召喚一堆警察保護？
台灣在動物的法律上太薄弱，
惡意虐殺動物都該坐牢才對。
一天動保法不改變，
我就以身為台灣人為恥。",2026-03-14 20:07:00,"天蠍座 喜歡思考的音樂人 
Ig限動每天會放免費的「天氣日報」 
歡迎前往觀看。
👂聽到的音樂是預告當天能量與轉化
👌看到的文字是當天日月能量的敘述
🔮音樂占卜",虐待,not_enough_posts,
coco.mymy,COCO,"如果每個人都是這樣
溫暖溫柔善待毛孩子
沒有虐待
該有多好..🥺",2026-03-18 14:05:00,"🐶毛娘牡羊女
🐕愛動物的台南台灣人
🐩我的善良只給值得的人
🐈尊重所有生命體
🐕‍🦺拒絕觀看動物表演
🐩拒絕乘坐動物取樂",虐待,not_enough_posts,
antiweakness4,:,"@zhao_cai_meerkat
@zhao_cai_meerkat
虐待動物 刪文？
@mahome_art_cafe
@mahome_art_cafe",2026-03-25 21:24:00,:,虐待,not_enough_posts,
cheerll25,cheerll,"從沒想過，自己有一天會親眼看到剴剴被虐待的照片。用力的哭過了，是一種說不出口的痛，卡在胸口的。
一個人安靜下來的時候想，
如果沒有這些照片，
我們會相信到什麼程度？
有些人說要給孩子尊嚴，
但他只能用這個方式告訴世界他有多痛，
他撐過了痛，我們不能選擇無視，
如果照片是剴剴最後能替自己說的話，
那我願意聽到最後。
你呢？",2026-03-19 01:16:00,"一顆花生🥜
一顆湯圓🍡
集合修行中☺️",虐待,non_life,
cheerll25,cheerll,"剴剴，一個才一歲多的孩子
死在兒符聯萌引以為傲的流程裡。
社會只想看到一件事：
有人願意負責跟認錯。
但等到現在，只看到推託、辯解、澄清。
甚至在與一個已經過世的孩子對簿公堂。
一個已經離開的孩子，
請問-----兒盟還要爭什麼？
孩子的命
不能被遺忘。
4/16早上9點29分寶慶法院
兒福聯盟社工陳尚潔 一審宣判
#下架兒福董事長林志嘉
#陳尚潔這顆老鼠屎害到整個社工界
#支持默默付出用心照顧孩子並且把孩子看的比自己生命更重要的好社工",2026-03-13 12:29:00,"一顆花生🥜
一顆湯圓🍡
集合修行中☺️",虐待,non_life,
cheerll25,cheerll,"剴剴都過世多久了？
兒萌說是給孩子一個幸福的家，
現在還來跟剴剴算帳嗎？
都等到死了！！真是不要臉！
寧願包庇一個冷血無情卸責的陳尚劫，
誣蔑且看不到好的社工正在辛苦幫助孩子，
很謝謝願意還在一線陪伴孩子的好社工們🙏🙏 衷心覺得感激🥹
辛苦您們了！謝謝你們的付出！
#兒萌高層林痣嘉李蚄玲江遺韻葉停希葉屍宇下台
#拒絕捐款
#0416兒萌社工陳尚潔一審宣判",2026-03-11 00:21:00,"一顆花生🥜
一顆湯圓🍡
集合修行中☺️",虐待,non_life,
cheerll25,cheerll,"如果你也有孩子，
看到剴剴的故事真的會非常心痛！
四歲，本來應該是什麼樣子？
剴剴他承受的是飢餓、寒冷、恐懼
還有遍體鱗傷的痛。
看到簡大哥的採訪，才知道剴剴最後走的那一段路是平順、安詳的... 我流下眼淚。
謝謝心善的簡大哥與團隊，在剴剴人生最後的時刻，給了他善良、尊重與陪伴。🙏
或許那短短的時間，是剴剴很久很久以來，
最放鬆、最安心的一刻。
對不起，我們來得太晚。如果這個世界早一點保護你，你是不是就不用吃那麼多苦了... 
虐童重判！拒絕捐款兒福聯萌！
facebook.com/share…
#4月16日兒盟社工陳尚潔一審9點29分宣判請大家9點一起來寶慶法院",2026-03-08 17:06:00,"一顆花生🥜
一顆湯圓🍡
集合修行中☺️",虐待,non_life,
martin09285,martin09285,"一個女生全身赤裸和男生單獨共處一室
是男生侵犯女生的正當理由嗎？",2026-02-08 06:13:00,,侵犯,not_enough_posts,
gigichanngg,Gigi Chang,"有感而發，真的看不下去了。
根據世界衛生組織與聯合國統計，全球三分之一的成人女性（約8.4億名）曾遭遇性暴力，包括肢體性侵犯，言語性騷擾、強迫性行為等等。這還是嚴重低估的數量，因為多數的性騷擾案件並不會被通報。
我身邊幾乎每一位女性友人都曾受過一定程度上的騷擾、暴力與侵犯。可有些男人還是能笑笑的說出：「沒那麼嚴重吧」、「隨便說兩句就不舒服喔？太脆弱了吧」、「女拳自助餐」這樣的話。
女性主義的訴求從來不是要更多的權益及權利，我們只是在追求真正意義上的平等。追求一個沒有人會因為性別被剝削與侵犯的世界。
性別平等還有很長很長的路要走，男生女生都一樣，我們都有可能在不注意之下成為加害者。願你我能一起喚起關注，為下一代創造出更加平等的社會，共勉之。
peace and love, G x",2026-01-26 18:23:00,"拿相機，說故事，獨自在世界流浪
住在非洲的第四年｜現正進行式",侵犯,not_enough_posts,
gigichanngg,Gigi Chang,"有些男人好像不開黃腔活不下去
看到女生，看到住在非洲，滿腦子想的全是性 lol",2026-01-24 22:05:00,"拿相機，說故事，獨自在世界流浪
住在非洲的第四年｜現正進行式",侵犯,not_enough_posts,
daynamic_official,Day(namic),"這位客人一口氣買了22件✌🏻！
真的沒有想到這位客人第一次跟我們買衣服，就直接買了22件！而且完全沒退貨🥹！原本以為女生買衣服會很理性，會比較價格、會慢慢挑、會想很久…結果完全不是😳！
更讓我意外的是，她收到之後說：
「每一件都好喜歡！真的是每一件！」
「跟圖片看起來一模一樣！」
「而且都有現貨 出貨很快！」
女裝做久了，才發現一件事，女生買衣服其實很感性✨ 但前提是，你要讓她買的很放心❤️",2026-03-21 21:59:00,這裡蠻日常的！,意外,business,
daynamic_official,Day(namic),"網購買衣服 怎麼買最不怕踩雷😤？
整理了幾個我自己網購會看的重點給你們👇🏻
① 有沒有現貨
如果一間店 可以很明確跟你說出貨時間
甚至是 今天下單、一個工作天就能出貨
通常代表 商品是真的在他們手上
不用等 也比較不容易有落差
② 照片是不是自己拍的
如果是自己拍的
代表他們真的有摸過商品 知道版型、材質
也願意花時間＋成本拍攝
這種店 品質通常比較可控
如果看不出來是不是廠商圖 可以直接勇敢詢問！
③ 尺寸不確定就直接問
很多人會不好意思問 但其實你只要提供：
身高、體重、常穿尺碼、穿搭習慣
客服如果夠熟商品 通常都可以幫你抓得蠻準！
④ 看蝦皮評價跟聊聊表現
評價接近 5.0 + 聊聊回覆率 90%以上
基本上都會在水準之上
⑤ 看這間店「有沒有在經營」
有沒有固定上新品、有沒有持續做內容
這種通常不是隨便賣一賣的店
踩雷機率也會低很多
網購最怕的不是貴是 等很久＋收到失望😳
祝大家 2026 網購不踩雷！
如果有漏掉的技巧歡迎補充💖✨",2026-03-17 20:00:00,這裡蠻日常的！,意外,business,
daynamic_official,Day(namic),"很多女生其實不是不會穿搭…
而是買錯衣服了🥹
我們開女裝店之後 慢慢發現一件事：
台灣女生其實都很愛買衣服🙏🏻
但很容易 買到不好搭的衣服！
最常出現的三種單品是：
① 太寬的外套
很多女生覺得 Oversize 一定很好看
但如果版型太寬 容易壓身高、比例變差！
② 不適合身高的長裙
很多長裙 其實是為了 165cm 以上女孩設計
小個子女生如果直接穿 比例很容易被吃掉！
如果真的很喜歡 通常需要靴子或厚底鞋輔助！
③ 看起來很辣、很甜但很難搭的上衣
有些衣服單看真的很漂亮
但其實 很難搭配
結果就是 穿一次很好看 但之後就沒有再穿過了！
所以我們在選品的時候 特別在意 比例和搭配性
一個好穿的衣櫃 通常是：
「80% 基礎款 + 20% 吸睛款」✨
這樣的邏輯基礎下 每天都搭很快！
你們衣櫃裡 最常買錯的是哪一種？
外套、裙子還是上衣😳",2026-03-15 21:29:00,這裡蠻日常的！,意外,business,
_y0y72c5_,Adaline Yang,"某個喜歡很久的podcast偶爾出點公關意外都可以用粉絲的愛加上看起來真誠的道歉來讓大家覺得他們會持續改進，
但政治不敏感、支語不敏感這件事一直讓人覺得很可惜，
喜歡很久了，本來一直捨不得退坑，
直到最新一集""手辦""這個字聽到之後整個冷掉，好像是最後一根稻草。
在這個時代大家可以暢所欲言沒錯，但是他們是真的不在乎，
那就只能各自安好了。",2026-03-21 12:06:00,✈️,意外,not_enough_posts,
manman_wtk,Manman,"用左一年時間，終於完成PSA 1-10 梵高比卡超系列
如無意外，世界第一套PSA1-10 🫣
大家鐘意呢一套既 就like下啦 🤗
pokemon",2025-03-05 00:17:00,"💲香港板橋 見習銷售員
🚼岩岩學玩POKEMON
🚗 GR86 / S660 / MR2",意外,not_enough_posts,
xetyncl,xetyncl,好扯今天第一次看pentagon 姜炯求演唱會整場全開麥98的大叔體力真好超級意外能聽到shine😭整場好嗨好開心,2026-03-28 22:25:00,,意外,not_enough_posts,
xetyncl,xetyncl,好扯今天第一次看pentagon 姜炯求演唱會整場全開麥98的大叔體力真好超級意外能聽到shine😭整場好嗨好開心,2026-03-28 22:20:00,,意外,not_enough_posts,
thtoxication,Zoey Lin,"試香說走就走
結果諾推
@ruchuya9
@ruchuya9
沒買 我買了
一開始看到香調就覺得會喜歡
但過去遇到的橙花都沒有打中的感覺
結果這罐！直接中！（公主拍手
很輕快的花果香調
一開始的柑橘味相當明顯 很清新
最後尾韻會慢慢帶出甜味
好意外卻又不意外公主會喜歡💜
個人很喜歡這種甜感
但朋友覺得太甜（所以他沒買
建議靠櫃後再決定！
唯一糾結點只有現在買嗎！！！
いま！ここで！這種回歸前夕要確欸！
糾結3小時最後還是出動魔法小卡✨
💫情報：現在台北微風是買一罐
就送7.5ml*3的旅行組
買兩罐（滿額）再送8小罐的禮盒
目前沒現貨要等下週
然後櫃姐真的超級親切！
這兩天很多噗哩去 都記住是韓諾亞了😂
其中一位姊姊說他自己也有在追韓團
所以很好奇我們入坑plave的原因
等待結帳時還特地跑來跟我們聊天
要不是回歸前夕  真的會帶兩罐走！
同場加碼：
因為朋友特別喜歡某罐的味道
一聞立刻：我覺得你可以買byredo藝俊香
而且就在同一層樓😏
沒想到同樣遇到可愛天使櫃姐
還是即將入坑的噗哩(是斑比推💗
整個聊的超級開心
今天是互相傷害的兩人錢包
但內心好快樂的兩人💙💜",2026-03-28 23:42:00,"🅔🅝🅙🅞🅨 🅛🅘🅕🅔
北漂台南人｜ JPOP ｜PLAVE
🇹🇼 2508梯噗哩💙💜💗❤️🖤",意外,not_enough_posts,
111ewqe,西克,"謝謝大家不嫌棄我
上一篇串文讓小弟受寵若驚🙏
目前我是在502會館
之後沒意外會換到別家 確定再跟大家分享一下
有想來找我可以看我哀居 我在都會發文
或者跟幹部說一下讓我去上班😂😂
總之謝謝大家 讓我有這個機會讓你們認識我🫡",2026-03-17 01:12:00,這裡是我的日常小樹洞🥸 哀居在這🔽,意外,not_enough_posts,
bb.0617_,小蓓🌱,"從16歲開始學汽車烤漆 到現在也6年了（歲月不饒人🥲
雖然真的很累 夏天酷刑 冬天冷到一直感冒🤒
去個便利商店還會被問是做什麼工作 身體為什麼這麼髒（很常買 才會這樣問）
家人一度問我要不要轉行（覺得很傷身）
但還是很熱愛這份工作！💓
這行真的有學不完的技術
從補土、調漆、微調、噴漆 每一項都需要長時間的經驗累積
再加上現在車型菱菱角角越來越多 要做到跟新的一模一樣 真的要不斷去摸索
但只要看到完成品很精緻很漂亮
就會覺得這一切的辛苦都值得‼️
汽車維修 工作日常♡",2024-12-06 19:37:00,"🎨 @omfpaint_150
.
工作·生活日常
꒦꒷꒦꒦꒷꒦꒷꒷꒦꒷꒦꒷꒦꒷꒦꒷꒦꒦꒷꒦꒷꒷꒦꒷꒦꒷꒦꒷꒦꒷꒦꒦꒷꒦
.
♥歡迎預約汽機車鈑噴♡
♥預約烤漆送美容♡",酷刑,not_enough_posts,
tb_thanks,Harry Hsieh,剛剛在健工蘆洲廠，快閉店前選了一台左右都沒人的跑步機（舒服😌），大概爬坡五分鐘後，隔壁極泰來了一個男生，真的好帥，穿愛迪達上衣，但一看就知道是直男，跑起來真的帥到不行，我就一直偷偷看，然後很認真看自己的手機，殊不知內心在小🦌亂撞，在健工運動真的是酷刑，只能看不能吃🥹,2026-03-18 00:15:00,好像沒啥能分享的,酷刑,not_enough_posts,
ty13800,流星,"18個月大嬰兒居然受酷刑！！
剛看到一個有確實的調查報告的新聞讓我實在震碎三觀
以色列軍人居然對一個18月個月大的嬰兒進行酷刑，就只是因為要逼他的父親講出他們要想要的資訊。
他們甚至在這個小嬰兒身體制造煙頭的燙傷，還有釘子的傷口.....最後還是國際紅十字會想辦法把小嬰兒撈出來。這個嬰兒都已經被關押了10個月了！請問他有什麼罪？
這是什麼魔鬼的行徑啊！
現在還有人敢跟我說什麼誰叫他們支持哈瑪斯嗎？
18個月的嬰兒跟哈瑪斯什麼關係。一個嬰兒要接受所謂的酷刑虐待。
那些支持以色列的人現在還好意思跟我說他們以色列才是受害者嗎？！
這群以色列軍隊真是噁心到不行！他們把巴勒斯坦人當畜生，隨意關押18000多個人。然後在這裡面對人施加虐待，酷刑，還有性侵犯。在大街上隨意開槍射殺兒童，這些哪像個“人”會做的事情。
現在他們自己跑去打伊朗，被伊朗還手打回來。以色列被炸的一塌糊塗。他們居然好意思在媒體上哭訴說伊朗太殘忍！
要我說就是 伊朗幹的好！炸的好！
我不一定喜歡伊朗，但是我絕對支持他們炸以色列這種行為。",2026-03-26 11:35:00,,酷刑,not_enough_posts,
lo_ve_ly_q,lo_ve_ly_q,"人的自我保護機制真的很神奇
痛苦到快死掉的時候
就會突然有一瞬間全部的情緒一起消失
然後過一陣子又突然變回那個看起來
總是很開朗樂觀的自己
還會覺得自己前兩天的痛苦不知道是在發什麼神經
難道人類有什麼強制重啟的開關嗎",2026-02-08 10:00:00,,痛苦,not_enough_posts,
lo_ve_ly_q,lo_ve_ly_q,"我突然很吵很吵的時候
其實代表
我在求救
這個時候只需要好好的回應我就好
但連這麼簡單的事都沒人能做的到",2026-02-07 13:17:00,,痛苦,not_enough_posts,
1231shih,我是聖誕樹です,說不定明天死了就不用做了,2025-12-09 23:12:00,"7788過日子
有種你揍我啊 我就會軟軟的說對不起",痛苦,not_enough_posts,
im_nota_funny_person,格格Blue,"想問大家的憂鬱症發作是什麼樣子？
我會莫名覺得身體好重、覺得生活很重。
然後只想要發呆，就是腦袋全都放空的那種，可是又沒有辦法，總是會想很多有的沒的。
想要和誰說，又覺得沒必要，因為沒辦法回應那句「妳怎麼了」，同時也只會徒增大家的困擾，因為他們也不知道該怎麼辦。
每天都睡不好，一直作夢。
覺得自己很無病呻吟，卻怎麼樣都沒辦法舒坦。
沒有很強烈的悲傷或想自殺，就真的是一種卡住、被壓住的感覺。
明明就有好好吃藥了，卻擺脫不了這種感覺。
真的覺得這樣的自己好討厭好麻煩，一個人覺得痛苦，但踏入一段關係又更痛苦，因為深知沒人能夠承擔這種無來由的沉重，所以總會擔心對方疲倦甚至離開，也不想讓對方承受這些東西。
但是一個人真的好痛苦。",2026-03-26 22:12:00,"一個和這個世界格格不入的
無趣的人
為了好好活下去
我想躲到一個沒有人認識的地方
假裝我其實不是我
.
𝕀 𝕤𝕥𝕚𝕝𝕝 𝕕𝕠𝕟’𝕥 𝕜𝕟𝕠𝕨 𝕨𝕙𝕖𝕣𝕖 𝕥𝕠 𝕘𝕠
𝕓𝕦𝕥 𝕨𝕖𝕝𝕔𝕠𝕞𝕖 𝕥𝕠 𝕥𝕙𝕖 𝕤𝕙𝕠𝕨
——🄳🄿🅁 🄸🄰🄽",痛苦,not_enough_posts,
chrisdeng1113,chris,我真的好痛苦，我好像去死，但我怕痛,2026-03-12 22:12:00,,痛苦,not_enough_posts,
_o0wo0,_o0wo0,我真的好痛苦好痛苦，沒有任何人能聽我說、安慰我、抱抱我，沒有人站在我這邊，沒有人有辦法幫助我，真的好無力好難過，到底為什麼不能，我也想要有人能聽我說幾句話，沒有人能因為這種事抱抱我。,2026-01-25 01:57:00,,痛苦,not_enough_posts,
_o0wo0,_o0wo0,我果然很討厭「可是」，在我以為想通某些事之後，就會有好幾百個它跑出來問我為什麼、怎麼辦，還以為能看清楚些什麼，可是它就在那邊阻止我。最近被男友的事困住好久，每天都有一堆可是，好煩又好無奈，可是也是因為有它存在我才能繼續思考，就是因為有這種東西在，我才能繼續思考，這樣想又覺得「可是」好像少一點點點討厭了。,2026-01-25 00:39:00,,痛苦,not_enough_posts,
hui_yu_0125,蔡,"看到有些叫憂鬱症、想不開的人
「想想身邊愛你的人會很痛苦」
要求一個連呼吸都覺得精疲力竭、生病到自我都快瓦解的人，去承擔別人的情緒、去為別人的痛苦負責，這邏輯真的對嗎？
為什麼一個已經溺水的人，還要被要求去救岸上的人？
這種「為了愛你的人活下去」的說法，到底是救贖，還是另一種形式的情緒勒索？",2026-03-27 17:03:00,厭蠢,痛苦,not_enough_posts,
sty_0927,Roro,"不知道大家有沒有過這種感受
在很痛苦很難過的時候
突然會有一瞬間所有的情緒抽離
自己變成第三視角
看著眼前荒謬的一切想著：我到底在幹嘛",2026-02-12 02:46:00,ㆍ當不成真正意義上的美女就當自己心目中的美女吧,痛苦,not_enough_posts,
ah_yu0528,荒謬小姐,"最近有觀眾私訊，希望我來看看這台詭異紅車
聽說，它已經停在這裡一年了…
出發時天氣還好，
一到現場卻突然下起大雨。
打開一看，車內依然堆滿金紙。
不知道這裡發生過什麼，
只希望那段故事的結局，
不再痛苦🙏🏿",2026-03-22 20:36:00,不是職業探險，只是覺得舒壓,痛苦,not_enough_posts,
ah_yu0528,荒謬小姐,"最近都是廢棄溫泉系列
可惜了這些地方 ･᷄ ･᷅",2026-03-21 21:25:00,不是職業探險，只是覺得舒壓,痛苦,not_enough_posts,
huangdazo,黃大塚,"一台至少5億美元🧐
伊朗對沙烏地阿拉伯的蘇丹親王空軍基地發動飛彈與無人機攻擊，造成約 10 名美軍受傷，其中包含重傷人員。同時，多項關鍵軍事資產遭到波及，包括一架 E-3 Sentry 空中預警機（AWACS）與多架 KC-135 空中加油機均出現不同程度受損。
這類機型在現代戰爭中扮演極關鍵角色。E-3 預警機負責空中監控、戰場指揮與目標追蹤，可即時掌握整個戰區動態；而 KC-135 則支撐空中續航能力。一旦這些資產受損，將直接影響空中作戰節奏、任務規劃與持續作戰能力。
值得注意的是，美方先前曾表示已大幅削弱伊朗的飛彈與無人機產能，但此次攻擊顯示，伊朗仍具備對美軍據點發動打擊的能力，代表衝突風險並未降溫，反而進一步提高市場對地緣政治與能源供應的不確定性。",2026-03-29 13:46:00,"keensPie.com 創辦人
Stocks│Futures│Option",戰爭,business,
huangdazo,黃大塚,"今晚直播來聊這三個時間點
1.4月2日
2.4月3日
3.4月6日
有時候「時間」比「點位」更重要。",2026-03-29 12:19:00,"keensPie.com 創辦人
Stocks│Futures│Option",戰爭,business,
huangdazo,黃大塚,"你們覺得現在是便宜還是貴？
— 根據最新數據，S&P 500 科技指數的預估本益比溢價只剩約 4%，創下自 2019 年以來最低水準；相比 2025 年 10 月，高點已大幅壓縮，幾乎回到歷史相對低檔。",2026-03-29 12:03:00,"keensPie.com 創辦人
Stocks│Futures│Option",戰爭,business,
purpleclouds16,Nicole 呂昀芷,"幾週前我遇到一個黎巴嫩人
問我有沒有用TikTok
我回她
「沒有，因為它有資安疑慮，
而且我不想助長可能會攻打我國家的人」
她聽了後開始捧腹大笑
到處去跟其他同學說我不用TikTok是怕戰爭
她：「那這樣我是不是不該買以色列的商品了哈哈哈」
我：「或許妳真的可以考慮看看」
她：「這真的太荒謬了哈哈哈」
這大概是我到法國以來遇到最難過的事之一
很無力🥲",2025-11-14 18:49:00,吃垮頌讀碩中！🥖,戰爭,pass,
purpleclouds16,Nicole 呂昀芷,"台灣人的諧音梗我真的要愛死
感謝我妹傳給我 笑到整個人都好了",2025-11-02 16:56:00,吃垮頌讀碩中！🥖,戰爭,pass,
purpleclouds16,Nicole 呂昀芷,"體驗過歐美地鐵的臭酸味後
（尤其我的身高剛好在他們腋下）
台灣捷運真的超級香⋯
而且不常有超重香水味",2025-11-02 00:09:00,吃垮頌讀碩中！🥖,戰爭,pass,
boss_yen,boss_yen,"搞啥啊，川普說的是真的假的
戰爭真的要停了？？？？
週一才剛從將來銀行申請信貸
200
200
萬要加碼的...
錢剛撥款下來，但今天股市就已經好紅
請問現在進場買股票還會是好的時機買點？
原本還想說，或是要來改買黃金放著",2026-03-10 17:17:00,,戰爭,not_enough_posts,
boss_yen,boss_yen,"有人知道康是美、屈臣氏哪間買東西會最划算嗎？
因為我常用的台塑的喚黑系列這兩間都有
實在是離不開他們家的護髮素 在改善白髮和頭皮屑的效果很好><
所以上來問有沒有神人知道哪間更優惠🥲
(如果康是美更便宜的話我要直接跳槽ㄌ！)",2026-03-06 12:15:00,,戰爭,not_enough_posts,
louie7ahava,Louie 雷,"-
靈魂有厚度的人都很值得深交
但他們都不太喜歡社交",2025-10-23 10:04:00,Matthew 7:6,社交退縮,not_enough_posts,
waaaa._.03,(⁠◍⁠•⁠ᴗ⁠•⁠◍⁠),"我是一定要有人一起才會發揮最大能量社交的人
只有自己一個人會變馬鈴薯 在家生根發芽🌱
（足不出戶的那種 甚至會懶得吃飯）
不知道這個數值準不準🤔",2026-03-23 15:13:00,"小蛙🐸
目前主要在失憶投捕（有娃）
暫時以脆互動為主～歡迎認識",社交退縮,not_enough_posts,
yvonne.u.b,ㄧˇㄈㄤˋ,"我在大學的社交狀態就是別人聚在一起開心聊天的時候，我在旁邊一邊羨慕地看著他們一邊陰暗地爬行然後一邊哭。
不會社交😭😭",2026-03-03 12:29:00,,社交退縮,not_enough_posts,
_0.6.1.4._,Hua,"「主動離開的人，可能才是最心痛的，
因為遇見了無法解決問題的人，你只有離開可以選。」",2026-03-29 19:50:00,,離開,not_enough_posts,
_0.6.1.4._,Hua,"已經記不清流過多少淚
希望下次流淚 是因為幸福",2026-03-21 18:00:00,,離開,not_enough_posts,
_y.inaa,依娜ꗯ̤̮,愛 到底是不打擾 還是不放棄,2026-02-22 21:24:00,謝謝你在世界的角落找到我 ·͜·♡,離開,not_enough_posts,
gulliver0718,gulliver0718,"離開台北之前
先去圓山看一下亨💜
還有免費的可口可樂🥤🍻",2026-03-27 15:11:00,🖤💜🐱,離開,not_enough_posts,
gulliver0718,gulliver0718,可愛🥺🥺,2026-03-23 07:00:00,🖤💜🐱,離開,not_enough_posts,
peter374460,Peter Lin,"下夜班直接衝
抵達現場驚呼連連
超乎想像的美
只是下面斜坡那排
花況比較不優
幸好上排超爆超好拍
拍完整個人快虛脫
拍到中午12點半左右
才心滿意足收工
開車正要離開時
巧遇@meiyu.h902 
很開心😍😍😍
拍攝日期:2026.03.27
#yahoo奇摩旅遊 
#mook景點家 
#ettoday旅遊雲 
#花旗木 
#台南",2026-03-28 09:03:00,"#Taiwan pingtung
自拍/美景/美食/旅遊
純粹手機攝影 紀錄美麗的邂逅",離開,pass,
peter374460,Peter Lin,"昨天下午約五點經過
因為陰天光線昏暗
想說20分鐘車程
決定隔日再訪
分佈在學校外圍
不多但還是很好拍
最炸的這棵
路人經過還不少人會停下來
就我拍最久😅
拍攝日期:2026.03.24
#mook景點家
#yahoo奇摩旅遊
#好想去喔 
#ettoday旅遊雲 
#屏東",2026-03-24 13:13:00,"#Taiwan pingtung
自拍/美景/美食/旅遊
純粹手機攝影 紀錄美麗的邂逅",離開,pass,
peter374460,Peter Lin,"目前花況還不優
一整排花開不同步
應該再一星期會更好
本想多踩幾個點
想想還是算了
等下星期再來
拍攝日期:2026.03.23
#mook景點家 
#yahoo奇摩旅遊 
#好想去喔 
#ettoday旅遊雲 
#美濃",2026-03-23 21:25:00,"#Taiwan pingtung
自拍/美景/美食/旅遊
純粹手機攝影 紀錄美麗的邂逅",離開,pass,
peter374460,Peter Lin,"本來是去美濃晃晃
孩子們說要去麥當勞
一路沿著美濃溪河堤道路
讓我驚呼連連
一整排的粉紅風鈴木
緊接著黃花風鈴木 可惜掉光了
真的意外的收穫
然而進入旗山後
被花旗木給吸引了
兩棵已爆開
於是載孩子們去麥當勞後
獨自衝去拍照😅
拍攝日期：2026.03.18
#mook景點家
#玩咖playing 
#好想去喔 
#yahoo奇摩旅遊
#旗山",2026-03-18 16:27:00,"#Taiwan pingtung
自拍/美景/美食/旅遊
純粹手機攝影 紀錄美麗的邂逅",離開,pass,
yuxian__0905,陳昱憲,"SAO 2026年3月29日 日本時間下午二時
有紀將原創劍技《Mother's Rosario》聖母聖詠託付給亞絲娜，也是她離開我們的日子
每當聽到LiSA的<シルシ>會令人想起「絕劍」有紀-紺野木綿季",2026-03-29 13:23:00,"分享動畫、漫畫、回顧動畫/日文歌曲以及Acgn第一手相關消息文章
歡迎追蹤
老八胃大 無須多鹽",離開,not_enough_posts,
charlotte0901,Charlotte Chen,"京都抹茶採購之旅 - Yugen、丸久、一保堂、柳櫻園
時常變化規則的抹茶採購市場（？
前天去Yugen茶筅可以單買，白竹跟黑竹都有，一人限購一個。大家常買的片口茶碗現在只能組合販售(茶筅+茶勺+1號抹茶+片口茶碗) 出了一款新的片口，碗身比較淺、寬，刷過一次目前還是比較喜歡舊款。（當天店員說我買的是最後一個)
翌日11:00 騎腳踏車路過丸久小山園西洞店，品項算齊，雲鶴以上的等級沒有，一人限購兩個，補了現在缺的兩款(其他官網買齊了！)
11:30 一保堂京都本店，目前沒有限購，包了抹茶全品項 (只有紙盒裝) 片口茶碗、離開。(此時店裡人滿為患)
11:40 京都朋友推的柳櫻園第一次來(一保堂走路可到) 店內除了遊客當地人也滿多，也是限購2個，買了2款人氣抹茶，騎腳踏車衝河源町吃午餐，今日份抹茶採購之旅結束！之後再去福壽園跟堀井。",2026-03-29 10:19:00,"🦐 小時候在荷蘭長大的抹茶店老闆
🦐 製茶三代 抹茶店面籌備中 🍵@nakamatcha.co🦐 本業是HR公司全球活動行銷蝦@slasify🦐 偶爾出現在世界各地刷抹茶",離開,business,
charlotte0901,Charlotte Chen,"抹茶店打工仔、茶道修行中！
今天是學習日本茶道的第一天！正式成為 Yuki老師的學生，以後至少兩個月飛一次跟老師上課，這次也排了兩堂課。今天學習如何當客人進入茶室、吃和菓子 😋 （順道學了好多日文，我們是英文授課）
我是個比較粗魯平日腦袋又靜不下來的人，學茶的過程中真的能幫助我找到平靜（尤其最近店面裝潢的事讓我非常焦慮）練習成為優雅的蝦子。😌",2026-03-27 18:39:00,"🦐 小時候在荷蘭長大的抹茶店老闆
🦐 製茶三代 抹茶店面籌備中 🍵@nakamatcha.co🦐 本業是HR公司全球活動行銷蝦@slasify🦐 偶爾出現在世界各地刷抹茶",離開,business,
charlotte0901,Charlotte Chen,"抹茶店老闆今天不喝抹茶
自上個月日本行小病一場，每天在家刷茶、看各種店面規劃、看完大胖橘下線轉看三國曹阿瞞⋯ 日夜盼著我的抹茶店何時能開幕，實在鬱悶 (;_;)
週末偶遇好天氣，去新開的咖啡廳走走
一杯好咖啡解憂 ☕️
📍 Alchemist Daan",2026-03-16 10:41:00,"🦐 小時候在荷蘭長大的抹茶店老闆
🦐 製茶三代 抹茶店面籌備中 🍵@nakamatcha.co🦐 本業是HR公司全球活動行銷蝦@slasify🦐 偶爾出現在世界各地刷抹茶",離開,business,
heymissbre,Miss Bre,"請不要跟剛分手的人交往 -無縫接軌的戀情 (Rebound Relationship )
因為那通常不是愛，而只是他/她的逃避及害怕孤單。剛分手的人，常常以為：換一個人，就能解決上一段感情的問題。但真相是，問題從來不是換對象，而是分手的傷有沒有被療癒跟自我成長。
一個剛分手的人，基本上心裡其實還卡著：未解的情緒、對前任的糾纏、對孤單的恐懼。當一個人不想面對自己，最好的方式就是找別人分散注意力。
所以他們不是因為愛而選擇你，而是利用你來麻痺自己。無縫接軌的戀情一開始一定很熱烈、甜蜜，但等到新鮮感退了，傷口浮出來，他們會把沒處理的痛、沒完成的功課，一股腦丟到你身上。
這種感情不是愛情，它只是暫時的止痛藥。真正值得的關係，應該是兩個人都已經準備好，不是在逃避，而是互相選擇。",2025-08-21 21:05:00,"Certified Relationship Coach | MBA
Relationship | Attachment Styles 
美國註冊情感教練：依附人格｜ 伴侶關係 ｜分手成長
1 on 1 輔導：Soulbloomspace.com",分手,not_enough_posts,
heymissbre,Miss Bre,"在感情裡，當你的另一半常說你太敏感，並不處理你的情緒，那很有可能他是是逃避型依附Dismissive Avoidant。
逃避型的人，很多是情感被忽略下長大的。例如：從小被告知男生不準哭；或者在你有情緒時，父母說不要想太多，沒什麼大不了。久而久之，他們只學會了壓抑自己的感受，也因此在親密關係中，很難真正理解與承接別人的情緒。以下是他們常給的反應：
1.我不知道
當你問他感覺，尤其是在衝突後，你很可能會得到：我不知道。因為他們和自己的情緒是斷線的，常常進入神經系統的凍結反應。很多時候，他們連自己的情緒都沒辦法處理，又怎麼可能和你一起面對？
2.你太敏感了
長期壓抑情感，讓他們對自己的感受都不敏感，自然也更難共情別人的情緒。所以，當你因為他們的話受傷時，他們會覺得你反應過度，而不是試著理解你的痛。
2.也許我給不了你要的
這是典型的自我關閉。在他們的情感深處，常有我是不好的這種信念。每當你要求更多親密與交流，他們就感到壓力過大，甚至認為自己做不到。這句話不是敷衍，而是源於深層的防衛。
逃避型伴侶並不是沒辦法相處，但改變必須來自於他們願意面對自己，而且需要穩定、長期的自我覺察與練習",2025-08-13 20:42:00,"Certified Relationship Coach | MBA
Relationship | Attachment Styles 
美國註冊情感教練：依附人格｜ 伴侶關係 ｜分手成長
1 on 1 輔導：Soulbloomspace.com",分手,not_enough_posts,
ga_yz717,진²²,"分手
通常都是先表白的那個人提的
通常都是先表白的那個人提的
提
提
復合
的人通常都是提分手的拜託的
的人通常都是提分手的拜託的
不同意復合的
都是那時候死活不同意分手的
不同意復合的
都是那時候死活不同意分手的
遲遲
遲遲
放不下
的人都是先提分手的
的人都是先提分手的",2026-03-15 15:38:00,":⁠-⁠|
超級無敵大I人",分手,pass,
ga_yz717,진²²,"真的覺得很矛盾
提分開的人是你
但看到我開始過自己的生活 慢慢往前走
卻又說我不在乎你的感受
好像到最後
變成是我做錯了什麼
但是很多事情
其實早就不是原本的樣子了",2026-03-14 17:01:00,":⁠-⁠|
超級無敵大I人",分手,pass,
ga_yz717,진²²,"人不是突然離開的
是一次一次失望之後
終於學會往前
人不是突然離開的
是一次一次失望之後
終於學會往前",2026-03-07 22:26:00,":⁠-⁠|
超級無敵大I人",分手,pass,
cat.20020808,喵🐱,"🙋‍♀️：如果我們分手了，你會難過嗎？
💁‍♂️：不會
🙋‍♀️：為什麼！
💁‍♂️：我會去找前女友復合
🙋‍♀️：渣男😭
💁‍♂️：
我們分手了，那前女友是誰？
我們分手了，那前女友是誰？
🙋‍♀️：😳😳😍😍🥰🥰",2026-03-28 09:20:00,"上來Threads吸收廢能量
偶爾發些好玩好笑的",分手,non_life,
cat.20020808,喵🐱,"剛剛打英雄聯盟打到一半
突然想起我女友還在車站等
我受不了良心的譴責
馬上賞了自己重重的一巴掌
媽的 打英雄聯盟居然分心⋯
媽的 打英雄聯盟居然分心⋯",2026-03-27 12:14:00,"上來Threads吸收廢能量
偶爾發些好玩好笑的",分手,non_life,
cat.20020808,喵🐱,"一位客人抱著一隻狗進寵物美容
：我剪個頭髮才$300！
狗理頭髮要$800？
🙎‍♂️：狗敢吃屎，你敢嗎？
：要是我敢呢？
🙎‍♂️：
那你也$800
那你也$800",2026-03-26 19:39:00,"上來Threads吸收廢能量
偶爾發些好玩好笑的",分手,non_life,
mik_buc,mik,"京都大阪行 只能寫在色帳的遊記8
我來Spa World一趟，欣賞到的男體抵得過十年總和。人手一條毛巾，大多卻不想遮羞，大方把毛巾放在身體的側面，任憑下體見光。
才沒泡幾個泉池，我的毛巾就濕透了，索性拋棄毛巾全裸，手無寸鐵，為國爭光，必不至於被人看短。日本人的身材整體而言比台灣人瘦一些，雖然普遍不是健美身材，但賞心悅目。幸好我已經不是國中生年紀，不然肯定大大的勃起，掩藏不住淫邪心思。
坐在檜木浴池的時候，從側面走來看似父子三人。爸爸年紀大我一點，兩位年輕人約莫十來歲中學生年紀。遺傳的力量讓人無法忽視。如果我笑稱自己的是「十七弟」，他們三人的巨物都是「二十一弟」，遠遠大於其他平凡人。
確認軟掉之後，我走出浴池到旁邊的榻榻米平台休息區平躺，閉目養神平復一下剛才的心情，也順勢張開兩腿任人欣賞。榻榻米平台很舒服，水分會自然滲透下去，而且平台還能保持微溫，躺起來的有恰當的彈性柔軟。身邊濕漉漉的足音來去，充滿情趣，推薦給愛足同好來這裡體會。
走到露天浴池，那時天氣非常冷，不顧一切跳進僅有的空位。水質清澈，孱孱流水聲，氤氳繚繞，通體舒暢。
*附圖為二十一弟示意圖😆 來源：啾啾鞋",2026-03-22 00:08:00,"我的十七弟跟大家拜年 
粗一粗素 粗二粗素 粗三粗素 粗四粗素 粗五粗素",忽視,not_enough_posts,
mik_buc,mik,"京都大阪行 只能寫在色帳的遊記7
Spa World有兩層溫泉主題館，四樓是歐洲館，六樓是亞洲館，男女性別每月交換樓層。有興趣的朋友可以在換月的前後下塌Spa World旅館，以便享受兩種不同樂趣。
我去的十二月，男生是六樓亞洲館。亞洲館裡我覺得最有趣的是電氣池，坐在特定地點，可以享受電擊肌肉收縮的快感，不論是自己被電，或是欣賞帥哥的電擊表情都很有趣。只能電擊背部，沒辦法電擊臀部。
就在電氣池的旁邊，有一個小房間裡有乳白色的碳酸浴池，池裡滿是人，密度明顯高於跟其他泉池。每個男人不是閉目養神，就是在靜靜的觀看牆上的電視螢幕。反覆繞了好久才恰巧有人離開留出空間。這個浴池的水溫偏低很舒服，一群男人在裡面靜默略帶尷尬。
左邊有一位小帥熊好像在偷看我。他碰了一下我的大腿，我不敢回應。池子那麼擠，不小心碰到也是很常見的，不能輕易當成性暗示。我泡了一下便起身，小帥熊也跟著我起身。之後去淋浴，再泡別的溫泉，換了四五個地方，發現小帥熊一直跟在不遠處。我想：應該是同好了吧，交個朋友也好。正要抬起手跟他打招呼的時候，他突然害羞的逃走了。一場邂逅就早夭了。
*附圖為亞洲館的電氣池 (台灣有這種嗎?)",2026-03-19 15:17:00,"我的十七弟跟大家拜年 
粗一粗素 粗二粗素 粗三粗素 粗四粗素 粗五粗素",忽視,not_enough_posts,
ohannivers,ohannivers,"近來，失業的心理師開始陸續出現，這是一個不容忽視的事實。也可能是因為年關將近，找工作的心理師也很多。前陣子在 Threads 上看到一個待業心理師的帳號，也讓我第一次認真思考，是否該在網路上坦承自己同樣正處於待業狀態，因為這就是現實。當越來越多人擠破頭想考進心理師體系時，我也想如實地說，確實有不少已取得心理師資格，卻沒有相關工作的心理師存在。
不僅如此，更多人是帶著心理師的身分，卻在完全非助人工作的領域就業，可能幫你沖咖啡的、賣你名牌包的、炸薯條的，他們同樣都是心理師。這個身分，從來不是「考到就等於有工作」。
我分享這些，並不是否定心理師這條路，它還是有意義的專業存在。而是希望提供給正在考慮投入的人一個更完整的現實圖像，在決定成為心理師之前，或許值得再多問自己一次：你為什麼想當心理師？",2026-01-12 10:47:00,,忽視,not_enough_posts,
ohannivers,ohannivers,"身為一名失業的心理師，從通過考試、取得證書到現在，始終沒有獲得任何一份正式工作，甚至連一次面試的機會都沒有。為了維持基本生活，只能暫時先找份打工勉強度日。同時，也努力在工作之餘持續充實自己的諮商專業，提醒自己不要在這段空窗期中讓專業逐漸退化。
這段時間也聽聞了不少諮商界的「鬼故事」。但以我十年的職場經驗來看，鬼故事其實並不專屬於諮商領域。即便取得證照、遵守專業倫理，在這個業界中，違反倫理卻仍能持續獲利的人並不在少數。
只能說，對新手心理師而言，在高度競爭的北部環境中生存，真的非常、非常辛苦。內心迫切希望能盡快找到一份正式工作。然而，每當再聽到那些荒謬又令人無力的故事時，還是忍不住想大喊一句——
我這麼努力，到底是為了什麼？",2026-01-11 16:36:00,,忽視,not_enough_posts,
wannlinn_,🥣0,"有人知道line行事曆怎麼關嗎⋯
打到跟日期、時間相關的字詞就會有藍色底線
看了真的很煩躁🫨",2026-03-27 13:53:00,,煩躁,not_enough_posts,
bjslover32,Leia 🦥다 미루어질지니,"很少看劇是如此煩躁且懇切希望男主角不要跟女主角在一起的。
🫠
李作家的劇本特別愛無意義、無特別外在推進下的女主角心底那莫名其妙的憂鬱，如果導演節奏掌握的好，就是會是很文青感的作品，但容易讓人不耐煩。所以上一部「半之半」才會小眾好評卻被腰斬...
偏偏金導演擅長的只有絕美的人物靜態鏡頭語言和動態環境畫面，劇情節奏掌握能力一直被人詬病，在這部作品內他更是嚴重的無意義的拉長這兩種畫面的份量，對於劇情推進幾乎是以毫秒在進行...
感性文青風代表的編導組合，本以為兩強搭配會呈現史詩級感性風作品，但看了四集只感受到滿滿的情緒垃圾，因為那過多不必要唯美的畫面、龜速的劇情進展，到了第四集我他媽的還是覺得女主角過多的莫名憂鬱情緒很多餘，就跟半之半一樣。
-
看過作家的作品，一定知道有所原因，但總共10集到了第四集都快一半了還是不知道她在憂鬱什麼真的令人很憂鬱...
話說打開劇之前，我一直以為是SHINEE 的紀錄片ㅋㅋㅋ",2026-03-26 09:42:00,"모든 K관련된 일에  관심이 있음.🫰🏻
아이돌 제외.🫠",煩躁,not_enough_posts,
2788_1011,2788_1011,"邊界感
你以為的沒事，其實早已越界。兩個人借著朋友身分，偷偷享受著被異性陪伴的刺激，這種微妙的拉扯，本身就是背叛。
愛是自律，不是僥倖。真正乾淨的關係，不會躲在「朋友」這兩個字後面悄悄越界。
既然選擇了戀愛，就該自覺切斷所有曖昧的可能。頻繁聊天、事事分享，說白了，就是在貪戀新鮮感，沉醉被關注的優越感。
對伴侶最基本的尊重，就是主動遠離一切可能傷害信任的人和事。心有所屬的人，從不給自己越界的機會。
你以為的沒事，其實早已越界。兩個人借著朋友身分，偷偷享受著被異性陪伴的刺激，這種微妙的拉扯，本身就是背叛。
愛是自律，不是僥倖。真正乾淨的關係，不會躲在「朋友」這兩個字後面悄悄越界。
既然選擇了戀愛，就該自覺切斷所有曖昧的可能。頻繁聊天、事事分享，說白了，就是在貪戀新鮮感，沉醉被關注的優越感。
對伴侶最基本的尊重，就是主動遠離一切可能傷害信任的人和事。心有所屬的人，從不給自己越界的機會。",2025-12-08 13:15:00,"Fuck my life,fuck the world and fuck anything.",難以信任,not_enough_posts,
bbb_010266,BiYao,"我毫無條件信任你
但如果你選擇了欺騙我
你就必須承擔接下來的我
敏感焦慮
沒安全感
愛胡思亂想
情緒起伏大
重要的是你說的每一句話，
我都會抱著懷疑去思考。
敏感焦慮
沒安全感
愛胡思亂想
情緒起伏大
重要的是你說的每一句話，
我都會抱著懷疑去思考。",2026-03-18 23:35:00,幸福,難以信任,not_enough_posts,
3girls_ricepudding,三女碗粿,"您好這位客人
我是三女碗粿的老闆
對於你在脆上的這篇發文
我很難理解為什麼你用非常不舒服的文字
思考我們店名並將文章寫出來
三女這個店名是源自於
老闆娘的名字「汝」拆開而來
我親自看了昨日監視器
你本人無消費也並沒有詢問我們
關於店名的由來
我跟闆娘很願意跟每位客人解釋
店名和白碗粿的源由
即使發這篇po文時
你已將文章內容刪除
但對闆娘的傷害已造成
這是她的名字
這是她的名字
這是她的名字
她既無奈又心酸⋯
我自己看了很憤怒⋯
所有餐飲業者或開店的朋友
對於自家店名都有守護的念頭
真心期望不要有人再受到無妄猜測
#碗粿
#三女碗粿 
#台南美食 
#週二店休
#台南小吃",2026-03-07 13:40:00,,憤怒,not_enough_posts,
m_yhw1201,梅根 𝐌𝐞𝐠𝐚𝐧.,"看到這影片就想到去年的味全龍大叔乾一杯主題日，公司到天母球場擺攤發生的噁事。
其中一天我有去攤位，邀請球迷朋友一起來買油飯、逛阿強週邊、也可以一起拍照留念。
結果其中一位男性來拍照的時候，站在旁邊默默與我十指緊扣。
當下我真的非常非常非常非常憤怒，但是我沒有表現出來，只有趕緊把手抽開、用有點開玩笑的語氣跟他說：「ㄟ～不可以這樣喔！」
他居然也笑著說：「呵呵？被妳發現啦？」
笑三小啊？
我也不能理解，他與他朋友一起來的，他朋友竟也笑笑旁觀這一切，更過分的是他還問我到底是誰。不知道我是誰還敢鹹豬手。
結果拍照的時候，他還是有摟著我的身體，想到真的令人厭惡。
👎🏻🤮
當天回家有猶豫到底要不要發文，因為自知沒有阿強的魅力，也沒有啦啦隊女孩的人氣，感覺特別寫出來好像也沒什麼優點，也不是第一次被吃豆腐或性騷擾，寫出來好像也不會讓攤位活動加分。
雖然以上都是後話了，
但女性，
在這個社會上就是有這麼多事情得擔憂。
包括不是啦啦隊女孩的我！",2026-03-22 00:40:00,"出門不是工作就是看球⚾️
在家不是看日劇就是睡覺🫶🏻",憤怒,pass,
m_yhw1201,梅根 𝐌𝐞𝐠𝐚𝐧.,若熙好棒🥹,2026-03-18 18:22:00,"出門不是工作就是看球⚾️
在家不是看日劇就是睡覺🫶🏻",憤怒,pass,
m_yhw1201,梅根 𝐌𝐞𝐠𝐚𝐧.,幫大家做迷因的sun,2026-03-09 09:43:00,"出門不是工作就是看球⚾️
在家不是看日劇就是睡覺🫶🏻",憤怒,pass,
pts_analytics,PTS Analytics,"當團隊「目標明確」、「方向一致」時，
在團隊運動中，爭吵有時並不是壞事。
願意防守的霍爾曼，
宇宙夢想家，要來了嗎？🦄",2026-03-27 21:15:00,"戰術影像分析｜球員球探報告｜籃壇動態
P LEAGUE+
T aiwan Professional Basketball League
S uper Basketball League
_
DM if you need videos/影片需求歡迎私訊
♾ 想看更多完整影片👇🏻 歡迎訂閱我的頻道🔔",爭吵,not_enough_posts,
pts_analytics,PTS Analytics,"健行科大 vs 政治大學
邊線發球，大表時間3秒，領先2分
雙方皆沒有暫停
你是教練，你會怎麼部署防守策略？？😆🤩
：我覺得好狠",2026-03-24 21:09:00,"戰術影像分析｜球員球探報告｜籃壇動態
P LEAGUE+
T aiwan Professional Basketball League
S uper Basketball League
_
DM if you need videos/影片需求歡迎私訊
♾ 想看更多完整影片👇🏻 歡迎訂閱我的頻道🔔",爭吵,not_enough_posts,
boring_taiwan,八哥先生,"很多男人的人生
其實是從「地獄模式」開始的。
沒有戴套。
女朋友懷孕了。
你決定負責任。
於是準備結婚。
她說不想跟公婆住。
你只好開始看房。
但這時候遇到限貸令。
頭期款、房貸壓得你喘不過氣。
好不容易房子買好了。
接著是裝潢。
沒錢請設計師。
你只能自己找工班。
結果做得亂七八糟。
老婆每天都在抱怨。
接著是婚禮。
她說閨蜜都辦西式婚禮。
不要太傳統。
你又咬牙多花了一筆錢。
婚禮辦完。
小孩準備出生。
她說要住月子中心。
你說媽媽可以幫忙坐月子。
她直接拒絕。
小孩出生後。
她不想讓公婆帶小孩。
於是辭職自己顧。
從那一刻開始
你變成一個人扛三個人。
你拼命工作。
好不容易找到一份高薪。
收入終於勉強打平
房貸＋生活費。
每天回家
你只想躺在沙發上休息。
但她看見的是
她已經照顧小孩一整天。
她開始叫你幫忙。
你語氣不耐煩。
於是吵架。
吵架變得越來越頻繁。
這時候
你的媽媽生病了。
你開始用下班時間
去照顧媽媽。
但老婆覺得
你都把時間給了父母。
她也需要你。
矛盾越來越多。
爭吵越來越重。
最後。
你們離婚了。",2026-03-13 11:46:00,無聊發發廢文,爭吵,not_enough_posts,
_czzz_8,小悠悠悠悠悠悠悠,"就算我朋友被全部人孤立
我也會站在他那邊
我也會站在他那邊",2026-03-26 20:29:00,ig：_wsm808,孤立,not_enough_posts,
yq761214,梨子📎🧸,"班上總有一個人
一開始大家都喜歡他
後面不知道為什麼就被孤立
一開始大家都喜歡他
後面不知道為什麼就被孤立",2026-02-03 01:21:00,𝒴𝑜𝓊 𝒶𝓇𝑒 𝓉𝒽𝑒 𝑜𝓃𝓁𝓎 𝑒𝓍𝒸𝑒𝓅𝓉𝒾𝑜𝓃”,孤立,not_enough_posts,
yq761214,梨子📎🧸,"班上一定有這種人
討厭你就會建群組然後蛐蛐你還發你醜照
討厭你就會建群組然後蛐蛐你還發你醜照",2026-01-29 16:53:00,𝒴𝑜𝓊 𝒶𝓇𝑒 𝓉𝒽𝑒 𝑜𝓃𝓁𝓎 𝑒𝓍𝒸𝑒𝓅𝓉𝒾𝑜𝓃”,孤立,not_enough_posts,
nikita0913,Jessica Liu,"公司有一個機掰人像個三姑六婆似的帶頭說著其中一個女同事的壞話
帶頭孤立祂、講一些無中生有的事在同事之間傷害祂。
就在今天，被他長期霸凌的女同事過世了
這機掰人一副不關他的事一樣還很好意思的跟著大家在討論。
馬的!!!!真希望這些職場霸凌的人通通去死才對!!!!
最該死的是你們這些帶頭霸凌的加害者!!!
很難過，但更是很生氣及憤怒....
希望祂勇敢點，向加害者討回所有的委屈後一路好走。😭",2026-03-03 13:45:00,"這世上，沒有誰永遠不會離開誰⋯⋯
失去了信任，就會離開。",孤立,not_enough_posts,
nikita0913,Jessica Liu,第一次花500元刮中五千元⋯爽度破表。,2026-02-17 18:04:00,"這世上，沒有誰永遠不會離開誰⋯⋯
失去了信任，就會離開。",孤立,not_enough_posts,
xymeow,xymeow,"今天摸鱼看到这个shit journal，网友们真是太有水平了。
我觉得可以开个子刊专门验证这些脑洞，然后开个ShitHub用来托管实验代码和数据，还可以弄一个ShitBench做统一评测，搭一套完整的💩学生态系统
比如说这里就可以再进一步，把这篇地府货币膨胀的论文编译成一个可运行的地府模拟器，从论文的公式、设定、变量、因果关系里自动抽出一套模拟地府运行的逻辑，再生成一个能跑的交互页面，这样就能亲自赛博烧纸验证一下了。",2026-03-06 10:01:00,,Shit,not_enough_posts,
9612.1155,嘉琪 가기 ɴɪᴄᴏ,"就在你面前這樣誰受得了🫠🫠🫠
🎵 理想混蛋 - 請、謝謝、對不起",2026-03-27 20:34:00,🎵🎵🎵,混蛋,not_enough_posts,
9612.1155,嘉琪 가기 ɴɪᴄᴏ,"已經很好聽ㄌ
再加上後面那段好聽到不行 🫠🫠🫠
🎵 理想混蛋 - 請、謝謝、對不起",2026-03-27 20:23:00,🎵🎵🎵,混蛋,not_enough_posts,
bestards_0524,Huang Yanying,"無聊的分享😵‍💫
距離理想混蛋的九週年還有200天
去年的今天是我第一次看到大混蛋
距離我上一次看到大混蛋是87天前",2026-03-28 20:44:00,,混蛋,not_enough_posts,
a.better.office,a better office™,"理想混蛋【不是因為天氣晴朗才見面】
台北小巨蛋演唱會 周邊商品設計 Vol.2
「完售或非賣品」系列 🤩
能擁有的粉絲真的很幸運 & 手速很快 👏🏻👏🏻👏🏻
🥚『祝你生日快樂』蛋蛋的香氣蠟燭組
☂️『太陽雨』晴雨兩用自動傘
💰 國泰世華套票獨家周邊 『小混蛋零錢包』
🎤 小巨蛋演唱會 『BESTAFF 87 T-Shirt 』 
🧧 萬波跨界聯名『萬事大吉』團員御守小卡包
🎂 『8週年 Pop-Up Store』— Pin / Menu 設計
→ Merch Design｜
@a.better.office
@a.better.office
&
@beboh.png
@beboh.png
→ Product Photography｜@final_final.mag
→ Artist｜@bestards_8787
→ Project Manager｜Andrew
→ Artist Manager｜Andrew & May
→ Special thanks｜金剛
@kingkong0917
@kingkong0917
→ 周邊商品販售｜FIGHT30",2025-12-11 12:17:00,"越好計畫™
→ Art Director & Branding
→ info@abetter-office.com",混蛋,not_enough_posts,
thaivietholic,Po,"理想混蛋【什麼什麼❓❓❓❓】完整全視角版
高流聖誕趴｜Light Show．Market．Music
🧑‍🎄☃️❄️🎄🧑‍🎄⛄❄️🎄🧑‍🎄⛄❄️🎄",2025-12-25 19:28:00,"Hello World :) 📍Taipei, Taiwan
一名喜吃壽喜燒的男子
從南方漂向北方 別問我家鄉",混蛋,not_enough_posts,
alessaeer,Alessa,Can I text you in private??🥺,2026-03-17 00:54:00,t.me,Damn,not_enough_posts,
ander.huang,Ander,"《陽光女子合唱團》最近把一些「看在國片的份上小缺點可以放過」的陰德給敗光了，那些缺點包含但不限於：
1.阿媽的女兒登場的台詞根本是在棒讀小說，那樣的台詞用寫的還可以但從人嘴講出來就尷尬到爆。
1.阿媽的女兒登場的台詞根本是在棒讀小說，那樣的台詞用寫的還可以但從人嘴講出來就尷尬到爆。
2.史上最爛的標題回收，看到有陽光灑落所以是陽光女子合唱團，那麼現場充滿了椅子怎麼不叫做椅子樂團？
2.史上最爛的標題回收，看到有陽光灑落所以是陽光女子合唱團，那麼現場充滿了椅子怎麼不叫做椅子樂團？
3.受刑人在沒人監督的狀況下可以「自己」跑去無人的禮堂彈鋼琴、「自己」去廁所吐順邊跟「自己」過來關心的室友交代後事，比小學還自由。
3.受刑人在沒人監督的狀況下可以「自己」跑去無人的禮堂彈鋼琴、「自己」去廁所吐順邊跟「自己」過來關心的室友交代後事，比小學還自由。",2026-03-29 10:36:00,,爛透了,not_enough_posts,
ovo_.19_,우상💖,"給了我希望又讓我失望真是絕殺
給了我希望又讓我失望真是絕殺",2026-02-12 23:07:00,,爛透了,not_enough_posts,
_1vdjsoa,貝兒ت,"好多人在發徵友文 我也來一下 想要拓展交友圈 認識多一點人！ 
自介👇🏻
——————————————————————
08 女 171/51  ENFJ  北部人 長相中偏上 長髮！
興趣：跳舞/打排球/料理/追星/追劇/聽音樂/吃美食/打遊戲/
個性：話很多會給你很多情緒價值/不太會生氣/遊戲可以帶你飛🙂‍↕️
——————————————————————
希望可以是年紀不要差太多 男女都可以！ 熟了可以加大帳或是交換照片 或是一起出來打球吃東西！
男生希望可以是愛幹凈的 然後可以聽我講廢話 然後比我高最好嘿嘿
可以直接私訊我喔喔喔喔！
變態 詐騙都退散 我沒有錢錢了:(",2026-03-02 16:16:00,碎碎念,廢話,not_enough_posts,
learaymond7658,Lea Raymond,"明天休假有人約嗎
已到達台南
新營有人約嗎
不廢話 現在 晚上都行
點心就給房號",2026-03-17 12:04:00,想約的哥哥可以私信我,廢話,not_enough_posts,
doheman_k,doheman_k,"Steel Ball Run 動畫真是頂
沒有￼冗長￼設定和世界觀
也沒有複雜超能力大戰（第一集還沒有
開播直接跟你說現在就是要賽馬
就是看一群怪人在賽馬 但有夠刺激
不用理解思考任何劇情
享受最純粹快樂￼
大衞社真的有把第七部的魅力給演繹出來
第一集全長47分鐘 毫不拖泥帶水
毫無廢話 全程高能
也不吊胃口 直接把第一階層給演完
看完第一集只有滿滿的飽腹感￼
大衞社真的太頂了 
完全打面開播前￼質疑的聲音",2026-03-19 20:30:00,,廢話,not_enough_posts,
deanlin2764,Dean Lin,"剛剛在麥當勞吃東西
聽到隔壁桌的爸爸跟兒子的對話
最近麥當勞跟霹靂布袋戲聯名
兒：什麼是聯名？
爸：就是麥當勞跟布袋戲合作
兒：這個人是誰？（指
爸：他叫素還真
兒：那他是誰？
爸：是一個會講很多廢話的人
我的os:貼切
兒：那他是誰（指
爸：他叫一頁書
兒：他是誰？
爸：別人講佛理，他講物理
我差點笑出來，os:中肯👍
兒：那他是誰（指？
我：第三個應該是葉小釵了
爸：黑白郎君
我：！！！！！！！！！！😲😲😲
我：我記得甜心卡的廣告沒有黑白郎君阿！？版權不是在金光那邊了嗎？
但又不好意思把視線轉過去看他們，只能默默的繼續聽
兒：黑白郎君是誰？
爸：一個騎著幽靈馬車到處跑的人
兒：為什麼他要騎幽靈馬車？
爸：可能是一個設定吧
兒：他是人類嗎？
爸：應該算是吧
這位爸爸應該是道友無誤XD 
有耐心為孩子解釋再加上個人註解
覺得對話內容很有趣😆",2026-03-28 12:05:00,"喜歡打球，唱歌，玩桌遊
不熟有點安靜
熟了會很瘋",廢話,not_enough_posts,
deanlin2764,Dean Lin,剛剛在埔里西站等往干城的最後一班全航公車，公車剛轉彎過來我手就一直舉著，結果司機連停都沒有就開過去了........已電話客訴🙄🙄🙄,2026-03-15 21:02:00,"喜歡打球，唱歌，玩桌遊
不熟有點安靜
熟了會很瘋",廢話,not_enough_posts,
wangchaotw,慶豐x王朝x達人G,"小編平常駐守在 雲林元長工廠
我們專門做：
常溫調理包（紅燒牛肉麵 / 各式料理包 / 湯品）
滴雞精（日常補給 / 養生）
寶寶粥（新手爸媽救星）
還有....
 🐔 生鮮雞肉批發，有興趣闆闆可以私訊我
還有幫別的品牌做 食品代工研發（OEM/ODM/OBM）
不過這裡還是以小編的廢話日常為主，請多包涵😂",2025-09-02 16:10:00,"我們的工廠在雲林元長！
我們做的東西其實很日常：
🍲 下班不用煩惱的料理包、雞湯、鹽水雞
🥚 爸媽放心的滴雞精、寶寶粥
就是想讓大家在肚子餓的時候，
永遠都有 Plan B",廢話,not_enough_posts,
meng_1219_,孟子,"徵才 
中古車業務好難徵
現在的年輕人是不是對錢沒什麼興趣==
來徵個人 想組個Team
你不用對車有興趣 但要對錢有興趣
我們不會跟你談什麼夢想
我知道你們的夢想就是不上班
不會講什麼百萬年薪不是夢
不會講什麼挑戰六位數收入
在這裡是常態 沒必要講廢話
表定時間0900-2000 時間算彈性
有底薪 高抽成 勞健保 三節
動不動就聚餐 一年兩次員工旅遊（國內/國外）
唯一要求：不要七辣懶 我會揍你",2026-03-11 19:56:00,,廢話,not_enough_posts,
armadillo.6377122,F,"幹你們不覺得
下課的時候朋友圍在你位子聊天
下課的時候朋友圍在你位子聊天
很爽嗎",2026-03-30 18:18:00,追大帳哀居,幹,pass,
armadillo.6377122,F,"聽到朋友說「
欸幹
欸幹
」我就知道事情不簡單了",2026-03-29 14:43:00,追大帳哀居,幹,pass,
armadillo.6377122,F,原相 好久沒發發一下,2026-03-29 14:17:00,追大帳哀居,幹,pass,
armadillo.6377122,F,"幹你們懂
路過別人然後聽到他們小聲講「那個女生好正」
路過別人然後聽到他們小聲講「那個女生好正」
的感覺嗎 爽死",2026-03-28 20:04:00,追大帳哀居,幹,pass,
_cyz_cy,_cyz_cy,幹我個申全過了🔥🔥🔥🔥,2026-03-30 11:39:00,,幹,not_enough_posts,
_cyz_cy,_cyz_cy,為什麼我不能嫁給金主訓,2026-03-22 21:22:00,,幹,not_enough_posts,
horse.92686115,horse.92686115,"幹
會認真教你數學
會認真教你數學
的男生根本超帥",2026-03-22 20:20:00,,幹,pass,
horse.92686115,horse.92686115,"幹只有我覺得
數理好的女生
數理好的女生
很帥嗎",2026-03-22 18:04:00,,幹,pass,
horse.92686115,horse.92686115,"其實我很羨慕那些
開朗自信的女生 不知道為什麼我就是做不到
開朗自信的女生 不知道為什麼我就是做不到",2026-03-20 22:33:00,,幹,pass,
sorasno25,sorasno25,"下班 

偷偷在約 

幹淨的男生可以不用戴氣球做🎈

慢一點喔～ 怕痛",2026-03-30 14:00:00,,幹,not_enough_posts,
sorasno25,sorasno25,"單身，好久沒有約會了，不談金錢，
有約嗎台中",2026-03-29 20:13:00,,幹,not_enough_posts,
fkuu_87,快樂貓屎盆,"在台灣我們不說
：
幹這不是你討厭的人嗎
幹這不是你討厭的人嗎
我們說
：
欸你朋友
欸你朋友",2026-03-15 16:36:00,💗,幹,not_enough_posts,
fkuu_87,快樂貓屎盆,愛情跟麵包抱歉我選小動物,2026-03-12 21:19:00,💗,幹,not_enough_posts,
yzxh_3,yzxh_3,"為什麼在學校
比較會裝
比較會裝
的女生人緣都比較好啊幹",2026-02-19 01:50:00,不是人設 真就那麼可憐,幹,not_enough_posts,
vbd2rbuf929u,陳淫憨,"來玩看看好了
ngl.link/five1…",2026-01-13 19:45:00,"大帳：@fivf334原本帳號 現在陳意涵在玩
小帳：@fert5648
是陳意涵的可愛小屁眼🥵
艾思的屁眼是我的
夢想是操爛世界上所有男娘的屁眼
偶爾搞點反串",幹,not_enough_posts,
_7zzcz,✞,"身邊一定有那種一本正經講幹話的朋友
身邊一定有那種一本正經講幹話的朋友",2026-02-12 13:54:00,願2026非常順✌🏻,幹,not_enough_posts,
_7zzcz,✞,你总说是她找你的 那你怎么不说 你给她机会了.,2026-02-03 21:34:00,願2026非常順✌🏻,幹,not_enough_posts,
nig_53.372,Baina,幹我爸道歉只會給錢超級沒誠意超討厭,2026-03-14 17:10:00,會說早安,幹,not_enough_posts,
nig_53.372,Baina,"國三：
家裡家境不錯
父母健康
長輩不在乎成績
不會管制出門
有從國一在一起到國三的女友
有能每天一起玩的朋友
贏麻了",2026-03-14 08:21:00,會說早安,幹,not_enough_posts,
sunrise_7.7,鄭程日,看到姪女的作業，系咧靠北耶......,2026-03-23 20:59:00,"日南來心肉O'Dmar 員工🙋
崩八食堂裡吃飯
人良閣工作室負責人
臺灣2019年十大抗癌鬥士💪
前國家衛生研究院環境醫學研究所研究助理",靠北,not_enough_posts,
_shuo1.13,洪碩亨,靠北出電梯有🐍 差點🐍出來,2025-04-08 11:16:00,NKUST,靠北,not_enough_posts,
hsinneedsher3hrs,葉欣 HSIN Yee,"看完「媽的多重宇宙」了
不知道在演什麼就一直沒點進去看
但Netflix 不斷跳出推薦 
想說好吧劇荒無聊來看看
前面一個半小時真的滿頭問號
想說媽的勒到底是在演什麼😃😃😃
-
Part1結束後按了暫停本來想棄片
過了兩天後太想知道為什麼可以拿奧斯卡
結果Part2開始後哭到不行 哇靠
-
我懂了！我接受！
後面半小時直接把前面的莫名其妙全部串起來了
而且居然都是有意義的 
用前衛特別怪異的方式呈現故事很創新
很有深度！而且感性！
推薦給有時間跟耐心(?)一口氣看到底的人😂
會重新思考人生！！",2026-02-25 13:46:00,,媽的,not_enough_posts,
hsinneedsher3hrs,葉欣 HSIN Yee,"🫶🏻又被好電影上了一課
Netflix 電影《生命清單》
媽媽留給女兒一份用來篩選「真愛」或「理想伴侶」的四個關鍵問題
1.他善良嗎？
：評估對方是否正直 有同理心
2.你能跟他分享所有心事嗎？
：確認彼此是否能自在溝通
3.他能幫助你成為更好的自己嗎？
：確認伴侶間是否能共同成長
4.他能成為孩子們的好父親/母親嗎？
：評估對方是否有穩定的情緒與承擔責任的能力",2026-02-15 11:36:00,,媽的,not_enough_posts,
combatorcas,Hong Kong Combat Orcas 香港殺人鯨,"2026年我哋要同啲變成友誼嘅朋友講
最潮嘅語
（媽的過幾個月佢兩個肯定覺得自己好柒）",2026-03-28 22:47:00,"Official Threads of 
𝙃𝙤𝙣𝙜 𝙆𝙤𝙣𝙜 𝘾𝙤𝙢𝙗𝙖𝙩 𝙊𝙧𝙘𝙖𝙨 𝘼𝙢𝙚𝙧𝙞𝙘𝙖𝙣 𝙁𝙤𝙤𝙩𝙗𝙖𝙡𝙡 𝙏𝙚𝙖𝙢🏈",媽的,not_enough_posts,
combatorcas,Hong Kong Combat Orcas 香港殺人鯨,"19 hrs until Kickoff…..
真係…香港打毗…🤨？
地點：天水圍天業路人造草足球場￼ 
1430開波
聽日就知邊個3號勁啲",2026-03-27 18:26:00,"Official Threads of 
𝙃𝙤𝙣𝙜 𝙆𝙤𝙣𝙜 𝘾𝙤𝙢𝙗𝙖𝙩 𝙊𝙧𝙘𝙖𝙨 𝘼𝙢𝙚𝙧𝙞𝙘𝙖𝙣 𝙁𝙤𝙤𝙩𝙗𝙖𝙡𝙡 𝙏𝙚𝙖𝙢🏈",媽的,not_enough_posts,
kongchiho99,江梓浩,"媽的 邊個可以話我知呢句歌詞系點解？？？？？
 #江梓浩棟篤笑 #粵語 #湯令山 #早到的u #媽的又是這樣",2026-03-26 12:18:00,,媽的,not_enough_posts,
zizi23050,Ari,"媽的演算法不要再推什麼迴避型人格還三小了
沒擔當就是沒擔當
愛冷戰就是愛冷戰
抗壓性差就是抗壓性差
不會溝通就是不會溝通
自私自利就是自私自利
愛逃避就是愛逃避
誰活到這個歲數沒有點創傷？？
誰沒有在愛情裡受過傷？？
不要以為打得像文言文或是專有名詞
就可以完美包裝這一切！！！",2026-01-30 18:44:00,金牛女跟處女男的戰爭,媽的,pass,
zizi23050,Ari,"Ok 
我宣佈這是一場金牛女跟處女男的戰爭
看誰比較會忍
反正上次先忍不住的是他
開放下注",2026-01-23 13:26:00,金牛女跟處女男的戰爭,媽的,pass,
zizi23050,Ari,"沒招了
：我喜歡妳
：我也喜歡你
：但我真的還沒辦法進入一段感情
？？？？？？？
那你他媽幹嘛跟我說
救命",2026-01-23 07:35:00,金牛女跟處女男的戰爭,媽的,pass,
ts__519__st,𝓜𝓪𝓼𝓽𝓮𝓻 𝓣𝓪𝓷𝓰.湯師爺,"媽的 xxx 娛樂城 
贏個八萬多不出金給我….",2024-09-25 15:18:00,"夕陽無限好🌇，只是近黃昏。
全面推出「電子.百家.體育.彩票」
多會爆分我不唬爛 要你就來看看👀",媽的,not_enough_posts,
ruoyu0314,曾若瑜,"沒遇過這種男人 自己事情自己家庭處理不好
見不得別人好 就想塞隆別人的事情
在台東開小工程 很像自己很屌一樣 他媽的
別人有沒有為了手機跟對方和好 乾你三小事情
就算有 他媽的管的著？
還跟對方說把錢留給自己孩子吧
拎娘 這些話告訴你自己吧 
在外面當大爺想溫馨發小費一千兩千的發
當那邊酒店？手機儲值幾萬塊
也捨不得給自己妻小 
媽的 有夠可憐 一大早讓我發脾氣 只想讓你S！破給
跟你沒有交集沒有講話 有必要塞隆 操你媽垃圾人
這種男人台東漂亮女森該小心！
再他媽的踩我底線要試我 
我絕對公告是哪間工程行",2026-03-24 10:19:00,"是賣炸物的小妹
台東市長安街44號",媽的,not_enough_posts,
llcy1111,⠀⠀⠀⠀⠀⠀⠀⠀⠀⠀⠀,康霈到底是怎樣啊 耖你媽的,2026-03-26 12:05:00,,媽的,not_enough_posts,
cat_dodo_2021,貓世界坊,"看得出來每個都是媽的寶🧸
((但是太皮媽媽眼神死😬",2026-03-19 21:07:00,"貓世界貓坊
特寵業繁字第s1100028 號
台中市沙鹿區福安街55號",媽的,not_enough_posts,
3__pyyy,3__pyyy,"婊子
婊子
是不是都以為自己是太陽 大家都繞著妳轉",2026-03-05 17:57:00,亂亂發,婊子,not_enough_posts,
kuromiiiiii.__,呵哈哈哈,女朋友覺得另一半身邊的女生是婊子有100%真的是婊子。,2026-01-06 10:05:00,,婊子,not_enough_posts,
wei790619,阿緯 weiwei,命中婚劫超級好看，該死的靈魂伴侶,2026-03-28 21:07:00,"內容製作人
➡️影音製作、腳本企劃、KOL經紀和行銷
／
緯度創意｜@weidoderwei 
Live Session｜@day_off_music
／
退休前開一家冰淇淋店
#快樂 很重要",該死,not_enough_posts,
wei790619,阿緯 weiwei,製造驚喜的人，最想要驚喜,2026-03-28 01:00:00,"內容製作人
➡️影音製作、腳本企劃、KOL經紀和行銷
／
緯度創意｜@weidoderwei 
Live Session｜@day_off_music
／
退休前開一家冰淇淋店
#快樂 很重要",該死,not_enough_posts,
ss_jinmk,jin♡mk,"從來不看國內這些舔共媒體， 昨天一個意外看到了東X新聞TVBX台，就開始造謠說伊朗沒有要跟美國談是美國總統川普自己在胡說, 我看完這些報導真的是嗤之以鼻 非常唾棄🤮 ，難怪台灣這麼多人對國家對世界情勢不了解， 在台灣的紅媒真的是太多了， 分分鐘鐘都在洗腦統戰國人， 很多國外的報導都可以求證為什麼都不看呢😮‍💨
youtu.be/tCRD1…",2026-03-26 21:05:00,💕我就是愛台灣💕其他不要跟我多說 花很美🪻 草很雜🌿籃腦退散🥏 謝謝😊,該死,not_enough_posts,
ss_jinmk,jin♡mk,這個就是🇺🇸美國與🇮🇱以色列史詩狂怒行動的始末～～ 因為🇮🇷伊朗撒謊了🙄,2026-03-22 12:37:00,💕我就是愛台灣💕其他不要跟我多說 花很美🪻 草很雜🌿籃腦退散🥏 謝謝😊,該死,not_enough_posts,
i.gucci.gucci,昇龍拳,好刺激的本壘攻防！,2026-03-09 16:18:00,"Tokyo 🇯🇵 ⇄ Taichung 🇹🇼 ⇄ Los Angeles 🇺🇸
Living with 5 little bunnies 🐰🐰🐰🐰🐰
and 3 loyal dogs 🐶🐶🐶",該死,not_enough_posts,
naekkeoya28,내꺼야,"這局5050輕鬆下課
上次飲恨沒乖乖搶票又沒去找來收
真的吃太好
那合照真的...(可惡
於是這次該到了ㄅ
又是翹班偷跑去搶票
還遇到塞車交管
18.我還在機車兩段式左轉等到懷疑人生==
該死的燈會周圍交通...
還好到了都還點得到
起初4排邊邊起手
領錢還遇到前面拖拖拉拉給我慢慢點害我來不急結帳...
還好後面刷到3排
捨棄的也偏
時間夠久票就多了
後面基本4~6排隨便有
沒更升艙就回流了
一堆沒結帳可惜
朋友們都順利有票了
也送幾位陌生粉絲進場了
(票也都給了來不及拍到
今日圓滿 讚
文香奈 我來了!",2026-03-12 02:20:00,"韓劇Kpop中毒人生~
日常出軌 各團假粉 佛系追星 飯圈邊緣人
為了不要太羨慕而創的帳
順便躲現生非追星友人們
ifeye/tripleS/stayc/kiiikiii/izna/ITZY/NMIXX/aespa/idle/TWICE/LE SSERAFIM/illit/KIOF/QWER/ive",該死,not_enough_posts,
loshuming,羅樹明,詐騙了婦人2千多萬，該死的車手被抓，拜托判重ㄧ點,2026-03-25 09:35:00,一個過動大叔，愛運動，愛拍照，愛露營，愛獨旅，啥都愛就是不愛宅在家。,該死,pass,
loshuming,羅樹明,嚴密監控中……..,2026-03-21 10:01:00,一個過動大叔，愛運動，愛拍照，愛露營，愛獨旅，啥都愛就是不愛宅在家。,該死,pass,
loshuming,羅樹明,"皇帝殿連狗狗都敢爬了
ㄧ定給個👍🏿⋯⋯",2026-03-17 18:41:00,一個過動大叔，愛運動，愛拍照，愛露營，愛獨旅，啥都愛就是不愛宅在家。,該死,pass,
psychologistdc,諮商心理師陳彥宇,"「心理師的廢腐之言」
家人說：你去諮商？沒用啦你跟我聊天就好
朋友說：諮商幹嘛？浪費錢來我們去喝酒吧
伴侶說：諮商什麼？你當我塑膠喔有話直說
《你們根本不知道，你們很重要但也是壓力》
我需要找個不重要也不造成壓力的人，說話
心理諮商",2024-11-08 23:55:00,"心理學✖️詠春✖️身心訓練
諮心字第 002916號
#公益心理諮商
#陳彥宇諮商心理師",心理治療,not_enough_posts,
a.u._____,Liz,"你知道憂鬱症患者最矛盾的地方是什麼嗎
是他明明想好起來
卻又同時做好離世的心理準備
是他明明知道只有藥物對他才有幫助
卻抗拒吃藥
是他明明害怕家人變成遺族
卻同時害怕變成他們的負擔
是他明明想好起來
卻又同時做好離世的心理準備
是他明明知道只有藥物對他才有幫助
卻抗拒吃藥
是他明明害怕家人變成遺族
卻同時害怕變成他們的負擔",2026-03-15 21:51:00,"一位憂鬱症患者
一位塔羅占卜師🔮",心理治療,not_enough_posts,
cindychengggg,Suxin/Cindy,"在脆上很常看到有人問：
「我想讀心理諮商所，該怎麼準備？」
「我現在的狀況，會適合走心理諮商這條路嗎？」
但當我們真的走在這條路上，才慢慢發現——
原來要成為一個助人者，除了努力，還需要很多看不見的資源與條件。
當我們真的走進這條路，才發現這不只是考試、讀書、實習，
而是時間、金錢、支持系統，甚至是一點點的社會特權。
這一集，我們想從「成為心理師需要的資源與特權」開始聊起，
也聊聊，在這樣的結構裡，我們可以怎麼理解自己，
又怎麼理解他人
podcasts.apple.com/tw/po…",2026-03-30 14:05:00,研究生唸書咖啡廳收藏夾,心理治療,not_enough_posts,
altoncolin_mompodcast,外星孩子的地球日記,"我真的必須得說ADHD有一個時常被誤解的誤區，那就是當我們真的想做一件事人會直接進入到心流狀態，在這個狀態看起來就跟一般人一樣，好像沒有什麼分心的狀況，但同時這個心流其實會比一般人有更高度的專注力，變成忘了吃飯、上廁所、睡覺，我就是因為這樣在年輕辦公室時期就時常因為這種專注力過高的狀態導致泌尿道發炎。
我還記得我小時候很快就能融入群體或是閱讀比別人快，一樣的漫畫別人要看一陣子我可能很快就看完，但這不代表跟ADHD沒關係，反而這是ADHD帶給我的狀況。
如果我小時候有接受早療，被發現是神遊版的ADD（ADHD的第一型注意力不足過動症），也許就不需要經歷那些被誤解、不專心導致事情做不好的心理挫折，這些挫折也曾經演變成輕度的身心疾病，所以如果真的能早期發現也接受幫助，對於一樣有這些神經多樣性的孩子來說會是多好的事啊！",2026-03-30 15:21:00,"🧬ADHD母子檔
👩🏻我是家有外星孩子（罕病+ASD+ADHD）的地球媽媽，讓我們一起來建構一個多元溫柔的社會，也從「媽媽」角色中學習做自己。
💬「這世界就像一個超大的宇宙，而每個人都是獨一無二的星球。」
#特殊教育 #親職教育 #媽媽聊天室 #性別平等 #sdgs 🌍
🎧歡迎收聽podcast",心理治療,pass,
altoncolin_mompodcast,外星孩子的地球日記,"我的大兒子在懷孕的過程就確定是罕病到孩子，出生後1歲6個月有特教背景專業的親友建議帶孩子去兒童復健科，所以我們一直到現在還在將近10歲的這之間都不間斷早療與特教資源的介入與協助，從診斷出綜合性發展遲緩、ADHD、自閉，到接受學前特幼、小學特教資源介入後使用資源班融合教育，一路的過程孩子的進步都有看見，我很難想像如果當初被傲慢與偏見遮蓋了意識與雙眼，這個孩子現在會有多慘。
甚至一路到弟弟出生一直到兩歲我們也發現講話不清楚的構音問題到中班發現他有些特質不太一樣也診斷出ADHD後，弟弟三歲八個月也開始進入了早療協助，現在的他也有很大的進步。
早療一直以來都扮演著早期發現早期治療的重要關鍵，如果沒有覺察孩子很容易就被未來的社會環境與心理壓力給擊潰，身為父母不是去看見那些標籤所帶來的羞恥，而是理解標籤帶來的狀況與如何協助孩子們有更好的教養與教育環境。
我在前年也因孩子的關係去評估成人ADHD，也診斷出我也是ADHDer，我已經明白我小時候到成長階段過的有多辛苦，不希望我的孩子也跟我走一樣的冤枉路😢",2026-03-30 14:16:00,"🧬ADHD母子檔
👩🏻我是家有外星孩子（罕病+ASD+ADHD）的地球媽媽，讓我們一起來建構一個多元溫柔的社會，也從「媽媽」角色中學習做自己。
💬「這世界就像一個超大的宇宙，而每個人都是獨一無二的星球。」
#特殊教育 #親職教育 #媽媽聊天室 #性別平等 #sdgs 🌍
🎧歡迎收聽podcast",心理治療,pass,
altoncolin_mompodcast,外星孩子的地球日記,"雖然不知道有沒有效，但我今天在一個因緣際會下看到了一名神經內科醫師針對夜間磨牙症狀來做了解釋，才發現原來我媽說的從長牙就會磨牙的我跟天生ADHD所產生的多巴胺不足有關。
花了點時間研究了多巴胺與ADHD及夜間磨牙（醫師也有說到像夜間睡眠中止、夜間胃食道逆流都跟多巴胺不足有關）缺乏該補充什麼與生活上可以如何調整。
為了拯救20年淺眠加上前因我磨牙沒睡好的伴侶（？）我決定來實驗調整生活型態後是否有所改善，甚至能有效降低我ADHD所帶來的長年困擾，也幫孩子一起來調整跟改變，希望能診救被三種型態ADHD搞到精神衰弱的孩子的爸😂",2026-03-29 22:05:00,"🧬ADHD母子檔
👩🏻我是家有外星孩子（罕病+ASD+ADHD）的地球媽媽，讓我們一起來建構一個多元溫柔的社會，也從「媽媽」角色中學習做自己。
💬「這世界就像一個超大的宇宙，而每個人都是獨一無二的星球。」
#特殊教育 #親職教育 #媽媽聊天室 #性別平等 #sdgs 🌍
🎧歡迎收聽podcast",心理治療,pass,
leevoonyi,李雯仪   注册与执证心理辅导师,"「這些話，請不要對憂鬱症患者說。」
你知道嗎？憂鬱症，不是太敏感、抗壓力低、或心情不好，是一種身心健康的疾病，且不是患者自身想發生的。
隨著憂鬱症越來越盛行，雖然大家都知道什麼是憂鬱症，但不一定真正理解它。
憂鬱症患者所經歷的辛苦，並非我們三言兩語，或一句：加油、放輕鬆、不要想太多，就能好起來。
接下來的12句話，或許是出於關心、鼓勵，也可能只是日常的聊天，但它們無法真正同理，一個正在經歷憂鬱的人。也是我們日後與憂鬱患者互動時，要避開的雷。",2025-12-16 20:19:00,"🧡馬來西亞註冊心理輔導師 (KB;PA)
🎓輔導碩士 Master of Counselling 
🎓心理學學士 Degree in Psychology 
💟IG帳號➡️leevoonyi
⚠️台灣的「諮商」，在馬來西亞的專業名稱是「輔導」。都是專業的助人工作，只是職稱名字不同。",抗憂鬱劑,not_enough_posts,
datwo2,Chia-hung Chen,"2026/03/15，我吃抗憂鬱、焦慮、與安眠藥滿二個月了（罹病應該差不多半年。從最嚴重時連呼吸都覺得困難，躺在床上看著房門口，想說自己會不會一輩子都無法走那扇門，食慾下降到一天只能吃三個鍋貼，眼皮幾乎完全無法睜開，五官完全感受不到這個世界，對所有事物都感到害怕，焦慮的念頭在腦海裡盤旋一整天揮之不去...。
到今天已經可以去吃我最愛的火鍋吃到飽，可以每天帶狗狗去散步，可以工作上班，可以感受陽光灑在皮膚的溫度、微風吹拂在臉上的輕撫、聞到花草的芳香、感受土壤的觸感，對這世界恢復好奇心。
這期間看過八次身心科門診，四次心理諮商，這兩週開始減藥，醫師跟諮商師都說我進步神速。
如今，我對今天身邊所擁有的、陪伴的、經歷的一切，都充滿感謝。也對自己的努力充滿感謝。",2026-03-15 10:46:00,無夢青年，惡夢人生,抗憂鬱劑,not_enough_posts,
datwo2,Chia-hung Chen,threads.com/@mk89…,2026-03-08 17:18:00,無夢青年，惡夢人生,抗憂鬱劑,not_enough_posts,
ishidastarvt,石田星🪨醫科石頭Vtuber,"【不要擅自停藥】
首先，身心病症確實存在。
我知道病友們都很辛苦，
但是如果你開始吃藥了，
請絕對、絕對、絕對不要自己停藥。
這不是一個健康的證明自控的方法，
大多精神藥突然停藥的負面影響很大，
抗憂鬱藥、安眠藥、抗焦慮藥，
這些都有反衝效應，停藥會讓你的情況更糟，
如果真的不想吃藥了，跟醫生說說吧。
希望你們都能好好的。",2026-03-27 17:42:00,"我是石田星，可以叫我阿石，要叫我星或田星也可以。
本台設定是一顆石頭，有一個石頭朋友——豹石。
醫科背景不是設定，是真的。
預計2027開台直播，分享生活跟醫學趣事。
也會製作科普與教學影片。",抗憂鬱劑,not_enough_posts,
ishidastarvt,石田星🪨醫科石頭Vtuber,"【入珠不好玩】(┐「ε:)
最近好像馬眼棒跟肛門玩具話題很熱門…
那我分享我看過最嚴重的
有人玩入珠塞玻璃小刺球
拿出來的時候割傷
那個玻璃碎屑是要怎麼清Rrrrrr!!
到底在幹嘛，為什麼要玩得這麼花( ;´д`)
玩點情趣可以啦，好歹…找個圓的
尖的是…",2026-03-26 11:37:00,"我是石田星，可以叫我阿石，要叫我星或田星也可以。
本台設定是一顆石頭，有一個石頭朋友——豹石。
醫科背景不是設定，是真的。
預計2027開台直播，分享生活跟醫學趣事。
也會製作科普與教學影片。",抗憂鬱劑,not_enough_posts,
skidbyhenry,蔡宗甫醫師 | 皮膚專科,"下午門診幫一個三歲小病人做治療
拿出了一袋貼紙分散小朋友的注意力
我：完全不會痛吧(一邊治療雞眼)，你好棒！
→ 🙂弟弟開心
弟弟：我好棒都沒有哭！
→ 🙂媽媽開心
媽媽：你看漂亮護理師姐姐陪你挑貼紙耶！
→ 🙂護理師開心
護理師：醫生伯伯的貼紙好可愛！
→ ☹️這是一個只有醫生受傷的世界⋯",2026-03-24 00:33:00,"⚕️ 台北/林口/桃園長庚·台中大里仁愛 皮膚科主治醫師
🥼 林口長庚皮膚科住院醫師丨CGMH Dermatology
🩺 亞東醫院不分科住院醫師丨FEMH PGY
🎓 高雄醫學大學醫學系丨KMU Medicine",精神科醫生,not_enough_posts,
wei87924,Wang Wei 王溦,"記憶力不太好的我
新人時期都用圖像記憶來幫助自己記憶
或是抓幾個可以對比的重點來記憶📒
🫀
高血鉀心律：T波升高
低血鉀心律：ST段下降
💉
新人時期第一次看到降血鉀的藥物
對RI+D50W這樣的組合感到很疑惑
後來才知道原來是因為
1、胰島素能幫助血鉀回到細胞內
（細胞從細胞內流失到細胞外會致高血鉀，反之）
2、加D50W功效
(1)讓鉀離子回到細胞內
(2)防止胰島素引起血糖過低
💉
補血鉀的KCL因為是高危險藥品
必須稀釋後才可使用！
我們單位常常是加在bottle內
500cc N/S+20mEq KCL IVD
或500cc N/S+20mEq KCL IVD
🈲️IV PUSH❌
高低血鉀的原因、症狀、治療不止圖中這些
只是把一些較類似的歸類出來
方便自己分類及記憶
以上治療為本單位較常使用的藥物
皆不代表本台立場(///▽///)
以下開放各位補充！",2026-01-23 21:35:00,"四年の開刀房護理師轉戰急診小菜鳥🏥𓈒𓏸⋆⁺₊⋆
˗ˏˋ My solo trip in Melbourne ˎˊ˗ VLOG ↓",藥物,not_enough_posts,
poet9465,愛吃湯圓的洨黏菌,"一般人都會覺得
精神科藥物要嗎是類毒品
要嗎就是可以讓人亢奮的東西
但其實吃下去之後
大多時候你都是一種“呆滯”的狀態
從悲傷到無法認知到悲傷
從過度亢奮變成過度麻木
從思想混亂變成無法思考
所以大多都精神科藥物
都會寫
「服用後需避免操作機器」
「如開車、摩托車等」
以防止出現意外
對
他不是像是嗎啡一樣的麻醉、鎮痛劑
抑或是像是酒精一樣的中樞神經興奮劑
而是一種神經突觸的多巴胺受器結合劑
或是穩定體內內分泌如多巴胺、血清素、正腎上腺素等藥劑
甚至是安眠、鎮定劑類藥物",2025-12-28 02:23:00,悉悉窣窣,藥物,not_enough_posts,
poet9465,愛吃湯圓的洨黏菌,"這就是一個很玄的事情了
他說了一點
「不要自以為自己承受力很高」
憂鬱症基本上
就是一個破洞的袋子
你必須嘗試把它填滿
但是內容物「愛」還是會不斷的往外漏
不是做的不夠好或是什麼不夠包容
而是憂鬱症患者會自認為不配
再來就是對於他們而言
努力不讓自己負面已經很累了
他們無力去面對你們的愛
他們只能不斷的把袋子割破
讓自己好受一點
而當內容物外洩的時候
他們比付出的人更痛苦
因為這樣會從“我無法愛自己”
變成“我無法愛自己也無法面對他人的愛”
他們會陷入一種
“無愛己無愛他”的狀態
確實
憂鬱症需要大量的時間、金錢、精力去呵護
你最多只能讓他好受一點
你無法讓他完全的康復
這個影片我只看到了一群對於憂鬱症不夠了解的人
在嘗試評斷憂鬱症戀人",2025-12-27 14:26:00,悉悉窣窣,藥物,not_enough_posts,
_doze.5_,_doze.5_,今天從SSRI換成SNRI。,2025-12-26 13:26:00,😃😡🥲😌,SNRI,not_enough_posts,
vtg_0618,曾志豪,"新竹攻略的部分
一篇一篇打好像真的有點累
所以我把我的新竹攻略大集合！
匯集成一個藏寶圖 你們慢慢去吃慢慢去玩
我有探到不錯的店也會持續更新
啊大家再按個讚 轉發一下安捏
感謝勞力
maps.app.goo.gl/eA3ne…",2024-01-17 00:12:00,"新竹推廣大使
水潤餅推廣大使
昶瑞摃丸擁護者",百憂解,not_enough_posts,
han_freedom_,涵,"有誰吃百憂解吃到皮膚變黃的嗎？
現在吃的叫信樂，一天6顆
疲倦感+皮膚變黃超明顯",2026-01-04 23:25:00,"一個BPD+PDD+GAD的不定期紀錄
讓你知道世界上還有像你一樣的人
我們擁有同樣的孤獨、空洞與痛苦
https://line.me/R/ti/g/M8gDMC4BEv
這是打蟑螂群組，有需要的話我在群組通知！！
$300/隻、$500/隻、車馬費$100",百憂解,not_enough_posts,
lawrencelin30,林銘亮,"收到 國光劇團 GuoGuang Opera Company 的邀請，和一歷百憂解  李文成 老師談幾個關於李後主的問題。仗著曾經講過李後主和他時代的藝術，爽快答應。轉身讀了更多正史野史、李煜詩文、評論之後深感後悔。啊這麼多議題是要讓多久才講得完？
所以我就寫了八頁的講稿。
但錄音時間只有一小時，劈裡啪啦、連滾帶爬、文不加點、話不換氣地談了以下幾個議題：
李煜是不是渣男？
他不即位是不是會更好？
他幹嘛不殉國？
他是昏君嗎？
他對文學最大的貢獻是什麼？
他和趙匡胤誰才是歷史的勝方？
對於國光李後主新詮的看法？
沒錯！就是這麼多！錄完音之後渾身細胞都脫水了，幸好文成的歷史知識超超超淵博，口才便給，幫我度過難關，萬分感謝。再來還會有 #李後主天上人間 演出的票卷抽獎，敬請期待！
最後送我最新的小說集給文成的時候，我覺得「為什麼把我丟在這裡」也是李後主會大喊的句子🥹🥹🥹只是他用的是別的說法：「銷魂獨我情何限」，或者「吊孤影兮孰我哀」罷了。
啊，我和李後主，好像又更近了。
#為什麼把我丟在這裡
#一歷百憂解
#感謝立雄幫忙",2026-03-26 17:44:00,,百憂解,not_enough_posts,
cargu_tim,CarGU卡谷模型收藏店-CarGU Model Car,"去日本買模型車嗎？這間模型車店無法錯過
副作用：讓你下個行程嚴重被耽誤",2026-03-27 19:58:00,"CarGU是一間模型車店 
實體店面在新竹金山街
沒有休假（連過年都是",副作用,business,
cargu_tim,CarGU卡谷模型收藏店-CarGU Model Car,去日本想買小車？看這集就對了！,2026-03-24 20:45:00,"CarGU是一間模型車店 
實體店面在新竹金山街
沒有休假（連過年都是",副作用,business,
cargu_tim,CarGU卡谷模型收藏店-CarGU Model Car,終於買到野生#951 好帥喔,2026-03-22 19:19:00,"CarGU是一間模型車店 
實體店面在新竹金山街
沒有休假（連過年都是",副作用,business,
harveyfooks,徐赫蔚,"最近騎車載女友騎到窟窿，她的頭就會痛一下，最近頭還會不定時痛，持續好幾週了
今天帶她去看醫生做檢查，醫生有先開藥！
看了一下藥，有副作用
是會頭痛⋯⋯",2026-03-18 16:36:00,"麻將高手、桌球好手
網球選手、羽球左手
房屋仲介、很多朋友
一個女友、做個舔狗
❤️立志做個股市操盤手❤️",副作用,not_enough_posts,
harveyfooks,徐赫蔚,"女友問我生日要什麼禮物？
我說都可以～
女友說要幫我換新包包
因為這個包包背了五年了
很多地方都壞掉了
當初隨便在蝦皮買的2000元
今天收到禮物了
是新包包
一模一樣的⋯
嗯嗯
我很喜歡
謝謝",2026-03-16 14:39:00,"麻將高手、桌球好手
網球選手、羽球左手
房屋仲介、很多朋友
一個女友、做個舔狗
❤️立志做個股市操盤手❤️",副作用,not_enough_posts,
hi_chihchih,遲遲💋半瓶酒,"我的人生真的很精彩✨
2025/2/4的這天拋下了一顆震撼彈
我結婚了！
噢！不是！
『我得癌症了！』
醫生宣判結果的那天
可能訊息還沒傳到我的大腦
反之我格外的冷靜
聽完所有的標靶療程
化療副作用、龐大的醫療費
我知道不會習慣往後的生活
所有人跟我說都會好的時候
只有我自己明白要勇敢面對
才會讓一切更好
一直都知道自己害怕的不是屎亡
害怕變醜變胖變瘦變老態
擔心化療帶來的副作用
害怕連累我所有的家人
情緒的起伏在治療中
慢慢的明顯浮現出來
朋友問起時不知道怎麼解釋
半夜會偷哭上班會偷哭
躺在床上發呆也會偷哭
怕被當成所謂不正常的人
有看到遲爸遲媽記得不吝嗇的
給他們一些加油打氣🧡
還有遠在國外的哥哥每天來電關切
也謝謝辣個男人
在第一個時間點接住了我的情緒
睡前的哭、半夜的焦慮
上一秒大笑、下一秒哭泣
束縛在他身上的壓力相對也不少
說好不能兩個人一起低潮٩(˃̶͈̀௰˂̶͈́)و
所有的心理能量多強大自己最能理解
在成為一個勇士之前
必須不怕苦不怕累了不怕被傷害
個管師說我一個禮拜就恢復心理狀態
是非常厲害的表現
是吧
也必須吧
總之，陪我一起加油好嗎😊
癌醫嗚欸喔",2025-02-24 12:28:00,"✐ 遲遲❤️抗癌小巨人
𖤐ˊ橫衝直撞的那頭牡羊𓃳
𖤐ˊ2025/2/4癌症確診者
一樣要當最美的女人⸜(๑⃙⃘'ᵕ'๑⃙⃘)⸝⋆︎*",副作用,not_enough_posts,
about.derma,醫美行銷的辛奇小帳,"Elvarie Re20
作為一個韓國醫美行銷從業人員, 看過的麗珠蘭比喝過的冰美式多? *喂*
最近最常聽到需要諮詢服務客人的問題,
""到底該打麗珠蘭還是Re20?""
其實～ 我個人接觸到有提供這些療程的診所院長與代表院長們，自己都～沒～有～打！ 通常他們都很熱衷拉我做白老鼠，這次我自己問了他們我該不該自費施打, 他/她們的表情都是有點一言難盡的說，‘’妳還是打麗珠蘭吧，因為妳都不會怕痛了!‘’ *真是謝嘍*
為什麼？
以下為統整出來最常出現的院長答案-
“是人體來源的膠原蛋白耶，人體妳知道吧?”
""上市時間不夠久，副作用的資訊不夠完全‘’
“可以刺激自體膠原蛋白和彈力蛋白的增生沒錯，但同功效的產品很多，文獻更齊全耶”
“提供皮膚真皮層的結構支撐, 但還是需要光電啊”
“有經過美國FDA核准與AATB*美國皮膚組織庫認證沒錯，我們自己不想打. 客人要，我們就進給客人施作就好”
但不得不說, 看過打過的客人還是覺得效果很強大，只是我就孬～ 還是聽金主爸爸媽媽們非營業中的勸告打打麗珠蘭跟laetigen就好 😇",2025-12-04 04:05:00,台籍在韓醫美行銷的碎念,副作用,not_enough_posts,
hkon99worker_,港劇專區｜工作迷因｜乜都有既meme,"有冇人打過Juvelook 係咪真係改善到淚溝🥹
會唔會有咩副作用😭😭🙏🏻",2026-03-12 16:20:00,呢度係我9up天地,副作用,not_enough_posts,
calshanghua,Vanessa サイ,"大腸癌3B 化療會有什麼副作用嗎？
（家人一直很擔心，身為家屬也很擔心）",2026-03-17 19:39:00,#奶茶達人,副作用,not_enough_posts,
calshanghua,Vanessa サイ,聽說脆上很強，希望有機會讓大二護理系來榮總11樓實習生妹妹們看到留言，謝謝開朗的射手座妹妹&好幾個妹妹們陪我媽媽聊天，讓她住院期間開開心心的☺️A111-22床 ，實習加油喔👏🏻,2026-03-14 08:53:00,#奶茶達人,副作用,not_enough_posts,
butterbest_20,butterbest_20,"一直很猶豫到底要不要打RSV疫苗
麻煩各位脆友幫忙解答🥲🥲
有什麼副作用還是有什麼好處等等的…",2026-03-24 17:27:00,紀錄平凡的生活,副作用,not_enough_posts,
butterbest_20,butterbest_20,"✨日月潭伊達邵美食推薦
🍃素食 紅茶五香豆干🍃
-
⭕️堅持古法製作，老一輩的味道不能消失‼️
⭕️堅持全素食，素食友善‼️
-
🍃素食紅茶五香豆干
不管是早餐吃，午餐吃，晚餐吃，宵夜吃
配酒吃都是很👍🏻👍🏻的選擇哦😎
愛運動的朋友們也可以補充優質蛋白質🥚
更可以吃冰冰涼涼的哦😍
-
地址：南投縣魚池鄉日月村德化街12號‼️
（粉色招牌+實木招牌）
（至今開業已14年囉💪🏻）
✨快來找我們聊聊天吃個豆干吧😎",2026-03-14 12:54:00,紀錄平凡的生活,副作用,not_enough_posts,
lin7566lin,林琳,請問可麻煩介紹台南婦產科的較經驗好的醫生嗎？我子宮肌線症很嚴重只能開刀那掉子宮，但我目前的女婦產科醫院不敢開怕腸子破裂！要打3個月柳普林她才敢開！但我現在非常非常痛苦需要吃止痛劑！和避孕藥（副作用失眠腳漲噁心噁吐）而當子宮痛起來也噁心噁兔動東西吃不下，麻煩各位大大幫我介紹！謝謝,2026-02-09 05:16:00,,副作用,not_enough_posts,
0328_all,林怡均,"想來詢問各位
麻疹跟水痘疫苗一起打副作用會很大嗎
寶寶預計4月中要打",2026-03-04 23:31:00,"穩定
👦🏻👶🏻👧🏻❤️",副作用,not_enough_posts,
ti.natina869,TinaTina,"代詢問🙋
有沒有打過猛健樂的友人可以分享一下沒瘦的經歷？
去診所連續打2.5mg 打了8次 2個月從125KG降到120KG
接著從藥局買10mg回來打 一次打5mg  連續打了5週 體重不減反增到123kg。
而且打了3個月也沒有網路上說的反胃噁心等副作用 一切都很正常，抽血指數也都正常沒有胰島素抵抗，那會是哪裡出了問題呢😯😯",2026-01-27 16:43:00,,副作用,not_enough_posts,
hhgikjj5,放心貸,"能接受不用還！！！
不是詐騙！！！
▪️百分百下款200萬 
雙白戶最高下款2000萬
瑕疵戶只能做到1000萬-1500萬
▪️60%歸貸款人 不用還
他們有綠色通道包裝優化個人資產流水問題
代價是終身不能去中港澳，屬於一次性貸款
沒有任何其他副作用！！對貸款人不影響￼
私訊line：@279tsfvr",2026-03-28 14:35:00,"生活有困難 
負債累累 請私訊line：@279tsfvr",副作用,not_enough_posts,
starmoon1010,莉莉,"想請問2個月男寶這樣的保單內容有什麼需要調整的嗎？
需求是年繳約兩萬左右
整體來說希望是重大疾病有防護、小病住院也不會太吃力的那種保單內容
有了解保險的朋朋可以給我一些建議嗎🫶🏻",2026-03-28 13:50:00,"雖然今天什麼都沒做
但還是辛苦我自己了",住院,not_enough_posts,
daily.1kee1,daily.1kee1,唔好意思 我要提醒自己 置頂置頂,2026-01-22 03:54:00,"戀愛腦重度患者
ᕱ⑅ᕱ ♡ ๋࣭ ⭑⚝‧₊˚ ✩
(๑•ᴗ• )づ__∧ ₊˚⊹ ˳
(つ　 /( •́‧̫•̀ ｡) ♡
しーＪ (nnノ) ⋆",血清素,not_enough_posts,
adhd.at.33.journal,adhd.at.33.journal,"呢排情緒好差 其實冇特別發生啲咩事
但個人長期精神緊張 好敏感 
個人完全冇力 唔想郁 唔想講野 淨係想攤係到望住天花板
琴日攝時間去睇醫生
ADHD 轉咗長效藥
加多款藥 血清素
Wish me luck",2026-03-26 18:48:00,"33歲被確診高功能ADHD 
做咗幾廿年人 終於豁然開朗
嘗試係每日個腦都三線運行嘅情況下 唔好懶過屎 有啲啲啲啲產出",血清素,not_enough_posts,
huan8249,依尚宸,"送給正在低潮、憂鬱或壓力大的你。
有時候，我們不是需要更多努力，
而是需要一個能「讓大腦回到平靜」的空間。
我一直覺得，閱讀最有價值的，
不是看完一本書，而是去實踐裡面的內容。
最近在讀《神經可塑性》，裡面提到——
當壓力太大時，接觸大自然，是讓大腦重新運作的方式。
在綠色植物環繞的環境中，
大腦會降低交感神經活性，進入副交感修復狀態。
風聲、水聲、鳥鳴，會幫助腦波變慢，
讓焦慮、壓力感、過度思考慢慢安靜下來。
同時，曬太陽、走山路、接觸泥土，
也會自然提升多巴胺與血清素的分泌。
大自然不是逃避生活，
而是幫助大腦恢復運作的空間。
今天，健身完趁著陽光明媚，
我就把自己丟進山裡，
不為了什麼目標，只是想讓大腦喘口氣，
也讓思緒變得更清晰。
我們都需要一個，能讓情緒降噪的地方。
#神經可塑性 #情緒修復 #身心平衡 #大自然的療癒力 #自律生活 #低潮日記 #大腦重啟",2025-05-02 18:20:00,"Self Discipline | Dad Life | Daily Growth
自律是一種自愛
Movement • Nutrition • Mindset
沒有使用交友軟體",血清素,not_enough_posts,
liocttxz30,ovo,"我的治癒方式：
1. 疲憊 → 多巴胺 → 打炮
2. 壓力 → 皮質醇 → 打炮
3. 失眠 → 褪黑激素 → 打炮
4. 焦慮 → GABA → 打炮
5. 憤怒 → 血清素 → 打兩炮
6. 懶惰 → 腎上腺素 →打炮
7. 恐懼 → 腎上腺素 → 打炮
8. 拖延症 → 多巴胺 → 打炮
9. 內耗 → 自我覺察 → 打三炮
10. 疼痛 → 內啡肽 → 打炮
11. 悲傷 → 血清素 → 打到昏倒",2025-01-07 14:37:00,我有躁郁症,血清素,not_enough_posts,
m.1111.yj,右耳啵司,"前一陣子好像缺少催產素，在思考該找誰才能有效補充擁抱的me，參加了LenaMiu fan meeting之後，瞬間補充了滿滿滿的催產素和血清素了。
果然去見baby girls就是最有效的補給了！❤️🥰
還幸運的得到了可愛的應援物，感謝製作這可愛的mini Gumber bear的大大分享🥳",2026-03-16 23:01:00,"周星星加持之不想線下生活發現的你看不到我的追星小帳😆
我❤️泰百 （排序無差別，全部都愛
FreenBecky。FayMay。LingOrm 。LMSY 。EngLot。NattPitcha 。EmiBonnie。MilkLove。
LenaMiu。AppleMin",血清素,not_enough_posts,
