username,display_name,post_content,post_date,bio,matched_keyword,gemini_account_type_result,human_account_type_result
leevoonyi,李雯仪   注册与执证心理辅导师,"「這些話，請不要對憂鬱症患者說。」
你知道嗎？憂鬱症，不是太敏感、抗壓力低、或心情不好，是一種身心健康的疾病，且不是患者自身想發生的。
隨著憂鬱症越來越盛行，雖然大家都知道什麼是憂鬱症，但不一定真正理解它。
憂鬱症患者所經歷的辛苦，並非我們三言兩語，或一句：加油、放輕鬆、不要想太多，就能好起來。
接下來的12句話，或許是出於關心、鼓勵，也可能只是日常的聊天，但它們無法真正同理，一個正在經歷憂鬱的人。也是我們日後與憂鬱患者互動時，要避開的雷。",2025-12-16 20:19:00,"🧡馬來西亞註冊心理輔導師 (KB;PA)
🎓輔導碩士 Master of Counselling 
🎓心理學學士 Degree in Psychology 
💟IG帳號➡️leevoonyi
⚠️台灣的「諮商」，在馬來西亞的專業名稱是「輔導」。都是專業的助人工作，只是職稱名字不同。",憂鬱,business,
leevoonyi,李雯仪   注册与执证心理辅导师,"「這些話，請不要對憂鬱症患者說。」
你知道嗎？憂鬱症，不是太敏感、抗壓力低、或心情不好，是一種身心健康的疾病，且不是患者自身想發生的。
隨著憂鬱症越來越盛行，雖然大家都知道什麼是憂鬱症，但不一定真正理解它。
憂鬱症患者所經歷的辛苦，並非我們三言兩語，或一句：加油、放輕鬆、不要想太多，就能好起來。
接下來的12句話，或許是出於關心、鼓勵，也可能只是日常的聊天，但它們無法真正同理，一個正在經歷憂鬱的人。也是我們日後與憂鬱患者互動時，要避開的雷。",2025-12-16 20:19:00,"🧡馬來西亞註冊心理輔導師 (KB;PA)
🎓輔導碩士 Master of Counselling 
🎓心理學學士 Degree in Psychology 
💟IG帳號➡️leevoonyi
⚠️台灣的「諮商」，在馬來西亞的專業名稱是「輔導」。都是專業的助人工作，只是職稱名字不同。",憂鬱,business,
leevoonyi,李雯仪   注册与执证心理辅导师,"「這些話，請不要對憂鬱症患者說。」
你知道嗎？憂鬱症，不是太敏感、抗壓力低、或心情不好，是一種身心健康的疾病，且不是患者自身想發生的。
隨著憂鬱症越來越盛行，雖然大家都知道什麼是憂鬱症，但不一定真正理解它。
憂鬱症患者所經歷的辛苦，並非我們三言兩語，或一句：加油、放輕鬆、不要想太多，就能好起來。
接下來的12句話，或許是出於關心、鼓勵，也可能只是日常的聊天，但它們無法真正同理，一個正在經歷憂鬱的人。也是我們日後與憂鬱患者互動時，要避開的雷。",2025-12-16 20:19:00,"🧡馬來西亞註冊心理輔導師 (KB;PA)
🎓輔導碩士 Master of Counselling 
🎓心理學學士 Degree in Psychology 
💟IG帳號➡️leevoonyi
⚠️台灣的「諮商」，在馬來西亞的專業名稱是「輔導」。都是專業的助人工作，只是職稱名字不同。",憂鬱,business,
leevoonyi,李雯仪   注册与执证心理辅导师,"「這些話，請不要對憂鬱症患者說。」
你知道嗎？憂鬱症，不是太敏感、抗壓力低、或心情不好，是一種身心健康的疾病，且不是患者自身想發生的。
隨著憂鬱症越來越盛行，雖然大家都知道什麼是憂鬱症，但不一定真正理解它。
憂鬱症患者所經歷的辛苦，並非我們三言兩語，或一句：加油、放輕鬆、不要想太多，就能好起來。
接下來的12句話，或許是出於關心、鼓勵，也可能只是日常的聊天，但它們無法真正同理，一個正在經歷憂鬱的人。也是我們日後與憂鬱患者互動時，要避開的雷。",2025-12-16 20:19:00,"🧡馬來西亞註冊心理輔導師 (KB;PA)
🎓輔導碩士 Master of Counselling 
🎓心理學學士 Degree in Psychology 
💟IG帳號➡️leevoonyi
⚠️台灣的「諮商」，在馬來西亞的專業名稱是「輔導」。都是專業的助人工作，只是職稱名字不同。",憂鬱,business,
leevoonyi,李雯仪   注册与执证心理辅导师,"「這些話，請不要對憂鬱症患者說。」
你知道嗎？憂鬱症，不是太敏感、抗壓力低、或心情不好，是一種身心健康的疾病，且不是患者自身想發生的。
隨著憂鬱症越來越盛行，雖然大家都知道什麼是憂鬱症，但不一定真正理解它。
憂鬱症患者所經歷的辛苦，並非我們三言兩語，或一句：加油、放輕鬆、不要想太多，就能好起來。
接下來的12句話，或許是出於關心、鼓勵，也可能只是日常的聊天，但它們無法真正同理，一個正在經歷憂鬱的人。也是我們日後與憂鬱患者互動時，要避開的雷。",2025-12-16 20:19:00,"🧡馬來西亞註冊心理輔導師 (KB;PA)
🎓輔導碩士 Master of Counselling 
🎓心理學學士 Degree in Psychology 
💟IG帳號➡️leevoonyi
⚠️台灣的「諮商」，在馬來西亞的專業名稱是「輔導」。都是專業的助人工作，只是職稱名字不同。",憂鬱,business,
leevoonyi,李雯仪   注册与执证心理辅导师,"「這些話，請不要對憂鬱症患者說。」
你知道嗎？憂鬱症，不是太敏感、抗壓力低、或心情不好，是一種身心健康的疾病，且不是患者自身想發生的。
隨著憂鬱症越來越盛行，雖然大家都知道什麼是憂鬱症，但不一定真正理解它。
憂鬱症患者所經歷的辛苦，並非我們三言兩語，或一句：加油、放輕鬆、不要想太多，就能好起來。
接下來的12句話，或許是出於關心、鼓勵，也可能只是日常的聊天，但它們無法真正同理，一個正在經歷憂鬱的人。也是我們日後與憂鬱患者互動時，要避開的雷。",2025-12-16 20:19:00,"🧡馬來西亞註冊心理輔導師 (KB;PA)
🎓輔導碩士 Master of Counselling 
🎓心理學學士 Degree in Psychology 
💟IG帳號➡️leevoonyi
⚠️台灣的「諮商」，在馬來西亞的專業名稱是「輔導」。都是專業的助人工作，只是職稱名字不同。",憂鬱,business,
leevoonyi,李雯仪   注册与执证心理辅导师,"「這些話，請不要對憂鬱症患者說。」
你知道嗎？憂鬱症，不是太敏感、抗壓力低、或心情不好，是一種身心健康的疾病，且不是患者自身想發生的。
隨著憂鬱症越來越盛行，雖然大家都知道什麼是憂鬱症，但不一定真正理解它。
憂鬱症患者所經歷的辛苦，並非我們三言兩語，或一句：加油、放輕鬆、不要想太多，就能好起來。
接下來的12句話，或許是出於關心、鼓勵，也可能只是日常的聊天，但它們無法真正同理，一個正在經歷憂鬱的人。也是我們日後與憂鬱患者互動時，要避開的雷。",2025-12-16 20:19:00,"🧡馬來西亞註冊心理輔導師 (KB;PA)
🎓輔導碩士 Master of Counselling 
🎓心理學學士 Degree in Psychology 
💟IG帳號➡️leevoonyi
⚠️台灣的「諮商」，在馬來西亞的專業名稱是「輔導」。都是專業的助人工作，只是職稱名字不同。",憂鬱,business,
leevoonyi,李雯仪   注册与执证心理辅导师,"「這些話，請不要對憂鬱症患者說。」
你知道嗎？憂鬱症，不是太敏感、抗壓力低、或心情不好，是一種身心健康的疾病，且不是患者自身想發生的。
隨著憂鬱症越來越盛行，雖然大家都知道什麼是憂鬱症，但不一定真正理解它。
憂鬱症患者所經歷的辛苦，並非我們三言兩語，或一句：加油、放輕鬆、不要想太多，就能好起來。
接下來的12句話，或許是出於關心、鼓勵，也可能只是日常的聊天，但它們無法真正同理，一個正在經歷憂鬱的人。也是我們日後與憂鬱患者互動時，要避開的雷。",2025-12-16 20:19:00,"🧡馬來西亞註冊心理輔導師 (KB;PA)
🎓輔導碩士 Master of Counselling 
🎓心理學學士 Degree in Psychology 
💟IG帳號➡️leevoonyi
⚠️台灣的「諮商」，在馬來西亞的專業名稱是「輔導」。都是專業的助人工作，只是職稱名字不同。",憂鬱,business,
leevoonyi,李雯仪   注册与执证心理辅导师,"「這些話，請不要對憂鬱症患者說。」
你知道嗎？憂鬱症，不是太敏感、抗壓力低、或心情不好，是一種身心健康的疾病，且不是患者自身想發生的。
隨著憂鬱症越來越盛行，雖然大家都知道什麼是憂鬱症，但不一定真正理解它。
憂鬱症患者所經歷的辛苦，並非我們三言兩語，或一句：加油、放輕鬆、不要想太多，就能好起來。
接下來的12句話，或許是出於關心、鼓勵，也可能只是日常的聊天，但它們無法真正同理，一個正在經歷憂鬱的人。也是我們日後與憂鬱患者互動時，要避開的雷。",2025-12-16 20:19:00,"🧡馬來西亞註冊心理輔導師 (KB;PA)
🎓輔導碩士 Master of Counselling 
🎓心理學學士 Degree in Psychology 
💟IG帳號➡️leevoonyi
⚠️台灣的「諮商」，在馬來西亞的專業名稱是「輔導」。都是專業的助人工作，只是職稱名字不同。",憂鬱,business,
leevoonyi,李雯仪   注册与执证心理辅导师,"「這些話，請不要對憂鬱症患者說。」
你知道嗎？憂鬱症，不是太敏感、抗壓力低、或心情不好，是一種身心健康的疾病，且不是患者自身想發生的。
隨著憂鬱症越來越盛行，雖然大家都知道什麼是憂鬱症，但不一定真正理解它。
憂鬱症患者所經歷的辛苦，並非我們三言兩語，或一句：加油、放輕鬆、不要想太多，就能好起來。
接下來的12句話，或許是出於關心、鼓勵，也可能只是日常的聊天，但它們無法真正同理，一個正在經歷憂鬱的人。也是我們日後與憂鬱患者互動時，要避開的雷。",2025-12-16 20:19:00,"🧡馬來西亞註冊心理輔導師 (KB;PA)
🎓輔導碩士 Master of Counselling 
🎓心理學學士 Degree in Psychology 
💟IG帳號➡️leevoonyi
⚠️台灣的「諮商」，在馬來西亞的專業名稱是「輔導」。都是專業的助人工作，只是職稱名字不同。",憂鬱,business,
0vergrey_,0vergrey_,"想知道很容易焦慮的人，都是怎麼面對日常中的焦慮，上班、談戀愛、朋友，每天都快被自己的焦慮淹沒死
很多時候也沒有特別發生什麼事情，可是會被我無限放大，常常會在一切還沒出問題時就先預設災難，可能怕受到傷害，所以大腦想先做好防備，但其實這樣長久下來覺得很痛苦很難受",2026-02-22 02:55:00,"隨便啦 這是我的小天地 不要管我辣
把我當三歲小孩就好",焦慮,pass,
0vergrey_,0vergrey_,"想知道很容易焦慮的人，都是怎麼面對日常中的焦慮，上班、談戀愛、朋友，每天都快被自己的焦慮淹沒死
很多時候也沒有特別發生什麼事情，可是會被我無限放大，常常會在一切還沒出問題時就先預設災難，可能怕受到傷害，所以大腦想先做好防備，但其實這樣長久下來覺得很痛苦很難受",2026-02-22 02:55:00,"隨便啦 這是我的小天地 不要管我辣
把我當三歲小孩就好",焦慮,pass,
0vergrey_,0vergrey_,"想知道很容易焦慮的人，都是怎麼面對日常中的焦慮，上班、談戀愛、朋友，每天都快被自己的焦慮淹沒死
很多時候也沒有特別發生什麼事情，可是會被我無限放大，常常會在一切還沒出問題時就先預設災難，可能怕受到傷害，所以大腦想先做好防備，但其實這樣長久下來覺得很痛苦很難受",2026-02-22 02:55:00,"隨便啦 這是我的小天地 不要管我辣
把我當三歲小孩就好",焦慮,pass,
0vergrey_,0vergrey_,"想知道很容易焦慮的人，都是怎麼面對日常中的焦慮，上班、談戀愛、朋友，每天都快被自己的焦慮淹沒死
很多時候也沒有特別發生什麼事情，可是會被我無限放大，常常會在一切還沒出問題時就先預設災難，可能怕受到傷害，所以大腦想先做好防備，但其實這樣長久下來覺得很痛苦很難受",2026-02-22 02:55:00,"隨便啦 這是我的小天地 不要管我辣
把我當三歲小孩就好",焦慮,pass,
0vergrey_,0vergrey_,"想知道很容易焦慮的人，都是怎麼面對日常中的焦慮，上班、談戀愛、朋友，每天都快被自己的焦慮淹沒死
很多時候也沒有特別發生什麼事情，可是會被我無限放大，常常會在一切還沒出問題時就先預設災難，可能怕受到傷害，所以大腦想先做好防備，但其實這樣長久下來覺得很痛苦很難受",2026-02-22 02:55:00,"隨便啦 這是我的小天地 不要管我辣
把我當三歲小孩就好",焦慮,pass,
0vergrey_,0vergrey_,"想知道很容易焦慮的人，都是怎麼面對日常中的焦慮，上班、談戀愛、朋友，每天都快被自己的焦慮淹沒死
很多時候也沒有特別發生什麼事情，可是會被我無限放大，常常會在一切還沒出問題時就先預設災難，可能怕受到傷害，所以大腦想先做好防備，但其實這樣長久下來覺得很痛苦很難受",2026-02-22 02:55:00,"隨便啦 這是我的小天地 不要管我辣
把我當三歲小孩就好",焦慮,pass,
0vergrey_,0vergrey_,"想知道很容易焦慮的人，都是怎麼面對日常中的焦慮，上班、談戀愛、朋友，每天都快被自己的焦慮淹沒死
很多時候也沒有特別發生什麼事情，可是會被我無限放大，常常會在一切還沒出問題時就先預設災難，可能怕受到傷害，所以大腦想先做好防備，但其實這樣長久下來覺得很痛苦很難受",2026-02-22 02:55:00,"隨便啦 這是我的小天地 不要管我辣
把我當三歲小孩就好",焦慮,pass,
0vergrey_,0vergrey_,"想知道很容易焦慮的人，都是怎麼面對日常中的焦慮，上班、談戀愛、朋友，每天都快被自己的焦慮淹沒死
很多時候也沒有特別發生什麼事情，可是會被我無限放大，常常會在一切還沒出問題時就先預設災難，可能怕受到傷害，所以大腦想先做好防備，但其實這樣長久下來覺得很痛苦很難受",2026-02-22 02:55:00,"隨便啦 這是我的小天地 不要管我辣
把我當三歲小孩就好",焦慮,pass,
0vergrey_,0vergrey_,"想知道很容易焦慮的人，都是怎麼面對日常中的焦慮，上班、談戀愛、朋友，每天都快被自己的焦慮淹沒死
很多時候也沒有特別發生什麼事情，可是會被我無限放大，常常會在一切還沒出問題時就先預設災難，可能怕受到傷害，所以大腦想先做好防備，但其實這樣長久下來覺得很痛苦很難受",2026-02-22 02:55:00,"隨便啦 這是我的小天地 不要管我辣
把我當三歲小孩就好",焦慮,pass,
0vergrey_,0vergrey_,"想知道很容易焦慮的人，都是怎麼面對日常中的焦慮，上班、談戀愛、朋友，每天都快被自己的焦慮淹沒死
很多時候也沒有特別發生什麼事情，可是會被我無限放大，常常會在一切還沒出問題時就先預設災難，可能怕受到傷害，所以大腦想先做好防備，但其實這樣長久下來覺得很痛苦很難受",2026-02-22 02:55:00,"隨便啦 這是我的小天地 不要管我辣
把我當三歲小孩就好",焦慮,pass,
1024_shuanns,Shuann,"如果說離職的原因是：
「我不想再焦慮，只想好好的睡一覺。」
這樣會是抗壓性很低的人嗎🥲",2026-03-02 00:17:00,1995/ENFJ,焦慮,pass,
1024_shuanns,Shuann,"如果說離職的原因是：
「我不想再焦慮，只想好好的睡一覺。」
這樣會是抗壓性很低的人嗎🥲",2026-03-02 00:17:00,1995/ENFJ,焦慮,pass,
1024_shuanns,Shuann,"如果說離職的原因是：
「我不想再焦慮，只想好好的睡一覺。」
這樣會是抗壓性很低的人嗎🥲",2026-03-02 00:17:00,1995/ENFJ,焦慮,pass,
1024_shuanns,Shuann,"如果說離職的原因是：
「我不想再焦慮，只想好好的睡一覺。」
這樣會是抗壓性很低的人嗎🥲",2026-03-02 00:17:00,1995/ENFJ,焦慮,pass,
1024_shuanns,Shuann,"如果說離職的原因是：
「我不想再焦慮，只想好好的睡一覺。」
這樣會是抗壓性很低的人嗎🥲",2026-03-02 00:17:00,1995/ENFJ,焦慮,pass,
1024_shuanns,Shuann,"如果說離職的原因是：
「我不想再焦慮，只想好好的睡一覺。」
這樣會是抗壓性很低的人嗎🥲",2026-03-02 00:17:00,1995/ENFJ,焦慮,pass,
1024_shuanns,Shuann,"如果說離職的原因是：
「我不想再焦慮，只想好好的睡一覺。」
這樣會是抗壓性很低的人嗎🥲",2026-03-02 00:17:00,1995/ENFJ,焦慮,pass,
1024_shuanns,Shuann,"如果說離職的原因是：
「我不想再焦慮，只想好好的睡一覺。」
這樣會是抗壓性很低的人嗎🥲",2026-03-02 00:17:00,1995/ENFJ,焦慮,pass,
1024_shuanns,Shuann,"如果說離職的原因是：
「我不想再焦慮，只想好好的睡一覺。」
這樣會是抗壓性很低的人嗎🥲",2026-03-02 00:17:00,1995/ENFJ,焦慮,pass,
1024_shuanns,Shuann,"如果說離職的原因是：
「我不想再焦慮，只想好好的睡一覺。」
這樣會是抗壓性很低的人嗎🥲",2026-03-02 00:17:00,1995/ENFJ,焦慮,pass,
viper.9998,耳東 陈.,少焦慮 少內耗 多睡覺 常開心,2025-12-25 22:38:00,"-
-
-
-
-
-",焦慮,non_life,
viper.9998,耳東 陈.,少焦慮 少內耗 多睡覺 常開心,2025-12-25 22:38:00,"-
-
-
-
-
-",焦慮,non_life,
viper.9998,耳東 陈.,少焦慮 少內耗 多睡覺 常開心,2025-12-25 22:38:00,"-
-
-
-
-
-",焦慮,non_life,
viper.9998,耳東 陈.,少焦慮 少內耗 多睡覺 常開心,2025-12-25 22:38:00,"-
-
-
-
-
-",焦慮,non_life,
viper.9998,耳東 陈.,少焦慮 少內耗 多睡覺 常開心,2025-12-25 22:38:00,"-
-
-
-
-
-",焦慮,non_life,
viper.9998,耳東 陈.,少焦慮 少內耗 多睡覺 常開心,2025-12-25 22:38:00,"-
-
-
-
-
-",焦慮,non_life,
viper.9998,耳東 陈.,少焦慮 少內耗 多睡覺 常開心,2025-12-25 22:38:00,"-
-
-
-
-
-",焦慮,non_life,
viper.9998,耳東 陈.,少焦慮 少內耗 多睡覺 常開心,2025-12-25 22:38:00,"-
-
-
-
-
-",焦慮,non_life,
viper.9998,耳東 陈.,少焦慮 少內耗 多睡覺 常開心,2025-12-25 22:38:00,"-
-
-
-
-
-",焦慮,non_life,
viper.9998,耳東 陈.,少焦慮 少內耗 多睡覺 常開心,2025-12-25 22:38:00,"-
-
-
-
-
-",焦慮,non_life,
cmz_08.11,陳孟澤,"誰懂那種
拼了命努力
結果
卻還是一塌糊塗的絕望",2025-11-03 12:35:00,市大同電鍋(◐‿◑),絕望,pass,
cmz_08.11,陳孟澤,"誰懂那種
拼了命努力
結果
卻還是一塌糊塗的絕望",2025-11-03 12:35:00,市大同電鍋(◐‿◑),絕望,pass,
cmz_08.11,陳孟澤,"誰懂那種
拼了命努力
結果
卻還是一塌糊塗的絕望",2025-11-03 12:35:00,市大同電鍋(◐‿◑),絕望,pass,
cmz_08.11,陳孟澤,"誰懂那種
拼了命努力
結果
卻還是一塌糊塗的絕望",2025-11-03 12:35:00,市大同電鍋(◐‿◑),絕望,pass,
cmz_08.11,陳孟澤,"誰懂那種
拼了命努力
結果
卻還是一塌糊塗的絕望",2025-11-03 12:35:00,市大同電鍋(◐‿◑),絕望,pass,
cmz_08.11,陳孟澤,"誰懂那種
拼了命努力
結果
卻還是一塌糊塗的絕望",2025-11-03 12:35:00,市大同電鍋(◐‿◑),絕望,pass,
cmz_08.11,陳孟澤,"誰懂那種
拼了命努力
結果
卻還是一塌糊塗的絕望",2025-11-03 12:35:00,市大同電鍋(◐‿◑),絕望,pass,
cmz_08.11,陳孟澤,"誰懂那種
拼了命努力
結果
卻還是一塌糊塗的絕望",2025-11-03 12:35:00,市大同電鍋(◐‿◑),絕望,pass,
cmz_08.11,陳孟澤,"誰懂那種
拼了命努力
結果
卻還是一塌糊塗的絕望",2025-11-03 12:35:00,市大同電鍋(◐‿◑),絕望,pass,
cmz_08.11,陳孟澤,"誰懂那種
拼了命努力
結果
卻還是一塌糊塗的絕望",2025-11-03 12:35:00,市大同電鍋(◐‿◑),絕望,pass,
gsjsii_hdjd,gsjsii_hdjd,"最後還是被憂鬱症打敗了
我從來沒有被拉起來過
最絕望的是我一直在努力求生。
去醫院 
醫療人員認為我浪費資源
撥打求救專線 
他們認為我跟別人比起來好多了
在學校反覆不斷地發出求救信號
得到什麼回應？約談心理諮商啊
我都知道問題 也知道問題該怎麼解決。
為什麼得到的答案永遠都是那就去解決啊
學校老師：你要自己加油啊 努力一點 是你想太多了
同學：這跟我有什麼關係？不要影響到身邊人好嗎？
對啊還有朋友 家人
過多的擔心讓我喘不過去
：你能不能考慮一下在乎你的人的感受
為什麼連我的生命自主權的最後一刻也要考慮別人的感受",2025-12-15 23:25:00,,絕望,pass,
gsjsii_hdjd,gsjsii_hdjd,"最後還是被憂鬱症打敗了
我從來沒有被拉起來過
最絕望的是我一直在努力求生。
去醫院 
醫療人員認為我浪費資源
撥打求救專線 
他們認為我跟別人比起來好多了
在學校反覆不斷地發出求救信號
得到什麼回應？約談心理諮商啊
我都知道問題 也知道問題該怎麼解決。
為什麼得到的答案永遠都是那就去解決啊
學校老師：你要自己加油啊 努力一點 是你想太多了
同學：這跟我有什麼關係？不要影響到身邊人好嗎？
對啊還有朋友 家人
過多的擔心讓我喘不過去
：你能不能考慮一下在乎你的人的感受
為什麼連我的生命自主權的最後一刻也要考慮別人的感受",2025-12-15 23:25:00,,絕望,pass,
gsjsii_hdjd,gsjsii_hdjd,"最後還是被憂鬱症打敗了
我從來沒有被拉起來過
最絕望的是我一直在努力求生。
去醫院 
醫療人員認為我浪費資源
撥打求救專線 
他們認為我跟別人比起來好多了
在學校反覆不斷地發出求救信號
得到什麼回應？約談心理諮商啊
我都知道問題 也知道問題該怎麼解決。
為什麼得到的答案永遠都是那就去解決啊
學校老師：你要自己加油啊 努力一點 是你想太多了
同學：這跟我有什麼關係？不要影響到身邊人好嗎？
對啊還有朋友 家人
過多的擔心讓我喘不過去
：你能不能考慮一下在乎你的人的感受
為什麼連我的生命自主權的最後一刻也要考慮別人的感受",2025-12-15 23:25:00,,絕望,pass,
gsjsii_hdjd,gsjsii_hdjd,"最後還是被憂鬱症打敗了
我從來沒有被拉起來過
最絕望的是我一直在努力求生。
去醫院 
醫療人員認為我浪費資源
撥打求救專線 
他們認為我跟別人比起來好多了
在學校反覆不斷地發出求救信號
得到什麼回應？約談心理諮商啊
我都知道問題 也知道問題該怎麼解決。
為什麼得到的答案永遠都是那就去解決啊
學校老師：你要自己加油啊 努力一點 是你想太多了
同學：這跟我有什麼關係？不要影響到身邊人好嗎？
對啊還有朋友 家人
過多的擔心讓我喘不過去
：你能不能考慮一下在乎你的人的感受
為什麼連我的生命自主權的最後一刻也要考慮別人的感受",2025-12-15 23:25:00,,絕望,pass,
gsjsii_hdjd,gsjsii_hdjd,"最後還是被憂鬱症打敗了
我從來沒有被拉起來過
最絕望的是我一直在努力求生。
去醫院 
醫療人員認為我浪費資源
撥打求救專線 
他們認為我跟別人比起來好多了
在學校反覆不斷地發出求救信號
得到什麼回應？約談心理諮商啊
我都知道問題 也知道問題該怎麼解決。
為什麼得到的答案永遠都是那就去解決啊
學校老師：你要自己加油啊 努力一點 是你想太多了
同學：這跟我有什麼關係？不要影響到身邊人好嗎？
對啊還有朋友 家人
過多的擔心讓我喘不過去
：你能不能考慮一下在乎你的人的感受
為什麼連我的生命自主權的最後一刻也要考慮別人的感受",2025-12-15 23:25:00,,絕望,pass,
gsjsii_hdjd,gsjsii_hdjd,"最後還是被憂鬱症打敗了
我從來沒有被拉起來過
最絕望的是我一直在努力求生。
去醫院 
醫療人員認為我浪費資源
撥打求救專線 
他們認為我跟別人比起來好多了
在學校反覆不斷地發出求救信號
得到什麼回應？約談心理諮商啊
我都知道問題 也知道問題該怎麼解決。
為什麼得到的答案永遠都是那就去解決啊
學校老師：你要自己加油啊 努力一點 是你想太多了
同學：這跟我有什麼關係？不要影響到身邊人好嗎？
對啊還有朋友 家人
過多的擔心讓我喘不過去
：你能不能考慮一下在乎你的人的感受
為什麼連我的生命自主權的最後一刻也要考慮別人的感受",2025-12-15 23:25:00,,絕望,pass,
gsjsii_hdjd,gsjsii_hdjd,"最後還是被憂鬱症打敗了
我從來沒有被拉起來過
最絕望的是我一直在努力求生。
去醫院 
醫療人員認為我浪費資源
撥打求救專線 
他們認為我跟別人比起來好多了
在學校反覆不斷地發出求救信號
得到什麼回應？約談心理諮商啊
我都知道問題 也知道問題該怎麼解決。
為什麼得到的答案永遠都是那就去解決啊
學校老師：你要自己加油啊 努力一點 是你想太多了
同學：這跟我有什麼關係？不要影響到身邊人好嗎？
對啊還有朋友 家人
過多的擔心讓我喘不過去
：你能不能考慮一下在乎你的人的感受
為什麼連我的生命自主權的最後一刻也要考慮別人的感受",2025-12-15 23:25:00,,絕望,pass,
gsjsii_hdjd,gsjsii_hdjd,"最後還是被憂鬱症打敗了
我從來沒有被拉起來過
最絕望的是我一直在努力求生。
去醫院 
醫療人員認為我浪費資源
撥打求救專線 
他們認為我跟別人比起來好多了
在學校反覆不斷地發出求救信號
得到什麼回應？約談心理諮商啊
我都知道問題 也知道問題該怎麼解決。
為什麼得到的答案永遠都是那就去解決啊
學校老師：你要自己加油啊 努力一點 是你想太多了
同學：這跟我有什麼關係？不要影響到身邊人好嗎？
對啊還有朋友 家人
過多的擔心讓我喘不過去
：你能不能考慮一下在乎你的人的感受
為什麼連我的生命自主權的最後一刻也要考慮別人的感受",2025-12-15 23:25:00,,絕望,pass,
gsjsii_hdjd,gsjsii_hdjd,"最後還是被憂鬱症打敗了
我從來沒有被拉起來過
最絕望的是我一直在努力求生。
去醫院 
醫療人員認為我浪費資源
撥打求救專線 
他們認為我跟別人比起來好多了
在學校反覆不斷地發出求救信號
得到什麼回應？約談心理諮商啊
我都知道問題 也知道問題該怎麼解決。
為什麼得到的答案永遠都是那就去解決啊
學校老師：你要自己加油啊 努力一點 是你想太多了
同學：這跟我有什麼關係？不要影響到身邊人好嗎？
對啊還有朋友 家人
過多的擔心讓我喘不過去
：你能不能考慮一下在乎你的人的感受
為什麼連我的生命自主權的最後一刻也要考慮別人的感受",2025-12-15 23:25:00,,絕望,pass,
gsjsii_hdjd,gsjsii_hdjd,"最後還是被憂鬱症打敗了
我從來沒有被拉起來過
最絕望的是我一直在努力求生。
去醫院 
醫療人員認為我浪費資源
撥打求救專線 
他們認為我跟別人比起來好多了
在學校反覆不斷地發出求救信號
得到什麼回應？約談心理諮商啊
我都知道問題 也知道問題該怎麼解決。
為什麼得到的答案永遠都是那就去解決啊
學校老師：你要自己加油啊 努力一點 是你想太多了
同學：這跟我有什麼關係？不要影響到身邊人好嗎？
對啊還有朋友 家人
過多的擔心讓我喘不過去
：你能不能考慮一下在乎你的人的感受
為什麼連我的生命自主權的最後一刻也要考慮別人的感受",2025-12-15 23:25:00,,絕望,pass,
lo_ve_ly_q,lo_ve_ly_q,"人的自我保護機制真的很神奇
痛苦到快死掉的時候
就會突然有一瞬間全部的情緒一起消失
然後過一陣子又突然變回那個看起來
總是很開朗樂觀的自己
還會覺得自己前兩天的痛苦不知道是在發什麼神經
難道人類有什麼強制重啟的開關嗎",2026-02-08 10:00:00,,自我懷疑,pass,
lo_ve_ly_q,lo_ve_ly_q,"我突然很吵很吵的時候
其實代表
我在求救
這個時候只需要好好的回應我就好
但連這麼簡單的事都沒人能做的到",2026-02-07 13:17:00,,自我懷疑,pass,
lo_ve_ly_q,lo_ve_ly_q,"人的自我保護機制真的很神奇
痛苦到快死掉的時候
就會突然有一瞬間全部的情緒一起消失
然後過一陣子又突然變回那個看起來
總是很開朗樂觀的自己
還會覺得自己前兩天的痛苦不知道是在發什麼神經
難道人類有什麼強制重啟的開關嗎",2026-02-08 10:00:00,,自我懷疑,pass,
lo_ve_ly_q,lo_ve_ly_q,"我突然很吵很吵的時候
其實代表
我在求救
這個時候只需要好好的回應我就好
但連這麼簡單的事都沒人能做的到",2026-02-07 13:17:00,,自我懷疑,pass,
lo_ve_ly_q,lo_ve_ly_q,"人的自我保護機制真的很神奇
痛苦到快死掉的時候
就會突然有一瞬間全部的情緒一起消失
然後過一陣子又突然變回那個看起來
總是很開朗樂觀的自己
還會覺得自己前兩天的痛苦不知道是在發什麼神經
難道人類有什麼強制重啟的開關嗎",2026-02-08 10:00:00,,自我懷疑,pass,
lo_ve_ly_q,lo_ve_ly_q,"我突然很吵很吵的時候
其實代表
我在求救
這個時候只需要好好的回應我就好
但連這麼簡單的事都沒人能做的到",2026-02-07 13:17:00,,自我懷疑,pass,
lo_ve_ly_q,lo_ve_ly_q,"人的自我保護機制真的很神奇
痛苦到快死掉的時候
就會突然有一瞬間全部的情緒一起消失
然後過一陣子又突然變回那個看起來
總是很開朗樂觀的自己
還會覺得自己前兩天的痛苦不知道是在發什麼神經
難道人類有什麼強制重啟的開關嗎",2026-02-08 10:00:00,,自我懷疑,pass,
lo_ve_ly_q,lo_ve_ly_q,"我突然很吵很吵的時候
其實代表
我在求救
這個時候只需要好好的回應我就好
但連這麼簡單的事都沒人能做的到",2026-02-07 13:17:00,,自我懷疑,pass,
lo_ve_ly_q,lo_ve_ly_q,"人的自我保護機制真的很神奇
痛苦到快死掉的時候
就會突然有一瞬間全部的情緒一起消失
然後過一陣子又突然變回那個看起來
總是很開朗樂觀的自己
還會覺得自己前兩天的痛苦不知道是在發什麼神經
難道人類有什麼強制重啟的開關嗎",2026-02-08 10:00:00,,自我懷疑,pass,
lo_ve_ly_q,lo_ve_ly_q,"我突然很吵很吵的時候
其實代表
我在求救
這個時候只需要好好的回應我就好
但連這麼簡單的事都沒人能做的到",2026-02-07 13:17:00,,自我懷疑,pass,
lo_ve_ly_q,lo_ve_ly_q,"人的自我保護機制真的很神奇
痛苦到快死掉的時候
就會突然有一瞬間全部的情緒一起消失
然後過一陣子又突然變回那個看起來
總是很開朗樂觀的自己
還會覺得自己前兩天的痛苦不知道是在發什麼神經
難道人類有什麼強制重啟的開關嗎",2026-02-08 10:00:00,,自我懷疑,pass,
lo_ve_ly_q,lo_ve_ly_q,"我突然很吵很吵的時候
其實代表
我在求救
這個時候只需要好好的回應我就好
但連這麼簡單的事都沒人能做的到",2026-02-07 13:17:00,,自我懷疑,pass,
lo_ve_ly_q,lo_ve_ly_q,"人的自我保護機制真的很神奇
痛苦到快死掉的時候
就會突然有一瞬間全部的情緒一起消失
然後過一陣子又突然變回那個看起來
總是很開朗樂觀的自己
還會覺得自己前兩天的痛苦不知道是在發什麼神經
難道人類有什麼強制重啟的開關嗎",2026-02-08 10:00:00,,自我懷疑,pass,
lo_ve_ly_q,lo_ve_ly_q,"我突然很吵很吵的時候
其實代表
我在求救
這個時候只需要好好的回應我就好
但連這麼簡單的事都沒人能做的到",2026-02-07 13:17:00,,自我懷疑,pass,
lo_ve_ly_q,lo_ve_ly_q,"人的自我保護機制真的很神奇
痛苦到快死掉的時候
就會突然有一瞬間全部的情緒一起消失
然後過一陣子又突然變回那個看起來
總是很開朗樂觀的自己
還會覺得自己前兩天的痛苦不知道是在發什麼神經
難道人類有什麼強制重啟的開關嗎",2026-02-08 10:00:00,,自我懷疑,pass,
lo_ve_ly_q,lo_ve_ly_q,"我突然很吵很吵的時候
其實代表
我在求救
這個時候只需要好好的回應我就好
但連這麼簡單的事都沒人能做的到",2026-02-07 13:17:00,,自我懷疑,pass,
lo_ve_ly_q,lo_ve_ly_q,"人的自我保護機制真的很神奇
痛苦到快死掉的時候
就會突然有一瞬間全部的情緒一起消失
然後過一陣子又突然變回那個看起來
總是很開朗樂觀的自己
還會覺得自己前兩天的痛苦不知道是在發什麼神經
難道人類有什麼強制重啟的開關嗎",2026-02-08 10:00:00,,自我懷疑,pass,
lo_ve_ly_q,lo_ve_ly_q,"我突然很吵很吵的時候
其實代表
我在求救
這個時候只需要好好的回應我就好
但連這麼簡單的事都沒人能做的到",2026-02-07 13:17:00,,自我懷疑,pass,
lo_ve_ly_q,lo_ve_ly_q,"人的自我保護機制真的很神奇
痛苦到快死掉的時候
就會突然有一瞬間全部的情緒一起消失
然後過一陣子又突然變回那個看起來
總是很開朗樂觀的自己
還會覺得自己前兩天的痛苦不知道是在發什麼神經
難道人類有什麼強制重啟的開關嗎",2026-02-08 10:00:00,,自我懷疑,pass,
lo_ve_ly_q,lo_ve_ly_q,"我突然很吵很吵的時候
其實代表
我在求救
這個時候只需要好好的回應我就好
但連這麼簡單的事都沒人能做的到",2026-02-07 13:17:00,,自我懷疑,pass,
lovely._.lovely99,lovely._.lovely99,"什麼是「自我感動式」付出？
「自我感動式」付出就是不顧對方的感受，不考慮對方的真實需求，自顧自地給予對方自己
認為好的東西，做自以為對對方好的事情。
我們要承認，實行 「自我感動式」付出的人出
發點是善意的，然而這種付出方式往往並不會真正感動到對方，反而會造成某種困擾。
「自我感動式」付出的本質其實是一種自我中心意識驅動下的利己行為。這種付出的出發點
是自我，根本目的是完成自我設想中的奉獻行為，別人只是他們表演感動的「道具」而已。
自我感動式付出的人，會活得很累，他們常常
把自己的需求和利益放在別人的後面，卻又無法體察到別人的真實需求，只按照自己的邏輯
去做事，一旦發現別人無法按自己的邏輯給出回應，他們就會很痛苦。而且，他們付出的越多，越是容易遭受到別人的反感，然後，他們
越是覺得「別人虧欠自己很多」，怨恨也會積壓越多。
成熟的愛是我愛你，同時，我也愛自己。我可以為你付出，但我不會犧牲我自己。
首先瞭解並滿足自己的需求，然後才有更大的能量瞭解和滿足別人的需求。但並不是非得滿足對方所有的需求，做你可以做的，至於別人對你的不合理期待，那是他需要調整的部分。",2024-06-27 12:20:00,,自我懷疑,non_life,
lovely._.lovely99,lovely._.lovely99,"什麼是「自我感動式」付出？
「自我感動式」付出就是不顧對方的感受，不考慮對方的真實需求，自顧自地給予對方自己
認為好的東西，做自以為對對方好的事情。
我們要承認，實行 「自我感動式」付出的人出
發點是善意的，然而這種付出方式往往並不會真正感動到對方，反而會造成某種困擾。
「自我感動式」付出的本質其實是一種自我中心意識驅動下的利己行為。這種付出的出發點
是自我，根本目的是完成自我設想中的奉獻行為，別人只是他們表演感動的「道具」而已。
自我感動式付出的人，會活得很累，他們常常
把自己的需求和利益放在別人的後面，卻又無法體察到別人的真實需求，只按照自己的邏輯
去做事，一旦發現別人無法按自己的邏輯給出回應，他們就會很痛苦。而且，他們付出的越多，越是容易遭受到別人的反感，然後，他們
越是覺得「別人虧欠自己很多」，怨恨也會積壓越多。
成熟的愛是我愛你，同時，我也愛自己。我可以為你付出，但我不會犧牲我自己。
首先瞭解並滿足自己的需求，然後才有更大的能量瞭解和滿足別人的需求。但並不是非得滿足對方所有的需求，做你可以做的，至於別人對你的不合理期待，那是他需要調整的部分。",2024-06-27 12:20:00,,自我懷疑,non_life,
lovely._.lovely99,lovely._.lovely99,"什麼是「自我感動式」付出？
「自我感動式」付出就是不顧對方的感受，不考慮對方的真實需求，自顧自地給予對方自己
認為好的東西，做自以為對對方好的事情。
我們要承認，實行 「自我感動式」付出的人出
發點是善意的，然而這種付出方式往往並不會真正感動到對方，反而會造成某種困擾。
「自我感動式」付出的本質其實是一種自我中心意識驅動下的利己行為。這種付出的出發點
是自我，根本目的是完成自我設想中的奉獻行為，別人只是他們表演感動的「道具」而已。
自我感動式付出的人，會活得很累，他們常常
把自己的需求和利益放在別人的後面，卻又無法體察到別人的真實需求，只按照自己的邏輯
去做事，一旦發現別人無法按自己的邏輯給出回應，他們就會很痛苦。而且，他們付出的越多，越是容易遭受到別人的反感，然後，他們
越是覺得「別人虧欠自己很多」，怨恨也會積壓越多。
成熟的愛是我愛你，同時，我也愛自己。我可以為你付出，但我不會犧牲我自己。
首先瞭解並滿足自己的需求，然後才有更大的能量瞭解和滿足別人的需求。但並不是非得滿足對方所有的需求，做你可以做的，至於別人對你的不合理期待，那是他需要調整的部分。",2024-06-27 12:20:00,,自我懷疑,non_life,
lovely._.lovely99,lovely._.lovely99,"什麼是「自我感動式」付出？
「自我感動式」付出就是不顧對方的感受，不考慮對方的真實需求，自顧自地給予對方自己
認為好的東西，做自以為對對方好的事情。
我們要承認，實行 「自我感動式」付出的人出
發點是善意的，然而這種付出方式往往並不會真正感動到對方，反而會造成某種困擾。
「自我感動式」付出的本質其實是一種自我中心意識驅動下的利己行為。這種付出的出發點
是自我，根本目的是完成自我設想中的奉獻行為，別人只是他們表演感動的「道具」而已。
自我感動式付出的人，會活得很累，他們常常
把自己的需求和利益放在別人的後面，卻又無法體察到別人的真實需求，只按照自己的邏輯
去做事，一旦發現別人無法按自己的邏輯給出回應，他們就會很痛苦。而且，他們付出的越多，越是容易遭受到別人的反感，然後，他們
越是覺得「別人虧欠自己很多」，怨恨也會積壓越多。
成熟的愛是我愛你，同時，我也愛自己。我可以為你付出，但我不會犧牲我自己。
首先瞭解並滿足自己的需求，然後才有更大的能量瞭解和滿足別人的需求。但並不是非得滿足對方所有的需求，做你可以做的，至於別人對你的不合理期待，那是他需要調整的部分。",2024-06-27 12:20:00,,自我懷疑,non_life,
lovely._.lovely99,lovely._.lovely99,"什麼是「自我感動式」付出？
「自我感動式」付出就是不顧對方的感受，不考慮對方的真實需求，自顧自地給予對方自己
認為好的東西，做自以為對對方好的事情。
我們要承認，實行 「自我感動式」付出的人出
發點是善意的，然而這種付出方式往往並不會真正感動到對方，反而會造成某種困擾。
「自我感動式」付出的本質其實是一種自我中心意識驅動下的利己行為。這種付出的出發點
是自我，根本目的是完成自我設想中的奉獻行為，別人只是他們表演感動的「道具」而已。
自我感動式付出的人，會活得很累，他們常常
把自己的需求和利益放在別人的後面，卻又無法體察到別人的真實需求，只按照自己的邏輯
去做事，一旦發現別人無法按自己的邏輯給出回應，他們就會很痛苦。而且，他們付出的越多，越是容易遭受到別人的反感，然後，他們
越是覺得「別人虧欠自己很多」，怨恨也會積壓越多。
成熟的愛是我愛你，同時，我也愛自己。我可以為你付出，但我不會犧牲我自己。
首先瞭解並滿足自己的需求，然後才有更大的能量瞭解和滿足別人的需求。但並不是非得滿足對方所有的需求，做你可以做的，至於別人對你的不合理期待，那是他需要調整的部分。",2024-06-27 12:20:00,,自我懷疑,non_life,
lovely._.lovely99,lovely._.lovely99,"什麼是「自我感動式」付出？
「自我感動式」付出就是不顧對方的感受，不考慮對方的真實需求，自顧自地給予對方自己
認為好的東西，做自以為對對方好的事情。
我們要承認，實行 「自我感動式」付出的人出
發點是善意的，然而這種付出方式往往並不會真正感動到對方，反而會造成某種困擾。
「自我感動式」付出的本質其實是一種自我中心意識驅動下的利己行為。這種付出的出發點
是自我，根本目的是完成自我設想中的奉獻行為，別人只是他們表演感動的「道具」而已。
自我感動式付出的人，會活得很累，他們常常
把自己的需求和利益放在別人的後面，卻又無法體察到別人的真實需求，只按照自己的邏輯
去做事，一旦發現別人無法按自己的邏輯給出回應，他們就會很痛苦。而且，他們付出的越多，越是容易遭受到別人的反感，然後，他們
越是覺得「別人虧欠自己很多」，怨恨也會積壓越多。
成熟的愛是我愛你，同時，我也愛自己。我可以為你付出，但我不會犧牲我自己。
首先瞭解並滿足自己的需求，然後才有更大的能量瞭解和滿足別人的需求。但並不是非得滿足對方所有的需求，做你可以做的，至於別人對你的不合理期待，那是他需要調整的部分。",2024-06-27 12:20:00,,自我懷疑,non_life,
lovely._.lovely99,lovely._.lovely99,"什麼是「自我感動式」付出？
「自我感動式」付出就是不顧對方的感受，不考慮對方的真實需求，自顧自地給予對方自己
認為好的東西，做自以為對對方好的事情。
我們要承認，實行 「自我感動式」付出的人出
發點是善意的，然而這種付出方式往往並不會真正感動到對方，反而會造成某種困擾。
「自我感動式」付出的本質其實是一種自我中心意識驅動下的利己行為。這種付出的出發點
是自我，根本目的是完成自我設想中的奉獻行為，別人只是他們表演感動的「道具」而已。
自我感動式付出的人，會活得很累，他們常常
把自己的需求和利益放在別人的後面，卻又無法體察到別人的真實需求，只按照自己的邏輯
去做事，一旦發現別人無法按自己的邏輯給出回應，他們就會很痛苦。而且，他們付出的越多，越是容易遭受到別人的反感，然後，他們
越是覺得「別人虧欠自己很多」，怨恨也會積壓越多。
成熟的愛是我愛你，同時，我也愛自己。我可以為你付出，但我不會犧牲我自己。
首先瞭解並滿足自己的需求，然後才有更大的能量瞭解和滿足別人的需求。但並不是非得滿足對方所有的需求，做你可以做的，至於別人對你的不合理期待，那是他需要調整的部分。",2024-06-27 12:20:00,,自我懷疑,non_life,
lovely._.lovely99,lovely._.lovely99,"什麼是「自我感動式」付出？
「自我感動式」付出就是不顧對方的感受，不考慮對方的真實需求，自顧自地給予對方自己
認為好的東西，做自以為對對方好的事情。
我們要承認，實行 「自我感動式」付出的人出
發點是善意的，然而這種付出方式往往並不會真正感動到對方，反而會造成某種困擾。
「自我感動式」付出的本質其實是一種自我中心意識驅動下的利己行為。這種付出的出發點
是自我，根本目的是完成自我設想中的奉獻行為，別人只是他們表演感動的「道具」而已。
自我感動式付出的人，會活得很累，他們常常
把自己的需求和利益放在別人的後面，卻又無法體察到別人的真實需求，只按照自己的邏輯
去做事，一旦發現別人無法按自己的邏輯給出回應，他們就會很痛苦。而且，他們付出的越多，越是容易遭受到別人的反感，然後，他們
越是覺得「別人虧欠自己很多」，怨恨也會積壓越多。
成熟的愛是我愛你，同時，我也愛自己。我可以為你付出，但我不會犧牲我自己。
首先瞭解並滿足自己的需求，然後才有更大的能量瞭解和滿足別人的需求。但並不是非得滿足對方所有的需求，做你可以做的，至於別人對你的不合理期待，那是他需要調整的部分。",2024-06-27 12:20:00,,自我懷疑,non_life,
lovely._.lovely99,lovely._.lovely99,"什麼是「自我感動式」付出？
「自我感動式」付出就是不顧對方的感受，不考慮對方的真實需求，自顧自地給予對方自己
認為好的東西，做自以為對對方好的事情。
我們要承認，實行 「自我感動式」付出的人出
發點是善意的，然而這種付出方式往往並不會真正感動到對方，反而會造成某種困擾。
「自我感動式」付出的本質其實是一種自我中心意識驅動下的利己行為。這種付出的出發點
是自我，根本目的是完成自我設想中的奉獻行為，別人只是他們表演感動的「道具」而已。
自我感動式付出的人，會活得很累，他們常常
把自己的需求和利益放在別人的後面，卻又無法體察到別人的真實需求，只按照自己的邏輯
去做事，一旦發現別人無法按自己的邏輯給出回應，他們就會很痛苦。而且，他們付出的越多，越是容易遭受到別人的反感，然後，他們
越是覺得「別人虧欠自己很多」，怨恨也會積壓越多。
成熟的愛是我愛你，同時，我也愛自己。我可以為你付出，但我不會犧牲我自己。
首先瞭解並滿足自己的需求，然後才有更大的能量瞭解和滿足別人的需求。但並不是非得滿足對方所有的需求，做你可以做的，至於別人對你的不合理期待，那是他需要調整的部分。",2024-06-27 12:20:00,,自我懷疑,non_life,
lovely._.lovely99,lovely._.lovely99,"什麼是「自我感動式」付出？
「自我感動式」付出就是不顧對方的感受，不考慮對方的真實需求，自顧自地給予對方自己
認為好的東西，做自以為對對方好的事情。
我們要承認，實行 「自我感動式」付出的人出
發點是善意的，然而這種付出方式往往並不會真正感動到對方，反而會造成某種困擾。
「自我感動式」付出的本質其實是一種自我中心意識驅動下的利己行為。這種付出的出發點
是自我，根本目的是完成自我設想中的奉獻行為，別人只是他們表演感動的「道具」而已。
自我感動式付出的人，會活得很累，他們常常
把自己的需求和利益放在別人的後面，卻又無法體察到別人的真實需求，只按照自己的邏輯
去做事，一旦發現別人無法按自己的邏輯給出回應，他們就會很痛苦。而且，他們付出的越多，越是容易遭受到別人的反感，然後，他們
越是覺得「別人虧欠自己很多」，怨恨也會積壓越多。
成熟的愛是我愛你，同時，我也愛自己。我可以為你付出，但我不會犧牲我自己。
首先瞭解並滿足自己的需求，然後才有更大的能量瞭解和滿足別人的需求。但並不是非得滿足對方所有的需求，做你可以做的，至於別人對你的不合理期待，那是他需要調整的部分。",2024-06-27 12:20:00,,自我懷疑,non_life,
moojindian,目鏡店,"最近在threads上胡亂留言
被好多不認識我們的人看到🥹
想說做一個好懂的介紹給大家看
第一次來目鏡店🤓先看這篇就好
不管懂不懂眼鏡都沒關係，我們會一步一步陪你選
我們的配鏡方式很單純，沒有一堆方案要記——
先選鏡框喜不喜歡，再看度數需不需要調整。
🥸配鏡怎麼選？
➤ 現場鏡框都可以試戴、慢慢看
➤ 日常戴、上班戴、想輕一點或存在感強一點，都能聊
➤ 不趕時間、不強推，適合才配
👓基本配鏡方案（1580/1980/2580）
➤ 三個價位選擇，直接含鏡框＋抗藍光鏡片
➤ 一般近視、散光大多都適用
➤ 多數人不用再另外加錢
📍如果度數比較高呢？
➤ 超過基本範圍，我們會先跟你說清楚
➤ 依實際試戴的度數調整，度數適合才重要
❤️我們比較在意的是
➤ 戴起來是不是舒服
➤ 鏡框跟臉型、生活習慣合不合
➤ 不是「流行」，而是「你會不會常戴」
➤ 眼鏡好戴，才會天天戴
第一次來也沒關係
看看、試試、聊聊就好
眼鏡這種東西，本來就不該有壓力😌",2025-12-19 12:53:00,"小小的眼鏡店
養了兩隻貓店長，一隻鏟屎人ʕ •ᴥ•ʔ
存活邁入第三年
經常性一人作業，如果有怠慢請見諒🥹
Map：台北市萬華區東園街123號",不該存在,business,
moojindian,目鏡店,"最近在threads上胡亂留言
被好多不認識我們的人看到🥹
想說做一個好懂的介紹給大家看
第一次來目鏡店🤓先看這篇就好
不管懂不懂眼鏡都沒關係，我們會一步一步陪你選
我們的配鏡方式很單純，沒有一堆方案要記——
先選鏡框喜不喜歡，再看度數需不需要調整。
🥸配鏡怎麼選？
➤ 現場鏡框都可以試戴、慢慢看
➤ 日常戴、上班戴、想輕一點或存在感強一點，都能聊
➤ 不趕時間、不強推，適合才配
👓基本配鏡方案（1580/1980/2580）
➤ 三個價位選擇，直接含鏡框＋抗藍光鏡片
➤ 一般近視、散光大多都適用
➤ 多數人不用再另外加錢
📍如果度數比較高呢？
➤ 超過基本範圍，我們會先跟你說清楚
➤ 依實際試戴的度數調整，度數適合才重要
❤️我們比較在意的是
➤ 戴起來是不是舒服
➤ 鏡框跟臉型、生活習慣合不合
➤ 不是「流行」，而是「你會不會常戴」
➤ 眼鏡好戴，才會天天戴
第一次來也沒關係
看看、試試、聊聊就好
眼鏡這種東西，本來就不該有壓力😌",2025-12-19 12:53:00,"小小的眼鏡店
養了兩隻貓店長，一隻鏟屎人ʕ •ᴥ•ʔ
存活邁入第三年
經常性一人作業，如果有怠慢請見諒🥹
Map：台北市萬華區東園街123號",不該存在,business,
moojindian,目鏡店,"最近在threads上胡亂留言
被好多不認識我們的人看到🥹
想說做一個好懂的介紹給大家看
第一次來目鏡店🤓先看這篇就好
不管懂不懂眼鏡都沒關係，我們會一步一步陪你選
我們的配鏡方式很單純，沒有一堆方案要記——
先選鏡框喜不喜歡，再看度數需不需要調整。
🥸配鏡怎麼選？
➤ 現場鏡框都可以試戴、慢慢看
➤ 日常戴、上班戴、想輕一點或存在感強一點，都能聊
➤ 不趕時間、不強推，適合才配
👓基本配鏡方案（1580/1980/2580）
➤ 三個價位選擇，直接含鏡框＋抗藍光鏡片
➤ 一般近視、散光大多都適用
➤ 多數人不用再另外加錢
📍如果度數比較高呢？
➤ 超過基本範圍，我們會先跟你說清楚
➤ 依實際試戴的度數調整，度數適合才重要
❤️我們比較在意的是
➤ 戴起來是不是舒服
➤ 鏡框跟臉型、生活習慣合不合
➤ 不是「流行」，而是「你會不會常戴」
➤ 眼鏡好戴，才會天天戴
第一次來也沒關係
看看、試試、聊聊就好
眼鏡這種東西，本來就不該有壓力😌",2025-12-19 12:53:00,"小小的眼鏡店
養了兩隻貓店長，一隻鏟屎人ʕ •ᴥ•ʔ
存活邁入第三年
經常性一人作業，如果有怠慢請見諒🥹
Map：台北市萬華區東園街123號",不該存在,business,
moojindian,目鏡店,"最近在threads上胡亂留言
被好多不認識我們的人看到🥹
想說做一個好懂的介紹給大家看
第一次來目鏡店🤓先看這篇就好
不管懂不懂眼鏡都沒關係，我們會一步一步陪你選
我們的配鏡方式很單純，沒有一堆方案要記——
先選鏡框喜不喜歡，再看度數需不需要調整。
🥸配鏡怎麼選？
➤ 現場鏡框都可以試戴、慢慢看
➤ 日常戴、上班戴、想輕一點或存在感強一點，都能聊
➤ 不趕時間、不強推，適合才配
👓基本配鏡方案（1580/1980/2580）
➤ 三個價位選擇，直接含鏡框＋抗藍光鏡片
➤ 一般近視、散光大多都適用
➤ 多數人不用再另外加錢
📍如果度數比較高呢？
➤ 超過基本範圍，我們會先跟你說清楚
➤ 依實際試戴的度數調整，度數適合才重要
❤️我們比較在意的是
➤ 戴起來是不是舒服
➤ 鏡框跟臉型、生活習慣合不合
➤ 不是「流行」，而是「你會不會常戴」
➤ 眼鏡好戴，才會天天戴
第一次來也沒關係
看看、試試、聊聊就好
眼鏡這種東西，本來就不該有壓力😌",2025-12-19 12:53:00,"小小的眼鏡店
養了兩隻貓店長，一隻鏟屎人ʕ •ᴥ•ʔ
存活邁入第三年
經常性一人作業，如果有怠慢請見諒🥹
Map：台北市萬華區東園街123號",不該存在,business,
moojindian,目鏡店,"最近在threads上胡亂留言
被好多不認識我們的人看到🥹
想說做一個好懂的介紹給大家看
第一次來目鏡店🤓先看這篇就好
不管懂不懂眼鏡都沒關係，我們會一步一步陪你選
我們的配鏡方式很單純，沒有一堆方案要記——
先選鏡框喜不喜歡，再看度數需不需要調整。
🥸配鏡怎麼選？
➤ 現場鏡框都可以試戴、慢慢看
➤ 日常戴、上班戴、想輕一點或存在感強一點，都能聊
➤ 不趕時間、不強推，適合才配
👓基本配鏡方案（1580/1980/2580）
➤ 三個價位選擇，直接含鏡框＋抗藍光鏡片
➤ 一般近視、散光大多都適用
➤ 多數人不用再另外加錢
📍如果度數比較高呢？
➤ 超過基本範圍，我們會先跟你說清楚
➤ 依實際試戴的度數調整，度數適合才重要
❤️我們比較在意的是
➤ 戴起來是不是舒服
➤ 鏡框跟臉型、生活習慣合不合
➤ 不是「流行」，而是「你會不會常戴」
➤ 眼鏡好戴，才會天天戴
第一次來也沒關係
看看、試試、聊聊就好
眼鏡這種東西，本來就不該有壓力😌",2025-12-19 12:53:00,"小小的眼鏡店
養了兩隻貓店長，一隻鏟屎人ʕ •ᴥ•ʔ
存活邁入第三年
經常性一人作業，如果有怠慢請見諒🥹
Map：台北市萬華區東園街123號",不該存在,business,
moojindian,目鏡店,"最近在threads上胡亂留言
被好多不認識我們的人看到🥹
想說做一個好懂的介紹給大家看
第一次來目鏡店🤓先看這篇就好
不管懂不懂眼鏡都沒關係，我們會一步一步陪你選
我們的配鏡方式很單純，沒有一堆方案要記——
先選鏡框喜不喜歡，再看度數需不需要調整。
🥸配鏡怎麼選？
➤ 現場鏡框都可以試戴、慢慢看
➤ 日常戴、上班戴、想輕一點或存在感強一點，都能聊
➤ 不趕時間、不強推，適合才配
👓基本配鏡方案（1580/1980/2580）
➤ 三個價位選擇，直接含鏡框＋抗藍光鏡片
➤ 一般近視、散光大多都適用
➤ 多數人不用再另外加錢
📍如果度數比較高呢？
➤ 超過基本範圍，我們會先跟你說清楚
➤ 依實際試戴的度數調整，度數適合才重要
❤️我們比較在意的是
➤ 戴起來是不是舒服
➤ 鏡框跟臉型、生活習慣合不合
➤ 不是「流行」，而是「你會不會常戴」
➤ 眼鏡好戴，才會天天戴
第一次來也沒關係
看看、試試、聊聊就好
眼鏡這種東西，本來就不該有壓力😌",2025-12-19 12:53:00,"小小的眼鏡店
養了兩隻貓店長，一隻鏟屎人ʕ •ᴥ•ʔ
存活邁入第三年
經常性一人作業，如果有怠慢請見諒🥹
Map：台北市萬華區東園街123號",不該存在,business,
moojindian,目鏡店,"最近在threads上胡亂留言
被好多不認識我們的人看到🥹
想說做一個好懂的介紹給大家看
第一次來目鏡店🤓先看這篇就好
不管懂不懂眼鏡都沒關係，我們會一步一步陪你選
我們的配鏡方式很單純，沒有一堆方案要記——
先選鏡框喜不喜歡，再看度數需不需要調整。
🥸配鏡怎麼選？
➤ 現場鏡框都可以試戴、慢慢看
➤ 日常戴、上班戴、想輕一點或存在感強一點，都能聊
➤ 不趕時間、不強推，適合才配
👓基本配鏡方案（1580/1980/2580）
➤ 三個價位選擇，直接含鏡框＋抗藍光鏡片
➤ 一般近視、散光大多都適用
➤ 多數人不用再另外加錢
📍如果度數比較高呢？
➤ 超過基本範圍，我們會先跟你說清楚
➤ 依實際試戴的度數調整，度數適合才重要
❤️我們比較在意的是
➤ 戴起來是不是舒服
➤ 鏡框跟臉型、生活習慣合不合
➤ 不是「流行」，而是「你會不會常戴」
➤ 眼鏡好戴，才會天天戴
第一次來也沒關係
看看、試試、聊聊就好
眼鏡這種東西，本來就不該有壓力😌",2025-12-19 12:53:00,"小小的眼鏡店
養了兩隻貓店長，一隻鏟屎人ʕ •ᴥ•ʔ
存活邁入第三年
經常性一人作業，如果有怠慢請見諒🥹
Map：台北市萬華區東園街123號",不該存在,business,
moojindian,目鏡店,"最近在threads上胡亂留言
被好多不認識我們的人看到🥹
想說做一個好懂的介紹給大家看
第一次來目鏡店🤓先看這篇就好
不管懂不懂眼鏡都沒關係，我們會一步一步陪你選
我們的配鏡方式很單純，沒有一堆方案要記——
先選鏡框喜不喜歡，再看度數需不需要調整。
🥸配鏡怎麼選？
➤ 現場鏡框都可以試戴、慢慢看
➤ 日常戴、上班戴、想輕一點或存在感強一點，都能聊
➤ 不趕時間、不強推，適合才配
👓基本配鏡方案（1580/1980/2580）
➤ 三個價位選擇，直接含鏡框＋抗藍光鏡片
➤ 一般近視、散光大多都適用
➤ 多數人不用再另外加錢
📍如果度數比較高呢？
➤ 超過基本範圍，我們會先跟你說清楚
➤ 依實際試戴的度數調整，度數適合才重要
❤️我們比較在意的是
➤ 戴起來是不是舒服
➤ 鏡框跟臉型、生活習慣合不合
➤ 不是「流行」，而是「你會不會常戴」
➤ 眼鏡好戴，才會天天戴
第一次來也沒關係
看看、試試、聊聊就好
眼鏡這種東西，本來就不該有壓力😌",2025-12-19 12:53:00,"小小的眼鏡店
養了兩隻貓店長，一隻鏟屎人ʕ •ᴥ•ʔ
存活邁入第三年
經常性一人作業，如果有怠慢請見諒🥹
Map：台北市萬華區東園街123號",不該存在,business,
moojindian,目鏡店,"最近在threads上胡亂留言
被好多不認識我們的人看到🥹
想說做一個好懂的介紹給大家看
第一次來目鏡店🤓先看這篇就好
不管懂不懂眼鏡都沒關係，我們會一步一步陪你選
我們的配鏡方式很單純，沒有一堆方案要記——
先選鏡框喜不喜歡，再看度數需不需要調整。
🥸配鏡怎麼選？
➤ 現場鏡框都可以試戴、慢慢看
➤ 日常戴、上班戴、想輕一點或存在感強一點，都能聊
➤ 不趕時間、不強推，適合才配
👓基本配鏡方案（1580/1980/2580）
➤ 三個價位選擇，直接含鏡框＋抗藍光鏡片
➤ 一般近視、散光大多都適用
➤ 多數人不用再另外加錢
📍如果度數比較高呢？
➤ 超過基本範圍，我們會先跟你說清楚
➤ 依實際試戴的度數調整，度數適合才重要
❤️我們比較在意的是
➤ 戴起來是不是舒服
➤ 鏡框跟臉型、生活習慣合不合
➤ 不是「流行」，而是「你會不會常戴」
➤ 眼鏡好戴，才會天天戴
第一次來也沒關係
看看、試試、聊聊就好
眼鏡這種東西，本來就不該有壓力😌",2025-12-19 12:53:00,"小小的眼鏡店
養了兩隻貓店長，一隻鏟屎人ʕ •ᴥ•ʔ
存活邁入第三年
經常性一人作業，如果有怠慢請見諒🥹
Map：台北市萬華區東園街123號",不該存在,business,
moojindian,目鏡店,"最近在threads上胡亂留言
被好多不認識我們的人看到🥹
想說做一個好懂的介紹給大家看
第一次來目鏡店🤓先看這篇就好
不管懂不懂眼鏡都沒關係，我們會一步一步陪你選
我們的配鏡方式很單純，沒有一堆方案要記——
先選鏡框喜不喜歡，再看度數需不需要調整。
🥸配鏡怎麼選？
➤ 現場鏡框都可以試戴、慢慢看
➤ 日常戴、上班戴、想輕一點或存在感強一點，都能聊
➤ 不趕時間、不強推，適合才配
👓基本配鏡方案（1580/1980/2580）
➤ 三個價位選擇，直接含鏡框＋抗藍光鏡片
➤ 一般近視、散光大多都適用
➤ 多數人不用再另外加錢
📍如果度數比較高呢？
➤ 超過基本範圍，我們會先跟你說清楚
➤ 依實際試戴的度數調整，度數適合才重要
❤️我們比較在意的是
➤ 戴起來是不是舒服
➤ 鏡框跟臉型、生活習慣合不合
➤ 不是「流行」，而是「你會不會常戴」
➤ 眼鏡好戴，才會天天戴
第一次來也沒關係
看看、試試、聊聊就好
眼鏡這種東西，本來就不該有壓力😌",2025-12-19 12:53:00,"小小的眼鏡店
養了兩隻貓店長，一隻鏟屎人ʕ •ᴥ•ʔ
存活邁入第三年
經常性一人作業，如果有怠慢請見諒🥹
Map：台北市萬華區東園街123號",不該存在,business,
wjun.1,Jun,"國民黨真的不該存在！可惡至極！現在還連合民眾黨一起變紅！快消失！兩爛黨！
台灣🇹🇼才能是完全正常的國家🇹🇼",2026-03-02 19:47:00,台灣🇹🇼捻花惹草 洗手做羹湯 台灣🇹🇼,不該存在,pass,
wjun.1,Jun,"2026/2/18 大年初二 的這場火災 真的嚇的腿軟！晚飯吃到一半逃命似的衝出家裡‼️這場大火燒出了多少公安問題‼️
我們住附近的居民要問：在台南市區有多少像這樣的流當車場‼️居民的生命保障在哪裡？有人住在這附近嗎？有人會焦慮嗎？翠上的大家可否說說內心的擔憂與焦慮！好想知道大家的反應‼️",2026-02-27 10:17:00,台灣🇹🇼捻花惹草 洗手做羹湯 台灣🇹🇼,不該存在,pass,
wjun.1,Jun,"新年快樂大家🎉🎉🎉希望2026的大家一起平安順遂❤️平安健康❤️平安喜樂❤️
平安幸福 ❤️❤️❤️感恩所有美好的一切感謝🙏祖先的保佑🙏❤️好運連連❤️❤️❤️",2026-02-19 23:44:00,台灣🇹🇼捻花惹草 洗手做羹湯 台灣🇹🇼,不該存在,pass,
wjun.1,Jun,"國民黨真的不該存在！可惡至極！現在還連合民眾黨一起變紅！快消失！兩爛黨！
台灣🇹🇼才能是完全正常的國家🇹🇼",2026-03-02 19:47:00,台灣🇹🇼捻花惹草 洗手做羹湯 台灣🇹🇼,不該存在,pass,
wjun.1,Jun,"2026/2/18 大年初二 的這場火災 真的嚇的腿軟！晚飯吃到一半逃命似的衝出家裡‼️這場大火燒出了多少公安問題‼️
我們住附近的居民要問：在台南市區有多少像這樣的流當車場‼️居民的生命保障在哪裡？有人住在這附近嗎？有人會焦慮嗎？翠上的大家可否說說內心的擔憂與焦慮！好想知道大家的反應‼️",2026-02-27 10:17:00,台灣🇹🇼捻花惹草 洗手做羹湯 台灣🇹🇼,不該存在,pass,
wjun.1,Jun,"新年快樂大家🎉🎉🎉希望2026的大家一起平安順遂❤️平安健康❤️平安喜樂❤️
平安幸福 ❤️❤️❤️感恩所有美好的一切感謝🙏祖先的保佑🙏❤️好運連連❤️❤️❤️",2026-02-19 23:44:00,台灣🇹🇼捻花惹草 洗手做羹湯 台灣🇹🇼,不該存在,pass,
wjun.1,Jun,"國民黨真的不該存在！可惡至極！現在還連合民眾黨一起變紅！快消失！兩爛黨！
台灣🇹🇼才能是完全正常的國家🇹🇼",2026-03-02 19:47:00,台灣🇹🇼捻花惹草 洗手做羹湯 台灣🇹🇼,不該存在,pass,
wjun.1,Jun,"2026/2/18 大年初二 的這場火災 真的嚇的腿軟！晚飯吃到一半逃命似的衝出家裡‼️這場大火燒出了多少公安問題‼️
我們住附近的居民要問：在台南市區有多少像這樣的流當車場‼️居民的生命保障在哪裡？有人住在這附近嗎？有人會焦慮嗎？翠上的大家可否說說內心的擔憂與焦慮！好想知道大家的反應‼️",2026-02-27 10:17:00,台灣🇹🇼捻花惹草 洗手做羹湯 台灣🇹🇼,不該存在,pass,
wjun.1,Jun,"新年快樂大家🎉🎉🎉希望2026的大家一起平安順遂❤️平安健康❤️平安喜樂❤️
平安幸福 ❤️❤️❤️感恩所有美好的一切感謝🙏祖先的保佑🙏❤️好運連連❤️❤️❤️",2026-02-19 23:44:00,台灣🇹🇼捻花惹草 洗手做羹湯 台灣🇹🇼,不該存在,pass,
wjun.1,Jun,"國民黨真的不該存在！可惡至極！現在還連合民眾黨一起變紅！快消失！兩爛黨！
台灣🇹🇼才能是完全正常的國家🇹🇼",2026-03-02 19:47:00,台灣🇹🇼捻花惹草 洗手做羹湯 台灣🇹🇼,不該存在,pass,
wjun.1,Jun,"2026/2/18 大年初二 的這場火災 真的嚇的腿軟！晚飯吃到一半逃命似的衝出家裡‼️這場大火燒出了多少公安問題‼️
我們住附近的居民要問：在台南市區有多少像這樣的流當車場‼️居民的生命保障在哪裡？有人住在這附近嗎？有人會焦慮嗎？翠上的大家可否說說內心的擔憂與焦慮！好想知道大家的反應‼️",2026-02-27 10:17:00,台灣🇹🇼捻花惹草 洗手做羹湯 台灣🇹🇼,不該存在,pass,
wjun.1,Jun,"新年快樂大家🎉🎉🎉希望2026的大家一起平安順遂❤️平安健康❤️平安喜樂❤️
平安幸福 ❤️❤️❤️感恩所有美好的一切感謝🙏祖先的保佑🙏❤️好運連連❤️❤️❤️",2026-02-19 23:44:00,台灣🇹🇼捻花惹草 洗手做羹湯 台灣🇹🇼,不該存在,pass,
wjun.1,Jun,"國民黨真的不該存在！可惡至極！現在還連合民眾黨一起變紅！快消失！兩爛黨！
台灣🇹🇼才能是完全正常的國家🇹🇼",2026-03-02 19:47:00,台灣🇹🇼捻花惹草 洗手做羹湯 台灣🇹🇼,不該存在,pass,
wjun.1,Jun,"2026/2/18 大年初二 的這場火災 真的嚇的腿軟！晚飯吃到一半逃命似的衝出家裡‼️這場大火燒出了多少公安問題‼️
我們住附近的居民要問：在台南市區有多少像這樣的流當車場‼️居民的生命保障在哪裡？有人住在這附近嗎？有人會焦慮嗎？翠上的大家可否說說內心的擔憂與焦慮！好想知道大家的反應‼️",2026-02-27 10:17:00,台灣🇹🇼捻花惹草 洗手做羹湯 台灣🇹🇼,不該存在,pass,
wjun.1,Jun,"新年快樂大家🎉🎉🎉希望2026的大家一起平安順遂❤️平安健康❤️平安喜樂❤️
平安幸福 ❤️❤️❤️感恩所有美好的一切感謝🙏祖先的保佑🙏❤️好運連連❤️❤️❤️",2026-02-19 23:44:00,台灣🇹🇼捻花惹草 洗手做羹湯 台灣🇹🇼,不該存在,pass,
wjun.1,Jun,"國民黨真的不該存在！可惡至極！現在還連合民眾黨一起變紅！快消失！兩爛黨！
台灣🇹🇼才能是完全正常的國家🇹🇼",2026-03-02 19:47:00,台灣🇹🇼捻花惹草 洗手做羹湯 台灣🇹🇼,不該存在,pass,
wjun.1,Jun,"2026/2/18 大年初二 的這場火災 真的嚇的腿軟！晚飯吃到一半逃命似的衝出家裡‼️這場大火燒出了多少公安問題‼️
我們住附近的居民要問：在台南市區有多少像這樣的流當車場‼️居民的生命保障在哪裡？有人住在這附近嗎？有人會焦慮嗎？翠上的大家可否說說內心的擔憂與焦慮！好想知道大家的反應‼️",2026-02-27 10:17:00,台灣🇹🇼捻花惹草 洗手做羹湯 台灣🇹🇼,不該存在,pass,
wjun.1,Jun,"新年快樂大家🎉🎉🎉希望2026的大家一起平安順遂❤️平安健康❤️平安喜樂❤️
平安幸福 ❤️❤️❤️感恩所有美好的一切感謝🙏祖先的保佑🙏❤️好運連連❤️❤️❤️",2026-02-19 23:44:00,台灣🇹🇼捻花惹草 洗手做羹湯 台灣🇹🇼,不該存在,pass,
wjun.1,Jun,"國民黨真的不該存在！可惡至極！現在還連合民眾黨一起變紅！快消失！兩爛黨！
台灣🇹🇼才能是完全正常的國家🇹🇼",2026-03-02 19:47:00,台灣🇹🇼捻花惹草 洗手做羹湯 台灣🇹🇼,不該存在,pass,
wjun.1,Jun,"2026/2/18 大年初二 的這場火災 真的嚇的腿軟！晚飯吃到一半逃命似的衝出家裡‼️這場大火燒出了多少公安問題‼️
我們住附近的居民要問：在台南市區有多少像這樣的流當車場‼️居民的生命保障在哪裡？有人住在這附近嗎？有人會焦慮嗎？翠上的大家可否說說內心的擔憂與焦慮！好想知道大家的反應‼️",2026-02-27 10:17:00,台灣🇹🇼捻花惹草 洗手做羹湯 台灣🇹🇼,不該存在,pass,
wjun.1,Jun,"新年快樂大家🎉🎉🎉希望2026的大家一起平安順遂❤️平安健康❤️平安喜樂❤️
平安幸福 ❤️❤️❤️感恩所有美好的一切感謝🙏祖先的保佑🙏❤️好運連連❤️❤️❤️",2026-02-19 23:44:00,台灣🇹🇼捻花惹草 洗手做羹湯 台灣🇹🇼,不該存在,pass,
wjun.1,Jun,"國民黨真的不該存在！可惡至極！現在還連合民眾黨一起變紅！快消失！兩爛黨！
台灣🇹🇼才能是完全正常的國家🇹🇼",2026-03-02 19:47:00,台灣🇹🇼捻花惹草 洗手做羹湯 台灣🇹🇼,不該存在,pass,
wjun.1,Jun,"2026/2/18 大年初二 的這場火災 真的嚇的腿軟！晚飯吃到一半逃命似的衝出家裡‼️這場大火燒出了多少公安問題‼️
我們住附近的居民要問：在台南市區有多少像這樣的流當車場‼️居民的生命保障在哪裡？有人住在這附近嗎？有人會焦慮嗎？翠上的大家可否說說內心的擔憂與焦慮！好想知道大家的反應‼️",2026-02-27 10:17:00,台灣🇹🇼捻花惹草 洗手做羹湯 台灣🇹🇼,不該存在,pass,
wjun.1,Jun,"新年快樂大家🎉🎉🎉希望2026的大家一起平安順遂❤️平安健康❤️平安喜樂❤️
平安幸福 ❤️❤️❤️感恩所有美好的一切感謝🙏祖先的保佑🙏❤️好運連連❤️❤️❤️",2026-02-19 23:44:00,台灣🇹🇼捻花惹草 洗手做羹湯 台灣🇹🇼,不該存在,pass,
wjun.1,Jun,"國民黨真的不該存在！可惡至極！現在還連合民眾黨一起變紅！快消失！兩爛黨！
台灣🇹🇼才能是完全正常的國家🇹🇼",2026-03-02 19:47:00,台灣🇹🇼捻花惹草 洗手做羹湯 台灣🇹🇼,不該存在,pass,
wjun.1,Jun,"2026/2/18 大年初二 的這場火災 真的嚇的腿軟！晚飯吃到一半逃命似的衝出家裡‼️這場大火燒出了多少公安問題‼️
我們住附近的居民要問：在台南市區有多少像這樣的流當車場‼️居民的生命保障在哪裡？有人住在這附近嗎？有人會焦慮嗎？翠上的大家可否說說內心的擔憂與焦慮！好想知道大家的反應‼️",2026-02-27 10:17:00,台灣🇹🇼捻花惹草 洗手做羹湯 台灣🇹🇼,不該存在,pass,
wjun.1,Jun,"新年快樂大家🎉🎉🎉希望2026的大家一起平安順遂❤️平安健康❤️平安喜樂❤️
平安幸福 ❤️❤️❤️感恩所有美好的一切感謝🙏祖先的保佑🙏❤️好運連連❤️❤️❤️",2026-02-19 23:44:00,台灣🇹🇼捻花惹草 洗手做羹湯 台灣🇹🇼,不該存在,pass,
wjun.1,Jun,"國民黨真的不該存在！可惡至極！現在還連合民眾黨一起變紅！快消失！兩爛黨！
台灣🇹🇼才能是完全正常的國家🇹🇼",2026-03-02 19:47:00,台灣🇹🇼捻花惹草 洗手做羹湯 台灣🇹🇼,不該存在,pass,
wjun.1,Jun,"2026/2/18 大年初二 的這場火災 真的嚇的腿軟！晚飯吃到一半逃命似的衝出家裡‼️這場大火燒出了多少公安問題‼️
我們住附近的居民要問：在台南市區有多少像這樣的流當車場‼️居民的生命保障在哪裡？有人住在這附近嗎？有人會焦慮嗎？翠上的大家可否說說內心的擔憂與焦慮！好想知道大家的反應‼️",2026-02-27 10:17:00,台灣🇹🇼捻花惹草 洗手做羹湯 台灣🇹🇼,不該存在,pass,
wjun.1,Jun,"新年快樂大家🎉🎉🎉希望2026的大家一起平安順遂❤️平安健康❤️平安喜樂❤️
平安幸福 ❤️❤️❤️感恩所有美好的一切感謝🙏祖先的保佑🙏❤️好運連連❤️❤️❤️",2026-02-19 23:44:00,台灣🇹🇼捻花惹草 洗手做羹湯 台灣🇹🇼,不該存在,pass,
8cunzy,8cunzy,"上禮拜四
我問精神科醫生
「活著的意義是什麼」
他跟我說了很多很多
但我只記得一句
那就是
「不要為了去尋找活著的意義是什麼而活著」",2024-06-24 18:24:00,"希望你能天天開心！
:
你真的很棒很棒。",沒意義,non_life,
8cunzy,8cunzy,"上禮拜四
我問精神科醫生
「活著的意義是什麼」
他跟我說了很多很多
但我只記得一句
那就是
「不要為了去尋找活著的意義是什麼而活著」",2024-06-24 18:24:00,"希望你能天天開心！
:
你真的很棒很棒。",沒意義,non_life,
8cunzy,8cunzy,"上禮拜四
我問精神科醫生
「活著的意義是什麼」
他跟我說了很多很多
但我只記得一句
那就是
「不要為了去尋找活著的意義是什麼而活著」",2024-06-24 18:24:00,"希望你能天天開心！
:
你真的很棒很棒。",沒意義,non_life,
8cunzy,8cunzy,"上禮拜四
我問精神科醫生
「活著的意義是什麼」
他跟我說了很多很多
但我只記得一句
那就是
「不要為了去尋找活著的意義是什麼而活著」",2024-06-24 18:24:00,"希望你能天天開心！
:
你真的很棒很棒。",沒意義,non_life,
8cunzy,8cunzy,"上禮拜四
我問精神科醫生
「活著的意義是什麼」
他跟我說了很多很多
但我只記得一句
那就是
「不要為了去尋找活著的意義是什麼而活著」",2024-06-24 18:24:00,"希望你能天天開心！
:
你真的很棒很棒。",沒意義,non_life,
8cunzy,8cunzy,"上禮拜四
我問精神科醫生
「活著的意義是什麼」
他跟我說了很多很多
但我只記得一句
那就是
「不要為了去尋找活著的意義是什麼而活著」",2024-06-24 18:24:00,"希望你能天天開心！
:
你真的很棒很棒。",沒意義,non_life,
8cunzy,8cunzy,"上禮拜四
我問精神科醫生
「活著的意義是什麼」
他跟我說了很多很多
但我只記得一句
那就是
「不要為了去尋找活著的意義是什麼而活著」",2024-06-24 18:24:00,"希望你能天天開心！
:
你真的很棒很棒。",沒意義,non_life,
8cunzy,8cunzy,"上禮拜四
我問精神科醫生
「活著的意義是什麼」
他跟我說了很多很多
但我只記得一句
那就是
「不要為了去尋找活著的意義是什麼而活著」",2024-06-24 18:24:00,"希望你能天天開心！
:
你真的很棒很棒。",沒意義,non_life,
8cunzy,8cunzy,"上禮拜四
我問精神科醫生
「活著的意義是什麼」
他跟我說了很多很多
但我只記得一句
那就是
「不要為了去尋找活著的意義是什麼而活著」",2024-06-24 18:24:00,"希望你能天天開心！
:
你真的很棒很棒。",沒意義,non_life,
8cunzy,8cunzy,"上禮拜四
我問精神科醫生
「活著的意義是什麼」
他跟我說了很多很多
但我只記得一句
那就是
「不要為了去尋找活著的意義是什麼而活著」",2024-06-24 18:24:00,"希望你能天天開心！
:
你真的很棒很棒。",沒意義,non_life,
xhiiovo,xhiiovo,是不是死了就沒那麼多痛苦了,2026-01-23 22:10:00,天凉了 雨下了 你走了,沒意義,pass,
xhiiovo,xhiiovo,是不是死了就沒那麼多痛苦了,2026-01-23 22:10:00,天凉了 雨下了 你走了,沒意義,pass,
xhiiovo,xhiiovo,是不是死了就沒那麼多痛苦了,2026-01-23 22:10:00,天凉了 雨下了 你走了,沒意義,pass,
xhiiovo,xhiiovo,是不是死了就沒那麼多痛苦了,2026-01-23 22:10:00,天凉了 雨下了 你走了,沒意義,pass,
xhiiovo,xhiiovo,是不是死了就沒那麼多痛苦了,2026-01-23 22:10:00,天凉了 雨下了 你走了,沒意義,pass,
xhiiovo,xhiiovo,是不是死了就沒那麼多痛苦了,2026-01-23 22:10:00,天凉了 雨下了 你走了,沒意義,pass,
xhiiovo,xhiiovo,是不是死了就沒那麼多痛苦了,2026-01-23 22:10:00,天凉了 雨下了 你走了,沒意義,pass,
xhiiovo,xhiiovo,是不是死了就沒那麼多痛苦了,2026-01-23 22:10:00,天凉了 雨下了 你走了,沒意義,pass,
xhiiovo,xhiiovo,是不是死了就沒那麼多痛苦了,2026-01-23 22:10:00,天凉了 雨下了 你走了,沒意義,pass,
xhiiovo,xhiiovo,是不是死了就沒那麼多痛苦了,2026-01-23 22:10:00,天凉了 雨下了 你走了,沒意義,pass,
tyng_chang,tyng_chang,"是痛苦嗎
是孤單嗎
是後悔嗎
是失落嗎
我想了好久
找不到一個詞彙形容現在的感覺",2026-02-28 16:15:00,"有一點焦慮
但我喜歡我的焦慮",失落,pass,
tyng_chang,tyng_chang,"真的體會到
在一起前跟遊民一樣有空每天跟你談情說愛
在一起後整個聯合國都跟他管的一樣
媽的",2026-02-21 22:39:00,"有一點焦慮
但我喜歡我的焦慮",失落,pass,
tyng_chang,tyng_chang,"是痛苦嗎
是孤單嗎
是後悔嗎
是失落嗎
我想了好久
找不到一個詞彙形容現在的感覺",2026-02-28 16:15:00,"有一點焦慮
但我喜歡我的焦慮",失落,pass,
tyng_chang,tyng_chang,"真的體會到
在一起前跟遊民一樣有空每天跟你談情說愛
在一起後整個聯合國都跟他管的一樣
媽的",2026-02-21 22:39:00,"有一點焦慮
但我喜歡我的焦慮",失落,pass,
tyng_chang,tyng_chang,"是痛苦嗎
是孤單嗎
是後悔嗎
是失落嗎
我想了好久
找不到一個詞彙形容現在的感覺",2026-02-28 16:15:00,"有一點焦慮
但我喜歡我的焦慮",失落,pass,
tyng_chang,tyng_chang,"真的體會到
在一起前跟遊民一樣有空每天跟你談情說愛
在一起後整個聯合國都跟他管的一樣
媽的",2026-02-21 22:39:00,"有一點焦慮
但我喜歡我的焦慮",失落,pass,
tyng_chang,tyng_chang,"是痛苦嗎
是孤單嗎
是後悔嗎
是失落嗎
我想了好久
找不到一個詞彙形容現在的感覺",2026-02-28 16:15:00,"有一點焦慮
但我喜歡我的焦慮",失落,pass,
tyng_chang,tyng_chang,"真的體會到
在一起前跟遊民一樣有空每天跟你談情說愛
在一起後整個聯合國都跟他管的一樣
媽的",2026-02-21 22:39:00,"有一點焦慮
但我喜歡我的焦慮",失落,pass,
tyng_chang,tyng_chang,"是痛苦嗎
是孤單嗎
是後悔嗎
是失落嗎
我想了好久
找不到一個詞彙形容現在的感覺",2026-02-28 16:15:00,"有一點焦慮
但我喜歡我的焦慮",失落,pass,
tyng_chang,tyng_chang,"真的體會到
在一起前跟遊民一樣有空每天跟你談情說愛
在一起後整個聯合國都跟他管的一樣
媽的",2026-02-21 22:39:00,"有一點焦慮
但我喜歡我的焦慮",失落,pass,
tyng_chang,tyng_chang,"是痛苦嗎
是孤單嗎
是後悔嗎
是失落嗎
我想了好久
找不到一個詞彙形容現在的感覺",2026-02-28 16:15:00,"有一點焦慮
但我喜歡我的焦慮",失落,pass,
tyng_chang,tyng_chang,"真的體會到
在一起前跟遊民一樣有空每天跟你談情說愛
在一起後整個聯合國都跟他管的一樣
媽的",2026-02-21 22:39:00,"有一點焦慮
但我喜歡我的焦慮",失落,pass,
tyng_chang,tyng_chang,"是痛苦嗎
是孤單嗎
是後悔嗎
是失落嗎
我想了好久
找不到一個詞彙形容現在的感覺",2026-02-28 16:15:00,"有一點焦慮
但我喜歡我的焦慮",失落,pass,
tyng_chang,tyng_chang,"真的體會到
在一起前跟遊民一樣有空每天跟你談情說愛
在一起後整個聯合國都跟他管的一樣
媽的",2026-02-21 22:39:00,"有一點焦慮
但我喜歡我的焦慮",失落,pass,
tyng_chang,tyng_chang,"是痛苦嗎
是孤單嗎
是後悔嗎
是失落嗎
我想了好久
找不到一個詞彙形容現在的感覺",2026-02-28 16:15:00,"有一點焦慮
但我喜歡我的焦慮",失落,pass,
tyng_chang,tyng_chang,"真的體會到
在一起前跟遊民一樣有空每天跟你談情說愛
在一起後整個聯合國都跟他管的一樣
媽的",2026-02-21 22:39:00,"有一點焦慮
但我喜歡我的焦慮",失落,pass,
tyng_chang,tyng_chang,"是痛苦嗎
是孤單嗎
是後悔嗎
是失落嗎
我想了好久
找不到一個詞彙形容現在的感覺",2026-02-28 16:15:00,"有一點焦慮
但我喜歡我的焦慮",失落,pass,
tyng_chang,tyng_chang,"真的體會到
在一起前跟遊民一樣有空每天跟你談情說愛
在一起後整個聯合國都跟他管的一樣
媽的",2026-02-21 22:39:00,"有一點焦慮
但我喜歡我的焦慮",失落,pass,
tyng_chang,tyng_chang,"是痛苦嗎
是孤單嗎
是後悔嗎
是失落嗎
我想了好久
找不到一個詞彙形容現在的感覺",2026-02-28 16:15:00,"有一點焦慮
但我喜歡我的焦慮",失落,pass,
tyng_chang,tyng_chang,"真的體會到
在一起前跟遊民一樣有空每天跟你談情說愛
在一起後整個聯合國都跟他管的一樣
媽的",2026-02-21 22:39:00,"有一點焦慮
但我喜歡我的焦慮",失落,pass,
eos.pro,Etched On Stage Production Limited,"致各位親愛的觀眾們：
我們非常遺憾地宣布，原定參與本次音樂會V家鑄台絶唱III（3月18~19日）的表演嘉賓nayuta因各方面的準備及日程上的判斷，決定取消今次參演。這對我們團隊來說是個沉重的消息，我們深知各位期待了這場音樂會已久。作為主辦方，我們完全理解各位的失望與失落，我們自己也同樣感到無比惋惜，畢竟我們花費了大量心血籌備這一切，只為給大家帶來難忘的體驗，卻無法如願實現。
作爲補償，目前我們正洽談另一位日本方表演嘉賓替補上陣，務求演出的歌曲清單能維持不變，令音樂會得以維持高水準帶給觀衆，讓大家依然能享受到VOCALOID的音樂。
基於表演嘉賓作出重大更改，我們將會安排退票方案予受影響觀衆，詳細安排將於稍後公布，請密切留意我們的更新。
感謝大家的支持與理解，我們會盡全力讓這場音樂會成為美好的回憶。
#v家鑄台絕唱iii #vocaloid",2026-03-02 20:30:00,"Vocaloid Essentials on Stage III 
V家鑄台絕唱 III 
即日起於城市售票網有售，請見以下連結",失落,business,
eos.pro,Etched On Stage Production Limited,"🎼#v家鑄台絕唱iii🎻
nayuta 也已經為我們錄製了參加今次表演的感想~
我們也快來看看他的感想吧！
🎫 特設 VIP 套票 🎫
讓你在最佳位置欣賞表演外，更可於演出後參與專屬歌手簽名見面會及獲得VIP專屬紀念品套裝！
📸 每場限量 84 套，售完即止，萬勿錯過！🔥
🎟️突破現實x二次元界限旅程的門票現正發售！
敬請把握機會、從速購票！屆時帶同你的Penlight應援、全心感受VOCALOID名曲、一眾知名唱見和管弦樂團為你帶來的精彩表演。
*兩日演出嘉賓/歌單也皆相同
*門票即日起在urbtix城市售票網公開發售
urbtix.hk/event…
2026年3月18-19日（星期三/四）
伊利沙伯體育館
票區：VIP-A區 | B區 | C區 | D區 | E區 
正價：$1980| $1280 | $980 | $780 | $580 
優惠*：VIP不適用 | $1024 | $784 | $624 | $464
*優惠票資格：全日制學生/殘疾人士及看護人/60歲以上的高齡人士/綜援受惠人士。",2026-02-27 22:44:00,"Vocaloid Essentials on Stage III 
V家鑄台絕唱 III 
即日起於城市售票網有售，請見以下連結",失落,business,
eos.pro,Etched On Stage Production Limited,"🎼#V家鑄台絕唱III🎻
杏仁ミル也為了今次表演錄了一段感想給各位Fans~
我們來看看杏仁ミル有什麼想要和各位粉絲說說吧。
🎫 特設 VIP 套票 🎫
讓你在最佳位置欣賞表演外，更可於演出後參與專屬歌手簽名見面會及獲得VIP專屬紀念品套裝！
📸 每場限量 84 套，售完即止，萬勿錯過！🔥
*敬請留意KizunaAI不會參加專屬歌手簽名見面會員
🎟️突破現實x二次元界限旅程的門票現正發售！
敬請把握機會、從速購票！屆時帶同你的Penlight應援、全心感受VOCALOID名曲、一眾知名唱見和管弦樂團為你帶來的精彩表演。
*兩日演出嘉賓/歌單也皆相同
*門票即日起在urbtix城市售票網公開發售
urbtix.hk/event…
2026年3月18-19日（星期三/四）
伊利沙伯體育館表演場
票區：VIP-A區 | B區 | C區 | D區 | E區 
正價：$1980| $1280 | $980 | $780 | $580 
優惠*：VIP不適用 | $1024 | $784 | $624 | $464",2026-02-26 18:47:00,"Vocaloid Essentials on Stage III 
V家鑄台絕唱 III 
即日起於城市售票網有售，請見以下連結",失落,business,
eos.pro,Etched On Stage Production Limited,"致各位親愛的觀眾們：
我們非常遺憾地宣布，原定參與本次音樂會V家鑄台絶唱III（3月18~19日）的表演嘉賓nayuta因各方面的準備及日程上的判斷，決定取消今次參演。這對我們團隊來說是個沉重的消息，我們深知各位期待了這場音樂會已久。作為主辦方，我們完全理解各位的失望與失落，我們自己也同樣感到無比惋惜，畢竟我們花費了大量心血籌備這一切，只為給大家帶來難忘的體驗，卻無法如願實現。
作爲補償，目前我們正洽談另一位日本方表演嘉賓替補上陣，務求演出的歌曲清單能維持不變，令音樂會得以維持高水準帶給觀衆，讓大家依然能享受到VOCALOID的音樂。
基於表演嘉賓作出重大更改，我們將會安排退票方案予受影響觀衆，詳細安排將於稍後公布，請密切留意我們的更新。
感謝大家的支持與理解，我們會盡全力讓這場音樂會成為美好的回憶。
#v家鑄台絕唱iii #vocaloid",2026-03-02 20:30:00,"Vocaloid Essentials on Stage III 
V家鑄台絕唱 III 
即日起於城市售票網有售，請見以下連結",失落,business,
eos.pro,Etched On Stage Production Limited,"🎼#v家鑄台絕唱iii🎻
nayuta 也已經為我們錄製了參加今次表演的感想~
我們也快來看看他的感想吧！
🎫 特設 VIP 套票 🎫
讓你在最佳位置欣賞表演外，更可於演出後參與專屬歌手簽名見面會及獲得VIP專屬紀念品套裝！
📸 每場限量 84 套，售完即止，萬勿錯過！🔥
🎟️突破現實x二次元界限旅程的門票現正發售！
敬請把握機會、從速購票！屆時帶同你的Penlight應援、全心感受VOCALOID名曲、一眾知名唱見和管弦樂團為你帶來的精彩表演。
*兩日演出嘉賓/歌單也皆相同
*門票即日起在urbtix城市售票網公開發售
urbtix.hk/event…
2026年3月18-19日（星期三/四）
伊利沙伯體育館
票區：VIP-A區 | B區 | C區 | D區 | E區 
正價：$1980| $1280 | $980 | $780 | $580 
優惠*：VIP不適用 | $1024 | $784 | $624 | $464
*優惠票資格：全日制學生/殘疾人士及看護人/60歲以上的高齡人士/綜援受惠人士。",2026-02-27 22:44:00,"Vocaloid Essentials on Stage III 
V家鑄台絕唱 III 
即日起於城市售票網有售，請見以下連結",失落,business,
eos.pro,Etched On Stage Production Limited,"🎼#V家鑄台絕唱III🎻
杏仁ミル也為了今次表演錄了一段感想給各位Fans~
我們來看看杏仁ミル有什麼想要和各位粉絲說說吧。
🎫 特設 VIP 套票 🎫
讓你在最佳位置欣賞表演外，更可於演出後參與專屬歌手簽名見面會及獲得VIP專屬紀念品套裝！
📸 每場限量 84 套，售完即止，萬勿錯過！🔥
*敬請留意KizunaAI不會參加專屬歌手簽名見面會員
🎟️突破現實x二次元界限旅程的門票現正發售！
敬請把握機會、從速購票！屆時帶同你的Penlight應援、全心感受VOCALOID名曲、一眾知名唱見和管弦樂團為你帶來的精彩表演。
*兩日演出嘉賓/歌單也皆相同
*門票即日起在urbtix城市售票網公開發售
urbtix.hk/event…
2026年3月18-19日（星期三/四）
伊利沙伯體育館表演場
票區：VIP-A區 | B區 | C區 | D區 | E區 
正價：$1980| $1280 | $980 | $780 | $580 
優惠*：VIP不適用 | $1024 | $784 | $624 | $464",2026-02-26 18:47:00,"Vocaloid Essentials on Stage III 
V家鑄台絕唱 III 
即日起於城市售票網有售，請見以下連結",失落,business,
eos.pro,Etched On Stage Production Limited,"致各位親愛的觀眾們：
我們非常遺憾地宣布，原定參與本次音樂會V家鑄台絶唱III（3月18~19日）的表演嘉賓nayuta因各方面的準備及日程上的判斷，決定取消今次參演。這對我們團隊來說是個沉重的消息，我們深知各位期待了這場音樂會已久。作為主辦方，我們完全理解各位的失望與失落，我們自己也同樣感到無比惋惜，畢竟我們花費了大量心血籌備這一切，只為給大家帶來難忘的體驗，卻無法如願實現。
作爲補償，目前我們正洽談另一位日本方表演嘉賓替補上陣，務求演出的歌曲清單能維持不變，令音樂會得以維持高水準帶給觀衆，讓大家依然能享受到VOCALOID的音樂。
基於表演嘉賓作出重大更改，我們將會安排退票方案予受影響觀衆，詳細安排將於稍後公布，請密切留意我們的更新。
感謝大家的支持與理解，我們會盡全力讓這場音樂會成為美好的回憶。
#v家鑄台絕唱iii #vocaloid",2026-03-02 20:30:00,"Vocaloid Essentials on Stage III 
V家鑄台絕唱 III 
即日起於城市售票網有售，請見以下連結",失落,business,
eos.pro,Etched On Stage Production Limited,"🎼#v家鑄台絕唱iii🎻
nayuta 也已經為我們錄製了參加今次表演的感想~
我們也快來看看他的感想吧！
🎫 特設 VIP 套票 🎫
讓你在最佳位置欣賞表演外，更可於演出後參與專屬歌手簽名見面會及獲得VIP專屬紀念品套裝！
📸 每場限量 84 套，售完即止，萬勿錯過！🔥
🎟️突破現實x二次元界限旅程的門票現正發售！
敬請把握機會、從速購票！屆時帶同你的Penlight應援、全心感受VOCALOID名曲、一眾知名唱見和管弦樂團為你帶來的精彩表演。
*兩日演出嘉賓/歌單也皆相同
*門票即日起在urbtix城市售票網公開發售
urbtix.hk/event…
2026年3月18-19日（星期三/四）
伊利沙伯體育館
票區：VIP-A區 | B區 | C區 | D區 | E區 
正價：$1980| $1280 | $980 | $780 | $580 
優惠*：VIP不適用 | $1024 | $784 | $624 | $464
*優惠票資格：全日制學生/殘疾人士及看護人/60歲以上的高齡人士/綜援受惠人士。",2026-02-27 22:44:00,"Vocaloid Essentials on Stage III 
V家鑄台絕唱 III 
即日起於城市售票網有售，請見以下連結",失落,business,
eos.pro,Etched On Stage Production Limited,"🎼#V家鑄台絕唱III🎻
杏仁ミル也為了今次表演錄了一段感想給各位Fans~
我們來看看杏仁ミル有什麼想要和各位粉絲說說吧。
🎫 特設 VIP 套票 🎫
讓你在最佳位置欣賞表演外，更可於演出後參與專屬歌手簽名見面會及獲得VIP專屬紀念品套裝！
📸 每場限量 84 套，售完即止，萬勿錯過！🔥
*敬請留意KizunaAI不會參加專屬歌手簽名見面會員
🎟️突破現實x二次元界限旅程的門票現正發售！
敬請把握機會、從速購票！屆時帶同你的Penlight應援、全心感受VOCALOID名曲、一眾知名唱見和管弦樂團為你帶來的精彩表演。
*兩日演出嘉賓/歌單也皆相同
*門票即日起在urbtix城市售票網公開發售
urbtix.hk/event…
2026年3月18-19日（星期三/四）
伊利沙伯體育館表演場
票區：VIP-A區 | B區 | C區 | D區 | E區 
正價：$1980| $1280 | $980 | $780 | $580 
優惠*：VIP不適用 | $1024 | $784 | $624 | $464",2026-02-26 18:47:00,"Vocaloid Essentials on Stage III 
V家鑄台絕唱 III 
即日起於城市售票網有售，請見以下連結",失落,business,
eos.pro,Etched On Stage Production Limited,"致各位親愛的觀眾們：
我們非常遺憾地宣布，原定參與本次音樂會V家鑄台絶唱III（3月18~19日）的表演嘉賓nayuta因各方面的準備及日程上的判斷，決定取消今次參演。這對我們團隊來說是個沉重的消息，我們深知各位期待了這場音樂會已久。作為主辦方，我們完全理解各位的失望與失落，我們自己也同樣感到無比惋惜，畢竟我們花費了大量心血籌備這一切，只為給大家帶來難忘的體驗，卻無法如願實現。
作爲補償，目前我們正洽談另一位日本方表演嘉賓替補上陣，務求演出的歌曲清單能維持不變，令音樂會得以維持高水準帶給觀衆，讓大家依然能享受到VOCALOID的音樂。
基於表演嘉賓作出重大更改，我們將會安排退票方案予受影響觀衆，詳細安排將於稍後公布，請密切留意我們的更新。
感謝大家的支持與理解，我們會盡全力讓這場音樂會成為美好的回憶。
#v家鑄台絕唱iii #vocaloid",2026-03-02 20:30:00,"Vocaloid Essentials on Stage III 
V家鑄台絕唱 III 
即日起於城市售票網有售，請見以下連結",失落,business,
eos.pro,Etched On Stage Production Limited,"🎼#v家鑄台絕唱iii🎻
nayuta 也已經為我們錄製了參加今次表演的感想~
我們也快來看看他的感想吧！
🎫 特設 VIP 套票 🎫
讓你在最佳位置欣賞表演外，更可於演出後參與專屬歌手簽名見面會及獲得VIP專屬紀念品套裝！
📸 每場限量 84 套，售完即止，萬勿錯過！🔥
🎟️突破現實x二次元界限旅程的門票現正發售！
敬請把握機會、從速購票！屆時帶同你的Penlight應援、全心感受VOCALOID名曲、一眾知名唱見和管弦樂團為你帶來的精彩表演。
*兩日演出嘉賓/歌單也皆相同
*門票即日起在urbtix城市售票網公開發售
urbtix.hk/event…
2026年3月18-19日（星期三/四）
伊利沙伯體育館
票區：VIP-A區 | B區 | C區 | D區 | E區 
正價：$1980| $1280 | $980 | $780 | $580 
優惠*：VIP不適用 | $1024 | $784 | $624 | $464
*優惠票資格：全日制學生/殘疾人士及看護人/60歲以上的高齡人士/綜援受惠人士。",2026-02-27 22:44:00,"Vocaloid Essentials on Stage III 
V家鑄台絕唱 III 
即日起於城市售票網有售，請見以下連結",失落,business,
eos.pro,Etched On Stage Production Limited,"🎼#V家鑄台絕唱III🎻
杏仁ミル也為了今次表演錄了一段感想給各位Fans~
我們來看看杏仁ミル有什麼想要和各位粉絲說說吧。
🎫 特設 VIP 套票 🎫
讓你在最佳位置欣賞表演外，更可於演出後參與專屬歌手簽名見面會及獲得VIP專屬紀念品套裝！
📸 每場限量 84 套，售完即止，萬勿錯過！🔥
*敬請留意KizunaAI不會參加專屬歌手簽名見面會員
🎟️突破現實x二次元界限旅程的門票現正發售！
敬請把握機會、從速購票！屆時帶同你的Penlight應援、全心感受VOCALOID名曲、一眾知名唱見和管弦樂團為你帶來的精彩表演。
*兩日演出嘉賓/歌單也皆相同
*門票即日起在urbtix城市售票網公開發售
urbtix.hk/event…
2026年3月18-19日（星期三/四）
伊利沙伯體育館表演場
票區：VIP-A區 | B區 | C區 | D區 | E區 
正價：$1980| $1280 | $980 | $780 | $580 
優惠*：VIP不適用 | $1024 | $784 | $624 | $464",2026-02-26 18:47:00,"Vocaloid Essentials on Stage III 
V家鑄台絕唱 III 
即日起於城市售票網有售，請見以下連結",失落,business,
eos.pro,Etched On Stage Production Limited,"致各位親愛的觀眾們：
我們非常遺憾地宣布，原定參與本次音樂會V家鑄台絶唱III（3月18~19日）的表演嘉賓nayuta因各方面的準備及日程上的判斷，決定取消今次參演。這對我們團隊來說是個沉重的消息，我們深知各位期待了這場音樂會已久。作為主辦方，我們完全理解各位的失望與失落，我們自己也同樣感到無比惋惜，畢竟我們花費了大量心血籌備這一切，只為給大家帶來難忘的體驗，卻無法如願實現。
作爲補償，目前我們正洽談另一位日本方表演嘉賓替補上陣，務求演出的歌曲清單能維持不變，令音樂會得以維持高水準帶給觀衆，讓大家依然能享受到VOCALOID的音樂。
基於表演嘉賓作出重大更改，我們將會安排退票方案予受影響觀衆，詳細安排將於稍後公布，請密切留意我們的更新。
感謝大家的支持與理解，我們會盡全力讓這場音樂會成為美好的回憶。
#v家鑄台絕唱iii #vocaloid",2026-03-02 20:30:00,"Vocaloid Essentials on Stage III 
V家鑄台絕唱 III 
即日起於城市售票網有售，請見以下連結",失落,business,
eos.pro,Etched On Stage Production Limited,"🎼#v家鑄台絕唱iii🎻
nayuta 也已經為我們錄製了參加今次表演的感想~
我們也快來看看他的感想吧！
🎫 特設 VIP 套票 🎫
讓你在最佳位置欣賞表演外，更可於演出後參與專屬歌手簽名見面會及獲得VIP專屬紀念品套裝！
📸 每場限量 84 套，售完即止，萬勿錯過！🔥
🎟️突破現實x二次元界限旅程的門票現正發售！
敬請把握機會、從速購票！屆時帶同你的Penlight應援、全心感受VOCALOID名曲、一眾知名唱見和管弦樂團為你帶來的精彩表演。
*兩日演出嘉賓/歌單也皆相同
*門票即日起在urbtix城市售票網公開發售
urbtix.hk/event…
2026年3月18-19日（星期三/四）
伊利沙伯體育館
票區：VIP-A區 | B區 | C區 | D區 | E區 
正價：$1980| $1280 | $980 | $780 | $580 
優惠*：VIP不適用 | $1024 | $784 | $624 | $464
*優惠票資格：全日制學生/殘疾人士及看護人/60歲以上的高齡人士/綜援受惠人士。",2026-02-27 22:44:00,"Vocaloid Essentials on Stage III 
V家鑄台絕唱 III 
即日起於城市售票網有售，請見以下連結",失落,business,
eos.pro,Etched On Stage Production Limited,"🎼#V家鑄台絕唱III🎻
杏仁ミル也為了今次表演錄了一段感想給各位Fans~
我們來看看杏仁ミル有什麼想要和各位粉絲說說吧。
🎫 特設 VIP 套票 🎫
讓你在最佳位置欣賞表演外，更可於演出後參與專屬歌手簽名見面會及獲得VIP專屬紀念品套裝！
📸 每場限量 84 套，售完即止，萬勿錯過！🔥
*敬請留意KizunaAI不會參加專屬歌手簽名見面會員
🎟️突破現實x二次元界限旅程的門票現正發售！
敬請把握機會、從速購票！屆時帶同你的Penlight應援、全心感受VOCALOID名曲、一眾知名唱見和管弦樂團為你帶來的精彩表演。
*兩日演出嘉賓/歌單也皆相同
*門票即日起在urbtix城市售票網公開發售
urbtix.hk/event…
2026年3月18-19日（星期三/四）
伊利沙伯體育館表演場
票區：VIP-A區 | B區 | C區 | D區 | E區 
正價：$1980| $1280 | $980 | $780 | $580 
優惠*：VIP不適用 | $1024 | $784 | $624 | $464",2026-02-26 18:47:00,"Vocaloid Essentials on Stage III 
V家鑄台絕唱 III 
即日起於城市售票網有售，請見以下連結",失落,business,
eos.pro,Etched On Stage Production Limited,"致各位親愛的觀眾們：
我們非常遺憾地宣布，原定參與本次音樂會V家鑄台絶唱III（3月18~19日）的表演嘉賓nayuta因各方面的準備及日程上的判斷，決定取消今次參演。這對我們團隊來說是個沉重的消息，我們深知各位期待了這場音樂會已久。作為主辦方，我們完全理解各位的失望與失落，我們自己也同樣感到無比惋惜，畢竟我們花費了大量心血籌備這一切，只為給大家帶來難忘的體驗，卻無法如願實現。
作爲補償，目前我們正洽談另一位日本方表演嘉賓替補上陣，務求演出的歌曲清單能維持不變，令音樂會得以維持高水準帶給觀衆，讓大家依然能享受到VOCALOID的音樂。
基於表演嘉賓作出重大更改，我們將會安排退票方案予受影響觀衆，詳細安排將於稍後公布，請密切留意我們的更新。
感謝大家的支持與理解，我們會盡全力讓這場音樂會成為美好的回憶。
#v家鑄台絕唱iii #vocaloid",2026-03-02 20:30:00,"Vocaloid Essentials on Stage III 
V家鑄台絕唱 III 
即日起於城市售票網有售，請見以下連結",失落,business,
eos.pro,Etched On Stage Production Limited,"🎼#v家鑄台絕唱iii🎻
nayuta 也已經為我們錄製了參加今次表演的感想~
我們也快來看看他的感想吧！
🎫 特設 VIP 套票 🎫
讓你在最佳位置欣賞表演外，更可於演出後參與專屬歌手簽名見面會及獲得VIP專屬紀念品套裝！
📸 每場限量 84 套，售完即止，萬勿錯過！🔥
🎟️突破現實x二次元界限旅程的門票現正發售！
敬請把握機會、從速購票！屆時帶同你的Penlight應援、全心感受VOCALOID名曲、一眾知名唱見和管弦樂團為你帶來的精彩表演。
*兩日演出嘉賓/歌單也皆相同
*門票即日起在urbtix城市售票網公開發售
urbtix.hk/event…
2026年3月18-19日（星期三/四）
伊利沙伯體育館
票區：VIP-A區 | B區 | C區 | D區 | E區 
正價：$1980| $1280 | $980 | $780 | $580 
優惠*：VIP不適用 | $1024 | $784 | $624 | $464
*優惠票資格：全日制學生/殘疾人士及看護人/60歲以上的高齡人士/綜援受惠人士。",2026-02-27 22:44:00,"Vocaloid Essentials on Stage III 
V家鑄台絕唱 III 
即日起於城市售票網有售，請見以下連結",失落,business,
eos.pro,Etched On Stage Production Limited,"🎼#V家鑄台絕唱III🎻
杏仁ミル也為了今次表演錄了一段感想給各位Fans~
我們來看看杏仁ミル有什麼想要和各位粉絲說說吧。
🎫 特設 VIP 套票 🎫
讓你在最佳位置欣賞表演外，更可於演出後參與專屬歌手簽名見面會及獲得VIP專屬紀念品套裝！
📸 每場限量 84 套，售完即止，萬勿錯過！🔥
*敬請留意KizunaAI不會參加專屬歌手簽名見面會員
🎟️突破現實x二次元界限旅程的門票現正發售！
敬請把握機會、從速購票！屆時帶同你的Penlight應援、全心感受VOCALOID名曲、一眾知名唱見和管弦樂團為你帶來的精彩表演。
*兩日演出嘉賓/歌單也皆相同
*門票即日起在urbtix城市售票網公開發售
urbtix.hk/event…
2026年3月18-19日（星期三/四）
伊利沙伯體育館表演場
票區：VIP-A區 | B區 | C區 | D區 | E區 
正價：$1980| $1280 | $980 | $780 | $580 
優惠*：VIP不適用 | $1024 | $784 | $624 | $464",2026-02-26 18:47:00,"Vocaloid Essentials on Stage III 
V家鑄台絕唱 III 
即日起於城市售票網有售，請見以下連結",失落,business,
eos.pro,Etched On Stage Production Limited,"致各位親愛的觀眾們：
我們非常遺憾地宣布，原定參與本次音樂會V家鑄台絶唱III（3月18~19日）的表演嘉賓nayuta因各方面的準備及日程上的判斷，決定取消今次參演。這對我們團隊來說是個沉重的消息，我們深知各位期待了這場音樂會已久。作為主辦方，我們完全理解各位的失望與失落，我們自己也同樣感到無比惋惜，畢竟我們花費了大量心血籌備這一切，只為給大家帶來難忘的體驗，卻無法如願實現。
作爲補償，目前我們正洽談另一位日本方表演嘉賓替補上陣，務求演出的歌曲清單能維持不變，令音樂會得以維持高水準帶給觀衆，讓大家依然能享受到VOCALOID的音樂。
基於表演嘉賓作出重大更改，我們將會安排退票方案予受影響觀衆，詳細安排將於稍後公布，請密切留意我們的更新。
感謝大家的支持與理解，我們會盡全力讓這場音樂會成為美好的回憶。
#v家鑄台絕唱iii #vocaloid",2026-03-02 20:30:00,"Vocaloid Essentials on Stage III 
V家鑄台絕唱 III 
即日起於城市售票網有售，請見以下連結",失落,business,
eos.pro,Etched On Stage Production Limited,"🎼#v家鑄台絕唱iii🎻
nayuta 也已經為我們錄製了參加今次表演的感想~
我們也快來看看他的感想吧！
🎫 特設 VIP 套票 🎫
讓你在最佳位置欣賞表演外，更可於演出後參與專屬歌手簽名見面會及獲得VIP專屬紀念品套裝！
📸 每場限量 84 套，售完即止，萬勿錯過！🔥
🎟️突破現實x二次元界限旅程的門票現正發售！
敬請把握機會、從速購票！屆時帶同你的Penlight應援、全心感受VOCALOID名曲、一眾知名唱見和管弦樂團為你帶來的精彩表演。
*兩日演出嘉賓/歌單也皆相同
*門票即日起在urbtix城市售票網公開發售
urbtix.hk/event…
2026年3月18-19日（星期三/四）
伊利沙伯體育館
票區：VIP-A區 | B區 | C區 | D區 | E區 
正價：$1980| $1280 | $980 | $780 | $580 
優惠*：VIP不適用 | $1024 | $784 | $624 | $464
*優惠票資格：全日制學生/殘疾人士及看護人/60歲以上的高齡人士/綜援受惠人士。",2026-02-27 22:44:00,"Vocaloid Essentials on Stage III 
V家鑄台絕唱 III 
即日起於城市售票網有售，請見以下連結",失落,business,
eos.pro,Etched On Stage Production Limited,"🎼#V家鑄台絕唱III🎻
杏仁ミル也為了今次表演錄了一段感想給各位Fans~
我們來看看杏仁ミル有什麼想要和各位粉絲說說吧。
🎫 特設 VIP 套票 🎫
讓你在最佳位置欣賞表演外，更可於演出後參與專屬歌手簽名見面會及獲得VIP專屬紀念品套裝！
📸 每場限量 84 套，售完即止，萬勿錯過！🔥
*敬請留意KizunaAI不會參加專屬歌手簽名見面會員
🎟️突破現實x二次元界限旅程的門票現正發售！
敬請把握機會、從速購票！屆時帶同你的Penlight應援、全心感受VOCALOID名曲、一眾知名唱見和管弦樂團為你帶來的精彩表演。
*兩日演出嘉賓/歌單也皆相同
*門票即日起在urbtix城市售票網公開發售
urbtix.hk/event…
2026年3月18-19日（星期三/四）
伊利沙伯體育館表演場
票區：VIP-A區 | B區 | C區 | D區 | E區 
正價：$1980| $1280 | $980 | $780 | $580 
優惠*：VIP不適用 | $1024 | $784 | $624 | $464",2026-02-26 18:47:00,"Vocaloid Essentials on Stage III 
V家鑄台絕唱 III 
即日起於城市售票網有售，請見以下連結",失落,business,
eos.pro,Etched On Stage Production Limited,"致各位親愛的觀眾們：
我們非常遺憾地宣布，原定參與本次音樂會V家鑄台絶唱III（3月18~19日）的表演嘉賓nayuta因各方面的準備及日程上的判斷，決定取消今次參演。這對我們團隊來說是個沉重的消息，我們深知各位期待了這場音樂會已久。作為主辦方，我們完全理解各位的失望與失落，我們自己也同樣感到無比惋惜，畢竟我們花費了大量心血籌備這一切，只為給大家帶來難忘的體驗，卻無法如願實現。
作爲補償，目前我們正洽談另一位日本方表演嘉賓替補上陣，務求演出的歌曲清單能維持不變，令音樂會得以維持高水準帶給觀衆，讓大家依然能享受到VOCALOID的音樂。
基於表演嘉賓作出重大更改，我們將會安排退票方案予受影響觀衆，詳細安排將於稍後公布，請密切留意我們的更新。
感謝大家的支持與理解，我們會盡全力讓這場音樂會成為美好的回憶。
#v家鑄台絕唱iii #vocaloid",2026-03-02 20:30:00,"Vocaloid Essentials on Stage III 
V家鑄台絕唱 III 
即日起於城市售票網有售，請見以下連結",失落,business,
eos.pro,Etched On Stage Production Limited,"🎼#v家鑄台絕唱iii🎻
nayuta 也已經為我們錄製了參加今次表演的感想~
我們也快來看看他的感想吧！
🎫 特設 VIP 套票 🎫
讓你在最佳位置欣賞表演外，更可於演出後參與專屬歌手簽名見面會及獲得VIP專屬紀念品套裝！
📸 每場限量 84 套，售完即止，萬勿錯過！🔥
🎟️突破現實x二次元界限旅程的門票現正發售！
敬請把握機會、從速購票！屆時帶同你的Penlight應援、全心感受VOCALOID名曲、一眾知名唱見和管弦樂團為你帶來的精彩表演。
*兩日演出嘉賓/歌單也皆相同
*門票即日起在urbtix城市售票網公開發售
urbtix.hk/event…
2026年3月18-19日（星期三/四）
伊利沙伯體育館
票區：VIP-A區 | B區 | C區 | D區 | E區 
正價：$1980| $1280 | $980 | $780 | $580 
優惠*：VIP不適用 | $1024 | $784 | $624 | $464
*優惠票資格：全日制學生/殘疾人士及看護人/60歲以上的高齡人士/綜援受惠人士。",2026-02-27 22:44:00,"Vocaloid Essentials on Stage III 
V家鑄台絕唱 III 
即日起於城市售票網有售，請見以下連結",失落,business,
eos.pro,Etched On Stage Production Limited,"🎼#V家鑄台絕唱III🎻
杏仁ミル也為了今次表演錄了一段感想給各位Fans~
我們來看看杏仁ミル有什麼想要和各位粉絲說說吧。
🎫 特設 VIP 套票 🎫
讓你在最佳位置欣賞表演外，更可於演出後參與專屬歌手簽名見面會及獲得VIP專屬紀念品套裝！
📸 每場限量 84 套，售完即止，萬勿錯過！🔥
*敬請留意KizunaAI不會參加專屬歌手簽名見面會員
🎟️突破現實x二次元界限旅程的門票現正發售！
敬請把握機會、從速購票！屆時帶同你的Penlight應援、全心感受VOCALOID名曲、一眾知名唱見和管弦樂團為你帶來的精彩表演。
*兩日演出嘉賓/歌單也皆相同
*門票即日起在urbtix城市售票網公開發售
urbtix.hk/event…
2026年3月18-19日（星期三/四）
伊利沙伯體育館表演場
票區：VIP-A區 | B區 | C區 | D區 | E區 
正價：$1980| $1280 | $980 | $780 | $580 
優惠*：VIP不適用 | $1024 | $784 | $624 | $464",2026-02-26 18:47:00,"Vocaloid Essentials on Stage III 
V家鑄台絕唱 III 
即日起於城市售票網有售，請見以下連結",失落,business,
eos.pro,Etched On Stage Production Limited,"致各位親愛的觀眾們：
我們非常遺憾地宣布，原定參與本次音樂會V家鑄台絶唱III（3月18~19日）的表演嘉賓nayuta因各方面的準備及日程上的判斷，決定取消今次參演。這對我們團隊來說是個沉重的消息，我們深知各位期待了這場音樂會已久。作為主辦方，我們完全理解各位的失望與失落，我們自己也同樣感到無比惋惜，畢竟我們花費了大量心血籌備這一切，只為給大家帶來難忘的體驗，卻無法如願實現。
作爲補償，目前我們正洽談另一位日本方表演嘉賓替補上陣，務求演出的歌曲清單能維持不變，令音樂會得以維持高水準帶給觀衆，讓大家依然能享受到VOCALOID的音樂。
基於表演嘉賓作出重大更改，我們將會安排退票方案予受影響觀衆，詳細安排將於稍後公布，請密切留意我們的更新。
感謝大家的支持與理解，我們會盡全力讓這場音樂會成為美好的回憶。
#v家鑄台絕唱iii #vocaloid",2026-03-02 20:30:00,"Vocaloid Essentials on Stage III 
V家鑄台絕唱 III 
即日起於城市售票網有售，請見以下連結",失落,business,
eos.pro,Etched On Stage Production Limited,"🎼#v家鑄台絕唱iii🎻
nayuta 也已經為我們錄製了參加今次表演的感想~
我們也快來看看他的感想吧！
🎫 特設 VIP 套票 🎫
讓你在最佳位置欣賞表演外，更可於演出後參與專屬歌手簽名見面會及獲得VIP專屬紀念品套裝！
📸 每場限量 84 套，售完即止，萬勿錯過！🔥
🎟️突破現實x二次元界限旅程的門票現正發售！
敬請把握機會、從速購票！屆時帶同你的Penlight應援、全心感受VOCALOID名曲、一眾知名唱見和管弦樂團為你帶來的精彩表演。
*兩日演出嘉賓/歌單也皆相同
*門票即日起在urbtix城市售票網公開發售
urbtix.hk/event…
2026年3月18-19日（星期三/四）
伊利沙伯體育館
票區：VIP-A區 | B區 | C區 | D區 | E區 
正價：$1980| $1280 | $980 | $780 | $580 
優惠*：VIP不適用 | $1024 | $784 | $624 | $464
*優惠票資格：全日制學生/殘疾人士及看護人/60歲以上的高齡人士/綜援受惠人士。",2026-02-27 22:44:00,"Vocaloid Essentials on Stage III 
V家鑄台絕唱 III 
即日起於城市售票網有售，請見以下連結",失落,business,
eos.pro,Etched On Stage Production Limited,"🎼#V家鑄台絕唱III🎻
杏仁ミル也為了今次表演錄了一段感想給各位Fans~
我們來看看杏仁ミル有什麼想要和各位粉絲說說吧。
🎫 特設 VIP 套票 🎫
讓你在最佳位置欣賞表演外，更可於演出後參與專屬歌手簽名見面會及獲得VIP專屬紀念品套裝！
📸 每場限量 84 套，售完即止，萬勿錯過！🔥
*敬請留意KizunaAI不會參加專屬歌手簽名見面會員
🎟️突破現實x二次元界限旅程的門票現正發售！
敬請把握機會、從速購票！屆時帶同你的Penlight應援、全心感受VOCALOID名曲、一眾知名唱見和管弦樂團為你帶來的精彩表演。
*兩日演出嘉賓/歌單也皆相同
*門票即日起在urbtix城市售票網公開發售
urbtix.hk/event…
2026年3月18-19日（星期三/四）
伊利沙伯體育館表演場
票區：VIP-A區 | B區 | C區 | D區 | E區 
正價：$1980| $1280 | $980 | $780 | $580 
優惠*：VIP不適用 | $1024 | $784 | $624 | $464",2026-02-26 18:47:00,"Vocaloid Essentials on Stage III 
V家鑄台絕唱 III 
即日起於城市售票網有售，請見以下連結",失落,business,
eos.pro,Etched On Stage Production Limited,"致各位親愛的觀眾們：
我們非常遺憾地宣布，原定參與本次音樂會V家鑄台絶唱III（3月18~19日）的表演嘉賓nayuta因各方面的準備及日程上的判斷，決定取消今次參演。這對我們團隊來說是個沉重的消息，我們深知各位期待了這場音樂會已久。作為主辦方，我們完全理解各位的失望與失落，我們自己也同樣感到無比惋惜，畢竟我們花費了大量心血籌備這一切，只為給大家帶來難忘的體驗，卻無法如願實現。
作爲補償，目前我們正洽談另一位日本方表演嘉賓替補上陣，務求演出的歌曲清單能維持不變，令音樂會得以維持高水準帶給觀衆，讓大家依然能享受到VOCALOID的音樂。
基於表演嘉賓作出重大更改，我們將會安排退票方案予受影響觀衆，詳細安排將於稍後公布，請密切留意我們的更新。
感謝大家的支持與理解，我們會盡全力讓這場音樂會成為美好的回憶。
#v家鑄台絕唱iii #vocaloid",2026-03-02 20:30:00,"Vocaloid Essentials on Stage III 
V家鑄台絕唱 III 
即日起於城市售票網有售，請見以下連結",失落,business,
eos.pro,Etched On Stage Production Limited,"🎼#v家鑄台絕唱iii🎻
nayuta 也已經為我們錄製了參加今次表演的感想~
我們也快來看看他的感想吧！
🎫 特設 VIP 套票 🎫
讓你在最佳位置欣賞表演外，更可於演出後參與專屬歌手簽名見面會及獲得VIP專屬紀念品套裝！
📸 每場限量 84 套，售完即止，萬勿錯過！🔥
🎟️突破現實x二次元界限旅程的門票現正發售！
敬請把握機會、從速購票！屆時帶同你的Penlight應援、全心感受VOCALOID名曲、一眾知名唱見和管弦樂團為你帶來的精彩表演。
*兩日演出嘉賓/歌單也皆相同
*門票即日起在urbtix城市售票網公開發售
urbtix.hk/event…
2026年3月18-19日（星期三/四）
伊利沙伯體育館
票區：VIP-A區 | B區 | C區 | D區 | E區 
正價：$1980| $1280 | $980 | $780 | $580 
優惠*：VIP不適用 | $1024 | $784 | $624 | $464
*優惠票資格：全日制學生/殘疾人士及看護人/60歲以上的高齡人士/綜援受惠人士。",2026-02-27 22:44:00,"Vocaloid Essentials on Stage III 
V家鑄台絕唱 III 
即日起於城市售票網有售，請見以下連結",失落,business,
eos.pro,Etched On Stage Production Limited,"🎼#V家鑄台絕唱III🎻
杏仁ミル也為了今次表演錄了一段感想給各位Fans~
我們來看看杏仁ミル有什麼想要和各位粉絲說說吧。
🎫 特設 VIP 套票 🎫
讓你在最佳位置欣賞表演外，更可於演出後參與專屬歌手簽名見面會及獲得VIP專屬紀念品套裝！
📸 每場限量 84 套，售完即止，萬勿錯過！🔥
*敬請留意KizunaAI不會參加專屬歌手簽名見面會員
🎟️突破現實x二次元界限旅程的門票現正發售！
敬請把握機會、從速購票！屆時帶同你的Penlight應援、全心感受VOCALOID名曲、一眾知名唱見和管弦樂團為你帶來的精彩表演。
*兩日演出嘉賓/歌單也皆相同
*門票即日起在urbtix城市售票網公開發售
urbtix.hk/event…
2026年3月18-19日（星期三/四）
伊利沙伯體育館表演場
票區：VIP-A區 | B區 | C區 | D區 | E區 
正價：$1980| $1280 | $980 | $780 | $580 
優惠*：VIP不適用 | $1024 | $784 | $624 | $464",2026-02-26 18:47:00,"Vocaloid Essentials on Stage III 
V家鑄台絕唱 III 
即日起於城市售票網有售，請見以下連結",失落,business,
jaenokghost,筆筆,"《星期一的救贖》
具允元渴望媽媽的愛與親近，原以為是理所當然的母愛，他卻求而不得。媽媽時而靠近時而冷漠，捉摸不定的態度帶來混亂，
而在媽媽因為他而受傷無法畫畫後
，母子關係更加惡化，病態的母親再無法給予，沉浸在自己的失落，
甚至攻擊傷害了允元，被自己媽媽劃傷
，那份恐懼與悲傷是難以想像的痛，而更難承受的是，
媽媽選擇自殺
，允元內在的罪惡、愧疚、懊悔無限上綱，孤獨的反芻長大
他學習到的依附關係是混亂型依附，既渴望親近又過度恐懼，他仍喜歡燿日，但卻沒有勇氣去釐清燿日真實的想法，高度恐懼被拋棄，換得燿日其實不愛自己，那將同時喚起過往的創傷經驗，而他雖然長大了，依舊被困住、依舊是那個害怕被討厭、被拋棄的小孩
儘管還沒有能力愛人，也無法全然逃避、捨棄，他依然想靠近燿日，用自我保護的方式，句句把燿日傷得一遍ㄧ遍，反正不再是自己受傷就好，這樣的親密關係，不存在幸福，允元渴望的關係，向來自欺欺人
-
不知道還要虐多久，實在心疼燿日，心疼他被喜歡的人傷了心又傷了身，他只想繼續守護允元，只想繼續和允元保有連結，他要的一直都很單純😢",2026-03-02 16:08:00,"-BL成癮
-陪我慢慢看漫畫
-寫寫心得，偶爾暴言
（看盜版與未成年請勿追蹤）",失落,needs_manual_review,
jaenokghost,筆筆,"這次免費漫漫看有《棋子的世界》🥹
這部在我心中是很頂的作品，畫風與分鏡呈現得就像動漫一樣流暢而細緻；劇情也相當吸引人，主軸是兇殺案懸疑氛圍開展的故事；感情線更是動人，都城綠和李帝悟在底層的世界相守相依相偎，彼此都充滿不安，害怕被傷害，仍無可救藥的愛上彼此，賭上一切也要守護對方，那種明明自己也一無所有，卻仍想給出自己所有的感情真的很感人🥺
非常喜歡李帝悟充滿邪魅的笑容與詭譎的眼神，還有都城綠因體型差所滿溢的安全感，很帥
這部的車也超好看，想看圓翹屁股不止《2020》的熙渽有，李帝悟的誘臀也堪稱一絕😍相當性感啊
⚠️
不過，也因為帝悟的角色設定是男娼，所以會有強迫性交的劇情，介意的人可以評估自身狀態是否能接受",2026-02-24 13:03:00,"-BL成癮
-陪我慢慢看漫畫
-寫寫心得，偶爾暴言
（看盜版與未成年請勿追蹤）",失落,needs_manual_review,
jaenokghost,筆筆,"《星期一的救贖》
具允元渴望媽媽的愛與親近，原以為是理所當然的母愛，他卻求而不得。媽媽時而靠近時而冷漠，捉摸不定的態度帶來混亂，
而在媽媽因為他而受傷無法畫畫後
，母子關係更加惡化，病態的母親再無法給予，沉浸在自己的失落，
甚至攻擊傷害了允元，被自己媽媽劃傷
，那份恐懼與悲傷是難以想像的痛，而更難承受的是，
媽媽選擇自殺
，允元內在的罪惡、愧疚、懊悔無限上綱，孤獨的反芻長大
他學習到的依附關係是混亂型依附，既渴望親近又過度恐懼，他仍喜歡燿日，但卻沒有勇氣去釐清燿日真實的想法，高度恐懼被拋棄，換得燿日其實不愛自己，那將同時喚起過往的創傷經驗，而他雖然長大了，依舊被困住、依舊是那個害怕被討厭、被拋棄的小孩
儘管還沒有能力愛人，也無法全然逃避、捨棄，他依然想靠近燿日，用自我保護的方式，句句把燿日傷得一遍ㄧ遍，反正不再是自己受傷就好，這樣的親密關係，不存在幸福，允元渴望的關係，向來自欺欺人
-
不知道還要虐多久，實在心疼燿日，心疼他被喜歡的人傷了心又傷了身，他只想繼續守護允元，只想繼續和允元保有連結，他要的一直都很單純😢",2026-03-02 16:08:00,"-BL成癮
-陪我慢慢看漫畫
-寫寫心得，偶爾暴言
（看盜版與未成年請勿追蹤）",失落,needs_manual_review,
jaenokghost,筆筆,"這次免費漫漫看有《棋子的世界》🥹
這部在我心中是很頂的作品，畫風與分鏡呈現得就像動漫一樣流暢而細緻；劇情也相當吸引人，主軸是兇殺案懸疑氛圍開展的故事；感情線更是動人，都城綠和李帝悟在底層的世界相守相依相偎，彼此都充滿不安，害怕被傷害，仍無可救藥的愛上彼此，賭上一切也要守護對方，那種明明自己也一無所有，卻仍想給出自己所有的感情真的很感人🥺
非常喜歡李帝悟充滿邪魅的笑容與詭譎的眼神，還有都城綠因體型差所滿溢的安全感，很帥
這部的車也超好看，想看圓翹屁股不止《2020》的熙渽有，李帝悟的誘臀也堪稱一絕😍相當性感啊
⚠️
不過，也因為帝悟的角色設定是男娼，所以會有強迫性交的劇情，介意的人可以評估自身狀態是否能接受",2026-02-24 13:03:00,"-BL成癮
-陪我慢慢看漫畫
-寫寫心得，偶爾暴言
（看盜版與未成年請勿追蹤）",失落,needs_manual_review,
jaenokghost,筆筆,"《星期一的救贖》
具允元渴望媽媽的愛與親近，原以為是理所當然的母愛，他卻求而不得。媽媽時而靠近時而冷漠，捉摸不定的態度帶來混亂，
而在媽媽因為他而受傷無法畫畫後
，母子關係更加惡化，病態的母親再無法給予，沉浸在自己的失落，
甚至攻擊傷害了允元，被自己媽媽劃傷
，那份恐懼與悲傷是難以想像的痛，而更難承受的是，
媽媽選擇自殺
，允元內在的罪惡、愧疚、懊悔無限上綱，孤獨的反芻長大
他學習到的依附關係是混亂型依附，既渴望親近又過度恐懼，他仍喜歡燿日，但卻沒有勇氣去釐清燿日真實的想法，高度恐懼被拋棄，換得燿日其實不愛自己，那將同時喚起過往的創傷經驗，而他雖然長大了，依舊被困住、依舊是那個害怕被討厭、被拋棄的小孩
儘管還沒有能力愛人，也無法全然逃避、捨棄，他依然想靠近燿日，用自我保護的方式，句句把燿日傷得一遍ㄧ遍，反正不再是自己受傷就好，這樣的親密關係，不存在幸福，允元渴望的關係，向來自欺欺人
-
不知道還要虐多久，實在心疼燿日，心疼他被喜歡的人傷了心又傷了身，他只想繼續守護允元，只想繼續和允元保有連結，他要的一直都很單純😢",2026-03-02 16:08:00,"-BL成癮
-陪我慢慢看漫畫
-寫寫心得，偶爾暴言
（看盜版與未成年請勿追蹤）",失落,needs_manual_review,
jaenokghost,筆筆,"這次免費漫漫看有《棋子的世界》🥹
這部在我心中是很頂的作品，畫風與分鏡呈現得就像動漫一樣流暢而細緻；劇情也相當吸引人，主軸是兇殺案懸疑氛圍開展的故事；感情線更是動人，都城綠和李帝悟在底層的世界相守相依相偎，彼此都充滿不安，害怕被傷害，仍無可救藥的愛上彼此，賭上一切也要守護對方，那種明明自己也一無所有，卻仍想給出自己所有的感情真的很感人🥺
非常喜歡李帝悟充滿邪魅的笑容與詭譎的眼神，還有都城綠因體型差所滿溢的安全感，很帥
這部的車也超好看，想看圓翹屁股不止《2020》的熙渽有，李帝悟的誘臀也堪稱一絕😍相當性感啊
⚠️
不過，也因為帝悟的角色設定是男娼，所以會有強迫性交的劇情，介意的人可以評估自身狀態是否能接受",2026-02-24 13:03:00,"-BL成癮
-陪我慢慢看漫畫
-寫寫心得，偶爾暴言
（看盜版與未成年請勿追蹤）",失落,needs_manual_review,
jaenokghost,筆筆,"《星期一的救贖》
具允元渴望媽媽的愛與親近，原以為是理所當然的母愛，他卻求而不得。媽媽時而靠近時而冷漠，捉摸不定的態度帶來混亂，
而在媽媽因為他而受傷無法畫畫後
，母子關係更加惡化，病態的母親再無法給予，沉浸在自己的失落，
甚至攻擊傷害了允元，被自己媽媽劃傷
，那份恐懼與悲傷是難以想像的痛，而更難承受的是，
媽媽選擇自殺
，允元內在的罪惡、愧疚、懊悔無限上綱，孤獨的反芻長大
他學習到的依附關係是混亂型依附，既渴望親近又過度恐懼，他仍喜歡燿日，但卻沒有勇氣去釐清燿日真實的想法，高度恐懼被拋棄，換得燿日其實不愛自己，那將同時喚起過往的創傷經驗，而他雖然長大了，依舊被困住、依舊是那個害怕被討厭、被拋棄的小孩
儘管還沒有能力愛人，也無法全然逃避、捨棄，他依然想靠近燿日，用自我保護的方式，句句把燿日傷得一遍ㄧ遍，反正不再是自己受傷就好，這樣的親密關係，不存在幸福，允元渴望的關係，向來自欺欺人
-
不知道還要虐多久，實在心疼燿日，心疼他被喜歡的人傷了心又傷了身，他只想繼續守護允元，只想繼續和允元保有連結，他要的一直都很單純😢",2026-03-02 16:08:00,"-BL成癮
-陪我慢慢看漫畫
-寫寫心得，偶爾暴言
（看盜版與未成年請勿追蹤）",失落,needs_manual_review,
jaenokghost,筆筆,"這次免費漫漫看有《棋子的世界》🥹
這部在我心中是很頂的作品，畫風與分鏡呈現得就像動漫一樣流暢而細緻；劇情也相當吸引人，主軸是兇殺案懸疑氛圍開展的故事；感情線更是動人，都城綠和李帝悟在底層的世界相守相依相偎，彼此都充滿不安，害怕被傷害，仍無可救藥的愛上彼此，賭上一切也要守護對方，那種明明自己也一無所有，卻仍想給出自己所有的感情真的很感人🥺
非常喜歡李帝悟充滿邪魅的笑容與詭譎的眼神，還有都城綠因體型差所滿溢的安全感，很帥
這部的車也超好看，想看圓翹屁股不止《2020》的熙渽有，李帝悟的誘臀也堪稱一絕😍相當性感啊
⚠️
不過，也因為帝悟的角色設定是男娼，所以會有強迫性交的劇情，介意的人可以評估自身狀態是否能接受",2026-02-24 13:03:00,"-BL成癮
-陪我慢慢看漫畫
-寫寫心得，偶爾暴言
（看盜版與未成年請勿追蹤）",失落,needs_manual_review,
jaenokghost,筆筆,"《星期一的救贖》
具允元渴望媽媽的愛與親近，原以為是理所當然的母愛，他卻求而不得。媽媽時而靠近時而冷漠，捉摸不定的態度帶來混亂，
而在媽媽因為他而受傷無法畫畫後
，母子關係更加惡化，病態的母親再無法給予，沉浸在自己的失落，
甚至攻擊傷害了允元，被自己媽媽劃傷
，那份恐懼與悲傷是難以想像的痛，而更難承受的是，
媽媽選擇自殺
，允元內在的罪惡、愧疚、懊悔無限上綱，孤獨的反芻長大
他學習到的依附關係是混亂型依附，既渴望親近又過度恐懼，他仍喜歡燿日，但卻沒有勇氣去釐清燿日真實的想法，高度恐懼被拋棄，換得燿日其實不愛自己，那將同時喚起過往的創傷經驗，而他雖然長大了，依舊被困住、依舊是那個害怕被討厭、被拋棄的小孩
儘管還沒有能力愛人，也無法全然逃避、捨棄，他依然想靠近燿日，用自我保護的方式，句句把燿日傷得一遍ㄧ遍，反正不再是自己受傷就好，這樣的親密關係，不存在幸福，允元渴望的關係，向來自欺欺人
-
不知道還要虐多久，實在心疼燿日，心疼他被喜歡的人傷了心又傷了身，他只想繼續守護允元，只想繼續和允元保有連結，他要的一直都很單純😢",2026-03-02 16:08:00,"-BL成癮
-陪我慢慢看漫畫
-寫寫心得，偶爾暴言
（看盜版與未成年請勿追蹤）",失落,needs_manual_review,
jaenokghost,筆筆,"這次免費漫漫看有《棋子的世界》🥹
這部在我心中是很頂的作品，畫風與分鏡呈現得就像動漫一樣流暢而細緻；劇情也相當吸引人，主軸是兇殺案懸疑氛圍開展的故事；感情線更是動人，都城綠和李帝悟在底層的世界相守相依相偎，彼此都充滿不安，害怕被傷害，仍無可救藥的愛上彼此，賭上一切也要守護對方，那種明明自己也一無所有，卻仍想給出自己所有的感情真的很感人🥺
非常喜歡李帝悟充滿邪魅的笑容與詭譎的眼神，還有都城綠因體型差所滿溢的安全感，很帥
這部的車也超好看，想看圓翹屁股不止《2020》的熙渽有，李帝悟的誘臀也堪稱一絕😍相當性感啊
⚠️
不過，也因為帝悟的角色設定是男娼，所以會有強迫性交的劇情，介意的人可以評估自身狀態是否能接受",2026-02-24 13:03:00,"-BL成癮
-陪我慢慢看漫畫
-寫寫心得，偶爾暴言
（看盜版與未成年請勿追蹤）",失落,needs_manual_review,
jaenokghost,筆筆,"《星期一的救贖》
具允元渴望媽媽的愛與親近，原以為是理所當然的母愛，他卻求而不得。媽媽時而靠近時而冷漠，捉摸不定的態度帶來混亂，
而在媽媽因為他而受傷無法畫畫後
，母子關係更加惡化，病態的母親再無法給予，沉浸在自己的失落，
甚至攻擊傷害了允元，被自己媽媽劃傷
，那份恐懼與悲傷是難以想像的痛，而更難承受的是，
媽媽選擇自殺
，允元內在的罪惡、愧疚、懊悔無限上綱，孤獨的反芻長大
他學習到的依附關係是混亂型依附，既渴望親近又過度恐懼，他仍喜歡燿日，但卻沒有勇氣去釐清燿日真實的想法，高度恐懼被拋棄，換得燿日其實不愛自己，那將同時喚起過往的創傷經驗，而他雖然長大了，依舊被困住、依舊是那個害怕被討厭、被拋棄的小孩
儘管還沒有能力愛人，也無法全然逃避、捨棄，他依然想靠近燿日，用自我保護的方式，句句把燿日傷得一遍ㄧ遍，反正不再是自己受傷就好，這樣的親密關係，不存在幸福，允元渴望的關係，向來自欺欺人
-
不知道還要虐多久，實在心疼燿日，心疼他被喜歡的人傷了心又傷了身，他只想繼續守護允元，只想繼續和允元保有連結，他要的一直都很單純😢",2026-03-02 16:08:00,"-BL成癮
-陪我慢慢看漫畫
-寫寫心得，偶爾暴言
（看盜版與未成年請勿追蹤）",失落,needs_manual_review,
jaenokghost,筆筆,"這次免費漫漫看有《棋子的世界》🥹
這部在我心中是很頂的作品，畫風與分鏡呈現得就像動漫一樣流暢而細緻；劇情也相當吸引人，主軸是兇殺案懸疑氛圍開展的故事；感情線更是動人，都城綠和李帝悟在底層的世界相守相依相偎，彼此都充滿不安，害怕被傷害，仍無可救藥的愛上彼此，賭上一切也要守護對方，那種明明自己也一無所有，卻仍想給出自己所有的感情真的很感人🥺
非常喜歡李帝悟充滿邪魅的笑容與詭譎的眼神，還有都城綠因體型差所滿溢的安全感，很帥
這部的車也超好看，想看圓翹屁股不止《2020》的熙渽有，李帝悟的誘臀也堪稱一絕😍相當性感啊
⚠️
不過，也因為帝悟的角色設定是男娼，所以會有強迫性交的劇情，介意的人可以評估自身狀態是否能接受",2026-02-24 13:03:00,"-BL成癮
-陪我慢慢看漫畫
-寫寫心得，偶爾暴言
（看盜版與未成年請勿追蹤）",失落,needs_manual_review,
jaenokghost,筆筆,"《星期一的救贖》
具允元渴望媽媽的愛與親近，原以為是理所當然的母愛，他卻求而不得。媽媽時而靠近時而冷漠，捉摸不定的態度帶來混亂，
而在媽媽因為他而受傷無法畫畫後
，母子關係更加惡化，病態的母親再無法給予，沉浸在自己的失落，
甚至攻擊傷害了允元，被自己媽媽劃傷
，那份恐懼與悲傷是難以想像的痛，而更難承受的是，
媽媽選擇自殺
，允元內在的罪惡、愧疚、懊悔無限上綱，孤獨的反芻長大
他學習到的依附關係是混亂型依附，既渴望親近又過度恐懼，他仍喜歡燿日，但卻沒有勇氣去釐清燿日真實的想法，高度恐懼被拋棄，換得燿日其實不愛自己，那將同時喚起過往的創傷經驗，而他雖然長大了，依舊被困住、依舊是那個害怕被討厭、被拋棄的小孩
儘管還沒有能力愛人，也無法全然逃避、捨棄，他依然想靠近燿日，用自我保護的方式，句句把燿日傷得一遍ㄧ遍，反正不再是自己受傷就好，這樣的親密關係，不存在幸福，允元渴望的關係，向來自欺欺人
-
不知道還要虐多久，實在心疼燿日，心疼他被喜歡的人傷了心又傷了身，他只想繼續守護允元，只想繼續和允元保有連結，他要的一直都很單純😢",2026-03-02 16:08:00,"-BL成癮
-陪我慢慢看漫畫
-寫寫心得，偶爾暴言
（看盜版與未成年請勿追蹤）",失落,needs_manual_review,
jaenokghost,筆筆,"這次免費漫漫看有《棋子的世界》🥹
這部在我心中是很頂的作品，畫風與分鏡呈現得就像動漫一樣流暢而細緻；劇情也相當吸引人，主軸是兇殺案懸疑氛圍開展的故事；感情線更是動人，都城綠和李帝悟在底層的世界相守相依相偎，彼此都充滿不安，害怕被傷害，仍無可救藥的愛上彼此，賭上一切也要守護對方，那種明明自己也一無所有，卻仍想給出自己所有的感情真的很感人🥺
非常喜歡李帝悟充滿邪魅的笑容與詭譎的眼神，還有都城綠因體型差所滿溢的安全感，很帥
這部的車也超好看，想看圓翹屁股不止《2020》的熙渽有，李帝悟的誘臀也堪稱一絕😍相當性感啊
⚠️
不過，也因為帝悟的角色設定是男娼，所以會有強迫性交的劇情，介意的人可以評估自身狀態是否能接受",2026-02-24 13:03:00,"-BL成癮
-陪我慢慢看漫畫
-寫寫心得，偶爾暴言
（看盜版與未成年請勿追蹤）",失落,needs_manual_review,
jaenokghost,筆筆,"《星期一的救贖》
具允元渴望媽媽的愛與親近，原以為是理所當然的母愛，他卻求而不得。媽媽時而靠近時而冷漠，捉摸不定的態度帶來混亂，
而在媽媽因為他而受傷無法畫畫後
，母子關係更加惡化，病態的母親再無法給予，沉浸在自己的失落，
甚至攻擊傷害了允元，被自己媽媽劃傷
，那份恐懼與悲傷是難以想像的痛，而更難承受的是，
媽媽選擇自殺
，允元內在的罪惡、愧疚、懊悔無限上綱，孤獨的反芻長大
他學習到的依附關係是混亂型依附，既渴望親近又過度恐懼，他仍喜歡燿日，但卻沒有勇氣去釐清燿日真實的想法，高度恐懼被拋棄，換得燿日其實不愛自己，那將同時喚起過往的創傷經驗，而他雖然長大了，依舊被困住、依舊是那個害怕被討厭、被拋棄的小孩
儘管還沒有能力愛人，也無法全然逃避、捨棄，他依然想靠近燿日，用自我保護的方式，句句把燿日傷得一遍ㄧ遍，反正不再是自己受傷就好，這樣的親密關係，不存在幸福，允元渴望的關係，向來自欺欺人
-
不知道還要虐多久，實在心疼燿日，心疼他被喜歡的人傷了心又傷了身，他只想繼續守護允元，只想繼續和允元保有連結，他要的一直都很單純😢",2026-03-02 16:08:00,"-BL成癮
-陪我慢慢看漫畫
-寫寫心得，偶爾暴言
（看盜版與未成年請勿追蹤）",失落,needs_manual_review,
jaenokghost,筆筆,"這次免費漫漫看有《棋子的世界》🥹
這部在我心中是很頂的作品，畫風與分鏡呈現得就像動漫一樣流暢而細緻；劇情也相當吸引人，主軸是兇殺案懸疑氛圍開展的故事；感情線更是動人，都城綠和李帝悟在底層的世界相守相依相偎，彼此都充滿不安，害怕被傷害，仍無可救藥的愛上彼此，賭上一切也要守護對方，那種明明自己也一無所有，卻仍想給出自己所有的感情真的很感人🥺
非常喜歡李帝悟充滿邪魅的笑容與詭譎的眼神，還有都城綠因體型差所滿溢的安全感，很帥
這部的車也超好看，想看圓翹屁股不止《2020》的熙渽有，李帝悟的誘臀也堪稱一絕😍相當性感啊
⚠️
不過，也因為帝悟的角色設定是男娼，所以會有強迫性交的劇情，介意的人可以評估自身狀態是否能接受",2026-02-24 13:03:00,"-BL成癮
-陪我慢慢看漫畫
-寫寫心得，偶爾暴言
（看盜版與未成年請勿追蹤）",失落,needs_manual_review,
jaenokghost,筆筆,"《星期一的救贖》
具允元渴望媽媽的愛與親近，原以為是理所當然的母愛，他卻求而不得。媽媽時而靠近時而冷漠，捉摸不定的態度帶來混亂，
而在媽媽因為他而受傷無法畫畫後
，母子關係更加惡化，病態的母親再無法給予，沉浸在自己的失落，
甚至攻擊傷害了允元，被自己媽媽劃傷
，那份恐懼與悲傷是難以想像的痛，而更難承受的是，
媽媽選擇自殺
，允元內在的罪惡、愧疚、懊悔無限上綱，孤獨的反芻長大
他學習到的依附關係是混亂型依附，既渴望親近又過度恐懼，他仍喜歡燿日，但卻沒有勇氣去釐清燿日真實的想法，高度恐懼被拋棄，換得燿日其實不愛自己，那將同時喚起過往的創傷經驗，而他雖然長大了，依舊被困住、依舊是那個害怕被討厭、被拋棄的小孩
儘管還沒有能力愛人，也無法全然逃避、捨棄，他依然想靠近燿日，用自我保護的方式，句句把燿日傷得一遍ㄧ遍，反正不再是自己受傷就好，這樣的親密關係，不存在幸福，允元渴望的關係，向來自欺欺人
-
不知道還要虐多久，實在心疼燿日，心疼他被喜歡的人傷了心又傷了身，他只想繼續守護允元，只想繼續和允元保有連結，他要的一直都很單純😢",2026-03-02 16:08:00,"-BL成癮
-陪我慢慢看漫畫
-寫寫心得，偶爾暴言
（看盜版與未成年請勿追蹤）",失落,needs_manual_review,
jaenokghost,筆筆,"這次免費漫漫看有《棋子的世界》🥹
這部在我心中是很頂的作品，畫風與分鏡呈現得就像動漫一樣流暢而細緻；劇情也相當吸引人，主軸是兇殺案懸疑氛圍開展的故事；感情線更是動人，都城綠和李帝悟在底層的世界相守相依相偎，彼此都充滿不安，害怕被傷害，仍無可救藥的愛上彼此，賭上一切也要守護對方，那種明明自己也一無所有，卻仍想給出自己所有的感情真的很感人🥺
非常喜歡李帝悟充滿邪魅的笑容與詭譎的眼神，還有都城綠因體型差所滿溢的安全感，很帥
這部的車也超好看，想看圓翹屁股不止《2020》的熙渽有，李帝悟的誘臀也堪稱一絕😍相當性感啊
⚠️
不過，也因為帝悟的角色設定是男娼，所以會有強迫性交的劇情，介意的人可以評估自身狀態是否能接受",2026-02-24 13:03:00,"-BL成癮
-陪我慢慢看漫畫
-寫寫心得，偶爾暴言
（看盜版與未成年請勿追蹤）",失落,needs_manual_review,
jaenokghost,筆筆,"《星期一的救贖》
具允元渴望媽媽的愛與親近，原以為是理所當然的母愛，他卻求而不得。媽媽時而靠近時而冷漠，捉摸不定的態度帶來混亂，
而在媽媽因為他而受傷無法畫畫後
，母子關係更加惡化，病態的母親再無法給予，沉浸在自己的失落，
甚至攻擊傷害了允元，被自己媽媽劃傷
，那份恐懼與悲傷是難以想像的痛，而更難承受的是，
媽媽選擇自殺
，允元內在的罪惡、愧疚、懊悔無限上綱，孤獨的反芻長大
他學習到的依附關係是混亂型依附，既渴望親近又過度恐懼，他仍喜歡燿日，但卻沒有勇氣去釐清燿日真實的想法，高度恐懼被拋棄，換得燿日其實不愛自己，那將同時喚起過往的創傷經驗，而他雖然長大了，依舊被困住、依舊是那個害怕被討厭、被拋棄的小孩
儘管還沒有能力愛人，也無法全然逃避、捨棄，他依然想靠近燿日，用自我保護的方式，句句把燿日傷得一遍ㄧ遍，反正不再是自己受傷就好，這樣的親密關係，不存在幸福，允元渴望的關係，向來自欺欺人
-
不知道還要虐多久，實在心疼燿日，心疼他被喜歡的人傷了心又傷了身，他只想繼續守護允元，只想繼續和允元保有連結，他要的一直都很單純😢",2026-03-02 16:08:00,"-BL成癮
-陪我慢慢看漫畫
-寫寫心得，偶爾暴言
（看盜版與未成年請勿追蹤）",失落,needs_manual_review,
jaenokghost,筆筆,"這次免費漫漫看有《棋子的世界》🥹
這部在我心中是很頂的作品，畫風與分鏡呈現得就像動漫一樣流暢而細緻；劇情也相當吸引人，主軸是兇殺案懸疑氛圍開展的故事；感情線更是動人，都城綠和李帝悟在底層的世界相守相依相偎，彼此都充滿不安，害怕被傷害，仍無可救藥的愛上彼此，賭上一切也要守護對方，那種明明自己也一無所有，卻仍想給出自己所有的感情真的很感人🥺
非常喜歡李帝悟充滿邪魅的笑容與詭譎的眼神，還有都城綠因體型差所滿溢的安全感，很帥
這部的車也超好看，想看圓翹屁股不止《2020》的熙渽有，李帝悟的誘臀也堪稱一絕😍相當性感啊
⚠️
不過，也因為帝悟的角色設定是男娼，所以會有強迫性交的劇情，介意的人可以評估自身狀態是否能接受",2026-02-24 13:03:00,"-BL成癮
-陪我慢慢看漫畫
-寫寫心得，偶爾暴言
（看盜版與未成年請勿追蹤）",失落,needs_manual_review,
theoverlander_hk,The Overlander,"15集嘅節目播完，有冇人同小編￼一樣覺得好失落￼￼？🥲
既然係咁，不如一齊重溫佢哋每套靚衫🤗￼
￼￼小編￼推介：
小貓￼😽￼湖水綠montbell ￼防水jacket
凌凌❤️紅色CHUMS冷帽￼￼
良哥🏀Millet  2-tone ￼防水jacket
Meanya🔥Outdoor Research 米白色￼防水jacket
實在太多心水不能盡錄，你又最鍾意邊一個item呢？",2026-03-01 23:58:00,"全港最具規模的野外用品連鎖店，八間分店遍佈港九，銷售品牌包括montbell, Gregory, Chums, Salomon, Mammut, Millet, Outdoor Research, Helinox, Deuter, MSR…. 等等，不能盡錄🙂",失落,business,
theoverlander_hk,The Overlander,"有冇人同小編一樣好鬼喜歡￼呢個TRIO￼☺️？
Maya+Tracy+Wade🔺",2026-02-26 19:17:00,"全港最具規模的野外用品連鎖店，八間分店遍佈港九，銷售品牌包括montbell, Gregory, Chums, Salomon, Mammut, Millet, Outdoor Research, Helinox, Deuter, MSR…. 等等，不能盡錄🙂",失落,business,
theoverlander_hk,The Overlander,"睇住節目中各參加者￼着住我哋嘅【AKU登山鞋】一步一步登上高山，￼小編￼￼心中實在太感動🥹￼￼🥹
當日我哋接到￼任務要為參加者￼選擇裝備嘅時候，一早已經鎖定要提供￼意大利品牌AKU￼嘅重型登山鞋俾佢哋😌 因為Mike ￼導選擇嘅路線實在係another level of shit，￼冇返一對咁上下￼功力嘅行山鞋真係搞唔掂。￼鞋底要抗滑咬地，鞋身要提供足夠支撐去保護腳￼踝，咁先可以確保大家￼￼無懼崎嶇山路向着心中所愛勇往直前￼￼￼￼㗎嘛😎
再次多謝Mike導￼￼為我哋拍咗呢條別出心裁嘅小廣告，咁大家就知道下次要買行山鞋要去邊度啦￼￼￼😌",2026-02-25 19:10:00,"全港最具規模的野外用品連鎖店，八間分店遍佈港九，銷售品牌包括montbell, Gregory, Chums, Salomon, Mammut, Millet, Outdoor Research, Helinox, Deuter, MSR…. 等等，不能盡錄🙂",失落,business,
theoverlander_hk,The Overlander,"15集嘅節目播完，有冇人同小編￼一樣覺得好失落￼￼？🥲
既然係咁，不如一齊重溫佢哋每套靚衫🤗￼
￼￼小編￼推介：
小貓￼😽￼湖水綠montbell ￼防水jacket
凌凌❤️紅色CHUMS冷帽￼￼
良哥🏀Millet  2-tone ￼防水jacket
Meanya🔥Outdoor Research 米白色￼防水jacket
實在太多心水不能盡錄，你又最鍾意邊一個item呢？",2026-03-01 23:58:00,"全港最具規模的野外用品連鎖店，八間分店遍佈港九，銷售品牌包括montbell, Gregory, Chums, Salomon, Mammut, Millet, Outdoor Research, Helinox, Deuter, MSR…. 等等，不能盡錄🙂",失落,business,
theoverlander_hk,The Overlander,"有冇人同小編一樣好鬼喜歡￼呢個TRIO￼☺️？
Maya+Tracy+Wade🔺",2026-02-26 19:17:00,"全港最具規模的野外用品連鎖店，八間分店遍佈港九，銷售品牌包括montbell, Gregory, Chums, Salomon, Mammut, Millet, Outdoor Research, Helinox, Deuter, MSR…. 等等，不能盡錄🙂",失落,business,
theoverlander_hk,The Overlander,"睇住節目中各參加者￼着住我哋嘅【AKU登山鞋】一步一步登上高山，￼小編￼￼心中實在太感動🥹￼￼🥹
當日我哋接到￼任務要為參加者￼選擇裝備嘅時候，一早已經鎖定要提供￼意大利品牌AKU￼嘅重型登山鞋俾佢哋😌 因為Mike ￼導選擇嘅路線實在係another level of shit，￼冇返一對咁上下￼功力嘅行山鞋真係搞唔掂。￼鞋底要抗滑咬地，鞋身要提供足夠支撐去保護腳￼踝，咁先可以確保大家￼￼無懼崎嶇山路向着心中所愛勇往直前￼￼￼￼㗎嘛😎
再次多謝Mike導￼￼為我哋拍咗呢條別出心裁嘅小廣告，咁大家就知道下次要買行山鞋要去邊度啦￼￼￼😌",2026-02-25 19:10:00,"全港最具規模的野外用品連鎖店，八間分店遍佈港九，銷售品牌包括montbell, Gregory, Chums, Salomon, Mammut, Millet, Outdoor Research, Helinox, Deuter, MSR…. 等等，不能盡錄🙂",失落,business,
theoverlander_hk,The Overlander,"15集嘅節目播完，有冇人同小編￼一樣覺得好失落￼￼？🥲
既然係咁，不如一齊重溫佢哋每套靚衫🤗￼
￼￼小編￼推介：
小貓￼😽￼湖水綠montbell ￼防水jacket
凌凌❤️紅色CHUMS冷帽￼￼
良哥🏀Millet  2-tone ￼防水jacket
Meanya🔥Outdoor Research 米白色￼防水jacket
實在太多心水不能盡錄，你又最鍾意邊一個item呢？",2026-03-01 23:58:00,"全港最具規模的野外用品連鎖店，八間分店遍佈港九，銷售品牌包括montbell, Gregory, Chums, Salomon, Mammut, Millet, Outdoor Research, Helinox, Deuter, MSR…. 等等，不能盡錄🙂",失落,business,
theoverlander_hk,The Overlander,"有冇人同小編一樣好鬼喜歡￼呢個TRIO￼☺️？
Maya+Tracy+Wade🔺",2026-02-26 19:17:00,"全港最具規模的野外用品連鎖店，八間分店遍佈港九，銷售品牌包括montbell, Gregory, Chums, Salomon, Mammut, Millet, Outdoor Research, Helinox, Deuter, MSR…. 等等，不能盡錄🙂",失落,business,
theoverlander_hk,The Overlander,"睇住節目中各參加者￼着住我哋嘅【AKU登山鞋】一步一步登上高山，￼小編￼￼心中實在太感動🥹￼￼🥹
當日我哋接到￼任務要為參加者￼選擇裝備嘅時候，一早已經鎖定要提供￼意大利品牌AKU￼嘅重型登山鞋俾佢哋😌 因為Mike ￼導選擇嘅路線實在係another level of shit，￼冇返一對咁上下￼功力嘅行山鞋真係搞唔掂。￼鞋底要抗滑咬地，鞋身要提供足夠支撐去保護腳￼踝，咁先可以確保大家￼￼無懼崎嶇山路向着心中所愛勇往直前￼￼￼￼㗎嘛😎
再次多謝Mike導￼￼為我哋拍咗呢條別出心裁嘅小廣告，咁大家就知道下次要買行山鞋要去邊度啦￼￼￼😌",2026-02-25 19:10:00,"全港最具規模的野外用品連鎖店，八間分店遍佈港九，銷售品牌包括montbell, Gregory, Chums, Salomon, Mammut, Millet, Outdoor Research, Helinox, Deuter, MSR…. 等等，不能盡錄🙂",失落,business,
theoverlander_hk,The Overlander,"15集嘅節目播完，有冇人同小編￼一樣覺得好失落￼￼？🥲
既然係咁，不如一齊重溫佢哋每套靚衫🤗￼
￼￼小編￼推介：
小貓￼😽￼湖水綠montbell ￼防水jacket
凌凌❤️紅色CHUMS冷帽￼￼
良哥🏀Millet  2-tone ￼防水jacket
Meanya🔥Outdoor Research 米白色￼防水jacket
實在太多心水不能盡錄，你又最鍾意邊一個item呢？",2026-03-01 23:58:00,"全港最具規模的野外用品連鎖店，八間分店遍佈港九，銷售品牌包括montbell, Gregory, Chums, Salomon, Mammut, Millet, Outdoor Research, Helinox, Deuter, MSR…. 等等，不能盡錄🙂",失落,business,
theoverlander_hk,The Overlander,"有冇人同小編一樣好鬼喜歡￼呢個TRIO￼☺️？
Maya+Tracy+Wade🔺",2026-02-26 19:17:00,"全港最具規模的野外用品連鎖店，八間分店遍佈港九，銷售品牌包括montbell, Gregory, Chums, Salomon, Mammut, Millet, Outdoor Research, Helinox, Deuter, MSR…. 等等，不能盡錄🙂",失落,business,
theoverlander_hk,The Overlander,"睇住節目中各參加者￼着住我哋嘅【AKU登山鞋】一步一步登上高山，￼小編￼￼心中實在太感動🥹￼￼🥹
當日我哋接到￼任務要為參加者￼選擇裝備嘅時候，一早已經鎖定要提供￼意大利品牌AKU￼嘅重型登山鞋俾佢哋😌 因為Mike ￼導選擇嘅路線實在係another level of shit，￼冇返一對咁上下￼功力嘅行山鞋真係搞唔掂。￼鞋底要抗滑咬地，鞋身要提供足夠支撐去保護腳￼踝，咁先可以確保大家￼￼無懼崎嶇山路向着心中所愛勇往直前￼￼￼￼㗎嘛😎
再次多謝Mike導￼￼為我哋拍咗呢條別出心裁嘅小廣告，咁大家就知道下次要買行山鞋要去邊度啦￼￼￼😌",2026-02-25 19:10:00,"全港最具規模的野外用品連鎖店，八間分店遍佈港九，銷售品牌包括montbell, Gregory, Chums, Salomon, Mammut, Millet, Outdoor Research, Helinox, Deuter, MSR…. 等等，不能盡錄🙂",失落,business,
theoverlander_hk,The Overlander,"15集嘅節目播完，有冇人同小編￼一樣覺得好失落￼￼？🥲
既然係咁，不如一齊重溫佢哋每套靚衫🤗￼
￼￼小編￼推介：
小貓￼😽￼湖水綠montbell ￼防水jacket
凌凌❤️紅色CHUMS冷帽￼￼
良哥🏀Millet  2-tone ￼防水jacket
Meanya🔥Outdoor Research 米白色￼防水jacket
實在太多心水不能盡錄，你又最鍾意邊一個item呢？",2026-03-01 23:58:00,"全港最具規模的野外用品連鎖店，八間分店遍佈港九，銷售品牌包括montbell, Gregory, Chums, Salomon, Mammut, Millet, Outdoor Research, Helinox, Deuter, MSR…. 等等，不能盡錄🙂",失落,business,
theoverlander_hk,The Overlander,"有冇人同小編一樣好鬼喜歡￼呢個TRIO￼☺️？
Maya+Tracy+Wade🔺",2026-02-26 19:17:00,"全港最具規模的野外用品連鎖店，八間分店遍佈港九，銷售品牌包括montbell, Gregory, Chums, Salomon, Mammut, Millet, Outdoor Research, Helinox, Deuter, MSR…. 等等，不能盡錄🙂",失落,business,
theoverlander_hk,The Overlander,"睇住節目中各參加者￼着住我哋嘅【AKU登山鞋】一步一步登上高山，￼小編￼￼心中實在太感動🥹￼￼🥹
當日我哋接到￼任務要為參加者￼選擇裝備嘅時候，一早已經鎖定要提供￼意大利品牌AKU￼嘅重型登山鞋俾佢哋😌 因為Mike ￼導選擇嘅路線實在係another level of shit，￼冇返一對咁上下￼功力嘅行山鞋真係搞唔掂。￼鞋底要抗滑咬地，鞋身要提供足夠支撐去保護腳￼踝，咁先可以確保大家￼￼無懼崎嶇山路向着心中所愛勇往直前￼￼￼￼㗎嘛😎
再次多謝Mike導￼￼為我哋拍咗呢條別出心裁嘅小廣告，咁大家就知道下次要買行山鞋要去邊度啦￼￼￼😌",2026-02-25 19:10:00,"全港最具規模的野外用品連鎖店，八間分店遍佈港九，銷售品牌包括montbell, Gregory, Chums, Salomon, Mammut, Millet, Outdoor Research, Helinox, Deuter, MSR…. 等等，不能盡錄🙂",失落,business,
theoverlander_hk,The Overlander,"15集嘅節目播完，有冇人同小編￼一樣覺得好失落￼￼？🥲
既然係咁，不如一齊重溫佢哋每套靚衫🤗￼
￼￼小編￼推介：
小貓￼😽￼湖水綠montbell ￼防水jacket
凌凌❤️紅色CHUMS冷帽￼￼
良哥🏀Millet  2-tone ￼防水jacket
Meanya🔥Outdoor Research 米白色￼防水jacket
實在太多心水不能盡錄，你又最鍾意邊一個item呢？",2026-03-01 23:58:00,"全港最具規模的野外用品連鎖店，八間分店遍佈港九，銷售品牌包括montbell, Gregory, Chums, Salomon, Mammut, Millet, Outdoor Research, Helinox, Deuter, MSR…. 等等，不能盡錄🙂",失落,business,
theoverlander_hk,The Overlander,"有冇人同小編一樣好鬼喜歡￼呢個TRIO￼☺️？
Maya+Tracy+Wade🔺",2026-02-26 19:17:00,"全港最具規模的野外用品連鎖店，八間分店遍佈港九，銷售品牌包括montbell, Gregory, Chums, Salomon, Mammut, Millet, Outdoor Research, Helinox, Deuter, MSR…. 等等，不能盡錄🙂",失落,business,
theoverlander_hk,The Overlander,"睇住節目中各參加者￼着住我哋嘅【AKU登山鞋】一步一步登上高山，￼小編￼￼心中實在太感動🥹￼￼🥹
當日我哋接到￼任務要為參加者￼選擇裝備嘅時候，一早已經鎖定要提供￼意大利品牌AKU￼嘅重型登山鞋俾佢哋😌 因為Mike ￼導選擇嘅路線實在係another level of shit，￼冇返一對咁上下￼功力嘅行山鞋真係搞唔掂。￼鞋底要抗滑咬地，鞋身要提供足夠支撐去保護腳￼踝，咁先可以確保大家￼￼無懼崎嶇山路向着心中所愛勇往直前￼￼￼￼㗎嘛😎
再次多謝Mike導￼￼為我哋拍咗呢條別出心裁嘅小廣告，咁大家就知道下次要買行山鞋要去邊度啦￼￼￼😌",2026-02-25 19:10:00,"全港最具規模的野外用品連鎖店，八間分店遍佈港九，銷售品牌包括montbell, Gregory, Chums, Salomon, Mammut, Millet, Outdoor Research, Helinox, Deuter, MSR…. 等等，不能盡錄🙂",失落,business,
theoverlander_hk,The Overlander,"15集嘅節目播完，有冇人同小編￼一樣覺得好失落￼￼？🥲
既然係咁，不如一齊重溫佢哋每套靚衫🤗￼
￼￼小編￼推介：
小貓￼😽￼湖水綠montbell ￼防水jacket
凌凌❤️紅色CHUMS冷帽￼￼
良哥🏀Millet  2-tone ￼防水jacket
Meanya🔥Outdoor Research 米白色￼防水jacket
實在太多心水不能盡錄，你又最鍾意邊一個item呢？",2026-03-01 23:58:00,"全港最具規模的野外用品連鎖店，八間分店遍佈港九，銷售品牌包括montbell, Gregory, Chums, Salomon, Mammut, Millet, Outdoor Research, Helinox, Deuter, MSR…. 等等，不能盡錄🙂",失落,business,
theoverlander_hk,The Overlander,"有冇人同小編一樣好鬼喜歡￼呢個TRIO￼☺️？
Maya+Tracy+Wade🔺",2026-02-26 19:17:00,"全港最具規模的野外用品連鎖店，八間分店遍佈港九，銷售品牌包括montbell, Gregory, Chums, Salomon, Mammut, Millet, Outdoor Research, Helinox, Deuter, MSR…. 等等，不能盡錄🙂",失落,business,
theoverlander_hk,The Overlander,"睇住節目中各參加者￼着住我哋嘅【AKU登山鞋】一步一步登上高山，￼小編￼￼心中實在太感動🥹￼￼🥹
當日我哋接到￼任務要為參加者￼選擇裝備嘅時候，一早已經鎖定要提供￼意大利品牌AKU￼嘅重型登山鞋俾佢哋😌 因為Mike ￼導選擇嘅路線實在係another level of shit，￼冇返一對咁上下￼功力嘅行山鞋真係搞唔掂。￼鞋底要抗滑咬地，鞋身要提供足夠支撐去保護腳￼踝，咁先可以確保大家￼￼無懼崎嶇山路向着心中所愛勇往直前￼￼￼￼㗎嘛😎
再次多謝Mike導￼￼為我哋拍咗呢條別出心裁嘅小廣告，咁大家就知道下次要買行山鞋要去邊度啦￼￼￼😌",2026-02-25 19:10:00,"全港最具規模的野外用品連鎖店，八間分店遍佈港九，銷售品牌包括montbell, Gregory, Chums, Salomon, Mammut, Millet, Outdoor Research, Helinox, Deuter, MSR…. 等等，不能盡錄🙂",失落,business,
theoverlander_hk,The Overlander,"15集嘅節目播完，有冇人同小編￼一樣覺得好失落￼￼？🥲
既然係咁，不如一齊重溫佢哋每套靚衫🤗￼
￼￼小編￼推介：
小貓￼😽￼湖水綠montbell ￼防水jacket
凌凌❤️紅色CHUMS冷帽￼￼
良哥🏀Millet  2-tone ￼防水jacket
Meanya🔥Outdoor Research 米白色￼防水jacket
實在太多心水不能盡錄，你又最鍾意邊一個item呢？",2026-03-01 23:58:00,"全港最具規模的野外用品連鎖店，八間分店遍佈港九，銷售品牌包括montbell, Gregory, Chums, Salomon, Mammut, Millet, Outdoor Research, Helinox, Deuter, MSR…. 等等，不能盡錄🙂",失落,business,
theoverlander_hk,The Overlander,"有冇人同小編一樣好鬼喜歡￼呢個TRIO￼☺️？
Maya+Tracy+Wade🔺",2026-02-26 19:17:00,"全港最具規模的野外用品連鎖店，八間分店遍佈港九，銷售品牌包括montbell, Gregory, Chums, Salomon, Mammut, Millet, Outdoor Research, Helinox, Deuter, MSR…. 等等，不能盡錄🙂",失落,business,
theoverlander_hk,The Overlander,"睇住節目中各參加者￼着住我哋嘅【AKU登山鞋】一步一步登上高山，￼小編￼￼心中實在太感動🥹￼￼🥹
當日我哋接到￼任務要為參加者￼選擇裝備嘅時候，一早已經鎖定要提供￼意大利品牌AKU￼嘅重型登山鞋俾佢哋😌 因為Mike ￼導選擇嘅路線實在係another level of shit，￼冇返一對咁上下￼功力嘅行山鞋真係搞唔掂。￼鞋底要抗滑咬地，鞋身要提供足夠支撐去保護腳￼踝，咁先可以確保大家￼￼無懼崎嶇山路向着心中所愛勇往直前￼￼￼￼㗎嘛😎
再次多謝Mike導￼￼為我哋拍咗呢條別出心裁嘅小廣告，咁大家就知道下次要買行山鞋要去邊度啦￼￼￼😌",2026-02-25 19:10:00,"全港最具規模的野外用品連鎖店，八間分店遍佈港九，銷售品牌包括montbell, Gregory, Chums, Salomon, Mammut, Millet, Outdoor Research, Helinox, Deuter, MSR…. 等等，不能盡錄🙂",失落,business,
theoverlander_hk,The Overlander,"15集嘅節目播完，有冇人同小編￼一樣覺得好失落￼￼？🥲
既然係咁，不如一齊重溫佢哋每套靚衫🤗￼
￼￼小編￼推介：
小貓￼😽￼湖水綠montbell ￼防水jacket
凌凌❤️紅色CHUMS冷帽￼￼
良哥🏀Millet  2-tone ￼防水jacket
Meanya🔥Outdoor Research 米白色￼防水jacket
實在太多心水不能盡錄，你又最鍾意邊一個item呢？",2026-03-01 23:58:00,"全港最具規模的野外用品連鎖店，八間分店遍佈港九，銷售品牌包括montbell, Gregory, Chums, Salomon, Mammut, Millet, Outdoor Research, Helinox, Deuter, MSR…. 等等，不能盡錄🙂",失落,business,
theoverlander_hk,The Overlander,"有冇人同小編一樣好鬼喜歡￼呢個TRIO￼☺️？
Maya+Tracy+Wade🔺",2026-02-26 19:17:00,"全港最具規模的野外用品連鎖店，八間分店遍佈港九，銷售品牌包括montbell, Gregory, Chums, Salomon, Mammut, Millet, Outdoor Research, Helinox, Deuter, MSR…. 等等，不能盡錄🙂",失落,business,
theoverlander_hk,The Overlander,"睇住節目中各參加者￼着住我哋嘅【AKU登山鞋】一步一步登上高山，￼小編￼￼心中實在太感動🥹￼￼🥹
當日我哋接到￼任務要為參加者￼選擇裝備嘅時候，一早已經鎖定要提供￼意大利品牌AKU￼嘅重型登山鞋俾佢哋😌 因為Mike ￼導選擇嘅路線實在係another level of shit，￼冇返一對咁上下￼功力嘅行山鞋真係搞唔掂。￼鞋底要抗滑咬地，鞋身要提供足夠支撐去保護腳￼踝，咁先可以確保大家￼￼無懼崎嶇山路向着心中所愛勇往直前￼￼￼￼㗎嘛😎
再次多謝Mike導￼￼為我哋拍咗呢條別出心裁嘅小廣告，咁大家就知道下次要買行山鞋要去邊度啦￼￼￼😌",2026-02-25 19:10:00,"全港最具規模的野外用品連鎖店，八間分店遍佈港九，銷售品牌包括montbell, Gregory, Chums, Salomon, Mammut, Millet, Outdoor Research, Helinox, Deuter, MSR…. 等等，不能盡錄🙂",失落,business,
theoverlander_hk,The Overlander,"15集嘅節目播完，有冇人同小編￼一樣覺得好失落￼￼？🥲
既然係咁，不如一齊重溫佢哋每套靚衫🤗￼
￼￼小編￼推介：
小貓￼😽￼湖水綠montbell ￼防水jacket
凌凌❤️紅色CHUMS冷帽￼￼
良哥🏀Millet  2-tone ￼防水jacket
Meanya🔥Outdoor Research 米白色￼防水jacket
實在太多心水不能盡錄，你又最鍾意邊一個item呢？",2026-03-01 23:58:00,"全港最具規模的野外用品連鎖店，八間分店遍佈港九，銷售品牌包括montbell, Gregory, Chums, Salomon, Mammut, Millet, Outdoor Research, Helinox, Deuter, MSR…. 等等，不能盡錄🙂",失落,business,
theoverlander_hk,The Overlander,"有冇人同小編一樣好鬼喜歡￼呢個TRIO￼☺️？
Maya+Tracy+Wade🔺",2026-02-26 19:17:00,"全港最具規模的野外用品連鎖店，八間分店遍佈港九，銷售品牌包括montbell, Gregory, Chums, Salomon, Mammut, Millet, Outdoor Research, Helinox, Deuter, MSR…. 等等，不能盡錄🙂",失落,business,
theoverlander_hk,The Overlander,"睇住節目中各參加者￼着住我哋嘅【AKU登山鞋】一步一步登上高山，￼小編￼￼心中實在太感動🥹￼￼🥹
當日我哋接到￼任務要為參加者￼選擇裝備嘅時候，一早已經鎖定要提供￼意大利品牌AKU￼嘅重型登山鞋俾佢哋😌 因為Mike ￼導選擇嘅路線實在係another level of shit，￼冇返一對咁上下￼功力嘅行山鞋真係搞唔掂。￼鞋底要抗滑咬地，鞋身要提供足夠支撐去保護腳￼踝，咁先可以確保大家￼￼無懼崎嶇山路向着心中所愛勇往直前￼￼￼￼㗎嘛😎
再次多謝Mike導￼￼為我哋拍咗呢條別出心裁嘅小廣告，咁大家就知道下次要買行山鞋要去邊度啦￼￼￼😌",2026-02-25 19:10:00,"全港最具規模的野外用品連鎖店，八間分店遍佈港九，銷售品牌包括montbell, Gregory, Chums, Salomon, Mammut, Millet, Outdoor Research, Helinox, Deuter, MSR…. 等等，不能盡錄🙂",失落,business,
kiwi.o21_,𝐾𝑖𝑤𝑖 🥝,"今天是第一次去心理諮商，所以想要簡單分享一下。今天是分手的第90天，在一個黑暗的迴圈裡經歷了很多次心理變化。有積極的也有消極的，雖然消極存在的時間並不長。但通常消極的感受都是「為什麼我的優點都不被看見」「我不被愛」這類字詞。對於還需要正常上班睡覺生活的我，這些情緒會感受到負擔，非常臨時的預約了當天的諮商。
在諮商的過程時隔3個月我流下眼淚，覺得這陣子都沒有好好安撫內心的委屈感，讓內在小孩感到孤單無助。講到具體委屈的時候流出眼淚的瞬間是感到很痛快的。有時也會懊惱如果當時我夠勇敢劃清界線講出我的不滿照顧我的感受該有多好。可惜大多時候我選擇了表面假象的和平。以為這樣就沒事了。
我的親身經歷談戀愛沒事不要委屈自己。不是說什麼都要大發飆或口氣差，我們常認為先委屈一下給對方台階下，往往對方沒那麼細心根本感受不到你的不滿與變化。不要以為過去就算了，某天夜深人靜封存在心底的委屈一擁而上，很多畫面呈現在腦袋，我個人認為談戀愛真的不是談成這副模樣。
最後文末想顯化喊話一下希望可以遇到安全依附的人，彼此享受生活的精彩。還有諮商並不需要鼓起勇氣也不用害羞，有難以向身邊家人朋友吐露的煩惱請多加善用心理諮商。",2026-03-01 20:57:00,每天都學著更樂觀一點。,心理諮商,pass,
kiwi.o21_,𝐾𝑖𝑤𝑖 🥝,"📍暖暮甜廚
適合I人的基隆餐酒館(﹡ˆ﹀ˆ﹡)
白天跟晚上氛圍很不同
一個人坐在窗邊喝著特調好快樂
最喜歡老闆的甜點了🤍
大推布丁跟巧克力捲都有驚喜
吃得下的話也絕對要點舒芙蕾～",2026-02-28 21:04:00,每天都學著更樂觀一點。,心理諮商,pass,
kiwi.o21_,𝐾𝑖𝑤𝑖 🥝,"睽違一年的SJO
從Bitter set ↬ Sweet set
終於遇到好天氣
冬天的台南實在太好了吧 ☕︎",2026-02-24 10:33:00,每天都學著更樂觀一點。,心理諮商,pass,
kiwi.o21_,𝐾𝑖𝑤𝑖 🥝,"過年沒有大魚大肉
熱量quota交給福客滿了 💞( *¯꒳¯*)
10幾道小料理 都太下酒了吧🍻
蘋果酒清爽好喝超喜歡
感謝朋朋一起吃才有辦法多點幾道～",2026-02-23 16:39:00,每天都學著更樂觀一點。,心理諮商,pass,
kiwi.o21_,𝐾𝑖𝑤𝑖 🥝,"今天是第一次去心理諮商，所以想要簡單分享一下。今天是分手的第90天，在一個黑暗的迴圈裡經歷了很多次心理變化。有積極的也有消極的，雖然消極存在的時間並不長。但通常消極的感受都是「為什麼我的優點都不被看見」「我不被愛」這類字詞。對於還需要正常上班睡覺生活的我，這些情緒會感受到負擔，非常臨時的預約了當天的諮商。
在諮商的過程時隔3個月我流下眼淚，覺得這陣子都沒有好好安撫內心的委屈感，讓內在小孩感到孤單無助。講到具體委屈的時候流出眼淚的瞬間是感到很痛快的。有時也會懊惱如果當時我夠勇敢劃清界線講出我的不滿照顧我的感受該有多好。可惜大多時候我選擇了表面假象的和平。以為這樣就沒事了。
我的親身經歷談戀愛沒事不要委屈自己。不是說什麼都要大發飆或口氣差，我們常認為先委屈一下給對方台階下，往往對方沒那麼細心根本感受不到你的不滿與變化。不要以為過去就算了，某天夜深人靜封存在心底的委屈一擁而上，很多畫面呈現在腦袋，我個人認為談戀愛真的不是談成這副模樣。
最後文末想顯化喊話一下希望可以遇到安全依附的人，彼此享受生活的精彩。還有諮商並不需要鼓起勇氣也不用害羞，有難以向身邊家人朋友吐露的煩惱請多加善用心理諮商。",2026-03-01 20:57:00,每天都學著更樂觀一點。,心理諮商,pass,
kiwi.o21_,𝐾𝑖𝑤𝑖 🥝,"📍暖暮甜廚
適合I人的基隆餐酒館(﹡ˆ﹀ˆ﹡)
白天跟晚上氛圍很不同
一個人坐在窗邊喝著特調好快樂
最喜歡老闆的甜點了🤍
大推布丁跟巧克力捲都有驚喜
吃得下的話也絕對要點舒芙蕾～",2026-02-28 21:04:00,每天都學著更樂觀一點。,心理諮商,pass,
kiwi.o21_,𝐾𝑖𝑤𝑖 🥝,"睽違一年的SJO
從Bitter set ↬ Sweet set
終於遇到好天氣
冬天的台南實在太好了吧 ☕︎",2026-02-24 10:33:00,每天都學著更樂觀一點。,心理諮商,pass,
kiwi.o21_,𝐾𝑖𝑤𝑖 🥝,"過年沒有大魚大肉
熱量quota交給福客滿了 💞( *¯꒳¯*)
10幾道小料理 都太下酒了吧🍻
蘋果酒清爽好喝超喜歡
感謝朋朋一起吃才有辦法多點幾道～",2026-02-23 16:39:00,每天都學著更樂觀一點。,心理諮商,pass,
kiwi.o21_,𝐾𝑖𝑤𝑖 🥝,"今天是第一次去心理諮商，所以想要簡單分享一下。今天是分手的第90天，在一個黑暗的迴圈裡經歷了很多次心理變化。有積極的也有消極的，雖然消極存在的時間並不長。但通常消極的感受都是「為什麼我的優點都不被看見」「我不被愛」這類字詞。對於還需要正常上班睡覺生活的我，這些情緒會感受到負擔，非常臨時的預約了當天的諮商。
在諮商的過程時隔3個月我流下眼淚，覺得這陣子都沒有好好安撫內心的委屈感，讓內在小孩感到孤單無助。講到具體委屈的時候流出眼淚的瞬間是感到很痛快的。有時也會懊惱如果當時我夠勇敢劃清界線講出我的不滿照顧我的感受該有多好。可惜大多時候我選擇了表面假象的和平。以為這樣就沒事了。
我的親身經歷談戀愛沒事不要委屈自己。不是說什麼都要大發飆或口氣差，我們常認為先委屈一下給對方台階下，往往對方沒那麼細心根本感受不到你的不滿與變化。不要以為過去就算了，某天夜深人靜封存在心底的委屈一擁而上，很多畫面呈現在腦袋，我個人認為談戀愛真的不是談成這副模樣。
最後文末想顯化喊話一下希望可以遇到安全依附的人，彼此享受生活的精彩。還有諮商並不需要鼓起勇氣也不用害羞，有難以向身邊家人朋友吐露的煩惱請多加善用心理諮商。",2026-03-01 20:57:00,每天都學著更樂觀一點。,心理諮商,pass,
kiwi.o21_,𝐾𝑖𝑤𝑖 🥝,"📍暖暮甜廚
適合I人的基隆餐酒館(﹡ˆ﹀ˆ﹡)
白天跟晚上氛圍很不同
一個人坐在窗邊喝著特調好快樂
最喜歡老闆的甜點了🤍
大推布丁跟巧克力捲都有驚喜
吃得下的話也絕對要點舒芙蕾～",2026-02-28 21:04:00,每天都學著更樂觀一點。,心理諮商,pass,
kiwi.o21_,𝐾𝑖𝑤𝑖 🥝,"睽違一年的SJO
從Bitter set ↬ Sweet set
終於遇到好天氣
冬天的台南實在太好了吧 ☕︎",2026-02-24 10:33:00,每天都學著更樂觀一點。,心理諮商,pass,
kiwi.o21_,𝐾𝑖𝑤𝑖 🥝,"過年沒有大魚大肉
熱量quota交給福客滿了 💞( *¯꒳¯*)
10幾道小料理 都太下酒了吧🍻
蘋果酒清爽好喝超喜歡
感謝朋朋一起吃才有辦法多點幾道～",2026-02-23 16:39:00,每天都學著更樂觀一點。,心理諮商,pass,
kiwi.o21_,𝐾𝑖𝑤𝑖 🥝,"今天是第一次去心理諮商，所以想要簡單分享一下。今天是分手的第90天，在一個黑暗的迴圈裡經歷了很多次心理變化。有積極的也有消極的，雖然消極存在的時間並不長。但通常消極的感受都是「為什麼我的優點都不被看見」「我不被愛」這類字詞。對於還需要正常上班睡覺生活的我，這些情緒會感受到負擔，非常臨時的預約了當天的諮商。
在諮商的過程時隔3個月我流下眼淚，覺得這陣子都沒有好好安撫內心的委屈感，讓內在小孩感到孤單無助。講到具體委屈的時候流出眼淚的瞬間是感到很痛快的。有時也會懊惱如果當時我夠勇敢劃清界線講出我的不滿照顧我的感受該有多好。可惜大多時候我選擇了表面假象的和平。以為這樣就沒事了。
我的親身經歷談戀愛沒事不要委屈自己。不是說什麼都要大發飆或口氣差，我們常認為先委屈一下給對方台階下，往往對方沒那麼細心根本感受不到你的不滿與變化。不要以為過去就算了，某天夜深人靜封存在心底的委屈一擁而上，很多畫面呈現在腦袋，我個人認為談戀愛真的不是談成這副模樣。
最後文末想顯化喊話一下希望可以遇到安全依附的人，彼此享受生活的精彩。還有諮商並不需要鼓起勇氣也不用害羞，有難以向身邊家人朋友吐露的煩惱請多加善用心理諮商。",2026-03-01 20:57:00,每天都學著更樂觀一點。,心理諮商,pass,
kiwi.o21_,𝐾𝑖𝑤𝑖 🥝,"📍暖暮甜廚
適合I人的基隆餐酒館(﹡ˆ﹀ˆ﹡)
白天跟晚上氛圍很不同
一個人坐在窗邊喝著特調好快樂
最喜歡老闆的甜點了🤍
大推布丁跟巧克力捲都有驚喜
吃得下的話也絕對要點舒芙蕾～",2026-02-28 21:04:00,每天都學著更樂觀一點。,心理諮商,pass,
kiwi.o21_,𝐾𝑖𝑤𝑖 🥝,"睽違一年的SJO
從Bitter set ↬ Sweet set
終於遇到好天氣
冬天的台南實在太好了吧 ☕︎",2026-02-24 10:33:00,每天都學著更樂觀一點。,心理諮商,pass,
kiwi.o21_,𝐾𝑖𝑤𝑖 🥝,"過年沒有大魚大肉
熱量quota交給福客滿了 💞( *¯꒳¯*)
10幾道小料理 都太下酒了吧🍻
蘋果酒清爽好喝超喜歡
感謝朋朋一起吃才有辦法多點幾道～",2026-02-23 16:39:00,每天都學著更樂觀一點。,心理諮商,pass,
kiwi.o21_,𝐾𝑖𝑤𝑖 🥝,"今天是第一次去心理諮商，所以想要簡單分享一下。今天是分手的第90天，在一個黑暗的迴圈裡經歷了很多次心理變化。有積極的也有消極的，雖然消極存在的時間並不長。但通常消極的感受都是「為什麼我的優點都不被看見」「我不被愛」這類字詞。對於還需要正常上班睡覺生活的我，這些情緒會感受到負擔，非常臨時的預約了當天的諮商。
在諮商的過程時隔3個月我流下眼淚，覺得這陣子都沒有好好安撫內心的委屈感，讓內在小孩感到孤單無助。講到具體委屈的時候流出眼淚的瞬間是感到很痛快的。有時也會懊惱如果當時我夠勇敢劃清界線講出我的不滿照顧我的感受該有多好。可惜大多時候我選擇了表面假象的和平。以為這樣就沒事了。
我的親身經歷談戀愛沒事不要委屈自己。不是說什麼都要大發飆或口氣差，我們常認為先委屈一下給對方台階下，往往對方沒那麼細心根本感受不到你的不滿與變化。不要以為過去就算了，某天夜深人靜封存在心底的委屈一擁而上，很多畫面呈現在腦袋，我個人認為談戀愛真的不是談成這副模樣。
最後文末想顯化喊話一下希望可以遇到安全依附的人，彼此享受生活的精彩。還有諮商並不需要鼓起勇氣也不用害羞，有難以向身邊家人朋友吐露的煩惱請多加善用心理諮商。",2026-03-01 20:57:00,每天都學著更樂觀一點。,心理諮商,pass,
kiwi.o21_,𝐾𝑖𝑤𝑖 🥝,"📍暖暮甜廚
適合I人的基隆餐酒館(﹡ˆ﹀ˆ﹡)
白天跟晚上氛圍很不同
一個人坐在窗邊喝著特調好快樂
最喜歡老闆的甜點了🤍
大推布丁跟巧克力捲都有驚喜
吃得下的話也絕對要點舒芙蕾～",2026-02-28 21:04:00,每天都學著更樂觀一點。,心理諮商,pass,
kiwi.o21_,𝐾𝑖𝑤𝑖 🥝,"睽違一年的SJO
從Bitter set ↬ Sweet set
終於遇到好天氣
冬天的台南實在太好了吧 ☕︎",2026-02-24 10:33:00,每天都學著更樂觀一點。,心理諮商,pass,
kiwi.o21_,𝐾𝑖𝑤𝑖 🥝,"過年沒有大魚大肉
熱量quota交給福客滿了 💞( *¯꒳¯*)
10幾道小料理 都太下酒了吧🍻
蘋果酒清爽好喝超喜歡
感謝朋朋一起吃才有辦法多點幾道～",2026-02-23 16:39:00,每天都學著更樂觀一點。,心理諮商,pass,
kiwi.o21_,𝐾𝑖𝑤𝑖 🥝,"今天是第一次去心理諮商，所以想要簡單分享一下。今天是分手的第90天，在一個黑暗的迴圈裡經歷了很多次心理變化。有積極的也有消極的，雖然消極存在的時間並不長。但通常消極的感受都是「為什麼我的優點都不被看見」「我不被愛」這類字詞。對於還需要正常上班睡覺生活的我，這些情緒會感受到負擔，非常臨時的預約了當天的諮商。
在諮商的過程時隔3個月我流下眼淚，覺得這陣子都沒有好好安撫內心的委屈感，讓內在小孩感到孤單無助。講到具體委屈的時候流出眼淚的瞬間是感到很痛快的。有時也會懊惱如果當時我夠勇敢劃清界線講出我的不滿照顧我的感受該有多好。可惜大多時候我選擇了表面假象的和平。以為這樣就沒事了。
我的親身經歷談戀愛沒事不要委屈自己。不是說什麼都要大發飆或口氣差，我們常認為先委屈一下給對方台階下，往往對方沒那麼細心根本感受不到你的不滿與變化。不要以為過去就算了，某天夜深人靜封存在心底的委屈一擁而上，很多畫面呈現在腦袋，我個人認為談戀愛真的不是談成這副模樣。
最後文末想顯化喊話一下希望可以遇到安全依附的人，彼此享受生活的精彩。還有諮商並不需要鼓起勇氣也不用害羞，有難以向身邊家人朋友吐露的煩惱請多加善用心理諮商。",2026-03-01 20:57:00,每天都學著更樂觀一點。,心理諮商,pass,
kiwi.o21_,𝐾𝑖𝑤𝑖 🥝,"📍暖暮甜廚
適合I人的基隆餐酒館(﹡ˆ﹀ˆ﹡)
白天跟晚上氛圍很不同
一個人坐在窗邊喝著特調好快樂
最喜歡老闆的甜點了🤍
大推布丁跟巧克力捲都有驚喜
吃得下的話也絕對要點舒芙蕾～",2026-02-28 21:04:00,每天都學著更樂觀一點。,心理諮商,pass,
kiwi.o21_,𝐾𝑖𝑤𝑖 🥝,"睽違一年的SJO
從Bitter set ↬ Sweet set
終於遇到好天氣
冬天的台南實在太好了吧 ☕︎",2026-02-24 10:33:00,每天都學著更樂觀一點。,心理諮商,pass,
kiwi.o21_,𝐾𝑖𝑤𝑖 🥝,"過年沒有大魚大肉
熱量quota交給福客滿了 💞( *¯꒳¯*)
10幾道小料理 都太下酒了吧🍻
蘋果酒清爽好喝超喜歡
感謝朋朋一起吃才有辦法多點幾道～",2026-02-23 16:39:00,每天都學著更樂觀一點。,心理諮商,pass,
kiwi.o21_,𝐾𝑖𝑤𝑖 🥝,"今天是第一次去心理諮商，所以想要簡單分享一下。今天是分手的第90天，在一個黑暗的迴圈裡經歷了很多次心理變化。有積極的也有消極的，雖然消極存在的時間並不長。但通常消極的感受都是「為什麼我的優點都不被看見」「我不被愛」這類字詞。對於還需要正常上班睡覺生活的我，這些情緒會感受到負擔，非常臨時的預約了當天的諮商。
在諮商的過程時隔3個月我流下眼淚，覺得這陣子都沒有好好安撫內心的委屈感，讓內在小孩感到孤單無助。講到具體委屈的時候流出眼淚的瞬間是感到很痛快的。有時也會懊惱如果當時我夠勇敢劃清界線講出我的不滿照顧我的感受該有多好。可惜大多時候我選擇了表面假象的和平。以為這樣就沒事了。
我的親身經歷談戀愛沒事不要委屈自己。不是說什麼都要大發飆或口氣差，我們常認為先委屈一下給對方台階下，往往對方沒那麼細心根本感受不到你的不滿與變化。不要以為過去就算了，某天夜深人靜封存在心底的委屈一擁而上，很多畫面呈現在腦袋，我個人認為談戀愛真的不是談成這副模樣。
最後文末想顯化喊話一下希望可以遇到安全依附的人，彼此享受生活的精彩。還有諮商並不需要鼓起勇氣也不用害羞，有難以向身邊家人朋友吐露的煩惱請多加善用心理諮商。",2026-03-01 20:57:00,每天都學著更樂觀一點。,心理諮商,pass,
kiwi.o21_,𝐾𝑖𝑤𝑖 🥝,"📍暖暮甜廚
適合I人的基隆餐酒館(﹡ˆ﹀ˆ﹡)
白天跟晚上氛圍很不同
一個人坐在窗邊喝著特調好快樂
最喜歡老闆的甜點了🤍
大推布丁跟巧克力捲都有驚喜
吃得下的話也絕對要點舒芙蕾～",2026-02-28 21:04:00,每天都學著更樂觀一點。,心理諮商,pass,
kiwi.o21_,𝐾𝑖𝑤𝑖 🥝,"睽違一年的SJO
從Bitter set ↬ Sweet set
終於遇到好天氣
冬天的台南實在太好了吧 ☕︎",2026-02-24 10:33:00,每天都學著更樂觀一點。,心理諮商,pass,
kiwi.o21_,𝐾𝑖𝑤𝑖 🥝,"過年沒有大魚大肉
熱量quota交給福客滿了 💞( *¯꒳¯*)
10幾道小料理 都太下酒了吧🍻
蘋果酒清爽好喝超喜歡
感謝朋朋一起吃才有辦法多點幾道～",2026-02-23 16:39:00,每天都學著更樂觀一點。,心理諮商,pass,
kiwi.o21_,𝐾𝑖𝑤𝑖 🥝,"今天是第一次去心理諮商，所以想要簡單分享一下。今天是分手的第90天，在一個黑暗的迴圈裡經歷了很多次心理變化。有積極的也有消極的，雖然消極存在的時間並不長。但通常消極的感受都是「為什麼我的優點都不被看見」「我不被愛」這類字詞。對於還需要正常上班睡覺生活的我，這些情緒會感受到負擔，非常臨時的預約了當天的諮商。
在諮商的過程時隔3個月我流下眼淚，覺得這陣子都沒有好好安撫內心的委屈感，讓內在小孩感到孤單無助。講到具體委屈的時候流出眼淚的瞬間是感到很痛快的。有時也會懊惱如果當時我夠勇敢劃清界線講出我的不滿照顧我的感受該有多好。可惜大多時候我選擇了表面假象的和平。以為這樣就沒事了。
我的親身經歷談戀愛沒事不要委屈自己。不是說什麼都要大發飆或口氣差，我們常認為先委屈一下給對方台階下，往往對方沒那麼細心根本感受不到你的不滿與變化。不要以為過去就算了，某天夜深人靜封存在心底的委屈一擁而上，很多畫面呈現在腦袋，我個人認為談戀愛真的不是談成這副模樣。
最後文末想顯化喊話一下希望可以遇到安全依附的人，彼此享受生活的精彩。還有諮商並不需要鼓起勇氣也不用害羞，有難以向身邊家人朋友吐露的煩惱請多加善用心理諮商。",2026-03-01 20:57:00,每天都學著更樂觀一點。,心理諮商,pass,
kiwi.o21_,𝐾𝑖𝑤𝑖 🥝,"📍暖暮甜廚
適合I人的基隆餐酒館(﹡ˆ﹀ˆ﹡)
白天跟晚上氛圍很不同
一個人坐在窗邊喝著特調好快樂
最喜歡老闆的甜點了🤍
大推布丁跟巧克力捲都有驚喜
吃得下的話也絕對要點舒芙蕾～",2026-02-28 21:04:00,每天都學著更樂觀一點。,心理諮商,pass,
kiwi.o21_,𝐾𝑖𝑤𝑖 🥝,"睽違一年的SJO
從Bitter set ↬ Sweet set
終於遇到好天氣
冬天的台南實在太好了吧 ☕︎",2026-02-24 10:33:00,每天都學著更樂觀一點。,心理諮商,pass,
kiwi.o21_,𝐾𝑖𝑤𝑖 🥝,"過年沒有大魚大肉
熱量quota交給福客滿了 💞( *¯꒳¯*)
10幾道小料理 都太下酒了吧🍻
蘋果酒清爽好喝超喜歡
感謝朋朋一起吃才有辦法多點幾道～",2026-02-23 16:39:00,每天都學著更樂觀一點。,心理諮商,pass,
kiwi.o21_,𝐾𝑖𝑤𝑖 🥝,"今天是第一次去心理諮商，所以想要簡單分享一下。今天是分手的第90天，在一個黑暗的迴圈裡經歷了很多次心理變化。有積極的也有消極的，雖然消極存在的時間並不長。但通常消極的感受都是「為什麼我的優點都不被看見」「我不被愛」這類字詞。對於還需要正常上班睡覺生活的我，這些情緒會感受到負擔，非常臨時的預約了當天的諮商。
在諮商的過程時隔3個月我流下眼淚，覺得這陣子都沒有好好安撫內心的委屈感，讓內在小孩感到孤單無助。講到具體委屈的時候流出眼淚的瞬間是感到很痛快的。有時也會懊惱如果當時我夠勇敢劃清界線講出我的不滿照顧我的感受該有多好。可惜大多時候我選擇了表面假象的和平。以為這樣就沒事了。
我的親身經歷談戀愛沒事不要委屈自己。不是說什麼都要大發飆或口氣差，我們常認為先委屈一下給對方台階下，往往對方沒那麼細心根本感受不到你的不滿與變化。不要以為過去就算了，某天夜深人靜封存在心底的委屈一擁而上，很多畫面呈現在腦袋，我個人認為談戀愛真的不是談成這副模樣。
最後文末想顯化喊話一下希望可以遇到安全依附的人，彼此享受生活的精彩。還有諮商並不需要鼓起勇氣也不用害羞，有難以向身邊家人朋友吐露的煩惱請多加善用心理諮商。",2026-03-01 20:57:00,每天都學著更樂觀一點。,心理諮商,pass,
kiwi.o21_,𝐾𝑖𝑤𝑖 🥝,"📍暖暮甜廚
適合I人的基隆餐酒館(﹡ˆ﹀ˆ﹡)
白天跟晚上氛圍很不同
一個人坐在窗邊喝著特調好快樂
最喜歡老闆的甜點了🤍
大推布丁跟巧克力捲都有驚喜
吃得下的話也絕對要點舒芙蕾～",2026-02-28 21:04:00,每天都學著更樂觀一點。,心理諮商,pass,
kiwi.o21_,𝐾𝑖𝑤𝑖 🥝,"睽違一年的SJO
從Bitter set ↬ Sweet set
終於遇到好天氣
冬天的台南實在太好了吧 ☕︎",2026-02-24 10:33:00,每天都學著更樂觀一點。,心理諮商,pass,
kiwi.o21_,𝐾𝑖𝑤𝑖 🥝,"過年沒有大魚大肉
熱量quota交給福客滿了 💞( *¯꒳¯*)
10幾道小料理 都太下酒了吧🍻
蘋果酒清爽好喝超喜歡
感謝朋朋一起吃才有辦法多點幾道～",2026-02-23 16:39:00,每天都學著更樂觀一點。,心理諮商,pass,
kiwi.o21_,𝐾𝑖𝑤𝑖 🥝,"今天是第一次去心理諮商，所以想要簡單分享一下。今天是分手的第90天，在一個黑暗的迴圈裡經歷了很多次心理變化。有積極的也有消極的，雖然消極存在的時間並不長。但通常消極的感受都是「為什麼我的優點都不被看見」「我不被愛」這類字詞。對於還需要正常上班睡覺生活的我，這些情緒會感受到負擔，非常臨時的預約了當天的諮商。
在諮商的過程時隔3個月我流下眼淚，覺得這陣子都沒有好好安撫內心的委屈感，讓內在小孩感到孤單無助。講到具體委屈的時候流出眼淚的瞬間是感到很痛快的。有時也會懊惱如果當時我夠勇敢劃清界線講出我的不滿照顧我的感受該有多好。可惜大多時候我選擇了表面假象的和平。以為這樣就沒事了。
我的親身經歷談戀愛沒事不要委屈自己。不是說什麼都要大發飆或口氣差，我們常認為先委屈一下給對方台階下，往往對方沒那麼細心根本感受不到你的不滿與變化。不要以為過去就算了，某天夜深人靜封存在心底的委屈一擁而上，很多畫面呈現在腦袋，我個人認為談戀愛真的不是談成這副模樣。
最後文末想顯化喊話一下希望可以遇到安全依附的人，彼此享受生活的精彩。還有諮商並不需要鼓起勇氣也不用害羞，有難以向身邊家人朋友吐露的煩惱請多加善用心理諮商。",2026-03-01 20:57:00,每天都學著更樂觀一點。,心理諮商,pass,
kiwi.o21_,𝐾𝑖𝑤𝑖 🥝,"📍暖暮甜廚
適合I人的基隆餐酒館(﹡ˆ﹀ˆ﹡)
白天跟晚上氛圍很不同
一個人坐在窗邊喝著特調好快樂
最喜歡老闆的甜點了🤍
大推布丁跟巧克力捲都有驚喜
吃得下的話也絕對要點舒芙蕾～",2026-02-28 21:04:00,每天都學著更樂觀一點。,心理諮商,pass,
kiwi.o21_,𝐾𝑖𝑤𝑖 🥝,"睽違一年的SJO
從Bitter set ↬ Sweet set
終於遇到好天氣
冬天的台南實在太好了吧 ☕︎",2026-02-24 10:33:00,每天都學著更樂觀一點。,心理諮商,pass,
kiwi.o21_,𝐾𝑖𝑤𝑖 🥝,"過年沒有大魚大肉
熱量quota交給福客滿了 💞( *¯꒳¯*)
10幾道小料理 都太下酒了吧🍻
蘋果酒清爽好喝超喜歡
感謝朋朋一起吃才有辦法多點幾道～",2026-02-23 16:39:00,每天都學著更樂觀一點。,心理諮商,pass,
tsai_baby3,徐筱菲,"我真的撐不住了，決定公開我買房以來的心酸血淚。這是一間位在「台中市大里區善化路80巷1號」的透天新屋，我花了將近 三千萬，買下建商宣稱「用料實在、漏水保固五年」的房子。結果，這些保證全都是空話。
交屋沒多久就開始漏水，打給建商反映問題，他們居然直接掛我電話，態度惡劣得令人難以置信。是建商？還是黑道？
當初驗屋時我就發現：
▪️ 多處牆壁、地磚是空心的
▪️ 牆面開始出現嚴重龜裂
▪️ 很多問題，是交屋後才慢慢浮現
我要求驗屋，竟然被建商嗆「賣那麼多戶，只有你要驗」？我出的是全額房價，憑什麼不能驗屋？
我再三要求修繕與處理漏水，建商竟回我：「這是現況交屋，我們願意幫你修一點已經很仁慈對我很好。」這種態度，讓我心寒至極。
這不是中古屋，這是一間全新完工、從沒人住過的房子。但我換來的是：
▪️ 漏水的牆壁
▪️ 龜裂的結構
▪️ 空心的地磚
😞 我只是希望一間花了半輩子積蓄買來的房子，能讓家人安心入住。如果早知道會這樣，我絕對不可能簽約。
📌 若你正在考慮在大里區看房，拜託你一定要來看看我家的現況。我不想再有任何一個人像我一樣，花光積蓄、換來失望與怨氣。
#建商黑心 #台中大里  #新屋漏水",2025-07-29 13:33:00,,撐不住,non_life,
tsai_baby3,徐筱菲,"我真的撐不住了，決定公開我買房以來的心酸血淚。這是一間位在「台中市大里區善化路80巷1號」的透天新屋，我花了將近 三千萬，買下建商宣稱「用料實在、漏水保固五年」的房子。結果，這些保證全都是空話。
交屋沒多久就開始漏水，打給建商反映問題，他們居然直接掛我電話，態度惡劣得令人難以置信。是建商？還是黑道？
當初驗屋時我就發現：
▪️ 多處牆壁、地磚是空心的
▪️ 牆面開始出現嚴重龜裂
▪️ 很多問題，是交屋後才慢慢浮現
我要求驗屋，竟然被建商嗆「賣那麼多戶，只有你要驗」？我出的是全額房價，憑什麼不能驗屋？
我再三要求修繕與處理漏水，建商竟回我：「這是現況交屋，我們願意幫你修一點已經很仁慈對我很好。」這種態度，讓我心寒至極。
這不是中古屋，這是一間全新完工、從沒人住過的房子。但我換來的是：
▪️ 漏水的牆壁
▪️ 龜裂的結構
▪️ 空心的地磚
😞 我只是希望一間花了半輩子積蓄買來的房子，能讓家人安心入住。如果早知道會這樣，我絕對不可能簽約。
📌 若你正在考慮在大里區看房，拜託你一定要來看看我家的現況。我不想再有任何一個人像我一樣，花光積蓄、換來失望與怨氣。
#建商黑心 #台中大里  #新屋漏水",2025-07-29 13:33:00,,撐不住,non_life,
tsai_baby3,徐筱菲,"我真的撐不住了，決定公開我買房以來的心酸血淚。這是一間位在「台中市大里區善化路80巷1號」的透天新屋，我花了將近 三千萬，買下建商宣稱「用料實在、漏水保固五年」的房子。結果，這些保證全都是空話。
交屋沒多久就開始漏水，打給建商反映問題，他們居然直接掛我電話，態度惡劣得令人難以置信。是建商？還是黑道？
當初驗屋時我就發現：
▪️ 多處牆壁、地磚是空心的
▪️ 牆面開始出現嚴重龜裂
▪️ 很多問題，是交屋後才慢慢浮現
我要求驗屋，竟然被建商嗆「賣那麼多戶，只有你要驗」？我出的是全額房價，憑什麼不能驗屋？
我再三要求修繕與處理漏水，建商竟回我：「這是現況交屋，我們願意幫你修一點已經很仁慈對我很好。」這種態度，讓我心寒至極。
這不是中古屋，這是一間全新完工、從沒人住過的房子。但我換來的是：
▪️ 漏水的牆壁
▪️ 龜裂的結構
▪️ 空心的地磚
😞 我只是希望一間花了半輩子積蓄買來的房子，能讓家人安心入住。如果早知道會這樣，我絕對不可能簽約。
📌 若你正在考慮在大里區看房，拜託你一定要來看看我家的現況。我不想再有任何一個人像我一樣，花光積蓄、換來失望與怨氣。
#建商黑心 #台中大里  #新屋漏水",2025-07-29 13:33:00,,撐不住,non_life,
tsai_baby3,徐筱菲,"我真的撐不住了，決定公開我買房以來的心酸血淚。這是一間位在「台中市大里區善化路80巷1號」的透天新屋，我花了將近 三千萬，買下建商宣稱「用料實在、漏水保固五年」的房子。結果，這些保證全都是空話。
交屋沒多久就開始漏水，打給建商反映問題，他們居然直接掛我電話，態度惡劣得令人難以置信。是建商？還是黑道？
當初驗屋時我就發現：
▪️ 多處牆壁、地磚是空心的
▪️ 牆面開始出現嚴重龜裂
▪️ 很多問題，是交屋後才慢慢浮現
我要求驗屋，竟然被建商嗆「賣那麼多戶，只有你要驗」？我出的是全額房價，憑什麼不能驗屋？
我再三要求修繕與處理漏水，建商竟回我：「這是現況交屋，我們願意幫你修一點已經很仁慈對我很好。」這種態度，讓我心寒至極。
這不是中古屋，這是一間全新完工、從沒人住過的房子。但我換來的是：
▪️ 漏水的牆壁
▪️ 龜裂的結構
▪️ 空心的地磚
😞 我只是希望一間花了半輩子積蓄買來的房子，能讓家人安心入住。如果早知道會這樣，我絕對不可能簽約。
📌 若你正在考慮在大里區看房，拜託你一定要來看看我家的現況。我不想再有任何一個人像我一樣，花光積蓄、換來失望與怨氣。
#建商黑心 #台中大里  #新屋漏水",2025-07-29 13:33:00,,撐不住,non_life,
tsai_baby3,徐筱菲,"我真的撐不住了，決定公開我買房以來的心酸血淚。這是一間位在「台中市大里區善化路80巷1號」的透天新屋，我花了將近 三千萬，買下建商宣稱「用料實在、漏水保固五年」的房子。結果，這些保證全都是空話。
交屋沒多久就開始漏水，打給建商反映問題，他們居然直接掛我電話，態度惡劣得令人難以置信。是建商？還是黑道？
當初驗屋時我就發現：
▪️ 多處牆壁、地磚是空心的
▪️ 牆面開始出現嚴重龜裂
▪️ 很多問題，是交屋後才慢慢浮現
我要求驗屋，竟然被建商嗆「賣那麼多戶，只有你要驗」？我出的是全額房價，憑什麼不能驗屋？
我再三要求修繕與處理漏水，建商竟回我：「這是現況交屋，我們願意幫你修一點已經很仁慈對我很好。」這種態度，讓我心寒至極。
這不是中古屋，這是一間全新完工、從沒人住過的房子。但我換來的是：
▪️ 漏水的牆壁
▪️ 龜裂的結構
▪️ 空心的地磚
😞 我只是希望一間花了半輩子積蓄買來的房子，能讓家人安心入住。如果早知道會這樣，我絕對不可能簽約。
📌 若你正在考慮在大里區看房，拜託你一定要來看看我家的現況。我不想再有任何一個人像我一樣，花光積蓄、換來失望與怨氣。
#建商黑心 #台中大里  #新屋漏水",2025-07-29 13:33:00,,撐不住,non_life,
tsai_baby3,徐筱菲,"我真的撐不住了，決定公開我買房以來的心酸血淚。這是一間位在「台中市大里區善化路80巷1號」的透天新屋，我花了將近 三千萬，買下建商宣稱「用料實在、漏水保固五年」的房子。結果，這些保證全都是空話。
交屋沒多久就開始漏水，打給建商反映問題，他們居然直接掛我電話，態度惡劣得令人難以置信。是建商？還是黑道？
當初驗屋時我就發現：
▪️ 多處牆壁、地磚是空心的
▪️ 牆面開始出現嚴重龜裂
▪️ 很多問題，是交屋後才慢慢浮現
我要求驗屋，竟然被建商嗆「賣那麼多戶，只有你要驗」？我出的是全額房價，憑什麼不能驗屋？
我再三要求修繕與處理漏水，建商竟回我：「這是現況交屋，我們願意幫你修一點已經很仁慈對我很好。」這種態度，讓我心寒至極。
這不是中古屋，這是一間全新完工、從沒人住過的房子。但我換來的是：
▪️ 漏水的牆壁
▪️ 龜裂的結構
▪️ 空心的地磚
😞 我只是希望一間花了半輩子積蓄買來的房子，能讓家人安心入住。如果早知道會這樣，我絕對不可能簽約。
📌 若你正在考慮在大里區看房，拜託你一定要來看看我家的現況。我不想再有任何一個人像我一樣，花光積蓄、換來失望與怨氣。
#建商黑心 #台中大里  #新屋漏水",2025-07-29 13:33:00,,撐不住,non_life,
tsai_baby3,徐筱菲,"我真的撐不住了，決定公開我買房以來的心酸血淚。這是一間位在「台中市大里區善化路80巷1號」的透天新屋，我花了將近 三千萬，買下建商宣稱「用料實在、漏水保固五年」的房子。結果，這些保證全都是空話。
交屋沒多久就開始漏水，打給建商反映問題，他們居然直接掛我電話，態度惡劣得令人難以置信。是建商？還是黑道？
當初驗屋時我就發現：
▪️ 多處牆壁、地磚是空心的
▪️ 牆面開始出現嚴重龜裂
▪️ 很多問題，是交屋後才慢慢浮現
我要求驗屋，竟然被建商嗆「賣那麼多戶，只有你要驗」？我出的是全額房價，憑什麼不能驗屋？
我再三要求修繕與處理漏水，建商竟回我：「這是現況交屋，我們願意幫你修一點已經很仁慈對我很好。」這種態度，讓我心寒至極。
這不是中古屋，這是一間全新完工、從沒人住過的房子。但我換來的是：
▪️ 漏水的牆壁
▪️ 龜裂的結構
▪️ 空心的地磚
😞 我只是希望一間花了半輩子積蓄買來的房子，能讓家人安心入住。如果早知道會這樣，我絕對不可能簽約。
📌 若你正在考慮在大里區看房，拜託你一定要來看看我家的現況。我不想再有任何一個人像我一樣，花光積蓄、換來失望與怨氣。
#建商黑心 #台中大里  #新屋漏水",2025-07-29 13:33:00,,撐不住,non_life,
tsai_baby3,徐筱菲,"我真的撐不住了，決定公開我買房以來的心酸血淚。這是一間位在「台中市大里區善化路80巷1號」的透天新屋，我花了將近 三千萬，買下建商宣稱「用料實在、漏水保固五年」的房子。結果，這些保證全都是空話。
交屋沒多久就開始漏水，打給建商反映問題，他們居然直接掛我電話，態度惡劣得令人難以置信。是建商？還是黑道？
當初驗屋時我就發現：
▪️ 多處牆壁、地磚是空心的
▪️ 牆面開始出現嚴重龜裂
▪️ 很多問題，是交屋後才慢慢浮現
我要求驗屋，竟然被建商嗆「賣那麼多戶，只有你要驗」？我出的是全額房價，憑什麼不能驗屋？
我再三要求修繕與處理漏水，建商竟回我：「這是現況交屋，我們願意幫你修一點已經很仁慈對我很好。」這種態度，讓我心寒至極。
這不是中古屋，這是一間全新完工、從沒人住過的房子。但我換來的是：
▪️ 漏水的牆壁
▪️ 龜裂的結構
▪️ 空心的地磚
😞 我只是希望一間花了半輩子積蓄買來的房子，能讓家人安心入住。如果早知道會這樣，我絕對不可能簽約。
📌 若你正在考慮在大里區看房，拜託你一定要來看看我家的現況。我不想再有任何一個人像我一樣，花光積蓄、換來失望與怨氣。
#建商黑心 #台中大里  #新屋漏水",2025-07-29 13:33:00,,撐不住,non_life,
tsai_baby3,徐筱菲,"我真的撐不住了，決定公開我買房以來的心酸血淚。這是一間位在「台中市大里區善化路80巷1號」的透天新屋，我花了將近 三千萬，買下建商宣稱「用料實在、漏水保固五年」的房子。結果，這些保證全都是空話。
交屋沒多久就開始漏水，打給建商反映問題，他們居然直接掛我電話，態度惡劣得令人難以置信。是建商？還是黑道？
當初驗屋時我就發現：
▪️ 多處牆壁、地磚是空心的
▪️ 牆面開始出現嚴重龜裂
▪️ 很多問題，是交屋後才慢慢浮現
我要求驗屋，竟然被建商嗆「賣那麼多戶，只有你要驗」？我出的是全額房價，憑什麼不能驗屋？
我再三要求修繕與處理漏水，建商竟回我：「這是現況交屋，我們願意幫你修一點已經很仁慈對我很好。」這種態度，讓我心寒至極。
這不是中古屋，這是一間全新完工、從沒人住過的房子。但我換來的是：
▪️ 漏水的牆壁
▪️ 龜裂的結構
▪️ 空心的地磚
😞 我只是希望一間花了半輩子積蓄買來的房子，能讓家人安心入住。如果早知道會這樣，我絕對不可能簽約。
📌 若你正在考慮在大里區看房，拜託你一定要來看看我家的現況。我不想再有任何一個人像我一樣，花光積蓄、換來失望與怨氣。
#建商黑心 #台中大里  #新屋漏水",2025-07-29 13:33:00,,撐不住,non_life,
tsai_baby3,徐筱菲,"我真的撐不住了，決定公開我買房以來的心酸血淚。這是一間位在「台中市大里區善化路80巷1號」的透天新屋，我花了將近 三千萬，買下建商宣稱「用料實在、漏水保固五年」的房子。結果，這些保證全都是空話。
交屋沒多久就開始漏水，打給建商反映問題，他們居然直接掛我電話，態度惡劣得令人難以置信。是建商？還是黑道？
當初驗屋時我就發現：
▪️ 多處牆壁、地磚是空心的
▪️ 牆面開始出現嚴重龜裂
▪️ 很多問題，是交屋後才慢慢浮現
我要求驗屋，竟然被建商嗆「賣那麼多戶，只有你要驗」？我出的是全額房價，憑什麼不能驗屋？
我再三要求修繕與處理漏水，建商竟回我：「這是現況交屋，我們願意幫你修一點已經很仁慈對我很好。」這種態度，讓我心寒至極。
這不是中古屋，這是一間全新完工、從沒人住過的房子。但我換來的是：
▪️ 漏水的牆壁
▪️ 龜裂的結構
▪️ 空心的地磚
😞 我只是希望一間花了半輩子積蓄買來的房子，能讓家人安心入住。如果早知道會這樣，我絕對不可能簽約。
📌 若你正在考慮在大里區看房，拜託你一定要來看看我家的現況。我不想再有任何一個人像我一樣，花光積蓄、換來失望與怨氣。
#建商黑心 #台中大里  #新屋漏水",2025-07-29 13:33:00,,撐不住,non_life,
sky311091,Mafiaa No Fears,禮拜一會有很多台積電股民撐不住嗎,2026-02-26 23:21:00,Good to eat,撐不住,pass,
sky311091,Mafiaa No Fears,每天亂買 有機會贏嗎,2026-02-26 12:26:00,Good to eat,撐不住,pass,
sky311091,Mafiaa No Fears,突然超級愛台灣 以台灣為榮,2026-02-24 19:02:00,Good to eat,撐不住,pass,
sky311091,Mafiaa No Fears,禮拜一會有很多台積電股民撐不住嗎,2026-02-26 23:21:00,Good to eat,撐不住,pass,
sky311091,Mafiaa No Fears,每天亂買 有機會贏嗎,2026-02-26 12:26:00,Good to eat,撐不住,pass,
sky311091,Mafiaa No Fears,突然超級愛台灣 以台灣為榮,2026-02-24 19:02:00,Good to eat,撐不住,pass,
sky311091,Mafiaa No Fears,禮拜一會有很多台積電股民撐不住嗎,2026-02-26 23:21:00,Good to eat,撐不住,pass,
sky311091,Mafiaa No Fears,每天亂買 有機會贏嗎,2026-02-26 12:26:00,Good to eat,撐不住,pass,
sky311091,Mafiaa No Fears,突然超級愛台灣 以台灣為榮,2026-02-24 19:02:00,Good to eat,撐不住,pass,
sky311091,Mafiaa No Fears,禮拜一會有很多台積電股民撐不住嗎,2026-02-26 23:21:00,Good to eat,撐不住,pass,
sky311091,Mafiaa No Fears,每天亂買 有機會贏嗎,2026-02-26 12:26:00,Good to eat,撐不住,pass,
sky311091,Mafiaa No Fears,突然超級愛台灣 以台灣為榮,2026-02-24 19:02:00,Good to eat,撐不住,pass,
sky311091,Mafiaa No Fears,禮拜一會有很多台積電股民撐不住嗎,2026-02-26 23:21:00,Good to eat,撐不住,pass,
sky311091,Mafiaa No Fears,每天亂買 有機會贏嗎,2026-02-26 12:26:00,Good to eat,撐不住,pass,
sky311091,Mafiaa No Fears,突然超級愛台灣 以台灣為榮,2026-02-24 19:02:00,Good to eat,撐不住,pass,
sky311091,Mafiaa No Fears,禮拜一會有很多台積電股民撐不住嗎,2026-02-26 23:21:00,Good to eat,撐不住,pass,
sky311091,Mafiaa No Fears,每天亂買 有機會贏嗎,2026-02-26 12:26:00,Good to eat,撐不住,pass,
sky311091,Mafiaa No Fears,突然超級愛台灣 以台灣為榮,2026-02-24 19:02:00,Good to eat,撐不住,pass,
sky311091,Mafiaa No Fears,禮拜一會有很多台積電股民撐不住嗎,2026-02-26 23:21:00,Good to eat,撐不住,pass,
sky311091,Mafiaa No Fears,每天亂買 有機會贏嗎,2026-02-26 12:26:00,Good to eat,撐不住,pass,
sky311091,Mafiaa No Fears,突然超級愛台灣 以台灣為榮,2026-02-24 19:02:00,Good to eat,撐不住,pass,
sky311091,Mafiaa No Fears,禮拜一會有很多台積電股民撐不住嗎,2026-02-26 23:21:00,Good to eat,撐不住,pass,
sky311091,Mafiaa No Fears,每天亂買 有機會贏嗎,2026-02-26 12:26:00,Good to eat,撐不住,pass,
sky311091,Mafiaa No Fears,突然超級愛台灣 以台灣為榮,2026-02-24 19:02:00,Good to eat,撐不住,pass,
sky311091,Mafiaa No Fears,禮拜一會有很多台積電股民撐不住嗎,2026-02-26 23:21:00,Good to eat,撐不住,pass,
sky311091,Mafiaa No Fears,每天亂買 有機會贏嗎,2026-02-26 12:26:00,Good to eat,撐不住,pass,
sky311091,Mafiaa No Fears,突然超級愛台灣 以台灣為榮,2026-02-24 19:02:00,Good to eat,撐不住,pass,
sky311091,Mafiaa No Fears,禮拜一會有很多台積電股民撐不住嗎,2026-02-26 23:21:00,Good to eat,撐不住,pass,
sky311091,Mafiaa No Fears,每天亂買 有機會贏嗎,2026-02-26 12:26:00,Good to eat,撐不住,pass,
sky311091,Mafiaa No Fears,突然超級愛台灣 以台灣為榮,2026-02-24 19:02:00,Good to eat,撐不住,pass,
_o0wo0,_o0wo0,我真的好痛苦好痛苦，沒有任何人能聽我說、安慰我、抱抱我，沒有人站在我這邊，沒有人有辦法幫助我，真的好無力好難過，到底為什麼不能，我也想要有人能聽我說幾句話，沒有人能因為這種事抱抱我。,2026-01-25 01:57:00,,好痛苦,pass,
_o0wo0,_o0wo0,我果然很討厭「可是」，在我以為想通某些事之後，就會有好幾百個它跑出來問我為什麼、怎麼辦，還以為能看清楚些什麼，可是它就在那邊阻止我。最近被男友的事困住好久，每天都有一堆可是，好煩又好無奈，可是也是因為有它存在我才能繼續思考，就是因為有這種東西在，我才能繼續思考，這樣想又覺得「可是」好像少一點點點討厭了。,2026-01-25 00:39:00,,好痛苦,pass,
_o0wo0,_o0wo0,我真的好痛苦好痛苦，沒有任何人能聽我說、安慰我、抱抱我，沒有人站在我這邊，沒有人有辦法幫助我，真的好無力好難過，到底為什麼不能，我也想要有人能聽我說幾句話，沒有人能因為這種事抱抱我。,2026-01-25 01:57:00,,好痛苦,pass,
_o0wo0,_o0wo0,我果然很討厭「可是」，在我以為想通某些事之後，就會有好幾百個它跑出來問我為什麼、怎麼辦，還以為能看清楚些什麼，可是它就在那邊阻止我。最近被男友的事困住好久，每天都有一堆可是，好煩又好無奈，可是也是因為有它存在我才能繼續思考，就是因為有這種東西在，我才能繼續思考，這樣想又覺得「可是」好像少一點點點討厭了。,2026-01-25 00:39:00,,好痛苦,pass,
_o0wo0,_o0wo0,我真的好痛苦好痛苦，沒有任何人能聽我說、安慰我、抱抱我，沒有人站在我這邊，沒有人有辦法幫助我，真的好無力好難過，到底為什麼不能，我也想要有人能聽我說幾句話，沒有人能因為這種事抱抱我。,2026-01-25 01:57:00,,好痛苦,pass,
_o0wo0,_o0wo0,我果然很討厭「可是」，在我以為想通某些事之後，就會有好幾百個它跑出來問我為什麼、怎麼辦，還以為能看清楚些什麼，可是它就在那邊阻止我。最近被男友的事困住好久，每天都有一堆可是，好煩又好無奈，可是也是因為有它存在我才能繼續思考，就是因為有這種東西在，我才能繼續思考，這樣想又覺得「可是」好像少一點點點討厭了。,2026-01-25 00:39:00,,好痛苦,pass,
_o0wo0,_o0wo0,我真的好痛苦好痛苦，沒有任何人能聽我說、安慰我、抱抱我，沒有人站在我這邊，沒有人有辦法幫助我，真的好無力好難過，到底為什麼不能，我也想要有人能聽我說幾句話，沒有人能因為這種事抱抱我。,2026-01-25 01:57:00,,好痛苦,pass,
_o0wo0,_o0wo0,我果然很討厭「可是」，在我以為想通某些事之後，就會有好幾百個它跑出來問我為什麼、怎麼辦，還以為能看清楚些什麼，可是它就在那邊阻止我。最近被男友的事困住好久，每天都有一堆可是，好煩又好無奈，可是也是因為有它存在我才能繼續思考，就是因為有這種東西在，我才能繼續思考，這樣想又覺得「可是」好像少一點點點討厭了。,2026-01-25 00:39:00,,好痛苦,pass,
_o0wo0,_o0wo0,我真的好痛苦好痛苦，沒有任何人能聽我說、安慰我、抱抱我，沒有人站在我這邊，沒有人有辦法幫助我，真的好無力好難過，到底為什麼不能，我也想要有人能聽我說幾句話，沒有人能因為這種事抱抱我。,2026-01-25 01:57:00,,好痛苦,pass,
_o0wo0,_o0wo0,我果然很討厭「可是」，在我以為想通某些事之後，就會有好幾百個它跑出來問我為什麼、怎麼辦，還以為能看清楚些什麼，可是它就在那邊阻止我。最近被男友的事困住好久，每天都有一堆可是，好煩又好無奈，可是也是因為有它存在我才能繼續思考，就是因為有這種東西在，我才能繼續思考，這樣想又覺得「可是」好像少一點點點討厭了。,2026-01-25 00:39:00,,好痛苦,pass,
_o0wo0,_o0wo0,我真的好痛苦好痛苦，沒有任何人能聽我說、安慰我、抱抱我，沒有人站在我這邊，沒有人有辦法幫助我，真的好無力好難過，到底為什麼不能，我也想要有人能聽我說幾句話，沒有人能因為這種事抱抱我。,2026-01-25 01:57:00,,好痛苦,pass,
_o0wo0,_o0wo0,我果然很討厭「可是」，在我以為想通某些事之後，就會有好幾百個它跑出來問我為什麼、怎麼辦，還以為能看清楚些什麼，可是它就在那邊阻止我。最近被男友的事困住好久，每天都有一堆可是，好煩又好無奈，可是也是因為有它存在我才能繼續思考，就是因為有這種東西在，我才能繼續思考，這樣想又覺得「可是」好像少一點點點討厭了。,2026-01-25 00:39:00,,好痛苦,pass,
_o0wo0,_o0wo0,我真的好痛苦好痛苦，沒有任何人能聽我說、安慰我、抱抱我，沒有人站在我這邊，沒有人有辦法幫助我，真的好無力好難過，到底為什麼不能，我也想要有人能聽我說幾句話，沒有人能因為這種事抱抱我。,2026-01-25 01:57:00,,好痛苦,pass,
_o0wo0,_o0wo0,我果然很討厭「可是」，在我以為想通某些事之後，就會有好幾百個它跑出來問我為什麼、怎麼辦，還以為能看清楚些什麼，可是它就在那邊阻止我。最近被男友的事困住好久，每天都有一堆可是，好煩又好無奈，可是也是因為有它存在我才能繼續思考，就是因為有這種東西在，我才能繼續思考，這樣想又覺得「可是」好像少一點點點討厭了。,2026-01-25 00:39:00,,好痛苦,pass,
_o0wo0,_o0wo0,我真的好痛苦好痛苦，沒有任何人能聽我說、安慰我、抱抱我，沒有人站在我這邊，沒有人有辦法幫助我，真的好無力好難過，到底為什麼不能，我也想要有人能聽我說幾句話，沒有人能因為這種事抱抱我。,2026-01-25 01:57:00,,好痛苦,pass,
_o0wo0,_o0wo0,我果然很討厭「可是」，在我以為想通某些事之後，就會有好幾百個它跑出來問我為什麼、怎麼辦，還以為能看清楚些什麼，可是它就在那邊阻止我。最近被男友的事困住好久，每天都有一堆可是，好煩又好無奈，可是也是因為有它存在我才能繼續思考，就是因為有這種東西在，我才能繼續思考，這樣想又覺得「可是」好像少一點點點討厭了。,2026-01-25 00:39:00,,好痛苦,pass,
_o0wo0,_o0wo0,我真的好痛苦好痛苦，沒有任何人能聽我說、安慰我、抱抱我，沒有人站在我這邊，沒有人有辦法幫助我，真的好無力好難過，到底為什麼不能，我也想要有人能聽我說幾句話，沒有人能因為這種事抱抱我。,2026-01-25 01:57:00,,好痛苦,pass,
_o0wo0,_o0wo0,我果然很討厭「可是」，在我以為想通某些事之後，就會有好幾百個它跑出來問我為什麼、怎麼辦，還以為能看清楚些什麼，可是它就在那邊阻止我。最近被男友的事困住好久，每天都有一堆可是，好煩又好無奈，可是也是因為有它存在我才能繼續思考，就是因為有這種東西在，我才能繼續思考，這樣想又覺得「可是」好像少一點點點討厭了。,2026-01-25 00:39:00,,好痛苦,pass,
_o0wo0,_o0wo0,我真的好痛苦好痛苦，沒有任何人能聽我說、安慰我、抱抱我，沒有人站在我這邊，沒有人有辦法幫助我，真的好無力好難過，到底為什麼不能，我也想要有人能聽我說幾句話，沒有人能因為這種事抱抱我。,2026-01-25 01:57:00,,好痛苦,pass,
_o0wo0,_o0wo0,我果然很討厭「可是」，在我以為想通某些事之後，就會有好幾百個它跑出來問我為什麼、怎麼辦，還以為能看清楚些什麼，可是它就在那邊阻止我。最近被男友的事困住好久，每天都有一堆可是，好煩又好無奈，可是也是因為有它存在我才能繼續思考，就是因為有這種東西在，我才能繼續思考，這樣想又覺得「可是」好像少一點點點討厭了。,2026-01-25 00:39:00,,好痛苦,pass,
mind.pieces.out,mind.pieces.out,"分手day 96
應該就讓分手日記停在這裡了。
最近一個人過得很快樂。
覺得一個人自由自在，想約會就去約會，想一個人窩在家裡就看書點蠟燭窩在沙發上，不用再有某個人掛在心上，真的很輕鬆。
謝謝所有陪伴我分手的大家。
想跟每一個正在經歷分手痛苦的人說，你會好起來的，好好照顧自己，療癒自己，有一天你會發現好自由好快樂的。
這個帳號要變成生活小帳了，祝大家幸福！",2025-12-04 14:21:00,說話寫字,好痛苦,pass,
mind.pieces.out,mind.pieces.out,"分手day 91
分手後對愛情的狀態大概是
看到別人幸福的愛情故事已經不再相信了
不再相信人可以這麼幸福
這麽適合彼此
這麽願意為彼此調整
這麼輕鬆
不能再相信誓言了
曾經我也以為可以走一輩子
為了走一輩子我努力的撐著調整自己
現在回想真的覺得好辛苦喔",2025-11-29 14:13:00,說話寫字,好痛苦,pass,
mind.pieces.out,mind.pieces.out,"分手Day 86
我在一個陌生的城市走著
這裡沒有你生活過的痕跡
也沒有我曾經存在的證明
我獨自在這裡旅行
感受一個人到底是什麼感覺
夜晚的街燈下我默默想起了你
不知道你現在生活過的如何
對你不再生氣
也沒有遺憾
你成為了我記憶裡的一個好朋友
偶爾想捎個問候
知道你也很好就足夠
當想念變成想起
好像終於往前走了一步",2025-11-24 15:36:00,說話寫字,好痛苦,pass,
mind.pieces.out,mind.pieces.out,"分手day 96
應該就讓分手日記停在這裡了。
最近一個人過得很快樂。
覺得一個人自由自在，想約會就去約會，想一個人窩在家裡就看書點蠟燭窩在沙發上，不用再有某個人掛在心上，真的很輕鬆。
謝謝所有陪伴我分手的大家。
想跟每一個正在經歷分手痛苦的人說，你會好起來的，好好照顧自己，療癒自己，有一天你會發現好自由好快樂的。
這個帳號要變成生活小帳了，祝大家幸福！",2025-12-04 14:21:00,說話寫字,好痛苦,pass,
mind.pieces.out,mind.pieces.out,"分手day 91
分手後對愛情的狀態大概是
看到別人幸福的愛情故事已經不再相信了
不再相信人可以這麼幸福
這麽適合彼此
這麽願意為彼此調整
這麼輕鬆
不能再相信誓言了
曾經我也以為可以走一輩子
為了走一輩子我努力的撐著調整自己
現在回想真的覺得好辛苦喔",2025-11-29 14:13:00,說話寫字,好痛苦,pass,
mind.pieces.out,mind.pieces.out,"分手Day 86
我在一個陌生的城市走著
這裡沒有你生活過的痕跡
也沒有我曾經存在的證明
我獨自在這裡旅行
感受一個人到底是什麼感覺
夜晚的街燈下我默默想起了你
不知道你現在生活過的如何
對你不再生氣
也沒有遺憾
你成為了我記憶裡的一個好朋友
偶爾想捎個問候
知道你也很好就足夠
當想念變成想起
好像終於往前走了一步",2025-11-24 15:36:00,說話寫字,好痛苦,pass,
mind.pieces.out,mind.pieces.out,"分手day 96
應該就讓分手日記停在這裡了。
最近一個人過得很快樂。
覺得一個人自由自在，想約會就去約會，想一個人窩在家裡就看書點蠟燭窩在沙發上，不用再有某個人掛在心上，真的很輕鬆。
謝謝所有陪伴我分手的大家。
想跟每一個正在經歷分手痛苦的人說，你會好起來的，好好照顧自己，療癒自己，有一天你會發現好自由好快樂的。
這個帳號要變成生活小帳了，祝大家幸福！",2025-12-04 14:21:00,說話寫字,好痛苦,pass,
mind.pieces.out,mind.pieces.out,"分手day 91
分手後對愛情的狀態大概是
看到別人幸福的愛情故事已經不再相信了
不再相信人可以這麼幸福
這麽適合彼此
這麽願意為彼此調整
這麼輕鬆
不能再相信誓言了
曾經我也以為可以走一輩子
為了走一輩子我努力的撐著調整自己
現在回想真的覺得好辛苦喔",2025-11-29 14:13:00,說話寫字,好痛苦,pass,
mind.pieces.out,mind.pieces.out,"分手Day 86
我在一個陌生的城市走著
這裡沒有你生活過的痕跡
也沒有我曾經存在的證明
我獨自在這裡旅行
感受一個人到底是什麼感覺
夜晚的街燈下我默默想起了你
不知道你現在生活過的如何
對你不再生氣
也沒有遺憾
你成為了我記憶裡的一個好朋友
偶爾想捎個問候
知道你也很好就足夠
當想念變成想起
好像終於往前走了一步",2025-11-24 15:36:00,說話寫字,好痛苦,pass,
mind.pieces.out,mind.pieces.out,"分手day 96
應該就讓分手日記停在這裡了。
最近一個人過得很快樂。
覺得一個人自由自在，想約會就去約會，想一個人窩在家裡就看書點蠟燭窩在沙發上，不用再有某個人掛在心上，真的很輕鬆。
謝謝所有陪伴我分手的大家。
想跟每一個正在經歷分手痛苦的人說，你會好起來的，好好照顧自己，療癒自己，有一天你會發現好自由好快樂的。
這個帳號要變成生活小帳了，祝大家幸福！",2025-12-04 14:21:00,說話寫字,好痛苦,pass,
mind.pieces.out,mind.pieces.out,"分手day 91
分手後對愛情的狀態大概是
看到別人幸福的愛情故事已經不再相信了
不再相信人可以這麼幸福
這麽適合彼此
這麽願意為彼此調整
這麼輕鬆
不能再相信誓言了
曾經我也以為可以走一輩子
為了走一輩子我努力的撐著調整自己
現在回想真的覺得好辛苦喔",2025-11-29 14:13:00,說話寫字,好痛苦,pass,
mind.pieces.out,mind.pieces.out,"分手Day 86
我在一個陌生的城市走著
這裡沒有你生活過的痕跡
也沒有我曾經存在的證明
我獨自在這裡旅行
感受一個人到底是什麼感覺
夜晚的街燈下我默默想起了你
不知道你現在生活過的如何
對你不再生氣
也沒有遺憾
你成為了我記憶裡的一個好朋友
偶爾想捎個問候
知道你也很好就足夠
當想念變成想起
好像終於往前走了一步",2025-11-24 15:36:00,說話寫字,好痛苦,pass,
mind.pieces.out,mind.pieces.out,"分手day 96
應該就讓分手日記停在這裡了。
最近一個人過得很快樂。
覺得一個人自由自在，想約會就去約會，想一個人窩在家裡就看書點蠟燭窩在沙發上，不用再有某個人掛在心上，真的很輕鬆。
謝謝所有陪伴我分手的大家。
想跟每一個正在經歷分手痛苦的人說，你會好起來的，好好照顧自己，療癒自己，有一天你會發現好自由好快樂的。
這個帳號要變成生活小帳了，祝大家幸福！",2025-12-04 14:21:00,說話寫字,好痛苦,pass,
mind.pieces.out,mind.pieces.out,"分手day 91
分手後對愛情的狀態大概是
看到別人幸福的愛情故事已經不再相信了
不再相信人可以這麼幸福
這麽適合彼此
這麽願意為彼此調整
這麼輕鬆
不能再相信誓言了
曾經我也以為可以走一輩子
為了走一輩子我努力的撐著調整自己
現在回想真的覺得好辛苦喔",2025-11-29 14:13:00,說話寫字,好痛苦,pass,
mind.pieces.out,mind.pieces.out,"分手Day 86
我在一個陌生的城市走著
這裡沒有你生活過的痕跡
也沒有我曾經存在的證明
我獨自在這裡旅行
感受一個人到底是什麼感覺
夜晚的街燈下我默默想起了你
不知道你現在生活過的如何
對你不再生氣
也沒有遺憾
你成為了我記憶裡的一個好朋友
偶爾想捎個問候
知道你也很好就足夠
當想念變成想起
好像終於往前走了一步",2025-11-24 15:36:00,說話寫字,好痛苦,pass,
mind.pieces.out,mind.pieces.out,"分手day 96
應該就讓分手日記停在這裡了。
最近一個人過得很快樂。
覺得一個人自由自在，想約會就去約會，想一個人窩在家裡就看書點蠟燭窩在沙發上，不用再有某個人掛在心上，真的很輕鬆。
謝謝所有陪伴我分手的大家。
想跟每一個正在經歷分手痛苦的人說，你會好起來的，好好照顧自己，療癒自己，有一天你會發現好自由好快樂的。
這個帳號要變成生活小帳了，祝大家幸福！",2025-12-04 14:21:00,說話寫字,好痛苦,pass,
mind.pieces.out,mind.pieces.out,"分手day 91
分手後對愛情的狀態大概是
看到別人幸福的愛情故事已經不再相信了
不再相信人可以這麼幸福
這麽適合彼此
這麽願意為彼此調整
這麼輕鬆
不能再相信誓言了
曾經我也以為可以走一輩子
為了走一輩子我努力的撐著調整自己
現在回想真的覺得好辛苦喔",2025-11-29 14:13:00,說話寫字,好痛苦,pass,
mind.pieces.out,mind.pieces.out,"分手Day 86
我在一個陌生的城市走著
這裡沒有你生活過的痕跡
也沒有我曾經存在的證明
我獨自在這裡旅行
感受一個人到底是什麼感覺
夜晚的街燈下我默默想起了你
不知道你現在生活過的如何
對你不再生氣
也沒有遺憾
你成為了我記憶裡的一個好朋友
偶爾想捎個問候
知道你也很好就足夠
當想念變成想起
好像終於往前走了一步",2025-11-24 15:36:00,說話寫字,好痛苦,pass,
mind.pieces.out,mind.pieces.out,"分手day 96
應該就讓分手日記停在這裡了。
最近一個人過得很快樂。
覺得一個人自由自在，想約會就去約會，想一個人窩在家裡就看書點蠟燭窩在沙發上，不用再有某個人掛在心上，真的很輕鬆。
謝謝所有陪伴我分手的大家。
想跟每一個正在經歷分手痛苦的人說，你會好起來的，好好照顧自己，療癒自己，有一天你會發現好自由好快樂的。
這個帳號要變成生活小帳了，祝大家幸福！",2025-12-04 14:21:00,說話寫字,好痛苦,pass,
mind.pieces.out,mind.pieces.out,"分手day 91
分手後對愛情的狀態大概是
看到別人幸福的愛情故事已經不再相信了
不再相信人可以這麼幸福
這麽適合彼此
這麽願意為彼此調整
這麼輕鬆
不能再相信誓言了
曾經我也以為可以走一輩子
為了走一輩子我努力的撐著調整自己
現在回想真的覺得好辛苦喔",2025-11-29 14:13:00,說話寫字,好痛苦,pass,
mind.pieces.out,mind.pieces.out,"分手Day 86
我在一個陌生的城市走著
這裡沒有你生活過的痕跡
也沒有我曾經存在的證明
我獨自在這裡旅行
感受一個人到底是什麼感覺
夜晚的街燈下我默默想起了你
不知道你現在生活過的如何
對你不再生氣
也沒有遺憾
你成為了我記憶裡的一個好朋友
偶爾想捎個問候
知道你也很好就足夠
當想念變成想起
好像終於往前走了一步",2025-11-24 15:36:00,說話寫字,好痛苦,pass,
mind.pieces.out,mind.pieces.out,"分手day 96
應該就讓分手日記停在這裡了。
最近一個人過得很快樂。
覺得一個人自由自在，想約會就去約會，想一個人窩在家裡就看書點蠟燭窩在沙發上，不用再有某個人掛在心上，真的很輕鬆。
謝謝所有陪伴我分手的大家。
想跟每一個正在經歷分手痛苦的人說，你會好起來的，好好照顧自己，療癒自己，有一天你會發現好自由好快樂的。
這個帳號要變成生活小帳了，祝大家幸福！",2025-12-04 14:21:00,說話寫字,好痛苦,pass,
mind.pieces.out,mind.pieces.out,"分手day 91
分手後對愛情的狀態大概是
看到別人幸福的愛情故事已經不再相信了
不再相信人可以這麼幸福
這麽適合彼此
這麽願意為彼此調整
這麼輕鬆
不能再相信誓言了
曾經我也以為可以走一輩子
為了走一輩子我努力的撐著調整自己
現在回想真的覺得好辛苦喔",2025-11-29 14:13:00,說話寫字,好痛苦,pass,
mind.pieces.out,mind.pieces.out,"分手Day 86
我在一個陌生的城市走著
這裡沒有你生活過的痕跡
也沒有我曾經存在的證明
我獨自在這裡旅行
感受一個人到底是什麼感覺
夜晚的街燈下我默默想起了你
不知道你現在生活過的如何
對你不再生氣
也沒有遺憾
你成為了我記憶裡的一個好朋友
偶爾想捎個問候
知道你也很好就足夠
當想念變成想起
好像終於往前走了一步",2025-11-24 15:36:00,說話寫字,好痛苦,pass,
mind.pieces.out,mind.pieces.out,"分手day 96
應該就讓分手日記停在這裡了。
最近一個人過得很快樂。
覺得一個人自由自在，想約會就去約會，想一個人窩在家裡就看書點蠟燭窩在沙發上，不用再有某個人掛在心上，真的很輕鬆。
謝謝所有陪伴我分手的大家。
想跟每一個正在經歷分手痛苦的人說，你會好起來的，好好照顧自己，療癒自己，有一天你會發現好自由好快樂的。
這個帳號要變成生活小帳了，祝大家幸福！",2025-12-04 14:21:00,說話寫字,好痛苦,pass,
mind.pieces.out,mind.pieces.out,"分手day 91
分手後對愛情的狀態大概是
看到別人幸福的愛情故事已經不再相信了
不再相信人可以這麼幸福
這麽適合彼此
這麽願意為彼此調整
這麼輕鬆
不能再相信誓言了
曾經我也以為可以走一輩子
為了走一輩子我努力的撐著調整自己
現在回想真的覺得好辛苦喔",2025-11-29 14:13:00,說話寫字,好痛苦,pass,
mind.pieces.out,mind.pieces.out,"分手Day 86
我在一個陌生的城市走著
這裡沒有你生活過的痕跡
也沒有我曾經存在的證明
我獨自在這裡旅行
感受一個人到底是什麼感覺
夜晚的街燈下我默默想起了你
不知道你現在生活過的如何
對你不再生氣
也沒有遺憾
你成為了我記憶裡的一個好朋友
偶爾想捎個問候
知道你也很好就足夠
當想念變成想起
好像終於往前走了一步",2025-11-24 15:36:00,說話寫字,好痛苦,pass,
mind.pieces.out,mind.pieces.out,"分手day 96
應該就讓分手日記停在這裡了。
最近一個人過得很快樂。
覺得一個人自由自在，想約會就去約會，想一個人窩在家裡就看書點蠟燭窩在沙發上，不用再有某個人掛在心上，真的很輕鬆。
謝謝所有陪伴我分手的大家。
想跟每一個正在經歷分手痛苦的人說，你會好起來的，好好照顧自己，療癒自己，有一天你會發現好自由好快樂的。
這個帳號要變成生活小帳了，祝大家幸福！",2025-12-04 14:21:00,說話寫字,好痛苦,pass,
mind.pieces.out,mind.pieces.out,"分手day 91
分手後對愛情的狀態大概是
看到別人幸福的愛情故事已經不再相信了
不再相信人可以這麼幸福
這麽適合彼此
這麽願意為彼此調整
這麼輕鬆
不能再相信誓言了
曾經我也以為可以走一輩子
為了走一輩子我努力的撐著調整自己
現在回想真的覺得好辛苦喔",2025-11-29 14:13:00,說話寫字,好痛苦,pass,
mind.pieces.out,mind.pieces.out,"分手Day 86
我在一個陌生的城市走著
這裡沒有你生活過的痕跡
也沒有我曾經存在的證明
我獨自在這裡旅行
感受一個人到底是什麼感覺
夜晚的街燈下我默默想起了你
不知道你現在生活過的如何
對你不再生氣
也沒有遺憾
你成為了我記憶裡的一個好朋友
偶爾想捎個問候
知道你也很好就足夠
當想念變成想起
好像終於往前走了一步",2025-11-24 15:36:00,說話寫字,好痛苦,pass,
0vergrey_,0vergrey_,"想知道很容易焦慮的人，都是怎麼面對日常中的焦慮，上班、談戀愛、朋友，每天都快被自己的焦慮淹沒死
很多時候也沒有特別發生什麼事情，可是會被我無限放大，常常會在一切還沒出問題時就先預設災難，可能怕受到傷害，所以大腦想先做好防備，但其實這樣長久下來覺得很痛苦很難受",2026-02-22 02:55:00,"隨便啦 這是我的小天地 不要管我辣
把我當三歲小孩就好",好痛苦,pass,
0vergrey_,0vergrey_,"想知道很容易焦慮的人，都是怎麼面對日常中的焦慮，上班、談戀愛、朋友，每天都快被自己的焦慮淹沒死
很多時候也沒有特別發生什麼事情，可是會被我無限放大，常常會在一切還沒出問題時就先預設災難，可能怕受到傷害，所以大腦想先做好防備，但其實這樣長久下來覺得很痛苦很難受",2026-02-22 02:55:00,"隨便啦 這是我的小天地 不要管我辣
把我當三歲小孩就好",好痛苦,pass,
0vergrey_,0vergrey_,"想知道很容易焦慮的人，都是怎麼面對日常中的焦慮，上班、談戀愛、朋友，每天都快被自己的焦慮淹沒死
很多時候也沒有特別發生什麼事情，可是會被我無限放大，常常會在一切還沒出問題時就先預設災難，可能怕受到傷害，所以大腦想先做好防備，但其實這樣長久下來覺得很痛苦很難受",2026-02-22 02:55:00,"隨便啦 這是我的小天地 不要管我辣
把我當三歲小孩就好",好痛苦,pass,
0vergrey_,0vergrey_,"想知道很容易焦慮的人，都是怎麼面對日常中的焦慮，上班、談戀愛、朋友，每天都快被自己的焦慮淹沒死
很多時候也沒有特別發生什麼事情，可是會被我無限放大，常常會在一切還沒出問題時就先預設災難，可能怕受到傷害，所以大腦想先做好防備，但其實這樣長久下來覺得很痛苦很難受",2026-02-22 02:55:00,"隨便啦 這是我的小天地 不要管我辣
把我當三歲小孩就好",好痛苦,pass,
0vergrey_,0vergrey_,"想知道很容易焦慮的人，都是怎麼面對日常中的焦慮，上班、談戀愛、朋友，每天都快被自己的焦慮淹沒死
很多時候也沒有特別發生什麼事情，可是會被我無限放大，常常會在一切還沒出問題時就先預設災難，可能怕受到傷害，所以大腦想先做好防備，但其實這樣長久下來覺得很痛苦很難受",2026-02-22 02:55:00,"隨便啦 這是我的小天地 不要管我辣
把我當三歲小孩就好",好痛苦,pass,
0vergrey_,0vergrey_,"想知道很容易焦慮的人，都是怎麼面對日常中的焦慮，上班、談戀愛、朋友，每天都快被自己的焦慮淹沒死
很多時候也沒有特別發生什麼事情，可是會被我無限放大，常常會在一切還沒出問題時就先預設災難，可能怕受到傷害，所以大腦想先做好防備，但其實這樣長久下來覺得很痛苦很難受",2026-02-22 02:55:00,"隨便啦 這是我的小天地 不要管我辣
把我當三歲小孩就好",好痛苦,pass,
0vergrey_,0vergrey_,"想知道很容易焦慮的人，都是怎麼面對日常中的焦慮，上班、談戀愛、朋友，每天都快被自己的焦慮淹沒死
很多時候也沒有特別發生什麼事情，可是會被我無限放大，常常會在一切還沒出問題時就先預設災難，可能怕受到傷害，所以大腦想先做好防備，但其實這樣長久下來覺得很痛苦很難受",2026-02-22 02:55:00,"隨便啦 這是我的小天地 不要管我辣
把我當三歲小孩就好",好痛苦,pass,
0vergrey_,0vergrey_,"想知道很容易焦慮的人，都是怎麼面對日常中的焦慮，上班、談戀愛、朋友，每天都快被自己的焦慮淹沒死
很多時候也沒有特別發生什麼事情，可是會被我無限放大，常常會在一切還沒出問題時就先預設災難，可能怕受到傷害，所以大腦想先做好防備，但其實這樣長久下來覺得很痛苦很難受",2026-02-22 02:55:00,"隨便啦 這是我的小天地 不要管我辣
把我當三歲小孩就好",好痛苦,pass,
0vergrey_,0vergrey_,"想知道很容易焦慮的人，都是怎麼面對日常中的焦慮，上班、談戀愛、朋友，每天都快被自己的焦慮淹沒死
很多時候也沒有特別發生什麼事情，可是會被我無限放大，常常會在一切還沒出問題時就先預設災難，可能怕受到傷害，所以大腦想先做好防備，但其實這樣長久下來覺得很痛苦很難受",2026-02-22 02:55:00,"隨便啦 這是我的小天地 不要管我辣
把我當三歲小孩就好",好痛苦,pass,
0vergrey_,0vergrey_,"想知道很容易焦慮的人，都是怎麼面對日常中的焦慮，上班、談戀愛、朋友，每天都快被自己的焦慮淹沒死
很多時候也沒有特別發生什麼事情，可是會被我無限放大，常常會在一切還沒出問題時就先預設災難，可能怕受到傷害，所以大腦想先做好防備，但其實這樣長久下來覺得很痛苦很難受",2026-02-22 02:55:00,"隨便啦 這是我的小天地 不要管我辣
把我當三歲小孩就好",好痛苦,pass,
lo_ve_ly_q,lo_ve_ly_q,"人的自我保護機制真的很神奇
痛苦到快死掉的時候
就會突然有一瞬間全部的情緒一起消失
然後過一陣子又突然變回那個看起來
總是很開朗樂觀的自己
還會覺得自己前兩天的痛苦不知道是在發什麼神經
難道人類有什麼強制重啟的開關嗎",2026-02-08 10:00:00,,好痛苦,pass,
lo_ve_ly_q,lo_ve_ly_q,"我突然很吵很吵的時候
其實代表
我在求救
這個時候只需要好好的回應我就好
但連這麼簡單的事都沒人能做的到",2026-02-07 13:17:00,,好痛苦,pass,
lo_ve_ly_q,lo_ve_ly_q,"人的自我保護機制真的很神奇
痛苦到快死掉的時候
就會突然有一瞬間全部的情緒一起消失
然後過一陣子又突然變回那個看起來
總是很開朗樂觀的自己
還會覺得自己前兩天的痛苦不知道是在發什麼神經
難道人類有什麼強制重啟的開關嗎",2026-02-08 10:00:00,,好痛苦,pass,
lo_ve_ly_q,lo_ve_ly_q,"我突然很吵很吵的時候
其實代表
我在求救
這個時候只需要好好的回應我就好
但連這麼簡單的事都沒人能做的到",2026-02-07 13:17:00,,好痛苦,pass,
lo_ve_ly_q,lo_ve_ly_q,"人的自我保護機制真的很神奇
痛苦到快死掉的時候
就會突然有一瞬間全部的情緒一起消失
然後過一陣子又突然變回那個看起來
總是很開朗樂觀的自己
還會覺得自己前兩天的痛苦不知道是在發什麼神經
難道人類有什麼強制重啟的開關嗎",2026-02-08 10:00:00,,好痛苦,pass,
lo_ve_ly_q,lo_ve_ly_q,"我突然很吵很吵的時候
其實代表
我在求救
這個時候只需要好好的回應我就好
但連這麼簡單的事都沒人能做的到",2026-02-07 13:17:00,,好痛苦,pass,
lo_ve_ly_q,lo_ve_ly_q,"人的自我保護機制真的很神奇
痛苦到快死掉的時候
就會突然有一瞬間全部的情緒一起消失
然後過一陣子又突然變回那個看起來
總是很開朗樂觀的自己
還會覺得自己前兩天的痛苦不知道是在發什麼神經
難道人類有什麼強制重啟的開關嗎",2026-02-08 10:00:00,,好痛苦,pass,
lo_ve_ly_q,lo_ve_ly_q,"我突然很吵很吵的時候
其實代表
我在求救
這個時候只需要好好的回應我就好
但連這麼簡單的事都沒人能做的到",2026-02-07 13:17:00,,好痛苦,pass,
lo_ve_ly_q,lo_ve_ly_q,"人的自我保護機制真的很神奇
痛苦到快死掉的時候
就會突然有一瞬間全部的情緒一起消失
然後過一陣子又突然變回那個看起來
總是很開朗樂觀的自己
還會覺得自己前兩天的痛苦不知道是在發什麼神經
難道人類有什麼強制重啟的開關嗎",2026-02-08 10:00:00,,好痛苦,pass,
lo_ve_ly_q,lo_ve_ly_q,"我突然很吵很吵的時候
其實代表
我在求救
這個時候只需要好好的回應我就好
但連這麼簡單的事都沒人能做的到",2026-02-07 13:17:00,,好痛苦,pass,
lo_ve_ly_q,lo_ve_ly_q,"人的自我保護機制真的很神奇
痛苦到快死掉的時候
就會突然有一瞬間全部的情緒一起消失
然後過一陣子又突然變回那個看起來
總是很開朗樂觀的自己
還會覺得自己前兩天的痛苦不知道是在發什麼神經
難道人類有什麼強制重啟的開關嗎",2026-02-08 10:00:00,,好痛苦,pass,
lo_ve_ly_q,lo_ve_ly_q,"我突然很吵很吵的時候
其實代表
我在求救
這個時候只需要好好的回應我就好
但連這麼簡單的事都沒人能做的到",2026-02-07 13:17:00,,好痛苦,pass,
lo_ve_ly_q,lo_ve_ly_q,"人的自我保護機制真的很神奇
痛苦到快死掉的時候
就會突然有一瞬間全部的情緒一起消失
然後過一陣子又突然變回那個看起來
總是很開朗樂觀的自己
還會覺得自己前兩天的痛苦不知道是在發什麼神經
難道人類有什麼強制重啟的開關嗎",2026-02-08 10:00:00,,好痛苦,pass,
lo_ve_ly_q,lo_ve_ly_q,"我突然很吵很吵的時候
其實代表
我在求救
這個時候只需要好好的回應我就好
但連這麼簡單的事都沒人能做的到",2026-02-07 13:17:00,,好痛苦,pass,
lo_ve_ly_q,lo_ve_ly_q,"人的自我保護機制真的很神奇
痛苦到快死掉的時候
就會突然有一瞬間全部的情緒一起消失
然後過一陣子又突然變回那個看起來
總是很開朗樂觀的自己
還會覺得自己前兩天的痛苦不知道是在發什麼神經
難道人類有什麼強制重啟的開關嗎",2026-02-08 10:00:00,,好痛苦,pass,
lo_ve_ly_q,lo_ve_ly_q,"我突然很吵很吵的時候
其實代表
我在求救
這個時候只需要好好的回應我就好
但連這麼簡單的事都沒人能做的到",2026-02-07 13:17:00,,好痛苦,pass,
lo_ve_ly_q,lo_ve_ly_q,"人的自我保護機制真的很神奇
痛苦到快死掉的時候
就會突然有一瞬間全部的情緒一起消失
然後過一陣子又突然變回那個看起來
總是很開朗樂觀的自己
還會覺得自己前兩天的痛苦不知道是在發什麼神經
難道人類有什麼強制重啟的開關嗎",2026-02-08 10:00:00,,好痛苦,pass,
lo_ve_ly_q,lo_ve_ly_q,"我突然很吵很吵的時候
其實代表
我在求救
這個時候只需要好好的回應我就好
但連這麼簡單的事都沒人能做的到",2026-02-07 13:17:00,,好痛苦,pass,
lo_ve_ly_q,lo_ve_ly_q,"人的自我保護機制真的很神奇
痛苦到快死掉的時候
就會突然有一瞬間全部的情緒一起消失
然後過一陣子又突然變回那個看起來
總是很開朗樂觀的自己
還會覺得自己前兩天的痛苦不知道是在發什麼神經
難道人類有什麼強制重啟的開關嗎",2026-02-08 10:00:00,,好痛苦,pass,
lo_ve_ly_q,lo_ve_ly_q,"我突然很吵很吵的時候
其實代表
我在求救
這個時候只需要好好的回應我就好
但連這麼簡單的事都沒人能做的到",2026-02-07 13:17:00,,好痛苦,pass,
raptor_hk,Raptor,"記得嫲嫲係我細個已經成日講：
拍拖唔係淨係搵個
可以一齊食飯、睇戲、去旅行嘅人
而係搵個
喺你情緒低落、迷失方向、冇自信嘅時候
依然堅持唔放手，陪你同行嘅人
人生已經夠難，
能夠一齊分擔風雨嘅愛，
先至真正值得珍惜。",2025-07-26 00:38:00,Raptor’s eye view of Hong Kong — spotting connections and opportunities.,情緒低落,non_life,
raptor_hk,Raptor,"記得嫲嫲係我細個已經成日講：
拍拖唔係淨係搵個
可以一齊食飯、睇戲、去旅行嘅人
而係搵個
喺你情緒低落、迷失方向、冇自信嘅時候
依然堅持唔放手，陪你同行嘅人
人生已經夠難，
能夠一齊分擔風雨嘅愛，
先至真正值得珍惜。",2025-07-26 00:38:00,Raptor’s eye view of Hong Kong — spotting connections and opportunities.,情緒低落,non_life,
raptor_hk,Raptor,"記得嫲嫲係我細個已經成日講：
拍拖唔係淨係搵個
可以一齊食飯、睇戲、去旅行嘅人
而係搵個
喺你情緒低落、迷失方向、冇自信嘅時候
依然堅持唔放手，陪你同行嘅人
人生已經夠難，
能夠一齊分擔風雨嘅愛，
先至真正值得珍惜。",2025-07-26 00:38:00,Raptor’s eye view of Hong Kong — spotting connections and opportunities.,情緒低落,non_life,
raptor_hk,Raptor,"記得嫲嫲係我細個已經成日講：
拍拖唔係淨係搵個
可以一齊食飯、睇戲、去旅行嘅人
而係搵個
喺你情緒低落、迷失方向、冇自信嘅時候
依然堅持唔放手，陪你同行嘅人
人生已經夠難，
能夠一齊分擔風雨嘅愛，
先至真正值得珍惜。",2025-07-26 00:38:00,Raptor’s eye view of Hong Kong — spotting connections and opportunities.,情緒低落,non_life,
raptor_hk,Raptor,"記得嫲嫲係我細個已經成日講：
拍拖唔係淨係搵個
可以一齊食飯、睇戲、去旅行嘅人
而係搵個
喺你情緒低落、迷失方向、冇自信嘅時候
依然堅持唔放手，陪你同行嘅人
人生已經夠難，
能夠一齊分擔風雨嘅愛，
先至真正值得珍惜。",2025-07-26 00:38:00,Raptor’s eye view of Hong Kong — spotting connections and opportunities.,情緒低落,non_life,
raptor_hk,Raptor,"記得嫲嫲係我細個已經成日講：
拍拖唔係淨係搵個
可以一齊食飯、睇戲、去旅行嘅人
而係搵個
喺你情緒低落、迷失方向、冇自信嘅時候
依然堅持唔放手，陪你同行嘅人
人生已經夠難，
能夠一齊分擔風雨嘅愛，
先至真正值得珍惜。",2025-07-26 00:38:00,Raptor’s eye view of Hong Kong — spotting connections and opportunities.,情緒低落,non_life,
raptor_hk,Raptor,"記得嫲嫲係我細個已經成日講：
拍拖唔係淨係搵個
可以一齊食飯、睇戲、去旅行嘅人
而係搵個
喺你情緒低落、迷失方向、冇自信嘅時候
依然堅持唔放手，陪你同行嘅人
人生已經夠難，
能夠一齊分擔風雨嘅愛，
先至真正值得珍惜。",2025-07-26 00:38:00,Raptor’s eye view of Hong Kong — spotting connections and opportunities.,情緒低落,non_life,
raptor_hk,Raptor,"記得嫲嫲係我細個已經成日講：
拍拖唔係淨係搵個
可以一齊食飯、睇戲、去旅行嘅人
而係搵個
喺你情緒低落、迷失方向、冇自信嘅時候
依然堅持唔放手，陪你同行嘅人
人生已經夠難，
能夠一齊分擔風雨嘅愛，
先至真正值得珍惜。",2025-07-26 00:38:00,Raptor’s eye view of Hong Kong — spotting connections and opportunities.,情緒低落,non_life,
raptor_hk,Raptor,"記得嫲嫲係我細個已經成日講：
拍拖唔係淨係搵個
可以一齊食飯、睇戲、去旅行嘅人
而係搵個
喺你情緒低落、迷失方向、冇自信嘅時候
依然堅持唔放手，陪你同行嘅人
人生已經夠難，
能夠一齊分擔風雨嘅愛，
先至真正值得珍惜。",2025-07-26 00:38:00,Raptor’s eye view of Hong Kong — spotting connections and opportunities.,情緒低落,non_life,
raptor_hk,Raptor,"記得嫲嫲係我細個已經成日講：
拍拖唔係淨係搵個
可以一齊食飯、睇戲、去旅行嘅人
而係搵個
喺你情緒低落、迷失方向、冇自信嘅時候
依然堅持唔放手，陪你同行嘅人
人生已經夠難，
能夠一齊分擔風雨嘅愛，
先至真正值得珍惜。",2025-07-26 00:38:00,Raptor’s eye view of Hong Kong — spotting connections and opportunities.,情緒低落,non_life,
kl_sheila,KL Lee,"脆脆話香港人呢幾日都有集體失眠
我想講係呢兩個星期
情緒低落，瞓得好差，多夢之￼餘
仲有耳wonwon頭痛同埋肚痾￼
跟住同靈修啲朋友講起
原來二月2-6，13-16有太陽磁暴
跟住就到地球磁暴
呢啲係宇宙能量對舊有模式嘅衝擊
Anyway 
唔好再叫我睇中醫🤣睇精神科",2026-02-25 12:34:00,"純粹想分享玄學 神秘學 維度空間 靈異
任何志同道合 同頻共振 意識共振嘅事",情緒低落,pass,
kl_sheila,KL Lee,"勞氣
今年第一次去龍母佛堂攝太歲
一家三口全犯太歲😭
上到去無指示
以為同其他廟一樣去買份太歲寶
跟住個女人就話要排隊登記攝太歲￼先
當時我先生不其然講咗句：e, 睇嚟我揀錯地方
佛堂唔算迫爆，但安排同規劃錯晒
不停上層下層來回，流程指示￼極少
好似啲工作人員suppose我哋要知道點做咁
講真，間間廟攝太歲嘅做法都唔同啦
到化寶嗰陣，我見啲人攤開啲壽金
就跟做啦，行埋去化嘅時候
工作人員問邊個教你？
我都想有人教我囉
佢叫我上返去攞返三份整齊嘅壽金
咁我上去￼問工作人員講番件事
點知佢大聲喝我：疊番佢，我地都唔夠用
勁惡勁無禮貌，我覺得好無辜囉
成個過程好急，無助，有嬲嬲
感覺自己做錯哂流程
請問各位師傅
我可唔可以去其他廟重新攝？",2026-02-22 17:15:00,"純粹想分享玄學 神秘學 維度空間 靈異
任何志同道合 同頻共振 意識共振嘅事",情緒低落,pass,
kl_sheila,KL Lee,"脆脆話香港人呢幾日都有集體失眠
我想講係呢兩個星期
情緒低落，瞓得好差，多夢之￼餘
仲有耳wonwon頭痛同埋肚痾￼
跟住同靈修啲朋友講起
原來二月2-6，13-16有太陽磁暴
跟住就到地球磁暴
呢啲係宇宙能量對舊有模式嘅衝擊
Anyway 
唔好再叫我睇中醫🤣睇精神科",2026-02-25 12:34:00,"純粹想分享玄學 神秘學 維度空間 靈異
任何志同道合 同頻共振 意識共振嘅事",情緒低落,pass,
kl_sheila,KL Lee,"勞氣
今年第一次去龍母佛堂攝太歲
一家三口全犯太歲😭
上到去無指示
以為同其他廟一樣去買份太歲寶
跟住個女人就話要排隊登記攝太歲￼先
當時我先生不其然講咗句：e, 睇嚟我揀錯地方
佛堂唔算迫爆，但安排同規劃錯晒
不停上層下層來回，流程指示￼極少
好似啲工作人員suppose我哋要知道點做咁
講真，間間廟攝太歲嘅做法都唔同啦
到化寶嗰陣，我見啲人攤開啲壽金
就跟做啦，行埋去化嘅時候
工作人員問邊個教你？
我都想有人教我囉
佢叫我上返去攞返三份整齊嘅壽金
咁我上去￼問工作人員講番件事
點知佢大聲喝我：疊番佢，我地都唔夠用
勁惡勁無禮貌，我覺得好無辜囉
成個過程好急，無助，有嬲嬲
感覺自己做錯哂流程
請問各位師傅
我可唔可以去其他廟重新攝？",2026-02-22 17:15:00,"純粹想分享玄學 神秘學 維度空間 靈異
任何志同道合 同頻共振 意識共振嘅事",情緒低落,pass,
kl_sheila,KL Lee,"脆脆話香港人呢幾日都有集體失眠
我想講係呢兩個星期
情緒低落，瞓得好差，多夢之￼餘
仲有耳wonwon頭痛同埋肚痾￼
跟住同靈修啲朋友講起
原來二月2-6，13-16有太陽磁暴
跟住就到地球磁暴
呢啲係宇宙能量對舊有模式嘅衝擊
Anyway 
唔好再叫我睇中醫🤣睇精神科",2026-02-25 12:34:00,"純粹想分享玄學 神秘學 維度空間 靈異
任何志同道合 同頻共振 意識共振嘅事",情緒低落,pass,
kl_sheila,KL Lee,"勞氣
今年第一次去龍母佛堂攝太歲
一家三口全犯太歲😭
上到去無指示
以為同其他廟一樣去買份太歲寶
跟住個女人就話要排隊登記攝太歲￼先
當時我先生不其然講咗句：e, 睇嚟我揀錯地方
佛堂唔算迫爆，但安排同規劃錯晒
不停上層下層來回，流程指示￼極少
好似啲工作人員suppose我哋要知道點做咁
講真，間間廟攝太歲嘅做法都唔同啦
到化寶嗰陣，我見啲人攤開啲壽金
就跟做啦，行埋去化嘅時候
工作人員問邊個教你？
我都想有人教我囉
佢叫我上返去攞返三份整齊嘅壽金
咁我上去￼問工作人員講番件事
點知佢大聲喝我：疊番佢，我地都唔夠用
勁惡勁無禮貌，我覺得好無辜囉
成個過程好急，無助，有嬲嬲
感覺自己做錯哂流程
請問各位師傅
我可唔可以去其他廟重新攝？",2026-02-22 17:15:00,"純粹想分享玄學 神秘學 維度空間 靈異
任何志同道合 同頻共振 意識共振嘅事",情緒低落,pass,
kl_sheila,KL Lee,"脆脆話香港人呢幾日都有集體失眠
我想講係呢兩個星期
情緒低落，瞓得好差，多夢之￼餘
仲有耳wonwon頭痛同埋肚痾￼
跟住同靈修啲朋友講起
原來二月2-6，13-16有太陽磁暴
跟住就到地球磁暴
呢啲係宇宙能量對舊有模式嘅衝擊
Anyway 
唔好再叫我睇中醫🤣睇精神科",2026-02-25 12:34:00,"純粹想分享玄學 神秘學 維度空間 靈異
任何志同道合 同頻共振 意識共振嘅事",情緒低落,pass,
kl_sheila,KL Lee,"勞氣
今年第一次去龍母佛堂攝太歲
一家三口全犯太歲😭
上到去無指示
以為同其他廟一樣去買份太歲寶
跟住個女人就話要排隊登記攝太歲￼先
當時我先生不其然講咗句：e, 睇嚟我揀錯地方
佛堂唔算迫爆，但安排同規劃錯晒
不停上層下層來回，流程指示￼極少
好似啲工作人員suppose我哋要知道點做咁
講真，間間廟攝太歲嘅做法都唔同啦
到化寶嗰陣，我見啲人攤開啲壽金
就跟做啦，行埋去化嘅時候
工作人員問邊個教你？
我都想有人教我囉
佢叫我上返去攞返三份整齊嘅壽金
咁我上去￼問工作人員講番件事
點知佢大聲喝我：疊番佢，我地都唔夠用
勁惡勁無禮貌，我覺得好無辜囉
成個過程好急，無助，有嬲嬲
感覺自己做錯哂流程
請問各位師傅
我可唔可以去其他廟重新攝？",2026-02-22 17:15:00,"純粹想分享玄學 神秘學 維度空間 靈異
任何志同道合 同頻共振 意識共振嘅事",情緒低落,pass,
kl_sheila,KL Lee,"脆脆話香港人呢幾日都有集體失眠
我想講係呢兩個星期
情緒低落，瞓得好差，多夢之￼餘
仲有耳wonwon頭痛同埋肚痾￼
跟住同靈修啲朋友講起
原來二月2-6，13-16有太陽磁暴
跟住就到地球磁暴
呢啲係宇宙能量對舊有模式嘅衝擊
Anyway 
唔好再叫我睇中醫🤣睇精神科",2026-02-25 12:34:00,"純粹想分享玄學 神秘學 維度空間 靈異
任何志同道合 同頻共振 意識共振嘅事",情緒低落,pass,
kl_sheila,KL Lee,"勞氣
今年第一次去龍母佛堂攝太歲
一家三口全犯太歲😭
上到去無指示
以為同其他廟一樣去買份太歲寶
跟住個女人就話要排隊登記攝太歲￼先
當時我先生不其然講咗句：e, 睇嚟我揀錯地方
佛堂唔算迫爆，但安排同規劃錯晒
不停上層下層來回，流程指示￼極少
好似啲工作人員suppose我哋要知道點做咁
講真，間間廟攝太歲嘅做法都唔同啦
到化寶嗰陣，我見啲人攤開啲壽金
就跟做啦，行埋去化嘅時候
工作人員問邊個教你？
我都想有人教我囉
佢叫我上返去攞返三份整齊嘅壽金
咁我上去￼問工作人員講番件事
點知佢大聲喝我：疊番佢，我地都唔夠用
勁惡勁無禮貌，我覺得好無辜囉
成個過程好急，無助，有嬲嬲
感覺自己做錯哂流程
請問各位師傅
我可唔可以去其他廟重新攝？",2026-02-22 17:15:00,"純粹想分享玄學 神秘學 維度空間 靈異
任何志同道合 同頻共振 意識共振嘅事",情緒低落,pass,
kl_sheila,KL Lee,"脆脆話香港人呢幾日都有集體失眠
我想講係呢兩個星期
情緒低落，瞓得好差，多夢之￼餘
仲有耳wonwon頭痛同埋肚痾￼
跟住同靈修啲朋友講起
原來二月2-6，13-16有太陽磁暴
跟住就到地球磁暴
呢啲係宇宙能量對舊有模式嘅衝擊
Anyway 
唔好再叫我睇中醫🤣睇精神科",2026-02-25 12:34:00,"純粹想分享玄學 神秘學 維度空間 靈異
任何志同道合 同頻共振 意識共振嘅事",情緒低落,pass,
kl_sheila,KL Lee,"勞氣
今年第一次去龍母佛堂攝太歲
一家三口全犯太歲😭
上到去無指示
以為同其他廟一樣去買份太歲寶
跟住個女人就話要排隊登記攝太歲￼先
當時我先生不其然講咗句：e, 睇嚟我揀錯地方
佛堂唔算迫爆，但安排同規劃錯晒
不停上層下層來回，流程指示￼極少
好似啲工作人員suppose我哋要知道點做咁
講真，間間廟攝太歲嘅做法都唔同啦
到化寶嗰陣，我見啲人攤開啲壽金
就跟做啦，行埋去化嘅時候
工作人員問邊個教你？
我都想有人教我囉
佢叫我上返去攞返三份整齊嘅壽金
咁我上去￼問工作人員講番件事
點知佢大聲喝我：疊番佢，我地都唔夠用
勁惡勁無禮貌，我覺得好無辜囉
成個過程好急，無助，有嬲嬲
感覺自己做錯哂流程
請問各位師傅
我可唔可以去其他廟重新攝？",2026-02-22 17:15:00,"純粹想分享玄學 神秘學 維度空間 靈異
任何志同道合 同頻共振 意識共振嘅事",情緒低落,pass,
kl_sheila,KL Lee,"脆脆話香港人呢幾日都有集體失眠
我想講係呢兩個星期
情緒低落，瞓得好差，多夢之￼餘
仲有耳wonwon頭痛同埋肚痾￼
跟住同靈修啲朋友講起
原來二月2-6，13-16有太陽磁暴
跟住就到地球磁暴
呢啲係宇宙能量對舊有模式嘅衝擊
Anyway 
唔好再叫我睇中醫🤣睇精神科",2026-02-25 12:34:00,"純粹想分享玄學 神秘學 維度空間 靈異
任何志同道合 同頻共振 意識共振嘅事",情緒低落,pass,
kl_sheila,KL Lee,"勞氣
今年第一次去龍母佛堂攝太歲
一家三口全犯太歲😭
上到去無指示
以為同其他廟一樣去買份太歲寶
跟住個女人就話要排隊登記攝太歲￼先
當時我先生不其然講咗句：e, 睇嚟我揀錯地方
佛堂唔算迫爆，但安排同規劃錯晒
不停上層下層來回，流程指示￼極少
好似啲工作人員suppose我哋要知道點做咁
講真，間間廟攝太歲嘅做法都唔同啦
到化寶嗰陣，我見啲人攤開啲壽金
就跟做啦，行埋去化嘅時候
工作人員問邊個教你？
我都想有人教我囉
佢叫我上返去攞返三份整齊嘅壽金
咁我上去￼問工作人員講番件事
點知佢大聲喝我：疊番佢，我地都唔夠用
勁惡勁無禮貌，我覺得好無辜囉
成個過程好急，無助，有嬲嬲
感覺自己做錯哂流程
請問各位師傅
我可唔可以去其他廟重新攝？",2026-02-22 17:15:00,"純粹想分享玄學 神秘學 維度空間 靈異
任何志同道合 同頻共振 意識共振嘅事",情緒低落,pass,
kl_sheila,KL Lee,"脆脆話香港人呢幾日都有集體失眠
我想講係呢兩個星期
情緒低落，瞓得好差，多夢之￼餘
仲有耳wonwon頭痛同埋肚痾￼
跟住同靈修啲朋友講起
原來二月2-6，13-16有太陽磁暴
跟住就到地球磁暴
呢啲係宇宙能量對舊有模式嘅衝擊
Anyway 
唔好再叫我睇中醫🤣睇精神科",2026-02-25 12:34:00,"純粹想分享玄學 神秘學 維度空間 靈異
任何志同道合 同頻共振 意識共振嘅事",情緒低落,pass,
kl_sheila,KL Lee,"勞氣
今年第一次去龍母佛堂攝太歲
一家三口全犯太歲😭
上到去無指示
以為同其他廟一樣去買份太歲寶
跟住個女人就話要排隊登記攝太歲￼先
當時我先生不其然講咗句：e, 睇嚟我揀錯地方
佛堂唔算迫爆，但安排同規劃錯晒
不停上層下層來回，流程指示￼極少
好似啲工作人員suppose我哋要知道點做咁
講真，間間廟攝太歲嘅做法都唔同啦
到化寶嗰陣，我見啲人攤開啲壽金
就跟做啦，行埋去化嘅時候
工作人員問邊個教你？
我都想有人教我囉
佢叫我上返去攞返三份整齊嘅壽金
咁我上去￼問工作人員講番件事
點知佢大聲喝我：疊番佢，我地都唔夠用
勁惡勁無禮貌，我覺得好無辜囉
成個過程好急，無助，有嬲嬲
感覺自己做錯哂流程
請問各位師傅
我可唔可以去其他廟重新攝？",2026-02-22 17:15:00,"純粹想分享玄學 神秘學 維度空間 靈異
任何志同道合 同頻共振 意識共振嘅事",情緒低落,pass,
kl_sheila,KL Lee,"脆脆話香港人呢幾日都有集體失眠
我想講係呢兩個星期
情緒低落，瞓得好差，多夢之￼餘
仲有耳wonwon頭痛同埋肚痾￼
跟住同靈修啲朋友講起
原來二月2-6，13-16有太陽磁暴
跟住就到地球磁暴
呢啲係宇宙能量對舊有模式嘅衝擊
Anyway 
唔好再叫我睇中醫🤣睇精神科",2026-02-25 12:34:00,"純粹想分享玄學 神秘學 維度空間 靈異
任何志同道合 同頻共振 意識共振嘅事",情緒低落,pass,
kl_sheila,KL Lee,"勞氣
今年第一次去龍母佛堂攝太歲
一家三口全犯太歲😭
上到去無指示
以為同其他廟一樣去買份太歲寶
跟住個女人就話要排隊登記攝太歲￼先
當時我先生不其然講咗句：e, 睇嚟我揀錯地方
佛堂唔算迫爆，但安排同規劃錯晒
不停上層下層來回，流程指示￼極少
好似啲工作人員suppose我哋要知道點做咁
講真，間間廟攝太歲嘅做法都唔同啦
到化寶嗰陣，我見啲人攤開啲壽金
就跟做啦，行埋去化嘅時候
工作人員問邊個教你？
我都想有人教我囉
佢叫我上返去攞返三份整齊嘅壽金
咁我上去￼問工作人員講番件事
點知佢大聲喝我：疊番佢，我地都唔夠用
勁惡勁無禮貌，我覺得好無辜囉
成個過程好急，無助，有嬲嬲
感覺自己做錯哂流程
請問各位師傅
我可唔可以去其他廟重新攝？",2026-02-22 17:15:00,"純粹想分享玄學 神秘學 維度空間 靈異
任何志同道合 同頻共振 意識共振嘅事",情緒低落,pass,
kl_sheila,KL Lee,"脆脆話香港人呢幾日都有集體失眠
我想講係呢兩個星期
情緒低落，瞓得好差，多夢之￼餘
仲有耳wonwon頭痛同埋肚痾￼
跟住同靈修啲朋友講起
原來二月2-6，13-16有太陽磁暴
跟住就到地球磁暴
呢啲係宇宙能量對舊有模式嘅衝擊
Anyway 
唔好再叫我睇中醫🤣睇精神科",2026-02-25 12:34:00,"純粹想分享玄學 神秘學 維度空間 靈異
任何志同道合 同頻共振 意識共振嘅事",情緒低落,pass,
kl_sheila,KL Lee,"勞氣
今年第一次去龍母佛堂攝太歲
一家三口全犯太歲😭
上到去無指示
以為同其他廟一樣去買份太歲寶
跟住個女人就話要排隊登記攝太歲￼先
當時我先生不其然講咗句：e, 睇嚟我揀錯地方
佛堂唔算迫爆，但安排同規劃錯晒
不停上層下層來回，流程指示￼極少
好似啲工作人員suppose我哋要知道點做咁
講真，間間廟攝太歲嘅做法都唔同啦
到化寶嗰陣，我見啲人攤開啲壽金
就跟做啦，行埋去化嘅時候
工作人員問邊個教你？
我都想有人教我囉
佢叫我上返去攞返三份整齊嘅壽金
咁我上去￼問工作人員講番件事
點知佢大聲喝我：疊番佢，我地都唔夠用
勁惡勁無禮貌，我覺得好無辜囉
成個過程好急，無助，有嬲嬲
感覺自己做錯哂流程
請問各位師傅
我可唔可以去其他廟重新攝？",2026-02-22 17:15:00,"純粹想分享玄學 神秘學 維度空間 靈異
任何志同道合 同頻共振 意識共振嘅事",情緒低落,pass,
depression_lan,憂鬱小生,"憂鬱症讓我
丟了學業，大學肄業
丟了工作，數度失業
丟了生命，數度垂危
花一生的時間都在失去
我們到底還能擁有什麼？",2025-04-14 15:20:00,🐋🌊隔水之地,失去興趣,pass,
depression_lan,憂鬱小生,"憂鬱症讓我
丟了學業，大學肄業
丟了工作，數度失業
丟了生命，數度垂危
花一生的時間都在失去
我們到底還能擁有什麼？",2025-04-14 15:20:00,🐋🌊隔水之地,失去興趣,pass,
depression_lan,憂鬱小生,"憂鬱症讓我
丟了學業，大學肄業
丟了工作，數度失業
丟了生命，數度垂危
花一生的時間都在失去
我們到底還能擁有什麼？",2025-04-14 15:20:00,🐋🌊隔水之地,失去興趣,pass,
depression_lan,憂鬱小生,"憂鬱症讓我
丟了學業，大學肄業
丟了工作，數度失業
丟了生命，數度垂危
花一生的時間都在失去
我們到底還能擁有什麼？",2025-04-14 15:20:00,🐋🌊隔水之地,失去興趣,pass,
depression_lan,憂鬱小生,"憂鬱症讓我
丟了學業，大學肄業
丟了工作，數度失業
丟了生命，數度垂危
花一生的時間都在失去
我們到底還能擁有什麼？",2025-04-14 15:20:00,🐋🌊隔水之地,失去興趣,pass,
depression_lan,憂鬱小生,"憂鬱症讓我
丟了學業，大學肄業
丟了工作，數度失業
丟了生命，數度垂危
花一生的時間都在失去
我們到底還能擁有什麼？",2025-04-14 15:20:00,🐋🌊隔水之地,失去興趣,pass,
depression_lan,憂鬱小生,"憂鬱症讓我
丟了學業，大學肄業
丟了工作，數度失業
丟了生命，數度垂危
花一生的時間都在失去
我們到底還能擁有什麼？",2025-04-14 15:20:00,🐋🌊隔水之地,失去興趣,pass,
depression_lan,憂鬱小生,"憂鬱症讓我
丟了學業，大學肄業
丟了工作，數度失業
丟了生命，數度垂危
花一生的時間都在失去
我們到底還能擁有什麼？",2025-04-14 15:20:00,🐋🌊隔水之地,失去興趣,pass,
depression_lan,憂鬱小生,"憂鬱症讓我
丟了學業，大學肄業
丟了工作，數度失業
丟了生命，數度垂危
花一生的時間都在失去
我們到底還能擁有什麼？",2025-04-14 15:20:00,🐋🌊隔水之地,失去興趣,pass,
depression_lan,憂鬱小生,"憂鬱症讓我
丟了學業，大學肄業
丟了工作，數度失業
丟了生命，數度垂危
花一生的時間都在失去
我們到底還能擁有什麼？",2025-04-14 15:20:00,🐋🌊隔水之地,失去興趣,pass,
_7zreyn,_7zreyn,"因為不想把負面情緒帶給你
-
所以才說「沒事」",2025-11-30 13:03:00,,負面情緒,pass,
_7zreyn,_7zreyn,"其實我在學校的開心都是裝的
-
只是怕你們討厭我.",2025-11-30 12:58:00,,負面情緒,pass,
_7zreyn,_7zreyn,"因為不想把負面情緒帶給你
-
所以才說「沒事」",2025-11-30 13:03:00,,負面情緒,pass,
_7zreyn,_7zreyn,"其實我在學校的開心都是裝的
-
只是怕你們討厭我.",2025-11-30 12:58:00,,負面情緒,pass,
_7zreyn,_7zreyn,"因為不想把負面情緒帶給你
-
所以才說「沒事」",2025-11-30 13:03:00,,負面情緒,pass,
_7zreyn,_7zreyn,"其實我在學校的開心都是裝的
-
只是怕你們討厭我.",2025-11-30 12:58:00,,負面情緒,pass,
_7zreyn,_7zreyn,"因為不想把負面情緒帶給你
-
所以才說「沒事」",2025-11-30 13:03:00,,負面情緒,pass,
_7zreyn,_7zreyn,"其實我在學校的開心都是裝的
-
只是怕你們討厭我.",2025-11-30 12:58:00,,負面情緒,pass,
_7zreyn,_7zreyn,"因為不想把負面情緒帶給你
-
所以才說「沒事」",2025-11-30 13:03:00,,負面情緒,pass,
_7zreyn,_7zreyn,"其實我在學校的開心都是裝的
-
只是怕你們討厭我.",2025-11-30 12:58:00,,負面情緒,pass,
_7zreyn,_7zreyn,"因為不想把負面情緒帶給你
-
所以才說「沒事」",2025-11-30 13:03:00,,負面情緒,pass,
_7zreyn,_7zreyn,"其實我在學校的開心都是裝的
-
只是怕你們討厭我.",2025-11-30 12:58:00,,負面情緒,pass,
_7zreyn,_7zreyn,"因為不想把負面情緒帶給你
-
所以才說「沒事」",2025-11-30 13:03:00,,負面情緒,pass,
_7zreyn,_7zreyn,"其實我在學校的開心都是裝的
-
只是怕你們討厭我.",2025-11-30 12:58:00,,負面情緒,pass,
_7zreyn,_7zreyn,"因為不想把負面情緒帶給你
-
所以才說「沒事」",2025-11-30 13:03:00,,負面情緒,pass,
_7zreyn,_7zreyn,"其實我在學校的開心都是裝的
-
只是怕你們討厭我.",2025-11-30 12:58:00,,負面情緒,pass,
_7zreyn,_7zreyn,"因為不想把負面情緒帶給你
-
所以才說「沒事」",2025-11-30 13:03:00,,負面情緒,pass,
_7zreyn,_7zreyn,"其實我在學校的開心都是裝的
-
只是怕你們討厭我.",2025-11-30 12:58:00,,負面情緒,pass,
_7zreyn,_7zreyn,"因為不想把負面情緒帶給你
-
所以才說「沒事」",2025-11-30 13:03:00,,負面情緒,pass,
_7zreyn,_7zreyn,"其實我在學校的開心都是裝的
-
只是怕你們討厭我.",2025-11-30 12:58:00,,負面情緒,pass,
kin7ooi_,kin7ooi_,我願意聽鬱症的人跟我抱怨一切一切的痛苦和負面情緒！如果你願意就來跟我講 可以加我哀居跟我講 我會安慰你的,2026-02-08 00:11:00,自我消化,負面情緒,non_life,
kin7ooi_,kin7ooi_,我願意聽鬱症的人跟我抱怨一切一切的痛苦和負面情緒！如果你願意就來跟我講 可以加我哀居跟我講 我會安慰你的,2026-02-08 00:11:00,自我消化,負面情緒,non_life,
kin7ooi_,kin7ooi_,我願意聽鬱症的人跟我抱怨一切一切的痛苦和負面情緒！如果你願意就來跟我講 可以加我哀居跟我講 我會安慰你的,2026-02-08 00:11:00,自我消化,負面情緒,non_life,
kin7ooi_,kin7ooi_,我願意聽鬱症的人跟我抱怨一切一切的痛苦和負面情緒！如果你願意就來跟我講 可以加我哀居跟我講 我會安慰你的,2026-02-08 00:11:00,自我消化,負面情緒,non_life,
kin7ooi_,kin7ooi_,我願意聽鬱症的人跟我抱怨一切一切的痛苦和負面情緒！如果你願意就來跟我講 可以加我哀居跟我講 我會安慰你的,2026-02-08 00:11:00,自我消化,負面情緒,non_life,
kin7ooi_,kin7ooi_,我願意聽鬱症的人跟我抱怨一切一切的痛苦和負面情緒！如果你願意就來跟我講 可以加我哀居跟我講 我會安慰你的,2026-02-08 00:11:00,自我消化,負面情緒,non_life,
kin7ooi_,kin7ooi_,我願意聽鬱症的人跟我抱怨一切一切的痛苦和負面情緒！如果你願意就來跟我講 可以加我哀居跟我講 我會安慰你的,2026-02-08 00:11:00,自我消化,負面情緒,non_life,
kin7ooi_,kin7ooi_,我願意聽鬱症的人跟我抱怨一切一切的痛苦和負面情緒！如果你願意就來跟我講 可以加我哀居跟我講 我會安慰你的,2026-02-08 00:11:00,自我消化,負面情緒,non_life,
kin7ooi_,kin7ooi_,我願意聽鬱症的人跟我抱怨一切一切的痛苦和負面情緒！如果你願意就來跟我講 可以加我哀居跟我講 我會安慰你的,2026-02-08 00:11:00,自我消化,負面情緒,non_life,
kin7ooi_,kin7ooi_,我願意聽鬱症的人跟我抱怨一切一切的痛苦和負面情緒！如果你願意就來跟我講 可以加我哀居跟我講 我會安慰你的,2026-02-08 00:11:00,自我消化,負面情緒,non_life,
wu0829,吳佳蓉,"大概吃了6年身心科的藥物
換過無數個醫生
在113年被工作、主管打敗
住進了精神科病房
過著三個禮拜與世隔絕的生活
出院後換了環境 跟對對的人
終於在今日畢業了！
不用再去身心科回診
不用再靠藥物幫助睡眠",2025-10-15 21:12:00,,精神科,pass,
wu0829,吳佳蓉,"大概吃了6年身心科的藥物
換過無數個醫生
在113年被工作、主管打敗
住進了精神科病房
過著三個禮拜與世隔絕的生活
出院後換了環境 跟對對的人
終於在今日畢業了！
不用再去身心科回診
不用再靠藥物幫助睡眠",2025-10-15 21:12:00,,精神科,pass,
wu0829,吳佳蓉,"大概吃了6年身心科的藥物
換過無數個醫生
在113年被工作、主管打敗
住進了精神科病房
過著三個禮拜與世隔絕的生活
出院後換了環境 跟對對的人
終於在今日畢業了！
不用再去身心科回診
不用再靠藥物幫助睡眠",2025-10-15 21:12:00,,精神科,pass,
wu0829,吳佳蓉,"大概吃了6年身心科的藥物
換過無數個醫生
在113年被工作、主管打敗
住進了精神科病房
過著三個禮拜與世隔絕的生活
出院後換了環境 跟對對的人
終於在今日畢業了！
不用再去身心科回診
不用再靠藥物幫助睡眠",2025-10-15 21:12:00,,精神科,pass,
wu0829,吳佳蓉,"大概吃了6年身心科的藥物
換過無數個醫生
在113年被工作、主管打敗
住進了精神科病房
過著三個禮拜與世隔絕的生活
出院後換了環境 跟對對的人
終於在今日畢業了！
不用再去身心科回診
不用再靠藥物幫助睡眠",2025-10-15 21:12:00,,精神科,pass,
wu0829,吳佳蓉,"大概吃了6年身心科的藥物
換過無數個醫生
在113年被工作、主管打敗
住進了精神科病房
過著三個禮拜與世隔絕的生活
出院後換了環境 跟對對的人
終於在今日畢業了！
不用再去身心科回診
不用再靠藥物幫助睡眠",2025-10-15 21:12:00,,精神科,pass,
wu0829,吳佳蓉,"大概吃了6年身心科的藥物
換過無數個醫生
在113年被工作、主管打敗
住進了精神科病房
過著三個禮拜與世隔絕的生活
出院後換了環境 跟對對的人
終於在今日畢業了！
不用再去身心科回診
不用再靠藥物幫助睡眠",2025-10-15 21:12:00,,精神科,pass,
wu0829,吳佳蓉,"大概吃了6年身心科的藥物
換過無數個醫生
在113年被工作、主管打敗
住進了精神科病房
過著三個禮拜與世隔絕的生活
出院後換了環境 跟對對的人
終於在今日畢業了！
不用再去身心科回診
不用再靠藥物幫助睡眠",2025-10-15 21:12:00,,精神科,pass,
wu0829,吳佳蓉,"大概吃了6年身心科的藥物
換過無數個醫生
在113年被工作、主管打敗
住進了精神科病房
過著三個禮拜與世隔絕的生活
出院後換了環境 跟對對的人
終於在今日畢業了！
不用再去身心科回診
不用再靠藥物幫助睡眠",2025-10-15 21:12:00,,精神科,pass,
wu0829,吳佳蓉,"大概吃了6年身心科的藥物
換過無數個醫生
在113年被工作、主管打敗
住進了精神科病房
過著三個禮拜與世隔絕的生活
出院後換了環境 跟對對的人
終於在今日畢業了！
不用再去身心科回診
不用再靠藥物幫助睡眠",2025-10-15 21:12:00,,精神科,pass,
wu0829,吳佳蓉,"大概吃了6年身心科的藥物
換過無數個醫生
在113年被工作、主管打敗
住進了精神科病房
過著三個禮拜與世隔絕的生活
出院後換了環境 跟對對的人
終於在今日畢業了！
不用再去身心科回診
不用再靠藥物幫助睡眠",2025-10-15 21:12:00,,身心科,pass,
wu0829,吳佳蓉,"大概吃了6年身心科的藥物
換過無數個醫生
在113年被工作、主管打敗
住進了精神科病房
過著三個禮拜與世隔絕的生活
出院後換了環境 跟對對的人
終於在今日畢業了！
不用再去身心科回診
不用再靠藥物幫助睡眠",2025-10-15 21:12:00,,身心科,pass,
wu0829,吳佳蓉,"大概吃了6年身心科的藥物
換過無數個醫生
在113年被工作、主管打敗
住進了精神科病房
過著三個禮拜與世隔絕的生活
出院後換了環境 跟對對的人
終於在今日畢業了！
不用再去身心科回診
不用再靠藥物幫助睡眠",2025-10-15 21:12:00,,身心科,pass,
wu0829,吳佳蓉,"大概吃了6年身心科的藥物
換過無數個醫生
在113年被工作、主管打敗
住進了精神科病房
過著三個禮拜與世隔絕的生活
出院後換了環境 跟對對的人
終於在今日畢業了！
不用再去身心科回診
不用再靠藥物幫助睡眠",2025-10-15 21:12:00,,身心科,pass,
wu0829,吳佳蓉,"大概吃了6年身心科的藥物
換過無數個醫生
在113年被工作、主管打敗
住進了精神科病房
過著三個禮拜與世隔絕的生活
出院後換了環境 跟對對的人
終於在今日畢業了！
不用再去身心科回診
不用再靠藥物幫助睡眠",2025-10-15 21:12:00,,身心科,pass,
wu0829,吳佳蓉,"大概吃了6年身心科的藥物
換過無數個醫生
在113年被工作、主管打敗
住進了精神科病房
過著三個禮拜與世隔絕的生活
出院後換了環境 跟對對的人
終於在今日畢業了！
不用再去身心科回診
不用再靠藥物幫助睡眠",2025-10-15 21:12:00,,身心科,pass,
wu0829,吳佳蓉,"大概吃了6年身心科的藥物
換過無數個醫生
在113年被工作、主管打敗
住進了精神科病房
過著三個禮拜與世隔絕的生活
出院後換了環境 跟對對的人
終於在今日畢業了！
不用再去身心科回診
不用再靠藥物幫助睡眠",2025-10-15 21:12:00,,身心科,pass,
wu0829,吳佳蓉,"大概吃了6年身心科的藥物
換過無數個醫生
在113年被工作、主管打敗
住進了精神科病房
過著三個禮拜與世隔絕的生活
出院後換了環境 跟對對的人
終於在今日畢業了！
不用再去身心科回診
不用再靠藥物幫助睡眠",2025-10-15 21:12:00,,身心科,pass,
wu0829,吳佳蓉,"大概吃了6年身心科的藥物
換過無數個醫生
在113年被工作、主管打敗
住進了精神科病房
過著三個禮拜與世隔絕的生活
出院後換了環境 跟對對的人
終於在今日畢業了！
不用再去身心科回診
不用再靠藥物幫助睡眠",2025-10-15 21:12:00,,身心科,pass,
wu0829,吳佳蓉,"大概吃了6年身心科的藥物
換過無數個醫生
在113年被工作、主管打敗
住進了精神科病房
過著三個禮拜與世隔絕的生活
出院後換了環境 跟對對的人
終於在今日畢業了！
不用再去身心科回診
不用再靠藥物幫助睡眠",2025-10-15 21:12:00,,身心科,pass,
chunyi_li_1011,Chun-yi Li,我今天去看了身心科了，我覺得我很棒,2025-12-30 15:51:00,"R_Li 阿黎
堅定台派
iOS 工程師🧑‍💻",身心科,pass,
chunyi_li_1011,Chun-yi Li,"怎麼聖誕節這麼多純愛戰士倒下了
各位失戀小狗小貓們
有句話先收著好嗎
『你在內耗，他在睡覺』
我也在去年過了一個很難過的聖誕節
這句話不知道救了我幾次
時間還沒停止 世界還沒末日
你還有自己要照顧
我們就哭到 2025 結束就好 好不好
等到明年
我們來好好愛自己 把注意力都放在自己身上
愛自己不委屈 珍惜自己不嫌累
我們的戀愛腦拿來跟自己談戀愛剛剛好
祝你們找回自己的幸福🥰",2025-12-26 00:53:00,"R_Li 阿黎
堅定台派
iOS 工程師🧑‍💻",身心科,pass,
chunyi_li_1011,Chun-yi Li,我今天去看了身心科了，我覺得我很棒,2025-12-30 15:51:00,"R_Li 阿黎
堅定台派
iOS 工程師🧑‍💻",身心科,pass,
chunyi_li_1011,Chun-yi Li,"怎麼聖誕節這麼多純愛戰士倒下了
各位失戀小狗小貓們
有句話先收著好嗎
『你在內耗，他在睡覺』
我也在去年過了一個很難過的聖誕節
這句話不知道救了我幾次
時間還沒停止 世界還沒末日
你還有自己要照顧
我們就哭到 2025 結束就好 好不好
等到明年
我們來好好愛自己 把注意力都放在自己身上
愛自己不委屈 珍惜自己不嫌累
我們的戀愛腦拿來跟自己談戀愛剛剛好
祝你們找回自己的幸福🥰",2025-12-26 00:53:00,"R_Li 阿黎
堅定台派
iOS 工程師🧑‍💻",身心科,pass,
chunyi_li_1011,Chun-yi Li,我今天去看了身心科了，我覺得我很棒,2025-12-30 15:51:00,"R_Li 阿黎
堅定台派
iOS 工程師🧑‍💻",身心科,pass,
chunyi_li_1011,Chun-yi Li,"怎麼聖誕節這麼多純愛戰士倒下了
各位失戀小狗小貓們
有句話先收著好嗎
『你在內耗，他在睡覺』
我也在去年過了一個很難過的聖誕節
這句話不知道救了我幾次
時間還沒停止 世界還沒末日
你還有自己要照顧
我們就哭到 2025 結束就好 好不好
等到明年
我們來好好愛自己 把注意力都放在自己身上
愛自己不委屈 珍惜自己不嫌累
我們的戀愛腦拿來跟自己談戀愛剛剛好
祝你們找回自己的幸福🥰",2025-12-26 00:53:00,"R_Li 阿黎
堅定台派
iOS 工程師🧑‍💻",身心科,pass,
chunyi_li_1011,Chun-yi Li,我今天去看了身心科了，我覺得我很棒,2025-12-30 15:51:00,"R_Li 阿黎
堅定台派
iOS 工程師🧑‍💻",身心科,pass,
chunyi_li_1011,Chun-yi Li,"怎麼聖誕節這麼多純愛戰士倒下了
各位失戀小狗小貓們
有句話先收著好嗎
『你在內耗，他在睡覺』
我也在去年過了一個很難過的聖誕節
這句話不知道救了我幾次
時間還沒停止 世界還沒末日
你還有自己要照顧
我們就哭到 2025 結束就好 好不好
等到明年
我們來好好愛自己 把注意力都放在自己身上
愛自己不委屈 珍惜自己不嫌累
我們的戀愛腦拿來跟自己談戀愛剛剛好
祝你們找回自己的幸福🥰",2025-12-26 00:53:00,"R_Li 阿黎
堅定台派
iOS 工程師🧑‍💻",身心科,pass,
chunyi_li_1011,Chun-yi Li,我今天去看了身心科了，我覺得我很棒,2025-12-30 15:51:00,"R_Li 阿黎
堅定台派
iOS 工程師🧑‍💻",身心科,pass,
chunyi_li_1011,Chun-yi Li,"怎麼聖誕節這麼多純愛戰士倒下了
各位失戀小狗小貓們
有句話先收著好嗎
『你在內耗，他在睡覺』
我也在去年過了一個很難過的聖誕節
這句話不知道救了我幾次
時間還沒停止 世界還沒末日
你還有自己要照顧
我們就哭到 2025 結束就好 好不好
等到明年
我們來好好愛自己 把注意力都放在自己身上
愛自己不委屈 珍惜自己不嫌累
我們的戀愛腦拿來跟自己談戀愛剛剛好
祝你們找回自己的幸福🥰",2025-12-26 00:53:00,"R_Li 阿黎
堅定台派
iOS 工程師🧑‍💻",身心科,pass,
chunyi_li_1011,Chun-yi Li,我今天去看了身心科了，我覺得我很棒,2025-12-30 15:51:00,"R_Li 阿黎
堅定台派
iOS 工程師🧑‍💻",身心科,pass,
chunyi_li_1011,Chun-yi Li,"怎麼聖誕節這麼多純愛戰士倒下了
各位失戀小狗小貓們
有句話先收著好嗎
『你在內耗，他在睡覺』
我也在去年過了一個很難過的聖誕節
這句話不知道救了我幾次
時間還沒停止 世界還沒末日
你還有自己要照顧
我們就哭到 2025 結束就好 好不好
等到明年
我們來好好愛自己 把注意力都放在自己身上
愛自己不委屈 珍惜自己不嫌累
我們的戀愛腦拿來跟自己談戀愛剛剛好
祝你們找回自己的幸福🥰",2025-12-26 00:53:00,"R_Li 阿黎
堅定台派
iOS 工程師🧑‍💻",身心科,pass,
chunyi_li_1011,Chun-yi Li,我今天去看了身心科了，我覺得我很棒,2025-12-30 15:51:00,"R_Li 阿黎
堅定台派
iOS 工程師🧑‍💻",身心科,pass,
chunyi_li_1011,Chun-yi Li,"怎麼聖誕節這麼多純愛戰士倒下了
各位失戀小狗小貓們
有句話先收著好嗎
『你在內耗，他在睡覺』
我也在去年過了一個很難過的聖誕節
這句話不知道救了我幾次
時間還沒停止 世界還沒末日
你還有自己要照顧
我們就哭到 2025 結束就好 好不好
等到明年
我們來好好愛自己 把注意力都放在自己身上
愛自己不委屈 珍惜自己不嫌累
我們的戀愛腦拿來跟自己談戀愛剛剛好
祝你們找回自己的幸福🥰",2025-12-26 00:53:00,"R_Li 阿黎
堅定台派
iOS 工程師🧑‍💻",身心科,pass,
chunyi_li_1011,Chun-yi Li,我今天去看了身心科了，我覺得我很棒,2025-12-30 15:51:00,"R_Li 阿黎
堅定台派
iOS 工程師🧑‍💻",身心科,pass,
chunyi_li_1011,Chun-yi Li,"怎麼聖誕節這麼多純愛戰士倒下了
各位失戀小狗小貓們
有句話先收著好嗎
『你在內耗，他在睡覺』
我也在去年過了一個很難過的聖誕節
這句話不知道救了我幾次
時間還沒停止 世界還沒末日
你還有自己要照顧
我們就哭到 2025 結束就好 好不好
等到明年
我們來好好愛自己 把注意力都放在自己身上
愛自己不委屈 珍惜自己不嫌累
我們的戀愛腦拿來跟自己談戀愛剛剛好
祝你們找回自己的幸福🥰",2025-12-26 00:53:00,"R_Li 阿黎
堅定台派
iOS 工程師🧑‍💻",身心科,pass,
chunyi_li_1011,Chun-yi Li,我今天去看了身心科了，我覺得我很棒,2025-12-30 15:51:00,"R_Li 阿黎
堅定台派
iOS 工程師🧑‍💻",身心科,pass,
chunyi_li_1011,Chun-yi Li,"怎麼聖誕節這麼多純愛戰士倒下了
各位失戀小狗小貓們
有句話先收著好嗎
『你在內耗，他在睡覺』
我也在去年過了一個很難過的聖誕節
這句話不知道救了我幾次
時間還沒停止 世界還沒末日
你還有自己要照顧
我們就哭到 2025 結束就好 好不好
等到明年
我們來好好愛自己 把注意力都放在自己身上
愛自己不委屈 珍惜自己不嫌累
我們的戀愛腦拿來跟自己談戀愛剛剛好
祝你們找回自己的幸福🥰",2025-12-26 00:53:00,"R_Li 阿黎
堅定台派
iOS 工程師🧑‍💻",身心科,pass,
chunyi_li_1011,Chun-yi Li,我今天去看了身心科了，我覺得我很棒,2025-12-30 15:51:00,"R_Li 阿黎
堅定台派
iOS 工程師🧑‍💻",身心科,pass,
chunyi_li_1011,Chun-yi Li,"怎麼聖誕節這麼多純愛戰士倒下了
各位失戀小狗小貓們
有句話先收著好嗎
『你在內耗，他在睡覺』
我也在去年過了一個很難過的聖誕節
這句話不知道救了我幾次
時間還沒停止 世界還沒末日
你還有自己要照顧
我們就哭到 2025 結束就好 好不好
等到明年
我們來好好愛自己 把注意力都放在自己身上
愛自己不委屈 珍惜自己不嫌累
我們的戀愛腦拿來跟自己談戀愛剛剛好
祝你們找回自己的幸福🥰",2025-12-26 00:53:00,"R_Li 阿黎
堅定台派
iOS 工程師🧑‍💻",身心科,pass,
dwp._.2015,DWP,"你是一個
在壓力裡還努力活著的孩子",2026-01-10 22:58:00,"欸 你 要好好活著噢〃'▽'〃
-
115會考牲 這裡是日記",壓力,pass,
dwp._.2015,DWP,"你是一個
在壓力裡還努力活著的孩子",2026-01-10 22:58:00,"欸 你 要好好活著噢〃'▽'〃
-
115會考牲 這裡是日記",壓力,pass,
dwp._.2015,DWP,"你是一個
在壓力裡還努力活著的孩子",2026-01-10 22:58:00,"欸 你 要好好活著噢〃'▽'〃
-
115會考牲 這裡是日記",壓力,pass,
dwp._.2015,DWP,"你是一個
在壓力裡還努力活著的孩子",2026-01-10 22:58:00,"欸 你 要好好活著噢〃'▽'〃
-
115會考牲 這裡是日記",壓力,pass,
dwp._.2015,DWP,"你是一個
在壓力裡還努力活著的孩子",2026-01-10 22:58:00,"欸 你 要好好活著噢〃'▽'〃
-
115會考牲 這裡是日記",壓力,pass,
dwp._.2015,DWP,"你是一個
在壓力裡還努力活著的孩子",2026-01-10 22:58:00,"欸 你 要好好活著噢〃'▽'〃
-
115會考牲 這裡是日記",壓力,pass,
dwp._.2015,DWP,"你是一個
在壓力裡還努力活著的孩子",2026-01-10 22:58:00,"欸 你 要好好活著噢〃'▽'〃
-
115會考牲 這裡是日記",壓力,pass,
dwp._.2015,DWP,"你是一個
在壓力裡還努力活著的孩子",2026-01-10 22:58:00,"欸 你 要好好活著噢〃'▽'〃
-
115會考牲 這裡是日記",壓力,pass,
dwp._.2015,DWP,"你是一個
在壓力裡還努力活著的孩子",2026-01-10 22:58:00,"欸 你 要好好活著噢〃'▽'〃
-
115會考牲 這裡是日記",壓力,pass,
dwp._.2015,DWP,"你是一個
在壓力裡還努力活著的孩子",2026-01-10 22:58:00,"欸 你 要好好活著噢〃'▽'〃
-
115會考牲 這裡是日記",壓力,pass,
leevoonyi,李雯仪   注册与执证心理辅导师,"「這些話，請不要對憂鬱症患者說。」
你知道嗎？憂鬱症，不是太敏感、抗壓力低、或心情不好，是一種身心健康的疾病，且不是患者自身想發生的。
隨著憂鬱症越來越盛行，雖然大家都知道什麼是憂鬱症，但不一定真正理解它。
憂鬱症患者所經歷的辛苦，並非我們三言兩語，或一句：加油、放輕鬆、不要想太多，就能好起來。
接下來的12句話，或許是出於關心、鼓勵，也可能只是日常的聊天，但它們無法真正同理，一個正在經歷憂鬱的人。也是我們日後與憂鬱患者互動時，要避開的雷。",2025-12-16 20:19:00,"🧡馬來西亞註冊心理輔導師 (KB;PA)
🎓輔導碩士 Master of Counselling 
🎓心理學學士 Degree in Psychology 
💟IG帳號➡️leevoonyi
⚠️台灣的「諮商」，在馬來西亞的專業名稱是「輔導」。都是專業的助人工作，只是職稱名字不同。",壓力,business,
leevoonyi,李雯仪   注册与执证心理辅导师,"「這些話，請不要對憂鬱症患者說。」
你知道嗎？憂鬱症，不是太敏感、抗壓力低、或心情不好，是一種身心健康的疾病，且不是患者自身想發生的。
隨著憂鬱症越來越盛行，雖然大家都知道什麼是憂鬱症，但不一定真正理解它。
憂鬱症患者所經歷的辛苦，並非我們三言兩語，或一句：加油、放輕鬆、不要想太多，就能好起來。
接下來的12句話，或許是出於關心、鼓勵，也可能只是日常的聊天，但它們無法真正同理，一個正在經歷憂鬱的人。也是我們日後與憂鬱患者互動時，要避開的雷。",2025-12-16 20:19:00,"🧡馬來西亞註冊心理輔導師 (KB;PA)
🎓輔導碩士 Master of Counselling 
🎓心理學學士 Degree in Psychology 
💟IG帳號➡️leevoonyi
⚠️台灣的「諮商」，在馬來西亞的專業名稱是「輔導」。都是專業的助人工作，只是職稱名字不同。",壓力,business,
leevoonyi,李雯仪   注册与执证心理辅导师,"「這些話，請不要對憂鬱症患者說。」
你知道嗎？憂鬱症，不是太敏感、抗壓力低、或心情不好，是一種身心健康的疾病，且不是患者自身想發生的。
隨著憂鬱症越來越盛行，雖然大家都知道什麼是憂鬱症，但不一定真正理解它。
憂鬱症患者所經歷的辛苦，並非我們三言兩語，或一句：加油、放輕鬆、不要想太多，就能好起來。
接下來的12句話，或許是出於關心、鼓勵，也可能只是日常的聊天，但它們無法真正同理，一個正在經歷憂鬱的人。也是我們日後與憂鬱患者互動時，要避開的雷。",2025-12-16 20:19:00,"🧡馬來西亞註冊心理輔導師 (KB;PA)
🎓輔導碩士 Master of Counselling 
🎓心理學學士 Degree in Psychology 
💟IG帳號➡️leevoonyi
⚠️台灣的「諮商」，在馬來西亞的專業名稱是「輔導」。都是專業的助人工作，只是職稱名字不同。",壓力,business,
leevoonyi,李雯仪   注册与执证心理辅导师,"「這些話，請不要對憂鬱症患者說。」
你知道嗎？憂鬱症，不是太敏感、抗壓力低、或心情不好，是一種身心健康的疾病，且不是患者自身想發生的。
隨著憂鬱症越來越盛行，雖然大家都知道什麼是憂鬱症，但不一定真正理解它。
憂鬱症患者所經歷的辛苦，並非我們三言兩語，或一句：加油、放輕鬆、不要想太多，就能好起來。
接下來的12句話，或許是出於關心、鼓勵，也可能只是日常的聊天，但它們無法真正同理，一個正在經歷憂鬱的人。也是我們日後與憂鬱患者互動時，要避開的雷。",2025-12-16 20:19:00,"🧡馬來西亞註冊心理輔導師 (KB;PA)
🎓輔導碩士 Master of Counselling 
🎓心理學學士 Degree in Psychology 
💟IG帳號➡️leevoonyi
⚠️台灣的「諮商」，在馬來西亞的專業名稱是「輔導」。都是專業的助人工作，只是職稱名字不同。",壓力,business,
leevoonyi,李雯仪   注册与执证心理辅导师,"「這些話，請不要對憂鬱症患者說。」
你知道嗎？憂鬱症，不是太敏感、抗壓力低、或心情不好，是一種身心健康的疾病，且不是患者自身想發生的。
隨著憂鬱症越來越盛行，雖然大家都知道什麼是憂鬱症，但不一定真正理解它。
憂鬱症患者所經歷的辛苦，並非我們三言兩語，或一句：加油、放輕鬆、不要想太多，就能好起來。
接下來的12句話，或許是出於關心、鼓勵，也可能只是日常的聊天，但它們無法真正同理，一個正在經歷憂鬱的人。也是我們日後與憂鬱患者互動時，要避開的雷。",2025-12-16 20:19:00,"🧡馬來西亞註冊心理輔導師 (KB;PA)
🎓輔導碩士 Master of Counselling 
🎓心理學學士 Degree in Psychology 
💟IG帳號➡️leevoonyi
⚠️台灣的「諮商」，在馬來西亞的專業名稱是「輔導」。都是專業的助人工作，只是職稱名字不同。",壓力,business,
leevoonyi,李雯仪   注册与执证心理辅导师,"「這些話，請不要對憂鬱症患者說。」
你知道嗎？憂鬱症，不是太敏感、抗壓力低、或心情不好，是一種身心健康的疾病，且不是患者自身想發生的。
隨著憂鬱症越來越盛行，雖然大家都知道什麼是憂鬱症，但不一定真正理解它。
憂鬱症患者所經歷的辛苦，並非我們三言兩語，或一句：加油、放輕鬆、不要想太多，就能好起來。
接下來的12句話，或許是出於關心、鼓勵，也可能只是日常的聊天，但它們無法真正同理，一個正在經歷憂鬱的人。也是我們日後與憂鬱患者互動時，要避開的雷。",2025-12-16 20:19:00,"🧡馬來西亞註冊心理輔導師 (KB;PA)
🎓輔導碩士 Master of Counselling 
🎓心理學學士 Degree in Psychology 
💟IG帳號➡️leevoonyi
⚠️台灣的「諮商」，在馬來西亞的專業名稱是「輔導」。都是專業的助人工作，只是職稱名字不同。",壓力,business,
leevoonyi,李雯仪   注册与执证心理辅导师,"「這些話，請不要對憂鬱症患者說。」
你知道嗎？憂鬱症，不是太敏感、抗壓力低、或心情不好，是一種身心健康的疾病，且不是患者自身想發生的。
隨著憂鬱症越來越盛行，雖然大家都知道什麼是憂鬱症，但不一定真正理解它。
憂鬱症患者所經歷的辛苦，並非我們三言兩語，或一句：加油、放輕鬆、不要想太多，就能好起來。
接下來的12句話，或許是出於關心、鼓勵，也可能只是日常的聊天，但它們無法真正同理，一個正在經歷憂鬱的人。也是我們日後與憂鬱患者互動時，要避開的雷。",2025-12-16 20:19:00,"🧡馬來西亞註冊心理輔導師 (KB;PA)
🎓輔導碩士 Master of Counselling 
🎓心理學學士 Degree in Psychology 
💟IG帳號➡️leevoonyi
⚠️台灣的「諮商」，在馬來西亞的專業名稱是「輔導」。都是專業的助人工作，只是職稱名字不同。",壓力,business,
leevoonyi,李雯仪   注册与执证心理辅导师,"「這些話，請不要對憂鬱症患者說。」
你知道嗎？憂鬱症，不是太敏感、抗壓力低、或心情不好，是一種身心健康的疾病，且不是患者自身想發生的。
隨著憂鬱症越來越盛行，雖然大家都知道什麼是憂鬱症，但不一定真正理解它。
憂鬱症患者所經歷的辛苦，並非我們三言兩語，或一句：加油、放輕鬆、不要想太多，就能好起來。
接下來的12句話，或許是出於關心、鼓勵，也可能只是日常的聊天，但它們無法真正同理，一個正在經歷憂鬱的人。也是我們日後與憂鬱患者互動時，要避開的雷。",2025-12-16 20:19:00,"🧡馬來西亞註冊心理輔導師 (KB;PA)
🎓輔導碩士 Master of Counselling 
🎓心理學學士 Degree in Psychology 
💟IG帳號➡️leevoonyi
⚠️台灣的「諮商」，在馬來西亞的專業名稱是「輔導」。都是專業的助人工作，只是職稱名字不同。",壓力,business,
leevoonyi,李雯仪   注册与执证心理辅导师,"「這些話，請不要對憂鬱症患者說。」
你知道嗎？憂鬱症，不是太敏感、抗壓力低、或心情不好，是一種身心健康的疾病，且不是患者自身想發生的。
隨著憂鬱症越來越盛行，雖然大家都知道什麼是憂鬱症，但不一定真正理解它。
憂鬱症患者所經歷的辛苦，並非我們三言兩語，或一句：加油、放輕鬆、不要想太多，就能好起來。
接下來的12句話，或許是出於關心、鼓勵，也可能只是日常的聊天，但它們無法真正同理，一個正在經歷憂鬱的人。也是我們日後與憂鬱患者互動時，要避開的雷。",2025-12-16 20:19:00,"🧡馬來西亞註冊心理輔導師 (KB;PA)
🎓輔導碩士 Master of Counselling 
🎓心理學學士 Degree in Psychology 
💟IG帳號➡️leevoonyi
⚠️台灣的「諮商」，在馬來西亞的專業名稱是「輔導」。都是專業的助人工作，只是職稱名字不同。",壓力,business,
leevoonyi,李雯仪   注册与执证心理辅导师,"「這些話，請不要對憂鬱症患者說。」
你知道嗎？憂鬱症，不是太敏感、抗壓力低、或心情不好，是一種身心健康的疾病，且不是患者自身想發生的。
隨著憂鬱症越來越盛行，雖然大家都知道什麼是憂鬱症，但不一定真正理解它。
憂鬱症患者所經歷的辛苦，並非我們三言兩語，或一句：加油、放輕鬆、不要想太多，就能好起來。
接下來的12句話，或許是出於關心、鼓勵，也可能只是日常的聊天，但它們無法真正同理，一個正在經歷憂鬱的人。也是我們日後與憂鬱患者互動時，要避開的雷。",2025-12-16 20:19:00,"🧡馬來西亞註冊心理輔導師 (KB;PA)
🎓輔導碩士 Master of Counselling 
🎓心理學學士 Degree in Psychology 
💟IG帳號➡️leevoonyi
⚠️台灣的「諮商」，在馬來西亞的專業名稱是「輔導」。都是專業的助人工作，只是職稱名字不同。",壓力,business,
_hsinchia1009_,嘉,全新竹最悲傷的下行手扶梯,2026-02-22 17:42:00,"NCKU成大機械
社畜工程師ing
吃貨帳：@study_jia",悲傷,pass,
_hsinchia1009_,嘉,全新竹最悲傷的下行手扶梯,2026-02-22 17:42:00,"NCKU成大機械
社畜工程師ing
吃貨帳：@study_jia",悲傷,pass,
_hsinchia1009_,嘉,全新竹最悲傷的下行手扶梯,2026-02-22 17:42:00,"NCKU成大機械
社畜工程師ing
吃貨帳：@study_jia",悲傷,pass,
_hsinchia1009_,嘉,全新竹最悲傷的下行手扶梯,2026-02-22 17:42:00,"NCKU成大機械
社畜工程師ing
吃貨帳：@study_jia",悲傷,pass,
_hsinchia1009_,嘉,全新竹最悲傷的下行手扶梯,2026-02-22 17:42:00,"NCKU成大機械
社畜工程師ing
吃貨帳：@study_jia",悲傷,pass,
_hsinchia1009_,嘉,全新竹最悲傷的下行手扶梯,2026-02-22 17:42:00,"NCKU成大機械
社畜工程師ing
吃貨帳：@study_jia",悲傷,pass,
_hsinchia1009_,嘉,全新竹最悲傷的下行手扶梯,2026-02-22 17:42:00,"NCKU成大機械
社畜工程師ing
吃貨帳：@study_jia",悲傷,pass,
_hsinchia1009_,嘉,全新竹最悲傷的下行手扶梯,2026-02-22 17:42:00,"NCKU成大機械
社畜工程師ing
吃貨帳：@study_jia",悲傷,pass,
_hsinchia1009_,嘉,全新竹最悲傷的下行手扶梯,2026-02-22 17:42:00,"NCKU成大機械
社畜工程師ing
吃貨帳：@study_jia",悲傷,pass,
_hsinchia1009_,嘉,全新竹最悲傷的下行手扶梯,2026-02-22 17:42:00,"NCKU成大機械
社畜工程師ing
吃貨帳：@study_jia",悲傷,pass,
wu_baba_wu,Wubaba,"肝癌四期的爸爸，晚上常失眠。
醫生有開助眠藥，但有時候還是會睡不著
有什麼可以幫助睡眠的方法嗎？
目前試過精油、喝牛奶，但沒什麼效果🫠
試過最好的方法是飯後把爸爸拉出去散步到10點，回家洗洗後就睡了💤（太累🤣
但因為本身還要工作，無法每天帶爸爸在外面晃到10點…",2026-03-01 19:00:00,,無助,pass,
wu_baba_wu,Wubaba,"這兩天可能因為水腫的關係，爸爸感覺很累🥱 白天打瞌睡💤 晚上睡不著…
晚餐飯後推輪椅帶爸爸出去，順便去買個刮刮卡…不小心晃太晚3個小時才回到家，回來洗好澡爸爸秒睡，一睡到天亮😆😆😆",2026-02-22 21:00:00,,無助,pass,
wu_baba_wu,Wubaba,"紀錄肝癌四期爸爸日常 📝 
爸爸在2025.11中確診肝癌四期，3顆大腫瘤，無法開刀。
10公分、6公分，轉移心臟1顆3公分。
目前已經結束25次電療。12/31、1/27，2次免疫標靶治療。
從一開始嚴重腹部下肢水腫，體重78公斤、食慾不振。住院治療大概快一個半月。
大概在1月底～2月中水腫消退、食慾提升，體重大概維持在57-58（身高161）。
2/20-2/22 體重上升到61之間，每到下午右腳會有點腫…🫠",2026-02-22 19:47:00,,無助,pass,
wu_baba_wu,Wubaba,"肝癌四期的爸爸，晚上常失眠。
醫生有開助眠藥，但有時候還是會睡不著
有什麼可以幫助睡眠的方法嗎？
目前試過精油、喝牛奶，但沒什麼效果🫠
試過最好的方法是飯後把爸爸拉出去散步到10點，回家洗洗後就睡了💤（太累🤣
但因為本身還要工作，無法每天帶爸爸在外面晃到10點…",2026-03-01 19:00:00,,無助,pass,
wu_baba_wu,Wubaba,"這兩天可能因為水腫的關係，爸爸感覺很累🥱 白天打瞌睡💤 晚上睡不著…
晚餐飯後推輪椅帶爸爸出去，順便去買個刮刮卡…不小心晃太晚3個小時才回到家，回來洗好澡爸爸秒睡，一睡到天亮😆😆😆",2026-02-22 21:00:00,,無助,pass,
wu_baba_wu,Wubaba,"紀錄肝癌四期爸爸日常 📝 
爸爸在2025.11中確診肝癌四期，3顆大腫瘤，無法開刀。
10公分、6公分，轉移心臟1顆3公分。
目前已經結束25次電療。12/31、1/27，2次免疫標靶治療。
從一開始嚴重腹部下肢水腫，體重78公斤、食慾不振。住院治療大概快一個半月。
大概在1月底～2月中水腫消退、食慾提升，體重大概維持在57-58（身高161）。
2/20-2/22 體重上升到61之間，每到下午右腳會有點腫…🫠",2026-02-22 19:47:00,,無助,pass,
wu_baba_wu,Wubaba,"肝癌四期的爸爸，晚上常失眠。
醫生有開助眠藥，但有時候還是會睡不著
有什麼可以幫助睡眠的方法嗎？
目前試過精油、喝牛奶，但沒什麼效果🫠
試過最好的方法是飯後把爸爸拉出去散步到10點，回家洗洗後就睡了💤（太累🤣
但因為本身還要工作，無法每天帶爸爸在外面晃到10點…",2026-03-01 19:00:00,,無助,pass,
wu_baba_wu,Wubaba,"這兩天可能因為水腫的關係，爸爸感覺很累🥱 白天打瞌睡💤 晚上睡不著…
晚餐飯後推輪椅帶爸爸出去，順便去買個刮刮卡…不小心晃太晚3個小時才回到家，回來洗好澡爸爸秒睡，一睡到天亮😆😆😆",2026-02-22 21:00:00,,無助,pass,
wu_baba_wu,Wubaba,"紀錄肝癌四期爸爸日常 📝 
爸爸在2025.11中確診肝癌四期，3顆大腫瘤，無法開刀。
10公分、6公分，轉移心臟1顆3公分。
目前已經結束25次電療。12/31、1/27，2次免疫標靶治療。
從一開始嚴重腹部下肢水腫，體重78公斤、食慾不振。住院治療大概快一個半月。
大概在1月底～2月中水腫消退、食慾提升，體重大概維持在57-58（身高161）。
2/20-2/22 體重上升到61之間，每到下午右腳會有點腫…🫠",2026-02-22 19:47:00,,無助,pass,
wu_baba_wu,Wubaba,"肝癌四期的爸爸，晚上常失眠。
醫生有開助眠藥，但有時候還是會睡不著
有什麼可以幫助睡眠的方法嗎？
目前試過精油、喝牛奶，但沒什麼效果🫠
試過最好的方法是飯後把爸爸拉出去散步到10點，回家洗洗後就睡了💤（太累🤣
但因為本身還要工作，無法每天帶爸爸在外面晃到10點…",2026-03-01 19:00:00,,無助,pass,
wu_baba_wu,Wubaba,"這兩天可能因為水腫的關係，爸爸感覺很累🥱 白天打瞌睡💤 晚上睡不著…
晚餐飯後推輪椅帶爸爸出去，順便去買個刮刮卡…不小心晃太晚3個小時才回到家，回來洗好澡爸爸秒睡，一睡到天亮😆😆😆",2026-02-22 21:00:00,,無助,pass,
wu_baba_wu,Wubaba,"紀錄肝癌四期爸爸日常 📝 
爸爸在2025.11中確診肝癌四期，3顆大腫瘤，無法開刀。
10公分、6公分，轉移心臟1顆3公分。
目前已經結束25次電療。12/31、1/27，2次免疫標靶治療。
從一開始嚴重腹部下肢水腫，體重78公斤、食慾不振。住院治療大概快一個半月。
大概在1月底～2月中水腫消退、食慾提升，體重大概維持在57-58（身高161）。
2/20-2/22 體重上升到61之間，每到下午右腳會有點腫…🫠",2026-02-22 19:47:00,,無助,pass,
wu_baba_wu,Wubaba,"肝癌四期的爸爸，晚上常失眠。
醫生有開助眠藥，但有時候還是會睡不著
有什麼可以幫助睡眠的方法嗎？
目前試過精油、喝牛奶，但沒什麼效果🫠
試過最好的方法是飯後把爸爸拉出去散步到10點，回家洗洗後就睡了💤（太累🤣
但因為本身還要工作，無法每天帶爸爸在外面晃到10點…",2026-03-01 19:00:00,,無助,pass,
wu_baba_wu,Wubaba,"這兩天可能因為水腫的關係，爸爸感覺很累🥱 白天打瞌睡💤 晚上睡不著…
晚餐飯後推輪椅帶爸爸出去，順便去買個刮刮卡…不小心晃太晚3個小時才回到家，回來洗好澡爸爸秒睡，一睡到天亮😆😆😆",2026-02-22 21:00:00,,無助,pass,
wu_baba_wu,Wubaba,"紀錄肝癌四期爸爸日常 📝 
爸爸在2025.11中確診肝癌四期，3顆大腫瘤，無法開刀。
10公分、6公分，轉移心臟1顆3公分。
目前已經結束25次電療。12/31、1/27，2次免疫標靶治療。
從一開始嚴重腹部下肢水腫，體重78公斤、食慾不振。住院治療大概快一個半月。
大概在1月底～2月中水腫消退、食慾提升，體重大概維持在57-58（身高161）。
2/20-2/22 體重上升到61之間，每到下午右腳會有點腫…🫠",2026-02-22 19:47:00,,無助,pass,
wu_baba_wu,Wubaba,"肝癌四期的爸爸，晚上常失眠。
醫生有開助眠藥，但有時候還是會睡不著
有什麼可以幫助睡眠的方法嗎？
目前試過精油、喝牛奶，但沒什麼效果🫠
試過最好的方法是飯後把爸爸拉出去散步到10點，回家洗洗後就睡了💤（太累🤣
但因為本身還要工作，無法每天帶爸爸在外面晃到10點…",2026-03-01 19:00:00,,無助,pass,
wu_baba_wu,Wubaba,"這兩天可能因為水腫的關係，爸爸感覺很累🥱 白天打瞌睡💤 晚上睡不著…
晚餐飯後推輪椅帶爸爸出去，順便去買個刮刮卡…不小心晃太晚3個小時才回到家，回來洗好澡爸爸秒睡，一睡到天亮😆😆😆",2026-02-22 21:00:00,,無助,pass,
wu_baba_wu,Wubaba,"紀錄肝癌四期爸爸日常 📝 
爸爸在2025.11中確診肝癌四期，3顆大腫瘤，無法開刀。
10公分、6公分，轉移心臟1顆3公分。
目前已經結束25次電療。12/31、1/27，2次免疫標靶治療。
從一開始嚴重腹部下肢水腫，體重78公斤、食慾不振。住院治療大概快一個半月。
大概在1月底～2月中水腫消退、食慾提升，體重大概維持在57-58（身高161）。
2/20-2/22 體重上升到61之間，每到下午右腳會有點腫…🫠",2026-02-22 19:47:00,,無助,pass,
wu_baba_wu,Wubaba,"肝癌四期的爸爸，晚上常失眠。
醫生有開助眠藥，但有時候還是會睡不著
有什麼可以幫助睡眠的方法嗎？
目前試過精油、喝牛奶，但沒什麼效果🫠
試過最好的方法是飯後把爸爸拉出去散步到10點，回家洗洗後就睡了💤（太累🤣
但因為本身還要工作，無法每天帶爸爸在外面晃到10點…",2026-03-01 19:00:00,,無助,pass,
wu_baba_wu,Wubaba,"這兩天可能因為水腫的關係，爸爸感覺很累🥱 白天打瞌睡💤 晚上睡不著…
晚餐飯後推輪椅帶爸爸出去，順便去買個刮刮卡…不小心晃太晚3個小時才回到家，回來洗好澡爸爸秒睡，一睡到天亮😆😆😆",2026-02-22 21:00:00,,無助,pass,
wu_baba_wu,Wubaba,"紀錄肝癌四期爸爸日常 📝 
爸爸在2025.11中確診肝癌四期，3顆大腫瘤，無法開刀。
10公分、6公分，轉移心臟1顆3公分。
目前已經結束25次電療。12/31、1/27，2次免疫標靶治療。
從一開始嚴重腹部下肢水腫，體重78公斤、食慾不振。住院治療大概快一個半月。
大概在1月底～2月中水腫消退、食慾提升，體重大概維持在57-58（身高161）。
2/20-2/22 體重上升到61之間，每到下午右腳會有點腫…🫠",2026-02-22 19:47:00,,無助,pass,
wu_baba_wu,Wubaba,"肝癌四期的爸爸，晚上常失眠。
醫生有開助眠藥，但有時候還是會睡不著
有什麼可以幫助睡眠的方法嗎？
目前試過精油、喝牛奶，但沒什麼效果🫠
試過最好的方法是飯後把爸爸拉出去散步到10點，回家洗洗後就睡了💤（太累🤣
但因為本身還要工作，無法每天帶爸爸在外面晃到10點…",2026-03-01 19:00:00,,無助,pass,
wu_baba_wu,Wubaba,"這兩天可能因為水腫的關係，爸爸感覺很累🥱 白天打瞌睡💤 晚上睡不著…
晚餐飯後推輪椅帶爸爸出去，順便去買個刮刮卡…不小心晃太晚3個小時才回到家，回來洗好澡爸爸秒睡，一睡到天亮😆😆😆",2026-02-22 21:00:00,,無助,pass,
wu_baba_wu,Wubaba,"紀錄肝癌四期爸爸日常 📝 
爸爸在2025.11中確診肝癌四期，3顆大腫瘤，無法開刀。
10公分、6公分，轉移心臟1顆3公分。
目前已經結束25次電療。12/31、1/27，2次免疫標靶治療。
從一開始嚴重腹部下肢水腫，體重78公斤、食慾不振。住院治療大概快一個半月。
大概在1月底～2月中水腫消退、食慾提升，體重大概維持在57-58（身高161）。
2/20-2/22 體重上升到61之間，每到下午右腳會有點腫…🫠",2026-02-22 19:47:00,,無助,pass,
wu_baba_wu,Wubaba,"肝癌四期的爸爸，晚上常失眠。
醫生有開助眠藥，但有時候還是會睡不著
有什麼可以幫助睡眠的方法嗎？
目前試過精油、喝牛奶，但沒什麼效果🫠
試過最好的方法是飯後把爸爸拉出去散步到10點，回家洗洗後就睡了💤（太累🤣
但因為本身還要工作，無法每天帶爸爸在外面晃到10點…",2026-03-01 19:00:00,,無助,pass,
wu_baba_wu,Wubaba,"這兩天可能因為水腫的關係，爸爸感覺很累🥱 白天打瞌睡💤 晚上睡不著…
晚餐飯後推輪椅帶爸爸出去，順便去買個刮刮卡…不小心晃太晚3個小時才回到家，回來洗好澡爸爸秒睡，一睡到天亮😆😆😆",2026-02-22 21:00:00,,無助,pass,
wu_baba_wu,Wubaba,"紀錄肝癌四期爸爸日常 📝 
爸爸在2025.11中確診肝癌四期，3顆大腫瘤，無法開刀。
10公分、6公分，轉移心臟1顆3公分。
目前已經結束25次電療。12/31、1/27，2次免疫標靶治療。
從一開始嚴重腹部下肢水腫，體重78公斤、食慾不振。住院治療大概快一個半月。
大概在1月底～2月中水腫消退、食慾提升，體重大概維持在57-58（身高161）。
2/20-2/22 體重上升到61之間，每到下午右腳會有點腫…🫠",2026-02-22 19:47:00,,無助,pass,
wu_baba_wu,Wubaba,"肝癌四期的爸爸，晚上常失眠。
醫生有開助眠藥，但有時候還是會睡不著
有什麼可以幫助睡眠的方法嗎？
目前試過精油、喝牛奶，但沒什麼效果🫠
試過最好的方法是飯後把爸爸拉出去散步到10點，回家洗洗後就睡了💤（太累🤣
但因為本身還要工作，無法每天帶爸爸在外面晃到10點…",2026-03-01 19:00:00,,無助,pass,
wu_baba_wu,Wubaba,"這兩天可能因為水腫的關係，爸爸感覺很累🥱 白天打瞌睡💤 晚上睡不著…
晚餐飯後推輪椅帶爸爸出去，順便去買個刮刮卡…不小心晃太晚3個小時才回到家，回來洗好澡爸爸秒睡，一睡到天亮😆😆😆",2026-02-22 21:00:00,,無助,pass,
wu_baba_wu,Wubaba,"紀錄肝癌四期爸爸日常 📝 
爸爸在2025.11中確診肝癌四期，3顆大腫瘤，無法開刀。
10公分、6公分，轉移心臟1顆3公分。
目前已經結束25次電療。12/31、1/27，2次免疫標靶治療。
從一開始嚴重腹部下肢水腫，體重78公斤、食慾不振。住院治療大概快一個半月。
大概在1月底～2月中水腫消退、食慾提升，體重大概維持在57-58（身高161）。
2/20-2/22 體重上升到61之間，每到下午右腳會有點腫…🫠",2026-02-22 19:47:00,,無助,pass,
