username,display_name,post_content,post_date,bio,matched_keyword
namless_0926,柳秀雨,"感覺鬱症跟創傷又浮上來，雖然想去醫院，想到之後要住一段時間，但我一直有經濟壓力，請假太久的話老闆同事很快就發現我有憂鬱症，所以不敢就醫。
想問一下各位重度憂鬱者，如果遇到這樣的狀況你們會怎麼做呢？",2026-01-03 08:15,,憂鬱
namless_0926,柳秀雨,又開始軀體化，手抖個不停腸胃不適好幾天，呼吸有些困難，可我還是不知為了什麼焦慮,2026-01-02 09:21,,憂鬱
namless_0926,柳秀雨,最近剛接觸香水，想問一下，開架有沒有那種，寶寶香皂香的香水呢？,2026-01-02 04:00,,憂鬱
namless_0926,柳秀雨,跨年去旗津之後附近有沒有什麼餐酒館呢？,2025-12-31 22:17,,憂鬱
_x.y.j_19,蕭蕭𐂂,"最近總是莫名的很憂鬱
明明抗憂鬱藥都有規律的在吃
但就是提不起勁  胸口一直很悶
莫名無力感 只想安安靜靜一個人
以前吃完助眠劑就一覺到天亮
現在睡也睡不好 超級淺眠
是因為季節在交替的關係嗎
總覺得 好累",2025-12-23 22:33,Daily.,憂鬱
yuling34,변하율 / 邊荷律,"大家新年快樂，祝大家新年發大財❤
2025年，因為有你們，
我學會了如何去愛、也學會了如何被愛，
找到了讓自己活得更幸福的方法，
是一個非常有意義的一年！
從2024年來到台灣，現在也即將邁入第3年了，
多虧了溫暖的台灣大家，
我原本心中那些負面、憂鬱的部分，
不知不覺也被染上了明亮又溫暖的顏色。
今年一年真的非常感謝你們！
讓我們一起把2025年的不愉快都放下，
只帶著幸福的回憶，
一起走向會更加幸福的2026年吧✨
2026年也請多多指教！我愛你們❤
.
.
.
中信兄弟總冠軍...✨🙏🏻",2025-12-31 13:09,"🙋🏻‍♀️我是邊荷律🐹🍞🍱🍺🍜🍷🧋🍟🍔🍰🍕🍣🍖
✰ TMI + 飲食日記 ✰
 🙏🏻 吃不胖 🙏🏻
😏千杯不醉😏",憂鬱
yuling34,변하율 / 邊荷律,"直到現在，我仍然沒能好好入睡。
看到中山站的事件後，心情變得非常沉重。
為逝者祈求冥福。
真的不知道該說些什麼……
即使我沒有宗教信仰，仍然在懇切地祈禱，希望這樣的事情不要再發生。
大家外出時一定要多加小心，請務必注意安全。",2025-12-20 05:31,"🙋🏻‍♀️我是邊荷律🐹🍞🍱🍺🍜🍷🧋🍟🍔🍰🍕🍣🍖
✰ TMI + 飲食日記 ✰
 🙏🏻 吃不胖 🙏🏻
😏千杯不醉😏",憂鬱
qwerte04e04,這雙眼，不該這樣,"去年的今天，術後第二天，感覺不對勁。
聽到手術過程所有對話、沒跟我溝通劃線，沒有討論我想要的眼皮寬度，跟我事先做的功課、跟預期中完全不同！
為什麼她會大喊「怎麼左眼比右眼大那麼多？」
不詳的感覺、不應該這樣！
天天會化妝貼雙眼皮貼，我知道我的眼皮
眼皮縫線位置、弧度，怎這樣？會腫？怎差那麼多？
縫線凌亂，右眼皮深紫，縫線張力兩邊不一樣，組織會壞死嗎？無法入睡
結膜積水、像荔枝、視線模糊？正常？",2025-10-28 04:36,找錯醫生讓你下地獄,憂鬱
yuntinng_,昀廷,"在阿里山看到的超可愛大狗勾
趁主人不在跑去玩草
結果馬上被發現直接被禁止
然後就變憂鬱狗勾了",2025-09-04 10:43,Happy,憂鬱
dr.xiaoyu1021,小魚醫師,"今天有一位患者初診來診，主訴自己已經失眠很多年了。
主要是因為焦慮而睡不著，每天晚上躺在床上，頭腦就一直轉、一直想事情。
她也長期服用安眠藥與鎮定藥，而且每晚都要吃好幾顆。
在我開好自己研發的「睡眠粉」，準備送她離開時，
她突然冷不防問了我一句：
她：「醫師，我可以問你一個問題嗎？」
我：「可以啊。」
她：「可是這樣問好像有點失禮⋯⋯」
我：「沒關係，你有什麼想問的就直接問。」
她：「你覺得，我要給你多少次機會？」
我笑了笑，回答她：
「你給我三次機會。來吃三個禮拜我開的中藥粉『睡眠粉』，睡前 3 小時一次吃 2 包，一天一次、一次 2 包。如果三個禮拜後失眠完全沒有改善，你就不用再來看我了，可以去找其他醫師 😊」
其實，我的老患者都知道，我內科其中一個魔鬼級專長就是「自律神經失調」。
也確實成功幫不少老患者慢慢減少安眠藥的劑量，
有人從 1 顆慢慢降到 3/4 顆，
然後再從從3/4 顆慢慢降到 1/2 顆。
其實只要把焦慮、憂鬱、心情調順，睡不著的問題就會慢慢得到舒緩。
所以，只要有患者問我：「要給醫師幾次機會？」
我一律回答：
「三個禮拜。沒效，就請去找其他醫師。」",2025-12-17 18:12,"翰醫堂中山中醫診所(台北）
專長：肌肉疼痛、肌肉緊繃、體重管理、減重、婦科問題",憂鬱
dr.xiaoyu1021,小魚醫師,"大前天，一位從基隆遠道而來的患者，因為腰痛而慕名來做浮針。
這是他人生第一次做浮針。
治療過程中，他全程一言不發。
我想說…是不是默默在忍痛？
就小聲問了一句：
「都不會痛啦齁～？」
患者超淡定：「不會。」
我又怕他不好意思喊痛，於是再確認：
「一點點痛啦齁～？」🧐
患者依然淡定：「沒～感～覺～。」🥱
結果治療完，他站起來時整個愣住：
「欸醫師…我的腰痛不見了耶？！」
真的像憑空消失一樣。
他超驚喜，我也超級有成就感！
昨天患者和我報告，腰痛沒有復發，完全不痛了！
我真的超級開心~~
不管是腰痛、頭痛、肩膀痛、大腿痛，其實很多疼痛都和「肌肉」這個器官息息相關。
目前醫學的分類中，雖然有各式各樣的科別，包含「心臟科」、「骨科」、「肝膽腸胃科」、「腎臟科」等等，但卻沒有和疼痛息息相關的「肌肉科」這個科別。
肌肉問題很常被忽略，但真的可以被治療，也值得被好好對待。
感謝當初那個願意花很多時間學習和專研浮針的自己，才讓現在的我有能力找出和解決很多患者的疼痛根源。
另外和大家報告，
預計2026年3月起，我北部的門診就會結束，正式到嘉義開診了！🎉",2025-12-06 10:16,"翰醫堂中山中醫診所(台北）
專長：肌肉疼痛、肌肉緊繃、體重管理、減重、婦科問題",憂鬱
littleabaobao,たからಠ.ಠ,"🙋坦承一開始是被舟舟🍔跳舞給帥到
但沒想到在腦海中揮散不去，只好剪點舊片過癮
因為沒辦法辦抖音帳號，只好在這發發文看見自己被花痴到一面（？
附上一支最愛的波波搖",2025-12-30 09:48,"愛舟的阿寶
此帳號僅推廣SK月亮湖217舟舟",低落
abc7932322,黨琳,Payback我沒中，我好難過.....心情一直都好低落......,2026-01-05 21:51,,低落
abc7932322,黨琳,原耽最近四方形工作室預售的<成繭>還蠻好看的，狗血又酸酸甜甜的，是我愛的追妻火葬場🥰,2026-01-02 09:46,,低落
abc7932322,黨琳,準備看煙火了，隨便轉一台，幸好在最後快12點是我聽過的歌跟團體，不然現在新人跟新團太多了我都不認得了😌,2025-12-31 23:43,,低落
oreo.xc,年年有魚粘淯涵,"太好奇台東玄濟宮了所以跑去查，看一堆乩童附身的影片笑到不行。
感覺像衝浪T來台東衝浪發現一座沒人管的廟，突然想到以前國小背過的弟子規拼拼湊湊可以湊出五大宗旨，自己可以選個好上手的神明cosplay。
接著想到古有濟公活佛、今有AI解除疑難雜症。聖旨全部轉成白話文寫在黑板上，只要背對黑板，大家都以為是濟公上身眼睛閉閉在下聖旨，對問事者相求之事有問必答，像臉書那些專門開導中年不順的雞湯帳號，有時像賣假貨精品的89直播主大聲叫囂，共同點是詐騙這些媒體識讀低落的人。
而下面一堆不知道是真人還是網軍的信徒，讓我更加確信台灣每年被詐騙的總金額高達124億，只有低報絕無高判。
五告摳連ㄟ逮丸
難怪大家都說宗教跟辦學校是斂財的盡頭😻
(附上一張我以為是音樂季宣傳但實則是桌布護身符的東西)",2025-12-31 23:13,生活總是痛快 既痛且快,低落
oreo.xc,年年有魚粘淯涵,完全是我😻,2025-12-30 14:27,生活總是痛快 既痛且快,低落
lisa760344,lisa760344,"原本很期待懷孕
一懷孕就開始全身不舒服
心情真的很低落😞
懷孕初期大家都怎麼調適心情的
孕婦日記",2025-05-27 22:22,,低落
chandlerli0507,Chandler Li,"第一次在脆上發言
來抒發一下今天參加樂天桃猿簽名會的小插曲
今天目標是要補上12強國手簽名球
缺的三位球員林立、陳冠宇、陳晨威
剛剛回家整理一下簽名球準備裝框
發現我的陳冠宇簽名球不見了？！
仔細回想過程
我站第一排，進場就直衝陳陳
接著跑往另一邊的林立
再接下來簽晨威的時候
我不小心翻倒手上的球盒
掉了四五顆球到地上
印象中是球員跟同場的球迷好心幫撿
應該是那時候誤拿了
有沒有脆友回家發現多一顆陳陳的簽名球？
今天忙了一整天從台中北上
進場直衝首要目標
加上陳陳今天簽的特別版簽名
整個心情超級低落 唉😮‍💨
最後，想請問陳冠宇在秋訓或春訓
有沒有機會幫簽名呢？",2025-11-02 21:38,,低落
demidemilin,Demi Lin,"11 月是很低落的一個月
感謝家人與先生，尤其先生陪著我渡過這些情緒
更感謝高雄榮總的病房護理師們
謝謝他們認真親切且專業
感謝感染科 - 施正蓮醫師
感謝免疫科 - 胡瑞潔醫師
謝謝每一位醫師護理師，他們都是英雄！",2025-12-19 20:00,"嗨～我是 Demi 🌼
睫毛管理 🔍Hey30 Studio ( 主頁有連結唷 ）
這裡是我的廢話 + 曬貓小版版",低落
ideology.official,梦想家思想 ideology.official,"這真的是我這陣子讀過最有力量的一段話：
「把時間分給睡眠，分給書籍，分給運動，分給花鳥樹木和山川湖海，分給你對這個世界的熱愛，而不是將自己浪費在無聊的人和事上。當你開始做時間的主人，你會感受到平淡生活中噴湧而出的平靜的力量，至於那些焦慮與不安，自然煙消雲散。」",2025-06-03 23:27,成功,焦慮
2ullieu,2ullieu,下輩子我還會想再遇到你,2025-10-04 08:40,,焦慮
yi.n._.118522,依恩,"隔年破5000粉我就穿這個.....
（爪子暫時想不到要買哪種的🫠",2025-11-11 19:25,"17y INFP 發手手的高二男生
原本是語音的主播🫱🏻‍🫲🏿
但語音被拔除所以才發手🫳🏻
時不時會發自己錄製的語音🎙️",焦慮
alanmo2007,黃國倫,"聽說國蔥自稱自己沒用藥，全都是靠運動？
那個Ozempic Face這麼明顯，我信你個毛線⋯
啊對，我其實只是因為看到髒東西覺得應該要讓大家跟我一起痛苦💗",2025-12-31 14:49,"偶爾幹話，大部分的時間擔任柯黑軍的千夫長
（技能：盲點突破）/美食獵人/電影愛好者/二線一星支語警察",痛苦
7n_577,7n_577,"我知道你現在心裡可能很亂 很不安 或者覺得自己好像什麼都做不好
但寶貝 這些感覺不代表你真的不好 只是你暫時太累了
你已經撐過很多別人根本不知道的時刻了對吧
你一直都很努力 只是偶爾會忘記自己有多堅強 有多值得被愛
你是那種就算內心亂七八糟 也還是會想辦法讓別人放心的人
你一直都是好人 也一直在當一個溫柔又體貼的人
只是你不是機器人啊 你也會累會煩會痛苦
這些情緒來的時候 就讓它們來吧
不是你的錯 更不是你的問題
你很好 你一直都很好
不管別人有沒有看見 不管你有沒有發光
你都值得被認真地對待 被人溫柔地理解
所以現在請你稍微放過自己一點
別再把那些苛責的聲音當成真理
如果真的太辛苦了 那我們就慢慢來
世界不會因為你休息一下就崩塌
但你如果一直扛著不說話 那才是真的會垮掉的那個人
你是值得被好好愛著的
你可以哭 你可以累 但記得
哭完還是要相信自己
因為你真的很好 只是偶爾忘了而已
我記得就夠了",2025-07-27 15:59,,痛苦
lintamera,Wanyun Lin,"以為悲傷期已走過，心理師卻說未曾遠離。清楚未來會發生什麼事、也知道每步的安排，剩下必須自己經歷，並且，那些感受同時會不斷在生活某個時間點循環往復。
怎麼有辦法樂觀？兩歲即失能展開終身長照的生命、兩家族長輩被迫加入臨時照顧者的歉疚感⋯⋯常叮囑安定家人維護假性穩定的同時，要努力載浮載沉中保持平衡。這副本艱難到有時主線跑掉，「我」這個「自己」個體快透明、虛脫到消失殆盡。
對不起Freud，我沒有辦法昇華，一輩子都無法。
我一樣會大笑、上健身房，不斷練習正念，儘量不去想未來，可是這輩子都會帶著這份哀傷。我希望她快樂、短命，但我也痛苦地深愛著她。璇曾經健康、可愛過，但從此以後再也不會，跟我的快樂一樣。",2025-12-29 01:03,站著說話不腰疼,痛苦
kgasrty_6899,小祐,我幸福的話 誰痛苦都可以#嘉義,2024-11-15 22:10,忙著生活 也想拍點片子留下紀錄,痛苦
shirleycem,shirleycem,"2026 第一日🙏
成立一間獸醫診所
令動物不做多餘的治療及不必要痛苦
主人不必付高昂的醫療費",2026-01-01 07:31,facebook.com,痛苦
hang0417_tse,Hang Tse,"十幾年前 我寫過一封信 內容係希望你可以幫我做一件事 唔知你有冇印象…當初都冇諗過你會回覆 直到收到電話嗰刻 我咁大個仔第一次覺受到一種從來未感受過嘅開心 嗰刻係會成為我往後嘅生命入面 最快樂時刻top5 
亦都因為呢件事之後 我成為咗你死忠
再經過長年累月留意到你人品修養 待人處事 更加肯定你唔單止係我粒星咁簡單 仲係我做人嘅榜樣 我希望自己將來可以成為一個好似你咁嘅人
到現時為止 唔敢講自己係一個大好人 但肯定自己係個善良嘅人 由青春到成長 你身教咗我好多嘢
十幾年後嘅一次災難 我再次收到你(非本人)嘅電話 當刻我直情原地熱淚盈眶 哽咽咁同HCFC通話 就喺我最無助嘅頭兩日收到你嘅關心 你知唔知係比左幾巨大嘅力量我 多謝你
一直都知道你默默地喺背後做好多事去幫人 做善事唔需要週圍同人講 但我就係想話畀大家聽 你絕對值得比更加多人去真正認識 去學習 去將呢份愛傳遞出去
：感謝天父賜畀我哋呢位光芒唔係喺頭上嘅皇冠 而係由心裏面發出嚟照亮好多人嘅張敬軒
Love you and thank you🫂",2026-01-03 00:48,,無助
hang0417_tse,Hang Tse,"26.11.2025一個月後…
25.12.2025 聖誕節
玩具有錢嘅都可以再買過
而由小學中學大專到初出社會
人生最天真無邪嘅時間
所收到最純真無價
我所珍而重之嘅記錄
已經永久失存
不過經歷過後
餘下嘅人所給予嘅一切
更顯得特別珍貴無比
無論係呢度嘅卡
定之前嘅一字一句
我都會好好記住
Thank you all
媽咪見到啦
好多人替你錫我
Daddy我都會睇住
黎緊諗住同佢一齊睇尋秦記
唔洗擔心我地 放心去玩
聖誕快樂🎄",2025-12-25 18:15,,無助
issca_0126,issca_0126,"經過咗幾日沉澱想呻幾句
啱啱18歲出嚟做嘢，無啦啦無咗個屋企
屋企人走晒，得返自己一個
有一刻諗點解自己個陣唔係屋企
完全諗唔到屋企人個刻有幾無助
由細到大都係到住，一下子所有回憶都無晒
希望大家好好珍惜眼前人
今晚大家返到屋企就主動攬下屋企人",2025-12-02 11:34,,無助
gugugu.eu,古念華 Nien-Hua,"假如這兩天有要進出阿姆斯特丹機場的人，先叫計程車。
目前荷蘭交通大亂中，這幾天由於少見的大雪，全國交通陷入停擺。今天早上荷鐵決定停駛，再看狀況恢復。
昨天抵達機場正逢火車停擺剛開始，所有人都無助且徬徨，今天可能會狀況延續，荷蘭氣象局 KNMI 說這樣的雪況會持續到明天。
目前荷蘭唯一可靠的大眾運輸只剩公路，省錢用 flixbus，預約叫計程車我推薦用 Sneleentaxi 😉 (沒收廣告費）。",2026-01-06 14:36,"讚讚產品設計師 🇳🇱
GUGUGU design studio
設計職涯 · 設計觀察",無助
gugugu.eu,古念華 Nien-Hua,"回荷蘭前完成了這場設計活動。這次是由我和悠識學院和成大工設，毛遂自薦所辦成的活動，台北場現場大概 50 人上下，線上 30人，再加上台南場的100多人，那就是將近 200 人的活動了，好不簡單呀 🎉
我一直是致遠的粉絲，他是一位實證主義風格很強的設計師——透過實際經驗去建立自己的理論。聽了他演講多次，這次肯定是他的完全體了，題目與自我設計的成熟度有關，並以他最近的專案為例，果然實證！
而這次演講也可以說是念庭啟發的，在我們初次發想題目的時候，聊及大家職涯的「社會化」過程，這句話變成了這場活動的名稱，也呼應了他作爲設計師升級的題目，並以一人公司為比喻，去把各種設計師工作用部門的方式描述。
我喜歡三位講者用不同方式講自己的成長，這絕對是比起自己演講有趣的多的地方！這場活動也特別感謝
@userxper
@userxper
的大家幫忙，還有
@air_rin_rin
@air_rin_rin
幫忙拍照。感謝過來參加的新朋友，還有特別過來看看我活得怎麼樣的老朋友，開勳。",2026-01-04 00:18,"讚讚產品設計師 🇳🇱
GUGUGU design studio
設計職涯 · 設計觀察",無助
yehbsjt_,yehbsjt_,有冇人明 喺學校M痛其實好無助,2026-01-05 20:44,,無助
ting.0824,Aly Chiu,"一登上回台飛機，被告知四月前請搬走。我傻了…….租了30年的房子 東西非常多
而我從沒搬過家，有點無助
我要如何在3個禮拜幫我家年邁的老媽找房子搬家
目前進度房子已經在看 家裡東西盡力斷捨離
我走了以後，媽媽自己怎麼搬⋯好擔心",2025-12-30 00:14,洛杉磯的菜鳥台灣媽媽，希望可以交到更多好朋友一起逛街 閒聊 喝下午茶  唱KTV😆想把台灣生活複製貼上,無助
ting.0824,Aly Chiu,"飛機上的泡麵真的很香🍽️🍽️🍽️
永遠不吃飛機餐的小孩，結果媽媽吃兩份🐷",2025-12-29 23:03,洛杉磯的菜鳥台灣媽媽，希望可以交到更多好朋友一起逛街 閒聊 喝下午茶  唱KTV😆想把台灣生活複製貼上,無助
ting.0824,Aly Chiu,"以前總覺得生命就是要燃燒 要瘋狂 玩到最後一刻才不虛此生，覺得自己勇的像一頭牛 一個禮拜可以喝10場酒、跑不完的包廂 為了一頓美食直接買機票出國！！這樣才不虛此生
但有了可可愛愛的小Remi後…..媽媽的生活風雲變色
希望自己能變健康，陪著妳一起長大
希望自己老的慢一點 不要錯過你人生的每一個階段
等你長大 我們再一起玩😎#mylittlebaby #babyandmommy #love #forever#enjoyeverymoment❤️",2025-12-27 22:32,洛杉磯的菜鳥台灣媽媽，希望可以交到更多好朋友一起逛街 閒聊 喝下午茶  唱KTV😆想把台灣生活複製貼上,無助
4__514,𝓙,有無人明ust凌晨彈鋼琴，好孤獨好無助既感覺,2025-12-15 04:37,,無助
4__514,𝓙,"趁住大家比大寶冰室洗版既時候，想同大家分享下之前機緣巧合下遇到既伯伯，佢著住一套好樸素既衫，我行緊去返學佢無啦啦叫停我同我講：
不如去試吓位於元朗民合徑8號幸福樓二期地下的大寶冰室。
這裡的地理位置有一種大隱於市的巧妙，從港鐵朗屏站￼B1出口緩步而行，大約只需七分鐘，毗鄰繁忙的巴士總站，交通之便利簡直是對飢餓靈魂的慈悲。然而，真正讓人駐足的，是這裡那一碟被圈內資深食客—我們那群擁有真實力的「手足」—敬稱為「味蕾核彈」的肉餅飯。
這裡的肉餅，絕非市面上那些機械化生產的凡品。每一塊肉餅，據說都源自元朗一位隱世的大師級肉餅工匠之手。那是一種近乎失傳的技藝，純手工的千錘百鍊，將肉質的纖維與空氣感拿捏得妙到毫釐。當你第一口咬下時，那種體驗幾乎是毀滅性的—豐沛的肉汁在口腔中如火山般瞬間爆發，濃郁的脂香與鮮味直衝天靈蓋。
有人曾斷言，這不僅是元朗的驕傲，甚至稱得上是「全東南亞最優秀的肉餅飯」。這話聽似狂妄，但當那座如小山般宏偉、大件且性價比極高的肉餅飯端到面前時，你便會明白這絕非虛言。城市角落竟藏著如此足以顛覆味覺認知的神級料理，這種不期而遇的震撼，或許才是香港料理最迷人、也最不可思議的地方。",2025-12-09 23:53,,無助
4__514,𝓙,UST Finals week 有人求救,2025-12-09 20:18,,無助
blublublu4u,blublublu4u,"我想問有冇人都係jonathan robert教iae
佢係咪都係係咁話你似AI然後比勁低分。
好撚有病我買嗰個AI report係5% AI
跟住佢死都要話我用AI asm1&2都勁低分
同佢拗完都冇用 好無助",2025-12-26 21:52,,無助
blublublu4u,blublublu4u,"好掛住一開始脆嘅生態
而家根本同連登冇分別",2025-12-24 19:43,,無助
height_and_height,height_and_height,"我暫停了所有的社交軟體
因為一切都是從社交軟體開始
報導說
詐騙集團是有時間制的
基本上
12點之前一定會結束
早上再起來繼續問好
但我遇到的是
早上不會問好
可以線上通話
早上你打過去的聲音
都是還沒睡醒的聲音
半夜心情不好
還會打給你
希望你可以陪他聊聊
甚至跨年夜
半夜
還可打給你
說自己在外地工作
只有朋友
感覺很孤單
現在覺得中邪的是
我當初完全沒想過視訊
正義魔人不要來評斷
我現在覺得我能活著
我就已經很厲害
下次繼續分享",2026-01-05 17:52,"一個擁有個性截然不同孩子的阿木
一個孩子像風自我自由自在
一個孩子像陽光希望可以溫暖每個人
一個在婚姻裡無法形容的另一半
前半人生順得很
順到快40歲像連戲劇般生活開始
生活中沒有可暢談的人生
從這兒開始",心情不好
height_and_height,height_and_height,"詐騙
是我人生中
我一直以為我很謹慎
很聰明
我一定不會遇到
但2025年
我因為詐騙
讓自己深陷地獄整整一年多",2026-01-04 21:24,"一個擁有個性截然不同孩子的阿木
一個孩子像風自我自由自在
一個孩子像陽光希望可以溫暖每個人
一個在婚姻裡無法形容的另一半
前半人生順得很
順到快40歲像連戲劇般生活開始
生活中沒有可暢談的人生
從這兒開始",心情不好
_zengluv,_zengluv,"九如我源哥 從12/9號開始拖欠人家台費 兩萬六以為兩百六十萬再還
心情不好就是電話不接訊息不回
心情好就都是塞奶道歉😊
每次都在當我王八蛋 到現在一毛錢還沒處理真的別鬧耶",2025-12-22 17:41,屬於我滴小天地😆,心情不好
_zengluv,_zengluv,"‼️求租
地點：三民 苓雅 前金 新興
人數：1
租金：20000內
聯絡方式：私訊我",2025-12-22 09:57,屬於我滴小天地😆,心情不好
_zengluv,_zengluv,"全部全新沒穿過！！
圖一 270$
圖二 一套320$ 兩套600$
圖三 灰 240$
圖四 白和灰 一套320$ 兩套600$
圖五同上 白灰
圖六 黑300$
高雄可自取💗",2025-12-16 02:35,屬於我滴小天地😆,心情不好
cheerabu,布,"最近有衝動
好想去唱歌喝酒到爽
雖然有去 但就是克制克制
也沒有心情不好
就是沒有人陪我一起嘶吼喝爛
嘖嘖😤",2026-01-06 01:09,facebook.com,心情不好
cheerabu,布,"臉好像又要開始紅癢了⋯
今天可是要全副武裝啊啊啊！！",2025-12-31 14:05,facebook.com,心情不好
cheerabu,布,facebook.com/share…,2025-12-29 01:10,facebook.com,心情不好
dong_ouob,東東想睡覺,"想問問平常柴犬跟soga都有玩
先撇除外貌
我覺得配對到已經不容易了
就當交朋友
為什麼有時候總是聊到一半人就失蹤了
當然每個人都有自己的生活
不會強求一定要整天都在聊
可能當留言板的模式也沒差
但最後都變成聊天室直接太久沒聯絡被關閉
有時候心情不好想找人聊天真的也蠻難的
還是要在脆上找朋友看看⋯",2025-12-25 20:48,"人不能雙標 
除非你跟我一樣
不想當個人",心情不好
dong_ouob,東東想睡覺,"經過這次事件
臺灣要怎樣才能算正當防衛
弄傷對方說我們不能動手
不動手對方是有精神疾病的我們又有危險
有時候還是蠻為難的",2025-12-21 13:34,"人不能雙標 
除非你跟我一樣
不想當個人",心情不好
212_snoopy,白,"終於搶到 經期&心情不好 適合吃
可以請店員給你叉子
@ 朋友買",2025-12-18 18:32,"只會發一堆無聊東西ღ
不接受業配 好吃難吃都會發👻",心情不好
212_snoopy,白,"@霧都 什麼時候可以半個火鍋會員🤣
台中還有什麼麻辣火鍋的 可以推一下嗎🥹",2025-12-16 16:10,"只會發一堆無聊東西ღ
不接受業配 好吃難吃都會發👻",心情不好
ni_nifun,Ni,"強烈建議心情不好、解主線解到煩、勞動到心累的人，一定要來解調查員任務XDD
到底腦洞是要多大才能想出這個劇情
雖然眼睛很痛但我全程在笑XDD",2025-12-30 21:27,沈迷ff14中,心情不好
miss.colala_clothes,Colala Couture,"Oversize寬鬆慵懶風！
厚磅大版花朵針織外套🌺
特價250元，賣到只剩1件，佔倉庫位置煩躁(?)隨便賣😂
1/5(一)盤點、整理倉庫
1/6(二)～1/8(四)左右出貨，看我包貨速度💪🏻",2026-01-03 00:31,𖤐ˊ˗ 女裝特賣在7-11賣貨便上架中，點選下方連結( ˶ˊᵕˋ)੭♡,煩躁
s.12.12_,s.12.12_,從高中畢業一直做到今年底，兩年半說長不長說短不短，想當初做第一天就想離職的我竟然也做了兩年半！但真的完全完全不後悔，我從一個脾氣超爆炸的人慢慢的被磨的平和許多，也從一個什麼都不懂學生變成一個稍稍社會的人，反正就是長大了不少。除此之外，最重要的是我在藏交到了好多很棒的朋友！上大學覺得很煩躁的時候去上班反而變得超開心，從剛入職到現在都還覺得自己是小孩被同事們寵愛著，我要一直當最被寵的忙內寶寶😋如果在這些日子裡沒有我的好同事們怎麼辦！就是也很謝謝大家這麼照顧我包容我，有太多的細節說也說不完，總之藏壽司這個地方是我人生中不可或缺的一環，謝謝大家我愛你們💗,2025-12-06 00:33,6/21放暑假,煩躁
johanneszheng.c,Johannes  Zheng,"台灣的環境是不是把人養得太媽寶?
近日聯合航空東京往返高雄航班的事情，在各大社群都有看到各種花式抱怨。遇到航班取消會抱怨在所難免，但主要是看到各種至少我無法理解的理由，就會覺得很特別。前同事們（德國籍與巴西籍）也是苦主，但卻沒這麼多滿滿的情緒。前同事說：你們台灣人是不是都以為出國是幼稚園戶外教學，是不是要一群老師伺候著ＸＤ
目前看到抱怨最多的幾個：
為什麼改其他航班卻沒直飛的，聯合很爛，以後拒搭（台日往返很滿，臨時找到位子給了還被嫌？）
航班臨時取消現場卻沒給水給吃的，有夠差勁
航空公司的補救措施怎麼可以是要退款就自己找其他航班，或者接受兩天後同班機
真心覺得ＵＡ不是沒處理阿，但好多抱怨真的有夠讓人問號。出門在外碰到問題難免煩躁，但說真的要抱怨也請抱怨實質一點，而不是都幫忙處理還被嫌棄．．．．
我就真的碰到飛機剛從法蘭克福起就立刻轉降，全班機下飛機後被丟在機場無人鳥，別說改班了，連機場地勤都一臉問號：怎麼半夜出現這群人～地點：杜賽道夫
當然德航地勤在半小時後有出現，畢竟事出突然，但整班機的人也是就地不是睡覺就是找客服，而不是先上網發文說：德航處理怎麼這麼鳥之類的。",2025-12-14 09:53,,煩躁
cc8712398,cc8712398,"昨天嫩嬰從半夜2點暴走到早上快7點
我在邊走邊哄他 ㄧ坐下就哭 
他只要又崩潰大哭 我會覺得很煩躁
還有萌生想丟掉他的念頭
我是不是產後憂鬱啊🫠",2026-01-03 15:10,小帳 崩潰育兒日記😶,煩躁
cy_naive,陳,"動物方城市2裡最讓我不能理解的一段是
為什麼蓋瑞說蛇從來不傷害人
朱蒂馬上就相信了
她完全不顧後果在辦案讓我感到有點煩躁",2025-12-04 09:03,奇文RT公司,煩躁
binky.zip,冰 🅴,"幹嘛一直濫用防雷功能
很多根本不需要被防雷的內容都要開防雷
害我滑到有點煩躁",2025-12-18 01:17,˚₊*̥ 小冰の雲端硬碟 ‧˚₊*̥,煩躁
binky.zip,冰 🅴,不知道山下智久喝的開喜是哪一款？,2025-12-11 20:30,˚₊*̥ 小冰の雲端硬碟 ‧˚₊*̥,煩躁
xin.mom.520,愛芯の育兒觀察室,"【新生兒的5種哭聲】
剛開始照顧新生兒的時候，我真的每天都在猜：寶寶到底為什麼哭？😢
一哭起來，我就只能用「尿布濕➡️肚子餓➡️想睡➡️拍嗝➡️脹氣」的流程，一個一個試。常常試到最後，寶寶還在哭，我也忍不住想哭，超挫折。有時候寶寶只是想含著餒餒睡覺，我根本分不清楚是餓還是睏。
後來我才發現，原來寶寶的哭聲也藏著小秘密！聽懂哭聲，就能更快知道寶寶要什麼：
1️⃣ 肚子餓：會發出「ㄋ」的音，短促、有規律，嘴巴還會做出找餒餒「O」的型。
2️⃣ 想睡覺、想被抱：會有「ㄛ」的音，聽起來煩躁。
3️⃣ 不舒服、尿布濕：會先有「ㄏ」的音，接著是「ㄟ」，聲音不規律。
4️⃣ 肚子脹氣：會發出「air、air、air」的聲音，還會把身體縮起來。
5️⃣ 想打嗝：會有「ㄏㄟ」的短音。
不是每個寶寶都完全一樣，但大方向很相似，多聽幾次就能慢慢抓到訣竅。現在我不用每次都從頭試一遍，省了好多時間，也讓我更有信心照顧寶寶。
各位爸媽們，你們是不是也常常被寶寶的哭聲搞得焦頭爛額？
不妨也試著用這個方法，或許能幫你更快找到和寶寶的默契 ❤️",2025-09-20 08:59,"👩🏻‍🍼 育兒｜孕期｜產後日常
📖 我的生活筆記
👉 更多分享在@_xin920",煩躁
lo_i_li,羅亦娌,"今天想分享《星空下的黑潮島嶼》裡，一個我很在意的角色：
李木雄。
以及，飾演他的演員——夏騰宏。
李木雄是一個很難的角色。
他是醫師，是知識分子，也是那種一看到不合理，就沒辦法假裝沒看見的人。
在新生訓導處裡，他選擇「抵抗」。
替人接生、替獄友出頭、對權威拍桌。
不是因為他想當英雄，
而是他心裡一直有個聲音在逼他——
「你一定要做點什麼。」
這個角色不只情緒難，技術上也很難。要說客語、說日語，是醫師，要進手術室，還得學潛水。
但更難的是
他所有的行動，背後其實都有傷。
第一次正式找騰宏聊李木雄的時候，他剛拍完《化外之醫》，在高鐵站準備回台北。電話裡能感覺到他的忙與疲倦，老實說，我心裡有點不安，
怕他不會點頭。
後來，他來了。
後期在剪接室，看著畫面一顆一顆拼起來，我們很清楚地看見——
騰宏成功把木雄詮釋成一個
「背著愧疚，卻始終不肯後退的人。」
我一直覺得，騰宏是一個不用證明什麼的演員。他不是急著讓你看到「我很厲害」，而是很安靜地，把角色放在前面。
如果你還沒看
打開 Netflix
你會看到夏騰宏詮釋的李木雄
#夏騰宏 #李木雄
#製作筆記
#Netflix",2025-12-25 22:47,"《茶金》共同製作人 
《星空下的黑潮島嶼》製作人 
《廚師的迫降-客家廚房》製作人
《細細山路私密達》監製
《劇透客語》Podcast 主持人",疲倦
tooi_michi,みち,"你是一名大學四年級學生，厭倦了讀書的你，並沒有報名研究所推甄，也沒有準備考試，忙著實習和畢業專題，回想過去三年的大學生活，沒有社團、沒有夜衝，參加了許多比賽，但都沒有成績，不知道自己上大學是為了什麼，什麼東西都是三分鐘熱度，一無所成 。
10月底氣溫驟降，陰雨綿綿，半夜兩點，在床上滑手機滑到疲倦的你終於決定睡覺了，但你發現被子有點短，於是你不斷調整被子，可不論怎麼調整，被子總是短一截。
你終於明白，庸庸碌碌的你，這輩子也就這樣了",2025-10-24 23:06,講點廢話,疲倦
tooi_michi,みち,"好需要抱抱
唉",2025-10-24 21:37,講點廢話,疲倦
__.ling,ᴋᴜᴏ ᴄʜɪᴀ ʟɪɴɢ,"12/13從日本回國後
開始吃最近很紅的 UHA鐵&葉酸軟糖
目前總共吃了兩個禮拜
昨晚經期來只有輕微漲痛感
今天有輕微悶痛+疲倦感
雖然稱不上舒服但覺得非常不可思議！
畢竟從大學開始每個月都靠EVE止經痛
也這樣持續了好幾年🥹
但唯一不變的是情緒依然低落 暴躁
哭點一樣低 看個文章 短劇都可以哭爆🙂
不知道下個月是不是也會這麼順利
大家可以嘗試看看！
沒效的話就當吃快樂的吧🤣",2025-12-26 17:07,"選擇讓自己開心的方式活著 ˘͈ᵕ˘͈ 
-布里斯本打工度假中 🇦🇺
-按摩師的生活日常💆🏻‍♀️",疲倦
linda273328,Nicole Wu,有誰跟我一樣，當老師當的很疲倦的？很想休息，但事病假的代課老師要自覓。因為怕找不到代課，所以一直撐著不敢請假。（理性討論，仇師仔退散）,2025-12-03 10:19,,疲倦
cancer_fighter_hkgirl,港女抗癌日記,"最近心情不太好，長期感到疲倦，原來真是免疫治療引起的甲狀腺問題— 甲減
醫生建議我服用補充甲狀腺藥物，服用一星期後，明顯感到更有活力，不易疲倦。希望只是短期影響，不用長期服用，能夠安全順利完成治療
*免疫治療能激活自身免疫系統對抗癌症，但可能引發免疫失調在攻擊癌細胞的同時，波及了正常的甲狀腺組織，導致其功能低下*",2026-01-05 20:12,"🔸2025年三陰性二期乳癌
🔸雙乳房切除+重建乳房
🔸雙化療+免疫治療
🔹2022年管腔B一期乳癌
🔹局部切除右邊乳房
🔹15次放射治療+5次定位放射治療
🔸10年口服荷爾蒙治療",疲倦
cancer_fighter_hkgirl,港女抗癌日記,"有人說，上天關了你一扇門，必定會為你開一扇窗。
2025年我學到的是：有時候，那扇窗一直都在，只是我們往往忙著拍打關閉的門，從未轉身去看。
窗其實一直都開著，只是需要我們自己轉身去看看。
真正的轉機，往往不止於上天的恩賜，而在於我們自身視角的轉換，命運始終緊握在我們的手中。
願你我2026年都活得更好，更精彩！",2026-01-02 18:31,"🔸2025年三陰性二期乳癌
🔸雙乳房切除+重建乳房
🔸雙化療+免疫治療
🔹2022年管腔B一期乳癌
🔹局部切除右邊乳房
🔹15次放射治療+5次定位放射治療
🔸10年口服荷爾蒙治療",疲倦
housewife_shopaholic,敗家師奶,"總覺得幼稚園時代是人生最開心的事刻，但無奈要面對小一面試，增加了家庭的壓力。無論學校又或者家長不斷推高孩子的程度。不斷吹噓小一面試考的是小一程度的學識，一班K2腦都未開竅的小朋友，紛紛要學習幾多百個中文字，英文識得讀故仔書，數學要20/30加減，邏輯思維，一大堆常識、四格故事、仲有團隊遊戲，聽到都覺得好暈。
早兩天跟一個朋友對話，孩子非常叻，幾間名校的second in全部都有。2間面試班、中英數外補、比賽獎項等等，全部都有⋯父母中產家庭。非常欣賞孩子讀的幼稚園，因為K1的時候已經有默書同測驗⋯⋯聽完之後，內心已經不斷滴汗。K1 只是人生第一年的學習生活，已經要面對溫書、默書同測驗，那漫長的學習生活，是不是一直需要建基於測驗同考試？令人疲倦的童年時代。但這個超前教育方針看見歷年身邊的孩子，我又不覺得是好的。有些讀名校的，也不見得前景非常好。
我沒有考慮行IS, 所以今年都會繼續玩小一面試遊戲。今次到第二個小朋友，有言語問題，所以決定了不再參加任何面試班，努力自己教。希望用自己的教學方式與孩子一起面對這個小一面試。🩷同路人，加油！",2025-12-12 12:01,,疲倦
housewife_shopaholic,敗家師奶,"第二個孩子現在K2，即將踏入小一面試的遊戲，暫時我的心態仍然是抱着與孩子一起努力的心態，要玩的時候努力玩，要溫習的時候也努力溫習，我與他寫了一系列的地方，希望一放假就去周圍探索，雖然第一個孩子已經經歷了瘋狂的小一面試，什麼20以內的加減數，中文字要識幾多個，英文要怎樣？常識要學習⋯⋯，回想當初，雖然第一個孩子真係好乖，非常喜歡學習，但係我都覺得對於孩子來說太瘋狂了。
我一直的初心，總希望讓孩子愉快地成長，不用過於催谷，因應孩子的能力去學習。今次我希望這個初心可以維持不變。❤️
面對孩子的小一面試，當周圍的家長告訴我要預早報名面試班，暫時我仍然堅持不報了，想自己可以一步一步慢慢教導孩子。😝希望這個決定是正確吧。😝",2025-12-04 10:27,,疲倦
financial_j0,financial_j0,"保險 DAY 84
最近有一種說不上來的疲倦感
事情都沒出錯、主管很好、客戶也都願意配合，
甚至還有幾份保單健診卡在待辦清單裡
但就是提不起勁，像是心裡的電量只剩 20%
唉
不知道大家怎麼調適",2025-11-10 02:21,第一次做業務紀錄一下。,疲倦
financial_j0,financial_j0,"保險 DAY 83
做保險讓我學會兩件事：
1️⃣ 別把拒絕當針對
2️⃣ 別把成交當命運
（但成交的時候我還是會請自己喝飲料 ☕️）",2025-11-09 02:31,第一次做業務紀錄一下。,疲倦
ally.chan._03,ally.chan._03,"突然有feel 想講￼
女仔無論同幾鍾意你/你幾鍾意嘅男仔￼拍拖
都唔可以忘記「獨立」呢兩個字！
無論幾愛 你太黐身or成日好想見 
對任何一個男仔都會造成根源性嘅騷擾/￼疲倦
￼近排開始唔記得咩係獨立🥲 damnnn 
係咪天蠍座女仔都輸在太黐身￼￼￼￼￼….",2025-05-09 01:59,EMOTIONAL DAMAGE 🕯️,疲倦
mojo.the.app,mojo,謝謝大家，六天滿 100 人目標達成。,2025-12-04 13:23,"最懂你的猛健樂 app。
因為你要的是曲線，不是凹陷。",沒力氣
goatnika_,GOAT,留下的愛不會消失 我以為去找妳聊完天好多了 原來我只是哭到沒力氣  隔天醒來還是一樣在說服自己這不是真的,2026-01-07 19:50,不要在看脆了,沒力氣
goatnika_,GOAT,請問老闆的職缺可以應徵嗎,2025-12-28 14:17,不要在看脆了,沒力氣
isang_enjoy,衣3精品服飾,"❄️ 天冷不是只有感冒‼️
⚠️ 低溫期間 猝死風險真的會提高
天氣一變冷
很多人只覺得「比較冷、撐一下就好」
但其實在醫學觀察中
氣溫下降時 心血管突發事件的發生率會增加
因為天氣變冷時
血管容易收縮、血壓上升
心臟需要更用力工作
心臟的負擔也會跟著變大
⚠️ 天冷時 身體其實常常會先發出提醒⚠️
如果近期常出現以下狀況 請多留意身體變化：
❤️ 心臟跳很快、心臟狂跳
🥶 身體突然冒冷汗
😮‍💨 整個人很累、沒力氣
💢 肩膀、脖子僵硬不舒服
這些不一定代表馬上出大事
但在天冷的時候出現
真的不適合忽視或硬撐‼️
🧣 保暖不是小事 是在幫心臟減壓
不只是多穿一件衣服 
也包含室內溫度、作息與休息
記得提醒自己 也提醒家人
天冷時～慢一點、注意一點
就是在替平安多留一份保障
#天冷保暖 #低溫注意 #冬季健康 #心血管保健
#長輩健康 #照顧自己 #提醒家人",2026-01-08 12:08,,沒力氣
isang_enjoy,衣3精品服飾,"🍓✨ 部落草莓乾新吃法
一口草莓乾
一口冰啤酒🍺
酸甜＋微苦
真的會一直伸手
不是只有好吃
是聊天配、追劇配、夜晚放鬆必備
👉 #siya熱賣的草莓乾
打開就很難停
#草莓乾新吃法
#部落草莓乾
#IG人氣零食
#夜晚小確幸
#生活要有滋味",2025-12-26 22:01,,沒力氣
isang_enjoy,衣3精品服飾,"🎄 聖誕節衣3陪你過 🎄
Mm+C #7777 撞色休閒寬褲套
‼️ 外面要 1099
💝 衣3粉絲只要 699
一套就出門，
舒服不貼身、寬褲超修腿✨
休閒又有撞色小亮點，日常穿也好看
🎨 顏色：黑／灰／藍／紅
📏 尺寸（彈性佳）
上衣 胸60～82｜長45
褲子 腰38～64｜長103
👉 群友專屬優惠
要哪色＋數量直接喊 🙋‍♀️
#衣3粉絲價 #聖誕穿搭",2025-12-25 15:33,,沒力氣
isang_enjoy,衣3精品服飾,"早上來店裡搶草莓乾😝
（昨天默默到貨的 30 包⋯已掃空）
台北粉絲的草莓乾🍓
都已寄出囉～
謝謝你們的支持❤️
下一批想吃記得
👉 隨時關注我
👉 有提早喊聲＋數量
Siya 才能幫你貼心留貨😉
Siya 要去南投信義過聖誕了⋯⋯🎄
讓自己充充電，也把心帶回山裡。
📍衣3精品服飾
🗓 12/25－12/26 店休
訊息看到會回，回來再好好服務大家✨",2025-12-25 14:27,,沒力氣
gf_love.manual,小熊與她的飼養狼,"前幾天🐨A流中獎 連續兩天燒到39度以上 意外解鎖生病黏人版女朋友
🐺：(把已經睡了14個小時的小寶叫醒吃藥)乖寶 起床吃藥藥好不好？
🐨：(把頭埋進被子裡)嗯…鼻要...不吃藥...
🐺：小寶寶乖嘛 按時吃藥藥才會快點好起來呀
🐨：(把自己挪到🐺懷裡)姐姐抱抱...
🐺：(摸摸頭)乖乖 姐姐幫小寶寶買了巧克力小吐司和皮蛋瘦肉粥 稍微吃一點然後吃藥藥好不好~
🐨：(亂蹭一通)吃不下...我不吃...
🐺：(把小寶抱起來坐著)聽話嘛小寶 就吃兩口
🐨：(耍賴)那我只要吃巧克力吐司...
🐺：(把食物拿到床頭櫃放)聽話 先吃幾口熱熱的粥再吃吐司
🐨：(用手手打🐺 但是因為沒力氣感覺更像小貓貓在撒嬌)妳過份...妳不讓我吃巧克力吐司...
🐺：(把🐨的手手抓住)好~姐姐過份 姐姐最壞最討厭了
🐨：(把🐺的頭轉過去)姐姐不討厭...
最後還是成功哄乖寶貝把東西吃掉了 雖然小寶生病🐺看著也很難受 但是真的！超級！可愛！！！",2025-12-17 11:23,"一隻愛撒嬌的小熊和她愛吃醋的飼養狼
🐨INTP×🐺ISTJ 👩‍❤️‍💋‍👩🏳️‍🌈
本帳由兩人共同管理。記錄交往點滴＆兩個醫學生的日常。
［交往一週年］",沒力氣
gf_love.manual,小熊與她的飼養狼,"關於上禮拜🐺發生的一點事情
前情提要：🐺在某堂課下課要去找🐨吃午餐的時候 被一個學長攔下來告白了
🐺：(回到家抱著小寶)
🐨：(鑽進懷裡蹭蹭)姐姐怎麼啦？怎麼看起來不太開心
🐺：(玩🐨的頭髮)我剛剛下課的時候被一個學長攔下來告白了...不高興...
🐨：(瞬間炸毛坐起來)誰？姐姐認識嘛？長什麼樣子？
🐺：(超小聲)系上的一個學長...不認識...
🐺：(拉🐨的袖子)小寶是生氣了嘛...
🐨：(給🐺摸摸頭)不是姐姐的錯呀 姐姐也嚇到了對不對？好乖好乖 不害怕喔
🐺：(抱緊)我剛剛好害怕...他好突然的把我攔住...
🐨：(邊安慰🐺邊怒發限動+便利貼)
🐺：(縮在🐨懷裡)以後在學校裡...可以更公開嘛...
🐨：(安撫)好~以後在校內會多跟姐姐貼貼的~
說實話還是不理解 到底怎麼有人會想跟一個已經官宣過的女生告白啦…",2025-12-05 17:55,"一隻愛撒嬌的小熊和她愛吃醋的飼養狼
🐨INTP×🐺ISTJ 👩‍❤️‍💋‍👩🏳️‍🌈
本帳由兩人共同管理。記錄交往點滴＆兩個醫學生的日常。
［交往一週年］",沒力氣
xx8413yy_lp99,帥潮番茄🍅,這裡是馬鈴薯的第二春 因為馬鈴薯那出了點狀況 等他恢復前先用蕃茄代替 也不知道啥時會恢復 也可能之後都不會🤡,2025-10-24 16:36,"馬鈴薯的第二隻帳號
逆愛的兵🧊
偶爾更更韓團",沒力氣
hannah_850321,Baker,"剛剛搭敦化幹線遇到一個阿嬤突然倒下
評估病人皮膚濕冷 蒼白
觸摸頸動脈還有脈動
壓人中把阿嬤喚醒 這之間後方有乘客幫忙打119
司機過來叫阿嬤比1 2 3 說出1 2 3 
阿嬤搖搖晃晃 用沒力氣眼睛打不開的樣子 很勉強說1 2 3
司機直接請阿嬤「下車」 後面播119的民眾罵阿嬤說 「你去醫院 不然你在拖大家時間」
我問阿嬤哪裡不舒服 她手抓著胸口說前胸痛到後背  我跟阿嬤旁邊的家人說 她這個狀況不太對 要去急診啦
119撥通後手機往前傳到我手上 我和119通報阿嬤的狀況 並且告知在台北市士林區的劍潭捷運站出口的公車上
這時後方那位民眾大叫 給司機聽啦
我瞬間成為箭靶 覺得無辜又莫名其妙
我又不是在跟勤務人員聊天== 我告知病況跟地點
對於司機請阿嬤下車覺得不可思議 還有後方民眾罵阿嬤拖大家時間也是覺得神奇",2025-12-19 18:26,Such a beautiful night,沒力氣
jiee2012,Jie Jin,"請問現在有人在SRP排隊嗎？
想要499滿額購物袋，可以用中友sr購物袋交換,或是只要買一單另外1單可以幫忙買？
早上在中友排太久了，沒力氣再排第2次，人已在park現場",2026-01-01 12:59,,沒力氣
bbsisterjoy,BiBi,"慈濟骨科醫生協同他的男同友人去美國代孕，拍下孕母生小孩的全過程，包含孕母的生殖器全無打碼正在擠出小孩，我看了超怒，我不是怒找代孕，因為我知道他們已經是買賣過程有簽好合約
我怒的是他竟然po赤裸裸的孕母私密處上網，他說有詢問過，什麼時候問的？ 生產過程中想到問的？ 在女人最脆弱沒力氣只能都回答好時問的？
說真的，我不相信孕母會願意讓他們po私密處上網,而應該是答應可以拍，然後自己留著看，私密處Po上網的話，孕母根本應該要extra money 🤷🏻‍♀️
還有台灣的慈濟醫院有看到下面的人這樣搞嗎？ 誰丟過去給醫院方看看吧🤦🏻‍♀️",2025-11-12 22:33,"FB page ：吳品儀
Reporter/Anchor/Traveler 🎤
🇹🇼🇺🇸life 🧡",沒力氣
nara_kageru,影琉,"我決定要把我在推特的精神帶過來
看誰不爽就噴誰",2026-01-06 00:25,"希望自己只是一具屍體
垃圾場被我燒了所以把這裡當垃圾場
看我不爽就去死",沒力氣
water13100,Tracy Chen,"聽到最近生產的人說
產後沒力氣挑彌月蛋糕
孕婦忽然彌月蛋糕焦慮😐
新竹有什麼推薦的彌月蛋糕嗎？",2025-08-11 23:27,,沒力氣
hotdog55550000,李仁華,"HRT真的讓我變的好弱……
HRT2年了，冬天容易感冒
感冒休息2週沒有上健身房
我的握力連打靶都可以沒力氣……
所以國防部那些提案要跨女當兵的人到底有沒有同理心（我的工作是行政警察，只當過替代役",2025-12-18 12:26,,沒力氣
yashavajra,夜叉叉,"💯Ⓜ️南港應援場快樂到沒力氣打repo了，晚點再補上🫨
謝謝主辦、交換無料的各位，大家都好棒😭",2025-11-16 22:53,"少用網路，常駐推特｜MAS-RAO(剛)、舞元力一粉絲🤡👨‍🌾
虹JP｜刀劍亂舞｜💯Ⓜ️｜🌏
主 宮ドカ、海財、オクバデ",沒力氣
justina_chien,千✿(･ิ㉨･ิ)✿,"有任何寶寶書單可以推薦嗎？
或是自家寶寶很買單大推特推的～
平日每天都儘量親子共讀
（假日出去玩白天沒空晚上沒力氣😂）
有時寶寶太興奮會同一本唸給他聽兩三次
也有時會一次唸兩本
從一開始的呆呆看呆呆聽
到一聽到故事就chill嗨嗨
目前的狀態是會興奮到模糊 瘋狂想摸書
爬文上網看書單推薦選擇困難
現在是依照媽媽個人喜好購入一些
還有寶寶目前狀態去選擇",2026-01-04 23:19,"#能躺就不坐 
#小肥宅 
#流水帳",沒力氣
justina_chien,千✿(･ิ㉨･ิ)✿,好快樂,2026-01-01 13:35,"#能躺就不坐 
#小肥宅 
#流水帳",沒力氣
justina_chien,千✿(･ิ㉨･ิ)✿,絕對絕對不要讓這一代經歷過的事情延到下一代,2025-12-30 20:52,"#能躺就不坐 
#小肥宅 
#流水帳",沒力氣
umbrella2058,曹雨涵,"真的很難過，抒發一下
去萬華鳥街買飼料，買完想說來都來了順便看一下這附近的鳥鳥
看到有一家鳥店前面放了很多站台鳥，其中有一隻雨傘巴丹，我一眼就看出他的動作怪怪的，我湊近想跟他打招呼，發現他右腳放在站台上（沒抓著），左腳抓著站台，但好像沒力氣一樣，他一直往後跌（屁股越來越低），快掉下去後就爬回來，一直重複上述動作
在我看來他真的很不舒服，我在外面猶豫了一會之後還是去找了店員，跟他說這隻巴丹好像不舒服
沒想到店員看完竟然說：沒事啦、他可以的、沒問題啦，之類的沒打算做任何事
還有他說那巴丹右腳一根腳趾頭是長反的，所以才沒辦法抓站棍
我不知道還能做什麼就走了😥
真的難過到哭了，那隻巴丹不停往後跌、爬回去一定很難受😞因為家裡也有養巴丹，共情了
（我買飼料的店是我去過環境很好的店，跟上面講的店不一樣）",2026-01-05 18:47,,沒力氣
umbrella2058,曹雨涵,"因為開始玩了FF14，就去看了“光之父親”原作者麥蒂的部落格（作者RIP😔）
其中一篇文章是麥蒂分享媽媽的咖哩飯食譜，我就參考那篇文章做了咖哩飯
雖然我已經做過幾百次咖哩，但麥蒂的食譜還是讓我學到新知識，如果沒看的話我大概永遠不知道原來咖哩也能這樣做
有興趣就自己去看看吧~",2026-01-04 23:57,,沒力氣
umbrella2058,曹雨涵,一定是太久沒吸，生灰了,2025-12-31 09:32,,沒力氣
hsuhanchen,Han-Chen Hsu,"今天心情不太好
看到馬文君又繼續刪除（不是凍結喔）國防預算的提案
我就癱軟沒力氣了",2025-08-28 17:33,⛽️貓派 英派 台南派,沒力氣
toa780125,魏俊譽,"人生真相：妳的前男友，不會比妳過得更好。
很多女生失戀後腦補一大堆，以為前任離開自己之後會事業飛起來、戀愛甜翻天，拜託妳清醒一點。他離開妳頂多是換個人繼續演「我其實也不差」的假象人生劇本，連劇情都懶得換。
不要高估一個連女人都處理不好的人，能處理好什麼職場、夢想或人生。他有多沒擔當、多會逃避、多情緒不穩，妳不是最清楚嗎？當初跟妳在一起都那副鳥樣，妳覺得他一離開就能變鳳凰？妳看太多偶像劇了吧。
妳以為他過得好，是因為妳還放不下，還在幻想。其實他也就那樣，換了個人演同一場戲，過幾年還不是照樣被生活打回原形。
而妳呢，只要撐過那段心碎，妳會越來越穩、越來越強、越來越漂亮。妳的人生才剛開始，他的人生早就卡在重播模式。
所以啊，別再看他的限動、別再猜他過得怎樣，因為妳早就贏了。",2025-08-01 21:55,"藍
初次入眼的那片藍
是無視一切
向著天空的頑強
身下所有
慘淡的色彩
淪為了你的影子
😊😊😊",沒力氣
yixian0086,陳奕憲,"昨天太累 沒力氣發文
努力四年終於完成論文拿到碩士學位了",2025-08-26 20:24,,沒力氣
2000_1016,蔡于珮,"求解！懷孕邁入七個月 最近腳爆痠痛 尤其是晚上 有沒有方法可以改善..失眠第二晚了😭痛苦
有沒有孕媽咪也有這種情形的～🥹",2026-01-08 09:14,,失眠
maruoting665,一只可爱鸭,我在北京你在哪，又是失眠的一整夜，总是感觉胀胀的，怎么办，想男人的一天😂😂😂,2026-01-08 04:03,,失眠
maruoting665,一只可爱鸭,如果你厌倦了外面的灯红酒绿。。。|||回家的时候记得带份外卖，否则今晚谁都吃不了！#翻车现场 #吓坏宝宝了 #不开心😔,2026-01-07 19:33,,失眠
alan_0825_,Zhang Alan,"吵架的態度最能看清男人
不愛你的男人吵架都是不哄不道歉 還喜歡冷暴力 如果一個男人明知道你在哭 在難過的睡不著 而他卻視而不見 保持沈默 理也不理你 建議你還是別談了
兩個人在一起產生矛盾很正常 哪對情侶不產生點摩擦和分歧 但是不負責任的男人 會把所有的問題都甩給你 把你自己扔在那兒 讓你自我消耗自我懷疑 失眠痛苦甚至抑鬱 翻來覆去思考這段感情到底值不值得 
真正愛你的男人 他一定會面對問題分析問題 解決問題 避免問題 而不是無視問題逃避問題甚至推卸責任 真正愛你的男人 他能包容你的小任性 也能容忍你的壞脾氣 你的感受永遠是在第一位
女生可以停下看看 這是對男生吵架時他的態度是否愛你最全面的說法",2025-12-13 17:14,躺著,失眠
missbanana0818,Elisa Lin,"最近反覆的全身發癢，已經嚴重影響到睡眠品質，尤其夜晚時總是失去理智無法忍住不抓，全身上下已滿目瘡痍，目前已開始接觸中醫持續調理中，請問有人有類似經驗或是止癢及去疤產品推薦嗎？
嗚嗚嗚，又是癢到失眠的一晚😔
好想被治癒～～～～",2026-01-07 02:09,"佛系社交
道不同不相為謀",失眠
missbanana0818,Elisa Lin,"希望朋友會喜歡，捧花初體驗
好有趣～",2025-12-25 18:28,"佛系社交
道不同不相為謀",失眠
missbanana0818,Elisa Lin,一年當中除了發年終那天以外最愛的的節日。,2025-12-24 21:52,"佛系社交
道不同不相為謀",失眠
frank_lhm,好眠,"每到週日特別容易失眠
失眠的同胞有沒有什麼幫助難入睡的方法🫩",2026-01-05 04:52,心碎狗勾INTJ,失眠
h.jessy0317,洪嘉嘉,"每個晚上都睡不太著
想說讓自己忙碌一點應該會比較好睡
做了2份工作
反而是累到睡不著
有時好不容易睡著了
又只睡4～5小時
我覺得我應該快往生了😢😢
求能解決失眠問題
謝謝🙏🙏",2026-01-04 01:58,最大願望就是能當個躺平不管事的閒人,失眠
h.jessy0317,洪嘉嘉,"自駕遊~
自己一個人開車漫無目的的亂晃
也是一種放鬆心情的方法🤗🤗",2025-12-29 01:33,最大願望就是能當個躺平不管事的閒人,失眠
h.jessy0317,洪嘉嘉,"我~
""回家""了!!",2025-12-22 23:50,最大願望就是能當個躺平不管事的閒人,失眠
zhugeliang_1008,諸葛丞相,"自從玩了FF14，
失眠完全被治好，
因為基本都玩到躺下就一定會秒失去意識的程度😃",2026-01-07 05:45,,失眠
zhugeliang_1008,諸葛丞相,不管什麼坐騎，後面開圖一律還是乖乖騎上歐兜賣，謝謝我自己當初買的時候沒猶豫😂,2026-01-06 22:06,,失眠
zhugeliang_1008,諸葛丞相,"打每隨遇到個速速舞者，
跑最前面把自己當坦，
果斷放生不補了
（反正也追不到，他速行沒給我們）
結果另外兩個隊友居然有默契的也慢慢走😂
躺了還打個？給我
我回了「我以為你衝前面是喜歡被圍毆」
他就乖乖跟後面了🤪",2026-01-05 21:32,,失眠
zhugeliang_1008,諸葛丞相,"我現在真的，很討厭，主線中蘭吉特將軍的戰鬥，超級浪費時間，又難打🙄
我跑主線的動力就只有可以挖後面地圖的材料跟劇情，這種非副本的主線戰鬥真煩😮‍💨",2026-01-05 04:41,,失眠
chenghsi19,丞希𝗖.𝗖,"睡眠障礙淺眠人昨天試吃了GABA 
瘋狂做夢好疲憊⋯醒來很多次
不過是可以馬上又睡著
今天再來試試
之前吃萊翠美的褪黑激素本來沒什麼用
這一個月吃又突然變很有用
然後就吃完了🥹台灣買不到
還有什麽好用的褪黑激素或助眠品嗎",2025-12-30 11:39,"閱讀器只拿來看漫畫
遊戲只玩家機遊戲
《窮吉伊生》",失眠
carolhuang0912,Carol卡蘿,"喝那麽多蔬果汁，太寒太涼了吧！喝那麽多果汁，會容易糖尿病吧！
其實我原本也是這樣的觀念。
為了想驗證醫療靈媒書中的資訊而開啟實驗精神。起床 空腹 檸檬水 西芹汁  大量蔬果
實驗後的成果😄😄😄😄😄
（我看很多醫美廣告都這樣比對😅）
第一張照片相差4個月（原相機前鏡頭）
第三張相差6個月 
表示before長的是一樣的（40歲）
第二段影片是維多利亞秘密 米蘭達 40歲生3胎
我老公看我喝一年多的身體健康臉蛋皮膚改變，還會跟朋友聊西芹汁（以前問他要不要喝？都說不用不用，現在打西芹會跟我說：來一杯）
我快變西芹汁推廣大使了
還有推坑 Nama j2❤️",2024-11-18 13:29,"41Y👉42Y
想知道更多蔬果西芹療癒日記請到ig 精選動態瀏覽
IG有更多的蔬果mm執行日常都會po在限動",失眠
ian_lin_0521,Ian Lin,"當然有雷，在意勿看
看冠軍之路，可以知道球員跟幕後人員的故事。
有些狀況是不能只看紀錄的，例如教練團剛到美國，就看林昱珉被打三支全壘打，但是教練看到的不只是投球內容，是看到被轟三發全壘打的林昱珉沒失去信心，仍想拼下去的氣勢。
陳晨威：球員到二壘就會很放心，因為可以看到休息室的隊友在歡呼。
然後他就對韓國打出滿貫砲了
其實影片一開始回顧2013 WBC VS日本，我就收不住情緒，看到當時的王建民，彭政閔，林智勝等、只差一顆好球，活生生被日本逆轉。
高志綱回憶那天，他在房間根本睡不著，只好到飯店走廊坐坐，結果門一打開，隊友都在走廊…
給2013的台灣隊，你們是英雄，我從來沒有懷疑這一點。
最後的冠軍賽，所有球員的壓力都很大，面對日本這座無法撼動的高山，甚至有球員緊張到乾嘔。
輪到陳傑憲的打席時，先閃回陳傑憲年輕時練習的畫面，再銜接轟出全壘打的畫面，繞回本壘時，在胸口比出一個手勢，大家都知道，那是一個看不見的國家的名字：「台灣」
陳傑憲：
那不是內褲啦，那是NIKE的短褲，你們都以為是內褲對不對，那是NIKE的短褲啦，那不是內褲啦
為什麼要把這段剪進去？",2026-01-08 18:10,人生苦短，看不順眼的自動略過就好,睡不著
ian_lin_0521,Ian Lin,"有時希望歌手在表演時能放開一些
不要畏畏縮縮的
但是有幾個反倒希望能收斂一點
例如….
影片：AiNA THE END 的YT頻道。",2026-01-07 21:55,人生苦短，看不順眼的自動略過就好,睡不著
ian_lin_0521,Ian Lin,"很喜歡的一首歌，田馥甄-愛了很久的朋友。
歌詞給我感覺是愛得越深，
分手就要更決絕不能拖沓
 很久很久以後回想起來 
才覺得當時分手的理由很可笑",2026-01-07 11:59,人生苦短，看不順眼的自動略過就好,睡不著
cinema_1029,cinema_1029,我被樓下鄰居投訴了 說我太晚洗澡 樓下因為水聲睡不著 請我一定要在11點前洗澡 所以 我晚回家 就不能洗澡嗎？ 因為我是頂樓沒有樓上  所以想問大家沖澡樓下鄰居都聽的到嗎？,2025-12-13 11:56,"嗯....就是一個單身的歐巴桑
一個在國際貿易奮鬥超過20年的老兵
30幾個國家的參展經驗 
當然也在這30幾個國家旅遊過
喜歡的很多 
喜歡台南的慢生活 喜歡旅遊 喜歡學東學西 最喜歡錢",睡不著
xuan_7_25,x̆̈ŭ̈ă̈n̆̈♡♡,"誠心發問🥹
最近飽受失眠折磨 躺在床上四五個小時都睡不著
有什麼方法可以幫助睡眠ㄇ🥺🥺",2025-12-08 05:37,嘰哩呱啦🥳,睡不著
eason_ww,EASON/王儀楦｜殯葬醫生,"當你走進火葬場，你會發現
很多人一輩子抓得很緊的東西，
到最後，其實什麼都帶不走。
等候區裡，有人哭到全身發抖，
有人坐著，不說一句話，像靈魂被抽空；
也有人盯著地板，一直在發呆，
連自己排到第幾爐都沒有察覺。
大廳裡的爐門一開一關，
生命在裡面只需要幾十分鐘，
從完整的身影，
變成一捧溫熱的白灰。
那一些曾經讓人拼命的
升職、加薪、名車、豪宅，
在火化那一刻，全都不見了。
你以為一定要爭的面子、
糾結到睡不著的那些事，
最後連跟著進骨灰盒的資格都沒有。
火葬場真的像一面很冷的鏡子，
照出生命的短、
也照出我們執念的荒唐。
你會懂
錢再多，買不到下一口呼吸；
地位再高，留不住最後一次心跳。
所以趁現在還活著、還能感覺、還能說話：
別再為小事生氣，
也別為比較活到喘不過氣。
能在家裡好好吃一頓飯、
能跟朋友笑一下、
能一覺睡到天亮，
其實就是最難得的幸福。
不要等真的走進火葬場，
才忽然發現
自己追了一輩子的東西，
有些根本不值一提。",2025-11-14 17:31,"❤️龍巖生命禮儀規劃師
👦🏻市場開發/教育訓練/客戶服務
🎗️推廣生前契約/來世豪宅帶看服務
📱24H生命規劃專線0925-422707
📧24H免費諮詢Line：eason_0422
👨‍👩‍👧‍👦這是一份愛的禮物
📝預約規劃找Eason
🧍🏽Eason鍾愛您一生",睡不著
a0036a,Emma Hsu,"有人跟我一樣淺眠嗎？
因為一隻蚊子，害我整晚睡不著
液體電蚊香為什麼沒什麼用？
害我早上醒來又被咬了🥹
冬天了，為什麼蚊子還那麼多？",2025-12-23 20:10,"Jaguar landRover🐆🇬🇧 銷售顧問
桃園謙悅 許芸家",睡不著
a0036a,Emma Hsu,"原廠認證中古車
 Defender 110 D300 HSE
顏色: 岡瓦那大陸石
出產月份：2025/01
新車總價：3591000 元
里程：3200多公里
選配 : ✅越野套件✅抬頭顯示器
✅Meridian™ 環繞音響系統
✅總額 $161000
✅售價 : 2980000 元 
服務專線：0903202128許芸家
Line: aass76 (Emma)
#銷售顧問許芸家
#原廠中古認證車 
#LandRover
#defender90 #defender110
#Evoque#discovery #discovery spport
#路虎
#新車銷售顧問
歡迎預約賞車",2025-12-22 21:04,"Jaguar landRover🐆🇬🇧 銷售顧問
桃園謙悅 許芸家",睡不著
koukou.0915,妍妍,"前幾天看到一位女生發文在找工作
911的春風，我本來就很喜歡他的風格
只是這個年紀就沒在追星
也一直知道他有在幫助社會
那個女生很幸運被他看到了
他很霸氣的要幫助他
我一直運氣貴人什麼都很不好
我一直也沒奢求什麼
很腳踏實地的
自己努力了幾年稍微存到錢
也沒想找一個有錢的男友
一年前交了一個不是有錢的
雖然他收入也不少
只是還不夠他支出
但我也因為愛他就選擇相信他
幫助他，他遲早能處理完那些
因為覺得我們都需要一個正常的家
所以選擇累點等他
可是才一年
他就丟下我了
我要的真的很簡單而已
只是想要一個家一個溫暖的家
如今我又回到原點
他也讓我絕望了
如今在那個陰霾走不出來
沒工作每天在家關著
睡不著睡不好
我很努力
但現實還是打醒我….
下個月我要40歲了
如今又回到原點
實在覺得好累好累
我只是想要找一個我喜歡
他也喜歡我的人
簡簡單單的一起生活走完這輩子而已
為什麼這麼難真的好難
我上輩子欠的債到底有多少
如今還是在還
一直都很羨慕有伴侶的人
我到底有多糟能一直都遇不到那個人
我對前男友的好
我相信現在這社會會像我這樣的
或許可能才幾個跟我一樣傻的
曾經陪伴我一年的狗也走了",2025-12-26 01:51,"抒發心情
高雄",睡不著
ameliefstyle,Amelie L.,半夜醒來睡不著怎麼辦？😱,2026-01-08 03:35,誤入脆林的小白兔,睡不著
ameliefstyle,Amelie L.,有妹神一起跨年就是不一樣🤩,2026-01-01 00:54,誤入脆林的小白兔,睡不著
eagle_teamo,陳一狗,"有一天半夜睡不著看到一個追蹤很久的網紅
求台中美食推薦，然後我就在思考、然後就有這些字了。
*這都是我平常會去的店，但納悶我小腦袋怎麼有辦法裝這麼多店家（還不包含咖啡廳）
台中",2025-06-27 21:42,"不是探店帳號、更不是攝影人，
純粹分享吃的、喝的、想的，與平價的穿衣搭配",睡不著
ccudido,Aaron Hsu,"媽因為胰臟癌住院了 Day1
有些事情好想抒發 反正這邊也沒啥人認識我
不如就寫在這吧
今天她和妹妹從早就在急診室等病床
一直等到晚上 真是辛苦了
我到晚餐時間才來醫院 順便送晚餐過來
我妹說媽昨天一整天都沒吃 一定很餓吧
但急診室也不能進食 也只能再等等了
還在等病房的時候
媽和我說了句 「以後媽的責任就在你肩膀上了」
其實我滿生氣的 講的我好像沒對這個家負責過一樣
以前爸中風的時候 我也是每個禮拜回家幫忙照顧
假日沒有什麼休閒娛樂可言
連女友也都不敢交 一直到他過世為止
她個性就是這樣 愛操心 杞人憂天
先前只是食慾不振了一陣子
去看報告的前一天晚上都可以睡不著
但她那愛操煩的個性
讓她說出來的話常帶有負面詞彙
明明就可以不用這樣的
算了 或許是我反應過度吧
我只跟她說 兒孫自有兒孫福 不用什麼事情都要操心
自己要想開一點 一直往壞處想身體是不會好的
但我知道胰臟癌痊癒的機率似乎不高
也只能祈禱有奇蹟發生了
好在病房的護理師們感覺人都不錯 也幫她拿了助眠藥
不然看她一直在病床上翻來覆去 我也很痛苦
媽上了幾次廁所 吃了藥之後 終於睡著了
我也可以安心了 晚安",2025-12-18 02:37,,食慾不振
pikii_0113,Pikii,"上周打了猛健樂2.5mg的
這週再回去打 發現胖了1kg
是怎麼回事 我有在飲控🥺
但都沒有食慾不振等等的副作用就是",2025-11-02 14:09,,食慾不振
a___wu,a___wu,"最近食慾不振 一天只吃一餐
今天特地把胃留給矢場丼炸豬排
結果看到店門口的模型就知道一定吃不完
想說點外帶好了 內用不好意思剩太多
結完帳 店員居然拿了兩大盒給我？？？
好像把2號餐聽成要2份 瘋掉 誰吃得完🥲
有台灣人在名古屋晚上9點想吃豬排的嗎…",2025-10-06 20:11,📍🦦,食慾不振
jessicatsang,Jessica Tsang,"喺英國返工以為無香港咁大壓力，但其實一啲都唔係，語言、文化、工作模式、態度等等都同香港好唔同，唔係要比較邊度好定唔好，純粹係我自己個人感受。
逢星期日黃昏開始至星期五收工，身心都總有啲問題，食慾不振、瞓得唔好，總係呢度唔舒服嗰度唔妥，辦公時間好緊張，收咗五都仲諗緊，繼續緊張到第二日，但一到星期六同日個人又好似完全唔同咗，可以食好多、瞓到好晏。
究竟我係咪有病？",2025-11-24 07:35,,食慾不振
holaholas99,holaholas99,"我爸今年69歲，從三月開始覺得吞不太下去，去了高雄某醫院耳鼻喉科看診，醫生說是喉嚨長了帶狀皰疹，開了自費藥給他，吃一週後狀況沒改善，回診時又換了另一種藥，但依然沒改善，於是又改到肝膽腸胃科照胃鏡，但食道都正常沒堵塞情況，接著換到長庚耳鼻喉科門診看，照了內視鏡及食道造影也都正常。
隨著時間已過快兩個月，現況是吃東西太乾的會較難吞嚥(像是白飯)，吃粥這些倒是可以，但也吃不多，會分成兩餐吃，也因為食慾不振的關係已瘦12公斤，目前也不曉得怎麼做才好，想說再換間醫院看還是做全身健康檢查，不希望他體重一直下降了，希望有經驗的人可以給我一點方向，謝謝！
Btw精神體力等等的都正常，就是吃不太下東西。",2025-05-25 21:53,,食慾不振
iven0929,吳泓軍,"體重75kg,一天要吃到120克蛋白質
各位都怎麼安排？實在吃不下",2025-11-28 15:28,,吃不下
iven0929,吳泓軍,"有沒有大師可以幫我看一下，這樣的退冰正不正確。
冷凍鮭魚磚泡35-40度冰鹽水一分鐘後擦乾
放在架高的網上，冷藏12小時。",2025-11-28 12:45,,吃不下
iven0929,吳泓軍,追了一年多的午⋯終於在八里給解鎖了。,2025-11-23 18:49,,吃不下
fineinfj07,fineinfj07,"打猛健樂第6天，2.5mg
幾乎吃不下，只能用喝的還行
慘了，喝還能用高蛋白勉強補一下，但沒吃到什麼菜怎麼辦",2026-01-04 17:40,INFJ-角落小生物,吃不下
yenshan0321,Yen,"有人從頭到尾都只打2.5嗎
我打到5mg完全吃不下好痛苦
2.5mg至少還可以多少吃一點",2025-09-14 23:52,🌵,吃不下
minizyo0,竹竹,"逆cp很討人厭嗎？但我覺得邱就真的比星攻.....劇我也只看得下前面而已，邱主導的吻戲也更讓我臉紅心跳，後面攻受翻轉後我就沒辦法了，美人妖精矮攻我真的一點都吃不下。
有人也只嗑邱星嗎？🫣",2026-01-05 08:24,"廣播劇愛好者。
中星愛田栩寧🍋嗑雷朋🌽，淺嗑展丞🦊🐰
什麼都吃，不喜歡吵架，來吵架的都封鎖。
轉po的影音都沒刪水印，侵權請告知。",吃不下
cat_cat0818,cat_cat0818,打了猛健樂已兩周半，覺得打完以後對什麼事都提不起勁，應該是因為身體不適外加因為吃不下導致體力不夠，讓我這兩周有點憂鬱，連身邊的人都覺得我很悶悶不樂……很不開心……大家會這樣嗎？,2025-08-25 15:31,,吃不下
yuxxiiiu,心淳𝐻𝑎𝑛𝑛𝑎🚑🚑🚑,"人生第一場演唱會💙🩵💙🩵💙
謝謝學長一起陪我追星🫶🏻🫶🏻🫶🏻
This is for TWICE‎♡ ⃛ ̖́-
遇到好多善良once說我的造型很好看(⸝⸝⸝ᵒ̴̶̷̥́ ⌑ ᵒ̴̶̷̣̥̀⸝⸝⸝)
太感動了～ 真的很努力在找服裝(● ˃̶͈̀ロ˂̶͈́)੭ꠥ⁾⁾",2025-11-24 19:47,"急診護理師 💉｜合作歡迎邀約📩
僅此帳號",吃不下
s2isky,不含咖啡因,"整部劇看得出來，導演想講的是慾望、因果與人性，而不是表面的情愛。
這世界沒有絕對的黑與白，慾望是推動選擇的起點，而選擇，又織出了各自的因果。
每個人都被欲望裹挾，所有人其實都是「玉醴泉」的一份子。
第一世的紅燁不是單純的好人或壞人，他只是活在那個時代、那個立場下的他。
所以最後，他選擇以自身封印，了結因果。
肖瑤也不是不愛，她只是背負了太多，她愛得很清醒，也愛得很心痛
她明白紅燁的糾結，也明白他的痛苦，但她無能為力。她對愛人是虧欠、是內疚、是自責；對妖族亦然。
一個小苦瓜，成了人妖兩族抗爭的推動者，
成為自己口中那個殘害無辜的狠辣之人，哪怕並非本意；
另一個小苦瓜，成了残局的承擔者，
在無盡痛苦、自責與無奈中割捨一切，承受因果、死去輪迴、歷經萬年人生八苦，只能與紅燁一次次「愛別離」。
看到有劇粉對於逍遙的解讀，很喜歡：
世人皆求「玉醴神泉」
以為那是欲望的終點
卻不知真正的逍遙  不是逃離紅塵，
而是——身在萬妖谷，心卻有桃源。
願你我也能像肖瑤一樣
看遍世界奇景
依然守住心中那份清澈與灑脫
心若自由 何處不逍遙",2026-01-07 20:57,"多推在逃飯🍿  
🎬 追星｜追劇｜・慢更 
☁️  生活有偏愛才可愛",自責
s2isky,不含咖啡因,"看逍遙一定要拋開裝滿短劇的大腦
並不是俗套的講修仙和拯救三界的故事。
現在已經很少有奇幻/仙俠故事是不依靠男女主角強大武力值的 buff 來開天闢地了。真的很喜歡這部劇走劇情的方式，最後都會形成一個閉環。
看到有人說女主角選角失敗，我不覺得，那些攻擊外貌的我就不評論了🫠。女主角演的很棒，每一個表情都很靈動，不做作，塑造了一個有血有肉的肖瑤。",2026-01-06 00:05,"多推在逃飯🍿  
🎬 追星｜追劇｜・慢更 
☁️  生活有偏愛才可愛",自責
s2isky,不含咖啡因,"肖瑤：在這吹蠟燭呢？!
看到這段真是笑死我🤣🤣🤣
黑無做的最對的事情
就是放出三大妖",2026-01-05 22:07,"多推在逃飯🍿  
🎬 追星｜追劇｜・慢更 
☁️  生活有偏愛才可愛",自責
s2isky,不含咖啡因,"剛剛去買吃的真的很不高興。
明明我先來，第一個站在攤位前等水煎包。
後來一個男生來，阿婆直接讓他先，
我就說：我先來的。
還回我什麼「他來兩次了」。
來兩次又怎樣？
以後不用排隊的意思
幸好旁邊的員工都很正常，都說是我先來的
不然我真的會氣到懷疑人生
ps.那個男生也馬上說沒有、不是他🙂",2026-01-02 14:19,"多推在逃飯🍿  
🎬 追星｜追劇｜・慢更 
☁️  生活有偏愛才可愛",自責
dontfolmeya,李嘉誠私生孫女,"推！🥹🥹
幫屋企人填入台證填錯咗護照號碼
但係6號就要飛！請問呢個方法係咪真係work？🥹🥹諗住星期一就上去整。
屋企人香港出世，但係第一次去台灣，所以應該整唔到落地簽😭😭😭😭好自責我頂",2026-01-04 07:39,,自責
dontfolmeya,李嘉誠私生孫女,"Audrey:🖐🏻呢個係five
Audrey:🤙🏻
陳伯：six
Audrey:🤟🏻（bb比唔到seven 😂😂)
陳伯：rock and roll",2026-01-03 20:22,,自責
dontfolmeya,李嘉誠私生孫女,"點算呀？我真係好鍾意飲台灣嘅冬瓜茶
最近餐餐外賣都係滷肉飯
太愛台灣了",2026-01-02 20:21,,自責
dontfolmeya,李嘉誠私生孫女,"要7月先見到陳伯 咁早公佈！！
陳廣偉呀😡😡",2026-01-02 03:47,,自責
qazwdx012,糖糖,"嗨，前任。
你知道我剛分手時
每天都痛苦自責哭到不行
但我仍勇敢斷聯
即使我超想求你回到我身邊
今天，你主動問我要不要復合
我想告訴你
我很好，但你不夠好
戀愛腦真的很需要勇氣和時間清醒～",2025-09-29 23:51,🎀一個真實自我的小帳🎀,自責
ishengtsai,Jason Tsai,"【學術特權量表】
學術做到現在，以下事情你有遇過的，一項算你特權 +1
1. 指導教授是正常人
2. 有學長姐願意帶你
3. 有獎學金
4. 名校畢業
5. 實驗室有經費，可以做想做的實驗
6. 有 CNS
7. 被建議的時候，是針對內容，不是針對人格
8. 寫論文時，有人教你怎麼寫，而不是只說「不夠好」
9. 審稿人雖然機車，但至少有看懂你的東西
10. 合作時不會被賣掉
11. 升等／徵才時，有人主動幫你講話
12. 行政雜事有人擋，你可以專心做研究
13. 生病、請假、慢下來，不會被說「不夠拼」
14. 不用因為性別、年紀、背景一直被懷疑專業
15. 研究室是工作場所，不是情緒垃圾場
16. 你知道學術不公平，但沒有被逼著內化成自責
17. 有前輩跟你說：「你其實做得不差」
18. 你的想法會被聽、被討論、被接住
19. 你覺得「這段時間很累，但有在成長」
20. 到現在，你還真的喜歡做研究這件事
21. 離開學術，被當成選項之一，不是失敗",2026-01-01 20:45,"演化遺傳學，中研院研究員
夢想有一天可以天天釀酒喝酒。
最有興趣的物種是學生。",自責
ishengtsai,Jason Tsai,但我放不下我老婆,2025-12-25 16:40,"演化遺傳學，中研院研究員
夢想有一天可以天天釀酒喝酒。
最有興趣的物種是學生。",自責
hilx_liu,Pi-Hsin Liu,"感謝 zamsttaiwan 對 雲豹職業排球隊 的全力支持 🐆🏐
專業的運動防護護具與支撐鞋墊，在訓練與比賽中守護每一位選手，讓我們能無後顧之憂、全力拚戰。
謝謝 ZAMST 成為雲豹最穩定的後盾，陪伴我們在場上迎接每一次挑戰。
未來，繼續一起為排球而戰。
#ZAMSTTaiwan
#雲豹職業排球隊
#運動防護護具
#支撐鞋墊
#為排球而戰",2025-12-19 00:57,"🖤🖤🖤
小小龜奴🐢
小小貓奴🐱
雲豹球僮🐆🏐
小小獴奴",自責
naomi25061425,naomi25061425,"請MOMO儘速交出手機裡的照片
她是我們超級搖滾區代表
昨天我們MOMO女士
認真狂拍周子瑜我快笑死
很像參加發表會的家長
好想知道這張照片的原圖",2025-11-24 09:32,"九年半的ONCE 醬🍭
因為舊帳號太亂決定重新出道
偶爾會追一下其他團💓",自責
pikmin_rich,Rich💰 今天也在種皮克敏！,"玩了兩個禮拜皮克敏我最有感的改變：
1. 會為了走路，午休時間到立刻停下工作，也會為了種花，去我以前不會探索的地方
2. 和父母有了固定的話題。本來沒事不會聯繫，現在每天都要寄明信片、互相炫一下今天種出什麼皮克敏
3. 與許多朋友重新建立了連結，好久不見的高中同學、前職場的同事… 在這單純且沒有抱怨的世界玩得很開心
4. 有了很多threads上的皮友，大I人的我覺得加皮友沒負擔，每次打菇和收到明信片都覺得很有愛
5. 每天寫日記，找好看的照片紀錄心情，抱怨工作的時間明顯變少了
6. 多了想看看世界的想法，覺得好多地方好漂亮我都還沒去過，有些地方在我家附近我從來沒有覺察過
7. 每次開地圖都有一種不管走到哪，都是花路的感覺，儘管很枯燥的通勤，都會覺得這是花路的過程，而不是終點
8. 看到光溜溜的皮皮，累積到四愛心，回到出生地拿屬於自己的飾品覺得很感動。
有時候生活讓我們覺得自己很貧瘠，偶爾會產生付出愛、努力、時間都是浪費的自我懷疑，但屬於我們的天賦皇冠一直都在最初的地方。時間到了，我們就會變成更棒的樣子！
🍀 附上早上收到的高中同學的明信片，今天依然是被皮克敏治癒的一天！",2025-12-21 11:04,"自從玩了皮克敏，每日都在走花路🪻🌼🌸🍀 
在這佛系分享可愛皮皮的日常
歡迎+好友揪我打菇、分享明信片🫶
🆔️ 219748930427 （加完可以跟我說）",自我懷疑
universe_quokka,universe_quokka,"我不懂為什麼有些言論說敏京和男4都分了手
敏京沒有資格跟男4抱怨戒指的事情
1. 都上了換乘這個節目 不就是注定會跟前任有糾纏嗎
那男4一開始可以去其他戀綜啊 或者不答應上這個節目
2. 敏京只有25歲 只跟男4談戀愛 還佔了她1/5的大好人生時間 這麼長的時間 她之前怎麼跟油脂說話 就只能哪樣說話 8天的時間 怎麼可能把之前的習慣改掉呢 如果男4能正常說話 敏京也不會咄咄逼人的態度跟他說話
3. 敏京之前還是女朋友的身分都不能一起帶戒指 但是一個只認識8天的女生還不是女朋友就能帶情侶戒指 一個人聽到心態都不炸掉嗎 這樣只會傷敏京的自尊心 而且也會比較起來 內耗到會自我懷疑自己人做到多爛 為什麼別人可以 自己不可以
4. 剛分手了沒幾個月 就要跟男4上節目 每天看見他跟其他女生互動 帶入一下誰不心累哦 還有迷戀的前提下 誰想看到啊 我們正常人分手至少可以回家躲一下 敏京出去又看見男4 回房間還要跟兩個對男4有好感的同房聊男4 是人心態都爆發吧
如果在這個狀況下
我不抱怨 不發瘋 不委屈 都覺得自己可以當尼姑了",2025-12-26 06:07,聊聊kpop呀 韓劇呀 韓綜的小廢帳號～😌,自我懷疑
yumiyumi_chang,Yumi Chang,"NPD倖存者自救聯盟發起中，是不是可以拉個群組避免一直被拖回自我懷疑的迴圈➰
會有人想加入嗎？",2025-12-27 13:52,"▪️▪️I am who I am ▪️▪️
👁️你眼中的未來行銷顧問團隊
💼行銷創意總監｜演藝經紀｜民宿管家
💡品牌包裝｜整合行銷｜數位行銷
🪬身心靈話題
💟愛與愛自己",自我懷疑
yumiyumi_chang,Yumi Chang,自從前夫交女朋友後，逐步感覺自己惡意在孩子的生命裡被消失，這是錯覺還是我又回到他的操控圈圈？孩子變成籌碼？,2025-12-24 22:28,"▪️▪️I am who I am ▪️▪️
👁️你眼中的未來行銷顧問團隊
💼行銷創意總監｜演藝經紀｜民宿管家
💡品牌包裝｜整合行銷｜數位行銷
🪬身心靈話題
💟愛與愛自己",自我懷疑
yumiyumi_chang,Yumi Chang,"一直以來都教育孩子可以有情緒，但要有好的表達方式。
在你表達自己不滿的時候，至少要說得出理由，不是直接不高興，說不出來的時候，至少先說「讓我靜一下」。
當一個成年人進入社會時，無論身分是老闆、演藝人員、員工，最少受情商教育18年了，家長或老師一定有教過，生氣不能解決問題，只是有沒有吸收進去而已。
當一個衝動的老闆，會失去信任自己的員工、客戶。
當一個在舞台上情緒起伏過大的演藝人員，會失去部分粉絲。
當一個情緒擺前面的員工，難以第一時間解決問題。
這本來就是每個人終身學習的課題，無論幾歲都在學的，只是用什麼方式才能學會而已。
這幾天脆上的各種教材，足夠我回來展示給孩子看了，謝謝大家。",2025-12-23 16:21,"▪️▪️I am who I am ▪️▪️
👁️你眼中的未來行銷顧問團隊
💼行銷創意總監｜演藝經紀｜民宿管家
💡品牌包裝｜整合行銷｜數位行銷
🪬身心靈話題
💟愛與愛自己",自我懷疑
veg_tree,小樹Tree🌲,"「有人在停機坪，登機前大剌剌的“
抽煙
”」
有生以來第一次遇到腦袋有問題的，我身後這位先生，不知道怎麼攜帶打火機過安檢登機，從登機口搭巴士上機，一下巴士我還再自我懷疑怎麼會有煙味，然後不久地勤馬上大喊衝過來制止他，我看只差沒有讓他不上飛機而已，如果再其他注重飛安的國家，我看他真的會很慘。
胡志明回台中的班機！",2026-01-07 11:44,"目前正在全力拯救雞雞的男人
plantegg.tw 
植物荷包蛋募資突破百萬",自我懷疑
veg_tree,小樹Tree🌲,胡志明新山機場的少數幾個飲水機，這速度也符合越南的生活步調😂😂,2026-01-07 10:25,"目前正在全力拯救雞雞的男人
plantegg.tw 
植物荷包蛋募資突破百萬",自我懷疑
veg_tree,小樹Tree🌲,"按照日本正食食養的煮法教學，完成糙米酵素(GABA糙米)，真的很好吃耶！
P.S那麼貴的電鍋煮出來，萬一不好吃一定是我的問題！😂😂",2026-01-05 13:44,"目前正在全力拯救雞雞的男人
plantegg.tw 
植物荷包蛋募資突破百萬",自我懷疑
chiayuliang30,LCY,"嘿，劉宇寧先生
祝你生日快樂🫶🏻🥳💛
今天的生日直播我實在有點扛不住啊哈哈哈
前面穩穩地敘事，你一貫的和我們分享一些近期的生活、麥克風介紹等等，穿插一些有趣的問答
中間走心局，說著你的來時路、你和母親過去的苦日子
以及對於藝人這個職業的解讀，你說是「玩物」
好苦澀，過去佈滿荊棘的路你是怎麼走過來的？
那些精確的金錢數目，一個一個你都記得
從底層翻身的不易與自我懷疑，還有為了生存看盡世間冷暖
你說現在都好了，好多了，你知道你是誰了
但眉宇間、字裡行間對於自己的評價
怎麼還是那麼讓人心疼🥺
聽哭我😭
大家真的不要再催哥進組了，好嗎？
他有自己的規劃，演唱會也都還沒開完呢
最後果然還是你
用很二的方式讓人笑出淚
《呆米小傻狗》用ai做什麼blackpink風格的歌…
救大命，我笑到抽搐🙃🙂‍↕️🫠
dance break真抽象好可愛，但下次換首歌跳好嗎🙃
呆米「嚇尿了」經典留言要笑死我哈哈哈
不管如何
祝你生日快樂🥳！雖然你沒有很喜歡過生日，但大家記得、大家陪著你你很開心，這就夠了🫶🏻
希望你2026找尋到心靈真正的平靜與快樂，我們會陪著你 ㊗️你所願皆成，健康順心！
希望我們杭州可以見",2026-01-08 01:48,"和劉先生的日常瑣碎發布會📣
LYN的🌶️
魏劭的兵",自我懷疑
chiayuliang30,LCY,"哇真的是很緊張…
再五分鐘哥哥直播 第一次一起過生日🫠
啊啊啊啊啊啊
為什麼這麼緊張又不是第一次直播 哇啊
🤯🤯🤯🤯🤯
Cr. 朝昭不知暮老師",2026-01-07 19:26,"和劉先生的日常瑣碎發布會📣
LYN的🌶️
魏劭的兵",自我懷疑
chiayuliang30,LCY,"耶 劉哥生日快樂🫶🏻
雖然太晚去沒領到禮包
但有明信片很開心🥳🥳🥳
謝謝主辦
@angelo520angela
@angelo520angela
@blisschi_
@blisschi_
@lyn_tbdagtbdn_x
@lyn_tbdagtbdn_x
@__fan_.09
@__fan_.09
@eggs_happyiness
@eggs_happyiness
有看到戴黃色帽的薇薇但不敢衝上去打招呼🤣
啊啊啊空氣都是草莓的味道了🍓
明天的抽獎好讚為什麼我要上班😭
哭啊",2026-01-07 14:06,"和劉先生的日常瑣碎發布會📣
LYN的🌶️
魏劭的兵",自我懷疑
hytsaiiii,𝐌𝐢𝐨 𝐓𝐬𝐚𝐢,"This Christmas, I said yes to forever.
那時候的我，以為這輩子再也不會這麼深刻地愛一個人。
後來的我，甚至覺得要遇到一個願意認真談感情的人，都是一件困難的事。
沒想到，在你出現在我生命之後，
你輕輕鬆鬆就打破了我所有的「以為」。
原來，一段相互奔赴的感情，
真的可以讓人放下自卑、不再自我懷疑，也不再感到不安。
網路上常說：「真正的愛，會讓人變回小孩。」
而有你在身邊的每一個時刻，
我都能卸下所有包袱，毫無保留地做自己，活得像個孩子
追劇的時候，我們一起大哭，
再笑著幫彼此擦掉眼淚；
也會因為一些無聊的小事，
笑到上氣不接下氣。
生活裡總是充滿只有我們才懂的怪異默契，
你懂我的怪，我也懂你的可愛。
就像你說的，未來的日子不可能完美。
我們仍然會為了小事爭執，
也一定會遇到意見相左的時刻。
但我相信，只要我們記得現在的初心，
就能一次又一次，一起闖關成功。
謝謝你總是那麼用心，努力把最好的都給我。
當你問我願不願意的時候
這個答案，從來就沒有否定過。
謝謝你送了我一個最棒的聖誕節禮物，
我當然願意。💝",2025-12-25 10:55,,自我懷疑
joyyyyylee,Joy Lee,"仔細算算過去整整一年 
算是去年11月開始正式投履歷
投了1000+工作
收到400封拒信
20個面試
4個我自己放棄 
3個到第二輪
2個到final 
1 個offer!
身為超級不會面試的人
現在終於不用一邊講一遍看小抄
也學會去講他們想聽的話
我覺得英國求職的過程充滿自我懷疑
我無數次想過我是不是過去書都白讀了😅
也無數次想要就放棄回台灣
後來想想可能就是準備好了剩下就是命跟運氣
我自己是無法全職找工作的
所以我同時有做retail 兼職 
兼職是個很涼的櫃姐🤣
我從上班第三天就想離職結果默默做了快兩年
同事基本都是native speaker 
而且人都超好 不會嫌棄我講話慢文法爛
求職是一個孤單又漫長的事
謝謝一直支持的朋友以及給建議的人
雖然爸媽看不到但也謝謝他們一直以來的金援
原本只是想放個人生暑假 結果不小心從三個月變成三年
終於要上班了😅",2025-11-19 02:33,,自我懷疑
teddysoman,🏴‍☠️Ted | 創新顧問的航海手札⛵️,"十年前，我跟老婆其實沒有什麼藍圖。
30 出頭，放下台灣的工作，背著上百萬的貸款。
我們選擇離開熟悉的台灣，
去一個語言、文化、規則都必須重學的歐洲。
外人眼中，我們進了世界頂尖的 MBA，像是人生開外掛；但只有自己知道，每一步都走得很艱辛，也很不確定。
她在歐洲精品產業裡來回摸索，
我則走向非洲，在不同體系中反覆摸索嘗試。
後來，就跟多數 MBA 畢業生一樣，
我們各自進了知名外商的Leadership Program。
劇本看似完美，但卻是那些看似繞路的選擇、徬徨、自我懷疑，慢慢累積成撐得住人生的底層能力。
——
有了孩子以後，
常跟老婆聊到一個感觸很深的體會：
真正影響一個人一輩子的，
往往不是成就，而是早期慢慢形成的內在設定。
如果要幫孩子準備什麼，
我會選這三件事：
1. 對世界保持好奇，而不是急著下結論
2. 換位思考理解不同背景，而不是快速貼標籤
3. 相信每天微小但持續的前進，是進步的複利效應
人生不一定要很亮眼，但可以很扎實。
而那些生活裡看似零碎的事，
多年後回頭看，才會發現影響其實很深。",2026-01-08 08:02,"🇬🇧 醫療外商總部 創新 × 智慧醫療 x 數位轉型總監
🎓 全球 Top 3 MBA 校友
📝 寫些職涯、創業與家庭的小故事
如果你也在探索下一步，歡迎 IG 私訊交流！",自我懷疑
teddysoman,🏴‍☠️Ted | 創新顧問的航海手札⛵️,"昨晚，終於有冷的感覺。
用公司獎券買的煤油暖爐，總算可以出場。
只是才剛點著，煤氣味還是隱隱約約。
只好開窗通風。
結果一開窗，不小心把防霾紗窗整個弄掉。
於是默默把這扇窗關上，
再去開另一扇窗。
整個晚上就這樣⋯
一邊上班，一邊開窗、修窗、關窗、再換一扇窗。
一邊享受暖爐帶來的溫暖，
一邊像螞蟻一樣，為了各種微不足道的小事瞎忙。
生活大概就是這樣吧。
在追求那些小確幸的過程裡，
如果還能保持一點幽默，順便嘲弄一下自己，
好像就沒那麼狼狽了⋯ （嗎）😅",2026-01-07 12:54,"🇬🇧 醫療外商總部 創新 × 智慧醫療 x 數位轉型總監
🎓 全球 Top 3 MBA 校友
📝 寫些職涯、創業與家庭的小故事
如果你也在探索下一步，歡迎 IG 私訊交流！",自我懷疑
teddysoman,🏴‍☠️Ted | 創新顧問的航海手札⛵️,"2026注定是不凡的一年。
才4天，已經連續露營兩次，
從台中和平的雲海系，露到新北十分的森林系。",2026-01-04 22:02,"🇬🇧 醫療外商總部 創新 × 智慧醫療 x 數位轉型總監
🎓 全球 Top 3 MBA 校友
📝 寫些職涯、創業與家庭的小故事
如果你也在探索下一步，歡迎 IG 私訊交流！",自我懷疑
teddysoman,🏴‍☠️Ted | 創新顧問的航海手札⛵️,"2026 年的第一天，
就跟著怪叔叔的黃色小鳥🐥上山。
這次爬的是谷關七雄之一的「唐麻丹山」。
四歲的兒子，才一百公分高，幾乎得手腳並用，
每一段拉繩、每一個陡坡，都是場小小的挑戰。
爬山的過程，其實也是在練習引導自己。
發現累了、負能量開始冒出來，
就停一下，吃顆軟糖，給自己一個小小的鼓勵。
也要記得，體力不能一次用完，
要保留回程下山的餘裕，才不會受傷；
沿途別只顧著低頭前進，也要抬頭看看風景。
想一想，
跟職涯、跟人生，真的很像呢！
P.S. 還看到了顆台灣形狀的石頭，你覺得像嗎？",2026-01-02 17:00,"🇬🇧 醫療外商總部 創新 × 智慧醫療 x 數位轉型總監
🎓 全球 Top 3 MBA 校友
📝 寫些職涯、創業與家庭的小故事
如果你也在探索下一步，歡迎 IG 私訊交流！",自我懷疑
tubamboo,竹竿葛格,"思考的盡頭
是自卑跟自我懷疑嗎",2026-01-08 13:49,ᶘ ᵒᴥᵒᶅ,自我懷疑
tubamboo,竹竿葛格,"軍隊是藝術嗎？
那軍事化教育出來的表演者呢？
整齊劃一的演出
真的能感動人嗎？",2026-01-05 09:25,ᶘ ᵒᴥᵒᶅ,自我懷疑
tubamboo,竹竿葛格,"包容的前提是歧視
如果沒有區分我的你的
哪裡還需要包容？",2026-01-02 01:30,ᶘ ᵒᴥᵒᶅ,自我懷疑
tubamboo,竹竿葛格,"業餘玩家
才是每個圈子裡
消費力最高的族群",2026-01-01 17:31,ᶘ ᵒᴥᵒᶅ,自我懷疑
roseugosa,昀,"朴馬丁居然因為自己的眼睛自卑！！！！
這麼可愛的眼睛不要給我自卑！！！！！！！！",2025-12-28 23:59,★ntua,自卑
iamhanacooooo,冶花工作室,"本來覺得玩這個遊戲很單純很開心，沒有人際問題。
直到收到住在日本的皮友寄來的漂亮明信片，自己卻沒有一張像樣的可以回，開始覺得自卑。",2026-01-04 00:58,重新養一下演算法好了…,自卑
hana_20914,孫芸,"處女座
有人說~處女座是十二星座裡面最會權衡利弊的星座,
那我只能跟你說..你根本沒有走進處女座的心理,
處女座一旦愛上你,什麼權衡利弊,什麼人間清醒,什麼愛情分析師(很會幫朋友分析感情,
什麼戀愛軍師(很會幫朋友出主意,
這個時候的處女座,根本就是個不折不扣的戀愛腦,
你想要拿捏處女座很簡單,
給她百分百的細節,還有百分百的安全感(啥??怎麼給??
屏幕是她 手機密碼是她生日 什麼都是她 去哪主動報備
主動跟異性保持距離~千萬千萬不要跟前任有任何聯繫
你要記住~處女座要的就是明目張膽的偏愛!!!",2024-05-31 14:55,"🤟忙里偷闲的生活碎片🤟
🤍🤍🤍🤍🤍🤍🤍🤍
人生進度條：■■■■□□□□□□ 35%
增加額外被動收入 小本金投資
想要賺到人生第一桶金 實現金錢自由
私訊小盒子詢問 反正問問不用錢🤣
追一下人家IG嘛
-
語錄小帳👉 Line:wgchii1021",自卑
__fzj17,__fzj17,隔著螢幕打字 可能我的語氣不太好 可是我正在掉眼淚,2024-06-07 23:48,讀不懂了 沒人聽我抱怨,自卑
jerrykuo0719,Jerry kuo,"-11公斤達成。
左：171/84公斤
右：171/73公斤
歷時47天。減掉了膝蓋負擔、血壓、脂肪肝，和不少自卑。
還在前進~最終希望停在-12。
#高雄 #45歲 #單身TOP",2026-01-04 13:16,"雪花冰店老闆的日常。
 171.73.45.TOP",自卑
l7________l,L,"我真的好難過
為什麼我胸部不大（大B小C
愛小胸勝於大胸的人真的多嗎🥲
好自卑",2025-11-08 03:10,"精神健康
.
⚡️
緩光臨
本人murmur",自卑
l7________l,L,求推薦女生一人可以去的酒吧酒吧,2025-11-07 14:46,"精神健康
.
⚡️
緩光臨
本人murmur",自卑
l7________l,L,"女生可以自己去酒吧嗎
想喝喝酒但又抓不到人陪",2025-11-07 05:01,"精神健康
.
⚡️
緩光臨
本人murmur",自卑
xzxxiuzhu,xzxxiuzhu,"非常能共情千商燕。
我也是如此脆弱、敏感、自卑、好強且接受他人好意會過於彆扭的人。
在商燕決定自己要成為「壞人」的時候，她去和誾重媽媽索要擁抱並且說的那句：我很壞但是您能抱抱我嗎？
帶入感太強，我哭到不行⋯
我看到有人評論‘’誾重交了這樣的朋友真是倒霉‘’，感嘆導演在刻畫商燕這個角色時，帶給觀眾的情緒不夠強烈，很多片段著實令人感到商燕就是個壞女人、心機婊還很小心眼。
在我的角度看來，為什麼得到媽媽和哥哥疼愛及關注的人不是我、為什麼明明是我先喜歡學長但是被偷看日記還要被當成做錯事的人、為什麼這麼努力生活卻還是遭遇了這麼多的不幸⋯⋯
世上沒有非黑即白，像商燕這樣成長的孩子，個性扭曲，卻沒有人真正能夠接住她，在即將墜落時有隻手抓住了懸崖邊的商燕，是學長給了她活下去的希望。
明明是誾重從頭到尾都沒有願意真真正正的花時間去理解她的朋友，因為她是個獨立且自我的人，在她的世界只有好跟不好、想和不想。
從誾重視角寫出來的劇本，我卻看見了商燕悲慘的一生。",2025-09-26 01:37,,自卑
qqa166.87,..,"最近真的快受不了
生了小孩後身材大走樣
胸部從C變成A
肚皮變鬆弛彎腰還會皺皺的
上面長滿妊娠紋
屁股上還有橘皮
明明懷孕也胖不到十公斤
而且現在體重也已經回到孕前
但跟以前完全不能比！
為什麼我們女生要承受這些⋯
然後想行房
另一半總以上班很累做藉口拒絕
說很累，但是他還可以玩手遊玩到三四點
這讓身材已經不完美的我更加自卑
真的好煩好煩
好想離婚好想去拉皮去隆乳😭
明明以前根本不需要做這些
現在卻要花大筆資金讓體態回歸從前
政府真的應該補助那些
產後身材變形的媽媽去做醫美！！！",2026-01-03 03:47,負能量聚集地,自卑
kryshsuu,Krystal Hsu,"其實我今天早上瀏覽了大家一則則攻擊你的評論。
也許大家會說，我本身就該承受這些，他作為對象也要有所準備，但有做不好的大家批評指教我都會聽進去，但對於外在的攻擊，我想說任何人被這樣說都是會難過自卑的，我們自己是女孩子一定更清楚。
對於感情，我真的可以不公開都不發，我也不能向大眾保證在一起一定會有結果，但我想說我會發是因為他一定有我喜歡跟欣賞的地方，否則我不會大大方方跟大家說，我也知道我發這篇後續感情一定會被更放大檢視，但我覺得比起這點，更重要的事是如果大家因為外在因素而去留言人身攻擊，任誰都不想被自己原身條件陷入不好的情緒裡，男女生都一樣。",2025-12-17 18:35,,自卑
chthsh6107034,張昭慶,"第一次看莊序唱信仰那邊，
當下還以爲他是唱到哽咽所以不接著唱，
之後我去找信仰歌詞來學唱，副歌第一句是：
「我愛你是多麼清楚多麼堅固的信仰」
所以是連我愛你都不敢當眾說出口？
還是其實他的愛根本就不清楚、不堅固，
所以心虛不敢唱？
還是他是在質問聶的愛不清楚不堅固？
還是對他而言是三種都是？
莊序問聶不是在宿舍下唱信仰可以嗎，
也太不尊重女生隱私了吧，
私下女孩聊天的話被竊聽的感覺耶，
知道就算了，還拿來當感動人的籌碼⋯
莊序問元旦是不是還沒和林在一起，
然後質問為什要說謊騙他，
後來我就去找那片段看，
聶當時沒有說他們在一起，只是不否認而已；
莊序反駁「不合時宜」，
說當初聶也不合時宜的闖進他生活，
你當時沒理由拒絕了聶，
那現在聶有男友這理由拒絕，不比你好多了嗎？！
還不說聶當初還是被你和葉容聯手詐騙的呢；
剛開始看以為莊序自卑所以努力匹配聶，
像李霧那樣？是想多了，
後來真的覺得他和聶程遠是一類人，
自卑、自傲、自我感動；
想說莊序言行怪怪的，所以找一些片段來看看，
結果變莊序的批判文了，
怎麼說，他本質是好人，
現實中會出現的人，
而實際上林才是現實不會出現的人⋯",2026-01-08 13:04,"自由也不自由的吊卡司機，
講講無聊生活、練練打字，
嗯，就是日記。",自卑
chthsh6107034,張昭慶,"1. 信仰真好聽。
2. 我發現女主曾經講過的話並沒什麼問題啊：
「我不會放棄的，我會一直喜歡你，直到你也喜歡我」
的確直到了男二喜歡她了，但沒說之後會繼續喜歡啊！
3. 單方面的喜歡，和兩情相悅比起來，不堪一擊。
4. 突然想到男主爸媽當初戀愛狀況跟女主男二差不多耶，是對照組吧！
差別就是
莊序有毛病，然後有更好的追求者補上，假如沒男主出現，很大概率會和男二在一起？
我決定不超前點播了，
難過的是好像之後是一天一集耶⋯⋯
算了，慢慢看好了，
空閒的時候整理一下莊序的所有話，
感覺有像怪怪的。
昨晚忘記發，變成草稿了😓",2026-01-07 13:08,"自由也不自由的吊卡司機，
講講無聊生活、練練打字，
嗯，就是日記。",自卑
chthsh6107034,張昭慶,"又是短短的兩集而已，
兩個感想：
1. 這麼優秀的女主果然是有個好媽媽的！
聽她媽媽能和女兒吐露那些心路歷程，
認清自己，選擇去做自己想做的事，
且也這樣希望女兒去做開心的事，
這還蠻感動我的，
特別有一句：
姜雲的雲是凌雲壯志的雲不是閒雲野鶴的雲；
2. 男主應該去感謝那個思靚，
她沒脫口而出説莊序是喜歡女主的，
如果那時她就放棄莊序，且說出來了的話，
真不好說，女主會不會不顧一切去追莊序⋯
而那時的莊序應該會接受了⋯
在我看來是促成了樁爛姻緣，
即使我覺得這對不可能長久，
但男主就真的要去搶或是慢慢等，
那就是另一個故事了。
入青雲看到第五集了，
剛開始覺得女主無師自通那些嗲的手段，
以邏輯來講有點不合理，
但還是有在風花場合待過，就給過了，
除了女主那不帶感情的假嗲有點尬以外，
到目前都還蠻不錯的，
漸漸的有感覺到有產生一點感情，
有對比，演的真不錯！
先到這來去睡了💤",2026-01-05 22:43,"自由也不自由的吊卡司機，
講講無聊生活、練練打字，
嗯，就是日記。",自卑
pumashen,沈伯洋,"【回應中國公佈我的座標：又一場拙劣的心理戰】
對付中國威脅，核心只有一個：做好準備，讓敵人的攻擊成本變高、效益下降。
這幾天中國又對我「精準打擊」。
早在軍演結束時，中國腳本就啟動了。原因很簡單：軍演無效、股市還漲，加上我持續拆解國防謠言，對方可能惱羞成怒，決定直接針對我個人。
這次手法是「關西機場事件」的拙劣翻版：從關聯帳號發圖點火、內容農場炒作、虛假IP在社群帶風向，一直到官方定調收尾。這三天我都懶理，只是靜靜看戲，順便把跟風起舞的帳號再次完成盤點歸檔。
中國在等什麼？他們在等我恐慌，批評他們衛星圖的畫質或地點錯誤，就可順勢拋出更清晰的照片，製造「處處是眼線」的恐懼。但他們錯了，這種心理戰在台灣毫無效果。
中國標註的是我的座標，展現的卻是他們對民主台灣的集體自卑。
最後，對於前些日子還在那邊嘴行車記錄器的，我不會說你是協力者，因為你們層次還差的遠，但在學術上，這有個專有名詞，叫做：「有用的笨蛋」（Useful Idiots）。",2026-01-03 11:37,"臺北大學犯罪學研究所副教授。
台灣民主實驗室、黑熊學院共同創辦人。
關於長期抹黑我的闢謠：https://www.pumashen.org/debunk",自卑
ocddairy,強迫症經驗者的日記簿,"想問一下大家
感覺到孤獨的時候
或是提不起勁對未來感到茫然時
都怎麼幫助自己度過的",2025-08-22 20:05,"一個受症狀捆綁的精神疾病經驗者
一個沒在做職能治療的職能治療師
一個在台大碩班努力奮鬥的研究生
一個想聽聽別人症狀共感同理的人
一個講自己故事找尋自己存在的人
「尋求某些微小力量聚集，成為彼此支持力量所在。」
「每個人存在都獨一無二，病不該框在某種套路裡。」",提不起勁
ocddairy,強迫症經驗者的日記簿,"我有時候會陷入一種過去的時光漩渦裡，想到那時候「不懂珍惜」的自己，光閃過某些美好畫面的片段，都足以讓自己「痛如刀割」。
過去累積的「孽」，都足成一把銳利的「刀」，深深地砍進「靈魂深處」。
每次遇到這種極度的難受，我都覺得仿若被「龜派氣功」強烈衝擊，我立刻試著深呼吸、轉移注意力，再回到「一事無成」的人生裡。",2025-08-22 14:03,"一個受症狀捆綁的精神疾病經驗者
一個沒在做職能治療的職能治療師
一個在台大碩班努力奮鬥的研究生
一個想聽聽別人症狀共感同理的人
一個講自己故事找尋自己存在的人
「尋求某些微小力量聚集，成為彼此支持力量所在。」
「每個人存在都獨一無二，病不該框在某種套路裡。」",提不起勁
ella__1108,Ella揪艾佳,"有沒有嘉義水上人 也有在健身聯盟 運動的？
可以一起約運動💪 一個人運動有一點孤單😂
提不起勁😱 每次去健身聯盟都沒什麼人…
約起來！",2025-06-27 16:05,"我實在控制不了自己的👄
硬生生把自己吃成一位可愛的胖女紙🤣",提不起勁
hhh1114131,hhh1114131,"這幾天真的很迷茫。
12/30 被通知不用再上班，連回公司拿私人物品都不行，只能等公司把東西寄回來，順便看有沒有給我非自願離職單。
薪水要等到 1/5，後續可能還要走調解。
一切都在「等」，而且什麼都不能做，這件事讓我非常焦慮。
其實我不是經濟上撐不下去。
就算我暫時不工作，老公也能負擔家裡支出。
但我一直很習慣花的是自己賺的錢，他的錢我都當成存款。
沒有工作，對我來說不是沒收入，是失去掌控感。
我本來就不是物慾高的人，
不太買東西、不愛社交，朋友也不多，
假日就是帶女兒走走、吃點喜歡的東西。
所以突然停下來後，我發現自己除了睡覺，起來竟然不知道要幹嘛，
連運動都提不起勁。
才幾天而已，但那種「我怎麼會在這裡」的空白感，很真實。
我不知道這算不算脆弱，
我只知道，我好像一下子被抽走了原本很習慣的生活節奏。
大家都怎麼處理自己的壞情緒呢？
有沒有什麼話是你看到領悟到了什麼
可以分享給我嗎",2026-01-03 23:01,,提不起勁
goodfornothing00000,goodfornothing00000,當我一直想著死後到底會怎麽樣，想死的動機就一直在上升，到底該害怕死亡還是期待死亡,2025-11-06 05:11,,想死
hanikr888,Hani,"「想死嗎？我愛你！」這次終於很有自信的翻譯出來，希望淡水的鄉親們沒有嚇到🤣
託華莎的福，用燦爛的煙火跟2025年Good Goodbye!
今年真的是很夢幻的一年。做了好多場萬人活動，也幸運的多次接到媽木的活動，耳朵和心靈都好幸福🥰
希望2026年也可以健康開心的做好每個工作！
大家新年快樂🎆🎆🎆
#華莎 #Twits #雨中的華莎真的超美 #期待2026年到來 #真心感謝每個人",2025-12-31 22:06,"中韓口譯｜藝文、音樂劇、藝人相關活動
한중통역｜예술・뮤지컬・연예인 관련 행사
hanikorea88@naver.com",想死
hanikr888,Hani,"昨天最歡樂的片段～雪娥跟UJUNG們的互動超真誠可愛😍
看到大家Hi Touch結束後眼睛發亮，手一邊抖一邊說我不洗手了，真的會讓人露出姨母微笑耶☺️
果然追星有助身心健康👍
#宇宙少女 #金炫廷 #Happy_Ending_is_mine",2025-12-22 14:04,"中韓口譯｜藝文、音樂劇、藝人相關活動
한중통역｜예술・뮤지컬・연예인 관련 행사
hanikorea88@naver.com",想死
hanikr888,Hani,"玟星：「我要盡情享受當下，這樣幸福才能永遠留在心中。我會努力讓你們手上的燈光可以閃耀很久很久。」
謝謝玟星和流星們，讓我的口譯生涯有了很不一樣的回憶。雖然還有進步的空間，但期許自己可以成為傳遞心意，延續感動和療癒的存在。今後也請多指教！
#玟星 #별똥별_크로스 #별똥별_사랑한다 #사사사 #祝福舞台上和舞台下的星光都永遠閃耀",2025-12-21 12:43,"中韓口譯｜藝文、音樂劇、藝人相關活動
한중통역｜예술・뮤지컬・연예인 관련 행사
hanikorea88@naver.com",想死
dreamqueen_poem,夢妃,"想死的時候，就去看看雲吧。
雲在天空中死過很多次，每次重生都是不同的體態。
它把自己捲起來又攤開，反覆地練習存在。
雲想死的時候會哭，會下大雨。
所以海洋都是雲的眼淚。
雲死掉的時候，屍體就變成雨，
所以下雨天，記得撐傘。
那些在地面上的雨會蒸發，重新變成雲朵，重來一遍。
雲就是這樣，反覆輪迴，還是那樣地白，那樣地柔軟。
原來，要死過很多次，
才能學會，好好地活。",2025-06-17 14:46,"「寫下一些我眼中，世界的樣子。」
每週都在Instagram上寫詩💕歡迎前往追蹤",想死
huafuge1,华夫格,"来来来，开年第一问！🎊
这些问题有这么难回答吗？",2026-01-01 01:32,公理之下，正义不朽,想死
koba_mcn,文頌男 KOBA,"有咗癌症差唔多半年
每日無休止咁同病魔搏鬥
冇一日係唔痛
冇一日係舒服
每日如果可以順利咁食瞓屙
已經係好欣慰
但有時真係會覺得
每日都咁樣過好冇意義
活得咁痛苦、咁攰
到底係為乜
我唔怕死
我只係唔想死得好辛苦",2024-03-14 09:09,DOKI MEKI DARK DAIRY,想死
etlee395,et,"最近一直有一種活著很無聊的感覺（不是想死）
就是覺得生活很無趣
但又沒辦法打起精神生活",2024-08-24 08:29,,想死
blueeee.rr_,blueeee.rr_,我不想死 但是我不知道活著的意義是什麼,2025-12-22 23:34,"這邊有時候會賣一些二手衣、全新出清、小物！
或是一些murmur",想死
blueeee.rr_,blueeee.rr_,"割愛售這隻黑皮洋裝凱蒂喵 $550
想要可以留言或私訊～",2025-12-20 02:46,"這邊有時候會賣一些二手衣、全新出清、小物！
或是一些murmur",想死
blueeee.rr_,blueeee.rr_,"剛追認罪之罪
金高銀和全道嬿的演技真的是超級厲害
這部很好看！！！！大推特推！！！！
以下有雷
我覺得唯一敗筆是最後真正殺害安允秀老公的那個女兇手沒死。他殺他老公的過程整個氛圍超詭異 刺完還一直笑 看了有點反胃🤮",2025-12-14 08:59,"這邊有時候會賣一些二手衣、全新出清、小物！
或是一些murmur",想死
blueeee.rr_,blueeee.rr_,"看完如果我不曾見過太陽第二季了
只能說這部是我看過的台劇前三名
雖然中間四個人格在切換有點搞不清楚
然後一個人在半夜追的話會有點驚悚
最後兩集哭爆😭明天眼睛一定腫
重點是我好想截圖曾敬驊的帥照
可惜Netflix不能截圖
所以還沒看的趕快去看😍😍😍
劇情看不懂沒關係 看曾敬驊也好
有超多時刻都想截圖 而且他有夠會演我要瘋了
還有柯佳嬿的演技有讓我嚇到欸 也有夠會演
希望明年他們兩個都可以得獎！！！
曾敬驊要一座男主角了吧🥹🥹🥹",2025-12-12 06:33,"這邊有時候會賣一些二手衣、全新出清、小物！
或是一些murmur",想死
ecom_pilot,CHU TSUNG LIN,"「那些箱子，把人的一生都裝在裡面，進軍校第一天就開始裝，裝到最後，打開箱子，人已經沒了。 」影集一把青
2016年，這影集上映時，我還在飛行。 看著社群熱烈的討論與分享属于那年代的悲壯...
尤其是飛行員軍眷們在意外與明天的鋼索上前進。
踏上這條路，從一開始的慷慨激昂，到充滿歷練的專業穩重。每個飛行官都在職涯當中經歷數次身邊的同學，教官的離開。
這就是命吧？！ 尤其你看到遠比自己優秀甚至把對方的飛行技術當作偶像的教官就這樣突然消失在雷達光點上時
你就會深刻體會到""人定不勝天""
我曾想出資拍攝我們失事同學的紀錄片，趁十周年的同學聚會一起來回憶
沒想到聯絡遺孀後被果斷拒絕了...
過了許久，我理解人家花了很大的心力才走出來傷痛，花了更久的時間要接受接下來沒有你的日子
“讓時間沖淡一切，當不會一直想起有你在的溫暖，是不是就不會感到現在孤單的寒冷”
致敬每一位在線上犧牲奉獻的教官
感謝你們無私奉獻，將生死置之事外。
無論晴天雨天，局勢好壞
你們總是義無反顧的升空
座艙關上那刻，隔絕了對妻兒的想念，隔絕了對父母的孝順，高頻的引擎運轉聲，提醒著“只許成功不許失敗的決心”
辛教官願你平安歸來",2026-01-07 13:56,"New money, bring some good shit",想消失
ecom_pilot,CHU TSUNG LIN,"想做電商卻沒有產品？有產品卻賣不出去？
從 0 到 1 的電商閉環其實有跡可循： 
✅ 數據分析選出爆品
✅ AI 工具快速生成吸睛素材 
✅ 線上（蝦皮/MOMO/李享家）+ 線下（康是美/寶雅）全通路佈局
這不是紙上談兵，這是一套經過實戰驗證的「一條龍」變現系統！
不管你是新手小白，還是想突破業績的老闆，這堂課都能幫你打通任督二脈。
想知道這套完整的「電商全通路大解密」資訊嗎？ 👇 底下留言「理查好帥」，把最完整的資訊傳給你！
#渠道商學院 #百萬電商鐵軍班 #電商飛官理查 #電商 #創業",2026-01-05 18:18,"New money, bring some good shit",想消失
ecom_pilot,CHU TSUNG LIN,"好不容易去年超額達標
元旦公司連放4天。 我每天最期待就是睡到自然醒！
每天8點就開始私人號碼來電
票貼，融資，貸款...
我不需要！
什麼你是上次的小陳，美捐的...
誰跟你上次...",2026-01-02 11:07,"New money, bring some good shit",想消失
_7inyhjt,_7inyhjt,"玻璃心的人一定都懂：
在
最絕望
的時候
是想要被朋友安慰
不是被冷嘲熱諷",2025-10-20 17:48,不爽我串文就不要看 又沒有求你看😝,絕望
_7inyhjt,_7inyhjt,"班上一定會有的
⌚️
-
-
喜歡命令別人 被臭都不知道 還自以為人緣很好",2025-10-19 15:52,不爽我串文就不要看 又沒有求你看😝,絕望
rin_48923,Rin,"快發瘋欸
度過了新生兒時期、沒有二月鬧
但三個月開始很難哄睡
哄兩小時睡三十分
放下床爆哭
我的腰痛到跟著爆炸
蝴蝶包巾也沒用了😭
他就是很累但就是不睡覺
然後哄不睡一直尖叫爆哭
明明有睡眠訊號就開始哄了
我好像真的不會顧小孩
好絕望
快撐不下去了",2026-01-02 20:38,,絕望
rin_48923,Rin,"不是很懂婆婆為啥總是愛比較
例如來我家看到我買的月亮枕
就說他自己做的比較好
或是我給小孩買的衣服或是用品
就會說他買的怎樣怎樣
是為啥？我用的東西就比較爛是嗎
還是比較優越啦？
總覺得在什麼上面都要贏的感覺==
聽了超問號
之前彌月她自己少算了數量
我跟她的是分開訂的
結果她問我的語氣好像是我訂那麼多幹嘛
奇怪我要送我的親戚我自己出錢還要跟妳報告嗎
而且她是想要多加一份給她忘記的
沒想到我會這麼快訂出去
我問：怎麼了嗎
然後直接給我爆氣
🙂？？？",2025-12-30 00:46,,絕望
rin_48923,Rin,"蝴蝶衣真的是世界上最偉大發明之一
最近三個月進入睡眠倒退期的寶寶
哄好幾天都哄兩小時只睡一下就又起來
而且小手小腳超會亂動
大腦想睡身體不想睡又一直爆哭
崩潰的媽媽簡直要發瘋
本來都只有在晚上睡覺才給他穿蝴蝶衣
結果剛剛嫩嬰一穿上
五分鐘內睡著了！！！！！
太神啦😭😭😭",2025-12-27 13:27,,絕望
mikazuki_tachibana,橘,"你們這麼愛
我們同人女該怎麼辦😌
為了彼此豁出生命
只為了保全另一人😭
🌊🎴久久💙💚
9月時研究了🌊🎴手拿的花的花語
🌊手上那個我看了很久🤣…
有的花卉真的長得很像😅
最後是從淡路島上有的花卉去分析
(如果錯了！那就！再改😵)
正面的花語
真的好適合🌊🎴彼此💙💚
最令我震驚的是隱藏花語🌊的部分😭
🌊絕望的愛
🎴沉默的愛
好符合餘生的🌊🎴",2026-01-08 12:54,"✨Taiwan number one✨
為了一群GAY散盡家財😤
⚠️不拆不逆⚠️左右固定🌸
🌊🎴深度潔癖，禁拆逆CP
義炭、緣巖、轟出、影日、五夏、青黑、三日鶴、宗凜、尊禮、鳴保",絕望
mikazuki_tachibana,橘,"翻到以前的紀錄
覺得超好笑的🤣
還叫朋友讓我拍一下義勇街再開走
那時候我還想去富岡漁港
但是朋友不打算理我😆",2026-01-08 10:21,"✨Taiwan number one✨
為了一群GAY散盡家財😤
⚠️不拆不逆⚠️左右固定🌸
🌊🎴深度潔癖，禁拆逆CP
義炭、緣巖、轟出、影日、五夏、青黑、三日鶴、宗凜、尊禮、鳴保",絕望
20240102ning,熊熊是一只猫N,"今天劉宇寧發了二專裡的「不會太晚」
戴佩妮量身打造。在他最迷惘被這世界傷害最重甚至最絕望的時候，寫的一首歌",2026-01-08 12:21,"佛系更新
微博、B站、小紅書 也都有 同名",絕望
20240102ning,熊熊是一只猫N,"劉呆米同名原創單曲 “呆米小傻子” 
詞曲：劉宇寧",2026-01-08 00:47,"佛系更新
微博、B站、小紅書 也都有 同名",絕望
20240102ning,熊熊是一只猫N,"劉宇寧想要 劉宇寧得到 劍來
五年了 新的一年請多指出😍",2026-01-07 23:19,"佛系更新
微博、B站、小紅書 也都有 同名",絕望
20240102ning,熊熊是一只猫N,上衣竟然透明的,2026-01-02 21:10,"佛系更新
微博、B站、小紅書 也都有 同名",絕望
1local7,NK Cca,"哪裡可以買到AirPods pro2  正版
原價的就算了 我的耳機前幾天用丟了
現在急需買一個 已絕望",2026-01-05 00:29,youtube.com,絕望
lsyiuuu,seeu,沈沒成本不參與重大決策,2025-12-11 04:18,出奇蛋,絕望
bibeeee,謝,"大家看過全楓之谷最愛打掃的女人嗎？
差兩支就能組成魁地奇球隊⋯
抽不到木馬的大家，你們不孤單(｡ ́︿ ̀｡)",2026-01-07 11:54,😼,孤單
bibeeee,謝,"這是令我羨慕的衝裝養老生活
22屬神鞋！說get就get？",2026-01-05 11:50,😼,孤單
heymissbre,Miss Bre,"請不要跟剛分手的人交往 -無縫接軌的戀情 (Rebound Relationship )
因為那通常不是愛，而只是他/她的逃避及害怕孤單。剛分手的人，常常以為：換一個人，就能解決上一段感情的問題。但真相是，問題從來不是換對象，而是分手的傷有沒有被療癒跟自我成長。
一個剛分手的人，基本上心裡其實還卡著：未解的情緒、對前任的糾纏、對孤單的恐懼。當一個人不想面對自己，最好的方式就是找別人分散注意力。
所以他們不是因為愛而選擇你，而是利用你來麻痺自己。無縫接軌的戀情一開始一定很熱烈、甜蜜，但等到新鮮感退了，傷口浮出來，他們會把沒處理的痛、沒完成的功課，一股腦丟到你身上。
這種感情不是愛情，它只是暫時的止痛藥。真正值得的關係，應該是兩個人都已經準備好，不是在逃避，而是互相選擇。",2025-08-21 21:05,"Certified Relationship Coach | MBA
Relationship | Attachment Styles 
美國註冊情感教練：依附人格｜ 伴侶關係 ｜分手成長
1 on 1 輔導：Soulbloomspace.com",孤單
heymissbre,Miss Bre,"在感情裡，當你的另一半常說你太敏感，並不處理你的情緒，那很有可能他是是逃避型依附Dismissive Avoidant。
逃避型的人，很多是情感被忽略下長大的。例如：從小被告知男生不準哭；或者在你有情緒時，父母說不要想太多，沒什麼大不了。久而久之，他們只學會了壓抑自己的感受，也因此在親密關係中，很難真正理解與承接別人的情緒。以下是他們常給的反應：
1.我不知道
當你問他感覺，尤其是在衝突後，你很可能會得到：我不知道。因為他們和自己的情緒是斷線的，常常進入神經系統的凍結反應。很多時候，他們連自己的情緒都沒辦法處理，又怎麼可能和你一起面對？
2.你太敏感了
長期壓抑情感，讓他們對自己的感受都不敏感，自然也更難共情別人的情緒。所以，當你因為他們的話受傷時，他們會覺得你反應過度，而不是試著理解你的痛。
2.也許我給不了你要的
這是典型的自我關閉。在他們的情感深處，常有我是不好的這種信念。每當你要求更多親密與交流，他們就感到壓力過大，甚至認為自己做不到。這句話不是敷衍，而是源於深層的防衛。
逃避型伴侶並不是沒辦法相處，但改變必須來自於他們願意面對自己，而且需要穩定、長期的自我覺察與練習",2025-08-13 20:42,"Certified Relationship Coach | MBA
Relationship | Attachment Styles 
美國註冊情感教練：依附人格｜ 伴侶關係 ｜分手成長
1 on 1 輔導：Soulbloomspace.com",孤單
ray_lalala,Ray,"各種困在林口的種種原因：
我的健工會員只能進林口廠 離開林口我除了荒廢運動外還會無限吃吃吃
我家狗勾喜歡林口的家、環境 這邊公園好多
他在林口還有很多狗狗好朋友和sugardaddy
不像我🥹在林口孤單的要死
林口家的床床真的好舒服 我愛眠豆腐
林口好適合騎ubike
電影院很好訂位
晚上9點過後只能吃便利商店
想離開的種種原因：
林口揪不到朋友、林口太偏僻我都不好意思邀請朋友來、天氣爛、物價貴、生活圈小、來回台北好麻煩、天氣爛（還要再說一次）都讓我好想回台中",2026-01-05 17:08,ENTP,孤單
norahuaaa,晨🍒,"有人要一起去金唱片嗎
希望同是COER😍✨
自己一個人去好孤單⋯
我是特5區的
有沒有要一起的呀",2026-01-07 20:52,貓咪狂熱份子,孤單
candicelo0211,ᴄᴀɴᴅɪᴄᴇ 坎蒂絲,"當媽媽後，其實內心大多數是孤單的
很難做自己、失去自由，
有些朋友會漸漸失去聯絡，下班後和假日只剩下小孩
對小孩生氣會被說沒耐心
和另外一半話題逐漸變少、爭吵變多，不被理解的狀態更多
奇怪怎麼越講越悲哀",2025-09-27 00:11,"👶 @babysana_ray 
親子育兒｜旅行｜生活雜談",孤單
sususu_cherry,sususu_cherry,"2025.12.12
北海道獨旅
遇到大雪我就不孤單了☺️
-
學會告別是人生最重要的課題
我一個人完成，曾經的夢想
記得別回頭，往幸福一直走
#朝里#日本#北海道",2025-12-12 16:16,"#生活記錄者
#2025倒數不間斷
#2026✨重新開始",孤單
hizai,Jasmine Lin,"2025 年讀 20 本書最喜歡的 3+1 本：
1. 美好是你
孕期看到爆哭的一本書，特別喜歡跨年代的親情描寫。讓我想到小婦人。
2. 明日，明日，又明日
一段惺惺相惜的友誼，再加上遊戲製作當作主線，這種組合完全是我的菜。讓我想到一級玩家。
3. 家弒服務
各種翻轉的懸疑小說，一口氣看完很爽快又沒壓力。翻拍電影現正熱映中。
Bonus. 渺小一生
是本好看又停不下來的書，但讀完實在是很悲傷所以偏向不會主動推薦給朋友。",2026-01-06 14:23,"🇹🇼 Seattle-based Taiwanese
🤘🏻UX Designer@google🐶 Pug Mom
🐫 Podcast Host@designnomads.co",悲傷
mchashbrown.77,鼠鼠,"包：我要唱跟悲傷結了帳 我要做攬佬嗰個角色
賦：yo！攬佬
包：yo！
賦：yeah！
😂😂😂？",2026-01-03 15:44,"🍀🐹
賜我被你愛的天賦",悲傷
mchashbrown.77,鼠鼠,"Hello大家好
佢係MC
Twenty-four
👶🏻
@mcheung1201
@mcheung1201",2025-12-22 19:35,"🍀🐹
賜我被你愛的天賦",悲傷
your_woman_sleep_with_others,老王樂隊,"2025年結束了，從大學到現在，轉眼間已不再是少年，團員們陸續來到30歲這個人生的節點——是一個讓人想停下來、整理自己、重新感受方向的時刻
這幾年我們經歷了很多高低起伏，有很多開心的時刻，當然也有不少迷茫與矛盾，那些說不出口的感受，都被寫進了音樂之中
我們的創作總是誠實地來自於生活，《暮夜徐行》的故事，其實像是目前樂團階段的一個寫照 ，面對情緒的兩面，從disc01的混亂、躁動與不安中解離，從disc02的迷茫、相互提防感受悲傷，誰都想要一個溫暖而沒有盡頭的美夢，卻又不希望，它終究只是一場美夢
在彼此拉扯過後，也清楚地感受到，或許正是因為誰也不想丟下誰往前，才更需要一段時間，好好照顧自己、好好呼吸，找回內心的節奏
在深思熟慮、多次討論之後，我們五個人一致決定，讓樂團暫時休息一段時間
希望能讓彼此在生活與創作中找到新的節奏，也找回那份最初一起在音樂中的快樂
或許接下來各自也會有不同的嘗試與旅程，但最終的期望，都是希望未來能以更完整、更誠實的姿態回到大家面前
謝謝你們從2017陪伴老王樂隊到現在
同時也很榮幸能用音樂陪伴大家
真心期待我們的下一次重逢
祝大家新年快樂",2026-01-01 20:17,這裡是老王樂隊五人的留言板,悲傷
cpj1010,𝓢𝓽𝓮𝓹𝓱𝓪𝓷𝓲𝓮 𝓒𝓱𝓮𝓷,"然後突然又釋出
我還想說我的呼喊老太爺聽到了🥹
結果我選到門票
選不到10元
只能看著門票在我的購物車裡消失
真悲傷",2026-01-08 12:17,🩵,悲傷
cpj1010,𝓢𝓽𝓮𝓹𝓱𝓪𝓷𝓲𝓮 𝓒𝓱𝓮𝓷,"我想看Ateez 1/24演唱會🥲
可是我沒有買到票
好想看好想看好想看好想看
好來脆上叫叫叫🫠",2026-01-05 19:21,🩵,悲傷
cpj1010,𝓢𝓽𝓮𝓹𝓱𝓪𝓷𝓲𝓮 𝓒𝓱𝓮𝓷,"拍完覺得有點可愛
留在這裡好了",2026-01-04 23:52,🩵,悲傷
betrayal.healing,betrayal.healing,"被出軌後我們遭遇的背叛創傷(Betrayal Trauma)可分為三個層面：
1. 依戀傷害：被最信任的人破壞了在關係中的信任和安全感。感覺不被愛，也無法再依賴對方
2. 性傷害：性承諾被破壞，我們會害怕性、對親密接觸有負面情緒連結、提不起性慾、對性覺得羞耻
3. 精神傷害：被操縱、被欺騙後造成情緒失調。我們懷疑現實、直覺、判斷、記憶等
我們的身體長期停留在受威脅及危險的焦慮狀態，每天像坐過山車一樣的情緒波動，注意力無法集中，記憶力受影響，靈魂出竅，影響身體，例如：高血壓、失眠、脫髮、暴食、胃口不振等症狀。
我們對人性和關係的信任和認知破滅，我們連自己都不認識了，從開朗樂觀變得沉默憂鬱，最熟識的另一半變成像陌生人，也會懷疑及不信任其他人。我們對未來失去希望，覺得人生失去意義。",2024-11-20 11:44,"治癒背叛創傷的旅程
Journey of healing betrayal trauma",悲傷
junie_0403,Junie (菜）,"昨天只覺得悶悶的，很不真實
今天悲傷的感覺才真正在心裡完全的漫開
為什麼祝你生日快樂的時候不多打幾句話
為什麼我那麼不愛回訊息
那個知道我固定會在小教室練舞
拖完地會幫我放電風扇先把地板吹乾
然後滔滔不絕的炫耀他有多貼心的王定遠
希望你是不痛的，安穩的離開
大家都非常捨不得你
但都希望你好好休息快快樂樂
在天上繼續當個樂天燦爛的Locker🔒",2026-01-04 14:15,Junie菜✨,悲傷
junie_0403,Junie (菜）,"2026本來要來好好許自己的願
但現在我希望身邊的所有人
都要給我好好的平平安安健健康康🥲
凡事都要小心騎車真的要怕死一點不要靠勢
我們要一起長命百歲好嗎",2026-01-03 18:03,Junie菜✨,悲傷
ru30wang,王韻茹Jocelyn,"日出依舊無望
但看到Golden 就已經達成目標😍
（已列為以後去阿里山的主要目標）
很巨很像獅子王的Golden
而且毛非～～～常柔軟（手感100分）
請一直健康開心沒煩惱吧🤍",2026-01-02 09:59,政大法律⚖️,無望
ru30wang,王韻茹Jocelyn,"2025的最後一天
努力的在學院精實上完早八晚六🥲
四個月快樂💪🏻🧑🏻‍⚖️",2025-12-31 20:32,政大法律⚖️,無望
cesario.asuka,Cesario Asuka,"兄弟已經搵唔到你人幾十個鐘啦，唯有去左一個最近你唔見左既地方，睇下有無機會好似Cos Event 咁係人海中比你叫住自己，只可惜甚麼都沒有發生。遠遠望住你出事既地方，概震撼又震驚，無諗過係一個咁發達同文明既地方仲會發生啲咁既意外，生死也好，我實在想像唔到你到底當中經歷左幾多既苦難，一諗到我心入極度難過。
我差你既野飲等搵返你既時候我再去買畀你，我黎擺低啲花比你當住先。",2025-11-30 02:11,"Hong Kong photography
📸 香港攝影師⛴ 郵輪旅遊達人
🙇‍♂️ For Collab 商業合作➡️inbox 
🌐 Facebook Page:Cruising Bird
CAD Drone Pilot - Advan Rating
🛩📸 Inspire 2 X5S  📸 S5",無望
cesario.asuka,Cesario Asuka,痴線，燒到咁樣，好恐怖🥲🥲🥲已經想像唔到當時走唔到啲人係幾咁絕望🥲🥲🥲,2025-11-29 20:43,"Hong Kong photography
📸 香港攝影師⛴ 郵輪旅遊達人
🙇‍♂️ For Collab 商業合作➡️inbox 
🌐 Facebook Page:Cruising Bird
CAD Drone Pilot - Advan Rating
🛩📸 Inspire 2 X5S  📸 S5",無望
cesario.asuka,Cesario Asuka,"當香港人
低能",2025-11-28 16:33,"Hong Kong photography
📸 香港攝影師⛴ 郵輪旅遊達人
🙇‍♂️ For Collab 商業合作➡️inbox 
🌐 Facebook Page:Cruising Bird
CAD Drone Pilot - Advan Rating
🛩📸 Inspire 2 X5S  📸 S5",無望
s780722,君,"2026/1/4 I LOVE YOU 無望
昨天西下區五迷濃度算高！
特別這首大家唱的特別大聲？
而且很久沒有坐到看台區是一開場就一直站著嗨的～",2026-01-05 12:45,,無望
s780722,君,"2026/1/4 任性
雖然就是安全網在那裡，我還是很滿足了🩷",2026-01-05 02:37,,無望
s780722,君,"謝謝總裁巡田水繞了一大圈
最後那個笑容🩷",2026-01-05 01:52,,無望
minnn__1116,Min Jhu,"老實說，今年台北跨年卡司真的有認真在排!
本人老骨頭已躺沙發倒數好幾年，早就不跟人擠了🤣 
但看到 KARA 合體台北跨年，身為老粉真的沒辦法裝冷靜！
Kamilia都傷心的經歷了成員更替、空白期
甚至以為她們早就不會回來… 
直到2022年出道15週年回歸的WHEN I MOVE
回憶殺整個回來，KARA沒有散，只要對的時機就會重新合體！
這次台北跨年合體
誰懂那種「以為此生無望，結果突然實現」的感覺
12/31，就算只為了這一刻，也值得出門支持一下了 ❤️ ❤️",2025-12-26 23:11,試圖把平凡生活過的有趣一點,無望
minnn__1116,Min Jhu,"來找合作人選～
-
合作需求：
1.1/5-1/25 前往門市喝飲料＋拍照
2.地點：台北（台北人佳）
3.規格：IG 限時動態或圖文
4.粉絲數要5000以上
5.互惠
6.希望版面照片是比較生活的，拍照也好看～（不要美食部落客><）
7.男女都可以～
-
有興趣可以底下留言或私訊我～",2025-12-26 19:12,試圖把平凡生活過的有趣一點,無望
minnn__1116,Min Jhu,酪梨凍超少🥲,2025-12-17 13:57,試圖把平凡生活過的有趣一點,無望
jas_twww,Jasmine,"以為自己上了一趟心靈成長課✨
以後情緒低落的時候 都要來上課了🤣
#8個月網球紀錄",2025-12-16 21:38,🎾 🏃🏼‍♀️🧘🏼‍♀️,情緒低落
jas_twww,Jasmine,"室內球場迴音是大大療癒啊啊啊✨
#8個月網球紀錄",2025-12-14 10:51,🎾 🏃🏼‍♀️🧘🏼‍♀️,情緒低落
hellow._.world._,zxc,"怎麼辦，第一次遇到這種狀況
情緒低落到連起床的意願都沒有了
好不容易撐起來 卻不知道要做什麼
打開電腦也不知道能幹嘛
現在又躺回床上
一點動力都沒有
感覺餓又感覺不餓
頭暈頭痛
打開手機也不知道要滑什麼
怎麼辦",2026-01-01 11:27,,情緒低落
h.annuus926,胡金魁,"當一個男生真的很珍惜一個女生時
那不是一種高調的佔有
而是一種安靜卻持久的靠近
他看她的時候
目光不會四處遊走
不是因為世界不再精彩
而是因為她站在那裡
世界就已經完整了
他會記得她說過的話
不是因為記性特別好
而是因為那些話在他心裡有重量
她隨口提過的喜好
不經意流露的脆弱
甚至她自己都忘了的小情緒
他卻一一收藏
像保存一段又一段只屬於他們的時光
他會記得她的月事
不是因為貼心表現
而是因為他真的在乎她的身體與感受
知道什麼時候該多一點溫柔
什麼時候該把情緒放低、聲音放輕
在她不舒服的日子裡
他會默默替她把世界調慢一點
當她情緒低落時
他不急著給答案
也不急著教她怎麼振作
只是陪著、聽著 站在她那一邊
因為他明白
被理解有時比被解決更重要
真正的珍惜
不是轟轟烈烈的承諾
而是把她的情緒放進自己的生活裡
在每一個選擇之前
都會下意識地想一想
這樣會不會讓她受傷
那是一種把對方當成未來一部分的本能
不是說得出口的浪漫
而是藏在日常裡的溫柔與分寸
如果一個男生真的很珍惜一個女生
他不一定完美
但他一定會讓她感覺到
她是被安穩地接住的",2026-01-08 15:05,左鎖骨中線與第五肋間交會處ت,情緒低落
yi.cheng_95,yi.cheng_95,"溪湖醮典結束了
我怕接下來部分溪湖人會有
建醮後遺症
指的是參加完高潮迭起的活動後後，因腦內多巴胺、內啡肽等快樂激素驟減，導致情緒低落、空虛、失落，甚至感覺生活乏味、無力感，類似失戀的感受，通常透過與同好分享、記錄情緒、轉移注意力、安排未來活動或尋求專業協助等方式可緩解……",2026-01-04 23:11,𝕪𝕚 𝕔𝕙𝕖𝕟𝕘,情緒低落
yi.cheng_95,yi.cheng_95,"現在脆上滑到什麼
醮壇、神豬、演唱會、911、外國道士、24年一次、香腸豬、米龍、搶孤、蛋黃酥做的龍、高麗菜塔
，一定都是
溪湖的
。",2026-01-04 00:00,𝕪𝕚 𝕔𝕙𝕖𝕟𝕘,情緒低落
feiyue923,緋月Feiyue,有時候我在想，女友不開心或心情不好情緒低落，男友就放任她自己一個人靜靜，女生真的就可以冷靜下來嗎？真的會恢復正常嗎？真的會好嗎？,2025-11-04 21:32,"我叫緋月，雖然也可以叫我紅夜、夜貓或者其它有關紅的暱稱
現在目前16準備17剛升高二，女性
興趣：插畫、對戲、刷存在（？）
（不要文愛，本人對膩了，很麻木）
我不是猴子屁孩 : /我只是喜歡來吃瓜湊熱鬧的人
他是我的奴才uu@zer0tamp",情緒低落
aetherisintegratedhealth,Aetheris Integrated Health,"最近真係多咗好多人嚟打 維他命 D3 針 💉
咁同平時食嘅維他命丸有咩分別？
🩺 Naturopath 角度講返少少重點：
💊 口服維他命 D（丸 / 滴劑）
・要經腸胃吸收
・如果腸胃吸收差、壓力大、長期攰
　👉 吸收率可能唔理想
・適合日常保養、長期補充
💉 維他命 D3 注射
・直接入肌肉／血液
・唔經腸胃，吸收率更高、更穩定
・對於
　✔️ 長期缺乏
　✔️ 少曬太陽
　✔️ 成日攰、免疫力弱
　✔️ 冬天情緒低落
　👉 效果會比較明顯
🌧️ 尤其喺溫哥華，一年入面真係唔多太陽☁️
好多客人一驗血先發現，原來自己 D3 長期偏低
📌 當然，唔係個個都一定要打針，Naturopath 會按 👉 血液報告👉 生活習慣👉 身體狀況
幫你揀最適合你嘅補充",2026-01-08 10:22,"🌿 溫哥華 AetherisHealth 
💆🏻 按摩｜心理咨詢｜自然療法｜針灸｜營養師
🉑 保險 · 靠近溫西Oakridge站
📍 809 West 41st Avenue #140",情緒低落
aetherisintegratedhealth,Aetheris Integrated Health,有冇threads友都係溫哥華創業緊💆🏻✋🏻,2026-01-07 12:40,"🌿 溫哥華 AetherisHealth 
💆🏻 按摩｜心理咨詢｜自然療法｜針灸｜營養師
🉑 保險 · 靠近溫西Oakridge站
📍 809 West 41st Avenue #140",情緒低落
aetherisintegratedhealth,Aetheris Integrated Health,歡迎Kitty🎉🥳加入Aetheris💆🏻 Kitty 係我哋嘅 女按摩治療師（RMT），細心、有耐性，好注重客人嘅感受同治療效果。好開心你加入我哋嘅團隊，一齊為溫哥華嘅大家照顧身體、放鬆肌肉、提升生活質素 💆‍♀️✨,2026-01-05 06:16,"🌿 溫哥華 AetherisHealth 
💆🏻 按摩｜心理咨詢｜自然療法｜針灸｜營養師
🉑 保險 · 靠近溫西Oakridge站
📍 809 West 41st Avenue #140",情緒低落
chang.yuhsuan,Yu-hsuan Chang,"看網路文章都說產後情緒低落 
大概都在產後兩週後會好轉
啊我現在第三周了還是莫名其妙就爆哭…
這算是低落還是憂鬱搞不清楚🥲",2026-01-05 13:31,"🅰🅵🅽🅱 
📌장유헌
木頭男友🧑‍✈️
🅈🅄🄷🅂🅄🄰🄽❤️🄾🅆🄴🄸",情緒低落
nightrain_0905,夜雨小寶貝,"邊剪邊情緒低落🫠真的不要發刀給我 我會狂哭猛哭然後又要躺板板🫠
原諒我的狗啃畫質 我努力了😭
@shellylin0225
@shellylin0225
❤️",2026-01-08 12:02,"夜雨小寶貝
這邊會放很多奇奇怪怪的文章
老婆/男友/8個CoD老公（？
脆不接拍攝廣告-＞請聯繫ig",情緒低落
jamu_ue,jamu_ue,生出我的九宮格了,2025-11-12 20:44,"#08
亂發
但都是有關CORTIS
發給自己開心的",情緒低落
borischien,Chien Boris,"曹大哥，一路好走。
在曼谷看到你離開的消息，很難過，也再次感嘆人生無常。
二十多年前，我也是在曼谷的一間餐廳認識你和阿凱。
那一年我才19歲，剛開始創業做網拍，一個人來曼谷 
賣古著 日本、曼谷兩邊跑。
你們看到我年紀小，一個人扛著一大堆貨，為了創業四處奔波，
不但幫我扛貨，還請我吃飯。
對我就像自己人一樣，兩個人常常互相罵來罵去，很好笑，
完全沒有明星、前輩的架子。
那是我們之間的默契，也是我一直記在心裡的溫暖。
謝謝你們當年的照顧。
後來回到台灣，我開了實體店面，你們也常來店裡走走、捧場，
偶爾聯絡、互相關心，默默串起這二十多年的緣分。
現在你走了，去天上和阿凱相聚了。
謝謝你曾經的善意與溫暖。
曹大哥 一路好走， @@
沒有拖病，瀟灑地離開，跟你的個性一樣。",2025-12-30 11:13,🌍 work hard play hard的天蠍座♏️ Travel around the world✈️,難過
borischien,Chien Boris,"完整影片 ➡️
facebook.com/share…",2025-12-27 15:14,🌍 work hard play hard的天蠍座♏️ Travel around the world✈️,難過
yong225117,新❤️,"找女友：
當我女朋友的好處會秒回（除非在忙或上課睡覺💤
專一❤️
不會隨便說分手
會偏愛你
每天跟你說晚安💤
傷心我會安慰妳
不會敷衍你
You~
國一或國二
長頭髮
不會隨便說分手
專一❤️
每天會跟我說晚安
主動聊天💬
難過的時候要安慰我
不要敷衍
不已讀不回
以上超認真",2026-01-05 23:16,,難過
kixnacx,kixnacx,有毒的關係就是 分手很難過 但可以明顯感覺到那個窒息的感覺消失了,2025-08-24 05:10,爱是下意识的惦记,難過
eeo22_3,eeo22_3,"大家會介意自己送的禮盒被轉送這件事嗎？
因為知道朋友很喜歡HelloKitty
特別跑了很多間小七就為了找右下這個禮盒送她
沒想到今天在另一個共同朋友的限動看到他發這個禮盒還剛好是標我朋友
雖然不排除是她自己再買一個
但我總覺得她是拿我送她的禮盒轉送
以我們的交情覺得滿難過的
大家會去講開？問清楚？還是就裝沒事？",2026-01-08 17:30,,難過
eeo22_3,eeo22_3,有時候說想當美女，其實不是一定要多驚豔、被多少人稱讚，只是希望照鏡子的時候，能對自己多一點喜歡，出門不用急著低頭，拍照不用刪掉一半,2025-12-30 13:00,,難過
eeo22_3,eeo22_3,有自律的人最值得佩服,2025-12-30 11:30,,難過
didi_111112,DiDi,"18歲聽這歌，聽到的是“我知道你很難過”
28歲聽這歌，聽到的是“感情的付出不是真心就會有結果”
38歲聽這歌，聽到的是“沒有一個人非要另一個人，才能過一生”
#蔡依林 #我知道你很難過",2026-01-03 01:47,"STP❤️
紀錄追小白球的熱血過程！",難過
tsubasa19921218,杜甯 Tsubasa,"真的哭 金唱片 我同時用手機平板電腦
為什麼因為我明明就有刷到2張或一張的票進去之後也順利讓我填資料 填完正開心結果顯示售完什麼鬼 氣哭 不能去看stray kids 真的難過",2026-01-08 08:20,"Entp 人格 
B型
射手",難過
tsubasa19921218,杜甯 Tsubasa,"冬天來臨的時候我家
有事沒事就是全酒麻油肉湯不然就是燒酒肉湯
好喝啊🫶🏻",2026-01-07 11:14,"Entp 人格 
B型
射手",難過
joanna6020kao,阿美娜娜,"最狠的星座-巨蟹座
巨蟹座是唯一一個連抑鬱都能自愈的星座，因為巨蟹骨子裡自虐並且自毀性的成長者，導致巨蟹在面對痛苦時格外冷靜，他們不會將拯救自己的希望寄託在別人身上，不相信有人會包容自己的負面情緒，總是將最壞的結果全部考慮到，把所有痛苦打碎重建，那些難過陰暗的情緒都會被狠好的抵消掉，一次次將自己從痛苦的沼澤里狠狠拽出。巨蟹座會千千萬萬次拯救自。",2025-12-25 23:52,"這裡聊聊巨蟹 
本人巨蟹上升處女月亮牡羊
偶爾說說這兩個星座",抑鬱
kelleylam,Kelley Lam,"請投票支持 
43號 Ian Hannz
►
kingmaker.viu.tv/vote
今晚係比賽最後一個回合喇，
大家可以投Ian寶貴嘅一票嗎？
小兒子一直都非常盡力用心去學習、
好努力去追求自己嘅夢想，佢自細
都好似係肩負使命咁事事都要
以最佳狀態去完成所有人生任務。
記得Ian 3歲時在幼稚園就好比心機
去演好一個大西瓜，6歲又好勤力去
練舞做好一個小小Michael Jackson，
讀書每年都入到精英班，考試更獲得
全奬學金進入大學修讀電影演技。
但仍然堅持於課餘時間練好舞蹈、作曲、
唱歌以及學習結他、鋼琴、色士風、
打鼓等各種樂器……
疫情期間，￼佢仲花時間約同朋友
自編自導自演去拍攝一套影片去
幫助感到有壓力同抑鬱嘅年青人。
我絕對為到有一位如此善良有愛的
兒子而感到自豪！
今次治途比賽期間甚至剛剛嘅記者會，
見到佢都係好認真花盡花思
去設計及做好每一個表演細節，
又重視及關顧每一位對手嘅狀況同心情，
佢絕對係一個非常負責任嘅參賽者。
眼見兒子咁努力，做媽媽嘅又點可以
唔盡力支持呢？
大家可以喺今晚之前給這個事事盡心
嘅努力孩子一票嗎？",2026-01-04 09:40,"Founder of Funky Dance
40yrs Dance Teaching Experience
The First Chief Education Officer of Fitness Dance in Asia
Model & Dancer trainer",抑鬱
jailbreak_butterfly,🦋JailBreak Butterfly🦋,"原來人生最好玩嘅玩法
就係唔撚玩香港社會套劇本
/
有時我揀hard mode: 
公屋妹狂操英文後上linkedin 瘋狂自薦博外國工作機會 
成功獨自移去澳洲日本歐洲 
然後唔滿意又回流又抑鬱又由零開始
/
有時我揀easy mode: 
全面線上工作+旅居低成本生活 
冇天台無邊泳池的住宅我唔住 
冇美食 的士自由的地方我唔去 
要坐扮公室監獄的工作我唔做
冇國際肌肉猛男的沙灘我唔去
/
呢鋪game 點玩由我自己揀
唔駛再演 華人社會寫好的角色 
我本身就係編劇",2025-08-17 10:39,"🦋香港電子Free Soul · 逃獄旅居中🦋
🖤叛逆古靈精怪 每日9點做早Troll🖤",抑鬱
jingwunchou,Jing Wun Chou,"剛剛看到有人ig分享一段話
產後媽媽一邊崩潰抑鬱、一邊拼命治癒
這角色很幸福、但不快樂
(我的眼淚怎麼不自覺流下來)",2024-10-09 14:55,"#願世界多點善的循環🔄
#A little kindness goes a long way. Let’s keep it going. ✨
#Everything has a purpose if you allow",抑鬱
loveweirdc,LoveWeird,"一月： 失業
二月至七月： 返咗份「極品」工，經歷職場霸凌，抑鬱、辭職
七月： 杭州旅行
八月： 雲南旅行
九月至今努力面試見工，可惜冇心水offer
十二月： 去咗童年響往地方- 奧地利 & 抽到綠置居
今日係好抑鬱嘅一年，有好多不快樂，情緒崩潰到想有人救下自己。諷刺嘅係：當我冇工開、冇接受offer後，等咗幾年都抽唔到居屋，今年居然成功咗！2026，努力搵工搵錢去供樓，努力成為更好的自己！",2025-12-31 21:54,,抑鬱
loveweirdc,LoveWeird,"願望： 快點找到工作/中💰
Amen 🙏🏻",2025-12-25 00:05,,抑鬱
loveweirdc,LoveWeird,都頗有心思☺️,2025-12-22 16:45,,抑鬱
ik.ben.te.vet,💩,"今日同班同學仔picnic，聽到有個爸爸話個朋友讀某名幼成功谷到入神小Spccpc，但小朋友讀咗幾年後已經要食抗抑鬱藥😔 ￼￼我好唔明白呢堆父母嘅心態，小學已經咁，捱到上中學什至DSE咩？
我覺得如果小朋友天性係資質優秀，極度鍾意學習(自主)，吸收能力極高嘅，可以順應能力作合適嘅催谷￼￼。但要明白，唔係每個小朋友都係天資100分，過份提早催谷條路行唔遠。
而家AI已經係神速發展，我相信將來需要嘅人係要比現在更識得靈活變通￼￼，更有韌力，要有不停追求新知識嘅心先可以生存。
￼我小學同學當年考尾幾名個個，係成班入面揾最多，開餐廳開農場。讀書頭幾名嘅，就做公務員、教書。讀書生涯好似跑馬拉松，一開波用晒力跑，￼你要肯定到衝線嗰刻都咁有力先好。",2026-01-04 22:50,,抑鬱
joyce_tch,𝐉𝐨𝐲 🌼,"12月去咗人生第一次一個女仔獨旅solo trip
揀咗個我冇去過，但有好多其他人都去過嘅地方：▶️釜山Busan，總共用咗12日
好多人都會同我講好嘥假，點解12日唔去個遠啲嘅地方，點解係去釜山？釜山有咁多嘢玩咩？
但係我覺得旅行唔係只係為咗玩，景點式去打卡，而係休息，畀自己嘅身心靈好好休息、放鬆
未出發時我正處於覺得就嚟畀抑鬱嘅心情吞噬，荷爾蒙失調，我好想去一個會令我舒服、舒適圈、又探索到見識呢個世界嘅地方🌟
我去咗海雲台住，每日基本上都睇到海，去咗海邊跑步、去咗海邊cafe坐坐、睇書、畫畫、Christmas market、睇戲、去圖書館、city walk 散步、食好西、搭小型巴士我都覺得好自在，有種dobby is free嘅感覺
冇朋友一齊感到所有事物興奮，間唔中會覺得美中不足，不過我花咗好多時間同自己相處、傾偈
雖然而家並無完全覺得咩事都冇，但至少我會唔開心嘅時候 記起釜山嘅恬靜、與世無爭隔絕、isolate 自己嘅感覺
去完真心覺得一個女仔獨旅都可以好開心、好安全！😎this is the人生to do list lol",2026-01-06 01:04,呵呵呵～～我要食布甸 ～～🍮,抑鬱
moonmoontotalk,moonmoontotalk,"我⋯痛到透唔到氣
好想有人可以聽下我講野
好想有一個被明白的擁抱
抑鬱把我吞噬
但最恐怖不是個班
是一d所謂既親人同人類",2025-12-02 11:20,喜歡分享發寫作畫畫的女人,抑鬱
moonmoontotalk,moonmoontotalk,一講到錢，所謂的至親都無用😔,2025-12-01 22:10,喜歡分享發寫作畫畫的女人,抑鬱
moonmoontotalk,moonmoontotalk,"做網上輔導的時候遇到個女生
佢同我講兩日後（即係今日）係佢結婚既大日子
好多人問佢會唔會改期
佢唔住話邊有咁容易
跟住好焦慮咁擔心咗樣會唔會比人公審？會唔會比人鬧？係咪唔可以笑？可唔可以影相？可唔可以在自己IG POST 相記錄🗒️等⋯⋯
我同佢講你值得被愛值得去擁抱自己既幸福值得係個表露出你幸福的笑容😊你是值得被祝福，鼓勵佢不要將罪名背在今天結婚上，比佢照顧返自己感受，睇返自己所跟丈夫的努力同期待，同佢做左放鬆及自我肯定練習，希望幫到佢
我知道明白這災難我們每個人也很傷痛，受影響的居民家屬前線人員很辛苦很艱難，我認同我地有咩出咩？但希望鼓勵大家也讓自己能照顧好自己及家庭既狀況，讓自己休息讓自己放鬆，容讓自己跟別人可以做返自己，處理日常生活。無論結婚生仔等現在有著幸福的事發生，發生在今天不是錯，你們是可以感到幸福的！",2025-11-29 13:35,喜歡分享發寫作畫畫的女人,抑鬱
yayar_art,Yam Sike,"《香港敗史研究（19）香港文脈之衰：蘋果之死》
追尋返黃霑處男之作，僅僅是12歲，寫大海頌，由寧靜和活力去寫海的可愛，文風保留着一點作文傳統之外，已獨見清通，全無矯作，最後高呼""我愛大海""，非常黃霑本色，但又微妙地好似連結着一點大陸文風
睇返四大才子，黃霑蔡瀾倪匡都不是香港人， 但不約而同文風都趨向於淺，白，直，爽，全力鑄成港風港味，包括金庸，也是力免繁複，隱隱創造了一種全新的港式白話文
最有趣係，巴金的懺悔文學《說真話》就是在香港出版，這不得不說是medium is the message的巔峰詮釋：香港作為一個說真話的地方和符號一度是這麼的舉世公認 ----後來蘋果日報的不求高深，只求傳真，也在這種文脈之中
只是後來，一手追殺蘋果日報的，則是土生土長的梁振英，現在你們明白thomas mann為什麼稱呼希特拉為兄弟了嗎？香港人的魔鬼，從來都是香港人！",2025-12-21 14:48,,抑鬱
toxictotheendd,toxictotheendd,"覺得自己有抑鬱同焦慮症
最近好似開始頂唔住啦
睡覺睡得唔好 又會突然好緊張
連放假都諗住公司人事 放鬆唔到咁
好知道自己狀況應該要睇醫生
但係又拖下拖下咁
好似未接受到要睇精神科 雖然覺得自己有需要
想問下普通科醫生係咪都可以開藥嫁
同想問下大家覺得自己有情緒病既時候係點處理🙏🏻",2025-07-27 07:39,想搵個空間放負☁️,抑鬱
just_a_story_202386,只係一個故事,自從我重心由搵仔變返搵錢之後，成個人都積極返，唔再好抑鬱。男人都係累事，阻鳩住哂我個人成長同發達,2025-02-22 11:23,"如果想了解更多，仔細睇就可以
有時真係唔記得提自己，要記得愛自己
過得好唔好，皆出於自己責任
對抗焦慮與抑鬱就係去行動
幾時可以做廢中？人生最大目標
最撚憎啲人淨係識喺人地度講啲無謂留言
浪費我時間睇，死撚開啦戇鳩，屌都嫌費事",抑鬱
on9.bbbbbbb,on9.bbbbbbb,"世紀渣男！呃我話同我結婚話想生小朋友💔💔
知我有咗之後就經常唔覆我，態度好衰！仲可以經常消失！￼電話仲block 咗我￼🫠🫠
0關心 0零付出￼￼￼￼￼￼ 0陪伴
我有咗之後，仲逼我吸二手煙￼！￼肚痛咗幾日完全係冇關心！
我自己感冒 喉嚨痛唔舒服， 都唔夠膽￼食藥，擔心會影響個BB ～上網自己做功課，睇吓有咩係禁忌唔可以食！結果你叫我飲涼茶🤦🏻‍♀️涼茶寒底好大影響！呢啲唔係常識咩￼？好似西瓜咁！￼￼￼￼￼￼
把口就話想要小朋友，但係態度決定一切！態度就係答案！
好多嘢都瞞住我～經常唔理我！￼係我愛錯咗人！呢段感情入邊我真係好卑微￼￼￼😭😢我都好憎咁樣嘅自己！￼
我開始覺得自己有少少產前抑鬱￼￼￼😭😭不停好想喊⋯⋯但係冇人陪我⋯⋯",2025-06-18 21:41,把口就話愛我，但係做咗100個唔愛我嘅細節！,抑鬱
on9.bbbbbbb,on9.bbbbbbb,初初追我嗰陣時所有訊息都係秒覆￼，￼而家睇返真係信咗男人嗰副鬼話￼！未一齊嗰陣時已經同佢啲friend講我係佢女朋友！等我應承咗同佢一齊，又好似做到好好咁，IG公開晒！wallpaper又係我嘅相，佢家族群又post左我嘅相￼￼￼￼。佢話知我冇安全感特登做俾我，不過後來慢慢我發現好多嘢都唔同咗。做嘅嘢都好奇怪、好似平時我夜收工，佢都唔會話來接我打個電話俾我￼￼￼￼！之後耐唔耐就消失半日有時成日，之後覆返我就話唔舒服。同埋我都知道佢有時會單獨同女仔出去食飯 唔知做咩佢話係見客！￼￼￼再加上佢仲爭我錢就話一直過唔到數￼，但係之前我見佢銀包係有現金，都寧願去玩都唔俾返我￼。佢琴晚同個ex出去食飯已經消失咗成晚￼去到今朝我WhatsApp佢（你又話會打電話比我，結果消失咗成晚）佢已經係已讀不回￼，我覺得咁嘅態度真係好仆街囉！其實有咩嘢大家出嚟講清楚。,2025-06-18 13:02,把口就話愛我，但係做咗100個唔愛我嘅細節！,抑鬱
30days30cafes,"30 Days, 30 Cafés","四月份給自己的side project就是每天去芝加哥不同的咖啡廳
以下是我這30天去的咖啡廳，簡單分成三類(personal thoughts)，分享給各位在芝加哥的朋友
目前弄成一份dataset😆from cafe attributes to personal thoughts
再用Tableau弄成dashboard
現在正在努力mapping external dataset想知道有沒有其他可以buildup的地方(?!)
在煩悶的季節有想做的事忽然覺得人生充滿希望😂",2025-05-01 06:35,"@gnahchy📍Chicago, IL
👩🏻‍💻A project to find balance in the midst of a hectic season.",煩悶
spicyman109,麻辣哥無油低卡,"本週1/10-1/11 雄店來囉來囉！ 
大船～大船～貨色載滿滿 今日順風駛入港 一切的煩悶 所有的苦痛 一時變成心輕鬆 來來來～緊來迎接～ 雄店大船的入港！ 　 
這禮拜駁二大義倉庫的港邊 彷彿又響起二姐江蕙的歌聲 　 
雄店商展的大船 滿載著街頭美食、原創手作、風格選品、古著舊物、表演藝術 即將一起入港帶給大家一個愜意又滿足的週末午後啦！ 　 
活動日期｜2026/1/10 - 1/11 
活動時間｜14：00 - 21：00 
活動地點｜駁二藝術特區大義倉庫廊道區/大義公園前紅磚道
#駁二藝術特區 #駁二 #高雄駁二 #高雄旅遊 #高雄市集 高雄美食 文創市集 商展 美食餐車 kaohsiung  kaohsiungfood",2026-01-08 12:20,"麻辣哥無油低卡源自1997年台南莊記麻辣火鍋,由父母親建立的品牌,經營近30年,第二代接手後,進而創改良湯頭符合現代人訴求的健康概念為主的無油藥膳湯頭,深受許多老饕們的喜愛",煩悶
spicyman109,麻辣哥無油低卡,"2026新的一年開始
祝福大家都有新的開始
這一年都順心順水
2026/01目前行程表公佈
如有增加會再公告讓大家知道喔！",2026-01-07 19:23,"麻辣哥無油低卡源自1997年台南莊記麻辣火鍋,由父母親建立的品牌,經營近30年,第二代接手後,進而創改良湯頭符合現代人訴求的健康概念為主的無油藥膳湯頭,深受許多老饕們的喜愛",煩悶
spicyman109,麻辣哥無油低卡,"終於終於
麻辣哥首秀跨年就在高雄夢時代
2026高雄跨年晚會倒數開始
第一次參與跨年的活動市集
緊張又刺激
此次平常心面對，賺取經驗值為主
歡迎大家一起來高雄夢時代
揮別2025過去、迎接2026到來
12/31（三）15：00~25：00
［麻辣哥在中山路與南一路這個區段，面對舞台方向的左手邊喔！］
走過路過不要錯過囉！
麻辣哥期待與大家一起迎接新的一年
我們高雄夢時代跨年晚會見",2025-12-30 11:37,"麻辣哥無油低卡源自1997年台南莊記麻辣火鍋,由父母親建立的品牌,經營近30年,第二代接手後,進而創改良湯頭符合現代人訴求的健康概念為主的無油藥膳湯頭,深受許多老饕們的喜愛",煩悶
88888888mua,張真真,"有脆友投票說
「雲林是全台最無聊的地方第一名」
我以前也許會點頭，
但現在，我只會微笑。
我是台中人，曾經在台北做造型師，
幫過藝人梳化，趕通告、搶車位、忙到天黑才想起自己還沒吃飯。
台北很美，但節奏快到讓人喘不過氣。
生活，好像永遠在追趕下一個行程。
直到兩年前，我嫁到了雲林西螺。
老公總笑說這裡的名產是「空氣中的農藥」，但我偏偏就愛上了這裡的「土味」。
愛上早起遇見的阿嬤，熱情又多話，
愛上市場裡古早味的小麵攤，獨一無二的麻醬麵、滷味入味…
愛上左右鄰居公婆朋友拿來的無農藥蔬菜
愛上冬天裡西螺大橋的風，吹走煩悶、吹來清醒…還有那間藏在山上的泡腳咖啡館，讓人一坐就是一整晚。
雲林沒有大百貨、沒有捷運，
但有的是 「不用急著長大的生活」。
放慢腳步，我開始會欣賞天色、會聽鳥叫，也會感謝每一口樸實的飯菜。
也許有人會說這裡無聊，
但「無聊」不就是生活裡最奢侈的自由嗎？
在雲林，我不再被生活追著跑，
而是一步步，跟它一起走。
謝謝雲林，讓我學會「好好生活」。
也謝謝自己，願意慢下來，去感受那份簡單卻深刻的幸福。
#雲林西螺 #嫁來鄉下的日子 #慢活生活 #雲林人其實很會過日子",2025-06-23 21:28,"糊凃小夫妻
舌尖上的智慧
肚子裡的享受
半退役造型師",煩悶
knitting.with.kabu,Kabu卡布,"就在我被義式彈性起針法搞得暈頭轉向的時候
我的帳號默默破100追蹤了🥹
我甚至連100這個數字都沒有截到圖哈哈
那今天就來打一篇自我介紹好了～
大家好！
我是卡布✨
我從小就很喜歡手作
2023年8月時
我偶然在網路上看到鉤針的影片
很想試試看
就買了幾支鉤針跟幾團文具店毛線
開始自學編織
一開始做了很多小物
杯墊、包包、娃娃等都有嘗試過
但我漸漸發現自己更喜歡做能穿出去的作品
便開始嘗試衣物類
也在2024年8月學會棒針
目前織的作品只有幾件
不是老手也不能算是完全的新手哈哈
創設這個帳號的目的
除了紀錄自己學習編織的心得跟成長之外
我更希望能結交到喜歡編織的朋友
分享的內容會以棒針為主
偶爾可能會冒出一點鉤針（？
有興趣聽我mur mur的話歡迎來追蹤🤣
最後分享一句我很喜歡的話：
「人類大概不找東西沉醉就活不下去吧」——肯尼·阿卡曼
（偷偷推薦進擊的巨人🤣）
對我來說編織就是一件讓我沉醉的事情
編織作品不僅能夠展現個人風格
更能將許多難以用言語表達的情感傳遞出去
讓我在煩悶的日常生活中獲得不少快樂
相信對大家來說也是這樣🥺
謝謝這陣子關注我的織友們
祝大家編織愉快🧶",2026-01-03 14:50,"紀錄一切編織獲得的成長與快樂
希望能交到編織好朋朋🌸",煩悶
kacha0973,Kacha,"好討厭這種糾結的內耗⋯⋯
煩悶到肋骨痛！！
是新的症狀嗎？",2026-01-06 22:21,"臺灣人🇹🇼🇹🇼🇹🇼
藝術是一種行為 ，在生活中隨處可見。",煩悶
kacha0973,Kacha,"死滅迴游⋯⋯
當你的人生多次在絕望中擺盪，
你就會理解為什麼那麼多轉生動畫
會受歡迎。
即便知道ㄧ切只是編劇說故事的手段，￼
但那種死不了☠️👻👽
又活不下去的感覺真的很糟糕！",2026-01-03 11:08,"臺灣人🇹🇼🇹🇼🇹🇼
藝術是一種行為 ，在生活中隨處可見。",煩悶
jingfuxie,謝景富,難得準時下班，剛好遇到彩虹，煩悶的心情，也能轉換一下,2024-08-14 22:40,,煩悶
edogawa.ranpo1021,江戶川 亂步,"坐在辦公桌前，手拿著一封信——那是一個常常來找名偵探的委託人寄的信。
聽谷崎說那封信是跟著一個箱子放在一起的。
不用特別拆封那個箱子，一看外箱的磨損角度，就能知道裡面裝的是彈珠汽水。
委託人提到因為要離開日本，所以長時間不能再來偵探社了，謝謝偵探社這期間的照料。
看著那箱彈珠汽水，品牌是我很喜歡喝的那家。
哼，離開就離開，還特地寫封信做什麼？
默默將信件塞進櫃子裡面收好，稍微壓低了帽沿。
心情有些煩悶，但又隱約知道為什麼。
——自己最不喜歡這種信了。
這樣說得好像永遠都不回來一樣。
名偵探才沒有感傷。
只是不喜歡這種分離場面而已。
不過，任何表演都有謝幕的時候。
從辦公椅跳下來，自己不喜歡沉浸在煩悶的情緒太久。
拆開箱子之後，從裡面拿出了一瓶彈珠汽水——
蘇打口味的，滿好喝。
至少，這個委託人挑選口味的眼光還可以。",2026-01-05 19:21,"「你是笨蛋嗎？用疑問句太失禮了，你就是笨蛋。」
—————
非官方娛樂向角帳
如有OOC請告知
請勿猜測中之身分
🍭/中之符號
-
開放匿名棉花糖、私訊。",煩悶
9o1y__,조이,上班上的好煩悶內⋯⋯⋯⋯好久沒開這裡,2024-01-18 15:43,,煩悶
yu_5_6,姿宇 Katy,"最近跟溫ㄤ在看房
想要開啟房貸人生
還沒這麼容易
不是格局太怪、就是室內太小、再來地點不好…..
（總歸一句怪我們自己錢不到位😀）
心累～～～～
目前看的地點📍新北三峽",2025-12-19 00:05,天天想睡覺,心累
yu_5_6,姿宇 Katy,"這是我第一頂覺得真的很好看的宮廟帽
戴這個帽子有沒有帥 哈哈哈哈哈哈！！！",2025-12-09 01:24,天天想睡覺,心累
yu_5_6,姿宇 Katy,"溫ㄤ今天在青山王音樂祭燈光火力全力輸出⋯⋯！！
終於結束 可以好好睡覺了⋯⋯⋯
第一張是無妄的天堂
我自己覺得這個配色很漂亮哈哈哈！！",2025-12-08 02:42,天天想睡覺,心累
yu_5_6,姿宇 Katy,"跟溫ㄤ來青山王音樂祭工作
還看到廟會 超讚",2025-12-07 18:14,天天想睡覺,心累
x___x.1996,x___x.1996,"職場真的對沒有後援的媽媽很不友善😮‍💨
找工作找到心累 也可能快接近過年比較不好找
高雄哪裡找得到見紅休 可配合小孩上下課時間的🥹
地點目前考慮三民區/左營區/苓雅區/鳳山區
車程不超過15分鐘🥹🙏🏻",2026-01-05 17:45,,心累
lin_09__19,小鴻學長,"如果你跟我一樣
有本業，但也想額外增加收入，
✔ 沒本錢投資
✔創業有風險
✔ 想拼，卻又無法捨棄白天的工作
那你可以來私訊我 IG台中",2025-02-05 11:30,"女性魅力|人際心理| 副業突破
25歲 一套增加收入的商業模式
—
🔧水電工
🎬自媒體教學
🫙溫罐師",心累
s1995_5_7,陳榆宣,"私立幼兒園換老師的頻率？？？
不知道這樣正不正常
但今天決定辦轉學了！
-
兒子今年八月開始就讀南科吉的堡
班上兩位老師
就目前為止知道的就換了六至七個（中班同一班級）
一直與新老師重新認識重新磨合
小孩變得好抗拒上學
園長：還是希望小孩能快點融入適應新老師喔
👩：？？？？？
（平均半個月換一個老師￼是真的體系出問題嗎？小孩沒安全感大人也很心累
換老師的一兩天都會有一些情況發生
還有水壺整天一口都沒喝的帶回超嚇人",2025-12-01 14:17,,心累
jml760____,jml760____,"職場真的對沒有後援的媽媽很不友善😮‍💨
找工作找到心累😭哪裡找得到見紅休 可以配合小孩上下課的工作啦🥺🥺🥺",2026-01-05 13:57,廢文小天地,心累
jml760____,jml760____,"一直以為自己是天選之人 整個孕期 生完到現在都沒有嚴重掉頭髮！結果就在小寶貝要滿四個月的前一週 頭髮掉得離譜 一度以為我快🍟🤣但我第一反應是馬上約洗頭？好好笑 今天洗完頭那個姐姐還一直安慰我說產後落髮很正常 不要焦慮 好好照顧頭髮🥲
所以洗完頭做了養髮攻略 直衝寶雅買產品🤣",2025-12-29 23:26,廢文小天地,心累
jml760____,jml760____,跟我女兒一起睡同一張床 說是陪他 其實是媽媽膽小不敢自己躺🤣可是我每天都跟他搶棉被🥲就連蓋小被被 也無意識的搶…但我女兒都不會哭哭🥹起來看到都覺得好對不起他😆,2025-12-26 04:59,廢文小天地,心累
zz09.86,zz09.86,"想看看台南推薦的彌月禮盒🥹
數量不一定，115/2需要（確定日期會提早告知店家！）
預算：一份300$內佳❗️
求求圖片+價格給我🫠一個個私訊結果超預算、不回覆，真的很心累。",2025-12-31 14:31,"⤷各大遊戲、陸抖鑽石、Line貼圖主題ˎˊ˗
        （⬆️有興趣都可以私訊詢問⬆️）
下單方式簡單明瞭我也都會持續協助٩(^ᗜ^ )و 
₊ ⊹付款方式很多，總會有一個是適合你的₊ ⊹",心累
zz09.86,zz09.86,".ᐟ.ᐟ可以參考看看 ٩(^ᗜ^ )و .ᐟ.ᐟ
其他項目可私訊～
🏦付款方式多元、方便⋆˙⟡
📌如果有興趣可以私訊詢問
✅工作室處理安全有保障
❗️工作室不接急單❌所有訂單皆需等待⌛️
有任何問題都可以在營業時間內詢問專人客服
𝜗𝜚 8591已繳納80萬保證金
𝜗𝜚 政府核准立案 
𝜗𝜚 出資額/資本額89.8萬元新台幣
𝜗𝜚 具有合法營業場所",2025-12-21 00:16,"⤷各大遊戲、陸抖鑽石、Line貼圖主題ˎˊ˗
        （⬆️有興趣都可以私訊詢問⬆️）
下單方式簡單明瞭我也都會持續協助٩(^ᗜ^ )و 
₊ ⊹付款方式很多，總會有一個是適合你的₊ ⊹",心累
hsuanhsuan91,Penny佩尼,"希望這篇飄出去
可以讓我找到1/31可以包棟的民宿！
苗栗/新竹 約10人
或者是有公共空間的民宿房間也可以！
旅遊總策劃人已搜尋到心累
感謝演算法",2026-01-08 11:53,,心累
bbbbwoman,加奶油,"想問，若搬家打包公司將名牌包包紙盒壓壞，有人知道該怎麼求償嗎？
上週找了搬家公司，做精緻打包+包裝服務，費用算中高價位。但在運送過程中，名牌紙盒完全沒有做保護、且疑似直接硬塞在貨車夾縫中，拿到時已經多處毀損。
包包保值和紙盒也有關係，雖然應該不會把包包賣掉，因為對我來說是份特別的禮物(紀念第一次過母親節&買了沒多久女兒就去當天使了)，所以紙盒被壓成這樣真的很心痛，查了網路好像專櫃也都不提供紙盒了...😭
我也不想要賠償金額，我只要求對方要幫我生出一個完整的紙盒，但對方似乎沒辦法達成...
還是有人知道哪邊有管道可以拿到紙盒嗎？不求全新但至少是乾淨、無明顯損壞的。",2025-12-31 10:42,個人的樹洞，有閱讀障礙的北七酸民勿入,心痛
erica2ivory,ι,"身邊人提起同事講返災後現場親眼見嘅畫面
想講其實聽過最心痛嘅
係搵到一個中學妹妹 or 身形較細嘅後生女
（燒到焦黑分唔到）
被發現時係孭住個貓袋 裡面有隻貓仔 同樣燒焦
我想像唔到佢逃生期間 同隻貓講左幾多次
「唔洗驚 我一定會帶埋你一齊離開呢度」
但好抱歉 世界負了你們",2025-12-10 10:30,"· ·
even if you’d not change a bit
i’d still",心痛
yeee.yi,yeee,"又是郵票冊發行的季節
聽見荷包心痛的聲音",2026-01-05 21:31,"前前快樂郵差
前700櫃檯人員
現700快樂分信仔
ISTJ",心痛
brecken610,陳小姐,"好心痛啊
哥哥真的很棒
那麼辛苦也依然為我們唱歌
最愛哥哥了",2026-01-08 12:55,"等BIGBANG霸氣回歸
等再次大合體",心痛
haahaa0225,SUMMER,"朋友問我，為什麼昨天阿信哭了？
最近網路紛紛擾擾
前幾天演唱會有人點歌 然後在網路被罵
因為這已經是她第三次被點到的樣子？
但是她每一次點歌都不是為了自己 她講的都是別人的故事
所以網路上有些人覺得她在消費他人的悲劇 在罵她
昨天又有一個女生點歌 這次她也是幫別人點歌
她說她思考了很久 也很擔心自己會被罵
但她還是想要勇敢的做這一件事！
阿信鼓勵她 做自己認為對的事情 像五月天一樣
昨天這個女生是替一個「媽媽」點歌
這個媽媽就是前陣子三峽車禍 有一個老翁衝撞放學的學生 其中一個不幸女學生的媽媽
這位媽媽1/1好像也有去五月天演唱會 但她沒有點歌到 所以回家分享在脆上
她希望五月天唱「知足」給他天上的女兒聽
總之 這個點歌的女生看到這個故事 她哭著請五月天實現這個媽媽的心願
連結到五月天跟阿信 最近也很常在網路被罵
很無奈 但是他們也不會反駁
大概有感而發 網路霸凌跟網路酸民的事件
阿信唱知足時 現場所有燈都關掉
請大家開手機的手電筒 像星星一樣
阿信最後對著天空說 最後一句要唱給這個媽媽離開的女兒聽
「知足的快樂 叫我忍受心痛」
哭到完全沒錄影 謝謝網路朋友有錄影❤️",2026-01-04 11:51,偶爾出現 然後再消失🩵,心痛
ko.samuel.146,Ko Samuel,"**楊腓力牧師**一生書寫恩典。他用文字陪伴無數在黑暗中掙扎的人，告訴他們：神沒有離棄破碎的生命。然而，在光亮的文字背後，他也只是凡人。
多年來，他在公開場合談論信仰的誠實，卻在私密世界裡活在分裂之中。一段長久錯誤的關係，不是出於無知，而是在明白之後仍選擇隱藏。真正令人心痛的，不只是犯罪本身，而是人如何在時間中習慣雙重生活，直到靈魂不再安寧。
最終，他選擇把一切帶到光裡。他沒有辯解，沒有以過去的貢獻交換寬容，而是停下所有事工，向神、向妻子、向世界承認失敗。那不是一場體面的退場，而是一種痛苦卻必要的誠實。
他的妻子沒有說輕易的饒恕，只承認傷口仍在，信任尚未重建，卻仍選擇守住婚姻的盟約。那不是戲劇性的結局，而是一條漫長、沉重的道路。
這個故事提醒我們：屬靈的人並不免於跌倒，呼召也不是保證。真正的信仰，不是在完美中被證明，而是在破碎裡仍願意回頭。恩典從不掩蓋真理，卻讓人即使站在瓦礫中，仍被允許重新學習如何活著。",2026-01-07 17:41,傳播者,心痛
ko.samuel.146,Ko Samuel,"讀《民數記》11:10 時，多數人只看見一句熟悉的話：「耶和華的怒氣便大發作。」但若回到希伯來原文，畫面其實遠比我們想像得強烈。經文直譯是：「耶和華的鼻子極其發熱。」這不是粗俗的說法，而是希伯來人描述怒氣最貼近身體經驗的語言。
人在憤怒時，呼吸急促、鼻孔張大、臉部發熱，因此「鼻子變熱」自然成為怒氣的象徵。舊約中，「鼻子」幾乎等同於「怒氣」的器官用語，多次出現在描述神或人的忿怒之中。中文譯本為了避免誤解，將這個具體畫面意譯為「怒氣」，雖提升可讀性，卻也淡化了經文的情緒張力。
這裡所說的忿怒，並非情緒失控，而是神對盟約被踐踏的回應。百姓在曠野哭號、抱怨、懷念埃及，實際上是否定神的拯救與帶領，因此引發的是聖約中的義怒，而非一時不悅。
經文同時提到摩西「不喜悅」，原文僅指「在他眼中是惡的」，形成清楚對照：神的忿怒代表審判視角，摩西的沉重則反映牧養的壓力。這節經文提醒我們，神不是冷漠的神，祂對悖逆有真實而有溫度的回應。",2026-01-07 07:47,傳播者,心痛
ko.samuel.146,Ko Samuel,禱告後一天的開始,2026-01-07 07:36,傳播者,心痛
vulccnn0,vulccnn0,根本沒在一起 我到底在內耗什麼啊,2026-01-03 20:05,2026也要學會愛自己,沒興趣
yaoxrong,謝曜嶸,"如何觀察一個人的真正性情，
找他喝酒、開車、打麻將
1.喝酒
酒後前額葉功能降低，自控能力會下降，這個時候是真正沒有踩煞車的他，加上微醺茫茫的，可以觀察到對方的真正性格，
2.開車
開車時路況多變，在壓抑下是不是依舊自在面對，可能這個彎沒彎過，就會有路怒症，在迷路的時候特別緊張不知所措，開車時是體現在壓力跟不確定的情況下所有的反應
3.打麻將
可以看得出來輸的時候的態度，會是翻臉或是再接再厲，更要看的是贏的時候的表現，是驕傲到開始貶低其他人，還是謙虛說大家承讓，這個可以展現在成為勝者之後的穩定度和心態，敗者之後有沒有再戰的能力。
這些都是我的觀察，從古人智慧這三個，去體會這些實際情境下的真偽",2026-01-08 03:15,"喜歡打喜歡，OK打OK❤️
I/ENFJ，
這裡是我隨寫的地方。",沒興趣
yaoxrong,謝曜嶸,"2026 想完成跟體驗的事情
3月料理活動小小廚師
4月慶生
8月流星雨再看第四次
大稻埕煙火再看一次
淡水跨年煙火
找一個不錯的路跑再跑一次21k",2026-01-05 17:47,"喜歡打喜歡，OK打OK❤️
I/ENFJ，
這裡是我隨寫的地方。",沒興趣
yaoxrong,謝曜嶸,"其實煮菜的時候，眼淚是不會掉進鍋子裡的
如果會越煮越鹹，其實是身體脫水造成的下意識的加鹽，提醒你吃到太鹹要記得補充水分
所以料理的鹹不會是眼淚啦
這個沒有科學根據，是長期觀察下來的結果",2026-01-05 13:53,"喜歡打喜歡，OK打OK❤️
I/ENFJ，
這裡是我隨寫的地方。",沒興趣
how13765,123,"今天去看海了
第一次一個人去海邊
很安靜，很放鬆
找了個角落坐下，偷偷哭了很久
太多壓抑的情緒在一瞬間衝出來
有點小崩潰
一個人在海邊默默的坐了很久很久
有很多話想說，但沒有個信的過的朋友，也沒有願意聽的朋友，一直都很痛苦，但沒人關心，我也好想要有很重視我的朋友
但好像一直都是一個人
其實會希望有個人能在身邊陪，一起看看海什麼的
反正每次委屈或不開心的時候就會覺得很孤單
也很久沒抱抱了
加油吧 打起精神來",2026-01-04 17:46,明天會有美好的事發生,沒心情
how13765,123,"很久沒收到禮物了
自己好像永遠都是送禮的那個
也好像是自己一直在維持每一段友情
好像所有的付出都會被當作理所當然
其實常常都一直在想
我死後，會有誰因為我而哭，又有誰會來看我
每次想到這種問題的時候，心裡都沒底
因為好像我在大家心中都不是很重要
沒人把我當做很要好的朋友
一直都是這樣
我也很渴望有一個互相認為是最重要的朋友
只是從未有過",2026-01-03 01:25,明天會有美好的事發生,沒心情
how13765,123,"新年快樂囉
希望你們都能開開心心的
也希望你們都能幸福🫶🏻",2026-01-01 01:04,明天會有美好的事發生,沒心情
javon_wang,JaVon 王 健,失眠了，還有誰沒睡？,2026-01-08 06:39,"創造自我價值；保持簡單、使之發生。
Create your intrinsic value,
keep it simple, and make it happen.",沒心情
ccaroo.20,Carol,我就是那個沒朋友又不愛社交的活該孤單人,2025-12-11 20:22,"摸索摸索
-
癲婆",沒心情
little.by.little_fafa,發光日,"你好，我們是發發和三號
歡迎來到《微小日常》
你是不是也常常覺得，生活很忙，快要忘記自己的感受了？
創立這裡的初衷很簡單：我想打造一個『不批判，只陪伴』的空間。
在這裡，你不用假裝堅強，也不用擔心說錯話。
你的每一個微小故事，都值得被聽見。
你可以...
在任何貼文下留言，分享你的故事。
去聽我們的 Podcast，讓我們的聲音陪你。
匿名投稿你的故事，我們一起療癒更多人。
 (連結都在自介)
準備好了嗎？追蹤我們留下來
我們一起慢慢走
#微小日常  #療癒 #陪伴 #故事",2025-10-30 10:43,"幫助在生活中感到迷茫的你
找到療癒出口
🎙️ 每週三、日 20:00 更新
不批判，只陪你，和你聊聊大人的煩惱
🩷點擊收聽最新節目
🩷匿名投稿你的故事",沒心情
zi_5022,𝙔𝙪𝙡𝙞,"我希望當我心情不好的時候 
朋友可以打電話來關心我
：我看到你的便利貼 你還好嗎～ 
（我一定會瞬間爆哭 絕對） 
有時候心情低落時 只是需要被在乎而已",2026-01-08 12:44,"𝟤𝟢𝟢𝟣 / 𝟣𝟩𝟥 
再矮一點就好了(´c_`)",沒心情
dulce_9txox4e7,Dulce,"徵友
我單身，40歲了，離過婚
一個人的生活無趣又無聊
不嫌棄的認識一下",2026-01-08 10:34,單身狗,生活無趣
dulce_9txox4e7,Dulce,"離過婚 沒有孩子
我不在乎你有沒有房子車子
真心交友找個人陪伴
尋求穩定的關係",2026-01-07 19:20,單身狗,生活無趣
dulce_9txox4e7,Dulce,"164 54桃園👋
三觀正 跟異性要有邊界感
成熟穩重有責任心
脾氣不要太差
不要三分鐘熱度 
不真誠的請不要接近我☺️",2026-01-07 09:30,單身狗,生活無趣
dulce_9txox4e7,Dulce,"找男友

認真的喔

台灣人

有沒有和我一樣不想談單身很久

想要先交往如果合適我想結婚

單身交友",2026-01-05 23:55,單身狗,生活無趣
cmz_08.11,陳孟澤,"誰懂那種
拼了命努力
結果
卻還是一塌糊塗的絕望",2025-11-03 12:35,市大同電鍋(◐‿◑)常常更新現況 偶爾發讀書的帳號,努力也沒用
chi_xxx26,張吉,"從小我就知道我家的家境並不是太好
倒也不是說喝酒賭博，欠債幾百萬的那種
而是一種
像是社會底層的知識與能力不足
因為收入偏低
生活的瑣碎都得斤斤計較
沒有錢就容易脾氣不好情緒煩躁
就像電影《寄生上流》裡面說：
「如果我有錢的話我也會很善良」
阿嬤說過一個過往的故事：
曾經大概幼稚園時期的我哥半夜哭鬧
叫閉嘴也沒有（當然沒有用）
我爸工作一整天已經很煩，又窮又煩
於是想到最直接讓小孩閉嘴的方式
就是拿枕頭悶至暈厥無聲
然後倒頭呼呼大睡
我媽嚇死了，當然阻止也沒用
後來阿嬤叫救護車送去急診才知道
哭是因為在發高燒
這大概就是我家的貧困程度
一種社會底層的思考邏輯與處事方法
誰知道那個被枕頭悶到暈過去的小男孩
後來靠自己的能力去美國留學
成為現在的資料科學家
大概是在研究醫療影像的清晰度與優化
很多人聽到我們家有人去美國留學
會以為我們出身富裕
其實家裡沒有出任何留學的錢，也真的沒錢可以出
所以有時候會想要努力工作、渴望財富自由、買房子甚至我不願意有小孩
都是不想要這種情況再度階級複製
多年後也不想怪罪誰
只是父母的階級上，能力只能到這邊",2025-06-09 20:00,"🌈
♦︎ 不靠爸靠母，32 歲學渣女買下新北一間預售屋
♦︎ 美術學院畢，33 歲靠努力工作 + 股市投資，存到幾桶金💰
♦︎ 從「不買房派」到「預售屋屋主」，買房後改變的理財觀
♦︎ 新手買房心得、房產避坑與財務自由思維
♦︎ 不是富二代，讓我們一起成為富一代！🫶
🤨人生瑣事爽發就發",努力也沒用
moli34_7,moli34_7,"其實，我也不知道我到底要的是什麼
今年我下載了交友軟體
一開始是無聊
但後來開始喜歡上有人陪著我的感覺
我，已婚八年，有小孩
老公很愛我，我對他也跟平常一樣
也會撒嬌，逗他，也會膩在他身上
但在心靈上無法填補最重要的那塊
我知道我這樣不對
想罵我的，請繞過，拜託
我只是還想再逃避一下就好",2025-12-08 00:15,這個是小帳，拿來舒發我平時不敢說的情緒,逃避
harson.317,harson.317,"曾經看到過一段話：
跟自私的人在一起大概就是
他只在自己狀態好的時候才愛你
他只接受你的好 卻接不住你的壞
他從來不在乎你的感受
他什麼都知道 但在愛你和傷你 選擇了傷你
他不會共情 不會理解
他在忙或壓力大的時候 
你就成了他的負擔隨時都可以被拋下
比起解決問題 解決你更容易
他永遠都在逃避問題 不負責任
他愛的 只有自己",2025-08-07 15:59,,逃避
irene_1119_,姵瑜,"我考上了！！！
成為臺中市公立幼兒園的正式教師🌼
這個好消息值得我一字一句、好好打下來。
去年的落榜，讓我陷入自我否定與懷疑很長～一段時間，代理期間在孩子的笑聲、擁抱和成長中，才慢慢重新相信自己、找回對教育的熱愛和初衷。
這一年不再是全職考生，白天帶班，晚上備課又要念書，甚至準備複試的那兩個禮拜，深刻體會什麼叫做身心俱疲的無力感，連吃飯都覺得是一種奢侈。跟之前不一樣的是，我一邊哭著一邊對自己說就差最後一步了，一定可以做到！馬上擦乾眼淚繼續備戰。那些少吃的飯、多熬的夜跟閉眼就湧上的焦慮感，全都成了走到最後的證明。
正因為這一切有多不容易，今天的上榜，才特別有重量、有意義。難得會這麼有自信的說我真的很棒！所以這一次，最想感謝的人是自己，謝謝沒有放棄、堅持到最後的自己。
上榜後要面對更大的挑戰（譬如第二年要當主任🥲）先來精神喊話一下：超級大菜鳥會越挫越勇！
願我們都能在跌跌撞撞後，擁抱屬於自己的光💫
把期末的事情做完我要來好好睡覺💤把體重吃回來啦🍽️
朋友們快約我出去玩❤️！！",2025-06-26 19:40,安妞,壓力大
yyx_dyz,kivvii🍎,我精神壓力大到我想半夜學海獅亂叫,2026-01-03 02:18,不是本人,壓力大
yyx_dyz,kivvii🍎,"有人吃過這個東西嗎？
我真的蠻好奇好不好吃的😦",2025-12-27 14:48,不是本人,壓力大
yyx_dyz,kivvii🍎,"不住你心裏
我住淡水新崁裏
哈哈哈哈哈哈哈",2025-12-25 19:50,不是本人,壓力大
liz_lim620,林芝旭,牽絲霖的流派試煉好崩潰,2026-01-06 15:27,"交往期間變ESFJ分手後又變回ENFP
飯糰🐱+圓仔🐱
😽幸福小窩😽
🫶🏻🫶🏻🫶🏻🫶🏻🫶🏻
成年人的世界，處處是選擇
斷捨離是為了能成為更好的自己
—————————
记录归乡后的点滴",崩潰
liz_lim620,林芝旭,🤣🤣🤣,2025-12-31 22:16,"交往期間變ESFJ分手後又變回ENFP
飯糰🐱+圓仔🐱
😽幸福小窩😽
🫶🏻🫶🏻🫶🏻🫶🏻🫶🏻
成年人的世界，處處是選擇
斷捨離是為了能成為更好的自己
—————————
记录归乡后的点滴",崩潰
liz_lim620,林芝旭,今年新年在燕雲看煙火🤣🤣🤣,2025-12-31 21:55,"交往期間變ESFJ分手後又變回ENFP
飯糰🐱+圓仔🐱
😽幸福小窩😽
🫶🏻🫶🏻🫶🏻🫶🏻🫶🏻
成年人的世界，處處是選擇
斷捨離是為了能成為更好的自己
—————————
记录归乡后的点滴",崩潰
badoyau,BadoYau Lee,"青山開局不利→青山昏招頻出→青山陷入苦戰→青山垂死掙扎→青山全盤崩潰→青山敗局已定→青山發表獲勝感言
太扯了啦 黑田！",2026-01-02 12:51,,崩潰
badoyau,BadoYau Lee,"2025 Year-End Recap
希望明年會更好",2026-01-01 08:43,,崩潰
xuanm.iao,泫杪,"想談一個
在我情緒崩潰的時候
不會嫌我煩
還會抱著我安慰我的
我很貪心 但要是真的有這樣一個人 我會想立馬嫁給妳",2026-01-02 17:17,"ENFP 誰給我天上掉下來個女友啊（ ;  ; ）
女同(◍˃̶ᗜ˂̶◍)",崩潰
zoeee0712,Zoe Chen,"在補教業這麼多年，
第一次遇到被工讀生擺臉色，
甚至把考卷用極度不禮貌的方式甩到我面前。
那一瞬間其實不是生氣，
而是一種很深的錯愕及崩潰，
原來現在，基本的尊重也成了一種選項。
我可以接受能力不足、經驗不夠，
但無法接受態度失格。
#安親班老師的真心話",2026-01-07 17:40,"What happened to the dreams we'd have at night?
The dreams that we all thought would change our lives.",崩潰
just.bk.me,Just.崩潰.ME,"（補充）#2026WBC 東京賽事 - 1/16 #東京巨蛋 現場販售資訊
Just.崩潰 臉書貼文
fb.com/11866…
算小補充，不用太緊張
主辦很貼心的提醒，東蛋現場販售資訊統一會發布在東京巨蛋官網
東蛋也會提供門票銷售狀況，屆時若需要前往現場
可以先查詢銷售狀況再決定是否到現場
所以要走東蛋現場販售的可以多留意東蛋官網資訊
東京巨蛋售票處販售時間：日本時間 1/16 11:00 開始，每日 11:00 ~ 17:00（日本時間）
東蛋也強調
""不販售日本隊賽事""
""目前各階段已經完售的區域也不在販售範圍內""
第二句話比較可以解讀成，東蛋現場可販售區域主要還是得看包括 1/15 一般販售後剩餘情況才能決定有多少票可以賣
所以總結來講
1. 只想買日本隊賽事，你只能拼 1/15 或目前的視線不良區、輪椅區抽選
2. 只想買以台灣為主的賽事，一樣先拼 1/15，其次才考慮東蛋現場
最後還是提醒，#慎防詐騙
目前日本票通市場，日本隊為主賽事價格都被炒到一個很可怕的程度W",2026-01-07 23:45,不只聊機票，我們也聊生活大小事,崩潰
just.bk.me,Just.崩潰.ME,"捷星日本 國際線優惠活動（日本出發）
Just.崩潰臉書貼文
fb.com/11863…
2026首場活動
活動時間 1/8 11:00 ~ 1/13 15:59 台灣時間
當中針對東京成田＝高雄的一月有推出單程未稅價 JPY 2026
底下皆為單程未稅
東京成田＝台北 JPY 8490
適用 2/25 ~ 6/18 
除外 4/3 ~ 4/8、4/25 ~ 5/4、5/30 ~ 6/2
東京成田＝高雄
JPY 2026: 適用 1/14 ~ 1/22 且限二三四出發
JPY 9990: 適用 3/13 ~ 6/12 除外 3/24 ~ 3/29、4/2 ~ 4/8
大阪＝台北 JPY 7990
適用 2/25 ~ 6/18 
除外 4/3 ~ 4/8、4/25 ~ 5/4、5/30 ~ 6/2
活動價必須是日本出發的單程或來回
活動頁，除國際線範圍外，日本國內線也有
jetstar.com/jp/ja…",2026-01-07 15:33,不只聊機票，我們也聊生活大小事,崩潰
zhs03,ZHS,"屏東有人今天有空嗎
我需要有人可以接住我現在的情緒 我先道歉
我久違的崩潰到不行
我需要好好的喝酒 好好的陪我哭一場
真的 拜託了
我是女生 限女生😭",2026-01-04 10:36,"在險惡的社會之中學會保有我的善意 
超越過那些對待人事物不真誠的人
#我是女同",崩潰
zhs03,ZHS,今年結束了就真的都結束了。,2025-12-23 00:39,"在險惡的社會之中學會保有我的善意 
超越過那些對待人事物不真誠的人
#我是女同",崩潰
wentz0813,Wendy.C,"誰能推薦台中很厲害的美髮設計師呀！
有剪染燙都萬能美感很好的嗎
風格要偏韓系的🙏🏻🙏🏻🙏🏻🙏🏻
求求各位好心人了  請介紹我！
一個不小心被染太黑半夜洗三次頭的女子🥲
Omg覺得瞬間老了五歲起跳…崩潰！",2026-01-05 05:05,"🎂 𝟘𝟠/𝟙𝟛/𝟙𝟡𝟡𝟜 🎂♥️ 𝕋𝕒𝕚𝕔𝕙𝕦𝕟𝕘, 𝕋𝕒𝕚𝕨𝕒𝕟.🇹🇼
🌹👽💍𝕁𝕖𝕨𝕖𝕝𝕣𝕪,𝕝𝕚𝕗𝕖,𝕡𝕖𝕥,𝕥𝕣𝕒𝕧𝕖𝕝. ✈️🐶💎",崩潰
wentz0813,Wendy.C,Happy new year 🎆  2026,2025-12-31 18:20,"🎂 𝟘𝟠/𝟙𝟛/𝟙𝟡𝟡𝟜 🎂♥️ 𝕋𝕒𝕚𝕔𝕙𝕦𝕟𝕘, 𝕋𝕒𝕚𝕨𝕒𝕟.🇹🇼
🌹👽💍𝕁𝕖𝕨𝕖𝕝𝕣𝕪,𝕝𝕚𝕗𝕖,𝕡𝕖𝕥,𝕥𝕣𝕒𝕧𝕖𝕝. ✈️🐶💎",崩潰
tsengmeiwen,Donna Tseng,"身為店家的我 
突然看到外面至少有十個警察
欸會緊張欸！搞了很久還是不知道發生什麼事情？",2026-01-02 19:40,"🎂-1989/12/19
🏠-TAIPEI,TUCHEN 
❤️-positive , easygoing, social 
💰-Qmomo -salesperson 美胸師",緊張
tsengmeiwen,Donna Tseng,"揮別最有回憶、最忙碌的2025年
今年最重要的是多了鄭太太的新身分👩‍🦰
明年再一起加油呦 我的鄭先生❤️
最重要的期許
再多一個媽媽的新身分 👶
#掰掰2025 
#2026年一切平安
#新年快樂",2025-12-31 23:46,"🎂-1989/12/19
🏠-TAIPEI,TUCHEN 
❤️-positive , easygoing, social 
💰-Qmomo -salesperson 美胸師",緊張
huang__you,huang__you,"我要來找要去ITZY 2/13韓場的夥伴！！！
第一次韓場有點緊張",2026-01-08 09:57,日常紀錄📝,緊張
huang__you,huang__you,"很適合冬天的毛帽再+1
這頂我自己超愛！！！",2026-01-05 15:46,日常紀錄📝,緊張
huang__you,huang__you,"最近很熱衷織各種帽子
但第一頂貓耳帽有點太硬挺了
第二頂我自己超愛！！！
最後一張才是織女日常",2025-12-30 15:50,日常紀錄📝,緊張
wilsonliao__,Wilson,"從來沒有想過，可以拍攝自己最愛的YouTuber的婚紗照
回想起和令討論《淺田家》一系列的拍攝，他總是自信地分享許多天馬行空的想法，唯獨每當我提起「ㄏㄕ」兩個字時，他就會顯得特別害羞，緊張地趕快轉移話題
那天和他們一起在民生社區散步，令不知道是不是故作鎮定地像平時一樣在那邊搞笑，只知道他不時牽起一粒，默默走在靠近馬路那側
午後的陽光灑進相機裡的觀景窗，走在後面目睹一切的我，實在是太幸福了
壹加壹",2025-03-23 23:28,"Pre wedding｜底片婚紗｜登記寫真｜戶外婚禮
📍2026 檔期開放預約中",緊張
l.llt___,l.llt___,有點緊張第一次被盧廣仲載,2025-12-17 15:02,,緊張
enn.__7.18,enn.__7.18,"重考跟學測比起來就是
去年學測那時候超緊張 
覺得永遠都讀不完時間不夠用
重考就介於幹好想快點考試跟幹時間不夠用
但現在我還可以安心的滑脆跟發文
也不是說不會擔心
但現在感覺比較像麻木了
有點盡人事聽天命的感覺
108課綱的歷屆、北模、全模都寫完了
單字怎麼背都還是看得到生字
數學怎麼寫都還是比不過出題者的創意
現在與其整天焦慮跟內耗
反而想快點脫離這種生活",2026-01-04 23:55,這裡是我的快樂園地,緊張
enn.__7.18,enn.__7.18,"看到這個突然想到
現在聖誕大戰已經不是當年的騎勇大戰了",2025-12-26 02:13,這裡是我的快樂園地,緊張
starnation_buy,Star Nation🌟,"今年初重新開放代收服務
由於去年黑五的貨量太大
每週都一百件以上還得處理多筆代購與併單
這邊人手不足才暫時關閉代收服務
對這段時間緩慢回覆的客人們感到抱歉🙏
目前已重新開放服務
🈚️代收費
🈚️包材手續費
🈚️併單手續費
您要的多件包裹、代購+代收包裹，都可以幫您合一筆賣貨便寄出（倉儲不超過30天）
追星人每筆都要付38累積起來也是不少
很多客人都會合成一筆省超多😍
這邊都會找乾淨的二手包材幫您出💗
包裝過程也常常幫客人多加氣泡袋與注意小卡們有沒有凹折到！
有時候官方出貨的小卡真的是亂丟，讓愛卡人看了很緊張😅
珍惜使用地球資源，也能讓追星人更減少手續費📦
除了代收所有韓國/中國/日本網站皆可訂購
貼連結🔗都會報價給您～
新的一年找長期代購代收的來吧💗
（IG私訊回覆更快唷🙏）",2026-01-06 18:33,"💜追星人懂追星人的代購💜
韓國各網站｜中國各平台｜日本二手市場
主要代購各團體藝人專輯、週邊、小卡、寫真、娃等
同時提供各種商品代購代刷｜貨物代收｜韓中集運服務
只要非違禁品、電子商品及食品皆能代購
問代購請同時附上網址🔗報價加快效率哦
詳情請私訊聊聊💌",緊張
starnation_buy,Star Nation🌟,"全部通路都可以買💜
還有人想收其他特典的都可以聯繫🥰
（私訊IG會比較好收到訊息）",2025-12-31 14:00,"💜追星人懂追星人的代購💜
韓國各網站｜中國各平台｜日本二手市場
主要代購各團體藝人專輯、週邊、小卡、寫真、娃等
同時提供各種商品代購代刷｜貨物代收｜韓中集運服務
只要非違禁品、電子商品及食品皆能代購
問代購請同時附上網址🔗報價加快效率哦
詳情請私訊聊聊💌",緊張
kai.12.18,蔡池凱,第一次上電視有點緊張,2025-12-14 18:09,"這裡可能會很常出現我家的哈士奇
跟我的朋友們
吃吃喝喝",緊張
j.c.vibe,j.c.vibe,"今年打算一個人到澳洲打工渡假
開始有點緊張了
有沒有變成E人的方法
好怕I人發作交不到朋友😭",2026-01-04 22:56,"試著分享每天有趣的日常
紀錄每個美好時光",緊張
j.c.vibe,j.c.vibe,"台灣人發明的奇怪口味
皮蛋多力多滋-一入口真的很像在吃皮蛋，但是後面熟悉的多力多滋味道就出來了，整體來說還可以接受。
榴蓮樂事洋芋片-一打開包裝滿滿榴蓮味衝出來，但是吃下來並沒有太多榴蓮味，只有尾韻一點點🤏想要滿滿榴蓮味的朋友要再考慮考慮。
生啤酒樂事-打開包裝有啤酒味，吃下去有濃濃麥子香，是這三款還原度最高的洋芋片！
香草琴調酒-開瓶聞就充滿香菜味，液體是透明的，只有滿滿香菜味，酒味較不明顯，雖然本身愛吃香菜，但這款調酒不太愛⋯",2026-01-04 02:02,"試著分享每天有趣的日常
紀錄每個美好時光",緊張
mumumiui,凡,"有坐在B111區34排21號旁邊的嗎..
第一次自己看演唱會 好緊張…快吐了",2026-01-08 17:11,瓊稻穗弓源,緊張
tongtongclub.tw,통통이Club,"📮筒樂會之筒筒車車要出發啦🚛
真的好緊張啊～
金唱片倒數四天！
一共有兩台應援車會繞行大巨蛋，
繞行的路線很簡單，
在大巨蛋旁的光復南路和忠孝東路兩側！
兩台車都真的很可愛，
謝謝我們的美編uu把筒筒車車設計的好美😍
我已經有事先看過實車了，
為了給大家一個驚喜，
我就不先公開了😏
活動當天在路上如果看到我們的筒筒車車，歡迎大家拿起您的手機拍下，並且上傳+Tag我們及佑錫💙
#통통이club #변우석 #ByeonWooSeok
✨️2026.01.10✨️
歡迎所有筒筒們一起來共襄盛舉",2026-01-06 18:01,"💙Only  For WooSeok💙
https://varoent.co.kr/Wooseok
📫통통이 자리 여기👇👇
tongtongclub.tw@gmail.com",緊張
hehe._.y1,혜혜,"韓國人的台灣日常：我今天去台北囉～！
台中韓國人(?)去台北的時候都很開心
今天是為了參加立于的飯咪去台北的
人生第一次參加這種現場活動，說實話真的有點緊張(˶‾᷄ ⁻̫ ‾᷅˵)
但看到本人真的超開心*^o^*",2026-01-03 23:36,"我是來台灣唸書的韓國人
*:.｡.🇰🇷.｡.:*･'(*ﾟ▽ﾟ*)'･*:.｡. 🇹🇼.｡.:*
대만에서 공부중인 한국인이에요 :)",緊張
hehe._.y1,혜혜,"韓國人會覺得 1 月 1 日聽到的第一首歌，會影響一整年的好運，所以通常都會找歌詞很好的歌來聽。
如果想賺很多錢的話，就去聽那種聽起來會越來越有錢的歌
有想實現的願望，就聽感覺願望會成真的歌
有喜歡的人，就聽好像愛情真的會實現的歌
如果正在準備一個目標，就聽讓人覺得一定會成功的歌
也希望台灣的大家，在 1/1 的時候，聽著歌詞很好的歌，
開始新的一年吧！
希望大家不要不小心，聽到什麼奇怪的歌啦…",2025-12-31 21:17,"我是來台灣唸書的韓國人
*:.｡.🇰🇷.｡.:*･'(*ﾟ▽ﾟ*)'･*:.｡. 🇹🇼.｡.:*
대만에서 공부중인 한국인이에요 :)",緊張
andblue1214,andblue1214,"今天覺得很煩心的事。
公文被貼字條說有錯字，我反覆看了一早上，也請2位同事幫忙檢查，確認沒有錯字。
下午再送去複核時，
「你改好錯字了嗎？」
「我檢查過很多次，我沒有看到，請教一下錯字在哪裡？」
「我確認我有看到，只是沒有圈出來而已。」
「喔。」
「那你再拿回去檢查一次。」
然後我就默默收回公文，下班了。
我現在應該要故意寫錯一個字，證明我有錯字嗎？",2025-12-18 18:07,,煩心
andblue1214,andblue1214,"今天下班後是我的放風時間，
買了一杯喜歡的鮮奶茶，
去一家選物店慢慢逛。
店內不大，但每個展覽櫃都慢慢地看，
來來回回欣賞老闆娘的選物，
每項物品都讓我愛不釋手、眼冒愛心，
最後在店內待了整整兩個小時，
還跟老闆娘聊起來，
整週的疲憊都被療癒了。",2025-12-05 20:43,,煩心
mdbabu31,mdbabu31,身為PTT資深鄉民，對於七王爺應該都不陌生，大小煩心事習慣線上抽抽抽，聽一下七王爺的想法🤣這次連假剛好有機會到東港鎮海宮參拜，感謝七王爺在生活方方面面的庇佑，也體驗了靈性層面網友見面的感覺，以及抽籤從線上抽到線下的玄妙感（宅宅2D轉3D時會有的笨拙感😂）,2026-01-05 15:50,"If what we have is half, then we shall make it the very best half.",煩心
mdbabu31,mdbabu31,"在我抽屜深處居然有跟上時代的剪報，有F4、兵役、提前曝光 🤣
背面是我當初的重點，V6來台 🤣",2025-12-30 16:09,"If what we have is half, then we shall make it the very best half.",煩心
pinpin_328,品瑄 Nina,"No.10
⛺️ 富柿山露營區
適合露營的季節終於來了🥳
舒服的營區加上舒服的天氣就是可以讓煩心事暫時都遺忘❤️",2025-11-02 15:55,🏕️👫🏼⛰️🌊⛺️,煩心
znz6868,雨晨,"路走不通，換條路繼續走，
事想不通，換個角度再試試。
盡人事，聽天命，看開一切，
失落不會長久，生活還是美好的，
換路、換角度，生活自有出路。
別為了迎合所有人，把自己搞那麼累，
費盡心思讓所有人都開心，
會忘了自己該怎麼笑。
把開心變成一種習慣，開心常伴左右，
別跟自己過不去，要過一天24個小時，
何不開心的渡過每一天。
莫在意錢多錢少，莫計較權大權小，
當不開心時候，想想還多久能折騰，
想明白了，就再也不會生氣了。
當煩惱的時候，想想人生就是減法，
見一面少一面，不忘人恩，
不念人過，不思人非，不計人怨。
人的一生，總有學不完的知識，
總有領悟不透的真理，
有些有意或者無意煩心事闖到心裡來。
一輩子不容易，少跟別人過不去，
讓開心占據我們生活的每分每秒。",2025-05-28 08:29,目前單身 找對象或者交朋友都沒差的～ig私信我都會回覆的,煩心
znz6868,雨晨,"我超級喜歡和話多的人相處
就是忍不住不說話 大小事都愛分享的朋友
那種大大咧咧的釋放自我的個性
給人感覺就是這個人很真 在一起很舒服
愛開玩笑但有分寸也擅長安慰開導人
擁有這種朋友就很棒！！！
#男生喜歡男生",2025-05-14 18:29,目前單身 找對象或者交朋友都沒差的～ig私信我都會回覆的,煩心
abcd120108137,周嘉彬,"我的至親好友們
人得學會自己治癒自己，
因為真正變好的不是生活，
而是你自己。
少計較、少糾結，
得失隨緣。
日子要過得乾脆，
不拖累自己，不耽誤別人。
別把煩心事看得太重，
看開了就是晴天。
生活本就難盡如人意，
睡前放下一切，
醒來又是新開始。
珍惜遇到的，看淡離開的。
終有一天你會明白，
能讓你走出來的，
不是時間，
而是你心裡的放下和坦然～
週四穿卡燒欸-⋯⋯
❤️❤️❤️❤️❤️❤️❤️❤️❤️",2026-01-08 09:49,本人的興趣是看電影 尤其是特喜歡看恐怖片 鬼片。還有聽音樂。,煩心
abcd120108137,周嘉彬,"我有強迫症！
我有強迫症！
我有強迫症！
我有強迫症！
我有強迫症！
我有強迫症！
我有強迫症！
我有強迫症！
我有強迫症！
我有強迫症！
我有強迫症！
我有強迫症！
我有強迫症！
我有強迫症！
我有強迫症！
我有強迫症！",2026-01-08 06:10,本人的興趣是看電影 尤其是特喜歡看恐怖片 鬼片。還有聽音樂。,煩心
gorgeous.weddingsharing,gorgeous.weddingsharing,"聽講threads 搵人好勁
想搵心力交瘁的備婚新娘
尤其選擇在草地婚禮的
因為去年我也是這類型的傻瓜新娘
要煩心的事特別多
又要擔心天氣 行程與酒店不一樣
尤其在white barn 很多事情都要自己兼顧
有一些店家給我的優惠
美容 指甲 咖啡 即影即有 蛋糕 婚前諮詢
如果你地忙到一頭煙又想有vendor 介紹 
我可以俾你地❤️
備婚日記",2024-11-08 19:28,,煩心
gorgeous.weddingsharing,gorgeous.weddingsharing,"聽講Threads 搵人好勁
想送個頭皮優惠俾10位就嚟結婚的新娘
試做價只係 $299 （平過返深圳） 
好岩壓力大的新娘子去釋放一下壓力
有意的可以DM或者PM我
搵人 #新娘",2024-11-08 18:28,,煩心
benedict_nine_thirteen,Benedict,"談戀愛會有很多煩心事 但不談戀愛只有一件煩心事 就是想談戀愛
出門走走",2025-02-20 13:07,"Guangzhou people develop in Malaysia.
感情里，最珍貴的是彼此的信任與理解。",煩心
benedict_nine_thirteen,Benedict,"別問情人節禮物了，我就是你的禮物🎁
祝大家情人節快樂✌️",2025-02-14 16:03,"Guangzhou people develop in Malaysia.
感情里，最珍貴的是彼此的信任與理解。",煩心
benedict_nine_thirteen,Benedict,"最近的煩惱
先喝酒還是先洗澡？",2025-02-11 13:17,"Guangzhou people develop in Malaysia.
感情里，最珍貴的是彼此的信任與理解。",煩心
rastra_gem,Rastra 雨辰,煩心事太多了，希望幸運草給我好運氣把事情處理好🥹,2025-06-03 23:39,"Per aspera ad astra 經歷苦難，以達星辰 
💎珠寶切磨師 gemcutter
💍珠寶訂製 Bespoke Service
💲台幣計價（NTD) PayPal+10%
📦7-11店到店/郵局i郵箱/順豐宅配
🌏Global delivery",煩心
_ju1217,筑筑,"今年生日男友說：今年不送妳花了喔💐
當下聽到還有點失落 想說他明明知道我最喜歡花的
他接著說：
「因為一束花三四千塊 不如送妳一束黃金花更有價值」
（果然是務實摩羯座啊⋯⋯⋯😍）",2025-12-30 10:58,日常分享(⌒▽⌒),失落
cherishevday,小C,"她沒有好好處理完上一段關係，
卻讓我走進她的心裡，也讓她走進了我的。
我從沒想過自己會愛上她，
卻深刻體會，那是一種兩個靈魂的靠近。
我相信，她曾給予的陪伴與呵護是真心的，
我們也真真切切地相愛過。
我能理解她最後的選擇與離開的方式，
只是失落與受傷，仍需要時間慢慢被接住。
最近去了兩次她在的行政區，
也許不是巧合，身心都出現了些不適。
在心理師面前，又談起那段關係，
她說，我或許正走在一個「清理」的過程裡。
原來，有些思念，並不是想復合，
只是太多情緒被理智壓抑，還沒被好好安放。
「你只是短暫地愛過我，我一直假裝不願說破； 
至少沒有錯過你的溫柔，即便像流星划過的煙火。」
每每聽到這首歌，
總讓我記得一段曾經溫柔存在過的關係。",2026-01-03 14:53,"高雄/特教老師/天蠍座/167cm
偏 E 的 I 人/🌈🏸🎤🍮🍵📷",失落
cherishevday,小C,2026年 請多指教🧡,2026-01-01 22:05,"高雄/特教老師/天蠍座/167cm
偏 E 的 I 人/🌈🏸🎤🍮🍵📷",失落
yumi_0709_,璟儿🧜🏻‍♀️,"Coco是會聯名的
我剛剛問店員 會有貼紙嗎
他就說我們貼紙售完了 我就很失落
轉頭他就默默去休息室拿兩張給我
：這是我們店裡收藏的最後兩張
我當下開心到起飛 謝謝店員😚
超可愛 真的不是我在講 今天心情被加分了",2026-01-08 11:46,簡簡單單就好,失落
yumi_0709_,璟儿🧜🏻‍♀️,"關於剛剛地震我室友
@milu.ko94
@milu.ko94
尖叫衝到我房間的部分
2025快結束了 大家都要平安🙏",2025-12-27 23:24,簡簡單單就好,失落
s22414647,徐曼婷,"想詢問廣大脆友意見
目前本人正在台中找工作，也有在領失業補助
可是工作真的是越找越失落
履歷石沉大海沒回覆很常見
更多的是看到很多工作那可悲的底薪
明明工作內容不輕鬆卻只有勞動最低薪資
有些沒最低但頂多就三萬初
有開四萬以上的真的很少
我之前有當過軍人跟餐飲外場工作過
想轉換跑道但履歷大多沒下文
雖然現在住家裡開銷沒那麼大
已經36歲的我真的一天比一天還焦慮
被餐飲業摧殘過真的沒很想再回去
看到低薪的工作卻也不想就這樣將就
也理解現在還是只能用時間跟勞力來換取金錢
但老實說心理其實很無助
想稍微聽聽別的意見
難道後來為了生活真的只能將就？
或者還是只能做回餐飲業繼續被摧殘🥲",2025-12-23 00:13,,失落
martinkwok_nowtv,郭灝然 Martin Kwok👽🇭🇰,"出去拎個外賣，忽然聽到樓梯下面有幾聲貓叫聲，回頭一望，見到有隻好細隻嘅三花貓擰頭望向我，喵咗幾聲，好似同我打招呼咁
之後我揮下手叫佢上嚟，佢又真係上，慢慢一級一級咁樣上，睇住佢慢慢小心翼翼爬上樓梯個樣，真係好可愛，雖則我嘅吸貓能力去到歐洲都仍然適用，但喺香港引到自來貓走上門都係第一次
好啦，諗住入去換件衫，落去買幾罐貓罐罐俾佢，佢嘅叫聲就引來對面同樓下住客，佢哋問係咪我養，我話唔係，只係頭先出嚟拎外賣就見到佢喺樓梯行上嚟，跟住樓下嗰位住客話佢屋企有貓糧，二話不說就抱起隻貓話佢收留住先，都好嘅，見隻貓好肚餓，唯有咁啦
但而家睇返頭先同佢影嘅相，就覺得好失落",2025-12-28 17:19,"Nowtv 體育記者
#nowtv #now新聞台 #sport #sportsreporter #體育記者 #hkspa #hkja #footballlovers #footballplayer #number7 #hker",失落
chenyulin_0429,林辰羽,"原本應該穿著漂亮禮服出現在你面前
現在卻被強制留校參與院慶全程預檢
萬事俱備了
想都沒想過會在舞會前四天失約
覺得很莫名其妙很難過很失落
雖然不能保證明年舞會能夠赴約
但我依然希望最後一年舞會
可以成功見到我所愛的人",2026-01-02 16:24,,失落
dream02161023,從黑洞爬出的女孩,"一個再平凡無奇的雙薪家庭，兩個國小的孩子，一切從今年3月開始說起，正當我們準備要出國前夕，先生頭痛了起來，想著是簡單的頭痛（宿醉），卻莫名的痛了一週，我直覺不太對勁，也心想著要出國了先看好來總是好的，中間有去耳鼻喉科診所拿藥，依然無法緩解
於是掛了急診，到了醫院我和醫生說
我：請幫我先生安排檢查，他痛了一週我覺得很奇怪
醫生：你是他的誰，你希望做怎樣的檢查？
我：我不知道醫生您安排￼
醫生：那就先照個腦部超音波
（醫生給我感覺就是覺得我很大驚小怪）￼
後來一出來，醫生馬上變了一個臉
他說：你可能要有心理準備，有腦出血的狀況，必須先打凝血。我：（愣住了，是做夢？）
醫生：會打顯影劑再進去做一次檢查。
這時老公說：ㄨㄚˊ那我不能去了，那只好你們出國就好了。（他知道我為了這次的家族旅遊計劃了大半年。）
我：我不可能放下你！不要說那些
接著醫院又再推我老公進去做檢查
出來的時候，醫生跟我說
醫生：你有打算在這邊治療嗎？
我：現在是什麼狀況？
醫生：你先生的狀況不太好，腦部裡面有東西，而且這個東西還不小，看起來是不好的。
（當下我真的覺得所有的事情都變成黑白的）
我：什麼意思？？
Part1",2025-12-25 02:32,"以為只是頭痛，一檢查發現是腦瘤
一連串..未知數",失落
haocenzheng,鄭浩岑,"凛冴 ooc預警‼️
好想吃甜點（＞д＜）最近和朋友決定要辦一個活動，雖然沒有明確的發覺，但壓力還是會不自覺的累積讓人消沉疲憊呢（●─●）
欣賞凛的吃相是一件舒壓的事。
圓盤中央巧克力醬由外向內繞圓，突出中央如山峰一般的蒙布朗，褐色的外表將點綴的綠葉稱的生機勃勃，精緻的法式甜點吸引糸師凛的食慾。
「我要開動了。」
小巧的圓叉切開完好的形狀，細膩甜栗子泥混合生奶油在冰涼的溫度下保持漂亮的線條紋理，凛連同塔皮放入口中，感受味覺的饗宴。
綿密香甜的栗子奶油濕潤而不黏膩，恰到好處的甜度與滑順如絲絨的口感相輔相成，入口即化，清甜的香氣在口腔層層擴散，齒頰留香，美妙的彷彿交響樂一般。
凛享受著至高無上的時刻，平日緊繃的表情鬆懈下來，上揚的嘴角洋溢愉悅的氣息，冴盯著這樣的表情，面部也不自覺放鬆下來。
總覺得所有的事都無所謂了。
兄弟二人各自品嚐著『甜點』，怡然的沉浸在這份幸福的滋味裡。",2025-07-28 02:34,"最近入坑藍鎖錢包越來越癟了……
主推：凱撒潔👑🌱
副推：糸師兄弟🦉",消沉
juijui11,叡叡🎶,"有人打完猛健樂後疲憊感很重嗎？
打了兩週發現每天都好累好想睡覺全身痠痛🥲",2025-12-02 18:13,"這裡想紀錄一下
家中98歲的阿公
還有世上最疼媳婦的公公
以及還有一個中風行動不便的婆婆
老公獨子，陪著他擔起這個家",疲憊
ssssshin_www,shinshinWang,"#長庚醫院月子餐
手術結束當天晚上的月子餐
沒排氣只吃一口飯也沒食慾
還附兩碗湯",2026-01-08 10:20,,沒食慾
i.z_ooo,👻,"有人吃離憂跟羅亞達副作用也很嚴重的嗎
噁心反胃沒食慾頭暈手抖 尤其是反胃想吐完全沒食慾 
甚至吃幾口就超想吐
之前吃永康緒也會 但沒這麼嚴重",2025-10-24 19:48,,沒食慾
fish12256,紅粉知己,"有人可以告訴我
沒發燒，但是會畏寒冒冷汗、頭暈、想吐，沒食慾，睡覺休息時會一直覺得頭在旋轉無法好好睡，該怎麼緩解症狀？？",2025-12-20 13:29,"@非buy不可精品時尚商城
👉撞鐘的
@Perfect靚亮玩美玩潮
👉打雜的
💙代理商品、零售商品 皆有
💙0元帶你做電商",沒食慾
wed801257,汪慶富�,"有人聽過猛健樂臉嗎？
瘦瘦筆打下去是不是真的會連臉一起凹？
最近剛開始打，效果最明顯的就是沒食慾
有點擔心自己也會老臉
但什麼都吃不下只好拼命補膠原蛋白
不知道這樣早晚各一包補
一天的量夠不夠？",2025-12-30 16:53,回憶像是一座孤島，我站在上面，看著遠方的你，越來越模糊，卻始終割捨不掉那份溫暖。,沒食慾
wed801257,汪慶富�,"難得休息，但老婆小孩去鹿港老街逛街
順便去拜拜求平安",2025-12-19 09:19,回憶像是一座孤島，我站在上面，看著遠方的你，越來越模糊，卻始終割捨不掉那份溫暖。,沒食慾
thebestiming,予蒔萬萬,"寶寶最近一直流口水、愛咬東西、情緒不穩？
還有時半夜哭醒、吃奶也變少？ 🦷😢
恭喜（也辛苦）你們，
這很可能是寶寶的 長牙期 正式登場！
長牙通常從 4～7 個月 開始，
最早出現的是下門牙，之後慢慢往上長。
📍 長牙期常見現象：
💧 流口水多、下巴紅
🧸 喜歡咬東西、用手摳牙齦
😩 情緒不安、食慾減退、睡眠變差
📍 爸媽可以這樣幫助寶寶：
・提供潔淨的牙膠、冷毛巾、磨牙玩具
・多擦拭口水，保持下巴乾燥
・給予安撫與陪伴，避免過度刺激
・若發燒或拒奶超過一天，要請醫師評估
長牙不只是生理變化，
更是寶寶第一次「不舒服但學習忍耐」的時期。
有你的擁抱與陪伴，他會更快撐過 💛。
✨ 你家寶寶長第一顆牙的時候，
是在哪一個月呢？留言分享一下吧！
#寶寶長牙 #育兒日常 #0到2歲
#親子陪伴 #長牙期 #予蒔萬萬｜溫柔陪伴",2025-10-10 00:09,"生命的溫柔守護者
懷孕・產後・育兒・心靈療癒✨
知識是力量，陪伴是勇氣。
一起慢慢成為孩子與自己的太陽。☀️
➔ 點擊追蹤，一起溫柔長大。
每天一點點，把愛變成生活的樣子
🌟每一個當下都是最好的時刻✨
⬇️0-24個月寶寶動作發展",食慾減退
cy.hsuu,𝕙𝕖𝕚𝕕𝕚,"只有經歷過真正的傷心，才會知道心跟胃是連在一起的。
當你傷「心」，胃就會開始脹氣、疼痛，並且開始感受到食慾減退、拉肚子。身體很明確的開始抗議。
這個時候就得找到適合自己的方式來改善心情，以過往的經歷來看，不好好調整接著就是準備胃潰瘍了🥺
-自我觀察日記",2025-12-26 09:53,"💼 HR
👩🏻‍🎨@h.h.__studio💖命由己造，福由心生",食慾減退
cy.hsuu,𝕙𝕖𝕚𝕕𝕚,"大家好，今天家裡的6歲貓寶貝確認心肌肥大，想跟各位請益。
目前是B2
醫師建議開始吃血栓藥
以及吃保健食品omega-3
想問看看是否有建議的保健食品，以及想了解大家的寶貝們都有吃血栓藥嗎？
謝謝！",2025-12-19 23:59,"💼 HR
👩🏻‍🎨@h.h.__studio💖命由己造，福由心生",食慾減退
cy.hsuu,𝕙𝕖𝕚𝕕𝕚,"想請脆友推薦
雙北、桃園
獸醫院骨科權威
家裡的貓咪有骨頭上的問題需要診療，再請大家推薦了！謝謝",2025-12-15 11:20,"💼 HR
👩🏻‍🎨@h.h.__studio💖命由己造，福由心生",食慾減退
alex_liu_husky,Alex Liu,"夜深了⋯ 說說深夜的故事⋯
還記得某年
來了一位腸壞死的中年男性
身形骨瘦如材
看的出他被病魔折磨的很辛苦
卻又很有禮貌
事事忍耐到令人心疼那種性格
手術過程中
不堪一擊的他
果然在術中CPR..
麻姐給藥
我上去壓胸
搶救回來後
趕緊協助執刀醫師把手術完成
最後我把傷口大針關好轉送ICU
忙到一段落⋯
脫掉工作服
返回單位上廁所⋯
在我隔壁尿尿的瘦高男性
身形十分熟悉
（不就是剛才那位病患嗎⋯⋯）
就在我意識過來時⋯
他跟我點點頭⋯說聲 謝謝
就消失在空氣中⋯⋯
我趕緊查一下病歷紀錄
原來就在剛才尿尿那一刻
他再次搶救無效⋯已經走了⋯⋯
我想告訴這位善良的天使
其實⋯
最辛苦的
都是被病痛折磨的病人及家屬⋯⋯
謝謝你的體恤
謝謝你回來看我
我依舊清晰的記得你的善良與笑容",2025-02-21 23:08,"社冷、慢熟、低調⋯
喜歡寧靜的 療癒的森林系生活
用更好的自己 
遇見你",胃口不好
a79737973,a79737973,"婆家有一個很沒意義的群組，都是年紀45-50歲的大哥大嫂大姑二姑在發言 例：
1、大哥：爸爸最近一直喘，要不要載去大醫院檢查？
我：擔心的人就載，不用問大家意見。
大哥：那再觀察好了。
2、大姑：爸爸化療回來胃口不好，要不要載去醫院給醫生看一下？
我：擔心的人就載，不用問大家意見 。
大姑：那等下禮拜回診妳順便問醫生好了。
3、二姑：爸爸最近感冒都不會好，要不要去醫院檢查一下？
我：擔心的人就載，不用問大家意見 。
二姑：那叫爸爸多休息多喝水好了。
如果換我發言
我：這次手術費7萬，大家要怎麼平攤？每個人願意出多少？
大家已讀不回到出院。
我：下禮拜爸爸還要回診我不能請假，誰可以幫忙載？
依然已讀不回到回診
回診前一天公婆就會打給我說：明天是看9：50分的，7：30我在家等妳來載。",2025-10-16 10:19,,胃口不好
a79737973,a79737973,"前陣子一早公公打來說血尿多天叫我帶他去大醫院檢查，搭配大醫院的操作去個四次也是正常，第一次看診大哥大嫂就打來問醫生怎麼說？他們很擔心，呃……很擔心你們不會載嗎？我說今天只是掛號，後面還有安排電腦斷層、抽血、超音波、回診看報告以及追蹤，後續當然也沒人關心，前日一早公公又打來說膝蓋痛很多天無法走路，叫我載他去大醫院看醫生，抱歉我在上班，公公說不能請假嗎？還真不能。公公說那妳先掛號明天請假載我去，明天我也不能請假，你痛那麼多天大哥大嫂不知道嗎？你叫大哥載你去看醫生，不然等他下班看晚上的也可以，就這樣，拜拜。
這幾年我載了起碼40次以上，每一次就是5個小時，油錢 停車費 醫藥費 都是我要吸收，沒有人開口問過需不需要輪流幫忙，我們沒有分房分地分錢，父母不是我們一個人的責任，這次我勇敢拒絕了，其實隔天也不敢打電話問大哥到底有沒有載公公去看醫生，也不敢關心公公腳有沒有比較好，因為電話一旦撥通，責任又會回到我們身上，以後換我們當不孝子弟吧！（沒有追蹤連載的脆友不用留言我們不孝的詞語，也不用講什麼大道理，謝謝）",2025-10-15 00:56,,胃口不好
nomoretears8886,不哭不鬧,"外傳7：
有人問她手術和化療期間花椰菜有改變了吧？
不然甜不辣幹嘛還不走？
大手術完，開始她漫長化療的日子
她化療後，會吐，第一週會很虛弱，常常斷電，免疫力超低。花椰菜總是在她旁邊，睡著。
對沒有看錯，他一坐著就是睡著。因為甜不辣沒有力氣出去，所以他們常常在家裡的沙發上，然後花椰菜就睡著。醒來會問問她要不要吃東西（但如果她胃口不好，他就自己吃）
甜不辣習慣在出門治療前，自己先去刷馬桶
對，因為他沒刷過。她希望那一週起碼她可以抱著乾淨的馬桶。反正只要撐過那一週痛苦的日子，她就會好多了，可以像正常人一樣生活，也可以做家事。
「你什麼時候才是第7天啊？」有一次花椰菜問。
這讓甜不辣情緒潰堤，她說：「你是不是一直在算，我還要幾天恢復正常人狀態。這樣你就不必照顧我？而且我就會振作起來打掃家裡，洗衣服，清貓砂，去工作。」？
花椰菜也不高興了，
「你現在是在質疑全世界最愛妳的人！」
甜不辣聽完馬上道歉，「對不起，我不是有心要這樣說你的。我只是不舒服，比較敏感。」
做完化療的人，都會突然很冷，甜不辣有時候會冷到不停發抖。
當時是夏天。花椰菜一邊吹著冷氣，一邊說：
「冷是不會穿外套喔？」",2025-07-30 14:36,"婚姻鬼故事/真人真事/下限無極限
人物代稱 ： 先生-花椰菜 太太-甜不辣 小三-黑白切",胃口不好
_ty_361_,閨蜜Ty❣️ 美麗諮詢 生活 成長 美食 旅遊,"23W
每天都好餓好想吃東西
過了12W孕吐反應消失後完全沒有胃口不好的問題..甚至到21W開始常常半夜餓醒找東西吃..無法抑制的那種餓😭
好擔心是不是妊娠糖尿病的前兆🥲
（家族有糖尿病史）",2025-09-25 11:36,,胃口不好
sampro666,台北戴富強,"馬的
找朋友來家裡煮火鍋
說好一人帶一樣菜
現在好了
一共6個人扛了6箱啤酒進來
要煮啥小",2025-11-22 13:28,"幹話喝酒語錄
一個愛喝酒的老闆
積極樂觀 感恩惜福
夢想是環喝世界
喜歡看我講幹話就追蹤我吧",胃口不好
daidaiyu728728,續寫結局,"《又騷又野的大尺度情話》
1⃣️說不出哪裡好？就是想看你洗澡
2⃣️我今天胃口不好，就想啃你開胃
3⃣️你問我最想吃什麼，我最喜歡吃你的豆腐
4⃣️每到白天不想你，每到晚上就格外想你
5⃣️我真花心，喜歡每天的你和每一個你",2026-01-07 19:21,,胃口不好
daidaiyu728728,續寫結局,"都來試一下吧😉
「1分鐘秒測戀愛腦」
#婚戀#愛情",2026-01-07 17:54,,胃口不好
99aimee66,Aimee L,"胃口不好又更沒有胃口了🫠
.
.
.
看起來纖維挺多的",2025-11-21 11:53,全EC變頻商用冰箱_打工女子,胃口不好
abrina.studio,采美甲｜霧眉,"很多人跟我一樣不是油肌但卻有痘痘的困擾吧
Biore抗痘保濕洗顏慕絲這款洗臉慕絲是目前對我來說最佳的選擇
泡泡綿密 觸碰在臉上很舒服
微微的香味 不刺鼻（個人很喜歡）
重點是洗完臉不乾！！這是極大的重點
很多洗面乳很明顯洗完過個5分鐘就乾的要命
尤其是抗痘效果的更明顯的控油到不行
但不是只有油肌會長痘喔！
連續用了兩個禮拜的感受下來
真的穩定膚況有加分（因為最近作息不正常）",2025-07-12 15:11,分享版,作息不正常
abrina.studio,采美甲｜霧眉,"一匙靈的廣告實在太洗腦
一條很方便直接丟進洗衣機
那在手上不會黏手
還能聞到香味～
#防蟎
#Attack一匙靈洗衣霸",2025-07-09 01:29,分享版,作息不正常
heloise_9822,陳慧瑄 ( 진혜선 ),"我以為上週的藥已經很苦了
結果這週苦一個差點噴出來🤣
我真的超愛我的中醫師，從國中一直要吃西藥才能緩解便秘，後來上大學那年因為瘦太快停經3個月，覺得身體快不行了，找了好多醫師名單，最後找她的原因1. 會調內分泌跟代謝2.長得漂亮有氣質
果然沒看錯人！！每次都是靠她把我快瀕臨極限的身體給拉回來她超溫柔，但是每當我作息不正常的時候針灸就會特別酸痛（溫柔且堅定地讓妳知道，再不改善⋯下次針灸也是這麼痛🤣）
有夠苦⋯⋯希望趕快調整好身體
脫離苦海🥹",2025-10-17 00:18,"不確定自己會成為誰
但希望每一次出現，都是真誠的
🎬 演員練習中｜紀錄生活的光與日常光
📩heloisechen26@gmail.com",作息不正常
i0707.2025,i0707.2025,"元旦隔天就迎接血腫回診報到
新的一年 開始下一階段荷爾蒙治療
口服泰莫西芬（Tamoxifen） 
然後也要準備打停經針了
（看過那個針頭好粗  抖。
也希望副作用不要太多太明顯
化療胖的體重還掛在身上
當女生好辛苦😓
完全沒動力運動了",2026-01-05 01:20,"32歲罹患乳癌一期
目前抗癌ing
小小樹洞紀錄著這一切💪",沒動力
tulipwalud._.58577,tulipwalud._.58577,"就是說我最近越來越覺得沒動力了 明明剩一個禮拜 但卻完全提不起勁 所以我很好奇 大家有沒有這樣 還有怎麼克服（剩一個禮拜好像問這個沒什麼用..）我不是都不認真 我其實暑假那兩個月到開學10月中都滿認真的 只是越靠近學測越沒動力讀書
只是最近有點跟自己和解了！？ 我現在的心態比較像是理解到 就算考不好也不會怎麼樣 人生容錯率沒那麼低 加上我目標其實不是像大家一樣 什麼頂大 醫牙資工 法律 我只是個家裡沒有礦 又堅持自己的理想 想讀歷史系 以後當個歷史老師的人。重申 家裡沒礦 所以每次上網查歷史系的資訊就會被輿論毒打一次 大家都在說 家裡沒礦不要讀 或者讀這個會餓死 但我真的除了這個 也不知道該讀什麼了
其實脆上看到大家都好焦慮 我也是一個好焦慮的人 所以我很好奇 大家這麼努力讀書（或沒讀書）而焦慮 是為了什麼 感覺大家似乎都一直向上看 是不是忘記自己了 最近真的體認到人生就是要過的開心 做自己喜歡的事 就很棒了 卻又會被社會的框架制約 我對物質慾望不大 所以也不太能理解那些想要醫牙資工賺大錢的人我根本也不確定我未來會不會後悔 總之我現在在很焦慮的過程中同時追求平靜
#理性討論拜託...",2026-01-07 16:06,創傷是命，若他作響,沒動力
xi_aoyu3848,小宇,想找個假日可陪伴豐原一起爬山，有時自己心動但未動，因沒有伴所以沒動力，不知有沒有這樣的人陪伴,2025-12-28 18:58,,沒動力
yahom_exhaust_system,YAHOM重型機車排氣,"-
👉 借車去驗？老闆直接送你一組排氣管 ❌ 找不到合格管?❌ 擔心不合格❌ 有聲音沒動力 
這些都不用了
這支YAHOM排氣管
-
✔ 合格認證
✔ 直上 Force 2.0
✔ 馬力提升超有感 💥 
-
#Force2.0#排氣管#合法改裝#不用借車驗#改裝日常鐵牌",2026-01-05 21:59,,沒動力
idv_mf,♱·.༝棉Fa ༝.·♱,"把之前的東西刪掉了有點麻煩
不過今天開始
來記錄一下 還有92天的心情吧
D92 緊張 難過 沒動力
zzZ",2026-01-06 22:30,開團|秒跟,沒動力
niny0830,澎湖睿品海鮮宅配✨,"每當被老闆罵的很不甘心的時候
就很不想接業務
沒動力了 冷掉了",2026-01-08 12:57,"》澎湖討海人（的妻子）🇹🇼
〉絕對新鮮我不騙你✨
》沒有進口漁獲（不知道怎麼進
〉澎湖在地船家 宅配送到你家
》這裡也可以是小樹洞🌱",沒動力
niny0830,澎湖睿品海鮮宅配✨,"我只是趁著中午吃飯時間
編輯照片 分享者客戶訂的魚
跟大家推薦有需要可以訂購
「在來的群上傳30幾張照片」
傳不到一半老闆打來罵欸
我不懂
反正老闆不會看脆
看到的時候阿編我可能也辭職了",2026-01-08 12:56,"》澎湖討海人（的妻子）🇹🇼
〉絕對新鮮我不騙你✨
》沒有進口漁獲（不知道怎麼進
〉澎湖在地船家 宅配送到你家
》這裡也可以是小樹洞🌱",沒動力
seay_10014,seay_10014,"這個連假原本想好好休息
但憂鬱症發作
整個人完全沒動力 只能躺在床上
最近工作的狀態也不好
不過因為腦袋無法轉動和思考
所以原本在焦慮的事情
也沒力氣煩惱了（？）
真的超崩潰
假日就這樣虛度了
然後又開始害怕面對上班
想知道有類似狀況的朋友都是怎麼撐過去的呢？",2025-10-05 18:44,🌱,沒動力
bill.triple.e,Bill ✏️比爾｜又是去東京🗼,"《情緒雞尾酒》
➎種身體激素搭配狀態｜點一下提供解決方法
沒動力 ＝ 多巴胺低
→ 做小目標 + 曬太陽 + 運動
孤獨痛 ＝ 催產素低
→ 聊天 + 親密互動 + 呼吸放鬆
易怒躁 ＝  血清素低
→ 曬太陽 + 快走 + 深呼吸
焦慮鬱＝  皮質醇高
→ 熱水澡 + 冥想 + 早點睡
沒魄力＝  睾固酮低
→ 重訓 + 蛋白質 + 戒過度色情",2025-12-02 09:45,"【學習筆記】理科業務轉行銷企劃
🔖自媒體行銷、讀書筆記
IG是生活碎片日記📔",沒動力
stephenlaurenanna,Jiayun Lighting,從事燈具行業八年，工廠坐落於燈飾之都中山古鎮!主營範圍:吸頂燈，吊燈（水晶燈），磁吸導軌燈，防眩筒/射燈，線型燈，明裝斗膽燈，筒燈，射燈，超薄無主燈，燈帶，壁掛燈，智能燈具等!可訂製芯片驅動:飛利浦，西鐵城，歐司朗，科瑞，三安，普瑞，萊福德……等，廠家直銷價格有優勢!室內裝修,2025-01-18 22:31,"Specializing in downlights, spotlights, ceiling lights, lights with chandeliers, all kinds of colors can be customized.",難以集中
psdqueen,Yen Chun Chou,"很認同欸….
在此之前沒有意會到心理諮商的好處
但就是在12月底發生過車禍那時，第一天我們誰都沒說，只專心在小孩身上的時候，維持正常，不要讓他覺得太可怕感到焦慮
其實一直都無法回神…狀態渾渾噩噩，就像是人家說的六神無主、心神不寧的樣子…
才想著說要去收驚…
隔天早上上班時，想說還是跟主管說一下昨日自己發生車禍的過程跟當下狀態不好的問題…
沒想到，一說出口就情緒潰堤…但也神奇的是 狀態有突然恢復的感覺…突然就回神了
把情緒聊出來，真的有一種明顯的助益…
是以前沒有感受過的😊",2026-01-08 01:08,"🦁️
#stayhumblestayhungry
#parents
#ESFP-A
#2025人生新目標看一場YOASOBI現場演唱會😍",心神不寧
psdqueen,Yen Chun Chou,"最愛台東人這個同步‘矮～’的默契
好好笑😂",2026-01-01 12:25,"🦁️
#stayhumblestayhungry
#parents
#ESFP-A
#2025人生新目標看一場YOASOBI現場演唱會😍",心神不寧
psdqueen,Yen Chun Chou,"這真的…太有fu了🥺🥺🥺
超美好🥹
2026新年快樂🥰",2026-01-01 11:06,"🦁️
#stayhumblestayhungry
#parents
#ESFP-A
#2025人生新目標看一場YOASOBI現場演唱會😍",心神不寧
m.moon.s_mood,m🌕m,"28：👩🏻‍🦰’moon👀
.
🫣 應「友人」要求👁️👁️～想知道！！
.
🌿 你附近的能量場，真的「乾淨」嗎？
.
.
.
🫣 你有沒有曾經：
🔸 去到某些地方總覺得毛毛的、心神不寧？
🔸 有些地方會容易莫名心煩、情緒卡住？
🔸 燈光、聲音、氣流都怪怪的說不上來？
.
.
.
🧟‍♀️ 你不是多想
也許只是你的附近——有點「熱鬧」。🫣
.
.
.
💬 上傳一張你想知道的環境照片（室內 or 室外皆可）
🫣 來幫你看看是不是哪兒 👁️👁️ 有點不對勁 👻
.
.
.
📿 同時也會提供建議，怎麼調和氣場，提升保護力
.
📩 快來體驗能量偵測，一起走進空間的靈性祕境🌙✨
.
.
.
#空間氣場 #靈性感應 #能量掃描 #礦石連結 #脈輪共振",2025-07-15 15:46,"💡任一靈性的初衷，都是為了讓世界更美好！
……………………………………………………………
💎 礦晶解讀｜🌳 脈輪解讀｜.🐈 寵物解讀
😶‍🌫️ 高我解讀｜🦄 寵物高我意識解讀與溝通
🔢 靈數解惑｜✉️ 代接訊息解惑
……………………………………………………………
👩🏻‍🦰 用✨意識解讀🌏實相=能量",心神不寧
m.moon.s_mood,m🌕m,"27：👩🏻‍🦰‘moon 👀
友人說我太嚴肅不夠有趣
所以發了兩篇解讀（25隨意解讀+26看你身邊有👻）
但冷清到👩🏻‍🦰都想跟👻聊天好了
朋友建議可以解讀「靈魂天賦或前世今生」之類，很多老師級的版都有，很有趣。
但其實我很疑惑「沒有名字、生日或長相，只靠虛擬的帳號怎麼連結到靈魂」，又或者派系不同吧！🤷‍♀️
慎選，不要讓靈魂受傷了",2025-07-08 15:55,"💡任一靈性的初衷，都是為了讓世界更美好！
……………………………………………………………
💎 礦晶解讀｜🌳 脈輪解讀｜.🐈 寵物解讀
😶‍🌫️ 高我解讀｜🦄 寵物高我意識解讀與溝通
🔢 靈數解惑｜✉️ 代接訊息解惑
……………………………………………………………
👩🏻‍🦰 用✨意識解讀🌏實相=能量",心神不寧
liu_yun0520,劉芷妘,"聽說鄧紫棋昨天官宣了台北場演唱會
因為今年很幸運的在八月的時候飛去香港看她
所以想分享一下自己的體驗
以下是看完鄧紫棋演唱會後的副作用
如果要搶鄧紫棋台北場演唱會的人請務必仔細反覆閱讀：
一、看完後隔天喉嚨會非常乾癢痛 聲音會聽起來像鴨子
二、因為一直舉著螢光棒跟應援棒 隔天手會酸到無法施力
三、為了跟紫棋一起大合唱 要記下所有歌曲的歌詞 非常燒腦
四、如果在內場的話有可能會跟鄧紫棋一起出現在大螢幕上 非常i 人不友善
五、非常多燈光舞台效果跟音質超好的音響還有紫棋超絕的唱功會在你腦裡揮之不去 影響視力跟聽力
以上這些副作用是本人當時在香港親身感受的經歷 所以說這種既會傷害身體又影響腦力又會導致心神不寧的演唱會 就由我去幫大家體驗就可以了 這種感受不是一般人能承受得了的 只有棋士可以🥹",2025-12-15 14:00,"♡@gem0816此生最大的願望就是去見鄧紫棋本棋💜
20250815我們終於見面了🥹",心神不寧
liu_yun0520,劉芷妘,"到現在都還沒緩過來
剛剛一直瘋狂尖叫跟興奮的一直喊好快樂
鄧紫棋你終於要來了🥹
今年八月的時候是我去你的家鄉香港找你
這次換你來我的家鄉找我了😍😍😍
這次也一樣 I come and find you!",2025-12-14 12:36,"♡@gem0816此生最大的願望就是去見鄧紫棋本棋💜
20250815我們終於見面了🥹",心神不寧
im.notzqs_,im.notzqs_,"書也不讀好，什麼都不會做，就知道哭哭哭，內耗內耗
沒救了",2025-11-11 18:10,,內耗
im.notzqs_,im.notzqs_,好想自殺但好怕痛,2025-11-11 18:06,,內耗
wei__wei__0501,鍾宥威,不內耗真的好難,2025-12-23 15:41,,內耗
wei__wei__0501,鍾宥威,20學分我就看可以拿幾分,2025-12-19 20:38,,內耗
asagakuru.4zo,asagakuru.4zo,找互惠模特是史上最內耗的一件事,2026-01-06 21:40,,內耗
asagakuru.4zo,asagakuru.4zo,"攝影圈的說教男怎麼這麼多啊
重點九成的點進去看都拍的不怎麼樣 
好好笑",2025-12-30 01:28,,內耗
1zilko.0,？,你敷衍真的會讓我內耗很久,2025-12-20 19:52,喜歡我,內耗
lala.11689,lala.11689,"「 跟迴避型人格的人相處 」
你再內耗，他在睡覺 ⋯",2025-04-19 09:46,就讓惡魔藏在陰暗的小角落 🍂,內耗
mike_lai,mike_lai,"《 百年孤寂 》今日上架，真係又期待又怕受傷害。
它大概是我人生看的第一部長篇小說，想當年在學校圖書館見到它，甚至不知道它是經典文學鉅著，只是單純地因為書名「好靚」就借走。長假通宵達旦，一口氣看到底，冚埋書一刻，我深深地呼了一口長氣，才發現自己早已緊張到閉氣，心跳快了幾拍，腦內彈咗「個作者好鬼痴線呀～」幾粒字，至於馬奎斯、諾貝爾文學獎、魔幻寫實主義⋯⋯那已經是後來才知道的事了。
後來林夕的《百年孤寂》，說佛學體悟，也說現實VS幻象，轉個彎回歸到歌名根源的作品本身。林夕的痴線在於集中西、文學、哲學、自身感悟於一曲，而不用任何艱澀的文字，這樣賣字才是真的強。（有興趣睇完整文學分析，可以去看
@songstoryworks
@songstoryworks
，非常詳盡！）
Anyway講遠了，只因為由細到大都鍾情呢四粒字、小說與曲詞，只希望影集生生性性，馬仔(馬奎斯個仔, a.k.a影集的兩位監製)唔好破壞我嘅童年回憶⋯⋯",2024-12-12 01:28,,孤寂
mike_lai,mike_lai,"最近香港變得有啲可愛❤️ 美國藝術家 Kurt Perschke 的🔴紅球裝置 RedBallProject 今日正式在香港巡展，10天內「到訪」10個不同地方，1天1紅球 🔴⋯⋯好玩！
追起來🏃‍♂️
🔴 中環10號碼頭(12月6日)
🔴尖沙咀香港藝術館(12 月 7 日)
🔴西九文化區藝術公園(12 月 8 日)
🔴中環遮打花園(12 月 9 日)
🔴尖沙咀九龍公眾碼頭 4 號(12 月 10 日)
🔴金鐘亞洲協會香港中心空中花園(12 月 11 日)
🔴中環怡和大廈(12 月 12 日)
🔴赤柱卜公碼頭 (12 月 13 日)
🔴銅鑼灣維多利亞公園模型船池(12 月 14 日)
🔴中環山頂獅子亭(12 月 15 日)",2024-12-06 19:32,,孤寂
joyce.ch0627,JOYCE | 就以斯 | 914,"每天唱一首歌直到我發我的第一張專輯
Day 61（最後一天）
今天來唱倒數22小時就要發行的專輯的最後一首歌，是我寫給我媽媽的歌，謝謝各位這兩個月ㄉ收聽，我們專輯明天見🎧
-
JOYCE - 不怕孤寂
在難過到底 無能為力 悲傷的時刻
桌上的紙巾空了 一盒又一盒
臉上淚痕 哭得累了 無可又奈何
放不下的先別勉強了
想著想著 緣分 還未盡的時刻
受傷的心 找不到快樂
睡了又醒 一樣 在煩惱中的人
今晚不怕孤寂了",2025-12-11 02:44,,孤寂
joyce.ch0627,JOYCE | 就以斯 | 914,"每天唱一首歌直到我發我的第一張專輯
Day 60 倒數一天發行！！！
Lauv- superhero
（這是我高中時最愛的歌手
當時循環播放的就是這首歌💙）",2025-12-10 01:21,,孤寂
tangbtw,Ricky Tang,讓人特別感到孤寂的季節終於過了,2026-01-05 12:55,"一個人
一隻狗
一片植物",孤寂
tangbtw,Ricky Tang,新年祈福🙏🏼,2026-01-01 20:12,"一個人
一隻狗
一片植物",孤寂
luciferhuang_34818,luciferhuang_34818,"關於跑步，最近真的是有點心灰意冷🥲
休息好一陣子再去跑步，膝蓋依然會不舒服！
是因為我讓它休息不夠久嗎？我都是讓它休息到完全不會痛才會去跑，但大概跑兩公里就開始復發了。
也開始懷疑是不是因為跑鞋的關係，長期以來都發現鞋子穿的太大了，最適合我的尺碼是25 cm 或25 cm 寬楦，但以前都是買26 cm 到 26.5 cm，基本上鞋頭是一個半大姆子的空間了。這次也去民間的跑鞋店，跟老闆娘討論了很多適合自己的跑鞋。建議不要去連鎖店，因為大部分連鎖店的店員也不懂要怎麼選。
豁然開朗發現，其實選跑鞋也是一門學問啊！總而言之，後來買了 Mizuno Rider 28。換雙跑鞋繼續尋找看看到底是什麼原因造成膝蓋的問題。
身為工程師竟然想到要以人機料法去分析…",2025-11-24 19:45,"目前正在準備26年的富邦高雄馬拉松～～
也是人生第一個認真準備的馬拉松！",心灰意冷
luciferhuang_34818,luciferhuang_34818,"休息了5天又來試跑啦！
高雄大學小跑一圈，用超慢跑的速度（大約10分速）去感受膝蓋恢復的狀況，大概1公里開始有痠痛感，走路之後就緩和了許多。
明天再試試看距離能不能拉長！",2025-11-14 21:45,"目前正在準備26年的富邦高雄馬拉松～～
也是人生第一個認真準備的馬拉松！",心灰意冷
0928vvv113,如沐冬冬,"怎會走到這步
教育部迫害教師
教師無法避難
家長火上添油
學生……
這亂象何時會停止
千瘡百孔 心灰意冷的教師
能有迎向光明的機會嗎
亦或就一起下地獄 
離開是不是 選擇",2025-11-29 06:40,一二三階段,心灰意冷
amandacha__,Amanda Chan,"最近大家都在討論PR要延遲至2027年後才開始處理的消息，
說實話，
我知道那一刻內心的確心灰意冷了一陣子，
但失望沮喪又如何？
現實是加拿大並沒有虧欠香港人，
這個世界本來就沒有所謂的公平正義，
起初他說永遠愛你，
但一起久了卻又說要跟你分手，
你哭著求他不要離開也不能改變事實吧？
世上沒有一個地方，沒有一個人，
你能一直依靠下去，
最後你永遠的靠山也都是自己。
我的簽證下年11月到期，
PR不再想了， 
能不能續簽也不想了，
我只想專心建立屬於自己的事業，
努力在工作上提升自己的競爭力，
我期望有一天，
我能不再被一個地方永遠困住。
人生在世，並不是為了一個PR而活吧？",2025-03-22 08:30,"Until you make the unconscious conscious, it will direct your life and you will call it fate - Carl Jung 🐛🦋",心灰意冷
amandacha__,Amanda Chan,"公司有一個和我同期入職的小鮮肉，
我叫他做「乖孫」，
因為他是加拿大公司創辦人的孫仔。
今天和他圍繞公司散步一圈時，
我記起了他上星期有跟我說星期日會去Mandarin慶祝婆婆生日，
所以我便問他 How was Mandarin?
然後他臉上流露著興奮的表情，
對我說：It was REALLY good! 
還說了兩次🤣
是不是每一個加拿大人都很喜歡Mandarin的自助餐？好像是生日必去慶祝的地方？
無論是環境，還是菜式，
應該都很符合外國人心中對中國文化和食物的幻想吧？！",2025-03-19 09:30,"Until you make the unconscious conscious, it will direct your life and you will call it fate - Carl Jung 🐛🦋",心灰意冷
whowhohuang,Who Who,"今天以後我決定告別yoxi
為了取消費40元？
不！是一個感覺問題
今公車坐過站，只好叫車
定位在一家雞排店前
叫到車後系統顯示要等6分鐘
等一等 又變7分鐘
總之最後等了快10分鐘
發現司機有用app系統訊息我
內容是罐頭訊息告知司機已抵達 
要是超過三分鐘要扣40元之類的
但那時間車很少，我放眼望去根本沒一台計程車
我就訊息回覆
「我在雞排店、沒看到你、你在哪」
接著又趕緊打電話給司機
打了兩通都不接、訊息顯示已讀
接著我就被取消了！！！！
然後顯示 取消費40元！！！
在大熱天等半天不只一場空還倒貼
真的是一把火
立刻申訴又撥電話給客服
但只得到 會再調查
若司機問題會把40元還回
頓時覺得自己是什麼很賤的人
不是呀 為了賺空車費40元你有必要這樣騙我嗎？
還是這叫車平台出了什麼問題？
之前在LINE Taxi曾遇過類似問題
它當下就先退回了取消費
而55688司機若找不到則會打來確認位置
說真的 我雖然不是什麼大戶 
但每個月也比一般人貢獻不少吧？
唉 心灰意冷～
再見！yoxi",2025-08-05 23:30,,心灰意冷
kerrykao_ya,Sora,"不知道在哪裡說比較好，就是想發洩
離台北馬只剩十天了，依舊連滾帶爬（物理
想到自己可能連起跑線都無法站上就想哭
這次事發隔天就積極處理，但過了三個多禮拜依然一事無成，沒有多大改善，狀況不明各種代償找不到主因根治，自己也束手無策，心灰意冷
或許是老天要我緩緩
但連走都走不好的日子真的很難熬
應該要感謝這麼多人幫助我但我現在只有滿滿的沮喪😞",2025-12-11 16:49,"🇹🇼🇭🇰🇯🇵🇨🇳🇲🇴🇺🇸🇳🇵 🇮🇹🇨🇭🇪🇸🇰🇷
Everest Marathon 國外女總五
初馬3:20:32
練騎重機的小歐蛙工程師😛
會跑會爬就想上山下海！
#EBC #TMB #朝聖之路 #世界盡頭 
⛰️百岳-98% 小百岳-23%🇯🇵⛰️ 百名山-3%
🤿 18",心灰意冷
kerrykao_ya,Sora,"《LOTTO 輕跑體驗日》٩(ˊᗜˋ*)و
開始跑課表後，最開心的就是輕鬆跑了！
不管配速真的輕鬆許多
再搭配有吃有玩的social run就是讚☺️
幸運入選體驗Lotto新鞋鞋的機會
繼胖丁鞋後又多了一雙能跑能走、外型又超好搭的小白鞋
還沒什麼宣傳就有人成為我的第一個客人😀
（默默的get情侶鞋？！
當日身體有些狀況一直落隊
還好朋友都很包容陪伴
還認識厲害的FXT大神助教
@a22427623
@a22427623
陪跑
一起度過一個風光明媚的上午
謝謝 Lotto 的邀請
讓這個週末少了一點焦慮、多了一點開心☺️
@lottosport_tw
@lottosport_tw
#skymove #輕盈跑鞋 #getyourlifestylegoing #跑步女生 #socialrun",2025-12-06 22:06,"🇹🇼🇭🇰🇯🇵🇨🇳🇲🇴🇺🇸🇳🇵 🇮🇹🇨🇭🇪🇸🇰🇷
Everest Marathon 國外女總五
初馬3:20:32
練騎重機的小歐蛙工程師😛
會跑會爬就想上山下海！
#EBC #TMB #朝聖之路 #世界盡頭 
⛰️百岳-98% 小百岳-23%🇯🇵⛰️ 百名山-3%
🤿 18",心灰意冷
kerrykao_ya,Sora,"跑步腿會不舒服去看物理治療
👨‍⚕️：怎麼啦
👩🏻：右腿痛，沒辦法跑
👨‍⚕️：好，來幫你看看
（幾天後）
👨‍⚕️：你最近跑起來感覺如何
👩🏻：最近腿一跑就嚴重代償，沒什麼跑
👨‍⚕️：不行不動呀！復健就是要多動！
（我也很想跑🥹但就是跑不起來才來找你）
By訓練已pass掉一半週期的小女子🙃",2025-12-01 17:39,"🇹🇼🇭🇰🇯🇵🇨🇳🇲🇴🇺🇸🇳🇵 🇮🇹🇨🇭🇪🇸🇰🇷
Everest Marathon 國外女總五
初馬3:20:32
練騎重機的小歐蛙工程師😛
會跑會爬就想上山下海！
#EBC #TMB #朝聖之路 #世界盡頭 
⛰️百岳-98% 小百岳-23%🇯🇵⛰️ 百名山-3%
🤿 18",心灰意冷
mingwong813,MingWong,心灰意冷,2026-01-05 15:08,🐈,心灰意冷
dmachi._.0320og,麻吉,我今天憂鬱症發作了，要假裝自己很正常，跟先生去吃火鍋，情緒很低落，跟先生說我想回家了，他居然回我怎樣啦，當場眼淚掉下來，我真的不想這樣,2026-01-04 00:31,我是小太監麻吉,憂鬱
fw_.1005,JC,"想找女朋友👉🏻👈🏻
自我介紹一下： 
身高160cm左右
小六！今年國一🫰🏻（12
會秒回（除了在上課、睡覺、打球
長相一般
偏E人，喜歡玩抽象
生日1005
心情每天都在低落😶‍🌫️
愛上會很黏人（恨不得黏在一起的那種
每天都會找你
想找年紀相近的
會有人要ㄇ…
認識看看也好啦",2025-04-04 09:10,"單
東小
棒球
廟會小孩
8+9
:)
🌚
🍉@dance937070@yoyo0.720@wiily0889",低落
little.man.uklife.learner,Little.man.uklife.learner,長假後，覺得對返工有恐懼，士氣低落，心跳加速緊張，係唔係正常？ 尋晚已經訓得唔好，半夜夢到自己係公司做野，然後就醒左訓唔到🥲大家有過相同經驗？真心請教應該點樣舒緩依種恐懼？😰,2026-01-05 05:56,分享到英國生活日常事情，Band 5中學出身無父幹，平凡到不能再平凡，膽粗粗到英國生活，廢柴同盟主力廢柴成員，辦公室低級下游寄生蟲一條，如果唔嫌我太廢，歡迎大家follow😊,低落
little.man.uklife.learner,Little.man.uklife.learner,"睇左尋秦記，點解戲院現場無任何紀念品？😭你哋有冇成功攞到紀念品？
￼
英國好多戲院都爆曬，現場所見全日三場全部爆滿，反應熱烈🥳
尋秦記可能係英國算係小眾電影，￼戲院內完全冇宣傳品，只係喺隱蔽處角落位一張A4 size海報貼係垃圾桶上方🫣￼好多觀眾完場之後想個位置打卡影相都無😛不過能夠入埸感受懷舊情懷都好開心，大家睇左未呀？👍",2026-01-04 06:07,分享到英國生活日常事情，Band 5中學出身無父幹，平凡到不能再平凡，膽粗粗到英國生活，廢柴同盟主力廢柴成員，辦公室低級下游寄生蟲一條，如果唔嫌我太廢，歡迎大家follow😊,低落
little.man.uklife.learner,Little.man.uklife.learner,Happy new year🤗🥳祝各位移英朋友身體健康，事事順心👍平安上壘達陣,2026-01-01 08:26,分享到英國生活日常事情，Band 5中學出身無父幹，平凡到不能再平凡，膽粗粗到英國生活，廢柴同盟主力廢柴成員，辦公室低級下游寄生蟲一條，如果唔嫌我太廢，歡迎大家follow😊,低落
donny.english,Donny.English,"📝一字多義-④
【生活字 → 學測陷阱型】
👉 看起來簡單，其實很壞
1. bank：(n.)銀行／(n.)河岸
2. bark：(v.)吠叫／(n.)樹皮
3. bill：(n.)帳單／(n.)法案
4. fair：(n.)公平的／(n.)展覽會、市集
5. file：(n.)檔案／(v.)提出訴訟
6. novel：(n.)小說／(adj.)新奇的
7. plain：(n.)平原／(adj.)樸素的
8. terminal：(n.)航廈／(n.)末期
9. will：(n.)意志／(n.)遺囑／（aux.)將
10. down (adj.)低落的/ (n.)羽絨
11. house (n.) 房子/（v.)提供住處、收藏
12.harbor (n.)港口/ （v.)窩藏
📌 我以為我會＝最危險",2026-01-04 21:56,"懂你英文 | 懂你的英文難題
💯From confused to confident 
🎓 學測・會考・段考・寫作教學
📝看懂題目×寫出答案
💡不死背×真理解",低落
donny.english,Donny.English,"📝「一點也不」你會怎麼說？
我一點也不餓。

 I am ＿＿＿＿＿＿＿＿＿＿ hungry.
in no way

 in no sense

 in no shape

 in rare case

 not (in) a bit

 not in the least

 not in the slightest

 not for a (single) moment

 under no circumstances

 by no means

 on no account

 far from

 anything but
#高中英文
#片語代換",2026-01-02 22:30,"懂你英文 | 懂你的英文難題
💯From confused to confident 
🎓 學測・會考・段考・寫作教學
📝看懂題目×寫出答案
💡不死背×真理解",低落
donny.english,Donny.English,"📝「事實上」，還有哪些代換呢？
事實上，他們沒有結婚。

 ＿＿＿＿＿＿, they are not married.
As a matter of fact

 In (actual) effect

 In actuality

 In practice

 In reality

 In truth

 Actually

 As it is
你學會幾個啦？",2025-12-28 22:38,"懂你英文 | 懂你的英文難題
💯From confused to confident 
🎓 學測・會考・段考・寫作教學
📝看懂題目×寫出答案
💡不死背×真理解",低落
xinzhuxiangzhu,xinzhuxiangzhu,"跟主播聊天就是一條不歸路
現實生活中的一些打擊 讓我打開很少在用的陸抖
原本是為了尋開心的 結果最後是不停內耗
中間其實覺得自己不該再這樣撒錢 所以退過一次
但剛好發生了一些事 我變成他最信任的人
他這個身分不應該跟我說的實話全部都說了
他會因為我心情低落 所以隨便打發榜一跑來照顧我的情緒
睡眠時間很少 但還是願意花很多時間跟我講電話
結果就造成了我越來越依賴他
但同時理性又一直在拉扯我 覺得這是一個有毒的關係
我很清楚知道這不是男女之情 只是因為我太脆弱
很需要那麼一個人來接住我 而剛好我選到了他
並且也很害怕若是有一天他變了 我肯定會受到很大的傷害
所以我想及時止損
後來取關試過了 拉黑也試過了 結果還是心軟好幾次
雖然他說不要進直播間 跟他聯繫就好
但也許直接碎燈牌會不會更有用一些
說不定我只是不捨那些堆積出來的親密度
也可以驗證他到底是不是一個騙子吧",2025-11-03 06:22,,低落
sutwobe,Su Su Jane,除了低落還是低落,2026-01-08 15:45,,低落
yi.n._.118522,依恩,"隔年破5000粉我就穿這個.....
（爪子暫時想不到要買哪種的🫠",2025-11-11 19:25,"17y INFP 本是語音創作者🎙️🎧
被拔除之後開始發手🫳🏻
-
可找我合作，但前提是我需要時間練稿～
包括我日文不太好，所以要日文對話我還在考慮中🔒",焦慮
yubb03,壞兔的豬,你焦慮是因為  你有考上去的能力,2025-10-08 00:12,"生處在宇宙中的渺小人類
活在悲觀坐標系的豬，有朝一日要無憂無慮的生活",焦慮
benchen_0218,澈,"對不起廣大的脆友 
辜負大家的期待了
這應該是最後一篇了
在今天12/9靜寶最終沒有戰勝病魔
在早上時沒有太多痛苦像睡著一樣的永遠離開了…
他去當一個最漂亮最可愛的小天使永遠守護我
很感謝一路上各位的支持與祝福 相信靜寶都知道
這是我給靜寶的最後一段話：
我永遠的寶貝
謝謝你這一路的陪伴
真的很謝謝你一直愛著我到最後一刻
這一刻我沒有食言 我真正陪你走到最後了
可是你真的好賤 自己先偷跑丟下我一個…
沒有你我怎麼辦 但我還是會想辦法努力適應的…
往後我會好好照顧好自己
不會讓在天上當小天使的你擔心
我會乖乖吃飯 乖乖喝水 乖乖賺錢 乖乖存錢
乖乖做好自己該做的事
摩卡我會照顧好
你就不要擔心了 好好休息 睡一個很長很長的覺
這段時間真的真的辛苦你了
最重要的
下輩子我還會找到你
下輩子你要做我的老婆
我們打勾勾…",2025-12-09 15:49,"04
01👼@yiuiy._
#2｜YZF-R15M🏁",痛苦
yuilll.__,yuilll.__,"暈船仔最痛苦的是
：喜歡上一個自己不認識的人。",2025-02-01 08:02,,痛苦
yuilll.__,yuilll.__,"現在遇到想認識的人還是遠遠看就好
畢竟認識的越深你想要的會更多",2025-01-20 19:31,,痛苦
h18603600,h18603600,"家裡有吸毒的家人真的好痛苦⋯
已經快20年了 全家都被他害慘了
爸媽已經70歲 
還要在跨年夜被警察叫去警察局
幫到也無力了
吸毒的人似乎真的很難戒毒成功",2025-12-31 21:22,,痛苦
kelly_be_be,靈魂調香師🌹香香凱莉,"今天坐在咖啡廳路口開會
2:00-5:00多
跟新的攝影師談合作項目
書本的內容等等的
突然人群圍上，我上前看，
不應該好奇的😭
以為是寵物在陽台還是什麼
後來抬頭看
有人正在當小飛俠
於是轉頭說
我要走了！ 本來就準備離開了。
帶著開心合作的心情回去整理文案
聽到聲音當下
真的當下我沒辦法言語什麼形容
因為聽到是，很震撼的墜落聲
恐懼及無助瞬間上來
而且是跳在別人車頂上
不知道有什麼過不去的關卡
可是千萬不要傷害自己
人生這一次真的很好玩，
我們明白世道越來越混亂
像今天我們不止是開會，
也是有快樂的事分享給朋友。
今天是滿滿的謝謝2026好開心
找到合作攝影師，聊了投資規劃
啟動出書的動力，拖三年了⋯⋯
但也有人2026選擇不一樣方式
希望看得的人
我轉頭跟一個陌生男生對眼的時我很抱歉
我直盯他眼睛
我不知道有沒有嚇到你
總之在朋友攙扶下我先冷靜一下
今天才重燃燒未來的快樂
但也同時也有人燒盡灰燼。",2026-01-07 18:29,調情老香，靈魂調香師到此一遊🌚,無助
kelly_be_be,靈魂調香師🌹香香凱莉,"跨年一些照片出來
選在沒有人擠人的地方
但被愛包圍的地方",2026-01-04 18:14,調情老香，靈魂調香師到此一遊🌚,無助
kelly_be_be,靈魂調香師🌹香香凱莉,看藝術就不會餓肚子，這時間 😭,2026-01-04 00:32,調情老香，靈魂調香師到此一遊🌚,無助
kelly_be_be,靈魂調香師🌹香香凱莉,"近半年前離死亡很近，
近到聽見世界關燈的聲音。
所謂的死亡，是另個舒適的結束。
「對我而言，其他人我不知道」
但我沒有走，只是學習把步調鬆弛。
這段時間的黑暗，崩潰失去的不再枷鎖。
我帶著更乾淨的靈魂，
也帶著更殘酷的清醒。
去更重視當下❤️
重生不是變溫柔，是變精準。
也不是活得更用力，而是活得更坦然。
2026年我才不會打什麼勵志文
我只是想說，我很好
在你們的愛裡面，又復活滿血一些了
今年連生日玩到跨年，這行為很好
「明年繼續保持🐷」
但我一個一個去謝謝陪伴我的人
謝謝你們
我從海玩到山上，被環繞著大地之母擁抱
還有朋朋婚禮小物的相挺支持
一切都安好2025年謝謝照顧。
2026也歡迎工作邀約
正式無業遊民",2026-01-02 20:39,調情老香，靈魂調香師到此一遊🌚,無助
misssallysallysally,misssallysallysally,"香港新人做老師其中一個最慘、最無助嘅地方，就係嗰個雞定蛋先嘅 PGDE 陷阱
你要有 PGDE 先至容易搵到長工，但偏偏如果你入唔到行，基本上係極難報到 PGDE，就算俾你搵到教席入咗行，亦都未必報得到
只要你一日未有 PGDE，你基本上只能夠簽Contract，即係話，如果你連續幾年都報唔到教育文憑，你每年都要經歷一次搵工、簽約、擔驚受怕嘅煎熬，當然，總會有啲少數case
以前或者可以慢慢捱，但即將係殺校潮，學校縮班都嚟唔切，冇 PGDE 嘅老師基本上係首當其衝被裁嘅一群，￼喺呢份不穩定同高壓之下，想攞到 Perm簡直係難過登天，過多兩年可能即使你有PGDE，都未必攞到Perm
所以，我真係完全唔建議新人入行，入咗行，你可能發現自己只係一個年年等運到、隨時被淘汰嘅高級臨時工
唔好將你寶貴嘅青春，賭喺一個咁荒謬嘅制度入面",2026-01-04 00:54,理科老師轉行做Data Analyst,無助
misssallysallysally,misssallysallysally,"90後嘅減法人生，青春唔多，我想為自己而活
身為一個 90 後，呢兩年越嚟越覺得「青春」其實淨返唔係好多。以前細個覺得大把時間，但而家深刻體會到生命苦短，真係今日唔知聽日事，既然剩返嘅時間咁寶貴，我唔想再將啲精力放喺啲唔值得嘅人同事上面，我只想將呢啲時間留嚟陪我老公同屋企人，同埋好好照顧自己嘅健康。
之前之所以決定辭去教書呢份工，最主要係唔想再背負嗰種不必要嘅「道德勒索」。老師呢份工好似奉旨要犧牲自己時間、燃燒自己去照亮人哋，搞到壓力好大。即使去到依家做其他工作，其實公司嘅問題同我嘅問題係兩回事，我唔需要將所有嘢都攬晒上身，有限時間內盡力就算，一定唔會為工作獻出自己寶貴嘅時間。
而家對我嚟講，返工只係一份工，我唔會再好似以前咁盲目追求「上進」。升唔升職真係好其次，最緊要係凡事安安穩穩，錢夠用就得。我唔想再為咗份糧而情緒內耗，亦唔想再為咗表現畀邊個睇而搏命。
人活到最後，追求嘅其實好簡單：開開心心，健健康康。守住呢份平淡，同最親嘅人過好每一日，先至係對自己餘下青春最好嘅交代。",2025-12-21 12:33,理科老師轉行做Data Analyst,無助
gao_.13_,ことは.༄,"我真的不行了 陸抖直播好好看
-
他好無助🆘",2026-01-04 22:24,ISTJ,無助
gao_.13_,ことは.༄,"整天看到一堆情侶都在kiss 
-
怎樣 我們也有啊
跟樂器",2025-12-30 18:15,ISTJ,無助
gao_.13_,ことは.༄,又是菜瓜布 我看起來是很缺嗎💔,2025-12-28 14:25,ISTJ,無助
jingenlin_0601,林靖恩,"今天1/5（一）掉了錢包
特徵是下面有個C
姓名：林靖恩
身分證開頭為C
今天有去過的地點，板橋殯儀館-中山國小捷運站附近-萬華
目前真的很無助，懇請大家幫我這個忙，有撿到請撥打這隻
電話☎️0905 005 560，謝謝🙏",2026-01-05 20:50,,無助
double_k.69,KK,"幹我真的快笑死
以後心情不好就找roger角帳的留言
媽的一個比一個還神
全部都是高金神  快笑死了",2026-01-08 00:38,"Gotta bring back the feeling.
I'll do anything not to be stuck on fiending.",心情不好
double_k.69,KK,youtu.be/RDuj6…,2026-01-07 10:36,"Gotta bring back the feeling.
I'll do anything not to be stuck on fiending.",心情不好
double_k.69,KK,"美國隊長真的很難支持
都有老婆了還勾引巴奇",2026-01-06 00:44,"Gotta bring back the feeling.
I'll do anything not to be stuck on fiending.",心情不好
joyce0708_y,楊上昀Joyce.Y,"每次心情不好就會把這個影片拿出來看！
人怎麼可以闖這麼大的禍！
窩窩～爺爺～～耶嘿！（很俏皮欸）
（我以前真的是粉絲！
我有每一張專輯甚至演唱會DVD！）
#車禍現場 #飛輪海",2026-01-03 17:10,"我的廢文小天地
ESFP/巨蟹
🫶🏻🫶🏻🫶🏻🫶🏻🫶🏻🫶🏻",心情不好
joyce0708_y,楊上昀Joyce.Y,"在一起的第1000天
剛好是平安夜 醒來看到超漂亮的花花
要再一起過好幾個聖誕節🎄
要在一起好多個1000天❤️",2025-12-24 18:03,"我的廢文小天地
ESFP/巨蟹
🫶🏻🫶🏻🫶🏻🫶🏻🫶🏻🫶🏻",心情不好
jojo890702,彭冠瑜,"育兒之路真他媽的難
新生兒時期 三四個小時就要餵奶然後瘋狂換尿布
第二個月莫名其妙來了二月鬧 一直脹氣 排氣操也做了 也儘量讓他慢慢喝了
喝完就是不願意讓人拍嗝 在那邊大暴走 一直哭一直鬧
不然就是拍一拍直接吐一口出來
每天都在瘋狂的換衣服擦床單 
我快發瘋了
聽到他的哭聲真的是會不知所措➕莫名煩躁",2025-12-15 23:25,悲喜交集小天地,煩躁
lazy_dogg_be_like_me2.0,K9,"餐飲越做越煩躁
又開始職業倦怠了……但又沒有第二技能……",2025-12-24 19:33,不確定是活著還是死了,煩躁
lazy_dogg_be_like_me2.0,K9,"約兩三年前開始生日的前後
總會固定安排一趟三至五天左右的環島
有一種藍色 叫做台東藍
有一種寬闊 叫做台東的山與海
其實我的拍照技術並不好
就是隨手看到就拍了",2025-12-22 03:16,不確定是活著還是死了,煩躁
dian05__0604,wu_diandian.,吃了治療憂鬱症的藥「煩多閃」已快一個月，剛開始服用的兩個禮拜腦袋很放鬆，後來越吃越煩躁，思緒更亂，有時都不知道自己是誰了，腦好累😮‍💨,2025-12-28 18:45,"點點是我
相信一切都會變得更好！☀️",煩躁
september1994091314,九月茶餐廳,"#開幕禮 
從香港到雙連再到士林
誠邀你們參與「十月茶餐廳」開幕派對🥳
日期：1月10日（星期六） 
時間：13:00
地址:台北市士林區美德街64號一樓 (士林捷運1號出口橋下)
——————————————————
#工商介紹
如要訂製開幕小型花禮
歡迎私訊在台港人店家「疲倦時看花」
IG：
@hoi_flowerpy
@hoi_flowerpy
｜Line：@628tpesl
室內設計— 陳佳鎣 0984261779
平面設計—  Wilson &Alice 0912445337",2026-01-04 21:07,"#一間香港人的店
地址：台北市大同區承德路二段213號
營業時間: 
星期日至四
11:00-20:00
星期五至六
11:30-21:00
{歡迎外帶}",疲倦
september1994091314,九月茶餐廳,私訊我們🥹,2026-01-04 17:45,"#一間香港人的店
地址：台北市大同區承德路二段213號
營業時間: 
星期日至四
11:00-20:00
星期五至六
11:30-21:00
{歡迎外帶}",疲倦
willxin369,花生哥-願心農場,"什麼原因讓台灣霸榜「洗腎率世界第一」？
最近我整理到一份腎臟醫師的臨床觀察，裡面有一句話我記很久：
洗腎不是突然發生的
而是提前 10～20 年身體就開始求救
第一名洗腎率的原因不是「鹹」
而是糖～尿～病
第二型糖尿病，特別容易「傷腎的小血管」
再加上我們的生活日常：
手搖飲密度世界第一！
超商密度世界第一！
炸物、加工品、含糖飲料幾乎天天出現…
很多人以為腎臟出問題會「很有感覺」
但腎臟科醫師說得很直接
早期腎臟病，幾乎沒有症狀😶‍🌫️
真正出現泡泡尿、水腫、貧血、疲倦時
通常已經是第 4～5 期，離洗腎不遠了
所以提醒一句話：不要等不舒服才檢查
注意一個關鍵指標：腎絲球過濾率（eGFR）
一旦長期低於 60，就該提高警覺、定期追蹤！
最後我總結的一句話：
腎臟不是突然壞的，是我們每天的選擇，一點一滴累積出來的～",2026-01-04 00:39,"花生哥：無毒農產｜農業&健康知識|食養
🙅被農業耽誤的大師兄
🧑‍🌾不正經的a農三代
👨‍⚕️六年營養保健經驗
每天換一口，廚房就是最好的藥房～",疲倦
hsuan.2022,Hsuan,"這兩天跑了兩個不同的政府單位
一場是是主管會議時的演講，約50人吧
另一場只有6個人，但主持人為部會等級的大主管
兩場，我開頭就說［我是跨性別女性，但聲音和我的外表上不一致，請各位見諒］
這一年來我已經說了很多次，但感覺越來沒有壓力了
而主管們給我的感覺都超級友善
第一場說完後介紹後，還得到滿場掌聲（害羞）
第二場則是會後有其他同仁說我很漂亮，這會寵壞我啊，太開心了
雖然身體疲倦，但心裡確實滿足的
謝謝友善的各位",2026-01-07 23:11,HRT、中年,疲倦
hsuan.2022,Hsuan,youtube.com/watch…,2026-01-06 22:46,HRT、中年,疲倦
hsuan.2022,Hsuan,"多次被伴侶提醒後
就是今天！
乖乖整理了化妝台
覺得自己好棒",2026-01-04 14:27,HRT、中年,疲倦
virgofe.tw,VIRGÔFE 高質感空間收納規劃,"最近身邊幾位孕媽朋友跟我說：
「其實最焦慮的不是生完，是回到家後什麼都還沒準備好...」
這句真的聽一次有感一次！
與其等寶寶出生才來手忙腳亂，不如孕期就先把收納動線安排好，會輕鬆非常多！
以下5個孕期就能準備的收納術，分享給也正在準備的妳
1.主臥的「夜間照護區」先設好
半夜起來泡奶、換尿布真的沒力氣走遠！
床邊放一台小推車或置物櫃，尿布、紗布巾、備用衣服全放好，動線超順。
2.客廳留「好收又安全」的遊戲區
寶寶最需要空間學爬，更需要安全的活動空間，畢竟客廳有許多電器用品都需事先調整，提早準備地墊＋收納箱，之後玩具收進去也超方便。
3.寶寶每日必用品「集中管理」，不要四處放
奶瓶、奶嘴、刷具、小兜兜、口水巾這些東西一天會用10次以上
建議集中在同一區，用收納盒分格放好，還可以貼標籤超清楚！
4. 嬰兒衣物建議「依月齡＋類型」收納分類
0-3M、3-6M、家居服、外出服、包屁衣…真的會越來越多
用收納盒或布袋分好 + 寫上月份，到時候超省事。
5.浴室也別忘了設計寶寶區域
洗澡用的沐浴乳、小毛巾、小臉盆… 建議集中放置收納籃，
放在洗手台邊或設置小推車最順手，洗澡更輕鬆。",2025-04-18 13:13,"▫️專為孕媽/育兒家庭打造零壓力的整理
▫️陪伴即將入住新居的你設計理想空間
▫️持續分享有質感的收納小技巧及故事
📍預約諮詢｜LINE@：＠841uztzp
📍服務地區｜雙北 / 桃園 / 新竹 / 台中",沒力氣
wgduanfk,wgduanfk,"最近打猛健樂有大煩惱😨（2.5mg)(小基數）
從食慾中解放很開心，但我的目標是維持肌肉量，因此有固定在重訓跟有氧。
問題是我什麼都不想吃，一點食慾也沒有😨
不會不能吃，也不會想吐，只是真的什麼也不想吃，我都可以感覺到攝食量太少讓我低血壓了….
然後吃太少又會有點懶散沒力氣….不想煮飯，也不想外食。我最常直接買便利商店的茶葉蛋兩顆+一個豆漿or一碗湯 當整天唯一一餐🫠
想問大家有沒有什麼懶人健康進食的好方法🫠",2025-11-16 16:49,人生中一些破碎的記憶,沒力氣
wgduanfk,wgduanfk,為了控制經前陣症候群的各種暴走狀態，嘗試打了猛健樂2.5mg，大大幫助了我不會暴飲暴食，同時也降低焦慮感，雖然還是會頭痛跟身體燥熱，但能保持心情穩定已經超開心了🥹,2025-11-02 22:06,人生中一些破碎的記憶,沒力氣
qoo57988,qoo57988,請問有打過猛健樂的人，有人一開始是這樣的嗎？就是好幾年沒運動，體脂超高逼近50，想打猛健樂，可以直接開打嗎？還是要先運動或重訓增加力氣再打？還是有同時補充什麼營養品？很怕打了更沒力氣運動，會變消風的汽球🫠畢竟人生前半段都是胖的🥲,2026-01-06 21:49,我只是看看 請別密我喔 謝謝☺️,沒力氣
qoo57988,qoo57988,"昨天有用鹽洗手的舉手🙋‍♀️
去去霉氣走",2026-01-01 14:41,我只是看看 請別密我喔 謝謝☺️,沒力氣
qoo57988,qoo57988,為什麼熊貓每次都能精準的在我吃飽收拾完畢後，跳出通知要我評價外送餐點？👀,2026-01-01 14:09,我只是看看 請別密我喔 謝謝☺️,沒力氣
bai_04014,台中西區｜髮型師白白Evan｜韓系燙髮專門｜ 鬆軟燙 ｜質感水光燙 ｜縮毛矯正｜霧感染髮｜,"有沒有推薦的剪輯師
可以推薦一下
本人剪片剪到沒力氣剪了
有美髮短影音成功案例最好～",2026-01-05 18:31,台中台北分身乏術🪄,沒力氣
bai_04014,台中西區｜髮型師白白Evan｜韓系燙髮專門｜ 鬆軟燙 ｜質感水光燙 ｜縮毛矯正｜霧感染髮｜,"時光總是流逝得特別快
每一段相遇都會有美中不足的地方
更何況照片呢？
#日常 #咖啡廳",2025-12-26 22:19,台中台北分身乏術🪄,沒力氣
_yz._11,ʏᴢ,"如果你要跟體育生在一起 你就要體諒他
賽前可能要收手機
練習完很累 很狼狽 可能沒力氣去找你
大部分時間都在練習 沒時間陪你
晚上會不小心睡著 沒有跟你說晚安
沒辦法的話你還是愛其他人吧 別挑體育生了",2025-04-16 18:03,,沒力氣
914jjoyce,特物J,"請問打無痛是減緩疼痛嗎？感覺是什麼？
我前兩胎來不及打，現正第三胎很怕痛到沒力氣生～本人38歲了🥲",2026-01-08 14:53,"可鹹可甜天蠍座✨️你要情緒價值我給你✨️
打開教育圈話匣子",沒力氣
914jjoyce,特物J,"嫁老公如果說只能選一種條件的話
我會選擇：情緒穩定。
另一半有這種特質的捧友，真的會幸福久久",2026-01-04 20:13,"可鹹可甜天蠍座✨️你要情緒價值我給你✨️
打開教育圈話匣子",沒力氣
914jjoyce,特物J,"我的害喜症狀很特別：
1.吐 。 
2.口水吞不下去，要一直吐出來 。
3.沒過敏的鼻子，每天都在鼻涕倒流。
我快瘋了！！！！！",2026-01-04 14:24,"可鹹可甜天蠍座✨️你要情緒價值我給你✨️
打開教育圈話匣子",沒力氣
vanessa_ooi_99,N.E.M.O 尼莫 12🌙10☀️,"我現在是小陣亡狀態 生理期痛 大腿後側拉傷痛 肚子餓但整個人沒力氣 完全不想動 甚至還穿著睡衣💤這個時候就會很想去海邊靜靜吹風，去山上露營睡覺一整天(打完覺得怎麼有點奇怪哈哈)🤣
吼唷😵‍💫😵‍💫😵‍💫😵‍💫😵‍💫😵‍💫😵‍💫😵‍💫😵‍💫😵‍💫",2026-01-04 12:26,"@wing_stars_official尼莫🐡
黃可欣💓NEMO🇲🇾 #06🦅
NTUS♡ Master Degree🎓
TSG-KTCCE-⚾️🏀🏐
📩wingstars@ktcce.com.tw
🐹 @sport_nemo88  
fans @nemo_trendyrise",沒力氣
basque_cheesecake.o_o,巴斯克乳酪蛋糕,"早安所有人
我大失眠 到現在都還沒睡
我感覺我人要累死了 但還是睡不著",2026-01-06 06:34,"我是一顆很香的蛋糕 只有四吋 但非常好吃
～蛋糕夢想成為很香的諮商心理師❤️～",失眠
canlin62,孤獨之人,失眠了.....,2026-01-09 03:22,,失眠
canlin62,孤獨之人,又是一個失眠的夜晚....,2026-01-08 03:35,,失眠
er920889,Lunnnnnn,失眠讓所有的痛苦都加倍了。,2026-01-05 02:28,"🌈 
重訓女子 貓咪日常 自煮 🐔🐔🐔
非單穩定雙身，然後我選熊。
不要打給我我不想接。",失眠
er920889,Lunnnnnn,"今日的躺。
@cafekat0210
@cafekat0210
妳女鵝",2025-12-28 14:40,"🌈 
重訓女子 貓咪日常 自煮 🐔🐔🐔
非單穩定雙身，然後我選熊。
不要打給我我不想接。",失眠
er920889,Lunnnnnn,"我之前超希望能遇到一個跟我一樣願意包容自己小情緒的人，
經濟穩定，
對送入口中的東西有某種執著，
有運動習慣，
有些龜毛與偏執，
具情感潔癖且有某種程度的不配得感….
然後我真的遇到了跟我一模一樣的人，
感謝老天爺。",2025-12-22 16:32,"🌈 
重訓女子 貓咪日常 自煮 🐔🐔🐔
非單穩定雙身，然後我選熊。
不要打給我我不想接。",失眠
1515aaw,盧宇宇,"最近身體尋麻疹
本來就容易失眠了
這下連續三天晚上1-3點
都不入眠 吃了醫生給的藥也睡不著
又吃抗憂鬱藥物 也一樣
很的很煩",2025-11-23 14:25,,失眠
hsin_i_326,蔡心怡,"現在凌晨2點
嚴重失眠",2026-01-05 02:03,,失眠
hsin_i_326,蔡心怡,"真的要冷死
還沒洗澡  還要洗頭
等等還要下去倒垃圾",2026-01-02 20:58,,失眠
hsin_i_326,蔡心怡,"今天是2026/1/1
我有
走路半小時
￼也有
看書10分鐘
喝了一杯
黑糖珍珠鮮奶
也吃了一個
草莓大福
有一件事
依舊壓抑我的心情
所以
爲了讓我的2026
不再受他人影響
所以我就安慰自己
人來世上走這一遭
酸甜苦辣
不就是這樣
反正我以後上的是天堂
你們下的是地獄",2026-01-01 22:55,,失眠
hsin_i_326,蔡心怡,分享,2025-12-29 13:18,,失眠
yx._.jc._,𝙹 𝙲（雨）,嚴重大失眠RRRRRRRRRR,2026-01-07 04:01,"ㅣ@cqz_307我家小祖宗🫶🏻🫶🏻¹⁰ 
ㅣ@zzz_.528寶 
ㅣ腦子時常不在線🧠
ㅣ布布🐹
ㅣ @_evanma_ 🫶🏻¹¹y
ㅣ @spexialofficial ¹³y
ㅣ過於依賴...到最後會很難抽離
ㅣ如果哪天你回來了多好
ㅣ喜歡不一定要說出口默默看著也可以",失眠
wwwg.16,凱韓,這個時間點在失眠？,2025-12-30 05:59,時常發瘋,失眠
shuan061,shuan,"最近晚上都失眠耶 有人推薦不錯的方法嘛
已試過睡前運動 但很像沒什麼效",2026-01-08 14:22,可愛帶點壞,失眠
war_0113,明｜跑步教練,"1/11 要跑高雄富邦馬的跑者
一點上場前的小提醒
這幾天不要再亂加訓練量
該練的都已經練完 
現在最重要的是把狀態顧好
睡眠要開始提早調整
不要等到前一天才突然早睡 一定會失眠
飲食方面 碳水化合物要吃夠 幫助肝糖儲存
水分也要確實補充
這些都比多跑那一點距離來得重要
比賽當天 起跑後不要被前面的人帶亂節奏
照自己的配速跑 前面穩住 後面才跑的起來
能順順完賽 就是一場成功的比賽",2026-01-08 12:19,"1對1跑步教學/國考體測1200m
/馬克操/肌力訓練/有氧/線上課程
800m PB 1:59.59 
1500m PB 4:17.53
延遲不是拒絕
#鋼鐵運動訓練 #bananago 
#鋼鐵運動訓練ironperformance",失眠
babytanya888,babytanya888,"植入第八天 身體是沒有太多差異，大概就是胃口不太好
反而是精神蠻明顯的
白天很想睡 極度疲倦 
一到睡前偶爾又會有點失眠
我是植入D5的胚胎
很想今天先開獎看看🤣",2026-01-07 14:59,,失眠
babytanya888,babytanya888,"植入後第三天
身體沒有什麼感覺，但快孕隆變得非常難塞
用的都有點痛！ 
有人也是這樣嗎？是不是我該清一下渣渣？🤔",2026-01-02 17:50,,失眠
160._.46z,🧸,"推薦大家如果睡不好壓力大作息不規律
都可以去喝看看這個助睡眠又可以保養到
一天不用
100
塊還能補充膠原蛋白
比喝酒還有用 我自己喝完半小時直接睡著
昨天晚上喝今天直接睡到起不來
唯一的缺點是蠻酸的要配水
但喝下去真的很好睡啊啊啊😭",2026-01-08 16:39,,失眠
160._.46z,🧸,"整個很可愛
全家現在買三件明治就會送
剛剛跑三家全家才買到😭
才$159感覺光錢包就很值ㄌ",2026-01-07 15:31,,失眠
uu__6708,香香🎀,有人也睡不著的嗎 要聊聊嗎,2026-01-08 04:52,我是香香 手機重辦 請重新加我ig,睡不著
uu__6708,香香🎀,今年不能說生日快樂 我還想禍害40年,2026-01-03 09:20,我是香香 手機重辦 請重新加我ig,睡不著
sonya198745,吳昭慧,"肝癌膽管癌化療後
食慾不振
什麼都吃不下怎麼辦
這兩天因為不舒服又住院
7月開刀
現在10月而已
肝癌復發。。。。
醫生說需要暫停化療
這樣食慾會恢復嗎。。。",2025-10-06 15:57,,食慾不振
tanhuang.lu,呂彈簧,"炎炎夏日老爺爺食慾不振，醫生建議可以煮綠豆湯給他吃，清熱解毒又養生。
現在每天睡到半夜除了起來尿尿還會吵著要吃綠豆湯，吃完才肯乖乖回去睡覺。
覺得狗狗吃東西的ASMR很好聽、很療癒。",2025-07-31 01:29,暫時失去聯絡..,食慾不振
tanhuang.lu,呂彈簧,"18歲的老爺爺，因為失智和退化走路無法控制的轉圈圈，擔心走路不穩跌倒受傷和醫生討論及參考網路分享後自製了這個老狗狗運動場，防水止滑的地墊加上四週圍都是柔軟的靠枕，走累了隨時都可以靠著休息。
現在每天睡醒、吃飽或半夜睡醒都可以在這裡走走消耗一下體力。
希望你能一直好好的，我會一直陪著你。",2025-07-29 17:39,暫時失去聯絡..,食慾不振
jorge1103420,jorge1103420,"癌症日記Day10
為什麼為什麼為什麼⋯⋯
化療第一次的副作用讓我吐、拉、食慾不振⋯⋯
但是我竟然還變胖
想當初我是以甜食為主食人生的螞蟻耶
沒節制的飲食都沒有變胖
現在到底為什麼變胖啦（翻桌）",2025-04-04 00:04,,食慾不振
jorge1103420,jorge1103420,"癌症日記Day10
《第一次化療》
第一次化療結束已半夜十二點，我已經累到雖然手腳都套著冰鞋、手套，但仍然呼呼大睡，天真的以為打個化療原來就是吊點滴，那不怕、不怕！
結果當天1點多，原本我已經睡著，突然感到手腳麻麻的，天啊也太快了，化療的藥已經侵襲到我的末梢神經了嗎？該說我的血液循環好，還是藥效太優秀！
隔天開始水腫、尿液排不太出來、嘔吐了四次，撐著出院回家！之後的移動範圍只有床、廁所、餐桌，連吃飯都是趴在桌上，勉強一口一口吃完的！
兩天嘔吐之後，接下來是腹痛拉肚子，每次都以為狀況好點了，然後又開始會有不舒服的感覺出現。
往好處想，我只剩下五次化療，加油！
想請問大家，裝了人工血管是不是基本上不太能運動，我今天只騎了一下腳踏車（公路車那種），就感覺到血管位置會痛，還是我還沒有適應它是我身體的一部分？
大家都做什麼運動呢？",2025-03-25 20:53,,食慾不振
tylin_1123,Đinh Duyên,"今天沒有等訊息了，開始接受我已經封鎖他的事實，也不會一直看手機是否有那熟悉的頭貼了
今天有穿比較暖，害我不曉得昨天到底是真的身體太冷在抖還是失戀的發抖，總之今天身體沒有抖了，眼神也比較堅定了
但在工作之餘還是會感受到悲傷，然後去中醫診所時，忍不住在櫃檯哭出來，謝謝櫃檯的助理們都好溫暖，看著我如此失態還陪我聊天，能夠哭出來真的是太好了
失眠兩夜了，食慾不振也兩三天了，很多東西開始悄悄變化，我要開始適應沒有他的存在了",2026-01-09 20:57,"三不五時罵男寶🫰
I stand for Taiwan Independence.",食慾不振
cx.12345,cx.12345,"近期有從家裡搬出去獨立的想法
很認真的開始找房子期許自己過年前可以搬進去
但家母最近突然身體虛弱食慾不振 所幸並無大礙
家父告訴我要珍惜家人相處的時光
家母老了可能會講話難聽 要我不去跟他計較
我當然很重視家人
但是家父家母管教過於嚴厲 
本人年近三十還有晚上10點的門禁
到點人沒出現還要奪命連環摳
家中這樣的環境有時會讓我喘不過氣
在這樣的情況下搬出去難道就是不孝順或很沒責任感嗎？
或是我該過一陣子再搬出去呢？",2026-01-02 14:33,用文字紀錄「我們」,食慾不振
chiao_0617,chiao_0617,"Wowow啓太去年底上的戲 雖然是vpn可以免費看
但連日文字幕都沒有 
好像吃不下去 好難🫠",2026-01-09 23:51,"樵ㄉ快樂追星備忘錄及廢文😍
還有我無處安放的分享欲🥹
/
不用來吵架 吵就是你對🥰",吃不下
stirfry052271726,萃炒炒物專賣所,"剛剛有一單熊貓
從點餐後10分鐘內完成製作
然後過了1個多小時都沒有外送人員取餐🥹
最後小編決定撥打電話給客人詢問是否再等待或協助取消訂單
然後我就先把熊貓🐼暫時關閉了
因為我真的吃不下了🥲
熊貓🐼你真的不要逼我把你拋棄喲🫥🫥",2026-01-09 14:36,"超級不正經分享
萃炒與我們日常的小天地😂
.
大火爆炒、純粹的滋味
空間偏小、位子很少（沒有訂位）
現點現炒建議電話預訂外帶不用等💡
.
✨｜萃炒炒物專賣所
訂購專線｜05-2271726
美食店址｜嘉義市興中街40號
營業時間｜11:00-19:30（售完提早打烊）
🌟內用最後點餐時間為19:00",吃不下
stirfry052271726,萃炒炒物專賣所,"那天～～
另一組客人點炒河粉上菜時
不小心聽到兩位弟弟的對話
（弟弟們點炒飯）
那是什麼味道好香喲！
兩個人同時抬頭望著
又同時大笑😂說靠x 老闆在洗鍋啦
後來兩位弟弟討論後才問我剛剛那是什麼味道👅好香～
其實我應該是嗅覺疲乏了
完全沒聞到味道
我想了想～應該是河粉吧(⁎⁍̴̛ᴗ⁍̴̛⁎)
想必兩位帥弟應該很快就會再來吃看看河粉對吧😜
圖片來源：小編拍照特意擺盤照（你們的肉量一樣只是都在河粉裡）",2026-01-09 11:07,"超級不正經分享
萃炒與我們日常的小天地😂
.
大火爆炒、純粹的滋味
空間偏小、位子很少（沒有訂位）
現點現炒建議電話預訂外帶不用等💡
.
✨｜萃炒炒物專賣所
訂購專線｜05-2271726
美食店址｜嘉義市興中街40號
營業時間｜11:00-19:30（售完提早打烊）
🌟內用最後點餐時間為19:00",吃不下
stirfry052271726,萃炒炒物專賣所,"被燒很久的鬆餅🧇
終於吃到了🌟🌟🌟🌟🌟
這個份量真的好誇張耶
超厚(⁎⁍̴̛ᴗ⁍̴̛⁎)
好好吃🤤",2026-01-07 20:19,"超級不正經分享
萃炒與我們日常的小天地😂
.
大火爆炒、純粹的滋味
空間偏小、位子很少（沒有訂位）
現點現炒建議電話預訂外帶不用等💡
.
✨｜萃炒炒物專賣所
訂購專線｜05-2271726
美食店址｜嘉義市興中街40號
營業時間｜11:00-19:30（售完提早打烊）
🌟內用最後點餐時間為19:00",吃不下
stirfry052271726,萃炒炒物專賣所,"今天回診醫師再次叮嚀老闆
❗️不能太勞累
❗️不能太勞累
所以明年2月開始營業時間將會微調
如造成不便敬請見諒🥹
📣營業時間調整公告
115年2月1日起營業時間調整
11:00-14:00
16:30-19:30
（售完提早打烊）
🐼熊貓平台11:00-14:00
中午最後點餐為13:30
晚上最後點餐為19:00
每日食材新鮮採買
依現場情況售完為止
🌟固定週日公休
（特休粉絲團/IG公告）",2025-12-31 12:25,"超級不正經分享
萃炒與我們日常的小天地😂
.
大火爆炒、純粹的滋味
空間偏小、位子很少（沒有訂位）
現點現炒建議電話預訂外帶不用等💡
.
✨｜萃炒炒物專賣所
訂購專線｜05-2271726
美食店址｜嘉義市興中街40號
營業時間｜11:00-19:30（售完提早打烊）
🌟內用最後點餐時間為19:00",吃不下
jammie_828,藝璇,"中壢無菜單鐵板燒
我還是只服織田信長…有夠好吃
滿滿海鮮，CP值真的有夠高
飽到吃不下打包
一個人1380‼️",2026-01-05 20:01,,吃不下
jammie_828,藝璇,"2026新年新希望
防彈每場想去的都搶得到票！
抽票也都抽中我！
同事們都願意跟我換假！
一定可以排除萬難去參加❗️
拜託了老天爺🥹
平常上班擦得大便應該夠多🤣🤣🤣",2026-01-05 01:54,,吃不下
jammie_828,藝璇,年紀大了還在夜唱🤣🤣🤣,2025-12-30 04:45,,吃不下
qichen42,陳七,"聽到有人說打猛健樂ㄧ個月可以瘦4公斤
飲控忌口一個月不是也可以瘦4公斤嗎？
為什麼還要花錢打針？
把吃東西的錢拿去打針然後吃不下就會變瘦的概念嗎？
我實在不懂🤔",2025-12-13 14:02,,吃不下
love_olivia0726,Ching Mei Hung,"感冒不適，閒閒的，沒動力，沒胃口吃不下，減肥的開始？？聽歌～～重複聽阿凱的歌，真的超喜歡這首歌的❤️～～～
#許富凱-疼你會入心",2026-01-07 19:16,youtube.com,吃不下
