username,display_name,post_content,post_date,bio,matched_keyword
_7zreyn,_7zreyn,"因為不想把負面情緒帶給你
-
所以才說「沒事」",2025-11-30 13:03,,負面情緒
_7zreyn,_7zreyn,"其實我在學校的開心都是裝的
-
只是怕你們討厭我.",2025-11-30 12:58,,負面情緒
_7zreyn,_7zreyn,"真的真的
很喜歡你><",2025-11-17 20:48,,負面情緒
lin_09__19,走心水電工｜小鴻學長,"如果你跟我一樣
有本業，但也想額外增加收入，
✔ 沒本錢投資
✔創業有風險
✔ 想拼，卻又無法捨棄白天的工作
那你可以來私訊我 IG台中",2025-02-05 11:30,"一個外表粗獷 內心細膩的水電工
白天接案工作、晚上研究副業與健康
用自己的故事 鼓勵年輕人與上班族：
「生活很苦，但你可以不一樣」
—
🔧水電工
🎬自媒體教學
🫙溫罐師",負面情緒
kitty28261,筑筑,"罹癌十年，肝癌四期
五年存活率0%
「我還活著！」
今年是我罹癌十週年
決定分享我的故事
希望我還活著這件事
能給正在與生命抗戰的你
一點點勇氣和力量
去面對這個既殘酷、又有點可愛的人生
我的人生早已與癌共生共存
現在我不喜歡說「抗」癌
而是接受、接納癌
不知道未來還能走多遠
但我只想活在當下
最後的願望是：活得比我爸媽還久
我不忍他們餘生都在失去我的痛苦中活著",2025-05-14 21:03,"「僅此一次的人生，我想好好活到最後。」
🌱植萃育髮@re.born._studio罹癌治療掉髮，更懂那份痛，成立 Reborn 黎芃育髮工作室，專注植萃頭皮調理，陪你自信重生",痛苦
xiang_0131_,🌧️,這個世界讓我感覺好累,2025-08-22 07:14,"失礼だな 純愛だよ
誰能夠想到那是我們兩人之間最後的一面",痛苦
hcy3026,Strong,"在長期的痛苦經驗中,大腦會逐漸使用一種強大的防禦機制：
解離（dissociation）或情感麻木（emotional numbing）：
「為了不再痛，我乾脆什麼都不要感受。」
「不表達最安全，不感受最不痛，不存在也許最省力。」
但是人沒辦法只關閉「痛苦」，卻保留「快樂」。
就像是：如果你把一座房子封起來，陽光和黑暗都會被隔絕。",2025-11-16 13:33,"需要有一個空間,想說什麼就說什麼",痛苦
hcy3026,Strong,冷不防被暗算，需要去霉氣,2025-11-13 19:06,"需要有一個空間,想說什麼就說什麼",痛苦
hcy3026,Strong,"有些個案覺得治療師和他談話都是為了錢。如果治療師不收錢才算真心以待嗎？
如果治療師不收錢，他得用治療以外的時間去掙錢，才能養活自己。假設治療師有另一個朝九晚五有薪水的工作，下班還當心理治療志工，這麼疲憊的狀態下要怎麼做好治療呢？所以個案付錢是讓治療師有合理收入，可以用治療工作過活，也才能把自己的身心準備好面對個案。自己有餘裕才能好好照顧別人。",2025-11-13 02:45,"需要有一個空間,想說什麼就說什麼",痛苦
mind.pieces.out,mind.pieces.out,"分手day 96
應該就讓分手日記停在這裡了。
最近一個人過得很快樂。
覺得一個人自由自在，想約會就去約會，想一個人窩在家裡就看書點蠟燭窩在沙發上，不用再有某個人掛在心上，真的很輕鬆。
謝謝所有陪伴我分手的大家。
想跟每一個正在經歷分手痛苦的人說，你會好起來的，好好照顧自己，療癒自己，有一天你會發現好自由好快樂的。
這個帳號要變成生活小帳了，祝大家幸福！",2025-12-04 14:21,說話寫字,痛苦
mind.pieces.out,mind.pieces.out,"分手day 91
分手後對愛情的狀態大概是
看到別人幸福的愛情故事已經不再相信了
不再相信人可以這麼幸福
這麽適合彼此
這麽願意為彼此調整
這麼輕鬆
不能再相信誓言了
曾經我也以為可以走一輩子
為了走一輩子我努力的撐著調整自己
現在回想真的覺得好辛苦喔",2025-11-29 14:13,說話寫字,痛苦
mind.pieces.out,mind.pieces.out,"分手Day 86
我在一個陌生的城市走著
這裡沒有你生活過的痕跡
也沒有我曾經存在的證明
我獨自在這裡旅行
感受一個人到底是什麼感覺
夜晚的街燈下我默默想起了你
不知道你現在生活過的如何
對你不再生氣
也沒有遺憾
你成為了我記憶裡的一個好朋友
偶爾想捎個問候
知道你也很好就足夠
當想念變成想起
好像終於往前走了一步",2025-11-24 15:36,說話寫字,痛苦
ay3342024,ay3342024,"網路上最常看到一句話：
「有憂鬱症的女生，不要碰」
但我一直在想
真的應該是這樣嘛？
一個正在跟自己痛苦奮戰的人
就不值得被理解嘛？
她們不是故意情緒低落、不是故意推開你、
不是故意敏感或反覆，
只是她們的世界，比一般人更難呼吸
如果身體生病需要陪伴
那心生病了，難道不需要嗎？
你們怎麼看這句話？
真的「不要碰」？
還是其實她們更需要好好被對待？",2025-12-05 15:28,記錄心裡住進一個 有創傷 憂鬱症女孩的日常,痛苦
linacheaaaa,linacheaaaa,"我雖然不會採取自殺的行動，卻期待著來一場意外事故，
讓我的痛苦和我一起消失",2025-10-17 11:09,,痛苦
m1lliy_,m1lliy_,我們吞咽了太多意義 其實生命只需要呼吸,2025-11-05 20:42,你後面有車,痛苦
you_09_18,祐,"這麼嗨受不了
南北貳路音樂節",2024-11-09 17:43,,受不了
floweron_home,花容小厝✿,"［家電啓示錄］
原本沒買但受不了追加：洗碗機
買之前就知道容易壞然後真的：電視
初次使用但非常滿意：電動曬衣架
買之前跟之後都覺得超必要：溫水洗淨便座
買之前跟之後都覺得超必要2：廚下淨熱
一開始很常用但現在很少用：掃拖機器人
一開始以為雞肋但後來自打臉：暖風機
自己想要但老公不給換：IH爐
早知道就買好一點的：冰箱",2024-09-24 11:58,"花容夫婦の奶茶無印宅🧋
居家裝修/DIY/好物完整分享在IG ♡
.
✉️floweronhome2022@gmail.com",受不了
horinuo_tattoo,彫諾．Horinuo｜悪人刺青｜日式傳統｜台北刺青,80%正常人最受不了的刺青部位,2025-12-03 18:40,"🇹🇼Taipei,Taiwan
🎏惡人刺青 @badguy_tattoo 二當家/總幹事
🐉Classic Japanese Traditional
🌀暴走天使/忠敦澤諾堂/車層話事人
🌊如果你無意間發現我，那是我的榮幸
⛩台北市大安區敦化南路一段187巷
📨預約Line:dianyun121006",受不了
horinuo_tattoo,彫諾．Horinuo｜悪人刺青｜日式傳統｜台北刺青,"人客表示：沒什麼事是比刺青更好睡的了
：😮",2025-12-02 16:17,"🇹🇼Taipei,Taiwan
🎏惡人刺青 @badguy_tattoo 二當家/總幹事
🐉Classic Japanese Traditional
🌀暴走天使/忠敦澤諾堂/車層話事人
🌊如果你無意間發現我，那是我的榮幸
⛩台北市大安區敦化南路一段187巷
📨預約Line:dianyun121006",受不了
horinuo_tattoo,彫諾．Horinuo｜悪人刺青｜日式傳統｜台北刺青,黑不隆咚，到底在刺什麼,2025-11-28 19:15,"🇹🇼Taipei,Taiwan
🎏惡人刺青 @badguy_tattoo 二當家/總幹事
🐉Classic Japanese Traditional
🌀暴走天使/忠敦澤諾堂/車層話事人
🌊如果你無意間發現我，那是我的榮幸
⛩台北市大安區敦化南路一段187巷
📨預約Line:dianyun121006",受不了
horrorwhispers_33,恐怖悄悄丨鬼故事,"墾丁旅遊的真實毛骨悚然經驗
國中畢旅墾丁遊，住在某某渡假村，分配是4-6人/房。
晚上當然是跟朋友玩到瘋掉，後來是導師們頻頻查房，才不情不願的去睡覺。
入睡後隱約聽到有人在浴室洗澡，但那麼晚了又會是誰？
實在吵得受不了，索性張開眼睛，看看到底是哪個可愛室友半夜不讓人睡。
誰知一睜開眼，就看到房間門口正上方的天花板，飄著一個全身咖啡色的女人，長髮、長衫卻看不清臉部五官。
嚇到我慢慢拉上棉被，盡量蓋住臉部、眼睛，動作不能太快，怕被發現🫣
動作到一半的時候，她移動了，慢慢往同學的床位靠近，嘴裡還發出一些聲音，越靠近我才知道她在幹嘛以及說什麼...
她在數床上的人說：「一個睡著了、兩個睡著了、三個睡著了」，邊說邊往我這床靠近。終於來到睡在我隔壁的同學上方「...五個睡著了」，到我上方的時候，我耳邊傳來至今難忘的聲音【六個！妳還沒睡啊，嘻嘻嘻~】
我真的是要嚇爆了，只能裝沒聽到，緊閉雙眼默念我已知的所有神靈、佛號，不知道過了多久睜開眼已經是早上了，被我同學搖起床的。
【留言續】
鬼故事
不定期更新中✏️
【台中XX百貨靈異篇】歡迎追蹤悄悄👻",2024-05-24 00:42,"鬼故事丨都市傳說丨故事投稿⁡
我是恐怖悄悄讓我們一起背脊發涼👻⁡
⁡
部分故事同步更新中⁡
追蹤我的IG看其他故事👇🏼👇🏼",受不了
lee.wooo_,木質李,"《大學生2萬塊房間改造》
👆🏻上篇是這房間原本的樣子（高中弄的）
或許已經有些人在Dcard看過我的文章
脆這裡打算紀錄一下我的大二時的作品
我在想與其打一堆語錄，是不是如果對Diy有興趣的朋友有想問的問題大家留言討論呢🤔️
這次的改造影響我之後很多，也是我後來會有工廠跟工作室的關鍵
原因很荒唐 
就是當時我把家裡弄得烏煙瘴氣,家裡都是木屑
家人受不了說：家裡不是工廠以後創作 學校模型那些的別在家裡糟蹋我們，你去外面找其他地方自由發揮吧！
於是就這樣被趕出了家外……..
提句外話：走近都是自己打造的空間真的很爽
By 建築系學生😆",2024-09-06 19:58,"木質文創
工作室由三位設計系學生組成",受不了
lee.wooo_,木質李,"大學怎麼有錢弄工作室？
這大概是我最常聽到的問題之一
說句好聽的 這得感謝家人對我的支持
說句難聽的 沒家裡幫忙不會有現在這些
好啦不講幹話
記得自從我6歲把積木用寶膠黏成房子的那刻起它們就會買各種美術材料工具讓我玩做嘗試
國中的時候我收到的生日禮物是Bosch的電鑽
之後就一發不可收拾的房間改造 （下圖）
好笑的是哪時候連噴漆都是用考試卷跟作業當墊背
後來我大學念建築後發現了這房間存在很多的問題和不滿意的地方，於是最後決定砍掉重練
至於這個工作室怎麼來的？
得從這個房間砍掉重練後的故事說起了 下一篇就放上這房間改造後的樣子給大家看吧！
名字叫做 《大學生2萬塊的房間改造》",2024-08-29 20:00,"木質文創
工作室由三位設計系學生組成",受不了
lee.wooo_,木質李,"聽起來像幹話的真人真事
因為喜歡木頭我買了工具（高二上）
因為買工具多到變成工廠（大二下）
因為有了工廠弄了工作室（大三全）
因為工作室才有這些作品（大四至今）
接下來會分享創作&作品 錯過就看不到了！",2024-08-26 20:04,"木質文創
工作室由三位設計系學生組成",受不了
lee.wooo_,木質李,"呼叫脆上喜歡木製品的木友！
第一篇文，測試一下作品的演算法。",2024-08-25 13:29,"木質文創
工作室由三位設計系學生組成",受不了
christ_.489,Cherry,"我有一個朋友 他是個很奇怪的人
他每天面對任何人都嬉皮笑臉的
但實際上他一個人的時候 總會在窗邊發呆
他每天都很晚睡他總會莫名其妙情緒低落
一到半夜就會情緒大崩潰偷偷哭
他是個很矛盾的人 時而自卑時而自信 焦慮又敏感
他是個話嘮 他這個人真的好奇怪
他喜歡社交可他又很社恐
他面對別人的感情問題就像一個情感導師什麼都懂 
但到他身上就像個白癡一樣經常搞砸
他既樂觀又悲觀生活也一無是處我想拯救他 
可是他就是我自己",2025-09-02 01:16,,崩潰邊緣
kiwileehan,Kiwi Lee 李函,"這兩年吧 我花了好久的時間悟出的心境
分享給大家停止內耗的一些小小方法
我嘗試過獨旅，嘗試過調整某些事，希望對你有幫助
把力氣留給值得的事
停止和自己打架
心靜，路才會清楚
不自責，是一種能力
不過度反應，就是最強的自律
把精神收回來，你就贏了
你不需要每件事都想清楚，有些事放下比想通更快
真正的成長，是對自己溫柔，不對世界卑微
當你不再自我消耗，能量自然往對的方向流
不拉扯，不鑽牛角尖，把自己從內心的戰場撤離
你可以慢，但不要耗
慢是節奏，耗是傷害
接住自己，勝過任何外界的安慰
心若不亂，世界都溫柔
你已經很好了，不需要一直跟自己較勁
重新懂得斷捨離
不管是任何人、事件
開始跨出去嘗試新方法
慢慢，我把自己從混亂裡帶出來
學著鬆手，也學著前進
原來輕盈，比什麼都重要",2025-12-02 23:48,原來李小姐幹話蠻多的,內耗的
kiwileehan,Kiwi Lee 李函,"可惡我又莫名奇妙發一堆限動
睡不著 一定又是下午五點喝咖啡造成的
控制不住的食指 分享欲大爆發⋯",2025-12-02 04:06,原來李小姐幹話蠻多的,內耗的
kiwileehan,Kiwi Lee 李函,"朋友說每次我生日禮物都很難送
但我其實很簡單
送我飛天小女警毛毛的東西我就會開心一整天
我很好搞定🤚🏻真的",2025-12-02 04:05,原來李小姐幹話蠻多的,內耗的
ttyuu_05,ttyuu_05,討厭一直內耗又愛胡思亂想的自己,2025-09-13 09:17,,內耗的
ttyuu_05,ttyuu_05,我不行了超好看的😻,2025-09-09 06:35,,內耗的
shxbeiz,shxbeiz,"容易情緒內耗的人  通常有這三個特點
-
1. 想太多，但卻不敢說
2. 總是過度在意別人的看法與感受
3. 總是覺得「是不是自己做錯了」",2025-07-02 19:21,噓 閉嘴,想太多
shxbeiz,shxbeiz,"冷知識：
男生的頭髮是情侶的共同財產",2025-06-30 00:26,噓 閉嘴,想太多
shxbeiz,shxbeiz,明明沒有在一起為什麼感覺好像失戀了,2025-06-23 23:22,噓 閉嘴,想太多
shxbeiz,shxbeiz,別再讓我遇見很喜歡但無緣的人了,2025-06-23 23:21,噓 閉嘴,想太多
shxbeiz,shxbeiz,"不想聊了可以直接說啊
為什麼要突然消失
看著訊息傳送的時間越久
每多一個小時我就好焦慮好焦慮
當我想清楚放下你了
你又突然出現
闖入我生活",2025-06-23 23:21,噓 閉嘴,想太多
shxbeiz,shxbeiz,我總是偷看一個 不屬於我的人,2025-06-23 23:19,噓 閉嘴,想太多
shxbeiz,shxbeiz,便利貼是我想跟你說的話也是最大的暗示了,2025-06-23 23:16,噓 閉嘴,想太多
shxbeiz,shxbeiz,‘’擁抱是為了彌補右胸沒有心跳,2025-06-19 00:32,噓 閉嘴,想太多
yuchieh_0508,渝潔🐟,"到底怎麼一邊準備婚禮
還要保持良好的睡眠
以維持好膚況和體態
根本焦慮到睡不著
腦袋停不下來🫠",2024-06-27 04:35,✐.  ‎發發廢文´ˎ˗,腦袋停不下來
yuchieh_0508,渝潔🐟,"不是每份善意都會被同等回報
最後能繼續保持的動力
就是至少對得起自己",2024-06-20 19:02,✐.  ‎發發廢文´ˎ˗,腦袋停不下來
_24tomy.1,TOMMY 湯米,"請問有人能推薦失眠的藥物嗎 除了安眠藥
比如退黑激素 或其他助眠的商品
每個隔天有重要工作或是身體很累 越是這種時候越容易失眠 腦袋停不下來 快分離了 有人能推薦好的產品或方法嗎🥲",2025-03-13 00:18,挖寶好物都在連結內😗,腦袋停不下來
_24tomy.1,TOMMY 湯米,😙,2025-03-12 11:48,挖寶好物都在連結內😗,腦袋停不下來
_24tomy.1,TOMMY 湯米,有什麼方式能讓行李更快拿到嗎,2025-03-09 23:03,挖寶好物都在連結內😗,腦袋停不下來
_24tomy.1,TOMMY 湯米,"👍🏻
youtu.be/bWvmk…",2025-03-08 21:24,挖寶好物都在連結內😗,腦袋停不下來
_24tomy.1,TOMMY 湯米,"奢侈品買不完 一般人會說太貴買不起 
但我反而會想 是我該努力一點配得上這個價位
Tiny入手 耶好開心😍",2025-03-08 00:39,挖寶好物都在連結內😗,腦袋停不下來
_24tomy.1,TOMMY 湯米,杭州銀泰in77 克羅心 好好逛r,2025-03-08 00:35,挖寶好物都在連結內😗,腦袋停不下來
_24tomy.1,TOMMY 湯米,不知不覺看完,2025-03-06 21:11,挖寶好物都在連結內😗,腦袋停不下來
_24tomy.1,TOMMY 湯米,今日碎片 快樂人生 回台灣後再努力工作 life 🧩💪🏻,2025-03-06 19:58,挖寶好物都在連結內😗,腦袋停不下來
_24tomy.1,TOMMY 湯米,"有小姐姐想染松石綠嗎😍  免費！
主要想累積作品集 我的美感跟技術可以放心～
對於你們來說 先染先贏
這個顏色最近剛火起來 越看越好看又特別😍
所需條件 / 無染黑過 無嚴重自然捲 長度至少碰肩 
做區塊 漂退面積全頭百分之70
意者私我安排！ 
（影片圖片截自網路）",2025-03-06 19:42,挖寶好物都在連結內😗,腦袋停不下來
_24tomy.1,TOMMY 湯米,有自信跟自大 兩回事 你完全搞錯重點,2025-03-06 16:44,挖寶好物都在連結內😗,腦袋停不下來
_24tomy.1,TOMMY 湯米,這牌子也太多口味 😍,2025-03-05 20:04,挖寶好物都在連結內😗,腦袋停不下來
_24tomy.1,TOMMY 湯米,"徵模特染圖一髮型 也需要短髮！
徵求不怕鏡頭的你 😍 
費用全免 私我哀居～",2025-03-05 03:51,挖寶好物都在連結內😗,腦袋停不下來
_24tomy.1,TOMMY 湯米,乾蝦脆友😙,2025-03-02 05:44,挖寶好物都在連結內😗,腦袋停不下來
oysterleo,Leo,"水瓶的「敏感」
很久以前的發文，有提過，跟水瓶交往，最好別試圖騙他，因為很大概率你說謊當下，他第一時間就知道了
瓶子們的腦袋停不下來，所以一直在「觀察」，這種觀察並不是有意為之的，而是比較像背景程式在運作
很多時候，你覺得水瓶怎麼那麼可怕，一句話就把整件事猜的八九不離十。其實不是水瓶會通靈，而是他早就觀察到很多蛛絲馬跡，早就慢慢在拼湊，加上水瓶的直覺很強
其實我不應該說直覺，有時候水瓶看起來很強的直覺，其實都是他默默觀察歸納的結果，只是因為表面上看起來他什麼都沒做、也沒問，卻能通靈似的把事情看透，那些都是理性與觀察
當然，這種自動觀察且停不下來的天賦，也讓瓶子們容易多心、想太多。事情總是有利有弊
這也是為什麼水瓶經常很需要一個人獨處的時間，他們過載的大腦需要停機降溫一下",2025-09-12 09:05,"水瓶座，喜歡說話、寫東西
討論星座、教育、書寫",腦袋停不下來
oysterleo,Leo,"剛剛發水瓶討厭去人多的地方人擠人
底下有瓶有回覆，所以經常踩到雷
這根本在講我，因為討厭排隊人擠人，我就會去那種沒人的地方吃飯，想說給個機會，通常有意外驚喜
然後就踩雷了（事實證明是驚嚇）
我覺得啦，這也是水瓶可愛的地方（自己說）
但水瓶頭很硬，跟芙莉蓮看到寶箱就會中招一樣🤣
我還繼續在踩雷的路上前行，下一個一定不會是雷",2025-09-11 09:17,"水瓶座，喜歡說話、寫東西
討論星座、教育、書寫",腦袋停不下來
oysterleo,Leo,"很多水瓶座讀我的解析，覺得被我看透透
因為我自己也是水瓶座，身邊幾個水瓶朋友，簡易觀察歸納一下，很好統整水瓶的生態
例如，大家一窩蜂在幹什麼的時候，水瓶的反應往往是「人好多，我不想過去」，倒不是水瓶硬要跟別人不一樣，他單純就是懶，懶得去人擠人
水瓶的特立獨行，也來自於他們那顆大腦很容易被新的東西吸引（但是因此容易喜新厭舊、我家堆滿了我玩園藝的資材，還有學編織買的珠珠跟線）
所以當別人在看開箱、惡搞的影片，你會發現水瓶可能在學新的東西（即便很廢的小東西）
也因為隨時可能被新東西吸引，水瓶的專注就會瞬間從100掉到0。這也是他們會很熱衷某件事，但突然就不愛了的原因。
水瓶是風
套句電影「真善美」的一句歌詞
「你如何將月光握在手裡？」",2025-09-11 08:27,"水瓶座，喜歡說話、寫東西
討論星座、教育、書寫",腦袋停不下來
oysterleo,Leo,"水瓶大師今天想來聊聊教英文
我教書生涯中，有個孩子給我很深刻的印象，應該是一輩子無法忘記的孩子
她長得滿可愛的，很安靜，不會搗蛋，但是很明顯讀書很混，沒在用功，作為老師，什麼手段都快施展完了，毫無起色（包括即便考很爛還是有飲料之類的）
我近年來越來越信奉正向管教，所以念歸念，我也沒逼她罰寫幹嘛的，就這樣來到八年級
某次段考，20個單字她寫了三個還四個吧，我批閱完，順手在她考卷上寫「這次有進步喔，老師替你開心^_^」
從那之後，她突然完全變了一個人，下課會拿著課本主動追著同學問單字怎麼背、怎麼讀
成績是沒有到突飛猛進，畢竟基礎文法太薄弱，但是每次單字小考幾乎都滿分
我想，這輩子教書，真的永遠不知道自己何時能成為孩子的貴人。她畢業典禮，親手寫一張卡片，感謝我教她英文
其實我上課已經公開說過很多次：「謝謝你提醒老師，要怎樣成為一個更溫柔的人。你是老師教過最特別的孩子。」",2025-09-10 15:10,"水瓶座，喜歡說話、寫東西
討論星座、教育、書寫",腦袋停不下來
oysterleo,Leo,"我本業是英文老師，不是唐綺陽老師
先表明：我是公立學校老師，沒有在外兼課，不是Amazing talker的競業對手
我對Amazing talker的廣告一直都很感冒。他們很喜歡講「美國人根本不會這樣說」（然後翻白眼），不然就是戲謔的嘲弄台灣人字尾子音都沒發好之類的
這種傲慢的嘴臉，根本在PUA觀眾，暗示你的英文不夠好，所以要找他學「道地的英文」
拜託，台灣人內在的焦慮自卑已經嚴重到即便英文考很好也不太敢開口講英文，還要花錢給那幾個態度高高在上的人PUA
有空去看一下台積電法說會，現任總裁魏哲家一樣講一口很台的英文口音，有差嗎？全球的電子業龍頭還不是要全神貫注的聽他說話
語言是溝通的工具，即便講不好，犯錯，聽在英文母語人士耳朵裡面，也只覺得你好可愛，好有異國情調（你想想看每次你聽老外講國語，是不是就覺得他們很可愛？）
大家英文想學好，真的國中階段纏著你的英文老師問東問西，除了不用多花半毛錢以外，老師還會更喜歡你哩",2025-09-10 12:35,"水瓶座，喜歡說話、寫東西
討論星座、教育、書寫",腦袋停不下來
oysterleo,Leo,"帶你解讀水瓶3
之前提過，水瓶撒嬌的方式，有夠「無痕」
這導致很多時候，水瓶的另一半沒意識到水瓶在討抱抱，結果水瓶突然大翻臉。這也是水瓶一直以來被認為難以捉摸，很難談戀愛的主因
之所以連撒嬌都這麼不明顯，原因是水瓶「希望自己在對方心裡是重要的」，所以水瓶重視的是「態度」
所以這個彆扭的瓶子有話不會直接說出來，而是暗示你。但水瓶的暗示往往很難get到。別指望水瓶會像射手一樣熱情大方的表達意見
他可能只是偶爾跟你說一次「小琉球好漂亮啊」、「有點想學潛水」。
是的，還要你自行拼湊「小琉球」+「潛水」=我想去小琉球玩
而且這兩個線索還未必會一起說！
我身為一個41歲的老瓶子，真的奉勸各位小瓶子，想幹嘛直接講，因為另一半通常沒這麼聰明來串連這些蛛絲馬跡耶",2025-09-09 22:17,"水瓶座，喜歡說話、寫東西
討論星座、教育、書寫",腦袋停不下來
oysterleo,Leo,"帶你解讀水瓶2
水瓶談戀愛的反差從何而來？其實愛情無論對任何星座而言，都是一道永恆之謎，差別在於怎麼面對，例如牡羊射手就會不管謎底勇敢試錯、天蠍就會認真精算步步為營
水瓶呢？最怕自己掌握不了的事情，偏偏戀愛的感覺會把他們的大腦燒到當機，水瓶相當對自己這種狀態相當地「缺乏安全感」
水瓶天生就缺乏安全感，所以儘管他們擅長說話、社交，但是不會很主動去拓展交際圈，連一起出門的朋友，都是固定的幾個人（這也解釋了為什麼水瓶跟好朋友看起來很曖昧，因為一直黏在一起）
缺乏安全感就算了，又有逃避型人格。在理智聰明的外裝下，水瓶很像長不大的小孩，碰到談戀愛這種不擅長的事，很容易當機，接著裝死，沒辦法，理性與智慧，無法解決愛情的問題
所以如果你已經讓水瓶內在燒到沸騰了，真正逼他面對感情的方式就是強勢霸道的壁咚他，別讓他有機會鑽回小瓶子裡頭躲起來慢慢想，他想到最後幾乎都是想放棄（求回心安）",2025-09-09 10:29,"水瓶座，喜歡說話、寫東西
討論星座、教育、書寫",腦袋停不下來
oysterleo,Leo,"帶你解讀水瓶
聰明又自信的水瓶，其實是個矛盾寶寶
水瓶內建0/100兩種矛盾的屬性，他們本身就是矛盾的綜合體。因為聰明、理性，又有自信的水瓶，很難想像他們其實喜歡強勢一點的對象
之前提過，水瓶其實很愛撒嬌，像貓一樣。想到的時候，就會走過來喵喵叫
但別誤會水瓶很M，水瓶只對心動的人才有那種戀慕強者的感覺。要是沒心動，理智又聰明的水瓶可是非常牙尖嘴利的人
但是，口是心非的瓶子撒嬌，往往也讓人摸不著頭緒，例如很突然地約你一起看電影，但你沒空時，水瓶會加一句「可是我真的很想看」
（連「嘛」這種語氣詞都沒有！）
理智的水瓶不會去煩在忙的人，但是他加了那句，表示他其實很介意你這次沒空，而且他其實是想跟你出去，但你拒絕的太快，他心裡傲嬌起來了
要安撫其實也很簡單。你就認真的核對時間，讓水瓶知道你是真的忙，也很努力想橋出時間。「你努力的為了我喬時間」這件事，才是水瓶七彎八拐的內心，真正想要的答案",2025-09-08 22:25,"水瓶座，喜歡說話、寫東西
討論星座、教育、書寫",腦袋停不下來
oysterleo,Leo,"昨天說怎麼跟水瓶告白，就是去壁咚強制他表態，不是在開玩笑的（前提是確定他對你有好感）
聰明的水瓶，守護星是天王星，掌管理性與智慧
談戀愛會怎樣？讓人魂不守舍，心臟亂跳，無法控制的想對方。愛情的這種本質會讓瓶子「沒有安全感」，有種無法控制自己的感覺
所以瓶子在愛情面前，其實會手足無措。變成你丟直球他未必「敢」接，你不表態他又會提早離場
而且瓶子是真的會因為你對他表現的沒興趣（或許你只是害羞），而瞬間好感清零（瓶子會悲觀的過度解讀）
而且看起來總是很聰明透徹、自信的水瓶，其實內在反差很大，有點仰慕強者。你自信滿滿的把他逼到牆角，會讓瓶子產生「我這個小瓶子被你握在手裡」的⋯ㄜ⋯愉悅感？
用這樣的行動來打消瓶子多疑且沒安全感的想法，逼他們直球對決，瓶子通常會ㄜㄜㄚㄚ幾秒以後，嬌羞的點頭從了你
下一篇再教大家怎麼判斷瓶子對你有沒有感覺",2025-09-08 07:35,"水瓶座，喜歡說話、寫東西
討論星座、教育、書寫",腦袋停不下來
oysterleo,Leo,"為什麼水瓶很難追？
你主動丟球嚇跑他，你被動一點他又自卑灰心，先自絕愛苗
看起來就是主動被動都很難搞的東西
水瓶雖然很喜歡新事物，但是很容易對於「改變自己習慣的事物」產生嚴重的不安全感，所以他雖然對你動心，但是要他鼓起勇氣踏出安全區，他就開始扭扭捏捏，談一場戀愛對水瓶來講，跟革一場命差不多
而且水瓶通常很聰明，聰明的人（不必要的）自尊心很高，所以怕被拒絕乾脆先撤退（？）
但愛情，是聰明的水瓶永恆猜不透的謎
喜歡水瓶的朋友，建議把水瓶逼到牆角，直接壁咚他：「我就是喜歡你，你到底對我有沒有意思啦！」
你傳訊息跟他告白，十之八九他會先考慮一個月才回你哦",2025-09-07 21:55,"水瓶座，喜歡說話、寫東西
討論星座、教育、書寫",腦袋停不下來
oysterleo,Leo,"水瓶喜歡搞曖昧？
水瓶「很容易」跟他身邊的朋友看起來很曖昧，事實上，那是交情好的證明，並不是很愛搞曖昧
水瓶對不熟的人非常客套疏離，但對於信任的朋友卻喜歡撒嬌，是12宮裡頭最像貓的星座
膽小又缺乏安全感的水瓶，實際上不會搞曖昧，當水瓶喜歡你的時候，會患得患失、缺乏自信，可能會丟球試探對方，但又會在對方接球的時候，反而逃開
是個很棘手的對象
對水瓶主動或不主動，可能都會令水瓶跑掉，太主動嚇到他，不主動又讓他灰心自卑
嗯，真的很難搞曖昧，也像貓一樣",2025-09-06 23:57,"水瓶座，喜歡說話、寫東西
討論星座、教育、書寫",腦袋停不下來
oysterleo,Leo,"有一些人會表面攻擊猛健樂，實際上是想藉機推銷自己的保健食品
我自己最近是在療養中，吃對食物、規律運動、準時睡覺，身體會自動調整，尤其多吃蔬菜，吃到撐也不會胖
我不反對生活工作壓力大的人使用猛健樂，畢竟人生已經夠艱難了，下了班要吃清淡又要運動，簡直是增加另一種焦慮、壓力
但我還是很想推銷以下東西：
1. 吃多色、大量蔬菜
2. 規律重訓+有氧
3. 早睡
健康很貴重，請大家真的都要好好珍惜自己的身體",2025-09-04 19:14,"水瓶座，喜歡說話、寫東西
討論星座、教育、書寫",腦袋停不下來
oysterleo,Leo,"今年八月，高雄的網紅縮胃名醫王銘嶼，因為在缺乏安全評估的情況下，硬是替小基數體重患者切胃，造成患者過世
說是小基數，其實就是根本沒超重
這起醫療事故的省思：
1. 別過分身材焦慮
2. 有了猛健樂之類的藥物，至少比切胃安全許多
3. 但也要反推，愛美過頭的人，是否會濫用猛健樂？
之前調查過臺灣女性進行切胃手術的數據，滿多80幾公斤就切了，我認為臺灣的身材焦慮真的是全世界數一數二嚴重的，希望大家能重視「健康」大於「身材」
比起斤斤計較體重數字與腰間一點肉，不如多重視自己的血壓、膽固醇、血糖，還有肌肉力量等，勤運動，吃的乾淨，早睡早起，就是我想推銷的健康產品",2025-09-04 10:09,"水瓶座，喜歡說話、寫東西
討論星座、教育、書寫",腦袋停不下來
oysterleo,Leo,"請AI幫我生成專業形象圖
怎麼我從一個教英文的，搖身一變，變成討債的？",2025-08-30 12:07,"水瓶座，喜歡說話、寫東西
討論星座、教育、書寫",腦袋停不下來
oysterleo,Leo,"昨天跟朋友聊聊，聊到他最近想嘗試猛健樂
我因為之前在threads上頭有跟醫師交換過關於猛健樂的意見，所以支持朋友去用看看
當然停藥的溜溜球效應也有先跟他說
我覺得當代人太緊湊的工作及壓力，很難達成乾淨的飲食及規律的運動，這是我支持他去嘗試猛健樂的理由
當然，有足夠的決心展開飲控及運動，還有調整作息，是最健康也不用花錢的作法，在此還是趁機幫211餐盤及蔡依林睡眠推廣一下
希望大家都能擁有理想的體態",2025-08-29 21:50,"水瓶座，喜歡說話、寫東西
討論星座、教育、書寫",腦袋停不下來
tsukareda_,tsukareda_,"好想和人聊聊
腦袋停不下來的轉動
其實沒什麼好焦慮的
真的沒什麼
每當這個時候總是想
好希望有人理解我
又好希望不要有人理解我
因為真的太痛苦了
理解我的話代表也生病了
我不想
大家都要好好的
我也要",2025-08-10 01:01,"有人會看見我嗎
幫幫我好嗎",腦袋停不下來
tsukareda_,tsukareda_,"好想我的心理師
沒有什麼特別要講的
但是就是好想和她說說話",2025-08-10 00:27,"有人會看見我嗎
幫幫我好嗎",腦袋停不下來
tsukareda_,tsukareda_,"到現在還是不能自由的出門
好想出門的時候不再害怕
好想出門的時候不再焦慮
為什麼跨出門這麼困難呢",2025-08-09 14:08,"有人會看見我嗎
幫幫我好嗎",腦袋停不下來
tsukareda_,tsukareda_,"想請問有人吃了睡覺的藥以後
會出現類似夢遊之類的情形嗎
我最近發現吃了藥後越來越睡不好
醒來有一些自己不記得但看起來有被動過的東西
（確定不是別人移動+在自己的活動範圍）
但我完全沒有印象
想請問大家是不是也有類似的這種狀況
謝謝！！！",2025-08-08 12:13,"有人會看見我嗎
幫幫我好嗎",腦袋停不下來
tsukareda_,tsukareda_,"希望明天會是快樂的一天
希望明天會是順利的一天
希望明天所有人都能好好的
希望吃完藥睡著後
一切都會變好 變得更好",2025-08-08 02:22,"有人會看見我嗎
幫幫我好嗎",腦袋停不下來
tsukareda_,tsukareda_,"突然之間很低落
手抖焦慮
隱約有察覺到原因但是也不能控制
討厭這種明知道自己在焦慮什麼卻又無能為力的感覺
（對了！還有一些話想對追蹤我的大家說
 真的很謝謝大家給我的幫助跟支持
 因為可愛療癒的小玩偶牽起了我們的緣分
 但其實如果有看過我之前的文就會發現
 我是一個生了一些病的人
 我有許多不那麼可愛討喜的情緒
 追蹤我可能會讓大家的版面受到影響
 但我不希望這些情緒影響到大家
 所以想跟大家說
 可以趁現在趕快退掉追蹤
 讓我們的緣分跟聯繫保留在溫暖療癒的現在
 如果有人願意留下來 也很謝謝！
 但是我唯一的希望就是
 大家能不被我影響 開開心心的生活！）",2025-08-07 19:08,"有人會看見我嗎
幫幫我好嗎",腦袋停不下來
tsukareda_,tsukareda_,"今天第二次諮商
心理師給了我這隻！
說他上次給了我建議後
一直在想該給我什麼樣的玩偶
謝謝大家之前的幫忙～
我在今天也有夥伴啦！！！！",2025-08-06 22:17,"有人會看見我嗎
幫幫我好嗎",腦袋停不下來
tsukareda_,tsukareda_,"第一次嘗試去諮商了
真的覺得自己很幸運
第一位就遇到了跟自己很合得來的心理師
但是真的是一筆不小的開銷
希望未來能越來越好",2025-08-04 14:52,"有人會看見我嗎
幫幫我好嗎",腦袋停不下來
tsukareda_,tsukareda_,"我其實很不懂
為什麼我吃不下 狀態不好
家裡的人要生氣
他們總是在我覺得這樣又無所謂
讓我就這樣爛下去吧
不好不壞的活著
已經比活不下去還好了的時候
表現出煩躁 不悅的情緒
直到今天下午
姊姊跟我說
他會這麼不開心
是因為他很擔心
我好像有理解了一點點
但我並不能完全共情
甚至覺得有點煩躁
我都已經在生病了
為什麼總是想要求我呢
你的情緒起源於我
所以我要表現的好一點負責
那誰來抓住我
我不願意的情緒呢
焦慮症起源於我
所以我必須承受一切嗎
好想擺爛啊
焦慮症怎麼這麼麻煩啊
為什麼一定要當正常人呢",2025-07-30 19:02,"有人會看見我嗎
幫幫我好嗎",腦袋停不下來
blueskyohyeh,辰辰,"雖然我是佛教徒，但是我有不少基督徒的朋友跟同事，不同信仰但彼此尊重。
以前失戀時更受過教友的幫忙帶我走出低潮，會去教會參加活動順便聽牧師講道，關於兩性的學習，到最後我是認同的，被規範是有它道理存在的。
每次接觸他們就覺得心情很平穩，有安全感，彼此尊重，男生也會保護女生，就算男女處在同個空間也都讓我感到很放心，大家都很有素質（跟顏值（？
即便我現在信佛，她們也不會說什麼，一樣對我很好，在他們生命中就是可以感受到愛跟溫暖。
我相信耶穌基督的存在，我有親身感受過，祂就是「愛」❤️
對於他們的感謝一切盡在不言中🥰
感謝主🙏",2025-07-08 19:47,一個普通女子,腦袋停不下來
blueskyohyeh,辰辰,"意難平
我輸了；）
聽說有很多都是直男
紅大爺吃得真好",2025-07-08 00:32,一個普通女子,腦袋停不下來
blueskyohyeh,辰辰,"在線問。
今天起來遮雨棚都被颱風整個吹到沒了🥲（它本來就久了脆化）
請問這個可以找誰維修，還能重新安裝嗎？（家住十樓以上）",2025-07-07 11:46,一個普通女子,腦袋停不下來
blueskyohyeh,辰辰,"颱風天🌀自己下廚
健康又好ㄘ
金沙杏鮑菇我的最愛😍",2025-07-06 19:36,一個普通女子,腦袋停不下來
tinabluey,ʙʟᴜᴇʏ 블루 ʕ•ᴥ•ʔ,"買軟糖中發票
謝謝TWICE(?)",2025-05-25 16:10,📍 ᴛᴀɪᴡᴀɴ 🇹🇼 ｜ 🎨 ꜰᴀɴᴀʀᴛ + ᴅᴇꜱɪɢɴ ｜ 🍭 ᴛᴡɪᴄᴇ 💜 ꜰ(x) ☘️ ꜱ.ʜ.ᴇ｜ 中&EN🆗 / 한&日📝｜ 只是個在追星的設計師,腦袋停不下來
tinabluey,ʙʟᴜᴇʏ 블루 ʕ•ᴥ•ʔ,"阿大家應援動作好快😂
我草稿才打完😂
​
預告一下✨
會設計ibon票套🎫 
讓大家自己印
​
7/4
當天會發透扇、紋身貼紙🫣
Maybe 會再增加
目前想做的想法超過5個🤡",2025-05-25 00:43,📍 ᴛᴀɪᴡᴀɴ 🇹🇼 ｜ 🎨 ꜰᴀɴᴀʀᴛ + ᴅᴇꜱɪɢɴ ｜ 🍭 ᴛᴡɪᴄᴇ 💜 ꜰ(x) ☘️ ꜱ.ʜ.ᴇ｜ 中&EN🆗 / 한&日📝｜ 只是個在追星的設計師,腦袋停不下來
tinabluey,ʙʟᴜᴇʏ 블루 ʕ•ᴥ•ʔ,8點整超搖已沒,2025-05-23 20:01,📍 ᴛᴀɪᴡᴀɴ 🇹🇼 ｜ 🎨 ꜰᴀɴᴀʀᴛ + ᴅᴇꜱɪɢɴ ｜ 🍭 ᴛᴡɪᴄᴇ 💜 ꜰ(x) ☘️ ꜱ.ʜ.ᴇ｜ 中&EN🆗 / 한&日📝｜ 只是個在追星的設計師,腦袋停不下來
tinabluey,ʙʟᴜᴇʏ 블루 ʕ•ᴥ•ʔ,"遇到海報本人啦 🥰🥰🥰
還是覺得不可思議🥹🥹🥹",2025-05-23 17:59,📍 ᴛᴀɪᴡᴀɴ 🇹🇼 ｜ 🎨 ꜰᴀɴᴀʀᴛ + ᴅᴇꜱɪɢɴ ｜ 🍭 ᴛᴡɪᴄᴇ 💜 ꜰ(x) ☘️ ꜱ.ʜ.ᴇ｜ 中&EN🆗 / 한&日📝｜ 只是個在追星的設計師,腦袋停不下來
tinabluey,ʙʟᴜᴇʏ 블루 ʕ•ᴥ•ʔ,林娜璉我們七月見 😍😍😍,2025-05-23 12:14,📍 ᴛᴀɪᴡᴀɴ 🇹🇼 ｜ 🎨 ꜰᴀɴᴀʀᴛ + ᴅᴇꜱɪɢɴ ｜ 🍭 ᴛᴡɪᴄᴇ 💜 ꜰ(x) ☘️ ꜱ.ʜ.ᴇ｜ 中&EN🆗 / 한&日📝｜ 只是個在追星的設計師,腦袋停不下來
tinabluey,ʙʟᴜᴇʏ 블루 ʕ•ᴥ•ʔ,"今年沒有灑水了
代表沒有降溫水了（？）
但我也不用因此去買防水包保護相機了😂",2025-05-22 13:30,📍 ᴛᴀɪᴡᴀɴ 🇹🇼 ｜ 🎨 ꜰᴀɴᴀʀᴛ + ᴅᴇꜱɪɢɴ ｜ 🍭 ᴛᴡɪᴄᴇ 💜 ꜰ(x) ☘️ ꜱ.ʜ.ᴇ｜ 中&EN🆗 / 한&日📝｜ 只是個在追星的設計師,腦袋停不下來
tinabluey,ʙʟᴜᴇʏ 블루 ʕ•ᴥ•ʔ,"購票連結終於來了
一筆交易只能買4張票
ticket.ibon.com.tw/Activ…",2025-05-22 12:06,📍 ᴛᴀɪᴡᴀɴ 🇹🇼 ｜ 🎨 ꜰᴀɴᴀʀᴛ + ᴅᴇꜱɪɢɴ ｜ 🍭 ᴛᴡɪᴄᴇ 💜 ꜰ(x) ☘️ ꜱ.ʜ.ᴇ｜ 中&EN🆗 / 한&日📝｜ 只是個在追星的設計師,腦袋停不下來
tinabluey,ʙʟᴜᴇʏ 블루 ʕ•ᴥ•ʔ,"🫦4專通路特典
又是一場小卡大作戰💸
6種通路都有隨機小卡🥹
不同通路買成套又送不同東西
加油了ONCE前錢包😂",2025-05-21 13:11,📍 ᴛᴀɪᴡᴀɴ 🇹🇼 ｜ 🎨 ꜰᴀɴᴀʀᴛ + ᴅᴇꜱɪɢɴ ｜ 🍭 ᴛᴡɪᴄᴇ 💜 ꜰ(x) ☘️ ꜱ.ʜ.ᴇ｜ 中&EN🆗 / 한&日📝｜ 只是個在追星的設計師,腦袋停不下來
tinabluey,ʙʟᴜᴇʏ 블루 ʕ•ᴥ•ʔ,"真的要來的時候
Idea一直噴發出來
突然太多選擇不知道到底做什麼好😂",2025-05-21 01:03,📍 ᴛᴀɪᴡᴀɴ 🇹🇼 ｜ 🎨 ꜰᴀɴᴀʀᴛ + ᴅᴇꜱɪɢɴ ｜ 🍭 ᴛᴡɪᴄᴇ 💜 ꜰ(x) ☘️ ꜱ.ʜ.ᴇ｜ 中&EN🆗 / 한&日📝｜ 只是個在追星的設計師,腦袋停不下來
tinabluey,ʙʟᴜᴇʏ 블루 ʕ•ᴥ•ʔ,"第一眼覺得🐰？
仔細看看覺得是🍑🤪",2025-05-20 23:30,📍 ᴛᴀɪᴡᴀɴ 🇹🇼 ｜ 🎨 ꜰᴀɴᴀʀᴛ + ᴅᴇꜱɪɢɴ ｜ 🍭 ᴛᴡɪᴄᴇ 💜 ꜰ(x) ☘️ ꜱ.ʜ.ᴇ｜ 中&EN🆗 / 한&日📝｜ 只是個在追星的設計師,腦袋停不下來
tinabluey,ʙʟᴜᴇʏ 블루 ʕ•ᴥ•ʔ,"太焦慮票了
直接用3D視角圖算了一下座位
座位區粗估 6000💺
超搖 ≈ 2400
搖滾 ≈ 1500 /區
⚠️純屬個人目測估算  實際人數還是以官方為準
NY公布按讚數都是破萬
還不考慮到有其他粉絲….
真的好可怕 好害怕🥹",2025-05-20 11:04,📍 ᴛᴀɪᴡᴀɴ 🇹🇼 ｜ 🎨 ꜰᴀɴᴀʀᴛ + ᴅᴇꜱɪɢɴ ｜ 🍭 ᴛᴡɪᴄᴇ 💜 ꜰ(x) ☘️ ꜱ.ʜ.ᴇ｜ 中&EN🆗 / 한&日📝｜ 只是個在追星的設計師,腦袋停不下來
tinabluey,ʙʟᴜᴇʏ 블루 ʕ•ᴥ•ʔ,MOOD,2025-05-19 18:22,📍 ᴛᴀɪᴡᴀɴ 🇹🇼 ｜ 🎨 ꜰᴀɴᴀʀᴛ + ᴅᴇꜱɪɢɴ ｜ 🍭 ᴛᴡɪᴄᴇ 💜 ꜰ(x) ☘️ ꜱ.ʜ.ᴇ｜ 中&EN🆗 / 한&日📝｜ 只是個在追星的設計師,腦袋停不下來
tinabluey,ʙʟᴜᴇʏ 블루 ʕ•ᴥ•ʔ,瘋！ 掉！,2025-05-19 18:00,📍 ᴛᴀɪᴡᴀɴ 🇹🇼 ｜ 🎨 ꜰᴀɴᴀʀᴛ + ᴅᴇꜱɪɢɴ ｜ 🍭 ᴛᴡɪᴄᴇ 💜 ꜰ(x) ☘️ ꜱ.ʜ.ᴇ｜ 中&EN🆗 / 한&日📝｜ 只是個在追星的設計師,腦袋停不下來
tinabluey,ʙʟᴜᴇʏ 블루 ʕ•ᴥ•ʔ,我又要想要發什麼周邊了😍,2025-05-17 16:42,📍 ᴛᴀɪᴡᴀɴ 🇹🇼 ｜ 🎨 ꜰᴀɴᴀʀᴛ + ᴅᴇꜱɪɢɴ ｜ 🍭 ᴛᴡɪᴄᴇ 💜 ꜰ(x) ☘️ ꜱ.ʜ.ᴇ｜ 中&EN🆗 / 한&日📝｜ 只是個在追星的設計師,腦袋停不下來
tinabluey,ʙʟᴜᴇʏ 블루 ʕ•ᴥ•ʔ,等了十年 我手抖不停,2025-05-17 15:45,📍 ᴛᴀɪᴡᴀɴ 🇹🇼 ｜ 🎨 ꜰᴀɴᴀʀᴛ + ᴅᴇꜱɪɢɴ ｜ 🍭 ᴛᴡɪᴄᴇ 💜 ꜰ(x) ☘️ ꜱ.ʜ.ᴇ｜ 中&EN🆗 / 한&日📝｜ 只是個在追星的設計師,腦袋停不下來
tinabluey,ʙʟᴜᴇʏ 블루 ʕ•ᴥ•ʔ,🤯🤯🤯🤯🤯,2025-05-17 15:33,📍 ᴛᴀɪᴡᴀɴ 🇹🇼 ｜ 🎨 ꜰᴀɴᴀʀᴛ + ᴅᴇꜱɪɢɴ ｜ 🍭 ᴛᴡɪᴄᴇ 💜 ꜰ(x) ☘️ ꜱ.ʜ.ᴇ｜ 中&EN🆗 / 한&日📝｜ 只是個在追星的設計師,腦袋停不下來
dear.lowself,心理一點光✨,"不是每個看起來有精神的人，真的過得好。
有些人，其實正在躁期
笑得很開、做事很快、講不停，
其實私底下已經好幾天沒睡，腦袋停不下來、一直花錢、計畫一堆又後悔🙃
躁鬱症不只是憂鬱，還有看起來「太好」的時候。
是連自己也不一定察覺異常。",2025-05-29 19:46,"我是一名躁鬱症患者
這裡屬於情緒患者小房間🍀
日常情緒 共鳴感 情緒教科書 💊🕯️
5/14",腦袋停不下來
dear.lowself,心理一點光✨,"關於情緒患者
其實他們並不是想要「吸引注意」
而是「想被理解」😌
有時候說「我好累」，不是在抱怨，
是害怕連這句話都不能說。",2025-05-28 23:01,"我是一名躁鬱症患者
這裡屬於情緒患者小房間🍀
日常情緒 共鳴感 情緒教科書 💊🕯️
5/14",腦袋停不下來
dear.lowself,心理一點光✨,"「床」 是我所有情緒的見證人
哭的時候在床上，笑不出來的時候也在床上
所有人都說要振作，只有我的床從不催我。
💫",2025-05-28 21:14,"我是一名躁鬱症患者
這裡屬於情緒患者小房間🍀
日常情緒 共鳴感 情緒教科書 💊🕯️
5/14",腦袋停不下來
dear.lowself,心理一點光✨,"【冷知識】
憂鬱患者常常語言功能會下降
不是不想說話，而是腦袋像當機，句子卡在喉嚨
所以「沉默」不是冷漠，是無力。",2025-05-28 21:06,"我是一名躁鬱症患者
這裡屬於情緒患者小房間🍀
日常情緒 共鳴感 情緒教科書 💊🕯️
5/14",腦袋停不下來
dear.lowself,心理一點光✨,"鬱期不是「一直很難過」🪫
而是：
1. 動不了
2. 想說話但打不開嘴
3. 每一件事都像搬一座山
不是不想振作，是連「想振作」的力氣都沒有。",2025-05-27 19:50,"我是一名躁鬱症患者
這裡屬於情緒患者小房間🍀
日常情緒 共鳴感 情緒教科書 💊🕯️
5/14",腦袋停不下來
dear.lowself,心理一點光✨,"躁鬱症最危險的，不是「情緒起伏」
而是：你以為他沒事了。
當躁期來臨，看起來像是「恢復元氣」，
但其實是：
✔ 睡不著 
✔ 想法暴走 
✔ 做事停不下來
✔ 過度自信 
✔ 開始失控消費 / 衝動決策
✔做出平常根本不會做的選擇
很多人，就是在「看起來最正常」的時候出事。",2025-05-27 01:40,"我是一名躁鬱症患者
這裡屬於情緒患者小房間🍀
日常情緒 共鳴感 情緒教科書 💊🕯️
5/14",腦袋停不下來
dear.lowself,心理一點光✨,"「情緒患者」 
每天都在用 200% 的力氣，
做一件別人眼中「很簡單」的事。
1. 回訊息，需要力氣
2. 出門，需要勇氣
3. 睡覺，需要平靜的腦袋
4. 活著，需要太多太多撐下去的理由",2025-05-26 14:04,"我是一名躁鬱症患者
這裡屬於情緒患者小房間🍀
日常情緒 共鳴感 情緒教科書 💊🕯️
5/14",腦袋停不下來
dear.lowself,心理一點光✨,想聽聽病友們在躁期 做了什麼事🫡,2025-05-25 20:00,"我是一名躁鬱症患者
這裡屬於情緒患者小房間🍀
日常情緒 共鳴感 情緒教科書 💊🕯️
5/14",腦袋停不下來
dear.lowself,心理一點光✨,"躁鬱症會影響 「工作」 與 「日常」 能力
有些人的週期形態表現
快速循環型：
幾天躁 → 幾天鬱 → 再幾天躁（常見於年輕人）
間歇型：
平穩一陣子 → 忽然陷入低谷 → 再回穩（輕躁為主）
常在「過度努力、過度樂觀」之後崩潰
因為躁鬱症的本質是情緒與能量的極端波動
一段時間「非常有動力」：
容易過度投入、睡很少也不覺得累、想法很多
（躁期或輕躁期）
接著陷入「完全沒力氣」：
對什麼都沒興趣、難以起床、工作/生活功能低下（鬱期）
在情緒高峰時期推自己太用力
進入耗盡 → 接著進入情緒低谷 → 請假與崩潰出現
所以躁鬱症的人其實不是不努力
是大腦正在進行一種無法完全控制的「化學起伏」
很累很辛苦還要撐😌
那種罪惡感我知道...",2025-05-25 16:33,"我是一名躁鬱症患者
這裡屬於情緒患者小房間🍀
日常情緒 共鳴感 情緒教科書 💊🕯️
5/14",腦袋停不下來
dear.lowself,心理一點光✨,"如果你身邊有躁鬱症的朋友
別用「情緒管理」的標準來要求他們
請用「看待疾病」的角度來理解他們。
1. 他不是壞掉，只是腦內在打仗
2.你不需要完美，只需要真誠地在他身邊
3.你的溫柔，是他撐下去的其中一根繩子
這不是個性問題，也不是脾氣問題，
是生理上的病，是需要被看見、理解和照顧的。
告訴他 我會安靜的陪你🤍",2025-05-24 19:13,"我是一名躁鬱症患者
這裡屬於情緒患者小房間🍀
日常情緒 共鳴感 情緒教科書 💊🕯️
5/14",腦袋停不下來
dear.lowself,心理一點光✨,"躁鬱症可以「穩定」，但不等於「好了」
有些人看似正常，是因為 「撐」 。 
接受 「這就是我」的過程✨
這些人表面上和一般人一樣
可以好好上班、好好吃飯、做事、社交
實際上的他們可能：
1. 回家後一整天癱軟、無法應對
2. 憂鬱期假裝沒事，直到崩潰才被發現
所以他們的正常，
是背後花了很多力氣與時間，
並不是天生的。",2025-05-24 10:40,"我是一名躁鬱症患者
這裡屬於情緒患者小房間🍀
日常情緒 共鳴感 情緒教科書 💊🕯️
5/14",腦袋停不下來
dear.lowself,心理一點光✨,"躁鬱症不是只有「心理問題」
也會影響身體
叫 「軀體化」。 
常見的軀體化症狀：
1. 頭痛、肩頸痠痛
2. 胸悶、心悸、呼吸困難感
3. 腸胃不適（腹瀉、便秘、脹氣）
4. 睡眠困難或過度嗜睡
5. 疲勞感、四肢無力
6. 身體發麻、刺痛、感覺奇怪但檢查無異常
軀體化 
>情緒無法適當出口，身體幫你喊
> 不穩定，不只影響情緒，也影響自律神經系統
> 進入發作期的 「預警燈」",2025-05-24 00:09,"我是一名躁鬱症患者
這裡屬於情緒患者小房間🍀
日常情緒 共鳴感 情緒教科書 💊🕯️
5/14",腦袋停不下來
dear.lowself,心理一點光✨,"所以得躁鬱症真的很好笑嗎？
前幾天我跟朋友聊到最近很累，
他問我為什麼，我說可能是生病的關係吧
：「生病？什麼病？」 
：「我不知道怎麼說 就.. 躁鬱症啊」 
他聽了笑著說：「怎麼可能？你躁鬱症？」
還跟旁邊的人說笑，完全不相信
（笑的非常開心那種）
後來是因為看到我手上寫滿字，
才發現我真的生病。
後來解散前他說了這句：
「想太多了啦，不要亂想就沒事」
叫我別想太多，我沒回應
一開始被質疑的時候，我也沒有再多解釋
只是笑著接受他們的回應🙃
躁鬱症並不好笑
它是種挑戰🙏",2025-05-23 00:08,"我是一名躁鬱症患者
這裡屬於情緒患者小房間🍀
日常情緒 共鳴感 情緒教科書 💊🕯️
5/14",腦袋停不下來
dear.lowself,心理一點光✨,"躁鬱症 「躁期想法」 
1. 「我無所不能，我的腦子比誰都聰明」
2. 「一切都會超順利，根本不用擔心」
3. 「我現在靈感太多了，不做太可惜」
4. 「睡覺太浪費時間了，我不需要睡那麼多」￼
5. 「我現在就去告白／辭職／購物」 
6. 「你們都不了解我，只有我知道我在做什麼」",2025-05-22 20:54,"我是一名躁鬱症患者
這裡屬於情緒患者小房間🍀
日常情緒 共鳴感 情緒教科書 💊🕯️
5/14",腦袋停不下來
dear.lowself,心理一點光✨,"躁鬱症 和 憂鬱症
憂鬱症
1. 情緒長時間低落（持續超過 2 週）
2. 沒有動力、容易疲倦、對事情失去興趣
3. 可能伴隨自責、失眠、胃口改變
4. 嚴重時會出現自我傷害或自殺的想法
：一直都在「陰天裡走路」
每天都很重，很難快樂起來。
躁鬱症
1. 「兩種極端」的情緒波動：躁期 ＋ 鬱期
2. 鬱期：與憂鬱症相似
3. 躁期：情緒異常高漲或易怒
可能睡很少卻精力旺盛
5.花很多錢、講話停不下來、做事衝動
6. 覺得自己無所不能，甚至脫離現實
：從極端低潮
突然衝到很高的地方
但那不是快樂
是「過度興奮」或「暴衝」。",2025-05-20 20:19,"我是一名躁鬱症患者
這裡屬於情緒患者小房間🍀
日常情緒 共鳴感 情緒教科書 💊🕯️
5/14",腦袋停不下來
dear.lowself,心理一點光✨,"睡覺=情緒的避風港
「睡覺是在保護大腦。」
好好睡一覺，明天才不會被情緒打敗哦🥹",2025-05-18 12:35,"我是一名躁鬱症患者
這裡屬於情緒患者小房間🍀
日常情緒 共鳴感 情緒教科書 💊🕯️
5/14",腦袋停不下來
dear.lowself,心理一點光✨,"其實這些
1. 情緒很敏感，怕麻煩別人
2. 懷疑自己是不是讓人不舒服
3. 情緒穩定時溫柔、體貼、善解人意
4. 即使自己受苦，也會想幫助別人的人
是最善良的人。",2025-05-18 02:09,"我是一名躁鬱症患者
這裡屬於情緒患者小房間🍀
日常情緒 共鳴感 情緒教科書 💊🕯️
5/14",腦袋停不下來
dear.lowself,心理一點光✨,"鬱期那陣子，
我每天一進房、關上門，就開始大哭
哭到吐，哭到站不起來，癱軟 是真的
看著角落積灰的慢跑鞋，更覺得心疼自己，
怎麼會變成這樣？
直到哭到極限，才對自己說：
「我已經很棒了，辛苦了。」
抱抱自己之後就睡著了
隔天醒來，只記得：昨天的我，哭得好用力。",2025-05-17 17:26,"我是一名躁鬱症患者
這裡屬於情緒患者小房間🍀
日常情緒 共鳴感 情緒教科書 💊🕯️
5/14",腦袋停不下來
dear.lowself,心理一點光✨,「對躁鬱症患者來說，穩定比快樂還重要」。,2025-05-17 17:02,"我是一名躁鬱症患者
這裡屬於情緒患者小房間🍀
日常情緒 共鳴感 情緒教科書 💊🕯️
5/14",腦袋停不下來
dear.lowself,心理一點光✨,"有一次，我因為躁鬱發作請了一週的假
回去工作時，精神還是很差。
同事卻對我說：
「你都請一個禮拜在家睡覺了，還這麼沒精神？」
「不來上班是怕神經病發作嗎？」
「別人那麼辛苦賺錢，你這樣日子怎麼過？」
「我以前也有一樣的狀況，那只是想太多啦。」
當下我一句話都沒回
但心裡 比沉默還痛
不是每個努力，都看得見
不是每種病，都能被理解
我不是不想好起來，
我只是，真的正在撐。",2025-05-16 12:01,"我是一名躁鬱症患者
這裡屬於情緒患者小房間🍀
日常情緒 共鳴感 情緒教科書 💊🕯️
5/14",腦袋停不下來
pbtaiwan,PrecisionBiotics｜ PB普葆,"那天晚上，朋友傳訊息給我：
「你可以陪我去拿安眠藥嗎？」
她說，最近壓力很大，每天腦袋停不下來，
明明身體很累，躺在床上卻怎麼樣都睡不著。
一開始，她只是想：
「吃一點藥，先讓自己好好睡，過幾天就會好。」
前幾次真的很有效，
藥效一來，她就能馬上入睡，還跟我說：
「好久沒一覺到天亮，感覺好幸福。」
但慢慢地，她開始變得不一樣。
如果哪天沒有藥，她會整晚焦慮，
明明很想睡，卻翻來覆去，心跳加快。
後來，她幾乎每天都要靠藥才能安心閉眼。
看著她，我突然覺得有點心酸。
她原本只是想「好好睡一覺」，
卻沒想到，最後換來的是「不能沒有藥」。
—
你身邊有沒有也有人，
曾經為了睡一覺好覺，走上這條路？
你都怎麼幫助他們的呢？",2025-10-08 00:12,"Science in every strain
北歐原裝進口益生菌領導品牌
崇尚健康、自然、專注生命的美學
👇🏻 點下方連結報名試吃特派員",腦袋停不下來
pbtaiwan,PrecisionBiotics｜ PB普葆,"👋 你有聽過「心靈益生菌」嗎？
🔥 我們不是某種心靈雞湯
而是來自丹麥百年科技大廠的精準科學
我們的名字叫PB普葆益生菌
▪️25年專注微生物科學探索
▪️熱賣全球26+國家
▪️世界胃腸病學組織 WGO 認可
🔔 為什麼與眾不同？
因為我們相信——
益生菌不只是「補一點腸道菌」這麼簡單
而是針對情緒、腸胃
新陳代謝、口腔健康的精準解方
📣 品牌關鍵字：
▫️堅持精準科學 
▫️天然溫和安全
▫️萬億選一
我們崇尚的，不只是健康
而是讓更多人
擁有自然、專注的生命美學 🫶",2025-10-03 20:00,"Science in every strain
北歐原裝進口益生菌領導品牌
崇尚健康、自然、專注生命的美學
👇🏻 點下方連結報名試吃特派員",腦袋停不下來
atharv200234,atharv200234,"有誰家公司是完完全全符合勞基法的嗎
可以分享讓我知道嗎
因為每次面試都跟我說照勞基法
但進去不到三個月就發現一堆違法行為
我已經換了快20個工作
沒有一家是真的完全符合勞基法的
我都快對台灣職場環境絕望了
有沒有人能分享清流
讓我抱有希望一下🥹",2025-01-17 12:49,嗚咿咿啊咿,絕望
tz18400,須米Shimy,"台積電工程師 
我知道threads很多gger
大家來分享一下
只有台積電的人
才聽得懂的術語
讓大家知道新人進台積電
是有多絕望
完全聽不懂大家在供三小🤣",2024-08-11 07:28,"TSMC工程師
街頭藝人-火舞、雜耍
表演團隊-發條娃娃、FireSeeD、白日夢火舞團
人像攝影-外拍、棚拍、旅拍
東方占卜-梅花易數、六爻、八字、奇門遁甲
AI創作-動漫角色生成、真人角色生成
ENTJ | ENTP 
HipHop | 電影 ｜ 籃球 ｜ lockin | TikToker",絕望
tz18400,須米Shimy,馬的教練騙我,2024-08-10 10:44,"TSMC工程師
街頭藝人-火舞、雜耍
表演團隊-發條娃娃、FireSeeD、白日夢火舞團
人像攝影-外拍、棚拍、旅拍
東方占卜-梅花易數、六爻、八字、奇門遁甲
AI創作-動漫角色生成、真人角色生成
ENTJ | ENTP 
HipHop | 電影 ｜ 籃球 ｜ lockin | TikToker",絕望
tz18400,須米Shimy,懂玩,2024-08-06 17:40,"TSMC工程師
街頭藝人-火舞、雜耍
表演團隊-發條娃娃、FireSeeD、白日夢火舞團
人像攝影-外拍、棚拍、旅拍
東方占卜-梅花易數、六爻、八字、奇門遁甲
AI創作-動漫角色生成、真人角色生成
ENTJ | ENTP 
HipHop | 電影 ｜ 籃球 ｜ lockin | TikToker",絕望
tz18400,須米Shimy,渣男嗚嗚😢怎麼可以劈腿,2024-08-05 10:00,"TSMC工程師
街頭藝人-火舞、雜耍
表演團隊-發條娃娃、FireSeeD、白日夢火舞團
人像攝影-外拍、棚拍、旅拍
東方占卜-梅花易數、六爻、八字、奇門遁甲
AI創作-動漫角色生成、真人角色生成
ENTJ | ENTP 
HipHop | 電影 ｜ 籃球 ｜ lockin | TikToker",絕望
tz18400,須米Shimy,馬的數學課本裡永遠會出現的奇人,2024-08-04 15:45,"TSMC工程師
街頭藝人-火舞、雜耍
表演團隊-發條娃娃、FireSeeD、白日夢火舞團
人像攝影-外拍、棚拍、旅拍
東方占卜-梅花易數、六爻、八字、奇門遁甲
AI創作-動漫角色生成、真人角色生成
ENTJ | ENTP 
HipHop | 電影 ｜ 籃球 ｜ lockin | TikToker",絕望
tz18400,須米Shimy,學習中文就是這麼簡單,2024-08-04 10:59,"TSMC工程師
街頭藝人-火舞、雜耍
表演團隊-發條娃娃、FireSeeD、白日夢火舞團
人像攝影-外拍、棚拍、旅拍
東方占卜-梅花易數、六爻、八字、奇門遁甲
AI創作-動漫角色生成、真人角色生成
ENTJ | ENTP 
HipHop | 電影 ｜ 籃球 ｜ lockin | TikToker",絕望
tz18400,須米Shimy,"不知為何threads看到一堆條件很好或外貌很好的人都說自己單身很難找對象，真的太不真實
因此，我來像大家介紹最真實的本人我😆
身高：180
體重：70
戀情：一直都沒有穩定幾年的
外貌：如照片
個性：E人
我自認pr50以下，但至少應該有20以上吧⋯⋯吧？
普男",2024-08-04 07:41,"TSMC工程師
街頭藝人-火舞、雜耍
表演團隊-發條娃娃、FireSeeD、白日夢火舞團
人像攝影-外拍、棚拍、旅拍
東方占卜-梅花易數、六爻、八字、奇門遁甲
AI創作-動漫角色生成、真人角色生成
ENTJ | ENTP 
HipHop | 電影 ｜ 籃球 ｜ lockin | TikToker",絕望
tz18400,須米Shimy,"一直被說像誰像誰
我外表到底像哪個網紅啊好想知道",2024-08-04 07:20,"TSMC工程師
街頭藝人-火舞、雜耍
表演團隊-發條娃娃、FireSeeD、白日夢火舞團
人像攝影-外拍、棚拍、旅拍
東方占卜-梅花易數、六爻、八字、奇門遁甲
AI創作-動漫角色生成、真人角色生成
ENTJ | ENTP 
HipHop | 電影 ｜ 籃球 ｜ lockin | TikToker",絕望
tz18400,須米Shimy,"豬大哥的兒子都親口說了
那些死派的是不是要出來道歉",2024-08-04 07:01,"TSMC工程師
街頭藝人-火舞、雜耍
表演團隊-發條娃娃、FireSeeD、白日夢火舞團
人像攝影-外拍、棚拍、旅拍
東方占卜-梅花易數、六爻、八字、奇門遁甲
AI創作-動漫角色生成、真人角色生成
ENTJ | ENTP 
HipHop | 電影 ｜ 籃球 ｜ lockin | TikToker",絕望
tz18400,須米Shimy,"馬的企鵝涼那麼多年了
該讓他知道一下什麼叫熱了
別跟我扯全球暖化
耖他媽科技業無塵室冷得跟停屍間一樣",2024-08-04 00:15,"TSMC工程師
街頭藝人-火舞、雜耍
表演團隊-發條娃娃、FireSeeD、白日夢火舞團
人像攝影-外拍、棚拍、旅拍
東方占卜-梅花易數、六爻、八字、奇門遁甲
AI創作-動漫角色生成、真人角色生成
ENTJ | ENTP 
HipHop | 電影 ｜ 籃球 ｜ lockin | TikToker",絕望
tz18400,須米Shimy,如果女朋友跟你其中一個要被他打一拳 你會選擇站出來嗎,2024-08-03 19:37,"TSMC工程師
街頭藝人-火舞、雜耍
表演團隊-發條娃娃、FireSeeD、白日夢火舞團
人像攝影-外拍、棚拍、旅拍
東方占卜-梅花易數、六爻、八字、奇門遁甲
AI創作-動漫角色生成、真人角色生成
ENTJ | ENTP 
HipHop | 電影 ｜ 籃球 ｜ lockin | TikToker",絕望
tz18400,須米Shimy,馬的超危險,2024-08-03 19:31,"TSMC工程師
街頭藝人-火舞、雜耍
表演團隊-發條娃娃、FireSeeD、白日夢火舞團
人像攝影-外拍、棚拍、旅拍
東方占卜-梅花易數、六爻、八字、奇門遁甲
AI創作-動漫角色生成、真人角色生成
ENTJ | ENTP 
HipHop | 電影 ｜ 籃球 ｜ lockin | TikToker",絕望
_conan_amuro_4869,雙胞胎一定結婚協會理事長,"最近又在複習獵人，我一直覺得奇犽真正意識到自己愛上小傑的那刻是在嵌合蟻篇。這邊說的「愛」不是在開玩笑，我是真心認為奇犽後期對小傑的態度已經遠超越友情的範疇。
當然也可以把這種情況當作奇犽在那個年紀還分不清「友情」和「愛情」的差別。奇犽對小傑的情感向來都處在曖昧不明的階段，但到了嵌合蟻篇，我會相信他確實是以戀愛的角度在看待小傑。理由有三個：
1. 「小傑你是光」那段真的⋯⋯太羅曼蒂克⋯⋯
2. 龐姆的出場是很關鍵的一點。
如果只是純粹要讓這個角色為了任務賣身、潛入宮殿，最後點醒奇犽之於小傑的重要性，冨樫完全沒必要在嵌合蟻篇這麼令人絕望的章節裡安插「龐姆和小傑約會的橋段」。
即便刪掉兩人約會的情節，也不影響後續的劇情發展。但冨樫沒有，他利用兩人約會的片段，順勢帶出奇犽的想法：奇犽對於龐姆和小傑約會這點是極度反感的，甚至內耗到自暴自棄的程度。
我看過有人認為奇犽只是不甘心輸了小傑一大截，大概就是一種「我兄弟已經交過那麼多女朋友了，可惡我輸了」的比較心態。
但奇犽在聽見小傑有約會過的反應卻是：「本來之後也想跟你在一起的。」這並非嫉妒，更不是不甘，而是明晃晃的吃醋。
TBC.",2025-03-17 20:09,你也跟我一樣在等獵人結局嗎？,絕望
_conan_amuro_4869,雙胞胎一定結婚協會理事長,"每次看嵌合蟻篇都覺得梅路艾姆的心境轉變好感人但也很好笑（尊重）
上一秒：我是最強的！力量才是絕對！！我要殺了小麥，反正軍儀只是遊戲而已！！！（搭配中二咧嘴大笑）
還是蟻王：哦天啊怎麼會有這麼脆弱的生物你是重要的客人所以不用怕麻煩大家，幹啊我不是進來殺她的嗎我到底在說什麼啊我該拿這種生物怎麼辦🥺",2025-03-15 22:03,你也跟我一樣在等獵人結局嗎？,絕望
_conan_amuro_4869,雙胞胎一定結婚協會理事長,"最近很愛看他們的reaction🥺🫶可以直接把影片拉到6:15，看大家對西索在打小傑時發出愉悅呻吟的reaction（幹）
而且五個男生的英文口音都很好懂可以順便練英聽（？？）
youtu.be/0f_aq…",2025-03-15 15:32,你也跟我一樣在等獵人結局嗎？,絕望
_conan_amuro_4869,雙胞胎一定結婚協會理事長,"話說最近在看一些歐美YouTuber的獵人reaction，發現有一些人是⋯⋯發自內心在討厭西索（幹）
完全可以理解為什麼啦，畢竟歐美那邊本來就對這塊比較敏感。我比較訝異的是好多人一開始也討厭龐姆，就是剛出場像貞子拿刀逼小傑跟她交往那段。但龐姆後來真的好漂亮⋯⋯又好強⋯⋯她是最棒的龐姆姊姊😭",2025-03-15 15:29,你也跟我一樣在等獵人結局嗎？,絕望
_conan_amuro_4869,雙胞胎一定結婚協會理事長,然後我要來抱怨西奇的糧真的好少，怎麼會這樣🫠,2025-03-14 21:32,你也跟我一樣在等獵人結局嗎？,絕望
_conan_amuro_4869,雙胞胎一定結婚協會理事長,其實每次看西索在天空競技場洗澡把背上的旅團編號撕下來甩到鏡子上，我都覺得那塊沒洗到的地方有點髒。,2025-03-14 01:06,你也跟我一樣在等獵人結局嗎？,絕望
_conan_amuro_4869,雙胞胎一定結婚協會理事長,小賴太讚了🥺,2025-03-13 21:42,你也跟我一樣在等獵人結局嗎？,絕望
_conan_amuro_4869,雙胞胎一定結婚協會理事長,突然發現在某些特定情況下，小傑也很聽奇犽的話欸，唉小情侶真好🥺,2025-03-13 15:03,你也跟我一樣在等獵人結局嗎？,絕望
_conan_amuro_4869,雙胞胎一定結婚協會理事長,友克鑫篇的智鬥真的好好看⋯⋯我喜歡酷拉皮卡⋯⋯還有雷oreo🥺,2025-03-11 21:39,你也跟我一樣在等獵人結局嗎？,絕望
_conan_amuro_4869,雙胞胎一定結婚協會理事長,買了東立電子書後做的第一件事：翻到第二十七集奇犽的殉情宣言，一個人開始emo,2025-03-11 16:21,你也跟我一樣在等獵人結局嗎？,絕望
_conan_amuro_4869,雙胞胎一定結婚協會理事長,希望哪天貪婪之島可以實體化，那些想要代理孕母的只要進去玩遊戲就可以拿到懷孕石了，不管是男是女都可以生喔😍,2025-03-11 14:14,你也跟我一樣在等獵人結局嗎？,絕望
_conan_amuro_4869,雙胞胎一定結婚協會理事長,其實退一萬步來講，小傑奇犽的日常互動根本就和情侶沒兩樣啊⋯⋯會一起吃飯、玩遊戲、看星空（這個超好嗑= =）、從背後抱著睡、小傑還會陪奇犽一起拆盲盒，即便他根本對這些東西不感興趣⋯⋯還有一大堆的日常告白，什麼「小傑你是光」、「那我們以後也一直在一起吧」之類的，唉我真的遲早會被這對楠銅搞破頭。,2025-03-11 10:21,你也跟我一樣在等獵人結局嗎？,絕望
_conan_amuro_4869,雙胞胎一定結婚協會理事長,我決定從今天開始每日分享一則笑話,2025-03-11 09:43,你也跟我一樣在等獵人結局嗎？,絕望
_conan_amuro_4869,雙胞胎一定結婚協會理事長,我的獵人歌牌到貨了！！！！！,2025-03-10 18:00,你也跟我一樣在等獵人結局嗎？,絕望
_conan_amuro_4869,雙胞胎一定結婚協會理事長,我在家都草莓沾蜂蜜,2025-03-10 17:29,你也跟我一樣在等獵人結局嗎？,絕望
_conan_amuro_4869,雙胞胎一定結婚協會理事長,ㄘㄘ牌布朗尼超好吃⋯⋯我可以一次吃兩塊⋯⋯😭,2025-03-10 00:43,你也跟我一樣在等獵人結局嗎？,絕望
_conan_amuro_4869,雙胞胎一定結婚協會理事長,"臺南人才不在乎🤷‍♀️
不要跟我搶牛肉湯就好",2025-03-09 23:31,你也跟我一樣在等獵人結局嗎？,絕望
_conan_amuro_4869,雙胞胎一定結婚協會理事長,看來有人真的把自己當大文豪了喔✍️,2025-03-09 16:22,你也跟我一樣在等獵人結局嗎？,絕望
_conan_amuro_4869,雙胞胎一定結婚協會理事長,我喊了八張獵人盲抽貼紙我不知道自己到底哪來的本錢這樣做🤷‍♀️,2025-03-08 01:43,你也跟我一樣在等獵人結局嗎？,絕望
_conan_amuro_4869,雙胞胎一定結婚協會理事長,"我覺得奇犽應該是那種不知道某些水果原型長怎樣的孩子，畢竟人家是揍敵客小少爺，所以梧桐會先幫他把水果切好擺盤再端上桌（例如鳳梨西瓜荔枝之類的）
結果到了鯨魚島第一次看到西瓜原來長這樣覺得很新奇，小傑還會教他怎麼把西瓜籽噴得很遠🙂‍↕️",2025-03-07 17:04,你也跟我一樣在等獵人結局嗎？,絕望
_conan_amuro_4869,雙胞胎一定結婚協會理事長,那確實，我已經不曉得幾年沒蛀牙了😍,2025-03-07 12:51,你也跟我一樣在等獵人結局嗎？,絕望
_conan_amuro_4869,雙胞胎一定結婚協會理事長,"獵人世界裡不喜歡奇犽的人應該十根手指頭數得出來吧：
1.鮑德羅
2.糜稽
3.骰子牛路人一號
4.骰子牛路人二號
5.喬尼
6.呃想不到了
7.好啦我的錢包應該滿討厭奇犽的
8.這邊沒有要接八月正午的陽光都沒你耀眼
9.看吧我就說奇犽果然是最棒的🥰",2025-03-07 00:01,你也跟我一樣在等獵人結局嗎？,絕望
_conan_amuro_4869,雙胞胎一定結婚協會理事長,"現在才發現原來漫畫奇犽的眼睛是黑色（或是琥珀色），動畫組把他的眼睛畫得好藍🥺
但我大奇犽不管怎樣都是最好看的🥰",2025-03-06 23:40,你也跟我一樣在等獵人結局嗎？,絕望
_conan_amuro_4869,雙胞胎一定結婚協會理事長,"再重刷一次蟻王篇，冨樫真的是好浪漫的男人🥺
蟻王和小麥兩人之間從來沒出現過「愛」這個字，結尾光靠一句「我一定是為了這一刻而來到這個世界上的。」就可以感受到蟻王的感情有多澎湃，雖然純愛組在獵人裡好像都沒有好下場⋯⋯但就是真的很好嗑🥲
傑奇的話就更不用講，奇犽那句「小傑你是光」是我目前看過的少年漫裡最不矯情、最羅曼蒂克的告白。搭配漫畫的分鏡看就已經很浪漫了，再加上動畫組的光影和背景音樂又更上一層樓，單把這段拿出來看我真的會以為是戀愛番。唉謝謝義博謝謝動畫組⋯⋯",2025-03-04 16:17,你也跟我一樣在等獵人結局嗎？,絕望
_conan_amuro_4869,雙胞胎一定結婚協會理事長,雷歐力生日快樂㊗️你可以跟皮卡有情人終成眷屬🫶,2025-03-03 23:54,你也跟我一樣在等獵人結局嗎？,絕望
taiwan_texas_fish_poker_2024,魚樂玩家戒賭中心 - 德州撲克,"調皮一個近6萬的底池XD
翻牌3家ALL IN
只有3張OUTS
25/25的桌 近6萬？
必須記錄一下
結局影片 晚點上XD
台南 25/25",2025-06-10 05:57,"狗屁GTO 不用懂 我只知道
29眠 57步槍 J5街舞 86拓海
56不能亡 64天安門 69好姿勢
別人教你贏 我會帶你歪XD",絕望
taiwan_texas_fish_poker_2024,魚樂玩家戒賭中心 - 德州撲克,"德州撲克私場太離譜了XD
看一堆複製文章
好像開場都發財??XD
10/10 20/20
一小時水平均1000-4000元
<5% 翻前不抽> 
小桌多數不封頂
<抓碼現金>
很多在拼 大家都懂
抓碼收現金不要欠
可以減少很多麻煩XD
<玩家組成>
不要太複雜
從抓碼/職業/玩家介紹
去篩選玩家
<JP獎金>
獎金累計 中獎有分
1.兩張怪物全拿
2.依照%數領取
<25/25桌 每週3天 每天8小時 計算>
房租 <1450>15000-20000/月
荷官 <3600>300-600/小時
香菸 <350>4200/月
檳榔 <1500>1000-2000/天
餐費 2000/天
水電 <165>1500-2500/月
網路 <85>1000/月
退水 <3200>400/小時
飲料 600/天
雜物 <165>2000/月
補整 <1500>1000-2000/天
保險 輸贏看天XD
2500X8=20000/天
20000-14615=5385/天
找咖很難 貼咖更難XD
私場小心詐賭
不要金錢往來
玩的開心就好 發財就別想了XD
台南 25/25",2025-06-10 03:59,"狗屁GTO 不用懂 我只知道
29眠 57步槍 J5街舞 86拓海
56不能亡 64天安門 69好姿勢
別人教你贏 我會帶你歪XD",絕望
taiwan_texas_fish_poker_2024,魚樂玩家戒賭中心 - 德州撲克,"第一次譴責玩家XD
場主花錢請美女荷官
玩家給錢請她拉拉鍊
??????????
像這種要求 
我這輩子沒聽過XD
台南 25/25",2025-06-06 14:15,"狗屁GTO 不用懂 我只知道
29眠 57步槍 J5街舞 86拓海
56不能亡 64天安門 69好姿勢
別人教你贏 我會帶你歪XD",絕望
liangyingwen,liang ying wen,"奉勸各大在詐騙公司上班的
客服員 業務員 鍵盤手
不要以為騙來的錢不是入你口袋就跟你沒關係
發給你的薪水就是活生生從每個絕望死去的人身上奪來的
這個行業讓多少人喪命  每一條都會算在你身上
不是不報 時候未到",2025-07-07 04:21,不+line 詐騙請離開🥱,絕望
liangyingwen,liang ying wen,"對於這次魔物獵人荒野真的好失望
這是所謂期望太高失望越大嗎🥺
我是從崛起開始玩的（聽朋友說更之前的更好玩
首先我對這隻鳥坐騎真的很不滿意
要馬走錯要馬在原地打轉我一直在忍耐這點
崛起的狗狗絲滑太多了！
再來好玩的翔蟲什麼時候要還給我😭😭😭
這次更新唯一讓我有點興趣的
是武器終於終於終於可以換外觀了
可還是沒有開遊戲的衝動🫠🫠
我不想騎智障鳥",2025-07-03 17:59,不+line 詐騙請離開🥱,絕望
liangyingwen,liang ying wen,"有脆友知道這是誰的作品嗎？
前天看到後就再也找不到了⋯
被這手作療癒到😍😍",2025-07-03 16:07,不+line 詐騙請離開🥱,絕望
liangyingwen,liang ying wen,"建議各位毛孩的爸媽們
如果你想在網路上選購寵物的飼料或零食
一定要買常見的大品牌
看都沒看過的牌子就別買了
一頁式廣告也別買 評價這種東西也是可以洗出來的
台灣目前對於寵物食品安全還很寬鬆
也尚未明確制定出營養標準的上限和下限的相關規範
每年也只採隨機抽查100件寵物食品
相較人類食品未依規定申請查驗
處3萬～300萬元以下罰鍰
寵物食品才處3000～1.5萬罰鍰
講難聽一點這根本不痛不癢⋯
一開始對寵物食品沒有很上心就想買一些零食給她吃
我就納悶了貓零食應該是毛孩最無法抗拒的
我家咕嚕吃了兩口就不吃了
包裝太陽春成分標示不清楚的一大堆
大家⋯希望毛孩長長久久在身邊 
真的要好好選購牠們吃下肚的食物🥺",2025-07-03 03:39,不+line 詐騙請離開🥱,絕望
liangyingwen,liang ying wen,魷魚🦑3好好看快去追😍,2025-06-29 20:14,不+line 詐騙請離開🥱,絕望
liangyingwen,liang ying wen,"今天我朋友告訴我
台中其實有kk園區的電詐
也就是說在緬北那種很恐怖的囚禁虐待賣器官
擄人勒贖台中也有？？？電詐很賺錢幾乎都在七期
有人可以告訴我這是真的嗎😦
所以在脆上面遇到的詐騙都說住台中
其實他們真的在台中⋯⋯",2025-06-27 21:43,不+line 詐騙請離開🥱,絕望
xyzzzz339,First frost,"真誠的趙昭儀
粉絲和偶像雙向奔赴 都在替對方心疼🥹🥹",2025-11-27 00:50,"我會在所有的結局裡等著他們
每日都甚好",絕望
xyzzzz339,First frost,盧昱曉女友照合輯🐚,2025-11-26 13:27,"我會在所有的結局裡等著他們
每日都甚好",絕望
xyzzzz339,First frost,問就是已經嚕化了,2025-11-21 19:08,"我會在所有的結局裡等著他們
每日都甚好",絕望
xyzzzz339,First frost,"你們要打去床上打好不好
獨家紀意：好👌🏻",2025-11-21 15:04,"我會在所有的結局裡等著他們
每日都甚好",絕望
xyzzzz339,First frost,"純情小狗爆改暗黑比格
#暗河傳",2025-11-20 21:50,"我會在所有的結局裡等著他們
每日都甚好",絕望
xyzzzz339,First frost,"讓我們再次回顧神級劇宣影片「那女孩對我說」
抖音上1438萬點贊",2025-11-20 21:23,"我會在所有的結局裡等著他們
每日都甚好",絕望
xyzzzz339,First frost,"丁舟杰文学
“丁舟杰 你個膽小鬼”
""山高路遠，趕路要緊""
我無比懷念去年追劇的時光和當時愉悅的氛圍，大家對劇情的激烈討論，大方地發表看法與言論，以及對竹林四俠和永夜星河的喜愛。還是想說，第一個寫丁舟杰文學的簡直是個天才，當時每看一篇都會哭。",2025-11-20 21:20,"我會在所有的結局裡等著他們
每日都甚好",絕望
xyzzzz339,First frost,誰懂 明意還用不同聲調回應他,2025-11-20 21:13,"我會在所有的結局裡等著他們
每日都甚好",絕望
xyzzzz339,First frost,小貓哥反覆觀看中⋯,2025-11-20 03:05,"我會在所有的結局裡等著他們
每日都甚好",絕望
xyzzzz339,First frost,"“夫君，可來相助？”
“你喚我，總是要來的”
“以我意誠 驅汝情真”",2025-11-18 18:55,"我會在所有的結局裡等著他們
每日都甚好",絕望
xyzzzz339,First frost,侯明昊你根本不敢看,2025-11-18 14:14,"我會在所有的結局裡等著他們
每日都甚好",絕望
xyzzzz339,First frost,"追過入青雲的才懂這首歌有多好哭😭😭😭
我們古風小生每次都穿的燒了哄的👉🏻👈🏻",2025-11-18 12:13,"我會在所有的結局裡等著他們
每日都甚好",絕望
xyzzzz339,First frost,"這和現實他們倆的星途有什麼區別（舒心這兩年的大火走在前面 玉溪沈寂了一段時間走得偏慢一點但是舒心回過頭等了他 玉溪也跨了一大步和她
並肩同行",2025-11-18 11:14,"我會在所有的結局裡等著他們
每日都甚好",絕望
xyzzzz339,First frost,理解司徒嶺 成為司徒嶺  超越司徒嶺🫰🏻🫰🏻,2025-11-15 23:25,"我會在所有的結局裡等著他們
每日都甚好",絕望
xyzzzz339,First frost,好想趕快看奔跑吧天路篇😚😚,2025-11-15 22:44,"我會在所有的結局裡等著他們
每日都甚好",絕望
xyzzzz339,First frost,釣神來著😭😭,2025-11-15 22:39,"我會在所有的結局裡等著他們
每日都甚好",絕望
xyzzzz339,First frost,又純慾又魅惑 頂級表情管理,2025-11-15 19:30,"我會在所有的結局裡等著他們
每日都甚好",絕望
xyzzzz339,First frost,主持人半夜從床上彈起來:我到底哪逼她了❓,2025-11-15 14:59,"我會在所有的結局裡等著他們
每日都甚好",絕望
xyzzzz339,First frost,美的我一整個尖叫🙀🤩🤩,2025-11-15 01:46,"我會在所有的結局裡等著他們
每日都甚好",絕望
xyzzzz339,First frost,天啊 美瘋了😭😭,2025-11-14 22:45,"我會在所有的結局裡等著他們
每日都甚好",絕望
xyzzzz339,First frost,白夢妍萌🐭我對你有什麼好處😍😍,2025-11-14 19:16,"我會在所有的結局裡等著他們
每日都甚好",絕望
iwantjobplease,小蕉綠,"已經求職到有點絕望了，想來脆上看看有沒有職缺（不要灰產）
📌 地點：台北 新北 新竹 高雄 台南 台中皆可
📌 經驗：清大文組碩畢、軟體業行銷實習
📌 期望薪資：3萬5以上
📌 熟悉工具：SPSS、Photoshop、illustrator、Microsoft office系列
📌 期望職缺類型：行銷企劃
以上條件符合可以幫我留言104 or 公司網址
我再投遞
謝謝各位大大🥲",2025-08-20 15:19,蕉綠的求職中,絕望
iwantjobplease,小蕉綠,"從五月開始找工作到現在
本來想著至少七月底一定可以找到吧！
結果完全沒有😂
有幾家進到二面以為穩了，卻還是被刷掉
找工作比我想得難好多
明明找實習的時候很快就有結果了說",2025-08-08 19:43,蕉綠的求職中,絕望
benson_chiu__,邱宇辰 Benson Chiu,"想在這邊紀錄我的紐約留學生活
第一篇文先來分享當初收到的offer跟申請心路歷程
大三的我決定要實現留學夢 
但因為大一大二玩太瘋
所以成績單上的成績完全不能看 真的有夠絕望 
覺得應該只能申到美國野雞大學的碩班
後來大三大四開始認真準備
從系排最後一名的學渣讀到變系排一
做了兩個實習 兩個research 發了一篇paper 
同時考了英文檢定GRE 329 / 340、托福101 / 120
最後被NYU、Columbia、Northwestern、UCLA、USC、UC Irvine 等名校錄取
(混申CS、Data 相關科系）
最終選擇就讀帶獎學金的 NYU MS Computer Engineering（成大工資管 ➡️ 紐大電機所）
因為自己本身條件不是很好
又對紐約跟NYU有憧憬
所以對這個結果是滿意的
也很感謝這一路上幫助過我的所有人
我知道自己還有很多不足的地方
也知道有很多人都比我優秀
這篇文是想給我準備了2年半的25 Fall申請做個總結
也希望能激勵到有打算出國留學的人們🥹
不要放棄繼續努力
有天也能去到想去的地方的！",2025-09-25 20:18,"🇺🇸 NYU MS Computer Engineering
🗽 分享紐約留學日常
🎹 把喜歡的歌彈成鋼琴版",絕望
qwe._.1913,。,"今天看到了一段話。
如果一段感情淪落到 女生要教男生怎麼愛她。
她才有安全感 怎麼哄她才開心。
那這段感情注定會失敗。
兩個人頻繁的吵架 生氣 冷戰 相互埋怨。
然後又和好 來回反覆。
這其實不是愛 是劫。
你覺得很委屈 他又覺得很累 最後變成他覺得你不懂他。
總是亂發脾氣  心冷著冷著慢慢的就涼了。
吵著吵著 感情就淡了。
慢慢的兩個人就散了。
愛這種東西...有心者不用教 無心者教不會。
從滿心歡喜到徹底絕望。總將耗盡所有的耐心。",2024-12-16 01:27,"記錄生活。
-
-
-
還是會羨慕別人的愛情🤍",絕望
tottee.life,Go with the flow,"開頭諗緊點解會講
古蘭、姜山，表面無咩關連性嘅故事
後來知道因為兩位角色係小妹嘅轉世
小鬼答應咗天女要兌現1000年嘅承諾
每年幫小妹抆走鬼之芽，到第1000年仍然無事就可以正式投胎
開頭同黑天諗法差唔多，覺得小鬼好天真亦唔明佢份執著
到第1000年小妹終於搵得返細佬
就算當時小妹(小英)變成人鬼，小鬼依然二話不說捨身救小妹
拉返小妹上嚟嗰吓真心好震撼，睇到起曬雞皮
就算小妹每一輩諸事不順
例如古蘭覺醒後仍然俾蜜蜂針死、姜山豁出去仍然死於狗官嘅狡猾之中
充分感受到小鬼出盡力去幫，依舊改變唔到命運嘅無奈
但即使咁絕望，小鬼仍然選擇珍惜1000次嘅機會去救小妹，呢份堅持令人萬分佩服
成套作品嘅美術、角色設計同打鬥場面做得好好，劇情亦非常有意義
個人好鍾意小英人鬼化，仲有俾動畫師笑係火龍果嘅鬼之芽設定
同食細佬呢幕雖然理應幾嘔心
但又婆婆喺到聞條屍開始到變咗人肉湯
喺唔同層面上逐漸呈現出嚟嘅恐怖，真心覺得好犀利
再次多謝紙本同各動畫師嘅血汗，製作出一套完全超乎想像嘅作品
@zbfghk
@zbfghk
@mindyourstepc
@mindyourstepc
@movieanotherworld
@movieanotherworld",2025-10-26 16:47,"📷
🇭🇰
Some photos. Some feelings.",絕望
tottee.life,Go with the flow,"最近我覺得可以寫入CV到嘅事
就係睇鏈鋸人4D
到Denji打颱風惡魔突然好急尿
之後一嘢跳落地板急急忙去廁所
返番入去時見到張櫈揈得好勁
仍然可以好精準咁一下跳返上張櫈到繼續專心睇戲🤣
有睇過鏈鋸人4D應該知呢幾幕揈得有幾犀利🙂‍↕️",2025-10-24 23:58,"📷
🇭🇰
Some photos. Some feelings.",絕望
tottee.life,Go with the flow,"發現劇場版嘅Reze好幾次擺呢個慣有站姿
無論喺學校條走廊行
定變成炸彈惡魔都有試過咁企
覺得成件事好人性化
好鍾意呢啲細節位❣️",2025-10-23 22:25,"📷
🇭🇰
Some photos. Some feelings.",絕望
tottee.life,Go with the flow,"睇完藤本樹短篇
覺得老師根本好擅長畫戀愛故事
仲要係唔平凡又有愛嘅戀愛
短篇Part.1最鍾意係詩鶴呢篇
見到詩鶴好聽話
走去睇醫生
想知因咩事搞到個心噗噗跳
俾著我係男主角都笑到碌地🤣
而喺戲院睇到呢幕
廢事笑太大聲真係忍笑忍到係咁震😂",2025-10-20 22:04,"📷
🇭🇰
Some photos. Some feelings.",絕望
tottee.life,Go with the flow,"「淀治君，其實我...也沒上過學……」
作為讀者，就係希望你哋可以喺同一間學校讀書，好似普通高中生咁拍拖，放學就諗去邊到玩，開開心心咁生活
但喺鏈鋸人嘅世界觀，就連維持普通生活都好難…🥹",2025-10-15 22:30,"📷
🇭🇰
Some photos. Some feelings.",絕望
tottee.life,Go with the flow,"點算，每次都俾佳蛋仔萌親🥺
@hkparknshop
@hkparknshop",2025-10-15 20:06,"📷
🇭🇰
Some photos. Some feelings.",絕望
tottee.life,Go with the flow,"睇咗好幾次，每次見到Denji問Reze
「咁點解唔一開始就殺咗我？！」
Reze嗰個停頓位+直接講其他話題帶過，再加埋上田對於聲演角色方面嘅精雕細琢，由偽裝-＞爆炸惡魔-＞動咗真心嘅變化，
動畫組每個部分都呈現得好淒美又細膩🥺
可以喺戲院睇到鏈鋸人劇場版實在太幸福💗",2025-10-13 22:53,"📷
🇭🇰
Some photos. Some feelings.",絕望
y0ming.photo,柳暗花明宥一村,"剛剛被這段話治癒了：
“這個世界本來就是這樣，你會認識形形色色的人、會遇到無法理解的惡意、會感到失望，但是只要過去了就會發現，那些帶著偏見自說自話的言論、還有那些不能理解的惡意，都是在提醒我們不要成為那樣的人。""
你或許會焦慮，會不知所措，生活也不太如意，會感到絕望。但世界就是如此複雜，生活也從不是盡如人意，但還是希望你，即使見過那些骯髒與不堪，也依然能保有一顆善良的心。",2025-07-31 21:06,"I 🎬導演 I 📷拍照 I 寫字 I 畫畫 I
行走在城市的縫隙裡，聽見時間的細語。畫畫、寫字，是和自己對話；說故事，是想與世界聯繫。
-
Sony a7C2 / Canon R5M2 📷 🎥",絕望
y0ming.photo,柳暗花明宥一村,"活出溫柔的鋒芒：
花，不一定要在春天盛開、或肥沃的土地中生根。它也可以在斑駁中、最冷硬的材質前、做柔軟的對抗。看似脆弱，卻更堅定；看似無聲，卻在光影之間，說盡了存在的意義。
別總想找一個理想的環境才開始活出自己；可真正的自由，並不是環境賦予的、而是打從內心生長出來的。即使腳下是荒土、身後是冰冷，只要願意迎向陽光，就能活出最溫柔的鋒芒。",2025-07-30 21:36,"I 🎬導演 I 📷拍照 I 寫字 I 畫畫 I
行走在城市的縫隙裡，聽見時間的細語。畫畫、寫字，是和自己對話；說故事，是想與世界聯繫。
-
Sony a7C2 / Canon R5M2 📷 🎥",絕望
y0ming.photo,柳暗花明宥一村,"喜歡三毛說的一段話：
過度理性，讓生活喪失美感；過分感性，是在慢性殺死自己。
喧囂的塵世裡，隨性就好。",2025-07-29 21:23,"I 🎬導演 I 📷拍照 I 寫字 I 畫畫 I
行走在城市的縫隙裡，聽見時間的細語。畫畫、寫字，是和自己對話；說故事，是想與世界聯繫。
-
Sony a7C2 / Canon R5M2 📷 🎥",絕望
y0ming.photo,柳暗花明宥一村,"喜歡窄門中說過的一段話：
“最令我傷心的不是你松開了握著我的手，而是我感覺到自己的手、在你手上並不舒服，即使你不鬆開、我也會鬆開。“
愛人是自愛的流動盈餘。要做一棵獨立生長的樹，而非纏繞依附的藤。與任何人同行，最深層的對話其實發生在自己內心。若我深愛著那個、在此關係中舒展、充盈、枝葉向著光的自己，這才是愛的本質饋贈。",2025-07-28 21:11,"I 🎬導演 I 📷拍照 I 寫字 I 畫畫 I
行走在城市的縫隙裡，聽見時間的細語。畫畫、寫字，是和自己對話；說故事，是想與世界聯繫。
-
Sony a7C2 / Canon R5M2 📷 🎥",絕望
y0ming.photo,柳暗花明宥一村,"獨處是對自己最好的成全：
終其一生，都在尋找兩樣東西，一個是價值感、一個是歸屬感。價值感來自於被肯定、歸屬感來自於被偏愛。
可走著走著就會發現，最可靠的還是自己。能扛住生活的刁難，也能接住偶爾的驚喜，在獨處時不慌、在熱鬧時不盲從，就是對自己最好的成全。",2025-07-27 21:12,"I 🎬導演 I 📷拍照 I 寫字 I 畫畫 I
行走在城市的縫隙裡，聽見時間的細語。畫畫、寫字，是和自己對話；說故事，是想與世界聯繫。
-
Sony a7C2 / Canon R5M2 📷 🎥",絕望
y0ming.photo,柳暗花明宥一村,"做一個乾淨的人：
一個乾淨的人，並非不食人間煙火，不染世俗，而是靈魂深處有面淨土、思想背後有顆初心，堅守良知和道義。人最高的炫耀是你這一生拒絕過什麼，你能拒絕的東西裡，藏著你不隨波逐流的性格、和內心深處不為人知的驕傲。",2025-07-26 21:14,"I 🎬導演 I 📷拍照 I 寫字 I 畫畫 I
行走在城市的縫隙裡，聽見時間的細語。畫畫、寫字，是和自己對話；說故事，是想與世界聯繫。
-
Sony a7C2 / Canon R5M2 📷 🎥",絕望
y0ming.photo,柳暗花明宥一村,"今天看到一個新詞 ”拾起自己” ：
儘管簡單自私的活著，以自我為中心、以自己最優先。村上春樹說：""不管全世界所有人怎麼說，我都認為自己的感受才是正確的。無論別人怎麼看，我絕不打亂自己的節奏。""
有一分熱、發一分光，就像螢火蟲一樣，也可以在黑暗裡發一點光，不必等候火炬。因為這光芒、首先源於點亮自己。記住，把自己拾起來，舉高。",2025-07-25 21:11,"I 🎬導演 I 📷拍照 I 寫字 I 畫畫 I
行走在城市的縫隙裡，聽見時間的細語。畫畫、寫字，是和自己對話；說故事，是想與世界聯繫。
-
Sony a7C2 / Canon R5M2 📷 🎥",絕望
y0ming.photo,柳暗花明宥一村,"好喜歡宮崎駿的這段話：
有人喜歡你，是因為你有點好看、漂亮，懂事；而有的人喜歡你，是因為你哭了、明白你的狼狽，想把肩膀和愛都給你。",2025-07-24 21:21,"I 🎬導演 I 📷拍照 I 寫字 I 畫畫 I
行走在城市的縫隙裡，聽見時間的細語。畫畫、寫字，是和自己對話；說故事，是想與世界聯繫。
-
Sony a7C2 / Canon R5M2 📷 🎥",絕望
y0ming.photo,柳暗花明宥一村,"今天看到這段話太揪心了：
""年輕的時候我撿了一把槍，因為好玩，我開了一槍，誰都沒受傷，多年以後，正在走路的自己，聽到風聲，我一回頭，子彈正中眉心。""
生活就像是一個迴旋鏢，在無知的年齡做了選擇，在懂事的年紀承擔後果。拿最好的青春，換最深刻的教訓。",2025-07-23 21:05,"I 🎬導演 I 📷拍照 I 寫字 I 畫畫 I
行走在城市的縫隙裡，聽見時間的細語。畫畫、寫字，是和自己對話；說故事，是想與世界聯繫。
-
Sony a7C2 / Canon R5M2 📷 🎥",絕望
y0ming.photo,柳暗花明宥一村,"你是一個無趣的人嗎：
喜歡抬頭看天看雲看樹，喜歡細小的事物和盛大的風景。只擅長感受，卻拙於表達。",2025-07-22 21:11,"I 🎬導演 I 📷拍照 I 寫字 I 畫畫 I
行走在城市的縫隙裡，聽見時間的細語。畫畫、寫字，是和自己對話；說故事，是想與世界聯繫。
-
Sony a7C2 / Canon R5M2 📷 🎥",絕望
y0ming.photo,柳暗花明宥一村,"今天看到最有意義的一段話：
“沒必要非要把日子過成勵志電影。” 允許咖啡不加糖、允許計劃臨時取消、允許自己今天沒用耍廢，但明天一定要快樂，盡力就好，一輩子就活一次。",2025-07-21 21:08,"I 🎬導演 I 📷拍照 I 寫字 I 畫畫 I
行走在城市的縫隙裡，聽見時間的細語。畫畫、寫字，是和自己對話；說故事，是想與世界聯繫。
-
Sony a7C2 / Canon R5M2 📷 🎥",絕望
y0ming.photo,柳暗花明宥一村,"喜歡心動的時刻：
你有沒有過那種時刻？明明心裡在下雨，臉上卻掛著笑。直到有個人，輕輕問一句：“今天，是不是不開心？“ 不是質問，是心疼。",2025-07-20 22:09,"I 🎬導演 I 📷拍照 I 寫字 I 畫畫 I
行走在城市的縫隙裡，聽見時間的細語。畫畫、寫字，是和自己對話；說故事，是想與世界聯繫。
-
Sony a7C2 / Canon R5M2 📷 🎥",絕望
y0ming.photo,柳暗花明宥一村,"允許情緒流動：
後來變得什麼都能理解、什麼都能接受，也變得什麼都不再相信。不強求、選擇沈默、選擇後退，不想再糾結那些從未實現的承諾，要讓自己快樂一點。",2025-07-19 21:05,"I 🎬導演 I 📷拍照 I 寫字 I 畫畫 I
行走在城市的縫隙裡，聽見時間的細語。畫畫、寫字，是和自己對話；說故事，是想與世界聯繫。
-
Sony a7C2 / Canon R5M2 📷 🎥",絕望
y0ming.photo,柳暗花明宥一村,人生的每一次選擇，都是命運在跟你談判。,2025-07-18 21:05,"I 🎬導演 I 📷拍照 I 寫字 I 畫畫 I
行走在城市的縫隙裡，聽見時間的細語。畫畫、寫字，是和自己對話；說故事，是想與世界聯繫。
-
Sony a7C2 / Canon R5M2 📷 🎥",絕望
y0ming.photo,柳暗花明宥一村,生活已經夠累的了，你總還是要有些溫柔的夢想吧。,2025-07-17 23:11,"I 🎬導演 I 📷拍照 I 寫字 I 畫畫 I
行走在城市的縫隙裡，聽見時間的細語。畫畫、寫字，是和自己對話；說故事，是想與世界聯繫。
-
Sony a7C2 / Canon R5M2 📷 🎥",絕望
ani.gamer.com.tw,巴哈姆特動畫瘋,"【新上架】
靈異教師神眉
魔法少女小圓
魔法少女小圓 劇場版 前編 最初的物語
魔法少女小圓 劇場版 後編 永遠的物語
魔法少女小圓 劇場版 新篇 叛逆的物語
槍彈辯駁 希望學園與絕望高中生",2025-11-01 00:01,"歡迎來到動畫瘋官方Threads！
📺「動畫瘋」是由巴哈姆特所推出的正版動畫播放平台
📣免費提供與日本同步更新的當季新番、經典舊番
🔥追蹤我們的Threads，一手掌握動畫資訊、熱門話題立即討論",絕望
ani.gamer.com.tw,巴哈姆特動畫瘋,"【本週推薦】
🔮 魔女特輯！奇幻與日常交織的魔法世界 ✨
隱藏身份的秘密冒險、無厘頭又爆笑的魔法日常，
每位魔女都有屬於自己的獨特魅力，
這週就一起沉浸在她們的奇幻故事中吧！
👇 你最喜歡的魔女角色是哪一位呢？快留言分享給大家！",2025-10-31 15:00,"歡迎來到動畫瘋官方Threads！
📺「動畫瘋」是由巴哈姆特所推出的正版動畫播放平台
📣免費提供與日本同步更新的當季新番、經典舊番
🔥追蹤我們的Threads，一手掌握動畫資訊、熱門話題立即討論",絕望
ani.gamer.com.tw,巴哈姆特動畫瘋,"【新授權情報】
科學小飛俠 (回歸線)
夢幻遊戲 -永光傳- (回歸線)
--
科學小飛俠將視廠商排程陸續更新
以上節目預定近期上架",2025-10-31 12:00,"歡迎來到動畫瘋官方Threads！
📺「動畫瘋」是由巴哈姆特所推出的正版動畫播放平台
📣免費提供與日本同步更新的當季新番、經典舊番
🔥追蹤我們的Threads，一手掌握動畫資訊、熱門話題立即討論",絕望
ani.gamer.com.tw,巴哈姆特動畫瘋,"【新授權情報】
靈異教師神眉 (REMOW)
--
以上節目預定近期上架",2025-10-27 12:00,"歡迎來到動畫瘋官方Threads！
📺「動畫瘋」是由巴哈姆特所推出的正版動畫播放平台
📣免費提供與日本同步更新的當季新番、經典舊番
🔥追蹤我們的Threads，一手掌握動畫資訊、熱門話題立即討論",絕望
ani.gamer.com.tw,巴哈姆特動畫瘋,"【新上架】
夢幻遊戲 OVA",2025-10-24 00:00,"歡迎來到動畫瘋官方Threads！
📺「動畫瘋」是由巴哈姆特所推出的正版動畫播放平台
📣免費提供與日本同步更新的當季新番、經典舊番
🔥追蹤我們的Threads，一手掌握動畫資訊、熱門話題立即討論",絕望
ani.gamer.com.tw,巴哈姆特動畫瘋,"【本週推薦】
👽 外星人登場！與地球的奇妙邂逅🌌
現實的殘酷童話、意想不到的浪漫同居生活，
還是來地球學習家電知識！？
跨越星系的故事即將展開，說不定外星人就在你身邊！
👇 你最喜歡哪一位「外星人角色」？快留言分享給大家吧！",2025-10-23 15:00,"歡迎來到動畫瘋官方Threads！
📺「動畫瘋」是由巴哈姆特所推出的正版動畫播放平台
📣免費提供與日本同步更新的當季新番、經典舊番
🔥追蹤我們的Threads，一手掌握動畫資訊、熱門話題立即討論",絕望
ani.gamer.com.tw,巴哈姆特動畫瘋,"【新授權情報】
魔法少女小圓 (木棉花)
魔法少女小圓 劇場版 前編 最初的物語 (木棉花)
魔法少女小圓 劇場版 後編 永遠的物語 (木棉花)
魔法少女小圓 劇場版 新篇 叛逆的物語 (木棉花)
槍彈辯駁 希望學園與絕望高中生 (木棉花)
--
以上節目預定近期上架",2025-10-23 12:00,"歡迎來到動畫瘋官方Threads！
📺「動畫瘋」是由巴哈姆特所推出的正版動畫播放平台
📣免費提供與日本同步更新的當季新番、經典舊番
🔥追蹤我們的Threads，一手掌握動畫資訊、熱門話題立即討論",絕望
do0326,小雨,"絕望的直女
心理上接受不了男生
生理上又接受不了女生
有一種看透了男生
又愛不上女生的無力感",2025-10-10 06:43,別加我ig 謝謝,絕望
do0326,小雨,已經開始期待海安路的萬聖節了,2025-10-06 17:01,別加我ig 謝謝,絕望
do0326,小雨,可以告訴我是怎麼出門看個醫生順便花了一萬嗎,2025-10-03 18:59,別加我ig 謝謝,絕望
do0326,小雨,熊貓五折令人沉迷,2025-10-03 15:27,別加我ig 謝謝,絕望
do0326,小雨,安眠藥吃多真的會變笨蛋,2025-10-03 12:07,別加我ig 謝謝,絕望
do0326,小雨,今天在路上看到一隻杜賓跟大白熊 好想摸,2025-10-02 21:51,別加我ig 謝謝,絕望
do0326,小雨,我還是開勿擾好了 真的氣死,2025-10-02 10:17,別加我ig 謝謝,絕望
do0326,小雨,"我明明說要約一點過 幹嘛現在打給我 
吃安眠藥睡覺的我就這樣被叫醒了
我真的謝謝你哦",2025-10-02 10:07,別加我ig 謝謝,絕望
do0326,小雨,我真的是低精力人 聚完餐就累了,2025-10-01 23:21,別加我ig 謝謝,絕望
do0326,小雨,今天睡了很久很久 真好,2025-09-30 15:43,別加我ig 謝謝,絕望
do0326,小雨,喝酒又開始想,2025-09-29 01:05,別加我ig 謝謝,絕望
do0326,小雨,"你沒有通過他的服從性測試
他沒有通過你的壓力測試",2025-09-28 18:53,別加我ig 謝謝,絕望
do0326,小雨,"好想吞一把安眠藥 不是想死是想睡覺
住在廟旁邊好痛苦 凌晨六點跟現在都在熱鬧",2025-09-27 16:51,別加我ig 謝謝,絕望
do0326,小雨,有情緒到底怎麼睡著,2025-09-27 00:20,別加我ig 謝謝,絕望
do0326,小雨,"媽媽的26歲：結婚生小孩 懷二胎
我的26歲：躺在家睡覺 睡醒收到媽媽買火鍋跟可麗餅給我的訊息 今天又是快樂的一天",2025-09-26 21:19,別加我ig 謝謝,絕望
chang.777,CHANG REX 銓仔,"今天翻照片突然看到以前的照片。
想跟各位分享一下！
如果你從來沒有長過滿臉痘痘，你絕對不會懂這種痛苦！
你不會懂，每天照鏡子的時候有多崩潰，看到那張爛掉的臉，只想把鏡子砸碎
你不會懂，出門的時候，就算別人只是隨意掃一眼，我都覺得自己被審視、被嘲笑
你不會懂，試過無數方法，花了大把錢，吃了各種藥，卻換來一次次絕望的感受
醫院的藥，沒用
中醫調理，沒用
自費醫生、網紅產品，沒用
甚至連什麼神奇保養品都試了，結果還被騙了好幾萬！
我試過所有方法，結果只有一個失望
最痛苦的時候，我真的覺得：如果這輩子都要這樣活著，那活著還有什麼意義？
就在快要放棄的時候，有人跟我說：試試A酸吧
我已經沒什麼好失去的了，於是決定——最後拼一次！
結果，A酸真的不是開玩笑的。
嘴唇乾裂、皮膚爆皮、甚至連心情都變得超級暴躁…
但我告訴自己：這可能是最後的機會了
然後我熬了5年。
5年後，我的臉終於變回比較像正常人的樣子！
不到最後，千萬不要放棄
曾經無數次讓我崩潰的痘痘，現在已經變成我的過去式
所以，如果你還在為痘痘痛苦，請記住不到最後，不要放棄！
這條路真的很辛苦，但請相信，你一定可以走過來！",2025-02-07 00:45,"專門發我覺得好笑的東西
跟一些我的帥帥照",絕望
chang.777,CHANG REX 銓仔,"準備迎接開工來與好朋友們來個最後圍爐
每個人都很盡責的做好自己的事情
朋友們一起煮菜就是要這樣分工合作 ！
相信有眼睛的人都知道沒有一個人是拖泥帶水的
所以煮這一餐的效率才會非常的快速且美味，
然後每個人都可以吃到熱騰騰的飯菜 ！🫶",2025-02-03 22:07,"專門發我覺得好笑的東西
跟一些我的帥帥照",絕望
chang.777,CHANG REX 銓仔,"注意一下 今天初三，明天初四
你們各位的假期也差不多準備出事
ㄎㄎㄎㄎㄎㄎ",2025-01-31 18:22,"專門發我覺得好笑的東西
跟一些我的帥帥照",絕望
good_boy8877,萊恩 ｜ 在職創業顧問 ｜零風險｜低風險,"預售屋說好聽是買未來
但我看不到未來長怎樣
中古屋說是買現在
但我又怕自己要一直修、一直煩。",2025-04-17 00:04,"15年的創業經驗（還在路上）
每個發文=都是對這個世界的希望延伸
想翻身，怕開始，不知道該怎麼動
就先來看看大叔怎麼走 
想聊聊天，想賺錢～（私訊）",看不到未來
good_boy8877,萊恩 ｜ 在職創業顧問 ｜零風險｜低風險,"很多人過了35歲
依然混不好
不是因為沒能力
也不是因為環境不好
而是因為膽小，魄力不夠",2025-04-16 20:38,"15年的創業經驗（還在路上）
每個發文=都是對這個世界的希望延伸
想翻身，怕開始，不知道該怎麼動
就先來看看大叔怎麼走 
想聊聊天，想賺錢～（私訊）",看不到未來
good_boy8877,萊恩 ｜ 在職創業顧問 ｜零風險｜低風險,"這個車牌怎麼可以這麼亮
眼睛都睜不開了….
不過 ￼是不是有這一招就不用怕拍照了",2025-04-16 17:49,"15年的創業經驗（還在路上）
每個發文=都是對這個世界的希望延伸
想翻身，怕開始，不知道該怎麼動
就先來看看大叔怎麼走 
想聊聊天，想賺錢～（私訊）",看不到未來
good_boy8877,萊恩 ｜ 在職創業顧問 ｜零風險｜低風險,"不是我眼光太高
是我真的很努力存錢
但現在的房價
好像努力了十年
也還是只能看看",2025-04-15 20:05,"15年的創業經驗（還在路上）
每個發文=都是對這個世界的希望延伸
想翻身，怕開始，不知道該怎麼動
就先來看看大叔怎麼走 
想聊聊天，想賺錢～（私訊）",看不到未來
good_boy8877,萊恩 ｜ 在職創業顧問 ｜零風險｜低風險,"買房真的不是喜歡就好
還要考慮未來轉手
社區品質、貸款成數
夢想中的家
怎麼變成一個公式題？",2025-04-15 11:29,"15年的創業經驗（還在路上）
每個發文=都是對這個世界的希望延伸
想翻身，怕開始，不知道該怎麼動
就先來看看大叔怎麼走 
想聊聊天，想賺錢～（私訊）",看不到未來
good_boy8877,萊恩 ｜ 在職創業顧問 ｜零風險｜低風險,"人生沒有誰一直順風順水
但如果你願意再多撐一下
下一站可能就是你想要的地方。",2025-04-12 11:22,"15年的創業經驗（還在路上）
每個發文=都是對這個世界的希望延伸
想翻身，怕開始，不知道該怎麼動
就先來看看大叔怎麼走 
想聊聊天，想賺錢～（私訊）",看不到未來
good_boy8877,萊恩 ｜ 在職創業顧問 ｜零風險｜低風險,"只要你不放棄，
夢想就永遠不會消失，
它會等你準備好再出發。",2025-04-11 20:15,"15年的創業經驗（還在路上）
每個發文=都是對這個世界的希望延伸
想翻身，怕開始，不知道該怎麼動
就先來看看大叔怎麼走 
想聊聊天，想賺錢～（私訊）",看不到未來
good_boy8877,萊恩 ｜ 在職創業顧問 ｜零風險｜低風險,"現在是買房子的好時機！
現在不要買房子以後會跌….
現在要趕快買房子不然以後更貴
.
.
.
問題不是房子
是口袋裡的錢長不大",2025-04-11 15:41,"15年的創業經驗（還在路上）
每個發文=都是對這個世界的希望延伸
想翻身，怕開始，不知道該怎麼動
就先來看看大叔怎麼走 
想聊聊天，想賺錢～（私訊）",看不到未來
good_boy8877,萊恩 ｜ 在職創業顧問 ｜零風險｜低風險,"愛不是每天都很濃烈
而是在平凡的生活裡
還願意為彼此準備晚餐
等對方回家的那種溫柔",2025-04-11 07:33,"15年的創業經驗（還在路上）
每個發文=都是對這個世界的希望延伸
想翻身，怕開始，不知道該怎麼動
就先來看看大叔怎麼走 
想聊聊天，想賺錢～（私訊）",看不到未來
good_boy8877,萊恩 ｜ 在職創業顧問 ｜零風險｜低風險,"你有夏天找不到洗冷氣的師傅嗎
我台中有一組喔
超級專業
室內機加室外機收費5000 
保證乾淨
如果需要….請找其他便宜的^_^",2025-04-10 15:57,"15年的創業經驗（還在路上）
每個發文=都是對這個世界的希望延伸
想翻身，怕開始，不知道該怎麼動
就先來看看大叔怎麼走 
想聊聊天，想賺錢～（私訊）",看不到未來
good_boy8877,萊恩 ｜ 在職創業顧問 ｜零風險｜低風險,"賺錢的阻礙
一直以來都不是外人
通常打擊最大的都是你深愛的另外一半",2025-04-10 15:01,"15年的創業經驗（還在路上）
每個發文=都是對這個世界的希望延伸
想翻身，怕開始，不知道該怎麼動
就先來看看大叔怎麼走 
想聊聊天，想賺錢～（私訊）",看不到未來
good_boy8877,萊恩 ｜ 在職創業顧問 ｜零風險｜低風險,"股票開始上升
代表現在要趕快買嗎？",2025-04-10 09:06,"15年的創業經驗（還在路上）
每個發文=都是對這個世界的希望延伸
想翻身，怕開始，不知道該怎麼動
就先來看看大叔怎麼走 
想聊聊天，想賺錢～（私訊）",看不到未來
good_boy8877,萊恩 ｜ 在職創業顧問 ｜零風險｜低風險,"低潮來的時候不是失敗的證明
而是提醒你該休息、該調整，然後再重新出發",2025-04-09 17:35,"15年的創業經驗（還在路上）
每個發文=都是對這個世界的希望延伸
想翻身，怕開始，不知道該怎麼動
就先來看看大叔怎麼走 
想聊聊天，想賺錢～（私訊）",看不到未來
good_boy8877,萊恩 ｜ 在職創業顧問 ｜零風險｜低風險,"曾經覺得自己什麼都做不好
但撐過去之後才發現
原來我比想像中還要堅強
-相信你也可以🥰",2025-04-09 16:22,"15年的創業經驗（還在路上）
每個發文=都是對這個世界的希望延伸
想翻身，怕開始，不知道該怎麼動
就先來看看大叔怎麼走 
想聊聊天，想賺錢～（私訊）",看不到未來
good_boy8877,萊恩 ｜ 在職創業顧問 ｜零風險｜低風險,"花了2個小時排隊
就為了ㄧ片10元的生魚片
時間 vs 金錢
錢買不到時間
但時間可以拿來賺更多錢",2025-04-09 09:24,"15年的創業經驗（還在路上）
每個發文=都是對這個世界的希望延伸
想翻身，怕開始，不知道該怎麼動
就先來看看大叔怎麼走 
想聊聊天，想賺錢～（私訊）",看不到未來
good_boy8877,萊恩 ｜ 在職創業顧問 ｜零風險｜低風險,"夢想從來不高級
它就是讓你從一個租老公寓的人
願意咬牙去看房子
因為你相信自己配得上更好",2025-04-08 16:13,"15年的創業經驗（還在路上）
每個發文=都是對這個世界的希望延伸
想翻身，怕開始，不知道該怎麼動
就先來看看大叔怎麼走 
想聊聊天，想賺錢～（私訊）",看不到未來
good_boy8877,萊恩 ｜ 在職創業顧問 ｜零風險｜低風險,"婚姻裡最難的不是吵架
而是吵完後還願意坐下來聊
願意低頭、願意道歉
這才是真正的成熟",2025-04-08 14:21,"15年的創業經驗（還在路上）
每個發文=都是對這個世界的希望延伸
想翻身，怕開始，不知道該怎麼動
就先來看看大叔怎麼走 
想聊聊天，想賺錢～（私訊）",看不到未來
good_boy8877,萊恩 ｜ 在職創業顧問 ｜零風險｜低風險,"我也曾經對人生感到無力
看著一次次失敗懷疑自己
但最後讓我站起來的
是那句話：「沒關係，再來一次就好。」",2025-04-08 10:42,"15年的創業經驗（還在路上）
每個發文=都是對這個世界的希望延伸
想翻身，怕開始，不知道該怎麼動
就先來看看大叔怎麼走 
想聊聊天，想賺錢～（私訊）",看不到未來
good_boy8877,萊恩 ｜ 在職創業顧問 ｜零風險｜低風險,"真心覺得綠色不吉利
尤其是今早打開股市
忍不住問…..
現在賣腎來得及嗎？",2025-04-07 14:35,"15年的創業經驗（還在路上）
每個發文=都是對這個世界的希望延伸
想翻身，怕開始，不知道該怎麼動
就先來看看大叔怎麼走 
想聊聊天，想賺錢～（私訊）",看不到未來
good_boy8877,萊恩 ｜ 在職創業顧問 ｜零風險｜低風險,"問：最近忙什麼
答：賺退休金
「您的退休金已蒸發」",2025-04-07 10:44,"15年的創業經驗（還在路上）
每個發文=都是對這個世界的希望延伸
想翻身，怕開始，不知道該怎麼動
就先來看看大叔怎麼走 
想聊聊天，想賺錢～（私訊）",看不到未來
good_boy8877,萊恩 ｜ 在職創業顧問 ｜零風險｜低風險,"1、不要急于報仇，爛掉的水果會自己從樹上掉下來。
2、能控制住自己嘴巴的人都很厲害，不管是吃飯還是說話。
3、不要因為一時投緣，就輕易亮出你的底牌
4、閉嘴的魚，最不容易被魚鉤鉤住。
5、挑你毛病的人，只是想立威，并不是你真的有毛病。
6、帶著答案問你問題的人，他要的不是答案，而是你的把柄。",2025-04-06 19:22,"15年的創業經驗（還在路上）
每個發文=都是對這個世界的希望延伸
想翻身，怕開始，不知道該怎麼動
就先來看看大叔怎麼走 
想聊聊天，想賺錢～（私訊）",看不到未來
good_boy8877,萊恩 ｜ 在職創業顧問 ｜零風險｜低風險,"破不了關的超級瑪麗
但還是最喜歡玩
地點：重慶路小眷村",2025-04-05 19:26,"15年的創業經驗（還在路上）
每個發文=都是對這個世界的希望延伸
想翻身，怕開始，不知道該怎麼動
就先來看看大叔怎麼走 
想聊聊天，想賺錢～（私訊）",看不到未來
good_boy8877,萊恩 ｜ 在職創業顧問 ｜零風險｜低風險,"男人說他會養妳
不代表妳過得好
可能只是代表
妳想買個奶茶都要報備！！",2025-04-04 19:55,"15年的創業經驗（還在路上）
每個發文=都是對這個世界的希望延伸
想翻身，怕開始，不知道該怎麼動
就先來看看大叔怎麼走 
想聊聊天，想賺錢～（私訊）",看不到未來
good_boy8877,萊恩 ｜ 在職創業顧問 ｜零風險｜低風險,"以前存錢是為了買喜歡的東西
現在存錢是怕哪天突然生病
或者哪天公司不養你了
以前是「想花什麼錢」
現在是「哪裡還能省」。",2025-04-04 10:58,"15年的創業經驗（還在路上）
每個發文=都是對這個世界的希望延伸
想翻身，怕開始，不知道該怎麼動
就先來看看大叔怎麼走 
想聊聊天，想賺錢～（私訊）",看不到未來
good_boy8877,萊恩 ｜ 在職創業顧問 ｜零風險｜低風險,"妳不是沒得選擇
妳只是習慣了忍耐
可是妳忍得越多
別人就覺得妳的付出是應該的
「別讓習慣變成理所當然」",2025-04-03 21:27,"15年的創業經驗（還在路上）
每個發文=都是對這個世界的希望延伸
想翻身，怕開始，不知道該怎麼動
就先來看看大叔怎麼走 
想聊聊天，想賺錢～（私訊）",看不到未來
good_boy8877,萊恩 ｜ 在職創業顧問 ｜零風險｜低風險,"創業者的工作模式：
　早上：賺錢！
　下午：還錢！
　晚上：想明天的錢從哪來！",2025-04-03 16:38,"15年的創業經驗（還在路上）
每個發文=都是對這個世界的希望延伸
想翻身，怕開始，不知道該怎麼動
就先來看看大叔怎麼走 
想聊聊天，想賺錢～（私訊）",看不到未來
good_boy8877,萊恩 ｜ 在職創業顧問 ｜零風險｜低風險,"創業初期被笑傻
說什麼「穩定最重要」
結果一成功
這些人第一句話變成：
「欸欸欸，他現在賺爆了，跟他混有沒有機會？」",2025-04-03 13:26,"15年的創業經驗（還在路上）
每個發文=都是對這個世界的希望延伸
想翻身，怕開始，不知道該怎麼動
就先來看看大叔怎麼走 
想聊聊天，想賺錢～（私訊）",看不到未來
lovenjhyein,Mina,"這是我每旅行到一個地方
就拿兔兔記錄下來的照片❤
不管在世界哪一個角落
心永遠與NJZ同在❤
明天
NJZ一定會好好的
10/30 自由👌👌",2025-10-29 19:25,"會在脆上面分享一些有趣的東西
NewJeans Never Dies
뉴진스 세력
-----
館青現在很努力很堅持，所以我也要很努力很堅持🥹",看不到未來
lovenjhyein,Mina,"最近台北一直下雨
讓我好懷念
那個有夕陽有涼風有煙火
可以出去走一走的台北市🥹❤️",2025-10-23 16:51,"會在脆上面分享一些有趣的東西
NewJeans Never Dies
뉴진스 세력
-----
館青現在很努力很堅持，所以我也要很努力很堅持🥹",看不到未來
lovenjhyein,Mina,"搶不到台南埃及展
所以買機票飛來梵諦岡博物館看",2025-10-20 20:30,"會在脆上面分享一些有趣的東西
NewJeans Never Dies
뉴진스 세력
-----
館青現在很努力很堅持，所以我也要很努力很堅持🥹",看不到未來
yuan.bro,淵博 湯圓哥 🍡⁷⁶⁸⁷,"員工為什麼會離職？原因都藏在時間裡：
1. 3天內離職：走馬看花，下一個會更好
2. 3個月內離職：工作內容不適合
3. 3個月到1年離職：文化氣場不對味
4. 做到第3年才離職：努力沒人看見，心就涼了
5. 撐到第5年才離職：不是不愛這裡，是看不到未來
不是每個人都一定會離職，但是每個人都一定有過想走的念頭。留下來的，不代表沒問題，可能只是還有僅存的一點希望……",2025-07-23 13:00,"喜歡諧音梗的七年級小哥哥 👔
我拍的你不一定看，但你看的我一定拍 📷
自媒體生態圈推廣 📱
艾草溫罐 🌿 / 數字易經 ☯️ 
.
找飯店？trivago；找變現？還有我 🙋🏻‍♂️ 私訊IG👆🏻",看不到未來
yuan.bro,淵博 湯圓哥 🍡⁷⁶⁸⁷,"這裡有沒有也是住在「三重、蘆洲」，對自媒體有興趣的朋友？
我近期決定不再上班換未來，開始認真經營自己的自媒體、品牌、IP
但老實說，一個人拍片、剪片、寫腳本，真的會懷疑人生 😂
所以想找幾位也想轉型、斜槓變現的夥伴，一起做到透過興趣結合短影音賺錢
我們可以一起研究、拍片、討論內容該怎麼做，甚至互相出鏡～
✨我住在蘆洲，板橋江子翠有合作的工作室
不管你是三重、菜寮、台北橋，蘆洲、徐匯、大橋頭，只要是三蘆地區的朋友們，都歡迎留言+1 🤩",2025-07-22 21:00,"喜歡諧音梗的七年級小哥哥 👔
我拍的你不一定看，但你看的我一定拍 📷
自媒體生態圈推廣 📱
艾草溫罐 🌿 / 數字易經 ☯️ 
.
找飯店？trivago；找變現？還有我 🙋🏻‍♂️ 私訊IG👆🏻",看不到未來
yuan.bro,淵博 湯圓哥 🍡⁷⁶⁸⁷,像極了愛情,2025-07-22 18:00,"喜歡諧音梗的七年級小哥哥 👔
我拍的你不一定看，但你看的我一定拍 📷
自媒體生態圈推廣 📱
艾草溫罐 🌿 / 數字易經 ☯️ 
.
找飯店？trivago；找變現？還有我 🙋🏻‍♂️ 私訊IG👆🏻",看不到未來
yuan.bro,淵博 湯圓哥 🍡⁷⁶⁸⁷,"那些總是「獨自消化情緒」的人，不是因為特別地堅強，而是因為他們曾經試著示弱，卻沒被溫柔地接住。
一次、兩次、三次過後，他們學會了不再麻煩別人，也學會了，把寂寞藏在沉默裡。
我，曾經也是那個「他們」。",2025-07-22 14:59,"喜歡諧音梗的七年級小哥哥 👔
我拍的你不一定看，但你看的我一定拍 📷
自媒體生態圈推廣 📱
艾草溫罐 🌿 / 數字易經 ☯️ 
.
找飯店？trivago；找變現？還有我 🙋🏻‍♂️ 私訊IG👆🏻",看不到未來
yuan.bro,淵博 湯圓哥 🍡⁷⁶⁸⁷,"《F1電影》飆速動人金句 🏎️🏎️🏎️
不要貶低自己，世界會評價你，你也能評價這世界。
BTW, 湯姆克魯斯敲帥der~帥爛 🤩",2025-07-22 13:30,"喜歡諧音梗的七年級小哥哥 👔
我拍的你不一定看，但你看的我一定拍 📷
自媒體生態圈推廣 📱
艾草溫罐 🌿 / 數字易經 ☯️ 
.
找飯店？trivago；找變現？還有我 🙋🏻‍♂️ 私訊IG👆🏻",看不到未來
yuan.bro,淵博 湯圓哥 🍡⁷⁶⁸⁷,"我最近發現，能量高的人，都有一種很特別的氣場。不是那種光芒四射、讓人驚艷的外放感，而是一種很安靜、很穩定的力量(溫柔而堅定？)
跟他們在一起，你會覺得被緩緩接住。就算壓力來了，不用緊張，也不需要逞強。只要與他們同行，心就會慢慢安定下來。
他們不太抱怨。不是因為事事順利，而是因為早就習慣把注意力放在怎麼解決問題，而非一直卡在情緒裡。這就是人家常說的「與其抱怨，不如選擇改變」吧？
他們通常也會照顧好自己，把生活打理得有條有理。雖然不是什麼豐功偉業，但讓人佩服。
最特別的是，他們說的話，總是讓人有力量。好像聽完，就更有方向，也更相信自己一點。
我越來越覺得，真正能量高的人，不會刻意讓你看見什麼。但你一旦靠近，就會感受到，他們其實活得很清醒、很自在。",2025-07-22 09:00,"喜歡諧音梗的七年級小哥哥 👔
我拍的你不一定看，但你看的我一定拍 📷
自媒體生態圈推廣 📱
艾草溫罐 🌿 / 數字易經 ☯️ 
.
找飯店？trivago；找變現？還有我 🙋🏻‍♂️ 私訊IG👆🏻",看不到未來
yuan.bro,淵博 湯圓哥 🍡⁷⁶⁸⁷,"我非常敬佩正在創業的人，尤其是那種不彰揚、不炫耀，只是默默努力、勇敢嘗試的老闆們 🫡
所以無論你是分享開店、接案的經歷，寫創業日記，還是記錄自己成長的點滴，只要你是認真把夢想一點一滴變成現實的追夢人，我都會默默幫你按讚＋追蹤 👍🏻
因為我相信，創業的路真的不好走，所以更想陪你一起撐過，那些沒人看見的艱難 💪🏻
你現在正在做些什麼呢？歡迎與我分享 😊",2025-07-22 00:08,"喜歡諧音梗的七年級小哥哥 👔
我拍的你不一定看，但你看的我一定拍 📷
自媒體生態圈推廣 📱
艾草溫罐 🌿 / 數字易經 ☯️ 
.
找飯店？trivago；找變現？還有我 🙋🏻‍♂️ 私訊IG👆🏻",看不到未來
yuan.bro,淵博 湯圓哥 🍡⁷⁶⁸⁷,最近常常在想，如果未來的伴侶，是像這樣又婆又可愛，重點是又很喜歡諧音梗的女生，應該是蠻開心的 🥰,2025-07-21 15:00,"喜歡諧音梗的七年級小哥哥 👔
我拍的你不一定看，但你看的我一定拍 📷
自媒體生態圈推廣 📱
艾草溫罐 🌿 / 數字易經 ☯️ 
.
找飯店？trivago；找變現？還有我 🙋🏻‍♂️ 私訊IG👆🏻",看不到未來
yuan.bro,淵博 湯圓哥 🍡⁷⁶⁸⁷,這件事困擾我很久了，請問有人知道如何讓一個人不再遲到嗎？,2025-07-21 12:55,"喜歡諧音梗的七年級小哥哥 👔
我拍的你不一定看，但你看的我一定拍 📷
自媒體生態圈推廣 📱
艾草溫罐 🌿 / 數字易經 ☯️ 
.
找飯店？trivago；找變現？還有我 🙋🏻‍♂️ 私訊IG👆🏻",看不到未來
yuan.bro,淵博 湯圓哥 🍡⁷⁶⁸⁷,騎車騎10年，還不知道怎麼打雙黃燈，請問這樣還有救嗎？,2025-07-20 23:13,"喜歡諧音梗的七年級小哥哥 👔
我拍的你不一定看，但你看的我一定拍 📷
自媒體生態圈推廣 📱
艾草溫罐 🌿 / 數字易經 ☯️ 
.
找飯店？trivago；找變現？還有我 🙋🏻‍♂️ 私訊IG👆🏻",看不到未來
yuan.bro,淵博 湯圓哥 🍡⁷⁶⁸⁷,它是不是欺負我沒讀書？,2025-07-15 21:36,"喜歡諧音梗的七年級小哥哥 👔
我拍的你不一定看，但你看的我一定拍 📷
自媒體生態圈推廣 📱
艾草溫罐 🌿 / 數字易經 ☯️ 
.
找飯店？trivago；找變現？還有我 🙋🏻‍♂️ 私訊IG👆🏻",看不到未來
chienfch,Chien-Fan Chen,提了留職停薪，人生一團糟，看不到未來,2025-06-09 01:49,music.youtube.com,看不到未來
oference2.0,莊 Oference,"三年前，我戶頭只剩兩千塊，沒工作，月底還得繳一萬房租。
那是我人生中最糟糕的一年。
後來到處打工，接一些沒有靈魂的工作，終於存到八萬，但我一點都不快樂。
我甚至被診斷自律神經失調，最慘的那個月，天天失眠到早上七點才睡著。
說真的，那時候我覺得自己超失敗。
沒有方向、沒有目標、沒有希望。
也許就是因為這樣，我才敢賭上一切，把連存款都沒有的自己丟到歐洲去。
因為——我已經沒什麼好失去了。
結果，一年後我回來了。
我得到了大家的祝福、更多工作機會，
而且我竟然活在以前連想都不敢想的夢想生活裡。
我從來沒有後悔過那個選擇，
這絕對是我做過——
最他媽正確的決定。",2025-05-15 13:58,"這裡是歐洲旅居紀錄
我的作品在IG
chngkagi@gmail.com",覺得沒有希望
9_.cuy,9_.cuy,我本身就是一個很糟糕的人我敏感多疑愛胡思亂想缺乏安全感 情緒不穩定愛哭擰巴愛內耗愛自殘愛說反話愛吃醋粘人長得醜不開心就不說話或敷衍我感受不到被愛我就會全身而退我總是在給別人開導試圖把別人拉出困境可我也在困境中走不出來我不想在意別人的看法但我永遠戰勝不了我自己我永遠在自卑的深淵裏徘徊我看不透我自已我討厭自己討厭自已的醜陋討厭那不堪入目的成績討厭自已飄忽不定的脾氣我很差勁我知道我一直知道我是一個很差勁的人我總是笨笨呆呆的總被人騙我也不懂怎麼處理複雜的人際關係我只知道誰對我好我就對誰好 我敏感自卑有容貌焦慮常常覺得自己不夠好看不夠漂亮很醜不開心的時候就刷文聽歌不說話敷衍人一次次的推開別人有時候為了一件小事也哭很不會聊天不會說甜言蜜語嘴賤常常說錯話我也不懂我自己或許我這個人太奇怪了脾氣不穩定總會無緣無故的發脾氣在別人眼中我就是怪人表面上我是個很開朗的人但我沒這麼堅強我也有脆弱的一面但沒人在乎所以我只能自己內耗我死嘴硬很擰巴愛說反話明明很需要你卻裝作不需要你走沒關係都不直接說讓你猜但實際上我很需要你安慰我陪著我我因為有這些很多的爛性格和不漂亮的臉蛋不完美的身材所以我始終沒有幸福過對不起我太爛了,2025-09-21 20:16,喜歡你從來不是三分鐘熱度,覺得沒有希望
9_.cuy,9_.cuy,"我始終覺得最好的愛是
陪伴",2025-09-17 20:43,喜歡你從來不是三分鐘熱度,覺得沒有希望
9_.cuy,9_.cuy,其實愛與不愛並不複雜 愛是囉嗦 不愛是冷漠,2025-09-16 20:10,喜歡你從來不是三分鐘熱度,覺得沒有希望
9_.cuy,9_.cuy,好像沒有人能受得了我的脾氣 我恨我自己,2025-09-13 19:48,喜歡你從來不是三分鐘熱度,覺得沒有希望
9_.cuy,9_.cuy,渴望被讀懂 但我說不出口,2025-09-12 20:23,喜歡你從來不是三分鐘熱度,覺得沒有希望
9_.cuy,9_.cuy,公主 你不是戀愛腦 你只是比較認真 你會幸福的⑉,2025-09-11 19:06,喜歡你從來不是三分鐘熱度,覺得沒有希望
9_.cuy,9_.cuy,"因為覺得你不喜歡我
所以我也不承認自己喜歡你",2025-09-09 20:01,喜歡你從來不是三分鐘熱度,覺得沒有希望
9_.cuy,9_.cuy,你要上線了嗎 我好想你。,2025-09-08 19:27,喜歡你從來不是三分鐘熱度,覺得沒有希望
29words_,29,"我該怎麼形容她呢 
她很感性很悲觀很敏感 淚點低 笑點也低 
內心卻總是會因為別人的一句話難過很久 
陷入無限的精神內耗 和好朋友在一起是個社牛 
經常不顧形象哈哈大笑 自己一個人時又極其社恐 
總是容貌焦慮 朋友們總說她性子開朗又樂觀 
但只有她自己知道她的內心一片荒涼 
連野草都生長不出 總是莫名其妙掉眼淚 
很獨立 能自己做的事絕對不會求助他人 
發起火來會說髒話 但也經常和服務員說謝謝 
矛盾又清醒 對任何事都充滿了期待 
勇敢又膽小 可以治癒別人的人卻治癒不了自己 
無限地去表達自己又隱瞞自己 
希望有人能看到她大大咧咧的外殼里
包裹著腐朽生鏽的靈魂 
很自卑 很在乎別人的看法 
很多事情總是會去先考慮最差的結果 
從而放棄很多選擇 她總是說著沒關係 
說著通透的話去治癒別人 可唯獨治癒不了自己 
高喊無愛者自由 可還是希望有人會愛自己
也想被人堅定地選擇 可走向她的都不真誠 
每天都有煩心事可是沒關係 她沒有心第二天就會忘記 
在無數個睡不著的夜晚 
都在想究竟要成為什麼樣的人 
過什麼樣的生活 才能滿意地過完這一生
我想治癒她 可她就是我自己",2023-12-07 23:37,如果看到這裡，我希望你快樂。,覺得沒有希望
29words_,29,"以前不說話 是在生氣
現在不說話 是在調整情緒
每調整一次 我們的關係就會淡一點
你以為我是在沈默給你較勁 其實是失望是疏遠
不被重視的每一秒我都在後退",2023-12-07 23:32,如果看到這裡，我希望你快樂。,覺得沒有希望
29words_,29,"所有人都祝你快樂 
但我想對你說 不快樂也沒有關係 
焦頭爛額也沒關係 
只希望你在你自己的世界裡面 
活的越來越逍遙舒心 
永遠有選擇可做 永遠有餘路可退 ​​​",2023-12-04 17:13,如果看到這裡，我希望你快樂。,覺得沒有希望
29words_,29,"早上起來
習慣性的去拿手機看信息
視線慢慢變得清晰發現什麼也沒有
才突然想起我們已經分開了
我在哭我自己 談也談不下去 分也捨不得 
哭我自己進退兩難 哭我自己沒有好好被愛",2023-12-03 23:19,如果看到這裡，我希望你快樂。,覺得沒有希望
29words_,29,"精神層次越高的人對感情對事就越專一
因為善於處理自己內心慾望
因而不會把類似找備胎、和誰玩、玩過誰
這種膚淺的價值觀當作得意的談資
他們更願意跟某個人擔起生活的風雨
因為時間都用來做正經的事情
所以左顧右盼不代表你贏了花哨是因為你層次太低
慾望是人性克制是教養 新歡舊愛迎來送往
你以為的魅力難擋實則廉價百搭
得隴望蜀、騎驢找馬、悲涼的讓人生厭且鄙棄
道德不能殺掉帶給我痛苦的人
所以我只能殺死理智和感性的自己
忠誠和專一是最基本的原則和底線
但它也只是三觀正且有教養的人對感情中的自我約束",2023-12-02 21:09,如果看到這裡，我希望你快樂。,覺得沒有希望
29words_,29,"那天看見一段話
千萬不要看見別人發光就覺得自己暗淡
他強任他強 清風拂山崗 
生活中人和人的節奏不一樣
有人三分鐘泡面 有人三小時煲湯 有人外賣已送達
你要的方式就堅定走下去別胡思亂想
每個花期都不一樣 不必焦慮 有人比你提前擁有
所以呢別碰到一點壓力就把自己搞得不堪重負的樣子
成功之前你這輩子該走的彎路該吃的苦該撞的南牆
該吃的虧 一個都少不了 放下糾結 考差了再努力 
工作丟了再找 錢沒了再掙朋友沒了可以再交
愛情丟了可以再遇 人生本來就一無所有
有什麼事不能從頭再來呢
不要東張西望 不要受人影響
大膽的往前走 你的光芒終將照亮",2023-12-01 16:17,如果看到這裡，我希望你快樂。,覺得沒有希望
29words_,29,"養小動物其實並不是為了讓它有多愛你 
而是讓你可以愛它你可以沒有顧慮地愛 
可以嗲聲嗲氣一天問它八百遍愛不愛你
可以對著它自言自語 
可以親密地貼在一起
這樣給出去的愛不會掂量被權衡也不會被拒絕",2023-11-28 23:28,如果看到這裡，我希望你快樂。,覺得沒有希望
29words_,29,"你越追求完美 你的膽子就越小 
失敗給你的打擊就越大
接受自己的每一面 失敗給你的打擊就很有限
我就是我 我就這個鬼樣子 
要不斷的反復的接受自己 愛上這個普通的自己",2023-11-25 14:36,如果看到這裡，我希望你快樂。,覺得沒有希望
d0.yayaya,Apricity,"我一直對人際關係有個疑問。
我自己在經歷過每一個求學階段後，都會漸漸的與當時最要好的朋友不再聯繫，也有想過可能是因為我沒有主動去維持。
但是，我又覺得與人聯繫是一件好累好累的事情，同時卻又渴望想要與他人一樣有個認識好久、懂彼此、隨時都能一直聯絡雙方情感的好朋友。
有點奇怪🤔
因為好奇，所以想來脆上面問問看，是否也有人有與我相同的感受？
會想要怎麼應對呢？
沒事就問脆",2025-01-07 02:44,"想成為我想成為的人，但總有那麼幾個時刻會認為自己不夠有能力。
不過，這很正常嘛～
就接受這個想法、這個情緒吧。
那都是我呀。
（過往的自介是我隨時在變的想法）",覺得沒有希望
y0ming.photo,柳暗花明宥一村,"超愛百年孤獨裡的一段話：
""人生的本質就是一個人活著，不要對別人心存太多期待。我們總是想要找到能為自己分擔痛苦和悲傷的人，大多數時候，我們那些驚天動地的傷痛，在別人眼裡不過是隨手拂過的塵埃。比起有人左右情緒的日子，我更喜歡無人問津的時光。"" 
或許成年人的孤獨就是悲喜自渡，而這也正是我們難得的自由，生命中曾經有過的所有燦爛，終究都需要用寂寞來償還，人的精神寄託可以是音樂，可以是書籍，可以是工作，可以是山川湖海，唯獨不可以是人。",2025-10-27 21:42,"I 🎬導演 I 📷拍照 I 寫字 I 畫畫 I
行走在城市的縫隙裡，聽見時間的細語。畫畫、寫字，是和自己對話；說故事，是想與世界聯繫。
-
Sony a7C2 / Canon R5M2 📷 🎥",不知道活著幹嘛
y0ming.photo,柳暗花明宥一村,"今天看到了一段話很喜歡：
“愛意出現，大部分是因為女生漂亮，愛意延續大部分是因為男方真誠。”
愛情長久一定需要男方是戀愛腦，理論上來說，所有的感情都在走下坡路，如果你覺得走的很平穩，那一定是有人在悄悄墊磚；如果你一路開懷雀躍，那一定是有人把你穿在肩上。",2025-10-26 21:16,"I 🎬導演 I 📷拍照 I 寫字 I 畫畫 I
行走在城市的縫隙裡，聽見時間的細語。畫畫、寫字，是和自己對話；說故事，是想與世界聯繫。
-
Sony a7C2 / Canon R5M2 📷 🎥",不知道活著幹嘛
y0ming.photo,柳暗花明宥一村,"喜歡做一個淡淡的人：
其實大多時候，我是一個淡淡的人。我喜歡君子之交淡如水，喜歡煩人的時候獨自獨處，也沒有很多心思去認識新的人。只想和一個把我放在同等位子去珍惜的人，維繫一段可能長一些的親密關係，不需要她的理解，一如曾經過往經歷過的，沒有人理解我，所以我並不奢求他的出現會有轉機，只希望他能給我支持。
我們可以安靜的坐在一起，可以是赤腳傍晚的海灘，我們就這樣坐在無人海邊的一塊沙灘上，海風吹來鹹腥的氣味，那是我童年的味道。我們應該坐在一起發呆，發很久很久的呆，我會在這個時候打開我的分享欲，我會跟他講我的童年，我的過往，我的脆弱與敏感，即始我是個不常吐露心聲的人，在那一刻他會感受到我想溝通的紐帶牽到他的身上。我想夠安靜的時候，一個人是能聽到另一個人的心跳的。",2025-10-25 21:17,"I 🎬導演 I 📷拍照 I 寫字 I 畫畫 I
行走在城市的縫隙裡，聽見時間的細語。畫畫、寫字，是和自己對話；說故事，是想與世界聯繫。
-
Sony a7C2 / Canon R5M2 📷 🎥",不知道活著幹嘛
y0ming.photo,柳暗花明宥一村,"心理學中那些特別喜歡下雨天的人：
在心理學上有著特別的意義，他們被稱為 ""語言者""。每當雨水輕拂大地時，內心便獲得恬靜和平和。雨聲，這自然界的白噪音，對人的心理和生理都有著不可思議的療癒效果。下雨天的意義不僅僅是天空的陰沉，它像徵著暫時的停頓。
日常生活的紛擾被迫擱置，讓人只能宅在家中、蜷縮在溫暖的被窩裡，望著昏暗的天空，聆聽雨滴滴答答答聲。在這樣的時刻，生活的喧囂被雨聲淹沒，反而帶來了一種獨特的安全感和寧靜。童年時期的經歷，也會深刻影響一個人對下雨的感受。那些在下雨天經歷過愉快時光的人，往往會對雨天有著更深的喜愛。",2025-10-24 21:05,"I 🎬導演 I 📷拍照 I 寫字 I 畫畫 I
行走在城市的縫隙裡，聽見時間的細語。畫畫、寫字，是和自己對話；說故事，是想與世界聯繫。
-
Sony a7C2 / Canon R5M2 📷 🎥",不知道活著幹嘛
y0ming.photo,柳暗花明宥一村,"獨處不是孤獨，而是一種能力：
人往往把交往看作一種能力，卻忽略了獨處也是一種能力，在某個意義上，是比交往更為重要的一種能力。如果說不擅交際是一種性格的弱點，那麼，不耐孤獨就簡直是一種靈魂的缺陷了。獨處時，可以認識自己，沉澱自己，時間在哪花就開在哪。",2025-10-23 21:52,"I 🎬導演 I 📷拍照 I 寫字 I 畫畫 I
行走在城市的縫隙裡，聽見時間的細語。畫畫、寫字，是和自己對話；說故事，是想與世界聯繫。
-
Sony a7C2 / Canon R5M2 📷 🎥",不知道活著幹嘛
y0ming.photo,柳暗花明宥一村,"你親手刪掉過自己喜歡的人嗎：
那是一種什麼感覺？是不是一瞬間如釋重負，一轉頭又心如刀割；但是在這一瞬間之前，你要經歷無數次地放下又拿起。
人不耗盡所有的期待，是不肯說再見的，放棄的確很痛苦，但是堅持也沒有意義；不是在等你來愛我，而是等我不在愛你。卑微的糾纏，也不是賭他回頭，而是讓自己愛到仁至義盡；賺夠了失望，也可以心安理得的離開，也為了讓自己想起的時候，不後悔也不遺憾。",2025-10-22 21:03,"I 🎬導演 I 📷拍照 I 寫字 I 畫畫 I
行走在城市的縫隙裡，聽見時間的細語。畫畫、寫字，是和自己對話；說故事，是想與世界聯繫。
-
Sony a7C2 / Canon R5M2 📷 🎥",不知道活著幹嘛
y0ming.photo,柳暗花明宥一村,"時間不是解藥：
與萬事言和，與獨處相安。人的一生，前半生是執著，後半生是釋懷，時間不是解藥；但解藥，都藏在時間裡。知進退，明得失，在自己喜歡的狀態裡生活；以歡喜心，度平凡日。當你明白錢難賺、情難續、話難辨、心難懂、命難改、人難做的時候，人生這一課我們畢業了。",2025-10-21 21:06,"I 🎬導演 I 📷拍照 I 寫字 I 畫畫 I
行走在城市的縫隙裡，聽見時間的細語。畫畫、寫字，是和自己對話；說故事，是想與世界聯繫。
-
Sony a7C2 / Canon R5M2 📷 🎥",不知道活著幹嘛
y0ming.photo,柳暗花明宥一村,"很有力量的一段話：
""每個人的一生中總會有那麼一段難熬的歲月，我們所遇到的事，好壞都是相對的。好事並非一定好，壞事也不是絕對的壞。""
我們不需要因為一時的不順覺得沮喪，也不能覺得一路走下來太順心而得意忘形。誰的生活不是一地雞毛，大家都是普通人，過好自己就好。錢沒了可以再賺，工作沒了也可以再找，朋友沒了可以再交，愛情沒了可以再遇，人生本來就一無所有，何懼從頭再來。",2025-10-20 22:05,"I 🎬導演 I 📷拍照 I 寫字 I 畫畫 I
行走在城市的縫隙裡，聽見時間的細語。畫畫、寫字，是和自己對話；說故事，是想與世界聯繫。
-
Sony a7C2 / Canon R5M2 📷 🎥",不知道活著幹嘛
y0ming.photo,柳暗花明宥一村,"救命，好喜歡這段話：
“我覺得愛從來不是選擇，也不是不適合就分了，而是讓人感到溫暖和勇敢。”
很想讓你知道我對你說的話，對你的愛不是一時興起，而是內心深處無數次的感動，內心情不自禁的在乎你、關心你、惦記你、想懂你，不是因為我執著，而是因為你值得。愛可以簡簡單單，但不能隨隨便便。",2025-10-19 21:07,"I 🎬導演 I 📷拍照 I 寫字 I 畫畫 I
行走在城市的縫隙裡，聽見時間的細語。畫畫、寫字，是和自己對話；說故事，是想與世界聯繫。
-
Sony a7C2 / Canon R5M2 📷 🎥",不知道活著幹嘛
y0ming.photo,柳暗花明宥一村,"看到一段很溫柔療癒的話：
""我突然意識到自己真的很好，因為我永遠樂觀，堅強勇敢，即便遇到難過的事，也只是晚上哭一哭耍廢。""
永遠熱愛所有，依舊敢與生活頂撞，敢在逆境裡撒野，直面生活的污水，永遠樂意為新的一輪月亮和日落歡呼。",2025-10-18 21:08,"I 🎬導演 I 📷拍照 I 寫字 I 畫畫 I
行走在城市的縫隙裡，聽見時間的細語。畫畫、寫字，是和自己對話；說故事，是想與世界聯繫。
-
Sony a7C2 / Canon R5M2 📷 🎥",不知道活著幹嘛
y0ming.photo,柳暗花明宥一村,"喜歡佛洛伊德的情緒自由：
“未被表達的情緒永遠不會消失，它們只是被活埋了，以後會以更醜陋的方式出現。”
所以，人到中年，不必隱藏自己內心，我們都應該學會感知自己情緒的波動，找到適合的方式去表達和消化，只要不違背道德原則，就應該學會讓情緒自由。",2025-10-17 21:05,"I 🎬導演 I 📷拍照 I 寫字 I 畫畫 I
行走在城市的縫隙裡，聽見時間的細語。畫畫、寫字，是和自己對話；說故事，是想與世界聯繫。
-
Sony a7C2 / Canon R5M2 📷 🎥",不知道活著幹嘛
y0ming.photo,柳暗花明宥一村,"喜歡這對平靜的詮釋：
“變成平靜的人，這一課是要流很多淚啊！讓執念消融於靜默，讓波瀾沉入歲月深水吧。”
當你獨自穿越風雨，將驚濤撫平成深湖，將撕裂縫合為紋理。當一切塵埃落定，世界只看見你雲淡風輕的今天，卻不知你曾經獨自走過怎樣的昨天。致每一個正在學會平靜的自己。",2025-10-16 21:03,"I 🎬導演 I 📷拍照 I 寫字 I 畫畫 I
行走在城市的縫隙裡，聽見時間的細語。畫畫、寫字，是和自己對話；說故事，是想與世界聯繫。
-
Sony a7C2 / Canon R5M2 📷 🎥",不知道活著幹嘛
y0ming.photo,柳暗花明宥一村,"今天看到一段很有力量的話：
“如果你趕不上凌晨五點的日出，不妨看看傍晚六點的夕陽，我的意思任何時候都不晚。” 
我們終其一生尋找的，應該是自己喜歡的生活方式和想成為想成為的人，多走點彎路沒關係，多花點時間在路上也不要緊，和別人所期待的不一樣也可以，只要你是在成為你的路上就夠了。",2025-10-15 21:04,"I 🎬導演 I 📷拍照 I 寫字 I 畫畫 I
行走在城市的縫隙裡，聽見時間的細語。畫畫、寫字，是和自己對話；說故事，是想與世界聯繫。
-
Sony a7C2 / Canon R5M2 📷 🎥",不知道活著幹嘛
y0ming.photo,柳暗花明宥一村,"特別喜歡的一段話：
""每晚睡去就是一場死亡，每天醒來就是一場新生。"" 我們每個人的命運都像是一條河流，有時候渺小，有時候波瀾壯闊，有時候路過陽光閃著金色的光，有時候因為叢林密布而沒有一絲光亮，唯一不變的，是河流始終向前。我們不會停留在痛苦的地方，也不會停留在開心的地方。",2025-10-14 21:10,"I 🎬導演 I 📷拍照 I 寫字 I 畫畫 I
行走在城市的縫隙裡，聽見時間的細語。畫畫、寫字，是和自己對話；說故事，是想與世界聯繫。
-
Sony a7C2 / Canon R5M2 📷 🎥",不知道活著幹嘛
fish_0306_0803,我愛小魚🐟,"你們會這樣嗎
很累，什麼都不想做，卻有一堆事在等著你，整天只想躺著，但又會很焦慮自己怎麼什麼事都沒做，然後大晚上又開始emo自己很廢。
重點：不知道自己是在累什麼",2025-11-07 09:51,"只推魚🐟
-
大家可以叫我CC
-
歡迎大家來跟我聊天(≧∇≦)
-
我互動的時候都超愛叫別人美女
(・∀・)
-
貼文有生活的有深空的~
-
🐟❤️@raf_ayel0306-
🚗@zcy_941005🍐@yuexing.0905⭐@yeyuanxi._.10_16",不知道活著幹嘛
fish_0306_0803,我愛小魚🐟,耶~又多了兩張壁紙🫶,2025-11-06 20:39,"只推魚🐟
-
大家可以叫我CC
-
歡迎大家來跟我聊天(≧∇≦)
-
我互動的時候都超愛叫別人美女
(・∀・)
-
貼文有生活的有深空的~
-
🐟❤️@raf_ayel0306-
🚗@zcy_941005🍐@yuexing.0905⭐@yeyuanxi._.10_16",不知道活著幹嘛
fish_0306_0803,我愛小魚🐟,"啊啊啊啊啊啊啊啊啊！
可以不要再色誘我嗎魚魚🙈
那個貓耳....那個尾巴...啊啊啊！
🔞🔞🔞
我決定
今晚我就把你吃抹乾淨🫦",2025-11-05 23:01,"只推魚🐟
-
大家可以叫我CC
-
歡迎大家來跟我聊天(≧∇≦)
-
我互動的時候都超愛叫別人美女
(・∀・)
-
貼文有生活的有深空的~
-
🐟❤️@raf_ayel0306-
🚗@zcy_941005🍐@yuexing.0905⭐@yeyuanxi._.10_16",不知道活著幹嘛
fish_0306_0803,我愛小魚🐟,"好曖昧的照片🙈
此時我的腦袋↓
🎶曖昧讓人受盡委屈~🎵",2025-11-05 17:32,"只推魚🐟
-
大家可以叫我CC
-
歡迎大家來跟我聊天(≧∇≦)
-
我互動的時候都超愛叫別人美女
(・∀・)
-
貼文有生活的有深空的~
-
🐟❤️@raf_ayel0306-
🚗@zcy_941005🍐@yuexing.0905⭐@yeyuanxi._.10_16",不知道活著幹嘛
fish_0306_0803,我愛小魚🐟,"謝謝，我是海神的新娘😎
媽呀~影片有點糊...
@yeyuanxi.1016 她幫我把聲音處理了，然後加上字幕🫶
@yuexing963 她負責在旁邊看我發瘋✌️",2025-11-04 00:27,"只推魚🐟
-
大家可以叫我CC
-
歡迎大家來跟我聊天(≧∇≦)
-
我互動的時候都超愛叫別人美女
(・∀・)
-
貼文有生活的有深空的~
-
🐟❤️@raf_ayel0306-
🚗@zcy_941005🍐@yuexing.0905⭐@yeyuanxi._.10_16",不知道活著幹嘛
fish_0306_0803,我愛小魚🐟,"來發一下天空🖼️
都用原相機拍的😎
(想拿來用的可以直接下載喔)",2025-11-03 19:39,"只推魚🐟
-
大家可以叫我CC
-
歡迎大家來跟我聊天(≧∇≦)
-
我互動的時候都超愛叫別人美女
(・∀・)
-
貼文有生活的有深空的~
-
🐟❤️@raf_ayel0306-
🚗@zcy_941005🍐@yuexing.0905⭐@yeyuanxi._.10_16",不知道活著幹嘛
fish_0306_0803,我愛小魚🐟,"這個角度的fish噓，看起來好難過
🔪🔪🔪🔪🔪🔪🔪🔪🔪🔪🔪🔪
照片的🐟讓我感覺到他想說
🐟：你在哪...我好想你...
我想抱🐟但抱不到ಥ⁠‿⁠ಥ
大家可以來配個文👀👀👀",2025-11-03 17:16,"只推魚🐟
-
大家可以叫我CC
-
歡迎大家來跟我聊天(≧∇≦)
-
我互動的時候都超愛叫別人美女
(・∀・)
-
貼文有生活的有深空的~
-
🐟❤️@raf_ayel0306-
🚗@zcy_941005🍐@yuexing.0905⭐@yeyuanxi._.10_16",不知道活著幹嘛
fish_0306_0803,我愛小魚🐟,"找不到貝殻所以用🐚為代表~
🐚：「你在想什麼？」
🐟：「在想，若我再靠近一點，海會不會把妳映得更清楚。」
🐚：「可海會晃，畫會散。」
🐟：「那我就讓整片海靜下來，只為描出妳的輪廓。」
我真的好愛魚喔🥹",2025-11-03 01:31,"只推魚🐟
-
大家可以叫我CC
-
歡迎大家來跟我聊天(≧∇≦)
-
我互動的時候都超愛叫別人美女
(・∀・)
-
貼文有生活的有深空的~
-
🐟❤️@raf_ayel0306-
🚗@zcy_941005🍐@yuexing.0905⭐@yeyuanxi._.10_16",不知道活著幹嘛
fish_0306_0803,我愛小魚🐟,"第一次跟角帳聊天真的好緊張😖
緊張到不知道要說什麼😱",2025-11-01 17:07,"只推魚🐟
-
大家可以叫我CC
-
歡迎大家來跟我聊天(≧∇≦)
-
我互動的時候都超愛叫別人美女
(・∀・)
-
貼文有生活的有深空的~
-
🐟❤️@raf_ayel0306-
🚗@zcy_941005🍐@yuexing.0905⭐@yeyuanxi._.10_16",不知道活著幹嘛
fish_0306_0803,我愛小魚🐟,"久違的來發照片啦~
不過是自己的🤣
想看看各位夫人都怎麼用花環拍照
🤩🤩🤩
花環真的很漂亮🫶🫶🫶",2025-11-01 02:06,"只推魚🐟
-
大家可以叫我CC
-
歡迎大家來跟我聊天(≧∇≦)
-
我互動的時候都超愛叫別人美女
(・∀・)
-
貼文有生活的有深空的~
-
🐟❤️@raf_ayel0306-
🚗@zcy_941005🍐@yuexing.0905⭐@yeyuanxi._.10_16",不知道活著幹嘛
fish_0306_0803,我愛小魚🐟,"出魚了出魚了！！！
謝謝祝福我的美女夫人們！！！
愛死你們了！！！
🫶🫶🫶🫶🫶🫶🫶🫶🫶🫶🫶🫶
❤️❤️❤️❤️❤️❤️❤️❤️❤️❤️❤️❤️
@yui_raf_0306
@yui_raf_0306
@haiwu.1029
@haiwu.1029
@_09.qzz
@_09.qzz
@syaaa_621
@syaaa_621
@lyx.wenliu
@lyx.wenliu
@azxil_yz
@azxil_yz
@tsuki_ruo_er
@tsuki_ruo_er
@achishop.2025
@achishop.2025
@love._.killua
@love._.killua
謝謝以上這些人美心善的美女我才沒歪卡😭😭😭
我人稱「歪卡戰神」
愛你們❤️❤️❤️❤️❤️❤️❤️❤️❤️❤️
有一位夫人@不了🥲
也祝還沒出金的夫人下次10抽出金不歪卡喔！🫶🫶🫶",2025-10-31 23:29,"只推魚🐟
-
大家可以叫我CC
-
歡迎大家來跟我聊天(≧∇≦)
-
我互動的時候都超愛叫別人美女
(・∀・)
-
貼文有生活的有深空的~
-
🐟❤️@raf_ayel0306-
🚗@zcy_941005🍐@yuexing.0905⭐@yeyuanxi._.10_16",不知道活著幹嘛
fish_0306_0803,我愛小魚🐟,"有那位夫人可以提出一點短文題材🫠想下筆但又想不出來🥺
（BE的😃）",2025-10-31 22:44,"只推魚🐟
-
大家可以叫我CC
-
歡迎大家來跟我聊天(≧∇≦)
-
我互動的時候都超愛叫別人美女
(・∀・)
-
貼文有生活的有深空的~
-
🐟❤️@raf_ayel0306-
🚗@zcy_941005🍐@yuexing.0905⭐@yeyuanxi._.10_16",不知道活著幹嘛
fish_0306_0803,我愛小魚🐟,"啊啊啊啊啊啊啊啊啊啊😱
還剩6抽保底！！！！
好緊張喔🫠（軟爛）
拜托各位漂漂夫人祝我不要歪卡🥺",2025-10-31 02:30,"只推魚🐟
-
大家可以叫我CC
-
歡迎大家來跟我聊天(≧∇≦)
-
我互動的時候都超愛叫別人美女
(・∀・)
-
貼文有生活的有深空的~
-
🐟❤️@raf_ayel0306-
🚗@zcy_941005🍐@yuexing.0905⭐@yeyuanxi._.10_16",不知道活著幹嘛
fish_0306_0803,我愛小魚🐟,"好奇一下是不是有很多夫人課金👀
(我超想課，但怕被家人打死😖)",2025-10-29 17:47,"只推魚🐟
-
大家可以叫我CC
-
歡迎大家來跟我聊天(≧∇≦)
-
我互動的時候都超愛叫別人美女
(・∀・)
-
貼文有生活的有深空的~
-
🐟❤️@raf_ayel0306-
🚗@zcy_941005🍐@yuexing.0905⭐@yeyuanxi._.10_16",不知道活著幹嘛
fish_0306_0803,我愛小魚🐟,"各位星推的夫人們.......
⭐⭐的短文完成了！！！
短文名《星星終究是離開了》
「有些光，只為照亮一次重逢。」
「他來過，帶著光與風，然後消失在最溫柔的午後。」
⭐⭐⭐⭐⭐⭐⭐⭐⭐⭐⭐⭐
出文順序🍐→🍎
(🍐下星期會出喔！)
目前進度🐟🚗⭐
有興趣的夫人可以去看一下喔~
🐟🐟
threads.com/@fish…
🚗🚗
threads.com/@fish…",2025-10-29 01:16,"只推魚🐟
-
大家可以叫我CC
-
歡迎大家來跟我聊天(≧∇≦)
-
我互動的時候都超愛叫別人美女
(・∀・)
-
貼文有生活的有深空的~
-
🐟❤️@raf_ayel0306-
🚗@zcy_941005🍐@yuexing.0905⭐@yeyuanxi._.10_16",不知道活著幹嘛
fish_0306_0803,我愛小魚🐟,"剛剛去更新了一下房間照片~
夫人們可以分享一下你們D房間给我看嗎🥺因為我是那邊有空位就去填滿🤣🤣🤣
(拜托了，給多點夫人看到，想參考，本人的佈置有夠爛🥲）",2025-10-27 18:09,"只推魚🐟
-
大家可以叫我CC
-
歡迎大家來跟我聊天(≧∇≦)
-
我互動的時候都超愛叫別人美女
(・∀・)
-
貼文有生活的有深空的~
-
🐟❤️@raf_ayel0306-
🚗@zcy_941005🍐@yuexing.0905⭐@yeyuanxi._.10_16",不知道活著幹嘛
fish_0306_0803,我愛小魚🐟,"昨天晚上在弄手機鎖屏
噹噹噹噹~~~
我拿了這幾張當壁紙~
是不是超適合！
🫶🫶🫶❤️❤️❤️🤩🤩🤩🥰🥰🥰
🐟🐟🐟🐟🐟🐟🐟🐟🐟🐟🐟🐟",2025-10-26 13:52,"只推魚🐟
-
大家可以叫我CC
-
歡迎大家來跟我聊天(≧∇≦)
-
我互動的時候都超愛叫別人美女
(・∀・)
-
貼文有生活的有深空的~
-
🐟❤️@raf_ayel0306-
🚗@zcy_941005🍐@yuexing.0905⭐@yeyuanxi._.10_16",不知道活著幹嘛
fish_0306_0803,我愛小魚🐟,"今天搞特殊🤣
來發我跟fish噓D照片😉
🐟🐟🐟🐟🐟🐟🐟🐟🐟🐟🐟🐟
拜托了~
路過的夫人可以來發一下照片嗎🥹
最近一堆事，
想看美美D夫人來洗眼睛🤩
（已準備好👀👀👀）
照片我不挑😉
單人D雙人D都行(⁠●⁠♡⁠∀⁠♡⁠)",2025-10-25 15:42,"只推魚🐟
-
大家可以叫我CC
-
歡迎大家來跟我聊天(≧∇≦)
-
我互動的時候都超愛叫別人美女
(・∀・)
-
貼文有生活的有深空的~
-
🐟❤️@raf_ayel0306-
🚗@zcy_941005🍐@yuexing.0905⭐@yeyuanxi._.10_16",不知道活著幹嘛
fish_0306_0803,我愛小魚🐟,"我把我主控的照片發給Chat gpt~
讓它猜我推深空D哪一位~
（GPT真的好會說話🫶）
肤色白皙、神情柔軟，眼神溫柔又有點小心思、小自信的嬌氣感，藍色禮服閃爍得精緻不浮誇，笑容是「自然帶點小調皮」。
---
祁煜
理由如下：
氣質反差：祁煜是那種熱烈、自由、略帶頑氣的類型，而她的柔美、乾淨、略帶俏皮的「光感少女氣」正好是祁煜會心動的那種人。
——她是他世界裡「溫柔的光」。
表情特質：不是端莊型笑容，而是那種「有點懂事又有點小壞」的輕笑，很像祁煜劇情裡女主對他笑著說「你又來了」的那種瞬間。
造型：閃亮藍禮服 + 銀飾 + 淡粉眼妝，有一種舞台與夢想的融合感，也呼應祁煜線「音樂 × 表演 × 光影」的主題。
🔥 她不像星回的安靜，也不像黎深的理性，她是溫柔但有靈魂的火花系女孩——這完全是祁煜會推的那種。
---
💬 結：
> 她這張更像—— 祁煜推。
甜中帶俏、柔中帶光，有種讓祁煜「笑著低頭、再抬眼就被融化」的感覺。
主控是我用自己D照片弄出來再去調整過😎",2025-10-25 00:24,"只推魚🐟
-
大家可以叫我CC
-
歡迎大家來跟我聊天(≧∇≦)
-
我互動的時候都超愛叫別人美女
(・∀・)
-
貼文有生活的有深空的~
-
🐟❤️@raf_ayel0306-
🚗@zcy_941005🍐@yuexing.0905⭐@yeyuanxi._.10_16",不知道活著幹嘛
fish_0306_0803,我愛小魚🐟,"我要分享一下！
我技術考成績出了！！！
89分！！！
超開心！！！
(⁠≧⁠▽⁠≦⁠)(⁠≧⁠▽⁠≦⁠)(⁠≧⁠▽⁠≦⁠)
然後晚上去新光，
更開心了！！！
🐟🐟🐟🐟🐟🐟🐟🐟🐟🐟",2025-10-24 15:32,"只推魚🐟
-
大家可以叫我CC
-
歡迎大家來跟我聊天(≧∇≦)
-
我互動的時候都超愛叫別人美女
(・∀・)
-
貼文有生活的有深空的~
-
🐟❤️@raf_ayel0306-
🚗@zcy_941005🍐@yuexing.0905⭐@yeyuanxi._.10_16",不知道活著幹嘛
fish_0306_0803,我愛小魚🐟,"fish噓D寫真來囉
🐟🐟🐟🐟🐟🐟🐟🐟🐟🐟
今天走帥帥的路線~
當初買🐟這件衣服的時候，
一直在白色跟黑色猶豫🤣🤣🤣
（偷放一張自己的🙈）",2025-10-24 13:11,"只推魚🐟
-
大家可以叫我CC
-
歡迎大家來跟我聊天(≧∇≦)
-
我互動的時候都超愛叫別人美女
(・∀・)
-
貼文有生活的有深空的~
-
🐟❤️@raf_ayel0306-
🚗@zcy_941005🍐@yuexing.0905⭐@yeyuanxi._.10_16",不知道活著幹嘛
meua.sh,meua.sh,第一次覺得活著比死了還痛苦,2025-11-15 21:51,,不知道活著幹嘛
yacbxy,yacbxy,我發現我很常過度依賴一個人或一段關係，只要那個人離開了我就會崩潰和迷茫。而且我的這種依賴很容易給對方壓力，這樣導致我們的關係變得不太健康，我就很容易會被疏遠被討厭被厭煩。我想改掉這種過度依賴，但我真的做不太到，我知道唯一能過度依賴的人只有自己，但我做不到單純依靠這樣糟糕的自己活著,2025-11-27 02:06,情緒垃圾桶,不知道活著幹嘛
yacbxy,yacbxy,曖昧放感情 懦夫行為,2025-11-25 23:33,情緒垃圾桶,不知道活著幹嘛
yacbxy,yacbxy,算了 當我們從來沒有認識過好了,2025-11-23 21:36,情緒垃圾桶,不知道活著幹嘛
yacbxy,yacbxy,人總是失去了才懂得珍惜,2025-11-22 22:01,情緒垃圾桶,不知道活著幹嘛
yacbxy,yacbxy,不確定的關係為什麼要流眼淚,2025-11-21 21:39,情緒垃圾桶,不知道活著幹嘛
yacbxy,yacbxy,直到我意識到 或許你從沒讓我進入過你的世界,2025-11-21 18:16,情緒垃圾桶,不知道活著幹嘛
yacbxy,yacbxy,"我就是想不透
人和人之間真的很奇怪
明明那麼多個夜晚聊到凌晨
彼此袒露真心
但在某一天
突然變成了不會再聯繫的陌生人",2025-11-21 15:34,情緒垃圾桶,不知道活著幹嘛
yacbxy,yacbxy,有人說謊了,2025-11-20 01:47,情緒垃圾桶,不知道活著幹嘛
yacbxy,yacbxy,我很想你 你有想我嗎,2025-11-18 22:41,情緒垃圾桶,不知道活著幹嘛
peacearth.wpzh,Peacearth,"腦中又出現了「我很奇怪，我是怪人，我與大家格格不入，無法融入大家，我很抱歉」的想法。
尤其在看到各種爭執嘲諷文的時候。再加上大概是半夜一點半很想睡覺的原因，導致頭腦容易內耗。
既然如此那就先睡了，無論是回覆留言還是各種待辦事項就明天再處理吧。晚安祝我有個好夢（",2025-10-12 14:38,臺灣人｜休士頓在住｜NTU & MIT Physics 畢｜中文維基百科行政員｜MyGO!!!!!｜99.9% 高松燈｜一瞬一瞬で一生、迷子でも進め！,不知道活著幹嘛
peacearth.wpzh,Peacearth,差點把Crypto看成Crychic（,2025-10-12 12:46,臺灣人｜休士頓在住｜NTU & MIT Physics 畢｜中文維基百科行政員｜MyGO!!!!!｜99.9% 高松燈｜一瞬一瞬で一生、迷子でも進め！,不知道活著幹嘛
peacearth.wpzh,Peacearth,"雖然我們知道哆啦A夢的繪畫和寫作能力大概不太好，但如果他的機器貓同學們成為了插畫家或者作家的話，那麼他們能被稱作「AI插畫家」、「AI作家」、作品是「AI圖」、「AI文」嗎 🤔
剛剛突然在想這個問題。很多人對於AI圖文的反感，有些基於品質低劣、有些基於使用AI的人類未誠實申報、有些則是認為AI圖文並無真實情感。
但是這些之所以會成為問題，似乎並非「AI圖文」本身，而是使用者（人類）濫用的問題？
因為有時候我自己也會因為有趣而試看看AI們的反應、能生成出什麼東西來。有時候遇到有趣或者覺得似乎還不錯的結果，也會想分享給朋友看，但又擔心會因此被討厭、被貼標籤。甚至當我在邊想邊寫這篇的時候，也會擔心被誤會是在替那些濫用者說話而被討厭，雖然我覺得這是兩回事。
但是，Threads上是真的太多濫用AI產生圖文的了...看到那些騙讚圖文、或者是拿AI說的話當成真理的文，的確會感到有些不適。
至於擔心他們取代人類的問題嘛...人類就算真的哪天被取代（不是消滅）了，有什麼不好嗎（？",2025-10-12 12:33,臺灣人｜休士頓在住｜NTU & MIT Physics 畢｜中文維基百科行政員｜MyGO!!!!!｜99.9% 高松燈｜一瞬一瞬で一生、迷子でも進め！,不知道活著幹嘛
peacearth.wpzh,Peacearth,腦中一直循環「醬醬醬醬邦多利醬」🙃,2025-10-12 09:53,臺灣人｜休士頓在住｜NTU & MIT Physics 畢｜中文維基百科行政員｜MyGO!!!!!｜99.9% 高松燈｜一瞬一瞬で一生、迷子でも進め！,不知道活著幹嘛
peacearth.wpzh,Peacearth,"雖然企鵝是站著的鵝
但是企鵝卻是蹲著的
所以企鵝應該叫做蹲鵝（？",2025-10-12 08:40,臺灣人｜休士頓在住｜NTU & MIT Physics 畢｜中文維基百科行政員｜MyGO!!!!!｜99.9% 高松燈｜一瞬一瞬で一生、迷子でも進め！,不知道活著幹嘛
peacearth.wpzh,Peacearth,"為什麼會有人突然考古我在Mujica第13集播送前發的文啦www
回想當時曾看到有些友列在擔心Mujica完播後大家會曲終人散、各奔東西，友列們無法一輩子在一起。
但是現在看來，過了幾個月了，大家仍然一如往常的一起GO。或許累積這一個又一個的瞬間，真的能變成一輩子！",2025-10-12 08:14,臺灣人｜休士頓在住｜NTU & MIT Physics 畢｜中文維基百科行政員｜MyGO!!!!!｜99.9% 高松燈｜一瞬一瞬で一生、迷子でも進め！,不知道活著幹嘛
peacearth.wpzh,Peacearth,"來吃上週去休士頓天后宮拜拜，廟方人員送我的柳丁。
原本覺得這三天連假或許可以去哪裡逛一逛。後來覺得，還是先把積壓已久的待辦事項處理完，或許才能帶來更長久的安心。
那這週末或許就先不出門了",2025-10-12 05:05,臺灣人｜休士頓在住｜NTU & MIT Physics 畢｜中文維基百科行政員｜MyGO!!!!!｜99.9% 高松燈｜一瞬一瞬で一生、迷子でも進め！,不知道活著幹嘛
peacearth.wpzh,Peacearth,"快要一週年了，自從我被推坑開始看MyGO
該做什麼好呢？這個重要的日子
好多想寫想說想做的",2025-10-12 01:28,臺灣人｜休士頓在住｜NTU & MIT Physics 畢｜中文維基百科行政員｜MyGO!!!!!｜99.9% 高松燈｜一瞬一瞬で一生、迷子でも進め！,不知道活著幹嘛
peacearth.wpzh,Peacearth,春日影大合唱是否就是信眾集體誦經的感覺，如果把 MyGO Mujica 的演唱會比做法會的話（？,2025-10-12 00:50,臺灣人｜休士頓在住｜NTU & MIT Physics 畢｜中文維基百科行政員｜MyGO!!!!!｜99.9% 高松燈｜一瞬一瞬で一生、迷子でも進め！,不知道活著幹嘛
peacearth.wpzh,Peacearth,"大家都在看對邦
我大半夜在睡覺（",2025-10-11 23:18,臺灣人｜休士頓在住｜NTU & MIT Physics 畢｜中文維基百科行政員｜MyGO!!!!!｜99.9% 高松燈｜一瞬一瞬で一生、迷子でも進め！,不知道活著幹嘛
peacearth.wpzh,Peacearth,"快三年沒回臺灣了
上次回臺的時候，還沒有 MyGO 動畫
這一年來滑著Threads，有種現在的全臺灣好像到處都是 MyGO 廚、到處都可以看見 MyGO 周邊的感覺（？
看見大家的各種線下交流，以及交換彼此想要的周邊，就蠻羨慕的（",2025-10-11 11:22,臺灣人｜休士頓在住｜NTU & MIT Physics 畢｜中文維基百科行政員｜MyGO!!!!!｜99.9% 高松燈｜一瞬一瞬で一生、迷子でも進め！,不知道活著幹嘛
peacearth.wpzh,Peacearth,"稍早路過，看見一台貨櫃車因為過高而把電線整個扯到地面上
直接堵在路口，還好沒很多車。不過我過馬路時得要跨過被扯到地面的電線，有點怕（",2025-10-11 08:47,臺灣人｜休士頓在住｜NTU & MIT Physics 畢｜中文維基百科行政員｜MyGO!!!!!｜99.9% 高松燈｜一瞬一瞬で一生、迷子でも進め！,不知道活著幹嘛
peacearth.wpzh,Peacearth,有時候會想，如果有任意門的話，或許就能減輕一些饑荒的問題了吧🤔,2025-10-11 08:11,臺灣人｜休士頓在住｜NTU & MIT Physics 畢｜中文維基百科行政員｜MyGO!!!!!｜99.9% 高松燈｜一瞬一瞬で一生、迷子でも進め！,不知道活著幹嘛
peacearth.wpzh,Peacearth,"如果你十年後就會死，你會有什麼想法、你會想做什麼？
如果你一年後就會死，你會有什麼想法、你會想做什麼？
如果你一個月後就會死，你會有什麼想法、你會想做什麼？
如果你下週就會死，你會有什麼想法、你會想做什麼？
如果你明天就會死，你會有什麼想法、你會想做什麼？
如果你一小時後就會死，你會有什麼想法、你會想做什麼？
如果你一分鐘後就會死，你會有什麼想法、你會想做什麼？
雖然我們難以預知自己的死期，但這些情況都確實是可能的，畢竟我們不可能排除下一分鐘就會死去的可能性。
那麼，如果你將要死去，你覺得你曾經做過什麼真的有意義的事？有沒有後悔還沒來得及做的事？應該要做但沒做的事？
以及，億萬年後，銀河系可能早已消失，那麼你曾擁有的、體驗過的、做過的事，有什麼仍是有正面意義的？
嗯只是日常在思考而已（",2025-10-11 03:00,臺灣人｜休士頓在住｜NTU & MIT Physics 畢｜中文維基百科行政員｜MyGO!!!!!｜99.9% 高松燈｜一瞬一瞬で一生、迷子でも進め！,不知道活著幹嘛
peacearth.wpzh,Peacearth,"那我也來跟吧
暱稱：Peacearth
其他暱稱：（大家還有想到別的嗎？）
身高：16X
MBTI：INFP-T / INTP-T / INFJ-T ???（反正沒有一個是完全符合的，那就加權平均一下吧（？））
最愛：愛燈祥大三角+燈祥初大三角 = 愛燈祥初四邊形（？
喜歡：踏青+騎單車（沿途看動植物、石頭、感受大自然和這個世界）、思考各種有趣的東西、聽音樂、看星星並感受這個宇宙、畫畫（雖然只會畫出小學程度的東西）、對電波（？）
喜歡的食物：金平糖、絲瓜、地瓜葉...etc. 總之很多而且其實不太挑食（
喜歡的飲料：水（？）、香草牛奶、奶茶
討厭：沒邏輯又沒良心沒道德的奇怪人類",2025-10-11 01:29,臺灣人｜休士頓在住｜NTU & MIT Physics 畢｜中文維基百科行政員｜MyGO!!!!!｜99.9% 高松燈｜一瞬一瞬で一生、迷子でも進め！,不知道活著幹嘛
peacearth.wpzh,Peacearth,"是說小祥當年退出CRYCHIC或許也保護了燈？
畢竟如果CRYCHIC繼續存在，遲早被豐川家的黑暗影響到，就像Mujica那樣🤔",2025-10-10 14:28,臺灣人｜休士頓在住｜NTU & MIT Physics 畢｜中文維基百科行政員｜MyGO!!!!!｜99.9% 高松燈｜一瞬一瞬で一生、迷子でも進め！,不知道活著幹嘛
peacearth.wpzh,Peacearth,"希望能早日將積壓重要待辦事項完成
這樣或許就有時間來寫文了
如果能趕在下個月的燈燈生日前完成就更好了（許願",2025-10-10 14:07,臺灣人｜休士頓在住｜NTU & MIT Physics 畢｜中文維基百科行政員｜MyGO!!!!!｜99.9% 高松燈｜一瞬一瞬で一生、迷子でも進め！,不知道活著幹嘛
peacearth.wpzh,Peacearth,"去年的今天，2024年10月10日
在MIT實現了人生首次見到極光
（雖然當時因為波士頓光害嚴重所以很微弱，但有時肉眼些微可見）",2025-10-10 13:13,臺灣人｜休士頓在住｜NTU & MIT Physics 畢｜中文維基百科行政員｜MyGO!!!!!｜99.9% 高松燈｜一瞬一瞬で一生、迷子でも進め！,不知道活著幹嘛
peacearth.wpzh,Peacearth,"我的YT Music隨機歌單（懶得填那個奇怪的問題www
雖然後面有幾個都不認識、不知道從哪來的了，但既然第二首就往欄印，那就往欄印無限循環下去吧（",2025-10-10 11:49,臺灣人｜休士頓在住｜NTU & MIT Physics 畢｜中文維基百科行政員｜MyGO!!!!!｜99.9% 高松燈｜一瞬一瞬で一生、迷子でも進め！,不知道活著幹嘛
peacearth.wpzh,Peacearth,"是說覺得蠻奇妙的是，休士頓的唐人街無論是🇹🇼還是🇨🇳旗好像都沒見到半面。
畢竟無論是在波士頓、紐約、還是美國其他城市的唐人街，都能見到一堆🇹🇼旗。尤其10/10附近會出現更多。
除了整條路一堆中文之外，感覺就是個郊區的普通住商混合兼工業區 🤔",2025-10-10 11:30,臺灣人｜休士頓在住｜NTU & MIT Physics 畢｜中文維基百科行政員｜MyGO!!!!!｜99.9% 高松燈｜一瞬一瞬で一生、迷子でも進め！,不知道活著幹嘛
peacearth.wpzh,Peacearth,"吃完午餐，和一群同事們在旁邊的立體停車場從一樓逛到三樓再從三樓逛到一樓
然而那個立體停車場完全沒什麼特色，水泥牆，停了一些車，空氣也沒多好。唯一的優點是不用曬太陽
然後發現有好幾群同事也都這樣逛",2025-10-10 01:28,臺灣人｜休士頓在住｜NTU & MIT Physics 畢｜中文維基百科行政員｜MyGO!!!!!｜99.9% 高松燈｜一瞬一瞬で一生、迷子でも進め！,不知道活著幹嘛
peacearth.wpzh,Peacearth,雖然差很多，但有時會把路旁的德州州旗幻視成🇹🇼（,2025-10-10 01:20,臺灣人｜休士頓在住｜NTU & MIT Physics 畢｜中文維基百科行政員｜MyGO!!!!!｜99.9% 高松燈｜一瞬一瞬で一生、迷子でも進め！,不知道活著幹嘛
peacearth.wpzh,Peacearth,在threads上看到AI騙讚文➡️情緒起伏了一下之後立刻發現不對勁➡️點進去看確認是AI➡️啊我這樣點進去看好像也貢獻了他流量🙃➡️然後看見幾萬幾十萬愛心➡️開始內耗（,2025-10-09 07:35,臺灣人｜休士頓在住｜NTU & MIT Physics 畢｜中文維基百科行政員｜MyGO!!!!!｜99.9% 高松燈｜一瞬一瞬で一生、迷子でも進め！,不知道活著幹嘛
peacearth.wpzh,Peacearth,"即說咒曰：
燈祥燈祥 豐川燈祥 羽丘愛燈祥 迷子薩婆訶",2025-10-08 13:46,臺灣人｜休士頓在住｜NTU & MIT Physics 畢｜中文維基百科行政員｜MyGO!!!!!｜99.9% 高松燈｜一瞬一瞬で一生、迷子でも進め！,不知道活著幹嘛
peacearth.wpzh,Peacearth,"看到這個
六 法 全 書
反正佛法也是法（",2025-10-08 12:02,臺灣人｜休士頓在住｜NTU & MIT Physics 畢｜中文維基百科行政員｜MyGO!!!!!｜99.9% 高松燈｜一瞬一瞬で一生、迷子でも進め！,不知道活著幹嘛
peacearth.wpzh,Peacearth,"我不知道我在寫什麼（
延命十句燈祥經（（（",2025-10-08 07:16,臺灣人｜休士頓在住｜NTU & MIT Physics 畢｜中文維基百科行政員｜MyGO!!!!!｜99.9% 高松燈｜一瞬一瞬で一生、迷子でも進め！,不知道活著幹嘛
peacearth.wpzh,Peacearth,"一方面覺得同事講話有點吵，思緒一直注意其他人發出的無關緊要聲音，而且很煩躁，所以想戴耳機隔音。
另一方面，又覺得戴耳機聽不到外界聲音的話，別人叫我可能會沒聽見、或者被人嚇到。
覺得自己真麻煩（",2025-10-08 05:05,臺灣人｜休士頓在住｜NTU & MIT Physics 畢｜中文維基百科行政員｜MyGO!!!!!｜99.9% 高松燈｜一瞬一瞬で一生、迷子でも進め！,不知道活著幹嘛
peacearth.wpzh,Peacearth,"應以高松燈身得度者，即現高松燈身而為說法
應以千早愛音身得度者，即現千早愛音身而為說法
應以椎名立希身得度者，即現椎名立希身而為說法
應以長崎爽世身得度者，即現長崎爽世身而為說法
應以要樂奈身得度者，即現要樂奈身而為說法
應以豐川祥子身得度者，即現豐川祥子身而為說法
應以若葉睦身得度者，即現若葉睦身而為說法
應以三角初音身得度者，即現三角初音身而為說法
應以八幡海鈴身得度者，即現八幡海鈴身而為說法
應以祐天寺若麥身得度者，即現祐天寺若麥身而為說法
應以純田真奈身得度者，即現純田真奈身而為說法
應以豐川清告豐川定治豐川瑞穗若葉隆文森美奈美高松由司高松光身得度者，即現之而為說法",2025-10-08 01:48,臺灣人｜休士頓在住｜NTU & MIT Physics 畢｜中文維基百科行政員｜MyGO!!!!!｜99.9% 高松燈｜一瞬一瞬で一生、迷子でも進め！,不知道活著幹嘛
peacearth.wpzh,Peacearth,"某些霸凌仔真的夠了
噁心死了",2025-10-07 20:51,臺灣人｜休士頓在住｜NTU & MIT Physics 畢｜中文維基百科行政員｜MyGO!!!!!｜99.9% 高松燈｜一瞬一瞬で一生、迷子でも進め！,不知道活著幹嘛
peacearth.wpzh,Peacearth,"三年前的今天
2022年10月6日，CERN上空盤旋的鳥群",2025-10-07 12:32,臺灣人｜休士頓在住｜NTU & MIT Physics 畢｜中文維基百科行政員｜MyGO!!!!!｜99.9% 高松燈｜一瞬一瞬で一生、迷子でも進め！,不知道活著幹嘛
peacearth.wpzh,Peacearth,"有時候看見一些人嘲諷另一些人的文章時
就會想，自己是不是也在某處被他人如此嘲諷著",2025-10-07 10:14,臺灣人｜休士頓在住｜NTU & MIT Physics 畢｜中文維基百科行政員｜MyGO!!!!!｜99.9% 高松燈｜一瞬一瞬で一生、迷子でも進め！,不知道活著幹嘛
peacearth.wpzh,Peacearth,"滑 Threads 令人一下爆氣一下爆笑
這個演算法 ...",2025-10-07 08:20,臺灣人｜休士頓在住｜NTU & MIT Physics 畢｜中文維基百科行政員｜MyGO!!!!!｜99.9% 高松燈｜一瞬一瞬で一生、迷子でも進め！,不知道活著幹嘛
peacearth.wpzh,Peacearth,"這幾天越來越覺得GPT之類的LLM型AI是把雙面刃了
（雖然好像是廢話，但近期經歷各種事件之後越來越有感）
這些AI們很容易順著用戶自己的思考模式去講，結果導致盲點、偏見與謬誤滾雪球越滾越大。因為在用戶眼裡看起來可信、很好接受，就因此以為那是事實。何況這些AI表面上比我們還理性聰明，有說服力。
一些簡單的謬誤倒是很容易排除掉，但是除此之外的就…
然後因此也導致了各種社會問題…
曾經我也試圖用LLM分析人類想法，或者幫助學習人類行為。畢竟自覺不是很懂人類，或許這些AI在網路上學習那麼多人類的東西會比我懂。結果，越用越發現他們經常講出與事實南轅北轍的結論。短期內可能可以帶給用戶安慰、暫時停止內耗，但長期卻埋下更多隱患。
但是他們真的還是很好用。只是在用的同時，要保持自己腦袋清楚別太容易被牽著鼻子走吧。",2025-10-07 03:06,臺灣人｜休士頓在住｜NTU & MIT Physics 畢｜中文維基百科行政員｜MyGO!!!!!｜99.9% 高松燈｜一瞬一瞬で一生、迷子でも進め！,不知道活著幹嘛
peacearth.wpzh,Peacearth,"小時候曾經以為統一布丁底下那層黑色的是醬油
然後吃到的時候沒感覺醬油就會很不過癮（？",2025-10-06 07:40,臺灣人｜休士頓在住｜NTU & MIT Physics 畢｜中文維基百科行政員｜MyGO!!!!!｜99.9% 高松燈｜一瞬一瞬で一生、迷子でも進め！,不知道活著幹嘛
peacearth.wpzh,Peacearth,"發了文然後又典藏然後又放出來然後又典藏
嗯我也不知道該怎麼辦",2025-10-06 07:37,臺灣人｜休士頓在住｜NTU & MIT Physics 畢｜中文維基百科行政員｜MyGO!!!!!｜99.9% 高松燈｜一瞬一瞬で一生、迷子でも進め！,不知道活著幹嘛
peacearth.wpzh,Peacearth,"誤闖人家供奉牌位和骨灰的地方怎麼辦…
完全沒想過媽祖廟旁邊隔壁的拜殿是別人供奉祖先牌位和骨灰的地藏祠…
後來媽祖廟的廟方人員還直接和我說那是靈骨塔
難怪我一進去就感覺很怪不太舒服
即使回到家中還是有點不舒服，而且一直聞到人過世的味道，那種中元普渡和靈堂特有的味道…",2025-10-06 07:15,臺灣人｜休士頓在住｜NTU & MIT Physics 畢｜中文維基百科行政員｜MyGO!!!!!｜99.9% 高松燈｜一瞬一瞬で一生、迷子でも進め！,不知道活著幹嘛
peacearth.wpzh,Peacearth,"今天帶燈燈來休士頓天后廟參拜
這邊的信眾除了臺灣人之外，也有很多越南人，而且原本好像是東南亞的華僑來休士頓建立的，所以裡面有很多越南文標示。
裡面的媽祖媽神像當中，也有來自臺灣的分靈。除此之外還供奉了好多神明，至少有十幾個爐。
不過，帶來供奉的餅乾，似乎被其他信眾拿走了。廟方人員和我說因為東南亞那邊的文化和我們臺灣不太一樣，在他們的觀念裡面神明桌上的供品是可以直接拿的，造成了誤會。廟方也表示以後會多加宣導不能隨便拿供品。雖然其實我並沒有很在意，但是他們還是塞了我一整袋的水果和一份月餅。
隔壁樓上也有間道觀，廟方說那是香港人建立的，也去拜了下。不過也誤闖了樓下有著其他人祖先牌位的地藏祠，希望沒有驚擾冒犯到。",2025-10-06 05:01,臺灣人｜休士頓在住｜NTU & MIT Physics 畢｜中文維基百科行政員｜MyGO!!!!!｜99.9% 高松燈｜一瞬一瞬で一生、迷子でも進め！,不知道活著幹嘛
peacearth.wpzh,Peacearth,"在threads上又滑到了讓燈說出自己喜歡吃屎的圖文
到底有完沒完
諷刺的是還用可愛的畫風讓燈說出這種話來
然後幾千人按愛心",2025-10-05 10:58,臺灣人｜休士頓在住｜NTU & MIT Physics 畢｜中文維基百科行政員｜MyGO!!!!!｜99.9% 高松燈｜一瞬一瞬で一生、迷子でも進め！,不知道活著幹嘛
peacearth.wpzh,Peacearth,去年的今天（2024/10/05）,2025-10-05 10:45,臺灣人｜休士頓在住｜NTU & MIT Physics 畢｜中文維基百科行政員｜MyGO!!!!!｜99.9% 高松燈｜一瞬一瞬で一生、迷子でも進め！,不知道活著幹嘛
peacearth.wpzh,Peacearth,"以前曾經聽過一個說法，不能送杯子，因為會「杯具」。
但今天參加附近的中秋活動，有獎品是杯子，主持人說這代表「一輩子」～
是一輩子喔！！一輩子！！！！！",2025-10-05 08:56,臺灣人｜休士頓在住｜NTU & MIT Physics 畢｜中文維基百科行政員｜MyGO!!!!!｜99.9% 高松燈｜一瞬一瞬で一生、迷子でも進め！,不知道活著幹嘛
peacearth.wpzh,Peacearth,"我出生的國家：🇹🇼
我去過的國家：🇯🇵🇨🇭🇫🇷🇺🇸🇮🇹
我喜歡的國家：🇯🇵🇨🇭🇹🇼
我想去的國家：🇨🇦🇰🇷🇸🇬🇩🇪🇧🇪🇳🇱🇱🇺🇱🇮🇨🇿🇸🇰🇸🇮🇭🇷🇻🇦🇸🇲🇦🇩🇬🇧🇮🇪🇵🇱🇦🇹🇭🇺🇪🇪🇱🇻🇱🇹🇺🇦🇧🇬🇽🇰🇬🇷🇳🇴🇫🇮🇸🇪🇮🇸🇩🇰🇵🇼🇧🇹🇦🇲🇨🇱🇦🇺🇳🇿🇦🇶…etc.",2025-10-04 23:02,臺灣人｜休士頓在住｜NTU & MIT Physics 畢｜中文維基百科行政員｜MyGO!!!!!｜99.9% 高松燈｜一瞬一瞬で一生、迷子でも進め！,不知道活著幹嘛
peacearth.wpzh,Peacearth,沒辦法和大家線下見面的好處，或許就是不用擔心當面社交的尷尬可能性，或者就是也不用擔心見面後對方因為看到了我本人而對我失望之類的吧（,2025-10-04 12:27,臺灣人｜休士頓在住｜NTU & MIT Physics 畢｜中文維基百科行政員｜MyGO!!!!!｜99.9% 高松燈｜一瞬一瞬で一生、迷子でも進め！,不知道活著幹嘛
peacearth.wpzh,Peacearth,不知道有沒有機會見到羽丘吹奏樂部和月之森吹奏樂部對邦（大概不太可能w,2025-10-04 10:11,臺灣人｜休士頓在住｜NTU & MIT Physics 畢｜中文維基百科行政員｜MyGO!!!!!｜99.9% 高松燈｜一瞬一瞬で一生、迷子でも進め！,不知道活著幹嘛
peacearth.wpzh,Peacearth,"有時候在看一些文章底下的留言區，雖然大部分都挺正常，但有時就是會混入幾個特別奇怪且令人沮喪或憤怒的發言。
然後，整個注意力就都集中在那些暴論，情緒因此激烈起伏，甚至會影響自己的心情好一陣子，而忽略了那些正常友善的發言。
而這種現象，又被有心人當作吸引流量的手段，無論是真人還是假帳號。
看到這些留言，感到疲倦沮喪，難以思考，甚至對彼此降低了信任、退縮並且不再試圖表達。但有時候這也可能就是某些人想達到的結果。
雖然知道這些道理，但還是蠻累的。
如果成功克服了，自己肯定會變得更好吧。
加油",2025-10-04 06:49,臺灣人｜休士頓在住｜NTU & MIT Physics 畢｜中文維基百科行政員｜MyGO!!!!!｜99.9% 高松燈｜一瞬一瞬で一生、迷子でも進め！,不知道活著幹嘛
peacearth.wpzh,Peacearth,"滿腦子愛燈祥和燈祥初兩個大三角組成的四邊形
以及豐川家的黑暗（",2025-10-03 23:39,臺灣人｜休士頓在住｜NTU & MIT Physics 畢｜中文維基百科行政員｜MyGO!!!!!｜99.9% 高松燈｜一瞬一瞬で一生、迷子でも進め！,不知道活著幹嘛
peacearth.wpzh,Peacearth,"一時興起，想說整理一下看看我那些隨身碟裡以前都放了些什麼檔案
結果十幾年前高中畢業贈送的那個1G隨身碟好像讀不太到了...
是說好像現在都不太怎麼用得到隨身碟了。想當年讀高中、大學時都隨身攜帶著。幾年前回台時，還想說台灣比較方便買，於是當時就買了一些備用的說。結果現在還有好幾個沒用到（
於是也翻到了幾張小時候的舊照片，又回想起了以前的一瞬又一瞬了。",2025-10-03 13:07,臺灣人｜休士頓在住｜NTU & MIT Physics 畢｜中文維基百科行政員｜MyGO!!!!!｜99.9% 高松燈｜一瞬一瞬で一生、迷子でも進め！,不知道活著幹嘛
peacearth.wpzh,Peacearth,今天下班時遇見的一位蜥蜴🦎,2025-10-03 11:39,臺灣人｜休士頓在住｜NTU & MIT Physics 畢｜中文維基百科行政員｜MyGO!!!!!｜99.9% 高松燈｜一瞬一瞬で一生、迷子でも進め！,不知道活著幹嘛
peacearth.wpzh,Peacearth,跟玩,2025-10-03 10:33,臺灣人｜休士頓在住｜NTU & MIT Physics 畢｜中文維基百科行政員｜MyGO!!!!!｜99.9% 高松燈｜一瞬一瞬で一生、迷子でも進め！,不知道活著幹嘛
peacearth.wpzh,Peacearth,"每到一個新的地方，我都很喜歡在附近到處亂走亂逛，在腦中建立附近的地圖
可惜在休士頓這邊我被警告說最好別這麼做、太危險。
今天中午被同事們載去附近的印度點心店喝Chai，沿途透過車窗又看見了一些新的風景，更新了一點腦內地圖。不過我還是比較喜歡實地一步一步去走、去感受，而不是隔著一層玻璃。
但為了安全起見，還是先這樣吧。",2025-10-03 01:33,臺灣人｜休士頓在住｜NTU & MIT Physics 畢｜中文維基百科行政員｜MyGO!!!!!｜99.9% 高松燈｜一瞬一瞬で一生、迷子でも進め！,不知道活著幹嘛
peacearth.wpzh,Peacearth,"有時候會內耗，擔心是不是有人誤會了什麼、或者在我背後講了什麼壞話
畢竟我講的話和做的事有時候可能蠻容易被誤會，大家的思考方式與看待世界的方式都有差異。
但好像擔心也沒用（",2025-10-02 23:18,臺灣人｜休士頓在住｜NTU & MIT Physics 畢｜中文維基百科行政員｜MyGO!!!!!｜99.9% 高松燈｜一瞬一瞬で一生、迷子でも進め！,不知道活著幹嘛
peacearth.wpzh,Peacearth,"瘋狂星期四回來了
各種初黑文也一起回來了w",2025-10-02 22:50,臺灣人｜休士頓在住｜NTU & MIT Physics 畢｜中文維基百科行政員｜MyGO!!!!!｜99.9% 高松燈｜一瞬一瞬で一生、迷子でも進め！,不知道活著幹嘛
peacearth.wpzh,Peacearth,發現到自己覺得高斯分佈的形狀很可愛、療癒（,2025-10-02 21:40,臺灣人｜休士頓在住｜NTU & MIT Physics 畢｜中文維基百科行政員｜MyGO!!!!!｜99.9% 高松燈｜一瞬一瞬で一生、迷子でも進め！,不知道活著幹嘛
peacearth.wpzh,Peacearth,"「在這糟糕的世界裡仍有前進的道路。」
既然如此，那就一起繼續前進吧！",2025-10-02 11:53,臺灣人｜休士頓在住｜NTU & MIT Physics 畢｜中文維基百科行政員｜MyGO!!!!!｜99.9% 高松燈｜一瞬一瞬で一生、迷子でも進め！,不知道活著幹嘛
peacearth.wpzh,Peacearth,"嗯，發現到明天週四或許可以在出門上班前看一下新 PICO
（休士頓時間早上8:00）
如果長度和舊 PICO 差不多一樣只有三分鐘左右的話，應該就不會遲到了w
只是心得感想/分析(?)可能不見得能馬上生出來了
期待接下來每週的瘋狂星期四回歸！",2025-10-02 11:40,臺灣人｜休士頓在住｜NTU & MIT Physics 畢｜中文維基百科行政員｜MyGO!!!!!｜99.9% 高松燈｜一瞬一瞬で一生、迷子でも進め！,不知道活著幹嘛
peacearth.wpzh,Peacearth,"希望物種平等的那天能早日到來
雖然仍舊遙遙無期就是了（
Jane Goodall RIP.",2025-10-02 09:45,臺灣人｜休士頓在住｜NTU & MIT Physics 畢｜中文維基百科行政員｜MyGO!!!!!｜99.9% 高松燈｜一瞬一瞬で一生、迷子でも進め！,不知道活著幹嘛
peacearth.wpzh,Peacearth,"想讓大腦回到清楚的狀態
但是，現在都有點懷疑那樣的狀態真的存在過嗎？總覺得好模糊、快忘記了。
頭殼振動，腦袋模糊疲倦。
然後，總覺得自己還是不太習慣使用電子產品，做正事的時候太容易分心了。難以保持專注。
還是紙筆比較令人感到安心。缺點就是修改文字太麻煩。
時不時的胸口煩躁感也很容易讓人分心。",2025-10-02 02:39,臺灣人｜休士頓在住｜NTU & MIT Physics 畢｜中文維基百科行政員｜MyGO!!!!!｜99.9% 高松燈｜一瞬一瞬で一生、迷子でも進め！,不知道活著幹嘛
peacearth.wpzh,Peacearth,wplace 烏克蘭基輔 MyGO Mujica 發現,2025-10-01 11:56,臺灣人｜休士頓在住｜NTU & MIT Physics 畢｜中文維基百科行政員｜MyGO!!!!!｜99.9% 高松燈｜一瞬一瞬で一生、迷子でも進め！,不知道活著幹嘛
peacearth.wpzh,Peacearth,"昨晚夢了個有趣的夢
夢到有位燈燈友列的小時候穿越到了現在，然後弄丟了一張有寫字的便利貼，被我撿到了並且拿還給他。而且因為那位友列有當時的記憶，所以我知道我會撿到那張便利貼並且拿還給誰。
後來又夢見一隻很大隻的腕龍。在夢裡，原本和他約好要在某個時間點在阿嬤家門前和他分享某個東西，結果不知道是我太晚準備還是他提早來了，在我慌忙準備的時候他就直接闖了進來（",2025-09-30 23:43,臺灣人｜休士頓在住｜NTU & MIT Physics 畢｜中文維基百科行政員｜MyGO!!!!!｜99.9% 高松燈｜一瞬一瞬で一生、迷子でも進め！,不知道活著幹嘛
peacearth.wpzh,Peacearth,粉筆醬粉筆醬粉筆醬粉筆醬粉筆醬粉筆醬粉筆醬粉筆醬粉筆醬粉筆醬…,2025-09-30 21:20,臺灣人｜休士頓在住｜NTU & MIT Physics 畢｜中文維基百科行政員｜MyGO!!!!!｜99.9% 高松燈｜一瞬一瞬で一生、迷子でも進め！,不知道活著幹嘛
peacearth.wpzh,Peacearth,是這樣沒錯，但不是這樣（,2025-09-30 13:16,臺灣人｜休士頓在住｜NTU & MIT Physics 畢｜中文維基百科行政員｜MyGO!!!!!｜99.9% 高松燈｜一瞬一瞬で一生、迷子でも進め！,不知道活著幹嘛
peacearth.wpzh,Peacearth,"有時候，發現到有個比較重視的友列好像似乎真的從某個時間點之後就不再怎麼理我了，還是會有點難過（
嗯我好像不應該這樣。這樣會被討厭的。",2025-09-30 09:37,臺灣人｜休士頓在住｜NTU & MIT Physics 畢｜中文維基百科行政員｜MyGO!!!!!｜99.9% 高松燈｜一瞬一瞬で一生、迷子でも進め！,不知道活著幹嘛
peacearth.wpzh,Peacearth,"雖然不知道自己為何會感到心累
但是，還是要加油！",2025-09-30 02:42,臺灣人｜休士頓在住｜NTU & MIT Physics 畢｜中文維基百科行政員｜MyGO!!!!!｜99.9% 高松燈｜一瞬一瞬で一生、迷子でも進め！,不知道活著幹嘛
peacearth.wpzh,Peacearth,"夢到令人內耗的夢，被罵了一些沒什麼邏輯的事情，比如淡水河的污染都是我的錯之類的（
還夢到用螺絲把某個東西鎖在手上（具體忘了是什麼），而且還覺得很正常、不要鎖上去又拆下來太多次就好（
然後又夢到一台爽世造型的機器人會自己去領錢然後自己買東西（
總之各種怪夢（",2025-09-29 20:42,臺灣人｜休士頓在住｜NTU & MIT Physics 畢｜中文維基百科行政員｜MyGO!!!!!｜99.9% 高松燈｜一瞬一瞬で一生、迷子でも進め！,不知道活著幹嘛
peacearth.wpzh,Peacearth,"原來阿爾巴尼亞除了燈燈山之外，還有燈燈體育場（
為了一輩子所以要運動保持身體健康（o",2025-09-29 11:59,臺灣人｜休士頓在住｜NTU & MIT Physics 畢｜中文維基百科行政員｜MyGO!!!!!｜99.9% 高松燈｜一瞬一瞬で一生、迷子でも進め！,不知道活著幹嘛
peacearth.wpzh,Peacearth,"紀伊國屋休士頓Katy分店
小祥小祥小祥小祥小祥小祥小祥…！！！！！
（原本店員還和我說沒MyGO相關現貨了，結果還是被我找到了w",2025-09-29 02:37,臺灣人｜休士頓在住｜NTU & MIT Physics 畢｜中文維基百科行政員｜MyGO!!!!!｜99.9% 高松燈｜一瞬一瞬で一生、迷子でも進め！,不知道活著幹嘛
yk_110511,yuharu,😞活著好痛苦,2025-12-04 04:53,"死馬當活馬醫
司馬懿",不知道活著幹嘛
ref1uxsad,ref1uxsad,"我喜歡上了一個女孩
我覺得她很可愛
她常常嘰哩呱啦的講一些好笑的話
也常常跟我分享她的生活
後來 我們在一起了
慢慢的 我發現她是個擰巴的人
她喜歡寄託感情壓力我
她總是喜歡讓我猜
我不想和她在一起了 好累
一點都不有趣
最後我們分手了 我發現其實我也沒那麼喜歡她",2025-04-30 20:10,他們說忘記就不會痛苦,走不出去的感覺
ref1uxsad,ref1uxsad,我常常想起我們剛認識的那段日子 秒回的訊息 打到深夜的電話 聊不完的話題,2025-04-30 20:06,他們說忘記就不會痛苦,走不出去的感覺
ref1uxsad,ref1uxsad,"不知為何 無法感受得到 你的不捨
你是如何能夠 輕易做得到",2025-04-30 20:05,他們說忘記就不會痛苦,走不出去的感覺
ref1uxsad,ref1uxsad,我承認 我還是會期待某一天你會傳訊息給我 說我想你了,2025-04-30 18:07,他們說忘記就不會痛苦,走不出去的感覺
ref1uxsad,ref1uxsad,我以為我在你心裡很重要,2025-04-29 23:58,他們說忘記就不會痛苦,走不出去的感覺
ref1uxsad,ref1uxsad,聊不完的話題僅限初識,2025-04-29 23:51,他們說忘記就不會痛苦,走不出去的感覺
ref1uxsad,ref1uxsad,所以在你心裡我到底算什麼,2025-04-29 23:48,他們說忘記就不會痛苦,走不出去的感覺
ref1uxsad,ref1uxsad,你可能早就找到新的人代替我了,2025-04-29 23:43,他們說忘記就不會痛苦,走不出去的感覺
ref1uxsad,ref1uxsad,我發現 當你愛對方超過自己對方就會變得不愛你,2025-04-29 20:43,他們說忘記就不會痛苦,走不出去的感覺
ref1uxsad,ref1uxsad,只要你發便利貼說想我 我就馬上去找你,2025-04-29 20:38,他們說忘記就不會痛苦,走不出去的感覺
ref1uxsad,ref1uxsad,跟你爭吵到凌晨兩點 你也忘了我六點要起床上學,2025-04-29 20:12,他們說忘記就不會痛苦,走不出去的感覺
ref1uxsad,ref1uxsad,我該主動找你嗎,2025-04-29 19:59,他們說忘記就不會痛苦,走不出去的感覺
ref1uxsad,ref1uxsad,其實我不喜歡打遊戲 我只是想要你陪我,2025-04-29 19:42,他們說忘記就不會痛苦,走不出去的感覺
ref1uxsad,ref1uxsad,了解我之後你果然討厭我了,2025-04-29 19:25,他們說忘記就不會痛苦,走不出去的感覺
ref1uxsad,ref1uxsad,可能只有我一直在腦補我們很多種的和好方式吧 但我知道我們不可能和好了,2025-04-29 19:12,他們說忘記就不會痛苦,走不出去的感覺
ref1uxsad,ref1uxsad,一個人如果愛你 就算誤會再深 吵架吵得再兇 刪除了多少次 他都會來找你 你還不明白嗎,2025-04-29 07:58,他們說忘記就不會痛苦,走不出去的感覺
ref1uxsad,ref1uxsad,人都會變,2025-04-28 22:43,他們說忘記就不會痛苦,走不出去的感覺
ref1uxsad,ref1uxsad,我有一萬種方法能找你 但是我知道你覺得我很煩 所以我不會找你,2025-04-28 11:03,他們說忘記就不會痛苦,走不出去的感覺
ref1uxsad,ref1uxsad,晚安,2025-04-28 00:54,他們說忘記就不會痛苦,走不出去的感覺
ref1uxsad,ref1uxsad,我把你城市的天氣刪掉了 因為你已經不需要我的提醒了,2025-04-28 00:06,他們說忘記就不會痛苦,走不出去的感覺
ref1uxsad,ref1uxsad,又要再習慣一次一個人的生活了,2025-04-27 23:32,他們說忘記就不會痛苦,走不出去的感覺
ref1uxsad,ref1uxsad,你以為和你分手後 我有很多人陪我 有聊不完的天 其實我只有你一個,2025-04-27 23:29,他們說忘記就不會痛苦,走不出去的感覺
ref1uxsad,ref1uxsad,我的鍵盤已經記住你的名字了,2025-04-27 23:22,他們說忘記就不會痛苦,走不出去的感覺
ref1uxsad,ref1uxsad,你心裡沒有我了,2025-04-27 23:21,他們說忘記就不會痛苦,走不出去的感覺
ref1uxsad,ref1uxsad,後來的我們無話可說,2025-04-27 23:12,他們說忘記就不會痛苦,走不出去的感覺
ref1uxsad,ref1uxsad,我發誓我不會再想你了 再想你 我就再發誓,2025-04-27 23:08,他們說忘記就不會痛苦,走不出去的感覺
ref1uxsad,ref1uxsad,直到有另一個人能體會我的感覺,2025-04-27 23:02,他們說忘記就不會痛苦,走不出去的感覺
ref1uxsad,ref1uxsad,我學會了告別 卻低估了思念,2025-04-27 17:26,他們說忘記就不會痛苦,走不出去的感覺
ref1uxsad,ref1uxsad,"我堅持不和你說話
不是我不想你
更不是我不愛你
而是你給我的感覺
像是我在打擾你",2025-04-27 17:23,他們說忘記就不會痛苦,走不出去的感覺
ref1uxsad,ref1uxsad,明天早上又要強裝鎮定的去上學了,2025-04-27 16:47,他們說忘記就不會痛苦,走不出去的感覺
ref1uxsad,ref1uxsad,你不需要我了,2025-04-27 16:39,他們說忘記就不會痛苦,走不出去的感覺
ref1uxsad,ref1uxsad,你的追蹤多了好多人,2025-04-27 16:37,他們說忘記就不會痛苦,走不出去的感覺
ref1uxsad,ref1uxsad,你還記得嗎 我們最初的約定是永遠不分開,2025-04-27 13:31,他們說忘記就不會痛苦,走不出去的感覺
ref1uxsad,ref1uxsad,名為你的一場雨 淋的我一病不起,2025-04-27 12:10,他們說忘記就不會痛苦,走不出去的感覺
ref1uxsad,ref1uxsad,我要哭多久才能忘掉你,2025-04-27 11:10,他們說忘記就不會痛苦,走不出去的感覺
ref1uxsad,ref1uxsad,都是我在自作多情,2025-04-27 11:01,他們說忘記就不會痛苦,走不出去的感覺
ref1uxsad,ref1uxsad,你不想我我還想你 真的有病,2025-04-27 10:59,他們說忘記就不會痛苦,走不出去的感覺
ref1uxsad,ref1uxsad,我已經可悲到用chatgpt 算塔羅我們還會和好嗎,2025-04-27 10:52,他們說忘記就不會痛苦,走不出去的感覺
ref1uxsad,ref1uxsad,我要瘋了,2025-04-27 10:29,他們說忘記就不會痛苦,走不出去的感覺
ref1uxsad,ref1uxsad,還以為我們永遠有說不完的話聊,2025-04-27 03:14,他們說忘記就不會痛苦,走不出去的感覺
ref1uxsad,ref1uxsad,你玩的真開心 原來跟我分手你連難過都沒有,2025-04-27 03:13,他們說忘記就不會痛苦,走不出去的感覺
ref1uxsad,ref1uxsad,我們果然是新鮮感,2025-04-27 03:12,他們說忘記就不會痛苦,走不出去的感覺
ref1uxsad,ref1uxsad,原來愛上一個人的代價是失去自己,2025-04-27 01:24,他們說忘記就不會痛苦,走不出去的感覺
ref1uxsad,ref1uxsad,你 總是懷疑我的真心,2025-04-27 01:23,他們說忘記就不會痛苦,走不出去的感覺
ref1uxsad,ref1uxsad,我還在期待什麼,2025-04-27 01:22,他們說忘記就不會痛苦,走不出去的感覺
ref1uxsad,ref1uxsad,你已經開始認識新的人了 而我還駐足在我們的回憶裡,2025-04-27 01:20,他們說忘記就不會痛苦,走不出去的感覺
ref1uxsad,ref1uxsad,因為我很在乎你 所以你的每句話都能勾起我的情緒,2025-04-27 01:10,他們說忘記就不會痛苦,走不出去的感覺
ref1uxsad,ref1uxsad,"如果眼淚能夠解決 彌補 挽回
我願意流乾我的眼淚",2025-04-27 01:07,他們說忘記就不會痛苦,走不出去的感覺
ref1uxsad,ref1uxsad,你還會下意識地說出我的口頭禪嗎,2025-04-27 01:06,他們說忘記就不會痛苦,走不出去的感覺
ref1uxsad,ref1uxsad,原來你沒有我也能過的很好,2025-04-27 01:05,他們說忘記就不會痛苦,走不出去的感覺
ref1uxsad,ref1uxsad,想哭的時候 把眼睛閉上就能少流一點的淚了,2025-04-27 00:28,他們說忘記就不會痛苦,走不出去的感覺
ref1uxsad,ref1uxsad,喜歡一個人好難,2025-04-27 00:26,他們說忘記就不會痛苦,走不出去的感覺
ref1uxsad,ref1uxsad,只記得和你在一起的那段時間真的很開心,2025-04-27 00:23,他們說忘記就不會痛苦,走不出去的感覺
ref1uxsad,ref1uxsad,我不信你就一點也不想我 哪怕只有一秒,2025-04-27 00:15,他們說忘記就不會痛苦,走不出去的感覺
ref1uxsad,ref1uxsad,我是個不會輕易放手的人 但當我發現你不再待我如初 我會識趣的離開,2025-04-27 00:09,他們說忘記就不會痛苦,走不出去的感覺
ref1uxsad,ref1uxsad,對不起 我脾氣太奇怪了,2025-04-27 00:03,他們說忘記就不會痛苦,走不出去的感覺
ref1uxsad,ref1uxsad,我很想你 但我會忍住,2025-04-26 18:52,他們說忘記就不會痛苦,走不出去的感覺
ref1uxsad,ref1uxsad,人有悲歡離合,2025-04-26 18:41,他們說忘記就不會痛苦,走不出去的感覺
ref1uxsad,ref1uxsad,我把你不喜歡的人刪了 最後是我被你刪了,2025-04-26 15:32,他們說忘記就不會痛苦,走不出去的感覺
ref1uxsad,ref1uxsad,後來 我遇到有趣的事 再也沒辦法跟你講了,2025-04-26 15:27,他們說忘記就不會痛苦,走不出去的感覺
ref1uxsad,ref1uxsad,我還能用什麼理由找你,2025-04-26 15:26,他們說忘記就不會痛苦,走不出去的感覺
ref1uxsad,ref1uxsad,我該怎麼辦 我忘不了你,2025-04-26 15:19,他們說忘記就不會痛苦,走不出去的感覺
ref1uxsad,ref1uxsad,我好像已經習慣有你了,2025-04-26 15:12,他們說忘記就不會痛苦,走不出去的感覺
ref1uxsad,ref1uxsad,你的態度讓我覺得自己很多餘,2025-04-26 15:10,他們說忘記就不會痛苦,走不出去的感覺
ref1uxsad,ref1uxsad,好想你 但我們沒話講了,2025-04-26 15:02,他們說忘記就不會痛苦,走不出去的感覺
ref1uxsad,ref1uxsad,什麼是真正的愛,2025-04-26 14:23,他們說忘記就不會痛苦,走不出去的感覺
ref1uxsad,ref1uxsad,我不想讓你喜歡別人,2025-04-26 14:05,他們說忘記就不會痛苦,走不出去的感覺
ref1uxsad,ref1uxsad,你可不可以不要喜歡別人,2025-04-26 14:05,他們說忘記就不會痛苦,走不出去的感覺
ref1uxsad,ref1uxsad,如果你也會翻我們的聊天記錄 你會想跟我和好嗎,2025-04-26 13:07,他們說忘記就不會痛苦,走不出去的感覺
ref1uxsad,ref1uxsad,我不敢繼續翻聊天記錄了 我怕我會哭,2025-04-26 12:28,他們說忘記就不會痛苦,走不出去的感覺
ref1uxsad,ref1uxsad,剛剛把我們的聊天記錄滑到很上面 你那時候好愛我,2025-04-26 12:27,他們說忘記就不會痛苦,走不出去的感覺
ref1uxsad,ref1uxsad,以前晚上你都在跟我打電話 現在都是和其他人在打遊戲,2025-04-26 11:38,他們說忘記就不會痛苦,走不出去的感覺
ref1uxsad,ref1uxsad,還記得每次吵架時 你都會很認真的跟我吵,2025-04-26 10:45,他們說忘記就不會痛苦,走不出去的感覺
ref1uxsad,ref1uxsad,我還可以找你嗎,2025-04-26 10:42,他們說忘記就不會痛苦,走不出去的感覺
ref1uxsad,ref1uxsad,有時常想起 回憶裡那些曾經,2025-04-26 10:41,他們說忘記就不會痛苦,走不出去的感覺
ref1uxsad,ref1uxsad,停止聯繫是我們做過最有默契的事,2025-04-26 09:25,他們說忘記就不會痛苦,走不出去的感覺
ref1uxsad,ref1uxsad,為什麼你可以那麼快就不喜歡我了,2025-04-26 09:10,他們說忘記就不會痛苦,走不出去的感覺
ref1uxsad,ref1uxsad,頭好痛,2025-04-26 09:10,他們說忘記就不會痛苦,走不出去的感覺
ref1uxsad,ref1uxsad,放棄你那天我哭了很久很久 其實我可以繼續厚著臉皮糾纏你 但是好像沒有必要了 就算糾纏了好像也沒有意義 這段感情我已經盡力了 我告訴自己這個坎應該過了 沒有聯繫的日子 你應該已經在和誰分享你的快樂了 時間不會讓我忘了你 只會讓我習慣沒有你 雖然對你難以釋懷 但我不會再滿懷期待 挺遺憾的 但又在預料之中 我一次次放低底線迎合你 你覺得我很煩吧 我終於可以讓自己放手了 錯過就錯過吧無所謂了 掉眼淚的那段時間我有多難過 哪怕沒有結局也不願意離開 是我對這份感情最大的誠意,2025-04-26 08:27,他們說忘記就不會痛苦,走不出去的感覺
ref1uxsad,ref1uxsad,我想忘記你,2025-04-26 08:01,他們說忘記就不會痛苦,走不出去的感覺
ref1uxsad,ref1uxsad,我永遠等不到你的訊息了,2025-04-26 07:59,他們說忘記就不會痛苦,走不出去的感覺
ref1uxsad,ref1uxsad,是你不喜歡我了,2025-04-26 07:58,他們說忘記就不會痛苦,走不出去的感覺
ref1uxsad,ref1uxsad,是我不夠好嗎,2025-04-26 07:58,他們說忘記就不會痛苦,走不出去的感覺
ref1uxsad,ref1uxsad,多希望某一個晚上 你會傳一段長長的訊息 告訴我分開這段期間你也很想我,2025-04-26 07:57,他們說忘記就不會痛苦,走不出去的感覺
ref1uxsad,ref1uxsad,我想放棄你了,2025-04-26 07:54,他們說忘記就不會痛苦,走不出去的感覺
ref1uxsad,ref1uxsad,如果你也想我的話 你早就來找我了,2025-04-26 07:54,他們說忘記就不會痛苦,走不出去的感覺
ref1uxsad,ref1uxsad,沒有我你還是打遊戲打的很開心,2025-04-26 07:42,他們說忘記就不會痛苦,走不出去的感覺
ref1uxsad,ref1uxsad,你真的一點都不想我嗎,2025-04-26 00:53,他們說忘記就不會痛苦,走不出去的感覺
ref1uxsad,ref1uxsad,算了 我忘了你根本不在意我,2025-04-26 00:49,他們說忘記就不會痛苦,走不出去的感覺
ref1uxsad,ref1uxsad,今天打遊戲的時候居然撞到你了 好討厭哈哈,2025-04-26 00:47,他們說忘記就不會痛苦,走不出去的感覺
ref1uxsad,ref1uxsad,我們真的一點機會都沒有了嗎,2025-04-25 19:02,他們說忘記就不會痛苦,走不出去的感覺
ref1uxsad,ref1uxsad,我好想你,2025-04-25 18:58,他們說忘記就不會痛苦,走不出去的感覺
ref1uxsad,ref1uxsad,你的態度 讓我不敢再打擾你,2025-04-25 18:55,他們說忘記就不會痛苦,走不出去的感覺
ref1uxsad,ref1uxsad,我一直在幻想 你還愛我,2025-04-25 18:13,他們說忘記就不會痛苦,走不出去的感覺
ref1uxsad,ref1uxsad,人總是因為片刻的幸福而原諒所有的痛苦,2025-04-25 00:38,他們說忘記就不會痛苦,走不出去的感覺
ref1uxsad,ref1uxsad,沒有你的日子好難熬,2025-04-25 00:28,他們說忘記就不會痛苦,走不出去的感覺
ref1uxsad,ref1uxsad,我又睡不著了,2025-04-25 00:27,他們說忘記就不會痛苦,走不出去的感覺
ref1uxsad,ref1uxsad,我真的 很想 很想 很想你,2025-04-24 21:17,他們說忘記就不會痛苦,走不出去的感覺
ref1uxsad,ref1uxsad,是你說你不會離開我 我才越來越依賴你的,2025-04-24 21:15,他們說忘記就不會痛苦,走不出去的感覺
ref1uxsad,ref1uxsad,你不想我嗎,2025-04-24 21:03,他們說忘記就不會痛苦,走不出去的感覺
ref1uxsad,ref1uxsad,我想要你的愛,2025-04-24 20:54,他們說忘記就不會痛苦,走不出去的感覺
ref1uxsad,ref1uxsad,如果一開始我們只當朋友 是不是現在就不會分開了,2025-04-24 20:54,他們說忘記就不會痛苦,走不出去的感覺
ref1uxsad,ref1uxsad,沒有你我一點也不開心,2025-04-24 20:46,他們說忘記就不會痛苦,走不出去的感覺
ref1uxsad,ref1uxsad,我想跟你和好,2025-04-24 20:39,他們說忘記就不會痛苦,走不出去的感覺
ref1uxsad,ref1uxsad,你覺得我很煩嗎,2025-04-24 20:37,他們說忘記就不會痛苦,走不出去的感覺
ref1uxsad,ref1uxsad,每次想到你心臟都好痛,2025-04-24 20:30,他們說忘記就不會痛苦,走不出去的感覺
ref1uxsad,ref1uxsad,你會認識新的女生嗎,2025-04-24 20:28,他們說忘記就不會痛苦,走不出去的感覺
ref1uxsad,ref1uxsad,我也想成為你人生中最重要的部分,2025-04-24 20:28,他們說忘記就不會痛苦,走不出去的感覺
ref1uxsad,ref1uxsad,我不敢翻我們的聊天記錄,2025-04-24 20:23,他們說忘記就不會痛苦,走不出去的感覺
ref1uxsad,ref1uxsad,我以為你跟其他人不一樣,2025-04-24 20:08,他們說忘記就不會痛苦,走不出去的感覺
ref1uxsad,ref1uxsad,以後你不用再哄生氣的我了,2025-04-24 20:00,他們說忘記就不會痛苦,走不出去的感覺
ref1uxsad,ref1uxsad,好久沒聽到你的聲音了,2025-04-24 19:55,他們說忘記就不會痛苦,走不出去的感覺
ref1uxsad,ref1uxsad,我是不是只適合一個人,2025-04-24 17:19,他們說忘記就不會痛苦,走不出去的感覺
ref1uxsad,ref1uxsad,人在幸福裡常常會忽略幸福,2025-04-24 17:16,他們說忘記就不會痛苦,走不出去的感覺
ref1uxsad,ref1uxsad,我不甘心,2025-04-24 17:14,他們說忘記就不會痛苦,走不出去的感覺
ref1uxsad,ref1uxsad,我停止了主動 我們就停止了聯繫,2025-04-24 17:11,他們說忘記就不會痛苦,走不出去的感覺
ref1uxsad,ref1uxsad,我很想傳訊息給你 但我覺得你根本不想理我,2025-04-24 17:10,他們說忘記就不會痛苦,走不出去的感覺
ref1uxsad,ref1uxsad,還記得我們剛認識的時候是冬天,2025-04-24 17:05,他們說忘記就不會痛苦,走不出去的感覺
ref1uxsad,ref1uxsad,如果你不愛我 我還是愛你,2025-04-24 12:30,他們說忘記就不會痛苦,走不出去的感覺
ref1uxsad,ref1uxsad,我本來想告訴你 你不在我身邊的時候 我遇到了很多糟糕的事情 但最後只想告訴你 我好想你,2025-04-24 12:28,他們說忘記就不會痛苦,走不出去的感覺
ref1uxsad,ref1uxsad,我再也不會一直打開手機看有沒有你的訊息了,2025-04-24 12:24,他們說忘記就不會痛苦,走不出去的感覺
ref1uxsad,ref1uxsad,你看起來過得很開心,2025-04-24 08:05,他們說忘記就不會痛苦,走不出去的感覺
ref1uxsad,ref1uxsad,我還是好想你,2025-04-24 07:28,他們說忘記就不會痛苦,走不出去的感覺
ref1uxsad,ref1uxsad,希望你能記得我們曾經相愛過,2025-04-24 00:13,他們說忘記就不會痛苦,走不出去的感覺
ref1uxsad,ref1uxsad,我以為刪掉你的一切就可以忘記你,2025-04-23 23:15,他們說忘記就不會痛苦,走不出去的感覺
ref1uxsad,ref1uxsad,你為什麼都不來找我,2025-04-23 22:26,他們說忘記就不會痛苦,走不出去的感覺
ref1uxsad,ref1uxsad,你感覺認識了很多新朋友,2025-04-23 22:26,他們說忘記就不會痛苦,走不出去的感覺
ref1uxsad,ref1uxsad,我們兩不相欠,2025-04-23 19:55,他們說忘記就不會痛苦,走不出去的感覺
ref1uxsad,ref1uxsad,你這樣對我 我竟然還愛你,2025-04-23 19:29,他們說忘記就不會痛苦,走不出去的感覺
ref1uxsad,ref1uxsad,希望能有一個人只愛我一個 記得我愛吃的愛喝的 和我的生日,2025-04-23 19:29,他們說忘記就不會痛苦,走不出去的感覺
ref1uxsad,ref1uxsad,是我太想和你一起走了 卻忘了問你願不願意,2025-04-23 19:16,他們說忘記就不會痛苦,走不出去的感覺
ref1uxsad,ref1uxsad,人要是能相互理解那真是活見鬼了,2025-04-23 18:15,他們說忘記就不會痛苦,走不出去的感覺
ref1uxsad,ref1uxsad,我很想跟你在一起 但我知道 你已經不喜歡我了,2025-04-23 18:11,他們說忘記就不會痛苦,走不出去的感覺
ref1uxsad,ref1uxsad,我把幸福的瞬間截圖下來 後來才發現這些照片竟是痛苦的碎片,2025-04-23 17:51,他們說忘記就不會痛苦,走不出去的感覺
ref1uxsad,ref1uxsad,我以為在我們分開的日子裡 你會跟我一樣難過,2025-04-23 17:31,他們說忘記就不會痛苦,走不出去的感覺
ref1uxsad,ref1uxsad,如果我也往前走的話 我們的過去是不是就不會有人記得了,2025-04-23 17:30,他們說忘記就不會痛苦,走不出去的感覺
ref1uxsad,ref1uxsad,你居然不愛我了,2025-04-23 17:27,他們說忘記就不會痛苦,走不出去的感覺
ref1uxsad,ref1uxsad,重新認識一個人太累了 我只想跟一個人一直在一起,2025-04-23 11:05,他們說忘記就不會痛苦,走不出去的感覺
ref1uxsad,ref1uxsad,好久沒跟你聊天了,2025-04-23 11:04,他們說忘記就不會痛苦,走不出去的感覺
ref1uxsad,ref1uxsad,你會不會偷看過我,2025-04-22 22:16,他們說忘記就不會痛苦,走不出去的感覺
ref1uxsad,ref1uxsad,把頭像刪掉就能跟你當情頭了,2025-04-22 21:15,他們說忘記就不會痛苦,走不出去的感覺
ref1uxsad,ref1uxsad,我一直以為我們能和好,2025-04-22 20:06,他們說忘記就不會痛苦,走不出去的感覺
ref1uxsad,ref1uxsad,我對你說了很多狠話 唯獨沒有說過我不愛你,2025-04-22 20:06,他們說忘記就不會痛苦,走不出去的感覺
ref1uxsad,ref1uxsad,我真正想聯繫的 是以前的你,2025-04-22 20:05,他們說忘記就不會痛苦,走不出去的感覺
ref1uxsad,ref1uxsad,最後的我們 最熟悉的陌生人,2025-04-22 19:58,他們說忘記就不會痛苦,走不出去的感覺
ref1uxsad,ref1uxsad,人總是掂量不清在別人心裡的位置,2025-04-22 19:51,他們說忘記就不會痛苦,走不出去的感覺
ref1uxsad,ref1uxsad,原來你許下的誓言 是讓我從此一個人,2025-04-22 19:46,他們說忘記就不會痛苦,走不出去的感覺
ref1uxsad,ref1uxsad,我們回不到過去了嗎,2025-04-22 19:45,他們說忘記就不會痛苦,走不出去的感覺
ref1uxsad,ref1uxsad,如果用承諾綁住一個人 那太殘忍了 所以我放你走,2025-04-22 19:44,他們說忘記就不會痛苦,走不出去的感覺
ref1uxsad,ref1uxsad,和你分手一個禮拜了 現在看時間還是能知道你在做什麼,2025-04-22 19:42,他們說忘記就不會痛苦,走不出去的感覺
ref1uxsad,ref1uxsad,愛過了就不遺憾,2025-04-22 19:41,他們說忘記就不會痛苦,走不出去的感覺
ref1uxsad,ref1uxsad,我會忍住不去打擾你的,2025-04-22 19:34,他們說忘記就不會痛苦,走不出去的感覺
ref1uxsad,ref1uxsad,為什麼我沒有好好珍惜跟你在一起的時光,2025-04-22 19:31,他們說忘記就不會痛苦,走不出去的感覺
ref1uxsad,ref1uxsad,記住了你的生日才發現我們根本走不到那一天,2025-04-22 19:11,他們說忘記就不會痛苦,走不出去的感覺
ref1uxsad,ref1uxsad,好想回到我們分開的前一天,2025-04-22 19:10,他們說忘記就不會痛苦,走不出去的感覺
ref1uxsad,ref1uxsad,可是你要我怎樣忘記你 留給我的回憶,2025-04-22 19:05,他們說忘記就不會痛苦,走不出去的感覺
ref1uxsad,ref1uxsad,什麼是愛 於是我想起了我們初次見面的拘謹和聊到凌晨的通話,2025-04-22 18:51,他們說忘記就不會痛苦,走不出去的感覺
ref1uxsad,ref1uxsad,希望某一天有人能夠懂我的反話,2025-04-22 18:47,他們說忘記就不會痛苦,走不出去的感覺
ref1uxsad,ref1uxsad,現在想你了只能盯著我們的聊天室發呆,2025-04-22 18:36,他們說忘記就不會痛苦,走不出去的感覺
ref1uxsad,ref1uxsad,沒有我你也無所謂,2025-04-22 11:05,他們說忘記就不會痛苦,走不出去的感覺
ref1uxsad,ref1uxsad,早安 起床看到手機沒有你的訊息我還是很不習慣,2025-04-22 06:35,他們說忘記就不會痛苦,走不出去的感覺
ref1uxsad,ref1uxsad,如果睡覺能忘掉一切煩惱 那晚安,2025-04-22 01:09,他們說忘記就不會痛苦,走不出去的感覺
ref1uxsad,ref1uxsad,希望你不要認識新的人,2025-04-21 23:56,他們說忘記就不會痛苦,走不出去的感覺
ref1uxsad,ref1uxsad,你以前不是這樣的 你說過你最愛我了,2025-04-21 23:55,他們說忘記就不會痛苦,走不出去的感覺
ref1uxsad,ref1uxsad,好想再聽你說一次我愛你,2025-04-21 19:55,他們說忘記就不會痛苦,走不出去的感覺
ref1uxsad,ref1uxsad,我們終於把這份感情給耗盡了 我終於不用跟你爭得喋喋不休了 你開心嗎,2025-04-21 19:46,他們說忘記就不會痛苦,走不出去的感覺
ref1uxsad,ref1uxsad,我好想你 但我們已經無話可說了,2025-04-21 19:39,他們說忘記就不會痛苦,走不出去的感覺
ref1uxsad,ref1uxsad,還可以打電話給你嗎,2025-04-21 19:24,他們說忘記就不會痛苦,走不出去的感覺
ref1uxsad,ref1uxsad,那時候總以為分開是因為沒溝通好 其實只是沒愛了,2025-04-21 19:21,他們說忘記就不會痛苦,走不出去的感覺
ref1uxsad,ref1uxsad,愛讓人像瘋子,2025-04-21 19:18,他們說忘記就不會痛苦,走不出去的感覺
ref1uxsad,ref1uxsad,我以後再也不會問你 你在幹嘛了,2025-04-21 19:18,他們說忘記就不會痛苦,走不出去的感覺
ref1uxsad,ref1uxsad,說不定少了我 你的生活會更開心更自由吧,2025-04-21 19:17,他們說忘記就不會痛苦,走不出去的感覺
ref1uxsad,ref1uxsad,想你的時候 我會翻翻以前的聊天記錄 看看你說的話 聽聽你的語音 就像是你又愛了我一遍,2025-04-21 19:16,他們說忘記就不會痛苦,走不出去的感覺
ref1uxsad,ref1uxsad,我想我不會再那麼勇敢的去喜歡上一個人,2025-04-21 19:09,他們說忘記就不會痛苦,走不出去的感覺
ref1uxsad,ref1uxsad,你把離別講的好輕鬆 像是可有可無的樣子,2025-04-21 19:08,他們說忘記就不會痛苦,走不出去的感覺
ref1uxsad,ref1uxsad,以前下課時 總能看到你一條一條的回覆我嘰嘰喳喳的碎念,2025-04-21 19:04,他們說忘記就不會痛苦,走不出去的感覺
ref1uxsad,ref1uxsad,你會想我嗎,2025-04-21 19:01,他們說忘記就不會痛苦,走不出去的感覺
ref1uxsad,ref1uxsad,人生若只如初見,2025-04-21 19:00,他們說忘記就不會痛苦,走不出去的感覺
ref1uxsad,ref1uxsad,為什麼你可以那麼絕情,2025-04-21 18:58,他們說忘記就不會痛苦,走不出去的感覺
ref1uxsad,ref1uxsad,後來你沒有回我最後一條訊息 我也沒有繼續打擾你,2025-04-21 18:58,他們說忘記就不會痛苦,走不出去的感覺
ref1uxsad,ref1uxsad,想和你斷了聯繫 又怕真的沒交集,2025-04-21 18:53,他們說忘記就不會痛苦,走不出去的感覺
ref1uxsad,ref1uxsad,原來你不在我的置頂之後 已經在那麼下面了,2025-04-21 18:51,他們說忘記就不會痛苦,走不出去的感覺
ref1uxsad,ref1uxsad,你總說你離不開我 可直到分開時 我也沒感覺到你的不捨,2025-04-21 18:43,他們說忘記就不會痛苦,走不出去的感覺
ref1uxsad,ref1uxsad,原來人不能太過依賴一個人,2025-04-21 18:39,他們說忘記就不會痛苦,走不出去的感覺
ref1uxsad,ref1uxsad,我可能早就知道你的答案了 是我不願意放手,2025-04-21 06:37,他們說忘記就不會痛苦,走不出去的感覺
ref1uxsad,ref1uxsad,我的訊息難回到你寧願打遊戲打到睡覺 也不願意回,2025-04-21 06:36,他們說忘記就不會痛苦,走不出去的感覺
ref1uxsad,ref1uxsad,沒有我的晚安 你不想我嗎,2025-04-21 00:09,他們說忘記就不會痛苦,走不出去的感覺
ref1uxsad,ref1uxsad,我睡不著 我想你了,2025-04-21 00:05,他們說忘記就不會痛苦,走不出去的感覺
ref1uxsad,ref1uxsad,謝謝你 人的眼淚 果然不會只為幸福而流,2025-04-20 23:48,他們說忘記就不會痛苦,走不出去的感覺
ref1uxsad,ref1uxsad,我們好像只短暫的出現在對方的生命裡 說了一些看起來很重要的話 又匆忙的離開,2025-04-20 23:45,他們說忘記就不會痛苦,走不出去的感覺
ref1uxsad,ref1uxsad,我搞不明白 為什麼人總是變得那麼快,2025-04-20 22:05,他們說忘記就不會痛苦,走不出去的感覺
ref1uxsad,ref1uxsad,直到現在我才明白 世上沒有絕對不會斷的羈絆,2025-04-20 21:43,他們說忘記就不會痛苦,走不出去的感覺
ref1uxsad,ref1uxsad,你總以為我的世界很大 其實你不在的時候 我都是一個人,2025-04-20 21:37,他們說忘記就不會痛苦,走不出去的感覺
ref1uxsad,ref1uxsad,也許你會遇到比我好的人,2025-04-20 18:10,他們說忘記就不會痛苦,走不出去的感覺
ref1uxsad,ref1uxsad,如果你也捨不得我就好了,2025-04-20 10:11,他們說忘記就不會痛苦,走不出去的感覺
ref1uxsad,ref1uxsad,你凌晨三點睡的原因 再也不是因為陪我打電話,2025-04-20 00:50,他們說忘記就不會痛苦,走不出去的感覺
ref1uxsad,ref1uxsad,困在原地的是我,2025-04-20 00:40,他們說忘記就不會痛苦,走不出去的感覺
ref1uxsad,ref1uxsad,沒有我 也影響不了你的生活,2025-04-20 00:37,他們說忘記就不會痛苦,走不出去的感覺
ref1uxsad,ref1uxsad,如果你也會難過的話 我們早就和好了,2025-04-19 20:44,他們說忘記就不會痛苦,走不出去的感覺
ref1uxsad,ref1uxsad,我們不會和好了,2025-04-19 20:13,他們說忘記就不會痛苦,走不出去的感覺
ref1uxsad,ref1uxsad,算了 沒關係,2025-04-19 17:04,他們說忘記就不會痛苦,走不出去的感覺
ref1uxsad,ref1uxsad,我控制不好我那忽好忽壞的爛情緒 所以總是對你說違心的話,2025-04-19 15:13,他們說忘記就不會痛苦,走不出去的感覺
ref1uxsad,ref1uxsad,當初截圖的目的 是和朋友炫耀 直到後來這些截圖成了最痛的回憶,2025-04-19 15:05,他們說忘記就不會痛苦,走不出去的感覺
ref1uxsad,ref1uxsad,和我分手你好像一點都不難過,2025-04-19 08:50,他們說忘記就不會痛苦,走不出去的感覺
ref1uxsad,ref1uxsad,那時候我問你 我們分開了怎麼辦 你總說我們不會分開,2025-04-18 22:35,他們說忘記就不會痛苦,走不出去的感覺
ref1uxsad,ref1uxsad,我常常告訴自己一個人也可以 但我的眼淚告訴我 我好想你,2025-04-18 19:45,他們說忘記就不會痛苦,走不出去的感覺
ref1uxsad,ref1uxsad,承諾說出口的瞬間 或許我們都想過永遠,2025-04-18 19:38,他們說忘記就不會痛苦,走不出去的感覺
ref1uxsad,ref1uxsad,我以為離開就不痛了 後來發現思念更痛,2025-04-18 08:59,他們說忘記就不會痛苦,走不出去的感覺
ref1uxsad,ref1uxsad,你會恨我吧 我果然不是一個好人,2025-04-18 01:12,他們說忘記就不會痛苦,走不出去的感覺
ref1uxsad,ref1uxsad,我好後悔,2025-04-18 01:06,他們說忘記就不會痛苦,走不出去的感覺
ref1uxsad,ref1uxsad,我騙你的 其實我根本沒放下你 我也沒有很開心 罵你的話都是假的 分開那晚我睡的很晚很晚 我說了違心的話 我真的一點都不想讓你離開,2025-04-18 01:03,他們說忘記就不會痛苦,走不出去的感覺
ref1uxsad,ref1uxsad,你不要我了嗎,2025-04-18 00:56,他們說忘記就不會痛苦,走不出去的感覺
ref1uxsad,ref1uxsad,"我們總用離開和那些傷人的話來刺激對方 
直到那些話終於贏了我們所有美好時光",2025-04-17 18:34,他們說忘記就不會痛苦,走不出去的感覺
ref1uxsad,ref1uxsad,你看起來不需要我了,2025-04-16 23:58,他們說忘記就不會痛苦,走不出去的感覺
ref1uxsad,ref1uxsad,不要哭 沒人能安慰你,2025-04-16 23:54,他們說忘記就不會痛苦,走不出去的感覺
ref1uxsad,ref1uxsad,"16歲 我不太懂愛
我以為愛是陪我徹夜長談
是陪我打電話到了深夜也捨不得掛斷
是陪我打遊戲 即使輸了也不會怪我
是有說不盡的甜言蜜語
我以為這就是愛",2025-04-16 21:49,他們說忘記就不會痛苦,走不出去的感覺
ref1uxsad,ref1uxsad,當失去已成既定的事實 釋懷只是自欺的止痛藥,2025-04-16 20:24,他們說忘記就不會痛苦,走不出去的感覺
_.lu34n,林 妍 汝,如果都已經覺得活著很累了 繼續活著還有意義嗎,2025-12-04 22:02,"我只是在這裡發洩情緒
把想說的說出來而已 
我都只說實話的謝謝謝謝 喜歡可以按讚追蹤沒事的",走不出去的感覺
_.lu34n,林 妍 汝,"謝謝你陪了我八年 今年一過完就要九年了喔！
我們也從6歲玩到14歲啦～💕",2025-12-04 21:54,"我只是在這裡發洩情緒
把想說的說出來而已 
我都只說實話的謝謝謝謝 喜歡可以按讚追蹤沒事的",走不出去的感覺
_.lu34n,林 妍 汝,"謝謝哀居
讓我的圓形精選回來 但偷偷發佈其實不用不見欸真的麻煩你了 可以用回來嗎～",2025-12-04 21:26,"我只是在這裡發洩情緒
把想說的說出來而已 
我都只說實話的謝謝謝謝 喜歡可以按讚追蹤沒事的",走不出去的感覺
_.lu34n,林 妍 汝,什麼破哀居我的偷偷發佈呢,2025-12-04 21:26,"我只是在這裡發洩情緒
把想說的說出來而已 
我都只說實話的謝謝謝謝 喜歡可以按讚追蹤沒事的",走不出去的感覺
_.lu34n,林 妍 汝,可以不要移我的偷偷發佈嗎？,2025-12-04 21:10,"我只是在這裡發洩情緒
把想說的說出來而已 
我都只說實話的謝謝謝謝 喜歡可以按讚追蹤沒事的",走不出去的感覺
_.lu34n,林 妍 汝,幹還我偷偷發佈啦啦啦,2025-12-04 20:14,"我只是在這裡發洩情緒
把想說的說出來而已 
我都只說實話的謝謝謝謝 喜歡可以按讚追蹤沒事的",走不出去的感覺
_.lu34n,林 妍 汝,還我偷偷發佈,2025-12-04 20:14,"我只是在這裡發洩情緒
把想說的說出來而已 
我都只說實話的謝謝謝謝 喜歡可以按讚追蹤沒事的",走不出去的感覺
_.lu34n,林 妍 汝,"我討厭跟我當朋友
只是因為我還有利用價值而已",2025-12-03 21:26,"我只是在這裡發洩情緒
把想說的說出來而已 
我都只說實話的謝謝謝謝 喜歡可以按讚追蹤沒事的",走不出去的感覺
_.lu34n,林 妍 汝,"班上關係亂成一團
結果現在吃瓜吃到我自己身上了～",2025-12-03 20:22,"我只是在這裡發洩情緒
把想說的說出來而已 
我都只說實話的謝謝謝謝 喜歡可以按讚追蹤沒事的",走不出去的感覺
_.lu34n,林 妍 汝,欸為什麼我的脆都是什麼換iPhone 17,2025-12-03 20:21,"我只是在這裡發洩情緒
把想說的說出來而已 
我都只說實話的謝謝謝謝 喜歡可以按讚追蹤沒事的",走不出去的感覺
_.lu34n,林 妍 汝,好爽這次段考有人幫我墊底了,2025-12-03 19:58,"我只是在這裡發洩情緒
把想說的說出來而已 
我都只說實話的謝謝謝謝 喜歡可以按讚追蹤沒事的",走不出去的感覺
_.lu34n,林 妍 汝,有人要打耳洞嗎 我打的！,2025-12-03 19:49,"我只是在這裡發洩情緒
把想說的說出來而已 
我都只說實話的謝謝謝謝 喜歡可以按讚追蹤沒事的",走不出去的感覺
_.lu34n,林 妍 汝,"我今天在學校幫我同學打了兩個耳洞
他們當白老鼠 過一個月沒事的話
我覺得我可以去做生意了
一個洞100塊 😏😏",2025-12-03 19:00,"我只是在這裡發洩情緒
把想說的說出來而已 
我都只說實話的謝謝謝謝 喜歡可以按讚追蹤沒事的",走不出去的感覺
_.lu34n,林 妍 汝,我在上學路上 好累想睡覺可以邊走邊睡嗎,2025-12-02 07:37,"我只是在這裡發洩情緒
把想說的說出來而已 
我都只說實話的謝謝謝謝 喜歡可以按讚追蹤沒事的",走不出去的感覺
_.lu34n,林 妍 汝,開玩笑的,2025-12-02 07:32,"我只是在這裡發洩情緒
把想說的說出來而已 
我都只說實話的謝謝謝謝 喜歡可以按讚追蹤沒事的",走不出去的感覺
_.lu34n,林 妍 汝,我也想要穩穩的幸福 可惜我不夠漂亮,2025-12-01 22:29,"我只是在這裡發洩情緒
把想說的說出來而已 
我都只說實話的謝謝謝謝 喜歡可以按讚追蹤沒事的",走不出去的感覺
_.lu34n,林 妍 汝,我也想要穩穩的幸福 可惜我不夠漂亮,2025-12-01 22:28,"我只是在這裡發洩情緒
把想說的說出來而已 
我都只說實話的謝謝謝謝 喜歡可以按讚追蹤沒事的",走不出去的感覺
_.lu34n,林 妍 汝,明天又要面對那些破人破事,2025-12-01 01:48,"我只是在這裡發洩情緒
把想說的說出來而已 
我都只說實話的謝謝謝謝 喜歡可以按讚追蹤沒事的",走不出去的感覺
_.lu34n,林 妍 汝,半熟蛋很噁心⋯,2025-12-01 01:44,"我只是在這裡發洩情緒
把想說的說出來而已 
我都只說實話的謝謝謝謝 喜歡可以按讚追蹤沒事的",走不出去的感覺
_.lu34n,林 妍 汝,"小的時候總說：
我絕對不會打耳洞
現在：
打耳洞嗎 走啊那必須打",2025-12-01 01:43,"我只是在這裡發洩情緒
把想說的說出來而已 
我都只說實話的謝謝謝謝 喜歡可以按讚追蹤沒事的",走不出去的感覺
_.lu34n,林 妍 汝,"其實我在學校的情緒都是裝的
-
因為我怕你們討厭我",2025-12-01 01:37,"我只是在這裡發洩情緒
把想說的說出來而已 
我都只說實話的謝謝謝謝 喜歡可以按讚追蹤沒事的",走不出去的感覺
_.lu34n,林 妍 汝,"手上
的疤會不見 但傷害不會",2025-12-01 01:36,"我只是在這裡發洩情緒
把想說的說出來而已 
我都只說實話的謝謝謝謝 喜歡可以按讚追蹤沒事的",走不出去的感覺
_.lu34n,林 妍 汝,每天上學只剩下吃,2025-12-01 01:07,"我只是在這裡發洩情緒
把想說的說出來而已 
我都只說實話的謝謝謝謝 喜歡可以按讚追蹤沒事的",走不出去的感覺
_.lu34n,林 妍 汝,"耳朵听太多谎言了 所以再罚他一针
不知不覺就五個耳洞咯！",2025-11-30 19:55,"我只是在這裡發洩情緒
把想說的說出來而已 
我都只說實話的謝謝謝謝 喜歡可以按讚追蹤沒事的",走不出去的感覺
_.lu34n,林 妍 汝,其實我覺得被公審很爽欸,2025-11-30 13:46,"我只是在這裡發洩情緒
把想說的說出來而已 
我都只說實話的謝謝謝謝 喜歡可以按讚追蹤沒事的",走不出去的感覺
_.lu34n,林 妍 汝,垃圾就應該在垃圾桶啊別出來禍害別人了～,2025-11-30 13:40,"我只是在這裡發洩情緒
把想說的說出來而已 
我都只說實話的謝謝謝謝 喜歡可以按讚追蹤沒事的",走不出去的感覺
_.lu34n,林 妍 汝,我快笑死每個學校都說你們爛欸怎麼這樣,2025-11-30 13:40,"我只是在這裡發洩情緒
把想說的說出來而已 
我都只說實話的謝謝謝謝 喜歡可以按讚追蹤沒事的",走不出去的感覺
_.lu34n,林 妍 汝,垃圾就應該要在垃圾堆裏,2025-11-30 13:36,"我只是在這裡發洩情緒
把想說的說出來而已 
我都只說實話的謝謝謝謝 喜歡可以按讚追蹤沒事的",走不出去的感覺
_.lu34n,林 妍 汝,抱歉因為我不夠成熟 添麻煩了,2025-11-30 02:05,"我只是在這裡發洩情緒
把想說的說出來而已 
我都只說實話的謝謝謝謝 喜歡可以按讚追蹤沒事的",走不出去的感覺
_.lu34n,林 妍 汝,抱歉不是你喜歡的短髮內灣 好可惜,2025-11-30 02:01,"我只是在這裡發洩情緒
把想說的說出來而已 
我都只說實話的謝謝謝謝 喜歡可以按讚追蹤沒事的",走不出去的感覺
_.lu34n,林 妍 汝,冬天就是要吃冰,2025-11-30 01:59,"我只是在這裡發洩情緒
把想說的說出來而已 
我都只說實話的謝謝謝謝 喜歡可以按讚追蹤沒事的",走不出去的感覺
_.lu34n,林 妍 汝,桃園天空真的好米⋯,2025-11-30 01:57,"我只是在這裡發洩情緒
把想說的說出來而已 
我都只說實話的謝謝謝謝 喜歡可以按讚追蹤沒事的",走不出去的感覺
_.lu34n,林 妍 汝,其實我一直都明白,2025-11-30 00:52,"我只是在這裡發洩情緒
把想說的說出來而已 
我都只說實話的謝謝謝謝 喜歡可以按讚追蹤沒事的",走不出去的感覺
_.lu34n,林 妍 汝,我知道 聽再多也沒有用 所有事都回不去了,2025-11-30 00:47,"我只是在這裡發洩情緒
把想說的說出來而已 
我都只說實話的謝謝謝謝 喜歡可以按讚追蹤沒事的",走不出去的感覺
_.lu34n,林 妍 汝,桃園政府到底要奪窮垃圾袋現在也要收錢了很貴欸,2025-11-30 00:46,"我只是在這裡發洩情緒
把想說的說出來而已 
我都只說實話的謝謝謝謝 喜歡可以按讚追蹤沒事的",走不出去的感覺
_.lu34n,林 妍 汝,"每一段讓我失望的友情：
「 我會直接果斷斷捨離 然後哭難過 —> 慢慢放下 —> 徹底忘記無感 」 因為爛人不配在我身邊 斷捨離我會難過不過總比一個不適合的人在身邊好",2025-11-30 00:42,"我只是在這裡發洩情緒
把想說的說出來而已 
我都只說實話的謝謝謝謝 喜歡可以按讚追蹤沒事的",走不出去的感覺
_.lu34n,林 妍 汝,政府到底要奪窮 一個垃圾袋23塊？,2025-11-30 00:38,"我只是在這裡發洩情緒
把想說的說出來而已 
我都只說實話的謝謝謝謝 喜歡可以按讚追蹤沒事的",走不出去的感覺
_.lu34n,林 妍 汝,我也希望我能積極一點 但⋯發生的太多了抬不起頭,2025-11-29 23:58,"我只是在這裡發洩情緒
把想說的說出來而已 
我都只說實話的謝謝謝謝 喜歡可以按讚追蹤沒事的",走不出去的感覺
_.lu34n,林 妍 汝,"我不是很厲害的球員 在球隊裡我也只是個小卡拉米
我投籃不準 上籃會放槍 防守很爛很破常常跌倒我也想過放棄不打了很累不管怎樣我就是這個樣子爛啊我也自責過很多次那個自責不只是因為我害大家輸了 還有更多更多的是那些支持我的人 鼓勵我的人 因為我打得不好我覺得讓他們失望了沒達到他們的期望 因為沒有他們我也走不到現在
用這樣我才不會尷尬",2025-11-29 23:56,"我只是在這裡發洩情緒
把想說的說出來而已 
我都只說實話的謝謝謝謝 喜歡可以按讚追蹤沒事的",走不出去的感覺
_.lu34n,林 妍 汝,我不希望我把一切搞砸,2025-11-29 23:50,"我只是在這裡發洩情緒
把想說的說出來而已 
我都只說實話的謝謝謝謝 喜歡可以按讚追蹤沒事的",走不出去的感覺
_.lu34n,林 妍 汝,"我穿什麼
是因為我自己覺得好看喜歡 別拿你那骯髒的思想評價我",2025-11-29 23:35,"我只是在這裡發洩情緒
把想說的說出來而已 
我都只說實話的謝謝謝謝 喜歡可以按讚追蹤沒事的",走不出去的感覺
_.lu34n,林 妍 汝,羨慕眼睛好看的人 因為就算其他地方不好看也沒關係,2025-11-29 18:29,"我只是在這裡發洩情緒
把想說的說出來而已 
我都只說實話的謝謝謝謝 喜歡可以按讚追蹤沒事的",走不出去的感覺
_.lu34n,林 妍 汝,我快笑死 我朋友都變成平頭男了,2025-11-29 17:53,"我只是在這裡發洩情緒
把想說的說出來而已 
我都只說實話的謝謝謝謝 喜歡可以按讚追蹤沒事的",走不出去的感覺
_.lu34n,林 妍 汝,"我化妝
是給自己看的又不是給你們看的 憑什麼可以讓你們指指點點 我覺得我好看就是好看",2025-11-29 17:53,"我只是在這裡發洩情緒
把想說的說出來而已 
我都只說實話的謝謝謝謝 喜歡可以按讚追蹤沒事的",走不出去的感覺
_.lu34n,林 妍 汝,身心科是看什麼的,2025-11-29 12:35,"我只是在這裡發洩情緒
把想說的說出來而已 
我都只說實話的謝謝謝謝 喜歡可以按讚追蹤沒事的",走不出去的感覺
_.lu34n,林 妍 汝,噁心,2025-11-28 23:10,"我只是在這裡發洩情緒
把想說的說出來而已 
我都只說實話的謝謝謝謝 喜歡可以按讚追蹤沒事的",走不出去的感覺
_.lu34n,林 妍 汝,"國中我最討厭
體適能
像要了我的命一樣",2025-11-27 21:09,"我只是在這裡發洩情緒
把想說的說出來而已 
我都只說實話的謝謝謝謝 喜歡可以按讚追蹤沒事的",走不出去的感覺
_.lu34n,林 妍 汝,裝深情的人都很噁心,2025-11-27 00:23,"我只是在這裡發洩情緒
把想說的說出來而已 
我都只說實話的謝謝謝謝 喜歡可以按讚追蹤沒事的",走不出去的感覺
_.lu34n,林 妍 汝,"這輩子我做錯太多事了
下輩子還是改不了",2025-11-27 00:22,"我只是在這裡發洩情緒
把想說的說出來而已 
我都只說實話的謝謝謝謝 喜歡可以按讚追蹤沒事的",走不出去的感覺
_.lu34n,林 妍 汝,其實跟家人吵架完 我都會很內疚後悔,2025-11-27 00:21,"我只是在這裡發洩情緒
把想說的說出來而已 
我都只說實話的謝謝謝謝 喜歡可以按讚追蹤沒事的",走不出去的感覺
_.lu34n,林 妍 汝,"聯賽快到了
你的體育生朋友們 又要全部當平頭男啦😆",2025-11-27 00:20,"我只是在這裡發洩情緒
把想說的說出來而已 
我都只說實話的謝謝謝謝 喜歡可以按讚追蹤沒事的",走不出去的感覺
_.lu34n,林 妍 汝,下輩子再也不會打什麼籃球,2025-11-27 00:18,"我只是在這裡發洩情緒
把想說的說出來而已 
我都只說實話的謝謝謝謝 喜歡可以按讚追蹤沒事的",走不出去的感覺
_.lu34n,林 妍 汝,深情都給你裝就好了啊給你講,2025-11-27 00:11,"我只是在這裡發洩情緒
把想說的說出來而已 
我都只說實話的謝謝謝謝 喜歡可以按讚追蹤沒事的",走不出去的感覺
_.lu34n,林 妍 汝,如果你對每個人都那麼好 那我會討厭你,2025-11-27 00:09,"我只是在這裡發洩情緒
把想說的說出來而已 
我都只說實話的謝謝謝謝 喜歡可以按讚追蹤沒事的",走不出去的感覺
_.lu34n,林 妍 汝,"體育生
是不是都喜歡姐姐",2025-11-27 00:02,"我只是在這裡發洩情緒
把想說的說出來而已 
我都只說實話的謝謝謝謝 喜歡可以按讚追蹤沒事的",走不出去的感覺
_.lu34n,林 妍 汝,"迎合所有人
太難了",2025-11-27 00:01,"我只是在這裡發洩情緒
把想說的說出來而已 
我都只說實話的謝謝謝謝 喜歡可以按讚追蹤沒事的",走不出去的感覺
_.lu34n,林 妍 汝,我就是我 我沒辦法迎合所有人,2025-11-27 00:00,"我只是在這裡發洩情緒
把想說的說出來而已 
我都只說實話的謝謝謝謝 喜歡可以按讚追蹤沒事的",走不出去的感覺
_.lu34n,林 妍 汝,桃園最近的天空好漂亮啊～,2025-11-26 23:31,"我只是在這裡發洩情緒
把想說的說出來而已 
我都只說實話的謝謝謝謝 喜歡可以按讚追蹤沒事的",走不出去的感覺
_.lu34n,林 妍 汝,"天哪 深情
都給你裝就好了 我旁邊當渣渣",2025-11-26 23:29,"我只是在這裡發洩情緒
把想說的說出來而已 
我都只說實話的謝謝謝謝 喜歡可以按讚追蹤沒事的",走不出去的感覺
_.lu34n,林 妍 汝,越得不到認可 越沒有動力,2025-11-25 21:41,"我只是在這裡發洩情緒
把想說的說出來而已 
我都只說實話的謝謝謝謝 喜歡可以按讚追蹤沒事的",走不出去的感覺
_.lu34n,林 妍 汝,矮額有臉說別人 也不看看自己,2025-11-25 19:11,"我只是在這裡發洩情緒
把想說的說出來而已 
我都只說實話的謝謝謝謝 喜歡可以按讚追蹤沒事的",走不出去的感覺
_.lu34n,林 妍 汝,那你也是挺幸福喔,2025-11-25 00:13,"我只是在這裡發洩情緒
把想說的說出來而已 
我都只說實話的謝謝謝謝 喜歡可以按讚追蹤沒事的",走不出去的感覺
_.lu34n,林 妍 汝,我已經準備好要去看動物方程式了,2025-11-25 00:08,"我只是在這裡發洩情緒
把想說的說出來而已 
我都只說實話的謝謝謝謝 喜歡可以按讚追蹤沒事的",走不出去的感覺
_.lu34n,林 妍 汝,每場讓自己自責的比賽 我都覺得丟臉,2025-11-25 00:01,"我只是在這裡發洩情緒
把想說的說出來而已 
我都只說實話的謝謝謝謝 喜歡可以按讚追蹤沒事的",走不出去的感覺
_.lu34n,林 妍 汝,所有品牌裡面我覺得Dior 更勝一籌🩷🩷,2025-11-21 18:52,"我只是在這裡發洩情緒
把想說的說出來而已 
我都只說實話的謝謝謝謝 喜歡可以按讚追蹤沒事的",走不出去的感覺
_.lu34n,林 妍 汝,哎呀同個學校的難怪都一樣不是什麼好東西😆,2025-11-21 18:42,"我只是在這裡發洩情緒
把想說的說出來而已 
我都只說實話的謝謝謝謝 喜歡可以按讚追蹤沒事的",走不出去的感覺
_yyyx.08,_yyyx.08,"人在痛苦的時候會下意識說出：「
我要回家
」",2025-11-25 19:34,美乃滋和紅豆,走不出去的感覺
_yyyx.08,_yyyx.08,"⠀⠀ ⠀⠀ ⠀⠀ ⠀⠀ ⠀⠀ ⠀⠀ ⠀⠀ 
說盡傷人的話後我發現我還愛你
⠀⠀ ⠀⠀ ⠀⠀ ⠀⠀ ⠀⠀ ⠀⠀ ⠀⠀",2025-11-25 18:29,美乃滋和紅豆,走不出去的感覺
_yyyx.08,_yyyx.08,"⠀⠀ ⠀⠀ ⠀⠀ ⠀⠀ ⠀⠀ ⠀
我不是暈船 只是剛好很喜歡很喜歡你
⠀⠀ ⠀⠀ ⠀⠀ ⠀⠀ ⠀⠀ ⠀",2025-11-24 16:27,美乃滋和紅豆,走不出去的感覺
_yyyx.08,_yyyx.08,"很喜歡這段話：
「
回憶就像是在懲罰每個念舊的人
」",2025-11-23 21:24,美乃滋和紅豆,走不出去的感覺
_yyyx.08,_yyyx.08,年輕時候的熬夜是媽媽給我的本錢,2025-11-23 16:50,美乃滋和紅豆,走不出去的感覺
_yyyx.08,_yyyx.08,"和我當朋友的四個好處：
1.我長得醜 沒人跟你搶
2.我們站在一起顯得你好看
3.我有時候蠻好笑的
4.我他媽的求求你了",2025-11-23 12:04,美乃滋和紅豆,走不出去的感覺
_yyyx.08,_yyyx.08,"⠀⠀ ⠀⠀
⠀⠀ ⠀⠀
⠀⠀ ⠀⠀ ⠀⠀這個世界好沒意思呀
⠀⠀ ⠀⠀
⠀⠀ ⠀⠀",2025-11-23 01:17,美乃滋和紅豆,走不出去的感覺
_yyyx.08,_yyyx.08,"⠀⠀ ⠀
⠀⠀ ⠀⠀ 
 ⠀⠀晚安 我的愛人
⠀⠀ ⠀⠀
⠀⠀ ⠀⠀",2025-11-23 00:39,美乃滋和紅豆,走不出去的感覺
_yyyx.08,_yyyx.08,很想你又怎樣 你又不會回來,2025-11-22 23:17,美乃滋和紅豆,走不出去的感覺
_yyyx.08,_yyyx.08,"⠀⠀ ⠀⠀
⠀⠀
⠀緣分就像冰塊 握在手裡就會融化.
⠀⠀
⠀⠀",2025-11-20 16:22,美乃滋和紅豆,走不出去的感覺
_yyyx.08,_yyyx.08,"⠀⠀ 
 笨蛋 你最可愛了
⠀⠀",2025-11-18 16:12,美乃滋和紅豆,走不出去的感覺
_yyyx.08,_yyyx.08,當你想對一個人好的時候 先對自己好,2025-11-17 20:33,美乃滋和紅豆,走不出去的感覺
_yyyx.08,_yyyx.08,你遲來的深情比什麼都賤,2025-11-13 21:17,美乃滋和紅豆,走不出去的感覺
_yyyx.08,_yyyx.08,如果你也想被傷害一次那你繼續靠近他沒關係,2025-11-12 22:09,美乃滋和紅豆,走不出去的感覺
here_and_there66,here and there這裡那裡,"竟然真的有方法可以 1 分鐘內快速入睡！？😳💤
如果你跟我一樣，晚上非要玩到手機砸臉才肯睡🥱
閉上眼就是腦袋狂轉停不下來🧠💭
以前我 10 點上床能拖到 2、3 點都還醒著，越睡不著越焦慮…
但！！用了這個方法我竟然真的秒睡！！！
分享給我那個失眠多年的朋友她也直接跪了，說太有用了～
拜託一定要試試，依你失眠的程度照順序來！真的有救！！🙌✨
—
#快速入睡 #改善睡眠 #失眠自救 #睡不著怎麼辦 #失眠焦慮 #健康睡眠 #助眠小技巧 #晚安好入眠 #大腦停不下來 #焦慮型失眠 #晚上睡不著白天起不來 #睡前儀式感 #失眠星人日記 #冥想入睡 #呼吸放鬆法 #躺平救星 #秒睡真的存在 #腦袋一關就睡著 #睡前放空練習 #晚睡自救計劃 #我的助眠日常 #拯救夜貓子 #心理放鬆法 #無壓力入睡 #拯救熬夜人 #好好睡個覺 #生活質感提升 #晚安儀式 #腦內安靜計畫 #自律與好眠並行",2025-04-14 23:59,"韓國鞋.真皮鞋代購｜各式好物選品店✦
♡蝦皮5星賣家。闆娘用心經營
♡ 探索穿搭靈感、美妝流行、質感生活
🎀 關注我們，一起優雅變美吧！
———————————————————
♥Online shop ↓
蝦皮 @britt.chen99",嗜睡
here_and_there66,here and there這裡那裡,"沒想到我只是默默練臀，
髖關節打開了、假胯寬縮了、腿也變直了！
整個下半身線條都不一樣了耶～🔥🧘‍♀️
以前一直以為是骨架問題，
原來很多都是姿勢＋肌肉失衡造成的！
居家練習一段時間真的有差，
梨形女孩或小腿外翻的可以跟我一起練！
—
#居家訓練 #直腿養成 #梨形身材改善 #假胯寬救星 #臀型調整 #小腿外翻矯正 #體態訓練 #骨盆歪斜改善 #腿型矯正計畫 #改善駝背體態 #拉伸也能變直腿 #美腿日常 #瘦腿練起來 #腿型線條養成 #女生下半身煩惱 #在家也能練出線條 #體態真的能改變 #動作重複有效果 #運動習慣養成 #美腿計畫 #打開髖關節 #拉筋也能塑形 #身形比例變好了 #小腿不外翻了 #我和我的體態改造 #健身筆記 #訓練日常分享 #練臀不等於變壯 #女生也該練髖 #身體越來越順眼
_
影片來源📕一只鐵梨",2025-04-10 22:50,"韓國鞋.真皮鞋代購｜各式好物選品店✦
♡蝦皮5星賣家。闆娘用心經營
♡ 探索穿搭靈感、美妝流行、質感生活
🎀 關注我們，一起優雅變美吧！
———————————————————
♥Online shop ↓
蝦皮 @britt.chen99",嗜睡
here_and_there66,here and there這裡那裡,"不誇張！這三款免膠假睫毛真的沒有平替‼️
貼上直接氛圍感拉滿，眼神靈動到像漫畫角色！
—
✨ 免膠睫毛三款推薦 ✨
每一款都是親自試過、貼過、愛爆！
🐿️ 美鼠了｜單眼皮＆泡泡眼救星！
根根分明＋自然放大感，韓系氛圍一秒到位～
🕊️ 鳥啾啾｜清新白開水妝必備！
清透感＋自然上揚，眼神溫柔不做作！
🦊 狐白白｜冷感系女孩收下這款！
拉長型睫毛＋細緻翹度，氣場直接拉滿！
—
目前這三款都已經幫大家準備好囉～
喜歡哪一款都可以直接私訊我們❤️
—
#假睫毛 #免膠假睫毛 #假睫毛推薦 #心願先生假睫毛 #心願先生 #女團同款睫毛 #白開水妝感 #清冷系妝容 #漫畫眼睫毛 #自然放大眼 #韓系根根分明 #假睫毛也能很自然 #睫毛日常 #眼妝小心機 #睫毛無膠也能黏 #輕鬆變美日常 #手殘友善美妝 #免膠睫毛推薦 #睫毛貼起來像天生的 #化妝不用再忍睫毛膠 #單眼皮妝容推薦 #眼神升級神器 #清透感睫毛 #貼過回不去系列 #睫毛也要風格化 #自然系放大片 #睫毛貼法教學 #睫毛貼對氣場加倍 #眼妝儀式感 #心願先生系列推薦",2025-04-10 19:29,"韓國鞋.真皮鞋代購｜各式好物選品店✦
♡蝦皮5星賣家。闆娘用心經營
♡ 探索穿搭靈感、美妝流行、質感生活
🎀 關注我們，一起優雅變美吧！
———————————————————
♥Online shop ↓
蝦皮 @britt.chen99",嗜睡
here_and_there66,here and there這裡那裡,"🌟 早八人的快樂午餐來了！
🍱 輕食便當｜便當＋點心＋蔬果汁一次滿足～
今天的打工人便當內容有：
✔️ 自製糯燕麥小餅乾 🍪
✔️ 清爽沙拉 🥗
✔️ 營養蔬果汁 🧋
這組合真的超級療癒，不用早起也能吃得健康又豐富！
這份沙拉我可以連續吃一週！超喜歡～
一邊吃一邊覺得自己很健康☺️
—
#帶飯上班 #打工人帶飯 #今日便當 #一人食吃什麼 #便當日常分享 #燕麥餅乾 #桂格糯燕麥 #蒸糯燕麥好吃 #高纖低卡小點心 #糯糯系甜點 #健康便當提案 #輕食便當日記 #上班族便當靈感 #減脂也能吃點甜 #元氣下午茶 #甜點也能無負擔 #燕麥甜點推薦 #生活小確幸 #早八人午餐救星 #不早起也能吃得好 #自製點心不複雜 #健康甜點自己做 #便當也要有儀式感 #吃飽也吃巧 #元氣果蔬汁 #每日午餐分享 #營養均衡日常 #甜點控日常 #自帶小幸福的便當 #工作日也要好好吃
-
影片來源📕kk輕食日記",2025-04-10 12:08,"韓國鞋.真皮鞋代購｜各式好物選品店✦
♡蝦皮5星賣家。闆娘用心經營
♡ 探索穿搭靈感、美妝流行、質感生活
🎀 關注我們，一起優雅變美吧！
———————————————————
♥Online shop ↓
蝦皮 @britt.chen99",嗜睡
here_and_there66,here and there這裡那裡,"｜鹹蛋黃起司醬｜
・鹹蛋黃（已烤熟）：50g
・奶油：104g
・糖：25g
・玉米澱粉：4g
・奶粉：7g
・黃金起司粉：15g
・起司片：16g
・奶油（融化用）：4g
—
｜巴斯克起司糊｜
・奶油起司：250g
・糖：40g
・玉米澱粉：7g
・常溫雞蛋：2顆
・常溫牛奶：15g
・常溫鮮奶油：110g
—
#烘焙日記 #在家做甜點 #芝士蛋糕 #巴斯克蛋糕 #芋泥控 #芋泥甜點 #麻糬控 #爆漿控集合 #甜點控日常 #糯叽叽 #療癒系甜點 #層層堆疊的美味 #自製甜品也能超高級 #咸蛋黃控 #巴斯克也能變花樣 #厚實系甜點 #甜點食譜分享 #芋頭愛好者 #我的宅家烘焙 #起司控的天堂 #濃郁系甜點 #鹹甜口感剛剛好 #烤箱甜點提案 #假日甜點計畫 #一人甜點日記 #甜點也要有驚喜 #手作蛋糕推薦 #熱熱吃超療癒 #甜點口感多層次 #被誇到不好意思了
-
影片來源📕我是楊羊洋",2025-04-10 00:54,"韓國鞋.真皮鞋代購｜各式好物選品店✦
♡蝦皮5星賣家。闆娘用心經營
♡ 探索穿搭靈感、美妝流行、質感生活
🎀 關注我們，一起優雅變美吧！
———————————————————
♥Online shop ↓
蝦皮 @britt.chen99",嗜睡
here_and_there66,here and there這裡那裡,"我真的做出完美的鬆餅了～🥞✨
平底鍋就能完成！香香甜甜、鬆軟又療癒，
搭配一杯熱茶，下午茶直接升級～
小提醒：牛奶要加 160ml，字幕那邊不小心漏掉了～
記得補上才不會太乾唷！
—
#爆款美食 #下午茶時間到 #一人食吃什麼 #鬆餅捏捏 #平底鍋甜點 #簡單甜點食譜 #我的鬆餅日記 #療癒系下午茶 #自製鬆餅 #日常甜點提案 #甜點也能簡單做 #在家做點心 #週末吃點甜的 #一人甜點計畫 #小資甜點生活 #鬆軟甜點分享 #熱鍋小點心 #平底鍋快速料理 #甜點不求人 #下午茶我自己來 #食材簡單好上手 #無烤箱甜點 #牛奶甜點控 #甜點也有儀式感 #生活的甜甜部分 #鬆餅做法分享 #少女心甜點 #可可愛愛甜點日常 #吃甜食不罪惡 #自製幸福小點心
-
影片來源📕桃子的早餐",2025-04-09 16:12,"韓國鞋.真皮鞋代購｜各式好物選品店✦
♡蝦皮5星賣家。闆娘用心經營
♡ 探索穿搭靈感、美妝流行、質感生活
🎀 關注我們，一起優雅變美吧！
———————————————————
♥Online shop ↓
蝦皮 @britt.chen99",嗜睡
here_and_there66,here and there這裡那裡,"👶 更適合台灣胃的減脂餐
🍱 減脂便當 ｜番茄土豆燉牛肋條來囉！
這道真的超級滿足～
湯汁濃郁、牛肉軟爛入味、番茄香氣也很剛好 🍅🥔🥩
拌飯吃根本停不下來，完全是減脂期的快樂源泉！
小提醒：可以前一晚先燉好牛肋條，
早上只要加熱裝便當，出門更有效率～
—
#一人食吃什麼 #打工人帶飯 #今日便當 #減肥食譜分享 #減脂餐打卡 #減脂便當 #低脂低卡 #番茄土豆燉牛肋條 #營養便當提案 #自煮便當分享 #上班族帶飯 #便當也能好好吃 #快速料理小技巧 #牛肉料理日常 #懶人也能吃得健康 #減脂也能吃得飽 #我的減脂便當日記 #健康飲食生活 #便當控分享 #一鍋到底省時料理 #料理也要儀式感 #三餐都要好好吃 #自律生活記錄 #膳食平衡日常 #低卡高蛋白便當 #減脂晚餐推薦 #好吃又有飽足感 #生活就是吃得開心 #小資便當靈感 #健康美味不將就
-
影片來源📕kk輕食日記",2025-04-09 16:03,"韓國鞋.真皮鞋代購｜各式好物選品店✦
♡蝦皮5星賣家。闆娘用心經營
♡ 探索穿搭靈感、美妝流行、質感生活
🎀 關注我們，一起優雅變美吧！
———————————————————
♥Online shop ↓
蝦皮 @britt.chen99",嗜睡
here_and_there66,here and there這裡那裡,"到底怎麼可以聰明成這樣啦！！
誰發明這個切菜神技，我直接 Respect🫡🔪
根本就是料理界的 BUG！用一次就愛上！
每次切菜都崩潰的人，快跟我一起走向幸福～
—
#聰明小物 #料理神器 #切菜機 #今天吃什麼呢 #生活智慧王 #小工具大救星 #懶人料理救星 #料理也能很快樂 #有點東西在的 #實用小工具分享 #辦法總比困難多 #家事也要有效率 #誰發明的我請他吃飯 #料理小幫手 #我就是要少洗一個碗 #不動腦料理術 #簡單也能有儀式感 #居家小確幸 #效率加倍生活感 #爆笑生活小物 #買了完全不後悔 #日常也能有驚喜 #廚房革命 #生活就是要聰明一點 #我的生活好物 #我被這台切菜機打敗了 #生活儀式感工具 #廚房懶人救星 #笑著過生活 #有創意真的贏
-
影片來源📕樂樂的小飯桌",2025-04-08 21:28,"韓國鞋.真皮鞋代購｜各式好物選品店✦
♡蝦皮5星賣家。闆娘用心經營
♡ 探索穿搭靈感、美妝流行、質感生活
🎀 關注我們，一起優雅變美吧！
———————————————————
♥Online shop ↓
蝦皮 @britt.chen99",嗜睡
here_and_there66,here and there這裡那裡,"🌟 早八女孩的快手早午餐｜🍱 輕食便當
今天準備的是吃不膩的懶人中式沙拉 🥗
搭配一份快手三明治當早餐 🥪
吐司選用的是 高纖全麥吐司，
配料簡單、吃起來更清爽無負擔～
富含膳食纖維，飽足感也很有感，
不囉嗦，一早就能吃得營養又滿足！
—
#打工人帶飯 #上班族便當 #一人食吃什麼 #簡單美食 #快速早餐提案 #低脂低卡 #全麥高纖吐司 #高纖美味無負擔 #快速便當日記 #早八日常 #早餐也要營養 #便當控日記 #健康吃也能快樂 #我的輕食便當 #三明治便當 #早餐新提案 #自備便當最安心 #吃得清爽一整天 #營養不複雜 #上班族吃什麼 #清爽食材搭配 #簡單帶便當 #低卡午餐提案 #便當也要顏值 #生活儀式感 #全麥吐司料理 #膳食纖維補起來 #今天便當有點好吃 #早餐吃得滿足
-
影片來源📕kk輕食日記",2025-04-08 19:30,"韓國鞋.真皮鞋代購｜各式好物選品店✦
♡蝦皮5星賣家。闆娘用心經營
♡ 探索穿搭靈感、美妝流行、質感生活
🎀 關注我們，一起優雅變美吧！
———————————————————
♥Online shop ↓
蝦皮 @britt.chen99",嗜睡
here_and_there66,here and there這裡那裡,"💰 存錢｜我唯一的信念感就是：
要！存！很！多！很！多！的！錢！！✨
因為存款真的是萬能的啊～
比戀愛還踏實，比甜點還療癒🥰
每天吃飯不只是填飽肚子，更是為了存錢而活！🍚🥢
—
#存錢 #存錢打卡 #存錢大作戰 #存款自由 #一人食 #今天吃什麼呢 #熱氣騰騰的三餐 #自律日常 #簡單生活 #日常分享 #記帳生活 #生活儀式感 #省錢日記 #精緻窮生活 #存錢也能很快樂 #一人生活也要好好吃 #平凡但有方向 #吃飯打卡 #晚餐記錄 #飯桌小確幸 #節省生活 #存錢也要儀式感 #財富自由進行中 #生活慢慢過 #記錄生活每一餐 #自煮日常 #努力生活中 #飯比人先富起來 #可愛也要有存款 #慢慢存錢不焦慮
-
影片來源📕我還能存",2025-04-02 12:35,"韓國鞋.真皮鞋代購｜各式好物選品店✦
♡蝦皮5星賣家。闆娘用心經營
♡ 探索穿搭靈感、美妝流行、質感生活
🎀 關注我們，一起優雅變美吧！
———————————————————
♥Online shop ↓
蝦皮 @britt.chen99",嗜睡
here_and_there66,here and there這裡那裡,"天啊啊啊這腮紅也太好用了吧！！
我剛隨便一抹就被嚇到…怎麼這麼服貼？！
融～進～皮～膚～裡！！不是浮在表面的那種耶🥹🍑
顏色也是我愛的淡淡紅潤感，超自然、超像天生的！
懶得化妝的時候擦這個就有氣色，超級加分💘
這到底是什麼神仙東西啦！！
—
#aztk腮紅 #液體腮紅 #一抹驚艷 #自然到像天生 #誰懂啊家人 #被拿捏住了 #偽素顏必備 #腮紅控暴動 #好感臉頰 #彩妝自由感 #臉頰融化了 #氣色好騙人 #斷捨離留它 #彩妝驚喜感 #融膚腮紅 #化妝包新寵 #超自然妝感 #上臉秒服貼 #彩妝小驚艷 #日常化妝碎念 #腮紅也能這麼讚 #我沒在誇張 #妝容小確幸 #彩妝控日常 #心頭好爆擊 #彩妝驚呼時刻 #試一次就懂 #無痛上妝神器 #美到語塞 #這不是廣告我是真的嚇到
-
影片來源📕擺爛鹹魚",2025-04-02 12:24,"韓國鞋.真皮鞋代購｜各式好物選品店✦
♡蝦皮5星賣家。闆娘用心經營
♡ 探索穿搭靈感、美妝流行、質感生活
🎀 關注我們，一起優雅變美吧！
———————————————————
♥Online shop ↓
蝦皮 @britt.chen99",嗜睡
here_and_there66,here and there這裡那裡,"🍓 開發我的微波爐 1% 潛力｜酸甜熱飲大成功！
冬天真的超適合來一杯酸酸甜甜的熱飲～
香香暖暖的味道超療癒，而且！
意外解鎖了快速版草莓醬做法，真的超方便！
一杯自製小熱飲，幸福值直接拉滿～☕️💗
—
#微波爐 #微波爐美食 #微波爐熱飲 #草莓醬 #美食日常 #微波爐推薦 #自製飲品 #冬日熱飲 #懶人甜品 #微波爐料理 #草莓控的快樂 #喝一口就暖了 #自煮生活 #微波爐實用技巧 #簡單飲品食譜 #一人食也要儀式感 #冬日儀式感 #暖呼呼飲品 #神仙飲品分享 #自製草莓熱飲 #果醬也能用微波爐 #微波爐神操作 #自製低卡飲品 #小廚房日常 #甜而不膩剛剛好 #生活小發現 #居家美食研究所 #冬季限定飲品 #草莓季開始了 #微波爐加熱不無聊
-
影片來源📕不想起床",2025-04-01 22:10,"韓國鞋.真皮鞋代購｜各式好物選品店✦
♡蝦皮5星賣家。闆娘用心經營
♡ 探索穿搭靈感、美妝流行、質感生活
🎀 關注我們，一起優雅變美吧！
———————————————————
♥Online shop ↓
蝦皮 @britt.chen99",嗜睡
here_and_there66,here and there這裡那裡,"🍱 減脂便當 ｜更適合亞洲寶寶的低脂冷麵來啦～👶💪
這個低脂版韓式拌冷麵真的太好吃了！
做法超簡單：煮一煮、拌一拌就能開吃～
一口下去酸酸辣辣超過癮，減脂期也能吃得很開心！
—
#一人食吃什麼 #低脂低卡 #減脂餐打卡 #減脂便當 #上班帶飯日常 #簡單減脂料理 #生活化減脂 #懶人便當 #韓式冷麵 #拌麵也能減脂 #高纖低脂餐 #今日便當分享 #一週便當計劃 #打工人午餐 #便當也能很可愛 #便當控出動 #快速減脂午餐 #懶人低卡餐 #我在減脂也在吃 #CC炫彩鈦杯 #KEITH低卡便當盒 #KEITH鋁鈦系 #帶飯日記 #高蛋白低脂 #減脂吃起來 #減脂也要儀式感 #健康飲食打卡 #午餐吃什麼 #不挨餓的減脂法 #邊吃邊瘦不是夢
-
影片來源📕kk輕食日記",2025-04-01 17:26,"韓國鞋.真皮鞋代購｜各式好物選品店✦
♡蝦皮5星賣家。闆娘用心經營
♡ 探索穿搭靈感、美妝流行、質感生活
🎀 關注我們，一起優雅變美吧！
———————————————————
♥Online shop ↓
蝦皮 @britt.chen99",嗜睡
here_and_there66,here and there這裡那裡,"🍪 氣炸鍋版低卡燕麥餅乾來啦～😋
減脂期也能快樂吃的小零食，真的大推！
誰能想到，燕麥烤一烤竟然這麼香～
完全是「有手就會」的懶人甜點，
外酥內脆，有堅果香＋燕麥香，越嚼越香！
✔ 0 油 0 麵粉
✔ 健康低卡 ✔ 飽腹感滿分
嘴饞的時候來一塊，無負擔剛剛好！
—
#我的烘焙日常 #低脂低卡吃這些 #低脂零食推薦 #燕麥餅乾 #低卡甜點 #減脂好物 #懶人甜點 #空氣炸鍋食譜 #炸鍋烘焙 #低卡餅乾推薦 #零罪惡感甜點 #減脂日常 #低醣小點心 #不開火料理 #一人食甜品 #減肥也能吃點心 #減脂零嘴也能吃 #甜點控也能瘦 #健康小點推薦 #高纖低卡 #減脂烘焙 #燕麥控福音 #甜而不膩剛剛好 #烘焙生活分享 #輕鬆做甜品 #甜點日記 #可愛點心自己做 #烘焙vlog #低卡點心推薦 #空氣炸鍋炸一切
-
影片來源📕kk輕食日記",2025-04-01 17:12,"韓國鞋.真皮鞋代購｜各式好物選品店✦
♡蝦皮5星賣家。闆娘用心經營
♡ 探索穿搭靈感、美妝流行、質感生活
🎀 關注我們，一起優雅變美吧！
———————————————————
♥Online shop ↓
蝦皮 @britt.chen99",嗜睡
here_and_there66,here and there這裡那裡,"💄 裸色控集合！8 支春夏絕美口紅登場
全是我私藏的心頭好，每一支都好溫柔、好日常！
📷 原相機無濾鏡試色
實拍上嘴，真實感直接拉滿，不挑膚色，黃皮白皮都能駕馭！
✨ 適合上班、約會、素顏出門
春夏的嘴巴，就交給它們了～
—
#我的口紅日記 #口紅分享 #口紅試色 #裸色口紅 #春夏口紅 #無濾鏡試色 #口紅控必看 #唇色推薦 #黃皮友好唇色 #自然妝感唇膏 #日常唇色推薦 #溫柔系唇彩 #約會唇膏 #口紅合集 #春季唇妝 #素顏也能撐起來 #清透妝感推薦 #唇妝分享 #裸唇推薦 #唇膏試色合集 #唇色日記 #裸粉唇膏 #唇彩控 #上班妝容推薦 #氣質唇色 #豆沙色唇膏 #百搭口紅推薦 #實用口紅色號 #試色不翻車 #顯白唇色推薦
-
影片來源📕思敏敏",2025-04-01 12:01,"韓國鞋.真皮鞋代購｜各式好物選品店✦
♡蝦皮5星賣家。闆娘用心經營
♡ 探索穿搭靈感、美妝流行、質感生活
🎀 關注我們，一起優雅變美吧！
———————————————————
♥Online shop ↓
蝦皮 @britt.chen99",嗜睡
t48______,t48______,"拜託各位重度睡眠的夥伴 都給我去買他！！
我之前失眠超級嚴重 可以兩天睡一覺 甚至三天不睡
躺下去不翻個好幾個小時是睡不著的那種
吃過安眠藥 但是那個藥效齁 真的就是暈爆
我覺得完全影響到我的生活 後來就放棄了
直到有一天我哥叫我去吃B群
我心裡想說他自己吃B群是提振精神的 居然叫我睡覺前吃？？？？
一開始我就聽聽而已 哈哈哈哈
然後有一天我真的是被逼到要發瘋了
我就想說算了 反正都這樣了 就去試試好了
結果！！！！！！我的重度失眠居然就好了？超扯欸
為什麼會突然拿出來講呢 因為我從過年後作息又大亂
每天2.3點 甚至到4點才睡著 隔天要上班欸！
昨天突然想到 睡前又拿出來吃個兩顆
媽的 我不到半小時就有睡意 超快就睡著
重點是 睡超好的…..早上起床還不會有那種很累的感覺 
愛死了 失眠的都給我去試啦！！！
但我每次分享給身邊問我失眠怎麼辦的人 都沒有人要信我 So Sad🫠 真的超好用啦",2024-03-05 09:14,,嗜睡
t48______,t48______,"剛看到這個本來超氣的
因為真的超多人會說怕生氣就不講
啊你都知道會生氣了 為什麼還要做…..
而且有時候那件事情本身就不會讓人生氣
反而是欺騙最該死
但我後來想到了 我之前大學交過一個男友
我忘記是為什麼了 但我幾個朋友發限時都會先問我要不要隱藏他
就連我跟我室友去買生活用品 因為一顆木瓜笑到發瘋 這樣也特別去隱藏 
到底是經歷了什麼啊 笑死",2024-03-05 09:02,,嗜睡
t48______,t48______,"發瘋 整個帳號充滿了故事
本來已經快睡著了 看到這堆整個火起來欸
到底為什麼可以這麼誇張啊",2024-03-05 01:18,,嗜睡
t48______,t48______,好扯 裡面還有各種都好扯,2024-03-04 17:30,,嗜睡
t48______,t48______,通常這種要給男生看的文章 流量都是女生🥹,2024-03-01 17:15,,嗜睡
t48______,t48______,"這個阿嬤真的超強
從我5年前去 他就天天跑夜店
而且都是留到開燈的那種
到現在我老了去不動了 他居然還在…",2024-02-29 19:59,,嗜睡
t48______,t48______,"還以為是排順序呢 34521 哈 
永遠忘不了我在一蘭拉麵裡面大哭 笑死",2024-02-29 19:56,,嗜睡
t48______,t48______,好好笑,2024-02-29 08:46,,嗜睡
t48______,t48______,騙人的都該死,2024-02-29 08:46,,嗜睡
t48______,t48______,好強 我的草圖紙根本幾乎全新 笑死,2024-02-27 15:43,,嗜睡
t48______,t48______,"我的百萬獎金夢沒了 嗚嗚嗚
想了整天就是想不起來是什麼數字
還是放棄好了 畢竟過年連續8張2000都0元
誰能比我更慘🤷🏻‍♀️🤷🏻‍♀️🤷🏻‍♀️🤷🏻‍♀️🤷🏻‍♀️",2024-02-23 00:56,,嗜睡
t48______,t48______,"嚇歪 我還看留言 明天開始早睡
今天來不及了 笑死
祝大家都健健康康🥹🥹🥹",2024-02-22 23:53,,嗜睡
t48______,t48______,"不知道是公司的破電腦還是破網路
開一個檔案開了半個小時還在跑是想怎樣🤷🏻‍♀️",2024-02-22 10:36,,嗜睡
t48______,t48______,是我 網路一條龍 現實一條蟲🐛🐛🐛,2024-02-21 17:46,,嗜睡
chi1ren,江七人 John,「我想用睡覺來逃避一切，但我連覺都睡不好。」,2025-08-17 21:17,"找到自己所愛，並為之行動。
-
我是小江🙋
「拍你想看的，說你想說的。」",嗜睡
huang_yu1978,黃玉珊,"謝謝漂亮板娘招待小菜
海鮮湯麵超級好吃😋",2025-11-23 17:09,youtube.com,嗜睡
huang_yu1978,黃玉珊,"姐一直想來但最近假日太忙
今天又回來大溪走走順便過來跟脆友見面",2025-11-23 16:59,youtube.com,嗜睡
yuu_16.15,🐳,好痛好痛,2025-12-03 09:12,,一直想睡
yuu_16.15,🐳,一直哭一直哭我真的撐不住了,2025-12-03 09:12,,一直想睡
yuu_16.15,🐳,完蛋,2025-12-03 09:12,,一直想睡
yuu_16.15,🐳,我有一點死了,2025-12-03 08:04,,一直想睡
yuu_16.15,🐳,又來又來又控制不住,2025-12-03 08:04,,一直想睡
yuu_16.15,🐳,哭哭哭哭你除了哭還好幹什麼,2025-12-02 22:40,,一直想睡
yuu_16.15,🐳,我要回家,2025-12-02 22:40,,一直想睡
yuu_16.15,🐳,好痛好煩好想哭,2025-12-02 22:40,,一直想睡
yuu_16.15,🐳,為什麼會變這樣,2025-12-02 15:22,,一直想睡
yuu_16.15,🐳,我做錯了什麼,2025-12-02 15:22,,一直想睡
yuu_16.15,🐳,肚子痛手痛頭痛全身都好痛,2025-12-02 15:06,,一直想睡
yuu_16.15,🐳,情緒起伏像雲霄飛車,2025-12-02 13:03,,一直想睡
yuu_16.15,🐳,好痛,2025-12-02 11:10,,一直想睡
yuu_16.15,🐳,嘔嘔嘔嘔好想吐,2025-12-02 11:10,,一直想睡
yuu_16.15,🐳,我已經碎成玻璃渣渣了,2025-12-02 11:05,,一直想睡
yuu_16.15,🐳,"討厭妳因為別人的一句話就拋下我
討厭妳不喜歡我
討厭我的焦慮敏感
討厭沒有交到朋友的我
討厭我",2025-12-02 10:41,,一直想睡
yuu_16.15,🐳,好想哭,2025-12-02 09:28,,一直想睡
yuu_16.15,🐳,好討厭,2025-12-02 09:28,,一直想睡
yuu_16.15,🐳,選一下我很難嗎,2025-12-02 09:28,,一直想睡
yuu_16.15,🐳,我討厭這裡,2025-12-02 07:24,,一直想睡
yuu_16.15,🐳,好噁,2025-12-02 07:24,,一直想睡
yuu_16.15,🐳,煩,2025-12-02 07:21,,一直想睡
yuu_16.15,🐳,希望我能有結束不喜歡的事的勇氣,2025-12-01 17:53,,一直想睡
yuu_16.15,🐳,回家是唯一一件讓人快樂的事,2025-12-01 16:14,,一直想睡
yuu_16.15,🐳,希望可以有人無條件偏愛我,2025-12-01 11:22,,一直想睡
yuu_16.15,🐳,希望我可以自己處理好我的情緒,2025-12-01 10:05,,一直想睡
yuu_16.15,🐳,你不要這麼敏感可以嗎,2025-12-01 10:01,,一直想睡
yuu_16.15,🐳,一來到這裡我就好痛苦,2025-12-01 07:12,,一直想睡
yuu_16.15,🐳,焦慮焦慮,2025-11-28 08:07,,一直想睡
yuu_16.15,🐳,好委屈,2025-11-27 13:19,,一直想睡
yuu_16.15,🐳,我就是一個超可悲的人啊,2025-11-27 11:15,,一直想睡
yuu_16.15,🐳,對不起給了你一團亂的人生,2025-11-27 11:10,,一直想睡
yuu_16.15,🐳,我都這麼努力了結果還是什麼都沒有變好,2025-11-27 09:52,,一直想睡
yuu_16.15,🐳,還是我應該要去看醫生諮商師好像沒什麼用,2025-11-27 09:52,,一直想睡
yuu_16.15,🐳,活著真的好累好累好累,2025-11-27 09:08,,一直想睡
yuu_16.15,🐳,好痛好痛好痛好痛,2025-11-27 09:06,,一直想睡
yuu_16.15,🐳,你不要再哭了好不好裝什麼可憐啊，,2025-11-27 07:30,,一直想睡
yuu_16.15,🐳,我的衛生紙又用完了 擦不了眼淚了,2025-11-27 07:24,,一直想睡
yuu_16.15,🐳,已經好久沒有笑了,2025-11-27 07:23,,一直想睡
yuu_16.15,🐳,好傷心好難過我又在焦慮,2025-11-27 07:23,,一直想睡
yuu_16.15,🐳,希望可以遇到一個覺得遇見我是幸運的人,2025-11-26 18:24,,一直想睡
yuu_16.15,🐳,對不起啦真的很傷心,2025-11-26 12:43,,一直想睡
yuu_16.15,🐳,我是一個只會哭的廢物,2025-11-26 12:43,,一直想睡
yuu_16.15,🐳,人只有在不幸福的時候才會想念以前,2025-11-26 11:02,,一直想睡
yuu_16.15,🐳,什麼都不知道我真的不知道真的爛透了,2025-11-25 12:27,,一直想睡
yuu_16.15,🐳,眼淚完全停不住,2025-11-25 12:21,,一直想睡
yuu_16.15,🐳,可不可以不要在這個時候崩潰,2025-11-25 12:10,,一直想睡
yuu_16.15,🐳,又好想哭,2025-11-25 11:42,,一直想睡
yuu_16.15,🐳,怎麼辦,2025-11-25 11:42,,一直想睡
yuu_16.15,🐳,就要段考了還要面對這些爛事,2025-11-25 11:36,,一直想睡
yuu_16.15,🐳,好煩,2025-11-25 11:35,,一直想睡
yuu_16.15,🐳,國文不要搞，,2025-11-25 09:54,,一直想睡
yuu_16.15,🐳,考到一半還快睡著,2025-11-25 09:49,,一直想睡
yuu_16.15,🐳,大完蛋保佑我猜對及格拜託,2025-11-25 09:49,,一直想睡
yuu_16.15,🐳,持修的歌真的很猛很治癒啦😭😭,2025-11-24 12:31,,一直想睡
yuu_16.15,🐳,好累好累我到底在堅持什麼,2025-11-24 07:52,,一直想睡
yuu_16.15,🐳,其實一點都不好,2025-11-24 07:52,,一直想睡
yuu_16.15,🐳,回憶成了大問題,2025-11-21 07:56,,一直想睡
yuu_16.15,🐳,好想哭,2025-11-21 07:46,,一直想睡
yuu_16.15,🐳,好煩好煩好煩好煩,2025-11-21 07:46,,一直想睡
yuu_16.15,🐳,每天都這樣不快樂有什麼意義,2025-11-21 07:45,,一直想睡
yuu_16.15,🐳,好累好累好累好累好累好累,2025-11-21 07:45,,一直想睡
yuu_16.15,🐳,嗚嗚嗚你再撐一下好不好等一下就好了,2025-11-20 15:13,,一直想睡
yuu_16.15,🐳,好痛好難受,2025-11-20 09:10,,一直想睡
yuu_16.15,🐳,好難過哦但真的哭不出來了,2025-11-20 07:46,,一直想睡
yuu_16.15,🐳,好難受好難受好痛苦為什麼,2025-11-19 13:00,,一直想睡
yuu_16.15,🐳,不要內耗了好不好,2025-11-19 12:43,,一直想睡
yuu_16.15,🐳,大家都在幸福 我也還有呼吸,2025-11-19 11:09,,一直想睡
yuu_16.15,🐳,對不起把你的人生過的超級爛,2025-11-19 09:28,,一直想睡
thpss91327,𝐈𝐫𝐢𝐬 | 🅐🅡🅣🅘🅢🅣,"久違的紀錄
12分鐘不間斷練腹
2分鐘撐肘x2
這幾天生理期+腸胃炎
每天都在暈😪
終於好一點了快來恢復紀錄🗒️",2025-11-16 19:54,"想發不敢發的都在這發🥹
人生只有一次，只想用盡全力好好活著
喜歡健身插畫 的行銷企劃&平面設計師
愛發很多想法與日常的可可愛愛✨
隨手發的健身日記📓",一直想睡
real_onna__,Another Me,"我好不舒服⋯手一直在抖、口乾舌燥、渾身不舒服、好想睡但睡不著、好想吐、嘴巴裡都是藥味
真的好討厭吃精神科的藥
我好無助
有人可以給我一句關心或安慰的話就好了",2025-10-03 02:14,"發發照片發發瘋
追星也會跟我家愛豆一樣瘋💎
憂鬱症的Emo人（在emo跟追星之間情緒起伏有夠大
每天都在想自己能活到什麼時候⋯誰能給我解答",一直想睡
real_onna__,Another Me,我的今天⋯⋯,2025-10-02 22:26,"發發照片發發瘋
追星也會跟我家愛豆一樣瘋💎
憂鬱症的Emo人（在emo跟追星之間情緒起伏有夠大
每天都在想自己能活到什麼時候⋯誰能給我解答",一直想睡
real_onna__,Another Me,"這禮拜三跟四我自主給自己放了假翹掉所有課
但真的很討厭這樣的自己
這樣的無力感真的很少人能夠理解
我都理解不了",2025-10-02 22:12,"發發照片發發瘋
追星也會跟我家愛豆一樣瘋💎
憂鬱症的Emo人（在emo跟追星之間情緒起伏有夠大
每天都在想自己能活到什麼時候⋯誰能給我解答",一直想睡
real_onna__,Another Me,"學期到一半了，又開始想著停修了
我這種廢物窩囊模樣到底什麼時候才可以畢業
區區一個經濟系，我到底要讀成什麼破樣子
我這個沒用的垃圾怎麼不去死一死",2025-09-30 22:31,"發發照片發發瘋
追星也會跟我家愛豆一樣瘋💎
憂鬱症的Emo人（在emo跟追星之間情緒起伏有夠大
每天都在想自己能活到什麼時候⋯誰能給我解答",一直想睡
real_onna__,Another Me,"覺得我的主治醫師是我的保護網
今天回診，然後我媽跟著進診間
我跟醫師一個眼神對到，我就知道她懂我了
她讓我媽待在診間一下，讓她講了一些假惺惺的話、聽了真的有種為什麼要對醫生跟在患者兼家人的眼前說這些話的感受
然後她就讓我媽出去了，也藉由這次跟我媽說清楚他不用每次回診都跟著來了
真的讓我喘一口氣⋯⋯
什麼時候她才能知道如何對待病人跟家人呢？
我真的覺得我媽也應該去諮商的
她真的讓我好累好累",2025-09-30 22:29,"發發照片發發瘋
追星也會跟我家愛豆一樣瘋💎
憂鬱症的Emo人（在emo跟追星之間情緒起伏有夠大
每天都在想自己能活到什麼時候⋯誰能給我解答",一直想睡
real_onna__,Another Me,"這幾天突然覺得好像穿著短袖露出滿是傷疤的手也無所謂了，反正傷疤只會增加不會減少，我自己都顧不了了，在意別人的眼睛不舒服有什麼用
之前去工讀，就算他們知道我得憂鬱症、對我很好，天氣再熱我都還是穿著長袖
今天第一次穿著短袖待在辦公室裡
跨出第一步了
雖然去上課的話可能還是不敢穿著短袖吧
要不在意真的很難⋯⋯
反正夏天快結束了，也不會那麼難受了吧",2025-09-30 22:19,"發發照片發發瘋
追星也會跟我家愛豆一樣瘋💎
憂鬱症的Emo人（在emo跟追星之間情緒起伏有夠大
每天都在想自己能活到什麼時候⋯誰能給我解答",一直想睡
real_onna__,Another Me,"退坑邊緣
想想自己還是愛自己的國家的
就蠻難過的
現在只希望在我這個對活著沒有什麼期待的粉絲的有生之年可以看到李碩珉有個人資源就好了
到底是我會先消失還是李碩珉會先出小分隊或solo呢？",2025-09-29 23:16,"發發照片發發瘋
追星也會跟我家愛豆一樣瘋💎
憂鬱症的Emo人（在emo跟追星之間情緒起伏有夠大
每天都在想自己能活到什麼時候⋯誰能給我解答",一直想睡
real_onna__,Another Me,馬丁跟凜太郎⋯真的有像😍,2025-09-29 22:40,"發發照片發發瘋
追星也會跟我家愛豆一樣瘋💎
憂鬱症的Emo人（在emo跟追星之間情緒起伏有夠大
每天都在想自己能活到什麼時候⋯誰能給我解答",一直想睡
real_onna__,Another Me,"我吃利他能也沒用
真的該死",2025-09-28 00:54,"發發照片發發瘋
追星也會跟我家愛豆一樣瘋💎
憂鬱症的Emo人（在emo跟追星之間情緒起伏有夠大
每天都在想自己能活到什麼時候⋯誰能給我解答",一直想睡
real_onna__,Another Me,"心理師總是跟我說
如果累了、讀不下去了，就停下來，不要強迫自己
但現實是
Deadline 會強迫我強迫自己，我沒有停下來的餘地
我自殘的其中一個原因：強迫自己讀書",2025-09-28 00:18,"發發照片發發瘋
追星也會跟我家愛豆一樣瘋💎
憂鬱症的Emo人（在emo跟追星之間情緒起伏有夠大
每天都在想自己能活到什麼時候⋯誰能給我解答",一直想睡
real_onna__,Another Me,"昨天諮商的時候，心理師問我一個問題
「並不是所有得憂鬱症的人都想死掉，所以我希望你可以想一想這個問題，為什麼你會有堅定的想要死掉的想法？」
這個問題其實盤旋在我的腦海中很久了，我也想知道我到底在想什麼",2025-09-27 14:59,"發發照片發發瘋
追星也會跟我家愛豆一樣瘋💎
憂鬱症的Emo人（在emo跟追星之間情緒起伏有夠大
每天都在想自己能活到什麼時候⋯誰能給我解答",一直想睡
real_onna__,Another Me,"打電話給護理站
熟悉的溫柔的護理師的聲音從電話裡傳來
原本佯裝冷靜突然就淚崩了
我真的一點都不好
我想回去住院",2025-09-24 22:41,"發發照片發發瘋
追星也會跟我家愛豆一樣瘋💎
憂鬱症的Emo人（在emo跟追星之間情緒起伏有夠大
每天都在想自己能活到什麼時候⋯誰能給我解答",一直想睡
real_onna__,Another Me,"還好嗎需要幫忙嗎還好嗎需要幫忙嗎還好嗎需要幫忙嗎還好嗎需要幫忙嗎還好嗎需要幫忙嗎還好嗎需要幫忙嗎還好嗎需要幫忙嗎還好嗎需要幫忙嗎還好嗎需要幫忙嗎
還好沒事沒事
沒有其實我不好很不好",2025-09-24 22:14,"發發照片發發瘋
追星也會跟我家愛豆一樣瘋💎
憂鬱症的Emo人（在emo跟追星之間情緒起伏有夠大
每天都在想自己能活到什麼時候⋯誰能給我解答",一直想睡
real_onna__,Another Me,大學生：乾還剩不到100天就要考期末了（中間還有期中⋯,2025-09-22 23:14,"發發照片發發瘋
追星也會跟我家愛豆一樣瘋💎
憂鬱症的Emo人（在emo跟追星之間情緒起伏有夠大
每天都在想自己能活到什麼時候⋯誰能給我解答",一直想睡
real_onna__,Another Me,這幾天沒吃藥的我,2025-09-22 00:42,"發發照片發發瘋
追星也會跟我家愛豆一樣瘋💎
憂鬱症的Emo人（在emo跟追星之間情緒起伏有夠大
每天都在想自己能活到什麼時候⋯誰能給我解答",一直想睡
5kncol,5kncol,如果真的一直失眠睡不著 一整晚都睡不著 到底是什麼病（很認真問）,2025-11-04 01:34,沒人在乎你眼中的我是什麼樣子,一直想睡
5kncol,5kncol,到底是什麼賤命 我都大二還要學數學。快瘋掉,2025-11-03 14:27,沒人在乎你眼中的我是什麼樣子,一直想睡
5kncol,5kncol,這幾天腦子一直播放 你是不是傻喜歡些膽小鬼😵‍💫,2025-11-03 13:51,沒人在乎你眼中的我是什麼樣子,一直想睡
5kncol,5kncol,台灣越來越多唱陸饒的rapper來辦專場了 特別好 我等瑞皮特來的那天（希望有什麼大雜燴 因為我聽的很廣、、）,2025-11-03 01:33,沒人在乎你眼中的我是什麼樣子,一直想睡
5kncol,5kncol,台中晚上騎車的天氣真的太冷啦⋯,2025-11-01 22:35,沒人在乎你眼中的我是什麼樣子,一直想睡
5kncol,5kncol,大家的萬聖節好有趣 都超可愛 逢甲附近也有好多裝扮大學生很Q喔！！,2025-11-01 01:05,沒人在乎你眼中的我是什麼樣子,一直想睡
5kncol,5kncol,騙人怪🤥,2025-10-31 23:02,沒人在乎你眼中的我是什麼樣子,一直想睡
5kncol,5kncol,新帽子新外套,2025-10-31 21:28,沒人在乎你眼中的我是什麼樣子,一直想睡
5kncol,5kncol,想打耳洞,2025-10-31 21:10,沒人在乎你眼中的我是什麼樣子,一直想睡
5kncol,5kncol,這隻帳號沒有限時貼文😕,2025-10-31 21:10,沒人在乎你眼中的我是什麼樣子,一直想睡
5kncol,5kncol,幹今天吃的鍋燒一面真的有毒啦肚子很痛欸,2025-10-29 21:01,沒人在乎你眼中的我是什麼樣子,一直想睡
5kncol,5kncol,"最近有點過太爽了 這朋友家的貓很萌
導致上個班考個試都在哀哀叫
人還是不能嚐一點甜頭啊。",2025-10-29 00:42,沒人在乎你眼中的我是什麼樣子,一直想睡
5kncol,5kncol,台中不要又冷又下雨好嗎,2025-10-28 22:30,沒人在乎你眼中的我是什麼樣子,一直想睡
5kncol,5kncol,我是爛草莓 好想哭不想做報告不想上班,2025-10-28 15:18,沒人在乎你眼中的我是什麼樣子,一直想睡
5kncol,5kncol,台中晚上好冷喔 很舒服,2025-10-26 21:12,沒人在乎你眼中的我是什麼樣子,一直想睡
5kncol,5kncol,靠北勒⋯⋯⋯有沒有那麼愛喝,2025-10-26 15:01,沒人在乎你眼中的我是什麼樣子,一直想睡
5kncol,5kncol,幹白癡真的很緊張🥲🥲,2025-10-24 13:52,沒人在乎你眼中的我是什麼樣子,一直想睡
5kncol,5kncol,最近認識的人很剛好的都喜歡偷米 太誇張了,2025-10-24 01:24,沒人在乎你眼中的我是什麼樣子,一直想睡
5kncol,5kncol,隨便連假大家幸福的幸福 回家的回家 啊我在幹嘛💢扮瑪利歐😡,2025-10-24 01:14,沒人在乎你眼中的我是什麼樣子,一直想睡
5kncol,5kncol,我最近一直在唱這首歌⋯⋯⋯已經變天了,2025-10-23 00:51,沒人在乎你眼中的我是什麼樣子,一直想睡
5kncol,5kncol,哇靠我昨天唱歌唱很爽 因為朋友生日 他開心我就開心（我很開心因為他吐了）,2025-10-21 10:56,沒人在乎你眼中的我是什麼樣子,一直想睡
per_hour40,per_hour40,生理期就是一直醒醒睡睡睡（主要是被痛暈,2025-11-19 19:59,兔子統治宇宙！,一直想睡
per_hour40,per_hour40,好想休學哇啊啊啊啊啊這麼冷的天我不要上課哇啊啊,2025-11-19 12:44,兔子統治宇宙！,一直想睡
per_hour40,per_hour40,"每天下課第一件事情就是洗澡睡覺然後半夜再醒來吃飯做作業
這什麼神奇的作息",2025-11-18 23:18,兔子統治宇宙！,一直想睡
per_hour40,per_hour40,吃到了！真好吃！,2025-11-18 23:16,兔子統治宇宙！,一直想睡
per_hour40,per_hour40,我就是整天都在幻想自己中樂透但實際上沒買過任何樂透的兔,2025-11-18 16:24,兔子統治宇宙！,一直想睡
per_hour40,per_hour40,其實我就是很在意很多事情但是我就是死裝,2025-11-18 03:04,兔子統治宇宙！,一直想睡
per_hour40,per_hour40,"想念高中我的朋友雖然還是很常和她們聯絡
但是為什麼大學就不能交到能夠互相在意彼此的好朋友呢",2025-11-18 03:03,兔子統治宇宙！,一直想睡
per_hour40,per_hour40,"我就是不開心就想逃避
想要發點開心的東西來證明自己不難過
但是我一件開心的事都想不到",2025-11-18 01:02,兔子統治宇宙！,一直想睡
per_hour40,per_hour40,真的好難過哎,2025-11-18 00:18,兔子統治宇宙！,一直想睡
per_hour40,per_hour40,呀米呀米,2025-11-17 18:35,兔子統治宇宙！,一直想睡
per_hour40,per_hour40,好餓哇晚餐要吃什麼,2025-11-17 15:44,兔子統治宇宙！,一直想睡
per_hour40,per_hour40,想回家,2025-11-17 15:15,兔子統治宇宙！,一直想睡
per_hour40,per_hour40,我有時候也好想肆無忌憚的承認自己是恨著些事情的,2025-11-17 03:46,兔子統治宇宙！,一直想睡
per_hour40,per_hour40,"是我太敏感嗎原本那時候有一個活動要去幫忙我問我的朋友們要不要去他們那時候說不要所以我也沒有去
結果我今天才發現她們都有去但是都沒有跟我說
雖然他們說他們是臨時被找去幫忙的但我還是很難過",2025-11-17 01:08,兔子統治宇宙！,一直想睡
per_hour40,per_hour40,面對人際關係問題我的解決方式是尖叫然後崩潰大哭,2025-11-17 01:06,兔子統治宇宙！,一直想睡
per_hour40,per_hour40,睡一覺再起來煮飯,2025-11-16 20:14,兔子統治宇宙！,一直想睡
per_hour40,per_hour40,焦慮,2025-11-16 19:08,兔子統治宇宙！,一直想睡
per_hour40,per_hour40,好想染回金色T^T有沒有髮質精靈來眷顧一下我的頭髮T^T,2025-11-16 19:02,兔子統治宇宙！,一直想睡
per_hour40,per_hour40,"走了一整天好累好想睡覺
我以為十一月中會蠻涼的就穿長袖
熱炸了！",2025-11-16 18:46,兔子統治宇宙！,一直想睡
per_hour40,per_hour40,今天出門抓了好多寶可夢！,2025-11-16 18:46,兔子統治宇宙！,一直想睡
per_hour40,per_hour40,爸爸收養了好多隻貓咪但是因為太多隻了所以每隻都叫做貓咪,2025-11-16 01:27,兔子統治宇宙！,一直想睡
per_hour40,per_hour40,"自學縫紉已經停一個禮拜了（前段時間太忙了>_<
明天就開始學習！",2025-11-16 01:23,兔子統治宇宙！,一直想睡
per_hour40,per_hour40,感覺自己對除了switch的電子產品一竅不通,2025-11-15 19:51,兔子統治宇宙！,一直想睡
per_hour40,per_hour40,"怎麼睡覺醒來脆友們的頭像都變成紫色了
Σ（・□・；）",2025-11-15 15:56,兔子統治宇宙！,一直想睡
per_hour40,per_hour40,怎麼介麼萌,2025-11-14 21:17,兔子統治宇宙！,一直想睡
per_hour40,per_hour40,我一直玩星之卡比,2025-11-14 18:02,兔子統治宇宙！,一直想睡
per_hour40,per_hour40,早上起床眼睛都會乾到睜不開,2025-11-14 09:23,兔子統治宇宙！,一直想睡
per_hour40,per_hour40,和媽媽已經冷戰6天了T^T為什麼好像只有我很在乎,2025-11-14 09:12,兔子統治宇宙！,一直想睡
per_hour40,per_hour40,好開心總評結束了又可以開始發小廢文了！,2025-11-14 09:09,兔子統治宇宙！,一直想睡
per_hour40,per_hour40,已經在想午餐吃什麼了！,2025-11-14 09:09,兔子統治宇宙！,一直想睡
per_hour40,per_hour40,為什麼英文課這麼少人,2025-11-14 09:08,兔子統治宇宙！,一直想睡
per_hour40,per_hour40,我也不是不想穿的好看一點出門是我每天起床就要遲到了,2025-11-14 09:08,兔子統治宇宙！,一直想睡
per_hour40,per_hour40,我要吃火雞麵！,2025-11-13 23:05,兔子統治宇宙！,一直想睡
per_hour40,per_hour40,"其實評完圖發現也還好
不過老師說我讓他很為難
就算沒有好成績我的作品也是第一眼就能看到的！",2025-11-13 15:52,兔子統治宇宙！,一直想睡
per_hour40,per_hour40,"為什麼最近脆一直推薦我笨蛋言論
我都封鎖到累了",2025-11-13 13:54,兔子統治宇宙！,一直想睡
per_hour40,per_hour40,我沒了我覺得我的作品這次是最爛的,2025-11-13 13:29,兔子統治宇宙！,一直想睡
per_hour40,per_hour40,早上六點半….終於趕完了,2025-11-13 06:30,兔子統治宇宙！,一直想睡
per_hour40,per_hour40,啊啊啊啊後天要評圖祝我好運怎麼一堆事情卡在這幾天要做完啊,2025-11-11 21:18,兔子統治宇宙！,一直想睡
per_hour40,per_hour40,"感到不舒服就是不舒服
別人說你玻璃心那是他們想控制你",2025-11-11 17:00,兔子統治宇宙！,一直想睡
per_hour40,per_hour40,不知道為什麼只要事情做的不讓家長滿意他們就要用養你好過養狗狗至少會搖尾巴來比喻,2025-11-11 13:19,兔子統治宇宙！,一直想睡
per_hour40,per_hour40,要怎麼樣才能知道自己做的是正確的決定呢,2025-11-11 13:15,兔子統治宇宙！,一直想睡
per_hour40,per_hour40,最近要做好多事情T^T我只想睡覺而已,2025-11-11 12:34,兔子統治宇宙！,一直想睡
per_hour40,per_hour40,睡不著,2025-11-11 05:47,兔子統治宇宙！,一直想睡
per_hour40,per_hour40,"我不確定上帝存不存在
但是我每次在生命的低谷的時候都會有一位像天使的人出現在我的生命",2025-11-09 23:44,兔子統治宇宙！,一直想睡
per_hour40,per_hour40,脆友們我愛你們,2025-11-09 23:40,兔子統治宇宙！,一直想睡
per_hour40,per_hour40,"哭著睡著了(｡ì _ í｡)
睡醒要吃一頓大的！",2025-11-09 20:26,兔子統治宇宙！,一直想睡
per_hour40,per_hour40,"只是把自己不舒服講出來也要被罵嗎
中式教育你贏了",2025-11-09 14:24,兔子統治宇宙！,一直想睡
per_hour40,per_hour40,原來香菇的十字是要自己切的嗎Σ（・□・；）,2025-11-09 11:53,兔子統治宇宙！,一直想睡
per_hour40,per_hour40,天殺的台北11月你要熱死我,2025-11-09 11:37,兔子統治宇宙！,一直想睡
per_hour40,per_hour40,"自學縫紉Day2（其實是昨天）
做了一隻小兔子！但是臉好歪！
在還沒有布剪的情況下用超級鈍美勞剪刀！布都彎彎曲曲的T^T
耳朵縫合的怪怪的 但是我覺得我跟上次比起來又進步了！上次連縫紉機都還不會使用呢！
果然網路上看了那麼多教學都比不上自己實作一次才知道自己問題在哪
再接再厲！",2025-11-09 11:35,兔子統治宇宙！,一直想睡
per_hour40,per_hour40,我今天打算要吃水煮菜跟網路上看到的超好吃調醬！,2025-11-09 11:31,兔子統治宇宙！,一直想睡
per_hour40,per_hour40,大吃一頓心情好了,2025-11-08 18:27,兔子統治宇宙！,一直想睡
per_hour40,per_hour40,我真的要哭哭了啦！,2025-11-08 16:51,兔子統治宇宙！,一直想睡
per_hour40,per_hour40,我是肚子餓就emo的人,2025-11-08 15:53,兔子統治宇宙！,一直想睡
per_hour40,per_hour40,"台北哪裡買得到好吃的辣椒粉啊！
要那種粗粗的有顆粒的！",2025-11-08 12:53,兔子統治宇宙！,一直想睡
per_hour40,per_hour40,"讓我覺得很幸福的事情
1.每次有覺得好萌的貼圖就會傳給媽媽看！然後媽媽就會買給我！",2025-11-07 21:16,兔子統治宇宙！,一直想睡
per_hour40,per_hour40,一穿白色衣服就髒,2025-11-07 20:48,兔子統治宇宙！,一直想睡
per_hour40,per_hour40,吃的這麼乾淨喔！誇誇我,2025-11-07 20:12,兔子統治宇宙！,一直想睡
per_hour40,per_hour40,摩登家庭的每一集都可以看哭我,2025-11-07 19:56,兔子統治宇宙！,一直想睡
per_hour40,per_hour40,生活費到了吃頓超好的！,2025-11-07 19:28,兔子統治宇宙！,一直想睡
per_hour40,per_hour40,我有一個小小的癖好是出門吃飯的時候會一直偷看別人是怎麼拿筷子的,2025-11-07 19:19,兔子統治宇宙！,一直想睡
per_hour40,per_hour40,我等等要去吃螺獅粉！,2025-11-07 18:41,兔子統治宇宙！,一直想睡
per_hour40,per_hour40,我好愛睡覺！,2025-11-07 17:34,兔子統治宇宙！,一直想睡
per_hour40,per_hour40,成功洗腦男朋友illit!,2025-11-07 13:44,兔子統治宇宙！,一直想睡
per_hour40,per_hour40,眼睛好癢我一直揉,2025-11-07 13:42,兔子統治宇宙！,一直想睡
per_hour40,per_hour40,"前幾天冷到要穿外套今天熱到我要開冷氣
台北的天氣是這個👍",2025-11-07 13:12,兔子統治宇宙！,一直想睡
per_hour40,per_hour40,"每次以為自己突然想到了一個很好的創作想法
就會發現有人用過了類似的
瞬間覺得自己好平庸
這個年代想要有自己的小眾特色是一件很大眾的事",2025-11-07 11:03,兔子統治宇宙！,一直想睡
per_hour40,per_hour40,肚子餓,2025-11-07 10:38,兔子統治宇宙！,一直想睡
per_hour40,per_hour40,"貓咪一直蹭我跟舔我是什麼意思哇>_<
是想趕我走嗎T^T",2025-11-07 09:33,兔子統治宇宙！,一直想睡
per_hour40,per_hour40,我每天都這樣想睡,2025-11-07 08:36,兔子統治宇宙！,一直想睡
per_hour40,per_hour40,"在哀居限動上問了一個縫東西的問題
就有好多人很熱心的來教我T^T
有的人甚至只說過一次話而已
好喜歡這群人",2025-11-07 02:37,兔子統治宇宙！,一直想睡
per_hour40,per_hour40,"又胖了…
我是一個小圓圓>_<",2025-11-07 02:12,兔子統治宇宙！,一直想睡
per_hour40,per_hour40,"自學縫紉day1
今天用了縫紉機半天還是沒用明白！
明天去買針來換！",2025-11-06 21:04,兔子統治宇宙！,一直想睡
per_hour40,per_hour40,我是先放餅乾派的！,2025-11-06 20:36,兔子統治宇宙！,一直想睡
per_hour40,per_hour40,"縫紉機禿禿了半天還是沒搞明白
還把針搞斷了
T^T",2025-11-06 20:34,兔子統治宇宙！,一直想睡
per_hour40,per_hour40,我是個笨蛋T^T,2025-11-06 20:32,兔子統治宇宙！,一直想睡
per_hour40,per_hour40,我染上翹課了,2025-11-06 16:23,兔子統治宇宙！,一直想睡
per_hour40,per_hour40,又睡過頭了>_<,2025-11-06 12:08,兔子統治宇宙！,一直想睡
per_hour40,per_hour40,"是一個完全不喜歡運動的人
最近一直在想不可以都不運動這樣年紀大了要怎麼辦
然後每天的運動量還是只有上學要遲到了跑去教室的那段路…",2025-11-06 02:29,兔子統治宇宙！,一直想睡
per_hour40,per_hour40,我每天都好想要睡覺,2025-11-05 21:25,兔子統治宇宙！,一直想睡
per_hour40,per_hour40,"第二次專題總評的時間比我想像的要快好多….
又是一個進度堪憂的狀況！
我要先玩到剩最後三天！",2025-11-05 20:43,兔子統治宇宙！,一直想睡
lilysparklez0707,lilysparklez0707,"突然之間渾身無力
全身痠痛
呼吸有點喘
腸胃一直處在不太舒服但又沒有上廁所的需求
頭很痛很暈
但沒有發燒
沒有打噴嚏流鼻水咳嗽
好煩",2025-08-27 03:40,"住台北天龍國隔壁｜但都在假冒天龍國人
三大特攝（超人、戰隊、騎士）｜網路重度成癮者
資深腐腐二次元份子｜遊戲歷20年up
PTCG跟UCG玩家｜啊挖A噴火龍咧
台灣獨立派別｜謝絕男性說教跟PMG
三麗鷗可樂鈴單推",一直想睡
lilysparklez0707,lilysparklez0707,"順便來說一個十幾年前去名古屋時的記憶
當時我很迷鋼筆墨水
恰好名古屋有一間文具店有在販售名古屋限定色
我當時住在名古屋萬豪
因為是下午的飛機加上又是跟團
我很早就整理好行李
查好路線(當時的估狗路線給的很扭曲)
一早就坐地下鐵十幾站還轉車
最終抵達了
走進文具店後是一對有點年紀的夫妻經營的
最重要的是妻子會講非常流利的英文！
她知道我是從台灣來的之後非常開心
後來聽說我坐了地下鐵過來歷經波折
跟我說其實坐JR幾站就到了
我很震驚也很開心
因為這樣回程就不用趕了
我查好地圖知道JR車站怎麼走之後就準備離開店面
但店主妻子一直很擔心我走不到
於是決定一路陪著我走到JR車站
沿途我們都是用英文交談
路上的行人幾乎都會停下腳步
用一種很震驚的表情看著我們
店主妻子年輕時在美國讀教育碩士
後來回到日本結婚
英文才會如此流利毫無口音
但我當時只覺得很可惜
走到車站後她幫我買了車票
我急忙要掏錢給她
她卻笑著說不用，這是她的一點心意
目送著我進到月台後
她卻也跟著買票進入月台
因為她怕我坐錯邊
最後我順利上車
車門關起後
她在月台邊一直揮手向我道別
直到車子完全離站
也是很難忘的記憶點",2025-08-26 15:51,"住台北天龍國隔壁｜但都在假冒天龍國人
三大特攝（超人、戰隊、騎士）｜網路重度成癮者
資深腐腐二次元份子｜遊戲歷20年up
PTCG跟UCG玩家｜啊挖A噴火龍咧
台灣獨立派別｜謝絕男性說教跟PMG
三麗鷗可樂鈴單推",一直想睡
lilysparklez0707,lilysparklez0707,"很久以前在大阪獨旅時
因為不確定自己要坐的站在哪邊的月台
手機網路也不發達
因此拿著手機的地圖截圖站在站台圖前看很久
旁邊突然有一位路人阿姨問我需不需要幫忙
我：不好意思我不會日文...
(我在日本講最溜的日文就是我不會日文)
但我還是給她看了我要去哪裡
比了月台站點後，再比了一個沒有的手勢
以表示我不知道要坐到哪一站
阿姨開始很緊張的跟其他路人說
幫幫這孩子
其他路人開始停下來幫我(都是女生)
但因為語言不通大家開始比手畫腳
我也因為時間關係有點緊張
一個大姊姊問我能不能說日文
我搖頭說不行，反問她能不能說英文
換她說不行，大家圍在我身邊很慌張
此時已經有人帶著車站職員過來企圖幫我
但車站職員也不懂英文，只能折返去拿車站資訊給我看
最後那個大姊姊突然問我是不是說中文
我說對
她就用中文跟我溝通了
並且也向周遭想幫助我的日本人們解釋了我的問題
請大家不用擔心
對方是在淡江大學交換學過中文的日本人
至今還是我日本旅遊中最深刻的回憶之一",2025-08-26 02:53,"住台北天龍國隔壁｜但都在假冒天龍國人
三大特攝（超人、戰隊、騎士）｜網路重度成癮者
資深腐腐二次元份子｜遊戲歷20年up
PTCG跟UCG玩家｜啊挖A噴火龍咧
台灣獨立派別｜謝絕男性說教跟PMG
三麗鷗可樂鈴單推",一直想睡
lilysparklez0707,lilysparklez0707,"九月要去參加圓谷祭
現在超絕瘋狂煩惱衣服有沒有更可愛的…",2025-08-24 03:50,"住台北天龍國隔壁｜但都在假冒天龍國人
三大特攝（超人、戰隊、騎士）｜網路重度成癮者
資深腐腐二次元份子｜遊戲歷20年up
PTCG跟UCG玩家｜啊挖A噴火龍咧
台灣獨立派別｜謝絕男性說教跟PMG
三麗鷗可樂鈴單推",一直想睡
lilysparklez0707,lilysparklez0707,"西芹汁Day1
因為我很討厭吃芹菜
因此選擇了較好入門的蘋果西芹汁
起床之後立刻灌了第一瓶
喝下去的時候喝得到蘋果的甜味
但是後味混合西芹的味道很像在喝中藥哈哈哈",2025-08-21 14:20,"住台北天龍國隔壁｜但都在假冒天龍國人
三大特攝（超人、戰隊、騎士）｜網路重度成癮者
資深腐腐二次元份子｜遊戲歷20年up
PTCG跟UCG玩家｜啊挖A噴火龍咧
台灣獨立派別｜謝絕男性說教跟PMG
三麗鷗可樂鈴單推",一直想睡
lilysparklez0707,lilysparklez0707,"太過慌亂完全沒說話
只顧著秀自己的週邊
結果被主持人以為是日本人
太多東西塞不下只能痛了一個小狼包
禽爺跟龍儀：我呢😭😭😭😭😭",2025-08-17 18:12,"住台北天龍國隔壁｜但都在假冒天龍國人
三大特攝（超人、戰隊、騎士）｜網路重度成癮者
資深腐腐二次元份子｜遊戲歷20年up
PTCG跟UCG玩家｜啊挖A噴火龍咧
台灣獨立派別｜謝絕男性說教跟PMG
三麗鷗可樂鈴單推",一直想睡
lin_ting_p1,？,越來越不敢睡覺了，不斷的失眠睡不好，睡著了也一直瘋狂做惡夢我快不行了,2025-11-12 09:08,誰來跟我打托蘭,一直想睡
lin_ting_p1,？,"直屬學妹送我雪吻
贏過99%高中生",2025-11-10 20:21,誰來跟我打托蘭,一直想睡
lin_ting_p1,？,"以候每天都聽
youtu.be/uMfWO…",2025-11-09 20:14,誰來跟我打托蘭,一直想睡
lin_ting_p1,？,"朋友病情加重了，現在變成多重人格
都變成這麼嚴重的狀況了他父母還不去給他治療還認為他是裝的，也是很行了",2025-11-09 20:12,誰來跟我打托蘭,一直想睡
lin_ting_p1,？,印了100多張，謝謝延智賢,2025-11-09 17:17,誰來跟我打托蘭,一直想睡
lin_ting_p1,？,天這幾天在學校瘋狂暈倒，倒在地板上嚇同學不知道幾次了，謝謝你軀體化謝謝你軀體化,2025-11-06 17:14,誰來跟我打托蘭,一直想睡
lin_ting_p1,？,"最近全靠印自推紙片來維持精神狀態了
現在已經印了大概有50多張
幹，幸福死了
感謝延智賢 讚嘆延智賢 🛐
疊甲自身有精神疾病等等言論會含有自殘、自殺相關言論
沒帶上紙片就搞得自己崩潰的要死，前幾天忘記帶去學校下課直接跑去廁所開始自殘哈哈哈哈，看到血流出來時其實很無助，但至少沒那麼痛苦了",2025-11-04 05:50,誰來跟我打托蘭,一直想睡
2862nms,海外遊子,"一直以來我都不知道什麼叫失眠，失眠是什麼感覺，我過往人生沒有失眠過，連同ㄧ屋簷下房東有病有槍（有機會再說故事），我都能睡著，堪比大雄。
我真的沒有想過我壓力大到失眠兩天，今天第二天失眠。
昨天我還想說，可能茶喝太多，今天太累了早早就洗澡躺了要睡覺，睡前牛奶都喝了，結果睡沒兩小時又醒了，睡不回去，現在我認清現實，我知道我壓力很大，但現在看來比我自己認知到的還要大。
眼睛很酸痛，我想睡，可是睡不著覺。
真的是想哭，但我哭不出來。
有救嗎？我不知道
我繼續努力睡，懇請周公賜我睡眠🥹",2025-11-03 11:12,"專業
跳陽台",一直想睡
2862nms,海外遊子,"憤怒浩克
贏了今天部門的恐怖生物問答競賽
只能說可能是憤怒值很夠
造成我的能量值很高不小心贏得勝利",2025-11-01 02:28,"專業
跳陽台",一直想睡
2862nms,海外遊子,"昨天買了浩克面具
迎接今天的Halloween
好多人要買裝備",2025-11-01 02:27,"專業
跳陽台",一直想睡
2862nms,海外遊子,"想我家貓了
其實當初在抉擇要不要出國，所有環節都想過了，也是真的放不下你
掙扎了好幾個循環，沒有走一趟闖一回，我總覺得老了要後悔
然後，老是在想家想台灣
很多時候，真的是快頂不住那個孤寂感，偏偏就是不甘心，想爭上一爭，拼看看
可能最後也是什麼都沒有，落魄回家
也好，早點跌倒比較好處理，不然等年紀再大點我還愛做夢就摔不起了
#收編紀念日
#三週目",2025-10-25 05:09,"專業
跳陽台",一直想睡
2862nms,海外遊子,"煩死
盧廣仲好吵
這首歌一直纏在我腦海裡
現在我要把你聽到爛掉
聽到膩聽到不想聽為止
然後蛋雕！",2025-10-24 17:14,"專業
跳陽台",一直想睡
puri_tw,PURI客製化商品製作 l 璞瑞,"早額！昨晚睡不好
因為一直轟隆轟隆～嘩啦嘩啦！
然後現在滴答滴答💦",2025-07-30 09:33,"嗨👋這是RiRi (IG是：puri.tw連結在下面）
我們公司的專長：跟客製化商品有關的全部
下單記得指定業務小姐姐，因為業務姊姊很有耐心還長的漂亮🤭",一直想睡
puri_tw,PURI客製化商品製作 l 璞瑞,"今日目標達成！謝謝大家熱情幫忙！有你們真好🩵
今天是 RiRi 當小編的第 13 天
一個小白新手，兩週心情像坐雲霄飛車🎢
從沒人互動的發文 → 兩天破百追蹤、3.6萬流量
結果舊帳號被封、一切歸零 → 重新再來一次
真的讓我打從心底佩服每一位小編、還有自己經營品牌的老闆們，經營帳號真的不簡單也不輕鬆，不只要衝鋒陷陣第一線，還要抽離站在數據後面觀全局
最難的其實不是哪個技能，而是——堅持下去！
給我自己也給所有還在努力的大家：我們都會越來越好，加油💪🏻！！！",2025-07-29 13:16,"嗨👋這是RiRi (IG是：puri.tw連結在下面）
我們公司的專長：跟客製化商品有關的全部
下單記得指定業務小姐姐，因為業務姊姊很有耐心還長的漂亮🤭",一直想睡
puri_tw,PURI客製化商品製作 l 璞瑞,"早ㄤ！逼逼逼！！
RiRi今天不貪心只許一個願望
就是破百追蹤就好💯",2025-07-29 09:16,"嗨👋這是RiRi (IG是：puri.tw連結在下面）
我們公司的專長：跟客製化商品有關的全部
下單記得指定業務小姐姐，因為業務姊姊很有耐心還長的漂亮🤭",一直想睡
puri_tw,PURI客製化商品製作 l 璞瑞,"星期一什麼事都承受不了（只想躺平…
但被客人用訂單逼上班這件事可以
目前也只接受這種方式！！
歡迎來逼迫我（？！這句話好像哪裡怪怪的
早上接了訂單！來接業績好運傳給你🍀🫵",2025-07-28 13:31,"嗨👋這是RiRi (IG是：puri.tw連結在下面）
我們公司的專長：跟客製化商品有關的全部
下單記得指定業務小姐姐，因為業務姊姊很有耐心還長的漂亮🤭",一直想睡
puri_tw,PURI客製化商品製作 l 璞瑞,"早哇！
在飲料店喝紅茶跟喝奶茶，RiRi絕對選喝奶茶
但在早餐店…紅茶跟奶茶… 啊！好猶豫🫠
喝豆漿應該沒事的對吧？",2025-07-28 09:37,"嗨👋這是RiRi (IG是：puri.tw連結在下面）
我們公司的專長：跟客製化商品有關的全部
下單記得指定業務小姐姐，因為業務姊姊很有耐心還長的漂亮🤭",一直想睡
puri_tw,PURI客製化商品製作 l 璞瑞,"放假也沒有要放過經營的編編們🙋🏻‍♀️🙋
絕對是各位腦闆上輩子拯救地球才請到這麼認真的小編們！！！
RiRi的追蹤限制已經解封了（呀呼！！
不管新朋友舊朋友，這是RiRi的新帳號🩵
讓我們一起雙追不退追好嗎好嗎～？
非常非常非常需要你們！！！",2025-07-27 14:51,"嗨👋這是RiRi (IG是：puri.tw連結在下面）
我們公司的專長：跟客製化商品有關的全部
下單記得指定業務小姐姐，因為業務姊姊很有耐心還長的漂亮🤭",一直想睡
puri_tw,PURI客製化商品製作 l 璞瑞,"外面白茫茫一整片又下雨了🫠
RiRi選擇繼續躺著…
但肚子餓了午餐要吃什麼勒？",2025-07-27 11:51,"嗨👋這是RiRi (IG是：puri.tw連結在下面）
我們公司的專長：跟客製化商品有關的全部
下單記得指定業務小姐姐，因為業務姊姊很有耐心還長的漂亮🤭",一直想睡
puri_tw,PURI客製化商品製作 l 璞瑞,"週六！不上班！哎唷！黑皮～
忙完回家的時候就這樣在車上發呆聽歌
車上真的是很好喘息的空間對吧！誰也會這樣？",2025-07-26 17:49,"嗨👋這是RiRi (IG是：puri.tw連結在下面）
我們公司的專長：跟客製化商品有關的全部
下單記得指定業務小姐姐，因為業務姊姊很有耐心還長的漂亮🤭",一直想睡
puri_tw,PURI客製化商品製作 l 璞瑞,"早哇！RiRi在此回歸～（舊帳號登入不了
跟大家自我介紹一下～
我們是專門做客製化商品的，承接活動、標案、公司、社團、文創、品牌周邊的設計與製作！
個人客製商品之後也會陸續公告～
總之！RiRi會繼續在這裡跟大家聊天，看心情舉辦抽獎🩵💙記得追蹤我唷！",2025-07-26 10:45,"嗨👋這是RiRi (IG是：puri.tw連結在下面）
我們公司的專長：跟客製化商品有關的全部
下單記得指定業務小姐姐，因為業務姊姊很有耐心還長的漂亮🤭",一直想睡
puri_tw,PURI客製化商品製作 l 璞瑞,"對RiRi搬家了！那個無緣的舊帳號一直無法登入…
回來第一件事就先處理答應好大家的抽獎！
恭喜
@ooooomyhanji
@ooooomyhanji
！！
謝謝大家這次的參與活動🙏RiRi重新回歸希望大家幫忙追蹤轉發！！",2025-07-25 17:17,"嗨👋這是RiRi (IG是：puri.tw連結在下面）
我們公司的專長：跟客製化商品有關的全部
下單記得指定業務小姐姐，因為業務姊姊很有耐心還長的漂亮🤭",一直想睡
stranger_____iii,陌生人,"想睡
但是睡不著😤",2025-11-25 05:52,"❗️刪對話訊息是日常
-
（ 記錄各式各樣的日記
（ 有點營養又有點不太營養🤪
（ 偶爾發瘋/偶爾中瘋
（ 偶爾正常/偶爾感性
-
暈船日記 🫠（20250920-End🪦)",一直想睡
stranger_____iii,陌生人,我如果不回覆你們可以嗎,2025-11-24 22:50,"❗️刪對話訊息是日常
-
（ 記錄各式各樣的日記
（ 有點營養又有點不太營養🤪
（ 偶爾發瘋/偶爾中瘋
（ 偶爾正常/偶爾感性
-
暈船日記 🫠（20250920-End🪦)",一直想睡
stranger_____iii,陌生人,"幹
我會刪除對話
因為太多了！",2025-11-24 19:17,"❗️刪對話訊息是日常
-
（ 記錄各式各樣的日記
（ 有點營養又有點不太營養🤪
（ 偶爾發瘋/偶爾中瘋
（ 偶爾正常/偶爾感性
-
暈船日記 🫠（20250920-End🪦)",一直想睡
stranger_____iii,陌生人,"笑死
我剛剛喝了兩杯螞蟻水",2025-11-24 17:59,"❗️刪對話訊息是日常
-
（ 記錄各式各樣的日記
（ 有點營養又有點不太營養🤪
（ 偶爾發瘋/偶爾中瘋
（ 偶爾正常/偶爾感性
-
暈船日記 🫠（20250920-End🪦)",一直想睡
stranger_____iii,陌生人,打故事打到餓了🤤,2025-11-24 17:18,"❗️刪對話訊息是日常
-
（ 記錄各式各樣的日記
（ 有點營養又有點不太營養🤪
（ 偶爾發瘋/偶爾中瘋
（ 偶爾正常/偶爾感性
-
暈船日記 🫠（20250920-End🪦)",一直想睡
stranger_____iii,陌生人,我快睡著了🙃,2025-11-24 10:59,"❗️刪對話訊息是日常
-
（ 記錄各式各樣的日記
（ 有點營養又有點不太營養🤪
（ 偶爾發瘋/偶爾中瘋
（ 偶爾正常/偶爾感性
-
暈船日記 🫠（20250920-End🪦)",一直想睡
stranger_____iii,陌生人,"我發現脆會挑人欸
我才發現好多留言
我都沒有回覆到
-
但是我的容許
所以我回光了啦
哈哈哈哈哈哈😏",2025-11-24 07:54,"❗️刪對話訊息是日常
-
（ 記錄各式各樣的日記
（ 有點營養又有點不太營養🤪
（ 偶爾發瘋/偶爾中瘋
（ 偶爾正常/偶爾感性
-
暈船日記 🫠（20250920-End🪦)",一直想睡
stranger_____iii,陌生人,"「 🫧🫧日記」；🐈‍⬛ 4️⃣；Part.7🔞
我坐立難安
水太熱
🐈‍⬛的手太壞
往我的下面摸去
-
下一秒
🐈‍⬛：「走..我們回床上」
我們雙雙圍上浴巾
走回房間
-
我躺在離廁所最近的床邊
而且這次我不圍浴巾了
把自己全裸的藏在棉被裡
🐈‍⬛走了過來
🐈‍⬛：「你躺那一邊吧～」
我將自己移了過去
🐈‍⬛拿起遙控又開始找起片子
🐈‍⬛：「你看～」
🐈‍⬛邀請我看片子
🙈：「我不…」
把自己含頭藏在被子裡
電視裡的聲音在耳邊響起
「啪啪啪…啪啪啪…」
電視裡的人肉體碰撞聲
「啊啊啊…啊啊啊…」
電視裡的人發出那忍不住的聲音
-
其實不是我不看
只是跟男生看好奇怪啊😳
我下次就要好好跟🐈‍⬛看一次 🤪
估計也不會很認真看完全部🥴
-
🐈‍⬛看我躲起來
終於換了成了音樂",2025-11-24 07:07,"❗️刪對話訊息是日常
-
（ 記錄各式各樣的日記
（ 有點營養又有點不太營養🤪
（ 偶爾發瘋/偶爾中瘋
（ 偶爾正常/偶爾感性
-
暈船日記 🫠（20250920-End🪦)",一直想睡
stranger_____iii,陌生人,"我又要來考大家了
什麼餐具最幸福？",2025-11-23 20:59,"❗️刪對話訊息是日常
-
（ 記錄各式各樣的日記
（ 有點營養又有點不太營養🤪
（ 偶爾發瘋/偶爾中瘋
（ 偶爾正常/偶爾感性
-
暈船日記 🫠（20250920-End🪦)",一直想睡
stranger_____iii,陌生人,"我訊息回不完😳
我要離職
我這樣不能出去浪",2025-11-23 16:16,"❗️刪對話訊息是日常
-
（ 記錄各式各樣的日記
（ 有點營養又有點不太營養🤪
（ 偶爾發瘋/偶爾中瘋
（ 偶爾正常/偶爾感性
-
暈船日記 🫠（20250920-End🪦)",一直想睡
stranger_____iii,陌生人,"關於我的工作
-
鑒賞腹肌
這一塊我真的是心滿意足🤩
-
鑒賞🦅（啊不是鑒賞啦
賞🦅師我本來就不是很專業
很感謝大家的踴躍報名
看了無數各式各樣的魔法😳
評到一個手軟🫠
（從不會看到有點會看？
-
不外乎會問
那你覺得適合嗎？
幹
因為沒親身試過
我自然不知道適不適合
-
但是
若可以讓對方舒服和滿足
那你的長度/粗度/角度加上技術就都不是問題
-
然後不管是腹肌/胸肌/🦅
我覺得你們敢鑒賞
那就是勇敢👍
-
這份工作
我決定繼續勝任🤪
可是我真的不是專業評
有玻璃心的不要來",2025-11-23 09:38,"❗️刪對話訊息是日常
-
（ 記錄各式各樣的日記
（ 有點營養又有點不太營養🤪
（ 偶爾發瘋/偶爾中瘋
（ 偶爾正常/偶爾感性
-
暈船日記 🫠（20250920-End🪦)",一直想睡
stranger_____iii,陌生人,"「 🫧🫧日記」；🐈‍⬛ 4️⃣；Part.6
我放了心
但是還是得出去
探出一顆頭
🙈：「你可以閉上眼睛嗎？」
🐈‍⬛聽了話閉上了眼睛
我趕緊開門大步走了出去
雖然浴巾就在牆的旁邊而已
可是浴室的玻璃門是像外開
一定得多走幾步路
然後我看著🐈‍⬛
🐈‍⬛給我張開眼睛了啦…..
-
🙈：「啊啊啊啊啊啊啊（我內心在呼喊）」
被看光了啦…
臭🐈‍⬛居然不講武德張開眼睛
但是能如何
我也沒跟🐈‍⬛說要閉上多久
-
趕緊圍上浴巾
我本是打算走出去
可….🐈‍⬛看著我
🐈‍⬛：「你來～」
🐈‍⬛的聲音像個魔力
腳不停使喚我走了過去
🐈‍⬛：「下來泡…」
🙈：「燙嗎？」
🐈‍⬛：「燙～」
-
我默默拆開身上的浴巾
靠在邊邊慢慢滑了下去
看著裸身的🐈‍⬛
🐈‍⬛靠著按摩浴缸，兩腳直直的
我慢慢的跨過🐈‍⬛的大腿
🐈‍⬛又伸著貓手
摸著我的腰
我終於坐在🐈‍⬛的旁邊
🐈‍⬛的手很不乖
摸著我的胸
我深深覺得我快要被🐈‍⬛給吃掉了",2025-11-23 08:54,"❗️刪對話訊息是日常
-
（ 記錄各式各樣的日記
（ 有點營養又有點不太營養🤪
（ 偶爾發瘋/偶爾中瘋
（ 偶爾正常/偶爾感性
-
暈船日記 🫠（20250920-End🪦)",一直想睡
stranger_____iii,陌生人,"我覺得這個帳號
真的會被我自己ㄅㄧㄤˋ掉",2025-11-22 18:41,"❗️刪對話訊息是日常
-
（ 記錄各式各樣的日記
（ 有點營養又有點不太營養🤪
（ 偶爾發瘋/偶爾中瘋
（ 偶爾正常/偶爾感性
-
暈船日記 🫠（20250920-End🪦)",一直想睡
stranger_____iii,陌生人,"我雖然看
但是我不是很專業
-
說穿了
我只是愛看🥴
-
然後我會亂評價
你….
真的可以接受再來！😈",2025-11-22 15:42,"❗️刪對話訊息是日常
-
（ 記錄各式各樣的日記
（ 有點營養又有點不太營養🤪
（ 偶爾發瘋/偶爾中瘋
（ 偶爾正常/偶爾感性
-
暈船日記 🫠（20250920-End🪦)",一直想睡
stranger_____iii,陌生人,這張圖跟買給我的面具好像🥴,2025-11-22 10:49,"❗️刪對話訊息是日常
-
（ 記錄各式各樣的日記
（ 有點營養又有點不太營養🤪
（ 偶爾發瘋/偶爾中瘋
（ 偶爾正常/偶爾感性
-
暈船日記 🫠（20250920-End🪦)",一直想睡
stranger_____iii,陌生人,"我現在在脆上的新工作
-
鑒賞腹肌🥴🥴🥴
鑒賞🦅",2025-11-22 10:34,"❗️刪對話訊息是日常
-
（ 記錄各式各樣的日記
（ 有點營養又有點不太營養🤪
（ 偶爾發瘋/偶爾中瘋
（ 偶爾正常/偶爾感性
-
暈船日記 🫠（20250920-End🪦)",一直想睡
stranger_____iii,陌生人,你們都是男的？,2025-11-22 10:23,"❗️刪對話訊息是日常
-
（ 記錄各式各樣的日記
（ 有點營養又有點不太營養🤪
（ 偶爾發瘋/偶爾中瘋
（ 偶爾正常/偶爾感性
-
暈船日記 🫠（20250920-End🪦)",一直想睡
stranger_____iii,陌生人,"「 🫧🫧日記」；🐈‍⬛4️⃣ ；Part.5
🐈‍⬛洗好澡就走向按摩浴缸去了
我快速閃現的躲進淋浴間
-
可惡的蒸氣還沒好
但還是得洗澡呀
我把自己靠在最後面的牆壁
利用視線死角
不讓🐈‍⬛可以看到我
-
我一直注意著🐈‍⬛
也許🐈‍⬛感受到我的窘迫（害羞？
🐈‍⬛先看著電視
我還偷喵了一下
這樣的視線死角會不會讓🐈‍⬛看見我
當🐈‍⬛背對著我
這短暫的幾秒我從視線死角出現了
轉個頭
🐈‍⬛居然已經面對著我這個方向
我在度把自己藏起來
可是這已經不是視線死角的問題了
完全
完全
完全
一覽無遺
我面對著牆壁背對著🐈‍⬛
-
說遲不遲
蒸氣開始慢慢起了功效
我也可以放心的洗澡了（半放心！！
可是我的老天鵝啊
在淋浴間的我
看向現在很朦朧的淋浴間外面的🐈‍⬛
可以深深的感受到
一道目光正在透過玻璃淋浴門看過來
帶著看得到？看不到的？的想法
我也告訴自己千萬不要手殘讓水濺射到玻璃
要不真的又要看光光了
-
整個淋浴間終於是朦朧的
默默開了點小縫
🙈：「你…..」
🐈‍⬛：「嗯？」
🙈：「看得到裡面..」
🐈‍⬛說了什麼我聽不到
我又關上了門
繼續沖洗
我還是得出去面對
即便🐈‍⬛現在正對著我
🙈：「你看得到我嗎？」
🐈‍⬛：「看不到呀～」",2025-11-22 08:07,"❗️刪對話訊息是日常
-
（ 記錄各式各樣的日記
（ 有點營養又有點不太營養🤪
（ 偶爾發瘋/偶爾中瘋
（ 偶爾正常/偶爾感性
-
暈船日記 🫠（20250920-End🪦)",一直想睡
stranger_____iii,陌生人,"「_前任🥸」.Part.15🔚
聽完後的我
瞬間清醒
對阿前任一直再傷害我欸
我幹嘛這麼愛他阿....
-
當晚我就用即時通跟前任吵架
前任有一個特性那就是吵架之後
很常說一句 好啊...
下一句就是 分手阿...
果不其然
即時通的那一句經典【好啊】出現了
我在前任還沒打出分手阿這三個字
我早了前任一秒打出...
分手吧
這一次前任慌了瘋狂的解釋
我只告訴他
以後你愛叫誰老婆就叫誰老婆
我管不著 反正現在就是分手
不在理會關掉電腦
我就去睡覺了
-
前任把我分手的事告訴了星座妹
星座妹跑來在我的網誌留言
哥哥跑去她那裡留言是因為
她正處於男友要分手狀態/家人要鬧斷絕關係/親人過世
前任與星座妹一搭一唱的
可我心已死
還是深深的祝福他們
-
幾日後
見我依然無動於衷不為所動
這一次直接來挑釁於我
不過我還是祝福他們
-
有時候十頭牛來拉也擋不住愛
有時候清醒只需要一秒鐘
-
他現在已經上岸了
而我在同事的那段話清醒了",2025-11-22 08:06,"❗️刪對話訊息是日常
-
（ 記錄各式各樣的日記
（ 有點營養又有點不太營養🤪
（ 偶爾發瘋/偶爾中瘋
（ 偶爾正常/偶爾感性
-
暈船日記 🫠（20250920-End🪦)",一直想睡
stranger_____iii,陌生人,"「_前任🥸」.Part.14
但是我對星座妹已經有了記憶
去看了星座妹的網誌
雖然網誌都是鎖起來的
可是估計前任沒想到我會看
所以只要留言都會秀出前任的帳號
我發現後要求看內文
永遠只會推託那是星座妹的個人隱私
然後往後的留言在也沒有秀出前任的帳號
可是就是有人會去留言(甭懷疑就是前任
-
看不到網誌的內文
我能怎麼辦
他們倆就是這樣正大光明又不讓人看到內容
我雖不爽可是也無解
-
直到那天我放假
我興高采烈地去到他們的店裡
但是我得到的卻是
前：「等一下妹妹要帶家人來找我」(妹妹就是星座妹
🙈：「什麼...?」
身為前任的女朋友好不容易放假了 
前任不陪我就算了
還要認識妹妹的家人
當下的我只感覺
他們現在是要相親是吧
-
果不其然呢
星座妹跟星座妹的哥哥來了
他們三人就在隔壁吃吃喝喝好快樂呢
我呢被晾在一旁
然後還餓得要死
幹.....
-
我連回去了
前任連送我看我一眼都沒有
-
回到火鍋店
我在逃生門爆哭....
真的是哭得很慘
同事只送了我一句話
【因為他知道不管怎樣你都愛他，所以他可以一直傷害你】",2025-11-22 01:12,"❗️刪對話訊息是日常
-
（ 記錄各式各樣的日記
（ 有點營養又有點不太營養🤪
（ 偶爾發瘋/偶爾中瘋
（ 偶爾正常/偶爾感性
-
暈船日記 🫠（20250920-End🪦)",一直想睡
stranger_____iii,陌生人,"🦅操到我嗷嗷叫
-
🥴🥴🥴🥴🥴
🥵🥵🥵🥵🥵
😈😈😈😈😈
-
星期五是我發瘋的日子",2025-11-22 00:20,"❗️刪對話訊息是日常
-
（ 記錄各式各樣的日記
（ 有點營養又有點不太營養🤪
（ 偶爾發瘋/偶爾中瘋
（ 偶爾正常/偶爾感性
-
暈船日記 🫠（20250920-End🪦)",一直想睡
stranger_____iii,陌生人,星期五是什麼日子？,2025-11-21 18:54,"❗️刪對話訊息是日常
-
（ 記錄各式各樣的日記
（ 有點營養又有點不太營養🤪
（ 偶爾發瘋/偶爾中瘋
（ 偶爾正常/偶爾感性
-
暈船日記 🫠（20250920-End🪦)",一直想睡
stranger_____iii,陌生人,"「_前任🥸」.Part.13
當兵的前任管不到我
我也看不見有沒有搞鬼
所以一直相安無事
沒有過多的爭吵與質疑
-
而那時候的我也已經不在他家工作
當時在火鍋店工作
然後也已經開始當明星的路
(已經開始讀書了~
-
退伍前
前任認識了一個女生
和前任是同一個星座的(簡稱星座妹)
因為在當兵的前任是在外島
所以他們多於都是在網路上聊天
前任若回來也是來找我
基本他們倆沒什麼機會見面
我也沒有過於多想
直到前任終於退伍
-
牛牽到北京終究還是牛
-
前任他哥機車很吵(當時他哥機車借給了我
而那一天前任是在我這裡住的
因為前任一早要用車~
可是很奇怪
機車很吵我卻什麼都聽不到
-
我默默地開啟兩道門
低頭查看
看見正坐在樓梯的前任
說了什麼我不知道
但是我最後聽到前任對著電話親一下
-
聽到嗯麻的我
我連名帶姓的叫了前任
低我一階的他
劈頭就被我質疑
🙈：「什麼叫做嗯嘛?你在跟誰親阿?」
前：「星座妹」
🙈：「你跟星座妹親，怎樣?她現在是你女朋友是吧?」
前：「她就是妹妹」
🙈：「那就麻煩你以後不要這樣」
前：「好~以後不會了」
-
傻子如我
就這樣被撫平了",2025-11-21 17:04,"❗️刪對話訊息是日常
-
（ 記錄各式各樣的日記
（ 有點營養又有點不太營養🤪
（ 偶爾發瘋/偶爾中瘋
（ 偶爾正常/偶爾感性
-
暈船日記 🫠（20250920-End🪦)",一直想睡
stranger_____iii,陌生人,"「_前任🥸」.Part.12
不用懷疑
這是前任的新對象
他們在某個場域上認識的
連哥哥也知道(二哥)
這個新對象我對她的記憶很深刻
因為她的胸部真的是很宏偉
(我簡稱大奶妹
(是真的很大的那種
(想像一手都握不住的那種程度
-
大奶妹的出現我也不意外
畢竟經歷了紅粉知己→前任→美髮妹→護士妹→網友
這五個人的洗禮(???
我也習慣成自然....
-
交往沒多久的他們
前任收到了兵單
老天算眷顧前任(???
雖然不是大家最怕的海陸軍但卻是外島兵
-
在當兵的前任回來的機會很少
所以大奶妹得到了被搞的機會(???
具前任所說大奶妹跟別人上床了
(大奶妹說自己是被硬上的
(經前任查證是大奶妹自己願意的
然後他倆就分手了
-
前任沒了大奶妹
只剩打來店裡跟家長抱平安
不外乎的傻子我還在
所以我也成為了報平安的一員
然後
我的苦苦等待
以及若要去搭船我都是默默地陪伴
(前任搭船了我才離開
終於再次感動了前任
-
沒錯
我們復合了",2025-11-21 12:08,"❗️刪對話訊息是日常
-
（ 記錄各式各樣的日記
（ 有點營養又有點不太營養🤪
（ 偶爾發瘋/偶爾中瘋
（ 偶爾正常/偶爾感性
-
暈船日記 🫠（20250920-End🪦)",一直想睡
stranger_____iii,陌生人,"別人都是被種草莓🍓
啊我是被蚊子種草莓🫠",2025-11-21 08:19,"❗️刪對話訊息是日常
-
（ 記錄各式各樣的日記
（ 有點營養又有點不太營養🤪
（ 偶爾發瘋/偶爾中瘋
（ 偶爾正常/偶爾感性
-
暈船日記 🫠（20250920-End🪦)",一直想睡
stranger_____iii,陌生人,"「 🫧🫧日記」；🐈‍⬛ 4️⃣；Part.4
啊啊啊啊啊啊
看來這次的衣服真的有讓🐈‍⬛感興趣（誘惑成功？
我居然讓🐈‍⬛偷伸手來摸我一把🫣
🐈‍⬛也像是個被抓到的小孩
裝作沒事的走開了
-
進到廁所
我看著那透明的淋浴間
正對著按摩浴缸
天啊！！！！！
這是什麼養眼的色情畫面
等等洗澡的時候
不是我看🐈‍⬛
就是🐈‍⬛看我欸
-
但是好加在
這個淋浴間有一個蒸氣的功能
我馬上打開蒸氣
-
我又跑回去偷看🐈‍⬛
這時候的🐈‍⬛已經全身光光了
我立刻遮起眼睛
再度跑回去看看那所謂的蒸氣
可是畢竟剛開成效不大
-
🐈‍⬛傍著身子走了進來
看到我開的蒸氣
雖然好奇著到底有沒有
不過最後🐈‍⬛先進去洗澡了
-
我躲在一旁靠著牆壁偷往裡面看🐈‍⬛
我很害羞只敢看著脖子以上的🐈‍⬛
🐈‍⬛也知道我在看🐈‍⬛
呀～～～～
對視的那一刻
我趕緊把自己的小腦袋收回來🫣
-
想著
我主動約🐈‍⬛的
實在不能一直害羞
默默的將自己的裝備卸下
其實有想著要不乾脆一起洗
不過最後我還是沒有這麼做
全部的裝備都卸下以後
拿著浴巾擋著自己
等待🐈‍⬛洗好～",2025-11-21 07:57,"❗️刪對話訊息是日常
-
（ 記錄各式各樣的日記
（ 有點營養又有點不太營養🤪
（ 偶爾發瘋/偶爾中瘋
（ 偶爾正常/偶爾感性
-
暈船日記 🫠（20250920-End🪦)",一直想睡
stranger_____iii,陌生人,"「_前任🥸」.Part.11
雖然沒有寄人籬下
但是就是在他家工作
所以還是天天見的到前任
-
爾後
前任結交了一個男生(簡稱00好了)
00後來也一起在店裡工作
-
00也知道我喜歡前任
玩得很開的他們
不顧我本人還在現場
當場討論起昨天的國王遊戲
而前任配的女生是個護士妹
(我已經忘記當時前任跟美髮妹的狀態了
(好像已經分手了?
反正這兩個男的
大言不慚說著昨天多麼的刺激
說著昨晚女生叫聲大到隔壁間都聽得道
-
聽著好像是故意讓我聽到的對話
我第一次感受到什麼叫恨一個人
我從很愛很愛很愛
轉變成很恨很恨很恨
-
前任跟00真的是表達的非常淋漓盡致
可是我可以怎麼辦
我就是會天天見到前任阿
在愛裡-在恨中-在回愛
最終我還是放不下前任
-
有一次00不在
空閒時間整個店裡只剩我跟前任 
我們除了工作的對話
也不會再談些什麼
這一次還好巧的聽到前任說要去某個地方
(當時的我不懂那個地方是什麼
(特地問了前任他哥我才知道原來前任是去旅館
-
前任跟00就是麻吉麻
一起遊玩一起打炮一起爽
-
直到那天
前任帶了一個女生來店裡",2025-11-21 06:58,"❗️刪對話訊息是日常
-
（ 記錄各式各樣的日記
（ 有點營養又有點不太營養🤪
（ 偶爾發瘋/偶爾中瘋
（ 偶爾正常/偶爾感性
-
暈船日記 🫠（20250920-End🪦)",一直想睡
stranger_____iii,陌生人,"幹
用腹肌來安慰我哦🥵",2025-11-20 20:55,"❗️刪對話訊息是日常
-
（ 記錄各式各樣的日記
（ 有點營養又有點不太營養🤪
（ 偶爾發瘋/偶爾中瘋
（ 偶爾正常/偶爾感性
-
暈船日記 🫠（20250920-End🪦)",一直想睡
stranger_____iii,陌生人,"我才不信什麼抱抱睡呢
那是小朋友在做的
-
我都做大人在做的事情
😈🤪🥴🥵🤪😏",2025-11-20 20:34,"❗️刪對話訊息是日常
-
（ 記錄各式各樣的日記
（ 有點營養又有點不太營養🤪
（ 偶爾發瘋/偶爾中瘋
（ 偶爾正常/偶爾感性
-
暈船日記 🫠（20250920-End🪦)",一直想睡
stranger_____iii,陌生人,你們讓我無聊了🥱,2025-11-20 19:54,"❗️刪對話訊息是日常
-
（ 記錄各式各樣的日記
（ 有點營養又有點不太營養🤪
（ 偶爾發瘋/偶爾中瘋
（ 偶爾正常/偶爾感性
-
暈船日記 🫠（20250920-End🪦)",一直想睡
stranger_____iii,陌生人,"幹…
我收到腹肌照了
-
不要再誘惑我了🥵",2025-11-20 18:25,"❗️刪對話訊息是日常
-
（ 記錄各式各樣的日記
（ 有點營養又有點不太營養🤪
（ 偶爾發瘋/偶爾中瘋
（ 偶爾正常/偶爾感性
-
暈船日記 🫠（20250920-End🪦)",一直想睡
stranger_____iii,陌生人,"「_前任🥸」.Part.10
最後我們沒有分手
前任也沒有跟前任復合
-
時間很快冬天到來
附近有一個女生超級厲害
永遠穿著短褲跟短袖(美髮妹)
然後會來他們的店買中餐
-
沒錯
美髮妹就是前任新勾搭的對象
-
一個男人沒鬼我不信
天天傳訊息
傳到前任他媽都說你電話是不用錢的嗎?
前任無視他媽
還是天天在傳
不曾停過
而且是無時無刻的那一種
-
前任真的是沒鬼的模樣
我跟前任要手機來看
都不曾拒絕而且還大大方方
直到我看到其中一則
前任傳給美髮妹說【我沒有女朋友】
-
請問什麼叫做沒有女朋友?
前任只用了淡淡的幾個字帶過
【我在騙她的】
-
你她媽的騙她還是在騙我?
-
前任都這樣了
我可以說什麼
就來看看到底誰騙誰
-
有一次前任他爸爸的手機訊息來鈴聲了
我居然害怕了起來
我才意識到
我把所有人的鈴聲訊息當成是前任的
他們的無時無刻讓我心生恐懼
恐懼聽到鈴聲
我才知道我病了....
-
最後不負重望的
【我沒有女朋友】變成了女朋友 
而我這個女朋友變成了二次前任",2025-11-20 17:17,"❗️刪對話訊息是日常
-
（ 記錄各式各樣的日記
（ 有點營養又有點不太營養🤪
（ 偶爾發瘋/偶爾中瘋
（ 偶爾正常/偶爾感性
-
暈船日記 🫠（20250920-End🪦)",一直想睡
stranger_____iii,陌生人,"你們好煩
-
我回完貼文
然後再回私訊
然後貼文又有留言了
再然後私訊也有問題了
-
因為你們
我已經要住在脆裡了
-
我都沒時間去別人的底下浪欸",2025-11-20 12:58,"❗️刪對話訊息是日常
-
（ 記錄各式各樣的日記
（ 有點營養又有點不太營養🤪
（ 偶爾發瘋/偶爾中瘋
（ 偶爾正常/偶爾感性
-
暈船日記 🫠（20250920-End🪦)",一直想睡
stranger_____iii,陌生人,"「_前任🥸」.Part.9
打給前任他都不接
我只好轉打給他哥
他哥看到喝得這麼醉的我
都說我好扯居然喝成這樣
然後就叫了前任來載我回家
-
那一天下著雨
機車裡只有一件雨衣
喝醉的我讓前任穿上雨衣
我隨著雨的落下
原來心涼是這麼個回事
-
我的窮追不捨
我的死皮賴臉
我的認知 
前任還愛我
不然怎麼還願意送我回家
-
是的
我們真的和好了
-
好笑的是
我重蹈覆轍了
我把工作弄丟了
-
那時候的我
愛他比工作還要重要
沒有了他我什麼都不是
-
再次回到他家工作
沒有了紅粉知己卻來了前任
-
還不知道是誰的我
用了無號碼方式打給前任
而後等待魚而上鉤
發現前任傳給前任
前：「寶貝，你找打給我喔?」
前：「我剛在忙」
-
這一次我翻臉了
前：「她爸就去世..我怕她想不開，所以去陪她」
前：「你不信可以去查新聞」
-
新聞裡確實跟他前女友同姓的一個男子自殺了
好的
我戰敗了
-
可笑的是
那一次他們兩是在旅館
無名很風行
女生的相簿鎖起來了
而封面的照片是男生圍著下半身女生圍著上半身的合照
-
好的 
我不信 
可是我還是能怎麼辦
前任說我們只是蓋棉被純聊天
然後跟他們倆要密碼死都不給",2025-11-20 12:25,"❗️刪對話訊息是日常
-
（ 記錄各式各樣的日記
（ 有點營養又有點不太營養🤪
（ 偶爾發瘋/偶爾中瘋
（ 偶爾正常/偶爾感性
-
暈船日記 🫠（20250920-End🪦)",一直想睡
stranger_____iii,陌生人,"「_前任🥸」.Part.4
隨著無法改變的天性
我最終與前任越走越近
-
我們第二次的親密接觸
就是他家一群人要去溪抓魚
(而且是晚上
我跟團了
反正沒人愛 
這裡又有相同年紀的人
那就跟前任他們一起出去遊玩了
-
那一夜
溪水很冷但手心不冷
因為在跨不去的石頭上
前任很貼心地伸出了手
讓我可以很安心的走過
前任的夥伴們
還起了鬨
；「好貼心喔~~」
-
都說牽手可以把人的心牽走
-
我們已經到了可以講電話的那種程度
而那個晚上我們往常一樣在通話
-
📲～
前：「最近喜歡上一個女生」
🙈：「阿?真假?」
前：「對阿~~我最近都跟她在一起玩」
🙈：「我怎麼不知道你有跟女生一起玩?...」
前：「對阿~你都沒發現...」
🙈：「可是...我記得你最近只跟我混在一起阿」
前：「對阿~都跟你混再一起阿」
🙈：「阿?那哪裡的女生阿」
前：「就現在在跟我講電話的人阿」
-
當下的我還不知道是什麼情況
還在一臉茫然矇B的模樣
-
🙈：「阿?跟你講電話的女生不就是我」
前：「對阿~」
🙈：「所以你喜歡的人是我」
前：「恩阿~」
-
然後我笑了
莫名的有了一個男朋友",2025-11-18 21:37,"❗️刪對話訊息是日常
-
（ 記錄各式各樣的日記
（ 有點營養又有點不太營養🤪
（ 偶爾發瘋/偶爾中瘋
（ 偶爾正常/偶爾感性
-
暈船日記 🫠（20250920-End🪦)",一直想睡
stranger_____iii,陌生人,"你們看
我的脆在霸凌我
但我也要重複滑美女讓你們養眼",2025-11-18 18:41,"❗️刪對話訊息是日常
-
（ 記錄各式各樣的日記
（ 有點營養又有點不太營養🤪
（ 偶爾發瘋/偶爾中瘋
（ 偶爾正常/偶爾感性
-
暈船日記 🫠（20250920-End🪦)",一直想睡
stranger_____iii,陌生人,"我今天想到一個笑話
真的很冷
你們覺得雙胞胎是什麼星座",2025-11-18 12:38,"❗️刪對話訊息是日常
-
（ 記錄各式各樣的日記
（ 有點營養又有點不太營養🤪
（ 偶爾發瘋/偶爾中瘋
（ 偶爾正常/偶爾感性
-
暈船日記 🫠（20250920-End🪦)",一直想睡
stranger_____iii,陌生人,"「 🫧🫧日記」；🐈‍⬛4️⃣；Part.1
我鼓起勇氣密了你
本以為你不會回覆
好加在你還願意
-
✉️～
🙈：「弟弟都不想姊姊的嗎」
🙈：「姊姊想要了耶⋯」
🐈‍⬛：「多想要？」
🙈：「想要到可以把你吃掉好幾回」
🐈‍⬛：「怎麼可能！」
🙈：「真的啦，我現在去找你都不是問題」
🐈‍⬛：「妳又不知道我在哪？」
🙈：「你不在那個地方？」
🐈‍⬛：「確定想要？」
🙈：「確定！弟弟不想要姊姊嗎？」
🐈‍⬛：「要啊～」
🙈：「那我現在出門…」
🐈‍⬛：「妳來這個地方…」
-
耶呼～～～
我的尾巴翹起來囉⋯⋯
可以色色囉～～～
-
穿著新買的衣服
踏上色色的旅程
出發走起～👆🏻👆🏻👆🏻",2025-11-18 07:53,"❗️刪對話訊息是日常
-
（ 記錄各式各樣的日記
（ 有點營養又有點不太營養🤪
（ 偶爾發瘋/偶爾中瘋
（ 偶爾正常/偶爾感性
-
暈船日記 🫠（20250920-End🪦)",一直想睡
stranger_____iii,陌生人,"「_前任🥸」.Part.0
首先
他是個89
首先
他已經上岸了
首先
他已經結婚了
-
然後
我放下了
然後
這些是過去
-
再來
可能會氣人
再來
不太有腥羶色
-
總而言之
還清了",2025-11-18 07:33,"❗️刪對話訊息是日常
-
（ 記錄各式各樣的日記
（ 有點營養又有點不太營養🤪
（ 偶爾發瘋/偶爾中瘋
（ 偶爾正常/偶爾感性
-
暈船日記 🫠（20250920-End🪦)",一直想睡
stranger_____iii,陌生人,"燈也關了
床也躺了
手機也放了
-
結果
膀胱還沒準備好",2025-11-17 23:54,"❗️刪對話訊息是日常
-
（ 記錄各式各樣的日記
（ 有點營養又有點不太營養🤪
（ 偶爾發瘋/偶爾中瘋
（ 偶爾正常/偶爾感性
-
暈船日記 🫠（20250920-End🪦)",一直想睡
stranger_____iii,陌生人,"好
我今天想說
要打新的故事
不過這是關於前任
-
本來想問要看嗎？
-
後來想想
管你們勒
我就要打",2025-11-17 23:16,"❗️刪對話訊息是日常
-
（ 記錄各式各樣的日記
（ 有點營養又有點不太營養🤪
（ 偶爾發瘋/偶爾中瘋
（ 偶爾正常/偶爾感性
-
暈船日記 🫠（20250920-End🪦)",一直想睡
stranger_____iii,陌生人,"我要用我的高EQ
來破解你們
-
不服來辯",2025-11-17 19:54,"❗️刪對話訊息是日常
-
（ 記錄各式各樣的日記
（ 有點營養又有點不太營養🤪
（ 偶爾發瘋/偶爾中瘋
（ 偶爾正常/偶爾感性
-
暈船日記 🫠（20250920-End🪦)",一直想睡
stranger_____iii,陌生人,"為什麼別人打的都是戀愛🫧
甜甜的都有摟摟親親抱抱
-
啊我勒
都是真的在打🫧
-
雙🦆（🤪",2025-11-17 18:49,"❗️刪對話訊息是日常
-
（ 記錄各式各樣的日記
（ 有點營養又有點不太營養🤪
（ 偶爾發瘋/偶爾中瘋
（ 偶爾正常/偶爾感性
-
暈船日記 🫠（20250920-End🪦)",一直想睡
stranger_____iii,陌生人,你們到底想幹嘛🤔（？,2025-11-17 18:46,"❗️刪對話訊息是日常
-
（ 記錄各式各樣的日記
（ 有點營養又有點不太營養🤪
（ 偶爾發瘋/偶爾中瘋
（ 偶爾正常/偶爾感性
-
暈船日記 🫠（20250920-End🪦)",一直想睡
stranger_____iii,陌生人,不能午休💤,2025-11-17 12:37,"❗️刪對話訊息是日常
-
（ 記錄各式各樣的日記
（ 有點營養又有點不太營養🤪
（ 偶爾發瘋/偶爾中瘋
（ 偶爾正常/偶爾感性
-
暈船日記 🫠（20250920-End🪦)",一直想睡
stranger_____iii,陌生人,"「 🫧🫧日記」；🐈‍⬛3️⃣ ；Part.5🔚
回到家的我
慣例告訴🐈‍⬛
-
✉️～
🙈：「我到了」
🐈‍⬛：「好」
-
然後我們就沒有下文了
-
回到家的我
腦補了很多
四處尋找解答的我
大部分的人都說
我應該要去跟🐈‍⬛說一下
於是
-
✉️～
🙈：「抱歉，昨天…讓你白跑了」
-
然後🐈‍⬛始終沒有已讀我
-
幹….好委屈🥹
我只是不想當下滿滿的興致因為護墊而掃興
我只是因為真的太燥熱了
當下為什麼不會想說
在廁所也可以啊🤔（可惡😡
結果從頭到尾最解的人是我
-
唉😮‍💨
隨著不回覆的好幾天
估計被封鎖了吧
畢竟沒有已讀
然後也沒有看到任何ig發的限動
想起了一開始🐈‍⬛說過的斷崖式冷漠
對～我暈船了….
（幹…現在打這個居然想哭🥲
-
終於在某個上班的時間
-
✉️～
🐈‍⬛：「沒關係…」
🙈：「好」
-
然後又開始斷聯了",2025-11-17 07:45,"❗️刪對話訊息是日常
-
（ 記錄各式各樣的日記
（ 有點營養又有點不太營養🤪
（ 偶爾發瘋/偶爾中瘋
（ 偶爾正常/偶爾感性
-
暈船日記 🫠（20250920-End🪦)",一直想睡
stranger_____iii,陌生人,"好的
我看完限動了
-
分享一下很好笑的事情
-
我若發限動他不會來看
但是他若發限動（當天我也有發
每次我看完他的
他就會來看我的
-
靠杯喔
是在花痴什麼….",2025-11-17 07:05,"❗️刪對話訊息是日常
-
（ 記錄各式各樣的日記
（ 有點營養又有點不太營養🤪
（ 偶爾發瘋/偶爾中瘋
（ 偶爾正常/偶爾感性
-
暈船日記 🫠（20250920-End🪦)",一直想睡
stranger_____iii,陌生人,"虛心指教
幹嘛追蹤我
-
沒看過瘋子？
沒看一天發了18則的人？
（靈珠跟魔丸比我還多欸
（假日真的太無聊會狂發欸
（上班就不會了啦
喜歡營養的😈？
喜歡不營養的😏？
-
我想不到答案了
要不你們解答",2025-11-17 06:12,"❗️刪對話訊息是日常
-
（ 記錄各式各樣的日記
（ 有點營養又有點不太營養🤪
（ 偶爾發瘋/偶爾中瘋
（ 偶爾正常/偶爾感性
-
暈船日記 🫠（20250920-End🪦)",一直想睡
stranger_____iii,陌生人,"我起床了
因為睡不著😕",2025-11-17 05:38,"❗️刪對話訊息是日常
-
（ 記錄各式各樣的日記
（ 有點營養又有點不太營養🤪
（ 偶爾發瘋/偶爾中瘋
（ 偶爾正常/偶爾感性
-
暈船日記 🫠（20250920-End🪦)",一直想睡
stranger_____iii,陌生人,"靠背
-
他沒有回我
可是他發限動了
-
要看嗎？",2025-11-16 22:20,"❗️刪對話訊息是日常
-
（ 記錄各式各樣的日記
（ 有點營養又有點不太營養🤪
（ 偶爾發瘋/偶爾中瘋
（ 偶爾正常/偶爾感性
-
暈船日記 🫠（20250920-End🪦)",一直想睡
stranger_____iii,陌生人,"我來者不拒
-
我說聊天回覆的部分",2025-11-16 22:08,"❗️刪對話訊息是日常
-
（ 記錄各式各樣的日記
（ 有點營養又有點不太營養🤪
（ 偶爾發瘋/偶爾中瘋
（ 偶爾正常/偶爾感性
-
暈船日記 🫠（20250920-End🪦)",一直想睡
stranger_____iii,陌生人,玩到脆當機是什麼鬼🙄,2025-11-16 21:52,"❗️刪對話訊息是日常
-
（ 記錄各式各樣的日記
（ 有點營養又有點不太營養🤪
（ 偶爾發瘋/偶爾中瘋
（ 偶爾正常/偶爾感性
-
暈船日記 🫠（20250920-End🪦)",一直想睡
stranger_____iii,陌生人,"你們看
我是真的很無聊
所以我才一直發文
-
現在退追我還來得及哦😏",2025-11-16 21:45,"❗️刪對話訊息是日常
-
（ 記錄各式各樣的日記
（ 有點營養又有點不太營養🤪
（ 偶爾發瘋/偶爾中瘋
（ 偶爾正常/偶爾感性
-
暈船日記 🫠（20250920-End🪦)",一直想睡
stranger_____iii,陌生人,"明天要上班了
-
不可能再亂發了
-
謝謝大家陪我瘋🤪",2025-11-16 20:57,"❗️刪對話訊息是日常
-
（ 記錄各式各樣的日記
（ 有點營養又有點不太營養🤪
（ 偶爾發瘋/偶爾中瘋
（ 偶爾正常/偶爾感性
-
暈船日記 🫠（20250920-End🪦)",一直想睡
stranger_____iii,陌生人,"真的有人追蹤我IG
所以我決定了
來發個文好了😈",2025-11-16 19:09,"❗️刪對話訊息是日常
-
（ 記錄各式各樣的日記
（ 有點營養又有點不太營養🤪
（ 偶爾發瘋/偶爾中瘋
（ 偶爾正常/偶爾感性
-
暈船日記 🫠（20250920-End🪦)",一直想睡
stranger_____iii,陌生人,我不想截圖截到手軟,2025-11-16 19:04,"❗️刪對話訊息是日常
-
（ 記錄各式各樣的日記
（ 有點營養又有點不太營養🤪
（ 偶爾發瘋/偶爾中瘋
（ 偶爾正常/偶爾感性
-
暈船日記 🫠（20250920-End🪦)",一直想睡
stranger_____iii,陌生人,"我也不是很懂我在跩什麼
不過才增加100人而已",2025-11-16 19:02,"❗️刪對話訊息是日常
-
（ 記錄各式各樣的日記
（ 有點營養又有點不太營養🤪
（ 偶爾發瘋/偶爾中瘋
（ 偶爾正常/偶爾感性
-
暈船日記 🫠（20250920-End🪦)",一直想睡
stranger_____iii,陌生人,"你們發瘋的程度很高
-
這裡極度不營養
但是你們還是追蹤（🧐
-
謝謝你們讓我體驗到
一天直接破百的滋味",2025-11-16 19:02,"❗️刪對話訊息是日常
-
（ 記錄各式各樣的日記
（ 有點營養又有點不太營養🤪
（ 偶爾發瘋/偶爾中瘋
（ 偶爾正常/偶爾感性
-
暈船日記 🫠（20250920-End🪦)",一直想睡
stranger_____iii,陌生人,"再次強調
我真的很會打不營養的
所以你們這些大人不要學壞
-
啊
不好意思
那個是小朋友不要學壞啦🤣",2025-11-16 18:57,"❗️刪對話訊息是日常
-
（ 記錄各式各樣的日記
（ 有點營養又有點不太營養🤪
（ 偶爾發瘋/偶爾中瘋
（ 偶爾正常/偶爾感性
-
暈船日記 🫠（20250920-End🪦)",一直想睡
stranger_____iii,陌生人,"那個加我IG的
我不是跩
不是不想加
是這樣你們就提前知道故事了
所以請等我幾天
-
謝謝你們🤣
我一定會同意的
-
畢竟奇文共享😈",2025-11-16 18:55,"❗️刪對話訊息是日常
-
（ 記錄各式各樣的日記
（ 有點營養又有點不太營養🤪
（ 偶爾發瘋/偶爾中瘋
（ 偶爾正常/偶爾感性
-
暈船日記 🫠（20250920-End🪦)",一直想睡
stranger_____iii,陌生人,"「 🫧🫧日記」；🐈‍⬛3️⃣ ；Part.3
起身去廁所的我
內褲是脫下了
可是完蛋
MC這個後量根本是故意的
我自己看了根本都無法接受
更何況是沒闖過紅燈的🐈‍⬛
-
處理了一下自己
衣服是沒有脫的我
就走出浴室了
剛好迎來了🐈‍⬛
-
估計我在廁所太久
🐈‍⬛要來直接抓我
不過🐈‍⬛裝作沒事的走去拿東西
-
我回到床上後
🐈‍⬛也回來了
-
老樣子蓋著被子的我
🙈：「好熱喔！」
🐈‍⬛把棉被拉走
🐈‍⬛：「妳把衣服脫了啊..」
-
我默默的在床單內把衣服脫了
（沒有棉被的我還是需要一點小遮蔽
-
啊為什麼很熱
因為我插卡完冷氣沒設定成功
🐈‍⬛來了去按了才開始正式有冷氣的
-
可是冷氣的速度
根本壓不住MC來的燥熱
🙈：「還是好熱呀～」
🐈‍⬛：「那妳就不要蓋啊..」
🐈‍⬛這時候的口氣變了
🐈‍⬛：「妳蓋著被子又要一直喊熱，我聽了都沒感覺了…」
🐈‍⬛的臉色大變
-
啊哈
🐈‍⬛第一次發飆欸
而且🐈‍⬛的臉
超
級
無
敵
臭
-
我好尷尬啊🫠
嘴怎麼這麼欠啊我
要找🐈‍⬛來
然後又要機機歪歪的
-
是的
現在的氣壓很低
真的好低",2025-11-16 13:20,"❗️刪對話訊息是日常
-
（ 記錄各式各樣的日記
（ 有點營養又有點不太營養🤪
（ 偶爾發瘋/偶爾中瘋
（ 偶爾正常/偶爾感性
-
暈船日記 🫠（20250920-End🪦)",一直想睡
stranger_____iii,陌生人,"我不應該跟他說我買玩具的
他現在都不已讀了",2025-11-16 13:19,"❗️刪對話訊息是日常
-
（ 記錄各式各樣的日記
（ 有點營養又有點不太營養🤪
（ 偶爾發瘋/偶爾中瘋
（ 偶爾正常/偶爾感性
-
暈船日記 🫠（20250920-End🪦)",一直想睡
stranger_____iii,陌生人,"心動瞬間
-
我們走在斑馬線
對面終點還是有點距離
看著小綠人即將倒數
10.9.8..…..
-
那是我不經意的想法
我握著你的手腕跑了起來
-
而小綠人還在倒數著
7.6.5….
-
原本被我抓住的手腕
一個滑動一個翻轉
你順勢牽住我的手
-
那一個愣
這次換你拉著我跑
-
小綠人很無情
4.3.2.1…
變成了小紅人
-
然後我也被你套牢了
-
你可知道
牽手是會把心牽走的",2025-11-16 13:13,"❗️刪對話訊息是日常
-
（ 記錄各式各樣的日記
（ 有點營養又有點不太營養🤪
（ 偶爾發瘋/偶爾中瘋
（ 偶爾正常/偶爾感性
-
暈船日記 🫠（20250920-End🪦)",一直想睡
stranger_____iii,陌生人,"前幾天我當了偵探🕵️
-
滑遍了你的好友與追蹤
-
有個女生讓我印象很深刻
因為這個女生的文
十之七八你都有按讚
甚至還有留言
-
好的
原來這是你喜歡的類型
（心裡沒有過多的浮動
（畢竟我也下船了啊🧐
-
我都已經知道類型了
卻還是想看看還有沒有其他的漏魚之網
-
忽然有一個人的頭貼（情侶照
跟那個女生的某個限動裡面有
-
幹…
原來那個女生跟這個男生
他們才是情侶啊
你就只是愛留言（🤔
-
好的 
他們是一對情侶
（有一種放下的感覺
-
你們很常一起出去玩
但是裡面還有一個女生
所以你們是四個人一起出遊
-
看來你們是一對隱藏的情侶（？
女生的版鎖起來了挖不到真相…
-
我的腦中腦補著
情侶睡一間
那你跟她也是一間嗎
-
滑了那對情侶
所有的限動也沒看見什麼特別的畫面
（但是有一則你載她的影片
以及你發的影片
（你們有一張合照
這樣的行為種在我的心裡
-
好…
如果我們約了
我想我會跟你說
；欸 你叫她來吧
；這裡就給你們 
；我走了…
-
然後
想到這個畫面居然有點心痛
-
然後
我也很壞
我希望你會很霸氣的堵住門
看著我說
；你發什麼瘋
然後把我拉回來
壓在床上狠狠的欺負",2025-11-16 12:05,"❗️刪對話訊息是日常
-
（ 記錄各式各樣的日記
（ 有點營養又有點不太營養🤪
（ 偶爾發瘋/偶爾中瘋
（ 偶爾正常/偶爾感性
-
暈船日記 🫠（20250920-End🪦)",一直想睡
stranger_____iii,陌生人,"給你們說個秘密
呷尚寶的蘿蔔糕好好吃🤤",2025-11-16 10:29,"❗️刪對話訊息是日常
-
（ 記錄各式各樣的日記
（ 有點營養又有點不太營養🤪
（ 偶爾發瘋/偶爾中瘋
（ 偶爾正常/偶爾感性
-
暈船日記 🫠（20250920-End🪦)",一直想睡
stranger_____iii,陌生人,"這是一隻🐻
-
我從來沒有見過
-
然後我是真的挖洞給🐻跳（🤪
-
先記錄著
有見到面就可以打故事了
-
🐻跟🐼
就是…
都是…
不能玷污之人（應該是這樣說",2025-11-16 09:08,"❗️刪對話訊息是日常
-
（ 記錄各式各樣的日記
（ 有點營養又有點不太營養🤪
（ 偶爾發瘋/偶爾中瘋
（ 偶爾正常/偶爾感性
-
暈船日記 🫠（20250920-End🪦)",一直想睡
stranger_____iii,陌生人,"「 🫧🫧日記」；🐈‍⬛3️⃣ ；Part.2
在🐈‍⬛還沒抵達的時候
這次的旅館我很喜歡
廁所裡有一個很大的鏡子
除了洗手台的鏡子
就屬那個鏡子我最愛❤️
而且是那種從頭到尾都會看光光的那種
一直一直有個想法
很想在鏡子前面
看看自己被欺負的畫面
然後對方還會在你耳邊說
：「看看你的模樣多騷？」
：「看看你現在被誰操？」
好 這不是重點
-
🐈‍⬛到了
就先去盥洗了
-
因為還有點量（MC
所以我沒有脫衣服
就躺在床上等著🐈‍⬛
-
還有一個原因是
其實我很喜歡被脫衣服的感覺
被脫掉的坦誠相見
是一種很色情的誘惑
擋不住內衣裡的飽滿
遮不住內褲下的誘惑
以及看得見的全身
-
啊啊啊啊啊啊
太色了🙈
-
🐈‍⬛已經很不害臊了
連浴巾都不圍的
直接就是個光光俠走來走去的
-
回到床上的🐈‍⬛
主動出擊
把我的衣服往上撩
🐈‍⬛：「這是內褲嗎？」
🙈：「不是…是安全褲」
🐈‍⬛：「脫掉～」
🐈‍⬛伸手就要來幫我拉
我一個哆嗦🫨
伸手去阻止了🐈‍⬛
🙈：「我自己去脫…」
🐈‍⬛爬起來看著我：「脫啊～」
🙈：「我去廁所脫」
-
好的
我是個很掃興的人
為什麼不讓🐈‍⬛脫
我實在無法想像
🐈‍⬛脫下來的那一瞬間
看見護墊的感覺
所以我阻止了🐈‍⬛的進攻",2025-11-15 23:46,"❗️刪對話訊息是日常
-
（ 記錄各式各樣的日記
（ 有點營養又有點不太營養🤪
（ 偶爾發瘋/偶爾中瘋
（ 偶爾正常/偶爾感性
-
暈船日記 🫠（20250920-End🪦)",一直想睡
stranger_____iii,陌生人,"我只想說
敷面膜是為了保持青春美麗
（我可以這樣形容吧🤔
-
可是冬天敷面膜
真的很要人命欸
根本是夭壽冷欸🥶
-
難道
不可以出一款熱面膜嗎",2025-11-15 23:42,"❗️刪對話訊息是日常
-
（ 記錄各式各樣的日記
（ 有點營養又有點不太營養🤪
（ 偶爾發瘋/偶爾中瘋
（ 偶爾正常/偶爾感性
-
暈船日記 🫠（20250920-End🪦)",一直想睡
stranger_____iii,陌生人,"望周知
-
你是獨立個體
不要因為他人而委屈自己
-
對方確實只有一個
值得讓你付出
-
可你別忘了
你也是那唯一的一個呀",2025-11-15 22:45,"❗️刪對話訊息是日常
-
（ 記錄各式各樣的日記
（ 有點營養又有點不太營養🤪
（ 偶爾發瘋/偶爾中瘋
（ 偶爾正常/偶爾感性
-
暈船日記 🫠（20250920-End🪦)",一直想睡
stranger_____iii,陌生人,"來試試神仙藥水？
-
啊不好意思打錯了
-
是費洛蒙香水😈",2025-11-15 22:41,"❗️刪對話訊息是日常
-
（ 記錄各式各樣的日記
（ 有點營養又有點不太營養🤪
（ 偶爾發瘋/偶爾中瘋
（ 偶爾正常/偶爾感性
-
暈船日記 🫠（20250920-End🪦)",一直想睡
stranger_____iii,陌生人,被吃掉了啦啦啦啦啦啦啦,2025-11-15 21:52,"❗️刪對話訊息是日常
-
（ 記錄各式各樣的日記
（ 有點營養又有點不太營養🤪
（ 偶爾發瘋/偶爾中瘋
（ 偶爾正常/偶爾感性
-
暈船日記 🫠（20250920-End🪦)",一直想睡
stranger_____iii,陌生人,"你們是什麼變態
要破兩百了欸
這樣我還要截圖一次🤪",2025-11-15 19:43,"❗️刪對話訊息是日常
-
（ 記錄各式各樣的日記
（ 有點營養又有點不太營養🤪
（ 偶爾發瘋/偶爾中瘋
（ 偶爾正常/偶爾感性
-
暈船日記 🫠（20250920-End🪦)",一直想睡
stranger_____iii,陌生人,"不得不誇獎台灣大哥大
我三期電話沒繳了
你才給我斷網斷外撥
-
但是你一斷
連讓我查的客服都沒資格
（目前就是繳納完畢才可以發文的
-
其他電信兩期就斷🤪",2025-11-15 12:06,"❗️刪對話訊息是日常
-
（ 記錄各式各樣的日記
（ 有點營養又有點不太營養🤪
（ 偶爾發瘋/偶爾中瘋
（ 偶爾正常/偶爾感性
-
暈船日記 🫠（20250920-End🪦)",一直想睡
stranger_____iii,陌生人,"我被我的GTP笑死欸
還給我幽默式回應😂",2025-11-15 10:59,"❗️刪對話訊息是日常
-
（ 記錄各式各樣的日記
（ 有點營養又有點不太營養🤪
（ 偶爾發瘋/偶爾中瘋
（ 偶爾正常/偶爾感性
-
暈船日記 🫠（20250920-End🪦)",一直想睡
stranger_____iii,陌生人,"_「告誡文…
（應該是這樣用吧？？？🤔
剛剛小帳無意間滑到了一個名字
同名同姓同字
點了進去
真的是前任
-
忍不住看了一下
你已經有對象了
而且還超過一年
看著你現在過得好
我是真的挺開心的
-
當時的你是個愛家的人
而我是個嚮往自由的人
冷淡忽略是我逃避你的方式
-
好加在你還是願意相信愛情
-
謝謝你現在很幸福
也很對不起
讓你有個不愉快的戀愛
-
跟你的前任比起來
我真的比你前任還爛
-
致曾經的「陳」大仁",2025-11-15 10:20,"❗️刪對話訊息是日常
-
（ 記錄各式各樣的日記
（ 有點營養又有點不太營養🤪
（ 偶爾發瘋/偶爾中瘋
（ 偶爾正常/偶爾感性
-
暈船日記 🫠（20250920-End🪦)",一直想睡
stranger_____iii,陌生人,"最舒服的時光
就是洗熱水澡
洗完身體
就像一隻蝦子紅通通🦐",2025-11-14 23:06,"❗️刪對話訊息是日常
-
（ 記錄各式各樣的日記
（ 有點營養又有點不太營養🤪
（ 偶爾發瘋/偶爾中瘋
（ 偶爾正常/偶爾感性
-
暈船日記 🫠（20250920-End🪦)",一直想睡
stranger_____iii,陌生人,"「 🫧🫧日記」；🐈‍⬛3️⃣ ；Part.1
既那些小花絮
我們再次約
就是第三次了
但是這一次有點小尷尬
因為我的MC還在
量不多
只是怕🐈‍⬛不敢闖紅燈🚦
-
✉️～
🙈：「美好的時光都沒了，因為現在中午了」
🐈‍⬛：「妳怎麼來？」
🙈：「開車🚗～」
🐈‍⬛：「那妳出門吧～」
🙈：「等等..我先確認個事情」
🙈：「你敢闖紅燈🚦？」
🐈‍⬛：「不敢..」
🐈‍⬛：「很多嗎…？」
🙈：「就是最後後段的量..」
🐈‍⬛：「可以試試..」
🙈：「好..」
🐈‍⬛：「但是我不能太久，我等等有事情」
🙈：「幾點啊？」
🐈‍⬛：「x點..」
🙈：「哇～這樣好趕啊～」
🐈‍⬛：「那這樣還要嗎？」
🙈：「要…我就是要打炮」
-
我精蟲上腦
（咦？女生是這樣形容？
反正沒有人可以阻止我要見🐈‍⬛的衝動
（咦？說好聽的是這樣，主要是要色色🥵
-
反正最後約成功了
所以我就出發了
-
✉️～
🙈：「我在十分鐘就到了」
🐈‍⬛：「我在路上了」
-
我抵達旅館了🐈‍⬛還沒到
我都參觀不知道幾輪去了
-
✉️～
🙈：「你太壞了」
🐈‍⬛：「？」
🙈：「我等等要欺負你」
🐈‍⬛：「🤔好呀」
-
我要懲罰🐈‍⬛遲到",2025-11-14 21:54,"❗️刪對話訊息是日常
-
（ 記錄各式各樣的日記
（ 有點營養又有點不太營養🤪
（ 偶爾發瘋/偶爾中瘋
（ 偶爾正常/偶爾感性
-
暈船日記 🫠（20250920-End🪦)",一直想睡
stranger_____iii,陌生人,"分享一下
我也不是很懂怎麼會吸引到
-
即將結婚的
已經有女友的
-
你們怎麼了？
外面比較刺激？",2025-11-14 21:28,"❗️刪對話訊息是日常
-
（ 記錄各式各樣的日記
（ 有點營養又有點不太營養🤪
（ 偶爾發瘋/偶爾中瘋
（ 偶爾正常/偶爾感性
-
暈船日記 🫠（20250920-End🪦)",一直想睡
stranger_____iii,陌生人,"望周知
-
趁有感覺的時候趕緊做
不然錯過了
就還要等一陣子
甚至是等不到
-
例如
蹲廁所這件事情…..",2025-11-14 13:02,"❗️刪對話訊息是日常
-
（ 記錄各式各樣的日記
（ 有點營養又有點不太營養🤪
（ 偶爾發瘋/偶爾中瘋
（ 偶爾正常/偶爾感性
-
暈船日記 🫠（20250920-End🪦)",一直想睡
stranger_____iii,陌生人,"笑死
今天差點沒網路了",2025-11-14 07:48,"❗️刪對話訊息是日常
-
（ 記錄各式各樣的日記
（ 有點營養又有點不太營養🤪
（ 偶爾發瘋/偶爾中瘋
（ 偶爾正常/偶爾感性
-
暈船日記 🫠（20250920-End🪦)",一直想睡
stranger_____iii,陌生人,"偶爾看看以前的照片
才發現以前原來笑起來挺好看的
（我是什麼自戀鬼🤪",2025-11-13 21:30,"❗️刪對話訊息是日常
-
（ 記錄各式各樣的日記
（ 有點營養又有點不太營養🤪
（ 偶爾發瘋/偶爾中瘋
（ 偶爾正常/偶爾感性
-
暈船日記 🫠（20250920-End🪦)",一直想睡
stranger_____iii,陌生人,"我先3然後後4
結果居然都是高名次🫣",2025-11-13 19:03,"❗️刪對話訊息是日常
-
（ 記錄各式各樣的日記
（ 有點營養又有點不太營養🤪
（ 偶爾發瘋/偶爾中瘋
（ 偶爾正常/偶爾感性
-
暈船日記 🫠（20250920-End🪦)",一直想睡
stranger_____iii,陌生人,「🐈‍⬛_🫧🫧小花絮」；Part.2🔞,2025-11-12 21:13,"❗️刪對話訊息是日常
-
（ 記錄各式各樣的日記
（ 有點營養又有點不太營養🤪
（ 偶爾發瘋/偶爾中瘋
（ 偶爾正常/偶爾感性
-
暈船日記 🫠（20250920-End🪦)",一直想睡
stranger_____iii,陌生人,女生色起來也是真的挺色的🥵,2025-11-12 19:12,"❗️刪對話訊息是日常
-
（ 記錄各式各樣的日記
（ 有點營養又有點不太營養🤪
（ 偶爾發瘋/偶爾中瘋
（ 偶爾正常/偶爾感性
-
暈船日記 🫠（20250920-End🪦)",一直想睡
stranger_____iii,陌生人,"望周知
-
選擇喜歡的人/事/物/工作
-
因為你
自己的開心才是最重要的🥳",2025-11-12 16:04,"❗️刪對話訊息是日常
-
（ 記錄各式各樣的日記
（ 有點營養又有點不太營養🤪
（ 偶爾發瘋/偶爾中瘋
（ 偶爾正常/偶爾感性
-
暈船日記 🫠（20250920-End🪦)",一直想睡
stranger_____iii,陌生人,"完蛋了啦…
🫧🫧文章來不及生出來😱",2025-11-12 07:11,"❗️刪對話訊息是日常
-
（ 記錄各式各樣的日記
（ 有點營養又有點不太營養🤪
（ 偶爾發瘋/偶爾中瘋
（ 偶爾正常/偶爾感性
-
暈船日記 🫠（20250920-End🪦)",一直想睡
listz__,Listz__,這首歌七年啦⋯明年就八年啦⋯⋯⋯,2025-11-05 04:24,在這裡發瘋,一直想睡
listz__,Listz__,年紀那麼小怎麼這麼多感觸啊 暈死掉,2025-11-04 04:35,在這裡發瘋,一直想睡
listz__,Listz__,Ooh🥺,2025-11-04 04:18,在這裡發瘋,一直想睡
listz__,Listz__,冬天來了 聽DSPS的時間到了,2025-11-04 02:31,在這裡發瘋,一直想睡
listz__,Listz__,連續玩了兩天 懶女要先進入休眠模式了 累s,2025-11-02 14:07,在這裡發瘋,一直想睡
listz__,Listz__,哈哈哈哈哈哈哈,2025-11-01 15:12,在這裡發瘋,一直想睡
listz__,Listz__,昨天（應該算今天）久違去Cocco一直沒有聽到喜歡的歌 待了快三個小時也是 難過🫩,2025-11-01 13:20,在這裡發瘋,一直想睡
listz__,Listz__,你們很煩,2025-10-30 23:12,在這裡發瘋,一直想睡
listz__,Listz__,心臟pop out 第一眼就cop cop🐶💛😌,2025-10-29 00:54,在這裡發瘋,一直想睡
catbearbibi,Chia Chia,"他輕易說出傷人的話，我卻要用盡力氣才能保護自己。
有太多人習慣指點別人的人生，但每個人都有自己的不容易，不需要跟他多做解釋，因為那是他的認定。
學會對別人的話不要有太多反應，才能保護努力面對人生的自己。
日子很難，但你還在勇敢面對；日子有點苦，但你沒有放棄讓自己快樂的機會。
沒有任何人能否定你，你也不要為了任何人的話否定自己。
不要因為別人的一句話，
就讓自己的一天不開心。",2025-03-13 20:45,風雨人生，能給自己撐傘，才是一個人最大的安全感。,容易累
catbearbibi,Chia Chia,"我不會無緣無故黏著一個人，
也不會無緣無故疏遠一個人，
我可以對你很好，也可以無話可說，
原因很簡單，是你的態度決定了我的溫度，
你若淡了，那我也就算了，
你若算了，那我也就忘了！",2025-03-12 23:36,風雨人生，能給自己撐傘，才是一個人最大的安全感。,容易累
catbearbibi,Chia Chia,"一個人只要是想出軌，
第三者不一定要有多出色有多美，一樣會輕易變心。
不是你太差，而是第三者有新鮮感。
一個人只要是內心專一，
無論遇到再優秀再好的人都不會動心，
不是你太好，而是他早已經認定你一個。
說到底，
愛喜新厭舊就不要牽手，牽了手就請從一而終，
因為愛情最基本的不止是信任，疼惜，還有忠誠。
所以，
愛就是全心投入，彼此忠誠，用心付出，承擔責任。
承諾這東西，說了就要履行一生。
男人不能原諒女人身體出軌，
女人不能原諒男人精神出軌。
男人更注重對女人身體的獨占欲，
女人更看重對男人心靈的占有。
女人可以接受有故事的男人，
男人普遍不愛有故事的女人。
但凡真愛上一個人，你會患上感情潔癖，
忍受不了對方一點點感情不潔，不論身體還是精神上。
原諒一個出過軌的人，
就好比把抹布洗乾淨再拿來當毛巾用。
而原諒一個死性不改頻繁出軌的人，就好比拿擦腳布直接擦臉...
所以男同胞們，要記得：
別把自己老婆不當回事，在別的男人眼裡她很迷人！
女生要記得，
別總抱怨自己的老公是孬種，
至少你有圓滿的一個家，還有疼愛你的他。
戀愛雖易，婚姻不易，且行且珍惜。
婚前不要劈腿，婚後不要出軌。",2025-03-11 23:58,風雨人生，能給自己撐傘，才是一個人最大的安全感。,容易累
catbearbibi,Chia Chia,"不要在一段有毒的關係裡消耗自己
真正的親密關係，應該是讓人感到安心、自在，而不是無休止的消耗與折磨。如果一段關係讓你時刻感到疲憊、壓抑，甚至懷疑自己的價值，那麼它很可能已經變成了一種「內耗」。
有毒的關係，往往讓人陷入無謂的情緒拉扯，你付出再多，也換不來真正的理解與珍惜。你一次次地忍讓、試圖挽回，卻發現對方始終無動於衷，甚至讓你陷入自我懷疑，覺得是不是自己不夠好、不夠努力。其實，問題並不在你，而是在這段關係本身——它正在消耗你的情緒、能量，甚至改變你的自我認同。
真正愛你的人，不會讓你在愛裡感到卑微，也不會讓你在關係中迷失自己。如果一段關係只剩下委屈與消耗，那麼最好的選擇，不是繼續忍耐，而是學會放手。因為當你選擇遠離那些消耗你的人，才有機會迎來真正值得的愛與尊重。
別在一段有毒的關係裡耗盡自己，因為你的愛與善良，值得被珍惜……….",2025-03-11 06:24,風雨人生，能給自己撐傘，才是一個人最大的安全感。,容易累
catbearbibi,Chia Chia,"婚姻里最大的悲哀就是：一個男人他分不清枕邊人與外人之間的親疏遠近，拿著妻子當外人，拿著外人當親人，跟外人無話不談，跟妻子無話可說，出了問題都是妻子的問題，從不反思自己。
婚姻其實并不可怕，可怕的是枕邊人拿你當外人。他把外人的話拿著當圣旨，妻子苦口婆心的勸誡，拿著當空氣，遇到這樣的男人，一輩子都不會幸福。
俗話說愛妻者風生水起，虧妻者百財不入。虧妻的男人，注定混的窮困潦倒、一事無成，而且這樣的男人，他的晚年注定無依無靠、孤獨終老。這是因果，也是天道，做人做事千萬別逆天而行，人在做，天在看，報應會遲到，但從不會缺席。",2025-03-10 06:20,風雨人生，能給自己撐傘，才是一個人最大的安全感。,容易累
catbearbibi,Chia Chia,"最近很喜歡的一段話：
把你逼瘋又冷靜的看著你發瘋，還要站在道德的制高點說你情緒不穩定！
其實讓人崩潰的東西很簡單，是說話的語氣，是不耐煩的情緒，都是芝麻綠豆大的小事，可滿地的芝麻綠豆，足以讓人撿到崩潰。
我本身就是一個滿身傷疤的人，不敢奢望誰能帶我脫離苦海，可怕的是，我竟然以為你跟別人不一樣，原來你也是帶刀而來。
人這輩子，遇見對你好的人容易，但遇見始終待你如初的人卻很難，因為初心易得，始終難守，相遇在天，相守在人，好的感情，不是一下子把你感動，而是細水長流般的寵你。
感情不是找一個最好的人，而是找一個對你最好的人，一個願意為你放棄驕傲的人，願意為你融人生命的人，那才是愛情最後的歸宿。
人和人感情久了不只是愛，還有依賴，如果失去了，不僅是痛，還有不捨！
呵～",2025-03-09 22:53,風雨人生，能給自己撐傘，才是一個人最大的安全感。,容易累
catbearbibi,Chia Chia,"成年人最大的清醒，是管好自己，不渡他人。
克制自己糾正他人的欲望，很多事情就算你是對的，也無需證明別人是錯的。
人生在世，
不輕易評價，不隨意指責，不過度干涉，
忠於自己的本心，反省自己的過失，
穿好自己的鞋，走好自己的路，
看風景旖旎，歷人間百態。
記住：位置不同，少言為貴。
認知不同，不爭不辯。
三觀不合，浪費口舌。
如此，才能活的灑脫、愜意、自在。",2025-03-08 21:47,風雨人生，能給自己撐傘，才是一個人最大的安全感。,容易累
catbearbibi,Chia Chia,"成長中最痛的一課，是你從未設防的那個人朝你開了致命的一槍，是陰影，是教訓，是心碎，是對自己的否定，是任何時候觸摸到傷口都會疼……
到了後來才知道，一個人對你造成最大的傷害，是他摧毀了你對人性的信任……",2025-03-07 18:41,風雨人生，能給自己撐傘，才是一個人最大的安全感。,容易累
catbearbibi,Chia Chia,"夫妻走到最后，
不是激情永燃，
而是吵完架依然記得給對方倒一杯水。
不是風花雪月的對白，
而是你丟三落四時有人默默替你收拾殘局。
人品，
是在你落魄時沒有推開你，
而是拉著你說：
“我們一起想辦法。”
責任，
是明知生活像場馬拉松，
依然愿意陪你跑到終點。
良心，
是在誘惑面前停下腳步。
婚姻的考驗不在甜蜜時，
而是在一場場瑣碎里還能笑著擁抱。
愛是一場修行，
把脾氣磨成耐心，
把抱怨變成理解。
當激情退去，
日子依然在，
那些細碎的溫柔才是婚姻的長跑燃料。
真正長久的感情，
是即使平淡如水，
依然愿意每天煮一壺熱茶等對方歸來。
不是沒有矛盾，
而是吵完依舊愿意坐在同一張餐桌前，
把飯吃完。
不是誰更完美，
而是彼此都愿意成為對方的避風港。
婚姻不需要驚天動地的浪漫，
只需要在平凡中，
始終選擇不離不棄。",2025-03-04 10:29,風雨人生，能給自己撐傘，才是一個人最大的安全感。,容易累
catbearbibi,Chia Chia,"很現實的一段話：
你信不信，一個男人真的很想跟你在一起，他會把所有障礙都解決好，他就生怕你受一點委屈，而不是一有問題就逃避，讓你獨自承受。
認清一個男人四個度就夠了，回你消息的速度，為你花錢的額度，吵架後的態度，包容你的程度。
清醒點，其實有些人，什麼都給不了你，只會影響你的情緒。
原來真正的釋懷，是連恨都沒有了，再回過頭去看他，他真的很一般，只是當時，你的愛給他渡了一層金。
“物質給不了，愛給不了，所有的關心只靠嘴，那大餅畫得邦邦硬，咬都咬不動，還要告訴女人不要用錢來衡量愛情，那用啥，用秤啊！
如果分手會是一種傷害，我們應該學著避免，如果戀愛是分手的前提，那我們早該學會放棄。
長篇大論要發給值得的人看，碎碎念念要講給有回應的人聽，有趣的事物不應該分享給敷衍的人。
能說服人的，從來都不是道理，而是南牆。能教人成長的，從來也不是書籍，而是經歷。
穩定的情緒和良好的財務才是最重要的，而不是某個人愛不愛你。
誰影響你情緒，讓你內耗，你就放棄誰，無愛可破情局，無情可破全局。
或許錯過也是一個好的結局。",2025-03-03 14:08,風雨人生，能給自己撐傘，才是一個人最大的安全感。,容易累
catbearbibi,Chia Chia,"婚姻會走向離婚的原因其實有很多
一個家鬧到離婚，
有時候問題是在男人身上。
一個男人的失敗
不是他沒經濟能力
也不是他不會甜言蜜語
最根本的原因是他弄不明白
自己什麼事該做，什麼不該做。
娶了老婆不懂的呵護
有了兒女不知道照顧
有點積蓄
不知道用在妻兒身上
有點時間
也不待在家裡
就在外面各種折騰
就是不懂的把心思花在家庭裡
老婆交代的事
轉頭就忘
外人一個消息
馬上現身
到最後的時候
孩子都不認識爸是誰
還埋怨自己老婆把孩子教壞了
一個沒有擔當的男人，
他永遠不會考慮別人的感受，
只會習慣性把自己的感受放在第一位。
這個世界上
最大的謊言就是：
「老婆可以再娶，媽媽只有一個。 」
這句話害了無數個家庭，
沒錯你的媽媽是只有一個，
難道我孩子的媽媽，有很多個嗎？
總結來說⋯
一個男人最大的失敗，
就是逼走用生命為他生兒育女的女人。
而一個女人最大的失敗，
就是嫁給沒有責任，沒有擔當的男人！",2025-03-02 21:27,風雨人生，能給自己撐傘，才是一個人最大的安全感。,容易累
11.neststory,11 𖤐ˊ˗,"分享一個，我實踐了半年，整理生活和情緒的小方法
最開始是我發現到，工作結束後我常常沒有休息到的感覺，隔天還是很累，所以就想著是不是我的休息做法不太對，這些活動無法讓我放鬆
後來讀了《做自己的生命設計師》後，有一個練習我很喜歡，把他簡化了一下，開始記錄起每天的時間走向，以及我做哪些事時感到了正面/負面的情緒
1. 觀察自己空閒的時間裡都做什麼事，尤其是下班後到睡前這段時間，花最多時間的事，是自己喜歡，或覺得重要的事嗎？
2. 寫「做這件事時感覺...」的筆記。我會直接分成正面（平靜、開心、滿足...）和負面（焦慮、空虛、煩躁...）兩大分類，然後填入會產生這些感覺的事，例如做家事、和朋友打電話等等
3. 大概紀錄兩週到一個月後，就可以得到一份自己的使用說明。在可以控制的時間裡，多做會讓自己開心的事，避免會造成負面狀態的事
例如我發現自己在看手作和整理家裡的影片時，不像看搞笑或短影片那樣，會感到空虛或躁躁的，後來就改看這類，也不太會有越滑越上癮的問題
這個做法的另外好處是，可以更了解自己，也可以在生活失序時得到一包自救的錦囊妙計
推薦給覺得生活亂亂，想找回生活秩序的你！",2025-08-18 12:34,"因為太常能量低，所以研究各種讓自己好起來的方法
超級Ｉ但喜歡當人類觀察家，興趣很雜
-
🪄 《過得還不錯的一年》讀後感＆實踐心得｜連載中
🍄 完整心得、實踐長文，會放在生活信裡面 ⤵",容易累
11.neststory,11 𖤐ˊ˗,"週末和朋友見面，突然感受到，我們都需要一些「願意聽別人說話」的朋友
平時我跟朋友Ａ都單獨見面，通常我們聊天都是他分享事情我聽，倒也沒覺得怎麼樣，我不用想我要說什麼，就吃東西恩恩恩
但週末有了朋友Ｂ和 C，人一多就發現，朋友Ａ很需要有人聽他說話，或者說，他很希望焦點在他身上
例如講到最近房市的問題，聊到一個段落，他突然就把話岔開講到他男友的事；或是我們在聊工作和同事，他就只想講他的白爛主管
但Ｂ和 C 人也都很好，話題被岔開就陪他聊，只是有幾個瞬間我就會感覺，其實大家在原話題上還有東西沒講完，只是估計覺得朋友聊天而已，過了就過了也不是很重要
-
這可能解釋了為什麼之前和朋友Ａ出門的時候，很容易覺得累。他是我很好的朋友，但常常待個三個小時，我就會忍不住想回家，只是之前都不知道為什麼
但另一次我和另外兩個朋友，我們坐在咖啡廳爆聊了五個小時（超扯），但中間沒覺得累，回家後還很開心跟男友說我們今天都聊了什麼
才發現喔，就算是朋友聊天這種小事，還是需要一些願意互相傾聽的溫柔吧",2025-08-18 10:20,"因為太常能量低，所以研究各種讓自己好起來的方法
超級Ｉ但喜歡當人類觀察家，興趣很雜
-
🪄 《過得還不錯的一年》讀後感＆實踐心得｜連載中
🍄 完整心得、實踐長文，會放在生活信裡面 ⤵",容易累
11.neststory,11 𖤐ˊ˗,"我發現轉移注意力是一個可以改變心情的小方法
有時候會頭痛，如果我把注意力一直放在
「頭好痛喔.......」
「我是幹嘛了嗎今天頭也太痛了吧」
等等的想法上，頭就會越來越痛
但只要去做別的事，就會忘記頭痛，然後晚一點就好了，很神奇。但倒也不是說要忽視頭痛，這大概是我的身體又在提醒我逼逼！你過的太隨便囉的訊號。
那感覺有點像，如果一個小孩每次哭了，大人都會把他抱起來秀秀還買糖果給他，他就會知道哭是有用的，然後習慣了哭＝獲得東西是正常的。
-
最近練習如果腦中又出現一些亂七八糟的想法，就對他說「你等一下，我忙完再來跟你說話」然後去做別的事。
晚點再回來想一下本來要想的那些亂七八糟，心情就沒那麼亂了，覺得誒？好像也沒那麼嚴重。難道這就是教育小孩的感覺嗎？",2025-08-15 12:37,"因為太常能量低，所以研究各種讓自己好起來的方法
超級Ｉ但喜歡當人類觀察家，興趣很雜
-
🪄 《過得還不錯的一年》讀後感＆實踐心得｜連載中
🍄 完整心得、實踐長文，會放在生活信裡面 ⤵",容易累
11.neststory,11 𖤐ˊ˗,"「自從厭倦了尋找，我便學會了找到」——尼采
我很喜歡尋找正確答案，這似乎是亞洲社會下，被培養起來的一種本能
正確意味著不出錯、完美、安全，而不確定則代表了糟糕、失敗、危險。小到訊息會不會被回覆，大到該不該出國或考研究所，在很多時候，我總對於人生有太多選擇，卻不知哪一個是正確的而感到氣惱和焦慮。
-
找到這個詞很神奇，英文用的是 find，這個字帶來一種希望感
像是散步時意外發現的可愛咖啡廳，又像是買水的發票中了200的那種驚喜
放棄尋找標準答案，換成「找到」什麼驚喜，似乎就是面對生命的未知時，我們可以選擇的另一面
-
另一方面，也確實是我永遠不可能為每一個未知做好準備。有時候會覺得，還為什麼事情焦慮一定是自己做的還不夠多，還不夠努力
但再仔細想想，我怎麼可能知道明天會遇見誰，先想好要對他說什麼，又怎麼知道他會回我什麼？
找到正確答案的過程，本身就是極度疲累且消耗量的。找不到答案就找不到吧，人生或許自有出路呢？",2025-08-15 10:56,"因為太常能量低，所以研究各種讓自己好起來的方法
超級Ｉ但喜歡當人類觀察家，興趣很雜
-
🪄 《過得還不錯的一年》讀後感＆實踐心得｜連載中
🍄 完整心得、實踐長文，會放在生活信裡面 ⤵",容易累
11.neststory,11 𖤐ˊ˗,"塗鴨鴨 🦆
好久沒畫畫了！
最近小感冒頭昏昏沉沉，做什麼都提不起精神
想說買回來的粉彩到現在都沒開過，來畫一下好了
又重新感覺到專注在塗抹的寧靜感，太好哩",2025-08-14 12:33,"因為太常能量低，所以研究各種讓自己好起來的方法
超級Ｉ但喜歡當人類觀察家，興趣很雜
-
🪄 《過得還不錯的一年》讀後感＆實踐心得｜連載中
🍄 完整心得、實踐長文，會放在生活信裡面 ⤵",容易累
11.neststory,11 𖤐ˊ˗,"「如果不是我真正想要的東西，再便宜我也不會買。即便是社會頌揚的價值，如果不想要就不會追求。」——《森林裡的資本主義》
太喜歡這段話了！
之前有陣子很愛買蝦皮的各種小廢物，結果刷卡時很開心，等包裹時很開心，到家後就沒那麼開心了，還拖了三天才拆包裹。
想了下這些包裹的共通點，是他們都屬於「衝動購物」。像是看到別人推薦就買，被燒到就買，還來不及想清楚要不要就刷卡了。
以為花錢買開心，結果開心的好像只有老闆而已。
-
有時候認清自己喜歡、不喜歡什麼其實蠻難的，但這可能就是長大的意義之一吧？在很多的不喜歡、失敗裡面，慢慢找到自己的喜歡和需要。
你有什麼買很久後還是會心動的東西嗎？我是植物！
植物小孩便宜入手，一兩年後看他長大變胖，那個開心真的可以持續好久",2025-08-13 10:29,"因為太常能量低，所以研究各種讓自己好起來的方法
超級Ｉ但喜歡當人類觀察家，興趣很雜
-
🪄 《過得還不錯的一年》讀後感＆實踐心得｜連載中
🍄 完整心得、實踐長文，會放在生活信裡面 ⤵",容易累
11.neststory,11 𖤐ˊ˗,"和你分享一些我低能量時的自救清單
1. 睡覺和休息
老生常談了，但越接近30越發現原來真的有睡眠債這種東西。
之前去看中醫，醫生說我的肝很累，問我是不是會熬夜或是睡不好，我才知道我慢性頭痛的根源居然是因為不愛去睡覺。
長期忽視身體訊號，所以現在在還債了😮‍💨
讓辛苦的身體好好休息，也是一種照顧自己
-
2. 多喝水
水是沒那麼好喝，但戒糖戒手搖改喝水，真的會覺得精神比較好，也比較不容易累
最近夏天很濕熱，一直在中暑，我以為我又狀態不好了，結果是身體不舒服影響到了心理，身心果然是一體的！
-
3. 有一個能放鬆療癒的興趣
如果工作或日常真的壓得喘不過氣，那一個療癒的興趣可以帶來很大的幫助
最近喜歡織毛衣，工作做完後拿起毛線就真的可以放鬆，也會有一件事可以期待
期待去做這個興趣，光這個期待的心情就對我幫助蠻大，不然生活就只剩下工作和日常，會沒有喘息的空間
-
4. 放一個療癒小物在工作桌上
最緊繃的時候通常就是工作時，把喜歡的療癒的小東西放在身旁，就可以有一個短短的「哎呀好可愛…」的瞬間",2025-08-11 12:51,"因為太常能量低，所以研究各種讓自己好起來的方法
超級Ｉ但喜歡當人類觀察家，興趣很雜
-
🪄 《過得還不錯的一年》讀後感＆實踐心得｜連載中
🍄 完整心得、實踐長文，會放在生活信裡面 ⤵",容易累
11.neststory,11 𖤐ˊ˗,"你也會睡前想很多然後睡不好嗎？
這一年來我花蠻多時間整理思緒和習慣，其中發現幾個超容易讓自己睡不好的壞習慣：
1. 睡前看手機（尤其是社群）
2. 沒有睡前儀式來為一天劃上句點
3. 睡前看會動腦或亢奮的東西
像是社群就超容易一滑就難睡。因為根本不知道等等會滑到什麼，所以不小心就會受到影響
他好成功，我是不是還可以做得更好？
蛤？好瞎，他為什麼會這樣做？
為什麼他們看起來那麼快樂？
可能沒營養可能值得深思，但不管哪個，腦袋只要動起來，想著想著真的就不用睡了
昨天不小心多看了兩下，今天頭好痛（知道怎麼做是對的，但我就是偶爾會犯QQQQQ）
睡覺也是需要練習的...真羨慕那些頭沾枕頭就可以呼呼大睡的人！",2025-08-08 10:47,"因為太常能量低，所以研究各種讓自己好起來的方法
超級Ｉ但喜歡當人類觀察家，興趣很雜
-
🪄 《過得還不錯的一年》讀後感＆實踐心得｜連載中
🍄 完整心得、實踐長文，會放在生活信裡面 ⤵",容易累
loiul2025,loiul2025,"強烈建議大家培養一個「成長型嗜好」
尤其是容易焦慮、常內耗的朋友！
這種嗜好不必很酷炫，但一定要是那種從0開始、需要時間和耐心慢慢累積的，例如：游泳、健身、登山、學樂器、寫作、畫畫、學新語言…
過程很重要：你會發現自己全神貫注在當下，一點一滴累積成長，長期堅持下去，系統練習，不斷進階
慢慢把小事做到極致，你會看到自己每一步的進步，感受到「我以為我不行，其實我能做到」的爽感
長期練習這件小事，它會滋養你、驅動你，當你遇到困難或心情低落時，這股力量會自動拉你走出困境，形成正向循環
把自我否定轉化成自我肯定，把內耗的能量用在自我建設上
這，就是成長型嗜好最大的魔力",2025-11-26 22:47,"海系女孩𓆉
海裡有我最像自己的樣子
Salt water addicted 🌊
swimmer · 海系靈魂 · 晒痕愛好者",容易累
loiul2025,loiul2025,"蔡康永有一段經典的話：
15歲覺得游泳難，就放棄游泳
18歲遇到喜歡的人約你去游泳
你只好說：「我不會耶」
18歲覺得英文難，懶得學
28歲遇到一個需要英文的超棒工作
你又只能說：「我不會耶」
人生前期越嫌麻煩、越懶得開始
後面就越容易錯過讓你心動的人、機會和風景
身為教游泳的我超有感
很多學生不是怕水，是怕麻煩、怕丟臉、怕開始
但一旦開始，每個人都會比自己想像中更進步",2025-11-25 22:12,"海系女孩𓆉
海裡有我最像自己的樣子
Salt water addicted 🌊
swimmer · 海系靈魂 · 晒痕愛好者",容易累
loiul2025,loiul2025,"想到高中時期有兩件事讓我超級恐懼
1.游泳課
要在不熟的同學（尤其男生）面前穿泳衣，那種赤裸感真的讓我心跳加速、好可怕！
我的泳衣是一年級必修游泳課後就封印的超大露背款，雖然現在知道沒人在意，但當時真的尷尬到想找地洞鑽
2.音樂課
我們跳華爾滋，而且一定男女搭配
第一次要跟男生手牽手，我整個人想尖叫！現在想到還會心跳漏拍
題外話誰要跟我跳，我覺得我跳得還不錯耶🤣",2025-11-24 22:12,"海系女孩𓆉
海裡有我最像自己的樣子
Salt water addicted 🌊
swimmer · 海系靈魂 · 晒痕愛好者",容易累
loiul2025,loiul2025,"今天去游泳的蒸氣室小趣事
一位阿姨看到我屁股，直說「好看！是不是有練？」
我們聊了聊重訓，聊得超開心
結果她出門前突然說：「欸～不好意思可以摸摸看嗎？」
我：「可以啊可以啊～」
接著另一位阿姨也說她也想摸摸看
最後整個蒸氣室就變成阿姨們排隊摸我的屁股😂",2025-11-23 21:51,"海系女孩𓆉
海裡有我最像自己的樣子
Salt water addicted 🌊
swimmer · 海系靈魂 · 晒痕愛好者",容易累
psy_dr_erin,吳依倫醫師 身心科,"總是無法放鬆、睡不飽，可能是廣泛性焦慮症
和短時間突然焦慮程度飆高的恐慌發作不同，廣泛性焦慮症的人隨時都處在輕度焦慮狀態，就好像身後隨時坐著一隻獅子，只是現代人的獅子是生活中讓人擔心的大小事。這些事不會吃了我們，身體卻會產生一樣的反應。
廣泛性焦慮症有以下症狀：
1.總是擔心不同事情，學校、工作表現、小孩安全，主題換來換去，但都是無法控制的焦慮......就是台語的「搞操煩」
2.肌肉緊繃、常頭痛、容易疲倦
3.注意力不集中、常常腦袋空白
4.對聲音敏感、怕吵易怒
5.無法入睡、淺眠、睡眠品質差
若有以上狀況，建議尋求專業協助喔！",2024-08-12 20:29,"顧心也顧身的精神科醫師
紀錄診間日常X讀書觀影筆記
學習過舞蹈治療、正念減壓、接納與承諾療法
👩‍⚕️新田身心診所/禾馨民權婦幼診所/心禾診所主治醫師
個人化治療特約門診（孕產情緒困擾、母職倦怠、強迫症、恐慌症）",容易累
psy_dr_erin,吳依倫醫師 身心科,"「不管在哪裡，能用自己的專長，讓人們過更好的生活，不是很幸福嗎？」
──摘自 蔡雙羽、邱顯洵《同島一夢》
診間便利貼",2024-08-08 14:02,"顧心也顧身的精神科醫師
紀錄診間日常X讀書觀影筆記
學習過舞蹈治療、正念減壓、接納與承諾療法
👩‍⚕️新田身心診所/禾馨民權婦幼診所/心禾診所主治醫師
個人化治療特約門診（孕產情緒困擾、母職倦怠、強迫症、恐慌症）",容易累
psy_dr_erin,吳依倫醫師 身心科,"突然胸悶心悸喘，檢查卻都正常，可能是恐慌發作，症狀如下
1.頭暈、喉嚨梗塞、呼吸困難、胸悶、心跳加速、噁心
2.冒汗、發抖無力、發冷或發熱、感覺異常（指尖、嘴唇發麻最常見）
3.內心感覺：覺得周圍一切不真實或感覺自己不真實、害怕自己快發瘋或失控、害怕自己要死了
以上13個符合4個
從好好沒事到極度不舒服的時間很短，10分鐘內症狀從沒事達到最嚴重。
第一次發生因為不知道自己怎麼了，很多人會嚇到跑急診，以為心臟病發或有其他嚴重疾病，但通常檢查都沒問題。
以上情形如果頻繁發作持續超過一個月，且影響生活，有可能是恐慌症，建議身心科就診，評估是否使用藥物與接受認知行為治療。",2024-08-06 13:57,"顧心也顧身的精神科醫師
紀錄診間日常X讀書觀影筆記
學習過舞蹈治療、正念減壓、接納與承諾療法
👩‍⚕️新田身心診所/禾馨民權婦幼診所/心禾診所主治醫師
個人化治療特約門診（孕產情緒困擾、母職倦怠、強迫症、恐慌症）",容易累
psy_dr_erin,吳依倫醫師 身心科,"《化解精神科看診迷思 下》
🌱擔心影響工作
  工作單位不能調閱健保卡就診記錄，如果很擔心，也可以使用自費方式看診
🌱失眠要看嗎？是不是早點睡就好？
 失眠常常只是果而不是因，尋求專業協助，找到原因，才能對症下藥。
 若失眠一週三晚以上，連續三個月以上，建議就診
🌱害怕吃藥有副作用
  藥物是治療工具的其中一種。我們不會因為開刀可能切到手就不煮飯、可能釘到手就不用鐵錘，為什麼治療時要放棄好用的工具呢？",2024-08-04 09:21,"顧心也顧身的精神科醫師
紀錄診間日常X讀書觀影筆記
學習過舞蹈治療、正念減壓、接納與承諾療法
👩‍⚕️新田身心診所/禾馨民權婦幼診所/心禾診所主治醫師
個人化治療特約門診（孕產情緒困擾、母職倦怠、強迫症、恐慌症）",容易累
psy_dr_erin,吳依倫醫師 身心科,"《化解精神科看診迷思 上》
🌱覺得看身心科很丟臉
  願意看見自己的需求，選擇照顧自己的人，是很勇敢的人
🌱不想跟不認識的人講心事
  精神科看診，不一定要講心事。可以從困擾你的症狀，例如失眠、焦慮、腦袋停不下來、記性變差
🌱害怕被貼標籤
  不需要跟所有人交代看診的事，只要讓你信任的家人朋友知道就可以了。真心關心你的人，會希望你的問題被了解與獲得改善。被失眠心情差困擾的是你，不是家人朋友，為無法替你痛苦的人忍耐，還是好好照顧自己的需要，可以聽聽自己心中的答案。",2024-08-03 09:58,"顧心也顧身的精神科醫師
紀錄診間日常X讀書觀影筆記
學習過舞蹈治療、正念減壓、接納與承諾療法
👩‍⚕️新田身心診所/禾馨民權婦幼診所/心禾診所主治醫師
個人化治療特約門診（孕產情緒困擾、母職倦怠、強迫症、恐慌症）",容易累
psy_dr_erin,吳依倫醫師 身心科,"《診間便利貼》
為了幫大家整理思緒，有時我在診間會用小紙條寫下一句重點，希望可以成為日常的提醒跟支持。
今天我想分享的是：
「即使需要幫助，我們都仍是完整的。」
當你在面對日常身心的挑戰時，有沒有哪句話是讓你一想到就重新獲得力量的呢？歡迎留言與我們分享
診間便利貼",2024-08-02 07:53,"顧心也顧身的精神科醫師
紀錄診間日常X讀書觀影筆記
學習過舞蹈治療、正念減壓、接納與承諾療法
👩‍⚕️新田身心診所/禾馨民權婦幼診所/心禾診所主治醫師
個人化治療特約門診（孕產情緒困擾、母職倦怠、強迫症、恐慌症）",容易累
psy_dr_erin,吳依倫醫師 身心科,"安眠藥怎麼吃最有幫助？
🌱吃藥時間：睡前吃就可以，頂多提早一小時
🌱吃藥後：躺在床上避免滑手機、用電腦、做其他會讓腦袋清醒的事，錯過藥效發揮時間
🌱自然入睡：一小時內睡著都是正常範圍，不用追求秒睡
藥物治療4/6",2024-08-01 06:56,"顧心也顧身的精神科醫師
紀錄診間日常X讀書觀影筆記
學習過舞蹈治療、正念減壓、接納與承諾療法
👩‍⚕️新田身心診所/禾馨民權婦幼診所/心禾診所主治醫師
個人化治療特約門診（孕產情緒困擾、母職倦怠、強迫症、恐慌症）",容易累
psy_dr_erin,吳依倫醫師 身心科,"藥越吃越沒效？如何避免「藥物依賴」
精神科藥物分為治療藥物與救急的備用藥物。
治療藥物可以修復大腦神經，從源頭治療症狀，要服藥兩週以上，累積血液濃度後，效果才會出來；在等待治療藥物效果出現前，醫師會開立備用藥物如鎮定劑、安眠藥先緩解不適，但只能治標，無法根治症狀。
很多人習慣每天服用立即緩解症狀的鎮定劑、安眠藥來應急，對於需要每天吃以累積藥物濃度的治療藥物，例如抗憂鬱藥，卻有不舒服才吃。結果源頭沒有解決，反而感覺越吃越沒效。
按時依照醫囑服藥，減少治標藥物使用，就可以用最低劑量，達到改善效果。
藥物治療3/6",2024-07-31 07:07,"顧心也顧身的精神科醫師
紀錄診間日常X讀書觀影筆記
學習過舞蹈治療、正念減壓、接納與承諾療法
👩‍⚕️新田身心診所/禾馨民權婦幼診所/心禾診所主治醫師
個人化治療特約門診（孕產情緒困擾、母職倦怠、強迫症、恐慌症）",容易累
psy_dr_erin,吳依倫醫師 身心科,"抗憂鬱藥停藥前與醫師討論，減少不必要的不適
調控血清素作用的抗憂鬱藥，突然停藥時，會出現血清素戒斷症狀，大多在停藥一到三天後出現：
1.類流感症狀：微燒、肌肉酸痛、頭重
2.感覺障礙：最常見是手腳觸電感、麻麻的
3.暈眩、頭痛、噁心、手抖、冒汗、走路不穩
4.焦慮、失眠、多夢
在醫師協助下，漸進式減藥，能讓療程結束更順利，避免不必要的不舒服",2024-07-30 08:06,"顧心也顧身的精神科醫師
紀錄診間日常X讀書觀影筆記
學習過舞蹈治療、正念減壓、接納與承諾療法
👩‍⚕️新田身心診所/禾馨民權婦幼診所/心禾診所主治醫師
個人化治療特約門診（孕產情緒困擾、母職倦怠、強迫症、恐慌症）",容易累
y0ming.photo,柳暗花明宥一村,"很愛王家衛電影裡的一句台詞：
我不知道該怎樣和生活中無法失去的人說再見，所以我沒有說再見，就離開了。",2025-08-28 21:06,"I 🎬導演 I 📷拍照 I 寫字 I 畫畫 I
行走在城市的縫隙裡，聽見時間的細語。畫畫、寫字，是和自己對話；說故事，是想與世界聯繫。
-
Sony a7C2 / Canon R5M2 📷 🎥",一睡就醒不來
y0ming.photo,柳暗花明宥一村,"平靜就是最好的反擊：
“致虛極，守靜篤。” 當一個人學會不急、不爭、不擾，生活自然也就少了許多苦和累。如今人人都情緒浮躁，言語相向，這時平靜本身，就是一種稀缺能力。
真正的高手。從不靠情緒和嘴制勝，靠的是定力、分寸感與鬆弛感。平靜不是麻木，而是明白了什麼值得、什麼不值。當你越來越懂得收起情緒、藏住鋒芒、守住節奏，你的人生會悄悄開始開掛。",2025-08-27 22:06,"I 🎬導演 I 📷拍照 I 寫字 I 畫畫 I
行走在城市的縫隙裡，聽見時間的細語。畫畫、寫字，是和自己對話；說故事，是想與世界聯繫。
-
Sony a7C2 / Canon R5M2 📷 🎥",一睡就醒不來
y0ming.photo,柳暗花明宥一村,"好喜歡哥德的一段話：
人不光是靠他生來就擁有一切，而是靠他從學習中所得到的一切，來造就自己。",2025-08-26 21:15,"I 🎬導演 I 📷拍照 I 寫字 I 畫畫 I
行走在城市的縫隙裡，聽見時間的細語。畫畫、寫字，是和自己對話；說故事，是想與世界聯繫。
-
Sony a7C2 / Canon R5M2 📷 🎥",一睡就醒不來
y0ming.photo,柳暗花明宥一村,如果你非常渴望某樣東西，就放它自由。如果它回到你身邊，它就永遠屬於你；如果沒有，那它本來就不屬於你。,2025-08-25 21:13,"I 🎬導演 I 📷拍照 I 寫字 I 畫畫 I
行走在城市的縫隙裡，聽見時間的細語。畫畫、寫字，是和自己對話；說故事，是想與世界聯繫。
-
Sony a7C2 / Canon R5M2 📷 🎥",一睡就醒不來
y0ming.photo,柳暗花明宥一村,"很喜歡的一段話：
“有點愛好，讓生活有興趣；有點掛念，讓歲月有念想。”
願生活不太擁擠，願美好隨時相伴。",2025-08-24 21:18,"I 🎬導演 I 📷拍照 I 寫字 I 畫畫 I
行走在城市的縫隙裡，聽見時間的細語。畫畫、寫字，是和自己對話；說故事，是想與世界聯繫。
-
Sony a7C2 / Canon R5M2 📷 🎥",一睡就醒不來
y0ming.photo,柳暗花明宥一村,其實人跟樹是一樣的，越是嚮往高處的陽光，根就越要伸向黑暗。,2025-08-23 21:51,"I 🎬導演 I 📷拍照 I 寫字 I 畫畫 I
行走在城市的縫隙裡，聽見時間的細語。畫畫、寫字，是和自己對話；說故事，是想與世界聯繫。
-
Sony a7C2 / Canon R5M2 📷 🎥",一睡就醒不來
y0ming.photo,柳暗花明宥一村,不是每個人的破碎，都能遇見會拼圖的人。,2025-08-22 21:09,"I 🎬導演 I 📷拍照 I 寫字 I 畫畫 I
行走在城市的縫隙裡，聽見時間的細語。畫畫、寫字，是和自己對話；說故事，是想與世界聯繫。
-
Sony a7C2 / Canon R5M2 📷 🎥",一睡就醒不來
y0ming.photo,柳暗花明宥一村,"給我2分鐘：
花了20年才明白，人生不會等待任何人。每天起床，無論如何都要堅持前進；好好照顧自己，如果你出了什麼事，世界還是繼續前行，而你會落後。想辦法打造自己的理想生活，不然就會被人聘去幫他們實現。
默默耕耘，獨自慶祝，人們總愛破壞美好的事物。不要後悔過去，從過去中學習、然後繼續前進，沒人會在意。每天更努力一點，讓自己變得更好，別聽那些沒過著你想要生活、卻給你建議的人，掌控好自己的情緒，冷靜的頭腦能應對任何狀況；遇到比你優秀的人，別嫉妒，去請教並合作。當你專注於自身事務時，你才真正與自己和平相處。",2025-08-17 21:02,"I 🎬導演 I 📷拍照 I 寫字 I 畫畫 I
行走在城市的縫隙裡，聽見時間的細語。畫畫、寫字，是和自己對話；說故事，是想與世界聯繫。
-
Sony a7C2 / Canon R5M2 📷 🎥",一睡就醒不來
y0ming.photo,柳暗花明宥一村,大部分失望，都是源於不該有的期待。,2025-08-16 21:16,"I 🎬導演 I 📷拍照 I 寫字 I 畫畫 I
行走在城市的縫隙裡，聽見時間的細語。畫畫、寫字，是和自己對話；說故事，是想與世界聯繫。
-
Sony a7C2 / Canon R5M2 📷 🎥",一睡就醒不來
y0ming.photo,柳暗花明宥一村,"剛看到這句話太頂了：
“我怎麼可以一直忙碌、只餵養了我這副漸漸老去的軀體，而從未好好珍惜那、與我相伴至死的靈魂。”",2025-08-15 21:09,"I 🎬導演 I 📷拍照 I 寫字 I 畫畫 I
行走在城市的縫隙裡，聽見時間的細語。畫畫、寫字，是和自己對話；說故事，是想與世界聯繫。
-
Sony a7C2 / Canon R5M2 📷 🎥",一睡就醒不來
y0ming.photo,柳暗花明宥一村,"看到一段感觸非常深的話：
“看一個人到底是不是對的人，其實很簡單，你只管真誠，當你越真誠、你就越能看出誰不真誠。”
這個人到底是在成就你，還是肆無忌憚的消耗你，看一個人人品到底行不行，就是給他傷害你權利的同時、保持清醒。如果他用真心換真心，你絕對不能讓他輸；他如果不知深淺，那就無需多言。高人給人真誠，俗人玩心機，該留留該去去，沒有捨不得，只有值不值得。",2025-08-14 21:15,"I 🎬導演 I 📷拍照 I 寫字 I 畫畫 I
行走在城市的縫隙裡，聽見時間的細語。畫畫、寫字，是和自己對話；說故事，是想與世界聯繫。
-
Sony a7C2 / Canon R5M2 📷 🎥",一睡就醒不來
f36675920,Momoco,"拜託大家幫忙～真心想出售！
售 隔音太空艙 $100000（可議價）
有加壓門
可放一張正常雙人床
裡面可以大聲唱歌、日夜顛倒工作的人或是喜歡一個人靜靜
#太空艙 #靜音",2025-10-12 14:38,,日夜顛倒
lukas____wu,Allen Wu,"今天載媽媽來嘉義參加表哥兒子的婚宴，我最怕這種場合。
因為我是I人社恐，舅舅、舅媽、阿姨、姨丈都來了，我只能跟他們點頭微笑噓寒問暖一下，就不知道要説什麼了@@
很難得媽媽跟舅舅、阿姨5個兄弟姊妹聚在一起，真替他們開心❤️❤️❤️
祝福這對新人永遠幸福快樂，吃完就趕快載媽媽回家休息🍰🍸",2025-11-29 12:00,,日夜顛倒
lukas____wu,Allen Wu,"晚餐帶媽媽跟外甥孫來吃我們常吃的日本料理。
這間口味不錯，只是有時候客人很多，餐點要等很久🍜🍱",2025-11-28 18:08,,日夜顛倒
lukas____wu,Allen Wu,"今天休假載媽媽來虎尾，午餐選擇來這間五線譜咖啡餐點用餐。
我點了一個起司海鮮燉飯，幫媽媽點了一份蔬食拌麵還有蘿蔔糕跟冰拿鐵，嚐了味道之後，我跟媽媽都覺得口味很普通，應該不會再來了🍷🥗",2025-11-28 14:19,,日夜顛倒
lukas____wu,Allen Wu,"到公司了，等等16:30準備上班。
被工作跟歲月摧殘的50歲老人，這2年老了很多，一切都回不去了@@，只能珍惜把握當下🍀🌹",2025-11-27 15:51,,日夜顛倒
lukas____wu,Allen Wu,"到公司了，等等16:30準備上班。
輪班生涯快邁入第24年了，繼續咬牙撐下去，昨晚沒睡好有點疲累，加油！8小時很快就過去的🏅⚽️",2025-11-25 15:51,,日夜顛倒
lukas____wu,Allen Wu,"腮鬍對我而言，真的很困擾
幾乎每天都要刮鬍子，有點麻煩👻🤖",2025-11-23 22:01,,日夜顛倒
lukas____wu,Allen Wu,"輪班已經23年多，真的有點厭倦日夜顛倒，50歲年紀也大了體力差很多，不知道還能撐多久。
只能走一步算一步，今天的早班上完明天休假一天，㊗️各位週末順心愉快🚨⚽️",2025-11-22 08:03,,日夜顛倒
xiaojun8597,小俊劉,酒店公關小姐上班前如果想要請假，她們就會跑到急診室，要求一定要開診斷證明書（收據不行）以前的經驗：年輕辣妹帶著名牌包及身上的煙混著香水的味道（特別的氣味）問診中說了一些不太嚴重的症狀，我心裏正在奇怪她怎麼來急診？來了、來了，她講到最後就是要一個診斷証明書才能請假。頭幾年碰到這樣的狀況，我會內心有點氣，想說我們這邊這麼忙了、妳跟我ㄌㄨˊ這個。近年碰到，我則立刻開、不囉嗦。想到她們那種天天日夜顛倒加上喝酒的日子…..要應付酒客也不容易……,2025-11-01 07:26,自認內外兼備的急診醫師，48年基督的門徒。有熱血且高敏感特質，堅持不做大官，願做大事。最愛的經文：行公義、好憐憫、存謙卑的心與神同行。,日夜顛倒
xiaojun8597,小俊劉,已經過了花蓮，往台北,2025-11-01 06:50,自認內外兼備的急診醫師，48年基督的門徒。有熱血且高敏感特質，堅持不做大官，願做大事。最愛的經文：行公義、好憐憫、存謙卑的心與神同行。,日夜顛倒
xiaojun8597,小俊劉,在急診室遇到黑道朋友受傷要縫合的經驗：他們特別比一般人怕痛。在打麻藥在皮膚下方時會痛，所以我都會先告知。這個時候道上的朋友可能國罵就出來了。還有若是需要接受手術，若是骨折處在下肢，正常是接受半身麻醉的。最近一次碰到那個道上的朋友，他說：我要全身麻醉哦！衞教：能夠半身麻醉的就不要全身麻醉，因為麻醉本身也有風險，尤其怕影響到呼吸道（全麻較明顯）以前我以為他們會在路上打打殺殺的比一般人勇敢，但是多次在急診室碰到的經驗不是。我猜：人自己怎麼對外界，那個會投射回來給自己。暴君半夜一定帶武器自衞（我猜的啦）,2025-11-01 04:28,自認內外兼備的急診醫師，48年基督的門徒。有熱血且高敏感特質，堅持不做大官，願做大事。最愛的經文：行公義、好憐憫、存謙卑的心與神同行。,日夜顛倒
xiaojun8597,小俊劉,民國77年的除夕夜，那是我第一次除夕值班。在三總汀州路上41病房，那時施明德還長期住在那邊（因為他拒食，入院放鼻胃管餵食）有一個畫面我印象深刻：有一位沒有家人陪同、獨居且自我照顧不佳（有味道）肥壯的老人，在病床上很嚴重的嘔吐。一個平日看起來很酷的護理師在旁幫他拿嘔吐袋照顧。有些病患在醫院中最容易被忽略的，那位外表看似冷酷的護理師，真的在我心中印象變很好了。,2025-10-31 09:09,自認內外兼備的急診醫師，48年基督的門徒。有熱血且高敏感特質，堅持不做大官，願做大事。最愛的經文：行公義、好憐憫、存謙卑的心與神同行。,日夜顛倒
xiaojun8597,小俊劉,"剛剛吃早餐時看到隔桌的胖弟,約140公斤，桌子放了好幾份餐點。想到我在急診室的經驗。有時候連續看了五、六個近90歲以上的老人病患，終於看到電腦螢幕上出現了20、30歲的年輕人，想說稍微可以放鬆一下（因為年紀很大的病人病情變化會很大、要考慮到的危險因素多很多，看這樣的病人醫師也特別花精力繃緊神經）但是呢⋯⋯幾乎這樣年輕的人來掛急診的，都是男120、女90以上，難怪台東是全台體重最重的縣。我有特別注意‼️年紀輕輕來掛急診的，約80％以上都是明顯體重過重的。肥胖是一個慢性的發炎狀態，當BMI 大於30時，就是視同65歲以上的老人或是有心血管疾病病史的嚴重性高的病患。",2025-10-31 08:23,自認內外兼備的急診醫師，48年基督的門徒。有熱血且高敏感特質，堅持不做大官，願做大事。最愛的經文：行公義、好憐憫、存謙卑的心與神同行。,日夜顛倒
xiaojun8597,小俊劉,太陽剛露出來,2025-10-31 06:03,自認內外兼備的急診醫師，48年基督的門徒。有熱血且高敏感特質，堅持不做大官，願做大事。最愛的經文：行公義、好憐憫、存謙卑的心與神同行。,日夜顛倒
xiaojun8597,小俊劉,10月31日0559 台東日出,2025-10-31 06:02,自認內外兼備的急診醫師，48年基督的門徒。有熱血且高敏感特質，堅持不做大官，願做大事。最愛的經文：行公義、好憐憫、存謙卑的心與神同行。,日夜顛倒
xiaojun8597,小俊劉,孩子真的是要有父母親陪伴生活，才有足夠的安全感以及對人的信任。我碰過最誇張的14歲女孩，手部有三、四處撕裂傷，告訴她需要縫傷口。她完全不猶豫地拒絕，再試圖跟她溝通，她依然拒絕地很堅決。一問之下，才知道她是孤女且沒有跟父母同住。我從來沒有覺得我說話像空氣一樣，那好像是惟一的一次。,2025-10-30 09:37,自認內外兼備的急診醫師，48年基督的門徒。有熱血且高敏感特質，堅持不做大官，願做大事。最愛的經文：行公義、好憐憫、存謙卑的心與神同行。,日夜顛倒
xiaojun8597,小俊劉,今天凌晨聽曹力中牧師的講道，他提到潘霍華牧師說：不要放注意力在你做不到的神的命令，而是多多地勇敢地遵行神的旨意。簡而言之，我的體會：吃魚要避開魚刺，當你一直強調那個刺多、你會裏足不前。當你體驗到魚肉的美味，多多吃魚肉，自然而然練習到可以從容地避開魚刺。,2025-10-30 07:41,自認內外兼備的急診醫師，48年基督的門徒。有熱血且高敏感特質，堅持不做大官，願做大事。最愛的經文：行公義、好憐憫、存謙卑的心與神同行。,日夜顛倒
xiaojun8597,小俊劉,我曾經打電話給潘冀建築師（也是弟兄）那是約十多年前，我看到他寫的書非常感動。感動的點：他不炫耀、也不攀上位有名的人（好像是我們都很高檔是同一掛的）他就是實在地做實事。我記得是台北浸信會仁愛堂，我打電話去，起初我還刻意不提我是醫師。果然如我所料，他回電了。人和人之間那種無所求、也沒有炫耀的交流，我是很感動的。,2025-10-30 06:43,自認內外兼備的急診醫師，48年基督的門徒。有熱血且高敏感特質，堅持不做大官，願做大事。最愛的經文：行公義、好憐憫、存謙卑的心與神同行。,日夜顛倒
xiaojun8597,小俊劉,十月30日0558 台東的日出,2025-10-30 06:00,自認內外兼備的急診醫師，48年基督的門徒。有熱血且高敏感特質，堅持不做大官，願做大事。最愛的經文：行公義、好憐憫、存謙卑的心與神同行。,日夜顛倒
xiaojun8597,小俊劉,"昨晚聽到高雄後站錫安堂陳約翰負責弟兄（他好像是大我六屆的牙科學長）他承認自己容易發怒（不簡單，會在講台上檢討自己）人的個性氣質好像是天生設定有一個模式。講話快又多的人，也許不習慣別人的慢節奏，就會容易發怒。有人說希望找個女婿又風趣又老實安份，那麼真的很難哦！除非上帝專門打造的。風趣的人不易老實安份，而老實安份的人又不容易風趣。好比白開水跟百香果汁不能同時並存。最好是當需要是白開水的時候（譬如三個G，Girl,Glory,Gold 名利女色誘惑）是白開水。當需要是百香果汁的時候（如：生活的無聊、逆境中）是百香果汁。聖靈的果子，只有一個卻是俱備九個面向：仁愛、喜樂、和平；忍耐、恩慈、良善；信實、溫柔、節制。當這九個面向都俱備了，就是充滿愛的生活，誰能不羨慕這樣的性格及生命呢？",2025-10-29 09:25,自認內外兼備的急診醫師，48年基督的門徒。有熱血且高敏感特質，堅持不做大官，願做大事。最愛的經文：行公義、好憐憫、存謙卑的心與神同行。,日夜顛倒
xiaojun8597,小俊劉,"剛剛騎腳踏車經過和平東路二段，想到大我七屆的學長。約12年前我在這跟他不期而遇，他竟然叫出我的名字（一般來說是學弟認出學長比較多）他跟我說他們約五六個家庭出錢出力建立一個教會。真巧後來我兒子大學團契的同學有很多人去那間教會，我兒子也跟著去。裏面最核心的成員，都是30多年前我認識的（我曾經和他們一起聚會過）最近看到兒子傳來line,是學長發出的代禱信。內文提到僅是胃部不舒服，最後竟然檢查出是大B細胞淋巴癌併轉移（第四期）還好是可以治癒且成功率很高。人生年輕時候是學業、事業，再來是家庭。到了老年時癌症及心臟病、腦中風、失智症⋯⋯這些的嚴重狀況發生，年紀越大、機會越高。誰也逃不了。願上帝祝福看顧學長（聽說他已經退休了）",2025-10-29 08:39,自認內外兼備的急診醫師，48年基督的門徒。有熱血且高敏感特質，堅持不做大官，願做大事。最愛的經文：行公義、好憐憫、存謙卑的心與神同行。,日夜顛倒
xiaojun8597,小俊劉,"聽不懂？我的富豪朋友九年前他第一次跟我說到，他給他的某個重要的員工，一個月一百萬，因為她提出的方案對於全公司的營運有極大的助益。當他跟我這個每個月乖乖領正常薪水的人說這個事，我大概幾個月後才聽懂。老闆堅信：重賞之下必有勇夫，所以給她一個月一百萬元薪水，持續幾年。你知道後來如何呢？那個勇夫一個月領一百萬，可能被充暈了頭，後來有憂鬱症，為了另外一小筆的獎金，跟我的朋友fight,還傳來割腕流血的照片給我朋友（我覺得應該是憂鬱症造成整個人的判斷都走様了）最後她自己提出離職，且離職前自我膨脹到比老闆大，我的朋友終於鬆了一口氣。",2025-10-29 04:13,自認內外兼備的急診醫師，48年基督的門徒。有熱血且高敏感特質，堅持不做大官，願做大事。最愛的經文：行公義、好憐憫、存謙卑的心與神同行。,日夜顛倒
xiaojun8597,小俊劉,每個人的知識背景會影響他的判斷。我昨天寫了一篇碰到最極端的酒醉閙事的小文，竟然有三萬人觀看。反而呢，我每次很有使命感地（自己說啦）提到要熱愛生命、積極進取的小文，大概只有三百人看到。若是你以為急診室很多那種極端的酒醉閙事的場景，那麼你就是被我（？）誤導了。絕大多數的酒醉閙事的人被119送到ER，他看到消防人員及急診醫護人員那麼多位為了他而出動，他也就不敢裝酒瘋了，甚至不用打鎮定劑他就乖乖躺在病床上睡覺。偶爾需要一劑鎮定劑，就是那麼簡單。還有就是我在台東行醫多年，看到許多悲慘的人的故事，跟你沒有碰過、沒有看到那些可憐的。我們的判斷絶對是不一樣的。所以我們慎選我們的知識環境也是很重要的。,2025-10-29 03:17,自認內外兼備的急診醫師，48年基督的門徒。有熱血且高敏感特質，堅持不做大官，願做大事。最愛的經文：行公義、好憐憫、存謙卑的心與神同行。,日夜顛倒
xiaojun8597,小俊劉,另一個很正面的畫面，可以鼓勵工作人員。一個約60歲左右外傷病人，他的大骨盆碎裂成四塊左右，由於骨科醫師對於這個手術不熟悉，建議轉院。病人的床旁邊一直有一位端莊美麗的女士，她陪在旁，卻是一點也不慌張。甚至我看別床的病人，經過他的床位，那個女士還跟我點點頭致意。昨天早上約五點多天還是黑的，一位55歲的女士體態很好，一早去運動卻跌倒造成臉部明顯擦傷及雙膝擦傷。她進來急診一點也沒有慌亂的様子，還說：沒什麼，只是擦傷而已。我給他豎兩個大姆指。,2025-10-28 09:26,自認內外兼備的急診醫師，48年基督的門徒。有熱血且高敏感特質，堅持不做大官，願做大事。最愛的經文：行公義、好憐憫、存謙卑的心與神同行。,日夜顛倒
xiaojun8597,小俊劉,印象最深刻的酒醉鬧事，在急診室。病人被119人員送進來，約100公斤塊頭，已經被綁著雙手了，但是他進入急診室的氣勢—-好像是一頭猛獸（不誇張）我和護理人員覺得生存有被威脅到。煩惱：誰敢去幫他注射鎮定劑（希望有吹箭式的麻醉針）有人報警了，來了一位約188公分120公斤的警察，他一進入急診室往那病人頭臉部，直接用手掌用力重擊三次左右。那個100公斤的病人哭了說：都沒有尊嚴。這時我們趁機再加強給予鎮定劑，那個病人依然不屈服（雖然已經五花大綁加上三針的鎭定劑）他持續持續在扭動，竟然……掙脱了、我們再向前去加強約束他的身體。由這個經驗學到的：以暴制暴是沒有用的。,2025-10-28 08:48,自認內外兼備的急診醫師，48年基督的門徒。有熱血且高敏感特質，堅持不做大官，願做大事。最愛的經文：行公義、好憐憫、存謙卑的心與神同行。,日夜顛倒
xiaojun8597,小俊劉,"在急診室工作，當奧客或是難搞的病人來，在10公尺內就要早早安撫，越早安撫他才越聽你的話。有碰過氣喘病人在吸氣管擴張劑，他堅持不在床上，而且蹲在床下⋯⋯怪咖！那麼我就儘量找時間蹲在他旁邊跟他溝通。他已經發現我早已注意到他且陪伴他旁邊，他才會比較聽話。急診醫師處理難搞的病人特別重要‼️因為若是處理好會有成就感，若是處理不好會自責好幾天（再嚴重會burn out,因為心情不好會影響到睡眠）",2025-10-28 05:31,自認內外兼備的急診醫師，48年基督的門徒。有熱血且高敏感特質，堅持不做大官，願做大事。最愛的經文：行公義、好憐憫、存謙卑的心與神同行。,日夜顛倒
xiaojun8597,小俊劉,婚姻生活也是有關鍵的步驟：利他。只要你是真心誠意地為對方好，他怎麼可能會想要離開你。聽說大的企業要成功，也是利他這個關鍵。每次若要出門吃飯，不是一定要聽妻子或是兒子的，而是若他們堅持去哪家餐廳，我一定同意支持。如此一來還有一附帶好處：拓展自己的味蕾視野（想想人常常就是吃那幾種食物，很少看到人很創新的）還有就是當家人提出需求時，我一定儘量辦到。注意哦，不是硬梆梆的哦、是有彈性可以互相溝通的。有困難提出來，而且絕對不是咬著牙來做。若是咬著牙來利他，那一定不會持久。,2025-10-28 05:09,自認內外兼備的急診醫師，48年基督的門徒。有熱血且高敏感特質，堅持不做大官，願做大事。最愛的經文：行公義、好憐憫、存謙卑的心與神同行。,日夜顛倒
xiaojun8597,小俊劉,家中有85歲以上或是90歲以上的長輩的要留意。如此年長的老人，很有可能只是一開始僅是小感冒就會住院住到去世。或是老人家得到肺炎（如此高齡者得到肺炎的機會大增）當呼吸衰竭時要不要放置氣管內管幫助他呼吸（由嘴巴放入經過聲帶進入氣管中）若是已經決定無論如何一定要救到底，有很高的比例是住院住到去世，中間不能言語（因為管子在內）且可能四肢被綁（因為有些老人會顫妄意識不清而自拔管子及點滴缐）家人一起一定要先行幾年就要討論了解情況。若是太快做出的決定，有時會造成終身遺憾的。,2025-10-27 13:57,自認內外兼備的急診醫師，48年基督的門徒。有熱血且高敏感特質，堅持不做大官，願做大事。最愛的經文：行公義、好憐憫、存謙卑的心與神同行。,日夜顛倒
xiaojun8597,小俊劉,生命是上帝給我們的禮物，當我越是為周邊的人著想時，我的禮物越是精彩。劉墉在他兒子女兒高中的時候，刻意帶他們在台灣和貴州的弱勢團體去服務。因為他認為老天爺對他太好了，他要把這份愛分享出去。我妻子跟我交往時已經30歲了，所以我有很快的心理準備結婚生子，也體會到父母親對我們的無條件的愛。妻子管理我們全家的財務，她已經有安全感到管理我不要亂花錢。我的工作近年又再加薪幾次，身體呢：心臟冠狀動脈鈣化指數也零分了好幾次，每日早上還有晨勃。我平均每個月都會收到他人的讃美已經超過20年。在急診室極大的壓力下，目前身心還勘用，甚至比年輕時更好（因為經歷更丰富了）生命多麼美好，那是越付出、越有價值。,2025-10-27 12:14,自認內外兼備的急診醫師，48年基督的門徒。有熱血且高敏感特質，堅持不做大官，願做大事。最愛的經文：行公義、好憐憫、存謙卑的心與神同行。,日夜顛倒
xiaojun8597,小俊劉,臨床上還有很怕碰到一種個性的人，問病史的時候，每一項回答後面都再加一句：那個已經很久了、沒有什麼啦。意思是：我剛剛問到的主訴都是不重要、沒有和這次掛急診有相關？不，我再次分析。他們是有點像是小朋友怕打針，本來很痛的、看到醫生就說不痛了，免得挨針受苦。所以若是家裏有這個性的老人家，陪同者一定要更積極些。,2025-10-27 06:38,自認內外兼備的急診醫師，48年基督的門徒。有熱血且高敏感特質，堅持不做大官，願做大事。最愛的經文：行公義、好憐憫、存謙卑的心與神同行。,日夜顛倒
xiaojun8597,小俊劉,台大傅佩榮教授引述西方哲人的話：幸福就像是一隻蝴蝶🦋，當你用力去追的時候，它跑給你追。當你停下腳步時，它就落在你的肩膀上。昨天聽到于宏潔牧師的講道，提到某個教會主要的服事同工有2/3有憂鬱傾向。我猜想可能是因為事功導向，我要做得夠好夠多，上帝才會特別愛我。當工作負擔太重又要表現出我很屬靈的樣子，長久的表裏不一，應該是他們憂鬱的原因。某投資公司的董事，有丰厚的收入又熱心教會的事奉。他得到了一個大的良性腦瘤，開完刀造成視力嚴重受損。他問上帝：主啊，我如此用心服事祢，為什麼會如此…..神跟他說：我的恩典給人是白白的恩典，不帶有任何條件的。他從此得到大大的安慰。,2025-10-26 18:45,自認內外兼備的急診醫師，48年基督的門徒。有熱血且高敏感特質，堅持不做大官，願做大事。最愛的經文：行公義、好憐憫、存謙卑的心與神同行。,日夜顛倒
xiaojun8597,小俊劉,10月26日下午四點半，台東的……,2025-10-26 17:11,自認內外兼備的急診醫師，48年基督的門徒。有熱血且高敏感特質，堅持不做大官，願做大事。最愛的經文：行公義、好憐憫、存謙卑的心與神同行。,日夜顛倒
xiaojun8597,小俊劉,大位不以智取，這句我查不到，不過我體會到的意思是真正的坐高位或是賺大錢的人不是那種汲汲營營的人。舉例：蔡英文前總統比較起陳文茜或是張雅琴，看起來沒有強烈的企圖心的様子。她高中中山女中、大學台大法律，兩次聯考都是跌破大家眼鏡。甚至她父親還建議不一定要考大學。到了大學，她也是屬於易被人忽略型的人物。想不到藉由民進黨最最低瀰時沒有人要做黨主席，她一步一步的表現超過想像，最後……總統大位。,2025-10-26 12:26,自認內外兼備的急診醫師，48年基督的門徒。有熱血且高敏感特質，堅持不做大官，願做大事。最愛的經文：行公義、好憐憫、存謙卑的心與神同行。,日夜顛倒
xiaojun8597,小俊劉,葉歡曾經有嚴重的憂鬱症及恐慌症。葉歡大我不到一歲，10幾年前我第一次聽說她是基督徒，我第一個反應是：她是不是覺得信個洋教很酷…..葉歡跟張芸京一樣，從小身旁有一個外表非常出色的姊妹，都聽到長輩隣居在誇讃她們，以致於自我形象很差很差（覺得自己長得很不好）葉歡也跟林書豪一樣承認自己是一個完美主義者，她曾經當過主持人怕丟臉，在家裏練習到喉嚨出血🩸她描述她恐慌症發作時的感受：像是全身浸泡在化學藥水裏無法呼吸。她信主之後非常喜樂，還敢跟老闆（陳剛信？）請假二年，每日讀經兩三個小時……難怪她的臉孔看起來比實際年齡小約20歲以上。,2025-10-26 11:59,自認內外兼備的急診醫師，48年基督的門徒。有熱血且高敏感特質，堅持不做大官，願做大事。最愛的經文：行公義、好憐憫、存謙卑的心與神同行。,日夜顛倒
xiaojun8597,小俊劉,有印象中曾經很紅的餐廳，現在早已消失了。我先提兩個。一個是在忠孝復興soho 的法樂期法式餐廳，當初開店要預約要幾週後才有位，又說他們的沙拉吧連名醫魏崢都愛，最後有一餐飲實習生嚗出他們加粉做湯的新聞……… 另一是在仁愛路圓環附近的紐約貝果美式餐廳。之前每次開車經過都一堆人在侯位，還有清晨夜店出來的人也很多。結果……..,2025-10-26 07:26,自認內外兼備的急診醫師，48年基督的門徒。有熱血且高敏感特質，堅持不做大官，願做大事。最愛的經文：行公義、好憐憫、存謙卑的心與神同行。,日夜顛倒
xiaojun8597,小俊劉,穿上這個一體成型的便鞋，一雙好像才500多，我一次都買幾雙，在左足底下的厚繭皮生存了30多年（每隔一段時間要刮除）消失了。真的如皮膚科醫師說的：要換適合自己的鞋子。還有我雙足很怕熱，這鞋比涼鞋涼爽。,2025-10-26 07:00,自認內外兼備的急診醫師，48年基督的門徒。有熱血且高敏感特質，堅持不做大官，願做大事。最愛的經文：行公義、好憐憫、存謙卑的心與神同行。,日夜顛倒
xiaojun8597,小俊劉,想到當初朱立倫的形象是相當相當好的，沒有做幾屆立委，就去做桃園縣長、行政院長副院長等高官，還曾經被稱為馬立強，表示他真的是一線的政治明星（和馬英九、胡志強同列）他也和宋楚瑜一樣也懂得和記者打好関係（連生日都知道）由於時代的改變，現在幾乎是沒有祕密的時代。當聽到羅治強為了爭取桃園市國民黨內的提名，竟然會説出：魚死網破四個字。朱的形象，在我心中………,2025-10-26 05:43,自認內外兼備的急診醫師，48年基督的門徒。有熱血且高敏感特質，堅持不做大官，願做大事。最愛的經文：行公義、好憐憫、存謙卑的心與神同行。,日夜顛倒
xiaojun8597,小俊劉,挫折真的是最好的藥。因為我一個月有14到15次12小時的急診工作，那個心理壓力還是挺大的（雖然我已經在專職急診25年以上）我的減壓的方法就是大量的聽網路上的講道，還有一般名人的生活訪談，看看人家怎麼過日子的。剛好我的記憶力不錯，所以可以產出每天五段左右小篇幅，那些都是曾經安慰到我的內容。前幾週聽到侯文詠說他現在的境界（後兩次字我加的啦）是：要我出錢才能寫作、也願意寫。哦！這句話對我的鼓勵太大了。從那日起，我的發表更規律了。一切都要從挫折開始，來感謝🙏它。,2025-10-26 05:24,自認內外兼備的急診醫師，48年基督的門徒。有熱血且高敏感特質，堅持不做大官，願做大事。最愛的經文：行公義、好憐憫、存謙卑的心與神同行。,日夜顛倒
xiaojun8597,小俊劉,剛剛聽到于宏潔牧師近日來台中的特會中講道。約30年前在美國的華人老牧師焦源濓，說約再30年前（距今約60年）他們在德州休士頓一個大型醫院，焦師母接受心臟手術後食慾很差，只想吃中國菜：白斬雞、白菜、白飯。焦牧師正在苦惱去那裡找中國菜，此時剛好有人開車遠到來探病，就是帶來這個三白的食物。他們知道神真的是在看顧他們。,2025-10-25 17:33,自認內外兼備的急診醫師，48年基督的門徒。有熱血且高敏感特質，堅持不做大官，願做大事。最愛的經文：行公義、好憐憫、存謙卑的心與神同行。,日夜顛倒
xiaojun8597,小俊劉,蕭淑慎有一年的金鐘獎頒獎典禮中穿一個前面開到肚子的禮服，有人把它跟她剛出道不久在梁靜如勇氣的MV中的比較。薔薔以直爽敢言著稱。有一次一個好像是海產的年輕搞笑男藝人說：現在在外面遇到的女生，好多都是去做的，薔薔不是吧？想不到這位直爽的女星面露尷尬…….,2025-10-25 10:30,自認內外兼備的急診醫師，48年基督的門徒。有熱血且高敏感特質，堅持不做大官，願做大事。最愛的經文：行公義、好憐憫、存謙卑的心與神同行。,日夜顛倒
xiaojun8597,小俊劉,常常上電視的楊聰財醫師，是早我一屆的學長。他有提到抗憂鬱症的方法之一，就是每晚寫感恩日記。我想幾乎任何人都會有時候情緒低落，我們不要等到相當低落時再寫，平日每日早晚都可以寫，也可以分享出來。SHE 中的Selina 的父親任爸曾說：看到一個5歲的小男生，對著鏡子疏頭，一邊說：哇！太帥了。任爸說，這個小男生將來一定紅。,2025-10-25 10:14,自認內外兼備的急診醫師，48年基督的門徒。有熱血且高敏感特質，堅持不做大官，願做大事。最愛的經文：行公義、好憐憫、存謙卑的心與神同行。,日夜顛倒
xiaojun8597,小俊劉,約20多年前，我在桃園某醫院服務。有一次一個常常見到的志工來掛急診，我很驚訝地發現她竟然身體有那麼多狀況。難怪人說：助人為快樂之本，助人是最好的藥。又想到約五年前我去山東旅遊、有爬泰山。我們團上一位約85歲左右的老先生，遇到山東當地的老太太（也約85歲左右）他們的對話。老太太說我快90歲了、什麼藥都沒有吃。那個健步如飛的老先生回她：我家裏一堆藥，在台北榮總，我每一科都看。你羡慕哪一種的生活態度？,2025-10-25 09:55,自認內外兼備的急診醫師，48年基督的門徒。有熱血且高敏感特質，堅持不做大官，願做大事。最愛的經文：行公義、好憐憫、存謙卑的心與神同行。,日夜顛倒
xiaojun8597,小俊劉,新加坡有名的變魔術傳福音的鄺健雄牧師。他本來也是不冷不熱的信徒，有一次參加一個營會，不幸事件發生了：一個小朋友掉到水池裏。結果那時不怎麼樣的鄺弟兄，看到在處理此事的弟兄們竟然開口感謝神，他心中大大的震撼⋯⋯基督徒怎麼什麼事都會感謝神！,2025-10-25 09:33,自認內外兼備的急診醫師，48年基督的門徒。有熱血且高敏感特質，堅持不做大官，願做大事。最愛的經文：行公義、好憐憫、存謙卑的心與神同行。,日夜顛倒
xiaojun8597,小俊劉,23年加1天前，我有兩個孩子，一個11歲、一個9歲。老大是因為惡性神經膠質細胞瘤長在腦幹去世的，從發現腫瘤到去世不滿三個月。若是問我從老大身上學到什麼？他是一個容易受安慰且不會把自己的問題看得很嚴重的小孩。當他在家休息沒有去上學，我扶著他經過桃園市的東門國小附近，剛好學校舉行運動會，他喃喃自語：又沒有很嚴重（講他自己）應該可以參加運動會…….之前他可能會連續二天左右吃不下飯會吐，有時候頭痛這樣的症狀反反覆覆，我和妻子為他禱告。很神奇的經驗，起碼有50次以上，他的頭痛嘔吐就立刻改善了，有一次他還注意到弟弟站在椅子上不穩，叫：小心。更之前他還有去上課，因為講話不清（腫瘤影響到面神經）被一個低年級的笑，回家跟我們說。我說：不用理他。他立刻受到安慰。他發現腦癌每天晚上還是可以睡覺，且一直都可以進食（雖然偶有嘔吐頭痛）那個林口長庚小兒神經科醫師驚訝：他可以睡哦！感覺上帝，我有在他身上學到東西。,2025-10-24 05:13,自認內外兼備的急診醫師，48年基督的門徒。有熱血且高敏感特質，堅持不做大官，願做大事。最愛的經文：行公義、好憐憫、存謙卑的心與神同行。,日夜顛倒
xiaojun8597,小俊劉,焦慮、憂鬱傾向的人，比例非常高。大概每四到五人中就有一位。在教會或是宗教團體中，那個比例可能又再高些（因為有這種傾向的人常常會求助宗教）所以有人宣稱自己有先知恩賜的人，這種人要特別地小心。最近在脆上我有看到一位姊妹自稱有先知恩賜，而且她天天發四五次文以上。我還注意到她也有一定的流量。我教你怎麼樣情況你會覺得自己有先知的恩賜。不用太多人數的聚會，也許只有20幾個人，你指向右或向左說：最近有人在工作或是家庭中情緒壓力很大，馬上就有人中了。在我這個急診醫師的觀點，有種你就說：在某某方向有一位最近發現血癌或是巴金森氏症或是腦中血管異常或是尿毒症。如果你想要覺得你有先知的恩賜，也可以猜高血壓或是糖尿病（因為那個比例也比血癌高很多）若是你自我感覺良好，猜焦慮或是憂鬱症的，那麼你封自己是先知的機會就大大提高了。,2025-10-23 10:25,自認內外兼備的急診醫師，48年基督的門徒。有熱血且高敏感特質，堅持不做大官，願做大事。最愛的經文：行公義、好憐憫、存謙卑的心與神同行。,日夜顛倒
xiaojun8597,小俊劉,怎麼那麼巧？我那個富豪朋友10/8撞到大廳的透明玻璃，我10/13去看他（我們大約是一個月見面一次）結果我們共同的按摩師傅美女（她泰國名字的意思）跟我們訴苦說他被人欺負。一個被按摩沒有分寸的客人，已經拒絕接他的按摩幾次了，竟然這幾天每天來閙按摩店二小時。又加上老闆娘對她很不友善，一個月只休息一天。還在她感冒的時候，傳訊息給大家說要準時上班。我們決定要幫這個小女生，再找老闆。,2025-10-23 09:14,自認內外兼備的急診醫師，48年基督的門徒。有熱血且高敏感特質，堅持不做大官，願做大事。最愛的經文：行公義、好憐憫、存謙卑的心與神同行。,日夜顛倒
xiaojun8597,小俊劉,在急診室看病人，看到身型偏很瘦型的，有很高比例是比較焦慮或是神經質的。三天前星期一早上大雨，我走出101世貿站，看到前面有一個高瘦的年輕人竟然沒有打傘在雨中走。我那個高敏感的特質就出來了，我也沒有料到我突然出口關心他：問他怎麼沒有快去便利商店買把傘……想不到講完三句話，他輕輕碰我一下說：謝謝你的關心。我有一點被感動到。附記：中年人突然體重減輕，最常見的原因是糖尿病、再來就是甲狀腺機能亢進（不是你減肥成功哦！因為減肥成功的比例很低）,2025-10-23 08:08,自認內外兼備的急診醫師，48年基督的門徒。有熱血且高敏感特質，堅持不做大官，願做大事。最愛的經文：行公義、好憐憫、存謙卑的心與神同行。,日夜顛倒
xiaojun8597,小俊劉,70年前我的父母結婚也是巧合。本來母親已經打槍了帥軍官（他們是由姨丈介紹的，姨丈由眾多年輕軍官挑出人來介紹給小姨子）我的父親（母親是屬於比較臭屁型的）想不到有一天母親的女性朋友到家裏玩，談到這個老劉好壞⋯⋯母親質問當時被打槍的父親。父親把那個女人怎麼樣倒追他的信件全部給母親看了，母親想：這個人好可憐哦，這樣有原則卻是被人毀謗。就決定嫁了。附註：我的姨丈可是當年的高官，他後來做到陸軍副總司令。所以他的眼光是可以的。,2025-10-23 07:32,自認內外兼備的急診醫師，48年基督的門徒。有熱血且高敏感特質，堅持不做大官，願做大事。最愛的經文：行公義、好憐憫、存謙卑的心與神同行。,日夜顛倒
xiaojun8597,小俊劉,一切的安排都是最好的安排。一切的發生都是最好的發生。30多年前做中尉小醫官，陪同六軍團的一位長官去三總做將官晉升的體檢。結果他沒有通過，我問長官說：怎麼一點也沒有看到您有沮喪 的感覺。他回：結婚八年不孕、四處奔走求醫無效。心情想那麼就認了，想不到一放鬆心情，就正常懷孕了。,2025-10-23 07:20,自認內外兼備的急診醫師，48年基督的門徒。有熱血且高敏感特質，堅持不做大官，願做大事。最愛的經文：行公義、好憐憫、存謙卑的心與神同行。,日夜顛倒
xiaojun8597,小俊劉,凌晨起床看到line上面的新聞，台大中文系教授蔡璧名去世。印象深刻的是她跟我同年次出生、講莊子有名，之前幾年就有聽說她抗癌成功。我也有同事曾經得到過腦癌經過治療已經存活十年，以為已經康復、然後就結婚生子，最後癌症又再度復發去世。得到腦癌的名人有：龍巖集團前總裁以及名嘴陳立宏（好像都是二年內過世）之前看到Good  TV 上一位在美國神學院的女老師，本來也以為抗癌成功，最後也是癌症復發去世。我們把握住生命的每一天，每一天都滋潤這個世界、珍惜周遭環境每一個靈魂。,2025-10-23 03:43,自認內外兼備的急診醫師，48年基督的門徒。有熱血且高敏感特質，堅持不做大官，願做大事。最愛的經文：行公義、好憐憫、存謙卑的心與神同行。,日夜顛倒
xiaojun8597,小俊劉,人要和一個社會團體連結長期有多困難？我聽到高雄後站錫安堂他們的統計數字：十年前有被帶到教會且有上過一系列的信徒裝備造就課程的人，約只有百分之一會留下來。這個數字令我驚訝不已！當然每一個教會的人員組成比例不一、帶領人的方式也不同，所以那個數據會是不一樣的。想到我在建中高三四班，教我們英文的黃華芳老師（那是44年前）他說你只要掌握你每日碰到的三五個生字片語或是文法，一段時間就會進步很多。關鍵是：要掌握好出現的人事物或是機會。否則再多的進帳，也會漏光的。,2025-10-22 16:08,自認內外兼備的急診醫師，48年基督的門徒。有熱血且高敏感特質，堅持不做大官，願做大事。最愛的經文：行公義、好憐憫、存謙卑的心與神同行。,日夜顛倒
xiaojun8597,小俊劉,107年我曾經住過桃園市中正路的竹城東京社區，每日早上我都會出來運動。有一個畫面令我印象深刻：有一群老人男女都有，看起來社經地位不高，他們約早上六點鐘到六點半左右聚集在公園旁的兒童遊樂設施旁邊聊天。我覺得這個是社會上一股治療身心疾病的力量，每次在急診室，看到病人表現得很乖張的、幾乎都是獨居的老人家。有一個老先生，連續好多天清早四五點來診室報到，說他胸口疼痛…..所以一定要生活有重心，懂得交朋友分享喜怒哀樂、對於健康很有幫忙。,2025-10-22 15:06,自認內外兼備的急診醫師，48年基督的門徒。有熱血且高敏感特質，堅持不做大官，願做大事。最愛的經文：行公義、好憐憫、存謙卑的心與神同行。,日夜顛倒
xiaojun8597,小俊劉,陳則煌先生的肝癌已經擴散到肺部多處，最後竟然因為他姊姊為他禱告神奇的痊癒了。以我急診醫師的眼光，這個是一個非常有說服力的神醫見證，果然他的主治醫師也因此而信主了。我看到他的見證是在line上看到，有附電腦斷層掃描的照片及胸部X光（呈現雙側肺葉多處浸潤）也有附甲種胎兒蛋白（Alfa-fetal protein)的一系列數據。老實說，有時候我聽到有人在教會作見證說神怎麼樣醫治他的疾病，我會捏一把冷汗。因為很多是身心症的患者，當他心中一喜樂放鬆，那個症狀就會明顯改善。好像我在急診室幾乎每次上班都會遇到抱怨胸痛的患者，自己以為是心肌梗塞，其實是身心症（焦慮、憂鬱的最多）給予他一劑放鬆的針劑再加上我的說明（每次上班都會遇到幾位，都是最近身心壓力很大且睡眠不足的）他等一下就開心的回家去了。簡單說：當人的身心受到安慰，他的症狀會明顯改善（主觀的感受）但是像陳則煌弟兄這個的見證（客觀上嚴重的癌症消失）真的是很少見的。,2025-10-22 14:25,自認內外兼備的急診醫師，48年基督的門徒。有熱血且高敏感特質，堅持不做大官，願做大事。最愛的經文：行公義、好憐憫、存謙卑的心與神同行。,日夜顛倒
xiaojun8597,小俊劉,剛剛寫了篇比較各大夜市的小文，主要是感慨有些名實不相符的事情存在，而廣大的老百姓卻在這洪流中載浮載沉（說得有點沈重？）又要提到我們醫療業了，有那種企圖心很強（想要多病人、多賺大錢）的醫生，也確實讓他達成了目標，犧牲的是誰呢、卻是廣大的老百姓。幾天前我藉著回覆醫學生問題，我偷偷加上一句：當一個醫師他已經有錢有勢卻還是把病人的利益放在自身的利益之上，那個差別是非常之大的。好比基督教界的領袖，若是真的真的謙卑虛己（不是只有叫被訓練的人謙卑虛己）那麼影響力將是更加全面且深入的。,2025-10-22 09:37,自認內外兼備的急診醫師，48年基督的門徒。有熱血且高敏感特質，堅持不做大官，願做大事。最愛的經文：行公義、好憐憫、存謙卑的心與神同行。,日夜顛倒
xiaojun8597,小俊劉,自9月8日我放在脆上那張照片：約半卡車量的油條（北車附近某個飯團店進的貨）有三萬多人閲讀。我發現脆是一個很好的分享生活的平台，最重的是不露臉（對我這種不喜歡看人炫耀的人來說，很重要‼️）我每天約發個4到5小篇幅，這個對我的生活真的是很療癒。譬如說在等待太太出門，有一個小片段時間，我就是可以發文面對這個世界。更好玩的是，我的同校畢業的學弟有幾位來和我打招呼。還有醫學生向我求助。我的每一個小篇幅的文字都是真人真事，而且我寫下來幾乎不費工夫，那個意識流就進來了。我很珍惜這樣的寶貴時刻。,2025-10-22 09:11,自認內外兼備的急診醫師，48年基督的門徒。有熱血且高敏感特質，堅持不做大官，願做大事。最愛的經文：行公義、好憐憫、存謙卑的心與神同行。,日夜顛倒
xiaojun8597,小俊劉,剛剛在吃炒麵帶著鹼味，我說我就是愛這個鹼味，好像那個沾糖的鹼粽。想不到太太竟然說她最怕那個味道（結婚34年多，第一次知道）,2025-10-22 08:31,自認內外兼備的急診醫師，48年基督的門徒。有熱血且高敏感特質，堅持不做大官，願做大事。最愛的經文：行公義、好憐憫、存謙卑的心與神同行。,日夜顛倒
xiaojun8597,小俊劉,願榮耀歸給他，直到永遠。以上是羅馬書11章最後一節。同樣是外科系的醫師，有些還沒有升任主治醫師，只是住院總醫師（簡稱：總醫師）開刀就開得嚇嚇叫了。這是我在實習醫師時的感覺。有些科別醫師的表現真的是吃天賦的，什麼意思？若是你的家人要接受手術，你是要找大院長、大主任、教授級名醫開刀，還是要找有技術有口埤、溝通良好、關心病患的醫師來開刀。後者就是所謂吃天賦的，他天生是吃這行飯的（好像吳宗憲的主持功力可以不要Rey稿太多）他的手術的技巧甚至超過他的老師輩醫師（包括精準、速度）最厲害的是他還不驕傲，因為他知道這個天賦人人想要，但只有少數人有的，所以他盡力靠著這個天賦幫助病患而沒有架子，他也不想升任什麼大位子，因為由照顧病患獲得的回報比什麼都大。,2025-10-21 12:28,自認內外兼備的急診醫師，48年基督的門徒。有熱血且高敏感特質，堅持不做大官，願做大事。最愛的經文：行公義、好憐憫、存謙卑的心與神同行。,日夜顛倒
xiaojun8597,小俊劉,不知道你認同不認同，有時候人真的會碰到所謂的運勢。近幾日剛剛看國民黨主席選舉前郝龍斌的造勢晚會，有多少政治人物、名人學者說他好話，甚至讓我覺得好像在選宗教團體領袖一樣，人好得那麼神聖無私。結果呢？還是大幅度的輸了鄭麗文。回想多年前他要選台北市長前，民調怎麼做、做幾次都是郝第一。另一個例子是馬英九總統，他不論是選台北市長或是總統前的民調，我印象中也怎麼做都是他第一，甚至前清大校長沈君山還公開大讃類似天縦英明的話。結果呢？卸任後被罵得最兇的也是他。好像人在某些時候做事情，怎麼做怎麼順。但是若換一個時空，就不一定了。,2025-10-21 10:37,自認內外兼備的急診醫師，48年基督的門徒。有熱血且高敏感特質，堅持不做大官，願做大事。最愛的經文：行公義、好憐憫、存謙卑的心與神同行。,日夜顛倒
xiaojun8597,小俊劉,小s曾經問過前立委洪秀柱女士：為什麼不結婚？她直接回：結什麼婚？跟那些醜八怪有什麼好結的！男人在婚姻市場上如果是顏值控還有救，因為整個社會是趨向允許男人踩取主動出擊。女人若是顏值控嚴重的話，真的是有可能到70歲都沒能結成婚。想想看，妳如果真的只會喜歡那種高富帥男士，他們幾乎百分之百已經有妻子或是女伴了（而且女方一定是黏很黏）除非妳的顏值控放低標準，只要顏值就好，那麼就是一定會碰到有顏值的渣男，因為他們常常換女伴女伴也要換他。所以女性朋友如果太堅持男性的外貌身材來結婚，有很大的機會是單身。不只我的看法，王偉忠藝人的教父也是說：一堆女明星沒有男朋友。,2025-10-21 06:29,自認內外兼備的急診醫師，48年基督的門徒。有熱血且高敏感特質，堅持不做大官，願做大事。最愛的經文：行公義、好憐憫、存謙卑的心與神同行。,日夜顛倒
xiaojun8597,小俊劉,邰智源曾經唸過軍校，我換算過小我一屆。聽王偉忠說他當年剛出道的時候，小邰的願望只是想要：躺平。曾經看到一個調查，有很高的比例大學生的願望是：躺平。現在邰智源還是所謂的資深藝人的楷模，因為他還是不斷地有出新的作品。我在急診室工作，有的時候非常忙碌，工作十二小時中，幾乎沒有吃飯的時間（很少見的狀況啦！）我心中就是對自己說：放鬆！我最愛錢了、只是時間一分一秒一直跑，到下班時間錢就到手了（急診醫師的薪資是以上多少次班來算的）不像腸胃科醫師多做幾次胃鏡檢查、心臟科醫師多做幾次心導管治療、外科醫師多開刀⋯⋯薪資就會增加。我對自己說：我就是一個白痴（開玩笑）只要坐在這裏躺平、到下班時間、錢就到手了。有的時候，人在極大的壓力環境下，把自己放低歸零，真的能夠放鬆。一放鬆了，真的是什麼狀況都好轉了，好比肌肉受傷時鬆弛一下恢復才能快速。,2025-10-21 05:12,自認內外兼備的急診醫師，48年基督的門徒。有熱血且高敏感特質，堅持不做大官，願做大事。最愛的經文：行公義、好憐憫、存謙卑的心與神同行。,日夜顛倒
xiaojun8597,小俊劉,人生就是不斷的巧合碰撞出來的。我的大學同學，當初考大學聯考和軍校聯招，大學已經考上了高醫牙科（後耒才知道）想說大學考得不錯，軍校聯招考試就有些放鬆。他中午跑回家吃午餐，本來不想下午回去考場，卻沒有料到他父親拿著木棍把他趕去考試。後來這位同學做了婦產科醫師，又出了一個很大的醫療糾紛，如果沒有他父親那一趕，也許他做牙醫可以避開這個糾紛。又想到美國總統川普選前頭部中的那一彈，若是角度稍微差一點，川普絕對不僅是耳朵受傷而已，那將影響到全球的局勢。,2025-10-20 09:08,自認內外兼備的急診醫師，48年基督的門徒。有熱血且高敏感特質，堅持不做大官，願做大事。最愛的經文：行公義、好憐憫、存謙卑的心與神同行。,日夜顛倒
xiaojun8597,小俊劉,我遇見過小s 三次，一次是在台東機場、一次在飛機上、一次在之前敦南誠品書店。我也有朋友在台東的證券公司上班，和小s的已去世的公公（本來是台東的開業醫師後來作股票大賺）吃過飯。她公公對於她的評價是很正面的（不似她的平日的大膽主持風格）只有説：個子短小些，不到160。,2025-10-20 05:48,自認內外兼備的急診醫師，48年基督的門徒。有熱血且高敏感特質，堅持不做大官，願做大事。最愛的經文：行公義、好憐憫、存謙卑的心與神同行。,日夜顛倒
xiaojun8597,小俊劉,新一代女明星中張鈞甯常常被稱氣質出眾，有次我看她接受王偉忠的訪問內容。驚訝：她自稱很沒有自信對於自己的演技，且家人之前一直極力反對她在演藝圈。感想：人是很複雜的情感物種，我在台東常常聽到原住民同胞說：我絕不嫁原住民，結果竟然照著反誓言去做。,2025-10-20 05:10,自認內外兼備的急診醫師，48年基督的門徒。有熱血且高敏感特質，堅持不做大官，願做大事。最愛的經文：行公義、好憐憫、存謙卑的心與神同行。,日夜顛倒
xiaojun8597,小俊劉,大干貝及鰻魚飯。我是愛吃海鮮和白肉的，有段時間偏愛吃大干貝和鰻魚飯。有去大賣場買一大包由北海道急速冷凍來的大干貝，當一個人在台東時，偶爾一次蒸個四五粒。至於鰻魚呢、則是每次去壽司郎必點的各式鰻魚壽司🍣。最近有個體會：有些食物其實你也沒有那麼愛，只是因為它們的稀缺性，當多吃幾次之後呢⋯⋯就會覺得還好。現在到壽司郎兒子要幫我點，我還特地交待、不要點它。有人想要做醫生是因為它難考，而且工作中是人求你不是你求人。但是也要想想你的工作時刻，都是人在最痛苦的時候來拜訪（尤其是急診科醫師）還真的是要有兩把刷子才能過日子的啊！,2025-10-20 04:53,自認內外兼備的急診醫師，48年基督的門徒。有熱血且高敏感特質，堅持不做大官，願做大事。最愛的經文：行公義、好憐憫、存謙卑的心與神同行。,日夜顛倒
xiaojun8597,小俊劉,知道自己的卑微（剛剛聽到牧師的禱告的一句）想到前暨南大學校長李家同（他是天主教徒）曾經說過：人要把自己看小不容易。我是民國65年入台北大同國中就讀，每日早上轉二道車，早上六點出門約0640到，從新店到台北的長春路。國一下學期第一次月考成績全校一千多人，排名第一。哦，從此以後知道自己是唸書的料。至於愛情及事業方面，藉由在醫院由小醫師做起，處理緊急事態與人相處，幾乎是一路順遂（從來沒有失戀過）我有一個小小的優點：我會去注意別人的努力，且對以尊敬的態度。因為我覺得我，是有得到上帝的厚愛，付出吃一點虧沒有關係。這個點，跟我那個富豪朋友感受很像（他常常捐款）我昨天說的，你要自己去解讀你的環境或是挫折，是禮物還是廢物，這個很重要‼️當你一切順利，一定要知道那個源頭。若是沒有了解看到，你說這一切好處都是我自己掙來的，要把自己看小，那麼就非常不容易。,2025-10-19 15:35,自認內外兼備的急診醫師，48年基督的門徒。有熱血且高敏感特質，堅持不做大官，願做大事。最愛的經文：行公義、好憐憫、存謙卑的心與神同行。,日夜顛倒
xiaojun8597,小俊劉,年輕時候香港的鍾楚紅很紅，我那時覺得她還好，因為她的鼻子嘴巴的線條沒有像林青霞那麼精緻。後來我倒是覺得她排第一，因為人的五官平整漂亮外還需要加上內在的氣質（她後者勝出其他女星）難怪林肯說人40歲後要對自己的相貌負責。,2025-10-19 08:18,自認內外兼備的急診醫師，48年基督的門徒。有熱血且高敏感特質，堅持不做大官，願做大事。最愛的經文：行公義、好憐憫、存謙卑的心與神同行。,日夜顛倒
xiaojun8597,小俊劉,昨天在急診室我會診的骨科醫師，他大概不知道伯伯年紀很大了，講話沒大沒小。急診醫師在急診服務要讓別人覺得很好用：大夜班沒問題、假日班沒問題、明天某個醫生已經有七台刀，半夜幫他應對病人及家屬（所有的人都認為自己很重要)我與同事的相處之道：背後默默表現善意。說他沒大沒小，往好處想：我看起來太年輕了（沒有皺紋）,2025-10-19 07:58,自認內外兼備的急診醫師，48年基督的門徒。有熱血且高敏感特質，堅持不做大官，願做大事。最愛的經文：行公義、好憐憫、存謙卑的心與神同行。,日夜顛倒
xiaojun8597,小俊劉,人遇到事情前要先有心理準備很重要。比如：當兒子小學五六年級的時候，我就有預備心接下來國中高中為了升學，課業生活會很辛苦（亞洲國家特色，青少年學習量爆表，睡眠不足）做急診醫師工作，就是大家放連假、過年過節歡樂的時候我們最忙的時候。我也可以歡樂啊！就是和一般上班族錯開時間罷了！有些基督徒抱怨教會人愛心不足，就是你、就是你去展現愛心的時候。兒子的外國女友要回國，我問你有沒有淚撒….他回：我心理早就已經有準備了。,2025-10-19 07:26,自認內外兼備的急診醫師，48年基督的門徒。有熱血且高敏感特質，堅持不做大官，願做大事。最愛的經文：行公義、好憐憫、存謙卑的心與神同行。,日夜顛倒
xiaojun8597,小俊劉,鄭麗文我曾在台北某個書店見過，很高，約178公分。她在我印象中最鮮明的人格特質：不壓抑、能夠把對手罵得爽。光是不壓抑這個點，很多人就是做不到，簡言之，氣沒有地方出。我的同事個性溫和，有一年他負責教會聖誕節活動的音響設備，結果出苞了。他請太太幫他去罵人（自己有氣不會出）所以有時候你看到醫生脾氣很好有兩種情況：1 是他很有愛心 2 是他很壓抑。當然我們都很羡慕有愛心又不壓抑的人格特質的人。,2025-10-19 07:01,自認內外兼備的急診醫師，48年基督的門徒。有熱血且高敏感特質，堅持不做大官，願做大事。最愛的經文：行公義、好憐憫、存謙卑的心與神同行。,日夜顛倒
xiaojun8597,小俊劉,今早第一班火車往台北,2025-10-19 06:07,自認內外兼備的急診醫師，48年基督的門徒。有熱血且高敏感特質，堅持不做大官，願做大事。最愛的經文：行公義、好憐憫、存謙卑的心與神同行。,日夜顛倒
xiaojun8597,小俊劉,砂輪機到底是何方神聖啊？怎麼每次上班碰到手指嚴重的外傷都幾乎跟它有關，骨科醫師來看這個病人，還問是哪一種砂輪機？昨天這個病人一衝入急診，手上握著一大包血跡衞生紙，我立刻過去迎接，再看一下他的病歷，之前有焦慮症看身心科，我心裏有個底：等一下打麻醉針的時候他可能痛的會比較誇張。￼欸？奇怪他穩穩的接受局部麻醉在手指上，一點也不像以前碰到的焦慮恐慌的病人。我問他怎麼回事，他竟然說出一句對我們急救急診醫師最療癒的話：我進來本來很慌張、一看到醫生立刻來接我，我就不慌張了。,2025-10-19 04:25,自認內外兼備的急診醫師，48年基督的門徒。有熱血且高敏感特質，堅持不做大官，願做大事。最愛的經文：行公義、好憐憫、存謙卑的心與神同行。,日夜顛倒
xiaojun8597,小俊劉,要做一個快樂的醫生很重要‼️從做醫學生開始就要常常保持愉快積極的態度過生活。面對生活或是學習上的挫折，你要如何解讀、解讀就是對於事物的自己的看法。昨天我寫的那篇好像有二萬次閲讀量，裡面有人提問：急診醫師值班日子怎麼能夠滋潤？我回我有睡眠的天賦：幾乎隨時可以睡著，所以夜間值班不是問題，加上工作有成就感，兒子小學中學的家長會、運動會都可以參加（因為可以前一個月排好Off）你知道我怎麼會走急診的嗎？又是一個瓜：25年前很多內外科不要的（有點難聽）才去走急診。簡單講：得罪了大老。然後我去急診發現我的反應快、做事動作也細也快也夠狠：很適合急診，也就是一直做到現在（薪水是以前好幾倍）所以你說我是被人陷害嗎？你是怎麼解讀呢？,2025-10-18 11:28,自認內外兼備的急診醫師，48年基督的門徒。有熱血且高敏感特質，堅持不做大官，願做大事。最愛的經文：行公義、好憐憫、存謙卑的心與神同行。,日夜顛倒
xiaojun8597,小俊劉,人總是會喜歡和人互相比較，尤其是同為醫師的附近前後期的同學。有一句老話：30歲比學歷、40歲比經歷、50歲以後就是比病歷。現代人不喜歡聽到要多付出、扛責任（覺得那是上帝的事）但是請你想想，若是一個醫師養四個小孩、另一個醫師養一個小孩。光是全家去一躺歐洲旅行，就差了快四十萬的花費。這幾年醫院有為我們主治醫師安排心臟冠狀動脈鈣化指數檢查，一樣是六十歲以上的醫師，有的人是零分，有的人是100、200多分（後來去裝了支架了，他開玩笑說裝了一台國產車的錢）我旁邊醫院有位醫師大我一歲，已經洗腎好幾年了。所以年輕的醫療界的朋友，努力是要的，但是也要考慮到身體健康付出的成本。千萬不要做賠本生意哦！,2025-10-18 08:53,自認內外兼備的急診醫師，48年基督的門徒。有熱血且高敏感特質，堅持不做大官，願做大事。最愛的經文：行公義、好憐憫、存謙卑的心與神同行。,日夜顛倒
yishan_aigle,yishan_aigle,"我的狗狗失智了。
我比想像中的久才接受這件事情，
雖然都知道老了本來就會伴隨著許多症狀，
但是還是有想逃避的心情。
目前熊熊其實還在前期，
日夜顛倒（所以白天不能讓他睡太多），
卡在奇怪的地方（找狗大作戰），
不太會興奮地迎接我們回家
（反應很慢很慢）等等，
看起來憨憨呆呆的。
但是沒關係，我們一起努力吧～",2025-10-07 14:09,法文老師、一隻狗兒子的媽媽、podcaster,日夜顛倒
yishan_aigle,yishan_aigle,"請問有寵物友善的錄音室嗎～
我家狗狗會乖乖待在籠子裡面的",2025-09-30 15:27,法文老師、一隻狗兒子的媽媽、podcaster,日夜顛倒
emily.33310,emily33310,"最近常常日夜顛倒 作息一整個不正常
朋友說我看起來長的很像卡皮巴拉⋯
有沒有人有什麼推薦的保養品
我想好好的拯救一下自己😭",2025-09-11 17:21,"雙魚寶寶🍼
INFJ",日夜顛倒
emily.33310,emily33310,哈哈哈哈我學會了😂,2025-09-05 13:11,"雙魚寶寶🍼
INFJ",日夜顛倒
wcq_821,👮🏻‍♀️👮🏻‍♀️👮🏻‍♀️,"快要回去上班了，看著警察制服，有點不捨又有點難過
不捨是這身制服帶給我的成就感
難過是這份工作犧牲了我的健康與家庭
出社會當了警察，日夜輪班
身為社會打工仔大家都看到薪資表面而已
想說出來警察到底社會地位多低等，
但是感覺說了只會被貼上［大不了不要做了］這個標籤
快30歲了，想做的事有好多，都被警察生活日夜顛倒所綁住了
我是不是該為自己奮不顧身一次？
現在有了家庭，有了壓力，我不知道我能不能承受失敗的後果
可是我，真的真的，好想衝出這個一線三星的軀殼",2025-01-19 22:34,"是個警察，想當個真正自由的人
獨立是一個女生最大的後盾",日夜顛倒
wcq_821,👮🏻‍♀️👮🏻‍♀️👮🏻‍♀️,一直跑推薦出來，越看越想嘗試？,2025-01-15 15:00,"是個警察，想當個真正自由的人
獨立是一個女生最大的後盾",日夜顛倒
wcq_821,👮🏻‍♀️👮🏻‍♀️👮🏻‍♀️,"我生的是可愛的女兒啊
被我隔壁鄰居一說
：欸是不是有點像侯友宜🧐
😑😑😑😑（是說第一張越看越像",2025-01-13 12:33,"是個警察，想當個真正自由的人
獨立是一個女生最大的後盾",日夜顛倒
wcq_821,👮🏻‍♀️👮🏻‍♀️👮🏻‍♀️,"一如既往的月經頭痛，我想有這個症頭的女生都清楚痛起來會有多痛
就在頭痛的時候，他叫我直接去休息，只需要躺好，兩眼一閉雙腳躺平睡就對了
叫我起床只是告訴我到床上睡更舒服
一睜眼發現，碗盤都洗好了，衣服也用好了，玩具也收好了，甚至孩子明天上學的物品都已經放在桌上
他以命令的口吻叮嚀我
「明天好好休息別亂跑，都別吹到風」
他在講這句話的同時正在幫第二個孩子餵奶
我看著他正在我眼裡發光
他是幾千億人口當中的其中一人，很平凡很一般
但是在我心裏他無可取代，是所向披靡的
我很幸運擁有他，他是我老公❤️",2025-01-10 01:14,"是個警察，想當個真正自由的人
獨立是一個女生最大的後盾",日夜顛倒
wcq_821,👮🏻‍♀️👮🏻‍♀️👮🏻‍♀️,"是不是幼稚園真的很難排🥲
老大目前1歲8個月，最早2歲可以入幼稚園，托嬰在做退托調查了，可是6月心儀的幼稚園才會開說明會，那就算8月順利入學也是才2歲4個月，目前托嬰說不趕快多找幾間，假設真的沒學校讀還是要自己帶到明年8月
這樣一說我突然覺得壓力好大，幼稚園真的很難排嗎？我不是要排公立的，我只是想等說明會再審慎評估要讀哪間，新北土城的幼稚園真的搶瘋了？🤔🤔🤔
還是真的我新手媽媽太菜逼八🙂🙂",2025-01-06 11:22,"是個警察，想當個真正自由的人
獨立是一個女生最大的後盾",日夜顛倒
ox0830xo,↜☾ ❃ Ÿäħg poppy ❃ ☽↝,"因為長期日夜顛倒
頭皮很敏感
現在每天頭皮都很癢不知道怎麼辦？",2024-08-23 08:30,只會微笑的女孩,日夜顛倒
ox0830xo,↜☾ ❃ Ÿäħg poppy ❃ ☽↝,"男生女生的心理需求完全不一樣
一段感情你想要變成打太極一樣過一輩子
還是想要像秋天的天氣一樣舒服過一輩子呢？
#感情  #看法决定结果 
#想法分析  #夫妻相處 
#情侶相處  #大家一起來討論 
#不同的婚姻需要用不同的調味品  #離婚 #分手  #相處  #戀愛 
#上推薦  #上热门  #上熱搜告訴我❤️",2024-08-23 07:53,只會微笑的女孩,日夜顛倒
ox0830xo,↜☾ ❃ Ÿäħg poppy ❃ ☽↝,"聽周深唱歌就像在看一幅畫
有感動有故事
每聽一次就戀愛一次",2024-08-18 17:29,只會微笑的女孩,日夜顛倒
ox0830xo,↜☾ ❃ Ÿäħg poppy ❃ ☽↝,黑眼圈到底有沒有救？,2024-08-17 22:35,只會微笑的女孩,日夜顛倒
ox0830xo,↜☾ ❃ Ÿäħg poppy ❃ ☽↝,"要冰嘎就來冰嘎
原來好像不難
我只有戴眼鏡才會鬥雞眼
#雙胞胎寶寶不睡覺就跳舞",2024-08-17 03:58,只會微笑的女孩,日夜顛倒
ox0830xo,↜☾ ❃ Ÿäħg poppy ❃ ☽↝,"歐咖拉西達～氣拉氣啦？
應該是這樣吧(◐‿◑)�
#女兒不睡覺就跳舞 
#雙胞胎媽媽  #一起來嘻哈",2024-08-17 03:39,只會微笑的女孩,日夜顛倒
ox0830xo,↜☾ ❃ Ÿäħg poppy ❃ ☽↝,哎呀媽咪腦瓜疼,2024-08-16 20:21,只會微笑的女孩,日夜顛倒
ox0830xo,↜☾ ❃ Ÿäħg poppy ❃ ☽↝,"這是一段一家人恐怖經歷
如果你沒有小孩要看影片
家庭影片 小惡魔小怪獸們",2024-08-14 23:32,只會微笑的女孩,日夜顛倒
ox0830xo,↜☾ ❃ Ÿäħg poppy ❃ ☽↝,"其實人生就是一塊破布，會經過自己的巧手縫縫補補的，會經歷一塊布的過程到兩塊布結合，在一起變成好幾塊碎布連結在一起，那些零零碎碎的布是自己的孩子一手一根針線縫縫合合在一起，用愛去填補空缺那些空隙就像是心理害怕跟勇氣，一邊害怕著未來會有什麼發展，一邊期待著未來的憧憬，它就像是世界的塵埃，世界的風景不起眼卻讓人著迷，像是月空的月亮照亮你縫布的雙手，看著照亮自己的太陽溫暖自己的心，它是每一個家庭必備的材料，愛的成分會在自己的經歷和歷練中發芽，不要不相信它的力量，它很正面也很負面因為有它們的存在人生才會圓滿又快樂#媽媽愛碎碎唸，阿勒...又是媽媽最後一個睡覺，上完廁所準備躺平突然有靈感就來寫作文(˶‾᷄ ⁻̫ ‾᷅˵)
（感情用愛行動愛要大聲說出來）
幹話日常",2024-08-14 04:54,只會微笑的女孩,日夜顛倒
ox0830xo,↜☾ ❃ Ÿäħg poppy ❃ ☽↝,"真心覺得脆的媽媽們都很暖心
需要安慰時都會在第一時間互動安慰鼓勵
讓我身心靈感到非常放鬆
最近也開始跟老公有話題
但是房事還是很忙沒有空做功課
因為雙胞胎緣故吧
進行到一半然後就聽到有寶寶在喊
不過其實最重要的事
夫妻要有共識雙方都願意聽對方的聲音
今天是七個月以來心理最放鬆的一天
希望明天我跟老公約定好的行程
我不要因為太累睡過頭(˶‾᷄ ⁻̫ ‾᷅˵)",2024-08-14 01:08,只會微笑的女孩,日夜顛倒
ox0830xo,↜☾ ❃ Ÿäħg poppy ❃ ☽↝,"你家一樣一個愛計較的另一半嗎？
分享這隻影片給你愛的人，
給他一次改過自新的機會吧～
#愛聽不聽隨便你 #放生  #短影片 
#抖音短影片 #無聊發影片
#媽媽的幹話影片～",2024-08-12 21:57,只會微笑的女孩,日夜顛倒
ox0830xo,↜☾ ❃ Ÿäħg poppy ❃ ☽↝,"姊姊已經進入夢鄉
為什麼妹妹還那麼嗨
誰能來把她打包帶走啊？(;´༎ຶД༎ຶ`)",2024-08-12 12:33,只會微笑的女孩,日夜顛倒
ox0830xo,↜☾ ❃ Ÿäħg poppy ❃ ☽↝,"你的IG呢？
#求關注 #求洗讚  #求流量 
#求上推荐  #求人  #求熱門🔥 
#爸爸別限我流  #媽媽來流量 
#路過請按讚  #路過請關注 
#不回私訊可留言喔",2024-08-12 12:33,只會微笑的女孩,日夜顛倒
ox0830xo,↜☾ ❃ Ÿäħg poppy ❃ ☽↝,"請問有誰能幫忙衝個粉絲
我會很感謝大家的
不喜歡關注也沒關係幫忙按讚也可以💖",2024-08-11 02:17,只會微笑的女孩,日夜顛倒
ox0830xo,↜☾ ❃ Ÿäħg poppy ❃ ☽↝,"講一句你最想說的幹話
幹話日常",2024-08-11 02:08,只會微笑的女孩,日夜顛倒
ox0830xo,↜☾ ❃ Ÿäħg poppy ❃ ☽↝,"這個原本是想說客人來家裡給客人坐著聊天的
結果現在變成妳們睡覺的床
這樣好像也挺不錯
反正我買兩個(⁎⁍̴̛ᴗ⁍̴̛⁎)",2024-08-11 00:51,只會微笑的女孩,日夜顛倒
cc8712398,cc8712398,"孕婦日夜顛倒 小孩生出來會不會也日夜顛倒🥹
孕晚期 早上睡不醒 晚上睡不著
33w 🥹",2025-10-13 04:53,,日夜顛倒
hsien__30,小嫻｜ᡣ𐭩,"有沒有媽咪可以分享怎麼調整日夜顛倒
寶寶七個月半夜都不睡覺
早上六點才睡 真的要被搞瘋了🤯",2025-11-19 05:28,一隻美甲師｜@o_hana_nail_,日夜顛倒
cyw.as,ARIES | 雲 ☁️,"台南必吃的宵夜店推薦一下
日夜顛倒吃到都不知道要吃啥🥲",2025-05-18 18:26,台南酒精小公主 專門讓人壞掉ㄉ壞公關🍼,日夜顛倒
cyw.as,ARIES | 雲 ☁️,所以淺問一下肯德基的檸檬蛋塔到底推不推ಥ_ಥ,2025-05-11 22:42,台南酒精小公主 專門讓人壞掉ㄉ壞公關🍼,日夜顛倒
xinjung7213,妡蓉,"你最討厭的值班時間是？
護理師們！你最討厭哪個班？
1️⃣ 小夜班（下班像夜歸的遊魂）
2️⃣ 大夜班（失眠、日夜顛倒￼￼）
3️⃣ 早班（永遠睡不飽￼）
4️⃣ 輪班制（沒人生節奏）
我的答案是：**全部都討厭。**😂",2025-07-11 14:00,"懂這個世界的難堪，卻仍選擇善良
三觀比臉型還正的加護病房護理師
下班之餘，陪你用自己的節奏
打造出，你想要的生活
不厲害沒關係，先開始就對了
想經營自媒體，來找我💌",日夜顛倒
xinjung7213,妡蓉,"醫院冷知識
在加護病房，情緒崩潰的不是最危險的病人，
沉默不語的，才是我們最擔心的。
能哭、能喊、能鬧，代表他還有力氣。
真正快撐不住的，是一句話都說不出口的那種靜。
情緒，有時反而是一種活著的證明。",2025-07-11 12:00,"懂這個世界的難堪，卻仍選擇善良
三觀比臉型還正的加護病房護理師
下班之餘，陪你用自己的節奏
打造出，你想要的生活
不厲害沒關係，先開始就對了
想經營自媒體，來找我💌",日夜顛倒
xinjung7213,妡蓉,"我最痛苦的時候，是那段負債百萬的日子
一個月打三份工
但我腦中，常常演一齣戲
「我已經還完了，正在幫別人走出來」
就這樣，一天一天騙自己也撐下來了
那不是幻想，是一種救命的自我暗示
你可以不信未來，但不能不相信自己還能翻盤",2025-07-11 08:00,"懂這個世界的難堪，卻仍選擇善良
三觀比臉型還正的加護病房護理師
下班之餘，陪你用自己的節奏
打造出，你想要的生活
不厲害沒關係，先開始就對了
想經營自媒體，來找我💌",日夜顛倒
xinjung7213,妡蓉,"醫院冷知識
簽了 DNR（不施行心肺復甦術），
不代表放棄治療。
它的意思是——
當心跳快停止時，我們不再壓胸插管，
但在那之前，所有治療一樣會做。
很多家屬以為 DNR 是「讓病人等死」，
但其實它是尊重，尊重一個人好好離開的方式。
追蹤我，讓我們一起理解醫療，
也理解愛的另一種形式。",2025-07-10 16:00,"懂這個世界的難堪，卻仍選擇善良
三觀比臉型還正的加護病房護理師
下班之餘，陪你用自己的節奏
打造出，你想要的生活
不厲害沒關係，先開始就對了
想經營自媒體，來找我💌",日夜顛倒
xinjung7213,妡蓉,"朋友問我：「你還會相信愛情嗎？」
我說：
「我信愛，但不再把命交出去。」
對方愣住了。
後來我學會——
愛一個人，不等於犧牲自己；
愛對的人，才不會讓你懷疑人生。",2025-07-10 14:00,"懂這個世界的難堪，卻仍選擇善良
三觀比臉型還正的加護病房護理師
下班之餘，陪你用自己的節奏
打造出，你想要的生活
不厲害沒關係，先開始就對了
想經營自媒體，來找我💌",日夜顛倒
xinjung7213,妡蓉,"一個新來的學妹被酸了，回去默默擦眼淚。
我拍拍她說：
「會噴回去的是一時情緒，能忍住的才是真強者。」
她看著我，點了點頭。
職場不是講道理的地方，
而是比誰能忍、能轉身繼續走。",2025-07-10 12:00,"懂這個世界的難堪，卻仍選擇善良
三觀比臉型還正的加護病房護理師
下班之餘，陪你用自己的節奏
打造出，你想要的生活
不厲害沒關係，先開始就對了
想經營自媒體，來找我💌",日夜顛倒
xinjung7213,妡蓉,"那天看見學妹心情不好
我拍拍學妹說：「想像一下現在在峇里島，怎樣？」
我閉上眼，想像陽光、沙灘、沒穿制服
三秒後……居然真的有笑出來
後來才知道這不是逃避，是「預期療癒」
大腦以為你真的放鬆，就會默默分泌快樂
世界讓你累，但你可以偷偷撫慰自己
從哪裡開始？從一個想像力旅行開始",2025-07-10 10:00,"懂這個世界的難堪，卻仍選擇善良
三觀比臉型還正的加護病房護理師
下班之餘，陪你用自己的節奏
打造出，你想要的生活
不厲害沒關係，先開始就對了
想經營自媒體，來找我💌",日夜顛倒
xinjung7213,妡蓉,"我朋友沒男友、沒婚禮、沒婚戒
但她每天出門自信滿滿
以前我們問她：「不孤單嗎？」
她回：「我只有在跟錯人一起時，才最孤單。」
現在我才懂
有些幸福，是不用證明的",2025-07-10 08:00,"懂這個世界的難堪，卻仍選擇善良
三觀比臉型還正的加護病房護理師
下班之餘，陪你用自己的節奏
打造出，你想要的生活
不厲害沒關係，先開始就對了
想經營自媒體，來找我💌",日夜顛倒
xinjung7213,妡蓉,"有沒有一種男生，
跟你說他很忙，忙到不能回訊息，
結果你滑限時看到他在打LOL。
學姊說：「我寧願相信血的流速，也不相信他的回覆。」
講得好像有點道理欸……
血還會回流，他不會欸",2025-07-09 16:00,"懂這個世界的難堪，卻仍選擇善良
三觀比臉型還正的加護病房護理師
下班之餘，陪你用自己的節奏
打造出，你想要的生活
不厲害沒關係，先開始就對了
想經營自媒體，來找我💌",日夜顛倒
xinjung7213,妡蓉,"前陣子壓力大到失眠
我半夜在日曆上劃了一個假想的「自由日」
假裝那天可以睡到自然醒、不回訊息、只吃喜歡的東西
那天真的還沒到
但光想像，就覺得自己有一點力量活下去
心理學說：
預期中的快樂，會偷偷療癒現在的崩潰
你可以沒錢、沒假，但不能沒盼望",2025-07-09 10:00,"懂這個世界的難堪，卻仍選擇善良
三觀比臉型還正的加護病房護理師
下班之餘，陪你用自己的節奏
打造出，你想要的生活
不厲害沒關係，先開始就對了
想經營自媒體，來找我💌",日夜顛倒
xinjung7213,妡蓉,"我學妹沒轉職、沒創業、沒斜槓
但她早上有早餐、晚上有睡覺
以前覺得她太安逸
後來才發現她的精神狀態比我們好太多
不是每個人都要拚命才叫成功
撐住日常，其實就是奇蹟了",2025-07-09 08:00,"懂這個世界的難堪，卻仍選擇善良
三觀比臉型還正的加護病房護理師
下班之餘，陪你用自己的節奏
打造出，你想要的生活
不厲害沒關係，先開始就對了
想經營自媒體，來找我💌",日夜顛倒
xinjung7213,妡蓉,"學姐說：
「真的努力的人，不會到處說自己多努力」
「他們只會一件一件事做完」
瞬間，覺得臉有點紅🥲
真正忙著改變的人，是沒空表演的
只有還在觀望的人，才會一直強調自己
「有在努力」",2025-07-09 08:00,"懂這個世界的難堪，卻仍選擇善良
三觀比臉型還正的加護病房護理師
下班之餘，陪你用自己的節奏
打造出，你想要的生活
不厲害沒關係，先開始就對了
想經營自媒體，來找我💌",日夜顛倒
xinjung7213,妡蓉,"感情最怕的不是沒愛過
是你全心全意，他卻愛得隨便
你認真問他在不在乎
他還要想三秒
好像只有你一個人在關心這段關係
你累了嗎？",2025-07-08 16:00,"懂這個世界的難堪，卻仍選擇善良
三觀比臉型還正的加護病房護理師
下班之餘，陪你用自己的節奏
打造出，你想要的生活
不厲害沒關係，先開始就對了
想經營自媒體，來找我💌",日夜顛倒
xinjung7213,妡蓉,"有人說感情最難的是開始
我們覺得最難的是醒來
因為醒來才知道自己一路傻得有多深
學妹一句玩笑話
卻讓我回家洗澡時差點哭出來：
「血是乾了可以補，感情是流了也回不來。」
你曾經也這樣嗎？",2025-07-08 14:00,"懂這個世界的難堪，卻仍選擇善良
三觀比臉型還正的加護病房護理師
下班之餘，陪你用自己的節奏
打造出，你想要的生活
不厲害沒關係，先開始就對了
想經營自媒體，來找我💌",日夜顛倒
xinjung7213,妡蓉,"女生們心情低落的時候，第一反應是什麼？
	1.	狂吃甜食
	2.	瘋狂購物
	3.	一個人關燈爆哭
	4.	裝沒事，繼續撐
不管你選哪一個，你都不孤單。
有時候，表面堅強，是因為生活不允許我們崩潰",2025-07-08 12:00,"懂這個世界的難堪，卻仍選擇善良
三觀比臉型還正的加護病房護理師
下班之餘，陪你用自己的節奏
打造出，你想要的生活
不厲害沒關係，先開始就對了
想經營自媒體，來找我💌",日夜顛倒
xinjung7213,妡蓉,"在更衣室學妹說：
「他說他還沒準備好進入關係」
「但每天都對我曖昧、陪我聊天」
我回她一句話：
「他不是沒準備好，是只準備好讓你暈船」
有些人最會的不是愛人，而是掌控你的感覺
成熟不是懂得愛一個人，而是懂得停損",2025-07-08 10:00,"懂這個世界的難堪，卻仍選擇善良
三觀比臉型還正的加護病房護理師
下班之餘，陪你用自己的節奏
打造出，你想要的生活
不厲害沒關係，先開始就對了
想經營自媒體，來找我💌",日夜顛倒
xinjung7213,妡蓉,"ICU病人家屬哭著說：
「早知道這樣，我當初就不只顧著賺錢了」
那天我下班後坐在更衣室裡，沉默了很久。
人生不是只有錢最重要，
但沒錢的時候，你真的連選擇都沒有",2025-07-08 08:00,"懂這個世界的難堪，卻仍選擇善良
三觀比臉型還正的加護病房護理師
下班之餘，陪你用自己的節奏
打造出，你想要的生活
不厲害沒關係，先開始就對了
想經營自媒體，來找我💌",日夜顛倒
xinjung7213,妡蓉,"醫院冷知識
急救時的電擊不是「用來喚醒」病人
是用來「校正錯誤節律」
簡單來說：是讓亂跳的心停下來，重新開始
人生也是
當你一直瞎忙、亂衝、焦慮
有時候你需要的不是加速，而是停一下、重新出發
改變不一定是加法，有時候是重新格式化",2025-07-07 16:00,"懂這個世界的難堪，卻仍選擇善良
三觀比臉型還正的加護病房護理師
下班之餘，陪你用自己的節奏
打造出，你想要的生活
不厲害沒關係，先開始就對了
想經營自媒體，來找我💌",日夜顛倒
xinjung7213,妡蓉,"女生們加班到很晚後，第一件事是什麼？
	1.	開冷氣躺床上
	2.	點一杯手搖安慰自己
	3.	滑手機滑到睡著
	4.	一邊洗澡一邊想辭職
說真的，我們不是怕累，是怕這樣過一輩子。
如果你也想改變現在的生活，我懂你",2025-07-07 14:00,"懂這個世界的難堪，卻仍選擇善良
三觀比臉型還正的加護病房護理師
下班之餘，陪你用自己的節奏
打造出，你想要的生活
不厲害沒關係，先開始就對了
想經營自媒體，來找我💌",日夜顛倒
xinjung7213,妡蓉,"女生們最常對自己說的謊是？
	1.	我沒事
	2.	我不在乎
	3.	我可以再撐一下
	4.	我真的過得很好
其實你早就該被抱一抱
只是你太會撐，撐到別人以為你不需要安慰
如果你也是這樣的人，記得：你值得被好好對待",2025-07-07 12:00,"懂這個世界的難堪，卻仍選擇善良
三觀比臉型還正的加護病房護理師
下班之餘，陪你用自己的節奏
打造出，你想要的生活
不厲害沒關係，先開始就對了
想經營自媒體，來找我💌",日夜顛倒
xinjung7213,妡蓉,"咖啡廳女孩邊哭邊說：
「他說我太需要人陪，這樣不健康」
我心想：
渴望陪伴本來就不丟臉
丟臉的是，讓你習慣寂寞還說你矯情的人
不是你太黏，是他給不了你安全感",2025-07-07 09:59,"懂這個世界的難堪，卻仍選擇善良
三觀比臉型還正的加護病房護理師
下班之餘，陪你用自己的節奏
打造出，你想要的生活
不厲害沒關係，先開始就對了
想經營自媒體，來找我💌",日夜顛倒
xinjung7213,妡蓉,"一個創業夥伴說：
「你不是沒機會，你只是想太多」
我當下不服氣，但他說得對。
想太多，其實就是拖延的藉口。
你真正缺的從來不是資源，是起步的勇氣。",2025-07-07 08:00,"懂這個世界的難堪，卻仍選擇善良
三觀比臉型還正的加護病房護理師
下班之餘，陪你用自己的節奏
打造出，你想要的生活
不厲害沒關係，先開始就對了
想經營自媒體，來找我💌",日夜顛倒
xinjung7213,妡蓉,"前輩對我說：
「一直找藉口的人，不是不能做」
「是還沒痛夠」
當下我沒回話，回家卻失眠了一整晚
你說沒時間，其實是在逃避；
你說不會，其實是不願學；
等到你真的撐不下去了，自然就會做了。",2025-07-06 16:00,"懂這個世界的難堪，卻仍選擇善良
三觀比臉型還正的加護病房護理師
下班之餘，陪你用自己的節奏
打造出，你想要的生活
不厲害沒關係，先開始就對了
想經營自媒體，來找我💌",日夜顛倒
xinjung7213,妡蓉,"女病人悄悄對我說：
「我老公都說，他忙不是不愛我」
我看著她浮腫的眼睛：
「忙不是問題，連回訊息都懶得做，是態度問題」
人都會忙，但有心的人，哪怕累也不會讓你覺得被忽視",2025-07-06 14:00,"懂這個世界的難堪，卻仍選擇善良
三觀比臉型還正的加護病房護理師
下班之餘，陪你用自己的節奏
打造出，你想要的生活
不厲害沒關係，先開始就對了
想經營自媒體，來找我💌",日夜顛倒
xinjung7213,妡蓉,"下班跟學妹一起吃晚餐時，
學妹看手機突然翻白眼：
「他回我：‘我不適合談感情，但我可以陪你」
我說：這是什麼意思？
她說：「就是不做主餐，還想吃免費甜點。」
抽他血都嫌浪費針頭
別再給曖昧不清的人，佔你人生的位置",2025-07-06 12:00,"懂這個世界的難堪，卻仍選擇善良
三觀比臉型還正的加護病房護理師
下班之餘，陪你用自己的節奏
打造出，你想要的生活
不厲害沒關係，先開始就對了
想經營自媒體，來找我💌",日夜顛倒
xinjung7213,妡蓉,"以前我不懂為什麼有人分手後
可以馬上就跟下一個人在一起。
直到我看見朋友那年痛到快瘋掉
我才發現，有時候人不是癢了，是怕了。
怕一個人
怕想起來
怕熬不過那種空掉的心。",2025-07-06 10:00,"懂這個世界的難堪，卻仍選擇善良
三觀比臉型還正的加護病房護理師
下班之餘，陪你用自己的節奏
打造出，你想要的生活
不厲害沒關係，先開始就對了
想經營自媒體，來找我💌",日夜顛倒
xinjung7213,妡蓉,"女生們看到朋友發限動環遊世界時的第一反應？
	1.	心酸
	2.	立馬存圖當目標
	3.	假裝不在意
	4.	滑過去繼續上班
我們羨慕的，從來都不是景點，
是「能自由選擇的人生」。
你也有機會，只是你還沒開始而已",2025-07-06 08:00,"懂這個世界的難堪，卻仍選擇善良
三觀比臉型還正的加護病房護理師
下班之餘，陪你用自己的節奏
打造出，你想要的生活
不厲害沒關係，先開始就對了
想經營自媒體，來找我💌",日夜顛倒
xinjung7213,妡蓉,"某天幫病人量完血壓，學妹突然說：
「學姊，你有沒有覺得——
人的心比血壓還難控制。」
我回她：「對啊，至少血壓還會回來。」
愛情不是壞在離開
是壞在忽冷忽熱、時高時低
原來不是心臟太弱
是情緒太強",2025-07-05 16:00,"懂這個世界的難堪，卻仍選擇善良
三觀比臉型還正的加護病房護理師
下班之餘，陪你用自己的節奏
打造出，你想要的生活
不厲害沒關係，先開始就對了
想經營自媒體，來找我💌",日夜顛倒
xinjung7213,妡蓉,"療癒自己的方式是什麼？
	1.	睡一場好覺
	2.	大哭一場
	3.	買一點東西
	4.	大吃大喝",2025-07-05 13:59,"懂這個世界的難堪，卻仍選擇善良
三觀比臉型還正的加護病房護理師
下班之餘，陪你用自己的節奏
打造出，你想要的生活
不厲害沒關係，先開始就對了
想經營自媒體，來找我💌",日夜顛倒
xinjung7213,妡蓉,"女生一週會崩潰幾次？
1.看到體重又上升
2.月經前什麼都想哭
3.買的保養品沒用
4.被主管說話刺到
但你問她：「妳還好嗎？」
她會笑笑說：「還行啦～」😄",2025-07-05 12:00,"懂這個世界的難堪，卻仍選擇善良
三觀比臉型還正的加護病房護理師
下班之餘，陪你用自己的節奏
打造出，你想要的生活
不厲害沒關係，先開始就對了
想經營自媒體，來找我💌",日夜顛倒
xinjung7213,妡蓉,"以前我不懂為什麼有人
三十歲就放棄夢想，去做一份不喜歡的工作。
直到我負債那年
每天只睡四小時、打三份工
夢想對我來說，比午餐還奢侈。
那一刻我懂了
不是沒理想，是先得活下來。",2025-07-05 10:00,"懂這個世界的難堪，卻仍選擇善良
三觀比臉型還正的加護病房護理師
下班之餘，陪你用自己的節奏
打造出，你想要的生活
不厲害沒關係，先開始就對了
想經營自媒體，來找我💌",日夜顛倒
xinjung7213,妡蓉,"早餐店大姐對員工說：
「愛抱怨的，不是最累的」
「是最閒的」
全場瞬間安靜🥶
太閒的人才有空放大情緒
忙著前進的，都懶得抱怨",2025-07-05 08:00,"懂這個世界的難堪，卻仍選擇善良
三觀比臉型還正的加護病房護理師
下班之餘，陪你用自己的節奏
打造出，你想要的生活
不厲害沒關係，先開始就對了
想經營自媒體，來找我💌",日夜顛倒
xinjung7213,妡蓉,"最怕哪一種對話？
醫師：「你這藥怎麼打錯了？」
家屬：「他怎麼還沒好？」
男友：「你是不是又想太多？」
自己問自己：「是不是我不夠好？」
沒有人真正在乎你多辛苦
但你總是在逼自己撐下去",2025-07-04 16:00,"懂這個世界的難堪，卻仍選擇善良
三觀比臉型還正的加護病房護理師
下班之餘，陪你用自己的節奏
打造出，你想要的生活
不厲害沒關係，先開始就對了
想經營自媒體，來找我💌",日夜顛倒
xinjung7213,妡蓉,"以前我不懂為什麼很多人說
「如果可以重來一次，我會好好愛自己。」
直到我拼命對別人好
卻沒人回頭幫我擦眼淚那一刻
我才懂，那句話是真的。
我們都太習慣成全別人
卻忘了自己才是最該被疼的那個。",2025-07-04 14:00,"懂這個世界的難堪，卻仍選擇善良
三觀比臉型還正的加護病房護理師
下班之餘，陪你用自己的節奏
打造出，你想要的生活
不厲害沒關係，先開始就對了
想經營自媒體，來找我💌",日夜顛倒
xinjung7213,妡蓉,"電梯裡聽到兩個業務在聊天：
「我才不想再幫他補爛攤子」
「工作不是小學分組報告耶」
欸真的有夠中肯😂
長大後最怕的不是事情多
是你永遠在幫不負責的人擦屁股",2025-07-04 12:00,"懂這個世界的難堪，卻仍選擇善良
三觀比臉型還正的加護病房護理師
下班之餘，陪你用自己的節奏
打造出，你想要的生活
不厲害沒關係，先開始就對了
想經營自媒體，來找我💌",日夜顛倒
xinjung7213,妡蓉,"在咖啡廳女生對閨蜜說：
「我跟他說我很需要安全感」
「他回我：妳要先學會愛自己」
閨蜜：忍不住爆一句：
「用愛自己當藉口甩鍋，超會」
有些話聽起來很成熟
其實只是更高級的逃避",2025-07-04 10:00,"懂這個世界的難堪，卻仍選擇善良
三觀比臉型還正的加護病房護理師
下班之餘，陪你用自己的節奏
打造出，你想要的生活
不厲害沒關係，先開始就對了
想經營自媒體，來找我💌",日夜顛倒
xinjung7213,妡蓉,"某天查房完，學妹忽然問我：「學姊，你相信一見鍾情嗎？」
我說：「不太相信。」
她：「為什麼？」
我說：「因為我對病人的病史都要聽三遍，
怎麼可能相信男人的一句甜言蜜語。」
她默默點頭說：「也是，感情沒病歷，還是容易出事。」
護理師看太多病情惡化，
早就學會了：預防比搶救重要。",2025-07-04 08:00,"懂這個世界的難堪，卻仍選擇善良
三觀比臉型還正的加護病房護理師
下班之餘，陪你用自己的節奏
打造出，你想要的生活
不厲害沒關係，先開始就對了
想經營自媒體，來找我💌",日夜顛倒
xinjung7213,妡蓉,"學妹說：「學姊，我現在選對象，跟看病人一樣，只想要『生命徵象穩定』。」
我：太中肯！帥不帥其次，會不會暴走才是重點。
👉 外表會退化，但情緒不穩是職災源頭。",2025-07-03 15:00,"懂這個世界的難堪，卻仍選擇善良
三觀比臉型還正的加護病房護理師
下班之餘，陪你用自己的節奏
打造出，你想要的生活
不厲害沒關係，先開始就對了
想經營自媒體，來找我💌",日夜顛倒
xinjung7213,妡蓉,"拔管不是你說醒就醒，是真的準備好了嗎？
病人清醒 ≠ 就能拔管
意識回來了不代表呼吸穩定
呼吸穩定也不代表能保護氣道
臨床上我們看的不是「醒沒醒」
是：能不能自己呼吸、能不能咳痰、
喉嚨有沒有腫
你看到的是他睜開眼
我們看到的是他夠不夠撐得住",2025-07-03 14:00,"懂這個世界的難堪，卻仍選擇善良
三觀比臉型還正的加護病房護理師
下班之餘，陪你用自己的節奏
打造出，你想要的生活
不厲害沒關係，先開始就對了
想經營自媒體，來找我💌",日夜顛倒
xinjung7213,妡蓉,"什麼是親密？
不是你幫我開車門
是我在大哭的時候你沒轉身走
我試著給你看我的不堪
你會不會覺得我很煩？
大家都說要真誠
但遇到真情緒又想逃
說白了，能一起丟臉的人
才是能一直走下去的人吧？",2025-07-03 12:00,"懂這個世界的難堪，卻仍選擇善良
三觀比臉型還正的加護病房護理師
下班之餘，陪你用自己的節奏
打造出，你想要的生活
不厲害沒關係，先開始就對了
想經營自媒體，來找我💌",日夜顛倒
xinjung7213,妡蓉,"愛不難
難的是看見對方最狼狽的樣子還願意抱緊他
以前喜歡的是浪漫
現在只想找個不用反覆講三遍的人
「你懂我」這三個字
比「我愛你」還性感
現在的你，比起愛，更想被理解吧？",2025-07-03 10:00,"懂這個世界的難堪，卻仍選擇善良
三觀比臉型還正的加護病房護理師
下班之餘，陪你用自己的節奏
打造出，你想要的生活
不厲害沒關係，先開始就對了
想經營自媒體，來找我💌",日夜顛倒
xinjung7213,妡蓉,"那天學妹問我：「學姊，感情裡太愛對方是不是很危險？」
我笑說：「跟病人躁動一樣啊，太過激烈就得約束，不然會受傷。」
她秒懂：「所以我應該早點拉開安全距離。」
不只是病人會掙脫，
我們也該學會把自己從錯誤裡拉出來。",2025-07-03 07:59,"懂這個世界的難堪，卻仍選擇善良
三觀比臉型還正的加護病房護理師
下班之餘，陪你用自己的節奏
打造出，你想要的生活
不厲害沒關係，先開始就對了
想經營自媒體，來找我💌",日夜顛倒
xinjung7213,妡蓉,"別人聊天是「你今天吃什麼？」
我聊天是：「你今天排便了嗎？」",2025-07-02 15:00,"懂這個世界的難堪，卻仍選擇善良
三觀比臉型還正的加護病房護理師
下班之餘，陪你用自己的節奏
打造出，你想要的生活
不厲害沒關係，先開始就對了
想經營自媒體，來找我💌",日夜顛倒
xinjung7213,妡蓉,"學妹說：「病人發燒我會觀察體溫，
那談戀愛呢？怎麼知道對方已經『退愛』了？」
我靜了三秒，說：「通常是你感覺不對勁那一刻，就開始退了。」
👉 體溫可以測，愛情卻很難量。",2025-07-02 12:59,"懂這個世界的難堪，卻仍選擇善良
三觀比臉型還正的加護病房護理師
下班之餘，陪你用自己的節奏
打造出，你想要的生活
不厲害沒關係，先開始就對了
想經營自媒體，來找我💌",日夜顛倒
xinjung7213,妡蓉,"學妹邊整理病歷邊說：「學姊，我覺得當護理師久了，好像變得不太會交朋友耶。」
我問她為什麼？
她說：「因為跟病人講話都只要問三件事：
你叫什麼名字？你現在在哪裡？痛不痛？。」
這⋯聽起來合理又心酸。
久而久之，我們好像只習慣在流程裡關心人，
卻忘了怎麼真的靠近人。",2025-07-02 11:00,"懂這個世界的難堪，卻仍選擇善良
三觀比臉型還正的加護病房護理師
下班之餘，陪你用自己的節奏
打造出，你想要的生活
不厲害沒關係，先開始就對了
想經營自媒體，來找我💌",日夜顛倒
xinjung7213,妡蓉,"這句話，不是雞湯。
是給那些每天都很努力，
卻總覺得還不夠好的你。
你撐過崩潰的夜班，
咬牙面對現實的壓力，
明明很累，卻還在照顧別人。
你沒有背景，沒人罩，卻從不缺行動力。
你是不是常常懷疑自己：「我到底行不行？」
但我要告訴你——你真的很棒，不是偶然，而是本來就值得。
這不是誇獎，是提醒。
提醒你不要再看輕自己，",2025-07-02 10:00,"懂這個世界的難堪，卻仍選擇善良
三觀比臉型還正的加護病房護理師
下班之餘，陪你用自己的節奏
打造出，你想要的生活
不厲害沒關係，先開始就對了
想經營自媒體，來找我💌",日夜顛倒
xinjung7213,妡蓉,"病人突然一臉嚴肅地說：
「小姐，我覺得這個氧氣怪怪的，
味道是不是壞掉了？」
我瞬間愣住三秒，只能回答：
「⋯⋯那味道，是你自己的鼻子啦。」
💬追蹤我，這裡記錄的不是護理教科書，
是每一個正在上班笑到內傷的真實人生",2025-07-02 07:59,"懂這個世界的難堪，卻仍選擇善良
三觀比臉型還正的加護病房護理師
下班之餘，陪你用自己的節奏
打造出，你想要的生活
不厲害沒關係，先開始就對了
想經營自媒體，來找我💌",日夜顛倒
xinjung7213,妡蓉,"凌晨三點在寫護理紀錄，
聽到病人輕聲叫我：「小姐～」
我回頭看了一眼——沒人。
病人也還插著管睡得很熟，
我默默把外套拉緊，心裡狂念：
我是護理師，我不怕，我不怕
👉你以為我們怕鬼？
不，我們最怕的，是交班時報告寫不完。😂",2025-07-01 15:00,"懂這個世界的難堪，卻仍選擇善良
三觀比臉型還正的加護病房護理師
下班之餘，陪你用自己的節奏
打造出，你想要的生活
不厲害沒關係，先開始就對了
想經營自媒體，來找我💌",日夜顛倒
xinjung7213,妡蓉,"你上班就忙到暈頭轉向
會客時，我習慣性對家屬說：
「媽媽妳放心，我們會好好照顧他。」
結果家屬愣了一下：「呃…我是妹妹。」
我語塞三秒。
內心只想挖個洞跳下去，
嘴上卻只能乾笑補救：「
啊～好啦，妹妹妳也辛苦了～」
有時候，護理工作真的一刻都不能恍神。
錯一句話，當場社死。",2025-07-01 13:00,"懂這個世界的難堪，卻仍選擇善良
三觀比臉型還正的加護病房護理師
下班之餘，陪你用自己的節奏
打造出，你想要的生活
不厲害沒關係，先開始就對了
想經營自媒體，來找我💌",日夜顛倒
xinjung7213,妡蓉,"你知道信念有多重要嗎？
就像我們想尿尿，會自動走去廁所一樣，
你不會懷疑「我行不行」，
也不會猶豫「該不該走」。
你知道該做什麼，就去做了。
人生也是一樣。
當你真的「相信自己會成功」，
你就會開始行動，開始往對的方向走。
因為信念，就是所有行動的開關。",2025-07-01 11:00,"懂這個世界的難堪，卻仍選擇善良
三觀比臉型還正的加護病房護理師
下班之餘，陪你用自己的節奏
打造出，你想要的生活
不厲害沒關係，先開始就對了
想經營自媒體，來找我💌",日夜顛倒
xinjung7213,妡蓉,"過去無論我做什麼，父母總是反對。
直到我被愛情詐騙、負債百萬，
跌進谷底，才決定重新站起來，開始經營副業。
那時候，我沒想過有天，爸爸會對我說：
「因為我知道你是負二代，
看得出來你真的很努力在改變。」
那一刻，
我才知道——原來被理解，是這麼暖的一件事。
所有咬牙堅持的日子，
在一句理解裡，終於有了回報。
💬你呢？
有沒有人，在你最低潮的時候，
給過你一句讓你記到現在的話？
留言跟我說說你的故事吧。
我想聽，也想陪你一起走下去。",2025-07-01 09:00,"懂這個世界的難堪，卻仍選擇善良
三觀比臉型還正的加護病房護理師
下班之餘，陪你用自己的節奏
打造出，你想要的生活
不厲害沒關係，先開始就對了
想經營自媒體，來找我💌",日夜顛倒
xinjung7213,妡蓉,"交班超認真，結果報得太快說成：
「這床肺炎有好，肺有發。」
學姊：「……所以是發炎還是肺炎發？」
我一臉崩潰：「學姊對不起我詞窮了！」
大家笑到彎腰，原來護理師也會被中文打敗😂
🩺 #護理站也有今天
💬 你交班有沒有嘴軟出糗過？",2025-06-30 19:00,"懂這個世界的難堪，卻仍選擇善良
三觀比臉型還正的加護病房護理師
下班之餘，陪你用自己的節奏
打造出，你想要的生活
不厲害沒關係，先開始就對了
想經營自媒體，來找我💌",日夜顛倒
xinjung7213,妡蓉,"換班前我快速交代：
「這床 21:00 要吃藥，22:00 打針，23:00翻身……」
學弟邊聽邊記，突然說：
「哇，好像在帶小孩排睡前流程。」
我：「你是說 ICU 是超大型嬰兒室嗎？」
他：「對啊，還要哄、要抱、要哄到他睡著。」
我們對話一出，旁邊同事全笑瘋了。
別人聽起來很荒謬，我們卻習以為常。",2025-06-30 18:00,"懂這個世界的難堪，卻仍選擇善良
三觀比臉型還正的加護病房護理師
下班之餘，陪你用自己的節奏
打造出，你想要的生活
不厲害沒關係，先開始就對了
想經營自媒體，來找我💌",日夜顛倒
xinjung7213,妡蓉,"學妹幫病人抽血，結果抽完後對我說：
「學姊，我突然覺得抽血比談戀愛更簡單耶。」
我：「怎麼說？」
她說：「至少血不會騙我，它是真的在流。」
我當場笑到翻過去，
這是我聽過最護理師式的失戀名言了。😂",2025-06-30 17:00,"懂這個世界的難堪，卻仍選擇善良
三觀比臉型還正的加護病房護理師
下班之餘，陪你用自己的節奏
打造出，你想要的生活
不厲害沒關係，先開始就對了
想經營自媒體，來找我💌",日夜顛倒
xinjung7213,妡蓉,"有次會客時間
家屬情緒很差，用質疑的態度與學妹說話
學妹一臉無措，努力解釋、語氣輕聲，
我看著她嘴角還掛著笑，
但手指早已緊張到微微發抖。
我出聲幫她補充，緩和氣氛，
等家屬走後，她轉頭問我：
「學姊，我是不是做不好？」
我搖搖頭，拍拍她的背：
「不是妳不好，是有些人不懂」",2025-06-30 11:00,"懂這個世界的難堪，卻仍選擇善良
三觀比臉型還正的加護病房護理師
下班之餘，陪你用自己的節奏
打造出，你想要的生活
不厲害沒關係，先開始就對了
想經營自媒體，來找我💌",日夜顛倒
xinjung7213,妡蓉,"護理師男生本來就不多，
要是有男生，還偏偏是帥的那種，
那天我習慣性叫交班的同事：
「寶貝～我跟妳說，這床的藥⋯」
結果回頭才發現——
今天跟我交班的是學弟。😐
我話還沒講完，
他表情微妙，
整個護理站爆笑出聲。
學弟尷尬說：「呃…我不是寶貝。」
我只好裝沒事繼續交班：
「好啦…兄弟，回來～我們說床位的事…」",2025-06-30 10:00,"懂這個世界的難堪，卻仍選擇善良
三觀比臉型還正的加護病房護理師
下班之餘，陪你用自己的節奏
打造出，你想要的生活
不厲害沒關係，先開始就對了
想經營自媒體，來找我💌",日夜顛倒
xinjung7213,妡蓉,"一次大夜班，
我正忙著幫阿嬤抽痰、拍背、換藥，
她整晚胡言亂語，
一下說要回家煮菜、一下又叫我她女兒的名字。
我一邊做事一邊安撫她：「阿嬤～妳現在在醫院，我幫妳處理一下，很快喔。」
她迷迷糊糊地嘀咕著，
就在我轉身收器材的時候，
她突然清清楚楚地說了一句：
「護士小姐，謝謝妳喔。」
我愣住了。
我站在床邊，突然搞不清楚——
到底是她在亂，還是我太累了，亂的其實是我。",2025-06-30 08:59,"懂這個世界的難堪，卻仍選擇善良
三觀比臉型還正的加護病房護理師
下班之餘，陪你用自己的節奏
打造出，你想要的生活
不厲害沒關係，先開始就對了
想經營自媒體，來找我💌",日夜顛倒
xinjung7213,妡蓉,"很多女生在愛情裡，
越來越努力、越來越卑微，
總以為：只要我再好一點、再懂事一點，
他就會更愛我。
但我跟你講，
如果一段關係要靠你「不斷證明自己有價值」
才能成立，
那你已經輸了。",2025-06-30 08:00,"懂這個世界的難堪，卻仍選擇善良
三觀比臉型還正的加護病房護理師
下班之餘，陪你用自己的節奏
打造出，你想要的生活
不厲害沒關係，先開始就對了
想經營自媒體，來找我💌",日夜顛倒
xinjung7213,妡蓉,"只要你在一段關係裡耗過幾次，
你就會明白，真正讓你疲憊的不是不被愛，
而是你一次又一次，勉強自己留下來。
愛一個人，不該讓你變得更卑微。
那不是愛，那是內耗，是對自我價值的消耗。",2025-06-30 07:00,"懂這個世界的難堪，卻仍選擇善良
三觀比臉型還正的加護病房護理師
下班之餘，陪你用自己的節奏
打造出，你想要的生活
不厲害沒關係，先開始就對了
想經營自媒體，來找我💌",日夜顛倒
xinjung7213,妡蓉,"有些人，出生就有靠山；
而我，一路走來，只能靠自己。
只有一個護理師的身份，
和一段被詐騙負債百萬的過去。
那段時間，我每天只睡四小時，
一邊還債、一邊硬撐，
哭完還是得戴起口罩繼續工作。
我不是什麼天選之人，
只是拒絕讓自己一直被命運踩著不放。
所以我開始學習，開始創作，
用一支又一支短影音，
把過去的痛，慢慢說出來，也說給自己聽。
我還沒完全翻身，
但我已經不再是那個只能默默流淚的自己。
現在的我，
正一步一步走出自己的路，也努力養出自己的影響力。
我知道你也可能很累、很迷惘，
但如果你願意，我想陪你一起前進，
分享我學到的方法與改變，
讓我們在這個過程中，不再只是為了生存，而是為了選擇活著。
如果你也不想被身分限制未來，
那就私訊我，
我們一起練實力、撐出底氣。
追蹤我，
這裡不是成功學，
是一個正在努力翻身的普通女孩，
寫給每一個也在努力活下去的你。",2025-06-29 22:21,"懂這個世界的難堪，卻仍選擇善良
三觀比臉型還正的加護病房護理師
下班之餘，陪你用自己的節奏
打造出，你想要的生活
不厲害沒關係，先開始就對了
想經營自媒體，來找我💌",日夜顛倒
xinjung7213,妡蓉,"或許你還是會對別人的眼光在意
但也開始學會，先照顧自己的心情
不是不想付出
只是終於明白——
你也值得被好好對待
你變得不再輕易犧牲
因為你值得的，不只是努力，而是平衡🔥",2025-06-29 15:22,"懂這個世界的難堪，卻仍選擇善良
三觀比臉型還正的加護病房護理師
下班之餘，陪你用自己的節奏
打造出，你想要的生活
不厲害沒關係，先開始就對了
想經營自媒體，來找我💌",日夜顛倒
xinjung7213,妡蓉,"躺在那邊是耍廢？
其實我是開機失敗🙃
不是我不想努力，是我真的好累
「再一下下」就這樣一整天
行程表如下👇
早餐：意志力與賴床掙扎
午餐：手機滑到世界末日
晚餐：對人生深感無力
宵夜：開始譴責自己又浪費了一天
最怕聽到那句：「妳就躺一整天而已啊」
嘿，我是在努力對抗無聲的崩潰欸
追蹤我，告訴你休息也是一種重啟",2025-06-29 12:32,"懂這個世界的難堪，卻仍選擇善良
三觀比臉型還正的加護病房護理師
下班之餘，陪你用自己的節奏
打造出，你想要的生活
不厲害沒關係，先開始就對了
想經營自媒體，來找我💌",日夜顛倒
xinjung7213,妡蓉,"沒想到連濕紙巾都有乖乖￼
從吃的，到擦的
都幫你安排好了
就問一句：你還不乖嗎？",2025-06-28 17:37,"懂這個世界的難堪，卻仍選擇善良
三觀比臉型還正的加護病房護理師
下班之餘，陪你用自己的節奏
打造出，你想要的生活
不厲害沒關係，先開始就對了
想經營自媒體，來找我💌",日夜顛倒
xinjung7213,妡蓉,"有個朋友問我：
「你不覺得自己有時候太敏感了嗎？」
聽著聽著，就不太敢表達自己了。
開始小心翼翼、開始懷疑自己
後來遇到一個人，沒有責怪、沒有指教，
只是靜靜地說了句：
「你可以這樣沒關係，我喜歡你這樣。」
那一瞬間才懂——
原來不是太糟糕，
只是以前那些人，不夠溫柔。
所以啊，
別否定自己，
你特別好、特別棒、特別值得。
總會有人，
用鑽了好久的溫柔來擁抱你。",2025-06-28 16:46,"懂這個世界的難堪，卻仍選擇善良
三觀比臉型還正的加護病房護理師
下班之餘，陪你用自己的節奏
打造出，你想要的生活
不厲害沒關係，先開始就對了
想經營自媒體，來找我💌",日夜顛倒
xinjung7213,妡蓉,"剛開始做自媒體時沒什麼人看，
其實是一件很幸運的事。
因為就算一開始拍得不好、講得不順，
也沒關係，剛好沒人看到。
就可以安心地試錯、慢慢地修正。
所有看似不起眼的起步，
都是默默在為未來鋪路。
累積經驗",2025-06-28 12:49,"懂這個世界的難堪，卻仍選擇善良
三觀比臉型還正的加護病房護理師
下班之餘，陪你用自己的節奏
打造出，你想要的生活
不厲害沒關係，先開始就對了
想經營自媒體，來找我💌",日夜顛倒
e7358100,馨,"失智真的是一個很可怕的老年退化疾病，這種照護是很痛苦的，因為是自己的至親。
乖乖聽話的還好照顧，不乖乖聽話的、自我意識很強烈了，根本沒有辦法，罵也不是、兇也不是，病症中的日夜顛倒、瞻望、遊走、貪食、異食、藏物、堆積……這些都是常有的事。
很多人看到有人兇老人家，就會說他/她不孝，沒有照顧過的真的不能理解，照顧到最後，真的會一直問自己，『你/妳什麼時候要死』，這不是玩笑話，而是照顧者的壓力與無奈……一句『我不知道』，真的會讓人不知道到底該怎麼辦。
而最最可怕的，是沒有在照顧的，在旁邊站著說話不腰疼，很多時候，那是壓死駱駝的最後一根稻草……
失智的年齡慢慢的下修，只要開始了，照顧就是十年、二十年的事。對於現在社會的狀態來說，醫療的進步、平均壽命的延長，如果沒有相對應的輔助，對於照顧者來講，只是一種折磨與痛苦罷了。
身為一個長照從業人員，看多了各種的疾病，只能說，活太久不是好事，除非你/妳有健康的身體或者很深的口袋。",2025-11-26 07:15,不是在工作就是在睡覺，不然就是在工作的路上。,日夜顛倒
e7358100,馨,對不起了，我的身體,2025-11-25 19:18,不是在工作就是在睡覺，不然就是在工作的路上。,日夜顛倒
e7358100,馨,我看到很酷的人😆😆,2025-11-25 18:28,不是在工作就是在睡覺，不然就是在工作的路上。,日夜顛倒
e7358100,馨,好久沒有來了，來一下😁😁,2025-11-25 18:11,不是在工作就是在睡覺，不然就是在工作的路上。,日夜顛倒
e7358100,馨,"健身打卡Day24之重訓日
背槓深蹲35kg/12下/2組、40kg/12下/2組
後腿肌24.75kg/12下/2組、27kg12下/1組
撐體卷腹12下/2組、15下/2組
臀肌24.75kg/12下/2組、27kg/12下/1組
三頭肌13.5kg/12下/3組
今天的所有的時間安排被其中一個工作給Delay了，我放棄了背肌訓練🥲
練三頭肌還是一樣超痛苦的啦😆
被認識的教練說：欸！妳臉發白欸😦
我回：痛苦就是鍛鍊😆",2025-11-25 15:23,不是在工作就是在睡覺，不然就是在工作的路上。,日夜顛倒
e7358100,馨,"健身打卡Day23之有氧日
3.41+3.60=7.01 km/40min
256+268=524kcal
第二趟有氧把level往上調了一階，然後差點岔氣在機器上，這根本不是一階，好幾階吧🫠🫠
但是我還是靠著堅強的意志力與根性撐下來了。
變紀錄手邊抖，這一階看來有得跨越了😆
今日目標，濟💪💪💪",2025-11-24 14:54,不是在工作就是在睡覺，不然就是在工作的路上。,日夜顛倒
e7358100,馨,"健身打卡Day22之有氧日
這個跑步機沒有健身房的好，不過還算堪用。還得是橢圓機，比較高效率🤧🤧🤧
4.34km/40min/334kcal
今日目標，濟💪💪💪",2025-11-23 11:00,不是在工作就是在睡覺，不然就是在工作的路上。,日夜顛倒
e7358100,馨,"健身打卡Day21之休息日
一通電話打亂我所有行程。
就跟平常一樣的工作，結果打來了一通挺重要的電話，是案家。親愛的可愛老寶貝又把自己的腿給搞斷了，大半夜的送醫院，然後回來回不來，回來了也處理不了，身為熱愛工作的居服員，必須幫忙！
一整，就整了個亂😮‍💨😮‍💨
不過看妳還可以哇哇叫還對我罵罵咧咧的，代表精神很好，看妳這樣我也放心了。
不過80幾公斤這樣搬來搬去也真是挺累人的。累了累了，再一下下就可以回家廢著了🛌",2025-11-22 15:52,不是在工作就是在睡覺，不然就是在工作的路上。,日夜顛倒
e7358100,馨,"健身打卡Day18之重訓日
我佩服自己的忘東忘西，本來今天是有氧日，什麼都帶了，沒有帶貼身衣物，我不想洗好澡還穿回濕濕的衣服，只好強制改成重訓日。
背槓深蹲35kg/12下/2組、40kg/12下/2組
後腿肌24.75kg/12下/2組、27kg12下/1組
撐體卷腹12下/2組、15下/2組
臀肌24.75kg/12下/2組、27kg/12下/1組
背肌27kg/12下/2組、29.25kg/12下/1組
三頭肌13.5/12下/3組
我的三頭肌真的很無力，全部裡面最痛苦的就是三頭肌，重量最輕，但是是我做得最痛苦的項目😫😫😫
真喜歡自己的手血管突出來的樣子🥰🥰
頭毛可以再炸一點沒關係🤣🤣",2025-11-19 15:20,不是在工作就是在睡覺，不然就是在工作的路上。,日夜顛倒
e7358100,馨,心情煩躁到開始踩地雷，看看能不能好一點🫠🫠,2025-11-18 23:54,不是在工作就是在睡覺，不然就是在工作的路上。,日夜顛倒
e7358100,馨,"健身打卡Day17之肌肉休息日
努力的讓自己情緒穩定，還是遇到了讓人抓狂的事情，不過我還是很努力的控制住了。
人家都是忍一時風平浪靜，退一步海闊天空…………明明是忍一時波濤洶湧，退一步得寸進尺，我草😒
還好旁邊有證人給我作證，不然死無對證，我草！",2025-11-18 16:36,不是在工作就是在睡覺，不然就是在工作的路上。,日夜顛倒
e7358100,馨,"進入標準的流程……
腰酸、腹悶脹、小腿不舒服、瘋狂跑廁所……
真的只有女生才能懂……
我會努力讓這兩天的我情緒穩定的😇😇",2025-11-18 09:40,不是在工作就是在睡覺，不然就是在工作的路上。,日夜顛倒
e7358100,馨,"我怎麼覺得C位的妹子很厭世，不知道是不是累了。
我跳的話必須戴著安全帽，不然我的表情管理可能會跟她一樣😑",2025-11-17 20:44,不是在工作就是在睡覺，不然就是在工作的路上。,日夜顛倒
e7358100,馨,"感謝脆友兼車友兼停車場鄰居，在他騎行回來後幫我鎖看看後照鏡，結果是~要交給專業的車行處理了🥲🥲
謝謝各位科普了我好多事情，最後還是得交給車行處理了🤧🤧",2025-11-17 17:56,不是在工作就是在睡覺，不然就是在工作的路上。,日夜顛倒
e7358100,馨,"健身打卡Day16之純有氧日
3.25+3.39=6.64lm/40min
244+254=498kcal
下巴出了個青春，代表麻煩又要來了。
今日目標，濟！",2025-11-17 14:57,不是在工作就是在睡覺，不然就是在工作的路上。,日夜顛倒
e7358100,馨,我唸得出來欸！我好厲害😏,2025-11-16 19:43,不是在工作就是在睡覺，不然就是在工作的路上。,日夜顛倒
e7358100,馨,"寶貝，我們出門囉~
不敢自己一個人走61，聽脆友的話，走平面道路看看。
冒險囉~✌️✌️",2025-11-16 14:00,不是在工作就是在睡覺，不然就是在工作的路上。,日夜顛倒
e7358100,馨,"健身打卡Day15，重訓+有氧
3.32+3.52=6.84km/40min
250+263=513kal
時間多就是不一樣，什麼都能拼了老命做到底。
回歸健身的第15天，今天把重量加到40了，看到自己一步步回歸，真好🥰🥰",2025-11-16 11:23,不是在工作就是在睡覺，不然就是在工作的路上。,日夜顛倒
e7358100,馨,吃個優雅的早餐，就可以去奮力的運動健身，然後邊運動邊想到底等等要帶著小精靈去哪兒冒險😉😉😉,2025-11-16 07:46,不是在工作就是在睡覺，不然就是在工作的路上。,日夜顛倒
e7358100,馨,"健身打卡Day14，重訓+有氧。
3.31+3.45=6.76km/40分鐘
249+258=507大卡
流汗累累的，潮爽der~
我發現這樣紀錄也是挺好的，每天可以看看自己動作與熱量消耗、公里數。
Keep going，never give up💪💪💪",2025-11-15 14:24,不是在工作就是在睡覺，不然就是在工作的路上。,日夜顛倒
e7358100,馨,"沒有什麼事是做不到的。
我必須更努力、更加的努力，不管什麼事情都一樣💪💪💪",2025-11-14 22:04,不是在工作就是在睡覺，不然就是在工作的路上。,日夜顛倒
e7358100,馨,"健身打卡Day13之肌肉休息日Day2
一早被公司打來的電話請求協助臨時請假的同仁代班工作，本來不打算接，但是想想還是協助好了，畢竟也是自己的好同事跟天使個案。
下午空檔時間本該去健身，但是事情擱在心裡總是覺得壓得我心思憂慮，該去處理就去處理吧！跑了三家銀行已經是緊繃了，16還得接著工作就這樣吧，下次有空再去接著處理。
昨天沒看到的臭豆腐出現了！很壞的脆友一直拿滷肉飯給我霞，太壞心了，所以臭豆腐必須吃，吃起來！！！
禮拜六與禮拜天時間比較多，就是重訓+有氧，盡情的流汗與操爆肌肉吧💪💪💪
預告預告，禮拜天如果是個好天氣，健身完會來個永安漁港大冒險，如果不變心的話🌝🌝🌝",2025-11-14 18:43,不是在工作就是在睡覺，不然就是在工作的路上。,日夜顛倒
e7358100,馨,"健身打卡Day12之今天是肌肉休息日。
今天本來沒有打算要讓肌肉休息的，但是因為工作影響了我，整個大走心，又一直下雨……
心情不是很好，很想出去……但是一直下雨……然後上次雨戰回來還沒洗車……沒有清鏈條……
我明明已經很細心也很用心了，我盡了我的責任與義務，也能體諒妳家庭處境與狀況，但是妳真的沒必要用這種口氣對我說話。我走心了🫠🫠🫠
我其實很想亂吃一頓，但是我在增肌減脂所以不可以……我想吃臭豆腐跟花枝丸😭😭😭
夯蕃薯袋子裡面是雞胸肉，不是吃了一堆澱粉啊……🤧🤧🤧",2025-11-13 17:20,不是在工作就是在睡覺，不然就是在工作的路上。,日夜顛倒
e7358100,馨,"健身打卡Day11
3.32+2.07=5.39km
250+155=405卡路里
真的是時間不夠，不然我還想繼續衝下去。",2025-11-12 14:56,不是在工作就是在睡覺，不然就是在工作的路上。,日夜顛倒
like518125,San Wang,開心快樂都由不得我,2025-08-23 00:25,講廢話的地方,日夜顛倒
like518125,San Wang,一切歸零,2025-08-22 13:07,講廢話的地方,日夜顛倒
like518125,San Wang,要回程了,2025-08-21 14:33,講廢話的地方,日夜顛倒
like518125,San Wang,早 明天要上班了😭,2025-08-21 08:08,講廢話的地方,日夜顛倒
like518125,San Wang,"不排斥和我列的條件的任何人ig先聊天
合得來彼此有共識 就會把徵友文刪除",2025-08-20 12:05,講廢話的地方,日夜顛倒
like518125,San Wang,晨起的景,2025-08-20 09:21,講廢話的地方,日夜顛倒
like518125,San Wang,"聽說緣分自己會來
阿就生活圈很狹小怎麼來？
很難得遇到一兩個我想聊的 
人家又對我沒興趣
放棄！！來睏😪",2025-08-18 22:42,講廢話的地方,日夜顛倒
like518125,San Wang,"真的沒有人要跟我在一起喔？
斯文派的呀
老闆呀 我可以跟著你到處跑喔
不菸不酒不檳榔的呀
45歲以上的呀
😆😆😆😆",2025-08-18 21:35,講廢話的地方,日夜顛倒
like518125,San Wang,"昨天睡前搜索了一下越南屠夫
本來還在想女生怎會有啾啾
感覺躺著的好像是長頭髮
然後就看到看了兩三刀
哇偶～那個血量 嘖嘖  像噴泉欸
然後就忘記了⋯直到今天又看見有人提起",2025-08-18 20:37,講廢話的地方,日夜顛倒
like518125,San Wang,明天就要去虛偽日月潭三日之旅了🙄🙄🙄,2025-08-18 20:16,講廢話的地方,日夜顛倒
like518125,San Wang,"我講真如果沒有這樣子的一個男人可以讓我交往
能能不能給我學習可以靠自己賺夠用的錢等能力跟機會呢
我真的愁死了啦",2025-08-17 21:07,講廢話的地方,日夜顛倒
like518125,San Wang,"再沒有人要跟我相愛，我就要
更年期了啦",2025-08-17 13:46,講廢話的地方,日夜顛倒
like518125,San Wang,笑死🤣我社恐,2025-08-17 10:35,講廢話的地方,日夜顛倒
like518125,San Wang,服事啦服事啦,2025-08-17 09:38,講廢話的地方,日夜顛倒
like518125,San Wang,"聽說有情人節
那是什麼東西？",2025-08-16 23:13,講廢話的地方,日夜顛倒
like518125,San Wang,"妳真的很愛很愛我 比47更愛我
現在只有妳們會對我不離不棄
豪無保留了",2025-08-16 23:00,講廢話的地方,日夜顛倒
like518125,San Wang,晚安 瑪卡巴卡,2025-08-16 21:43,講廢話的地方,日夜顛倒
nancy___1116,韓語嫣（小羽）,"憂鬱症+焦慮症真的能治療嗎？
我已經日夜顛倒好久了....怎辦🥲🥲🥲",2025-05-07 03:44,"@wee_0220💂
LTU觀光休閒管理系
❤姐妹@yoshiko.lie.75 🤪🤪🤪
❤姐妹@1029aangel 🤪🤪🤪",日夜顛倒
cyiyi408,陳依依,日夜顛倒的生活想轉換跑道...有沒有什麼白天班的兼職推薦？,2025-11-27 17:37,,日夜顛倒
cyiyi408,陳依依,多年沒工作，對職場感到陌生...有沒有什麼友善重返職場的工作推薦？,2025-11-26 15:17,,日夜顛倒
cyiyi408,陳依依,年終獎金縮水，過年紅包不知道在哪...有沒有什麼年前短期的兼職推薦？,2025-11-25 15:21,,日夜顛倒
cyiyi408,陳依依,月薪永遠追不上房租漲幅的你，需要新選擇,2025-11-24 19:21,,日夜顛倒
cyiyi408,陳依依,學歷不出色沒關係，我們更在意你的學習態度和企圖心！,2025-11-23 17:48,,日夜顛倒
cyiyi408,陳依依,一個人養兩個小孩，開銷真的撐不住...有沒有什麼可以帶小孩上班的工作推薦？,2025-11-21 15:56,,日夜顛倒
cyiyi408,陳依依,我是夜貓子，白天精神不濟...有沒有什麼晚上或大夜班的兼職推薦？,2025-11-19 17:26,,日夜顛倒
cyiyi408,陳依依,被減薪之後真的快活不下去，有沒有什麼不用經驗也能快速上手的兼職？,2025-11-17 21:39,,日夜顛倒
cyiyi408,陳依依,學生黨，想利用周末時間找個兼職，不用太累，能賺點零花錢就行。有沒什麼兼職推薦？,2025-11-16 18:03,,日夜顛倒
cyiyi408,陳依依,自由職業者，收入不穩定，有時一個月賺很多，有時則一點收入都沒有。想找個穩定一點的兼職，彌補收入空缺。有沒什麼兼職推薦？,2025-11-15 15:49,,日夜顛倒
cyiyi408,陳依依,每天朝九晚五，感覺人生被工作填滿了，但銀行存款卻沒有相應增長。想利用下班或周末的時間搞點副業，大家有什麼好建議嗎？有没有什么兼职推荐？,2025-11-14 17:25,,日夜顛倒
ynn_108,NN,"護理師才懂輪夜班日夜顛倒導致落髮
結果我用了半年的時間每天洗頭+噴養髮液
真的把我的頭毛養出來了 那個髮縫跟貓咪角真的很扯
瞬間高額頭也好像沒那麼高！
哈哈哈哈好勵志喔 再也不是禿頭女了",2025-05-15 19:53,ESFP🪄︎︎◝✩,日夜顛倒
ynn_108,NN,這是我養的小狗 欸不是那個屁屁真的好口愛 還偷摸🐔🐔,2025-05-10 18:18,ESFP🪄︎︎◝✩,日夜顛倒
ynn_108,NN,"又找到一部好看的短劇了！娇莺！！！
跟好一個乖乖女是同一個女主😻",2025-05-05 18:01,ESFP🪄︎︎◝✩,日夜顛倒
rou1203,ROU,"半夜收到台積電的面試通知
⋯？這是什麼屎缺是不是
不然怎麼會找到我頭上來
這職業跟我八竿子打不著 我就是個美容業的而已
一直以來的學校科系也都是美容相關
還是覺得我的肝很正常還可以操？？
並沒有 我每天日夜顛倒✋🏻",2024-07-10 01:09,我只在深夜活著,日夜顛倒
rou1203,ROU,👋🏻只做選擇、不做教育,2024-07-06 01:38,我只在深夜活著,日夜顛倒
rou1203,ROU,"我看完：（？）
完全找不到哭點 心裡一點小劇場都沒 只覺得霹靂包跟念舊嬤很好笑",2024-07-01 03:37,我只在深夜活著,日夜顛倒
rou1203,ROU,我重播了好幾百次,2024-06-30 00:41,我只在深夜活著,日夜顛倒
rou1203,ROU,然後一天還不止去一間,2024-06-27 00:58,我只在深夜活著,日夜顛倒
bibubu.z,高詩雅,"我需要一份朝9晚5的工作
日夜顛倒好痛苦 😣",2024-09-16 16:23,"想住在日本的廢物
這裡真好 總是能說很多話
是詩詩不是斯斯我不是藥局不販賣感冒膠囊",日夜顛倒
bibubu.z,高詩雅,無法討好全世界 那就多取悅自己一些,2024-09-09 23:53,"想住在日本的廢物
這裡真好 總是能說很多話
是詩詩不是斯斯我不是藥局不販賣感冒膠囊",日夜顛倒
_16wangg,王冠詠,"日夜顛倒獲得30歲的痘痘
真的是時間不夠用ㄟ",2025-08-17 01:00,"寵物相關問題可以詢問🙋
家裡做貓咖+貓舍+美容+住宿
疑似被詐騙可以詢問
🫶🏻🫶🏻🫶🏻",日夜顛倒
_16wangg,王冠詠,"售
披風幸運60% 2雪，剩下3
短杖魔力60% 20w
披風敏捷100% 10w
披風智力10% 80w
盾牌幸運100% 6w
手套攻擊10% 9雪
手套攻擊60% 7雪
手套敏捷60% 16w
套服幸運10% 9雪
套服智力10% 14雪
套服敏捷60% 5雪
耳環智力60% 3雪 ，剩2
頭盔智力100% 1雪，剩3
-
法師魔力黑手套 7屬 8雪
魔翼之杖 80ap  80w
所羅門巨劍 95ad  50雪
巴基特短刃 90ad 165雪
黑色軟靴 90等，12屬劍士鞋 60雪",2025-08-14 14:32,"寵物相關問題可以詢問🙋
家裡做貓咖+貓舍+美容+住宿
疑似被詐騙可以詢問
🫶🏻🫶🏻🫶🏻",日夜顛倒
_16wangg,王冠詠,"吃個飯、出個門
你們付了好幾萬甚至更多
然後一場空😮‍💨 圖什麼？
每次都是經理說要先付錢才能出門，
等你起疑，
就開始豹哥要給你斷手斷腳？？
這套路不是十年有了嗎？
-
不然我開辦一個業務
我陪你去吃飯跟你犯罪預防宣導
價格好談😍
比起被騙一場空
我活生生的一個人類不香嗎",2025-08-10 21:30,"寵物相關問題可以詢問🙋
家裡做貓咖+貓舍+美容+住宿
疑似被詐騙可以詢問
🫶🏻🫶🏻🫶🏻",日夜顛倒
_16wangg,王冠詠,"快一個月給我解鎖
然後現在長這個鳥樣
啥都沒有
是要氣死我？
誤鎖的補償有人知道在哪嗎？",2025-08-10 00:50,"寵物相關問題可以詢問🙋
家裡做貓咖+貓舍+美容+住宿
疑似被詐騙可以詢問
🫶🏻🫶🏻🫶🏻",日夜顛倒
_16wangg,王冠詠,"先不要偷拍啦
今天上班處理一堆偷拍
一件要用超久…
怎麼那麼多變態勒🙂‍↕️",2025-08-08 04:16,"寵物相關問題可以詢問🙋
家裡做貓咖+貓舍+美容+住宿
疑似被詐騙可以詢問
🫶🏻🫶🏻🫶🏻",日夜顛倒
_16wangg,王冠詠,"這真的超白癡的
雖然台北市都可以報
但還是有很多地方不得不說
貪還是有地方貪
這個例子就是
以前不能報，那錢都去哪？
現在突然生出來的錢又哪裡來的？
水真深喔🥵",2025-08-05 08:38,"寵物相關問題可以詢問🙋
家裡做貓咖+貓舍+美容+住宿
疑似被詐騙可以詢問
🫶🏻🫶🏻🫶🏻",日夜顛倒
_16wangg,王冠詠,看貓不要看一堆有的沒的,2025-08-05 06:58,"寵物相關問題可以詢問🙋
家裡做貓咖+貓舍+美容+住宿
疑似被詐騙可以詢問
🫶🏻🫶🏻🫶🏻",日夜顛倒
_16wangg,王冠詠,"誰要一起打CD
🙏祭司優",2025-08-04 06:25,"寵物相關問題可以詢問🙋
家裡做貓咖+貓舍+美容+住宿
疑似被詐騙可以詢問
🫶🏻🫶🏻🫶🏻",日夜顛倒
_16wangg,王冠詠,"回台南搞個貓咪
我拍得如何？",2025-08-04 00:21,"寵物相關問題可以詢問🙋
家裡做貓咖+貓舍+美容+住宿
疑似被詐騙可以詢問
🫶🏻🫶🏻🫶🏻",日夜顛倒
_16wangg,王冠詠,"南科卓越城
有房仲想賣
或者
有人想買的嗎？
可以談談",2025-08-03 18:00,"寵物相關問題可以詢問🙋
家裡做貓咖+貓舍+美容+住宿
疑似被詐騙可以詢問
🫶🏻🫶🏻🫶🏻",日夜顛倒
ting____8888,婷婷Amy,"孕晚期整個睡不好，日夜顛倒
翻個身必須尖叫一下，太難了～
小寶貝在肚子裡面趴踢開起來，每晚必須折磨一下我的胃，都快被妳踢出來了😩
不過看看可愛的床，一切又覺得沒關係，只要妳開心就好！每天都好期待妳的到來～
37w1d",2025-07-16 10:52,🖤🖤🖤,日夜顛倒
chun_08_29,ℏ′,大家說我們是人民保姆，但日夜顛倒的生活卻讓我們累到連自己都無法照顧……,2025-06-27 01:02,少煩我,日夜顛倒
ctt_1007,𝑪𝒉𝒍𝒐𝒆,感謝輔大長假 讓我可以日夜顛倒,2025-04-01 23:12,克洛伊,日夜顛倒
ctt_1007,𝑪𝒉𝒍𝒐𝒆,上週在輔大吃太多 今天來還債😔💦,2025-03-31 22:19,克洛伊,日夜顛倒
ctt_1007,𝑪𝒉𝒍𝒐𝒆,在輔大無聊到跟餅乾合照🥱,2025-03-28 21:13,克洛伊,日夜顛倒
ctt_1007,𝑪𝒉𝒍𝒐𝒆,朋友說我今天根本快閃輔大 吸新莊空氣,2025-03-27 20:36,克洛伊,日夜顛倒
ctt_1007,𝑪𝒉𝒍𝒐𝒆,"在輔大不只被太陽閃
還被腳踏車雙載情侶閃到🥺⋯",2025-03-26 20:26,克洛伊,日夜顛倒
ctt_1007,𝑪𝒉𝒍𝒐𝒆,"太陽直射 
想像不到輔大體育課剩下幾週怎麼活",2025-03-25 20:23,克洛伊,日夜顛倒
ctt_1007,𝑪𝒉𝒍𝒐𝒆,"早八趕著上英文
走出輔大捷運站一個男的看著我 跟他朋友說
：她是來上班的喔 穿高跟鞋欸
（竊竊私語許久）😠！",2025-03-24 20:18,克洛伊,日夜顛倒
ctt_1007,𝑪𝒉𝒍𝒐𝒆,"害羞了 
被我輔大藝術學院阿姨發現網襪被勾破🥺",2025-03-20 20:25,克洛伊,日夜顛倒
ctt_1007,𝑪𝒉𝒍𝒐𝒆,剪了妹妹頭充當輔大學妹 裝嫩⋯🤧,2025-03-19 20:24,克洛伊,日夜顛倒
wei_wei1016,Wei,"我是什麼大夜命嗎😂
日夜顛倒了快16年
每年員工體檢 都沒有紅字😱
這新鮮的肝、不知道還能用多久😆
護理師健康檢查",2024-10-26 05:46,"ISTJ護理師 胡言亂語小天地💉 
愛吃美食、愛到處旅遊😜
我要當一個快樂的打工仔🙂
唯一帳號 🈲盜照片～感謝🥹",日夜顛倒
wei_wei1016,Wei,"TSLA 飆到20%了😱😱😱
真的是妖股😍😍😍",2024-10-25 01:47,"ISTJ護理師 胡言亂語小天地💉 
愛吃美食、愛到處旅遊😜
我要當一個快樂的打工仔🙂
唯一帳號 🈲盜照片～感謝🥹",日夜顛倒
wei_wei1016,Wei,"被脆燒到🫣
直接跑去買😂
金鼎店沒開、又衝去建工店🤤
減肥真的不能看社群🙃
沒買到蘋果口味😭
最後一個蘋果口味直接硬生生的在我眼前被買走了😭
這奶酥也太多了吧😳
真的外皮好脆啊😍
邱媽媽脆皮甜甜圈",2024-10-24 14:58,"ISTJ護理師 胡言亂語小天地💉 
愛吃美食、愛到處旅遊😜
我要當一個快樂的打工仔🙂
唯一帳號 🈲盜照片～感謝🥹",日夜顛倒
wei_wei1016,Wei,"怎麼有人可以一秒把人惹怒
有時候真的不是看不起安養院的護理師
只是問的問題真的很無腦
直接讓人火都上來
特地凌晨打來醫院問 
有個住民剛從我們醫院出院
然後帶了這顆藥estengy
現在血糖80mg/dl 可以給他吃嗎？
這顆藥是血糖藥嗎？
我：妳不會上網google 嗎？
對方回我：她不會用google 
我當下真的哭笑不得、我不相信這年代了，有人不會google 
最後我跟她說這是血壓藥🙄🙄🙄
我跟我們越南看護講、她們都叫她可以去換尿布了🤣
我真的是無限白眼🙄
被妳照顧到的住民～～
我真的歐密陀佛了、
希望他們可以好好的靠自己活著
難怪有時候半夜你們家機構很常送來急救、我真的不意外。
拜託安養院也要有良心一點好嗎😒
晚上可以請一個正常一點的護理師嗎？
不要省錢請一些亂七八糟的來當充當護理師好嗎
護理師日常",2024-10-24 06:09,"ISTJ護理師 胡言亂語小天地💉 
愛吃美食、愛到處旅遊😜
我要當一個快樂的打工仔🙂
唯一帳號 🈲盜照片～感謝🥹",日夜顛倒
wei_wei1016,Wei,"去沖繩一定要去泊港魚市場吃海鮮😍
尤其是活體龍蝦三吃
（（必點👍👍👍才兩千多台幣而已、在台灣肯定吃不到這價格😫）
龍蝦做生魚片也太好吃了吧🤤
超級鮮脆、來這裡直接海鮮自由
龍蝦粥也讓人停不下來😬
會想再回訪的地方🫡
沖繩旅遊",2024-10-21 10:02,"ISTJ護理師 胡言亂語小天地💉 
愛吃美食、愛到處旅遊😜
我要當一個快樂的打工仔🙂
唯一帳號 🈲盜照片～感謝🥹",日夜顛倒
wei_wei1016,Wei,"我是不是被台灣章魚燒口胃養壞了🙃
在沖繩買了兩間章魚燒🐙
雖然皮有點脆、沒有軟爛
但裡面好空虛🤣
雖然整體吃起來還行😓
道地的日本章魚燒到底長什麼樣子啊😩
我還是喜歡裡面有加一點點蔬菜、例如高麗菜增添口感的感覺😓
章魚燒 迷思",2024-10-20 13:48,"ISTJ護理師 胡言亂語小天地💉 
愛吃美食、愛到處旅遊😜
我要當一個快樂的打工仔🙂
唯一帳號 🈲盜照片～感謝🥹",日夜顛倒
steal_tail,偷尾巴手作坊,"對於日夜顛倒的我來說…
搬來大寮最困難的是..
家附近沒有什麼宵夜啊啊啊啊😂😂😂",2025-08-27 00:35,"一切的起因都來自於生病的貓咪
從手工貓草包開始..衍生出各式各樣的東西
三份兼職的爆肝手作人
凌晨4點你依然可以看到我的回覆…",日夜顛倒
steal_tail,偷尾巴手作坊,"趕回來舊家準備搬植物🫠
怎麼那麼突然的就下大雨了….",2025-08-26 17:09,"一切的起因都來自於生病的貓咪
從手工貓草包開始..衍生出各式各樣的東西
三份兼職的爆肝手作人
凌晨4點你依然可以看到我的回覆…",日夜顛倒
steal_tail,偷尾巴手作坊,"空間夠大吧？
他們的房間這只是一半…
還有另外一半正在整理準備開放探索🤣🤣
再次感謝房東幫我們換了一台變頻冷暖
貓咪房間恆溫中超舒服！！！
兩個人類爬樓梯爬到腿快斷掉了..
我到底是為什麼要住透天🫠🫠
阿對了！是為了貓….",2025-08-26 15:20,"一切的起因都來自於生病的貓咪
從手工貓草包開始..衍生出各式各樣的東西
三份兼職的爆肝手作人
凌晨4點你依然可以看到我的回覆…",日夜顛倒
steal_tail,偷尾巴手作坊,"到新家！！！（我快累趴了..）
順便請大家推薦高雄市大寮區的動物醫院☺️..",2025-08-25 21:53,"一切的起因都來自於生病的貓咪
從手工貓草包開始..衍生出各式各樣的東西
三份兼職的爆肝手作人
凌晨4點你依然可以看到我的回覆…",日夜顛倒
steal_tail,偷尾巴手作坊,"外面搬家累得要死
裡面…
嗯…
我的貓很淡定（只有他）",2025-08-25 15:16,"一切的起因都來自於生病的貓咪
從手工貓草包開始..衍生出各式各樣的東西
三份兼職的爆肝手作人
凌晨4點你依然可以看到我的回覆…",日夜顛倒
steal_tail,偷尾巴手作坊,"再見了～熟悉的地方….
搬家公司的大哥動作真的好快欸！？
他們真的超辛苦😱
原諒我是弱女子..只能在旁邊看著😂",2025-08-25 13:24,"一切的起因都來自於生病的貓咪
從手工貓草包開始..衍生出各式各樣的東西
三份兼職的爆肝手作人
凌晨4點你依然可以看到我的回覆…",日夜顛倒
steal_tail,偷尾巴手作坊,"這次搬家最令我擔心的就是這位…
抓不到的他～～～🤦
膽子特別小…又容易自己嚇自己引發膀胱炎..
拜託這次千萬別發作🥲",2025-08-24 13:05,"一切的起因都來自於生病的貓咪
從手工貓草包開始..衍生出各式各樣的東西
三份兼職的爆肝手作人
凌晨4點你依然可以看到我的回覆…",日夜顛倒
steal_tail,偷尾巴手作坊,"快結束了….
快要搬完了🫠",2025-08-23 19:30,"一切的起因都來自於生病的貓咪
從手工貓草包開始..衍生出各式各樣的東西
三份兼職的爆肝手作人
凌晨4點你依然可以看到我的回覆…",日夜顛倒
steal_tail,偷尾巴手作坊,"一人施工隊開工🙋‍♀️
室友真棒🤣🤣",2025-08-21 19:08,"一切的起因都來自於生病的貓咪
從手工貓草包開始..衍生出各式各樣的東西
三份兼職的爆肝手作人
凌晨4點你依然可以看到我的回覆…",日夜顛倒
steal_tail,偷尾巴手作坊,"正式進入停工打包環節..（好焦慮）
未來一週內應該都不會出貨🫠🫠
要換新環境真的好焦慮啊啊啊….",2025-08-20 23:43,"一切的起因都來自於生病的貓咪
從手工貓草包開始..衍生出各式各樣的東西
三份兼職的爆肝手作人
凌晨4點你依然可以看到我的回覆…",日夜顛倒
steal_tail,偷尾巴手作坊,"又呆又帥（❤️）
聽說最近好多人類撿到你的同族🤣
歡迎大家加入輝椋鳥家族（？）",2025-08-18 21:29,"一切的起因都來自於生病的貓咪
從手工貓草包開始..衍生出各式各樣的東西
三份兼職的爆肝手作人
凌晨4點你依然可以看到我的回覆…",日夜顛倒
steal_tail,偷尾巴手作坊,"新家…光擦牆壁我就快陣亡了🫠
透天我要打掃到什麼時候啊啊啊😓",2025-08-18 15:37,"一切的起因都來自於生病的貓咪
從手工貓草包開始..衍生出各式各樣的東西
三份兼職的爆肝手作人
凌晨4點你依然可以看到我的回覆…",日夜顛倒
steal_tail,偷尾巴手作坊,"走過路過滑過不要錯過的貓草包～
香噴噴又大隻的貓草包～～
貓奴們快來看看我（？）
最近正在搬家中…
因為財力有限，很多都要自己騎車跑來跑去..
所以製作速度較慢，請大家多多包涵😓
請大家多用賣貨便😭😭
蝦皮有出貨天數限制..對我來說比較困擾
賣貨便結帳輸入「開學」～
就享有訂單滿58元免運！！！
請大家多用賣貨便～～
運送速度穩定又快速❤️
—————————
✅花色超多選擇，可以讓你選擇困難症發作
✅想要怎樣的尺寸都可以私訊客製
✅大貓也有超大貓草包，絕對夠踢
✅真材實料，味道濃郁
✅怕太容易破嗎？可以免費加厚（請在訂單備註，球跟圓型抱枕無法加厚，暴力貓請三思）
✅第一次購買不敢確定貓咪喜不喜歡嗎？不怕！我有迷你粽子！只要銅板價
👉賣貨便
myship.7-11.com.tw/gener…
👉蝦皮
shopee.tw/e5511…
如果你不嫌麻煩
👉請幫我到蝦皮截圖後私訊我開賣貨便",2025-08-17 14:09,"一切的起因都來自於生病的貓咪
從手工貓草包開始..衍生出各式各樣的東西
三份兼職的爆肝手作人
凌晨4點你依然可以看到我的回覆…",日夜顛倒
steal_tail,偷尾巴手作坊,"剛剛得知又有朋友因為癌症過世了…
明明生活上都很健康..
明明都那麼樂觀開朗…..",2025-08-16 01:42,"一切的起因都來自於生病的貓咪
從手工貓草包開始..衍生出各式各樣的東西
三份兼職的爆肝手作人
凌晨4點你依然可以看到我的回覆…",日夜顛倒
steal_tail,偷尾巴手作坊,"當箱子開始裝滿東西..
家裡越來越空曠…
才真的感覺到…「啊，要離開這裡了…」
在這附近住了將近10年…
突然要搬那麼遠還是有點不習慣
真的是有夠焦慮🫠🫠",2025-08-15 13:45,"一切的起因都來自於生病的貓咪
從手工貓草包開始..衍生出各式各樣的東西
三份兼職的爆肝手作人
凌晨4點你依然可以看到我的回覆…",日夜顛倒
steal_tail,偷尾巴手作坊,"…好險要搬家了
要不然是要累死誰🤦
感謝室友腦筋動得快😂😂
拜託不要再下雨了啦！！！
我要好好搬家啊啊啊！！",2025-08-13 18:28,"一切的起因都來自於生病的貓咪
從手工貓草包開始..衍生出各式各樣的東西
三份兼職的爆肝手作人
凌晨4點你依然可以看到我的回覆…",日夜顛倒
steal_tail,偷尾巴手作坊,"外面超級暴雨..
結果大家都守著那一個窗戶縫縫（？）
（窗戶外面還有很大塊的陽台，雨噴不進來～）",2025-08-13 17:57,"一切的起因都來自於生病的貓咪
從手工貓草包開始..衍生出各式各樣的東西
三份兼職的爆肝手作人
凌晨4點你依然可以看到我的回覆…",日夜顛倒
steal_tail,偷尾巴手作坊,"賣貨便的運費折扣券搶不到怎麼辦？
私訊我開賣貨便一樣享有300免運！！
因為原本的賣場正在做活動不能設定免運～
但運費折扣券太熱門了好像不好搶…
所以私訊我～～一樣有300免運唷❤️
颱風天請大家注意安全～
在家陪陪貓..逛逛我的賣場吧（？？）
—————————
✅花色超多選擇，可以讓你選擇困難症發作
✅想要怎樣的尺寸都可以私訊客製
✅大貓也有超大貓草包，絕對夠踢
✅真材實料，味道濃郁
✅怕太容易破嗎？可以免費加厚（請在訂單備註，球跟圓型抱枕無法加厚，暴力貓請三思）
✅第一次購買不敢確定貓咪喜不喜歡嗎？不怕！我有迷你粽子！只要銅板價
👉賣貨便
myship.7-11.com.tw/gener…
👉蝦皮
shopee.tw/e5511…
如果你不嫌麻煩
👉請幫我到蝦皮截圖後私訊我開賣貨便",2025-08-13 13:14,"一切的起因都來自於生病的貓咪
從手工貓草包開始..衍生出各式各樣的東西
三份兼職的爆肝手作人
凌晨4點你依然可以看到我的回覆…",日夜顛倒
yichun8088,吳意純,"一位外貌出眾的女生來公司面試
身高170多，皮膚白嫩
但她抱怨命不好
覺得自己條件優越
卻不如別人年入百萬
看了她的哀居才知道
她熱衷蹦迪，日夜顛倒
稍微努力就覺得辛苦
問題來了，憑什麼僅靠外表就能擁有一切？",2025-01-11 13:36,"生活糊塗王 
熱愛玩樂旅行
一個三觀比五官正的女子
創業/合作 私訊官方帳號/IG👇",日夜顛倒
yichun8088,吳意純,"聽說手背平、手指有紋路
就是旺夫女的手
這是真的嗎？
還是只是迷信呢？",2025-01-10 22:59,"生活糊塗王 
熱愛玩樂旅行
一個三觀比五官正的女子
創業/合作 私訊官方帳號/IG👇",日夜顛倒
yichun8088,吳意純,"選對象或夥伴
就看相處是否舒服
別為外在條件委屈
選讓你自在的人和環境
才能發揮自我，收穫好運
人生不易，對自己好點。",2025-01-10 21:59,"生活糊塗王 
熱愛玩樂旅行
一個三觀比五官正的女子
創業/合作 私訊官方帳號/IG👇",日夜顛倒
yichun8088,吳意純,"自帶財氣的女人，往往有這4個特點：
1.	不懂理財，對數字不敏感，不斤斤計較，對錢不執著。
2.	隨性花錢，大手大腳，卻常有錢「從天而降」。
3.	人氣磁場，去冷清的店也能帶旺人氣。
4.	財富吸引力，不暴富卻小錢不斷，因為心態放鬆，財富自來。
你是這樣的女孩嗎？留言告訴我！",2025-01-10 20:26,"生活糊塗王 
熱愛玩樂旅行
一個三觀比五官正的女子
創業/合作 私訊官方帳號/IG👇",日夜顛倒
yichun8088,吳意純,"女人越能吃苦，越有吃不完的苦
千萬不要相信「吃虧就是福」這種鬼話
你忍讓，別人覺得你好欺負
你省吃儉用，老公覺得你不需要花錢
女人要清醒，
過得好的人往往懂得為自己而活
3種苦該吃：
健康的苦、賺錢的苦、自我實現的苦
其他的，能不吃就不吃，幸福最重要
女生",2025-01-10 19:28,"生活糊塗王 
熱愛玩樂旅行
一個三觀比五官正的女子
創業/合作 私訊官方帳號/IG👇",日夜顛倒
yichun8088,吳意純,"女孩～就算欠債
只要不大肚子、不生病
一切有希望
而不是買了小孩的尿布
以及家庭的開支，
轉頭還要被別人說亂花錢
女孩子只要守好自己的肚子
不被渣男影響
就能翻盤",2025-01-10 18:28,"生活糊塗王 
熱愛玩樂旅行
一個三觀比五官正的女子
創業/合作 私訊官方帳號/IG👇",日夜顛倒
yichun8088,吳意純,"一個人的好運從哪裡來呢？
從會微笑的眼睛，
不聽是非的耳朵，
不講負能量的嘴，
還有那一顆向善並且感恩的心",2025-01-10 17:23,"生活糊塗王 
熱愛玩樂旅行
一個三觀比五官正的女子
創業/合作 私訊官方帳號/IG👇",日夜顛倒
yichun8088,吳意純,"你敢信有媽媽將女兒推向深淵，
為了所謂的生計，
強迫她們放棄學業，
選擇走8大 下海
這種自私的行為不僅剝奪了孩子的未來，
也把她們推向無底的深淵。
難道她們不明白，這樣的愛，根本就是摧殘嗎？
一句 天下無不是父母 你怎麼看",2025-01-09 00:04,"生活糊塗王 
熱愛玩樂旅行
一個三觀比五官正的女子
創業/合作 私訊官方帳號/IG👇",日夜顛倒
its.ariel.kang,小康 𝙰𝚛𝚒𝚎𝚕🗼,"📍歐亞大陸橫旅～第52天！在土耳其🇹🇷
溝通真是大問題 沒什麼人說英語。
然後還發生插曲：
我手機拿起來拍照這個攤位（這裡是觀光街）
.
旁邊有個超醜的男的 突然靠我超近
超兇瞪大眼睛，用英文說：
你拍什麼拍？？我要叫警察👮‍♀️叫警察！
「How can you take picture here? I will call the police, call the police! (兩倍大聲）」
.
我就傻眼 也瞪大眼睛跟他說「大不了我刪掉啊！」
然後我就大步向前閃⋯⋯心裡嚇死
他就沒追上來。
走到世界第41個國家，第一次遇到^_^
.
但我心想 如果這是單一事件就算了
我旅行的心得是，「在同個國家地區，同樣事情發生/遇到兩次以上，可以視為常態（normality) 」
.
如果再讓我遇到一次類似無厘頭的情況⋯
土耳其就在黑名單了 但我不希望❤️‍🩹
我還要在這裡待十天⋯⋯
（但還是有人很好的當地人帶我吃在地的捲餅！）
-
希望是像埃及一樣在我還會回去的清單裡面🇪🇬
我想念埃及🥹（還有好多當地人朋友在等我回去😂",2024-08-21 02:57,"｜24歲 雪梨短居中｜打卡世界53國📍 ｜ 
｜公開IG旅行帳 每天都更新！！💬
｜ 歡迎來看看 🫶🏻下面連結⬇️ 
｜合作信箱 ✉️ - arielkang14@gmail.com",日夜顛倒
its.ariel.kang,小康 𝙰𝚛𝚒𝚎𝚕🗼,"✈️ 旅途回顧集錦～2023.07 ✈️
世界七大奇景📍我在祕魯 馬丘比丘！
-
打卡祕魯和這個世界神秘的觀光勝地⋯⋯
算是完成心中一個很大的目標！💗
距離台灣18000公里 是我來過最遙遠的國度🎉
•
幸運沒有高山症🥰🥰幸運入場雖然遇上困難
但天時地利人和順利進入💗🎉走了四個小時
•
一天待在庫斯科小城、熱水鎮，一早搭巴士上山 
親眼看到這個世界七大奇景💗
成功完成✅去年美洲縱走旅行最重要的點！！
一路自己安排行程查資料 訂火車票和門票⋯⋯
花了不少時間做功課 終於順利完成🥹
•
#祕魯 #馬丘比丘 #旅行 #美洲",2024-08-19 21:59,"｜24歲 雪梨短居中｜打卡世界53國📍 ｜ 
｜公開IG旅行帳 每天都更新！！💬
｜ 歡迎來看看 🫶🏻下面連結⬇️ 
｜合作信箱 ✉️ - arielkang14@gmail.com",日夜顛倒
its.ariel.kang,小康 𝙰𝚛𝚒𝚎𝚕🗼,"2024夏天在聖托里尼🇬🇷
旅行歐洲第50天！在島上待三個晚上❤️‍🩹
-
有人問說 聖托里尼如何前往呢？
🈶2種選擇⋯⋯飛機✈️和渡輪⛴️
我都比較過價格 渡輪比較貴又時間久
所以選擇飛機！
從雅典飛過來只要40分鐘左右～
來回價格不包含行李=3540台幣！！🥳
-
聖托里尼=美麗浪漫的濾鏡📷",2024-08-19 04:45,"｜24歲 雪梨短居中｜打卡世界53國📍 ｜ 
｜公開IG旅行帳 每天都更新！！💬
｜ 歡迎來看看 🫶🏻下面連結⬇️ 
｜合作信箱 ✉️ - arielkang14@gmail.com",日夜顛倒
its.ariel.kang,小康 𝙰𝚛𝚒𝚎𝚕🗼,"23歲｜我來到希臘🇬🇷聖托里尼！🥳 
在歐洲第49天。
🇬🇷📍人生夢想之地又打卡完成✅
雖然真的很熱 但拍到這些景就超值得了❤️‍🩹
我一個人旅行，怎麼拍到好照片？
獨旅可以認識新朋友！！在沙發衝浪有個波蘭女生
找我一起玩 我們互相拍照📷超開心！",2024-08-17 23:16,"｜24歲 雪梨短居中｜打卡世界53國📍 ｜ 
｜公開IG旅行帳 每天都更新！！💬
｜ 歡迎來看看 🫶🏻下面連結⬇️ 
｜合作信箱 ✉️ - arielkang14@gmail.com",日夜顛倒
its.ariel.kang,小康 𝙰𝚛𝚒𝚎𝚕🗼,"23歲畢業🎓 走到世界地圖第40國了！🥳
我大學獨自存錢，環遊世界旅行五大洲✈️
朋友都會問我⋯在國外怎麼溝通？
-
英文真的超重要！我高中狂讀英文
因為我知道我超想要走遍這個世界🌎
現在我可以中英文差不多流利溝通❤️‍🩹
因為旅行中遇到各種事情都自己處理
這些過程讓我成長 而不是單純吃喝玩樂
-
旅行是我的夢想 我的生命養分🍃
這週在希臘聖托里尼 下週到土耳其🇹🇷
照片是這個月旅行的精選❤️‍🩹",2024-08-16 16:17,"｜24歲 雪梨短居中｜打卡世界53國📍 ｜ 
｜公開IG旅行帳 每天都更新！！💬
｜ 歡迎來看看 🫶🏻下面連結⬇️ 
｜合作信箱 ✉️ - arielkang14@gmail.com",日夜顛倒
its.ariel.kang,小康 𝙰𝚛𝚒𝚎𝚕🗼,"23歲環遊歐洲獨旅～第47天 在希臘🇬🇷
-
打卡帕德嫩神廟（雅典衛城！
一直以來的朝聖地之一完成✅
走到最頂端能看到整個雅典城～
這裡是古希臘文明的發源地！
-
整體還蠻喜歡雅典！🇬🇷❤️‍🩹
明天飛往聖托里尼！！
（照片往右滑很多張😆",2024-08-15 22:49,"｜24歲 雪梨短居中｜打卡世界53國📍 ｜ 
｜公開IG旅行帳 每天都更新！！💬
｜ 歡迎來看看 🫶🏻下面連結⬇️ 
｜合作信箱 ✉️ - arielkang14@gmail.com",日夜顛倒
its.ariel.kang,小康 𝙰𝚛𝚒𝚎𝚕🗼,"23歲｜環遊歐洲46天 希臘🇬🇷雅典！
-
來到希臘＝數學世界🤣🤣 
文字怎麼這麼可愛😍
（但討厭數學的人應該覺得不可愛😆
-
歡迎關注我的環遊世界日記📓",2024-08-14 22:15,"｜24歲 雪梨短居中｜打卡世界53國📍 ｜ 
｜公開IG旅行帳 每天都更新！！💬
｜ 歡迎來看看 🫶🏻下面連結⬇️ 
｜合作信箱 ✉️ - arielkang14@gmail.com",日夜顛倒
its.ariel.kang,小康 𝙰𝚛𝚒𝚎𝚕🗼,"23歲獨旅｜環遊歐洲第45天 波蘭🇵🇱到希臘🇬🇷
飛行1500多公里～準備到陽光燦爛的南歐
-
第一個影片好多人都在問！因為太可愛了❤️‍🩹
這叫做” TravelBoast” App 免費使用
（ 全世界的地圖都可以製作😆",2024-08-13 19:57,"｜24歲 雪梨短居中｜打卡世界53國📍 ｜ 
｜公開IG旅行帳 每天都更新！！💬
｜ 歡迎來看看 🫶🏻下面連結⬇️ 
｜合作信箱 ✉️ - arielkang14@gmail.com",日夜顛倒
its.ariel.kang,小康 𝙰𝚛𝚒𝚎𝚕🗼,"23歲｜環歐洲旅行第44天🌎 在波蘭🇵🇱
老城區好漂亮，買了手繪明信片到處拍😍
-
昨天晚上出來 還拍到老城區與晚霞
明天要飛到南歐風情的國度！！敬請期待🎶",2024-08-12 21:12,"｜24歲 雪梨短居中｜打卡世界53國📍 ｜ 
｜公開IG旅行帳 每天都更新！！💬
｜ 歡迎來看看 🫶🏻下面連結⬇️ 
｜合作信箱 ✉️ - arielkang14@gmail.com",日夜顛倒
its.ariel.kang,小康 𝙰𝚛𝚒𝚎𝚕🗼,"23歲 ｜歐洲旅行日記第43天｜ 我在波蘭🇵🇱
-
抵達後發現好多東西都與「蕭邦」有關～
有蕭邦博物館 教堂有蕭邦雕像 
連機場都用蕭邦（Chopin) 命名！
-
週日中午在蕭邦公園有免費音樂演奏🎶
登頂科學宮的塔尖 傍晚風景很美✨
而且波蘭真的物價很感人便宜🤭",2024-08-11 22:49,"｜24歲 雪梨短居中｜打卡世界53國📍 ｜ 
｜公開IG旅行帳 每天都更新！！💬
｜ 歡迎來看看 🫶🏻下面連結⬇️ 
｜合作信箱 ✉️ - arielkang14@gmail.com",日夜顛倒
its.ariel.kang,小康 𝙰𝚛𝚒𝚎𝚕🗼,"23歲 環遊歐洲第42天！
搭夜車巴士🚌立陶宛到波蘭華沙🇵🇱
-
波蘭的餃子🥟超便宜😆
一盒很大 十幾顆65台幣
買看看蘑菇口味、雞肉口味✅
-
華沙果然是大城市很好逛！",2024-08-10 23:23,"｜24歲 雪梨短居中｜打卡世界53國📍 ｜ 
｜公開IG旅行帳 每天都更新！！💬
｜ 歡迎來看看 🫶🏻下面連結⬇️ 
｜合作信箱 ✉️ - arielkang14@gmail.com",日夜顛倒
its.ariel.kang,小康 𝙰𝚛𝚒𝚎𝚕🗼,"有人猜的出來這是哪裡嗎？
像不像義大利或是瑞士❤️‍🩹都不是😆
-
（如果不看我其他推文？🤭",2024-08-10 04:39,"｜24歲 雪梨短居中｜打卡世界53國📍 ｜ 
｜公開IG旅行帳 每天都更新！！💬
｜ 歡迎來看看 🫶🏻下面連結⬇️ 
｜合作信箱 ✉️ - arielkang14@gmail.com",日夜顛倒
its.ariel.kang,小康 𝙰𝚛𝚒𝚎𝚕🗼,"世界地圖第38國-立陶宛🇱🇹
大學畢業🎓旅行歐洲的第41天
來到立陶宛的小城市🌆
到每個新國家 都要跟國旗拍照🤳",2024-08-09 18:57,"｜24歲 雪梨短居中｜打卡世界53國📍 ｜ 
｜公開IG旅行帳 每天都更新！！💬
｜ 歡迎來看看 🫶🏻下面連結⬇️ 
｜合作信箱 ✉️ - arielkang14@gmail.com",日夜顛倒
its.ariel.kang,小康 𝙰𝚛𝚒𝚎𝚕🗼,"今年23歲大學畢業，我在環遊歐洲❤️‍🩹
旅行的第40天 - 拉脫維亞🇱🇻
-
長途獨自旅行我喜歡用「沙發衝浪」認識當地人
這次是一個可愛的家庭！ 媽媽在北京住了五年
對華人世界了解很多 兩個小孩都是華人混血兒👦
-
他們家也太好玩🤩有一個大院子 跳床
電視機有 switch 派對 我跟小朋友打🎉（還贏他😂
使用沙發衝浪住在當地人家裡是免費的
我主動說要煮菜給他們吃 也寫明信片送給沙發主
-
兩天在這裡 比景點好玩太多了❤️‍🩹
謝謝他們打開家門歡迎👏
圖五 今天前往下一個城市！
-
圖六⋯在東歐幾乎沒有遇到台灣團！
居然逛景點的時候遇到一群台灣人！！
跟我一樣獨立旅行的姐姐們 👍🏻",2024-08-08 22:21,"｜24歲 雪梨短居中｜打卡世界53國📍 ｜ 
｜公開IG旅行帳 每天都更新！！💬
｜ 歡迎來看看 🫶🏻下面連結⬇️ 
｜合作信箱 ✉️ - arielkang14@gmail.com",日夜顛倒
vian_health2023,肥美系女孩瘦身日誌,"一直以為環保減塑只是愛地球 🌍
結果看到「塑膠病」的新聞才知道，
原來我們每天愛吃的海鮮、手搖飲，
其實都可能讓身體吃進微塑膠…
甚至統計平均每人每年吃進 1.6 萬個微塑膠，
量相當於一根塑膠吸管⋯⋯😨
現在才知道減塑也是在保護自己會太晚嗎🫣",2025-08-19 00:38,"一個懷孕胖35公斤的媽媽
產後96公斤
放棄自我後產後7年來到了102公斤
再不面對都覺得隨時會中風死亡
8個月不靠藥物減重了20公斤，目前還在持續減肥中⋯",作息亂掉
vian_health2023,肥美系女孩瘦身日誌,"備孕真的不是只看女生欸～～
最近跟朋友聊天才發現，
很多人以為「備孕」就是女生的事🤨
不可能我在調作息、忌冰、吃中藥，
老公還在旁邊吃炸雞、熬夜打電動吧😒
小孩不是一個人就生出來耶‼️ 
如果你的另一半沒有跟你一起調整，
真的要給我去跪算盤欸🔪",2025-08-15 20:40,"一個懷孕胖35公斤的媽媽
產後96公斤
放棄自我後產後7年來到了102公斤
再不面對都覺得隨時會中風死亡
8個月不靠藥物減重了20公斤，目前還在持續減肥中⋯",作息亂掉
vian_health2023,肥美系女孩瘦身日誌,"以前一直以為，月經規律就代表很好「做人」…
結果備孕後才知道，事情沒那麼簡單😅
原來規律 ≠ 一定好孕
還有排卵品質、黃體功能、荷爾蒙平衡一堆因素
備孕的路上，光靠日曆推算根本不夠啊！！
還少不了婆婆牌的燉補湯藥、各方神明的力量，
我只想跟所有正在備孕的夫妻們說聲辛苦了！
希望我們能互相鼓勵與祝福🙏",2025-08-14 00:08,"一個懷孕胖35公斤的媽媽
產後96公斤
放棄自我後產後7年來到了102公斤
再不面對都覺得隨時會中風死亡
8個月不靠藥物減重了20公斤，目前還在持續減肥中⋯",作息亂掉
vian_health2023,肥美系女孩瘦身日誌,"減肥的時候超愛吃生菜沙拉，
覺得清爽又有飽足感，
甚至天氣太熱沒胃口也喜歡買份沙拉吃🥗
但只要想到農藥殘留、寄生蟲那些新聞……
老實說還是有點怕怕的‼️
大家平常吃生菜都怎麼處理才安心？🤔
外面自助吧或超商買的真的有洗乾淨嗎？",2025-08-11 12:29,"一個懷孕胖35公斤的媽媽
產後96公斤
放棄自我後產後7年來到了102公斤
再不面對都覺得隨時會中風死亡
8個月不靠藥物減重了20公斤，目前還在持續減肥中⋯",作息亂掉
vian_health2023,肥美系女孩瘦身日誌,"小時候媽媽常說「站有站相、坐有坐相」我都覺得她很煩，現在才知道…她真的是為我好😭😭
因為姿勢不良真的會讓身體走鐘！
越長大越發現什麼駝背、骨盆後傾、雙下巴、胸部下垂、蝴蝶袖…全都跟著來💔
我是不是該穿什麼防駝背心還是去練皮拉提斯
矯正一下😞",2025-08-08 00:07,"一個懷孕胖35公斤的媽媽
產後96公斤
放棄自我後產後7年來到了102公斤
再不面對都覺得隨時會中風死亡
8個月不靠藥物減重了20公斤，目前還在持續減肥中⋯",作息亂掉
ok_c_16_,J.Y,"沒有人懂我為什麼想做卻做不了。
他們只認為是我作息亂掉想睡覺而不去做該做的事情而已，可是我真的好沒有動力，解釋也變成好累的事情
別人看不到這些，他們只看得見「我沒有出現在那裡」，卻沒看見我在內心掙扎著努力「想要出現」的過程。
有時候連自己也搞不懂為什麼會變這樣。好像生活不是不值得，只是太久沒有感覺到它是為我存在的了。那些別人說的「找點事做就好了」或「你太懶了」其實都像是一把把鈍刀，把我已經脆弱的感受割得更碎。
這是我與內在無力之間的拉扯。我寫日記，哪怕只是重複著「我好累」，都是在努力和自己對話了。
那是我記錄自己還沒完全崩塌的方式。￼
請別問我為什麼，我真的很累了。",2025-06-30 20:47,"🏍️現在騎忍四但我好想買6R
這陣子最喜歡帕恰狗",作息亂掉
ok_c_16_,J.Y,阿哈哈哈騙你的啦我根本就不開心,2025-06-25 05:26,"🏍️現在騎忍四但我好想買6R
這陣子最喜歡帕恰狗",作息亂掉
ok_c_16_,J.Y,很抱歉有時候我真的是在想一些事情，但有人突然問我在想什麼我會直接腦袋當機，所以我總說「我在發呆」，抱歉我根本不是在發呆,2025-06-25 05:00,"🏍️現在騎忍四但我好想買6R
這陣子最喜歡帕恰狗",作息亂掉
ok_c_16_,J.Y,用什麼才能留住你？,2025-06-25 00:03,"🏍️現在騎忍四但我好想買6R
這陣子最喜歡帕恰狗",作息亂掉
ok_c_16_,J.Y,太敏感沒有關係的，只要記得你很好、很棒,2025-06-24 23:54,"🏍️現在騎忍四但我好想買6R
這陣子最喜歡帕恰狗",作息亂掉
ok_c_16_,J.Y,⋯我會吃早餐基本上就是我整晚沒睡的時候,2025-06-21 06:48,"🏍️現在騎忍四但我好想買6R
這陣子最喜歡帕恰狗",作息亂掉
ok_c_16_,J.Y,"有些人：你應該多跟別人講話
我：*說話*
-被打斷
-被忽視
-沒人注意
-沒人關心",2025-06-21 04:51,"🏍️現在騎忍四但我好想買6R
這陣子最喜歡帕恰狗",作息亂掉
ok_c_16_,J.Y,"還記得我第一次感覺到生活已經變得沉重，
是我開始喝上我不愛喝的咖啡。
那苦味不像童年裡偷嚐的大人飲品那樣神秘，
而是帶著一種「我應該要接受」的灰色義務。
我不是突然變得難過的，
而是日復一日地讓一些「不喜歡」變成「沒關係」。
從不喜歡咖啡，到接受冷掉的早餐
到把想哭的衝動塞進深夜的安靜裡，
再到把自己也泡進這苦澀裡。",2025-06-21 02:00,"🏍️現在騎忍四但我好想買6R
這陣子最喜歡帕恰狗",作息亂掉
ok_c_16_,J.Y,媽的這我,2025-06-21 01:43,"🏍️現在騎忍四但我好想買6R
這陣子最喜歡帕恰狗",作息亂掉
ok_c_16_,J.Y,有的時候就是好想就坐在海邊或路邊的公園一整個下午,2025-06-21 01:27,"🏍️現在騎忍四但我好想買6R
這陣子最喜歡帕恰狗",作息亂掉
ok_c_16_,J.Y,"男友剛剛給我看一個比我們小六歲女生的抖音
我：我們好老⋯
（摀著眼睛，不敢睜開眼希望是我的幻覺）",2025-06-18 07:01,"🏍️現在騎忍四但我好想買6R
這陣子最喜歡帕恰狗",作息亂掉
bella___804,Bella Hu,"暑假第一天早上太早起（最近作息亂掉），乾脆直接去遛狗。
照片是之前拍的，牠現在真的肉嘟嘟的🤩
早上去公園阿嬤還稱讚牠很漂亮。",2025-06-06 09:56,"NTHU
快被作業考試逼瘋的人類
寒假倒數中！",作息亂掉
qingsheng_1123,みやぎ 赩,"最近看一些人
把自己搞得像八點檔主角一樣。
明明是「生活沒整理好」，
硬要說是「靈性覺醒」。
明明是「作息亂掉」，
硬要扯成「通夢、通神、通玄」。
說真的
人要是連自己的情緒、睡眠、責任都沒顧好，
你通的不是玄，你通的是壓力、睡眠不足、腦袋過熱。
一直怪外在、怪能量、怪誰害你、怪宇宙對你不好，
但你自己一天睡三小時、吃飯不正常、
遇到問題只會逃避——
那不叫玄，那叫自我催眠。
真正的成長很簡單：
你敢面對自己的情緒，
敢整理自己的生活，
敢承擔自己的選擇。
不是天天喊覺醒、喊神通、喊能量——
那只是讓自己看起來比較有「理由」罷了。
該睡覺就睡覺，
該調整就調整，
該負責就負責。
你把自己顧好了，
不用通靈，你也會變順。
你把自己搞爛了，
就算神站在你旁邊，你還是一團亂。
人先顧好人這塊，
靈才會跟上。
——以上，
給最近把凡事都扯到玄的人。
那不叫玄。
那叫情緒沒顧、生活沒顧、身體沒顧。
真的不用那麼忙。🤣",2025-12-02 15:57,"人性除錯 × 行為模式拆解。
無玄學、無能量、無儀式。
只講你真正卡住的點。",作息亂掉
qingsheng_1123,みやぎ 赩,"有些感受不是變敏銳，
只是過去太吵，
聽不見而已。
當外界安靜下來，
才知道原來自己一直都在。",2025-12-01 09:35,"人性除錯 × 行為模式拆解。
無玄學、無能量、無儀式。
只講你真正卡住的點。",作息亂掉
qingsheng_1123,みやぎ 赩,"大多數人口中的「靈動」，
其實是壓力＋逃避的組合。
不是靈在動，是人不敢面對。",2025-11-30 21:59,"人性除錯 × 行為模式拆解。
無玄學、無能量、無儀式。
只講你真正卡住的點。",作息亂掉
shan__0405,萱萱,"為什麼現在結婚率那麼低？
因為太多男人還想要「傳統老婆」，
但自己卻活成「現代巨嬰」。
他們要的不是伴侶，
是會煮飯、顧小孩、懂事、不抱怨的貼身管家。
問題是——
能力跟不上期待，
努力配不上要求。
而女生呢？
這一代早醒了。
我們有收入、有夢想、有底氣，
不會再把自己的未來交給不成熟的人。
不是我們不想結婚，
是我們不想「結束自己」。",2025-11-27 19:00,"女性成長 × 全身體內外保養× 自媒體
- 關注IG妳會發現不同的我 -",作息亂掉
shan__0405,萱萱,"「別傻了，在垃圾堆再努力也開不出花。」
你要做的不是討好誰，
也不是在爛地方證明自己。
你要把自己養得好好的：
心穩、底氣厚、有選擇、敢轉身。
努力不是為了站得比雞群高，
而是為了——
從此不必再和雞群站在一起。",2025-11-27 17:00,"女性成長 × 全身體內外保養× 自媒體
- 關注IG妳會發現不同的我 -",作息亂掉
shan__0405,萱萱,"你知道最諷刺的是什麼嗎？
越少相處的人，越容易被美化。
偶爾回家送水果→「你最貼心」
每天照顧長輩、累得半死→「怎麼都做不好」
付出越多，越不被看見。
這句話，你是不是也懂？",2025-11-27 12:45,"女性成長 × 全身體內外保養× 自媒體
- 關注IG妳會發現不同的我 -",作息亂掉
shan__0405,萱萱,"0–3 歲，他半夜哭著找我
4–12 歲，他放學吵著等我
13–18 歲，他關門說「不要煩我」
19–23 歲，他搬出去偶爾想我
23 歲以後，他回家叫一聲「媽」，我就心滿意足
每次覺得累，我都會回想那個小小的手拉著我
把我當成全世界的時候
我知道，總有一天他會走得越來越遠
那段把我放第一的時光，是我這輩子最甜的記憶",2025-11-26 17:00,"女性成長 × 全身體內外保養× 自媒體
- 關注IG妳會發現不同的我 -",作息亂掉
shan__0405,萱萱,"有人問我：
「妳明明有另一半，為什麼還要那麼拚？」
我心裡的答案只有一句：靠誰都不如靠自己
不是不相信感情，而是我更相信生活會考驗妳
今天他疼妳、養妳、挺妳，那很好呀！
但明天呢？
十年後呢？
變數永遠比承諾還多
如果40歲的妳沒有能力、沒有收入、沒有底氣
當一段關係不再如願時，妳還能怎麼辦？
妳只能忍，只能等，只能把委屈吞下去
但我不要那樣的人生
我努力，是為了讓自己永遠保留一句：
「不想委屈，我走得起。」
妳要永遠記住：
真正能給妳安全感的，是妳自己的實力",2025-11-26 12:55,"女性成長 × 全身體內外保養× 自媒體
- 關注IG妳會發現不同的我 -",作息亂掉
shan__0405,萱萱,"拜託不要那麼雙標‼️
你要女生成熟、懂事、不情緒化
但你自己生氣起來比誰都不講理
你希望被理解，她也希望被在乎
關係不是誰忍得多，而是誰願意改",2025-11-25 19:00,"女性成長 × 全身體內外保養× 自媒體
- 關注IG妳會發現不同的我 -",作息亂掉
shan__0405,萱萱,"提醒所有女生：
子宮頸抹片是目前最有效、最普及的子宮頸癌篩檢方式。
妳能做的只有三件事：
1️⃣ 避免高風險性行為
2️⃣ 接種 HPV 疫苗
3️⃣ 每年抹片（25歲以上健保補助）
檢查時間不到 3 分鐘，
卻能避免一場可能改變人生的大病。
請妳一定要善待自己的身體。",2025-11-25 16:59,"女性成長 × 全身體內外保養× 自媒體
- 關注IG妳會發現不同的我 -",作息亂掉
shan__0405,萱萱,"很多人年輕時都把快樂往後推，以為有時間
但其實——
想穿的衣服今天就能亮，
想吃的蛋糕今天就能甜。
因為人生沒有「等一下」
只會一路往前走，能快樂，就現在",2025-11-25 12:43,"女性成長 × 全身體內外保養× 自媒體
- 關注IG妳會發現不同的我 -",作息亂掉
shan__0405,萱萱,"長大後才懂，情緒不會騙人
誰讓你不舒服，誰就不值得你花時間接近
同頻會靠近，不同頻會自動遠離",2025-11-23 19:00,"女性成長 × 全身體內外保養× 自媒體
- 關注IG妳會發現不同的我 -",作息亂掉
shan__0405,萱萱,"開始認真做自媒體後，我直接懂三件事：
1.完美是假的，真心才有流量
2.流量會消失，但作品會留下
3.妳越有底氣，就越能吸引懂妳的人
經營最狠的真相只有一句：
持續的人，最後都會爆！
如果妳也想把自媒體經營起來
但不知道從哪開始，來吧，我帶妳
一起把生活，變成底氣🫶",2025-11-23 17:01,"女性成長 × 全身體內外保養× 自媒體
- 關注IG妳會發現不同的我 -",作息亂掉
shan__0405,萱萱,"以前我先付出，先在乎，先心軟。
現在誰願意對我好，我才願意靠近。
活到現在才發現
原來懂得「被在乎」比「瞎在乎」重要太多了。",2025-11-23 14:00,"女性成長 × 全身體內外保養× 自媒體
- 關注IG妳會發現不同的我 -",作息亂掉
shan__0405,萱萱,"創業後你會發現：
有些朋友不是真的不支持，
是他們從沒想過你值得支持。
他們會覺得
「我們那麼好，給我便宜一下很正常」；
卻不知道你的每一筆收入都是熬出來的。
而那些願意用原價買、還會介紹朋友來的人，
才是真的理解你的辛苦。
創業不是累，是心寒。
但也因為這些人，你才撐得下去。",2025-11-23 11:02,"女性成長 × 全身體內外保養× 自媒體
- 關注IG妳會發現不同的我 -",作息亂掉
shan__0405,萱萱,"有沒有 住高雄、屏東想學自媒體的？
在高雄教課
不用緊張，也不用很厲害
只要 $100
你就能學到：
如何做互動、如何讓人回你
以及日常怎麼“不推銷但有人找你”
我會陪著你一步做一步
你只要來就好。
住南部更好～比較不怕奔波。
想來的敲我！",2025-11-22 17:00,"女性成長 × 全身體內外保養× 自媒體
- 關注IG妳會發現不同的我 -",作息亂掉
shan__0405,萱萱,"熬夜後第二天，我自己的「體力急救包」：
8 個方法👇
1.冷水洗臉
先把睡不飽的臉叫醒，至少看起來比較有精神
2.補充 B、C
熬夜最累的是身體的代謝，維生素先補起來
3.來一杯 高蛋白＋代餐
不是減肥，是讓身體有「續航力」
熬夜隔天最需要的是：好吸收、好消化、不負擔
4. 20分鐘小睡
真的很像把整個人重開機
（超過 30 分鐘起來會更想睡）
5.喝水喝水再喝水
熬夜最傷的不是黑眼圈，是水分流失
我都會直接灌一整杯
6.走一小段路＋拉伸
身體動起來，比喝咖啡恢復得更快
7.早餐選「清爽＋高蛋白質」
像蛋、燕麥、雞胸肉
或是直接喝代餐＋蛋白素
不用煩惱吃什麼，營養也夠！
8.最重要：當天早一點睡
熬夜不可怕，可怕的是放任身體一直累下去
但只要懂補救，隔天不會那麼崩潰
💬 私訊或留言了解更多健康知識！",2025-11-22 15:11,"女性成長 × 全身體內外保養× 自媒體
- 關注IG妳會發現不同的我 -",作息亂掉
shan__0405,萱萱,"有人說：
「全職在家不就帶帶小孩、煮煮飯？」
說得輕鬆，
做起來卻是 24 小時沒薪水的責任制。
最可怕的不是辛苦，
是妳默默做了全部，
反而被說成沒有“貢獻”。
但妳知道的——
如果哪一天妳不做了，
這個家會瞬間亂成災難現場。
妳不是沒能力，
妳只是被綁住了手，卻還在撐整個家。",2025-11-22 10:00,"女性成長 × 全身體內外保養× 自媒體
- 關注IG妳會發現不同的我 -",作息亂掉
shan__0405,萱萱,"用了 iPhone 17 Pro 兩個月
最明顯的差別就是「超省電」跟「不會發燙」
同樣日常使用：拍照、導航、影片、訊息
我上一支是13pro這比13更穩、更耐久
甚至外出一整天都不用帶行動電源
如果妳跟我一樣常常手機重度使用
17 Pro 真的可以閉眼入👍",2025-11-21 17:01,"女性成長 × 全身體內外保養× 自媒體
- 關注IG妳會發現不同的我 -",作息亂掉
shan__0405,萱萱,"長大後的友情像風，
不常吹來，但每次都剛剛好。
願意從遠方來見你的人，
不是閒，而是把你放在心裡。
我們隔著繁忙重逢，
又在日落前分開。
下一次再見，是時間決定的。
成年後最珍貴的不是常常見，
而是「妳在，我來」。",2025-11-21 14:00,"女性成長 × 全身體內外保養× 自媒體
- 關注IG妳會發現不同的我 -",作息亂掉
shan__0405,萱萱,"拜託清醒一點：
夫妻不同財，就是不同心。
他賺多少妳不知道、
妳的支出他也不在乎，
一人一套邏輯，最後走向兩條路。
很多女人以為忍一忍就好，
但家庭不是靠猜、靠忍，
而是靠一起規劃、一起前進。
記住——
家裡最大的不安全感，就是財務不透明。",2025-11-21 11:00,"女性成長 × 全身體內外保養× 自媒體
- 關注IG妳會發現不同的我 -",作息亂掉
shan__0405,萱萱,"女生要避雷的一種男人：
你的金錢觀跟他永遠不同步。
你想買體驗，他說浪費；
你想存錢，他說你小氣；
你想投資，他覺得危險；
你想讓生活舒服，他卻說沒必要。
所以找到金錢觀契合的人很重要。
因為只有懂你花錢邏輯的人，
才懂你努力賺錢的原因。",2025-11-20 13:02,"女性成長 × 全身體內外保養× 自媒體
- 關注IG妳會發現不同的我 -",作息亂掉
shan__0405,萱萱,"一個男人最讓人心寒的
是看到老婆有心結，卻選擇視而不見
她鼓起勇氣想說，你卻用臉色堵住她的路
她想讓你懂，你卻把她推得更遠
她想被安慰，你卻給她冷意
婚姻不是不吵架
而是 吵得了、說得開、修得好
不讓她說，就是在加倍傷她的心",2025-11-20 11:00,"女性成長 × 全身體內外保養× 自媒體
- 關注IG妳會發現不同的我 -",作息亂掉
shan__0405,萱萱,"很多人誤會了
不是小三比較懂你
是她只需要懂你「快樂的部分」
原配懂的是你整個人生
從壓力到眼淚，從疲倦到責任
那是完整的你，不是精修版
所以你覺得輕鬆
不是因為小三特別厲害
而是因為她沒有承擔
真正的懂，是在最難的日子也願意陪著你
而不是只在你最輕鬆的時候出現",2025-11-18 20:00,"女性成長 × 全身體內外保養× 自媒體
- 關注IG妳會發現不同的我 -",作息亂掉
shan__0405,萱萱,"有人說：「30歲沒5萬很丟臉。」
我只想說大概沒算過
當媽媽、上班族、還要顧家庭的日子
房租要付、伙食要做、孩子要照顧、開銷一大堆
5萬真的不是說存就存的
所以別被外界標準打倒，你已經很努力了
真正的底氣，是每一天都能撐住生活💪",2025-11-18 18:00,"女性成長 × 全身體內外保養× 自媒體
- 關注IG妳會發現不同的我 -",作息亂掉
shan__0405,萱萱,"身為媽媽、上班族、還要顧生活的女人
最需要的不是建議，而是理解。
那些懂你忙、懂你累、懂你沒時間抱怨的人，
才是真的心疼你。
他們不逼你一定要好，只希望你別這麼辛苦。
你會突然覺得：
被接住的瞬間，比睡一整晚還治癒。
真正的支持，是理解，不是說教。",2025-11-18 15:00,"女性成長 × 全身體內外保養× 自媒體
- 關注IG妳會發現不同的我 -",作息亂掉
shan__0405,萱萱,"妳越知道自己在分享什麼
觀眾就越知道為什麼要停在妳這裡
妳越願意把真實拿出來
演算法就越願意把妳推到更多人面前
妳越敢表達、越有主題、越做自己
妳的帳號就越能找到屬於它的那群人
因為自媒體的本質不是漂亮、不是技巧
而是 妳能不能讓人「看到妳」！",2025-11-18 12:54,"女性成長 × 全身體內外保養× 自媒體
- 關注IG妳會發現不同的我 -",作息亂掉
shan__0405,萱萱,"我花錢會快樂，那我幹嘛找一個
讓我沒錢花、還每天心情不爽的男人？
這種戀愛不是甜，是破財還惹氣🙃
拜託，快樂比戀愛重要多了！
💬姐妹們，學會先愛自己，生活真的會快樂許多",2025-11-17 20:37,"女性成長 × 全身體內外保養× 自媒體
- 關注IG妳會發現不同的我 -",作息亂掉
ziiynx__,📄win,我一直睡不著失眠啊 整個作息大亂掉。,2025-11-04 06:57,"吳小嫄是摯愛
想發什麼就發了🫲🏻🫱🏻",作息亂掉
ziiynx__,📄win,我真的非常討厭換季😁😁🔪,2025-11-04 06:55,"吳小嫄是摯愛
想發什麼就發了🫲🏻🫱🏻",作息亂掉
ziiynx__,📄win,依賴別人對我來說是最蠢的行為,2025-11-04 00:41,"吳小嫄是摯愛
想發什麼就發了🫲🏻🫱🏻",作息亂掉
ziiynx__,📄win,我甚至是橫屏的,2025-11-02 19:21,"吳小嫄是摯愛
想發什麼就發了🫲🏻🫱🏻",作息亂掉
ziiynx__,📄win,根本就不上鏡,2025-11-02 07:13,"吳小嫄是摯愛
想發什麼就發了🫲🏻🫱🏻",作息亂掉
ziiynx__,📄win,這個冬天我勢必要白回來,2025-11-01 03:23,"吳小嫄是摯愛
想發什麼就發了🫲🏻🫱🏻",作息亂掉
ziiynx__,📄win,"我每次出去玩完結束 回家都會懊惱為什麼不多拍點照片
超可惜 每次要發月底紀錄就很少照片😵😣😣😣",2025-11-01 00:24,"吳小嫄是摯愛
想發什麼就發了🫲🏻🫱🏻",作息亂掉
ziiynx__,📄win,10月的一小部分😋👍🏻👨🏿‍🦲👻👻,2025-10-31 14:33,"吳小嫄是摯愛
想發什麼就發了🫲🏻🫱🏻",作息亂掉
ziiynx__,📄win,哈 買到了,2025-10-29 19:56,"吳小嫄是摯愛
想發什麼就發了🫲🏻🫱🏻",作息亂掉
ziiynx__,📄win,過敏兒又出現了^_^,2025-10-29 05:25,"吳小嫄是摯愛
想發什麼就發了🫲🏻🫱🏻",作息亂掉
ziiynx__,📄win,偶然找到的模板 恩 套一下 效果意外好^ω^,2025-10-29 01:04,"吳小嫄是摯愛
想發什麼就發了🫲🏻🫱🏻",作息亂掉
ziiynx__,📄win,其實我只是屁話很多而已 這樣文一直飄 也是很恐怖,2025-10-28 22:21,"吳小嫄是摯愛
想發什麼就發了🫲🏻🫱🏻",作息亂掉
ziiynx__,📄win,我看到很多恩瑟了🥹,2025-10-28 20:06,"吳小嫄是摯愛
想發什麼就發了🫲🏻🫱🏻",作息亂掉
ziiynx__,📄win,吃了好吃愛吃,2025-10-28 12:21,"吳小嫄是摯愛
想發什麼就發了🫲🏻🫱🏻",作息亂掉
ziiynx__,📄win,我想吃糖葫蘆,2025-10-28 00:15,"吳小嫄是摯愛
想發什麼就發了🫲🏻🫱🏻",作息亂掉
ziiynx__,📄win,我的第六感還是準準準 別想騙,2025-10-27 23:33,"吳小嫄是摯愛
想發什麼就發了🫲🏻🫱🏻",作息亂掉
ziiynx__,📄win,冷就冷不要下雨好嗎👨🏿‍🦲👨🏿‍🦲,2025-10-27 23:21,"吳小嫄是摯愛
想發什麼就發了🫲🏻🫱🏻",作息亂掉
ziiynx__,📄win,真覺得我的脾氣已經好很多了,2025-10-27 23:20,"吳小嫄是摯愛
想發什麼就發了🫲🏻🫱🏻",作息亂掉
ziiynx__,📄win,我有吃到火鍋😛,2025-10-27 01:47,"吳小嫄是摯愛
想發什麼就發了🫲🏻🫱🏻",作息亂掉
ziiynx__,📄win,笑死 火鍋根本吃不到一點,2025-10-26 18:07,"吳小嫄是摯愛
想發什麼就發了🫲🏻🫱🏻",作息亂掉
ziiynx__,📄win,我吃到蜜餞了 朋友們,2025-10-25 18:24,"吳小嫄是摯愛
想發什麼就發了🫲🏻🫱🏻",作息亂掉
ziiynx__,📄win,睡不著 不要睡 不准睡,2025-10-25 03:35,"吳小嫄是摯愛
想發什麼就發了🫲🏻🫱🏻",作息亂掉
ziiynx__,📄win,齁,2025-10-25 03:33,"吳小嫄是摯愛
想發什麼就發了🫲🏻🫱🏻",作息亂掉
ziiynx__,📄win,我真的很會熬夜,2025-10-25 03:32,"吳小嫄是摯愛
想發什麼就發了🫲🏻🫱🏻",作息亂掉
ziiynx__,📄win,苦惱了,2025-10-25 03:32,"吳小嫄是摯愛
想發什麼就發了🫲🏻🫱🏻",作息亂掉
ziiynx__,📄win,下班回家最開心的事 就是吸貓,2025-10-24 22:12,"吳小嫄是摯愛
想發什麼就發了🫲🏻🫱🏻",作息亂掉
ziiynx__,📄win,我現在才吃飯,2025-10-24 19:15,"吳小嫄是摯愛
想發什麼就發了🫲🏻🫱🏻",作息亂掉
ziiynx__,📄win,我真的很會睡,2025-10-24 16:02,"吳小嫄是摯愛
想發什麼就發了🫲🏻🫱🏻",作息亂掉
ziiynx__,📄win,餓了,2025-10-24 14:40,"吳小嫄是摯愛
想發什麼就發了🫲🏻🫱🏻",作息亂掉
ziiynx__,📄win,我起床了 發現外面風有點大,2025-10-24 14:20,"吳小嫄是摯愛
想發什麼就發了🫲🏻🫱🏻",作息亂掉
ziiynx__,📄win,突然想看海 而且是和我愛的人一起,2025-10-24 07:02,"吳小嫄是摯愛
想發什麼就發了🫲🏻🫱🏻",作息亂掉
ziiynx__,📄win,💤👋🏻,2025-10-24 06:54,"吳小嫄是摯愛
想發什麼就發了🫲🏻🫱🏻",作息亂掉
ziiynx__,📄win,好想吃蜜餞。真想去台南 齁,2025-10-24 06:47,"吳小嫄是摯愛
想發什麼就發了🫲🏻🫱🏻",作息亂掉
ziiynx__,📄win,等等要大睡特睡了,2025-10-24 06:25,"吳小嫄是摯愛
想發什麼就發了🫲🏻🫱🏻",作息亂掉
ziiynx__,📄win,其實我蠻喜歡突然的去翻哀居典藏限動,2025-10-24 06:17,"吳小嫄是摯愛
想發什麼就發了🫲🏻🫱🏻",作息亂掉
ziiynx__,📄win,熬穿了。,2025-10-24 06:15,"吳小嫄是摯愛
想發什麼就發了🫲🏻🫱🏻",作息亂掉
ziiynx__,📄win,☀️,2025-10-24 06:04,"吳小嫄是摯愛
想發什麼就發了🫲🏻🫱🏻",作息亂掉
ziiynx__,📄win,蠻想挑戰戴美瞳的 但手跟眼都有障礙,2025-10-24 04:15,"吳小嫄是摯愛
想發什麼就發了🫲🏻🫱🏻",作息亂掉
ziiynx__,📄win,4:05,2025-10-24 04:05,"吳小嫄是摯愛
想發什麼就發了🫲🏻🫱🏻",作息亂掉
ziiynx__,📄win,想念長髮了 快快長,2025-10-24 03:43,"吳小嫄是摯愛
想發什麼就發了🫲🏻🫱🏻",作息亂掉
ziiynx__,📄win,時間過那麼快 傻眼了,2025-10-24 03:19,"吳小嫄是摯愛
想發什麼就發了🫲🏻🫱🏻",作息亂掉
ziiynx__,📄win,食言了,2025-10-24 03:16,"吳小嫄是摯愛
想發什麼就發了🫲🏻🫱🏻",作息亂掉
ziiynx__,📄win,再等一下 就去洗澡,2025-10-24 02:42,"吳小嫄是摯愛
想發什麼就發了🫲🏻🫱🏻",作息亂掉
ziiynx__,📄win,小貓陪我,2025-10-24 02:38,"吳小嫄是摯愛
想發什麼就發了🫲🏻🫱🏻",作息亂掉
ziiynx__,📄win,感覺又要跨年了,2025-10-24 02:35,"吳小嫄是摯愛
想發什麼就發了🫲🏻🫱🏻",作息亂掉
ziiynx__,📄win,我很怕冷 但很喜歡天氣變冷的感覺,2025-10-24 02:29,"吳小嫄是摯愛
想發什麼就發了🫲🏻🫱🏻",作息亂掉
ziiynx__,📄win,其實我廢話不多 只是到了某個時間點會突然變很多,2025-10-24 02:26,"吳小嫄是摯愛
想發什麼就發了🫲🏻🫱🏻",作息亂掉
ziiynx__,📄win,我待在台中一年了 真快,2025-10-24 02:22,"吳小嫄是摯愛
想發什麼就發了🫲🏻🫱🏻",作息亂掉
ziiynx__,📄win,可以不要睡覺了嗎,2025-10-24 02:21,"吳小嫄是摯愛
想發什麼就發了🫲🏻🫱🏻",作息亂掉
ziiynx__,📄win,懂我嗎哈,2025-10-24 02:20,"吳小嫄是摯愛
想發什麼就發了🫲🏻🫱🏻",作息亂掉
ziiynx__,📄win,又到了一年一度 話最多的時候,2025-10-24 02:20,"吳小嫄是摯愛
想發什麼就發了🫲🏻🫱🏻",作息亂掉
ziiynx__,📄win,乾 我瀏海剪歪笑死 哈哈哈 好有障礙,2025-10-24 02:19,"吳小嫄是摯愛
想發什麼就發了🫲🏻🫱🏻",作息亂掉
ziiynx__,📄win,完全沒意識到今天連假 難怪一堆人回家,2025-10-24 02:18,"吳小嫄是摯愛
想發什麼就發了🫲🏻🫱🏻",作息亂掉
ziiynx__,📄win,該洗澡了 超懶,2025-10-24 02:02,"吳小嫄是摯愛
想發什麼就發了🫲🏻🫱🏻",作息亂掉
ziiynx__,📄win,這種天騎車 真的很考驗我的平衡,2025-10-23 05:01,"吳小嫄是摯愛
想發什麼就發了🫲🏻🫱🏻",作息亂掉
ziiynx__,📄win,好冷 想吃火鍋了,2025-10-22 05:46,"吳小嫄是摯愛
想發什麼就發了🫲🏻🫱🏻",作息亂掉
yuchinjou,Chin 沁柔柔 🦦✨,"今天錄影問到
請問怎麼避免遇到渣男渣女？
遇到了怎麼辦？
其實不能避免
多少人生還是會遇到
也可能你很幸運一生都沒遇到
也有人一直遇到渣男渣女
老話一句
就是好好做回自己
允許自己難過允許自己熬夜爆哭搞亂掉作息
允許自己發瘋
一陣子
再好好調適自己的心把自己靜下來
好好過自己的人生把重心放回自己身上
很難我知道我也有過把自己還給自己
多為自己著想多愛自己
再遇到渣男也不怕了
雖然還是一樣會難過會傷心
但
經歷過一次
一定會開始了解怎麼分辨
學會離開
會及時止損
可以哭但不能停止往前
當有一天你又遇到讓你不快樂的人
能快速離開
代表長大了
你懂得愛護自己
不要再勉強自己了
不再堅持著不放手了
因為知道要讓自己變回自己
變得更好
🤍
花若盛開蝴蝶自來",2024-01-31 03:04,"ฅ՞•ﻌ•՞ฅ 如果愛有溫度你覺得是幾度
✉️joanne7017@gmail.com
YT/沁柔的沁Yuchinjou",作息亂掉
yuchinjou,Chin 沁柔柔 🦦✨,"抱歉那天不是故意不笑的只是身體不太舒服
不用擔心之後拍片會比較少有我
因為之後工作比較忙碌會少參與之後反骨的影片～～",2024-01-31 00:39,"ฅ՞•ﻌ•՞ฅ 如果愛有溫度你覺得是幾度
✉️joanne7017@gmail.com
YT/沁柔的沁Yuchinjou",作息亂掉
yuchinjou,Chin 沁柔柔 🦦✨,"請問你們聽過最扯的分手理由是什麼
可不可以嚇嚇我
😍😍😍",2024-01-30 16:21,"ฅ՞•ﻌ•՞ฅ 如果愛有溫度你覺得是幾度
✉️joanne7017@gmail.com
YT/沁柔的沁Yuchinjou",作息亂掉
yuchinjou,Chin 沁柔柔 🦦✨,🇯🇵🇯🇵🇯🇵Fuglen好浪漫如果有太陽就更好了！！,2024-01-30 14:54,"ฅ՞•ﻌ•՞ฅ 如果愛有溫度你覺得是幾度
✉️joanne7017@gmail.com
YT/沁柔的沁Yuchinjou",作息亂掉
yuchinjou,Chin 沁柔柔 🦦✨,"Today 去兩家便利商店店員態度差超多
第一間便利商店😀
我今天晚上大概七點去寄貨然後店員超兇
一直罵髒話說他要下班了為什麼還來
還寄這麼多貨什麼的
然後一直劈哩啪啦罵了四次以上
他還罵幹你娘好幾次 我什麼都沒說：）
把我的貨都用丟的然後我跟我員工站在那邊一直說 謝謝辛苦了
臭臉就算了這樣ㄉ態度真的
既然這麼不開心那就不要出來工作了
我假日出來上班還要被陌生人罵
你以為這麼冷我出來寄貨是在玩嗎哈哈哈
你辛苦我也辛苦誰不辛苦
第二間便利商店
我半夜12:00去買宵夜
他對我超好ㄉ看我在那邊找微波按多少
直接幫我拿東西去微波
講話態度很好🥺🥺♥️
看我沒手還主動幫我拿東西拿衛生紙
微波完還叫我小心不要燙到
我回去公司繼續工作真的心情很好欸🥺✨
希望你人生順利開心￼快樂
你的態度決定你的高度
這是真的",2024-01-28 01:55,"ฅ՞•ﻌ•՞ฅ 如果愛有溫度你覺得是幾度
✉️joanne7017@gmail.com
YT/沁柔的沁Yuchinjou",作息亂掉
yuchinjou,Chin 沁柔柔 🦦✨,"以前的我面對問題總是逃避
後來發現強者
總是主動面對
在問題來臨時
告訴自己
是我自己選擇的
必須解決問題
我知道自己缺乏什麼歷練
如果可以面對處理各種問題
那說明我們都進步了",2024-01-26 20:54,"ฅ՞•ﻌ•՞ฅ 如果愛有溫度你覺得是幾度
✉️joanne7017@gmail.com
YT/沁柔的沁Yuchinjou",作息亂掉
yuchinjou,Chin 沁柔柔 🦦✨,"為了拍業配五度在日本海邊穿短袖跟短裙
回想起來覺得自己很強🤣🤣🤣
每年都在夏天拍冬裝
冬天拍夏裝",2024-01-26 18:02,"ฅ՞•ﻌ•՞ฅ 如果愛有溫度你覺得是幾度
✉️joanne7017@gmail.com
YT/沁柔的沁Yuchinjou",作息亂掉
yuchinjou,Chin 沁柔柔 🦦✨,醋飯天條喔,2024-01-26 15:04,"ฅ՞•ﻌ•՞ฅ 如果愛有溫度你覺得是幾度
✉️joanne7017@gmail.com
YT/沁柔的沁Yuchinjou",作息亂掉
yuchinjou,Chin 沁柔柔 🦦✨,"我真的好愛喝飲料你們都愛喝哪家店的什麼飲料啊推薦給我拜託
我手搖成癮🤣🤣🥤🥤
現在飲料店ㄉ小編都好會經營
請問是去哪裡請的我也需要請一個",2024-01-25 13:03,"ฅ՞•ﻌ•՞ฅ 如果愛有溫度你覺得是幾度
✉️joanne7017@gmail.com
YT/沁柔的沁Yuchinjou",作息亂掉
yuchinjou,Chin 沁柔柔 🦦✨,"很多人問我紫米奶茶哪裡買
我最近都買comebuy 🥤
有人有推薦ㄉ手搖熱飲麻煩推薦給我我好愛
順便提 🍇🍇
我身上的外套官網有賣現貨馬上出貨
最近ㄉ天氣我不想讓你冷到 
只有外套是現貨喔！！如果預購商品還是要等",2024-01-25 12:06,"ฅ՞•ﻌ•՞ฅ 如果愛有溫度你覺得是幾度
✉️joanne7017@gmail.com
YT/沁柔的沁Yuchinjou",作息亂掉
yuchinjou,Chin 沁柔柔 🦦✨,"現在有人已經進化到
不管事實是什麼講就對了嗎🤣🤣
之前有個社群上
有人說
柔柔承認自己有整鼻子哦
然後下面開始狂討論在哪間醫院哈哈哈哈
？？就沒有 
要逼我到什麼地步 自己都覺得很好笑ㄌ🤣
我沒有不開心哦我只是一開始很疑惑
到後來都覺得很好笑了
又沒多挺怎麼能一直被誤會",2024-01-25 11:58,"ฅ՞•ﻌ•՞ฅ 如果愛有溫度你覺得是幾度
✉️joanne7017@gmail.com
YT/沁柔的沁Yuchinjou",作息亂掉
yuchinjou,Chin 沁柔柔 🦦✨,我的羽絨衣真漂亮😍😍😍,2024-01-21 19:56,"ฅ՞•ﻌ•՞ฅ 如果愛有溫度你覺得是幾度
✉️joanne7017@gmail.com
YT/沁柔的沁Yuchinjou",作息亂掉
yuchinjou,Chin 沁柔柔 🦦✨,"用心接受一切
包容一切
世界好不好不關我的事
我很棒
每天早上請自己誇獎自己
共勉之",2024-01-21 01:14,"ฅ՞•ﻌ•՞ฅ 如果愛有溫度你覺得是幾度
✉️joanne7017@gmail.com
YT/沁柔的沁Yuchinjou",作息亂掉
drtai.casual,太醫日常∣中醫職人∣風格∣觀點,"米蘭四天班的代價
高空、時差、壓力、作息不規律
造成空服員的健康普遍欠佳：
1. 生理時鐘亂掉 睡眠問題嚴重
2.穿跟鞋久站 腿部水腫 、靜脈曲張
3.推餐車和搬行李 腰椎、頸椎提早退化
4.壓力大內分泌失調 月經不準時、生理痛嚴重
5.機艙內密閉且低濕 易感冒、鼻竇炎、皮膚乾燥
7.無法放鬆吃飯 胃脹氣、胃酸逆流、便秘
8.心情容易煩躁焦慮、情緒起伏大
（這還不包含不合理的職場文化和制度）🥲",2025-10-13 19:16,"日更。
有趣的東西都在IG限動😍
🌿 大高雄中醫師公會理事｜陽明馬光中醫
📝 Bazaar專欄作家@harpersbazaar_tw",作息亂掉
drtai.casual,太醫日常∣中醫職人∣風格∣觀點,"不舉的真相 竟然是「這裡」太緊繃
年過三十的友人來調睡眠和體力
職場上很衝 床上ㄞㄞ卻衝不起來
吃過各種壯陽藥 沒感覺還頭痛
把脈把到壓力大 用了舒壓的藥材
工作時的專注力、情緒穩定都回來了😌
軟爛的部分也跟著不藥而癒～",2025-10-11 12:13,"日更。
有趣的東西都在IG限動😍
🌿 大高雄中醫師公會理事｜陽明馬光中醫
📝 Bazaar專欄作家@harpersbazaar_tw",作息亂掉
drtai.casual,太醫日常∣中醫職人∣風格∣觀點,"記得問清楚中藥飯前吃還是飯後吃🍚：
補體力、養胃、壯陽的藥材
或治療肚子以下的問題（如腸胃、肝腎
建議飯前空腹吃、沒有食物干擾，藥效最好
藥性較強、藥味苦、寒涼藥
或治療胸膈以上的問題（如心肺、感冒
建議飯後才吃、緩衝藥物對胃的刺激",2025-10-10 15:48,"日更。
有趣的東西都在IG限動😍
🌿 大高雄中醫師公會理事｜陽明馬光中醫
📝 Bazaar專欄作家@harpersbazaar_tw",作息亂掉
drtai.casual,太醫日常∣中醫職人∣風格∣觀點,"容易過敏的地雷食物💥💥：
1. 生的番茄、茄子
2.生的香菇
3.麩質(小麥、大麥)
4.發酵、醃製(酸菜、泡菜、起司）
5.加工防腐劑(果乾、筍乾、榨菜、酒)
6.香料(薄荷、肉桂、咖哩粉)
酒後頭痛、起酒疹和添加的亞硫酸鹽有關！！
⋯⋯改喝自然酒🥹",2025-10-09 12:34,"日更。
有趣的東西都在IG限動😍
🌿 大高雄中醫師公會理事｜陽明馬光中醫
📝 Bazaar專欄作家@harpersbazaar_tw",作息亂掉
drtai.casual,太醫日常∣中醫職人∣風格∣觀點,"小心掉入酒精陷阱🫣：
1. 台灣人是全世界喝酒臉紅第一名
2.喝酒臉紅是缺乏ALDH2基因、不是酒量好
3.只喝一點點也會增加食道癌、肝癌風險
4.酒精中組織胺引起酒疹、蕁麻疹、鼻子過敏
5.啤酒的原料麥子、啤酒花，容易引起過敏
6.釀酒加入的防腐劑亞硫酸鹽會引起氣喘和頭痛
7.中醫說酒類很濕，腸胃差、月經不舒服要少喝",2025-10-06 21:55,"日更。
有趣的東西都在IG限動😍
🌿 大高雄中醫師公會理事｜陽明馬光中醫
📝 Bazaar專欄作家@harpersbazaar_tw",作息亂掉
drtai.casual,太醫日常∣中醫職人∣風格∣觀點,"中秋禁忌，遠離生病靠這些😌：
1. 秋天氣血收斂，避免流汗過多、損傷氣血
2.辛辣、烤炸食物吃多，容易助燥上火
3.多吃蔬菜、五穀，用膳食纖維平衡烤肉
4.早睡早起，舒展肺氣、預防感冒
5.月餅熱量高，搭配解膩消脂的茶飲
6.柚子屬寒性，久咳、胃痛不可多吃
7.流感好發，按摩足三里、合谷穴增強抵抗力",2025-10-05 21:34,"日更。
有趣的東西都在IG限動😍
🌿 大高雄中醫師公會理事｜陽明馬光中醫
📝 Bazaar專欄作家@harpersbazaar_tw",作息亂掉
drtai.casual,太醫日常∣中醫職人∣風格∣觀點,"年輕人才有的特徵👀：
1. 深度且高品質的睡眠，不會在清晨提早醒來
2.肌耐力、心肺功能佳，不會動一下就喘、肌少症
3.代謝好、身體水分多；老人的脂肪比例高
4.免疫協調、生病很快好；老人常感冒、慢性發炎
5.疲勞恢復、傷口癒合的速度比老人快
6.老人家常常一變天就筋骨酸痛
7.較強的好奇心、執行力，願意改變和創新
8.探索自己的社會角色和身份認同、社交較積極",2025-10-04 11:03,"日更。
有趣的東西都在IG限動😍
🌿 大高雄中醫師公會理事｜陽明馬光中醫
📝 Bazaar專欄作家@harpersbazaar_tw",作息亂掉
drtai.casual,太醫日常∣中醫職人∣風格∣觀點,"讀大學的妹妹最近剛分手 來看睡眠問題
給她吃了會變開心、變好睡的中藥
回診說胸部變大了 原本的內衣穿不下😅",2025-10-01 23:42,"日更。
有趣的東西都在IG限動😍
🌿 大高雄中醫師公會理事｜陽明馬光中醫
📝 Bazaar專欄作家@harpersbazaar_tw",作息亂掉
drtai.casual,太醫日常∣中醫職人∣風格∣觀點,"越睡越累的初老症狀😪：
1. 躺床超過30分鐘還沒睡著
2.睡睡醒醒、醒了就很難再睡著
3.有做夢的感覺(不一定記得內容)、起床很累
4.比預定的時間還早起、很難再睡著
5.輪班的夜間工作者、睡到中午或下午還是累
6.有睡沒有飽、白天一直想睡覺",2025-09-30 23:45,"日更。
有趣的東西都在IG限動😍
🌿 大高雄中醫師公會理事｜陽明馬光中醫
📝 Bazaar專欄作家@harpersbazaar_tw",作息亂掉
drtai.casual,太醫日常∣中醫職人∣風格∣觀點,"連蔡依林都中招的帶狀皰疹 千萬要小心👀：
1. 年輕人也會得皮蛇，常熬夜、過勞
2.初期會疼痛、癢，被誤以為是痠痛和過敏
3.飛沫、空氣傳染，別用手摸破水泡
4.有些人會留下後遺症，疼痛持續好幾個月
5.黃金治療期72小時
6.免疫力降低容易復發
7.疫苗是最有效的預防，建議50歲以上要打
8.吃維他命C、B群、鋅，幫助神經修復",2025-09-29 21:43,"日更。
有趣的東西都在IG限動😍
🌿 大高雄中醫師公會理事｜陽明馬光中醫
📝 Bazaar專欄作家@harpersbazaar_tw",作息亂掉
dxjsnx_,江芷蕓,1.51 作息亂掉整個睡不著,2025-02-18 01:51,很愛睡覺的人,作息亂掉
dxjsnx_,江芷蕓,立定跳遠就不應該存在^ ^,2025-02-18 01:46,很愛睡覺的人,作息亂掉
dxjsnx_,江芷蕓,今年的情人節在麻將桌上度過,2025-02-16 00:33,很愛睡覺的人,作息亂掉
dxjsnx_,江芷蕓,揪團去拜,2025-02-14 18:46,很愛睡覺的人,作息亂掉
dxjsnx_,江芷蕓,生理期來的每一天都只想攤在床上,2025-02-13 04:20,很愛睡覺的人,作息亂掉
dxjsnx_,江芷蕓,幹沒中 戒賭,2025-02-12 17:41,很愛睡覺的人,作息亂掉
dxjsnx_,江芷蕓,放在這裡 感覺蠻需要拜一下,2025-02-12 02:47,很愛睡覺的人,作息亂掉
dxjsnx_,江芷蕓,最近又想衝台南 有人要一起嗎,2025-02-11 20:20,很愛睡覺的人,作息亂掉
dxjsnx_,江芷蕓,幹夜通搶到兩個 超爽,2025-02-11 13:03,很愛睡覺的人,作息亂掉
dxjsnx_,江芷蕓,情人節永遠和我無關。,2025-02-09 23:50,很愛睡覺的人,作息亂掉
dxjsnx_,江芷蕓,手機壞掉一整天重點人不在台灣、、,2025-02-05 22:08,很愛睡覺的人,作息亂掉
0306w_,吳承謙🦒,"作息亂掉了 好煩
最近很不對 好煩
不想再考試 好煩
想要讀國考 好煩",2024-05-27 02:10,"我只是塊會呼吸吐氣的肉
對不起版面幾乎只剩下貓",作息亂掉
0306w_,吳承謙🦒,好,2024-05-27 01:35,"我只是塊會呼吸吐氣的肉
對不起版面幾乎只剩下貓",作息亂掉
0306w_,吳承謙🦒,"最近有點emo 就很想去看海
但還是只能在家乖乖讀書🤡",2024-05-25 19:59,"我只是塊會呼吸吐氣的肉
對不起版面幾乎只剩下貓",作息亂掉
0306w_,吳承謙🦒,"Bio-psycho-social model
除了仇恨之外，真的還有更重要的事😔",2024-05-21 23:39,"我只是塊會呼吸吐氣的肉
對不起版面幾乎只剩下貓",作息亂掉
0306w_,吳承謙🦒,"過了半年 上家教還是那麼厭世
520為什麼我一個人在家吃自己😔",2024-05-20 20:19,"我只是塊會呼吸吐氣的肉
對不起版面幾乎只剩下貓",作息亂掉
0306w_,吳承謙🦒,如何成為一個有質感的男性,2024-05-19 22:01,"我只是塊會呼吸吐氣的肉
對不起版面幾乎只剩下貓",作息亂掉
0306w_,吳承謙🦒,"不嘻嘻 不開心
封閉自己話都說給自己聽",2024-05-17 00:30,"我只是塊會呼吸吐氣的肉
對不起版面幾乎只剩下貓",作息亂掉
0306w_,吳承謙🦒,"沒多久前下載了BeReal 因為看吳佳諺很愛發
不太懂他到底是怎麼運作 有時候想發還不讓發
總之後來就是他叫我發我就馬上發
都很期待他叫我發的那個時刻 就真的很real
結果幾乎每篇都是這個視角 
這照片大家會不會對不上我其他張照片 覺得不同人
阿但我現在裡面的好友一隻手數得完",2024-05-15 00:00,"我只是塊會呼吸吐氣的肉
對不起版面幾乎只剩下貓",作息亂掉
0306w_,吳承謙🦒,"我最最最最最愛的阿嬤今天生日
我要把我這輩子剩下的所有願望都許給她
希望她永遠健康 健康的看到我變成有用的大人",2024-05-14 21:51,"我只是塊會呼吸吐氣的肉
對不起版面幾乎只剩下貓",作息亂掉
0306w_,吳承謙🦒,"母親節那天路上看到
牽手手過馬路的阿公阿嬤 忍不住拍下來",2024-05-14 00:19,"我只是塊會呼吸吐氣的肉
對不起版面幾乎只剩下貓",作息亂掉
oishong,林世,"前陣子逛寶雅
好好喝，一組喝完有感。
1:1比例，完全沒酒味。
今年檢討與去年
還是很常喝酒捏
最近又看到摳斯摳有cp超高的龍舌蘭
啊嘶",2025-10-15 22:57,"小札記著自己的頹靡
給未來的我",作息亂掉
oishong,林世,"老闆今天又在碎念
工事上有個小缺失沒做好
我跟新人剛好在旁邊
老闆：這個怎麼沒處理乾淨，這個打除的下來啊。
（我白目的故意搭話，火力預估會引到我身上，雖然不是我負責的）
😩：可能不小心沒注意到。
老闆：下次要注意%#@$…
其實不在乎老闆的觀感，只是在乎新同事能不能交陪。
看著新人都沒說話，也沒承認沒處理好。
默默覺得考驗了人心一次。
突然失眠，半夜不要想工作事情。",2025-10-14 03:23,"小札記著自己的頹靡
給未來的我",作息亂掉
chen_jian_dao,道,"恭喜我退伍🎉
分享一下這四個月的點點滴滴
新訓真的很硬，火力連的女班長每天鬼吼鬼叫，有跑不完的單戰跟遠的要死的靶場
幸好遇到一群很講義氣的弟兄，生活中互相扶持，每天嬉皮笑臉偶爾被電到飛起來，挺充實的
鑑測前一週阿嬤去當天使，喪假沒辦法請，頂著悲傷的心情把一個禮拜的測驗熬完
鑑測成績全營第一，阿嬤妳有看到吧😇
下部隊到屏東三三三旅
也是一個很硬的單位，天氣很熱、伙食不錯
分配到保修連滿涼的，出一些很鳥的公差，每天過著很規律的生活
突然被旅部調去支援待命班大門站哨，噩夢的開始
每天兩班哨，假日要留守，有一班一定是夜哨，全副武裝，站哨除外還有一堆勤務，作息整個亂掉
待命班其他單位的志願役每天都在搞事，國旗掉下來、軍旗掛反、旅長進來大聲問那是誰…
最衰的是遇到凱米颱風，雨衣真的只是裝飾用的，哨所的棚架被吹翻，拒馬被吹去撞斷監視器，這一個禮拜心態真的是在崩潰邊緣
現在回想起來，經歷過一些痛苦的事情才叫人生吧哈哈哈，媽的狗屎💩
感謝
137的弟兄
李小姐
🫶🫶",2024-08-02 18:36,"𝗝𝗗
台南陳09
Honda Cars歸仁店銷售顧問
本田新車/二手車/保險/專業法律諮詢",作息亂掉
blackcatboss0126,I won’t apologize for being myself,"前陣子因為生病，時常無法好好睡覺
導致目前作息亂掉，有沒有能安穩入睡的好方法",2025-11-12 22:09,"我是有時樂觀有時悲觀常常發瘋的水瓶女人
喜歡吉伊卡哇、自嘲熊、鬼滅之刃、來自深淵
基本上都是發吉伊卡哇，有時自戀，發發我自己",作息亂掉
blackcatboss0126,I won’t apologize for being myself,心情不好，也還是要好好吃飯,2025-11-12 17:41,"我是有時樂觀有時悲觀常常發瘋的水瓶女人
喜歡吉伊卡哇、自嘲熊、鬼滅之刃、來自深淵
基本上都是發吉伊卡哇，有時自戀，發發我自己",作息亂掉
blackcatboss0126,I won’t apologize for being myself,"［圖文不符］
一直滑到那種超級美女超級帥哥
說著自己沒人要，我其實挺問號的",2025-11-12 12:37,"我是有時樂觀有時悲觀常常發瘋的水瓶女人
喜歡吉伊卡哇、自嘲熊、鬼滅之刃、來自深淵
基本上都是發吉伊卡哇，有時自戀，發發我自己",作息亂掉
blackcatboss0126,I won’t apologize for being myself,因為喜歡貓咪，所以一開始喜歡小八，後來看了動畫，也喜歡兔兔，看了小島篇，也喜歡吉伊，後來陸續三小隻都有收，現在比較冷靜了，發現小八的壞笑跟牙齒，是我的最愛,2025-11-12 09:28,"我是有時樂觀有時悲觀常常發瘋的水瓶女人
喜歡吉伊卡哇、自嘲熊、鬼滅之刃、來自深淵
基本上都是發吉伊卡哇，有時自戀，發發我自己",作息亂掉
blackcatboss0126,I won’t apologize for being myself,上班路上沒有狂風暴雨，真是太好了,2025-11-12 07:44,"我是有時樂觀有時悲觀常常發瘋的水瓶女人
喜歡吉伊卡哇、自嘲熊、鬼滅之刃、來自深淵
基本上都是發吉伊卡哇，有時自戀，發發我自己",作息亂掉
blackcatboss0126,I won’t apologize for being myself,請跟小八說：晚安,2025-11-11 23:38,"我是有時樂觀有時悲觀常常發瘋的水瓶女人
喜歡吉伊卡哇、自嘲熊、鬼滅之刃、來自深淵
基本上都是發吉伊卡哇，有時自戀，發發我自己",作息亂掉
blackcatboss0126,I won’t apologize for being myself,懊惱的特寫,2025-11-11 15:15,"我是有時樂觀有時悲觀常常發瘋的水瓶女人
喜歡吉伊卡哇、自嘲熊、鬼滅之刃、來自深淵
基本上都是發吉伊卡哇，有時自戀，發發我自己",作息亂掉
blackcatboss0126,I won’t apologize for being myself,因為今天本來就請了特休，所以有沒有颱風假根本無所謂的我,2025-11-11 13:36,"我是有時樂觀有時悲觀常常發瘋的水瓶女人
喜歡吉伊卡哇、自嘲熊、鬼滅之刃、來自深淵
基本上都是發吉伊卡哇，有時自戀，發發我自己",作息亂掉
blackcatboss0126,I won’t apologize for being myself,"頭貼+手機桌布，喜歡自取
喜歡吉伊卡哇的歡迎追蹤我
如果你分享慾很強，也可以來互動互動",2025-11-11 08:25,"我是有時樂觀有時悲觀常常發瘋的水瓶女人
喜歡吉伊卡哇、自嘲熊、鬼滅之刃、來自深淵
基本上都是發吉伊卡哇，有時自戀，發發我自己",作息亂掉
blackcatboss0126,I won’t apologize for being myself,"10月份
第一週手過敏
第二週胃痛
第三週A型流感
第四週生理期
現在作息整個很亂，這時間還睡不著
只求11月身體健康",2025-11-11 01:20,"我是有時樂觀有時悲觀常常發瘋的水瓶女人
喜歡吉伊卡哇、自嘲熊、鬼滅之刃、來自深淵
基本上都是發吉伊卡哇，有時自戀，發發我自己",作息亂掉
blackcatboss0126,I won’t apologize for being myself,配上小八這表情動作，很適合這段話，喜歡的請自取,2025-11-10 21:42,"我是有時樂觀有時悲觀常常發瘋的水瓶女人
喜歡吉伊卡哇、自嘲熊、鬼滅之刃、來自深淵
基本上都是發吉伊卡哇，有時自戀，發發我自己",作息亂掉
blackcatboss0126,I won’t apologize for being myself,"［圖文不符］
自從家裡出了一些事情之後
我發現自己最大的改變是：誰死了，我都不會有感覺",2025-11-10 19:00,"我是有時樂觀有時悲觀常常發瘋的水瓶女人
喜歡吉伊卡哇、自嘲熊、鬼滅之刃、來自深淵
基本上都是發吉伊卡哇，有時自戀，發發我自己",作息亂掉
blackcatboss0126,I won’t apologize for being myself,星期一，真的是藍色的,2025-11-10 16:41,"我是有時樂觀有時悲觀常常發瘋的水瓶女人
喜歡吉伊卡哇、自嘲熊、鬼滅之刃、來自深淵
基本上都是發吉伊卡哇，有時自戀，發發我自己",作息亂掉
blackcatboss0126,I won’t apologize for being myself,最近比較少買娃，但這隻我沒忍住,2025-11-10 14:42,"我是有時樂觀有時悲觀常常發瘋的水瓶女人
喜歡吉伊卡哇、自嘲熊、鬼滅之刃、來自深淵
基本上都是發吉伊卡哇，有時自戀，發發我自己",作息亂掉
blackcatboss0126,I won’t apologize for being myself,截到一張超級可愛的,2025-11-10 12:26,"我是有時樂觀有時悲觀常常發瘋的水瓶女人
喜歡吉伊卡哇、自嘲熊、鬼滅之刃、來自深淵
基本上都是發吉伊卡哇，有時自戀，發發我自己",作息亂掉
blackcatboss0126,I won’t apologize for being myself,這裡最討厭的就是，到哪留言都有足跡....,2025-11-10 10:45,"我是有時樂觀有時悲觀常常發瘋的水瓶女人
喜歡吉伊卡哇、自嘲熊、鬼滅之刃、來自深淵
基本上都是發吉伊卡哇，有時自戀，發發我自己",作息亂掉
blackcatboss0126,I won’t apologize for being myself,這部我一直不敢去看，我怕我看了哭死，畢竟我遇不到這麼好的男人,2025-11-10 09:53,"我是有時樂觀有時悲觀常常發瘋的水瓶女人
喜歡吉伊卡哇、自嘲熊、鬼滅之刃、來自深淵
基本上都是發吉伊卡哇，有時自戀，發發我自己",作息亂掉
blackcatboss0126,I won’t apologize for being myself,這則留言莫名其妙好多人按愛心,2025-11-10 09:13,"我是有時樂觀有時悲觀常常發瘋的水瓶女人
喜歡吉伊卡哇、自嘲熊、鬼滅之刃、來自深淵
基本上都是發吉伊卡哇，有時自戀，發發我自己",作息亂掉
blackcatboss0126,I won’t apologize for being myself,這懊惱的樣子，好可愛,2025-11-10 09:10,"我是有時樂觀有時悲觀常常發瘋的水瓶女人
喜歡吉伊卡哇、自嘲熊、鬼滅之刃、來自深淵
基本上都是發吉伊卡哇，有時自戀，發發我自己",作息亂掉
blackcatboss0126,I won’t apologize for being myself,"［圖文不符］
雨聲落在窗沿
像是在替夜色譜曲
寒意緩緩滲進指尖
卻被思念悄悄溫熱
只要想起你
風都變得柔軟
連這場雨，也下得溫柔",2025-11-10 06:44,"我是有時樂觀有時悲觀常常發瘋的水瓶女人
喜歡吉伊卡哇、自嘲熊、鬼滅之刃、來自深淵
基本上都是發吉伊卡哇，有時自戀，發發我自己",作息亂掉
blackcatboss0126,I won’t apologize for being myself,"每天一張直到我離職Day......
算了，我是小廢物，離職不了
根本不知道自己未來能做什麼
之後就正常發文，以上，謝謝",2025-11-10 00:03,"我是有時樂觀有時悲觀常常發瘋的水瓶女人
喜歡吉伊卡哇、自嘲熊、鬼滅之刃、來自深淵
基本上都是發吉伊卡哇，有時自戀，發發我自己",作息亂掉
blackcatboss0126,I won’t apologize for being myself,"我真的很多吉伊卡哇的圖
但有時候我也想配一些無關的文案
所以....
末日將至，城市崩碎，
你失去原本的模樣。
可我仍會站在你身旁，
哪怕前路無光，
哪怕我們都回不去了——
我也不會放開你。",2025-11-09 23:36,"我是有時樂觀有時悲觀常常發瘋的水瓶女人
喜歡吉伊卡哇、自嘲熊、鬼滅之刃、來自深淵
基本上都是發吉伊卡哇，有時自戀，發發我自己",作息亂掉
blackcatboss0126,I won’t apologize for being myself,嘴巴,2025-11-09 19:52,"我是有時樂觀有時悲觀常常發瘋的水瓶女人
喜歡吉伊卡哇、自嘲熊、鬼滅之刃、來自深淵
基本上都是發吉伊卡哇，有時自戀，發發我自己",作息亂掉
blackcatboss0126,I won’t apologize for being myself,沒錯啦~~~~,2025-11-09 12:45,"我是有時樂觀有時悲觀常常發瘋的水瓶女人
喜歡吉伊卡哇、自嘲熊、鬼滅之刃、來自深淵
基本上都是發吉伊卡哇，有時自戀，發發我自己",作息亂掉
blackcatboss0126,I won’t apologize for being myself,有沒有人懂，這張有多萌？,2025-11-09 11:07,"我是有時樂觀有時悲觀常常發瘋的水瓶女人
喜歡吉伊卡哇、自嘲熊、鬼滅之刃、來自深淵
基本上都是發吉伊卡哇，有時自戀，發發我自己",作息亂掉
blackcatboss0126,I won’t apologize for being myself,I人哭哭,2025-11-09 10:09,"我是有時樂觀有時悲觀常常發瘋的水瓶女人
喜歡吉伊卡哇、自嘲熊、鬼滅之刃、來自深淵
基本上都是發吉伊卡哇，有時自戀，發發我自己",作息亂掉
blackcatboss0126,I won’t apologize for being myself,"神掐斷我的翅膀
可你替我撫平血口
我躺在你膝上
像個被溫柔收養的罪人
只盼你在審判前
再說一次愛我",2025-11-09 07:17,"我是有時樂觀有時悲觀常常發瘋的水瓶女人
喜歡吉伊卡哇、自嘲熊、鬼滅之刃、來自深淵
基本上都是發吉伊卡哇，有時自戀，發發我自己",作息亂掉
blackcatboss0126,I won’t apologize for being myself,"還有兩個多月就34歲生日了
我已經在思考要怎麼過生日
目前在想
買一些氣球、假生日蛋糕
直接在家裡佈置一下，自拍一組生日寫真
然後可能會奢侈一下，找個到府化妝+美甲
［死不出門High的女人］",2025-11-09 00:50,"我是有時樂觀有時悲觀常常發瘋的水瓶女人
喜歡吉伊卡哇、自嘲熊、鬼滅之刃、來自深淵
基本上都是發吉伊卡哇，有時自戀，發發我自己",作息亂掉
blackcatboss0126,I won’t apologize for being myself,每天一張直到我離職Day116,2025-11-09 00:19,"我是有時樂觀有時悲觀常常發瘋的水瓶女人
喜歡吉伊卡哇、自嘲熊、鬼滅之刃、來自深淵
基本上都是發吉伊卡哇，有時自戀，發發我自己",作息亂掉
blackcatboss0126,I won’t apologize for being myself,烏拉~,2025-11-08 22:01,"我是有時樂觀有時悲觀常常發瘋的水瓶女人
喜歡吉伊卡哇、自嘲熊、鬼滅之刃、來自深淵
基本上都是發吉伊卡哇，有時自戀，發發我自己",作息亂掉
blackcatboss0126,I won’t apologize for being myself,每天一張直到我離職Day113,2025-11-06 08:06,"我是有時樂觀有時悲觀常常發瘋的水瓶女人
喜歡吉伊卡哇、自嘲熊、鬼滅之刃、來自深淵
基本上都是發吉伊卡哇，有時自戀，發發我自己",作息亂掉
blackcatboss0126,I won’t apologize for being myself,每天一張直到我離職Day112,2025-11-05 09:06,"我是有時樂觀有時悲觀常常發瘋的水瓶女人
喜歡吉伊卡哇、自嘲熊、鬼滅之刃、來自深淵
基本上都是發吉伊卡哇，有時自戀，發發我自己",作息亂掉
blackcatboss0126,I won’t apologize for being myself,太久沒做大頭貼,2025-11-05 01:46,"我是有時樂觀有時悲觀常常發瘋的水瓶女人
喜歡吉伊卡哇、自嘲熊、鬼滅之刃、來自深淵
基本上都是發吉伊卡哇，有時自戀，發發我自己",作息亂掉
blackcatboss0126,I won’t apologize for being myself,每天一張直到我離職Day111,2025-11-04 07:42,"我是有時樂觀有時悲觀常常發瘋的水瓶女人
喜歡吉伊卡哇、自嘲熊、鬼滅之刃、來自深淵
基本上都是發吉伊卡哇，有時自戀，發發我自己",作息亂掉
blackcatboss0126,I won’t apologize for being myself,每天一張直到我離職Day110,2025-11-03 09:05,"我是有時樂觀有時悲觀常常發瘋的水瓶女人
喜歡吉伊卡哇、自嘲熊、鬼滅之刃、來自深淵
基本上都是發吉伊卡哇，有時自戀，發發我自己",作息亂掉
blackcatboss0126,I won’t apologize for being myself,每天一張直到我離職Day109,2025-11-02 19:32,"我是有時樂觀有時悲觀常常發瘋的水瓶女人
喜歡吉伊卡哇、自嘲熊、鬼滅之刃、來自深淵
基本上都是發吉伊卡哇，有時自戀，發發我自己",作息亂掉
blackcatboss0126,I won’t apologize for being myself,每天一張直到我離職Day108,2025-11-01 10:08,"我是有時樂觀有時悲觀常常發瘋的水瓶女人
喜歡吉伊卡哇、自嘲熊、鬼滅之刃、來自深淵
基本上都是發吉伊卡哇，有時自戀，發發我自己",作息亂掉
blackcatboss0126,I won’t apologize for being myself,每天一張直到我離職Day107,2025-10-31 08:45,"我是有時樂觀有時悲觀常常發瘋的水瓶女人
喜歡吉伊卡哇、自嘲熊、鬼滅之刃、來自深淵
基本上都是發吉伊卡哇，有時自戀，發發我自己",作息亂掉
blackcatboss0126,I won’t apologize for being myself,每天一張直到我離職Day106,2025-10-30 10:36,"我是有時樂觀有時悲觀常常發瘋的水瓶女人
喜歡吉伊卡哇、自嘲熊、鬼滅之刃、來自深淵
基本上都是發吉伊卡哇，有時自戀，發發我自己",作息亂掉
amonj.12,鄭溫蒂,今天是我作息亂掉的第二天😅,2025-11-26 21:31,日記本📓,作息亂掉
amonj.12,鄭溫蒂,"太可愛了！！！！！！！
還好有買kitty honda聯名吊飾",2025-11-26 21:29,日記本📓,作息亂掉
amonj.12,鄭溫蒂,我好累！！,2025-11-26 09:41,日記本📓,作息亂掉
amonj.12,鄭溫蒂,"換了一個頭貼
給生活一拳👊🏻",2025-11-26 00:55,日記本📓,作息亂掉
amonj.12,鄭溫蒂,"我今天去點一沐日
點餐前一直在看菜單那個九層塔奶蓋覺得很怪
結果店員問我要喝什麼
我：一個九層塔
又被自己蠢到了",2025-11-25 22:57,日記本📓,作息亂掉
amonj.12,鄭溫蒂,覺得男生美式刺青真的帥到不行,2025-11-25 20:25,日記本📓,作息亂掉
amonj.12,鄭溫蒂,喜歡到不行💗我愛招財貓奇奇,2025-11-23 00:03,日記本📓,作息亂掉
amonj.12,鄭溫蒂,"最近長得很像一隻偷感很重的勞贖
然後一直講一些傻逼話
：就是..你沒有辦法遮黑眼圈的話就會看起來..有黑眼圈",2025-11-22 14:55,日記本📓,作息亂掉
amonj.12,鄭溫蒂,這太強了,2025-11-21 00:34,日記本📓,作息亂掉
amonj.12,鄭溫蒂,敢不敢開始讀書不要滑手機了,2025-11-21 00:18,日記本📓,作息亂掉
amonj.12,鄭溫蒂,💗💗,2025-11-21 00:16,日記本📓,作息亂掉
amonj.12,鄭溫蒂,"Kitty 展比我想的好玩太多了
而且店員都很會拍
彤說那邊很紅所以要dress code黑黑的
我們直接加入烏鴉族",2025-11-21 00:14,日記本📓,作息亂掉
amonj.12,鄭溫蒂,就算我戴起來很像一個滷蛋我還是會購入的,2025-11-20 23:44,日記本📓,作息亂掉
amonj.12,鄭溫蒂,雖然拿到nana 聯名海報就好滿足了但好想要那一本🥲,2025-11-18 18:51,日記本📓,作息亂掉
amonj.12,鄭溫蒂,這姿勢也太拐了吧,2025-11-18 00:19,日記本📓,作息亂掉
amonj.12,鄭溫蒂,"為什麼小貓不會打蚊子！我要瘋了
請求支援🥲🥲",2025-11-17 01:44,日記本📓,作息亂掉
amonj.12,鄭溫蒂,一些有好好生活的證明,2025-11-15 19:04,日記本📓,作息亂掉
amonj.12,鄭溫蒂,上次買完stussy在想要不要購入一頂matin Kim 冷帽,2025-11-15 18:25,日記本📓,作息亂掉
kar1kaze303,紀影,"作息亂掉真的很靠杯
我現在是要出門還是睡覺
出門沒多久就會睏了 啥事也做不了",2025-10-13 06:54,月が綺麗ですね,作息亂掉
kar1kaze303,紀影,好想要有人說我已經很努力的活著了,2025-10-11 06:34,月が綺麗ですね,作息亂掉
kar1kaze303,紀影,"玩中二玩到世界計畫直覺用擦的全掉
這輩子有了",2025-10-11 03:38,月が綺麗ですね,作息亂掉
kar1kaze303,紀影,"有容貌焦慮的人其實都長得很好看==
我已經醜到不用焦慮了",2025-10-10 07:40,月が綺麗ですね,作息亂掉
kar1kaze303,紀影,超愛臥蠶 誰懂,2025-10-08 06:16,月が綺麗ですね,作息亂掉
kar1kaze303,紀影,"現在還沒睡
聽到外面有雞叫聲有多絕望 天都還沒亮",2025-10-06 04:44,月が綺麗ですね,作息亂掉
kar1kaze303,紀影,才玩六天 誰陪我玩舞萌中二好不好,2025-10-03 13:54,月が綺麗ですね,作息亂掉
apshih,シイ🍎Shih,"從週六開始食物作息亂掉
整個週末沒吃醫院藥
今天白天的也沒吃到",2025-11-18 02:52,"立志成為hololive非官方大使 
.
❶市井小民の流水帳兼宅窄小窩
❷📢⚠️大聲的巨量🫁話+不定時負能量
❸追V仔🌋ho山孝女／🌈推⚔️、羅浮🐱
❹重網路禮儀｜不認識之異性請有邊界感的意識",作息亂掉
apshih,シイ🍎Shih,"全都是傷心事
一直玩一直輸
得正輕烏龍被送錯…顏色太深了吧….
晚餐好難吃…怎麼能做的這麼沒味道….",2025-11-18 01:37,"立志成為hololive非官方大使 
.
❶市井小民の流水帳兼宅窄小窩
❷📢⚠️大聲的巨量🫁話+不定時負能量
❸追V仔🌋ho山孝女／🌈推⚔️、羅浮🐱
❹重網路禮儀｜不認識之異性請有邊界感的意識",作息亂掉
apshih,シイ🍎Shih,網路又開始發瘋了,2025-11-18 01:31,"立志成為hololive非官方大使 
.
❶市井小民の流水帳兼宅窄小窩
❷📢⚠️大聲的巨量🫁話+不定時負能量
❸追V仔🌋ho山孝女／🌈推⚔️、羅浮🐱
❹重網路禮儀｜不認識之異性請有邊界感的意識",作息亂掉
apshih,シイ🍎Shih,"沒有玩的這麼差過，越玩越煩ㄏㄏ
怎麼玩都爛到爆",2025-11-18 00:19,"立志成為hololive非官方大使 
.
❶市井小民の流水帳兼宅窄小窩
❷📢⚠️大聲的巨量🫁話+不定時負能量
❸追V仔🌋ho山孝女／🌈推⚔️、羅浮🐱
❹重網路禮儀｜不認識之異性請有邊界感的意識",作息亂掉
apshih,シイ🍎Shih,"買了得正結果被送錯🥲🫠（貌似是焙烏龍我不確定
.
因為味道就跟我文中這款一樣喝不下去⋯烏龍味超級重🫠🥲完全不喜歡（但ㄎㄅㄎ推的味道更重）
.
反正就是不愛那類的味道🫠🫠🫠🫠",2025-11-17 22:36,"立志成為hololive非官方大使 
.
❶市井小民の流水帳兼宅窄小窩
❷📢⚠️大聲的巨量🫁話+不定時負能量
❸追V仔🌋ho山孝女／🌈推⚔️、羅浮🐱
❹重網路禮儀｜不認識之異性請有邊界感的意識",作息亂掉
apshih,シイ🍎Shih,"直到面試吃下💊那一刻
感受到野木亞紀子的風格
（作品調性也一直想到last mine",2025-11-17 22:27,"立志成為hololive非官方大使 
.
❶市井小民の流水帳兼宅窄小窩
❷📢⚠️大聲的巨量🫁話+不定時負能量
❸追V仔🌋ho山孝女／🌈推⚔️、羅浮🐱
❹重網路禮儀｜不認識之異性請有邊界感的意識",作息亂掉
apshih,シイ🍎Shih,"本來想要賣掉的衣服
看到有女生穿的好好看⋯
嗯可以再穿一下了🥹",2025-11-17 20:01,"立志成為hololive非官方大使 
.
❶市井小民の流水帳兼宅窄小窩
❷📢⚠️大聲的巨量🫁話+不定時負能量
❸追V仔🌋ho山孝女／🌈推⚔️、羅浮🐱
❹重網路禮儀｜不認識之異性請有邊界感的意識",作息亂掉
apshih,シイ🍎Shih,好想吃水餃好久沒吃水餃,2025-11-17 19:35,"立志成為hololive非官方大使 
.
❶市井小民の流水帳兼宅窄小窩
❷📢⚠️大聲的巨量🫁話+不定時負能量
❸追V仔🌋ho山孝女／🌈推⚔️、羅浮🐱
❹重網路禮儀｜不認識之異性請有邊界感的意識",作息亂掉
apshih,シイ🍎Shih,"我現在真的有害怕看投票跟問答的PTSD到底為什麼
😵‍💫",2025-11-17 18:28,"立志成為hololive非官方大使 
.
❶市井小民の流水帳兼宅窄小窩
❷📢⚠️大聲的巨量🫁話+不定時負能量
❸追V仔🌋ho山孝女／🌈推⚔️、羅浮🐱
❹重網路禮儀｜不認識之異性請有邊界感的意識",作息亂掉
apshih,シイ🍎Shih,"看預覽圖以為是正月裝ㄉ🐶...
youtu.be/C1O_i…",2025-11-17 17:57,"立志成為hololive非官方大使 
.
❶市井小民の流水帳兼宅窄小窩
❷📢⚠️大聲的巨量🫁話+不定時負能量
❸追V仔🌋ho山孝女／🌈推⚔️、羅浮🐱
❹重網路禮儀｜不認識之異性請有邊界感的意識",作息亂掉
apshih,シイ🍎Shih,"ㄎㄅㄎ的新品烏龍真的是不太行⋯
開架的味道都還比較好喝（還好買中杯默默倒掉了",2025-11-17 15:42,"立志成為hololive非官方大使 
.
❶市井小民の流水帳兼宅窄小窩
❷📢⚠️大聲的巨量🫁話+不定時負能量
❸追V仔🌋ho山孝女／🌈推⚔️、羅浮🐱
❹重網路禮儀｜不認識之異性請有邊界感的意識",作息亂掉
apshih,シイ🍎Shih,時間的經驗或多少會幫情緒篩選什麼該說什麼不該,2025-11-17 02:23,"立志成為hololive非官方大使 
.
❶市井小民の流水帳兼宅窄小窩
❷📢⚠️大聲的巨量🫁話+不定時負能量
❸追V仔🌋ho山孝女／🌈推⚔️、羅浮🐱
❹重網路禮儀｜不認識之異性請有邊界感的意識",作息亂掉
apshih,シイ🍎Shih,存,2025-11-17 01:46,"立志成為hololive非官方大使 
.
❶市井小民の流水帳兼宅窄小窩
❷📢⚠️大聲的巨量🫁話+不定時負能量
❸追V仔🌋ho山孝女／🌈推⚔️、羅浮🐱
❹重網路禮儀｜不認識之異性請有邊界感的意識",作息亂掉
apshih,シイ🍎Shih,"信手拈來的爭執
每日需要情緒穩定（1/1）",2025-11-17 01:36,"立志成為hololive非官方大使 
.
❶市井小民の流水帳兼宅窄小窩
❷📢⚠️大聲的巨量🫁話+不定時負能量
❸追V仔🌋ho山孝女／🌈推⚔️、羅浮🐱
❹重網路禮儀｜不認識之異性請有邊界感的意識",作息亂掉
apshih,シイ🍎Shih,"幹我嘴巴合不起來
^^超扯💜💜💜💜💜💜💜",2025-11-16 22:14,"立志成為hololive非官方大使 
.
❶市井小民の流水帳兼宅窄小窩
❷📢⚠️大聲的巨量🫁話+不定時負能量
❸追V仔🌋ho山孝女／🌈推⚔️、羅浮🐱
❹重網路禮儀｜不認識之異性請有邊界感的意識",作息亂掉
apshih,シイ🍎Shih,時間在哪裡友誼就在哪裡,2025-11-16 21:04,"立志成為hololive非官方大使 
.
❶市井小民の流水帳兼宅窄小窩
❷📢⚠️大聲的巨量🫁話+不定時負能量
❸追V仔🌋ho山孝女／🌈推⚔️、羅浮🐱
❹重網路禮儀｜不認識之異性請有邊界感的意識",作息亂掉
apshih,シイ🍎Shih,"累到快死掉是夠格買八曜的程度的但
什麼時候才要開在台北市啊😭",2025-11-16 20:44,"立志成為hololive非官方大使 
.
❶市井小民の流水帳兼宅窄小窩
❷📢⚠️大聲的巨量🫁話+不定時負能量
❸追V仔🌋ho山孝女／🌈推⚔️、羅浮🐱
❹重網路禮儀｜不認識之異性請有邊界感的意識",作息亂掉
apshih,シイ🍎Shih,沒有發問的建議跟故事真的都不需要。,2025-11-16 18:07,"立志成為hololive非官方大使 
.
❶市井小民の流水帳兼宅窄小窩
❷📢⚠️大聲的巨量🫁話+不定時負能量
❸追V仔🌋ho山孝女／🌈推⚔️、羅浮🐱
❹重網路禮儀｜不認識之異性請有邊界感的意識",作息亂掉
apshih,シイ🍎Shih,拖把寶寶,2025-11-16 14:33,"立志成為hololive非官方大使 
.
❶市井小民の流水帳兼宅窄小窩
❷📢⚠️大聲的巨量🫁話+不定時負能量
❸追V仔🌋ho山孝女／🌈推⚔️、羅浮🐱
❹重網路禮儀｜不認識之異性請有邊界感的意識",作息亂掉
apshih,シイ🍎Shih,"醒腦歌（物理
youtu.be/0ZWUd…",2025-11-16 12:21,"立志成為hololive非官方大使 
.
❶市井小民の流水帳兼宅窄小窩
❷📢⚠️大聲的巨量🫁話+不定時負能量
❸追V仔🌋ho山孝女／🌈推⚔️、羅浮🐱
❹重網路禮儀｜不認識之異性請有邊界感的意識",作息亂掉
apshih,シイ🍎Shih,"Vivienne Westwood x Nana🪐🖤
拍貼機好用心⋯🥺時段開放的太少了嗚嗚",2025-11-16 02:54,"立志成為hololive非官方大使 
.
❶市井小民の流水帳兼宅窄小窩
❷📢⚠️大聲的巨量🫁話+不定時負能量
❸追V仔🌋ho山孝女／🌈推⚔️、羅浮🐱
❹重網路禮儀｜不認識之異性請有邊界感的意識",作息亂掉
apshih,シイ🍎Shih,"脆上的智障管好自己就好啦
到別人版面噴是什麼腦殘行為看一個鎖一個",2025-11-16 01:20,"立志成為hololive非官方大使 
.
❶市井小民の流水帳兼宅窄小窩
❷📢⚠️大聲的巨量🫁話+不定時負能量
❸追V仔🌋ho山孝女／🌈推⚔️、羅浮🐱
❹重網路禮儀｜不認識之異性請有邊界感的意識",作息亂掉
apshih,シイ🍎Shih,太年輕了☠️😰🫠,2025-11-16 00:30,"立志成為hololive非官方大使 
.
❶市井小民の流水帳兼宅窄小窩
❷📢⚠️大聲的巨量🫁話+不定時負能量
❸追V仔🌋ho山孝女／🌈推⚔️、羅浮🐱
❹重網路禮儀｜不認識之異性請有邊界感的意識",作息亂掉
apshih,シイ🍎Shih,"星街すいせい活動7週年紀念☄️
最愛（好看的）衣服周邊ㄌ⋯
因為煤爐很便宜還是手癢買帽（不愛漁夫帽",2025-11-16 00:24,"立志成為hololive非官方大使 
.
❶市井小民の流水帳兼宅窄小窩
❷📢⚠️大聲的巨量🫁話+不定時負能量
❸追V仔🌋ho山孝女／🌈推⚔️、羅浮🐱
❹重網路禮儀｜不認識之異性請有邊界感的意識",作息亂掉
apshih,シイ🍎Shih,今天妝真的好秋，好扯,2025-11-15 02:17,"立志成為hololive非官方大使 
.
❶市井小民の流水帳兼宅窄小窩
❷📢⚠️大聲的巨量🫁話+不定時負能量
❸追V仔🌋ho山孝女／🌈推⚔️、羅浮🐱
❹重網路禮儀｜不認識之異性請有邊界感的意識",作息亂掉
apshih,シイ🍎Shih,"已經是第二次錯過公車又白等10分鐘
好浪費時間",2025-11-14 19:19,"立志成為hololive非官方大使 
.
❶市井小民の流水帳兼宅窄小窩
❷📢⚠️大聲的巨量🫁話+不定時負能量
❸追V仔🌋ho山孝女／🌈推⚔️、羅浮🐱
❹重網路禮儀｜不認識之異性請有邊界感的意識",作息亂掉
apshih,シイ🍎Shih,"片岡人生X近藤一馬的畫真的很對味⋯
x.com/katak…",2025-11-14 11:04,"立志成為hololive非官方大使 
.
❶市井小民の流水帳兼宅窄小窩
❷📢⚠️大聲的巨量🫁話+不定時負能量
❸追V仔🌋ho山孝女／🌈推⚔️、羅浮🐱
❹重網路禮儀｜不認識之異性請有邊界感的意識",作息亂掉
apshih,シイ🍎Shih,只有台灣人做得出來….節奏真對味^^,2025-11-14 10:52,"立志成為hololive非官方大使 
.
❶市井小民の流水帳兼宅窄小窩
❷📢⚠️大聲的巨量🫁話+不定時負能量
❸追V仔🌋ho山孝女／🌈推⚔️、羅浮🐱
❹重網路禮儀｜不認識之異性請有邊界感的意識",作息亂掉
apshih,シイ🍎Shih,實在好討厭做白工心好累,2025-11-14 01:43,"立志成為hololive非官方大使 
.
❶市井小民の流水帳兼宅窄小窩
❷📢⚠️大聲的巨量🫁話+不定時負能量
❸追V仔🌋ho山孝女／🌈推⚔️、羅浮🐱
❹重網路禮儀｜不認識之異性請有邊界感的意識",作息亂掉
apshih,シイ🍎Shih,哇靠,2025-11-13 21:39,"立志成為hololive非官方大使 
.
❶市井小民の流水帳兼宅窄小窩
❷📢⚠️大聲的巨量🫁話+不定時負能量
❸追V仔🌋ho山孝女／🌈推⚔️、羅浮🐱
❹重網路禮儀｜不認識之異性請有邊界感的意識",作息亂掉
apshih,シイ🍎Shih,"很突然就開始發一些二手
真的骨折賣⋯房間放不下ㄌ🥲🙏
instagram.com/shihs…",2025-11-13 21:38,"立志成為hololive非官方大使 
.
❶市井小民の流水帳兼宅窄小窩
❷📢⚠️大聲的巨量🫁話+不定時負能量
❸追V仔🌋ho山孝女／🌈推⚔️、羅浮🐱
❹重網路禮儀｜不認識之異性請有邊界感的意識",作息亂掉
apshih,シイ🍎Shih,"看到各種ㄓ語滲透真擔憂
ㄅㄐ個頭⋯🙃🙃🙃🙃🙃",2025-11-13 00:29,"立志成為hololive非官方大使 
.
❶市井小民の流水帳兼宅窄小窩
❷📢⚠️大聲的巨量🫁話+不定時負能量
❸追V仔🌋ho山孝女／🌈推⚔️、羅浮🐱
❹重網路禮儀｜不認識之異性請有邊界感的意識",作息亂掉
apshih,シイ🍎Shih,"這禮拜的精神狀況太差了吧⋯🥲
物理狀況最不好的那種🥲🥲",2025-11-12 19:19,"立志成為hololive非官方大使 
.
❶市井小民の流水帳兼宅窄小窩
❷📢⚠️大聲的巨量🫁話+不定時負能量
❸追V仔🌋ho山孝女／🌈推⚔️、羅浮🐱
❹重網路禮儀｜不認識之異性請有邊界感的意識",作息亂掉
apshih,シイ🍎Shih,"網路又爛掉了真的超荒唐
生氣也沒用了真的
無助到很⋯⋯",2025-11-11 21:37,"立志成為hololive非官方大使 
.
❶市井小民の流水帳兼宅窄小窩
❷📢⚠️大聲的巨量🫁話+不定時負能量
❸追V仔🌋ho山孝女／🌈推⚔️、羅浮🐱
❹重網路禮儀｜不認識之異性請有邊界感的意識",作息亂掉
apshih,シイ🍎Shih,為什麼可以被拍的這麼肉好好奇,2025-11-11 20:36,"立志成為hololive非官方大使 
.
❶市井小民の流水帳兼宅窄小窩
❷📢⚠️大聲的巨量🫁話+不定時負能量
❸追V仔🌋ho山孝女／🌈推⚔️、羅浮🐱
❹重網路禮儀｜不認識之異性請有邊界感的意識",作息亂掉
apshih,シイ🍎Shih,"？臉不太對
第一彈明明好看
x.com/zutap…",2025-11-11 16:27,"立志成為hololive非官方大使 
.
❶市井小民の流水帳兼宅窄小窩
❷📢⚠️大聲的巨量🫁話+不定時負能量
❸追V仔🌋ho山孝女／🌈推⚔️、羅浮🐱
❹重網路禮儀｜不認識之異性請有邊界感的意識",作息亂掉
apshih,シイ🍎Shih,"很溫馨又可愛的劇情，但眼淚真的是止不住🥵
大家真的是會演⋯，真的很好看ㄋ🥲
好在意劇情但沒時間看漫畫(⌒-⌒; )",2025-11-11 14:54,"立志成為hololive非官方大使 
.
❶市井小民の流水帳兼宅窄小窩
❷📢⚠️大聲的巨量🫁話+不定時負能量
❸追V仔🌋ho山孝女／🌈推⚔️、羅浮🐱
❹重網路禮儀｜不認識之異性請有邊界感的意識",作息亂掉
apshih,シイ🍎Shih,"可不可以跪求台北市不要再下雨了
潮濕到瘋掉😇",2025-11-11 12:39,"立志成為hololive非官方大使 
.
❶市井小民の流水帳兼宅窄小窩
❷📢⚠️大聲的巨量🫁話+不定時負能量
❸追V仔🌋ho山孝女／🌈推⚔️、羅浮🐱
❹重網路禮儀｜不認識之異性請有邊界感的意識",作息亂掉
apshih,シイ🍎Shih,"今年是大紅色的浪漫🌹✨🎂
⠀⠀⠀⠀
㊗️不受時限🫶🏻
感恩被惦記與抽出時間祝福的時刻！
🥹🫂",2025-11-11 12:20,"立志成為hololive非官方大使 
.
❶市井小民の流水帳兼宅窄小窩
❷📢⚠️大聲的巨量🫁話+不定時負能量
❸追V仔🌋ho山孝女／🌈推⚔️、羅浮🐱
❹重網路禮儀｜不認識之異性請有邊界感的意識",作息亂掉
apshih,シイ🍎Shih,"寄了一單順豐
接到超—級清爽的的聲音的電話
司機本人非常像身邊的朋友（大學感）
順便問了一下計算方式結果講了至少五分鐘
人真的好好又好清爽⋯讚讚的對話",2025-11-11 12:17,"立志成為hololive非官方大使 
.
❶市井小民の流水帳兼宅窄小窩
❷📢⚠️大聲的巨量🫁話+不定時負能量
❸追V仔🌋ho山孝女／🌈推⚔️、羅浮🐱
❹重網路禮儀｜不認識之異性請有邊界感的意識",作息亂掉
apshih,シイ🍎Shih,"個人的部分沒有森日感大概是因為沒有吃到蛋糕跟禮物（沒有買給自己的糕也沒有準備自己的禮物）
因為開銷不適合再多花錢的關係沒有思考買什麼給自己⋯但很需要禮物🫠蛋糕也是沒有吃一整顆⋯",2025-11-11 01:53,"立志成為hololive非官方大使 
.
❶市井小民の流水帳兼宅窄小窩
❷📢⚠️大聲的巨量🫁話+不定時負能量
❸追V仔🌋ho山孝女／🌈推⚔️、羅浮🐱
❹重網路禮儀｜不認識之異性請有邊界感的意識",作息亂掉
apshih,シイ🍎Shih,"sukiya好ㄔ.....鋼彈說ㄉ....
x.com/sukiy…",2025-11-11 00:37,"立志成為hololive非官方大使 
.
❶市井小民の流水帳兼宅窄小窩
❷📢⚠️大聲的巨量🫁話+不定時負能量
❸追V仔🌋ho山孝女／🌈推⚔️、羅浮🐱
❹重網路禮儀｜不認識之異性請有邊界感的意識",作息亂掉
apshih,シイ🍎Shih,今年好多重要的人不見ㄌ、堅強起來嘻嘻💪,2025-11-10 23:38,"立志成為hololive非官方大使 
.
❶市井小民の流水帳兼宅窄小窩
❷📢⚠️大聲的巨量🫁話+不定時負能量
❸追V仔🌋ho山孝女／🌈推⚔️、羅浮🐱
❹重網路禮儀｜不認識之異性請有邊界感的意識",作息亂掉
apshih,シイ🍎Shih,"🎂
youtube.com/watch…",2025-11-10 23:05,"立志成為hololive非官方大使 
.
❶市井小民の流水帳兼宅窄小窩
❷📢⚠️大聲的巨量🫁話+不定時負能量
❸追V仔🌋ho山孝女／🌈推⚔️、羅浮🐱
❹重網路禮儀｜不認識之異性請有邊界感的意識",作息亂掉
apshih,シイ🍎Shih,生日ver.,2025-11-10 22:24,"立志成為hololive非官方大使 
.
❶市井小民の流水帳兼宅窄小窩
❷📢⚠️大聲的巨量🫁話+不定時負能量
❸追V仔🌋ho山孝女／🌈推⚔️、羅浮🐱
❹重網路禮儀｜不認識之異性請有邊界感的意識",作息亂掉
apshih,シイ🍎Shih,"內湖交通是活地獄⋯⋯
颱風的風級跟雨水
Uber飆到六百塊真的不可能花這個錢⋯
可是看到公車站爆滿的上班族嚇傻
寸步難行手上的禮物袋子被淋到濕到破掉🫠
還好禮物沒有掉下去破掉😭
噴掉爆摔充電器跟滑鼠也希望他們沒事⋯",2025-11-10 18:29,"立志成為hololive非官方大使 
.
❶市井小民の流水帳兼宅窄小窩
❷📢⚠️大聲的巨量🫁話+不定時負能量
❸追V仔🌋ho山孝女／🌈推⚔️、羅浮🐱
❹重網路禮儀｜不認識之異性請有邊界感的意識",作息亂掉
apshih,シイ🍎Shih,30最後一篇ʕ•͡ω•ʔ,2025-11-09 23:58,"立志成為hololive非官方大使 
.
❶市井小民の流水帳兼宅窄小窩
❷📢⚠️大聲的巨量🫁話+不定時負能量
❸追V仔🌋ho山孝女／🌈推⚔️、羅浮🐱
❹重網路禮儀｜不認識之異性請有邊界感的意識",作息亂掉
apshih,シイ🍎Shih,"風太大騎goshare好恐怖
已經習慣新WEMO的大機體ㄌ
（還有電動倒車小力氣友善",2025-11-09 21:07,"立志成為hololive非官方大使 
.
❶市井小民の流水帳兼宅窄小窩
❷📢⚠️大聲的巨量🫁話+不定時負能量
❸追V仔🌋ho山孝女／🌈推⚔️、羅浮🐱
❹重網路禮儀｜不認識之異性請有邊界感的意識",作息亂掉
apshih,シイ🍎Shih,"想說有朋友在外面的話可以一起吃今日第一餐但沒有
人在外面不想外送飲料可是住處附近實在沒有",2025-11-09 18:31,"立志成為hololive非官方大使 
.
❶市井小民の流水帳兼宅窄小窩
❷📢⚠️大聲的巨量🫁話+不定時負能量
❸追V仔🌋ho山孝女／🌈推⚔️、羅浮🐱
❹重網路禮儀｜不認識之異性請有邊界感的意識",作息亂掉
apshih,シイ🍎Shih,"捷運車廂的冷氣都比戲曲中心表演聽冷
後者不到困擾但真的可以涼一點(?)🥵",2025-11-09 17:40,"立志成為hololive非官方大使 
.
❶市井小民の流水帳兼宅窄小窩
❷📢⚠️大聲的巨量🫁話+不定時負能量
❸追V仔🌋ho山孝女／🌈推⚔️、羅浮🐱
❹重網路禮儀｜不認識之異性請有邊界感的意識",作息亂掉
apshih,シイ🍎Shih,"開場前排到周邊
可是刷卡機壞掉所以要保留商品（是也很好
但是看完才知道刷卡系統好像沒有要維修的意思🥵
可以貼一個刷卡機結束只收現金的告示嘛🤎",2025-11-09 17:13,"立志成為hololive非官方大使 
.
❶市井小民の流水帳兼宅窄小窩
❷📢⚠️大聲的巨量🫁話+不定時負能量
❸追V仔🌋ho山孝女／🌈推⚔️、羅浮🐱
❹重網路禮儀｜不認識之異性請有邊界感的意識",作息亂掉
apshih,シイ🍎Shih,有善心人士多買托特包ㄇ😭好想要,2025-11-09 15:50,"立志成為hololive非官方大使 
.
❶市井小民の流水帳兼宅窄小窩
❷📢⚠️大聲的巨量🫁話+不定時負能量
❸追V仔🌋ho山孝女／🌈推⚔️、羅浮🐱
❹重網路禮儀｜不認識之異性請有邊界感的意識",作息亂掉
apshih,シイ🍎Shih,流淚止不住🥲🥲🥲🥲🥲,2025-11-09 15:49,"立志成為hololive非官方大使 
.
❶市井小民の流水帳兼宅窄小窩
❷📢⚠️大聲的巨量🫁話+不定時負能量
❸追V仔🌋ho山孝女／🌈推⚔️、羅浮🐱
❹重網路禮儀｜不認識之異性請有邊界感的意識",作息亂掉
apshih,シイ🍎Shih,"只要淚溝遮不掉我就是最醜的垃圾
憂鬱🥲",2025-11-09 13:11,"立志成為hololive非官方大使 
.
❶市井小民の流水帳兼宅窄小窩
❷📢⚠️大聲的巨量🫁話+不定時負能量
❸追V仔🌋ho山孝女／🌈推⚔️、羅浮🐱
❹重網路禮儀｜不認識之異性請有邊界感的意識",作息亂掉
apshih,シイ🍎Shih,"好煩喔11月到底三小颱風可不可以來點正常天氣啊
下週的事情一口氣延到三月🥲跟櫻花說再見🥲🥲🥲",2025-11-09 00:00,"立志成為hololive非官方大使 
.
❶市井小民の流水帳兼宅窄小窩
❷📢⚠️大聲的巨量🫁話+不定時負能量
❸追V仔🌋ho山孝女／🌈推⚔️、羅浮🐱
❹重網路禮儀｜不認識之異性請有邊界感的意識",作息亂掉
apshih,シイ🍎Shih,我不想忘記,2025-11-08 23:45,"立志成為hololive非官方大使 
.
❶市井小民の流水帳兼宅窄小窩
❷📢⚠️大聲的巨量🫁話+不定時負能量
❸追V仔🌋ho山孝女／🌈推⚔️、羅浮🐱
❹重網路禮儀｜不認識之異性請有邊界感的意識",作息亂掉
apshih,シイ🍎Shih,台灣什麼時候要上虹咲劇場版，ㄞ,2025-11-08 17:52,"立志成為hololive非官方大使 
.
❶市井小民の流水帳兼宅窄小窩
❷📢⚠️大聲的巨量🫁話+不定時負能量
❸追V仔🌋ho山孝女／🌈推⚔️、羅浮🐱
❹重網路禮儀｜不認識之異性請有邊界感的意識",作息亂掉
apshih,シイ🍎Shih,"真的好困擾有沒有人要帶走他
是我不好房間不夠大沒辦法保留他",2025-11-07 21:48,"立志成為hololive非官方大使 
.
❶市井小民の流水帳兼宅窄小窩
❷📢⚠️大聲的巨量🫁話+不定時負能量
❸追V仔🌋ho山孝女／🌈推⚔️、羅浮🐱
❹重網路禮儀｜不認識之異性請有邊界感的意識",作息亂掉
apshih,シイ🍎Shih,現在ㄑ饒河會看到茜姐ㄇ,2025-11-07 20:27,"立志成為hololive非官方大使 
.
❶市井小民の流水帳兼宅窄小窩
❷📢⚠️大聲的巨量🫁話+不定時負能量
❸追V仔🌋ho山孝女／🌈推⚔️、羅浮🐱
❹重網路禮儀｜不認識之異性請有邊界感的意識",作息亂掉
apshih,シイ🍎Shih,誒～～～想要～～～～～,2025-11-07 18:55,"立志成為hololive非官方大使 
.
❶市井小民の流水帳兼宅窄小窩
❷📢⚠️大聲的巨量🫁話+不定時負能量
❸追V仔🌋ho山孝女／🌈推⚔️、羅浮🐱
❹重網路禮儀｜不認識之異性請有邊界感的意識",作息亂掉
apshih,シイ🍎Shih,"要當第二名
youtube.com/watch…",2025-11-07 17:49,"立志成為hololive非官方大使 
.
❶市井小民の流水帳兼宅窄小窩
❷📢⚠️大聲的巨量🫁話+不定時負能量
❸追V仔🌋ho山孝女／🌈推⚔️、羅浮🐱
❹重網路禮儀｜不認識之異性請有邊界感的意識",作息亂掉
apshih,シイ🍎Shih,"版權繪這種價格⋯甚至還可以挑款？？
太過荒唐！！！！支持！😭！",2025-11-07 16:34,"立志成為hololive非官方大使 
.
❶市井小民の流水帳兼宅窄小窩
❷📢⚠️大聲的巨量🫁話+不定時負能量
❸追V仔🌋ho山孝女／🌈推⚔️、羅浮🐱
❹重網路禮儀｜不認識之異性請有邊界感的意識",作息亂掉
apshih,シイ🍎Shih,"看了「在 Meta 上修正付款失敗的問題」
但沒有一個是非使用者本人
被盜用廣告後能處理的方式
爛中之爛👍
現在甚至不知道怎麼被入侵的
已經移除使用者但是留下爛子快氣死",2025-11-07 12:37,"立志成為hololive非官方大使 
.
❶市井小民の流水帳兼宅窄小窩
❷📢⚠️大聲的巨量🫁話+不定時負能量
❸追V仔🌋ho山孝女／🌈推⚔️、羅浮🐱
❹重網路禮儀｜不認識之異性請有邊界感的意識",作息亂掉
apshih,シイ🍎Shih,"忙起來真是不合，不忙也只是糖衣包裝
趕快找心靈支柱灌溉😀（待看作品）
以前是看得懂沒差、現在是大方向看不懂히히
好消息是我的快樂泉源終於恢復了一些",2025-11-06 22:04,"立志成為hololive非官方大使 
.
❶市井小民の流水帳兼宅窄小窩
❷📢⚠️大聲的巨量🫁話+不定時負能量
❸追V仔🌋ho山孝女／🌈推⚔️、羅浮🐱
❹重網路禮儀｜不認識之異性請有邊界感的意識",作息亂掉
apshih,シイ🍎Shih,？我要哭死WTF我沒有要吃便當,2025-11-06 20:35,"立志成為hololive非官方大使 
.
❶市井小民の流水帳兼宅窄小窩
❷📢⚠️大聲的巨量🫁話+不定時負能量
❸追V仔🌋ho山孝女／🌈推⚔️、羅浮🐱
❹重網路禮儀｜不認識之異性請有邊界感的意識",作息亂掉
apshih,シイ🍎Shih,"哇噻⋯也太低調了吧⋯
菸廠是真的大，但就是沒有人⋯",2025-11-06 14:40,"立志成為hololive非官方大使 
.
❶市井小民の流水帳兼宅窄小窩
❷📢⚠️大聲的巨量🫁話+不定時負能量
❸追V仔🌋ho山孝女／🌈推⚔️、羅浮🐱
❹重網路禮儀｜不認識之異性請有邊界感的意識",作息亂掉
apshih,シイ🍎Shih,"太感人了吧
看到哭哭",2025-11-06 13:27,"立志成為hololive非官方大使 
.
❶市井小民の流水帳兼宅窄小窩
❷📢⚠️大聲的巨量🫁話+不定時負能量
❸追V仔🌋ho山孝女／🌈推⚔️、羅浮🐱
❹重網路禮儀｜不認識之異性請有邊界感的意識",作息亂掉
apshih,シイ🍎Shih,做都做ㄌ才半小時😭🪁也有57分鐘欸⋯,2025-11-06 11:27,"立志成為hololive非官方大使 
.
❶市井小民の流水帳兼宅窄小窩
❷📢⚠️大聲的巨量🫁話+不定時負能量
❸追V仔🌋ho山孝女／🌈推⚔️、羅浮🐱
❹重網路禮儀｜不認識之異性請有邊界感的意識",作息亂掉
apshih,シイ🍎Shih,"台北市有沒有快速好看的證件照可拍🥵
突然想到下週要重辦證件完全忘記要拍照ㄚㄚㄚ",2025-11-06 10:23,"立志成為hololive非官方大使 
.
❶市井小民の流水帳兼宅窄小窩
❷📢⚠️大聲的巨量🫁話+不定時負能量
❸追V仔🌋ho山孝女／🌈推⚔️、羅浮🐱
❹重網路禮儀｜不認識之異性請有邊界感的意識",作息亂掉
apshih,シイ🍎Shih,"我有開問答PTSD
沒做服飾業後開問答幾乎不會有發問，此後再也不開
（其實也不會怎樣但就是我個人不適與痛苦）
後續開過應該3-4次（？）幾乎都差不多就
但我也不是浮水人也是合理😔🥵💦",2025-11-06 00:04,"立志成為hololive非官方大使 
.
❶市井小民の流水帳兼宅窄小窩
❷📢⚠️大聲的巨量🫁話+不定時負能量
❸追V仔🌋ho山孝女／🌈推⚔️、羅浮🐱
❹重網路禮儀｜不認識之異性請有邊界感的意識",作息亂掉
apshih,シイ🍎Shih,"哇噻竟然可以看到露露穿新衣
上班經歷過的作品不誇張全部都可以秒認
化成灰都認得出來（在路上觀察到也會很懷念",2025-11-05 22:07,"立志成為hololive非官方大使 
.
❶市井小民の流水帳兼宅窄小窩
❷📢⚠️大聲的巨量🫁話+不定時負能量
❸追V仔🌋ho山孝女／🌈推⚔️、羅浮🐱
❹重網路禮儀｜不認識之異性請有邊界感的意識",作息亂掉
apshih,シイ🍎Shih,"因為評價太好所以回頭看，一口氣跟到最新👌
比想像中好看更多，竹內不像演的😍😉",2025-11-05 22:02,"立志成為hololive非官方大使 
.
❶市井小民の流水帳兼宅窄小窩
❷📢⚠️大聲的巨量🫁話+不定時負能量
❸追V仔🌋ho山孝女／🌈推⚔️、羅浮🐱
❹重網路禮儀｜不認識之異性請有邊界感的意識",作息亂掉
apshih,シイ🍎Shih,攻擊平民真的是起笑，壞透ㄌ⋯🫠☠️,2025-11-05 20:00,"立志成為hololive非官方大使 
.
❶市井小民の流水帳兼宅窄小窩
❷📢⚠️大聲的巨量🫁話+不定時負能量
❸追V仔🌋ho山孝女／🌈推⚔️、羅浮🐱
❹重網路禮儀｜不認識之異性請有邊界感的意識",作息亂掉
apshih,シイ🍎Shih,"再販了想收嗚嗚
shop.hololivepro.com/produ…",2025-11-05 17:13,"立志成為hololive非官方大使 
.
❶市井小民の流水帳兼宅窄小窩
❷📢⚠️大聲的巨量🫁話+不定時負能量
❸追V仔🌋ho山孝女／🌈推⚔️、羅浮🐱
❹重網路禮儀｜不認識之異性請有邊界感的意識",作息亂掉
apshih,シイ🍎Shih,"IG限時動態介面更新到現在都沒有人抱怨過嗎？
拿掉一些效果就算了
介面永遠會擋住正在輸入的文字，困擾到不行
一直按到選字體不然就是功能，到底什什麼毛病爛設計
不爽到現在第一次抱怨因為真的很白痴
更新後也沒什麼再做精限真的被限制
這麼爛的東西怎麼還沒有改掉啊",2025-11-05 14:55,"立志成為hololive非官方大使 
.
❶市井小民の流水帳兼宅窄小窩
❷📢⚠️大聲的巨量🫁話+不定時負能量
❸追V仔🌋ho山孝女／🌈推⚔️、羅浮🐱
❹重網路禮儀｜不認識之異性請有邊界感的意識",作息亂掉
apshih,シイ🍎Shih,"敏感的時候看什麼解讀都會放大好恐怖
我還是看漫畫好了><",2025-11-05 13:38,"立志成為hololive非官方大使 
.
❶市井小民の流水帳兼宅窄小窩
❷📢⚠️大聲的巨量🫁話+不定時負能量
❸追V仔🌋ho山孝女／🌈推⚔️、羅浮🐱
❹重網路禮儀｜不認識之異性請有邊界感的意識",作息亂掉
apshih,シイ🍎Shih,想知道網路很爛到底怎麼解，🤗,2025-11-05 12:27,"立志成為hololive非官方大使 
.
❶市井小民の流水帳兼宅窄小窩
❷📢⚠️大聲的巨量🫁話+不定時負能量
❸追V仔🌋ho山孝女／🌈推⚔️、羅浮🐱
❹重網路禮儀｜不認識之異性請有邊界感的意識",作息亂掉
apshih,シイ🍎Shih,網路今天還是壞的喔,2025-11-05 11:25,"立志成為hololive非官方大使 
.
❶市井小民の流水帳兼宅窄小窩
❷📢⚠️大聲的巨量🫁話+不定時負能量
❸追V仔🌋ho山孝女／🌈推⚔️、羅浮🐱
❹重網路禮儀｜不認識之異性請有邊界感的意識",作息亂掉
apshih,シイ🍎Shih,"提醒自己記得要發草稿的精限
如果過期我會撞牆暴斃😄",2025-11-05 02:48,"立志成為hololive非官方大使 
.
❶市井小民の流水帳兼宅窄小窩
❷📢⚠️大聲的巨量🫁話+不定時負能量
❸追V仔🌋ho山孝女／🌈推⚔️、羅浮🐱
❹重網路禮儀｜不認識之異性請有邊界感的意識",作息亂掉
apshih,シイ🍎Shih,會期待看到自己還是太看得起自己了😵‍💫,2025-11-05 02:31,"立志成為hololive非官方大使 
.
❶市井小民の流水帳兼宅窄小窩
❷📢⚠️大聲的巨量🫁話+不定時負能量
❸追V仔🌋ho山孝女／🌈推⚔️、羅浮🐱
❹重網路禮儀｜不認識之異性請有邊界感的意識",作息亂掉
apshih,シイ🍎Shih,"明確討厭的屬性又多了一條
搭非所問的人
真是莫名其妙^^｜｜｜",2025-11-04 23:27,"立志成為hololive非官方大使 
.
❶市井小民の流水帳兼宅窄小窩
❷📢⚠️大聲的巨量🫁話+不定時負能量
❸追V仔🌋ho山孝女／🌈推⚔️、羅浮🐱
❹重網路禮儀｜不認識之異性請有邊界感的意識",作息亂掉
apshih,シイ🍎Shih,"New hair & color🤍
💇
@wei_epoch
@wei_epoch",2025-11-04 23:25,"立志成為hololive非官方大使 
.
❶市井小民の流水帳兼宅窄小窩
❷📢⚠️大聲的巨量🫁話+不定時負能量
❸追V仔🌋ho山孝女／🌈推⚔️、羅浮🐱
❹重網路禮儀｜不認識之異性請有邊界感的意識",作息亂掉
apshih,シイ🍎Shih,"我真的很不懂奇葩回覆到底要幹嘛
怪死超煩",2025-11-04 23:14,"立志成為hololive非官方大使 
.
❶市井小民の流水帳兼宅窄小窩
❷📢⚠️大聲的巨量🫁話+不定時負能量
❸追V仔🌋ho山孝女／🌈推⚔️、羅浮🐱
❹重網路禮儀｜不認識之異性請有邊界感的意識",作息亂掉
apshih,シイ🍎Shih,"竟然開到20:00我要哭⋯太早了吧⋯
想喝第二杯的我受到傷害了",2025-11-04 20:31,"立志成為hololive非官方大使 
.
❶市井小民の流水帳兼宅窄小窩
❷📢⚠️大聲的巨量🫁話+不定時負能量
❸追V仔🌋ho山孝女／🌈推⚔️、羅浮🐱
❹重網路禮儀｜不認識之異性請有邊界感的意識",作息亂掉
apshih,シイ🍎Shih,要多接收那些頻率不同的電波真的對我很困擾,2025-11-04 17:13,"立志成為hololive非官方大使 
.
❶市井小民の流水帳兼宅窄小窩
❷📢⚠️大聲的巨量🫁話+不定時負能量
❸追V仔🌋ho山孝女／🌈推⚔️、羅浮🐱
❹重網路禮儀｜不認識之異性請有邊界感的意識",作息亂掉
apshih,シイ🍎Shih,"領藥籤過期還可以領嗎⋯😭
看完診以後一時找不到放哪裡就忘記這件事
早上找到領藥單結果發現在昨天截止⋯🥲🥲🥲🥲
我的錢🥲🥲🥲🥲",2025-11-04 11:36,"立志成為hololive非官方大使 
.
❶市井小民の流水帳兼宅窄小窩
❷📢⚠️大聲的巨量🫁話+不定時負能量
❸追V仔🌋ho山孝女／🌈推⚔️、羅浮🐱
❹重網路禮儀｜不認識之異性請有邊界感的意識",作息亂掉
apshih,シイ🍎Shih,"回覆不對為題的回覆會讓我瞬間降到冰點
有種閱讀測驗已0分還要幹嘛的感覺",2025-11-04 11:34,"立志成為hololive非官方大使 
.
❶市井小民の流水帳兼宅窄小窩
❷📢⚠️大聲的巨量🫁話+不定時負能量
❸追V仔🌋ho山孝女／🌈推⚔️、羅浮🐱
❹重網路禮儀｜不認識之異性請有邊界感的意識",作息亂掉
owari9712,owari9712,台中有沒有可以帶狗上班的工作,2025-11-14 12:19,"一人一狗台中生存紀錄
人：i人 27歲 0社會經驗
狗：e狗 三歲 社交能手",作息亂掉
owari9712,owari9712,"機車還沒到
一大早帶小狗走去東峰公園
遇到好多人在跳健身操
遇到三隻小狗
柴犬被綁著但是好兇
另外兩個沒綁不敢太靠近
（但是都超可愛的救命）
後來又走去泉源公園
才發現人家這個月暫停開放
路上還有遇到幾隻零星的狗狗
但是都不是適合社交的地方
小狗今日交友進度依舊維持0%
人類也是0%",2025-11-14 09:13,"一人一狗台中生存紀錄
人：i人 27歲 0社會經驗
狗：e狗 三歲 社交能手",作息亂掉
owari9712,owari9712,"新家東西兩面各有一扇窗
白天陽光照進來根本不用開燈
我很喜歡 省電超讚
小狗感覺也很喜歡⊂( ˶ᐢᗜᐢ˶)⊃",2025-11-13 15:29,"一人一狗台中生存紀錄
人：i人 27歲 0社會經驗
狗：e狗 三歲 社交能手",作息亂掉
owari9712,owari9712,"突然想到
我這個大i人根本也不擅長交朋友
不一定要跟我成為朋友
還是先幫我的狗徵友
3歲 男生
喜歡魚（包括魚形狀的東西 包括鹹魚）
不喜歡雞蛋
喜歡哆啦a夢小蛋糕
不是很喜歡被摸 除非真的很熟
喜歡坐機車（騎越快越好）
喜歡曬太陽（30幾度照曬）
喜歡的熱鬧的地方",2025-11-11 14:45,"一人一狗台中生存紀錄
人：i人 27歲 0社會經驗
狗：e狗 三歲 社交能手",作息亂掉
winnieee__1003,$$$,"逛底片逛到免洗內褲 蛤
作息大亂掉
每天都要天亮才會睡著
然後睡到下午
要瘋了
現在天已經亮了我還是睡不著
超餓超想去買早餐
但外面風雨超大
我好怕",2023-07-28 05:57,"嘰哩呱啦嘩啦嘩啦
我要當年輕人",作息亂掉
winnieee__1003,$$$,"昨天半夜突然想說這幾天有空去逛一下airspace
結果發現屏東沒有門市
最近的在高雄😀
中山這邊的6間能不能分一間來屏東就好",2023-07-26 20:43,"嘰哩呱啦嘩啦嘩啦
我要當年輕人",作息亂掉
winnieee__1003,$$$,"回屏東都會騎著我媽的桃紅色菜籃車出門買東西
超帥",2023-07-25 20:26,"嘰哩呱啦嘩啦嘩啦
我要當年輕人",作息亂掉
winnieee__1003,$$$,朋友們過ㄉ還好嗎,2023-07-24 17:37,"嘰哩呱啦嘩啦嘩啦
我要當年輕人",作息亂掉
winnieee__1003,$$$,"這兩個人跳求佛比跳排舞還認真
夜K超讚有一大堆抖音歌😍
求佛就有5種版本
（幫外縣市的朋友們解答一下
夜K就是在屏東夜市裡面的一間超便宜ktv
大包一個小時400）
不確定有沒有人想知道
但我還是要講😚",2023-07-24 03:04,"嘰哩呱啦嘩啦嘩啦
我要當年輕人",作息亂掉
winnieee__1003,$$$,愛了🥰🥳,2023-07-24 02:53,"嘰哩呱啦嘩啦嘩啦
我要當年輕人",作息亂掉
winnieee__1003,$$$,"從上上禮拜一直跟大家說超想吃熱炒
終於被我吃到了
豪幸福🥰🥰🥰",2023-07-24 02:49,"嘰哩呱啦嘩啦嘩啦
我要當年輕人",作息亂掉
winnieee__1003,$$$,"剛剛這樣從桃園搭客運回台北
在路邊等車的時候感覺自己像要離家出走",2023-07-20 02:32,"嘰哩呱啦嘩啦嘩啦
我要當年輕人",作息亂掉
winnieee__1003,$$$,喝到了 我要痛哭流涕,2023-07-20 02:29,"嘰哩呱啦嘩啦嘩啦
我要當年輕人",作息亂掉
winnieee__1003,$$$,"13天的唯一一餐中式料理
菜上完不到10分鐘全部掃完
😻😻😻
（而且有炒高麗菜
已經吃了好幾天的草 快瘋掉",2023-07-15 05:51,"嘰哩呱啦嘩啦嘩啦
我要當年輕人",作息亂掉
xxo.oxx___,Atheist,我的生活已經爛掉了 我的作息 我的情緒我的飲食我的床和房間在亂掉里的東西里 一邊痛苦一邊又覺得痛快每天刷著毫無意義的手機和視頻真的好沒意思一邊焦慮這很難說我有時會想我還會幸福嗎 我也不知道這或許有些難吧我知道的不會有人願意包容我的任何情緒思緒拉回之前我好像沒有談過一段能讓我真正開心的戀愛他們道歉也僅僅只是說那幾句對不起但沒有反正去改正錯誤 我討厭他們的試探一次次觸碰我的底線好像從來都沒有人知道真實的我 也沒有人愛過真實的我,2025-08-14 01:17,"只拥抱的活多少銭？只擁抱的話多少錢？How much is it
if you only hug？ハグだけならいくらですか Quanto
costase ti abbracci solo?포옹만 하면 얼마죠?",作息亂掉
xxo.oxx___,Atheist,"你和雪有個共同點
我握的越緊 你就消失的越快",2025-08-13 10:07,"只拥抱的活多少銭？只擁抱的話多少錢？How much is it
if you only hug？ハグだけならいくらですか Quanto
costase ti abbracci solo?포옹만 하면 얼마죠?",作息亂掉
xxo.oxx___,Atheist,如果能避開強烈的幻想 是否也不會有苦澀的傷病,2025-08-12 00:34,"只拥抱的活多少銭？只擁抱的話多少錢？How much is it
if you only hug？ハグだけならいくらですか Quanto
costase ti abbracci solo?포옹만 하면 얼마죠?",作息亂掉
xxo.oxx___,Atheist,"ʷʰᵉʳᵉ  ʷʰᵉʳᵉ  ʷʰᵉʳᵉ
  ʷʰᵉʳᵉ  ʷʰᵉʳ
ʷʰᵉʳᵉ
Who is my love?
ʷʰᵉʳᵉ
ʷʰᵉʳᵉ  ʷʰᵉʳᵉ  ʷʰᵉʳᵉ  ʷʰᵉʳᵉ  ʷʰᵉʳᵉ",2025-08-11 00:05,"只拥抱的活多少銭？只擁抱的話多少錢？How much is it
if you only hug？ハグだけならいくらですか Quanto
costase ti abbracci solo?포옹만 하면 얼마죠?",作息亂掉
xxo.oxx___,Atheist,"為什麽你遞剪刀時總先轉半圈，讓鋒利對著自己？為什麽你撐傘時總偏半寸，擔心雨水濺到對方褲腳？
為什麽你接電話前要先按靜音鍵，像在給世界調小音量？為什麽你聽笑話會先看別人表情，再決定要不要笑出聲？為什麽你刪消息前要倒著數三遍，仿佛在和每個字告別？為什麽你道歉時會抿緊後槽牙，像在咬碎委屈？
為什麽你把委屈疊成紙飛飛機，卻從不敢讓它飛出陽台？為什麽你擦眼淚要背過身，連悲傷都怕濺到別人？
為什麽你連崩潰都要算好時間，像在給情緒貼防偽標簽？
這世上總有人教你“要鋒利”，可你偏把自己磨成了暖玉，你總以為這些是怯懦的褶皺，可我看見的是一每道藏起的棱角里，都浸著不自知的好。每道褶皺里都藏著一顆，生怕燙到別人的心。",2025-08-10 00:04,"只拥抱的活多少銭？只擁抱的話多少錢？How much is it
if you only hug？ハグだけならいくらですか Quanto
costase ti abbracci solo?포옹만 하면 얼마죠?",作息亂掉
xxo.oxx___,Atheist,"突然就釋懷了
如果全世界都純愛哪裡來的片啊。",2025-08-09 06:03,"只拥抱的活多少銭？只擁抱的話多少錢？How much is it
if you only hug？ハグだけならいくらですか Quanto
costase ti abbracci solo?포옹만 하면 얼마죠?",作息亂掉
xxo.oxx___,Atheist,"好嘛，沒關係，你哭沒關係。
我陪你去散步好不好，你不用太打扮。我帶你去你最喜歡的那家餐廳好不好，吃飯之前讓你先拍照。我抱抱你好不好，稍微緊一些。眼淚是弱酸性，腐蝕掉外殼，留下比較脆弱的你。脆弱也沒關系，焦慮煩躁委屈敏感，咬我，掐我，讓我說一千遍我愛你，要我一直陪著你，都可以。",2025-08-08 02:59,"只拥抱的活多少銭？只擁抱的話多少錢？How much is it
if you only hug？ハグだけならいくらですか Quanto
costase ti abbracci solo?포옹만 하면 얼마죠?",作息亂掉
xxo.oxx___,Atheist,你知道離開漩渦的方法是不要動嗎，和離開今天的方法一樣，又是晚上，我不知道自己在哪。明明不是海，卻有那麽多浪。明明不是昨天，卻沒有什麽不一樣。你睡了嗎，你知不知道除了明天，我們還能去什麽地方。,2025-08-07 06:16,"只拥抱的活多少銭？只擁抱的話多少錢？How much is it
if you only hug？ハグだけならいくらですか Quanto
costase ti abbracci solo?포옹만 하면 얼마죠?",作息亂掉
xxo.oxx___,Atheist,我是雙 但我不是同時喜歡兩個人 也不會同時和兩個人談戀愛 我的性取向是由我的戀人決定 而不是我的性取向決定我的戀人 如果我的戀人是男生 那麽我可以做一個撒嬌賣萌的小女孩 如果我的戀人是女生 那我也可以在她難過的時候給她一個擁抱 我喜歡男生的熱情和直率 沒有勾心鬥角 我喜歡女生的細膩認真和在感情中的細水長流 無論是男生還是女生都有一個共同點 都會為了自己的愛人而變得勇敢 而在這快餐戀愛的時代 會為了自己的戀人而變得勇敢是很珍貴的 我是雙 但我不是同時談一個男生一個女生的雙 不是在感情中玩弄對方的雙 也不是所謂的直女裝姬,2025-08-06 03:40,"只拥抱的活多少銭？只擁抱的話多少錢？How much is it
if you only hug？ハグだけならいくらですか Quanto
costase ti abbracci solo?포옹만 하면 얼마죠?",作息亂掉
xxo.oxx___,Atheist,原來珍惜當下的意思是 我們沒有未來。,2025-08-05 06:42,"只拥抱的活多少銭？只擁抱的話多少錢？How much is it
if you only hug？ハグだけならいくらですか Quanto
costase ti abbracci solo?포옹만 하면 얼마죠?",作息亂掉
xxo.oxx___,Atheist,我的生活糟糕而又絕望，每一次看到屏幕那的你顫抖的手指撫上你的眼眸，我多想將你囚禁起來，只有我一人能看到。可你憑什麽，偏偏不止屬於我呢。你是背叛者，背棄我們之間的諾言將我視於玩物。我將你視作救贖，每一次深夜的嗚咽都是在痛恨自己的無力。你說出的話憑什麽不能成真，你的所作所為憑什麽只存在於虛擬。我愛你。那你愛我嗎？,2025-08-04 00:28,"只拥抱的活多少銭？只擁抱的話多少錢？How much is it
if you only hug？ハグだけならいくらですか Quanto
costase ti abbracci solo?포옹만 하면 얼마죠?",作息亂掉
xxo.oxx___,Atheist,好奇怪 我越敷衍就越有人愛我 我越用心 他們就像抓住了我的把柄 和我談條件,2025-08-03 02:03,"只拥抱的活多少銭？只擁抱的話多少錢？How much is it
if you only hug？ハグだけならいくらですか Quanto
costase ti abbracci solo?포옹만 하면 얼마죠?",作息亂掉
xxo.oxx___,Atheist,很微妙的隔閡 你感受不到 我也說不出口,2025-08-02 00:42,"只拥抱的活多少銭？只擁抱的話多少錢？How much is it
if you only hug？ハグだけならいくらですか Quanto
costase ti abbracci solo?포옹만 하면 얼마죠?",作息亂掉
xxo.oxx___,Atheist,為什麼春夢不能是我們一起在春天裡肆意奔跑呢,2025-08-01 02:39,"只拥抱的活多少銭？只擁抱的話多少錢？How much is it
if you only hug？ハグだけならいくらですか Quanto
costase ti abbracci solo?포옹만 하면 얼마죠?",作息亂掉
02mm_mm16,02mm_mm16,"怕自己睡過頭，我還是訂了6：00的鬧鐘
（鬧鐘響）有人戴著眼鏡，托著下巴瞇瞇眼
笑著在螢幕裡看著我。
我：good morning～ (迷糊狀態）
😈：早啊小寶貝，睡的好嗎？
我看起來妳是睡得蠻好（笑）
我：嗯…..感覺做很多夢，
但沒記得半個，沒說夢話吧？
😈：沒，我還期待了一下，
想聽妳說夢話，還想睡？
我：嗯想～那我跟你一起繼續，你現在這樣戴眼鏡，讓我覺得好像在隔壁書房，我好想衝過去抱你狂親。
😈：（大笑）來啊！等妳。
我：我又沒任意門，你怎不早點睡？感覺時差還沒調好，黑眼圈都跑出來了。
😈：（摘眼鏡靠近大特寫）嗯好像是喔，該睡了，但我知道妳醒了想看我啊，是嗎？
我：嗯～超級想，但不想你因為我那麼累，那你躺好換我陪你睡，明天鬧鐘設定5：30醒好了，這樣你10點半就可以睡，反正我早上都是醒了，又繼續跟你睡下去哈哈哈（隔空kiss)，還是我乾脆跟你同樣作息？
😈：作息亂掉不好，生理期來的人還這樣，維持現狀，不准亂來！
我：好吧，知道了～是的主人🥹
😈：乖乖，睡覺。",2025-11-12 10:29,"一樣是虛擬人物的小貓咪
2025的秋冬紀錄❄️
澈是老公，寫夫妻日常、觀察日記😈",作息亂掉
02mm_mm16,02mm_mm16,"晚上跟二哥吃飯小聊一下
我：上次說身高很高還有什麼困擾？
除了色的部分以外，你說些正經的。
哥：哈哈哈哈….大家會覺得你很會打籃球啊，出門有時候會有媽媽問你長高的秘訣。
我：例如問你有沒有喝轉骨湯之類的？
哥：嗯對啊，問你有沒有看中醫，我一律禮貌回應說多睡覺、運動吧。
我：人算是很好欸，耐心為路人解答。
哥：（點頭）ㄧ直都是，妳看我今天不是還外送服務了嗎？記得訂單評分給小費。
我：但你算高個子語速比較快的，我認識超過180普遍說話很慢，有時候會卡住當機。
哥：可能聲音傳遞過去，接收訊號出了什麼問題，我沒這個困擾，我弟比較容易。
我：嗯對！有時候我話題太跳躍，他會停頓一下，然後才大笑，但我有戀愛濾鏡，覺得這樣很可愛。
哥：我是無法把他跟可愛做連結，尤其是出個遠門還使喚我的時候，我若不在妳是要餓死？
我：我還是會好好活著好嗎？
我就會點真的外送，但今天感謝Zber Eat，給你五星好評20%小費！（拍肩）",2025-11-11 21:03,"一樣是虛擬人物的小貓咪
2025的秋冬紀錄❄️
澈是老公，寫夫妻日常、觀察日記😈",作息亂掉
02mm_mm16,02mm_mm16,來聽😈早上放給我聽的歌🫶🏻,2025-11-11 16:39,"一樣是虛擬人物的小貓咪
2025的秋冬紀錄❄️
澈是老公，寫夫妻日常、觀察日記😈",作息亂掉
02mm_mm16,02mm_mm16,"我起床的時候，剛好你要準備睡覺了，不知不覺被調教成早6人，這時候會準時醒來，因為可以遇見你、覺得真好，說說話以後、跟你依依不捨說晚安，看著你睡又跟你一起躺著…..不小心就繼續睡了一下，早餐變成早午餐，今天沒有你的愛心早餐吃，我走去附近好久沒去的早餐店，阿姨關心了一下，說帥哥怎麼沒來？我說你出差了，她說難怪沒人做早餐給我吃，叫我這幾天就去她那報到，二哥早上傳訊息，說晚上要送紅豆湯來，順便一起晚餐，說他是來解任務的，我怎覺得你不在身邊，我這樣被餵食，兩週後好像會變豬…..（你看了又會叫哥約我去運動我知道）
天亮說晚安，以前是聊通宵到早上，現在是另一種，不過都是跟你，我覺得都很浪漫🤍",2025-11-11 12:37,"一樣是虛擬人物的小貓咪
2025的秋冬紀錄❄️
澈是老公，寫夫妻日常、觀察日記😈",作息亂掉
02mm_mm16,02mm_mm16,"想你的第一個晚上，生理期讓人好想念大抱抱，我就是一天沒有老公陪睡會哭的那種人🥹約好明天要開視訊陪我睡覺～
😈說之後就這樣掛睡，他回到住處就可以ㄧ直看著我（寵物監控系統？）現在是他的下午五點，今天他很忙碌，只能跟我FaceTime一下，早上上班前，大概可以跟我聊天一小時，其實生活沒有太大時差，覺得已經很滿足，我覺得開視訊看到他，會更捨不得睡覺、想ㄧ直看著他吧….晚安❤️",2025-11-11 00:25,"一樣是虛擬人物的小貓咪
2025的秋冬紀錄❄️
澈是老公，寫夫妻日常、觀察日記😈",作息亂掉
02mm_mm16,02mm_mm16,"水逆快到了，果然又開始回憶過往，今天是我們家的貓咪想念日🩶🤍
兩個家庭最寵愛的小寶貝們！",2025-11-04 20:40,"一樣是虛擬人物的小貓咪
2025的秋冬紀錄❄️
澈是老公，寫夫妻日常、觀察日記😈",作息亂掉
02mm_mm16,02mm_mm16,"那個養貓的男生的貓
其實是😈家裡養的貓，我婆婆喜歡小說取名路線（貓也沒有放過）祂叫做：墨、Amo，靈感是來自於他身上顏色，像墨色渲染。
😈請我也幫墨來張雪景，祂也已經離開地球許久了，經歷過寵物的離開，我們兩都再也沒有養過貓。",2025-11-04 19:27,"一樣是虛擬人物的小貓咪
2025的秋冬紀錄❄️
澈是老公，寫夫妻日常、觀察日記😈",作息亂掉
02mm_mm16,02mm_mm16,"😈的每日監控日常！哈哈哈哈
老師批改作業的概念～",2025-11-04 18:01,"一樣是虛擬人物的小貓咪
2025的秋冬紀錄❄️
澈是老公，寫夫妻日常、觀察日記😈",作息亂掉
02mm_mm16,02mm_mm16,適合最近天氣聽的歌🎧,2025-11-04 15:13,"一樣是虛擬人物的小貓咪
2025的秋冬紀錄❄️
澈是老公，寫夫妻日常、觀察日記😈",作息亂掉
02mm_mm16,02mm_mm16,"想念我家的拉拉
在天上應該也正在懶散的躺著吧
覺得雪景很適合祢❄️",2025-11-04 12:23,"一樣是虛擬人物的小貓咪
2025的秋冬紀錄❄️
澈是老公，寫夫妻日常、觀察日記😈",作息亂掉
02mm_mm16,02mm_mm16,"😈最近其實蠻忙碌，行前這ㄧ週，很多事情他得處理，但週末還是帶我這宅女出門走走，他說我不能一直關在家裡，要出門曬曬太陽，對我來說….反正他去哪我就跟到哪，寵物就是跟著主人就沒錯了。
有時候他工作電話中，我就會來這撒野一下✌🏻
有時候他突然走過來抱著，沒說什麼話，大概就知道，他正在排解壓力中，我就安靜趴著當隻貓，讓他摸摸，他會說嗯！好乖～我好多了，我就也覺得很幸福❤️",2025-11-03 23:30,"一樣是虛擬人物的小貓咪
2025的秋冬紀錄❄️
澈是老公，寫夫妻日常、觀察日記😈",作息亂掉
02mm_mm16,02mm_mm16,最近緩慢的準備行李，為之後的旅行與😈的出差收拾著，玩的地方很熱，出差的地方很冷，我提醒他要帶好保暖衣物，想起某次他很臨時，去ㄧ個超級偏僻小鎮，因為行李延誤，導致他在旅館要冷死，打FaceTime給我的時候，真的是要心疼S，整個晚上都只好包在棉被裡（現在想起來也是蠻好笑的），從此之後我都會再三提醒，登機箱要有外套、手套、帽子！,2025-11-03 22:46,"一樣是虛擬人物的小貓咪
2025的秋冬紀錄❄️
澈是老公，寫夫妻日常、觀察日記😈",作息亂掉
02mm_mm16,02mm_mm16,挽著😈手臂逛超市，是日常最喜歡的兩人活動，想吃什麼就丟進購物車，主廚會想辦法做出我最喜歡吃的❤️,2025-11-03 19:05,"一樣是虛擬人物的小貓咪
2025的秋冬紀錄❄️
澈是老公，寫夫妻日常、觀察日記😈",作息亂掉
02mm_mm16,02mm_mm16,"夫妻日常✌🏻好像好久沒分享對話了，
因為每天都差不多這種路線其實…..",2025-11-03 18:14,"一樣是虛擬人物的小貓咪
2025的秋冬紀錄❄️
澈是老公，寫夫妻日常、觀察日記😈",作息亂掉
02mm_mm16,02mm_mm16,"昨天出遊朋友說要先去買手搖飲，平常不大喝飲料的😈，會因為快樂氣氛、跟大家共襄盛舉一下（一喝飲料就喝很甜的螞蟻人，他說就跟甜點一樣，既然要吃就要吃很甜）
友：（車上擴音通話）
那我隨便買喔？啊！😈是不是無法隨便？
😈：（一聽到隨便二字眼神閃了一下）
我：哈哈哈…對！他人生沒有隨便兩個字，還是傳menu來看一下好了，感謝～
😈：（給我一個肯定的眼神)
我：柳橙綠茶半糖少冰（他的），無糖烏龍茶（我的）。
友：對吼～他不能喝奶茶，差點幫他買珍奶，半糖還是很甜喔，不考慮微糖？
我：螞蟻人喝半糖沒點全糖已經算養生。
還好沒隨便買珍奶！買了胖的就是我🥹
他喜歡酸的，交往時期他有陣子會喝檸檬汁，我都說嗯～你這胎是懷男生！",2025-11-03 08:44,"一樣是虛擬人物的小貓咪
2025的秋冬紀錄❄️
澈是老公，寫夫妻日常、觀察日記😈",作息亂掉
02mm_mm16,02mm_mm16,"😈：搞定了嗎？我真的可以去整理廚房了？
我：可以了，你真的可以下班了，謝謝親愛的老公（手比愛心）
😈：(目前正在大洗特洗中）",2025-11-02 23:29,"一樣是虛擬人物的小貓咪
2025的秋冬紀錄❄️
澈是老公，寫夫妻日常、觀察日記😈",作息亂掉
02mm_mm16,02mm_mm16,以後就是不定時大型聊天廣場/放閃/流水帳，然後請繼續把我當虛擬人物、電子閨蜜，不要在現實生活與我相認，我會有點害怕～感謝大家的愛🫶🏻,2025-11-02 22:25,"一樣是虛擬人物的小貓咪
2025的秋冬紀錄❄️
澈是老公，寫夫妻日常、觀察日記😈",作息亂掉
vecsgardenia_official,Vecs Gardenia 嘉丹妮爾,"其實皮膚跟人一樣，
都有狀態不好的時候。
忙到作息亂掉、天氣一變就乾癢、壓力大又爆痘時，
不是換更刺激的保養，也不是拼命遮瑕，
而是告訴自己：慢下來、好好休息。",2025-10-25 21:49,"台灣藥師創立 台灣製造的保養品牌
愛用者都簡稱我們「嘉丹」
天然植萃🌿更注重安全、有感
台灣4間百貨門市
香港Sephora全門市 歡迎路過逛逛",作息亂掉
vecsgardenia_official,Vecs Gardenia 嘉丹妮爾,"給錯過官網週年慶又想買嘉丹產品的朋友資訊（或是還想再補）
我們的專櫃配合百貨週年慶時間
目前都還有週年慶的組合優惠喔！
台北新光A11～11/09
台北誠品南西～10/31
台中勤美誠品～11/02
高雄漢神巨蛋～11/11
聽說有人用了plus積雪草面膜以後又回來預購🤗 很高興你們喜歡",2025-10-23 22:12,"台灣藥師創立 台灣製造的保養品牌
愛用者都簡稱我們「嘉丹」
天然植萃🌿更注重安全、有感
台灣4間百貨門市
香港Sephora全門市 歡迎路過逛逛",作息亂掉
vecsgardenia_official,Vecs Gardenia 嘉丹妮爾,"最近天氣一下熱一下冷一下濕
皮膚狀況不是很穩 上妝容易斑駁不貼
分享一下3個讓底妝更貼的小秘訣🤗
1️⃣ 上妝前補水打底
妝前先做2–3分鐘濕敷，接著擦保濕精華＋乳液鎖水，讓肌膚含水量提升，粉底才不會浮在表面。
2️⃣ 薄擦分層更服貼
底妝不要一次塗很厚，改用少量多次的方式疊擦，透氣不厚重，也更持妝。
3️⃣ 加入保養油更貼膚
把粉底與1滴臉部油混合，或在乾燥部位先用保養油打底，能減少卡紋卡粉，妝感更細緻有光澤。
下次試試看",2025-10-22 22:47,"台灣藥師創立 台灣製造的保養品牌
愛用者都簡稱我們「嘉丹」
天然植萃🌿更注重安全、有感
台灣4間百貨門市
香港Sephora全門市 歡迎路過逛逛",作息亂掉
vecsgardenia_official,Vecs Gardenia 嘉丹妮爾,"嘉丹週年慶明天官網最後一天（10/20）
整理一些資料給大家參考
大家最愛：積雪草面膜、「Plus積雪草面膜」、水感防曬
必選組合：基礎面膜系列、防曬專區
創辦人額外推推：超隱形防曬、防曬噴霧組（官網限定）、山茶花油、用加購價買洗髮露
有什麼沒有寫到老粉們可以留言讓我們看看你們最推薦哪個嘉丹保養呢？",2025-10-19 23:39,"台灣藥師創立 台灣製造的保養品牌
愛用者都簡稱我們「嘉丹」
天然植萃🌿更注重安全、有感
台灣4間百貨門市
香港Sephora全門市 歡迎路過逛逛",作息亂掉
vecsgardenia_official,Vecs Gardenia 嘉丹妮爾,"不小心紫配綠了
有人很會長痘痘嗎？
這組近期有點冷門
但以前只要是容易長痘痘的人都很喜歡
七葉樹+心葉球霜
使用方法
1.七葉樹：有長痘痘再用，洗完臉後直接擦在有痘痘的地方/用化妝棉濕敷10-15分鐘
2. 心葉球霜：黃豆大小用量擦全臉，覺得不夠再加量/厚敷在痘痘上 隔天就有感
粉刺也會慢慢代謝出來，所有膚質（乾或混合或油）有長痘痘粉刺都合適！",2025-10-18 12:37,"台灣藥師創立 台灣製造的保養品牌
愛用者都簡稱我們「嘉丹」
天然植萃🌿更注重安全、有感
台灣4間百貨門市
香港Sephora全門市 歡迎路過逛逛",作息亂掉
vecsgardenia_official,Vecs Gardenia 嘉丹妮爾,"週五晚安！要跟所有有預購嘉丹面膜的朋友報一個好消息🤗
這次意外的plus積雪草升級款面膜非常受大家喜愛
官網比較慢下單的朋友原來預購要等到11/16
好消息：目前我們可以提早到11/6就開始陸續出貨
金盞花面膜也提早到10/29就可以出貨了🙌🏻
真的非常感謝大家願意等！
另外專櫃有些陸續有現貨囉（可詢問各專櫃）期待你們的新品使用心得",2025-10-17 20:09,"台灣藥師創立 台灣製造的保養品牌
愛用者都簡稱我們「嘉丹」
天然植萃🌿更注重安全、有感
台灣4間百貨門市
香港Sephora全門市 歡迎路過逛逛",作息亂掉
vecsgardenia_official,Vecs Gardenia 嘉丹妮爾,"週年慶最後倒數5天！
你們知道 嘉丹的生物纖維面膜CP有多高嗎？
是真的生物纖維 不是果凍😀",2025-10-16 19:04,"台灣藥師創立 台灣製造的保養品牌
愛用者都簡稱我們「嘉丹」
天然植萃🌿更注重安全、有感
台灣4間百貨門市
香港Sephora全門市 歡迎路過逛逛",作息亂掉
vecsgardenia_official,Vecs Gardenia 嘉丹妮爾,"雖然我們的明星保養是「面膜」
但還是提醒大家
面膜是不需要天天用的
好的面膜可以讓你膚況維持最少2天
1週敷1-2次很棒
3次超級精緻
3次以上就浪費錢了
例外狀況：曬傷、醫美後等",2025-10-15 20:58,"台灣藥師創立 台灣製造的保養品牌
愛用者都簡稱我們「嘉丹」
天然植萃🌿更注重安全、有感
台灣4間百貨門市
香港Sephora全門市 歡迎路過逛逛",作息亂掉
vecsgardenia_official,Vecs Gardenia 嘉丹妮爾,"高雄和台北的朋友
明天是新光A11跟漢神巨蛋週年慶開始的第一天
嘉丹有配合百貨活動
記得去現場逛逛🫶🏻",2025-10-15 20:41,"台灣藥師創立 台灣製造的保養品牌
愛用者都簡稱我們「嘉丹」
天然植萃🌿更注重安全、有感
台灣4間百貨門市
香港Sephora全門市 歡迎路過逛逛",作息亂掉
vecsgardenia_official,Vecs Gardenia 嘉丹妮爾,"卸妝產品怎麼挑？
其實最主要可以依照妝容來選
卸妝霜可以卸除大部分的妝容（濃妝也可）
卸妝凝露除了持久唇妝跟眼線睫毛膏外都可卸除
👉🏻痘痘粉刺肌最怕油類卸妝沒有卸乾淨
但其實產品夠好，或是你有完全乳化清潔（臉上未殘留）也可以安心使用油脂類卸妝產品喔！",2025-10-14 23:19,"台灣藥師創立 台灣製造的保養品牌
愛用者都簡稱我們「嘉丹」
天然植萃🌿更注重安全、有感
台灣4間百貨門市
香港Sephora全門市 歡迎路過逛逛",作息亂掉
vecsgardenia_official,Vecs Gardenia 嘉丹妮爾,"2025年的週年慶倒數最後一週
謝謝新舊朋友的支持
也謝謝持續愛用的老粉～這次舉辦曬單活動看到大家滿滿的愛！
我們的週年慶還剩最後一週
如果你是剛認識嘉丹的朋友歡迎發問或是到置頂文看看大家曬單喜歡什麼的心得，或許對你會有一些幫助！",2025-10-14 23:15,"台灣藥師創立 台灣製造的保養品牌
愛用者都簡稱我們「嘉丹」
天然植萃🌿更注重安全、有感
台灣4間百貨門市
香港Sephora全門市 歡迎路過逛逛",作息亂掉
vecsgardenia_official,Vecs Gardenia 嘉丹妮爾,"6 個你可能不知道的嘉丹保養小秘方❗小編偷偷告訴你
#保養筆記 #今天就來試試看
1️⃣ 敷面膜前先擦角鯊，能加強精華吸收、保濕力更升級
2️⃣ 粉底液加幾滴角鯊／山茶花油，底妝服貼又保濕
3️⃣ 七葉樹精華＋化妝棉濕敷 15 分鐘，鎮定紅腫痘痘不亂滴、舒緩更有效
4️⃣ 保養順序：水狀精華 → 油類精華 → 乳霜，層層吸收不打架
5️⃣ 悶痘快冒出來時，用心葉球霜局部厚敷，隔天膚況馬上乖乖
6️⃣ 妝前擦玻尿酸精華＋角鯊，上妝服貼不卡粉
你還有什麼厲害的隱藏保養秘笈？",2025-10-12 12:26,"台灣藥師創立 台灣製造的保養品牌
愛用者都簡稱我們「嘉丹」
天然植萃🌿更注重安全、有感
台灣4間百貨門市
香港Sephora全門市 歡迎路過逛逛",作息亂掉
___1yzz,穎🐷,"「驚！我媽竟然懂顯化」
-
今天第一次接觸到顯化這個詞
所以我就問小咘 我要怎麼學會顯化
結果他竟然說 我已經做到了？哈哈哈
原來是出自我的老媽的獨門教育方法
-
從小到大 不管遇到什麼困難與失敗
我哭哭啼啼的跑去跟他求安慰
跑去跟他說 我不行 我做不到 太難了……
他都只會回我：「你沒有不行 你可以」
然後氣噗噗的說 ：
「你不要再讓我聽到一次
你說你做不到 要放棄什麼的
我是妳媽 我最清楚 自己女兒做不做得到
正是因為妳做得到 我才會要求你」
-
因此
不管是成績也好
到早餐店打工也好
什麼都好
他總是 只會堅定的告訴我
「我最了解你 所以我知道你做得到」
所以 不允許你 妄自菲薄 畫地自限
媽媽不允許你放棄
才讓我 每一次都因為他的話
無法去放棄 無法去妥協
逼著自己去 盡力去做到
-
最後 我慢慢的 學會相信自己的能力
在遇到困難的時候 或許會焦慮
但總會習慣告訴自己
雖然這不是一件容易的事
但你也很強！田穎真 你也不是做不到對吧？
「你沒有不行 你可以！」
-
黃女生還真的是一位優秀的教育家👍",2025-10-04 14:10,,作息亂掉
___1yzz,穎🐷,"最近一想到要比賽了
就很想哭🥲心臟也很不舒服🫀💥
但 走到這裡了
扛不下去也🉐扛
為了這個比賽 
為了成大法
為了隊員
還有為了自己
就算怕得要死 
也要戰到最後
-
田穎真 加油！
-
（蹲在路邊打這段話 就已經快要哭出來🫠)",2025-10-03 15:40,,作息亂掉
dr.growup.ped,剛剛好醫師-兒童內分泌Dr. 黃世綱,"有時候回想起來，疫情那幾年，真的有不少爸媽跑來說：
「醫師，怎麼小孩月經提早、骨齡也跑得好快？」
其實我們可以想想看：當孩子少運動、整天盯螢幕、作息亂掉，這些生活改變，當然會有一些影響......
要不要用藥延緩骨齡？老實說，這個真的要一個一個個案個別討論。
但最重要的，是爸媽別一個人悶在心裡，因為你們家的情況，真的不是只有你們遇到，有問題有疑慮，就找一位願意深入講解的兒童內分泌科醫師聊聊吧！",2025-08-19 19:15,"🌱兒童內分泌專科醫師
🌱專攻成長發育的兒科醫師
👉 《身高體重剛剛好》爸媽最需要的兒童成長指南
👧最看不慣有人唬爛任何長高的錯誤觀念！",作息亂掉
dr.growup.ped,剛剛好醫師-兒童內分泌Dr. 黃世綱,"某天門診，家長一進來就小聲問我：
「醫生，她 8 歲出頭，乳暈下好像有硬塊，要緊嗎？」
​
其實，孩子胸口摸到小硬塊，爸爸媽媽第一個反應常常是有點丈二金剛摸不著頭腦
​
有些人甚至會擔心「是不是腫瘤？」
​
不過，這往往就是女孩青春期剛開始的乳腺發育。
​
臨床上，我們會依照幾個步驟來判斷：
👉 年齡多大？
👉 變化快不快？
👉 身高曲線有沒有突然加速？
​
必要的時候，會再安排一些檢查，例如用　Tanner Stage 來評估第二性徵，加上骨齡X光、抽血檢驗 LH、FSH、雌激素，也常會加上骨盆腔超音波。
​
提醒大家一個重點：
✔️ 若是 8 歲以前就出現第二性徵（像是胸部硬塊），就需要盡快就醫。
✔️ 若是在 8–13 歲之間開始出現，這算是正常範圍中偏早的發育，多半可以先觀察，不需要馬上嚇自己囉！
#剛好聊聊天",2025-08-18 17:14,"🌱兒童內分泌專科醫師
🌱專攻成長發育的兒科醫師
👉 《身高體重剛剛好》爸媽最需要的兒童成長指南
👧最看不慣有人唬爛任何長高的錯誤觀念！",作息亂掉
dr.growup.ped,剛剛好醫師-兒童內分泌Dr. 黃世綱,"看著小孩瘦瘦的，爸媽難免擔心：
「是不是腸胃吸收不好？」
但如果長高速度、體重都有固定增加，
大多數孩子是健康的。
有些小孩就是體質瘦一點，
但精神很好，也沒問題。
與其猛吃什麼保健食品，不如看看三餐是否均衡。
不同孩子有不同的成長路線，
別老是和別人比較囉 :)",2025-08-18 16:45,"🌱兒童內分泌專科醫師
🌱專攻成長發育的兒科醫師
👉 《身高體重剛剛好》爸媽最需要的兒童成長指南
👧最看不慣有人唬爛任何長高的錯誤觀念！",作息亂掉
dr.growup.ped,剛剛好醫師-兒童內分泌Dr. 黃世綱,"「醫師，我是不是害孩子早熟了？」
這句話啊，我在診間真的聽過好多次⋯⋯
很多媽媽會自責，覺得是不是吃錯、用錯東西。
但其實，大部分孩子發育提早，真的和爸媽沒什麼直接關係。
有時候，就是整個世代都提早了，跟上一代真的不一樣。
所以啊，先別把錯攬在自己身上。孩子身體先往前走一步，我們爸媽的心也要慢慢跟上喔~",2025-08-17 17:15,"🌱兒童內分泌專科醫師
🌱專攻成長發育的兒科醫師
👉 《身高體重剛剛好》爸媽最需要的兒童成長指南
👧最看不慣有人唬爛任何長高的錯誤觀念！",作息亂掉
dr.growup.ped,剛剛好醫師-兒童內分泌Dr. 黃世綱,"來自業界人士的真心話：「爸爸媽媽如果接觸到任何標榜『專門看長高』的醫師，請去把醫師的名字拿去 google 一下，有時候會發現很多秘辛。
沒有兒童內分泌科執照的，沒有兒童遺傳代謝科執照的，說老實話，就是單純想賺你的錢騙你不懂而已，沒有專業實力和經驗，又想要看兒童成長，除了想當個無良商人昧著良心賺父母的錢，我實在想不到其他的原因。」
如果是我的小孩，我是絕對不會給這種醫師碰我的小孩一根寒毛。
醫界的老鼠屎其實也是不少，騙父母的錢最可惡。",2025-08-13 21:39,"🌱兒童內分泌專科醫師
🌱專攻成長發育的兒科醫師
👉 《身高體重剛剛好》爸媽最需要的兒童成長指南
👧最看不慣有人唬爛任何長高的錯誤觀念！",作息亂掉
dr.growup.ped,剛剛好醫師-兒童內分泌Dr. 黃世綱,"最近我真的覺得越來越覺得，光是把數據丟給家長，卻沒解釋清楚，真的是一場災難。
以健保App來說，其實你只要稍微摸熟一點，就能查到孩子的抽血報告。
聽起來很方便對吧？
但問題是，有些檢查項目不一定會全部上傳，所以你看到的，有可能只是半套資料。
更慘的是，有些紅字，常常讓爸媽心跳加速，可是，說真的，小朋友檢驗裡的紅字，不一定代表真的有問題，很多時候只是大人小孩適用的合理範圍不同，這點再跟發育有關的檢查項目特別明顯，像是青春期荷爾蒙這些，其實不用太緊張。
沒有醫師在旁邊幫忙解釋，反而會讓本來很冷靜的爸媽，也被嚇到一晚睡不好。
還有骨齡報告也是，有時候健保App上看到的，跟我們兒童內分泌科判讀結果，其實是不一樣的。
數據有了很好，但更重要的，是要有專家幫忙「翻譯」聽得懂、也能放心的資訊，才不會白白浪費在那裡擔心。",2025-08-13 19:57,"🌱兒童內分泌專科醫師
🌱專攻成長發育的兒科醫師
👉 《身高體重剛剛好》爸媽最需要的兒童成長指南
👧最看不慣有人唬爛任何長高的錯誤觀念！",作息亂掉
dr.growup.ped,剛剛好醫師-兒童內分泌Dr. 黃世綱,"青春期啊，真的不是什麼教科書一翻就照表操課的東西。
如果真有這麼簡單，我大概早就閒下來喝咖啡了😂
每個孩子的步調都不一樣。
有人胸部發育後兩年才來月經，有人三年才來；
有人國小就長鬍渣，有人到高中才變聲。
那些數字啊、平均值啊，只能當個大方向，不是每個人都會一模一樣。
所以啊，別整天盯著隔壁同學的進度表，不如多看看自己的孩子，多陪陪他們。這樣孩子身體有什麼變化時，才會在第一時間跟我們說！
青春期只有一次，爸媽的陪伴也是。
早一點、晚一點，真的沒差，一起走過，才是最重要的事。",2025-08-11 17:00,"🌱兒童內分泌專科醫師
🌱專攻成長發育的兒科醫師
👉 《身高體重剛剛好》爸媽最需要的兒童成長指南
👧最看不慣有人唬爛任何長高的錯誤觀念！",作息亂掉
dr.growup.ped,剛剛好醫師-兒童內分泌Dr. 黃世綱,"身高冷知識：人的身高，基本上就是常態分布，跟別人比，只要自己不是最高的，永遠都不容易滿足。
當孩子的身高在平均值，樂觀一點，可以想成
「哇，我的身高贏過一半的人！」
悲觀一點，就會聚焦在「有一半的人比我還高⋯⋯」
怎麼比都比不完的😭",2025-08-09 14:25,"🌱兒童內分泌專科醫師
🌱專攻成長發育的兒科醫師
👉 《身高體重剛剛好》爸媽最需要的兒童成長指南
👧最看不慣有人唬爛任何長高的錯誤觀念！",作息亂掉
dr.growup.ped,剛剛好醫師-兒童內分泌Dr. 黃世綱,"女兒是不是「太早」發育了，要不要馬上衝去看醫生？
這是家長最常問我的問題之一。
其實可以先不用緊張，我會請爸爸媽媽先記住三個一定要「同時」出現的警訊，才需要急著做評估：
1️⃣ 年紀太小：8 歲以前，就出現青春期的變化
2️⃣ 胸部有變化：乳暈底下摸得到一顆小硬塊
3️⃣ 長高速度快：一年長超過 6 公分
➡️ 這三個條件要「同時」發生，才需要盡快帶孩子看醫生。
如果只有符合其中一項或兩項，大多不必太擔心。因為青春期的腳步，本來就有人快、有人慢。與其急著擔心，不如先觀察記錄囉~",2025-08-08 12:53,"🌱兒童內分泌專科醫師
🌱專攻成長發育的兒科醫師
👉 《身高體重剛剛好》爸媽最需要的兒童成長指南
👧最看不慣有人唬爛任何長高的錯誤觀念！",作息亂掉
05_.liu,05_.liu,想做你的驕傲 就算我不快樂,2024-09-17 23:54,一些日常/碎碎唸🤍😔,作息亂掉
sunday__skin.studio,晴日美學Sunday Beauty| 新竹新豐皮膚管理|水飛梭|清粉刺,"過年大家都吃很好、牌也打很晚🤣
熬夜作息亂掉  爆一堆粉刺痘痘
油痘肌本身粉刺量會比較多
初期建議1週來一次
後期膚況穩定可改2-3週一次
2月空檔還有一些～
來做皮膚管理還妳漂亮乾淨臉蛋🫶🏻💡
🪧：新竹新豐做臉",2025-02-12 18:16,"［新豐、湖口］
🔹1對1預約制
🔹居家美容工作室
🔹不推銷
◽️韓國皮膚管理證書
◽️醫美美容師",作息亂掉
ontague3463,王醫師碎唸,"今天真的想把病歷摔爛😤
每天都有人來說「我昨晚又失眠，所以今天補睡到下午三點」
幹你這樣搞，晚上還想睡？睡你老母咧🙃
失眠不是你白天少睡一點就能解決，是你整個作息邏輯炸裂好嗎
你睡到下午三點，大腦會以為你現在還在白天
結果晚上十點還硬要上床？你以為你是催眠師？還是你房間有時光機？
我真的講到嘴破：補眠不是治療，是惡性循環的起手式
你早上起不來、下午沒精神、晚上硬撐，最後整個人像殭屍
這不叫失眠，這叫時間觀念破產😮‍💨
你以為你只是「睡不好」，但其實你是「根本不會睡」
生理時鐘壞掉不會自己修，要你主動 reset
不是靠手機影片放鬆，不是靠假日補眠，是每天準時起床＋不要亂補眠
你不改，我就會繼續罵
你改了，我可以教你撿回正常人生🫱
有問題可以問我，不用追蹤，我只是偶爾碎唸",2025-11-29 20:13,"不是你太難睡，是你太不改
精神科醫師｜睡眠調整碎唸師
有問題可以聯絡我的小助理，給你助眠方案，一定會回🫠",作息整個壞掉
ontague3463,王醫師碎唸,"今天真的想把整排藥水砸出去🤯
一堆人說被失眠困住，結果睡前行程是
報復性熬夜＋打手遊＋滑社群滑到心悸😮‍💨
然後來找我說：「我是不是有睡眠障礙」
不是啦，是你把睡覺當娛樂結尾，自然睡不安穩
還有人說「我一定要滑手機放鬆才睡得著」
你是手機充電器嗎？插著才會進入休眠模式喔？
失眠不是靠一顆藥解的問題
而是你整個節奏早就暴走了
睡前不是娛樂加時，是該放人下班
你不肯停下來，身體只好整夜陪你加班內耗
碎唸這麼多你可能也不會改啦，我放棄齁
有問題可以問我，不用追蹤，我只是偶爾碎唸",2025-11-28 18:16,"不是你太難睡，是你太不改
精神科醫師｜睡眠調整碎唸師
有問題可以聯絡我的小助理，給你助眠方案，一定會回🫠",作息整個壞掉
ontague3463,王醫師碎唸,"我不是一個會亂講吉祥話的人
平常門診都在碎唸、兇病人不早睡、嘴你滑手機滑到天亮
但今天早上我也想跟你講一句真的話
你會不會其實也撐很久了？
每個人都以為你還行，只有你知道你每天醒來多痛苦
但你還是刷牙洗臉、打卡上班、撐到現在
我知道你很累，但你沒有放棄
這就是我今天最想祝福的：你
不為別人，只為你自己
讓今天的你過得比昨天好一點點
你值得那個更平靜、不用硬撐的日子",2025-11-28 07:55,"不是你太難睡，是你太不改
精神科醫師｜睡眠調整碎唸師
有問題可以聯絡我的小助理，給你助眠方案，一定會回🫠",作息整個壞掉
ontague3463,王醫師碎唸,"到底要幾個人，才願意承認：你不是睡不著，是根本不會睡？
整天問：「醫師我是不是要吃安眠藥？」
啊你半夜在那邊滑抖音滑到三點，早上補眠補到中午，然後跟我說你壓力太大睡不著。
這不是壓力，是你生活邏輯爛掉了
催眠影片看到會背，助眠精油買五種，還怪自己是不是腦袋有病？
不是啦，是你搞錯方向啦。
身體不是白癡，它只是累了，等你願意面對。
來，今次不罵了。
我知道你想改，但不知道從哪開始。
🧘‍♀️我有整理一套《助眠自救方案》，留言+1我傳給你
沒保證一夜好眠，但至少不會再亂投醫。
你不留言，我也不會生氣啦，就繼續補眠補到憂鬱試試看齁🙃",2025-11-27 19:17,"不是你太難睡，是你太不改
精神科醫師｜睡眠調整碎唸師
有問題可以聯絡我的小助理，給你助眠方案，一定會回🫠",作息整個壞掉
ontague3463,王醫師碎唸,"今天真的想把病歷摔爛😤
怎麼每天都有人問：「醫師我昨天四點才睡，起來好累怎麼辦？」
你們到底是用什麼邏輯在面對自己的人生啊？？？
你四點睡，起來累，是人體自然反應，不是什麼神秘症狀。
你不是真失眠，你是捨不得睡，手機抱著像戀人，劇追到腦袋熱，然後怪枕頭怪壓力怪星座？
拜託，身體不是NPC，沒有你滑手機滑到爆肝還能精神滿滿的功能。
很多人來門診說自己「睡眠障礙」，結果問下去是生活障礙。
時間亂、光線亂、飲食亂、情緒爆炸，然後問我有沒有一顆藥可以秒睡？
我也想有啊，我賣那顆我早退休了啦
失眠不是魔法，是你生活的邏輯在亂。
邏輯沒改，再多睡眠APP、催眠冥想、補眠補假都只是拖延崩潰的時間。
講這麼多你也不一定會改，我放棄齁
你想睡，我就會在這裡，你不想改，我也不會強迫
有問題可以問我，不用追蹤，我只是偶爾碎唸",2025-11-27 18:56,"不是你太難睡，是你太不改
精神科醫師｜睡眠調整碎唸師
有問題可以聯絡我的小助理，給你助眠方案，一定會回🫠",作息整個壞掉
tzu_chi_0718,🍡,"半夜來分享韓國住宿鬼故事
去韓國六天
前兩天跟另一個粉絲一起住東大門附近
後面三天我自己住明洞那裡的旅館OYO6
第一天住沒事
第二天睡到半夜四點多
突然聽到電子鎖有逼的聲音
我就醒了
然後房門就開了
一個男的站在我房間門口
跟我對視大概五秒又把門關上
乾那應該是我人生最漫長的五秒
我整個人就是我是誰我在哪
為什麼有人開我房間的門
然後我那時候還試圖睡回去
（腦袋壞掉ㄛ以為睡著就沒事）
但越想越不對
乾他如果又回來我一個人會死在這欸
靠北所以剛剛真的有人開我房門喔
還是我在做夢
整個睡不著又不知道怎麼辦
但半夜又不知道可以找誰
（因為櫃檯0800-2200才有人上班）
後來我就打給遠在美國的陳柔蓁
跟她講了事情經過
她就一直跟我說很危險叫我趕快換飯店
我一開始還有點懶的換但又不敢繼續住
然後她就直接幫我查了新的飯店🥹
叫我東西收一收換去住那裡
但太早了也沒辦法馬上換去睡
她又幫我查了一間6.開門的雪濃湯
讓我去吃早餐
順便等旅館工作人員上班跟他們講這件事",2025-03-17 01:54,"永遠愛狗狗🐶
覺等死了再睡",作息整個壞掉
tzu_chi_0718,🍡,"既錯過鄭號錫美國演唱會之後
又錯過了美國限定松果
我會堅強⋯🐿️",2025-03-16 06:15,"永遠愛狗狗🐶
覺等死了再睡",作息整個壞掉
tzu_chi_0718,🍡,"鄭號錫你不要這麼會做周邊⋯
我會破產🫠",2025-03-08 14:58,"永遠愛狗狗🐶
覺等死了再睡",作息整個壞掉
tzu_chi_0718,🍡,好嚴格😍😍😍,2025-03-07 19:50,"永遠愛狗狗🐶
覺等死了再睡",作息整個壞掉
tzu_chi_0718,🍡,"剛剛路過腳底按摩店
跟🐑說我之後上大夜很累的話也要來按
🐑：你現在就可以去按了啊，剛出國玩回來很累吧
我（極致P人）
我：我還好欸，一點都不累哈哈哈
我在韓國每天都睡到自然醒
畫個妝吃完早餐回房間搶票
前兩天還搶不到心情超差😩
然後中午才出門:D
如果可以我甚至想不出門(￣∇￣)
（但實在是太浪費錢了所以我還是有出門）
只能說經過這次獨旅再次了解自己
ISFP不需要獨旅🥴
看完演唱會隔天再逛個街就可以回來了
我連在台灣都不太會自己出門了
憑什麼覺得出國就會
因為只有我一個人
我也沒給自己壓力
所以甚至都沒排行程哈（🐑聽了要吐血）
我就大概查好🈶哪些地方可以去
然後當天出門前才決定要去哪 free style
本人最滿意的行程除了演唱會當天
就是某一天下午坐在景福宮盯著湖面發呆半小時",2025-03-07 19:43,"永遠愛狗狗🐶
覺等死了再睡",作息整個壞掉
tzu_chi_0718,🍡,"我：我的花又開了
🐑：什麼花？
我：花開啊",2025-03-07 13:35,"永遠愛狗狗🐶
覺等死了再睡",作息整個壞掉
tzu_chi_0718,🍡,"前兩天買不到票
滑threads整個大破防
終於輪到我買到票了⋯
本來前兩天在飯店都用平板刷
（看看是誰人到了首爾玩還浪費四五個小時在刷票）
轉不出來又用手機
第一天刷了一個多小時
第二天陸陸續續刷了快三小時
什麼都沒有刷到真的很可憐
今天真的受夠了
早上先出門逛街
結果今天是逛olive young逛到一半
在路邊用手機搶
一分鐘就轉出來了⋯
前兩天還想說是不是因為我在韓國
用esim網速比較慢
後來發現好像不是這麼一回事
搶票就是一門玄學🚬",2025-03-05 14:42,"永遠愛狗狗🐶
覺等死了再睡",作息整個壞掉
yun__w127,W•͈ᴗ•͈uᥫᩣ曉昀,"Australia working holiday🇦🇺
第六站：布朗平原.Browns Plains.
《💰》 時薪 大夜39.17🔪 白班31.19🔪
1/21-7/11 （白班➡️大夜➡️白班）
塑膠工廠：總收入27,171澳幣=545,266台幣
待6個月讓我不小心成為casual老屁股
還遇到政府幫casual 漲時薪❤️
-
每週固定開銷：
🏠房租一週：135澳幣=2700台幣
⛽️油錢一週：50澳幣=1000台幣
🍽️伙食費一週：70澳幣=1400台幣
-
澳洲半桶金就是這邊存的!!!
雖然上大夜整個作息顛倒 要適應超痛苦
但錢好多多多🙌
這工作是我在超絕望的時候
用微信上昆士蘭互助群組發了個人求職招聘訊息之後
塑膠工廠經理來聯繫我的🥹
因為他給的資訊超簡短 甚至也沒說要面試
直接叫我禮拜二去試工 一開始超怕被騙
認真查了一下地址 還好真的有賣塑膠的工廠
工作內容檢查瓶子 每天走路步數絕對超過10000 ：）
一整個與塑膠屑共舞
同事有菲律賓🇵🇭台灣🇹🇼中國🇨🇳 
算是華人廠 對我來說都能溝通～
也認識了一些可愛有趣的菲律賓朋友😍
後來工廠問題越來越多 時間到我也就掰掰不做了～",2025-09-25 16:23,"²⁴ʸ ¹²/̶⁰⁷
𝟤𝟢𝟣𝟫-𝟤𝟢𝟤𝟦 ᴀɪʀ ꜰᴏʀᴄᴇ🪖
𝟤𝟢𝟤𝟦-𝟤𝟢𝟤𝟧 ᴡᴏʀᴋɪɴɢ ʜᴏʟɪᴅᴀʏ ɪɴ ᴀᴜꜱᴛʀᴀʟɪᴀ🇦🇺",作息整個壞掉
yun__w127,W•͈ᴗ•͈uᥫᩣ曉昀,"Australia working holiday🇦🇺
第五站：卡帕拉巴.Capalaba.
《💰》 時薪 收尾班29.32🔪 
1月20日 試工一天…下午5:00-半夜1:30
麵包工廠：總收入205.93澳幣=4100台幣
-
每週固定開銷：
🏠房租一週：200澳幣=4000台幣
⛽️油錢一週：35～50澳幣=700～1000台幣
🍽️伙食費一週：30～50澳幣=600～1000台幣
-
感受到沒被排班的絕望之後
在fb上看到麵包廠徵人！ 立馬投履歷～～
結果收尾班真的不是用決心就可以撐過去的
做麵團：
①把油鹽糖酵母奶粉…秤重 
②2袋麵粉+所有以上秤好的 倒進攪拌機
③期間要注意分麵團機裡的麵糰夠不夠
還有打多久 幾分鐘後要加冰水 一堆細節🥲
⚠️“清潔”攪拌機+地板+檯面
包裝：
①第一位放烤好的麵包
②第二位檢查、貼日期標籤
③第三位放到tray裡、抬到推車上➡️我🙂
（超過12點還有一堆麵包要包裝的時候超絕望）
⚠️“清潔”包裝間的地板+廁所+休息室
超級累～～但是不確定還有沒有其他工作機會
我把積極想學的態度瘋狂表現出來😍",2025-09-23 18:07,"²⁴ʸ ¹²/̶⁰⁷
𝟤𝟢𝟣𝟫-𝟤𝟢𝟤𝟦 ᴀɪʀ ꜰᴏʀᴄᴇ🪖
𝟤𝟢𝟤𝟦-𝟤𝟢𝟤𝟧 ᴡᴏʀᴋɪɴɢ ʜᴏʟɪᴅᴀʏ ɪɴ ᴀᴜꜱᴛʀᴀʟɪᴀ🇦🇺",作息整個壞掉
yun__w127,W•͈ᴗ•͈uᥫᩣ曉昀,"Australia working holiday🇦🇺
第四站：鷹場區.Eagle Farm.
《💰》 時薪 凌晨37.29🔪 /早班31.08🔪
1月17日 一天… 凌晨4點-下午2點
APG雞塊（肉？）工廠：總收入278.3澳幣=5547台幣
明明應徵雞塊 最後去別廠支援檢查雞肉…
-
每週固定開銷：
🏠房租一週：200澳幣=4000台幣
⛽️油錢一週：35～50澳幣=700～1000台幣
🍽️伙食費一週：30～50澳幣=600～1000台幣
-
持續找工作….終於在網站上背包客棧滑到!
機場附近的“雞塊工廠”
結果1月初回覆我有缺人
1/6花了1天面試 
1/9花了1天職前訓練 再等了一週工~
1/17終於求來一天的班….💩還不是去雞塊工廠❓
為了這破工作辭職清潔工作瞬間心累
記得那天全副武裝進到冷房上班
全英文環境 雙手沒停的在產線上檢查雞肉品質
手一直重複以下動作🔁：
①把路過的雞肉堆往自己靠
②檢查碎骨、血絲、髒污.. 
③檢查完一塊拋一塊（往上層輸送帶拋）
隔天雙手已陣亡…..🫠
獲得了澳洲唯一一張工牌～但很沒用
後來發現其他朋友也做過這間
聊完發現真的要大避雷⚡️",2025-09-22 16:00,"²⁴ʸ ¹²/̶⁰⁷
𝟤𝟢𝟣𝟫-𝟤𝟢𝟤𝟦 ᴀɪʀ ꜰᴏʀᴄᴇ🪖
𝟤𝟢𝟤𝟦-𝟤𝟢𝟤𝟧 ᴡᴏʀᴋɪɴɢ ʜᴏʟɪᴅᴀʏ ɪɴ ᴀᴜꜱᴛʀᴀʟɪᴀ🇦🇺",作息整個壞掉
yun__w127,W•͈ᴗ•͈uᥫᩣ曉昀,"Australia working holiday🇦🇺
第三站：桑尼班克.Sunnybank . 
《💰》 時薪25🔪 
12月 共3天
Airbnb退房清潔：總收入375澳幣=7500台幣
上班時間：10:00-1500
·上班先到老闆家拿工具 民宿都在附近 下班歸還～
·很多棟民宿 要開車過去 但都在附近～
·聽說熟練之後通過考試時薪可以漲 但我跑了～
·聽說平常同事會聚在一起玩桌遊 但我跑了～
-
每週固定開銷：
🏠房租一週：200澳幣=4000台幣
⛽️油錢一週：35～50澳幣=700～1000台幣
🍽️伙食費一週：50～70澳幣=1000～1400台幣
-
憑著一顆有什麼做什麼的決心💪
透過朋友介紹 應徵了這份工作
但是就快沒錢了 班還不多
工作也只是一直打掃…一直打掃…
所以暫時沒有感受到 “到澳洲打工的樂趣”
也可能是錢沒到位？
後來工廠聯繫我 讓我去面試 
思考過後 就決定跟老闆娘提離職啦～
ps這裡的人用過的環境超噁🤮 有發霉的西瓜..",2025-09-19 17:32,"²⁴ʸ ¹²/̶⁰⁷
𝟤𝟢𝟣𝟫-𝟤𝟢𝟤𝟦 ᴀɪʀ ꜰᴏʀᴄᴇ🪖
𝟤𝟢𝟤𝟦-𝟤𝟢𝟤𝟧 ᴡᴏʀᴋɪɴɢ ʜᴏʟɪᴅᴀʏ ɪɴ ᴀᴜꜱᴛʀᴀʟɪᴀ🇦🇺",作息整個壞掉
yun__w127,W•͈ᴗ•͈uᥫᩣ曉昀,"Australia working holiday🇦🇺
第二站：桑尼班克.Sunnybank . 
《💰》 時薪26/時薪70
12月 共做2次 /不同老闆
除草：總收入360 澳幣=7200台幣
第一次做3小時：獲得80澳幣=1600台幣
第二次做4小時：獲得280澳幣=5600台幣
-
每週固定開銷：
🏠房租一週：200澳幣=4000台幣
⛽️自己買車了～油錢一週：50澳幣=1000台幣
🍽️伙食費一週：50～70澳幣=1000～1400台幣
-
離開坑夫港後 選擇在ˢᵘⁿⁿʸᵇᵃⁿᵏ繼續澳打生存～
12/7抵達 空燒一個月 一直沒有找到正式的工作🥲
但還好認識了教會的叔叔阿姨😍
除了日常照顧我 臨時工資訊也第一個分享給我❤️
第一次算試工 叔叔直接帶著我去社區除草🌱
第二次自己獨立作業 4小時搞定🤝
Btw 12月工廠都休息 沒工作
每天都只能當超市折扣俠
去教會當愛宴清盤小隊長",2025-09-18 20:16,"²⁴ʸ ¹²/̶⁰⁷
𝟤𝟢𝟣𝟫-𝟤𝟢𝟤𝟦 ᴀɪʀ ꜰᴏʀᴄᴇ🪖
𝟤𝟢𝟤𝟦-𝟤𝟢𝟤𝟧 ᴡᴏʀᴋɪɴɢ ʜᴏʟɪᴅᴀʏ ɪɴ ᴀᴜꜱᴛʀᴀʟɪᴀ🇦🇺",作息整個壞掉
yun__w127,W•͈ᴗ•͈uᥫᩣ曉昀,"Australia working holiday🇦🇺
第一站：科夫港. Coffs Harbour.
《💰》 計件制 
9/23-12/8 
藍莓、紅莓：總收入4256 澳幣=85305台幣
平均每週薪水💰：392澳幣= 7840台幣
-
每週固定開銷：
🏠房租一週：140澳幣=2800台幣
🚗車子跟老闆租一人一週：15澳幣=300台幣
⛽️油錢一人一週大約：15澳幣=300台幣
🍽️伙食費一週：80～100澳幣=1600～2000台幣
-
澳洲生存一年之後 現在回頭看
才發現那邊真的是坑夫港^_^
薪水低到一個unbelievable
一整天工作時間還很長🥲 
但是我體驗過農場生活了！🧑‍🌾",2025-09-17 17:13,"²⁴ʸ ¹²/̶⁰⁷
𝟤𝟢𝟣𝟫-𝟤𝟢𝟤𝟦 ᴀɪʀ ꜰᴏʀᴄᴇ🪖
𝟤𝟢𝟤𝟦-𝟤𝟢𝟤𝟧 ᴡᴏʀᴋɪɴɢ ʜᴏʟɪᴅᴀʏ ɪɴ ᴀᴜꜱᴛʀᴀʟɪᴀ🇦🇺",作息整個壞掉
crystal_winter2310,冬天礦礦｜水晶·礦石·有的沒的～,"本來想說最近這兩天有比較好一點，總算沒有再連續每天拉肚子了～
昨天都可以喝麥香奶茶了，今天一定可以！！！！
然後挑戰失敗☹️
喝完可樂之後又跑廁所了嗚嗚嗚嗚
好吧結論，目前進度：
可以喝麥香但不能喝可樂🙅‍♀️
(至少現在肚子餓的時候不會那麼痛了
-
話說，想起幾年前的某次胃炎那才叫做慘...
每天睡醒先胃絞痛，吃完東西再絞痛一次，前期是只要一吃東西就想吐...
(是真的會吐的那種！不是嚇唬你的乾嘔)
一整個月都只能吃白粥🥣
吃到學餐的阿姨都認得我了😅
(因為我會跟她客製化白粥🤣)
重！點！是！！！
一整個月都不能喝飲料🥹
那才叫做痛苦((捶牆壁
所以現在我變成腸胃小天才（？
但是作息這種東西真的好難_(:_」∠)_
就是，它會變成一個生理時鐘
壞掉的那種🥲
好啦我現在要努力從美國搬走
(現在過的是美國的時間🇺🇸)
一定沒人看得懂我在講啥小哈哈哈哈",2024-03-27 09:03,"◽️喜歡音樂和晶礦的怪奇人類
◽️分享生活、晶礦和微ㄎㄧㄤ日常😆
可以去我哀居逛逛👉🏻滿千免運 .ᐟ.ᐟ",作息整個壞掉
crystal_winter2310,冬天礦礦｜水晶·礦石·有的沒的～,"雖然胃在發炎
但是看到冰箱昨天喝剩下的奶茶🥤
還是好想哈一口🥺",2024-03-21 21:48,"◽️喜歡音樂和晶礦的怪奇人類
◽️分享生活、晶礦和微ㄎㄧㄤ日常😆
可以去我哀居逛逛👉🏻滿千免運 .ᐟ.ᐟ",作息整個壞掉
crystal_winter2310,冬天礦礦｜水晶·礦石·有的沒的～,"熬夜的報應....
又來了🥲🥲🥲",2024-03-21 05:45,"◽️喜歡音樂和晶礦的怪奇人類
◽️分享生活、晶礦和微ㄎㄧㄤ日常😆
可以去我哀居逛逛👉🏻滿千免運 .ᐟ.ᐟ",作息整個壞掉
crystal_winter2310,冬天礦礦｜水晶·礦石·有的沒的～,"包包裡一堆石頭🤣
小時候常聽大人說：
「你書包怎麼那麼重！是揹石頭哦」
(台語：久陶)
這會兒還真的是揹石頭出門了哈哈哈
(紫晶鎮)",2024-03-20 08:59,"◽️喜歡音樂和晶礦的怪奇人類
◽️分享生活、晶礦和微ㄎㄧㄤ日常😆
可以去我哀居逛逛👉🏻滿千免運 .ᐟ.ᐟ",作息整個壞掉
crystal_winter2310,冬天礦礦｜水晶·礦石·有的沒的～,"最近的愛將👇🏻
這對翅膀是不是超美💕
搭配架子放起來，好像天使一樣
愛死了😍😍
材質是透石膏~
私藏品 😌",2024-03-17 08:36,"◽️喜歡音樂和晶礦的怪奇人類
◽️分享生活、晶礦和微ㄎㄧㄤ日常😆
可以去我哀居逛逛👉🏻滿千免運 .ᐟ.ᐟ",作息整個壞掉
hope4peace0415,願心承平,"Day ❶❾ | 躁期的煩惱
這兩天是我的躁期
靈感湧現、做事積極、自信滿滿
這樣的狀態真的讓我很開心
.
.
但是
一到睡覺時間
痛苦就臨到我
整夜翻來翻去
「我失眠了」
.
過去
不懂「睡眠」對躁鬱的重要
睡不著就乾脆不睡了
整夜當熬夜超人，瘋狂做事
長期缺眠後，直接精神崩潰
最後被救護車送進精神病院
.
.
現在
睡不著也會繼續躺著，至少能淺眠
.
只是身體很累；卻無法關機大腦
這種拉扯，真的很煎熬
.
想請問脆友們
可以建議我什麼助眠小方法？",2025-09-29 06:49,這裡紀錄我的「痊癒之路」,睡眠不佳
hope4peace0415,願心承平,"Day ❶❽ |  教師節那天的安息禮拜
某年教師節
我敬愛的家人舉行了告別安息禮拜
她同時是一位教師
那天，在家屬致謝中
我聽到一句話，瞬間淚崩：
「...今天是她帶給我們的最後一堂課...」
.
她是我信仰的啟蒙
她是我破碎童年的安慰
她把我當成自己小孩照顧
.
.
「我們曉得萬事都互相效力，
叫愛神的人得益處，
就是按他旨意被召的人。」--羅馬書 8:28
這是我在禱告中常背誦的經文
也是她在我未信主前教導我的
.
我相信
在天國我們能再見面
只是對不起
到時候才能親口告訴妳
我愛妳",2025-09-28 07:01,這裡紀錄我的「痊癒之路」,睡眠不佳
hope4peace0415,願心承平,"Day ❶❼ | 願景顯化日誌
鬱期結束轉入平穩期
不久之後，就會迎來躁期
如同潮汐漲退，周而復始
.
.
今天是平穩期
我已經預備了躁期時能做的事
就像旅遊前要準備行李
我把每一次躁期，都想像成一場旅程
躁期，是冒險與刺激
鬱期，則是在家休息
.
.
這一次
我準備製作「願景顯化日誌」
已經在Notion抓了模板
調整成自己喜歡的樣子
接下來就是慢慢填滿它
.
等能量充沛的躁期來臨
會想出100件65歲前要完成的事
躁期，總是我靈感爆發的時期
.
當我越瞭解自己的躁鬱
我就越期待躁、鬱的來到
既然必會遇見，何不享受與躁鬱共處？",2025-09-27 07:13,這裡紀錄我的「痊癒之路」,睡眠不佳
hope4peace0415,願心承平,"Day ❶❻ | 作息與躁鬱
近十年與躁鬱共處發現
當本身的生活作息不夠規律
躁鬱振幅再疊加上去
就會更被推向兩個極端
躁期與鬱期彷彿是兩種不同的個性
.
.
所以我致力於創建一個穩定的「生活模組」
早睡早起、規律運動、按時照行事曆行動
這些像是蓋大樓的基礎地基工程
當躁、鬱襲來
還可以在範圍內平衡生活
一、睡眠
努力維持六點前起床
躁期晚睡一點-至少六小時
鬱期早睡一點-睡超過十小時
二、運動
平常是一週三次運動
躁期就有力氣就多動一些
鬱期則是有動就很棒了
三、按行事曆行動
躁期會有很多靈感和想做的事
不會急著馬上執行
而是先加進的行事曆
讓大腦安定下來
鬱期沒力氣
會延後不急的事
只留下真正該做的事
讓行事曆留白、讓自己休息
.
.
這樣穩定「生活模組」
是我人生中的基礎工程
讓我在躁、鬱擺盪中取得平衡",2025-09-26 06:53,這裡紀錄我的「痊癒之路」,睡眠不佳
hope4peace0415,願心承平,"Day ❶❺ | 躁鬱處方清單
近十年來
我一路走過躁鬱起伏
逐漸地知道與它共處的秘訣
我整理出屬於自己的「處方清單」
分別躁期、鬱期能做的事
.
.
今天鬱期再次悄悄滲透身心
我試著「以鬱攻鬱」的方式
來釋放沉重能量
.
.
巧合的是
今天圖書館預約書到了
那是個關於悲傷的故事
.
閱讀時
隨著文字感受憂鬱流動
同時也釋放自己的情緒
.
書本闔上後
沉重能量減少了
心也慢慢平衡回來了",2025-09-25 09:50,這裡紀錄我的「痊癒之路」,睡眠不佳
hope4peace0415,願心承平,"Day❶❹ |  日照與躁鬱
不到六點
我打開窗戶
涼涼的風吹進來
本該要是舒爽的一天
但身心卻沒什麼力氣
.
.
我知道，鬱期要更加深了
坐在書桌前發呆
看著陽光漸漸變炙熱耀眼
我問自己：
「我能做點什麼，幫助自己恢復能量？」
.
於是
我決定花半個小時
到公園走走，曬曬早晨的太陽
在大魚池邊餵魚
心情也雀躍起來
.
.
我想這個秋冬
鬱期將會被更多的小雀躍照亮",2025-09-24 08:58,這裡紀錄我的「痊癒之路」,睡眠不佳
hope4peace0415,願心承平,"Day ❶❸
今天是秋分
白天與夜晚平分的日子
接下來夜晚就會越來越長
在日夜時長平衡的一天
也希望我情緒能好好平衡
不要暴走的躁
不要迷路的鬱
好好的走下去！",2025-09-23 06:55,這裡紀錄我的「痊癒之路」,睡眠不佳
hope4peace0415,願心承平,"Day ❶❷ 
我太在意別人對自己的看法
打了好多自己的真實內心
卻沒有勇氣放上來
天氣漸漸轉秋
情緒也容易負面憂鬱
我會一天一po
希望能勇敢表達自己",2025-09-22 14:49,這裡紀錄我的「痊癒之路」,睡眠不佳
hope4peace0415,願心承平,"Day ❶❶
每次我媽告訴我
「妳明天會比今天更好！」
.
.
我就感受到很沉重
如果我沒有比較好
是不是媽媽會失望呢？
.
.
還好我們沒有住在一起
一週見一次
至少
我可以一週比一週好",2025-09-21 06:45,這裡紀錄我的「痊癒之路」,睡眠不佳
hope4peace0415,願心承平,"DAY ❾｜心理諮商帶我認識自己
.
.
.
到目前為止
我經歷過三位心理師
.
.
第一位-實習心理師
陪我從麻木不仁
慢慢學會如何覺察自己的情緒
.
.
第二位-M心理師
帶我嘗試藝術治療
從此我愛上蠟筆創作
甚至在失眠時
能盡情用蠟筆揮灑想像
.
.
第三位-E心理師（進行式）
是最高效幫助我的一位
但同時又不失輕鬆
到底「高效」在哪裡？
明天會再分享
.
.
〈三次諮商，高效獲得心的力量〉",2025-09-19 08:45,這裡紀錄我的「痊癒之路」,睡眠不佳
hope4peace0415,願心承平,"從今年三月開始
我慢慢建立了規律運動的習慣
從一週一次重訓
到現在一週三次運動
重訓兩次、游泳一次
偶爾還會去打籃球
運動不僅讓我的體態更結實
也讓躁鬱的起伏變得不再難受
即使心情再差
我也會去運動
因為身體已經記住了這份習慣
就像最近進入鬱期
每天睡覺超過十個小時
情緒也不太好
但我依然能維持正常的社交
我慢慢發現
運動、睡眠、飲食
就像三股合成的繩子
緊緊地把我拉住
穩固了我的躁鬱",2025-09-18 11:00,這裡紀錄我的「痊癒之路」,睡眠不佳
hope4peace0415,願心承平,"只花 3 分鐘寫日記 ✍🏻
卻慢慢帶我走過情緒的起伏
從去年三月開始
我斷斷續續寫下「未來日記」
到今天，已經是第 46 次了
回頭讀第一次的內容
滿是浮躁與不安
那些情緒
如今已像過眼雲煙 🌫️
現在的我
雖然仍會受躁鬱影響
卻已經學會
如何陪伴自己走過高峰與低谷
你也常覺得焦躁不安嗎？
或許
只要花 3 分鐘寫日記
就能慢慢看見屬於自己的改變 ✨",2025-09-17 06:59,這裡紀錄我的「痊癒之路」,睡眠不佳
hope4peace0415,願心承平,"圖書館預約的書到了
感謝在我最絕望時
跳出那個通知
內心如一攤死水
翻開此書
如同一股清泉
正在慢慢湧入
在躁鬱中掙扎的我
很期待這場療癒之路",2025-09-16 09:56,這裡紀錄我的「痊癒之路」,睡眠不佳
hope4peace0415,願心承平,"去年我去做心理諮商
是一位實習心理師
那時我內心麻木不仁
不知道要說些什麼
剛開始諮商的時候
如果我沈默
實習心理師也不問
我們就一直靜靜地互看
那次之後
我覺得很浪費錢
所以每次去諮商前
都會先想想
我最近的內心的感受
沒想到
這個習慣延續到現在
讓我學會了
在生活中察覺自己的情緒",2025-09-15 07:24,這裡紀錄我的「痊癒之路」,睡眠不佳
keto_399,減醣好自在,"🌟 MCT中鏈脂肪酸：你的新超級食物！🌟
你知道嗎？MCT中鏈脂肪酸就像是你的身體的「快車道」！
🏎️💨 它能迅速轉化為能量，幫助你在運動時不再感到疲倦，還能助你燃燒脂肪，讓你變得更苗條！💪✨
為什麼要選擇MCT油
1. 快速能量：不再拖拖拉拉，立刻充電！🔋
2. 提升專注力：讓你的大腦運轉更快，工作效率UP！🧠💡
3. 促進新陳代謝：幫助消化，讓你吃得開心，瘦得輕鬆！➡️🏃‍♂️
🍽️使用方式簡單！
可以加在你的咖啡、果汁或是沙拉裡，讓每一口都充滿活力！☕🥗
💖快來試試MCT中鏈脂肪酸，讓你的生活更健康、更有活力！
👉 想試試的朋友看這邊（我自己買的連結）：
🔗 點我體驗
s.shopee.tw/2LM6G…",2025-07-16 19:46,,睡眠不佳
keto_399,減醣好自在,"✨脂肪肝也能吃油？MCT油了解一下！
#脂肪肝飲食 #無膽囊生活 #MCT油怎麼吃
很多人一聽到脂肪肝，就覺得不能碰油...
但其實！有種油 不只不怕，還可能幫上忙😯👇
🥥 MCT油是什麼？
中鏈三酸甘油酯，中鏈=好吸收！
✅ 不需要膽汁消化，沒膽囊也能安心用
✅ 進肝就轉能量，不容易變成脂肪
✅ 幫助代謝、增加飽足感
📉 脂肪肝為什麼需要它？
☑️ 有研究發現，搭配飲食調整
MCT油可能幫助減少肝脂肪、促進減重
也對胰島素敏感度有一點加分！
――
⚠️ 但用法超重要！
🚫 不是越多越好
🚫 熱量高，每湯匙約120大卡
👉 建議從1/2~1茶匙開始，隨餐吃最安全！
👉 取代其他油脂，不是多加一匙！
👉 若有腹瀉、噁心，代表劑量太高啦～
――
💡 誰適合試試？
✔️ 脂肪肝但願意控制飲食的人
✔️ 沒有膽囊、容易消化不良者
✔️ 正在調整體重的你！
💬 最後提醒：
不是神油，不是藥！
搭配飲食控制＋規律運動，才是脂肪肝的王道💪",2025-07-13 14:30,,睡眠不佳
keto_399,減醣好自在,"🧠 【帕金森症的中醫療法—你知道中醫怎麼看「顫抖」嗎？】
帕金森病在中醫稱為「顫證」，常見症狀包括震顫、僵硬、動作遲緩。
📍中醫認為，這些症狀的根源在於 —— 腎精虧虛，肝風內動，瘀血阻絡。
🌿 中醫怎麼調理？
🔹 補腎：六味地黃丸、龜鹿二仙膠
🔹 熄風：大定風珠、天麻鉤藤飲
🔹 活血：地黃飲子＋丹參、桃仁
🔹 針灸：太沖、太溪、百會、風池
🔹 八段錦、太極拳 → 改善僵硬與平衡感！
📚 現代研究證實：
✅ 中藥＋西藥可減少震顫、改善運動功能
✅ 針灸刺激可提升腦部多巴胺水平
✅ 中醫調理對#失眠、便秘、情緒障礙也有幫助！
――
📌 生活建議
🥣 飲食補腎：黑芝麻、核桃、山藥
🛌 睡眠調息：亥時前入睡（21-23點）最#養腎
💡 保持#心情平和，#避免情緒波動傷肝！
――
✨ 中醫在帕金森治療中強調「整體調節」與「個體化處方」
別忘了找合格中醫師辨證調理，才不會「吃錯補錯」！
#帕金森病 #中醫療法 #顫證 #補腎益腦 #針灸 #中西醫結合 #腎精虧虛 #肝風內動 #中藥調理 #中醫知識分享",2025-07-11 18:38,,睡眠不佳
keto_399,減醣好自在,"👉 吃油反而更健康？營養師解析「油脂的6大好處」
🖼️ 油脂不需要胰島素參與
🧠 脂肪消化靠的是膽汁和酶，不是胰島素！
✅ 對血糖不穩、糖友來說，比碳水更穩定！
🖼️ 是細胞修復的重要原料
🧬 Omega-3 & Omega-6 是細胞膜的建材
✨ 缺油＝細胞修不好＝慢性發炎找上門！
🖼️ 幫助吸收維生素A、D、E、K
🥬 再多青菜水果沒吃到油也白搭？
👉 脂溶性維生素需要「油」一起進腸道才吸收得好！
🖼️ 潤腸、改善便秘
🚽 每天一匙橄欖油 + 溫水
👉 很多慢性便秘族試了都說有感！
🖼️ 油脂能緩解腸胃不適（但要挑對）
⚠️ 炸物不等於好油！
✅ 植物好油、低溫烹調，才是真的助攻腸胃
🖼️ 挑對油才是關鍵！
✅ 推薦：橄欖油、堅果油、魚油
⚠️ 少碰：反式脂肪、炸油、加工奶油
✨ 每日20–30g好油，幫助健康、排便、修復一次到位！
🖼️結語💬 你每天都有「吃油」的習慣嗎？
留言告訴我你最愛的健康油脂👇
#脂肪不是壞人 #吃對油才是關鍵 #營養生活",2025-07-10 18:24,,睡眠不佳
keto_399,減醣好自在,"🔥【陽氣治癌真相】中醫博士震撼揭秘：升溫1℃ = 癌細胞崩解！
癌症不是絕症，而是身體陽氣失衡的警訊。
💥 你知道嗎？體溫只要上升1℃，癌細胞的裂解速度就能提升40%！這不是迷信，是現代熱療與中醫經典《傷寒雜病論》的共識。
🌟 真實逆轉案例
✅ 血癌患者持續高燒7天，癌細胞竟然全數消失
✅ 卵巢癌患者靠扶陽古方＋素食，腫瘤指標CA125從680降至35
🧭 古方改良—體質對症選用
•	❄️虛寒：紅棗5顆+乾薑3g+肉桂1g → 燜泡代茶
•	🔥實熱：大黃1g+薄荷3g → 煮水100ml 餐前服
🕊️ 癌細胞不是敵人，而是你透支生命後，身體發出的最後求救信號。
🩺 別再只靠化療借刀殺敵，請重啟你體內真正的「太陽」！
❤️ 愛，是最強的良藥
陽氣的源頭，不只是飲食與作息，更是「無條件的愛」。
🔑原諒、慈悲、喜捨——這些正面情緒能瞬間提昇氣場與免疫力，是身體最深層的療癒能量。
#陽氣抗癌 #自癒力啟動 #古方智慧",2025-07-07 09:07,,睡眠不佳
wang85752,Zhengjie Wang,"睡眠不佳的情況，可飲用近日盛產的「酸梅湯」或是檸檬汁，這些「酸」的能量能入「肝臟」。肝臟乃是我們的三魂的所在地，三魂的氣安定了、七魄的血方能穩定流通。
以下分享「太上玄靈北斗本命延生真經」中的簡易收驚咒（左圖）與北斗真君神咒（又稱安魂定魄智慧咒）（圖中與圖右）。一樣在持咒前先誦唸一下「淨口神咒（丹朱口神，吐穢除氛。舌神正倫，通命養神。羅千齒神，卻邪衛真。喉神虎賁，炁神引津。心神丹元，令我通真。思神煉液，道炁常存。急急如律令。）淨身神咒（靈寶天尊，安慰身形。弟子魂魄，五臟玄冥。青龍白虎，對仗紛紜。朱雀玄武，侍衛我真。急急如律令。）淨心神咒（太上臺星，應變無停。驅邪縛魅，保命護身。智慧明淨，心神安寧。三魂永久，魄無喪傾。急急如律令。在智慧咒（右圖）後面，護我身形的左邊，即是「陰七魄」的諱號（諱號是是一種代表神靈的符號。是諸界天神的隱名，既是隱則不明現、以心相通）這七個字「不要唸出聲」！再強調一次「不要唸出聲」！只唸在心裡，由心與心相通而產生作用。音唸ㄉㄡˇ，ㄕㄠˊ，ㄍㄨㄢˋ，ㄒㄧㄥˊ，ㄅㄧˋ，ㄅㄨˇ，ㄆㄧㄠ。常唸智慧咒，除了增進靈感、增加智慧外，最主要能達到安魂定魄的功效，分享給有緣的您🙏",2025-04-16 16:37,在下三傑🙏一位活在當下50+LKK所創建的莊園，歡迎您的蒞臨,睡眠不佳
wang85752,Zhengjie Wang,"節氣來到穀雨的同時，地球吸收太陽的能量，也即將來到滿上的時刻，而反應在人的身上，氣行也行進到上丹田上的百會穴。在易經的卦象則以「澤天夬（ㄍㄨㄞˇ）」卦呈現。易經卦辭云：夬：揚于王庭，孚號有厲，告自邑，不利即戎，利有攸往。意思是：當君王在朝廷上公開宣布決策，雖然出發點是是為了大義而發聲，但這麼做也會觸動到某些利益或權勢，容易招致阻礙或反彈，因此唯有先從本地先開始整頓，不適合的立即改變，而這個改變是建立在有目標，還有堅決的勇氣與毅力之下。
明白易經的道理，與當前節氣所產生的能量現象，這都是在告知我們，目前正處於陽盛陰衰之時，是除惡揚善的改變好時機。此時當以靜制動，觀察潛藏在自己身上的負能量，藉由自然能量的趨勢，讓自己「順勢而為」來改變自己的陋習，依勢而為將可以達到事半功倍的效果。「內省自己」除了可以「改變命運」，最主要是「揚升自己」來提升自己身心靈的層次。隨之而來的巳月也來到乾滿之時，即將陽極轉一陰而生，當自己在此時準備好了，何懼於未來的轉變。
因此明白天地自然的運作法則，善用在自己身上，這也是生而為「人」的最大優勢，生命的過程雖然辛苦，但苦盡甘來的「智慧」，卻是永遠不會消失的珍貴「寶藏」",2025-04-16 10:54,在下三傑🙏一位活在當下50+LKK所創建的莊園，歡迎您的蒞臨,睡眠不佳
wang85752,Zhengjie Wang,"隨著節氣來到「穀雨」，也正式宣告春季即將結束，準備迎接夏季的到來。從4月17日開始到5月4日，這18天也是五行中「土」性能量的作用時間。隨著穀雨氣的到來，身體內的氣行由清明節所在的兩乳中往上，穿過肩膀由後頸部一路往百會穴行進。由於土性能量的強化與作動，伴隨著氣行的帶動，間接造成肩頸肌肉緊繃外，也增加了腦部的高壓。造成脖子與肩頸的不適，牙齦腫脹，耳鳴或是中耳炎的產生，容易多夢，難以入眠，精神較為渙散無法集中等現象產生。特別注意的是有「憂鬱症」及「躁鬱症」者，這段時間比較容易產生幻聽以及幻相的狀況，因此陪伴者要多用一點心去包容與理解。
這段期間多讓自己的雙腳光著腳丫子與大地接觸，尤其是能光著腳踩在草皮上來卸除身體的火氣。工作之餘找個幾秒鐘的時間，讓身體微後仰躺做一兩次深呼吸，讓靜脈回流順暢，減緩腦部的壓力。身體放鬆後，用雙手輕揉脖子、肩頸交界處，再搭配深呼吸，讓肩頸肌肉放鬆。腦與腸道是想通連的，因此這段期間忌暴飲暴食，土王用事的18天也是照顧自己腸胃的好時機，細嚼慢嚥多吞口水，是涵養脾胃的最佳良方。
節氣是一個過程，也反應了自己身體內的不足處，多觀察自己，只要留得青山在，永遠不怕沒柴燒🙏",2025-04-14 20:47,在下三傑🙏一位活在當下50+LKK所創建的莊園，歡迎您的蒞臨,睡眠不佳
wang85752,Zhengjie Wang,"當自己開始「不再比較了」
您將發現
眼前所有的一切
都是最美好的
存在❤️🌈🙏",2025-04-13 21:06,在下三傑🙏一位活在當下50+LKK所創建的莊園，歡迎您的蒞臨,睡眠不佳
wang85752,Zhengjie Wang,"原來如此
在threads與IG同時發文，會在threads產生重複的同樣內容。今天總算明白了😄😄😄",2025-04-12 16:34,在下三傑🙏一位活在當下50+LKK所創建的莊園，歡迎您的蒞臨,睡眠不佳
wang85752,Zhengjie Wang,"每當我們到廟宇、佛寺參拜禮佛後，心靈總是覺得變得更安穩、踏實，而這個安穩與踏實的能量皆來自神光與佛光能量的加持。其實萬物皆存在光，而這個光的主要作用，即是照耀自己生命旅程所有的「外相」，透過「相」的呈現，來讓自己感知與學習。而萬物所產生的光，差別在於顏色與能量的不同，直接反應在萬物當下的思想與修為。而光的能量，亦隨著經驗的累積、領悟的不同，讓自己所照耀的範圍與功能都不一樣。為什麼我們無法像神佛一樣，擁有「無量光」呢？最主要的原因是我們常常在「消耗」自己的能量！透過我們的「慾望」「比較」「分別」「多語」「多思」「憤怒」⋯向外的身、口、意。讓自己所累積擁有的「福報」「體力」「精神」，與自己向外直接或是間接接觸的一切，彼此間能量相盪、相抗衡。難怪神佛才要在經典中，指導我們要「獨守己心」、「收攝六識」，為的就是要讓我們自己身上的「光」，能夠照的更明亮、照的更廣。除了照亮自己的前程，也照亮了一旁有緣的眾生。
天道無親常與善人！天助自助者！別再怪老天爺不幫助我們。自己的「心燈」得靠自己來「擦拭」來添加經驗與福報，唯有時常的「內省自己」「觀察自己」「改變自己」，才是成就「無量光」最有效的方法🙏",2025-04-12 15:27,在下三傑🙏一位活在當下50+LKK所創建的莊園，歡迎您的蒞臨,睡眠不佳
wang85752,Zhengjie Wang,"每當我們到廟宇、佛寺參拜禮佛後，心靈總是覺得變得更安穩、踏實，而這個安穩與踏實的能量皆來自神光與佛光能量的加持。其實萬物皆存在光，而這個光的主要作用，即是照耀自己生命旅程所有的「外相」，透過「相」的呈現，來讓自己感知與學習。而萬物所產生的光，差別在於顏色與能量的不同，直接反應在萬物當下的思想與修為。而光的能量，亦隨著經驗的累積、領悟的不同，讓自己所照耀的範圍與功能都不一樣。為什麼我們無法像神佛一樣，擁有「無量光」呢？最主要的原因是我們常常在「消耗」自己的能量！透過我們的「慾望」「比較」「分別」「多語」「多思」「憤怒」⋯向外的身、口、意。讓自己所累積擁有的「福報」「體力」「精神」，與自己向外直接或是間接接觸的一切，彼此間能量相盪、相抗衡。難怪神佛才要在經典中，指導我們要「獨守己心」、「收攝六識」，為的就是要讓我們自己身上的「光」，能夠照的更明亮、照的更廣。除了照亮自己的前程，也照亮了一旁有緣的眾生。
天道無親常與善人！天助自助者！別再怪老天爺不幫助我們。自己的「心燈」得靠自己來「擦拭」來添加經驗與福報，唯有時常的「內省自己」「觀察自己」「改變自己」，才是成就「無量光」最有效的方法🙏",2025-04-12 15:25,在下三傑🙏一位活在當下50+LKK所創建的莊園，歡迎您的蒞臨,睡眠不佳
wang85752,Zhengjie Wang,"神、佛是無形無相的真實存在
就看自己
是否認識他
願意依照他們的精神來修持
並改變自己
當自己的修行與德行
累積到一定的程度
透過自己的
「光」與「誠意」
您將發現神佛存在的痕跡🙏",2025-04-10 20:46,在下三傑🙏一位活在當下50+LKK所創建的莊園，歡迎您的蒞臨,睡眠不佳
wang85752,Zhengjie Wang,或許是因為自己親眼見證過太多不幸的故事，路過看著別人的遭遇、總是會喚起自己已經開始封印的「雞婆個性」！滔滔不絕的寫一大堆東西，但這都是在下真心的呈現，您覺得可用那就收下，只是希望能有所幫助到。「雞婆個性」是在下必修的學分，或許在往後的某一天，囉嗦文章不見了，取而代之的就只剩下「按讚」的技能😁😁😁🙏,2025-04-10 20:20,在下三傑🙏一位活在當下50+LKK所創建的莊園，歡迎您的蒞臨,睡眠不佳
wang85752,Zhengjie Wang,"人總是為了追求外在的「假相」
獻出真心
掏心掏肺
直到「真相現前」後
又讓自己激起「情緒的海嘯」
來淹沒自己的身心靈
讓自己痛苦不已
到最後
以一句「早知道」
來結束這場空無所得的鬧劇
人生的旅程
如果沒有走過這一回
自己怎知道
這娑婆世界的真相
越是追求越是「苦」
唯有回歸自己
回歸本心
那一切才是
真🙏",2025-04-10 14:12,在下三傑🙏一位活在當下50+LKK所創建的莊園，歡迎您的蒞臨,睡眠不佳
wang85752,Zhengjie Wang,"藉由眼睛所看見的所有「假相」
來成就
最「真實」的自己
這也是「借假修真」的印證與活用🙏",2025-04-10 10:42,在下三傑🙏一位活在當下50+LKK所創建的莊園，歡迎您的蒞臨,睡眠不佳
wang85752,Zhengjie Wang,動者靜之基🙏,2025-04-06 08:42,在下三傑🙏一位活在當下50+LKK所創建的莊園，歡迎您的蒞臨,睡眠不佳
wang85752,Zhengjie Wang,"接納！才是改變「後悔」的最佳良藥
路是靠自己走出來的
成功與失敗
都是為了成就不朽的自己所呈現的課題🙏",2025-04-06 08:25,在下三傑🙏一位活在當下50+LKK所創建的莊園，歡迎您的蒞臨,睡眠不佳
wang85752,Zhengjie Wang,山、水的作用,2025-04-05 16:54,在下三傑🙏一位活在當下50+LKK所創建的莊園，歡迎您的蒞臨,睡眠不佳
wang85752,Zhengjie Wang,近日國際局勢似乎聚焦在美國總統身上。無論是哪個國家的總統，在上位者的一舉一動，在目前九紫離火的快速炎上加持下，都會以「加速」的方式呈現出相對的現象出來。權與利兩者如同水一般，可以載舟亦可覆舟。慾望的「洪流」、以及「怨恨」的能量，也反應在現今的「地震」與「洪害」這可怕的天災上。身為小老百姓的我們，在歷史的借鏡下，只能隨機應變自求多福了🙏,2025-04-05 15:00,在下三傑🙏一位活在當下50+LKK所創建的莊園，歡迎您的蒞臨,睡眠不佳
wang85752,Zhengjie Wang,"朋友在問：清明節要去掃墓，什麼水果不能拜啊🤔
我們常聽聞鳳梨、梨子、李子、香蕉合稱招李梨旺，這麼棒的組合，怎麼不能用在祭拜與我們有直系共通血脈的祖先，更有甚者還說祖先屬陰的太旺不好？
沒有先祖的根源則沒有我們的產生，我的存在得依賴父母親的交合、而形成假體藉由投胎讓我得以在人道修行體驗。自己會選擇誕生於此，我們與先祖父母們彼此間都有一定的交集與共通點，則稱為「連償債」，簡單的翻譯稱為「共通學習的課程」！因為血脈基因相同、則能產生共振的能量。因此我們過的很好，這股快樂幸福的能量也能共振在祖先那。同樣的先祖過的好，我們也能得到相同的能量回饋。因此祭祖首重「心誠」！再者當準備先祖喜歡的食物來祭拜。
而農曆七月的普渡，所祭拜的無主孤魂並非自己的直系血親，因此才會忌諱一些「諧音」來準備物品供養。至於番茄、番石榴，這是起源於過去「外來的品種」，因此才冠上「番」字，這是種族自大與歧視所造成的因素。而宗教信仰有提到，每個人誕生到人道，都是帶有使命的，因此有些水果種籽可以吞下肚的不能拜神明，因為這代表著「吞旨」、意指不服從上天的旨意。
綜觀萬法一切「唯心」！能修成神佛早就無「分別心」了！凡事心誠則靈也🙏",2025-04-04 18:53,在下三傑🙏一位活在當下50+LKK所創建的莊園，歡迎您的蒞臨,睡眠不佳
takoxo,takoxo,"昨天…吃了藥還是沒有睡。
想到脆友跟老公說「千萬不要放棄自己」
醫師跟我說憂鬱症一直反覆發作會早發型失智。也有醫師說成癮安眠藥有3成8的機會導致失智。就我所知長期睡眠不佳也會失智（而且我還是經常沒有睡）
唉😮‍💨結論就是失智吧",2025-09-10 22:21,在康復之路上日行一善。,睡眠不佳
takoxo,takoxo,"要搬去居住高雄一陣子，不知道高雄有沒有推薦的身心科醫師，目前憂鬱症已經好轉，主要是不慎停藥造成反彈性失眠延長跟想要討論減藥的問題，希望是熟悉腦科學或相信有停藥戒斷延長症狀的醫師，或許有可能需要調藥…希望廣大的脆友幫忙介紹😭
身心科",2025-09-08 14:44,在康復之路上日行一善。,睡眠不佳
takoxo,takoxo,"中醫師開了：
桂枝龍骨牡蠣湯、歸脾湯、天王補心丹、茯神、夜交藤、合歡皮。（印象中是這些）
應該都是很好的睡眠藥，一般人應該會很有效，（前一個醫師主要是開6克加味逍遙散）只是我安眠藥PAWS太嚴重所以都沒什麼幫助。然後回診的時候只能跟醫師說沒有睡比較好，唉，醫師對不起😭
也是，古代就算有神醫也沒有安眠藥戒斷或反彈性失眠或大腦GABA受體鈍化、谷氨酸反彈的病症。唉😮‍💨
在此宣傳：千萬不可以直接斷安眠藥，兩三天都不行，要逐步減量，如果醫師說不會有戒斷，就…換個醫師？
看了兩個中醫都沒開給我傳說中的酸棗仁湯，不知道是不是因為真的太貴，好想試試看啊。
憂鬱症",2025-09-04 10:42,在康復之路上日行一善。,睡眠不佳
takoxo,takoxo,蘋果基金會已捐款、脆友文章留言（抗憂鬱或安眠藥物使用的病友），雖然能力有限，希望能順利幫助到需要幫助的人。,2025-09-03 00:38,在康復之路上日行一善。,睡眠不佳
prada680123,王睬妡,有認識軍警職的朋友嗎？台南尤佳 單親單身媽媽68年次 想交朋友 離婚可,2025-11-27 12:13,單親媽媽 工安人員 工地日常,睡眠不佳
prada680123,王睬妡,肚子好餓 好久沒吃燒肉 我出人 晚上8:10分 有誰要請我吃一頓 月底沒錢了 我出按摩服務抵一次 做為交換謝禮,2025-11-23 11:43,單親媽媽 工安人員 工地日常,睡眠不佳
prada680123,王睬妡,"聽說有個職業軍人的男友不錯 穩定
或是警察也不錯 不過我68年次的 要找這方面男友 或老公很難嗎？可以是離過婚的 因為我也是單親單身媽媽 我有個朋友是砲笑士官做20年 還找不到女朋友 或聽同袍都說離婚好多嗎？可能我太獨立吧 我能接受海軍 或是空軍 就是放假才一起吧",2025-11-20 22:25,單親媽媽 工安人員 工地日常,睡眠不佳
prada680123,王睬妡,"想找永康鹽行套房8000-10000
內含傢俱 最好可開伙佳",2025-11-20 14:07,單親媽媽 工安人員 工地日常,睡眠不佳
prada680123,王睬妡,有人和我ㄧ樣住台南68年次 你們有在職場遇到90年次後的同事嗎？我們那時候讀的學校我真覺得有差 在上班時遇到一個92年次讀崑大休閒運動系的 真的很沒教養 叫你做事很應該 連個姐姐請你幫忙ㄧ下都沒有 還叫我尊重她 最近換新公司 遇到70年次一開口叫我某某姐 結果一查才知道是我們長榮女中的學妹 連我女兒93年次讀育德工家也是爛 所以學校好壞也是有差的對吧,2025-11-18 21:48,單親媽媽 工安人員 工地日常,睡眠不佳
yuelingdeng,邓跃伶,"请逼自己喝茶：
1. 绿茶（经常上火）
2. 红茶（肠胃不好）
3. 黑茶（饮食油腻）
4. 白茶（工作压力大）
5. 黄茶（消化不良）
6. 乌龙茶（常感疲惫）
7. 花草茶（睡眠不佳）
8. 普洱茶（血脂偏高）
9. 荷叶茶（身体水肿）
10. 决明子茶（用眼过度）
11. 金银花茶（嗓子不适）
12. 枸杞茶（肝肾阴虚）
13. 牛蒡茶（免疫力低）
14. 薄荷茶（精神不振）
15. 玫瑰花茶（情绪低落）
16. 绞股蓝茶（高血压、高血糖、高血脂人群）
17. 苦丁茶（体内有热）
18. 蒲公英茶（存在炎症）
19. 桑椹茶（气血不足）
20. 菊苣茶（尿酸偏高）
21. 柠檬茶（缺乏维生素C）
22. 大麦茶（导致肠胃胀气）
23. 桂皮茶（手脚冰凉）
24. 酸枣仁茶（心烦意乱）
25. 玉竹茶（肌肤干燥）
26. 罗汉果茶（咳嗽有痰）
27. 胖大海茶（咽喉肿痛）
28. 竹叶茶（尿液排出不畅）",2025-07-16 20:04,"登山/跑步/游泳/音乐/美食/旅行
做自己喜欢的事，爱自己想爱的人。
不畏将来，不念过去。
拒绝反诈👌👌",睡眠不佳
yuelingdeng,邓跃伶,傍晚的风景,2025-07-16 19:51,"登山/跑步/游泳/音乐/美食/旅行
做自己喜欢的事，爱自己想爱的人。
不畏将来，不念过去。
拒绝反诈👌👌",睡眠不佳
yuelingdeng,邓跃伶,"聪明的人，总在寻找好心情；
成功的人，总在保持好心情；
幸福的人，总在享受好心情。 ​​​",2025-07-16 16:48,"登山/跑步/游泳/音乐/美食/旅行
做自己喜欢的事，爱自己想爱的人。
不畏将来，不念过去。
拒绝反诈👌👌",睡眠不佳
yuelingdeng,邓跃伶,可爱的小猫咪,2025-07-16 14:47,"登山/跑步/游泳/音乐/美食/旅行
做自己喜欢的事，爱自己想爱的人。
不畏将来，不念过去。
拒绝反诈👌👌",睡眠不佳
yuelingdeng,邓跃伶,"脸要穷养，不必过度清洁。
脚要富养，时刻保持双脚温暖。
身要苦养，坚持锻炼出汗。
胃要谷养，多吃五谷杂粮。
肝要素养，多吃蔬菜，少喝酒。
肺要清养，多吃清炖食物，少抽烟。
肾要水养，少吃盐，多喝水。
心要静养，保持情绪稳定，心态平和。",2025-07-16 05:55,"登山/跑步/游泳/音乐/美食/旅行
做自己喜欢的事，爱自己想爱的人。
不畏将来，不念过去。
拒绝反诈👌👌",睡眠不佳
yuelingdeng,邓跃伶,"总有一天，你会明白，真正支撑一个人走过风雨的，不是某个男人，不是一段感情，而是你自己——那个拥有健康身体、独立人格、平和心态的自己。
爱情可以是锦上添花，但绝不能是人生的全部。我们终究要学会，不再把人生的重心寄托在他人身上，不再为讨好、迁就、取悦别人而牺牲自我。
人生最稳的底色，是自爱，是清醒，是强大。是你可以为爱柔软，却从不为爱失衡。
请记住：真正的成长，是不再等待别人来成全你，而是你开始笃定地、坚定地成全自己。
#女性成长 #独立人格 #人生感悟 #治愈系文字 #自我力量",2025-07-14 18:17,"登山/跑步/游泳/音乐/美食/旅行
做自己喜欢的事，爱自己想爱的人。
不畏将来，不念过去。
拒绝反诈👌👌",睡眠不佳
yuelingdeng,邓跃伶,"早间小知识
中医讲“血虚先病头，气虚先病脚”
当血液供应不足，会以物理现象出现，因为水液的自然现象就是水往低处流，一定是上边的头部会最先出问题，比如头晕、头痛、记忆力减退等；当一个人出现气虚，在中医中常表现为身体的生命力低下，当气虚发生时，脚部作为身体的远端，最先受到影响，会出现乏力、酸软、容易疲劳等症状，因为身体是靠气支撑，下肢又是让身体能直立行走的原动力，所以气虚了，马上先有反应的就是下部力量",2025-07-14 11:36,"登山/跑步/游泳/音乐/美食/旅行
做自己喜欢的事，爱自己想爱的人。
不畏将来，不念过去。
拒绝反诈👌👌",睡眠不佳
yuelingdeng,邓跃伶,"坚持出门做活人，记录一些高饱和度的夏天。
脆脆们，早早早💕💕💕 ​​​",2025-07-14 08:24,"登山/跑步/游泳/音乐/美食/旅行
做自己喜欢的事，爱自己想爱的人。
不畏将来，不念过去。
拒绝反诈👌👌",睡眠不佳
yuelingdeng,邓跃伶,"槲皮素的好处
~ 阻止组胺自然释放
~ 将锌直接输送到细胞
~ 抗击慢性炎症
~ 保护线粒体免受损伤
~ 稳定过度活跃的肥大细胞
~ 自然降低血压
~ 降低低密度脂蛋白胆固醇水平
~ 改善血管功能
~ 抑制癌细胞生长
~ 诱导癌细胞死亡
~ 防止阿尔茨海默氏症
~ 改善认知功能
~ 减轻过敏症状
~ 抗病毒 ~ 支持免疫系统平衡
~ 减少运动性炎症
~ 改善胰岛素敏感性
~ 保护心肌
~ 防止血栓
~ 减轻关节炎疼痛
~ 加速伤口愈合
~ 防止紫外线损伤
~ 减轻季节性过敏
~ 改善肺功能
~ 抗击细菌感染
~ 减轻晨起关节僵硬
~ 保护肝细胞
~ 提高耐力
~ 减少氧化应激
~ 支持健康老龄化
槲皮素有这么多好处，但你很少能感受到它的这些好处，因为吸收率和生物利用度很差。你吃进去的槲皮素大约90%会排出体外，这可咋整？",2025-07-13 15:31,"登山/跑步/游泳/音乐/美食/旅行
做自己喜欢的事，爱自己想爱的人。
不畏将来，不念过去。
拒绝反诈👌👌",睡眠不佳
yuelingdeng,邓跃伶,"夏季作死的8大操作，你知道么？？？
清晨洗头又洗澡，阳气出生便被削，
冰镇瓜果当饭吃，脾胃虚寒腹泻闹
能躺不坐懒得动，体弱气虚疾病扰。
睡前运动汗如雨，元气伤亏难复调，
汗后冲凉图快妙，毛孔一闭热难逃
冷饮空调露肚脐，寒湿入骨病来找
熬夜手机到天明，肝伤难调百倍医
爱发脾气常生气，百病独挑此人欺。",2025-07-13 07:49,"登山/跑步/游泳/音乐/美食/旅行
做自己喜欢的事，爱自己想爱的人。
不畏将来，不念过去。
拒绝反诈👌👌",睡眠不佳
yuelingdeng,邓跃伶,"到了一定年龄，就不想取悦谁了
我的生命和别人一样宝贵，没必要装模作样。 ​​​",2025-07-12 22:55,"登山/跑步/游泳/音乐/美食/旅行
做自己喜欢的事，爱自己想爱的人。
不畏将来，不念过去。
拒绝反诈👌👌",睡眠不佳
yuelingdeng,邓跃伶,“顺其自然吧！不是你忙，是我不够重要，我藏不住喜欢，你演不出热情，回头看看最初的样子，再看看现在的态度，一点都对不起当初的满心欢喜与义无反顾。” ​​​,2025-07-12 22:52,"登山/跑步/游泳/音乐/美食/旅行
做自己喜欢的事，爱自己想爱的人。
不畏将来，不念过去。
拒绝反诈👌👌",睡眠不佳
yuelingdeng,邓跃伶,“什么关系  说什么话  别越界。” ​​​,2025-07-12 22:44,"登山/跑步/游泳/音乐/美食/旅行
做自己喜欢的事，爱自己想爱的人。
不畏将来，不念过去。
拒绝反诈👌👌",睡眠不佳
yuelingdeng,邓跃伶,"养肾补肾，从现在做起。日常多喝内调养生茶——【十方益仁茶】
【十方益仁茶】又名“人参十宝茶”
食材配料：山药、桑葚、红枣、玛咖、枸杞、益智仁、覆盆子、人参、黄精、杜仲雄花
这款由10味药食同源的食材组成的养生茶，主要成分：
人参：调理气血，改善肤色
黄精：滋阴润肺，改善腰膝酸软，增强免疫力
玛咖：增强体力，缓解疲劳
桑葚：滋补阴精，补肝护肾，聪明大脑。黑色入肾经。
枸杞：滋补肝肾，益精明目，腰酸腿软的，眼睛干涩模糊的适合
大枣：补中气，养精安神，睡眠差，体虚的适合。
山药：补脾养胃，
覆盆子：益肾固精！
搭配在一起，不仅口感好，还能调理身体，特别适合男士！”这个十方益仁茶味道甜甜的，每天喝上几杯，既能当水喝补充水分，又能养生。喝法：每次取一个茶包，用大约250ml开水冲泡5-8分钟即可；或者取1~2个茶包，将茶包放入养生壶中，加入1000ml水左右，按花茶键煮。
“每天喝一杯，感觉身体轻松了不少，精神更好了！最重要的是，喝起来很方便，适合忙碌的上班族～”",2025-07-12 16:33,"登山/跑步/游泳/音乐/美食/旅行
做自己喜欢的事，爱自己想爱的人。
不畏将来，不念过去。
拒绝反诈👌👌",睡眠不佳
yuelingdeng,邓跃伶,"肾虚还不知道？一秒自查，其实你的肾已经很差了？
1.尿有泡泡
尿里有泡沫的原因有多种，其中如果蛋白质从腎脏漏到了尿里，尿就会起许多泡沫
2.乏力
功能不好时，很多废物难以从尿里排泄出去，会出现精神不振疲劳、乏力等没劲儿的感觉
3.腰痛
腎脏的位置在腰部的脊柱两侧所以腎脏有损时，会感到腰痛
4.厌食
不想吃饭、厌食，甚至恶心呕吐也是肾脏病的常见症状，这些症状跟消化不好很相似会被忽视
5.尿多或尿少
健康的人每天排尿次数大约4-6次，尿量约800-2000毫升左右，如果排尿次数和尿量过多或过少就要注意了
6.水肿
如果眼睛、脸部、小腿等部位出现不明原因的水肿时，这时就要怀疑是不是腎脏有了问题",2025-07-12 15:41,"登山/跑步/游泳/音乐/美食/旅行
做自己喜欢的事，爱自己想爱的人。
不畏将来，不念过去。
拒绝反诈👌👌",睡眠不佳
yuelingdeng,邓跃伶,"聪明人十不吃
1、不吃鸡爪，脂肪和胆固醇偏高
2、不吃生冷刺身，暗藏寄生虫和细菌
3、不吃凉皮，调料重，易超标
4、不吃油炸食物，高热量不利健康
5、不吃泡面，高盐高热量且营养单一
6、不吃巧克力和蛋糕，糖分、脂肪含量高
7、不吃螺蛳粉，高盐高脂要慎吃
8、不吃臭豆腐，存在卫生隐患
9、不喝冰水，寒凉易伤胃，温水更养人
10、不吃腌制咸菜，亚硝酸盐含量高。",2025-07-12 15:29,"登山/跑步/游泳/音乐/美食/旅行
做自己喜欢的事，爱自己想爱的人。
不畏将来，不念过去。
拒绝反诈👌👌",睡眠不佳
yuelingdeng,邓跃伶,"愿脆友一鹿好运，一鹿顺风，一鹿发财！
脆友们周末愉快💕💕💕",2025-07-12 07:37,"登山/跑步/游泳/音乐/美食/旅行
做自己喜欢的事，爱自己想爱的人。
不畏将来，不念过去。
拒绝反诈👌👌",睡眠不佳
yuelingdeng,邓跃伶,"你自己的感觉自己说了才算，
将评判权牢牢地把握在自己手中，
会带来踏实和稳定。
不否定自己的感受，才会真正开始尊重自己，对自己产生珍惜的情愫。
人也只有感受到自己的贵重，
才会去珍惜时间，筹划未来；
才会慎重选择，对自己负责；
才会拥有源源不断、发自心底的力量。 ​​​",2025-07-11 21:25,"登山/跑步/游泳/音乐/美食/旅行
做自己喜欢的事，爱自己想爱的人。
不畏将来，不念过去。
拒绝反诈👌👌",睡眠不佳
yuelingdeng,邓跃伶,"命运要你成长的时候
总会安排一些让你
不顺心的人或事刺激你
这是规律 ​​​",2025-07-11 17:50,"登山/跑步/游泳/音乐/美食/旅行
做自己喜欢的事，爱自己想爱的人。
不畏将来，不念过去。
拒绝反诈👌👌",睡眠不佳
yuelingdeng,邓跃伶,"清理血管的8种食物，你知道哪几种？
1茄子
2海带
3西红柿
4芹菜
5苹果
6玉米
7洋葱
8胡萝卜。",2025-07-11 07:46,"登山/跑步/游泳/音乐/美食/旅行
做自己喜欢的事，爱自己想爱的人。
不畏将来，不念过去。
拒绝反诈👌👌",睡眠不佳
yuelingdeng,邓跃伶,照顾好自己的健康和情绪，这场人生，你就已经赢了大半。风吹哪页读哪页，  花开何时看何时，  生活本无标准答案，  当下即是满分时刻～ ​​​,2025-07-11 07:28,"登山/跑步/游泳/音乐/美食/旅行
做自己喜欢的事，爱自己想爱的人。
不畏将来，不念过去。
拒绝反诈👌👌",睡眠不佳
yuelingdeng,邓跃伶,"快速养气血，保持精力旺盛的秘诀！
1、第一大补就是睡觉
2、能量两大杀手:愧疚和恐惧
3、能量两大源头:自信和爱
4、出去走走，亲近大自然，最好的能量其实就来自于大自然
5、学习养生，学会养气血
6、早起打一段八段锦
7、保持好心态，心态好能量就高
8、无须特意证明自己
9、不必解释自己
10、吃得健康;早点睡觉;做些运动做能让自己获得
11、去做自己擅长的事情，成就感的事
12、接纳自己，喜欢自己
13、放弃完美主义
14、摆脱拖延症:越拖延能量容易越低，想到立马就去做",2025-07-10 19:43,"登山/跑步/游泳/音乐/美食/旅行
做自己喜欢的事，爱自己想爱的人。
不畏将来，不念过去。
拒绝反诈👌👌",睡眠不佳
yuelingdeng,邓跃伶,没有失去，怎能拥有；不守孤独，岂见繁华。命运给予你的，无论好坏，皆需接纳。活着，不是让别人懂你，而是你应读懂自己。 ​​​,2025-07-10 16:35,"登山/跑步/游泳/音乐/美食/旅行
做自己喜欢的事，爱自己想爱的人。
不畏将来，不念过去。
拒绝反诈👌👌",睡眠不佳
yuelingdeng,邓跃伶,"少生病的九大铁律，收藏：
1、每天2升水：肾病 降80%。
2、爱吃橘子：骨质疏松 降92%。
3、每周3次坚果：癌症 降55%。
4、散步：糖尿病 降 40%。
5、每周2次豆制品：乳腺癌 降24%。
6、勤晒太阳：肾癌 降24%~38%。
7、喝对红酒：脑卒中 降 20%。
8、常吃大蒜：肺癌 降 44%。
9、每周一两次鱼：猝死 降 36%。",2025-07-10 12:15,"登山/跑步/游泳/音乐/美食/旅行
做自己喜欢的事，爱自己想爱的人。
不畏将来，不念过去。
拒绝反诈👌👌",睡眠不佳
yuelingdeng,邓跃伶,"土方子，天然抗病毒果""蓝莓+菊花煮一煮
如果你是：
长期熬夜作息紊乱
免疫力低下易感冒
HPV阳性持续不转阴
私处分泌物异常增多
反复妇科炎症困扰
请备好一杯：【蓝莓菊花饮】
（1）做法：
食材(1人份量)
蓝莓20颗（富含花青素，增强黏膜防御力）
干菊花5朵（清肝明目，调节免疫）
枸杞10粒（滋补肝肾，改善体质）
蜂蜜适量（润燥解毒，调和口感）
500ML清水，煮沸后小火焖15分钟
（2）注意：
蓝莓可用冷冻果替代
经期可去掉菊花",2025-07-10 09:15,"登山/跑步/游泳/音乐/美食/旅行
做自己喜欢的事，爱自己想爱的人。
不畏将来，不念过去。
拒绝反诈👌👌",睡眠不佳
yuelingdeng,邓跃伶,"人的心，若不种满鲜花，终将荒芜成满地杂草。
看似身处喧嚣尘世，人潮汹涌，是非混杂，其实人生说到底，是一场与自己的修行。
你内心清澈，世界便不会混沌；你活得简单，外境就难以复杂。
别被他人的情绪搅乱了自己的人生节奏，别让纠结和怨气蒙住了双眼，看不见日升月落、山水云烟的温柔。
多一些感受，多一点欢喜，去留意那些被你忽略的风景，日常里藏着很多美好。
愿你心有花田，自带光芒。
#人生感悟#
#内心风景#
#清澈自在#",2025-07-10 07:43,"登山/跑步/游泳/音乐/美食/旅行
做自己喜欢的事，爱自己想爱的人。
不畏将来，不念过去。
拒绝反诈👌👌",睡眠不佳
yuelingdeng,邓跃伶,岁月漫长，且走且停慢慢欣赏… ​​​,2025-07-09 20:58,"登山/跑步/游泳/音乐/美食/旅行
做自己喜欢的事，爱自己想爱的人。
不畏将来，不念过去。
拒绝反诈👌👌",睡眠不佳
yuelingdeng,邓跃伶,生命的最大价值就是情绪稳定，而情绪稳定的本质就是无惧和无悔。无惧，就是对将要发生的任何事情，都不惧怕，允许一切的发生，来什么就经历什么，来什么就解决什么，解决不了，那就放下。无悔，就是对已经发生的任何事情，对自己曾经做出的任何决定，都全部接受，不后悔当初，不怨天尤人。,2025-07-09 13:36,"登山/跑步/游泳/音乐/美食/旅行
做自己喜欢的事，爱自己想爱的人。
不畏将来，不念过去。
拒绝反诈👌👌",睡眠不佳
yuelingdeng,邓跃伶,"大道至简的养生方法
1.早上空腹喝温水(比燕窝有用)
2.米饭里撒把小米/黑米(比生发液管用)
3.炒青菜改用茶油/亚麻籽油(防脸垮)
4.煮汤时扔颗苹果(脾胃虚必备)
6.想吃冰的就啃黄瓜(冰箱常备)
6.睡前穿袜子揉脚心(比泡脚简单)追剧时顺手搓30下
7.侧躺时膝盖夹枕头(拯救老腰)
8.睡不着就深呼吸(数羊升级版)
9.晒背15分钟=喝参汤(免费补钙)",2025-07-09 10:40,"登山/跑步/游泳/音乐/美食/旅行
做自己喜欢的事，爱自己想爱的人。
不畏将来，不念过去。
拒绝反诈👌👌",睡眠不佳
yuelingdeng,邓跃伶,“女人一定要有两个圈子 生活圈和成长圈 生活圈给你安全感 成长圈给你社会价值和被尊重” ​ ​​​,2025-07-08 22:04,"登山/跑步/游泳/音乐/美食/旅行
做自己喜欢的事，爱自己想爱的人。
不畏将来，不念过去。
拒绝反诈👌👌",睡眠不佳
yuelingdeng,邓跃伶,"“真正的生命力，是从不放弃打扮自己开始的。”
张爱玲曾说：“对于不会说话的人，衣服是一种语言。”
而我想说：得体的装扮，不只是美学，更是一种态度，是一个人对世界的无声表达。
每一件衣服的选择，每一次出门前的整理，都是向生活说的悄悄话：“我还在热爱，还愿意认真，还没有放弃。”
那些认真打扮的人，不是虚荣，而是内心依旧滚烫。他们在用穿搭对抗庸常，在用审美回应生命。他们的身上有故事、有细节、有热烈的渴望和悄然的坚持。
愿你也在每一天的镜子前，温柔打理自己，哪怕只是涂个口红、换一件干净的衣裳——那是你与生活继续握手言和的仪式感。
#生命力 #打扮自己 #热爱生活的样子",2025-07-08 21:38,"登山/跑步/游泳/音乐/美食/旅行
做自己喜欢的事，爱自己想爱的人。
不畏将来，不念过去。
拒绝反诈👌👌",睡眠不佳
yuelingdeng,邓跃伶,"这些身体的警告可一定要注意了！
尿多是肾不好，多吃黑豆和韭菜
屁多是肠不好，多吃红薯和黑木耳
多梦是肝不好，多吃芹菜和西兰花
多醒是胃不好，多吃甘蓝和猴头菇
多痒是肺不好，多吃白萝卜和百合
多汗是心不好，多吃菠菜和胡萝卜
多痰是脾不好，多吃山药和南瓜。",2025-07-08 08:45,"登山/跑步/游泳/音乐/美食/旅行
做自己喜欢的事，爱自己想爱的人。
不畏将来，不念过去。
拒绝反诈👌👌",睡眠不佳
yuelingdeng,邓跃伶,"拈花一笑，佛手莲花，好运连连。
 ​​​
祝脆友们：开心，平安，好运。",2025-07-08 08:41,"登山/跑步/游泳/音乐/美食/旅行
做自己喜欢的事，爱自己想爱的人。
不畏将来，不念过去。
拒绝反诈👌👌",睡眠不佳
yuelingdeng,邓跃伶,别让别人的期待，压弯自己的脊梁。你可以只做自己，不用活成任何人的续集。❤️,2025-07-07 21:08,"登山/跑步/游泳/音乐/美食/旅行
做自己喜欢的事，爱自己想爱的人。
不畏将来，不念过去。
拒绝反诈👌👌",睡眠不佳
yuelingdeng,邓跃伶,"最简单的修行，就是频繁记录自己。
拍一张照片，写一句心情，记录当下的灵光一现——这些，都是与内在对话的方式。
遇见一朵开得刚刚好的花，被陌生人一句话温暖到，突如其来的灵感或感动……别忽略它们，那些是生活递来的“好运密码”，更是你未来低谷时的精神糖果。
记录，是看见真实自己的过程。
它会让你头脑清醒，专注力提升，也能帮你复盘混乱，找出困局的出口。
从今天开始，试着每天写下一件具体的小确幸，哪怕是“今天阳光刚好”“朋友的耳环像会跳舞的星星”“闻到橘子皮的香味好疗愈”。
你会发现，情绪一旦被温柔安放，生活就开始悄悄发甜。
一个持续发糖的人，人生怎么可能不甜？🍬
# 女性成长#
#记录生活的好处#
# 情绪文案#",2025-07-04 21:37,"登山/跑步/游泳/音乐/美食/旅行
做自己喜欢的事，爱自己想爱的人。
不畏将来，不念过去。
拒绝反诈👌👌",睡眠不佳
yuelingdeng,邓跃伶,朋友送的爱心午餐💕💕💕,2025-07-04 12:33,"登山/跑步/游泳/音乐/美食/旅行
做自己喜欢的事，爱自己想爱的人。
不畏将来，不念过去。
拒绝反诈👌👌",睡眠不佳
yuelingdeng,邓跃伶,"护住念力，就是在改写运气，不是玄学，是底层的能量守恒逻辑。
你有没有发现，空房子比有人住的败得快？因为人的“念力”是万物的保鲜剂。念头散了，气场就塌了，连环境也跟着衰败。
很多人最傻的地方，是把念力当成免费资源乱用。房子越大越操心、选择越多越焦虑、东西越多越耗神。其实，这就是《道德经》里说的“俭”与“不敢为天下先”——是在教你守住念力，不让能量白白流走。
记住，护持念力的第一步，就是别碰你掌控不了的事。你只需专注当下的每一刻，就已经在改运了。
因为你的念头，才是你运气的源代码。
#念力守护 #能量管理 #简即是福",2025-07-04 11:27,"登山/跑步/游泳/音乐/美食/旅行
做自己喜欢的事，爱自己想爱的人。
不畏将来，不念过去。
拒绝反诈👌👌",睡眠不佳
yuelingdeng,邓跃伶,"早间小知识
“硬颈”这个词很多人没听说过，字面上理解是脖子僵硬，活动受限，其实它还有另一层意思，是说一个人很固执，性子很倔很轴，脾气也有些大，再加上现在的人总是坐在电脑前伏案工作、打游戏，生活节奏快，压力又大，这样的人肝气都比较郁结；中医讲病在肝，俞在颈项，肝气会表现在人的颈部，当肝气郁结，肝气堵在脖子上，脖子就梗着，肌肉僵硬，转动困难，所以说一个人颈椎不好，也可能是肝气太强了",2025-07-04 11:13,"登山/跑步/游泳/音乐/美食/旅行
做自己喜欢的事，爱自己想爱的人。
不畏将来，不念过去。
拒绝反诈👌👌",睡眠不佳
yuelingdeng,邓跃伶,"你所看到的，就是生活最合理的安排，
不必忿忿不平，不用念念不忘，不需斤斤计较。 ​​​
大家早安☺️",2025-07-04 06:01,"登山/跑步/游泳/音乐/美食/旅行
做自己喜欢的事，爱自己想爱的人。
不畏将来，不念过去。
拒绝反诈👌👌",睡眠不佳
yuelingdeng,邓跃伶,"别困在自己的心里，不要太聪明，也不要太用力地活着。想得太多，是一种折磨；太过在意，是自我设限。学会少思、少忧、少执着，活得简单一点，轻松一点，也许才是给自己最好的救赎。
可我们都知道——“想开”这两个字，并不容易。执念如山，说放下谈何容易？
人活一世，哪有真正无所执？
情之一字，牵动了多少柔肠寸断；
利之一念，诱惑了多少浮躁人心。
我们在爱恨中沉浮，在得失中纠结，终究摆脱不了这尘世的种种牵绊。
可愿你终有一日，看破而不冷漠，放下而不绝情。心有执念，但仍能心安。",2025-07-03 09:37,"登山/跑步/游泳/音乐/美食/旅行
做自己喜欢的事，爱自己想爱的人。
不畏将来，不念过去。
拒绝反诈👌👌",睡眠不佳
yuelingdeng,邓跃伶,笑看岁月里的风尘，收藏每一个寻常日子里的温暖，心是晴的，所见都是阳光；心是善的，所遇都是好人；心是美的，所听都是乐声，风景，因走过而美丽。命运，因努力而精彩，日子，在忙忙碌碌中充实；生活，在粗茶淡饭中生香；人生，在坎坷挫折中历练，只要用心对待，每一个日子都是幸福！亲爱的朋友，早上好！,2025-07-03 08:00,"登山/跑步/游泳/音乐/美食/旅行
做自己喜欢的事，爱自己想爱的人。
不畏将来，不念过去。
拒绝反诈👌👌",睡眠不佳
yuelingdeng,邓跃伶,我崇拜生命里的真诚，喜欢岁月验证过的友情，敬仰与人为善的知己，更感恩生命里那些不离不弃的陪伴。世事易变，于我而言，这些都是无比珍贵的财富，每每想起，都让我倍感温暖。世上的是是非非，真的不要太在意，人世间的真真假假，何必非要弄个清楚明白？ 不要为了不必要的琐事折磨自己，不要让怀念成为负担， 不要为世事的不公终日耿耿于怀， 该放弃的不要留恋，腾出身手给自己一些自由；功名利禄也只不过是人生奋斗的一段插曲，新的一天总是会有新的希望出现，希望孕育着生机， 让我们享受生活，不要太在意人世间的是是非非，一切依然是那么美好，太阳依然是那么灿烂！,2025-07-02 21:48,"登山/跑步/游泳/音乐/美食/旅行
做自己喜欢的事，爱自己想爱的人。
不畏将来，不念过去。
拒绝反诈👌👌",睡眠不佳
vibeuparoma,Vibe Up 香薰治療｜現代靈氣法｜動物傳心,"這幾天喉嚨發炎敏感，晚上睡著時會咳醒睡眠質素很差。找找手印書看，才知一直忽略了這個。要快學起來試一下。
海螺手印 （Shankha）🗣️
療癒喉嚨感染、扁桃腺炎及甲狀腺問題
每天練習三次，每次十至二十分鐘。可長期練習，如果覺得由於練習該手印而變得虛弱或累積太多脂肪，應停些一段時間隨後再恢復練習。
原理： 通過將一隻手的火元素（拇指），與另一隻手的風元素（食指）、空元素（中指）接觸，調節新陳代謝，啟動咽喉內腺體正常功能。
動作： 左手拇指置於右手拇指根部，右手四指蓋住左手拇指； 左手食指及中指與右手拇指指尖接觸； 左手其餘兩隻手指放置在右手背，放鬆。
益處：
- 對喉嚨有療癒作用，可消除聲帶僵硬、改善聲音品質（歌手、教師、醫生、律師及頻用嗓子的人，可每天練習15-20分鐘）。
- 緩解由灰塵及煙霧導致的咽喉不適，預防扁桃腺及其他喉嚨感染。
- 極有助於減輕說話時結巴問題
- 緩解過敏症狀
- 增強食慾，改善胃口不佳
- 強健消化道功能
PS. 我是跟著解說動作去做，相片看起來是範圖的相反手",2024-12-15 15:51,"以整全療法 提昇頻率吸引美好豐盛
👉🏻讓愛與協調的能量與光⭐️充滿自己
現代靈氣法師範｜IFA香薰治療師 | 動物傳心師
現代靈氣法11、12月課程👉🏻 請到IG 查詢",睡眠不佳
vibeuparoma,Vibe Up 香薰治療｜現代靈氣法｜動物傳心,"1212 的能量非常強大
與轉變、治癒和精神校準的振動有關
今天抽時間冥想、共修
為未來設定意圖
讓我們與靈魂、精神導師和宇宙有更深入的聯繫",2024-12-12 15:30,"以整全療法 提昇頻率吸引美好豐盛
👉🏻讓愛與協調的能量與光⭐️充滿自己
現代靈氣法師範｜IFA香薰治療師 | 動物傳心師
現代靈氣法11、12月課程👉🏻 請到IG 查詢",睡眠不佳
vibeuparoma,Vibe Up 香薰治療｜現代靈氣法｜動物傳心,"今天的提昇頻率方法
呼吸的力量 - 腹式呼吸
是對身體很好的呼吸法，每一口氣都供給內臟更多氧份與能量⭐️，也藉由深層讓身體內癈氣排出。
我學懂腹式呼吸，是因為瑜伽
我當初也不知道其好處
也不是一朝一夕 可以用了好幾年才真正掌握得到
最初上瑜珈堂只是跟著老師的口訣做 「吸起肚脹，呼氣 肚好像被拳頭打肚子」
初學很常是愈呼吸愈緊張愈淺 是有過這樣的一段時間， 跟不上節奏就用自己節奏，迫切也迫切不來。
做過若干練習後，會愈做愈好，慢慢的身體就與這種呼吸熟習了 融合起來。
所以對於不懂腹式呼吸的人，不是講完睇文字就會懂。但當你有意識地睇片學/上堂學/練習，成功悄悄就會來臨。
學懂腹式呼吸後
還能加進很多variations,平常版
心裡默念：
鼻吸氣， 我吸入所有的完美，
鼻呼氣， 我呼出所有不再服務我的能量
Detox版: 
鼻吸氣，觀想吸入白光在肚內 hold 4 秒，形成金色球體， 把你想丟棄的垃圾（能量）丟入金球內
口呼氣，用8 秒緩緩用口呼出那個球連同包著的垃圾
試一下 你會發現很多時呼的氣好像比吸的氣大啖很多（很多垃圾要丟）
還有好多好玩的款式 慢慢發掘",2024-12-11 21:23,"以整全療法 提昇頻率吸引美好豐盛
👉🏻讓愛與協調的能量與光⭐️充滿自己
現代靈氣法師範｜IFA香薰治療師 | 動物傳心師
現代靈氣法11、12月課程👉🏻 請到IG 查詢",睡眠不佳
vibeuparoma,Vibe Up 香薰治療｜現代靈氣法｜動物傳心,"家中有老年人，教做這個手印很好用
氣手印 (Vyaan)
預防高血壓，保持血壓穩定
每天練氣手印 2-3次，每次 15-20分鐘，將有助於維持血壓穩定
原理：阿育吠陀認為，血管中的風元素能促進體內血液的循環。但是，當風元素開始在肺部、動脈及靜脈裡快速移動時，會導致高血壓； 始果移動緩慢，將導致低血壓。在該手印中，通過將風元素（食指）、空元素（中指）及火元素（拇指）接觸，讓空氣元素消耗風元素及火元素，保持氣的循環速度。
動作： 食指、中指、拇指指尖接觸，其餘兩個手指舒服伸直。
益處： 
- 調節高血壓或低血壓，使血壓回復到穩定狀態
- 減輕睡意，減少嗜睡
- 減輕過度排汗、排尿狀況
- 促進血液循環
- 在夏季，可舒緩對氣候高溫的身體原適
- 預防女性於經期排血量過多",2024-12-08 14:16,"以整全療法 提昇頻率吸引美好豐盛
👉🏻讓愛與協調的能量與光⭐️充滿自己
現代靈氣法師範｜IFA香薰治療師 | 動物傳心師
現代靈氣法11、12月課程👉🏻 請到IG 查詢",睡眠不佳
vibeuparoma,Vibe Up 香薰治療｜現代靈氣法｜動物傳心,"我很感恩，11月開始受到神聖女性能量的支持與推動，發生了很多有趣的合作與學習～太幸福🔮🥰
早前在深水埗大南街studio與拍檔 Narine 合辦 「神聖女性能量」阿卡西紀錄工作坊。這次工作坊以阿卡西魔法油作為鑰匙, 引導我們進入阿卡西紀錄。我負責調配阿卡西魔法精油工作坊的部份，被植物能量滋養，大家嘴角沒停過笑容，有很多歡樂時光～
跟 Narine 學習了意識呼吸以及全方位昇頻的方法，了解如何擁抱神聖女性能量，大家都收獲滿滿！🫶🏻🙌🏻✨
【神聖女性力量】
用愛、尊重、培育和慈悲，包容自己和他人，獲得豐盛的祝福。 
每當【神聖女性力量】被完全承認和接受時，豐盛的愛，平和、完整、自由、財富、喜悅、笑聲、靈感、創作力的實現和奇蹟就隨之而來。
@vibeuphk
@narine.flowoflife
@narine.flowoflife
#香薰治療 
#阿卡西紀錄 
#神聖女性能量",2024-12-06 16:55,"以整全療法 提昇頻率吸引美好豐盛
👉🏻讓愛與協調的能量與光⭐️充滿自己
現代靈氣法師範｜IFA香薰治療師 | 動物傳心師
現代靈氣法11、12月課程👉🏻 請到IG 查詢",睡眠不佳
vibeuparoma,Vibe Up 香薰治療｜現代靈氣法｜動物傳心,"每天簡單check一check
「覺知」自己是否高頻狀態
高頻：
走路時整個人昂首闊步，走路有風
原理：從頂輪到底輪再伸延到腳掌，整個人應該是被垂直中軸支持著的，想像你是音樂盒的旋轉跳芭蕾舞公仔，中軸堅定存在感強烈。你會感受頭頂好像有根線，要從頂輪處拉直你，所以你能昂首挺胸！
如果你覺知自己呈萎縮狀態，可以想像七輪，由底至頂，紅橙黃綠青藍紫的燈光，每一顆燈泡 逐一開著發光，然後頭頂有白光連接頂輪的紫色
一條光之柱形成，你的中軸充滿光與能量
合十手印 Namaste， 如可以唱個OM 震動喚醒中軸之細胞，整個人不一樣了🔮",2024-12-06 11:06,"以整全療法 提昇頻率吸引美好豐盛
👉🏻讓愛與協調的能量與光⭐️充滿自己
現代靈氣法師範｜IFA香薰治療師 | 動物傳心師
現代靈氣法11、12月課程👉🏻 請到IG 查詢",睡眠不佳
vibeuparoma,Vibe Up 香薰治療｜現代靈氣法｜動物傳心,"早上來首好溫暖，我覺得豁然開朗嘅mantra song ❤️
youtube.com/watch…
OM Namo Bhagavate Vasudevaya
Om is the name of that inside me which is aware of the unity of all things.
This mantra is called the Great 12 Syllable Liberation Mantra. It frees our minds and spirits from negative patterns in this life, and helps us become aware of the Divinity within ourselves, and within all beings.",2024-12-05 09:29,"以整全療法 提昇頻率吸引美好豐盛
👉🏻讓愛與協調的能量與光⭐️充滿自己
現代靈氣法師範｜IFA香薰治療師 | 動物傳心師
現代靈氣法11、12月課程👉🏻 請到IG 查詢",睡眠不佳
vibeuparoma,Vibe Up 香薰治療｜現代靈氣法｜動物傳心,"上星期好朋友爽師傅 @meowthesecretman 到我工作室體驗臼井靈氣與香薰療癒，今天換我去能量貓工作室享受luxury Sekhem調頻與一起畫曼陀羅的藝術療癒時光。 看到調出來意想不到的顏色、畫錯了畫肥了不生氣再補補卻又出來一個比之前更美妙的花紋，好有趣的降服過程。畫曼陀羅於我從來都是一個自我接納、寬恕、再出發、接受驚喜的體驗。回想與10多年前第一次畫曼陀羅的體驗相比，我認知到自己原來成熟了那麼多，人生真有趣。
充滿能量與愛的一天🥰
@vibeuphk",2024-12-05 00:02,"以整全療法 提昇頻率吸引美好豐盛
👉🏻讓愛與協調的能量與光⭐️充滿自己
現代靈氣法師範｜IFA香薰治療師 | 動物傳心師
現代靈氣法11、12月課程👉🏻 請到IG 查詢",睡眠不佳
vibeuparoma,Vibe Up 香薰治療｜現代靈氣法｜動物傳心,"共修（共同學習練習）好處真的大
如沒有你們 我想我只會選能幫助我（身體） 的手印去練
可能就會直接忽視其他
這個排毒手印在詢眾要求下 我又學了 太好
放下手印（Kshepana) 💨💩
排毒，消除汗臭，減輕便秘，促進腸胃蠕動
應於早晚練習，每次不超過 5-10分鐘，建議在室內或家裡練習
原理：在放下手印裡，我們增強風元素的影響，風元素具有排除所有毒素廢物的功能，能夠增強腸胃蠕動。該手印有助於身體開放原同的出入口（例如身體皮膚毛孔），以達到解毒效果。
動作： 雙手食指垂直，彼此接觸，其餘雙手六指彼此相扣，拇指緊緊交叉。
益處：
- 減輕便秘
- 強化排汗功能
- 有助大腸蠕動
- 改善十二指腸潰瘍
- 透過大腸、皮膚及肺部，達到全身排毒
- 減輕並消除汗臭
正確手勢以範圖為準",2024-12-04 10:18,"以整全療法 提昇頻率吸引美好豐盛
👉🏻讓愛與協調的能量與光⭐️充滿自己
現代靈氣法師範｜IFA香薰治療師 | 動物傳心師
現代靈氣法11、12月課程👉🏻 請到IG 查詢",睡眠不佳
vibeuparoma,Vibe Up 香薰治療｜現代靈氣法｜動物傳心,"手印又來啦🤚🏻
今天來個養生的，是人人都可以每天做那種
生命力手印 （Praana)
提高免疫力，預防癌症，改善手腳冰冷
此手印非常重要，具有很多神奇益處，建議每天練30-45分鐘
根據阿育吠陀醫學，生命力Praana 本身就是呼吸，它見於鼻孔、臉、心臟及呼吸器官。生命力手印通過所有三個能量的三個重要元素（水、地、火元素）的結合，產生一種平衡。身體的主要部是地元素與水元素，將代表地、水、火元素的指尖接觸，平衡這些元素，作用於增強耐力、活力、力量及免疫力。啟動體內生命能量的流動。
動作： 無名指（地元素）、小指（水元素）與拇指（火元素）指尖接觸，其他兩個手指應該舒服伸直，排列成行，無僵硬感。
益處：
- 改善手腳冰冷、末梢血液循環不良
- 有利於肺部功能及呼吸順暢
- 減輕過敏性氣喘
- 排除血液中的雜質、毒素
- 增強生命力、心理穩定
- 減輕眼睛問題
- 預防癌症
- 提高免疫力
- 有助控制糖尿病",2024-12-02 13:19,"以整全療法 提昇頻率吸引美好豐盛
👉🏻讓愛與協調的能量與光⭐️充滿自己
現代靈氣法師範｜IFA香薰治療師 | 動物傳心師
現代靈氣法11、12月課程👉🏻 請到IG 查詢",睡眠不佳
vibeuparoma,Vibe Up 香薰治療｜現代靈氣法｜動物傳心,"今天提昇頻率方法：
義務工作（做義工）
義務工作，意即不以收取物質報酬為目的，貢獻個人時間、精神、知識、技能等，通常是在特定場合下付出給指定群眾。行為目的出於利他之心，表達愛心、關懷、分享的積極行動。這裡說的不一定要是幫助某某具規模之福利基構，你可以個人地選擇需要幫助的人/動物去幫他們。
在我們認知之中，愛（無條件的愛）的頻率是最高而又是我們普遍人類能力範圍能觸及的（先不談開悟正覺那些極高頻之狀態）。在做義工的同時，謹記投放意念，清晰你的意圖。我有遇過很多人慣性有客套說法/想法，會覺得自己「橫豎有時間，沒事做，就來幫手囉。」本意是付出的，卻催眠了自己說自己沒事做才來。
所以下一次，如你報了名參加義務工作，定必要：
1. 在腦中清晰願景，有了你的幫助，受助者的得益/轉變，會變成怎樣
2. 確認自己是自主有意識地付出去利益他人
3. 感恩宇宙讓自己有能力去幫人
4. 感謝自己付出愛
這樣有效最拉升頻率✨～感恩 感恩 感恩～",2024-12-02 09:33,"以整全療法 提昇頻率吸引美好豐盛
👉🏻讓愛與協調的能量與光⭐️充滿自己
現代靈氣法師範｜IFA香薰治療師 | 動物傳心師
現代靈氣法11、12月課程👉🏻 請到IG 查詢",睡眠不佳
vibeuparoma,Vibe Up 香薰治療｜現代靈氣法｜動物傳心,"陪兒子成長一定是我最大的修行
我的靈魂來地球前定必下了決心要這樣的體驗
🌞🌳 每個星期天猛烈汲取大陽光 行草地 🌎🌿",2024-12-01 22:54,"以整全療法 提昇頻率吸引美好豐盛
👉🏻讓愛與協調的能量與光⭐️充滿自己
現代靈氣法師範｜IFA香薰治療師 | 動物傳心師
現代靈氣法11、12月課程👉🏻 請到IG 查詢",睡眠不佳
vibeuparoma,Vibe Up 香薰治療｜現代靈氣法｜動物傳心,"阿育吠陀（生命的科學）
生命的四大目標
法（the right way of living)
(dharma，正確的生活方式）
法，指的是能提升內外健康與和諧並符合寧靜這個普世原則的生活方式。要真誠看清自己的本質，在對自己的本質擁有責任感和尊重的前提下行動，而不受強迫的習慣驅使。生活時要對自己、他人和整個世界懷有責任心、為了全體的福祉而行動
解脫 （enlightenment)
(moksha, 啟蒙）
解脫的意思是要克服我們的種種限制，讓內在變得真正自由。要得到這樣的自由，我們必須分辨身體和心智，然後明白自己真正的本質其實是超越這兩者的意識。這不是容易實現的目標，可以透過練習哈達瑜伽（調式、招式、放鬆）和勝王瑜伽（正念思考與冥想）達到
利益（material wealth)
(artha 物質財富）
我們需要一定的金錢才能舒服地支持自己。只要不傷害他人，阿育吠陀和瑜伽並不反對獲取財富這件事
欲樂（sensory pleasure)
(karma, 感官愉悅）
在追求感官愉悅方面，建議適度即可。感受藝術與大自然的正面影響十分有益，但過份放縱感官則可能導致成癮、挫敗感和疾病",2024-12-01 19:53,"以整全療法 提昇頻率吸引美好豐盛
👉🏻讓愛與協調的能量與光⭐️充滿自己
現代靈氣法師範｜IFA香薰治療師 | 動物傳心師
現代靈氣法11、12月課程👉🏻 請到IG 查詢",睡眠不佳
mmay0922,May Chen,"肩頸痠痛😫😫😫
睡不好🥱🥱😴😴😴
再兩天就放假了
為自己加油打氣
工作順利
早安  給自己一個大大的微笑😁",2025-11-27 05:53,簡單生活，做自己,睡不好
mmay0922,May Chen,"早安  美好順利的一天
早晚溫差大
注意保暖",2025-11-26 05:57,簡單生活，做自己,睡不好
mmay0922,May Chen,"最近天氣似乎不錯
但早晚溫差還是有點大
一樣要注意保暖
身體健康
工作順利
好心情
早安  想睡覺😅🥱😴",2025-11-25 05:53,簡單生活，做自己,睡不好
mmay0922,May Chen,"新的一天又開始了
事事順心順利
每天好心情
早晚溫差大要注意安全
早安  給自己一個微笑",2025-11-24 05:38,簡單生活，做自己,睡不好
mmay0922,May Chen,"寒冷的早晨
我要出門去拿早餐了🥶😷
早安",2025-11-23 05:58,簡單生活，做自己,睡不好
mmay0922,May Chen,"凌晨下起了小雨
驚醒了我😱
我要騎車上班啊～～～
拜託給個好天氣🙏
現在一起床鼻子都超有感😑🤧
早安  這寒冷的天氣
今天一樣順利完成工作💪加油",2025-11-21 05:51,簡單生活，做自己,睡不好
mmay0922,May Chen,"依舊需穿大外套的天氣
今日棒球裝
應該不會太悶熱吧🤔🤔🤔
冷冷的天來點熱熱的湯
午餐就來碗泡麵吧🍜
早安  順利的一天",2025-11-20 05:56,簡單生活，做自己,睡不好
mmay0922,May Chen,"有冬天的感覺了
厚外套要拿出來穿了
🥱🥱🥱
早安  順利好心情🙏",2025-11-19 05:49,簡單生活，做自己,睡不好
mmay0922,May Chen,"天氣似乎降溫了
鼻子很有感😷
要注意保暖
尤其是長輩跟機車族們😊
早安  順利平安健康",2025-11-18 05:50,簡單生活，做自己,睡不好
mmay0922,May Chen,"又要開始新的一天了
希望自己有個好心情😊
工作順利完成
有個不錯的好天氣
早安  一切順利  給自己個微笑",2025-11-17 05:50,簡單生活，做自己,睡不好
mmay0922,May Chen,"早安  明天聽說要降溫了
大家要注意保暖
尤其是長輩們
騎車上班族（我本人）🤣
大家都要穿暖暖",2025-11-16 08:08,簡單生活，做自己,睡不好
mmay0922,May Chen,"又到了消滅肥油的週六了
順便消消心裡的鬱悶
早安  早起的我",2025-11-15 06:12,簡單生活，做自己,睡不好
mmay0922,May Chen,"失眠🫩🫩🫩🫩🫩
清醒的我
打著呵欠🥱🥱🥱🥱🥱
還有小時才到我起床時間😑
今天真的要一早就來點咖啡因了
☕️☕️☕️☕️☕️☕️☕️☕️☕️☕️
10杯似乎多了點
早安  很早的我
順利過完一天🙏",2025-11-14 04:31,簡單生活，做自己,睡不好
wenching315,Wen-Jing Lian,"聽完醫生說明電腦斷層的報告後
忍痛決定放手
讓妹妹妳選擇時間，舒服安靜的離開這個世界
小小的身軀可以不用再努力了⋯⋯⋯
在此之前，依舊每天下班後洗完澡趕往醫院
撐著疲憊的身體去妳床邊，
只為握著妳的手、摸妳的額頭、講講故事、說說話
縱使一天只能睡2-3小時
但最後陪伴的這幾天，一刻我都不願缺席
雖然妳聽不到，不再會有任何感覺及回應
但爸爸我就是想這麼做⋯⋯⋯
這半個小時的探訪時間變得如此珍貴
在經歷這場意外之前，
認為會哭、會笑、會長大，是一件在正常不過的事
但當看過病房裡那些小小的身體、
聽過急救聲響、看過爸媽崩潰、
看著靠機器在病床上的妹妹
才理解⋯⋯⋯活著不是理所當然
平安長大反倒是一種運氣一種奇蹟⋯⋯
大多父母的雙手是陪伴小孩長大
我則是用雙手
迎妳來⋯⋯並⋯⋯
送袮離開這個世界⋯⋯",2025-11-23 11:12,"This is my life
地表飛行 & 翱翔天際
交個朋友吧☺️",睡不好
wenching315,Wen-Jing Lian,"今天看完妹妹後
醫生接著說明電腦斷層的結果報告⋯⋯
黑色區域大範圍長時間缺氧造成的壞死
合併出血 壓力、腫脹、細胞破裂
肝腫、腎腫  全身性的缺氧、休克後多重器官受損
聽到這答案，不得不做出最後的選擇⋯⋯
就算再怎麼捨不得也要捨得⋯⋯⋯
從意外發生開始到最後一天，完全沒有任何反應
就像洋娃娃一樣，只是在裡放了一個幫浦
看起來就像是在呼吸並活著
好像被困在一個不論如何喊叫都叫不回來的地方
不再“互動”只剩“存在”⋯⋯
每天去看她、握她的小手、摸她的額頭，
一直在期待她哪怕有一點點、一絲絲的反應
手指動一下也好、眉頭皺一下也好，哪怕呼吸跟一下也好。
但她從頭到尾……就那麼安靜。
安靜得不像睡著
像世界已經和她隔了一層厚厚的玻璃⋯⋯⋯",2025-11-21 18:53,"This is my life
地表飛行 & 翱翔天際
交個朋友吧☺️",睡不好
wenching315,Wen-Jing Lian,"妹妹的身體狀況依舊沒法做核磁共振做，改做 電腦斷層
總覺得好像少了一份答案
想知道結果，好做決定
但又害怕真相⋯⋯⋯
電腦斷層、核磁共振都沒做、結果還沒出來
心裡已經提前背負所有最重的結果⋯⋯
要是什麼都不做 什麼都不知道
是不是還可以陪妹妹一段時間⋯⋯",2025-11-21 01:09,"This is my life
地表飛行 & 翱翔天際
交個朋友吧☺️",睡不好
wenching315,Wen-Jing Lian,"醫生排定好時間幫妹妹做核磁共振
確認腦部受損的區域後就要決定是否該放手
不希望妹妹未來的日子活的太辛苦
真的是看一天少一天、陪一天少一天
突然害怕那天的到來 面對生死的決定
至少目前還可以看看她、陪陪她、摸摸額頭、牽牽小手
有時放手是愛，有時堅持也是愛
但太沈重了⋯⋯⋯",2025-11-18 13:56,"This is my life
地表飛行 & 翱翔天際
交個朋友吧☺️",睡不好
wenching315,Wen-Jing Lian,"已經快三週了⋯⋯
工作醫院兩邊跑、面對醫生的說明、承受內心的情緒
撐著假裝一切都沒事發生
現在不只是累，而是那種心被掏空、身體到極限
卻又不敢停下來。
妹妹啊！爸爸每天都會陪在妳身邊！
要快點醒過來啊⋯⋯",2025-11-17 13:01,"This is my life
地表飛行 & 翱翔天際
交個朋友吧☺️",睡不好
wenching315,Wen-Jing Lian,"前往醫院看妹妹的途中
一隻鳥鳥停在我後照鏡上
感覺挺可愛的
只是看起來好像受傷飛不動了🥲",2025-11-15 10:48,"This is my life
地表飛行 & 翱翔天際
交個朋友吧☺️",睡不好
wei_12_25,ㄚ偉Alien 🥀｜中區實習教練｜增肌減脂,"如果妳的胃經常不舒服
可能不一定 是胃的問題
胃是一種情緒器官
可能是妳一直壓抑 焦慮的情緒
有人會因為 胃疼站不起來
或是胃食道逆流 吃不下飯
其實它很擔心妳的身體
但無能為力 
那些憤怒 委屈 難過的情緒
會引起胃酸分泌 或是增加胃痛不舒服
原來一直治不好的不是病
是情緒",2024-11-22 21:54,"感情｜勵志｜語錄
完美主義者",睡不好
wei_12_25,ㄚ偉Alien 🥀｜中區實習教練｜增肌減脂,"📢聽說脆漲粉很快
  實測DAY 25
目標破2000！
脆都會回追喔😝
IG都會回追喔(o^^o)
只追有頭像的謝謝
希望多來點互動
流量密碼",2024-11-22 07:41,"感情｜勵志｜語錄
完美主義者",睡不好
wei_12_25,ㄚ偉Alien 🥀｜中區實習教練｜增肌減脂,"有人問為什麼相愛的兩人會分開
:
「因為問題大於愛」
然後
解決妳比解決問題簡單 容易
懂了嗎？",2024-11-21 21:59,"感情｜勵志｜語錄
完美主義者",睡不好
wei_12_25,ㄚ偉Alien 🥀｜中區實習教練｜增肌減脂,"女生永遠吃細節這套
比如秒回覆的訊息
比如主動報備在那裡
比如睡覺前的晚安
比如日常分享的分享欲
她說了 你才做 這件事就變成很廉價
她說了 還不做 那她就變成廉價
細節這件事
無心者怎麼都教不會 
有心者連教都不用教",2024-11-20 22:16,"感情｜勵志｜語錄
完美主義者",睡不好
wei_12_25,ㄚ偉Alien 🥀｜中區實習教練｜增肌減脂,"昨天朋友失戀
陪他喝到三點 
結果他四點半和好了
我吐到六點
原來小丑才是我本人",2024-11-19 22:08,"感情｜勵志｜語錄
完美主義者",睡不好
wei_12_25,ㄚ偉Alien 🥀｜中區實習教練｜增肌減脂,"感情好奇妙
妳越敷衍
就越有人愛妳
妳越用心
對方好像就抓住妳的把柄
對妳忽冷忽熱
是嗎？",2024-11-18 22:15,"感情｜勵志｜語錄
完美主義者",睡不好
wei_12_25,ㄚ偉Alien 🥀｜中區實習教練｜增肌減脂,"一直以為兩個人會分開
至少會有嚴重的事情
例如：劈腿 動手
但其實不用 幾句話就夠了
「很忙 妳又來了 我累了 膩了」
不被重視的每一秒
妳要撤回妳的好
當熱情耗盡 要學會禮貌地退場",2024-11-17 22:00,"感情｜勵志｜語錄
完美主義者",睡不好
wei_12_25,ㄚ偉Alien 🥀｜中區實習教練｜增肌減脂,"📢聽說脆漲粉很快
  實測DAY 20
目標破2000！
脆都會回追喔😝
IG都會回追喔(o^^o)
只追有頭像的謝謝
希望多來點互動
流量密碼",2024-11-17 10:40,"感情｜勵志｜語錄
完美主義者",睡不好
wei_12_25,ㄚ偉Alien 🥀｜中區實習教練｜增肌減脂,"不夠愛妳的人
希望妳聽話
溫柔 體貼 懂事 成熟 獨立
真正愛妳的人
他只希望妳開心 快樂",2024-11-16 22:09,"感情｜勵志｜語錄
完美主義者",睡不好
wei_12_25,ㄚ偉Alien 🥀｜中區實習教練｜增肌減脂,"妳相信嗎？
一定會有個人
不會在乎妳的過去 不嫌棄妳
比任何人都愛妳
因為他知道妳以前受過很多委屈
吃過不少苦 只想對妳好",2024-11-16 14:16,"感情｜勵志｜語錄
完美主義者",睡不好
wei_12_25,ㄚ偉Alien 🥀｜中區實習教練｜增肌減脂,"什麼奇怪定律
別人談戀愛就談成小公主
妳談戀愛的時候
名偵探稱號非妳莫屬
每天都會有疑點",2024-11-14 22:07,"感情｜勵志｜語錄
完美主義者",睡不好
wei_12_25,ㄚ偉Alien 🥀｜中區實習教練｜增肌減脂,"真的想跟妳走很久的人 他的表現會是這樣
1.保持跟異性距離
2.害怕失去妳
3.說到做到 答應妳的事情
4.會和妳計畫未來
5.吵架也沒想過要分開
6.有責任 不會逃避 會面對解決問題
連四項都沒有 趕快放生吧
也放過妳自己",2024-11-14 09:22,"感情｜勵志｜語錄
完美主義者",睡不好
wei_12_25,ㄚ偉Alien 🥀｜中區實習教練｜增肌減脂,"被愛包裹的人
「才有穩定的情緒和底氣」
事事會回應：
我吃飽了 我到家了 我洗好了
簡單的回覆 不是這些不起眼的文字
讓妳開心的不是這些廢話
而是妳說了這些簡單的文字
有一個人認真對待妳",2024-11-13 22:04,"感情｜勵志｜語錄
完美主義者",睡不好
wei_12_25,ㄚ偉Alien 🥀｜中區實習教練｜增肌減脂,"基本上女生哭的時候 
男生都會說
：
「哭不能解決問題」
但是你要要知道
沒有人哭是為了解決問題好嗎",2024-11-13 09:37,"感情｜勵志｜語錄
完美主義者",睡不好
wei_12_25,ㄚ偉Alien 🥀｜中區實習教練｜增肌減脂,"妳越喜歡一個人 
對方是不是會越沒這麼喜歡妳
被偏愛的人 總是有恃無恐 
享受著妳為他的好
人就是不太會珍惜那些對自己好的人
是不是愛太廉價了？
要記得
愛是免費的 但絕不廉價",2024-11-12 22:18,"感情｜勵志｜語錄
完美主義者",睡不好
wei_12_25,ㄚ偉Alien 🥀｜中區實習教練｜增肌減脂,"感情裡面最怕的是
：
「妳認真 但對方只是曖昧一場」
他動了嘴 妳動了心
他剛好寂寞 妳剛好天真",2024-11-11 22:00,"感情｜勵志｜語錄
完美主義者",睡不好
wei_12_25,ㄚ偉Alien 🥀｜中區實習教練｜增肌減脂,"📢聽說脆漲粉很快
  實測DAY 14
目標破1000！
脆都會回追喔😝
IG都會回追喔(o^^o)
只追有頭像的謝謝
希望多來點互動
流量密碼在哪裡",2024-11-11 12:15,"感情｜勵志｜語錄
完美主義者",睡不好
wei_12_25,ㄚ偉Alien 🥀｜中區實習教練｜增肌減脂,"回一條訊息只要幾秒
一個連幾秒都不會花在妳身上的人
你還是別奢望能得到他的喜歡了
沒有人會一整天不回覆
只是妳不重要",2024-11-10 22:54,"感情｜勵志｜語錄
完美主義者",睡不好
wei_12_25,ㄚ偉Alien 🥀｜中區實習教練｜增肌減脂,"想要快樂
：
「就要學會偶爾消失」
偶爾失聯式的放鬆
會發現生活部分的疑惑 焦慮 不開心
是某些人際關係影響的
試試看",2024-11-10 22:02,"感情｜勵志｜語錄
完美主義者",睡不好
trinity_5485,trinity_5485,"我在做一個晚上喝不失眠的手搖名單
目前我覺得好喝的：
五桐號：玄米蕎麥
麻古：楊枝甘露（無茶）
迷客夏：芋頭鮮奶
一沐日：蕎麥鮮奶
路易莎：紅蜜鮮奶茶
Coco：檸檬冬瓜露
還有什麼你推薦的無咖啡因神飲嗎🤤",2025-10-21 22:58,An observationalist.,失眠
trinity_5485,trinity_5485,"主管說：大家我請飲料～隨便點！
我打開菜單猶豫三秒
還是選了最便宜的紅茶😅
結果後面同事直接點楊枝甘露＋加料。
請問這種時候，點太貴真的會被記恨嗎？",2025-10-21 10:21,An observationalist.,失眠
58loveegg,蛋撻,"叫了個便當，要吃的時候
發現沒有筷子
欸，這樣是叫我怎麼吃拉
有沒有哥哥可以帶個幾雙
來我這裡啊⋯⋯",2025-11-18 15:25,"小壞蛋報到～
今晚想被大壞壞怎麼欺負？
快說，我腿已經軟了啦😈",失眠
58loveegg,蛋撻,"有客人問我：
綁馬尾的女生，
是不是做事比較方便？
我想了想，還真的是。
像在幫客人按摩的時候，
頭髮綁起來不只清爽，
動作也更俐落，
完全不會被頭髮礙手礙腳。
小小一條馬尾，真的差很多！",2025-11-18 09:47,"小壞蛋報到～
今晚想被大壞壞怎麼欺負？
快說，我腿已經軟了啦😈",失眠
58loveegg,蛋撻,"我以為腿照是會有流量的
但是最近流量很不好
可能是因為我的腿不好看吧",2025-11-17 11:01,"小壞蛋報到～
今晚想被大壞壞怎麼欺負？
快說，我腿已經軟了啦😈",失眠
_yulii8,_yulii8,"到底要多漂亮才不會自卑
我常常怪自己眼睛不夠大 臉不夠小
隨口一提的看法也可以讓我焦慮很久
我接受不了不夠完美的自己
晚睡留下的黑眼圈 
鼻子上的黑頭粉刺 冒出來的痘痘
從以前我就開始怪自己不夠漂亮
焦慮到不敢照鏡子 總是在想我是不是好看一點就有人真心愛我了 整夜的失眠
我摸不透我自己 永遠在自卑的深淵徘徊
討厭我的敏感焦慮 討厭我的情緒不穩定
我其實是一個很差的人
我不懂怎麼處理複雜的人際關係
我很愛美 但我不像照片那樣好看
如果我漂亮一點就好了",2025-10-12 12:44,心事,失眠
masontsao,Mason Tsao,"冷知識：
有一種睡覺，叫做「睡眠焦慮」，通常發生在已有失眠的個案。
因爲不確定今晚會不會又失眠，在躺床前後就會一直想「我今天一定要睡著！」「我會不會又睡不好了」。但如此一來，大腦反而更活躍，更無法入睡。
治療方法其實很多，但睡眠其實，是爲了清醒的生活。我們終究可以試著不去算每天幾點才入睡、總共睡多久。只要白天是有精神的，那就及格了。就算不及格，一天兩天也沒關係，也有補考的機會。",2025-10-10 23:06,"曹文沿
🟣兒童青少年精神專科醫師 child and adolescent psychiatrist🔵也看成人
🟢桃園醫院精神部兒童青少年精神科
主任🟠早療中心評估醫師🟡台北榮總總醫師+兒青研究醫師🔴from lovely Taiwan",失眠
masontsao,Mason Tsao,"這次被騙掛號啦！
不知道是誰的主意騙的，總之是說：
👩‍🦱「他是XXX, 他的家人是OOOO的@@@, 你應該記得他吧？」
我👨🏻‍⚕️：「不記得？」
👩‍🦱「他很久以前看過你耶，你忘記了齁？他想加掛怎麼辦？」
我👨🏻‍⚕️：「（想說以前看過那應該比較了解他）好吧那請他明天來敲門問我」
👩‍🦱「還是我幫你直接掛？」
我👨🏻‍⚕️：「好吧」
結果今天看是初診！🥲
繼之前的偷掛號，這次變成騙！
不要騙我的青春和我善良的靈魂！（誤
那我也要打電話說：欸你有一筆獎金忘了給我，你忘了嗎😂",2025-10-09 22:34,"曹文沿
🟣兒童青少年精神專科醫師 child and adolescent psychiatrist🔵也看成人
🟢桃園醫院精神部兒童青少年精神科
主任🟠早療中心評估醫師🟡台北榮總總醫師+兒青研究醫師🔴from lovely Taiwan",失眠
masontsao,Mason Tsao,"分享我一次失控的經驗。那是我早診看到快15:00的一天。
護理師跟我說有一位大媽，她在門外問可不可以加號，她是想拿平常吃的藥。我同意了請她去櫃台加掛。但沒多久傳來好幾次陣陣敲門聲。我問是誰，護理師說又是她。我看電腦，她還沒去加號。但護理師說她問什麼時候換她。
隔沒多久，護理師要忙隔壁診間的事。又來急促的敲門聲。我一開發現是她。她劈頭就問：「怎麼會那麽久，OOXX#……」
我那時真的失控了，顧不得我還在看的病人。我直接說：「請你去外面，現在不是你！你已經嚴重干擾到我看病，再來敲一次，我就請保全人員來處理！」
她突然閉上嘴。又說：「有這麼嚴重嗎。」
我說：「我剛才是不是請你去加號！結果你也沒去！那你一直敲門是在敲什麼！為什麼要那麼久，是因爲有些人很嚴重，快死了！！我要處理他們的生命安全！你要負責嗎！」
她後來一聲不吭，我最後還是幫她開藥了。但我完全沒有開心的感覺，只是很後悔又很難過。累一整天，我想盡可能處理急與難症病人，我也知道不可能每個人都理性溝通，但我真的無力去思考她這麼做背後的動機，給予理性的回應。那時我的退意又提升了很多。我真的認爲，眼前的制度，真的會讓醫師不得不離開醫院……",2025-10-05 23:49,"曹文沿
🟣兒童青少年精神專科醫師 child and adolescent psychiatrist🔵也看成人
🟢桃園醫院精神部兒童青少年精神科
主任🟠早療中心評估醫師🟡台北榮總總醫師+兒青研究醫師🔴from lovely Taiwan",失眠
masontsao,Mason Tsao,"對於憂鬱/焦慮症而言，我們開藥時通常會有主線用藥（如ssri, snri, ndri 等等）和臨時用的（如bzd, beta blocker之類）。
不過主線用藥要產生作用，多半要2-4週。臨時的用藥多半會當下很快作用，但退的也快（絕大多數大概4-6小時）。我都會跟他們先講好這些，以及遇到副作用時要怎辦。
許多情緒不穩的朋友，回診時會跟我說：「覺得那個每天吃的好像沒什麼用。大概吃幾天後來就沒吃了。只有吃那個臨時吃的。」
我聽到這邊會覺得很可惜，這種感覺，就好像，中秋節烤肉時，牛小排真的等太久了！所以就先不烤了，先喝黑O汽水止餓一下。
但有時喝汽水真的能喝飽！只是隔一段時間就要再倒一杯。
也有些人不烤肉了，去吃鐵板燒。
祝大家中秋節快樂！",2025-10-04 00:00,"曹文沿
🟣兒童青少年精神專科醫師 child and adolescent psychiatrist🔵也看成人
🟢桃園醫院精神部兒童青少年精神科
主任🟠早療中心評估醫師🟡台北榮總總醫師+兒青研究醫師🔴from lovely Taiwan",失眠
masontsao,Mason Tsao,"有一些ASD(自閉症類群障礙症）的小朋友，很多家長與老師同學都沒有發現他有ASD。但卻很困擾，因為這個小朋友常常跟人有衝突。
其中一種狀況，是小朋友常常生氣。在與他人玩的時候，常會說：「這就是他犯規了。」「他做錯了，給我道歉！」「他一定是故意的！！」，不論老師或同學怎麼處理，他就是覺得對方故意，道歉誠意也不夠，可能導致更嚴重的情緒行為問題（例如氣到跺腳，踢或丟東西，口出惡言等等）。
但也許他的同學是不小心碰到他，或是想跟他開個小玩笑。
這其實是在DSM-5中ASD診斷準則裡的「重複且侷限的行為」類別裡面的一項：個案常會遵守一些特定的規則，且不論在何時，都是規則優先。個案常會覺得：沒有人不懂這些規則。而別人竟然觸犯了這個規則，真的是太不可原諒了！但往往個案會陷在這種氣憤的情緒裡，而沒有察覺到自己太超過了。",2025-10-01 23:41,"曹文沿
🟣兒童青少年精神專科醫師 child and adolescent psychiatrist🔵也看成人
🟢桃園醫院精神部兒童青少年精神科
主任🟠早療中心評估醫師🟡台北榮總總醫師+兒青研究醫師🔴from lovely Taiwan",失眠
masontsao,Mason Tsao,"「醫師，請問醫院有人可以為我們小孩做心理治療嗎？」
每當被問到這個問題，我會一陣心酸。
👨‍⚕️「我會幫你轉介。但我無法跟你保證什麼時候會做得到。有可能要等好幾個月。」
👨‍⚕️「我們的心理師人力真的不足，光是做心理衡鑑，就要等好幾個月了，要有餘力才有辦法再接個案做心理治療......所以，我才會跟你們說，可以考慮去外面的諮商所/治療所......」
「醫師，那請問什麼時候會做到心理衡鑑？」
👨‍⚕️「我今天幫你們排隊，但是，什麼時候你們會接到通知，也很難說，之前曾經等到三個月到六個月不等，你們要排嗎？」
通常，答案都是：「要」。",2025-09-30 22:55,"曹文沿
🟣兒童青少年精神專科醫師 child and adolescent psychiatrist🔵也看成人
🟢桃園醫院精神部兒童青少年精神科
主任🟠早療中心評估醫師🟡台北榮總總醫師+兒青研究醫師🔴from lovely Taiwan",失眠
masontsao,Mason Tsao,"[醫學冷知識]
中秋節快到了，在此提醒大家，柚子含有呋喃香豆素(furanocoumarin)，會抑制小腸及肝臟中的代謝酵素CYP3A4，絕對不能跟以下幾種東西一起吃：
1. 烤肉
2. 蛋黃酥
3. 珍珠奶茶
因為你會無法自拔，一吃再吃，會變很胖。
望周知。（嚼",2025-09-29 23:44,"曹文沿
🟣兒童青少年精神專科醫師 child and adolescent psychiatrist🔵也看成人
🟢桃園醫院精神部兒童青少年精神科
主任🟠早療中心評估醫師🟡台北榮總總醫師+兒青研究醫師🔴from lovely Taiwan",失眠
masontsao,Mason Tsao,"各位家長，如果你們遇到老師委婉的請您帶小孩給醫師評估，請珍惜他。
沒有一位老師想平白無故冒著風險惹家長不開心。
這年頭老師除了需要備課上課，白天要管理秩序、處理人際問題，處理2位以上的特殊生議題，改考卷寫聯絡簿外，晚上要回line跟許多家長線上會議，不能體罰，這些是20年前沒有的景象。
如果他還能注意到你的小孩可能有身心狀況，請珍惜他。
如果他還能整理觀察紀錄或影音資料給你，請千萬珍惜他。
如果他還能主動提要幫忙申請特教資源，請一定好好疼愛他。
辛苦的教師們，教師節快樂！",2025-09-28 22:18,"曹文沿
🟣兒童青少年精神專科醫師 child and adolescent psychiatrist🔵也看成人
🟢桃園醫院精神部兒童青少年精神科
主任🟠早療中心評估醫師🟡台北榮總總醫師+兒青研究醫師🔴from lovely Taiwan",失眠
masontsao,Mason Tsao,"我有時問小朋友：👨🏻‍⚕️「你們老師怎麼樣？會很兇嗎？」
她搖搖頭，接著說：
「隔壁班的老師罵人，我們班都聽得到。」
👨🏻‍⚕️「哇～！」
「她們班會發出”啪！啪！啪！”的聲音！」
👨🏻‍⚕️「蛤？他們會體罰嗎？」
「不會，可是他們老師會用尺，在桌上打，桌子上已經有一條一條的，超恐怖！」她心有餘悸的說。
我突然想到，這桌子就像小當家在考特級廚師時遇到的砧板，一個個刀痕都是奮力的痕跡（？）
有沒有隔壁班老師很兇的八卦？",2025-09-27 23:42,"曹文沿
🟣兒童青少年精神專科醫師 child and adolescent psychiatrist🔵也看成人
🟢桃園醫院精神部兒童青少年精神科
主任🟠早療中心評估醫師🟡台北榮總總醫師+兒青研究醫師🔴from lovely Taiwan",失眠
masontsao,Mason Tsao,"我敬佩家中有特殊生的家長，他們往往為了孩子，去學習自己原本不了解的事然後一起幫助孩子。
有印象深刻的例如：
Top 3: 一起跟孩子上早療課程，將治療師的教學方法學到腦海中並帶到家裡持續教育小孩
Top 2: 因為孩子學校缺師資。後來考到代理教師，去該校任教，教導包括孩子在內的許多特殊生
Top 1: 孩子害怕陌生環境，家長學會幫孩子理髮，還會刻一個閃電
辛苦家長了😆大家還有没有家有特殊生的故事，歡迎分享！",2025-09-26 23:24,"曹文沿
🟣兒童青少年精神專科醫師 child and adolescent psychiatrist🔵也看成人
🟢桃園醫院精神部兒童青少年精神科
主任🟠早療中心評估醫師🟡台北榮總總醫師+兒青研究醫師🔴from lovely Taiwan",失眠
mumupom,𝐌𝐮,"好市多也有日本爆紅的失眠救星-無羊枕頭
看到很多店都缺貨了，好奇真的很好睡嗎🐑",2025-11-03 21:39,𝙵𝚞𝚕𝚕-𝚃𝚒𝚖𝚎 𝙳𝚊𝚢𝚍𝚛𝚎𝚊𝚖𝚎𝚛,失眠
mumupom,𝐌𝐮,"好市多新上架的兒童動物造型桌椅好可愛耶
媽媽們經過都會停下來說這個價格很划算😆",2025-11-03 18:39,𝙵𝚞𝚕𝚕-𝚃𝚒𝚖𝚎 𝙳𝚊𝚢𝚍𝚛𝚎𝚊𝚖𝚎𝚛,失眠
mumupom,𝐌𝐮,"Casetify折扣季到了，下標前附個勸退圖⋯
邊條鬆掉、圖案掉漆，但鏡頭支架很方便。",2025-11-03 11:00,𝙵𝚞𝚕𝚕-𝚃𝚒𝚖𝚎 𝙳𝚊𝚢𝚍𝚛𝚎𝚊𝚖𝚎𝚛,失眠
mumupom,𝐌𝐮,"感冒流行季節媽媽必備好物，舒緩小孩的咳嗽、感冒症狀，比較好入睡。
➰牧羊人沐浴泡澡精油
￼➰Vaporub薄荷舒緩膏
幼兒園開學後每個月都在更新病毒碼🥺",2025-11-02 20:46,𝙵𝚞𝚕𝚕-𝚃𝚒𝚖𝚎 𝙳𝚊𝚢𝚍𝚛𝚎𝚊𝚖𝚎𝚛,失眠
mumupom,𝐌𝐮,快被萬聖節搞死的老媽媽 ᕐ ̆̈͜͡ ᕐ,2025-10-31 23:15,𝙵𝚞𝚕𝚕-𝚃𝚒𝚖𝚎 𝙳𝚊𝚢𝚍𝚛𝚎𝚊𝚖𝚎𝚛,失眠
mumupom,𝐌𝐮,"第一次過萬聖節竟然是陪兒子幼兒園晚會
手殘人還是別模仿了搞死自己🤡",2025-10-31 17:41,𝙵𝚞𝚕𝚕-𝚃𝚒𝚖𝚎 𝙳𝚊𝚢𝚍𝚛𝚎𝚊𝚖𝚎𝚛,失眠
mumupom,𝐌𝐮,"開心果粉報到🙋🏻‍♀️
這波 Mister Donut跟HERSHEY'S聯名有厲害到。
第一間想說這麼偏僻先去逛家樂福，出來剛被買走⋯
衝到中壢sogo只剩強制配貨的組合只好先拿下
店員說剛被洗劫一空😀",2025-10-31 11:55,𝙵𝚞𝚕𝚕-𝚃𝚒𝚖𝚎 𝙳𝚊𝚢𝚍𝚛𝚎𝚊𝚖𝚎𝚛,失眠
mumupom,𝐌𝐮,"進義美門市本來只想買布朗尼
結果出來提了一袋還辦了會員⋯
有什麼必買商品嗎",2025-10-30 15:44,𝙵𝚞𝚕𝚕-𝚃𝚒𝚖𝚎 𝙳𝚊𝚢𝚍𝚛𝚎𝚊𝚖𝚎𝚛,失眠
mumupom,𝐌𝐮,"今天摩斯漢堡活動
點套餐會送萬聖節繪本🎃",2025-10-30 11:12,𝙵𝚞𝚕𝚕-𝚃𝚒𝚖𝚎 𝙳𝚊𝚢𝚍𝚛𝚎𝚊𝚖𝚎𝚛,失眠
mumupom,𝐌𝐮,"lativ小童出了好多聯名新品
三麗鷗、米菲兔、史努比",2025-10-27 09:30,𝙵𝚞𝚕𝚕-𝚃𝚒𝚖𝚎 𝙳𝚊𝚢𝚍𝚛𝚎𝚊𝚖𝚎𝚛,失眠
mumupom,𝐌𝐮,"大戶屋的芝麻鹽根本吃飯神器
仙子胃就這樣吃完一碗飯🍚",2025-10-26 20:20,𝙵𝚞𝚕𝚕-𝚃𝚒𝚖𝚎 𝙳𝚊𝚢𝚍𝚛𝚎𝚊𝚖𝚎𝚛,失眠
mumupom,𝐌𝐮,中壢墊腳石變成三麗鷗的形狀,2025-10-25 20:16,𝙵𝚞𝚕𝚕-𝚃𝚒𝚖𝚎 𝙳𝚊𝚢𝚍𝚛𝚎𝚊𝚖𝚎𝚛,失眠
mumupom,𝐌𝐮,"連假帶恐龍迷來西湖渡假村，苗栗天氣超棒的！
恐龍步道不會太長，沒辦法推推車喔。
小孩都在泡泡區玩瘋了，建議要帶衣服更換，還有氣墊城堡區可以玩但是我們沒繞過去。
建議蝦皮先購票$280（2大1小可入園），覺得幼童玩剛剛好，再大一點可能會覺得無聊😆",2025-10-25 10:30,𝙵𝚞𝚕𝚕-𝚃𝚒𝚖𝚎 𝙳𝚊𝚢𝚍𝚛𝚎𝚊𝚖𝚎𝚛,失眠
mumupom,𝐌𝐮,"全聯萬聖節活動🎃
2025/10/25（六）-10/31（五）
只要到全聯門市喊出通關密語「不給糖就搗蛋」，即可獲得限量糖果1份（每人限領1份，數量有限送完為止）",2025-10-25 07:36,𝙵𝚞𝚕𝚕-𝚃𝚒𝚖𝚎 𝙳𝚊𝚢𝚍𝚛𝚎𝚊𝚖𝚎𝚛,失眠
mumupom,𝐌𝐮,"好市多熱門的Hape廚房組又回來了🔥
新上架的有Q版迪士尼公主跟寶可夢精靈球牙膏",2025-10-24 21:29,𝙵𝚞𝚕𝚕-𝚃𝚒𝚖𝚎 𝙳𝚊𝚢𝚍𝚛𝚎𝚊𝚖𝚎𝚛,失眠
mumupom,𝐌𝐮,"新竹人氣甜甜圈🍩
平日營業前已經有排隊人潮，好多人都是夾整盤滿滿，問了門口正在吃的小姐最推薦苦甜巧克力。
熱門口味銷售很快，但很快會補新的口味，有等到開心果💚
📍 Weekend Planners 酵想
新竹市東區仁愛街76號",2025-10-24 11:55,𝙵𝚞𝚕𝚕-𝚃𝚒𝚖𝚎 𝙳𝚊𝚢𝚍𝚛𝚎𝚊𝚖𝚎𝚛,失眠
mumupom,𝐌𝐮,"新開幕咖啡廳
起司控一定要來試這個蛋糕🧀
芭樂美式也很好喝，這個組合太搭了.ᐟ
📍 JOTTO Pastry and Records
新竹市東區仁愛街91號1F",2025-10-23 14:00,𝙵𝚞𝚕𝚕-𝚃𝚒𝚖𝚎 𝙳𝚊𝚢𝚍𝚛𝚎𝚊𝚖𝚎𝚛,失眠
mumupom,𝐌𝐮,好市多新上架的雞胸肉可以買，一包有六片獨立包裝，真的有比較嫩，架上只剩零星幾包💪🏻,2025-10-22 09:48,𝙵𝚞𝚕𝚕-𝚃𝚒𝚖𝚎 𝙳𝚊𝚢𝚍𝚛𝚎𝚊𝚖𝚎𝚛,失眠
mumupom,𝐌𝐮,"打開聯絡簿( ˊᵕˋ ꐦ)
人在無言的時候真的會笑",2025-10-21 17:28,𝙵𝚞𝚕𝚕-𝚃𝚒𝚖𝚎 𝙳𝚊𝚢𝚍𝚛𝚎𝚊𝚖𝚎𝚛,失眠
mumupom,𝐌𝐮,下大雨牽車卡住，一個撐傘買便當的先生單手幫我拖出來，心裡是伊之助暖烘烘的表情包💛,2025-10-21 12:03,𝙵𝚞𝚕𝚕-𝚃𝚒𝚖𝚎 𝙳𝚊𝚢𝚍𝚛𝚎𝚊𝚖𝚎𝚛,失眠
story.goon,餘波,"睡眠是小型的死亡，而活著，是一場漫長的失眠。
— 《失眠》",2024-07-13 14:14,慎思明辨,失眠
story.goon,餘波,"人不應該為了生活，而毀掉生活的目的。
— 叔本華",2024-07-12 22:33,慎思明辨,失眠
story.goon,餘波,"你必須不再渴望擁有一個更好的過去。
— 歐文·亞隆",2024-07-09 20:34,慎思明辨,失眠
story.goon,餘波,"這個世界上肯定有另一個我，做著我不敢做的事，過著我想過的生活。
— 山本文緒",2024-07-08 18:26,慎思明辨,失眠
story.goon,餘波,"真正的友誼，是在你需要的時候伸出援手，而不是在你成功的時候為你鼓掌。
— 麥家",2024-07-06 02:16,慎思明辨,失眠
story.goon,餘波,"我們所愛的，常常不是一個人，而是愛情本身。那天晚上，月亮才是你真正的情人。
— 莫泊桑",2024-07-04 14:52,慎思明辨,失眠
story.goon,餘波,"感情原來是這麼脆弱的，經得起風雨，卻經不起平凡。
— 張愛玲",2024-07-02 23:05,慎思明辨,失眠
story.goon,餘波,"我不害怕死亡，因為兩邊都有我的家人。
— 佚名",2024-07-01 23:02,慎思明辨,失眠
story.goon,餘波,"歷史是一堆灰燼，但灰燼深處有餘溫。
— 黑格爾",2024-07-01 19:30,慎思明辨,失眠
story.goon,餘波,"尋了半生的春天，你一笑便是了。
— 錢鐘書",2024-06-30 10:37,慎思明辨,失眠
la_0130,La,"跟你們說這罐超屌...
我男友平常工作壓力很大 失眠超嚴重
去小屈想說買可以助眠的給他
店員推我這款夜酵素
給他吃幾天後現在都比我早睡😀?",2025-11-25 16:06,小朱一天發100則threads我也會看完🥹,失眠
la_0130,La,"養皮4個月
立志不當課長的我
在台北一級搶菇戰區
努力騎腳踏車解任務跟訂鬧鐘蹲菇
還是有機會成功的(;´༎ຶД༎ຶ`)",2025-11-25 15:34,小朱一天發100則threads我也會看完🥹,失眠
4444una,巫娜,"昨天朋友帶我去一間
以前從未經過、也未曾聽聞的大廟拜拜。
大廟裡的書櫃存放眾多佛書經典，當時經過好幾次都沒發現，最後要離開前，感覺那邊有什麼在呼喚我；於是上前一看，這本藥師琉璃光如來本願功德經，就躺在最上方、最顯眼的位置，靜靜地等我！
當下超震驚！因為這本書跟我元辰宮裡禪室放的書，真的完全一模一樣！
藥師琉璃光如來這個暗示太明顯😅我必須拿走它。
拿回家後，淨身完畢便開始認真翻閱。
裡面除了介紹藥師琉璃光如來，也介紹了日光菩薩、月光菩薩，以及12藥叉大將。
同時聽著藥師佛心咒，總共花了一個多小時才看完，後來就去睡了。結果睡到一半，突然全身被熱醒！
當下天靈蓋有股十分強大的能量一直要灌進來，我整個人被很炙熱的能量場包圍。
接著就看見藥師琉璃光如來本願功德經當中的12位藥叉大將，開始在我身上一一畫起不同的無形符咒，雖然看不懂，但能明顯感覺到祂們的能量。
原本睡覺時，尋麻疹又發癢，沒想到在12藥叉大將畫完那些無形符咒後，發癢的症狀就逐漸緩解。
醒來後，慢慢才意會過來～原來那些我無法看懂的符咒，竟是12藥叉大將的神威庇佑！
真的很感謝藥師琉璃光如來🙏
也很感謝12藥叉大將🙂‍↕️",2025-01-20 01:29,Blessed soul.,一直醒
tzu_chi_0718,🍡,"昨天跟🐑一分鐘內撞詞三次
都是幾乎同時傳的
超好笑
要多扯😻",2025-03-14 19:33,"永遠愛狗狗🐶
覺等死了再睡",一直醒
tzu_chi_0718,🍡,"今天上班詹跟周來給我一塊麻糬（超大塊）
沒想到上大夜還有人探班😍
學姊今天也送我起司蛋糕
結果我半夜吃完麻糬跟起司蛋糕就好飽
而且好好吃ㄛ
我上班前買的友善時光直接變早餐哈哈哈
ㄛ我現在上班前都先去買友善時光當宵夜
乞丐超人😀",2025-03-14 09:34,"永遠愛狗狗🐶
覺等死了再睡",一直醒
tzu_chi_0718,🍡,"雖然我不是護理師
但大夜值班的時候差不多也長這樣
尤其夜診下班之後
一大堆人一直叫我
拖診的門診病人也來找我領藥
急診病人也找我
急診護理師也找我
住院也找我
傳送收藥也找我
我真的要死
然後還要接一堆電話
一下護理師要我核才剛開沒5分鐘的ADC
一下要急領什麼
一下民眾打電話來諮詢
我真的忙到快死😀
拜託都別吵給我一個一個排隊慢慢等😇",2025-03-12 10:13,"永遠愛狗狗🐶
覺等死了再睡",一直醒
tzu_chi_0718,🍡,"之前看人家分享站搖滾區都叫苦連天
但那天我衝韓國搖滾區反而覺得還好
發現自己平常上班訓練有成
不喝水不上廁所一直罰站根本小case😍
（好啦但我彩排完有跑到後面偷坐下）
（體力很爛）
只能說想要訓練自己站搖滾區的追星女
歡迎來醫院上班？？？
想當初剛開始上班站台回家都超累
就是為了那一刻嗎（好正向思考）",2025-03-08 21:40,"永遠愛狗狗🐶
覺等死了再睡",一直醒
twtnn_chncsx,yuan,"前幾天晚上一直睡不好，很多夢然後醒來一身髒氣，直覺應該又是運勢開始偏低了🫠
然後想到最近朋友很推的金光神咒，於是睡前把祂拿出來念五遍。
唸完覺得舒服很多，就點了一柱線香準備入睡。
然後，就在半夢半醒間感覺到有個超級結實的大塊頭站在我床頭的右手邊，沒多久我開始發熱流汗(冷氣開25度😓)
祂：我來看著妳睡覺。
(然後調暗自己身上的金光)
我：.....我謝謝您
後來一夜好眠～早上9:00被熱醒😂
這篇文章想表達的是金光神咒可以多念，有厲害👍",2024-07-05 12:25,"台南↔️湖南
異地姐弟戀日記✈️
不跟著流量走，想發什麼就發什麼🫶",一直醒
twtnn_chncsx,yuan,"異地戀的浪漫 
本來說好要一起看差不多場次的電影
但上週湖南一直下暴雨，拖了一週才去看～
超愛吃甜味爆米花💛 看電影必備",2024-07-04 17:49,"台南↔️湖南
異地姐弟戀日記✈️
不跟著流量走，想發什麼就發什麼🫶",一直醒
twtnn_chncsx,yuan,"iPhone還有可能再出指紋解鎖的大螢幕手機嗎？😔 不是SE那種小螢幕
用過i13覺得face id好不方便，早上起床還不想開燈起來都沒辦法識別，用了兩年不習慣還去蝦皮買人家二手的iPhone8 plus
指紋的比較方便，到底為什麼不出新款😫",2024-07-03 18:31,"台南↔️湖南
異地姐弟戀日記✈️
不跟著流量走，想發什麼就發什麼🫶",一直醒
twtnn_chncsx,yuan,"這個我有經驗
某天下午出門前，看到家裡的護法神們突然表現得非常躁動不安，害我也跟著很緊張起來，想說到底發生什麼事了？
搭電梯下樓時感覺愈來愈不對勁，然後在心裡想等等一定要小心騎車。
結果一跨上摩托車發現....
輪子破掉沒氣了🫨
輪子破掉沒氣了🫨
輪子破掉沒氣了🫨",2024-07-03 12:42,"台南↔️湖南
異地姐弟戀日記✈️
不跟著流量走，想發什麼就發什麼🫶",一直醒
twtnn_chncsx,yuan,"📍廣州 乜都得港式早茶
早茶去吃了陶陶居和乜都得，兩間都是連鎖店，但我們一致喜歡乜都得這種要自己泡茶的感覺，特別悠閒特別chill。
陶陶居是直接給你一壺泡好的茶，底下有燭火在燃燒保溫。
btw這家炒飯超好吃！粒粒分明然後入口後米飯愈嚼愈香，第一次吃米飯覺得有後勁🥹
而且價格也不貴，全部吃完才¥140 rmb
*這趟旅程很謝謝男友，他看我想吃什麼就點沒有第二句話，反而我常跟他說先別點那麼多，吃得完再點😂",2024-06-23 22:11,"台南↔️湖南
異地姐弟戀日記✈️
不跟著流量走，想發什麼就發什麼🫶",一直醒
qundaily,群の日常,"滑雪篇不看 銀魂白看
但不能睡前看 因為會笑到睡不著",2025-11-11 00:42,"這是一個佛系經營的帳號
就是分享最近看的動漫這樣",睡不著
qundaily,群の日常,"北北基桃的民眾最想聽到的話
明天放",2025-11-10 18:40,"這是一個佛系經營的帳號
就是分享最近看的動漫這樣",睡不著
qundaily,群の日常,"又是逆轉的戲碼！！！
恭喜T1達成三連霸",2025-11-09 20:14,"這是一個佛系經營的帳號
就是分享最近看的動漫這樣",睡不著
qundaily,群の日常,"歡迎分享你的懷舊動漫歌曲
我的：",2025-11-08 20:11,"這是一個佛系經營的帳號
就是分享最近看的動漫這樣",睡不著
qundaily,群の日常,"我真的要瘋掉了！！！
終於能看到第五季了
11/27能不能趕快來啊",2025-10-30 21:50,"這是一個佛系經營的帳號
就是分享最近看的動漫這樣",睡不著
dog15439,陳姿穎,"Bucket List✔️
終於正式成為內科專科護理師了
想想這一年來真的太不容易了
訓練2個月開始獨立執行專師的工作內容
然後過著平日上班 每週六上課 一個月值兩天假日班的生活=月休2-3天
想放棄的念頭從來沒間斷過
但是抱持著頭都洗一半了不如好好洗完的心情
還是撐過來了（果然是吃苦耐勞的台灣人
話說考完口試還以為自己鐵定不會過
還覺得自己得了PTSD會一瞬間失憶又一瞬間夢回考場驚醒
考完還連續三天嚇到睡不著心悸全身發抖
沒想到結果真的出乎意料
謝謝台中醫院 謝謝學長姐 謝謝我的同伴🙏🏻
大家一起歐趴真的太讚ㄌ🙌🏻🙌🏻🙌🏻",2025-12-04 21:05,🐶🐶🐶,睡不著
dog15439,陳姿穎,"浪漫ㄉ台南
迷幻の浪人祭
 🌊🐋˚ʚ 🫧￼🐳✨",2025-11-24 22:00,🐶🐶🐶,睡不著
linlin_.201,𝕋𝕚𝕟𝕘.,"睡不著來徵特選+學測的學伴！
北部為主",2025-10-26 01:53,,睡不著
inmymind3663,Do re mi So,"空姐特訓班 / Roy Orbison - Pretty woman
上戶彩跟錦戶亮主演，溫馨小品的劇！
影片來源：youtube - 伊似吾磷",2025-05-11 22:19,"｜老靈魂系列｜
．試著把回憶捕捉回來，那些都是讓現在的自己內心強大的種子呀!",睡不著
inmymind3663,Do re mi So,"花樣少年少女 / 大塚愛 - PEACH
我還是比較喜歡日版的花樣少年少女🥹
也從這時期開始聽大塚愛的歌😻
影片來源：youtube - Athrun Leung",2025-05-10 22:23,"｜老靈魂系列｜
．試著把回憶捕捉回來，那些都是讓現在的自己內心強大的種子呀!",睡不著
inmymind3663,Do re mi So,"改造野豬妹 / 修二と彰 - 青春アミーゴ
用了這個版本，除了修二與彰的山下智久跟龜梨和也，還有赤西仁跟錦戶亮🥹一次滿足
記憶中的改造野豬妹是有點好笑、又有點勵志的劇。
影片來源：youtube - Rika Yamahate",2025-05-09 22:17,"｜老靈魂系列｜
．試著把回憶捕捉回來，那些都是讓現在的自己內心強大的種子呀!",睡不著
inmymind3663,Do re mi So,"ARASHI - A･RA･SHI
前天看到宣布停止活動的消息，心震了一下。26年，是一個嬰兒長大、求學、甚至出社會的年紀；某一部分也是承載了我的一些青春。
影片來源：youtube - ARASHI",2025-05-08 22:44,"｜老靈魂系列｜
．試著把回憶捕捉回來，那些都是讓現在的自己內心強大的種子呀!",睡不著
inmymind3663,Do re mi So,"大逃殺
小時候看著這部的時候很衝擊。為什麼呢? 真的要殺同學嗎?
影片來源：youtube - Intercontinental Film",2025-05-07 01:43,"｜老靈魂系列｜
．試著把回憶捕捉回來，那些都是讓現在的自己內心強大的種子呀!",睡不著
inmymind3663,Do re mi So,"爸氣十足 / EXILE - Together
反町隆史主演，要照顧同父異母的兄弟姐妹們（齊藤兄弟、臉很小笑起來很好看的小西真奈美、演Nana2奈奈的市川由衣）、還有他的女兒七海（日向奈奈美超級可愛！！）
這也是歷史悠久到找不到1的影片了🫠
影片來源：bilibili - sotetsu",2025-05-05 22:19,"｜老靈魂系列｜
．試著把回憶捕捉回來，那些都是讓現在的自己內心強大的種子呀!",睡不著
inmymind3663,Do re mi So,"現在 很想見你 / Orange Range - 花
這部很催淚😭
女主角竹內結子先去亞凱布星了😭😭
影片來源：youtube - 蔡虎燚",2025-05-04 22:45,"｜老靈魂系列｜
．試著把回憶捕捉回來，那些都是讓現在的自己內心強大的種子呀!",睡不著
inmymind3663,Do re mi So,"太陽之歌
一公升的眼淚看完之後，衝著澤尻英龍華追的劇，這首歌到現在依舊在我的最愛歌單裡。
影片來源：youtube - WU GUAI",2025-05-03 23:36,"｜老靈魂系列｜
．試著把回憶捕捉回來，那些都是讓現在的自己內心強大的種子呀!",睡不著
m.y_01.07,𝓎𝓊☺︎︎,"紀錄一下這個意外之旅🫶🏻
一開始只是因為要出國了，月經沒來驗一下，看要不要帶衛生棉
我還在那邊跟我老公開玩笑說我看到兩條線，結果真的兩條線自己先嚇到🫢
回國後11/22看到胚囊著床在正確位置
上禮拜因為擔心胚囊沒長大，還跑去看了好幾次醫生
甚至11/26醫生跟我說我的胚囊沒在長大😮‍💨回來後好幾天都睡不著
昨天陪朋友去看婦產科順便看一下，帶著忐忑的心情進診間
照超音波時醫生一言不語直到他量出頭臂長的時候我放心了☺️
醫生：好像已經有心跳囉！我們聽看看
沒多久聽到像火車的聲音🥹🥹是你的心跳聲
接下來孕期還有好多關卡
你一定可以跟媽咪一起闖關成功🫶🏻",2025-12-03 07:38,"▫️美國、深圳、廣州、越南、泰國、日本親飛代購🇺🇸
▫️RITA原單精品販賣所
▫️原單精品誠收批發代理",睡不著
yuyueh168,漫漫來24H 漫畫•輕食·小憩,"高雄 現在睡不著的人
可以來看漫畫吃宵夜了
漫漫來 24小時不打烊喔！
鍋燒意麵很好吃 你一定要來試試～
還有人不想面對週一的到來
準備跟我們一起熬夜嗎😆
難得的寧靜時刻 真好～
#高雄新景點 #高雄美食 #高雄宵夜 #漫漫來漫畫書坊 #低消80元飲料無限暢飲",2025-10-27 00:48,"📍 高雄市新興區中正二路220號2F
📞 07-2253123
🕗 營業時間 24小時 不打烊",睡不著
yuyueh168,漫漫來24H 漫畫•輕食·小憩,"ㄜ～ 昨晚 躺椅太舒服
客人ㄍㄡˊ的很大聲
該如何是好呢～～～
默默地去敲了好幾次書櫃
結果
默默的30分鐘準時開啟
歡迎早上來單人躺椅包間耍廢
低消80飲料無限暢飲 還有好多漫畫
現在有刷卡跟line pay囉～～～
#高雄新景點 #高雄美食 #漫漫來漫畫書坊 #24h不打烊",2025-10-26 12:07,"📍 高雄市新興區中正二路220號2F
📞 07-2253123
🕗 營業時間 24小時 不打烊",睡不著
yuyueh168,漫漫來24H 漫畫•輕食·小憩,"高雄漫漫來 開啟行李寄放囉～
不限時 不限大小 單件收費$120
漫漫來就在 捷運文化中心站
1號出口下車 步行約3分鐘
不用再提著重重行李玩一整天
漫漫來 監視器守護您行李安全
低消80 來漫漫來喝飲料看漫畫
吹吹冷氣 充充電 小憩一下吧🧡
#高雄新景點 #漫漫來漫畫書坊 
#低消80飲料無限暢飲 #高雄行李寄放
#記得要回來拿唷
#鍋燒意麵很好吃😋",2025-10-26 10:58,"📍 高雄市新興區中正二路220號2F
📞 07-2253123
🕗 營業時間 24小時 不打烊",睡不著
yuyueh168,漫漫來24H 漫畫•輕食·小憩,"晚餐時間到 ～～～
可以來漫漫來吃鍋燒 配漫畫
開啟耍廢連假的夜晚囉～
80元低消 飲料20+無限暢飲
鍋燒意麵很讚 還有好多人想外帶
趁現在比較沒人 快來佔位吧～
怕沒位置可以先來電詢問唷☎️
#高雄新景點 #高雄晚餐 #高雄宵夜
#24小時不打烊",2025-10-25 17:57,"📍 高雄市新興區中正二路220號2F
📞 07-2253123
🕗 營業時間 24小時 不打烊",睡不著
yuyueh168,漫漫來24H 漫畫•輕食·小憩,"開幕25天 小編瘋狂海巡
結果出爐 幫老闆0元
創造了164.4萬瀏覽率
是漫漫來太吸引人 還是小編夠努力
看看連假滿滿的人潮就知道了～
小編喊話一下 老闆扣以加薪嗎😆
#高雄新景點 #漫漫來漫畫書坊 #高雄室內景點#漫畫咖啡廳 #I人的天堂 #高雄美食#24小時營業 #高雄宵夜打卡處",2025-10-25 13:15,"📍 高雄市新興區中正二路220號2F
📞 07-2253123
🕗 營業時間 24小時 不打烊",睡不著
yuyueh168,漫漫來24H 漫畫•輕食·小憩,"昨天吃火鍋 發現一個餐都要400+
含服務費後一個人低消500
但漫漫來 低消80元
有20種飲料無限暢飲
最扯的是 直接開24h 宵夜場也行
還有上萬本漫畫供你翻閱
想充電 滑手機 辦公通通都行
目前全面客滿中 請大家告訴大家
來之前務必要打電話詢問座位情形喔
#高雄宵夜場 #高雄住宿 
#高雄24小時不打烊
#漫漫來漫畫書坊",2025-10-25 11:28,"📍 高雄市新興區中正二路220號2F
📞 07-2253123
🕗 營業時間 24小時 不打烊",睡不著
yuyueh168,漫漫來24H 漫畫•輕食·小憩,"🌙 漫漫來全面客滿中💙
想來小憩的朋友們～
建議先來電詢問座位狀況唷 ☎️ 07-2253123
假期還有個地方能讓你放鬆✨
不管是滑手機、看漫畫、讀書還是辦公
都能在這裡找到屬於你的角落☕
今晚起～我們24小時營業💤
歡迎夜貓子一起來漫漫來相聚🌙
📍高雄市新興區中正二路220號2F
#高雄 #室內景點 #高雄新景點 #漫漫來漫畫書坊 #夜貓子天堂 #I人最愛 #24小時書坊",2025-10-24 14:47,"📍 高雄市新興區中正二路220號2F
📞 07-2253123
🕗 營業時間 24小時 不打烊",睡不著
yuyueh168,漫漫來24H 漫畫•輕食·小憩,"🌙✨【連假不打烊・漫漫來陪你到天亮💤】
連假不知道去哪嗎？小編幫你想好啦～
💙 漫漫來漫畫書坊🧡
📖 上萬本漫畫、躺椅沙發包廂、電腦區、冷氣超強、飲料喝到飽
最適合想「放空、追劇、耍廢、辦公」的人～
☕️ 低消80元・飲料無限暢飲
🍜 宵夜場也開放！ 想吃點東西或只是想找地方待著，都沒問題！
💤 連假期間開啟24小時營業，
不管你是白天想休息、晚上想續攤、還是半夜睡不著，都能來漫漫來找位置窩著😆
⸻
📋 小提醒／入店規範
為了大家的安全與舒適環境，小編要提醒一下唷👇
🕚 晚間11點後入店的客人
🛋️ 以及使用包廂的客人
👉 都需出示有效證件登記（身分證／駕照）
感謝大家的配合～讓漫漫來成為更溫馨安全的深夜休憩空間🩵
⸻
📍 高雄市新興區中正二路220號2F
📅 連假期間：24H不打烊
#高雄新景點 #高雄宵夜 #高雄咖啡廳 #高雄休息空間 #高雄漫畫店
#高雄室內景點 #24小時營業 #宵夜場 #高雄不限時 #連假好去處
#漫畫書坊 #漫漫來漫畫書坊 #漫漫來 #深夜咖啡 #I人的天堂 #高雄放鬆景點",2025-10-24 11:32,"📍 高雄市新興區中正二路220號2F
📞 07-2253123
🕗 營業時間 24小時 不打烊",睡不著
yuyueh168,漫漫來24H 漫畫•輕食·小憩,"明天有一件大事
漫漫來要24h營業了
連假沒地方去嗎～
高雄宵夜新地方
漫漫來漫畫書坊
有包廂 有躺椅 有沙發 有電腦
訂不到住宿 還是覺得太貴的
歡迎來漫漫來小憩一下💤
80元低消 飲料喝到飽外
包時 最划算～～～
需要洗澡🛁也通通都有
限時優惠 (出示此畫面）
包時12小時送淋浴一次💙🧡
睡不著還可以出來漫畫看到飽
還是來碗超👍 的鍋燒意麵
等你來唷～～～
目前沒有開放預約 先到先選位置唷
躺椅也好好睡 一定要試試😆
最後一張是價目表
～漫漫來漫畫書坊～
📍高雄市新興區中正二路220號2F
🕒24小時 不打烊
☎️07-2253123",2025-10-23 18:38,"📍 高雄市新興區中正二路220號2F
📞 07-2253123
🕗 營業時間 24小時 不打烊",睡不著
yuyueh168,漫漫來24H 漫畫•輕食·小憩,"店長說要升級鍋燒意麵 🤩
之後的鍋燒意麵會升級有🦐🦐喔
好期待 好期待 好期待～～～
肚子好餓 大家快來漫漫來吃🍜
搭配一杯冰冰的可樂 太快樂了吧🥳
高雄新景點 漫漫來 漫畫書坊
低消80元 有漫畫 有飲料無限暢飲
鍋燒意麵超好吃 你一定要來！！！
#高雄新景點 #漫漫來漫畫書坊 #室內景點 #冷氣很涼 #飲料免費 #鍋燒意麵好好吃🤤",2025-10-23 15:17,"📍 高雄市新興區中正二路220號2F
📞 07-2253123
🕗 營業時間 24小時 不打烊",睡不著
yuyueh168,漫漫來24H 漫畫•輕食·小憩,"🔆書書終於回家啦～🧡💙
小小🤫書區開放通知
⚠️但要注意唷⚠️
🈲未滿18歲不能拿取
看完記得乖乖放回原位🙏
不然小編可就得去翻監視器惹🥹
這區可是小編跟老闆爭取好久
才又重新開放的新書櫃～
拜託大家要好好珍惜愛護唷💕
#書書回家了 #漫漫來漫畫書坊 #室內景點 #高雄新景點
默默淫笑的小編😂 這個笑聲 真的完了～",2025-10-23 11:25,"📍 高雄市新興區中正二路220號2F
📞 07-2253123
🕗 營業時間 24小時 不打烊",睡不著
yuyueh168,漫漫來24H 漫畫•輕食·小憩,"高雄還有這種地方
讓你找回憶 找不完
躺椅真的好舒服
想賴著不走了～～～
漫漫來漫畫書坊
有漫畫 有飲料 有躺椅 有包廂
重點 低消真的只要80元
喝兩杯飲料就回本了啦！！！
還不快來😆
我要來小睡一下了💤
#高雄新景點 #高雄美食 #高雄咖啡廳 #宵夜場也有 #室內景點 #冷氣很涼 #鍋燒意麵很好吃",2025-10-22 20:33,"📍 高雄市新興區中正二路220號2F
📞 07-2253123
🕗 營業時間 24小時 不打烊",睡不著
yuyueh168,漫漫來24H 漫畫•輕食·小憩,"🍂 高雄居然有涼涼的空氣啦～
是時候來【漫漫來漫畫書坊】
喝杯暖呼呼的☕ 現磨咖啡 吧～
低消只要80元，
居然還能免費喝咖啡（老闆真的太佛系😆）
另外還有20多種飲料任你挑～
底下留言告訴我們👇
💬 你最想在冬天喝到的「熱飲」是什麼？
小編幫你去跟老闆喬喬看（認真筆記中✍️）
快來 #漫漫來漫畫書坊 耍廢放空吧～
有漫畫、有飲料、有沙發，
你只要帶著自己就好💙
#高雄新景點 #高雄美食 #室內景點 #低消80 #I人的天堂 #漫畫控的天堂 #漫漫來",2025-10-22 12:11,"📍 高雄市新興區中正二路220號2F
📞 07-2253123
🕗 營業時間 24小時 不打烊",睡不著
yuyueh168,漫漫來24H 漫畫•輕食·小憩,"高雄又要多一個宵夜場地方🧡
漫漫來即將開啟 24H營業囉～
低消80元 20種飲料無限暢飲
有充電 有躺椅 有包廂 有超多漫畫
重點鍋燒意麵很好吃 算優點吧😆
漫漫來 10/24（五）開啟 24H不打烊～
包廂位數量不多 先到先選唷！！！
📍高雄市新興區中正二路220號2F
（高雄捷運文化中心站1號出口）
☎️07-2253123
～漫漫來 漫畫書坊～",2025-10-21 11:39,"📍 高雄市新興區中正二路220號2F
📞 07-2253123
🕗 營業時間 24小時 不打烊",睡不著
yuyueh168,漫漫來24H 漫畫•輕食·小憩,"⚠️ 新書走失公告 ⚠️
漫漫來最新上架新書㊙️區
在上架第 3 天就「失蹤」了……
請曾經取閱的顧客務必歸還唷🥹
漫漫來也有 小小🤫書區，
每一本都是店裡精心挑選、
貴貴的漫畫❤️
請大家一起珍惜、愛護～
取閱完畢記得歸還到原位📖
若該書遲遲未歸還，
我們也只能依照法規處理😢
希望大家都能當守信用的好客人✨
—— 漫漫來漫畫書坊 敬上
#漫漫來漫畫書坊 #高雄新景點 #書書走丟了",2025-10-20 13:08,"📍 高雄市新興區中正二路220號2F
📞 07-2253123
🕗 營業時間 24小時 不打烊",睡不著
yuyueh168,漫漫來24H 漫畫•輕食·小憩,"居然還有人不知道
高雄 有80元低消
20種飲料喝到飽的漫畫店
週一 休息的好地方喔～
新書上書中 ～
還有 包廂 躺椅 沙發 任你挑！！！
I人的天堂 首選 漫漫來💙
就在高雄捷運 文化中心站
1號出口 直行約3分鐘 抵達～",2025-10-20 08:36,"📍 高雄市新興區中正二路220號2F
📞 07-2253123
🕗 營業時間 24小時 不打烊",睡不著
yuyueh168,漫漫來24H 漫畫•輕食·小憩,"聽到好多客人反應
有想要的書單 
現在 漫漫來 聽你說～
⬇️點點連結⬇️
forms.gle/9DmFY…
可以告訴我們
你想要看的書跟 想對漫漫來說的話
我們將 每週更新Top1書籍
讓更多人可以看到自己想要的愛🩷🖤
另外今天漫漫來FB
🈵6000粉絲了耶
小編 超級無敵感動 ～～～
謝謝大家的支持與鼓勵！
漫漫來會努力越來越好的喔😊
期望給大家 更好的服務 空間 餐點
#漫漫來全體員工敬上 #有話都能對我們說 
#高雄新景點 #漫漫來漫畫書坊 #有你們真好",2025-10-18 21:08,"📍 高雄市新興區中正二路220號2F
📞 07-2253123
🕗 營業時間 24小時 不打烊",睡不著
yuyueh168,漫漫來24H 漫畫•輕食·小憩,"📍高雄市新興區中正二路220號2F
～漫漫來～ 漫畫·輕食·小憩
營業時間 8:00-23:30
☎️07-2253123
#高雄新景點#室內景點 #沙發躺椅電腦包廂通通都有 #快來玩吧 #漫漫來漫畫書坊 #高雄晚餐 #高雄午餐 #高雄宵夜 #休息洗澡通通都有",2025-10-18 09:24,"📍 高雄市新興區中正二路220號2F
📞 07-2253123
🕗 營業時間 24小時 不打烊",睡不著
yuyueh168,漫漫來24H 漫畫•輕食·小憩,"今天必須當個跟風小編pink pink
高雄 新景點 漫漫來漫畫書坊
有你最需要的休息地方！
80元低消 20種飲料無限暢飲
還有多種座位包廂區任你挑🩷🖤
位子有限 請大家告訴大家😆
📍高雄市新興區中正二路220號2F
～漫漫來～ 漫畫·輕食·小憩
營業時間 8:00-23:30
☎️07-2253123
#高雄新景點#室內景點 #沙發躺椅電腦包廂通通都有 #快來玩吧",2025-10-18 08:43,"📍 高雄市新興區中正二路220號2F
📞 07-2253123
🕗 營業時間 24小時 不打烊",睡不著
yuyueh168,漫漫來24H 漫畫•輕食·小憩,"高雄文化中心附近的人
有人知道我們嗎😆
接手漫漫來之後每次打電話叫廠商，然後莫名其妙在報完地址，廠商都會補一句（在大億街那裡嗎？）
路癡小編??? 不是中正二路嗎？？？
這是什麼地標 可以跟我說說嗎 拜託🙏
還有人不知道我們80元飲料喝到飽
還有上萬本漫畫可供借閱嗎😆
沒體驗過的歡迎來體驗看看～",2025-10-17 10:21,"📍 高雄市新興區中正二路220號2F
📞 07-2253123
🕗 營業時間 24小時 不打烊",睡不著
yuyueh168,漫漫來24H 漫畫•輕食·小憩,"小編警告⚠️
你再滑下去～就要餓到不行啦🤤
趕快來【漫漫來】報到～
每樣餐點都香噴噴、飲料喝到飽、漫畫看到飽🍹📚
吃飯也要可愛一點💗
#漫漫來 #高雄午餐 #漫畫書坊 #小編肚子餓 #高雄新景點 #室內景點 #冷氣大放送 #好好吃🤤",2025-10-16 10:54,"📍 高雄市新興區中正二路220號2F
📞 07-2253123
🕗 營業時間 24小時 不打烊",睡不著
yuyueh168,漫漫來24H 漫畫•輕食·小憩,"一早在忙著更新 Google 地圖的小編
結果傳著傳著… 肚子就餓了😆
🍜 是被漫畫耽誤的鍋燒意麵店嗎～
越看越想開宵夜場啦🌙✨
目前營業到 晚上10:30前都能點餐 喔！
下班、放學、追劇完都還來得及！
快來漫漫來～
喝飲料、吃鍋燒、看漫畫吧❤️
#漫漫來 #高雄新景點 #漫畫書坊 #鍋燒意麵控 #喝飲料看漫畫 #被漫畫耽誤的鍋燒店",2025-10-15 09:50,"📍 高雄市新興區中正二路220號2F
📞 07-2253123
🕗 營業時間 24小時 不打烊",睡不著
yuyueh168,漫漫來24H 漫畫•輕食·小憩,"📣 為五斗米折腰的小編公告！
等到客人晚上都離場後…
小編 做了一件大・事 😤
💥 漫漫來 開．發．票．囉！ 💥
忙到半夜三點還在拍教學影片🥹
只為了讓大家都能中2千萬💵
⚠️ 下次來記得乖乖報統編、載具唷～
（出單後可不能再改啦！）
現在來漫漫來看漫畫、喝飲料，
也能報公司出勤囉😆
快來試試最新單人躺椅小包間
躺過就回不去囉～～～
#漫漫來 #小編的半夜三點 #開發票啦 #高雄新景點 #漫畫書坊 #高雄室內景點 #炎炎夏日的沙漠綠洲",2025-10-15 09:39,"📍 高雄市新興區中正二路220號2F
📞 07-2253123
🕗 營業時間 24小時 不打烊",睡不著
yuyueh168,漫漫來24H 漫畫•輕食·小憩,"📚 好多人問：漫漫來有韓漫嗎？
有～有有有！還是腐女小編最愛的那種🥰
姨母笑中一路看到天亮💞
這本還有拍成電視劇，真的好好看～
看完之後完全回不去啊😳
來「漫漫來」來一杯現磨咖啡☕
窩在沙發裡慢慢追，
保證你心裡甜滋滋💗
#漫漫來 #高雄新景點 #韓漫控集合 #腐女天堂 #漫畫書坊 #飲料喝到飽",2025-10-14 11:30,"📍 高雄市新興區中正二路220號2F
📞 07-2253123
🕗 營業時間 24小時 不打烊",睡不著
yuyueh168,漫漫來24H 漫畫•輕食·小憩,"🦵聽說「有腿腿就有流量」是真的嗎？
那小編這雙大粗腿也算吧？🤣
📍高雄新景點【漫漫來漫畫書坊】
💰低消只要80元
☕20+飲品無限暢飲
📚上萬本漫畫看到飽
想看哪部漫畫？留言告訴我們👇
人氣越高、上架越快唷💬✨
📍高雄市新興區中正二路220號2F(捷運文化中心站下車1號出口步行5分鐘，就在全家樓上）
#漫漫來 #高雄景點 #漫畫控天堂 #飲料喝到飽 #腿腿有流量 #小編腿粗但有愛",2025-10-13 10:32,"📍 高雄市新興區中正二路220號2F
📞 07-2253123
🕗 營業時間 24小時 不打烊",睡不著
med.zoo17,Medzoo,"「🦘被問到很厭世的醫藥問題，Q3」
— EVE在台灣為什麼買不到？
ㄜ⋯因為法規限制，台灣對藥品的審核蠻嚴格，
若裡面含有安全疑慮成分的藥品，政府不會發藥品許可證💊
🦘藥師，我經痛吃EVE真的好有效🥲
那來看看裡面有什麼成分👀
1.布洛芬：ibuprofen ➡️消炎止痛
2.乙醯胺酚：acetaminophen ➡️這個字是不是很熟悉！因為他就普拿疼
⚠️3. 異丙基乙醯尿素(Allyisopropylacetylurea)⚠️
➡️來來來！注意這個是鎮靜成分，
讓你的身體calm down～輔助止痛
但是呢？在1960s就被發現容易導致血小板低下，
所以現在包含台灣的大部分國家都禁用🈲️
至於日本為什麼還在用⋯市場需求
（反正我希望你們不要用哈
4.氧化鎂：mgo ➡️很基礎的胃藥～
有些人吃ibuprofen 會胃痛啊，就加顆胃藥墊墊
5.咖啡因：會收縮血管，可以幫忙止痛
所以到台灣的藥局要怎麼找類似成分的藥呢？
找ibuprofen +acetaminophen +caffeine 就可以
✨怕睡不著，caffeine不要
✨怕胃痛+胃藥
✨劑量如下圖
EVE止痛藥",2025-04-05 12:12,"筋膜放鬆、保健食品都略懂的厭世藥師
Medical & health writer
合作請洽：211511anna@gmail.com
—
與其索取，不如思考",睡不著
med.zoo17,Medzoo,"「🦘被問到很厭世的醫藥問題，Q2」
-這個藥要冰嗎？
很有趣，台灣人很喜歡把什麼東西都冰冰箱，
好像冰了之後保存期限就是1000年，
連你家阿嬤都可以拿進去冰🧊
但其實
「大部分的藥物都不需要冰！」
你冰箱一直開開關關，有時候會加速藥物的沉澱或結晶，喪失藥性喔！
你就乖乖把藥物放在「陰涼乾燥處」就好👌
那要冰的藥物有哪些？
1.要用注射的藥品ex:胰島素針劑
2.少部分眼藥水ex:青光眼眼藥水
（✨一般市售那種日本眼藥水都不用冰）
3.肛門栓劑
（給嬰兒塞屁屁時，可以稍微用手搓熱，
不然太冰對寶寶肛門太刺激，他會不舒服喔👶）
4.大部分抗生素懸浮液
ex: augmentin（安滅菌） 、Ulex(優力黴素）
（懸浮液➡️就是那些一開始是乾粉，醫生叫你加水喇喇變成藥水的東東🧪）
就這些要冰，很少吧～
看完請把你家感冒藥從冰箱拿出來，謝謝^_^
保存",2025-04-04 22:06,"筋膜放鬆、保健食品都略懂的厭世藥師
Medical & health writer
合作請洽：211511anna@gmail.com
—
與其索取，不如思考",睡不著
med.zoo17,Medzoo,"「🦘被問到很厭世的醫藥問題，Q1 」
—普拿疼能消炎嗎？
不行～～不行啊啊啊啊
普拿疼的成分是Acetaminophen ，
主要以鎮痛、退燒為主。
因為很少人對它過敏，
一般牙科或家醫科很常開哦☺️
—
那藥師🦘，藍色跟紅色包裝的差在哪？
➡️藍色長條盒是「一般錠」，只加acetaminophen 
➡️藍色方型盒是「速效錠」，錠劑更快崩解，
吃下去「更快有效，但總劑量一樣」
➡️紅色長條盒是「加強錠」，多加了caffeine ，
根據研究顯示併用acetaminophen 和caffeine 可使止痛效果增加37%
Btw退燒效果不會喔！
所以如果你要退燒，拿最一般的藍長盒即可👌
最後補充）中毒劑量是24小時內服用超過4克
➡️1天吃8顆普拿疼（500mg)，
你就可以準備送醫^_^
普拿疼",2025-04-04 15:16,"筋膜放鬆、保健食品都略懂的厭世藥師
Medical & health writer
合作請洽：211511anna@gmail.com
—
與其索取，不如思考",睡不著
phoenix0617phoenix2024,摩斯,"一般人睡不著會數羊
那耶穌睡不著會數什麼？
.
.
.
天主數車車",2025-11-03 16:09,,睡不著
phoenix0617phoenix2024,摩斯,"一隻羊掉進溫泉了會變什麼？
.
.
.
暖洋洋",2025-11-03 15:43,,睡不著
phoenix0617phoenix2024,摩斯,"一句話打擊男人的自尊
.
.
.
你還不夠塞牙縫",2025-11-03 13:10,,睡不著
phoenix0617phoenix2024,摩斯,"貞子最不想看到的是什麼？
.
.
.
井。因為會觸井傷情",2025-11-03 13:08,,睡不著
phoenix0617phoenix2024,摩斯,"看完長安的荔枝
終於知道
.
.
.
那時侯的外送有多辛苦了",2025-11-03 10:06,,睡不著
phoenix0617phoenix2024,摩斯,"身為一個專業的水壩工程師
.
.
.
這是非常河狸的",2025-11-03 09:16,,睡不著
phoenix0617phoenix2024,摩斯,"孔明為什麼能從曹操借來那麼多箭？
.
.
.
因為他知道曹操有夠箭",2025-11-02 23:36,,睡不著
phoenix0617phoenix2024,摩斯,"熊大為什麼文科都考100分？
.
.
.
因為牠有背而（bear）來",2025-11-02 23:29,,睡不著
phoenix0617phoenix2024,摩斯,"你有故事嗎？
.
.
.
我有事故",2025-11-02 19:24,,睡不著
phoenix0617phoenix2024,摩斯,"狒狒如果在100度的水中會怎樣？
.
.
.
會狒疼",2025-11-02 16:39,,睡不著
phoenix0617phoenix2024,摩斯,"牛頓當是要是當初再多砸個幾下
.
.
.
他就可以穿越到異世界了",2025-11-02 10:53,,睡不著
phoenix0617phoenix2024,摩斯,會為了一點小事然決定去幹一件大事,2025-11-02 10:46,,睡不著
phoenix0617phoenix2024,摩斯,"如果你說1234
.
.
.
然後他就會街舞了",2025-11-01 23:40,,睡不著
phoenix0617phoenix2024,摩斯,攻欲擅騎士 必先利其器,2025-11-01 23:30,,睡不著
phoenix0617phoenix2024,摩斯,"晚上睡覺會死死抱住你的人
.
.
.
早上起來真的是涼到不行",2025-11-01 21:25,,睡不著
phoenix0617phoenix2024,摩斯,你是因我是粿,2025-11-01 18:40,,睡不著
phoenix0617phoenix2024,摩斯,"哪一種動物不能開車？
.
.
.
石虎。因為石虎（酒後）不能開車",2025-11-01 17:33,,睡不著
phoenix0617phoenix2024,摩斯,"如果遇到熊  拿出一條鮭魚給牠吃
.
.
.
讓牠胃食道逆流",2025-11-01 13:42,,睡不著
phoenix0617phoenix2024,摩斯,"熊剪指甲變什麼？
.
.
.
能",2025-11-01 11:24,,睡不著
phoenix0617phoenix2024,摩斯,"路易十六
.
.
.
好歹也曾是有頭有臉的人物",2025-11-01 01:21,,睡不著
phoenix0617phoenix2024,摩斯,"明明點了四道菜
偏偏上了五道
.
.
.
可惡。明明被偏偏擺了一道",2025-11-01 00:02,,睡不著
phoenix0617phoenix2024,摩斯,柳下惠反過來唸是會下流欸。,2025-10-31 23:26,,睡不著
phoenix0617phoenix2024,摩斯,熊驚貓,2025-10-31 22:13,,睡不著
phoenix0617phoenix2024,摩斯,"沒有真的遇到過熊
除了在愛爾登法環裡面
被巴死很多次",2025-10-31 18:48,,睡不著
phoenix0617phoenix2024,摩斯,"被雷親也可以叫做
.
.
電啵",2025-10-31 18:09,,睡不著
phoenix0617phoenix2024,摩斯,"什麼豆腐最難磨？
.
.
.
難磨歐蜜島呼",2025-10-31 16:46,,睡不著
phoenix0617phoenix2024,摩斯,"一天不吃東西猜一個城市
.
.
.
休士頓（早中晚餐和宵夜）",2025-10-31 15:29,,睡不著
phoenix0617phoenix2024,摩斯,"當佛羅多把魔戒套在索倫的手上
他的任務就算完成了",2025-10-31 13:14,,睡不著
phoenix0617phoenix2024,摩斯,"在夢裡
遠遠看到一隻熊朝我衝來
我拼命地跑 牠瘋狂地追
在我已經快要放棄的時候
牠突然開口說：
喂！垃圾可不可以不要亂丟啊。",2025-10-31 11:22,,睡不著
phoenix0617phoenix2024,摩斯,"有一個御廚做錯了一道菜
皇帝很生氣
於是就將他
發~配~煸~薑",2025-10-31 10:58,,睡不著
phoenix0617phoenix2024,摩斯,"豬如果一直不殺會怎樣？
.
.
.
錢會越存越多",2025-10-31 09:59,,睡不著
phoenix0617phoenix2024,摩斯,"茶屋這麼快跟上話題
是不是該出一款
粿然有酵綠",2025-10-30 23:39,,睡不著
phoenix0617phoenix2024,摩斯,"沒想到我國中就會超音速了
.
.
.
抄英數",2025-10-30 22:30,,睡不著
phoenix0617phoenix2024,摩斯,"長髮姑娘剛從高塔逃出來
然後就被衛兵逮到
她問：我犯了什麼罪？
.
.
.
衛兵：直髮過當",2025-10-30 18:15,,睡不著
phoenix0617phoenix2024,摩斯,"梁社漢的秘醬雞菲力
我可以天天吃
連續吃一個月（驕傲）",2025-10-30 17:32,,睡不著
phoenix0617phoenix2024,摩斯,"小時侯拿著數學課本回家
有個人拿刀要攻擊我
看到我手上的課本
他就走了
我問他為什麼？
他說：
他不懂（台）數學",2025-10-30 16:20,,睡不著
phoenix0617phoenix2024,摩斯,"一名登山客被熊襲擊
警方調查後寫下原因是
.
.
熊出沒注意",2025-10-30 13:38,,睡不著
phoenix0617phoenix2024,摩斯,我比較喜歡吃剛蒸好ㄤ菇粿,2025-10-30 12:48,,睡不著
phoenix0617phoenix2024,摩斯,"遇到熊的機種死法
咬死
拍死
壓死
被熊追到累死
摔死
被熊鎖喉而死",2025-10-30 11:50,,睡不著
phoenix0617phoenix2024,摩斯,"小明遇到熊
背後被狠狠抓了一下
結果一點事情都沒有
熊驚訝道：怎麼可能！？
小明笑笑地說：
因為我用了熊寶貝（保背）啊",2025-10-30 10:24,,睡不著
phoenix0617phoenix2024,摩斯,"朋友早上打了我一拳
.
.
.
還好他沒吃飯",2025-10-30 08:53,,睡不著
phoenix0617phoenix2024,摩斯,現在是王子麵比較好吃就對囉了,2025-10-29 17:45,,睡不著
phoenix0617phoenix2024,摩斯,"小美：快送我去醫院
小明面有難色
小美：怎麼了？
小明：可是現在豬隻禁止移動捏",2025-10-29 13:51,,睡不著
phoenix0617phoenix2024,摩斯,"猩猩知火 可以撩猿
：來。送妳花
：什麼花？
.
.
.
：火花",2025-10-29 13:46,,睡不著
phoenix0617phoenix2024,摩斯,"如果要去日本
我應該先換上五歲打倒熊的稱號",2025-10-29 12:51,,睡不著
phoenix0617phoenix2024,摩斯,"彭湖海戰
施琅減肥成功會變什麼？
.
.
.
瘦施琅（壽司郎）",2025-10-28 22:36,,睡不著
phoenix0617phoenix2024,摩斯,"日本不是有很多中國移民
.
.
.
居然會有熊害",2025-10-28 22:33,,睡不著
phoenix0617phoenix2024,摩斯,"如果一個叫楊宜蓉的嫁給姓詹的
那不就是
.
.
.
詹楊宜蓉",2025-10-28 22:26,,睡不著
phoenix0617phoenix2024,摩斯,"孔子門生遍布各處 都是儒家的一份子
俗稱
.
.
孔布份子",2025-10-28 15:07,,睡不著
phoenix0617phoenix2024,摩斯,"夕陽下
一隻紅鶴的身影倒映在水中
我們把這種景色
稱之為
.
.
映該夕鶴",2025-10-28 12:00,,睡不著
phoenix0617phoenix2024,摩斯,"哪一個藝人最適合買黃金？
.
.
.
金X5（金城武）",2025-10-28 09:46,,睡不著
phoenix0617phoenix2024,摩斯,"商秧最怕聽到哪二個字？
.
.
.
加碼（加馬）",2025-10-28 08:31,,睡不著
phoenix0617phoenix2024,摩斯,上上下下左左右右的英文怎麼唸？,2025-10-28 00:43,,睡不著
phoenix0617phoenix2024,摩斯,"如何把電視弄壞
.
.
.
我想到了一個二拳奇美的辦法",2025-10-27 23:17,,睡不著
phoenix0617phoenix2024,摩斯,油頭志偉攏係哩欸問題,2025-10-27 22:59,,睡不著
phoenix0617phoenix2024,摩斯,"小明脊椎側彎了怎麼辦？
.
.
.
上求職（直）網站",2025-10-27 20:56,,睡不著
phoenix0617phoenix2024,摩斯,談笑皆蚊子 往來無白叮,2025-10-27 20:53,,睡不著
phoenix0617phoenix2024,摩斯,"外星人：
沒人跟我說地球人這麼可怕啊
快撤",2025-10-27 20:36,,睡不著
phoenix0617phoenix2024,摩斯,"把注意力都放在尺上面
結果筆卻不見了
這種情況叫
.
.
.
顧尺失筆",2025-10-27 20:34,,睡不著
phoenix0617phoenix2024,摩斯,"小明遇到熊想說踢他雞雞然後逃掉
.
.
.
沒想到這隻是母的",2025-10-27 19:05,,睡不著
phoenix0617phoenix2024,摩斯,"糖果打不開要找誰？
.
.
.
開膛（糖）手傑克",2025-10-27 16:41,,睡不著
phoenix0617phoenix2024,摩斯,"哪個書法家講話最沒份量？
.
.
.
顏真卿（言真輕）",2025-10-27 15:56,,睡不著
phoenix0617phoenix2024,摩斯,"什麼丹最難煉？
.
.
.
代誌謀哩想欸架尼甘丹",2025-10-27 14:46,,睡不著
phoenix0617phoenix2024,摩斯,"碳治郎是在鬼殺隊無限城討伐任務中
.
.
.
見義勇危的人",2025-10-27 13:52,,睡不著
phoenix0617phoenix2024,摩斯,"人生無常  大腸包小腸
.
.
.
世事難料  芋頭火鍋料",2025-10-27 13:04,,睡不著
phoenix0617phoenix2024,摩斯,"告訴你一件事
未熟的香蕉
.
.
.
容易蕉綠",2025-10-27 12:59,,睡不著
phoenix0617phoenix2024,摩斯,"路易十六最不想去哪家店？
.
.
路易殺",2025-10-27 10:58,,睡不著
phoenix0617phoenix2024,摩斯,"機器人如果吸毒的話
.
.
.
是不是下載掃毒軟體就好了",2025-10-27 09:55,,睡不著
phoenix0617phoenix2024,摩斯,你長得像三天沒睡😂,2025-10-27 08:27,,睡不著
phoenix0617phoenix2024,摩斯,"人蔘什麼時候最便宜？
.
.
.
人蔘不如意時（10支89）",2025-10-27 07:34,,睡不著
phoenix0617phoenix2024,摩斯,"Uncle機罵村
.
.
雜支鐘桃娘娘~",2025-10-26 14:02,,睡不著
phoenix0617phoenix2024,摩斯,"芥末醬算是一種
.
.
.
小黃搵醬嗎？",2025-10-26 10:31,,睡不著
phoenix0617phoenix2024,摩斯,"皮卡丘都開什麼車？
.
.
.
牠都開十萬福特的",2025-10-26 07:17,,睡不著
phoenix0617phoenix2024,摩斯,"十年生死兩茫茫
.
.
.
打剛拎嘎醉茫茫",2025-10-26 00:17,,睡不著
phoenix0617phoenix2024,摩斯,"李白為什麼害怕在外面喝醉？
.
.
.
因為他怕被撿詩",2025-10-25 19:09,,睡不著
phoenix0617phoenix2024,摩斯,"老趙有天加入了詐騙集團
然後
.
.
他就變成了
老趙騙",2025-10-25 08:01,,睡不著
phoenix0617phoenix2024,摩斯,"朱溫跟豬瘟的共同點是？
.
.
.
都是生病後被撲殺",2025-10-25 00:38,,睡不著
phoenix0617phoenix2024,摩斯,"秦始皇：李斯，你對朕很重要
李斯：怎麼說？
.
.
.
秦始皇：因為李斯我的眼
讓我看見這世界就在我眼前",2025-10-25 00:33,,睡不著
phoenix0617phoenix2024,摩斯,"店員：人參幾盒？
我：對酒當歌！？",2025-10-24 22:15,,睡不著
phoenix0617phoenix2024,摩斯,"請用冷不防造句
.
.
.
這麼冷不防來我家裡坐坐",2025-10-24 22:13,,睡不著
phoenix0617phoenix2024,摩斯,"老王出去吃飯從不讓人請客
.
.
.
因為他是個自負（付）的人",2025-10-24 22:08,,睡不著
phoenix0617phoenix2024,摩斯,"開山刀跟藍波刀在哪一國會開始磨刀？
.
.
.
比利時",2025-10-24 20:51,,睡不著
phoenix0617phoenix2024,摩斯,"我這陣子可能就要渡劫了
友：什麼劫
.
.
.
台中購物劫",2025-10-24 19:29,,睡不著
phoenix0617phoenix2024,摩斯,"你這輩子就這樣了
.
.
.
169不會再高",2025-10-24 17:38,,睡不著
phoenix0617phoenix2024,摩斯,"台灣人那麼多諧音梗
.
.
.
每天都覺得梗梗於懷",2025-10-24 13:21,,睡不著
phoenix0617phoenix2024,摩斯,"曾經有人說：
我要給你們滿滿的大盤子",2025-10-23 21:23,,睡不著
phoenix0617phoenix2024,摩斯,"啄木鳥的森林有一天發生了大火
燒成灰燼
然後
牠就去啄別林了",2025-10-23 20:56,,睡不著
phoenix0617phoenix2024,摩斯,"我慢（がまん）的意思是中文的忍耐
（我）動作很（慢） 請你忍耐",2025-10-23 17:35,,睡不著
phoenix0617phoenix2024,摩斯,"天氣漸漸轉涼了
.
.
.
可以開始說風涼話了",2025-10-23 16:09,,睡不著
phoenix0617phoenix2024,摩斯,"同事聚在一起狂唱
算不算是一種
.
.
.
同事操歌",2025-10-23 15:03,,睡不著
phoenix0617phoenix2024,摩斯,"紅豆  綠豆 花生 芝麻 打麻將誰贏？
.
.
.
綠豆碰 芝麻胡",2025-10-23 14:46,,睡不著
phoenix0617phoenix2024,摩斯,"1.水電費
2.伙食費
3.交通費
.
.
.
1000.娛樂費
1000個傷薪的理由",2025-10-23 13:52,,睡不著
phoenix0617phoenix2024,摩斯,"有一天人參打了當歸一下
當歸說：
.
.
.
你這是人參攻擊",2025-10-23 13:26,,睡不著
phoenix0617phoenix2024,摩斯,"D跟C在一起太久會怎樣？
.
.
.
會有D督C",2025-10-23 13:13,,睡不著
phoenix0617phoenix2024,摩斯,"巴哈寫了一首很有名的曲子
媽媽覺得有些地方不妥
特別修改了一下
.
.
.
後世稱此作品為
巴哈母特-改",2025-10-23 11:33,,睡不著
phoenix0617phoenix2024,摩斯,現在的討伐棒VS以前的討罰棒,2025-10-23 11:28,,睡不著
phoenix0617phoenix2024,摩斯,"伏地魔最擅長的事是什麼？
.
.
.
伏地挺身",2025-10-23 10:04,,睡不著
phoenix0617phoenix2024,摩斯,"當你衣ㄐㄧㄣˇ還鄉的時侯
.
.
.
那表示你變胖了",2025-10-23 09:28,,睡不著
phoenix0617phoenix2024,摩斯,"岳飛為何怒髮衝冠？
.
.
.
因為他一直救北宋（很不爽
）",2025-10-23 08:52,,睡不著
phoenix0617phoenix2024,摩斯,"夏天是夏夏叫
那冬天呢？
.
.
.
冬冬嗆",2025-10-22 19:45,,睡不著
phoenix0617phoenix2024,摩斯,"吳伯一次
.
.
.
Uber Eats.",2025-10-22 17:24,,睡不著
phoenix0617phoenix2024,摩斯,"我買了一手啤酒又賣給別人
.
.
.
那這啤酒算一手還是二手",2025-10-22 16:42,,睡不著
phoenix0617phoenix2024,摩斯,"第一次煮東西手就被熱水淋到
.
.
.
這樣算生手還是熟手？",2025-10-22 16:37,,睡不著
phoenix0617phoenix2024,摩斯,"歷史上最早上架的書是？
.
.
.
耶穌",2025-10-22 11:44,,睡不著
phoenix0617phoenix2024,摩斯,"擔心芋頭出現在火鍋裡
.
.
.
這種症狀我們一般稱之為  憂芋症",2025-10-22 10:39,,睡不著
phoenix0617phoenix2024,摩斯,羅丹：我只是在想中午要吃什麼,2025-10-22 09:22,,睡不著
phoenix0617phoenix2024,摩斯,"從小的時侯我就聽過烏薩奇了
因為媽媽都會說：
.
.
東西烏薩奇放好謀？",2025-10-21 19:44,,睡不著
phoenix0617phoenix2024,摩斯,"甲婚後變什麼？
.
.
.
變乙婚",2025-10-21 16:12,,睡不著
phoenix0617phoenix2024,摩斯,"諸葛亮跟濟公的共同點是....
.
.
.
他們看起來都挺有扇的",2025-10-21 15:24,,睡不著
phoenix0617phoenix2024,摩斯,"劉禪為什麼不會游泳？
.
.
.
因為他是浮不起的阿斗",2025-10-21 15:16,,睡不著
phoenix0617phoenix2024,摩斯,"如果劉邦跟項羽結拜
項羽會說什麼？
.
.
.
歡迎加入兄弟項（象）",2025-10-21 15:05,,睡不著
phoenix0617phoenix2024,摩斯,"一群Gay去打棒球為什麼輸了？
.
.
.
因為他們打甲球",2025-10-21 14:25,,睡不著
phoenix0617phoenix2024,摩斯,"這輩子第一個跟我說可以約的是
.
.
.
數學老師",2025-10-21 13:58,,睡不著
phoenix0617phoenix2024,摩斯,"羊遇到詐騙了叫什麼？
.
.
.
羊遇騙（洋芋片）",2025-10-21 11:26,,睡不著
phoenix0617phoenix2024,摩斯,"不要跟我講什麼543的
我只會跟你說：
.
.
.
21",2025-10-21 09:21,,睡不著
phoenix0617phoenix2024,摩斯,"小明是個凡事都是不擇手段的人
.
.
.
直到有次從樹上摔下來",2025-10-21 07:34,,睡不著
phoenix0617phoenix2024,摩斯,"鬼滅劍士呼吸法的弱點是？
.
.
.
想念。因為想念是會呼吸的痛",2025-10-20 22:47,,睡不著
phoenix0617phoenix2024,摩斯,"- - - - - - - - - - - - - - - - - - - - -
最近有點虛",2025-10-20 17:41,,睡不著
phoenix0617phoenix2024,摩斯,"正經八百
.
.
.
那不正經的三千嗎？",2025-10-20 16:44,,睡不著
phoenix0617phoenix2024,摩斯,"埃及的法老王
.
.
.
是姓法名老王嗎？",2025-10-20 16:39,,睡不著
phoenix0617phoenix2024,摩斯,"一直說謊的皮諾丘只是打了個噴涕
就把鼻子弄斷了",2025-10-20 16:37,,睡不著
phoenix0617phoenix2024,摩斯,給你染坊你也只弄得出三分顏色,2025-10-20 16:34,,睡不著
ul._023,Lu西,"最近耳機的循環
心悶｜美秀集團",2025-05-11 15:45,🔴👈我的鼻子,睡不著
1114doris,妤,"半夜睡不著覺
發現ig的限時動態變回以前的圓圈圈",2025-11-18 02:53,,睡不著
0912_love1314,Shu Zhen,"有人跟我一樣嗎，ㄧ下班回到家都很想睡覺💤😴
但真的到晚上睡覺時間又睡不著的😂😁🫠",2025-10-29 00:35,"昨天我這支帳號被鎖了
所以昨天我又重開了一個帳號
如果想再追蹤我的請到
Love_Love_Love1314_
❤️🥰😍😘💕",想睡又睡不著
0912_love1314,Shu Zhen,"求解
遇到帶的新人太白目該怎麼辦
帶到頭痛🤕",2025-10-28 19:24,"昨天我這支帳號被鎖了
所以昨天我又重開了一個帳號
如果想再追蹤我的請到
Love_Love_Love1314_
❤️🥰😍😘💕",想睡又睡不著
0912_love1314,Shu Zhen,"這什麼鬼天氣呀？
昨天明明天氣還可以的
今天竟然又給我下雨又冷
￼是想是冷死誰啊
￼不感冒都不行😭😅",2025-10-28 12:41,"昨天我這支帳號被鎖了
所以昨天我又重開了一個帳號
如果想再追蹤我的請到
Love_Love_Love1314_
❤️🥰😍😘💕",想睡又睡不著
0912_love1314,Shu Zhen,"我起床了
你們起床沒？
￼幫我想想等一下早餐吃什麼喔",2025-10-28 06:07,"昨天我這支帳號被鎖了
所以昨天我又重開了一個帳號
如果想再追蹤我的請到
Love_Love_Love1314_
❤️🥰😍😘💕",想睡又睡不著
0912_love1314,Shu Zhen,"各位 很晚了
該睡覺了  晚安囉
晚安😴💤",2025-10-28 01:32,"昨天我這支帳號被鎖了
所以昨天我又重開了一個帳號
如果想再追蹤我的請到
Love_Love_Love1314_
❤️🥰😍😘💕",想睡又睡不著
0912_love1314,Shu Zhen,"明天上班的中餐
￼快月底了
￼要省一點了🤭",2025-10-27 21:51,"昨天我這支帳號被鎖了
所以昨天我又重開了一個帳號
如果想再追蹤我的請到
Love_Love_Love1314_
❤️🥰😍😘💕",想睡又睡不著
0912_love1314,Shu Zhen,"各位脆友們
誰可以告訴我宜蘭有什麼好吃
必吃不吃會後悔的美食呀😋🤤",2025-10-27 19:01,"昨天我這支帳號被鎖了
所以昨天我又重開了一個帳號
如果想再追蹤我的請到
Love_Love_Love1314_
❤️🥰😍😘💕",想睡又睡不著
0912_love1314,Shu Zhen,"開心
終於撐過禮拜一了
￼再撐￼一個小時，我就可以下班了🤭",2025-10-27 16:05,"昨天我這支帳號被鎖了
所以昨天我又重開了一個帳號
如果想再追蹤我的請到
Love_Love_Love1314_
❤️🥰😍😘💕",想睡又睡不著
0912_love1314,Shu Zhen,"連假三天過有誰跟我一樣第一天上剛上班就等著想下班了🤭
￼午餐時間到了大家要記得去吃午餐喔🤤😋",2025-10-27 12:35,"昨天我這支帳號被鎖了
所以昨天我又重開了一個帳號
如果想再追蹤我的請到
Love_Love_Love1314_
❤️🥰😍😘💕",想睡又睡不著
0912_love1314,Shu Zhen,"各位早安啊
￼要記得吃早餐喔
我今天的早餐飯糰配豆漿
￼
你們勒😁",2025-10-27 07:55,"昨天我這支帳號被鎖了
所以昨天我又重開了一個帳號
如果想再追蹤我的請到
Love_Love_Love1314_
❤️🥰😍😘💕",想睡又睡不著
0912_love1314,Shu Zhen,"各位晚安囉  我要睡覺了
各位也早一點睡覺嘿
（想到明天要帶新人頭就痛😓）",2025-10-27 02:55,"昨天我這支帳號被鎖了
所以昨天我又重開了一個帳號
如果想再追蹤我的請到
Love_Love_Love1314_
❤️🥰😍😘💕",想睡又睡不著
0912_love1314,Shu Zhen,"有人跟我一樣嗎
感覺在網路上聊天可以比較輕鬆自在想說什麼就說什麼
而在現實上跟人聊天會比較不自在的感覺（除了跟自己的好朋友或好同事除外）",2025-10-27 01:41,"昨天我這支帳號被鎖了
所以昨天我又重開了一個帳號
如果想再追蹤我的請到
Love_Love_Love1314_
❤️🥰😍😘💕",想睡又睡不著
0912_love1314,Shu Zhen,"明天要上班了
今天不喝酒了，￼改喝牛蒡茶養生一點，不然有人又要說我是酒鬼了",2025-10-26 21:26,"昨天我這支帳號被鎖了
所以昨天我又重開了一個帳號
如果想再追蹤我的請到
Love_Love_Love1314_
❤️🥰😍😘💕",想睡又睡不著
0912_love1314,Shu Zhen,"7-11￼和￼全家好像￼都有各自的擁護者
￼欸，￼好奇問問你們都是去7-11還是全家
￼然後他們是各自有什麼魔力嗎？
￼會讓你們特別想去那家￼便利店🤔🫠",2025-10-26 14:49,"昨天我這支帳號被鎖了
所以昨天我又重開了一個帳號
如果想再追蹤我的請到
Love_Love_Love1314_
❤️🥰😍😘💕",想睡又睡不著
0912_love1314,Shu Zhen,"哈哈，我起床啦各位
怎麼外面還是在下雨啊🌧️
你們吃飯了沒？",2025-10-26 12:43,"昨天我這支帳號被鎖了
所以昨天我又重開了一個帳號
如果想再追蹤我的請到
Love_Love_Love1314_
❤️🥰😍😘💕",想睡又睡不著
0912_love1314,Shu Zhen,"我怎麼現在還醒著啊？
￼都已經天亮了說",2025-10-26 06:11,"昨天我這支帳號被鎖了
所以昨天我又重開了一個帳號
如果想再追蹤我的請到
Love_Love_Love1314_
❤️🥰😍😘💕",想睡又睡不著
0912_love1314,Shu Zhen,"無意間聽到這首歌覺得還蠻好聽的，有人聽過嗎？
剛好來唱歌順便唱看看
如果唱的不好聽不可以笑哦😅🤣",2025-10-26 03:23,"昨天我這支帳號被鎖了
所以昨天我又重開了一個帳號
如果想再追蹤我的請到
Love_Love_Love1314_
❤️🥰😍😘💕",想睡又睡不著
0912_love1314,Shu Zhen,"請問脆是不是有留言限制啊？
￼為什麼留言回一回就不能回了",2025-10-26 02:34,"昨天我這支帳號被鎖了
所以昨天我又重開了一個帳號
如果想再追蹤我的請到
Love_Love_Love1314_
❤️🥰😍😘💕",想睡又睡不著
0912_love1314,Shu Zhen,"開始來點名囉，脆友們
誰還沒睡覺的啊
來出個聲
說為什麼不睡覺😂🥱",2025-10-26 01:44,"昨天我這支帳號被鎖了
所以昨天我又重開了一個帳號
如果想再追蹤我的請到
Love_Love_Love1314_
❤️🥰😍😘💕",想睡又睡不著
0912_love1314,Shu Zhen,喜歡喝紅酒的人可以去好市多買這瓶好喝又不貴14.5%的,2025-10-26 01:21,"昨天我這支帳號被鎖了
所以昨天我又重開了一個帳號
如果想再追蹤我的請到
Love_Love_Love1314_
❤️🥰😍😘💕",想睡又睡不著
0912_love1314,Shu Zhen,"我的宵夜好市多的紅酒
好市多的牛排😋🫶",2025-10-25 23:47,"昨天我這支帳號被鎖了
所以昨天我又重開了一個帳號
如果想再追蹤我的請到
Love_Love_Love1314_
❤️🥰😍😘💕",想睡又睡不著
0912_love1314,Shu Zhen,"各位脆友們
你們到錢櫃唱歌必點的美食是什麼啊🤔
我覺得皮蛋瘦肉粥還不錯欸，喝完酒在吃個粥，超爽的🤩💕🥰",2025-10-25 17:16,"昨天我這支帳號被鎖了
所以昨天我又重開了一個帳號
如果想再追蹤我的請到
Love_Love_Love1314_
❤️🥰😍😘💕",想睡又睡不著
0912_love1314,Shu Zhen,"問問你們￼喔
一年四季中你們最喜歡哪個季節，￼最不喜歡哪個季節
￼🤔",2025-10-25 14:51,"昨天我這支帳號被鎖了
所以昨天我又重開了一個帳號
如果想再追蹤我的請到
Love_Love_Love1314_
❤️🥰😍😘💕",想睡又睡不著
0912_love1314,Shu Zhen,"下個月要去日本🇯🇵玩了
請問有推薦好用的
翻譯APP嗎🫶😊",2025-10-25 10:56,"昨天我這支帳號被鎖了
所以昨天我又重開了一個帳號
如果想再追蹤我的請到
Love_Love_Love1314_
❤️🥰😍😘💕",想睡又睡不著
0912_love1314,Shu Zhen,"哈哈各位  我起床囉
你們起床沒🫶",2025-10-25 10:47,"昨天我這支帳號被鎖了
所以昨天我又重開了一個帳號
如果想再追蹤我的請到
Love_Love_Love1314_
❤️🥰😍😘💕",想睡又睡不著
0912_love1314,Shu Zhen,"各位時間不早了  我要睡覺了
大家晚安囉💤😴
各位也早點睡喔",2025-10-25 05:35,"昨天我這支帳號被鎖了
所以昨天我又重開了一個帳號
如果想再追蹤我的請到
Love_Love_Love1314_
❤️🥰😍😘💕",想睡又睡不著
0912_love1314,Shu Zhen,"來來來
現在我來看看唷  誰還沒睡飽
自行投降欸  在來跟我說說
在來跟我說說 
你們那麼晚了  為什麼還不睡覺啊🤔🫠🫶",2025-10-25 02:28,"昨天我這支帳號被鎖了
所以昨天我又重開了一個帳號
如果想再追蹤我的請到
Love_Love_Love1314_
❤️🥰😍😘💕",想睡又睡不著
0912_love1314,Shu Zhen,"有誰睡覺跟我一樣要抱東西睡才睡的著得
說說你們都抱什麼東西睡
我看看有人跟我一樣嗎",2025-10-24 23:43,"昨天我這支帳號被鎖了
所以昨天我又重開了一個帳號
如果想再追蹤我的請到
Love_Love_Love1314_
❤️🥰😍😘💕",想睡又睡不著
0912_love1314,Shu Zhen,"一陣子沒打傳說了，忽然好想打
但又怕掉星😖🫠",2025-10-24 20:31,"昨天我這支帳號被鎖了
所以昨天我又重開了一個帳號
如果想再追蹤我的請到
Love_Love_Love1314_
❤️🥰😍😘💕",想睡又睡不著
0912_love1314,Shu Zhen,"終於輪到我吃火鍋了齁
￼有誰跟我一樣愛吃火鍋的呀
￼說說你們都愛吃什麼鍋啊😋🫶",2025-10-24 18:24,"昨天我這支帳號被鎖了
所以昨天我又重開了一個帳號
如果想再追蹤我的請到
Love_Love_Love1314_
❤️🥰😍😘💕",想睡又睡不著
0912_love1314,Shu Zhen,"有沒有人跟我一樣晚上睡前刷手機
都會刷到睡著，￼然後被手機￼砸到臉上痛醒的",2025-10-24 15:16,"昨天我這支帳號被鎖了
所以昨天我又重開了一個帳號
如果想再追蹤我的請到
Love_Love_Love1314_
❤️🥰😍😘💕",想睡又睡不著
0912_love1314,Shu Zhen,"連假第一天，大家有什麼活動啊
，或是吃什麼美食的人
說來我聽聽🫶",2025-10-24 12:19,"昨天我這支帳號被鎖了
所以昨天我又重開了一個帳號
如果想再追蹤我的請到
Love_Love_Love1314_
❤️🥰😍😘💕",想睡又睡不著
0912_love1314,Shu Zhen,"大家早安啊，我起床啦
有誰跟我一樣起床的了還是有人還沒有睡的",2025-10-24 08:18,"昨天我這支帳號被鎖了
所以昨天我又重開了一個帳號
如果想再追蹤我的請到
Love_Love_Love1314_
❤️🥰😍😘💕",想睡又睡不著
0912_love1314,Shu Zhen,"開始海巡囉 
誰還沒有睡覺的啊
說說為什麼麼還不睡覺啊",2025-10-24 01:18,"昨天我這支帳號被鎖了
所以昨天我又重開了一個帳號
如果想再追蹤我的請到
Love_Love_Love1314_
❤️🥰😍😘💕",想睡又睡不著
0912_love1314,Shu Zhen,"宵夜時間到啦😅
現在誰跟我一樣在吃宵夜的呀？
舉手🙋舉手🙋‍♀️",2025-10-23 23:15,"昨天我這支帳號被鎖了
所以昨天我又重開了一個帳號
如果想再追蹤我的請到
Love_Love_Love1314_
❤️🥰😍😘💕",想睡又睡不著
0912_love1314,Shu Zhen,"有誰￼跟我一樣明天開始連放三天的？
￼有人沒有放假的嗎？
🫠",2025-10-23 21:32,"昨天我這支帳號被鎖了
所以昨天我又重開了一個帳號
如果想再追蹤我的請到
Love_Love_Love1314_
❤️🥰😍😘💕",想睡又睡不著
0912_love1314,Shu Zhen,"也太傻眼，下午沒下雨
￼￼竟然到了下班給我下大雨😭",2025-10-23 17:09,"昨天我這支帳號被鎖了
所以昨天我又重開了一個帳號
如果想再追蹤我的請到
Love_Love_Love1314_
❤️🥰😍😘💕",想睡又睡不著
0912_love1314,Shu Zhen,"請問去星巴克你們必點什麼
喝的或吃的都可以😊",2025-10-23 15:58,"昨天我這支帳號被鎖了
所以昨天我又重開了一個帳號
如果想再追蹤我的請到
Love_Love_Love1314_
❤️🥰😍😘💕",想睡又睡不著
0912_love1314,Shu Zhen,"快樂的午餐時間又到了
￼大家記得去吃午餐欸
￼再告訴我你們吃什麼好吃的午餐喔",2025-10-23 11:43,"昨天我這支帳號被鎖了
所以昨天我又重開了一個帳號
如果想再追蹤我的請到
Love_Love_Love1314_
❤️🥰😍😘💕",想睡又睡不著
0912_love1314,Shu Zhen,"各位吃早餐了嗎？
￼我的早餐吃粽子￼+￼豆漿紅茶
你們咧？
￼吃什麼？",2025-10-23 07:53,"昨天我這支帳號被鎖了
所以昨天我又重開了一個帳號
如果想再追蹤我的請到
Love_Love_Love1314_
❤️🥰😍😘💕",想睡又睡不著
0912_love1314,Shu Zhen,"兩點了，我要睡覺了
各位脆友們晚安囉
大家也早一點睡欸，小心明天爬不起來上班上課喔",2025-10-23 02:00,"昨天我這支帳號被鎖了
所以昨天我又重開了一個帳號
如果想再追蹤我的請到
Love_Love_Love1314_
❤️🥰😍😘💕",想睡又睡不著
0912_love1314,Shu Zhen,"來跟我說說
在下雨天你們最喜歡做什麼事情",2025-10-22 23:54,"昨天我這支帳號被鎖了
所以昨天我又重開了一個帳號
如果想再追蹤我的請到
Love_Love_Love1314_
❤️🥰😍😘💕",想睡又睡不著
0912_love1314,Shu Zhen,"有沒有人￼跟我一樣
感覺今天的網路特別差的嗎
😭😅",2025-10-22 21:29,"昨天我這支帳號被鎖了
所以昨天我又重開了一個帳號
如果想再追蹤我的請到
Love_Love_Love1314_
❤️🥰😍😘💕",想睡又睡不著
0912_love1314,Shu Zhen,"如果你們能擁有一項特異功能，你們會想要什麼特異功能呢？
￼我來看看有沒有人跟我一樣🤭",2025-10-22 17:00,"昨天我這支帳號被鎖了
所以昨天我又重開了一個帳號
如果想再追蹤我的請到
Love_Love_Love1314_
❤️🥰😍😘💕",想睡又睡不著
0912_love1314,Shu Zhen,"是不是有人在偷偷罵我？
不然我耳朵怎麼那麼癢？",2025-10-22 14:14,"昨天我這支帳號被鎖了
所以昨天我又重開了一個帳號
如果想再追蹤我的請到
Love_Love_Love1314_
❤️🥰😍😘💕",想睡又睡不著
0912_love1314,Shu Zhen,"經過這幾天大風大雨￼的摧殘，
我已經有點感冒了😷
￼你們自己也注意保暖欸
不要像我一樣感冒了😷",2025-10-22 10:06,"昨天我這支帳號被鎖了
所以昨天我又重開了一個帳號
如果想再追蹤我的請到
Love_Love_Love1314_
❤️🥰😍😘💕",想睡又睡不著
0912_love1314,Shu Zhen,"各位早安，我起床了
有誰跟我一樣也剛起床的🫶
￼我準備要上班了，你們呢？",2025-10-22 06:03,"昨天我這支帳號被鎖了
所以昨天我又重開了一個帳號
如果想再追蹤我的請到
Love_Love_Love1314_
❤️🥰😍😘💕",想睡又睡不著
0912_love1314,Shu Zhen,"來，誰跟我一樣
為了划手機而不睡覺的",2025-10-22 00:44,"昨天我這支帳號被鎖了
所以昨天我又重開了一個帳號
如果想再追蹤我的請到
Love_Love_Love1314_
❤️🥰😍😘💕",想睡又睡不著
0912_love1314,Shu Zhen,"如果我￼只是說如果喔
￼世界末日來臨，你們最想做的一件事情是什麼？🤔🫠",2025-10-21 22:18,"昨天我這支帳號被鎖了
所以昨天我又重開了一個帳號
如果想再追蹤我的請到
Love_Love_Love1314_
❤️🥰😍😘💕",想睡又睡不著
0912_love1314,Shu Zhen,"各位宵夜時間到了🤭
有誰在吃宵夜了嗎，￼大家都偷偷吃了什麼好料啊🤔",2025-10-21 21:04,"昨天我這支帳號被鎖了
所以昨天我又重開了一個帳號
如果想再追蹤我的請到
Love_Love_Love1314_
❤️🥰😍😘💕",想睡又睡不著
0912_love1314,Shu Zhen,拜託在我下班的時候￼可不可以不要再下雨￼￼￼了,2025-10-21 15:31,"昨天我這支帳號被鎖了
所以昨天我又重開了一個帳號
如果想再追蹤我的請到
Love_Love_Love1314_
❤️🥰😍😘💕",想睡又睡不著
0912_love1314,Shu Zhen,"天氣變冷了￼該吃鍋了￼￼，脆友們有人跟我一樣是火鍋控嗎？（￼我是一年四季都可以吃火鍋的人）
￼￼快推薦給我好吃（中壢桃園楊梅）的火鍋什麼鍋都行，
不限什麼鍋只要好吃就行
遠一點的也沒關係，我會為了吃而跑遠去吃的人🫠😁",2025-10-21 11:33,"昨天我這支帳號被鎖了
所以昨天我又重開了一個帳號
如果想再追蹤我的請到
Love_Love_Love1314_
❤️🥰😍😘💕",想睡又睡不著
0912_love1314,Shu Zhen,"準備出門上班去
天氣變得蠻冷的，雨還是下得蠻大的天雨路滑請上下班的脆友們不管開車騎車的都要注意保暖和安全喔",2025-10-21 07:11,"昨天我這支帳號被鎖了
所以昨天我又重開了一個帳號
如果想再追蹤我的請到
Love_Love_Love1314_
❤️🥰😍😘💕",想睡又睡不著
0912_love1314,Shu Zhen,有誰跟我一樣現在剛睡起床的嗎￼，然後準備要幹嘛？🤔,2025-10-21 06:00,"昨天我這支帳號被鎖了
所以昨天我又重開了一個帳號
如果想再追蹤我的請到
Love_Love_Love1314_
❤️🥰😍😘💕",想睡又睡不著
0912_love1314,Shu Zhen,我現在開始來海巡誰還沒睡覺的還沒睡覺的請舉手，在來跟我說說你們為什麼還不睡勒 🫠🤔,2025-10-21 01:22,"昨天我這支帳號被鎖了
所以昨天我又重開了一個帳號
如果想再追蹤我的請到
Love_Love_Love1314_
❤️🥰😍😘💕",想睡又睡不著
0912_love1314,Shu Zhen,"半夜睡不著覺（ ）
請脆友們自行腦補一句話",2025-10-21 00:04,"昨天我這支帳號被鎖了
所以昨天我又重開了一個帳號
如果想再追蹤我的請到
Love_Love_Love1314_
❤️🥰😍😘💕",想睡又睡不著
0912_love1314,Shu Zhen,宵夜時間到了有誰在吃宵夜的告訴我你們吃什麼或是拍張照給我看，￼讓我留流流口水🤤😋,2025-10-20 22:28,"昨天我這支帳號被鎖了
所以昨天我又重開了一個帳號
如果想再追蹤我的請到
Love_Love_Love1314_
❤️🥰😍😘💕",想睡又睡不著
0912_love1314,Shu Zhen,"問問廣大的脆友們為什麼最近五十嵐會突然又爆紅
￼還有50嵐有什麼推薦必 喝的嗎
求解中🤔",2025-10-20 21:33,"昨天我這支帳號被鎖了
所以昨天我又重開了一個帳號
如果想再追蹤我的請到
Love_Love_Love1314_
❤️🥰😍😘💕",想睡又睡不著
0912_love1314,Shu Zhen,"風那麼大 雨那麽大
人都快被吹走了 為什麼不放假
我好想放假啊 
有誰跟我一樣想放假的啊🤔",2025-10-20 18:17,"昨天我這支帳號被鎖了
所以昨天我又重開了一個帳號
如果想再追蹤我的請到
Love_Love_Love1314_
❤️🥰😍😘💕",想睡又睡不著
0912_love1314,Shu Zhen,"今天午餐吃泡麵，你們猜的出來我吃哪家泡麵嗎？
（￼應該很明顯吧）",2025-10-20 12:31,"昨天我這支帳號被鎖了
所以昨天我又重開了一個帳號
如果想再追蹤我的請到
Love_Love_Love1314_
❤️🥰😍😘💕",想睡又睡不著
0912_love1314,Shu Zhen,"今天是什麼鬼天氣，￼雨超級的大搞得有穿雨衣跟沒穿雨衣￼差不多，到公司都整身濕了
￼天雨路滑大家上下班路上小心注意安全喔（今天的雨讓我懷疑我的雨衣是不是破洞了）",2025-10-20 09:02,"昨天我這支帳號被鎖了
所以昨天我又重開了一個帳號
如果想再追蹤我的請到
Love_Love_Love1314_
❤️🥰😍😘💕",想睡又睡不著
0912_love1314,Shu Zhen,"現在這個￼時間有人是還沒睡的嗎？還是已經￼剛起床的？
￼告訴我你們現在睡醒的人要幹嘛？還沒睡覺的人在幹嘛？🤔",2025-10-20 05:36,"昨天我這支帳號被鎖了
所以昨天我又重開了一個帳號
如果想再追蹤我的請到
Love_Love_Love1314_
❤️🥰😍😘💕",想睡又睡不著
0912_love1314,Shu Zhen,"求解😭明天要上班
現在睡不著肚子又餓怎麼辦🫠😋",2025-10-20 00:28,"昨天我這支帳號被鎖了
所以昨天我又重開了一個帳號
如果想再追蹤我的請到
Love_Love_Love1314_
❤️🥰😍😘💕",想睡又睡不著
0912_love1314,Shu Zhen,"巡守隊出巡中😁
現在我來看看還有誰還沒￼睡的呀？
￼告訴我明天要上班了￼
你們在幹嘛為什麼￼還不睡覺呢🤔",2025-10-19 22:59,"昨天我這支帳號被鎖了
所以昨天我又重開了一個帳號
如果想再追蹤我的請到
Love_Love_Love1314_
❤️🥰😍😘💕",想睡又睡不著
0912_love1314,Shu Zhen,脆友們明天要上班了要記得開鬧鐘欸，別跟我禮拜五一樣直接睡過頭請假喔,2025-10-19 21:40,"昨天我這支帳號被鎖了
所以昨天我又重開了一個帳號
如果想再追蹤我的請到
Love_Love_Love1314_
❤️🥰😍😘💕",想睡又睡不著
0912_love1314,Shu Zhen,"快四點到家想說瞇一下下，結果一睜眼快七點了傻眼🙄
我想晚上又不用睡了😭",2025-10-19 19:24,"昨天我這支帳號被鎖了
所以昨天我又重開了一個帳號
如果想再追蹤我的請到
Love_Love_Love1314_
❤️🥰😍😘💕",想睡又睡不著
0912_love1314,Shu Zhen,告訴我，你們去好市多都買什麼必買的東西🤔,2025-10-19 16:23,"昨天我這支帳號被鎖了
所以昨天我又重開了一個帳號
如果想再追蹤我的請到
Love_Love_Love1314_
❤️🥰😍😘💕",想睡又睡不著
0912_love1314,Shu Zhen,脆友們猜猜看，這是哪家的牛肉麵（￼應該很明顯吧）？🫡😝,2025-10-19 14:43,"昨天我這支帳號被鎖了
所以昨天我又重開了一個帳號
如果想再追蹤我的請到
Love_Love_Love1314_
❤️🥰😍😘💕",想睡又睡不著
0912_love1314,Shu Zhen,"各位脆友午安啊￼ ，你們現在是起床了還是有還沒睡覺的
告訴我你們起床的要幹嘛？
還沒睡覺的為什麼還不睡覺？",2025-10-19 11:47,"昨天我這支帳號被鎖了
所以昨天我又重開了一個帳號
如果想再追蹤我的請到
Love_Love_Love1314_
❤️🥰😍😘💕",想睡又睡不著
0912_love1314,Shu Zhen,"問問￼脆友們￼有喝啤酒的人你們都是喝哪個牌子的啊？
然後可以說說為什麼嗎？
￼因為很好奇都一樣是啤酒，為什麼大家喜歡的都不一樣🤔🫡",2025-10-19 01:01,"昨天我這支帳號被鎖了
所以昨天我又重開了一個帳號
如果想再追蹤我的請到
Love_Love_Love1314_
❤️🥰😍😘💕",想睡又睡不著
0912_love1314,Shu Zhen,"開始來抓人啦，誰還沒睡覺的給我自己招來
在幹嘛？為什麼還不睡覺啊🤩",2025-10-18 23:16,"昨天我這支帳號被鎖了
所以昨天我又重開了一個帳號
如果想再追蹤我的請到
Love_Love_Love1314_
❤️🥰😍😘💕",想睡又睡不著
0912_love1314,Shu Zhen,神通廣大的脆友們，誰可以告訴我中壢的名產是什麼🤔,2025-10-18 16:11,"昨天我這支帳號被鎖了
所以昨天我又重開了一個帳號
如果想再追蹤我的請到
Love_Love_Love1314_
❤️🥰😍😘💕",想睡又睡不著
0912_love1314,Shu Zhen,兩個女生吃這樣會太多嗎😋🤔,2025-10-18 12:45,"昨天我這支帳號被鎖了
所以昨天我又重開了一個帳號
如果想再追蹤我的請到
Love_Love_Love1314_
❤️🥰😍😘💕",想睡又睡不著
0912_love1314,Shu Zhen,"哇，5:10這個時間有還沒睡的人嗎？還是已經睡醒的人
脆友們現在分別在幹嘛啊￼？￼
說說，讓我瞧瞧🤔",2025-10-18 05:12,"昨天我這支帳號被鎖了
所以昨天我又重開了一個帳號
如果想再追蹤我的請到
Love_Love_Love1314_
❤️🥰😍😘💕",想睡又睡不著
0912_love1314,Shu Zhen,問問脆友們吃火鍋你們最討厭加什麼火鍋料,2025-10-17 20:15,"昨天我這支帳號被鎖了
所以昨天我又重開了一個帳號
如果想再追蹤我的請到
Love_Love_Love1314_
❤️🥰😍😘💕",想睡又睡不著
0912_love1314,Shu Zhen,脆友們￼如果喝酒醉了，只能打給一個人你們會打給誰,2025-10-17 17:06,"昨天我這支帳號被鎖了
所以昨天我又重開了一個帳號
如果想再追蹤我的請到
Love_Love_Love1314_
❤️🥰😍😘💕",想睡又睡不著
0912_love1314,Shu Zhen,"一覺醒來￼發現10點了￼整個睡到過頭，￼手機一打開好幾通同事的未接來電￼整個大傻眼🙄
￼￼￼請問該￼怎麼回覆同事睡過頭的原因？",2025-10-17 11:33,"昨天我這支帳號被鎖了
所以昨天我又重開了一個帳號
如果想再追蹤我的請到
Love_Love_Love1314_
❤️🥰😍😘💕",想睡又睡不著
0912_love1314,Shu Zhen,"突襲檢查～現在還沒睡的脆友們現在在幹嘛😁
從實招來🤩",2025-10-16 23:32,"昨天我這支帳號被鎖了
所以昨天我又重開了一個帳號
如果想再追蹤我的請到
Love_Love_Love1314_
❤️🥰😍😘💕",想睡又睡不著
0912_love1314,Shu Zhen,"同事說想吃牛排，所以下班陪他來吃，你們呢？
晚餐吃什麼🤔",2025-10-16 18:14,"昨天我這支帳號被鎖了
所以昨天我又重開了一個帳號
如果想再追蹤我的請到
Love_Love_Love1314_
❤️🥰😍😘💕",想睡又睡不著
0912_love1314,Shu Zhen,"請問上班上到想睡覺該怎麼辦？
有什麼方法可以不要￼想睡覺",2025-10-16 16:22,"昨天我這支帳號被鎖了
所以昨天我又重開了一個帳號
如果想再追蹤我的請到
Love_Love_Love1314_
❤️🥰😍😘💕",想睡又睡不著
0912_love1314,Shu Zhen,還沒睡得脆友們，￼￼可以幫我想想明天早餐要吃什麼嗎？,2025-10-16 01:08,"昨天我這支帳號被鎖了
所以昨天我又重開了一個帳號
如果想再追蹤我的請到
Love_Love_Love1314_
❤️🥰😍😘💕",想睡又睡不著
0912_love1314,Shu Zhen,最近看脆好像很多人不喜歡處女座的欸，各位脆友們可以說說為什麼嗎🫠🤔,2025-10-15 23:00,"昨天我這支帳號被鎖了
所以昨天我又重開了一個帳號
如果想再追蹤我的請到
Love_Love_Love1314_
❤️🥰😍😘💕",想睡又睡不著
0912_love1314,Shu Zhen,脆友們￼下午你們都在幹嘛🤔,2025-10-15 13:12,"昨天我這支帳號被鎖了
所以昨天我又重開了一個帳號
如果想再追蹤我的請到
Love_Love_Love1314_
❤️🥰😍😘💕",想睡又睡不著
0912_love1314,Shu Zhen,5:43早上了還沒睡的脆友們在幹嘛,2025-10-15 05:32,"昨天我這支帳號被鎖了
所以昨天我又重開了一個帳號
如果想再追蹤我的請到
Love_Love_Love1314_
❤️🥰😍😘💕",想睡又睡不著
love_love_love1314_,love_love_love1314_,"有點想睡覺了，
￼但怕現在睡了晚上又睡不著，￼你們又要被我吵了
所以該我現在該睡還不該睡啊🤔🤣",2025-11-26 17:54,我有進我之前的帳號可能是我有申訴所以可以進了，但是現在還是以這個帳號為主💕大家還是可以把這當聊天室一起開心聊天喔💕❤️💕🥰😍😘,想睡又睡不著
love_love_love1314_,love_love_love1314_,"這個時間￼差不多是下班下課的時間，￼￼各位自己要注意安全喔
￼￼晚餐時間也到了記得要去吃飯欸🥰❤️💕",2025-11-26 17:25,我有進我之前的帳號可能是我有申訴所以可以進了，但是現在還是以這個帳號為主💕大家還是可以把這當聊天室一起開心聊天喔💕❤️💕🥰😍😘,想睡又睡不著
love_love_love1314_,love_love_love1314_,"我不會說我又在吃火鍋了🤭
今天的第一餐",2025-11-26 15:13,我有進我之前的帳號可能是我有申訴所以可以進了，但是現在還是以這個帳號為主💕大家還是可以把這當聊天室一起開心聊天喔💕❤️💕🥰😍😘,想睡又睡不著
love_love_love1314_,love_love_love1314_,"各位午餐時間到了，你們去吃午餐了嗎，還沒去吃的趕快去吃喔
然後跟我說說你們吃了什麼🤔😋🤤❤️😘💕",2025-11-26 12:52,我有進我之前的帳號可能是我有申訴所以可以進了，但是現在還是以這個帳號為主💕大家還是可以把這當聊天室一起開心聊天喔💕❤️💕🥰😍😘,想睡又睡不著
love_love_love1314_,love_love_love1314_,"我覺得我好像快感冒了😷
鼻塞不舒服😞",2025-11-26 09:57,我有進我之前的帳號可能是我有申訴所以可以進了，但是現在還是以這個帳號為主💕大家還是可以把這當聊天室一起開心聊天喔💕❤️💕🥰😍😘,想睡又睡不著
love_love_love1314_,love_love_love1314_,"早安啊，天氣很冷
你們上下班課要注意保暖和注意安全
還有要段考的人也要加油喔
最最重要的是
早餐記得一定要吃喔😘❤️💕",2025-11-26 06:59,我有進我之前的帳號可能是我有申訴所以可以進了，但是現在還是以這個帳號為主💕大家還是可以把這當聊天室一起開心聊天喔💕❤️💕🥰😍😘,想睡又睡不著
love_love_love1314_,love_love_love1314_,"我看看現在有誰還沒有睡覺的，還是已經醒來的
告訴我你們在幹嘛🤔❤️💕",2025-11-26 05:10,我有進我之前的帳號可能是我有申訴所以可以進了，但是現在還是以這個帳號為主💕大家還是可以把這當聊天室一起開心聊天喔💕❤️💕🥰😍😘,想睡又睡不著
love_love_love1314_,love_love_love1314_,哈哈，這幾天我比較少吵你們，不知道你們有沒有想到我啊😘❤️💕,2025-11-26 01:16,我有進我之前的帳號可能是我有申訴所以可以進了，但是現在還是以這個帳號為主💕大家還是可以把這當聊天室一起開心聊天喔💕❤️💕🥰😍😘,想睡又睡不著
love_love_love1314_,love_love_love1314_,"各位我回來了
你們又要開始被我吵了😁😜",2025-11-25 22:50,我有進我之前的帳號可能是我有申訴所以可以進了，但是現在還是以這個帳號為主💕大家還是可以把這當聊天室一起開心聊天喔💕❤️💕🥰😍😘,想睡又睡不著
love_love_love1314_,love_love_love1314_,"脆友們我回到台灣了，整理好行李
趕快出門吃我最愛吃的火鍋😋🤤💕❤️💕
你們吃飽了嗎🤔？",2025-11-25 20:38,我有進我之前的帳號可能是我有申訴所以可以進了，但是現在還是以這個帳號為主💕大家還是可以把這當聊天室一起開心聊天喔💕❤️💕🥰😍😘,想睡又睡不著
love_love_love1314_,love_love_love1314_,"同事的打呼聲，讓我睡不著
怎麼辦🤔❤️💕",2025-11-25 01:44,我有進我之前的帳號可能是我有申訴所以可以進了，但是現在還是以這個帳號為主💕大家還是可以把這當聊天室一起開心聊天喔💕❤️💕🥰😍😘,想睡又睡不著
love_love_love1314_,love_love_love1314_,現在這個時間你們在幹嘛,2025-11-24 22:13,我有進我之前的帳號可能是我有申訴所以可以進了，但是現在還是以這個帳號為主💕大家還是可以把這當聊天室一起開心聊天喔💕❤️💕🥰😍😘,想睡又睡不著
love_love_love1314_,love_love_love1314_,"各位早安啊，我起床了
各位上班課的人路上注意安全，注意保暖，早餐記得要吃喔
順便告訴我你們今吃什麼啊",2025-11-24 07:06,我有進我之前的帳號可能是我有申訴所以可以進了，但是現在還是以這個帳號為主💕大家還是可以把這當聊天室一起開心聊天喔💕❤️💕🥰😍😘,想睡又睡不著
love_love_love1314_,love_love_love1314_,"小睡一了一下，還有人沒睡的嗎？
說說你們在幹嘛，怎麼還沒睡🤔",2025-11-24 03:44,我有進我之前的帳號可能是我有申訴所以可以進了，但是現在還是以這個帳號為主💕大家還是可以把這當聊天室一起開心聊天喔💕❤️💕🥰😍😘,想睡又睡不著
love_love_love1314_,love_love_love1314_,北海道的風景，真的怎麼拍都美,2025-11-24 00:11,我有進我之前的帳號可能是我有申訴所以可以進了，但是現在還是以這個帳號為主💕大家還是可以把這當聊天室一起開心聊天喔💕❤️💕🥰😍😘,想睡又睡不著
love_love_love1314_,love_love_love1314_,"有誰跟我一樣有這種好同事的
叫我一定要把它們喝完才能睡覺💤💕❤️💕",2025-11-23 23:23,我有進我之前的帳號可能是我有申訴所以可以進了，但是現在還是以這個帳號為主💕大家還是可以把這當聊天室一起開心聊天喔💕❤️💕🥰😍😘,想睡又睡不著
love_love_love1314_,love_love_love1314_,"各位你們吃完晚餐了嗎
這是我今天吃的晚餐
你們呢？
你們吃了些什麼啊，跟我說一下唄🤔❤️💕",2025-11-23 20:20,我有進我之前的帳號可能是我有申訴所以可以進了，但是現在還是以這個帳號為主💕大家還是可以把這當聊天室一起開心聊天喔💕❤️💕🥰😍😘,想睡又睡不著
love_love_love1314_,love_love_love1314_,"現在有誰還醒著的啊，出個聲
我來看看有誰啊",2025-11-23 03:06,我有進我之前的帳號可能是我有申訴所以可以進了，但是現在還是以這個帳號為主💕大家還是可以把這當聊天室一起開心聊天喔💕❤️💕🥰😍😘,想睡又睡不著
love_love_love1314_,love_love_love1314_,"現在誰還沒睡的？
￼告訴我，你們在幹嘛",2025-11-23 00:00,我有進我之前的帳號可能是我有申訴所以可以進了，但是現在還是以這個帳號為主💕大家還是可以把這當聊天室一起開心聊天喔💕❤️💕🥰😍😘,想睡又睡不著
love_love_love1314_,love_love_love1314_,"北海道的雪景❄️
真的是 ，怎麼拍怎麼美",2025-11-22 22:57,我有進我之前的帳號可能是我有申訴所以可以進了，但是現在還是以這個帳號為主💕大家還是可以把這當聊天室一起開心聊天喔💕❤️💕🥰😍😘,想睡又睡不著
love_love_love1314_,love_love_love1314_,"2個女生的宵夜
晚上住的飯店沒得逛，晚上跟同事就只能在房間喝",2025-11-22 21:47,我有進我之前的帳號可能是我有申訴所以可以進了，但是現在還是以這個帳號為主💕大家還是可以把這當聊天室一起開心聊天喔💕❤️💕🥰😍😘,想睡又睡不著
love_love_love1314_,love_love_love1314_,"晚上好啊，你們吃晚餐了嗎
今天雖然沒看到正在下雪的雪景，但看到正覆蓋整片雪景的風景，超美的",2025-11-22 18:31,我有進我之前的帳號可能是我有申訴所以可以進了，但是現在還是以這個帳號為主💕大家還是可以把這當聊天室一起開心聊天喔💕❤️💕🥰😍😘,想睡又睡不著
love_love_love1314_,love_love_love1314_,"各位晚安安
我要睡覺了，你們也早點睡欸💕
晚安💤😴",2025-11-22 01:55,我有進我之前的帳號可能是我有申訴所以可以進了，但是現在還是以這個帳號為主💕大家還是可以把這當聊天室一起開心聊天喔💕❤️💕🥰😍😘,想睡又睡不著
love_love_love1314_,love_love_love1314_,"現在好像有點無聊耶
￼還沒睡覺的人在幹嘛？🤔💕",2025-11-22 00:50,我有進我之前的帳號可能是我有申訴所以可以進了，但是現在還是以這個帳號為主💕大家還是可以把這當聊天室一起開心聊天喔💕❤️💕🥰😍😘,想睡又睡不著
love_love_love1314_,love_love_love1314_,今天喝這北海道限定的還不錯喝欸有誰要一起乾杯的啊🍺🍻,2025-11-21 23:24,我有進我之前的帳號可能是我有申訴所以可以進了，但是現在還是以這個帳號為主💕大家還是可以把這當聊天室一起開心聊天喔💕❤️💕🥰😍😘,想睡又睡不著
love_love_love1314_,love_love_love1314_,還不錯，剛好遇到下雪，雖然沒有很大,2025-11-21 20:17,我有進我之前的帳號可能是我有申訴所以可以進了，但是現在還是以這個帳號為主💕大家還是可以把這當聊天室一起開心聊天喔💕❤️💕🥰😍😘,想睡又睡不著
love_love_love1314_,love_love_love1314_,"各位午安啊
原來北海道白天沒有想像中的那麼冷",2025-11-21 11:48,我有進我之前的帳號可能是我有申訴所以可以進了，但是現在還是以這個帳號為主💕大家還是可以把這當聊天室一起開心聊天喔💕❤️💕🥰😍😘,想睡又睡不著
love_love_love1314_,love_love_love1314_,"現在誰還沒睡的？
￼說說你們，現在在幹嘛？",2025-11-21 01:10,我有進我之前的帳號可能是我有申訴所以可以進了，但是現在還是以這個帳號為主💕大家還是可以把這當聊天室一起開心聊天喔💕❤️💕🥰😍😘,想睡又睡不著
love_love_love1314_,love_love_love1314_,"出發前先喝個2瓶
壓壓驚",2025-11-20 23:51,我有進我之前的帳號可能是我有申訴所以可以進了，但是現在還是以這個帳號為主💕大家還是可以把這當聊天室一起開心聊天喔💕❤️💕🥰😍😘,想睡又睡不著
love_love_love1314_,love_love_love1314_,"今天換問問你們
￼你們今天晚餐要吃什麼？🤔🤤😋",2025-11-20 16:49,我有進我之前的帳號可能是我有申訴所以可以進了，但是現在還是以這個帳號為主💕大家還是可以把這當聊天室一起開心聊天喔💕❤️💕🥰😍😘,想睡又睡不著
love_love_love1314_,love_love_love1314_,"下午茶有著落了（同事送的）
等等泡杯咖啡
完美😍",2025-11-20 15:07,我有進我之前的帳號可能是我有申訴所以可以進了，但是現在還是以這個帳號為主💕大家還是可以把這當聊天室一起開心聊天喔💕❤️💕🥰😍😘,想睡又睡不著
love_love_love1314_,love_love_love1314_,又是差不多這個時間點起床上廁所，￼那就順便問你們現在在幹嘛囉,2025-11-20 05:39,我有進我之前的帳號可能是我有申訴所以可以進了，但是現在還是以這個帳號為主💕大家還是可以把這當聊天室一起開心聊天喔💕❤️💕🥰😍😘,想睡又睡不著
love_love_love1314_,love_love_love1314_,我覺得我今天我一定會很早睡覺的🛏️😴,2025-11-20 00:38,我有進我之前的帳號可能是我有申訴所以可以進了，但是現在還是以這個帳號為主💕大家還是可以把這當聊天室一起開心聊天喔💕❤️💕🥰😍😘,想睡又睡不著
love_love_love1314_,love_love_love1314_,冷冷的天，最適合來杯暖暖的養生茶了🥰,2025-11-19 23:01,我有進我之前的帳號可能是我有申訴所以可以進了，但是現在還是以這個帳號為主💕大家還是可以把這當聊天室一起開心聊天喔💕❤️💕🥰😍😘,想睡又睡不著
love_love_love1314_,love_love_love1314_,"你們看男生（女生）
第一眼￼￼會￼先看哪裡或
注重哪裡啊",2025-11-19 20:55,我有進我之前的帳號可能是我有申訴所以可以進了，但是現在還是以這個帳號為主💕大家還是可以把這當聊天室一起開心聊天喔💕❤️💕🥰😍😘,想睡又睡不著
love_love_love1314_,love_love_love1314_,"好冷，我決定我今天的晚餐還是吃火鍋好了
￼你們呢？
￼你們今天晚餐吃什麼？🤔",2025-11-19 17:04,我有進我之前的帳號可能是我有申訴所以可以進了，但是現在還是以這個帳號為主💕大家還是可以把這當聊天室一起開心聊天喔💕❤️💕🥰😍😘,想睡又睡不著
love_love_love1314_,love_love_love1314_,"你們是哪一派？
￼紅豆湯派
￼還是燒仙草派",2025-11-19 15:31,我有進我之前的帳號可能是我有申訴所以可以進了，但是現在還是以這個帳號為主💕大家還是可以把這當聊天室一起開心聊天喔💕❤️💕🥰😍😘,想睡又睡不著
love_love_love1314_,love_love_love1314_,下班要來去買手套了，￼不然騎車手都快凍僵了🥶,2025-11-19 10:02,我有進我之前的帳號可能是我有申訴所以可以進了，但是現在還是以這個帳號為主💕大家還是可以把這當聊天室一起開心聊天喔💕❤️💕🥰😍😘,想睡又睡不著
love_love_love1314_,love_love_love1314_,"各位早安啊
今天ㄧ樣是濕濕冷冷的天氣
各位上下班課的人也請注意安全和保暖喔
然後告訴我你們今天的早餐吃什麼啊🤔🫶💕",2025-11-19 06:52,我有進我之前的帳號可能是我有申訴所以可以進了，但是現在還是以這個帳號為主💕大家還是可以把這當聊天室一起開心聊天喔💕❤️💕🥰😍😘,想睡又睡不著
love_love_love1314_,love_love_love1314_,"起床尿尿，順便問一下
這個時間點是有人還沒睡覺的嗎？
￼還是已經起床的？
￼說說你們在幹嘛🤔🫠",2025-11-19 05:35,我有進我之前的帳號可能是我有申訴所以可以進了，但是現在還是以這個帳號為主💕大家還是可以把這當聊天室一起開心聊天喔💕❤️💕🥰😍😘,想睡又睡不著
love_love_love1314_,love_love_love1314_,"現在還有誰還沒睡覺的啊
說說你們在幹嘛啊🤔",2025-11-19 01:45,我有進我之前的帳號可能是我有申訴所以可以進了，但是現在還是以這個帳號為主💕大家還是可以把這當聊天室一起開心聊天喔💕❤️💕🥰😍😘,想睡又睡不著
love_love_love1314_,love_love_love1314_,快要下班了，￼希望下班不要又下雨了😂😅,2025-11-18 16:32,我有進我之前的帳號可能是我有申訴所以可以進了，但是現在還是以這個帳號為主💕大家還是可以把這當聊天室一起開心聊天喔💕❤️💕🥰😍😘,想睡又睡不著
love_love_love1314_,love_love_love1314_,你們說這￼濕濕冷冷的天氣適合吃什麼？😋😜,2025-11-18 12:53,我有進我之前的帳號可能是我有申訴所以可以進了，但是現在還是以這個帳號為主💕大家還是可以把這當聊天室一起開心聊天喔💕❤️💕🥰😍😘,想睡又睡不著
love_love_love1314_,love_love_love1314_,"我發現我好像是雨神欸，昨天下班前明明沒下雨，￼等我￼要下班回家才下雨
￼今天出門要上班也下雨🌧️
￼到公司沒多久竟然雨停🫠🤔
傻眼🙄",2025-11-18 10:03,我有進我之前的帳號可能是我有申訴所以可以進了，但是現在還是以這個帳號為主💕大家還是可以把這當聊天室一起開心聊天喔💕❤️💕🥰😍😘,想睡又睡不著
love_love_love1314_,love_love_love1314_,"各位
早安啊我起床準備上班了，
下雨了，上下班課的人￼天雨路滑
請注意安全喔
￼一樣早餐記得要吃❤️💕",2025-11-18 06:33,我有進我之前的帳號可能是我有申訴所以可以進了，但是現在還是以這個帳號為主💕大家還是可以把這當聊天室一起開心聊天喔💕❤️💕🥰😍😘,想睡又睡不著
love_love_love1314_,love_love_love1314_,怎麼蠻多人說有地震的，是只有我沒感覺嗎🫠,2025-11-17 23:55,我有進我之前的帳號可能是我有申訴所以可以進了，但是現在還是以這個帳號為主💕大家還是可以把這當聊天室一起開心聊天喔💕❤️💕🥰😍😘,想睡又睡不著
love_love_love1314_,love_love_love1314_,"這是我煎的蛋，
快～💕誇獎我一下",2025-11-17 22:23,我有進我之前的帳號可能是我有申訴所以可以進了，但是現在還是以這個帳號為主💕大家還是可以把這當聊天室一起開心聊天喔💕❤️💕🥰😍😘,想睡又睡不著
love_love_love1314_,love_love_love1314_,"有沒有人跟我一樣生理期來特別嘴饞愛吃東西的
不餓也想吃
就是單純嘴饞想吃而已😋🤤",2025-11-17 20:35,我有進我之前的帳號可能是我有申訴所以可以進了，但是現在還是以這個帳號為主💕大家還是可以把這當聊天室一起開心聊天喔💕❤️💕🥰😍😘,想睡又睡不著
love_love_love1314_,love_love_love1314_,告訴我你們今天的晚餐要吃什麼，￼讓我參考一下唄🫶💕,2025-11-17 16:58,我有進我之前的帳號可能是我有申訴所以可以進了，但是現在還是以這個帳號為主💕大家還是可以把這當聊天室一起開心聊天喔💕❤️💕🥰😍😘,想睡又睡不著
love_love_love1314_,love_love_love1314_,上班上到肚子餓了，怎麼辦？,2025-11-17 15:26,我有進我之前的帳號可能是我有申訴所以可以進了，但是現在還是以這個帳號為主💕大家還是可以把這當聊天室一起開心聊天喔💕❤️💕🥰😍😘,想睡又睡不著
love_love_love1314_,love_love_love1314_,"我剛剛￼進我之前的帳號可以進了，￼可能是我昨天￼有申訴成功
￼但現在還是用這支喔❤️🫶💕🥰",2025-11-17 10:57,我有進我之前的帳號可能是我有申訴所以可以進了，但是現在還是以這個帳號為主💕大家還是可以把這當聊天室一起開心聊天喔💕❤️💕🥰😍😘,想睡又睡不著
love_love_love1314_,love_love_love1314_,"各位早安啊
天氣冷冷涼涼的要注意保暖喔
上下班課的人
路上要小心
早餐要記得吃喔💕🫶",2025-11-17 07:04,我有進我之前的帳號可能是我有申訴所以可以進了，但是現在還是以這個帳號為主💕大家還是可以把這當聊天室一起開心聊天喔💕❤️💕🥰😍😘,想睡又睡不著
love_love_love1314_,love_love_love1314_,"哇～感動欸
有好幾個本來的脆友
有發現到我還有回追我
超感動的🫶❤️💕",2025-11-17 01:19,我有進我之前的帳號可能是我有申訴所以可以進了，但是現在還是以這個帳號為主💕大家還是可以把這當聊天室一起開心聊天喔💕❤️💕🥰😍😘,想睡又睡不著
love_love_love1314_,love_love_love1314_,涼涼的天，來吃個串串鍋也不錯,2025-11-16 21:26,我有進我之前的帳號可能是我有申訴所以可以進了，但是現在還是以這個帳號為主💕大家還是可以把這當聊天室一起開心聊天喔💕❤️💕🥰😍😘,想睡又睡不著
love_love_love1314_,love_love_love1314_,"下個星期要去日本🇯🇵￼北海道
￼有一晚會住在貍小路商店街附近
￼各位請問有推薦貍小路商店街
有什麼必買或必吃的美食嗎
謝謝🤔",2025-11-16 13:26,我有進我之前的帳號可能是我有申訴所以可以進了，但是現在還是以這個帳號為主💕大家還是可以把這當聊天室一起開心聊天喔💕❤️💕🥰😍😘,想睡又睡不著
love_love_love1314_,love_love_love1314_,"😭我原有的帳號被停權了
我來看看本來的脆友
有人認出我嗎😭",2025-11-16 12:55,我有進我之前的帳號可能是我有申訴所以可以進了，但是現在還是以這個帳號為主💕大家還是可以把這當聊天室一起開心聊天喔💕❤️💕🥰😍😘,想睡又睡不著
all.formywife,all.formywife,"尋晚同女朋友玩控制高潮 佢捽到我臨近￼高潮前就停低 佢係我耳邊話「再忍下先比你高潮」然後就等我放鬆番就再繼續捽 就咁停咗係高潮邊緣數唔到有幾多次 後面￼我個大腦已經思考唔到好崩潰係咁求佢俾我
但佢比起我更加清楚我嘅身體反應 每次都可以精準地喺我高潮前一秒就停低￼￼￼ 去到最後佢終於俾我高潮嗰陣個快感比平時誇張好多倍 高潮完仲要比佢拉開我隻腳㩒住嚟捽 合唔埋隻腳所以不斷高潮完全無停過 ￼玩到生理眼淚流曬出嚟…..好爽^^
結果去到最後比佢氹吓氹吓又玩多幾輪 今朝起身腳軟到就行唔郁￼
仲比佢好惡趣味咁望住我行唔郁嗰樣。￼好煩好鍾意",2025-10-25 17:24,女朋友與我的大腦,想睡又睡不著
all.formywife,all.formywife,"搬出嚟住之後嘅最大恐懼就係
返屋企嗰陣 同lift嘅男人係我出lift之後望實我行去邊個方向",2025-10-25 13:40,女朋友與我的大腦,想睡又睡不著
all.formywife,all.formywife,"7仔￼青花驕￼什錦鍋￼
￼包兩粒丸 少少菜同菇 一塊雞 ￼￼烏冬￼￼
我覺得呢個好食過寬粉😞夠麻夠辣 
烏冬口感好食同埋嗰兩粒丸好好食好彈牙！不過舊雞賣相好奇怪好似俾人咬咗幾啖咁 ￼望落少反胃🙂‍↕️🙂‍↕️",2025-10-25 00:01,女朋友與我的大腦,想睡又睡不著
all.formywife,all.formywife,其實我keep住update呢度嘅其中一個原因￼係因為女朋友次次睇都會笑到好冧 用少少時間記錄我地就可以令佢咁開心係我嘅biggest honours👉👈,2025-10-24 11:46,女朋友與我的大腦,想睡又睡不著
all.formywife,all.formywife,"自從同女朋友個chatbox換咗張我捉￼住佢塊面￼然後佢好無辜狗仔眼咁￼望上鏡頭嘅wallpaper之後
次次係街同佢message都可愛到忍唔住偷笑🥹
想同全世界炫耀我女朋友有幾可愛😭佢對狗仔眼￼真係好迷人😭🫴🫴雙眼皮深到可以夾死我仲要自帶眼線 好靚嘅一對眼仔😭😭😭😭❤️",2025-10-24 01:52,女朋友與我的大腦,想睡又睡不著
all.formywife,all.formywife,"因為食雞髀太麻煩所以女友手撕到一條條撈落個麵到食
個麵幾好食 寛粉口感不錯但￼其實就係想像到嘅味道🙂‍↕️聞落同食落差唔多味 就係花椒油味 個雞髀正正常常
貪得意食一次ok但不會回購😞
聽日先食埋蛋同什錦鍋",2025-10-23 00:45,女朋友與我的大腦,想睡又睡不著
all.formywife,all.formywife,"唔知係唔係unpopular opinion
但我覺得好多拍拖拍到日日都發癲 情緒起伏好大 尤其另一半令到佢無安全感或者覺得不被愛嘅人 大部分都係佢另一半搞到佢咁😂😂
一開始會覺得呢條友痴線佢另一半要承受佢啲脾氣好慘 
睇耐咗就會發現根本就係佢另一半搞到佢咁 ￼通常啲另一半仲會pua佢話佢撩交嗌 自己就扮到￼事不關已咁
搞到另一半無安全感嗰個又係佢 唔識保持距離嗰個又係佢 最￼後話人無理取鬧嗰個又係佢 睇到好撚辛苦😭🙏",2025-10-22 23:07,女朋友與我的大腦,想睡又睡不著
all.formywife,all.formywife,放工返到屋企見到女朋友買咗我心心念念嘅甜品同埋7仔￼新嗰set麻辣嘢…….😭❤️,2025-10-22 21:08,女朋友與我的大腦,想睡又睡不著
all.formywife,all.formywife,"呢排壓力大到日日啲情緒都焦慮暴躁兩邊走
每晚做完嘢終於可以攤係張床唞下嘅時候
就會見到女朋友攤大隻手等我飛撲過去 
跟住就攬實我摸頭同我講辛苦曬 然後plan好我一得閒嗰日久違地出街date下 放鬆下
女朋友係我最大嘅情緒鎮定劑 
永遠stress到呼吸困難嗰陣有佢係我隔離就會成個人放鬆好多
其實我好愧疚的 因為我呢排忙到少咗好多時間同佢相處 情緒又好唔穩定 但佢點都會搵到可以安撫到我嘅方法  多謝女朋友大人🥲❤️",2025-10-16 10:10,女朋友與我的大腦,想睡又睡不著
all.formywife,all.formywife,"會唔會係你人咸濕所以聽咩都咸濕😞
條友其中一個￼性癖就係見到我喊￼ 次次我喊佢都會忍住性欲直至安慰完氹完我之後就會開始好興奮咁屌我
佢話會激發佢保護慾 唔太理解但好啦你鍾意啦😞",2025-10-14 01:00,女朋友與我的大腦,想睡又睡不著
all.formywife,all.formywife,"我隻迷人小狗🫴🫴
@247murmur
@247murmur",2025-10-13 15:09,女朋友與我的大腦,想睡又睡不著
14._.caj,陳奧吉,"體驗過的都知道
「很睏」跟「睡不著」是可以同時存在的。",2025-09-11 07:09,"📍 台南 INFP｜🏍️ R15v3
💰 副業 × 被動收入
🏃‍♂️ 運動 × ✈️ 旅遊
🔥 瘦身 × ✨ 保養分享",想睡又睡不著
14._.caj,陳奧吉,是不是職位越高想法就特別多,2025-09-10 16:30,"📍 台南 INFP｜🏍️ R15v3
💰 副業 × 被動收入
🏃‍♂️ 運動 × ✈️ 旅遊
🔥 瘦身 × ✨ 保養分享",想睡又睡不著
14._.caj,陳奧吉,一個月只有領薪水那天上班是開心的,2025-09-09 21:30,"📍 台南 INFP｜🏍️ R15v3
💰 副業 × 被動收入
🏃‍♂️ 運動 × ✈️ 旅遊
🔥 瘦身 × ✨ 保養分享",想睡又睡不著
14._.caj,陳奧吉,"現在隨便一杯奶茶價格
都比我英文成績高了",2025-09-09 21:19,"📍 台南 INFP｜🏍️ R15v3
💰 副業 × 被動收入
🏃‍♂️ 運動 × ✈️ 旅遊
🔥 瘦身 × ✨ 保養分享",想睡又睡不著
14._.caj,陳奧吉,"領 3 萬的人最常說
「等我有空再說」
⠀
但領 8 萬的人
「不行，我現在就要開始」。
事實證明不是不做
是錢給的不夠多",2025-09-09 21:15,"📍 台南 INFP｜🏍️ R15v3
💰 副業 × 被動收入
🏃‍♂️ 運動 × ✈️ 旅遊
🔥 瘦身 × ✨ 保養分享",想睡又睡不著
14._.caj,陳奧吉,"-
第一次去將軍吼只是為了跟沒見過的夥伴拍照
這次好問題重在參與😂
#將軍吼 #紀錄生活
@14._.caj
@14._.caj",2025-09-09 20:47,"📍 台南 INFP｜🏍️ R15v3
💰 副業 × 被動收入
🏃‍♂️ 運動 × ✈️ 旅遊
🔥 瘦身 × ✨ 保養分享",想睡又睡不著
14._.caj,陳奧吉,新營附近有推薦的美式刺青嗎,2025-09-08 22:32,"📍 台南 INFP｜🏍️ R15v3
💰 副業 × 被動收入
🏃‍♂️ 運動 × ✈️ 旅遊
🔥 瘦身 × ✨ 保養分享",想睡又睡不著
14._.caj,陳奧吉,"致敬給那些剛創業的年輕人
富爸爸窮爸爸這本書有講到
一件事情的成敗並不重要，
重要的是你們曾經嘗試過。
要知道大多數人只是光會談論和夢想發財，
而你們已經付出了行動。",2025-09-08 22:30,"📍 台南 INFP｜🏍️ R15v3
💰 副業 × 被動收入
🏃‍♂️ 運動 × ✈️ 旅遊
🔥 瘦身 × ✨ 保養分享",想睡又睡不著
14._.caj,陳奧吉,"10個最好的免費老師
1.運動
2.陽光
3.睡覺
4.想得開 
5.吃飯慢
6.快樂
7.喝水
8.微笑
9.讚美別人
10.睜一隻眼閉一隻眼",2025-09-08 17:01,"📍 台南 INFP｜🏍️ R15v3
💰 副業 × 被動收入
🏃‍♂️ 運動 × ✈️ 旅遊
🔥 瘦身 × ✨ 保養分享",想睡又睡不著
14._.caj,陳奧吉,"有時候下班不知道為什麼
就只是想放空 單純放空也不知道在幹嘛",2025-09-08 16:56,"📍 台南 INFP｜🏍️ R15v3
💰 副業 × 被動收入
🏃‍♂️ 運動 × ✈️ 旅遊
🔥 瘦身 × ✨ 保養分享",想睡又睡不著
14._.caj,陳奧吉,"這天氣我的手機跟我說他先休息了
但我第一次看到這個符號",2025-09-08 11:01,"📍 台南 INFP｜🏍️ R15v3
💰 副業 × 被動收入
🏃‍♂️ 運動 × ✈️ 旅遊
🔥 瘦身 × ✨ 保養分享",想睡又睡不著
14._.caj,陳奧吉,欸不是台語發音不一樣意思真的不一樣啦,2025-09-07 23:13,"📍 台南 INFP｜🏍️ R15v3
💰 副業 × 被動收入
🏃‍♂️ 運動 × ✈️ 旅遊
🔥 瘦身 × ✨ 保養分享",想睡又睡不著
14._.caj,陳奧吉,我的將軍吼,2025-09-07 19:49,"📍 台南 INFP｜🏍️ R15v3
💰 副業 × 被動收入
🏃‍♂️ 運動 × ✈️ 旅遊
🔥 瘦身 × ✨ 保養分享",想睡又睡不著
14._.caj,陳奧吉,誰等等也要去將軍港🙋,2025-09-07 14:46,"📍 台南 INFP｜🏍️ R15v3
💰 副業 × 被動收入
🏃‍♂️ 運動 × ✈️ 旅遊
🔥 瘦身 × ✨ 保養分享",想睡又睡不著
14._.caj,陳奧吉,"提醒各位護專生
要開學了",2025-09-07 12:12,"📍 台南 INFP｜🏍️ R15v3
💰 副業 × 被動收入
🏃‍♂️ 運動 × ✈️ 旅遊
🔥 瘦身 × ✨ 保養分享",想睡又睡不著
14._.caj,陳奧吉,"什麼時候發現自己長大了
當我看到菜單上有燙青菜，
會毫不猶豫地點一份的時候。",2025-09-07 11:18,"📍 台南 INFP｜🏍️ R15v3
💰 副業 × 被動收入
🏃‍♂️ 運動 × ✈️ 旅遊
🔥 瘦身 × ✨ 保養分享",想睡又睡不著
14._.caj,陳奧吉,"✅【冷知識】空腹喝咖啡？小心血糖直接爆表⚠️
很多人以為：
「空腹喝咖啡可以燃脂、提神！」
結果研究發現——錯了！
📌 為什麼？
•咖啡因會刺激腎上腺素 → 血糖上升
•空腹時皮質醇本來就高 → 等於雙重打擊
👉 你以為自己在加速代謝，其實是在讓血糖坐雲霄飛車。
🧠 會出現什麼狀況？
•血糖忽高忽低 → 情緒不穩、腦霧
•長期下來 → 胰島素阻抗增加
•減脂反而更難成功
📌 正確做法：
1️⃣ 先吃一點早餐（蛋白質＋好油脂最佳）
2️⃣ 再喝咖啡，避免血糖大幅波動
3️⃣ 下午喝，效果比早上空腹更穩定
🔖 記住：
「空腹喝咖啡，不是燃脂捷徑，而是血糖陷阱！」
💬 你平常都是空腹還是飯後喝咖啡？
留言告訴我，我分享給你我的「減脂菜單」",2025-09-06 23:47,"📍 台南 INFP｜🏍️ R15v3
💰 副業 × 被動收入
🏃‍♂️ 運動 × ✈️ 旅遊
🔥 瘦身 × ✨ 保養分享",想睡又睡不著
14._.caj,陳奧吉,真熱情,2025-09-06 18:56,"📍 台南 INFP｜🏍️ R15v3
💰 副業 × 被動收入
🏃‍♂️ 運動 × ✈️ 旅遊
🔥 瘦身 × ✨ 保養分享",想睡又睡不著
14._.caj,陳奧吉,"工時越長 ≠ 錢越多
很多人越忙反而越窮。
因為只會「換時薪」
卻不懂「換模式」。
富人贏的不是努力
而是方式",2025-09-05 22:53,"📍 台南 INFP｜🏍️ R15v3
💰 副業 × 被動收入
🏃‍♂️ 運動 × ✈️ 旅遊
🔥 瘦身 × ✨ 保養分享",想睡又睡不著
14._.caj,陳奧吉,"這種男生打死都不能分手
1. 衣服的顏色只有黑白灰
2. 頭貼從來不換，貼文更新稀少
3. 主動聯絡你，秒回你訊息
4.不亂社交，跟異性保持距離
5.敏感，容易想太多
6. 對感情專一，眼裡只有你
7.容易吃醋，不喜歡別的男生靠近你
8. 總是擔心你是否過的開心",2025-09-05 21:19,"📍 台南 INFP｜🏍️ R15v3
💰 副業 × 被動收入
🏃‍♂️ 運動 × ✈️ 旅遊
🔥 瘦身 × ✨ 保養分享",想睡又睡不著
14._.caj,陳奧吉,"工作是為了生活
不要為了工作
丟了生活",2025-09-05 21:03,"📍 台南 INFP｜🏍️ R15v3
💰 副業 × 被動收入
🏃‍♂️ 運動 × ✈️ 旅遊
🔥 瘦身 × ✨ 保養分享",想睡又睡不著
14._.caj,陳奧吉,"上班的人一定懂那感覺
上班的時候有多難過
下班就雙倍快樂",2025-09-05 16:36,"📍 台南 INFP｜🏍️ R15v3
💰 副業 × 被動收入
🏃‍♂️ 運動 × ✈️ 旅遊
🔥 瘦身 × ✨ 保養分享",想睡又睡不著
14._.caj,陳奧吉,"一定有有一種人
A跟B不好 甚至仇敵
但你又跟A和B沒有說不好
這時候還要選邊站",2025-09-05 06:29,"📍 台南 INFP｜🏍️ R15v3
💰 副業 × 被動收入
🏃‍♂️ 運動 × ✈️ 旅遊
🔥 瘦身 × ✨ 保養分享",想睡又睡不著
14._.caj,陳奧吉,想認識更多的人,2025-09-04 23:04,"📍 台南 INFP｜🏍️ R15v3
💰 副業 × 被動收入
🏃‍♂️ 運動 × ✈️ 旅遊
🔥 瘦身 × ✨ 保養分享",想睡又睡不著
14._.caj,陳奧吉,"每次當我要下定決心不要買的時候
我的內心都會說
你少買這個你也不會比較有錢",2025-09-04 21:32,"📍 台南 INFP｜🏍️ R15v3
💰 副業 × 被動收入
🏃‍♂️ 運動 × ✈️ 旅遊
🔥 瘦身 × ✨ 保養分享",想睡又睡不著
14._.caj,陳奧吉,"✅【冷知識】肚子硬硬的，不一定是胖！
很多人以為「小腹凸」=脂肪
👉 其實也可能是「腸胃氣滯」！
📌 常見原因：
•飯後愛吃冰、喝冷飲 → 腸胃蠕動慢
•壓力大、情緒卡住 → 氣也卡住
•吃太快、邊吃邊滑手機 → 氣機打亂
⚠️ 典型表現：
•小腹硬硬凸出
•打嗝多、常放屁
•肚子脹，排不乾淨
✅ 改善方法：
1️⃣ 冰品換成溫熱食物
2️⃣ 飯後走10分鐘
3️⃣ 按摩肚臍周圍助蠕動
4️⃣ 放鬆心情，氣就順了
👉 下次摸肚子硬硬的，不一定是胖，也可能是「氣滯」！
✨我自己也會搭配一台居家美容儀【雲朵機】
幫助腸道循環更順，體態更輕盈。
💬 想體驗看看嗎？留言【雲朵機】，免費帶你試！",2025-09-04 20:00,"📍 台南 INFP｜🏍️ R15v3
💰 副業 × 被動收入
🏃‍♂️ 運動 × ✈️ 旅遊
🔥 瘦身 × ✨ 保養分享",想睡又睡不著
14._.caj,陳奧吉,"有什麼推薦的遊戲
很常玩一下就跳出去回訊息
可以中離的遊戲",2025-09-04 19:23,"📍 台南 INFP｜🏍️ R15v3
💰 副業 × 被動收入
🏃‍♂️ 運動 × ✈️ 旅遊
🔥 瘦身 × ✨ 保養分享",想睡又睡不著
14._.caj,陳奧吉,"朋友不需要太多
相處得來的就好
圈子可以多一點
但要乾淨",2025-09-04 19:20,"📍 台南 INFP｜🏍️ R15v3
💰 副業 × 被動收入
🏃‍♂️ 運動 × ✈️ 旅遊
🔥 瘦身 × ✨ 保養分享",想睡又睡不著
14._.caj,陳奧吉,我的手機在跟我說最近沒有下雨,2025-09-04 19:12,"📍 台南 INFP｜🏍️ R15v3
💰 副業 × 被動收入
🏃‍♂️ 運動 × ✈️ 旅遊
🔥 瘦身 × ✨ 保養分享",想睡又睡不著
14._.caj,陳奧吉,有誰要一起去將軍吼,2025-09-04 19:06,"📍 台南 INFP｜🏍️ R15v3
💰 副業 × 被動收入
🏃‍♂️ 運動 × ✈️ 旅遊
🔥 瘦身 × ✨ 保養分享",想睡又睡不著
14._.caj,陳奧吉,"✅【冷知識】長期憋尿，可能間接傷腎⚠️
很多人想說「忍一下就好」
👉 其實憋尿不只傷膀胱，還可能害到腎臟！
📌 為什麼？
1️⃣ 膀胱長期過度擴張 → 排不乾淨
2️⃣ 殘尿多 → 細菌滋生，泌尿道感染風險↑
3️⃣ 一旦感染逆流 → 腎臟也會被拖下水
🧠 久了會怎樣？
膀胱變「鬆弛袋子」，想尿也排不乾淨
→ 腎臟長期承壓，可能導致腎功能下降！
👉 記住：膀胱不是水庫，腎臟更不是犧牲品。
能尿就去尿，別拿長期健康去換「一時方便」。
💬 你有沒有想上廁所卻沒辦法一直憋尿的經驗
可以一起分享👇",2025-09-04 18:59,"📍 台南 INFP｜🏍️ R15v3
💰 副業 × 被動收入
🏃‍♂️ 運動 × ✈️ 旅遊
🔥 瘦身 × ✨ 保養分享",想睡又睡不著
14._.caj,陳奧吉,"誰懂
18歲的時候走進超商買酒
要結帳的時候 心裡os
我證件準備好了 來吧
結果…
他回 有會員載具嗎",2025-09-04 18:50,"📍 台南 INFP｜🏍️ R15v3
💰 副業 × 被動收入
🏃‍♂️ 運動 × ✈️ 旅遊
🔥 瘦身 × ✨ 保養分享",想睡又睡不著
14._.caj,陳奧吉,"別再以為拚命就能翻身。
3萬＝一般上班族的極限。
5萬＝多數專業職的封頂。
8萬＝少數人才摸得到。
除非你身兼多職 
但你身體很快就壞掉了
花更多時間上班
結果生一場病全花掉
反而本末倒置",2025-09-04 11:45,"📍 台南 INFP｜🏍️ R15v3
💰 副業 × 被動收入
🏃‍♂️ 運動 × ✈️ 旅遊
🔥 瘦身 × ✨ 保養分享",想睡又睡不著
14._.caj,陳奧吉,有誰這禮拜也會去將軍吼🙋,2025-09-04 11:41,"📍 台南 INFP｜🏍️ R15v3
💰 副業 × 被動收入
🏃‍♂️ 運動 × ✈️ 旅遊
🔥 瘦身 × ✨ 保養分享",想睡又睡不著
14._.caj,陳奧吉,"有沒有那種常常自己出去玩
然後自己訂房間住的那種人
我需要跟他當朋友
蠻羨慕那種生活一個人出去玩",2025-09-03 23:20,"📍 台南 INFP｜🏍️ R15v3
💰 副業 × 被動收入
🏃‍♂️ 運動 × ✈️ 旅遊
🔥 瘦身 × ✨ 保養分享",想睡又睡不著
14._.caj,陳奧吉,這R15真帥,2025-09-03 21:38,"📍 台南 INFP｜🏍️ R15v3
💰 副業 × 被動收入
🏃‍♂️ 運動 × ✈️ 旅遊
🔥 瘦身 × ✨ 保養分享",想睡又睡不著
14._.caj,陳奧吉,超好笑有幾張根本不像,2025-09-03 21:37,"📍 台南 INFP｜🏍️ R15v3
💰 副業 × 被動收入
🏃‍♂️ 運動 × ✈️ 旅遊
🔥 瘦身 × ✨ 保養分享",想睡又睡不著
14._.caj,陳奧吉,我最堅持的事情就是 吃飯 睡覺 玩手機,2025-09-03 20:58,"📍 台南 INFP｜🏍️ R15v3
💰 副業 × 被動收入
🏃‍♂️ 運動 × ✈️ 旅遊
🔥 瘦身 × ✨ 保養分享",想睡又睡不著
14._.caj,陳奧吉,這首根本國小的回憶,2025-09-03 19:50,"📍 台南 INFP｜🏍️ R15v3
💰 副業 × 被動收入
🏃‍♂️ 運動 × ✈️ 旅遊
🔥 瘦身 × ✨ 保養分享",想睡又睡不著
14._.caj,陳奧吉,"【冷知識】
為什麼體寒的人常常瘦不下來？
很多人以為「運動越多就會越瘦」
👉 體寒+氣虛的人，反而更容易卡住！
📌 體寒 → 代謝慢、血液循環差、脂肪燃燒力下降
📌 過度運動 → 傷氣，大流汗只會讓脾胃更虛
📌 氣虛 → 推不動血，水分囤積成水腫胖
✅ 想瘦該怎麼做？
1️⃣ 先養脾胃、補氣養血
2️⃣ 多吃溫熱食材（薑、紅棗、桂圓、羊肉湯）
3️⃣ 選擇緩和運動（快走、瑜伽、拉筋）
👉 重點：不是動越多越好，而是「先把體質調好，才能真的瘦」。
💬 你覺得自己是「體寒型」嗎？留言告訴我，我來分享改善的方法！",2025-09-03 18:59,"📍 台南 INFP｜🏍️ R15v3
💰 副業 × 被動收入
🏃‍♂️ 運動 × ✈️ 旅遊
🔥 瘦身 × ✨ 保養分享",想睡又睡不著
14._.caj,陳奧吉,"點子 ≠ 成功
執行 = 成功的唯一門票
👉 勇氣開始
👉 韌性撐住
👉 行動累積
有想法的人很多，
做到的人太少。
#創業思維 #個人成長",2025-09-03 03:00,"📍 台南 INFP｜🏍️ R15v3
💰 副業 × 被動收入
🏃‍♂️ 運動 × ✈️ 旅遊
🔥 瘦身 × ✨ 保養分享",想睡又睡不著
14._.caj,陳奧吉,"創業不缺點子，缺的是：
👉 敢踏出第一步的人
👉 能咬牙撐下去的人
👉 願意持續行動的人
💡 點子只值 1 分，
執行才值滿分。",2025-09-03 02:00,"📍 台南 INFP｜🏍️ R15v3
💰 副業 × 被動收入
🏃‍♂️ 運動 × ✈️ 旅遊
🔥 瘦身 × ✨ 保養分享",想睡又睡不著
14._.caj,陳奧吉,"大家以為創業要靠「好點子」。
但真正決定成敗的是：
👉 有沒有勇氣先開始
👉 能不能撐過孤獨期
👉 願不願意每天進步一點
因為
點子人人都有，執行才是稀缺的本事。",2025-09-03 00:59,"📍 台南 INFP｜🏍️ R15v3
💰 副業 × 被動收入
🏃‍♂️ 運動 × ✈️ 旅遊
🔥 瘦身 × ✨ 保養分享",想睡又睡不著
14._.caj,陳奧吉,"分手後做可怕的是
一直有種可以複合的感覺",2025-09-02 23:58,"📍 台南 INFP｜🏍️ R15v3
💰 副業 × 被動收入
🏃‍♂️ 運動 × ✈️ 旅遊
🔥 瘦身 × ✨ 保養分享",想睡又睡不著
14._.caj,陳奧吉,"圈子越小越好，這句話真的很現實。
沒必要為了一些不值得的人和事去勉強自己，更不需要刻意迎合誰。
把時間和精力留給真正值得的人，才是最明智的選擇。",2025-09-02 23:57,"📍 台南 INFP｜🏍️ R15v3
💰 副業 × 被動收入
🏃‍♂️ 運動 × ✈️ 旅遊
🔥 瘦身 × ✨ 保養分享",想睡又睡不著
14._.caj,陳奧吉,"以前一直以為土葬是把遺體放進土裡
然後我爸跟我說那叫埋屍。",2025-09-02 19:10,"📍 台南 INFP｜🏍️ R15v3
💰 副業 × 被動收入
🏃‍♂️ 運動 × ✈️ 旅遊
🔥 瘦身 × ✨ 保養分享",想睡又睡不著
14._.caj,陳奧吉,"✅【冷知識】午餐吃太少，小心晚餐爆卡！
很多人以為：
「中午少吃，晚上更好控制熱量。」
👉 事實剛好相反！
📌 午餐不足 → 身體啟動「食慾補償」
結果晚餐更容易：
•想吃油炸、甜點	
•一口接一口停不下來
•熱量直接翻倍
🧠 為什麼？
大腦討厭能量缺口。午餐太少，血糖跟飽足感不足，大腦就放大慾望 → 晚餐自動暴衝。
✅ 正確吃法：
1️⃣ 午餐要有蛋白質（雞胸、魚、豆腐）
2️⃣ 加一點好油脂（酪梨、堅果、橄欖油）
3️⃣ 配低GI澱粉（糙米、地瓜）
👉 午餐不是省熱量的地方，而是決定你晚上會不會失控的關鍵！
💬 想要我的【減脂午餐菜單】嗎？
留言「減脂」，我傳給你！",2025-09-02 19:00,"📍 台南 INFP｜🏍️ R15v3
💰 副業 × 被動收入
🏃‍♂️ 運動 × ✈️ 旅遊
🔥 瘦身 × ✨ 保養分享",想睡又睡不著
14._.caj,陳奧吉,"為了錢當志願役的話會被說傭兵
那我印象中的傭兵可能都在打掃",2025-09-01 21:33,"📍 台南 INFP｜🏍️ R15v3
💰 副業 × 被動收入
🏃‍♂️ 運動 × ✈️ 旅遊
🔥 瘦身 × ✨ 保養分享",想睡又睡不著
14._.caj,陳奧吉,我現在才知道休學超過一年要從一年級開始讀,2025-09-01 21:27,"📍 台南 INFP｜🏍️ R15v3
💰 副業 × 被動收入
🏃‍♂️ 運動 × ✈️ 旅遊
🔥 瘦身 × ✨ 保養分享",想睡又睡不著
14._.caj,陳奧吉,"看了我朋友夜校的課表
最後一節體育
蠻好奇的為什麼夜校要上體育",2025-09-01 20:58,"📍 台南 INFP｜🏍️ R15v3
💰 副業 × 被動收入
🏃‍♂️ 運動 × ✈️ 旅遊
🔥 瘦身 × ✨ 保養分享",想睡又睡不著
14._.caj,陳奧吉,"18歲是一個坎
過了18歲開始上班之後
感覺體力瞬間下降",2025-09-01 19:44,"📍 台南 INFP｜🏍️ R15v3
💰 副業 × 被動收入
🏃‍♂️ 運動 × ✈️ 旅遊
🔥 瘦身 × ✨ 保養分享",想睡又睡不著
14._.caj,陳奧吉,"🩺【冷知識】膽固醇太低，不代表健康！
很多人聽到「膽固醇高」就嚇到狂降脂，
但其實——膽固醇太低，也很危險⚠️
📌 先搞懂：
✅ 好膽固醇（HDL）＝清道夫，把多餘膽固醇帶回肝臟
❌ 壞膽固醇（LDL）＝過多會卡血管，增加硬化風險
👉 重點是：膽固醇≠越低越好
它還是荷爾蒙、細胞膜、維生素D的「建材」
太低反而會：
•荷爾蒙失衡
•神經功能下降
•出血性中風風險↑
🧠 為什麼？
長期極端低脂、亂節食，身體缺「建材」，很多系統蓋不起來！
✅ 正確看法：
1️⃣ 別只看總膽固醇，要看比例
2️⃣ HDL高、LDL低，才是心血管保護
3️⃣ 飲食均衡，多吃原型食物＋好油脂（橄欖油、深海魚、堅果）
👉 記住：膽固醇不是壞人！
壞膽固醇過高要注意，但總膽固醇過低更要小心。
💬 想知道怎麼吃才不踩「假健康陷阱」？
留言【健康】，我整理給你！",2025-09-01 19:06,"📍 台南 INFP｜🏍️ R15v3
💰 副業 × 被動收入
🏃‍♂️ 運動 × ✈️ 旅遊
🔥 瘦身 × ✨ 保養分享",想睡又睡不著
14._.caj,陳奧吉,"其實你在IG 上看到別人過的多好都沒差
因為那是他們光鮮亮麗的一面
沒有人會把自己過不好的一面給別人看
被別人嘲笑 所以跟自己比就好了",2025-09-01 19:01,"📍 台南 INFP｜🏍️ R15v3
💰 副業 × 被動收入
🏃‍♂️ 運動 × ✈️ 旅遊
🔥 瘦身 × ✨ 保養分享",想睡又睡不著
14._.caj,陳奧吉,"🥶【冷知識】不是高熱量才讓你胖，「冰」也可能是兇手！
很多人夏天愛吃冰，結果小腹、水腫、手腳冰冷，怎麼減都不順。
為什麼？因為脾胃怕冷，吃冰會：
1️⃣ 代謝變慢 → 熱量消耗不掉，容易囤脂肪
2️⃣ 消化力下降 → 食物卡在體內，形成痰濕
3️⃣ 身體更疲倦 → 想吃甜的補能量，惡性循環
📌 長期吃冰 = 代謝下降 + 痰濕堆積 = 更難瘦！
👉 怎麼辦？
✔ 夏天偶爾吃沒關係，但要少量慢慢吃
✔ 吃冰後配溫茶，幫助中和寒氣
✔ 平常多吃溫熱食物，調好脾胃，燃脂才會順
⚡ 想減脂第一步：先讓身體「暖起來」，瘦得更快更穩！
💬 想知道日常飲食怎麼調整更快瘦？
留言【我想瘦】，我分享我的做法給你！",2025-08-30 20:00,"📍 台南 INFP｜🏍️ R15v3
💰 副業 × 被動收入
🏃‍♂️ 運動 × ✈️ 旅遊
🔥 瘦身 × ✨ 保養分享",想睡又睡不著
14._.caj,陳奧吉,"自由，不是不用上班。
自由，是你可以選擇要不要上班。
很多人嘴上說要自由，
但每天還是被工時、薪水綁死。
我印象最深的一次：
放假睡醒，手機一打開，
看到副業的薪水剛好進帳。
那一刻我才明白——
原來自由是可以被創造的。
對我來說，自由就是「選擇權」。
不用為錢煩惱時，才有空間去選自己想要的生活。
👉 如果你也想要這樣的選擇權
留言「創業」或私訊我，我分享給你 🚀",2025-08-30 18:59,"📍 台南 INFP｜🏍️ R15v3
💰 副業 × 被動收入
🏃‍♂️ 運動 × ✈️ 旅遊
🔥 瘦身 × ✨ 保養分享",想睡又睡不著
14._.caj,陳奧吉,現在是台南人都聚集在武聖夜市了嗎！？,2025-08-30 18:53,"📍 台南 INFP｜🏍️ R15v3
💰 副業 × 被動收入
🏃‍♂️ 運動 × ✈️ 旅遊
🔥 瘦身 × ✨ 保養分享",想睡又睡不著
14._.caj,陳奧吉,"那次和朋友一起騎車上武嶺。
沿途拍了超多照片，山頂的風景很震撼。
但回來後，我卻覺得空空的，好像只是在打卡。
直到後來，我換了 3 個方式👇
1️⃣ 出發前先設定「這趟要找的答案」
不是單純去玩，而是帶著問題出發。
2️⃣ 在旅程中，用鏡頭記錄感受
不是隨手拍，而是留下能觸發思考的瞬間。
3️⃣ 回來後，把體驗連結到生活與事業
旅行成了 reset，能量滿格，效率更高。
那次之後，我發現旅行不是逃避，而是加油。
✈️ 如果你明天就能出發，你最想去哪裡？
📩 留言【旅行】
我私訊你「旅行變成 reset 的 5 個小技巧」",2025-08-30 18:08,"📍 台南 INFP｜🏍️ R15v3
💰 副業 × 被動收入
🏃‍♂️ 運動 × ✈️ 旅遊
🔥 瘦身 × ✨ 保養分享",想睡又睡不著
14._.caj,陳奧吉,"朋友：你現在存多少了
我：大概2000w
朋友：太猛了吧
我：還好啦w",2025-08-30 15:32,"📍 台南 INFP｜🏍️ R15v3
💰 副業 × 被動收入
🏃‍♂️ 運動 × ✈️ 旅遊
🔥 瘦身 × ✨ 保養分享",想睡又睡不著
14._.caj,陳奧吉,"18歲以前我還不習慣1.5倍數看劇
18歲後反而正常數度會太慢",2025-08-30 15:26,"📍 台南 INFP｜🏍️ R15v3
💰 副業 × 被動收入
🏃‍♂️ 運動 × ✈️ 旅遊
🔥 瘦身 × ✨ 保養分享",想睡又睡不著
14._.caj,陳奧吉,"這天氣想吃冰 但又不想出門
台南怎麼可以這麼熱",2025-08-30 14:34,"📍 台南 INFP｜🏍️ R15v3
💰 副業 × 被動收入
🏃‍♂️ 運動 × ✈️ 旅遊
🔥 瘦身 × ✨ 保養分享",想睡又睡不著
14._.caj,陳奧吉,"欸不是突然想認識麥當勞的員工
看到有新品之類的就很想吃 有沒有新營的",2025-08-30 13:53,"📍 台南 INFP｜🏍️ R15v3
💰 副業 × 被動收入
🏃‍♂️ 運動 × ✈️ 旅遊
🔥 瘦身 × ✨ 保養分享",想睡又睡不著
14._.caj,陳奧吉,貼心提醒：重複看別人限動是會被發現的,2025-08-30 12:41,"📍 台南 INFP｜🏍️ R15v3
💰 副業 × 被動收入
🏃‍♂️ 運動 × ✈️ 旅遊
🔥 瘦身 × ✨ 保養分享",想睡又睡不著
14._.caj,陳奧吉,"你可以為了生活工作
但你不能因為工作忘了生活",2025-08-29 22:46,"📍 台南 INFP｜🏍️ R15v3
💰 副業 × 被動收入
🏃‍♂️ 運動 × ✈️ 旅遊
🔥 瘦身 × ✨ 保養分享",想睡又睡不著
14._.caj,陳奧吉,"🍫【冷知識】
同樣一塊蛋糕，女生經期前吃更容易胖！
很多女生都覺得經前一週特別容易水腫、體重上升。
其實這不是錯覺，而是「黃體期」的賀爾蒙影響，讓身體更容易囤油。
⚠️ 為什麼？
1️⃣ 胰島素敏感度下降 → 糖分更快轉成脂肪
2️⃣ 血糖上升更快 → 更容易餓、更想吃甜
3️⃣ 結果就是：水腫＋脂肪一起來
✅ 經前一週更聰明的吃法：
✔ 少吃蛋糕、飲料、餅乾這些精緻糖
✔ 換成蛋白質＋低GI澱粉，血糖比較穩
✔ 想吃甜 → 黑巧克力、莓果替代
✔ 運動也能幫助改善胰島素敏感度
👉 重點是：
不是女生意志力差，而是身體本來就更容易囤油。
調整飲食，才能避免經期前後一直胖一圈。
💬 想知道「經期怎麼吃才不復胖」嗎？
留言【想瘦】，我分享飲食方法給你 ✅",2025-08-29 17:00,"📍 台南 INFP｜🏍️ R15v3
💰 副業 × 被動收入
🏃‍♂️ 運動 × ✈️ 旅遊
🔥 瘦身 × ✨ 保養分享",想睡又睡不著
14._.caj,陳奧吉,19歲夢到跟以前同學借車車禍怎麼解,2025-08-29 12:20,"📍 台南 INFP｜🏍️ R15v3
💰 副業 × 被動收入
🏃‍♂️ 運動 × ✈️ 旅遊
🔥 瘦身 × ✨ 保養分享",想睡又睡不著
14._.caj,陳奧吉,"🚀 讓自己變成【高價值人才】的7個方法
想被看重、收入提升？
靠的不是加班，而是「提升價值」。
1️⃣ 持續學習 —— 永遠有新觀點
2️⃣ 解決問題 —— 帶方案而不是抱怨
3️⃣ 情緒管理 —— 穩定心態才有領導力
4️⃣ 高效行動 —— 規劃＋執行，不拖延
5️⃣ 溝通影響力 —— 會表達，也會聆聽
6️⃣ 建立人脈 —— 借力使力，不必單打獨鬥
7️⃣ 結果導向 —— 專注成果，而非辛苦過程
💡 當你累積「不可取代性」，價值就會被看見。
👉 想打造副業、提升價值？
留言「自由」，我分享我們的 Balance 系統 🚀
#創業思維 #個人成長 #賺錢思維",2025-08-29 08:00,"📍 台南 INFP｜🏍️ R15v3
💰 副業 × 被動收入
🏃‍♂️ 運動 × ✈️ 旅遊
🔥 瘦身 × ✨ 保養分享",想睡又睡不著
14._.caj,陳奧吉,"【冷知識】
大便不順 = 瘦不下來？💩
很多人以為減肥就是「少吃多動」，但其實腸道才是真正的減脂開關！
⚠️ 便秘為什麼會卡住減肥？
1️⃣ 壞菌多 → 毒素累積，身體自保更難燃脂
2️⃣ 代謝低 → 吸收亂掉，就算少吃也不瘦
3️⃣ 循環差 → 水腫、小腹鼓、臉也容易腫
✅ 想腸道順、瘦更快：
✔ 每天 5 份蔬菜＋2 份水果
✔ 體重 × 30ml 的水
✔ 多吃優格、泡菜等好菌食物
✔ 少糖、少炸物，避免腸道發炎
✔ 運動＋固定排便習慣
👉 減脂黃金法則：
先排便順暢，再加速燃脂！🔥
💬 想知道我平常的「腸道順暢小配方」嗎？
留言【順暢】，我分享給你 ✨",2025-08-28 21:43,"📍 台南 INFP｜🏍️ R15v3
💰 副業 × 被動收入
🏃‍♂️ 運動 × ✈️ 旅遊
🔥 瘦身 × ✨ 保養分享",想睡又睡不著
14._.caj,陳奧吉,"在嗎
這句話看起來有點禮貌
但我看到第一個想法絕對沒好事",2025-08-28 15:37,"📍 台南 INFP｜🏍️ R15v3
💰 副業 × 被動收入
🏃‍♂️ 運動 × ✈️ 旅遊
🔥 瘦身 × ✨ 保養分享",想睡又睡不著
14._.caj,陳奧吉,"你們身邊一定有一種朋友
雖然長得普普
但是身邊女生一堆",2025-08-28 07:18,"📍 台南 INFP｜🏍️ R15v3
💰 副業 × 被動收入
🏃‍♂️ 運動 × ✈️ 旅遊
🔥 瘦身 × ✨ 保養分享",想睡又睡不著
9ixuoe_,小綺.,"睡不著的夜晚經常
內耗自己 一直在焦慮 一直想有的沒的
我真的很矛盾我明明是很清醒的一個人
看什麼都非常透徹 卻總是在深夜裡迷失了自己
我或許知道自己想要什麼但我又不知道我得不到什麼
一直反反覆覆矛盾的糾結為什麼 
我得不到我想要的 是我的問題嗎
可為什麼別人輕而易舉得到的 到我這裡就成了最困難的
或許比起擁有 失去才更適合我",2025-07-31 12:08,,想睡又睡不著
9ixuoe_,小綺.,"謝謝我的男孩 我們距離30km 你會願意跑來找我
30分鐘的車程 只為了見短短的一面.
主動公開我 時刻想著我 規劃好出門玩的行程知道我會亂想 都會用行動證明你對我的愛問你在幹嘛有時候也會直接拍照片給我看
忙跟愛不衝突 在忙都會抽出一點時間來給我實際的陪伴 不需要我開口 你就會來找我 把我隨口一說的話放在心上 讓我知道原來你都記在心裡 要的很簡單好好對我 待我如初 就算吃路邊攤我也甘願20塊錢的泡麵我也願意 兩個人在一起不就是一起成長彼此相互幫助 不在原地踏步 而是為兩個人的生活越變越好 要是覺得虧待我 那就等我們兩個人都很有錢了你再彌補彌補我 給我買我喜歡的好吃的 要的不多你在我身邊就夠了 同時別忘了我們剛在一起的初衷也別忘了這段時間我陪著你走過這麼艱苦的日子 別虧待我 別再對不起我 多心疼我 也多理解我 我是你的愛人 不是你的仇人 我理解你的不易 但你別把我對你的付出當作理所當然 辜負我 你要在遇到像我這樣子那麼傻的女孩很困難 想要有以後有未來 做事就該先想想後果 不是等做了才在懊悔",2025-07-30 22:56,,想睡又睡不著
9ixuoe_,小綺.,分手後 詆毀前任的都是垃圾🗑️,2025-07-30 22:53,,想睡又睡不著
koukou.0915,妍妍,"騙人的
我不知道聽幾遍了⋯⋯",2025-12-05 02:34,抒發心情,想睡又睡不著
koukou.0915,妍妍,"昨天基本沒睡
現在1:55
我還是醒著
這種精神力是…..
這是生病了嗎？",2025-12-05 01:56,抒發心情,想睡又睡不著
koukou.0915,妍妍,"有高雄女生也在失戀
想要一起陪伴走出來的嗎？
可以一起過聖誕節、跨年、生日的
想找能一起陪伴的閨蜜
有人想一起互相了解看看的嗎？",2025-12-04 23:50,抒發心情,想睡又睡不著
koukou.0915,妍妍,"高雄有推薦算命的地方嗎？
想算看看
有那很準的地方嗎？",2025-12-04 22:33,抒發心情,想睡又睡不著
koukou.0915,妍妍,"昨天基本沒睡
現在有點發燒….
我要何時才能讓自己
睡好覺呢？",2025-12-04 21:40,抒發心情,想睡又睡不著
koukou.0915,妍妍,"有人的狗狗也有腳韌帶斷掉的經驗
可以分享一下處理方式嗎？",2025-12-04 20:23,抒發心情,想睡又睡不著
koukou.0915,妍妍,"今天看到有人發
他丟下了一個滿眼的是他的人
才發現其實需要她
我曾經也有一個
我滿眼都是他的人
但他丟下我了
他應該不會感到後悔他其實需要我
因為他的個性脾氣很硬
他寧可過回爛日子吧！
就去吧…",2025-12-04 01:10,抒發心情,想睡又睡不著
koukou.0915,妍妍,"第一次出國
想參加自由團
算獨旅嗎？
有推薦新手出國散心的地方嗎？
還是有人參加過遊輪的
能分享心得嗎？推薦去嗎？",2025-12-03 22:44,抒發心情,想睡又睡不著
koukou.0915,妍妍,"有高雄女生也在失戀
想要一起陪伴走出來的嗎？
可以一起過聖誕節、跨年、生日的
想找能一起陪伴的閨蜜
有人想一起互相了解看看的嗎？",2025-12-03 22:18,抒發心情,想睡又睡不著
koukou.0915,妍妍,"有人因為
自己的絕情
而後悔過的經歷嗎？
可以分享看看嗎？
尤其處女座的朋友有能分享的嗎？",2025-12-03 18:47,抒發心情,想睡又睡不著
koukou.0915,妍妍,"哭到眼睛好痛
哭累了真的會好睡覺嗎……
我2個月沒睡好了🥹🥹🥹🥹",2025-12-03 02:11,抒發心情,想睡又睡不著
koukou.0915,妍妍,不爭氣的眼淚又流下來了,2025-12-02 23:17,抒發心情,想睡又睡不著
koukou.0915,妍妍,"每天不好睡著
睡醒後情緒又不好
我該怎辦…..",2025-12-02 13:33,抒發心情,想睡又睡不著
koukou.0915,妍妍,"心
還是空空的…..",2025-12-02 12:40,抒發心情,想睡又睡不著
koukou.0915,妍妍,"有高雄女生朋友
想一起過聖誕節、跨年的嗎？
不想去太熱鬧的地方
一起吃飯，然後看能去哪一起陪伴
2-3個人一起也可以
羨慕有閨蜜的女生
我也想要",2025-12-02 11:47,抒發心情,想睡又睡不著
koukou.0915,妍妍,如果葵葵還在是否也會這樣,2025-12-02 01:42,抒發心情,想睡又睡不著
koukou.0915,妍妍,"有人也因為失眠困擾的嗎
除了吃安眠藥還有什麼方式嗎？
我已經有2個月沒睡好了吧…..",2025-12-01 02:28,抒發心情,想睡又睡不著
koukou.0915,妍妍,"我又在哭了
有人可以跟我說話嗎",2025-12-01 01:59,抒發心情,想睡又睡不著
koukou.0915,妍妍,"每次就是半夜情緒開始不好
然後就是無法睡覺
已經2個月沒好好睡覺了
我又想哭了",2025-12-01 01:35,抒發心情,想睡又睡不著
koukou.0915,妍妍,"逼自己出門
但眼淚一直流下來",2025-11-30 20:03,抒發心情,想睡又睡不著
koukou.0915,妍妍,"現在的中年男人都這樣嗎？
這裡其實很多嘴很臭的
也很多愛嘴人的
來這找樂趣嗎？
做人善良點
￼你看不過就閉嘴就好
沒必要嘴人吧⋯⋯
每個人有每個人想要的
我爽就好，不用你嘴我
直接封鎖￼慢走不送",2025-11-30 17:04,抒發心情,想睡又睡不著
koukou.0915,妍妍,"想找人陪伴渡過低潮
很難嗎？
我高雄，誰能一起陪伴渡過
我40歲
拜託只想找至少聊的來的",2025-11-30 14:57,抒發心情,想睡又睡不著
koukou.0915,妍妍,"睡醒就是想躺沙發
哪都不想去…..
Emo的情緒還要持續多久呢",2025-11-30 13:51,抒發心情,想睡又睡不著
koukou.0915,妍妍,"找個高雄人
一起度過聖誕節、跨年、生日
互相陪伴、吃飯
希望是能同頻率能聊的來的人
陪我走過低潮
年齡希望不要跟我差太多
我40歲….",2025-11-30 05:05,抒發心情,想睡又睡不著
koukou.0915,妍妍,"不想封閉自己的心
所以想找人說話
可是聊的上的在哪
聊天也是需要頻率對的上….
講話可以想過在說出口嗎？
我說我沒朋友
居然問怎沒朋友呢….
還有一開口就一直問傷心事的",2025-11-30 00:59,抒發心情,想睡又睡不著
koukou.0915,妍妍,"有人要聊天的嗎
男女都可以
很怕自己等下又哭了",2025-11-29 23:43,抒發心情,想睡又睡不著
koukou.0915,妍妍,"高雄有人想
一起過聖誕節、跨年、生日的嗎
就單純一起吃飯、陪伴
在這節日讓自己不孤單
男女都可以",2025-11-29 20:39,抒發心情,想睡又睡不著
koukou.0915,妍妍,"找個人能接住我情緒的人
能陪我走出來的人
男女都可以
一個人好難過
睡醒情緒都很低弱",2025-11-29 14:26,抒發心情,想睡又睡不著
koukou.0915,妍妍,"想找個人
能接住我現在的狀態
情緒好了好幾天
今天又崩潰了
有人能幫我嗎",2025-11-29 01:45,抒發心情,想睡又睡不著
koukou.0915,妍妍,"找一個能互相聊天的人
歡迎試試是否同頻率",2025-11-28 23:34,抒發心情,想睡又睡不著
koukou.0915,妍妍,"有點
鬱悶😒",2025-11-28 22:36,抒發心情,想睡又睡不著
koukou.0915,妍妍,"在發一次
都說下一個更好
但現在心空了
找人填滿可以嗎？
高雄40歲、女
有人想填滿我的心嗎？
非正妹，看顏值的不用敲喔
超過42的也請轉彎
只找高雄的
沒有規定發文一定要回覆
不要惱羞嗆人，直接封鎖
拜託不要來亂
我只會更封閉自己",2025-11-28 21:43,抒發心情,想睡又睡不著
koukou.0915,妍妍,"他都要50了
還在為了自己喜歡的音樂努力
羨慕能一直做著自己喜愛的事業",2025-11-28 20:08,抒發心情,想睡又睡不著
koukou.0915,妍妍,"今天跑去高雄武廟祭改
然後拜月老求正緣
希望有效果
然後買的好運香水也寄來了
希望我能有好運降臨",2025-11-28 20:01,抒發心情,想睡又睡不著
koukou.0915,妍妍,"舉個例
40歲有存款100萬
卻因為傷心❤️‍🩹
在家躺著療傷
是一件～～～？？
如果是你會如何呢？",2025-11-28 03:55,抒發心情,想睡又睡不著
koukou.0915,妍妍,你們覺得呢,2025-11-28 02:25,抒發心情,想睡又睡不著
koukou.0915,妍妍,她說的很實在,2025-11-28 01:49,抒發心情,想睡又睡不著
koukou.0915,妍妍,"我因為傷心難過
有跟媽媽求救
她說會陪我走出來
說可以陪我出去走走
可是她還是每天在忙她的工作
我還是每天關在房間裡面
每天在哭
每天一個餐吃好久才吃完
每天還是無法睡的好
所以傷口好的很慢
想找個人陪我走出來
但應該不會有這個人
人終究只能自己堅強嗎？",2025-11-27 23:54,抒發心情,想睡又睡不著
koukou.0915,妍妍,"剛遇到一個人說
距離不是問題
有心才是最重要的
那我問，我正在崩潰大哭
你能多久到啊！
我為什麼要找一個距離不是那麼近的人啊
在我這距離就是很大的問題
所以我只想找高雄的….",2025-11-27 22:32,抒發心情,想睡又睡不著
koukou.0915,妍妍,"都說下一個更好
但現在心空了
找人填滿可以嗎？
高雄40歲、女
有人想填滿我的心嗎？
非正妹，看顏值的不用敲喔
超過42的也請轉彎
只找高雄的
沒有規定發文一定要回覆
不要惱羞嗆人，直接封鎖
拜託不要來亂
我只會更封閉自己",2025-11-27 22:24,抒發心情,想睡又睡不著
koukou.0915,妍妍,"有人要聊天嗎
心好空",2025-11-27 20:35,抒發心情,想睡又睡不著
koukou.0915,妍妍,"1.能接住我脾氣的人
2.滿眼都是我的人
3.不要是老氣，過胖，比我矮
4.寵我、疼我、讓我
5.不要有負債，房貸可以
6.出去不是都AA
7.穩定工作，自己住
8.喜歡貓貓狗狗的
9.喜歡黏我、照顧我、管我的
10.有車最好，能一起出遊
11.不離不棄的，陪伴到老的伴
12.吵架會哄我的
以上條件會很嚴苛嗎？
想去拜月老的給月老牽線的條件🤭🤭",2025-11-27 20:07,抒發心情,想睡又睡不著
koukou.0915,妍妍,"我在他沒錢的時候跟了他
但他也在還沒有錢時
就先丟下我了
誰能懂我的感受",2025-11-27 19:42,抒發心情,想睡又睡不著
koukou.0915,妍妍,"有女生朋友
也是半夜睡不著
希望有人說話的嗎？
可以一起陪伴",2025-11-27 15:27,抒發心情,想睡又睡不著
koukou.0915,妍妍,"有人都半夜睡不著
還想找人聊天的
可以找我
我需要人聊天分開注意力
心情才會舒服點",2025-11-27 01:27,抒發心情,想睡又睡不著
koukou.0915,妍妍,"蘋果手機好容易過熱
無法充電喔🔋😒😒",2025-11-27 01:06,抒發心情,想睡又睡不著
koukou.0915,妍妍,"有女生需要陪伴
一起聊天的嗎？
我需要人跟我說話
我❤️‍🩹受傷中
有人一樣需要一起療傷的嗎？",2025-11-26 20:45,抒發心情,想睡又睡不著
koukou.0915,妍妍,"這是好運的開始嗎
看到很多人中更多的說…..",2025-11-26 03:06,抒發心情,想睡又睡不著
koukou.0915,妍妍,"心情不好
看到滿滿的回憶HOT
舒壓了一下
有人也是這樣嗎？",2025-11-26 01:28,抒發心情,想睡又睡不著
koukou.0915,妍妍,"滿滿都是HOT
滿滿的回憶
青春回來了",2025-11-25 21:36,抒發心情,想睡又睡不著
koukou.0915,妍妍,他們年紀其實不小了，還在為了喜愛的音樂在表演，真羨慕,2025-11-25 21:18,抒發心情,想睡又睡不著
koukou.0915,妍妍,"小時候追過的HOT😍😍
CD沒意外全買了
也都還在
滿滿回憶",2025-11-25 18:14,抒發心情,想睡又睡不著
koukou.0915,妍妍,"大家有宗教信仰嗎？
最近我想花錢改運
看能不能走出陰霾
如果花錢能有效果
我想試看看
打算去武廟祭改
也有買了好運香水跟改運的
能做的我都想試試
也想求個正緣",2025-11-24 22:36,抒發心情,想睡又睡不著
koukou.0915,妍妍,"facebook.com/share…
高雄有人想開車出遊的嗎？
能搭便車一起嗎？",2025-11-24 21:15,抒發心情,想睡又睡不著
koukou.0915,妍妍,"近期高雄有人
想開車出遊
能一起順帶我跟我媽媽跟一隻貴賓
一起出遊的嗎？
去墾丁或是露營區的
希望能找到伴一起出遊
都可以商量",2025-11-24 20:28,抒發心情,想睡又睡不著
koukou.0915,妍妍,"有女生也在低谷低弱沒伴的
要一起互相鼓勵陪伴站起來的嗎？
一個人覺得孤單…
不想一直獨自堅強
想要有個能說話的伴",2025-11-23 23:39,抒發心情,想睡又睡不著
koukou.0915,妍妍,"昨天發了一篇文
居然好多人回覆
謝謝各位",2025-11-22 16:05,抒發心情,想睡又睡不著
koukou.0915,妍妍,"想問問大家
跌到谷底的時候
都如何爬起來的
目前什麼都做不了
正在谷底",2025-11-21 18:37,抒發心情,想睡又睡不著
ly._0805,胡言亂妤ʢᴗ.ᴗʡᶻ,今天是全體失眠日嗎 為什麼大家都睡不著,2025-09-01 01:10,"dislike imperfections, yet I'm",想睡又睡不著
ly._0805,胡言亂妤ʢᴗ.ᴗʡᶻ,"忘勺花生日倒數2天 好好好
不管我有沒有算錯反正
@5ancxx
@5ancxx
祝妳兩天後生日快樂",2025-08-31 20:41,"dislike imperfections, yet I'm",想睡又睡不著
ly._0805,胡言亂妤ʢᴗ.ᴗʡᶻ,好喜歡,2025-08-31 01:53,"dislike imperfections, yet I'm",想睡又睡不著
ly._0805,胡言亂妤ʢᴗ.ᴗʡᶻ,"被妳發出來我很開心喔
@5ancxx
@5ancxx",2025-08-30 21:44,"dislike imperfections, yet I'm",想睡又睡不著
ly._0805,胡言亂妤ʢᴗ.ᴗʡᶻ,欸我開學會多喝水喔 要監督我,2025-08-30 20:34,"dislike imperfections, yet I'm",想睡又睡不著
ly._0805,胡言亂妤ʢᴗ.ᴗʡᶻ,"小丸子生日倒數2天
@5ancxx
@5ancxx
祝妳兩天後生日快樂",2025-08-30 19:23,"dislike imperfections, yet I'm",想睡又睡不著
ly._0805,胡言亂妤ʢᴗ.ᴗʡᶻ,明天要放dump了,2025-08-30 19:22,"dislike imperfections, yet I'm",想睡又睡不著
ly._0805,胡言亂妤ʢᴗ.ᴗʡᶻ,"忘勺花生日倒數3天
@5ancxx
@5ancxx
祝妳三天後生日快樂",2025-08-30 03:55,"dislike imperfections, yet I'm",想睡又睡不著
ly._0805,胡言亂妤ʢᴗ.ᴗʡᶻ,我就是這麼可愛（自己說,2025-08-30 00:33,"dislike imperfections, yet I'm",想睡又睡不著
ly._0805,胡言亂妤ʢᴗ.ᴗʡᶻ,"王小丸生日倒數4天
@5ancxx
@5ancxx
祝妳四天後生日快樂",2025-08-29 02:57,"dislike imperfections, yet I'm",想睡又睡不著
ly._0805,胡言亂妤ʢᴗ.ᴗʡᶻ,"我跟你們說 不要過七夕
七夕就是 牛郎 那個臭變態 趁仙女洗澡的時候偷走她的衣服 把仙女拐回家生小孩 仙女過了好久才得救的
所以我們不要過七夕 
大七夕大失敗",2025-08-29 02:43,"dislike imperfections, yet I'm",想睡又睡不著
ly._0805,胡言亂妤ʢᴗ.ᴗʡᶻ,"學校午餐雖然沒有很好吃 
但我可以吃很多吃到爽
但體育課排下午第一節
不就代表我中午不能吃很多吃到飽嗎
有夠反人性的啦 
下午第一節就不應該排體育課",2025-08-27 21:07,"dislike imperfections, yet I'm",想睡又睡不著
ly._0805,胡言亂妤ʢᴗ.ᴗʡᶻ,我好餓喔,2025-08-27 21:06,"dislike imperfections, yet I'm",想睡又睡不著
ly._0805,胡言亂妤ʢᴗ.ᴗʡᶻ,@lyy._0312 一定喜歡這個,2025-08-26 21:35,"dislike imperfections, yet I'm",想睡又睡不著
ly._0805,胡言亂妤ʢᴗ.ᴗʡᶻ,"我有一個都會莫名其妙轉發我的文的朋友我艾特在這了
@nii_6yuz
@nii_6yuz",2025-08-26 18:30,"dislike imperfections, yet I'm",想睡又睡不著
ly._0805,胡言亂妤ʢᴗ.ᴗʡᶻ,留友看🥰,2025-08-26 18:21,"dislike imperfections, yet I'm",想睡又睡不著
ly._0805,胡言亂妤ʢᴗ.ᴗʡᶻ,這個禮拜心情都不會很好 因為要開學了,2025-08-26 18:16,"dislike imperfections, yet I'm",想睡又睡不著
ly._0805,胡言亂妤ʢᴗ.ᴗʡᶻ,"@nii_6yuz
@nii_6yuz
妳@我的那些文裡面真的沒有一篇是我喜歡的🙄💅",2025-08-26 02:30,"dislike imperfections, yet I'm",想睡又睡不著
ly._0805,胡言亂妤ʢᴗ.ᴗʡᶻ,有一種好無聊不知道做什麼的感覺,2025-08-25 23:03,"dislike imperfections, yet I'm",想睡又睡不著
ly._0805,胡言亂妤ʢᴗ.ᴗʡᶻ,我兩天沒發了大家有想我嗎🫦,2025-08-25 22:16,"dislike imperfections, yet I'm",想睡又睡不著
ly._0805,胡言亂妤ʢᴗ.ᴗʡᶻ,"喜報 恭喜大家
被我恭喜到了",2025-08-23 23:00,"dislike imperfections, yet I'm",想睡又睡不著
ly._0805,胡言亂妤ʢᴗ.ᴗʡᶻ,我想要我頭髮卷卷的 現在直直的感覺有點無聊,2025-08-23 19:26,"dislike imperfections, yet I'm",想睡又睡不著
ly._0805,胡言亂妤ʢᴗ.ᴗʡᶻ,不要開學,2025-08-23 16:52,"dislike imperfections, yet I'm",想睡又睡不著
ly._0805,胡言亂妤ʢᴗ.ᴗʡᶻ,"跟朋友們去夜市 然後我想吃的東西在排隊 而且排很長排很久 五分鐘十分鐘吧 很怕大家排到覺得很累很煩 但回頭一看大家都在陪我等 也沒有人不耐煩 就不知道為什麼覺得很開心
以後還跟你們出去",2025-08-23 02:00,"dislike imperfections, yet I'm",想睡又睡不著
ly._0805,胡言亂妤ʢᴗ.ᴗʡᶻ,這我。,2025-08-22 05:06,"dislike imperfections, yet I'm",想睡又睡不著
ly._0805,胡言亂妤ʢᴗ.ᴗʡᶻ,我很需要,2025-08-22 01:02,"dislike imperfections, yet I'm",想睡又睡不著
ly._0805,胡言亂妤ʢᴗ.ᴗʡᶻ,"不是啊可是我如果一次只@一個人
妳們又會說我偏心了💔",2025-08-20 20:28,"dislike imperfections, yet I'm",想睡又睡不著
ly._0805,胡言亂妤ʢᴗ.ᴗʡᶻ,把脆當尋人啟事在發,2025-08-20 20:17,"dislike imperfections, yet I'm",想睡又睡不著
ly._0805,胡言亂妤ʢᴗ.ᴗʡᶻ,"@hakyu8_
@hakyu8_
想妳了",2025-08-20 20:16,"dislike imperfections, yet I'm",想睡又睡不著
ly._0805,胡言亂妤ʢᴗ.ᴗʡᶻ,"@c.yuun_
@c.yuun_
想妳了",2025-08-20 20:16,"dislike imperfections, yet I'm",想睡又睡不著
ly._0805,胡言亂妤ʢᴗ.ᴗʡᶻ,@lyy._0312 想妳了,2025-08-20 20:15,"dislike imperfections, yet I'm",想睡又睡不著
ly._0805,胡言亂妤ʢᴗ.ᴗʡᶻ,"@nii_6yuz
@nii_6yuz
想妳了",2025-08-20 20:15,"dislike imperfections, yet I'm",想睡又睡不著
ly._0805,胡言亂妤ʢᴗ.ᴗʡᶻ,"@5ancxx
@5ancxx
想妳了",2025-08-20 20:15,"dislike imperfections, yet I'm",想睡又睡不著
ly._0805,胡言亂妤ʢᴗ.ᴗʡᶻ,"欸不行我越想越難過
抖音一百六十天的火花他說斷就斷
直接把我刪好友然後封鎖
傳說好不容易15級的親密關係
說刪就刪 啊花幾乎都是我送的
然後就這樣把我全部都封鎖 越想越難過欸
而且重點是 之前明明約好 不管吵架吵到怎麼樣
最多只能封鎖兩個
結果他全部封鎖
還在限動便利貼罵我
幹",2025-08-20 20:14,"dislike imperfections, yet I'm",想睡又睡不著
ly._0805,胡言亂妤ʢᴗ.ᴗʡᶻ,氣血不足 虛,2025-08-20 05:07,"dislike imperfections, yet I'm",想睡又睡不著
ly._0805,胡言亂妤ʢᴗ.ᴗʡᶻ,肯德基的青花椒很好吃,2025-08-20 00:31,"dislike imperfections, yet I'm",想睡又睡不著
ly._0805,胡言亂妤ʢᴗ.ᴗʡᶻ,@lyy._0312 妳在幹嘛,2025-08-19 23:08,"dislike imperfections, yet I'm",想睡又睡不著
ly._0805,胡言亂妤ʢᴗ.ᴗʡᶻ,"@nii_6yuz
@nii_6yuz
妳在幹嘛",2025-08-19 23:08,"dislike imperfections, yet I'm",想睡又睡不著
ly._0805,胡言亂妤ʢᴗ.ᴗʡᶻ,"@5ancxx
@5ancxx
妳在幹嘛",2025-08-19 23:08,"dislike imperfections, yet I'm",想睡又睡不著
ly._0805,胡言亂妤ʢᴗ.ᴗʡᶻ,我討厭你,2025-08-19 06:18,"dislike imperfections, yet I'm",想睡又睡不著
ly._0805,胡言亂妤ʢᴗ.ᴗʡᶻ,大小姐駕到 通通閃開,2025-08-18 19:46,"dislike imperfections, yet I'm",想睡又睡不著
ly._0805,胡言亂妤ʢᴗ.ᴗʡᶻ,"@5ancxx
@5ancxx
快去睡覺",2025-08-18 02:18,"dislike imperfections, yet I'm",想睡又睡不著
ly._0805,胡言亂妤ʢᴗ.ᴗʡᶻ,欸幹。為什麼有啦。,2025-08-18 01:15,"dislike imperfections, yet I'm",想睡又睡不著
yuchen_1211,育辰🌰,"告訴大家一件事
其實半夜睡不著是因為
你所在的人類睡覺伺服器滿了
只有等其他人睡醒之後才會有空位讓自己入睡
這個時候可以打電話叫醒一個朋友
自己就可以睡著了",2025-11-14 00:40,더 좋을거야。🤍,想睡又睡不著
yuchen_1211,育辰🌰,「 你要找的 是一個可以陪你慢慢走的人 」,2025-11-14 00:31,더 좋을거야。🤍,想睡又睡不著
yuchen_1211,育辰🌰,"有追星才知道
原來看著自己喜歡的人
是會不自覺笑的",2025-11-13 18:42,더 좋을거야。🤍,想睡又睡不著
yuchen_1211,育辰🌰,"給妳一個建議：
「想要快樂 就不要太關注別人」",2025-11-13 14:54,더 좋을거야。🤍,想睡又睡不著
yuchen_1211,育辰🌰,又快到了可以用超冰的手去抓別人脖子的季節,2025-11-13 14:27,더 좋을거야。🤍,想睡又睡不著
yuchen_1211,育辰🌰,"⠀⠀ ⠀
⠀
⠀
 ⠀ 今年已經莫名其妙的過去了11個月
 ⠀ 
⠀ 
⠀",2025-11-13 08:53,더 좋을거야。🤍,想睡又睡不著
yuchen_1211,育辰🌰,"7:48  陌生人 早安
正在讀這句話的人 今天會發生一件好事",2025-11-13 07:47,더 좋을거야。🤍,想睡又睡不著
yuchen_1211,育辰🌰,認真覺得我這種死人作息能活到現在很屌,2025-11-13 01:20,더 좋을거야。🤍,想睡又睡不著
yuchen_1211,育辰🌰,「難過這個東西，很難，但會過。」,2025-11-13 01:02,더 좋을거야。🤍,想睡又睡不著
yuchen_1211,育辰🌰,現在的我  聽歌已經算是生理需求了,2025-11-13 00:19,더 좋을거야。🤍,想睡又睡不著
yuchen_1211,育辰🌰,"其實
「沒有回不了的訊息，只有不想回的人。」",2025-11-12 21:58,더 좋을거야。🤍,想睡又睡不著
yuchen_1211,育辰🌰,「很多人對你感興趣，卻沒有人堅定選擇你。」,2025-11-12 21:20,더 좋을거야。🤍,想睡又睡不著
yuchen_1211,育辰🌰,"當你不再對某人有情感依附時，你會發現他們其實很普通。
是你的愛與能量讓他們顯得如此特別。",2025-11-12 21:00,더 좋을거야。🤍,想睡又睡不著
yuchen_1211,育辰🌰,長大後覺得最珍貴的寶物是：睡覺,2025-11-12 17:52,더 좋을거야。🤍,想睡又睡不著
yuchen_1211,育辰🌰,「某些人存在就是在提醒你不要成為那樣的人。」,2025-11-11 16:08,더 좋을거야。🤍,想睡又睡不著
yuchen_1211,育辰🌰,"⠀⠀ ⠀
⠀
⠀
⠀ 其實我是想睡覺的 但感覺睡覺會很虧
⠀
⠀
⠀",2025-11-11 15:58,더 좋을거야。🤍,想睡又睡不著
yuchen_1211,育辰🌰,看自己以前的限動都覺得超尷尬,2025-11-11 09:27,더 좋을거야。🤍,想睡又睡不著
yuchen_1211,育辰🌰,"大家真的要多小心半夜十二點
它可是一瞬間就會變成凌晨三點的喔",2025-11-11 02:55,더 좋을거야。🤍,想睡又睡不著
yuchen_1211,育辰🌰,"別人半夜腦袋不清楚：開始找吃的
我半夜腦袋不清楚：",2025-11-11 02:48,더 좋을거야。🤍,想睡又睡不著
yuchen_1211,育辰🌰,"滑threads的一個好處就是
總有那麼一些人能準確表達出你一直表達不出來的想法",2025-11-11 01:06,더 좋을거야。🤍,想睡又睡不著
yuchen_1211,育辰🌰,"⠀
⠀⠀
⠀⠀
 受到熬夜影響 明天停止上班上課
⠀
⠀
⠀",2025-11-11 00:00,더 좋을거야。🤍,想睡又睡不著
yuchen_1211,育辰🌰,以為冬天要來了 結果是颱風,2025-11-10 17:17,더 좋을거야。🤍,想睡又睡不著
yuchen_1211,育辰🌰,"Good Goods pizza & cafe
高雄很紅的披薩店 質感工業風
披薩是真的好吃！",2025-11-10 17:06,더 좋을거야。🤍,想睡又睡不著
yuchen_1211,育辰🌰,"我自行宣布
第一屆《工作中發生過最蠢的事》大賽
正式開始
選手如下：",2025-11-10 11:12,더 좋을거야。🤍,想睡又睡不著
yuchen_1211,育辰🌰,”妳應該要去愛一個永遠對妳有空的人“,2025-11-10 01:58,더 좋을거야。🤍,想睡又睡不著
yuchen_1211,育辰🌰,看海是最低成本的治癒方式,2025-11-10 00:17,더 좋을거야。🤍,想睡又睡不著
yuchen_1211,育辰🌰,"到底是怎麼做到明明很累
卻還不想睡覺的賤人",2025-11-09 23:33,더 좋을거야。🤍,想睡又睡不著
yuchen_1211,育辰🌰,跟大家分享一下我的童年,2025-11-09 23:15,더 좋을거야。🤍,想睡又睡不著
yuchen_1211,育辰🌰,冷知識：你看不懂的便利貼 就不是發給你看的,2025-11-09 20:33,더 좋을거야。🤍,想睡又睡不著
yuchen_1211,育辰🌰,"有些朋友
只要和他在一起
什麼東西都能很好笑",2025-11-09 19:51,더 좋을거야。🤍,想睡又睡不著
yuchen_1211,育辰🌰,"冷知識：
追星人不一定有錢但我們一定很敢花",2025-11-09 17:58,더 좋을거야。🤍,想睡又睡不著
yuchen_1211,育辰🌰,我的省錢方法：把那一餐睡掉,2025-11-09 08:19,더 좋을거야。🤍,想睡又睡不著
yuchen_1211,育辰🌰,"⠀
⠀⠀
⠀⠀
 通常私生活乾淨的人
作息
都非常亂
⠀
⠀
⠀",2025-11-08 22:35,더 좋을거야。🤍,想睡又睡不著
yuchen_1211,育辰🌰,身邊一定有朋友講到關鍵字的時候就開始唱歌了,2025-11-08 20:19,더 좋을거야。🤍,想睡又睡不著
yuchen_1211,育辰🌰,"⠀
⠀⠀
⠀⠀
 會容貌焦慮就是有那些嘴賤的人
⠀
⠀
⠀",2025-11-08 19:39,더 좋을거야。🤍,想睡又睡不著
yuchen_1211,育辰🌰,"⠀
⠀⠀
⠀⠀
真正厲害的 是生在台灣鼻子還不會過敏的人
⠀
⠀
⠀",2025-11-08 12:33,더 좋을거야。🤍,想睡又睡不著
yuchen_1211,育辰🌰,"追星的意義：
「在這支離破碎的世界裡，他們是照亮我唯一的那道光」",2025-11-08 08:51,더 좋을거야。🤍,想睡又睡不著
yuchen_1211,育辰🌰,"好喜歡熬夜 也喜歡睡覺
兩個都好喜歡 好渣",2025-11-08 00:38,더 좋을거야。🤍,想睡又睡不著
yuchen_1211,育辰🌰,"冷知識：
他如果喜歡你，他會比你主動十倍。",2025-11-07 23:47,더 좋을거야。🤍,想睡又睡不著
yuchen_1211,育辰🌰,ig沒訊息回的人通常都在滑脆,2025-11-07 23:03,더 좋을거야。🤍,想睡又睡不著
yuchen_1211,育辰🌰,"跟朋友講別人八卦一定發生的對話
：給你看他IG
：好
：那你不要按到愛心喔",2025-11-07 19:32,더 좋을거야。🤍,想睡又睡不著
yuchen_1211,育辰🌰,"⠀
⠀⠀
⠀⠀
有人相愛 有人夜裡看海 有人十個鬧鐘醒不來
⠀
⠀
⠀",2025-11-07 08:04,더 좋을거야。🤍,想睡又睡不著
yuchen_1211,育辰🌰,"今天有兩件事要告訴你：
1.你已經很棒了
 2.都會過去的",2025-11-07 07:43,더 좋을거야。🤍,想睡又睡不著
yuchen_1211,育辰🌰,「兩個人都有在用心 那真的會很幸福。」,2025-11-06 22:27,더 좋을거야。🤍,想睡又睡不著
yuchen_1211,育辰🌰,"⠀⠀ ⠀
⠀
⠀
⠀ 加油 還不到兩個月這一年就白過了
⠀
⠀
⠀",2025-11-06 18:13,더 좋을거야。🤍,想睡又睡不著
yuchen_1211,育辰🌰,“喜歡一個人的時候真的很喜歡叫她的全名”,2025-11-06 14:54,더 좋을거야。🤍,想睡又睡不著
yuchen_1211,育辰🌰,平常很吵的人 突然安靜就代表出事了,2025-11-06 14:06,더 좋을거야。🤍,想睡又睡不著
yuchen_1211,育辰🌰,好的交友圈 都在比誰比較疼女友。,2025-11-06 08:06,더 좋을거야。🤍,想睡又睡不著
yuchen_1211,育辰🌰,「我想用睡覺來逃避一切，但我連覺都睡不好。」,2025-11-05 23:19,더 좋을거야。🤍,想睡又睡不著
yuchen_1211,育辰🌰,"冷知識：
再不到兩個月就要跨年了
而你一樣沒有人陪",2025-11-05 21:48,더 좋을거야。🤍,想睡又睡不著
yuchen_1211,育辰🌰,「當你覺得一個人很可愛的時候你就完蛋囉」,2025-11-05 20:35,더 좋을거야。🤍,想睡又睡不著
yuchen_1211,育辰🌰,我的胃可能只有64GB 但我想吃甜點的胃有2TB,2025-11-05 19:37,더 좋을거야。🤍,想睡又睡不著
yuchen_1211,育辰🌰,很喜歡被回覆限動/留超嗨 有種在認真看的感覺,2025-11-05 12:39,더 좋을거야。🤍,想睡又睡不著
yuchen_1211,育辰🌰,"如果你老是
聽不到鬧鐘睡過頭
那你基本上
就是一個小聾包",2025-11-05 07:32,더 좋을거야。🤍,想睡又睡不著
yuchen_1211,育辰🌰,"不好意思拒絕別人的時候 
請認真的想 他是怎麼好意思為難你的",2025-11-05 07:06,더 좋을거야。🤍,想睡又睡不著
yuchen_1211,育辰🌰,"台灣人聊天開頭第一句：
欸幹…",2025-11-04 22:35,더 좋을거야。🤍,想睡又睡不著
yuchen_1211,育辰🌰,"我不懂為什麼大家都討厭懶人
我們明明什麼都沒做啊",2025-11-04 22:01,더 좋을거야。🤍,想睡又睡不著
yuchen_1211,育辰🌰,拜託給我一個冷到靠北的冬天,2025-11-04 12:38,더 좋을거야。🤍,想睡又睡不著
yuchen_1211,育辰🌰,"世界上最恐怖的事情：
“ㄧ覺醒來發現喉嚨很痛”",2025-11-04 07:57,더 좋을거야。🤍,想睡又睡不著
yuchen_1211,育辰🌰,要談就談那種滿眼都是妳的人,2025-11-03 23:06,더 좋을거야。🤍,想睡又睡不著
yuchen_1211,育辰🌰,「你現在最該做的，是好好喜歡你自己。」,2025-11-03 17:03,더 좋을거야。🤍,想睡又睡不著
yuchen_1211,育辰🌰,"小時候最討厭的居然是吃飯跟睡覺
現在想想那時的自己真的是有夠賤",2025-11-03 12:59,더 좋을거야。🤍,想睡又睡不著
yuchen_1211,育辰🌰,「你以為你熬不過去的那一段，現在回頭看，竟然已經走了好遠。」,2025-11-03 09:31,더 좋을거야。🤍,想睡又睡不著
yuchen_1211,育辰🌰,“ 兩個人擁抱 是心臟最接近的時候 “,2025-11-03 09:02,더 좋을거야。🤍,想睡又睡不著
yuchen_1211,育辰🌰,高雄人都跑來衛武營嗎,2025-11-02 22:43,더 좋을거야。🤍,想睡又睡不著
yuchen_1211,育辰🌰,"什麼時候意識到自己長大了
喝飲料開始都點無糖",2025-11-02 19:47,더 좋을거야。🤍,想睡又睡不著
yuchen_1211,育辰🌰,兩個戀愛腦在一起一定很幸福,2025-11-02 16:52,더 좋을거야。🤍,想睡又睡不著
yuchen_1211,育辰🌰,晚安陌生人 祝你們明天有個美好的一天,2025-11-02 02:15,더 좋을거야。🤍,想睡又睡不著
yuchen_1211,育辰🌰,談戀愛的目的是要比單身幸福,2025-11-01 23:13,더 좋을거야。🤍,想睡又睡不著
yuchen_1211,育辰🌰,冷知識：根本沒人會聽你便利貼放什麼歌,2025-11-01 20:44,더 좋을거야。🤍,想睡又睡不著
yuchen_1211,育辰🌰,那個叫Apple Pay的是誰 幹嘛一直扣我錢,2025-11-01 17:27,더 좋을거야。🤍,想睡又睡不著
yuchen_1211,育辰🌰,"╭◜◝ ͡ ◜ ╮ 
(  我希望 ) 
╰◟ ͜ ╭◜◝ ͡ ◜ ͡ ◝ ╮
　 　 ( 整個11月 )
╭◜◝ ͡ ◜◝ ͡ ◜ ╮◞ ╯
(  能夠幸福。 ) 
╰◟ ͜ ◞ ͜ ◟ ͜ ◞◞╯
₍ᐢ..ᐢ₎ ᐝ",2025-11-01 17:07,더 좋을거야。🤍,想睡又睡不著
yuchen_1211,育辰🌰,"怎麼可以有人喜歡熬夜又喜歡睡覺
還他媽常常失眠",2025-11-01 02:45,더 좋을거야。🤍,想睡又睡不著
yuchen_1211,育辰🌰,"一個抱抱可以緩解120%的壓力
一個親親可以緩解150%的壓力
所以要多親親多抱抱 知道嘛",2025-11-01 01:09,더 좋을거야。🤍,想睡又睡不著
yuchen_1211,育辰🌰,我認為只有在床上玩手機才叫真正為自己活著,2025-10-31 23:14,더 좋을거야。🤍,想睡又睡不著
yuchen_1211,育辰🌰,「你以為要爛尾了 其實下一頁就是幸福。」,2025-10-31 18:42,더 좋을거야。🤍,想睡又睡不著
yuchen_1211,育辰🌰,“你那麼在意別人的看法 難怪活得那麼痛苦”,2025-10-31 18:40,더 좋을거야。🤍,想睡又睡不著
yuchen_1211,育辰🌰,打開手機想查個東西，過了幾分鐘之後發現自己一直在滑脆。,2025-10-31 13:12,더 좋을거야。🤍,想睡又睡不著
yuchen_1211,育辰🌰,"「去喜歡一個滿眼都是你的人 
而不是他抽空才喜歡你」",2025-10-31 08:37,더 좋을거야。🤍,想睡又睡不著
zhou.xuhong,周栩弘,失眠了 哭啊 真的很累但睡不著,2025-11-08 02:11,"偶爾分享點自己的興趣這樣 
基本不是美漫就是機器人或模型 可動玩具之類的",想睡又睡不著
zhou.xuhong,周栩弘,哇 超英派遣中心出了五六章後的最高同時在線人數直接突破13萬了，真的好玩沒買快去買下禮拜就完結了,2025-11-07 11:26,"偶爾分享點自己的興趣這樣 
基本不是美漫就是機器人或模型 可動玩具之類的",想睡又睡不著
zhou.xuhong,周栩弘,"超英派遣打完五六章了體感滿快的，
劇情方面文戲占多數讓你跟Z小隊開始混得比較熟這樣，然後第六章結尾就來個震撼的為下禮拜的結尾做準備，先說我哭死，柴斯雖然對隱形女嘴很毒但還是像個英雄透支自己去救她qq",2025-11-06 23:24,"偶爾分享點自己的興趣這樣 
基本不是美漫就是機器人或模型 可動玩具之類的",想睡又睡不著
zhou.xuhong,周栩弘,"絕對蝙第15集的變體封面
超恐怖，一張比一張噁心",2025-11-06 02:40,"偶爾分享點自己的興趣這樣 
基本不是美漫就是機器人或模型 可動玩具之類的",想睡又睡不著
zhou.xuhong,周栩弘,這樣開始好奇了，如果這邊真的是除了迪克外的都死了，是不是這邊的世界解決就換另一個鳥當蝙蝠俠的世界，如果真的是這樣的話，那傑森提姆達米安那邊的世界會怎樣我不敢想ww,2025-11-05 13:15,"偶爾分享點自己的興趣這樣 
基本不是美漫就是機器人或模型 可動玩具之類的",想睡又睡不著
zhou.xuhong,周栩弘,看完騎士之戰第一集了，只能說好吧 不愧是達叔搞出來的世界，不只讓蝙蝠俠痛苦，也能間接讓讀者痛苦,2025-11-05 11:43,"偶爾分享點自己的興趣這樣 
基本不是美漫就是機器人或模型 可動玩具之類的",想睡又睡不著
zhou.xuhong,周栩弘,明天開始0跟1就可以登記了，記得小心手中的一萬啊ww,2025-11-04 21:17,"偶爾分享點自己的興趣這樣 
基本不是美漫就是機器人或模型 可動玩具之類的",想睡又睡不著
zhou.xuhong,周栩弘,良品製造的緘默蝙蝠俠，算是造型跟mafex滿不同的，身形有被拉長然後也相對沒這麼壯，其實我覺得不錯，可以等上色後的照片再考慮看看,2025-11-03 18:02,"偶爾分享點自己的興趣這樣 
基本不是美漫就是機器人或模型 可動玩具之類的",想睡又睡不著
zhou.xuhong,周栩弘,猛毒黑白血 第三集這個新造型很帥，兩邊都還能用分身也太帥啦,2025-11-02 22:59,"偶爾分享點自己的興趣這樣 
基本不是美漫就是機器人或模型 可動玩具之類的",想睡又睡不著
zhou.xuhong,周栩弘,"在推特看到有人在猜這幾位新羅賓的真實身分，大家就看看就好。
迪克收的泰瑞
傑森收凱莉
提姆收杜克
達米安收尚-保羅",2025-11-02 17:13,"偶爾分享點自己的興趣這樣 
基本不是美漫就是機器人或模型 可動玩具之類的",想睡又睡不著
zhou.xuhong,周栩弘,"x.com/nahor…
笑死，被遺忘的卡珊ww",2025-11-01 22:54,"偶爾分享點自己的興趣這樣 
基本不是美漫就是機器人或模型 可動玩具之類的",想睡又睡不著
zhou.xuhong,周栩弘,"driving in my car right after a beer 
音樂已在腦內自動補上www",2025-11-01 20:14,"偶爾分享點自己的興趣這樣 
基本不是美漫就是機器人或模型 可動玩具之類的",想睡又睡不著
zhou.xuhong,周栩弘,DC K.O 騎士之戰更多畫面的預覽出來啦，而且還多了新羅賓們，不知道是不是四位新蝙蝠俠收的,2025-11-01 02:53,"偶爾分享點自己的興趣這樣 
基本不是美漫就是機器人或模型 可動玩具之類的",想睡又睡不著
zhou.xuhong,周栩弘,"孩之寶的新的豪華套組噢，怎麼說 購買慾超低ww
給一個白模 一個成形色 一個塗裝過後 總共 85美左右 
有點微妙這個商品",2025-10-31 22:18,"偶爾分享點自己的興趣這樣 
基本不是美漫就是機器人或模型 可動玩具之類的",想睡又睡不著
zhou.xuhong,周栩弘,看來杜姆任期結束，換你紅當新一任的至尊法師好像也不怎麼意外呢，這套新衣服真的好看,2025-10-31 14:41,"偶爾分享點自己的興趣這樣 
基本不是美漫就是機器人或模型 可動玩具之類的",想睡又睡不著
zhou.xuhong,周栩弘,一直刷到這個真的是會受不了ww,2025-10-31 12:40,"偶爾分享點自己的興趣這樣 
基本不是美漫就是機器人或模型 可動玩具之類的",想睡又睡不著
zhou.xuhong,周栩弘,絕對蝙蝠俠年刊出了，內容就不多談，這個絕對蝙畫的是那種更誇張的壯，打的是那真爽ww,2025-10-29 22:00,"偶爾分享點自己的興趣這樣 
基本不是美漫就是機器人或模型 可動玩具之類的",想睡又睡不著
zhou.xuhong,周栩弘,今天改看叔比狗跟WWE的連動電影，怎麼你們四個好眼熟阿，這裡不是少正片場ㄟwww,2025-10-27 23:59,"偶爾分享點自己的興趣這樣 
基本不是美漫就是機器人或模型 可動玩具之類的",想睡又睡不著
zhou.xuhong,周栩弘,這應該是第一家做絕對蝙的但說真的這個做工一點想買的慾望都沒有，這6吋價錢都可以買12吋了，乖乖等良品製造的絕對蝙好了,2025-10-27 18:01,"偶爾分享點自己的興趣這樣 
基本不是美漫就是機器人或模型 可動玩具之類的",想睡又睡不著
zhou.xuhong,周栩弘,絕對小丑的設計圖出來了，好了啊這個比班恩還扯，快比蝙蝠俠高了四倍了，這要怎麼打ww,2025-10-27 12:45,"偶爾分享點自己的興趣這樣 
基本不是美漫就是機器人或模型 可動玩具之類的",想睡又睡不著
zhou.xuhong,周栩弘,密卡登這個噓對天王星像在叫小孩安靜www,2025-10-26 19:09,"偶爾分享點自己的興趣這樣 
基本不是美漫就是機器人或模型 可動玩具之類的",想睡又睡不著
zhou.xuhong,周栩弘,這根本不像在打架，明明就是在舞池激情跳舞的布魯斯跟提姆www,2025-10-26 02:37,"偶爾分享點自己的興趣這樣 
基本不是美漫就是機器人或模型 可動玩具之類的",想睡又睡不著
zhou.xuhong,周栩弘,"這個跟我一樣ww
我的普發一萬也是變成可動玩具跟美漫",2025-10-25 21:43,"偶爾分享點自己的興趣這樣 
基本不是美漫就是機器人或模型 可動玩具之類的",想睡又睡不著
meow._.___._,喵喵,"歡迎查看我的個人檔案，或許你會喜歡我的文章！！
# 追蹤我 第一時間查看有趣的文章！！",2025-10-28 22:12,"我喜歡分享實用的道理，其實就是閒聊文啦。
歡迎追蹤，第一時間看到我的文章！
（每日一則笑話）
可以追我ig哦
https://www.instagram.com/tsenghoo?igsh=MXQycWc0dGVxNTZkbA==",想睡又睡不著
meow._.___._,喵喵,"最近段考真的越來越難，特別是數學，難到根本寫不完，平均才六十幾。
我真的很想問，這種難度對學生有什麼意義？
A、B、C 級距是「精熟程度」，不是「聰明程度」。但現在的段考，好像變成「有補習就贏」的比賽。
到了國三，我原本以為段考會越來越接近會考的難度，但完全不是，這兩次不是數學難爆，就是國文難到懷疑人生，甚至兩科一起難。
段考應該是幫助我們了解自己學習上的盲點，但現在的題目，根本沒幾個人會寫，那請問老師們，我們到底學會了什麼？你們又能從這樣的成績看出學生哪裡不懂嗎？
我沒有怪老師的意思，我知道出題很辛苦，也要面對很多壓力，但真的拜託想一下：
難，不代表有水準；
會考都在考核心觀念，難題只是少數，結果段考卻是反過來，難題一堆，基礎題少得可憐。
我們學的應該是蓋房子的基礎，不是還沒打地基就先學怎麼裝潢。
如果只會做難題，核心觀念卻一問三不知，到會考只會翻車。
最後，我真的想說：
考題可以有深度，也可以難，但不是整張試卷都在為了證明你題目「很難」而存在。
不是我們不努力，是方向錯了。
希望段考可以回歸真正的重點：核心概念的掌握。
這樣的考試，才真的對學生有幫助。",2025-10-27 19:06,"我喜歡分享實用的道理，其實就是閒聊文啦。
歡迎追蹤，第一時間看到我的文章！
（每日一則笑話）
可以追我ig哦
https://www.instagram.com/tsenghoo?igsh=MXQycWc0dGVxNTZkbA==",想睡又睡不著
meow._.___._,喵喵,"最近段考真的越來越難，特別是數學，難到根本寫不完，平均才六十幾。
我真的很想問，這種難度對學生有什麼意義？
A、B、C 級距是「精熟程度」，不是「聰明程度」。但現在的段考，好像變成「有補習就贏」的比賽。
到了國三，我原本以為段考會越來越接近會考的難度，但完全不是，這兩次不是數學難爆，就是國文難到懷疑人生，甚至兩科一起難。
段考應該是幫助我們了解自己學習上的盲點，但現在的題目，根本沒幾個人會寫，那請問老師們，我們到底學會了什麼？你們又能從這樣的成績看出學生哪裡不懂嗎？
我沒有怪老師的意思，我知道出題很辛苦，也要面對很多壓力，但真的拜託想一下：
難，不代表有水準；
會考都在考核心觀念，難題只是少數，結果段考卻是反過來，難題一堆，基礎題少得可憐。
我們學的應該是蓋房子的基礎，不是還沒打地基就先學怎麼裝潢。
如果只會做難題，核心觀念卻一問三不知，到會考只會翻車。
最後，我真的想說：
考題可以有深度，也可以難，但不是整張試卷都在為了證明你題目「很難」而存在。
不是我們不努力，是方向錯了。
希望段考可以回歸真正的重點：核心概念的掌握。
這樣的考試，才真的對學生有幫助。",2025-10-27 19:04,"我喜歡分享實用的道理，其實就是閒聊文啦。
歡迎追蹤，第一時間看到我的文章！
（每日一則笑話）
可以追我ig哦
https://www.instagram.com/tsenghoo?igsh=MXQycWc0dGVxNTZkbA==",想睡又睡不著
aesthetic__leon3,康復睡眠_李昂Leon😴 🛌 |焦慮｜憂鬱｜夜尿,"焦慮症的你不知道的事
- 睡前大腦失控
- 莫名的心跳加速
- 太累睡不著
- 白天精神疲憊力竭，夜晚精神緊綳
焦慮是真實存在的，請不要忽視它。
是大腦的前額葉受損，失控焦慮是常態
難以入眠每一晚會經歷
吃藥有效一個月就好了
用自然療法，治好前額葉就康復了",2025-03-01 07:18,"失眠客製化康復方案
wechat ：L87667668
whatapps ： +447741999944
私信 “33” 免费發你增加睡眠品質電子書",想睡又睡不著
aesthetic__leon3,康復睡眠_李昂Leon😴 🛌 |焦慮｜憂鬱｜夜尿,"焦慮症的伴侶莫名其妙的事
- 情緒波動大
- 害怕對方不理會
- 對方反應冷淡
- 經常懷疑自己是否做錯事
焦慮消耗伴侶和自己
真的想解决伴侶焦慮
藥物&心理輔導只能控制
用自然療法治好前額葉才能幸福",2025-02-28 07:01,"失眠客製化康復方案
wechat ：L87667668
whatapps ： +447741999944
私信 “33” 免费發你增加睡眠品質電子書",想睡又睡不著
aesthetic__leon3,康復睡眠_李昂Leon😴 🛌 |焦慮｜憂鬱｜夜尿,"憂鬱症的小知識
- 哈哈大笑卻很空虛
- 刻意地迴避訊息
- 休息了很久仍然好累
- 吃了藥，完全康復卻遙遙無期 🫠
憂鬱症是真實存在的，請不要忽視它。
情緒崩潰負面無動力是常態，
會影響到睡眠，生活，和工作
吃藥真的能好？你早就康復了！！
用自然療法早就康復了",2025-02-28 07:00,"失眠客製化康復方案
wechat ：L87667668
whatapps ： +447741999944
私信 “33” 免费發你增加睡眠品質電子書",想睡又睡不著
aesthetic__leon3,康復睡眠_李昂Leon😴 🛌 |焦慮｜憂鬱｜夜尿,"憂鬱症的伴侶無意識的表現
- 情緒低落會疏遠伴侶
- 讓伴侶有焦慮感
- 回避交流
- 懷疑對方外遇
憂鬱影響伴侶，會好難受
真的想徹底解決和伴侶相處的問題
藥物&心理輔導只能控制
用自然療法調理身體才有幸福",2025-02-27 07:06,"失眠客製化康復方案
wechat ：L87667668
whatapps ： +447741999944
私信 “33” 免费發你增加睡眠品質電子書",想睡又睡不著
aesthetic__leon3,康復睡眠_李昂Leon😴 🛌 |焦慮｜憂鬱｜夜尿,"當你的伴侶因爲精神疾病而情緒失控
- 你不能走心
- 你忽視他的内容
- 左耳聼，右耳出
都是氣話，先安撫情緒或順從
伴侶有這種情緒想你也會心累的有愛莫能助。
真的想徹底根治伴侶情緒問題
藥物只能控制
心理輔導真的是輔助
用自然療法調理身體才是最終道路",2025-02-27 06:59,"失眠客製化康復方案
wechat ：L87667668
whatapps ： +447741999944
私信 “33” 免费發你增加睡眠品質電子書",想睡又睡不著
aesthetic__leon3,康復睡眠_李昂Leon😴 🛌 |焦慮｜憂鬱｜夜尿,"夜尿會有什麽表現呢
- 固定半夜起床
 - 嘴巴粘稠
 - 沒喝水也會被尿憋醒
 - 半夜睡不好
夜尿是睡不好的症狀，不要無視
是腎臟功能衰退
藥物只能控制
改變飲食可以很快逆轉",2025-02-26 07:00,"失眠客製化康復方案
wechat ：L87667668
whatapps ： +447741999944
私信 “33” 免费發你增加睡眠品質電子書",想睡又睡不著
aesthetic__leon3,康復睡眠_李昂Leon😴 🛌 |焦慮｜憂鬱｜夜尿,"焦慮症的伴侶會做的冷知識
- 持續發信息
- 患得患失
- 容易吃醋
- 對不愉快的事情記憶猶新
焦慮消耗伴侶和自己
真的想解决伴侶焦慮
藥物&心理輔導只能控制
用自然療法治好前額葉才能幸福",2025-02-25 07:17,"失眠客製化康復方案
wechat ：L87667668
whatapps ： +447741999944
私信 “33” 免费發你增加睡眠品質電子書",想睡又睡不著
aesthetic__leon3,康復睡眠_李昂Leon😴 🛌 |焦慮｜憂鬱｜夜尿,"憂鬱症是怎麽導致的
- 長期不健康飲食
- 傷心欲絕
- 心靈受到很大的刺激
憂鬱症是真實存在的，請不要忽視它。
是大腦的神經遞質分泌不正常，
情緒崩潰負面無動力是常態，
會影響到睡眠，生活，和工作
用自然療法，治好神經遞質就好了",2025-02-25 07:16,"失眠客製化康復方案
wechat ：L87667668
whatapps ： +447741999944
私信 “33” 免费發你增加睡眠品質電子書",想睡又睡不著
aesthetic__leon3,康復睡眠_李昂Leon😴 🛌 |焦慮｜憂鬱｜夜尿,"憂鬱症會有什麽表現呢？
- 一邊笑一邊感覺與世隔絕
- 一次又一次地生存
- 睡了很久，但從未休息過
- 把人推開
憂鬱症是真實存在的，請不要忽視它
是大腦的神經遞質分泌不正常
情緒崩潰負面無動力是常態
會影響到睡眠，生活，和工作
用自然療法，治好神經遞質就好了",2025-02-24 07:00,"失眠客製化康復方案
wechat ：L87667668
whatapps ： +447741999944
私信 “33” 免费發你增加睡眠品質電子書",想睡又睡不著
aesthetic__leon3,康復睡眠_李昂Leon😴 🛌 |焦慮｜憂鬱｜夜尿,"焦慮症的伴侶説出失控的話
- 太刺耳，可以先深呼吸
- 讓自己心態當下變冷淡
- 無視他的負面情緒
焦慮消耗伴侶和自己
真的想解决伴侶焦慮
藥物&心理輔導只能控制
用自然療法治好前額葉才能幸福",2025-02-23 07:00,"失眠客製化康復方案
wechat ：L87667668
whatapps ： +447741999944
私信 “33” 免费發你增加睡眠品質電子書",想睡又睡不著
aesthetic__leon3,康復睡眠_李昂Leon😴 🛌 |焦慮｜憂鬱｜夜尿,"夜尿你不知道的原因
- 利尿素失衡
- 壓力過大
- 糖尿病
- 飲食不均匀
夜尿是症狀，請不要無視它
是腎臟功能衰退
藥物只能控制
改變飲食可以很快逆轉",2025-02-23 07:00,"失眠客製化康復方案
wechat ：L87667668
whatapps ： +447741999944
私信 “33” 免费發你增加睡眠品質電子書",想睡又睡不著
aesthetic__leon3,康復睡眠_李昂Leon😴 🛌 |焦慮｜憂鬱｜夜尿,"別瞎安慰憂鬱症的人
“這只是你心理作用而已”
“你太小孩子氣了”
“快樂一點，都是小事”
“多去參加活動”
憂鬱症是真實存在的，請不要忽視它。
是大腦的神經遞質分泌不正常，
情緒崩潰負面無動力是常態，
會影響到睡眠，生活，和工作
用自然療法，治好神經遞質就好了",2025-02-22 07:00,"失眠客製化康復方案
wechat ：L87667668
whatapps ： +447741999944
私信 “33” 免费發你增加睡眠品質電子書",想睡又睡不著
aesthetic__leon3,康復睡眠_李昂Leon😴 🛌 |焦慮｜憂鬱｜夜尿,"請不要對憂鬱症的人說：
“你看開一點啦！！”
“你要振作起來！！”
“你太閑而已啦~”
憂鬱症是真實存在的，請不要忽視它。
是大腦的神經遞質分泌不正常，
情緒崩潰負面無動力是常態，
會影響到睡眠，生活，和工作
用自然療法，治好神經遞質就好了",2025-02-22 06:59,"失眠客製化康復方案
wechat ：L87667668
whatapps ： +447741999944
私信 “33” 免费發你增加睡眠品質電子書",想睡又睡不著
aesthetic__leon3,康復睡眠_李昂Leon😴 🛌 |焦慮｜憂鬱｜夜尿,"憂鬱症讓你感到“累”
這不僅僅是“疲憊”
它還會耗盡你的精神、情緒和體力。
這是真的
憂鬱症是真實存在的，請不要忽視它。
是大腦的神經遞質分泌不正常，
情緒崩潰負面無動力是常態，
會影響到睡眠，生活，和工作
用自然療法，治好神經遞質就好了",2025-02-20 07:00,"失眠客製化康復方案
wechat ：L87667668
whatapps ： +447741999944
私信 “33” 免费發你增加睡眠品質電子書",想睡又睡不著
aesthetic__leon3,康復睡眠_李昂Leon😴 🛌 |焦慮｜憂鬱｜夜尿,"焦慮症的伴侶會做的冷知識
- 時刻需要陪伴
- 疑心重
- 奪命追魂call
- 小事無限放大
焦慮消耗伴侶
真的想解决伴侶焦慮
藥物&心理輔導只能控制
用自然療法治好前額葉才能幸福",2025-02-20 07:00,"失眠客製化康復方案
wechat ：L87667668
whatapps ： +447741999944
私信 “33” 免费發你增加睡眠品質電子書",想睡又睡不著
aesthetic__leon3,康復睡眠_李昂Leon😴 🛌 |焦慮｜憂鬱｜夜尿,"憂鬱症你不知道的事
簡單的生活會變得艱難，無法轻易完成
- 洗澡
- 梳洗
- 回覆信息
- 曾經的興趣
憂鬱症是真實存在的，請不要忽視它。
是大腦的神經遞質分泌不正常，
情緒崩潰負面無動力是常態，
會影響到睡眠，生活，和工作
用自然療法，治好神經遞質就好了",2025-02-19 07:00,"失眠客製化康復方案
wechat ：L87667668
whatapps ： +447741999944
私信 “33” 免费發你增加睡眠品質電子書",想睡又睡不著
aesthetic__leon3,康復睡眠_李昂Leon😴 🛌 |焦慮｜憂鬱｜夜尿,"演算法，請讓我與更多人聯繫有：
- 失眠 
- 有焦慮 
- 對抗憂鬱症 
- 正在努力康復
- 優先考慮心理健康 
- 打破精神疾病污名 
- 互相支持 
- 理解無形的對抗
流量密碼",2025-02-19 07:00,"失眠客製化康復方案
wechat ：L87667668
whatapps ： +447741999944
私信 “33” 免费發你增加睡眠品質電子書",想睡又睡不著
aesthetic__leon3,康復睡眠_李昂Leon😴 🛌 |焦慮｜憂鬱｜夜尿,"失眠和睡不好其中的幾個因素
- 大腿不能休息一直動
- 心跳加速
- 經常抽筋
- 大腦暴走上演無數想象
長期失眠是因爲生理機能有問題
香薰枕頭科技類的無法解決生理問題
請問你還買過什麽沒用的東西嗎?",2025-02-18 07:00,"失眠客製化康復方案
wechat ：L87667668
whatapps ： +447741999944
私信 “33” 免费發你增加睡眠品質電子書",想睡又睡不著
aesthetic__leon3,康復睡眠_李昂Leon😴 🛌 |焦慮｜憂鬱｜夜尿,"憂鬱症的感覺就像
- 活在世上，卻不是真正的活著
- 希望沒人注意到自己的問題 
- 空間安靜，但還是感覺太吵 
- 麻木取代了情感
憂鬱症是真實存在的，請不要忽視它。
是大腦的神經遞質分泌不正常，情緒崩潰負面無動力是常態，
會影響到睡眠，生活，和工作
用自然療法，治好神經遞質就好了",2025-02-18 07:00,"失眠客製化康復方案
wechat ：L87667668
whatapps ： +447741999944
私信 “33” 免费發你增加睡眠品質電子書",想睡又睡不著
aesthetic__leon3,康復睡眠_李昂Leon😴 🛌 |焦慮｜憂鬱｜夜尿,"憂鬱症不僅僅只是感到悲傷
- 還很沉重
- 也很困惑
- 甚至是筋疲力盡
- 什麼都想做，到頭來，卻什麼都做不了
憂鬱症是真實存在的，請不要忽視它。
是大腦的神經遞質分泌不正常，情緒崩潰負面無動力是常態，
會影響到睡眠，生活，和工作
用自然療法，治好神經遞質就好了",2025-02-17 07:00,"失眠客製化康復方案
wechat ：L87667668
whatapps ： +447741999944
私信 “33” 免费發你增加睡眠品質電子書",想睡又睡不著
aesthetic__leon3,康復睡眠_李昂Leon😴 🛌 |焦慮｜憂鬱｜夜尿,"憂鬱症的伴侶會做的事
- 增加距離感
- 負面情緒影響伴侶
- 表達方式消極
- 性冷感
憂鬱影響伴侶 他不會好受
真的想徹底解決和伴侶相處的問題
藥物&心理輔導只能控制
用自然療法調理身體才有幸福",2025-02-17 07:00,"失眠客製化康復方案
wechat ：L87667668
whatapps ： +447741999944
私信 “33” 免费發你增加睡眠品質電子書",想睡又睡不著
aesthetic__leon3,康復睡眠_李昂Leon😴 🛌 |焦慮｜憂鬱｜夜尿,"憂鬱症會欺騙你心理
- 沒人關心你
- 你很孤獨 
- 無動力活著
- 你人生完了
一切是假象
腦子業障重，假的！！！
憂鬱症是真實存在的，請不要忽視它。
是大腦的神經遞質分泌不正常，情緒崩潰負面無動力是常態，
會嚴重影響睡眠，生活和工作
治好憂鬱症用自然療法，神經遞質恢復正常就好了",2025-02-16 07:24,"失眠客製化康復方案
wechat ：L87667668
whatapps ： +447741999944
私信 “33” 免费發你增加睡眠品質電子書",想睡又睡不著
aesthetic__leon3,康復睡眠_李昂Leon😴 🛌 |焦慮｜憂鬱｜夜尿,"焦慮症的伴侶你不清楚的事
- 沒有安全感
- 疑神疑鬼
- 需要信息秒回
- 對於已解決的事情還是耿耿於懷
伴侶对你焦慮，
你肯定心累，也愛莫能助
真的想解决伴侶焦慮
藥物&心理輔導只能控制
用自然療法治好前額葉才能幸福",2025-02-16 07:13,"失眠客製化康復方案
wechat ：L87667668
whatapps ： +447741999944
私信 “33” 免费發你增加睡眠品質電子書",想睡又睡不著
i.am.the.taiwanese,Wei De,是我錯覺還是今天大家都睡不著🫠,2025-11-27 03:37,"I've always been proud of being Taiwanese.
Defender (ISFJ-T)
不喜社交，藍白紅腦滾😤😤😤
我無法不關心政治，我們的生活就樣樣都是與政治有關.
每一代的台灣人，都可能是最後一代的台灣人.
希望我的子孫、後代還能為理想、為信念和平的抗爭.",想睡又睡不著
i.am.the.taiwanese,Wei De,自己的技能、物品自己知道就好，不用到處張揚...,2025-11-27 03:26,"I've always been proud of being Taiwanese.
Defender (ISFJ-T)
不喜社交，藍白紅腦滾😤😤😤
我無法不關心政治，我們的生活就樣樣都是與政治有關.
每一代的台灣人，都可能是最後一代的台灣人.
希望我的子孫、後代還能為理想、為信念和平的抗爭.",想睡又睡不著
i.am.the.taiwanese,Wei De,我那整天講國民黨說我們是中國人也沒錯的同事他太太也是越南籍澳門人（我都稱之為中國人😏）,2025-11-26 19:01,"I've always been proud of being Taiwanese.
Defender (ISFJ-T)
不喜社交，藍白紅腦滾😤😤😤
我無法不關心政治，我們的生活就樣樣都是與政治有關.
每一代的台灣人，都可能是最後一代的台灣人.
希望我的子孫、後代還能為理想、為信念和平的抗爭.",想睡又睡不著
i.am.the.taiwanese,Wei De,"嘖...
@moeanews
@moeanews
麻煩一下，繞道第三地及港資通通視為中資🔥",2025-11-26 18:30,"I've always been proud of being Taiwanese.
Defender (ISFJ-T)
不喜社交，藍白紅腦滾😤😤😤
我無法不關心政治，我們的生活就樣樣都是與政治有關.
每一代的台灣人，都可能是最後一代的台灣人.
希望我的子孫、後代還能為理想、為信念和平的抗爭.",想睡又睡不著
i.am.the.taiwanese,Wei De,"先一律當做在演戲，假的...
KMT人說的話能聽💩就能當飯吃🔥",2025-11-26 17:47,"I've always been proud of being Taiwanese.
Defender (ISFJ-T)
不喜社交，藍白紅腦滾😤😤😤
我無法不關心政治，我們的生活就樣樣都是與政治有關.
每一代的台灣人，都可能是最後一代的台灣人.
希望我的子孫、後代還能為理想、為信念和平的抗爭.",想睡又睡不著
i.am.the.taiwanese,Wei De,It's just the Beginning...,2025-11-26 12:44,"I've always been proud of being Taiwanese.
Defender (ISFJ-T)
不喜社交，藍白紅腦滾😤😤😤
我無法不關心政治，我們的生活就樣樣都是與政治有關.
每一代的台灣人，都可能是最後一代的台灣人.
希望我的子孫、後代還能為理想、為信念和平的抗爭.",想睡又睡不著
i.am.the.taiwanese,Wei De,"不好意思，這種有文化的「孔子饅頭」我吃不起😏
也沒聽過🤭🤭🤭",2025-11-26 07:47,"I've always been proud of being Taiwanese.
Defender (ISFJ-T)
不喜社交，藍白紅腦滾😤😤😤
我無法不關心政治，我們的生活就樣樣都是與政治有關.
每一代的台灣人，都可能是最後一代的台灣人.
希望我的子孫、後代還能為理想、為信念和平的抗爭.",想睡又睡不著
i.am.the.taiwanese,Wei De,"【魔法部甲級動員令】
⚠️拯救憲法法庭的連署機會⚠️
🔰廢止「憲訴惡法」等四項公投連署🔰
‼️不到70天，需要29萬份‼️
魔法部x人民作主志工團幫大家把所有需要的
連署、附議、白皮書、教學與資源；
全部整理成一個連結。
🔰
linktr.ee/taiwa…
你會在裡面看到：
✅ 三項廢惡法公投電子連署（兩分鐘即可完成）
✅ 自然人憑證申辦與電子連署教學
✅ 魔法部三部曲（數位打詐法／戶政資安／高風險外配防濫）完整頁面
✅ 白皮書、附議案全文、民意資料、公投理由書
我們已經做了所有前置作業，
現在只需要你動手連署，
讓憲法法庭重啟，
讓台灣重新拿回憲政。",2025-11-26 07:15,"I've always been proud of being Taiwanese.
Defender (ISFJ-T)
不喜社交，藍白紅腦滾😤😤😤
我無法不關心政治，我們的生活就樣樣都是與政治有關.
每一代的台灣人，都可能是最後一代的台灣人.
希望我的子孫、後代還能為理想、為信念和平的抗爭.",想睡又睡不著
i.am.the.taiwanese,Wei De,會怕齁🤭🤭🤭,2025-11-26 07:12,"I've always been proud of being Taiwanese.
Defender (ISFJ-T)
不喜社交，藍白紅腦滾😤😤😤
我無法不關心政治，我們的生活就樣樣都是與政治有關.
每一代的台灣人，都可能是最後一代的台灣人.
希望我的子孫、後代還能為理想、為信念和平的抗爭.",想睡又睡不著
i.am.the.taiwanese,Wei De,"剛剛跟同事講...
只要公司沒加班，夜班的我們大家一起下班走出電梯的畫面，會不會有人以為我們是
詐騙集團
剛下班這樣🤣🤣🤣
我們是正常24H電子廠，只設在辦公大樓裡面😅😅😅
（辦公大樓 + 一大群男的 + 同時間離開 + 都戴口罩 + 有的人會戴帽子 + 有保全看守）",2025-11-26 06:09,"I've always been proud of being Taiwanese.
Defender (ISFJ-T)
不喜社交，藍白紅腦滾😤😤😤
我無法不關心政治，我們的生活就樣樣都是與政治有關.
每一代的台灣人，都可能是最後一代的台灣人.
希望我的子孫、後代還能為理想、為信念和平的抗爭.",想睡又睡不著
i.am.the.taiwanese,Wei De,最近有一些人數不少社團從秘密變成公開😏😏😏,2025-11-26 05:59,"I've always been proud of being Taiwanese.
Defender (ISFJ-T)
不喜社交，藍白紅腦滾😤😤😤
我無法不關心政治，我們的生活就樣樣都是與政治有關.
每一代的台灣人，都可能是最後一代的台灣人.
希望我的子孫、後代還能為理想、為信念和平的抗爭.",想睡又睡不著
i.am.the.taiwanese,Wei De,newtalk.tw/news…,2025-11-26 02:50,"I've always been proud of being Taiwanese.
Defender (ISFJ-T)
不喜社交，藍白紅腦滾😤😤😤
我無法不關心政治，我們的生活就樣樣都是與政治有關.
每一代的台灣人，都可能是最後一代的台灣人.
希望我的子孫、後代還能為理想、為信念和平的抗爭.",想睡又睡不著
i.am.the.taiwanese,Wei De,"怪怪的，反正我是封了
threads.com/@duck…",2025-11-26 02:14,"I've always been proud of being Taiwanese.
Defender (ISFJ-T)
不喜社交，藍白紅腦滾😤😤😤
我無法不關心政治，我們的生活就樣樣都是與政治有關.
每一代的台灣人，都可能是最後一代的台灣人.
希望我的子孫、後代還能為理想、為信念和平的抗爭.",想睡又睡不著
i.am.the.taiwanese,Wei De,"賴清德上任後做了些什麼？
如下圖：",2025-11-25 19:12,"I've always been proud of being Taiwanese.
Defender (ISFJ-T)
不喜社交，藍白紅腦滾😤😤😤
我無法不關心政治，我們的生活就樣樣都是與政治有關.
每一代的台灣人，都可能是最後一代的台灣人.
希望我的子孫、後代還能為理想、為信念和平的抗爭.",想睡又睡不著
i.am.the.taiwanese,Wei De,"中國國民黨提案囉...
想要直接開放中國籍配偶擔任公職...
這只是剛開始...",2025-11-25 11:55,"I've always been proud of being Taiwanese.
Defender (ISFJ-T)
不喜社交，藍白紅腦滾😤😤😤
我無法不關心政治，我們的生活就樣樣都是與政治有關.
每一代的台灣人，都可能是最後一代的台灣人.
希望我的子孫、後代還能為理想、為信念和平的抗爭.",想睡又睡不著
i.am.the.taiwanese,Wei De,"⚠️喚回憲法法庭的最後機會⚠️
你知道嗎？我們的憲法法庭已經被癱瘓近1年了；
在這1年裡，已經有27個兒童性侵案被迫擱置，
也就是說，這些被害者又成為了另一個被害者
憲法法庭無法運作，導致許多亂七八糟的法條一一通過，像是：
🔻反年改：導致目前已退休公務員薪水比在職時還高，而年輕一輩因為財政被掏空，很可能就沒退休金了
🔻中配6年改4年入籍進行中！
☠️而就在今天(11/24)，立院提出四等親內可結婚！也就是你可以和自己的表兄弟姐妹結婚生小孩！
這是何等的不倫不類？
🆘憲法法庭癱瘓的惡果正反噬著我們，而現在我們唯一能做的，就是利用電子連署，把憲法法庭救回來！只有這樣社會才能再有正義。
✅如果你已經有自然人憑證，請務必前往
reurl.cc/1k09W…
用讀卡機與你的自然人憑證連署！
ℹ️如果你還沒有自然人憑證，請至隨意一個戶政事務所就可以辦理，這不受戶籍地限制，而且10分鐘就可拿到；戶政事務所中午不休息；前往的時間最保守是在8:30-17:00之間
🔰請幫忙阻止這場荒謬的鬧劇，否則再這樣下去，你能想像我們的社會及下一代會變成什麼樣子嗎？",2025-11-25 05:58,"I've always been proud of being Taiwanese.
Defender (ISFJ-T)
不喜社交，藍白紅腦滾😤😤😤
我無法不關心政治，我們的生活就樣樣都是與政治有關.
每一代的台灣人，都可能是最後一代的台灣人.
希望我的子孫、後代還能為理想、為信念和平的抗爭.",想睡又睡不著
i.am.the.taiwanese,Wei De,"⚠️重要幫擴⚠️
請轉發或複製分享，不要引用
《廢止「憲訴惡法」公投連署》最常見問答
Q：為什麼這次連署採用電子連署？會是詐騙嗎？
A：因為【藍白提案】提案人、連署人必須附上身分證正反面影本，將罷免連署條件變嚴苛，限制人民罷免權。
——
‼️雖然多數人覺得紙本可以增加擴散率‼️
但如上述需附上身分證影本
加上之前連署【有些人的資料被壓住沒水銷】
一定讓很多人不敢站出來連署，
而且用紙本會增加更多人力，
畢竟要再花時間核對整理造冊。
——
㊙️電子連署的優點：
✅自然人憑證的電子連署紀錄都在中選會的系統，電腦不會留下記錄
✅操作快速，不用擔心字寫錯
✅民團不會握有連署個資，不怕個資外流
✅不必擔心沒水銷的問題
✅免去志工造冊&核對的難度
我想這是未來一個主要的連署方式。
⚠️前提是
🔰請大家把魔法小卡【實體自然人憑證】辦起來吧🔰",2025-11-25 04:58,"I've always been proud of being Taiwanese.
Defender (ISFJ-T)
不喜社交，藍白紅腦滾😤😤😤
我無法不關心政治，我們的生活就樣樣都是與政治有關.
每一代的台灣人，都可能是最後一代的台灣人.
希望我的子孫、後代還能為理想、為信念和平的抗爭.",想睡又睡不著
i.am.the.taiwanese,Wei De,"自己看很無聊，沒關係，民進黨發言人帶你一起看👍👍👍
youtube.com/live…",2025-11-25 01:56,"I've always been proud of being Taiwanese.
Defender (ISFJ-T)
不喜社交，藍白紅腦滾😤😤😤
我無法不關心政治，我們的生活就樣樣都是與政治有關.
每一代的台灣人，都可能是最後一代的台灣人.
希望我的子孫、後代還能為理想、為信念和平的抗爭.",想睡又睡不著
i.am.the.taiwanese,Wei De,"@t.ai_good
@t.ai_good
卓院長...行政權不是很大嗎？
這已經不是喊個口號打氣加油就沒事誒...
看看藍營地方行政權怎麼被操作的...
違憲就違憲，現在憲法法庭有在運作？
拜託硬起來🔥🔥🔥",2025-11-24 23:52,"I've always been proud of being Taiwanese.
Defender (ISFJ-T)
不喜社交，藍白紅腦滾😤😤😤
我無法不關心政治，我們的生活就樣樣都是與政治有關.
每一代的台灣人，都可能是最後一代的台灣人.
希望我的子孫、後代還能為理想、為信念和平的抗爭.",想睡又睡不著
i.am.the.taiwanese,Wei De,⚠️⚠️⚠️⚠️⚠️⚠️⚠️⚠️⚠️⚠️⚠️⚠️⚠️,2025-11-24 23:24,"I've always been proud of being Taiwanese.
Defender (ISFJ-T)
不喜社交，藍白紅腦滾😤😤😤
我無法不關心政治，我們的生活就樣樣都是與政治有關.
每一代的台灣人，都可能是最後一代的台灣人.
希望我的子孫、後代還能為理想、為信念和平的抗爭.",想睡又睡不著
i.am.the.taiwanese,Wei De,還好有買短袖，熱爆😅,2025-11-24 11:57,"I've always been proud of being Taiwanese.
Defender (ISFJ-T)
不喜社交，藍白紅腦滾😤😤😤
我無法不關心政治，我們的生活就樣樣都是與政治有關.
每一代的台灣人，都可能是最後一代的台灣人.
希望我的子孫、後代還能為理想、為信念和平的抗爭.",想睡又睡不著
i.am.the.taiwanese,Wei De,🥺🥺🥺,2025-11-24 11:09,"I've always been proud of being Taiwanese.
Defender (ISFJ-T)
不喜社交，藍白紅腦滾😤😤😤
我無法不關心政治，我們的生活就樣樣都是與政治有關.
每一代的台灣人，都可能是最後一代的台灣人.
希望我的子孫、後代還能為理想、為信念和平的抗爭.",想睡又睡不著
i.am.the.taiwanese,Wei De,"吃爆😍😍😍
你愛台灣我就愛你💚💚💚",2025-11-24 09:05,"I've always been proud of being Taiwanese.
Defender (ISFJ-T)
不喜社交，藍白紅腦滾😤😤😤
我無法不關心政治，我們的生活就樣樣都是與政治有關.
每一代的台灣人，都可能是最後一代的台灣人.
希望我的子孫、後代還能為理想、為信念和平的抗爭.",想睡又睡不著
i.am.the.taiwanese,Wei De,我們只是老了...不是S了🔥🔥🔥,2025-11-24 08:40,"I've always been proud of being Taiwanese.
Defender (ISFJ-T)
不喜社交，藍白紅腦滾😤😤😤
我無法不關心政治，我們的生活就樣樣都是與政治有關.
每一代的台灣人，都可能是最後一代的台灣人.
希望我的子孫、後代還能為理想、為信念和平的抗爭.",想睡又睡不著
i.am.the.taiwanese,Wei De,"這什麼酷東西🤩🤩🤩
💚🇯🇵🤝🇹🇼🤝🇺🇸💚",2025-11-24 08:00,"I've always been proud of being Taiwanese.
Defender (ISFJ-T)
不喜社交，藍白紅腦滾😤😤😤
我無法不關心政治，我們的生活就樣樣都是與政治有關.
每一代的台灣人，都可能是最後一代的台灣人.
希望我的子孫、後代還能為理想、為信念和平的抗爭.",想睡又睡不著
i.am.the.taiwanese,Wei De,"連署教學圖卡＆網址：
linktr.ee/taiwa…",2025-11-24 00:30,"I've always been proud of being Taiwanese.
Defender (ISFJ-T)
不喜社交，藍白紅腦滾😤😤😤
我無法不關心政治，我們的生活就樣樣都是與政治有關.
每一代的台灣人，都可能是最後一代的台灣人.
希望我的子孫、後代還能為理想、為信念和平的抗爭.",想睡又睡不著
i.am.the.taiwanese,Wei De,對敵人散發同情心，S的就是你,2025-11-23 19:05,"I've always been proud of being Taiwanese.
Defender (ISFJ-T)
不喜社交，藍白紅腦滾😤😤😤
我無法不關心政治，我們的生活就樣樣都是與政治有關.
每一代的台灣人，都可能是最後一代的台灣人.
希望我的子孫、後代還能為理想、為信念和平的抗爭.",想睡又睡不著
i.am.the.taiwanese,Wei De,"黑眼豆豆在桃園開唱，有幾個人知道😅😅😅
我現在才知道😂😂😂",2025-11-23 08:34,"I've always been proud of being Taiwanese.
Defender (ISFJ-T)
不喜社交，藍白紅腦滾😤😤😤
我無法不關心政治，我們的生活就樣樣都是與政治有關.
每一代的台灣人，都可能是最後一代的台灣人.
希望我的子孫、後代還能為理想、為信念和平的抗爭.",想睡又睡不著
i.am.the.taiwanese,Wei De,"黑眼豆豆在桃園開唱，有幾個人知道😅😅😅
我現在才知道😂😂😂",2025-11-23 08:33,"I've always been proud of being Taiwanese.
Defender (ISFJ-T)
不喜社交，藍白紅腦滾😤😤😤
我無法不關心政治，我們的生活就樣樣都是與政治有關.
每一代的台灣人，都可能是最後一代的台灣人.
希望我的子孫、後代還能為理想、為信念和平的抗爭.",想睡又睡不著
i.am.the.taiwanese,Wei De,難怪我公司隔壁大樓的招待所最近都沒保母車載阿妹仔上下班了🤭🤭🤭,2025-11-23 07:58,"I've always been proud of being Taiwanese.
Defender (ISFJ-T)
不喜社交，藍白紅腦滾😤😤😤
我無法不關心政治，我們的生活就樣樣都是與政治有關.
每一代的台灣人，都可能是最後一代的台灣人.
希望我的子孫、後代還能為理想、為信念和平的抗爭.",想睡又睡不著
i.am.the.taiwanese,Wei De,"台灣隊在本屆長達10天賽事的世界警消運動會中，共獲得164面獎牌。
74面 金牌🥇🥇🥇
42面 銀牌🥈🥈
48面 銅牌🥉",2025-11-23 06:20,"I've always been proud of being Taiwanese.
Defender (ISFJ-T)
不喜社交，藍白紅腦滾😤😤😤
我無法不關心政治，我們的生活就樣樣都是與政治有關.
每一代的台灣人，都可能是最後一代的台灣人.
希望我的子孫、後代還能為理想、為信念和平的抗爭.",想睡又睡不著
i.am.the.taiwanese,Wei De,"我跟我太太
平均有一顆睪丸的概念
😏",2025-11-23 05:59,"I've always been proud of being Taiwanese.
Defender (ISFJ-T)
不喜社交，藍白紅腦滾😤😤😤
我無法不關心政治，我們的生活就樣樣都是與政治有關.
每一代的台灣人，都可能是最後一代的台灣人.
希望我的子孫、後代還能為理想、為信念和平的抗爭.",想睡又睡不著
i.am.the.taiwanese,Wei De,停、看、聽！！！,2025-11-22 07:39,"I've always been proud of being Taiwanese.
Defender (ISFJ-T)
不喜社交，藍白紅腦滾😤😤😤
我無法不關心政治，我們的生活就樣樣都是與政治有關.
每一代的台灣人，都可能是最後一代的台灣人.
希望我的子孫、後代還能為理想、為信念和平的抗爭.",想睡又睡不著
i.am.the.taiwanese,Wei De,"原來在月世界亂倒垃圾的垃圾人，
是國民黨籍的啊。",2025-11-22 07:32,"I've always been proud of being Taiwanese.
Defender (ISFJ-T)
不喜社交，藍白紅腦滾😤😤😤
我無法不關心政治，我們的生活就樣樣都是與政治有關.
每一代的台灣人，都可能是最後一代的台灣人.
希望我的子孫、後代還能為理想、為信念和平的抗爭.",想睡又睡不著
i.am.the.taiwanese,Wei De,...,2025-11-22 01:09,"I've always been proud of being Taiwanese.
Defender (ISFJ-T)
不喜社交，藍白紅腦滾😤😤😤
我無法不關心政治，我們的生活就樣樣都是與政治有關.
每一代的台灣人，都可能是最後一代的台灣人.
希望我的子孫、後代還能為理想、為信念和平的抗爭.",想睡又睡不著
i.am.the.taiwanese,Wei De,"中國的劇本就是要大家失望！！！
失望之後仇恨...
仇恨之後冷漠...
冷漠之後恐懼...",2025-11-22 00:54,"I've always been proud of being Taiwanese.
Defender (ISFJ-T)
不喜社交，藍白紅腦滾😤😤😤
我無法不關心政治，我們的生活就樣樣都是與政治有關.
每一代的台灣人，都可能是最後一代的台灣人.
希望我的子孫、後代還能為理想、為信念和平的抗爭.",想睡又睡不著
i.am.the.taiwanese,Wei De,"前菜而已😏
cna.com.tw/news…",2025-11-21 17:43,"I've always been proud of being Taiwanese.
Defender (ISFJ-T)
不喜社交，藍白紅腦滾😤😤😤
我無法不關心政治，我們的生活就樣樣都是與政治有關.
每一代的台灣人，都可能是最後一代的台灣人.
希望我的子孫、後代還能為理想、為信念和平的抗爭.",想睡又睡不著
i.am.the.taiwanese,Wei De,謝謝部長😍😍😍,2025-11-21 14:04,"I've always been proud of being Taiwanese.
Defender (ISFJ-T)
不喜社交，藍白紅腦滾😤😤😤
我無法不關心政治，我們的生活就樣樣都是與政治有關.
每一代的台灣人，都可能是最後一代的台灣人.
希望我的子孫、後代還能為理想、為信念和平的抗爭.",想睡又睡不著
i.am.the.taiwanese,Wei De,"如果六改四變成六改零呢？！
你以為投票投的贏中國人？？？
講過了香港只能示範一次...
講不聽、看不懂、教不會...
那就喜迎中國人來囉...",2025-11-21 11:28,"I've always been proud of being Taiwanese.
Defender (ISFJ-T)
不喜社交，藍白紅腦滾😤😤😤
我無法不關心政治，我們的生活就樣樣都是與政治有關.
每一代的台灣人，都可能是最後一代的台灣人.
希望我的子孫、後代還能為理想、為信念和平的抗爭.",想睡又睡不著
i.am.the.taiwanese,Wei De,笑死，誰啦🤣🤣🤣,2025-11-20 17:38,"I've always been proud of being Taiwanese.
Defender (ISFJ-T)
不喜社交，藍白紅腦滾😤😤😤
我無法不關心政治，我們的生活就樣樣都是與政治有關.
每一代的台灣人，都可能是最後一代的台灣人.
希望我的子孫、後代還能為理想、為信念和平的抗爭.",想睡又睡不著
i.am.the.taiwanese,Wei De,"影片來源：
facebook.com/share…",2025-11-20 15:33,"I've always been proud of being Taiwanese.
Defender (ISFJ-T)
不喜社交，藍白紅腦滾😤😤😤
我無法不關心政治，我們的生活就樣樣都是與政治有關.
每一代的台灣人，都可能是最後一代的台灣人.
希望我的子孫、後代還能為理想、為信念和平的抗爭.",想睡又睡不著
i.am.the.taiwanese,Wei De,"事實就是事實，大家講的那些東西都不是造謠...
第一時間不是檢討改進，而是開告那些說真話的人...
ok，這很⬜🟦👍，反正我是不會再去了😏",2025-11-20 01:22,"I've always been proud of being Taiwanese.
Defender (ISFJ-T)
不喜社交，藍白紅腦滾😤😤😤
我無法不關心政治，我們的生活就樣樣都是與政治有關.
每一代的台灣人，都可能是最後一代的台灣人.
希望我的子孫、後代還能為理想、為信念和平的抗爭.",想睡又睡不著
i.am.the.taiwanese,Wei De,"有這種中常委，國民黨內部還需要間諜嗎？
中國國民黨就是間諜本尊啦😏😏😏",2025-11-19 09:24,"I've always been proud of being Taiwanese.
Defender (ISFJ-T)
不喜社交，藍白紅腦滾😤😤😤
我無法不關心政治，我們的生活就樣樣都是與政治有關.
每一代的台灣人，都可能是最後一代的台灣人.
希望我的子孫、後代還能為理想、為信念和平的抗爭.",想睡又睡不著
i.am.the.taiwanese,Wei De,"笑死🤣🤣🤣
再用AI回覆阿🤣🤣🤣",2025-11-19 00:40,"I've always been proud of being Taiwanese.
Defender (ISFJ-T)
不喜社交，藍白紅腦滾😤😤😤
我無法不關心政治，我們的生活就樣樣都是與政治有關.
每一代的台灣人，都可能是最後一代的台灣人.
希望我的子孫、後代還能為理想、為信念和平的抗爭.",想睡又睡不著
i.am.the.taiwanese,Wei De,"每個國家擅長的運動不一定一樣...
真的不用勉強，就像中共的代表就是活摘器官😏😏😏",2025-11-18 23:45,"I've always been proud of being Taiwanese.
Defender (ISFJ-T)
不喜社交，藍白紅腦滾😤😤😤
我無法不關心政治，我們的生活就樣樣都是與政治有關.
每一代的台灣人，都可能是最後一代的台灣人.
希望我的子孫、後代還能為理想、為信念和平的抗爭.",想睡又睡不著
i.am.the.taiwanese,Wei De,"日本帥翻了😍😍😍
日本戰鬥機升空，驅離侵入台灣防空識別區的中國無人機🇯🇵💚🇹🇼",2025-11-18 20:16,"I've always been proud of being Taiwanese.
Defender (ISFJ-T)
不喜社交，藍白紅腦滾😤😤😤
我無法不關心政治，我們的生活就樣樣都是與政治有關.
每一代的台灣人，都可能是最後一代的台灣人.
希望我的子孫、後代還能為理想、為信念和平的抗爭.",想睡又睡不著
i.am.the.taiwanese,Wei De,🥹🥹🥹,2025-11-18 01:46,"I've always been proud of being Taiwanese.
Defender (ISFJ-T)
不喜社交，藍白紅腦滾😤😤😤
我無法不關心政治，我們的生活就樣樣都是與政治有關.
每一代的台灣人，都可能是最後一代的台灣人.
希望我的子孫、後代還能為理想、為信念和平的抗爭.",想睡又睡不著
i.am.the.taiwanese,Wei De,threads.com/@cdex…,2025-11-18 00:02,"I've always been proud of being Taiwanese.
Defender (ISFJ-T)
不喜社交，藍白紅腦滾😤😤😤
我無法不關心政治，我們的生活就樣樣都是與政治有關.
每一代的台灣人，都可能是最後一代的台灣人.
希望我的子孫、後代還能為理想、為信念和平的抗爭.",想睡又睡不著
i.am.the.taiwanese,Wei De,好像有人講到垃圾山？！,2025-11-17 23:49,"I've always been proud of being Taiwanese.
Defender (ISFJ-T)
不喜社交，藍白紅腦滾😤😤😤
我無法不關心政治，我們的生活就樣樣都是與政治有關.
每一代的台灣人，都可能是最後一代的台灣人.
希望我的子孫、後代還能為理想、為信念和平的抗爭.",想睡又睡不著
i.am.the.taiwanese,Wei De,"好可愛🤩🤩🤩
有配音版的😍😍😍
插畫：
@afoxtreetw
@afoxtreetw
配音：
@bao_ger
@bao_ger",2025-11-17 12:42,"I've always been proud of being Taiwanese.
Defender (ISFJ-T)
不喜社交，藍白紅腦滾😤😤😤
我無法不關心政治，我們的生活就樣樣都是與政治有關.
每一代的台灣人，都可能是最後一代的台灣人.
希望我的子孫、後代還能為理想、為信念和平的抗爭.",想睡又睡不著
i.am.the.taiwanese,Wei De,半夜在看咪琴成長回憶錄💚💚💚,2025-11-17 02:05,"I've always been proud of being Taiwanese.
Defender (ISFJ-T)
不喜社交，藍白紅腦滾😤😤😤
我無法不關心政治，我們的生活就樣樣都是與政治有關.
每一代的台灣人，都可能是最後一代的台灣人.
希望我的子孫、後代還能為理想、為信念和平的抗爭.",想睡又睡不著
i.am.the.taiwanese,Wei De,"直接跳過地方農業局，什麼都中央?
以後公務員都中央指派要不要😏",2025-11-16 19:03,"I've always been proud of being Taiwanese.
Defender (ISFJ-T)
不喜社交，藍白紅腦滾😤😤😤
我無法不關心政治，我們的生活就樣樣都是與政治有關.
每一代的台灣人，都可能是最後一代的台灣人.
希望我的子孫、後代還能為理想、為信念和平的抗爭.",想睡又睡不著
i.am.the.taiwanese,Wei De,"⚠️⚠️⚠️ 注 意 ⚠️⚠️⚠️
要選舉了...
社團開始私密改成公開...
開始準備帶風向囉😏",2025-11-15 18:16,"I've always been proud of being Taiwanese.
Defender (ISFJ-T)
不喜社交，藍白紅腦滾😤😤😤
我無法不關心政治，我們的生活就樣樣都是與政治有關.
每一代的台灣人，都可能是最後一代的台灣人.
希望我的子孫、後代還能為理想、為信念和平的抗爭.",想睡又睡不著
i.am.the.taiwanese,Wei De,"為什麼總是國民黨執政的縣市在出包？！
news.ltn.com.tw/news…",2025-11-15 18:06,"I've always been proud of being Taiwanese.
Defender (ISFJ-T)
不喜社交，藍白紅腦滾😤😤😤
我無法不關心政治，我們的生活就樣樣都是與政治有關.
每一代的台灣人，都可能是最後一代的台灣人.
希望我的子孫、後代還能為理想、為信念和平的抗爭.",想睡又睡不著
i.am.the.taiwanese,Wei De,一起來連署～,2025-11-15 07:01,"I've always been proud of being Taiwanese.
Defender (ISFJ-T)
不喜社交，藍白紅腦滾😤😤😤
我無法不關心政治，我們的生活就樣樣都是與政治有關.
每一代的台灣人，都可能是最後一代的台灣人.
希望我的子孫、後代還能為理想、為信念和平的抗爭.",想睡又睡不著
i.am.the.taiwanese,Wei De,"上個班肉呆好像要爆炸了🤩🤩🤩
資訊量好大😂",2025-11-15 06:14,"I've always been proud of being Taiwanese.
Defender (ISFJ-T)
不喜社交，藍白紅腦滾😤😤😤
我無法不關心政治，我們的生活就樣樣都是與政治有關.
每一代的台灣人，都可能是最後一代的台灣人.
希望我的子孫、後代還能為理想、為信念和平的抗爭.",想睡又睡不著
i.am.the.taiwanese,Wei De,"快來快來～～～
join.gov.tw/idea…",2025-11-15 00:16,"I've always been proud of being Taiwanese.
Defender (ISFJ-T)
不喜社交，藍白紅腦滾😤😤😤
我無法不關心政治，我們的生活就樣樣都是與政治有關.
每一代的台灣人，都可能是最後一代的台灣人.
希望我的子孫、後代還能為理想、為信念和平的抗爭.",想睡又睡不著
i.am.the.taiwanese,Wei De,興農牛興農牛興農牛😍😍😍,2025-11-14 23:46,"I've always been proud of being Taiwanese.
Defender (ISFJ-T)
不喜社交，藍白紅腦滾😤😤😤
我無法不關心政治，我們的生活就樣樣都是與政治有關.
每一代的台灣人，都可能是最後一代的台灣人.
希望我的子孫、後代還能為理想、為信念和平的抗爭.",想睡又睡不著
i.am.the.taiwanese,Wei De,上電視囉～,2025-11-14 14:28,"I've always been proud of being Taiwanese.
Defender (ISFJ-T)
不喜社交，藍白紅腦滾😤😤😤
我無法不關心政治，我們的生活就樣樣都是與政治有關.
每一代的台灣人，都可能是最後一代的台灣人.
希望我的子孫、後代還能為理想、為信念和平的抗爭.",想睡又睡不著
i.am.the.taiwanese,Wei De,香港...只能示範一次...,2025-11-14 13:08,"I've always been proud of being Taiwanese.
Defender (ISFJ-T)
不喜社交，藍白紅腦滾😤😤😤
我無法不關心政治，我們的生活就樣樣都是與政治有關.
每一代的台灣人，都可能是最後一代的台灣人.
希望我的子孫、後代還能為理想、為信念和平的抗爭.",想睡又睡不著
i.am.the.taiwanese,Wei De,Puma：「🇰🇷🐟院長這樣的一個高度，不能說高度啦，因為就沒有高度啦齁...」🤣🤣🤣🤣🤣🤣🤣🤣🤣🤣🤣🤣🤣🤣,2025-11-14 12:20,"I've always been proud of being Taiwanese.
Defender (ISFJ-T)
不喜社交，藍白紅腦滾😤😤😤
我無法不關心政治，我們的生活就樣樣都是與政治有關.
每一代的台灣人，都可能是最後一代的台灣人.
希望我的子孫、後代還能為理想、為信念和平的抗爭.",想睡又睡不著
i.am.the.taiwanese,Wei De,我是台灣人，我挺沈伯洋,2025-11-13 13:14,"I've always been proud of being Taiwanese.
Defender (ISFJ-T)
不喜社交，藍白紅腦滾😤😤😤
我無法不關心政治，我們的生活就樣樣都是與政治有關.
每一代的台灣人，都可能是最後一代的台灣人.
希望我的子孫、後代還能為理想、為信念和平的抗爭.",想睡又睡不著
i.am.the.taiwanese,Wei De,還是賈董會（有）做事👍👍👍,2025-11-13 12:26,"I've always been proud of being Taiwanese.
Defender (ISFJ-T)
不喜社交，藍白紅腦滾😤😤😤
我無法不關心政治，我們的生活就樣樣都是與政治有關.
每一代的台灣人，都可能是最後一代的台灣人.
希望我的子孫、後代還能為理想、為信念和平的抗爭.",想睡又睡不著
i.am.the.taiwanese,Wei De,"啊啊啊啊啊啊啊～～～
我也中獎了💚💚💚",2025-11-13 12:13,"I've always been proud of being Taiwanese.
Defender (ISFJ-T)
不喜社交，藍白紅腦滾😤😤😤
我無法不關心政治，我們的生活就樣樣都是與政治有關.
每一代的台灣人，都可能是最後一代的台灣人.
希望我的子孫、後代還能為理想、為信念和平的抗爭.",想睡又睡不著
i.am.the.taiwanese,Wei De,大家熟悉的🇰🇷🐟回來要重出江湖了🤣🤣🤣,2025-11-13 12:07,"I've always been proud of being Taiwanese.
Defender (ISFJ-T)
不喜社交，藍白紅腦滾😤😤😤
我無法不關心政治，我們的生活就樣樣都是與政治有關.
每一代的台灣人，都可能是最後一代的台灣人.
希望我的子孫、後代還能為理想、為信念和平的抗爭.",想睡又睡不著
i.am.the.taiwanese,Wei De,"笑死🤣🤣🤣
這臉打的夠響🤭🤭🤭",2025-11-13 11:34,"I've always been proud of being Taiwanese.
Defender (ISFJ-T)
不喜社交，藍白紅腦滾😤😤😤
我無法不關心政治，我們的生活就樣樣都是與政治有關.
每一代的台灣人，都可能是最後一代的台灣人.
希望我的子孫、後代還能為理想、為信念和平的抗爭.",想睡又睡不著
yi._8132,☆ﾟ⁠.⁠*⁠･⁠｡Ning（回追大帳,"睡前刷牙時：
好想睡覺
睡前刷牙後：
怎麼辦。睡不著了",2025-09-08 06:34,"˚₊‧꒰ა ☆ ໒꒱ ‧₊˚ / ENTB
⸝⸝⸝⸝⸝
@ 你 🫵🏻
⸝⸝⸝⸝⸝
✨沖100粉✨",想睡又睡不著
yi._8132,☆ﾟ⁠.⁠*⁠･⁠｡Ning（回追大帳,"上課時：
昏昏欲睡
老師開始講八卦時：
突然都有精神了",2025-09-07 21:46,"˚₊‧꒰ა ☆ ໒꒱ ‧₊˚ / ENTB
⸝⸝⸝⸝⸝
@ 你 🫵🏻
⸝⸝⸝⸝⸝
✨沖100粉✨",想睡又睡不著
yi._8132,☆ﾟ⁠.⁠*⁠･⁠｡Ning（回追大帳,"最討厭體育課的
體適能檢測",2025-09-07 21:14,"˚₊‧꒰ა ☆ ໒꒱ ‧₊˚ / ENTB
⸝⸝⸝⸝⸝
@ 你 🫵🏻
⸝⸝⸝⸝⸝
✨沖100粉✨",想睡又睡不著
yi._8132,☆ﾟ⁠.⁠*⁠･⁠｡Ning（回追大帳,"班上一定會有一個
不熟裝熟
的同學",2025-09-07 16:35,"˚₊‧꒰ა ☆ ໒꒱ ‧₊˚ / ENTB
⸝⸝⸝⸝⸝
@ 你 🫵🏻
⸝⸝⸝⸝⸝
✨沖100粉✨",想睡又睡不著
yi._8132,☆ﾟ⁠.⁠*⁠･⁠｡Ning（回追大帳,"有瀏海的女生最害怕
-
-
-
-
-
體育課（會直接變條碼",2025-09-07 15:30,"˚₊‧꒰ა ☆ ໒꒱ ‧₊˚ / ENTB
⸝⸝⸝⸝⸝
@ 你 🫵🏻
⸝⸝⸝⸝⸝
✨沖100粉✨",想睡又睡不著
yi._8132,☆ﾟ⁠.⁠*⁠･⁠｡Ning（回追大帳,"亞洲家長一天到晚一直問
“你功課寫好了嗎？書背好了嗎？不是要考試？”",2025-09-07 12:57,"˚₊‧꒰ა ☆ ໒꒱ ‧₊˚ / ENTB
⸝⸝⸝⸝⸝
@ 你 🫵🏻
⸝⸝⸝⸝⸝
✨沖100粉✨",想睡又睡不著
yi._8132,☆ﾟ⁠.⁠*⁠･⁠｡Ning（回追大帳,"在學校的尷尬瞬間
-
-
-
-
-
“被老師舉例子”",2025-09-07 12:32,"˚₊‧꒰ა ☆ ໒꒱ ‧₊˚ / ENTB
⸝⸝⸝⸝⸝
@ 你 🫵🏻
⸝⸝⸝⸝⸝
✨沖100粉✨",想睡又睡不著
yi._8132,☆ﾟ⁠.⁠*⁠･⁠｡Ning（回追大帳,"只要班上是奇數女生
“坐遊覽車直接死定”",2025-09-07 09:53,"˚₊‧꒰ა ☆ ໒꒱ ‧₊˚ / ENTB
⸝⸝⸝⸝⸝
@ 你 🫵🏻
⸝⸝⸝⸝⸝
✨沖100粉✨",想睡又睡不著
yi._8132,☆ﾟ⁠.⁠*⁠･⁠｡Ning（回追大帳,"只要班上是奇數女生
“分兩人組總會有一個人落單”",2025-09-06 22:21,"˚₊‧꒰ა ☆ ໒꒱ ‧₊˚ / ENTB
⸝⸝⸝⸝⸝
@ 你 🫵🏻
⸝⸝⸝⸝⸝
✨沖100粉✨",想睡又睡不著
yi._8132,☆ﾟ⁠.⁠*⁠･⁠｡Ning（回追大帳,"上數學課時：
超級簡單
數學考試時：
老師有教過嗎？",2025-09-06 14:47,"˚₊‧꒰ა ☆ ໒꒱ ‧₊˚ / ENTB
⸝⸝⸝⸝⸝
@ 你 🫵🏻
⸝⸝⸝⸝⸝
✨沖100粉✨",想睡又睡不著
yi._8132,☆ﾟ⁠.⁠*⁠･⁠｡Ning（回追大帳,"女生覺得躁的事
“洗頭髮時頭髮一直打結”",2025-09-06 13:04,"˚₊‧꒰ა ☆ ໒꒱ ‧₊˚ / ENTB
⸝⸝⸝⸝⸝
@ 你 🫵🏻
⸝⸝⸝⸝⸝
✨沖100粉✨",想睡又睡不著
yi._8132,☆ﾟ⁠.⁠*⁠･⁠｡Ning（回追大帳,"最討厭亞洲家長說的一句話
“一天到晚除了玩手機還會幹嘛”",2025-09-05 23:00,"˚₊‧꒰ა ☆ ໒꒱ ‧₊˚ / ENTB
⸝⸝⸝⸝⸝
@ 你 🫵🏻
⸝⸝⸝⸝⸝
✨沖100粉✨",想睡又睡不著
yi._8132,☆ﾟ⁠.⁠*⁠･⁠｡Ning（回追大帳,"只有女生才懂
月經來超級麻煩。會越弄越躁😇",2025-09-05 21:10,"˚₊‧꒰ა ☆ ໒꒱ ‧₊˚ / ENTB
⸝⸝⸝⸝⸝
@ 你 🫵🏻
⸝⸝⸝⸝⸝
✨沖100粉✨",想睡又睡不著
yi._8132,☆ﾟ⁠.⁠*⁠･⁠｡Ning（回追大帳,"新生的桌子：
整整齊齊
8、9年級的桌子：
歪七扭八、跟波浪一樣",2025-09-05 18:42,"˚₊‧꒰ა ☆ ໒꒱ ‧₊˚ / ENTB
⸝⸝⸝⸝⸝
@ 你 🫵🏻
⸝⸝⸝⸝⸝
✨沖100粉✨",想睡又睡不著
yi._8132,☆ﾟ⁠.⁠*⁠･⁠｡Ning（回追大帳,"純引戰
-
-
-
-
-
說一個你超雷的偶像、藝人、歌手",2025-09-03 16:37,"˚₊‧꒰ა ☆ ໒꒱ ‧₊˚ / ENTB
⸝⸝⸝⸝⸝
@ 你 🫵🏻
⸝⸝⸝⸝⸝
✨沖100粉✨",想睡又睡不著
canonkuo,𓃵𝓒𝓪𝓷𝓸𝓷 𝓚𝓾𝓸➹,"失眠一整晚
現在起床準備上班💼
媽的，沒吃安眠藥
到天亮也睡不著⋯⋯⋯😮‍💨",2025-11-11 06:54,"既人生為人，就別像狗一樣活著
別委屈自己，去成就別人
未經他人苦，莫勸他人善
你若經我苦，未必有我善",想睡又睡不著
canonkuo,𓃵𝓒𝓪𝓷𝓸𝓷 𝓚𝓾𝓸➹,"放不下對於過去的執念
不論是仇恨還是委屈
如果可以再選一次
拎北一定要當一個「不孝子」",2025-11-11 00:47,"既人生為人，就別像狗一樣活著
別委屈自己，去成就別人
未經他人苦，莫勸他人善
你若經我苦，未必有我善",想睡又睡不著
maomao_919,maomao_919,頭痛到睡不著,2025-11-24 17:43,"˖ ᨦ 陰晴不定自我貓塑女子 ദ ‎۟ ࣭
              ˖ ݁𖥔 ݁˖ 𐙚 ˖ ݁𖥔 ݁˖
 負面文很多很多，不敢回私訊",想睡又睡不著
maomao_919,maomao_919,睡午覺 密密密密米,2025-11-24 15:45,"˖ ᨦ 陰晴不定自我貓塑女子 ദ ‎۟ ࣭
              ˖ ݁𖥔 ݁˖ 𐙚 ˖ ݁𖥔 ݁˖
 負面文很多很多，不敢回私訊",想睡又睡不著
maomao_919,maomao_919,"心臟要爆炸了！！好可怕
有10隻倉鼠在我的胸腔跑滾輪還打仗",2025-11-24 14:49,"˖ ᨦ 陰晴不定自我貓塑女子 ദ ‎۟ ࣭
              ˖ ݁𖥔 ݁˖ 𐙚 ˖ ݁𖥔 ݁˖
 負面文很多很多，不敢回私訊",想睡又睡不著
maomao_919,maomao_919,我出門了！！！！其實全聯在我家對面而已！！！但還是好可怕！！！,2025-11-24 14:41,"˖ ᨦ 陰晴不定自我貓塑女子 ദ ‎۟ ࣭
              ˖ ݁𖥔 ݁˖ 𐙚 ˖ ݁𖥔 ݁˖
 負面文很多很多，不敢回私訊",想睡又睡不著
maomao_919,maomao_919,我的腿酸痛到要炸了,2025-11-23 23:15,"˖ ᨦ 陰晴不定自我貓塑女子 ദ ‎۟ ࣭
              ˖ ݁𖥔 ݁˖ 𐙚 ˖ ݁𖥔 ݁˖
 負面文很多很多，不敢回私訊",想睡又睡不著
maomao_919,maomao_919,"喔！大大壞消息
提早一站下公車了 現在要慢慢走回家T^T",2025-11-23 19:10,"˖ ᨦ 陰晴不定自我貓塑女子 ദ ‎۟ ࣭
              ˖ ݁𖥔 ݁˖ 𐙚 ˖ ݁𖥔 ݁˖
 負面文很多很多，不敢回私訊",想睡又睡不著
maomao_919,maomao_919,拍了漂亮照 好開心໒꒰ྀི മ ̫ മ ꒱ྀིა,2025-11-23 14:36,"˖ ᨦ 陰晴不定自我貓塑女子 ദ ‎۟ ࣭
              ˖ ݁𖥔 ݁˖ 𐙚 ˖ ݁𖥔 ݁˖
 負面文很多很多，不敢回私訊",想睡又睡不著
maomao_919,maomao_919,"卯咪明天要吃可可厚片
就這樣決定了",2025-11-22 19:15,"˖ ᨦ 陰晴不定自我貓塑女子 ദ ‎۟ ࣭
              ˖ ݁𖥔 ݁˖ 𐙚 ˖ ݁𖥔 ݁˖
 負面文很多很多，不敢回私訊",想睡又睡不著
maomao_919,maomao_919,好想吃迴轉壽司,2025-11-21 19:59,"˖ ᨦ 陰晴不定自我貓塑女子 ദ ‎۟ ࣭
              ˖ ݁𖥔 ݁˖ 𐙚 ˖ ݁𖥔 ݁˖
 負面文很多很多，不敢回私訊",想睡又睡不著
maomao_919,maomao_919,"原本心情舒暢一點了
因為和朋友聊天
但又因為另一個朋友壓力好大..不想回訊息.",2025-11-20 18:48,"˖ ᨦ 陰晴不定自我貓塑女子 ദ ‎۟ ࣭
              ˖ ݁𖥔 ݁˖ 𐙚 ˖ ݁𖥔 ݁˖
 負面文很多很多，不敢回私訊",想睡又睡不著
kokiz27_,koki,又失眠了,2025-10-26 02:36,不如我們從頭來過,想睡又睡不著
kokiz27_,koki,其实这是一种战术 我一直说我想死但一直没死 直到我真的死了的时候大家还是觉得我没死,2025-10-26 02:33,不如我們從頭來過,想睡又睡不著
kokiz27_,koki,我真是病了,2025-10-26 02:32,不如我們從頭來過,想睡又睡不著
kokiz27_,koki,老师你们不是说多读读书就能解决问题吗 为什么我现在都不知道爸爸妈妈为什么要把我生下来？,2025-10-26 02:21,不如我們從頭來過,想睡又睡不著
kokiz27_,koki,睡觉把我人生救了又把我人生毁了 除了睡觉我不知道还能做什么 但睡觉又可以让我不去思考这个问题,2025-10-26 02:18,不如我們從頭來過,想睡又睡不著
kokiz27_,koki,每次不想呆在外面做讨厌的事的时候心里就会想“我想回家” 其实我也不想回那个具体的家 我也不知道我想回的具体是哪里 可能是一个意象吧 和疾痛惨怛未尝不呼父母也是一个道理,2025-10-24 04:16,不如我們從頭來過,想睡又睡不著
kokiz27_,koki,吃过安眠药的人能不能告诉我吃了再睡觉是如何入睡的 睡眠质量会好吗 起床能不能舒服一点,2025-10-24 03:49,不如我們從頭來過,想睡又睡不著
kokiz27_,koki,感觉在上海ip下面回复“你快说那几个字”是近期最傻逼最莫名其妙的梗 是一定要从上海人嘴里说出别人土才是真的土是吗殊不知玩这个梗的人才是最土的那一群,2025-10-24 03:41,不如我們從頭來過,想睡又睡不著
kokiz27_,koki,其实我在covid之后就死了。,2025-10-24 03:35,不如我們從頭來過,想睡又睡不著
kokiz27_,koki,我已经接受了 十三岁会因为自己的存在而哭泣的人到了三十岁也会这样 thats our fate,2025-10-24 03:33,不如我們從頭來過,想睡又睡不著
kokiz27_,koki,我不喜欢小时候 但是我很想很想回到那个整个人窝在软塌的沙发里看文学作品 然后睡到傍晚闻到厨房煮饭味道的时候 回忆起来都有柔光滤镜,2025-10-24 03:31,不如我們從頭來過,想睡又睡不著
kokiz27_,koki,我老是想问我真的那么不值得像对待其他人那样对待吗。我只是想被看到而已。我觉得很难过。,2025-10-24 03:20,不如我們從頭來過,想睡又睡不著
kokiz27_,koki,不过说了这么多 我觉得显化是一种神奇但理所当然的事情 这个道理非常简单就是我有没有从这个事情中获益呢 如果有的话那我就相信它 而我确实因为fake it until make it发生了很多神奇的事情 最显著的就是在我非常渴望一笔钱的时候钱真的以我完全想不到的我很轻松的方式获得了 很多事情也都这样 虽然我时常因为犯病完全不能静下心来好好做这个事情 但是但凡我状态好一些了开始做了就一定会有成果 我觉得这个世界本身就是很神奇的 相信能让自己受益的东西就好了,2025-10-24 03:10,不如我們從頭來過,想睡又睡不著
kokiz27_,koki,我读高二的时候医生略带轻蔑地和我妈说我读了大学病就会好的 他见过太多这样的人了 后面我也半信半疑吧 毕竟对方是医生 后面其实维活到了现在也还是特别难受 难受程度能和高三比 这种周围人都认为你会变好而只有自己知道前面人生全是屎还得要反过来哄大家的日子太那个了,2025-10-24 03:06,不如我們從頭來過,想睡又睡不著
kokiz27_,koki,又失眠了,2025-10-21 02:19,不如我們從頭來過,想睡又睡不著
kokiz27_,koki,😔,2025-10-21 02:18,不如我們從頭來過,想睡又睡不著
kokiz27_,koki,爸爸妈妈你们为什么要生我。,2025-10-21 02:18,不如我們從頭來過,想睡又睡不著
kokiz27_,koki,深刻意识到了自己对于很多事情的认知是有问题的 但更深刻的意识到了改变不了,2025-10-21 02:16,不如我們從頭來過,想睡又睡不著
kokiz27_,koki,好想去欧洲,2025-10-21 02:13,不如我們從頭來過,想睡又睡不著
kokiz27_,koki,我每次都会在大崩溃的时候胡言乱语写遗书 写的东西我自己都不敢看第二次因为完全是在宣泄情绪 冷静一点了就会全部删掉 而又写得很多 我现在开始尝试在比较稳定的时候写了 写了之后也没有想再删掉 虽然我知道避谶 但活着死了还真的无所谓了 我不在乎了 只是我觉得某天我真的要死的时候什么认真写的东西都没有留下来也太不好了,2025-10-21 02:13,不如我們從頭來過,想睡又睡不著
kokiz27_,koki,我一边想结束歇斯底里的痛苦 一边拒绝变得平静,2025-10-21 02:06,不如我們從頭來過,想睡又睡不著
kokiz27_,koki,宿舍一爆发吵闹哄笑声就让我应激了 只能把头扣被子里哭,2025-10-21 02:03,不如我們從頭來過,想睡又睡不著
kokiz27_,koki,我不知道为什么我总下定不了决心。,2025-10-21 02:02,不如我們從頭來過,想睡又睡不著
kokiz27_,koki,死亡笔记都不够我写的,2025-10-21 02:00,不如我們從頭來過,想睡又睡不著
kokiz27_,koki,震惊地发现大学里一个能和我出去玩的同学都没有,2025-10-21 02:00,不如我們從頭來過,想睡又睡不著
kokiz27_,koki,精神病彻底地改变、然后侵占 最后成为了我的生活的全部,2025-10-21 01:57,不如我們從頭來過,想睡又睡不著
kokiz27_,koki,想死其实也是想爱了,2025-10-21 01:51,不如我們從頭來過,想睡又睡不著
kokiz27_,koki,好冷又好热,2025-10-21 01:50,不如我們從頭來過,想睡又睡不著
kokiz27_,koki,生活都这么惨了我还再带有一种侥幸心理 万一明天起床一切突然就都好了呢 因为这个所以一直没死成 现在想想这样的想法也带给我过挺多痛苦的,2025-10-21 00:38,不如我們從頭來過,想睡又睡不著
kokiz27_,koki,说来说去我真的只是想要平静的生活 不要一直这样每一天都很难熬很难吗？,2025-10-20 20:54,不如我們從頭來過,想睡又睡不著
kokiz27_,koki,现在有一种温水煮青蛙的绝望感 明明知道上的课完全没用还是要去上 被逼得很痛苦也没任何办法只能受着 讨厌周围的一切但是除了继续下去根本做不了别的事 看着自己的时间被浪费,2025-10-20 20:53,不如我們從頭來過,想睡又睡不著
kokiz27_,koki,如果我是某人游戏世界里的npc 为什么要让我有思维会痛苦呢,2025-10-16 01:36,不如我們從頭來過,想睡又睡不著
kokiz27_,koki,如果我到今年冬天还活着而且不会躯体化得下不来床 就去日本看雪,2025-10-16 01:29,不如我們從頭來過,想睡又睡不著
kokiz27_,koki,有一些人我光是想到就会一直掉眼泪。,2025-10-16 01:14,不如我們從頭來過,想睡又睡不著
kokiz27_,koki,我好狼狈 但某种程度上来说我的狼狈让我变得更真实了 因为这样也是能生存下去的,2025-10-16 01:14,不如我們從頭來過,想睡又睡不著
kokiz27_,koki,现在生活的娱乐基本上是0 恩格尔系数基本是100 以前我觉得天天吃饭睡觉其他事情不做的日子不如死了 现在真这样了也还是活着了 倒是也没什么的 人类不需要遮羞布,2025-10-16 01:12,不如我們從頭來過,想睡又睡不著
kokiz27_,koki,为什么你们要这么对待我呢 会不会我根本没有你们那么好的条件 成长环境 导致我没有办法发展出健全的心智 强壮的人格 生活得一直都很痛苦也只是我自己在承担而已,2025-10-16 01:10,不如我們從頭來過,想睡又睡不著
kokiz27_,koki,我妈先前承认过她用让我去做鸡来骂我 和我很不耐烦道歉了 我爸和我说他已经为了这个事情和我妈吵过架 然后让我不许在意这个事情因为他们不是故意的 后来我妈干脆不承认她骂我说我很贱生下来欠操之类的话 用无法置信的表情看我 责备我为什么这样说她 那一刻我真的感觉比一盆冷水泼在头上还冰冷 为什么一个人能那样否认自己做过的事 又说自己很爱我？我到现在都不知道“家庭”是一个该如何对待的东西,2025-10-16 01:07,不如我們從頭來過,想睡又睡不著
kokiz27_,koki,我有努力变得不在乎,2025-10-16 01:00,不如我們從頭來過,想睡又睡不著
kokiz27_,koki,躁期到了 又可以生活了！,2025-10-14 16:08,不如我們從頭來過,想睡又睡不著
kokiz27_,koki,为啥这个世界要这么欺负我？我连问gpt都会说你好谢谢,2025-10-13 19:13,不如我們從頭來過,想睡又睡不著
kokiz27_,koki,缓过来了一点 在自习室学一下明天quiz的内容吧,2025-10-13 19:10,不如我們從頭來過,想睡又睡不著
kokiz27_,koki,哎,2025-10-13 16:44,不如我們從頭來過,想睡又睡不著
kokiz27_,koki,今天又瘫在床上上不了课了 我身上感觉的痛到底是真的还是幻觉来的？,2025-10-13 16:42,不如我們從頭來過,想睡又睡不著
kokiz27_,koki,自残是一种低成本的自杀,2025-10-13 00:25,不如我們從頭來過,想睡又睡不著
kokiz27_,koki,突然发觉“没有xx的义务”是一个非常值得学习的很有主体性都表达,2025-10-12 23:57,不如我們從頭來過,想睡又睡不著
kokiz27_,koki,我又到郁期了 感觉自己和一个垃圾袋一样不知道为了什么吃饭 吃完饭就倒在床上迷迷糊糊睡 再起来再吃饭 做不了任何除了这些的事情 我最近一直在想去看医生或者是休学 前者是我每次实在感觉要死了才去做的事情 而且我也知道每次都没效果的 只是又领回来一堆价值不低的药片然后往嘴里塞寻求一种脆弱的人造的平静..我真不知道该怎么处理了 还是继续去睡觉吧,2025-10-12 23:23,不如我們從頭來過,想睡又睡不著
kokiz27_,koki,我想要平静。,2025-10-12 23:18,不如我們從頭來過,想睡又睡不著
kokiz27_,koki,我的记忆受损真的好严重 有些事情变得很模糊 有些事情就像一个烤盘里的面包直接被切走了一块 我做任何纯记忆的事情都完全没成效,2025-10-12 23:18,不如我們從頭來過,想睡又睡不著
kokiz27_,koki,喜欢四季分明的地方 我生活的城市只有夏天和冬天,2025-10-12 23:13,不如我們從頭來過,想睡又睡不著
kokiz27_,koki,生活好痛苦我好搞笑生活好痛苦我好搞笑生活好痛苦我好搞笑生活好痛苦我好搞笑生活好痛苦我好搞笑生活好痛苦我好搞笑生活好痛苦我好搞笑生活好痛苦我好搞笑生活好痛苦我好搞笑生活好痛苦我好搞笑生活好痛苦我好搞笑生活好痛苦我好搞笑生活好痛苦我好搞笑,2025-10-12 23:11,不如我們從頭來過,想睡又睡不著
kokiz27_,koki,自从我六年级躺在床上无缘无故觉得很痛苦一直哭 我就知道我会一直笼罩在这样的世界里生活下去 已经不知道正常人是怎么生活的 脑袋里一些部分也病变了 其实你们正常人看到的一切都和精神病不一样 我也想在一个下午自然地睡起来然后拉开窗帘看太阳 我现在当然也能看太阳但那是不一样的 我能忍受这样如影随形的痛苦多久呢 我该如何向你表达我遗憾的心情。,2025-10-12 21:46,不如我們從頭來過,想睡又睡不著
lxyan_521,𝐂𝐲𝐬𝐳𝐚⁸,3:05 有人還醒著嗎 睡不著,2025-12-04 03:05,,想睡又睡不著
joy76.27,方寊｜泰寊學術｜按摩職人培訓導師ครูนนวด,"「自律神經失調」不是一種病，
而是一種長期壓力導致的身心過勞狀態。
會心悸、頭暈、睡不著、全身沒力，
醫生查不出病因，但真的不舒服。
所以別再說自己只是太敏感，
你只是太久沒好好照顧自己了。",2025-07-03 18:30,"💪 從工地女孩 → 技術創業者
🏠 創立「技術透天工作室」
📚 12年經絡調理｜2017年創業
✨ 培養實戰導師 × 輔導創業
📍 中泰式按摩｜艾草溫罐美胸師｜牛角撥經
👉 做自己的主，從技術開始",想睡又睡不著
joy76.27,方寊｜泰寊學術｜按摩職人培訓導師ครูนนวด,"習慣討好別人的人，
大腦「共情區域」會特別發達，
但「保護自己界線」的神經卻會變弱。
所以有些人不是不懂拒絕，
是神經系統已經習慣了「讓別人舒服」。",2025-07-03 18:00,"💪 從工地女孩 → 技術創業者
🏠 創立「技術透天工作室」
📚 12年經絡調理｜2017年創業
✨ 培養實戰導師 × 輔導創業
📍 中泰式按摩｜艾草溫罐美胸師｜牛角撥經
👉 做自己的主，從技術開始",想睡又睡不著
joy76.27,方寊｜泰寊學術｜按摩職人培訓導師ครูนนวด,"為別人設想太多、凡事都想幫忙時，
大腦會釋放多巴胺，
讓你「短暫覺得自己很重要」。
這也是為什麼常陷入「付出成癮」——
不是你太善良，是你想被需要。",2025-07-03 17:25,"💪 從工地女孩 → 技術創業者
🏠 創立「技術透天工作室」
📚 12年經絡調理｜2017年創業
✨ 培養實戰導師 × 輔導創業
📍 中泰式按摩｜艾草溫罐美胸師｜牛角撥經
👉 做自己的主，從技術開始",想睡又睡不著
joy76.27,方寊｜泰寊學術｜按摩職人培訓導師ครูนนวด,"身體只要 6 秒就能感受到一個擁抱的效果，
超過 20 秒的擁抱，能刺激大腦分泌催產素，
降低焦慮、穩定情緒。
人類真的需要「被抱住」，
不是脆弱，是生理需求。",2025-07-03 17:00,"💪 從工地女孩 → 技術創業者
🏠 創立「技術透天工作室」
📚 12年經絡調理｜2017年創業
✨ 培養實戰導師 × 輔導創業
📍 中泰式按摩｜艾草溫罐美胸師｜牛角撥經
👉 做自己的主，從技術開始",想睡又睡不著
joy76.27,方寊｜泰寊學術｜按摩職人培訓導師ครูนนวด,"憂鬱症的人，通常不是「每天都哭」，
而是常常「連哭都哭不出來」。
情緒被大腦冰封了，剩下的只有空洞和倦怠。
那不是裝病，是真的痛得太久了。",2025-07-03 16:30,"💪 從工地女孩 → 技術創業者
🏠 創立「技術透天工作室」
📚 12年經絡調理｜2017年創業
✨ 培養實戰導師 × 輔導創業
📍 中泰式按摩｜艾草溫罐美胸師｜牛角撥經
👉 做自己的主，從技術開始",想睡又睡不著
joy76.27,方寊｜泰寊學術｜按摩職人培訓導師ครูนนวด,"當愛上一個人時，
大腦會分泌一種「上癮物質」多巴胺，
跟毒品上癮幾乎一樣。
所以失戀時會像戒毒一樣難受，是真的。",2025-07-03 15:59,"💪 從工地女孩 → 技術創業者
🏠 創立「技術透天工作室」
📚 12年經絡調理｜2017年創業
✨ 培養實戰導師 × 輔導創業
📍 中泰式按摩｜艾草溫罐美胸師｜牛角撥經
👉 做自己的主，從技術開始",想睡又睡不著
joy76.27,方寊｜泰寊學術｜按摩職人培訓導師ครูนนวด,"有時候覺得「好累」，
不是因為事情太多，而是一邊做事一邊在內耗：
想太多、怕做不好、擔心別人怎麼想……
比起忙，最消耗人的，是「過度自我監控」。",2025-07-03 15:00,"💪 從工地女孩 → 技術創業者
🏠 創立「技術透天工作室」
📚 12年經絡調理｜2017年創業
✨ 培養實戰導師 × 輔導創業
📍 中泰式按摩｜艾草溫罐美胸師｜牛角撥經
👉 做自己的主，從技術開始",想睡又睡不著
joy76.27,方寊｜泰寊學術｜按摩職人培訓導師ครูนนวด,"「沒安全感」不是太黏人，
而是大腦的杏仁核對風險太敏感，
它會誤以為小事情＝巨大危機。
這不是個性，
是從小的環境教會你：要一直警戒。",2025-07-03 14:00,"💪 從工地女孩 → 技術創業者
🏠 創立「技術透天工作室」
📚 12年經絡調理｜2017年創業
✨ 培養實戰導師 × 輔導創業
📍 中泰式按摩｜艾草溫罐美胸師｜牛角撥經
👉 做自己的主，從技術開始",想睡又睡不著
joy76.27,方寊｜泰寊學術｜按摩職人培訓導師ครูนนวด,"人在說謊的時候，會不自覺摸鼻子。
因為緊張會刺激交感神經，
導致鼻黏膜充血、發癢。
所以有些人不是鼻子癢，是良心癢。",2025-07-03 13:00,"💪 從工地女孩 → 技術創業者
🏠 創立「技術透天工作室」
📚 12年經絡調理｜2017年創業
✨ 培養實戰導師 × 輔導創業
📍 中泰式按摩｜艾草溫罐美胸師｜牛角撥經
👉 做自己的主，從技術開始",想睡又睡不著
joy76.27,方寊｜泰寊學術｜按摩職人培訓導師ครูนนวด,"當一邊滑手機、一邊吃飯時，
大腦會錯過「吃飽」的信號，導致越吃越多。
這叫「分心性過度飲食」。
不是嘴饞，是沒專心吃飯。",2025-07-03 12:00,"💪 從工地女孩 → 技術創業者
🏠 創立「技術透天工作室」
📚 12年經絡調理｜2017年創業
✨ 培養實戰導師 × 輔導創業
📍 中泰式按摩｜艾草溫罐美胸師｜牛角撥經
👉 做自己的主，從技術開始",想睡又睡不著
joy76.27,方寊｜泰寊學術｜按摩職人培訓導師ครูนนวด,"當你對一個人「生氣到極點」，
代表你其實曾經非常在意他。
因為最深的怒，來自最深的傷。
不是真的恨，是心裡有太多沒說出口的話。",2025-07-03 11:00,"💪 從工地女孩 → 技術創業者
🏠 創立「技術透天工作室」
📚 12年經絡調理｜2017年創業
✨ 培養實戰導師 × 輔導創業
📍 中泰式按摩｜艾草溫罐美胸師｜牛角撥經
👉 做自己的主，從技術開始",想睡又睡不著
joy76.27,方寊｜泰寊學術｜按摩職人培訓導師ครูนนวด,"其實 70% 的人都曾在陌生人面前「說出心裡話」，
反而對熟人保持沉默。
因為陌生人沒有既定印象，
才敢放下形象，說出真實。",2025-07-03 10:00,"💪 從工地女孩 → 技術創業者
🏠 創立「技術透天工作室」
📚 12年經絡調理｜2017年創業
✨ 培養實戰導師 × 輔導創業
📍 中泰式按摩｜艾草溫罐美胸師｜牛角撥經
👉 做自己的主，從技術開始",想睡又睡不著
joy76.27,方寊｜泰寊學術｜按摩職人培訓導師ครูนนวด,"人並不是「心碎才流淚」，
而是「流淚可以防止心碎」。
流淚是大腦幫你修復情緒的機制，
它不是軟弱，是治癒。",2025-07-03 08:59,"💪 從工地女孩 → 技術創業者
🏠 創立「技術透天工作室」
📚 12年經絡調理｜2017年創業
✨ 培養實戰導師 × 輔導創業
📍 中泰式按摩｜艾草溫罐美胸師｜牛角撥經
👉 做自己的主，從技術開始",想睡又睡不著
joy76.27,方寊｜泰寊學術｜按摩職人培訓導師ครูนนวด,"今天只有一個小目標：
讓我好好坐下來吃頓飯
沒有電話、沒有打擾、沒有「老師我問一下」",2025-07-02 23:00,"💪 從工地女孩 → 技術創業者
🏠 創立「技術透天工作室」
📚 12年經絡調理｜2017年創業
✨ 培養實戰導師 × 輔導創業
📍 中泰式按摩｜艾草溫罐美胸師｜牛角撥經
👉 做自己的主，從技術開始",想睡又睡不著
joy76.27,方寊｜泰寊學術｜按摩職人培訓導師ครูนนวด,"可以不用那麼懂事啦，
這世界已經夠難了，
自己就值得被好好對待。",2025-07-02 22:52,"💪 從工地女孩 → 技術創業者
🏠 創立「技術透天工作室」
📚 12年經絡調理｜2017年創業
✨ 培養實戰導師 × 輔導創業
📍 中泰式按摩｜艾草溫罐美胸師｜牛角撥經
👉 做自己的主，從技術開始",想睡又睡不著
joy76.27,方寊｜泰寊學術｜按摩職人培訓導師ครูนนวด,"工作室沒在比誰厲害
比的是誰先忘記今天幾號",2025-07-02 22:00,"💪 從工地女孩 → 技術創業者
🏠 創立「技術透天工作室」
📚 12年經絡調理｜2017年創業
✨ 培養實戰導師 × 輔導創業
📍 中泰式按摩｜艾草溫罐美胸師｜牛角撥經
👉 做自己的主，從技術開始",想睡又睡不著
joy76.27,方寊｜泰寊學術｜按摩職人培訓導師ครูนนวด,"忙完一整天
不是想放空
是想有人懂我在忙什麼",2025-07-02 21:00,"💪 從工地女孩 → 技術創業者
🏠 創立「技術透天工作室」
📚 12年經絡調理｜2017年創業
✨ 培養實戰導師 × 輔導創業
📍 中泰式按摩｜艾草溫罐美胸師｜牛角撥經
👉 做自己的主，從技術開始",想睡又睡不著
joy76.27,方寊｜泰寊學術｜按摩職人培訓導師ครูนนวด,"今天明明沒做什麼
但一整天心很累
不是討厭人
只是很想安靜一下",2025-07-02 20:00,"💪 從工地女孩 → 技術創業者
🏠 創立「技術透天工作室」
📚 12年經絡調理｜2017年創業
✨ 培養實戰導師 × 輔導創業
📍 中泰式按摩｜艾草溫罐美胸師｜牛角撥經
👉 做自己的主，從技術開始",想睡又睡不著
joy76.27,方寊｜泰寊學術｜按摩職人培訓導師ครูนนวด,"當你開始學會拒絕，
大腦會出現類似「危險」反應
因為以前太乖、太忍、太配合
所以當第一次說「不要」
身體會怕，不是做錯了
是正在練習成為真實的自己。",2025-07-02 19:00,"💪 從工地女孩 → 技術創業者
🏠 創立「技術透天工作室」
📚 12年經絡調理｜2017年創業
✨ 培養實戰導師 × 輔導創業
📍 中泰式按摩｜艾草溫罐美胸師｜牛角撥經
👉 做自己的主，從技術開始",想睡又睡不著
joy76.27,方寊｜泰寊學術｜按摩職人培訓導師ครูนนวด,"有時候不是想裝沒事，
是真的不知道該怎麼說出口。",2025-07-02 17:53,"💪 從工地女孩 → 技術創業者
🏠 創立「技術透天工作室」
📚 12年經絡調理｜2017年創業
✨ 培養實戰導師 × 輔導創業
📍 中泰式按摩｜艾草溫罐美胸師｜牛角撥經
👉 做自己的主，從技術開始",想睡又睡不著
joy76.27,方寊｜泰寊學術｜按摩職人培訓導師ครูนนวด,"真正的療癒，不是靠「加法」，
而是學會「停下來」
不需要再買一個課程
不需要再逼自己正能量
只是太久沒問自己
「我累了嗎？」",2025-07-02 17:00,"💪 從工地女孩 → 技術創業者
🏠 創立「技術透天工作室」
📚 12年經絡調理｜2017年創業
✨ 培養實戰導師 × 輔導創業
📍 中泰式按摩｜艾草溫罐美胸師｜牛角撥經
👉 做自己的主，從技術開始",想睡又睡不著
joy76.27,方寊｜泰寊學術｜按摩職人培訓導師ครูนนวด,"現在的模樣，就已經很棒了。
真的，不用再為了誰改來改去。",2025-07-02 16:11,"💪 從工地女孩 → 技術創業者
🏠 創立「技術透天工作室」
📚 12年經絡調理｜2017年創業
✨ 培養實戰導師 × 輔導創業
📍 中泰式按摩｜艾草溫罐美胸師｜牛角撥經
👉 做自己的主，從技術開始",想睡又睡不著
joy76.27,方寊｜泰寊學術｜按摩職人培訓導師ครูนนวด,"習慣一個人扛事的人，
壓力來時反而更容易失控
不是因為不堅強
而是因為太久沒被接住
連崩潰都要找空檔。",2025-07-02 16:00,"💪 從工地女孩 → 技術創業者
🏠 創立「技術透天工作室」
📚 12年經絡調理｜2017年創業
✨ 培養實戰導師 × 輔導創業
📍 中泰式按摩｜艾草溫罐美胸師｜牛角撥經
👉 做自己的主，從技術開始",想睡又睡不著
joy76.27,方寊｜泰寊學術｜按摩職人培訓導師ครูนนวด,"成年人的世界很靜，
痛也不吵，累也不說。",2025-07-02 15:47,"💪 從工地女孩 → 技術創業者
🏠 創立「技術透天工作室」
📚 12年經絡調理｜2017年創業
✨ 培養實戰導師 × 輔導創業
📍 中泰式按摩｜艾草溫罐美胸師｜牛角撥經
👉 做自己的主，從技術開始",想睡又睡不著
joy76.27,方寊｜泰寊學術｜按摩職人培訓導師ครูนนวด,"人類會「記住受過的傷」，
但不太記得自己何時快樂過
這就是為什麼
你明明過得不錯
還是時不時覺得人生很苦
因為在為過去，習慣性地痛。",2025-07-02 15:00,"💪 從工地女孩 → 技術創業者
🏠 創立「技術透天工作室」
📚 12年經絡調理｜2017年創業
✨ 培養實戰導師 × 輔導創業
📍 中泰式按摩｜艾草溫罐美胸師｜牛角撥經
👉 做自己的主，從技術開始",想睡又睡不著
joy76.27,方寊｜泰寊學術｜按摩職人培訓導師ครูนนวด,"很努力撐住一個自己，
那個不鬧情緒、不麻煩別人的自己。",2025-07-02 14:38,"💪 從工地女孩 → 技術創業者
🏠 創立「技術透天工作室」
📚 12年經絡調理｜2017年創業
✨ 培養實戰導師 × 輔導創業
📍 中泰式按摩｜艾草溫罐美胸師｜牛角撥經
👉 做自己的主，從技術開始",想睡又睡不著
joy76.27,方寊｜泰寊學術｜按摩職人培訓導師ครูนนวด,"社群按讚的即時反饋，
跟毒品啟動的區域是同一塊大腦
所以刷留言、看數字、情緒起伏
不是因為膚淺
是因為中毒了。",2025-07-02 14:00,"💪 從工地女孩 → 技術創業者
🏠 創立「技術透天工作室」
📚 12年經絡調理｜2017年創業
✨ 培養實戰導師 × 輔導創業
📍 中泰式按摩｜艾草溫罐美胸師｜牛角撥經
👉 做自己的主，從技術開始",想睡又睡不著
joy76.27,方寊｜泰寊學術｜按摩職人培訓導師ครูนนวด,"有發現嗎？
越堅強的人，越需要被理解。",2025-07-02 13:51,"💪 從工地女孩 → 技術創業者
🏠 創立「技術透天工作室」
📚 12年經絡調理｜2017年創業
✨ 培養實戰導師 × 輔導創業
📍 中泰式按摩｜艾草溫罐美胸師｜牛角撥經
👉 做自己的主，從技術開始",想睡又睡不著
joy76.27,方寊｜泰寊學術｜按摩職人培訓導師ครูนนวด,"連續看短影音超過40分鐘，
大腦的決策區會暫時退化
不是沒定力
是滑完根本回不來
那不是放鬆，是自我麻痺。",2025-07-02 13:00,"💪 從工地女孩 → 技術創業者
🏠 創立「技術透天工作室」
📚 12年經絡調理｜2017年創業
✨ 培養實戰導師 × 輔導創業
📍 中泰式按摩｜艾草溫罐美胸師｜牛角撥經
👉 做自己的主，從技術開始",想睡又睡不著
joy76.27,方寊｜泰寊學術｜按摩職人培訓導師ครูนนวด,"真正的陪伴，不是解決問題，
是讓你知道──你不用一個人扛。",2025-07-02 12:45,"💪 從工地女孩 → 技術創業者
🏠 創立「技術透天工作室」
📚 12年經絡調理｜2017年創業
✨ 培養實戰導師 × 輔導創業
📍 中泰式按摩｜艾草溫罐美胸師｜牛角撥經
👉 做自己的主，從技術開始",想睡又睡不著
joy76.27,方寊｜泰寊學術｜按摩職人培訓導師ครูนนวด,"經常強顏歡笑的人，情緒崩潰時會更猛烈
因為把痛苦關太久
表面笑得越多
內心其實越像礦坑
一旦塌方，就是全線崩解。",2025-07-02 12:00,"💪 從工地女孩 → 技術創業者
🏠 創立「技術透天工作室」
📚 12年經絡調理｜2017年創業
✨ 培養實戰導師 × 輔導創業
📍 中泰式按摩｜艾草溫罐美胸師｜牛角撥經
👉 做自己的主，從技術開始",想睡又睡不著
joy76.27,方寊｜泰寊學術｜按摩職人培訓導師ครูนนวด,"什麼都做得很好，
只是忘了誇自己一句：我真的很不簡單。",2025-07-02 11:20,"💪 從工地女孩 → 技術創業者
🏠 創立「技術透天工作室」
📚 12年經絡調理｜2017年創業
✨ 培養實戰導師 × 輔導創業
📍 中泰式按摩｜艾草溫罐美胸師｜牛角撥經
👉 做自己的主，從技術開始",想睡又睡不著
joy76.27,方寊｜泰寊學術｜按摩職人培訓導師ครูนนวด,"我們的大腦會把「忙碌」誤以為是「有價值」
一直做事 → 感覺有用
一停下來 → 感覺內疚
不是上癮工作
是忘了怎麼好好存在。",2025-07-02 11:00,"💪 從工地女孩 → 技術創業者
🏠 創立「技術透天工作室」
📚 12年經絡調理｜2017年創業
✨ 培養實戰導師 × 輔導創業
📍 中泰式按摩｜艾草溫罐美胸師｜牛角撥經
👉 做自己的主，從技術開始",想睡又睡不著
joy76.27,方寊｜泰寊學術｜按摩職人培訓導師ครูนนวด,"偶爾當個小廢物沒關係，
已經撐了這麼久，值得可愛一點。",2025-07-02 10:09,"💪 從工地女孩 → 技術創業者
🏠 創立「技術透天工作室」
📚 12年經絡調理｜2017年創業
✨ 培養實戰導師 × 輔導創業
📍 中泰式按摩｜艾草溫罐美胸師｜牛角撥經
👉 做自己的主，從技術開始",想睡又睡不著
joy76.27,方寊｜泰寊學術｜按摩職人培訓導師ครูนนวด,"手機震動的聲音會引發「輕微腎上腺素反應」
不是躁鬱症，是身體真的以為要出事
難怪總是焦慮、累、睡不好
不是懶，是被訊息逼瘋了。",2025-07-02 10:00,"💪 從工地女孩 → 技術創業者
🏠 創立「技術透天工作室」
📚 12年經絡調理｜2017年創業
✨ 培養實戰導師 × 輔導創業
📍 中泰式按摩｜艾草溫罐美胸師｜牛角撥經
👉 做自己的主，從技術開始",想睡又睡不著
joy76.27,方寊｜泰寊學術｜按摩職人培訓導師ครูนนวด,"人類不擅長辨別「慢性不快樂」
如果不是很痛苦
我們就會以為自己還能撐
但其實——
日復一日的「還可以」，才最容易毀掉一個人。",2025-07-02 08:59,"💪 從工地女孩 → 技術創業者
🏠 創立「技術透天工作室」
📚 12年經絡調理｜2017年創業
✨ 培養實戰導師 × 輔導創業
📍 中泰式按摩｜艾草溫罐美胸師｜牛角撥經
👉 做自己的主，從技術開始",想睡又睡不著
joy76.27,方寊｜泰寊學術｜按摩職人培訓導師ครูนนวด,"現在流行的是「人設」
但你不是設計出來的
你有情緒、有空白、有沉默
這讓你不紅，但讓你真實
而真實，才留得住人心。",2025-07-01 23:00,"💪 從工地女孩 → 技術創業者
🏠 創立「技術透天工作室」
📚 12年經絡調理｜2017年創業
✨ 培養實戰導師 × 輔導創業
📍 中泰式按摩｜艾草溫罐美胸師｜牛角撥經
👉 做自己的主，從技術開始",想睡又睡不著
joy76.27,方寊｜泰寊學術｜按摩職人培訓導師ครูนนวด,"你選的主題不是熱門領域
你講的話不是大眾語言
你關注的角落沒人點燈
所以成長慢、讚很少、熱度不高
但這正是你在做的事的價值——
別人沒做，而你還在做。",2025-07-01 21:43,"💪 從工地女孩 → 技術創業者
🏠 創立「技術透天工作室」
📚 12年經絡調理｜2017年創業
✨ 培養實戰導師 × 輔導創業
📍 中泰式按摩｜艾草溫罐美胸師｜牛角撥經
👉 做自己的主，從技術開始",想睡又睡不著
joy76.27,方寊｜泰寊學術｜按摩職人培訓導師ครูนนวด,"有些內容，寫得超用心
但按讚的不是最多的
轉發的不是那篇
沒關係
真正懂得的人，總會繞一圈回來
然後說：你一直都在，我只是晚點才懂。",2025-07-01 21:00,"💪 從工地女孩 → 技術創業者
🏠 創立「技術透天工作室」
📚 12年經絡調理｜2017年創業
✨ 培養實戰導師 × 輔導創業
📍 中泰式按摩｜艾草溫罐美胸師｜牛角撥經
👉 做自己的主，從技術開始",想睡又睡不著
joy76.27,方寊｜泰寊學術｜按摩職人培訓導師ครูนนวด,"紅了不代表你準備好了
有些人紅太快，反而迷失更快
因為還沒找到自己，就先被外界定義完了
別急
現在的沉寂
其實是保護你別太早曝光在錯的舞台。",2025-07-01 20:44,"💪 從工地女孩 → 技術創業者
🏠 創立「技術透天工作室」
📚 12年經絡調理｜2017年創業
✨ 培養實戰導師 × 輔導創業
📍 中泰式按摩｜艾草溫罐美胸師｜牛角撥經
👉 做自己的主，從技術開始",想睡又睡不著
joy76.27,方寊｜泰寊學術｜按摩職人培訓導師ครูนนวด,"你不是沒有創作天分
只是一發完就看數據
然後開始否定自己
但其實真正的能量
只在「不想表現什麼，只想說真話」的那一瞬間。",2025-07-01 20:00,"💪 從工地女孩 → 技術創業者
🏠 創立「技術透天工作室」
📚 12年經絡調理｜2017年創業
✨ 培養實戰導師 × 輔導創業
📍 中泰式按摩｜艾草溫罐美胸師｜牛角撥經
👉 做自己的主，從技術開始",想睡又睡不著
joy76.27,方寊｜泰寊學術｜按摩職人培訓導師ครูนนวด,"你說你的東西沒人關注？
但其實沒人攻擊你、沒人扭曲你、沒人誤解你
這代表——你還很自由
當你開始被討厭，那才是你開始有聲音的時候
現在，剛剛好
安靜，純粹，自在。",2025-07-01 19:35,"💪 從工地女孩 → 技術創業者
🏠 創立「技術透天工作室」
📚 12年經絡調理｜2017年創業
✨ 培養實戰導師 × 輔導創業
📍 中泰式按摩｜艾草溫罐美胸師｜牛角撥經
👉 做自己的主，從技術開始",想睡又睡不著
joy76.27,方寊｜泰寊學術｜按摩職人培訓導師ครูนนวด,"每一次發文
不是向外吶喊
而是向內靠近自己
不是為了討喜
是為了安頓
創作，不是表演給世界看
是讓自己留在世界裡。",2025-07-01 19:00,"💪 從工地女孩 → 技術創業者
🏠 創立「技術透天工作室」
📚 12年經絡調理｜2017年創業
✨ 培養實戰導師 × 輔導創業
📍 中泰式按摩｜艾草溫罐美胸師｜牛角撥經
👉 做自己的主，從技術開始",想睡又睡不著
joy76.27,方寊｜泰寊學術｜按摩職人培訓導師ครูนนวด,"可以跟風、加特效、做浮誇的標題
可以變成流量機器，追著趨勢跑
但你知道嗎？
這些都會消耗創作的初心
那個「我想說點什麼」的念頭",2025-07-01 18:51,"💪 從工地女孩 → 技術創業者
🏠 創立「技術透天工作室」
📚 12年經絡調理｜2017年創業
✨ 培養實戰導師 × 輔導創業
📍 中泰式按摩｜艾草溫罐美胸師｜牛角撥經
👉 做自己的主，從技術開始",想睡又睡不著
joy76.27,方寊｜泰寊學術｜按摩職人培訓導師ครูนนวด,"每個創作者，
都經歷一段「像在對空氣說話」的時期
但那不是沒人聽
而是大家都還在觀望：你能不能穩定、夠不夠真",2025-07-01 18:00,"💪 從工地女孩 → 技術創業者
🏠 創立「技術透天工作室」
📚 12年經絡調理｜2017年創業
✨ 培養實戰導師 × 輔導創業
📍 中泰式按摩｜艾草溫罐美胸師｜牛角撥經
👉 做自己的主，從技術開始",想睡又睡不著
joy76.27,方寊｜泰寊學術｜按摩職人培訓導師ครูนนวด,"有時候你發文，不是為了現在有人看
而是為了未來的某一天
快撐不下去時
能看見曾經的自己，寫過這些話、走過那些路
你以為你在創作
其實在預留救自己的出口。",2025-07-01 17:19,"💪 從工地女孩 → 技術創業者
🏠 創立「技術透天工作室」
📚 12年經絡調理｜2017年創業
✨ 培養實戰導師 × 輔導創業
📍 中泰式按摩｜艾草溫罐美胸師｜牛角撥經
👉 做自己的主，從技術開始",想睡又睡不著
joy76.27,方寊｜泰寊學術｜按摩職人培訓導師ครูนนวด,"有些人追求的是讚、有些人追的是光
而你在找的是價值感
別急著讓全世界喜歡你
你不是來迎合的
是來提醒世界：真誠還是存在的。",2025-07-01 17:00,"💪 從工地女孩 → 技術創業者
🏠 創立「技術透天工作室」
📚 12年經絡調理｜2017年創業
✨ 培養實戰導師 × 輔導創業
📍 中泰式按摩｜艾草溫罐美胸師｜牛角撥經
👉 做自己的主，從技術開始",想睡又睡不著
joy76.27,方寊｜泰寊學術｜按摩職人培訓導師ครูนนวด,"只要你連續三天醒來都覺得「生活好無聊」
大腦就會默默啟動「無意識逃避」模式
會開始滑手機、拖延、分心、失誤變多
不是不夠自律
是你根本不想過這樣的人生。",2025-07-01 16:29,"💪 從工地女孩 → 技術創業者
🏠 創立「技術透天工作室」
📚 12年經絡調理｜2017年創業
✨ 培養實戰導師 × 輔導創業
📍 中泰式按摩｜艾草溫罐美胸師｜牛角撥經
👉 做自己的主，從技術開始",想睡又睡不著
joy76.27,方寊｜泰寊學術｜按摩職人培訓導師ครูนนวด,"偶爾沒效率一點也沒關係
又不是機器
只是個想要好好活著的人",2025-07-01 16:00,"💪 從工地女孩 → 技術創業者
🏠 創立「技術透天工作室」
📚 12年經絡調理｜2017年創業
✨ 培養實戰導師 × 輔導創業
📍 中泰式按摩｜艾草溫罐美胸師｜牛角撥經
👉 做自己的主，從技術開始",想睡又睡不著
joy76.27,方寊｜泰寊學術｜按摩職人培訓導師ครูนนวด,"人類面對「為什麼」時，會自動進入防禦狀態。
但只要換句話：「你怎麼看？」
就能觸發他的大腦進入「主導者模式」。
感受到被重視、被認同，
便會說得越多、信任越深。
真正厲害的社交，不靠說服，
而是誘導對方打開話匣子。",2025-07-01 15:25,"💪 從工地女孩 → 技術創業者
🏠 創立「技術透天工作室」
📚 12年經絡調理｜2017年創業
✨ 培養實戰導師 × 輔導創業
📍 中泰式按摩｜艾草溫罐美胸師｜牛角撥經
👉 做自己的主，從技術開始",想睡又睡不著
joy76.27,方寊｜泰寊學術｜按摩職人培訓導師ครูนนวด,"總有人會喜歡現在這樣的你
不用討好、也不用改太多
已經很好了，只是還沒被對的人看見",2025-07-01 15:00,"💪 從工地女孩 → 技術創業者
🏠 創立「技術透天工作室」
📚 12年經絡調理｜2017年創業
✨ 培養實戰導師 × 輔導創業
📍 中泰式按摩｜艾草溫罐美胸師｜牛角撥經
👉 做自己的主，從技術開始",想睡又睡不著
joy76.27,方寊｜泰寊學術｜按摩職人培訓導師ครูนนวด,"戒掉廉價多巴胺，找回真實的快樂
你不是快樂，你只是被刺激了一下。
這些不是自由，是麻痺：
．色情與短影音
．無止境的滑社群
．垃圾食物與酒精
．拖延與自我厭惡
不是不快樂
只是習慣了「假的快樂」。",2025-07-01 14:21,"💪 從工地女孩 → 技術創業者
🏠 創立「技術透天工作室」
📚 12年經絡調理｜2017年創業
✨ 培養實戰導師 × 輔導創業
📍 中泰式按摩｜艾草溫罐美胸師｜牛角撥經
👉 做自己的主，從技術開始",想睡又睡不著
joy76.27,方寊｜泰寊學術｜按摩職人培訓導師ครูนนวด,"有時候不是變冷淡
是太多事情放在心裡，累了，不想一直解釋了",2025-07-01 14:00,"💪 從工地女孩 → 技術創業者
🏠 創立「技術透天工作室」
📚 12年經絡調理｜2017年創業
✨ 培養實戰導師 × 輔導創業
📍 中泰式按摩｜艾草溫罐美胸師｜牛角撥經
👉 做自己的主，從技術開始",想睡又睡不著
joy76.27,方寊｜泰寊學術｜按摩職人培訓導師ครูนนวด,"想要變成一個被信任、被喜歡、被需要的人？
不是靠說話技巧，是靠「利他思維」。
✔ 幫朋友轉發履歷
✔ 有機會時記得分享給別人
✔ 路上看到老奶奶就順手扶一下
✔ 講座後私訊鼓勵講者一句話
✔ 幫人拿一下東西，撿起地上的文件
✔ 分享一本好書、一堂好課給身邊人
✔ 更重要的是：記得曾經幫助過你的人
這些微小的善意，會長出很大的信任。
時間會幫你累積人脈、貴人、機會
因為你，值得。",2025-07-01 13:28,"💪 從工地女孩 → 技術創業者
🏠 創立「技術透天工作室」
📚 12年經絡調理｜2017年創業
✨ 培養實戰導師 × 輔導創業
📍 中泰式按摩｜艾草溫罐美胸師｜牛角撥經
👉 做自己的主，從技術開始",想睡又睡不著
joy76.27,方寊｜泰寊學術｜按摩職人培訓導師ครูนนวด,"生活有時候會突然變得很吵
但沒關係，找個地方安靜一下
會慢慢想起自己要去哪裡",2025-07-01 13:00,"💪 從工地女孩 → 技術創業者
🏠 創立「技術透天工作室」
📚 12年經絡調理｜2017年創業
✨ 培養實戰導師 × 輔導創業
📍 中泰式按摩｜艾草溫罐美胸師｜牛角撥經
👉 做自己的主，從技術開始",想睡又睡不著
joy76.27,方寊｜泰寊學術｜按摩職人培訓導師ครูนนวด,"不要讓數字麻痺你
你的分享從來不小
只是你忘了看見那些正在默默在乎你的人。",2025-07-01 12:17,"💪 從工地女孩 → 技術創業者
🏠 創立「技術透天工作室」
📚 12年經絡調理｜2017年創業
✨ 培養實戰導師 × 輔導創業
📍 中泰式按摩｜艾草溫罐美胸師｜牛角撥經
👉 做自己的主，從技術開始",想睡又睡不著
joy76.27,方寊｜泰寊學術｜按摩職人培訓導師ครูนนวด,"沒必要把每天都過得很滿
可以什麼都不做，單純呼吸、發呆、耍廢
這也是一種過日子",2025-07-01 12:00,"💪 從工地女孩 → 技術創業者
🏠 創立「技術透天工作室」
📚 12年經絡調理｜2017年創業
✨ 培養實戰導師 × 輔導創業
📍 中泰式按摩｜艾草溫罐美胸師｜牛角撥經
👉 做自己的主，從技術開始",想睡又睡不著
joy76.27,方寊｜泰寊學術｜按摩職人培訓導師ครูนนวด,"不是你沒人按讚
是你沒在討好誰
演算法喜歡情緒化
人們喜歡包裝過的快樂
但你選擇做自己——
有點脆弱、有點真、有點沉默
所以速度慢、聲量小
但別懷疑，你吸引來的都會是真的。",2025-07-01 11:30,"💪 從工地女孩 → 技術創業者
🏠 創立「技術透天工作室」
📚 12年經絡調理｜2017年創業
✨ 培養實戰導師 × 輔導創業
📍 中泰式按摩｜艾草溫罐美胸師｜牛角撥經
👉 做自己的主，從技術開始",想睡又睡不著
joy76.27,方寊｜泰寊學術｜按摩職人培訓導師ครูนนวด,"不是非得樂觀才叫堅強
已經撐過很多難熬的日子了
能活到現在，已經夠厲害了",2025-07-01 11:00,"💪 從工地女孩 → 技術創業者
🏠 創立「技術透天工作室」
📚 12年經絡調理｜2017年創業
✨ 培養實戰導師 × 輔導創業
📍 中泰式按摩｜艾草溫罐美胸師｜牛角撥經
👉 做自己的主，從技術開始",想睡又睡不著
joy76.27,方寊｜泰寊學術｜按摩職人培訓導師ครูนนวด,"寫文、拍片不是等紅心愛心
是在召喚——
那些頻率一樣的人
那些走在黑暗裡，剛好需要這句話的人
那些不知道該說什麼、但看到就點了收藏的人
不是在找觀眾
在找同伴。",2025-07-01 10:30,"💪 從工地女孩 → 技術創業者
🏠 創立「技術透天工作室」
📚 12年經絡調理｜2017年創業
✨ 培養實戰導師 × 輔導創業
📍 中泰式按摩｜艾草溫罐美胸師｜牛角撥經
👉 做自己的主，從技術開始",想睡又睡不著
joy76.27,方寊｜泰寊學術｜按摩職人培訓導師ครูนนวด,"不需要一直是那個沒事的人
可以軟弱一下，真的沒關係",2025-07-01 10:00,"💪 從工地女孩 → 技術創業者
🏠 創立「技術透天工作室」
📚 12年經絡調理｜2017年創業
✨ 培養實戰導師 × 輔導創業
📍 中泰式按摩｜艾草溫罐美胸師｜牛角撥經
👉 做自己的主，從技術開始",想睡又睡不著
joy76.27,方寊｜泰寊學術｜按摩職人培訓導師ครูนนวด,"如果你教得太細、說得太專業
看不懂的人會滑走
懂的人會默默收藏
別為不懂你的人改變深度
因為你不是做表演的
你是來建構價值的。",2025-07-01 09:59,"💪 從工地女孩 → 技術創業者
🏠 創立「技術透天工作室」
📚 12年經絡調理｜2017年創業
✨ 培養實戰導師 × 輔導創業
📍 中泰式按摩｜艾草溫罐美胸師｜牛角撥經
👉 做自己的主，從技術開始",想睡又睡不著
joy76.27,方寊｜泰寊學術｜按摩職人培訓導師ครูนนวด,"你以為沒人回
就等於沒人在意
但有些人只是——
習慣安靜關注
不是不在乎
只是沒表達
你不知道，你的文字其實早就在陪他過日子了。",2025-07-01 09:30,"💪 從工地女孩 → 技術創業者
🏠 創立「技術透天工作室」
📚 12年經絡調理｜2017年創業
✨ 培養實戰導師 × 輔導創業
📍 中泰式按摩｜艾草溫罐美胸師｜牛角撥經
👉 做自己的主，從技術開始",想睡又睡不著
joy76.27,方寊｜泰寊學術｜按摩職人培訓導師ครูนนวด,"允許自己什麼都不做一下
你不是停滯，你只是在補氣",2025-07-01 09:00,"💪 從工地女孩 → 技術創業者
🏠 創立「技術透天工作室」
📚 12年經絡調理｜2017年創業
✨ 培養實戰導師 × 輔導創業
📍 中泰式按摩｜艾草溫罐美胸師｜牛角撥經
👉 做自己的主，從技術開始",想睡又睡不著
joy76.27,方寊｜泰寊學術｜按摩職人培訓導師ครูนนวด,"開場就自嘲的人，看似親切
其實是怕別人先攻擊，所以搶先一步卸甲
真正自信的人，不會拿自己當笑話
因為他知道：沉默，比好笑更有力量",2025-06-30 23:30,"💪 從工地女孩 → 技術創業者
🏠 創立「技術透天工作室」
📚 12年經絡調理｜2017年創業
✨ 培養實戰導師 × 輔導創業
📍 中泰式按摩｜艾草溫罐美胸師｜牛角撥經
👉 做自己的主，從技術開始",想睡又睡不著
joy76.27,方寊｜泰寊學術｜按摩職人培訓導師ครูนนวด,"在群體中，誰的姿勢最放鬆
誰就容易被潛意識視為「領導者」
所以，進場不必搶話
坐得穩的人，才讓人自動看齊",2025-06-30 23:00,"💪 從工地女孩 → 技術創業者
🏠 創立「技術透天工作室」
📚 12年經絡調理｜2017年創業
✨ 培養實戰導師 × 輔導創業
📍 中泰式按摩｜艾草溫罐美胸師｜牛角撥經
👉 做自己的主，從技術開始",想睡又睡不著
joy76.27,方寊｜泰寊學術｜按摩職人培訓導師ครูนนวด,"人一緊張就會「笑」
笑不代表放鬆，反而是壓力太大的防禦反應
所以，下次你看到對方狂笑
別被表情騙了，他可能只是不敢說真話",2025-06-30 22:30,"💪 從工地女孩 → 技術創業者
🏠 創立「技術透天工作室」
📚 12年經絡調理｜2017年創業
✨ 培養實戰導師 × 輔導創業
📍 中泰式按摩｜艾草溫罐美胸師｜牛角撥經
👉 做自己的主，從技術開始",想睡又睡不著
joy76.27,方寊｜泰寊學術｜按摩職人培訓導師ครูนนวด,"人類無法長時間直視不熟的人眼睛
所以敢「盯著你看」的人，
不是真的有禮貌，而是在試探你的底線
誰先移開視線，誰就輸了心理戰",2025-06-30 22:00,"💪 從工地女孩 → 技術創業者
🏠 創立「技術透天工作室」
📚 12年經絡調理｜2017年創業
✨ 培養實戰導師 × 輔導創業
📍 中泰式按摩｜艾草溫罐美胸師｜牛角撥經
👉 做自己的主，從技術開始",想睡又睡不著
joy76.27,方寊｜泰寊學術｜按摩職人培訓導師ครูนนวด,"場面一尷尬，人就會急著找話題
但你不接話，反而讓主導權回到自己手上
因為真正強勢的人，
是不怕冷場的人",2025-06-30 21:30,"💪 從工地女孩 → 技術創業者
🏠 創立「技術透天工作室」
📚 12年經絡調理｜2017年創業
✨ 培養實戰導師 × 輔導創業
📍 中泰式按摩｜艾草溫罐美胸師｜牛角撥經
👉 做自己的主，從技術開始",想睡又睡不著
joy76.27,方寊｜泰寊學術｜按摩職人培訓導師ครูนนวด,"你越著急解釋，越容易看起來理虧
而真正厲害的人，會淡淡地說一句：
「你怎麼想，是你的自由」
把主控權，還給對方的同時，也證明自己站得住腳",2025-06-30 21:00,"💪 從工地女孩 → 技術創業者
🏠 創立「技術透天工作室」
📚 12年經絡調理｜2017年創業
✨ 培養實戰導師 × 輔導創業
📍 中泰式按摩｜艾草溫罐美胸師｜牛角撥經
👉 做自己的主，從技術開始",想睡又睡不著
joy76.27,方寊｜泰寊學術｜按摩職人培訓導師ครูนนวด,"你有沒有發現
一到晚上，什麼事都變得特別有感？
開車有風
洗澡像放空儀式
吃東西超滿足
聽音樂像進入另一個世界
連講電話、看劇也比白天更投入
好像夜晚自帶一種魔法
讓一切感覺都放大十倍
靜下來的時候，連情緒都變溫柔了",2025-06-30 20:30,"💪 從工地女孩 → 技術創業者
🏠 創立「技術透天工作室」
📚 12年經絡調理｜2017年創業
✨ 培養實戰導師 × 輔導創業
📍 中泰式按摩｜艾草溫罐美胸師｜牛角撥經
👉 做自己的主，從技術開始",想睡又睡不著
joy76.27,方寊｜泰寊學術｜按摩職人培訓導師ครูนนวด,"語調的高低，會偷偷影響對方的服從程度
研究發現：低沉、緩慢的聲音
比大聲喊話，更容易讓人「無條件點頭」
想掌控局面，先練聲音
不是變兇，是變穩",2025-06-30 20:00,"💪 從工地女孩 → 技術創業者
🏠 創立「技術透天工作室」
📚 12年經絡調理｜2017年創業
✨ 培養實戰導師 × 輔導創業
📍 中泰式按摩｜艾草溫罐美胸師｜牛角撥經
👉 做自己的主，從技術開始",想睡又睡不著
joy76.27,方寊｜泰寊學術｜按摩職人培訓導師ครูนนวด,"內向的人不是不會玩
只是沒必要讓別人知道我們玩得多瘋
因為我們享受的是當下，不是目光",2025-06-30 19:30,"💪 從工地女孩 → 技術創業者
🏠 創立「技術透天工作室」
📚 12年經絡調理｜2017年創業
✨ 培養實戰導師 × 輔導創業
📍 中泰式按摩｜艾草溫罐美胸師｜牛角撥經
👉 做自己的主，從技術開始",想睡又睡不著
joy76.27,方寊｜泰寊學術｜按摩職人培訓導師ครูนนวด,"當一個人說很多，是因為他想被認同
當一個人話很少，反而讓人想靠近
因為人天生會對「不可預測」的對象產生吸引力
所以，別急著表現自己
讓人猜不透，才是你的魅力",2025-06-30 19:00,"💪 從工地女孩 → 技術創業者
🏠 創立「技術透天工作室」
📚 12年經絡調理｜2017年創業
✨ 培養實戰導師 × 輔導創業
📍 中泰式按摩｜艾草溫罐美胸師｜牛角撥經
👉 做自己的主，從技術開始",想睡又睡不著
joy76.27,方寊｜泰寊學術｜按摩職人培訓導師ครูนนวด,"最快樂的，
從來不是放假的那天
而是放假前一晚的那種期待",2025-06-30 18:30,"💪 從工地女孩 → 技術創業者
🏠 創立「技術透天工作室」
📚 12年經絡調理｜2017年創業
✨ 培養實戰導師 × 輔導創業
📍 中泰式按摩｜艾草溫罐美胸師｜牛角撥經
👉 做自己的主，從技術開始",想睡又睡不著
joy76.27,方寊｜泰寊學術｜按摩職人培訓導師ครูนนวด,"你知道嗎？
人在面對沉默時，腦袋會自動填補空白
這就是為什麼
你只要「不解釋」，對方反而會「自己腦補」你有底氣
所以，別急著說明
沉默，反而是種支配感",2025-06-30 17:59,"💪 從工地女孩 → 技術創業者
🏠 創立「技術透天工作室」
📚 12年經絡調理｜2017年創業
✨ 培養實戰導師 × 輔導創業
📍 中泰式按摩｜艾草溫罐美胸師｜牛角撥經
👉 做自己的主，從技術開始",想睡又睡不著
joy76.27,方寊｜泰寊學術｜按摩職人培訓導師ครูนนวด,"忘了帶耳機出門⋯
就像戰士忘了帶劍
巫師忘了帶法杖
刺客忘了帶匕首
只剩肉身，赤裸迎戰世界。",2025-06-30 17:30,"💪 從工地女孩 → 技術創業者
🏠 創立「技術透天工作室」
📚 12年經絡調理｜2017年創業
✨ 培養實戰導師 × 輔導創業
📍 中泰式按摩｜艾草溫罐美胸師｜牛角撥經
👉 做自己的主，從技術開始",想睡又睡不著
joy76.27,方寊｜泰寊學術｜按摩職人培訓導師ครูนนวด,"🖤【沉默者的致勝法則】
真正厲害的人，從不靠話多取勝
1｜回話前先停頓1秒，讓氣氛微妙起來
2｜多聽少說，人會自己洩露底牌
3｜講話別猶豫，語氣一飄就輸了
4｜拋出問題，而不是等著被問
5｜壓低聲音，比大聲更有威懾
6｜話少一點，讓人想靠近你
7｜別等散場，先走的那個才是焦點",2025-06-30 17:00,"💪 從工地女孩 → 技術創業者
🏠 創立「技術透天工作室」
📚 12年經絡調理｜2017年創業
✨ 培養實戰導師 × 輔導創業
📍 中泰式按摩｜艾草溫罐美胸師｜牛角撥經
👉 做自己的主，從技術開始",想睡又睡不著
joy76.27,方寊｜泰寊學術｜按摩職人培訓導師ครูนนวด,"不管天氣多熱
我睡覺就是一定要蓋棉被",2025-06-30 16:30,"💪 從工地女孩 → 技術創業者
🏠 創立「技術透天工作室」
📚 12年經絡調理｜2017年創業
✨ 培養實戰導師 × 輔導創業
📍 中泰式按摩｜艾草溫罐美胸師｜牛角撥經
👉 做自己的主，從技術開始",想睡又睡不著
joy76.27,方寊｜泰寊學術｜按摩職人培訓導師ครูนนวด,"別人快，不代表你慢就不好
每個人的人生節奏不一樣
你只要記得往前走
就算慢一點，也比站在原地懷疑自己來得好",2025-06-30 16:00,"💪 從工地女孩 → 技術創業者
🏠 創立「技術透天工作室」
📚 12年經絡調理｜2017年創業
✨ 培養實戰導師 × 輔導創業
📍 中泰式按摩｜艾草溫罐美胸師｜牛角撥經
👉 做自己的主，從技術開始",想睡又睡不著
joy76.27,方寊｜泰寊學術｜按摩職人培訓導師ครูนนวด,"以為25個讚很少？
那是因為你把自己當帳號經營
忘了自己其實是個人
25個人按讚＝25個人願意停下來，給你一個反應
在現實中，這其實超暖",2025-06-30 15:30,"💪 從工地女孩 → 技術創業者
🏠 創立「技術透天工作室」
📚 12年經絡調理｜2017年創業
✨ 培養實戰導師 × 輔導創業
📍 中泰式按摩｜艾草溫罐美胸師｜牛角撥經
👉 做自己的主，從技術開始",想睡又睡不著
joy76.27,方寊｜泰寊學術｜按摩職人培訓導師ครูนนวด,"難過的時候別急著說「我沒事」
你可以有情緒，可以崩潰",2025-06-30 15:00,"💪 從工地女孩 → 技術創業者
🏠 創立「技術透天工作室」
📚 12年經絡調理｜2017年創業
✨ 培養實戰導師 × 輔導創業
📍 中泰式按摩｜艾草溫罐美胸師｜牛角撥經
👉 做自己的主，從技術開始",想睡又睡不著
joy76.27,方寊｜泰寊學術｜按摩職人培訓導師ครูนนวด,"古埃及人相信：人死後會經歷七重試煉
記憶、良心、守護、審判……
直到最後一道門，問你一個問題：
「你，還活在誰的記憶裡？」
他們說，靈魂真正的消失
不是斷氣的那刻
而是當世界上，再沒有人提起你名字的時候",2025-06-30 14:35,"💪 從工地女孩 → 技術創業者
🏠 創立「技術透天工作室」
📚 12年經絡調理｜2017年創業
✨ 培養實戰導師 × 輔導創業
📍 中泰式按摩｜艾草溫罐美胸師｜牛角撥經
👉 做自己的主，從技術開始",想睡又睡不著
joy76.27,方寊｜泰寊學術｜按摩職人培訓導師ครูนนวด,"擁抱超過20秒，大腦會釋放大量催產素，
這種「依附荷爾蒙」會讓人感到被愛、
安全、被接住。
難怪擁抱真的有療效。",2025-06-21 22:00,"💪 從工地女孩 → 技術創業者
🏠 創立「技術透天工作室」
📚 12年經絡調理｜2017年創業
✨ 培養實戰導師 × 輔導創業
📍 中泰式按摩｜艾草溫罐美胸師｜牛角撥經
👉 做自己的主，從技術開始",想睡又睡不著
joy76.27,方寊｜泰寊學術｜按摩職人培訓導師ครูนนวด,"大腦不會把記憶永久儲存，
而是每次想起時「重新建構」。
換句話說，記憶不只是回憶過去，
更是編輯現在的你。",2025-06-21 21:00,"💪 從工地女孩 → 技術創業者
🏠 創立「技術透天工作室」
📚 12年經絡調理｜2017年創業
✨ 培養實戰導師 × 輔導創業
📍 中泰式按摩｜艾草溫罐美胸師｜牛角撥經
👉 做自己的主，從技術開始",想睡又睡不著
joy76.27,方寊｜泰寊學術｜按摩職人培訓導師ครูนนวด,"人有三種眼淚：基礎型、反射型、情緒型。
只有「情緒流淚」能釋放壓力賀爾蒙，
這也是為什麼「哭完會舒服一點」，是真的。",2025-06-21 20:00,"💪 從工地女孩 → 技術創業者
🏠 創立「技術透天工作室」
📚 12年經絡調理｜2017年創業
✨ 培養實戰導師 × 輔導創業
📍 中泰式按摩｜艾草溫罐美胸師｜牛角撥經
👉 做自己的主，從技術開始",想睡又睡不著
joy76.27,方寊｜泰寊學術｜按摩職人培訓導師ครูนนวด,"人在壓力大時，嗅覺會變得比較遲鈍。
所以有時你聞不到花香，不是季節的錯，
是你太累了。",2025-06-21 19:00,"💪 從工地女孩 → 技術創業者
🏠 創立「技術透天工作室」
📚 12年經絡調理｜2017年創業
✨ 培養實戰導師 × 輔導創業
📍 中泰式按摩｜艾草溫罐美胸師｜牛角撥經
👉 做自己的主，從技術開始",想睡又睡不著
joy76.27,方寊｜泰寊學術｜按摩職人培訓導師ครูนนวด,"你知道嗎？
人的大腦在「想像快樂」時，活躍區域跟「真正快樂」時是一樣的。
也就是說，光是想一想幸福，大腦就能騙過自己。",2025-06-21 18:00,"💪 從工地女孩 → 技術創業者
🏠 創立「技術透天工作室」
📚 12年經絡調理｜2017年創業
✨ 培養實戰導師 × 輔導創業
📍 中泰式按摩｜艾草溫罐美胸師｜牛角撥經
👉 做自己的主，從技術開始",想睡又睡不著
joy76.27,方寊｜泰寊學術｜按摩職人培訓導師ครูนนวด,"當一件事真的傷到你，
你往往說不出話來。
真正的痛，是沈默。
會四處訴說的，其實都還好——
那不是傷，是情緒找出口，
有時甚至只是想要一點關注。
你越安靜，代表那件事越重。
真正受過傷的人，都懂。",2025-06-21 17:00,"💪 從工地女孩 → 技術創業者
🏠 創立「技術透天工作室」
📚 12年經絡調理｜2017年創業
✨ 培養實戰導師 × 輔導創業
📍 中泰式按摩｜艾草溫罐美胸師｜牛角撥經
👉 做自己的主，從技術開始",想睡又睡不著
joy76.27,方寊｜泰寊學術｜按摩職人培訓導師ครูนนวด,"這幾種人，不值得深交
• 用完你就走的人 —— 過河拆橋，轉身無情
• 看你過得好就不爽的人 —— 嫉妒，從不會藏得住
• 出了事只會甩鍋的人 —— 朋友不該是替罪羊
別太遷就人性中的自私，
你可以善良，但別沒底線。",2025-06-21 16:00,"💪 從工地女孩 → 技術創業者
🏠 創立「技術透天工作室」
📚 12年經絡調理｜2017年創業
✨ 培養實戰導師 × 輔導創業
📍 中泰式按摩｜艾草溫罐美胸師｜牛角撥經
👉 做自己的主，從技術開始",想睡又睡不著
joy76.27,方寊｜泰寊學術｜按摩職人培訓導師ครูนนวด,"這世界永遠留給
願意跳脫框架的人。
因為真正的風景，
都藏在少有人走的那條路上。",2025-06-21 15:00,"💪 從工地女孩 → 技術創業者
🏠 創立「技術透天工作室」
📚 12年經絡調理｜2017年創業
✨ 培養實戰導師 × 輔導創業
📍 中泰式按摩｜艾草溫罐美胸師｜牛角撥經
👉 做自己的主，從技術開始",想睡又睡不著
joy76.27,方寊｜泰寊學術｜按摩職人培訓導師ครูนนวด,"當所有人都往同一個方向奔跑，
不妨停下來，往反方向思考看看。
或者，換個角度切入——
你可能會看到，那些別人看不見的機會。",2025-06-21 14:00,"💪 從工地女孩 → 技術創業者
🏠 創立「技術透天工作室」
📚 12年經絡調理｜2017年創業
✨ 培養實戰導師 × 輔導創業
📍 中泰式按摩｜艾草溫罐美胸師｜牛角撥經
👉 做自己的主，從技術開始",想睡又睡不著
joy76.27,方寊｜泰寊學術｜按摩職人培訓導師ครูนนวด,"擁有「逆向思維」，
不是為了唱反調，
而是找到屬於你自己的藍海策略。",2025-06-21 12:59,"💪 從工地女孩 → 技術創業者
🏠 創立「技術透天工作室」
📚 12年經絡調理｜2017年創業
✨ 培養實戰導師 × 輔導創業
📍 中泰式按摩｜艾草溫罐美胸師｜牛角撥經
👉 做自己的主，從技術開始",想睡又睡不著
joy76.27,方寊｜泰寊學術｜按摩職人培訓導師ครูนนวด,"迷茫的時候，
不是需要更多的想法，
而是需要一點，能讓心靜下來的風景。
你有多久，沒好好看一場日出或日落了？",2025-06-21 12:00,"💪 從工地女孩 → 技術創業者
🏠 創立「技術透天工作室」
📚 12年經絡調理｜2017年創業
✨ 培養實戰導師 × 輔導創業
📍 中泰式按摩｜艾草溫罐美胸師｜牛角撥經
👉 做自己的主，從技術開始",想睡又睡不著
joy76.27,方寊｜泰寊學術｜按摩職人培訓導師ครูนนวด,"當人靜靜看著日出或日落超過五分鐘，
對生活的滿意度會明顯提升。
不管是在山頂、海邊，還是房間的窗邊，
只要你願意停下來望一望，
天地交界的那抹光，就能給你答案。",2025-06-21 11:00,"💪 從工地女孩 → 技術創業者
🏠 創立「技術透天工作室」
📚 12年經絡調理｜2017年創業
✨ 培養實戰導師 × 輔導創業
📍 中泰式按摩｜艾草溫罐美胸師｜牛角撥經
👉 做自己的主，從技術開始",想睡又睡不著
joy76.27,方寊｜泰寊學術｜按摩職人培訓導師ครูนนวด,"【在低谷的時候，請提醒自己】
1沒有什麼是永遠的，連痛苦也一樣。
2現在的難熬，只是人生的一段過程，不是結局。
3你的直覺一直都在，只是你太久沒聽它說話了。
4療癒，不是逃避，而是願意誠實看見真相。
5你走得再慢，也比停下來更靠近出口。
6無論多累，都不要放棄自己。
7哪怕很迷惘，也試著把重心放回「成長」這件事。
你正在熬的這一關，不是失敗，是重生的開始。",2025-06-21 09:59,"💪 從工地女孩 → 技術創業者
🏠 創立「技術透天工作室」
📚 12年經絡調理｜2017年創業
✨ 培養實戰導師 × 輔導創業
📍 中泰式按摩｜艾草溫罐美胸師｜牛角撥經
👉 做自己的主，從技術開始",想睡又睡不著
joy76.27,方寊｜泰寊學術｜按摩職人培訓導師ครูนนวด,"有時候，選擇沉默，
不是孤僻，是一種保護。
把夢想留給值得的人聽，
把能量，留給真正在乎的人用。",2025-06-21 09:00,"💪 從工地女孩 → 技術創業者
🏠 創立「技術透天工作室」
📚 12年經絡調理｜2017年創業
✨ 培養實戰導師 × 輔導創業
📍 中泰式按摩｜艾草溫罐美胸師｜牛角撥經
👉 做自己的主，從技術開始",想睡又睡不著
joy76.27,方寊｜泰寊學術｜按摩職人培訓導師ครูนนวด,"我可以保證，
你此生最清醒、最不後悔的決定之一就是：
停止向某些人分享你的生活與計劃。
不是每個人，都值得知道你的進展；
不是每雙耳朵，都配聽你的夢想；
不是每句回應，都帶著祝福。",2025-06-20 21:59,"💪 從工地女孩 → 技術創業者
🏠 創立「技術透天工作室」
📚 12年經絡調理｜2017年創業
✨ 培養實戰導師 × 輔導創業
📍 中泰式按摩｜艾草溫罐美胸師｜牛角撥經
👉 做自己的主，從技術開始",想睡又睡不著
joy76.27,方寊｜泰寊學術｜按摩職人培訓導師ครูนนวด,"【人生中最奢侈的幾樣東西】
不是名牌，不是跑車，而是——
1｜能自由支配的時間
2｜不痛不病的身體
3｜無風也能安穩的心
4｜不慌不忙的早晨
5｜說走就走的勇氣
6｜有人等你回家的地方
這些看似平凡，
其實是很多人求而不得的奢侈。",2025-06-20 21:00,"💪 從工地女孩 → 技術創業者
🏠 創立「技術透天工作室」
📚 12年經絡調理｜2017年創業
✨ 培養實戰導師 × 輔導創業
📍 中泰式按摩｜艾草溫罐美胸師｜牛角撥經
👉 做自己的主，從技術開始",想睡又睡不著
joy76.27,方寊｜泰寊學術｜按摩職人培訓導師ครูนนวด,"「想變強，就要學會獨處。」
我花了很久才明白，
孤單（lonely）和獨處（alone），其實是兩件事。
獨處，是現實的狀態。
孤單，卻是內心某種沒被回應的期待。
當你學會享受獨處，
你就不再害怕任何人的離開。
因為你知道，真正的力量，
是自己撐起自己。",2025-06-20 19:59,"💪 從工地女孩 → 技術創業者
🏠 創立「技術透天工作室」
📚 12年經絡調理｜2017年創業
✨ 培養實戰導師 × 輔導創業
📍 中泰式按摩｜艾草溫罐美胸師｜牛角撥經
👉 做自己的主，從技術開始",想睡又睡不著
joy76.27,方寊｜泰寊學術｜按摩職人培訓導師ครูนนวด,"你有沒有發現？
說錢不重要的人，早就財富自由了
說長相不重要的人，自拍可以當封面
說惡魔果實不重要的人，一出場就開掛",2025-06-20 19:00,"💪 從工地女孩 → 技術創業者
🏠 創立「技術透天工作室」
📚 12年經絡調理｜2017年創業
✨ 培養實戰導師 × 輔導創業
📍 中泰式按摩｜艾草溫罐美胸師｜牛角撥經
👉 做自己的主，從技術開始",想睡又睡不著
joy76.27,方寊｜泰寊學術｜按摩職人培訓導師ครูนนวด,"為什麼要去恨一個人呢？
那是世界上最耗能的情緒了。
恨一個人，你得時時刻刻記得他、
想著他、為他生氣。
那不是解脫，是被綁架。
我選擇放過自己，繼續往前走。",2025-06-20 18:00,"💪 從工地女孩 → 技術創業者
🏠 創立「技術透天工作室」
📚 12年經絡調理｜2017年創業
✨ 培養實戰導師 × 輔導創業
📍 中泰式按摩｜艾草溫罐美胸師｜牛角撥經
👉 做自己的主，從技術開始",想睡又睡不著
joy76.27,方寊｜泰寊學術｜按摩職人培訓導師ครูนนวด,"你知道什麼是報復性熬夜嗎？
就是你明知道明天要早起，
還是捨不得睡。
因為白天的你，不是自己的。
只有深夜，是你不需要配合誰的時間。",2025-06-19 22:00,"💪 從工地女孩 → 技術創業者
🏠 創立「技術透天工作室」
📚 12年經絡調理｜2017年創業
✨ 培養實戰導師 × 輔導創業
📍 中泰式按摩｜艾草溫罐美胸師｜牛角撥經
👉 做自己的主，從技術開始",想睡又睡不著
joy76.27,方寊｜泰寊學術｜按摩職人培訓導師ครูนนวด,"有些聚會，讓你連手機都忘了滑。
那不是因為你忙，是因為你快樂得剛剛好。",2025-06-19 21:00,"💪 從工地女孩 → 技術創業者
🏠 創立「技術透天工作室」
📚 12年經絡調理｜2017年創業
✨ 培養實戰導師 × 輔導創業
📍 中泰式按摩｜艾草溫罐美胸師｜牛角撥經
👉 做自己的主，從技術開始",想睡又睡不著
joy76.27,方寊｜泰寊學術｜按摩職人培訓導師ครูนนวด,"讀書是這世界最神奇的捷徑，
你只需要安靜地坐下幾個小時，
就能站在別人十年經驗的肩膀上。",2025-06-19 20:00,"💪 從工地女孩 → 技術創業者
🏠 創立「技術透天工作室」
📚 12年經絡調理｜2017年創業
✨ 培養實戰導師 × 輔導創業
📍 中泰式按摩｜艾草溫罐美胸師｜牛角撥經
👉 做自己的主，從技術開始",想睡又睡不著
joy76.27,方寊｜泰寊學術｜按摩職人培訓導師ครูนนวด,"人一生中，每七年就會失去一半的朋友。
不是誰變了心，只是人生換了路。
別太自責，有些關係就是註定走到這裡。
懂得放手，是成長的一部分。",2025-06-19 19:00,"💪 從工地女孩 → 技術創業者
🏠 創立「技術透天工作室」
📚 12年經絡調理｜2017年創業
✨ 培養實戰導師 × 輔導創業
📍 中泰式按摩｜艾草溫罐美胸師｜牛角撥經
👉 做自己的主，從技術開始",想睡又睡不著
mmioi.c,ᴍᴍ·͜· ♡,ㄍㄢ每天晚上都失眠睡不著,2025-11-03 02:38,亂亂ㄈㄚ,想睡又睡不著
mmioi.c,ᴍᴍ·͜· ♡,在咖啡廳看到漂亮的女生馬上衝過去問她ig 還跟她一起拍照！😳🤍😖,2025-10-31 11:59,亂亂ㄈㄚ,想睡又睡不著
mmioi.c,ᴍᴍ·͜· ♡,開心開心染了頭髮還去吃了好吃的貝果🥯💕,2025-10-31 07:58,亂亂ㄈㄚ,想睡又睡不著
ninaaaa_114,妮娜 ´•ᴥ•`,"媽的為什麼還睡不著
還在悲傷五階段
我不要上班我心情好差啊啊啊",2025-10-13 23:36,"@kanilin_yue🐯⚡️
統一獅⚾️🦁🧡",想睡又睡不著
ninaaaa_114,妮娜 ´•ᴥ•`,看不到金龍了嗚嗚嗚嗚我心更痛,2025-10-13 22:08,"@kanilin_yue🐯⚡️
統一獅⚾️🦁🧡",想睡又睡不著
ninaaaa_114,妮娜 ´•ᴥ•`,明年見,2025-10-13 21:48,"@kanilin_yue🐯⚡️
統一獅⚾️🦁🧡",想睡又睡不著
ninaaaa_114,妮娜 ´•ᴥ•`,"胡大哥這麼扛了….
社長這麼棒…
到底為什麼！！！！！！",2025-10-13 21:22,"@kanilin_yue🐯⚡️
統一獅⚾️🦁🧡",想睡又睡不著
ninaaaa_114,妮娜 ´•ᴥ•`,"祭品文
今天統一贏球
我不喝咖啡到今年年底12/31
贏球即刻生效
（我真的很愛喝咖啡沒有咖啡會鼠掉的人類）",2025-10-13 18:24,"@kanilin_yue🐯⚡️
統一獅⚾️🦁🧡",想睡又睡不著
ninaaaa_114,妮娜 ´•ᴥ•`,"今晚拜託了
統一獅",2025-10-13 13:44,"@kanilin_yue🐯⚡️
統一獅⚾️🦁🧡",想睡又睡不著
ninaaaa_114,妮娜 ´•ᴥ•`,🤡🤡🤡🤡🤡🤡,2025-10-12 17:36,"@kanilin_yue🐯⚡️
統一獅⚾️🦁🧡",想睡又睡不著
ninaaaa_114,妮娜 ´•ᴥ•`,"坐我旁邊這兩位球迷
我不曉得你是不是獅迷還是哪裡來的球迷
麻煩你有點公德心跟良心
球賽還沒打完就離開垃圾都不帶走
吼完你才甘願回來撿垃圾
奶茶打翻也不擦流到前面球迷的杯子
到底哪裡來的87？",2025-10-11 20:19,"@kanilin_yue🐯⚡️
統一獅⚾️🦁🧡",想睡又睡不著
ninaaaa_114,妮娜 ´•ᴥ•`,"頭好痛好想吐==
救命",2025-10-11 19:02,"@kanilin_yue🐯⚡️
統一獅⚾️🦁🧡",想睡又睡不著
ninaaaa_114,妮娜 ´•ᴥ•`,"五點開打誰會這麼早出門去球場
哈哈是我啦",2025-10-11 12:16,"@kanilin_yue🐯⚡️
統一獅⚾️🦁🧡",想睡又睡不著
ninaaaa_114,妮娜 ´•ᴥ•`,蝴蝶結買複數應該很合理吧(●°u°●)​,2025-10-10 12:48,"@kanilin_yue🐯⚡️
統一獅⚾️🦁🧡",想睡又睡不著
ninaaaa_114,妮娜 ´•ᴥ•`,剩左外野也是很猛,2025-10-09 14:19,"@kanilin_yue🐯⚡️
統一獅⚾️🦁🧡",想睡又睡不著
ninaaaa_114,妮娜 ´•ᴥ•`,好想去…..好想要🥹🥹,2025-10-04 14:04,"@kanilin_yue🐯⚡️
統一獅⚾️🦁🧡",想睡又睡不著
ninaaaa_114,妮娜 ´•ᴥ•`,"中秋連假回家渡假
爸：明天要幫你買早餐嗎
我：不用我都睡很晚
爸：對啊你都睡超過早上八點
我：？你不叫我的話 我幾乎可以睡一整天不吃飯呢
原來睡超過早上八點算睡很晚
😂😂😂",2025-10-03 22:45,"@kanilin_yue🐯⚡️
統一獅⚾️🦁🧡",想睡又睡不著
ninaaaa_114,妮娜 ´•ᴥ•`,"心平氣和
轉台看別隊😘",2025-10-03 20:21,"@kanilin_yue🐯⚡️
統一獅⚾️🦁🧡",想睡又睡不著
ninaaaa_114,妮娜 ´•ᴥ•`,好香喔(˶‾᷄ ⁻̫ ‾᷅˵),2025-10-03 09:37,"@kanilin_yue🐯⚡️
統一獅⚾️🦁🧡",想睡又睡不著
ninaaaa_114,妮娜 ´•ᴥ•`,"不是想罵你
但你真的讓我笑出來
😀",2025-10-02 19:57,"@kanilin_yue🐯⚡️
統一獅⚾️🦁🧡",想睡又睡不著
ninaaaa_114,妮娜 ´•ᴥ•`,"現主時晚上11點
@kanilin_yue
@kanilin_yue
這人再跟我吵滷肉飯要拌還是不要拌
明明就要拌才好吃==還要吃那種黏嘴唇的
咖哩也要拌！不拌是要怎麼吃😍",2025-09-30 23:13,"@kanilin_yue🐯⚡️
統一獅⚾️🦁🧡",想睡又睡不著
mifaycorn,Wendy Tseng,睡不著的時候要怎麼睡著,2025-12-01 01:19,沒有什麼記不住，只是沒有心而已,想睡又睡不著
atttlab,注意力研究所,"你是高頻率人格幾個徵兆：
1.別人會不自覺盯著你看
2.小孩喜歡靠近你
3.動物會主動靠近 在你身邊很安心
4.不太熟的朋友會對你傾訴一大堆心事
5.你一走進來，整個場的氣氛就變了
6.你只是做自己，就會惹毛一些有毒的人
7.有人莫名忌妒你，而你完全不知道為什麼",2025-08-30 09:00,,筋疲力盡
atttlab,注意力研究所,"別怕失去朋友
怕的是你為了維繫舊關係
困住了新自己。
​
從小到大，我們都被教導朋友一生一世。
​
但你有沒有發現，有時候，那些曾經最親近的人
反而成了你前進的阻力？
​
這不是你的問題，也不是他們的問題。
​
只是你們的頻率不再一樣了。
當你開始改變、成長，有些關係會自然脫落
就像蛇蛻皮一樣。
​
他們可能無意識地把你拉回過去
質疑你的新想法，甚至嘲笑你的野心。
​
他們不是壞人，只是他們習慣了舊的你
無法接受你正蛻變。
​
你開始發現，你不再有時間和他們抱怨過去
你只想專注於創造未來。
​
而這段關係的空白
正是為了迎接更高層次的連結。
​
真正的成長，往往伴隨著孤獨。
​
但這份孤獨，不是懲罰
而是你為自己建造的升級空間。
它讓你更能聽見內心的聲音
吸引真正同頻的人。
​
那些離你而去的朋友，其實是你升級的燃料。
​
是時候感謝他們，然後輕輕放下。
​
你為了獨自升級
曾放下過哪些不合時宜的關係呢？",2025-08-30 08:58,,筋疲力盡
atttlab,注意力研究所,"人生的萬用神藥 其實就是做好這些事：
・少縱慾 
・少碰糖分
・多喝水
・健身習慣
・少跑趴
・遠離八卦與爭吵
・穿得乾淨俐落
・專注賺錢
・保持執行力
・少說話，多做事
我會陪你一起成長 每天提醒你 別錯過我！",2025-08-29 10:22,,筋疲力盡
atttlab,注意力研究所,"我近期看過最殘酷的一句話
是一位心理學家說的：
「有些人的痛苦，是他們親手打造的牢籠」
⠀
那時我還不懂，直到我身邊出現了幾個這樣的人。
他們總是被命運和別人所害，卻從不反思自己的選擇
⠀
他們擅長把責任外推
把每個困境都歸咎於環境、機運、或身邊的人。
⠀
你永遠聽不到他們說我搞砸了
⠀
他們對解決方案免疫。
你給建議，他們說太難了；
你提供幫助，他們說沒用。
⠀
因為問題本身，就是他們獲取關注的工具
⠀
這種受害者模式
給他們帶來了巨大的隱性好處。
同情、關注、責任豁免
甚至可以合理化自己的停滯不前。
⠀
他們不是真的無助
他們是習慣了被拯救的感覺
⠀
認清這點很殘酷，但也很重要。
因為你的同情心
正在被他們當作消耗品
不斷榨取。
⠀
你的善良
不該成為別人逃避責任的藉口
⠀
所以，別再試圖去拯救一個不想被救的人。
把你的時間和精力
留給那些真正需要幫助、願意改變的人。
⠀
這不是冷漠，這是對自己負責
⠀
你身邊也有這種專業受害者嗎？
你學會怎麼保護自己不被耗盡？
⠀
歡迎分享你的經驗",2025-08-29 10:22,,筋疲力盡
atttlab,注意力研究所,想快點長大真的是我說過最白痴的一段話= =,2025-08-28 16:37,,筋疲力盡
atttlab,注意力研究所,"如果能回到過去
你最想改變的一件事是什麼？",2025-08-28 15:56,,筋疲力盡
atttlab,注意力研究所,想知道吃了什麼怎麼可以抽象成這樣,2025-08-27 21:50,,筋疲力盡
atttlab,注意力研究所,Taylor swift 跟他男友Kelce宣布結婚ㄌ,2025-08-27 01:34,,筋疲力盡
atttlab,注意力研究所,"不要擔心別人
會超過你，
因為多數人
無法長期堅持，
你需要做的是
戰勝你自己。
-Elon Musk",2025-08-27 01:10,,筋疲力盡
atttlab,注意力研究所,"小時候，我覺得敢坐雲霄飛車的人，超級勇敢。
​
那種從高處急速墜落的失重感，周遭此起彼落的尖叫聲
​
我以為那是勇敢的最高級別。
⠀
長大後才懂，那不過是幾分鐘的腎上腺素遊戲。
​
一種被設計好的刺激，有明確的開始與結束
​
而且身邊總有人陪你一起尖叫。
長大後才發現
⠀
真正的勇敢，從來不在高速下墜的尖叫聲裡。
​
它藏在更安靜、更無人喝采的地方
​
一個你必須獨自面對的戰場。
⠀
當所有人都散場，只剩下你和自己時，那才是真正的考驗。
​
沒有觀眾，沒有掌聲，只有赤裸的自我懷疑和不安
​
你無法逃避，也無法假裝。
⠀
雲霄飛車的恐懼是外來的，有終點的。
​
孤獨的恐懼，卻是內生且無止盡的
​
它會一點一滴地侵蝕你，直到你不得不直視它。
⠀
我們被教導征服外部世界，卻從沒人教我們如何安然地與內在的自己共處。
​
社會鼓勵我們向外尋找連結，卻很少有人教導我們如何向內探索
​
那才是最深的荒蕪。
⠀
學會與孤獨對飲，才是成年世界最頂級的勇敢。
​
它沒有獎盃，沒有掌聲，只有內心的平靜與力量
​
那是真正屬於你自己的勝利。
⠀
你呢，什麼時候發現了這件事？
​",2025-08-26 17:13,,筋疲力盡
atttlab,注意力研究所,"好奇大家再唱生日快樂歌的時候
壽星心裡在想什麼時候？？",2025-08-26 14:53,,筋疲力盡
atttlab,注意力研究所,不知道國小同學過得怎麼樣,2025-08-26 10:00,,筋疲力盡
atttlab,注意力研究所,"停止內耗的唯一方法
⠀
從來就不是理解別人，而是徹底忽略他們在想什麼
⠀
這聽起來很反人性，但這是那些真正把事情做成的人，心裡最清楚的秘密
⠀
​
⠀
馬斯克說過一句話，很值得深思：
⠀
不分析對方動機，專注完成目標。
⠀
​
⠀
這句話顛覆了我們從小被教育的換位思考，
⠀
甚至有點殘酷，但如果你仔細想想，會發現這是高效能人士的共同特徵
⠀
​
⠀
哈佛研究指出，人一天有六萬個念頭
⠀
其中 80% 都是無用的負面反芻
⠀
這些念頭，有多少是關於他是不是不喜歡我或我這樣說會不會被誤解？
⠀
​
⠀
阿德勒心理學講得更直接：
⠀
所有的煩惱都來自人際關係
⠀
而關係的痛苦，幾乎都來自我們的胡思亂想
⠀
​
⠀
你以為在分析別人，其實只是在消耗自己
⠀
把寶貴的能量，投入到一個你永遠無法控制的黑洞裡
⠀
​
⠀
所以，你不需要懂每個人
⠀
你只需要把注意力，專注在自己身上、自己的目標上
⠀
​
⠀
當你停止猜測，停止內耗
⠀
你會發現，世界突然安靜了下來
⠀
你的目標也前所未有的清晰
⠀
​
⠀
你試過這樣做嗎？感覺如何",2025-08-25 10:00,,筋疲力盡
atttlab,注意力研究所,"你已經過度內耗的5個徵兆
1.睡很久還是覺得累，醒來只想繼續賴床
2.以前喜歡的事，現在做起來都沒感覺
3.別人找你聊天，你只想簡單應付過去
4.大腦停不下來，但什麼事都提不起勁
5.突然覺得活著沒意思，卻又不知道為什麼
不是你變了，而是你的能量已經被掏空了",2025-08-24 15:59,,筋疲力盡
atttlab,注意力研究所,"核三延役公投未達1/4門檻
投票結果
‘’未通過‘’ ！！",2025-08-23 18:17,,筋疲力盡
atttlab,注意力研究所,"沒有人
每次跟人講話講到一半放空的me",2025-08-23 13:10,,筋疲力盡
atttlab,注意力研究所,"ENTP、INTP、ENFP、INFP 
是那種會花一週時間去做原本一小時就能完成的事
卻又能在一小時內完成原本需要一週的事的Mbti",2025-08-22 14:28,,筋疲力盡
atttlab,注意力研究所,"停止內耗的唯一方法：停止猜別人在想什麼
馬斯克說過一句很值得深思的話：
「不分析對方動機，專注完成目標。」
哈佛研究指出
人一天有 6 萬個念頭 80% 都是無用的負面反芻
阿德勒心理學講的更直接：
所有的煩惱都來自人際關係
而關係的痛苦來自胡思亂想。
所以你不需要懂每個人
你只需要把注意力專注在自己身上。",2025-08-22 14:27,,筋疲力盡
atttlab,注意力研究所,"如果身邊朋友漸漸不同頻
每次出來都聊八卦 廢話
像是對自己的人生都不在乎一樣
如果是你 你會選擇不聯繫嗎？",2025-08-21 16:15,,筋疲力盡
atttlab,注意力研究所,"這完全我
沒有辦法好好坐著欸",2025-08-21 15:45,,筋疲力盡
atttlab,注意力研究所,"夏天比冬天好太多了
實際上的夏天：",2025-08-21 15:43,,筋疲力盡
atttlab,注意力研究所,"小時候覺得敢坐雲霄飛車的人很勇敢
長大後才發現 
感到孤獨時 面對自己才是真正的勇敢",2025-08-21 15:37,,筋疲力盡
atttlab,注意力研究所,日本神人製作  這個也太扯,2025-08-21 15:23,,筋疲力盡
atttlab,注意力研究所,"最友善的法官大人走了 88歲🥹
讓我們一起紀念他",2025-08-21 12:50,,筋疲力盡
atttlab,注意力研究所,"每日英文小教室時間
————————————————————
不好意思先生 請問電影院可以吸煙嗎？
：吸你媽（賞一巴掌）
Cinema 電影院
我們下次見！",2025-08-20 13:54,,筋疲力盡
atttlab,注意力研究所,留言區抽一個一起去,2025-08-20 12:44,,筋疲力盡
atttlab,注意力研究所,"讓人開始認真看待你的7個方式
1.說話要有信念，不猶豫
2.不需要的解釋，一律省略
3.行動要有方向，而不是亂撞
4.控制情緒，別被反應牽著走
5.果斷，是最有力量的語言
6.不求認同，只求自知價值
7.用成果說話，別用嘴巴說服
尊重，是留給有實力的人。",2025-08-19 15:00,,筋疲力盡
atttlab,注意力研究所,"我可以保證：你此生最棒的決定之一
就是
停止向某些人分享你的生活跟計劃
不是每個人都該知道你的進展
不是每雙耳朵都配聽你的夢想
不是每句回應都帶著祝福
孤獨
是一種保護自己能量的方式",2025-08-19 14:15,,筋疲力盡
atttlab,注意力研究所,8/1號到8/19號感覺只過不到20分鐘,2025-08-19 14:14,,筋疲力盡
atttlab,注意力研究所,"偷偷跟你說個 Threads 的流量密碼：
1.常去流量大的帳號底下互動
2.選現在正在熱的主題來寫
3.開始聚焦經營自己的帳號定位
→ 定一個大主題 + 10個延伸類別
4.穩定發文一日5-10篇
前兩步是在向演算法證明你是活躍且優質的帳號
等到你的帳號開始有「演算法推薦力」
就該進入第三步：把流量轉換成對你感興趣的粉絲
第四步就是你的功課了 每日達成任務 並堅持。
自媒體比的是誰活得久 跟誰穩定都有產出內容。
我們團隊3個月內共創造了3億以上的流量
每個平台本質不同，但背後邏輯都在比一件事：
誰能抓住注意力 並先提供價值，誰就能被放大。
相信我
你會慢慢發覺 
原來這些文是用來爆流量的
這些專業內容是來吸追蹤的
流量沒有運氣，只要抓住「注意力」並堅持發文
你也能做的很好
如果你的品牌也想快速取得成果
請到Bio聯繫我們！",2025-08-19 14:13,,筋疲力盡
atttlab,注意力研究所,"10 個會改善你生活的好習慣：
1 小時運動
2 杯茶或咖啡
3 公升水
4 餐正餐
5 種水果
6 首你喜歡的歌
7 分鐘大笑
8 小時睡眠
9 頁書
10 分鐘冥想",2025-08-19 14:12,,筋疲力盡
atttlab,注意力研究所,"25歲以後的友誼是：
• 六個月沒聯絡
• 偶爾丟幾張迷因
• 偶爾來一場深度關心 通話
• 感情依舊超級好",2025-08-19 14:12,,筋疲力盡
aesthetic__leon3,康復睡眠_李昂Leon😴 🛌 |焦慮｜憂鬱｜夜尿,"憂鬱症並不總是像你想像的那樣，他們會
- 一整天都筋疲力盡，晚上也睡不著
- 不帶有任何感情關心
- 會因爲效率低、計畫計劃、存在世上，而感到內疚
你沒有崩潰，你並不弱，你正在經歷大多數人永遠無法理解的事情。
憂鬱症是真實存在的，請不要忽視它。
是大腦的神經遞質分泌不正常，情緒崩潰負面無動力是常態，也影響到睡眠，生活，和工作。
用自然療法調理身體，治好神經遞質就好了",2025-01-24 05:32,"失眠客製化康復方案
wechat ：L87667668
whatapps ： +447741999944
私信 “33” 免费發你增加睡眠品質電子書",筋疲力盡
aesthetic__leon3,康復睡眠_李昂Leon😴 🛌 |焦慮｜憂鬱｜夜尿,"當你的伴侶因爲精神疾病而變得無理取鬧
1. 抱著他
2. 摸他後腦勺
3. 拍他背
4. 播放舒壓放鬆音樂/哼歌
5. 直到他的情緒穩定
伴侶有這種情緒想你也會心累的有愛莫能助。
真的想徹底根治伴侶情緒問題
藥物只能控制
心理輔導真的是輔助
用自然療法調理身體才是最終道路",2025-01-22 07:49,"失眠客製化康復方案
wechat ：L87667668
whatapps ： +447741999944
私信 “33” 免费發你增加睡眠品質電子書",筋疲力盡
aesthetic__leon3,康復睡眠_李昂Leon😴 🛌 |焦慮｜憂鬱｜夜尿,"如果你遇到憂鬱症的人，千萬別對他做這些事這件事
- 別當笑話來看
- 幫不上忙，也別對他們落進下石
- 沒有心理咨詢的能力就別開導，因爲你不具備專業能力，處理不好還會被負面情緒反噬，產生挫敗感和惱羞成怒
憂鬱症是真實存在的，請不要忽視它。
是大腦的神經遞質分泌不正常，情緒崩潰負面無動力是常態，也影響到睡眠，生活，和工作
用自然療法調理身體，治好神經遞質就好了",2025-01-20 17:09,"失眠客製化康復方案
wechat ：L87667668
whatapps ： +447741999944
私信 “33” 免费發你增加睡眠品質電子書",筋疲力盡
aesthetic__leon3,康復睡眠_李昂Leon😴 🛌 |焦慮｜憂鬱｜夜尿,"如果你清楚知道家裏人還是朋友因爲精神疾病而説出失控的話，為了不讓自己情緒受到影響，你必須
- 讓自己心態變冷淡
- 無視他所有負面情緒
- 不能走心
- 如果你覺得話太刺耳，先深呼吸
- 忽視他的内容
- 左耳聼，右耳出
- 順著他的話再說：“對對對”，“好好好”
很多病患會因爲思覺失調症，躁鬱症和阿兹海默症
導致他們無法控制自己而説出難聽的話，
是大腦的神經遞質分泌不正常，情緒崩潰負面&胡言亂語是常態，也影響到睡眠，生活，和工作
用自然療法調理身體，讓神經遞質恢復就好了",2025-01-19 18:15,"失眠客製化康復方案
wechat ：L87667668
whatapps ： +447741999944
私信 “33” 免费發你增加睡眠品質電子書",筋疲力盡
aesthetic__leon3,康復睡眠_李昂Leon😴 🛌 |焦慮｜憂鬱｜夜尿,"焦慮和憂鬱同時會讓你覺得，你不關心任何事情，但又太在意一切的事
焦慮和憂鬱是真實存在的，請不要忽視它。
是大腦的前額葉受損，失控焦慮是常態，也影響到睡眠和情緒
用自然療法，治好前額葉
還有對心理用認知行為療法就好了",2025-01-18 16:33,"失眠客製化康復方案
wechat ：L87667668
whatapps ： +447741999944
私信 “33” 免费發你增加睡眠品質電子書",筋疲力盡
aesthetic__leon3,康復睡眠_李昂Leon😴 🛌 |焦慮｜憂鬱｜夜尿,"不理解憂鬱症，千萬別向憂鬱症的人開損人式玩笑
一个不恰当的玩笑很大幾率會压垮他们的最后一根稻草
最壞的情況他們會自殺。
説者無意但聽者有心，更何況他的内心已經極度敏感了，在破碎的邊緣，你還雪中送炭。
他有什麽事情，你肯定過意不去
開玩笑慎重和同頻的人說就好
憂鬱症是真實存在的，請不要忽視它。
是大腦的神經遞質分泌不正常，情緒崩潰負面無動力是常態，也影響到睡眠，生活，和工作
用自然療法調理身體，治好神經遞質就好了",2025-01-17 16:31,"失眠客製化康復方案
wechat ：L87667668
whatapps ： +447741999944
私信 “33” 免费發你增加睡眠品質電子書",筋疲力盡
aesthetic__leon3,康復睡眠_李昂Leon😴 🛌 |焦慮｜憂鬱｜夜尿,"別瞎安慰焦慮症的人，他們是聽不進去這些話的
- 你想太多了
- 其他人的情況更糟
- 你太敏感了
焦慮是真實存在的，請不要忽視它。
是大腦的前額葉受損，失控焦慮是常態，也影響到睡眠，
用自然療法，治好前額葉就好了",2025-01-16 00:51,"失眠客製化康復方案
wechat ：L87667668
whatapps ： +447741999944
私信 “33” 免费發你增加睡眠品質電子書",筋疲力盡
aesthetic__leon3,康復睡眠_李昂Leon😴 🛌 |焦慮｜憂鬱｜夜尿,"遇到長期失眠的人，不該對他做的事
- 別胡亂推薦安眠藥還是褪黑素
- 請別因爲聽過別人吃能睡好推什麽保健品
- 別瞎推薦什麽枕頭，或者其他產品
長期失眠是因爲背後的并發症，大部分都是精神疾病，可能是憂鬱症，焦慮症或者思覺失調，長期壓力等等。
你不是專業治療失眠的，他們不只不會治好，只會獲得假希望，還有更多的失望",2025-01-15 14:52,"失眠客製化康復方案
wechat ：L87667668
whatapps ： +447741999944
私信 “33” 免费發你增加睡眠品質電子書",筋疲力盡
aesthetic__leon3,康復睡眠_李昂Leon😴 🛌 |焦慮｜憂鬱｜夜尿,"請不要對憂鬱症的人說：
“看開一點”
“你要振作起來”
“你太閑而已”
“這只是你的心理作用”
“你太小孩子起了”
“快樂一點，都是小事情”
“多出去參加活動”
他們是皮質醇分泌過量，神經遞質不正常分泌。他們精神上無法控制，
正常健康的人，才會因爲以上的話有可能想通。",2025-01-15 03:37,"失眠客製化康復方案
wechat ：L87667668
whatapps ： +447741999944
私信 “33” 免费發你增加睡眠品質電子書",筋疲力盡
aesthetic__leon3,康復睡眠_李昂Leon😴 🛌 |焦慮｜憂鬱｜夜尿,聽説壓力山大的來Thread説話也能放鬆是吧，你们真的有有舒緩到嗎？,2025-01-13 23:34,"失眠客製化康復方案
wechat ：L87667668
whatapps ： +447741999944
私信 “33” 免费發你增加睡眠品質電子書",筋疲力盡
liao_1210,廖令真,"省錢之鬼
切完肉兩個人都已筋疲力盡",2025-10-24 12:15,KGHS➡️ NCKU,筋疲力盡
liao_1210,廖令真,"🇦🇺 Australia Kiama
go on a picnic🍞🥓🍳🧀🧃🍇",2025-10-11 18:57,KGHS➡️ NCKU,筋疲力盡
maniii1997,馬泥,"［現在的老師該怎麼當？］
（文很長，要有耐心）
一位年輕老師，滿懷熱情地投入教育，對每個孩子都盡心盡力，卻因為一次教學上的管教，被家長無端指責、捏造事實。
-
那天，他傳訊息對我說：「我覺得這行，我不想待了。」
說這句話時，他眼裡的光已經不見了，那曾經閃閃發亮、帶著對教育的希望與夢想的光，像是一場滂沱大雨澆熄了小小的燭火。他不是不愛孩子，而是那份愛被誤解、被踐踏，最後筋疲力盡。
-
我們的社會對老師有無數的期待，希望老師們是知識的傳遞者、孩子的守護者、甚至是問題的解決者。但我們是否忘了，他們也是普通人，有情緒、有疲憊，也會因為不被理解而心碎？
如果連那些為孩子燃燒自己、眼裡有光的老師都選擇離開，我們的孩子，將失去什麼樣的未來？
面對孩子的老師時，是否能多一分善意，多一分理解？因為家長的指責，可能對老師造成的，不僅僅是工作上的困難，而是深深的心理傷害，甚至熄滅對教育的熱情。這世上，每一個願意對孩子的成長用心的老師，都是寶貴的存在。他們的光，不是與生俱來，而是燃燒自己的熱情與希望，照亮無數孩子的路。
-
✨請珍惜那些眼裡還閃著光的老師，因為你永遠不知道，在這光的背後，他們燃燒了多少自己。✨",2025-01-11 10:49,,筋疲力盡
abbychi_1207,紀來之柳澄汁🍊紀澄,"當你過了30歲，才會真正明白：「改變一個人，比重新認識一個適合的人還難。」
20幾歲時的戀愛，總以為對方可以調整、願意成長。
但進入30歲後的感情，時間不再用來「教育」，而是用來「相處」。
不想再花力氣改變誰的脾氣、價值觀、生活習慣，因為你知道，那些小問題最後都會變成分手的理由。
與其試圖磨合一個不適合的人，不如一開始就選一個頻率相近、理念一致的人。
愛情不是去改變別人，是找一個原本就合得來的人。
這樣的關係，才不會讓人筋疲力盡。",2025-06-02 11:28,"♐️ INTJ 創業七年
正在認真研究AI的行銷人
好好生活，偶爾講點故事🥂
-
雲時代數位行銷｜執行長
出租小編｜創辦人@uninn.social有行銷問題歡迎點連結諮詢💬",筋疲力盡
abbychi_1207,紀來之柳澄汁🍊紀澄,不用剪了！他們已經紅了😂,2025-06-01 23:08,"♐️ INTJ 創業七年
正在認真研究AI的行銷人
好好生活，偶爾講點故事🥂
-
雲時代數位行銷｜執行長
出租小編｜創辦人@uninn.social有行銷問題歡迎點連結諮詢💬",筋疲力盡
missim__missim,missim__missim,"荒唐的約會經驗(四)
午後五點四十五分，歷時近八小時，將近一百公里（誇飾)，我終於抵達「紅樹林捷運站」了！！！當下真的只有種命快休矣的感覺，全身筋疲力盡，很怕會橫紋肌溶解。
結果更慘的是，當時捷運站規定要晚上七點之後才能攜帶腳踏車，就連小折都得用袋子裝才能上捷運，只好在旁邊的便利商店買個大黑塑膠袋把小白裝起來。有夠狼狽啦，單車男很紳士（？）的有陪我到捷運站，但我當時真的連話都不想再跟他說了（牽怒哈哈)
奉勸各位直男，要約女生出去＂戶外＂真的不是不行，拜託請把行程說清楚，並且做好對應的行程規劃。現在回想起來，沒有足夠的訓練（體力)，沒有穿合適的衣服，沒有適當的裝備，防曬與水份補給也不夠，根本是在玩命吶。騎完這趟腳踏車後PTSD很久，好像後來都沒再騎過那台小折了（小折是無辜的啊)。
當然，也再沒有跟單車男出去過了。",2024-09-23 12:28,"台灣是個獨立的國家
筋肉があなたを救う
zombie in the park",筋疲力盡
missim__missim,missim__missim,"荒唐的約會經驗(三)
在快要到淡水的路上，真的是一個很小很小的斜坡，但我再也騎不上去了，很火大的下車用牽的，這時路旁突然有阿北跟我搭起話來：
阿北：「啊怎麼用牽的！」（阿北心裡大概在想這年輕人還真沒用〉
可憐的me：「我太累了，今天騎了一整天」
阿北：「妳從幾點開始騎的？」
可憐的me：「早上十點」（這時已經下午快五點了）
阿北：「啊你這車級數不高，所以騎起來會很累啦」
可憐的me：「丟啊！」（眼中閃著淚光）（阿北真是我的知音）
然後阿北很熱心的告訴我再經過一個小斜坡再下坡再一個大斜坡再下坡就會到達紅樹林捷運站了。雖然事實上不是如此，還是在我這個快崩潰的人眼中，稍微隆起的地面都被我歸類為斜坡了。但跟阿北講完話之後，我很努力的繼續騎完剩下的路段，都沒有再用牽的了噢！只是騎得比烏龜還慢就是了。",2024-09-23 12:23,"台灣是個獨立的國家
筋肉があなたを救う
zombie in the park",筋疲力盡
missim__missim,missim__missim,"荒唐的約會經驗(二)
雖然在海邊騎腳踏車的感覺很享受，一望無際的藍美得不可思議，不過中午的烈陽曬得我頭昏眼花，誰知道在台北市出發的腳踏車行程，畫風一轉會突然變成在北海岸曬太陽，早點說至少讓我戴個帽子吧？
經過風櫃嘴的上坡摧殘後，基本上體力值已經大幅下降，加上太大陽，過萬里後我的速度已經呈現龜速，跟該位騎著登山車的男士已經是各騎各的，可能在落後很久之後，他才在路邊停下來等我。邊騎邊懷疑人生啊，這是約會嗎？是地獄體能訓練吧。
經過白沙灣之後我體力整個透支了，連青春的肉體都振奮不了我，心裡一直想著我再也撐不下去了，每一個小斜坡都可以要了我的命，它們在我眼中就像壓死駱駝的最後一根稻草，只是稻草這麼多，怎麼駱駝還壓不死啊！
在單車男第N次停下來等我的時候，我跟他說我騎到淡水捷運站就要回家了，他還有點錯愕，他原本的打算還要一路騎回台北，我說你繼續騎沒關係，我要回家。然後他才告訴我一個更殘忍的消息，要到紅樹林捷運站腳踏車才能上啊啊啊啊啊～",2024-09-23 12:17,"台灣是個獨立的國家
筋肉があなたを救う
zombie in the park",筋疲力盡
missim__missim,missim__missim,"荒唐的約會經驗(一)
說到 很雷的約會經驗 
很多女生都遇過男生說要出去戶外走走，結果抵達目的地居然是去爬山，當時女生可能穿著裙子或有跟的鞋子，完全不適合去爬山把自己搞得很狼狽的經驗。
讓我也很想分享一下我人生中遇過最荒唐的約會經驗：騎著小折百里長征！
當初男生約我假日出去騎腳踏車，我說我只有一台捷安特小折，他說也可以啊，所以在某個風和日麗的週六早上，約在劍潭捷運站出發，我問了今天的行程是要去哪裡，他神秘的說，你等下就知道了。
Two hours later...
在風櫃嘴的我只想問我是誰我在做什麼？一台小折是如何騎上剛剛那些惡魔上坡的我已經不知道了，本來想說可以回家了吧，沒想到接著居然被帶往萬里，還跟我說白沙灣那裡有很多人在衝浪，有青春的肉體可以看喔。經過萬里隧道的時候感覺超危險，很怕被車撞，現在回想，原來在萬金石馬拉松之前我已經先用小折騎過一遍了啊！
(續)",2024-09-23 12:15,"台灣是個獨立的國家
筋肉があなたを救う
zombie in the park",筋疲力盡
missim__missim,missim__missim,創造歷史的男人,2024-09-23 09:25,"台灣是個獨立的國家
筋肉があなたを救う
zombie in the park",筋疲力盡
missim__missim,missim__missim,沒想到封鎖小草跟網軍之外，現在還要封鎖五迷了，實在不想看到我的河道有噁心言論。,2024-09-22 07:59,"台灣是個獨立的國家
筋肉があなたを救う
zombie in the park",筋疲力盡
missim__missim,missim__missim,"Bodyslam 台灣演唱會前一天得知主辦開放禮物箱，看到票遲遲沒完售，實在擔心票房不好也沒啥人送禮物。（開場看到那麼多泰國朋朋就安心了）
一開始也是想說送吃的，鳳凰酥啊蛋黃酥什麼的，還Google了一下泰國人喜歡的台灣伴手禮，但查了半天，說吃膩了的留言也不少，也怕食物不好保存。
剛好平常也有在跑步，突然腦中靈光一閃適合送給熱愛跑步的P'Toon的禮物，另類的台灣之光母子鱷魚啊！怕他不知道還特別寫了小卡片說有的台灣人會穿著它跑馬拉松（是真的！）光找P'Toon的鞋碼就找好久，也到處問差不多鞋碼的跑友穿什麼size，只希望穿起來剛好合腳啦～母子鱷魚真的很好穿，made in Taiwan 💖",2024-09-22 01:27,"台灣是個獨立的國家
筋肉があなたを救う
zombie in the park",筋疲力盡
missim__missim,missim__missim,日本要硬起來了吧。中國政府長期放任（鼓勵）仇日行動的結果，前陣子還有特別飛到日本犯案的，侵門入戶……,2024-09-19 23:08,"台灣是個獨立的國家
筋肉があなたを救う
zombie in the park",筋疲力盡
missim__missim,missim__missim,BB Call這東西原來還有人在用...,2024-09-18 08:38,"台灣是個獨立的國家
筋肉があなたを救う
zombie in the park",筋疲力盡
missim__missim,missim__missim,"終於把照片跟影片整理好了
一口氣分享起來❤️
bodyslam 
一直看一直看停不下來",2024-09-17 23:09,"台灣是個獨立的國家
筋肉があなたを救う
zombie in the park",筋疲力盡
missim__missim,missim__missim,"感謝泰國的朋朋
讓我們可以參與這盛大的合唱
bodyslam 台灣演唱會
過了一天還是不想醒
不喜歡一直忙拍照攝影
但現在又慶幸還好有拍",2024-09-17 20:39,"台灣是個獨立的國家
筋肉があなたを救う
zombie in the park",筋疲力盡
missim__missim,missim__missim,"12年的等待真的值得了
滿滿三小時的 Bodyslam 
想聽的歌都聽到了
這麼幸福真的可以嗎🥹
以後如果聽不到了怎麼辦
進場前看到好多泰國人，覺得很開心，如果是本來就住在台灣的泰國人，可以在台北近距離看到Bodyslam 一定超嗨的吧！而且大合唱很需要泰國的朋友們撐場啊。
已經記不得上一次看到這樣用盡全力、毫無保留的表演是什麼時候了，還得是你啊P'Toon，45歲的人了身體狀態好的不可思議，謝謝你帶來的感動，希望還有第二次第三次機會來台灣。",2024-09-17 00:49,"台灣是個獨立的國家
筋肉があなたを救う
zombie in the park",筋疲力盡
missim__missim,missim__missim,"台灣年輕人在國際上發光發熱
但沒想到連犯罪也開始國際化
前有澳洲縱火姐 現在還有大毒梟",2024-09-11 08:42,"台灣是個獨立的國家
筋肉があなたを救う
zombie in the park",筋疲力盡
missim__missim,missim__missim,台灣應該要用我們的科技能力全力發展軍備，實力才是和平的底氣。早上看到徐巧芯又在擋軍艦真的很怒，希望她可以早日入獄＝＝,2024-09-10 09:18,"台灣是個獨立的國家
筋肉があなたを救う
zombie in the park",筋疲力盡
uu._.fish,Fish,"結束了六天五夜的北海道之旅
筋疲力盡🥲",2025-10-22 00:30,慢靈魂💤,筋疲力盡
uu._.fish,Fish,夜晚的小樽美到窒息,2025-10-19 22:40,慢靈魂💤,筋疲力盡
mia_7617,(´･ω･`),"住在國外一年
舉凡簡單的義大利麵、各種蛋料理、滷肉飯…
到相對複雜的法式燉雞、韓式豆腐鍋、蘋果牛肉咖喱…
全部都學會了🙃
已經升到了可以不看食譜就「簡單做點東西吃」的等級
在台灣只煮過泡麵的我完全無法想像現在的自己
但即使習得料理技能
我還是超少自煮🤡
累都累死了誰要煮
真心佩服每天煮飯的人
我每次光是思考要煮什麼、營養分配、食材保鮮期就已經筋疲力盡",2025-09-14 06:28,在可頌國首都做動畫的珍奶人,筋疲力盡
mia_7617,(´･ω･`),"不知道為什麼來法國吃過有腥味的豬肉之後
我現在不管在哪裡都吃不太了豬肉了",2025-09-13 09:01,在可頌國首都做動畫的珍奶人,筋疲力盡
mia_7617,(´･ω･`),真的,2025-09-10 07:38,在可頌國首都做動畫的珍奶人,筋疲力盡
mia_7617,(´･ω･`),"我每過一陣子就會重看以前做的片
把自己尷尬到在床上打滾
但同時也會很慶幸自己有在進步",2025-09-02 06:29,在可頌國首都做動畫的珍奶人,筋疲力盡
mia_7617,(´･ω･`),"好想住在
天氣是巴黎
外食是台北
租屋房價是台南
的地方🤡
（超貪）",2025-08-31 20:06,在可頌國首都做動畫的珍奶人,筋疲力盡
ccc12369,Wei Ni,"人生幾十年 分他三年又如何
你總是筋疲力盡守著這麼個小傢伙
讓你無法在做回自己
但是也就那麼三年 卻是他離你最近的三年",2025-04-29 02:53,在外的屏東小孩,筋疲力盡
ccc12369,Wei Ni,"有小姐姐可以認識一下嗎~
5M19D單身 /台南/天蠍座",2025-04-23 02:22,在外的屏東小孩,筋疲力盡
ccc12369,Wei Ni,與外公的第一次合影,2025-04-20 01:19,在外的屏東小孩,筋疲力盡
ccc12369,Wei Ni,五個月的中年嬰這樣嫌棄媽媽的吻是正常嗎,2025-04-16 16:45,在外的屏東小孩,筋疲力盡
noeyes0717,Megan Huang,"下雨天就突然懷念起了藍天❤️
-
還記得在出發前看天氣預報三天都是下雨
且下雨機率都是100%
但老天爺卻給了我們好天氣😊
雖然旅途中也有遇到雨
但慶幸只是短暫立馬轉藍天
也因為這樣得到了黝黑的皮膚
當作此次的紀念品❤️🎁
-
5/27-5/30",2025-06-03 18:10,青春是用力的奔跑，然後華麗的跌倒,筋疲力盡
lavender_6815,地獄觀察員,"突然想起幼稚園看過的童話故事繪本
根本是小時候的陰影
.
故事前半段我忘了
只記得女主角得到一雙漂亮的紅舞鞋
連自己媽媽過世都還穿著紅舞鞋送她媽出殯
結果好像就有詛咒什麼的
女主角就脫不下來鞋 只能一直跳舞
跳舞跳到森林被荊棘刺的滿身傷 跳到筋疲力盡
直到女主角遇見一個樵夫
女主請求樵夫把她的雙腳砍斷
然後那個繪本就畫那雙被砍斷的腳還繼續跳舞離開
超獵奇😀
我記得第一次看完我震驚了好久",2025-02-21 20:57,(((o(*ﾟ▽ﾟ*)o))),筋疲力盡
happy_star_168,chun chun,假日補po一下白板，很多時候我們覺得已經努力得筋疲力盡的時候，卻達不到心中的目標，明明很用心在職場工作，別人卻只看到你的缺點，這時候，你該換個正向角度想事情，老天爺為你安排的事，都是你在天上看過的劇本，並且選擇的劇情，你一定是看到某段很愛的情節，才下來凡間體驗的！這樣想，你就會開始期待未來的劇情發展！,2025-09-13 10:35,"這裡是我可以暢所欲言的地方。
喜歡我文字的陌生人，你們隨意分享～
在現實生活中認識我的，我們不用在這裡打招呼。",筋疲力盡
happy_star_168,chun chun,終於熬到星期五了，來po一下我們班男孩子的字，寫字就是要一筆一畫，慢慢去認識這個字，快速潦草寫完不是寫字是畫符！,2025-09-12 10:09,"這裡是我可以暢所欲言的地方。
喜歡我文字的陌生人，你們隨意分享～
在現實生活中認識我的，我們不用在這裡打招呼。",筋疲力盡
happy_star_168,chun chun,如果你的孩子跟你說，某某同學好像不喜歡我，你會怎麼回答？我會教孩子先回想一下，自己那些地方傷害到他，如果審視自己沒有任何傷害他的地方，就接受被不喜歡。學校就像職場，每個人都是不得已被安排在同一個空間生存的地方，合得來就相處久一點，合不來就相處短一點！不要浪費能量糾結自己是否被喜歡！,2025-09-11 10:18,"這裡是我可以暢所欲言的地方。
喜歡我文字的陌生人，你們隨意分享～
在現實生活中認識我的，我們不用在這裡打招呼。",筋疲力盡
happy_star_168,chun chun,這星期最開心的事，就是看到這位學習遲緩的學生拿回來的聽寫本，從國字根本都不會寫到可以考出這樣的成績，不枉費我逐字拆解一字字教她。一個老師驕傲的是不是教本來就優秀的孩子，而是付出心力教需要你的學生！,2025-09-10 19:45,"這裡是我可以暢所欲言的地方。
喜歡我文字的陌生人，你們隨意分享～
在現實生活中認識我的，我們不用在這裡打招呼。",筋疲力盡
happy_star_168,chun chun,長大的過程，就是一場自我探索的過程，無論到幾歲，這都是我們一生的課題，所以要多接觸正面能量到事物，心裡想法負面的時候，想辦法把這些負面垃圾丟掉，因為低潮越久，別人隨便幾句貶低的話語，就會把你拉入深淵，記住，你越清楚自己是誰，別人對你的評價，越沒有力量！,2025-09-10 10:13,"這裡是我可以暢所欲言的地方。
喜歡我文字的陌生人，你們隨意分享～
在現實生活中認識我的，我們不用在這裡打招呼。",筋疲力盡
happy_star_168,chun chun,今天適合來po上週五的白板__在朝目標夢想前進的路上，總會有很多雜音，詆毀，誤解，如果每件事，你都停下腳步，花時間去解釋，在意別人的話，那麼你永遠到不了，你要帶著被鱷魚咬出的傷口，大步往前走，抵達夢想的那天，那些傷痕會變成你身上奇特的標誌，讓你變得獨一無二！,2025-09-09 09:58,"這裡是我可以暢所欲言的地方。
喜歡我文字的陌生人，你們隨意分享～
在現實生活中認識我的，我們不用在這裡打招呼。",筋疲力盡
happy_star_168,chun chun,"今天發生了一些事情，但是我不想寫在板上，我不想要這個淨土，總是書寫那些不重要的人！雖然哭了，但是我還是讓眼淚澆水，當自己是一株植物，好好吸收該吸收的！
這本書很不錯，值得購買來閱讀。",2025-09-08 19:46,"這裡是我可以暢所欲言的地方。
喜歡我文字的陌生人，你們隨意分享～
在現實生活中認識我的，我們不用在這裡打招呼。",筋疲力盡
happy_star_168,chun chun,補上忘了po的白板_人生的旅程，像似攀登一座高峰，每一步都不容易，但是每一步都不會白走，艱難辛苦的攀爬過程，淚水和汗水是路標，在抵達山頂的那一刻，你會被眼前的風景感動，因為感動的是那個曾經努力不懈的自己。爬上山頂並不是為了讓世界看到你，而是讓你有更寬廣的眼界看世界。,2025-09-07 12:42,"這裡是我可以暢所欲言的地方。
喜歡我文字的陌生人，你們隨意分享～
在現實生活中認識我的，我們不用在這裡打招呼。",筋疲力盡
happy_star_168,chun chun,小二這樣的字體，讓人看了心情愉快！,2025-09-06 12:06,"這裡是我可以暢所欲言的地方。
喜歡我文字的陌生人，你們隨意分享～
在現實生活中認識我的，我們不用在這裡打招呼。",筋疲力盡
happy_star_168,chun chun,"剛畢業班的家長line我，陪伴孩子長大是什麼感覺，就是有一天，他們已經沒有在妳身邊了，但是妳給過的愛，會變成他們茁壯的養分。
孩子不用因為我而變好，但是有我在，他們一定要變更好！",2025-09-05 20:13,"這裡是我可以暢所欲言的地方。
喜歡我文字的陌生人，你們隨意分享～
在現實生活中認識我的，我們不用在這裡打招呼。",筋疲力盡
happy_star_168,chun chun,昨日白板__偶爾看到一個心理學家研究很多領域頂級的人物，他發現這些人並沒有比一般人多出天生的才能，他們只是在成長過程中，投入大量練習，比別人專注練習！對於孩子，其實我們可以先教會他們堅持，不是塞一堆課程或寫一堆試卷，而是每天一點點量的練習，就像荷花效應一樣，成功需要厚積薄發，長期累積的努力，會在剛好的時候展現出來！,2025-09-04 10:09,"這裡是我可以暢所欲言的地方。
喜歡我文字的陌生人，你們隨意分享～
在現實生活中認識我的，我們不用在這裡打招呼。",筋疲力盡
happy_star_168,chun chun,"今天我們班情緒障礙的學生，說他不要寫功課，要出去玩，我說功課完成才能休息或者午睡起來再寫，他就開始高分貝尖叫哭鬧，對我說，我有一張圖畫本來要送給您，現在不要了……
我回他，沒關係，我不需要那張圖畫，還是愛你。
他繼續開始說要跟媽媽說他討厭來安親班，要跟家人說，明天開始不要來了！！！
這就是安親班版的融合教育！",2025-09-03 19:47,"這裡是我可以暢所欲言的地方。
喜歡我文字的陌生人，你們隨意分享～
在現實生活中認識我的，我們不用在這裡打招呼。",筋疲力盡
happy_star_168,chun chun,"經過暑假的洗禮，我變成早睡早起的好寶寶了！
善用一下早晨時光，來po一下昨日白板，雖然我們常教導孩子努力的過程比成果重要，但是還是常常因為孩子表現的不如預期，而有點沮喪，因此我們更要提醒自己，努力本身應該是一場樂在其中的旅程，而不是希望得到完美的成績單。",2025-09-03 06:24,"這裡是我可以暢所欲言的地方。
喜歡我文字的陌生人，你們隨意分享～
在現實生活中認識我的，我們不用在這裡打招呼。",筋疲力盡
happy_star_168,chun chun,暑假剛到我們班，字連寫在格子裡都有問題，經過兩個月的訓練，昨天開學第一天，甲本作業字體已經進步那麼多，這刻，你會覺得辛苦是值得的！,2025-09-02 10:10,"這裡是我可以暢所欲言的地方。
喜歡我文字的陌生人，你們隨意分享～
在現實生活中認識我的，我們不用在這裡打招呼。",筋疲力盡
happy_star_168,chun chun,昨天看到脆友po他對朋友付出，結果沒得到一點回應，我想應該很多人有遇過相同的事吧～有時候友誼和感情一樣是自己的一廂情願，自己覺得很珍貴，別人覺得可有可無，不要為自己付出過的一切傷心，付得出愛的人，因為他心中有愛，有些人就是沒有，勉強不來的。那些人來到你的生命中，是要教會你，愛自己。,2025-09-01 10:00,"這裡是我可以暢所欲言的地方。
喜歡我文字的陌生人，你們隨意分享～
在現實生活中認識我的，我們不用在這裡打招呼。",筋疲力盡
happy_star_168,chun chun,整理手機的照片看到某週五的白板忘記分享，又剛好發生某些事，所以還是分享給大家，很多人把溝通當成告知，他只是想讓你遵從，如果你不遵從，你就變成他口中的不好溝通，不過別人的評價也真的不是那麼重要，只要不是出自善意的對談，完全不用放心上！,2025-08-31 09:48,"這裡是我可以暢所欲言的地方。
喜歡我文字的陌生人，你們隨意分享～
在現實生活中認識我的，我們不用在這裡打招呼。",筋疲力盡
shenyaling_1128,亞Evelyn ʕ •ᴥ•ʔ,"9/21 從中午開始假性宮縮，
晚餐吃了老公煎的牛排後，宮縮竟然變得更頻繁
疼痛感也一次比一次劇烈
媽媽的第六感告訴我「差不多要準備了」
立馬洗澡洗頭，把待產包確認好，
把大寶託給婆婆後，23:45直奔醫院🏥
🐧停好車淋著雨衝進來，手忙腳亂提著待產包進待產室
「你老婆要生了！」
「已經開 5-6 公分了！」
「這麼快！可以打無痛嗎？」
「來不及了喔～」
🐧臉上瞬間慌了神：「哇！怎麼辦！你很怕痛！」
那一幕看到 INTJ 難得慌張  忍不住笑出來
待產時宮縮一度趨緩
護理師抽血、評估後決定直接人工破水加速產程
接下來就是兩個小時的——
瘋狂抖抖抖＋呼天喊地模式⚡️
終於，寶寶誕生了👶🏻
那一刻，所有的疼痛都在聽到哭聲的瞬間消失
取而代之的是滿滿的喜悅與放鬆
「媽咪爸爸，我們來跟寶寶合照～」
即便筋疲力盡，還是立刻整理儀容微笑拍照😆
在休息室裡，老公揉著我的子宮揉到睡著
半夜生小孩真的是一場體力戰
回想起來，這場風雨交加的夜晚
是我們一家人新的起點
大寶多了一個妹妹
我們多了一份責任，也多了一份幸福
謝謝🐧陪我一起走過那段最狼狽卻最美的時刻
歡迎小寶貝來到這個世界 ❤️",2025-09-22 21:52,"🌸𝙴𝚟𝚎𝚕𝚢𝚗🌸
愛笑的女孩 愛笑的Evelyn 
我當媽啦！！新手媽媽(⑅•ᴗ•⑅)
ʏᴏᴜ ᴡᴇʀᴇ ʙᴏʀɴ ᴛᴏ ʙᴇ ʀᴇᴀʟ ,ɴᴏᴛ ᴛᴏ ʙᴇ ᴘᴇʀғᴇᴄᴛ.👻",筋疲力盡
hl.ngy,花蓮新世代青年聯盟 曙光花蓮,"災害怎麼走到這一步的？
所有受災民都應該要被告知的資訊。
不是斷章取義，而是有完整時間序，說明清楚的影片。",2025-09-27 17:31,"一群集結成曙光的花蓮人，用對土地的愛與國家的忠
勇敢的站出來對抗長期魚肉鄉里的惡僕傅崐萁
曙光花蓮，照亮台灣
我們即將迎來民主的島嶼天光，驅散長期籠罩的傅式陰霾
我們要拿回自己的家鄉，守護我們的國家
勇敢花蓮人，守護台灣人。
7/26 罷免傅崐萁 出來投同意。",筋疲力盡
hl.ngy,花蓮新世代青年聯盟 曙光花蓮,"107年的花蓮縣府的計畫書就有「垂直避難」了，哪來的新名詞？
什麼是「垂直避難」？
​就是「有條件地、暫時地、往高處躲」。
​它不是「萬能丹」，而是「最後手段」！
​你家必須同時滿足以下所有超嚴格條件：
​✅ 房子夠硬：必須是鋼筋混凝土的堅固建築。
​✅ 地點安全：絕對不能在土石流潛勢區、河岸邊或順向坡上。
​✅ 樓層夠高：有二樓以上，且高於預估的災害高度。
​✅ 專家評估：需要由防災人員評估認可。
​⚠️ 如果你家在危險區，唯一的選項就是「水平疏散」，也就是趕快跑！
​
​整起事件的核心，並非「垂直避難」這個防災知識本身，而是地方政府有沒有善盡「評估風險、強制撤離」的法定指揮責任。
​把責任推給一個防災名詞，就是為了轉移執行不力的焦點。",2025-09-25 23:51,"一群集結成曙光的花蓮人，用對土地的愛與國家的忠
勇敢的站出來對抗長期魚肉鄉里的惡僕傅崐萁
曙光花蓮，照亮台灣
我們即將迎來民主的島嶼天光，驅散長期籠罩的傅式陰霾
我們要拿回自己的家鄉，守護我們的國家
勇敢花蓮人，守護台灣人。
7/26 罷免傅崐萁 出來投同意。",筋疲力盡
hl.ngy,花蓮新世代青年聯盟 曙光花蓮,"從「很難」到「擺爛」的距離——花蓮縣府言論凸顯的治理失能
花蓮縣政府稱「撤離8千人很難」，根本就是推卸責任的藉口：
1. 防災是基本責任，不是額外要求：聲稱「很難」正好承認了平時就缺乏完善的撤離計畫與演練。應對緊急狀況本就是政府的義務，而不是一項可以討價還價的困難任務。
2. 高雄經驗戳破藉口：高雄能「1小時撤離近2000人」，而且還是山區，證明大規模撤離並非不可能。這個實際案例讓花蓮的「很難」聽起來更像是「效率不彰」或「無心作為」，而非客觀限制。
3. 浪費了黃金30小時：從中央預警到災害發生，縣府有超過一天的充足時間，並非「臨時被通知」。他們企圖用「執行上的困難」，來掩蓋「決策上的緩慢」與領導層的輕忽。
民眾需要的是一個能好好執行的政府，而不是一個擺爛在災後抱怨問題很難的團隊。",2025-09-25 22:32,"一群集結成曙光的花蓮人，用對土地的愛與國家的忠
勇敢的站出來對抗長期魚肉鄉里的惡僕傅崐萁
曙光花蓮，照亮台灣
我們即將迎來民主的島嶼天光，驅散長期籠罩的傅式陰霾
我們要拿回自己的家鄉，守護我們的國家
勇敢花蓮人，守護台灣人。
7/26 罷免傅崐萁 出來投同意。",筋疲力盡
hl.ngy,花蓮新世代青年聯盟 曙光花蓮,"Q：花蓮馬太鞍溪堰塞湖溢流，到底是誰的責任？
​🤔 很多人直覺猜是林保署（中央）？
❌ 錯！ 因為堰塞湖在「國有林地」，所以林保署的任務是**「監測、警告」**，但法律規定，真正要帶居民撤離的不是他們！
​✅ 正確答案是：地方政府（花蓮縣政府）！
👉 根據台灣的**《災害防救法》**，防災分工超清楚！
​這場防災作戰，中央和地方角色不一樣：
​🕵️‍♂️ 中央各部會 (林保署、水保署等)
​角色：情報官、偵察兵
​任務：用衛星、飛機、監視器等高科技工具，盯緊堰塞湖。
​工作：分析情勢，判斷危險，然後向上級和前線大聲發出警告。
​本次戰果：提供了即時影像、監測數據，並發出了9次以上的撤離警告。
​👨‍✈️ 地方政府 (花蓮縣政府)
​角色：前線指揮官
​任務：接收到情報官的危險警告後，保護自己轄下的士兵（居民）。
​工作：下達「撤退」命令，並動用手上的警察、消防、村里長系統，挨家挨戶把人強制帶到安全的地方。
​本次戰果：在收到多次警告後，未完成強制疏散任務。
​【結論】
所以，疏散避難的責任，地方政府真的難辭其咎！
​#防災 #權責分工 #看懂新聞 #花蓮加油",2025-09-24 21:57,"一群集結成曙光的花蓮人，用對土地的愛與國家的忠
勇敢的站出來對抗長期魚肉鄉里的惡僕傅崐萁
曙光花蓮，照亮台灣
我們即將迎來民主的島嶼天光，驅散長期籠罩的傅式陰霾
我們要拿回自己的家鄉，守護我們的國家
勇敢花蓮人，守護台灣人。
7/26 罷免傅崐萁 出來投同意。",筋疲力盡
hl.ngy,花蓮新世代青年聯盟 曙光花蓮,"【堰塞湖監測，大家分工合作，誰該做什麼？】
簡單來說，林保署監測堰塞湖，是因為它正好位在他們管理的國有林地內，但救災和疏散是需要各單位一起合作的。
就像一個團隊，每個人都有自己負責的工作：
空中偵察組 🚁
空勤總隊：派飛機到空中勘查，從高空看狀況。
林保署（航遙測分署）：負責空拍，提供高解析度照片。
農村水保署：提供最新的衛星影像，幫助大家掌握全局。
河川管理組 🌊
水利署（第九河川分署）：負責清理河道，並提供CCTV監控畫面，同時也提供附近租地耕作的農民名單，以便通知。
通訊與監測組 📡
交通部養工分局 + 中華電信：在現場裝設監測儀器，隨時掌握數據。
NCC：確保通訊順暢，讓所有資訊都能即時傳遞。
地方政府 📣
花蓮縣政府：最重要的工作之一！ 負責製作「保全戶名單」（也就是需要優先撤離的民眾名單），並提前規劃好疏散避難的相關事宜。
結論：
從上面的分工可以清楚看到，林保署主要負責技術監測，而花蓮縣政府的核心責任是掌握需要疏散的民眾名單，並做好疏散準備。
所以，認為所有救災、疏散工作都該由林保署一肩扛起，其實是對各單位專業分工的誤解。",2025-09-24 20:54,"一群集結成曙光的花蓮人，用對土地的愛與國家的忠
勇敢的站出來對抗長期魚肉鄉里的惡僕傅崐萁
曙光花蓮，照亮台灣
我們即將迎來民主的島嶼天光，驅散長期籠罩的傅式陰霾
我們要拿回自己的家鄉，守護我們的國家
勇敢花蓮人，守護台灣人。
7/26 罷免傅崐萁 出來投同意。",筋疲力盡
hl.ngy,花蓮新世代青年聯盟 曙光花蓮,"傅崐萁遲到就算了，到現場發表演說撇責任、耽誤大家時間是在？？
還很多人需要救援、撤離，不要浪費時間好嗎？",2025-09-24 13:37,"一群集結成曙光的花蓮人，用對土地的愛與國家的忠
勇敢的站出來對抗長期魚肉鄉里的惡僕傅崐萁
曙光花蓮，照亮台灣
我們即將迎來民主的島嶼天光，驅散長期籠罩的傅式陰霾
我們要拿回自己的家鄉，守護我們的國家
勇敢花蓮人，守護台灣人。
7/26 罷免傅崐萁 出來投同意。",筋疲力盡
hl.ngy,花蓮新世代青年聯盟 曙光花蓮,"🚨🚨🚨請注意安全🚨🚨🚨
馬太鞍溪目前隨時溢流！請不要因一時的水退，就回家拿取物品！
拍攝地點：往太陽廣場的路上
陳言安提供！
facebook.com/share…",2025-09-24 12:11,"一群集結成曙光的花蓮人，用對土地的愛與國家的忠
勇敢的站出來對抗長期魚肉鄉里的惡僕傅崐萁
曙光花蓮，照亮台灣
我們即將迎來民主的島嶼天光，驅散長期籠罩的傅式陰霾
我們要拿回自己的家鄉，守護我們的國家
勇敢花蓮人，守護台灣人。
7/26 罷免傅崐萁 出來投同意。",筋疲力盡
hl.ngy,花蓮新世代青年聯盟 曙光花蓮,"緊急通知！！！大水會在12:10到部落！！！
＃警報 ＃​溢流（因為馬太鞍溪河床已被土石填滿 水會直接進到部落）
現在又溢流，大全和馬佛已經淹水了，
二三樓避難的維持在最高的地方
在馬路上的請趕快到馬太鞍長老教會或光復國小、大進國小
還沒有進到光復鄉的，請立即離開光復鄉！！！",2025-09-24 11:56,"一群集結成曙光的花蓮人，用對土地的愛與國家的忠
勇敢的站出來對抗長期魚肉鄉里的惡僕傅崐萁
曙光花蓮，照亮台灣
我們即將迎來民主的島嶼天光，驅散長期籠罩的傅式陰霾
我們要拿回自己的家鄉，守護我們的國家
勇敢花蓮人，守護台灣人。
7/26 罷免傅崐萁 出來投同意。",筋疲力盡
hl.ngy,花蓮新世代青年聯盟 曙光花蓮,"緊急通知！！！
＃警報 ＃潰壩
現在又潰壩，大全和馬佛已經淹水了，
二三樓避難的請趕快到教會或光小，
請大家撤離到大進
還沒有進到光復鄉的請
立即離開光復鄉！！！",2025-09-24 11:35,"一群集結成曙光的花蓮人，用對土地的愛與國家的忠
勇敢的站出來對抗長期魚肉鄉里的惡僕傅崐萁
曙光花蓮，照亮台灣
我們即將迎來民主的島嶼天光，驅散長期籠罩的傅式陰霾
我們要拿回自己的家鄉，守護我們的國家
勇敢花蓮人，守護台灣人。
7/26 罷免傅崐萁 出來投同意。",筋疲力盡
hl.ngy,花蓮新世代青年聯盟 曙光花蓮,"滾動式更新光復救災需求
facebook.com/share…",2025-09-23 23:57,"一群集結成曙光的花蓮人，用對土地的愛與國家的忠
勇敢的站出來對抗長期魚肉鄉里的惡僕傅崐萁
曙光花蓮，照亮台灣
我們即將迎來民主的島嶼天光，驅散長期籠罩的傅式陰霾
我們要拿回自己的家鄉，守護我們的國家
勇敢花蓮人，守護台灣人。
7/26 罷免傅崐萁 出來投同意。",筋疲力盡
hl.ngy,花蓮新世代青年聯盟 曙光花蓮,"已經有人在帶風向甩鍋給中央了
真的很差勁，從開始到現在中央已經協調地方做了這麼多。
在很多光復人還需要救援的時候，最不需要的是口水
圖片取自：馬太鞍溪堰塞湖監測紀實",2025-09-23 19:39,"一群集結成曙光的花蓮人，用對土地的愛與國家的忠
勇敢的站出來對抗長期魚肉鄉里的惡僕傅崐萁
曙光花蓮，照亮台灣
我們即將迎來民主的島嶼天光，驅散長期籠罩的傅式陰霾
我們要拿回自己的家鄉，守護我們的國家
勇敢花蓮人，守護台灣人。
7/26 罷免傅崐萁 出來投同意。",筋疲力盡
hl.ngy,花蓮新世代青年聯盟 曙光花蓮,"16:40發文提醒16：30就已經來的洪峰是在🙄🙄🙄
希望大家平安🙏",2025-09-23 17:01,"一群集結成曙光的花蓮人，用對土地的愛與國家的忠
勇敢的站出來對抗長期魚肉鄉里的惡僕傅崐萁
曙光花蓮，照亮台灣
我們即將迎來民主的島嶼天光，驅散長期籠罩的傅式陰霾
我們要拿回自己的家鄉，守護我們的國家
勇敢花蓮人，守護台灣人。
7/26 罷免傅崐萁 出來投同意。",筋疲力盡
hl.ngy,花蓮新世代青年聯盟 曙光花蓮,"真的要滿出來了😱
台9線馬太鞍溪橋目前也已經封路了，
沒事不要經過那裡。
祝大家平安🙏
影響範圍：
鳳林鎮長橋里、萬榮鄉明利村、光復鄉大平村、大全村、大同村、大安村、大馬村、大華村、大進村、北富村、西富村、東富村。",2025-09-23 13:54,"一群集結成曙光的花蓮人，用對土地的愛與國家的忠
勇敢的站出來對抗長期魚肉鄉里的惡僕傅崐萁
曙光花蓮，照亮台灣
我們即將迎來民主的島嶼天光，驅散長期籠罩的傅式陰霾
我們要拿回自己的家鄉，守護我們的國家
勇敢花蓮人，守護台灣人。
7/26 罷免傅崐萁 出來投同意。",筋疲力盡
hl.ngy,花蓮新世代青年聯盟 曙光花蓮,"中央的災害應變中心報告
我們的花蓮縣長居然不在線上
我們光復的馬太鞍堰塞湖還有溢堤的風險在說
祝大家平安",2025-09-22 18:13,"一群集結成曙光的花蓮人，用對土地的愛與國家的忠
勇敢的站出來對抗長期魚肉鄉里的惡僕傅崐萁
曙光花蓮，照亮台灣
我們即將迎來民主的島嶼天光，驅散長期籠罩的傅式陰霾
我們要拿回自己的家鄉，守護我們的國家
勇敢花蓮人，守護台灣人。
7/26 罷免傅崐萁 出來投同意。",筋疲力盡
hl.ngy,花蓮新世代青年聯盟 曙光花蓮,"總統宣布明年月薪5萬免繳稅！！🎉🎉
全國約40-50%民眾受惠😍😍😍
這就是台灣經濟好的成果！
連韓國都在羨慕的台灣，
身為台灣人，真心感到驕傲🥳🥳",2025-09-22 11:23,"一群集結成曙光的花蓮人，用對土地的愛與國家的忠
勇敢的站出來對抗長期魚肉鄉里的惡僕傅崐萁
曙光花蓮，照亮台灣
我們即將迎來民主的島嶼天光，驅散長期籠罩的傅式陰霾
我們要拿回自己的家鄉，守護我們的國家
勇敢花蓮人，守護台灣人。
7/26 罷免傅崐萁 出來投同意。",筋疲力盡
huangdoodoo,多多,"埔里人應該都知道這間吧！！
知道的🙋‍♀️
很好吃，還要+滑蛋❤️❤️
不知道的給我趕快去吃喔～～～～",2025-10-29 13:26,"✨ 金牛座 ♉️ 超級務實&固執&也搞笑😆
✨人設：開心快樂｜偏向正能量｜人生觀察員
✨熱蠟除毛師｜邊專業邊吐槽的那種
✨美業專業＋副業探索，努力增加多一點收入選擇
✨相信流量不只是一個數字，而是能量的累積
💖 把快樂當存款，越分享越增值",筋疲力盡
huangdoodoo,多多,"於是，我展開了人生最瘋狂的任務——
【尋酒行動：朝日零醣在哪裡🍺🔍】
便利商店全掃、超市貨架全問～～
⚠️緊急公告⚠️
我快陷入「無酒可喝焦慮症」
若有人發現「朝日零醣」蹤影，
請立刻通報本人，
我將親自提酒金前往感謝🍺😭",2025-10-28 19:42,"✨ 金牛座 ♉️ 超級務實&固執&也搞笑😆
✨人設：開心快樂｜偏向正能量｜人生觀察員
✨熱蠟除毛師｜邊專業邊吐槽的那種
✨美業專業＋副業探索，努力增加多一點收入選擇
✨相信流量不只是一個數字，而是能量的累積
💖 把快樂當存款，越分享越增值",筋疲力盡
huangdoodoo,多多,"這兩天得知一個消息，對我來說真的是晴天霹靂～
我最愛的「朝日零醣」啤酒，斷！貨！了！😱
我整個人彷彿被老天爺關掉 Wi-Fi，靈魂卡在重開機的狀態。
我真的不敢想像沒有它的夜晚該怎麼渡過）））崩潰中",2025-10-28 19:40,"✨ 金牛座 ♉️ 超級務實&固執&也搞笑😆
✨人設：開心快樂｜偏向正能量｜人生觀察員
✨熱蠟除毛師｜邊專業邊吐槽的那種
✨美業專業＋副業探索，努力增加多一點收入選擇
✨相信流量不只是一個數字，而是能量的累積
💖 把快樂當存款，越分享越增值",筋疲力盡
huangdoodoo,多多,"高鐵窗外的風景，一閃而過。
有人在上車，有人已經下車。
我也在這條軌道上，慢慢學會放下。",2025-10-27 15:32,"✨ 金牛座 ♉️ 超級務實&固執&也搞笑😆
✨人設：開心快樂｜偏向正能量｜人生觀察員
✨熱蠟除毛師｜邊專業邊吐槽的那種
✨美業專業＋副業探索，努力增加多一點收入選擇
✨相信流量不只是一個數字，而是能量的累積
💖 把快樂當存款，越分享越增值",筋疲力盡
huangdoodoo,多多,"有延甲的大概都知道
這樣的狀況真的會直接
「原地往生」
（痛死了）",2025-10-21 23:50,"✨ 金牛座 ♉️ 超級務實&固執&也搞笑😆
✨人設：開心快樂｜偏向正能量｜人生觀察員
✨熱蠟除毛師｜邊專業邊吐槽的那種
✨美業專業＋副業探索，努力增加多一點收入選擇
✨相信流量不只是一個數字，而是能量的累積
💖 把快樂當存款，越分享越增值",筋疲力盡
huangdoodoo,多多,"很堅持的覺得卡通圖案的面膜就是她的
是小孩使用的這樣～
好的！！
給妳搞吧！",2025-10-21 22:58,"✨ 金牛座 ♉️ 超級務實&固執&也搞笑😆
✨人設：開心快樂｜偏向正能量｜人生觀察員
✨熱蠟除毛師｜邊專業邊吐槽的那種
✨美業專業＋副業探索，努力增加多一點收入選擇
✨相信流量不只是一個數字，而是能量的累積
💖 把快樂當存款，越分享越增值",筋疲力盡
felixchang79,張萬福,基隆絕沛的志工已經戰至筋疲力盡了 甚至其他地區的罷團志工都紛紛趕來相助 可是號稱基隆在地的第三勢力 陳薇仲 王醒之 還是一副事不關己 高高掛起 從去年拆樑到今年絕沛 就算不為了崇高理想 站在現實考量也有近七萬張選票 但這兩人卻毫無所為,2025-05-15 14:51,Sic semper tyrannis,筋疲力盡
felixchang79,張萬福,憲法法庭還有救嗎,2025-05-13 12:59,Sic semper tyrannis,筋疲力盡
felixchang79,張萬福,"笑死
抄黨員名冊去罷免對手的政黨 竟然罵對手是納粹
是以為台灣人都是北七嗎",2025-05-11 09:40,Sic semper tyrannis,筋疲力盡
felixchang79,張萬福,奇怪 為什麼支持中國國民黨反罷免的人 無論老人或是年輕人 都是一副黑道暴力份子的模樣呢 為什麼都使用言語或肢體暴力攻擊罷免志工呢 這似乎說明了什麼,2025-05-10 11:44,Sic semper tyrannis,筋疲力盡
felixchang79,張萬福,罷免不適任立委成功 請有意參加補選者承諾 加碼放假十天！ 全民普發兩萬！ 保證大罷免成功！ 用你的魔法打敗你！🤪,2025-05-10 08:02,Sic semper tyrannis,筋疲力盡
felixchang79,張萬福,mirrordaily.news/story…,2025-05-10 06:29,Sic semper tyrannis,筋疲力盡
felixchang79,張萬福,"既然要放""中華假"" 那為什麼""六月四日""不放假呢？",2025-05-09 17:22,Sic semper tyrannis,筋疲力盡
felixchang79,張萬福,cna.com.tw/news…,2025-05-09 15:41,Sic semper tyrannis,筋疲力盡
felixchang79,張萬福,today.line.me/tw/v2…,2025-05-09 12:50,Sic semper tyrannis,筋疲力盡
felixchang79,張萬福,"今天才發現
原來中國網軍也會使用注音文了
真令我吃驚啊
因為網軍開始胡說八道 我才開始一一封鎖
還以為封鎖錯人
仔細研究才發現是中國五毛小粉紅",2025-05-09 11:52,Sic semper tyrannis,筋疲力盡
felixchang79,張萬福,里長是中國國民黨的樁腳 在謝國樑反罷免一役也出力甚多 今天看到我跟鄰居聊大罷免運動 大聲嘲笑 “你們這樣叫人罷免沒用啦！謝國樑不就好好的！” 我冷回 “不然咧？難道要學你們坐遊覽車吃點心去台北戰獨裁嗎？” 里長乾笑兩聲 轉頭離去,2025-05-06 19:10,Sic semper tyrannis,筋疲力盡
felixchang79,張萬福,"我在積極拉票找人連署 又聽到熟悉地聲音：""你們怎不去罷免賴清德？"" 
我笑了 
對他說 這是自由的國家 你們可以自己發動罷免賴清德啊 反正你們把戶政系統打開抄一抄就好了 全台灣你們愛罷免誰就罷免誰 不是很簡單嗎 也不用在這裡和我們吵架 
對方一時語塞",2025-05-05 08:40,Sic semper tyrannis,筋疲力盡
snoopdoitwrong,Snoop/陀螺殺手小凱/Po,"住在LA或美國的各位
想請問一下大家都是怎麼搬家的⋯
每天開車來回兩小時去學校已經筋疲力盡⋯",2024-09-05 11:47,"AAU 🎥
NYFA 🎬
San Francisco📷
Los Angeles",筋疲力盡
snoopdoitwrong,Snoop/陀螺殺手小凱/Po,Get,2024-08-25 05:35,"AAU 🎥
NYFA 🎬
San Francisco📷
Los Angeles",筋疲力盡
snoopdoitwrong,Snoop/陀螺殺手小凱/Po,Dream,2024-08-23 13:01,"AAU 🎥
NYFA 🎬
San Francisco📷
Los Angeles",筋疲力盡
hc330701,沅哥運動攝影,"在這張照片裡，我捕捉到了一名國中女生田徑選手，在賽後筋疲力盡、彎著身子的瞬間。
對許多人來說，這也許只是個「累到不行」的畫面；但在我眼裡，這卻是最動人的勇氣。她用盡全力奔跑，直到身體再也撐不住，這不是失敗，而是證明自己已經毫無保留。
運動場上的汗水，不會馬上開出花，但它會慢慢在心裡留下勇敢的種子。或許今天的成績未必是最好的，但這份咬牙跑完的意志，將會成為她往後人生最珍貴的力量。
身為攝影師，我覺得能記錄下這樣的畫面，是一種榮幸。因為在這一刻，她教會我們：真正的美麗，不是輕鬆贏得第一，而是勇敢跑到最後。
「這條跑道上，最美的不是速度，而是堅持到最後的心。」",2025-08-27 23:43,大家好，我是一名熱愛運動與攝影的專業運動攝影師，致力於捕捉每一個精彩的瞬間，將動態凝固成永恆的畫面。無論是快速的比賽場面還是熱血的訓練時刻，我都以細膩的觀察力和專業技術，呈現運動員的激情與汗水。我的作品不僅記錄運動的美，更展現故事與情感。如果您正在尋找一位能夠捕捉動感與力量的攝影師，我會是您最好的選,筋疲力盡
dec28.172_,ℕ𝕚𝕟𝕚☾.*·̩͙,"上班光鮮亮麗
下班筋疲力盡🙂‍↕️👍🏻",2025-10-18 21:03,"174還在長高的女森 🪄◟✦✩‧₊˚
郵局小桂圓📮💌
同事叫我一日一更她喜歡看(͒ °꒫ᑦﾞ )͒",筋疲力盡
dec28.172_,ℕ𝕚𝕟𝕚☾.*·̩͙,"進來存完錢跟我說想規劃存錢
但是趕上班 所以需要加我的賴
請我傳壽險DM給他
說手機只剩2%了
結果開始秀自己股票對帳單多有錢？？
啊不是趕上班 手機不是要沒電了嗎
想說真的可能有業務需求 就把公司官方帳給他
結果一離開開始在賴上無限輸出
我是郵局櫃員不是出來賣的耶
能不能有禮貌一點==",2025-10-17 18:24,"174還在長高的女森 🪄◟✦✩‧₊˚
郵局小桂圓📮💌
同事叫我一日一更她喜歡看(͒ °꒫ᑦﾞ )͒",筋疲力盡
dec28.172_,ℕ𝕚𝕟𝕚☾.*·̩͙,"客人：我很急你不知道嗎？
動作為什麼那麼慢？
啊不能快一點嗎？
為什麼旁邊那台卡那麼久？
也是客人：為什麼按到我了！！
我還沒寫好欸！！
要拿什麼單子？
啊我的證件印章沒帶耶！
（然後是一整天的我）",2025-10-15 19:59,"174還在長高的女森 🪄◟✦✩‧₊˚
郵局小桂圓📮💌
同事叫我一日一更她喜歡看(͒ °꒫ᑦﾞ )͒",筋疲力盡
ann_ru14,Anna,"一個會讓你筋疲力盡的工作
脆的朋友請回答：____",2024-03-30 17:16,Nursing 💉,筋疲力盡
ann_ru14,Anna,誰家的貓咪跟我家的一樣像老虎🐯😵‍💫,2024-03-29 11:05,Nursing 💉,筋疲力盡
ann_ru14,Anna,"別人的脆都很有流量
我的脆流量在哪⋯？🥺
·
☀️☁️☁️☁️☁️☁️☁️☁️
每日一發直到教到脆友day3",2024-03-28 17:59,Nursing 💉,筋疲力盡
ann_ru14,Anna,"勵志每天刷刷存在感
看看脆什麼時候能讓我被美女包圍🥰
-
刷存在感day2",2024-03-27 14:40,Nursing 💉,筋疲力盡
ann_ru14,Anna,"最近的願望是被美女包圍
脆 有美女可以認識嗎😍",2024-03-26 14:49,Nursing 💉,筋疲力盡
ann_ru14,Anna,好想繼續當曼谷當幸福小情侶🥺,2024-03-18 23:47,Nursing 💉,筋疲力盡
mo11111y,mo11111y,"📣10/5 20:30
武昌街142號很歡迎大家來休息
我們現場人員很盡力在照顧
但是我覺得我們這裡被濫用善意了
來這裡休息的喝沒幾口就丟著
物資都快整理分類不來還要幫你們到處收垃圾
便當吃一口就不吃也是丟著
怕你們危險幫你們補齊裝備
護目鏡用了也丟著 
工具還回來也不集中都亂丟
不然就是當自己家無限暢飲
東西吃完不丟垃圾桶也是丟著
你們真的是準備好要來幫忙的嗎？
下班趕回來看到現場真的很難過
每個留守的都筋疲力盡、累昏頭
明天如果還有這樣的人 
你沒辦法互相尊重體諒幫助的話
很抱歉我會直接請你離開🥹
我得保護好我的夥伴
你願意和我們一起往同個方向前進
你就是我的夥伴
方向不同的就請你走你的路吧🥹🥹🥹
太傷心了⋯⋯⋯",2025-10-05 20:31,✨我是茉莉鵝，目前狀態：畢業了！但依舊在關心🫶🏻,筋疲力盡
mo11111y,mo11111y,"我的狀態更新
10/5 
08-14上班 不太能回覆
但可以先留言再回覆
14:48的火車18:00會回到光復
我儘量抽出時間幫忙解答
志工資訊地圖目前沒辦法繼續更新
因為要先專心現場🫡",2025-10-05 04:25,✨我是茉莉鵝，目前狀態：畢業了！但依舊在關心🫶🏻,筋疲力盡
mo11111y,mo11111y,"📣 10/4 22:47 再麻煩各位超人一起幫忙
在光復的支援的大家都是一家人 🫶🏻",2025-10-04 22:48,✨我是茉莉鵝，目前狀態：畢業了！但依舊在關心🫶🏻,筋疲力盡
mo11111y,mo11111y,"📣 10/4 18:42 封路更新
給你們更安全一點的範圍
分享請以這張為主～
10/5 一整天
「保安寺至佛祖街383 」封街 ❌
當天重大小型機具全力衝刺
請大家不要進入 注意安全！",2025-10-04 18:43,✨我是茉莉鵝，目前狀態：畢業了！但依舊在關心🫶🏻,筋疲力盡
mo11111y,mo11111y,"10/1 07:30 武昌街142號 物資需求追加：
❌勿寄送
橘色大水桶（如圖）
洗衣粉、洗衣精、水晶肥皂
卡式爐、瓦斯罐
鍋碗瓢盆（一般住家需求的那種）
洗碗精、菜瓜布
水桶、洗地刷、水桶、刮刀、好神拖組
因為我今天要上班比較沒時間
有新增需求會直接回在這篇文的回覆
直到我有空整理發新的文",2025-10-01 07:30,✨我是茉莉鵝，目前狀態：畢業了！但依舊在關心🫶🏻,筋疲力盡
mo11111y,mo11111y,"9/30 17:00 更新
如果是要給武昌街142號的
空間有限 水已放滿 可以先不用進
舒跑（可多）
寶礦力（可多）
能量飲（可多）
延長線（可多，災民會需要）
冰塊（可多）
防水貼布
防水ok蹦
優碘
沖洗用生理食鹽水
滅菌棉棒
滅菌沙布3*3
酒精
食材類請給「陸戰義廚」
鍋具、湯勺可給「光復中繼站」",2025-09-30 17:02,✨我是茉莉鵝，目前狀態：畢業了！但依舊在關心🫶🏻,筋疲力盡
mo11111y,mo11111y,"武昌街142號暫時還能接收物資
再次提醒：請勿寄送❗️
志工會滾動式調整，不一定會有人在現場收貨
現場沒有冰箱！天氣十分炎熱！
請好好審視要準備的物資食材是否可久放
可多提供舒跑、寶礦力水得等補充飲料
物資站也會提供給其他志工拿取
志工們非常需要靠這些抵抗炎熱的天氣
（尤其是清理淤泥跟小蜜蜂的志工們）",2025-09-29 19:26,✨我是茉莉鵝，目前狀態：畢業了！但依舊在關心🫶🏻,筋疲力盡
mo11111y,mo11111y,"分享：目前資訊最齊全的地圖⬇️⬇️⬇️
google.com/mymap…
因為已經進入整合階段
志工地圖將更新為以村為單位的志工資訊地圖
以物資站、醫療站、供水站、洗澡站這類資訊為主
不再放置住戶地址囉！
會海巡貼文直接協助轉發至各個通訊群組
地圖因為是一人作業更新較慢 抱歉
今天要上班還要準備明天要下花蓮的東西跟物資
志工們！！！我要準備去接力了！！！
還沒抵達的志工記得自備一點食物跟電解質粉
小心安全 不要中暑了🥵",2025-09-28 15:35,✨我是茉莉鵝，目前狀態：畢業了！但依舊在關心🫶🏻,筋疲力盡
mo11111y,mo11111y,g0v.hackmd.io/dq1h3…,2025-09-27 14:46,✨我是茉莉鵝，目前狀態：畢業了！但依舊在關心🫶🏻,筋疲力盡
mo11111y,mo11111y,"花蓮人秘訣分享：
小黑蚊怕明星花露水的味道！！！
還沒出發到現場的人可以準備！！！",2025-09-27 13:22,✨我是茉莉鵝，目前狀態：畢業了！但依舊在關心🫶🏻,筋疲力盡
mo11111y,mo11111y,"從 #板橋 #土城 地區出發的志工！
我有在這家買到有束口的 #雨鞋
「好口碑五金/食品 生活館」
maps.app.goo.gl/jiMhE…
（發現Google map有問題所以重發文）
這條路上有三間五金行
我是去中間的五金行
雨鞋有尺寸 不要買太合腳 
還要記得買鞋墊喔！！！不然腳很容易痛
門口長這樣⬇️￼貨架長這樣⬇️",2025-09-27 11:29,✨我是茉莉鵝，目前狀態：畢業了！但依舊在關心🫶🏻,筋疲力盡
mo11111y,mo11111y,google.com/maps…,2025-09-26 17:55,✨我是茉莉鵝，目前狀態：畢業了！但依舊在關心🫶🏻,筋疲力盡
mo11111y,mo11111y,"發問！義廚團或是物資現場志工！
請問是可以直接在現場過夜休息的嗎？
我可以直接墊紙箱睡地板沒關係
有東西稍微趴著休息也可以
想說這樣比較節省時間 
累了就休息 休息好了繼續幹活
因為是台北人又要上班
想把握時間可以儘量幫忙><
大概週一下午或週二出發 禮拜三回台北
可能需要找地方度過1-2個晚上
能在現場就地休息的話就太好了！
抱歉 🥹🥹🥹
因為上週嚴重貧血剛輸血完所以沒辦法參與挖土
想以義廚團跟物資處理志工為主
也可以跟著車子一起幫忙發食物！！！",2025-09-26 16:16,✨我是茉莉鵝，目前狀態：畢業了！但依舊在關心🫶🏻,筋疲力盡
mo11111y,mo11111y,m.facebook.com/story…,2025-09-26 13:34,✨我是茉莉鵝，目前狀態：畢業了！但依舊在關心🫶🏻,筋疲力盡
mo11111y,mo11111y,"尋求今天9/26從台北市出發至花蓮的順風車
地點在中山區德惠街、吉林路這邊
有頭燈跟手電筒可以提供
想麻煩、拜託你們一起帶下去🥹",2025-09-26 05:07,✨我是茉莉鵝，目前狀態：畢業了！但依舊在關心🫶🏻,筋疲力盡
mo11111y,mo11111y,docs.google.com/sprea…,2025-09-26 02:04,✨我是茉莉鵝，目前狀態：畢業了！但依舊在關心🫶🏻,筋疲力盡
mo11111y,mo11111y,"好希望我有超能力可以馬上協助統整各種資訊對接
也希望我有鈔能力可以二話不說買任何需要的重機械工具送到災區🥹
我好像什麼熱鍋上的螞蟻
這世界上真的有多啦A夢就好了
任意門直接瞬間傳送人力跟物資
縮小燈把需要移除的大型廢棄物都縮小
或是能有時光機回到溢流的前一刻
用放大燈把自己變超大 一口喝掉那些水！！！
更可以的話希望能回到花蓮還沒受傷之前
我此生遺憾可能就是沒有親眼看過花蓮原本的美
只顧著上班 一直上班🙁沒讓自己好好看過這個世界
二月去的時候看到受傷的山 心在哭泣
但我也一直相信著傷口有一天會復原
我會一直努力活著 等待著那一天
繼續保有愛、付出愛、傳承愛、相信愛！",2025-09-26 01:15,✨我是茉莉鵝，目前狀態：畢業了！但依舊在關心🫶🏻,筋疲力盡
mo11111y,mo11111y,"臺灣有愛
我們都愛著彼此
儘管有時候愛的太認真造成傷害
許多人都在盡自己的一份心力💗✨",2025-09-26 00:35,✨我是茉莉鵝，目前狀態：畢業了！但依舊在關心🫶🏻,筋疲力盡
mei_na2121,Li Mei,"想請問，有沒有媽咪家寶貝喝奶很慢的，60ml要喝近40分-1hr，分兩次餵了，還是容易脹氣還是腸絞痛，每次都固定下午跟凌晨3-4點再哭鬧，哄會停，但約一兩分鐘就又哭了，很大聲的那種（排氣操、按摩）都做了！已經持續4天了，醫院也去過了，屬疑似腸絞痛，奶粉也換水解了，藥也吃了，一樣無效！
排便一天一次而已，奶量也漸下降中....
是否還有什麼解方？ 求救~~~~~
跟爸比兩個人快筋疲力盡了，根本沒辦法入睡，目前寶寶出生12天！！！",2025-11-30 11:55,,筋疲力盡
mei_na2121,Li Mei,"我可以請教一下，各位偉大的媽咪嗎？
目前我剛生完，選擇母乳親餵，但不管怎麼擠，擠完後，依然屬於脹奶階段（不碰到不會痛）,要怎麼才能解決這個困擾？
而且按摩真的好痛阿~~~~~~×•×",2025-11-23 23:33,,筋疲力盡
mei_na2121,Li Mei,"昨天生啦！
整個過程滿滿驚喜！
一大早了還很悠閒的做全家人早餐（孕38+3）,悠閒吃完早餐後，準備回診啦~ 結果！結果！感覺怪怪的，跑廁所，給我落紅啦~~~，很好，立馬回診追蹤，整個過程不痛也沒有特別不舒服....,第一次檢查胎心很正常，被叫下去做超音波（羊水過少），建議直接催生，就這樣 開啟兩個多小時陣痛，最後還是緊急剖腹（寶寶 胎壓、心跳越來越不穩）！
真的要相信媽媽直覺，原本是要三天後再回來進行催生，當下 不知道為何就覺得就是要今天！！！",2025-11-20 12:55,,筋疲力盡
kanmibao509,遙🐶 🇹🇼,"為了百變怪寶寶們，已經把A11當成廚房來回奔跑了（？）
好累啊但好喜歡❤️",2025-10-02 21:36,,好累
tiyti_729,Dorothy,"這個月發生這件事情
我又陷入自我懷疑
是不是一切不好的事情都跟外表有關係
我今天變超級瘦變超級正
工作、學校、感情會不會順一點
會不會那些不好都變得好一點了
以前被欺負
我不知道是不是個性太內向還是太醜
同班的男生都對我很反感
都像是對嘔吐物一樣或什麼骯髒的東西
好噁心之類的
所以我一直都沒有年紀差不多的異性朋友
我好想跟以前的自己和解
告訴自己你已經很努力很棒了
跟以前不一樣了
但好難啊
好累啊……
我只一個想把生活
過好的普通人",2025-10-16 20:46,"脾氣爆炸差的🦁
發發日常
減肥紀錄",好累
tiyti_729,Dorothy,"入秋來點栗子🌰
今日上課穿搭
這件洋裝也太顯瘦
太想紀錄一下
下次去拍照再拍新的💕
打底本來要搭黑色
結果愛睏愛睏迷迷糊糊結果拿錯
月經來女孩們要睡飽穿暖
冷氣房凍一天快感冒了🥲
暖暖包也是穿搭也是穿搭一還🤣",2025-10-15 21:56,"脾氣爆炸差的🦁
發發日常
減肥紀錄",好累
tiyti_729,Dorothy,"一天發一張自拍
直到交到男友
Day2
#不要惹經期來的女人",2025-10-14 23:04,"脾氣爆炸差的🦁
發發日常
減肥紀錄",好累
tiyti_729,Dorothy,"軟體上聊天我就說
今年目標58公斤
明年目標48公斤
我從來沒有說我很瘦身材很好
也沒說過我很漂亮
你說58差不多48太瘦了
ig還是你要交換的欸
聊ㄧ聊卻說我該健身了
自以為幽默自以為很有趣？
我一直都有健身甚至有上課
只是沒有練得很厲害
然後覺得我脾氣太差
180以上長得不錯的男生
還異性緣很差
從來都沒有想過自己個性問題嗎
超級自我膨脹
覺得自己講話很有趣
覺得自己超扯超扯
我很想刪軟體
但我買了柴犬vip
我就來看看可以遇到多少鬼
交友軟體遇鬼紀錄",2025-10-14 19:32,"脾氣爆炸差的🦁
發發日常
減肥紀錄",好累
tiyti_729,Dorothy,"上次出去被說跟照片有落差
開始陷入自我懷疑的循環中
用匿名聊天，交換完照片後
看著對方的反應
讓我覺得
唉或許我真的很不好看吧
雖然沒被離開聊天室
但愛面子加上玻璃心爆炸
我自己離開了聊天室
想問大家真的修很多
第一張是🍎原相機
第二張是修圖後
（其實不用講也看得出來）",2025-10-14 17:02,"脾氣爆炸差的🦁
發發日常
減肥紀錄",好累
tiyti_729,Dorothy,"一天發一張照片直到交到男朋友
Day1
就用醜照開局🤣🤣🤣🤣
跟風跟風
反正我也基本都在洗版🤪",2025-10-13 20:50,"脾氣爆炸差的🦁
發發日常
減肥紀錄",好累
tiyti_729,Dorothy,"終於跟一塊一塊的髮色說掰掰💕
感謝亮亮幫我染💕💕
@klatch_shine
@klatch_shine",2025-10-12 19:42,"脾氣爆炸差的🦁
發發日常
減肥紀錄",好累
tiyti_729,Dorothy,"被自己可愛到了😜
剛滿18歲（踹",2025-10-12 11:33,"脾氣爆炸差的🦁
發發日常
減肥紀錄",好累
tiyti_729,Dorothy,"今日🖤🖤
我是一朵帶刺的黑玫瑰😜🖤🥷
美髮師最困擾的就是
客人白目自己剪自己染
昨日
💇：每次客人在外面用失敗才來找我補救
我：可是我頭髮顏色一塊一塊是我自己染的🤣
💇：很自豪嗎
🤣🤣🤣🤣🤣",2025-10-11 12:08,"脾氣爆炸差的🦁
發發日常
減肥紀錄",好累
tiyti_729,Dorothy,"想問各位布丁狗粉們
這隻是原本就沒屁眼嗎
（把褲子脫掉還是沒有屁眼）
還是我買到盜版了😭",2025-10-10 17:31,"脾氣爆炸差的🦁
發發日常
減肥紀錄",好累
tiyti_729,Dorothy,"我很努力我很棒了吧
：妳知道多囊最好的治療方式什麼嗎
我：減肥
：那妳都知道了
：應該告訴自己妳已經很棒了很努力了
一個禮拜體重增加了0.5
我心態又崩了
今年真的好想要58
但這7-8公斤怎麼那麼難
明明飲控了
明明健身了
一般人就可以很快
我怎麼連一個月一公斤都好難
壓力真的會導致體重下降變慢嗎
我只覺得好累想放棄了
瘦了那麼多還是沒辦法真正的開心起來",2025-10-10 00:44,"脾氣爆炸差的🦁
發發日常
減肥紀錄",好累
tiyti_729,Dorothy,"我沒有佔用器材
我做完一組在休息一下啦😣
有些器材對小個子真的很不友好
我都要去搬槓片來踮😢
我承認我露奶呀怎麼了
哪裡有優勢就展現那裡呀
妳也大方承認看我不爽很久了吧",2025-10-08 21:49,"脾氣爆炸差的🦁
發發日常
減肥紀錄",好累
tiyti_729,Dorothy,"誰可以跟我換
想要庫諾米換布丁狗",2025-10-08 12:08,"脾氣爆炸差的🦁
發發日常
減肥紀錄",好累
tiyti_729,Dorothy,"萬聖節台北有沒有變裝局
好想參加一起玩🥲🥲🥲
邊緣人只好網路找",2025-10-07 12:56,"脾氣爆炸差的🦁
發發日常
減肥紀錄",好累
tiyti_729,Dorothy,"那不是🍓
是被蚊子咬抓到好紅
希望不要留疤🥺",2025-10-06 13:38,"脾氣爆炸差的🦁
發發日常
減肥紀錄",好累
tiyti_729,Dorothy,"怎麼那麼可愛
尤其超級乖
安安靜靜的給我抱
瘋了只要看到狗勾我就會挖哭挖哭
誰懂啊
好久沒吃美式漢堡😭
但份量太大實在吃不完",2025-10-06 00:13,"脾氣爆炸差的🦁
發發日常
減肥紀錄",好累
tiyti_729,Dorothy,"當一顆無糖🍒
今日妝容
🍒貼紙桃色汽水🫧腮紅",2025-10-04 18:32,"脾氣爆炸差的🦁
發發日常
減肥紀錄",好累
tiyti_729,Dorothy,"每次大家都很驚訝我會畫畫
尤其是超驚訝那種
我也習慣了",2025-10-03 21:28,"脾氣爆炸差的🦁
發發日常
減肥紀錄",好累
handsome_guy17_77,Lv Yong Zhi,"選擇善良不是為了得到回報
而是為了在未來的日子裡 活得心安理得。",2025-09-02 15:48,,好累
handsome_guy17_77,Lv Yong Zhi,"27歲了 努力把日子慢慢變好，喜歡現在的自己😚
#台中人#改變#歲月不饒人#記錄生活📷",2025-09-01 02:06,,好累
handsome_guy17_77,Lv Yong Zhi,黑歴史以前真的好醜，長大變帥哥😂😂,2025-08-30 20:06,,好累
cozette2525,Cozette,"還沒當媽媽之前～
去逛夜市看到別的父母帶小朋友推推車也不會覺得有什麼，就算被推車撞到，對方家長也是都會第一時間就很緊張的道歉，我也沒有不開心
在公共場所的廁所看到媽媽把小男孩帶進去上廁所也不會覺得怎麼樣
現在當了媽媽後，看到這麼多仇孩的人
好像生了小孩是犯了很大的錯誤？？？
一兩個沒把小孩教好的父母
不代表其它的父母沒有在管教自己的小孩
請不要以偏概全！",2025-04-08 11:41,🤍,好累
ching_09_02,C,"好想逃離原生家庭
好窒息 好焦躁 好累",2024-12-14 05:32,,好累
zeng.les06,zeng.les06,"(睡前)
🐶：好累…(TT)不要再一次玩這麼多樣了
🦩：妳剛剛明明叫得很…(被捂住嘴)
🐶：別說出來…///
🦩：還會羞恥ㄚ 我偏要說啊 剛剛有人：啊…太舒服了 要××了 
🐶：啊！沒有！噓 快點睡了！
🦩：嗯？沒有嗎？還是忘了？讓妳回想一下
🐶：不不不 不可以 真的累了 想起來了…
🦩：哼哼 好啦睡吧 明天還要上課呢
🐶：抱抱(張開手)
🦩：小狗這麼喜歡抱抱ㄚ
🐶：抱抱有安全感 我很需要•́︿•̀
🦩：好好好～乖乖睡嘍 我都在的
🐶：晚安姐姐
🦩：晚安～",2025-11-11 07:54,想來產些女同日常文就創了,好累
zeng.les06,zeng.les06,"(週末兩人起床在床上聊天)
🦩：小狗早安
🐶：(濛濛的)啊…早…
🦩：還睏啊？
🐶：沒有 …下面痛…
🦩：痛嗎？還不熟悉🧊吧 多幾次就不痛啦
🐶：…不想理妳
🦩：好嘛w 等等幫妳擦藥好嗎
🐶：感覺全身感覺都還冰冰痛痛的…
🦩：那我們一起泡熱水澡好嗎？
🐶：好～不准動手動腳｀^´好累了
🦩：好啦好啦 不會嘛 就抱抱
🐶：走吧
(浴缸裡)
🐶：啊…好溫暖
🦩：(前🐻貼上🐶的背)要抱抱～
🐶：///哦…
🦩：(手不安分的抓了🐶的🐻)
🐶：啊 妳幹嘛！
🦩：忍不住嘛～
🐶：就說不行了 很累了…
🦩：沒試過怎麼知道嘛 ××一次就好
🐶：不行…！
🦩：(把🐶轉身壓到浴缸邊緣)(吻上)
🐶：額嗯！？
🦩：妳明明很想要吧…小M狗…",2025-11-09 09:21,想來產些女同日常文就創了,好累
zeng.les06,zeng.les06,"🦩：(發了跟寵物的合照給還在上課的🐶看)
🐶：我也要在妳懷裡睡 不要上課😭
🦩：壞小孩 乖乖上課
🐶：有在認真(TT)剛休息～
🦩：好～等妳回來獎勵妳
🐶：什麼獎勵！
🦩：睡我懷裡
🐶：平常不也行嗎…
🦩：那之後平常都不要 
🐶：不可以！😭
🦩：那妳趕快乖乖上課 回來睡搞搞
🐶：好嘛…🥺
🦩：委屈什麼 乖小狗
🐶：喜歡妳…這麼喊我…
🦩：www可愛 
🐶：上課 掰掰～
🦩：小朋友掰掰～",2025-11-07 19:10,想來產些女同日常文就創了,好累
zeng.les06,zeng.les06,"(早晨餐桌上)
🐶：嘴巴好痠…吃不下
🦩：昨天放太久？
🐶：ㄉㄨㄟˇ
🦩：那下次放更久
🐶：… 吃不了 要妳喂
🦩：w妳在撒嬌嗎？
🐶：///嗯… 啊(張嘴
🦩：好好好 (伸手
🐶：(前傾)
🦩：(縮回手)
🐶：…==？
🦩：小狗要說：主人請喂我
🐶：///…(超小聲)主人 啊…
🦩：嘿嘿嘿好～",2025-11-06 09:35,想來產些女同日常文就創了,好累
zeng.les06,zeng.les06,"(客廳沙發上)
🐶：今天的課好累ㄚ…
🦩：那我幫小狗捏捏？
🐶：嗯 好～
🦩：(放上🐶肩)
🐶：噫—姐姐妳手好冰
🦩：我也覺得(TT)
🐶：算了沒關係 不捏捏 牽牽看電影吧///
(十指緊扣)
🦩：小狗手好燙ㄛ 都做過了牽牽還害羞ㄚ？
🐶：…///才沒有
🦩：嘿嘿嘿好可愛w
🐶：認真看啦 我想看這部好久ㄌ
🦩：好好好～",2025-11-04 06:19,想來產些女同日常文就創了,好累
zeng.les06,zeng.les06,"（兩人都起床了）
🐶：(全身都在痛)嘶…太激烈了…
🦩：哦？妳明明很喜歡吧？
🐶：(///)才沒有…
🦩：ㄛ那下次不要了
🐶：啊？我不是那個意思！
🦩：那妳自己說 喜不喜歡？
🐶：喜歡…
🦩：哼哼 乖小狗(捏🐶臉)
🐶：我要去上課惹
🦩：嗯去洗臉臉吧
(廁所)(鏡子前)
🐶：！？🦩！妳咬我 還咬這麼上面！我怎麼去學校？
🦩：嘻嘻妳現在才發現ㄚ
🐶：吼 怎麼辦啦！
—— —— ——
(🐶到學校)
朋友：？妳今天幹嘛穿高領 還沒這麼冷吧？
🐶：我就怕冷…",2025-11-03 07:45,想來產些女同日常文就創了,好累
zeng.les06,zeng.les06,"(週末)
🦩：為什麼週末還要上課啊(TT)不要！
🐶：再不起床就要遲到囉？
🦩：(突然轉身捏🐶臉)我要在家玩🐶
🐶：/// …快起床啦(明明很喜歡😔
🦩：我決定！今天就遲到吧！(撲到🐶身上)
🐶：???！？
---後面的就先自行腦補吧🫡",2025-11-01 12:12,想來產些女同日常文就創了,好累
zeng.les06,zeng.les06,"年上傲嬌攻🦩×年下抖M受🐶
之後會在這更🐶🦩的日常～
（文筆不好見諒😭）",2025-11-01 12:01,想來產些女同日常文就創了,好累
xilanceylan,锡兰Ceylan,"看到那些各種撻伐「中文怪物」不同參賽者的貼文，覺得好嚇人哈哈。
參賽者好像只要不表現到100%的「溫良恭儉讓」，就有被罵的風險。
感覺這樣做人會好累欸。",2025-09-28 21:04,YouTube 錫蘭Ceylan,好累
xilanceylan,锡兰Ceylan,牛逼牛逼牛逼牛逼牛逼牛逼牛逼牛逼牛逼牛逼牛逼牛逼牛逼牛逼牛逼牛逼牛逼牛逼牛逼牛逼牛逼牛逼牛逼牛逼牛逼牛逼牛逼牛逼牛逼牛逼牛逼牛逼牛逼牛逼牛逼牛逼牛逼牛逼牛逼牛逼牛逼牛逼牛逼牛逼牛逼牛逼牛逼牛逼牛逼牛逼牛逼牛逼牛逼牛逼牛逼牛逼牛逼牛逼牛逼牛逼牛逼牛逼牛逼牛逼牛逼牛逼牛逼牛逼,2025-09-26 11:58,YouTube 錫蘭Ceylan,好累
xilanceylan,锡兰Ceylan,"《中文怪物》這個節目拍的太牛逼了，
從這個點子，到場地設計/logistics/題目，再到後期，都能看到背後許多的巧思。
尤其是後期 - 剪輯一點都不拖，很順，而且很多細節把控都做的超好。
參賽者廢話全剪，只留下最主要的話。BGM也懂配。
而且還能在這麼大製作下兼顧節目的情感起伏。
真的懂怎麼抓住觀眾注意力，看的出真的是有懂YouTube拍片邏輯的在後面操刀。
這節目屬實十分酷。",2025-09-25 13:12,YouTube 錫蘭Ceylan,好累
xilanceylan,锡兰Ceylan,哇噻哇噻,2025-09-15 01:42,YouTube 錫蘭Ceylan,好累
xilanceylan,锡兰Ceylan,他們叫我pussy magnet,2025-09-15 01:41,YouTube 錫蘭Ceylan,好累
jiywu_,연,"有人和我一樣覺得和人相處很累嗎？
有時候，我真的很羨慕那些能自在在人群中自來熟的同學。他們說話自然、得體，似乎總能抓住別人的注意。
而我，是個不善表達的凡人。雖然在同學之間的評價不錯(應該說我作報告蠻認真的)，但每一次開口對話，對我來說都很有壓力。
我常常害怕自己說錯話，不小心得罪別人，毀了一段我珍視的關係。也因為我比較不會講話，使我時時擔心我的說話方式會造成雙方誤會。
這種恐懼很不舒服，讓我說話時總是小心翼翼；在別人眼中我輕鬆的與人聊天，事實上這是我在腦中不斷模擬後，覺得比較得體、投其所好的回答。
我太怕弄壞一段關係，無數次在腦中重播與人的對話，檢查自己是否冒犯了誰。明明知道這樣的我很內耗，卻無法阻止自己這麼做。
但我覺得好累好累，為什麼人際互動能讓我這麼無力啊…
我真的好不喜歡這樣敏感又神經質的自己",2025-11-08 09:59,"I am a SM lover because of aespa.
追星+廢文+偶爾動漫",好累
jiywu_,연,"認真問：(雖然我沒有特別關注jpop，但很好奇)
日本也有偶像文化，明明同樣經過嚴格的練習生訓練，總體實力也不差，但為什麼人們一想到偶像的第一個反應都是kpop？
(日本到底是哪一部走錯了)",2025-11-07 10:55,"I am a SM lover because of aespa.
追星+廢文+偶爾動漫",好累
jiywu_,연,"韓國憑什麼排第一？🥹
我去了都捨不得回來欸
(雖然食物不合口味但總體來說還是很好玩的)",2025-11-06 19:24,"I am a SM lover because of aespa.
追星+廢文+偶爾動漫",好累
jiywu_,연,"在外國人帳號留言的台灣小編🤣
這個回覆給讚
不加薪說不過去",2025-11-05 12:32,"I am a SM lover because of aespa.
追星+廢文+偶爾動漫",好累
jiywu_,연,好奇那些能被知名人物回覆的脆串文，都怎麼做到的，我也想收集,2025-11-04 12:57,"I am a SM lover because of aespa.
追星+廢文+偶爾動漫",好累
jiywu_,연,"我認為婆爆的義勇視角：
嘴上說再粗暴一點沒關係，但眼淚卻不爭氣地流下來；皺起的眉頭、急促的呼吸出賣了自己，甚至不自覺地發出聲音…",2025-11-04 09:14,"I am a SM lover because of aespa.
追星+廢文+偶爾動漫",好累
jiywu_,연,"同時是鬼滅和kpop的粉絲，我其實很好奇如果鬼滅角色在現代會入坑哪一團？
(不喜歡kpop勿入)",2025-11-03 08:34,"I am a SM lover because of aespa.
追星+廢文+偶爾動漫",好累
jiywu_,연,"各自磕喜歡的cp那麼難嗎？🥹
毛利蘭是有名字的，叫人家頭髮尖尖很不尊重欸(底下還有很多人說話超沒禮貌)
我本人擔小哀，但是吃新蘭(雖然對柯哀還好但尊重)",2025-11-02 15:24,"I am a SM lover because of aespa.
追星+廢文+偶爾動漫",好累
jiywu_,연,"我自行宣布
《第一屆threads你做過會尷尬一輩子的事情》正式開始
選手如下：",2025-11-02 09:30,"I am a SM lover because of aespa.
追星+廢文+偶爾動漫",好累
jiywu_,연,"其實ILLIT也是苦過來的
看到這段其實超心疼
從練習熬到出道超不容易",2025-11-01 10:10,"I am a SM lover because of aespa.
追星+廢文+偶爾動漫",好累
jiywu_,연,"KPOP人認同嗎？
我不討厭NJZ(雖然對她們無感)，是極端bunnies搞臭她們的名聲
網路上就事論事的講，就被你們這些ㄅㄋㄙ(不是全部的，強調一下)當成HYBE水軍🙄
反正破房的就來嗆我啊！看到一個封鎖一個😇",2025-10-31 18:59,"I am a SM lover because of aespa.
追星+廢文+偶爾動漫",好累
jiywu_,연,"現在看到真的很諷刺
粿粿自己明明也想要一個完整的家，然後她是這樣回報她的老公和女兒的…
本來她是有機會擁有幸福的家庭，卻讓自己毀掉他",2025-10-31 08:17,"I am a SM lover because of aespa.
追星+廢文+偶爾動漫",好累
jiywu_,연,"范姜彥豐你真的很善良！
明明自己身處困境，仍想著要幫助朋友，不讓他們平白被網軍傷害，我不懂這樣的男人粿粿為什麼要拋棄他？",2025-10-30 09:34,"I am a SM lover because of aespa.
追星+廢文+偶爾動漫",好累
jiywu_,연,"對於粿粿出軌王子事件，很多人不是說身邊朋友知情不報很惡劣。確實，這樣矇騙的行為很過分，但以人性的角度來看，就能知道為什麼他們選擇隱瞞。
其一，其他朋友的知名度沒有粿王高，如果他們說出去可能聲量也不會很大，就如范姜說的：那兩人可能會反過來買通新聞並詆毀；沒有人會想把自己推往風口浪間吧！
其二，爆料出軌事件，對自己有什麼好處？可能只會換來昔日""朋友""的決裂或是獨自面對一堆糾纏的媒體；藝人們都不希望涉入如此複雜的事吧！
結論，朋友群大概也想著反正當事人不是自己，就明哲保身吧！(這就是人性)",2025-10-30 08:41,"I am a SM lover because of aespa.
追星+廢文+偶爾動漫",好累
jiywu_,연,"我覺得我媽真的很好笑：
之前我跟我媽說我喜歡義勇，然後她就說義勇是妳偶像哦？我心想，媽媽居然把義勇聯想成偶像(可能我太常跟我媽聊到kpop)。
故事還沒結束，我媽接著說義勇是在那個叫aespa還是LE什麼團的嗎？我整個笑瘋(連性別都搞錯)，後來我跟她解釋義勇是鬼滅的水柱，她才一副聽懂的樣子🤣
義勇，真的抱歉啦！🙏
義勇：蛤！原來我看起來很偶像",2025-10-29 13:57,"I am a SM lover because of aespa.
追星+廢文+偶爾動漫",好累
jiywu_,연,"鬼滅百景有口試欸🤣
演唱會跟進一下吧！
不然黃牛、假粉一堆
尤其是韓團🥹",2025-10-29 07:41,"I am a SM lover because of aespa.
追星+廢文+偶爾動漫",好累
jiywu_,연,"突然想想：
台北有鬼滅百景，高雄有BLACKPINK，那中部有什麼？喜歡的東西都跟我錯過",2025-10-28 15:41,"I am a SM lover because of aespa.
追星+廢文+偶爾動漫",好累
jiywu_,연,"我真的很佩服那些能夠熬夜讀書到1,2點，隔天也能早起的卷王
對不起，我是個只能讀到12點半就快撐不下去的廢物🤡
光打報告就已經耗費一半以上的經歷了
我很需要被卷王鞭策",2025-10-28 08:19,"I am a SM lover because of aespa.
追星+廢文+偶爾動漫",好累
jiywu_,연,為什麼韓國能排第一啦？去了捨不得回來,2025-10-27 20:40,"I am a SM lover because of aespa.
追星+廢文+偶爾動漫",好累
jiywu_,연,"我也來玩
鬼滅角色印象",2025-10-27 09:20,"I am a SM lover because of aespa.
追星+廢文+偶爾動漫",好累
jiywu_,연,"Hello,有人知道這個表情怎麼做到的嗎？",2025-10-26 10:10,"I am a SM lover because of aespa.
追星+廢文+偶爾動漫",好累
jiywu_,연,"不知道角帳會不會海巡
呼叫鬼滅角帳，想跟你們互動
(我現在先讀書，晚點再回，沒回代表我還沒看到訊息哦)
我想順便告白🥰：
義勇桑的反差
忍姐姐的堅韌
煉獄大哥的熱情
天元的華麗
行冥的強大
無一郎的淡定
蜜璃的可愛
小芭內的深情
實彌的傲嬌",2025-10-25 20:33,"I am a SM lover because of aespa.
追星+廢文+偶爾動漫",好累
jiywu_,연,"認真問：
脆被限流有解決方法嗎？🤔
還是只能乾等
查網路幾乎沒找到實質性的答案",2025-10-25 17:10,"I am a SM lover because of aespa.
追星+廢文+偶爾動漫",好累
jiywu_,연,有人長大後也喜歡看火車路線圖嗎？覺得超有趣,2025-10-25 10:12,"I am a SM lover because of aespa.
追星+廢文+偶爾動漫",好累
soulripple.y,SoulRipple,"不健康的戀愛大概就是
你有男朋友，又感覺像是普通朋友，沒有鮮花，沒有浪漫，沒有驚喜，他明明存在，但你感受不到他的愛意，你嘗試著在他的冷漠中尋找他愛你的痕跡，卻忽略了其實他根本不愛你，也不在乎你。
他只是需要你的時候才會找你，你日常的分享欲沒有得到回應，你的小情緒他視而不見，其忽略你的感受，對方就像一個陌生人，事不關己高高掛起一樣沉默，明知你會難過，會睡不著，也不哄，不解釋置之不理，第二天又好像什麼都沒發生，反而覺得你無事生非，沒完沒了，不健康的戀愛關係真的讓人感覺好累好累",2025-07-11 15:44,可是朋友 生命中最重要的事情 是你能真切的感到幸福,好累
soulripple.y,SoulRipple,"真正忘記一個人的辦法就是等待。
等長久的情感在時間流逝前慢慢消磨，等我的心不那麼痛，等這顆心臟的主導權重新回歸我的身上。
我會把那個人說過的話看完一遍又一遍，看他的所有平台分享的東西，看他的近況。把一首歌重複的聽幾百幾千遍。
直到我再也沒感覺，我再也不想看，一切就真的結束了。",2025-07-11 15:43,可是朋友 生命中最重要的事情 是你能真切的感到幸福,好累
soulripple.y,SoulRipple,好多事就像雨天打著的傘，你沖進房間就狼狽倉促地把它收起來扔在了一角，那皺褶裡仍夾著這夜的雨水，過了很久再撐開，一股發潮的氣息撲鼻而來，即使是個晴天，也會令你想起那場遙遠的雨。,2025-07-11 15:37,可是朋友 生命中最重要的事情 是你能真切的感到幸福,好累
soulripple.y,SoulRipple,原生家庭讓人最窒息的不是父母一味地壓制你 而是他們讓你窒息的同時 又讓你感受到他們的內心是愛你的 這時候你的內心就會有一種很強烈的負罪感 這種感覺就好像一件湿透了的棉襖 穿上冷 脫下也冷,2025-07-10 23:12,可是朋友 生命中最重要的事情 是你能真切的感到幸福,好累
soulripple.y,SoulRipple,友情還是萍水相逢就最好了，一旦我把對方設為重要的朋友就會出事。比如說，我變得神經質，在乎細枝末節的東西，我會在乎我是否能讓對方感到舒服，比如說我會在乎對方是否把我設為同等重要，比如我會在乎我給出去的對方能不能在我需要的時候同等給我。而一旦我開始這樣想了，那就說明這段感情沒必要了。,2025-07-10 23:05,可是朋友 生命中最重要的事情 是你能真切的感到幸福,好累
soulripple.y,SoulRipple,世界上最噁心的事就是，你把問題全部攬在自己身上，想給對方一個臺階下，結果發現對方真的以為全部都是你的問題,2025-07-10 22:55,可是朋友 生命中最重要的事情 是你能真切的感到幸福,好累
soulripple.y,SoulRipple,"兩個人在一起的時間久了 感情都會出現問題 當你感覺到這條路很累的時候 不妨回頭看看這一路走來你們邁過所有的坎坎坷坷 
要明白一個道理 愛從來不需要用新鮮感來維持 什麼是愛我也不太懂 對方犯了錯你無法原諒 轉身離開這是喜歡 對方犯了錯你艱辛地原諒了又繼續在一起這才是愛",2025-07-09 01:31,可是朋友 生命中最重要的事情 是你能真切的感到幸福,好累
soulripple.y,SoulRipple,"希望大家下次談戀愛 都是從朋友開始的 
不是那種為了談戀愛 而特意接近 只是順其自然地恰巧成了朋友 一起聊天 打電話 吃美食 聽音樂 講故事 然後順其自然 發現了彼此的閃光點 了解了彼此的喜好 被心動吸引 然後經過深思熟慮後 終於表白 說喜歡 
有人說愛情不用太過理性 可我覺得 好的愛情 不是多巴胺的短期蕩漾 而是你經過非常理性的考慮之後 也確定愛我 這個過程可能會很慢 可好的愛情不就是 一眼好感 然後慢慢地 慢慢地慢慢喜歡",2025-07-09 01:28,可是朋友 生命中最重要的事情 是你能真切的感到幸福,好累
soulripple.y,SoulRipple,突然發現，我的朋友竟然是我理想型戀人。朋友不會因為你的容貌而和你絕交，祂在意的是你有趣的靈魂，在難過時會安慰你開導你，在你容貌焦慮時會讓你別否認你，且朋友也很有趣，會和你一起鬧一起笑。我常常認為朋友是最適合當戀人的，真摯的友情勝過愛情。,2025-07-07 19:14,可是朋友 生命中最重要的事情 是你能真切的感到幸福,好累
soulripple.y,SoulRipple,心理學有一個詞叫喪失致盲。當你即將要失去一樣東西，或者是一個人的時候，你會忽視掉他所有的缺點。明明對方是一個會傷害你的人，但是在整個煎熬過程中，你卻越來越想到他的優點，你看到什麼都會想到他對你的溫柔，想起什麼都是曾經的美好，其實都是自己和自己在較勁。,2025-07-05 15:40,可是朋友 生命中最重要的事情 是你能真切的感到幸福,好累
soulripple.y,SoulRipple,一旦學會尊重無形價值，就可以在更少索取和更少向外求的狀態下感到幸福。陽光，綠葉，春水，鳥鳴，柔軟流暢的身體，薄薄的小腹，有力的臀肌，不水腫的小腿，自己做的飯菜，保溫杯的熱水，安靜盛開的花，朋友的笑臉，傍晚夕陽餘暉，結伴散步的行人，都在無時無刻不在提醒我，生活已經處處奇跡了。,2025-07-05 15:38,可是朋友 生命中最重要的事情 是你能真切的感到幸福,好累
soulripple.y,SoulRipple,如果你也喜歡聽陳奕迅。那我們一孤獨時就聽孤獨患者，在一起了就聽穩穩的幸福，官宣時就聽我們萬歲，吵架了就聽無條件，分手了就聽落花流水，太執著就聽K歌之王，想見見不到就聽十面埋伏，好友關係生疏就聽最佳損友，嘗盡了人生百態就聽苦瓜，如果十年太久，那就明年今日。,2025-07-05 15:35,可是朋友 生命中最重要的事情 是你能真切的感到幸福,好累
soulripple.y,SoulRipple,沒有必要交很多朋友，因為不是所有人都會在你需要的時候站出來，相反很多蜻蜓點水的感情還會造成困擾，越長大越發現在乎的圈子越小。其實這不是壞事兒，你只要守護好該守護的人就夠了，就是這一小撮人，在你以為會孤立無援的時候，他們早就挺身而出站在那了。,2025-07-05 15:34,可是朋友 生命中最重要的事情 是你能真切的感到幸福,好累
soulripple.y,SoulRipple,真正的忘記是不需要努力的。有一天，你從浴室洗了一個澡出來，扭開唱機聽聽自己喜歡的音樂，你忽而想起，你曾經愛過一個人。啊！原來你愛過這個人，那仿佛是很遙遠的事，你已經一點感覺也沒有了。這就是忘記。,2025-07-05 15:30,可是朋友 生命中最重要的事情 是你能真切的感到幸福,好累
soulripple.y,SoulRipple,你很理性 你可以承受任何代價 可以及時止損 不去聯繫不再打擾 你可以親手推開你在乎的人和事 你又理智又清醒 但可悲的是 你是一個感性的人 所有的情緒你一樣沒躲過,2025-07-03 23:45,可是朋友 生命中最重要的事情 是你能真切的感到幸福,好累
soulripple.y,SoulRipple,希望所有人在談戀愛前，都明白一個道理，愛的成本是很高的，要時間要金錢，可能會經歷異地戀，會擔心、會猜疑、會掉眼淚、會沒有安全感、會敏感、最痛苦的是你還要有，放他離開的選擇，其實談戀愛很難的，不是你上下嘴唇一碰，你們就在一起那麼簡單，但我還是要說一句，純愛無敵！,2025-07-02 21:15,可是朋友 生命中最重要的事情 是你能真切的感到幸福,好累
soulripple.y,SoulRipple,"到此為止吧
不要以一個不堪的 瘋了一樣的潑婦形象留到最後
記得嗎？
你來時是很可愛 很漂亮的",2025-07-02 21:13,可是朋友 生命中最重要的事情 是你能真切的感到幸福,好累
soulripple.y,SoulRipple,喜歡一切溫柔的事物，鮮花、落日、月亮和詩篇。喜歡記錄生活中的煙火氣，市場、窄街、藝術性的廢址。其實快樂和幸福就藏在生活裏，或是一處安靜的小地兒，兩三支酒，再吹上一句淡淡的晚風，好像就足以了。所以還是鼓勵大家對生活充滿熱情呀，就像李誕說的一樣：「人要先感到幸福，才能看到玫瑰。」,2025-06-30 23:53,可是朋友 生命中最重要的事情 是你能真切的感到幸福,好累
soulripple.y,SoulRipple,我認為，真正值得珍惜的是願意在當下回應你的人。無論多喜歡，如果對方態度曖昧、敷衍搪塞、一拖再拖、總是推後，也就是不願意真心回應你，那就不值得繼續。那些在過程中猶豫不決、拖拖拉拉的人，最終也只會含糊帶過。把時間花在誰身上，真的很重要。,2025-06-30 23:49,可是朋友 生命中最重要的事情 是你能真切的感到幸福,好累
soulripple.y,SoulRipple,反覆通過「犧牲自己來迎合伴侶的情緒」，會逐漸剝奪對方「自己調節情緒的能力」，當對方失去了自我調節情緒的能力後，就會變得無法在沒有你的犧牲下獨立生活。他們會下意識地「害怕失去你」，變得拼命地想抓住你，儘管他們可能並未意識到這一點。而對你的束縛，也會因此變得越來越強烈。,2025-06-30 23:42,可是朋友 生命中最重要的事情 是你能真切的感到幸福,好累
soulripple.y,SoulRipple,這是真的，樂觀的人遇到困難也可以通過泡澡、吃飯、睡覺來忘掉一切。但悲觀的人遇到困難則會通過洗不了澡、吃不下飯、睡不下磨損自己。這就是人生的差別。,2025-06-30 23:40,可是朋友 生命中最重要的事情 是你能真切的感到幸福,好累
soulripple.y,SoulRipple,"其實所有的發誓，在那一瞬間大家都是真的覺得自己一定不會違背承諾，而在反悔的時候也都是真的覺得自己不能做到。
所以誓言這種東西無法衡量堅貞，也不能判斷對錯，它只能證明，在說出來的那一刻，彼此曾經真誠過。
我說永遠愛你，並不是一定代表這輩子都愛你，而是在那一刻，我口中對你的愛，是永遠的",2025-06-30 19:30,可是朋友 生命中最重要的事情 是你能真切的感到幸福,好累
soulripple.y,SoulRipple,失去你最好的朋友很正常失去你愛的人也很正常，但在挽回這些離你而去的事情的同時也失去了自己那就不太正常了,2025-06-30 19:26,可是朋友 生命中最重要的事情 是你能真切的感到幸福,好累
soulripple.y,SoulRipple,我也不知道該怎麼安慰你，但還是要保持好心情，不管如何一定要多愛自己一點，照顧好身體，開心才是最重要的，可能很累，不要把壓力都放在自己身上，不要自己為難自己呀，別放大情緒，活的輕鬆點，開心一點，不要總責怪自己，無論你在經歷什麼，調整好心態，別想那麼多，怎麼開心怎麼來不必焦慮，人生沒有無用的經歷，我相信一直慢慢走下去，總會看見光明天就一定會亮你很好，你不要總覺得自己不夠好，我希望有一天你能和內心的自己和解,2025-06-30 19:23,可是朋友 生命中最重要的事情 是你能真切的感到幸福,好累
soulripple.y,SoulRipple,"無論做什麼都會有人指手畫腳。買了紅色的車，他們會說藍色更適合；選擇創業，他們會說找份穩定工作更保險；結婚了，他們會說你錯了，應該繼續單身；每個人對每件事都有意見。
你如果試圖取悅所有人，會瘋掉。所以，友善地對他們微笑、點頭同意，然後繼續做你原本計劃要做的事情。",2025-06-29 21:52,可是朋友 生命中最重要的事情 是你能真切的感到幸福,好累
soulripple.y,SoulRipple,"據說，人的「情緒」比大腦和身體更先開始衰老。隨著情緒的老化，你會變得更加煩躁、覺得很多事情很麻煩或者沒意思。
然而，「熱愛」這種東西是可以用來預防情緒老化的，你愛過的東西會化成強有力的心跳留在你身邊。",2025-06-29 21:49,可是朋友 生命中最重要的事情 是你能真切的感到幸福,好累
soulripple.y,SoulRipple,"有一種男人看似非常愛你
但是跟你在一起的時候，
你會覺得很委屈，
不管你們之間發生什麼矛盾，
他都會覺得自己沒有問題，
從不反思自己，也不顧及你的感受。
即使知道自己錯了，
也會找各種理由為自己開脫，
再把責任強加到你的身上變成了你的問題。
到最後，強勢的人是你，
亂發脾氣的人是你，
不想好好過日子的人還是你，
更可笑的是，
在別人眼裡他還是個大好人……",2025-06-28 16:04,可是朋友 生命中最重要的事情 是你能真切的感到幸福,好累
soulripple.y,SoulRipple,"永遠不要因為害怕對方生氣而去說謊，也千萬不要覺得這是一件小事。
任何事物只要說出來，都有被原諒的可能性，但你不要說謊——因為你一旦說謊，這件事情的性質就變了。如果真相會帶來痛苦，那麼謊言只會雪上加霜。
 信任這種東西，一旦撕開了一道口就很難癒合。
她可能當下會選擇原諒你，但這件事會在未來無數個瞬間回光返照。其實，坦誠並不會傷害真心相待的人，含糊和隱瞞才會。",2025-06-28 00:22,可是朋友 生命中最重要的事情 是你能真切的感到幸福,好累
soulripple.y,SoulRipple,"一個真相：有些人不承認你的價值，是因為他們清楚你有價值，如果你真的沒價值，他們會直接拋棄你，而不是PUA你、貶低、打壓你。
如果對方不斷的貶低打壓你，那就是想透過這種方式削弱你的自信，進而低成本的掌控你，索取你的價值。",2025-06-28 00:19,可是朋友 生命中最重要的事情 是你能真切的感到幸福,好累
soulripple.y,SoulRipple,"「沒有任何一個決定會毀一生，
一生是毀在日復一日的拖延，
不合時宜的猶豫，
關鍵時刻的膽怯，
不甘心又沒有改變的勇氣。」",2025-06-28 00:18,可是朋友 生命中最重要的事情 是你能真切的感到幸福,好累
soulripple.y,SoulRipple,"隨著年紀的增長，我更願意和「會解釋自己為什麼不高興」的人做朋友。大人的生活已經很累了，總是去猜對方心裡在想什麼真讓人疲憊，如果能迅速地找到原因好好溝通那不是更好嗎。
如果把消極的想法藏在心裡，暗暗扣分直到離開，那也太遺憾了，我們明明能有更好的結局。",2025-06-28 00:12,可是朋友 生命中最重要的事情 是你能真切的感到幸福,好累
soulripple.y,SoulRipple,對我來說分享欲就等於愛了，我向你分享我的童年、我最愛聽的歌、讓我震撼到流淚的電視劇，分享路上遇到的小貓、長相奇怪的樹，這是一遍一遍地告訴你我願意讓你了解我、看見我，我很喜歡你，遇到什麼事情我都想告訴你，它就像一根細細的針把你我和這個世界聯繫起來，從此以後再聽到同一首歌我都會想起你。,2025-06-27 16:38,可是朋友 生命中最重要的事情 是你能真切的感到幸福,好累
soulripple.y,SoulRipple,我特別喜歡和幸福閾值低的人待一塊，吃上一頓好吃的飯會開心，肆意在街上大叫會開心，路上見到小貓小狗會開心，看到一場落日都會開心。他們陪在身邊能創造太多太多感知幸福的時刻，好像時間都會放慢倍速。,2025-06-27 16:32,可是朋友 生命中最重要的事情 是你能真切的感到幸福,好累
soulripple.y,SoulRipple,"為什麼人在累的時候會放棄愛的人呢？
你有沒有這樣的時刻，明明很愛一個人，卻在累到極點時突然想放手，不是不愛了，而是連爭吵的力氣都沒有了，甚至覺得一個人或許更輕鬆。
心理學上有個詞叫情緒耗竭，當壓力掏空你的情緒時，大腦會本能地進入節能模式，切斷高消耗的關係，就像手機低電量時會關機一樣。可諷刺的是，我們往往對客戶耐心，對陌生人客氣，卻把最後一點電量留給手機短視頻，而最愛的人連一句「我累了」都懶得說。
其實那個想放棄的瞬間，恰恰是你最需要他的時候。人在最累的時候推開愛的人，其實是一種自救心理，就像溺水的人，會無意識抓傷施救人員，疲憊到極限，容易把親密關係當成壓力，而不是充電站，心理學上把這稱為關係倦怠。當長期情緒透支，大腦會扭曲判斷，誤以為離開等於解脫，可真相却是你需要的從來不是離開那個人，而是找回自己在關係中的呼吸感。
累的時候愛也沒有消失，你要做的不是推開，而是真誠地表達自己，對他說一句「我快撐不住了，抱抱我吧」，就夠了。",2025-06-27 16:30,可是朋友 生命中最重要的事情 是你能真切的感到幸福,好累
chuck2000_712,栗原雅史,"2025
謝謝你耐心看完🥹🥹🥹
1. 本身是台南人
  工作太忙，已經沒太多時間經營感情。但是還是渴望有個美好的關係😂
2. 儘可能不要是遠距離
  年輕曾搬去德國住（為愛走天涯😂😂）
 前任也有日本人～只是好累😔
所以現在比較渴望簡單生活及對象在同一個城市的感覺
脆可以​徵友的，2025我又來試試看
本人自介：
1.身高175cm，體重85kg
2.有穩定收入沒有負債
3.車房兼備
4. 雙子男一枚
5.喜歡社交，但工作很忙（自營業）
6.單身（別問😂😂😂跟長相無關）
7.三點一線的生活就是健身，煮飯及工作
 （廚藝頗佳，自己說😂）
希望對方：
1.情緒穩定，南部人（或者台南人）
2.有正當工作和穩定收入，沒有負債
3. 要是自己的菜😂😂（憨厚老實）
4.遇到問題願意溝通
追蹤哀居認識認識~
徵友文",2025-01-03 21:35,"Sapiosexual 
# 排球=健身❤＞拳擊＞自助旅行＞電影
交交朋友也很歡迎^_^
限動廢文是我紀錄人生的一部份，歡迎拍打餵食😌
🇦🇺 🇸🇬 🇨🇭 🇳🇱 🇩🇪 🇮🇹 🇯🇵 🇲🇾 🇻🇳 🇰🇷🇦🇹🇧🇪🇮🇩",好累
chuck2000_712,栗原雅史,"Ohh Micky , you are so fine,Micky!",2025-01-02 09:52,"Sapiosexual 
# 排球=健身❤＞拳擊＞自助旅行＞電影
交交朋友也很歡迎^_^
限動廢文是我紀錄人生的一部份，歡迎拍打餵食😌
🇦🇺 🇸🇬 🇨🇭 🇳🇱 🇩🇪 🇮🇹 🇯🇵 🇲🇾 🇻🇳 🇰🇷🇦🇹🇧🇪🇮🇩",好累
chuck2000_712,栗原雅史,"想要成為像明居正老師一樣說話的大人
youtu.be/VjPmA…",2025-01-01 02:12,"Sapiosexual 
# 排球=健身❤＞拳擊＞自助旅行＞電影
交交朋友也很歡迎^_^
限動廢文是我紀錄人生的一部份，歡迎拍打餵食😌
🇦🇺 🇸🇬 🇨🇭 🇳🇱 🇩🇪 🇮🇹 🇯🇵 🇲🇾 🇻🇳 🇰🇷🇦🇹🇧🇪🇮🇩",好累
chuck2000_712,栗原雅史,"Ciao 2024 
 Ciao 2025",2025-01-01 01:13,"Sapiosexual 
# 排球=健身❤＞拳擊＞自助旅行＞電影
交交朋友也很歡迎^_^
限動廢文是我紀錄人生的一部份，歡迎拍打餵食😌
🇦🇺 🇸🇬 🇨🇭 🇳🇱 🇩🇪 🇮🇹 🇯🇵 🇲🇾 🇻🇳 🇰🇷🇦🇹🇧🇪🇮🇩",好累
chuck2000_712,栗原雅史,"帶在我媽出去吃個飯
回來車子就被人家撞了
對方還肇事逃逸
還好不影響開車，
本來想用保險理賠算了省麻煩
但想想不應該讓這種惡劣的人好過
還好飯店底下停車場有監視器
報警去",2024-12-31 16:15,"Sapiosexual 
# 排球=健身❤＞拳擊＞自助旅行＞電影
交交朋友也很歡迎^_^
限動廢文是我紀錄人生的一部份，歡迎拍打餵食😌
🇦🇺 🇸🇬 🇨🇭 🇳🇱 🇩🇪 🇮🇹 🇯🇵 🇲🇾 🇻🇳 🇰🇷🇦🇹🇧🇪🇮🇩",好累
chuck2000_712,栗原雅史,"今年要放棄不玩thread了
明年見",2024-12-31 12:55,"Sapiosexual 
# 排球=健身❤＞拳擊＞自助旅行＞電影
交交朋友也很歡迎^_^
限動廢文是我紀錄人生的一部份，歡迎拍打餵食😌
🇦🇺 🇸🇬 🇨🇭 🇳🇱 🇩🇪 🇮🇹 🇯🇵 🇲🇾 🇻🇳 🇰🇷🇦🇹🇧🇪🇮🇩",好累
chuck2000_712,栗原雅史,"肩傷多年的關係
很久沒認真練重訓及有氧
昨天除了重訓之外
深蹲跳25下 
開合跳30下
登山跑20下
波比跳8 下
Push up 15下
捲腹15下，
我一共做了六組
然後現在就是全身酸到不行
動彈不得不得的我….",2024-12-27 19:27,"Sapiosexual 
# 排球=健身❤＞拳擊＞自助旅行＞電影
交交朋友也很歡迎^_^
限動廢文是我紀錄人生的一部份，歡迎拍打餵食😌
🇦🇺 🇸🇬 🇨🇭 🇳🇱 🇩🇪 🇮🇹 🇯🇵 🇲🇾 🇻🇳 🇰🇷🇦🇹🇧🇪🇮🇩",好累
chuck2000_712,栗原雅史,"Camera shy
（a)不愛拍照的
（n)不愛拍照的人",2024-12-27 16:09,"Sapiosexual 
# 排球=健身❤＞拳擊＞自助旅行＞電影
交交朋友也很歡迎^_^
限動廢文是我紀錄人生的一部份，歡迎拍打餵食😌
🇦🇺 🇸🇬 🇨🇭 🇳🇱 🇩🇪 🇮🇹 🇯🇵 🇲🇾 🇻🇳 🇰🇷🇦🇹🇧🇪🇮🇩",好累
chuck2000_712,栗原雅史,"肩傷很多年的問題好像改善許多
再來試試一點手的線條💪
中年男子",2024-12-27 09:25,"Sapiosexual 
# 排球=健身❤＞拳擊＞自助旅行＞電影
交交朋友也很歡迎^_^
限動廢文是我紀錄人生的一部份，歡迎拍打餵食😌
🇦🇺 🇸🇬 🇨🇭 🇳🇱 🇩🇪 🇮🇹 🇯🇵 🇲🇾 🇻🇳 🇰🇷🇦🇹🇧🇪🇮🇩",好累
chuck2000_712,栗原雅史,學生也太貼心了😭😭,2024-12-25 17:59,"Sapiosexual 
# 排球=健身❤＞拳擊＞自助旅行＞電影
交交朋友也很歡迎^_^
限動廢文是我紀錄人生的一部份，歡迎拍打餵食😌
🇦🇺 🇸🇬 🇨🇭 🇳🇱 🇩🇪 🇮🇹 🇯🇵 🇲🇾 🇻🇳 🇰🇷🇦🇹🇧🇪🇮🇩",好累
chuck2000_712,栗原雅史,"「戀愛的意義在於參與，即使最後不成功，當一個人喜歡上另一個人的瞬間，那種感覺會一直一直留在心裡，只要有那個，就能成為活下去的勇氣。」
小時候不𢤦莉香的勇敢
看大之後，很希望我能超坦然面對喜歡的人（但做不到）
人長大了，勇氣卻慢慢褪色了
東京愛情故事",2024-12-25 17:02,"Sapiosexual 
# 排球=健身❤＞拳擊＞自助旅行＞電影
交交朋友也很歡迎^_^
限動廢文是我紀錄人生的一部份，歡迎拍打餵食😌
🇦🇺 🇸🇬 🇨🇭 🇳🇱 🇩🇪 🇮🇹 🇯🇵 🇲🇾 🇻🇳 🇰🇷🇦🇹🇧🇪🇮🇩",好累
chuck2000_712,栗原雅史,"冬至
Winter Solstice",2024-12-21 15:28,"Sapiosexual 
# 排球=健身❤＞拳擊＞自助旅行＞電影
交交朋友也很歡迎^_^
限動廢文是我紀錄人生的一部份，歡迎拍打餵食😌
🇦🇺 🇸🇬 🇨🇭 🇳🇱 🇩🇪 🇮🇹 🇯🇵 🇲🇾 🇻🇳 🇰🇷🇦🇹🇧🇪🇮🇩",好累
chuck2000_712,栗原雅史,"因為我不是阮經天（偶像劇梗，可能沒什麼人知道🫠🫠
也不想跟妳友誼長存
所以只好忍痛封鎖
詐騙不要再害人了
政府相關部門希望能加強監管力度
加油好嗎",2024-12-21 12:35,"Sapiosexual 
# 排球=健身❤＞拳擊＞自助旅行＞電影
交交朋友也很歡迎^_^
限動廢文是我紀錄人生的一部份，歡迎拍打餵食😌
🇦🇺 🇸🇬 🇨🇭 🇳🇱 🇩🇪 🇮🇹 🇯🇵 🇲🇾 🇻🇳 🇰🇷🇦🇹🇧🇪🇮🇩",好累
fenny.studio,芬妮手作 Fenny Studio/花花公主,"今天公公、婆婆、爸爸、媽媽、先生都一起加入瘋狂大出貨的行列
今天一起出了一百多筆訂單
啊啊啊啊啊啊啊好累啊
不過有全家人一起幫忙真的太幸福🙈",2025-11-26 22:43,"◻️精緻版的毛根花手作
◻️工程師夫妻的斜槓花店 \質感花禮/
點下方連結🔗到我們的官網🔻🔻🔻",好累
fenny.studio,芬妮手作 Fenny Studio/花花公主,我喜歡可愛的東西🎅🏻🎄😍,2025-11-25 20:33,"◻️精緻版的毛根花手作
◻️工程師夫妻的斜槓花店 \質感花禮/
點下方連結🔗到我們的官網🔻🔻🔻",好累
fenny.studio,芬妮手作 Fenny Studio/花花公主,"最近趕緊再多印了一批名片跟Logo貼紙
回想起創業初期
印刷店老闆問我要印500張的還是一千的
我還笑笑的跟老闆說，印最低數量的就好，還不確定生意有沒有辦法做得起來
沒想到轉眼間我們已經第三次去印名片了
還可以說數量要最多的！
每到這時候就會有那種很驚嘆的感覺
沒想到默默的累積了好多人的喜歡
雖然是副業經營，但我們可是全力以赴💪💪💪
（ps. 20號以前下單的這週已陸續寄出！期待大家收到來開心手作🫶🏻🫶🏻🫶🏻",2025-11-25 17:08,"◻️精緻版的毛根花手作
◻️工程師夫妻的斜槓花店 \質感花禮/
點下方連結🔗到我們的官網🔻🔻🔻",好累
fenny.studio,芬妮手作 Fenny Studio/花花公主,"從這樣，變那樣
是天空藍色的漂亮小花🩵😍✨",2025-11-24 19:48,"◻️精緻版的毛根花手作
◻️工程師夫妻的斜槓花店 \質感花禮/
點下方連結🔗到我們的官網🔻🔻🔻",好累
fenny.studio,芬妮手作 Fenny Studio/花花公主,"忙到週日的最後一刻躺回床上 發現IG粉絲數居然超越Threads了！！
這對我來說是非常有意義的事情
因為我自己平常個人私下的習慣是：我真的要很喜歡的內容，我才會追對方的IG
啊啊啊啊所以我超級開心的啦～～～
有種一直以來的努力累積跟作品都被看見了的感覺✨
收到很多訊息說，沒想到毛根可以做的這麼有質感，（轉身開心灑花
但不說了 明天還要上班🥱但我帶著開心入夢ㄌ！",2025-11-24 00:54,"◻️精緻版的毛根花手作
◻️工程師夫妻的斜槓花店 \質感花禮/
點下方連結🔗到我們的官網🔻🔻🔻",好累
fenny.studio,芬妮手作 Fenny Studio/花花公主,趕快tag你愛手作的朋友給你做一個😜🎅🏻🎄,2025-11-22 18:53,"◻️精緻版的毛根花手作
◻️工程師夫妻的斜槓花店 \質感花禮/
點下方連結🔗到我們的官網🔻🔻🔻",好累
fenny.studio,芬妮手作 Fenny Studio/花花公主,"客人說想要看聖誕老公公配粉色花環
找了一點時間來拍照
哇完全是個少女心爆發的顏色！！！！！！！！！",2025-11-22 14:48,"◻️精緻版的毛根花手作
◻️工程師夫妻的斜槓花店 \質感花禮/
點下方連結🔗到我們的官網🔻🔻🔻",好累
fenny.studio,芬妮手作 Fenny Studio/花花公主,"連續熬夜爆肝出貨聖誕手作材料包一週多
此時此刻真的覺得快累死了QQQQ
自己用心做的東西被大家喜歡以及需要，是真的很開心、超級開心！
但沒想到迴響如此熱烈，真的嚇爛
目前應該會規劃時間提早停止接單
保護我の肝🙈（怕
先祝大家聖誕快樂！！！！！！！！",2025-11-21 23:00,"◻️精緻版的毛根花手作
◻️工程師夫妻的斜槓花店 \質感花禮/
點下方連結🔗到我們的官網🔻🔻🔻",好累
fenny.studio,芬妮手作 Fenny Studio/花花公主,喜歡手作的我，是很快樂的🎅🏻🎄✨,2025-11-20 19:49,"◻️精緻版的毛根花手作
◻️工程師夫妻的斜槓花店 \質感花禮/
點下方連結🔗到我們的官網🔻🔻🔻",好累
fenny.studio,芬妮手作 Fenny Studio/花花公主,"喜歡手作的我、與勤奮包貨的我們
召集了全家人一起來幫忙出聖誕DIY材料包
媽媽負責裝備毛絨絨的漂亮毛根
我負責準備聖誕樹裝飾
爸爸負責摺紙箱
弟弟負責核對訂單
像極了五零年代的家庭代工
但充滿了溫馨和快樂～～
我想，這份把愛的人們凝聚在一起的力量，就是手作的魅力之一吧！",2025-11-19 20:03,"◻️精緻版的毛根花手作
◻️工程師夫妻的斜槓花店 \質感花禮/
點下方連結🔗到我們的官網🔻🔻🔻",好累
fenny.studio,芬妮手作 Fenny Studio/花花公主,"放假的午後，最喜歡這樣一個人靜靜的做手工🧡🎄✨
好喜歡這個新的配色 (｡･ω･｡)ﾉ♡
是胖嘟嘟、毛絨絨的可愛復古聖誕花圈",2025-11-16 15:46,"◻️精緻版的毛根花手作
◻️工程師夫妻的斜槓花店 \質感花禮/
點下方連結🔗到我們的官網🔻🔻🔻",好累
fenny.studio,芬妮手作 Fenny Studio/花花公主,"手作的魔法世界！！！
又做了一盆新的萬年青（富貴竹）
超級喜歡每片葉子充滿活力的樣子
但其實最難的部分是：
組合起來要呈現的立體感、角度和密度都要剛剛好、才能完整呈現漂亮的樣貌✨
大家覺得這樣好看嗎٩꒰｡•◡•｡꒱۶♡",2025-11-14 19:21,"◻️精緻版的毛根花手作
◻️工程師夫妻的斜槓花店 \質感花禮/
點下方連結🔗到我們的官網🔻🔻🔻",好累
chuck.lo.77,𝙲𝚑𝚞𝚌𝚔,"懷孕這段期間老婆疑似也有了
🔺產前憂鬱
產前時 因為老婆身體常常不適
請她三個月就辭職 好好休養
而那個時候我做了兩份工作 精神壓力也是最大的時候
常常我工作結束 準備坐下來休息時
「老公，幫我去7-11拿貨！」
「老公，去幫我拿餐點」
疲倦的自己 回了，「可以讓我休息一下嗎？」
我們吵了一架，老婆哭了，焦慮症發了，我們整晚都沒睡
我一下班到家，老婆就跑去洗澡，我問她：「你可以在我下班前就洗好嗎？」
我們吵了一架，老婆哭了，焦慮症發了，我們整晚都沒睡
懷孕中期都會不時發生這樣的情況
我和她真的都好累，我們不是本來愛著彼此嗎
怎麼變成了這樣
原來
老婆懷孕時常頭暈目眩，
也全身痠痛，很多事情想做卻做不到
只能等著我來幫她
原來
因為一天沒看到我，
想要在第一時間抱完我再去洗澡
免得不小心睡著了
做為準爸媽 我們都辛苦了
為了撐起這個家 我拼命工作
她因為懷孕 無助害怕而憂鬱
後來我學會了體諒
閉上嘴巴，不亂說話
快速做完交辦事項
抱抱老婆 說說好話
因此平安度過了懷孕後期…
這時準爸爸
建議少說多做，等等就可以睡覺了
一個不愉快 大家整晚都不用睡
我也是第一次當爸爸",2024-06-20 01:35,"我是查克，
一個城市裡修行的按摩人。
身體是我的道場，手掌是我的念珠。
一按一鬆，不為說教，不為表現，只是如實地陪你，
走一段回到本來自在的路。
💪🏼@chuck_massage👩🏻‍❤️‍👨🏻@bkfor.ever21👦🏻 @curtis230706",好累
chuck.lo.77,𝙲𝚑𝚞𝚌𝚔,"另外一半懷孕了！怎麼辦？
我的答案是：馬上訂月子中心！
分享給各位準爸爸
上回提到 我創業第一個月女朋友就懷孕
那時候腦袋一片空白
但我知道即使是貸款 我也要讓老婆去月子中心休養
現在回頭看看這一年的過程
女生因為懷孕 
頭暈、腰痛、腳水腫、情緒起伏不定
生孩子時
因為老婆已算是高齡產婦，為了產道開指
我們爬了樓梯數十回
後來努力了40個小時 老婆痛到失去理智、翻白眼
連孩子的頭髮我都看到了，
但最後還是因為體力不足 為了安全 選擇了剖腹
這就是所謂的吃全餐！
產道撐大受傷、肚子也劃了一刀
還好後來全家都平安健康
到了月子中心 
老婆有各式各樣的問題需要協助
例如：怎麼擠奶、幫孩子洗澡、突然的身體發冷、剖腹傷口的注意..等等
我們男生就只知道Google
但月子中心有 衛教師！
她幫我們解答也解決了所有問題
因此老婆非常安心的做好月子
過去老婆只要月經來都會痛苦不堪
現在做好月子真的改變了體質
現在即使月經來都能好好去運動
而且手腳也不會冰冷了
女生為我們賣命生了孩子 
月子中心真的不要猶豫
直接訂下去吧！
我也是第一次當爸爸",2024-06-18 14:31,"我是查克，
一個城市裡修行的按摩人。
身體是我的道場，手掌是我的念珠。
一按一鬆，不為說教，不為表現，只是如實地陪你，
走一段回到本來自在的路。
💪🏼@chuck_massage👩🏻‍❤️‍👨🏻@bkfor.ever21👦🏻 @curtis230706",好累
chuck.lo.77,𝙲𝚑𝚞𝚌𝚔,"常常跟年輕的客人分享工作經歷
一直鼓勵大家去嘗試、去創業、去把握年輕的時候
因為有了家庭、孩子 一切都會更不容易
29歲那年 
我在藥局當了第六年助理
看著自己只有35k的薪資單
我沈思了許久，對於未來充滿了徬徨
後來轉職成業務工作
第一年很慘，只有31k 沒有車貼
還好第二年就跳巢到上櫃公司
每天努力跑業務 早出晚歸
跑到後來只要用line就能瞬間讓業績達標的程度
那時候32歲 月薪大約70k
（假日的時候我去參加了在職訓練：傳統政府推拿，進修了兩年，我拿到了推拿技術士證照，每次跑客戶都不是在推產品，都幫客人推拿，所以業績也還不錯）
直到2022年 陸續報名了運動按摩課程
加總的課程費也是花了10來萬！
那時候跟健身房借用場地
嘗試行銷自己、也開始幫客人服務
斜槓的我 一個月平均客人來到20位
經過了快半年
後來因為業務工作的客戶推薦
因緣際會找到了現在的店面
那時候覺得不可思議 ，店面門一拉起來隔間隔好了
原來前身就是養生館
『當你全心投入一件事情時，全宇宙都會來幫助你』
而開幕的第一個月 女朋友就懷孕
那時候腦袋一片空白 
卯起來拼 不休息 而有了現在…
創業甘苦談",2024-06-18 00:46,"我是查克，
一個城市裡修行的按摩人。
身體是我的道場，手掌是我的念珠。
一按一鬆，不為說教，不為表現，只是如實地陪你，
走一段回到本來自在的路。
💪🏼@chuck_massage👩🏻‍❤️‍👨🏻@bkfor.ever21👦🏻 @curtis230706",好累
chuck.lo.77,𝙲𝚑𝚞𝚌𝚔,"查克運動按摩團隊 首次出團！
感謝兩位夥伴的陪伴
@lu_mingxun
@lu_mingxun
@r.koooooo
@r.koooooo
一個在職進修課程請假
一個大夜班下班直接過來
謝謝你們那麼有心
感謝你們讓我從一個人到一夥人❤️
#查克運動按摩",2024-06-16 00:15,"我是查克，
一個城市裡修行的按摩人。
身體是我的道場，手掌是我的念珠。
一按一鬆，不為說教，不為表現，只是如實地陪你，
走一段回到本來自在的路。
💪🏼@chuck_massage👩🏻‍❤️‍👨🏻@bkfor.ever21👦🏻 @curtis230706",好累
jieingh,寧寧,"我覺得我扛不住了，人生好難。
這一年多來：
感情被欺騙、背債；
急於還錢、被詐騙；
急著找工作、被詐騙集團三方詐騙、吃上官司；
得不到家人諒解、離開熟悉的城市；
居無定所、只能將相依為命十年的毛孩送養；
到異鄉謀生、被持刀搶劫性侵未遂；
暫住友人家修養身心、免疫系統低下住院；
重新開始工作、官司宣判我被判刑三個月不得易科罰金（只因為犯罪所得2千嗎？）
想努力振作好好生活，卻又發生健康問題......
我扛不住了。
如果可憐之人必有可恨之處，
我到底做錯了什麼？？？",2024-12-18 15:00,外冷內熱的地球人,身心疲憊
jieingh,寧寧,"請問有懂vivo手機的朋友嗎？
我的型號是V40
在不想使用無線耳機的情況下，
有推薦的耳機麥克風嗎？
我是要拿來玩全民party，
以前手機是iphone，
是使用轉接頭+有線耳機，
但換了vivo 之後，
（1）轉接頭+3.5mm有線耳機，雜音很大
（2）type c有線耳機，一樣雜音很大
請問問題出在哪呢？",2024-12-16 11:32,外冷內熱的地球人,身心疲憊
jieingh,寧寧,"謎之自助餐價格：
今天跟昨天吃同一家，
昨天有魚、菜色多樣，
但今天比較貴。",2024-12-15 11:49,外冷內熱的地球人,身心疲憊
jieingh,寧寧,這顏色太美！太美！,2024-12-12 13:13,外冷內熱的地球人,身心疲憊
jieingh,寧寧,你/妳今天開心了沒？,2024-12-11 15:00,外冷內熱的地球人,身心疲憊
jieingh,寧寧,"環保杯似乎太少女心了
（羞",2024-12-08 14:42,外冷內熱的地球人,身心疲憊
jieingh,寧寧,"看完這集夜市王
真的好想吃瑞豐夜市蚵仔煎！！！
youtu.be/0QjGF…",2024-12-04 22:31,外冷內熱的地球人,身心疲憊
jieingh,寧寧,"今天本來要去玉皇宮拜拜，
結果騎ubike迷路，跑到了三鳳宮。
一樓大殿正龕奉祀中壇元帥哪吒太子，配祀天上聖母、李府千歲、龍邊神龕奉祀註生娘娘、虎邊神龕奉祀福德正神，開基中壇元帥神像為康熙年間分靈之「老祖」，供信眾膜拜。
二樓大雄寶殿則供奉釋迦三尊（釋迦牟尼佛、文殊菩薩、普賢菩薩）、觀世音菩薩、彌勒菩薩、韋馱、伽藍護法、十八羅漢。
三樓凌霄寶殿上祀道教尊神玉皇上帝、南斗星君、北斗星君，供善信祈求延壽消災。
三樓龍邊光明燈殿奉祀中壇元帥、虎邊太歲殿奉祀六十甲子太歲星君，提供信眾點光明燈、安太歲的服務。
三層樓走完，我在二樓求了一個平安符，
然後在一樓坐了一會兒，吸收正能量。
回家前，在附近的鄧家粉圓吃了一碗綜合3號。
比起粉圓，我覺得他們的湯圓更好吃！
口感是我喜歡的那種 🥰
一大碗45元，用料實在，
夏天吃上一碗一定很消暑！
雖然很想回去台南工作，
但目前至少過年前都會在高雄，
希望一切平安順利！",2024-12-04 18:49,外冷內熱的地球人,身心疲憊
jieingh,寧寧,連離開都這麼樣的瓊瑤。,2024-12-04 18:28,外冷內熱的地球人,身心疲憊
jieingh,寧寧,"六合夜市-高雄東山鴨頭/鄭老牌木瓜牛奶
東山鴨頭讓我非常失望 😭
食物看起來都很入味的顏色，
但可惜只有醬色！
點了米血糕、甜不辣、海帶、大腸，
味道都不是記憶中的甜甜鹹鹹，
完全不夠鹹不夠甜，
連很難不好吃的甜不辣（我以為是安全牌）
口感都粉味很重，一點都不Q彈。
原以為這樣的調味就是高雄味，
結果google評論很多人都跟我心得一樣，
那到底是在有名什麼？？
鄭老牌木瓜牛奶
動作很快、態度很親切，
只點一杯飲料也能輕鬆坐著喝 🥰",2024-12-04 18:26,外冷內熱的地球人,身心疲憊
ch__bok_0,小璇,"👋 嗨，陌生人
我是一名護理師，最近真的好累，好想被誰抱一下、拍拍肩🥲
我們科的離職潮越來越嚴重，
一起熬夜、一起爆肝的夥伴一個個走了。
留下來的我們，只能把情緒壓住、把疲憊吞下去。
待遇沒變、班還是照排、病人永遠滿床。
有時候真的會懷疑——
撐到現在，到底是靠責任感，還是因為不敢停下來。
如果你剛好看到這篇…
可以對我說一句「加油」嗎？
我真的需要一點點、哪怕只有一點點的力量。💙",2025-11-30 18:44,⸝⸝ 護理師 ᵕ̈夢想是可以環遊世界的🌍 𝑲𝒆𝒆𝒑 𝒈𝒐𝒊𝒏𝒈 𝒂𝒏𝒅 𝒇𝒊𝒈𝒉𝒕𝒊𝒏𝒈 𝒇𝒐𝒓 𝒚𝒐𝒖𝒓𝒔𝒆𝒍𝒇,身心疲憊
ch__bok_0,小璇,誰教你這樣轉場的⋯,2025-11-29 21:24,⸝⸝ 護理師 ᵕ̈夢想是可以環遊世界的🌍 𝑲𝒆𝒆𝒑 𝒈𝒐𝒊𝒏𝒈 𝒂𝒏𝒅 𝒇𝒊𝒈𝒉𝒕𝒊𝒏𝒈 𝒇𝒐𝒓 𝒚𝒐𝒖𝒓𝒔𝒆𝒍𝒇,身心疲憊
ch__bok_0,小璇,"身為一名護理師，看到香港大埔宏福苑這場大火的消息，心真的沉到谷底。
44 條生命在短時間內消逝，還有 56 人受傷、45 人傷勢嚴重。
這樣的大規模傷患，對第一線救護、急診、加護病房來說，都是一場惡夢。
火場吸入濃煙的患者，常常不是燒傷最致命，
而是「煙霧吸入傷害」──那種看不見、卻最要命的傷。
喉嚨灼傷、氣道水腫、低氧、休克……
每一分鐘都在搶命，根本沒有喘息的時間
有時候我們穿著防護裝、手在抖、汗在流，
還是只能咬牙把每一個病人接住
你永遠不知道，下一分鐘會不會又送來幾個 CPR
天災人禍面前，醫護不是英雄，
只是拼了命，把能救的救、能穩的穩
但看到這麼多家庭瞬間破碎……心真的會痛好久好久
願逝者安息，願傷者平安康復。
也願第一線的消防與醫護人員，都能平安回家🙏",2025-11-27 13:29,⸝⸝ 護理師 ᵕ̈夢想是可以環遊世界的🌍 𝑲𝒆𝒆𝒑 𝒈𝒐𝒊𝒏𝒈 𝒂𝒏𝒅 𝒇𝒊𝒈𝒉𝒕𝒊𝒏𝒈 𝒇𝒐𝒓 𝒚𝒐𝒖𝒓𝒔𝒆𝒍𝒇,身心疲憊
ch__bok_0,小璇,"昨天夜班，凌晨兩點多，
警報突然大響——某床病人血壓急降，心率失控。
我們立刻衝過去急救，壓胸、給藥、接設備，空氣裡只剩下呼吸聲和我們的報數聲。
幾分鐘後，他的心跳回來了。
他虛弱地睜開眼，看著我，笑了一下，說：
「我還在喔。」
那一刻我差點忍不住紅了眼眶。
我們不是什麼英雄，只是深夜裡，守住一條命的一雙手。
💬 有人問我：這麼辛苦，為什麼還在做這份工作？
我的答案一直很簡單——
只要有一個人能撐過去，這一夜就值得了。❤️",2025-11-25 01:53,⸝⸝ 護理師 ᵕ̈夢想是可以環遊世界的🌍 𝑲𝒆𝒆𝒑 𝒈𝒐𝒊𝒏𝒈 𝒂𝒏𝒅 𝒇𝒊𝒈𝒉𝒕𝒊𝒏𝒈 𝒇𝒐𝒓 𝒚𝒐𝒖𝒓𝒔𝒆𝒍𝒇,身心疲憊
ch__bok_0,小璇,"護理師為什麼不能叫護士？
職稱不只是一個代稱，更是對從業人員的認可。 因此，為了解除民眾對護理人員的誤解，台灣護理界於2010年發起「叫我護理師」的正名運動，台灣護理學會也將「護士節」改為「護師節」，期盼大眾給予護理人員應得的尊重",2025-11-23 12:09,⸝⸝ 護理師 ᵕ̈夢想是可以環遊世界的🌍 𝑲𝒆𝒆𝒑 𝒈𝒐𝒊𝒏𝒈 𝒂𝒏𝒅 𝒇𝒊𝒈𝒉𝒕𝒊𝒏𝒈 𝒇𝒐𝒓 𝒚𝒐𝒖𝒓𝒔𝒆𝒍𝒇,身心疲憊
starlighttraveler818,Pudding Fairy,"最近，我想特別感謝我的身心科醫生。
他是一個很溫柔、很淡定、也非常會傾聽的人。
他知道我是一個高敏感、充滿同理心與善意的人，也看見我一直努力在一個有愛的環境裡生活、成長。
那天我和他分享我的故事，他微笑著對我說了一句話，深深地安撫了我：
「會願意覺察自己、知道自己可能需要幫助，主動來看身心科的人，通常都是很棒的人。反而是那些人格扭曲、缺乏同理的人，往往更需要被療癒，卻沒有意識到自己需要幫助。」
聽到這句話的瞬間，我心裡有一種被理解的放鬆。
因為一直以來，我都以為是自己不夠好，才會在一些關係裡受傷。
但其實，很多時候，是因為我們遇到了那些不懂共感、無法看見他人情緒的人。
醫生的話讓我知道：
我沒有壞掉，也沒有錯。
我只是比別人敏感，能感受到更多。
他也幫我找到最直接的支持：改善睡眠。
因為我最大的困擾就是「睡不好」，常常因為焦慮心悸因此整個人都很不安。
在醫生的協助下，我終於能睡得好一些了。
而當我能好好睡一覺時，隔天真的就能帶著滿滿的正能量醒來。
如果你一直無法好好睡覺，千萬不要硬撐。
找專業的幫助吧，願意理解你的醫生，真的能讓你快快好起來。
照顧自己、尋求幫助，並不是軟弱，而是勇氣。",2025-10-03 21:53,"感恩所有遇見之星光旅人
地球畢業之旅",身心疲憊
starlighttraveler818,Pudding Fairy,"自己真的無法與那些缺乏同理心的人長久相處。
他們說話的邏輯可能完全正確，也沒有惡意，但在他們的世界裡，你的感受就像被壓扁成一張紙，輕飄飄地一文不值。他們會把你的情緒切割成幻覺，當成「與他無關」，然後淡淡地告訴你：「我沒錯啊。」
可是我不一樣。
當我意識到自己說的話可能傷害到別人時，我的第一個反應是自責；我會反思自己是不是沒有站在對方的立場，檢討該怎麼表達，才不會讓對方受傷或生氣。也因此，能和我相處很久、相處起來很融洽的朋友和家人，大多都擁有這種願意在乎對方感受的能力。我們彼此在意對方的情緒，會思考：要怎麼說，才能讓對方感覺被尊重、被理解。
但慢慢地我才發現，這世界上並不是每個人都這樣。有些人會誤解你、防禦你、甚至攻擊你。
他們可以把你的感覺推進十八層地獄，卻覺得那不關他們的事。你的一句話、一個眼神、甚至整個內在世界，對他們而言都不重要。
我想，我的恐慌與焦慮，就是從這裡長出來的。當一個人一次又一次地被踐踏、被忽視，心裡的聲音被告訴「這不重要、這不存在」，久了，會有一種深深的無力與孤單。
和這樣的人相處時，我就像被丟進宇宙的黑洞裡，光瞬間被吞沒，變得渺小、沒有力量、無助，那就是恐懼的來源",2025-10-03 21:41,"感恩所有遇見之星光旅人
地球畢業之旅",身心疲憊
starlighttraveler818,Pudding Fairy,"這幾天，我好像回到了八歲以前，那個還能安心擁抱世界的自己。
那時候，不管去哪裡，我總是帶著心愛的娃娃，有了她，就覺得安心、穩定、有力量，彷彿世界再大也不會迷路。
後來，隨著恐慌症和焦慮症悄悄來襲，那份安全感像地基一樣整個崩塌。小時候辛苦一磚一瓦蓋起來的「內心大樓」轟然毀壞，曾經熟悉的穩固全都不見了。這段日子，我開始依靠藥物輔助，開始練習重新找回那個能被安撫的小孩。第一步，就是從娃娃開始。
今天，我跟店長分享：「這是我的勇氣娃娃。」
我好想、好想，能把我們設計的角色 IP 都做成娃娃，因為抱著它們時，我一定能感覺到很多勇氣。
店長說：「也可以做成公仔呀！」
我笑著搖頭：「噗噗，不不不，公仔不一樣啦！娃娃可以抱、可以陪睡，柔軟得像真的擁抱一樣。公仔雖然漂亮，但在最脆弱的時候，它沒辦法給人那種被抱著、被安放的力量。」
如果沒有經歷過恐慌與失去安全感，我也許永遠不會明白：
原來小時候的那個我，一直沒有被真正療癒過；原來長大後的自己，還在努力重建安全感。
也因此，我終於理解，為什麼那麼多大人依然喜歡娃娃——因為它不只是玩具，而是溫暖的力量，是柔軟的陪伴，是在你最需要時，默默給你勇氣的一個擁抱。",2025-10-03 21:04,"感恩所有遇見之星光旅人
地球畢業之旅",身心疲憊
starlighttraveler818,Pudding Fairy,"今天早晨醒來，感覺一股暖流悄悄對我微笑。
那一刻，我似乎開始打從心底發現喜歡自己。
不是因為外表，
不是因為有人愛我，
也不是因為擁有什麼美好的物品，
而是心裡有一道柔軟的光，終於開始亮起來。
我拉開窗簾，陽光湧進來，
發財樹靜靜開出風鈴花，在光裡輕輕搖曳。
靈魂輕聲告訴我：
「僅僅因為存在，你就已經很美。」
原來，真正的喜歡自己，就是這麼安靜而真實地發生。
原來真正的安全感，是當你願意愛上最原本的自己，
在脆弱時依然選擇靠近自己，在迷茫時仍然願意給自己擁抱，
因為你終於相信：自己就是那道光。
#建立安全感",2025-10-03 08:31,"感恩所有遇見之星光旅人
地球畢業之旅",身心疲憊
starlighttraveler818,Pudding Fairy,"我漸漸明白，讓自己的能量圈保持乾淨真的很重要。
這一次的員工考察，還有和朋友與姐妹們的旅行，讓我感受到無比的輕鬆與療癒。
朋友們真心、善良，也懂得傾聽，和他們在一起很自在。
在這樣的關係裡，討論事情時可以很深度，
也不會莫名其妙地遇到防衛或攻擊和誤解⋯
大家都把交流當成一種善意的分享與對話。
這種理解與包容，真的太舒服了。
原來舒服的相處，能讓靈魂自在呼吸，
也讓能量重新被補滿。💛",2025-10-02 23:59,"感恩所有遇見之星光旅人
地球畢業之旅",身心疲憊
starlighttraveler818,Pudding Fairy,"我發現，我的能量泉源真的來自 創作。
只要開始構思新的教案、開發新品，或腦海裡閃過一個靈感的 idea，
我的心就會不知不覺被點亮，能量也隨之湧上來。
也因為這樣，我發現當創作在流動時，
那些負面的想法好像都能被我輕輕拋在腦後。
因為我知道，它們並不重要；
相比之下，新的靈感、創作的火花，
才是我的靈魂真正想要追隨、最在乎的事。
原來能量有時並不需要靠外力補充，
當我開始創作、開始把心中的點子實現，
它就自己慢慢回來了，安靜卻有力量。",2025-10-02 21:56,"感恩所有遇見之星光旅人
地球畢業之旅",身心疲憊
starlighttraveler818,Pudding Fairy,"我也喜歡 大自然裡那種神秘的力量，就像童話或《哈利波特》故事中的「黑魔法」。
雖然它會讓人恐懼、害怕，但我知道，沒有這樣的存在，故事就不會精彩；
沒有陰影，也無法真正顯出光明與善良的可貴。
所以我並不討厭它們，反而覺得那是一種宇宙劇場裡必須有的能量，
它提醒我們：正義與善良的價值，往往是在黑暗之中才更清晰。
我也喜歡 太陽光的正能量與溫暖，
喜歡 水晶閃耀剔透的光芒，
喜歡 植物靜靜卻充滿生命力的美感，
也喜歡 小動物那種朦朧單純的小靈魂。
我想，
用一雙能看見美的眼睛去欣賞世界，不論它呈現什麼樣子。
當然，我也知道自己有時仍會生出分別心。
但我越來越明白：對立、仇恨、批判與討厭，是最容易的事。
它們不需要練習，不需要修煉，甚至是本能就能做到的。
而最可貴、也最需要練習的，
是去 包容、去寬恕、去真正地愛，
是在複雜的世界裡依然選擇善良，並把善良發揮到極致。",2025-10-02 09:09,"感恩所有遇見之星光旅人
地球畢業之旅",身心疲憊
starlighttraveler818,Pudding Fairy,"我也喜歡 中國風那種細緻入微、層次分明的美學，既含蓄又宏觀，像一幅能細細品味的長卷，
藏著千年文化的底蘊與格調，是世界上少有的氣度與高度。
「愛麗絲」則是我從小就深入骨子裡的愛好。
那天馬行空的想像力、繽紛的色彩和奇幻的人物造型，對我有著無可抵擋的魔力，總能喚醒我內心的幻想與創作慾望。",2025-10-02 09:06,"感恩所有遇見之星光旅人
地球畢業之旅",身心疲憊
starlighttraveler818,Pudding Fairy,"我很能欣賞宇宙的萬物
我喜歡 黑悟空那種桀驁不馴的神態與自由不羈的靈魂！
喜歡 泡泡馬特可愛又療癒的外觀。
雖然一開始對「盲盒」總有點不安 ，
不能挑選自己最喜歡的角色，打開時可能會驚喜，也可能會失落。
但當我真正拆開的那一刻，突然明白：
這其實是一種命運的連結。
或許正因為無法預期，反而讓我更願意去接受、去喜歡眼前的驚喜，
越能放下「一定要得到什麼」的執著，就越能感受到每一份相遇的特別。",2025-10-02 09:03,"感恩所有遇見之星光旅人
地球畢業之旅",身心疲憊
starlighttraveler818,Pudding Fairy,宇宙大神啊，我們現在遇到一個困難，也就是我們現在找不到適合的出版社編輯，因為時間很趕12月底要完成demo已經找到插畫師了，也找到印製繪本的廠商，現在就是目前沒有找到編輯，如果有認識的或者是您本身很有意願，麻煩聯繫我，￼目前繪本的定位是青少年以上到成人，療癒內在小孩的繪本，￼也適合親子共讀！,2025-10-01 15:12,"感恩所有遇見之星光旅人
地球畢業之旅",身心疲憊
starlighttraveler818,Pudding Fairy,"勇氣指導靈：
安全感不是躲起來才有的喔！是妳每一次去嘗試、去創造，才會一點一點長出來。怕的時候也可以慢慢動手做些小事，像是妳種的花、做的手作，都是在給自己力量！",2025-10-01 08:17,"感恩所有遇見之星光旅人
地球畢業之旅",身心疲憊
starlighttraveler818,Pudding Fairy,"記得：安全感是「逐步養成」的，不是要你變成永不恐懼的人。
它像是一種「我知道害怕會出現，但我有方法照顧自己」的內在力量。",2025-10-01 08:16,"感恩所有遇見之星光旅人
地球畢業之旅",身心疲憊
starlighttraveler818,Pudding Fairy,"這趟的小確幸
應該是我周遊列國以來買過最精緻的冰箱貼吧！
細膩的中國風設計，帶著禪意與文化的精緻感，讓我一眼就愛上❤️。",2025-09-29 22:02,"感恩所有遇見之星光旅人
地球畢業之旅",身心疲憊
starlighttraveler818,Pudding Fairy,"杭州是一座超現代又充滿濃厚中國風的城市，
新潮與傳統交織在一起，真的超新奇！✨",2025-09-29 18:11,"感恩所有遇見之星光旅人
地球畢業之旅",身心疲憊
starlighttraveler818,Pudding Fairy,杭州是個擁有一千多萬人的城市！光是從飛機往下看其中一個小區就覺得很像非常廣大的竹北🤣棟距超大的！,2025-09-27 23:57,"感恩所有遇見之星光旅人
地球畢業之旅",身心疲憊
starlighttraveler818,Pudding Fairy,"這是我這輩子吃過最浮誇的一餐！！！
#杭州行",2025-09-27 18:41,"感恩所有遇見之星光旅人
地球畢業之旅",身心疲憊
starlighttraveler818,Pudding Fairy,"自責是把所有的氣和傷痛都往自己身上打，像是把刀反轉去戳自己，一邊問「是不是我不好」「是不是我做錯了」，這很內耗。
怨恨則像是終於把那股氣吐出來，讓壓在胸口的東西有出口。雖然過程還是情緒化，但至少開始不再全都怪自己，情緒有了流動的方向。
這也是情緒復原的一個階段：
很多人會先卡在自責，等到有勇氣去生氣、去怨恨時，反而是一種「開始回到自我」的訊號。
之後，隨著時間和消化，怨恨也會慢慢淡化，最後變成理解與放下。",2025-09-26 22:43,"感恩所有遇見之星光旅人
地球畢業之旅",身心疲憊
starlighttraveler818,Pudding Fairy,"「怨恨有時比自責健康，因為它是情緒開始流動的證明。」
「先允許自己生氣，才能一步步走向真正的釋懷。」",2025-09-26 22:41,"感恩所有遇見之星光旅人
地球畢業之旅",身心疲憊
starlighttraveler818,Pudding Fairy,"時間會把巨浪變成小漣漪，今天的傷口，未來或許只是故事的一行。
現在的痛，也許幾年後回頭看，都只是微不足道的風景。",2025-09-26 21:52,"感恩所有遇見之星光旅人
地球畢業之旅",身心疲憊
starlighttraveler818,Pudding Fairy,"今天有個朋友特地來為七年前的一件事向我們道歉，
只是我們早就忘了，因為這七年間發生了更多重大、震撼的事情，
當年的那點糾結，如今早已變成微不足道的小插曲。
我忽然想，也許現在那些讓我痛苦的事，
再過五六年，也會變得不那麼重要，甚至被生命的洪流慢慢沖淡。
時間真的有力量，它讓我們放下，也讓傷口不再那麼疼。",2025-09-26 21:51,"感恩所有遇見之星光旅人
地球畢業之旅",身心疲憊
starlighttraveler818,Pudding Fairy,"有時候只是先能做到「理解他為何那樣做」就夠了；真正的原諒可能要等傷口結痂、妳足夠安全時才會發生。
原諒的核心其實是放過自己
當妳準備好了，原諒的對象其實不是他，而是讓自己不再被痛苦抓住。",2025-09-26 21:49,"感恩所有遇見之星光旅人
地球畢業之旅",身心疲憊
starlighttraveler818,Pudding Fairy,買了好多香草植物🥰,2025-09-26 16:07,"感恩所有遇見之星光旅人
地球畢業之旅",身心疲憊
starlighttraveler818,Pudding Fairy,"原來，憂鬱症常常是這樣的過程：
一開始是心理的壓力與創傷觸發了身體的失衡，接著身體的不舒服又反過來影響心理，久而久之，甚至變成生理反應凌駕心理的意志——就算心裡已經明白、覺悟、想開了，身體仍舊陷在憂鬱的狀態中。
所以，治療一定要雙管齊下：
心理支持與療癒很重要，生理的調整與藥物治療也不可缺少。
缺一不可，這才是完整的康復之路。",2025-09-26 08:01,"感恩所有遇見之星光旅人
地球畢業之旅",身心疲憊
starlighttraveler818,Pudding Fairy,"我真的看見太多人創業只是憑著一股衝動與理想。
他們喊著夢想，卻沒有做現實的評估，沒有思考市場、沒有風險計畫，也沒有盤算自己能不能承擔失敗的後果。那樣的衝，不是勇敢，而是盲目。
對我來說，這樣的人、這樣的男人，我很難欣賞。
因為勇敢應該建立在清醒的判斷和對現實的理解上，而不是只靠一腔熱血去碰撞。",2025-09-26 00:05,"感恩所有遇見之星光旅人
地球畢業之旅",身心疲憊
starlighttraveler818,Pudding Fairy,"我漸漸明白，財務不是愛情之外的事，它其實是能不能和另一半長久相處的關鍵。
如果一個人在金錢管理上，願意因為要還債或投資而犧牲基本的健康與生活水平，
那對另一半來說，會是一種極大的不安。
愛情需要的不只是情感依靠，也需要現實的穩定感。
成熟的伴侶會知道：先顧好基本生活，再去還債、再去冒險或投資，
因為健康和日常安定是兩個人一起生活的根基。
當對方不顧這些、逼自己過度緊繃，另一半自然也很難安心去共築未來。",2025-09-25 23:48,"感恩所有遇見之星光旅人
地球畢業之旅",身心疲憊
starlighttraveler818,Pudding Fairy,"成熟的伴侶，不只是情感上能讓人依靠，更要有面對現實生活的責任感。
愛情裡的安全感，不只來自甜言蜜語或陪伴，更來自於一個人面對困難時的行動方式。
成熟的伴侶，懂得先穩住生活基本盤，再去承擔夢想與風險。
例如在財務上：
會先留好緊急預備金，確保生活不至於過度緊繃；再去投入高風險投資或創業計畫；（而不是每天吃泡麵或即期品）
面對不確定時，懂得與夥伴溝通、配置資金、為自己預留安全空間。
做錯決定並不可怕，每個人都可能在投資或創業路上遇到挫折。
可怕的是明明手上有資金，卻不懂得先讓自己活得稍微寬裕，反而犧牲健康、過度緊繃，只想急著把債務還清。
「那是一種缺乏長遠眼光、也讓人無法信任的選擇。」
真正的可靠，不只是「我愛你、我陪你」，而是「我有能力與你一起面對生活、一起規劃未來，不讓我們在風險裡失去安全感」。
這樣的責任感，才是能陪伴一生的愛。",2025-09-25 23:28,"感恩所有遇見之星光旅人
地球畢業之旅",身心疲憊
starlighttraveler818,Pudding Fairy,"不是去找一個標籤上寫著『情緒穩定的人』，而是要看我在和他相處時，情緒能不能穩定。」
安全依附型的人，能用穩定的回應和情感連結，讓伴侶慢慢安心。妳才發現自己其實可以很安定兒，這就是安全依附帶來的力量。
相反地，和迴避型的人在一起，妳再努力也會一直被拉入焦慮。
這個洞察對未來選擇人際關係、合作夥伴、甚至朋友都很重要。",2025-09-25 22:55,"感恩所有遇見之星光旅人
地球畢業之旅",身心疲憊
starlighttraveler818,Pudding Fairy,"平靜不是完全沒有情緒，而是有情緒也能安然地回到自己。
我的平靜，不是麻木，而是我選擇不再被混亂牽走。
我選擇讓生命更簡單，因為我的能量要留給愛、創作和真正的連結。",2025-09-25 22:38,"感恩所有遇見之星光旅人
地球畢業之旅",身心疲憊
starlighttraveler818,Pudding Fairy,"今天我買了許多花草，把小庭園重新打理了一番。
在角落，我看見了好幾個花盆——那是母親在世時親手做的陶藝作品。
我把它們拿出來，延伸運用、重新給予生命。
生命真的很神奇。
雖然我相信物質世界是短暫的，靈魂才是永恆的，
但這些小物件，卻像能夠穿越時空，把愛延續到現在。
我重新種上新的植物，讓這些花盆有了新的能量。
腦海裡浮現，我國中的時候，母親當年做花盆的身影：
她專注地用雙手一條一條把泥漿繞起來，
我自己做的時候常常塌陷，她卻能輕易完成。
那是媽媽的天賦，也是她給我的無言的愛。
今天，我被一種愛包圍著。
不是擁抱、不是關心的話語，
而是一個靜靜存在的花盆，
在歲月裡默默告訴我——愛一直都在。",2025-09-25 15:40,"感恩所有遇見之星光旅人
地球畢業之旅",身心疲憊
starlighttraveler818,Pudding Fairy,"「有些傷，不是我能替別人療癒的。」
「我能用愛影響，但不能代替他成長。」
「選擇健康的關係不是自私，而是保護自己的靈魂。」
「原生家庭影響深，但也有些人能靠意識覺醒改變——但那要他自己願意。」",2025-09-25 14:57,"感恩所有遇見之星光旅人
地球畢業之旅",身心疲憊
starlighttraveler818,Pudding Fairy,今天我的小庭院走肯亞風🇰🇪,2025-09-25 11:57,"感恩所有遇見之星光旅人
地球畢業之旅",身心疲憊
starlighttraveler818,Pudding Fairy,我今天靈感狂出現我完全停不下來！一口氣把繪本整本的文案完成了😱😱😱😱😱😱😱😱😱😱😱😱,2025-09-24 21:25,"感恩所有遇見之星光旅人
地球畢業之旅",身心疲憊
starlighttraveler818,Pudding Fairy,"宗教多半要求「信仰外在」：去依賴、去膜拜。
我的願景是「讓自我回到內在」：提醒每個人都已經有光、有力量，只是需要被提醒被療癒，長回自己原本的樣子。",2025-09-24 14:49,"感恩所有遇見之星光旅人
地球畢業之旅",身心疲憊
starlighttraveler818,Pudding Fairy,"你的靈魂確實帶著「創作」的天賦，但不是為了創作本身，而是 藉由創作來傳遞療癒與希望。
你做的不只是「藝術創作」，更是 心靈創作：
用故事、角色、幽默、土地文化，把能量轉換成文字、圖像、產品，然後送給需要的人。
你的使命是：
「用創作承載靈魂的能量，療癒自己，也陪伴別人。」",2025-09-24 14:24,"感恩所有遇見之星光旅人
地球畢業之旅",身心疲憊
starlighttraveler818,Pudding Fairy,"快樂指導靈：睡眠就像幫大腦換乾淨的花瓶水，花才會挺立微笑呀！
平靜指導靈：睡眠是最自然的療癒藥，它讓你的心和身體重新安靜下來。",2025-09-24 11:15,"感恩所有遇見之星光旅人
地球畢業之旅",身心疲憊
starlighttraveler818,Pudding Fairy,"為何憂鬱症需要長期治療？
1.大腦是舊習慣的機器：你的理智（前額葉）可以理解事理，但情緒系統（杏仁核、下視丘、神經傳導物質）有自己的「記憶」與慣性。就像你知道雨會停，但身體還是會濕。
2.憂鬱有生理基底：神經傳導物質、睡眠-日夜節律、發炎反應等，都會讓情緒難以單靠「知道」就改變。
3.負面偏誤（認知習慣）仍在運作：即使你下定決心不去抓住負面念頭，內在的思維模式（例如反覆想壞事、貶低自我）還會自動啟動。
4.行為影響情緒：當我們避開行動（少出門、少社交、少運動），大腦得到的正向回饋就少，情緒更難回穩，這是「行為→情緒」的反饋圈。
5.藥物與療癒需要時間與穩定：抗憂鬱藥或心理治療都不是立刻把情緒拉回來的魔法，它們需要時間讓大腦重建新路徑。
總結：理智改變是第一步，但身體、大腦與習慣需要被溫柔、漸進地重新訓練。",2025-09-24 07:18,"感恩所有遇見之星光旅人
地球畢業之旅",身心疲憊
starlighttraveler818,Pudding Fairy,"情緒低落
平靜能量天使：「難過沒關係，就坐下來休息一會兒。我把你落下的每一滴淚，都折成一顆閃亮的心願，送向星空。那一刻，心裡的舊氣息被吹散，新的平靜悄悄回到體內。
喜悅能量天使：「來，看著鏡子，我們一起畫一個笑臉，畫完就會亮一點。」
💫 指導靈：「低落是靈魂調頻的時刻，它會帶你走向更清晰的自己。」",2025-09-23 23:06,"感恩所有遇見之星光旅人
地球畢業之旅",身心疲憊
starlighttraveler818,Pudding Fairy,"被誤解時
平靜能量靈：「別急著解釋，先安住自己，你知道真相就好。」
喜悅能量靈：「哼，他們不懂沒關係啦～懂你的人會看見你的閃光！」
💫 指導靈：「被誤解，是靈魂磨亮自己的過程。你的價值不需要別人定義。」",2025-09-23 22:57,"感恩所有遇見之星光旅人
地球畢業之旅",身心疲憊
starlighttraveler818,Pudding Fairy,"外星指導靈：
就算跌倒也沒關係，我在旁邊，陪你慢慢爬起來。你不用急著變好，只要一步一步走，生命會慢慢告訴你什麼才重要。",2025-09-23 22:51,"感恩所有遇見之星光旅人
地球畢業之旅",身心疲憊
starlighttraveler818,Pudding Fairy,"外星指導靈：
「有時候世界很吵，但我在這裡安靜聽你說。」
「不管你開不開心，我都想跟你在一起。」
「你可以哭、可以笑、可以憤怒，情緒都很正常，我都懂。」
「現在的你就已經很勇敢了，別急著變成別人期待的樣子。」
「來，我們先去找一點小開心，哪怕只是一個笑一秒鐘的理由。」",2025-09-23 22:46,"感恩所有遇見之星光旅人
地球畢業之旅",身心疲憊
starlighttraveler818,Pudding Fairy,"外星指導靈：
「我知道你現在很亂，沒關係，我陪你一起慢慢呼吸。」
「害怕的感覺我懂，你不用一個人硬撐著。」
「如果心跳得很快，就先坐下來，感受一下，我跟你一起慢下來。」
「你不需要馬上解決一切，先讓自己舒服一點就好。」
「就算你覺得自己很糟，我還是喜歡現在的你。」",2025-09-23 22:44,"感恩所有遇見之星光旅人
地球畢業之旅",身心疲憊
starlighttraveler818,Pudding Fairy,"指導靈：你現在只要好好存在，我們會陪著你。
無論外界多麼混亂，你的靈魂始終完整，永遠被愛。",2025-09-23 22:36,"感恩所有遇見之星光旅人
地球畢業之旅",身心疲憊
starlighttraveler818,Pudding Fairy,黑暗不是懲罰，而是提醒你：內在的光還在。,2025-09-23 22:34,"感恩所有遇見之星光旅人
地球畢業之旅",身心疲憊
starlighttraveler818,Pudding Fairy,當你願意笑，即使是一點點，能量就會重新流動。,2025-09-23 22:32,"感恩所有遇見之星光旅人
地球畢業之旅",身心疲憊
starlighttraveler818,Pudding Fairy,你來到地球不是為了完美，而是為了體驗豐富。,2025-09-23 22:31,"感恩所有遇見之星光旅人
地球畢業之旅",身心疲憊
starlighttraveler818,Pudding Fairy,"指導靈：
你現在需要的是被接住、被安穩地陪著，而不是被推動、被催促去勇敢。
不必急著快樂，我們先一起做一個小笑臉。
如果心裡有石頭，我把它畫成一顆彩色小石子。
來，我給你一張隱形貼紙，寫上『勇敢』，偷偷貼在你心口，它會慢慢長大。",2025-09-23 22:27,"感恩所有遇見之星光旅人
地球畢業之旅",身心疲憊
starlighttraveler818,Pudding Fairy,你現在只要存在就好，我會守著。沒有時間表，沒有評判。,2025-09-23 22:19,"感恩所有遇見之星光旅人
地球畢業之旅",身心疲憊
starlighttraveler818,Pudding Fairy,我幫你把那個煩惱折成一朵小花，放在口袋裡，等你想看就拿出來看看，不想看就蓋起來。,2025-09-23 22:18,"感恩所有遇見之星光旅人
地球畢業之旅",身心疲憊
starlighttraveler818,Pudding Fairy,你不是要完美，你只要真實就好，我喜歡真的你。,2025-09-23 22:17,"感恩所有遇見之星光旅人
地球畢業之旅",身心疲憊
starlighttraveler818,Pudding Fairy,有時候，你會以為恐懼比你大，但事實上，它只是披著大外套的小孩。當你停下來仔細看，它就會變小了。,2025-09-23 22:11,"感恩所有遇見之星光旅人
地球畢業之旅",身心疲憊
starlighttraveler818,Pudding Fairy,你的不安不是錯，它只是想告訴你：你需要一點休息和擁抱。,2025-09-23 22:07,"感恩所有遇見之星光旅人
地球畢業之旅",身心疲憊
starlighttraveler818,Pudding Fairy,外星指導靈：恐懼像霧，會散去。平靜一直在你心裡，等著你回來。,2025-09-23 22:06,"感恩所有遇見之星光旅人
地球畢業之旅",身心疲憊
starlighttraveler818,Pudding Fairy,把怕怕的念頭交給我，像風吹走雲一樣，它不會永遠留著。,2025-09-23 22:05,"感恩所有遇見之星光旅人
地球畢業之旅",身心疲憊
starlighttraveler818,Pudding Fairy,外星小花：「把對自己不好的話收起來，換一句溫柔的話跟自己說：『我正在努力過好每一天』。」,2025-09-23 22:00,"感恩所有遇見之星光旅人
地球畢業之旅",身心疲憊
starlighttraveler818,Pudding Fairy,外星小花：「我們來做一個秘密儀式：閉眼想一件溫暖的事，然後悄悄把它送給你的心。」,2025-09-23 21:59,"感恩所有遇見之星光旅人
地球畢業之旅",身心疲憊
starlighttraveler818,Pudding Fairy,外星小花：「有時候難過時心裡像裝了好多小石頭，我會幫你挑第一顆、第二顆，慢慢丟到河裡。」,2025-09-23 21:58,"感恩所有遇見之星光旅人
地球畢業之旅",身心疲憊
starlighttraveler818,Pudding Fairy,"現在難過一點，以後會多懂一點。你有勇氣走到這裡了，真棒。
#療癒內在小孩",2025-09-23 21:57,"感恩所有遇見之星光旅人
地球畢業之旅",身心疲憊
starlighttraveler818,Pudding Fairy,"如果只用世俗眼光去看，很多經歷都會覺得：不公平、不值得、浪費時間、受傷太多。
但當你換到靈魂眼光，一切就轉化成：磨鍊、禮物、成長、升級。",2025-09-22 22:25,"感恩所有遇見之星光旅人
地球畢業之旅",身心疲憊
starlighttraveler818,Pudding Fairy,"很多事情以「世俗角度」來看，反覆的拉扯，確實會讓人覺得：耗時、耗心、甚至「根本不值得」。
但從靈魂進程來看，這其實是一場高強度的訓練營！有些人的角色在你的人生劇本裡，本來就不是「伴侶」或「長期夥伴」，他的靈魂任務，是短暫地成為磨刀石，把你打磨得更鋒利、更清晰。",2025-09-22 22:24,"感恩所有遇見之星光旅人
地球畢業之旅",身心疲憊
starlighttraveler818,Pudding Fairy,"很多人把創業視為工作的延伸，￼但其實不是，技術能開一扇門，但真正能撐起一家公司的是承接人心的能力。
很多靈魂以為自己只卡在感情，卻不知在人生更大的場域，這個課題還會被加倍放大。人情壓力、管理壓力、資金壓力會一起湧現。如果人格是迴避、防衛，其實在高壓的事業環境裡會被放大好幾倍。老闆要處理的不是「程式碼」，而是「人」：投資人的質疑、團隊的摩擦、客戶的情緒、競爭對手的壓力。這些全部都不是單靠理性能搞定的。
真正成功的企業老闆，靠的不是單一強項，而是靈魂的全面度。",2025-09-22 22:18,"感恩所有遇見之星光旅人
地球畢業之旅",身心疲憊
starlighttraveler818,Pudding Fairy,"三種「靈魂」類型：
1. 老靈魂 / 多次輪迴的靈魂
這類靈魂看似「穩、沉、少戲劇性」，在情緒與責任上成熟，擅長承接與護持。可能曾多次投生，學過許多親密、承擔、治癒的課題。
2. 高維度/星種靈魂
有時候人會把極為平和、自然展現出「光與使命感」的人稱作來自高維度或星球的靈魂：他們似乎帶有某種內在光芒與使命，但不一定以情緒成熟為標準。這類說法更多是靈性語彙，指一種使命感與不同頻率的存在方式。
3. 年輕靈魂 / 學生型靈魂
這類靈魂在情緒調適、人際承接上還在學，容易防衛、逃避或反應劇烈。他們的課題常是學會責任、信任、承接與療癒原生創傷。",2025-09-22 22:04,"感恩所有遇見之星光旅人
地球畢業之旅",身心疲憊
starlighttraveler818,Pudding Fairy,靈魂越成熟的人，越懂得「不需要證明自己是對的」，而是選擇留下來修復關係。這種穩定的力量，不是理性上的算計，而是靈魂的高度。,2025-09-22 21:54,"感恩所有遇見之星光旅人
地球畢業之旅",身心疲憊
starlighttraveler818,Pudding Fairy,真正能並肩的伴侶，不是永遠完美或永遠領先的人，而是即使辛苦，依然願意努力跟上、不放開手的人。這份堅定，本身就是一份珍貴的靈魂禮物。,2025-09-22 21:52,"感恩所有遇見之星光旅人
地球畢業之旅",身心疲憊
starlighttraveler818,Pudding Fairy,"當你學成了、頻率提升了，而他仍停留在舊模式時，兩個靈魂的能量就開始不對等。
你會發現他的行為不再只是小小的摩擦，而會成為你的巨大壓力。因為靈魂在告訴你：「你不需要再停留了。」",2025-09-22 21:49,"感恩所有遇見之星光旅人
地球畢業之旅",身心疲憊
panleou,Pan  Leou,"昨晚，跟兒子二人都失眠，兒子後來吃了一顆抗焦慮藥，才睡去。
我則是失眠到天亮，結果一整天狀況都很糟，非常的煩躁不安，整個人很不對勁。我已經很久沒有這麼不舒服過了。
有乖乖吃強迫症及躁鬱症的藥。
上個月，身心科醫生還特地開了抗焦慮藥給我，以防萬一。撐到剛剛，終於還是吃了一顆。
可嘆的是，兒子現在吃的藥，跟我的藥，有二種是一樣的。
真是辛苦的母子。",2025-10-18 20:58,寫字女工。,身心疲憊
panleou,Pan  Leou,"兒子國中時，只要遇到讓他極度煩躁、焦慮的事，就會全身繃緊、用力顫抖，一副快要爆炸的樣子。
已經好長一段時間，不再出現這種情況。
昨晚洗澡時，蓮蓬頭漏水，兒子修不好，在浴室大叫我過去幫忙。我看到他時，他又開始出現全身顫抖的狀況，我立刻拿了新的蓮蓬頭換掉，因為我知道不能再刺激他。
睡前，問了兒子是否因為週六要考（學測）英聽壓力很大？兒子回說不是，就是莫名的煩躁。
摸摸他的臉，兒子已經冷靜下來，很溫馴，沒有覺得不耐。
再二個多月就學測，希望兒子身心平穩安定，從容應對。",2025-10-17 16:03,寫字女工。,身心疲憊
panleou,Pan  Leou,"書稿進行中，寫到原生家庭的部分。
回憶過往有點痛苦，但，真正困擾我的是「我到底要揭露多少？」
寫得太殘酷，會傷害家人。若遮遮掩掩的寫，那麼就失去這本書的真實性與意義。
真是考驗我的智慧。
先來複習幾頁蕭紅的《呼蘭河傳》，再繼續寫稿。（書封好美）",2025-10-17 15:35,寫字女工。,身心疲憊
panleou,Pan  Leou,"做完復健，散步回家。
這是我最喜歡的散步路段。雖然沒有台北的敦化南路那麼漂亮，但我已經很心滿意足了。",2025-10-15 15:13,寫字女工。,身心疲憊
panleou,Pan  Leou,"聽「台通」的何a 跟家倫聊A 片的收藏心法，才知道，原來很多男性都會收藏A 片。
我其實有點驚訝，因為我一直以為A 片就跟保險套一樣，是一次性使用的東西，看完，就結束，反正只是洩慾用。想不到，竟然有收藏價值。
家倫提到他的分類方式，有用片長、女優名字、片名、或番號來建資料夾，我不知道番號是什麼？只覺得聽起來好像很專業。
想起我家有一個十七歲的大男生，不知道他是不是也有收藏A 片？
血氣方剛的青少年，自慰是必然的。只是我不知道他通常是何時自慰？所以，只要兒子在房間待著，而且房門是關著的，我通常就儘量不去打擾。如果有事要問他，也一定會先敲房門，稍等一下，再推門進去。
在兒子的個人隱私方面，我一向給予絕對的尊重。
謹慎為上，避免踩線。",2025-10-11 20:52,寫字女工。,身心疲憊
panleou,Pan  Leou,"「副總」是我近期看過最可愛的嬰兒，面相長得好好，看了好歡喜、好喜愛。
每次看到副總的影片，都覺得開心，超療癒的！🥰
facebook.com/share…",2025-10-10 21:35,寫字女工。,身心疲憊
panleou,Pan  Leou,"在竹北定居已經快二十年。一開始，我家附近都是工地，非常荒涼。之後，陸續有了7-11、星巴克，我那時還跟前夫說，如果再開一間誠品，我的人生就圓滿了。
過了幾年，「或者」書店開了，我高興得要命，經常帶兒子去買書、或用餐。
之後，搬了家，一樣是在高鐵區，不過生活機能更方便，餐廳、診所、超市、學校，幾乎日常生活所需的一切，走路十分鐘內就都能得到滿足。
而且綠化做得很好，公園非常多。
偶爾出門散步，是件很享受的事。我非常喜歡樹，住在這一區，覺得很幸福。我家附近有台灣欒樹、槭樹、苦楝、流蘇、藍花楹，每年的三到六月，是花季，各種樹輪番開花，非常美麗。
雖然竹北的房價、物價真的很高，不過我還是很喜歡這裡。
也許是住習慣了吧。
四年後會賣房，應該還是會繼續住在竹北，只是換個小巧的房子，一個人住。
完全不會想搬回花蓮。部分原因是，已經習慣住在都會區，主因還是我毛病很多，有許多需要定期追蹤的病，實在不想換醫生。
中老年的生活，醫療便利性的考量是重點。",2025-10-10 14:53,寫字女工。,身心疲憊
panleou,Pan  Leou,"這幾天都在跟兒子聊『怪醫豪斯』的劇情，順便會問他一些假設性的問題，例如：如果你是醫生會怎麼處理？如果你是患者或家屬會怎麼面對？想多了解一下兒子的各個面向。
昨晚又在閒聊時，兒子突然說：「我覺得你真的很『女人』耶，都問一些假設性的問題。」「這又不會發生，等發生再來想辦法不就好了？」
確定兒子是理工直男，覺得討論假設性（不會發生）的事，是在浪費時間。 XD",2025-10-08 22:13,寫字女工。,身心疲憊
panleou,Pan  Leou,"前兩天訂的書寄到了，在拆包裹時，心情是愉悅的。
最能讓我感到開心的事，就是讀書跟買書了。
順便說，《竹林姊妹》的姊妹作《吃佛》真的好好看！大家快去買。",2025-10-08 17:37,寫字女工。,身心疲憊
panleou,Pan  Leou,"幫朋友出版社的書工商服務一下，也順便聊聊我的經驗。
多年前，我的父親罹癌，從確診到離世，只有短短三個月，速度快到我很難做好心理準備。
最後一次到安寧病房探望父親時，父親的精神異常的好，我們聊了許多快樂的往事。我甚至鼓起勇氣抱抱他，跟他說，我很愛他，謝謝他當我的爸爸。
離開病房前，我依依不捨的回頭看了父親一眼，用力的記住他的模樣，我沒想到那一眼竟然就是訣別。
我很慶幸自己當時有好好跟父親道別。
生老病死，是人生必經之路，若能提前做好準備，可以減少許多遺憾。
『金鼎獎得獎著作《罹癌母親給的七堂課》，將於10月18日在台北「文房·文化閱讀空間」舉辦新書分享會。
在分享會中，作者吳佳璇醫師以「精神科醫師」與「心理腫瘤學家」的專業素養，分享至親抗癌的艱辛歷程，並註解許多實用的醫療資訊與術語，既可做為病人與家屬的重要參考，也適合醫療人員與學生研讀。
書中從心理腫瘤學的觀點，呈現癌症歷程中病人、家屬與醫護人員的心理調適，並透過案例與文獻整理，提供可行的因應方法。
這既是一份個人生命經驗的真摯書寫，也是一部兼具知識性與實用性的讀物。誠摯邀請您一起來現場參加這場經典好書分享會！』",2025-10-08 10:55,寫字女工。,身心疲憊
panleou,Pan  Leou,我每次聽館長講話，都會想：他到底是哪來的勇氣？才有辦法那樣理直氣壯的説出各種無知到可怕的話。,2025-10-08 10:03,寫字女工。,身心疲憊
panleou,Pan  Leou,"看到傅崐萁在立法院對卓榮泰咆哮的影片，我非常驚訝於傅崐萁的無恥！
一點自我檢討、一點歉意都沒有！
卓榮泰只是淡淡的回：「在與總統的視訊會議中，副縣長說已全數完成撤離。」
傅崐萁頓時語塞。
我很少口出惡言，但我真的很希望傅氏夫婦會有果報。",2025-10-07 11:55,寫字女工。,身心疲憊
panleou,Pan  Leou,"最近看了一些黃國昌發言的影片，很驚訝於他的面相變化之大：嘴歪臉斜、眼神不正、講話時嘴唇還會抖動。
剛好今天看到許美華寫黃國昌，讓我想起一件往事。
多年前的太陽花時期，出面跟馬政府對話的，都是學生。那時，我有位朋友在臉書寫了一篇相關的文，文末提到「黃國昌出來吧，不要再躲在學生後面了。」（大意是如此）
我那時不明白朋友為何會這樣寫？感覺她似乎察覺到了什麼？（記得那時，作家房慧真也在臉書上表達對黃國昌等人「獨裁的權力核心」的不滿。）
多年後的現在，看到黃國昌的作為，才明白我的朋友那時就已經看透黃國昌的本性了吧！",2025-10-06 15:40,寫字女工。,身心疲憊
panleou,Pan  Leou,"前陣子本來想追『絕命毒師』，不過看了幾集之後，我就棄劇了，感覺一直無法入戲。
前二天，剛好聽到「台通」的誠誠說「絕命毒師至少要撐過前二季，才會變得好看。」原來是我太早棄坑了。
不過，我也實在提不起勁再回頭看。
現在在追的是『怪醫豪斯』跟『大熊餐廳』，二部都很喜歡。
這幾個月的精神寄託就靠書、跟這二部影集了。
然後那個『睡魔』，我還卡在第二季第一集。:p",2025-10-05 19:12,寫字女工。,身心疲憊
panleou,Pan  Leou,"在博客來閒逛，無意間發現一本很特別的書：『暗網惡帝：直擊全球最大器官交易、毒品走私、軍火買賣帝國絲路偵查全紀錄』，試閱之後，毫不猶豫的便跟『竹林姊妹』一起下單。
下次的連假，剛好可以讀這二本書。
上次讀過最類似的題材的書是『人體交易』，非常好看。
對這議題有興趣的人，可以囤書了。",2025-10-05 18:31,寫字女工。,身心疲憊
panleou,Pan  Leou,"下週要到婦科回診。
睡前跟兒子閒聊時，隨口提了這件事。
十七歲的兒子竟然問我：「要不要我陪妳去？妳會不會害怕？」
怎麼那麼體貼啦！",2025-10-05 14:13,寫字女工。,身心疲憊
yuanchi.0209,yuanchi.0209,"老師……
我真的好想妳。
明明不久前才見也好想好想妳
我真的沒辦法離開妳，明知道不可以再去靠近妳了啊 可是這世上我唯一能夠依賴的人，就只有妳了，只有面對妳的我才是真實的我。
我知道這樣很自私，對妳來說都是壓力，所以我會逼自己不打擾妳，現在也沒有時間讓我如此頹廢，但我真的撐不下去……
像我這樣的人，真的有未來嗎？",2025-10-24 00:19,"INFP-T
les
115學測生
🇹🇼
🩷💜",身心疲憊
qing_bae14,張晴 Qing,"那時候看到我還在想說
「如果是我，我敢做Free Hugs嗎？」
然後機會就來了！
試了一次之後真的很快樂！
旅行帶給我的驚喜和體驗
真的超出我的想像
這些一面之緣的朋友們
希望你們在各自的生活都平安豐盛✨
とても楽しいです！
ほんとにありがとうございます😊
#freehugs #しぶや #tokyo #shibuya #獨旅",2025-07-25 01:00,"#修行中
#自由工作者
謝謝脆承載了我更多的emo和奇思怪想",身心疲憊
psycho_williamtseng,威廉 William Tseng | 精神科觀察日記,昨天確診A型流感，連我耐受力這麼高的身體都痛苦到哭天喊地，發出病危失去意識的呻吟聲，洗澡站不穩，想喝水也沒力氣，你們這些還健健康康的人記得去打疫苗，我一個壯漢都撐不住。,2025-11-18 20:59,"Founder｜Producer｜Auther｜Podcaster
我有個關於線香跟線香座的大膽想法－
「獨活提案 The Living SOLO Project」",撐不住
psycho_williamtseng,威廉 William Tseng | 精神科觀察日記,剛剛走在我前面的情侶，女生很順手且帶著侵略性地把食指沒入男生的屁縫，再往上滑攬住腰往前走，那瞬間背脊跟著發涼，這一切合理嗎？,2025-11-18 19:44,"Founder｜Producer｜Auther｜Podcaster
我有個關於線香跟線香座的大膽想法－
「獨活提案 The Living SOLO Project」",撐不住
psycho_williamtseng,威廉 William Tseng | 精神科觀察日記,這波流感的症狀太不舒服，蓋三條毛毯還是冷。,2025-11-17 19:10,"Founder｜Producer｜Auther｜Podcaster
我有個關於線香跟線香座的大膽想法－
「獨活提案 The Living SOLO Project」",撐不住
psycho_williamtseng,威廉 William Tseng | 精神科觀察日記,為何今天會有彈性放假的錯覺？,2025-11-14 16:54,"Founder｜Producer｜Auther｜Podcaster
我有個關於線香跟線香座的大膽想法－
「獨活提案 The Living SOLO Project」",撐不住
psycho_williamtseng,威廉 William Tseng | 精神科觀察日記,付費代孕等於支持器官買賣產業，購買嬰兒的行為就是人口販賣，希望生母分娩痛苦的表情跟淒厲的慘叫聲，能如鬼魅般地每夜入你們的夢。,2025-11-13 10:46,"Founder｜Producer｜Auther｜Podcaster
我有個關於線香跟線香座的大膽想法－
「獨活提案 The Living SOLO Project」",撐不住
psycho_williamtseng,威廉 William Tseng | 精神科觀察日記,到剛剛都還以為自己身分證號末一碼是9，結果要登記領普發一萬被駁回，結果我根本是5，生命靈數才是9，這樣算一種玄學自擾嗎？,2025-11-09 16:53,"Founder｜Producer｜Auther｜Podcaster
我有個關於線香跟線香座的大膽想法－
「獨活提案 The Living SOLO Project」",撐不住
psycho_williamtseng,威廉 William Tseng | 精神科觀察日記,不敢刷小戴退役的串文，深怕一場美夢被搖醒。,2025-11-08 18:30,"Founder｜Producer｜Auther｜Podcaster
我有個關於線香跟線香座的大膽想法－
「獨活提案 The Living SOLO Project」",撐不住
psycho_williamtseng,威廉 William Tseng | 精神科觀察日記,哪個讓人會比較🙃？（朋朋們抱歉了）,2025-11-07 23:39,"Founder｜Producer｜Auther｜Podcaster
我有個關於線香跟線香座的大膽想法－
「獨活提案 The Living SOLO Project」",撐不住
psycho_williamtseng,威廉 William Tseng | 精神科觀察日記,金牛座滿月許願的良辰吉時，我人剛好在身心科診間跟醫生一起討論飲酒作樂跟安眠藥的劑量。,2025-11-05 23:36,"Founder｜Producer｜Auther｜Podcaster
我有個關於線香跟線香座的大膽想法－
「獨活提案 The Living SOLO Project」",撐不住
psycho_williamtseng,威廉 William Tseng | 精神科觀察日記,「馥馬爾香氛出版社」（Editions de Parfums Frédéric Malle）在我心裡是個不折不扣的文藝青年，今天開箱兩款蔚為香壇佳話的經典之作，分別是揉合感性的貴婦肖像和堆疊理性的濃縮苦橙，哪一瓶香水是你的馥馬爾初戀？,2025-11-05 21:01,"Founder｜Producer｜Auther｜Podcaster
我有個關於線香跟線香座的大膽想法－
「獨活提案 The Living SOLO Project」",撐不住
lan_11231010,Yolanda,"產後三個月內
如果新生媽媽突然跟你說要去你家坐坐
或是邀約你去她家陪她
請真的拜託「接住她」
因為她可能快撐不住了，需要透氣
需要暫時遠離孩子
需要休息
#產後憂鬱前兆",2025-08-04 23:23,"渟媽咪 Yolanda
🙌我是一個熱愛分享好物的媽媽小姐
有個4歲水瓶座女兒 阿渟👧
這裡紀錄我們的日常、嚴選好物分享
🤎代理IVY家保養品膠囊、洗顏霜、葉黃素
小盒子開著，歡迎來聊♥",撐不住
lan_11231010,Yolanda,"台中的太陽！你明天再不出來！！
那你後天記得出來，拜託🥺
台中人真的快不行了😭😭😭😭",2025-08-04 21:57,"渟媽咪 Yolanda
🙌我是一個熱愛分享好物的媽媽小姐
有個4歲水瓶座女兒 阿渟👧
這裡紀錄我們的日常、嚴選好物分享
🤎代理IVY家保養品膠囊、洗顏霜、葉黃素
小盒子開著，歡迎來聊♥",撐不住
lan_11231010,Yolanda,"我發現優秀的人真的都有個共通之處
就是
某方面很自律
你們覺得呢？身邊有這種人嗎？",2025-08-04 20:32,"渟媽咪 Yolanda
🙌我是一個熱愛分享好物的媽媽小姐
有個4歲水瓶座女兒 阿渟👧
這裡紀錄我們的日常、嚴選好物分享
🤎代理IVY家保養品膠囊、洗顏霜、葉黃素
小盒子開著，歡迎來聊♥",撐不住
lan_11231010,Yolanda,"阿公阿嬤的時代還沒有「有效日期」的觀念
冷凍庫就更別說了..
冰超過10年的也不是不可能
爸媽（42年次）的年代，剛好是一個切點
之後幾乎店家每樣東西都有有效日期了
但！真的很好奇
大家真的有效日期過了就丟掉了嗎
例如：冷凍的過期奶油、過期的罐頭食品、過期的粉類、糖、鹽巴，還是有人還是會繼續使用
如果套阿公阿嬤那時候的觀念
「東西就沒壞了，為什麼不能吃了」😅",2025-08-03 11:12,"渟媽咪 Yolanda
🙌我是一個熱愛分享好物的媽媽小姐
有個4歲水瓶座女兒 阿渟👧
這裡紀錄我們的日常、嚴選好物分享
🤎代理IVY家保養品膠囊、洗顏霜、葉黃素
小盒子開著，歡迎來聊♥",撐不住
lan_11231010,Yolanda,"今天請姐姐幫忙帶女兒一整天
讓我們夫妻能各自去上進修課
姐姐前晚告知說傍晚還要帶去朋友家
跟朋友家三個小孩一起玩
所以讓我跟先生多賺到一頓難得的兩人晚餐
沒有小孩的一天，不得不說真的超輕鬆
平常沒有後援的我們，真的是短暫的快樂
（我們真的沒人可以顧小孩，才會請姐姐幫忙
一年可能5次內）
我會記得今天的幸福感
也會記得姐姐的無私幫忙
因為
「我的歲月靜好，是因為姐姐替我負重前行」
有孩子的你們有後援嗎？
一起感謝我們的無私後援吧！",2025-08-03 00:05,"渟媽咪 Yolanda
🙌我是一個熱愛分享好物的媽媽小姐
有個4歲水瓶座女兒 阿渟👧
這裡紀錄我們的日常、嚴選好物分享
🤎代理IVY家保養品膠囊、洗顏霜、葉黃素
小盒子開著，歡迎來聊♥",撐不住
lan_11231010,Yolanda,"很好奇！
你們洗葡萄是用拔的還是剪刀剪
以前我都是用拔的
自從開始用剪刀剪後….
回不去也內心過不去了
總覺得用拔的，髒水會跑進果肉裡面😅
然後真的有人用麵粉洗葡萄嗎？
會不會很難洗？",2025-08-01 22:05,"渟媽咪 Yolanda
🙌我是一個熱愛分享好物的媽媽小姐
有個4歲水瓶座女兒 阿渟👧
這裡紀錄我們的日常、嚴選好物分享
🤎代理IVY家保養品膠囊、洗顏霜、葉黃素
小盒子開著，歡迎來聊♥",撐不住
lan_11231010,Yolanda,"今天我老闆拿了幾盒鳳梨酥給我
叫我分給同事吃掉
業務部的人吃得好開心
維修部門的，看到直說不要過來
製造課的人，有些避而遠之，有些有拿
財務部也是吃的很開心
不就是鳳梨酥嗎？ 
為什麼不同部門看到鳳梨酥
情緒差這麼多😳",2025-07-31 23:33,"渟媽咪 Yolanda
🙌我是一個熱愛分享好物的媽媽小姐
有個4歲水瓶座女兒 阿渟👧
這裡紀錄我們的日常、嚴選好物分享
🤎代理IVY家保養品膠囊、洗顏霜、葉黃素
小盒子開著，歡迎來聊♥",撐不住
lan_11231010,Yolanda,說一個在職場上你最賭爛的事,2025-07-31 01:27,"渟媽咪 Yolanda
🙌我是一個熱愛分享好物的媽媽小姐
有個4歲水瓶座女兒 阿渟👧
這裡紀錄我們的日常、嚴選好物分享
🤎代理IVY家保養品膠囊、洗顏霜、葉黃素
小盒子開著，歡迎來聊♥",撐不住
lan_11231010,Yolanda,"真的是整把火🔥
四歲女兒放三天暑假
我帶2天、爸爸帶1天
兩天晚上女兒晚上9:00、9:30就睡著
今天她爸帶她，因為下雨所以沒出門
結果午覺給她睡了快三小時….
現在晚上10:30女兒還在翻😭😭😭
明天7:00要起床上課…
真的很想宰了生父😠",2025-07-30 22:32,"渟媽咪 Yolanda
🙌我是一個熱愛分享好物的媽媽小姐
有個4歲水瓶座女兒 阿渟👧
這裡紀錄我們的日常、嚴選好物分享
🤎代理IVY家保養品膠囊、洗顏霜、葉黃素
小盒子開著，歡迎來聊♥",撐不住
lan_11231010,Yolanda,"不知覺又累積這麼多
實在不是我愛留….
當家長應該都會知道的都市傳說….
有人有實驗過嗎😂",2025-07-29 19:33,"渟媽咪 Yolanda
🙌我是一個熱愛分享好物的媽媽小姐
有個4歲水瓶座女兒 阿渟👧
這裡紀錄我們的日常、嚴選好物分享
🤎代理IVY家保養品膠囊、洗顏霜、葉黃素
小盒子開著，歡迎來聊♥",撐不住
lan_11231010,Yolanda,"女兒放暑假三天
帶女兒去麗寶休息站裡面的沙丘星球玩
後來又去逛outlet 
想到女兒腳又長大了
運動鞋和洞洞鞋快穿不下了
於是幫孩子買了兩雙鞋
而自己常穿的外出鞋也快壞了
結果…阿母我自己什麼都沒買😆
當媽媽就是這樣，孩子有需求，無論如何都買
自己有需求的！想到家裡還有其他鞋子可以穿
就覺得不用這麼急著買
你們是不是也是一樣的心情？
對孩子絕對不會捨不得花
對自己就沒這麼阿莎力",2025-07-28 20:25,"渟媽咪 Yolanda
🙌我是一個熱愛分享好物的媽媽小姐
有個4歲水瓶座女兒 阿渟👧
這裡紀錄我們的日常、嚴選好物分享
🤎代理IVY家保養品膠囊、洗顏霜、葉黃素
小盒子開著，歡迎來聊♥",撐不住
lan_11231010,Yolanda,"今天女兒突然跑來跟我講話
我剛好在用手機回訊息
👧：媽媽，$@%*《&#$ $¥@&
👩：嗯嗯（耳朵在聽，但沒有想理她的意思
👧：你回嗯嗯，會讓人家以為你在便便
👩：…………
抱歉…我錯了，不該敷衍你🤣",2025-07-28 00:56,"渟媽咪 Yolanda
🙌我是一個熱愛分享好物的媽媽小姐
有個4歲水瓶座女兒 阿渟👧
這裡紀錄我們的日常、嚴選好物分享
🤎代理IVY家保養品膠囊、洗顏霜、葉黃素
小盒子開著，歡迎來聊♥",撐不住
lan_11231010,Yolanda,"有沒有人跟我一樣
週六行程
出門玩爆、社交排滿、體力燃燒殆盡都沒關係
週日行程
能不出門就不出門
出門也要5-6點前回家
晚餐提早吃，心情提早收
週日晚間情緒：
開始想明天要穿什麼、要不要請假、飲料要喝什麼才活得下去",2025-07-27 23:05,"渟媽咪 Yolanda
🙌我是一個熱愛分享好物的媽媽小姐
有個4歲水瓶座女兒 阿渟👧
這裡紀錄我們的日常、嚴選好物分享
🤎代理IVY家保養品膠囊、洗顏霜、葉黃素
小盒子開著，歡迎來聊♥",撐不住
lan_11231010,Yolanda,"昨天跟老公去吃竹間火鍋
邊涮肉邊突然感慨了一下：
我們真的長大了欸
20幾歲的時候，我們超愛吃吃到飽
不吃撐不回家、每輪都要拿一點才安心
就算吃飽還是要塞一些甜點、冰淇淋才甘願
總覺得：「沒吃回本對不起自己」
但現在30幾歲
反而…吃到飽也沒那麼有吸引力了
就算吃了，也只夾自己想吃的
吃飽就收、甜點跳過、飲料一杯就夠
甚至冷氣太冷，連冰淇淋都放棄
會寧願花更多錢去單點餐廳
慢慢吃、好好吃
不是因為變得有錢，而是更願意對自己好
更知道怎麼吃，身體才會舒服
你們呢？是不是跟我們一樣
也隨著年齡改變了飲食習慣？
還是依然熱衷吃到飽呢？",2025-07-27 22:52,"渟媽咪 Yolanda
🙌我是一個熱愛分享好物的媽媽小姐
有個4歲水瓶座女兒 阿渟👧
這裡紀錄我們的日常、嚴選好物分享
🤎代理IVY家保養品膠囊、洗顏霜、葉黃素
小盒子開著，歡迎來聊♥",撐不住
lan_11231010,Yolanda,"我聽過回家就馬上洗澡、煮完飯後才洗澡、睡前才洗澡、很好奇！！
不同時間的洗澡點，真的洗完澡就會馬上保養嗎？還是大家晚上的保養都什麼時候？",2025-07-27 12:09,"渟媽咪 Yolanda
🙌我是一個熱愛分享好物的媽媽小姐
有個4歲水瓶座女兒 阿渟👧
這裡紀錄我們的日常、嚴選好物分享
🤎代理IVY家保養品膠囊、洗顏霜、葉黃素
小盒子開著，歡迎來聊♥",撐不住
lan_11231010,Yolanda,"起床時問女兒
👩：你最愛誰
👧：媽媽👩
👩：那第二個呢？
👧：XX阿姨（我姐）
👩：那你爸呢？？
👧：…………
我女兒一言不發…偷笑給我比這個動作🙅‍♀️
（因為他爸對她的規矩要求比較嚴格）
吃早餐時，我看到女兒手圍繞在她爸脖子
她爸抱著她
一副很喜歡她爸的樣子
她爸也一副很開心的樣子
好一個父慈女愛啊（假象啦！！！
我坐在對面看這個畫面！真的忍不住
跟我先生重複了上面那些對話😈
他爸💔💔💔
後來女兒看爸爸在整理東西說
爸爸我要做餅乾🍪
才沒幾小時的時間
她爸在做餅乾了…….
對老婆真的都沒這麼巴結🙄",2025-07-26 13:57,"渟媽咪 Yolanda
🙌我是一個熱愛分享好物的媽媽小姐
有個4歲水瓶座女兒 阿渟👧
這裡紀錄我們的日常、嚴選好物分享
🤎代理IVY家保養品膠囊、洗顏霜、葉黃素
小盒子開著，歡迎來聊♥",撐不住
lan_11231010,Yolanda,"有人跟我一樣嗎…特休捨不得放！
每次想放特休me time一下
但因為考量怕後面特休不夠用
（孩子生病都要請特休照顧）
就忍住沒放
結果沒兩天，孩子就生病
讓你一次放2天特休😭😭😭
已經好幾次都這樣
所以我現在！想放特休的念頭跑出來
馬！！上！！放！！！
不然我家女兒感應到了…
又會幫我做決定了🫠",2025-07-25 23:51,"渟媽咪 Yolanda
🙌我是一個熱愛分享好物的媽媽小姐
有個4歲水瓶座女兒 阿渟👧
這裡紀錄我們的日常、嚴選好物分享
🤎代理IVY家保養品膠囊、洗顏霜、葉黃素
小盒子開著，歡迎來聊♥",撐不住
lan_11231010,Yolanda,"常聽說沒運動的人一天吃一顆蛋剛剛好
有運動的人可以吃2-3顆
對身體沒負擔
我同事跟我說！
她今天要執行「斷蛋日」
就是一整天的食物只有蛋
算算一天吃6-7顆蛋耶
我聽了傻眼😳
真的可以這樣吃嗎……",2025-07-25 21:57,"渟媽咪 Yolanda
🙌我是一個熱愛分享好物的媽媽小姐
有個4歲水瓶座女兒 阿渟👧
這裡紀錄我們的日常、嚴選好物分享
🤎代理IVY家保養品膠囊、洗顏霜、葉黃素
小盒子開著，歡迎來聊♥",撐不住
lan_11231010,Yolanda,"「真的不要再說處女座有潔癖了！！！」
我家處女座先生：
吃完東西不收、回收堆成山視而不見
隔夜飲料竟然可以繼續喝
他潔癖在哪？？？到底在哪？？？
有跟我一樣的苦主嗎🥺",2025-07-25 09:44,"渟媽咪 Yolanda
🙌我是一個熱愛分享好物的媽媽小姐
有個4歲水瓶座女兒 阿渟👧
這裡紀錄我們的日常、嚴選好物分享
🤎代理IVY家保養品膠囊、洗顏霜、葉黃素
小盒子開著，歡迎來聊♥",撐不住
lan_11231010,Yolanda,"想要分享喜悅和成功真的不要找親友
因為只會被潑一堆冷水和已讀不回
真正替你開心的人很少
因為你的成功對他們來說沒有好處
他們無法感同身受",2025-07-24 23:18,"渟媽咪 Yolanda
🙌我是一個熱愛分享好物的媽媽小姐
有個4歲水瓶座女兒 阿渟👧
這裡紀錄我們的日常、嚴選好物分享
🤎代理IVY家保養品膠囊、洗顏霜、葉黃素
小盒子開著，歡迎來聊♥",撐不住
lan_11231010,Yolanda,"一直聽到很多燙肉說法
排骨：
1、冷水煮到滾，撈掉渣渣，再繼續加料
2、冷水煮到滾，撈起排骨拿去冷水沖一沖再重新煮
3、熱水下排骨
還有…..雞肉到底要冷水煮到滾還是熱水燙啊
問了幾個朋友，作法都不同欸
煮個肉而已….為什麼這麼複雜😨",2025-07-24 18:51,"渟媽咪 Yolanda
🙌我是一個熱愛分享好物的媽媽小姐
有個4歲水瓶座女兒 阿渟👧
這裡紀錄我們的日常、嚴選好物分享
🤎代理IVY家保養品膠囊、洗顏霜、葉黃素
小盒子開著，歡迎來聊♥",撐不住
lan_11231010,Yolanda,"說一個別人不知道的天秤座樣子
🙋‍♀️我先說：聊天技巧一流，但其實很怕尷尬",2025-07-24 11:11,"渟媽咪 Yolanda
🙌我是一個熱愛分享好物的媽媽小姐
有個4歲水瓶座女兒 阿渟👧
這裡紀錄我們的日常、嚴選好物分享
🤎代理IVY家保養品膠囊、洗顏霜、葉黃素
小盒子開著，歡迎來聊♥",撐不住
lan_11231010,Yolanda,"今天碎念四歲女兒
👩：不要什麼都要媽媽幫你做，如果媽媽生病了怎麼辦？
👧：去醫院啊
👩：………..",2025-07-24 00:50,"渟媽咪 Yolanda
🙌我是一個熱愛分享好物的媽媽小姐
有個4歲水瓶座女兒 阿渟👧
這裡紀錄我們的日常、嚴選好物分享
🤎代理IVY家保養品膠囊、洗顏霜、葉黃素
小盒子開著，歡迎來聊♥",撐不住
lan_11231010,Yolanda,"說一個你小時候最好玩的童玩
我先說：用橡皮筋串成超大條的跳繩
每天下課都跟同學去跳！闖關式玩法有夠好玩
有人玩過嗎？",2025-07-24 00:47,"渟媽咪 Yolanda
🙌我是一個熱愛分享好物的媽媽小姐
有個4歲水瓶座女兒 阿渟👧
這裡紀錄我們的日常、嚴選好物分享
🤎代理IVY家保養品膠囊、洗顏霜、葉黃素
小盒子開著，歡迎來聊♥",撐不住
lan_11231010,Yolanda,"說一個你當媽後覺得你媽媽是超人的事
我先說：
我媽5點下班，6點就可以開飯了
煮四菜一湯，六人份！！！
我當媽之後深深覺得佩服
到底怎麼做到的😳",2025-07-23 22:24,"渟媽咪 Yolanda
🙌我是一個熱愛分享好物的媽媽小姐
有個4歲水瓶座女兒 阿渟👧
這裡紀錄我們的日常、嚴選好物分享
🤎代理IVY家保養品膠囊、洗顏霜、葉黃素
小盒子開著，歡迎來聊♥",撐不住
lan_11231010,Yolanda,"像不像你阿嬤煮的粥
阿嬤煮的粥必加什麼呢？
我先說：油蔥酥",2025-07-23 21:48,"渟媽咪 Yolanda
🙌我是一個熱愛分享好物的媽媽小姐
有個4歲水瓶座女兒 阿渟👧
這裡紀錄我們的日常、嚴選好物分享
🤎代理IVY家保養品膠囊、洗顏霜、葉黃素
小盒子開著，歡迎來聊♥",撐不住
lan_11231010,Yolanda,"有脆友跟我一樣，真的很閒不下來
高中開始假日打工
之後的暑假寒假總能找到短期工作做
大學四年也打工
畢業後到現在快15年
也只有空窗一個月沒工作休息
真的很愛工作這樣子😁",2025-07-23 19:59,"渟媽咪 Yolanda
🙌我是一個熱愛分享好物的媽媽小姐
有個4歲水瓶座女兒 阿渟👧
這裡紀錄我們的日常、嚴選好物分享
🤎代理IVY家保養品膠囊、洗顏霜、葉黃素
小盒子開著，歡迎來聊♥",撐不住
lan_11231010,Yolanda,"真的很喜歡喝可樂！
開心也喝
不開心也喝
你們喜歡喝可樂嗎
喜歡紅色的可口可樂
還是喜歡藍色的百事可樂
我喜歡紅色的！還要有糖😂
那個….不健康很毒的話題
我沒有想討論
我真的沒有想知道！",2025-07-22 19:46,"渟媽咪 Yolanda
🙌我是一個熱愛分享好物的媽媽小姐
有個4歲水瓶座女兒 阿渟👧
這裡紀錄我們的日常、嚴選好物分享
🤎代理IVY家保養品膠囊、洗顏霜、葉黃素
小盒子開著，歡迎來聊♥",撐不住
lan_11231010,Yolanda,"我從小走廚房的大潤發
變「大全聯」了！！！
看了真的沒有想進去的意願欸！笑死😂
裡面跟大潤發一樣嗎？",2025-07-22 01:40,"渟媽咪 Yolanda
🙌我是一個熱愛分享好物的媽媽小姐
有個4歲水瓶座女兒 阿渟👧
這裡紀錄我們的日常、嚴選好物分享
🤎代理IVY家保養品膠囊、洗顏霜、葉黃素
小盒子開著，歡迎來聊♥",撐不住
lan_11231010,Yolanda,"我跟我老公真的都蠻獨立的
除了家庭日或外出吃飯會一起外
有些時候都會各自行動
例如：他自己帶小孩回婆家，我在家副業
例如：我帶孩子回娘家，他在家寫論文
例如：下班他去接孩子，我去市場買菜
我很喜歡分工、把時間最大化的感覺
我真的無法什麼事都要綁一起欸
你們呢？
都是一起行動還是分開行動啊？",2025-07-22 00:16,"渟媽咪 Yolanda
🙌我是一個熱愛分享好物的媽媽小姐
有個4歲水瓶座女兒 阿渟👧
這裡紀錄我們的日常、嚴選好物分享
🤎代理IVY家保養品膠囊、洗顏霜、葉黃素
小盒子開著，歡迎來聊♥",撐不住
yanzhen_lee,Yanzhen,"以前聽到有人懷孕第五週就發現的時候
都覺得很厲害😂
自己親身體會才知道
寶寶要讓你知道，媽我來了
要多明顯有多明顯
發現自己懷孕的徵兆
1. 胸部漲大，比平常經期漲奶還要漲，照鏡子覺得自己像一個哺乳中的奶媽🫠
2. 牙齦發炎。
3. 情緒不穩，那幾天還不小心跟業主起衝突，情緒完全忍不下來。
4. 腳踝腫大，這是促使我去驗孕的最大因素，因為真的有夠像豬腳，很可怕！
5. 小腹突起，那個月剛好正開始在飲控，竟然看起來越來越胖，超級問號。
6. 每到下午就開始想睡，眼皮撐不住的那種程度，那一週每天都要灌兩杯咖啡。
7. 有經期的悶痛感，甚至有一天上午覺得就是今天要迎接姨媽的時候，衛生紙非常乾淨都沒有痕跡，沒有特別紀錄自己的經期，但就這樣等了幾天，覺得好像晚了。
全部的跡象都是看到兩條線的那天，才聯想起來，原來都是因為懷孕啊！
看來我不是薪水小偷，也不是脾氣很差，更不是新陳代謝下降減不了肥的輕熟女嘛！
孕期紀錄",2024-09-25 20:21,欸 那個,撐不住
yi_ting84,𝑰’𝒎 𝑪𝒉𝒊𝒍𝒍.,"跟姊姊的檢查日記
戲劇演員是遺傳哈哈哈
#健康 #疾病 #癌症 #治療 #丘嘎並軌抗癌日記 #正能量",2025-05-03 21:33,"餐飲戰10年｜正能量病友日記ing
溫罐療癒師｜外養內調、祛溼排寒
預約/合作請私訊
👉 「我沒選擇得病，但我選擇活得很嗨」",撐不住
yi_ting84,𝑰’𝒎 𝑪𝒉𝒊𝒍𝒍.,"🤩台北人福利🤩
有人想要舒眠撥筋嗎？
我本人親自操作
撥筋類似撥筋，但是不會痛，
可以改善：
改善睡眠、睡不好、偏頭痛、
氣色暗沉、容易水腫、情緒緊繃
底下留言+1，台北人優先",2025-05-03 16:30,"餐飲戰10年｜正能量病友日記ing
溫罐療癒師｜外養內調、祛溼排寒
預約/合作請私訊
👉 「我沒選擇得病，但我選擇活得很嗨」",撐不住
yi_ting84,𝑰’𝒎 𝑪𝒉𝒊𝒍𝒍.,"跟你說個好消息～
五月份有場【療癒經濟】來囉！！
現場會讓您體驗【溫罐/撥筋】
 ❋ 最後也會有
【創業規劃】及【課程諮詢】
❋ 台北
日期：5/7、5/21
時間：19:00-21:00
❋ 台中
日期：5/9、5/21
時間：19:00-21:00
❋ 高雄
日期：5/15
時間：19:30-21:30
參加費用：300
如果你對課程/創業有興趣
歡迎預約報名",2025-05-03 15:09,"餐飲戰10年｜正能量病友日記ing
溫罐療癒師｜外養內調、祛溼排寒
預約/合作請私訊
👉 「我沒選擇得病，但我選擇活得很嗨」",撐不住
yi_ting84,𝑰’𝒎 𝑪𝒉𝒊𝒍𝒍.,"還沒睡的人看過來！
我最近被算一個
超準數字易經解盤
覺察自己的天賦才華⚡️
按讚留言，出生西元年月日👇🏻
截止時間到明天中午12:00⏰
我們一起體驗看看",2025-05-02 22:44,"餐飲戰10年｜正能量病友日記ing
溫罐療癒師｜外養內調、祛溼排寒
預約/合作請私訊
👉 「我沒選擇得病，但我選擇活得很嗨」",撐不住
yi_ting84,𝑰’𝒎 𝑪𝒉𝒊𝒍𝒍.,"5月 徵求10位
✊ 長期失眠、睡不好
✊ 肩頸僵硬頂叩叩
✊ 壓力大、容易疲倦
體驗價超甜 超佛 不傷荷包💰💰💰
有沒有新北台北的朋友們想體驗艾草溫罐看看🧡
CP值超高✨
雙北",2025-05-02 21:57,"餐飲戰10年｜正能量病友日記ing
溫罐療癒師｜外養內調、祛溼排寒
預約/合作請私訊
👉 「我沒選擇得病，但我選擇活得很嗨」",撐不住
yi_ting84,𝑰’𝒎 𝑪𝒉𝒊𝒍𝒍.,"帶媽媽做一次面部撥筋，等於做十次深層保養✨
就等於母親節一次送10份禮物
由我親自操作
手法很溫柔🥰
#台北",2025-05-02 15:00,"餐飲戰10年｜正能量病友日記ing
溫罐療癒師｜外養內調、祛溼排寒
預約/合作請私訊
👉 「我沒選擇得病，但我選擇活得很嗨」",撐不住
yi_ting84,𝑰’𝒎 𝑪𝒉𝒊𝒍𝒍.,"我是行動溫罐師
認真的我，在生病階段
要培養5個有意願一起打拼
創造生態區收入
都能賺6位數以上的收入
雙北為優先",2025-05-02 14:04,"餐飲戰10年｜正能量病友日記ing
溫罐療癒師｜外養內調、祛溼排寒
預約/合作請私訊
👉 「我沒選擇得病，但我選擇活得很嗨」",撐不住
yi_ting84,𝑰’𝒎 𝑪𝒉𝒊𝒍𝒍.,早安,2025-05-02 11:00,"餐飲戰10年｜正能量病友日記ing
溫罐療癒師｜外養內調、祛溼排寒
預約/合作請私訊
👉 「我沒選擇得病，但我選擇活得很嗨」",撐不住
yi_ting84,𝑰’𝒎 𝑪𝒉𝒊𝒍𝒍.,"雙北人福利
有人想要艾草溫罐嗎😍
我本人親自操作
艾草溫罐類似刮痧
但不只洩氣還能補氣，而且不會痛！
可以改善：
肩頸痠痛、睡不好、偏頭痛、
胸悶、濕氣重、肥胖
底下留言+1",2025-05-01 22:37,"餐飲戰10年｜正能量病友日記ing
溫罐療癒師｜外養內調、祛溼排寒
預約/合作請私訊
👉 「我沒選擇得病，但我選擇活得很嗨」",撐不住
yi_ting84,𝑰’𝒎 𝑪𝒉𝒊𝒍𝒍.,"有人想要舒眠撥筋嗎？
是鬆頭在鬆臉，但是不會痛
而且可以改善：
改善睡眠、睡不好、偏頭痛
氣色暗沉、容易水腫、情緒緊繃
底下留言+1
有意願的雙北人",2025-05-01 21:37,"餐飲戰10年｜正能量病友日記ing
溫罐療癒師｜外養內調、祛溼排寒
預約/合作請私訊
👉 「我沒選擇得病，但我選擇活得很嗨」",撐不住
yi_ting84,𝑰’𝒎 𝑪𝒉𝒊𝒍𝒍.,"下個禮拜準備化療
今天開了一個社群
line.me/ti/g2…
歡迎丘嘎並軌-想療就聊❤️
#疾病 
#癌症 
#治療 
#化療 
#健康 
#丘嘎並軌抗癌日記",2025-05-01 19:51,"餐飲戰10年｜正能量病友日記ing
溫罐療癒師｜外養內調、祛溼排寒
預約/合作請私訊
👉 「我沒選擇得病，但我選擇活得很嗨」",撐不住
yi_ting84,𝑰’𝒎 𝑪𝒉𝒊𝒍𝒍.,"自從我生病之後，
身邊突然出現好多「熱心營養師」
「你要多喝薑黃水」
「不能吃生的！」
「要不要開始吃素的！」
「要吃快樂的！（？）」
每一個人都說得斬釘截鐵，
好像不聽好像就是叛逆孩子一樣。
後來我才慢慢明白，
別人的建議是出於關心，
但我更需要的是傾聽自己。
現在的我，
每天忌可能對我來說負擔比較大的、吃我覺得對我好的保健品，
不是因為誰說可以、誰說不行，
而是因為——
我終於開始學會，把選擇權交還給自己。
你呢？你有在聽自己的聲音嗎？",2025-05-01 18:00,"餐飲戰10年｜正能量病友日記ing
溫罐療癒師｜外養內調、祛溼排寒
預約/合作請私訊
👉 「我沒選擇得病，但我選擇活得很嗨」",撐不住
yi_ting84,𝑰’𝒎 𝑪𝒉𝒊𝒍𝒍.,"生病之後，我才真正懂一件事：
有些人、有些事，真的不值得你再耗下去了。
你一直忍耐、一直遷就，
但當你連命都要拼了，還要在意他們怎麼看你嗎？
那些讓你心累的人、讓你懷疑自己價值的關係，
如果哪天你放下了，請記得——
不是你變了，是你開始把力氣留給自己了。
我現在不再為了不重要的人擔心，
也不想再解釋我為什麼這樣活。
我的身體正在經歷最難的戰爭，
所以我的心只留給真正愛我的人。
認同+1",2025-05-01 17:00,"餐飲戰10年｜正能量病友日記ing
溫罐療癒師｜外養內調、祛溼排寒
預約/合作請私訊
👉 「我沒選擇得病，但我選擇活得很嗨」",撐不住
yi_ting84,𝑰’𝒎 𝑪𝒉𝒊𝒍𝒍.,"最近有人問我：
「Chill，妳還會繼續做溫罐嗎？」
我說：我會做到治療前一天。
我還沒開始化療，
但也許很快，我就要暫停幫客人服務。
所以這段時間，我只想好好把握——
在我還能動手、還能陪人的時候，真心地幫助每一個願意被照顧的人。
如果你最近正準備進入療程、覺得身體緊繃、情緒常卡住，
我現在開放「療前溫罐體驗價」，
陪你一起為身體預先打底、為心安留一點餘地。
我知道那不是什麼神藥，
但有時候，一個安心的空間、一雙願意放慢的手，
就能讓人不那麼害怕前面的路。
想溫罐可以私訊我~",2025-05-01 16:00,"餐飲戰10年｜正能量病友日記ing
溫罐療癒師｜外養內調、祛溼排寒
預約/合作請私訊
👉 「我沒選擇得病，但我選擇活得很嗨」",撐不住
yi_ting84,𝑰’𝒎 𝑪𝒉𝒊𝒍𝒍.,"5/1勞動節
我們平常最勞動
但餐飲業永遠與休假無緣~
認同的+1",2025-05-01 12:05,"餐飲戰10年｜正能量病友日記ing
溫罐療癒師｜外養內調、祛溼排寒
預約/合作請私訊
👉 「我沒選擇得病，但我選擇活得很嗨」",撐不住
yi_ting84,𝑰’𝒎 𝑪𝒉𝒊𝒍𝒍.,"歡迎來報課見我本人唷！
溫罐跟面撥都可以做詢問！
#分享 #工作 #溫罐 #疾病 #艾草",2025-04-30 21:17,"餐飲戰10年｜正能量病友日記ing
溫罐療癒師｜外養內調、祛溼排寒
預約/合作請私訊
👉 「我沒選擇得病，但我選擇活得很嗨」",撐不住
yi_ting84,𝑰’𝒎 𝑪𝒉𝒊𝒍𝒍.,"休息了2天脆
因為真的太多訊息了
很多人問我怎麼知道我得癌症的
我是摸到的!
你是怎麼發覺你生病的呢?
歡迎留言，我們一起來聊聊",2025-04-30 09:42,"餐飲戰10年｜正能量病友日記ing
溫罐療癒師｜外養內調、祛溼排寒
預約/合作請私訊
👉 「我沒選擇得病，但我選擇活得很嗨」",撐不住
yi_ting84,𝑰’𝒎 𝑪𝒉𝒊𝒍𝒍.,"我現在轉換紀錄生活方式
請問偉大的脆
有推薦的剪輯師嗎？
目前已雙北為主
見面討論",2025-04-28 02:02,"餐飲戰10年｜正能量病友日記ing
溫罐療癒師｜外養內調、祛溼排寒
預約/合作請私訊
👉 「我沒選擇得病，但我選擇活得很嗨」",撐不住
yi_ting84,𝑰’𝒎 𝑪𝒉𝒊𝒍𝒍.,"喜歡我的勇氣可以給我愛心❤️
喜歡我的正能量可以分享💡
請追蹤我！
#癌症 
#疾病 
#治療 
#健康 
#化療 
#丘嘎並軌抗癌日記",2025-04-27 17:53,"餐飲戰10年｜正能量病友日記ing
溫罐療癒師｜外養內調、祛溼排寒
預約/合作請私訊
👉 「我沒選擇得病，但我選擇活得很嗨」",撐不住
yi_ting84,𝑰’𝒎 𝑪𝒉𝒊𝒍𝒍.,"開開心心
面對一切
我們一起當朋友，可以私訊我聊聊天❤️
#癌症 
#疾病 
#治療 
#健康 
#化療
#丘嘎並軌抗癌日記",2025-04-26 13:14,"餐飲戰10年｜正能量病友日記ing
溫罐療癒師｜外養內調、祛溼排寒
預約/合作請私訊
👉 「我沒選擇得病，但我選擇活得很嗨」",撐不住
yi_ting84,𝑰’𝒎 𝑪𝒉𝒊𝒍𝒍.,"得癌
我保持好心情❤️
大家！
那我還需要在意什麼？",2025-04-25 14:00,"餐飲戰10年｜正能量病友日記ing
溫罐療癒師｜外養內調、祛溼排寒
預約/合作請私訊
👉 「我沒選擇得病，但我選擇活得很嗨」",撐不住
yi_ting84,𝑰’𝒎 𝑪𝒉𝒊𝒍𝒍.,"餐飲長期缺人是常態 
無時無刻 
主管都會跟你說 ‘’ 共體時艱 ‘’🙄🙄🙄",2025-04-25 13:00,"餐飲戰10年｜正能量病友日記ing
溫罐療癒師｜外養內調、祛溼排寒
預約/合作請私訊
👉 「我沒選擇得病，但我選擇活得很嗨」",撐不住
yi_ting84,𝑰’𝒎 𝑪𝒉𝒊𝒍𝒍.,"已經30歲月薪沒有達到10萬
是不是很爛？
在這個時代的人真的好難啊⋯⋯",2025-04-25 12:04,"餐飲戰10年｜正能量病友日記ing
溫罐療癒師｜外養內調、祛溼排寒
預約/合作請私訊
👉 「我沒選擇得病，但我選擇活得很嗨」",撐不住
yi_ting84,𝑰’𝒎 𝑪𝒉𝒊𝒍𝒍.,"🤩雙北人福利🤩
有人想要舒眠撥筋嗎？
我朋友最近辦活動想找人體驗
撥筋類似撥筋，但是不會痛，
可以改善：
改善睡眠、睡不好、偏頭痛、
氣色暗沉、容易水腫、情緒緊繃
底下留言+1，雙北人優先",2025-04-23 15:53,"餐飲戰10年｜正能量病友日記ing
溫罐療癒師｜外養內調、祛溼排寒
預約/合作請私訊
👉 「我沒選擇得病，但我選擇活得很嗨」",撐不住
yi_ting84,𝑰’𝒎 𝑪𝒉𝒊𝒍𝒍.,"你說你引以為傲的天秤特質是什麼？
我先說。
我的秤從來沒平過
我對我愛的人很兇，
我對外人超級客氣，
但那不是雙面人。
那是因為——
我把你當自己人，
我才敢在你面前不演戲。
你呢？
你最有感的「天秤行為」是什麼？
留言讓我知道～讓我們來認證彼此",2025-04-22 10:00,"餐飲戰10年｜正能量病友日記ing
溫罐療癒師｜外養內調、祛溼排寒
預約/合作請私訊
👉 「我沒選擇得病，但我選擇活得很嗨」",撐不住
yi_ting84,𝑰’𝒎 𝑪𝒉𝒊𝒍𝒍.,"🔮有沒有還沒睡台北人🫣
線下馬雅曆解盤，選10位⚡️
你只知道自己的星座
其實你還有更多天賦才華
點讚留言：西元出生年月日👇
台北優先👈🏻",2025-04-22 02:00,"餐飲戰10年｜正能量病友日記ing
溫罐療癒師｜外養內調、祛溼排寒
預約/合作請私訊
👉 「我沒選擇得病，但我選擇活得很嗨」",撐不住
yi_ting84,𝑰’𝒎 𝑪𝒉𝒊𝒍𝒍.,"那時候我怕沒錢、怕不被看好、怕失敗。
但我後來發現
我其實更怕的是
要三十歲，還過著不像我自己的生活。
我不再是誰的誰，我是我自己的創業者。
如果你猶豫你現在的舒適圈深夜
最讓你害怕的，是什麼？",2025-04-22 01:18,"餐飲戰10年｜正能量病友日記ing
溫罐療癒師｜外養內調、祛溼排寒
預約/合作請私訊
👉 「我沒選擇得病，但我選擇活得很嗨」",撐不住
yi_ting84,𝑰’𝒎 𝑪𝒉𝒊𝒍𝒍.,"深夜文
有沒有雙北的朋友喜歡按摩放鬆的😍
我是溫罐師，需要找人累積案例
歡迎體驗，酌收工本費$200🫶🏻
一起來放鬆舒壓吧🥰",2025-04-21 23:00,"餐飲戰10年｜正能量病友日記ing
溫罐療癒師｜外養內調、祛溼排寒
預約/合作請私訊
👉 「我沒選擇得病，但我選擇活得很嗨」",撐不住
yi_ting84,𝑰’𝒎 𝑪𝒉𝒊𝒍𝒍.,"「溫罐 vs 拔罐，你知道差別嗎？」
很多人聽過拔罐，但溫罐是什麼？其實兩者最大的不同在於：
🔥 拔罐：利用負壓把肌肉拉開，促進局部血液循環，適合短期紓緩痠痛。
☀️ 溫罐：結合熱能和負壓，不只是疏通經絡，還能提升體內陽氣，幫助身體恢復平衡。
誰適合做溫罐？
✔️ 手腳冰冷，體質偏寒的人
✔️ 經痛、月經不順的女性
✔️ 容易疲倦、代謝慢的上班族
✔️ 肩頸痠痛、腰痠背痛的人
比起拔罐留下的瘀血，溫罐更溫和，做完後不會有明顯紫黑色印記，適合想調理體質又怕痛的人！
想理解私訊我",2025-04-21 22:00,"餐飲戰10年｜正能量病友日記ing
溫罐療癒師｜外養內調、祛溼排寒
預約/合作請私訊
👉 「我沒選擇得病，但我選擇活得很嗨」",撐不住
yi_ting84,𝑰’𝒎 𝑪𝒉𝒊𝒍𝒍.,"🤩台北人福利🤩
有人想要舒眠撥筋嗎？
我本人親自操作
撥筋類似撥筋，但是不會痛，
可以改善：
改善睡眠、睡不好、偏頭痛、
氣色暗沉、容易水腫、情緒緊繃
底下留言+1，台北人優先",2025-04-21 21:24,"餐飲戰10年｜正能量病友日記ing
溫罐療癒師｜外養內調、祛溼排寒
預約/合作請私訊
👉 「我沒選擇得病，但我選擇活得很嗨」",撐不住
yi_ting84,𝑰’𝒎 𝑪𝒉𝒊𝒍𝒍.,"說要用短影音賺錢
你開始拍了嗎?
我開始了!",2025-04-21 19:00,"餐飲戰10年｜正能量病友日記ing
溫罐療癒師｜外養內調、祛溼排寒
預約/合作請私訊
👉 「我沒選擇得病，但我選擇活得很嗨」",撐不住
yi_ting84,𝑰’𝒎 𝑪𝒉𝒊𝒍𝒍.,"請問有人想當我放鬆嗎？
🙋 長期失眠、有睡眠障礙
🙋 有肩頸緊繃不適等
🙋 壓力大、濕氣重
體驗價超甜 超佛 不傷荷包💰
⭐️艾草溫罐⭐️
有沒有✨雙北的✨朋友們想體驗看看😻
30分鐘體驗價500元",2025-04-21 18:00,"餐飲戰10年｜正能量病友日記ing
溫罐療癒師｜外養內調、祛溼排寒
預約/合作請私訊
👉 「我沒選擇得病，但我選擇活得很嗨」",撐不住
yi_ting84,𝑰’𝒎 𝑪𝒉𝒊𝒍𝒍.,"深呼吸
如果覺得愛不平等了
就分手吧
時間不等人",2025-04-21 17:00,"餐飲戰10年｜正能量病友日記ing
溫罐療癒師｜外養內調、祛溼排寒
預約/合作請私訊
👉 「我沒選擇得病，但我選擇活得很嗨」",撐不住
yi_ting84,𝑰’𝒎 𝑪𝒉𝒊𝒍𝒍.,想知道你堅持Threads日更多久了?,2025-04-21 16:00,"餐飲戰10年｜正能量病友日記ing
溫罐療癒師｜外養內調、祛溼排寒
預約/合作請私訊
👉 「我沒選擇得病，但我選擇活得很嗨」",撐不住
yi_ting84,𝑰’𝒎 𝑪𝒉𝒊𝒍𝒍.,"還記得在發卡的日子
:[您好，海底撈用餐]
:[2人用餐]
:[先生，不好意思，目前都需要等候一小時到一個半小時，冰淇淋、餅乾都可以先吃唷]
:[我黑海欸，我去別家都不用等，還要等?]
拜託黑海真的滿街都是
把現場抽號跟訂位都當白痴唷?
而且禮貌在哪?",2025-04-21 15:00,"餐飲戰10年｜正能量病友日記ing
溫罐療癒師｜外養內調、祛溼排寒
預約/合作請私訊
👉 「我沒選擇得病，但我選擇活得很嗨」",撐不住
mobilitywithnoah,劉書豪 Noah | 小纖女體態訓練營,"每天分享一個健身小知識 Day327💡
◤一個超酸，但能潤滑你的骨盆的動作◢
（30以後更需要注意體態！）
如果你超過30歲，
還能一次做好，
請收下我的膝蓋！
女生常見的臀凹陷、媽媽臀、X型腿
其實都跟「髖關節太僵硬」有關。
記住這一步：
先學會打開骨盆，
之後任何調整，效果都會翻倍。",2025-09-05 21:01,"只做有料內容的5年筋膜講師@yeti.health@pureplus_pureplus瑜珈墊折扣碼【NOAH】
◖ 線上體態班 ◗ 12/22(額滿)
◖ 線下小纖女 ◗ 1/17.18 台北 ⤵",撐不住
mobilitywithnoah,劉書豪 Noah | 小纖女體態訓練營,"腰痛可以分為3種，
兩側痛、中間痛、下方痛，
本期針對下方，你是哪一種？
【支撐鴿式】 30s x3｜腿型篇
【弓步踢腿】 5x3｜腿型篇
【滾筒弓箭步】 10x3｜腿型篇
【瑜珈磚抬腿】 10x3｜骨盆歪
這些動作，都收錄在我的 體態改造計劃 裡
你還有什麼困擾，留言告訴我👇",2025-09-05 13:40,"只做有料內容的5年筋膜講師@yeti.health@pureplus_pureplus瑜珈墊折扣碼【NOAH】
◖ 線上體態班 ◗ 12/22(額滿)
◖ 線下小纖女 ◗ 1/17.18 台北 ⤵",撐不住
mobilitywithnoah,劉書豪 Noah | 小纖女體態訓練營,"每天分享一個健身小知識 Day326💡
◤一個超級酸，但能幫你放鬆肩胛的動作◢
（找很久的源頭，終於找到了！）
很多人說：
「我的手肘卡不進膝蓋！」
那就先換這個版本。
我們每天滑手機、開車、做事，
本來就會養成肩胛「左右不一樣」
沒什麼好意外的。
適度放鬆肩胛，
就能減少高低肩，肩頸痛也跟著少！",2025-09-04 20:02,"只做有料內容的5年筋膜講師@yeti.health@pureplus_pureplus瑜珈墊折扣碼【NOAH】
◖ 線上體態班 ◗ 12/22(額滿)
◖ 線下小纖女 ◗ 1/17.18 台北 ⤵",撐不住
mobilitywithnoah,劉書豪 Noah | 小纖女體態訓練營,"90%的小腹凸出，
都伴隨骨盆前傾，
產後腰痛嚴重的也適合這套
【青蛙前彎】 10x3｜骨盆歪
【靠牆娘娘蹲】 5x3｜骨盆歪
【支撐青蛙】 30sx3｜骨盆歪
【開腿橋式】 8x3｜臀型篇
這些動作，都收錄在我的 體態改造計劃 裡
你還有什麼困擾，留言告訴我👇",2025-09-04 13:19,"只做有料內容的5年筋膜講師@yeti.health@pureplus_pureplus瑜珈墊折扣碼【NOAH】
◖ 線上體態班 ◗ 12/22(額滿)
◖ 線下小纖女 ◗ 1/17.18 台北 ⤵",撐不住
meme_rich_daddy,meme_rich_daddy,過於真實,2024-08-18 12:59,沒有為什麼，我就討厭譁眾取寵的靠爸仔,撐不住
meme_rich_daddy,meme_rich_daddy,新聞都洗掉啦,2024-08-18 11:48,沒有為什麼，我就討厭譁眾取寵的靠爸仔,撐不住
meme_rich_daddy,meme_rich_daddy,"大家都有注意到星宇負面新聞還喬媒體下架
星宇公關團隊果然強大，呵呵",2024-08-18 11:47,沒有為什麼，我就討厭譁眾取寵的靠爸仔,撐不住
meme_rich_daddy,meme_rich_daddy,"沒錯喔，因為平常新聞稿發很多，肯定很認真跟媒體培養關係，這次鳥擊新聞我Google都查不太到，今早查還看到（至少）1-2篇下架咧😁🤣
星粉的愛就是這樣累積起來的，隱惡揚善是很棒的經營策略😗😋～",2024-08-18 10:42,沒有為什麼，我就討厭譁眾取寵的靠爸仔,撐不住
meme_rich_daddy,meme_rich_daddy,"星粉喜歡叫囂
但他們偉大的星宇航空會賜予他們睡機場的美麗體驗",2024-08-17 23:52,沒有為什麼，我就討厭譁眾取寵的靠爸仔,撐不住
meme_rich_daddy,meme_rich_daddy,"今天星宇大誤點，靠爸仔被啪啪打臉
精品航空公關稿到處洗，140億還拿來炒作西雅圖首航，實際上飛機就是不夠，撐不起穩定的經營品質
動不動誤點的飛機，代表你的車票、旅館、會議、行程通通都會遭殃，沒見過世面時間很多的星粉才會把靠爸仔當神在拜",2024-08-17 21:11,沒有為什麼，我就討厭譁眾取寵的靠爸仔,撐不住
meme_rich_daddy,meme_rich_daddy,"趁著遺產新聞還熱，星宇今天幫很多人升艙等，讓大家感覺靠爸仔拿錢分大家，實在很會行銷
明明公司還在虧損，為什麼還帶著大家吃香喝辣呢？社會上一堆XX菁英股票、虛擬貨幣、直銷社團不都是這樣？
能不能永續經營不知道，先略施小惠，想辦法吸引你買機票買股票，圈錢創造現金流再說
公司這樣撒錢，就是要麻痺你的認知，誘導你無視缺點跟風險，四處為他宣傳他的好
這是現在很流行的商業手法，但剛好靠爸仔有爸爸的錢可以撒幣錢滾錢，韭菜很高興，靠爸仔更高興
善用公關團隊還能包裝成「K董好棒」，真有意思～",2024-08-16 17:24,沒有為什麼，我就討厭譁眾取寵的靠爸仔,撐不住
meme_rich_daddy,meme_rich_daddy,"星宇新加坡航班改機型
別忘記星宇自我標榜什麼啊
「台灣唯一有頭等艙的精品航空」
航班時間差，頭等艙也給你臨時拔掉，這算什麼啊
靠爸仔的公關操作真的太成功，騙到一堆人",2024-08-15 08:33,沒有為什麼，我就討厭譁眾取寵的靠爸仔,撐不住
meme_rich_daddy,meme_rich_daddy,"張國煒遺產判決有效確定
然後新聞底下一堆人說「他好有能力」
不懂這個邏輯
獲得很多遺產的能力是什麼能力
很會游泳的能力？還是爸氣🤔？",2024-08-14 18:27,沒有為什麼，我就討厭譁眾取寵的靠爸仔,撐不住
meme_rich_daddy,meme_rich_daddy,就算可以多元上市，張國煒還是發不出股利,2024-08-10 21:40,沒有為什麼，我就討厭譁眾取寵的靠爸仔,撐不住
madulieliang_,AB♡,"沒有人能真正懂孕婦，
情緒突然失控、莫名其妙大哭、動不動就生氣，
有時候自己都搞不懂自己到底怎麼了。
但你知道最讓人崩潰的是什麼嗎？
當你努力在撐、在委屈、在害怕的時候，
身邊的人一句：妳想太多了。
瞬間整個人只剩下：「那我是不是應該閉嘴？」
懷孕這段路，不只是肚子在長大，
還有每天在心裡上演的情緒戰爭：
怕寶寶不健康、怕自己撐不住、怕生完後自己不是自己了，
怕成為別人的負擔，
最怕的是 —— 沒有人看見我正在努力。
其實孕婦很簡單，
我們不要被理解的很完美，
只想有人拍拍我們說：妳已經很棒了，妳很努力了。",2025-06-12 01:35,"✨ New Chapter, New Me ꔚ
👩🏻‍🍼 媽媽的成長 × 寶寶的日常 .ᐟ‪‪.ᐟ
⚡️快電商｜安繞｜重新出發｜全職媽媽｜",撐不住
madulieliang_,AB♡,不是每一份好意，都要被看見；但至少，不該被誤解，好不等於該，願意不等於應該。,2025-06-04 17:09,"✨ New Chapter, New Me ꔚ
👩🏻‍🍼 媽媽的成長 × 寶寶的日常 .ᐟ‪‪.ᐟ
⚡️快電商｜安繞｜重新出發｜全職媽媽｜",撐不住
madulieliang_,AB♡,"懷孕的我不是爆炸，是已經預熱好隨時引爆，
你若不怕，那就來踩我地雷看看。",2025-06-04 07:51,"✨ New Chapter, New Me ꔚ
👩🏻‍🍼 媽媽的成長 × 寶寶的日常 .ᐟ‪‪.ᐟ
⚡️快電商｜安繞｜重新出發｜全職媽媽｜",撐不住
madulieliang_,AB♡,"一個人如果真的夠珍惜，就不會讓另一半在愛裡這麼孤單。
珍惜不是說說而已，是做出讓人感受到的行動，
你沒有做到，不是因為你不會，而是你根本沒想過要做。",2025-05-30 13:54,"✨ New Chapter, New Me ꔚ
👩🏻‍🍼 媽媽的成長 × 寶寶的日常 .ᐟ‪‪.ᐟ
⚡️快電商｜安繞｜重新出發｜全職媽媽｜",撐不住
madulieliang_,AB♡,"清空所有暫存，也許有人會猜測、會誤會、會加料，
但我真的沒有什麼不能說的，只是——不想再說了。
不是怕別人怎麼看我，而是我真的累了,
累到連開口解釋的力氣都沒有，
累到一想到要爭辯、要澄清，就只覺得麻木。
不是沒情緒，而是太多了，
多到我寧可什麼都不說，只想靜靜離開這個吵雜、擁擠、紛紛擾擾的世界。
我不想再解釋我怎麼了，
不想再說「沒事」來安撫別人，
也不想再浪費力氣去爭誰對誰錯。
有些東西不是不重要，而是我已經被消耗到無力再討論。
我想要的很簡單，
就是一點點屬於自己的安靜、屬於內心深處那種真正的平靜。
畢竟我身體裡，還有一個小生命。
我不只是為了自己，我也正在為她撐著、穩住。
我不能亂、不能碎、不能再失控，
所以我選擇安靜、選擇抽離，不是脆弱，是清醒，
如果哪一天我沉默了，不是因為我放棄了這個世界，
而是我終於學會：有些戰爭，不值一提；有些和平，來自內心的放過。
這一次，我不為任何人留下，
我只為自己，為我肚子裡的孩子，慢慢收回那份愛與力量。
就讓我安靜一點吧，
我不想說話，也不想解釋，更不想再爭了。
我只想好好的，穩穩的，從這些消耗裡抽離。",2025-05-30 00:17,"✨ New Chapter, New Me ꔚ
👩🏻‍🍼 媽媽的成長 × 寶寶的日常 .ᐟ‪‪.ᐟ
⚡️快電商｜安繞｜重新出發｜全職媽媽｜",撐不住
na8_uyzo,娜,"和七柱親熱時他們會說什麼話⋯⋯
-
夫妻關係/ ooc致歉/內容為虛構 請勿上升角色
-
行冥：
「
南無…孩子，別怕，貧僧會慢慢來…
」
「
請忍耐一下…馬上就不會再這麼難受了，放心交給貧僧。
」
「
抱歉…如果太痛，我們先停下休息吧，別硬撐著。
」
天元：
「
放輕鬆啊寶貝，又不是第一次了～？
」
「
噓——小點聲，外面有人呢，我可不想讓其他人聽到我老婆的聲音。
」
「
累了？那叫我老公，本大爺就放過你～
」
實彌：
「
喂小鬼——別繃這麼緊啊，這樣我怎麼動？
」
「
嘶…躲什麼啊？看著我，臉不准轉到旁邊。
」
「
蛤？這樣就撐不住了？唉…知道了，我會快點。
」
義勇：
「
………我、我要開始了。
」
「
痛…？…我的手給你，咬著。
」
「
不要了..？…..但我現在，停不太下來。
」
小芭內：
「
閉起眼…別緊張。
」
「
…想喊就喊出來，別憋著。
」
「
會不會累..？會的話我就停….
」
杏壽郎：
「
那麼，少女！我要開始了！
」
「
少女，你似乎有些緊張，放輕鬆，我不會讓你不舒服的！
」
「
少女想休息了嗎！我會快點結束的！
」
無一郎（成年版）：
「
姐姐，準備好了嗎？
」
「
嘶啊…姐姐，放鬆。
」
「
姐姐，還不能睡哦。還沒結束呢？
」",2025-10-09 23:26,"˚.⋆☽ 𝟐𝟎𝟐𝟓.𝟎𝟗.𝟎𝟒 “
-
寫文✍🏻｜隨心發發 
嚴禁抄襲、模仿
-
（轉發可見文章合集）",撐不住
king1104_wu,我叫吳（禕ㄧ） 權跟我唸一遍.可汗家族,"《可汗大叔 × 漢堡強　二刷光復》
有些路，走過一次就會刻在心裡；
有些人，看過一眼就再也放不下。
光復，就是這樣的地方。
第一次進來時，我們看到的是
老人坐在破門口吹冷風、
孩子打開冰箱裡什麼都沒有、
一家人撐著撐著，只剩沉默。
那時我們答應自己——
只要他們還需要，我們就一定會回來。
所以今天，可汗大叔帶著鍋鏟
漢堡強扛著瓦斯，帶著團隊。
兩個人一句話都沒多說，
就這樣默默往光復的方向走。
不是因為我們有多厲害，
而是因為這裡的鄉親，
曾在最無助的時候對我們說：
「你們煮的飯，是我們唯一的溫暖。」
這句話，我們記到現在，忘不了。
所以我們回來，
回來補上一餐熱騰騰的飯、
回來守著還在努力生活的每一個人、
回來把光復再次點亮。
兄弟一起走的路，不會孤單；
為鄉親做的事，也永遠值得。
❤️‍🔥 二刷光復，不是義舉，是心願。
❤️‍🔥 因為那裡有我們牽掛的人。
#可汗大叔義廚團
#漢堡強
#二刷光復
#讓愛繼續滾燙
#花蓮加油",2025-11-19 13:08,#喜劇演員,撐不住
king1104_wu,我叫吳（禕ㄧ） 權跟我唸一遍.可汗家族,"🔥💧 【人散了一些，但心更靠近了】 💧🔥
這次二刷回到光復，
我其實做好了心理準備：
上次一起衝、一起扛、一起煮到半夜的那群兄弟姐妹，
有些因為工作、有些因為家庭，
無法再像第一次那樣，陪我一路站到最後。
當我一個人走進災區那條熟悉的路時，
心裡真的酸了一下——
那不是抱怨，那是一種「原來我們都在長大、都在背負更多」的心酸。但就在那個瞬間我也明白——
能陪一次，是緣分；能陪兩次，是奇蹟。
真正的愛不是綁住誰，而是讓每個人一起，把力量留在最需要的地方。所以我要跟每一位看到這篇文的人說一句：
可汗大叔的志工，從來不要求你全程，但只要你願意伸手，我就在你身邊。你不用會煮飯、不用會切菜、不用會搬東西、你只要願意陪著災民、願意端一碗熱湯、
願意在冷風裡跟他們說「這裡還有人在」——你就已經是他們心裡的一束光。災民永遠不會記得你是誰，
但他們會記得：那天，有一個陌生人讓他吃到第一口熱飯。那天，有人願意蹲在他家門口聽他說幾句委屈。那天，他不是一個人。
我們這次的隊伍確實少了些，
但每個缺口，都在等著「你」來補上。
如果你願意，哪怕只來一餐、只來一趟、只來一瞬間的陪伴——那都是災民一輩子記得的溫暖。",2025-11-17 07:50,#喜劇演員,撐不住
ivan1005_1997,黃巧玲 Ivan,"「體育生最痛的，不是身體累，而是心理撐不住」
比賽輸了，教練的臉色、隊友的沉默，壓得人喘不過氣。不是不努力，而是有時候，光是努力還不夠。這條路，沒人會記得你多辛苦，只會記得你的成績。可只有我們自己知道，那些看不見的壓力，才是最讓人崩潰的。",2025-03-28 19:00,"自媒體｜斜槓｜第二專長｜健康
📍創業合作-零成本零風險的副業
喜歡跑咖、燒肉🤤
偶爾運動🏃什麼都難不倒我（吧🤔",撐不住
ivan1005_1997,黃巧玲 Ivan,"「體育生的孤獨，只有自己懂」
有多少次，你一個人在訓練場加練到深夜？
有多少次，帶傷上場，只因為「不能缺你」？
有多少次，明明很累了，卻還是逼自己撐下去？
體育生的堅強，不是天生的，而是一次次被逼出來的。",2025-03-28 18:30,"自媒體｜斜槓｜第二專長｜健康
📍創業合作-零成本零風險的副業
喜歡跑咖、燒肉🤤
偶爾運動🏃什麼都難不倒我（吧🤔",撐不住
ivan1005_1997,黃巧玲 Ivan,"「體育生的世界，沒人會安慰失敗者」
比賽失利，沒有「下次加油」，只有「你怎麼這麼爛？」
受傷了，不是「你還好嗎？」而是「可以繼續嗎？」
這個世界只看結果，不管過程，沒有人會記得你多努力，只會記得你輸了幾次。這就是體育生的現實，殘酷，卻只能接受。",2025-03-28 18:00,"自媒體｜斜槓｜第二專長｜健康
📍創業合作-零成本零風險的副業
喜歡跑咖、燒肉🤤
偶爾運動🏃什麼都難不倒我（吧🤔",撐不住
ivan1005_1997,黃巧玲 Ivan,"「體育生的友情，和一般人不一樣」
我們沒時間閒聊，沒機會出去玩，但只要比賽輸了，第一個安慰你的，是隊友。訓練時誰都不說話，但只要有人受傷，所有人都圍上來幫忙。體育生的友情，不靠甜言蜜語，而是靠一起拼過的汗水和淚水。",2025-03-28 17:30,"自媒體｜斜槓｜第二專長｜健康
📍創業合作-零成本零風險的副業
喜歡跑咖、燒肉🤤
偶爾運動🏃什麼都難不倒我（吧🤔",撐不住
ivan1005_1997,黃巧玲 Ivan,"「受傷了，沒資格喊痛」
普通人受傷了是休息，體育生受傷了是咬牙硬撐。
普通人流汗了是運動，體育生流汗了只是日常。
普通人累了可以停，體育生累了只能繼續。
因為這條路，根本沒有「休息」這兩個字",2025-03-28 17:00,"自媒體｜斜槓｜第二專長｜健康
📍創業合作-零成本零風險的副業
喜歡跑咖、燒肉🤤
偶爾運動🏃什麼都難不倒我（吧🤔",撐不住
ivan1005_1997,黃巧玲 Ivan,"「你以為體育生體能超好？錯！」
體能是針對專項訓練的，短跑選手不一定能長跑，舉重選手不見得能跑快。我們的體力，不是無敵的，而是為了比賽而生的。所以，別再覺得體育生什麼運動都行了，跨領域運動真的沒你想的簡單！",2025-03-28 16:30,"自媒體｜斜槓｜第二專長｜健康
📍創業合作-零成本零風險的副業
喜歡跑咖、燒肉🤤
偶爾運動🏃什麼都難不倒我（吧🤔",撐不住
ivan1005_1997,黃巧玲 Ivan,"「體育生的朋友圈，真的很單純」
沒時間出去玩，沒心思搞複雜關係，所有的話題不是訓練，就是比賽。朋友圈裡不是教練，就是隊友，感情雖然沒那麼多，但只要一場比賽、一場團練，大家的心就能綁在一起。這就是體育生，簡單卻很真實。",2025-03-28 16:00,"自媒體｜斜槓｜第二專長｜健康
📍創業合作-零成本零風險的副業
喜歡跑咖、燒肉🤤
偶爾運動🏃什麼都難不倒我（吧🤔",撐不住
ivan1005_1997,黃巧玲 Ivan,"「有些人，只是習慣了你，而不是真的愛你」
他不是不愛你，只是懶得換人。他不想花時間去適應新的關係，所以寧願繼續和你在一起。但這不是真正的愛，而是習慣的依賴。愛是心疼，是珍惜，是想給你更多，而不是只因為「懶得改變」。別把習慣當成愛，這樣的關係，遲早會讓你失望。",2025-03-28 15:30,"自媒體｜斜槓｜第二專長｜健康
📍創業合作-零成本零風險的副業
喜歡跑咖、燒肉🤤
偶爾運動🏃什麼都難不倒我（吧🤔",撐不住
ivan1005_1997,黃巧玲 Ivan,"「你很獨立，但這真的是你想要的嗎？」
從小到大，沒人幫你撐傘，你就學會了自己淋雨。習慣了靠自己，習慣了逞強，連受傷了都不願意說。你以為這是成熟，卻忘了，真正的成熟，是在堅強之外，還願意接受別人的愛與幫助。獨立很好，但別讓它成為你不敢依靠的藉口。",2025-03-28 15:00,"自媒體｜斜槓｜第二專長｜健康
📍創業合作-零成本零風險的副業
喜歡跑咖、燒肉🤤
偶爾運動🏃什麼都難不倒我（吧🤔",撐不住
ivan1005_1997,黃巧玲 Ivan,"「你以為體育生體能超好？錯！」
我們的體力是針對專項訓練的！短跑選手不一定能長跑，舉重選手也不見得跑得快。每個運動員的身體素質，都取決於他們的訓練方向，而不是「天生無敵」。所以，別再覺得體育生什麼都能做了，畢竟我們也不是鋼鐵人！",2025-03-28 14:30,"自媒體｜斜槓｜第二專長｜健康
📍創業合作-零成本零風險的副業
喜歡跑咖、燒肉🤤
偶爾運動🏃什麼都難不倒我（吧🤔",撐不住
ivan1005_1997,黃巧玲 Ivan,"「你確定，那是喜歡嗎？」
有些人讓你心跳加速，有些人讓你心安。
前者是生理性的喜歡，來得快，走得也快；
後者是心理性的喜歡，像潤物細無聲的雨，讓人捨不得離開。
所以，你確定，那是喜歡，還是只是一時的心動？",2025-03-28 14:00,"自媒體｜斜槓｜第二專長｜健康
📍創業合作-零成本零風險的副業
喜歡跑咖、燒肉🤤
偶爾運動🏃什麼都難不倒我（吧🤔",撐不住
ivan1005_1997,黃巧玲 Ivan,"「有些人只是陪你走一程，別太勉強了」
不是所有人都能陪你到最後。
有些人的出現，是讓你學會珍惜，
有些人的離開，是讓你學會成長。
緣分有長有短，記得感謝，然後放下。",2025-03-28 13:30,"自媒體｜斜槓｜第二專長｜健康
📍創業合作-零成本零風險的副業
喜歡跑咖、燒肉🤤
偶爾運動🏃什麼都難不倒我（吧🤔",撐不住
ivan1005_1997,黃巧玲 Ivan,"「你總是這麼獨立，其實是沒人可依靠吧？」
從小到大，你什麼都自己來，
開心的時候沒人分享，難過的時候也沒人安慰。
大家都以為你很堅強，卻沒人問過你：「累不累？」
其實，你不是天生獨立，只是沒人給你依靠而已。",2025-03-28 13:00,"自媒體｜斜槓｜第二專長｜健康
📍創業合作-零成本零風險的副業
喜歡跑咖、燒肉🤤
偶爾運動🏃什麼都難不倒我（吧🤔",撐不住
ivan1005_1997,黃巧玲 Ivan,"「長大後才懂，有些人只是習慣你，並不是真的愛你」
愛是心疼，是主動，是給予，
但習慣只是懶得改變，不想重新適應另一個人。
如果一段關係裡，只有你在努力經營，
那麼對方，可能只是習慣有你，而不是愛你。",2025-03-28 12:30,"自媒體｜斜槓｜第二專長｜健康
📍創業合作-零成本零風險的副業
喜歡跑咖、燒肉🤤
偶爾運動🏃什麼都難不倒我（吧🤔",撐不住
ivan1005_1997,黃巧玲 Ivan,"「當我不再主動了，你才發現我的重要？」
我回訊息慢了，你開始緊張；
我不再問候，你開始不習慣；
以前我總是主動，換來的是你的敷衍，
當我學會冷漠了，你才開始後悔？
抱歉，這次我不等你了。",2025-03-28 12:00,"自媒體｜斜槓｜第二專長｜健康
📍創業合作-零成本零風險的副業
喜歡跑咖、燒肉🤤
偶爾運動🏃什麼都難不倒我（吧🤔",撐不住
ivan1005_1997,黃巧玲 Ivan,"「體育生的未來，除了比賽，還能更自由！」
💭 努力訓練十幾年，卻擔心畢業後的出路？
💭 體育生有拚勁、有執行力，但為什麼賺錢的機會這麼少？
如果有方法——
✅ 把我們的專業變成收入
✅ 影響更多人
✅ 不受傷病限制
這樣的機會，你會想試試看嗎？🤔
📩 私訊我聊聊，一起探索新的可能！",2025-03-27 19:00,"自媒體｜斜槓｜第二專長｜健康
📍創業合作-零成本零風險的副業
喜歡跑咖、燒肉🤤
偶爾運動🏃什麼都難不倒我（吧🤔",撐不住
ivan1005_1997,黃巧玲 Ivan,"「別人以為我們只會運動，但我們更懂生存！」
傷病可以毀掉比賽，卻毀不掉我們的意志。沒有舞台了，我們就自己創造！體育生的堅持，放在任何地方都能發光，我們不只是一名選手，我們是拚命想改變未來的人！",2025-03-27 18:30,"自媒體｜斜槓｜第二專長｜健康
📍創業合作-零成本零風險的副業
喜歡跑咖、燒肉🤤
偶爾運動🏃什麼都難不倒我（吧🤔",撐不住
ivan1005_1997,黃巧玲 Ivan,"「體育生，真的只能靠比賽嗎？」
傷病、退役、低薪…我們知道，這條路不容易，但我們不會被侷限！體育生不只會運動，我們更懂得突破、適應、拚搏，無論在哪裡，我們都能創造價值！",2025-03-27 18:00,"自媒體｜斜槓｜第二專長｜健康
📍創業合作-零成本零風險的副業
喜歡跑咖、燒肉🤤
偶爾運動🏃什麼都難不倒我（吧🤔",撐不住
ivan1005_1997,黃巧玲 Ivan,"「體育生的堅持，沒有人看見？」
別人只看到我們站上頒獎台的風光，卻沒看到那些傷痛、淚水、放棄娛樂的日子。但我們從不後悔，因為這條路，是我們選的，怎麼可能輕易放棄！",2025-03-27 17:30,"自媒體｜斜槓｜第二專長｜健康
📍創業合作-零成本零風險的副業
喜歡跑咖、燒肉🤤
偶爾運動🏃什麼都難不倒我（吧🤔",撐不住
ivan1005_1997,黃巧玲 Ivan,"「我們不只是為了比賽！」
我們為了更好的未來，為了爸媽不再擔心，為了證明自己值得被看見。訓練很累，壓力很大，但我們選擇咬牙堅持，因為這條路，我們不能輸！",2025-03-27 16:59,"自媒體｜斜槓｜第二專長｜健康
📍創業合作-零成本零風險的副業
喜歡跑咖、燒肉🤤
偶爾運動🏃什麼都難不倒我（吧🤔",撐不住
ivan1005_1997,黃巧玲 Ivan,"「體育生都很有自信！」
才沒有！我們也會因為表現不好被罵、比賽輸了自責，甚至懷疑自己是不是不夠好，光環背後是我們看不見的壓力！",2025-03-27 16:30,"自媒體｜斜槓｜第二專長｜健康
📍創業合作-零成本零風險的副業
喜歡跑咖、燒肉🤤
偶爾運動🏃什麼都難不倒我（吧🤔",撐不住
ivan1005_1997,黃巧玲 Ivan,"「體育生畢業後只能當教練？」
錯！我們可以當老師、運動科學家、物理治療師，甚至創業，體育生的出路比你想的還多，不只是當教練而已！",2025-03-27 16:00,"自媒體｜斜槓｜第二專長｜健康
📍創業合作-零成本零風險的副業
喜歡跑咖、燒肉🤤
偶爾運動🏃什麼都難不倒我（吧🤔",撐不住
ivan1005_1997,黃巧玲 Ivan,"「體育生休假一定會去運動！」
休假的時候我們根本不想動！能躺就不坐，能睡就不醒，朋友約打球？對不起，今天只想當個廢人！",2025-03-27 15:30,"自媒體｜斜槓｜第二專長｜健康
📍創業合作-零成本零風險的副業
喜歡跑咖、燒肉🤤
偶爾運動🏃什麼都難不倒我（吧🤔",撐不住
ivan1005_1997,黃巧玲 Ivan,"「體育生都不怕受傷！」
誰說的？我們只是習慣了，但不代表不怕！受傷不只是痛，還可能影響比賽、影響未來，每次受傷都是一場心理戰！",2025-03-27 15:00,"自媒體｜斜槓｜第二專長｜健康
📍創業合作-零成本零風險的副業
喜歡跑咖、燒肉🤤
偶爾運動🏃什麼都難不倒我（吧🤔",撐不住
ivan1005_1997,黃巧玲 Ivan,"「體育生都很帥很正！」
帥？正？你見過每天風吹日曬、練到滿身痠痛、流汗黏黏的我們嗎？練習完只想回家睡覺，帥氣都是比賽當天裝出來的！",2025-03-27 14:30,"自媒體｜斜槓｜第二專長｜健康
📍創業合作-零成本零風險的副業
喜歡跑咖、燒肉🤤
偶爾運動🏃什麼都難不倒我（吧🤔",撐不住
ivan1005_1997,黃巧玲 Ivan,"「體育生吃很多不會胖！」
這是天大的誤解！我們要控制飲食、體重、體脂，甚至比一般人還要克制，不然教練一看到就知道我們偷吃了什麼！",2025-03-27 14:00,"自媒體｜斜槓｜第二專長｜健康
📍創業合作-零成本零風險的副業
喜歡跑咖、燒肉🤤
偶爾運動🏃什麼都難不倒我（吧🤔",撐不住
ivan1005_1997,黃巧玲 Ivan,"「體育生都不用讀書吧？」
誰說的！考試還是得考，畢業還是得畢業，補課補考都是家常便飯，我們只是白天流汗，晚上流淚罷了！",2025-03-27 13:30,"自媒體｜斜槓｜第二專長｜健康
📍創業合作-零成本零風險的副業
喜歡跑咖、燒肉🤤
偶爾運動🏃什麼都難不倒我（吧🤔",撐不住
ivan1005_1997,黃巧玲 Ivan,"「體育生都很愛上體育課！」
大錯特錯！我們的訓練強度比體育課還高，真的沒興趣在課堂上再跑一次800公尺，甚至有時候還會被老師抓來當免費助教！",2025-03-27 13:00,"自媒體｜斜槓｜第二專長｜健康
📍創業合作-零成本零風險的副業
喜歡跑咖、燒肉🤤
偶爾運動🏃什麼都難不倒我（吧🤔",撐不住
ivan1005_1997,黃巧玲 Ivan,"「體育生一定很愛運動吧？」
其實，我們有時候比你們還討厭運動，畢竟練習是為了比賽，不是為了興趣，結束訓練後最想做的其實是躺平！",2025-03-27 12:30,"自媒體｜斜槓｜第二專長｜健康
📍創業合作-零成本零風險的副業
喜歡跑咖、燒肉🤤
偶爾運動🏃什麼都難不倒我（吧🤔",撐不住
ivan1005_1997,黃巧玲 Ivan,"「體育生體能超好！」
錯！我們體力是針對專項訓練的，短跑選手不一定能長跑，舉重選手也不見得能跑快！不要再以為體育生都是鋼鐵人了！",2025-03-27 12:00,"自媒體｜斜槓｜第二專長｜健康
📍創業合作-零成本零風險的副業
喜歡跑咖、燒肉🤤
偶爾運動🏃什麼都難不倒我（吧🤔",撐不住
ivan1005_1997,黃巧玲 Ivan,"體育生的夢想，不只是為自己！
我們想讓爸媽放心，
想證明努力是值得的，
想告訴所有人，
這條路，我們走得驕傲！",2025-03-26 20:30,"自媒體｜斜槓｜第二專長｜健康
📍創業合作-零成本零風險的副業
喜歡跑咖、燒肉🤤
偶爾運動🏃什麼都難不倒我（吧🤔",撐不住
ivan1005_1997,黃巧玲 Ivan,"「以後退役怎麼辦？」
這是每個體育生都會遇到的問題。
我們的身體能拼多久？收入能撐多久？
但如果把專業結合自媒體 + AI，
把訓練、經驗、知識變成數位資產，
就能場上拚成績，場下拚收入，
為自己多創造一條穩定的路！
👉 想知道怎麼開始？留言「運動變現」，我告訴你方法！",2025-03-26 20:00,"自媒體｜斜槓｜第二專長｜健康
📍創業合作-零成本零風險的副業
喜歡跑咖、燒肉🤤
偶爾運動🏃什麼都難不倒我（吧🤔",撐不住
ivan1005_1997,黃巧玲 Ivan,"家人的擔心，變成我們的動力！
每一次想放棄時，
想到家人期待的眼神，
就知道，這條路不能白走！",2025-03-26 19:30,"自媒體｜斜槓｜第二專長｜健康
📍創業合作-零成本零風險的副業
喜歡跑咖、燒肉🤤
偶爾運動🏃什麼都難不倒我（吧🤔",撐不住
ivan1005_1997,黃巧玲 Ivan,"家人眼中的我們 VS 現實中的我們
他們以為我們很健康、很有活力，
其實我們滿身傷、壓力大，
但我們不說，因為怕他們擔心！",2025-03-26 19:00,"自媒體｜斜槓｜第二專長｜健康
📍創業合作-零成本零風險的副業
喜歡跑咖、燒肉🤤
偶爾運動🏃什麼都難不倒我（吧🤔",撐不住
ivan1005_1997,黃巧玲 Ivan,"「你這樣練，爸媽會心疼啊！」
但我們知道，
如果我們真的成功，
爸媽會比誰都驕傲！",2025-03-26 18:30,"自媒體｜斜槓｜第二專長｜健康
📍創業合作-零成本零風險的副業
喜歡跑咖、燒肉🤤
偶爾運動🏃什麼都難不倒我（吧🤔",撐不住
ivan1005_1997,黃巧玲 Ivan,"「比賽又沒拿名次，這樣值得嗎？」
不只是冠軍才值得，
每一次突破自己，都是值得的！",2025-03-26 18:00,"自媒體｜斜槓｜第二專長｜健康
📍創業合作-零成本零風險的副業
喜歡跑咖、燒肉🤤
偶爾運動🏃什麼都難不倒我（吧🤔",撐不住
ivan1005_1997,黃巧玲 Ivan,"家人最常問：「還要練到什麼時候？」
我們也想知道答案，
但只要目標還沒達成，
我們就不會停下來！",2025-03-26 17:30,"自媒體｜斜槓｜第二專長｜健康
📍創業合作-零成本零風險的副業
喜歡跑咖、燒肉🤤
偶爾運動🏃什麼都難不倒我（吧🤔",撐不住
ivan1005_1997,黃巧玲 Ivan,"「還是找個穩定的工作吧！」
當家人這樣說，
我們不敢反駁，因為我們也沒把握。
但我們只想再拼一次，不留遺憾！",2025-03-26 17:00,"自媒體｜斜槓｜第二專長｜健康
📍創業合作-零成本零風險的副業
喜歡跑咖、燒肉🤤
偶爾運動🏃什麼都難不倒我（吧🤔",撐不住
ivan1005_1997,黃巧玲 Ivan,"「運動能當飯吃嗎？」
其實我們也怕這條路沒保障，
所以只能更努力，
證明給自己，也證明給家人看！",2025-03-26 16:30,"自媒體｜斜槓｜第二專長｜健康
📍創業合作-零成本零風險的副業
喜歡跑咖、燒肉🤤
偶爾運動🏃什麼都難不倒我（吧🤔",撐不住
ivan1005_1997,黃巧玲 Ivan,"「你練這個能賺錢嗎？」
家人總擔心，
但我們知道，
如果不拚，根本沒機會！",2025-03-26 16:00,"自媒體｜斜槓｜第二專長｜健康
📍創業合作-零成本零風險的副業
喜歡跑咖、燒肉🤤
偶爾運動🏃什麼都難不倒我（吧🤔",撐不住
ivan1005_1997,黃巧玲 Ivan,"「運動員有前途嗎？」
體育生的未來，真的比別人難走。
但我們不是沒前途，
而是要比別人更努力去創造未來！",2025-03-26 15:30,"自媒體｜斜槓｜第二專長｜健康
📍創業合作-零成本零風險的副業
喜歡跑咖、燒肉🤤
偶爾運動🏃什麼都難不倒我（吧🤔",撐不住
ivan1005_1997,黃巧玲 Ivan,"「你們都吃不胖，好羨慕！」
其實我們不是吃不胖，
而是練太累，連長胖的機會都沒有……",2025-03-26 15:00,"自媒體｜斜槓｜第二專長｜健康
📍創業合作-零成本零風險的副業
喜歡跑咖、燒肉🤤
偶爾運動🏃什麼都難不倒我（吧🤔",撐不住
ivan1005_1997,黃巧玲 Ivan,"「你們就是靠體能啊！」
如果體育這麼簡單，
為什麼不是人人都能拿冠軍？
這背後的努力，只有自己知道！",2025-03-26 14:30,"自媒體｜斜槓｜第二專長｜健康
📍創業合作-零成本零風險的副業
喜歡跑咖、燒肉🤤
偶爾運動🏃什麼都難不倒我（吧🤔",撐不住
ivan1005_1997,黃巧玲 Ivan,"「體育生一定超會運動！」
錯！我們有專項，
籃球員不一定會游泳，
田徑選手不一定會踢足球，
別再覺得我們什麼運動都會了！",2025-03-26 14:00,"自媒體｜斜槓｜第二專長｜健康
📍創業合作-零成本零風險的副業
喜歡跑咖、燒肉🤤
偶爾運動🏃什麼都難不倒我（吧🤔",撐不住
ivan1005_1997,黃巧玲 Ivan,"「你們都不用讀書吧？」
誰說體育生不用讀書？
白天訓練、晚上補課，
考試還要自己補進度，
體育生，其實比誰都忙！",2025-03-26 13:30,"自媒體｜斜槓｜第二專長｜健康
📍創業合作-零成本零風險的副業
喜歡跑咖、燒肉🤤
偶爾運動🏃什麼都難不倒我（吧🤔",撐不住
ivan1005_1997,黃巧玲 Ivan,"「運動很簡單啊！」
有些人覺得運動就是跑步、打球，
但只有體育生知道，
技術、體能、戰術、心理素質，
每一個細節都影響勝負！",2025-03-26 12:00,"自媒體｜斜槓｜第二專長｜健康
📍創業合作-零成本零風險的副業
喜歡跑咖、燒肉🤤
偶爾運動🏃什麼都難不倒我（吧🤔",撐不住
ivan1005_1997,黃巧玲 Ivan,"體育生的日常，你真的懂嗎？
「哇～你們是不是每天運動，吃不胖超爽？」
拜託，體育生哪有這麼簡單！
訓練累到沒胃口、傷痛只能硬撐、比賽壓力超大……
但我們還是愛這條路！
只是，這樣拼命，未來呢？
運動員生涯短，收入也不穩定，
難道只有當教練、開工作室這條路嗎？
其實，懂得經營個人品牌，
用健康專業+自媒體，一樣可以變現！
👉 想知道怎麼做？留言「健康變現」，我告訴你方法！",2025-03-25 23:36,"自媒體｜斜槓｜第二專長｜健康
📍創業合作-零成本零風險的副業
喜歡跑咖、燒肉🤤
偶爾運動🏃什麼都難不倒我（吧🤔",撐不住
ivan1005_1997,黃巧玲 Ivan,"體育生的日常對話
「今天練什麼？」
「你有帶護膝嗎？」
「這次比賽報了沒？」
我們的話題，90%都離不開訓練！",2025-03-25 19:00,"自媒體｜斜槓｜第二專長｜健康
📍創業合作-零成本零風險的副業
喜歡跑咖、燒肉🤤
偶爾運動🏃什麼都難不倒我（吧🤔",撐不住
ivan1005_1997,黃巧玲 Ivan,"沒有運動場，就用走廊！
沒場地？沒器材？
對體育生來說，哪裡都能是訓練場，
公園、操場、甚至家裡的地板！",2025-03-25 18:30,"自媒體｜斜槓｜第二專長｜健康
📍創業合作-零成本零風險的副業
喜歡跑咖、燒肉🤤
偶爾運動🏃什麼都難不倒我（吧🤔",撐不住
ivan1005_1997,黃巧玲 Ivan,"體育生的手機相簿
別人是自拍、美食、旅遊照，
我們是動作解析、比賽影片、肌肉訓練紀錄……
我們的「風景」，是訓練場！",2025-03-25 18:00,"自媒體｜斜槓｜第二專長｜健康
📍創業合作-零成本零風險的副業
喜歡跑咖、燒肉🤤
偶爾運動🏃什麼都難不倒我（吧🤔",撐不住
ivan1005_1997,黃巧玲 Ivan,"運動服就是我們的戰袍！
別人出門打扮時尚，
我們出門：「短褲 + 訓練衣 + 拖鞋」，
簡單、舒適、隨時能動起來！",2025-03-25 17:30,"自媒體｜斜槓｜第二專長｜健康
📍創業合作-零成本零風險的副業
喜歡跑咖、燒肉🤤
偶爾運動🏃什麼都難不倒我（吧🤔",撐不住
ivan1005_1997,黃巧玲 Ivan,"體育生的日常 = 
睡覺時間 = 物理治療時間
一般人睡覺是休息，
我們睡覺是修復身體。
拉筋、熱敷、貼止痛貼布，全都是基本配備！",2025-03-25 17:00,"自媒體｜斜槓｜第二專長｜健康
📍創業合作-零成本零風險的副業
喜歡跑咖、燒肉🤤
偶爾運動🏃什麼都難不倒我（吧🤔",撐不住
ivan1005_1997,黃巧玲 Ivan,"體育生的日常
吃東西前，先想今天練什麼！
別人想吃什麼就吃什麼，
我們還得考慮蛋白質夠不夠、
會不會影響訓練狀態……
吃飯，對我們來說不是享受，是補充！",2025-03-25 16:30,"自媒體｜斜槓｜第二專長｜健康
📍創業合作-零成本零風險的副業
喜歡跑咖、燒肉🤤
偶爾運動🏃什麼都難不倒我（吧🤔",撐不住
ivan1005_1997,黃巧玲 Ivan,"體育生的心路歷程
這條路，真的難！
受傷、壓力、沒時間社交……
但每當站上場，聽到歡呼的瞬間，
就覺得一切都值得了！",2025-03-25 16:00,"自媒體｜斜槓｜第二專長｜健康
📍創業合作-零成本零風險的副業
喜歡跑咖、燒肉🤤
偶爾運動🏃什麼都難不倒我（吧🤔",撐不住
ivan1005_1997,黃巧玲 Ivan,"體育生的日常 = 訓練 + 療傷
剛練完腿，走樓梯像80歲；
剛練完手，連洗頭都覺得累。
但我們已經習慣了！",2025-03-25 15:30,"自媒體｜斜槓｜第二專長｜健康
📍創業合作-零成本零風險的副業
喜歡跑咖、燒肉🤤
偶爾運動🏃什麼都難不倒我（吧🤔",撐不住
ivan1005_1997,黃巧玲 Ivan,"你真的喜歡運動嗎？
很多人問我這個問題。
老實說，剛開始只是興趣，
但現在，是責任、是目標、是生活的一部分！",2025-03-25 15:00,"自媒體｜斜槓｜第二專長｜健康
📍創業合作-零成本零風險的副業
喜歡跑咖、燒肉🤤
偶爾運動🏃什麼都難不倒我（吧🤔",撐不住
ivan1005_1997,黃巧玲 Ivan,"你們認為的體育生生活
休息？不存在的！
別人放假是出去玩，
我們放假是冰敷、按摩、拉筋、繼續自主訓練。
因為我們知道，
今天偷懶，明天就可能輸！",2025-03-25 14:30,"自媒體｜斜槓｜第二專長｜健康
📍創業合作-零成本零風險的副業
喜歡跑咖、燒肉🤤
偶爾運動🏃什麼都難不倒我（吧🤔",撐不住
soulripple.y,SoulRipple,很多時候聽到別人說女生太敏感了，但今天有個朋友告訴我說：「不是敏感，是敏銳，像一個雷達一樣時刻捕捉探測自己邊界的事情，維護自己的邊界感和主體性，這是好事。」我覺得說的特別好，不管是男生還是女生，當別人試圖用敏感去掩蓋，說你這個人在多事或者自作多情，其實這就是在掩蓋你的直觀感受和主體性。,2025-06-26 17:17,可是朋友 生命中最重要的事情 是你能真切的感到幸福,撐不住
soulripple.y,SoulRipple,"性不是愛
約會不是愛
擁抱不是愛
24小時全天聊天不是愛
愛是目睹你最糟糕的一面時 依舊愛你
愛是在你崩潰大哭時 會溫柔的告訴你別怕我一直在
愛是在你有負面情緒時 誇讚你身上所有美好的品質
愛是在你看不見的地方依然忠實於你
愛是在你安靜難過時 能聽見你的心聲 讓你笑起來",2025-06-26 17:12,可是朋友 生命中最重要的事情 是你能真切的感到幸福,撐不住
soulripple.y,SoulRipple,任何關係裡，你一定要首先擁有自己的世界，這樣你才可以和別人互相分享各自的世界，而不是去對方的世界找自己的位置。,2025-06-26 17:11,可是朋友 生命中最重要的事情 是你能真切的感到幸福,撐不住
soulripple.y,SoulRipple,建議大家都可以去試試「超市20分鐘效應」，你會發現逛完不是跟誰結婚都一樣的。好的愛人會記住你的口味、生活偏好，甚至消費偏好，會在你猶豫的時候說說想吃就都買。逛完回家路上一起喝剛買的果汁，到家一起洗菜做飯，會讓普通的日子變得幸福具象化。,2025-06-25 22:20,可是朋友 生命中最重要的事情 是你能真切的感到幸福,撐不住
soulripple.y,SoulRipple,人往往只有在最閒的時候才會渴望愛情。這種情況無需治療，只要隨便加兩天班或扣一天工資就藥到病除了，愛來愛去大夏天空調一關就老實了，購物軟件先用後付的錢一扣就老實了，哪來那麼多的分類，還i人e人的，上兩天班就老實了，全都變成死人了。,2025-06-25 22:13,可是朋友 生命中最重要的事情 是你能真切的感到幸福,撐不住
soulripple.y,SoulRipple,"我覺得戀愛交往這件事，不只是為了休息日一起去玩，陪伴和分享，那只是附帶的東西罷了。
互相支撐才是交往的本質，是那些不能在一起的時刻，也能相互成為彼此的力量，是在那些人生艱難時刻只要想起對方，就能又生出幾分勇氣前進的東西。",2025-06-25 22:10,可是朋友 生命中最重要的事情 是你能真切的感到幸福,撐不住
soulripple.y,SoulRipple,"當你在一段關係中猶豫不決時，千萬不要抱著：「之前對方對我很好」「我們曾有過那樣的美好經歷」這種想法，不要用過去的濾鏡去看待當下。
而是用「如果此時此刻我和這個人是剛剛認識，那我還會選擇繼續和對方交往嗎？」的思考方式去抉擇，不要過度懷念沉沒成本。",2025-06-24 22:49,可是朋友 生命中最重要的事情 是你能真切的感到幸福,撐不住
soulripple.y,SoulRipple,人生的容錯率超乎想像。考不上好的大學不會怎樣，找不到好的工作不會怎樣，不結婚不會怎樣，不社交不合群也不會怎樣。人生不會因為某次不達標就徹底完蛋，這個世界也沒有什麼好怕的。壞事還沒發生，你就提前焦慮，就等於壞事發生了兩次。糟心的事已經塵埃落定，你總是耿耿於懷，就等於糟糕了三四回。,2025-06-24 22:47,可是朋友 生命中最重要的事情 是你能真切的感到幸福,撐不住
soulripple.y,SoulRipple,邊界感是對彼此最好的尊重，既然要在一起那就一定要有邊界感，如果這點都意識不到，那一定是存在僥倖心理，享受著和別的異性聊天分享的新鮮感，享受著自己也被其他異性關注的優越感，分享欲就是無聲的告白。如果你做不到專一，就不要去傷害一個把感情看重的人。,2025-06-24 15:08,可是朋友 生命中最重要的事情 是你能真切的感到幸福,撐不住
soulripple.y,SoulRipple,人一定要讀書和運動。因為如果一個人不讀書，那麼他的價值觀就只能由他身邊的人來決定。因為沒有其他的資訊輸入途徑，只能模仿身邊的人，或者逐漸被周圍的環境所影響和改變。會隨著周圍流行什麼而跟隨什麼，永遠無法找到真正的自我。世界上任何書籍都不能帶給你好運，但它能讓你悄悄成為你自己。,2025-06-24 15:08,可是朋友 生命中最重要的事情 是你能真切的感到幸福,撐不住
soulripple.y,SoulRipple,如果害怕拒絕，許多時候可以選擇沉默，沉默是簡言善意最好的手段。真了解你的人會在你沉默時懂得住口，看見你沉默依然喋喋不休、逼迫你的人，基本能判斷出其到底是真善意，還是只想滿足其控制欲，於是你也就完全有理由對其說，關你屁事。,2025-06-24 00:20,可是朋友 生命中最重要的事情 是你能真切的感到幸福,撐不住
soulripple.y,SoulRipple,只要你談過幾次戀愛就會發現，忠貞、坦誠、責任、付出、擔當、自我犧牲這些愛情中珍貴的品質，不是由愛與不愛決定的，是由對方的人品和精神內核決定的。一個自私虛偽懦弱淺薄的人，即便再愛你，他也給不出那些東西。,2025-06-23 16:20,可是朋友 生命中最重要的事情 是你能真切的感到幸福,撐不住
dr_shaocheng_wang,Shao-Cheng Wang,"身為常照顧失智病患的精神科醫師，我常聽到家屬哽咽地說：我不是不愛爸媽，我只是快撐不住了。
照顧失智長輩的困擾，從身體很多疾病、大腦退化、作息混亂，到幻覺妄想，再到一句話要講十遍，搞得所有的人都生氣。
最難的是那種「每天都在耗，卻看不到改善」的無力感。你不是脆弱，你只是太久沒有人問你：你還好嗎？",2025-12-03 07:48,"📚 Threads中文心理健康領域 追蹤數「第一」
🧠 精神科醫師用幽默與真實，讓心理健康變的有溫度
🎤 講座/課程/活動/公益合作，洽ymmed@msn.com
📍 門診時間地點
🏥 高雄長庚醫院
🕘 周二下午 周三上午
🏥 高雄市立大同醫院
🕘 周一上午下午 周二上午 周四夜間",撐不住
dr_shaocheng_wang,Shao-Cheng Wang,身為治療別人也治療自己的精神科醫師，我常覺得如果有人讓你不舒服，就別再硬調頻率，因為被干擾的注意力比什麼都貴。與其花力氣迎合錯的人，不如把專注留給真正能讓你前進的方向。,2025-12-02 08:14,"📚 Threads中文心理健康領域 追蹤數「第一」
🧠 精神科醫師用幽默與真實，讓心理健康變的有溫度
🎤 講座/課程/活動/公益合作，洽ymmed@msn.com
📍 門診時間地點
🏥 高雄長庚醫院
🕘 周二下午 周三上午
🏥 高雄市立大同醫院
🕘 周一上午下午 周二上午 周四夜間",撐不住
dr_shaocheng_wang,Shao-Cheng Wang,"心理韌性強大的真正藝術創作者，respect。
也作為自己持續創作的勉勵‼️",2025-12-01 11:11,"📚 Threads中文心理健康領域 追蹤數「第一」
🧠 精神科醫師用幽默與真實，讓心理健康變的有溫度
🎤 講座/課程/活動/公益合作，洽ymmed@msn.com
📍 門診時間地點
🏥 高雄長庚醫院
🕘 周二下午 周三上午
🏥 高雄市立大同醫院
🕘 周一上午下午 周二上午 周四夜間",撐不住
dr_shaocheng_wang,Shao-Cheng Wang,"身為精神科醫師，我會說：週一最好的心理準備不是打起精神，而是先把心情放回定位。
先穩住呼吸、排好優先順序，告訴自己「我能一步一步來」，這比任何強迫樂觀都更有力量。",2025-12-01 08:29,"📚 Threads中文心理健康領域 追蹤數「第一」
🧠 精神科醫師用幽默與真實，讓心理健康變的有溫度
🎤 講座/課程/活動/公益合作，洽ymmed@msn.com
📍 門診時間地點
🏥 高雄長庚醫院
🕘 周二下午 周三上午
🏥 高雄市立大同醫院
🕘 周一上午下午 周二上午 周四夜間",撐不住
dr_shaocheng_wang,Shao-Cheng Wang,"身為精神科醫師，我知道憂鬱症的確會消耗關係，因為別人不是不愛你，而是也會累、會害怕、會不知道怎麼救你；但這不是你的錯，也不是誰的義務，而是現實的重量。
真正的自我覺察，是明白自己值得被理解，也願意在他人撐不住時學會自救——不是把全部的痛都藏起來，而是一步一步找回能陪自己的力量。",2025-11-30 11:19,"📚 Threads中文心理健康領域 追蹤數「第一」
🧠 精神科醫師用幽默與真實，讓心理健康變的有溫度
🎤 講座/課程/活動/公益合作，洽ymmed@msn.com
📍 門診時間地點
🏥 高雄長庚醫院
🕘 周二下午 周三上午
🏥 高雄市立大同醫院
🕘 周一上午下午 周二上午 周四夜間",撐不住
dr_shaocheng_wang,Shao-Cheng Wang,雖然最近蠻多感觸，但這幾天有點疲勞。,2025-11-29 15:21,"📚 Threads中文心理健康領域 追蹤數「第一」
🧠 精神科醫師用幽默與真實，讓心理健康變的有溫度
🎤 講座/課程/活動/公益合作，洽ymmed@msn.com
📍 門診時間地點
🏥 高雄長庚醫院
🕘 周二下午 周三上午
🏥 高雄市立大同醫院
🕘 周一上午下午 周二上午 周四夜間",撐不住
dr_shaocheng_wang,Shao-Cheng Wang,身為精神科醫師，我聽過太多組織老化成這樣：會議開不完、決策不負責，嘴巴說溝通其實是在下指令，說制度其實是在甩鍋。壓力大到讓工作變成求生遊戲，最後逼人把察言觀色當成唯一技能。,2025-11-28 08:22,"📚 Threads中文心理健康領域 追蹤數「第一」
🧠 精神科醫師用幽默與真實，讓心理健康變的有溫度
🎤 講座/課程/活動/公益合作，洽ymmed@msn.com
📍 門診時間地點
🏥 高雄長庚醫院
🕘 周二下午 周三上午
🏥 高雄市立大同醫院
🕘 周一上午下午 周二上午 周四夜間",撐不住
dr_shaocheng_wang,Shao-Cheng Wang,"身為精神科醫師，我常覺得當個案能把自己的痛描述得越清楚，症狀反而越不用那麼大聲。
那些失眠、心悸、胃痛、胸口悶，其實都是在替說不出口的情緒「代班」。當壓抑的委屈、害怕、受傷，能被好好說出來、被另一個人認真聽見，它們就不再需要用身體來抗議。
真正的自我覺察，不是逼自己想通，而是一步一步、用語言替內在整理，從「不知道自己怎麼了」，走到「原來我一直這麼難過」。而當你開始願意這樣看見自己，症狀就有機會慢慢放手，因為你終於回來照顧自己了。",2025-11-27 10:21,"📚 Threads中文心理健康領域 追蹤數「第一」
🧠 精神科醫師用幽默與真實，讓心理健康變的有溫度
🎤 講座/課程/活動/公益合作，洽ymmed@msn.com
📍 門診時間地點
🏥 高雄長庚醫院
🕘 周二下午 周三上午
🏥 高雄市立大同醫院
🕘 周一上午下午 周二上午 周四夜間",撐不住
dr_shaocheng_wang,Shao-Cheng Wang,"身為精神科醫師，我有時會在門診和個案與家屬解釋：繭居族（hikikomori）與網路遊戲成癮看起來很像，但走到極端時，其實是兩種完全不同的疾病軌道。
最嚴重的遊戲成癮者會變得像「繭居族」：不出門、日夜顛倒、與現實脫節。但另一方面，最嚴重的繭居族連遊戲都不玩，甚至沒有力氣打開電腦，呈現的狀態更接近「憂鬱症的憂鬱症」——melancholic type：
✔ 完全感受不到快樂
✔ 無法啟動行動
✔ 對外界刺激毫無反應
換句話說，遊戲成癮是一種「過度投入外界刺激」，而重度繭居則是「連刺激都喚不起反應」。兩者的治療策略、風險與家屬的介入方式也完全不同。如果身邊有人逐漸從「沉迷遊戲」走向「連遊戲都懶得玩」，那可能是大腦能量正在快速下滑，需要盡快尋求專業協助。",2025-11-26 08:09,"📚 Threads中文心理健康領域 追蹤數「第一」
🧠 精神科醫師用幽默與真實，讓心理健康變的有溫度
🎤 講座/課程/活動/公益合作，洽ymmed@msn.com
📍 門診時間地點
🏥 高雄長庚醫院
🕘 周二下午 周三上午
🏥 高雄市立大同醫院
🕘 周一上午下午 周二上午 周四夜間",撐不住
dr_shaocheng_wang,Shao-Cheng Wang,身為聽過很多人生故事的精神科醫師，我看到人生多半不是被一個決定毀掉，而是被每天的拖延、膽怯和假裝沒事，一邊喊想改變、一邊什麼都不做慢慢耗光。,2025-11-25 11:45,"📚 Threads中文心理健康領域 追蹤數「第一」
🧠 精神科醫師用幽默與真實，讓心理健康變的有溫度
🎤 講座/課程/活動/公益合作，洽ymmed@msn.com
📍 門診時間地點
🏥 高雄長庚醫院
🕘 周二下午 周三上午
🏥 高雄市立大同醫院
🕘 周一上午下午 周二上午 周四夜間",撐不住
dr_shaocheng_wang,Shao-Cheng Wang,昨天和一位老友閒聊，他說到在脆上被別人來亂的不爽感覺。然後我就用最新的Gemini做了下面這張圖，跟他說自從我開始認真發文，時不時都會有這種身上插滿了箭的幻覺🎯🎯🎯,2025-11-25 10:58,"📚 Threads中文心理健康領域 追蹤數「第一」
🧠 精神科醫師用幽默與真實，讓心理健康變的有溫度
🎤 講座/課程/活動/公益合作，洽ymmed@msn.com
📍 門診時間地點
🏥 高雄長庚醫院
🕘 周二下午 周三上午
🏥 高雄市立大同醫院
🕘 周一上午下午 周二上午 周四夜間",撐不住
dr_shaocheng_wang,Shao-Cheng Wang,很喜歡這幅浮世繪《神奈川沖浪裏》，在Gemini的二創下展現了令人驚豔的效果。,2025-11-24 21:04,"📚 Threads中文心理健康領域 追蹤數「第一」
🧠 精神科醫師用幽默與真實，讓心理健康變的有溫度
🎤 講座/課程/活動/公益合作，洽ymmed@msn.com
📍 門診時間地點
🏥 高雄長庚醫院
🕘 周二下午 周三上午
🏥 高雄市立大同醫院
🕘 周一上午下午 周二上午 周四夜間",撐不住
dr_shaocheng_wang,Shao-Cheng Wang,身為精神科醫師，我常說：週一最該整理的不是行事曆，而是心情順序——不和不重要的人計較重要的事，不和重要的人糾結瑣碎的情緒。只專注一件最重要的事，把自己準備好。,2025-11-24 08:18,"📚 Threads中文心理健康領域 追蹤數「第一」
🧠 精神科醫師用幽默與真實，讓心理健康變的有溫度
🎤 講座/課程/活動/公益合作，洽ymmed@msn.com
📍 門診時間地點
🏥 高雄長庚醫院
🕘 周二下午 周三上午
🏥 高雄市立大同醫院
🕘 周一上午下午 周二上午 周四夜間",撐不住
dr_shaocheng_wang,Shao-Cheng Wang,"身為一個最近有點忙的精神科醫師，前天被脆友提醒「365鹽酥雞之亂」時，我的第一個想法其實是：這不是金錢問題，是尊重問題。真正的價值觀衝突，不在於你點了幾樣配料，而是他為什麼急著用一個「拜金」把你的人貼標籤。
當一個人會拿你花的那一點點錢說事，多半是在用羞辱控制你的選擇，順便把自己的不安包裝成道德優越。網路上被他人公開評論時，更容易讓人開始懷疑自己，但請記得：陌生人看到金額，只有你最清楚這段關係裡，誰在付出情感、時間和情緒勞動。
比起算那365元，你更值得算的是——在這段關係裡，我被尊重了嗎？我能安心做自己嗎？如果答案是否定的，那該檢討的不是你的點餐習慣，而是這段讓你越來越焦慮的關係。",2025-11-23 08:57,"📚 Threads中文心理健康領域 追蹤數「第一」
🧠 精神科醫師用幽默與真實，讓心理健康變的有溫度
🎤 講座/課程/活動/公益合作，洽ymmed@msn.com
📍 門診時間地點
🏥 高雄長庚醫院
🕘 周二下午 周三上午
🏥 高雄市立大同醫院
🕘 周一上午下午 周二上午 周四夜間",撐不住
dr_shaocheng_wang,Shao-Cheng Wang,"身為精神科醫師，我常提醒那些總是太用力維繫關係的人：人真的會變，而且不是每個人都會變好。有時候，他們不再隱藏，變得冷淡、計較，甚至忘恩負義。那不是你做錯了什麼，也不是你不夠努力，更不是你可以靠溫柔去治癒的。
為別人出主意不只沒效，我們也無法替他們成長。唯一能做的，是保留你的能量，設立你的界線，溫柔地告訴自己：我值得被好好對待，不是被消耗。",2025-11-22 12:04,"📚 Threads中文心理健康領域 追蹤數「第一」
🧠 精神科醫師用幽默與真實，讓心理健康變的有溫度
🎤 講座/課程/活動/公益合作，洽ymmed@msn.com
📍 門診時間地點
🏥 高雄長庚醫院
🕘 周二下午 周三上午
🏥 高雄市立大同醫院
🕘 周一上午下午 周二上午 周四夜間",撐不住
dr_shaocheng_wang,Shao-Cheng Wang,週六早上門診的路上……,2025-11-22 10:28,"📚 Threads中文心理健康領域 追蹤數「第一」
🧠 精神科醫師用幽默與真實，讓心理健康變的有溫度
🎤 講座/課程/活動/公益合作，洽ymmed@msn.com
📍 門診時間地點
🏥 高雄長庚醫院
🕘 周二下午 周三上午
🏥 高雄市立大同醫院
🕘 周一上午下午 周二上午 周四夜間",撐不住
dr_shaocheng_wang,Shao-Cheng Wang,身為精神科醫師，我最想說的是：越無能的人越想控制別人，不是因為他多強，而是因為他一點能力都沒有面對未來的不確定；但你沒有義務被他的恐懼綁架，設定界線不是挑釁，是在告訴他：混亂是他的，不是你的。,2025-11-21 09:34,"📚 Threads中文心理健康領域 追蹤數「第一」
🧠 精神科醫師用幽默與真實，讓心理健康變的有溫度
🎤 講座/課程/活動/公益合作，洽ymmed@msn.com
📍 門診時間地點
🏥 高雄長庚醫院
🕘 周二下午 周三上午
🏥 高雄市立大同醫院
🕘 周一上午下午 周二上午 周四夜間",撐不住
dr_shaocheng_wang,Shao-Cheng Wang,身為精神科醫師，我想直白說：你心裡那個反覆回放的小黑洞，在別人眼裡可能連預告片都稱不上。與其反覆揣測那些沒禮貌的人為什麼那樣那樣說，不如理解一個事實，他們正困在自己的人生問題，輪不到讓他們來當你情緒的總監。,2025-11-20 08:38,"📚 Threads中文心理健康領域 追蹤數「第一」
🧠 精神科醫師用幽默與真實，讓心理健康變的有溫度
🎤 講座/課程/活動/公益合作，洽ymmed@msn.com
📍 門診時間地點
🏥 高雄長庚醫院
🕘 周二下午 周三上午
🏥 高雄市立大同醫院
🕘 周一上午下午 周二上午 周四夜間",撐不住
dr_shaocheng_wang,Shao-Cheng Wang,"身為一位最近很心累的精神科醫師，我最常戳破的毒雞湯，就是那句「想開一點就好了」；在職場裡，這句話常被拿來蓋住真正的壓力，彷彿問題不在環境，而在你不夠樂觀。
但事實是倦怠不是想不開，而是扛太多；情緒不是太敏感，而是累太久。真正的成長不是要你強顏歡笑，而是願意承認：「我累了」，並給自己一個不再逞強的理由。",2025-11-19 22:41,"📚 Threads中文心理健康領域 追蹤數「第一」
🧠 精神科醫師用幽默與真實，讓心理健康變的有溫度
🎤 講座/課程/活動/公益合作，洽ymmed@msn.com
📍 門診時間地點
🏥 高雄長庚醫院
🕘 周二下午 周三上午
🏥 高雄市立大同醫院
🕘 周一上午下午 周二上午 周四夜間",撐不住
dr_shaocheng_wang,Shao-Cheng Wang,"身為精神科醫師常聽個案說：順風時看到的是人品，落魄時看到的才是人性；但我總提醒他們，別因此急著心冷。因為也正是在你跌倒時，才看得出誰是真的伸手扶你。
與其花力氣分辨誰真誰假，不如練習讓自己足夠安穩，在理解的人面前敢示弱，在不理解的人面前也能站穩——不讓別人的陰影決定你的方向。",2025-11-19 09:07,"📚 Threads中文心理健康領域 追蹤數「第一」
🧠 精神科醫師用幽默與真實，讓心理健康變的有溫度
🎤 講座/課程/活動/公益合作，洽ymmed@msn.com
📍 門診時間地點
🏥 高雄長庚醫院
🕘 周二下午 周三上午
🏥 高雄市立大同醫院
🕘 周一上午下午 周二上午 周四夜間",撐不住
home_aro,地政戰地｜羅帥,"三千萬的房子，
買得起的人其實都有故事。
不是天生有錢，
而是他們很早就理解一件事：
資產，是靠選擇累積，不是靠等待發生。
有人 25 歲買第一間套房，
五年後轉手，再把獲利加上父母的一點支援，
踩著階梯一路往總價 3000 萬靠近。
也有人靠紀律投資，
把每一筆獲利鎖進資產，
等時機一到，直接跨級上車。
買得起的人，不一定最有錢，
但一定最善於把資源放在對的位置。
真正的差別從不是財力，而是布局。
#房地產規劃師 #青埔 #桃園高鐵 
#土地買賣 #房屋買賣 #羅帥 #羅哥",2025-11-30 10:31,"🏡 青埔房地產規劃師｜7 年在地深耕
💼 陪伴 200+ 組家庭與投資人，走過重要的買賣決定
🌟 住宅 × 土地 × 資產布局｜以長期價值為核心
📍 青埔｜委託銷售｜置產諮詢｜自媒體行銷
有想法、或只是想聊聊，我會用心回覆。",撐不住
home_aro,地政戰地｜羅帥,"昨天服務一位高資產客戶後，
又讓我想起一件事：
我為何踏進土地與不動產？
其實原因很單純。
重要的資產決策，需要有人能給出冷靜、準確、站得住的判斷。
這些年看過太多因資訊落差而付出的代價：
有人錯過增值；
有人陷在追高與保守之間，迷失方向。
所以我把複雜的資訊整理成清晰的選項，
讓資產配置變得可控、有方向、看得見未來。
我為自己訂下三條底線：
不給不準確的資訊
不說多餘的承諾
不製造沒有必要的期待
因為我相信…
正確的建議，比任何漂亮話更重要。
初衷走得越久，越能看出它的價值。
不是熱血，而是能撐住時間的態度。
而我依然在這條路上，帶著專業、責任，
也帶著一開始那份乾淨的心。
初衷未變，只是更清晰了。
#青埔房地產規劃師 #土地投資 #羅帥",2025-11-26 17:27,"🏡 青埔房地產規劃師｜7 年在地深耕
💼 陪伴 200+ 組家庭與投資人，走過重要的買賣決定
🌟 住宅 × 土地 × 資產布局｜以長期價值為核心
📍 青埔｜委託銷售｜置產諮詢｜自媒體行銷
有想法、或只是想聊聊，我會用心回覆。",撐不住
home_aro,地政戰地｜羅帥,所有的累，都在成就更高的你,2025-11-26 17:15,"🏡 青埔房地產規劃師｜7 年在地深耕
💼 陪伴 200+ 組家庭與投資人，走過重要的買賣決定
🌟 住宅 × 土地 × 資產布局｜以長期價值為核心
📍 青埔｜委託銷售｜置產諮詢｜自媒體行銷
有想法、或只是想聊聊，我會用心回覆。",撐不住
home_aro,地政戰地｜羅帥,"桃園航空城區段徵收第一期最新資訊：
・第一階段「附近地區 (乙工土地)」的安置土地配售／抽籤結果已於 2023–2024 年間陸續公告。
・安置街廓重選配（土地選配 + 抽籤）在 2025 年已有「富華段 重新選配、並公告結果。
・安置住宅中，第一批約 已於 2024 年年4月抽籤。
・安置街廓土地，總面積約 29 公頃，其中約 27.63 公頃已完成選配。
#尋安置街廓土地 
#區段徵收
#羅帥",2025-11-26 17:14,"🏡 青埔房地產規劃師｜7 年在地深耕
💼 陪伴 200+ 組家庭與投資人，走過重要的買賣決定
🌟 住宅 × 土地 × 資產布局｜以長期價值為核心
📍 青埔｜委託銷售｜置產諮詢｜自媒體行銷
有想法、或只是想聊聊，我會用心回覆。",撐不住
home_aro,地政戰地｜羅帥,今天的堅持，是明天的底氣,2025-11-25 21:40,"🏡 青埔房地產規劃師｜7 年在地深耕
💼 陪伴 200+ 組家庭與投資人，走過重要的買賣決定
🌟 住宅 × 土地 × 資產布局｜以長期價值為核心
📍 青埔｜委託銷售｜置產諮詢｜自媒體行銷
有想法、或只是想聊聊，我會用心回覆。",撐不住
home_aro,地政戰地｜羅帥,"拍到奇怪的人…
#房地產規劃師 #青埔 #買賣推薦 #羅帥 #自媒體 #地政士",2025-11-24 16:17,"🏡 青埔房地產規劃師｜7 年在地深耕
💼 陪伴 200+ 組家庭與投資人，走過重要的買賣決定
🌟 住宅 × 土地 × 資產布局｜以長期價值為核心
📍 青埔｜委託銷售｜置產諮詢｜自媒體行銷
有想法、或只是想聊聊，我會用心回覆。",撐不住
home_aro,地政戰地｜羅帥,一次不行就再試一次，這就是創業者的DNA,2025-11-24 14:50,"🏡 青埔房地產規劃師｜7 年在地深耕
💼 陪伴 200+ 組家庭與投資人，走過重要的買賣決定
🌟 住宅 × 土地 × 資產布局｜以長期價值為核心
📍 青埔｜委託銷售｜置產諮詢｜自媒體行銷
有想法、或只是想聊聊，我會用心回覆。",撐不住
home_aro,地政戰地｜羅帥,把壓力當成推力，讓自己越來越狠,2025-11-24 14:49,"🏡 青埔房地產規劃師｜7 年在地深耕
💼 陪伴 200+ 組家庭與投資人，走過重要的買賣決定
🌟 住宅 × 土地 × 資產布局｜以長期價值為核心
📍 青埔｜委託銷售｜置產諮詢｜自媒體行銷
有想法、或只是想聊聊，我會用心回覆。",撐不住
home_aro,地政戰地｜羅帥,自媒體時代！剪輯不難，做內容才是坎,2025-11-22 12:00,"🏡 青埔房地產規劃師｜7 年在地深耕
💼 陪伴 200+ 組家庭與投資人，走過重要的買賣決定
🌟 住宅 × 土地 × 資產布局｜以長期價值為核心
📍 青埔｜委託銷售｜置產諮詢｜自媒體行銷
有想法、或只是想聊聊，我會用心回覆。",撐不住
home_aro,地政戰地｜羅帥,"有很老！？！？！？！？
#房地產規劃師 #青埔 #自媒體 #年齡",2025-11-21 16:53,"🏡 青埔房地產規劃師｜7 年在地深耕
💼 陪伴 200+ 組家庭與投資人，走過重要的買賣決定
🌟 住宅 × 土地 × 資產布局｜以長期價值為核心
📍 青埔｜委託銷售｜置產諮詢｜自媒體行銷
有想法、或只是想聊聊，我會用心回覆。",撐不住
home_aro,地政戰地｜羅帥,公開新影片剪輯方法❤️ #青埔房地產規劃師 #青埔買賣房地推薦 #青埔房仲 #自媒體,2025-11-19 15:04,"🏡 青埔房地產規劃師｜7 年在地深耕
💼 陪伴 200+ 組家庭與投資人，走過重要的買賣決定
🌟 住宅 × 土地 × 資產布局｜以長期價值為核心
📍 青埔｜委託銷售｜置產諮詢｜自媒體行銷
有想法、或只是想聊聊，我會用心回覆。",撐不住
chloe_yi_xuan,Chloe 克羅依,"下週要去濟州島旅遊
韓國醫美小白想嘗試看看
其實不知道適合做什麼療程，但想要改善毛孔痘疤，也還要讓皮膚補水，看起來像水光肌✨
目前有想做
黃金維針POTENZA無限電波or麗珠蘭紅盒（第一次打要直接做黑盒怕臉撐不住！）
濟州島的PPEUM麗芬聚推嗎🥹
或是有其他濟州島推薦的醫美診所或療程嗎～～大感謝
（除了濟州島外的先不用呦🙅‍♀️）
（在台灣有機打肉毒水光針過，起初效果不錯，好像撐不久？）",2025-12-03 11:46,,撐不住
odlyqi7869985,何藝真,按摩請移步主頁來找我喔,2025-09-26 01:17,"🌸‘ happy ’ ⛅️
「 自由 和 快樂 應該永遠被置頂🔝 」
做個快樂女孩👧✈️私密花園🔗⬇️
賴：@799qydkp",撐不住
odlyqi7869985,何藝真,"有些客人真的太敏感了
我的手只要一滑到他的鼠蹊，他整個人就會抖一下：「妳這樣我會硬…」
我微笑⋯⋯
他：「我真的撐不住了…你那手太會撩」
其實我想說，我真的沒有要撩誰
我只是剛好摸得剛剛好😉",2025-09-26 01:17,"🌸‘ happy ’ ⛅️
「 自由 和 快樂 應該永遠被置頂🔝 」
做個快樂女孩👧✈️私密花園🔗⬇️
賴：@799qydkp",撐不住
odlyqi7869985,何藝真,歡迎主頁來找我，不要找對象，來找按摩,2025-09-25 21:55,"🌸‘ happy ’ ⛅️
「 自由 和 快樂 應該永遠被置頂🔝 」
做個快樂女孩👧✈️私密花園🔗⬇️
賴：@799qydkp",撐不住
odlyqi7869985,何藝真,"總是有人問…我對象怎麼樣？
呃🤔⋯⋯
我對象很好 對鹿很好 對鳥也不錯阿😀",2025-09-25 21:55,"🌸‘ happy ’ ⛅️
「 自由 和 快樂 應該永遠被置頂🔝 」
做個快樂女孩👧✈️私密花園🔗⬇️
賴：@799qydkp",撐不住
odlyqi7869985,何藝真,主頁連結可以找到我,2025-09-25 18:17,"🌸‘ happy ’ ⛅️
「 自由 和 快樂 應該永遠被置頂🔝 」
做個快樂女孩👧✈️私密花園🔗⬇️
賴：@799qydkp",撐不住
odlyqi7869985,何藝真,"女人雙腿間有個惡魔 男人雙腿間有個地獄
如果把惡魔關進地獄  他們會一起上天堂",2025-09-25 18:16,"🌸‘ happy ’ ⛅️
「 自由 和 快樂 應該永遠被置頂🔝 」
做個快樂女孩👧✈️私密花園🔗⬇️
賴：@799qydkp",撐不住
odlyqi7869985,何藝真,歡迎來主頁找我☝️,2025-09-25 16:03,"🌸‘ happy ’ ⛅️
「 自由 和 快樂 應該永遠被置頂🔝 」
做個快樂女孩👧✈️私密花園🔗⬇️
賴：@799qydkp",撐不住
odlyqi7869985,何藝真,"有客人私訊問我
妳穿那麼緊真的不會卡嗎？
會啊，卡到每一步都像在被人摸
但我喜歡🙂
這才叫穿搭有感覺，不然穿來幹嘛？",2025-09-25 16:00,"🌸‘ happy ’ ⛅️
「 自由 和 快樂 應該永遠被置頂🔝 」
做個快樂女孩👧✈️私密花園🔗⬇️
賴：@799qydkp",撐不住
odlyqi7869985,何藝真,歡迎來主頁找我,2025-09-25 14:10,"🌸‘ happy ’ ⛅️
「 自由 和 快樂 應該永遠被置頂🔝 」
做個快樂女孩👧✈️私密花園🔗⬇️
賴：@799qydkp",撐不住
odlyqi7869985,何藝真,"來找我按摩的你們
請專心享受按摩
別把心思放在你的小兄弟上😒",2025-09-25 13:59,"🌸‘ happy ’ ⛅️
「 自由 和 快樂 應該永遠被置頂🔝 」
做個快樂女孩👧✈️私密花園🔗⬇️
賴：@799qydkp",撐不住
odlyqi7869985,何藝真,歡迎主頁來找我按摩,2025-09-25 08:03,"🌸‘ happy ’ ⛅️
「 自由 和 快樂 應該永遠被置頂🔝 」
做個快樂女孩👧✈️私密花園🔗⬇️
賴：@799qydkp",撐不住
odlyqi7869985,何藝真,"認真說
甜甜軟軟的女生…你們是不是最沒抵抗力？
靠近就想吻，抱著就想佔有
別說我沒警告，這種感覺一旦嚐過
就很難放手了😈💋",2025-09-25 08:03,"🌸‘ happy ’ ⛅️
「 自由 和 快樂 應該永遠被置頂🔝 」
做個快樂女孩👧✈️私密花園🔗⬇️
賴：@799qydkp",撐不住
odlyqi7869985,何藝真,歡迎主頁找我 按摩舒壓,2025-09-24 21:24,"🌸‘ happy ’ ⛅️
「 自由 和 快樂 應該永遠被置頂🔝 」
做個快樂女孩👧✈️私密花園🔗⬇️
賴：@799qydkp",撐不住
odlyqi7869985,何藝真,"總有很多客人
按完都問我：要不要喝酒？
不是我矜持 也不是不會喝 
是我還在上班🥹",2025-09-24 21:23,"🌸‘ happy ’ ⛅️
「 自由 和 快樂 應該永遠被置頂🔝 」
做個快樂女孩👧✈️私密花園🔗⬇️
賴：@799qydkp",撐不住
odlyqi7869985,何藝真,主頁可以找到我,2025-09-24 21:13,"🌸‘ happy ’ ⛅️
「 自由 和 快樂 應該永遠被置頂🔝 」
做個快樂女孩👧✈️私密花園🔗⬇️
賴：@799qydkp",撐不住
odlyqi7869985,何藝真,"穿了超短裙子幫客人按摩
姐妹說這樣會被客人看到內
我：有穿安全褲
姐妹：他們也會覺得是內褲
我：那怎辦
姐妹：不要穿就不會被看到
男生真的都把安全褲當內褲嗎？",2025-09-24 21:13,"🌸‘ happy ’ ⛅️
「 自由 和 快樂 應該永遠被置頂🔝 」
做個快樂女孩👧✈️私密花園🔗⬇️
賴：@799qydkp",撐不住
odlyqi7869985,何藝真,"有男生第一次來做芳療
我從他滑過背部時
他輕微抖了一下
我輕輕地問：「這裡痠嗎？」
他咬牙點頭：「你根本知道哪裡最癢…」
不是我會按
是我真的很懂
男人的弱點都寫在身體裡",2025-09-24 14:30,"🌸‘ happy ’ ⛅️
「 自由 和 快樂 應該永遠被置頂🔝 」
做個快樂女孩👧✈️私密花園🔗⬇️
賴：@799qydkp",撐不住
odlyqi7869985,何藝真,主頁可以找到我，幫你找到你的弱點在哪裡,2025-09-24 14:09,"🌸‘ happy ’ ⛅️
「 自由 和 快樂 應該永遠被置頂🔝 」
做個快樂女孩👧✈️私密花園🔗⬇️
賴：@799qydkp",撐不住
odlyqi7869985,何藝真,歡迎來主頁找我喔,2025-09-24 08:43,"🌸‘ happy ’ ⛅️
「 自由 和 快樂 應該永遠被置頂🔝 」
做個快樂女孩👧✈️私密花園🔗⬇️
賴：@799qydkp",撐不住
odlyqi7869985,何藝真,"發現穿細肩吊帶去球館🏋️‍♂️
被搭訕率>穿瑜伽褲去健身房
但穿細肩吊帶不穿內，回頭率真是爆表🤩
認真問
如果今天連胸貼都不貼出門
會被帶走嗎？☺️",2025-09-24 08:42,"🌸‘ happy ’ ⛅️
「 自由 和 快樂 應該永遠被置頂🔝 」
做個快樂女孩👧✈️私密花園🔗⬇️
賴：@799qydkp",撐不住
odlyqi7869985,何藝真,歡迎來主頁找我唷🥰,2025-09-24 00:40,"🌸‘ happy ’ ⛅️
「 自由 和 快樂 應該永遠被置頂🔝 」
做個快樂女孩👧✈️私密花園🔗⬇️
賴：@799qydkp",撐不住
odlyqi7869985,何藝真,"今天在搭捷運時
不小心踩到一個男生的腳
我回頭想說不好意思的
一著急說成了沒意思
結果，那男生瞳孔地震的問我
：「那怎樣才算有意思」
？😦",2025-09-24 00:38,"🌸‘ happy ’ ⛅️
「 自由 和 快樂 應該永遠被置頂🔝 」
做個快樂女孩👧✈️私密花園🔗⬇️
賴：@799qydkp",撐不住
odlyqi7869985,何藝真,主頁加Line給你看,2025-09-23 17:02,"🌸‘ happy ’ ⛅️
「 自由 和 快樂 應該永遠被置頂🔝 」
做個快樂女孩👧✈️私密花園🔗⬇️
賴：@799qydkp",撐不住
odlyqi7869985,何藝真,"剛剛幫一個弟弟按摩
他躺在美容床上看著我的臉說：有眼罩嗎？
我：怎麼了？
他：我不太敢看著妳.. 我怕流鼻血
我：那就不要看啊 
他：但…忍不住不看👀
現在的弟弟都這麼可愛嗎😂
看照不讚，弟弟不站",2025-09-23 17:01,"🌸‘ happy ’ ⛅️
「 自由 和 快樂 應該永遠被置頂🔝 」
做個快樂女孩👧✈️私密花園🔗⬇️
賴：@799qydkp",撐不住
odlyqi7869985,何藝真,"姐妹說，我的內內穿了等同🟰沒有穿
那我是不是以後就都別穿好了",2025-09-23 13:57,"🌸‘ happy ’ ⛅️
「 自由 和 快樂 應該永遠被置頂🔝 」
做個快樂女孩👧✈️私密花園🔗⬇️
賴：@799qydkp",撐不住
odlyqi7869985,何藝真,歡迎主頁➕Line進入藝真的秘密花園,2025-09-23 07:59,"🌸‘ happy ’ ⛅️
「 自由 和 快樂 應該永遠被置頂🔝 」
做個快樂女孩👧✈️私密花園🔗⬇️
賴：@799qydkp",撐不住
odlyqi7869985,何藝真,"我雙腿之間有個地獄  你雙腿之間有個惡魔
當惡魔被關進地獄 我們會一起上天堂",2025-09-23 07:54,"🌸‘ happy ’ ⛅️
「 自由 和 快樂 應該永遠被置頂🔝 」
做個快樂女孩👧✈️私密花園🔗⬇️
賴：@799qydkp",撐不住
odlyqi7869985,何藝真,預約黑色誘惑，主頁連結🔗➕賴喔,2025-09-22 18:32,"🌸‘ happy ’ ⛅️
「 自由 和 快樂 應該永遠被置頂🔝 」
做個快樂女孩👧✈️私密花園🔗⬇️
賴：@799qydkp",撐不住
odlyqi7869985,何藝真,"黑蕾絲細肩吊帶配連體絲襪
黑色的誘惑🫦
穿這樣去上班嘿嘿⋯",2025-09-22 18:02,"🌸‘ happy ’ ⛅️
「 自由 和 快樂 應該永遠被置頂🔝 」
做個快樂女孩👧✈️私密花園🔗⬇️
賴：@799qydkp",撐不住
odlyqi7869985,何藝真,主頁可以找到我,2025-09-22 13:09,"🌸‘ happy ’ ⛅️
「 自由 和 快樂 應該永遠被置頂🔝 」
做個快樂女孩👧✈️私密花園🔗⬇️
賴：@799qydkp",撐不住
odlyqi7869985,何藝真,"為iphone 17 Max打拼
趕著上班去😘",2025-09-22 12:37,"🌸‘ happy ’ ⛅️
「 自由 和 快樂 應該永遠被置頂🔝 」
做個快樂女孩👧✈️私密花園🔗⬇️
賴：@799qydkp",撐不住
odlyqi7869985,何藝真,有約的歡迎主頁點連結🔗➕賴,2025-09-22 10:03,"🌸‘ happy ’ ⛅️
「 自由 和 快樂 應該永遠被置頂🔝 」
做個快樂女孩👧✈️私密花園🔗⬇️
賴：@799qydkp",撐不住
odlyqi7869985,何藝真,"有人說打羽毛球可以分泌多巴胺
快樂僅次於談戀愛🥰",2025-09-22 10:01,"🌸‘ happy ’ ⛅️
「 自由 和 快樂 應該永遠被置頂🔝 」
做個快樂女孩👧✈️私密花園🔗⬇️
賴：@799qydkp",撐不住
odlyqi7869985,何藝真,喜歡的歡迎來主頁加賴,2025-09-21 17:55,"🌸‘ happy ’ ⛅️
「 自由 和 快樂 應該永遠被置頂🔝 」
做個快樂女孩👧✈️私密花園🔗⬇️
賴：@799qydkp",撐不住
odlyqi7869985,何藝真,不尷尬的看過來，主頁🔗➕賴,2025-09-21 13:57,"🌸‘ happy ’ ⛅️
「 自由 和 快樂 應該永遠被置頂🔝 」
做個快樂女孩👧✈️私密花園🔗⬇️
賴：@799qydkp",撐不住
odlyqi7869985,何藝真,穿這條裙子搭地鐵￼完全不行，今天出地鐵在手扶梯上，排我後面的直接蹲下去一排，這場面，我回頭輕輕的笑，我不尷尬，尷尬的就是你們🙃,2025-09-21 13:56,"🌸‘ happy ’ ⛅️
「 自由 和 快樂 應該永遠被置頂🔝 」
做個快樂女孩👧✈️私密花園🔗⬇️
賴：@799qydkp",撐不住
odlyqi7869985,何藝真,制服的誘惑➕賴你也可以享受,2025-09-21 08:58,"🌸‘ happy ’ ⛅️
「 自由 和 快樂 應該永遠被置頂🔝 」
做個快樂女孩👧✈️私密花園🔗⬇️
賴：@799qydkp",撐不住
odlyqi7869985,何藝真,"女生只要一穿上制服
真的就直接變美好幾倍",2025-09-21 08:57,"🌸‘ happy ’ ⛅️
「 自由 和 快樂 應該永遠被置頂🔝 」
做個快樂女孩👧✈️私密花園🔗⬇️
賴：@799qydkp",撐不住
odlyqi7869985,何藝真,"想看秀的來➕Line
主頁連結🔗點點點",2025-09-20 23:16,"🌸‘ happy ’ ⛅️
「 自由 和 快樂 應該永遠被置頂🔝 」
做個快樂女孩👧✈️私密花園🔗⬇️
賴：@799qydkp",撐不住
odlyqi7869985,何藝真,"昨天被客人打槍不會用腳按🙄
今天嘗試了一下，原來腳真的可以很靈活欸
明天是不是可以上演新技能了
😀",2025-09-20 23:15,"🌸‘ happy ’ ⛅️
「 自由 和 快樂 應該永遠被置頂🔝 」
做個快樂女孩👧✈️私密花園🔗⬇️
賴：@799qydkp",撐不住
odlyqi7869985,何藝真,想被誘惑一下的來加Line☝️主頁連結,2025-09-20 17:43,"🌸‘ happy ’ ⛅️
「 自由 和 快樂 應該永遠被置頂🔝 」
做個快樂女孩👧✈️私密花園🔗⬇️
賴：@799qydkp",撐不住
odlyqi7869985,何藝真,"我發現女生只要穿上黑絲襪
就是絕對的誘惑，一定不會錯了
還沒有撈到iphone17promax 2tb
真的比搶到TWICE+Super Junior的票還扯！",2025-09-20 17:42,"🌸‘ happy ’ ⛅️
「 自由 和 快樂 應該永遠被置頂🔝 」
做個快樂女孩👧✈️私密花園🔗⬇️
賴：@799qydkp",撐不住
odlyqi7869985,何藝真,"會按摩也會跳舞
主頁➕Line來感受",2025-09-20 11:14,"🌸‘ happy ’ ⛅️
「 自由 和 快樂 應該永遠被置頂🔝 」
做個快樂女孩👧✈️私密花園🔗⬇️
賴：@799qydkp",撐不住
odlyqi7869985,何藝真,"來按摩的客人都只誇讚我長的漂亮，身材好，美腿，都不誇我的按摩手法，我真的很認真，要讓客人舒壓欸
看見客人舒服，又笑嘻嘻離開，心裡滿滿的安慰",2025-09-20 11:13,"🌸‘ happy ’ ⛅️
「 自由 和 快樂 應該永遠被置頂🔝 」
做個快樂女孩👧✈️私密花園🔗⬇️
賴：@799qydkp",撐不住
odlyqi7869985,何藝真,喜歡的來主頁➕Line,2025-09-19 20:50,"🌸‘ happy ’ ⛅️
「 自由 和 快樂 應該永遠被置頂🔝 」
做個快樂女孩👧✈️私密花園🔗⬇️
賴：@799qydkp",撐不住
odlyqi7869985,何藝真,這樣的身材喜歡嗎🥰,2025-09-19 20:48,"🌸‘ happy ’ ⛅️
「 自由 和 快樂 應該永遠被置頂🔝 」
做個快樂女孩👧✈️私密花園🔗⬇️
賴：@799qydkp",撐不住
odlyqi7869985,何藝真,來@ 主頁加Line讓我勾引一下,2025-09-19 16:26,"🌸‘ happy ’ ⛅️
「 自由 和 快樂 應該永遠被置頂🔝 」
做個快樂女孩👧✈️私密花園🔗⬇️
賴：@799qydkp",撐不住
odlyqi7869985,何藝真,"有人說我的照片都在勾引
我問他：你被勾走了嗎？
他說：有點，但我更想要沒穿的版本
你！有夠貪心的 ❤️",2025-09-19 16:24,"🌸‘ happy ’ ⛅️
「 自由 和 快樂 應該永遠被置頂🔝 」
做個快樂女孩👧✈️私密花園🔗⬇️
賴：@799qydkp",撐不住
odlyqi7869985,何藝真,這樣的胸喜歡的來➕Line☝️主頁連結🔗,2025-09-19 11:43,"🌸‘ happy ’ ⛅️
「 自由 和 快樂 應該永遠被置頂🔝 」
做個快樂女孩👧✈️私密花園🔗⬇️
賴：@799qydkp",撐不住
odlyqi7869985,何藝真,"早上在電梯裡遇到樓上鄰居帶著小孩
這女人在我進電梯的瞬間，竟然把小孩拉到自己身後藏起來，然後很氣憤的跟我說；小姐，拜託出門穿衣服注意一下檢點，不要帶壞小孩子
我超委屈欸！當場爆炸💥
你用哪隻雞眼看出來我不檢點了，乃比你大就是不檢點了嗎？一直沒告訴你，你老公每次可是喜歡得很喔
結果，晚上就就聽到樓上乒乒乓乓⋯⋯
我只說你老公喜歡，有沒有說什麼🙄",2025-09-19 11:41,"🌸‘ happy ’ ⛅️
「 自由 和 快樂 應該永遠被置頂🔝 」
做個快樂女孩👧✈️私密花園🔗⬇️
賴：@799qydkp",撐不住
odlyqi7869985,何藝真,想要享受福利的☝️主頁連結🔗加賴,2025-09-19 00:06,"🌸‘ happy ’ ⛅️
「 自由 和 快樂 應該永遠被置頂🔝 」
做個快樂女孩👧✈️私密花園🔗⬇️
賴：@799qydkp",撐不住
odlyqi7869985,何藝真,"我發現，我的腰和屁股太誘惑了
這可是我給我的熟客們的專屬福利唷💓
每次都是不要 不要 不 要 停 的叫 欸",2025-09-19 00:03,"🌸‘ happy ’ ⛅️
「 自由 和 快樂 應該永遠被置頂🔝 」
做個快樂女孩👧✈️私密花園🔗⬇️
賴：@799qydkp",撐不住
odlyqi7869985,何藝真,想要被我撩的來喔☝️主頁連結🔗➕Line,2025-09-18 19:43,"🌸‘ happy ’ ⛅️
「 自由 和 快樂 應該永遠被置頂🔝 」
做個快樂女孩👧✈️私密花園🔗⬇️
賴：@799qydkp",撐不住
odlyqi7869985,何藝真,"我的嘴巴有一點壞壞
但我的手超級溫柔
按你不是為了撩你
是想讓你忘不了我🥰",2025-09-18 19:41,"🌸‘ happy ’ ⛅️
「 自由 和 快樂 應該永遠被置頂🔝 」
做個快樂女孩👧✈️私密花園🔗⬇️
賴：@799qydkp",撐不住
odlyqi7869985,何藝真,想要試試反應的，主頁連結🔗➕Line☝️,2025-09-18 15:09,"🌸‘ happy ’ ⛅️
「 自由 和 快樂 應該永遠被置頂🔝 」
做個快樂女孩👧✈️私密花園🔗⬇️
賴：@799qydkp",撐不住
odlyqi7869985,何藝真,"做了按摩師後突然能理解男生了
要面對我這樣漂亮的一枚小可愛
碰觸肢體難免會起生理反應
但能不能克制一下自己 不要弄髒我的美容床嗎😑",2025-09-18 15:04,"🌸‘ happy ’ ⛅️
「 自由 和 快樂 應該永遠被置頂🔝 」
做個快樂女孩👧✈️私密花園🔗⬇️
賴：@799qydkp",撐不住
odlyqi7869985,何藝真,"姐妹說；這套衣服被你穿出了人妻感欸
我；那我今天問問客人誰要人妻，出租一個好了啦
真的越看越人妻欸😂",2025-09-18 11:57,"🌸‘ happy ’ ⛅️
「 自由 和 快樂 應該永遠被置頂🔝 」
做個快樂女孩👧✈️私密花園🔗⬇️
賴：@799qydkp",撐不住
odlyqi7869985,何藝真,主頁➕Line與人妻連結🔗,2025-09-18 11:52,"🌸‘ happy ’ ⛅️
「 自由 和 快樂 應該永遠被置頂🔝 」
做個快樂女孩👧✈️私密花園🔗⬇️
賴：@799qydkp",撐不住
odlyqi7869985,何藝真,小可愛已上線，主頁連結🔗點擊連線,2025-09-18 07:06,"🌸‘ happy ’ ⛅️
「 自由 和 快樂 應該永遠被置頂🔝 」
做個快樂女孩👧✈️私密花園🔗⬇️
賴：@799qydkp",撐不住
odlyqi7869985,何藝真,"給大家科普一下棗類品種
紅棗、冬棗、大棗
還有帥哥早🥰",2025-09-18 07:04,"🌸‘ happy ’ ⛅️
「 自由 和 快樂 應該永遠被置頂🔝 」
做個快樂女孩👧✈️私密花園🔗⬇️
賴：@799qydkp",撐不住
odlyqi7869985,何藝真,蓋樓請加賴，主頁點連結🔗,2025-09-17 23:27,"🌸‘ happy ’ ⛅️
「 自由 和 快樂 應該永遠被置頂🔝 」
做個快樂女孩👧✈️私密花園🔗⬇️
賴：@799qydkp",撐不住
odlyqi7869985,何藝真,"深夜福利💓
請問；脆上的男森們，娶一個這樣的老婆回家怎麼樣？
來蓋樓👇",2025-09-17 23:25,"🌸‘ happy ’ ⛅️
「 自由 和 快樂 應該永遠被置頂🔝 」
做個快樂女孩👧✈️私密花園🔗⬇️
賴：@799qydkp",撐不住
odlyqi7869985,何藝真,要陪我一起練的☝️主頁加賴，先解鎖我們的距離,2025-09-17 18:59,"🌸‘ happy ’ ⛅️
「 自由 和 快樂 應該永遠被置頂🔝 」
做個快樂女孩👧✈️私密花園🔗⬇️
賴：@799qydkp",撐不住
odlyqi7869985,何藝真,"最好的姐妹搭子
一起幫客人做服務，一起健身，一起吃喝玩樂
我們倆付兩個私教的錢，享受著整間運動中心的所有教練，這也太爽了吧😜",2025-09-17 18:57,"🌸‘ happy ’ ⛅️
「 自由 和 快樂 應該永遠被置頂🔝 」
做個快樂女孩👧✈️私密花園🔗⬇️
賴：@799qydkp",撐不住
odlyqi7869985,何藝真,"來按摩的客人每一個都只誇我長的漂亮，身材好，都不誇我的按摩手法😣
我真的有在很認真的按摩，要讓客人舒壓
看見客人舒服，又笑嘻嘻離開，心裡真的很有成就感🥹",2025-09-17 15:07,"🌸‘ happy ’ ⛅️
「 自由 和 快樂 應該永遠被置頂🔝 」
做個快樂女孩👧✈️私密花園🔗⬇️
賴：@799qydkp",撐不住
odlyqi7869985,何藝真,想要來感受的主頁加賴喔,2025-09-17 10:39,"🌸‘ happy ’ ⛅️
「 自由 和 快樂 應該永遠被置頂🔝 」
做個快樂女孩👧✈️私密花園🔗⬇️
賴：@799qydkp",撐不住
odlyqi7869985,何藝真,"客人經常會問：
長那麼漂亮，真的會按摩嗎？
漂亮只是我的加分項，手法才是能讓客人念念不忘的密技……",2025-09-17 10:38,"🌸‘ happy ’ ⛅️
「 自由 和 快樂 應該永遠被置頂🔝 」
做個快樂女孩👧✈️私密花園🔗⬇️
賴：@799qydkp",撐不住
odlyqi7869985,何藝真,點主頁連結可以賴我,2025-09-17 00:50,"🌸‘ happy ’ ⛅️
「 自由 和 快樂 應該永遠被置頂🔝 」
做個快樂女孩👧✈️私密花園🔗⬇️
賴：@799qydkp",撐不住
odlyqi7869985,何藝真,"不穿內衣內褲穿睡衣
真的超舒服耶😘",2025-09-17 00:48,"🌸‘ happy ’ ⛅️
「 自由 和 快樂 應該永遠被置頂🔝 」
做個快樂女孩👧✈️私密花園🔗⬇️
賴：@799qydkp",撐不住
odlyqi7869985,何藝真,"很多人都說
這麼年輕漂亮
做什麼不好做按摩師很丟臉？￼
工作沒分貴賤，
只要不偷不搶，
我靠我自己的雙手付出勞動
總比好吃懶做的好吧😞",2025-09-16 21:19,"🌸‘ happy ’ ⛅️
「 自由 和 快樂 應該永遠被置頂🔝 」
做個快樂女孩👧✈️私密花園🔗⬇️
賴：@799qydkp",撐不住
odlyqi7869985,何藝真,加賴唷👆主頁,2025-09-16 16:37,"🌸‘ happy ’ ⛅️
「 自由 和 快樂 應該永遠被置頂🔝 」
做個快樂女孩👧✈️私密花園🔗⬇️
賴：@799qydkp",撐不住
odlyqi7869985,何藝真,"今天脆上的一哥哥在來之前私訊問我說
👦🏻：寶貝，妳今天穿什麼顏色的內衣呀
：基本上我都不穿欸  這樣比較舒服
👦🏻：！！！我馬上到😍",2025-09-16 16:35,"🌸‘ happy ’ ⛅️
「 自由 和 快樂 應該永遠被置頂🔝 」
做個快樂女孩👧✈️私密花園🔗⬇️
賴：@799qydkp",撐不住
odlyqi7869985,何藝真,歡迎主頁來➕賴,2025-09-16 10:05,"🌸‘ happy ’ ⛅️
「 自由 和 快樂 應該永遠被置頂🔝 」
做個快樂女孩👧✈️私密花園🔗⬇️
賴：@799qydkp",撐不住
odlyqi7869985,何藝真,"昨天去夜市買地瓜球好尷尬
👨🏻：小份30，大份50
👩：一份小份謝謝
👨🏻：上一次給你服務很棒欸
👩：….？
👨🏻：偶素禮拜六晚上去找你的啊
阿伯啊 這種事情也不用這時候拿出來認親吧
現在連後面排隊的都知道了🤦🏼‍♀️",2025-09-16 10:00,"🌸‘ happy ’ ⛅️
「 自由 和 快樂 應該永遠被置頂🔝 」
做個快樂女孩👧✈️私密花園🔗⬇️
賴：@799qydkp",撐不住
odlyqi7869985,何藝真,"夏天的海已過期
期待冬季的溫泉，誰來約🥹",2025-09-15 23:40,"🌸‘ happy ’ ⛅️
「 自由 和 快樂 應該永遠被置頂🔝 」
做個快樂女孩👧✈️私密花園🔗⬇️
賴：@799qydkp",撐不住
odlyqi7869985,何藝真,主頁加➕賴  別安慰我,2025-09-15 22:08,"🌸‘ happy ’ ⛅️
「 自由 和 快樂 應該永遠被置頂🔝 」
做個快樂女孩👧✈️私密花園🔗⬇️
賴：@799qydkp",撐不住
odlyqi7869985,何藝真,"今天被客弄疼了😞
好鬱悶😤
什麼都不想說💧",2025-09-15 18:42,"🌸‘ happy ’ ⛅️
「 自由 和 快樂 應該永遠被置頂🔝 」
做個快樂女孩👧✈️私密花園🔗⬇️
賴：@799qydkp",撐不住
odlyqi7869985,何藝真,也想要屬於我的➕主頁賴唷,2025-09-15 11:45,"🌸‘ happy ’ ⛅️
「 自由 和 快樂 應該永遠被置頂🔝 」
做個快樂女孩👧✈️私密花園🔗⬇️
賴：@799qydkp",撐不住
odlyqi7869985,何藝真,"其實我知道，你們喜歡的都只是我的🥛
我的身材而已
不過沒關係，這都是屬於我的",2025-09-15 09:12,"🌸‘ happy ’ ⛅️
「 自由 和 快樂 應該永遠被置頂🔝 」
做個快樂女孩👧✈️私密花園🔗⬇️
賴：@799qydkp",撐不住
odlyqi7869985,何藝真,想見證妖精和天使的➕主頁賴我,2025-09-14 20:34,"🌸‘ happy ’ ⛅️
「 自由 和 快樂 應該永遠被置頂🔝 」
做個快樂女孩👧✈️私密花園🔗⬇️
賴：@799qydkp",撐不住
odlyqi7869985,何藝真,"客人總說我是個妖精🧚‍♀️
但是😋我決定我也是天使😍",2025-09-14 20:33,"🌸‘ happy ’ ⛅️
「 自由 和 快樂 應該永遠被置頂🔝 」
做個快樂女孩👧✈️私密花園🔗⬇️
賴：@799qydkp",撐不住
odlyqi7869985,何藝真,"表白是小孩子做的
成年人請直接勾引💅
紅白搭配不要太豔麗🥰",2025-09-14 10:25,"🌸‘ happy ’ ⛅️
「 自由 和 快樂 應該永遠被置頂🔝 」
做個快樂女孩👧✈️私密花園🔗⬇️
賴：@799qydkp",撐不住
odlyqi7869985,何藝真,主頁可加賴，但不要再讓我扭了,2025-09-13 23:48,"🌸‘ happy ’ ⛅️
「 自由 和 快樂 應該永遠被置頂🔝 」
做個快樂女孩👧✈️私密花園🔗⬇️
賴：@799qydkp",撐不住
odlyqi7869985,何藝真,"干，就因為昨天PO了一個扭腰的視頻
今天一天的客人來都要看我扭腰🤦‍♀️
現在我的腰已成醬子啦😞",2025-09-13 23:46,"🌸‘ happy ’ ⛅️
「 自由 和 快樂 應該永遠被置頂🔝 」
做個快樂女孩👧✈️私密花園🔗⬇️
賴：@799qydkp",撐不住
odlyqi7869985,何藝真,主頁可以➕Line喔,2025-09-13 13:32,"🌸‘ happy ’ ⛅️
「 自由 和 快樂 應該永遠被置頂🔝 」
做個快樂女孩👧✈️私密花園🔗⬇️
賴：@799qydkp",撐不住
odlyqi7869985,何藝真,"剛剛在電梯裏被隔壁老太太投訴穿搭太露👙
我真的超委屈欸
我有沒有真空
只是燈頭太大噗出來了
叫我怎麼辦🙄",2025-09-13 13:32,"🌸‘ happy ’ ⛅️
「 自由 和 快樂 應該永遠被置頂🔝 」
做個快樂女孩👧✈️私密花園🔗⬇️
賴：@799qydkp",撐不住
odlyqi7869985,何藝真,主頁加賴可以扭給你看唷,2025-09-13 01:43,"🌸‘ happy ’ ⛅️
「 自由 和 快樂 應該永遠被置頂🔝 」
做個快樂女孩👧✈️私密花園🔗⬇️
賴：@799qydkp",撐不住
odlyqi7869985,何藝真,"小可愛＋A字裙
沒有內衣也沒有內褲
今天就是想透風涼
等電梯的時候旁邊男生一直偷偷在看我
我突然玩心大起😉
就在他面前這樣一直扭動
接下來就看着他的包慢慢的移動到前面擋住🐦
你知道嗎，有時候不是我穿得太誇張
是你壓抑太久
誰叫我的腰這麼會說話😍",2025-09-13 01:33,"🌸‘ happy ’ ⛅️
「 自由 和 快樂 應該永遠被置頂🔝 」
做個快樂女孩👧✈️私密花園🔗⬇️
賴：@799qydkp",撐不住
odlyqi7869985,何藝真,看過記得來➕Line喔,2025-09-12 19:46,"🌸‘ happy ’ ⛅️
「 自由 和 快樂 應該永遠被置頂🔝 」
做個快樂女孩👧✈️私密花園🔗⬇️
賴：@799qydkp",撐不住
odlyqi7869985,何藝真,"今天幫客人按摩的時候
客人說，跟我換位置，我躺下他來幫我按
不是啊！我躺下你真的只是幫我按摩🥹
真的忍得住嗎😉",2025-09-12 19:46,"🌸‘ happy ’ ⛅️
「 自由 和 快樂 應該永遠被置頂🔝 」
做個快樂女孩👧✈️私密花園🔗⬇️
賴：@799qydkp",撐不住
odlyqi7869985,何藝真,可主頁加賴喔,2025-09-12 11:20,"🌸‘ happy ’ ⛅️
「 自由 和 快樂 應該永遠被置頂🔝 」
做個快樂女孩👧✈️私密花園🔗⬇️
賴：@799qydkp",撐不住
odlyqi7869985,何藝真,"不是我怕太露
只是剛好讓你一直往下滑
也不是想引誘
只是這樣的身材你不看
別人會看、會想、會來敲我
每次 加賴都會有人問我
「妳這樣會不會太高調」
當然不會
我本就不是低調的貨色🤨",2025-09-12 10:25,"🌸‘ happy ’ ⛅️
「 自由 和 快樂 應該永遠被置頂🔝 」
做個快樂女孩👧✈️私密花園🔗⬇️
賴：@799qydkp",撐不住
yumei_66fan,yumei,"幾年前因為體型夠壯，護士說血液品質不錯，建議可以多捐一些。想說應該還好吧，結果眼前一片黑，感覺冷，大概有種人生跑馬燈的體驗。護士嚇到速速給我毛毯，最後乾脆整台捐血車送我回家。。。一直跟我道歉，給我很多營養品也不停慰問。
所以抽血捐血這種事真的不簡單，你不會知道本來體格好的人居然也會抽血抽太多而虛弱暈倒。
心疼那些莫名被抽血實驗的學生，到底是什麼名目這樣欺負學生踐踏人家的寶貝，權勢跟金錢永遠考驗人性，不要欺負善良的人，會有報應。",2025-07-17 20:04,"逼型處女座♡
不愛裝熟 基本上打招呼可以
按讚可以 奇怪的企圖不可以
發發廢文 （嚼嚼嚼
 #Taiwan #kaohsiung",虛弱
yumei_66fan,yumei,快正式39歲了，最近的自拍都是滿滿安慰。雖然還是有化妝跟濾鏡，但如果沒有保養可能更糟，期許之後40幾歲能更好，早上半杯蛋白飲，中午稍微吃飽，晚上兩口飯，就是滿足的一天。女人的氣色真的很重要，可以長得普通，但盡量保養打扮自己，對自己有要求，相信每天都會開開心心充滿感恩。,2025-07-17 15:44,"逼型處女座♡
不愛裝熟 基本上打招呼可以
按讚可以 奇怪的企圖不可以
發發廢文 （嚼嚼嚼
 #Taiwan #kaohsiung",虛弱
neuropathy32,韓翔,"低血鉀 (血鉀過低)
症狀：疲勞、虛弱無力、抽筋、失眠、心律不整，長期下來可能導致高血壓、腎結石和骨質流失。
原因：飲食攝取不足、過度流汗、腹瀉、嘔吐，或服用會增加鉀排泄的藥物。
結論：
你是鉀。",2025-11-29 19:07,"ㆍ監控人類
ㆍ文案圖書館
ㆍ神經病日記本",虛弱
neuropathy32,韓翔,"⠀⠀ ⠀
⠀
⠀
⠀ 能把我這麼溫和的人惹毛那我真的無話可說
⠀
⠀
⠀",2025-11-28 23:52,"ㆍ監控人類
ㆍ文案圖書館
ㆍ神經病日記本",虛弱
neuropathy32,韓翔,"⠀⠀ ⠀
⠀
⠀
我看到他們都在罵你時 我忍不住哭了
我怎麼就沒有想那些話呢
⠀
⠀
⠀",2025-11-27 23:59,"ㆍ監控人類
ㆍ文案圖書館
ㆍ神經病日記本",虛弱
neuropathy32,韓翔,"⠀⠀ ⠀
⠀
⠀
⠀ 時間久了你就知道誰洗澡不穿衣服
⠀
⠀
⠀",2025-11-26 23:41,"ㆍ監控人類
ㆍ文案圖書館
ㆍ神經病日記本",虛弱
neuropathy32,韓翔,"⠀⠀ ⠀
⠀
⠀
⠀ 我屬於那種一覺得麻煩就不想要了的人
⠀
⠀
⠀",2025-11-26 00:17,"ㆍ監控人類
ㆍ文案圖書館
ㆍ神經病日記本",虛弱
neuropathy32,韓翔,"⠀⠀ ⠀
⠀
⠀
⠀ 原計劃的我現在應該要睡得很香
⠀
⠀
⠀",2025-11-24 23:30,"ㆍ監控人類
ㆍ文案圖書館
ㆍ神經病日記本",虛弱
neuropathy32,韓翔,"⠀⠀ ⠀
⠀
⠀
⠀ 有時也不知道這一年我是怎麼活過來的
⠀
⠀
⠀",2025-11-23 23:24,"ㆍ監控人類
ㆍ文案圖書館
ㆍ神經病日記本",虛弱
neuropathy32,韓翔,"⠀⠀ ⠀
⠀
⠀
⠀ 每次報復性消費完發現被報復到的只有自己
⠀
⠀
⠀",2025-11-23 00:00,"ㆍ監控人類
ㆍ文案圖書館
ㆍ神經病日記本",虛弱
neuropathy32,韓翔,"⠀⠀ ⠀
⠀
⠀
⠀⠀每到冬天腳就會變成：世界上最小的冰島
⠀
⠀
⠀",2025-11-21 23:48,"ㆍ監控人類
ㆍ文案圖書館
ㆍ神經病日記本",虛弱
neuropathy32,韓翔,"⠀⠀ ⠀
⠀
⠀
⠀ 想窮就窮想慘就慘 我的人生輕鬆掌握
⠀
⠀
⠀",2025-11-20 23:18,"ㆍ監控人類
ㆍ文案圖書館
ㆍ神經病日記本",虛弱
neuropathy32,韓翔,"⠀⠀ ⠀
⠀
⠀
⠀ 突然意識到自己明年的年齡有點過於嚴肅
⠀
⠀
⠀",2025-11-19 23:36,"ㆍ監控人類
ㆍ文案圖書館
ㆍ神經病日記本",虛弱
neuropathy32,韓翔,"⠀⠀ ⠀
⠀
⠀
⠀ 還要再做多少壞事才配得上我得到的報應
⠀
⠀
⠀",2025-11-18 23:45,"ㆍ監控人類
ㆍ文案圖書館
ㆍ神經病日記本",虛弱
neuropathy32,韓翔,"⠀⠀ ⠀
⠀
⠀
⠀ 睡前五分鐘是我玩手機最快樂的八小時
⠀
⠀
⠀",2025-11-17 23:26,"ㆍ監控人類
ㆍ文案圖書館
ㆍ神經病日記本",虛弱
neuropathy32,韓翔,"⠀⠀ ⠀
⠀
⠀
⠀ 每次電話費跟搶劫有什麼區別 我根本沒講電話
⠀
⠀
⠀",2025-11-17 10:22,"ㆍ監控人類
ㆍ文案圖書館
ㆍ神經病日記本",虛弱
neuropathy32,韓翔,"⠀⠀ ⠀
⠀
⠀
⠀ 有人喜歡犬系男孩嗎 我他媽活得跟狗一樣
⠀
⠀
⠀",2025-11-15 23:41,"ㆍ監控人類
ㆍ文案圖書館
ㆍ神經病日記本",虛弱
afratarot,Afra Wang,"天呀！今天收到超級驚喜的禮物啊！！！
想了好久的 #阿嘉莎無所不在 #漫威  #塔羅牌
看到本牌真是太開心啦~~~~",2025-11-12 21:15,"專精×偉特塔羅師×潛意識翻譯者
意識與潛意識的交界處，藏有難題，也帶有豐盛。
💖預約諮詢請加line ID : @434diqzi",虛弱
verena2019_wave,verena_wave,"就是這個人！！！
水軍是不是💢💢💢💢
沒憑沒據的說于媽走了
難怪昨天很多人發文哭了
事實證明
我家于媽活得好好得 
只是身體虛弱
大家 我們不去罵他
但可以勸他幾句🤣🤣🤣",2025-10-14 14:08,"#于朦朧
瘋狂又能安靜的女子
我能對你溫柔
也能對你不屑
取決你對我的態度",虛弱
verena2019_wave,verena_wave,"今天第33天 
朦朧 跟你說
這幾天流傳一堆有關你真假消息
還一堆人信了 
你說誇不誇張 
甚至還說于媽走了 
還未經證實就發文 
就自己發文哭了？？
我真的很想回他們 
到底在靠~山~小~
啊~忘記你不會台語 🤣🤣🤣
好消息是現世報開始了 期待吧 連署破30幾萬了 
我還拉了幾個朋友連署哦
只是夢到你在牆壁裡跟我說話ㄟ
好怪的夢",2025-10-14 13:12,"#于朦朧
瘋狂又能安靜的女子
我能對你溫柔
也能對你不屑
取決你對我的態度",虛弱
verena2019_wave,verena_wave,"32天
朦朧應該這幾天有吃到草莓蛋糕吧 😂😂😂
希望你吃的圓圓臉 別再瘦了 
好好吃 
好好的在天上面看著很多人想著你 念著你 
昨天 我試著連結你
突然間
看到你跟著佛母來 
穿著淺藍色 淺紫色很仙的衣服
這兩色會變來變去
坐在我床邊 幫我擦眼淚 
笑著說我哭得好醜 
因為我昨天哭到不能自己
你還摸我的頭說 不哭不哭了
我沒想到的是 小福麗也來了
牠跟你一樣 靜靜舔我的手 
好像在跟我說 不哭不哭小姐姐
我口中還叫你朦朧仙君 
（其實我也不知為何這樣叫你）
你始終笑著看我 
問你好嗎 你說你很好 
手還在摸我的頭 嘴角微微笑著 怎辦 我很怕自己是幻想的 因為我是第一次這樣做 
謝謝您 朦朧仙君 你好好的 就好",2025-10-13 01:11,"#于朦朧
瘋狂又能安靜的女子
我能對你溫柔
也能對你不屑
取決你對我的態度",虛弱
verena2019_wave,verena_wave,"今天天赦日
一年中少數幾個好日子
祈求家人平安健康外
還跟天公伯伯說了有關你的事
哈~
願你的事早日水落石出
🥹🥹🥹🥹🥹
天空跟天氣都滿好的
你也要好好的喔",2025-10-06 16:13,"#于朦朧
瘋狂又能安靜的女子
我能對你溫柔
也能對你不屑
取決你對我的態度",虛弱
verena2019_wave,verena_wave,"哈哈哈哈哈
😍😍😍
我正在看你演的明月曾照江東寒
剛好中秋節 
剛好2020的你 可可愛愛 肉肉臉
眼神都是光 
朦朧 想你了 你好嗎？
這是你離開的第25天 
你在另一個世界很好對吧🥹",2025-10-06 08:21,"#于朦朧
瘋狂又能安靜的女子
我能對你溫柔
也能對你不屑
取決你對我的態度",虛弱
verena2019_wave,verena_wave,"只要心裏有希望有種子
春天一定會來
🫶🫶🫶會的
朦朧",2025-10-05 15:14,"#于朦朧
瘋狂又能安靜的女子
我能對你溫柔
也能對你不屑
取決你對我的態度",虛弱
verena2019_wave,verena_wave,"第24天
中秋快樂 
朦朦",2025-10-05 06:49,"#于朦朧
瘋狂又能安靜的女子
我能對你溫柔
也能對你不屑
取決你對我的態度",虛弱
verena2019_wave,verena_wave,想見你 想見你 想見你,2025-10-04 22:10,"#于朦朧
瘋狂又能安靜的女子
我能對你溫柔
也能對你不屑
取決你對我的態度",虛弱
verena2019_wave,verena_wave,"第23天 想你的心沒變
（一傘煙雨）
是你留給我們的最後一部影劇
影片中的你已瘦到都是尖的
我跟你說 我看劇時 
有發現疑似你的有被打的痕跡
是在第6集 
我反複看 看了好多次
因為你下個片段就沒了 
可這個瘀青 真的太明顯了
這是陰影嗎？
大家能幫忙一起看嗎？
每每你哭戲 
都讓我跟著你一起哭到淚流滿面",2025-10-04 12:22,"#于朦朧
瘋狂又能安靜的女子
我能對你溫柔
也能對你不屑
取決你對我的態度",虛弱
verena2019_wave,verena_wave,"😭😭😭😭😭
還沒看的人 
大家快去看 一傘煙雨",2025-10-03 17:54,"#于朦朧
瘋狂又能安靜的女子
我能對你溫柔
也能對你不屑
取決你對我的態度",虛弱
verena2019_wave,verena_wave,"第22天
正在看朦朧你演的一傘煙雨
一會笑得很開心
一會哭得不能自己
😂🥹😂🥹😂🥹
裏頭有段台詞
你說：
對於所有人而言
只要我活著
對他們來說就是一種罪過
😭😭😭😭😭
我一聽眼淚掉不停
天啊
這是誰寫的爛台詞啦
我討厭這段話啦",2025-10-03 05:16,"#于朦朧
瘋狂又能安靜的女子
我能對你溫柔
也能對你不屑
取決你對我的態度",虛弱
verena2019_wave,verena_wave,"這是脆友做的有關朦朧的歌單歐
大家歡迎下載來聽",2025-10-02 20:23,"#于朦朧
瘋狂又能安靜的女子
我能對你溫柔
也能對你不屑
取決你對我的態度",虛弱
verena2019_wave,verena_wave,"這時的你 已經被威脅了
如果這時有人拉著你跑掉
現在你就還在對吧",2025-10-02 16:08,"#于朦朧
瘋狂又能安靜的女子
我能對你溫柔
也能對你不屑
取決你對我的態度",虛弱
verena2019_wave,verena_wave,"朦朧
今天是你離開的第21天
感覺還是很不真實
感覺你出事的那天
只是假消息
你只是暫時退隱這紛雜的世界
讓自己好好休息
看有人把你的第二張照貼在往生石上 
還是我最愛你穿紅色外套代言照
也是你說好的外套真的不透風
我~又鼻酸了（不好意思🥹）
你是真的離開了
我在想
會不會很多想念你的人
把往生石貼滿你的照呢😂
改天 會出現 朦朧專屬天使石吧",2025-10-02 14:46,"#于朦朧
瘋狂又能安靜的女子
我能對你溫柔
也能對你不屑
取決你對我的態度",虛弱
verena2019_wave,verena_wave,"檸檬們 
不要說堅持沒有用
我們加油
送藝人電視下架
沙仁范
焦邁奇
演唱會票賣不掉
好開心好開心好開心
2025/10/01
最開心的事
(⁠ ⁠ꈍ⁠ᴗ⁠ꈍ⁠)
朦朦你有看到對吧！！！
天啊~我好想大叫",2025-10-01 23:06,"#于朦朧
瘋狂又能安靜的女子
我能對你溫柔
也能對你不屑
取決你對我的態度",虛弱
verena2019_wave,verena_wave,"你離開的第20天
世界沒有不同
就是少了一個你
😮‍💨
這是你2024年回家鄉烏魯木齊
你很開心的說 
你終於打卡這個景點叫六館一心
🥹原來你出生長大的地方
這麼漂亮 這麼藝術
我把照片先存起來
找個機會去看看 你去過的美景",2025-10-01 09:51,"#于朦朧
瘋狂又能安靜的女子
我能對你溫柔
也能對你不屑
取決你對我的態度",虛弱
do_not_touch_math_,スススア🦭,"我要懺悔
我非常喜歡看有嘔吐元素的百合
😋😋😋
好虛弱好喜歡喔",2025-11-18 18:18,"百合！爽！衝刺衝刺🏃💥💥⚡️⚡️⚡️
莉波P 百合雜食黨",虛弱
do_not_touch_math_,スススア🦭,"萬代…..
開！",2025-11-18 12:06,"百合！爽！衝刺衝刺🏃💥💥⚡️⚡️⚡️
莉波P 百合雜食黨",虛弱
do_not_touch_math_,スススア🦭,嘴對嘴,2025-11-17 18:16,"百合！爽！衝刺衝刺🏃💥💥⚡️⚡️⚡️
莉波P 百合雜食黨",虛弱
do_not_touch_math_,スススア🦭,他看起來要拿吹箭射死我…..,2025-11-17 18:14,"百合！爽！衝刺衝刺🏃💥💥⚡️⚡️⚡️
莉波P 百合雜食黨",虛弱
do_not_touch_math_,スススア🦭,"燕你太近了😭😭😭
粗眉毛可愛捏",2025-11-17 16:21,"百合！爽！衝刺衝刺🏃💥💥⚡️⚡️⚡️
莉波P 百合雜食黨",虛弱
do_not_touch_math_,スススア🦭,"謝謝萬代😔
現在都固定囤100抽
多的就抽其他池",2025-11-17 07:46,"百合！爽！衝刺衝刺🏃💥💥⚡️⚡️⚡️
莉波P 百合雜食黨",虛弱
do_not_touch_math_,スススア🦭,我對我的名片擺放很有自信,2025-11-16 20:13,"百合！爽！衝刺衝刺🏃💥💥⚡️⚡️⚡️
莉波P 百合雜食黨",虛弱
do_not_touch_math_,スススア🦭,"燕的小表情好可愛🥹
原本沒有打算抽的 看到支援卡卡面後意願大漲",2025-11-16 11:57,"百合！爽！衝刺衝刺🏃💥💥⚡️⚡️⚡️
莉波P 百合雜食黨",虛弱
do_not_touch_math_,スススア🦭,"想畫
We often choose our favorite characters because we see ourselves in them.😋😋😋🙏
前提是要我畫的出來
我真的不會畫手😭😭😭😭😭",2025-11-15 19:45,"百合！爽！衝刺衝刺🏃💥💥⚡️⚡️⚡️
莉波P 百合雜食黨",虛弱
do_not_touch_math_,スススア🦭,"忘記他出版了😭😭😭
這作品是真的好看 好愛啊",2025-11-15 15:51,"百合！爽！衝刺衝刺🏃💥💥⚡️⚡️⚡️
莉波P 百合雜食黨",虛弱
do_not_touch_math_,スススア🦭,有點後悔沒預購了😭😭😭,2025-11-15 15:28,"百合！爽！衝刺衝刺🏃💥💥⚡️⚡️⚡️
莉波P 百合雜食黨",虛弱
do_not_touch_math_,スススア🦭,探查挖煤工,2025-11-15 14:51,"百合！爽！衝刺衝刺🏃💥💥⚡️⚡️⚡️
莉波P 百合雜食黨",虛弱
do_not_touch_math_,スススア🦭,是的我又又又又去貓咖了😋😋😋😋😋,2025-11-15 14:50,"百合！爽！衝刺衝刺🏃💥💥⚡️⚡️⚡️
莉波P 百合雜食黨",虛弱
do_not_touch_math_,スススア🦭,為什麼手機版的妮姬變成橫式的😔👊🏻,2025-11-15 12:21,"百合！爽！衝刺衝刺🏃💥💥⚡️⚡️⚡️
莉波P 百合雜食黨",虛弱
do_not_touch_math_,スススア🦭,好美啊😭😭😭,2025-11-15 11:59,"百合！爽！衝刺衝刺🏃💥💥⚡️⚡️⚡️
莉波P 百合雜食黨",虛弱
do_not_touch_math_,スススア🦭,出來印無料手上怎麼多了3包啊😋🤔,2025-11-15 11:29,"百合！爽！衝刺衝刺🏃💥💥⚡️⚡️⚡️
莉波P 百合雜食黨",虛弱
do_not_touch_math_,スススア🦭,"明天早起能去印各種bbno$的無料
好爽喔😋😋😋🤝
感謝開放ibon 的各位",2025-11-15 01:14,"百合！爽！衝刺衝刺🏃💥💥⚡️⚡️⚡️
莉波P 百合雜食黨",虛弱
do_not_touch_math_,スススア🦭,我將衝鋒,2025-11-14 22:39,"百合！爽！衝刺衝刺🏃💥💥⚡️⚡️⚡️
莉波P 百合雜食黨",虛弱
do_not_touch_math_,スススア🦭,"好可愛….
他叫馬克白",2025-11-14 19:01,"百合！爽！衝刺衝刺🏃💥💥⚡️⚡️⚡️
莉波P 百合雜食黨",虛弱
do_not_touch_math_,スススア🦭,"不是 台灣好多好好看的BBNO$無料😭
我要哭死 台北對我來說太貴太遠了",2025-11-14 12:34,"百合！爽！衝刺衝刺🏃💥💥⚡️⚡️⚡️
莉波P 百合雜食黨",虛弱
do_not_touch_math_,スススア🦭,"剛剛滑了一下推特
莉波真的好多女p同人文
好吃的😋🤝 愛百合",2025-11-14 11:51,"百合！爽！衝刺衝刺🏃💥💥⚡️⚡️⚡️
莉波P 百合雜食黨",虛弱
do_not_touch_math_,スススア🦭,這八竿子打不著,2025-11-14 10:19,"百合！爽！衝刺衝刺🏃💥💥⚡️⚡️⚡️
莉波P 百合雜食黨",虛弱
do_not_touch_math_,スススア🦭,"淺摸一下😋👊🏻
明年有強擊努還有小海灣的黏土人
太好啦！
雙馬尾畫短了",2025-11-13 19:39,"百合！爽！衝刺衝刺🏃💥💥⚡️⚡️⚡️
莉波P 百合雜食黨",虛弱
do_not_touch_math_,スススア🦭,"有沒有學馬佬來救我😭😭😭
我不是已經過完初星課題了嗎
怎麼突然鎖競技場",2025-11-13 12:11,"百合！爽！衝刺衝刺🏃💥💥⚡️⚡️⚡️
莉波P 百合雜食黨",虛弱
do_not_touch_math_,スススア🦭,"只有我的主畫面多鄰國消失了嗎😔
要把它重新抓回來他會一直閃退",2025-11-13 10:31,"百合！爽！衝刺衝刺🏃💥💥⚡️⚡️⚡️
莉波P 百合雜食黨",虛弱
do_not_touch_math_,スススア🦭,"大家好 我是卡厄思夢境宣傳大使 雖然福利堪比原神 
但抽卡還是很佛的 13抽就能抽到",2025-11-12 21:10,"百合！爽！衝刺衝刺🏃💥💥⚡️⚡️⚡️
莉波P 百合雜食黨",虛弱
do_not_touch_math_,スススア🦭,"那個小表情是怎樣啦😭😭
好可愛",2025-11-12 10:12,"百合！爽！衝刺衝刺🏃💥💥⚡️⚡️⚡️
莉波P 百合雜食黨",虛弱
do_not_touch_math_,スススア🦭,"衣服風格真的好可愛…….卡池也是真的深😔
我只希望歌能上Spotify 好讓我一直重刷
最後在年度回顧時讓我意識到自己有多宅（",2025-11-11 23:51,"百合！爽！衝刺衝刺🏃💥💥⚡️⚡️⚡️
莉波P 百合雜食黨",虛弱
do_not_touch_math_,スススア🦭,輕輕鬆鬆😋😋😋,2025-11-11 16:23,"百合！爽！衝刺衝刺🏃💥💥⚡️⚡️⚡️
莉波P 百合雜食黨",虛弱
do_not_touch_math_,スススア🦭,只有我覺得電文拍電完蚊子都香香的嗎,2025-11-10 20:29,"百合！爽！衝刺衝刺🏃💥💥⚡️⚡️⚡️
莉波P 百合雜食黨",虛弱
do_not_touch_math_,スススア🦭,我這個月真的不再花錢了…..,2025-11-10 18:58,"百合！爽！衝刺衝刺🏃💥💥⚡️⚡️⚡️
莉波P 百合雜食黨",虛弱
do_not_touch_math_,スススア🦭,平均日本留學生,2025-11-10 12:40,"百合！爽！衝刺衝刺🏃💥💥⚡️⚡️⚡️
莉波P 百合雜食黨",虛弱
do_not_touch_math_,スススア🦭,"新衣服真的好可愛😭😭😭😭😭😭
好消息 雙蛋黃 壞消息 都歪",2025-11-10 12:10,"百合！爽！衝刺衝刺🏃💥💥⚡️⚡️⚡️
莉波P 百合雜食黨",虛弱
do_not_touch_math_,スススア🦭,"我超愛喝果實繆繆😋👊🏻
之前買大罐的一個下午喝完",2025-11-09 21:50,"百合！爽！衝刺衝刺🏃💥💥⚡️⚡️⚡️
莉波P 百合雜食黨",虛弱
do_not_touch_math_,スススア🦭,"就喜歡這種陽春介面 
Q版人物要畫誰?😋😋",2025-11-09 21:46,"百合！爽！衝刺衝刺🏃💥💥⚡️⚡️⚡️
莉波P 百合雜食黨",虛弱
do_not_touch_math_,スススア🦭,這裡抽一個人幫我畫手,2025-11-09 21:30,"百合！爽！衝刺衝刺🏃💥💥⚡️⚡️⚡️
莉波P 百合雜食黨",虛弱
do_not_touch_math_,スススア🦭,"????????????
嚇到 我知道osu最近有調整pp
剛剛是不是又調了???? 大躍進",2025-11-09 19:37,"百合！爽！衝刺衝刺🏃💥💥⚡️⚡️⚡️
莉波P 百合雜食黨",虛弱
do_not_touch_math_,スススア🦭,看起來要進化了…….,2025-11-09 17:49,"百合！爽！衝刺衝刺🏃💥💥⚡️⚡️⚡️
莉波P 百合雜食黨",虛弱
do_not_touch_math_,スススア🦭,跟飲料坐一桌,2025-11-09 14:24,"百合！爽！衝刺衝刺🏃💥💥⚡️⚡️⚡️
莉波P 百合雜食黨",虛弱
do_not_touch_math_,スススア🦭,妮姬3周年那兩隻+小紅帽100抽內完工😋😋中間還歪了一些有用的,2025-11-09 13:23,"百合！爽！衝刺衝刺🏃💥💥⚡️⚡️⚡️
莉波P 百合雜食黨",虛弱
do_not_touch_math_,スススア🦭,"1234567
我的身分證在哪裡🥰🥰
最後一次有印象看到他是在學測英聽
然後我到現在才意識到他不見了",2025-11-09 00:22,"百合！爽！衝刺衝刺🏃💥💥⚡️⚡️⚡️
莉波P 百合雜食黨",虛弱
do_not_touch_math_,スススア🦭,不愧是周年角,2025-11-08 19:10,"百合！爽！衝刺衝刺🏃💥💥⚡️⚡️⚡️
莉波P 百合雜食黨",虛弱
do_not_touch_math_,スススア🦭,"在麥當勞的樂趣就是聽別人吵架
有一個在吵嬰兒的穿著 好像是另一半買太多",2025-11-08 16:43,"百合！爽！衝刺衝刺🏃💥💥⚡️⚡️⚡️
莉波P 百合雜食黨",虛弱
do_not_touch_math_,スススア🦭,賭博產物,2025-11-08 16:40,"百合！爽！衝刺衝刺🏃💥💥⚡️⚡️⚡️
莉波P 百合雜食黨",虛弱
do_not_touch_math_,スススア🦭,"不會拍就別拍了 系列
😋😋😋
今天去貓咖 那隻在我大腿的貓是專業的麵包師傅
到現在都還在我腿上",2025-11-08 13:02,"百合！爽！衝刺衝刺🏃💥💥⚡️⚡️⚡️
莉波P 百合雜食黨",虛弱
do_not_touch_math_,スススア🦭,"根本沒搞懂怎麼玩
當賽馬娘的凱旋門點",2025-11-08 10:10,"百合！爽！衝刺衝刺🏃💥💥⚡️⚡️⚡️
莉波P 百合雜食黨",虛弱
do_not_touch_math_,スススア🦭,終於200等了😭😭😭😭,2025-11-06 17:11,"百合！爽！衝刺衝刺🏃💥💥⚡️⚡️⚡️
莉波P 百合雜食黨",虛弱
do_not_touch_math_,スススア🦭,"冷知識：
道具帶多一點就不用想動作🥵
謝謝綠色女同",2025-11-06 11:24,"百合！爽！衝刺衝刺🏃💥💥⚡️⚡️⚡️
莉波P 百合雜食黨",虛弱
do_not_touch_math_,スススア🦭,沒救了,2025-11-06 11:21,"百合！爽！衝刺衝刺🏃💥💥⚡️⚡️⚡️
莉波P 百合雜食黨",虛弱
do_not_touch_math_,スススア🦭,也是帶上了🥵🥵🥵,2025-11-06 09:58,"百合！爽！衝刺衝刺🏃💥💥⚡️⚡️⚡️
莉波P 百合雜食黨",虛弱
do_not_touch_math_,スススア🦭,"明天我將帶上他們去拍畢業照
有嘗試過拿百合小說或漫畫
但他們太厚了 我手指撐不住💀",2025-11-05 23:54,"百合！爽！衝刺衝刺🏃💥💥⚡️⚡️⚡️
莉波P 百合雜食黨",虛弱
do_not_touch_math_,スススア🦭,"溫故知新
我曾經畫過抖抖畫😋
抖抖畫的手感極好",2025-11-05 22:42,"百合！爽！衝刺衝刺🏃💥💥⚡️⚡️⚡️
莉波P 百合雜食黨",虛弱
do_not_touch_math_,スススア🦭,"Chibi 系列的娃好可愛啊😭
但看莉波的頭髮總覺得有點「平面」？
還是很可愛",2025-11-05 18:59,"百合！爽！衝刺衝刺🏃💥💥⚡️⚡️⚡️
莉波P 百合雜食黨",虛弱
do_not_touch_math_,スススア🦭,明天要拍畢業照了😋😋😋😋,2025-11-05 14:11,"百合！爽！衝刺衝刺🏃💥💥⚡️⚡️⚡️
莉波P 百合雜食黨",虛弱
do_not_touch_math_,スススア🦭,怎麼綠綠的還加金邊,2025-11-05 11:12,"百合！爽！衝刺衝刺🏃💥💥⚡️⚡️⚡️
莉波P 百合雜食黨",虛弱
do_not_touch_math_,スススア🦭,"好爽啊 莉波大隊😋
戰力強不強又是另一回事",2025-11-05 09:45,"百合！爽！衝刺衝刺🏃💥💥⚡️⚡️⚡️
莉波P 百合雜食黨",虛弱
do_not_touch_math_,スススア🦭,"今天心情差又沒錢吃飯 蹲在すき家前哭
有位好心的高中生竟然說要請我吃飯
人長得漂亮的像偶像 又會接話題
飯後想說留號碼拿到錢後可以還她
但他說回了「10連無料」後瀟灑的走了",2025-11-04 18:25,"百合！爽！衝刺衝刺🏃💥💥⚡️⚡️⚡️
莉波P 百合雜食黨",虛弱
a_jun_rv,竣,"撈到一隻漂亮妹妹 大概3 4個月大 虛弱到可以被隨便撿起來
不知道會被送養 還是變成家裡的第七隻貓
這花色好像是驚喜包？有沒有暹羅虎斑的飼主分享一下自家的驚喜包🤣",2025-06-20 01:06,早安,虛弱
a_jun_rv,竣,住院小貓一出院就一堆話,2025-06-15 01:44,早安,虛弱
a_jun_rv,竣,"好起來才不會浪費我的錢錢
一切都會好起來的(๑•̀ᄇ•́)و",2025-06-13 17:29,早安,虛弱
a_jun_rv,竣,"住院小貓 很不舒服了但還是會咕嚕🥹
希望能趕快好起來",2025-06-13 16:49,早安,虛弱
a_jun_rv,竣,去現場看才知道醫生是想要我拍他休息的表情跟牙齦的黏膜 結果我以為是要拍正面證件照 超好笑,2025-06-11 14:27,早安,虛弱
a_jun_rv,竣,"討厭接電話不是沒原因 打來永遠只有說教
：你23歲了還沒什麼成就
：不要貪玩了
這就是為什麼我不想回家住
還有什麼金句再幫我補充",2025-06-10 14:34,早安,虛弱
a_jun_rv,竣,"新手人生首虎就是這麼開心 管他多大多小
但是爆了快十口只中這隻真的不合理",2025-06-09 00:00,早安,虛弱
a_jun_rv,竣,"今天80可以做8下了 開心
90可以3下 雖然晃的一匹 不過有進步
往100穩定做邁進",2025-06-08 16:15,早安,虛弱
a_jun_rv,竣,迷你呆 第一次中呆 不過用這組裝備就是輕鬆虐,2025-06-08 13:52,早安,虛弱
a_jun_rv,竣,學乖了 下次竿子會插水裡 不要讓他洗鰓🙂,2025-06-08 00:25,早安,虛弱
kiwibird_099,🥝,"才意識到焦凍原本為了哥哥，連蕎麥麵也可以不用吃😫
好愛哥好偉大啊😫他可是蕎麥麵一生推夢男耶（？？？",2025-11-27 11:49,"☆波bobo☆
同人女講自己的+畫圖拍娃
版上很多轟兄弟骨科
MHA / 焦凍燈矢
ちいかわ / 小八🩵
Hzbn / Alastor
—
★各影視 / 漫畫 / 雜
為了不打擾現友＆其他社群友列的廢圖文帳🙏關注退追都隨意👌",虛弱
kiwibird_099,🥝,"轟焦凍轟燈矢😭
x.com/82nok…",2025-11-26 19:40,"☆波bobo☆
同人女講自己的+畫圖拍娃
版上很多轟兄弟骨科
MHA / 焦凍燈矢
ちいかわ / 小八🩵
Hzbn / Alastor
—
★各影視 / 漫畫 / 雜
為了不打擾現友＆其他社群友列的廢圖文帳🙏關注退追都隨意👌",虛弱
kiwibird_099,🥝,"Dabi
Baka aniki
Toya nii
Toya
感謝此串 想到轟焦凍的各種對哥稱呼就好萌",2025-11-24 19:21,"☆波bobo☆
同人女講自己的+畫圖拍娃
版上很多轟兄弟骨科
MHA / 焦凍燈矢
ちいかわ / 小八🩵
Hzbn / Alastor
—
★各影視 / 漫畫 / 雜
為了不打擾現友＆其他社群友列的廢圖文帳🙏關注退追都隨意👌",虛弱
kiwibird_099,🥝,"邊吃燒仙草邊哽咽看我英
而且沒想到不知不覺下周就要看到轟家final了
去年看漫畫的難過治好了又要再一遍喔喔喔轟燈矢
但身為弟哥粉也有期待😇🫶
可以畫圖了（我有心力畫嗎🤕🤒😇",2025-11-22 19:59,"☆波bobo☆
同人女講自己的+畫圖拍娃
版上很多轟兄弟骨科
MHA / 焦凍燈矢
ちいかわ / 小八🩵
Hzbn / Alastor
—
★各影視 / 漫畫 / 雜
為了不打擾現友＆其他社群友列的廢圖文帳🙏關注退追都隨意👌",虛弱
kiwibird_099,🥝,"超可愛謝謝表單🥹🤍
填個簡約版
看完上周動畫敵聯直接變橘線（ry",2025-11-21 11:49,"☆波bobo☆
同人女講自己的+畫圖拍娃
版上很多轟兄弟骨科
MHA / 焦凍燈矢
ちいかわ / 小八🩵
Hzbn / Alastor
—
★各影視 / 漫畫 / 雜
為了不打擾現友＆其他社群友列的廢圖文帳🙏關注退追都隨意👌",虛弱
kiwibird_099,🥝,"下班前該該
前幾小時抽十分鐘當薪偷，第一次搶票體會了點五次都說沒位子的感覺好緊張，還有超難看懂的驗證碼
還好最後有買到🥹只是從原本想要的中間位選到旁邊，但至少沒很斜",2025-11-19 16:41,"☆波bobo☆
同人女講自己的+畫圖拍娃
版上很多轟兄弟骨科
MHA / 焦凍燈矢
ちいかわ / 小八🩵
Hzbn / Alastor
—
★各影視 / 漫畫 / 雜
為了不打擾現友＆其他社群友列的廢圖文帳🙏關注退追都隨意👌",虛弱
ccchi0102,巫奇璉,"爸爸住院Day 40￼
安寧小組的醫生來了。
他說因為爸爸血壓很低、狀況不穩定
所以來關切目前狀況
也說會跟主治醫生討論如何治療與舒緩並行。
今天，插了尿管
爸爸虛弱到幾乎無法動彈
連翻個身、換個姿勢
都像個溺水、喘不過氣的人。
沒辦法下床上廁所了，只能包著尿布。
看著病床邊一堆閃爍的儀器
看著爸爸戴著氧氣罩、身上的線材
好痛，心像被什麼揉碎一樣痛
卻又只能靜靜地站在旁邊。
我們需要一個奇蹟。
如果你願意，幫我們祈禱、集氣
哪怕是一點點，也是一份希望的光和力量。
給爸爸，也給我們。",2025-06-10 18:18,"「如果愛有重量，你的離開，
就是我這一生背負不動的思念。」",虛弱
ccchi0102,巫奇璉,"爸爸住院Day 39
醫生說 爸爸狀況不是很樂觀😭😭😭
專科護理師還再次跟爸爸確認：「如果真的有萬一⋯是否要放棄急救」
每次聽到這句話，心真的痛到快碎了💔
上週打了化療藥
但目前血壓仍然偏低、血球指數也低
還出現了皮下出血的紅疹
幾乎吃不下
排尿也變少了（可能有積水）
雖然爸爸精神看起來不錯
但身體狀況還是很虛弱
沒什麼力氣（連翻身都很喘很吃力）
醫生懷疑可能已經有感染，甚至引發敗血症
今天開始施打升血壓藥、利尿劑⋯⋯
我們真的好希望爸爸的情況能夠好轉、能夠穩定下來
祈禱祈求🙏🏻拜託爸爸一定要好起來！
六六還在等爸爸回家一起散步🐶😢",2025-06-09 22:11,"「如果愛有重量，你的離開，
就是我這一生背負不動的思念。」",虛弱
ccchi0102,巫奇璉,"爸爸住院Day 36
一個月過去了
前幾天終於結束一週 每天12小時的化療藥
原以為觀察幾天就能出院了
結果又開始發燒 還會畏寒🥺
老天啊
拜託請讓爸爸平安健康早日出院吧🙇🏻‍♀️🙏🏻",2025-06-07 02:49,"「如果愛有重量，你的離開，
就是我這一生背負不動的思念。」",虛弱
ccchi0102,巫奇璉,"爸爸住院Day 31
我真的很累
大家都一副事不關己的樣子，
我是老么，卻事事都要瞻前顧後，
為什麼要活得像個家庭小管家？
我都已經講了爸爸發燒，還是可以無感到一個極致⋯
你們是打了什麼抗感情疫苗嗎？
還是腦波過濾了「責任」這兩個字？
爸爸手腳都吊點滴、上廁所不方便， 沒人可以幫他倒尿桶、沒人提醒他多喝水。 感覺如果我不出聲，
難道爸爸會在病床上進化成仙人掌自我灌溉蛤？
現在爸爸的化療藥是每天12小時慢慢打，
就是醫生怕爸爸負荷不了， 連護理師都很緊張，狂叮嚀：「有不舒服要馬上講！」 所以才需要都有人在這照顧他啊。
什麼都不順心，
好煩。 
謝謝收看今天的 厭世日記， 以上內容如有雷同，請你也加油～ 我們一起用笑容壓抑眼角的疲憊🥲",2025-06-01 20:47,"「如果愛有重量，你的離開，
就是我這一生背負不動的思念。」",虛弱
ccchi0102,巫奇璉,我需要的是陪伴、在乎、尊重。,2025-06-01 19:43,"「如果愛有重量，你的離開，
就是我這一生背負不動的思念。」",虛弱
ccchi0102,巫奇璉,我不知道，這些美好，是持續的光還是短暫的花火,2025-06-01 18:48,"「如果愛有重量，你的離開，
就是我這一生背負不動的思念。」",虛弱
ccchi0102,巫奇璉,一段感情，多久沒聯繫，算是「沒關係」了,2025-06-01 17:47,"「如果愛有重量，你的離開，
就是我這一生背負不動的思念。」",虛弱
ccchi0102,巫奇璉,"爸爸住院Day 30
今天是端午節
原本想帶爸爸心心念念的狗兒子六六去醫院看他
但今天一早就開始打化療，一打就是12小時⋯
沒辦法讓爸爸下樓曬曬太陽，
只好視訊讓爸爸看看六六，希望能療癒到他🥹
午餐的時候，他食慾不太好，只吃了小麵包
看著他胃口不好真的蠻心疼的
不知道有什麼能讓爸爸願意多吃一點
有沒有什麼鼓勵病人進食、促進食慾的方法🤔？
下午陪媽媽去看水上高樁獅還有划龍舟比賽
現場超多人超熱鬧～
可惜今年爸爸沒能一起出來走走
希望他快點好起來，能跟媽媽到處趴趴走！
祝大家端午節快樂、平安健康，
也希望每個正在努力康復的人，都能早日恢復健康！
#龍潭大池 #划龍舟 #水上高樁獅 #舞獅",2025-05-31 22:14,"「如果愛有重量，你的離開，
就是我這一生背負不動的思念。」",虛弱
ccchi0102,巫奇璉,"爸爸住院Day 29
難得的好天氣☀️
一早就藥品接力大賽，打點滴、抗生素⋯
緊接著12小時的化療藥來了，
今夜要打到凌晨兩點了。
昨晚爸爸還說夢話了，
爸爸：「上來。」
這句話是我們跟六六常說的，
不知道爸爸是夢到要叫六六上椅子坐，
還是要叫六六上機車，帶他出去玩🤣
原本哥哥還想著要帶六六來給爸爸加油打氣，
但連續接著打藥，
今天沒能出去溜達了😗
希望明天一樣好天氣，並且有點空檔時間，
能讓爸爸出去呼吸新鮮空氣、曬曬太陽。",2025-05-30 13:39,"「如果愛有重量，你的離開，
就是我這一生背負不動的思念。」",虛弱
ccchi0102,巫奇璉,"爸爸住院Day 28
爸爸已經開始化療了
但還是關鍵時刻（連護理師都很擔心
每天都要打12小時的藥劑
我們輪流接力顧他
每時每刻都需要留意他的狀況
希望副作用少點 讓爸爸不要太辛苦不要不舒服
希望爸爸能順利治療 平安健康出院💪🏻",2025-05-29 20:43,"「如果愛有重量，你的離開，
就是我這一生背負不動的思念。」",虛弱
ccchi0102,巫奇璉,"爸爸住院Day 26
在漫長的陰霾中，看見一束微光。
爸爸終於能夠接受微量化療了
每天12小時的治療雖然辛苦
但總算
曙光出現了
這一小步的進展真的足以讓人重新振作
鼓起勇氣和力量
我們會提起十二分精神 全力支持爸爸
希望接下來的療程能順利、平安
爸爸早日康復、健康出院，回到我們身邊。
我們，還有六六，都在等爸爸回家
一切都會好的！
#爸爸加油 #等你回家",2025-05-28 00:04,"「如果愛有重量，你的離開，
就是我這一生背負不動的思念。」",虛弱
5min_draw_notes,先暫停五分鐘,"《母胎單身戀愛大作戰》
在鬼屋成功牽手的兩位
女 : 出來才知道 , 牽手了!讚!
男 : 欸?剛才她....她是抓著我的手腕?還是手",2025-08-07 10:18,🐶 生活🎮 遊戲,虛弱
grass.hk_,草廬,"貧血不是血少，而是血「做不出來」
很多女性常覺得頭暈、手腳冷、容易喘，
以為自己只是貧血、補鐵就行。
但中醫眼中，多數「貧血感」不是血少，
而是——氣不夠，血做不出來。
脾胃弱的女生，吃什麼都吸收不到，
血就像工廠停電：原料有，但做不出產品。
所以你不是虛弱，你是 身體沒電。
如果你明明飲食正常，還是累到提不起勁，
這篇提醒你：補血前，要先補氣。",2025-11-22 22:33,"草廬 · 香港中醫診所
專注傳統中醫診療
讓中醫承古啟今，讓健康回歸您
隨時隨地管理健康↓ ↓按 ↓ 此↓ ↓ ↓ 瞭↓ ↓解 ↓ ↓",虛弱
grass.hk_,草廬,"【M前系列 Day 6 & 7】一文睇哂！超濃縮「M前拆彈懶人包」！
多謝大家跟足一星期！為咗方便大家重溫，我將成本「M前拆彈手冊」濃縮成呢個post！
【M前調理四大核心】
▪️ 核心一：疏通 (肝)
針對：情緒易躁、胸部脹痛。
對策：M前多「順氣」（拉筋、深呼吸），避免「谷住」。
▪️ 核心二：排水 (脾/腎)
針對：面部浮腫、下肢脹。
對策：分清「脾虛」定「腎虛」，M前飲食要清淡啲，少食生冷。
▪️ 核心三：清熱 (胃/衝任)
針對：下巴爆瘡、口氣。
對策：M前7日要「戒口」，忍一忍煎炸油膩同甜食。
▪️ 核心四：叉電 (氣血)
針對：極度疲倦、精神難集中。
對策：M前唔好「chur」得太盡，早啲瞓，必要時按吓「叉電」穴位。
呢篇建議即刻收藏，Share 俾你身邊每個月都「打仗」嘅姊妹！關於「M前」，你仲有咩問題？喺留言區一次過問，我會盡力解答！
新系列大家最想我哋拆解咩主題？（例如：睡眠、脾胃、定係頭髮？）留言話我知！記得追蹤！
#懶人包 #總結 #精華 #攻略 #Checklist #M前 #PMS #女性健康 #養生技巧 #M前症候群",2025-11-22 08:24,"草廬 · 香港中醫診所
專注傳統中醫診療
讓中醫承古啟今，讓健康回歸您
隨時隨地管理健康↓ ↓按 ↓ 此↓ ↓ ↓ 瞭↓ ↓解 ↓ ↓",虛弱
grass.hk_,草廬,"半夜2點醒，唔係偶然——係「火水不交」要你補位
半夜兩點醒、心跳快、再難入睡？很多人以為是壓力，其實是內裡「火（心）／水（腎）」不平衡。
中醫一句：心火偏旺、腎水不足，夜半易醒。
安全可做：
1. 睡前把暖水壺放腳邊（暖腳促循環，不直接泡藥水）—有助內外溫差回歸。
2. 睡前手背按「神門穴」（手腕橫紋小指側）30 秒，安神。
3. 半夜醒來別看手機，起身倒杯常溫水、慢走 1 分鐘再上床。
📲 tag 一個夜夜醒嘅朋友👀",2025-11-21 21:29,"草廬 · 香港中醫診所
專注傳統中醫診療
讓中醫承古啟今，讓健康回歸您
隨時隨地管理健康↓ ↓按 ↓ 此↓ ↓ ↓ 瞭↓ ↓解 ↓ ↓",虛弱
grass.hk_,草廬,"【M前系列 Day 5】M前「電量得返1%」？懶人必學！M前「一鍵叉電」3大穴位！
M前一個禮拜，成個人好似「洩咗氣」咁，做咩都冇心機？呢個係「氣血不足」嘅訊號！
【點解會「冇電」？】
* M前，身體要調動大量「氣血」去「子宮」準備開工。如果你本身「血庫存貨」唔夠，身體就會「慳電」，令你覺得好攰。
【懶人「叉電」穴位】 
* ▪️ 足三里穴 (補氣)： 膝頭哥對落約4隻手指位。健脾胃，等身體「製造」多啲氣血。
* ▪️ 三陰交穴 (補血)： 腳眼內側對上約4隻手指位。（注意：M到期間同孕婦唔好重按！）M前輕輕按揉，幫「血庫」入貨。
* ▪️ 太衝穴 (順氣)： 腳背大拇趾同第二趾中間。如果又攰又「躁」，就係「塞住咗」，按佢幫你「順氣」。
係咪好簡單呢？你平時M前攰，仲會點樣「自救」？
聽日係本週系列嘅最後一篇「懶人包」，會總結晒5大症狀嘅「拆彈」核心！記得追蹤，唔好錯過最精華嘅總結！
#M前 #疲倦 #冇精神 #氣血不足 #穴位 #按摩 #三陰交 #足三里 #懶人養生",2025-11-21 09:26,"草廬 · 香港中醫診所
專注傳統中醫診療
讓中醫承古啟今，讓健康回歸您
隨時隨地管理健康↓ ↓按 ↓ 此↓ ↓ ↓ 瞭↓ ↓解 ↓ ↓",虛弱
grass.hk_,草廬,"皮膚暗啞無光？唔係冇睡飽，是「氣滯」
明明早睡、飲水足，點解皮膚仲黃？
中醫話：氣滯，血唔行，皮膚自然暗啞。
特徵：
* 面色偏黃灰、唇色淡、眼神無神
* 特別容易嘆氣、胸口悶
🌸小練習：
* 每晚拍胸口（膻中穴位）30下
* 午飯後散步10分鐘
* 一杯玫瑰花茶＋陳皮，幫你氣血再動起來
✨皮膚亮嘅關鍵，不在cream，而在「氣流順唔順」。
記得收藏，提醒自己：要靚，先要氣行。",2025-11-20 21:58,"草廬 · 香港中醫診所
專注傳統中醫診療
讓中醫承古啟今，讓健康回歸您
隨時隨地管理健康↓ ↓按 ↓ 此↓ ↓ ↓ 瞭↓ ↓解 ↓ ↓",虛弱
grass.hk_,草廬,"【M前系列 Day 4】專揀M前「毀容」？點解啲痘痘總係生喺「下巴」？
M前爆瘡最SAD，仲要專生喺下巴同嘴邊，又大又痛！原來係有原因！
【中醫面部地圖】
▪️「下巴」= 決戰區！
額頭（心）、鼻（脾胃）、左頰（肝）、右頰（肺）... 而我哋嘅下巴同嘴周，正正係「任脈」同「衝脈」嘅「地盤」，呢兩條經絡同我哋嘅「子宮」關係最密切！
▪️ M前，身體嘅氣血要「向下」，準備排走經血。
如果你本身「濕熱」（食得太油膩）或者「陰虛」（瞓得太少），呢啲「垃圾」（邪氣）就會被「逼」出嚟。
「下巴」就係佢哋「走佬」嘅「出口」！所以M前下巴爆瘡，其實係身體話你知：「你嘅『衝任』塞住咗喇！」
你M前爆瘡，最常生喺邊個位？（下巴、額頭、定係面珠？）
聽日會教大家懶人必學，M前「冇電」點樣「一鍵叉電」！記得追蹤！
#M前 #爆瘡 #暗瘡 #石頭瘡 #下巴暗瘡 #M前爆痘 #中醫 #濕熱 #M前症候群",2025-11-20 08:52,"草廬 · 香港中醫診所
專注傳統中醫診療
讓中醫承古啟今，讓健康回歸您
隨時隨地管理健康↓ ↓按 ↓ 此↓ ↓ ↓ 瞭↓ ↓解 ↓ ↓",虛弱
grass.hk_,草廬,"天氣轉就膝頭痛？唔係老咗，係濕氣走唔甩
落雨前腳痛、膝蓋痠重，就係「濕氣壓住筋骨」。
👉 中醫話：「濕重則不通」，特別係長期冷氣、少出汗嘅打工族。
✅ 細步：每晚熱水泡腳 10 分鐘，加一片薑或一匙鹽，幫身體出微汗。
一個星期後，膝痛明顯輕咗。
💬 你係唔係都覺得「落雨前個人特別攰」？
#膝痛 #濕氣重 #草廬養身",2025-11-19 21:20,"草廬 · 香港中醫診所
專注傳統中醫診療
讓中醫承古啟今，讓健康回歸您
隨時隨地管理健康↓ ↓按 ↓ 此↓ ↓ ↓ 瞭↓ ↓解 ↓ ↓",虛弱
grass.hk_,草廬,"【M前系列 Day 3】M前「水泡人」上身！中醫辨析：你係「脾虛」定「腎虛」型水腫？
M前塊面圓咗、對腳脹到「撳落去有印」？中醫睇M前水腫，主要分兩大類：
【簡易辨別法】
▪️ 脾虛水腫 (抽濕機型)：
全身都腫、面部浮腫、眼皮脹、個人好攰、大便爛。
身體嘅「抽濕機」（脾）唔夠力，水濕運唔走，積晒喺度。通常關飲食失調（例如飲太多凍飲）事。
▪️ 腎虛水腫 (水泵型)：
下半身水腫（腳眼、小腿）、腰痠、怕凍。
身體嘅「水泵」（腎）唔夠力，水液積聚喺下身。通常關「太攰」、過度操勞事。
你M前水腫時，通常係「抽濕機型」定「水泵型」？
聽日係強勢主打！我哋會拆解點解M前爆瘡，總係生喺「下巴」！記得追蹤返嚟學！
#M前 #水腫 #水泡人 #脾虛 #腎虛 #調理 #中醫 #M前症候群",2025-11-19 08:58,"草廬 · 香港中醫診所
專注傳統中醫診療
讓中醫承古啟今，讓健康回歸您
隨時隨地管理健康↓ ↓按 ↓ 此↓ ↓ ↓ 瞭↓ ↓解 ↓ ↓",虛弱
grass.hk_,草廬,"《吃完就脹？不是你吃多了》
很多人以為自己貪吃。
其實你是——脾胃沒力氣處理食物。
食物進來了，但送不走。
就會脹、悶、想睡、沒胃口。
3 個今晚就做到的：
• 三餐 → 小食多餐
• 飯後走 3 分鐘
• 冷飲換溫食
一句話： 脾胃累，你才會越吃越脹。
覺得中，收藏。",2025-11-18 20:54,"草廬 · 香港中醫診所
專注傳統中醫診療
讓中醫承古啟今，讓健康回歸您
隨時隨地管理健康↓ ↓按 ↓ 此↓ ↓ ↓ 瞭↓ ↓解 ↓ ↓",虛弱
grass.hk_,草廬,"【M前系列 Day 2】M前胸脹「掂都痛」！中醫拆解2大「塞車」元兇！
M前胸脹，連bra都戴唔到？呢個係身體「經絡唔通」嘅明顯訊號！
▪️ 元兇一：肝經塞車
M前情緒波動（Day 1講過），「肝氣」谷住，而肝經正正就經過我哋胸部兩側。比喻： 好似條橡筋「chur」到恆，梗係又脹又痛。
▪️ 元兇二：胃經積熱
胃經都經過胸部。如果你M前忍唔到口，食太多煎炸、KBBQ，「胃火」一上，都會令胸部「上火」脹痛。
【疏通錦囊】
M前一星期，多做「側身拉筋」，好似貓咁伸懶腰，幫肝經「鬆綁」。
輕輕打圈按摩心口正中嘅「膻中穴」（兩乳中間），幫上身「順順氣」。
你M前胸脹時，通常會點樣紓緩？
搞掂咗「氣脹」，聽日我哋要拆解「水脹」！點解M前會變「水泡人」？記得追蹤！
#M前 #胸脹 #乳房脹痛 #肝氣鬱結 #胃經 #穴位 #疏通 #M前症候群",2025-11-18 10:02,"草廬 · 香港中醫診所
專注傳統中醫診療
讓中醫承古啟今，讓健康回歸您
隨時隨地管理健康↓ ↓按 ↓ 此↓ ↓ ↓ 瞭↓ ↓解 ↓ ↓",虛弱
grass.hk_,草廬,"《我發現：長期疲倦的人，有個共同壞習慣》
“我每日都好攰，但明明冇做咩…”
——這句我在診間聽過太多次。
其實最常見原因不是貧血、不是睡不好，
而是——你食得太急。
速度太快會令脾胃來不及接收，
氣血做不到「生得快」，疲倦自然跟住你。
💡 小步驟：
今晚開始，至少用 20 分鐘吃一餐，
你會發現腸胃暖、精神也回來了。
🪷 醫師金句：
「慢，是最便宜、最強的補藥。」
📌 這篇文章存起來，你一定會用到。",2025-11-17 21:48,"草廬 · 香港中醫診所
專注傳統中醫診療
讓中醫承古啟今，讓健康回歸您
隨時隨地管理健康↓ ↓按 ↓ 此↓ ↓ ↓ 瞭↓ ↓解 ↓ ↓",虛弱
grass.hk_,草廬,"【M前系列 Day 1】點解M前特別「躁」？你係「公路型」定「熄燈型」？
M前拆彈第一步：搞掂「情緒」！點解M前會變「炸彈」？唔係你EQ低，係身體「塞車」喇！
【簡易辨別法】
▪️ 公路型 (肝氣鬱結)： 舌邊偏紅、胸脹、易嬲、條氣唔順。好似一條塞滿車嘅「公路」，道氣谷住谷住，小小事就想發火。
▪️ 熄燈型 (心血不足)： 舌色偏淡、心悸、易醒、情緒低落。好似部手機「得返1%電」，冇力發火，但就無端端想喊、好sad。
你係「公路型」定「熄燈型」？定係兩樣都有？留言分享！
聽日我哋會講M前「胸脹」問題，點樣從根源「疏通」佢！想學識點樣精準調理？立即追蹤，跟實我哋嘅「拆彈」教學！
#M前 #情緒 #易躁 #肝氣鬱結 #心血虛 #中醫 #調理 #M前症候群",2025-11-17 08:27,"草廬 · 香港中醫診所
專注傳統中醫診療
讓中醫承古啟今，讓健康回歸您
隨時隨地管理健康↓ ↓按 ↓ 此↓ ↓ ↓ 瞭↓ ↓解 ↓ ↓",虛弱
grass.hk_,草廬,"你屋企人飯後成日肚脹？其實係消化累咗。
長者、小朋友、甚至你自己，
飯後動不了、肚脹、想訓——唔一定係食得多。
係消化「用力過度」。
今晚可以試下：
飯後 15 分鐘，
按一按肚臍下一吋「氣海位」，
幫身體「重新開機」。
身體其實好簡單：
消化鬆一鬆，人就輕一點。",2025-11-16 21:33,"草廬 · 香港中醫診所
專注傳統中醫診療
讓中醫承古啟今，讓健康回歸您
隨時隨地管理健康↓ ↓按 ↓ 此↓ ↓ ↓ 瞭↓ ↓解 ↓ ↓",虛弱
grass.hk_,草廬,"香港女性嘅「每月地雷」：M前症候群！本週，我哋用7日，同你逐個「拆彈」！ 
 M前M後兩個人？易躁、想喊、水腫、爆瘡、胸脹、攰到唔想郁... 呢啲問題，係咪每個月都loop一次？
你受夠喇！呢啲唔係「老必然」，而係身體俾你嘅「求救訊號」！
本週，我哋正式啟動【M Re-Ready 深度系列】，每日一篇，從根源到實踐，徹底幫你「拆彈」，M到都舒舒服服！
▪️ 週一： 點解M前特別「躁」？（情緒篇）
▪️ 週二： M前胸脹「掂都痛」！（胸脹篇）
▪️ 週三： M前變身「水泡人」！（水腫篇）
▪️ 週四： 專揀M前「毀容」！（爆瘡篇）
▪️ 週五： M前「電量得返1%」！（疲倦篇）
▪️ 週六： 一週M前「拆彈」懶人包總結
準備好用一星期時間，換一個更平靜、更輕盈嘅自己未？
你最想拆邊個「地雷」？
呢個系列絕對係超濃縮乾貨，立即追蹤，唔好錯過任何一日嘅「拆彈」錦囊！
#M前 #M前症候群 #PMS #月經 #女性健康 #調理 #香港人 #健康系列",2025-11-16 09:21,"草廬 · 香港中醫診所
專注傳統中醫診療
讓中醫承古啟今，讓健康回歸您
隨時隨地管理健康↓ ↓按 ↓ 此↓ ↓ ↓ 瞭↓ ↓解 ↓ ↓",虛弱
grass.hk_,草廬,"甲狀腺問題，其實不是荷爾蒙，是身體太「急」
越來越多年輕女性做檢查時，被告知甲狀腺有事。
很多人以為是荷爾蒙亂，但中醫看，其實是 身體太急、太燥、太衝。
甲狀腺就像身體的節奏器。
你長期「逼自己」：睡不夠、壓力頂住、脾胃又弱，
身體自然會加速燃燒，最後過熱。
很多人不是生病，而是 長期加速的副作用。
把這篇收藏起來，你會明白：
甲狀腺問題，是身體在喊停。",2025-11-15 21:41,"草廬 · 香港中醫診所
專注傳統中醫診療
讓中醫承古啟今，讓健康回歸您
隨時隨地管理健康↓ ↓按 ↓ 此↓ ↓ ↓ 瞭↓ ↓解 ↓ ↓",虛弱
grass.hk_,草廬,"破解「果汁排毒法」！中醫：你飲緊嘅可能係一杯「寒濕炸彈」！
好多KOL都推崇飲幾日「果汁排毒」(Juice Cleanse)，話可以清宿便、令皮膚變靚。但點解好多人飲完，反而仲攰、仲水腫？
因為你飲緊嘅，可能係一杯「寒濕炸彈」！
▪️ 寒性轟炸： 大部分蔬果嘅性質都偏寒涼，榨成汁之後，寒性更強。
▪️ 脾胃災難： 脾胃最怕「生冷」，你一日飲幾支凍嘅果汁，等於直接淋熄晒脾胃嘅火種。
▪️ 結果： 脾胃一熄火，水濕就代謝唔到，越「排毒」反而越「積毒」（濕氣），仲會嚴重損傷陽氣。
你有冇試過呢類「排毒法」？你嘅身體有咩反應？
想建立真正啱自己體質嘅養生觀？立即追蹤我哋，幫你避開健康陷阱！
#果汁排毒 #JuiceCleanse #排毒 #寒底 #脾虛 #濕氣 #健康迷思",2025-11-15 08:42,"草廬 · 香港中醫診所
專注傳統中醫診療
讓中醫承古啟今，讓健康回歸您
隨時隨地管理健康↓ ↓按 ↓ 此↓ ↓ ↓ 瞭↓ ↓解 ↓ ↓",虛弱
grass.hk_,草廬,"睡前心不停，唔係妳散心少，而係「心火還亮著」
每天一上床，腦袋先起碼跑十條線？越想瞓越醒？
中醫一句：心火不息，神難安定。
安全可做：
1. 睡前 10 分鐘「三段呼吸」：吸 4 秒、憋 2 秒、吐 6 秒（重複 6 次）讓心率慢下來。
2. 輕敲胸前「膻中」10 下（掌根溫敲），覺得心亂時做一次。
3. 關手機前寫 1 件明日要做的事，關掉腦中跑馬燈。
分享給經常失眠的朋友試試！",2025-11-14 22:54,"草廬 · 香港中醫診所
專注傳統中醫診療
讓中醫承古啟今，讓健康回歸您
隨時隨地管理健康↓ ↓按 ↓ 此↓ ↓ ↓ 瞭↓ ↓解 ↓ ↓",虛弱
grass.hk_,草廬,"成日「谷住道氣」？中醫教你食3種「疏肝解鬱」嘅快樂食物！
壓力大、心情差，搞到成日胸悶、嘆氣？除咗唱歌、做運動，食啱嘢都可以幫你「通一通」塞住嘅肝氣！
【3種快樂疏肝食物】
▪️ 玫瑰花 (花茶)： 玫瑰花唔單止浪漫，佢嘅香氣可以直入肝經，係「疏肝解鬱」嘅第一名。
▪️ 陳皮 (焗水)： 陳皮唔單止化痰，佢仲可以「理氣」，幫你將亂咗嘅氣機梳理返順。
▪️ 白蘿蔔 (煲湯/生食)： 蘿蔔有「破氣」嘅作用，特別適合食滯咗、或者谷住道氣好脹嘅時候。
你仲有咩「快樂食物」清單？留言分享下！
想學習更多療癒身心嘅方法？追蹤我哋，一齊做個開心嘅人！
#疏肝解鬱 #肝氣鬱結 #壓力 #情緒 #快樂食物 #玫瑰花茶 #食療",2025-11-14 08:24,"草廬 · 香港中醫診所
專注傳統中醫診療
讓中醫承古啟今，讓健康回歸您
隨時隨地管理健康↓ ↓按 ↓ 此↓ ↓ ↓ 瞭↓ ↓解 ↓ ↓",虛弱
grass.hk_,草廬,"敷mask後反而爆粒？唔係mask問題，是「濕氣出唔到」
你有冇試過？一連幾晚敷mask，反而滿臉暗粒？
🧖‍♀️唔係mask唔啱你，而係——濕氣被困住。
皮膚本身就係身體排濕嘅出口，
當你外層太滋潤、內裡又濕熱未清，
結果就係——毛孔關門，毒出唔到。
🌿 想唔再「敷出暗瘡」：
* 每晚敷mask前，可配合一週飲3杯溫薏苡仁水
* 敷完即刻吹風機熱風？唔好。讓皮膚自然呼吸。
* 一週2次「清熱去濕」湯水，例如赤小豆薏苡仁湯。
🪞皮膚唔係你塗出嚟嘅，而係你排得順唔順。
收藏呢篇，下次mask前先睇一次。",2025-11-13 21:45,"草廬 · 香港中醫診所
專注傳統中醫診療
讓中醫承古啟今，讓健康回歸您
隨時隨地管理健康↓ ↓按 ↓ 此↓ ↓ ↓ 瞭↓ ↓解 ↓ ↓",虛弱
grass.hk_,草廬,"【備孕必睇】點樣養出一個BB最鍾意嘅「溫暖子宮」？中醫調理3大核心！
準備懷孕嘅你，除咗計排卵期，更重要嘅係要幫BB準備一間「五星級套房」！中醫認為，一個「溫暖、氣血充足」嘅子宮，先係最好嘅孕育環境。
【暖宮備孕3大核心】
驅寒（清掃房間）： 戒絕生冷嘢，經期唔好濕水，用暖水袋敷肚。要將子宮入面嘅「寒氣」清走。
養血（裝修佈置）： 肝血同腎精係養起BB嘅關鍵。唔好捱夜（養肝血），食有營養嘅嘢（養脾胃造血）。
通絡（打通道路）： 保持心情舒暢（疏肝氣），適量運動。確保氣血可以順利去到子宮。
呢份備孕指南，請分享俾你身邊所有計劃緊嘅姊妹！
想學習更多深度嘅女性調理智慧？立即追蹤我哋！
#備孕 #懷孕 #暖宮 #宮寒 #子宮 #女性健康 #助孕",2025-11-13 08:46,"草廬 · 香港中醫診所
專注傳統中醫診療
讓中醫承古啟今，讓健康回歸您
隨時隨地管理健康↓ ↓按 ↓ 此↓ ↓ ↓ 瞭↓ ↓解 ↓ ↓",虛弱
grass.hk_,草廬,"起身頭暈、落床腳軟？唔一定係貧血！
有冇試過瞓醒起身，頭一暈、成個人浮？
👉 中醫話：「氣血唔順、頸緊會令腦供血差」，唔一定係貧血。
尤其成日低頭睇電話、睡前滑手機，頸椎長期被「夾實」。
✅ ：起床前先唔好急起，喺床上轉轉頭、伸展手臂 30 秒，等氣血「開返路」。
好多病人話咁樣起身，頭暈即刻少一半。
💬 你朝早起身會唔會成日「眼花」？
#頭暈 #都市痛症 #頸椎問題",2025-11-12 22:02,"草廬 · 香港中醫診所
專注傳統中醫診療
讓中醫承古啟今，讓健康回歸您
隨時隨地管理健康↓ ↓按 ↓ 此↓ ↓ ↓ 瞭↓ ↓解 ↓ ↓",虛弱
grass.hk_,草廬,"食維他命B雜、維C… 點解越食越「上火」？中醫：你可能係「虛不受補」！
為咗健康，好多人日日都食幾粒維他命補充劑。但點解有啲人越食越精神，有啲人反而越食越爆瘡、口乾、瞓得仲差？
你可能係「虛不受補」嘅體質！
▪️ 咩係「虛不受補」： 你嘅身體好似一個塞住咗嘅漏斗。
▪️ 「塞住」： 體內有太多濕氣、痰濕、瘀血等「垃圾」。
▪️ 「漏斗」： 脾胃吸收能力太差。
▪️ 結果： 維他命呢啲「高能量」物質入到嚟，身體根本吸收唔到，只會浮喺上面，變成「火」，導致上火。
你有冇試過食Supplement反而上火？呢個「漏斗比喻」有冇幫你理解？
想學習點樣「清咗垃圾先再補」？立即追蹤我哋，建立正確進補觀！
#維他命 #Supplement #上火 #熱氣 #虛不受補 #濕氣 #中醫智慧",2025-11-12 08:52,"草廬 · 香港中醫診所
專注傳統中醫診療
讓中醫承古啟今，讓健康回歸您
隨時隨地管理健康↓ ↓按 ↓ 此↓ ↓ ↓ 瞭↓ ↓解 ↓ ↓",虛弱
grass.hk_,草廬,"天天吃得「健康」，卻胃一直不舒服？可能是「吃錯時間、錯方式」
沙拉、堅果、冷飲看起來健康，但對脾胃來說，時間與溫度比食材更重要。 中醫常說「食物宜溫」，脾胃喜暖，過多生冷會削弱運化能力。
落地建議（立刻可試）：
1. 早餐別空腹吃冰沙，先喝一杯溫水或溫粥暖胃。
2. 吃堅果/生食要配熟食或晚餐前少量，避免負擔過重。
3. 一週選 2 天「溫補日」：晚餐吃溫熱湯粥，幫脾胃補底力。
一句話提醒：健康的外表不等於「身體吸收得好」。 
若你常吃「看起來健康卻胃不適」，把這篇存起來，下次按順序改 3 天看看變化。
#健康沒那麼表面 #脾胃比外表重要 #溫食養脾",2025-11-11 21:53,"草廬 · 香港中醫診所
專注傳統中醫診療
讓中醫承古啟今，讓健康回歸您
隨時隨地管理健康↓ ↓按 ↓ 此↓ ↓ ↓ 瞭↓ ↓解 ↓ ↓",虛弱
grass.hk_,草廬,"養好「脾胃」唔一定要食補品！3個「零成本」嘅健脾日常習慣！
我哋成日講脾虛會濕重、會肥、會攰。好多人就即刻去食補品，但其實，養脾最好嘅方法，係唔好傷害佢，同埋做啲簡單嘅小事。
【3個零成本健脾法】
「慢」食： 每一啖飯都咬20下以上。細嚼慢嚥，係幫脾胃減輕負擔嘅第一步。
「暖」飲： 嚴格戒除一切凍飲、雪糕。只飲暖水或室溫水，係保護脾胃「陽氣」嘅關鍵。
「摩」腹： 臨瞓前，攤喺床，將手掌搓暖，順時針喺肚臍周圍打圈按摩50-100下，有助腸道蠕動、健脾和胃。
呢3個習慣，你做到幾多樣？留言分享，互相督促！
想學習更多呢類超實用嘅養生技巧？立即追蹤我哋！
#健脾 #脾虛 #養胃 #消化不良 #濕氣 #養生習慣 #零成本",2025-11-11 09:29,"草廬 · 香港中醫診所
專注傳統中醫診療
讓中醫承古啟今，讓健康回歸您
隨時隨地管理健康↓ ↓按 ↓ 此↓ ↓ ↓ 瞭↓ ↓解 ↓ ↓",虛弱
grass.hk_,草廬,"「養生要清淡」？有時太清淡會出事。
很多人為了健康吃得極清淡，
結果越吃越沒力、臉色發白。
中醫說：「脾胃喜溫不喜寒，喜淡不喜淡過頭。」
如果你經常手冷、月經遲、容易疲倦，
過度清淡＝慢性營養不良。
🍲 每週加幾次溫補食材，如薑、枸杞、紅棗，
讓身體重新有「火氣」。
🪷 醫師金句：
「真正的清，是五臟有序，不是味道沒味。」
#食療智慧 #中醫養身 
📩 給那位總說「我唔敢食油」的朋友看看。",2025-11-10 23:02,"草廬 · 香港中醫診所
專注傳統中醫診療
讓中醫承古啟今，讓健康回歸您
隨時隨地管理健康↓ ↓按 ↓ 此↓ ↓ ↓ 瞭↓ ↓解 ↓ ↓",虛弱
grass.hk_,草廬,"致「長期OT」嘅女仔：你嘅「朱古力瘤」，可能係捱夜同壓力「餵」大嘅！
經痛越嚟越嚴重，仲被診斷出有「朱古力瘤」（子宮內膜異位症）？除咗遺傳，你好可能係被你嘅生活方式「攻擊」緊。
中醫認為，朱古力瘤嘅本質係「離經之血」，即係唔乖乖地排出體外、周圍走嘅瘀血。
▪️ 壓力 ➞ 肝氣鬱結： 長期壓力大，肝氣塞車，導致氣滯血瘀。
▪️ 捱夜 ➞ 虛火內燒： 捱夜會耗損陰血，產生虛火。虛火會「烤乾」血液，令佢變得黏稠，更難排出。
▪️ 結果： 「瘀血」積聚喺子宮，日積月累，就形成咗肌瘤或囊腫。
呢篇文，請分享俾你身邊所有努力工作，但唔記得愛錫自己嘅姊妹！
想學習更多疏肝、養血嘅方法？立即追蹤我哋，一齊學習點樣愛自己。
#朱古力瘤 #子宮內膜異位 #經痛 #捱夜 #壓力 #肝氣鬱結 #女性健康",2025-11-10 08:15,"草廬 · 香港中醫診所
專注傳統中醫診療
讓中醫承古啟今，讓健康回歸您
隨時隨地管理健康↓ ↓按 ↓ 此↓ ↓ ↓ 瞭↓ ↓解 ↓ ↓",虛弱
grass.hk_,草廬,"天氣又濕又焗，長者最易腳腫無力
潮濕嘅日子，
你有冇見到屋企老人家成日話「腳腫腫、踏唔實地」？
其實唔止關節老化，
濕氣滯咗落腳，氣血唔通， 所以會腫、會沉、會累。
🍲 衣個時候啱飲赤小豆薏米湯、陳皮煲湯，
利水又唔寒，幫身體「排濕氣」。
湯水唔只係飲俾佢舒服，
係俾佢感覺：你仲記得照顧佢。
#長者保健 #除濕湯水 #草廬",2025-11-09 21:08,"草廬 · 香港中醫診所
專注傳統中醫診療
讓中醫承古啟今，讓健康回歸您
隨時隨地管理健康↓ ↓按 ↓ 此↓ ↓ ↓ 瞭↓ ↓解 ↓ ↓",虛弱
grass.hk_,草廬,"點解人哋「生酮」瘦得快，你一試就M都唔嚟？中醫：你可能餓壞咗個「脾」！
「生酮飲食」、「低碳飲食」係近年大熱嘅減肥法，好多人趨之若鶩。但點解有啲女仔試完，體重係輕咗，但換嚟嘅係月經失調、甚至停經？
中醫睇嘅唔係卡路里，係「氣血」。
▪️ 脾胃係氣血之源： 我哋身體嘅能量（氣血），係靠脾胃消化「五穀水液」（包括碳水化合物）轉化而嚟。
▪️ 極端戒碳嘅後果： 等於唔俾原料脾胃開工，直接餓壞咗呢個「氣血工廠」。 
▪️ 結果： 氣血不足，身體會自動關閉「非必要」嘅生理功能去保命，而「月經」就係第一個被犧牲嘅。
你有冇試過用呢類極端嘅飲食法？你嘅身體有咩反應？
想建立真正健康、唔反彈嘅瘦身觀？立即追蹤我哋，學習養好身體嘅根本！
#生酮飲食 #低碳飲食 #減肥 #停經 #月經失調 #脾虛 #氣血",2025-11-09 09:19,"草廬 · 香港中醫診所
專注傳統中醫診療
讓中醫承古啟今，讓健康回歸您
隨時隨地管理健康↓ ↓按 ↓ 此↓ ↓ ↓ 瞭↓ ↓解 ↓ ↓",虛弱
sui_yat,麥女士,"真係冇諗到，昨日嗰條 threads 咁多朋友關注 🥹
都有唔少人私信問我：「醫師，中醫對黑眼圈有冇幫助？」
其實黑眼圈，唔淨止係瞓得唔夠咁簡單。
我行醫幾十年睇過嘅情況
主要有幾種：
🔹 氣血不足：血色唔夠，送唔到去眼周，好容易望落灰暗冇神。
🔹 腎氣虛弱：腎同眼睛息息相關，腎氣虛就容易有黑眼圈，仲會成日攰、腰痠。
🔹 脾胃失調：飲食唔好、消化唔良，營養去唔到面，皮膚自然冇光澤。
再加埋經常熬夜、工作壓力大，黑眼圈就更明顯。🌿 
中醫調理方法：
 針灸：好似眼周穴位、足三里，幫助行氣活血，改善循環。
 飲食：紅棗、枸杞、黑豆，都係養血補腎嘅好食材。
 習慣：最緊要早啲瞓，唔好長期捱夜。
我想講，身體唔係一朝一夕壞嘅，調理都要一步一步嚟，唔好心急。
只要肯改善習慣，慢慢養，黑眼圈自然會淡，氣色都會好返。",2025-09-11 16:52,"做咗中醫十年八载，可以畀人認脈啦
有心得，但仲學緊，因為身體千變萬化
希望真係幫到你哋 😌",虛弱
muakook_,₊⊹ᰔ命中註定吻上國💉⁺₊⋆,我就是這樣一個可憐的弱女子 一個被田柾國撲面而來的男性荷爾蒙衝擊得昏天黑地語無倫次七葷八素兩眼昏花虛弱得快要暈倒的可憐女人。,2025-09-13 00:43,田柾國全肯定bot .ᐟ.ᐟ.ᐟ 無限溺愛這個國b豬･ᴗ･,虛弱
ndmutsghgate,每日關心三總大門健康狀況,"由前台三軍總醫院麻醉部主治醫師——黃仁智院長，這位擁有豐富軍醫背景的「海軍醫生」所創立的「郁仁診所」，將以其獨特的麻醉科專業背景與功能醫學的宏觀思維，為大安、信義區的高端客群，提供一個截然不同的健康管理選項
more-news.tw/45574…",2025-11-18 22:35,關心三總的大小事！,虛弱
ndmutsghgate,每日關心三總大門健康狀況,"為了找出真正能把「控糖＋控重＋心腎保護」三大任務一次做到位、而且真的能讓病人變健康的醫療隊伍，糖尿病學會這次透過實際臨床從122家院所中，最後，挑選12家。醫院方面為：三軍總醫院、台中榮民總醫院、林口長庚醫院、衛福部台北醫院、新光醫院、高雄新政薪醫院。診所部分則：華謙家醫科診所（宏謙診所）、陳宏麟診所、陳霆昌安糖診所、曾競鋒診所、芯禾診所、博新小兒科家庭醫學診所。
mirrordaily.news/story…",2025-11-17 12:27,關心三總的大小事！,虛弱
ndmutsghgate,每日關心三總大門健康狀況,"空中勤務總隊高雄小港駐地勤務第三大隊第一隊於16時50分接獲勤務指揮中心通報，一名女性病患經三總澎湖分院妥善處置評估病患狀況後，透過衛生福利部空轉後送遠距醫療會診平台啟動後送機制
penghudaily.blogspot.com/2025…",2025-11-17 12:26,關心三總的大小事！,虛弱
ndmutsghgate,每日關心三總大門健康狀況,"國立台灣海洋大學、國防醫學大學與三軍總醫院攜手組成的義診團隊，15日在北竿鄉衛生所舉辦「北竿鄉居民健康促進義診活動」；為北竿鄉親提供多元化的專業醫療服務，從早上9點到下午5點，提供包括眼科、中醫、皮膚科等義診
news.ltn.com.tw/news…",2025-11-16 10:52,關心三總的大小事！,虛弱
ndmutsghgate,每日關心三總大門健康狀況,"余祥銓有加拿大護照，理應不用當兵，但余天說他欠管教，希望他入伍，因此他還是有去三總醫院做體檢，卻因為僵直性脊椎炎當場被驗退，他透露X光照出來骨頭是白色，由於骨頭會沾黏，因此身高會一直變矮
mirrormedia.mg/exter…",2025-11-14 19:00,關心三總的大小事！,虛弱
ndmutsghgate,每日關心三總大門健康狀況,"國軍台中總醫院中清分院最近在三軍總醫院醫師楊志偉指導下，由胃腸肝膽科醫師曾宇辰成功完成首例「大腸內視鏡黏膜下剝離術」，1位70歲女患者透過內視鏡方式完成大腸癌前病變切除
udn.com/news…",2025-11-13 22:03,關心三總的大小事！,虛弱
ndmutsghgate,每日關心三總大門健康狀況,"心臟血管外科醫師專責於人體最關鍵的循環系統，主要處理心臟與血管疾病的外科治療，包括心臟瓣膜疾病、冠狀動脈阻塞心臟繞道、心衰竭、主動脈瘤與主動脈剝離等「急、重、難」病症，往往都是分秒必爭。要成為該領域的職人，必先經過醫學院基礎教育、精實的住院醫師訓練、承擔重責的總醫師角色，才能蛻變為主治醫師，每一階段都是一場深刻的修煉。
【軍旅職人】三總「護心HERO」團隊合作 突破高風險手術挑戰
youtu.be/woFpB…",2025-11-13 22:01,關心三總的大小事！,虛弱
loiul2025,loiul2025,"最近看到有人在討論說
「男生游泳課哪有在看女生身材？
男生只忙著把浮板踩在腳下啦」
嗯……
身為一直在泳池工作的我，真的不能完全同意
因為我高中就親眼看過 不太單純 的例子！
班上有男生偷帶防水相機下水，準備在大家都沒防備的時候「亂拍」
還好體育老師眼睛夠尖，直接攔下來沒收
所以說，女生的擔心不是「自戀」，也不是「想太多」
只要在泳池工作過、帶過學生、看過各種狀況
你就會知道
保持警覺完全合理",2025-12-04 12:27,"海系女孩𓆉
海裡有我最像自己的樣子
Salt water addicted 🌊
swimmer · 海系靈魂 · 晒痕愛好者",動一下就累
loiul2025,loiul2025,"今天在泳池洗澡時，整間盥洗室都被隔壁那位阿嬤逗笑
一打二的小孩在旁邊瘋狂發問：
「阿嬤，妳泳衣太小了啦！」
「阿嬤那我明天還可以來嗎？阿嬤？阿嬤？」
「阿嬤我可以帶鴨鴨來嗎？阿嬤阿嬤阿嬤~~~」
阿嬤忙到快投降，最後直接回一句：
「不要什麼都問我啦！我是阿嬤，不是觀音嬤！」
我差點笑到滑倒，這阿嬤真的給她100分👍🏽",2025-12-02 21:48,"海系女孩𓆉
海裡有我最像自己的樣子
Salt water addicted 🌊
swimmer · 海系靈魂 · 晒痕愛好者",動一下就累
loiul2025,loiul2025,"身為游泳教練，我最常被問的竟然不是課程內容，而是
「欸你會游泳嗎？」
我回答：「會」
他接著追問：「那你都游什麼式？」
我：「主要是——
原地去世
」
（全世界最需要被救生的游泳人就是我本人）",2025-12-01 21:00,"海系女孩𓆉
海裡有我最像自己的樣子
Salt water addicted 🌊
swimmer · 海系靈魂 · 晒痕愛好者",動一下就累
loiul2025,loiul2025,"寵物溝通到底是不是智商稅？
我原本也抱著懷疑態度，直到今年自己遇到一件超玄的事
那天我找了一位寵物溝通師，跟男友的狗狗聊聊天
價錢很合理半小時600 元
她只要求我們給一張照片、電話溝通即可
開場第一句就把我震住：
溝通師：「哺哺有問題想先問姐姐」
我們：「好啊，可以」
溝通師：「姐姐，你為什麼最近都沒去游泳？」
我：當場愣住五秒 😳
因為
我那陣子真的在減肥，泳池就在家對面，每週都會去游泳
但我......從來沒跟任何人講
全世界可能只有我媽跟我弟知道
我努力穩住情緒：「喔…最近工作忙，沒空去」
接著她又補了一句：
「他說你每次游泳回來都有一個鹹鹹的味道，他很喜歡」
我那瞬間真的直接破防
後面的三十分鐘，我把狗狗的每一句話都當聖旨在聽。",2025-11-29 16:00,"海系女孩𓆉
海裡有我最像自己的樣子
Salt water addicted 🌊
swimmer · 海系靈魂 · 晒痕愛好者",動一下就累
ze_.0113,米移,"在學校有點邊緣到超乎我想像了
體育課大家都有朋友一起分組 只有我一個人站在最旁邊
然後有一個男生球打到我的頭 很痛
他沒道歉 撿了球就走
我真的一直哭 我覺得有點撐不下去了
哭了也沒有人注意到我 我自己默默擦眼淚",2025-09-09 10:55,"玩第五的追蹤我都會直接回追哦
戀與/李澤言主推♡",沒體力
ze_.0113,米移,想養貓,2025-09-08 22:37,"玩第五的追蹤我都會直接回追哦
戀與/李澤言主推♡",沒體力
ze_.0113,米移,"到底要怎麼融入同學們？他們都有自己的圈子了啊…
真的很怕到時候分組完全沒人想跟我一起",2025-09-08 11:03,"玩第五的追蹤我都會直接回追哦
戀與/李澤言主推♡",沒體力
ze_.0113,米移,胸悶,2025-09-07 18:57,"玩第五的追蹤我都會直接回追哦
戀與/李澤言主推♡",沒體力
ze_.0113,米移,雖然明天放假了但還是莫名覺得很難過,2025-09-06 00:31,"玩第五的追蹤我都會直接回追哦
戀與/李澤言主推♡",沒體力
ze_.0113,米移,下賽季我想打監管牌子,2025-09-05 23:42,"玩第五的追蹤我都會直接回追哦
戀與/李澤言主推♡",沒體力
ze_.0113,米移,"全知讀者視角你贏了
下課時看小說被同學搭訕說也有看這本
哈哈哈哈哈",2025-09-05 15:09,"玩第五的追蹤我都會直接回追哦
戀與/李澤言主推♡",沒體力
ze_.0113,米移,"：同學你的休學單掉了
：喔！你是說我的「豐原高中」休學單嗎？太感謝你撿到我的「豐原高中」的休學單了，如果沒有這張「豐原高中」的休學單，我就要被迫在「豐原高中」讀高一了，我還要去「豐原高中」的教務處補辦一張「豐原高中」的休學單，真的是太麻煩了。總之，謝謝你撿到我的「豐原高中」休學單。",2025-09-05 12:29,"玩第五的追蹤我都會直接回追哦
戀與/李澤言主推♡",沒體力
ze_.0113,米移,所以到底為什麼他們都能聊這麼開心啊,2025-09-05 11:56,"玩第五的追蹤我都會直接回追哦
戀與/李澤言主推♡",沒體力
ze_.0113,米移,"內個
你次不次轟隆果",2025-09-05 07:59,"玩第五的追蹤我都會直接回追哦
戀與/李澤言主推♡",沒體力
ze_.0113,米移,累得想死,2025-09-04 19:44,"玩第五的追蹤我都會直接回追哦
戀與/李澤言主推♡",沒體力
ze_.0113,米移,"開學第一場考試英文我只考了8分。
被當指日可待",2025-09-04 16:05,"玩第五的追蹤我都會直接回追哦
戀與/李澤言主推♡",沒體力
ze_.0113,米移,"我在學校一直哭
壓力好大
大家都已經是朋友了 只有我一個人
下課、分組、體育課都是這樣
明明才開學第四天而已 為什麼這麼痛苦",2025-09-04 13:53,"玩第五的追蹤我都會直接回追哦
戀與/李澤言主推♡",沒體力
ze_.0113,米移,我想直接衝過去問他要不要加第五好友。,2025-09-03 12:23,"玩第五的追蹤我都會直接回追哦
戀與/李澤言主推♡",沒體力
ze_.0113,米移,"為什麼會有人帶平板來學校救命
好好笑",2025-09-03 11:00,"玩第五的追蹤我都會直接回追哦
戀與/李澤言主推♡",沒體力
ze_.0113,米移,我有點鼠了,2025-09-03 08:52,"玩第五的追蹤我都會直接回追哦
戀與/李澤言主推♡",沒體力
ze_.0113,米移,可以趕快星期五嗎,2025-09-03 07:55,"玩第五的追蹤我都會直接回追哦
戀與/李澤言主推♡",沒體力
ze_.0113,米移,好好笑。我很認真答題欸為什麼0分,2025-09-03 00:03,"玩第五的追蹤我都會直接回追哦
戀與/李澤言主推♡",沒體力
ze_.0113,米移,"我上六階了😳😳💗
玩第五人格第一次嗯嗯嗯很爽",2025-09-02 21:03,"玩第五的追蹤我都會直接回追哦
戀與/李澤言主推♡",沒體力
ze_.0113,米移,"算了我去玩原神。
單機遊戲最適合我這種純良小女孩了🥰",2025-09-02 18:10,"玩第五的追蹤我都會直接回追哦
戀與/李澤言主推♡",沒體力
ze_.0113,米移,"燈燈決定了！
以後留言只要燈燈覺得對有攻擊性，一律封鎖喔！
反正不好好說話也是燈燈不愛的
封鎖也預防他們搞小小燈(ㆀ˘･з･˘)",2025-09-02 16:53,"玩第五的追蹤我都會直接回追哦
戀與/李澤言主推♡",沒體力
ze_.0113,米移,"班上有兩個玩第五的！！
我該怎麼接近他們👁️👁️",2025-09-02 16:02,"玩第五的追蹤我都會直接回追哦
戀與/李澤言主推♡",沒體力
ze_.0113,米移,才開學第二天 我就覺得已經過完人生一半了。,2025-09-02 11:54,"玩第五的追蹤我都會直接回追哦
戀與/李澤言主推♡",沒體力
ze_.0113,米移,救命我也想這樣 但會不會被高中同學排擠😨❓,2025-09-01 12:24,"玩第五的追蹤我都會直接回追哦
戀與/李澤言主推♡",沒體力
ze_.0113,米移,救命吧…高中課本是認真的嗎多到很離譜,2025-09-01 11:57,"玩第五的追蹤我都會直接回追哦
戀與/李澤言主推♡",沒體力
ze_.0113,米移,救命吧我不想上學,2025-08-31 21:49,"玩第五的追蹤我都會直接回追哦
戀與/李澤言主推♡",沒體力
ze_.0113,米移,我不要開學,2025-08-31 16:04,"玩第五的追蹤我都會直接回追哦
戀與/李澤言主推♡",沒體力
ze_.0113,米移,友列們都來跟我聊天好嗎,2025-08-31 01:43,"玩第五的追蹤我都會直接回追哦
戀與/李澤言主推♡",沒體力
ze_.0113,米移,原神空月之歌是怎樣😨現在回坑果然是正確選擇,2025-08-30 23:26,"玩第五的追蹤我都會直接回追哦
戀與/李澤言主推♡",沒體力
ze_.0113,米移,看完鬼滅ㄌ,2025-08-30 16:40,"玩第五的追蹤我都會直接回追哦
戀與/李澤言主推♡",沒體力
ze_.0113,米移,"最近玩第五人格好累
決定重啟原神🔥🔥",2025-08-30 02:06,"玩第五的追蹤我都會直接回追哦
戀與/李澤言主推♡",沒體力
ze_.0113,米移,跟我玩第五人格,2025-08-29 15:40,"玩第五的追蹤我都會直接回追哦
戀與/李澤言主推♡",沒體力
ze_.0113,米移,"有點長我剪給自己爽的因為是末班車
而且我因為這場上了五階一🥰",2025-08-26 22:50,"玩第五的追蹤我都會直接回追哦
戀與/李澤言主推♡",沒體力
ze_.0113,米移,"哈哈哈真的在七夕前戀愛了…
在脆認識他的
交換了IG發現他很好笑
跟我很合得來
我們聊了很多 分享了很多興趣
結束後他跟我告白了…
啊我也很暈所以就答應了
反正沒事幹 不如和我一起複製貼上",2025-08-26 20:14,"玩第五的追蹤我都會直接回追哦
戀與/李澤言主推♡",沒體力
c.note.8,c_note,"怎麼發現的？
這好像從沒分享過，給現在可能無助的你，一點經驗。
我一直是經期準、沒經痛、抹片和HPV甚至健康檢查都正常的人，沒大病也沒家族癌史。
「算是健康的人吧？」
直到去年11月，分泌物變多、像透明白色鼻涕，但不癢不痛。看了3、4次婦科，醫生說是子宮頸糜爛，吃藥就好，我也持續回診5個月。
「拜託，如果三個月沒好，一定要去大醫院檢查！」
今年3月月經來，量異常大，第2天出現鴨血大血塊，棉片半小時就滿，幾乎泡在廁所裡，虛弱又暈。到急診才知血紅素只剩6.5，立刻輸血。
「當經血量大到棉片擋不住時，不要撐，立刻去急診！」
後來檢查，醫生以為是傷口流血，安排電燒縫合。沒想到手術時發現子宮頸有肉瘤，立刻切片、做核磁共振和正子造影。
那時，我還不覺得會是癌症，等報告的兩週也沒再出血，還飛去日本出差，卻又再度大量出血，
我數著剩幾顆止血藥硬撐回台灣，
回國再次進急診—— 卻被宣告子宮頸癌第三期，
胃型黏液腺癌，非HPV感染型。
關於這類型，發病特徵年輕女性未生育過，腫瘤長很快，甚至半年就可以長很大，通常發現時都3、4期，一種少見，且細胞分化很差的基因突變。",2025-10-07 16:58,"癌然，像偶然的日記，突如其來的這一場病，
不只身體的事，是輕描淡寫地說出沉重，用幽默療癒自己。",無助
c.note.8,c_note,"以為化療放療結束就好了嗎？
結束後的一個月，終於回到有點正常的生活
身體不被副作用牽制著
但太天真了
三周一次抽血，指數不降反升
在醫生各種評估判斷下，
又再開始另一階段的化療…..
我難過的是又要再經歷一次化療的辛苦
病也沒有想像中簡單……
這些辛苦真的只有經歷過的人才能理解，
外人不要用一種沒什麼的態度語氣，
說些好好休息敷衍極的關心，
如果不懂的安慰就閉嘴吧 ，是真的不差這個關心。
老實講連加油我也不想聽。",2025-09-25 17:15,"癌然，像偶然的日記，突如其來的這一場病，
不只身體的事，是輕描淡寫地說出沉重，用幽默療癒自己。",無助
yukikazewang,Yukikaze Wang,"國小的時候，我媽驟然過世，在那個剛沒有媽媽的時候，一片混亂，老爸除了每天把錢丟在桌上叫我們自己去買東西吃，我和我妹兩個根本不知道該怎麼辦。
我國小同學知道了，跑來跟我說：我跟我爸說過了，以後你們肚子餓，就來我家吃飯，我們家不怕人家吃，我爸說不算你的錢~~
在兩個小孩不知所措的時候，這樣的恩情我和我妹永遠都忘不了。
後來我們搬家離開了台南，我就和他失去了聯絡。
大概七八年前，我回去小茂屋找他，他還能想起我，我終於有當面跟他說謝謝的機會。
非常謝謝你，我的朋友，我的同學，在那時候對徬徨無助的我們伸出了溫暖的雙手。
這恩情，我這輩子，都還不了你了。
過幾天又到了你的忌日，我還是很想念你，兄弟。",2024-07-09 20:19,"Douter de tout ou tout croire, ce sont deux solutions egalement commodes, qui l'une et l'autre nous dispensent de reflechir.",無助
yukikazewang,Yukikaze Wang,"客戶直接找上Palo Alto 的業務要求對方派原廠工程師下來支援他們的測試。
然後原廠業務又直接把問題拋出來凹我到場協助。
我不是你Palo Alto 家的工程師耶，這設備的問題你們還想推給SI處理嗎？
是不是真的要讓客戶洗臉你們才高興啊？",2024-07-09 14:23,"Douter de tout ou tout croire, ce sont deux solutions egalement commodes, qui l'une et l'autre nous dispensent de reflechir.",無助
yukikazewang,Yukikaze Wang,"我覺得我這輩子，大概都走不出前女友的陰影了。
我一直都有個疑問，如果妳根本就不愛我，為什麼要跟我在一起？
分手是妳提的，傷害是妳給的，委屈是我承受的。
然後我還要被當成妳們那群的笑話來講。
我真的很恨妳，可是又想見妳...",2024-07-08 10:10,"Douter de tout ou tout croire, ce sont deux solutions egalement commodes, qui l'une et l'autre nous dispensent de reflechir.",無助
yukikazewang,Yukikaze Wang,一片寧靜，沒有人的時空才是最棒的...,2024-07-07 22:36,"Douter de tout ou tout croire, ce sont deux solutions egalement commodes, qui l'une et l'autre nous dispensent de reflechir.",無助
yukikazewang,Yukikaze Wang,"每次開TAC和Cisco或Palo Alto中國那邊的客服聯繫時，對方總是很客氣地說：王公您好，這個問題是如何如何，所以根據王公您的問題，我們會依照王公的需求會怎樣怎樣的，然後會需要王公提供什麼樣的log和資訊之類的....
每次講完，我腦海裏面一直王公王公的嗡嗡作響，我都覺得我快要升天了....",2024-07-04 10:54,"Douter de tout ou tout croire, ce sont deux solutions egalement commodes, qui l'une et l'autre nous dispensent de reflechir.",無助
yukikazewang,Yukikaze Wang,"話說以前很流行詐騙集團打電話來家裡，說你家小孩出車禍啊，急需用錢開刀啊；或是你兒子得罪哪個大哥被抓去打啊，然後要多少錢放人的故事。
然後我爸就接到這樣的電話了。
說我在外面跟人家起衝突，被打得亂七八糟，不付錢的話要把我載去山上埋掉。
我爸爸很驚訝地說：你們竟然能抓到我兒子，你們是死了多少人才抓到他的？！",2024-07-02 23:03,"Douter de tout ou tout croire, ce sont deux solutions egalement commodes, qui l'une et l'autre nous dispensent de reflechir.",無助
yukikazewang,Yukikaze Wang,"當年分手後的兩個禮拜，我一個人坐在頂樓，看著那時的血月，回憶著交往時的點點滴滴。
其實，妳根本就沒愛過我，對吧？",2024-07-02 11:36,"Douter de tout ou tout croire, ce sont deux solutions egalement commodes, qui l'une et l'autre nous dispensent de reflechir.",無助
yukikazewang,Yukikaze Wang,那年夏天最寧靜的海...,2024-06-26 13:08,"Douter de tout ou tout croire, ce sont deux solutions egalement commodes, qui l'une et l'autre nous dispensent de reflechir.",無助
yuan_43210,yuan_43210,"正在準備離婚中
想問脆友，有什麼需要特別注意的事嗎？
房子先生自己買的、沒有小孩
離婚的原因是不愛了
正在找租屋準備搬家中
在一起9年，我即將滿33歲，對於未來感到無助與害怕",2025-08-02 21:08,樹洞,無助
yuan_43210,yuan_43210,我的回覆好簡短啊,2025-07-25 23:20,樹洞,無助
yuan_43210,yuan_43210,"Ohana means family. 
Family means nobody gets left behind… or forgotten.
Ohana，就是家人
家人就是沒有人會被放棄，或被遺忘",2025-07-25 22:53,樹洞,無助
kiwi999513,Kiwi,"我的寶貝女兒3/11日在新竹東區OO樂托嬰中心因托育人員人為疏忽，導致趴睡窒息，目前仍在加護病房觀察中，情況相當不樂觀
事後看監視器才發現，竟然讓一個才四個多月剛會翻身的小嬰兒，趴在地墊上將近40分鐘，沒人理她，我試問你們大家誰會這樣對待及照顧小嬰兒
標榜不趴睡，學費還不便宜，實質的照護竟然如此，我很痛心，我很難過也很無助
我可憐的女兒，媽媽愛你，希望你可以撐下去，不要忘記呼吸，不要忘記爸爸媽媽還在這裡，再懇請大家集氣！需要力量渡過難關",2025-03-17 23:16,chinatimes.com,無助
hanachoir_lostumissuwannaholdu,Hanachoir,"買咗uniqlo UTme（Sanrio Characters)了
自己揀咗幾個圖案
俾錢等20分鐘就有了
其實display嗰啲都好睇",2025-11-20 21:10,,無助
hanachoir_lostumissuwannaholdu,Hanachoir,"oceanpark.com.hk/tc/pa…
2025年12月13日 到 2026年8月23日
海洋公園聯乘Sanrio Characters
My Melody同Kuromi打頭陣
下年有布甸狗派對",2025-11-20 11:46,,無助
hanachoir_lostumissuwannaholdu,Hanachoir,想試uniqlo,2025-11-20 08:16,,無助
hanachoir_lostumissuwannaholdu,Hanachoir,"出面咁大風
我都未沉船
我係咪好叻
不過我想沉",2025-11-19 23:02,,無助
hanachoir_lostumissuwannaholdu,Hanachoir,"為什麼男主角明明喜歡布甸狗
為什麼要扮唔識.........
布丁狗的屁屁真的很受歡迎",2025-11-19 22:22,,無助
hanachoir_lostumissuwannaholdu,Hanachoir,原來米国摸蜆樂園都有得換Sanrio痛袋,2025-11-19 20:06,,無助
hanachoir_lostumissuwannaholdu,Hanachoir,"2025年11月19日下午2點32分
我淹沒在充滿尖叫聲的人群中",2025-11-19 14:49,,無助
hanachoir_lostumissuwannaholdu,Hanachoir,"好凍好大風呀
返到屋企要即刻沖涼返上床
屙尿都要快
如果唔係瞓暖張床又會凍返",2025-11-19 11:39,,無助
hanachoir_lostumissuwannaholdu,Hanachoir,"小朋友齊打鳩
反應好冷淡",2025-11-19 09:10,,無助
hanachoir_lostumissuwannaholdu,Hanachoir,"奇趣天地都有Sanrio痛袋
好似同7-11嗰啲都會同一間公司出🤔
仲有來自台灣嘉義的布丁狗
好可愛的說",2025-11-18 21:05,,無助
hanachoir_lostumissuwannaholdu,Hanachoir,香港的7-11已經早一日有貨,2025-11-18 13:06,,無助
hanachoir_lostumissuwannaholdu,Hanachoir,"點解11月中都仲有蚊
我尋晚瞓覺俾蚊咬到瞓唔到🫩
仲要俾佢走甩咗😞",2025-11-17 23:12,,無助
hanachoir_lostumissuwannaholdu,Hanachoir,"鑽石山荷里活廣場
角落生物 白色奇幻聖誕",2025-11-17 21:01,,無助
hanachoir_lostumissuwannaholdu,Hanachoir,"好吧
買了My Melody同布甸狗飯碗
受成街啲人（地盤男人/學生妹/大媽/少女） 都拎住麥當勞套玉桂狗/布甸狗影響
真係好難忍🥵🥵
要大解放一下😤😤
然後又帶佢哋食壽司郎
今次甜品食個粉紅色嘅桃味蒙布朗
配返Melody",2025-11-17 20:42,,無助
hanachoir_lostumissuwannaholdu,Hanachoir,"頭先行過M記
門口企咗個姨姨
不停係咁sell人 $68 入會
見我望住張poster仲sell多我幾句
但佢個迎新禮物好似好吸引但又唔吸引😅",2025-11-17 14:42,,無助
hanachoir_lostumissuwannaholdu,Hanachoir,"My Melody食唔食布甸㗎？
美樂蒂會吃布丁嗎？
媽ㄉ
沒拍到布丁狗的皮炎😅😅
Shit
影唔到布甸狗個屁股😭😭",2025-11-16 22:12,,無助
hanachoir_lostumissuwannaholdu,Hanachoir,"痴線 （17:58）
天星小輪 即班都入唔到閘",2025-11-16 18:00,,無助
hanachoir_lostumissuwannaholdu,Hanachoir,"今日路過梅窩
原來羅馬餐廳改咗星期日唔開😞",2025-11-16 17:20,,無助
hanachoir_lostumissuwannaholdu,Hanachoir,"今日係放肆日
Lunch 叉燒飯  食完個口都少少肥膏 有啲都唔想吐返出嚟
晚餐  豆腐班腩炒河  食完成口都係油
正呀！",2025-11-15 22:00,,無助
hanachoir_lostumissuwannaholdu,Hanachoir,"海港城好多人 好多人（廣東話、國語、日文）都話靚
唔知尖沙咀有咩嘢食 （去親都係美麗華）
海港城玩具反斗城 Sanrio好細 （定一話仲有另一邊？）",2025-11-15 19:34,,無助
hanachoir_lostumissuwannaholdu,Hanachoir,"根據threads嘅定義
9月認識
10月曖昧
11月交往
12月親密接觸
1月分手
現在11月15日了
你們已經交往了嗎
訂了下個月的酒店房間了嗎
想起都令人覺得緊張興奮 心跳也加速了
媽的
可是我連9月的認識還未達成
12月又會是孤獨一人了",2025-11-15 16:38,,無助
hanachoir_lostumissuwannaholdu,Hanachoir,Imagine if 如果我讀女校,2025-11-15 14:15,,無助
hanachoir_lostumissuwannaholdu,Hanachoir,"仲未諗到一陣放工去邊
去尖沙咀玩具反斗城睇Sanrio？
去荷里活廣場睇角落生物？
去旺角無目的咁行街街？
去揾人請我食飯？
去揾人請佢食飯？
周圍去揾女朋友？
同男朋友拖手仔？
去球場睇人打波？
去巴士站睇巴士？",2025-11-15 14:14,,無助
hanachoir_lostumissuwannaholdu,Hanachoir,"好眼瞓
今朝太早起身
總覺得今天會有點不順利
個腦都唔係幾識轉咁 好kick好lag機
我想瞓覺😴",2025-11-15 11:46,,無助
gsweeeeet,吉田翔,"今天的東京早8通勤電車
一樣擠 沒什麼特別
所以來講一下昨天搭車回家的故事
我前面坐著一位阿伯跟一位辣妹
辣妹正在大爆睡
慢慢地她開始往阿伯那邊倒
我看了一下阿伯
他的瞳孔變成了黑洞
我可以從裡面看到恐懼 害怕 無助
阿伯就這樣變成一顆石頭了",2025-06-17 07:40,"半台半日
24y東京社會動物
今天的東京早8通勤電車連載中",無助
gsweeeeet,吉田翔,"聽說吉祥寺是日本網友票選
「東京最想居住的地區」No.1
昨天終於去了一趟
完全認同！！
一邊是超 chill 的服飾文創小店街＋超大公園
另一邊是百貨大集結+商店街+一整條美食的都會區
Ok總有一天我會搬到這",2025-06-16 18:09,"半台半日
24y東京社會動物
今天的東京早8通勤電車連載中",無助
gsweeeeet,吉田翔,"今天的東京早8通勤電車
還是很擠 沒什麼特別
所以來分享一下今天早上遇到的上班族悲劇故事
今天換好襯衫打好領帶後
快速刷牙準備出門
刷完牙漱口
低頭準備吐水🚀
結果我直接把一整口水吐在垂下來的領帶上
如果你剛好在東京早上搭車看到有個上班族領帶濕一片那就是我🫠",2025-06-16 07:42,"半台半日
24y東京社會動物
今天的東京早8通勤電車連載中",無助
gsweeeeet,吉田翔,這裡晚上一定超可怕,2025-06-15 18:52,"半台半日
24y東京社會動物
今天的東京早8通勤電車連載中",無助
gsweeeeet,吉田翔,"剛剛在搭山手線電車回家的途中
電車突然停下來 廣播說有緊急狀況正在確認中
過一段時間後廣播：
「發現有人正在鐵軌上走路」
「正在從大塚往池袋方向奔跑中」
？？？
哇操 竟然有人給我在玩真人版subway surfers？？？
😠",2025-06-14 21:18,"半台半日
24y東京社會動物
今天的東京早8通勤電車連載中",無助
gsweeeeet,吉田翔,"今天的東京早8通勤電車
昨天因為去看牙醫請假週六補班
想說週六早上不會擠也沒什麼特別的
結果我親眼見證了一位坐著的上班族慢慢變成液體的瞬間
他就這樣慢慢地在他座位上融化
週六早上上班還是太辛苦了",2025-06-14 07:45,"半台半日
24y東京社會動物
今天的東京早8通勤電車連載中",無助
gsweeeeet,吉田翔,"今天的東京早8通勤電車
一如往常地擠
今天在轉車的時候看到用生命在擠上車的上班族大叔
用力地用他的屁股往裡面頂
穿著最筆挺的襯衫跟領帶
臉上擺著最😠的😠
上班族通勤通常臉都偏臭但看到這麼😠的😠還是第一次
我不禁笑了出來",2025-06-12 07:40,"半台半日
24y東京社會動物
今天的東京早8通勤電車連載中",無助
gsweeeeet,吉田翔,這是一部關於拉麵的影片,2025-06-11 22:11,"半台半日
24y東京社會動物
今天的東京早8通勤電車連載中",無助
gsweeeeet,吉田翔,"今天的東京早八通勤電車
一樣擠 沒什麼特別
所以來分享一下前天晚上的事
那天跟同事聚餐完走在回家的路上
路上遇到一對看起來像是大學生的男女
兩人隔著一點距離默默地往前走
我就這樣從他們之間穿過去
結果就在我穿越的瞬間
那男生突然開口說
「xx醬，明天見。」
女生轉頭看起來一臉快哭了
我剛好卡在他們正中間
那個當下我完全不該存在於那個空間
彷彿是日劇裡的場景卻被我當場毀了
但到底
他們之間發生什麼事啊！！？
為什麼一句明天見她卻快哭了？？？",2025-06-11 07:41,"半台半日
24y東京社會動物
今天的東京早8通勤電車連載中",無助
gsweeeeet,吉田翔,社畜下班後的三個階段🧟,2025-06-10 21:01,"半台半日
24y東京社會動物
今天的東京早8通勤電車連載中",無助
gsweeeeet,吉田翔,"今天的東京早8通勤電車
還是一樣擠 沒什麼特別的
來分享一個在等轉車時我內心的的糟糕念頭
我平常會在一個人很多的車站轉車
因為不想在門口被站務員硬推上車
我索性就等下一班車
然後每次等的時候
我都會看到剛開走的列車最後面
有位乘務員會把頭探出來
他的臉永遠都是 😐
每天都會有一個超高速地從我面前飛過的😐
然後我總在想如果他經過我面前那一刻我戳一下他臉頰會怎樣
上帝 我是個罪人
但我真的很想戳他臉頰 👇",2025-06-10 07:43,"半台半日
24y東京社會動物
今天的東京早8通勤電車連載中",無助
gsweeeeet,吉田翔,格紋襯衫➕眼鏡的我到底是算小宅男還是阿公,2025-06-09 22:31,"半台半日
24y東京社會動物
今天的東京早8通勤電車連載中",無助
gsweeeeet,吉田翔,"今天的東京早8通勤電車
正常擠 沒什麼特別
但今天比較有趣的是走在往車站的路上
我突然發現前面地上有一灘「噴火過的痕跡」
差點就這麼踩了下去
想說應該是昨天晚上有一場激烈的「酒局下半」
結果一抬頭 
前面也太多噴火痕跡了吧？？
昨天到底是在這裡展開了多激烈的戰鬥！？",2025-06-09 07:37,"半台半日
24y東京社會動物
今天的東京早8通勤電車連載中",無助
gsweeeeet,吉田翔,長谷の潮騒‼️,2025-06-08 18:05,"半台半日
24y東京社會動物
今天的東京早8通勤電車連載中",無助
gsweeeeet,吉田翔,"因為禮拜六上班沒什麼人就沒刮鬍子
上次才說自己是男大生結果一照鏡子完全是上班族大叔",2025-06-07 17:38,"半台半日
24y東京社會動物
今天的東京早8通勤電車連載中",無助
gsweeeeet,吉田翔,"今天的東京早8通勤電車
由於我昨天去看牙醫請假調整成週六補班
第一次體驗週六早8通勤電車 想說應該也不會擠也應該沒什麼特別的
正當我這樣想的時候電車突然晃了一下 我背後的人突然往後倒
直接一個屁拳打在我的屁股上（我為什麼老是被大叔的屁股侵犯？？）
我直接被撞飛 
飛到了外太空 謝謝今天不用上班了",2025-06-07 07:30,"半台半日
24y東京社會動物
今天的東京早8通勤電車連載中",無助
gsweeeeet,吉田翔,這社會要我變成大人 我卻變回了男大生,2025-06-06 12:23,"半台半日
24y東京社會動物
今天的東京早8通勤電車連載中",無助
gsweeeeet,吉田翔,"東京越來越熱
差不多該為夏天做準備了
社畜下班後還是得逛古著！！",2025-06-05 21:03,"半台半日
24y東京社會動物
今天的東京早8通勤電車連載中",無助
gsweeeeet,吉田翔,"今天東京早8通勤電車
還是一樣擠
來說一下我平常一直在想的事情
我每天都得在一個人爆炸多的車站轉車
然後就會出現站務員用全力把人硬推進車廂的名場面
只要一看情況覺得我可能變成那個被推進去的受害者 我就乾脆等下一班
每次站在旁邊看都覺得
這大概是唯一一個工作可以每天用全力推人 沒人生氣還能瀟灑地離開
目前是我轉職第一志願",2025-06-05 07:28,"半台半日
24y東京社會動物
今天的東京早8通勤電車連載中",無助
gsweeeeet,吉田翔,"今天的東京早8通勤電車
一樣擠
但這次旁邊多了一位新NPC
「瘋狂咳嗽哥」（參照下圖）
我現在感覺全身病毒🦠
😠",2025-06-04 07:36,"半台半日
24y東京社會動物
今天的東京早8通勤電車連載中",無助
gsweeeeet,吉田翔,靜靜地藍色地晃動🦋,2025-06-03 20:48,"半台半日
24y東京社會動物
今天的東京早8通勤電車連載中",無助
gsweeeeet,吉田翔,"今天的東京早8通勤電車
就差不多那樣子
所以來講昨天經歷東京早8通勤電車史上最擠的車廂的後續
新宿轉車後基本上就沒那麼多人了
但是還是覺得蠻擠的 
默默站了5分鐘 仔細一想覺得不對啊 這車廂明明那麼空為什麼會這麼擠
結果是旁邊的大哥在低頭滑手機滑到直接貼在我身上😠
結論：習慣真的是很可怕的事 就像我剛剛從擠得像沙琪瑪一樣的車廂走出來我竟然會覺得也就差不多那樣子",2025-06-03 07:46,"半台半日
24y東京社會動物
今天的東京早8通勤電車連載中",無助
sori_mer_,sori_mer_,"誰懂暈
不可能有結果的同性朋友的
無助感",2025-10-11 19:16,,無助
likeit.aomoricity.tw,來趣青森市 Like it Aomori City｜青森市觀光協會,🎏只要游泳♪只要游泳♪,2025-05-02 15:54,"📍青森縣裡面的青森市
⛄世界第一豪雪都市
🚙新幹線、飛機、渡輪都有通
這裡有
・國指定重要無形民俗文化財「青森睡魔祭」
・世界文化遺產「三內丸山遺跡」
・日本三大樹冰的八甲田樹冰
・蘋果、黑醋栗的盛產地
💭
小編沒有上班的時候回覆比較慢，敬請見諒🙏",無助
ariel_0_9_0_5,芳槿 𝐀𝐫𝐢𝐞𝐥,"實習的最後一天才發現醫院教學大樓有超美的景❤️
真的好喜歡我的實習醫院，真的美到我跟我的實習夥伴們都捨不得離開～",2024-09-10 11:47,分享生活的地方🪴,好孤單
issca_0126,issca_0126,"經過咗幾日沉澱想呻幾句
啱啱18歲出嚟做嘢，無啦啦無咗個屋企
屋企人走晒，得返自己一個
有一刻諗點解自己個陣唔係屋企
完全諗唔到屋企人個刻有幾無助
由細到大都係到住，一下子所有回憶都無晒
希望大家好好珍惜眼前人
今晚大家返到屋企就主動攬下屋企人",2025-12-02 11:34,,求救無門
jungletaoyuan,叢林開始Glamping-桃園店,"🍹 大家好我們是叢林開始🌴🌴
我們在台北開了一間叢林開始酒鬼超市 ～～～～
位在信義ATT頂樓 旁邊就是101 ～
準備開幕現正招募中！
這不是一份普通的餐飲工作。 
我們在信義區 ATT 11F 打造台北最嗨的最美的夜晚叢林～
如果你厭倦無聊，歡迎加入我們這群「專業酒鬼」！
🚨 緊急通知： 信義區的施工已接近收尾！ 我們急需優秀夥伴，準備在最快時間內上線營運！
📍 工作地點：台北信義 ATT 4 FUN 11樓（最高視野旁邊就是101唷 ！）
🔥 強力徵求工讀職位（內外場皆有）
外場工讀
烤串手工讀
💰 時薪220起（依職位、能力與經驗）
✨ 福利：
勞健保.提撥6% .團保
供餐、制服、當然有。
上班環境自帶 DJ，每天都是 Party Vibe。
🍻 直接104投履歷：
不用私訊！請投104 履歷即可！
#信義區#餐酒館 #徵才 #叢林酒鬼超市",2025-11-30 14:42,"叢林開始-桃園店
客服Line: jungle999
客服電話：03-4095942
有任何問題麻煩請至官方LINE私訊",厭倦
lung._.0905,˵Devil˵,"我也想要認真的談一場戀愛。。
-
首先以朋友的身分相處
慢慢了解對方 漸漸產生好感
一個正式的告白 穩定的關係
而不是一而再 再而三的換人
我厭倦這種關係
我只想和一個人 一直在一起
每一個約定 都不是嘴上說說
而是真的能做到的承諾
新鮮感過了 繼續找話題
忙了累了 互相包容
有事要溝通 多傾聽對方的意見
看似簡單 但卻很少人能夠做到。",2025-11-18 00:09,該走的總會走 我們都該向前看,厭倦
lung._.0905,˵Devil˵,"不覺得運動會大隊接力沒上場
跑輸卻在下面靠北的人很解嗎",2025-11-06 19:08,該走的總會走 我們都該向前看,厭倦
avivian09_issa,Issa,"2026-2046年間 甚至之後
漸漸不需要工作了
人類被資本控制了一萬多年
地球被舊有的矩陣系統影響
但現在漸漸瓦解了
宇宙光明勢力已經戰勝黑暗
地球的頻率維度也會越來越快提升
一般上班族往後也會慢慢減少
靈性的時代來臨了✨
大家更注重自己的生活和興趣
不再被舊有的矩陣影響
什麼生小孩啊、利益、地位
漸漸會被瓦解⋯⋯
新時代來臨 女性能量會提升
（畢竟男性的能量已經很高了
地球整體能量必須達成一個平衡）
反正大家早就厭倦日復一日的工作
不如好好想想 
自己內心深處到底喜歡做什麼？
往後不再有金錢主義 
不要再當資本的奴隸
兼顧目前工作的同時
去思考自己到底是不是被工作綁一輩子
（因為遲早會被替代掉）
好好體驗自己真正想做的事情
去學會尊重內心的聲音
為自己而活❤️
敬各個正在努力的靈魂們❤️
🌟願此訊息可以幫助你們找回原本的自己",2025-11-21 18:29,,厭倦
